idHotel	name	description	price	id
0	行政套房	行政套房，空间宽敞，配套齐全，尊享舒适入住体验。	584	1
0	大床房	大床房，配备舒适大床，温馨静谧，适合休闲度假。	477	2
0	标准间	标准间，简洁整洁，设施完备，高性价比之选。	294	3
1	标准间	标准间，简洁整洁，设施完备，高性价比之选。	249	4
1	行政套房	行政套房，空间宽敞，配套齐全，尊享舒适入住体验。	632	5
2	大床房	大床房，配备舒适大床，温馨静谧，适合休闲度假。	420	6
2	标准间	标准间，简洁整洁，设施完备，高性价比之选。	317	7
2	行政套房	行政套房，空间宽敞，配套齐全，尊享舒适入住体验。	850	8
3	大床房	大床房，配备舒适大床，温馨静谧，适合休闲度假。	357	9
3	标准间	标准间，简洁整洁，设施完备，高性价比之选。	299	10
4	标准间	标准间，简洁整洁，设施完备，高性价比之选。	204	11
4	行政套房	行政套房，空间宽敞，配套齐全，尊享舒适入住体验。	727	12
5	大床房	大床房，配备舒适大床，温馨静谧，适合休闲度假。	275	13
5	行政套房	行政套房，空间宽敞，配套齐全，尊享舒适入住体验。	523	14
5	标准间	标准间，简洁整洁，设施完备，高性价比之选。	189	15
6	大床房	大床房，配备舒适大床，温馨静谧，适合休闲度假。	409	16
6	标准间	标准间，简洁整洁，设施完备，高性价比之选。	280	17
7	行政套房	行政套房，空间宽敞，配套齐全，尊享舒适入住体验。	566	18
7	标准间	标准间，简洁整洁，设施完备，高性价比之选。	301	19
7	大床房	大床房，配备舒适大床，温馨静谧，适合休闲度假。	432	20
8	行政套房	行政套房，空间宽敞，配套齐全，尊享舒适入住体验。	797	21
8	标准间	标准间，简洁整洁，设施完备，高性价比之选。	181	22
8	大床房	大床房，配备舒适大床，温馨静谧，适合休闲度假。	414	23
9	大床房	大床房，配备舒适大床，温馨静谧，适合休闲度假。	267	24
9	行政套房	行政套房，空间宽敞，配套齐全，尊享舒适入住体验。	741	25
9	标准间	标准间，简洁整洁，设施完备，高性价比之选。	195	26
10	标准间	标准间，简洁整洁，设施完备，高性价比之选。	294	27
10	大床房	大床房，配备舒适大床，温馨静谧，适合休闲度假。	284	28
10	行政套房	行政套房，空间宽敞，配套齐全，尊享舒适入住体验。	818	29
11	标准间	标准间，简洁整洁，设施完备，高性价比之选。	277	30
11	行政套房	行政套房，空间宽敞，配套齐全，尊享舒适入住体验。	702	31
11	大床房	大床房，配备舒适大床，温馨静谧，适合休闲度假。	381	32
12	标准间	标准间，简洁整洁，设施完备，高性价比之选。	271	33
12	行政套房	行政套房，空间宽敞，配套齐全，尊享舒适入住体验。	506	34
12	大床房	大床房，配备舒适大床，温馨静谧，适合休闲度假。	407	35
13	标准间	标准间，简洁整洁，设施完备，高性价比之选。	225	36
13	行政套房	行政套房，空间宽敞，配套齐全，尊享舒适入住体验。	838	37
13	大床房	大床房，配备舒适大床，温馨静谧，适合休闲度假。	300	38
14	行政套房	行政套房，空间宽敞，配套齐全，尊享舒适入住体验。	715	39
14	大床房	大床房，配备舒适大床，温馨静谧，适合休闲度假。	298	40
15	大床房	大床房，配备舒适大床，温馨静谧，适合休闲度假。	441	41
15	行政套房	行政套房，空间宽敞，配套齐全，尊享舒适入住体验。	871	42
15	标准间	标准间，简洁整洁，设施完备，高性价比之选。	195	43
16	标准间	标准间，简洁整洁，设施完备，高性价比之选。	286	44
16	大床房	大床房，配备舒适大床，温馨静谧，适合休闲度假。	368	45
16	行政套房	行政套房，空间宽敞，配套齐全，尊享舒适入住体验。	875	46
17	标准间	标准间，简洁整洁，设施完备，高性价比之选。	288	47
17	行政套房	行政套房，空间宽敞，配套齐全，尊享舒适入住体验。	544	48
17	大床房	大床房，配备舒适大床，温馨静谧，适合休闲度假。	453	49
18	行政套房	行政套房，空间宽敞，配套齐全，尊享舒适入住体验。	826	50
18	标准间	标准间，简洁整洁，设施完备，高性价比之选。	297	51
19	标准间	标准间，简洁整洁，设施完备，高性价比之选。	214	52
19	行政套房	行政套房，空间宽敞，配套齐全，尊享舒适入住体验。	726	53
20	行政套房	行政套房，空间宽敞，配套齐全，尊享舒适入住体验。	599	54
20	大床房	大床房，配备舒适大床，温馨静谧，适合休闲度假。	264	55
21	标准间	标准间，简洁整洁，设施完备，高性价比之选。	286	56
21	大床房	大床房，配备舒适大床，温馨静谧，适合休闲度假。	288	57
21	行政套房	行政套房，空间宽敞，配套齐全，尊享舒适入住体验。	487	58
22	行政套房	行政套房，空间宽敞，配套齐全，尊享舒适入住体验。	664	59
22	标准间	标准间，简洁整洁，设施完备，高性价比之选。	229	60
23	大床房	大床房，配备舒适大床，温馨静谧，适合休闲度假。	262	61
23	行政套房	行政套房，空间宽敞，配套齐全，尊享舒适入住体验。	749	62
24	大床房	大床房，配备舒适大床，温馨静谧，适合休闲度假。	272	63
24	标准间	标准间，简洁整洁，设施完备，高性价比之选。	283	64
25	标准间	标准间，简洁整洁，设施完备，高性价比之选。	254	65
25	行政套房	行政套房，空间宽敞，配套齐全，尊享舒适入住体验。	540	66
26	行政套房	行政套房，空间宽敞，配套齐全，尊享舒适入住体验。	786	67
26	大床房	大床房，配备舒适大床，温馨静谧，适合休闲度假。	378	68
27	标准间	标准间，简洁整洁，设施完备，高性价比之选。	212	69
27	行政套房	行政套房，空间宽敞，配套齐全，尊享舒适入住体验。	486	70
27	大床房	大床房，配备舒适大床，温馨静谧，适合休闲度假。	284	71
28	标准间	标准间，简洁整洁，设施完备，高性价比之选。	286	72
28	大床房	大床房，配备舒适大床，温馨静谧，适合休闲度假。	463	73
29	大床房	大床房，配备舒适大床，温馨静谧，适合休闲度假。	360	74
29	标准间	标准间，简洁整洁，设施完备，高性价比之选。	210	75
30	行政套房	行政套房，空间宽敞，配套齐全，尊享舒适入住体验。	727	76
30	标准间	标准间，简洁整洁，设施完备，高性价比之选。	249	77
31	行政套房	行政套房，空间宽敞，配套齐全，尊享舒适入住体验。	568	78
31	大床房	大床房，配备舒适大床，温馨静谧，适合休闲度假。	284	79
31	标准间	标准间，简洁整洁，设施完备，高性价比之选。	218	80
32	标准间	标准间，简洁整洁，设施完备，高性价比之选。	223	81
32	大床房	大床房，配备舒适大床，温馨静谧，适合休闲度假。	295	82
32	行政套房	行政套房，空间宽敞，配套齐全，尊享舒适入住体验。	796	83
33	大床房	大床房，配备舒适大床，温馨静谧，适合休闲度假。	404	84
33	行政套房	行政套房，空间宽敞，配套齐全，尊享舒适入住体验。	736	85
34	大床房	大床房，配备舒适大床，温馨静谧，适合休闲度假。	363	86
34	行政套房	行政套房，空间宽敞，配套齐全，尊享舒适入住体验。	488	87
34	标准间	标准间，简洁整洁，设施完备，高性价比之选。	258	88
35	行政套房	行政套房，空间宽敞，配套齐全，尊享舒适入住体验。	738	89
35	标准间	标准间，简洁整洁，设施完备，高性价比之选。	270	90
36	行政套房	行政套房，空间宽敞，配套齐全，尊享舒适入住体验。	725	91
36	标准间	标准间，简洁整洁，设施完备，高性价比之选。	311	92
36	大床房	大床房，配备舒适大床，温馨静谧，适合休闲度假。	399	93
37	行政套房	行政套房，空间宽敞，配套齐全，尊享舒适入住体验。	816	94
37	大床房	大床房，配备舒适大床，温馨静谧，适合休闲度假。	477	95
38	行政套房	行政套房，空间宽敞，配套齐全，尊享舒适入住体验。	642	96
38	大床房	大床房，配备舒适大床，温馨静谧，适合休闲度假。	310	97
38	标准间	标准间，简洁整洁，设施完备，高性价比之选。	269	98
39	行政套房	行政套房，空间宽敞，配套齐全，尊享舒适入住体验。	853	99
39	大床房	大床房，配备舒适大床，温馨静谧，适合休闲度假。	432	100
40	大床房	大床房，配备舒适大床，温馨静谧，适合休闲度假。	281	101
40	行政套房	行政套房，空间宽敞，配套齐全，尊享舒适入住体验。	565	102
41	行政套房	行政套房，空间宽敞，配套齐全，尊享舒适入住体验。	831	103
41	标准间	标准间，简洁整洁，设施完备，高性价比之选。	265	104
42	大床房	大床房，配备舒适大床，温馨静谧，适合休闲度假。	302	105
42	行政套房	行政套房，空间宽敞，配套齐全，尊享舒适入住体验。	748	106
43	大床房	大床房，配备舒适大床，温馨静谧，适合休闲度假。	436	107
43	标准间	标准间，简洁整洁，设施完备，高性价比之选。	233	108
44	大床房	大床房，配备舒适大床，温馨静谧，适合休闲度假。	345	109
44	行政套房	行政套房，空间宽敞，配套齐全，尊享舒适入住体验。	811	110
45	大床房	大床房，配备舒适大床，温馨静谧，适合休闲度假。	416	111
45	行政套房	行政套房，空间宽敞，配套齐全，尊享舒适入住体验。	580	112
46	大床房	大床房，配备舒适大床，温馨静谧，适合休闲度假。	431	113
46	行政套房	行政套房，空间宽敞，配套齐全，尊享舒适入住体验。	665	114
47	行政套房	行政套房，空间宽敞，配套齐全，尊享舒适入住体验。	828	115
47	大床房	大床房，配备舒适大床，温馨静谧，适合休闲度假。	319	116
47	标准间	标准间，简洁整洁，设施完备，高性价比之选。	280	117
48	行政套房	行政套房，空间宽敞，配套齐全，尊享舒适入住体验。	537	118
48	标准间	标准间，简洁整洁，设施完备，高性价比之选。	286	119
49	行政套房	行政套房，空间宽敞，配套齐全，尊享舒适入住体验。	782	120
49	大床房	大床房，配备舒适大床，温馨静谧，适合休闲度假。	367	121
49	标准间	标准间，简洁整洁，设施完备，高性价比之选。	315	122
50	大床房	大床房，配备舒适大床，温馨静谧，适合休闲度假。	478	123
50	行政套房	行政套房，空间宽敞，配套齐全，尊享舒适入住体验。	821	124
50	标准间	标准间，简洁整洁，设施完备，高性价比之选。	225	125
51	大床房	大床房，配备舒适大床，温馨静谧，适合休闲度假。	431	126
51	标准间	标准间，简洁整洁，设施完备，高性价比之选。	191	127
51	行政套房	行政套房，空间宽敞，配套齐全，尊享舒适入住体验。	679	128
52	大床房	大床房，配备舒适大床，温馨静谧，适合休闲度假。	441	129
52	行政套房	行政套房，空间宽敞，配套齐全，尊享舒适入住体验。	772	130
52	标准间	标准间，简洁整洁，设施完备，高性价比之选。	216	131
53	标准间	标准间，简洁整洁，设施完备，高性价比之选。	206	132
53	行政套房	行政套房，空间宽敞，配套齐全，尊享舒适入住体验。	628	133
54	标准间	标准间，简洁整洁，设施完备，高性价比之选。	264	134
54	行政套房	行政套房，空间宽敞，配套齐全，尊享舒适入住体验。	618	135
54	大床房	大床房，配备舒适大床，温馨静谧，适合休闲度假。	316	136
55	标准间	标准间，简洁整洁，设施完备，高性价比之选。	222	137
55	行政套房	行政套房，空间宽敞，配套齐全，尊享舒适入住体验。	733	138
55	大床房	大床房，配备舒适大床，温馨静谧，适合休闲度假。	401	139
56	标准间	标准间，简洁整洁，设施完备，高性价比之选。	181	140
56	行政套房	行政套房，空间宽敞，配套齐全，尊享舒适入住体验。	712	141
56	大床房	大床房，配备舒适大床，温馨静谧，适合休闲度假。	368	142
57	行政套房	行政套房，空间宽敞，配套齐全，尊享舒适入住体验。	827	143
57	大床房	大床房，配备舒适大床，温馨静谧，适合休闲度假。	338	144
57	标准间	标准间，简洁整洁，设施完备，高性价比之选。	228	145
58	大床房	大床房，配备舒适大床，温馨静谧，适合休闲度假。	409	146
58	标准间	标准间，简洁整洁，设施完备，高性价比之选。	276	147
59	大床房	大床房，配备舒适大床，温馨静谧，适合休闲度假。	412	148
59	行政套房	行政套房，空间宽敞，配套齐全，尊享舒适入住体验。	720	149
60	标准间	标准间，简洁整洁，设施完备，高性价比之选。	308	150
60	行政套房	行政套房，空间宽敞，配套齐全，尊享舒适入住体验。	751	151
60	大床房	大床房，配备舒适大床，温馨静谧，适合休闲度假。	418	152
61	行政套房	行政套房，空间宽敞，配套齐全，尊享舒适入住体验。	750	153
61	大床房	大床房，配备舒适大床，温馨静谧，适合休闲度假。	283	154
62	标准间	标准间，简洁整洁，设施完备，高性价比之选。	260	155
62	大床房	大床房，配备舒适大床，温馨静谧，适合休闲度假。	261	156
63	标准间	标准间，简洁整洁，设施完备，高性价比之选。	280	157
63	大床房	大床房，配备舒适大床，温馨静谧，适合休闲度假。	459	158
64	标准间	标准间，简洁整洁，设施完备，高性价比之选。	228	159
64	大床房	大床房，配备舒适大床，温馨静谧，适合休闲度假。	300	160
64	行政套房	行政套房，空间宽敞，配套齐全，尊享舒适入住体验。	810	161
65	标准间	标准间，简洁整洁，设施完备，高性价比之选。	242	162
65	大床房	大床房，配备舒适大床，温馨静谧，适合休闲度假。	399	163
66	大床房	大床房，配备舒适大床，温馨静谧，适合休闲度假。	468	164
66	行政套房	行政套房，空间宽敞，配套齐全，尊享舒适入住体验。	537	165
66	标准间	标准间，简洁整洁，设施完备，高性价比之选。	193	166
67	大床房	大床房，配备舒适大床，温馨静谧，适合休闲度假。	396	167
67	标准间	标准间，简洁整洁，设施完备，高性价比之选。	306	168
68	大床房	大床房，配备舒适大床，温馨静谧，适合休闲度假。	456	169
68	标准间	标准间，简洁整洁，设施完备，高性价比之选。	248	170
68	行政套房	行政套房，空间宽敞，配套齐全，尊享舒适入住体验。	834	171
69	大床房	大床房，配备舒适大床，温馨静谧，适合休闲度假。	339	172
69	标准间	标准间，简洁整洁，设施完备，高性价比之选。	225	173
70	标准间	标准间，简洁整洁，设施完备，高性价比之选。	259	174
70	行政套房	行政套房，空间宽敞，配套齐全，尊享舒适入住体验。	764	175
71	大床房	大床房，配备舒适大床，温馨静谧，适合休闲度假。	326	176
71	标准间	标准间，简洁整洁，设施完备，高性价比之选。	193	177
72	大床房	大床房，配备舒适大床，温馨静谧，适合休闲度假。	403	178
72	标准间	标准间，简洁整洁，设施完备，高性价比之选。	198	179
72	行政套房	行政套房，空间宽敞，配套齐全，尊享舒适入住体验。	847	180
73	标准间	标准间，简洁整洁，设施完备，高性价比之选。	190	181
73	大床房	大床房，配备舒适大床，温馨静谧，适合休闲度假。	332	182
74	大床房	大床房，配备舒适大床，温馨静谧，适合休闲度假。	297	183
74	行政套房	行政套房，空间宽敞，配套齐全，尊享舒适入住体验。	696	184
74	标准间	标准间，简洁整洁，设施完备，高性价比之选。	253	185
75	标准间	标准间，简洁整洁，设施完备，高性价比之选。	268	186
75	行政套房	行政套房，空间宽敞，配套齐全，尊享舒适入住体验。	493	187
75	大床房	大床房，配备舒适大床，温馨静谧，适合休闲度假。	440	188
76	行政套房	行政套房，空间宽敞，配套齐全，尊享舒适入住体验。	568	189
76	标准间	标准间，简洁整洁，设施完备，高性价比之选。	285	190
76	大床房	大床房，配备舒适大床，温馨静谧，适合休闲度假。	293	191
77	大床房	大床房，配备舒适大床，温馨静谧，适合休闲度假。	274	192
77	标准间	标准间，简洁整洁，设施完备，高性价比之选。	269	193
78	行政套房	行政套房，空间宽敞，配套齐全，尊享舒适入住体验。	699	194
78	大床房	大床房，配备舒适大床，温馨静谧，适合休闲度假。	396	195
79	大床房	大床房，配备舒适大床，温馨静谧，适合休闲度假。	432	196
79	行政套房	行政套房，空间宽敞，配套齐全，尊享舒适入住体验。	554	197
79	标准间	标准间，简洁整洁，设施完备，高性价比之选。	262	198
80	大床房	大床房，配备舒适大床，温馨静谧，适合休闲度假。	366	199
80	标准间	标准间，简洁整洁，设施完备，高性价比之选。	204	200
81	标准间	标准间，简洁整洁，设施完备，高性价比之选。	306	201
81	行政套房	行政套房，空间宽敞，配套齐全，尊享舒适入住体验。	670	202
81	大床房	大床房，配备舒适大床，温馨静谧，适合休闲度假。	453	203
82	标准间	标准间，简洁整洁，设施完备，高性价比之选。	245	204
82	行政套房	行政套房，空间宽敞，配套齐全，尊享舒适入住体验。	709	205
82	大床房	大床房，配备舒适大床，温馨静谧，适合休闲度假。	396	206
83	大床房	大床房，配备舒适大床，温馨静谧，适合休闲度假。	344	207
83	行政套房	行政套房，空间宽敞，配套齐全，尊享舒适入住体验。	862	208
84	标准间	标准间，简洁整洁，设施完备，高性价比之选。	296	209
84	行政套房	行政套房，空间宽敞，配套齐全，尊享舒适入住体验。	689	210
84	大床房	大床房，配备舒适大床，温馨静谧，适合休闲度假。	273	211
85	行政套房	行政套房，空间宽敞，配套齐全，尊享舒适入住体验。	709	212
85	大床房	大床房，配备舒适大床，温馨静谧，适合休闲度假。	264	213
86	标准间	标准间，简洁整洁，设施完备，高性价比之选。	320	214
86	大床房	大床房，配备舒适大床，温馨静谧，适合休闲度假。	300	215
87	标准间	标准间，简洁整洁，设施完备，高性价比之选。	214	216
87	大床房	大床房，配备舒适大床，温馨静谧，适合休闲度假。	399	217
87	行政套房	行政套房，空间宽敞，配套齐全，尊享舒适入住体验。	788	218
88	大床房	大床房，配备舒适大床，温馨静谧，适合休闲度假。	304	219
88	标准间	标准间，简洁整洁，设施完备，高性价比之选。	316	220
89	大床房	大床房，配备舒适大床，温馨静谧，适合休闲度假。	416	221
89	行政套房	行政套房，空间宽敞，配套齐全，尊享舒适入住体验。	827	222
89	标准间	标准间，简洁整洁，设施完备，高性价比之选。	313	223
90	标准间	标准间，简洁整洁，设施完备，高性价比之选。	181	224
90	行政套房	行政套房，空间宽敞，配套齐全，尊享舒适入住体验。	642	225
91	行政套房	行政套房，空间宽敞，配套齐全，尊享舒适入住体验。	668	226
91	标准间	标准间，简洁整洁，设施完备，高性价比之选。	194	227
92	大床房	大床房，配备舒适大床，温馨静谧，适合休闲度假。	363	228
92	标准间	标准间，简洁整洁，设施完备，高性价比之选。	232	229
93	行政套房	行政套房，空间宽敞，配套齐全，尊享舒适入住体验。	828	230
93	大床房	大床房，配备舒适大床，温馨静谧，适合休闲度假。	315	231
93	标准间	标准间，简洁整洁，设施完备，高性价比之选。	186	232
94	大床房	大床房，配备舒适大床，温馨静谧，适合休闲度假。	433	233
94	行政套房	行政套房，空间宽敞，配套齐全，尊享舒适入住体验。	567	234
95	标准间	标准间，简洁整洁，设施完备，高性价比之选。	247	235
95	大床房	大床房，配备舒适大床，温馨静谧，适合休闲度假。	272	236
96	大床房	大床房，配备舒适大床，温馨静谧，适合休闲度假。	300	237
96	行政套房	行政套房，空间宽敞，配套齐全，尊享舒适入住体验。	731	238
97	标准间	标准间，简洁整洁，设施完备，高性价比之选。	216	239
97	行政套房	行政套房，空间宽敞，配套齐全，尊享舒适入住体验。	805	240
97	大床房	大床房，配备舒适大床，温馨静谧，适合休闲度假。	339	241
98	标准间	标准间，简洁整洁，设施完备，高性价比之选。	185	242
98	大床房	大床房，配备舒适大床，温馨静谧，适合休闲度假。	382	243
98	行政套房	行政套房，空间宽敞，配套齐全，尊享舒适入住体验。	680	244
99	大床房	大床房，配备舒适大床，温馨静谧，适合休闲度假。	455	245
99	行政套房	行政套房，空间宽敞，配套齐全，尊享舒适入住体验。	493	246
100	标准间	标准间，简洁整洁，设施完备，高性价比之选。	194	247
100	行政套房	行政套房，空间宽敞，配套齐全，尊享舒适入住体验。	600	248
100	大床房	大床房，配备舒适大床，温馨静谧，适合休闲度假。	329	249
101	行政套房	行政套房，空间宽敞，配套齐全，尊享舒适入住体验。	778	250
101	标准间	标准间，简洁整洁，设施完备，高性价比之选。	283	251
102	行政套房	行政套房，空间宽敞，配套齐全，尊享舒适入住体验。	691	252
102	大床房	大床房，配备舒适大床，温馨静谧，适合休闲度假。	331	253
103	行政套房	行政套房，空间宽敞，配套齐全，尊享舒适入住体验。	505	254
103	大床房	大床房，配备舒适大床，温馨静谧，适合休闲度假。	341	255
104	大床房	大床房，配备舒适大床，温馨静谧，适合休闲度假。	445	256
104	标准间	标准间，简洁整洁，设施完备，高性价比之选。	300	257
104	行政套房	行政套房，空间宽敞，配套齐全，尊享舒适入住体验。	611	258
105	标准间	标准间，简洁整洁，设施完备，高性价比之选。	199	259
105	行政套房	行政套房，空间宽敞，配套齐全，尊享舒适入住体验。	724	260
106	大床房	大床房，配备舒适大床，温馨静谧，适合休闲度假。	322	261
106	行政套房	行政套房，空间宽敞，配套齐全，尊享舒适入住体验。	512	262
106	标准间	标准间，简洁整洁，设施完备，高性价比之选。	261	263
107	标准间	标准间，简洁整洁，设施完备，高性价比之选。	310	264
107	大床房	大床房，配备舒适大床，温馨静谧，适合休闲度假。	460	265
107	行政套房	行政套房，空间宽敞，配套齐全，尊享舒适入住体验。	862	266
108	大床房	大床房，配备舒适大床，温馨静谧，适合休闲度假。	312	267
108	行政套房	行政套房，空间宽敞，配套齐全，尊享舒适入住体验。	625	268
108	标准间	标准间，简洁整洁，设施完备，高性价比之选。	309	269
109	标准间	标准间，简洁整洁，设施完备，高性价比之选。	296	270
109	大床房	大床房，配备舒适大床，温馨静谧，适合休闲度假。	433	271
110	大床房	大床房，配备舒适大床，温馨静谧，适合休闲度假。	395	272
110	行政套房	行政套房，空间宽敞，配套齐全，尊享舒适入住体验。	492	273
110	标准间	标准间，简洁整洁，设施完备，高性价比之选。	207	274
111	标准间	标准间，简洁整洁，设施完备，高性价比之选。	278	275
111	行政套房	行政套房，空间宽敞，配套齐全，尊享舒适入住体验。	663	276
112	行政套房	行政套房，空间宽敞，配套齐全，尊享舒适入住体验。	609	277
112	大床房	大床房，配备舒适大床，温馨静谧，适合休闲度假。	378	278
112	标准间	标准间，简洁整洁，设施完备，高性价比之选。	189	279
113	大床房	大床房，配备舒适大床，温馨静谧，适合休闲度假。	476	280
113	标准间	标准间，简洁整洁，设施完备，高性价比之选。	308	281
114	行政套房	行政套房，空间宽敞，配套齐全，尊享舒适入住体验。	507	282
114	大床房	大床房，配备舒适大床，温馨静谧，适合休闲度假。	264	283
114	标准间	标准间，简洁整洁，设施完备，高性价比之选。	258	284
115	大床房	大床房，配备舒适大床，温馨静谧，适合休闲度假。	280	285
115	行政套房	行政套房，空间宽敞，配套齐全，尊享舒适入住体验。	586	286
116	标准间	标准间，简洁整洁，设施完备，高性价比之选。	262	287
116	行政套房	行政套房，空间宽敞，配套齐全，尊享舒适入住体验。	814	288
116	大床房	大床房，配备舒适大床，温馨静谧，适合休闲度假。	408	289
117	行政套房	行政套房，空间宽敞，配套齐全，尊享舒适入住体验。	758	290
117	标准间	标准间，简洁整洁，设施完备，高性价比之选。	315	291
118	标准间	标准间，简洁整洁，设施完备，高性价比之选。	308	292
118	大床房	大床房，配备舒适大床，温馨静谧，适合休闲度假。	326	293
119	行政套房	行政套房，空间宽敞，配套齐全，尊享舒适入住体验。	814	294
119	标准间	标准间，简洁整洁，设施完备，高性价比之选。	240	295
120	行政套房	行政套房，空间宽敞，配套齐全，尊享舒适入住体验。	836	296
120	大床房	大床房，配备舒适大床，温馨静谧，适合休闲度假。	316	297
120	标准间	标准间，简洁整洁，设施完备，高性价比之选。	236	298
121	大床房	大床房，配备舒适大床，温馨静谧，适合休闲度假。	353	299
121	标准间	标准间，简洁整洁，设施完备，高性价比之选。	191	300
122	标准间	标准间，简洁整洁，设施完备，高性价比之选。	249	301
122	大床房	大床房，配备舒适大床，温馨静谧，适合休闲度假。	302	302
123	大床房	大床房，配备舒适大床，温馨静谧，适合休闲度假。	454	303
123	行政套房	行政套房，空间宽敞，配套齐全，尊享舒适入住体验。	593	304
123	标准间	标准间，简洁整洁，设施完备，高性价比之选。	242	305
124	大床房	大床房，配备舒适大床，温馨静谧，适合休闲度假。	387	306
124	标准间	标准间，简洁整洁，设施完备，高性价比之选。	224	307
124	行政套房	行政套房，空间宽敞，配套齐全，尊享舒适入住体验。	673	308
125	标准间	标准间，简洁整洁，设施完备，高性价比之选。	254	309
125	大床房	大床房，配备舒适大床，温馨静谧，适合休闲度假。	327	310
126	大床房	大床房，配备舒适大床，温馨静谧，适合休闲度假。	353	311
126	标准间	标准间，简洁整洁，设施完备，高性价比之选。	272	312
127	标准间	标准间，简洁整洁，设施完备，高性价比之选。	250	313
127	大床房	大床房，配备舒适大床，温馨静谧，适合休闲度假。	480	314
128	大床房	大床房，配备舒适大床，温馨静谧，适合休闲度假。	356	315
128	标准间	标准间，简洁整洁，设施完备，高性价比之选。	217	316
129	大床房	大床房，配备舒适大床，温馨静谧，适合休闲度假。	379	317
129	行政套房	行政套房，空间宽敞，配套齐全，尊享舒适入住体验。	710	318
129	标准间	标准间，简洁整洁，设施完备，高性价比之选。	203	319
130	大床房	大床房，配备舒适大床，温馨静谧，适合休闲度假。	447	320
130	行政套房	行政套房，空间宽敞，配套齐全，尊享舒适入住体验。	631	321
130	标准间	标准间，简洁整洁，设施完备，高性价比之选。	304	322
131	行政套房	行政套房，空间宽敞，配套齐全，尊享舒适入住体验。	587	323
131	大床房	大床房，配备舒适大床，温馨静谧，适合休闲度假。	278	324
131	标准间	标准间，简洁整洁，设施完备，高性价比之选。	249	325
132	大床房	大床房，配备舒适大床，温馨静谧，适合休闲度假。	478	326
132	行政套房	行政套房，空间宽敞，配套齐全，尊享舒适入住体验。	588	327
133	标准间	标准间，简洁整洁，设施完备，高性价比之选。	203	328
133	行政套房	行政套房，空间宽敞，配套齐全，尊享舒适入住体验。	713	329
134	标准间	标准间，简洁整洁，设施完备，高性价比之选。	204	330
134	大床房	大床房，配备舒适大床，温馨静谧，适合休闲度假。	275	331
135	大床房	大床房，配备舒适大床，温馨静谧，适合休闲度假。	374	332
135	行政套房	行政套房，空间宽敞，配套齐全，尊享舒适入住体验。	786	333
135	标准间	标准间，简洁整洁，设施完备，高性价比之选。	217	334
136	标准间	标准间，简洁整洁，设施完备，高性价比之选。	271	335
136	大床房	大床房，配备舒适大床，温馨静谧，适合休闲度假。	349	336
136	行政套房	行政套房，空间宽敞，配套齐全，尊享舒适入住体验。	586	337
137	行政套房	行政套房，空间宽敞，配套齐全，尊享舒适入住体验。	600	338
137	大床房	大床房，配备舒适大床，温馨静谧，适合休闲度假。	301	339
138	行政套房	行政套房，空间宽敞，配套齐全，尊享舒适入住体验。	838	340
138	大床房	大床房，配备舒适大床，温馨静谧，适合休闲度假。	342	341
139	行政套房	行政套房，空间宽敞，配套齐全，尊享舒适入住体验。	700	342
139	标准间	标准间，简洁整洁，设施完备，高性价比之选。	261	343
139	大床房	大床房，配备舒适大床，温馨静谧，适合休闲度假。	473	344
140	行政套房	行政套房，空间宽敞，配套齐全，尊享舒适入住体验。	502	345
140	标准间	标准间，简洁整洁，设施完备，高性价比之选。	296	346
141	行政套房	行政套房，空间宽敞，配套齐全，尊享舒适入住体验。	662	347
141	标准间	标准间，简洁整洁，设施完备，高性价比之选。	197	348
141	大床房	大床房，配备舒适大床，温馨静谧，适合休闲度假。	422	349
142	行政套房	行政套房，空间宽敞，配套齐全，尊享舒适入住体验。	825	350
142	大床房	大床房，配备舒适大床，温馨静谧，适合休闲度假。	447	351
143	大床房	大床房，配备舒适大床，温馨静谧，适合休闲度假。	298	352
143	标准间	标准间，简洁整洁，设施完备，高性价比之选。	245	353
144	行政套房	行政套房，空间宽敞，配套齐全，尊享舒适入住体验。	681	354
144	标准间	标准间，简洁整洁，设施完备，高性价比之选。	266	355
144	大床房	大床房，配备舒适大床，温馨静谧，适合休闲度假。	368	356
145	行政套房	行政套房，空间宽敞，配套齐全，尊享舒适入住体验。	684	357
145	标准间	标准间，简洁整洁，设施完备，高性价比之选。	311	358
145	大床房	大床房，配备舒适大床，温馨静谧，适合休闲度假。	361	359
146	大床房	大床房，配备舒适大床，温馨静谧，适合休闲度假。	378	360
146	标准间	标准间，简洁整洁，设施完备，高性价比之选。	232	361
147	行政套房	行政套房，空间宽敞，配套齐全，尊享舒适入住体验。	821	362
147	大床房	大床房，配备舒适大床，温馨静谧，适合休闲度假。	397	363
148	大床房	大床房，配备舒适大床，温馨静谧，适合休闲度假。	457	364
148	标准间	标准间，简洁整洁，设施完备，高性价比之选。	252	365
148	行政套房	行政套房，空间宽敞，配套齐全，尊享舒适入住体验。	704	366
149	行政套房	行政套房，空间宽敞，配套齐全，尊享舒适入住体验。	553	367
149	标准间	标准间，简洁整洁，设施完备，高性价比之选。	304	368
150	标准间	标准间，简洁整洁，设施完备，高性价比之选。	226	369
150	行政套房	行政套房，空间宽敞，配套齐全，尊享舒适入住体验。	568	370
151	行政套房	行政套房，空间宽敞，配套齐全，尊享舒适入住体验。	768	371
151	大床房	大床房，配备舒适大床，温馨静谧，适合休闲度假。	407	372
151	标准间	标准间，简洁整洁，设施完备，高性价比之选。	294	373
152	行政套房	行政套房，空间宽敞，配套齐全，尊享舒适入住体验。	547	374
152	标准间	标准间，简洁整洁，设施完备，高性价比之选。	236	375
153	行政套房	行政套房，空间宽敞，配套齐全，尊享舒适入住体验。	711	376
153	标准间	标准间，简洁整洁，设施完备，高性价比之选。	276	377
153	大床房	大床房，配备舒适大床，温馨静谧，适合休闲度假。	427	378
154	行政套房	行政套房，空间宽敞，配套齐全，尊享舒适入住体验。	788	379
154	标准间	标准间，简洁整洁，设施完备，高性价比之选。	303	380
154	大床房	大床房，配备舒适大床，温馨静谧，适合休闲度假。	403	381
155	标准间	标准间，简洁整洁，设施完备，高性价比之选。	315	382
155	大床房	大床房，配备舒适大床，温馨静谧，适合休闲度假。	294	383
155	行政套房	行政套房，空间宽敞，配套齐全，尊享舒适入住体验。	719	384
156	行政套房	行政套房，空间宽敞，配套齐全，尊享舒适入住体验。	500	385
156	大床房	大床房，配备舒适大床，温馨静谧，适合休闲度假。	367	386
156	标准间	标准间，简洁整洁，设施完备，高性价比之选。	290	387
157	大床房	大床房，配备舒适大床，温馨静谧，适合休闲度假。	293	388
157	标准间	标准间，简洁整洁，设施完备，高性价比之选。	242	389
158	大床房	大床房，配备舒适大床，温馨静谧，适合休闲度假。	473	390
158	标准间	标准间，简洁整洁，设施完备，高性价比之选。	196	391
159	标准间	标准间，简洁整洁，设施完备，高性价比之选。	290	392
159	大床房	大床房，配备舒适大床，温馨静谧，适合休闲度假。	355	393
160	行政套房	行政套房，空间宽敞，配套齐全，尊享舒适入住体验。	760	394
160	标准间	标准间，简洁整洁，设施完备，高性价比之选。	296	395
161	标准间	标准间，简洁整洁，设施完备，高性价比之选。	275	396
161	行政套房	行政套房，空间宽敞，配套齐全，尊享舒适入住体验。	600	397
162	标准间	标准间，简洁整洁，设施完备，高性价比之选。	256	398
162	大床房	大床房，配备舒适大床，温馨静谧，适合休闲度假。	382	399
163	标准间	标准间，简洁整洁，设施完备，高性价比之选。	283	400
163	大床房	大床房，配备舒适大床，温馨静谧，适合休闲度假。	351	401
163	行政套房	行政套房，空间宽敞，配套齐全，尊享舒适入住体验。	496	402
164	大床房	大床房，配备舒适大床，温馨静谧，适合休闲度假。	373	403
164	标准间	标准间，简洁整洁，设施完备，高性价比之选。	209	404
165	大床房	大床房，配备舒适大床，温馨静谧，适合休闲度假。	467	405
165	标准间	标准间，简洁整洁，设施完备，高性价比之选。	205	406
165	行政套房	行政套房，空间宽敞，配套齐全，尊享舒适入住体验。	620	407
166	标准间	标准间，简洁整洁，设施完备，高性价比之选。	304	408
166	大床房	大床房，配备舒适大床，温馨静谧，适合休闲度假。	384	409
166	行政套房	行政套房，空间宽敞，配套齐全，尊享舒适入住体验。	553	410
167	大床房	大床房，配备舒适大床，温馨静谧，适合休闲度假。	276	411
167	标准间	标准间，简洁整洁，设施完备，高性价比之选。	277	412
167	行政套房	行政套房，空间宽敞，配套齐全，尊享舒适入住体验。	649	413
168	大床房	大床房，配备舒适大床，温馨静谧，适合休闲度假。	466	414
168	行政套房	行政套房，空间宽敞，配套齐全，尊享舒适入住体验。	693	415
169	大床房	大床房，配备舒适大床，温馨静谧，适合休闲度假。	420	416
169	标准间	标准间，简洁整洁，设施完备，高性价比之选。	195	417
169	行政套房	行政套房，空间宽敞，配套齐全，尊享舒适入住体验。	707	418
170	标准间	标准间，简洁整洁，设施完备，高性价比之选。	237	419
170	大床房	大床房，配备舒适大床，温馨静谧，适合休闲度假。	433	420
170	行政套房	行政套房，空间宽敞，配套齐全，尊享舒适入住体验。	878	421
171	标准间	标准间，简洁整洁，设施完备，高性价比之选。	259	422
171	行政套房	行政套房，空间宽敞，配套齐全，尊享舒适入住体验。	859	423
171	大床房	大床房，配备舒适大床，温馨静谧，适合休闲度假。	397	424
172	大床房	大床房，配备舒适大床，温馨静谧，适合休闲度假。	476	425
172	标准间	标准间，简洁整洁，设施完备，高性价比之选。	243	426
172	行政套房	行政套房，空间宽敞，配套齐全，尊享舒适入住体验。	605	427
173	行政套房	行政套房，空间宽敞，配套齐全，尊享舒适入住体验。	680	428
173	大床房	大床房，配备舒适大床，温馨静谧，适合休闲度假。	446	429
173	标准间	标准间，简洁整洁，设施完备，高性价比之选。	208	430
174	行政套房	行政套房，空间宽敞，配套齐全，尊享舒适入住体验。	738	431
174	标准间	标准间，简洁整洁，设施完备，高性价比之选。	180	432
174	大床房	大床房，配备舒适大床，温馨静谧，适合休闲度假。	285	433
175	大床房	大床房，配备舒适大床，温馨静谧，适合休闲度假。	475	434
175	标准间	标准间，简洁整洁，设施完备，高性价比之选。	254	435
175	行政套房	行政套房，空间宽敞，配套齐全，尊享舒适入住体验。	569	436
176	大床房	大床房，配备舒适大床，温馨静谧，适合休闲度假。	295	437
176	行政套房	行政套房，空间宽敞，配套齐全，尊享舒适入住体验。	550	438
176	标准间	标准间，简洁整洁，设施完备，高性价比之选。	242	439
177	大床房	大床房，配备舒适大床，温馨静谧，适合休闲度假。	387	440
177	标准间	标准间，简洁整洁，设施完备，高性价比之选。	226	441
178	行政套房	行政套房，空间宽敞，配套齐全，尊享舒适入住体验。	604	442
178	标准间	标准间，简洁整洁，设施完备，高性价比之选。	209	443
178	大床房	大床房，配备舒适大床，温馨静谧，适合休闲度假。	306	444
179	行政套房	行政套房，空间宽敞，配套齐全，尊享舒适入住体验。	541	445
179	大床房	大床房，配备舒适大床，温馨静谧，适合休闲度假。	436	446
180	标准间	标准间，简洁整洁，设施完备，高性价比之选。	301	447
180	行政套房	行政套房，空间宽敞，配套齐全，尊享舒适入住体验。	599	448
180	大床房	大床房，配备舒适大床，温馨静谧，适合休闲度假。	385	449
181	大床房	大床房，配备舒适大床，温馨静谧，适合休闲度假。	281	450
181	行政套房	行政套房，空间宽敞，配套齐全，尊享舒适入住体验。	572	451
182	大床房	大床房，配备舒适大床，温馨静谧，适合休闲度假。	333	452
182	行政套房	行政套房，空间宽敞，配套齐全，尊享舒适入住体验。	880	453
183	大床房	大床房，配备舒适大床，温馨静谧，适合休闲度假。	365	454
183	标准间	标准间，简洁整洁，设施完备，高性价比之选。	292	455
183	行政套房	行政套房，空间宽敞，配套齐全，尊享舒适入住体验。	729	456
184	标准间	标准间，简洁整洁，设施完备，高性价比之选。	196	457
184	行政套房	行政套房，空间宽敞，配套齐全，尊享舒适入住体验。	743	458
185	标准间	标准间，简洁整洁，设施完备，高性价比之选。	312	459
185	大床房	大床房，配备舒适大床，温馨静谧，适合休闲度假。	461	460
186	标准间	标准间，简洁整洁，设施完备，高性价比之选。	268	461
186	大床房	大床房，配备舒适大床，温馨静谧，适合休闲度假。	361	462
187	标准间	标准间，简洁整洁，设施完备，高性价比之选。	289	463
187	大床房	大床房，配备舒适大床，温馨静谧，适合休闲度假。	267	464
188	大床房	大床房，配备舒适大床，温馨静谧，适合休闲度假。	410	465
188	标准间	标准间，简洁整洁，设施完备，高性价比之选。	201	466
189	大床房	大床房，配备舒适大床，温馨静谧，适合休闲度假。	278	467
189	标准间	标准间，简洁整洁，设施完备，高性价比之选。	275	468
190	标准间	标准间，简洁整洁，设施完备，高性价比之选。	196	469
190	行政套房	行政套房，空间宽敞，配套齐全，尊享舒适入住体验。	489	470
191	行政套房	行政套房，空间宽敞，配套齐全，尊享舒适入住体验。	790	471
191	大床房	大床房，配备舒适大床，温馨静谧，适合休闲度假。	406	472
192	标准间	标准间，简洁整洁，设施完备，高性价比之选。	199	473
192	大床房	大床房，配备舒适大床，温馨静谧，适合休闲度假。	388	474
192	行政套房	行政套房，空间宽敞，配套齐全，尊享舒适入住体验。	645	475
193	标准间	标准间，简洁整洁，设施完备，高性价比之选。	205	476
193	大床房	大床房，配备舒适大床，温馨静谧，适合休闲度假。	380	477
193	行政套房	行政套房，空间宽敞，配套齐全，尊享舒适入住体验。	790	478
194	大床房	大床房，配备舒适大床，温馨静谧，适合休闲度假。	275	479
194	行政套房	行政套房，空间宽敞，配套齐全，尊享舒适入住体验。	650	480
195	行政套房	行政套房，空间宽敞，配套齐全，尊享舒适入住体验。	829	481
195	大床房	大床房，配备舒适大床，温馨静谧，适合休闲度假。	271	482
196	行政套房	行政套房，空间宽敞，配套齐全，尊享舒适入住体验。	675	483
196	大床房	大床房，配备舒适大床，温馨静谧，适合休闲度假。	406	484
196	标准间	标准间，简洁整洁，设施完备，高性价比之选。	237	485
197	行政套房	行政套房，空间宽敞，配套齐全，尊享舒适入住体验。	823	486
197	标准间	标准间，简洁整洁，设施完备，高性价比之选。	196	487
198	大床房	大床房，配备舒适大床，温馨静谧，适合休闲度假。	380	488
198	行政套房	行政套房，空间宽敞，配套齐全，尊享舒适入住体验。	614	489
198	标准间	标准间，简洁整洁，设施完备，高性价比之选。	252	490
199	行政套房	行政套房，空间宽敞，配套齐全，尊享舒适入住体验。	743	491
199	大床房	大床房，配备舒适大床，温馨静谧，适合休闲度假。	455	492
199	标准间	标准间，简洁整洁，设施完备，高性价比之选。	190	493
200	标准间	标准间，简洁整洁，设施完备，高性价比之选。	290	494
200	大床房	大床房，配备舒适大床，温馨静谧，适合休闲度假。	275	495
200	行政套房	行政套房，空间宽敞，配套齐全，尊享舒适入住体验。	636	496
201	大床房	大床房，配备舒适大床，温馨静谧，适合休闲度假。	298	497
201	行政套房	行政套房，空间宽敞，配套齐全，尊享舒适入住体验。	827	498
201	标准间	标准间，简洁整洁，设施完备，高性价比之选。	210	499
202	标准间	标准间，简洁整洁，设施完备，高性价比之选。	300	500
202	大床房	大床房，配备舒适大床，温馨静谧，适合休闲度假。	356	501
203	标准间	标准间，简洁整洁，设施完备，高性价比之选。	236	502
203	行政套房	行政套房，空间宽敞，配套齐全，尊享舒适入住体验。	810	503
204	行政套房	行政套房，空间宽敞，配套齐全，尊享舒适入住体验。	862	504
204	大床房	大床房，配备舒适大床，温馨静谧，适合休闲度假。	411	505
204	标准间	标准间，简洁整洁，设施完备，高性价比之选。	237	506
205	行政套房	行政套房，空间宽敞，配套齐全，尊享舒适入住体验。	828	507
205	标准间	标准间，简洁整洁，设施完备，高性价比之选。	290	508
206	行政套房	行政套房，空间宽敞，配套齐全，尊享舒适入住体验。	542	509
206	大床房	大床房，配备舒适大床，温馨静谧，适合休闲度假。	437	510
207	行政套房	行政套房，空间宽敞，配套齐全，尊享舒适入住体验。	518	511
207	标准间	标准间，简洁整洁，设施完备，高性价比之选。	219	512
208	行政套房	行政套房，空间宽敞，配套齐全，尊享舒适入住体验。	742	513
208	大床房	大床房，配备舒适大床，温馨静谧，适合休闲度假。	300	514
209	标准间	标准间，简洁整洁，设施完备，高性价比之选。	276	515
209	大床房	大床房，配备舒适大床，温馨静谧，适合休闲度假。	329	516
209	行政套房	行政套房，空间宽敞，配套齐全，尊享舒适入住体验。	480	517
210	大床房	大床房，配备舒适大床，温馨静谧，适合休闲度假。	341	518
210	标准间	标准间，简洁整洁，设施完备，高性价比之选。	304	519
210	行政套房	行政套房，空间宽敞，配套齐全，尊享舒适入住体验。	791	520
211	大床房	大床房，配备舒适大床，温馨静谧，适合休闲度假。	441	521
211	行政套房	行政套房，空间宽敞，配套齐全，尊享舒适入住体验。	766	522
212	标准间	标准间，简洁整洁，设施完备，高性价比之选。	317	523
212	大床房	大床房，配备舒适大床，温馨静谧，适合休闲度假。	473	524
213	行政套房	行政套房，空间宽敞，配套齐全，尊享舒适入住体验。	856	525
213	标准间	标准间，简洁整洁，设施完备，高性价比之选。	296	526
214	大床房	大床房，配备舒适大床，温馨静谧，适合休闲度假。	370	527
214	标准间	标准间，简洁整洁，设施完备，高性价比之选。	217	528
214	行政套房	行政套房，空间宽敞，配套齐全，尊享舒适入住体验。	540	529
215	大床房	大床房，配备舒适大床，温馨静谧，适合休闲度假。	439	530
215	标准间	标准间，简洁整洁，设施完备，高性价比之选。	317	531
215	行政套房	行政套房，空间宽敞，配套齐全，尊享舒适入住体验。	630	532
216	标准间	标准间，简洁整洁，设施完备，高性价比之选。	217	533
216	行政套房	行政套房，空间宽敞，配套齐全，尊享舒适入住体验。	754	534
217	标准间	标准间，简洁整洁，设施完备，高性价比之选。	314	535
217	大床房	大床房，配备舒适大床，温馨静谧，适合休闲度假。	435	536
218	大床房	大床房，配备舒适大床，温馨静谧，适合休闲度假。	320	537
218	标准间	标准间，简洁整洁，设施完备，高性价比之选。	284	538
219	标准间	标准间，简洁整洁，设施完备，高性价比之选。	318	539
219	行政套房	行政套房，空间宽敞，配套齐全，尊享舒适入住体验。	484	540
220	标准间	标准间，简洁整洁，设施完备，高性价比之选。	301	541
220	大床房	大床房，配备舒适大床，温馨静谧，适合休闲度假。	263	542
221	大床房	大床房，配备舒适大床，温馨静谧，适合休闲度假。	292	543
221	行政套房	行政套房，空间宽敞，配套齐全，尊享舒适入住体验。	641	544
222	标准间	标准间，简洁整洁，设施完备，高性价比之选。	230	545
222	大床房	大床房，配备舒适大床，温馨静谧，适合休闲度假。	334	546
223	标准间	标准间，简洁整洁，设施完备，高性价比之选。	283	547
223	行政套房	行政套房，空间宽敞，配套齐全，尊享舒适入住体验。	646	548
224	行政套房	行政套房，空间宽敞，配套齐全，尊享舒适入住体验。	629	549
224	大床房	大床房，配备舒适大床，温馨静谧，适合休闲度假。	361	550
225	行政套房	行政套房，空间宽敞，配套齐全，尊享舒适入住体验。	535	551
225	标准间	标准间，简洁整洁，设施完备，高性价比之选。	281	552
226	标准间	标准间，简洁整洁，设施完备，高性价比之选。	223	553
226	行政套房	行政套房，空间宽敞，配套齐全，尊享舒适入住体验。	687	554
226	大床房	大床房，配备舒适大床，温馨静谧，适合休闲度假。	282	555
227	标准间	标准间，简洁整洁，设施完备，高性价比之选。	293	556
227	行政套房	行政套房，空间宽敞，配套齐全，尊享舒适入住体验。	800	557
228	行政套房	行政套房，空间宽敞，配套齐全，尊享舒适入住体验。	878	558
228	大床房	大床房，配备舒适大床，温馨静谧，适合休闲度假。	265	559
228	标准间	标准间，简洁整洁，设施完备，高性价比之选。	301	560
229	行政套房	行政套房，空间宽敞，配套齐全，尊享舒适入住体验。	614	561
229	标准间	标准间，简洁整洁，设施完备，高性价比之选。	224	562
230	行政套房	行政套房，空间宽敞，配套齐全，尊享舒适入住体验。	843	563
230	大床房	大床房，配备舒适大床，温馨静谧，适合休闲度假。	271	564
231	标准间	标准间，简洁整洁，设施完备，高性价比之选。	248	565
231	行政套房	行政套房，空间宽敞，配套齐全，尊享舒适入住体验。	599	566
232	大床房	大床房，配备舒适大床，温馨静谧，适合休闲度假。	412	567
232	行政套房	行政套房，空间宽敞，配套齐全，尊享舒适入住体验。	604	568
233	大床房	大床房，配备舒适大床，温馨静谧，适合休闲度假。	308	569
233	行政套房	行政套房，空间宽敞，配套齐全，尊享舒适入住体验。	589	570
234	标准间	标准间，简洁整洁，设施完备，高性价比之选。	204	571
234	大床房	大床房，配备舒适大床，温馨静谧，适合休闲度假。	365	572
234	行政套房	行政套房，空间宽敞，配套齐全，尊享舒适入住体验。	775	573
235	标准间	标准间，简洁整洁，设施完备，高性价比之选。	257	574
235	行政套房	行政套房，空间宽敞，配套齐全，尊享舒适入住体验。	517	575
236	大床房	大床房，配备舒适大床，温馨静谧，适合休闲度假。	274	576
236	标准间	标准间，简洁整洁，设施完备，高性价比之选。	317	577
237	标准间	标准间，简洁整洁，设施完备，高性价比之选。	268	578
237	行政套房	行政套房，空间宽敞，配套齐全，尊享舒适入住体验。	639	579
237	大床房	大床房，配备舒适大床，温馨静谧，适合休闲度假。	359	580
238	标准间	标准间，简洁整洁，设施完备，高性价比之选。	212	581
238	大床房	大床房，配备舒适大床，温馨静谧，适合休闲度假。	410	582
239	标准间	标准间，简洁整洁，设施完备，高性价比之选。	299	583
239	行政套房	行政套房，空间宽敞，配套齐全，尊享舒适入住体验。	482	584
239	大床房	大床房，配备舒适大床，温馨静谧，适合休闲度假。	364	585
240	行政套房	行政套房，空间宽敞，配套齐全，尊享舒适入住体验。	617	586
240	标准间	标准间，简洁整洁，设施完备，高性价比之选。	208	587
240	大床房	大床房，配备舒适大床，温馨静谧，适合休闲度假。	398	588
241	行政套房	行政套房，空间宽敞，配套齐全，尊享舒适入住体验。	823	589
241	标准间	标准间，简洁整洁，设施完备，高性价比之选。	185	590
242	标准间	标准间，简洁整洁，设施完备，高性价比之选。	320	591
242	行政套房	行政套房，空间宽敞，配套齐全，尊享舒适入住体验。	680	592
242	大床房	大床房，配备舒适大床，温馨静谧，适合休闲度假。	341	593
243	行政套房	行政套房，空间宽敞，配套齐全，尊享舒适入住体验。	804	594
243	标准间	标准间，简洁整洁，设施完备，高性价比之选。	286	595
243	大床房	大床房，配备舒适大床，温馨静谧，适合休闲度假。	360	596
244	大床房	大床房，配备舒适大床，温馨静谧，适合休闲度假。	270	597
244	行政套房	行政套房，空间宽敞，配套齐全，尊享舒适入住体验。	857	598
244	标准间	标准间，简洁整洁，设施完备，高性价比之选。	281	599
245	大床房	大床房，配备舒适大床，温馨静谧，适合休闲度假。	429	600
245	行政套房	行政套房，空间宽敞，配套齐全，尊享舒适入住体验。	569	601
245	标准间	标准间，简洁整洁，设施完备，高性价比之选。	264	602
246	行政套房	行政套房，空间宽敞，配套齐全，尊享舒适入住体验。	570	603
246	标准间	标准间，简洁整洁，设施完备，高性价比之选。	277	604
247	标准间	标准间，简洁整洁，设施完备，高性价比之选。	251	605
247	行政套房	行政套房，空间宽敞，配套齐全，尊享舒适入住体验。	759	606
247	大床房	大床房，配备舒适大床，温馨静谧，适合休闲度假。	401	607
248	大床房	大床房，配备舒适大床，温馨静谧，适合休闲度假。	398	608
248	行政套房	行政套房，空间宽敞，配套齐全，尊享舒适入住体验。	876	609
248	标准间	标准间，简洁整洁，设施完备，高性价比之选。	278	610
249	标准间	标准间，简洁整洁，设施完备，高性价比之选。	289	611
249	大床房	大床房，配备舒适大床，温馨静谧，适合休闲度假。	444	612
249	行政套房	行政套房，空间宽敞，配套齐全，尊享舒适入住体验。	492	613
250	大床房	大床房，配备舒适大床，温馨静谧，适合休闲度假。	386	614
250	标准间	标准间，简洁整洁，设施完备，高性价比之选。	227	615
250	行政套房	行政套房，空间宽敞，配套齐全，尊享舒适入住体验。	732	616
251	大床房	大床房，配备舒适大床，温馨静谧，适合休闲度假。	317	617
251	标准间	标准间，简洁整洁，设施完备，高性价比之选。	218	618
251	行政套房	行政套房，空间宽敞，配套齐全，尊享舒适入住体验。	622	619
252	标准间	标准间，简洁整洁，设施完备，高性价比之选。	226	620
252	大床房	大床房，配备舒适大床，温馨静谧，适合休闲度假。	462	621
253	大床房	大床房，配备舒适大床，温馨静谧，适合休闲度假。	427	622
253	行政套房	行政套房，空间宽敞，配套齐全，尊享舒适入住体验。	751	623
254	标准间	标准间，简洁整洁，设施完备，高性价比之选。	259	624
254	行政套房	行政套房，空间宽敞，配套齐全，尊享舒适入住体验。	729	625
255	大床房	大床房，配备舒适大床，温馨静谧，适合休闲度假。	430	626
255	标准间	标准间，简洁整洁，设施完备，高性价比之选。	206	627
256	标准间	标准间，简洁整洁，设施完备，高性价比之选。	223	628
256	行政套房	行政套房，空间宽敞，配套齐全，尊享舒适入住体验。	836	629
257	大床房	大床房，配备舒适大床，温馨静谧，适合休闲度假。	312	630
257	行政套房	行政套房，空间宽敞，配套齐全，尊享舒适入住体验。	742	631
258	大床房	大床房，配备舒适大床，温馨静谧，适合休闲度假。	420	632
258	标准间	标准间，简洁整洁，设施完备，高性价比之选。	314	633
258	行政套房	行政套房，空间宽敞，配套齐全，尊享舒适入住体验。	700	634
259	大床房	大床房，配备舒适大床，温馨静谧，适合休闲度假。	314	635
259	标准间	标准间，简洁整洁，设施完备，高性价比之选。	201	636
260	行政套房	行政套房，空间宽敞，配套齐全，尊享舒适入住体验。	812	637
260	大床房	大床房，配备舒适大床，温馨静谧，适合休闲度假。	318	638
261	大床房	大床房，配备舒适大床，温馨静谧，适合休闲度假。	393	639
261	标准间	标准间，简洁整洁，设施完备，高性价比之选。	275	640
262	行政套房	行政套房，空间宽敞，配套齐全，尊享舒适入住体验。	610	641
262	大床房	大床房，配备舒适大床，温馨静谧，适合休闲度假。	462	642
262	标准间	标准间，简洁整洁，设施完备，高性价比之选。	229	643
263	大床房	大床房，配备舒适大床，温馨静谧，适合休闲度假。	364	644
263	标准间	标准间，简洁整洁，设施完备，高性价比之选。	262	645
264	行政套房	行政套房，空间宽敞，配套齐全，尊享舒适入住体验。	540	646
264	大床房	大床房，配备舒适大床，温馨静谧，适合休闲度假。	411	647
264	标准间	标准间，简洁整洁，设施完备，高性价比之选。	285	648
265	行政套房	行政套房，空间宽敞，配套齐全，尊享舒适入住体验。	732	649
265	标准间	标准间，简洁整洁，设施完备，高性价比之选。	297	650
266	大床房	大床房，配备舒适大床，温馨静谧，适合休闲度假。	440	651
266	标准间	标准间，简洁整洁，设施完备，高性价比之选。	261	652
267	大床房	大床房，配备舒适大床，温馨静谧，适合休闲度假。	285	653
267	标准间	标准间，简洁整洁，设施完备，高性价比之选。	265	654
268	大床房	大床房，配备舒适大床，温馨静谧，适合休闲度假。	275	655
268	行政套房	行政套房，空间宽敞，配套齐全，尊享舒适入住体验。	799	656
268	标准间	标准间，简洁整洁，设施完备，高性价比之选。	268	657
269	行政套房	行政套房，空间宽敞，配套齐全，尊享舒适入住体验。	644	658
269	大床房	大床房，配备舒适大床，温馨静谧，适合休闲度假。	280	659
269	标准间	标准间，简洁整洁，设施完备，高性价比之选。	305	660
270	大床房	大床房，配备舒适大床，温馨静谧，适合休闲度假。	325	661
270	标准间	标准间，简洁整洁，设施完备，高性价比之选。	307	662
271	大床房	大床房，配备舒适大床，温馨静谧，适合休闲度假。	432	663
271	标准间	标准间，简洁整洁，设施完备，高性价比之选。	246	664
271	行政套房	行政套房，空间宽敞，配套齐全，尊享舒适入住体验。	847	665
272	标准间	标准间，简洁整洁，设施完备，高性价比之选。	238	666
272	行政套房	行政套房，空间宽敞，配套齐全，尊享舒适入住体验。	840	667
273	行政套房	行政套房，空间宽敞，配套齐全，尊享舒适入住体验。	561	668
273	大床房	大床房，配备舒适大床，温馨静谧，适合休闲度假。	337	669
273	标准间	标准间，简洁整洁，设施完备，高性价比之选。	264	670
274	行政套房	行政套房，空间宽敞，配套齐全，尊享舒适入住体验。	880	671
274	大床房	大床房，配备舒适大床，温馨静谧，适合休闲度假。	383	672
275	大床房	大床房，配备舒适大床，温馨静谧，适合休闲度假。	288	673
275	行政套房	行政套房，空间宽敞，配套齐全，尊享舒适入住体验。	729	674
276	行政套房	行政套房，空间宽敞，配套齐全，尊享舒适入住体验。	815	675
276	大床房	大床房，配备舒适大床，温馨静谧，适合休闲度假。	303	676
277	行政套房	行政套房，空间宽敞，配套齐全，尊享舒适入住体验。	738	677
277	标准间	标准间，简洁整洁，设施完备，高性价比之选。	259	678
278	标准间	标准间，简洁整洁，设施完备，高性价比之选。	273	679
278	大床房	大床房，配备舒适大床，温馨静谧，适合休闲度假。	266	680
279	行政套房	行政套房，空间宽敞，配套齐全，尊享舒适入住体验。	659	681
279	大床房	大床房，配备舒适大床，温馨静谧，适合休闲度假。	450	682
279	标准间	标准间，简洁整洁，设施完备，高性价比之选。	254	683
280	标准间	标准间，简洁整洁，设施完备，高性价比之选。	205	684
280	大床房	大床房，配备舒适大床，温馨静谧，适合休闲度假。	413	685
281	标准间	标准间，简洁整洁，设施完备，高性价比之选。	211	686
281	行政套房	行政套房，空间宽敞，配套齐全，尊享舒适入住体验。	535	687
281	大床房	大床房，配备舒适大床，温馨静谧，适合休闲度假。	361	688
282	行政套房	行政套房，空间宽敞，配套齐全，尊享舒适入住体验。	848	689
282	标准间	标准间，简洁整洁，设施完备，高性价比之选。	186	690
282	大床房	大床房，配备舒适大床，温馨静谧，适合休闲度假。	390	691
283	行政套房	行政套房，空间宽敞，配套齐全，尊享舒适入住体验。	768	692
283	标准间	标准间，简洁整洁，设施完备，高性价比之选。	233	693
283	大床房	大床房，配备舒适大床，温馨静谧，适合休闲度假。	449	694
284	标准间	标准间，简洁整洁，设施完备，高性价比之选。	240	695
284	大床房	大床房，配备舒适大床，温馨静谧，适合休闲度假。	284	696
284	行政套房	行政套房，空间宽敞，配套齐全，尊享舒适入住体验。	715	697
285	行政套房	行政套房，空间宽敞，配套齐全，尊享舒适入住体验。	838	698
285	标准间	标准间，简洁整洁，设施完备，高性价比之选。	180	699
285	大床房	大床房，配备舒适大床，温馨静谧，适合休闲度假。	318	700
286	行政套房	行政套房，空间宽敞，配套齐全，尊享舒适入住体验。	748	701
286	大床房	大床房，配备舒适大床，温馨静谧，适合休闲度假。	319	702
286	标准间	标准间，简洁整洁，设施完备，高性价比之选。	311	703
287	行政套房	行政套房，空间宽敞，配套齐全，尊享舒适入住体验。	695	704
287	大床房	大床房，配备舒适大床，温馨静谧，适合休闲度假。	328	705
288	行政套房	行政套房，空间宽敞，配套齐全，尊享舒适入住体验。	838	706
288	大床房	大床房，配备舒适大床，温馨静谧，适合休闲度假。	374	707
289	大床房	大床房，配备舒适大床，温馨静谧，适合休闲度假。	335	708
289	行政套房	行政套房，空间宽敞，配套齐全，尊享舒适入住体验。	818	709
289	标准间	标准间，简洁整洁，设施完备，高性价比之选。	245	710
290	大床房	大床房，配备舒适大床，温馨静谧，适合休闲度假。	393	711
290	行政套房	行政套房，空间宽敞，配套齐全，尊享舒适入住体验。	502	712
290	标准间	标准间，简洁整洁，设施完备，高性价比之选。	271	713
291	行政套房	行政套房，空间宽敞，配套齐全，尊享舒适入住体验。	732	714
291	标准间	标准间，简洁整洁，设施完备，高性价比之选。	320	715
291	大床房	大床房，配备舒适大床，温馨静谧，适合休闲度假。	338	716
292	大床房	大床房，配备舒适大床，温馨静谧，适合休闲度假。	300	717
292	行政套房	行政套房，空间宽敞，配套齐全，尊享舒适入住体验。	620	718
292	标准间	标准间，简洁整洁，设施完备，高性价比之选。	249	719
293	行政套房	行政套房，空间宽敞，配套齐全，尊享舒适入住体验。	877	720
293	大床房	大床房，配备舒适大床，温馨静谧，适合休闲度假。	319	721
294	大床房	大床房，配备舒适大床，温馨静谧，适合休闲度假。	382	722
294	标准间	标准间，简洁整洁，设施完备，高性价比之选。	228	723
294	行政套房	行政套房，空间宽敞，配套齐全，尊享舒适入住体验。	567	724
295	大床房	大床房，配备舒适大床，温馨静谧，适合休闲度假。	414	725
295	行政套房	行政套房，空间宽敞，配套齐全，尊享舒适入住体验。	876	726
295	标准间	标准间，简洁整洁，设施完备，高性价比之选。	290	727
296	大床房	大床房，配备舒适大床，温馨静谧，适合休闲度假。	411	728
296	标准间	标准间，简洁整洁，设施完备，高性价比之选。	278	729
296	行政套房	行政套房，空间宽敞，配套齐全，尊享舒适入住体验。	802	730
297	大床房	大床房，配备舒适大床，温馨静谧，适合休闲度假。	416	731
297	标准间	标准间，简洁整洁，设施完备，高性价比之选。	265	732
298	行政套房	行政套房，空间宽敞，配套齐全，尊享舒适入住体验。	827	733
298	大床房	大床房，配备舒适大床，温馨静谧，适合休闲度假。	333	734
298	标准间	标准间，简洁整洁，设施完备，高性价比之选。	251	735
299	行政套房	行政套房，空间宽敞，配套齐全，尊享舒适入住体验。	645	736
299	标准间	标准间，简洁整洁，设施完备，高性价比之选。	299	737
299	大床房	大床房，配备舒适大床，温馨静谧，适合休闲度假。	432	738
300	行政套房	行政套房，空间宽敞，配套齐全，尊享舒适入住体验。	840	739
300	标准间	标准间，简洁整洁，设施完备，高性价比之选。	222	740
301	标准间	标准间，简洁整洁，设施完备，高性价比之选。	267	741
301	大床房	大床房，配备舒适大床，温馨静谧，适合休闲度假。	436	742
302	标准间	标准间，简洁整洁，设施完备，高性价比之选。	215	743
302	行政套房	行政套房，空间宽敞，配套齐全，尊享舒适入住体验。	828	744
303	行政套房	行政套房，空间宽敞，配套齐全，尊享舒适入住体验。	593	745
303	标准间	标准间，简洁整洁，设施完备，高性价比之选。	204	746
304	大床房	大床房，配备舒适大床，温馨静谧，适合休闲度假。	431	747
304	标准间	标准间，简洁整洁，设施完备，高性价比之选。	282	748
305	标准间	标准间，简洁整洁，设施完备，高性价比之选。	236	749
305	大床房	大床房，配备舒适大床，温馨静谧，适合休闲度假。	264	750
306	标准间	标准间，简洁整洁，设施完备，高性价比之选。	234	751
306	大床房	大床房，配备舒适大床，温馨静谧，适合休闲度假。	342	752
306	行政套房	行政套房，空间宽敞，配套齐全，尊享舒适入住体验。	735	753
307	行政套房	行政套房，空间宽敞，配套齐全，尊享舒适入住体验。	584	754
307	大床房	大床房，配备舒适大床，温馨静谧，适合休闲度假。	304	755
308	标准间	标准间，简洁整洁，设施完备，高性价比之选。	239	756
308	行政套房	行政套房，空间宽敞，配套齐全，尊享舒适入住体验。	606	757
308	大床房	大床房，配备舒适大床，温馨静谧，适合休闲度假。	439	758
309	行政套房	行政套房，空间宽敞，配套齐全，尊享舒适入住体验。	716	759
309	大床房	大床房，配备舒适大床，温馨静谧，适合休闲度假。	293	760
309	标准间	标准间，简洁整洁，设施完备，高性价比之选。	227	761
310	大床房	大床房，配备舒适大床，温馨静谧，适合休闲度假。	455	762
310	行政套房	行政套房，空间宽敞，配套齐全，尊享舒适入住体验。	837	763
311	标准间	标准间，简洁整洁，设施完备，高性价比之选。	263	764
311	大床房	大床房，配备舒适大床，温馨静谧，适合休闲度假。	277	765
312	行政套房	行政套房，空间宽敞，配套齐全，尊享舒适入住体验。	544	766
312	标准间	标准间，简洁整洁，设施完备，高性价比之选。	260	767
312	大床房	大床房，配备舒适大床，温馨静谧，适合休闲度假。	350	768
313	大床房	大床房，配备舒适大床，温馨静谧，适合休闲度假。	394	769
313	行政套房	行政套房，空间宽敞，配套齐全，尊享舒适入住体验。	804	770
313	标准间	标准间，简洁整洁，设施完备，高性价比之选。	277	771
314	标准间	标准间，简洁整洁，设施完备，高性价比之选。	224	772
314	大床房	大床房，配备舒适大床，温馨静谧，适合休闲度假。	394	773
315	大床房	大床房，配备舒适大床，温馨静谧，适合休闲度假。	274	774
315	行政套房	行政套房，空间宽敞，配套齐全，尊享舒适入住体验。	740	775
315	标准间	标准间，简洁整洁，设施完备，高性价比之选。	312	776
316	行政套房	行政套房，空间宽敞，配套齐全，尊享舒适入住体验。	620	777
316	标准间	标准间，简洁整洁，设施完备，高性价比之选。	205	778
316	大床房	大床房，配备舒适大床，温馨静谧，适合休闲度假。	333	779
317	大床房	大床房，配备舒适大床，温馨静谧，适合休闲度假。	263	780
317	标准间	标准间，简洁整洁，设施完备，高性价比之选。	278	781
318	行政套房	行政套房，空间宽敞，配套齐全，尊享舒适入住体验。	740	782
318	大床房	大床房，配备舒适大床，温馨静谧，适合休闲度假。	262	783
318	标准间	标准间，简洁整洁，设施完备，高性价比之选。	267	784
319	标准间	标准间，简洁整洁，设施完备，高性价比之选。	313	785
319	大床房	大床房，配备舒适大床，温馨静谧，适合休闲度假。	377	786
320	行政套房	行政套房，空间宽敞，配套齐全，尊享舒适入住体验。	714	787
320	标准间	标准间，简洁整洁，设施完备，高性价比之选。	267	788
321	大床房	大床房，配备舒适大床，温馨静谧，适合休闲度假。	370	789
321	行政套房	行政套房，空间宽敞，配套齐全，尊享舒适入住体验。	482	790
322	大床房	大床房，配备舒适大床，温馨静谧，适合休闲度假。	328	791
322	标准间	标准间，简洁整洁，设施完备，高性价比之选。	292	792
322	行政套房	行政套房，空间宽敞，配套齐全，尊享舒适入住体验。	522	793
323	大床房	大床房，配备舒适大床，温馨静谧，适合休闲度假。	438	794
323	标准间	标准间，简洁整洁，设施完备，高性价比之选。	197	795
324	标准间	标准间，简洁整洁，设施完备，高性价比之选。	288	796
324	大床房	大床房，配备舒适大床，温馨静谧，适合休闲度假。	376	797
325	行政套房	行政套房，空间宽敞，配套齐全，尊享舒适入住体验。	654	798
325	标准间	标准间，简洁整洁，设施完备，高性价比之选。	267	799
326	行政套房	行政套房，空间宽敞，配套齐全，尊享舒适入住体验。	722	800
326	标准间	标准间，简洁整洁，设施完备，高性价比之选。	218	801
326	大床房	大床房，配备舒适大床，温馨静谧，适合休闲度假。	422	802
327	标准间	标准间，简洁整洁，设施完备，高性价比之选。	275	803
327	行政套房	行政套房，空间宽敞，配套齐全，尊享舒适入住体验。	486	804
328	标准间	标准间，简洁整洁，设施完备，高性价比之选。	241	805
328	大床房	大床房，配备舒适大床，温馨静谧，适合休闲度假。	313	806
329	行政套房	行政套房，空间宽敞，配套齐全，尊享舒适入住体验。	864	807
329	大床房	大床房，配备舒适大床，温馨静谧，适合休闲度假。	360	808
329	标准间	标准间，简洁整洁，设施完备，高性价比之选。	230	809
330	标准间	标准间，简洁整洁，设施完备，高性价比之选。	246	810
330	大床房	大床房，配备舒适大床，温馨静谧，适合休闲度假。	292	811
331	行政套房	行政套房，空间宽敞，配套齐全，尊享舒适入住体验。	861	812
331	标准间	标准间，简洁整洁，设施完备，高性价比之选。	269	813
331	大床房	大床房，配备舒适大床，温馨静谧，适合休闲度假。	318	814
332	大床房	大床房，配备舒适大床，温馨静谧，适合休闲度假。	459	815
332	标准间	标准间，简洁整洁，设施完备，高性价比之选。	241	816
332	行政套房	行政套房，空间宽敞，配套齐全，尊享舒适入住体验。	771	817
333	行政套房	行政套房，空间宽敞，配套齐全，尊享舒适入住体验。	677	818
333	大床房	大床房，配备舒适大床，温馨静谧，适合休闲度假。	393	819
334	大床房	大床房，配备舒适大床，温馨静谧，适合休闲度假。	354	820
334	标准间	标准间，简洁整洁，设施完备，高性价比之选。	252	821
334	行政套房	行政套房，空间宽敞，配套齐全，尊享舒适入住体验。	700	822
335	标准间	标准间，简洁整洁，设施完备，高性价比之选。	278	823
335	行政套房	行政套房，空间宽敞，配套齐全，尊享舒适入住体验。	624	824
335	大床房	大床房，配备舒适大床，温馨静谧，适合休闲度假。	337	825
336	行政套房	行政套房，空间宽敞，配套齐全，尊享舒适入住体验。	514	826
336	标准间	标准间，简洁整洁，设施完备，高性价比之选。	256	827
337	标准间	标准间，简洁整洁，设施完备，高性价比之选。	219	828
337	大床房	大床房，配备舒适大床，温馨静谧，适合休闲度假。	282	829
338	标准间	标准间，简洁整洁，设施完备，高性价比之选。	229	830
338	大床房	大床房，配备舒适大床，温馨静谧，适合休闲度假。	480	831
338	行政套房	行政套房，空间宽敞，配套齐全，尊享舒适入住体验。	834	832
339	行政套房	行政套房，空间宽敞，配套齐全，尊享舒适入住体验。	666	833
339	大床房	大床房，配备舒适大床，温馨静谧，适合休闲度假。	448	834
340	标准间	标准间，简洁整洁，设施完备，高性价比之选。	188	835
340	大床房	大床房，配备舒适大床，温馨静谧，适合休闲度假。	447	836
340	行政套房	行政套房，空间宽敞，配套齐全，尊享舒适入住体验。	747	837
341	大床房	大床房，配备舒适大床，温馨静谧，适合休闲度假。	311	838
341	标准间	标准间，简洁整洁，设施完备，高性价比之选。	256	839
341	行政套房	行政套房，空间宽敞，配套齐全，尊享舒适入住体验。	504	840
342	行政套房	行政套房，空间宽敞，配套齐全，尊享舒适入住体验。	717	841
342	标准间	标准间，简洁整洁，设施完备，高性价比之选。	234	842
342	大床房	大床房，配备舒适大床，温馨静谧，适合休闲度假。	299	843
343	行政套房	行政套房，空间宽敞，配套齐全，尊享舒适入住体验。	856	844
343	标准间	标准间，简洁整洁，设施完备，高性价比之选。	304	845
343	大床房	大床房，配备舒适大床，温馨静谧，适合休闲度假。	305	846
344	标准间	标准间，简洁整洁，设施完备，高性价比之选。	244	847
344	行政套房	行政套房，空间宽敞，配套齐全，尊享舒适入住体验。	845	848
345	大床房	大床房，配备舒适大床，温馨静谧，适合休闲度假。	424	849
345	行政套房	行政套房，空间宽敞，配套齐全，尊享舒适入住体验。	662	850
345	标准间	标准间，简洁整洁，设施完备，高性价比之选。	300	851
346	行政套房	行政套房，空间宽敞，配套齐全，尊享舒适入住体验。	510	852
346	大床房	大床房，配备舒适大床，温馨静谧，适合休闲度假。	369	853
347	标准间	标准间，简洁整洁，设施完备，高性价比之选。	270	854
347	行政套房	行政套房，空间宽敞，配套齐全，尊享舒适入住体验。	848	855
347	大床房	大床房，配备舒适大床，温馨静谧，适合休闲度假。	438	856
348	标准间	标准间，简洁整洁，设施完备，高性价比之选。	242	857
348	行政套房	行政套房，空间宽敞，配套齐全，尊享舒适入住体验。	717	858
348	大床房	大床房，配备舒适大床，温馨静谧，适合休闲度假。	460	859
349	大床房	大床房，配备舒适大床，温馨静谧，适合休闲度假。	420	860
349	标准间	标准间，简洁整洁，设施完备，高性价比之选。	258	861
349	行政套房	行政套房，空间宽敞，配套齐全，尊享舒适入住体验。	576	862
350	大床房	大床房，配备舒适大床，温馨静谧，适合休闲度假。	457	863
350	标准间	标准间，简洁整洁，设施完备，高性价比之选。	223	864
350	行政套房	行政套房，空间宽敞，配套齐全，尊享舒适入住体验。	511	865
351	标准间	标准间，简洁整洁，设施完备，高性价比之选。	281	866
351	大床房	大床房，配备舒适大床，温馨静谧，适合休闲度假。	390	867
351	行政套房	行政套房，空间宽敞，配套齐全，尊享舒适入住体验。	796	868
352	标准间	标准间，简洁整洁，设施完备，高性价比之选。	252	869
352	大床房	大床房，配备舒适大床，温馨静谧，适合休闲度假。	442	870
353	行政套房	行政套房，空间宽敞，配套齐全，尊享舒适入住体验。	513	871
353	标准间	标准间，简洁整洁，设施完备，高性价比之选。	220	872
354	标准间	标准间，简洁整洁，设施完备，高性价比之选。	230	873
354	行政套房	行政套房，空间宽敞，配套齐全，尊享舒适入住体验。	858	874
355	行政套房	行政套房，空间宽敞，配套齐全，尊享舒适入住体验。	760	875
355	标准间	标准间，简洁整洁，设施完备，高性价比之选。	189	876
355	大床房	大床房，配备舒适大床，温馨静谧，适合休闲度假。	299	877
356	行政套房	行政套房，空间宽敞，配套齐全，尊享舒适入住体验。	752	878
356	标准间	标准间，简洁整洁，设施完备，高性价比之选。	220	879
357	大床房	大床房，配备舒适大床，温馨静谧，适合休闲度假。	436	880
357	行政套房	行政套房，空间宽敞，配套齐全，尊享舒适入住体验。	629	881
357	标准间	标准间，简洁整洁，设施完备，高性价比之选。	296	882
358	大床房	大床房，配备舒适大床，温馨静谧，适合休闲度假。	321	883
358	行政套房	行政套房，空间宽敞，配套齐全，尊享舒适入住体验。	844	884
358	标准间	标准间，简洁整洁，设施完备，高性价比之选。	265	885
359	标准间	标准间，简洁整洁，设施完备，高性价比之选。	192	886
359	行政套房	行政套房，空间宽敞，配套齐全，尊享舒适入住体验。	496	887
359	大床房	大床房，配备舒适大床，温馨静谧，适合休闲度假。	414	888
360	行政套房	行政套房，空间宽敞，配套齐全，尊享舒适入住体验。	724	889
360	大床房	大床房，配备舒适大床，温馨静谧，适合休闲度假。	463	890
360	标准间	标准间，简洁整洁，设施完备，高性价比之选。	224	891
361	行政套房	行政套房，空间宽敞，配套齐全，尊享舒适入住体验。	480	892
361	大床房	大床房，配备舒适大床，温馨静谧，适合休闲度假。	391	893
361	标准间	标准间，简洁整洁，设施完备，高性价比之选。	309	894
362	行政套房	行政套房，空间宽敞，配套齐全，尊享舒适入住体验。	813	895
362	标准间	标准间，简洁整洁，设施完备，高性价比之选。	228	896
363	大床房	大床房，配备舒适大床，温馨静谧，适合休闲度假。	299	897
363	标准间	标准间，简洁整洁，设施完备，高性价比之选。	243	898
364	大床房	大床房，配备舒适大床，温馨静谧，适合休闲度假。	278	899
364	行政套房	行政套房，空间宽敞，配套齐全，尊享舒适入住体验。	654	900
364	标准间	标准间，简洁整洁，设施完备，高性价比之选。	286	901
365	大床房	大床房，配备舒适大床，温馨静谧，适合休闲度假。	290	902
365	标准间	标准间，简洁整洁，设施完备，高性价比之选。	301	903
365	行政套房	行政套房，空间宽敞，配套齐全，尊享舒适入住体验。	486	904
366	标准间	标准间，简洁整洁，设施完备，高性价比之选。	209	905
366	大床房	大床房，配备舒适大床，温馨静谧，适合休闲度假。	405	906
367	行政套房	行政套房，空间宽敞，配套齐全，尊享舒适入住体验。	803	907
367	大床房	大床房，配备舒适大床，温馨静谧，适合休闲度假。	312	908
367	标准间	标准间，简洁整洁，设施完备，高性价比之选。	267	909
368	大床房	大床房，配备舒适大床，温馨静谧，适合休闲度假。	445	910
368	标准间	标准间，简洁整洁，设施完备，高性价比之选。	205	911
369	行政套房	行政套房，空间宽敞，配套齐全，尊享舒适入住体验。	520	912
369	标准间	标准间，简洁整洁，设施完备，高性价比之选。	237	913
369	大床房	大床房，配备舒适大床，温馨静谧，适合休闲度假。	448	914
370	标准间	标准间，简洁整洁，设施完备，高性价比之选。	215	915
370	大床房	大床房，配备舒适大床，温馨静谧，适合休闲度假。	422	916
370	行政套房	行政套房，空间宽敞，配套齐全，尊享舒适入住体验。	554	917
371	行政套房	行政套房，空间宽敞，配套齐全，尊享舒适入住体验。	592	918
371	大床房	大床房，配备舒适大床，温馨静谧，适合休闲度假。	353	919
372	行政套房	行政套房，空间宽敞，配套齐全，尊享舒适入住体验。	622	920
372	标准间	标准间，简洁整洁，设施完备，高性价比之选。	268	921
372	大床房	大床房，配备舒适大床，温馨静谧，适合休闲度假。	372	922
373	标准间	标准间，简洁整洁，设施完备，高性价比之选。	242	923
373	行政套房	行政套房，空间宽敞，配套齐全，尊享舒适入住体验。	548	924
374	标准间	标准间，简洁整洁，设施完备，高性价比之选。	220	925
374	行政套房	行政套房，空间宽敞，配套齐全，尊享舒适入住体验。	574	926
374	大床房	大床房，配备舒适大床，温馨静谧，适合休闲度假。	365	927
375	标准间	标准间，简洁整洁，设施完备，高性价比之选。	247	928
375	行政套房	行政套房，空间宽敞，配套齐全，尊享舒适入住体验。	833	929
376	行政套房	行政套房，空间宽敞，配套齐全，尊享舒适入住体验。	484	930
376	大床房	大床房，配备舒适大床，温馨静谧，适合休闲度假。	406	931
377	大床房	大床房，配备舒适大床，温馨静谧，适合休闲度假。	364	932
377	行政套房	行政套房，空间宽敞，配套齐全，尊享舒适入住体验。	805	933
378	标准间	标准间，简洁整洁，设施完备，高性价比之选。	300	934
378	行政套房	行政套房，空间宽敞，配套齐全，尊享舒适入住体验。	551	935
379	标准间	标准间，简洁整洁，设施完备，高性价比之选。	307	936
379	大床房	大床房，配备舒适大床，温馨静谧，适合休闲度假。	473	937
380	大床房	大床房，配备舒适大床，温馨静谧，适合休闲度假。	374	938
380	标准间	标准间，简洁整洁，设施完备，高性价比之选。	298	939
381	大床房	大床房，配备舒适大床，温馨静谧，适合休闲度假。	478	940
381	标准间	标准间，简洁整洁，设施完备，高性价比之选。	258	941
381	行政套房	行政套房，空间宽敞，配套齐全，尊享舒适入住体验。	827	942
382	大床房	大床房，配备舒适大床，温馨静谧，适合休闲度假。	453	943
382	标准间	标准间，简洁整洁，设施完备，高性价比之选。	238	944
383	大床房	大床房，配备舒适大床，温馨静谧，适合休闲度假。	296	945
383	标准间	标准间，简洁整洁，设施完备，高性价比之选。	180	946
383	行政套房	行政套房，空间宽敞，配套齐全，尊享舒适入住体验。	581	947
384	标准间	标准间，简洁整洁，设施完备，高性价比之选。	226	948
384	行政套房	行政套房，空间宽敞，配套齐全，尊享舒适入住体验。	601	949
385	行政套房	行政套房，空间宽敞，配套齐全，尊享舒适入住体验。	726	950
385	标准间	标准间，简洁整洁，设施完备，高性价比之选。	287	951
386	标准间	标准间，简洁整洁，设施完备，高性价比之选。	282	952
386	行政套房	行政套房，空间宽敞，配套齐全，尊享舒适入住体验。	567	953
387	行政套房	行政套房，空间宽敞，配套齐全，尊享舒适入住体验。	685	954
387	标准间	标准间，简洁整洁，设施完备，高性价比之选。	262	955
387	大床房	大床房，配备舒适大床，温馨静谧，适合休闲度假。	478	956
388	行政套房	行政套房，空间宽敞，配套齐全，尊享舒适入住体验。	850	957
388	大床房	大床房，配备舒适大床，温馨静谧，适合休闲度假。	343	958
388	标准间	标准间，简洁整洁，设施完备，高性价比之选。	225	959
389	大床房	大床房，配备舒适大床，温馨静谧，适合休闲度假。	394	960
389	行政套房	行政套房，空间宽敞，配套齐全，尊享舒适入住体验。	818	961
390	标准间	标准间，简洁整洁，设施完备，高性价比之选。	277	962
390	大床房	大床房，配备舒适大床，温馨静谧，适合休闲度假。	266	963
391	行政套房	行政套房，空间宽敞，配套齐全，尊享舒适入住体验。	551	964
391	标准间	标准间，简洁整洁，设施完备，高性价比之选。	313	965
392	大床房	大床房，配备舒适大床，温馨静谧，适合休闲度假。	347	966
392	行政套房	行政套房，空间宽敞，配套齐全，尊享舒适入住体验。	505	967
393	行政套房	行政套房，空间宽敞，配套齐全，尊享舒适入住体验。	629	968
393	标准间	标准间，简洁整洁，设施完备，高性价比之选。	192	969
394	大床房	大床房，配备舒适大床，温馨静谧，适合休闲度假。	412	970
394	行政套房	行政套房，空间宽敞，配套齐全，尊享舒适入住体验。	500	971
394	标准间	标准间，简洁整洁，设施完备，高性价比之选。	193	972
395	大床房	大床房，配备舒适大床，温馨静谧，适合休闲度假。	480	973
395	行政套房	行政套房，空间宽敞，配套齐全，尊享舒适入住体验。	778	974
395	标准间	标准间，简洁整洁，设施完备，高性价比之选。	202	975
396	大床房	大床房，配备舒适大床，温馨静谧，适合休闲度假。	322	976
396	行政套房	行政套房，空间宽敞，配套齐全，尊享舒适入住体验。	858	977
397	行政套房	行政套房，空间宽敞，配套齐全，尊享舒适入住体验。	557	978
397	标准间	标准间，简洁整洁，设施完备，高性价比之选。	315	979
397	大床房	大床房，配备舒适大床，温馨静谧，适合休闲度假。	423	980
398	标准间	标准间，简洁整洁，设施完备，高性价比之选。	290	981
398	大床房	大床房，配备舒适大床，温馨静谧，适合休闲度假。	431	982
399	标准间	标准间，简洁整洁，设施完备，高性价比之选。	288	983
399	行政套房	行政套房，空间宽敞，配套齐全，尊享舒适入住体验。	808	984
399	大床房	大床房，配备舒适大床，温馨静谧，适合休闲度假。	295	985
400	大床房	大床房，配备舒适大床，温馨静谧，适合休闲度假。	456	986
400	行政套房	行政套房，空间宽敞，配套齐全，尊享舒适入住体验。	862	987
400	标准间	标准间，简洁整洁，设施完备，高性价比之选。	304	988
401	标准间	标准间，简洁整洁，设施完备，高性价比之选。	318	989
401	行政套房	行政套房，空间宽敞，配套齐全，尊享舒适入住体验。	613	990
401	大床房	大床房，配备舒适大床，温馨静谧，适合休闲度假。	405	991
402	行政套房	行政套房，空间宽敞，配套齐全，尊享舒适入住体验。	629	992
402	大床房	大床房，配备舒适大床，温馨静谧，适合休闲度假。	337	993
403	行政套房	行政套房，空间宽敞，配套齐全，尊享舒适入住体验。	625	994
403	大床房	大床房，配备舒适大床，温馨静谧，适合休闲度假。	411	995
403	标准间	标准间，简洁整洁，设施完备，高性价比之选。	227	996
404	行政套房	行政套房，空间宽敞，配套齐全，尊享舒适入住体验。	501	997
404	标准间	标准间，简洁整洁，设施完备，高性价比之选。	229	998
404	大床房	大床房，配备舒适大床，温馨静谧，适合休闲度假。	302	999
405	标准间	标准间，简洁整洁，设施完备，高性价比之选。	197	1000
405	大床房	大床房，配备舒适大床，温馨静谧，适合休闲度假。	299	1001
406	大床房	大床房，配备舒适大床，温馨静谧，适合休闲度假。	301	1002
406	行政套房	行政套房，空间宽敞，配套齐全，尊享舒适入住体验。	738	1003
407	标准间	标准间，简洁整洁，设施完备，高性价比之选。	231	1004
407	大床房	大床房，配备舒适大床，温馨静谧，适合休闲度假。	414	1005
408	行政套房	行政套房，空间宽敞，配套齐全，尊享舒适入住体验。	822	1006
408	大床房	大床房，配备舒适大床，温馨静谧，适合休闲度假。	280	1007
409	大床房	大床房，配备舒适大床，温馨静谧，适合休闲度假。	308	1008
409	标准间	标准间，简洁整洁，设施完备，高性价比之选。	287	1009
409	行政套房	行政套房，空间宽敞，配套齐全，尊享舒适入住体验。	524	1010
410	行政套房	行政套房，空间宽敞，配套齐全，尊享舒适入住体验。	879	1011
410	标准间	标准间，简洁整洁，设施完备，高性价比之选。	223	1012
411	大床房	大床房，配备舒适大床，温馨静谧，适合休闲度假。	314	1013
411	标准间	标准间，简洁整洁，设施完备，高性价比之选。	235	1014
411	行政套房	行政套房，空间宽敞，配套齐全，尊享舒适入住体验。	653	1015
412	大床房	大床房，配备舒适大床，温馨静谧，适合休闲度假。	297	1016
412	行政套房	行政套房，空间宽敞，配套齐全，尊享舒适入住体验。	854	1017
412	标准间	标准间，简洁整洁，设施完备，高性价比之选。	269	1018
413	标准间	标准间，简洁整洁，设施完备，高性价比之选。	283	1019
413	行政套房	行政套房，空间宽敞，配套齐全，尊享舒适入住体验。	722	1020
414	行政套房	行政套房，空间宽敞，配套齐全，尊享舒适入住体验。	528	1021
414	标准间	标准间，简洁整洁，设施完备，高性价比之选。	250	1022
415	标准间	标准间，简洁整洁，设施完备，高性价比之选。	300	1023
415	行政套房	行政套房，空间宽敞，配套齐全，尊享舒适入住体验。	597	1024
416	行政套房	行政套房，空间宽敞，配套齐全，尊享舒适入住体验。	743	1025
416	大床房	大床房，配备舒适大床，温馨静谧，适合休闲度假。	322	1026
417	标准间	标准间，简洁整洁，设施完备，高性价比之选。	223	1027
417	大床房	大床房，配备舒适大床，温馨静谧，适合休闲度假。	425	1028
417	行政套房	行政套房，空间宽敞，配套齐全，尊享舒适入住体验。	598	1029
418	大床房	大床房，配备舒适大床，温馨静谧，适合休闲度假。	393	1030
418	标准间	标准间，简洁整洁，设施完备，高性价比之选。	293	1031
418	行政套房	行政套房，空间宽敞，配套齐全，尊享舒适入住体验。	581	1032
419	行政套房	行政套房，空间宽敞，配套齐全，尊享舒适入住体验。	834	1033
419	标准间	标准间，简洁整洁，设施完备，高性价比之选。	310	1034
420	大床房	大床房，配备舒适大床，温馨静谧，适合休闲度假。	384	1035
420	标准间	标准间，简洁整洁，设施完备，高性价比之选。	197	1036
421	行政套房	行政套房，空间宽敞，配套齐全，尊享舒适入住体验。	702	1037
421	标准间	标准间，简洁整洁，设施完备，高性价比之选。	304	1038
421	大床房	大床房，配备舒适大床，温馨静谧，适合休闲度假。	348	1039
422	标准间	标准间，简洁整洁，设施完备，高性价比之选。	265	1040
422	行政套房	行政套房，空间宽敞，配套齐全，尊享舒适入住体验。	787	1041
423	行政套房	行政套房，空间宽敞，配套齐全，尊享舒适入住体验。	868	1042
423	标准间	标准间，简洁整洁，设施完备，高性价比之选。	278	1043
423	大床房	大床房，配备舒适大床，温馨静谧，适合休闲度假。	433	1044
424	行政套房	行政套房，空间宽敞，配套齐全，尊享舒适入住体验。	666	1045
424	标准间	标准间，简洁整洁，设施完备，高性价比之选。	296	1046
424	大床房	大床房，配备舒适大床，温馨静谧，适合休闲度假。	275	1047
425	大床房	大床房，配备舒适大床，温馨静谧，适合休闲度假。	388	1048
425	标准间	标准间，简洁整洁，设施完备，高性价比之选。	187	1049
426	行政套房	行政套房，空间宽敞，配套齐全，尊享舒适入住体验。	867	1050
426	大床房	大床房，配备舒适大床，温馨静谧，适合休闲度假。	382	1051
426	标准间	标准间，简洁整洁，设施完备，高性价比之选。	320	1052
427	标准间	标准间，简洁整洁，设施完备，高性价比之选。	269	1053
427	行政套房	行政套房，空间宽敞，配套齐全，尊享舒适入住体验。	587	1054
427	大床房	大床房，配备舒适大床，温馨静谧，适合休闲度假。	313	1055
428	大床房	大床房，配备舒适大床，温馨静谧，适合休闲度假。	385	1056
428	行政套房	行政套房，空间宽敞，配套齐全，尊享舒适入住体验。	503	1057
429	行政套房	行政套房，空间宽敞，配套齐全，尊享舒适入住体验。	773	1058
429	标准间	标准间，简洁整洁，设施完备，高性价比之选。	318	1059
429	大床房	大床房，配备舒适大床，温馨静谧，适合休闲度假。	391	1060
430	大床房	大床房，配备舒适大床，温馨静谧，适合休闲度假。	355	1061
430	行政套房	行政套房，空间宽敞，配套齐全，尊享舒适入住体验。	620	1062
430	标准间	标准间，简洁整洁，设施完备，高性价比之选。	183	1063
431	行政套房	行政套房，空间宽敞，配套齐全，尊享舒适入住体验。	722	1064
431	大床房	大床房，配备舒适大床，温馨静谧，适合休闲度假。	453	1065
431	标准间	标准间，简洁整洁，设施完备，高性价比之选。	279	1066
432	大床房	大床房，配备舒适大床，温馨静谧，适合休闲度假。	325	1067
432	行政套房	行政套房，空间宽敞，配套齐全，尊享舒适入住体验。	788	1068
432	标准间	标准间，简洁整洁，设施完备，高性价比之选。	241	1069
433	行政套房	行政套房，空间宽敞，配套齐全，尊享舒适入住体验。	749	1070
433	大床房	大床房，配备舒适大床，温馨静谧，适合休闲度假。	384	1071
433	标准间	标准间，简洁整洁，设施完备，高性价比之选。	294	1072
434	大床房	大床房，配备舒适大床，温馨静谧，适合休闲度假。	328	1073
434	行政套房	行政套房，空间宽敞，配套齐全，尊享舒适入住体验。	709	1074
435	标准间	标准间，简洁整洁，设施完备，高性价比之选。	300	1075
435	大床房	大床房，配备舒适大床，温馨静谧，适合休闲度假。	406	1076
436	行政套房	行政套房，空间宽敞，配套齐全，尊享舒适入住体验。	517	1077
436	大床房	大床房，配备舒适大床，温馨静谧，适合休闲度假。	478	1078
437	标准间	标准间，简洁整洁，设施完备，高性价比之选。	245	1079
437	行政套房	行政套房，空间宽敞，配套齐全，尊享舒适入住体验。	513	1080
438	行政套房	行政套房，空间宽敞，配套齐全，尊享舒适入住体验。	878	1081
438	大床房	大床房，配备舒适大床，温馨静谧，适合休闲度假。	475	1082
439	行政套房	行政套房，空间宽敞，配套齐全，尊享舒适入住体验。	714	1083
439	标准间	标准间，简洁整洁，设施完备，高性价比之选。	307	1084
439	大床房	大床房，配备舒适大床，温馨静谧，适合休闲度假。	435	1085
440	大床房	大床房，配备舒适大床，温馨静谧，适合休闲度假。	355	1086
440	标准间	标准间，简洁整洁，设施完备，高性价比之选。	244	1087
441	行政套房	行政套房，空间宽敞，配套齐全，尊享舒适入住体验。	752	1088
441	标准间	标准间，简洁整洁，设施完备，高性价比之选。	186	1089
442	行政套房	行政套房，空间宽敞，配套齐全，尊享舒适入住体验。	642	1090
442	大床房	大床房，配备舒适大床，温馨静谧，适合休闲度假。	276	1091
442	标准间	标准间，简洁整洁，设施完备，高性价比之选。	261	1092
443	大床房	大床房，配备舒适大床，温馨静谧，适合休闲度假。	452	1093
443	行政套房	行政套房，空间宽敞，配套齐全，尊享舒适入住体验。	730	1094
444	行政套房	行政套房，空间宽敞，配套齐全，尊享舒适入住体验。	877	1095
444	大床房	大床房，配备舒适大床，温馨静谧，适合休闲度假。	392	1096
445	标准间	标准间，简洁整洁，设施完备，高性价比之选。	308	1097
445	大床房	大床房，配备舒适大床，温馨静谧，适合休闲度假。	433	1098
445	行政套房	行政套房，空间宽敞，配套齐全，尊享舒适入住体验。	826	1099
446	行政套房	行政套房，空间宽敞，配套齐全，尊享舒适入住体验。	594	1100
446	大床房	大床房，配备舒适大床，温馨静谧，适合休闲度假。	338	1101
447	大床房	大床房，配备舒适大床，温馨静谧，适合休闲度假。	480	1102
447	标准间	标准间，简洁整洁，设施完备，高性价比之选。	287	1103
448	大床房	大床房，配备舒适大床，温馨静谧，适合休闲度假。	364	1104
448	行政套房	行政套房，空间宽敞，配套齐全，尊享舒适入住体验。	606	1105
449	行政套房	行政套房，空间宽敞，配套齐全，尊享舒适入住体验。	815	1106
449	大床房	大床房，配备舒适大床，温馨静谧，适合休闲度假。	320	1107
450	标准间	标准间，简洁整洁，设施完备，高性价比之选。	249	1108
450	行政套房	行政套房，空间宽敞，配套齐全，尊享舒适入住体验。	562	1109
451	行政套房	行政套房，空间宽敞，配套齐全，尊享舒适入住体验。	604	1110
451	标准间	标准间，简洁整洁，设施完备，高性价比之选。	273	1111
452	行政套房	行政套房，空间宽敞，配套齐全，尊享舒适入住体验。	667	1112
452	标准间	标准间，简洁整洁，设施完备，高性价比之选。	276	1113
453	行政套房	行政套房，空间宽敞，配套齐全，尊享舒适入住体验。	691	1114
453	大床房	大床房，配备舒适大床，温馨静谧，适合休闲度假。	287	1115
454	行政套房	行政套房，空间宽敞，配套齐全，尊享舒适入住体验。	811	1116
454	标准间	标准间，简洁整洁，设施完备，高性价比之选。	285	1117
454	大床房	大床房，配备舒适大床，温馨静谧，适合休闲度假。	302	1118
455	标准间	标准间，简洁整洁，设施完备，高性价比之选。	232	1119
455	大床房	大床房，配备舒适大床，温馨静谧，适合休闲度假。	430	1120
456	标准间	标准间，简洁整洁，设施完备，高性价比之选。	272	1121
456	行政套房	行政套房，空间宽敞，配套齐全，尊享舒适入住体验。	781	1122
456	大床房	大床房，配备舒适大床，温馨静谧，适合休闲度假。	353	1123
457	行政套房	行政套房，空间宽敞，配套齐全，尊享舒适入住体验。	648	1124
457	标准间	标准间，简洁整洁，设施完备，高性价比之选。	192	1125
457	大床房	大床房，配备舒适大床，温馨静谧，适合休闲度假。	300	1126
458	行政套房	行政套房，空间宽敞，配套齐全，尊享舒适入住体验。	667	1127
458	大床房	大床房，配备舒适大床，温馨静谧，适合休闲度假。	373	1128
459	大床房	大床房，配备舒适大床，温馨静谧，适合休闲度假。	464	1129
459	标准间	标准间，简洁整洁，设施完备，高性价比之选。	183	1130
460	大床房	大床房，配备舒适大床，温馨静谧，适合休闲度假。	278	1131
460	标准间	标准间，简洁整洁，设施完备，高性价比之选。	259	1132
461	行政套房	行政套房，空间宽敞，配套齐全，尊享舒适入住体验。	767	1133
461	标准间	标准间，简洁整洁，设施完备，高性价比之选。	266	1134
461	大床房	大床房，配备舒适大床，温馨静谧，适合休闲度假。	286	1135
462	标准间	标准间，简洁整洁，设施完备，高性价比之选。	246	1136
462	行政套房	行政套房，空间宽敞，配套齐全，尊享舒适入住体验。	876	1137
463	大床房	大床房，配备舒适大床，温馨静谧，适合休闲度假。	390	1138
463	行政套房	行政套房，空间宽敞，配套齐全，尊享舒适入住体验。	859	1139
464	标准间	标准间，简洁整洁，设施完备，高性价比之选。	192	1140
464	大床房	大床房，配备舒适大床，温馨静谧，适合休闲度假。	346	1141
465	行政套房	行政套房，空间宽敞，配套齐全，尊享舒适入住体验。	735	1142
465	标准间	标准间，简洁整洁，设施完备，高性价比之选。	300	1143
466	标准间	标准间，简洁整洁，设施完备，高性价比之选。	294	1144
466	行政套房	行政套房，空间宽敞，配套齐全，尊享舒适入住体验。	783	1145
467	行政套房	行政套房，空间宽敞，配套齐全，尊享舒适入住体验。	797	1146
467	标准间	标准间，简洁整洁，设施完备，高性价比之选。	209	1147
467	大床房	大床房，配备舒适大床，温馨静谧，适合休闲度假。	281	1148
468	行政套房	行政套房，空间宽敞，配套齐全，尊享舒适入住体验。	753	1149
468	标准间	标准间，简洁整洁，设施完备，高性价比之选。	272	1150
468	大床房	大床房，配备舒适大床，温馨静谧，适合休闲度假。	412	1151
469	行政套房	行政套房，空间宽敞，配套齐全，尊享舒适入住体验。	802	1152
469	标准间	标准间，简洁整洁，设施完备，高性价比之选。	214	1153
470	标准间	标准间，简洁整洁，设施完备，高性价比之选。	265	1154
470	行政套房	行政套房，空间宽敞，配套齐全，尊享舒适入住体验。	671	1155
471	行政套房	行政套房，空间宽敞，配套齐全，尊享舒适入住体验。	709	1156
471	标准间	标准间，简洁整洁，设施完备，高性价比之选。	280	1157
472	标准间	标准间，简洁整洁，设施完备，高性价比之选。	213	1158
472	行政套房	行政套房，空间宽敞，配套齐全，尊享舒适入住体验。	833	1159
473	行政套房	行政套房，空间宽敞，配套齐全，尊享舒适入住体验。	588	1160
473	标准间	标准间，简洁整洁，设施完备，高性价比之选。	256	1161
473	大床房	大床房，配备舒适大床，温馨静谧，适合休闲度假。	390	1162
474	大床房	大床房，配备舒适大床，温馨静谧，适合休闲度假。	350	1163
474	标准间	标准间，简洁整洁，设施完备，高性价比之选。	271	1164
474	行政套房	行政套房，空间宽敞，配套齐全，尊享舒适入住体验。	576	1165
475	大床房	大床房，配备舒适大床，温馨静谧，适合休闲度假。	276	1166
475	行政套房	行政套房，空间宽敞，配套齐全，尊享舒适入住体验。	546	1167
475	标准间	标准间，简洁整洁，设施完备，高性价比之选。	198	1168
476	大床房	大床房，配备舒适大床，温馨静谧，适合休闲度假。	262	1169
476	标准间	标准间，简洁整洁，设施完备，高性价比之选。	295	1170
477	大床房	大床房，配备舒适大床，温馨静谧，适合休闲度假。	386	1171
477	行政套房	行政套房，空间宽敞，配套齐全，尊享舒适入住体验。	579	1172
478	大床房	大床房，配备舒适大床，温馨静谧，适合休闲度假。	400	1173
478	标准间	标准间，简洁整洁，设施完备，高性价比之选。	264	1174
479	标准间	标准间，简洁整洁，设施完备，高性价比之选。	271	1175
479	行政套房	行政套房，空间宽敞，配套齐全，尊享舒适入住体验。	730	1176
479	大床房	大床房，配备舒适大床，温馨静谧，适合休闲度假。	305	1177
480	大床房	大床房，配备舒适大床，温馨静谧，适合休闲度假。	292	1178
480	标准间	标准间，简洁整洁，设施完备，高性价比之选。	268	1179
480	行政套房	行政套房，空间宽敞，配套齐全，尊享舒适入住体验。	505	1180
481	标准间	标准间，简洁整洁，设施完备，高性价比之选。	239	1181
481	大床房	大床房，配备舒适大床，温馨静谧，适合休闲度假。	429	1182
481	行政套房	行政套房，空间宽敞，配套齐全，尊享舒适入住体验。	771	1183
482	行政套房	行政套房，空间宽敞，配套齐全，尊享舒适入住体验。	792	1184
482	标准间	标准间，简洁整洁，设施完备，高性价比之选。	306	1185
483	标准间	标准间，简洁整洁，设施完备，高性价比之选。	192	1186
483	大床房	大床房，配备舒适大床，温馨静谧，适合休闲度假。	368	1187
484	标准间	标准间，简洁整洁，设施完备，高性价比之选。	315	1188
484	行政套房	行政套房，空间宽敞，配套齐全，尊享舒适入住体验。	553	1189
485	行政套房	行政套房，空间宽敞，配套齐全，尊享舒适入住体验。	567	1190
485	标准间	标准间，简洁整洁，设施完备，高性价比之选。	298	1191
485	大床房	大床房，配备舒适大床，温馨静谧，适合休闲度假。	308	1192
486	行政套房	行政套房，空间宽敞，配套齐全，尊享舒适入住体验。	748	1193
486	大床房	大床房，配备舒适大床，温馨静谧，适合休闲度假。	365	1194
487	标准间	标准间，简洁整洁，设施完备，高性价比之选。	224	1195
487	大床房	大床房，配备舒适大床，温馨静谧，适合休闲度假。	409	1196
487	行政套房	行政套房，空间宽敞，配套齐全，尊享舒适入住体验。	818	1197
488	标准间	标准间，简洁整洁，设施完备，高性价比之选。	250	1198
488	大床房	大床房，配备舒适大床，温馨静谧，适合休闲度假。	397	1199
488	行政套房	行政套房，空间宽敞，配套齐全，尊享舒适入住体验。	537	1200
489	标准间	标准间，简洁整洁，设施完备，高性价比之选。	236	1201
489	行政套房	行政套房，空间宽敞，配套齐全，尊享舒适入住体验。	600	1202
490	标准间	标准间，简洁整洁，设施完备，高性价比之选。	301	1203
490	行政套房	行政套房，空间宽敞，配套齐全，尊享舒适入住体验。	672	1204
491	标准间	标准间，简洁整洁，设施完备，高性价比之选。	315	1205
491	大床房	大床房，配备舒适大床，温馨静谧，适合休闲度假。	299	1206
492	标准间	标准间，简洁整洁，设施完备，高性价比之选。	183	1207
492	大床房	大床房，配备舒适大床，温馨静谧，适合休闲度假。	357	1208
493	标准间	标准间，简洁整洁，设施完备，高性价比之选。	242	1209
493	大床房	大床房，配备舒适大床，温馨静谧，适合休闲度假。	388	1210
494	行政套房	行政套房，空间宽敞，配套齐全，尊享舒适入住体验。	634	1211
494	标准间	标准间，简洁整洁，设施完备，高性价比之选。	193	1212
495	标准间	标准间，简洁整洁，设施完备，高性价比之选。	319	1213
495	大床房	大床房，配备舒适大床，温馨静谧，适合休闲度假。	341	1214
495	行政套房	行政套房，空间宽敞，配套齐全，尊享舒适入住体验。	641	1215
496	大床房	大床房，配备舒适大床，温馨静谧，适合休闲度假。	411	1216
496	行政套房	行政套房，空间宽敞，配套齐全，尊享舒适入住体验。	561	1217
496	标准间	标准间，简洁整洁，设施完备，高性价比之选。	289	1218
497	标准间	标准间，简洁整洁，设施完备，高性价比之选。	254	1219
497	行政套房	行政套房，空间宽敞，配套齐全，尊享舒适入住体验。	656	1220
497	大床房	大床房，配备舒适大床，温馨静谧，适合休闲度假。	399	1221
498	大床房	大床房，配备舒适大床，温馨静谧，适合休闲度假。	334	1222
498	行政套房	行政套房，空间宽敞，配套齐全，尊享舒适入住体验。	801	1223
498	标准间	标准间，简洁整洁，设施完备，高性价比之选。	257	1224
499	标准间	标准间，简洁整洁，设施完备，高性价比之选。	313	1225
499	大床房	大床房，配备舒适大床，温馨静谧，适合休闲度假。	418	1226
499	行政套房	行政套房，空间宽敞，配套齐全，尊享舒适入住体验。	721	1227
500	标准间	标准间，简洁整洁，设施完备，高性价比之选。	283	1228
500	大床房	大床房，配备舒适大床，温馨静谧，适合休闲度假。	317	1229
500	行政套房	行政套房，空间宽敞，配套齐全，尊享舒适入住体验。	727	1230
501	行政套房	行政套房，空间宽敞，配套齐全，尊享舒适入住体验。	801	1231
501	标准间	标准间，简洁整洁，设施完备，高性价比之选。	185	1232
502	大床房	大床房，配备舒适大床，温馨静谧，适合休闲度假。	438	1233
502	行政套房	行政套房，空间宽敞，配套齐全，尊享舒适入住体验。	725	1234
502	标准间	标准间，简洁整洁，设施完备，高性价比之选。	258	1235
503	标准间	标准间，简洁整洁，设施完备，高性价比之选。	271	1236
503	大床房	大床房，配备舒适大床，温馨静谧，适合休闲度假。	399	1237
503	行政套房	行政套房，空间宽敞，配套齐全，尊享舒适入住体验。	638	1238
504	标准间	标准间，简洁整洁，设施完备，高性价比之选。	207	1239
504	行政套房	行政套房，空间宽敞，配套齐全，尊享舒适入住体验。	695	1240
505	行政套房	行政套房，空间宽敞，配套齐全，尊享舒适入住体验。	691	1241
505	标准间	标准间，简洁整洁，设施完备，高性价比之选。	282	1242
505	大床房	大床房，配备舒适大床，温馨静谧，适合休闲度假。	346	1243
506	大床房	大床房，配备舒适大床，温馨静谧，适合休闲度假。	283	1244
506	标准间	标准间，简洁整洁，设施完备，高性价比之选。	272	1245
506	行政套房	行政套房，空间宽敞，配套齐全，尊享舒适入住体验。	870	1246
507	行政套房	行政套房，空间宽敞，配套齐全，尊享舒适入住体验。	654	1247
507	标准间	标准间，简洁整洁，设施完备，高性价比之选。	319	1248
507	大床房	大床房，配备舒适大床，温馨静谧，适合休闲度假。	467	1249
508	行政套房	行政套房，空间宽敞，配套齐全，尊享舒适入住体验。	652	1250
508	大床房	大床房，配备舒适大床，温馨静谧，适合休闲度假。	404	1251
508	标准间	标准间，简洁整洁，设施完备，高性价比之选。	293	1252
509	标准间	标准间，简洁整洁，设施完备，高性价比之选。	302	1253
509	大床房	大床房，配备舒适大床，温馨静谧，适合休闲度假。	393	1254
509	行政套房	行政套房，空间宽敞，配套齐全，尊享舒适入住体验。	795	1255
510	行政套房	行政套房，空间宽敞，配套齐全，尊享舒适入住体验。	598	1256
510	标准间	标准间，简洁整洁，设施完备，高性价比之选。	283	1257
511	行政套房	行政套房，空间宽敞，配套齐全，尊享舒适入住体验。	562	1258
511	大床房	大床房，配备舒适大床，温馨静谧，适合休闲度假。	322	1259
512	标准间	标准间，简洁整洁，设施完备，高性价比之选。	311	1260
512	大床房	大床房，配备舒适大床，温馨静谧，适合休闲度假。	358	1261
512	行政套房	行政套房，空间宽敞，配套齐全，尊享舒适入住体验。	605	1262
513	行政套房	行政套房，空间宽敞，配套齐全，尊享舒适入住体验。	520	1263
513	标准间	标准间，简洁整洁，设施完备，高性价比之选。	259	1264
513	大床房	大床房，配备舒适大床，温馨静谧，适合休闲度假。	358	1265
514	大床房	大床房，配备舒适大床，温馨静谧，适合休闲度假。	385	1266
514	行政套房	行政套房，空间宽敞，配套齐全，尊享舒适入住体验。	831	1267
515	行政套房	行政套房，空间宽敞，配套齐全，尊享舒适入住体验。	837	1268
515	大床房	大床房，配备舒适大床，温馨静谧，适合休闲度假。	428	1269
516	大床房	大床房，配备舒适大床，温馨静谧，适合休闲度假。	315	1270
516	行政套房	行政套房，空间宽敞，配套齐全，尊享舒适入住体验。	809	1271
517	行政套房	行政套房，空间宽敞，配套齐全，尊享舒适入住体验。	716	1272
517	大床房	大床房，配备舒适大床，温馨静谧，适合休闲度假。	415	1273
518	大床房	大床房，配备舒适大床，温馨静谧，适合休闲度假。	478	1274
518	标准间	标准间，简洁整洁，设施完备，高性价比之选。	266	1275
519	行政套房	行政套房，空间宽敞，配套齐全，尊享舒适入住体验。	779	1276
519	标准间	标准间，简洁整洁，设施完备，高性价比之选。	317	1277
520	大床房	大床房，配备舒适大床，温馨静谧，适合休闲度假。	349	1278
520	行政套房	行政套房，空间宽敞，配套齐全，尊享舒适入住体验。	839	1279
521	行政套房	行政套房，空间宽敞，配套齐全，尊享舒适入住体验。	836	1280
521	标准间	标准间，简洁整洁，设施完备，高性价比之选。	253	1281
522	标准间	标准间，简洁整洁，设施完备，高性价比之选。	256	1282
522	大床房	大床房，配备舒适大床，温馨静谧，适合休闲度假。	381	1283
523	大床房	大床房，配备舒适大床，温馨静谧，适合休闲度假。	270	1284
523	标准间	标准间，简洁整洁，设施完备，高性价比之选。	229	1285
523	行政套房	行政套房，空间宽敞，配套齐全，尊享舒适入住体验。	483	1286
524	大床房	大床房，配备舒适大床，温馨静谧，适合休闲度假。	387	1287
524	标准间	标准间，简洁整洁，设施完备，高性价比之选。	213	1288
525	标准间	标准间，简洁整洁，设施完备，高性价比之选。	213	1289
525	大床房	大床房，配备舒适大床，温馨静谧，适合休闲度假。	434	1290
525	行政套房	行政套房，空间宽敞，配套齐全，尊享舒适入住体验。	738	1291
526	大床房	大床房，配备舒适大床，温馨静谧，适合休闲度假。	355	1292
526	标准间	标准间，简洁整洁，设施完备，高性价比之选。	201	1293
526	行政套房	行政套房，空间宽敞，配套齐全，尊享舒适入住体验。	487	1294
527	大床房	大床房，配备舒适大床，温馨静谧，适合休闲度假。	472	1295
527	标准间	标准间，简洁整洁，设施完备，高性价比之选。	193	1296
528	大床房	大床房，配备舒适大床，温馨静谧，适合休闲度假。	329	1297
528	标准间	标准间，简洁整洁，设施完备，高性价比之选。	213	1298
529	标准间	标准间，简洁整洁，设施完备，高性价比之选。	284	1299
529	大床房	大床房，配备舒适大床，温馨静谧，适合休闲度假。	363	1300
529	行政套房	行政套房，空间宽敞，配套齐全，尊享舒适入住体验。	642	1301
530	行政套房	行政套房，空间宽敞，配套齐全，尊享舒适入住体验。	869	1302
530	标准间	标准间，简洁整洁，设施完备，高性价比之选。	296	1303
531	标准间	标准间，简洁整洁，设施完备，高性价比之选。	189	1304
531	行政套房	行政套房，空间宽敞，配套齐全，尊享舒适入住体验。	576	1305
532	行政套房	行政套房，空间宽敞，配套齐全，尊享舒适入住体验。	486	1306
532	标准间	标准间，简洁整洁，设施完备，高性价比之选。	218	1307
532	大床房	大床房，配备舒适大床，温馨静谧，适合休闲度假。	396	1308
533	大床房	大床房，配备舒适大床，温馨静谧，适合休闲度假。	443	1309
533	标准间	标准间，简洁整洁，设施完备，高性价比之选。	224	1310
534	行政套房	行政套房，空间宽敞，配套齐全，尊享舒适入住体验。	633	1311
534	大床房	大床房，配备舒适大床，温馨静谧，适合休闲度假。	299	1312
534	标准间	标准间，简洁整洁，设施完备，高性价比之选。	242	1313
535	大床房	大床房，配备舒适大床，温馨静谧，适合休闲度假。	369	1314
535	标准间	标准间，简洁整洁，设施完备，高性价比之选。	259	1315
535	行政套房	行政套房，空间宽敞，配套齐全，尊享舒适入住体验。	639	1316
536	标准间	标准间，简洁整洁，设施完备，高性价比之选。	292	1317
536	大床房	大床房，配备舒适大床，温馨静谧，适合休闲度假。	368	1318
537	行政套房	行政套房，空间宽敞，配套齐全，尊享舒适入住体验。	837	1319
537	大床房	大床房，配备舒适大床，温馨静谧，适合休闲度假。	278	1320
537	标准间	标准间，简洁整洁，设施完备，高性价比之选。	212	1321
538	大床房	大床房，配备舒适大床，温馨静谧，适合休闲度假。	300	1322
538	标准间	标准间，简洁整洁，设施完备，高性价比之选。	272	1323
539	标准间	标准间，简洁整洁，设施完备，高性价比之选。	266	1324
539	行政套房	行政套房，空间宽敞，配套齐全，尊享舒适入住体验。	833	1325
539	大床房	大床房，配备舒适大床，温馨静谧，适合休闲度假。	302	1326
540	行政套房	行政套房，空间宽敞，配套齐全，尊享舒适入住体验。	687	1327
540	大床房	大床房，配备舒适大床，温馨静谧，适合休闲度假。	423	1328
541	行政套房	行政套房，空间宽敞，配套齐全，尊享舒适入住体验。	736	1329
541	标准间	标准间，简洁整洁，设施完备，高性价比之选。	241	1330
541	大床房	大床房，配备舒适大床，温馨静谧，适合休闲度假。	290	1331
542	行政套房	行政套房，空间宽敞，配套齐全，尊享舒适入住体验。	806	1332
542	标准间	标准间，简洁整洁，设施完备，高性价比之选。	297	1333
542	大床房	大床房，配备舒适大床，温馨静谧，适合休闲度假。	320	1334
543	行政套房	行政套房，空间宽敞，配套齐全，尊享舒适入住体验。	680	1335
543	标准间	标准间，简洁整洁，设施完备，高性价比之选。	255	1336
543	大床房	大床房，配备舒适大床，温馨静谧，适合休闲度假。	414	1337
544	大床房	大床房，配备舒适大床，温馨静谧，适合休闲度假。	439	1338
544	行政套房	行政套房，空间宽敞，配套齐全，尊享舒适入住体验。	648	1339
545	大床房	大床房，配备舒适大床，温馨静谧，适合休闲度假。	446	1340
545	行政套房	行政套房，空间宽敞，配套齐全，尊享舒适入住体验。	559	1341
546	行政套房	行政套房，空间宽敞，配套齐全，尊享舒适入住体验。	517	1342
546	大床房	大床房，配备舒适大床，温馨静谧，适合休闲度假。	266	1343
547	行政套房	行政套房，空间宽敞，配套齐全，尊享舒适入住体验。	530	1344
547	标准间	标准间，简洁整洁，设施完备，高性价比之选。	307	1345
547	大床房	大床房，配备舒适大床，温馨静谧，适合休闲度假。	340	1346
548	大床房	大床房，配备舒适大床，温馨静谧，适合休闲度假。	353	1347
548	标准间	标准间，简洁整洁，设施完备，高性价比之选。	294	1348
548	行政套房	行政套房，空间宽敞，配套齐全，尊享舒适入住体验。	621	1349
549	大床房	大床房，配备舒适大床，温馨静谧，适合休闲度假。	466	1350
549	标准间	标准间，简洁整洁，设施完备，高性价比之选。	264	1351
550	行政套房	行政套房，空间宽敞，配套齐全，尊享舒适入住体验。	551	1352
550	大床房	大床房，配备舒适大床，温馨静谧，适合休闲度假。	378	1353
551	标准间	标准间，简洁整洁，设施完备，高性价比之选。	241	1354
551	大床房	大床房，配备舒适大床，温馨静谧，适合休闲度假。	314	1355
551	行政套房	行政套房，空间宽敞，配套齐全，尊享舒适入住体验。	700	1356
552	行政套房	行政套房，空间宽敞，配套齐全，尊享舒适入住体验。	745	1357
552	大床房	大床房，配备舒适大床，温馨静谧，适合休闲度假。	320	1358
552	标准间	标准间，简洁整洁，设施完备，高性价比之选。	249	1359
553	大床房	大床房，配备舒适大床，温馨静谧，适合休闲度假。	446	1360
553	行政套房	行政套房，空间宽敞，配套齐全，尊享舒适入住体验。	824	1361
554	标准间	标准间，简洁整洁，设施完备，高性价比之选。	265	1362
554	行政套房	行政套房，空间宽敞，配套齐全，尊享舒适入住体验。	749	1363
554	大床房	大床房，配备舒适大床，温馨静谧，适合休闲度假。	446	1364
555	大床房	大床房，配备舒适大床，温馨静谧，适合休闲度假。	325	1365
555	标准间	标准间，简洁整洁，设施完备，高性价比之选。	309	1366
556	大床房	大床房，配备舒适大床，温馨静谧，适合休闲度假。	400	1367
556	标准间	标准间，简洁整洁，设施完备，高性价比之选。	298	1368
557	行政套房	行政套房，空间宽敞，配套齐全，尊享舒适入住体验。	480	1369
557	大床房	大床房，配备舒适大床，温馨静谧，适合休闲度假。	410	1370
557	标准间	标准间，简洁整洁，设施完备，高性价比之选。	199	1371
558	大床房	大床房，配备舒适大床，温馨静谧，适合休闲度假。	295	1372
558	行政套房	行政套房，空间宽敞，配套齐全，尊享舒适入住体验。	817	1373
558	标准间	标准间，简洁整洁，设施完备，高性价比之选。	313	1374
559	行政套房	行政套房，空间宽敞，配套齐全，尊享舒适入住体验。	867	1375
559	标准间	标准间，简洁整洁，设施完备，高性价比之选。	194	1376
560	行政套房	行政套房，空间宽敞，配套齐全，尊享舒适入住体验。	595	1377
560	大床房	大床房，配备舒适大床，温馨静谧，适合休闲度假。	473	1378
561	标准间	标准间，简洁整洁，设施完备，高性价比之选。	268	1379
561	大床房	大床房，配备舒适大床，温馨静谧，适合休闲度假。	435	1380
561	行政套房	行政套房，空间宽敞，配套齐全，尊享舒适入住体验。	846	1381
562	大床房	大床房，配备舒适大床，温馨静谧，适合休闲度假。	267	1382
562	标准间	标准间，简洁整洁，设施完备，高性价比之选。	200	1383
562	行政套房	行政套房，空间宽敞，配套齐全，尊享舒适入住体验。	771	1384
563	标准间	标准间，简洁整洁，设施完备，高性价比之选。	286	1385
563	大床房	大床房，配备舒适大床，温馨静谧，适合休闲度假。	472	1386
564	行政套房	行政套房，空间宽敞，配套齐全，尊享舒适入住体验。	769	1387
564	标准间	标准间，简洁整洁，设施完备，高性价比之选。	280	1388
564	大床房	大床房，配备舒适大床，温馨静谧，适合休闲度假。	385	1389
565	标准间	标准间，简洁整洁，设施完备，高性价比之选。	205	1390
565	大床房	大床房，配备舒适大床，温馨静谧，适合休闲度假。	274	1391
566	标准间	标准间，简洁整洁，设施完备，高性价比之选。	231	1392
566	行政套房	行政套房，空间宽敞，配套齐全，尊享舒适入住体验。	503	1393
566	大床房	大床房，配备舒适大床，温馨静谧，适合休闲度假。	461	1394
567	大床房	大床房，配备舒适大床，温馨静谧，适合休闲度假。	435	1395
567	标准间	标准间，简洁整洁，设施完备，高性价比之选。	243	1396
568	标准间	标准间，简洁整洁，设施完备，高性价比之选。	203	1397
568	大床房	大床房，配备舒适大床，温馨静谧，适合休闲度假。	366	1398
568	行政套房	行政套房，空间宽敞，配套齐全，尊享舒适入住体验。	692	1399
569	大床房	大床房，配备舒适大床，温馨静谧，适合休闲度假。	400	1400
569	标准间	标准间，简洁整洁，设施完备，高性价比之选。	190	1401
570	行政套房	行政套房，空间宽敞，配套齐全，尊享舒适入住体验。	691	1402
570	大床房	大床房，配备舒适大床，温馨静谧，适合休闲度假。	314	1403
570	标准间	标准间，简洁整洁，设施完备，高性价比之选。	289	1404
571	大床房	大床房，配备舒适大床，温馨静谧，适合休闲度假。	300	1405
571	标准间	标准间，简洁整洁，设施完备，高性价比之选。	188	1406
572	行政套房	行政套房，空间宽敞，配套齐全，尊享舒适入住体验。	614	1407
572	标准间	标准间，简洁整洁，设施完备，高性价比之选。	294	1408
573	大床房	大床房，配备舒适大床，温馨静谧，适合休闲度假。	421	1409
573	行政套房	行政套房，空间宽敞，配套齐全，尊享舒适入住体验。	859	1410
573	标准间	标准间，简洁整洁，设施完备，高性价比之选。	303	1411
574	标准间	标准间，简洁整洁，设施完备，高性价比之选。	191	1412
574	大床房	大床房，配备舒适大床，温馨静谧，适合休闲度假。	471	1413
574	行政套房	行政套房，空间宽敞，配套齐全，尊享舒适入住体验。	822	1414
575	标准间	标准间，简洁整洁，设施完备，高性价比之选。	299	1415
575	行政套房	行政套房，空间宽敞，配套齐全，尊享舒适入住体验。	753	1416
576	大床房	大床房，配备舒适大床，温馨静谧，适合休闲度假。	403	1417
576	标准间	标准间，简洁整洁，设施完备，高性价比之选。	277	1418
576	行政套房	行政套房，空间宽敞，配套齐全，尊享舒适入住体验。	545	1419
577	行政套房	行政套房，空间宽敞，配套齐全，尊享舒适入住体验。	492	1420
577	大床房	大床房，配备舒适大床，温馨静谧，适合休闲度假。	414	1421
578	标准间	标准间，简洁整洁，设施完备，高性价比之选。	204	1422
578	大床房	大床房，配备舒适大床，温馨静谧，适合休闲度假。	446	1423
578	行政套房	行政套房，空间宽敞，配套齐全，尊享舒适入住体验。	783	1424
579	大床房	大床房，配备舒适大床，温馨静谧，适合休闲度假。	370	1425
579	标准间	标准间，简洁整洁，设施完备，高性价比之选。	221	1426
580	标准间	标准间，简洁整洁，设施完备，高性价比之选。	269	1427
580	行政套房	行政套房，空间宽敞，配套齐全，尊享舒适入住体验。	828	1428
581	大床房	大床房，配备舒适大床，温馨静谧，适合休闲度假。	428	1429
581	行政套房	行政套房，空间宽敞，配套齐全，尊享舒适入住体验。	867	1430
582	行政套房	行政套房，空间宽敞，配套齐全，尊享舒适入住体验。	754	1431
582	大床房	大床房，配备舒适大床，温馨静谧，适合休闲度假。	456	1432
583	行政套房	行政套房，空间宽敞，配套齐全，尊享舒适入住体验。	654	1433
583	大床房	大床房，配备舒适大床，温馨静谧，适合休闲度假。	361	1434
583	标准间	标准间，简洁整洁，设施完备，高性价比之选。	192	1435
584	大床房	大床房，配备舒适大床，温馨静谧，适合休闲度假。	394	1436
584	标准间	标准间，简洁整洁，设施完备，高性价比之选。	320	1437
584	行政套房	行政套房，空间宽敞，配套齐全，尊享舒适入住体验。	624	1438
585	标准间	标准间，简洁整洁，设施完备，高性价比之选。	205	1439
585	行政套房	行政套房，空间宽敞，配套齐全，尊享舒适入住体验。	630	1440
585	大床房	大床房，配备舒适大床，温馨静谧，适合休闲度假。	408	1441
586	标准间	标准间，简洁整洁，设施完备，高性价比之选。	186	1442
586	行政套房	行政套房，空间宽敞，配套齐全，尊享舒适入住体验。	821	1443
587	行政套房	行政套房，空间宽敞，配套齐全，尊享舒适入住体验。	527	1444
587	大床房	大床房，配备舒适大床，温馨静谧，适合休闲度假。	361	1445
587	标准间	标准间，简洁整洁，设施完备，高性价比之选。	294	1446
588	行政套房	行政套房，空间宽敞，配套齐全，尊享舒适入住体验。	751	1447
588	标准间	标准间，简洁整洁，设施完备，高性价比之选。	266	1448
588	大床房	大床房，配备舒适大床，温馨静谧，适合休闲度假。	436	1449
589	标准间	标准间，简洁整洁，设施完备，高性价比之选。	213	1450
589	大床房	大床房，配备舒适大床，温馨静谧，适合休闲度假。	268	1451
589	行政套房	行政套房，空间宽敞，配套齐全，尊享舒适入住体验。	727	1452
590	大床房	大床房，配备舒适大床，温馨静谧，适合休闲度假。	287	1453
590	标准间	标准间，简洁整洁，设施完备，高性价比之选。	190	1454
590	行政套房	行政套房，空间宽敞，配套齐全，尊享舒适入住体验。	487	1455
591	大床房	大床房，配备舒适大床，温馨静谧，适合休闲度假。	422	1456
591	标准间	标准间，简洁整洁，设施完备，高性价比之选。	224	1457
591	行政套房	行政套房，空间宽敞，配套齐全，尊享舒适入住体验。	800	1458
592	大床房	大床房，配备舒适大床，温馨静谧，适合休闲度假。	420	1459
592	标准间	标准间，简洁整洁，设施完备，高性价比之选。	255	1460
593	标准间	标准间，简洁整洁，设施完备，高性价比之选。	183	1461
593	行政套房	行政套房，空间宽敞，配套齐全，尊享舒适入住体验。	808	1462
593	大床房	大床房，配备舒适大床，温馨静谧，适合休闲度假。	347	1463
594	行政套房	行政套房，空间宽敞，配套齐全，尊享舒适入住体验。	633	1464
594	标准间	标准间，简洁整洁，设施完备，高性价比之选。	228	1465
595	行政套房	行政套房，空间宽敞，配套齐全，尊享舒适入住体验。	550	1466
595	大床房	大床房，配备舒适大床，温馨静谧，适合休闲度假。	354	1467
596	标准间	标准间，简洁整洁，设施完备，高性价比之选。	271	1468
596	行政套房	行政套房，空间宽敞，配套齐全，尊享舒适入住体验。	703	1469
597	大床房	大床房，配备舒适大床，温馨静谧，适合休闲度假。	353	1470
597	行政套房	行政套房，空间宽敞，配套齐全，尊享舒适入住体验。	532	1471
597	标准间	标准间，简洁整洁，设施完备，高性价比之选。	313	1472
598	大床房	大床房，配备舒适大床，温馨静谧，适合休闲度假。	337	1473
598	标准间	标准间，简洁整洁，设施完备，高性价比之选。	261	1474
599	标准间	标准间，简洁整洁，设施完备，高性价比之选。	197	1475
599	大床房	大床房，配备舒适大床，温馨静谧，适合休闲度假。	466	1476
599	行政套房	行政套房，空间宽敞，配套齐全，尊享舒适入住体验。	584	1477
600	标准间	标准间，简洁整洁，设施完备，高性价比之选。	241	1478
600	大床房	大床房，配备舒适大床，温馨静谧，适合休闲度假。	331	1479
601	行政套房	行政套房，空间宽敞，配套齐全，尊享舒适入住体验。	605	1480
601	大床房	大床房，配备舒适大床，温馨静谧，适合休闲度假。	356	1481
601	标准间	标准间，简洁整洁，设施完备，高性价比之选。	252	1482
602	行政套房	行政套房，空间宽敞，配套齐全，尊享舒适入住体验。	624	1483
602	标准间	标准间，简洁整洁，设施完备，高性价比之选。	198	1484
603	大床房	大床房，配备舒适大床，温馨静谧，适合休闲度假。	331	1485
603	行政套房	行政套房，空间宽敞，配套齐全，尊享舒适入住体验。	781	1486
603	标准间	标准间，简洁整洁，设施完备，高性价比之选。	248	1487
604	行政套房	行政套房，空间宽敞，配套齐全，尊享舒适入住体验。	786	1488
604	标准间	标准间，简洁整洁，设施完备，高性价比之选。	261	1489
604	大床房	大床房，配备舒适大床，温馨静谧，适合休闲度假。	329	1490
605	大床房	大床房，配备舒适大床，温馨静谧，适合休闲度假。	387	1491
605	行政套房	行政套房，空间宽敞，配套齐全，尊享舒适入住体验。	713	1492
606	行政套房	行政套房，空间宽敞，配套齐全，尊享舒适入住体验。	721	1493
606	大床房	大床房，配备舒适大床，温馨静谧，适合休闲度假。	339	1494
607	行政套房	行政套房，空间宽敞，配套齐全，尊享舒适入住体验。	480	1495
607	大床房	大床房，配备舒适大床，温馨静谧，适合休闲度假。	449	1496
607	标准间	标准间，简洁整洁，设施完备，高性价比之选。	256	1497
608	行政套房	行政套房，空间宽敞，配套齐全，尊享舒适入住体验。	584	1498
608	标准间	标准间，简洁整洁，设施完备，高性价比之选。	206	1499
609	标准间	标准间，简洁整洁，设施完备，高性价比之选。	192	1500
609	行政套房	行政套房，空间宽敞，配套齐全，尊享舒适入住体验。	590	1501
610	行政套房	行政套房，空间宽敞，配套齐全，尊享舒适入住体验。	726	1502
610	大床房	大床房，配备舒适大床，温馨静谧，适合休闲度假。	388	1503
611	行政套房	行政套房，空间宽敞，配套齐全，尊享舒适入住体验。	640	1504
611	标准间	标准间，简洁整洁，设施完备，高性价比之选。	241	1505
611	大床房	大床房，配备舒适大床，温馨静谧，适合休闲度假。	364	1506
612	标准间	标准间，简洁整洁，设施完备，高性价比之选。	283	1507
612	大床房	大床房，配备舒适大床，温馨静谧，适合休闲度假。	385	1508
613	行政套房	行政套房，空间宽敞，配套齐全，尊享舒适入住体验。	880	1509
613	大床房	大床房，配备舒适大床，温馨静谧，适合休闲度假。	429	1510
614	行政套房	行政套房，空间宽敞，配套齐全，尊享舒适入住体验。	689	1511
614	大床房	大床房，配备舒适大床，温馨静谧，适合休闲度假。	349	1512
615	大床房	大床房，配备舒适大床，温馨静谧，适合休闲度假。	424	1513
615	行政套房	行政套房，空间宽敞，配套齐全，尊享舒适入住体验。	591	1514
616	标准间	标准间，简洁整洁，设施完备，高性价比之选。	232	1515
616	行政套房	行政套房，空间宽敞，配套齐全，尊享舒适入住体验。	624	1516
616	大床房	大床房，配备舒适大床，温馨静谧，适合休闲度假。	444	1517
617	大床房	大床房，配备舒适大床，温馨静谧，适合休闲度假。	326	1518
617	标准间	标准间，简洁整洁，设施完备，高性价比之选。	239	1519
618	行政套房	行政套房，空间宽敞，配套齐全，尊享舒适入住体验。	867	1520
618	标准间	标准间，简洁整洁，设施完备，高性价比之选。	295	1521
618	大床房	大床房，配备舒适大床，温馨静谧，适合休闲度假。	266	1522
619	行政套房	行政套房，空间宽敞，配套齐全，尊享舒适入住体验。	758	1523
619	大床房	大床房，配备舒适大床，温馨静谧，适合休闲度假。	440	1524
620	行政套房	行政套房，空间宽敞，配套齐全，尊享舒适入住体验。	545	1525
620	大床房	大床房，配备舒适大床，温馨静谧，适合休闲度假。	320	1526
620	标准间	标准间，简洁整洁，设施完备，高性价比之选。	203	1527
621	行政套房	行政套房，空间宽敞，配套齐全，尊享舒适入住体验。	791	1528
621	大床房	大床房，配备舒适大床，温馨静谧，适合休闲度假。	344	1529
621	标准间	标准间，简洁整洁，设施完备，高性价比之选。	224	1530
622	行政套房	行政套房，空间宽敞，配套齐全，尊享舒适入住体验。	772	1531
622	大床房	大床房，配备舒适大床，温馨静谧，适合休闲度假。	359	1532
623	大床房	大床房，配备舒适大床，温馨静谧，适合休闲度假。	379	1533
623	标准间	标准间，简洁整洁，设施完备，高性价比之选。	303	1534
624	行政套房	行政套房，空间宽敞，配套齐全，尊享舒适入住体验。	814	1535
624	大床房	大床房，配备舒适大床，温馨静谧，适合休闲度假。	335	1536
624	标准间	标准间，简洁整洁，设施完备，高性价比之选。	208	1537
625	标准间	标准间，简洁整洁，设施完备，高性价比之选。	205	1538
625	大床房	大床房，配备舒适大床，温馨静谧，适合休闲度假。	281	1539
625	行政套房	行政套房，空间宽敞，配套齐全，尊享舒适入住体验。	873	1540
626	行政套房	行政套房，空间宽敞，配套齐全，尊享舒适入住体验。	569	1541
626	大床房	大床房，配备舒适大床，温馨静谧，适合休闲度假。	380	1542
626	标准间	标准间，简洁整洁，设施完备，高性价比之选。	205	1543
627	行政套房	行政套房，空间宽敞，配套齐全，尊享舒适入住体验。	535	1544
627	标准间	标准间，简洁整洁，设施完备，高性价比之选。	320	1545
627	大床房	大床房，配备舒适大床，温馨静谧，适合休闲度假。	386	1546
628	标准间	标准间，简洁整洁，设施完备，高性价比之选。	232	1547
628	大床房	大床房，配备舒适大床，温馨静谧，适合休闲度假。	456	1548
628	行政套房	行政套房，空间宽敞，配套齐全，尊享舒适入住体验。	625	1549
629	大床房	大床房，配备舒适大床，温馨静谧，适合休闲度假。	261	1550
629	标准间	标准间，简洁整洁，设施完备，高性价比之选。	230	1551
629	行政套房	行政套房，空间宽敞，配套齐全，尊享舒适入住体验。	841	1552
630	大床房	大床房，配备舒适大床，温馨静谧，适合休闲度假。	412	1553
630	标准间	标准间，简洁整洁，设施完备，高性价比之选。	316	1554
631	标准间	标准间，简洁整洁，设施完备，高性价比之选。	319	1555
631	行政套房	行政套房，空间宽敞，配套齐全，尊享舒适入住体验。	752	1556
632	标准间	标准间，简洁整洁，设施完备，高性价比之选。	241	1557
632	行政套房	行政套房，空间宽敞，配套齐全，尊享舒适入住体验。	669	1558
632	大床房	大床房，配备舒适大床，温馨静谧，适合休闲度假。	477	1559
633	标准间	标准间，简洁整洁，设施完备，高性价比之选。	233	1560
633	大床房	大床房，配备舒适大床，温馨静谧，适合休闲度假。	336	1561
634	行政套房	行政套房，空间宽敞，配套齐全，尊享舒适入住体验。	789	1562
634	标准间	标准间，简洁整洁，设施完备，高性价比之选。	231	1563
634	大床房	大床房，配备舒适大床，温馨静谧，适合休闲度假。	398	1564
635	大床房	大床房，配备舒适大床，温馨静谧，适合休闲度假。	269	1565
635	行政套房	行政套房，空间宽敞，配套齐全，尊享舒适入住体验。	489	1566
635	标准间	标准间，简洁整洁，设施完备，高性价比之选。	275	1567
636	标准间	标准间，简洁整洁，设施完备，高性价比之选。	180	1568
636	行政套房	行政套房，空间宽敞，配套齐全，尊享舒适入住体验。	593	1569
637	大床房	大床房，配备舒适大床，温馨静谧，适合休闲度假。	386	1570
637	标准间	标准间，简洁整洁，设施完备，高性价比之选。	245	1571
638	大床房	大床房，配备舒适大床，温馨静谧，适合休闲度假。	331	1572
638	行政套房	行政套房，空间宽敞，配套齐全，尊享舒适入住体验。	562	1573
639	大床房	大床房，配备舒适大床，温馨静谧，适合休闲度假。	397	1574
639	行政套房	行政套房，空间宽敞，配套齐全，尊享舒适入住体验。	835	1575
640	大床房	大床房，配备舒适大床，温馨静谧，适合休闲度假。	395	1576
640	标准间	标准间，简洁整洁，设施完备，高性价比之选。	195	1577
640	行政套房	行政套房，空间宽敞，配套齐全，尊享舒适入住体验。	601	1578
641	行政套房	行政套房，空间宽敞，配套齐全，尊享舒适入住体验。	788	1579
641	标准间	标准间，简洁整洁，设施完备，高性价比之选。	215	1580
642	行政套房	行政套房，空间宽敞，配套齐全，尊享舒适入住体验。	605	1581
642	标准间	标准间，简洁整洁，设施完备，高性价比之选。	204	1582
642	大床房	大床房，配备舒适大床，温馨静谧，适合休闲度假。	275	1583
643	标准间	标准间，简洁整洁，设施完备，高性价比之选。	303	1584
643	行政套房	行政套房，空间宽敞，配套齐全，尊享舒适入住体验。	650	1585
643	大床房	大床房，配备舒适大床，温馨静谧，适合休闲度假。	457	1586
644	标准间	标准间，简洁整洁，设施完备，高性价比之选。	224	1587
644	大床房	大床房，配备舒适大床，温馨静谧，适合休闲度假。	270	1588
644	行政套房	行政套房，空间宽敞，配套齐全，尊享舒适入住体验。	707	1589
645	大床房	大床房，配备舒适大床，温馨静谧，适合休闲度假。	412	1590
645	行政套房	行政套房，空间宽敞，配套齐全，尊享舒适入住体验。	675	1591
645	标准间	标准间，简洁整洁，设施完备，高性价比之选。	254	1592
646	大床房	大床房，配备舒适大床，温馨静谧，适合休闲度假。	289	1593
646	行政套房	行政套房，空间宽敞，配套齐全，尊享舒适入住体验。	879	1594
647	行政套房	行政套房，空间宽敞，配套齐全，尊享舒适入住体验。	760	1595
647	大床房	大床房，配备舒适大床，温馨静谧，适合休闲度假。	360	1596
648	标准间	标准间，简洁整洁，设施完备，高性价比之选。	311	1597
648	大床房	大床房，配备舒适大床，温馨静谧，适合休闲度假。	409	1598
648	行政套房	行政套房，空间宽敞，配套齐全，尊享舒适入住体验。	634	1599
649	大床房	大床房，配备舒适大床，温馨静谧，适合休闲度假。	378	1600
649	行政套房	行政套房，空间宽敞，配套齐全，尊享舒适入住体验。	861	1601
649	标准间	标准间，简洁整洁，设施完备，高性价比之选。	290	1602
650	大床房	大床房，配备舒适大床，温馨静谧，适合休闲度假。	303	1603
650	行政套房	行政套房，空间宽敞，配套齐全，尊享舒适入住体验。	644	1604
650	标准间	标准间，简洁整洁，设施完备，高性价比之选。	187	1605
651	标准间	标准间，简洁整洁，设施完备，高性价比之选。	248	1606
651	行政套房	行政套房，空间宽敞，配套齐全，尊享舒适入住体验。	534	1607
651	大床房	大床房，配备舒适大床，温馨静谧，适合休闲度假。	368	1608
652	标准间	标准间，简洁整洁，设施完备，高性价比之选。	237	1609
652	大床房	大床房，配备舒适大床，温馨静谧，适合休闲度假。	383	1610
653	标准间	标准间，简洁整洁，设施完备，高性价比之选。	185	1611
653	行政套房	行政套房，空间宽敞，配套齐全，尊享舒适入住体验。	726	1612
653	大床房	大床房，配备舒适大床，温馨静谧，适合休闲度假。	460	1613
654	大床房	大床房，配备舒适大床，温馨静谧，适合休闲度假。	287	1614
654	行政套房	行政套房，空间宽敞，配套齐全，尊享舒适入住体验。	650	1615
655	标准间	标准间，简洁整洁，设施完备，高性价比之选。	305	1616
655	行政套房	行政套房，空间宽敞，配套齐全，尊享舒适入住体验。	574	1617
656	行政套房	行政套房，空间宽敞，配套齐全，尊享舒适入住体验。	825	1618
656	标准间	标准间，简洁整洁，设施完备，高性价比之选。	215	1619
656	大床房	大床房，配备舒适大床，温馨静谧，适合休闲度假。	351	1620
657	行政套房	行政套房，空间宽敞，配套齐全，尊享舒适入住体验。	588	1621
657	标准间	标准间，简洁整洁，设施完备，高性价比之选。	224	1622
658	标准间	标准间，简洁整洁，设施完备，高性价比之选。	196	1623
658	行政套房	行政套房，空间宽敞，配套齐全，尊享舒适入住体验。	857	1624
658	大床房	大床房，配备舒适大床，温馨静谧，适合休闲度假。	414	1625
659	行政套房	行政套房，空间宽敞，配套齐全，尊享舒适入住体验。	632	1626
659	大床房	大床房，配备舒适大床，温馨静谧，适合休闲度假。	388	1627
659	标准间	标准间，简洁整洁，设施完备，高性价比之选。	219	1628
660	行政套房	行政套房，空间宽敞，配套齐全，尊享舒适入住体验。	794	1629
660	大床房	大床房，配备舒适大床，温馨静谧，适合休闲度假。	349	1630
660	标准间	标准间，简洁整洁，设施完备，高性价比之选。	214	1631
661	行政套房	行政套房，空间宽敞，配套齐全，尊享舒适入住体验。	598	1632
661	标准间	标准间，简洁整洁，设施完备，高性价比之选。	198	1633
661	大床房	大床房，配备舒适大床，温馨静谧，适合休闲度假。	294	1634
662	行政套房	行政套房，空间宽敞，配套齐全，尊享舒适入住体验。	558	1635
662	标准间	标准间，简洁整洁，设施完备，高性价比之选。	191	1636
663	标准间	标准间，简洁整洁，设施完备，高性价比之选。	308	1637
663	大床房	大床房，配备舒适大床，温馨静谧，适合休闲度假。	350	1638
663	行政套房	行政套房，空间宽敞，配套齐全，尊享舒适入住体验。	626	1639
664	行政套房	行政套房，空间宽敞，配套齐全，尊享舒适入住体验。	655	1640
664	大床房	大床房，配备舒适大床，温馨静谧，适合休闲度假。	337	1641
665	大床房	大床房，配备舒适大床，温馨静谧，适合休闲度假。	457	1642
665	行政套房	行政套房，空间宽敞，配套齐全，尊享舒适入住体验。	516	1643
666	标准间	标准间，简洁整洁，设施完备，高性价比之选。	252	1644
666	大床房	大床房，配备舒适大床，温馨静谧，适合休闲度假。	283	1645
667	行政套房	行政套房，空间宽敞，配套齐全，尊享舒适入住体验。	785	1646
667	标准间	标准间，简洁整洁，设施完备，高性价比之选。	300	1647
667	大床房	大床房，配备舒适大床，温馨静谧，适合休闲度假。	353	1648
668	大床房	大床房，配备舒适大床，温馨静谧，适合休闲度假。	399	1649
668	标准间	标准间，简洁整洁，设施完备，高性价比之选。	286	1650
668	行政套房	行政套房，空间宽敞，配套齐全，尊享舒适入住体验。	540	1651
669	标准间	标准间，简洁整洁，设施完备，高性价比之选。	220	1652
669	大床房	大床房，配备舒适大床，温馨静谧，适合休闲度假。	375	1653
670	标准间	标准间，简洁整洁，设施完备，高性价比之选。	256	1654
670	大床房	大床房，配备舒适大床，温馨静谧，适合休闲度假。	379	1655
670	行政套房	行政套房，空间宽敞，配套齐全，尊享舒适入住体验。	654	1656
671	大床房	大床房，配备舒适大床，温馨静谧，适合休闲度假。	449	1657
671	标准间	标准间，简洁整洁，设施完备，高性价比之选。	282	1658
671	行政套房	行政套房，空间宽敞，配套齐全，尊享舒适入住体验。	587	1659
672	大床房	大床房，配备舒适大床，温馨静谧，适合休闲度假。	392	1660
672	标准间	标准间，简洁整洁，设施完备，高性价比之选。	206	1661
672	行政套房	行政套房，空间宽敞，配套齐全，尊享舒适入住体验。	853	1662
673	标准间	标准间，简洁整洁，设施完备，高性价比之选。	197	1663
673	大床房	大床房，配备舒适大床，温馨静谧，适合休闲度假。	397	1664
673	行政套房	行政套房，空间宽敞，配套齐全，尊享舒适入住体验。	871	1665
674	行政套房	行政套房，空间宽敞，配套齐全，尊享舒适入住体验。	733	1666
674	标准间	标准间，简洁整洁，设施完备，高性价比之选。	254	1667
674	大床房	大床房，配备舒适大床，温馨静谧，适合休闲度假。	440	1668
675	标准间	标准间，简洁整洁，设施完备，高性价比之选。	220	1669
675	大床房	大床房，配备舒适大床，温馨静谧，适合休闲度假。	337	1670
676	行政套房	行政套房，空间宽敞，配套齐全，尊享舒适入住体验。	654	1671
676	标准间	标准间，简洁整洁，设施完备，高性价比之选。	243	1672
677	行政套房	行政套房，空间宽敞，配套齐全，尊享舒适入住体验。	714	1673
677	大床房	大床房，配备舒适大床，温馨静谧，适合休闲度假。	269	1674
677	标准间	标准间，简洁整洁，设施完备，高性价比之选。	188	1675
678	行政套房	行政套房，空间宽敞，配套齐全，尊享舒适入住体验。	519	1676
678	标准间	标准间，简洁整洁，设施完备，高性价比之选。	279	1677
679	行政套房	行政套房，空间宽敞，配套齐全，尊享舒适入住体验。	738	1678
679	大床房	大床房，配备舒适大床，温馨静谧，适合休闲度假。	373	1679
679	标准间	标准间，简洁整洁，设施完备，高性价比之选。	273	1680
680	大床房	大床房，配备舒适大床，温馨静谧，适合休闲度假。	402	1681
680	行政套房	行政套房，空间宽敞，配套齐全，尊享舒适入住体验。	803	1682
680	标准间	标准间，简洁整洁，设施完备，高性价比之选。	209	1683
681	标准间	标准间，简洁整洁，设施完备，高性价比之选。	267	1684
681	行政套房	行政套房，空间宽敞，配套齐全，尊享舒适入住体验。	604	1685
682	行政套房	行政套房，空间宽敞，配套齐全，尊享舒适入住体验。	596	1686
682	标准间	标准间，简洁整洁，设施完备，高性价比之选。	287	1687
682	大床房	大床房，配备舒适大床，温馨静谧，适合休闲度假。	465	1688
683	标准间	标准间，简洁整洁，设施完备，高性价比之选。	213	1689
683	行政套房	行政套房，空间宽敞，配套齐全，尊享舒适入住体验。	546	1690
683	大床房	大床房，配备舒适大床，温馨静谧，适合休闲度假。	373	1691
684	标准间	标准间，简洁整洁，设施完备，高性价比之选。	232	1692
684	行政套房	行政套房，空间宽敞，配套齐全，尊享舒适入住体验。	868	1693
684	大床房	大床房，配备舒适大床，温馨静谧，适合休闲度假。	461	1694
685	标准间	标准间，简洁整洁，设施完备，高性价比之选。	252	1695
685	大床房	大床房，配备舒适大床，温馨静谧，适合休闲度假。	380	1696
685	行政套房	行政套房，空间宽敞，配套齐全，尊享舒适入住体验。	489	1697
686	行政套房	行政套房，空间宽敞，配套齐全，尊享舒适入住体验。	584	1698
686	标准间	标准间，简洁整洁，设施完备，高性价比之选。	269	1699
687	行政套房	行政套房，空间宽敞，配套齐全，尊享舒适入住体验。	607	1700
687	标准间	标准间，简洁整洁，设施完备，高性价比之选。	259	1701
687	大床房	大床房，配备舒适大床，温馨静谧，适合休闲度假。	409	1702
688	标准间	标准间，简洁整洁，设施完备，高性价比之选。	243	1703
688	大床房	大床房，配备舒适大床，温馨静谧，适合休闲度假。	469	1704
688	行政套房	行政套房，空间宽敞，配套齐全，尊享舒适入住体验。	575	1705
689	标准间	标准间，简洁整洁，设施完备，高性价比之选。	218	1706
689	行政套房	行政套房，空间宽敞，配套齐全，尊享舒适入住体验。	678	1707
689	大床房	大床房，配备舒适大床，温馨静谧，适合休闲度假。	324	1708
690	标准间	标准间，简洁整洁，设施完备，高性价比之选。	204	1709
690	行政套房	行政套房，空间宽敞，配套齐全，尊享舒适入住体验。	646	1710
690	大床房	大床房，配备舒适大床，温馨静谧，适合休闲度假。	382	1711
691	标准间	标准间，简洁整洁，设施完备，高性价比之选。	310	1712
691	大床房	大床房，配备舒适大床，温馨静谧，适合休闲度假。	413	1713
691	行政套房	行政套房，空间宽敞，配套齐全，尊享舒适入住体验。	816	1714
692	行政套房	行政套房，空间宽敞，配套齐全，尊享舒适入住体验。	676	1715
692	标准间	标准间，简洁整洁，设施完备，高性价比之选。	305	1716
693	大床房	大床房，配备舒适大床，温馨静谧，适合休闲度假。	425	1717
693	行政套房	行政套房，空间宽敞，配套齐全，尊享舒适入住体验。	641	1718
694	行政套房	行政套房，空间宽敞，配套齐全，尊享舒适入住体验。	764	1719
694	大床房	大床房，配备舒适大床，温馨静谧，适合休闲度假。	460	1720
694	标准间	标准间，简洁整洁，设施完备，高性价比之选。	191	1721
695	大床房	大床房，配备舒适大床，温馨静谧，适合休闲度假。	393	1722
695	行政套房	行政套房，空间宽敞，配套齐全，尊享舒适入住体验。	550	1723
696	行政套房	行政套房，空间宽敞，配套齐全，尊享舒适入住体验。	511	1724
696	标准间	标准间，简洁整洁，设施完备，高性价比之选。	301	1725
697	行政套房	行政套房，空间宽敞，配套齐全，尊享舒适入住体验。	750	1726
697	大床房	大床房，配备舒适大床，温馨静谧，适合休闲度假。	456	1727
697	标准间	标准间，简洁整洁，设施完备，高性价比之选。	214	1728
698	大床房	大床房，配备舒适大床，温馨静谧，适合休闲度假。	332	1729
698	标准间	标准间，简洁整洁，设施完备，高性价比之选。	218	1730
699	标准间	标准间，简洁整洁，设施完备，高性价比之选。	254	1731
699	大床房	大床房，配备舒适大床，温馨静谧，适合休闲度假。	336	1732
700	大床房	大床房，配备舒适大床，温馨静谧，适合休闲度假。	319	1733
700	行政套房	行政套房，空间宽敞，配套齐全，尊享舒适入住体验。	798	1734
700	标准间	标准间，简洁整洁，设施完备，高性价比之选。	287	1735
701	大床房	大床房，配备舒适大床，温馨静谧，适合休闲度假。	289	1736
701	标准间	标准间，简洁整洁，设施完备，高性价比之选。	191	1737
701	行政套房	行政套房，空间宽敞，配套齐全，尊享舒适入住体验。	498	1738
702	大床房	大床房，配备舒适大床，温馨静谧，适合休闲度假。	402	1739
702	行政套房	行政套房，空间宽敞，配套齐全，尊享舒适入住体验。	512	1740
702	标准间	标准间，简洁整洁，设施完备，高性价比之选。	210	1741
703	大床房	大床房，配备舒适大床，温馨静谧，适合休闲度假。	417	1742
703	行政套房	行政套房，空间宽敞，配套齐全，尊享舒适入住体验。	626	1743
703	标准间	标准间，简洁整洁，设施完备，高性价比之选。	255	1744
704	大床房	大床房，配备舒适大床，温馨静谧，适合休闲度假。	315	1745
704	标准间	标准间，简洁整洁，设施完备，高性价比之选。	307	1746
705	行政套房	行政套房，空间宽敞，配套齐全，尊享舒适入住体验。	802	1747
705	大床房	大床房，配备舒适大床，温馨静谧，适合休闲度假。	325	1748
705	标准间	标准间，简洁整洁，设施完备，高性价比之选。	237	1749
706	行政套房	行政套房，空间宽敞，配套齐全，尊享舒适入住体验。	572	1750
706	大床房	大床房，配备舒适大床，温馨静谧，适合休闲度假。	289	1751
707	大床房	大床房，配备舒适大床，温馨静谧，适合休闲度假。	401	1752
707	标准间	标准间，简洁整洁，设施完备，高性价比之选。	219	1753
708	行政套房	行政套房，空间宽敞，配套齐全，尊享舒适入住体验。	789	1754
708	大床房	大床房，配备舒适大床，温馨静谧，适合休闲度假。	437	1755
708	标准间	标准间，简洁整洁，设施完备，高性价比之选。	285	1756
709	大床房	大床房，配备舒适大床，温馨静谧，适合休闲度假。	470	1757
709	标准间	标准间，简洁整洁，设施完备，高性价比之选。	299	1758
710	行政套房	行政套房，空间宽敞，配套齐全，尊享舒适入住体验。	603	1759
710	标准间	标准间，简洁整洁，设施完备，高性价比之选。	223	1760
711	大床房	大床房，配备舒适大床，温馨静谧，适合休闲度假。	275	1761
711	标准间	标准间，简洁整洁，设施完备，高性价比之选。	282	1762
711	行政套房	行政套房，空间宽敞，配套齐全，尊享舒适入住体验。	498	1763
712	行政套房	行政套房，空间宽敞，配套齐全，尊享舒适入住体验。	555	1764
712	大床房	大床房，配备舒适大床，温馨静谧，适合休闲度假。	476	1765
713	行政套房	行政套房，空间宽敞，配套齐全，尊享舒适入住体验。	755	1766
713	大床房	大床房，配备舒适大床，温馨静谧，适合休闲度假。	368	1767
713	标准间	标准间，简洁整洁，设施完备，高性价比之选。	248	1768
714	标准间	标准间，简洁整洁，设施完备，高性价比之选。	205	1769
714	行政套房	行政套房，空间宽敞，配套齐全，尊享舒适入住体验。	595	1770
714	大床房	大床房，配备舒适大床，温馨静谧，适合休闲度假。	346	1771
715	行政套房	行政套房，空间宽敞，配套齐全，尊享舒适入住体验。	517	1772
715	大床房	大床房，配备舒适大床，温馨静谧，适合休闲度假。	347	1773
715	标准间	标准间，简洁整洁，设施完备，高性价比之选。	278	1774
716	大床房	大床房，配备舒适大床，温馨静谧，适合休闲度假。	263	1775
716	行政套房	行政套房，空间宽敞，配套齐全，尊享舒适入住体验。	837	1776
717	标准间	标准间，简洁整洁，设施完备，高性价比之选。	202	1777
717	大床房	大床房，配备舒适大床，温馨静谧，适合休闲度假。	287	1778
717	行政套房	行政套房，空间宽敞，配套齐全，尊享舒适入住体验。	718	1779
718	大床房	大床房，配备舒适大床，温馨静谧，适合休闲度假。	466	1780
718	行政套房	行政套房，空间宽敞，配套齐全，尊享舒适入住体验。	626	1781
718	标准间	标准间，简洁整洁，设施完备，高性价比之选。	289	1782
719	标准间	标准间，简洁整洁，设施完备，高性价比之选。	278	1783
719	行政套房	行政套房，空间宽敞，配套齐全，尊享舒适入住体验。	560	1784
719	大床房	大床房，配备舒适大床，温馨静谧，适合休闲度假。	336	1785
720	标准间	标准间，简洁整洁，设施完备，高性价比之选。	250	1786
720	行政套房	行政套房，空间宽敞，配套齐全，尊享舒适入住体验。	763	1787
720	大床房	大床房，配备舒适大床，温馨静谧，适合休闲度假。	344	1788
721	行政套房	行政套房，空间宽敞，配套齐全，尊享舒适入住体验。	528	1789
721	大床房	大床房，配备舒适大床，温馨静谧，适合休闲度假。	346	1790
722	行政套房	行政套房，空间宽敞，配套齐全，尊享舒适入住体验。	723	1791
722	大床房	大床房，配备舒适大床，温馨静谧，适合休闲度假。	270	1792
722	标准间	标准间，简洁整洁，设施完备，高性价比之选。	293	1793
723	大床房	大床房，配备舒适大床，温馨静谧，适合休闲度假。	261	1794
723	标准间	标准间，简洁整洁，设施完备，高性价比之选。	287	1795
724	行政套房	行政套房，空间宽敞，配套齐全，尊享舒适入住体验。	756	1796
724	大床房	大床房，配备舒适大床，温馨静谧，适合休闲度假。	358	1797
725	行政套房	行政套房，空间宽敞，配套齐全，尊享舒适入住体验。	737	1798
725	标准间	标准间，简洁整洁，设施完备，高性价比之选。	233	1799
725	大床房	大床房，配备舒适大床，温馨静谧，适合休闲度假。	284	1800
726	大床房	大床房，配备舒适大床，温馨静谧，适合休闲度假。	361	1801
726	行政套房	行政套房，空间宽敞，配套齐全，尊享舒适入住体验。	693	1802
727	行政套房	行政套房，空间宽敞，配套齐全，尊享舒适入住体验。	812	1803
727	标准间	标准间，简洁整洁，设施完备，高性价比之选。	310	1804
727	大床房	大床房，配备舒适大床，温馨静谧，适合休闲度假。	466	1805
728	标准间	标准间，简洁整洁，设施完备，高性价比之选。	241	1806
728	行政套房	行政套房，空间宽敞，配套齐全，尊享舒适入住体验。	533	1807
728	大床房	大床房，配备舒适大床，温馨静谧，适合休闲度假。	474	1808
729	行政套房	行政套房，空间宽敞，配套齐全，尊享舒适入住体验。	612	1809
729	大床房	大床房，配备舒适大床，温馨静谧，适合休闲度假。	428	1810
730	大床房	大床房，配备舒适大床，温馨静谧，适合休闲度假。	368	1811
730	行政套房	行政套房，空间宽敞，配套齐全，尊享舒适入住体验。	754	1812
731	标准间	标准间，简洁整洁，设施完备，高性价比之选。	274	1813
731	大床房	大床房，配备舒适大床，温馨静谧，适合休闲度假。	425	1814
732	行政套房	行政套房，空间宽敞，配套齐全，尊享舒适入住体验。	747	1815
732	大床房	大床房，配备舒适大床，温馨静谧，适合休闲度假。	262	1816
733	行政套房	行政套房，空间宽敞，配套齐全，尊享舒适入住体验。	593	1817
733	标准间	标准间，简洁整洁，设施完备，高性价比之选。	289	1818
734	行政套房	行政套房，空间宽敞，配套齐全，尊享舒适入住体验。	751	1819
734	标准间	标准间，简洁整洁，设施完备，高性价比之选。	244	1820
735	标准间	标准间，简洁整洁，设施完备，高性价比之选。	313	1821
735	大床房	大床房，配备舒适大床，温馨静谧，适合休闲度假。	366	1822
736	标准间	标准间，简洁整洁，设施完备，高性价比之选。	259	1823
736	大床房	大床房，配备舒适大床，温馨静谧，适合休闲度假。	357	1824
737	标准间	标准间，简洁整洁，设施完备，高性价比之选。	234	1825
737	大床房	大床房，配备舒适大床，温馨静谧，适合休闲度假。	410	1826
738	大床房	大床房，配备舒适大床，温馨静谧，适合休闲度假。	404	1827
738	标准间	标准间，简洁整洁，设施完备，高性价比之选。	235	1828
738	行政套房	行政套房，空间宽敞，配套齐全，尊享舒适入住体验。	627	1829
739	标准间	标准间，简洁整洁，设施完备，高性价比之选。	221	1830
739	行政套房	行政套房，空间宽敞，配套齐全，尊享舒适入住体验。	788	1831
740	标准间	标准间，简洁整洁，设施完备，高性价比之选。	221	1832
740	大床房	大床房，配备舒适大床，温馨静谧，适合休闲度假。	466	1833
741	大床房	大床房，配备舒适大床，温馨静谧，适合休闲度假。	263	1834
741	标准间	标准间，简洁整洁，设施完备，高性价比之选。	212	1835
741	行政套房	行政套房，空间宽敞，配套齐全，尊享舒适入住体验。	874	1836
742	大床房	大床房，配备舒适大床，温馨静谧，适合休闲度假。	335	1837
742	行政套房	行政套房，空间宽敞，配套齐全，尊享舒适入住体验。	693	1838
742	标准间	标准间，简洁整洁，设施完备，高性价比之选。	305	1839
743	标准间	标准间，简洁整洁，设施完备，高性价比之选。	215	1840
743	大床房	大床房，配备舒适大床，温馨静谧，适合休闲度假。	462	1841
744	行政套房	行政套房，空间宽敞，配套齐全，尊享舒适入住体验。	775	1842
744	标准间	标准间，简洁整洁，设施完备，高性价比之选。	219	1843
745	行政套房	行政套房，空间宽敞，配套齐全，尊享舒适入住体验。	629	1844
745	大床房	大床房，配备舒适大床，温馨静谧，适合休闲度假。	391	1845
746	行政套房	行政套房，空间宽敞，配套齐全，尊享舒适入住体验。	649	1846
746	大床房	大床房，配备舒适大床，温馨静谧，适合休闲度假。	291	1847
747	标准间	标准间，简洁整洁，设施完备，高性价比之选。	285	1848
747	行政套房	行政套房，空间宽敞，配套齐全，尊享舒适入住体验。	630	1849
747	大床房	大床房，配备舒适大床，温馨静谧，适合休闲度假。	305	1850
748	标准间	标准间，简洁整洁，设施完备，高性价比之选。	283	1851
748	大床房	大床房，配备舒适大床，温馨静谧，适合休闲度假。	279	1852
748	行政套房	行政套房，空间宽敞，配套齐全，尊享舒适入住体验。	791	1853
749	行政套房	行政套房，空间宽敞，配套齐全，尊享舒适入住体验。	701	1854
749	标准间	标准间，简洁整洁，设施完备，高性价比之选。	303	1855
749	大床房	大床房，配备舒适大床，温馨静谧，适合休闲度假。	343	1856
750	大床房	大床房，配备舒适大床，温馨静谧，适合休闲度假。	282	1857
750	行政套房	行政套房，空间宽敞，配套齐全，尊享舒适入住体验。	854	1858
751	大床房	大床房，配备舒适大床，温馨静谧，适合休闲度假。	366	1859
751	标准间	标准间，简洁整洁，设施完备，高性价比之选。	297	1860
751	行政套房	行政套房，空间宽敞，配套齐全，尊享舒适入住体验。	601	1861
752	行政套房	行政套房，空间宽敞，配套齐全，尊享舒适入住体验。	482	1862
752	大床房	大床房，配备舒适大床，温馨静谧，适合休闲度假。	310	1863
752	标准间	标准间，简洁整洁，设施完备，高性价比之选。	200	1864
753	标准间	标准间，简洁整洁，设施完备，高性价比之选。	309	1865
753	行政套房	行政套房，空间宽敞，配套齐全，尊享舒适入住体验。	796	1866
753	大床房	大床房，配备舒适大床，温馨静谧，适合休闲度假。	425	1867
754	标准间	标准间，简洁整洁，设施完备，高性价比之选。	183	1868
754	行政套房	行政套房，空间宽敞，配套齐全，尊享舒适入住体验。	838	1869
754	大床房	大床房，配备舒适大床，温馨静谧，适合休闲度假。	469	1870
755	标准间	标准间，简洁整洁，设施完备，高性价比之选。	313	1871
755	大床房	大床房，配备舒适大床，温馨静谧，适合休闲度假。	427	1872
755	行政套房	行政套房，空间宽敞，配套齐全，尊享舒适入住体验。	527	1873
756	大床房	大床房，配备舒适大床，温馨静谧，适合休闲度假。	264	1874
756	行政套房	行政套房，空间宽敞，配套齐全，尊享舒适入住体验。	875	1875
757	大床房	大床房，配备舒适大床，温馨静谧，适合休闲度假。	274	1876
757	标准间	标准间，简洁整洁，设施完备，高性价比之选。	294	1877
758	行政套房	行政套房，空间宽敞，配套齐全，尊享舒适入住体验。	700	1878
758	大床房	大床房，配备舒适大床，温馨静谧，适合休闲度假。	463	1879
758	标准间	标准间，简洁整洁，设施完备，高性价比之选。	206	1880
759	行政套房	行政套房，空间宽敞，配套齐全，尊享舒适入住体验。	532	1881
759	大床房	大床房，配备舒适大床，温馨静谧，适合休闲度假。	366	1882
760	大床房	大床房，配备舒适大床，温馨静谧，适合休闲度假。	439	1883
760	标准间	标准间，简洁整洁，设施完备，高性价比之选。	290	1884
761	行政套房	行政套房，空间宽敞，配套齐全，尊享舒适入住体验。	590	1885
761	标准间	标准间，简洁整洁，设施完备，高性价比之选。	186	1886
761	大床房	大床房，配备舒适大床，温馨静谧，适合休闲度假。	300	1887
762	行政套房	行政套房，空间宽敞，配套齐全，尊享舒适入住体验。	508	1888
762	标准间	标准间，简洁整洁，设施完备，高性价比之选。	221	1889
763	行政套房	行政套房，空间宽敞，配套齐全，尊享舒适入住体验。	713	1890
763	标准间	标准间，简洁整洁，设施完备，高性价比之选。	181	1891
764	标准间	标准间，简洁整洁，设施完备，高性价比之选。	268	1892
764	大床房	大床房，配备舒适大床，温馨静谧，适合休闲度假。	368	1893
765	行政套房	行政套房，空间宽敞，配套齐全，尊享舒适入住体验。	600	1894
765	标准间	标准间，简洁整洁，设施完备，高性价比之选。	277	1895
765	大床房	大床房，配备舒适大床，温馨静谧，适合休闲度假。	415	1896
766	标准间	标准间，简洁整洁，设施完备，高性价比之选。	184	1897
766	行政套房	行政套房，空间宽敞，配套齐全，尊享舒适入住体验。	542	1898
767	行政套房	行政套房，空间宽敞，配套齐全，尊享舒适入住体验。	604	1899
767	大床房	大床房，配备舒适大床，温馨静谧，适合休闲度假。	448	1900
767	标准间	标准间，简洁整洁，设施完备，高性价比之选。	223	1901
768	标准间	标准间，简洁整洁，设施完备，高性价比之选。	210	1902
768	行政套房	行政套房，空间宽敞，配套齐全，尊享舒适入住体验。	867	1903
769	标准间	标准间，简洁整洁，设施完备，高性价比之选。	292	1904
769	行政套房	行政套房，空间宽敞，配套齐全，尊享舒适入住体验。	611	1905
769	大床房	大床房，配备舒适大床，温馨静谧，适合休闲度假。	283	1906
770	大床房	大床房，配备舒适大床，温馨静谧，适合休闲度假。	369	1907
770	行政套房	行政套房，空间宽敞，配套齐全，尊享舒适入住体验。	659	1908
770	标准间	标准间，简洁整洁，设施完备，高性价比之选。	319	1909
771	大床房	大床房，配备舒适大床，温馨静谧，适合休闲度假。	338	1910
771	标准间	标准间，简洁整洁，设施完备，高性价比之选。	317	1911
771	行政套房	行政套房，空间宽敞，配套齐全，尊享舒适入住体验。	497	1912
772	大床房	大床房，配备舒适大床，温馨静谧，适合休闲度假。	314	1913
772	行政套房	行政套房，空间宽敞，配套齐全，尊享舒适入住体验。	519	1914
772	标准间	标准间，简洁整洁，设施完备，高性价比之选。	319	1915
773	行政套房	行政套房，空间宽敞，配套齐全，尊享舒适入住体验。	772	1916
773	大床房	大床房，配备舒适大床，温馨静谧，适合休闲度假。	431	1917
773	标准间	标准间，简洁整洁，设施完备，高性价比之选。	231	1918
774	标准间	标准间，简洁整洁，设施完备，高性价比之选。	212	1919
774	行政套房	行政套房，空间宽敞，配套齐全，尊享舒适入住体验。	551	1920
774	大床房	大床房，配备舒适大床，温馨静谧，适合休闲度假。	344	1921
775	行政套房	行政套房，空间宽敞，配套齐全，尊享舒适入住体验。	691	1922
775	标准间	标准间，简洁整洁，设施完备，高性价比之选。	184	1923
775	大床房	大床房，配备舒适大床，温馨静谧，适合休闲度假。	355	1924
776	行政套房	行政套房，空间宽敞，配套齐全，尊享舒适入住体验。	720	1925
776	大床房	大床房，配备舒适大床，温馨静谧，适合休闲度假。	288	1926
776	标准间	标准间，简洁整洁，设施完备，高性价比之选。	262	1927
777	标准间	标准间，简洁整洁，设施完备，高性价比之选。	316	1928
777	大床房	大床房，配备舒适大床，温馨静谧，适合休闲度假。	354	1929
777	行政套房	行政套房，空间宽敞，配套齐全，尊享舒适入住体验。	569	1930
778	行政套房	行政套房，空间宽敞，配套齐全，尊享舒适入住体验。	774	1931
778	大床房	大床房，配备舒适大床，温馨静谧，适合休闲度假。	334	1932
778	标准间	标准间，简洁整洁，设施完备，高性价比之选。	289	1933
779	大床房	大床房，配备舒适大床，温馨静谧，适合休闲度假。	414	1934
779	行政套房	行政套房，空间宽敞，配套齐全，尊享舒适入住体验。	594	1935
780	大床房	大床房，配备舒适大床，温馨静谧，适合休闲度假。	349	1936
780	标准间	标准间，简洁整洁，设施完备，高性价比之选。	264	1937
781	行政套房	行政套房，空间宽敞，配套齐全，尊享舒适入住体验。	597	1938
781	大床房	大床房，配备舒适大床，温馨静谧，适合休闲度假。	284	1939
782	大床房	大床房，配备舒适大床，温馨静谧，适合休闲度假。	449	1940
782	标准间	标准间，简洁整洁，设施完备，高性价比之选。	265	1941
782	行政套房	行政套房，空间宽敞，配套齐全，尊享舒适入住体验。	540	1942
783	行政套房	行政套房，空间宽敞，配套齐全，尊享舒适入住体验。	842	1943
783	大床房	大床房，配备舒适大床，温馨静谧，适合休闲度假。	287	1944
783	标准间	标准间，简洁整洁，设施完备，高性价比之选。	250	1945
784	大床房	大床房，配备舒适大床，温馨静谧，适合休闲度假。	284	1946
784	标准间	标准间，简洁整洁，设施完备，高性价比之选。	274	1947
784	行政套房	行政套房，空间宽敞，配套齐全，尊享舒适入住体验。	854	1948
785	行政套房	行政套房，空间宽敞，配套齐全，尊享舒适入住体验。	527	1949
785	大床房	大床房，配备舒适大床，温馨静谧，适合休闲度假。	379	1950
785	标准间	标准间，简洁整洁，设施完备，高性价比之选。	241	1951
786	标准间	标准间，简洁整洁，设施完备，高性价比之选。	222	1952
786	行政套房	行政套房，空间宽敞，配套齐全，尊享舒适入住体验。	756	1953
787	标准间	标准间，简洁整洁，设施完备，高性价比之选。	186	1954
787	大床房	大床房，配备舒适大床，温馨静谧，适合休闲度假。	314	1955
788	行政套房	行政套房，空间宽敞，配套齐全，尊享舒适入住体验。	503	1956
788	大床房	大床房，配备舒适大床，温馨静谧，适合休闲度假。	377	1957
789	大床房	大床房，配备舒适大床，温馨静谧，适合休闲度假。	466	1958
789	行政套房	行政套房，空间宽敞，配套齐全，尊享舒适入住体验。	762	1959
790	行政套房	行政套房，空间宽敞，配套齐全，尊享舒适入住体验。	736	1960
790	标准间	标准间，简洁整洁，设施完备，高性价比之选。	231	1961
791	大床房	大床房，配备舒适大床，温馨静谧，适合休闲度假。	366	1962
791	行政套房	行政套房，空间宽敞，配套齐全，尊享舒适入住体验。	531	1963
792	行政套房	行政套房，空间宽敞，配套齐全，尊享舒适入住体验。	736	1964
792	大床房	大床房，配备舒适大床，温馨静谧，适合休闲度假。	272	1965
793	大床房	大床房，配备舒适大床，温馨静谧，适合休闲度假。	298	1966
793	行政套房	行政套房，空间宽敞，配套齐全，尊享舒适入住体验。	643	1967
794	标准间	标准间，简洁整洁，设施完备，高性价比之选。	201	1968
794	大床房	大床房，配备舒适大床，温馨静谧，适合休闲度假。	378	1969
795	标准间	标准间，简洁整洁，设施完备，高性价比之选。	294	1970
795	行政套房	行政套房，空间宽敞，配套齐全，尊享舒适入住体验。	555	1971
796	大床房	大床房，配备舒适大床，温馨静谧，适合休闲度假。	447	1972
796	行政套房	行政套房，空间宽敞，配套齐全，尊享舒适入住体验。	827	1973
796	标准间	标准间，简洁整洁，设施完备，高性价比之选。	223	1974
797	标准间	标准间，简洁整洁，设施完备，高性价比之选。	180	1975
797	行政套房	行政套房，空间宽敞，配套齐全，尊享舒适入住体验。	626	1976
797	大床房	大床房，配备舒适大床，温馨静谧，适合休闲度假。	260	1977
798	大床房	大床房，配备舒适大床，温馨静谧，适合休闲度假。	265	1978
798	标准间	标准间，简洁整洁，设施完备，高性价比之选。	239	1979
798	行政套房	行政套房，空间宽敞，配套齐全，尊享舒适入住体验。	857	1980
799	行政套房	行政套房，空间宽敞，配套齐全，尊享舒适入住体验。	723	1981
799	标准间	标准间，简洁整洁，设施完备，高性价比之选。	197	1982
799	大床房	大床房，配备舒适大床，温馨静谧，适合休闲度假。	374	1983
800	标准间	标准间，简洁整洁，设施完备，高性价比之选。	216	1984
800	行政套房	行政套房，空间宽敞，配套齐全，尊享舒适入住体验。	796	1985
800	大床房	大床房，配备舒适大床，温馨静谧，适合休闲度假。	301	1986
801	标准间	标准间，简洁整洁，设施完备，高性价比之选。	281	1987
801	大床房	大床房，配备舒适大床，温馨静谧，适合休闲度假。	449	1988
802	大床房	大床房，配备舒适大床，温馨静谧，适合休闲度假。	395	1989
802	行政套房	行政套房，空间宽敞，配套齐全，尊享舒适入住体验。	559	1990
802	标准间	标准间，简洁整洁，设施完备，高性价比之选。	277	1991
803	标准间	标准间，简洁整洁，设施完备，高性价比之选。	212	1992
803	大床房	大床房，配备舒适大床，温馨静谧，适合休闲度假。	313	1993
804	标准间	标准间，简洁整洁，设施完备，高性价比之选。	277	1994
804	大床房	大床房，配备舒适大床，温馨静谧，适合休闲度假。	444	1995
805	大床房	大床房，配备舒适大床，温馨静谧，适合休闲度假。	344	1996
805	行政套房	行政套房，空间宽敞，配套齐全，尊享舒适入住体验。	605	1997
806	行政套房	行政套房，空间宽敞，配套齐全，尊享舒适入住体验。	756	1998
806	标准间	标准间，简洁整洁，设施完备，高性价比之选。	315	1999
806	大床房	大床房，配备舒适大床，温馨静谧，适合休闲度假。	383	2000
807	行政套房	行政套房，空间宽敞，配套齐全，尊享舒适入住体验。	708	2001
807	大床房	大床房，配备舒适大床，温馨静谧，适合休闲度假。	272	2002
808	标准间	标准间，简洁整洁，设施完备，高性价比之选。	273	2003
808	行政套房	行政套房，空间宽敞，配套齐全，尊享舒适入住体验。	799	2004
809	行政套房	行政套房，空间宽敞，配套齐全，尊享舒适入住体验。	501	2005
809	大床房	大床房，配备舒适大床，温馨静谧，适合休闲度假。	373	2006
810	大床房	大床房，配备舒适大床，温馨静谧，适合休闲度假。	443	2007
810	行政套房	行政套房，空间宽敞，配套齐全，尊享舒适入住体验。	728	2008
811	大床房	大床房，配备舒适大床，温馨静谧，适合休闲度假。	359	2009
811	行政套房	行政套房，空间宽敞，配套齐全，尊享舒适入住体验。	481	2010
811	标准间	标准间，简洁整洁，设施完备，高性价比之选。	186	2011
812	行政套房	行政套房，空间宽敞，配套齐全，尊享舒适入住体验。	674	2012
812	标准间	标准间，简洁整洁，设施完备，高性价比之选。	261	2013
812	大床房	大床房，配备舒适大床，温馨静谧，适合休闲度假。	299	2014
813	标准间	标准间，简洁整洁，设施完备，高性价比之选。	195	2015
813	行政套房	行政套房，空间宽敞，配套齐全，尊享舒适入住体验。	618	2016
813	大床房	大床房，配备舒适大床，温馨静谧，适合休闲度假。	344	2017
814	行政套房	行政套房，空间宽敞，配套齐全，尊享舒适入住体验。	716	2018
814	大床房	大床房，配备舒适大床，温馨静谧，适合休闲度假。	384	2019
814	标准间	标准间，简洁整洁，设施完备，高性价比之选。	276	2020
815	标准间	标准间，简洁整洁，设施完备，高性价比之选。	252	2021
815	行政套房	行政套房，空间宽敞，配套齐全，尊享舒适入住体验。	558	2022
816	行政套房	行政套房，空间宽敞，配套齐全，尊享舒适入住体验。	622	2023
816	标准间	标准间，简洁整洁，设施完备，高性价比之选。	272	2024
816	大床房	大床房，配备舒适大床，温馨静谧，适合休闲度假。	427	2025
817	行政套房	行政套房，空间宽敞，配套齐全，尊享舒适入住体验。	558	2026
817	标准间	标准间，简洁整洁，设施完备，高性价比之选。	211	2027
817	大床房	大床房，配备舒适大床，温馨静谧，适合休闲度假。	472	2028
818	大床房	大床房，配备舒适大床，温馨静谧，适合休闲度假。	450	2029
818	标准间	标准间，简洁整洁，设施完备，高性价比之选。	216	2030
819	标准间	标准间，简洁整洁，设施完备，高性价比之选。	185	2031
819	大床房	大床房，配备舒适大床，温馨静谧，适合休闲度假。	346	2032
819	行政套房	行政套房，空间宽敞，配套齐全，尊享舒适入住体验。	735	2033
820	标准间	标准间，简洁整洁，设施完备，高性价比之选。	270	2034
820	大床房	大床房，配备舒适大床，温馨静谧，适合休闲度假。	428	2035
821	标准间	标准间，简洁整洁，设施完备，高性价比之选。	297	2036
821	行政套房	行政套房，空间宽敞，配套齐全，尊享舒适入住体验。	693	2037
822	标准间	标准间，简洁整洁，设施完备，高性价比之选。	306	2038
822	行政套房	行政套房，空间宽敞，配套齐全，尊享舒适入住体验。	846	2039
823	大床房	大床房，配备舒适大床，温馨静谧，适合休闲度假。	379	2040
823	标准间	标准间，简洁整洁，设施完备，高性价比之选。	266	2041
823	行政套房	行政套房，空间宽敞，配套齐全，尊享舒适入住体验。	844	2042
824	大床房	大床房，配备舒适大床，温馨静谧，适合休闲度假。	278	2043
824	行政套房	行政套房，空间宽敞，配套齐全，尊享舒适入住体验。	791	2044
824	标准间	标准间，简洁整洁，设施完备，高性价比之选。	280	2045
825	标准间	标准间，简洁整洁，设施完备，高性价比之选。	259	2046
825	大床房	大床房，配备舒适大床，温馨静谧，适合休闲度假。	264	2047
826	标准间	标准间，简洁整洁，设施完备，高性价比之选。	189	2048
826	行政套房	行政套房，空间宽敞，配套齐全，尊享舒适入住体验。	493	2049
827	标准间	标准间，简洁整洁，设施完备，高性价比之选。	276	2050
827	大床房	大床房，配备舒适大床，温馨静谧，适合休闲度假。	416	2051
827	行政套房	行政套房，空间宽敞，配套齐全，尊享舒适入住体验。	871	2052
828	标准间	标准间，简洁整洁，设施完备，高性价比之选。	286	2053
828	行政套房	行政套房，空间宽敞，配套齐全，尊享舒适入住体验。	828	2054
828	大床房	大床房，配备舒适大床，温馨静谧，适合休闲度假。	307	2055
829	标准间	标准间，简洁整洁，设施完备，高性价比之选。	305	2056
829	行政套房	行政套房，空间宽敞，配套齐全，尊享舒适入住体验。	512	2057
830	行政套房	行政套房，空间宽敞，配套齐全，尊享舒适入住体验。	781	2058
830	标准间	标准间，简洁整洁，设施完备，高性价比之选。	218	2059
831	标准间	标准间，简洁整洁，设施完备，高性价比之选。	213	2060
831	大床房	大床房，配备舒适大床，温馨静谧，适合休闲度假。	406	2061
831	行政套房	行政套房，空间宽敞，配套齐全，尊享舒适入住体验。	627	2062
832	标准间	标准间，简洁整洁，设施完备，高性价比之选。	210	2063
832	大床房	大床房，配备舒适大床，温馨静谧，适合休闲度假。	354	2064
832	行政套房	行政套房，空间宽敞，配套齐全，尊享舒适入住体验。	780	2065
833	大床房	大床房，配备舒适大床，温馨静谧，适合休闲度假。	294	2066
833	行政套房	行政套房，空间宽敞，配套齐全，尊享舒适入住体验。	713	2067
834	行政套房	行政套房，空间宽敞，配套齐全，尊享舒适入住体验。	706	2068
834	大床房	大床房，配备舒适大床，温馨静谧，适合休闲度假。	276	2069
834	标准间	标准间，简洁整洁，设施完备，高性价比之选。	205	2070
835	大床房	大床房，配备舒适大床，温馨静谧，适合休闲度假。	449	2071
835	标准间	标准间，简洁整洁，设施完备，高性价比之选。	268	2072
836	标准间	标准间，简洁整洁，设施完备，高性价比之选。	237	2073
836	行政套房	行政套房，空间宽敞，配套齐全，尊享舒适入住体验。	711	2074
837	标准间	标准间，简洁整洁，设施完备，高性价比之选。	200	2075
837	大床房	大床房，配备舒适大床，温馨静谧，适合休闲度假。	280	2076
838	行政套房	行政套房，空间宽敞，配套齐全，尊享舒适入住体验。	616	2077
838	标准间	标准间，简洁整洁，设施完备，高性价比之选。	225	2078
838	大床房	大床房，配备舒适大床，温馨静谧，适合休闲度假。	326	2079
839	标准间	标准间，简洁整洁，设施完备，高性价比之选。	292	2080
839	大床房	大床房，配备舒适大床，温馨静谧，适合休闲度假。	275	2081
840	行政套房	行政套房，空间宽敞，配套齐全，尊享舒适入住体验。	550	2082
840	大床房	大床房，配备舒适大床，温馨静谧，适合休闲度假。	480	2083
840	标准间	标准间，简洁整洁，设施完备，高性价比之选。	294	2084
841	行政套房	行政套房，空间宽敞，配套齐全，尊享舒适入住体验。	854	2085
841	标准间	标准间，简洁整洁，设施完备，高性价比之选。	297	2086
841	大床房	大床房，配备舒适大床，温馨静谧，适合休闲度假。	457	2087
842	标准间	标准间，简洁整洁，设施完备，高性价比之选。	189	2088
842	大床房	大床房，配备舒适大床，温馨静谧，适合休闲度假。	422	2089
843	大床房	大床房，配备舒适大床，温馨静谧，适合休闲度假。	361	2090
843	标准间	标准间，简洁整洁，设施完备，高性价比之选。	298	2091
844	标准间	标准间，简洁整洁，设施完备，高性价比之选。	249	2092
844	行政套房	行政套房，空间宽敞，配套齐全，尊享舒适入住体验。	527	2093
844	大床房	大床房，配备舒适大床，温馨静谧，适合休闲度假。	328	2094
845	大床房	大床房，配备舒适大床，温馨静谧，适合休闲度假。	268	2095
845	行政套房	行政套房，空间宽敞，配套齐全，尊享舒适入住体验。	795	2096
846	行政套房	行政套房，空间宽敞，配套齐全，尊享舒适入住体验。	650	2097
846	大床房	大床房，配备舒适大床，温馨静谧，适合休闲度假。	288	2098
847	标准间	标准间，简洁整洁，设施完备，高性价比之选。	306	2099
847	大床房	大床房，配备舒适大床，温馨静谧，适合休闲度假。	309	2100
847	行政套房	行政套房，空间宽敞，配套齐全，尊享舒适入住体验。	578	2101
848	行政套房	行政套房，空间宽敞，配套齐全，尊享舒适入住体验。	776	2102
848	标准间	标准间，简洁整洁，设施完备，高性价比之选。	281	2103
848	大床房	大床房，配备舒适大床，温馨静谧，适合休闲度假。	315	2104
849	行政套房	行政套房，空间宽敞，配套齐全，尊享舒适入住体验。	576	2105
849	标准间	标准间，简洁整洁，设施完备，高性价比之选。	225	2106
849	大床房	大床房，配备舒适大床，温馨静谧，适合休闲度假。	463	2107
850	行政套房	行政套房，空间宽敞，配套齐全，尊享舒适入住体验。	783	2108
850	标准间	标准间，简洁整洁，设施完备，高性价比之选。	299	2109
850	大床房	大床房，配备舒适大床，温馨静谧，适合休闲度假。	313	2110
851	大床房	大床房，配备舒适大床，温馨静谧，适合休闲度假。	340	2111
851	行政套房	行政套房，空间宽敞，配套齐全，尊享舒适入住体验。	486	2112
851	标准间	标准间，简洁整洁，设施完备，高性价比之选。	210	2113
852	行政套房	行政套房，空间宽敞，配套齐全，尊享舒适入住体验。	596	2114
852	标准间	标准间，简洁整洁，设施完备，高性价比之选。	232	2115
853	标准间	标准间，简洁整洁，设施完备，高性价比之选。	241	2116
853	大床房	大床房，配备舒适大床，温馨静谧，适合休闲度假。	394	2117
853	行政套房	行政套房，空间宽敞，配套齐全，尊享舒适入住体验。	849	2118
854	大床房	大床房，配备舒适大床，温馨静谧，适合休闲度假。	447	2119
854	标准间	标准间，简洁整洁，设施完备，高性价比之选。	245	2120
854	行政套房	行政套房，空间宽敞，配套齐全，尊享舒适入住体验。	515	2121
855	标准间	标准间，简洁整洁，设施完备，高性价比之选。	200	2122
855	大床房	大床房，配备舒适大床，温馨静谧，适合休闲度假。	377	2123
856	标准间	标准间，简洁整洁，设施完备，高性价比之选。	251	2124
856	大床房	大床房，配备舒适大床，温馨静谧，适合休闲度假。	472	2125
857	标准间	标准间，简洁整洁，设施完备，高性价比之选。	288	2126
857	大床房	大床房，配备舒适大床，温馨静谧，适合休闲度假。	358	2127
857	行政套房	行政套房，空间宽敞，配套齐全，尊享舒适入住体验。	652	2128
858	行政套房	行政套房，空间宽敞，配套齐全，尊享舒适入住体验。	709	2129
858	大床房	大床房，配备舒适大床，温馨静谧，适合休闲度假。	368	2130
859	大床房	大床房，配备舒适大床，温馨静谧，适合休闲度假。	402	2131
859	标准间	标准间，简洁整洁，设施完备，高性价比之选。	286	2132
860	行政套房	行政套房，空间宽敞，配套齐全，尊享舒适入住体验。	812	2133
860	大床房	大床房，配备舒适大床，温馨静谧，适合休闲度假。	444	2134
860	标准间	标准间，简洁整洁，设施完备，高性价比之选。	258	2135
861	行政套房	行政套房，空间宽敞，配套齐全，尊享舒适入住体验。	690	2136
861	大床房	大床房，配备舒适大床，温馨静谧，适合休闲度假。	346	2137
861	标准间	标准间，简洁整洁，设施完备，高性价比之选。	181	2138
862	标准间	标准间，简洁整洁，设施完备，高性价比之选。	215	2139
862	大床房	大床房，配备舒适大床，温馨静谧，适合休闲度假。	438	2140
863	标准间	标准间，简洁整洁，设施完备，高性价比之选。	223	2141
863	行政套房	行政套房，空间宽敞，配套齐全，尊享舒适入住体验。	513	2142
863	大床房	大床房，配备舒适大床，温馨静谧，适合休闲度假。	406	2143
864	标准间	标准间，简洁整洁，设施完备，高性价比之选。	266	2144
864	行政套房	行政套房，空间宽敞，配套齐全，尊享舒适入住体验。	706	2145
865	大床房	大床房，配备舒适大床，温馨静谧，适合休闲度假。	385	2146
865	行政套房	行政套房，空间宽敞，配套齐全，尊享舒适入住体验。	559	2147
866	标准间	标准间，简洁整洁，设施完备，高性价比之选。	238	2148
866	大床房	大床房，配备舒适大床，温馨静谧，适合休闲度假。	325	2149
866	行政套房	行政套房，空间宽敞，配套齐全，尊享舒适入住体验。	835	2150
867	行政套房	行政套房，空间宽敞，配套齐全，尊享舒适入住体验。	765	2151
867	标准间	标准间，简洁整洁，设施完备，高性价比之选。	249	2152
868	行政套房	行政套房，空间宽敞，配套齐全，尊享舒适入住体验。	521	2153
868	大床房	大床房，配备舒适大床，温馨静谧，适合休闲度假。	416	2154
868	标准间	标准间，简洁整洁，设施完备，高性价比之选。	299	2155
869	行政套房	行政套房，空间宽敞，配套齐全，尊享舒适入住体验。	879	2156
869	标准间	标准间，简洁整洁，设施完备，高性价比之选。	243	2157
869	大床房	大床房，配备舒适大床，温馨静谧，适合休闲度假。	268	2158
870	行政套房	行政套房，空间宽敞，配套齐全，尊享舒适入住体验。	590	2159
870	标准间	标准间，简洁整洁，设施完备，高性价比之选。	235	2160
871	大床房	大床房，配备舒适大床，温馨静谧，适合休闲度假。	327	2161
871	行政套房	行政套房，空间宽敞，配套齐全，尊享舒适入住体验。	803	2162
871	标准间	标准间，简洁整洁，设施完备，高性价比之选。	318	2163
872	标准间	标准间，简洁整洁，设施完备，高性价比之选。	287	2164
872	大床房	大床房，配备舒适大床，温馨静谧，适合休闲度假。	349	2165
872	行政套房	行政套房，空间宽敞，配套齐全，尊享舒适入住体验。	488	2166
873	行政套房	行政套房，空间宽敞，配套齐全，尊享舒适入住体验。	803	2167
873	标准间	标准间，简洁整洁，设施完备，高性价比之选。	315	2168
873	大床房	大床房，配备舒适大床，温馨静谧，适合休闲度假。	324	2169
874	标准间	标准间，简洁整洁，设施完备，高性价比之选。	305	2170
874	大床房	大床房，配备舒适大床，温馨静谧，适合休闲度假。	441	2171
875	标准间	标准间，简洁整洁，设施完备，高性价比之选。	239	2172
875	行政套房	行政套房，空间宽敞，配套齐全，尊享舒适入住体验。	703	2173
875	大床房	大床房，配备舒适大床，温馨静谧，适合休闲度假。	400	2174
876	行政套房	行政套房，空间宽敞，配套齐全，尊享舒适入住体验。	607	2175
876	大床房	大床房，配备舒适大床，温馨静谧，适合休闲度假。	426	2176
877	行政套房	行政套房，空间宽敞，配套齐全，尊享舒适入住体验。	637	2177
877	大床房	大床房，配备舒适大床，温馨静谧，适合休闲度假。	301	2178
878	大床房	大床房，配备舒适大床，温馨静谧，适合休闲度假。	417	2179
878	标准间	标准间，简洁整洁，设施完备，高性价比之选。	296	2180
879	标准间	标准间，简洁整洁，设施完备，高性价比之选。	279	2181
879	大床房	大床房，配备舒适大床，温馨静谧，适合休闲度假。	281	2182
880	大床房	大床房，配备舒适大床，温馨静谧，适合休闲度假。	306	2183
880	行政套房	行政套房，空间宽敞，配套齐全，尊享舒适入住体验。	862	2184
880	标准间	标准间，简洁整洁，设施完备，高性价比之选。	264	2185
881	大床房	大床房，配备舒适大床，温馨静谧，适合休闲度假。	338	2186
881	标准间	标准间，简洁整洁，设施完备，高性价比之选。	245	2187
881	行政套房	行政套房，空间宽敞，配套齐全，尊享舒适入住体验。	548	2188
882	标准间	标准间，简洁整洁，设施完备，高性价比之选。	237	2189
882	行政套房	行政套房，空间宽敞，配套齐全，尊享舒适入住体验。	842	2190
883	行政套房	行政套房，空间宽敞，配套齐全，尊享舒适入住体验。	511	2191
883	大床房	大床房，配备舒适大床，温馨静谧，适合休闲度假。	330	2192
883	标准间	标准间，简洁整洁，设施完备，高性价比之选。	233	2193
884	大床房	大床房，配备舒适大床，温馨静谧，适合休闲度假。	281	2194
884	行政套房	行政套房，空间宽敞，配套齐全，尊享舒适入住体验。	785	2195
884	标准间	标准间，简洁整洁，设施完备，高性价比之选。	232	2196
885	标准间	标准间，简洁整洁，设施完备，高性价比之选。	192	2197
885	大床房	大床房，配备舒适大床，温馨静谧，适合休闲度假。	450	2198
886	标准间	标准间，简洁整洁，设施完备，高性价比之选。	272	2199
886	行政套房	行政套房，空间宽敞，配套齐全，尊享舒适入住体验。	524	2200
886	大床房	大床房，配备舒适大床，温馨静谧，适合休闲度假。	386	2201
887	行政套房	行政套房，空间宽敞，配套齐全，尊享舒适入住体验。	594	2202
887	标准间	标准间，简洁整洁，设施完备，高性价比之选。	319	2203
888	行政套房	行政套房，空间宽敞，配套齐全，尊享舒适入住体验。	737	2204
888	大床房	大床房，配备舒适大床，温馨静谧，适合休闲度假。	279	2205
889	标准间	标准间，简洁整洁，设施完备，高性价比之选。	212	2206
889	大床房	大床房，配备舒适大床，温馨静谧，适合休闲度假。	263	2207
889	行政套房	行政套房，空间宽敞，配套齐全，尊享舒适入住体验。	757	2208
890	行政套房	行政套房，空间宽敞，配套齐全，尊享舒适入住体验。	512	2209
890	大床房	大床房，配备舒适大床，温馨静谧，适合休闲度假。	453	2210
890	标准间	标准间，简洁整洁，设施完备，高性价比之选。	189	2211
891	行政套房	行政套房，空间宽敞，配套齐全，尊享舒适入住体验。	590	2212
891	大床房	大床房，配备舒适大床，温馨静谧，适合休闲度假。	261	2213
892	行政套房	行政套房，空间宽敞，配套齐全，尊享舒适入住体验。	496	2214
892	标准间	标准间，简洁整洁，设施完备，高性价比之选。	281	2215
893	标准间	标准间，简洁整洁，设施完备，高性价比之选。	276	2216
893	行政套房	行政套房，空间宽敞，配套齐全，尊享舒适入住体验。	682	2217
893	大床房	大床房，配备舒适大床，温馨静谧，适合休闲度假。	439	2218
894	行政套房	行政套房，空间宽敞，配套齐全，尊享舒适入住体验。	810	2219
894	大床房	大床房，配备舒适大床，温馨静谧，适合休闲度假。	379	2220
894	标准间	标准间，简洁整洁，设施完备，高性价比之选。	219	2221
895	标准间	标准间，简洁整洁，设施完备，高性价比之选。	239	2222
895	行政套房	行政套房，空间宽敞，配套齐全，尊享舒适入住体验。	656	2223
895	大床房	大床房，配备舒适大床，温馨静谧，适合休闲度假。	327	2224
896	大床房	大床房，配备舒适大床，温馨静谧，适合休闲度假。	455	2225
896	行政套房	行政套房，空间宽敞，配套齐全，尊享舒适入住体验。	709	2226
897	行政套房	行政套房，空间宽敞，配套齐全，尊享舒适入住体验。	612	2227
897	标准间	标准间，简洁整洁，设施完备，高性价比之选。	276	2228
898	标准间	标准间，简洁整洁，设施完备，高性价比之选。	241	2229
898	大床房	大床房，配备舒适大床，温馨静谧，适合休闲度假。	262	2230
899	行政套房	行政套房，空间宽敞，配套齐全，尊享舒适入住体验。	647	2231
899	大床房	大床房，配备舒适大床，温馨静谧，适合休闲度假。	371	2232
899	标准间	标准间，简洁整洁，设施完备，高性价比之选。	192	2233
900	行政套房	行政套房，空间宽敞，配套齐全，尊享舒适入住体验。	617	2234
900	大床房	大床房，配备舒适大床，温馨静谧，适合休闲度假。	450	2235
901	大床房	大床房，配备舒适大床，温馨静谧，适合休闲度假。	464	2236
901	标准间	标准间，简洁整洁，设施完备，高性价比之选。	199	2237
901	行政套房	行政套房，空间宽敞，配套齐全，尊享舒适入住体验。	515	2238
902	大床房	大床房，配备舒适大床，温馨静谧，适合休闲度假。	476	2239
902	行政套房	行政套房，空间宽敞，配套齐全，尊享舒适入住体验。	588	2240
903	标准间	标准间，简洁整洁，设施完备，高性价比之选。	244	2241
903	行政套房	行政套房，空间宽敞，配套齐全，尊享舒适入住体验。	626	2242
904	标准间	标准间，简洁整洁，设施完备，高性价比之选。	230	2243
904	行政套房	行政套房，空间宽敞，配套齐全，尊享舒适入住体验。	566	2244
904	大床房	大床房，配备舒适大床，温馨静谧，适合休闲度假。	298	2245
905	行政套房	行政套房，空间宽敞，配套齐全，尊享舒适入住体验。	670	2246
905	标准间	标准间，简洁整洁，设施完备，高性价比之选。	200	2247
906	大床房	大床房，配备舒适大床，温馨静谧，适合休闲度假。	365	2248
906	行政套房	行政套房，空间宽敞，配套齐全，尊享舒适入住体验。	521	2249
907	大床房	大床房，配备舒适大床，温馨静谧，适合休闲度假。	389	2250
907	标准间	标准间，简洁整洁，设施完备，高性价比之选。	275	2251
908	行政套房	行政套房，空间宽敞，配套齐全，尊享舒适入住体验。	640	2252
908	大床房	大床房，配备舒适大床，温馨静谧，适合休闲度假。	363	2253
908	标准间	标准间，简洁整洁，设施完备，高性价比之选。	254	2254
909	标准间	标准间，简洁整洁，设施完备，高性价比之选。	209	2255
909	大床房	大床房，配备舒适大床，温馨静谧，适合休闲度假。	351	2256
909	行政套房	行政套房，空间宽敞，配套齐全，尊享舒适入住体验。	707	2257
910	行政套房	行政套房，空间宽敞，配套齐全，尊享舒适入住体验。	872	2258
910	标准间	标准间，简洁整洁，设施完备，高性价比之选。	227	2259
910	大床房	大床房，配备舒适大床，温馨静谧，适合休闲度假。	459	2260
911	行政套房	行政套房，空间宽敞，配套齐全，尊享舒适入住体验。	827	2261
911	大床房	大床房，配备舒适大床，温馨静谧，适合休闲度假。	441	2262
911	标准间	标准间，简洁整洁，设施完备，高性价比之选。	187	2263
912	行政套房	行政套房，空间宽敞，配套齐全，尊享舒适入住体验。	489	2264
912	标准间	标准间，简洁整洁，设施完备，高性价比之选。	275	2265
912	大床房	大床房，配备舒适大床，温馨静谧，适合休闲度假。	302	2266
913	大床房	大床房，配备舒适大床，温馨静谧，适合休闲度假。	372	2267
913	行政套房	行政套房，空间宽敞，配套齐全，尊享舒适入住体验。	724	2268
913	标准间	标准间，简洁整洁，设施完备，高性价比之选。	193	2269
914	标准间	标准间，简洁整洁，设施完备，高性价比之选。	320	2270
914	大床房	大床房，配备舒适大床，温馨静谧，适合休闲度假。	416	2271
914	行政套房	行政套房，空间宽敞，配套齐全，尊享舒适入住体验。	683	2272
915	标准间	标准间，简洁整洁，设施完备，高性价比之选。	191	2273
915	行政套房	行政套房，空间宽敞，配套齐全，尊享舒适入住体验。	755	2274
915	大床房	大床房，配备舒适大床，温馨静谧，适合休闲度假。	434	2275
916	标准间	标准间，简洁整洁，设施完备，高性价比之选。	296	2276
916	大床房	大床房，配备舒适大床，温馨静谧，适合休闲度假。	472	2277
916	行政套房	行政套房，空间宽敞，配套齐全，尊享舒适入住体验。	508	2278
917	行政套房	行政套房，空间宽敞，配套齐全，尊享舒适入住体验。	672	2279
917	大床房	大床房，配备舒适大床，温馨静谧，适合休闲度假。	322	2280
917	标准间	标准间，简洁整洁，设施完备，高性价比之选。	182	2281
918	大床房	大床房，配备舒适大床，温馨静谧，适合休闲度假。	424	2282
918	标准间	标准间，简洁整洁，设施完备，高性价比之选。	221	2283
918	行政套房	行政套房，空间宽敞，配套齐全，尊享舒适入住体验。	631	2284
919	大床房	大床房，配备舒适大床，温馨静谧，适合休闲度假。	335	2285
919	标准间	标准间，简洁整洁，设施完备，高性价比之选。	262	2286
919	行政套房	行政套房，空间宽敞，配套齐全，尊享舒适入住体验。	529	2287
920	行政套房	行政套房，空间宽敞，配套齐全，尊享舒适入住体验。	858	2288
920	大床房	大床房，配备舒适大床，温馨静谧，适合休闲度假。	444	2289
921	大床房	大床房，配备舒适大床，温馨静谧，适合休闲度假。	313	2290
921	标准间	标准间，简洁整洁，设施完备，高性价比之选。	281	2291
921	行政套房	行政套房，空间宽敞，配套齐全，尊享舒适入住体验。	765	2292
922	标准间	标准间，简洁整洁，设施完备，高性价比之选。	239	2293
922	行政套房	行政套房，空间宽敞，配套齐全，尊享舒适入住体验。	586	2294
922	大床房	大床房，配备舒适大床，温馨静谧，适合休闲度假。	347	2295
923	标准间	标准间，简洁整洁，设施完备，高性价比之选。	250	2296
923	大床房	大床房，配备舒适大床，温馨静谧，适合休闲度假。	464	2297
924	标准间	标准间，简洁整洁，设施完备，高性价比之选。	238	2298
924	行政套房	行政套房，空间宽敞，配套齐全，尊享舒适入住体验。	536	2299
925	大床房	大床房，配备舒适大床，温馨静谧，适合休闲度假。	427	2300
925	标准间	标准间，简洁整洁，设施完备，高性价比之选。	235	2301
925	行政套房	行政套房，空间宽敞，配套齐全，尊享舒适入住体验。	506	2302
926	行政套房	行政套房，空间宽敞，配套齐全，尊享舒适入住体验。	783	2303
926	标准间	标准间，简洁整洁，设施完备，高性价比之选。	198	2304
926	大床房	大床房，配备舒适大床，温馨静谧，适合休闲度假。	388	2305
927	标准间	标准间，简洁整洁，设施完备，高性价比之选。	216	2306
927	行政套房	行政套房，空间宽敞，配套齐全，尊享舒适入住体验。	819	2307
928	标准间	标准间，简洁整洁，设施完备，高性价比之选。	309	2308
928	行政套房	行政套房，空间宽敞，配套齐全，尊享舒适入住体验。	731	2309
929	大床房	大床房，配备舒适大床，温馨静谧，适合休闲度假。	334	2310
929	标准间	标准间，简洁整洁，设施完备，高性价比之选。	303	2311
930	行政套房	行政套房，空间宽敞，配套齐全，尊享舒适入住体验。	641	2312
930	大床房	大床房，配备舒适大床，温馨静谧，适合休闲度假。	326	2313
931	行政套房	行政套房，空间宽敞，配套齐全，尊享舒适入住体验。	552	2314
931	大床房	大床房，配备舒适大床，温馨静谧，适合休闲度假。	367	2315
932	行政套房	行政套房，空间宽敞，配套齐全，尊享舒适入住体验。	575	2316
932	大床房	大床房，配备舒适大床，温馨静谧，适合休闲度假。	322	2317
932	标准间	标准间，简洁整洁，设施完备，高性价比之选。	213	2318
933	大床房	大床房，配备舒适大床，温馨静谧，适合休闲度假。	357	2319
933	行政套房	行政套房，空间宽敞，配套齐全，尊享舒适入住体验。	714	2320
934	标准间	标准间，简洁整洁，设施完备，高性价比之选。	278	2321
934	大床房	大床房，配备舒适大床，温馨静谧，适合休闲度假。	409	2322
934	行政套房	行政套房，空间宽敞，配套齐全，尊享舒适入住体验。	663	2323
935	大床房	大床房，配备舒适大床，温馨静谧，适合休闲度假。	294	2324
935	标准间	标准间，简洁整洁，设施完备，高性价比之选。	242	2325
935	行政套房	行政套房，空间宽敞，配套齐全，尊享舒适入住体验。	800	2326
936	大床房	大床房，配备舒适大床，温馨静谧，适合休闲度假。	390	2327
936	标准间	标准间，简洁整洁，设施完备，高性价比之选。	276	2328
936	行政套房	行政套房，空间宽敞，配套齐全，尊享舒适入住体验。	597	2329
937	大床房	大床房，配备舒适大床，温馨静谧，适合休闲度假。	479	2330
937	标准间	标准间，简洁整洁，设施完备，高性价比之选。	251	2331
937	行政套房	行政套房，空间宽敞，配套齐全，尊享舒适入住体验。	602	2332
938	行政套房	行政套房，空间宽敞，配套齐全，尊享舒适入住体验。	710	2333
938	标准间	标准间，简洁整洁，设施完备，高性价比之选。	275	2334
938	大床房	大床房，配备舒适大床，温馨静谧，适合休闲度假。	462	2335
939	行政套房	行政套房，空间宽敞，配套齐全，尊享舒适入住体验。	698	2336
939	标准间	标准间，简洁整洁，设施完备，高性价比之选。	297	2337
939	大床房	大床房，配备舒适大床，温馨静谧，适合休闲度假。	430	2338
940	标准间	标准间，简洁整洁，设施完备，高性价比之选。	183	2339
940	行政套房	行政套房，空间宽敞，配套齐全，尊享舒适入住体验。	488	2340
941	标准间	标准间，简洁整洁，设施完备，高性价比之选。	192	2341
941	大床房	大床房，配备舒适大床，温馨静谧，适合休闲度假。	365	2342
941	行政套房	行政套房，空间宽敞，配套齐全，尊享舒适入住体验。	683	2343
942	标准间	标准间，简洁整洁，设施完备，高性价比之选。	239	2344
942	大床房	大床房，配备舒适大床，温馨静谧，适合休闲度假。	466	2345
943	大床房	大床房，配备舒适大床，温馨静谧，适合休闲度假。	413	2346
943	行政套房	行政套房，空间宽敞，配套齐全，尊享舒适入住体验。	547	2347
944	大床房	大床房，配备舒适大床，温馨静谧，适合休闲度假。	371	2348
944	行政套房	行政套房，空间宽敞，配套齐全，尊享舒适入住体验。	559	2349
944	标准间	标准间，简洁整洁，设施完备，高性价比之选。	300	2350
945	行政套房	行政套房，空间宽敞，配套齐全，尊享舒适入住体验。	652	2351
945	标准间	标准间，简洁整洁，设施完备，高性价比之选。	260	2352
945	大床房	大床房，配备舒适大床，温馨静谧，适合休闲度假。	324	2353
946	行政套房	行政套房，空间宽敞，配套齐全，尊享舒适入住体验。	726	2354
946	大床房	大床房，配备舒适大床，温馨静谧，适合休闲度假。	287	2355
946	标准间	标准间，简洁整洁，设施完备，高性价比之选。	307	2356
947	大床房	大床房，配备舒适大床，温馨静谧，适合休闲度假。	478	2357
947	行政套房	行政套房，空间宽敞，配套齐全，尊享舒适入住体验。	618	2358
948	标准间	标准间，简洁整洁，设施完备，高性价比之选。	180	2359
948	大床房	大床房，配备舒适大床，温馨静谧，适合休闲度假。	324	2360
948	行政套房	行政套房，空间宽敞，配套齐全，尊享舒适入住体验。	848	2361
949	大床房	大床房，配备舒适大床，温馨静谧，适合休闲度假。	342	2362
949	行政套房	行政套房，空间宽敞，配套齐全，尊享舒适入住体验。	710	2363
949	标准间	标准间，简洁整洁，设施完备，高性价比之选。	221	2364
950	大床房	大床房，配备舒适大床，温馨静谧，适合休闲度假。	346	2365
950	标准间	标准间，简洁整洁，设施完备，高性价比之选。	232	2366
950	行政套房	行政套房，空间宽敞，配套齐全，尊享舒适入住体验。	680	2367
951	行政套房	行政套房，空间宽敞，配套齐全，尊享舒适入住体验。	677	2368
951	标准间	标准间，简洁整洁，设施完备，高性价比之选。	247	2369
952	行政套房	行政套房，空间宽敞，配套齐全，尊享舒适入住体验。	640	2370
952	大床房	大床房，配备舒适大床，温馨静谧，适合休闲度假。	411	2371
953	行政套房	行政套房，空间宽敞，配套齐全，尊享舒适入住体验。	756	2372
953	大床房	大床房，配备舒适大床，温馨静谧，适合休闲度假。	390	2373
954	大床房	大床房，配备舒适大床，温馨静谧，适合休闲度假。	414	2374
954	行政套房	行政套房，空间宽敞，配套齐全，尊享舒适入住体验。	818	2375
954	标准间	标准间，简洁整洁，设施完备，高性价比之选。	251	2376
955	标准间	标准间，简洁整洁，设施完备，高性价比之选。	190	2377
955	大床房	大床房，配备舒适大床，温馨静谧，适合休闲度假。	457	2378
956	大床房	大床房，配备舒适大床，温馨静谧，适合休闲度假。	308	2379
956	标准间	标准间，简洁整洁，设施完备，高性价比之选。	298	2380
956	行政套房	行政套房，空间宽敞，配套齐全，尊享舒适入住体验。	544	2381
957	行政套房	行政套房，空间宽敞，配套齐全，尊享舒适入住体验。	867	2382
957	标准间	标准间，简洁整洁，设施完备，高性价比之选。	275	2383
958	大床房	大床房，配备舒适大床，温馨静谧，适合休闲度假。	340	2384
958	标准间	标准间，简洁整洁，设施完备，高性价比之选。	246	2385
958	行政套房	行政套房，空间宽敞，配套齐全，尊享舒适入住体验。	813	2386
959	标准间	标准间，简洁整洁，设施完备，高性价比之选。	257	2387
959	行政套房	行政套房，空间宽敞，配套齐全，尊享舒适入住体验。	564	2388
960	行政套房	行政套房，空间宽敞，配套齐全，尊享舒适入住体验。	518	2389
960	标准间	标准间，简洁整洁，设施完备，高性价比之选。	300	2390
960	大床房	大床房，配备舒适大床，温馨静谧，适合休闲度假。	398	2391
961	行政套房	行政套房，空间宽敞，配套齐全，尊享舒适入住体验。	811	2392
961	大床房	大床房，配备舒适大床，温馨静谧，适合休闲度假。	356	2393
961	标准间	标准间，简洁整洁，设施完备，高性价比之选。	185	2394
962	标准间	标准间，简洁整洁，设施完备，高性价比之选。	273	2395
962	大床房	大床房，配备舒适大床，温馨静谧，适合休闲度假。	300	2396
962	行政套房	行政套房，空间宽敞，配套齐全，尊享舒适入住体验。	728	2397
963	行政套房	行政套房，空间宽敞，配套齐全，尊享舒适入住体验。	868	2398
963	标准间	标准间，简洁整洁，设施完备，高性价比之选。	271	2399
964	标准间	标准间，简洁整洁，设施完备，高性价比之选。	307	2400
964	行政套房	行政套房，空间宽敞，配套齐全，尊享舒适入住体验。	773	2401
965	标准间	标准间，简洁整洁，设施完备，高性价比之选。	281	2402
965	行政套房	行政套房，空间宽敞，配套齐全，尊享舒适入住体验。	762	2403
966	大床房	大床房，配备舒适大床，温馨静谧，适合休闲度假。	421	2404
966	行政套房	行政套房，空间宽敞，配套齐全，尊享舒适入住体验。	644	2405
966	标准间	标准间，简洁整洁，设施完备，高性价比之选。	196	2406
967	大床房	大床房，配备舒适大床，温馨静谧，适合休闲度假。	476	2407
967	行政套房	行政套房，空间宽敞，配套齐全，尊享舒适入住体验。	620	2408
968	大床房	大床房，配备舒适大床，温馨静谧，适合休闲度假。	401	2409
968	标准间	标准间，简洁整洁，设施完备，高性价比之选。	234	2410
968	行政套房	行政套房，空间宽敞，配套齐全，尊享舒适入住体验。	597	2411
969	大床房	大床房，配备舒适大床，温馨静谧，适合休闲度假。	452	2412
969	行政套房	行政套房，空间宽敞，配套齐全，尊享舒适入住体验。	521	2413
970	行政套房	行政套房，空间宽敞，配套齐全，尊享舒适入住体验。	682	2414
970	标准间	标准间，简洁整洁，设施完备，高性价比之选。	250	2415
971	行政套房	行政套房，空间宽敞，配套齐全，尊享舒适入住体验。	535	2416
971	标准间	标准间，简洁整洁，设施完备，高性价比之选。	296	2417
971	大床房	大床房，配备舒适大床，温馨静谧，适合休闲度假。	473	2418
972	标准间	标准间，简洁整洁，设施完备，高性价比之选。	206	2419
972	行政套房	行政套房，空间宽敞，配套齐全，尊享舒适入住体验。	716	2420
972	大床房	大床房，配备舒适大床，温馨静谧，适合休闲度假。	465	2421
973	标准间	标准间，简洁整洁，设施完备，高性价比之选。	210	2422
973	大床房	大床房，配备舒适大床，温馨静谧，适合休闲度假。	411	2423
973	行政套房	行政套房，空间宽敞，配套齐全，尊享舒适入住体验。	601	2424
974	行政套房	行政套房，空间宽敞，配套齐全，尊享舒适入住体验。	856	2425
974	标准间	标准间，简洁整洁，设施完备，高性价比之选。	318	2426
974	大床房	大床房，配备舒适大床，温馨静谧，适合休闲度假。	375	2427
975	行政套房	行政套房，空间宽敞，配套齐全，尊享舒适入住体验。	688	2428
975	标准间	标准间，简洁整洁，设施完备，高性价比之选。	300	2429
975	大床房	大床房，配备舒适大床，温馨静谧，适合休闲度假。	266	2430
976	行政套房	行政套房，空间宽敞，配套齐全，尊享舒适入住体验。	570	2431
976	大床房	大床房，配备舒适大床，温馨静谧，适合休闲度假。	336	2432
977	大床房	大床房，配备舒适大床，温馨静谧，适合休闲度假。	361	2433
977	标准间	标准间，简洁整洁，设施完备，高性价比之选。	232	2434
977	行政套房	行政套房，空间宽敞，配套齐全，尊享舒适入住体验。	655	2435
978	大床房	大床房，配备舒适大床，温馨静谧，适合休闲度假。	338	2436
978	行政套房	行政套房，空间宽敞，配套齐全，尊享舒适入住体验。	480	2437
978	标准间	标准间，简洁整洁，设施完备，高性价比之选。	244	2438
979	大床房	大床房，配备舒适大床，温馨静谧，适合休闲度假。	357	2439
979	标准间	标准间，简洁整洁，设施完备，高性价比之选。	320	2440
979	行政套房	行政套房，空间宽敞，配套齐全，尊享舒适入住体验。	673	2441
980	大床房	大床房，配备舒适大床，温馨静谧，适合休闲度假。	462	2442
980	行政套房	行政套房，空间宽敞，配套齐全，尊享舒适入住体验。	797	2443
981	标准间	标准间，简洁整洁，设施完备，高性价比之选。	266	2444
981	行政套房	行政套房，空间宽敞，配套齐全，尊享舒适入住体验。	814	2445
982	大床房	大床房，配备舒适大床，温馨静谧，适合休闲度假。	262	2446
982	标准间	标准间，简洁整洁，设施完备，高性价比之选。	224	2447
983	标准间	标准间，简洁整洁，设施完备，高性价比之选。	265	2448
983	行政套房	行政套房，空间宽敞，配套齐全，尊享舒适入住体验。	787	2449
983	大床房	大床房，配备舒适大床，温馨静谧，适合休闲度假。	272	2450
984	行政套房	行政套房，空间宽敞，配套齐全，尊享舒适入住体验。	807	2451
984	标准间	标准间，简洁整洁，设施完备，高性价比之选。	306	2452
985	标准间	标准间，简洁整洁，设施完备，高性价比之选。	188	2453
985	大床房	大床房，配备舒适大床，温馨静谧，适合休闲度假。	408	2454
986	标准间	标准间，简洁整洁，设施完备，高性价比之选。	204	2455
986	行政套房	行政套房，空间宽敞，配套齐全，尊享舒适入住体验。	673	2456
986	大床房	大床房，配备舒适大床，温馨静谧，适合休闲度假。	311	2457
987	大床房	大床房，配备舒适大床，温馨静谧，适合休闲度假。	401	2458
987	标准间	标准间，简洁整洁，设施完备，高性价比之选。	215	2459
988	行政套房	行政套房，空间宽敞，配套齐全，尊享舒适入住体验。	620	2460
988	大床房	大床房，配备舒适大床，温馨静谧，适合休闲度假。	290	2461
988	标准间	标准间，简洁整洁，设施完备，高性价比之选。	259	2462
989	行政套房	行政套房，空间宽敞，配套齐全，尊享舒适入住体验。	574	2463
989	大床房	大床房，配备舒适大床，温馨静谧，适合休闲度假。	305	2464
990	大床房	大床房，配备舒适大床，温馨静谧，适合休闲度假。	410	2465
990	标准间	标准间，简洁整洁，设施完备，高性价比之选。	203	2466
991	大床房	大床房，配备舒适大床，温馨静谧，适合休闲度假。	345	2467
991	标准间	标准间，简洁整洁，设施完备，高性价比之选。	248	2468
991	行政套房	行政套房，空间宽敞，配套齐全，尊享舒适入住体验。	813	2469
992	大床房	大床房，配备舒适大床，温馨静谧，适合休闲度假。	279	2470
992	标准间	标准间，简洁整洁，设施完备，高性价比之选。	252	2471
992	行政套房	行政套房，空间宽敞，配套齐全，尊享舒适入住体验。	642	2472
993	大床房	大床房，配备舒适大床，温馨静谧，适合休闲度假。	400	2473
993	标准间	标准间，简洁整洁，设施完备，高性价比之选。	216	2474
993	行政套房	行政套房，空间宽敞，配套齐全，尊享舒适入住体验。	735	2475
994	行政套房	行政套房，空间宽敞，配套齐全，尊享舒适入住体验。	765	2476
994	大床房	大床房，配备舒适大床，温馨静谧，适合休闲度假。	384	2477
995	标准间	标准间，简洁整洁，设施完备，高性价比之选。	247	2478
995	大床房	大床房，配备舒适大床，温馨静谧，适合休闲度假。	395	2479
995	行政套房	行政套房，空间宽敞，配套齐全，尊享舒适入住体验。	694	2480
996	标准间	标准间，简洁整洁，设施完备，高性价比之选。	234	2481
996	行政套房	行政套房，空间宽敞，配套齐全，尊享舒适入住体验。	495	2482
996	大床房	大床房，配备舒适大床，温馨静谧，适合休闲度假。	346	2483
997	标准间	标准间，简洁整洁，设施完备，高性价比之选。	266	2484
997	行政套房	行政套房，空间宽敞，配套齐全，尊享舒适入住体验。	817	2485
998	大床房	大床房，配备舒适大床，温馨静谧，适合休闲度假。	319	2486
998	行政套房	行政套房，空间宽敞，配套齐全，尊享舒适入住体验。	670	2487
999	大床房	大床房，配备舒适大床，温馨静谧，适合休闲度假。	290	2488
999	标准间	标准间，简洁整洁，设施完备，高性价比之选。	192	2489
999	行政套房	行政套房，空间宽敞，配套齐全，尊享舒适入住体验。	765	2490
1000	大床房	大床房，配备舒适大床，温馨静谧，适合休闲度假。	450	2491
1000	标准间	标准间，简洁整洁，设施完备，高性价比之选。	181	2492
1001	大床房	大床房，配备舒适大床，温馨静谧，适合休闲度假。	301	2493
1001	标准间	标准间，简洁整洁，设施完备，高性价比之选。	227	2494
1001	行政套房	行政套房，空间宽敞，配套齐全，尊享舒适入住体验。	760	2495
1002	大床房	大床房，配备舒适大床，温馨静谧，适合休闲度假。	301	2496
1002	标准间	标准间，简洁整洁，设施完备，高性价比之选。	223	2497
1002	行政套房	行政套房，空间宽敞，配套齐全，尊享舒适入住体验。	541	2498
1003	标准间	标准间，简洁整洁，设施完备，高性价比之选。	258	2499
1003	大床房	大床房，配备舒适大床，温馨静谧，适合休闲度假。	373	2500
1004	大床房	大床房，配备舒适大床，温馨静谧，适合休闲度假。	366	2501
1004	标准间	标准间，简洁整洁，设施完备，高性价比之选。	284	2502
1004	行政套房	行政套房，空间宽敞，配套齐全，尊享舒适入住体验。	651	2503
1005	行政套房	行政套房，空间宽敞，配套齐全，尊享舒适入住体验。	771	2504
1005	大床房	大床房，配备舒适大床，温馨静谧，适合休闲度假。	443	2505
1006	行政套房	行政套房，空间宽敞，配套齐全，尊享舒适入住体验。	797	2506
1006	大床房	大床房，配备舒适大床，温馨静谧，适合休闲度假。	294	2507
1006	标准间	标准间，简洁整洁，设施完备，高性价比之选。	246	2508
1007	标准间	标准间，简洁整洁，设施完备，高性价比之选。	313	2509
1007	行政套房	行政套房，空间宽敞，配套齐全，尊享舒适入住体验。	494	2510
1008	行政套房	行政套房，空间宽敞，配套齐全，尊享舒适入住体验。	677	2511
1008	标准间	标准间，简洁整洁，设施完备，高性价比之选。	207	2512
1009	行政套房	行政套房，空间宽敞，配套齐全，尊享舒适入住体验。	566	2513
1009	标准间	标准间，简洁整洁，设施完备，高性价比之选。	290	2514
1010	大床房	大床房，配备舒适大床，温馨静谧，适合休闲度假。	440	2515
1010	行政套房	行政套房，空间宽敞，配套齐全，尊享舒适入住体验。	725	2516
1010	标准间	标准间，简洁整洁，设施完备，高性价比之选。	298	2517
1011	大床房	大床房，配备舒适大床，温馨静谧，适合休闲度假。	350	2518
1011	标准间	标准间，简洁整洁，设施完备，高性价比之选。	224	2519
1012	行政套房	行政套房，空间宽敞，配套齐全，尊享舒适入住体验。	489	2520
1012	标准间	标准间，简洁整洁，设施完备，高性价比之选。	245	2521
1013	标准间	标准间，简洁整洁，设施完备，高性价比之选。	315	2522
1013	行政套房	行政套房，空间宽敞，配套齐全，尊享舒适入住体验。	535	2523
1013	大床房	大床房，配备舒适大床，温馨静谧，适合休闲度假。	339	2524
1014	标准间	标准间，简洁整洁，设施完备，高性价比之选。	297	2525
1014	大床房	大床房，配备舒适大床，温馨静谧，适合休闲度假。	279	2526
1015	大床房	大床房，配备舒适大床，温馨静谧，适合休闲度假。	316	2527
1015	行政套房	行政套房，空间宽敞，配套齐全，尊享舒适入住体验。	635	2528
1015	标准间	标准间，简洁整洁，设施完备，高性价比之选。	284	2529
1016	大床房	大床房，配备舒适大床，温馨静谧，适合休闲度假。	346	2530
1016	行政套房	行政套房，空间宽敞，配套齐全，尊享舒适入住体验。	510	2531
1017	大床房	大床房，配备舒适大床，温馨静谧，适合休闲度假。	288	2532
1017	标准间	标准间，简洁整洁，设施完备，高性价比之选。	300	2533
1017	行政套房	行政套房，空间宽敞，配套齐全，尊享舒适入住体验。	847	2534
1018	标准间	标准间，简洁整洁，设施完备，高性价比之选。	293	2535
1018	大床房	大床房，配备舒适大床，温馨静谧，适合休闲度假。	409	2536
1018	行政套房	行政套房，空间宽敞，配套齐全，尊享舒适入住体验。	788	2537
1019	标准间	标准间，简洁整洁，设施完备，高性价比之选。	213	2538
1019	行政套房	行政套房，空间宽敞，配套齐全，尊享舒适入住体验。	549	2539
1020	标准间	标准间，简洁整洁，设施完备，高性价比之选。	284	2540
1020	大床房	大床房，配备舒适大床，温馨静谧，适合休闲度假。	450	2541
1020	行政套房	行政套房，空间宽敞，配套齐全，尊享舒适入住体验。	736	2542
1021	标准间	标准间，简洁整洁，设施完备，高性价比之选。	315	2543
1021	大床房	大床房，配备舒适大床，温馨静谧，适合休闲度假。	298	2544
1021	行政套房	行政套房，空间宽敞，配套齐全，尊享舒适入住体验。	494	2545
1022	大床房	大床房，配备舒适大床，温馨静谧，适合休闲度假。	351	2546
1022	标准间	标准间，简洁整洁，设施完备，高性价比之选。	277	2547
1023	标准间	标准间，简洁整洁，设施完备，高性价比之选。	197	2548
1023	行政套房	行政套房，空间宽敞，配套齐全，尊享舒适入住体验。	554	2549
1024	行政套房	行政套房，空间宽敞，配套齐全，尊享舒适入住体验。	544	2550
1024	大床房	大床房，配备舒适大床，温馨静谧，适合休闲度假。	292	2551
1025	标准间	标准间，简洁整洁，设施完备，高性价比之选。	308	2552
1025	大床房	大床房，配备舒适大床，温馨静谧，适合休闲度假。	414	2553
1026	标准间	标准间，简洁整洁，设施完备，高性价比之选。	238	2554
1026	大床房	大床房，配备舒适大床，温馨静谧，适合休闲度假。	262	2555
1026	行政套房	行政套房，空间宽敞，配套齐全，尊享舒适入住体验。	634	2556
1027	大床房	大床房，配备舒适大床，温馨静谧，适合休闲度假。	313	2557
1027	行政套房	行政套房，空间宽敞，配套齐全，尊享舒适入住体验。	565	2558
1027	标准间	标准间，简洁整洁，设施完备，高性价比之选。	294	2559
1028	大床房	大床房，配备舒适大床，温馨静谧，适合休闲度假。	450	2560
1028	标准间	标准间，简洁整洁，设施完备，高性价比之选。	199	2561
1029	标准间	标准间，简洁整洁，设施完备，高性价比之选。	196	2562
1029	行政套房	行政套房，空间宽敞，配套齐全，尊享舒适入住体验。	756	2563
1029	大床房	大床房，配备舒适大床，温馨静谧，适合休闲度假。	359	2564
1030	大床房	大床房，配备舒适大床，温馨静谧，适合休闲度假。	369	2565
1030	标准间	标准间，简洁整洁，设施完备，高性价比之选。	293	2566
1030	行政套房	行政套房，空间宽敞，配套齐全，尊享舒适入住体验。	781	2567
1031	行政套房	行政套房，空间宽敞，配套齐全，尊享舒适入住体验。	825	2568
1031	大床房	大床房，配备舒适大床，温馨静谧，适合休闲度假。	345	2569
1031	标准间	标准间，简洁整洁，设施完备，高性价比之选。	299	2570
1032	大床房	大床房，配备舒适大床，温馨静谧，适合休闲度假。	455	2571
1032	标准间	标准间，简洁整洁，设施完备，高性价比之选。	294	2572
1032	行政套房	行政套房，空间宽敞，配套齐全，尊享舒适入住体验。	567	2573
1033	标准间	标准间，简洁整洁，设施完备，高性价比之选。	282	2574
1033	大床房	大床房，配备舒适大床，温馨静谧，适合休闲度假。	297	2575
1033	行政套房	行政套房，空间宽敞，配套齐全，尊享舒适入住体验。	482	2576
1034	标准间	标准间，简洁整洁，设施完备，高性价比之选。	216	2577
1034	大床房	大床房，配备舒适大床，温馨静谧，适合休闲度假。	469	2578
1035	行政套房	行政套房，空间宽敞，配套齐全，尊享舒适入住体验。	559	2579
1035	标准间	标准间，简洁整洁，设施完备，高性价比之选。	219	2580
1036	大床房	大床房，配备舒适大床，温馨静谧，适合休闲度假。	443	2581
1036	行政套房	行政套房，空间宽敞，配套齐全，尊享舒适入住体验。	532	2582
1037	行政套房	行政套房，空间宽敞，配套齐全，尊享舒适入住体验。	550	2583
1037	大床房	大床房，配备舒适大床，温馨静谧，适合休闲度假。	401	2584
1038	标准间	标准间，简洁整洁，设施完备，高性价比之选。	266	2585
1038	大床房	大床房，配备舒适大床，温馨静谧，适合休闲度假。	442	2586
1038	行政套房	行政套房，空间宽敞，配套齐全，尊享舒适入住体验。	739	2587
1039	行政套房	行政套房，空间宽敞，配套齐全，尊享舒适入住体验。	639	2588
1039	大床房	大床房，配备舒适大床，温馨静谧，适合休闲度假。	379	2589
1040	标准间	标准间，简洁整洁，设施完备，高性价比之选。	318	2590
1040	大床房	大床房，配备舒适大床，温馨静谧，适合休闲度假。	287	2591
1040	行政套房	行政套房，空间宽敞，配套齐全，尊享舒适入住体验。	480	2592
1041	标准间	标准间，简洁整洁，设施完备，高性价比之选。	312	2593
1041	行政套房	行政套房，空间宽敞，配套齐全，尊享舒适入住体验。	674	2594
1042	行政套房	行政套房，空间宽敞，配套齐全，尊享舒适入住体验。	499	2595
1042	大床房	大床房，配备舒适大床，温馨静谧，适合休闲度假。	326	2596
1043	标准间	标准间，简洁整洁，设施完备，高性价比之选。	251	2597
1043	大床房	大床房，配备舒适大床，温馨静谧，适合休闲度假。	444	2598
1044	大床房	大床房，配备舒适大床，温馨静谧，适合休闲度假。	335	2599
1044	标准间	标准间，简洁整洁，设施完备，高性价比之选。	254	2600
1045	标准间	标准间，简洁整洁，设施完备，高性价比之选。	193	2601
1045	大床房	大床房，配备舒适大床，温馨静谧，适合休闲度假。	404	2602
1046	标准间	标准间，简洁整洁，设施完备，高性价比之选。	281	2603
1046	大床房	大床房，配备舒适大床，温馨静谧，适合休闲度假。	433	2604
1047	行政套房	行政套房，空间宽敞，配套齐全，尊享舒适入住体验。	482	2605
1047	大床房	大床房，配备舒适大床，温馨静谧，适合休闲度假。	439	2606
1048	行政套房	行政套房，空间宽敞，配套齐全，尊享舒适入住体验。	541	2607
1048	标准间	标准间，简洁整洁，设施完备，高性价比之选。	318	2608
1048	大床房	大床房，配备舒适大床，温馨静谧，适合休闲度假。	330	2609
1049	行政套房	行政套房，空间宽敞，配套齐全，尊享舒适入住体验。	595	2610
1049	大床房	大床房，配备舒适大床，温馨静谧，适合休闲度假。	473	2611
1050	大床房	大床房，配备舒适大床，温馨静谧，适合休闲度假。	445	2612
1050	行政套房	行政套房，空间宽敞，配套齐全，尊享舒适入住体验。	575	2613
1050	标准间	标准间，简洁整洁，设施完备，高性价比之选。	298	2614
1051	行政套房	行政套房，空间宽敞，配套齐全，尊享舒适入住体验。	820	2615
1051	大床房	大床房，配备舒适大床，温馨静谧，适合休闲度假。	416	2616
1052	标准间	标准间，简洁整洁，设施完备，高性价比之选。	234	2617
1052	行政套房	行政套房，空间宽敞，配套齐全，尊享舒适入住体验。	579	2618
1052	大床房	大床房，配备舒适大床，温馨静谧，适合休闲度假。	443	2619
1053	行政套房	行政套房，空间宽敞，配套齐全，尊享舒适入住体验。	876	2620
1053	标准间	标准间，简洁整洁，设施完备，高性价比之选。	186	2621
1053	大床房	大床房，配备舒适大床，温馨静谧，适合休闲度假。	350	2622
1054	大床房	大床房，配备舒适大床，温馨静谧，适合休闲度假。	304	2623
1054	行政套房	行政套房，空间宽敞，配套齐全，尊享舒适入住体验。	500	2624
1055	标准间	标准间，简洁整洁，设施完备，高性价比之选。	286	2625
1055	大床房	大床房，配备舒适大床，温馨静谧，适合休闲度假。	404	2626
1056	大床房	大床房，配备舒适大床，温馨静谧，适合休闲度假。	471	2627
1056	行政套房	行政套房，空间宽敞，配套齐全，尊享舒适入住体验。	786	2628
1057	标准间	标准间，简洁整洁，设施完备，高性价比之选。	262	2629
1057	行政套房	行政套房，空间宽敞，配套齐全，尊享舒适入住体验。	549	2630
1058	行政套房	行政套房，空间宽敞，配套齐全，尊享舒适入住体验。	765	2631
1058	标准间	标准间，简洁整洁，设施完备，高性价比之选。	269	2632
1058	大床房	大床房，配备舒适大床，温馨静谧，适合休闲度假。	435	2633
1059	标准间	标准间，简洁整洁，设施完备，高性价比之选。	209	2634
1059	大床房	大床房，配备舒适大床，温馨静谧，适合休闲度假。	360	2635
1060	大床房	大床房，配备舒适大床，温馨静谧，适合休闲度假。	367	2636
1060	标准间	标准间，简洁整洁，设施完备，高性价比之选。	200	2637
1060	行政套房	行政套房，空间宽敞，配套齐全，尊享舒适入住体验。	702	2638
1061	标准间	标准间，简洁整洁，设施完备，高性价比之选。	293	2639
1061	大床房	大床房，配备舒适大床，温馨静谧，适合休闲度假。	339	2640
1061	行政套房	行政套房，空间宽敞，配套齐全，尊享舒适入住体验。	484	2641
1062	大床房	大床房，配备舒适大床，温馨静谧，适合休闲度假。	465	2642
1062	标准间	标准间，简洁整洁，设施完备，高性价比之选。	187	2643
1062	行政套房	行政套房，空间宽敞，配套齐全，尊享舒适入住体验。	844	2644
1063	大床房	大床房，配备舒适大床，温馨静谧，适合休闲度假。	289	2645
1063	行政套房	行政套房，空间宽敞，配套齐全，尊享舒适入住体验。	541	2646
1063	标准间	标准间，简洁整洁，设施完备，高性价比之选。	281	2647
1064	大床房	大床房，配备舒适大床，温馨静谧，适合休闲度假。	421	2648
1064	标准间	标准间，简洁整洁，设施完备，高性价比之选。	284	2649
1065	行政套房	行政套房，空间宽敞，配套齐全，尊享舒适入住体验。	822	2650
1065	标准间	标准间，简洁整洁，设施完备，高性价比之选。	228	2651
1066	标准间	标准间，简洁整洁，设施完备，高性价比之选。	307	2652
1066	大床房	大床房，配备舒适大床，温馨静谧，适合休闲度假。	392	2653
1067	大床房	大床房，配备舒适大床，温馨静谧，适合休闲度假。	455	2654
1067	行政套房	行政套房，空间宽敞，配套齐全，尊享舒适入住体验。	823	2655
1068	行政套房	行政套房，空间宽敞，配套齐全，尊享舒适入住体验。	607	2656
1068	大床房	大床房，配备舒适大床，温馨静谧，适合休闲度假。	301	2657
1068	标准间	标准间，简洁整洁，设施完备，高性价比之选。	212	2658
1069	大床房	大床房，配备舒适大床，温馨静谧，适合休闲度假。	353	2659
1069	行政套房	行政套房，空间宽敞，配套齐全，尊享舒适入住体验。	563	2660
1070	行政套房	行政套房，空间宽敞，配套齐全，尊享舒适入住体验。	611	2661
1070	标准间	标准间，简洁整洁，设施完备，高性价比之选。	269	2662
1071	标准间	标准间，简洁整洁，设施完备，高性价比之选。	272	2663
1071	大床房	大床房，配备舒适大床，温馨静谧，适合休闲度假。	283	2664
1071	行政套房	行政套房，空间宽敞，配套齐全，尊享舒适入住体验。	777	2665
1072	标准间	标准间，简洁整洁，设施完备，高性价比之选。	180	2666
1072	行政套房	行政套房，空间宽敞，配套齐全，尊享舒适入住体验。	601	2667
1073	大床房	大床房，配备舒适大床，温馨静谧，适合休闲度假。	325	2668
1073	标准间	标准间，简洁整洁，设施完备，高性价比之选。	206	2669
1074	大床房	大床房，配备舒适大床，温馨静谧，适合休闲度假。	466	2670
1074	标准间	标准间，简洁整洁，设施完备，高性价比之选。	289	2671
1075	大床房	大床房，配备舒适大床，温馨静谧，适合休闲度假。	344	2672
1075	标准间	标准间，简洁整洁，设施完备，高性价比之选。	210	2673
1076	标准间	标准间，简洁整洁，设施完备，高性价比之选。	219	2674
1076	行政套房	行政套房，空间宽敞，配套齐全，尊享舒适入住体验。	634	2675
1076	大床房	大床房，配备舒适大床，温馨静谧，适合休闲度假。	388	2676
1077	大床房	大床房，配备舒适大床，温馨静谧，适合休闲度假。	468	2677
1077	行政套房	行政套房，空间宽敞，配套齐全，尊享舒适入住体验。	702	2678
1077	标准间	标准间，简洁整洁，设施完备，高性价比之选。	216	2679
1078	标准间	标准间，简洁整洁，设施完备，高性价比之选。	186	2680
1078	大床房	大床房，配备舒适大床，温馨静谧，适合休闲度假。	394	2681
1078	行政套房	行政套房，空间宽敞，配套齐全，尊享舒适入住体验。	720	2682
1079	标准间	标准间，简洁整洁，设施完备，高性价比之选。	180	2683
1079	行政套房	行政套房，空间宽敞，配套齐全，尊享舒适入住体验。	846	2684
1080	标准间	标准间，简洁整洁，设施完备，高性价比之选。	290	2685
1080	大床房	大床房，配备舒适大床，温馨静谧，适合休闲度假。	409	2686
1080	行政套房	行政套房，空间宽敞，配套齐全，尊享舒适入住体验。	776	2687
1081	标准间	标准间，简洁整洁，设施完备，高性价比之选。	203	2688
1081	大床房	大床房，配备舒适大床，温馨静谧，适合休闲度假。	369	2689
1081	行政套房	行政套房，空间宽敞，配套齐全，尊享舒适入住体验。	874	2690
1082	标准间	标准间，简洁整洁，设施完备，高性价比之选。	242	2691
1082	大床房	大床房，配备舒适大床，温馨静谧，适合休闲度假。	442	2692
1082	行政套房	行政套房，空间宽敞，配套齐全，尊享舒适入住体验。	737	2693
1083	行政套房	行政套房，空间宽敞，配套齐全，尊享舒适入住体验。	877	2694
1083	大床房	大床房，配备舒适大床，温馨静谧，适合休闲度假。	329	2695
1084	行政套房	行政套房，空间宽敞，配套齐全，尊享舒适入住体验。	681	2696
1084	标准间	标准间，简洁整洁，设施完备，高性价比之选。	293	2697
1085	大床房	大床房，配备舒适大床，温馨静谧，适合休闲度假。	374	2698
1085	行政套房	行政套房，空间宽敞，配套齐全，尊享舒适入住体验。	711	2699
1085	标准间	标准间，简洁整洁，设施完备，高性价比之选。	290	2700
1086	行政套房	行政套房，空间宽敞，配套齐全，尊享舒适入住体验。	760	2701
1086	标准间	标准间，简洁整洁，设施完备，高性价比之选。	237	2702
1086	大床房	大床房，配备舒适大床，温馨静谧，适合休闲度假。	479	2703
1087	行政套房	行政套房，空间宽敞，配套齐全，尊享舒适入住体验。	496	2704
1087	大床房	大床房，配备舒适大床，温馨静谧，适合休闲度假。	297	2705
1087	标准间	标准间，简洁整洁，设施完备，高性价比之选。	232	2706
1088	行政套房	行政套房，空间宽敞，配套齐全，尊享舒适入住体验。	687	2707
1088	大床房	大床房，配备舒适大床，温馨静谧，适合休闲度假。	343	2708
1088	标准间	标准间，简洁整洁，设施完备，高性价比之选。	211	2709
1089	标准间	标准间，简洁整洁，设施完备，高性价比之选。	187	2710
1089	大床房	大床房，配备舒适大床，温馨静谧，适合休闲度假。	316	2711
1090	行政套房	行政套房，空间宽敞，配套齐全，尊享舒适入住体验。	678	2712
1090	标准间	标准间，简洁整洁，设施完备，高性价比之选。	283	2713
1090	大床房	大床房，配备舒适大床，温馨静谧，适合休闲度假。	410	2714
1091	标准间	标准间，简洁整洁，设施完备，高性价比之选。	261	2715
1091	行政套房	行政套房，空间宽敞，配套齐全，尊享舒适入住体验。	751	2716
1091	大床房	大床房，配备舒适大床，温馨静谧，适合休闲度假。	280	2717
1092	行政套房	行政套房，空间宽敞，配套齐全，尊享舒适入住体验。	861	2718
1092	标准间	标准间，简洁整洁，设施完备，高性价比之选。	308	2719
1092	大床房	大床房，配备舒适大床，温馨静谧，适合休闲度假。	480	2720
1093	标准间	标准间，简洁整洁，设施完备，高性价比之选。	236	2721
1093	大床房	大床房，配备舒适大床，温馨静谧，适合休闲度假。	398	2722
1093	行政套房	行政套房，空间宽敞，配套齐全，尊享舒适入住体验。	801	2723
1094	行政套房	行政套房，空间宽敞，配套齐全，尊享舒适入住体验。	636	2724
1094	标准间	标准间，简洁整洁，设施完备，高性价比之选。	290	2725
1095	行政套房	行政套房，空间宽敞，配套齐全，尊享舒适入住体验。	851	2726
1095	大床房	大床房，配备舒适大床，温馨静谧，适合休闲度假。	436	2727
1095	标准间	标准间，简洁整洁，设施完备，高性价比之选。	314	2728
1096	行政套房	行政套房，空间宽敞，配套齐全，尊享舒适入住体验。	669	2729
1096	大床房	大床房，配备舒适大床，温馨静谧，适合休闲度假。	326	2730
1097	行政套房	行政套房，空间宽敞，配套齐全，尊享舒适入住体验。	747	2731
1097	标准间	标准间，简洁整洁，设施完备，高性价比之选。	208	2732
1098	标准间	标准间，简洁整洁，设施完备，高性价比之选。	187	2733
1098	大床房	大床房，配备舒适大床，温馨静谧，适合休闲度假。	433	2734
1099	行政套房	行政套房，空间宽敞，配套齐全，尊享舒适入住体验。	798	2735
1099	大床房	大床房，配备舒适大床，温馨静谧，适合休闲度假。	262	2736
1099	标准间	标准间，简洁整洁，设施完备，高性价比之选。	274	2737
1100	大床房	大床房，配备舒适大床，温馨静谧，适合休闲度假。	441	2738
1100	行政套房	行政套房，空间宽敞，配套齐全，尊享舒适入住体验。	634	2739
1101	标准间	标准间，简洁整洁，设施完备，高性价比之选。	260	2740
1101	大床房	大床房，配备舒适大床，温馨静谧，适合休闲度假。	433	2741
1101	行政套房	行政套房，空间宽敞，配套齐全，尊享舒适入住体验。	540	2742
1102	大床房	大床房，配备舒适大床，温馨静谧，适合休闲度假。	457	2743
1102	标准间	标准间，简洁整洁，设施完备，高性价比之选。	320	2744
1102	行政套房	行政套房，空间宽敞，配套齐全，尊享舒适入住体验。	523	2745
1103	大床房	大床房，配备舒适大床，温馨静谧，适合休闲度假。	268	2746
1103	标准间	标准间，简洁整洁，设施完备，高性价比之选。	222	2747
1104	标准间	标准间，简洁整洁，设施完备，高性价比之选。	238	2748
1104	大床房	大床房，配备舒适大床，温馨静谧，适合休闲度假。	333	2749
1104	行政套房	行政套房，空间宽敞，配套齐全，尊享舒适入住体验。	536	2750
1105	标准间	标准间，简洁整洁，设施完备，高性价比之选。	217	2751
1105	行政套房	行政套房，空间宽敞，配套齐全，尊享舒适入住体验。	746	2752
1106	大床房	大床房，配备舒适大床，温馨静谧，适合休闲度假。	419	2753
1106	行政套房	行政套房，空间宽敞，配套齐全，尊享舒适入住体验。	853	2754
1107	行政套房	行政套房，空间宽敞，配套齐全，尊享舒适入住体验。	689	2755
1107	大床房	大床房，配备舒适大床，温馨静谧，适合休闲度假。	441	2756
1108	标准间	标准间，简洁整洁，设施完备，高性价比之选。	230	2757
1108	大床房	大床房，配备舒适大床，温馨静谧，适合休闲度假。	420	2758
1109	标准间	标准间，简洁整洁，设施完备，高性价比之选。	253	2759
1109	大床房	大床房，配备舒适大床，温馨静谧，适合休闲度假。	353	2760
1110	大床房	大床房，配备舒适大床，温馨静谧，适合休闲度假。	274	2761
1110	标准间	标准间，简洁整洁，设施完备，高性价比之选。	313	2762
1111	标准间	标准间，简洁整洁，设施完备，高性价比之选。	279	2763
1111	大床房	大床房，配备舒适大床，温馨静谧，适合休闲度假。	398	2764
1111	行政套房	行政套房，空间宽敞，配套齐全，尊享舒适入住体验。	483	2765
1112	行政套房	行政套房，空间宽敞，配套齐全，尊享舒适入住体验。	545	2766
1112	标准间	标准间，简洁整洁，设施完备，高性价比之选。	275	2767
1112	大床房	大床房，配备舒适大床，温馨静谧，适合休闲度假。	362	2768
1113	标准间	标准间，简洁整洁，设施完备，高性价比之选。	183	2769
1113	大床房	大床房，配备舒适大床，温馨静谧，适合休闲度假。	429	2770
1114	标准间	标准间，简洁整洁，设施完备，高性价比之选。	219	2771
1114	大床房	大床房，配备舒适大床，温馨静谧，适合休闲度假。	459	2772
1114	行政套房	行政套房，空间宽敞，配套齐全，尊享舒适入住体验。	544	2773
1115	大床房	大床房，配备舒适大床，温馨静谧，适合休闲度假。	278	2774
1115	标准间	标准间，简洁整洁，设施完备，高性价比之选。	282	2775
1116	大床房	大床房，配备舒适大床，温馨静谧，适合休闲度假。	331	2776
1116	行政套房	行政套房，空间宽敞，配套齐全，尊享舒适入住体验。	677	2777
1117	标准间	标准间，简洁整洁，设施完备，高性价比之选。	283	2778
1117	大床房	大床房，配备舒适大床，温馨静谧，适合休闲度假。	277	2779
1118	行政套房	行政套房，空间宽敞，配套齐全，尊享舒适入住体验。	717	2780
1118	大床房	大床房，配备舒适大床，温馨静谧，适合休闲度假。	315	2781
1119	标准间	标准间，简洁整洁，设施完备，高性价比之选。	284	2782
1119	行政套房	行政套房，空间宽敞，配套齐全，尊享舒适入住体验。	818	2783
1120	大床房	大床房，配备舒适大床，温馨静谧，适合休闲度假。	388	2784
1120	标准间	标准间，简洁整洁，设施完备，高性价比之选。	184	2785
1120	行政套房	行政套房，空间宽敞，配套齐全，尊享舒适入住体验。	551	2786
1121	标准间	标准间，简洁整洁，设施完备，高性价比之选。	258	2787
1121	行政套房	行政套房，空间宽敞，配套齐全，尊享舒适入住体验。	582	2788
1121	大床房	大床房，配备舒适大床，温馨静谧，适合休闲度假。	442	2789
1122	标准间	标准间，简洁整洁，设施完备，高性价比之选。	203	2790
1122	大床房	大床房，配备舒适大床，温馨静谧，适合休闲度假。	408	2791
1123	行政套房	行政套房，空间宽敞，配套齐全，尊享舒适入住体验。	712	2792
1123	大床房	大床房，配备舒适大床，温馨静谧，适合休闲度假。	295	2793
1123	标准间	标准间，简洁整洁，设施完备，高性价比之选。	213	2794
1124	标准间	标准间，简洁整洁，设施完备，高性价比之选。	183	2795
1124	大床房	大床房，配备舒适大床，温馨静谧，适合休闲度假。	323	2796
1125	行政套房	行政套房，空间宽敞，配套齐全，尊享舒适入住体验。	778	2797
1125	标准间	标准间，简洁整洁，设施完备，高性价比之选。	305	2798
1126	标准间	标准间，简洁整洁，设施完备，高性价比之选。	226	2799
1126	行政套房	行政套房，空间宽敞，配套齐全，尊享舒适入住体验。	723	2800
1126	大床房	大床房，配备舒适大床，温馨静谧，适合休闲度假。	345	2801
1127	标准间	标准间，简洁整洁，设施完备，高性价比之选。	308	2802
1127	行政套房	行政套房，空间宽敞，配套齐全，尊享舒适入住体验。	507	2803
1128	行政套房	行政套房，空间宽敞，配套齐全，尊享舒适入住体验。	491	2804
1128	大床房	大床房，配备舒适大床，温馨静谧，适合休闲度假。	434	2805
1128	标准间	标准间，简洁整洁，设施完备，高性价比之选。	218	2806
1129	大床房	大床房，配备舒适大床，温馨静谧，适合休闲度假。	394	2807
1129	行政套房	行政套房，空间宽敞，配套齐全，尊享舒适入住体验。	816	2808
1129	标准间	标准间，简洁整洁，设施完备，高性价比之选。	293	2809
1130	行政套房	行政套房，空间宽敞，配套齐全，尊享舒适入住体验。	837	2810
1130	标准间	标准间，简洁整洁，设施完备，高性价比之选。	266	2811
1131	行政套房	行政套房，空间宽敞，配套齐全，尊享舒适入住体验。	728	2812
1131	标准间	标准间，简洁整洁，设施完备，高性价比之选。	307	2813
1132	行政套房	行政套房，空间宽敞，配套齐全，尊享舒适入住体验。	780	2814
1132	标准间	标准间，简洁整洁，设施完备，高性价比之选。	184	2815
1133	标准间	标准间，简洁整洁，设施完备，高性价比之选。	226	2816
1133	大床房	大床房，配备舒适大床，温馨静谧，适合休闲度假。	274	2817
1133	行政套房	行政套房，空间宽敞，配套齐全，尊享舒适入住体验。	705	2818
1134	标准间	标准间，简洁整洁，设施完备，高性价比之选。	241	2819
1134	行政套房	行政套房，空间宽敞，配套齐全，尊享舒适入住体验。	758	2820
1135	行政套房	行政套房，空间宽敞，配套齐全，尊享舒适入住体验。	517	2821
1135	标准间	标准间，简洁整洁，设施完备，高性价比之选。	256	2822
1135	大床房	大床房，配备舒适大床，温馨静谧，适合休闲度假。	326	2823
1136	行政套房	行政套房，空间宽敞，配套齐全，尊享舒适入住体验。	844	2824
1136	标准间	标准间，简洁整洁，设施完备，高性价比之选。	300	2825
1136	大床房	大床房，配备舒适大床，温馨静谧，适合休闲度假。	367	2826
1137	行政套房	行政套房，空间宽敞，配套齐全，尊享舒适入住体验。	766	2827
1137	大床房	大床房，配备舒适大床，温馨静谧，适合休闲度假。	355	2828
1137	标准间	标准间，简洁整洁，设施完备，高性价比之选。	247	2829
1138	标准间	标准间，简洁整洁，设施完备，高性价比之选。	184	2830
1138	大床房	大床房，配备舒适大床，温馨静谧，适合休闲度假。	418	2831
1138	行政套房	行政套房，空间宽敞，配套齐全，尊享舒适入住体验。	789	2832
1139	大床房	大床房，配备舒适大床，温馨静谧，适合休闲度假。	295	2833
1139	行政套房	行政套房，空间宽敞，配套齐全，尊享舒适入住体验。	672	2834
1140	标准间	标准间，简洁整洁，设施完备，高性价比之选。	190	2835
1140	行政套房	行政套房，空间宽敞，配套齐全，尊享舒适入住体验。	736	2836
1140	大床房	大床房，配备舒适大床，温馨静谧，适合休闲度假。	337	2837
1141	标准间	标准间，简洁整洁，设施完备，高性价比之选。	288	2838
1141	行政套房	行政套房，空间宽敞，配套齐全，尊享舒适入住体验。	498	2839
1142	行政套房	行政套房，空间宽敞，配套齐全，尊享舒适入住体验。	575	2840
1142	大床房	大床房，配备舒适大床，温馨静谧，适合休闲度假。	272	2841
1142	标准间	标准间，简洁整洁，设施完备，高性价比之选。	201	2842
1143	大床房	大床房，配备舒适大床，温馨静谧，适合休闲度假。	409	2843
1143	行政套房	行政套房，空间宽敞，配套齐全，尊享舒适入住体验。	852	2844
1144	行政套房	行政套房，空间宽敞，配套齐全，尊享舒适入住体验。	602	2845
1144	大床房	大床房，配备舒适大床，温馨静谧，适合休闲度假。	297	2846
1145	大床房	大床房，配备舒适大床，温馨静谧，适合休闲度假。	418	2847
1145	标准间	标准间，简洁整洁，设施完备，高性价比之选。	301	2848
1146	大床房	大床房，配备舒适大床，温馨静谧，适合休闲度假。	457	2849
1146	行政套房	行政套房，空间宽敞，配套齐全，尊享舒适入住体验。	638	2850
1146	标准间	标准间，简洁整洁，设施完备，高性价比之选。	191	2851
1147	大床房	大床房，配备舒适大床，温馨静谧，适合休闲度假。	472	2852
1147	行政套房	行政套房，空间宽敞，配套齐全，尊享舒适入住体验。	723	2853
1147	标准间	标准间，简洁整洁，设施完备，高性价比之选。	211	2854
1148	大床房	大床房，配备舒适大床，温馨静谧，适合休闲度假。	270	2855
1148	行政套房	行政套房，空间宽敞，配套齐全，尊享舒适入住体验。	723	2856
1148	标准间	标准间，简洁整洁，设施完备，高性价比之选。	310	2857
1149	行政套房	行政套房，空间宽敞，配套齐全，尊享舒适入住体验。	507	2858
1149	大床房	大床房，配备舒适大床，温馨静谧，适合休闲度假。	410	2859
1150	行政套房	行政套房，空间宽敞，配套齐全，尊享舒适入住体验。	537	2860
1150	标准间	标准间，简洁整洁，设施完备，高性价比之选。	275	2861
1151	标准间	标准间，简洁整洁，设施完备，高性价比之选。	295	2862
1151	大床房	大床房，配备舒适大床，温馨静谧，适合休闲度假。	467	2863
1151	行政套房	行政套房，空间宽敞，配套齐全，尊享舒适入住体验。	665	2864
1152	大床房	大床房，配备舒适大床，温馨静谧，适合休闲度假。	317	2865
1152	标准间	标准间，简洁整洁，设施完备，高性价比之选。	311	2866
1153	大床房	大床房，配备舒适大床，温馨静谧，适合休闲度假。	320	2867
1153	标准间	标准间，简洁整洁，设施完备，高性价比之选。	278	2868
1153	行政套房	行政套房，空间宽敞，配套齐全，尊享舒适入住体验。	790	2869
1154	大床房	大床房，配备舒适大床，温馨静谧，适合休闲度假。	399	2870
1154	标准间	标准间，简洁整洁，设施完备，高性价比之选。	267	2871
1154	行政套房	行政套房，空间宽敞，配套齐全，尊享舒适入住体验。	526	2872
1155	大床房	大床房，配备舒适大床，温馨静谧，适合休闲度假。	301	2873
1155	行政套房	行政套房，空间宽敞，配套齐全，尊享舒适入住体验。	554	2874
1156	行政套房	行政套房，空间宽敞，配套齐全，尊享舒适入住体验。	603	2875
1156	标准间	标准间，简洁整洁，设施完备，高性价比之选。	214	2876
1156	大床房	大床房，配备舒适大床，温馨静谧，适合休闲度假。	367	2877
1157	行政套房	行政套房，空间宽敞，配套齐全，尊享舒适入住体验。	604	2878
1157	标准间	标准间，简洁整洁，设施完备，高性价比之选。	283	2879
1158	行政套房	行政套房，空间宽敞，配套齐全，尊享舒适入住体验。	523	2880
1158	大床房	大床房，配备舒适大床，温馨静谧，适合休闲度假。	308	2881
1158	标准间	标准间，简洁整洁，设施完备，高性价比之选。	281	2882
1159	大床房	大床房，配备舒适大床，温馨静谧，适合休闲度假。	389	2883
1159	行政套房	行政套房，空间宽敞，配套齐全，尊享舒适入住体验。	605	2884
1160	行政套房	行政套房，空间宽敞，配套齐全，尊享舒适入住体验。	553	2885
1160	大床房	大床房，配备舒适大床，温馨静谧，适合休闲度假。	297	2886
1160	标准间	标准间，简洁整洁，设施完备，高性价比之选。	312	2887
1161	大床房	大床房，配备舒适大床，温馨静谧，适合休闲度假。	444	2888
1161	行政套房	行政套房，空间宽敞，配套齐全，尊享舒适入住体验。	714	2889
1162	行政套房	行政套房，空间宽敞，配套齐全，尊享舒适入住体验。	656	2890
1162	标准间	标准间，简洁整洁，设施完备，高性价比之选。	235	2891
1162	大床房	大床房，配备舒适大床，温馨静谧，适合休闲度假。	319	2892
1163	标准间	标准间，简洁整洁，设施完备，高性价比之选。	263	2893
1163	大床房	大床房，配备舒适大床，温馨静谧，适合休闲度假。	405	2894
1163	行政套房	行政套房，空间宽敞，配套齐全，尊享舒适入住体验。	735	2895
1164	行政套房	行政套房，空间宽敞，配套齐全，尊享舒适入住体验。	762	2896
1164	大床房	大床房，配备舒适大床，温馨静谧，适合休闲度假。	264	2897
1164	标准间	标准间，简洁整洁，设施完备，高性价比之选。	315	2898
1165	行政套房	行政套房，空间宽敞，配套齐全，尊享舒适入住体验。	696	2899
1165	标准间	标准间，简洁整洁，设施完备，高性价比之选。	277	2900
1165	大床房	大床房，配备舒适大床，温馨静谧，适合休闲度假。	266	2901
1166	大床房	大床房，配备舒适大床，温馨静谧，适合休闲度假。	261	2902
1166	标准间	标准间，简洁整洁，设施完备，高性价比之选。	264	2903
1166	行政套房	行政套房，空间宽敞，配套齐全，尊享舒适入住体验。	866	2904
1167	行政套房	行政套房，空间宽敞，配套齐全，尊享舒适入住体验。	707	2905
1167	标准间	标准间，简洁整洁，设施完备，高性价比之选。	306	2906
1168	行政套房	行政套房，空间宽敞，配套齐全，尊享舒适入住体验。	694	2907
1168	大床房	大床房，配备舒适大床，温馨静谧，适合休闲度假。	286	2908
1169	标准间	标准间，简洁整洁，设施完备，高性价比之选。	320	2909
1169	行政套房	行政套房，空间宽敞，配套齐全，尊享舒适入住体验。	504	2910
1170	大床房	大床房，配备舒适大床，温馨静谧，适合休闲度假。	270	2911
1170	行政套房	行政套房，空间宽敞，配套齐全，尊享舒适入住体验。	524	2912
1170	标准间	标准间，简洁整洁，设施完备，高性价比之选。	238	2913
1171	大床房	大床房，配备舒适大床，温馨静谧，适合休闲度假。	469	2914
1171	标准间	标准间，简洁整洁，设施完备，高性价比之选。	202	2915
1171	行政套房	行政套房，空间宽敞，配套齐全，尊享舒适入住体验。	630	2916
1172	行政套房	行政套房，空间宽敞，配套齐全，尊享舒适入住体验。	625	2917
1172	大床房	大床房，配备舒适大床，温馨静谧，适合休闲度假。	381	2918
1173	标准间	标准间，简洁整洁，设施完备，高性价比之选。	183	2919
1173	大床房	大床房，配备舒适大床，温馨静谧，适合休闲度假。	276	2920
1174	标准间	标准间，简洁整洁，设施完备，高性价比之选。	265	2921
1174	大床房	大床房，配备舒适大床，温馨静谧，适合休闲度假。	307	2922
1175	行政套房	行政套房，空间宽敞，配套齐全，尊享舒适入住体验。	735	2923
1175	标准间	标准间，简洁整洁，设施完备，高性价比之选。	278	2924
1175	大床房	大床房，配备舒适大床，温馨静谧，适合休闲度假。	458	2925
1176	标准间	标准间，简洁整洁，设施完备，高性价比之选。	314	2926
1176	行政套房	行政套房，空间宽敞，配套齐全，尊享舒适入住体验。	553	2927
1177	大床房	大床房，配备舒适大床，温馨静谧，适合休闲度假。	324	2928
1177	标准间	标准间，简洁整洁，设施完备，高性价比之选。	202	2929
1177	行政套房	行政套房，空间宽敞，配套齐全，尊享舒适入住体验。	561	2930
1178	标准间	标准间，简洁整洁，设施完备，高性价比之选。	253	2931
1178	行政套房	行政套房，空间宽敞，配套齐全，尊享舒适入住体验。	821	2932
1179	标准间	标准间，简洁整洁，设施完备，高性价比之选。	226	2933
1179	行政套房	行政套房，空间宽敞，配套齐全，尊享舒适入住体验。	766	2934
1179	大床房	大床房，配备舒适大床，温馨静谧，适合休闲度假。	368	2935
1180	大床房	大床房，配备舒适大床，温馨静谧，适合休闲度假。	387	2936
1180	标准间	标准间，简洁整洁，设施完备，高性价比之选。	320	2937
1181	标准间	标准间，简洁整洁，设施完备，高性价比之选。	281	2938
1181	行政套房	行政套房，空间宽敞，配套齐全，尊享舒适入住体验。	591	2939
1181	大床房	大床房，配备舒适大床，温馨静谧，适合休闲度假。	297	2940
1182	大床房	大床房，配备舒适大床，温馨静谧，适合休闲度假。	435	2941
1182	行政套房	行政套房，空间宽敞，配套齐全，尊享舒适入住体验。	701	2942
1183	大床房	大床房，配备舒适大床，温馨静谧，适合休闲度假。	361	2943
1183	行政套房	行政套房，空间宽敞，配套齐全，尊享舒适入住体验。	638	2944
1184	标准间	标准间，简洁整洁，设施完备，高性价比之选。	311	2945
1184	大床房	大床房，配备舒适大床，温馨静谧，适合休闲度假。	403	2946
1184	行政套房	行政套房，空间宽敞，配套齐全，尊享舒适入住体验。	648	2947
1185	行政套房	行政套房，空间宽敞，配套齐全，尊享舒适入住体验。	620	2948
1185	大床房	大床房，配备舒适大床，温馨静谧，适合休闲度假。	428	2949
1185	标准间	标准间，简洁整洁，设施完备，高性价比之选。	198	2950
1186	行政套房	行政套房，空间宽敞，配套齐全，尊享舒适入住体验。	556	2951
1186	大床房	大床房，配备舒适大床，温馨静谧，适合休闲度假。	281	2952
1186	标准间	标准间，简洁整洁，设施完备，高性价比之选。	197	2953
1187	大床房	大床房，配备舒适大床，温馨静谧，适合休闲度假。	338	2954
1187	标准间	标准间，简洁整洁，设施完备，高性价比之选。	236	2955
1187	行政套房	行政套房，空间宽敞，配套齐全，尊享舒适入住体验。	592	2956
1188	行政套房	行政套房，空间宽敞，配套齐全，尊享舒适入住体验。	490	2957
1188	大床房	大床房，配备舒适大床，温馨静谧，适合休闲度假。	350	2958
1188	标准间	标准间，简洁整洁，设施完备，高性价比之选。	257	2959
1189	标准间	标准间，简洁整洁，设施完备，高性价比之选。	248	2960
1189	行政套房	行政套房，空间宽敞，配套齐全，尊享舒适入住体验。	510	2961
1190	大床房	大床房，配备舒适大床，温馨静谧，适合休闲度假。	322	2962
1190	标准间	标准间，简洁整洁，设施完备，高性价比之选。	197	2963
1191	大床房	大床房，配备舒适大床，温馨静谧，适合休闲度假。	354	2964
1191	标准间	标准间，简洁整洁，设施完备，高性价比之选。	204	2965
1191	行政套房	行政套房，空间宽敞，配套齐全，尊享舒适入住体验。	582	2966
1192	标准间	标准间，简洁整洁，设施完备，高性价比之选。	235	2967
1192	大床房	大床房，配备舒适大床，温馨静谧，适合休闲度假。	416	2968
1193	标准间	标准间，简洁整洁，设施完备，高性价比之选。	310	2969
1193	行政套房	行政套房，空间宽敞，配套齐全，尊享舒适入住体验。	856	2970
1193	大床房	大床房，配备舒适大床，温馨静谧，适合休闲度假。	367	2971
1194	标准间	标准间，简洁整洁，设施完备，高性价比之选。	241	2972
1194	行政套房	行政套房，空间宽敞，配套齐全，尊享舒适入住体验。	604	2973
1194	大床房	大床房，配备舒适大床，温馨静谧，适合休闲度假。	480	2974
1195	标准间	标准间，简洁整洁，设施完备，高性价比之选。	307	2975
1195	大床房	大床房，配备舒适大床，温馨静谧，适合休闲度假。	449	2976
1195	行政套房	行政套房，空间宽敞，配套齐全，尊享舒适入住体验。	528	2977
1196	标准间	标准间，简洁整洁，设施完备，高性价比之选。	183	2978
1196	行政套房	行政套房，空间宽敞，配套齐全，尊享舒适入住体验。	539	2979
1197	大床房	大床房，配备舒适大床，温馨静谧，适合休闲度假。	425	2980
1197	标准间	标准间，简洁整洁，设施完备，高性价比之选。	190	2981
1198	大床房	大床房，配备舒适大床，温馨静谧，适合休闲度假。	271	2982
1198	标准间	标准间，简洁整洁，设施完备，高性价比之选。	243	2983
1198	行政套房	行政套房，空间宽敞，配套齐全，尊享舒适入住体验。	541	2984
1199	行政套房	行政套房，空间宽敞，配套齐全，尊享舒适入住体验。	658	2985
1199	标准间	标准间，简洁整洁，设施完备，高性价比之选。	270	2986
1200	大床房	大床房，配备舒适大床，温馨静谧，适合休闲度假。	283	2987
1200	标准间	标准间，简洁整洁，设施完备，高性价比之选。	273	2988
1200	行政套房	行政套房，空间宽敞，配套齐全，尊享舒适入住体验。	874	2989
1201	标准间	标准间，简洁整洁，设施完备，高性价比之选。	259	2990
1201	大床房	大床房，配备舒适大床，温馨静谧，适合休闲度假。	436	2991
1202	标准间	标准间，简洁整洁，设施完备，高性价比之选。	318	2992
1202	行政套房	行政套房，空间宽敞，配套齐全，尊享舒适入住体验。	608	2993
1203	标准间	标准间，简洁整洁，设施完备，高性价比之选。	236	2994
1203	行政套房	行政套房，空间宽敞，配套齐全，尊享舒适入住体验。	513	2995
1203	大床房	大床房，配备舒适大床，温馨静谧，适合休闲度假。	461	2996
1204	大床房	大床房，配备舒适大床，温馨静谧，适合休闲度假。	439	2997
1204	行政套房	行政套房，空间宽敞，配套齐全，尊享舒适入住体验。	502	2998
1205	标准间	标准间，简洁整洁，设施完备，高性价比之选。	281	2999
1205	大床房	大床房，配备舒适大床，温馨静谧，适合休闲度假。	311	3000
1205	行政套房	行政套房，空间宽敞，配套齐全，尊享舒适入住体验。	635	3001
1206	大床房	大床房，配备舒适大床，温馨静谧，适合休闲度假。	301	3002
1206	行政套房	行政套房，空间宽敞，配套齐全，尊享舒适入住体验。	665	3003
1206	标准间	标准间，简洁整洁，设施完备，高性价比之选。	246	3004
1207	标准间	标准间，简洁整洁，设施完备，高性价比之选。	302	3005
1207	大床房	大床房，配备舒适大床，温馨静谧，适合休闲度假。	265	3006
1208	标准间	标准间，简洁整洁，设施完备，高性价比之选。	293	3007
1208	行政套房	行政套房，空间宽敞，配套齐全，尊享舒适入住体验。	554	3008
1209	标准间	标准间，简洁整洁，设施完备，高性价比之选。	309	3009
1209	行政套房	行政套房，空间宽敞，配套齐全，尊享舒适入住体验。	831	3010
1209	大床房	大床房，配备舒适大床，温馨静谧，适合休闲度假。	438	3011
1210	大床房	大床房，配备舒适大床，温馨静谧，适合休闲度假。	314	3012
1210	标准间	标准间，简洁整洁，设施完备，高性价比之选。	252	3013
1211	行政套房	行政套房，空间宽敞，配套齐全，尊享舒适入住体验。	770	3014
1211	大床房	大床房，配备舒适大床，温馨静谧，适合休闲度假。	274	3015
1212	行政套房	行政套房，空间宽敞，配套齐全，尊享舒适入住体验。	753	3016
1212	大床房	大床房，配备舒适大床，温馨静谧，适合休闲度假。	419	3017
1213	标准间	标准间，简洁整洁，设施完备，高性价比之选。	251	3018
1213	行政套房	行政套房，空间宽敞，配套齐全，尊享舒适入住体验。	786	3019
1213	大床房	大床房，配备舒适大床，温馨静谧，适合休闲度假。	296	3020
1214	标准间	标准间，简洁整洁，设施完备，高性价比之选。	267	3021
1214	行政套房	行政套房，空间宽敞，配套齐全，尊享舒适入住体验。	833	3022
1214	大床房	大床房，配备舒适大床，温馨静谧，适合休闲度假。	267	3023
1215	行政套房	行政套房，空间宽敞，配套齐全，尊享舒适入住体验。	769	3024
1215	标准间	标准间，简洁整洁，设施完备，高性价比之选。	278	3025
1215	大床房	大床房，配备舒适大床，温馨静谧，适合休闲度假。	278	3026
1216	大床房	大床房，配备舒适大床，温馨静谧，适合休闲度假。	473	3027
1216	标准间	标准间，简洁整洁，设施完备，高性价比之选。	313	3028
1217	标准间	标准间，简洁整洁，设施完备，高性价比之选。	218	3029
1217	行政套房	行政套房，空间宽敞，配套齐全，尊享舒适入住体验。	508	3030
1217	大床房	大床房，配备舒适大床，温馨静谧，适合休闲度假。	301	3031
1218	行政套房	行政套房，空间宽敞，配套齐全，尊享舒适入住体验。	827	3032
1218	大床房	大床房，配备舒适大床，温馨静谧，适合休闲度假。	321	3033
1219	大床房	大床房，配备舒适大床，温馨静谧，适合休闲度假。	430	3034
1219	标准间	标准间，简洁整洁，设施完备，高性价比之选。	225	3035
1220	行政套房	行政套房，空间宽敞，配套齐全，尊享舒适入住体验。	586	3036
1220	标准间	标准间，简洁整洁，设施完备，高性价比之选。	310	3037
1221	标准间	标准间，简洁整洁，设施完备，高性价比之选。	188	3038
1221	行政套房	行政套房，空间宽敞，配套齐全，尊享舒适入住体验。	632	3039
1222	大床房	大床房，配备舒适大床，温馨静谧，适合休闲度假。	283	3040
1222	标准间	标准间，简洁整洁，设施完备，高性价比之选。	240	3041
1222	行政套房	行政套房，空间宽敞，配套齐全，尊享舒适入住体验。	631	3042
1223	标准间	标准间，简洁整洁，设施完备，高性价比之选。	235	3043
1223	大床房	大床房，配备舒适大床，温馨静谧，适合休闲度假。	286	3044
1223	行政套房	行政套房，空间宽敞，配套齐全，尊享舒适入住体验。	609	3045
1224	标准间	标准间，简洁整洁，设施完备，高性价比之选。	310	3046
1224	大床房	大床房，配备舒适大床，温馨静谧，适合休闲度假。	329	3047
1225	大床房	大床房，配备舒适大床，温馨静谧，适合休闲度假。	312	3048
1225	行政套房	行政套房，空间宽敞，配套齐全，尊享舒适入住体验。	843	3049
1225	标准间	标准间，简洁整洁，设施完备，高性价比之选。	249	3050
1226	标准间	标准间，简洁整洁，设施完备，高性价比之选。	245	3051
1226	行政套房	行政套房，空间宽敞，配套齐全，尊享舒适入住体验。	768	3052
1227	标准间	标准间，简洁整洁，设施完备，高性价比之选。	248	3053
1227	大床房	大床房，配备舒适大床，温馨静谧，适合休闲度假。	391	3054
1228	行政套房	行政套房，空间宽敞，配套齐全，尊享舒适入住体验。	500	3055
1228	大床房	大床房，配备舒适大床，温馨静谧，适合休闲度假。	324	3056
1229	行政套房	行政套房，空间宽敞，配套齐全，尊享舒适入住体验。	787	3057
1229	大床房	大床房，配备舒适大床，温馨静谧，适合休闲度假。	449	3058
1230	大床房	大床房，配备舒适大床，温馨静谧，适合休闲度假。	269	3059
1230	行政套房	行政套房，空间宽敞，配套齐全，尊享舒适入住体验。	746	3060
1231	标准间	标准间，简洁整洁，设施完备，高性价比之选。	308	3061
1231	大床房	大床房，配备舒适大床，温馨静谧，适合休闲度假。	328	3062
1232	大床房	大床房，配备舒适大床，温馨静谧，适合休闲度假。	338	3063
1232	行政套房	行政套房，空间宽敞，配套齐全，尊享舒适入住体验。	722	3064
1232	标准间	标准间，简洁整洁，设施完备，高性价比之选。	289	3065
1233	大床房	大床房，配备舒适大床，温馨静谧，适合休闲度假。	320	3066
1233	标准间	标准间，简洁整洁，设施完备，高性价比之选。	263	3067
1234	大床房	大床房，配备舒适大床，温馨静谧，适合休闲度假。	455	3068
1234	行政套房	行政套房，空间宽敞，配套齐全，尊享舒适入住体验。	800	3069
1235	大床房	大床房，配备舒适大床，温馨静谧，适合休闲度假。	286	3070
1235	标准间	标准间，简洁整洁，设施完备，高性价比之选。	261	3071
1236	大床房	大床房，配备舒适大床，温馨静谧，适合休闲度假。	427	3072
1236	行政套房	行政套房，空间宽敞，配套齐全，尊享舒适入住体验。	719	3073
1236	标准间	标准间，简洁整洁，设施完备，高性价比之选。	264	3074
1237	标准间	标准间，简洁整洁，设施完备，高性价比之选。	222	3075
1237	行政套房	行政套房，空间宽敞，配套齐全，尊享舒适入住体验。	503	3076
1238	标准间	标准间，简洁整洁，设施完备，高性价比之选。	262	3077
1238	行政套房	行政套房，空间宽敞，配套齐全，尊享舒适入住体验。	616	3078
1239	标准间	标准间，简洁整洁，设施完备，高性价比之选。	188	3079
1239	行政套房	行政套房，空间宽敞，配套齐全，尊享舒适入住体验。	688	3080
1240	行政套房	行政套房，空间宽敞，配套齐全，尊享舒适入住体验。	482	3081
1240	大床房	大床房，配备舒适大床，温馨静谧，适合休闲度假。	480	3082
1241	行政套房	行政套房，空间宽敞，配套齐全，尊享舒适入住体验。	844	3083
1241	大床房	大床房，配备舒适大床，温馨静谧，适合休闲度假。	315	3084
1241	标准间	标准间，简洁整洁，设施完备，高性价比之选。	311	3085
1242	标准间	标准间，简洁整洁，设施完备，高性价比之选。	190	3086
1242	行政套房	行政套房，空间宽敞，配套齐全，尊享舒适入住体验。	624	3087
1242	大床房	大床房，配备舒适大床，温馨静谧，适合休闲度假。	403	3088
1243	大床房	大床房，配备舒适大床，温馨静谧，适合休闲度假。	474	3089
1243	行政套房	行政套房，空间宽敞，配套齐全，尊享舒适入住体验。	757	3090
1243	标准间	标准间，简洁整洁，设施完备，高性价比之选。	225	3091
1244	大床房	大床房，配备舒适大床，温馨静谧，适合休闲度假。	297	3092
1244	行政套房	行政套房，空间宽敞，配套齐全，尊享舒适入住体验。	625	3093
1244	标准间	标准间，简洁整洁，设施完备，高性价比之选。	307	3094
1245	标准间	标准间，简洁整洁，设施完备，高性价比之选。	260	3095
1245	行政套房	行政套房，空间宽敞，配套齐全，尊享舒适入住体验。	577	3096
1246	大床房	大床房，配备舒适大床，温馨静谧，适合休闲度假。	468	3097
1246	行政套房	行政套房，空间宽敞，配套齐全，尊享舒适入住体验。	714	3098
1246	标准间	标准间，简洁整洁，设施完备，高性价比之选。	230	3099
1247	标准间	标准间，简洁整洁，设施完备，高性价比之选。	291	3100
1247	行政套房	行政套房，空间宽敞，配套齐全，尊享舒适入住体验。	772	3101
1248	大床房	大床房，配备舒适大床，温馨静谧，适合休闲度假。	423	3102
1248	行政套房	行政套房，空间宽敞，配套齐全，尊享舒适入住体验。	610	3103
1248	标准间	标准间，简洁整洁，设施完备，高性价比之选。	276	3104
1249	行政套房	行政套房，空间宽敞，配套齐全，尊享舒适入住体验。	635	3105
1249	标准间	标准间，简洁整洁，设施完备，高性价比之选。	242	3106
1249	大床房	大床房，配备舒适大床，温馨静谧，适合休闲度假。	339	3107
1250	标准间	标准间，简洁整洁，设施完备，高性价比之选。	266	3108
1250	大床房	大床房，配备舒适大床，温馨静谧，适合休闲度假。	324	3109
1250	行政套房	行政套房，空间宽敞，配套齐全，尊享舒适入住体验。	842	3110
1251	行政套房	行政套房，空间宽敞，配套齐全，尊享舒适入住体验。	508	3111
1251	标准间	标准间，简洁整洁，设施完备，高性价比之选。	279	3112
1251	大床房	大床房，配备舒适大床，温馨静谧，适合休闲度假。	350	3113
1252	行政套房	行政套房，空间宽敞，配套齐全，尊享舒适入住体验。	871	3114
1252	大床房	大床房，配备舒适大床，温馨静谧，适合休闲度假。	346	3115
1252	标准间	标准间，简洁整洁，设施完备，高性价比之选。	306	3116
1253	标准间	标准间，简洁整洁，设施完备，高性价比之选。	283	3117
1253	行政套房	行政套房，空间宽敞，配套齐全，尊享舒适入住体验。	624	3118
1254	大床房	大床房，配备舒适大床，温馨静谧，适合休闲度假。	476	3119
1254	行政套房	行政套房，空间宽敞，配套齐全，尊享舒适入住体验。	587	3120
1255	标准间	标准间，简洁整洁，设施完备，高性价比之选。	198	3121
1255	行政套房	行政套房，空间宽敞，配套齐全，尊享舒适入住体验。	739	3122
1256	行政套房	行政套房，空间宽敞，配套齐全，尊享舒适入住体验。	628	3123
1256	标准间	标准间，简洁整洁，设施完备，高性价比之选。	303	3124
1256	大床房	大床房，配备舒适大床，温馨静谧，适合休闲度假。	334	3125
1257	标准间	标准间，简洁整洁，设施完备，高性价比之选。	276	3126
1257	大床房	大床房，配备舒适大床，温馨静谧，适合休闲度假。	324	3127
1258	大床房	大床房，配备舒适大床，温馨静谧，适合休闲度假。	462	3128
1258	标准间	标准间，简洁整洁，设施完备，高性价比之选。	183	3129
1259	行政套房	行政套房，空间宽敞，配套齐全，尊享舒适入住体验。	627	3130
1259	标准间	标准间，简洁整洁，设施完备，高性价比之选。	309	3131
1259	大床房	大床房，配备舒适大床，温馨静谧，适合休闲度假。	295	3132
1260	标准间	标准间，简洁整洁，设施完备，高性价比之选。	253	3133
1260	行政套房	行政套房，空间宽敞，配套齐全，尊享舒适入住体验。	807	3134
1261	标准间	标准间，简洁整洁，设施完备，高性价比之选。	225	3135
1261	大床房	大床房，配备舒适大床，温馨静谧，适合休闲度假。	353	3136
1261	行政套房	行政套房，空间宽敞，配套齐全，尊享舒适入住体验。	489	3137
1262	标准间	标准间，简洁整洁，设施完备，高性价比之选。	285	3138
1262	行政套房	行政套房，空间宽敞，配套齐全，尊享舒适入住体验。	645	3139
1263	大床房	大床房，配备舒适大床，温馨静谧，适合休闲度假。	360	3140
1263	标准间	标准间，简洁整洁，设施完备，高性价比之选。	198	3141
1264	大床房	大床房，配备舒适大床，温馨静谧，适合休闲度假。	435	3142
1264	行政套房	行政套房，空间宽敞，配套齐全，尊享舒适入住体验。	544	3143
1265	行政套房	行政套房，空间宽敞，配套齐全，尊享舒适入住体验。	541	3144
1265	标准间	标准间，简洁整洁，设施完备，高性价比之选。	186	3145
1265	大床房	大床房，配备舒适大床，温馨静谧，适合休闲度假。	321	3146
1266	行政套房	行政套房，空间宽敞，配套齐全，尊享舒适入住体验。	743	3147
1266	标准间	标准间，简洁整洁，设施完备，高性价比之选。	268	3148
1266	大床房	大床房，配备舒适大床，温馨静谧，适合休闲度假。	331	3149
1267	大床房	大床房，配备舒适大床，温馨静谧，适合休闲度假。	315	3150
1267	标准间	标准间，简洁整洁，设施完备，高性价比之选。	243	3151
1268	大床房	大床房，配备舒适大床，温馨静谧，适合休闲度假。	350	3152
1268	标准间	标准间，简洁整洁，设施完备，高性价比之选。	259	3153
1269	标准间	标准间，简洁整洁，设施完备，高性价比之选。	259	3154
1269	大床房	大床房，配备舒适大床，温馨静谧，适合休闲度假。	436	3155
1270	行政套房	行政套房，空间宽敞，配套齐全，尊享舒适入住体验。	788	3156
1270	大床房	大床房，配备舒适大床，温馨静谧，适合休闲度假。	263	3157
1271	行政套房	行政套房，空间宽敞，配套齐全，尊享舒适入住体验。	503	3158
1271	大床房	大床房，配备舒适大床，温馨静谧，适合休闲度假。	369	3159
1271	标准间	标准间，简洁整洁，设施完备，高性价比之选。	195	3160
1272	标准间	标准间，简洁整洁，设施完备，高性价比之选。	240	3161
1272	大床房	大床房，配备舒适大床，温馨静谧，适合休闲度假。	380	3162
1273	标准间	标准间，简洁整洁，设施完备，高性价比之选。	266	3163
1273	大床房	大床房，配备舒适大床，温馨静谧，适合休闲度假。	276	3164
1274	标准间	标准间，简洁整洁，设施完备，高性价比之选。	239	3165
1274	大床房	大床房，配备舒适大床，温馨静谧，适合休闲度假。	340	3166
1274	行政套房	行政套房，空间宽敞，配套齐全，尊享舒适入住体验。	829	3167
1275	行政套房	行政套房，空间宽敞，配套齐全，尊享舒适入住体验。	485	3168
1275	大床房	大床房，配备舒适大床，温馨静谧，适合休闲度假。	475	3169
1276	标准间	标准间，简洁整洁，设施完备，高性价比之选。	309	3170
1276	行政套房	行政套房，空间宽敞，配套齐全，尊享舒适入住体验。	489	3171
1277	行政套房	行政套房，空间宽敞，配套齐全，尊享舒适入住体验。	596	3172
1277	大床房	大床房，配备舒适大床，温馨静谧，适合休闲度假。	300	3173
1278	大床房	大床房，配备舒适大床，温馨静谧，适合休闲度假。	464	3174
1278	标准间	标准间，简洁整洁，设施完备，高性价比之选。	231	3175
1279	大床房	大床房，配备舒适大床，温馨静谧，适合休闲度假。	404	3176
1279	标准间	标准间，简洁整洁，设施完备，高性价比之选。	249	3177
1279	行政套房	行政套房，空间宽敞，配套齐全，尊享舒适入住体验。	659	3178
1280	大床房	大床房，配备舒适大床，温馨静谧，适合休闲度假。	375	3179
1280	行政套房	行政套房，空间宽敞，配套齐全，尊享舒适入住体验。	625	3180
1281	标准间	标准间，简洁整洁，设施完备，高性价比之选。	292	3181
1281	大床房	大床房，配备舒适大床，温馨静谧，适合休闲度假。	452	3182
1282	大床房	大床房，配备舒适大床，温馨静谧，适合休闲度假。	305	3183
1282	行政套房	行政套房，空间宽敞，配套齐全，尊享舒适入住体验。	610	3184
1283	行政套房	行政套房，空间宽敞，配套齐全，尊享舒适入住体验。	856	3185
1283	大床房	大床房，配备舒适大床，温馨静谧，适合休闲度假。	419	3186
1283	标准间	标准间，简洁整洁，设施完备，高性价比之选。	191	3187
1284	行政套房	行政套房，空间宽敞，配套齐全，尊享舒适入住体验。	848	3188
1284	标准间	标准间，简洁整洁，设施完备，高性价比之选。	295	3189
1284	大床房	大床房，配备舒适大床，温馨静谧，适合休闲度假。	422	3190
1285	标准间	标准间，简洁整洁，设施完备，高性价比之选。	189	3191
1285	行政套房	行政套房，空间宽敞，配套齐全，尊享舒适入住体验。	843	3192
1286	大床房	大床房，配备舒适大床，温馨静谧，适合休闲度假。	438	3193
1286	行政套房	行政套房，空间宽敞，配套齐全，尊享舒适入住体验。	662	3194
1286	标准间	标准间，简洁整洁，设施完备，高性价比之选。	253	3195
1287	大床房	大床房，配备舒适大床，温馨静谧，适合休闲度假。	273	3196
1287	标准间	标准间，简洁整洁，设施完备，高性价比之选。	291	3197
1287	行政套房	行政套房，空间宽敞，配套齐全，尊享舒适入住体验。	741	3198
1288	标准间	标准间，简洁整洁，设施完备，高性价比之选。	236	3199
1288	行政套房	行政套房，空间宽敞，配套齐全，尊享舒适入住体验。	821	3200
1288	大床房	大床房，配备舒适大床，温馨静谧，适合休闲度假。	332	3201
1289	行政套房	行政套房，空间宽敞，配套齐全，尊享舒适入住体验。	687	3202
1289	大床房	大床房，配备舒适大床，温馨静谧，适合休闲度假。	467	3203
1289	标准间	标准间，简洁整洁，设施完备，高性价比之选。	202	3204
1290	标准间	标准间，简洁整洁，设施完备，高性价比之选。	253	3205
1290	大床房	大床房，配备舒适大床，温馨静谧，适合休闲度假。	328	3206
1291	大床房	大床房，配备舒适大床，温馨静谧，适合休闲度假。	424	3207
1291	行政套房	行政套房，空间宽敞，配套齐全，尊享舒适入住体验。	502	3208
1291	标准间	标准间，简洁整洁，设施完备，高性价比之选。	258	3209
1292	标准间	标准间，简洁整洁，设施完备，高性价比之选。	263	3210
1292	大床房	大床房，配备舒适大床，温馨静谧，适合休闲度假。	304	3211
1293	标准间	标准间，简洁整洁，设施完备，高性价比之选。	307	3212
1293	行政套房	行政套房，空间宽敞，配套齐全，尊享舒适入住体验。	668	3213
1294	大床房	大床房，配备舒适大床，温馨静谧，适合休闲度假。	357	3214
1294	标准间	标准间，简洁整洁，设施完备，高性价比之选。	194	3215
1294	行政套房	行政套房，空间宽敞，配套齐全，尊享舒适入住体验。	511	3216
1295	行政套房	行政套房，空间宽敞，配套齐全，尊享舒适入住体验。	572	3217
1295	大床房	大床房，配备舒适大床，温馨静谧，适合休闲度假。	416	3218
1296	大床房	大床房，配备舒适大床，温馨静谧，适合休闲度假。	371	3219
1296	标准间	标准间，简洁整洁，设施完备，高性价比之选。	185	3220
1296	行政套房	行政套房，空间宽敞，配套齐全，尊享舒适入住体验。	483	3221
1297	行政套房	行政套房，空间宽敞，配套齐全，尊享舒适入住体验。	813	3222
1297	大床房	大床房，配备舒适大床，温馨静谧，适合休闲度假。	392	3223
1298	标准间	标准间，简洁整洁，设施完备，高性价比之选。	282	3224
1298	行政套房	行政套房，空间宽敞，配套齐全，尊享舒适入住体验。	843	3225
1298	大床房	大床房，配备舒适大床，温馨静谧，适合休闲度假。	392	3226
1299	行政套房	行政套房，空间宽敞，配套齐全，尊享舒适入住体验。	585	3227
1299	大床房	大床房，配备舒适大床，温馨静谧，适合休闲度假。	471	3228
1299	标准间	标准间，简洁整洁，设施完备，高性价比之选。	268	3229
1300	大床房	大床房，配备舒适大床，温馨静谧，适合休闲度假。	331	3230
1300	标准间	标准间，简洁整洁，设施完备，高性价比之选。	291	3231
1301	大床房	大床房，配备舒适大床，温馨静谧，适合休闲度假。	407	3232
1301	标准间	标准间，简洁整洁，设施完备，高性价比之选。	246	3233
1302	标准间	标准间，简洁整洁，设施完备，高性价比之选。	212	3234
1302	大床房	大床房，配备舒适大床，温馨静谧，适合休闲度假。	316	3235
1302	行政套房	行政套房，空间宽敞，配套齐全，尊享舒适入住体验。	541	3236
1303	标准间	标准间，简洁整洁，设施完备，高性价比之选。	200	3237
1303	行政套房	行政套房，空间宽敞，配套齐全，尊享舒适入住体验。	623	3238
1304	大床房	大床房，配备舒适大床，温馨静谧，适合休闲度假。	409	3239
1304	行政套房	行政套房，空间宽敞，配套齐全，尊享舒适入住体验。	575	3240
1305	标准间	标准间，简洁整洁，设施完备，高性价比之选。	312	3241
1305	行政套房	行政套房，空间宽敞，配套齐全，尊享舒适入住体验。	499	3242
1305	大床房	大床房，配备舒适大床，温馨静谧，适合休闲度假。	447	3243
1306	大床房	大床房，配备舒适大床，温馨静谧，适合休闲度假。	428	3244
1306	行政套房	行政套房，空间宽敞，配套齐全，尊享舒适入住体验。	548	3245
1307	行政套房	行政套房，空间宽敞，配套齐全，尊享舒适入住体验。	879	3246
1307	大床房	大床房，配备舒适大床，温馨静谧，适合休闲度假。	339	3247
1307	标准间	标准间，简洁整洁，设施完备，高性价比之选。	231	3248
1308	大床房	大床房，配备舒适大床，温馨静谧，适合休闲度假。	266	3249
1308	标准间	标准间，简洁整洁，设施完备，高性价比之选。	238	3250
1308	行政套房	行政套房，空间宽敞，配套齐全，尊享舒适入住体验。	677	3251
1309	标准间	标准间，简洁整洁，设施完备，高性价比之选。	294	3252
1309	大床房	大床房，配备舒适大床，温馨静谧，适合休闲度假。	322	3253
1310	标准间	标准间，简洁整洁，设施完备，高性价比之选。	285	3254
1310	大床房	大床房，配备舒适大床，温馨静谧，适合休闲度假。	460	3255
1311	标准间	标准间，简洁整洁，设施完备，高性价比之选。	238	3256
1311	大床房	大床房，配备舒适大床，温馨静谧，适合休闲度假。	283	3257
1312	行政套房	行政套房，空间宽敞，配套齐全，尊享舒适入住体验。	840	3258
1312	大床房	大床房，配备舒适大床，温馨静谧，适合休闲度假。	269	3259
1312	标准间	标准间，简洁整洁，设施完备，高性价比之选。	223	3260
1313	行政套房	行政套房，空间宽敞，配套齐全，尊享舒适入住体验。	614	3261
1313	标准间	标准间，简洁整洁，设施完备，高性价比之选。	285	3262
1313	大床房	大床房，配备舒适大床，温馨静谧，适合休闲度假。	349	3263
1314	标准间	标准间，简洁整洁，设施完备，高性价比之选。	195	3264
1314	行政套房	行政套房，空间宽敞，配套齐全，尊享舒适入住体验。	852	3265
1314	大床房	大床房，配备舒适大床，温馨静谧，适合休闲度假。	350	3266
1315	行政套房	行政套房，空间宽敞，配套齐全，尊享舒适入住体验。	714	3267
1315	大床房	大床房，配备舒适大床，温馨静谧，适合休闲度假。	382	3268
1316	标准间	标准间，简洁整洁，设施完备，高性价比之选。	309	3269
1316	行政套房	行政套房，空间宽敞，配套齐全，尊享舒适入住体验。	533	3270
1317	大床房	大床房，配备舒适大床，温馨静谧，适合休闲度假。	337	3271
1317	行政套房	行政套房，空间宽敞，配套齐全，尊享舒适入住体验。	656	3272
1317	标准间	标准间，简洁整洁，设施完备，高性价比之选。	197	3273
1318	大床房	大床房，配备舒适大床，温馨静谧，适合休闲度假。	430	3274
1318	标准间	标准间，简洁整洁，设施完备，高性价比之选。	294	3275
1319	行政套房	行政套房，空间宽敞，配套齐全，尊享舒适入住体验。	528	3276
1319	大床房	大床房，配备舒适大床，温馨静谧，适合休闲度假。	307	3277
1319	标准间	标准间，简洁整洁，设施完备，高性价比之选。	252	3278
1320	标准间	标准间，简洁整洁，设施完备，高性价比之选。	180	3279
1320	行政套房	行政套房，空间宽敞，配套齐全，尊享舒适入住体验。	516	3280
1321	标准间	标准间，简洁整洁，设施完备，高性价比之选。	308	3281
1321	行政套房	行政套房，空间宽敞，配套齐全，尊享舒适入住体验。	605	3282
1322	标准间	标准间，简洁整洁，设施完备，高性价比之选。	260	3283
1322	大床房	大床房，配备舒适大床，温馨静谧，适合休闲度假。	430	3284
1323	大床房	大床房，配备舒适大床，温馨静谧，适合休闲度假。	326	3285
1323	行政套房	行政套房，空间宽敞，配套齐全，尊享舒适入住体验。	573	3286
1323	标准间	标准间，简洁整洁，设施完备，高性价比之选。	289	3287
1324	标准间	标准间，简洁整洁，设施完备，高性价比之选。	211	3288
1324	行政套房	行政套房，空间宽敞，配套齐全，尊享舒适入住体验。	669	3289
1325	大床房	大床房，配备舒适大床，温馨静谧，适合休闲度假。	374	3290
1325	标准间	标准间，简洁整洁，设施完备，高性价比之选。	308	3291
1326	大床房	大床房，配备舒适大床，温馨静谧，适合休闲度假。	371	3292
1326	标准间	标准间，简洁整洁，设施完备，高性价比之选。	218	3293
1327	大床房	大床房，配备舒适大床，温馨静谧，适合休闲度假。	399	3294
1327	标准间	标准间，简洁整洁，设施完备，高性价比之选。	203	3295
1327	行政套房	行政套房，空间宽敞，配套齐全，尊享舒适入住体验。	583	3296
1328	大床房	大床房，配备舒适大床，温馨静谧，适合休闲度假。	392	3297
1328	标准间	标准间，简洁整洁，设施完备，高性价比之选。	236	3298
1328	行政套房	行政套房，空间宽敞，配套齐全，尊享舒适入住体验。	632	3299
1329	行政套房	行政套房，空间宽敞，配套齐全，尊享舒适入住体验。	709	3300
1329	标准间	标准间，简洁整洁，设施完备，高性价比之选。	298	3301
1329	大床房	大床房，配备舒适大床，温馨静谧，适合休闲度假。	458	3302
1330	大床房	大床房，配备舒适大床，温馨静谧，适合休闲度假。	308	3303
1330	行政套房	行政套房，空间宽敞，配套齐全，尊享舒适入住体验。	761	3304
1331	标准间	标准间，简洁整洁，设施完备，高性价比之选。	242	3305
1331	行政套房	行政套房，空间宽敞，配套齐全，尊享舒适入住体验。	497	3306
1332	标准间	标准间，简洁整洁，设施完备，高性价比之选。	191	3307
1332	行政套房	行政套房，空间宽敞，配套齐全，尊享舒适入住体验。	847	3308
1332	大床房	大床房，配备舒适大床，温馨静谧，适合休闲度假。	453	3309
1333	标准间	标准间，简洁整洁，设施完备，高性价比之选。	214	3310
1333	行政套房	行政套房，空间宽敞，配套齐全，尊享舒适入住体验。	704	3311
1334	行政套房	行政套房，空间宽敞，配套齐全，尊享舒适入住体验。	705	3312
1334	大床房	大床房，配备舒适大床，温馨静谧，适合休闲度假。	441	3313
1334	标准间	标准间，简洁整洁，设施完备，高性价比之选。	245	3314
1335	行政套房	行政套房，空间宽敞，配套齐全，尊享舒适入住体验。	766	3315
1335	标准间	标准间，简洁整洁，设施完备，高性价比之选。	301	3316
1336	标准间	标准间，简洁整洁，设施完备，高性价比之选。	189	3317
1336	行政套房	行政套房，空间宽敞，配套齐全，尊享舒适入住体验。	581	3318
1336	大床房	大床房，配备舒适大床，温馨静谧，适合休闲度假。	476	3319
1337	行政套房	行政套房，空间宽敞，配套齐全，尊享舒适入住体验。	735	3320
1337	标准间	标准间，简洁整洁，设施完备，高性价比之选。	269	3321
1338	行政套房	行政套房，空间宽敞，配套齐全，尊享舒适入住体验。	824	3322
1338	标准间	标准间，简洁整洁，设施完备，高性价比之选。	289	3323
1339	行政套房	行政套房，空间宽敞，配套齐全，尊享舒适入住体验。	772	3324
1339	标准间	标准间，简洁整洁，设施完备，高性价比之选。	231	3325
1339	大床房	大床房，配备舒适大床，温馨静谧，适合休闲度假。	276	3326
1340	行政套房	行政套房，空间宽敞，配套齐全，尊享舒适入住体验。	502	3327
1340	大床房	大床房，配备舒适大床，温馨静谧，适合休闲度假。	395	3328
1340	标准间	标准间，简洁整洁，设施完备，高性价比之选。	278	3329
1341	标准间	标准间，简洁整洁，设施完备，高性价比之选。	294	3330
1341	大床房	大床房，配备舒适大床，温馨静谧，适合休闲度假。	461	3331
1341	行政套房	行政套房，空间宽敞，配套齐全，尊享舒适入住体验。	848	3332
1342	行政套房	行政套房，空间宽敞，配套齐全，尊享舒适入住体验。	624	3333
1342	大床房	大床房，配备舒适大床，温馨静谧，适合休闲度假。	300	3334
1343	行政套房	行政套房，空间宽敞，配套齐全，尊享舒适入住体验。	530	3335
1343	标准间	标准间，简洁整洁，设施完备，高性价比之选。	203	3336
1344	大床房	大床房，配备舒适大床，温馨静谧，适合休闲度假。	450	3337
1344	行政套房	行政套房，空间宽敞，配套齐全，尊享舒适入住体验。	742	3338
1345	大床房	大床房，配备舒适大床，温馨静谧，适合休闲度假。	296	3339
1345	标准间	标准间，简洁整洁，设施完备，高性价比之选。	207	3340
1345	行政套房	行政套房，空间宽敞，配套齐全，尊享舒适入住体验。	617	3341
1346	标准间	标准间，简洁整洁，设施完备，高性价比之选。	320	3342
1346	大床房	大床房，配备舒适大床，温馨静谧，适合休闲度假。	434	3343
1347	大床房	大床房，配备舒适大床，温馨静谧，适合休闲度假。	361	3344
1347	标准间	标准间，简洁整洁，设施完备，高性价比之选。	193	3345
1347	行政套房	行政套房，空间宽敞，配套齐全，尊享舒适入住体验。	544	3346
1348	行政套房	行政套房，空间宽敞，配套齐全，尊享舒适入住体验。	793	3347
1348	标准间	标准间，简洁整洁，设施完备，高性价比之选。	225	3348
1349	行政套房	行政套房，空间宽敞，配套齐全，尊享舒适入住体验。	686	3349
1349	标准间	标准间，简洁整洁，设施完备，高性价比之选。	210	3350
1349	大床房	大床房，配备舒适大床，温馨静谧，适合休闲度假。	361	3351
1350	大床房	大床房，配备舒适大床，温馨静谧，适合休闲度假。	378	3352
1350	行政套房	行政套房，空间宽敞，配套齐全，尊享舒适入住体验。	798	3353
1350	标准间	标准间，简洁整洁，设施完备，高性价比之选。	269	3354
1351	标准间	标准间，简洁整洁，设施完备，高性价比之选。	222	3355
1351	大床房	大床房，配备舒适大床，温馨静谧，适合休闲度假。	269	3356
1352	大床房	大床房，配备舒适大床，温馨静谧，适合休闲度假。	464	3357
1352	标准间	标准间，简洁整洁，设施完备，高性价比之选。	198	3358
1353	标准间	标准间，简洁整洁，设施完备，高性价比之选。	276	3359
1353	大床房	大床房，配备舒适大床，温馨静谧，适合休闲度假。	405	3360
1354	行政套房	行政套房，空间宽敞，配套齐全，尊享舒适入住体验。	835	3361
1354	标准间	标准间，简洁整洁，设施完备，高性价比之选。	285	3362
1354	大床房	大床房，配备舒适大床，温馨静谧，适合休闲度假。	467	3363
1355	行政套房	行政套房，空间宽敞，配套齐全，尊享舒适入住体验。	710	3364
1355	大床房	大床房，配备舒适大床，温馨静谧，适合休闲度假。	371	3365
1356	行政套房	行政套房，空间宽敞，配套齐全，尊享舒适入住体验。	711	3366
1356	标准间	标准间，简洁整洁，设施完备，高性价比之选。	205	3367
1357	大床房	大床房，配备舒适大床，温馨静谧，适合休闲度假。	474	3368
1357	标准间	标准间，简洁整洁，设施完备，高性价比之选。	303	3369
1357	行政套房	行政套房，空间宽敞，配套齐全，尊享舒适入住体验。	846	3370
1358	标准间	标准间，简洁整洁，设施完备，高性价比之选。	183	3371
1358	大床房	大床房，配备舒适大床，温馨静谧，适合休闲度假。	282	3372
1359	标准间	标准间，简洁整洁，设施完备，高性价比之选。	220	3373
1359	大床房	大床房，配备舒适大床，温馨静谧，适合休闲度假。	375	3374
1359	行政套房	行政套房，空间宽敞，配套齐全，尊享舒适入住体验。	713	3375
1360	大床房	大床房，配备舒适大床，温馨静谧，适合休闲度假。	399	3376
1360	标准间	标准间，简洁整洁，设施完备，高性价比之选。	291	3377
1360	行政套房	行政套房，空间宽敞，配套齐全，尊享舒适入住体验。	845	3378
1361	标准间	标准间，简洁整洁，设施完备，高性价比之选。	288	3379
1361	大床房	大床房，配备舒适大床，温馨静谧，适合休闲度假。	303	3380
1361	行政套房	行政套房，空间宽敞，配套齐全，尊享舒适入住体验。	607	3381
1362	大床房	大床房，配备舒适大床，温馨静谧，适合休闲度假。	460	3382
1362	行政套房	行政套房，空间宽敞，配套齐全，尊享舒适入住体验。	803	3383
1363	行政套房	行政套房，空间宽敞，配套齐全，尊享舒适入住体验。	771	3384
1363	大床房	大床房，配备舒适大床，温馨静谧，适合休闲度假。	470	3385
1364	行政套房	行政套房，空间宽敞，配套齐全，尊享舒适入住体验。	816	3386
1364	标准间	标准间，简洁整洁，设施完备，高性价比之选。	217	3387
1365	行政套房	行政套房，空间宽敞，配套齐全，尊享舒适入住体验。	722	3388
1365	大床房	大床房，配备舒适大床，温馨静谧，适合休闲度假。	399	3389
1365	标准间	标准间，简洁整洁，设施完备，高性价比之选。	315	3390
1366	标准间	标准间，简洁整洁，设施完备，高性价比之选。	189	3391
1366	大床房	大床房，配备舒适大床，温馨静谧，适合休闲度假。	331	3392
1366	行政套房	行政套房，空间宽敞，配套齐全，尊享舒适入住体验。	738	3393
1367	大床房	大床房，配备舒适大床，温馨静谧，适合休闲度假。	297	3394
1367	标准间	标准间，简洁整洁，设施完备，高性价比之选。	281	3395
1368	标准间	标准间，简洁整洁，设施完备，高性价比之选。	297	3396
1368	行政套房	行政套房，空间宽敞，配套齐全，尊享舒适入住体验。	630	3397
1369	大床房	大床房，配备舒适大床，温馨静谧，适合休闲度假。	349	3398
1369	行政套房	行政套房，空间宽敞，配套齐全，尊享舒适入住体验。	557	3399
1370	标准间	标准间，简洁整洁，设施完备，高性价比之选。	272	3400
1370	大床房	大床房，配备舒适大床，温馨静谧，适合休闲度假。	457	3401
1370	行政套房	行政套房，空间宽敞，配套齐全，尊享舒适入住体验。	626	3402
1371	标准间	标准间，简洁整洁，设施完备，高性价比之选。	186	3403
1371	大床房	大床房，配备舒适大床，温馨静谧，适合休闲度假。	411	3404
1371	行政套房	行政套房，空间宽敞，配套齐全，尊享舒适入住体验。	622	3405
1372	行政套房	行政套房，空间宽敞，配套齐全，尊享舒适入住体验。	560	3406
1372	大床房	大床房，配备舒适大床，温馨静谧，适合休闲度假。	300	3407
1373	大床房	大床房，配备舒适大床，温馨静谧，适合休闲度假。	436	3408
1373	行政套房	行政套房，空间宽敞，配套齐全，尊享舒适入住体验。	523	3409
1374	大床房	大床房，配备舒适大床，温馨静谧，适合休闲度假。	350	3410
1374	标准间	标准间，简洁整洁，设施完备，高性价比之选。	217	3411
1374	行政套房	行政套房，空间宽敞，配套齐全，尊享舒适入住体验。	511	3412
1375	大床房	大床房，配备舒适大床，温馨静谧，适合休闲度假。	387	3413
1375	行政套房	行政套房，空间宽敞，配套齐全，尊享舒适入住体验。	622	3414
1376	行政套房	行政套房，空间宽敞，配套齐全，尊享舒适入住体验。	799	3415
1376	标准间	标准间，简洁整洁，设施完备，高性价比之选。	214	3416
1376	大床房	大床房，配备舒适大床，温馨静谧，适合休闲度假。	281	3417
1377	行政套房	行政套房，空间宽敞，配套齐全，尊享舒适入住体验。	548	3418
1377	大床房	大床房，配备舒适大床，温馨静谧，适合休闲度假。	373	3419
1378	大床房	大床房，配备舒适大床，温馨静谧，适合休闲度假。	426	3420
1378	标准间	标准间，简洁整洁，设施完备，高性价比之选。	265	3421
1378	行政套房	行政套房，空间宽敞，配套齐全，尊享舒适入住体验。	531	3422
1379	标准间	标准间，简洁整洁，设施完备，高性价比之选。	223	3423
1379	大床房	大床房，配备舒适大床，温馨静谧，适合休闲度假。	470	3424
1379	行政套房	行政套房，空间宽敞，配套齐全，尊享舒适入住体验。	524	3425
1380	行政套房	行政套房，空间宽敞，配套齐全，尊享舒适入住体验。	783	3426
1380	大床房	大床房，配备舒适大床，温馨静谧，适合休闲度假。	441	3427
1380	标准间	标准间，简洁整洁，设施完备，高性价比之选。	266	3428
1381	大床房	大床房，配备舒适大床，温馨静谧，适合休闲度假。	322	3429
1381	行政套房	行政套房，空间宽敞，配套齐全，尊享舒适入住体验。	858	3430
1382	标准间	标准间，简洁整洁，设施完备，高性价比之选。	244	3431
1382	行政套房	行政套房，空间宽敞，配套齐全，尊享舒适入住体验。	685	3432
1383	标准间	标准间，简洁整洁，设施完备，高性价比之选。	195	3433
1383	大床房	大床房，配备舒适大床，温馨静谧，适合休闲度假。	469	3434
1383	行政套房	行政套房，空间宽敞，配套齐全，尊享舒适入住体验。	501	3435
1384	行政套房	行政套房，空间宽敞，配套齐全，尊享舒适入住体验。	568	3436
1384	标准间	标准间，简洁整洁，设施完备，高性价比之选。	231	3437
1384	大床房	大床房，配备舒适大床，温馨静谧，适合休闲度假。	435	3438
1385	行政套房	行政套房，空间宽敞，配套齐全，尊享舒适入住体验。	798	3439
1385	标准间	标准间，简洁整洁，设施完备，高性价比之选。	279	3440
1385	大床房	大床房，配备舒适大床，温馨静谧，适合休闲度假。	314	3441
1386	大床房	大床房，配备舒适大床，温馨静谧，适合休闲度假。	433	3442
1386	标准间	标准间，简洁整洁，设施完备，高性价比之选。	306	3443
1387	大床房	大床房，配备舒适大床，温馨静谧，适合休闲度假。	379	3444
1387	标准间	标准间，简洁整洁，设施完备，高性价比之选。	257	3445
1388	标准间	标准间，简洁整洁，设施完备，高性价比之选。	297	3446
1388	大床房	大床房，配备舒适大床，温馨静谧，适合休闲度假。	445	3447
1389	大床房	大床房，配备舒适大床，温馨静谧，适合休闲度假。	385	3448
1389	行政套房	行政套房，空间宽敞，配套齐全，尊享舒适入住体验。	529	3449
1389	标准间	标准间，简洁整洁，设施完备，高性价比之选。	190	3450
1390	大床房	大床房，配备舒适大床，温馨静谧，适合休闲度假。	369	3451
1390	行政套房	行政套房，空间宽敞，配套齐全，尊享舒适入住体验。	757	3452
1390	标准间	标准间，简洁整洁，设施完备，高性价比之选。	196	3453
1391	大床房	大床房，配备舒适大床，温馨静谧，适合休闲度假。	345	3454
1391	行政套房	行政套房，空间宽敞，配套齐全，尊享舒适入住体验。	576	3455
1392	标准间	标准间，简洁整洁，设施完备，高性价比之选。	292	3456
1392	行政套房	行政套房，空间宽敞，配套齐全，尊享舒适入住体验。	519	3457
1392	大床房	大床房，配备舒适大床，温馨静谧，适合休闲度假。	342	3458
1393	大床房	大床房，配备舒适大床，温馨静谧，适合休闲度假。	337	3459
1393	标准间	标准间，简洁整洁，设施完备，高性价比之选。	243	3460
1394	行政套房	行政套房，空间宽敞，配套齐全，尊享舒适入住体验。	656	3461
1394	标准间	标准间，简洁整洁，设施完备，高性价比之选。	234	3462
1394	大床房	大床房，配备舒适大床，温馨静谧，适合休闲度假。	329	3463
1395	行政套房	行政套房，空间宽敞，配套齐全，尊享舒适入住体验。	873	3464
1395	标准间	标准间，简洁整洁，设施完备，高性价比之选。	211	3465
1395	大床房	大床房，配备舒适大床，温馨静谧，适合休闲度假。	398	3466
1396	大床房	大床房，配备舒适大床，温馨静谧，适合休闲度假。	398	3467
1396	标准间	标准间，简洁整洁，设施完备，高性价比之选。	256	3468
1396	行政套房	行政套房，空间宽敞，配套齐全，尊享舒适入住体验。	742	3469
1397	行政套房	行政套房，空间宽敞，配套齐全，尊享舒适入住体验。	601	3470
1397	大床房	大床房，配备舒适大床，温馨静谧，适合休闲度假。	360	3471
1397	标准间	标准间，简洁整洁，设施完备，高性价比之选。	303	3472
1398	行政套房	行政套房，空间宽敞，配套齐全，尊享舒适入住体验。	480	3473
1398	大床房	大床房，配备舒适大床，温馨静谧，适合休闲度假。	428	3474
1399	行政套房	行政套房，空间宽敞，配套齐全，尊享舒适入住体验。	786	3475
1399	标准间	标准间，简洁整洁，设施完备，高性价比之选。	218	3476
1399	大床房	大床房，配备舒适大床，温馨静谧，适合休闲度假。	277	3477
1400	标准间	标准间，简洁整洁，设施完备，高性价比之选。	242	3478
1400	大床房	大床房，配备舒适大床，温馨静谧，适合休闲度假。	280	3479
1401	行政套房	行政套房，空间宽敞，配套齐全，尊享舒适入住体验。	808	3480
1401	大床房	大床房，配备舒适大床，温馨静谧，适合休闲度假。	419	3481
1402	大床房	大床房，配备舒适大床，温馨静谧，适合休闲度假。	472	3482
1402	行政套房	行政套房，空间宽敞，配套齐全，尊享舒适入住体验。	541	3483
1403	大床房	大床房，配备舒适大床，温馨静谧，适合休闲度假。	386	3484
1403	行政套房	行政套房，空间宽敞，配套齐全，尊享舒适入住体验。	615	3485
1404	大床房	大床房，配备舒适大床，温馨静谧，适合休闲度假。	459	3486
1404	标准间	标准间，简洁整洁，设施完备，高性价比之选。	238	3487
1404	行政套房	行政套房，空间宽敞，配套齐全，尊享舒适入住体验。	550	3488
1405	大床房	大床房，配备舒适大床，温馨静谧，适合休闲度假。	306	3489
1405	行政套房	行政套房，空间宽敞，配套齐全，尊享舒适入住体验。	680	3490
1406	大床房	大床房，配备舒适大床，温馨静谧，适合休闲度假。	299	3491
1406	行政套房	行政套房，空间宽敞，配套齐全，尊享舒适入住体验。	567	3492
1406	标准间	标准间，简洁整洁，设施完备，高性价比之选。	284	3493
1407	大床房	大床房，配备舒适大床，温馨静谧，适合休闲度假。	300	3494
1407	行政套房	行政套房，空间宽敞，配套齐全，尊享舒适入住体验。	868	3495
1408	标准间	标准间，简洁整洁，设施完备，高性价比之选。	215	3496
1408	大床房	大床房，配备舒适大床，温馨静谧，适合休闲度假。	465	3497
1408	行政套房	行政套房，空间宽敞，配套齐全，尊享舒适入住体验。	819	3498
1409	大床房	大床房，配备舒适大床，温馨静谧，适合休闲度假。	329	3499
1409	行政套房	行政套房，空间宽敞，配套齐全，尊享舒适入住体验。	556	3500
1410	大床房	大床房，配备舒适大床，温馨静谧，适合休闲度假。	379	3501
1410	行政套房	行政套房，空间宽敞，配套齐全，尊享舒适入住体验。	785	3502
1411	行政套房	行政套房，空间宽敞，配套齐全，尊享舒适入住体验。	518	3503
1411	标准间	标准间，简洁整洁，设施完备，高性价比之选。	320	3504
1412	大床房	大床房，配备舒适大床，温馨静谧，适合休闲度假。	393	3505
1412	行政套房	行政套房，空间宽敞，配套齐全，尊享舒适入住体验。	628	3506
1412	标准间	标准间，简洁整洁，设施完备，高性价比之选。	283	3507
1413	大床房	大床房，配备舒适大床，温馨静谧，适合休闲度假。	475	3508
1413	标准间	标准间，简洁整洁，设施完备，高性价比之选。	236	3509
1413	行政套房	行政套房，空间宽敞，配套齐全，尊享舒适入住体验。	558	3510
1414	大床房	大床房，配备舒适大床，温馨静谧，适合休闲度假。	291	3511
1414	行政套房	行政套房，空间宽敞，配套齐全，尊享舒适入住体验。	744	3512
1415	大床房	大床房，配备舒适大床，温馨静谧，适合休闲度假。	281	3513
1415	行政套房	行政套房，空间宽敞，配套齐全，尊享舒适入住体验。	561	3514
1415	标准间	标准间，简洁整洁，设施完备，高性价比之选。	242	3515
1416	标准间	标准间，简洁整洁，设施完备，高性价比之选。	189	3516
1416	行政套房	行政套房，空间宽敞，配套齐全，尊享舒适入住体验。	783	3517
1416	大床房	大床房，配备舒适大床，温馨静谧，适合休闲度假。	372	3518
1417	行政套房	行政套房，空间宽敞，配套齐全，尊享舒适入住体验。	553	3519
1417	标准间	标准间，简洁整洁，设施完备，高性价比之选。	315	3520
1418	标准间	标准间，简洁整洁，设施完备，高性价比之选。	198	3521
1418	行政套房	行政套房，空间宽敞，配套齐全，尊享舒适入住体验。	726	3522
1419	标准间	标准间，简洁整洁，设施完备，高性价比之选。	204	3523
1419	大床房	大床房，配备舒适大床，温馨静谧，适合休闲度假。	405	3524
1420	标准间	标准间，简洁整洁，设施完备，高性价比之选。	233	3525
1420	行政套房	行政套房，空间宽敞，配套齐全，尊享舒适入住体验。	609	3526
1421	行政套房	行政套房，空间宽敞，配套齐全，尊享舒适入住体验。	693	3527
1421	标准间	标准间，简洁整洁，设施完备，高性价比之选。	312	3528
1421	大床房	大床房，配备舒适大床，温馨静谧，适合休闲度假。	462	3529
1422	标准间	标准间，简洁整洁，设施完备，高性价比之选。	317	3530
1422	大床房	大床房，配备舒适大床，温馨静谧，适合休闲度假。	299	3531
1422	行政套房	行政套房，空间宽敞，配套齐全，尊享舒适入住体验。	640	3532
1423	行政套房	行政套房，空间宽敞，配套齐全，尊享舒适入住体验。	681	3533
1423	标准间	标准间，简洁整洁，设施完备，高性价比之选。	232	3534
1424	标准间	标准间，简洁整洁，设施完备，高性价比之选。	320	3535
1424	行政套房	行政套房，空间宽敞，配套齐全，尊享舒适入住体验。	775	3536
1424	大床房	大床房，配备舒适大床，温馨静谧，适合休闲度假。	319	3537
1425	大床房	大床房，配备舒适大床，温馨静谧，适合休闲度假。	343	3538
1425	行政套房	行政套房，空间宽敞，配套齐全，尊享舒适入住体验。	539	3539
1426	行政套房	行政套房，空间宽敞，配套齐全，尊享舒适入住体验。	715	3540
1426	标准间	标准间，简洁整洁，设施完备，高性价比之选。	280	3541
1427	标准间	标准间，简洁整洁，设施完备，高性价比之选。	235	3542
1427	大床房	大床房，配备舒适大床，温馨静谧，适合休闲度假。	279	3543
1428	行政套房	行政套房，空间宽敞，配套齐全，尊享舒适入住体验。	806	3544
1428	标准间	标准间，简洁整洁，设施完备，高性价比之选。	242	3545
1429	大床房	大床房，配备舒适大床，温馨静谧，适合休闲度假。	349	3546
1429	标准间	标准间，简洁整洁，设施完备，高性价比之选。	293	3547
1429	行政套房	行政套房，空间宽敞，配套齐全，尊享舒适入住体验。	595	3548
1430	大床房	大床房，配备舒适大床，温馨静谧，适合休闲度假。	269	3549
1430	标准间	标准间，简洁整洁，设施完备，高性价比之选。	251	3550
1430	行政套房	行政套房，空间宽敞，配套齐全，尊享舒适入住体验。	598	3551
1431	大床房	大床房，配备舒适大床，温馨静谧，适合休闲度假。	429	3552
1431	行政套房	行政套房，空间宽敞，配套齐全，尊享舒适入住体验。	748	3553
1432	大床房	大床房，配备舒适大床，温馨静谧，适合休闲度假。	285	3554
1432	标准间	标准间，简洁整洁，设施完备，高性价比之选。	188	3555
1433	大床房	大床房，配备舒适大床，温馨静谧，适合休闲度假。	446	3556
1433	行政套房	行政套房，空间宽敞，配套齐全，尊享舒适入住体验。	506	3557
1433	标准间	标准间，简洁整洁，设施完备，高性价比之选。	253	3558
1434	大床房	大床房，配备舒适大床，温馨静谧，适合休闲度假。	312	3559
1434	标准间	标准间，简洁整洁，设施完备，高性价比之选。	225	3560
1435	行政套房	行政套房，空间宽敞，配套齐全，尊享舒适入住体验。	545	3561
1435	大床房	大床房，配备舒适大床，温馨静谧，适合休闲度假。	473	3562
1436	大床房	大床房，配备舒适大床，温馨静谧，适合休闲度假。	358	3563
1436	标准间	标准间，简洁整洁，设施完备，高性价比之选。	209	3564
1436	行政套房	行政套房，空间宽敞，配套齐全，尊享舒适入住体验。	575	3565
1437	大床房	大床房，配备舒适大床，温馨静谧，适合休闲度假。	411	3566
1437	行政套房	行政套房，空间宽敞，配套齐全，尊享舒适入住体验。	588	3567
1438	行政套房	行政套房，空间宽敞，配套齐全，尊享舒适入住体验。	497	3568
1438	标准间	标准间，简洁整洁，设施完备，高性价比之选。	229	3569
1438	大床房	大床房，配备舒适大床，温馨静谧，适合休闲度假。	408	3570
1439	标准间	标准间，简洁整洁，设施完备，高性价比之选。	306	3571
1439	大床房	大床房，配备舒适大床，温馨静谧，适合休闲度假。	286	3572
1440	大床房	大床房，配备舒适大床，温馨静谧，适合休闲度假。	421	3573
1440	行政套房	行政套房，空间宽敞，配套齐全，尊享舒适入住体验。	663	3574
1440	标准间	标准间，简洁整洁，设施完备，高性价比之选。	265	3575
1441	行政套房	行政套房，空间宽敞，配套齐全，尊享舒适入住体验。	789	3576
1441	标准间	标准间，简洁整洁，设施完备，高性价比之选。	220	3577
1441	大床房	大床房，配备舒适大床，温馨静谧，适合休闲度假。	264	3578
1442	大床房	大床房，配备舒适大床，温馨静谧，适合休闲度假。	394	3579
1442	标准间	标准间，简洁整洁，设施完备，高性价比之选。	314	3580
1442	行政套房	行政套房，空间宽敞，配套齐全，尊享舒适入住体验。	752	3581
1443	标准间	标准间，简洁整洁，设施完备，高性价比之选。	252	3582
1443	行政套房	行政套房，空间宽敞，配套齐全，尊享舒适入住体验。	629	3583
1444	大床房	大床房，配备舒适大床，温馨静谧，适合休闲度假。	298	3584
1444	标准间	标准间，简洁整洁，设施完备，高性价比之选。	256	3585
1445	行政套房	行政套房，空间宽敞，配套齐全，尊享舒适入住体验。	724	3586
1445	标准间	标准间，简洁整洁，设施完备，高性价比之选。	203	3587
1445	大床房	大床房，配备舒适大床，温馨静谧，适合休闲度假。	466	3588
1446	行政套房	行政套房，空间宽敞，配套齐全，尊享舒适入住体验。	871	3589
1446	标准间	标准间，简洁整洁，设施完备，高性价比之选。	191	3590
1446	大床房	大床房，配备舒适大床，温馨静谧，适合休闲度假。	331	3591
1447	标准间	标准间，简洁整洁，设施完备，高性价比之选。	208	3592
1447	大床房	大床房，配备舒适大床，温馨静谧，适合休闲度假。	406	3593
1447	行政套房	行政套房，空间宽敞，配套齐全，尊享舒适入住体验。	574	3594
1448	大床房	大床房，配备舒适大床，温馨静谧，适合休闲度假。	278	3595
1448	标准间	标准间，简洁整洁，设施完备，高性价比之选。	221	3596
1449	行政套房	行政套房，空间宽敞，配套齐全，尊享舒适入住体验。	592	3597
1449	标准间	标准间，简洁整洁，设施完备，高性价比之选。	302	3598
1449	大床房	大床房，配备舒适大床，温馨静谧，适合休闲度假。	328	3599
1450	行政套房	行政套房，空间宽敞，配套齐全，尊享舒适入住体验。	485	3600
1450	大床房	大床房，配备舒适大床，温馨静谧，适合休闲度假。	305	3601
1450	标准间	标准间，简洁整洁，设施完备，高性价比之选。	205	3602
1451	标准间	标准间，简洁整洁，设施完备，高性价比之选。	195	3603
1451	行政套房	行政套房，空间宽敞，配套齐全，尊享舒适入住体验。	758	3604
1452	标准间	标准间，简洁整洁，设施完备，高性价比之选。	253	3605
1452	大床房	大床房，配备舒适大床，温馨静谧，适合休闲度假。	344	3606
1452	行政套房	行政套房，空间宽敞，配套齐全，尊享舒适入住体验。	676	3607
1453	大床房	大床房，配备舒适大床，温馨静谧，适合休闲度假。	301	3608
1453	标准间	标准间，简洁整洁，设施完备，高性价比之选。	195	3609
1454	大床房	大床房，配备舒适大床，温馨静谧，适合休闲度假。	356	3610
1454	行政套房	行政套房，空间宽敞，配套齐全，尊享舒适入住体验。	700	3611
1455	标准间	标准间，简洁整洁，设施完备，高性价比之选。	230	3612
1455	大床房	大床房，配备舒适大床，温馨静谧，适合休闲度假。	393	3613
1455	行政套房	行政套房，空间宽敞，配套齐全，尊享舒适入住体验。	837	3614
1456	行政套房	行政套房，空间宽敞，配套齐全，尊享舒适入住体验。	764	3615
1456	大床房	大床房，配备舒适大床，温馨静谧，适合休闲度假。	334	3616
1457	行政套房	行政套房，空间宽敞，配套齐全，尊享舒适入住体验。	769	3617
1457	标准间	标准间，简洁整洁，设施完备，高性价比之选。	244	3618
1457	大床房	大床房，配备舒适大床，温馨静谧，适合休闲度假。	275	3619
1458	行政套房	行政套房，空间宽敞，配套齐全，尊享舒适入住体验。	634	3620
1458	标准间	标准间，简洁整洁，设施完备，高性价比之选。	295	3621
1458	大床房	大床房，配备舒适大床，温馨静谧，适合休闲度假。	428	3622
1459	标准间	标准间，简洁整洁，设施完备，高性价比之选。	251	3623
1459	行政套房	行政套房，空间宽敞，配套齐全，尊享舒适入住体验。	681	3624
1460	大床房	大床房，配备舒适大床，温馨静谧，适合休闲度假。	330	3625
1460	标准间	标准间，简洁整洁，设施完备，高性价比之选。	207	3626
1461	标准间	标准间，简洁整洁，设施完备，高性价比之选。	218	3627
1461	行政套房	行政套房，空间宽敞，配套齐全，尊享舒适入住体验。	727	3628
1462	标准间	标准间，简洁整洁，设施完备，高性价比之选。	197	3629
1462	行政套房	行政套房，空间宽敞，配套齐全，尊享舒适入住体验。	661	3630
1462	大床房	大床房，配备舒适大床，温馨静谧，适合休闲度假。	374	3631
1463	行政套房	行政套房，空间宽敞，配套齐全，尊享舒适入住体验。	743	3632
1463	标准间	标准间，简洁整洁，设施完备，高性价比之选。	183	3633
1463	大床房	大床房，配备舒适大床，温馨静谧，适合休闲度假。	479	3634
1464	行政套房	行政套房，空间宽敞，配套齐全，尊享舒适入住体验。	553	3635
1464	大床房	大床房，配备舒适大床，温馨静谧，适合休闲度假。	314	3636
1465	行政套房	行政套房，空间宽敞，配套齐全，尊享舒适入住体验。	554	3637
1465	标准间	标准间，简洁整洁，设施完备，高性价比之选。	238	3638
1465	大床房	大床房，配备舒适大床，温馨静谧，适合休闲度假。	460	3639
1466	标准间	标准间，简洁整洁，设施完备，高性价比之选。	225	3640
1466	大床房	大床房，配备舒适大床，温馨静谧，适合休闲度假。	340	3641
1467	行政套房	行政套房，空间宽敞，配套齐全，尊享舒适入住体验。	843	3642
1467	大床房	大床房，配备舒适大床，温馨静谧，适合休闲度假。	361	3643
1468	标准间	标准间，简洁整洁，设施完备，高性价比之选。	256	3644
1468	行政套房	行政套房，空间宽敞，配套齐全，尊享舒适入住体验。	678	3645
1469	大床房	大床房，配备舒适大床，温馨静谧，适合休闲度假。	345	3646
1469	标准间	标准间，简洁整洁，设施完备，高性价比之选。	279	3647
1469	行政套房	行政套房，空间宽敞，配套齐全，尊享舒适入住体验。	722	3648
1470	大床房	大床房，配备舒适大床，温馨静谧，适合休闲度假。	393	3649
1470	标准间	标准间，简洁整洁，设施完备，高性价比之选。	305	3650
1471	行政套房	行政套房，空间宽敞，配套齐全，尊享舒适入住体验。	641	3651
1471	标准间	标准间，简洁整洁，设施完备，高性价比之选。	319	3652
1471	大床房	大床房，配备舒适大床，温馨静谧，适合休闲度假。	442	3653
1472	标准间	标准间，简洁整洁，设施完备，高性价比之选。	320	3654
1472	行政套房	行政套房，空间宽敞，配套齐全，尊享舒适入住体验。	723	3655
1472	大床房	大床房，配备舒适大床，温馨静谧，适合休闲度假。	325	3656
1473	标准间	标准间，简洁整洁，设施完备，高性价比之选。	294	3657
1473	大床房	大床房，配备舒适大床，温馨静谧，适合休闲度假。	313	3658
1473	行政套房	行政套房，空间宽敞，配套齐全，尊享舒适入住体验。	822	3659
1474	标准间	标准间，简洁整洁，设施完备，高性价比之选。	292	3660
1474	大床房	大床房，配备舒适大床，温馨静谧，适合休闲度假。	398	3661
1474	行政套房	行政套房，空间宽敞，配套齐全，尊享舒适入住体验。	558	3662
1475	标准间	标准间，简洁整洁，设施完备，高性价比之选。	303	3663
1475	大床房	大床房，配备舒适大床，温馨静谧，适合休闲度假。	376	3664
1475	行政套房	行政套房，空间宽敞，配套齐全，尊享舒适入住体验。	752	3665
1476	标准间	标准间，简洁整洁，设施完备，高性价比之选。	231	3666
1476	大床房	大床房，配备舒适大床，温馨静谧，适合休闲度假。	361	3667
1476	行政套房	行政套房，空间宽敞，配套齐全，尊享舒适入住体验。	748	3668
1477	行政套房	行政套房，空间宽敞，配套齐全，尊享舒适入住体验。	506	3669
1477	大床房	大床房，配备舒适大床，温馨静谧，适合休闲度假。	321	3670
1477	标准间	标准间，简洁整洁，设施完备，高性价比之选。	185	3671
1478	标准间	标准间，简洁整洁，设施完备，高性价比之选。	299	3672
1478	大床房	大床房，配备舒适大床，温馨静谧，适合休闲度假。	302	3673
1479	标准间	标准间，简洁整洁，设施完备，高性价比之选。	264	3674
1479	大床房	大床房，配备舒适大床，温馨静谧，适合休闲度假。	471	3675
1479	行政套房	行政套房，空间宽敞，配套齐全，尊享舒适入住体验。	637	3676
1480	标准间	标准间，简洁整洁，设施完备，高性价比之选。	191	3677
1480	大床房	大床房，配备舒适大床，温馨静谧，适合休闲度假。	372	3678
1480	行政套房	行政套房，空间宽敞，配套齐全，尊享舒适入住体验。	517	3679
1481	标准间	标准间，简洁整洁，设施完备，高性价比之选。	269	3680
1481	行政套房	行政套房，空间宽敞，配套齐全，尊享舒适入住体验。	698	3681
1482	大床房	大床房，配备舒适大床，温馨静谧，适合休闲度假。	347	3682
1482	行政套房	行政套房，空间宽敞，配套齐全，尊享舒适入住体验。	815	3683
1483	标准间	标准间，简洁整洁，设施完备，高性价比之选。	284	3684
1483	行政套房	行政套房，空间宽敞，配套齐全，尊享舒适入住体验。	651	3685
1483	大床房	大床房，配备舒适大床，温馨静谧，适合休闲度假。	296	3686
1484	大床房	大床房，配备舒适大床，温馨静谧，适合休闲度假。	285	3687
1484	行政套房	行政套房，空间宽敞，配套齐全，尊享舒适入住体验。	814	3688
1484	标准间	标准间，简洁整洁，设施完备，高性价比之选。	272	3689
1485	大床房	大床房，配备舒适大床，温馨静谧，适合休闲度假。	384	3690
1485	行政套房	行政套房，空间宽敞，配套齐全，尊享舒适入住体验。	616	3691
1485	标准间	标准间，简洁整洁，设施完备，高性价比之选。	228	3692
1486	大床房	大床房，配备舒适大床，温馨静谧，适合休闲度假。	388	3693
1486	标准间	标准间，简洁整洁，设施完备，高性价比之选。	263	3694
1486	行政套房	行政套房，空间宽敞，配套齐全，尊享舒适入住体验。	825	3695
1487	行政套房	行政套房，空间宽敞，配套齐全，尊享舒适入住体验。	732	3696
1487	标准间	标准间，简洁整洁，设施完备，高性价比之选。	314	3697
1487	大床房	大床房，配备舒适大床，温馨静谧，适合休闲度假。	392	3698
1488	大床房	大床房，配备舒适大床，温馨静谧，适合休闲度假。	266	3699
1488	标准间	标准间，简洁整洁，设施完备，高性价比之选。	294	3700
1489	行政套房	行政套房，空间宽敞，配套齐全，尊享舒适入住体验。	517	3701
1489	标准间	标准间，简洁整洁，设施完备，高性价比之选。	292	3702
1490	大床房	大床房，配备舒适大床，温馨静谧，适合休闲度假。	475	3703
1490	行政套房	行政套房，空间宽敞，配套齐全，尊享舒适入住体验。	662	3704
1490	标准间	标准间，简洁整洁，设施完备，高性价比之选。	257	3705
1491	标准间	标准间，简洁整洁，设施完备，高性价比之选。	273	3706
1491	大床房	大床房，配备舒适大床，温馨静谧，适合休闲度假。	364	3707
1492	标准间	标准间，简洁整洁，设施完备，高性价比之选。	232	3708
1492	行政套房	行政套房，空间宽敞，配套齐全，尊享舒适入住体验。	525	3709
1493	大床房	大床房，配备舒适大床，温馨静谧，适合休闲度假。	352	3710
1493	行政套房	行政套房，空间宽敞，配套齐全，尊享舒适入住体验。	653	3711
1493	标准间	标准间，简洁整洁，设施完备，高性价比之选。	307	3712
1494	行政套房	行政套房，空间宽敞，配套齐全，尊享舒适入住体验。	795	3713
1494	标准间	标准间，简洁整洁，设施完备，高性价比之选。	228	3714
1494	大床房	大床房，配备舒适大床，温馨静谧，适合休闲度假。	303	3715
1495	行政套房	行政套房，空间宽敞，配套齐全，尊享舒适入住体验。	687	3716
1495	标准间	标准间，简洁整洁，设施完备，高性价比之选。	240	3717
1496	行政套房	行政套房，空间宽敞，配套齐全，尊享舒适入住体验。	489	3718
1496	标准间	标准间，简洁整洁，设施完备，高性价比之选。	255	3719
1496	大床房	大床房，配备舒适大床，温馨静谧，适合休闲度假。	266	3720
1497	标准间	标准间，简洁整洁，设施完备，高性价比之选。	305	3721
1497	大床房	大床房，配备舒适大床，温馨静谧，适合休闲度假。	436	3722
1498	大床房	大床房，配备舒适大床，温馨静谧，适合休闲度假。	401	3723
1498	行政套房	行政套房，空间宽敞，配套齐全，尊享舒适入住体验。	824	3724
1498	标准间	标准间，简洁整洁，设施完备，高性价比之选。	250	3725
1499	标准间	标准间，简洁整洁，设施完备，高性价比之选。	215	3726
1499	大床房	大床房，配备舒适大床，温馨静谧，适合休闲度假。	355	3727
1500	标准间	标准间，简洁整洁，设施完备，高性价比之选。	261	3728
1500	行政套房	行政套房，空间宽敞，配套齐全，尊享舒适入住体验。	755	3729
1501	大床房	大床房，配备舒适大床，温馨静谧，适合休闲度假。	463	3730
1501	标准间	标准间，简洁整洁，设施完备，高性价比之选。	276	3731
1502	标准间	标准间，简洁整洁，设施完备，高性价比之选。	312	3732
1502	大床房	大床房，配备舒适大床，温馨静谧，适合休闲度假。	403	3733
1502	行政套房	行政套房，空间宽敞，配套齐全，尊享舒适入住体验。	559	3734
1503	大床房	大床房，配备舒适大床，温馨静谧，适合休闲度假。	350	3735
1503	行政套房	行政套房，空间宽敞，配套齐全，尊享舒适入住体验。	503	3736
1503	标准间	标准间，简洁整洁，设施完备，高性价比之选。	243	3737
1504	行政套房	行政套房，空间宽敞，配套齐全，尊享舒适入住体验。	490	3738
1504	标准间	标准间，简洁整洁，设施完备，高性价比之选。	206	3739
1504	大床房	大床房，配备舒适大床，温馨静谧，适合休闲度假。	397	3740
1505	标准间	标准间，简洁整洁，设施完备，高性价比之选。	249	3741
1505	大床房	大床房，配备舒适大床，温馨静谧，适合休闲度假。	455	3742
1505	行政套房	行政套房，空间宽敞，配套齐全，尊享舒适入住体验。	620	3743
1506	标准间	标准间，简洁整洁，设施完备，高性价比之选。	182	3744
1506	大床房	大床房，配备舒适大床，温馨静谧，适合休闲度假。	317	3745
1506	行政套房	行政套房，空间宽敞，配套齐全，尊享舒适入住体验。	500	3746
1507	行政套房	行政套房，空间宽敞，配套齐全，尊享舒适入住体验。	590	3747
1507	大床房	大床房，配备舒适大床，温馨静谧，适合休闲度假。	358	3748
1508	行政套房	行政套房，空间宽敞，配套齐全，尊享舒适入住体验。	550	3749
1508	标准间	标准间，简洁整洁，设施完备，高性价比之选。	274	3750
1509	行政套房	行政套房，空间宽敞，配套齐全，尊享舒适入住体验。	721	3751
1509	标准间	标准间，简洁整洁，设施完备，高性价比之选。	230	3752
1509	大床房	大床房，配备舒适大床，温馨静谧，适合休闲度假。	279	3753
1510	标准间	标准间，简洁整洁，设施完备，高性价比之选。	199	3754
1510	行政套房	行政套房，空间宽敞，配套齐全，尊享舒适入住体验。	533	3755
1510	大床房	大床房，配备舒适大床，温馨静谧，适合休闲度假。	470	3756
1511	行政套房	行政套房，空间宽敞，配套齐全，尊享舒适入住体验。	698	3757
1511	标准间	标准间，简洁整洁，设施完备，高性价比之选。	210	3758
1511	大床房	大床房，配备舒适大床，温馨静谧，适合休闲度假。	411	3759
1512	标准间	标准间，简洁整洁，设施完备，高性价比之选。	230	3760
1512	行政套房	行政套房，空间宽敞，配套齐全，尊享舒适入住体验。	667	3761
1512	大床房	大床房，配备舒适大床，温馨静谧，适合休闲度假。	354	3762
1513	标准间	标准间，简洁整洁，设施完备，高性价比之选。	271	3763
1513	大床房	大床房，配备舒适大床，温馨静谧，适合休闲度假。	350	3764
1513	行政套房	行政套房，空间宽敞，配套齐全，尊享舒适入住体验。	490	3765
1514	大床房	大床房，配备舒适大床，温馨静谧，适合休闲度假。	266	3766
1514	标准间	标准间，简洁整洁，设施完备，高性价比之选。	299	3767
1514	行政套房	行政套房，空间宽敞，配套齐全，尊享舒适入住体验。	502	3768
1515	大床房	大床房，配备舒适大床，温馨静谧，适合休闲度假。	454	3769
1515	标准间	标准间，简洁整洁，设施完备，高性价比之选。	309	3770
1515	行政套房	行政套房，空间宽敞，配套齐全，尊享舒适入住体验。	646	3771
1516	行政套房	行政套房，空间宽敞，配套齐全，尊享舒适入住体验。	638	3772
1516	大床房	大床房，配备舒适大床，温馨静谧，适合休闲度假。	327	3773
1517	标准间	标准间，简洁整洁，设施完备，高性价比之选。	229	3774
1517	大床房	大床房，配备舒适大床，温馨静谧，适合休闲度假。	358	3775
1518	大床房	大床房，配备舒适大床，温馨静谧，适合休闲度假。	473	3776
1518	标准间	标准间，简洁整洁，设施完备，高性价比之选。	188	3777
1519	标准间	标准间，简洁整洁，设施完备，高性价比之选。	214	3778
1519	大床房	大床房，配备舒适大床，温馨静谧，适合休闲度假。	471	3779
1519	行政套房	行政套房，空间宽敞，配套齐全，尊享舒适入住体验。	799	3780
1520	大床房	大床房，配备舒适大床，温馨静谧，适合休闲度假。	323	3781
1520	标准间	标准间，简洁整洁，设施完备，高性价比之选。	210	3782
1521	标准间	标准间，简洁整洁，设施完备，高性价比之选。	291	3783
1521	行政套房	行政套房，空间宽敞，配套齐全，尊享舒适入住体验。	862	3784
1522	标准间	标准间，简洁整洁，设施完备，高性价比之选。	286	3785
1522	行政套房	行政套房，空间宽敞，配套齐全，尊享舒适入住体验。	685	3786
1522	大床房	大床房，配备舒适大床，温馨静谧，适合休闲度假。	339	3787
1523	大床房	大床房，配备舒适大床，温馨静谧，适合休闲度假。	426	3788
1523	行政套房	行政套房，空间宽敞，配套齐全，尊享舒适入住体验。	845	3789
1524	标准间	标准间，简洁整洁，设施完备，高性价比之选。	241	3790
1524	行政套房	行政套房，空间宽敞，配套齐全，尊享舒适入住体验。	539	3791
1525	大床房	大床房，配备舒适大床，温馨静谧，适合休闲度假。	417	3792
1525	标准间	标准间，简洁整洁，设施完备，高性价比之选。	183	3793
1526	大床房	大床房，配备舒适大床，温馨静谧，适合休闲度假。	431	3794
1526	标准间	标准间，简洁整洁，设施完备，高性价比之选。	261	3795
1527	行政套房	行政套房，空间宽敞，配套齐全，尊享舒适入住体验。	796	3796
1527	标准间	标准间，简洁整洁，设施完备，高性价比之选。	308	3797
1528	标准间	标准间，简洁整洁，设施完备，高性价比之选。	229	3798
1528	行政套房	行政套房，空间宽敞，配套齐全，尊享舒适入住体验。	535	3799
1529	标准间	标准间，简洁整洁，设施完备，高性价比之选。	225	3800
1529	大床房	大床房，配备舒适大床，温馨静谧，适合休闲度假。	418	3801
1530	行政套房	行政套房，空间宽敞，配套齐全，尊享舒适入住体验。	492	3802
1530	标准间	标准间，简洁整洁，设施完备，高性价比之选。	238	3803
1530	大床房	大床房，配备舒适大床，温馨静谧，适合休闲度假。	471	3804
1531	标准间	标准间，简洁整洁，设施完备，高性价比之选。	273	3805
1531	行政套房	行政套房，空间宽敞，配套齐全，尊享舒适入住体验。	489	3806
1532	行政套房	行政套房，空间宽敞，配套齐全，尊享舒适入住体验。	864	3807
1532	大床房	大床房，配备舒适大床，温馨静谧，适合休闲度假。	388	3808
1532	标准间	标准间，简洁整洁，设施完备，高性价比之选。	184	3809
1533	标准间	标准间，简洁整洁，设施完备，高性价比之选。	198	3810
1533	行政套房	行政套房，空间宽敞，配套齐全，尊享舒适入住体验。	651	3811
1533	大床房	大床房，配备舒适大床，温馨静谧，适合休闲度假。	317	3812
1534	行政套房	行政套房，空间宽敞，配套齐全，尊享舒适入住体验。	874	3813
1534	大床房	大床房，配备舒适大床，温馨静谧，适合休闲度假。	298	3814
1535	行政套房	行政套房，空间宽敞，配套齐全，尊享舒适入住体验。	792	3815
1535	标准间	标准间，简洁整洁，设施完备，高性价比之选。	286	3816
1535	大床房	大床房，配备舒适大床，温馨静谧，适合休闲度假。	319	3817
1536	大床房	大床房，配备舒适大床，温馨静谧，适合休闲度假。	430	3818
1536	标准间	标准间，简洁整洁，设施完备，高性价比之选。	255	3819
1537	大床房	大床房，配备舒适大床，温馨静谧，适合休闲度假。	333	3820
1537	标准间	标准间，简洁整洁，设施完备，高性价比之选。	303	3821
1538	大床房	大床房，配备舒适大床，温馨静谧，适合休闲度假。	345	3822
1538	行政套房	行政套房，空间宽敞，配套齐全，尊享舒适入住体验。	592	3823
1539	行政套房	行政套房，空间宽敞，配套齐全，尊享舒适入住体验。	822	3824
1539	标准间	标准间，简洁整洁，设施完备，高性价比之选。	271	3825
1539	大床房	大床房，配备舒适大床，温馨静谧，适合休闲度假。	309	3826
1540	行政套房	行政套房，空间宽敞，配套齐全，尊享舒适入住体验。	768	3827
1540	标准间	标准间，简洁整洁，设施完备，高性价比之选。	194	3828
1541	大床房	大床房，配备舒适大床，温馨静谧，适合休闲度假。	457	3829
1541	标准间	标准间，简洁整洁，设施完备，高性价比之选。	245	3830
1541	行政套房	行政套房，空间宽敞，配套齐全，尊享舒适入住体验。	716	3831
1542	标准间	标准间，简洁整洁，设施完备，高性价比之选。	304	3832
1542	大床房	大床房，配备舒适大床，温馨静谧，适合休闲度假。	266	3833
1543	标准间	标准间，简洁整洁，设施完备，高性价比之选。	205	3834
1543	行政套房	行政套房，空间宽敞，配套齐全，尊享舒适入住体验。	653	3835
1543	大床房	大床房，配备舒适大床，温馨静谧，适合休闲度假。	295	3836
1544	行政套房	行政套房，空间宽敞，配套齐全，尊享舒适入住体验。	482	3837
1544	大床房	大床房，配备舒适大床，温馨静谧，适合休闲度假。	427	3838
1545	大床房	大床房，配备舒适大床，温馨静谧，适合休闲度假。	377	3839
1545	标准间	标准间，简洁整洁，设施完备，高性价比之选。	184	3840
1546	大床房	大床房，配备舒适大床，温馨静谧，适合休闲度假。	269	3841
1546	行政套房	行政套房，空间宽敞，配套齐全，尊享舒适入住体验。	695	3842
1546	标准间	标准间，简洁整洁，设施完备，高性价比之选。	244	3843
1547	大床房	大床房，配备舒适大床，温馨静谧，适合休闲度假。	295	3844
1547	行政套房	行政套房，空间宽敞，配套齐全，尊享舒适入住体验。	590	3845
1547	标准间	标准间，简洁整洁，设施完备，高性价比之选。	239	3846
1548	标准间	标准间，简洁整洁，设施完备，高性价比之选。	196	3847
1548	大床房	大床房，配备舒适大床，温馨静谧，适合休闲度假。	390	3848
1548	行政套房	行政套房，空间宽敞，配套齐全，尊享舒适入住体验。	763	3849
1549	行政套房	行政套房，空间宽敞，配套齐全，尊享舒适入住体验。	848	3850
1549	标准间	标准间，简洁整洁，设施完备，高性价比之选。	298	3851
1549	大床房	大床房，配备舒适大床，温馨静谧，适合休闲度假。	395	3852
1550	行政套房	行政套房，空间宽敞，配套齐全，尊享舒适入住体验。	875	3853
1550	标准间	标准间，简洁整洁，设施完备，高性价比之选。	263	3854
1550	大床房	大床房，配备舒适大床，温馨静谧，适合休闲度假。	358	3855
1551	大床房	大床房，配备舒适大床，温馨静谧，适合休闲度假。	360	3856
1551	标准间	标准间，简洁整洁，设施完备，高性价比之选。	210	3857
1552	标准间	标准间，简洁整洁，设施完备，高性价比之选。	290	3858
1552	行政套房	行政套房，空间宽敞，配套齐全，尊享舒适入住体验。	630	3859
1552	大床房	大床房，配备舒适大床，温馨静谧，适合休闲度假。	347	3860
1553	行政套房	行政套房，空间宽敞，配套齐全，尊享舒适入住体验。	800	3861
1553	大床房	大床房，配备舒适大床，温馨静谧，适合休闲度假。	459	3862
1553	标准间	标准间，简洁整洁，设施完备，高性价比之选。	301	3863
1554	行政套房	行政套房，空间宽敞，配套齐全，尊享舒适入住体验。	621	3864
1554	大床房	大床房，配备舒适大床，温馨静谧，适合休闲度假。	360	3865
1555	大床房	大床房，配备舒适大床，温馨静谧，适合休闲度假。	470	3866
1555	标准间	标准间，简洁整洁，设施完备，高性价比之选。	273	3867
1555	行政套房	行政套房，空间宽敞，配套齐全，尊享舒适入住体验。	792	3868
1556	大床房	大床房，配备舒适大床，温馨静谧，适合休闲度假。	335	3869
1556	标准间	标准间，简洁整洁，设施完备，高性价比之选。	315	3870
1556	行政套房	行政套房，空间宽敞，配套齐全，尊享舒适入住体验。	586	3871
1557	大床房	大床房，配备舒适大床，温馨静谧，适合休闲度假。	412	3872
1557	标准间	标准间，简洁整洁，设施完备，高性价比之选。	183	3873
1557	行政套房	行政套房，空间宽敞，配套齐全，尊享舒适入住体验。	837	3874
1558	大床房	大床房，配备舒适大床，温馨静谧，适合休闲度假。	456	3875
1558	行政套房	行政套房，空间宽敞，配套齐全，尊享舒适入住体验。	873	3876
1559	大床房	大床房，配备舒适大床，温馨静谧，适合休闲度假。	375	3877
1559	行政套房	行政套房，空间宽敞，配套齐全，尊享舒适入住体验。	712	3878
1560	大床房	大床房，配备舒适大床，温馨静谧，适合休闲度假。	384	3879
1560	标准间	标准间，简洁整洁，设施完备，高性价比之选。	319	3880
1561	标准间	标准间，简洁整洁，设施完备，高性价比之选。	188	3881
1561	行政套房	行政套房，空间宽敞，配套齐全，尊享舒适入住体验。	720	3882
1562	行政套房	行政套房，空间宽敞，配套齐全，尊享舒适入住体验。	616	3883
1562	大床房	大床房，配备舒适大床，温馨静谧，适合休闲度假。	328	3884
1562	标准间	标准间，简洁整洁，设施完备，高性价比之选。	215	3885
1563	行政套房	行政套房，空间宽敞，配套齐全，尊享舒适入住体验。	682	3886
1563	标准间	标准间，简洁整洁，设施完备，高性价比之选。	223	3887
1563	大床房	大床房，配备舒适大床，温馨静谧，适合休闲度假。	425	3888
1564	大床房	大床房，配备舒适大床，温馨静谧，适合休闲度假。	366	3889
1564	行政套房	行政套房，空间宽敞，配套齐全，尊享舒适入住体验。	844	3890
1564	标准间	标准间，简洁整洁，设施完备，高性价比之选。	241	3891
1565	行政套房	行政套房，空间宽敞，配套齐全，尊享舒适入住体验。	731	3892
1565	标准间	标准间，简洁整洁，设施完备，高性价比之选。	217	3893
1566	标准间	标准间，简洁整洁，设施完备，高性价比之选。	189	3894
1566	行政套房	行政套房，空间宽敞，配套齐全，尊享舒适入住体验。	595	3895
1566	大床房	大床房，配备舒适大床，温馨静谧，适合休闲度假。	304	3896
1567	大床房	大床房，配备舒适大床，温馨静谧，适合休闲度假。	441	3897
1567	标准间	标准间，简洁整洁，设施完备，高性价比之选。	294	3898
1568	行政套房	行政套房，空间宽敞，配套齐全，尊享舒适入住体验。	627	3899
1568	标准间	标准间，简洁整洁，设施完备，高性价比之选。	245	3900
1568	大床房	大床房，配备舒适大床，温馨静谧，适合休闲度假。	366	3901
1569	标准间	标准间，简洁整洁，设施完备，高性价比之选。	207	3902
1569	行政套房	行政套房，空间宽敞，配套齐全，尊享舒适入住体验。	735	3903
1569	大床房	大床房，配备舒适大床，温馨静谧，适合休闲度假。	263	3904
1570	标准间	标准间，简洁整洁，设施完备，高性价比之选。	310	3905
1570	行政套房	行政套房，空间宽敞，配套齐全，尊享舒适入住体验。	717	3906
1571	大床房	大床房，配备舒适大床，温馨静谧，适合休闲度假。	393	3907
1571	行政套房	行政套房，空间宽敞，配套齐全，尊享舒适入住体验。	815	3908
1572	标准间	标准间，简洁整洁，设施完备，高性价比之选。	306	3909
1572	行政套房	行政套房，空间宽敞，配套齐全，尊享舒适入住体验。	775	3910
1573	大床房	大床房，配备舒适大床，温馨静谧，适合休闲度假。	305	3911
1573	标准间	标准间，简洁整洁，设施完备，高性价比之选。	211	3912
1573	行政套房	行政套房，空间宽敞，配套齐全，尊享舒适入住体验。	525	3913
1574	标准间	标准间，简洁整洁，设施完备，高性价比之选。	264	3914
1574	大床房	大床房，配备舒适大床，温馨静谧，适合休闲度假。	468	3915
1574	行政套房	行政套房，空间宽敞，配套齐全，尊享舒适入住体验。	828	3916
1575	标准间	标准间，简洁整洁，设施完备，高性价比之选。	309	3917
1575	大床房	大床房，配备舒适大床，温馨静谧，适合休闲度假。	367	3918
1575	行政套房	行政套房，空间宽敞，配套齐全，尊享舒适入住体验。	793	3919
1576	行政套房	行政套房，空间宽敞，配套齐全，尊享舒适入住体验。	847	3920
1576	标准间	标准间，简洁整洁，设施完备，高性价比之选。	202	3921
1576	大床房	大床房，配备舒适大床，温馨静谧，适合休闲度假。	337	3922
1577	标准间	标准间，简洁整洁，设施完备，高性价比之选。	193	3923
1577	大床房	大床房，配备舒适大床，温馨静谧，适合休闲度假。	356	3924
1578	标准间	标准间，简洁整洁，设施完备，高性价比之选。	262	3925
1578	大床房	大床房，配备舒适大床，温馨静谧，适合休闲度假。	289	3926
1579	标准间	标准间，简洁整洁，设施完备，高性价比之选。	263	3927
1579	行政套房	行政套房，空间宽敞，配套齐全，尊享舒适入住体验。	633	3928
1580	标准间	标准间，简洁整洁，设施完备，高性价比之选。	239	3929
1580	行政套房	行政套房，空间宽敞，配套齐全，尊享舒适入住体验。	724	3930
1580	大床房	大床房，配备舒适大床，温馨静谧，适合休闲度假。	281	3931
1581	标准间	标准间，简洁整洁，设施完备，高性价比之选。	183	3932
1581	大床房	大床房，配备舒适大床，温馨静谧，适合休闲度假。	335	3933
1582	大床房	大床房，配备舒适大床，温馨静谧，适合休闲度假。	277	3934
1582	标准间	标准间，简洁整洁，设施完备，高性价比之选。	187	3935
1582	行政套房	行政套房，空间宽敞，配套齐全，尊享舒适入住体验。	594	3936
1583	大床房	大床房，配备舒适大床，温馨静谧，适合休闲度假。	466	3937
1583	行政套房	行政套房，空间宽敞，配套齐全，尊享舒适入住体验。	724	3938
1583	标准间	标准间，简洁整洁，设施完备，高性价比之选。	183	3939
1584	标准间	标准间，简洁整洁，设施完备，高性价比之选。	190	3940
1584	行政套房	行政套房，空间宽敞，配套齐全，尊享舒适入住体验。	493	3941
1585	行政套房	行政套房，空间宽敞，配套齐全，尊享舒适入住体验。	850	3942
1585	大床房	大床房，配备舒适大床，温馨静谧，适合休闲度假。	312	3943
1586	行政套房	行政套房，空间宽敞，配套齐全，尊享舒适入住体验。	662	3944
1586	标准间	标准间，简洁整洁，设施完备，高性价比之选。	191	3945
1586	大床房	大床房，配备舒适大床，温馨静谧，适合休闲度假。	363	3946
1587	标准间	标准间，简洁整洁，设施完备，高性价比之选。	276	3947
1587	大床房	大床房，配备舒适大床，温馨静谧，适合休闲度假。	440	3948
1587	行政套房	行政套房，空间宽敞，配套齐全，尊享舒适入住体验。	724	3949
1588	标准间	标准间，简洁整洁，设施完备，高性价比之选。	286	3950
1588	大床房	大床房，配备舒适大床，温馨静谧，适合休闲度假。	319	3951
1589	标准间	标准间，简洁整洁，设施完备，高性价比之选。	319	3952
1589	行政套房	行政套房，空间宽敞，配套齐全，尊享舒适入住体验。	547	3953
1589	大床房	大床房，配备舒适大床，温馨静谧，适合休闲度假。	376	3954
1590	大床房	大床房，配备舒适大床，温馨静谧，适合休闲度假。	470	3955
1590	标准间	标准间，简洁整洁，设施完备，高性价比之选。	193	3956
1591	行政套房	行政套房，空间宽敞，配套齐全，尊享舒适入住体验。	494	3957
1591	标准间	标准间，简洁整洁，设施完备，高性价比之选。	210	3958
1592	行政套房	行政套房，空间宽敞，配套齐全，尊享舒适入住体验。	824	3959
1592	大床房	大床房，配备舒适大床，温馨静谧，适合休闲度假。	302	3960
1593	大床房	大床房，配备舒适大床，温馨静谧，适合休闲度假。	459	3961
1593	行政套房	行政套房，空间宽敞，配套齐全，尊享舒适入住体验。	565	3962
1593	标准间	标准间，简洁整洁，设施完备，高性价比之选。	260	3963
1594	行政套房	行政套房，空间宽敞，配套齐全，尊享舒适入住体验。	866	3964
1594	标准间	标准间，简洁整洁，设施完备，高性价比之选。	209	3965
1595	标准间	标准间，简洁整洁，设施完备，高性价比之选。	295	3966
1595	大床房	大床房，配备舒适大床，温馨静谧，适合休闲度假。	287	3967
1596	标准间	标准间，简洁整洁，设施完备，高性价比之选。	188	3968
1596	行政套房	行政套房，空间宽敞，配套齐全，尊享舒适入住体验。	576	3969
1597	标准间	标准间，简洁整洁，设施完备，高性价比之选。	292	3970
1597	行政套房	行政套房，空间宽敞，配套齐全，尊享舒适入住体验。	856	3971
1597	大床房	大床房，配备舒适大床，温馨静谧，适合休闲度假。	271	3972
1598	标准间	标准间，简洁整洁，设施完备，高性价比之选。	253	3973
1598	行政套房	行政套房，空间宽敞，配套齐全，尊享舒适入住体验。	783	3974
1598	大床房	大床房，配备舒适大床，温馨静谧，适合休闲度假。	369	3975
1599	行政套房	行政套房，空间宽敞，配套齐全，尊享舒适入住体验。	641	3976
1599	大床房	大床房，配备舒适大床，温馨静谧，适合休闲度假。	412	3977
1599	标准间	标准间，简洁整洁，设施完备，高性价比之选。	286	3978
1600	大床房	大床房，配备舒适大床，温馨静谧，适合休闲度假。	299	3979
1600	标准间	标准间，简洁整洁，设施完备，高性价比之选。	272	3980
1600	行政套房	行政套房，空间宽敞，配套齐全，尊享舒适入住体验。	484	3981
1601	标准间	标准间，简洁整洁，设施完备，高性价比之选。	243	3982
1601	大床房	大床房，配备舒适大床，温馨静谧，适合休闲度假。	356	3983
1602	标准间	标准间，简洁整洁，设施完备，高性价比之选。	299	3984
1602	大床房	大床房，配备舒适大床，温馨静谧，适合休闲度假。	356	3985
1603	标准间	标准间，简洁整洁，设施完备，高性价比之选。	198	3986
1603	大床房	大床房，配备舒适大床，温馨静谧，适合休闲度假。	359	3987
1603	行政套房	行政套房，空间宽敞，配套齐全，尊享舒适入住体验。	736	3988
1604	标准间	标准间，简洁整洁，设施完备，高性价比之选。	221	3989
1604	行政套房	行政套房，空间宽敞，配套齐全，尊享舒适入住体验。	487	3990
1604	大床房	大床房，配备舒适大床，温馨静谧，适合休闲度假。	317	3991
1605	标准间	标准间，简洁整洁，设施完备，高性价比之选。	278	3992
1605	大床房	大床房，配备舒适大床，温馨静谧，适合休闲度假。	324	3993
1605	行政套房	行政套房，空间宽敞，配套齐全，尊享舒适入住体验。	769	3994
1606	行政套房	行政套房，空间宽敞，配套齐全，尊享舒适入住体验。	769	3995
1606	大床房	大床房，配备舒适大床，温馨静谧，适合休闲度假。	281	3996
1606	标准间	标准间，简洁整洁，设施完备，高性价比之选。	218	3997
1607	大床房	大床房，配备舒适大床，温馨静谧，适合休闲度假。	320	3998
1607	标准间	标准间，简洁整洁，设施完备，高性价比之选。	262	3999
1608	标准间	标准间，简洁整洁，设施完备，高性价比之选。	229	4000
1608	行政套房	行政套房，空间宽敞，配套齐全，尊享舒适入住体验。	663	4001
1608	大床房	大床房，配备舒适大床，温馨静谧，适合休闲度假。	366	4002
1609	行政套房	行政套房，空间宽敞，配套齐全，尊享舒适入住体验。	593	4003
1609	大床房	大床房，配备舒适大床，温馨静谧，适合休闲度假。	415	4004
1610	行政套房	行政套房，空间宽敞，配套齐全，尊享舒适入住体验。	832	4005
1610	标准间	标准间，简洁整洁，设施完备，高性价比之选。	305	4006
1611	标准间	标准间，简洁整洁，设施完备，高性价比之选。	287	4007
1611	大床房	大床房，配备舒适大床，温馨静谧，适合休闲度假。	446	4008
1611	行政套房	行政套房，空间宽敞，配套齐全，尊享舒适入住体验。	876	4009
1612	行政套房	行政套房，空间宽敞，配套齐全，尊享舒适入住体验。	541	4010
1612	标准间	标准间，简洁整洁，设施完备，高性价比之选。	208	4011
1612	大床房	大床房，配备舒适大床，温馨静谧，适合休闲度假。	392	4012
1613	标准间	标准间，简洁整洁，设施完备，高性价比之选。	219	4013
1613	行政套房	行政套房，空间宽敞，配套齐全，尊享舒适入住体验。	714	4014
1613	大床房	大床房，配备舒适大床，温馨静谧，适合休闲度假。	299	4015
1614	行政套房	行政套房，空间宽敞，配套齐全，尊享舒适入住体验。	622	4016
1614	大床房	大床房，配备舒适大床，温馨静谧，适合休闲度假。	323	4017
1615	标准间	标准间，简洁整洁，设施完备，高性价比之选。	288	4018
1615	大床房	大床房，配备舒适大床，温馨静谧，适合休闲度假。	347	4019
1616	标准间	标准间，简洁整洁，设施完备，高性价比之选。	191	4020
1616	行政套房	行政套房，空间宽敞，配套齐全，尊享舒适入住体验。	512	4021
1617	标准间	标准间，简洁整洁，设施完备，高性价比之选。	230	4022
1617	行政套房	行政套房，空间宽敞，配套齐全，尊享舒适入住体验。	839	4023
1617	大床房	大床房，配备舒适大床，温馨静谧，适合休闲度假。	425	4024
1618	行政套房	行政套房，空间宽敞，配套齐全，尊享舒适入住体验。	515	4025
1618	大床房	大床房，配备舒适大床，温馨静谧，适合休闲度假。	471	4026
1618	标准间	标准间，简洁整洁，设施完备，高性价比之选。	250	4027
1619	行政套房	行政套房，空间宽敞，配套齐全，尊享舒适入住体验。	793	4028
1619	标准间	标准间，简洁整洁，设施完备，高性价比之选。	184	4029
1619	大床房	大床房，配备舒适大床，温馨静谧，适合休闲度假。	289	4030
1620	标准间	标准间，简洁整洁，设施完备，高性价比之选。	270	4031
1620	行政套房	行政套房，空间宽敞，配套齐全，尊享舒适入住体验。	580	4032
1621	大床房	大床房，配备舒适大床，温馨静谧，适合休闲度假。	397	4033
1621	标准间	标准间，简洁整洁，设施完备，高性价比之选。	296	4034
1622	大床房	大床房，配备舒适大床，温馨静谧，适合休闲度假。	456	4035
1622	行政套房	行政套房，空间宽敞，配套齐全，尊享舒适入住体验。	847	4036
1622	标准间	标准间，简洁整洁，设施完备，高性价比之选。	185	4037
1623	标准间	标准间，简洁整洁，设施完备，高性价比之选。	271	4038
1623	行政套房	行政套房，空间宽敞，配套齐全，尊享舒适入住体验。	843	4039
1623	大床房	大床房，配备舒适大床，温馨静谧，适合休闲度假。	272	4040
1624	标准间	标准间，简洁整洁，设施完备，高性价比之选。	213	4041
1624	行政套房	行政套房，空间宽敞，配套齐全，尊享舒适入住体验。	867	4042
1624	大床房	大床房，配备舒适大床，温馨静谧，适合休闲度假。	465	4043
1625	大床房	大床房，配备舒适大床，温馨静谧，适合休闲度假。	442	4044
1625	标准间	标准间，简洁整洁，设施完备，高性价比之选。	267	4045
1626	大床房	大床房，配备舒适大床，温馨静谧，适合休闲度假。	324	4046
1626	行政套房	行政套房，空间宽敞，配套齐全，尊享舒适入住体验。	523	4047
1626	标准间	标准间，简洁整洁，设施完备，高性价比之选。	301	4048
1627	行政套房	行政套房，空间宽敞，配套齐全，尊享舒适入住体验。	748	4049
1627	大床房	大床房，配备舒适大床，温馨静谧，适合休闲度假。	462	4050
1628	行政套房	行政套房，空间宽敞，配套齐全，尊享舒适入住体验。	754	4051
1628	大床房	大床房，配备舒适大床，温馨静谧，适合休闲度假。	475	4052
1628	标准间	标准间，简洁整洁，设施完备，高性价比之选。	189	4053
1629	标准间	标准间，简洁整洁，设施完备，高性价比之选。	271	4054
1629	行政套房	行政套房，空间宽敞，配套齐全，尊享舒适入住体验。	610	4055
1630	大床房	大床房，配备舒适大床，温馨静谧，适合休闲度假。	332	4056
1630	行政套房	行政套房，空间宽敞，配套齐全，尊享舒适入住体验。	552	4057
1630	标准间	标准间，简洁整洁，设施完备，高性价比之选。	256	4058
1631	标准间	标准间，简洁整洁，设施完备，高性价比之选。	264	4059
1631	行政套房	行政套房，空间宽敞，配套齐全，尊享舒适入住体验。	686	4060
1631	大床房	大床房，配备舒适大床，温馨静谧，适合休闲度假。	386	4061
1632	行政套房	行政套房，空间宽敞，配套齐全，尊享舒适入住体验。	535	4062
1632	标准间	标准间，简洁整洁，设施完备，高性价比之选。	258	4063
1633	标准间	标准间，简洁整洁，设施完备，高性价比之选。	235	4064
1633	行政套房	行政套房，空间宽敞，配套齐全，尊享舒适入住体验。	515	4065
1634	行政套房	行政套房，空间宽敞，配套齐全，尊享舒适入住体验。	778	4066
1634	大床房	大床房，配备舒适大床，温馨静谧，适合休闲度假。	289	4067
1634	标准间	标准间，简洁整洁，设施完备，高性价比之选。	262	4068
1635	行政套房	行政套房，空间宽敞，配套齐全，尊享舒适入住体验。	481	4069
1635	大床房	大床房，配备舒适大床，温馨静谧，适合休闲度假。	262	4070
1635	标准间	标准间，简洁整洁，设施完备，高性价比之选。	186	4071
1636	行政套房	行政套房，空间宽敞，配套齐全，尊享舒适入住体验。	604	4072
1636	标准间	标准间，简洁整洁，设施完备，高性价比之选。	199	4073
1637	标准间	标准间，简洁整洁，设施完备，高性价比之选。	307	4074
1637	大床房	大床房，配备舒适大床，温馨静谧，适合休闲度假。	480	4075
1637	行政套房	行政套房，空间宽敞，配套齐全，尊享舒适入住体验。	767	4076
1638	行政套房	行政套房，空间宽敞，配套齐全，尊享舒适入住体验。	864	4077
1638	大床房	大床房，配备舒适大床，温馨静谧，适合休闲度假。	366	4078
1639	行政套房	行政套房，空间宽敞，配套齐全，尊享舒适入住体验。	875	4079
1639	标准间	标准间，简洁整洁，设施完备，高性价比之选。	238	4080
1639	大床房	大床房，配备舒适大床，温馨静谧，适合休闲度假。	401	4081
1640	大床房	大床房，配备舒适大床，温馨静谧，适合休闲度假。	414	4082
1640	行政套房	行政套房，空间宽敞，配套齐全，尊享舒适入住体验。	507	4083
1640	标准间	标准间，简洁整洁，设施完备，高性价比之选。	315	4084
1641	标准间	标准间，简洁整洁，设施完备，高性价比之选。	192	4085
1641	大床房	大床房，配备舒适大床，温馨静谧，适合休闲度假。	275	4086
1641	行政套房	行政套房，空间宽敞，配套齐全，尊享舒适入住体验。	647	4087
1642	标准间	标准间，简洁整洁，设施完备，高性价比之选。	277	4088
1642	行政套房	行政套房，空间宽敞，配套齐全，尊享舒适入住体验。	798	4089
1642	大床房	大床房，配备舒适大床，温馨静谧，适合休闲度假。	448	4090
1643	标准间	标准间，简洁整洁，设施完备，高性价比之选。	242	4091
1643	大床房	大床房，配备舒适大床，温馨静谧，适合休闲度假。	321	4092
1643	行政套房	行政套房，空间宽敞，配套齐全，尊享舒适入住体验。	529	4093
1644	大床房	大床房，配备舒适大床，温馨静谧，适合休闲度假。	403	4094
1644	行政套房	行政套房，空间宽敞，配套齐全，尊享舒适入住体验。	844	4095
1644	标准间	标准间，简洁整洁，设施完备，高性价比之选。	243	4096
1645	标准间	标准间，简洁整洁，设施完备，高性价比之选。	260	4097
1645	大床房	大床房，配备舒适大床，温馨静谧，适合休闲度假。	271	4098
1645	行政套房	行政套房，空间宽敞，配套齐全，尊享舒适入住体验。	698	4099
1646	大床房	大床房，配备舒适大床，温馨静谧，适合休闲度假。	440	4100
1646	标准间	标准间，简洁整洁，设施完备，高性价比之选。	283	4101
1647	标准间	标准间，简洁整洁，设施完备，高性价比之选。	208	4102
1647	大床房	大床房，配备舒适大床，温馨静谧，适合休闲度假。	451	4103
1647	行政套房	行政套房，空间宽敞，配套齐全，尊享舒适入住体验。	837	4104
1648	行政套房	行政套房，空间宽敞，配套齐全，尊享舒适入住体验。	530	4105
1648	标准间	标准间，简洁整洁，设施完备，高性价比之选。	263	4106
1649	大床房	大床房，配备舒适大床，温馨静谧，适合休闲度假。	410	4107
1649	标准间	标准间，简洁整洁，设施完备，高性价比之选。	190	4108
1649	行政套房	行政套房，空间宽敞，配套齐全，尊享舒适入住体验。	584	4109
1650	大床房	大床房，配备舒适大床，温馨静谧，适合休闲度假。	427	4110
1650	行政套房	行政套房，空间宽敞，配套齐全，尊享舒适入住体验。	497	4111
1650	标准间	标准间，简洁整洁，设施完备，高性价比之选。	194	4112
1651	大床房	大床房，配备舒适大床，温馨静谧，适合休闲度假。	316	4113
1651	行政套房	行政套房，空间宽敞，配套齐全，尊享舒适入住体验。	854	4114
1652	行政套房	行政套房，空间宽敞，配套齐全，尊享舒适入住体验。	681	4115
1652	大床房	大床房，配备舒适大床，温馨静谧，适合休闲度假。	430	4116
1653	标准间	标准间，简洁整洁，设施完备，高性价比之选。	219	4117
1653	大床房	大床房，配备舒适大床，温馨静谧，适合休闲度假。	316	4118
1653	行政套房	行政套房，空间宽敞，配套齐全，尊享舒适入住体验。	573	4119
1654	标准间	标准间，简洁整洁，设施完备，高性价比之选。	243	4120
1654	行政套房	行政套房，空间宽敞，配套齐全，尊享舒适入住体验。	869	4121
1655	大床房	大床房，配备舒适大床，温馨静谧，适合休闲度假。	368	4122
1655	标准间	标准间，简洁整洁，设施完备，高性价比之选。	221	4123
1656	行政套房	行政套房，空间宽敞，配套齐全，尊享舒适入住体验。	793	4124
1656	大床房	大床房，配备舒适大床，温馨静谧，适合休闲度假。	391	4125
1657	行政套房	行政套房，空间宽敞，配套齐全，尊享舒适入住体验。	621	4126
1657	标准间	标准间，简洁整洁，设施完备，高性价比之选。	267	4127
1658	大床房	大床房，配备舒适大床，温馨静谧，适合休闲度假。	373	4128
1658	标准间	标准间，简洁整洁，设施完备，高性价比之选。	232	4129
1659	标准间	标准间，简洁整洁，设施完备，高性价比之选。	214	4130
1659	大床房	大床房，配备舒适大床，温馨静谧，适合休闲度假。	458	4131
1659	行政套房	行政套房，空间宽敞，配套齐全，尊享舒适入住体验。	536	4132
1660	标准间	标准间，简洁整洁，设施完备，高性价比之选。	282	4133
1660	行政套房	行政套房，空间宽敞，配套齐全，尊享舒适入住体验。	828	4134
1661	大床房	大床房，配备舒适大床，温馨静谧，适合休闲度假。	384	4135
1661	行政套房	行政套房，空间宽敞，配套齐全，尊享舒适入住体验。	872	4136
1662	大床房	大床房，配备舒适大床，温馨静谧，适合休闲度假。	404	4137
1662	标准间	标准间，简洁整洁，设施完备，高性价比之选。	193	4138
1663	大床房	大床房，配备舒适大床，温馨静谧，适合休闲度假。	311	4139
1663	行政套房	行政套房，空间宽敞，配套齐全，尊享舒适入住体验。	859	4140
1663	标准间	标准间，简洁整洁，设施完备，高性价比之选。	187	4141
1664	标准间	标准间，简洁整洁，设施完备，高性价比之选。	183	4142
1664	行政套房	行政套房，空间宽敞，配套齐全，尊享舒适入住体验。	737	4143
1664	大床房	大床房，配备舒适大床，温馨静谧，适合休闲度假。	329	4144
1665	标准间	标准间，简洁整洁，设施完备，高性价比之选。	208	4145
1665	行政套房	行政套房，空间宽敞，配套齐全，尊享舒适入住体验。	728	4146
1666	标准间	标准间，简洁整洁，设施完备，高性价比之选。	252	4147
1666	行政套房	行政套房，空间宽敞，配套齐全，尊享舒适入住体验。	524	4148
1667	标准间	标准间，简洁整洁，设施完备，高性价比之选。	224	4149
1667	大床房	大床房，配备舒适大床，温馨静谧，适合休闲度假。	451	4150
1668	大床房	大床房，配备舒适大床，温馨静谧，适合休闲度假。	416	4151
1668	标准间	标准间，简洁整洁，设施完备，高性价比之选。	304	4152
1668	行政套房	行政套房，空间宽敞，配套齐全，尊享舒适入住体验。	857	4153
1669	标准间	标准间，简洁整洁，设施完备，高性价比之选。	209	4154
1669	大床房	大床房，配备舒适大床，温馨静谧，适合休闲度假。	296	4155
1669	行政套房	行政套房，空间宽敞，配套齐全，尊享舒适入住体验。	872	4156
1670	标准间	标准间，简洁整洁，设施完备，高性价比之选。	310	4157
1670	大床房	大床房，配备舒适大床，温馨静谧，适合休闲度假。	443	4158
1670	行政套房	行政套房，空间宽敞，配套齐全，尊享舒适入住体验。	608	4159
1671	大床房	大床房，配备舒适大床，温馨静谧，适合休闲度假。	287	4160
1671	行政套房	行政套房，空间宽敞，配套齐全，尊享舒适入住体验。	613	4161
1672	大床房	大床房，配备舒适大床，温馨静谧，适合休闲度假。	415	4162
1672	标准间	标准间，简洁整洁，设施完备，高性价比之选。	281	4163
1672	行政套房	行政套房，空间宽敞，配套齐全，尊享舒适入住体验。	546	4164
1673	大床房	大床房，配备舒适大床，温馨静谧，适合休闲度假。	476	4165
1673	标准间	标准间，简洁整洁，设施完备，高性价比之选。	286	4166
1674	行政套房	行政套房，空间宽敞，配套齐全，尊享舒适入住体验。	493	4167
1674	大床房	大床房，配备舒适大床，温馨静谧，适合休闲度假。	311	4168
1675	大床房	大床房，配备舒适大床，温馨静谧，适合休闲度假。	287	4169
1675	行政套房	行政套房，空间宽敞，配套齐全，尊享舒适入住体验。	644	4170
1676	标准间	标准间，简洁整洁，设施完备，高性价比之选。	219	4171
1676	大床房	大床房，配备舒适大床，温馨静谧，适合休闲度假。	375	4172
1677	行政套房	行政套房，空间宽敞，配套齐全，尊享舒适入住体验。	676	4173
1677	标准间	标准间，简洁整洁，设施完备，高性价比之选。	277	4174
1678	大床房	大床房，配备舒适大床，温馨静谧，适合休闲度假。	265	4175
1678	标准间	标准间，简洁整洁，设施完备，高性价比之选。	267	4176
1679	标准间	标准间，简洁整洁，设施完备，高性价比之选。	293	4177
1679	大床房	大床房，配备舒适大床，温馨静谧，适合休闲度假。	300	4178
1679	行政套房	行政套房，空间宽敞，配套齐全，尊享舒适入住体验。	754	4179
1680	大床房	大床房，配备舒适大床，温馨静谧，适合休闲度假。	411	4180
1680	标准间	标准间，简洁整洁，设施完备，高性价比之选。	298	4181
1681	大床房	大床房，配备舒适大床，温馨静谧，适合休闲度假。	342	4182
1681	标准间	标准间，简洁整洁，设施完备，高性价比之选。	190	4183
1682	行政套房	行政套房，空间宽敞，配套齐全，尊享舒适入住体验。	588	4184
1682	标准间	标准间，简洁整洁，设施完备，高性价比之选。	309	4185
1683	标准间	标准间，简洁整洁，设施完备，高性价比之选。	265	4186
1683	行政套房	行政套房，空间宽敞，配套齐全，尊享舒适入住体验。	707	4187
1683	大床房	大床房，配备舒适大床，温馨静谧，适合休闲度假。	333	4188
1684	标准间	标准间，简洁整洁，设施完备，高性价比之选。	192	4189
1684	大床房	大床房，配备舒适大床，温馨静谧，适合休闲度假。	336	4190
1685	大床房	大床房，配备舒适大床，温馨静谧，适合休闲度假。	322	4191
1685	行政套房	行政套房，空间宽敞，配套齐全，尊享舒适入住体验。	831	4192
1685	标准间	标准间，简洁整洁，设施完备，高性价比之选。	189	4193
1686	大床房	大床房，配备舒适大床，温馨静谧，适合休闲度假。	308	4194
1686	标准间	标准间，简洁整洁，设施完备，高性价比之选。	254	4195
1686	行政套房	行政套房，空间宽敞，配套齐全，尊享舒适入住体验。	537	4196
1687	行政套房	行政套房，空间宽敞，配套齐全，尊享舒适入住体验。	851	4197
1687	大床房	大床房，配备舒适大床，温馨静谧，适合休闲度假。	451	4198
1688	行政套房	行政套房，空间宽敞，配套齐全，尊享舒适入住体验。	522	4199
1688	大床房	大床房，配备舒适大床，温馨静谧，适合休闲度假。	348	4200
1688	标准间	标准间，简洁整洁，设施完备，高性价比之选。	282	4201
1689	大床房	大床房，配备舒适大床，温馨静谧，适合休闲度假。	356	4202
1689	标准间	标准间，简洁整洁，设施完备，高性价比之选。	256	4203
1690	行政套房	行政套房，空间宽敞，配套齐全，尊享舒适入住体验。	618	4204
1690	标准间	标准间，简洁整洁，设施完备，高性价比之选。	263	4205
1690	大床房	大床房，配备舒适大床，温馨静谧，适合休闲度假。	294	4206
1691	行政套房	行政套房，空间宽敞，配套齐全，尊享舒适入住体验。	553	4207
1691	大床房	大床房，配备舒适大床，温馨静谧，适合休闲度假。	317	4208
1692	大床房	大床房，配备舒适大床，温馨静谧，适合休闲度假。	261	4209
1692	行政套房	行政套房，空间宽敞，配套齐全，尊享舒适入住体验。	751	4210
1693	行政套房	行政套房，空间宽敞，配套齐全，尊享舒适入住体验。	792	4211
1693	大床房	大床房，配备舒适大床，温馨静谧，适合休闲度假。	360	4212
1694	行政套房	行政套房，空间宽敞，配套齐全，尊享舒适入住体验。	560	4213
1694	大床房	大床房，配备舒适大床，温馨静谧，适合休闲度假。	416	4214
1694	标准间	标准间，简洁整洁，设施完备，高性价比之选。	296	4215
1695	行政套房	行政套房，空间宽敞，配套齐全，尊享舒适入住体验。	627	4216
1695	标准间	标准间，简洁整洁，设施完备，高性价比之选。	222	4217
1695	大床房	大床房，配备舒适大床，温馨静谧，适合休闲度假。	340	4218
1696	大床房	大床房，配备舒适大床，温馨静谧，适合休闲度假。	385	4219
1696	行政套房	行政套房，空间宽敞，配套齐全，尊享舒适入住体验。	800	4220
1697	大床房	大床房，配备舒适大床，温馨静谧，适合休闲度假。	402	4221
1697	行政套房	行政套房，空间宽敞，配套齐全，尊享舒适入住体验。	635	4222
1698	行政套房	行政套房，空间宽敞，配套齐全，尊享舒适入住体验。	674	4223
1698	大床房	大床房，配备舒适大床，温馨静谧，适合休闲度假。	425	4224
1698	标准间	标准间，简洁整洁，设施完备，高性价比之选。	297	4225
1699	大床房	大床房，配备舒适大床，温馨静谧，适合休闲度假。	339	4226
1699	标准间	标准间，简洁整洁，设施完备，高性价比之选。	263	4227
1700	大床房	大床房，配备舒适大床，温馨静谧，适合休闲度假。	446	4228
1700	标准间	标准间，简洁整洁，设施完备，高性价比之选。	307	4229
1700	行政套房	行政套房，空间宽敞，配套齐全，尊享舒适入住体验。	572	4230
1701	行政套房	行政套房，空间宽敞，配套齐全，尊享舒适入住体验。	556	4231
1701	标准间	标准间，简洁整洁，设施完备，高性价比之选。	193	4232
1702	行政套房	行政套房，空间宽敞，配套齐全，尊享舒适入住体验。	808	4233
1702	标准间	标准间，简洁整洁，设施完备，高性价比之选。	247	4234
1703	标准间	标准间，简洁整洁，设施完备，高性价比之选。	288	4235
1703	行政套房	行政套房，空间宽敞，配套齐全，尊享舒适入住体验。	685	4236
1703	大床房	大床房，配备舒适大床，温馨静谧，适合休闲度假。	464	4237
1704	标准间	标准间，简洁整洁，设施完备，高性价比之选。	210	4238
1704	大床房	大床房，配备舒适大床，温馨静谧，适合休闲度假。	444	4239
1704	行政套房	行政套房，空间宽敞，配套齐全，尊享舒适入住体验。	660	4240
1705	行政套房	行政套房，空间宽敞，配套齐全，尊享舒适入住体验。	711	4241
1705	大床房	大床房，配备舒适大床，温馨静谧，适合休闲度假。	267	4242
1706	大床房	大床房，配备舒适大床，温馨静谧，适合休闲度假。	376	4243
1706	行政套房	行政套房，空间宽敞，配套齐全，尊享舒适入住体验。	518	4244
1706	标准间	标准间，简洁整洁，设施完备，高性价比之选。	255	4245
1707	标准间	标准间，简洁整洁，设施完备，高性价比之选。	285	4246
1707	行政套房	行政套房，空间宽敞，配套齐全，尊享舒适入住体验。	528	4247
1707	大床房	大床房，配备舒适大床，温馨静谧，适合休闲度假。	261	4248
1708	大床房	大床房，配备舒适大床，温馨静谧，适合休闲度假。	437	4249
1708	标准间	标准间，简洁整洁，设施完备，高性价比之选。	190	4250
1709	行政套房	行政套房，空间宽敞，配套齐全，尊享舒适入住体验。	677	4251
1709	标准间	标准间，简洁整洁，设施完备，高性价比之选。	203	4252
1710	大床房	大床房，配备舒适大床，温馨静谧，适合休闲度假。	324	4253
1710	标准间	标准间，简洁整洁，设施完备，高性价比之选。	241	4254
1710	行政套房	行政套房，空间宽敞，配套齐全，尊享舒适入住体验。	777	4255
1711	大床房	大床房，配备舒适大床，温馨静谧，适合休闲度假。	440	4256
1711	标准间	标准间，简洁整洁，设施完备，高性价比之选。	209	4257
1711	行政套房	行政套房，空间宽敞，配套齐全，尊享舒适入住体验。	574	4258
1712	行政套房	行政套房，空间宽敞，配套齐全，尊享舒适入住体验。	501	4259
1712	大床房	大床房，配备舒适大床，温馨静谧，适合休闲度假。	268	4260
1713	标准间	标准间，简洁整洁，设施完备，高性价比之选。	272	4261
1713	大床房	大床房，配备舒适大床，温馨静谧，适合休闲度假。	376	4262
1714	标准间	标准间，简洁整洁，设施完备，高性价比之选。	306	4263
1714	大床房	大床房，配备舒适大床，温馨静谧，适合休闲度假。	433	4264
1714	行政套房	行政套房，空间宽敞，配套齐全，尊享舒适入住体验。	649	4265
1715	行政套房	行政套房，空间宽敞，配套齐全，尊享舒适入住体验。	634	4266
1715	大床房	大床房，配备舒适大床，温馨静谧，适合休闲度假。	466	4267
1715	标准间	标准间，简洁整洁，设施完备，高性价比之选。	307	4268
1716	行政套房	行政套房，空间宽敞，配套齐全，尊享舒适入住体验。	813	4269
1716	大床房	大床房，配备舒适大床，温馨静谧，适合休闲度假。	331	4270
1716	标准间	标准间，简洁整洁，设施完备，高性价比之选。	202	4271
1717	标准间	标准间，简洁整洁，设施完备，高性价比之选。	290	4272
1717	大床房	大床房，配备舒适大床，温馨静谧，适合休闲度假。	343	4273
1717	行政套房	行政套房，空间宽敞，配套齐全，尊享舒适入住体验。	644	4274
1718	标准间	标准间，简洁整洁，设施完备，高性价比之选。	190	4275
1718	行政套房	行政套房，空间宽敞，配套齐全，尊享舒适入住体验。	706	4276
1719	行政套房	行政套房，空间宽敞，配套齐全，尊享舒适入住体验。	687	4277
1719	大床房	大床房，配备舒适大床，温馨静谧，适合休闲度假。	333	4278
1720	标准间	标准间，简洁整洁，设施完备，高性价比之选。	197	4279
1720	大床房	大床房，配备舒适大床，温馨静谧，适合休闲度假。	347	4280
1721	标准间	标准间，简洁整洁，设施完备，高性价比之选。	318	4281
1721	大床房	大床房，配备舒适大床，温馨静谧，适合休闲度假。	370	4282
1721	行政套房	行政套房，空间宽敞，配套齐全，尊享舒适入住体验。	713	4283
1722	大床房	大床房，配备舒适大床，温馨静谧，适合休闲度假。	444	4284
1722	标准间	标准间，简洁整洁，设施完备，高性价比之选。	316	4285
1723	标准间	标准间，简洁整洁，设施完备，高性价比之选。	314	4286
1723	行政套房	行政套房，空间宽敞，配套齐全，尊享舒适入住体验。	869	4287
1723	大床房	大床房，配备舒适大床，温馨静谧，适合休闲度假。	291	4288
1724	标准间	标准间，简洁整洁，设施完备，高性价比之选。	260	4289
1724	行政套房	行政套房，空间宽敞，配套齐全，尊享舒适入住体验。	873	4290
1724	大床房	大床房，配备舒适大床，温馨静谧，适合休闲度假。	428	4291
1725	标准间	标准间，简洁整洁，设施完备，高性价比之选。	197	4292
1725	行政套房	行政套房，空间宽敞，配套齐全，尊享舒适入住体验。	796	4293
1725	大床房	大床房，配备舒适大床，温馨静谧，适合休闲度假。	285	4294
1726	标准间	标准间，简洁整洁，设施完备，高性价比之选。	317	4295
1726	行政套房	行政套房，空间宽敞，配套齐全，尊享舒适入住体验。	645	4296
1726	大床房	大床房，配备舒适大床，温馨静谧，适合休闲度假。	301	4297
1727	标准间	标准间，简洁整洁，设施完备，高性价比之选。	214	4298
1727	大床房	大床房，配备舒适大床，温馨静谧，适合休闲度假。	462	4299
1728	标准间	标准间，简洁整洁，设施完备，高性价比之选。	238	4300
1728	行政套房	行政套房，空间宽敞，配套齐全，尊享舒适入住体验。	540	4301
1729	大床房	大床房，配备舒适大床，温馨静谧，适合休闲度假。	475	4302
1729	标准间	标准间，简洁整洁，设施完备，高性价比之选。	263	4303
1729	行政套房	行政套房，空间宽敞，配套齐全，尊享舒适入住体验。	555	4304
1730	行政套房	行政套房，空间宽敞，配套齐全，尊享舒适入住体验。	645	4305
1730	标准间	标准间，简洁整洁，设施完备，高性价比之选。	207	4306
1731	大床房	大床房，配备舒适大床，温馨静谧，适合休闲度假。	460	4307
1731	标准间	标准间，简洁整洁，设施完备，高性价比之选。	237	4308
1732	大床房	大床房，配备舒适大床，温馨静谧，适合休闲度假。	407	4309
1732	行政套房	行政套房，空间宽敞，配套齐全，尊享舒适入住体验。	725	4310
1733	大床房	大床房，配备舒适大床，温馨静谧，适合休闲度假。	355	4311
1733	行政套房	行政套房，空间宽敞，配套齐全，尊享舒适入住体验。	834	4312
1734	标准间	标准间，简洁整洁，设施完备，高性价比之选。	227	4313
1734	行政套房	行政套房，空间宽敞，配套齐全，尊享舒适入住体验。	612	4314
1734	大床房	大床房，配备舒适大床，温馨静谧，适合休闲度假。	356	4315
1735	大床房	大床房，配备舒适大床，温馨静谧，适合休闲度假。	445	4316
1735	行政套房	行政套房，空间宽敞，配套齐全，尊享舒适入住体验。	561	4317
1736	大床房	大床房，配备舒适大床，温馨静谧，适合休闲度假。	344	4318
1736	标准间	标准间，简洁整洁，设施完备，高性价比之选。	187	4319
1736	行政套房	行政套房，空间宽敞，配套齐全，尊享舒适入住体验。	686	4320
1737	大床房	大床房，配备舒适大床，温馨静谧，适合休闲度假。	437	4321
1737	行政套房	行政套房，空间宽敞，配套齐全，尊享舒适入住体验。	873	4322
1738	行政套房	行政套房，空间宽敞，配套齐全，尊享舒适入住体验。	627	4323
1738	大床房	大床房，配备舒适大床，温馨静谧，适合休闲度假。	458	4324
1738	标准间	标准间，简洁整洁，设施完备，高性价比之选。	280	4325
1739	标准间	标准间，简洁整洁，设施完备，高性价比之选。	262	4326
1739	行政套房	行政套房，空间宽敞，配套齐全，尊享舒适入住体验。	609	4327
1739	大床房	大床房，配备舒适大床，温馨静谧，适合休闲度假。	308	4328
1740	标准间	标准间，简洁整洁，设施完备，高性价比之选。	306	4329
1740	大床房	大床房，配备舒适大床，温馨静谧，适合休闲度假。	450	4330
1740	行政套房	行政套房，空间宽敞，配套齐全，尊享舒适入住体验。	746	4331
1741	大床房	大床房，配备舒适大床，温馨静谧，适合休闲度假。	332	4332
1741	行政套房	行政套房，空间宽敞，配套齐全，尊享舒适入住体验。	609	4333
1742	大床房	大床房，配备舒适大床，温馨静谧，适合休闲度假。	430	4334
1742	标准间	标准间，简洁整洁，设施完备，高性价比之选。	242	4335
1742	行政套房	行政套房，空间宽敞，配套齐全，尊享舒适入住体验。	698	4336
1743	大床房	大床房，配备舒适大床，温馨静谧，适合休闲度假。	412	4337
1743	标准间	标准间，简洁整洁，设施完备，高性价比之选。	185	4338
1744	标准间	标准间，简洁整洁，设施完备，高性价比之选。	225	4339
1744	大床房	大床房，配备舒适大床，温馨静谧，适合休闲度假。	376	4340
1744	行政套房	行政套房，空间宽敞，配套齐全，尊享舒适入住体验。	515	4341
1745	行政套房	行政套房，空间宽敞，配套齐全，尊享舒适入住体验。	675	4342
1745	大床房	大床房，配备舒适大床，温馨静谧，适合休闲度假。	385	4343
1745	标准间	标准间，简洁整洁，设施完备，高性价比之选。	222	4344
1746	标准间	标准间，简洁整洁，设施完备，高性价比之选。	242	4345
1746	大床房	大床房，配备舒适大床，温馨静谧，适合休闲度假。	302	4346
1747	大床房	大床房，配备舒适大床，温馨静谧，适合休闲度假。	477	4347
1747	行政套房	行政套房，空间宽敞，配套齐全，尊享舒适入住体验。	596	4348
1747	标准间	标准间，简洁整洁，设施完备，高性价比之选。	262	4349
1748	大床房	大床房，配备舒适大床，温馨静谧，适合休闲度假。	479	4350
1748	标准间	标准间，简洁整洁，设施完备，高性价比之选。	291	4351
1748	行政套房	行政套房，空间宽敞，配套齐全，尊享舒适入住体验。	709	4352
1749	行政套房	行政套房，空间宽敞，配套齐全，尊享舒适入住体验。	821	4353
1749	标准间	标准间，简洁整洁，设施完备，高性价比之选。	259	4354
1750	大床房	大床房，配备舒适大床，温馨静谧，适合休闲度假。	354	4355
1750	行政套房	行政套房，空间宽敞，配套齐全，尊享舒适入住体验。	820	4356
1751	行政套房	行政套房，空间宽敞，配套齐全，尊享舒适入住体验。	531	4357
1751	标准间	标准间，简洁整洁，设施完备，高性价比之选。	184	4358
1751	大床房	大床房，配备舒适大床，温馨静谧，适合休闲度假。	368	4359
1752	行政套房	行政套房，空间宽敞，配套齐全，尊享舒适入住体验。	634	4360
1752	标准间	标准间，简洁整洁，设施完备，高性价比之选。	197	4361
1752	大床房	大床房，配备舒适大床，温馨静谧，适合休闲度假。	398	4362
1753	行政套房	行政套房，空间宽敞，配套齐全，尊享舒适入住体验。	628	4363
1753	大床房	大床房，配备舒适大床，温馨静谧，适合休闲度假。	294	4364
1753	标准间	标准间，简洁整洁，设施完备，高性价比之选。	219	4365
1754	标准间	标准间，简洁整洁，设施完备，高性价比之选。	270	4366
1754	行政套房	行政套房，空间宽敞，配套齐全，尊享舒适入住体验。	592	4367
1755	行政套房	行政套房，空间宽敞，配套齐全，尊享舒适入住体验。	532	4368
1755	标准间	标准间，简洁整洁，设施完备，高性价比之选。	234	4369
1756	行政套房	行政套房，空间宽敞，配套齐全，尊享舒适入住体验。	551	4370
1756	大床房	大床房，配备舒适大床，温馨静谧，适合休闲度假。	365	4371
1757	行政套房	行政套房，空间宽敞，配套齐全，尊享舒适入住体验。	731	4372
1757	大床房	大床房，配备舒适大床，温馨静谧，适合休闲度假。	333	4373
1757	标准间	标准间，简洁整洁，设施完备，高性价比之选。	303	4374
1758	行政套房	行政套房，空间宽敞，配套齐全，尊享舒适入住体验。	588	4375
1758	大床房	大床房，配备舒适大床，温馨静谧，适合休闲度假。	361	4376
1759	标准间	标准间，简洁整洁，设施完备，高性价比之选。	259	4377
1759	大床房	大床房，配备舒适大床，温馨静谧，适合休闲度假。	411	4378
1760	行政套房	行政套房，空间宽敞，配套齐全，尊享舒适入住体验。	695	4379
1760	标准间	标准间，简洁整洁，设施完备，高性价比之选。	284	4380
1760	大床房	大床房，配备舒适大床，温馨静谧，适合休闲度假。	322	4381
1761	标准间	标准间，简洁整洁，设施完备，高性价比之选。	254	4382
1761	行政套房	行政套房，空间宽敞，配套齐全，尊享舒适入住体验。	697	4383
1762	标准间	标准间，简洁整洁，设施完备，高性价比之选。	316	4384
1762	大床房	大床房，配备舒适大床，温馨静谧，适合休闲度假。	261	4385
1763	行政套房	行政套房，空间宽敞，配套齐全，尊享舒适入住体验。	515	4386
1763	标准间	标准间，简洁整洁，设施完备，高性价比之选。	197	4387
1764	标准间	标准间，简洁整洁，设施完备，高性价比之选。	239	4388
1764	行政套房	行政套房，空间宽敞，配套齐全，尊享舒适入住体验。	652	4389
1764	大床房	大床房，配备舒适大床，温馨静谧，适合休闲度假。	443	4390
1765	大床房	大床房，配备舒适大床，温馨静谧，适合休闲度假。	306	4391
1765	标准间	标准间，简洁整洁，设施完备，高性价比之选。	250	4392
1766	大床房	大床房，配备舒适大床，温馨静谧，适合休闲度假。	270	4393
1766	标准间	标准间，简洁整洁，设施完备，高性价比之选。	192	4394
1767	标准间	标准间，简洁整洁，设施完备，高性价比之选。	233	4395
1767	大床房	大床房，配备舒适大床，温馨静谧，适合休闲度假。	422	4396
1768	标准间	标准间，简洁整洁，设施完备，高性价比之选。	226	4397
1768	大床房	大床房，配备舒适大床，温馨静谧，适合休闲度假。	288	4398
1768	行政套房	行政套房，空间宽敞，配套齐全，尊享舒适入住体验。	616	4399
1769	行政套房	行政套房，空间宽敞，配套齐全，尊享舒适入住体验。	812	4400
1769	标准间	标准间，简洁整洁，设施完备，高性价比之选。	253	4401
1769	大床房	大床房，配备舒适大床，温馨静谧，适合休闲度假。	440	4402
1770	标准间	标准间，简洁整洁，设施完备，高性价比之选。	278	4403
1770	大床房	大床房，配备舒适大床，温馨静谧，适合休闲度假。	352	4404
1771	标准间	标准间，简洁整洁，设施完备，高性价比之选。	264	4405
1771	大床房	大床房，配备舒适大床，温馨静谧，适合休闲度假。	319	4406
1771	行政套房	行政套房，空间宽敞，配套齐全，尊享舒适入住体验。	569	4407
1772	大床房	大床房，配备舒适大床，温馨静谧，适合休闲度假。	452	4408
1772	行政套房	行政套房，空间宽敞，配套齐全，尊享舒适入住体验。	678	4409
1772	标准间	标准间，简洁整洁，设施完备，高性价比之选。	317	4410
1773	行政套房	行政套房，空间宽敞，配套齐全，尊享舒适入住体验。	537	4411
1773	标准间	标准间，简洁整洁，设施完备，高性价比之选。	268	4412
1773	大床房	大床房，配备舒适大床，温馨静谧，适合休闲度假。	370	4413
1774	标准间	标准间，简洁整洁，设施完备，高性价比之选。	221	4414
1774	行政套房	行政套房，空间宽敞，配套齐全，尊享舒适入住体验。	613	4415
1775	行政套房	行政套房，空间宽敞，配套齐全，尊享舒适入住体验。	790	4416
1775	标准间	标准间，简洁整洁，设施完备，高性价比之选。	244	4417
1775	大床房	大床房，配备舒适大床，温馨静谧，适合休闲度假。	401	4418
1776	标准间	标准间，简洁整洁，设施完备，高性价比之选。	199	4419
1776	大床房	大床房，配备舒适大床，温馨静谧，适合休闲度假。	458	4420
1776	行政套房	行政套房，空间宽敞，配套齐全，尊享舒适入住体验。	766	4421
1777	标准间	标准间，简洁整洁，设施完备，高性价比之选。	285	4422
1777	大床房	大床房，配备舒适大床，温馨静谧，适合休闲度假。	463	4423
1778	标准间	标准间，简洁整洁，设施完备，高性价比之选。	194	4424
1778	行政套房	行政套房，空间宽敞，配套齐全，尊享舒适入住体验。	661	4425
1778	大床房	大床房，配备舒适大床，温馨静谧，适合休闲度假。	414	4426
1779	大床房	大床房，配备舒适大床，温馨静谧，适合休闲度假。	281	4427
1779	标准间	标准间，简洁整洁，设施完备，高性价比之选。	259	4428
1779	行政套房	行政套房，空间宽敞，配套齐全，尊享舒适入住体验。	597	4429
1780	行政套房	行政套房，空间宽敞，配套齐全，尊享舒适入住体验。	843	4430
1780	大床房	大床房，配备舒适大床，温馨静谧，适合休闲度假。	349	4431
1780	标准间	标准间，简洁整洁，设施完备，高性价比之选。	181	4432
1781	标准间	标准间，简洁整洁，设施完备，高性价比之选。	223	4433
1781	行政套房	行政套房，空间宽敞，配套齐全，尊享舒适入住体验。	516	4434
1782	标准间	标准间，简洁整洁，设施完备，高性价比之选。	309	4435
1782	大床房	大床房，配备舒适大床，温馨静谧，适合休闲度假。	405	4436
1783	行政套房	行政套房，空间宽敞，配套齐全，尊享舒适入住体验。	746	4437
1783	大床房	大床房，配备舒适大床，温馨静谧，适合休闲度假。	467	4438
1784	行政套房	行政套房，空间宽敞，配套齐全，尊享舒适入住体验。	678	4439
1784	大床房	大床房，配备舒适大床，温馨静谧，适合休闲度假。	389	4440
1784	标准间	标准间，简洁整洁，设施完备，高性价比之选。	209	4441
1785	标准间	标准间，简洁整洁，设施完备，高性价比之选。	239	4442
1785	大床房	大床房，配备舒适大床，温馨静谧，适合休闲度假。	457	4443
1786	标准间	标准间，简洁整洁，设施完备，高性价比之选。	301	4444
1786	大床房	大床房，配备舒适大床，温馨静谧，适合休闲度假。	280	4445
1787	大床房	大床房，配备舒适大床，温馨静谧，适合休闲度假。	329	4446
1787	行政套房	行政套房，空间宽敞，配套齐全，尊享舒适入住体验。	712	4447
1788	行政套房	行政套房，空间宽敞，配套齐全，尊享舒适入住体验。	870	4448
1788	大床房	大床房，配备舒适大床，温馨静谧，适合休闲度假。	361	4449
1789	标准间	标准间，简洁整洁，设施完备，高性价比之选。	185	4450
1789	行政套房	行政套房，空间宽敞，配套齐全，尊享舒适入住体验。	701	4451
1789	大床房	大床房，配备舒适大床，温馨静谧，适合休闲度假。	456	4452
1790	行政套房	行政套房，空间宽敞，配套齐全，尊享舒适入住体验。	648	4453
1790	标准间	标准间，简洁整洁，设施完备，高性价比之选。	222	4454
1790	大床房	大床房，配备舒适大床，温馨静谧，适合休闲度假。	316	4455
1791	行政套房	行政套房，空间宽敞，配套齐全，尊享舒适入住体验。	553	4456
1791	大床房	大床房，配备舒适大床，温馨静谧，适合休闲度假。	377	4457
1792	标准间	标准间，简洁整洁，设施完备，高性价比之选。	282	4458
1792	行政套房	行政套房，空间宽敞，配套齐全，尊享舒适入住体验。	599	4459
1793	行政套房	行政套房，空间宽敞，配套齐全，尊享舒适入住体验。	650	4460
1793	大床房	大床房，配备舒适大床，温馨静谧，适合休闲度假。	308	4461
1793	标准间	标准间，简洁整洁，设施完备，高性价比之选。	238	4462
1794	标准间	标准间，简洁整洁，设施完备，高性价比之选。	228	4463
1794	大床房	大床房，配备舒适大床，温馨静谧，适合休闲度假。	284	4464
1794	行政套房	行政套房，空间宽敞，配套齐全，尊享舒适入住体验。	792	4465
1795	大床房	大床房，配备舒适大床，温馨静谧，适合休闲度假。	355	4466
1795	行政套房	行政套房，空间宽敞，配套齐全，尊享舒适入住体验。	619	4467
1795	标准间	标准间，简洁整洁，设施完备，高性价比之选。	184	4468
1796	大床房	大床房，配备舒适大床，温馨静谧，适合休闲度假。	330	4469
1796	行政套房	行政套房，空间宽敞，配套齐全，尊享舒适入住体验。	621	4470
1797	大床房	大床房，配备舒适大床，温馨静谧，适合休闲度假。	389	4471
1797	行政套房	行政套房，空间宽敞，配套齐全，尊享舒适入住体验。	828	4472
1798	行政套房	行政套房，空间宽敞，配套齐全，尊享舒适入住体验。	708	4473
1798	标准间	标准间，简洁整洁，设施完备，高性价比之选。	252	4474
1799	标准间	标准间，简洁整洁，设施完备，高性价比之选。	218	4475
1799	大床房	大床房，配备舒适大床，温馨静谧，适合休闲度假。	436	4476
1799	行政套房	行政套房，空间宽敞，配套齐全，尊享舒适入住体验。	646	4477
1800	标准间	标准间，简洁整洁，设施完备，高性价比之选。	294	4478
1800	大床房	大床房，配备舒适大床，温馨静谧，适合休闲度假。	430	4479
1800	行政套房	行政套房，空间宽敞，配套齐全，尊享舒适入住体验。	560	4480
1801	标准间	标准间，简洁整洁，设施完备，高性价比之选。	318	4481
1801	大床房	大床房，配备舒适大床，温馨静谧，适合休闲度假。	403	4482
1801	行政套房	行政套房，空间宽敞，配套齐全，尊享舒适入住体验。	674	4483
1802	行政套房	行政套房，空间宽敞，配套齐全，尊享舒适入住体验。	797	4484
1802	标准间	标准间，简洁整洁，设施完备，高性价比之选。	217	4485
1803	行政套房	行政套房，空间宽敞，配套齐全，尊享舒适入住体验。	851	4486
1803	大床房	大床房，配备舒适大床，温馨静谧，适合休闲度假。	456	4487
1803	标准间	标准间，简洁整洁，设施完备，高性价比之选。	266	4488
1804	行政套房	行政套房，空间宽敞，配套齐全，尊享舒适入住体验。	850	4489
1804	标准间	标准间，简洁整洁，设施完备，高性价比之选。	197	4490
1805	行政套房	行政套房，空间宽敞，配套齐全，尊享舒适入住体验。	584	4491
1805	标准间	标准间，简洁整洁，设施完备，高性价比之选。	311	4492
1806	大床房	大床房，配备舒适大床，温馨静谧，适合休闲度假。	400	4493
1806	标准间	标准间，简洁整洁，设施完备，高性价比之选。	318	4494
1806	行政套房	行政套房，空间宽敞，配套齐全，尊享舒适入住体验。	872	4495
1807	行政套房	行政套房，空间宽敞，配套齐全，尊享舒适入住体验。	654	4496
1807	大床房	大床房，配备舒适大床，温馨静谧，适合休闲度假。	352	4497
1807	标准间	标准间，简洁整洁，设施完备，高性价比之选。	308	4498
1808	行政套房	行政套房，空间宽敞，配套齐全，尊享舒适入住体验。	759	4499
1808	大床房	大床房，配备舒适大床，温馨静谧，适合休闲度假。	276	4500
1808	标准间	标准间，简洁整洁，设施完备，高性价比之选。	266	4501
1809	大床房	大床房，配备舒适大床，温馨静谧，适合休闲度假。	422	4502
1809	标准间	标准间，简洁整洁，设施完备，高性价比之选。	251	4503
1810	标准间	标准间，简洁整洁，设施完备，高性价比之选。	242	4504
1810	大床房	大床房，配备舒适大床，温馨静谧，适合休闲度假。	455	4505
1811	大床房	大床房，配备舒适大床，温馨静谧，适合休闲度假。	286	4506
1811	标准间	标准间，简洁整洁，设施完备，高性价比之选。	310	4507
1811	行政套房	行政套房，空间宽敞，配套齐全，尊享舒适入住体验。	820	4508
1812	标准间	标准间，简洁整洁，设施完备，高性价比之选。	268	4509
1812	行政套房	行政套房，空间宽敞，配套齐全，尊享舒适入住体验。	745	4510
1813	行政套房	行政套房，空间宽敞，配套齐全，尊享舒适入住体验。	867	4511
1813	标准间	标准间，简洁整洁，设施完备，高性价比之选。	263	4512
1813	大床房	大床房，配备舒适大床，温馨静谧，适合休闲度假。	406	4513
1814	大床房	大床房，配备舒适大床，温馨静谧，适合休闲度假。	443	4514
1814	行政套房	行政套房，空间宽敞，配套齐全，尊享舒适入住体验。	670	4515
1814	标准间	标准间，简洁整洁，设施完备，高性价比之选。	302	4516
1815	标准间	标准间，简洁整洁，设施完备，高性价比之选。	320	4517
1815	行政套房	行政套房，空间宽敞，配套齐全，尊享舒适入住体验。	712	4518
1815	大床房	大床房，配备舒适大床，温馨静谧，适合休闲度假。	348	4519
1816	标准间	标准间，简洁整洁，设施完备，高性价比之选。	229	4520
1816	大床房	大床房，配备舒适大床，温馨静谧，适合休闲度假。	354	4521
1816	行政套房	行政套房，空间宽敞，配套齐全，尊享舒适入住体验。	637	4522
1817	行政套房	行政套房，空间宽敞，配套齐全，尊享舒适入住体验。	857	4523
1817	大床房	大床房，配备舒适大床，温馨静谧，适合休闲度假。	307	4524
1817	标准间	标准间，简洁整洁，设施完备，高性价比之选。	246	4525
1818	大床房	大床房，配备舒适大床，温馨静谧，适合休闲度假。	276	4526
1818	行政套房	行政套房，空间宽敞，配套齐全，尊享舒适入住体验。	562	4527
1818	标准间	标准间，简洁整洁，设施完备，高性价比之选。	182	4528
1819	标准间	标准间，简洁整洁，设施完备，高性价比之选。	317	4529
1819	行政套房	行政套房，空间宽敞，配套齐全，尊享舒适入住体验。	821	4530
1820	大床房	大床房，配备舒适大床，温馨静谧，适合休闲度假。	276	4531
1820	标准间	标准间，简洁整洁，设施完备，高性价比之选。	208	4532
1820	行政套房	行政套房，空间宽敞，配套齐全，尊享舒适入住体验。	696	4533
1821	标准间	标准间，简洁整洁，设施完备，高性价比之选。	284	4534
1821	行政套房	行政套房，空间宽敞，配套齐全，尊享舒适入住体验。	571	4535
1822	大床房	大床房，配备舒适大床，温馨静谧，适合休闲度假。	469	4536
1822	标准间	标准间，简洁整洁，设施完备，高性价比之选。	288	4537
1823	大床房	大床房，配备舒适大床，温馨静谧，适合休闲度假。	453	4538
1823	标准间	标准间，简洁整洁，设施完备，高性价比之选。	213	4539
1824	大床房	大床房，配备舒适大床，温馨静谧，适合休闲度假。	477	4540
1824	行政套房	行政套房，空间宽敞，配套齐全，尊享舒适入住体验。	528	4541
1824	标准间	标准间，简洁整洁，设施完备，高性价比之选。	267	4542
1825	标准间	标准间，简洁整洁，设施完备，高性价比之选。	228	4543
1825	行政套房	行政套房，空间宽敞，配套齐全，尊享舒适入住体验。	773	4544
1825	大床房	大床房，配备舒适大床，温馨静谧，适合休闲度假。	328	4545
1826	标准间	标准间，简洁整洁，设施完备，高性价比之选。	183	4546
1826	行政套房	行政套房，空间宽敞，配套齐全，尊享舒适入住体验。	708	4547
1826	大床房	大床房，配备舒适大床，温馨静谧，适合休闲度假。	436	4548
1827	行政套房	行政套房，空间宽敞，配套齐全，尊享舒适入住体验。	512	4549
1827	标准间	标准间，简洁整洁，设施完备，高性价比之选。	260	4550
1827	大床房	大床房，配备舒适大床，温馨静谧，适合休闲度假。	453	4551
1828	大床房	大床房，配备舒适大床，温馨静谧，适合休闲度假。	434	4552
1828	行政套房	行政套房，空间宽敞，配套齐全，尊享舒适入住体验。	737	4553
1828	标准间	标准间，简洁整洁，设施完备，高性价比之选。	311	4554
1829	行政套房	行政套房，空间宽敞，配套齐全，尊享舒适入住体验。	764	4555
1829	大床房	大床房，配备舒适大床，温馨静谧，适合休闲度假。	469	4556
1830	标准间	标准间，简洁整洁，设施完备，高性价比之选。	296	4557
1830	行政套房	行政套房，空间宽敞，配套齐全，尊享舒适入住体验。	832	4558
1831	大床房	大床房，配备舒适大床，温馨静谧，适合休闲度假。	469	4559
1831	标准间	标准间，简洁整洁，设施完备，高性价比之选。	181	4560
1831	行政套房	行政套房，空间宽敞，配套齐全，尊享舒适入住体验。	500	4561
1832	标准间	标准间，简洁整洁，设施完备，高性价比之选。	198	4562
1832	大床房	大床房，配备舒适大床，温馨静谧，适合休闲度假。	270	4563
1832	行政套房	行政套房，空间宽敞，配套齐全，尊享舒适入住体验。	880	4564
1833	行政套房	行政套房，空间宽敞，配套齐全，尊享舒适入住体验。	796	4565
1833	大床房	大床房，配备舒适大床，温馨静谧，适合休闲度假。	345	4566
1834	标准间	标准间，简洁整洁，设施完备，高性价比之选。	180	4567
1834	行政套房	行政套房，空间宽敞，配套齐全，尊享舒适入住体验。	722	4568
1835	标准间	标准间，简洁整洁，设施完备，高性价比之选。	239	4569
1835	行政套房	行政套房，空间宽敞，配套齐全，尊享舒适入住体验。	786	4570
1835	大床房	大床房，配备舒适大床，温馨静谧，适合休闲度假。	283	4571
1836	标准间	标准间，简洁整洁，设施完备，高性价比之选。	231	4572
1836	行政套房	行政套房，空间宽敞，配套齐全，尊享舒适入住体验。	867	4573
1836	大床房	大床房，配备舒适大床，温馨静谧，适合休闲度假。	368	4574
1837	大床房	大床房，配备舒适大床，温馨静谧，适合休闲度假。	417	4575
1837	标准间	标准间，简洁整洁，设施完备，高性价比之选。	201	4576
1837	行政套房	行政套房，空间宽敞，配套齐全，尊享舒适入住体验。	751	4577
1838	行政套房	行政套房，空间宽敞，配套齐全，尊享舒适入住体验。	631	4578
1838	标准间	标准间，简洁整洁，设施完备，高性价比之选。	286	4579
1838	大床房	大床房，配备舒适大床，温馨静谧，适合休闲度假。	473	4580
1839	行政套房	行政套房，空间宽敞，配套齐全，尊享舒适入住体验。	620	4581
1839	大床房	大床房，配备舒适大床，温馨静谧，适合休闲度假。	270	4582
1840	标准间	标准间，简洁整洁，设施完备，高性价比之选。	183	4583
1840	大床房	大床房，配备舒适大床，温馨静谧，适合休闲度假。	347	4584
1841	行政套房	行政套房，空间宽敞，配套齐全，尊享舒适入住体验。	730	4585
1841	大床房	大床房，配备舒适大床，温馨静谧，适合休闲度假。	399	4586
1842	大床房	大床房，配备舒适大床，温馨静谧，适合休闲度假。	387	4587
1842	行政套房	行政套房，空间宽敞，配套齐全，尊享舒适入住体验。	659	4588
1843	标准间	标准间，简洁整洁，设施完备，高性价比之选。	210	4589
1843	大床房	大床房，配备舒适大床，温馨静谧，适合休闲度假。	325	4590
1844	标准间	标准间，简洁整洁，设施完备，高性价比之选。	320	4591
1844	行政套房	行政套房，空间宽敞，配套齐全，尊享舒适入住体验。	657	4592
1844	大床房	大床房，配备舒适大床，温馨静谧，适合休闲度假。	377	4593
1845	行政套房	行政套房，空间宽敞，配套齐全，尊享舒适入住体验。	804	4594
1845	大床房	大床房，配备舒适大床，温馨静谧，适合休闲度假。	412	4595
1846	行政套房	行政套房，空间宽敞，配套齐全，尊享舒适入住体验。	497	4596
1846	标准间	标准间，简洁整洁，设施完备，高性价比之选。	319	4597
1846	大床房	大床房，配备舒适大床，温馨静谧，适合休闲度假。	268	4598
1847	大床房	大床房，配备舒适大床，温馨静谧，适合休闲度假。	357	4599
1847	标准间	标准间，简洁整洁，设施完备，高性价比之选。	215	4600
1847	行政套房	行政套房，空间宽敞，配套齐全，尊享舒适入住体验。	864	4601
1848	行政套房	行政套房，空间宽敞，配套齐全，尊享舒适入住体验。	841	4602
1848	标准间	标准间，简洁整洁，设施完备，高性价比之选。	281	4603
1849	行政套房	行政套房，空间宽敞，配套齐全，尊享舒适入住体验。	520	4604
1849	大床房	大床房，配备舒适大床，温馨静谧，适合休闲度假。	463	4605
1849	标准间	标准间，简洁整洁，设施完备，高性价比之选。	236	4606
1850	行政套房	行政套房，空间宽敞，配套齐全，尊享舒适入住体验。	682	4607
1850	大床房	大床房，配备舒适大床，温馨静谧，适合休闲度假。	261	4608
1850	标准间	标准间，简洁整洁，设施完备，高性价比之选。	200	4609
1851	大床房	大床房，配备舒适大床，温馨静谧，适合休闲度假。	397	4610
1851	标准间	标准间，简洁整洁，设施完备，高性价比之选。	185	4611
1851	行政套房	行政套房，空间宽敞，配套齐全，尊享舒适入住体验。	551	4612
1852	大床房	大床房，配备舒适大床，温馨静谧，适合休闲度假。	383	4613
1852	行政套房	行政套房，空间宽敞，配套齐全，尊享舒适入住体验。	483	4614
1852	标准间	标准间，简洁整洁，设施完备，高性价比之选。	236	4615
1853	行政套房	行政套房，空间宽敞，配套齐全，尊享舒适入住体验。	793	4616
1853	大床房	大床房，配备舒适大床，温馨静谧，适合休闲度假。	432	4617
1853	标准间	标准间，简洁整洁，设施完备，高性价比之选。	241	4618
1854	标准间	标准间，简洁整洁，设施完备，高性价比之选。	303	4619
1854	行政套房	行政套房，空间宽敞，配套齐全，尊享舒适入住体验。	738	4620
1854	大床房	大床房，配备舒适大床，温馨静谧，适合休闲度假。	437	4621
1855	标准间	标准间，简洁整洁，设施完备，高性价比之选。	282	4622
1855	行政套房	行政套房，空间宽敞，配套齐全，尊享舒适入住体验。	772	4623
1855	大床房	大床房，配备舒适大床，温馨静谧，适合休闲度假。	399	4624
1856	大床房	大床房，配备舒适大床，温馨静谧，适合休闲度假。	449	4625
1856	标准间	标准间，简洁整洁，设施完备，高性价比之选。	280	4626
1857	标准间	标准间，简洁整洁，设施完备，高性价比之选。	222	4627
1857	行政套房	行政套房，空间宽敞，配套齐全，尊享舒适入住体验。	606	4628
1857	大床房	大床房，配备舒适大床，温馨静谧，适合休闲度假。	263	4629
1858	标准间	标准间，简洁整洁，设施完备，高性价比之选。	254	4630
1858	行政套房	行政套房，空间宽敞，配套齐全，尊享舒适入住体验。	621	4631
1858	大床房	大床房，配备舒适大床，温馨静谧，适合休闲度假。	384	4632
1859	行政套房	行政套房，空间宽敞，配套齐全，尊享舒适入住体验。	628	4633
1859	标准间	标准间，简洁整洁，设施完备，高性价比之选。	270	4634
1860	标准间	标准间，简洁整洁，设施完备，高性价比之选。	181	4635
1860	行政套房	行政套房，空间宽敞，配套齐全，尊享舒适入住体验。	555	4636
1861	行政套房	行政套房，空间宽敞，配套齐全，尊享舒适入住体验。	554	4637
1861	标准间	标准间，简洁整洁，设施完备，高性价比之选。	230	4638
1862	大床房	大床房，配备舒适大床，温馨静谧，适合休闲度假。	406	4639
1862	行政套房	行政套房，空间宽敞，配套齐全，尊享舒适入住体验。	575	4640
1863	行政套房	行政套房，空间宽敞，配套齐全，尊享舒适入住体验。	809	4641
1863	标准间	标准间，简洁整洁，设施完备，高性价比之选。	283	4642
1863	大床房	大床房，配备舒适大床，温馨静谧，适合休闲度假。	269	4643
1864	标准间	标准间，简洁整洁，设施完备，高性价比之选。	208	4644
1864	行政套房	行政套房，空间宽敞，配套齐全，尊享舒适入住体验。	589	4645
1864	大床房	大床房，配备舒适大床，温馨静谧，适合休闲度假。	430	4646
1865	行政套房	行政套房，空间宽敞，配套齐全，尊享舒适入住体验。	587	4647
1865	大床房	大床房，配备舒适大床，温馨静谧，适合休闲度假。	352	4648
1865	标准间	标准间，简洁整洁，设施完备，高性价比之选。	238	4649
1866	行政套房	行政套房，空间宽敞，配套齐全，尊享舒适入住体验。	556	4650
1866	标准间	标准间，简洁整洁，设施完备，高性价比之选。	254	4651
1866	大床房	大床房，配备舒适大床，温馨静谧，适合休闲度假。	409	4652
1867	标准间	标准间，简洁整洁，设施完备，高性价比之选。	282	4653
1867	行政套房	行政套房，空间宽敞，配套齐全，尊享舒适入住体验。	667	4654
1868	标准间	标准间，简洁整洁，设施完备，高性价比之选。	227	4655
1868	大床房	大床房，配备舒适大床，温馨静谧，适合休闲度假。	273	4656
1868	行政套房	行政套房，空间宽敞，配套齐全，尊享舒适入住体验。	553	4657
1869	大床房	大床房，配备舒适大床，温馨静谧，适合休闲度假。	333	4658
1869	行政套房	行政套房，空间宽敞，配套齐全，尊享舒适入住体验。	774	4659
1869	标准间	标准间，简洁整洁，设施完备，高性价比之选。	313	4660
1870	行政套房	行政套房，空间宽敞，配套齐全，尊享舒适入住体验。	740	4661
1870	标准间	标准间，简洁整洁，设施完备，高性价比之选。	282	4662
1871	标准间	标准间，简洁整洁，设施完备，高性价比之选。	202	4663
1871	行政套房	行政套房，空间宽敞，配套齐全，尊享舒适入住体验。	846	4664
1872	行政套房	行政套房，空间宽敞，配套齐全，尊享舒适入住体验。	501	4665
1872	标准间	标准间，简洁整洁，设施完备，高性价比之选。	261	4666
1873	大床房	大床房，配备舒适大床，温馨静谧，适合休闲度假。	335	4667
1873	标准间	标准间，简洁整洁，设施完备，高性价比之选。	274	4668
1874	大床房	大床房，配备舒适大床，温馨静谧，适合休闲度假。	287	4669
1874	行政套房	行政套房，空间宽敞，配套齐全，尊享舒适入住体验。	507	4670
1874	标准间	标准间，简洁整洁，设施完备，高性价比之选。	192	4671
1875	大床房	大床房，配备舒适大床，温馨静谧，适合休闲度假。	269	4672
1875	标准间	标准间，简洁整洁，设施完备，高性价比之选。	232	4673
1875	行政套房	行政套房，空间宽敞，配套齐全，尊享舒适入住体验。	693	4674
1876	大床房	大床房，配备舒适大床，温馨静谧，适合休闲度假。	375	4675
1876	标准间	标准间，简洁整洁，设施完备，高性价比之选。	189	4676
1877	大床房	大床房，配备舒适大床，温馨静谧，适合休闲度假。	453	4677
1877	标准间	标准间，简洁整洁，设施完备，高性价比之选。	254	4678
1878	大床房	大床房，配备舒适大床，温馨静谧，适合休闲度假。	372	4679
1878	标准间	标准间，简洁整洁，设施完备，高性价比之选。	186	4680
1878	行政套房	行政套房，空间宽敞，配套齐全，尊享舒适入住体验。	570	4681
1879	行政套房	行政套房，空间宽敞，配套齐全，尊享舒适入住体验。	813	4682
1879	标准间	标准间，简洁整洁，设施完备，高性价比之选。	273	4683
1879	大床房	大床房，配备舒适大床，温馨静谧，适合休闲度假。	338	4684
1880	标准间	标准间，简洁整洁，设施完备，高性价比之选。	226	4685
1880	大床房	大床房，配备舒适大床，温馨静谧，适合休闲度假。	289	4686
1881	标准间	标准间，简洁整洁，设施完备，高性价比之选。	299	4687
1881	大床房	大床房，配备舒适大床，温馨静谧，适合休闲度假。	361	4688
1882	大床房	大床房，配备舒适大床，温馨静谧，适合休闲度假。	414	4689
1882	行政套房	行政套房，空间宽敞，配套齐全，尊享舒适入住体验。	747	4690
1882	标准间	标准间，简洁整洁，设施完备，高性价比之选。	256	4691
1883	行政套房	行政套房，空间宽敞，配套齐全，尊享舒适入住体验。	719	4692
1883	标准间	标准间，简洁整洁，设施完备，高性价比之选。	196	4693
1884	大床房	大床房，配备舒适大床，温馨静谧，适合休闲度假。	315	4694
1884	行政套房	行政套房，空间宽敞，配套齐全，尊享舒适入住体验。	650	4695
1884	标准间	标准间，简洁整洁，设施完备，高性价比之选。	243	4696
1885	大床房	大床房，配备舒适大床，温馨静谧，适合休闲度假。	447	4697
1885	标准间	标准间，简洁整洁，设施完备，高性价比之选。	315	4698
1886	标准间	标准间，简洁整洁，设施完备，高性价比之选。	202	4699
1886	大床房	大床房，配备舒适大床，温馨静谧，适合休闲度假。	324	4700
1887	行政套房	行政套房，空间宽敞，配套齐全，尊享舒适入住体验。	522	4701
1887	大床房	大床房，配备舒适大床，温馨静谧，适合休闲度假。	301	4702
1887	标准间	标准间，简洁整洁，设施完备，高性价比之选。	273	4703
1888	行政套房	行政套房，空间宽敞，配套齐全，尊享舒适入住体验。	796	4704
1888	标准间	标准间，简洁整洁，设施完备，高性价比之选。	319	4705
1888	大床房	大床房，配备舒适大床，温馨静谧，适合休闲度假。	268	4706
1889	行政套房	行政套房，空间宽敞，配套齐全，尊享舒适入住体验。	818	4707
1889	大床房	大床房，配备舒适大床，温馨静谧，适合休闲度假。	368	4708
1889	标准间	标准间，简洁整洁，设施完备，高性价比之选。	217	4709
1890	大床房	大床房，配备舒适大床，温馨静谧，适合休闲度假。	299	4710
1890	行政套房	行政套房，空间宽敞，配套齐全，尊享舒适入住体验。	531	4711
1890	标准间	标准间，简洁整洁，设施完备，高性价比之选。	220	4712
1891	行政套房	行政套房，空间宽敞，配套齐全，尊享舒适入住体验。	816	4713
1891	大床房	大床房，配备舒适大床，温馨静谧，适合休闲度假。	468	4714
1891	标准间	标准间，简洁整洁，设施完备，高性价比之选。	194	4715
1892	标准间	标准间，简洁整洁，设施完备，高性价比之选。	270	4716
1892	大床房	大床房，配备舒适大床，温馨静谧，适合休闲度假。	339	4717
1892	行政套房	行政套房，空间宽敞，配套齐全，尊享舒适入住体验。	812	4718
1893	行政套房	行政套房，空间宽敞，配套齐全，尊享舒适入住体验。	710	4719
1893	大床房	大床房，配备舒适大床，温馨静谧，适合休闲度假。	350	4720
1894	大床房	大床房，配备舒适大床，温馨静谧，适合休闲度假。	398	4721
1894	行政套房	行政套房，空间宽敞，配套齐全，尊享舒适入住体验。	519	4722
1895	行政套房	行政套房，空间宽敞，配套齐全，尊享舒适入住体验。	737	4723
1895	大床房	大床房，配备舒适大床，温馨静谧，适合休闲度假。	430	4724
1895	标准间	标准间，简洁整洁，设施完备，高性价比之选。	303	4725
1896	标准间	标准间，简洁整洁，设施完备，高性价比之选。	317	4726
1896	大床房	大床房，配备舒适大床，温馨静谧，适合休闲度假。	295	4727
1897	标准间	标准间，简洁整洁，设施完备，高性价比之选。	274	4728
1897	大床房	大床房，配备舒适大床，温馨静谧，适合休闲度假。	467	4729
1897	行政套房	行政套房，空间宽敞，配套齐全，尊享舒适入住体验。	667	4730
1898	标准间	标准间，简洁整洁，设施完备，高性价比之选。	198	4731
1898	行政套房	行政套房，空间宽敞，配套齐全，尊享舒适入住体验。	728	4732
1898	大床房	大床房，配备舒适大床，温馨静谧，适合休闲度假。	477	4733
1899	标准间	标准间，简洁整洁，设施完备，高性价比之选。	252	4734
1899	大床房	大床房，配备舒适大床，温馨静谧，适合休闲度假。	305	4735
1900	大床房	大床房，配备舒适大床，温馨静谧，适合休闲度假。	327	4736
1900	标准间	标准间，简洁整洁，设施完备，高性价比之选。	198	4737
1900	行政套房	行政套房，空间宽敞，配套齐全，尊享舒适入住体验。	845	4738
1901	大床房	大床房，配备舒适大床，温馨静谧，适合休闲度假。	311	4739
1901	标准间	标准间，简洁整洁，设施完备，高性价比之选。	318	4740
1901	行政套房	行政套房，空间宽敞，配套齐全，尊享舒适入住体验。	735	4741
1902	大床房	大床房，配备舒适大床，温馨静谧，适合休闲度假。	369	4742
1902	标准间	标准间，简洁整洁，设施完备，高性价比之选。	315	4743
1903	标准间	标准间，简洁整洁，设施完备，高性价比之选。	187	4744
1903	行政套房	行政套房，空间宽敞，配套齐全，尊享舒适入住体验。	664	4745
1903	大床房	大床房，配备舒适大床，温馨静谧，适合休闲度假。	407	4746
1904	行政套房	行政套房，空间宽敞，配套齐全，尊享舒适入住体验。	568	4747
1904	大床房	大床房，配备舒适大床，温馨静谧，适合休闲度假。	420	4748
1904	标准间	标准间，简洁整洁，设施完备，高性价比之选。	247	4749
1905	行政套房	行政套房，空间宽敞，配套齐全，尊享舒适入住体验。	596	4750
1905	标准间	标准间，简洁整洁，设施完备，高性价比之选。	224	4751
1905	大床房	大床房，配备舒适大床，温馨静谧，适合休闲度假。	322	4752
1906	行政套房	行政套房，空间宽敞，配套齐全，尊享舒适入住体验。	858	4753
1906	标准间	标准间，简洁整洁，设施完备，高性价比之选。	195	4754
1906	大床房	大床房，配备舒适大床，温馨静谧，适合休闲度假。	264	4755
1907	标准间	标准间，简洁整洁，设施完备，高性价比之选。	221	4756
1907	大床房	大床房，配备舒适大床，温馨静谧，适合休闲度假。	356	4757
1908	标准间	标准间，简洁整洁，设施完备，高性价比之选。	184	4758
1908	行政套房	行政套房，空间宽敞，配套齐全，尊享舒适入住体验。	600	4759
1908	大床房	大床房，配备舒适大床，温馨静谧，适合休闲度假。	408	4760
1909	标准间	标准间，简洁整洁，设施完备，高性价比之选。	206	4761
1909	行政套房	行政套房，空间宽敞，配套齐全，尊享舒适入住体验。	586	4762
1910	大床房	大床房，配备舒适大床，温馨静谧，适合休闲度假。	451	4763
1910	行政套房	行政套房，空间宽敞，配套齐全，尊享舒适入住体验。	568	4764
1910	标准间	标准间，简洁整洁，设施完备，高性价比之选。	193	4765
1911	行政套房	行政套房，空间宽敞，配套齐全，尊享舒适入住体验。	839	4766
1911	大床房	大床房，配备舒适大床，温馨静谧，适合休闲度假。	326	4767
1911	标准间	标准间，简洁整洁，设施完备，高性价比之选。	236	4768
1912	大床房	大床房，配备舒适大床，温馨静谧，适合休闲度假。	405	4769
1912	行政套房	行政套房，空间宽敞，配套齐全，尊享舒适入住体验。	648	4770
1912	标准间	标准间，简洁整洁，设施完备，高性价比之选。	281	4771
1913	行政套房	行政套房，空间宽敞，配套齐全，尊享舒适入住体验。	710	4772
1913	标准间	标准间，简洁整洁，设施完备，高性价比之选。	229	4773
1914	标准间	标准间，简洁整洁，设施完备，高性价比之选。	272	4774
1914	行政套房	行政套房，空间宽敞，配套齐全，尊享舒适入住体验。	509	4775
1915	标准间	标准间，简洁整洁，设施完备，高性价比之选。	261	4776
1915	行政套房	行政套房，空间宽敞，配套齐全，尊享舒适入住体验。	516	4777
1916	标准间	标准间，简洁整洁，设施完备，高性价比之选。	214	4778
1916	大床房	大床房，配备舒适大床，温馨静谧，适合休闲度假。	474	4779
1917	行政套房	行政套房，空间宽敞，配套齐全，尊享舒适入住体验。	764	4780
1917	大床房	大床房，配备舒适大床，温馨静谧，适合休闲度假。	374	4781
1917	标准间	标准间，简洁整洁，设施完备，高性价比之选。	191	4782
1918	大床房	大床房，配备舒适大床，温馨静谧，适合休闲度假。	423	4783
1918	行政套房	行政套房，空间宽敞，配套齐全，尊享舒适入住体验。	777	4784
1919	标准间	标准间，简洁整洁，设施完备，高性价比之选。	291	4785
1919	行政套房	行政套房，空间宽敞，配套齐全，尊享舒适入住体验。	784	4786
1919	大床房	大床房，配备舒适大床，温馨静谧，适合休闲度假。	449	4787
1920	行政套房	行政套房，空间宽敞，配套齐全，尊享舒适入住体验。	607	4788
1920	大床房	大床房，配备舒适大床，温馨静谧，适合休闲度假。	346	4789
1920	标准间	标准间，简洁整洁，设施完备，高性价比之选。	258	4790
1921	行政套房	行政套房，空间宽敞，配套齐全，尊享舒适入住体验。	693	4791
1921	标准间	标准间，简洁整洁，设施完备，高性价比之选。	200	4792
1921	大床房	大床房，配备舒适大床，温馨静谧，适合休闲度假。	441	4793
1922	标准间	标准间，简洁整洁，设施完备，高性价比之选。	225	4794
1922	大床房	大床房，配备舒适大床，温馨静谧，适合休闲度假。	454	4795
1923	大床房	大床房，配备舒适大床，温馨静谧，适合休闲度假。	324	4796
1923	标准间	标准间，简洁整洁，设施完备，高性价比之选。	318	4797
1923	行政套房	行政套房，空间宽敞，配套齐全，尊享舒适入住体验。	828	4798
1924	大床房	大床房，配备舒适大床，温馨静谧，适合休闲度假。	408	4799
1924	标准间	标准间，简洁整洁，设施完备，高性价比之选。	208	4800
1924	行政套房	行政套房，空间宽敞，配套齐全，尊享舒适入住体验。	599	4801
1925	大床房	大床房，配备舒适大床，温馨静谧，适合休闲度假。	317	4802
1925	行政套房	行政套房，空间宽敞，配套齐全，尊享舒适入住体验。	497	4803
1925	标准间	标准间，简洁整洁，设施完备，高性价比之选。	180	4804
1926	行政套房	行政套房，空间宽敞，配套齐全，尊享舒适入住体验。	877	4805
1926	大床房	大床房，配备舒适大床，温馨静谧，适合休闲度假。	358	4806
1927	行政套房	行政套房，空间宽敞，配套齐全，尊享舒适入住体验。	672	4807
1927	大床房	大床房，配备舒适大床，温馨静谧，适合休闲度假。	349	4808
1928	标准间	标准间，简洁整洁，设施完备，高性价比之选。	213	4809
1928	大床房	大床房，配备舒适大床，温馨静谧，适合休闲度假。	364	4810
1928	行政套房	行政套房，空间宽敞，配套齐全，尊享舒适入住体验。	498	4811
1929	标准间	标准间，简洁整洁，设施完备，高性价比之选。	317	4812
1929	行政套房	行政套房，空间宽敞，配套齐全，尊享舒适入住体验。	731	4813
1930	行政套房	行政套房，空间宽敞，配套齐全，尊享舒适入住体验。	672	4814
1930	大床房	大床房，配备舒适大床，温馨静谧，适合休闲度假。	272	4815
1930	标准间	标准间，简洁整洁，设施完备，高性价比之选。	240	4816
1931	标准间	标准间，简洁整洁，设施完备，高性价比之选。	249	4817
1931	大床房	大床房，配备舒适大床，温馨静谧，适合休闲度假。	477	4818
1931	行政套房	行政套房，空间宽敞，配套齐全，尊享舒适入住体验。	606	4819
1932	行政套房	行政套房，空间宽敞，配套齐全，尊享舒适入住体验。	866	4820
1932	大床房	大床房，配备舒适大床，温馨静谧，适合休闲度假。	339	4821
1933	标准间	标准间，简洁整洁，设施完备，高性价比之选。	220	4822
1933	行政套房	行政套房，空间宽敞，配套齐全，尊享舒适入住体验。	501	4823
1933	大床房	大床房，配备舒适大床，温馨静谧，适合休闲度假。	448	4824
1934	标准间	标准间，简洁整洁，设施完备，高性价比之选。	216	4825
1934	大床房	大床房，配备舒适大床，温馨静谧，适合休闲度假。	355	4826
1935	行政套房	行政套房，空间宽敞，配套齐全，尊享舒适入住体验。	480	4827
1935	大床房	大床房，配备舒适大床，温馨静谧，适合休闲度假。	473	4828
1936	大床房	大床房，配备舒适大床，温馨静谧，适合休闲度假。	341	4829
1936	标准间	标准间，简洁整洁，设施完备，高性价比之选。	273	4830
1937	行政套房	行政套房，空间宽敞，配套齐全，尊享舒适入住体验。	592	4831
1937	大床房	大床房，配备舒适大床，温馨静谧，适合休闲度假。	450	4832
1938	行政套房	行政套房，空间宽敞，配套齐全，尊享舒适入住体验。	482	4833
1938	大床房	大床房，配备舒适大床，温馨静谧，适合休闲度假。	428	4834
1939	标准间	标准间，简洁整洁，设施完备，高性价比之选。	249	4835
1939	行政套房	行政套房，空间宽敞，配套齐全，尊享舒适入住体验。	561	4836
1939	大床房	大床房，配备舒适大床，温馨静谧，适合休闲度假。	457	4837
1940	标准间	标准间，简洁整洁，设施完备，高性价比之选。	276	4838
1940	行政套房	行政套房，空间宽敞，配套齐全，尊享舒适入住体验。	648	4839
1941	标准间	标准间，简洁整洁，设施完备，高性价比之选。	268	4840
1941	大床房	大床房，配备舒适大床，温馨静谧，适合休闲度假。	324	4841
1942	行政套房	行政套房，空间宽敞，配套齐全，尊享舒适入住体验。	518	4842
1942	大床房	大床房，配备舒适大床，温馨静谧，适合休闲度假。	277	4843
1942	标准间	标准间，简洁整洁，设施完备，高性价比之选。	299	4844
1943	行政套房	行政套房，空间宽敞，配套齐全，尊享舒适入住体验。	581	4845
1943	大床房	大床房，配备舒适大床，温馨静谧，适合休闲度假。	357	4846
1944	标准间	标准间，简洁整洁，设施完备，高性价比之选。	232	4847
1944	行政套房	行政套房，空间宽敞，配套齐全，尊享舒适入住体验。	485	4848
1944	大床房	大床房，配备舒适大床，温馨静谧，适合休闲度假。	459	4849
1945	行政套房	行政套房，空间宽敞，配套齐全，尊享舒适入住体验。	822	4850
1945	标准间	标准间，简洁整洁，设施完备，高性价比之选。	259	4851
1946	大床房	大床房，配备舒适大床，温馨静谧，适合休闲度假。	434	4852
1946	标准间	标准间，简洁整洁，设施完备，高性价比之选。	243	4853
1947	大床房	大床房，配备舒适大床，温馨静谧，适合休闲度假。	319	4854
1947	标准间	标准间，简洁整洁，设施完备，高性价比之选。	274	4855
1947	行政套房	行政套房，空间宽敞，配套齐全，尊享舒适入住体验。	507	4856
1948	标准间	标准间，简洁整洁，设施完备，高性价比之选。	295	4857
1948	行政套房	行政套房，空间宽敞，配套齐全，尊享舒适入住体验。	756	4858
1949	行政套房	行政套房，空间宽敞，配套齐全，尊享舒适入住体验。	500	4859
1949	标准间	标准间，简洁整洁，设施完备，高性价比之选。	184	4860
1949	大床房	大床房，配备舒适大床，温馨静谧，适合休闲度假。	416	4861
1950	大床房	大床房，配备舒适大床，温馨静谧，适合休闲度假。	427	4862
1950	标准间	标准间，简洁整洁，设施完备，高性价比之选。	300	4863
1951	行政套房	行政套房，空间宽敞，配套齐全，尊享舒适入住体验。	713	4864
1951	大床房	大床房，配备舒适大床，温馨静谧，适合休闲度假。	348	4865
1951	标准间	标准间，简洁整洁，设施完备，高性价比之选。	281	4866
1952	标准间	标准间，简洁整洁，设施完备，高性价比之选。	225	4867
1952	行政套房	行政套房，空间宽敞，配套齐全，尊享舒适入住体验。	824	4868
1952	大床房	大床房，配备舒适大床，温馨静谧，适合休闲度假。	467	4869
1953	标准间	标准间，简洁整洁，设施完备，高性价比之选。	259	4870
1953	行政套房	行政套房，空间宽敞，配套齐全，尊享舒适入住体验。	656	4871
1954	行政套房	行政套房，空间宽敞，配套齐全，尊享舒适入住体验。	493	4872
1954	大床房	大床房，配备舒适大床，温馨静谧，适合休闲度假。	280	4873
1955	标准间	标准间，简洁整洁，设施完备，高性价比之选。	295	4874
1955	行政套房	行政套房，空间宽敞，配套齐全，尊享舒适入住体验。	777	4875
1955	大床房	大床房，配备舒适大床，温馨静谧，适合休闲度假。	396	4876
1956	行政套房	行政套房，空间宽敞，配套齐全，尊享舒适入住体验。	509	4877
1956	大床房	大床房，配备舒适大床，温馨静谧，适合休闲度假。	448	4878
1956	标准间	标准间，简洁整洁，设施完备，高性价比之选。	273	4879
1957	行政套房	行政套房，空间宽敞，配套齐全，尊享舒适入住体验。	537	4880
1957	大床房	大床房，配备舒适大床，温馨静谧，适合休闲度假。	342	4881
1958	标准间	标准间，简洁整洁，设施完备，高性价比之选。	193	4882
1958	大床房	大床房，配备舒适大床，温馨静谧，适合休闲度假。	321	4883
1959	标准间	标准间，简洁整洁，设施完备，高性价比之选。	228	4884
1959	行政套房	行政套房，空间宽敞，配套齐全，尊享舒适入住体验。	815	4885
1959	大床房	大床房，配备舒适大床，温馨静谧，适合休闲度假。	328	4886
1960	行政套房	行政套房，空间宽敞，配套齐全，尊享舒适入住体验。	710	4887
1960	大床房	大床房，配备舒适大床，温馨静谧，适合休闲度假。	284	4888
1961	标准间	标准间，简洁整洁，设施完备，高性价比之选。	250	4889
1961	大床房	大床房，配备舒适大床，温馨静谧，适合休闲度假。	260	4890
1961	行政套房	行政套房，空间宽敞，配套齐全，尊享舒适入住体验。	826	4891
1962	行政套房	行政套房，空间宽敞，配套齐全，尊享舒适入住体验。	499	4892
1962	标准间	标准间，简洁整洁，设施完备，高性价比之选。	285	4893
1963	标准间	标准间，简洁整洁，设施完备，高性价比之选。	304	4894
1963	行政套房	行政套房，空间宽敞，配套齐全，尊享舒适入住体验。	665	4895
1964	大床房	大床房，配备舒适大床，温馨静谧，适合休闲度假。	464	4896
1964	标准间	标准间，简洁整洁，设施完备，高性价比之选。	233	4897
1965	大床房	大床房，配备舒适大床，温馨静谧，适合休闲度假。	333	4898
1965	标准间	标准间，简洁整洁，设施完备，高性价比之选。	211	4899
1966	大床房	大床房，配备舒适大床，温馨静谧，适合休闲度假。	478	4900
1966	行政套房	行政套房，空间宽敞，配套齐全，尊享舒适入住体验。	754	4901
1966	标准间	标准间，简洁整洁，设施完备，高性价比之选。	281	4902
1967	大床房	大床房，配备舒适大床，温馨静谧，适合休闲度假。	362	4903
1967	标准间	标准间，简洁整洁，设施完备，高性价比之选。	286	4904
1967	行政套房	行政套房，空间宽敞，配套齐全，尊享舒适入住体验。	615	4905
1968	大床房	大床房，配备舒适大床，温馨静谧，适合休闲度假。	335	4906
1968	标准间	标准间，简洁整洁，设施完备，高性价比之选。	252	4907
1969	大床房	大床房，配备舒适大床，温馨静谧，适合休闲度假。	302	4908
1969	标准间	标准间，简洁整洁，设施完备，高性价比之选。	238	4909
1970	大床房	大床房，配备舒适大床，温馨静谧，适合休闲度假。	288	4910
1970	行政套房	行政套房，空间宽敞，配套齐全，尊享舒适入住体验。	641	4911
1971	大床房	大床房，配备舒适大床，温馨静谧，适合休闲度假。	301	4912
1971	标准间	标准间，简洁整洁，设施完备，高性价比之选。	229	4913
1972	标准间	标准间，简洁整洁，设施完备，高性价比之选。	196	4914
1972	行政套房	行政套房，空间宽敞，配套齐全，尊享舒适入住体验。	600	4915
1972	大床房	大床房，配备舒适大床，温馨静谧，适合休闲度假。	348	4916
1973	标准间	标准间，简洁整洁，设施完备，高性价比之选。	249	4917
1973	行政套房	行政套房，空间宽敞，配套齐全，尊享舒适入住体验。	526	4918
1973	大床房	大床房，配备舒适大床，温馨静谧，适合休闲度假。	277	4919
1974	标准间	标准间，简洁整洁，设施完备，高性价比之选。	259	4920
1974	大床房	大床房，配备舒适大床，温馨静谧，适合休闲度假。	419	4921
1975	行政套房	行政套房，空间宽敞，配套齐全，尊享舒适入住体验。	621	4922
1975	大床房	大床房，配备舒适大床，温馨静谧，适合休闲度假。	336	4923
1976	行政套房	行政套房，空间宽敞，配套齐全，尊享舒适入住体验。	840	4924
1976	大床房	大床房，配备舒适大床，温馨静谧，适合休闲度假。	389	4925
1976	标准间	标准间，简洁整洁，设施完备，高性价比之选。	231	4926
1977	标准间	标准间，简洁整洁，设施完备，高性价比之选。	268	4927
1977	行政套房	行政套房，空间宽敞，配套齐全，尊享舒适入住体验。	529	4928
1978	行政套房	行政套房，空间宽敞，配套齐全，尊享舒适入住体验。	515	4929
1978	大床房	大床房，配备舒适大床，温馨静谧，适合休闲度假。	314	4930
1979	行政套房	行政套房，空间宽敞，配套齐全，尊享舒适入住体验。	803	4931
1979	标准间	标准间，简洁整洁，设施完备，高性价比之选。	302	4932
1979	大床房	大床房，配备舒适大床，温馨静谧，适合休闲度假。	407	4933
1980	标准间	标准间，简洁整洁，设施完备，高性价比之选。	228	4934
1980	行政套房	行政套房，空间宽敞，配套齐全，尊享舒适入住体验。	778	4935
1980	大床房	大床房，配备舒适大床，温馨静谧，适合休闲度假。	469	4936
1981	大床房	大床房，配备舒适大床，温馨静谧，适合休闲度假。	273	4937
1981	行政套房	行政套房，空间宽敞，配套齐全，尊享舒适入住体验。	737	4938
1982	大床房	大床房，配备舒适大床，温馨静谧，适合休闲度假。	448	4939
1982	标准间	标准间，简洁整洁，设施完备，高性价比之选。	198	4940
1982	行政套房	行政套房，空间宽敞，配套齐全，尊享舒适入住体验。	869	4941
1983	大床房	大床房，配备舒适大床，温馨静谧，适合休闲度假。	421	4942
1983	标准间	标准间，简洁整洁，设施完备，高性价比之选。	233	4943
1983	行政套房	行政套房，空间宽敞，配套齐全，尊享舒适入住体验。	564	4944
1984	行政套房	行政套房，空间宽敞，配套齐全，尊享舒适入住体验。	762	4945
1984	大床房	大床房，配备舒适大床，温馨静谧，适合休闲度假。	414	4946
1984	标准间	标准间，简洁整洁，设施完备，高性价比之选。	262	4947
1985	行政套房	行政套房，空间宽敞，配套齐全，尊享舒适入住体验。	562	4948
1985	大床房	大床房，配备舒适大床，温馨静谧，适合休闲度假。	387	4949
1986	行政套房	行政套房，空间宽敞，配套齐全，尊享舒适入住体验。	487	4950
1986	大床房	大床房，配备舒适大床，温馨静谧，适合休闲度假。	285	4951
1987	标准间	标准间，简洁整洁，设施完备，高性价比之选。	289	4952
1987	大床房	大床房，配备舒适大床，温馨静谧，适合休闲度假。	308	4953
1988	行政套房	行政套房，空间宽敞，配套齐全，尊享舒适入住体验。	488	4954
1988	大床房	大床房，配备舒适大床，温馨静谧，适合休闲度假。	274	4955
1989	行政套房	行政套房，空间宽敞，配套齐全，尊享舒适入住体验。	609	4956
1989	标准间	标准间，简洁整洁，设施完备，高性价比之选。	212	4957
1990	标准间	标准间，简洁整洁，设施完备，高性价比之选。	289	4958
1990	大床房	大床房，配备舒适大床，温馨静谧，适合休闲度假。	377	4959
1990	行政套房	行政套房，空间宽敞，配套齐全，尊享舒适入住体验。	710	4960
1991	标准间	标准间，简洁整洁，设施完备，高性价比之选。	271	4961
1991	行政套房	行政套房，空间宽敞，配套齐全，尊享舒适入住体验。	838	4962
1991	大床房	大床房，配备舒适大床，温馨静谧，适合休闲度假。	359	4963
1992	行政套房	行政套房，空间宽敞，配套齐全，尊享舒适入住体验。	546	4964
1992	标准间	标准间，简洁整洁，设施完备，高性价比之选。	301	4965
1992	大床房	大床房，配备舒适大床，温馨静谧，适合休闲度假。	316	4966
1993	行政套房	行政套房，空间宽敞，配套齐全，尊享舒适入住体验。	522	4967
1993	大床房	大床房，配备舒适大床，温馨静谧，适合休闲度假。	480	4968
1994	标准间	标准间，简洁整洁，设施完备，高性价比之选。	254	4969
1994	大床房	大床房，配备舒适大床，温馨静谧，适合休闲度假。	368	4970
1995	标准间	标准间，简洁整洁，设施完备，高性价比之选。	284	4971
1995	行政套房	行政套房，空间宽敞，配套齐全，尊享舒适入住体验。	826	4972
1995	大床房	大床房，配备舒适大床，温馨静谧，适合休闲度假。	281	4973
1996	大床房	大床房，配备舒适大床，温馨静谧，适合休闲度假。	322	4974
1996	行政套房	行政套房，空间宽敞，配套齐全，尊享舒适入住体验。	513	4975
1997	行政套房	行政套房，空间宽敞，配套齐全，尊享舒适入住体验。	786	4976
1997	标准间	标准间，简洁整洁，设施完备，高性价比之选。	282	4977
1997	大床房	大床房，配备舒适大床，温馨静谧，适合休闲度假。	317	4978
1998	行政套房	行政套房，空间宽敞，配套齐全，尊享舒适入住体验。	746	4979
1998	大床房	大床房，配备舒适大床，温馨静谧，适合休闲度假。	427	4980
1999	行政套房	行政套房，空间宽敞，配套齐全，尊享舒适入住体验。	737	4981
1999	大床房	大床房，配备舒适大床，温馨静谧，适合休闲度假。	282	4982
1999	标准间	标准间，简洁整洁，设施完备，高性价比之选。	269	4983
2000	行政套房	行政套房，空间宽敞，配套齐全，尊享舒适入住体验。	784	4984
2000	标准间	标准间，简洁整洁，设施完备，高性价比之选。	228	4985
2001	大床房	大床房，配备舒适大床，温馨静谧，适合休闲度假。	339	4986
2001	行政套房	行政套房，空间宽敞，配套齐全，尊享舒适入住体验。	865	4987
2001	标准间	标准间，简洁整洁，设施完备，高性价比之选。	301	4988
2002	行政套房	行政套房，空间宽敞，配套齐全，尊享舒适入住体验。	784	4989
2002	标准间	标准间，简洁整洁，设施完备，高性价比之选。	238	4990
2003	标准间	标准间，简洁整洁，设施完备，高性价比之选。	280	4991
2003	行政套房	行政套房，空间宽敞，配套齐全，尊享舒适入住体验。	635	4992
2003	大床房	大床房，配备舒适大床，温馨静谧，适合休闲度假。	350	4993
2004	标准间	标准间，简洁整洁，设施完备，高性价比之选。	248	4994
2004	行政套房	行政套房，空间宽敞，配套齐全，尊享舒适入住体验。	862	4995
2004	大床房	大床房，配备舒适大床，温馨静谧，适合休闲度假。	273	4996
2005	大床房	大床房，配备舒适大床，温馨静谧，适合休闲度假。	302	4997
2005	标准间	标准间，简洁整洁，设施完备，高性价比之选。	217	4998
2005	行政套房	行政套房，空间宽敞，配套齐全，尊享舒适入住体验。	811	4999
2006	标准间	标准间，简洁整洁，设施完备，高性价比之选。	210	5000
2006	大床房	大床房，配备舒适大床，温馨静谧，适合休闲度假。	422	5001
2007	标准间	标准间，简洁整洁，设施完备，高性价比之选。	221	5002
2007	大床房	大床房，配备舒适大床，温馨静谧，适合休闲度假。	261	5003
2008	大床房	大床房，配备舒适大床，温馨静谧，适合休闲度假。	276	5004
2008	标准间	标准间，简洁整洁，设施完备，高性价比之选。	200	5005
2008	行政套房	行政套房，空间宽敞，配套齐全，尊享舒适入住体验。	576	5006
2009	标准间	标准间，简洁整洁，设施完备，高性价比之选。	231	5007
2009	大床房	大床房，配备舒适大床，温馨静谧，适合休闲度假。	468	5008
2009	行政套房	行政套房，空间宽敞，配套齐全，尊享舒适入住体验。	763	5009
2010	行政套房	行政套房，空间宽敞，配套齐全，尊享舒适入住体验。	839	5010
2010	大床房	大床房，配备舒适大床，温馨静谧，适合休闲度假。	331	5011
2011	大床房	大床房，配备舒适大床，温馨静谧，适合休闲度假。	360	5012
2011	行政套房	行政套房，空间宽敞，配套齐全，尊享舒适入住体验。	558	5013
2012	标准间	标准间，简洁整洁，设施完备，高性价比之选。	210	5014
2012	大床房	大床房，配备舒适大床，温馨静谧，适合休闲度假。	432	5015
2012	行政套房	行政套房，空间宽敞，配套齐全，尊享舒适入住体验。	503	5016
2013	行政套房	行政套房，空间宽敞，配套齐全，尊享舒适入住体验。	637	5017
2013	大床房	大床房，配备舒适大床，温馨静谧，适合休闲度假。	327	5018
2013	标准间	标准间，简洁整洁，设施完备，高性价比之选。	238	5019
2014	大床房	大床房，配备舒适大床，温馨静谧，适合休闲度假。	330	5020
2014	标准间	标准间，简洁整洁，设施完备，高性价比之选。	209	5021
2014	行政套房	行政套房，空间宽敞，配套齐全，尊享舒适入住体验。	491	5022
2015	行政套房	行政套房，空间宽敞，配套齐全，尊享舒适入住体验。	482	5023
2015	标准间	标准间，简洁整洁，设施完备，高性价比之选。	309	5024
2015	大床房	大床房，配备舒适大床，温馨静谧，适合休闲度假。	308	5025
2016	大床房	大床房，配备舒适大床，温馨静谧，适合休闲度假。	383	5026
2016	标准间	标准间，简洁整洁，设施完备，高性价比之选。	214	5027
2016	行政套房	行政套房，空间宽敞，配套齐全，尊享舒适入住体验。	715	5028
2017	行政套房	行政套房，空间宽敞，配套齐全，尊享舒适入住体验。	522	5029
2017	标准间	标准间，简洁整洁，设施完备，高性价比之选。	217	5030
2017	大床房	大床房，配备舒适大床，温馨静谧，适合休闲度假。	449	5031
2018	大床房	大床房，配备舒适大床，温馨静谧，适合休闲度假。	374	5032
2018	标准间	标准间，简洁整洁，设施完备，高性价比之选。	266	5033
2019	大床房	大床房，配备舒适大床，温馨静谧，适合休闲度假。	326	5034
2019	标准间	标准间，简洁整洁，设施完备，高性价比之选。	270	5035
2020	行政套房	行政套房，空间宽敞，配套齐全，尊享舒适入住体验。	570	5036
2020	大床房	大床房，配备舒适大床，温馨静谧，适合休闲度假。	345	5037
2021	行政套房	行政套房，空间宽敞，配套齐全，尊享舒适入住体验。	492	5038
2021	大床房	大床房，配备舒适大床，温馨静谧，适合休闲度假。	388	5039
2021	标准间	标准间，简洁整洁，设施完备，高性价比之选。	184	5040
2022	标准间	标准间，简洁整洁，设施完备，高性价比之选。	226	5041
2022	行政套房	行政套房，空间宽敞，配套齐全，尊享舒适入住体验。	511	5042
2023	行政套房	行政套房，空间宽敞，配套齐全，尊享舒适入住体验。	678	5043
2023	大床房	大床房，配备舒适大床，温馨静谧，适合休闲度假。	300	5044
2023	标准间	标准间，简洁整洁，设施完备，高性价比之选。	295	5045
2024	行政套房	行政套房，空间宽敞，配套齐全，尊享舒适入住体验。	500	5046
2024	大床房	大床房，配备舒适大床，温馨静谧，适合休闲度假。	375	5047
2024	标准间	标准间，简洁整洁，设施完备，高性价比之选。	231	5048
2025	大床房	大床房，配备舒适大床，温馨静谧，适合休闲度假。	300	5049
2025	标准间	标准间，简洁整洁，设施完备，高性价比之选。	300	5050
2026	大床房	大床房，配备舒适大床，温馨静谧，适合休闲度假。	470	5051
2026	行政套房	行政套房，空间宽敞，配套齐全，尊享舒适入住体验。	698	5052
2027	行政套房	行政套房，空间宽敞，配套齐全，尊享舒适入住体验。	872	5053
2027	大床房	大床房，配备舒适大床，温馨静谧，适合休闲度假。	440	5054
2027	标准间	标准间，简洁整洁，设施完备，高性价比之选。	304	5055
2028	行政套房	行政套房，空间宽敞，配套齐全，尊享舒适入住体验。	749	5056
2028	大床房	大床房，配备舒适大床，温馨静谧，适合休闲度假。	318	5057
2028	标准间	标准间，简洁整洁，设施完备，高性价比之选。	236	5058
2029	行政套房	行政套房，空间宽敞，配套齐全，尊享舒适入住体验。	779	5059
2029	大床房	大床房，配备舒适大床，温馨静谧，适合休闲度假。	283	5060
2029	标准间	标准间，简洁整洁，设施完备，高性价比之选。	319	5061
2030	大床房	大床房，配备舒适大床，温馨静谧，适合休闲度假。	351	5062
2030	行政套房	行政套房，空间宽敞，配套齐全，尊享舒适入住体验。	603	5063
2030	标准间	标准间，简洁整洁，设施完备，高性价比之选。	253	5064
2031	大床房	大床房，配备舒适大床，温馨静谧，适合休闲度假。	441	5065
2031	标准间	标准间，简洁整洁，设施完备，高性价比之选。	279	5066
2032	标准间	标准间，简洁整洁，设施完备，高性价比之选。	239	5067
2032	行政套房	行政套房，空间宽敞，配套齐全，尊享舒适入住体验。	580	5068
2033	标准间	标准间，简洁整洁，设施完备，高性价比之选。	286	5069
2033	大床房	大床房，配备舒适大床，温馨静谧，适合休闲度假。	271	5070
2034	大床房	大床房，配备舒适大床，温馨静谧，适合休闲度假。	395	5071
2034	标准间	标准间，简洁整洁，设施完备，高性价比之选。	290	5072
2034	行政套房	行政套房，空间宽敞，配套齐全，尊享舒适入住体验。	591	5073
2035	标准间	标准间，简洁整洁，设施完备，高性价比之选。	296	5074
2035	大床房	大床房，配备舒适大床，温馨静谧，适合休闲度假。	450	5075
2036	标准间	标准间，简洁整洁，设施完备，高性价比之选。	236	5076
2036	行政套房	行政套房，空间宽敞，配套齐全，尊享舒适入住体验。	831	5077
2036	大床房	大床房，配备舒适大床，温馨静谧，适合休闲度假。	448	5078
2037	行政套房	行政套房，空间宽敞，配套齐全，尊享舒适入住体验。	795	5079
2037	标准间	标准间，简洁整洁，设施完备，高性价比之选。	318	5080
2038	标准间	标准间，简洁整洁，设施完备，高性价比之选。	247	5081
2038	大床房	大床房，配备舒适大床，温馨静谧，适合休闲度假。	448	5082
2038	行政套房	行政套房，空间宽敞，配套齐全，尊享舒适入住体验。	647	5083
2039	标准间	标准间，简洁整洁，设施完备，高性价比之选。	226	5084
2039	行政套房	行政套房，空间宽敞，配套齐全，尊享舒适入住体验。	509	5085
2039	大床房	大床房，配备舒适大床，温馨静谧，适合休闲度假。	445	5086
2040	行政套房	行政套房，空间宽敞，配套齐全，尊享舒适入住体验。	713	5087
2040	大床房	大床房，配备舒适大床，温馨静谧，适合休闲度假。	346	5088
2040	标准间	标准间，简洁整洁，设施完备，高性价比之选。	285	5089
2041	标准间	标准间，简洁整洁，设施完备，高性价比之选。	219	5090
2041	大床房	大床房，配备舒适大床，温馨静谧，适合休闲度假。	454	5091
2042	行政套房	行政套房，空间宽敞，配套齐全，尊享舒适入住体验。	498	5092
2042	大床房	大床房，配备舒适大床，温馨静谧，适合休闲度假。	417	5093
2043	大床房	大床房，配备舒适大床，温馨静谧，适合休闲度假。	457	5094
2043	标准间	标准间，简洁整洁，设施完备，高性价比之选。	228	5095
2044	行政套房	行政套房，空间宽敞，配套齐全，尊享舒适入住体验。	689	5096
2044	大床房	大床房，配备舒适大床，温馨静谧，适合休闲度假。	472	5097
2045	行政套房	行政套房，空间宽敞，配套齐全，尊享舒适入住体验。	696	5098
2045	标准间	标准间，简洁整洁，设施完备，高性价比之选。	194	5099
2045	大床房	大床房，配备舒适大床，温馨静谧，适合休闲度假。	475	5100
2046	标准间	标准间，简洁整洁，设施完备，高性价比之选。	311	5101
2046	大床房	大床房，配备舒适大床，温馨静谧，适合休闲度假。	337	5102
2047	大床房	大床房，配备舒适大床，温馨静谧，适合休闲度假。	278	5103
2047	标准间	标准间，简洁整洁，设施完备，高性价比之选。	192	5104
2047	行政套房	行政套房，空间宽敞，配套齐全，尊享舒适入住体验。	742	5105
2048	大床房	大床房，配备舒适大床，温馨静谧，适合休闲度假。	467	5106
2048	标准间	标准间，简洁整洁，设施完备，高性价比之选。	265	5107
2048	行政套房	行政套房，空间宽敞，配套齐全，尊享舒适入住体验。	814	5108
2049	标准间	标准间，简洁整洁，设施完备，高性价比之选。	265	5109
2049	行政套房	行政套房，空间宽敞，配套齐全，尊享舒适入住体验。	843	5110
2050	标准间	标准间，简洁整洁，设施完备，高性价比之选。	276	5111
2050	大床房	大床房，配备舒适大床，温馨静谧，适合休闲度假。	305	5112
2050	行政套房	行政套房，空间宽敞，配套齐全，尊享舒适入住体验。	783	5113
2051	大床房	大床房，配备舒适大床，温馨静谧，适合休闲度假。	391	5114
2051	行政套房	行政套房，空间宽敞，配套齐全，尊享舒适入住体验。	497	5115
2052	大床房	大床房，配备舒适大床，温馨静谧，适合休闲度假。	433	5116
2052	行政套房	行政套房，空间宽敞，配套齐全，尊享舒适入住体验。	598	5117
2052	标准间	标准间，简洁整洁，设施完备，高性价比之选。	302	5118
2053	标准间	标准间，简洁整洁，设施完备，高性价比之选。	284	5119
2053	大床房	大床房，配备舒适大床，温馨静谧，适合休闲度假。	406	5120
2054	标准间	标准间，简洁整洁，设施完备，高性价比之选。	254	5121
2054	大床房	大床房，配备舒适大床，温馨静谧，适合休闲度假。	465	5122
2054	行政套房	行政套房，空间宽敞，配套齐全，尊享舒适入住体验。	613	5123
2055	标准间	标准间，简洁整洁，设施完备，高性价比之选。	183	5124
2055	大床房	大床房，配备舒适大床，温馨静谧，适合休闲度假。	426	5125
2056	行政套房	行政套房，空间宽敞，配套齐全，尊享舒适入住体验。	838	5126
2056	标准间	标准间，简洁整洁，设施完备，高性价比之选。	274	5127
2056	大床房	大床房，配备舒适大床，温馨静谧，适合休闲度假。	455	5128
2057	标准间	标准间，简洁整洁，设施完备，高性价比之选。	180	5129
2057	大床房	大床房，配备舒适大床，温馨静谧，适合休闲度假。	316	5130
2058	标准间	标准间，简洁整洁，设施完备，高性价比之选。	187	5131
2058	大床房	大床房，配备舒适大床，温馨静谧，适合休闲度假。	475	5132
2059	行政套房	行政套房，空间宽敞，配套齐全，尊享舒适入住体验。	828	5133
2059	大床房	大床房，配备舒适大床，温馨静谧，适合休闲度假。	294	5134
2060	行政套房	行政套房，空间宽敞，配套齐全，尊享舒适入住体验。	611	5135
2060	标准间	标准间，简洁整洁，设施完备，高性价比之选。	244	5136
2060	大床房	大床房，配备舒适大床，温馨静谧，适合休闲度假。	272	5137
2061	大床房	大床房，配备舒适大床，温馨静谧，适合休闲度假。	355	5138
2061	行政套房	行政套房，空间宽敞，配套齐全，尊享舒适入住体验。	770	5139
2062	大床房	大床房，配备舒适大床，温馨静谧，适合休闲度假。	269	5140
2062	行政套房	行政套房，空间宽敞，配套齐全，尊享舒适入住体验。	691	5141
2062	标准间	标准间，简洁整洁，设施完备，高性价比之选。	312	5142
2063	行政套房	行政套房，空间宽敞，配套齐全，尊享舒适入住体验。	697	5143
2063	大床房	大床房，配备舒适大床，温馨静谧，适合休闲度假。	454	5144
2063	标准间	标准间，简洁整洁，设施完备，高性价比之选。	281	5145
2064	标准间	标准间，简洁整洁，设施完备，高性价比之选。	282	5146
2064	大床房	大床房，配备舒适大床，温馨静谧，适合休闲度假。	349	5147
2064	行政套房	行政套房，空间宽敞，配套齐全，尊享舒适入住体验。	550	5148
2065	行政套房	行政套房，空间宽敞，配套齐全，尊享舒适入住体验。	659	5149
2065	标准间	标准间，简洁整洁，设施完备，高性价比之选。	219	5150
2065	大床房	大床房，配备舒适大床，温馨静谧，适合休闲度假。	386	5151
2066	大床房	大床房，配备舒适大床，温馨静谧，适合休闲度假。	294	5152
2066	标准间	标准间，简洁整洁，设施完备，高性价比之选。	282	5153
2067	标准间	标准间，简洁整洁，设施完备，高性价比之选。	304	5154
2067	行政套房	行政套房，空间宽敞，配套齐全，尊享舒适入住体验。	570	5155
2068	行政套房	行政套房，空间宽敞，配套齐全，尊享舒适入住体验。	539	5156
2068	大床房	大床房，配备舒适大床，温馨静谧，适合休闲度假。	342	5157
2069	大床房	大床房，配备舒适大床，温馨静谧，适合休闲度假。	399	5158
2069	标准间	标准间，简洁整洁，设施完备，高性价比之选。	319	5159
2070	大床房	大床房，配备舒适大床，温馨静谧，适合休闲度假。	408	5160
2070	行政套房	行政套房，空间宽敞，配套齐全，尊享舒适入住体验。	626	5161
2070	标准间	标准间，简洁整洁，设施完备，高性价比之选。	263	5162
2071	大床房	大床房，配备舒适大床，温馨静谧，适合休闲度假。	476	5163
2071	行政套房	行政套房，空间宽敞，配套齐全，尊享舒适入住体验。	766	5164
2071	标准间	标准间，简洁整洁，设施完备，高性价比之选。	297	5165
2072	标准间	标准间，简洁整洁，设施完备，高性价比之选。	252	5166
2072	大床房	大床房，配备舒适大床，温馨静谧，适合休闲度假。	358	5167
2073	标准间	标准间，简洁整洁，设施完备，高性价比之选。	223	5168
2073	行政套房	行政套房，空间宽敞，配套齐全，尊享舒适入住体验。	681	5169
2073	大床房	大床房，配备舒适大床，温馨静谧，适合休闲度假。	448	5170
2074	大床房	大床房，配备舒适大床，温馨静谧，适合休闲度假。	275	5171
2074	行政套房	行政套房，空间宽敞，配套齐全，尊享舒适入住体验。	678	5172
2074	标准间	标准间，简洁整洁，设施完备，高性价比之选。	189	5173
2075	标准间	标准间，简洁整洁，设施完备，高性价比之选。	298	5174
2075	行政套房	行政套房，空间宽敞，配套齐全，尊享舒适入住体验。	622	5175
2075	大床房	大床房，配备舒适大床，温馨静谧，适合休闲度假。	367	5176
2076	标准间	标准间，简洁整洁，设施完备，高性价比之选。	274	5177
2076	大床房	大床房，配备舒适大床，温馨静谧，适合休闲度假。	363	5178
2076	行政套房	行政套房，空间宽敞，配套齐全，尊享舒适入住体验。	499	5179
2077	行政套房	行政套房，空间宽敞，配套齐全，尊享舒适入住体验。	613	5180
2077	标准间	标准间，简洁整洁，设施完备，高性价比之选。	242	5181
2078	标准间	标准间，简洁整洁，设施完备，高性价比之选。	242	5182
2078	行政套房	行政套房，空间宽敞，配套齐全，尊享舒适入住体验。	611	5183
2079	标准间	标准间，简洁整洁，设施完备，高性价比之选。	205	5184
2079	行政套房	行政套房，空间宽敞，配套齐全，尊享舒适入住体验。	797	5185
2079	大床房	大床房，配备舒适大床，温馨静谧，适合休闲度假。	264	5186
2080	行政套房	行政套房，空间宽敞，配套齐全，尊享舒适入住体验。	816	5187
2080	标准间	标准间，简洁整洁，设施完备，高性价比之选。	248	5188
2080	大床房	大床房，配备舒适大床，温馨静谧，适合休闲度假。	428	5189
2081	标准间	标准间，简洁整洁，设施完备，高性价比之选。	252	5190
2081	行政套房	行政套房，空间宽敞，配套齐全，尊享舒适入住体验。	676	5191
2082	标准间	标准间，简洁整洁，设施完备，高性价比之选。	202	5192
2082	行政套房	行政套房，空间宽敞，配套齐全，尊享舒适入住体验。	766	5193
2082	大床房	大床房，配备舒适大床，温馨静谧，适合休闲度假。	281	5194
2083	标准间	标准间，简洁整洁，设施完备，高性价比之选。	294	5195
2083	行政套房	行政套房，空间宽敞，配套齐全，尊享舒适入住体验。	589	5196
2083	大床房	大床房，配备舒适大床，温馨静谧，适合休闲度假。	351	5197
2084	标准间	标准间，简洁整洁，设施完备，高性价比之选。	195	5198
2084	行政套房	行政套房，空间宽敞，配套齐全，尊享舒适入住体验。	496	5199
2085	标准间	标准间，简洁整洁，设施完备，高性价比之选。	202	5200
2085	行政套房	行政套房，空间宽敞，配套齐全，尊享舒适入住体验。	700	5201
2085	大床房	大床房，配备舒适大床，温馨静谧，适合休闲度假。	296	5202
2086	行政套房	行政套房，空间宽敞，配套齐全，尊享舒适入住体验。	730	5203
2086	大床房	大床房，配备舒适大床，温馨静谧，适合休闲度假。	440	5204
2087	行政套房	行政套房，空间宽敞，配套齐全，尊享舒适入住体验。	783	5205
2087	大床房	大床房，配备舒适大床，温馨静谧，适合休闲度假。	460	5206
2088	大床房	大床房，配备舒适大床，温馨静谧，适合休闲度假。	369	5207
2088	行政套房	行政套房，空间宽敞，配套齐全，尊享舒适入住体验。	754	5208
2089	标准间	标准间，简洁整洁，设施完备，高性价比之选。	280	5209
2089	大床房	大床房，配备舒适大床，温馨静谧，适合休闲度假。	391	5210
2089	行政套房	行政套房，空间宽敞，配套齐全，尊享舒适入住体验。	520	5211
2090	行政套房	行政套房，空间宽敞，配套齐全，尊享舒适入住体验。	769	5212
2090	标准间	标准间，简洁整洁，设施完备，高性价比之选。	243	5213
2091	标准间	标准间，简洁整洁，设施完备，高性价比之选。	279	5214
2091	行政套房	行政套房，空间宽敞，配套齐全，尊享舒适入住体验。	522	5215
2091	大床房	大床房，配备舒适大床，温馨静谧，适合休闲度假。	274	5216
2092	标准间	标准间，简洁整洁，设施完备，高性价比之选。	189	5217
2092	行政套房	行政套房，空间宽敞，配套齐全，尊享舒适入住体验。	536	5218
2093	行政套房	行政套房，空间宽敞，配套齐全，尊享舒适入住体验。	786	5219
2093	标准间	标准间，简洁整洁，设施完备，高性价比之选。	253	5220
2094	行政套房	行政套房，空间宽敞，配套齐全，尊享舒适入住体验。	622	5221
2094	大床房	大床房，配备舒适大床，温馨静谧，适合休闲度假。	454	5222
2094	标准间	标准间，简洁整洁，设施完备，高性价比之选。	192	5223
2095	大床房	大床房，配备舒适大床，温馨静谧，适合休闲度假。	318	5224
2095	标准间	标准间，简洁整洁，设施完备，高性价比之选。	261	5225
2096	标准间	标准间，简洁整洁，设施完备，高性价比之选。	286	5226
2096	行政套房	行政套房，空间宽敞，配套齐全，尊享舒适入住体验。	600	5227
2097	标准间	标准间，简洁整洁，设施完备，高性价比之选。	226	5228
2097	行政套房	行政套房，空间宽敞，配套齐全，尊享舒适入住体验。	736	5229
2097	大床房	大床房，配备舒适大床，温馨静谧，适合休闲度假。	334	5230
2098	行政套房	行政套房，空间宽敞，配套齐全，尊享舒适入住体验。	811	5231
2098	大床房	大床房，配备舒适大床，温馨静谧，适合休闲度假。	415	5232
2098	标准间	标准间，简洁整洁，设施完备，高性价比之选。	272	5233
2099	行政套房	行政套房，空间宽敞，配套齐全，尊享舒适入住体验。	836	5234
2099	大床房	大床房，配备舒适大床，温馨静谧，适合休闲度假。	412	5235
2100	标准间	标准间，简洁整洁，设施完备，高性价比之选。	277	5236
2100	大床房	大床房，配备舒适大床，温馨静谧，适合休闲度假。	341	5237
2100	行政套房	行政套房，空间宽敞，配套齐全，尊享舒适入住体验。	704	5238
2101	大床房	大床房，配备舒适大床，温馨静谧，适合休闲度假。	273	5239
2101	行政套房	行政套房，空间宽敞，配套齐全，尊享舒适入住体验。	858	5240
2102	标准间	标准间，简洁整洁，设施完备，高性价比之选。	307	5241
2102	大床房	大床房，配备舒适大床，温馨静谧，适合休闲度假。	393	5242
2103	大床房	大床房，配备舒适大床，温馨静谧，适合休闲度假。	305	5243
2103	标准间	标准间，简洁整洁，设施完备，高性价比之选。	183	5244
2104	标准间	标准间，简洁整洁，设施完备，高性价比之选。	198	5245
2104	大床房	大床房，配备舒适大床，温馨静谧，适合休闲度假。	335	5246
2104	行政套房	行政套房，空间宽敞，配套齐全，尊享舒适入住体验。	542	5247
2105	行政套房	行政套房，空间宽敞，配套齐全，尊享舒适入住体验。	719	5248
2105	标准间	标准间，简洁整洁，设施完备，高性价比之选。	256	5249
2105	大床房	大床房，配备舒适大床，温馨静谧，适合休闲度假。	473	5250
2106	大床房	大床房，配备舒适大床，温馨静谧，适合休闲度假。	367	5251
2106	行政套房	行政套房，空间宽敞，配套齐全，尊享舒适入住体验。	685	5252
2106	标准间	标准间，简洁整洁，设施完备，高性价比之选。	237	5253
2107	行政套房	行政套房，空间宽敞，配套齐全，尊享舒适入住体验。	762	5254
2107	大床房	大床房，配备舒适大床，温馨静谧，适合休闲度假。	460	5255
2107	标准间	标准间，简洁整洁，设施完备，高性价比之选。	247	5256
2108	大床房	大床房，配备舒适大床，温馨静谧，适合休闲度假。	288	5257
2108	标准间	标准间，简洁整洁，设施完备，高性价比之选。	298	5258
2109	大床房	大床房，配备舒适大床，温馨静谧，适合休闲度假。	430	5259
2109	行政套房	行政套房，空间宽敞，配套齐全，尊享舒适入住体验。	567	5260
2110	大床房	大床房，配备舒适大床，温馨静谧，适合休闲度假。	384	5261
2110	行政套房	行政套房，空间宽敞，配套齐全，尊享舒适入住体验。	626	5262
2110	标准间	标准间，简洁整洁，设施完备，高性价比之选。	224	5263
2111	大床房	大床房，配备舒适大床，温馨静谧，适合休闲度假。	419	5264
2111	标准间	标准间，简洁整洁，设施完备，高性价比之选。	209	5265
2112	行政套房	行政套房，空间宽敞，配套齐全，尊享舒适入住体验。	641	5266
2112	大床房	大床房，配备舒适大床，温馨静谧，适合休闲度假。	356	5267
2112	标准间	标准间，简洁整洁，设施完备，高性价比之选。	307	5268
2113	行政套房	行政套房，空间宽敞，配套齐全，尊享舒适入住体验。	828	5269
2113	大床房	大床房，配备舒适大床，温馨静谧，适合休闲度假。	356	5270
2114	大床房	大床房，配备舒适大床，温馨静谧，适合休闲度假。	338	5271
2114	行政套房	行政套房，空间宽敞，配套齐全，尊享舒适入住体验。	723	5272
2115	大床房	大床房，配备舒适大床，温馨静谧，适合休闲度假。	352	5273
2115	标准间	标准间，简洁整洁，设施完备，高性价比之选。	273	5274
2115	行政套房	行政套房，空间宽敞，配套齐全，尊享舒适入住体验。	598	5275
2116	行政套房	行政套房，空间宽敞，配套齐全，尊享舒适入住体验。	488	5276
2116	标准间	标准间，简洁整洁，设施完备，高性价比之选。	223	5277
2116	大床房	大床房，配备舒适大床，温馨静谧，适合休闲度假。	308	5278
2117	标准间	标准间，简洁整洁，设施完备，高性价比之选。	260	5279
2117	大床房	大床房，配备舒适大床，温馨静谧，适合休闲度假。	269	5280
2117	行政套房	行政套房，空间宽敞，配套齐全，尊享舒适入住体验。	772	5281
2118	行政套房	行政套房，空间宽敞，配套齐全，尊享舒适入住体验。	566	5282
2118	标准间	标准间，简洁整洁，设施完备，高性价比之选。	244	5283
2119	行政套房	行政套房，空间宽敞，配套齐全，尊享舒适入住体验。	499	5284
2119	标准间	标准间，简洁整洁，设施完备，高性价比之选。	226	5285
2119	大床房	大床房，配备舒适大床，温馨静谧，适合休闲度假。	284	5286
2120	标准间	标准间，简洁整洁，设施完备，高性价比之选。	280	5287
2120	行政套房	行政套房，空间宽敞，配套齐全，尊享舒适入住体验。	599	5288
2121	标准间	标准间，简洁整洁，设施完备，高性价比之选。	317	5289
2121	大床房	大床房，配备舒适大床，温馨静谧，适合休闲度假。	319	5290
2122	行政套房	行政套房，空间宽敞，配套齐全，尊享舒适入住体验。	794	5291
2122	大床房	大床房，配备舒适大床，温馨静谧，适合休闲度假。	450	5292
2123	标准间	标准间，简洁整洁，设施完备，高性价比之选。	262	5293
2123	大床房	大床房，配备舒适大床，温馨静谧，适合休闲度假。	328	5294
2124	标准间	标准间，简洁整洁，设施完备，高性价比之选。	222	5295
2124	行政套房	行政套房，空间宽敞，配套齐全，尊享舒适入住体验。	781	5296
2125	行政套房	行政套房，空间宽敞，配套齐全，尊享舒适入住体验。	787	5297
2125	标准间	标准间，简洁整洁，设施完备，高性价比之选。	250	5298
2125	大床房	大床房，配备舒适大床，温馨静谧，适合休闲度假。	469	5299
2126	大床房	大床房，配备舒适大床，温馨静谧，适合休闲度假。	427	5300
2126	行政套房	行政套房，空间宽敞，配套齐全，尊享舒适入住体验。	486	5301
2126	标准间	标准间，简洁整洁，设施完备，高性价比之选。	181	5302
2127	行政套房	行政套房，空间宽敞，配套齐全，尊享舒适入住体验。	682	5303
2127	大床房	大床房，配备舒适大床，温馨静谧，适合休闲度假。	432	5304
2127	标准间	标准间，简洁整洁，设施完备，高性价比之选。	187	5305
2128	大床房	大床房，配备舒适大床，温馨静谧，适合休闲度假。	350	5306
2128	行政套房	行政套房，空间宽敞，配套齐全，尊享舒适入住体验。	685	5307
2128	标准间	标准间，简洁整洁，设施完备，高性价比之选。	244	5308
2129	标准间	标准间，简洁整洁，设施完备，高性价比之选。	319	5309
2129	大床房	大床房，配备舒适大床，温馨静谧，适合休闲度假。	457	5310
2129	行政套房	行政套房，空间宽敞，配套齐全，尊享舒适入住体验。	515	5311
2130	行政套房	行政套房，空间宽敞，配套齐全，尊享舒适入住体验。	533	5312
2130	标准间	标准间，简洁整洁，设施完备，高性价比之选。	191	5313
2130	大床房	大床房，配备舒适大床，温馨静谧，适合休闲度假。	336	5314
2131	行政套房	行政套房，空间宽敞，配套齐全，尊享舒适入住体验。	864	5315
2131	大床房	大床房，配备舒适大床，温馨静谧，适合休闲度假。	383	5316
2132	大床房	大床房，配备舒适大床，温馨静谧，适合休闲度假。	428	5317
2132	行政套房	行政套房，空间宽敞，配套齐全，尊享舒适入住体验。	809	5318
2132	标准间	标准间，简洁整洁，设施完备，高性价比之选。	259	5319
2133	行政套房	行政套房，空间宽敞，配套齐全，尊享舒适入住体验。	823	5320
2133	大床房	大床房，配备舒适大床，温馨静谧，适合休闲度假。	368	5321
2133	标准间	标准间，简洁整洁，设施完备，高性价比之选。	313	5322
2134	标准间	标准间，简洁整洁，设施完备，高性价比之选。	213	5323
2134	大床房	大床房，配备舒适大床，温馨静谧，适合休闲度假。	393	5324
2134	行政套房	行政套房，空间宽敞，配套齐全，尊享舒适入住体验。	767	5325
2135	大床房	大床房，配备舒适大床，温馨静谧，适合休闲度假。	327	5326
2135	标准间	标准间，简洁整洁，设施完备，高性价比之选。	216	5327
2136	行政套房	行政套房，空间宽敞，配套齐全，尊享舒适入住体验。	614	5328
2136	标准间	标准间，简洁整洁，设施完备，高性价比之选。	211	5329
2137	标准间	标准间，简洁整洁，设施完备，高性价比之选。	216	5330
2137	大床房	大床房，配备舒适大床，温馨静谧，适合休闲度假。	348	5331
2137	行政套房	行政套房，空间宽敞，配套齐全，尊享舒适入住体验。	819	5332
2138	行政套房	行政套房，空间宽敞，配套齐全，尊享舒适入住体验。	879	5333
2138	大床房	大床房，配备舒适大床，温馨静谧，适合休闲度假。	276	5334
2139	大床房	大床房，配备舒适大床，温馨静谧，适合休闲度假。	335	5335
2139	标准间	标准间，简洁整洁，设施完备，高性价比之选。	267	5336
2140	大床房	大床房，配备舒适大床，温馨静谧，适合休闲度假。	365	5337
2140	标准间	标准间，简洁整洁，设施完备，高性价比之选。	230	5338
2141	大床房	大床房，配备舒适大床，温馨静谧，适合休闲度假。	424	5339
2141	标准间	标准间，简洁整洁，设施完备，高性价比之选。	287	5340
2142	大床房	大床房，配备舒适大床，温馨静谧，适合休闲度假。	478	5341
2142	标准间	标准间，简洁整洁，设施完备，高性价比之选。	193	5342
2143	大床房	大床房，配备舒适大床，温馨静谧，适合休闲度假。	458	5343
2143	标准间	标准间，简洁整洁，设施完备，高性价比之选。	298	5344
2143	行政套房	行政套房，空间宽敞，配套齐全，尊享舒适入住体验。	880	5345
2144	行政套房	行政套房，空间宽敞，配套齐全，尊享舒适入住体验。	598	5346
2144	大床房	大床房，配备舒适大床，温馨静谧，适合休闲度假。	353	5347
2145	大床房	大床房，配备舒适大床，温馨静谧，适合休闲度假。	460	5348
2145	行政套房	行政套房，空间宽敞，配套齐全，尊享舒适入住体验。	866	5349
2146	行政套房	行政套房，空间宽敞，配套齐全，尊享舒适入住体验。	855	5350
2146	大床房	大床房，配备舒适大床，温馨静谧，适合休闲度假。	349	5351
2147	行政套房	行政套房，空间宽敞，配套齐全，尊享舒适入住体验。	768	5352
2147	标准间	标准间，简洁整洁，设施完备，高性价比之选。	301	5353
2147	大床房	大床房，配备舒适大床，温馨静谧，适合休闲度假。	454	5354
2148	大床房	大床房，配备舒适大床，温馨静谧，适合休闲度假。	462	5355
2148	标准间	标准间，简洁整洁，设施完备，高性价比之选。	274	5356
2148	行政套房	行政套房，空间宽敞，配套齐全，尊享舒适入住体验。	571	5357
2149	大床房	大床房，配备舒适大床，温馨静谧，适合休闲度假。	346	5358
2149	行政套房	行政套房，空间宽敞，配套齐全，尊享舒适入住体验。	554	5359
2149	标准间	标准间，简洁整洁，设施完备，高性价比之选。	204	5360
2150	行政套房	行政套房，空间宽敞，配套齐全，尊享舒适入住体验。	845	5361
2150	大床房	大床房，配备舒适大床，温馨静谧，适合休闲度假。	271	5362
2150	标准间	标准间，简洁整洁，设施完备，高性价比之选。	252	5363
2151	行政套房	行政套房，空间宽敞，配套齐全，尊享舒适入住体验。	748	5364
2151	大床房	大床房，配备舒适大床，温馨静谧，适合休闲度假。	365	5365
2151	标准间	标准间，简洁整洁，设施完备，高性价比之选。	308	5366
2152	大床房	大床房，配备舒适大床，温馨静谧，适合休闲度假。	450	5367
2152	行政套房	行政套房，空间宽敞，配套齐全，尊享舒适入住体验。	769	5368
2152	标准间	标准间，简洁整洁，设施完备，高性价比之选。	251	5369
2153	标准间	标准间，简洁整洁，设施完备，高性价比之选。	231	5370
2153	行政套房	行政套房，空间宽敞，配套齐全，尊享舒适入住体验。	607	5371
2153	大床房	大床房，配备舒适大床，温馨静谧，适合休闲度假。	395	5372
2154	行政套房	行政套房，空间宽敞，配套齐全，尊享舒适入住体验。	813	5373
2154	标准间	标准间，简洁整洁，设施完备，高性价比之选。	220	5374
2154	大床房	大床房，配备舒适大床，温馨静谧，适合休闲度假。	362	5375
2155	行政套房	行政套房，空间宽敞，配套齐全，尊享舒适入住体验。	862	5376
2155	标准间	标准间，简洁整洁，设施完备，高性价比之选。	298	5377
2155	大床房	大床房，配备舒适大床，温馨静谧，适合休闲度假。	441	5378
2156	标准间	标准间，简洁整洁，设施完备，高性价比之选。	259	5379
2156	行政套房	行政套房，空间宽敞，配套齐全，尊享舒适入住体验。	643	5380
2156	大床房	大床房，配备舒适大床，温馨静谧，适合休闲度假。	428	5381
2157	行政套房	行政套房，空间宽敞，配套齐全，尊享舒适入住体验。	660	5382
2157	大床房	大床房，配备舒适大床，温馨静谧，适合休闲度假。	379	5383
2158	大床房	大床房，配备舒适大床，温馨静谧，适合休闲度假。	352	5384
2158	标准间	标准间，简洁整洁，设施完备，高性价比之选。	265	5385
2158	行政套房	行政套房，空间宽敞，配套齐全，尊享舒适入住体验。	555	5386
2159	标准间	标准间，简洁整洁，设施完备，高性价比之选。	281	5387
2159	行政套房	行政套房，空间宽敞，配套齐全，尊享舒适入住体验。	871	5388
2160	标准间	标准间，简洁整洁，设施完备，高性价比之选。	221	5389
2160	大床房	大床房，配备舒适大床，温馨静谧，适合休闲度假。	312	5390
2161	行政套房	行政套房，空间宽敞，配套齐全，尊享舒适入住体验。	766	5391
2161	大床房	大床房，配备舒适大床，温馨静谧，适合休闲度假。	284	5392
2162	标准间	标准间，简洁整洁，设施完备，高性价比之选。	293	5393
2162	行政套房	行政套房，空间宽敞，配套齐全，尊享舒适入住体验。	657	5394
2163	标准间	标准间，简洁整洁，设施完备，高性价比之选。	292	5395
2163	行政套房	行政套房，空间宽敞，配套齐全，尊享舒适入住体验。	588	5396
2163	大床房	大床房，配备舒适大床，温馨静谧，适合休闲度假。	471	5397
2164	标准间	标准间，简洁整洁，设施完备，高性价比之选。	210	5398
2164	行政套房	行政套房，空间宽敞，配套齐全，尊享舒适入住体验。	584	5399
2165	行政套房	行政套房，空间宽敞，配套齐全，尊享舒适入住体验。	499	5400
2165	标准间	标准间，简洁整洁，设施完备，高性价比之选。	205	5401
2165	大床房	大床房，配备舒适大床，温馨静谧，适合休闲度假。	462	5402
2166	大床房	大床房，配备舒适大床，温馨静谧，适合休闲度假。	301	5403
2166	标准间	标准间，简洁整洁，设施完备，高性价比之选。	312	5404
2167	大床房	大床房，配备舒适大床，温馨静谧，适合休闲度假。	363	5405
2167	行政套房	行政套房，空间宽敞，配套齐全，尊享舒适入住体验。	502	5406
2167	标准间	标准间，简洁整洁，设施完备，高性价比之选。	223	5407
2168	大床房	大床房，配备舒适大床，温馨静谧，适合休闲度假。	299	5408
2168	标准间	标准间，简洁整洁，设施完备，高性价比之选。	255	5409
2168	行政套房	行政套房，空间宽敞，配套齐全，尊享舒适入住体验。	773	5410
2169	大床房	大床房，配备舒适大床，温馨静谧，适合休闲度假。	267	5411
2169	行政套房	行政套房，空间宽敞，配套齐全，尊享舒适入住体验。	496	5412
2170	标准间	标准间，简洁整洁，设施完备，高性价比之选。	258	5413
2170	行政套房	行政套房，空间宽敞，配套齐全，尊享舒适入住体验。	481	5414
2171	大床房	大床房，配备舒适大床，温馨静谧，适合休闲度假。	391	5415
2171	标准间	标准间，简洁整洁，设施完备，高性价比之选。	232	5416
2172	行政套房	行政套房，空间宽敞，配套齐全，尊享舒适入住体验。	516	5417
2172	大床房	大床房，配备舒适大床，温馨静谧，适合休闲度假。	352	5418
2172	标准间	标准间，简洁整洁，设施完备，高性价比之选。	187	5419
2173	行政套房	行政套房，空间宽敞，配套齐全，尊享舒适入住体验。	858	5420
2173	标准间	标准间，简洁整洁，设施完备，高性价比之选。	219	5421
2174	标准间	标准间，简洁整洁，设施完备，高性价比之选。	227	5422
2174	行政套房	行政套房，空间宽敞，配套齐全，尊享舒适入住体验。	652	5423
2175	行政套房	行政套房，空间宽敞，配套齐全，尊享舒适入住体验。	686	5424
2175	标准间	标准间，简洁整洁，设施完备，高性价比之选。	258	5425
2175	大床房	大床房，配备舒适大床，温馨静谧，适合休闲度假。	323	5426
2176	大床房	大床房，配备舒适大床，温馨静谧，适合休闲度假。	405	5427
2176	标准间	标准间，简洁整洁，设施完备，高性价比之选。	275	5428
2176	行政套房	行政套房，空间宽敞，配套齐全，尊享舒适入住体验。	561	5429
2177	标准间	标准间，简洁整洁，设施完备，高性价比之选。	319	5430
2177	大床房	大床房，配备舒适大床，温馨静谧，适合休闲度假。	325	5431
2178	大床房	大床房，配备舒适大床，温馨静谧，适合休闲度假。	341	5432
2178	行政套房	行政套房，空间宽敞，配套齐全，尊享舒适入住体验。	555	5433
2178	标准间	标准间，简洁整洁，设施完备，高性价比之选。	291	5434
2179	大床房	大床房，配备舒适大床，温馨静谧，适合休闲度假。	418	5435
2179	行政套房	行政套房，空间宽敞，配套齐全，尊享舒适入住体验。	796	5436
2180	大床房	大床房，配备舒适大床，温馨静谧，适合休闲度假。	372	5437
2180	标准间	标准间，简洁整洁，设施完备，高性价比之选。	184	5438
2180	行政套房	行政套房，空间宽敞，配套齐全，尊享舒适入住体验。	716	5439
2181	行政套房	行政套房，空间宽敞，配套齐全，尊享舒适入住体验。	777	5440
2181	标准间	标准间，简洁整洁，设施完备，高性价比之选。	320	5441
2181	大床房	大床房，配备舒适大床，温馨静谧，适合休闲度假。	473	5442
2182	标准间	标准间，简洁整洁，设施完备，高性价比之选。	277	5443
2182	大床房	大床房，配备舒适大床，温馨静谧，适合休闲度假。	301	5444
2182	行政套房	行政套房，空间宽敞，配套齐全，尊享舒适入住体验。	750	5445
2183	标准间	标准间，简洁整洁，设施完备，高性价比之选。	254	5446
2183	行政套房	行政套房，空间宽敞，配套齐全，尊享舒适入住体验。	526	5447
2183	大床房	大床房，配备舒适大床，温馨静谧，适合休闲度假。	318	5448
2184	大床房	大床房，配备舒适大床，温馨静谧，适合休闲度假。	404	5449
2184	标准间	标准间，简洁整洁，设施完备，高性价比之选。	270	5450
2184	行政套房	行政套房，空间宽敞，配套齐全，尊享舒适入住体验。	591	5451
2185	标准间	标准间，简洁整洁，设施完备，高性价比之选。	319	5452
2185	大床房	大床房，配备舒适大床，温馨静谧，适合休闲度假。	348	5453
2185	行政套房	行政套房，空间宽敞，配套齐全，尊享舒适入住体验。	658	5454
2186	行政套房	行政套房，空间宽敞，配套齐全，尊享舒适入住体验。	777	5455
2186	标准间	标准间，简洁整洁，设施完备，高性价比之选。	289	5456
2186	大床房	大床房，配备舒适大床，温馨静谧，适合休闲度假。	332	5457
2187	行政套房	行政套房，空间宽敞，配套齐全，尊享舒适入住体验。	642	5458
2187	大床房	大床房，配备舒适大床，温馨静谧，适合休闲度假。	326	5459
2187	标准间	标准间，简洁整洁，设施完备，高性价比之选。	291	5460
2188	行政套房	行政套房，空间宽敞，配套齐全，尊享舒适入住体验。	593	5461
2188	标准间	标准间，简洁整洁，设施完备，高性价比之选。	234	5462
2188	大床房	大床房，配备舒适大床，温馨静谧，适合休闲度假。	261	5463
2189	标准间	标准间，简洁整洁，设施完备，高性价比之选。	274	5464
2189	大床房	大床房，配备舒适大床，温馨静谧，适合休闲度假。	459	5465
2190	行政套房	行政套房，空间宽敞，配套齐全，尊享舒适入住体验。	723	5466
2190	大床房	大床房，配备舒适大床，温馨静谧，适合休闲度假。	282	5467
2191	标准间	标准间，简洁整洁，设施完备，高性价比之选。	305	5468
2191	行政套房	行政套房，空间宽敞，配套齐全，尊享舒适入住体验。	715	5469
2192	行政套房	行政套房，空间宽敞，配套齐全，尊享舒适入住体验。	499	5470
2192	标准间	标准间，简洁整洁，设施完备，高性价比之选。	298	5471
2193	标准间	标准间，简洁整洁，设施完备，高性价比之选。	223	5472
2193	大床房	大床房，配备舒适大床，温馨静谧，适合休闲度假。	346	5473
2194	标准间	标准间，简洁整洁，设施完备，高性价比之选。	198	5474
2194	行政套房	行政套房，空间宽敞，配套齐全，尊享舒适入住体验。	843	5475
2194	大床房	大床房，配备舒适大床，温馨静谧，适合休闲度假。	332	5476
2195	标准间	标准间，简洁整洁，设施完备，高性价比之选。	288	5477
2195	大床房	大床房，配备舒适大床，温馨静谧，适合休闲度假。	269	5478
2195	行政套房	行政套房，空间宽敞，配套齐全，尊享舒适入住体验。	692	5479
2196	大床房	大床房，配备舒适大床，温馨静谧，适合休闲度假。	471	5480
2196	标准间	标准间，简洁整洁，设施完备，高性价比之选。	261	5481
2197	行政套房	行政套房，空间宽敞，配套齐全，尊享舒适入住体验。	856	5482
2197	大床房	大床房，配备舒适大床，温馨静谧，适合休闲度假。	304	5483
2198	大床房	大床房，配备舒适大床，温馨静谧，适合休闲度假。	474	5484
2198	行政套房	行政套房，空间宽敞，配套齐全，尊享舒适入住体验。	810	5485
2199	大床房	大床房，配备舒适大床，温馨静谧，适合休闲度假。	352	5486
2199	标准间	标准间，简洁整洁，设施完备，高性价比之选。	228	5487
2200	行政套房	行政套房，空间宽敞，配套齐全，尊享舒适入住体验。	737	5488
2200	标准间	标准间，简洁整洁，设施完备，高性价比之选。	305	5489
2200	大床房	大床房，配备舒适大床，温馨静谧，适合休闲度假。	323	5490
2201	大床房	大床房，配备舒适大床，温馨静谧，适合休闲度假。	302	5491
2201	标准间	标准间，简洁整洁，设施完备，高性价比之选。	255	5492
2201	行政套房	行政套房，空间宽敞，配套齐全，尊享舒适入住体验。	750	5493
2202	行政套房	行政套房，空间宽敞，配套齐全，尊享舒适入住体验。	702	5494
2202	标准间	标准间，简洁整洁，设施完备，高性价比之选。	206	5495
2202	大床房	大床房，配备舒适大床，温馨静谧，适合休闲度假。	473	5496
2203	行政套房	行政套房，空间宽敞，配套齐全，尊享舒适入住体验。	839	5497
2203	大床房	大床房，配备舒适大床，温馨静谧，适合休闲度假。	271	5498
2204	大床房	大床房，配备舒适大床，温馨静谧，适合休闲度假。	392	5499
2204	标准间	标准间，简洁整洁，设施完备，高性价比之选。	209	5500
2205	大床房	大床房，配备舒适大床，温馨静谧，适合休闲度假。	444	5501
2205	标准间	标准间，简洁整洁，设施完备，高性价比之选。	214	5502
2206	行政套房	行政套房，空间宽敞，配套齐全，尊享舒适入住体验。	482	5503
2206	大床房	大床房，配备舒适大床，温馨静谧，适合休闲度假。	428	5504
2206	标准间	标准间，简洁整洁，设施完备，高性价比之选。	277	5505
2207	标准间	标准间，简洁整洁，设施完备，高性价比之选。	314	5506
2207	大床房	大床房，配备舒适大床，温馨静谧，适合休闲度假。	414	5507
2208	大床房	大床房，配备舒适大床，温馨静谧，适合休闲度假。	366	5508
2208	行政套房	行政套房，空间宽敞，配套齐全，尊享舒适入住体验。	582	5509
2208	标准间	标准间，简洁整洁，设施完备，高性价比之选。	201	5510
2209	行政套房	行政套房，空间宽敞，配套齐全，尊享舒适入住体验。	784	5511
2209	大床房	大床房，配备舒适大床，温馨静谧，适合休闲度假。	340	5512
2210	行政套房	行政套房，空间宽敞，配套齐全，尊享舒适入住体验。	484	5513
2210	大床房	大床房，配备舒适大床，温馨静谧，适合休闲度假。	306	5514
2210	标准间	标准间，简洁整洁，设施完备，高性价比之选。	287	5515
2211	行政套房	行政套房，空间宽敞，配套齐全，尊享舒适入住体验。	498	5516
2211	标准间	标准间，简洁整洁，设施完备，高性价比之选。	207	5517
2212	大床房	大床房，配备舒适大床，温馨静谧，适合休闲度假。	424	5518
2212	行政套房	行政套房，空间宽敞，配套齐全，尊享舒适入住体验。	858	5519
2213	标准间	标准间，简洁整洁，设施完备，高性价比之选。	312	5520
2213	行政套房	行政套房，空间宽敞，配套齐全，尊享舒适入住体验。	555	5521
2214	行政套房	行政套房，空间宽敞，配套齐全，尊享舒适入住体验。	743	5522
2214	大床房	大床房，配备舒适大床，温馨静谧，适合休闲度假。	314	5523
2214	标准间	标准间，简洁整洁，设施完备，高性价比之选。	234	5524
2215	标准间	标准间，简洁整洁，设施完备，高性价比之选。	292	5525
2215	大床房	大床房，配备舒适大床，温馨静谧，适合休闲度假。	327	5526
2216	大床房	大床房，配备舒适大床，温馨静谧，适合休闲度假。	326	5527
2216	标准间	标准间，简洁整洁，设施完备，高性价比之选。	318	5528
2217	标准间	标准间，简洁整洁，设施完备，高性价比之选。	303	5529
2217	行政套房	行政套房，空间宽敞，配套齐全，尊享舒适入住体验。	736	5530
2218	行政套房	行政套房，空间宽敞，配套齐全，尊享舒适入住体验。	798	5531
2218	大床房	大床房，配备舒适大床，温馨静谧，适合休闲度假。	282	5532
2218	标准间	标准间，简洁整洁，设施完备，高性价比之选。	271	5533
2219	行政套房	行政套房，空间宽敞，配套齐全，尊享舒适入住体验。	736	5534
2219	大床房	大床房，配备舒适大床，温馨静谧，适合休闲度假。	348	5535
2219	标准间	标准间，简洁整洁，设施完备，高性价比之选。	280	5536
2220	行政套房	行政套房，空间宽敞，配套齐全，尊享舒适入住体验。	730	5537
2220	标准间	标准间，简洁整洁，设施完备，高性价比之选。	218	5538
2220	大床房	大床房，配备舒适大床，温馨静谧，适合休闲度假。	322	5539
2221	行政套房	行政套房，空间宽敞，配套齐全，尊享舒适入住体验。	552	5540
2221	标准间	标准间，简洁整洁，设施完备，高性价比之选。	301	5541
2222	大床房	大床房，配备舒适大床，温馨静谧，适合休闲度假。	475	5542
2222	行政套房	行政套房，空间宽敞，配套齐全，尊享舒适入住体验。	772	5543
2222	标准间	标准间，简洁整洁，设施完备，高性价比之选。	228	5544
2223	标准间	标准间，简洁整洁，设施完备，高性价比之选。	232	5545
2223	大床房	大床房，配备舒适大床，温馨静谧，适合休闲度假。	295	5546
2223	行政套房	行政套房，空间宽敞，配套齐全，尊享舒适入住体验。	566	5547
2224	大床房	大床房，配备舒适大床，温馨静谧，适合休闲度假。	261	5548
2224	行政套房	行政套房，空间宽敞，配套齐全，尊享舒适入住体验。	613	5549
2225	标准间	标准间，简洁整洁，设施完备，高性价比之选。	276	5550
2225	大床房	大床房，配备舒适大床，温馨静谧，适合休闲度假。	349	5551
2225	行政套房	行政套房，空间宽敞，配套齐全，尊享舒适入住体验。	742	5552
2226	标准间	标准间，简洁整洁，设施完备，高性价比之选。	194	5553
2226	大床房	大床房，配备舒适大床，温馨静谧，适合休闲度假。	448	5554
2227	行政套房	行政套房，空间宽敞，配套齐全，尊享舒适入住体验。	651	5555
2227	大床房	大床房，配备舒适大床，温馨静谧，适合休闲度假。	308	5556
2227	标准间	标准间，简洁整洁，设施完备，高性价比之选。	236	5557
2228	标准间	标准间，简洁整洁，设施完备，高性价比之选。	307	5558
2228	大床房	大床房，配备舒适大床，温馨静谧，适合休闲度假。	399	5559
2228	行政套房	行政套房，空间宽敞，配套齐全，尊享舒适入住体验。	729	5560
2229	大床房	大床房，配备舒适大床，温馨静谧，适合休闲度假。	412	5561
2229	行政套房	行政套房，空间宽敞，配套齐全，尊享舒适入住体验。	834	5562
2230	行政套房	行政套房，空间宽敞，配套齐全，尊享舒适入住体验。	588	5563
2230	标准间	标准间，简洁整洁，设施完备，高性价比之选。	198	5564
2230	大床房	大床房，配备舒适大床，温馨静谧，适合休闲度假。	356	5565
2231	大床房	大床房，配备舒适大床，温馨静谧，适合休闲度假。	471	5566
2231	行政套房	行政套房，空间宽敞，配套齐全，尊享舒适入住体验。	489	5567
2232	行政套房	行政套房，空间宽敞，配套齐全，尊享舒适入住体验。	706	5568
2232	标准间	标准间，简洁整洁，设施完备，高性价比之选。	274	5569
2233	大床房	大床房，配备舒适大床，温馨静谧，适合休闲度假。	409	5570
2233	标准间	标准间，简洁整洁，设施完备，高性价比之选。	256	5571
2233	行政套房	行政套房，空间宽敞，配套齐全，尊享舒适入住体验。	823	5572
2234	标准间	标准间，简洁整洁，设施完备，高性价比之选。	229	5573
2234	大床房	大床房，配备舒适大床，温馨静谧，适合休闲度假。	296	5574
2235	标准间	标准间，简洁整洁，设施完备，高性价比之选。	257	5575
2235	行政套房	行政套房，空间宽敞，配套齐全，尊享舒适入住体验。	771	5576
2236	大床房	大床房，配备舒适大床，温馨静谧，适合休闲度假。	450	5577
2236	标准间	标准间，简洁整洁，设施完备，高性价比之选。	213	5578
2237	大床房	大床房，配备舒适大床，温馨静谧，适合休闲度假。	473	5579
2237	行政套房	行政套房，空间宽敞，配套齐全，尊享舒适入住体验。	851	5580
2238	行政套房	行政套房，空间宽敞，配套齐全，尊享舒适入住体验。	689	5581
2238	大床房	大床房，配备舒适大床，温馨静谧，适合休闲度假。	404	5582
2238	标准间	标准间，简洁整洁，设施完备，高性价比之选。	202	5583
2239	行政套房	行政套房，空间宽敞，配套齐全，尊享舒适入住体验。	764	5584
2239	标准间	标准间，简洁整洁，设施完备，高性价比之选。	218	5585
2239	大床房	大床房，配备舒适大床，温馨静谧，适合休闲度假。	314	5586
2240	行政套房	行政套房，空间宽敞，配套齐全，尊享舒适入住体验。	652	5587
2240	标准间	标准间，简洁整洁，设施完备，高性价比之选。	305	5588
2241	标准间	标准间，简洁整洁，设施完备，高性价比之选。	253	5589
2241	大床房	大床房，配备舒适大床，温馨静谧，适合休闲度假。	348	5590
2241	行政套房	行政套房，空间宽敞，配套齐全，尊享舒适入住体验。	543	5591
2242	标准间	标准间，简洁整洁，设施完备，高性价比之选。	250	5592
2242	行政套房	行政套房，空间宽敞，配套齐全，尊享舒适入住体验。	754	5593
2243	标准间	标准间，简洁整洁，设施完备，高性价比之选。	232	5594
2243	行政套房	行政套房，空间宽敞，配套齐全，尊享舒适入住体验。	561	5595
2243	大床房	大床房，配备舒适大床，温馨静谧，适合休闲度假。	419	5596
2244	大床房	大床房，配备舒适大床，温馨静谧，适合休闲度假。	405	5597
2244	标准间	标准间，简洁整洁，设施完备，高性价比之选。	256	5598
2244	行政套房	行政套房，空间宽敞，配套齐全，尊享舒适入住体验。	664	5599
2245	大床房	大床房，配备舒适大床，温馨静谧，适合休闲度假。	377	5600
2245	行政套房	行政套房，空间宽敞，配套齐全，尊享舒适入住体验。	738	5601
2245	标准间	标准间，简洁整洁，设施完备，高性价比之选。	253	5602
2246	标准间	标准间，简洁整洁，设施完备，高性价比之选。	287	5603
2246	行政套房	行政套房，空间宽敞，配套齐全，尊享舒适入住体验。	651	5604
2247	行政套房	行政套房，空间宽敞，配套齐全，尊享舒适入住体验。	857	5605
2247	大床房	大床房，配备舒适大床，温馨静谧，适合休闲度假。	320	5606
2247	标准间	标准间，简洁整洁，设施完备，高性价比之选。	260	5607
2248	标准间	标准间，简洁整洁，设施完备，高性价比之选。	299	5608
2248	大床房	大床房，配备舒适大床，温馨静谧，适合休闲度假。	439	5609
2248	行政套房	行政套房，空间宽敞，配套齐全，尊享舒适入住体验。	508	5610
2249	标准间	标准间，简洁整洁，设施完备，高性价比之选。	246	5611
2249	大床房	大床房，配备舒适大床，温馨静谧，适合休闲度假。	269	5612
2249	行政套房	行政套房，空间宽敞，配套齐全，尊享舒适入住体验。	662	5613
2250	大床房	大床房，配备舒适大床，温馨静谧，适合休闲度假。	355	5614
2250	标准间	标准间，简洁整洁，设施完备，高性价比之选。	185	5615
2250	行政套房	行政套房，空间宽敞，配套齐全，尊享舒适入住体验。	573	5616
2251	标准间	标准间，简洁整洁，设施完备，高性价比之选。	298	5617
2251	行政套房	行政套房，空间宽敞，配套齐全，尊享舒适入住体验。	880	5618
2251	大床房	大床房，配备舒适大床，温馨静谧，适合休闲度假。	269	5619
2252	大床房	大床房，配备舒适大床，温馨静谧，适合休闲度假。	448	5620
2252	行政套房	行政套房，空间宽敞，配套齐全，尊享舒适入住体验。	694	5621
2252	标准间	标准间，简洁整洁，设施完备，高性价比之选。	251	5622
2253	标准间	标准间，简洁整洁，设施完备，高性价比之选。	302	5623
2253	大床房	大床房，配备舒适大床，温馨静谧，适合休闲度假。	299	5624
2253	行政套房	行政套房，空间宽敞，配套齐全，尊享舒适入住体验。	809	5625
2254	大床房	大床房，配备舒适大床，温馨静谧，适合休闲度假。	284	5626
2254	标准间	标准间，简洁整洁，设施完备，高性价比之选。	219	5627
2255	行政套房	行政套房，空间宽敞，配套齐全，尊享舒适入住体验。	744	5628
2255	标准间	标准间，简洁整洁，设施完备，高性价比之选。	247	5629
2256	标准间	标准间，简洁整洁，设施完备，高性价比之选。	220	5630
2256	大床房	大床房，配备舒适大床，温馨静谧，适合休闲度假。	325	5631
2256	行政套房	行政套房，空间宽敞，配套齐全，尊享舒适入住体验。	615	5632
2257	大床房	大床房，配备舒适大床，温馨静谧，适合休闲度假。	406	5633
2257	行政套房	行政套房，空间宽敞，配套齐全，尊享舒适入住体验。	832	5634
2258	标准间	标准间，简洁整洁，设施完备，高性价比之选。	204	5635
2258	大床房	大床房，配备舒适大床，温馨静谧，适合休闲度假。	302	5636
2259	大床房	大床房，配备舒适大床，温馨静谧，适合休闲度假。	362	5637
2259	行政套房	行政套房，空间宽敞，配套齐全，尊享舒适入住体验。	630	5638
2260	标准间	标准间，简洁整洁，设施完备，高性价比之选。	260	5639
2260	行政套房	行政套房，空间宽敞，配套齐全，尊享舒适入住体验。	596	5640
2260	大床房	大床房，配备舒适大床，温馨静谧，适合休闲度假。	273	5641
2261	行政套房	行政套房，空间宽敞，配套齐全，尊享舒适入住体验。	858	5642
2261	标准间	标准间，简洁整洁，设施完备，高性价比之选。	185	5643
2261	大床房	大床房，配备舒适大床，温馨静谧，适合休闲度假。	416	5644
2262	标准间	标准间，简洁整洁，设施完备，高性价比之选。	260	5645
2262	行政套房	行政套房，空间宽敞，配套齐全，尊享舒适入住体验。	695	5646
2263	大床房	大床房，配备舒适大床，温馨静谧，适合休闲度假。	305	5647
2263	行政套房	行政套房，空间宽敞，配套齐全，尊享舒适入住体验。	786	5648
2264	大床房	大床房，配备舒适大床，温馨静谧，适合休闲度假。	337	5649
2264	行政套房	行政套房，空间宽敞，配套齐全，尊享舒适入住体验。	536	5650
2264	标准间	标准间，简洁整洁，设施完备，高性价比之选。	250	5651
2265	标准间	标准间，简洁整洁，设施完备，高性价比之选。	286	5652
2265	大床房	大床房，配备舒适大床，温馨静谧，适合休闲度假。	342	5653
2266	标准间	标准间，简洁整洁，设施完备，高性价比之选。	275	5654
2266	大床房	大床房，配备舒适大床，温馨静谧，适合休闲度假。	412	5655
2266	行政套房	行政套房，空间宽敞，配套齐全，尊享舒适入住体验。	755	5656
2267	行政套房	行政套房，空间宽敞，配套齐全，尊享舒适入住体验。	695	5657
2267	标准间	标准间，简洁整洁，设施完备，高性价比之选。	228	5658
2267	大床房	大床房，配备舒适大床，温馨静谧，适合休闲度假。	474	5659
2268	大床房	大床房，配备舒适大床，温馨静谧，适合休闲度假。	443	5660
2268	标准间	标准间，简洁整洁，设施完备，高性价比之选。	265	5661
2268	行政套房	行政套房，空间宽敞，配套齐全，尊享舒适入住体验。	606	5662
2269	行政套房	行政套房，空间宽敞，配套齐全，尊享舒适入住体验。	823	5663
2269	标准间	标准间，简洁整洁，设施完备，高性价比之选。	216	5664
2270	标准间	标准间，简洁整洁，设施完备，高性价比之选。	203	5665
2270	行政套房	行政套房，空间宽敞，配套齐全，尊享舒适入住体验。	731	5666
2270	大床房	大床房，配备舒适大床，温馨静谧，适合休闲度假。	291	5667
2271	行政套房	行政套房，空间宽敞，配套齐全，尊享舒适入住体验。	527	5668
2271	标准间	标准间，简洁整洁，设施完备，高性价比之选。	292	5669
2271	大床房	大床房，配备舒适大床，温馨静谧，适合休闲度假。	464	5670
2272	行政套房	行政套房，空间宽敞，配套齐全，尊享舒适入住体验。	564	5671
2272	标准间	标准间，简洁整洁，设施完备，高性价比之选。	287	5672
2273	行政套房	行政套房，空间宽敞，配套齐全，尊享舒适入住体验。	737	5673
2273	标准间	标准间，简洁整洁，设施完备，高性价比之选。	255	5674
2273	大床房	大床房，配备舒适大床，温馨静谧，适合休闲度假。	265	5675
2274	行政套房	行政套房，空间宽敞，配套齐全，尊享舒适入住体验。	824	5676
2274	大床房	大床房，配备舒适大床，温馨静谧，适合休闲度假。	472	5677
2275	大床房	大床房，配备舒适大床，温馨静谧，适合休闲度假。	275	5678
2275	行政套房	行政套房，空间宽敞，配套齐全，尊享舒适入住体验。	821	5679
2276	大床房	大床房，配备舒适大床，温馨静谧，适合休闲度假。	435	5680
2276	标准间	标准间，简洁整洁，设施完备，高性价比之选。	255	5681
2276	行政套房	行政套房，空间宽敞，配套齐全，尊享舒适入住体验。	482	5682
2277	标准间	标准间，简洁整洁，设施完备，高性价比之选。	218	5683
2277	行政套房	行政套房，空间宽敞，配套齐全，尊享舒适入住体验。	797	5684
2278	标准间	标准间，简洁整洁，设施完备，高性价比之选。	183	5685
2278	大床房	大床房，配备舒适大床，温馨静谧，适合休闲度假。	476	5686
2278	行政套房	行政套房，空间宽敞，配套齐全，尊享舒适入住体验。	838	5687
2279	大床房	大床房，配备舒适大床，温馨静谧，适合休闲度假。	368	5688
2279	标准间	标准间，简洁整洁，设施完备，高性价比之选。	286	5689
2280	大床房	大床房，配备舒适大床，温馨静谧，适合休闲度假。	445	5690
2280	行政套房	行政套房，空间宽敞，配套齐全，尊享舒适入住体验。	856	5691
2281	大床房	大床房，配备舒适大床，温馨静谧，适合休闲度假。	375	5692
2281	标准间	标准间，简洁整洁，设施完备，高性价比之选。	283	5693
2282	大床房	大床房，配备舒适大床，温馨静谧，适合休闲度假。	299	5694
2282	标准间	标准间，简洁整洁，设施完备，高性价比之选。	274	5695
2283	大床房	大床房，配备舒适大床，温馨静谧，适合休闲度假。	361	5696
2283	标准间	标准间，简洁整洁，设施完备，高性价比之选。	248	5697
2284	标准间	标准间，简洁整洁，设施完备，高性价比之选。	181	5698
2284	大床房	大床房，配备舒适大床，温馨静谧，适合休闲度假。	283	5699
2285	大床房	大床房，配备舒适大床，温馨静谧，适合休闲度假。	336	5700
2285	标准间	标准间，简洁整洁，设施完备，高性价比之选。	230	5701
2285	行政套房	行政套房，空间宽敞，配套齐全，尊享舒适入住体验。	847	5702
2286	大床房	大床房，配备舒适大床，温馨静谧，适合休闲度假。	447	5703
2286	标准间	标准间，简洁整洁，设施完备，高性价比之选。	205	5704
2287	标准间	标准间，简洁整洁，设施完备，高性价比之选。	272	5705
2287	大床房	大床房，配备舒适大床，温馨静谧，适合休闲度假。	399	5706
2287	行政套房	行政套房，空间宽敞，配套齐全，尊享舒适入住体验。	599	5707
2288	标准间	标准间，简洁整洁，设施完备，高性价比之选。	297	5708
2288	大床房	大床房，配备舒适大床，温馨静谧，适合休闲度假。	286	5709
2288	行政套房	行政套房，空间宽敞，配套齐全，尊享舒适入住体验。	686	5710
2289	行政套房	行政套房，空间宽敞，配套齐全，尊享舒适入住体验。	662	5711
2289	大床房	大床房，配备舒适大床，温馨静谧，适合休闲度假。	269	5712
2290	行政套房	行政套房，空间宽敞，配套齐全，尊享舒适入住体验。	717	5713
2290	标准间	标准间，简洁整洁，设施完备，高性价比之选。	203	5714
2290	大床房	大床房，配备舒适大床，温馨静谧，适合休闲度假。	358	5715
2291	行政套房	行政套房，空间宽敞，配套齐全，尊享舒适入住体验。	841	5716
2291	标准间	标准间，简洁整洁，设施完备，高性价比之选。	197	5717
2292	标准间	标准间，简洁整洁，设施完备，高性价比之选。	258	5718
2292	大床房	大床房，配备舒适大床，温馨静谧，适合休闲度假。	443	5719
2293	行政套房	行政套房，空间宽敞，配套齐全，尊享舒适入住体验。	767	5720
2293	标准间	标准间，简洁整洁，设施完备，高性价比之选。	241	5721
2294	大床房	大床房，配备舒适大床，温馨静谧，适合休闲度假。	283	5722
2294	行政套房	行政套房，空间宽敞，配套齐全，尊享舒适入住体验。	816	5723
2294	标准间	标准间，简洁整洁，设施完备，高性价比之选。	316	5724
2295	标准间	标准间，简洁整洁，设施完备，高性价比之选。	275	5725
2295	行政套房	行政套房，空间宽敞，配套齐全，尊享舒适入住体验。	819	5726
2296	标准间	标准间，简洁整洁，设施完备，高性价比之选。	309	5727
2296	行政套房	行政套房，空间宽敞，配套齐全，尊享舒适入住体验。	875	5728
2296	大床房	大床房，配备舒适大床，温馨静谧，适合休闲度假。	382	5729
2297	行政套房	行政套房，空间宽敞，配套齐全，尊享舒适入住体验。	722	5730
2297	标准间	标准间，简洁整洁，设施完备，高性价比之选。	294	5731
2298	行政套房	行政套房，空间宽敞，配套齐全，尊享舒适入住体验。	716	5732
2298	标准间	标准间，简洁整洁，设施完备，高性价比之选。	259	5733
2299	标准间	标准间，简洁整洁，设施完备，高性价比之选。	306	5734
2299	大床房	大床房，配备舒适大床，温馨静谧，适合休闲度假。	432	5735
2299	行政套房	行政套房，空间宽敞，配套齐全，尊享舒适入住体验。	639	5736
2300	大床房	大床房，配备舒适大床，温馨静谧，适合休闲度假。	304	5737
2300	标准间	标准间，简洁整洁，设施完备，高性价比之选。	221	5738
2301	标准间	标准间，简洁整洁，设施完备，高性价比之选。	288	5739
2301	大床房	大床房，配备舒适大床，温馨静谧，适合休闲度假。	268	5740
2302	行政套房	行政套房，空间宽敞，配套齐全，尊享舒适入住体验。	808	5741
2302	标准间	标准间，简洁整洁，设施完备，高性价比之选。	247	5742
2302	大床房	大床房，配备舒适大床，温馨静谧，适合休闲度假。	382	5743
2303	行政套房	行政套房，空间宽敞，配套齐全，尊享舒适入住体验。	551	5744
2303	标准间	标准间，简洁整洁，设施完备，高性价比之选。	187	5745
2304	大床房	大床房，配备舒适大床，温馨静谧，适合休闲度假。	355	5746
2304	行政套房	行政套房，空间宽敞，配套齐全，尊享舒适入住体验。	853	5747
2305	大床房	大床房，配备舒适大床，温馨静谧，适合休闲度假。	448	5748
2305	行政套房	行政套房，空间宽敞，配套齐全，尊享舒适入住体验。	707	5749
2306	标准间	标准间，简洁整洁，设施完备，高性价比之选。	192	5750
2306	大床房	大床房，配备舒适大床，温馨静谧，适合休闲度假。	446	5751
2307	标准间	标准间，简洁整洁，设施完备，高性价比之选。	309	5752
2307	大床房	大床房，配备舒适大床，温馨静谧，适合休闲度假。	402	5753
2308	标准间	标准间，简洁整洁，设施完备，高性价比之选。	213	5754
2308	大床房	大床房，配备舒适大床，温馨静谧，适合休闲度假。	290	5755
2309	标准间	标准间，简洁整洁，设施完备，高性价比之选。	222	5756
2309	大床房	大床房，配备舒适大床，温馨静谧，适合休闲度假。	309	5757
2309	行政套房	行政套房，空间宽敞，配套齐全，尊享舒适入住体验。	867	5758
2310	标准间	标准间，简洁整洁，设施完备，高性价比之选。	183	5759
2310	大床房	大床房，配备舒适大床，温馨静谧，适合休闲度假。	430	5760
2310	行政套房	行政套房，空间宽敞，配套齐全，尊享舒适入住体验。	584	5761
2311	标准间	标准间，简洁整洁，设施完备，高性价比之选。	317	5762
2311	行政套房	行政套房，空间宽敞，配套齐全，尊享舒适入住体验。	792	5763
2311	大床房	大床房，配备舒适大床，温馨静谧，适合休闲度假。	262	5764
2312	标准间	标准间，简洁整洁，设施完备，高性价比之选。	278	5765
2312	大床房	大床房，配备舒适大床，温馨静谧，适合休闲度假。	401	5766
2313	标准间	标准间，简洁整洁，设施完备，高性价比之选。	273	5767
2313	大床房	大床房，配备舒适大床，温馨静谧，适合休闲度假。	295	5768
2314	标准间	标准间，简洁整洁，设施完备，高性价比之选。	287	5769
2314	大床房	大床房，配备舒适大床，温馨静谧，适合休闲度假。	409	5770
2315	大床房	大床房，配备舒适大床，温馨静谧，适合休闲度假。	435	5771
2315	标准间	标准间，简洁整洁，设施完备，高性价比之选。	261	5772
2315	行政套房	行政套房，空间宽敞，配套齐全，尊享舒适入住体验。	696	5773
2316	标准间	标准间，简洁整洁，设施完备，高性价比之选。	277	5774
2316	大床房	大床房，配备舒适大床，温馨静谧，适合休闲度假。	459	5775
2316	行政套房	行政套房，空间宽敞，配套齐全，尊享舒适入住体验。	703	5776
2317	标准间	标准间，简洁整洁，设施完备，高性价比之选。	304	5777
2317	大床房	大床房，配备舒适大床，温馨静谧，适合休闲度假。	262	5778
2317	行政套房	行政套房，空间宽敞，配套齐全，尊享舒适入住体验。	642	5779
2318	标准间	标准间，简洁整洁，设施完备，高性价比之选。	310	5780
2318	行政套房	行政套房，空间宽敞，配套齐全，尊享舒适入住体验。	842	5781
2318	大床房	大床房，配备舒适大床，温馨静谧，适合休闲度假。	367	5782
2319	行政套房	行政套房，空间宽敞，配套齐全，尊享舒适入住体验。	812	5783
2319	标准间	标准间，简洁整洁，设施完备，高性价比之选。	232	5784
2320	标准间	标准间，简洁整洁，设施完备，高性价比之选。	180	5785
2320	大床房	大床房，配备舒适大床，温馨静谧，适合休闲度假。	294	5786
2321	大床房	大床房，配备舒适大床，温馨静谧，适合休闲度假。	329	5787
2321	行政套房	行政套房，空间宽敞，配套齐全，尊享舒适入住体验。	837	5788
2321	标准间	标准间，简洁整洁，设施完备，高性价比之选。	204	5789
2322	标准间	标准间，简洁整洁，设施完备，高性价比之选。	288	5790
2322	行政套房	行政套房，空间宽敞，配套齐全，尊享舒适入住体验。	688	5791
2322	大床房	大床房，配备舒适大床，温馨静谧，适合休闲度假。	317	5792
2323	大床房	大床房，配备舒适大床，温馨静谧，适合休闲度假。	326	5793
2323	行政套房	行政套房，空间宽敞，配套齐全，尊享舒适入住体验。	826	5794
2324	标准间	标准间，简洁整洁，设施完备，高性价比之选。	243	5795
2324	大床房	大床房，配备舒适大床，温馨静谧，适合休闲度假。	359	5796
2324	行政套房	行政套房，空间宽敞，配套齐全，尊享舒适入住体验。	524	5797
2325	行政套房	行政套房，空间宽敞，配套齐全，尊享舒适入住体验。	699	5798
2325	标准间	标准间，简洁整洁，设施完备，高性价比之选。	259	5799
2326	行政套房	行政套房，空间宽敞，配套齐全，尊享舒适入住体验。	664	5800
2326	标准间	标准间，简洁整洁，设施完备，高性价比之选。	233	5801
2327	行政套房	行政套房，空间宽敞，配套齐全，尊享舒适入住体验。	563	5802
2327	大床房	大床房，配备舒适大床，温馨静谧，适合休闲度假。	347	5803
2327	标准间	标准间，简洁整洁，设施完备，高性价比之选。	305	5804
2328	标准间	标准间，简洁整洁，设施完备，高性价比之选。	203	5805
2328	大床房	大床房，配备舒适大床，温馨静谧，适合休闲度假。	282	5806
2328	行政套房	行政套房，空间宽敞，配套齐全，尊享舒适入住体验。	480	5807
2329	大床房	大床房，配备舒适大床，温馨静谧，适合休闲度假。	274	5808
2329	标准间	标准间，简洁整洁，设施完备，高性价比之选。	302	5809
2330	标准间	标准间，简洁整洁，设施完备，高性价比之选。	223	5810
2330	大床房	大床房，配备舒适大床，温馨静谧，适合休闲度假。	315	5811
2331	标准间	标准间，简洁整洁，设施完备，高性价比之选。	313	5812
2331	大床房	大床房，配备舒适大床，温馨静谧，适合休闲度假。	317	5813
2332	标准间	标准间，简洁整洁，设施完备，高性价比之选。	190	5814
2332	大床房	大床房，配备舒适大床，温馨静谧，适合休闲度假。	350	5815
2332	行政套房	行政套房，空间宽敞，配套齐全，尊享舒适入住体验。	509	5816
2333	标准间	标准间，简洁整洁，设施完备，高性价比之选。	222	5817
2333	行政套房	行政套房，空间宽敞，配套齐全，尊享舒适入住体验。	503	5818
2334	行政套房	行政套房，空间宽敞，配套齐全，尊享舒适入住体验。	730	5819
2334	大床房	大床房，配备舒适大床，温馨静谧，适合休闲度假。	260	5820
2334	标准间	标准间，简洁整洁，设施完备，高性价比之选。	287	5821
2335	行政套房	行政套房，空间宽敞，配套齐全，尊享舒适入住体验。	731	5822
2335	标准间	标准间，简洁整洁，设施完备，高性价比之选。	301	5823
2335	大床房	大床房，配备舒适大床，温馨静谧，适合休闲度假。	441	5824
2336	大床房	大床房，配备舒适大床，温馨静谧，适合休闲度假。	396	5825
2336	行政套房	行政套房，空间宽敞，配套齐全，尊享舒适入住体验。	582	5826
2336	标准间	标准间，简洁整洁，设施完备，高性价比之选。	197	5827
2337	标准间	标准间，简洁整洁，设施完备，高性价比之选。	308	5828
2337	大床房	大床房，配备舒适大床，温馨静谧，适合休闲度假。	382	5829
2337	行政套房	行政套房，空间宽敞，配套齐全，尊享舒适入住体验。	518	5830
2338	行政套房	行政套房，空间宽敞，配套齐全，尊享舒适入住体验。	624	5831
2338	标准间	标准间，简洁整洁，设施完备，高性价比之选。	303	5832
2338	大床房	大床房，配备舒适大床，温馨静谧，适合休闲度假。	478	5833
2339	大床房	大床房，配备舒适大床，温馨静谧，适合休闲度假。	443	5834
2339	标准间	标准间，简洁整洁，设施完备，高性价比之选。	253	5835
2340	大床房	大床房，配备舒适大床，温馨静谧，适合休闲度假。	326	5836
2340	行政套房	行政套房，空间宽敞，配套齐全，尊享舒适入住体验。	871	5837
2341	行政套房	行政套房，空间宽敞，配套齐全，尊享舒适入住体验。	541	5838
2341	大床房	大床房，配备舒适大床，温馨静谧，适合休闲度假。	331	5839
2341	标准间	标准间，简洁整洁，设施完备，高性价比之选。	310	5840
2342	标准间	标准间，简洁整洁，设施完备，高性价比之选。	200	5841
2342	行政套房	行政套房，空间宽敞，配套齐全，尊享舒适入住体验。	553	5842
2342	大床房	大床房，配备舒适大床，温馨静谧，适合休闲度假。	331	5843
2343	大床房	大床房，配备舒适大床，温馨静谧，适合休闲度假。	419	5844
2343	标准间	标准间，简洁整洁，设施完备，高性价比之选。	201	5845
2343	行政套房	行政套房，空间宽敞，配套齐全，尊享舒适入住体验。	742	5846
2344	行政套房	行政套房，空间宽敞，配套齐全，尊享舒适入住体验。	641	5847
2344	大床房	大床房，配备舒适大床，温馨静谧，适合休闲度假。	458	5848
2344	标准间	标准间，简洁整洁，设施完备，高性价比之选。	297	5849
2345	标准间	标准间，简洁整洁，设施完备，高性价比之选。	203	5850
2345	行政套房	行政套房，空间宽敞，配套齐全，尊享舒适入住体验。	511	5851
2346	标准间	标准间，简洁整洁，设施完备，高性价比之选。	195	5852
2346	行政套房	行政套房，空间宽敞，配套齐全，尊享舒适入住体验。	683	5853
2346	大床房	大床房，配备舒适大床，温馨静谧，适合休闲度假。	397	5854
2347	标准间	标准间，简洁整洁，设施完备，高性价比之选。	258	5855
2347	大床房	大床房，配备舒适大床，温馨静谧，适合休闲度假。	294	5856
2347	行政套房	行政套房，空间宽敞，配套齐全，尊享舒适入住体验。	614	5857
2348	行政套房	行政套房，空间宽敞，配套齐全，尊享舒适入住体验。	744	5858
2348	标准间	标准间，简洁整洁，设施完备，高性价比之选。	235	5859
2348	大床房	大床房，配备舒适大床，温馨静谧，适合休闲度假。	398	5860
2349	标准间	标准间，简洁整洁，设施完备，高性价比之选。	208	5861
2349	大床房	大床房，配备舒适大床，温馨静谧，适合休闲度假。	451	5862
2350	大床房	大床房，配备舒适大床，温馨静谧，适合休闲度假。	342	5863
2350	标准间	标准间，简洁整洁，设施完备，高性价比之选。	265	5864
2350	行政套房	行政套房，空间宽敞，配套齐全，尊享舒适入住体验。	662	5865
2351	大床房	大床房，配备舒适大床，温馨静谧，适合休闲度假。	315	5866
2351	标准间	标准间，简洁整洁，设施完备，高性价比之选。	258	5867
2351	行政套房	行政套房，空间宽敞，配套齐全，尊享舒适入住体验。	563	5868
2352	行政套房	行政套房，空间宽敞，配套齐全，尊享舒适入住体验。	714	5869
2352	标准间	标准间，简洁整洁，设施完备，高性价比之选。	273	5870
2353	标准间	标准间，简洁整洁，设施完备，高性价比之选。	186	5871
2353	行政套房	行政套房，空间宽敞，配套齐全，尊享舒适入住体验。	528	5872
2354	行政套房	行政套房，空间宽敞，配套齐全，尊享舒适入住体验。	726	5873
2354	标准间	标准间，简洁整洁，设施完备，高性价比之选。	320	5874
2355	行政套房	行政套房，空间宽敞，配套齐全，尊享舒适入住体验。	752	5875
2355	标准间	标准间，简洁整洁，设施完备，高性价比之选。	230	5876
2356	行政套房	行政套房，空间宽敞，配套齐全，尊享舒适入住体验。	628	5877
2356	大床房	大床房，配备舒适大床，温馨静谧，适合休闲度假。	322	5878
2356	标准间	标准间，简洁整洁，设施完备，高性价比之选。	291	5879
2357	标准间	标准间，简洁整洁，设施完备，高性价比之选。	190	5880
2357	大床房	大床房，配备舒适大床，温馨静谧，适合休闲度假。	466	5881
2357	行政套房	行政套房，空间宽敞，配套齐全，尊享舒适入住体验。	632	5882
2358	行政套房	行政套房，空间宽敞，配套齐全，尊享舒适入住体验。	583	5883
2358	标准间	标准间，简洁整洁，设施完备，高性价比之选。	207	5884
2358	大床房	大床房，配备舒适大床，温馨静谧，适合休闲度假。	469	5885
2359	行政套房	行政套房，空间宽敞，配套齐全，尊享舒适入住体验。	817	5886
2359	大床房	大床房，配备舒适大床，温馨静谧，适合休闲度假。	298	5887
2360	大床房	大床房，配备舒适大床，温馨静谧，适合休闲度假。	279	5888
2360	标准间	标准间，简洁整洁，设施完备，高性价比之选。	239	5889
2360	行政套房	行政套房，空间宽敞，配套齐全，尊享舒适入住体验。	520	5890
2361	行政套房	行政套房，空间宽敞，配套齐全，尊享舒适入住体验。	750	5891
2361	标准间	标准间，简洁整洁，设施完备，高性价比之选。	212	5892
2362	行政套房	行政套房，空间宽敞，配套齐全，尊享舒适入住体验。	728	5893
2362	大床房	大床房，配备舒适大床，温馨静谧，适合休闲度假。	420	5894
2362	标准间	标准间，简洁整洁，设施完备，高性价比之选。	248	5895
2363	大床房	大床房，配备舒适大床，温馨静谧，适合休闲度假。	265	5896
2363	行政套房	行政套房，空间宽敞，配套齐全，尊享舒适入住体验。	586	5897
2363	标准间	标准间，简洁整洁，设施完备，高性价比之选。	251	5898
2364	行政套房	行政套房，空间宽敞，配套齐全，尊享舒适入住体验。	700	5899
2364	大床房	大床房，配备舒适大床，温馨静谧，适合休闲度假。	316	5900
2364	标准间	标准间，简洁整洁，设施完备，高性价比之选。	286	5901
2365	大床房	大床房，配备舒适大床，温馨静谧，适合休闲度假。	467	5902
2365	标准间	标准间，简洁整洁，设施完备，高性价比之选。	295	5903
2366	大床房	大床房，配备舒适大床，温馨静谧，适合休闲度假。	292	5904
2366	行政套房	行政套房，空间宽敞，配套齐全，尊享舒适入住体验。	880	5905
2366	标准间	标准间，简洁整洁，设施完备，高性价比之选。	301	5906
2367	大床房	大床房，配备舒适大床，温馨静谧，适合休闲度假。	444	5907
2367	行政套房	行政套房，空间宽敞，配套齐全，尊享舒适入住体验。	731	5908
2367	标准间	标准间，简洁整洁，设施完备，高性价比之选。	281	5909
2368	标准间	标准间，简洁整洁，设施完备，高性价比之选。	282	5910
2368	行政套房	行政套房，空间宽敞，配套齐全，尊享舒适入住体验。	531	5911
2368	大床房	大床房，配备舒适大床，温馨静谧，适合休闲度假。	463	5912
2369	标准间	标准间，简洁整洁，设施完备，高性价比之选。	215	5913
2369	大床房	大床房，配备舒适大床，温馨静谧，适合休闲度假。	389	5914
2369	行政套房	行政套房，空间宽敞，配套齐全，尊享舒适入住体验。	797	5915
2370	大床房	大床房，配备舒适大床，温馨静谧，适合休闲度假。	435	5916
2370	标准间	标准间，简洁整洁，设施完备，高性价比之选。	199	5917
2371	大床房	大床房，配备舒适大床，温馨静谧，适合休闲度假。	268	5918
2371	行政套房	行政套房，空间宽敞，配套齐全，尊享舒适入住体验。	632	5919
2372	大床房	大床房，配备舒适大床，温馨静谧，适合休闲度假。	476	5920
2372	行政套房	行政套房，空间宽敞，配套齐全，尊享舒适入住体验。	677	5921
2373	大床房	大床房，配备舒适大床，温馨静谧，适合休闲度假。	401	5922
2373	行政套房	行政套房，空间宽敞，配套齐全，尊享舒适入住体验。	790	5923
2374	标准间	标准间，简洁整洁，设施完备，高性价比之选。	295	5924
2374	大床房	大床房，配备舒适大床，温馨静谧，适合休闲度假。	435	5925
2375	行政套房	行政套房，空间宽敞，配套齐全，尊享舒适入住体验。	627	5926
2375	大床房	大床房，配备舒适大床，温馨静谧，适合休闲度假。	305	5927
2376	大床房	大床房，配备舒适大床，温馨静谧，适合休闲度假。	339	5928
2376	行政套房	行政套房，空间宽敞，配套齐全，尊享舒适入住体验。	676	5929
2376	标准间	标准间，简洁整洁，设施完备，高性价比之选。	196	5930
2377	行政套房	行政套房，空间宽敞，配套齐全，尊享舒适入住体验。	750	5931
2377	标准间	标准间，简洁整洁，设施完备，高性价比之选。	317	5932
2378	标准间	标准间，简洁整洁，设施完备，高性价比之选。	225	5933
2378	行政套房	行政套房，空间宽敞，配套齐全，尊享舒适入住体验。	784	5934
2378	大床房	大床房，配备舒适大床，温馨静谧，适合休闲度假。	426	5935
2379	标准间	标准间，简洁整洁，设施完备，高性价比之选。	300	5936
2379	行政套房	行政套房，空间宽敞，配套齐全，尊享舒适入住体验。	486	5937
2379	大床房	大床房，配备舒适大床，温馨静谧，适合休闲度假。	444	5938
2380	标准间	标准间，简洁整洁，设施完备，高性价比之选。	199	5939
2380	行政套房	行政套房，空间宽敞，配套齐全，尊享舒适入住体验。	838	5940
2380	大床房	大床房，配备舒适大床，温馨静谧，适合休闲度假。	371	5941
2381	标准间	标准间，简洁整洁，设施完备，高性价比之选。	310	5942
2381	大床房	大床房，配备舒适大床，温馨静谧，适合休闲度假。	302	5943
2382	大床房	大床房，配备舒适大床，温馨静谧，适合休闲度假。	349	5944
2382	行政套房	行政套房，空间宽敞，配套齐全，尊享舒适入住体验。	537	5945
2383	标准间	标准间，简洁整洁，设施完备，高性价比之选。	275	5946
2383	大床房	大床房，配备舒适大床，温馨静谧，适合休闲度假。	366	5947
2383	行政套房	行政套房，空间宽敞，配套齐全，尊享舒适入住体验。	502	5948
2384	标准间	标准间，简洁整洁，设施完备，高性价比之选。	180	5949
2384	行政套房	行政套房，空间宽敞，配套齐全，尊享舒适入住体验。	863	5950
2384	大床房	大床房，配备舒适大床，温馨静谧，适合休闲度假。	468	5951
2385	行政套房	行政套房，空间宽敞，配套齐全，尊享舒适入住体验。	709	5952
2385	标准间	标准间，简洁整洁，设施完备，高性价比之选。	239	5953
2386	标准间	标准间，简洁整洁，设施完备，高性价比之选。	299	5954
2386	行政套房	行政套房，空间宽敞，配套齐全，尊享舒适入住体验。	581	5955
2387	行政套房	行政套房，空间宽敞，配套齐全，尊享舒适入住体验。	495	5956
2387	标准间	标准间，简洁整洁，设施完备，高性价比之选。	195	5957
2388	大床房	大床房，配备舒适大床，温馨静谧，适合休闲度假。	452	5958
2388	标准间	标准间，简洁整洁，设施完备，高性价比之选。	245	5959
2388	行政套房	行政套房，空间宽敞，配套齐全，尊享舒适入住体验。	855	5960
2389	标准间	标准间，简洁整洁，设施完备，高性价比之选。	183	5961
2389	大床房	大床房，配备舒适大床，温馨静谧，适合休闲度假。	419	5962
2390	大床房	大床房，配备舒适大床，温馨静谧，适合休闲度假。	418	5963
2390	标准间	标准间，简洁整洁，设施完备，高性价比之选。	295	5964
2390	行政套房	行政套房，空间宽敞，配套齐全，尊享舒适入住体验。	701	5965
2391	标准间	标准间，简洁整洁，设施完备，高性价比之选。	306	5966
2391	大床房	大床房，配备舒适大床，温馨静谧，适合休闲度假。	473	5967
2392	行政套房	行政套房，空间宽敞，配套齐全，尊享舒适入住体验。	554	5968
2392	标准间	标准间，简洁整洁，设施完备，高性价比之选。	299	5969
2393	标准间	标准间，简洁整洁，设施完备，高性价比之选。	276	5970
2393	大床房	大床房，配备舒适大床，温馨静谧，适合休闲度假。	437	5971
2393	行政套房	行政套房，空间宽敞，配套齐全，尊享舒适入住体验。	709	5972
2394	大床房	大床房，配备舒适大床，温馨静谧，适合休闲度假。	269	5973
2394	标准间	标准间，简洁整洁，设施完备，高性价比之选。	217	5974
2394	行政套房	行政套房，空间宽敞，配套齐全，尊享舒适入住体验。	819	5975
2395	大床房	大床房，配备舒适大床，温馨静谧，适合休闲度假。	424	5976
2395	标准间	标准间，简洁整洁，设施完备，高性价比之选。	242	5977
2396	行政套房	行政套房，空间宽敞，配套齐全，尊享舒适入住体验。	725	5978
2396	大床房	大床房，配备舒适大床，温馨静谧，适合休闲度假。	363	5979
2397	行政套房	行政套房，空间宽敞，配套齐全，尊享舒适入住体验。	489	5980
2397	标准间	标准间，简洁整洁，设施完备，高性价比之选。	219	5981
2397	大床房	大床房，配备舒适大床，温馨静谧，适合休闲度假。	348	5982
2398	标准间	标准间，简洁整洁，设施完备，高性价比之选。	203	5983
2398	行政套房	行政套房，空间宽敞，配套齐全，尊享舒适入住体验。	601	5984
2399	大床房	大床房，配备舒适大床，温馨静谧，适合休闲度假。	362	5985
2399	标准间	标准间，简洁整洁，设施完备，高性价比之选。	185	5986
2399	行政套房	行政套房，空间宽敞，配套齐全，尊享舒适入住体验。	786	5987
2400	行政套房	行政套房，空间宽敞，配套齐全，尊享舒适入住体验。	636	5988
2400	标准间	标准间，简洁整洁，设施完备，高性价比之选。	264	5989
2401	标准间	标准间，简洁整洁，设施完备，高性价比之选。	246	5990
2401	大床房	大床房，配备舒适大床，温馨静谧，适合休闲度假。	289	5991
2401	行政套房	行政套房，空间宽敞，配套齐全，尊享舒适入住体验。	710	5992
2402	大床房	大床房，配备舒适大床，温馨静谧，适合休闲度假。	379	5993
2402	行政套房	行政套房，空间宽敞，配套齐全，尊享舒适入住体验。	550	5994
2403	大床房	大床房，配备舒适大床，温馨静谧，适合休闲度假。	268	5995
2403	行政套房	行政套房，空间宽敞，配套齐全，尊享舒适入住体验。	673	5996
2404	行政套房	行政套房，空间宽敞，配套齐全，尊享舒适入住体验。	828	5997
2404	标准间	标准间，简洁整洁，设施完备，高性价比之选。	233	5998
2404	大床房	大床房，配备舒适大床，温馨静谧，适合休闲度假。	395	5999
2405	行政套房	行政套房，空间宽敞，配套齐全，尊享舒适入住体验。	596	6000
2405	标准间	标准间，简洁整洁，设施完备，高性价比之选。	243	6001
2406	大床房	大床房，配备舒适大床，温馨静谧，适合休闲度假。	441	6002
2406	行政套房	行政套房，空间宽敞，配套齐全，尊享舒适入住体验。	822	6003
2407	标准间	标准间，简洁整洁，设施完备，高性价比之选。	264	6004
2407	大床房	大床房，配备舒适大床，温馨静谧，适合休闲度假。	326	6005
2407	行政套房	行政套房，空间宽敞，配套齐全，尊享舒适入住体验。	811	6006
2408	行政套房	行政套房，空间宽敞，配套齐全，尊享舒适入住体验。	815	6007
2408	标准间	标准间，简洁整洁，设施完备，高性价比之选。	248	6008
2409	行政套房	行政套房，空间宽敞，配套齐全，尊享舒适入住体验。	718	6009
2409	标准间	标准间，简洁整洁，设施完备，高性价比之选。	289	6010
2410	标准间	标准间，简洁整洁，设施完备，高性价比之选。	319	6011
2410	大床房	大床房，配备舒适大床，温馨静谧，适合休闲度假。	325	6012
2411	标准间	标准间，简洁整洁，设施完备，高性价比之选。	205	6013
2411	行政套房	行政套房，空间宽敞，配套齐全，尊享舒适入住体验。	816	6014
2411	大床房	大床房，配备舒适大床，温馨静谧，适合休闲度假。	331	6015
2412	大床房	大床房，配备舒适大床，温馨静谧，适合休闲度假。	335	6016
2412	行政套房	行政套房，空间宽敞，配套齐全，尊享舒适入住体验。	672	6017
2412	标准间	标准间，简洁整洁，设施完备，高性价比之选。	184	6018
2413	大床房	大床房，配备舒适大床，温馨静谧，适合休闲度假。	336	6019
2413	标准间	标准间，简洁整洁，设施完备，高性价比之选。	258	6020
2413	行政套房	行政套房，空间宽敞，配套齐全，尊享舒适入住体验。	811	6021
2414	大床房	大床房，配备舒适大床，温馨静谧，适合休闲度假。	411	6022
2414	行政套房	行政套房，空间宽敞，配套齐全，尊享舒适入住体验。	693	6023
2414	标准间	标准间，简洁整洁，设施完备，高性价比之选。	309	6024
2415	行政套房	行政套房，空间宽敞，配套齐全，尊享舒适入住体验。	876	6025
2415	标准间	标准间，简洁整洁，设施完备，高性价比之选。	211	6026
2416	大床房	大床房，配备舒适大床，温馨静谧，适合休闲度假。	429	6027
2416	标准间	标准间，简洁整洁，设施完备，高性价比之选。	226	6028
2417	标准间	标准间，简洁整洁，设施完备，高性价比之选。	293	6029
2417	大床房	大床房，配备舒适大床，温馨静谧，适合休闲度假。	308	6030
2417	行政套房	行政套房，空间宽敞，配套齐全，尊享舒适入住体验。	782	6031
2418	大床房	大床房，配备舒适大床，温馨静谧，适合休闲度假。	304	6032
2418	标准间	标准间，简洁整洁，设施完备，高性价比之选。	199	6033
2419	标准间	标准间，简洁整洁，设施完备，高性价比之选。	260	6034
2419	大床房	大床房，配备舒适大床，温馨静谧，适合休闲度假。	317	6035
2419	行政套房	行政套房，空间宽敞，配套齐全，尊享舒适入住体验。	748	6036
2420	行政套房	行政套房，空间宽敞，配套齐全，尊享舒适入住体验。	691	6037
2420	大床房	大床房，配备舒适大床，温馨静谧，适合休闲度假。	331	6038
2420	标准间	标准间，简洁整洁，设施完备，高性价比之选。	281	6039
2421	大床房	大床房，配备舒适大床，温馨静谧，适合休闲度假。	441	6040
2421	行政套房	行政套房，空间宽敞，配套齐全，尊享舒适入住体验。	557	6041
2421	标准间	标准间，简洁整洁，设施完备，高性价比之选。	182	6042
2422	标准间	标准间，简洁整洁，设施完备，高性价比之选。	315	6043
2422	行政套房	行政套房，空间宽敞，配套齐全，尊享舒适入住体验。	624	6044
2423	行政套房	行政套房，空间宽敞，配套齐全，尊享舒适入住体验。	828	6045
2423	大床房	大床房，配备舒适大床，温馨静谧，适合休闲度假。	332	6046
2424	行政套房	行政套房，空间宽敞，配套齐全，尊享舒适入住体验。	580	6047
2424	大床房	大床房，配备舒适大床，温馨静谧，适合休闲度假。	420	6048
2425	行政套房	行政套房，空间宽敞，配套齐全，尊享舒适入住体验。	827	6049
2425	大床房	大床房，配备舒适大床，温馨静谧，适合休闲度假。	402	6050
2425	标准间	标准间，简洁整洁，设施完备，高性价比之选。	258	6051
2426	行政套房	行政套房，空间宽敞，配套齐全，尊享舒适入住体验。	671	6052
2426	标准间	标准间，简洁整洁，设施完备，高性价比之选。	266	6053
2426	大床房	大床房，配备舒适大床，温馨静谧，适合休闲度假。	398	6054
2427	大床房	大床房，配备舒适大床，温馨静谧，适合休闲度假。	375	6055
2427	行政套房	行政套房，空间宽敞，配套齐全，尊享舒适入住体验。	514	6056
2427	标准间	标准间，简洁整洁，设施完备，高性价比之选。	216	6057
2428	标准间	标准间，简洁整洁，设施完备，高性价比之选。	302	6058
2428	行政套房	行政套房，空间宽敞，配套齐全，尊享舒适入住体验。	866	6059
2428	大床房	大床房，配备舒适大床，温馨静谧，适合休闲度假。	387	6060
2429	标准间	标准间，简洁整洁，设施完备，高性价比之选。	226	6061
2429	大床房	大床房，配备舒适大床，温馨静谧，适合休闲度假。	445	6062
2429	行政套房	行政套房，空间宽敞，配套齐全，尊享舒适入住体验。	760	6063
2430	行政套房	行政套房，空间宽敞，配套齐全，尊享舒适入住体验。	538	6064
2430	标准间	标准间，简洁整洁，设施完备，高性价比之选。	312	6065
2431	行政套房	行政套房，空间宽敞，配套齐全，尊享舒适入住体验。	672	6066
2431	大床房	大床房，配备舒适大床，温馨静谧，适合休闲度假。	381	6067
2431	标准间	标准间，简洁整洁，设施完备，高性价比之选。	242	6068
2432	大床房	大床房，配备舒适大床，温馨静谧，适合休闲度假。	349	6069
2432	行政套房	行政套房，空间宽敞，配套齐全，尊享舒适入住体验。	592	6070
2433	标准间	标准间，简洁整洁，设施完备，高性价比之选。	255	6071
2433	大床房	大床房，配备舒适大床，温馨静谧，适合休闲度假。	381	6072
2433	行政套房	行政套房，空间宽敞，配套齐全，尊享舒适入住体验。	754	6073
2434	行政套房	行政套房，空间宽敞，配套齐全，尊享舒适入住体验。	556	6074
2434	标准间	标准间，简洁整洁，设施完备，高性价比之选。	203	6075
2435	大床房	大床房，配备舒适大床，温馨静谧，适合休闲度假。	287	6076
2435	行政套房	行政套房，空间宽敞，配套齐全，尊享舒适入住体验。	702	6077
2436	行政套房	行政套房，空间宽敞，配套齐全，尊享舒适入住体验。	814	6078
2436	标准间	标准间，简洁整洁，设施完备，高性价比之选。	300	6079
2436	大床房	大床房，配备舒适大床，温馨静谧，适合休闲度假。	383	6080
2437	标准间	标准间，简洁整洁，设施完备，高性价比之选。	192	6081
2437	行政套房	行政套房，空间宽敞，配套齐全，尊享舒适入住体验。	733	6082
2437	大床房	大床房，配备舒适大床，温馨静谧，适合休闲度假。	271	6083
2438	行政套房	行政套房，空间宽敞，配套齐全，尊享舒适入住体验。	668	6084
2438	标准间	标准间，简洁整洁，设施完备，高性价比之选。	298	6085
2438	大床房	大床房，配备舒适大床，温馨静谧，适合休闲度假。	301	6086
2439	行政套房	行政套房，空间宽敞，配套齐全，尊享舒适入住体验。	746	6087
2439	大床房	大床房，配备舒适大床，温馨静谧，适合休闲度假。	264	6088
2440	行政套房	行政套房，空间宽敞，配套齐全，尊享舒适入住体验。	699	6089
2440	大床房	大床房，配备舒适大床，温馨静谧，适合休闲度假。	468	6090
2441	大床房	大床房，配备舒适大床，温馨静谧，适合休闲度假。	303	6091
2441	标准间	标准间，简洁整洁，设施完备，高性价比之选。	180	6092
2442	行政套房	行政套房，空间宽敞，配套齐全，尊享舒适入住体验。	599	6093
2442	大床房	大床房，配备舒适大床，温馨静谧，适合休闲度假。	420	6094
2442	标准间	标准间，简洁整洁，设施完备，高性价比之选。	284	6095
2443	大床房	大床房，配备舒适大床，温馨静谧，适合休闲度假。	289	6096
2443	行政套房	行政套房，空间宽敞，配套齐全，尊享舒适入住体验。	578	6097
2443	标准间	标准间，简洁整洁，设施完备，高性价比之选。	255	6098
2444	行政套房	行政套房，空间宽敞，配套齐全，尊享舒适入住体验。	545	6099
2444	大床房	大床房，配备舒适大床，温馨静谧，适合休闲度假。	461	6100
2444	标准间	标准间，简洁整洁，设施完备，高性价比之选。	293	6101
2445	行政套房	行政套房，空间宽敞，配套齐全，尊享舒适入住体验。	684	6102
2445	标准间	标准间，简洁整洁，设施完备，高性价比之选。	207	6103
2445	大床房	大床房，配备舒适大床，温馨静谧，适合休闲度假。	327	6104
2446	大床房	大床房，配备舒适大床，温馨静谧，适合休闲度假。	377	6105
2446	标准间	标准间，简洁整洁，设施完备，高性价比之选。	235	6106
2446	行政套房	行政套房，空间宽敞，配套齐全，尊享舒适入住体验。	872	6107
2447	大床房	大床房，配备舒适大床，温馨静谧，适合休闲度假。	424	6108
2447	行政套房	行政套房，空间宽敞，配套齐全，尊享舒适入住体验。	682	6109
2448	大床房	大床房，配备舒适大床，温馨静谧，适合休闲度假。	279	6110
2448	行政套房	行政套房，空间宽敞，配套齐全，尊享舒适入住体验。	755	6111
2448	标准间	标准间，简洁整洁，设施完备，高性价比之选。	316	6112
2449	行政套房	行政套房，空间宽敞，配套齐全，尊享舒适入住体验。	559	6113
2449	标准间	标准间，简洁整洁，设施完备，高性价比之选。	232	6114
2450	行政套房	行政套房，空间宽敞，配套齐全，尊享舒适入住体验。	669	6115
2450	大床房	大床房，配备舒适大床，温馨静谧，适合休闲度假。	444	6116
2450	标准间	标准间，简洁整洁，设施完备，高性价比之选。	232	6117
2451	大床房	大床房，配备舒适大床，温馨静谧，适合休闲度假。	453	6118
2451	标准间	标准间，简洁整洁，设施完备，高性价比之选。	228	6119
2452	行政套房	行政套房，空间宽敞，配套齐全，尊享舒适入住体验。	638	6120
2452	标准间	标准间，简洁整洁，设施完备，高性价比之选。	287	6121
2453	行政套房	行政套房，空间宽敞，配套齐全，尊享舒适入住体验。	539	6122
2453	大床房	大床房，配备舒适大床，温馨静谧，适合休闲度假。	473	6123
2454	行政套房	行政套房，空间宽敞，配套齐全，尊享舒适入住体验。	837	6124
2454	大床房	大床房，配备舒适大床，温馨静谧，适合休闲度假。	295	6125
2454	标准间	标准间，简洁整洁，设施完备，高性价比之选。	252	6126
2455	大床房	大床房，配备舒适大床，温馨静谧，适合休闲度假。	403	6127
2455	行政套房	行政套房，空间宽敞，配套齐全，尊享舒适入住体验。	548	6128
2456	大床房	大床房，配备舒适大床，温馨静谧，适合休闲度假。	345	6129
2456	行政套房	行政套房，空间宽敞，配套齐全，尊享舒适入住体验。	510	6130
2456	标准间	标准间，简洁整洁，设施完备，高性价比之选。	228	6131
2457	行政套房	行政套房，空间宽敞，配套齐全，尊享舒适入住体验。	853	6132
2457	大床房	大床房，配备舒适大床，温馨静谧，适合休闲度假。	424	6133
2457	标准间	标准间，简洁整洁，设施完备，高性价比之选。	225	6134
2458	行政套房	行政套房，空间宽敞，配套齐全，尊享舒适入住体验。	500	6135
2458	大床房	大床房，配备舒适大床，温馨静谧，适合休闲度假。	350	6136
2458	标准间	标准间，简洁整洁，设施完备，高性价比之选。	193	6137
2459	标准间	标准间，简洁整洁，设施完备，高性价比之选。	317	6138
2459	大床房	大床房，配备舒适大床，温馨静谧，适合休闲度假。	314	6139
2459	行政套房	行政套房，空间宽敞，配套齐全，尊享舒适入住体验。	527	6140
2460	大床房	大床房，配备舒适大床，温馨静谧，适合休闲度假。	402	6141
2460	标准间	标准间，简洁整洁，设施完备，高性价比之选。	249	6142
2460	行政套房	行政套房，空间宽敞，配套齐全，尊享舒适入住体验。	771	6143
2461	标准间	标准间，简洁整洁，设施完备，高性价比之选。	203	6144
2461	大床房	大床房，配备舒适大床，温馨静谧，适合休闲度假。	365	6145
2462	标准间	标准间，简洁整洁，设施完备，高性价比之选。	312	6146
2462	大床房	大床房，配备舒适大床，温馨静谧，适合休闲度假。	382	6147
2463	标准间	标准间，简洁整洁，设施完备，高性价比之选。	287	6148
2463	大床房	大床房，配备舒适大床，温馨静谧，适合休闲度假。	337	6149
2463	行政套房	行政套房，空间宽敞，配套齐全，尊享舒适入住体验。	774	6150
2464	大床房	大床房，配备舒适大床，温馨静谧，适合休闲度假。	373	6151
2464	行政套房	行政套房，空间宽敞，配套齐全，尊享舒适入住体验。	650	6152
2464	标准间	标准间，简洁整洁，设施完备，高性价比之选。	303	6153
2465	标准间	标准间，简洁整洁，设施完备，高性价比之选。	201	6154
2465	大床房	大床房，配备舒适大床，温馨静谧，适合休闲度假。	365	6155
2466	大床房	大床房，配备舒适大床，温馨静谧，适合休闲度假。	399	6156
2466	标准间	标准间，简洁整洁，设施完备，高性价比之选。	257	6157
2467	大床房	大床房，配备舒适大床，温馨静谧，适合休闲度假。	293	6158
2467	行政套房	行政套房，空间宽敞，配套齐全，尊享舒适入住体验。	586	6159
2468	大床房	大床房，配备舒适大床，温馨静谧，适合休闲度假。	351	6160
2468	标准间	标准间，简洁整洁，设施完备，高性价比之选。	195	6161
2468	行政套房	行政套房，空间宽敞，配套齐全，尊享舒适入住体验。	845	6162
2469	行政套房	行政套房，空间宽敞，配套齐全，尊享舒适入住体验。	552	6163
2469	大床房	大床房，配备舒适大床，温馨静谧，适合休闲度假。	375	6164
2470	行政套房	行政套房，空间宽敞，配套齐全，尊享舒适入住体验。	677	6165
2470	大床房	大床房，配备舒适大床，温馨静谧，适合休闲度假。	373	6166
2470	标准间	标准间，简洁整洁，设施完备，高性价比之选。	202	6167
2471	标准间	标准间，简洁整洁，设施完备，高性价比之选。	263	6168
2471	行政套房	行政套房，空间宽敞，配套齐全，尊享舒适入住体验。	638	6169
2472	大床房	大床房，配备舒适大床，温馨静谧，适合休闲度假。	315	6170
2472	行政套房	行政套房，空间宽敞，配套齐全，尊享舒适入住体验。	710	6171
2473	行政套房	行政套房，空间宽敞，配套齐全，尊享舒适入住体验。	697	6172
2473	标准间	标准间，简洁整洁，设施完备，高性价比之选。	226	6173
2473	大床房	大床房，配备舒适大床，温馨静谧，适合休闲度假。	443	6174
2474	行政套房	行政套房，空间宽敞，配套齐全，尊享舒适入住体验。	791	6175
2474	大床房	大床房，配备舒适大床，温馨静谧，适合休闲度假。	467	6176
2475	行政套房	行政套房，空间宽敞，配套齐全，尊享舒适入住体验。	681	6177
2475	标准间	标准间，简洁整洁，设施完备，高性价比之选。	288	6178
2475	大床房	大床房，配备舒适大床，温馨静谧，适合休闲度假。	260	6179
2476	标准间	标准间，简洁整洁，设施完备，高性价比之选。	188	6180
2476	行政套房	行政套房，空间宽敞，配套齐全，尊享舒适入住体验。	680	6181
2476	大床房	大床房，配备舒适大床，温馨静谧，适合休闲度假。	447	6182
2477	行政套房	行政套房，空间宽敞，配套齐全，尊享舒适入住体验。	844	6183
2477	标准间	标准间，简洁整洁，设施完备，高性价比之选。	302	6184
2478	标准间	标准间，简洁整洁，设施完备，高性价比之选。	257	6185
2478	大床房	大床房，配备舒适大床，温馨静谧，适合休闲度假。	415	6186
2479	标准间	标准间，简洁整洁，设施完备，高性价比之选。	221	6187
2479	行政套房	行政套房，空间宽敞，配套齐全，尊享舒适入住体验。	615	6188
2480	标准间	标准间，简洁整洁，设施完备，高性价比之选。	298	6189
2480	行政套房	行政套房，空间宽敞，配套齐全，尊享舒适入住体验。	577	6190
2481	大床房	大床房，配备舒适大床，温馨静谧，适合休闲度假。	453	6191
2481	行政套房	行政套房，空间宽敞，配套齐全，尊享舒适入住体验。	829	6192
2481	标准间	标准间，简洁整洁，设施完备，高性价比之选。	204	6193
2482	大床房	大床房，配备舒适大床，温馨静谧，适合休闲度假。	322	6194
2482	标准间	标准间，简洁整洁，设施完备，高性价比之选。	232	6195
2483	行政套房	行政套房，空间宽敞，配套齐全，尊享舒适入住体验。	676	6196
2483	标准间	标准间，简洁整洁，设施完备，高性价比之选。	276	6197
2483	大床房	大床房，配备舒适大床，温馨静谧，适合休闲度假。	426	6198
2484	标准间	标准间，简洁整洁，设施完备，高性价比之选。	212	6199
2484	大床房	大床房，配备舒适大床，温馨静谧，适合休闲度假。	353	6200
2484	行政套房	行政套房，空间宽敞，配套齐全，尊享舒适入住体验。	775	6201
2485	行政套房	行政套房，空间宽敞，配套齐全，尊享舒适入住体验。	808	6202
2485	标准间	标准间，简洁整洁，设施完备，高性价比之选。	320	6203
2486	标准间	标准间，简洁整洁，设施完备，高性价比之选。	291	6204
2486	大床房	大床房，配备舒适大床，温馨静谧，适合休闲度假。	462	6205
2486	行政套房	行政套房，空间宽敞，配套齐全，尊享舒适入住体验。	615	6206
2487	标准间	标准间，简洁整洁，设施完备，高性价比之选。	245	6207
2487	行政套房	行政套房，空间宽敞，配套齐全，尊享舒适入住体验。	720	6208
2487	大床房	大床房，配备舒适大床，温馨静谧，适合休闲度假。	300	6209
2488	行政套房	行政套房，空间宽敞，配套齐全，尊享舒适入住体验。	599	6210
2488	标准间	标准间，简洁整洁，设施完备，高性价比之选。	255	6211
2489	行政套房	行政套房，空间宽敞，配套齐全，尊享舒适入住体验。	496	6212
2489	大床房	大床房，配备舒适大床，温馨静谧，适合休闲度假。	345	6213
2490	标准间	标准间，简洁整洁，设施完备，高性价比之选。	220	6214
2490	行政套房	行政套房，空间宽敞，配套齐全，尊享舒适入住体验。	738	6215
2490	大床房	大床房，配备舒适大床，温馨静谧，适合休闲度假。	272	6216
2491	大床房	大床房，配备舒适大床，温馨静谧，适合休闲度假。	281	6217
2491	行政套房	行政套房，空间宽敞，配套齐全，尊享舒适入住体验。	736	6218
2492	标准间	标准间，简洁整洁，设施完备，高性价比之选。	292	6219
2492	大床房	大床房，配备舒适大床，温馨静谧，适合休闲度假。	391	6220
2492	行政套房	行政套房，空间宽敞，配套齐全，尊享舒适入住体验。	579	6221
2493	大床房	大床房，配备舒适大床，温馨静谧，适合休闲度假。	480	6222
2493	标准间	标准间，简洁整洁，设施完备，高性价比之选。	190	6223
2493	行政套房	行政套房，空间宽敞，配套齐全，尊享舒适入住体验。	504	6224
2494	大床房	大床房，配备舒适大床，温馨静谧，适合休闲度假。	295	6225
2494	行政套房	行政套房，空间宽敞，配套齐全，尊享舒适入住体验。	569	6226
2494	标准间	标准间，简洁整洁，设施完备，高性价比之选。	302	6227
2495	大床房	大床房，配备舒适大床，温馨静谧，适合休闲度假。	296	6228
2495	标准间	标准间，简洁整洁，设施完备，高性价比之选。	271	6229
2496	大床房	大床房，配备舒适大床，温馨静谧，适合休闲度假。	404	6230
2496	标准间	标准间，简洁整洁，设施完备，高性价比之选。	269	6231
2496	行政套房	行政套房，空间宽敞，配套齐全，尊享舒适入住体验。	497	6232
2497	行政套房	行政套房，空间宽敞，配套齐全，尊享舒适入住体验。	688	6233
2497	标准间	标准间，简洁整洁，设施完备，高性价比之选。	307	6234
2498	行政套房	行政套房，空间宽敞，配套齐全，尊享舒适入住体验。	880	6235
2498	标准间	标准间，简洁整洁，设施完备，高性价比之选。	303	6236
2499	大床房	大床房，配备舒适大床，温馨静谧，适合休闲度假。	284	6237
2499	标准间	标准间，简洁整洁，设施完备，高性价比之选。	201	6238
2499	行政套房	行政套房，空间宽敞，配套齐全，尊享舒适入住体验。	576	6239
2500	标准间	标准间，简洁整洁，设施完备，高性价比之选。	295	6240
2500	行政套房	行政套房，空间宽敞，配套齐全，尊享舒适入住体验。	819	6241
2500	大床房	大床房，配备舒适大床，温馨静谧，适合休闲度假。	261	6242
2501	大床房	大床房，配备舒适大床，温馨静谧，适合休闲度假。	385	6243
2501	标准间	标准间，简洁整洁，设施完备，高性价比之选。	229	6244
2502	行政套房	行政套房，空间宽敞，配套齐全，尊享舒适入住体验。	504	6245
2502	大床房	大床房，配备舒适大床，温馨静谧，适合休闲度假。	280	6246
2503	行政套房	行政套房，空间宽敞，配套齐全，尊享舒适入住体验。	710	6247
2503	大床房	大床房，配备舒适大床，温馨静谧，适合休闲度假。	323	6248
2503	标准间	标准间，简洁整洁，设施完备，高性价比之选。	211	6249
2504	标准间	标准间，简洁整洁，设施完备，高性价比之选。	296	6250
2504	大床房	大床房，配备舒适大床，温馨静谧，适合休闲度假。	424	6251
2505	行政套房	行政套房，空间宽敞，配套齐全，尊享舒适入住体验。	772	6252
2505	大床房	大床房，配备舒适大床，温馨静谧，适合休闲度假。	311	6253
2506	行政套房	行政套房，空间宽敞，配套齐全，尊享舒适入住体验。	582	6254
2506	大床房	大床房，配备舒适大床，温馨静谧，适合休闲度假。	399	6255
2507	行政套房	行政套房，空间宽敞，配套齐全，尊享舒适入住体验。	822	6256
2507	大床房	大床房，配备舒适大床，温馨静谧，适合休闲度假。	413	6257
2508	标准间	标准间，简洁整洁，设施完备，高性价比之选。	228	6258
2508	行政套房	行政套房，空间宽敞，配套齐全，尊享舒适入住体验。	669	6259
2509	标准间	标准间，简洁整洁，设施完备，高性价比之选。	311	6260
2509	行政套房	行政套房，空间宽敞，配套齐全，尊享舒适入住体验。	509	6261
2510	大床房	大床房，配备舒适大床，温馨静谧，适合休闲度假。	381	6262
2510	行政套房	行政套房，空间宽敞，配套齐全，尊享舒适入住体验。	647	6263
2510	标准间	标准间，简洁整洁，设施完备，高性价比之选。	214	6264
2511	行政套房	行政套房，空间宽敞，配套齐全，尊享舒适入住体验。	524	6265
2511	标准间	标准间，简洁整洁，设施完备，高性价比之选。	320	6266
2511	大床房	大床房，配备舒适大床，温馨静谧，适合休闲度假。	368	6267
2512	大床房	大床房，配备舒适大床，温馨静谧，适合休闲度假。	382	6268
2512	行政套房	行政套房，空间宽敞，配套齐全，尊享舒适入住体验。	838	6269
2512	标准间	标准间，简洁整洁，设施完备，高性价比之选。	214	6270
2513	大床房	大床房，配备舒适大床，温馨静谧，适合休闲度假。	394	6271
2513	标准间	标准间，简洁整洁，设施完备，高性价比之选。	250	6272
2513	行政套房	行政套房，空间宽敞，配套齐全，尊享舒适入住体验。	718	6273
2514	行政套房	行政套房，空间宽敞，配套齐全，尊享舒适入住体验。	746	6274
2514	标准间	标准间，简洁整洁，设施完备，高性价比之选。	203	6275
2514	大床房	大床房，配备舒适大床，温馨静谧，适合休闲度假。	368	6276
2515	行政套房	行政套房，空间宽敞，配套齐全，尊享舒适入住体验。	574	6277
2515	标准间	标准间，简洁整洁，设施完备，高性价比之选。	246	6278
2515	大床房	大床房，配备舒适大床，温馨静谧，适合休闲度假。	417	6279
2516	标准间	标准间，简洁整洁，设施完备，高性价比之选。	275	6280
2516	行政套房	行政套房，空间宽敞，配套齐全，尊享舒适入住体验。	502	6281
2516	大床房	大床房，配备舒适大床，温馨静谧，适合休闲度假。	347	6282
2517	大床房	大床房，配备舒适大床，温馨静谧，适合休闲度假。	351	6283
2517	行政套房	行政套房，空间宽敞，配套齐全，尊享舒适入住体验。	801	6284
2518	标准间	标准间，简洁整洁，设施完备，高性价比之选。	214	6285
2518	行政套房	行政套房，空间宽敞，配套齐全，尊享舒适入住体验。	747	6286
2519	标准间	标准间，简洁整洁，设施完备，高性价比之选。	236	6287
2519	大床房	大床房，配备舒适大床，温馨静谧，适合休闲度假。	422	6288
2519	行政套房	行政套房，空间宽敞，配套齐全，尊享舒适入住体验。	664	6289
2520	行政套房	行政套房，空间宽敞，配套齐全，尊享舒适入住体验。	532	6290
2520	大床房	大床房，配备舒适大床，温馨静谧，适合休闲度假。	446	6291
2520	标准间	标准间，简洁整洁，设施完备，高性价比之选。	242	6292
2521	大床房	大床房，配备舒适大床，温馨静谧，适合休闲度假。	335	6293
2521	标准间	标准间，简洁整洁，设施完备，高性价比之选。	216	6294
2522	标准间	标准间，简洁整洁，设施完备，高性价比之选。	237	6295
2522	行政套房	行政套房，空间宽敞，配套齐全，尊享舒适入住体验。	658	6296
2522	大床房	大床房，配备舒适大床，温馨静谧，适合休闲度假。	415	6297
2523	大床房	大床房，配备舒适大床，温馨静谧，适合休闲度假。	449	6298
2523	行政套房	行政套房，空间宽敞，配套齐全，尊享舒适入住体验。	857	6299
2523	标准间	标准间，简洁整洁，设施完备，高性价比之选。	245	6300
2524	标准间	标准间，简洁整洁，设施完备，高性价比之选。	301	6301
2524	行政套房	行政套房，空间宽敞，配套齐全，尊享舒适入住体验。	806	6302
2525	大床房	大床房，配备舒适大床，温馨静谧，适合休闲度假。	283	6303
2525	行政套房	行政套房，空间宽敞，配套齐全，尊享舒适入住体验。	764	6304
2526	行政套房	行政套房，空间宽敞，配套齐全，尊享舒适入住体验。	729	6305
2526	大床房	大床房，配备舒适大床，温馨静谧，适合休闲度假。	436	6306
2527	标准间	标准间，简洁整洁，设施完备，高性价比之选。	306	6307
2527	大床房	大床房，配备舒适大床，温馨静谧，适合休闲度假。	276	6308
2527	行政套房	行政套房，空间宽敞，配套齐全，尊享舒适入住体验。	514	6309
2528	标准间	标准间，简洁整洁，设施完备，高性价比之选。	221	6310
2528	大床房	大床房，配备舒适大床，温馨静谧，适合休闲度假。	416	6311
2529	行政套房	行政套房，空间宽敞，配套齐全，尊享舒适入住体验。	642	6312
2529	标准间	标准间，简洁整洁，设施完备，高性价比之选。	258	6313
2529	大床房	大床房，配备舒适大床，温馨静谧，适合休闲度假。	367	6314
2530	大床房	大床房，配备舒适大床，温馨静谧，适合休闲度假。	422	6315
2530	标准间	标准间，简洁整洁，设施完备，高性价比之选。	305	6316
2530	行政套房	行政套房，空间宽敞，配套齐全，尊享舒适入住体验。	655	6317
2531	标准间	标准间，简洁整洁，设施完备，高性价比之选。	215	6318
2531	行政套房	行政套房，空间宽敞，配套齐全，尊享舒适入住体验。	646	6319
2531	大床房	大床房，配备舒适大床，温馨静谧，适合休闲度假。	292	6320
2532	行政套房	行政套房，空间宽敞，配套齐全，尊享舒适入住体验。	570	6321
2532	大床房	大床房，配备舒适大床，温馨静谧，适合休闲度假。	339	6322
2532	标准间	标准间，简洁整洁，设施完备，高性价比之选。	288	6323
2533	标准间	标准间，简洁整洁，设施完备，高性价比之选。	243	6324
2533	行政套房	行政套房，空间宽敞，配套齐全，尊享舒适入住体验。	547	6325
2533	大床房	大床房，配备舒适大床，温馨静谧，适合休闲度假。	477	6326
2534	大床房	大床房，配备舒适大床，温馨静谧，适合休闲度假。	452	6327
2534	标准间	标准间，简洁整洁，设施完备，高性价比之选。	302	6328
2534	行政套房	行政套房，空间宽敞，配套齐全，尊享舒适入住体验。	485	6329
2535	标准间	标准间，简洁整洁，设施完备，高性价比之选。	248	6330
2535	行政套房	行政套房，空间宽敞，配套齐全，尊享舒适入住体验。	737	6331
2535	大床房	大床房，配备舒适大床，温馨静谧，适合休闲度假。	361	6332
2536	标准间	标准间，简洁整洁，设施完备，高性价比之选。	186	6333
2536	行政套房	行政套房，空间宽敞，配套齐全，尊享舒适入住体验。	502	6334
2537	标准间	标准间，简洁整洁，设施完备，高性价比之选。	218	6335
2537	行政套房	行政套房，空间宽敞，配套齐全，尊享舒适入住体验。	514	6336
2538	标准间	标准间，简洁整洁，设施完备，高性价比之选。	288	6337
2538	大床房	大床房，配备舒适大床，温馨静谧，适合休闲度假。	278	6338
2538	行政套房	行政套房，空间宽敞，配套齐全，尊享舒适入住体验。	563	6339
2539	大床房	大床房，配备舒适大床，温馨静谧，适合休闲度假。	458	6340
2539	标准间	标准间，简洁整洁，设施完备，高性价比之选。	316	6341
2540	标准间	标准间，简洁整洁，设施完备，高性价比之选。	261	6342
2540	大床房	大床房，配备舒适大床，温馨静谧，适合休闲度假。	462	6343
2541	标准间	标准间，简洁整洁，设施完备，高性价比之选。	292	6344
2541	大床房	大床房，配备舒适大床，温馨静谧，适合休闲度假。	409	6345
2542	标准间	标准间，简洁整洁，设施完备，高性价比之选。	211	6346
2542	行政套房	行政套房，空间宽敞，配套齐全，尊享舒适入住体验。	691	6347
2542	大床房	大床房，配备舒适大床，温馨静谧，适合休闲度假。	431	6348
2543	行政套房	行政套房，空间宽敞，配套齐全，尊享舒适入住体验。	508	6349
2543	大床房	大床房，配备舒适大床，温馨静谧，适合休闲度假。	464	6350
2544	大床房	大床房，配备舒适大床，温馨静谧，适合休闲度假。	472	6351
2544	行政套房	行政套房，空间宽敞，配套齐全，尊享舒适入住体验。	607	6352
2544	标准间	标准间，简洁整洁，设施完备，高性价比之选。	303	6353
2545	行政套房	行政套房，空间宽敞，配套齐全，尊享舒适入住体验。	654	6354
2545	大床房	大床房，配备舒适大床，温馨静谧，适合休闲度假。	391	6355
2545	标准间	标准间，简洁整洁，设施完备，高性价比之选。	213	6356
2546	大床房	大床房，配备舒适大床，温馨静谧，适合休闲度假。	363	6357
2546	行政套房	行政套房，空间宽敞，配套齐全，尊享舒适入住体验。	765	6358
2546	标准间	标准间，简洁整洁，设施完备，高性价比之选。	313	6359
2547	大床房	大床房，配备舒适大床，温馨静谧，适合休闲度假。	320	6360
2547	行政套房	行政套房，空间宽敞，配套齐全，尊享舒适入住体验。	749	6361
2547	标准间	标准间，简洁整洁，设施完备，高性价比之选。	313	6362
2548	标准间	标准间，简洁整洁，设施完备，高性价比之选。	263	6363
2548	行政套房	行政套房，空间宽敞，配套齐全，尊享舒适入住体验。	711	6364
2549	行政套房	行政套房，空间宽敞，配套齐全，尊享舒适入住体验。	745	6365
2549	标准间	标准间，简洁整洁，设施完备，高性价比之选。	225	6366
2550	标准间	标准间，简洁整洁，设施完备，高性价比之选。	187	6367
2550	大床房	大床房，配备舒适大床，温馨静谧，适合休闲度假。	445	6368
2550	行政套房	行政套房，空间宽敞，配套齐全，尊享舒适入住体验。	543	6369
2551	标准间	标准间，简洁整洁，设施完备，高性价比之选。	265	6370
2551	大床房	大床房，配备舒适大床，温馨静谧，适合休闲度假。	458	6371
2551	行政套房	行政套房，空间宽敞，配套齐全，尊享舒适入住体验。	508	6372
2552	行政套房	行政套房，空间宽敞，配套齐全，尊享舒适入住体验。	763	6373
2552	标准间	标准间，简洁整洁，设施完备，高性价比之选。	204	6374
2553	行政套房	行政套房，空间宽敞，配套齐全，尊享舒适入住体验。	851	6375
2553	大床房	大床房，配备舒适大床，温馨静谧，适合休闲度假。	357	6376
2554	标准间	标准间，简洁整洁，设施完备，高性价比之选。	276	6377
2554	行政套房	行政套房，空间宽敞，配套齐全，尊享舒适入住体验。	577	6378
2555	标准间	标准间，简洁整洁，设施完备，高性价比之选。	284	6379
2555	行政套房	行政套房，空间宽敞，配套齐全，尊享舒适入住体验。	842	6380
2556	标准间	标准间，简洁整洁，设施完备，高性价比之选。	299	6381
2556	行政套房	行政套房，空间宽敞，配套齐全，尊享舒适入住体验。	655	6382
2556	大床房	大床房，配备舒适大床，温馨静谧，适合休闲度假。	475	6383
2557	大床房	大床房，配备舒适大床，温馨静谧，适合休闲度假。	449	6384
2557	行政套房	行政套房，空间宽敞，配套齐全，尊享舒适入住体验。	588	6385
2558	大床房	大床房，配备舒适大床，温馨静谧，适合休闲度假。	320	6386
2558	标准间	标准间，简洁整洁，设施完备，高性价比之选。	240	6387
2559	标准间	标准间，简洁整洁，设施完备，高性价比之选。	212	6388
2559	行政套房	行政套房，空间宽敞，配套齐全，尊享舒适入住体验。	825	6389
2560	标准间	标准间，简洁整洁，设施完备，高性价比之选。	186	6390
2560	大床房	大床房，配备舒适大床，温馨静谧，适合休闲度假。	386	6391
2560	行政套房	行政套房，空间宽敞，配套齐全，尊享舒适入住体验。	515	6392
2561	标准间	标准间，简洁整洁，设施完备，高性价比之选。	254	6393
2561	行政套房	行政套房，空间宽敞，配套齐全，尊享舒适入住体验。	684	6394
2561	大床房	大床房，配备舒适大床，温馨静谧，适合休闲度假。	421	6395
2562	行政套房	行政套房，空间宽敞，配套齐全，尊享舒适入住体验。	658	6396
2562	标准间	标准间，简洁整洁，设施完备，高性价比之选。	190	6397
2562	大床房	大床房，配备舒适大床，温馨静谧，适合休闲度假。	269	6398
2563	行政套房	行政套房，空间宽敞，配套齐全，尊享舒适入住体验。	532	6399
2563	标准间	标准间，简洁整洁，设施完备，高性价比之选。	203	6400
2564	大床房	大床房，配备舒适大床，温馨静谧，适合休闲度假。	271	6401
2564	标准间	标准间，简洁整洁，设施完备，高性价比之选。	256	6402
2565	大床房	大床房，配备舒适大床，温馨静谧，适合休闲度假。	477	6403
2565	行政套房	行政套房，空间宽敞，配套齐全，尊享舒适入住体验。	693	6404
2565	标准间	标准间，简洁整洁，设施完备，高性价比之选。	296	6405
2566	标准间	标准间，简洁整洁，设施完备，高性价比之选。	251	6406
2566	大床房	大床房，配备舒适大床，温馨静谧，适合休闲度假。	273	6407
2567	大床房	大床房，配备舒适大床，温馨静谧，适合休闲度假。	374	6408
2567	行政套房	行政套房，空间宽敞，配套齐全，尊享舒适入住体验。	710	6409
2568	行政套房	行政套房，空间宽敞，配套齐全，尊享舒适入住体验。	610	6410
2568	大床房	大床房，配备舒适大床，温馨静谧，适合休闲度假。	280	6411
2568	标准间	标准间，简洁整洁，设施完备，高性价比之选。	184	6412
2569	大床房	大床房，配备舒适大床，温馨静谧，适合休闲度假。	317	6413
2569	标准间	标准间，简洁整洁，设施完备，高性价比之选。	181	6414
2570	大床房	大床房，配备舒适大床，温馨静谧，适合休闲度假。	386	6415
2570	标准间	标准间，简洁整洁，设施完备，高性价比之选。	248	6416
2571	标准间	标准间，简洁整洁，设施完备，高性价比之选。	203	6417
2571	行政套房	行政套房，空间宽敞，配套齐全，尊享舒适入住体验。	876	6418
2572	行政套房	行政套房，空间宽敞，配套齐全，尊享舒适入住体验。	719	6419
2572	大床房	大床房，配备舒适大床，温馨静谧，适合休闲度假。	294	6420
2572	标准间	标准间，简洁整洁，设施完备，高性价比之选。	282	6421
2573	行政套房	行政套房，空间宽敞，配套齐全，尊享舒适入住体验。	691	6422
2573	大床房	大床房，配备舒适大床，温馨静谧，适合休闲度假。	334	6423
2573	标准间	标准间，简洁整洁，设施完备，高性价比之选。	252	6424
2574	标准间	标准间，简洁整洁，设施完备，高性价比之选。	216	6425
2574	行政套房	行政套房，空间宽敞，配套齐全，尊享舒适入住体验。	713	6426
2575	大床房	大床房，配备舒适大床，温馨静谧，适合休闲度假。	262	6427
2575	行政套房	行政套房，空间宽敞，配套齐全，尊享舒适入住体验。	839	6428
2576	标准间	标准间，简洁整洁，设施完备，高性价比之选。	273	6429
2576	大床房	大床房，配备舒适大床，温馨静谧，适合休闲度假。	316	6430
2577	标准间	标准间，简洁整洁，设施完备，高性价比之选。	281	6431
2577	大床房	大床房，配备舒适大床，温馨静谧，适合休闲度假。	427	6432
2577	行政套房	行政套房，空间宽敞，配套齐全，尊享舒适入住体验。	593	6433
2578	标准间	标准间，简洁整洁，设施完备，高性价比之选。	246	6434
2578	行政套房	行政套房，空间宽敞，配套齐全，尊享舒适入住体验。	591	6435
2579	行政套房	行政套房，空间宽敞，配套齐全，尊享舒适入住体验。	587	6436
2579	标准间	标准间，简洁整洁，设施完备，高性价比之选。	298	6437
2579	大床房	大床房，配备舒适大床，温馨静谧，适合休闲度假。	438	6438
2580	行政套房	行政套房，空间宽敞，配套齐全，尊享舒适入住体验。	756	6439
2580	标准间	标准间，简洁整洁，设施完备，高性价比之选。	282	6440
2581	行政套房	行政套房，空间宽敞，配套齐全，尊享舒适入住体验。	678	6441
2581	大床房	大床房，配备舒适大床，温馨静谧，适合休闲度假。	439	6442
2581	标准间	标准间，简洁整洁，设施完备，高性价比之选。	285	6443
2582	大床房	大床房，配备舒适大床，温馨静谧，适合休闲度假。	351	6444
2582	标准间	标准间，简洁整洁，设施完备，高性价比之选。	277	6445
2582	行政套房	行政套房，空间宽敞，配套齐全，尊享舒适入住体验。	553	6446
2583	大床房	大床房，配备舒适大床，温馨静谧，适合休闲度假。	306	6447
2583	行政套房	行政套房，空间宽敞，配套齐全，尊享舒适入住体验。	877	6448
2583	标准间	标准间，简洁整洁，设施完备，高性价比之选。	281	6449
2584	行政套房	行政套房，空间宽敞，配套齐全，尊享舒适入住体验。	645	6450
2584	大床房	大床房，配备舒适大床，温馨静谧，适合休闲度假。	440	6451
2584	标准间	标准间，简洁整洁，设施完备，高性价比之选。	183	6452
2585	大床房	大床房，配备舒适大床，温馨静谧，适合休闲度假。	405	6453
2585	标准间	标准间，简洁整洁，设施完备，高性价比之选。	319	6454
2586	大床房	大床房，配备舒适大床，温馨静谧，适合休闲度假。	302	6455
2586	标准间	标准间，简洁整洁，设施完备，高性价比之选。	253	6456
2587	大床房	大床房，配备舒适大床，温馨静谧，适合休闲度假。	473	6457
2587	行政套房	行政套房，空间宽敞，配套齐全，尊享舒适入住体验。	486	6458
2587	标准间	标准间，简洁整洁，设施完备，高性价比之选。	270	6459
2588	标准间	标准间，简洁整洁，设施完备，高性价比之选。	198	6460
2588	行政套房	行政套房，空间宽敞，配套齐全，尊享舒适入住体验。	500	6461
2588	大床房	大床房，配备舒适大床，温馨静谧，适合休闲度假。	353	6462
2589	行政套房	行政套房，空间宽敞，配套齐全，尊享舒适入住体验。	564	6463
2589	标准间	标准间，简洁整洁，设施完备，高性价比之选。	287	6464
2589	大床房	大床房，配备舒适大床，温馨静谧，适合休闲度假。	302	6465
2590	大床房	大床房，配备舒适大床，温馨静谧，适合休闲度假。	443	6466
2590	标准间	标准间，简洁整洁，设施完备，高性价比之选。	320	6467
2590	行政套房	行政套房，空间宽敞，配套齐全，尊享舒适入住体验。	601	6468
2591	行政套房	行政套房，空间宽敞，配套齐全，尊享舒适入住体验。	618	6469
2591	大床房	大床房，配备舒适大床，温馨静谧，适合休闲度假。	374	6470
2592	行政套房	行政套房，空间宽敞，配套齐全，尊享舒适入住体验。	781	6471
2592	大床房	大床房，配备舒适大床，温馨静谧，适合休闲度假。	350	6472
2592	标准间	标准间，简洁整洁，设施完备，高性价比之选。	200	6473
2593	大床房	大床房，配备舒适大床，温馨静谧，适合休闲度假。	380	6474
2593	标准间	标准间，简洁整洁，设施完备，高性价比之选。	256	6475
2593	行政套房	行政套房，空间宽敞，配套齐全，尊享舒适入住体验。	584	6476
2594	行政套房	行政套房，空间宽敞，配套齐全，尊享舒适入住体验。	641	6477
2594	标准间	标准间，简洁整洁，设施完备，高性价比之选。	249	6478
2594	大床房	大床房，配备舒适大床，温馨静谧，适合休闲度假。	363	6479
2595	大床房	大床房，配备舒适大床，温馨静谧，适合休闲度假。	426	6480
2595	行政套房	行政套房，空间宽敞，配套齐全，尊享舒适入住体验。	871	6481
2595	标准间	标准间，简洁整洁，设施完备，高性价比之选。	298	6482
2596	大床房	大床房，配备舒适大床，温馨静谧，适合休闲度假。	338	6483
2596	行政套房	行政套房，空间宽敞，配套齐全，尊享舒适入住体验。	532	6484
2596	标准间	标准间，简洁整洁，设施完备，高性价比之选。	283	6485
2597	行政套房	行政套房，空间宽敞，配套齐全，尊享舒适入住体验。	741	6486
2597	标准间	标准间，简洁整洁，设施完备，高性价比之选。	271	6487
2598	标准间	标准间，简洁整洁，设施完备，高性价比之选。	273	6488
2598	大床房	大床房，配备舒适大床，温馨静谧，适合休闲度假。	463	6489
2598	行政套房	行政套房，空间宽敞，配套齐全，尊享舒适入住体验。	842	6490
2599	大床房	大床房，配备舒适大床，温馨静谧，适合休闲度假。	327	6491
2599	标准间	标准间，简洁整洁，设施完备，高性价比之选。	277	6492
2599	行政套房	行政套房，空间宽敞，配套齐全，尊享舒适入住体验。	584	6493
2600	行政套房	行政套房，空间宽敞，配套齐全，尊享舒适入住体验。	770	6494
2600	大床房	大床房，配备舒适大床，温馨静谧，适合休闲度假。	451	6495
2601	标准间	标准间，简洁整洁，设施完备，高性价比之选。	293	6496
2601	行政套房	行政套房，空间宽敞，配套齐全，尊享舒适入住体验。	560	6497
2601	大床房	大床房，配备舒适大床，温馨静谧，适合休闲度假。	329	6498
2602	大床房	大床房，配备舒适大床，温馨静谧，适合休闲度假。	282	6499
2602	标准间	标准间，简洁整洁，设施完备，高性价比之选。	276	6500
2603	标准间	标准间，简洁整洁，设施完备，高性价比之选。	242	6501
2603	行政套房	行政套房，空间宽敞，配套齐全，尊享舒适入住体验。	543	6502
2603	大床房	大床房，配备舒适大床，温馨静谧，适合休闲度假。	362	6503
2604	行政套房	行政套房，空间宽敞，配套齐全，尊享舒适入住体验。	725	6504
2604	标准间	标准间，简洁整洁，设施完备，高性价比之选。	285	6505
2604	大床房	大床房，配备舒适大床，温馨静谧，适合休闲度假。	330	6506
2605	大床房	大床房，配备舒适大床，温馨静谧，适合休闲度假。	413	6507
2605	标准间	标准间，简洁整洁，设施完备，高性价比之选。	296	6508
2606	标准间	标准间，简洁整洁，设施完备，高性价比之选。	181	6509
2606	大床房	大床房，配备舒适大床，温馨静谧，适合休闲度假。	449	6510
2606	行政套房	行政套房，空间宽敞，配套齐全，尊享舒适入住体验。	785	6511
2607	大床房	大床房，配备舒适大床，温馨静谧，适合休闲度假。	447	6512
2607	行政套房	行政套房，空间宽敞，配套齐全，尊享舒适入住体验。	785	6513
2608	行政套房	行政套房，空间宽敞，配套齐全，尊享舒适入住体验。	624	6514
2608	大床房	大床房，配备舒适大床，温馨静谧，适合休闲度假。	468	6515
2608	标准间	标准间，简洁整洁，设施完备，高性价比之选。	289	6516
2609	大床房	大床房，配备舒适大床，温馨静谧，适合休闲度假。	383	6517
2609	标准间	标准间，简洁整洁，设施完备，高性价比之选。	289	6518
2610	大床房	大床房，配备舒适大床，温馨静谧，适合休闲度假。	480	6519
2610	标准间	标准间，简洁整洁，设施完备，高性价比之选。	308	6520
2610	行政套房	行政套房，空间宽敞，配套齐全，尊享舒适入住体验。	810	6521
2611	大床房	大床房，配备舒适大床，温馨静谧，适合休闲度假。	441	6522
2611	行政套房	行政套房，空间宽敞，配套齐全，尊享舒适入住体验。	597	6523
2612	标准间	标准间，简洁整洁，设施完备，高性价比之选。	199	6524
2612	行政套房	行政套房，空间宽敞，配套齐全，尊享舒适入住体验。	552	6525
2612	大床房	大床房，配备舒适大床，温馨静谧，适合休闲度假。	461	6526
2613	标准间	标准间，简洁整洁，设施完备，高性价比之选。	221	6527
2613	大床房	大床房，配备舒适大床，温馨静谧，适合休闲度假。	387	6528
2614	大床房	大床房，配备舒适大床，温馨静谧，适合休闲度假。	387	6529
2614	行政套房	行政套房，空间宽敞，配套齐全，尊享舒适入住体验。	619	6530
2615	标准间	标准间，简洁整洁，设施完备，高性价比之选。	238	6531
2615	行政套房	行政套房，空间宽敞，配套齐全，尊享舒适入住体验。	493	6532
2616	大床房	大床房，配备舒适大床，温馨静谧，适合休闲度假。	297	6533
2616	行政套房	行政套房，空间宽敞，配套齐全，尊享舒适入住体验。	649	6534
2616	标准间	标准间，简洁整洁，设施完备，高性价比之选。	253	6535
2617	行政套房	行政套房，空间宽敞，配套齐全，尊享舒适入住体验。	512	6536
2617	大床房	大床房，配备舒适大床，温馨静谧，适合休闲度假。	287	6537
2618	行政套房	行政套房，空间宽敞，配套齐全，尊享舒适入住体验。	562	6538
2618	标准间	标准间，简洁整洁，设施完备，高性价比之选。	306	6539
2619	行政套房	行政套房，空间宽敞，配套齐全，尊享舒适入住体验。	654	6540
2619	大床房	大床房，配备舒适大床，温馨静谧，适合休闲度假。	347	6541
2620	大床房	大床房，配备舒适大床，温馨静谧，适合休闲度假。	368	6542
2620	标准间	标准间，简洁整洁，设施完备，高性价比之选。	312	6543
2620	行政套房	行政套房，空间宽敞，配套齐全，尊享舒适入住体验。	509	6544
2621	标准间	标准间，简洁整洁，设施完备，高性价比之选。	260	6545
2621	行政套房	行政套房，空间宽敞，配套齐全，尊享舒适入住体验。	781	6546
2621	大床房	大床房，配备舒适大床，温馨静谧，适合休闲度假。	291	6547
2622	行政套房	行政套房，空间宽敞，配套齐全，尊享舒适入住体验。	564	6548
2622	大床房	大床房，配备舒适大床，温馨静谧，适合休闲度假。	400	6549
2622	标准间	标准间，简洁整洁，设施完备，高性价比之选。	318	6550
2623	行政套房	行政套房，空间宽敞，配套齐全，尊享舒适入住体验。	626	6551
2623	标准间	标准间，简洁整洁，设施完备，高性价比之选。	199	6552
2623	大床房	大床房，配备舒适大床，温馨静谧，适合休闲度假。	307	6553
2624	标准间	标准间，简洁整洁，设施完备，高性价比之选。	180	6554
2624	行政套房	行政套房，空间宽敞，配套齐全，尊享舒适入住体验。	727	6555
2624	大床房	大床房，配备舒适大床，温馨静谧，适合休闲度假。	368	6556
2625	标准间	标准间，简洁整洁，设施完备，高性价比之选。	277	6557
2625	大床房	大床房，配备舒适大床，温馨静谧，适合休闲度假。	292	6558
2626	标准间	标准间，简洁整洁，设施完备，高性价比之选。	253	6559
2626	行政套房	行政套房，空间宽敞，配套齐全，尊享舒适入住体验。	634	6560
2627	行政套房	行政套房，空间宽敞，配套齐全，尊享舒适入住体验。	713	6561
2627	标准间	标准间，简洁整洁，设施完备，高性价比之选。	227	6562
2628	标准间	标准间，简洁整洁，设施完备，高性价比之选。	227	6563
2628	大床房	大床房，配备舒适大床，温馨静谧，适合休闲度假。	347	6564
2629	行政套房	行政套房，空间宽敞，配套齐全，尊享舒适入住体验。	748	6565
2629	标准间	标准间，简洁整洁，设施完备，高性价比之选。	255	6566
2630	大床房	大床房，配备舒适大床，温馨静谧，适合休闲度假。	450	6567
2630	行政套房	行政套房，空间宽敞，配套齐全，尊享舒适入住体验。	674	6568
2631	行政套房	行政套房，空间宽敞，配套齐全，尊享舒适入住体验。	711	6569
2631	标准间	标准间，简洁整洁，设施完备，高性价比之选。	292	6570
2632	大床房	大床房，配备舒适大床，温馨静谧，适合休闲度假。	273	6571
2632	行政套房	行政套房，空间宽敞，配套齐全，尊享舒适入住体验。	601	6572
2633	行政套房	行政套房，空间宽敞，配套齐全，尊享舒适入住体验。	489	6573
2633	标准间	标准间，简洁整洁，设施完备，高性价比之选。	219	6574
2633	大床房	大床房，配备舒适大床，温馨静谧，适合休闲度假。	389	6575
2634	行政套房	行政套房，空间宽敞，配套齐全，尊享舒适入住体验。	762	6576
2634	大床房	大床房，配备舒适大床，温馨静谧，适合休闲度假。	267	6577
2634	标准间	标准间，简洁整洁，设施完备，高性价比之选。	289	6578
2635	行政套房	行政套房，空间宽敞，配套齐全，尊享舒适入住体验。	615	6579
2635	大床房	大床房，配备舒适大床，温馨静谧，适合休闲度假。	449	6580
2636	行政套房	行政套房，空间宽敞，配套齐全，尊享舒适入住体验。	610	6581
2636	标准间	标准间，简洁整洁，设施完备，高性价比之选。	318	6582
2636	大床房	大床房，配备舒适大床，温馨静谧，适合休闲度假。	282	6583
2637	行政套房	行政套房，空间宽敞，配套齐全，尊享舒适入住体验。	844	6584
2637	大床房	大床房，配备舒适大床，温馨静谧，适合休闲度假。	268	6585
2637	标准间	标准间，简洁整洁，设施完备，高性价比之选。	245	6586
2638	标准间	标准间，简洁整洁，设施完备，高性价比之选。	239	6587
2638	行政套房	行政套房，空间宽敞，配套齐全，尊享舒适入住体验。	781	6588
2639	行政套房	行政套房，空间宽敞，配套齐全，尊享舒适入住体验。	717	6589
2639	大床房	大床房，配备舒适大床，温馨静谧，适合休闲度假。	324	6590
2640	大床房	大床房，配备舒适大床，温馨静谧，适合休闲度假。	470	6591
2640	标准间	标准间，简洁整洁，设施完备，高性价比之选。	317	6592
2640	行政套房	行政套房，空间宽敞，配套齐全，尊享舒适入住体验。	641	6593
2641	大床房	大床房，配备舒适大床，温馨静谧，适合休闲度假。	394	6594
2641	标准间	标准间，简洁整洁，设施完备，高性价比之选。	206	6595
2641	行政套房	行政套房，空间宽敞，配套齐全，尊享舒适入住体验。	795	6596
2642	标准间	标准间，简洁整洁，设施完备，高性价比之选。	299	6597
2642	大床房	大床房，配备舒适大床，温馨静谧，适合休闲度假。	376	6598
2642	行政套房	行政套房，空间宽敞，配套齐全，尊享舒适入住体验。	500	6599
2643	标准间	标准间，简洁整洁，设施完备，高性价比之选。	285	6600
2643	大床房	大床房，配备舒适大床，温馨静谧，适合休闲度假。	445	6601
2643	行政套房	行政套房，空间宽敞，配套齐全，尊享舒适入住体验。	635	6602
2644	行政套房	行政套房，空间宽敞，配套齐全，尊享舒适入住体验。	734	6603
2644	标准间	标准间，简洁整洁，设施完备，高性价比之选。	205	6604
2644	大床房	大床房，配备舒适大床，温馨静谧，适合休闲度假。	326	6605
2645	大床房	大床房，配备舒适大床，温馨静谧，适合休闲度假。	425	6606
2645	行政套房	行政套房，空间宽敞，配套齐全，尊享舒适入住体验。	671	6607
2646	行政套房	行政套房，空间宽敞，配套齐全，尊享舒适入住体验。	586	6608
2646	标准间	标准间，简洁整洁，设施完备，高性价比之选。	240	6609
2646	大床房	大床房，配备舒适大床，温馨静谧，适合休闲度假。	350	6610
2647	行政套房	行政套房，空间宽敞，配套齐全，尊享舒适入住体验。	535	6611
2647	标准间	标准间，简洁整洁，设施完备，高性价比之选。	243	6612
2647	大床房	大床房，配备舒适大床，温馨静谧，适合休闲度假。	365	6613
2648	大床房	大床房，配备舒适大床，温馨静谧，适合休闲度假。	332	6614
2648	标准间	标准间，简洁整洁，设施完备，高性价比之选。	213	6615
2649	标准间	标准间，简洁整洁，设施完备，高性价比之选。	200	6616
2649	行政套房	行政套房，空间宽敞，配套齐全，尊享舒适入住体验。	497	6617
2650	标准间	标准间，简洁整洁，设施完备，高性价比之选。	273	6618
2650	大床房	大床房，配备舒适大床，温馨静谧，适合休闲度假。	475	6619
2650	行政套房	行政套房，空间宽敞，配套齐全，尊享舒适入住体验。	801	6620
2651	大床房	大床房，配备舒适大床，温馨静谧，适合休闲度假。	351	6621
2651	行政套房	行政套房，空间宽敞，配套齐全，尊享舒适入住体验。	562	6622
2651	标准间	标准间，简洁整洁，设施完备，高性价比之选。	295	6623
2652	标准间	标准间，简洁整洁，设施完备，高性价比之选。	288	6624
2652	大床房	大床房，配备舒适大床，温馨静谧，适合休闲度假。	402	6625
2652	行政套房	行政套房，空间宽敞，配套齐全，尊享舒适入住体验。	820	6626
2653	大床房	大床房，配备舒适大床，温馨静谧，适合休闲度假。	382	6627
2653	标准间	标准间，简洁整洁，设施完备，高性价比之选。	297	6628
2654	大床房	大床房，配备舒适大床，温馨静谧，适合休闲度假。	352	6629
2654	标准间	标准间，简洁整洁，设施完备，高性价比之选。	275	6630
2655	标准间	标准间，简洁整洁，设施完备，高性价比之选。	210	6631
2655	行政套房	行政套房，空间宽敞，配套齐全，尊享舒适入住体验。	498	6632
2656	行政套房	行政套房，空间宽敞，配套齐全，尊享舒适入住体验。	792	6633
2656	大床房	大床房，配备舒适大床，温馨静谧，适合休闲度假。	355	6634
2656	标准间	标准间，简洁整洁，设施完备，高性价比之选。	289	6635
2657	大床房	大床房，配备舒适大床，温馨静谧，适合休闲度假。	366	6636
2657	标准间	标准间，简洁整洁，设施完备，高性价比之选。	305	6637
2657	行政套房	行政套房，空间宽敞，配套齐全，尊享舒适入住体验。	594	6638
2658	行政套房	行政套房，空间宽敞，配套齐全，尊享舒适入住体验。	854	6639
2658	大床房	大床房，配备舒适大床，温馨静谧，适合休闲度假。	296	6640
2658	标准间	标准间，简洁整洁，设施完备，高性价比之选。	193	6641
2659	大床房	大床房，配备舒适大床，温馨静谧，适合休闲度假。	415	6642
2659	标准间	标准间，简洁整洁，设施完备，高性价比之选。	184	6643
2659	行政套房	行政套房，空间宽敞，配套齐全，尊享舒适入住体验。	573	6644
2660	标准间	标准间，简洁整洁，设施完备，高性价比之选。	287	6645
2660	行政套房	行政套房，空间宽敞，配套齐全，尊享舒适入住体验。	696	6646
2660	大床房	大床房，配备舒适大床，温馨静谧，适合休闲度假。	341	6647
2661	行政套房	行政套房，空间宽敞，配套齐全，尊享舒适入住体验。	655	6648
2661	标准间	标准间，简洁整洁，设施完备，高性价比之选。	251	6649
2661	大床房	大床房，配备舒适大床，温馨静谧，适合休闲度假。	295	6650
2662	行政套房	行政套房，空间宽敞，配套齐全，尊享舒适入住体验。	693	6651
2662	大床房	大床房，配备舒适大床，温馨静谧，适合休闲度假。	317	6652
2663	大床房	大床房，配备舒适大床，温馨静谧，适合休闲度假。	275	6653
2663	标准间	标准间，简洁整洁，设施完备，高性价比之选。	199	6654
2663	行政套房	行政套房，空间宽敞，配套齐全，尊享舒适入住体验。	781	6655
2664	标准间	标准间，简洁整洁，设施完备，高性价比之选。	265	6656
2664	行政套房	行政套房，空间宽敞，配套齐全，尊享舒适入住体验。	550	6657
2664	大床房	大床房，配备舒适大床，温馨静谧，适合休闲度假。	305	6658
2665	行政套房	行政套房，空间宽敞，配套齐全，尊享舒适入住体验。	488	6659
2665	大床房	大床房，配备舒适大床，温馨静谧，适合休闲度假。	448	6660
2666	大床房	大床房，配备舒适大床，温馨静谧，适合休闲度假。	450	6661
2666	行政套房	行政套房，空间宽敞，配套齐全，尊享舒适入住体验。	524	6662
2666	标准间	标准间，简洁整洁，设施完备，高性价比之选。	307	6663
2667	标准间	标准间，简洁整洁，设施完备，高性价比之选。	261	6664
2667	大床房	大床房，配备舒适大床，温馨静谧，适合休闲度假。	374	6665
2668	大床房	大床房，配备舒适大床，温馨静谧，适合休闲度假。	387	6666
2668	标准间	标准间，简洁整洁，设施完备，高性价比之选。	268	6667
2668	行政套房	行政套房，空间宽敞，配套齐全，尊享舒适入住体验。	628	6668
2669	标准间	标准间，简洁整洁，设施完备，高性价比之选。	309	6669
2669	大床房	大床房，配备舒适大床，温馨静谧，适合休闲度假。	475	6670
2669	行政套房	行政套房，空间宽敞，配套齐全，尊享舒适入住体验。	800	6671
2670	标准间	标准间，简洁整洁，设施完备，高性价比之选。	191	6672
2670	大床房	大床房，配备舒适大床，温馨静谧，适合休闲度假。	414	6673
2671	大床房	大床房，配备舒适大床，温馨静谧，适合休闲度假。	299	6674
2671	标准间	标准间，简洁整洁，设施完备，高性价比之选。	235	6675
2672	标准间	标准间，简洁整洁，设施完备，高性价比之选。	289	6676
2672	行政套房	行政套房，空间宽敞，配套齐全，尊享舒适入住体验。	762	6677
2673	标准间	标准间，简洁整洁，设施完备，高性价比之选。	300	6678
2673	大床房	大床房，配备舒适大床，温馨静谧，适合休闲度假。	309	6679
2673	行政套房	行政套房，空间宽敞，配套齐全，尊享舒适入住体验。	686	6680
2674	标准间	标准间，简洁整洁，设施完备，高性价比之选。	289	6681
2674	行政套房	行政套房，空间宽敞，配套齐全，尊享舒适入住体验。	519	6682
2674	大床房	大床房，配备舒适大床，温馨静谧，适合休闲度假。	345	6683
2675	标准间	标准间，简洁整洁，设施完备，高性价比之选。	230	6684
2675	大床房	大床房，配备舒适大床，温馨静谧，适合休闲度假。	395	6685
2675	行政套房	行政套房，空间宽敞，配套齐全，尊享舒适入住体验。	649	6686
2676	大床房	大床房，配备舒适大床，温馨静谧，适合休闲度假。	296	6687
2676	标准间	标准间，简洁整洁，设施完备，高性价比之选。	280	6688
2677	大床房	大床房，配备舒适大床，温馨静谧，适合休闲度假。	401	6689
2677	行政套房	行政套房，空间宽敞，配套齐全，尊享舒适入住体验。	714	6690
2677	标准间	标准间，简洁整洁，设施完备，高性价比之选。	306	6691
2678	标准间	标准间，简洁整洁，设施完备，高性价比之选。	276	6692
2678	大床房	大床房，配备舒适大床，温馨静谧，适合休闲度假。	472	6693
2679	行政套房	行政套房，空间宽敞，配套齐全，尊享舒适入住体验。	515	6694
2679	大床房	大床房，配备舒适大床，温馨静谧，适合休闲度假。	401	6695
2679	标准间	标准间，简洁整洁，设施完备，高性价比之选。	246	6696
2680	标准间	标准间，简洁整洁，设施完备，高性价比之选。	316	6697
2680	行政套房	行政套房，空间宽敞，配套齐全，尊享舒适入住体验。	732	6698
2680	大床房	大床房，配备舒适大床，温馨静谧，适合休闲度假。	466	6699
2681	大床房	大床房，配备舒适大床，温馨静谧，适合休闲度假。	331	6700
2681	行政套房	行政套房，空间宽敞，配套齐全，尊享舒适入住体验。	580	6701
2682	标准间	标准间，简洁整洁，设施完备，高性价比之选。	264	6702
2682	行政套房	行政套房，空间宽敞，配套齐全，尊享舒适入住体验。	784	6703
2683	大床房	大床房，配备舒适大床，温馨静谧，适合休闲度假。	444	6704
2683	行政套房	行政套房，空间宽敞，配套齐全，尊享舒适入住体验。	481	6705
2683	标准间	标准间，简洁整洁，设施完备，高性价比之选。	309	6706
2684	大床房	大床房，配备舒适大床，温馨静谧，适合休闲度假。	452	6707
2684	标准间	标准间，简洁整洁，设施完备，高性价比之选。	279	6708
2685	行政套房	行政套房，空间宽敞，配套齐全，尊享舒适入住体验。	701	6709
2685	大床房	大床房，配备舒适大床，温馨静谧，适合休闲度假。	388	6710
2686	标准间	标准间，简洁整洁，设施完备，高性价比之选。	294	6711
2686	行政套房	行政套房，空间宽敞，配套齐全，尊享舒适入住体验。	533	6712
2687	标准间	标准间，简洁整洁，设施完备，高性价比之选。	238	6713
2687	行政套房	行政套房，空间宽敞，配套齐全，尊享舒适入住体验。	687	6714
2688	标准间	标准间，简洁整洁，设施完备，高性价比之选。	273	6715
2688	大床房	大床房，配备舒适大床，温馨静谧，适合休闲度假。	294	6716
2688	行政套房	行政套房，空间宽敞，配套齐全，尊享舒适入住体验。	662	6717
2689	大床房	大床房，配备舒适大床，温馨静谧，适合休闲度假。	339	6718
2689	标准间	标准间，简洁整洁，设施完备，高性价比之选。	201	6719
2690	行政套房	行政套房，空间宽敞，配套齐全，尊享舒适入住体验。	780	6720
2690	标准间	标准间，简洁整洁，设施完备，高性价比之选。	290	6721
2691	标准间	标准间，简洁整洁，设施完备，高性价比之选。	218	6722
2691	行政套房	行政套房，空间宽敞，配套齐全，尊享舒适入住体验。	559	6723
2691	大床房	大床房，配备舒适大床，温馨静谧，适合休闲度假。	383	6724
2692	行政套房	行政套房，空间宽敞，配套齐全，尊享舒适入住体验。	681	6725
2692	标准间	标准间，简洁整洁，设施完备，高性价比之选。	220	6726
2692	大床房	大床房，配备舒适大床，温馨静谧，适合休闲度假。	360	6727
2693	行政套房	行政套房，空间宽敞，配套齐全，尊享舒适入住体验。	842	6728
2693	标准间	标准间，简洁整洁，设施完备，高性价比之选。	267	6729
2693	大床房	大床房，配备舒适大床，温馨静谧，适合休闲度假。	477	6730
2694	大床房	大床房，配备舒适大床，温馨静谧，适合休闲度假。	433	6731
2694	标准间	标准间，简洁整洁，设施完备，高性价比之选。	249	6732
2695	行政套房	行政套房，空间宽敞，配套齐全，尊享舒适入住体验。	762	6733
2695	标准间	标准间，简洁整洁，设施完备，高性价比之选。	319	6734
2696	大床房	大床房，配备舒适大床，温馨静谧，适合休闲度假。	311	6735
2696	标准间	标准间，简洁整洁，设施完备，高性价比之选。	222	6736
2696	行政套房	行政套房，空间宽敞，配套齐全，尊享舒适入住体验。	698	6737
2697	标准间	标准间，简洁整洁，设施完备，高性价比之选。	263	6738
2697	大床房	大床房，配备舒适大床，温馨静谧，适合休闲度假。	346	6739
2698	行政套房	行政套房，空间宽敞，配套齐全，尊享舒适入住体验。	808	6740
2698	大床房	大床房，配备舒适大床，温馨静谧，适合休闲度假。	280	6741
2699	标准间	标准间，简洁整洁，设施完备，高性价比之选。	275	6742
2699	大床房	大床房，配备舒适大床，温馨静谧，适合休闲度假。	338	6743
2700	标准间	标准间，简洁整洁，设施完备，高性价比之选。	277	6744
2700	行政套房	行政套房，空间宽敞，配套齐全，尊享舒适入住体验。	555	6745
2701	标准间	标准间，简洁整洁，设施完备，高性价比之选。	188	6746
2701	行政套房	行政套房，空间宽敞，配套齐全，尊享舒适入住体验。	818	6747
2701	大床房	大床房，配备舒适大床，温馨静谧，适合休闲度假。	434	6748
2702	行政套房	行政套房，空间宽敞，配套齐全，尊享舒适入住体验。	826	6749
2702	标准间	标准间，简洁整洁，设施完备，高性价比之选。	230	6750
2703	行政套房	行政套房，空间宽敞，配套齐全，尊享舒适入住体验。	588	6751
2703	大床房	大床房，配备舒适大床，温馨静谧，适合休闲度假。	391	6752
2704	标准间	标准间，简洁整洁，设施完备，高性价比之选。	254	6753
2704	大床房	大床房，配备舒适大床，温馨静谧，适合休闲度假。	427	6754
2704	行政套房	行政套房，空间宽敞，配套齐全，尊享舒适入住体验。	779	6755
2705	标准间	标准间，简洁整洁，设施完备，高性价比之选。	188	6756
2705	行政套房	行政套房，空间宽敞，配套齐全，尊享舒适入住体验。	701	6757
2705	大床房	大床房，配备舒适大床，温馨静谧，适合休闲度假。	338	6758
2706	行政套房	行政套房，空间宽敞，配套齐全，尊享舒适入住体验。	759	6759
2706	大床房	大床房，配备舒适大床，温馨静谧，适合休闲度假。	318	6760
2706	标准间	标准间，简洁整洁，设施完备，高性价比之选。	267	6761
2707	大床房	大床房，配备舒适大床，温馨静谧，适合休闲度假。	395	6762
2707	行政套房	行政套房，空间宽敞，配套齐全，尊享舒适入住体验。	659	6763
2707	标准间	标准间，简洁整洁，设施完备，高性价比之选。	229	6764
2708	大床房	大床房，配备舒适大床，温馨静谧，适合休闲度假。	330	6765
2708	行政套房	行政套房，空间宽敞，配套齐全，尊享舒适入住体验。	710	6766
2708	标准间	标准间，简洁整洁，设施完备，高性价比之选。	215	6767
2709	标准间	标准间，简洁整洁，设施完备，高性价比之选。	261	6768
2709	行政套房	行政套房，空间宽敞，配套齐全，尊享舒适入住体验。	724	6769
2710	行政套房	行政套房，空间宽敞，配套齐全，尊享舒适入住体验。	804	6770
2710	标准间	标准间，简洁整洁，设施完备，高性价比之选。	256	6771
2711	标准间	标准间，简洁整洁，设施完备，高性价比之选。	227	6772
2711	行政套房	行政套房，空间宽敞，配套齐全，尊享舒适入住体验。	632	6773
2711	大床房	大床房，配备舒适大床，温馨静谧，适合休闲度假。	282	6774
2712	大床房	大床房，配备舒适大床，温馨静谧，适合休闲度假。	439	6775
2712	行政套房	行政套房，空间宽敞，配套齐全，尊享舒适入住体验。	498	6776
2712	标准间	标准间，简洁整洁，设施完备，高性价比之选。	209	6777
2713	标准间	标准间，简洁整洁，设施完备，高性价比之选。	182	6778
2713	行政套房	行政套房，空间宽敞，配套齐全，尊享舒适入住体验。	603	6779
2713	大床房	大床房，配备舒适大床，温馨静谧，适合休闲度假。	397	6780
2714	行政套房	行政套房，空间宽敞，配套齐全，尊享舒适入住体验。	797	6781
2714	标准间	标准间，简洁整洁，设施完备，高性价比之选。	316	6782
2715	标准间	标准间，简洁整洁，设施完备，高性价比之选。	218	6783
2715	行政套房	行政套房，空间宽敞，配套齐全，尊享舒适入住体验。	750	6784
2715	大床房	大床房，配备舒适大床，温馨静谧，适合休闲度假。	367	6785
2716	行政套房	行政套房，空间宽敞，配套齐全，尊享舒适入住体验。	729	6786
2716	标准间	标准间，简洁整洁，设施完备，高性价比之选。	293	6787
2716	大床房	大床房，配备舒适大床，温馨静谧，适合休闲度假。	287	6788
2717	大床房	大床房，配备舒适大床，温馨静谧，适合休闲度假。	417	6789
2717	行政套房	行政套房，空间宽敞，配套齐全，尊享舒适入住体验。	486	6790
2717	标准间	标准间，简洁整洁，设施完备，高性价比之选。	228	6791
2718	行政套房	行政套房，空间宽敞，配套齐全，尊享舒适入住体验。	652	6792
2718	大床房	大床房，配备舒适大床，温馨静谧，适合休闲度假。	423	6793
2719	行政套房	行政套房，空间宽敞，配套齐全，尊享舒适入住体验。	551	6794
2719	大床房	大床房，配备舒适大床，温馨静谧，适合休闲度假。	478	6795
2720	大床房	大床房，配备舒适大床，温馨静谧，适合休闲度假。	389	6796
2720	行政套房	行政套房，空间宽敞，配套齐全，尊享舒适入住体验。	608	6797
2720	标准间	标准间，简洁整洁，设施完备，高性价比之选。	270	6798
2721	标准间	标准间，简洁整洁，设施完备，高性价比之选。	295	6799
2721	大床房	大床房，配备舒适大床，温馨静谧，适合休闲度假。	421	6800
2722	大床房	大床房，配备舒适大床，温馨静谧，适合休闲度假。	283	6801
2722	行政套房	行政套房，空间宽敞，配套齐全，尊享舒适入住体验。	601	6802
2722	标准间	标准间，简洁整洁，设施完备，高性价比之选。	241	6803
2723	行政套房	行政套房，空间宽敞，配套齐全，尊享舒适入住体验。	516	6804
2723	大床房	大床房，配备舒适大床，温馨静谧，适合休闲度假。	325	6805
2724	标准间	标准间，简洁整洁，设施完备，高性价比之选。	308	6806
2724	大床房	大床房，配备舒适大床，温馨静谧，适合休闲度假。	435	6807
2725	大床房	大床房，配备舒适大床，温馨静谧，适合休闲度假。	392	6808
2725	标准间	标准间，简洁整洁，设施完备，高性价比之选。	231	6809
2726	大床房	大床房，配备舒适大床，温馨静谧，适合休闲度假。	417	6810
2726	标准间	标准间，简洁整洁，设施完备，高性价比之选。	302	6811
2727	标准间	标准间，简洁整洁，设施完备，高性价比之选。	278	6812
2727	行政套房	行政套房，空间宽敞，配套齐全，尊享舒适入住体验。	567	6813
2728	大床房	大床房，配备舒适大床，温馨静谧，适合休闲度假。	438	6814
2728	标准间	标准间，简洁整洁，设施完备，高性价比之选。	276	6815
2728	行政套房	行政套房，空间宽敞，配套齐全，尊享舒适入住体验。	778	6816
2729	大床房	大床房，配备舒适大床，温馨静谧，适合休闲度假。	261	6817
2729	行政套房	行政套房，空间宽敞，配套齐全，尊享舒适入住体验。	613	6818
2730	标准间	标准间，简洁整洁，设施完备，高性价比之选。	195	6819
2730	行政套房	行政套房，空间宽敞，配套齐全，尊享舒适入住体验。	872	6820
2730	大床房	大床房，配备舒适大床，温馨静谧，适合休闲度假。	471	6821
2731	标准间	标准间，简洁整洁，设施完备，高性价比之选。	272	6822
2731	大床房	大床房，配备舒适大床，温馨静谧，适合休闲度假。	417	6823
2732	标准间	标准间，简洁整洁，设施完备，高性价比之选。	312	6824
2732	大床房	大床房，配备舒适大床，温馨静谧，适合休闲度假。	388	6825
2733	行政套房	行政套房，空间宽敞，配套齐全，尊享舒适入住体验。	688	6826
2733	标准间	标准间，简洁整洁，设施完备，高性价比之选。	256	6827
2733	大床房	大床房，配备舒适大床，温馨静谧，适合休闲度假。	281	6828
2734	行政套房	行政套房，空间宽敞，配套齐全，尊享舒适入住体验。	542	6829
2734	标准间	标准间，简洁整洁，设施完备，高性价比之选。	228	6830
2735	标准间	标准间，简洁整洁，设施完备，高性价比之选。	185	6831
2735	行政套房	行政套房，空间宽敞，配套齐全，尊享舒适入住体验。	703	6832
2735	大床房	大床房，配备舒适大床，温馨静谧，适合休闲度假。	314	6833
2736	标准间	标准间，简洁整洁，设施完备，高性价比之选。	204	6834
2736	行政套房	行政套房，空间宽敞，配套齐全，尊享舒适入住体验。	544	6835
2737	大床房	大床房，配备舒适大床，温馨静谧，适合休闲度假。	446	6836
2737	行政套房	行政套房，空间宽敞，配套齐全，尊享舒适入住体验。	836	6837
2737	标准间	标准间，简洁整洁，设施完备，高性价比之选。	280	6838
2738	标准间	标准间，简洁整洁，设施完备，高性价比之选。	311	6839
2738	行政套房	行政套房，空间宽敞，配套齐全，尊享舒适入住体验。	553	6840
2739	大床房	大床房，配备舒适大床，温馨静谧，适合休闲度假。	320	6841
2739	标准间	标准间，简洁整洁，设施完备，高性价比之选。	281	6842
2739	行政套房	行政套房，空间宽敞，配套齐全，尊享舒适入住体验。	758	6843
2740	行政套房	行政套房，空间宽敞，配套齐全，尊享舒适入住体验。	787	6844
2740	标准间	标准间，简洁整洁，设施完备，高性价比之选。	242	6845
2741	大床房	大床房，配备舒适大床，温馨静谧，适合休闲度假。	429	6846
2741	行政套房	行政套房，空间宽敞，配套齐全，尊享舒适入住体验。	547	6847
2741	标准间	标准间，简洁整洁，设施完备，高性价比之选。	240	6848
2742	标准间	标准间，简洁整洁，设施完备，高性价比之选。	300	6849
2742	行政套房	行政套房，空间宽敞，配套齐全，尊享舒适入住体验。	721	6850
2743	大床房	大床房，配备舒适大床，温馨静谧，适合休闲度假。	476	6851
2743	行政套房	行政套房，空间宽敞，配套齐全，尊享舒适入住体验。	495	6852
2744	行政套房	行政套房，空间宽敞，配套齐全，尊享舒适入住体验。	488	6853
2744	标准间	标准间，简洁整洁，设施完备，高性价比之选。	276	6854
2745	标准间	标准间，简洁整洁，设施完备，高性价比之选。	290	6855
2745	行政套房	行政套房，空间宽敞，配套齐全，尊享舒适入住体验。	492	6856
2746	标准间	标准间，简洁整洁，设施完备，高性价比之选。	259	6857
2746	行政套房	行政套房，空间宽敞，配套齐全，尊享舒适入住体验。	862	6858
2746	大床房	大床房，配备舒适大床，温馨静谧，适合休闲度假。	437	6859
2747	大床房	大床房，配备舒适大床，温馨静谧，适合休闲度假。	428	6860
2747	行政套房	行政套房，空间宽敞，配套齐全，尊享舒适入住体验。	514	6861
2747	标准间	标准间，简洁整洁，设施完备，高性价比之选。	288	6862
2748	标准间	标准间，简洁整洁，设施完备，高性价比之选。	280	6863
2748	行政套房	行政套房，空间宽敞，配套齐全，尊享舒适入住体验。	779	6864
2748	大床房	大床房，配备舒适大床，温馨静谧，适合休闲度假。	277	6865
2749	标准间	标准间，简洁整洁，设施完备，高性价比之选。	207	6866
2749	大床房	大床房，配备舒适大床，温馨静谧，适合休闲度假。	408	6867
2749	行政套房	行政套房，空间宽敞，配套齐全，尊享舒适入住体验。	658	6868
2750	大床房	大床房，配备舒适大床，温馨静谧，适合休闲度假。	266	6869
2750	行政套房	行政套房，空间宽敞，配套齐全，尊享舒适入住体验。	668	6870
2751	标准间	标准间，简洁整洁，设施完备，高性价比之选。	201	6871
2751	大床房	大床房，配备舒适大床，温馨静谧，适合休闲度假。	362	6872
2751	行政套房	行政套房，空间宽敞，配套齐全，尊享舒适入住体验。	784	6873
2752	标准间	标准间，简洁整洁，设施完备，高性价比之选。	258	6874
2752	大床房	大床房，配备舒适大床，温馨静谧，适合休闲度假。	411	6875
2753	大床房	大床房，配备舒适大床，温馨静谧，适合休闲度假。	368	6876
2753	标准间	标准间，简洁整洁，设施完备，高性价比之选。	211	6877
2753	行政套房	行政套房，空间宽敞，配套齐全，尊享舒适入住体验。	613	6878
2754	标准间	标准间，简洁整洁，设施完备，高性价比之选。	315	6879
2754	行政套房	行政套房，空间宽敞，配套齐全，尊享舒适入住体验。	783	6880
2754	大床房	大床房，配备舒适大床，温馨静谧，适合休闲度假。	329	6881
2755	行政套房	行政套房，空间宽敞，配套齐全，尊享舒适入住体验。	609	6882
2755	大床房	大床房，配备舒适大床，温馨静谧，适合休闲度假。	276	6883
2755	标准间	标准间，简洁整洁，设施完备，高性价比之选。	216	6884
2756	大床房	大床房，配备舒适大床，温馨静谧，适合休闲度假。	341	6885
2756	标准间	标准间，简洁整洁，设施完备，高性价比之选。	247	6886
2756	行政套房	行政套房，空间宽敞，配套齐全，尊享舒适入住体验。	834	6887
2757	大床房	大床房，配备舒适大床，温馨静谧，适合休闲度假。	425	6888
2757	行政套房	行政套房，空间宽敞，配套齐全，尊享舒适入住体验。	688	6889
2757	标准间	标准间，简洁整洁，设施完备，高性价比之选。	194	6890
2758	大床房	大床房，配备舒适大床，温馨静谧，适合休闲度假。	367	6891
2758	行政套房	行政套房，空间宽敞，配套齐全，尊享舒适入住体验。	662	6892
2759	大床房	大床房，配备舒适大床，温馨静谧，适合休闲度假。	455	6893
2759	标准间	标准间，简洁整洁，设施完备，高性价比之选。	275	6894
2760	标准间	标准间，简洁整洁，设施完备，高性价比之选。	265	6895
2760	大床房	大床房，配备舒适大床，温馨静谧，适合休闲度假。	480	6896
2760	行政套房	行政套房，空间宽敞，配套齐全，尊享舒适入住体验。	714	6897
2761	行政套房	行政套房，空间宽敞，配套齐全，尊享舒适入住体验。	754	6898
2761	大床房	大床房，配备舒适大床，温馨静谧，适合休闲度假。	344	6899
2761	标准间	标准间，简洁整洁，设施完备，高性价比之选。	190	6900
2762	标准间	标准间，简洁整洁，设施完备，高性价比之选。	281	6901
2762	行政套房	行政套房，空间宽敞，配套齐全，尊享舒适入住体验。	726	6902
2763	大床房	大床房，配备舒适大床，温馨静谧，适合休闲度假。	290	6903
2763	标准间	标准间，简洁整洁，设施完备，高性价比之选。	243	6904
2763	行政套房	行政套房，空间宽敞，配套齐全，尊享舒适入住体验。	549	6905
2764	行政套房	行政套房，空间宽敞，配套齐全，尊享舒适入住体验。	545	6906
2764	标准间	标准间，简洁整洁，设施完备，高性价比之选。	289	6907
2764	大床房	大床房，配备舒适大床，温馨静谧，适合休闲度假。	461	6908
2765	标准间	标准间，简洁整洁，设施完备，高性价比之选。	271	6909
2765	大床房	大床房，配备舒适大床，温馨静谧，适合休闲度假。	429	6910
2766	大床房	大床房，配备舒适大床，温馨静谧，适合休闲度假。	362	6911
2766	行政套房	行政套房，空间宽敞，配套齐全，尊享舒适入住体验。	779	6912
2767	行政套房	行政套房，空间宽敞，配套齐全，尊享舒适入住体验。	758	6913
2767	标准间	标准间，简洁整洁，设施完备，高性价比之选。	275	6914
2768	大床房	大床房，配备舒适大床，温馨静谧，适合休闲度假。	379	6915
2768	标准间	标准间，简洁整洁，设施完备，高性价比之选。	232	6916
2769	大床房	大床房，配备舒适大床，温馨静谧，适合休闲度假。	459	6917
2769	标准间	标准间，简洁整洁，设施完备，高性价比之选。	233	6918
2769	行政套房	行政套房，空间宽敞，配套齐全，尊享舒适入住体验。	600	6919
2770	标准间	标准间，简洁整洁，设施完备，高性价比之选。	242	6920
2770	大床房	大床房，配备舒适大床，温馨静谧，适合休闲度假。	413	6921
2770	行政套房	行政套房，空间宽敞，配套齐全，尊享舒适入住体验。	582	6922
2771	行政套房	行政套房，空间宽敞，配套齐全，尊享舒适入住体验。	582	6923
2771	大床房	大床房，配备舒适大床，温馨静谧，适合休闲度假。	384	6924
2771	标准间	标准间，简洁整洁，设施完备，高性价比之选。	291	6925
2772	大床房	大床房，配备舒适大床，温馨静谧，适合休闲度假。	440	6926
2772	行政套房	行政套房，空间宽敞，配套齐全，尊享舒适入住体验。	489	6927
2773	行政套房	行政套房，空间宽敞，配套齐全，尊享舒适入住体验。	736	6928
2773	标准间	标准间，简洁整洁，设施完备，高性价比之选。	189	6929
2773	大床房	大床房，配备舒适大床，温馨静谧，适合休闲度假。	401	6930
2774	大床房	大床房，配备舒适大床，温馨静谧，适合休闲度假。	418	6931
2774	标准间	标准间，简洁整洁，设施完备，高性价比之选。	316	6932
2774	行政套房	行政套房，空间宽敞，配套齐全，尊享舒适入住体验。	668	6933
2775	行政套房	行政套房，空间宽敞，配套齐全，尊享舒适入住体验。	504	6934
2775	标准间	标准间，简洁整洁，设施完备，高性价比之选。	211	6935
2775	大床房	大床房，配备舒适大床，温馨静谧，适合休闲度假。	480	6936
2776	大床房	大床房，配备舒适大床，温馨静谧，适合休闲度假。	315	6937
2776	行政套房	行政套房，空间宽敞，配套齐全，尊享舒适入住体验。	841	6938
2777	行政套房	行政套房，空间宽敞，配套齐全，尊享舒适入住体验。	659	6939
2777	标准间	标准间，简洁整洁，设施完备，高性价比之选。	229	6940
2778	大床房	大床房，配备舒适大床，温馨静谧，适合休闲度假。	408	6941
2778	行政套房	行政套房，空间宽敞，配套齐全，尊享舒适入住体验。	834	6942
2779	行政套房	行政套房，空间宽敞，配套齐全，尊享舒适入住体验。	705	6943
2779	大床房	大床房，配备舒适大床，温馨静谧，适合休闲度假。	425	6944
2779	标准间	标准间，简洁整洁，设施完备，高性价比之选。	252	6945
2780	行政套房	行政套房，空间宽敞，配套齐全，尊享舒适入住体验。	490	6946
2780	大床房	大床房，配备舒适大床，温馨静谧，适合休闲度假。	385	6947
2781	标准间	标准间，简洁整洁，设施完备，高性价比之选。	246	6948
2781	大床房	大床房，配备舒适大床，温馨静谧，适合休闲度假。	312	6949
2782	标准间	标准间，简洁整洁，设施完备，高性价比之选。	288	6950
2782	大床房	大床房，配备舒适大床，温馨静谧，适合休闲度假。	327	6951
2783	大床房	大床房，配备舒适大床，温馨静谧，适合休闲度假。	401	6952
2783	行政套房	行政套房，空间宽敞，配套齐全，尊享舒适入住体验。	610	6953
2783	标准间	标准间，简洁整洁，设施完备，高性价比之选。	316	6954
2784	行政套房	行政套房，空间宽敞，配套齐全，尊享舒适入住体验。	643	6955
2784	标准间	标准间，简洁整洁，设施完备，高性价比之选。	249	6956
2785	标准间	标准间，简洁整洁，设施完备，高性价比之选。	282	6957
2785	行政套房	行政套房，空间宽敞，配套齐全，尊享舒适入住体验。	735	6958
2785	大床房	大床房，配备舒适大床，温馨静谧，适合休闲度假。	365	6959
2786	行政套房	行政套房，空间宽敞，配套齐全，尊享舒适入住体验。	518	6960
2786	标准间	标准间，简洁整洁，设施完备，高性价比之选。	281	6961
2786	大床房	大床房，配备舒适大床，温馨静谧，适合休闲度假。	453	6962
2787	大床房	大床房，配备舒适大床，温馨静谧，适合休闲度假。	375	6963
2787	标准间	标准间，简洁整洁，设施完备，高性价比之选。	275	6964
2787	行政套房	行政套房，空间宽敞，配套齐全，尊享舒适入住体验。	872	6965
2788	标准间	标准间，简洁整洁，设施完备，高性价比之选。	317	6966
2788	大床房	大床房，配备舒适大床，温馨静谧，适合休闲度假。	269	6967
2789	标准间	标准间，简洁整洁，设施完备，高性价比之选。	289	6968
2789	行政套房	行政套房，空间宽敞，配套齐全，尊享舒适入住体验。	748	6969
2789	大床房	大床房，配备舒适大床，温馨静谧，适合休闲度假。	321	6970
2790	大床房	大床房，配备舒适大床，温馨静谧，适合休闲度假。	286	6971
2790	标准间	标准间，简洁整洁，设施完备，高性价比之选。	225	6972
2791	标准间	标准间，简洁整洁，设施完备，高性价比之选。	265	6973
2791	行政套房	行政套房，空间宽敞，配套齐全，尊享舒适入住体验。	670	6974
2791	大床房	大床房，配备舒适大床，温馨静谧，适合休闲度假。	317	6975
2792	行政套房	行政套房，空间宽敞，配套齐全，尊享舒适入住体验。	642	6976
2792	标准间	标准间，简洁整洁，设施完备，高性价比之选。	287	6977
2793	行政套房	行政套房，空间宽敞，配套齐全，尊享舒适入住体验。	529	6978
2793	大床房	大床房，配备舒适大床，温馨静谧，适合休闲度假。	293	6979
2793	标准间	标准间，简洁整洁，设施完备，高性价比之选。	203	6980
2794	行政套房	行政套房，空间宽敞，配套齐全，尊享舒适入住体验。	825	6981
2794	标准间	标准间，简洁整洁，设施完备，高性价比之选。	184	6982
2794	大床房	大床房，配备舒适大床，温馨静谧，适合休闲度假。	316	6983
2795	行政套房	行政套房，空间宽敞，配套齐全，尊享舒适入住体验。	854	6984
2795	标准间	标准间，简洁整洁，设施完备，高性价比之选。	235	6985
2795	大床房	大床房，配备舒适大床，温馨静谧，适合休闲度假。	379	6986
2796	标准间	标准间，简洁整洁，设施完备，高性价比之选。	306	6987
2796	行政套房	行政套房，空间宽敞，配套齐全，尊享舒适入住体验。	488	6988
2796	大床房	大床房，配备舒适大床，温馨静谧，适合休闲度假。	386	6989
2797	大床房	大床房，配备舒适大床，温馨静谧，适合休闲度假。	478	6990
2797	行政套房	行政套房，空间宽敞，配套齐全，尊享舒适入住体验。	706	6991
2798	标准间	标准间，简洁整洁，设施完备，高性价比之选。	306	6992
2798	行政套房	行政套房，空间宽敞，配套齐全，尊享舒适入住体验。	688	6993
2799	标准间	标准间，简洁整洁，设施完备，高性价比之选。	236	6994
2799	行政套房	行政套房，空间宽敞，配套齐全，尊享舒适入住体验。	606	6995
2799	大床房	大床房，配备舒适大床，温馨静谧，适合休闲度假。	300	6996
2800	大床房	大床房，配备舒适大床，温馨静谧，适合休闲度假。	426	6997
2800	标准间	标准间，简洁整洁，设施完备，高性价比之选。	204	6998
2801	行政套房	行政套房，空间宽敞，配套齐全，尊享舒适入住体验。	789	6999
2801	大床房	大床房，配备舒适大床，温馨静谧，适合休闲度假。	295	7000
2802	标准间	标准间，简洁整洁，设施完备，高性价比之选。	200	7001
2802	大床房	大床房，配备舒适大床，温馨静谧，适合休闲度假。	275	7002
2803	标准间	标准间，简洁整洁，设施完备，高性价比之选。	307	7003
2803	大床房	大床房，配备舒适大床，温馨静谧，适合休闲度假。	415	7004
2803	行政套房	行政套房，空间宽敞，配套齐全，尊享舒适入住体验。	840	7005
2804	标准间	标准间，简洁整洁，设施完备，高性价比之选。	233	7006
2804	大床房	大床房，配备舒适大床，温馨静谧，适合休闲度假。	456	7007
2805	大床房	大床房，配备舒适大床，温馨静谧，适合休闲度假。	321	7008
2805	行政套房	行政套房，空间宽敞，配套齐全，尊享舒适入住体验。	754	7009
2806	行政套房	行政套房，空间宽敞，配套齐全，尊享舒适入住体验。	720	7010
2806	大床房	大床房，配备舒适大床，温馨静谧，适合休闲度假。	479	7011
2807	行政套房	行政套房，空间宽敞，配套齐全，尊享舒适入住体验。	695	7012
2807	大床房	大床房，配备舒适大床，温馨静谧，适合休闲度假。	334	7013
2808	大床房	大床房，配备舒适大床，温馨静谧，适合休闲度假。	397	7014
2808	行政套房	行政套房，空间宽敞，配套齐全，尊享舒适入住体验。	751	7015
2809	大床房	大床房，配备舒适大床，温馨静谧，适合休闲度假。	415	7016
2809	行政套房	行政套房，空间宽敞，配套齐全，尊享舒适入住体验。	638	7017
2810	大床房	大床房，配备舒适大床，温馨静谧，适合休闲度假。	480	7018
2810	标准间	标准间，简洁整洁，设施完备，高性价比之选。	223	7019
2811	标准间	标准间，简洁整洁，设施完备，高性价比之选。	227	7020
2811	大床房	大床房，配备舒适大床，温馨静谧，适合休闲度假。	424	7021
2811	行政套房	行政套房，空间宽敞，配套齐全，尊享舒适入住体验。	834	7022
2812	大床房	大床房，配备舒适大床，温馨静谧，适合休闲度假。	424	7023
2812	标准间	标准间，简洁整洁，设施完备，高性价比之选。	206	7024
2812	行政套房	行政套房，空间宽敞，配套齐全，尊享舒适入住体验。	522	7025
2813	大床房	大床房，配备舒适大床，温馨静谧，适合休闲度假。	264	7026
2813	行政套房	行政套房，空间宽敞，配套齐全，尊享舒适入住体验。	851	7027
2813	标准间	标准间，简洁整洁，设施完备，高性价比之选。	258	7028
2814	行政套房	行政套房，空间宽敞，配套齐全，尊享舒适入住体验。	564	7029
2814	大床房	大床房，配备舒适大床，温馨静谧，适合休闲度假。	349	7030
2814	标准间	标准间，简洁整洁，设施完备，高性价比之选。	310	7031
2815	行政套房	行政套房，空间宽敞，配套齐全，尊享舒适入住体验。	858	7032
2815	大床房	大床房，配备舒适大床，温馨静谧，适合休闲度假。	388	7033
2816	行政套房	行政套房，空间宽敞，配套齐全，尊享舒适入住体验。	656	7034
2816	大床房	大床房，配备舒适大床，温馨静谧，适合休闲度假。	430	7035
2817	行政套房	行政套房，空间宽敞，配套齐全，尊享舒适入住体验。	669	7036
2817	大床房	大床房，配备舒适大床，温馨静谧，适合休闲度假。	311	7037
2817	标准间	标准间，简洁整洁，设施完备，高性价比之选。	279	7038
2818	大床房	大床房，配备舒适大床，温馨静谧，适合休闲度假。	410	7039
2818	标准间	标准间，简洁整洁，设施完备，高性价比之选。	234	7040
2819	标准间	标准间，简洁整洁，设施完备，高性价比之选。	238	7041
2819	行政套房	行政套房，空间宽敞，配套齐全，尊享舒适入住体验。	544	7042
2820	大床房	大床房，配备舒适大床，温馨静谧，适合休闲度假。	450	7043
2820	行政套房	行政套房，空间宽敞，配套齐全，尊享舒适入住体验。	720	7044
2821	大床房	大床房，配备舒适大床，温馨静谧，适合休闲度假。	448	7045
2821	行政套房	行政套房，空间宽敞，配套齐全，尊享舒适入住体验。	746	7046
2821	标准间	标准间，简洁整洁，设施完备，高性价比之选。	203	7047
2822	大床房	大床房，配备舒适大床，温馨静谧，适合休闲度假。	262	7048
2822	标准间	标准间，简洁整洁，设施完备，高性价比之选。	265	7049
2822	行政套房	行政套房，空间宽敞，配套齐全，尊享舒适入住体验。	759	7050
2823	行政套房	行政套房，空间宽敞，配套齐全，尊享舒适入住体验。	596	7051
2823	大床房	大床房，配备舒适大床，温馨静谧，适合休闲度假。	474	7052
2823	标准间	标准间，简洁整洁，设施完备，高性价比之选。	223	7053
2824	标准间	标准间，简洁整洁，设施完备，高性价比之选。	248	7054
2824	行政套房	行政套房，空间宽敞，配套齐全，尊享舒适入住体验。	513	7055
2825	行政套房	行政套房，空间宽敞，配套齐全，尊享舒适入住体验。	527	7056
2825	标准间	标准间，简洁整洁，设施完备，高性价比之选。	224	7057
2826	大床房	大床房，配备舒适大床，温馨静谧，适合休闲度假。	344	7058
2826	标准间	标准间，简洁整洁，设施完备，高性价比之选。	267	7059
2826	行政套房	行政套房，空间宽敞，配套齐全，尊享舒适入住体验。	604	7060
2827	标准间	标准间，简洁整洁，设施完备，高性价比之选。	213	7061
2827	大床房	大床房，配备舒适大床，温馨静谧，适合休闲度假。	398	7062
2828	行政套房	行政套房，空间宽敞，配套齐全，尊享舒适入住体验。	630	7063
2828	标准间	标准间，简洁整洁，设施完备，高性价比之选。	212	7064
2829	标准间	标准间，简洁整洁，设施完备，高性价比之选。	224	7065
2829	行政套房	行政套房，空间宽敞，配套齐全，尊享舒适入住体验。	492	7066
2829	大床房	大床房，配备舒适大床，温馨静谧，适合休闲度假。	431	7067
2830	大床房	大床房，配备舒适大床，温馨静谧，适合休闲度假。	329	7068
2830	标准间	标准间，简洁整洁，设施完备，高性价比之选。	268	7069
2831	大床房	大床房，配备舒适大床，温馨静谧，适合休闲度假。	267	7070
2831	标准间	标准间，简洁整洁，设施完备，高性价比之选。	293	7071
2832	标准间	标准间，简洁整洁，设施完备，高性价比之选。	207	7072
2832	大床房	大床房，配备舒适大床，温馨静谧，适合休闲度假。	432	7073
2833	行政套房	行政套房，空间宽敞，配套齐全，尊享舒适入住体验。	767	7074
2833	大床房	大床房，配备舒适大床，温馨静谧，适合休闲度假。	365	7075
2833	标准间	标准间，简洁整洁，设施完备，高性价比之选。	297	7076
2834	行政套房	行政套房，空间宽敞，配套齐全，尊享舒适入住体验。	683	7077
2834	标准间	标准间，简洁整洁，设施完备，高性价比之选。	302	7078
2835	行政套房	行政套房，空间宽敞，配套齐全，尊享舒适入住体验。	813	7079
2835	标准间	标准间，简洁整洁，设施完备，高性价比之选。	289	7080
2836	大床房	大床房，配备舒适大床，温馨静谧，适合休闲度假。	323	7081
2836	标准间	标准间，简洁整洁，设施完备，高性价比之选。	312	7082
2837	标准间	标准间，简洁整洁，设施完备，高性价比之选。	212	7083
2837	行政套房	行政套房，空间宽敞，配套齐全，尊享舒适入住体验。	603	7084
2837	大床房	大床房，配备舒适大床，温馨静谧，适合休闲度假。	426	7085
2838	标准间	标准间，简洁整洁，设施完备，高性价比之选。	259	7086
2838	大床房	大床房，配备舒适大床，温馨静谧，适合休闲度假。	434	7087
2838	行政套房	行政套房，空间宽敞，配套齐全，尊享舒适入住体验。	539	7088
2839	行政套房	行政套房，空间宽敞，配套齐全，尊享舒适入住体验。	499	7089
2839	标准间	标准间，简洁整洁，设施完备，高性价比之选。	292	7090
2839	大床房	大床房，配备舒适大床，温馨静谧，适合休闲度假。	394	7091
2840	行政套房	行政套房，空间宽敞，配套齐全，尊享舒适入住体验。	500	7092
2840	标准间	标准间，简洁整洁，设施完备，高性价比之选。	182	7093
2841	大床房	大床房，配备舒适大床，温馨静谧，适合休闲度假。	271	7094
2841	行政套房	行政套房，空间宽敞，配套齐全，尊享舒适入住体验。	791	7095
2841	标准间	标准间，简洁整洁，设施完备，高性价比之选。	261	7096
2842	大床房	大床房，配备舒适大床，温馨静谧，适合休闲度假。	415	7097
2842	标准间	标准间，简洁整洁，设施完备，高性价比之选。	237	7098
2843	标准间	标准间，简洁整洁，设施完备，高性价比之选。	318	7099
2843	行政套房	行政套房，空间宽敞，配套齐全，尊享舒适入住体验。	676	7100
2843	大床房	大床房，配备舒适大床，温馨静谧，适合休闲度假。	439	7101
2844	行政套房	行政套房，空间宽敞，配套齐全，尊享舒适入住体验。	726	7102
2844	大床房	大床房，配备舒适大床，温馨静谧，适合休闲度假。	435	7103
2844	标准间	标准间，简洁整洁，设施完备，高性价比之选。	242	7104
2845	大床房	大床房，配备舒适大床，温馨静谧，适合休闲度假。	375	7105
2845	标准间	标准间，简洁整洁，设施完备，高性价比之选。	298	7106
2845	行政套房	行政套房，空间宽敞，配套齐全，尊享舒适入住体验。	583	7107
2846	行政套房	行政套房，空间宽敞，配套齐全，尊享舒适入住体验。	485	7108
2846	标准间	标准间，简洁整洁，设施完备，高性价比之选。	298	7109
2847	行政套房	行政套房，空间宽敞，配套齐全，尊享舒适入住体验。	732	7110
2847	标准间	标准间，简洁整洁，设施完备，高性价比之选。	320	7111
2848	行政套房	行政套房，空间宽敞，配套齐全，尊享舒适入住体验。	758	7112
2848	大床房	大床房，配备舒适大床，温馨静谧，适合休闲度假。	308	7113
2849	大床房	大床房，配备舒适大床，温馨静谧，适合休闲度假。	434	7114
2849	行政套房	行政套房，空间宽敞，配套齐全，尊享舒适入住体验。	499	7115
2850	标准间	标准间，简洁整洁，设施完备，高性价比之选。	207	7116
2850	行政套房	行政套房，空间宽敞，配套齐全，尊享舒适入住体验。	574	7117
2850	大床房	大床房，配备舒适大床，温馨静谧，适合休闲度假。	301	7118
2851	行政套房	行政套房，空间宽敞，配套齐全，尊享舒适入住体验。	597	7119
2851	大床房	大床房，配备舒适大床，温馨静谧，适合休闲度假。	422	7120
2852	大床房	大床房，配备舒适大床，温馨静谧，适合休闲度假。	267	7121
2852	标准间	标准间，简洁整洁，设施完备，高性价比之选。	198	7122
2853	行政套房	行政套房，空间宽敞，配套齐全，尊享舒适入住体验。	526	7123
2853	大床房	大床房，配备舒适大床，温馨静谧，适合休闲度假。	447	7124
2854	标准间	标准间，简洁整洁，设施完备，高性价比之选。	263	7125
2854	大床房	大床房，配备舒适大床，温馨静谧，适合休闲度假。	312	7126
2855	标准间	标准间，简洁整洁，设施完备，高性价比之选。	298	7127
2855	行政套房	行政套房，空间宽敞，配套齐全，尊享舒适入住体验。	532	7128
2855	大床房	大床房，配备舒适大床，温馨静谧，适合休闲度假。	266	7129
2856	行政套房	行政套房，空间宽敞，配套齐全，尊享舒适入住体验。	603	7130
2856	标准间	标准间，简洁整洁，设施完备，高性价比之选。	296	7131
2857	行政套房	行政套房，空间宽敞，配套齐全，尊享舒适入住体验。	823	7132
2857	大床房	大床房，配备舒适大床，温馨静谧，适合休闲度假。	450	7133
2858	标准间	标准间，简洁整洁，设施完备，高性价比之选。	245	7134
2858	行政套房	行政套房，空间宽敞，配套齐全，尊享舒适入住体验。	633	7135
2858	大床房	大床房，配备舒适大床，温馨静谧，适合休闲度假。	277	7136
2859	标准间	标准间，简洁整洁，设施完备，高性价比之选。	316	7137
2859	行政套房	行政套房，空间宽敞，配套齐全，尊享舒适入住体验。	865	7138
2860	大床房	大床房，配备舒适大床，温馨静谧，适合休闲度假。	391	7139
2860	标准间	标准间，简洁整洁，设施完备，高性价比之选。	201	7140
2860	行政套房	行政套房，空间宽敞，配套齐全，尊享舒适入住体验。	580	7141
2861	大床房	大床房，配备舒适大床，温馨静谧，适合休闲度假。	306	7142
2861	标准间	标准间，简洁整洁，设施完备，高性价比之选。	213	7143
2861	行政套房	行政套房，空间宽敞，配套齐全，尊享舒适入住体验。	528	7144
2862	行政套房	行政套房，空间宽敞，配套齐全，尊享舒适入住体验。	734	7145
2862	标准间	标准间，简洁整洁，设施完备，高性价比之选。	250	7146
2862	大床房	大床房，配备舒适大床，温馨静谧，适合休闲度假。	460	7147
2863	行政套房	行政套房，空间宽敞，配套齐全，尊享舒适入住体验。	664	7148
2863	大床房	大床房，配备舒适大床，温馨静谧，适合休闲度假。	468	7149
2864	大床房	大床房，配备舒适大床，温馨静谧，适合休闲度假。	296	7150
2864	标准间	标准间，简洁整洁，设施完备，高性价比之选。	274	7151
2864	行政套房	行政套房，空间宽敞，配套齐全，尊享舒适入住体验。	684	7152
2865	标准间	标准间，简洁整洁，设施完备，高性价比之选。	232	7153
2865	行政套房	行政套房，空间宽敞，配套齐全，尊享舒适入住体验。	866	7154
2865	大床房	大床房，配备舒适大床，温馨静谧，适合休闲度假。	412	7155
2866	行政套房	行政套房，空间宽敞，配套齐全，尊享舒适入住体验。	555	7156
2866	大床房	大床房，配备舒适大床，温馨静谧，适合休闲度假。	403	7157
2867	行政套房	行政套房，空间宽敞，配套齐全，尊享舒适入住体验。	765	7158
2867	标准间	标准间，简洁整洁，设施完备，高性价比之选。	203	7159
2868	行政套房	行政套房，空间宽敞，配套齐全，尊享舒适入住体验。	493	7160
2868	大床房	大床房，配备舒适大床，温馨静谧，适合休闲度假。	270	7161
2868	标准间	标准间，简洁整洁，设施完备，高性价比之选。	225	7162
2869	行政套房	行政套房，空间宽敞，配套齐全，尊享舒适入住体验。	655	7163
2869	大床房	大床房，配备舒适大床，温馨静谧，适合休闲度假。	426	7164
2869	标准间	标准间，简洁整洁，设施完备，高性价比之选。	233	7165
2870	大床房	大床房，配备舒适大床，温馨静谧，适合休闲度假。	384	7166
2870	行政套房	行政套房，空间宽敞，配套齐全，尊享舒适入住体验。	669	7167
2870	标准间	标准间，简洁整洁，设施完备，高性价比之选。	252	7168
2871	大床房	大床房，配备舒适大床，温馨静谧，适合休闲度假。	306	7169
2871	标准间	标准间，简洁整洁，设施完备，高性价比之选。	193	7170
2872	大床房	大床房，配备舒适大床，温馨静谧，适合休闲度假。	398	7171
2872	行政套房	行政套房，空间宽敞，配套齐全，尊享舒适入住体验。	573	7172
2872	标准间	标准间，简洁整洁，设施完备，高性价比之选。	285	7173
2873	标准间	标准间，简洁整洁，设施完备，高性价比之选。	297	7174
2873	行政套房	行政套房，空间宽敞，配套齐全，尊享舒适入住体验。	650	7175
2874	行政套房	行政套房，空间宽敞，配套齐全，尊享舒适入住体验。	804	7176
2874	大床房	大床房，配备舒适大床，温馨静谧，适合休闲度假。	451	7177
2874	标准间	标准间，简洁整洁，设施完备，高性价比之选。	309	7178
2875	大床房	大床房，配备舒适大床，温馨静谧，适合休闲度假。	371	7179
2875	标准间	标准间，简洁整洁，设施完备，高性价比之选。	187	7180
2875	行政套房	行政套房，空间宽敞，配套齐全，尊享舒适入住体验。	828	7181
2876	标准间	标准间，简洁整洁，设施完备，高性价比之选。	305	7182
2876	大床房	大床房，配备舒适大床，温馨静谧，适合休闲度假。	431	7183
2877	大床房	大床房，配备舒适大床，温馨静谧，适合休闲度假。	458	7184
2877	标准间	标准间，简洁整洁，设施完备，高性价比之选。	201	7185
2877	行政套房	行政套房，空间宽敞，配套齐全，尊享舒适入住体验。	482	7186
2878	大床房	大床房，配备舒适大床，温馨静谧，适合休闲度假。	318	7187
2878	行政套房	行政套房，空间宽敞，配套齐全，尊享舒适入住体验。	722	7188
2878	标准间	标准间，简洁整洁，设施完备，高性价比之选。	288	7189
2879	行政套房	行政套房，空间宽敞，配套齐全，尊享舒适入住体验。	858	7190
2879	大床房	大床房，配备舒适大床，温馨静谧，适合休闲度假。	270	7191
2879	标准间	标准间，简洁整洁，设施完备，高性价比之选。	302	7192
2880	标准间	标准间，简洁整洁，设施完备，高性价比之选。	181	7193
2880	行政套房	行政套房，空间宽敞，配套齐全，尊享舒适入住体验。	797	7194
2880	大床房	大床房，配备舒适大床，温馨静谧，适合休闲度假。	399	7195
2881	行政套房	行政套房，空间宽敞，配套齐全，尊享舒适入住体验。	876	7196
2881	标准间	标准间，简洁整洁，设施完备，高性价比之选。	197	7197
2881	大床房	大床房，配备舒适大床，温馨静谧，适合休闲度假。	277	7198
2882	大床房	大床房，配备舒适大床，温馨静谧，适合休闲度假。	458	7199
2882	行政套房	行政套房，空间宽敞，配套齐全，尊享舒适入住体验。	664	7200
2883	大床房	大床房，配备舒适大床，温馨静谧，适合休闲度假。	312	7201
2883	行政套房	行政套房，空间宽敞，配套齐全，尊享舒适入住体验。	507	7202
2883	标准间	标准间，简洁整洁，设施完备，高性价比之选。	317	7203
2884	行政套房	行政套房，空间宽敞，配套齐全，尊享舒适入住体验。	741	7204
2884	大床房	大床房，配备舒适大床，温馨静谧，适合休闲度假。	330	7205
2885	行政套房	行政套房，空间宽敞，配套齐全，尊享舒适入住体验。	714	7206
2885	标准间	标准间，简洁整洁，设施完备，高性价比之选。	240	7207
2886	行政套房	行政套房，空间宽敞，配套齐全，尊享舒适入住体验。	875	7208
2886	大床房	大床房，配备舒适大床，温馨静谧，适合休闲度假。	329	7209
2886	标准间	标准间，简洁整洁，设施完备，高性价比之选。	320	7210
2887	大床房	大床房，配备舒适大床，温馨静谧，适合休闲度假。	454	7211
2887	行政套房	行政套房，空间宽敞，配套齐全，尊享舒适入住体验。	528	7212
2887	标准间	标准间，简洁整洁，设施完备，高性价比之选。	273	7213
2888	大床房	大床房，配备舒适大床，温馨静谧，适合休闲度假。	479	7214
2888	行政套房	行政套房，空间宽敞，配套齐全，尊享舒适入住体验。	533	7215
2888	标准间	标准间，简洁整洁，设施完备，高性价比之选。	310	7216
2889	标准间	标准间，简洁整洁，设施完备，高性价比之选。	257	7217
2889	大床房	大床房，配备舒适大床，温馨静谧，适合休闲度假。	461	7218
2889	行政套房	行政套房，空间宽敞，配套齐全，尊享舒适入住体验。	730	7219
2890	大床房	大床房，配备舒适大床，温馨静谧，适合休闲度假。	267	7220
2890	行政套房	行政套房，空间宽敞，配套齐全，尊享舒适入住体验。	679	7221
2891	大床房	大床房，配备舒适大床，温馨静谧，适合休闲度假。	360	7222
2891	行政套房	行政套房，空间宽敞，配套齐全，尊享舒适入住体验。	632	7223
2891	标准间	标准间，简洁整洁，设施完备，高性价比之选。	253	7224
2892	行政套房	行政套房，空间宽敞，配套齐全，尊享舒适入住体验。	585	7225
2892	大床房	大床房，配备舒适大床，温馨静谧，适合休闲度假。	273	7226
2893	行政套房	行政套房，空间宽敞，配套齐全，尊享舒适入住体验。	540	7227
2893	标准间	标准间，简洁整洁，设施完备，高性价比之选。	258	7228
2894	行政套房	行政套房，空间宽敞，配套齐全，尊享舒适入住体验。	859	7229
2894	大床房	大床房，配备舒适大床，温馨静谧，适合休闲度假。	412	7230
2894	标准间	标准间，简洁整洁，设施完备，高性价比之选。	218	7231
2895	行政套房	行政套房，空间宽敞，配套齐全，尊享舒适入住体验。	753	7232
2895	大床房	大床房，配备舒适大床，温馨静谧，适合休闲度假。	326	7233
2896	行政套房	行政套房，空间宽敞，配套齐全，尊享舒适入住体验。	807	7234
2896	大床房	大床房，配备舒适大床，温馨静谧，适合休闲度假。	346	7235
2897	标准间	标准间，简洁整洁，设施完备，高性价比之选。	301	7236
2897	行政套房	行政套房，空间宽敞，配套齐全，尊享舒适入住体验。	827	7237
2897	大床房	大床房，配备舒适大床，温馨静谧，适合休闲度假。	464	7238
2898	行政套房	行政套房，空间宽敞，配套齐全，尊享舒适入住体验。	844	7239
2898	标准间	标准间，简洁整洁，设施完备，高性价比之选。	270	7240
2899	行政套房	行政套房，空间宽敞，配套齐全，尊享舒适入住体验。	863	7241
2899	标准间	标准间，简洁整洁，设施完备，高性价比之选。	267	7242
2899	大床房	大床房，配备舒适大床，温馨静谧，适合休闲度假。	444	7243
2900	标准间	标准间，简洁整洁，设施完备，高性价比之选。	239	7244
2900	行政套房	行政套房，空间宽敞，配套齐全，尊享舒适入住体验。	869	7245
2901	标准间	标准间，简洁整洁，设施完备，高性价比之选。	255	7246
2901	大床房	大床房，配备舒适大床，温馨静谧，适合休闲度假。	471	7247
2901	行政套房	行政套房，空间宽敞，配套齐全，尊享舒适入住体验。	482	7248
2902	标准间	标准间，简洁整洁，设施完备，高性价比之选。	216	7249
2902	大床房	大床房，配备舒适大床，温馨静谧，适合休闲度假。	395	7250
2902	行政套房	行政套房，空间宽敞，配套齐全，尊享舒适入住体验。	572	7251
2903	标准间	标准间，简洁整洁，设施完备，高性价比之选。	296	7252
2903	行政套房	行政套房，空间宽敞，配套齐全，尊享舒适入住体验。	661	7253
2904	大床房	大床房，配备舒适大床，温馨静谧，适合休闲度假。	339	7254
2904	行政套房	行政套房，空间宽敞，配套齐全，尊享舒适入住体验。	492	7255
2904	标准间	标准间，简洁整洁，设施完备，高性价比之选。	180	7256
2905	标准间	标准间，简洁整洁，设施完备，高性价比之选。	315	7257
2905	大床房	大床房，配备舒适大床，温馨静谧，适合休闲度假。	394	7258
2905	行政套房	行政套房，空间宽敞，配套齐全，尊享舒适入住体验。	635	7259
2906	标准间	标准间，简洁整洁，设施完备，高性价比之选。	227	7260
2906	大床房	大床房，配备舒适大床，温馨静谧，适合休闲度假。	452	7261
2906	行政套房	行政套房，空间宽敞，配套齐全，尊享舒适入住体验。	696	7262
2907	大床房	大床房，配备舒适大床，温馨静谧，适合休闲度假。	264	7263
2907	行政套房	行政套房，空间宽敞，配套齐全，尊享舒适入住体验。	498	7264
2907	标准间	标准间，简洁整洁，设施完备，高性价比之选。	229	7265
2908	标准间	标准间，简洁整洁，设施完备，高性价比之选。	223	7266
2908	行政套房	行政套房，空间宽敞，配套齐全，尊享舒适入住体验。	690	7267
2908	大床房	大床房，配备舒适大床，温馨静谧，适合休闲度假。	328	7268
2909	行政套房	行政套房，空间宽敞，配套齐全，尊享舒适入住体验。	634	7269
2909	大床房	大床房，配备舒适大床，温馨静谧，适合休闲度假。	471	7270
2910	大床房	大床房，配备舒适大床，温馨静谧，适合休闲度假。	262	7271
2910	标准间	标准间，简洁整洁，设施完备，高性价比之选。	186	7272
2910	行政套房	行政套房，空间宽敞，配套齐全，尊享舒适入住体验。	716	7273
2911	行政套房	行政套房，空间宽敞，配套齐全，尊享舒适入住体验。	672	7274
2911	标准间	标准间，简洁整洁，设施完备，高性价比之选。	198	7275
2911	大床房	大床房，配备舒适大床，温馨静谧，适合休闲度假。	345	7276
2912	行政套房	行政套房，空间宽敞，配套齐全，尊享舒适入住体验。	614	7277
2912	标准间	标准间，简洁整洁，设施完备，高性价比之选。	291	7278
2913	行政套房	行政套房，空间宽敞，配套齐全，尊享舒适入住体验。	799	7279
2913	标准间	标准间，简洁整洁，设施完备，高性价比之选。	231	7280
2913	大床房	大床房，配备舒适大床，温馨静谧，适合休闲度假。	337	7281
2914	标准间	标准间，简洁整洁，设施完备，高性价比之选。	223	7282
2914	大床房	大床房，配备舒适大床，温馨静谧，适合休闲度假。	282	7283
2915	行政套房	行政套房，空间宽敞，配套齐全，尊享舒适入住体验。	553	7284
2915	标准间	标准间，简洁整洁，设施完备，高性价比之选。	242	7285
2916	行政套房	行政套房，空间宽敞，配套齐全，尊享舒适入住体验。	684	7286
2916	标准间	标准间，简洁整洁，设施完备，高性价比之选。	288	7287
2916	大床房	大床房，配备舒适大床，温馨静谧，适合休闲度假。	309	7288
2917	行政套房	行政套房，空间宽敞，配套齐全，尊享舒适入住体验。	573	7289
2917	标准间	标准间，简洁整洁，设施完备，高性价比之选。	214	7290
2917	大床房	大床房，配备舒适大床，温馨静谧，适合休闲度假。	400	7291
2918	行政套房	行政套房，空间宽敞，配套齐全，尊享舒适入住体验。	805	7292
2918	标准间	标准间，简洁整洁，设施完备，高性价比之选。	198	7293
2918	大床房	大床房，配备舒适大床，温馨静谧，适合休闲度假。	285	7294
2919	行政套房	行政套房，空间宽敞，配套齐全，尊享舒适入住体验。	758	7295
2919	大床房	大床房，配备舒适大床，温馨静谧，适合休闲度假。	364	7296
2920	标准间	标准间，简洁整洁，设施完备，高性价比之选。	296	7297
2920	大床房	大床房，配备舒适大床，温馨静谧，适合休闲度假。	346	7298
2921	大床房	大床房，配备舒适大床，温馨静谧，适合休闲度假。	437	7299
2921	标准间	标准间，简洁整洁，设施完备，高性价比之选。	188	7300
2921	行政套房	行政套房，空间宽敞，配套齐全，尊享舒适入住体验。	588	7301
2922	大床房	大床房，配备舒适大床，温馨静谧，适合休闲度假。	350	7302
2922	行政套房	行政套房，空间宽敞，配套齐全，尊享舒适入住体验。	669	7303
2923	大床房	大床房，配备舒适大床，温馨静谧，适合休闲度假。	411	7304
2923	标准间	标准间，简洁整洁，设施完备，高性价比之选。	233	7305
2923	行政套房	行政套房，空间宽敞，配套齐全，尊享舒适入住体验。	815	7306
2924	大床房	大床房，配备舒适大床，温馨静谧，适合休闲度假。	300	7307
2924	行政套房	行政套房，空间宽敞，配套齐全，尊享舒适入住体验。	483	7308
2925	行政套房	行政套房，空间宽敞，配套齐全，尊享舒适入住体验。	596	7309
2925	大床房	大床房，配备舒适大床，温馨静谧，适合休闲度假。	287	7310
2925	标准间	标准间，简洁整洁，设施完备，高性价比之选。	290	7311
2926	行政套房	行政套房，空间宽敞，配套齐全，尊享舒适入住体验。	779	7312
2926	大床房	大床房，配备舒适大床，温馨静谧，适合休闲度假。	381	7313
2926	标准间	标准间，简洁整洁，设施完备，高性价比之选。	267	7314
2927	大床房	大床房，配备舒适大床，温馨静谧，适合休闲度假。	345	7315
2927	标准间	标准间，简洁整洁，设施完备，高性价比之选。	231	7316
2927	行政套房	行政套房，空间宽敞，配套齐全，尊享舒适入住体验。	800	7317
2928	标准间	标准间，简洁整洁，设施完备，高性价比之选。	266	7318
2928	行政套房	行政套房，空间宽敞，配套齐全，尊享舒适入住体验。	762	7319
2929	大床房	大床房，配备舒适大床，温馨静谧，适合休闲度假。	373	7320
2929	行政套房	行政套房，空间宽敞，配套齐全，尊享舒适入住体验。	560	7321
2930	大床房	大床房，配备舒适大床，温馨静谧，适合休闲度假。	464	7322
2930	行政套房	行政套房，空间宽敞，配套齐全，尊享舒适入住体验。	637	7323
2931	大床房	大床房，配备舒适大床，温馨静谧，适合休闲度假。	440	7324
2931	标准间	标准间，简洁整洁，设施完备，高性价比之选。	273	7325
2931	行政套房	行政套房，空间宽敞，配套齐全，尊享舒适入住体验。	722	7326
2932	行政套房	行政套房，空间宽敞，配套齐全，尊享舒适入住体验。	687	7327
2932	大床房	大床房，配备舒适大床，温馨静谧，适合休闲度假。	387	7328
2933	行政套房	行政套房，空间宽敞，配套齐全，尊享舒适入住体验。	776	7329
2933	标准间	标准间，简洁整洁，设施完备，高性价比之选。	190	7330
2933	大床房	大床房，配备舒适大床，温馨静谧，适合休闲度假。	313	7331
2934	标准间	标准间，简洁整洁，设施完备，高性价比之选。	184	7332
2934	行政套房	行政套房，空间宽敞，配套齐全，尊享舒适入住体验。	762	7333
2934	大床房	大床房，配备舒适大床，温馨静谧，适合休闲度假。	288	7334
2935	行政套房	行政套房，空间宽敞，配套齐全，尊享舒适入住体验。	516	7335
2935	大床房	大床房，配备舒适大床，温馨静谧，适合休闲度假。	439	7336
2935	标准间	标准间，简洁整洁，设施完备，高性价比之选。	272	7337
2936	大床房	大床房，配备舒适大床，温馨静谧，适合休闲度假。	332	7338
2936	标准间	标准间，简洁整洁，设施完备，高性价比之选。	261	7339
2936	行政套房	行政套房，空间宽敞，配套齐全，尊享舒适入住体验。	803	7340
2937	行政套房	行政套房，空间宽敞，配套齐全，尊享舒适入住体验。	562	7341
2937	标准间	标准间，简洁整洁，设施完备，高性价比之选。	226	7342
2938	行政套房	行政套房，空间宽敞，配套齐全，尊享舒适入住体验。	835	7343
2938	大床房	大床房，配备舒适大床，温馨静谧，适合休闲度假。	339	7344
2939	大床房	大床房，配备舒适大床，温馨静谧，适合休闲度假。	376	7345
2939	行政套房	行政套房，空间宽敞，配套齐全，尊享舒适入住体验。	744	7346
2940	行政套房	行政套房，空间宽敞，配套齐全，尊享舒适入住体验。	829	7347
2940	大床房	大床房，配备舒适大床，温馨静谧，适合休闲度假。	352	7348
2941	大床房	大床房，配备舒适大床，温馨静谧，适合休闲度假。	344	7349
2941	行政套房	行政套房，空间宽敞，配套齐全，尊享舒适入住体验。	508	7350
2942	行政套房	行政套房，空间宽敞，配套齐全，尊享舒适入住体验。	661	7351
2942	标准间	标准间，简洁整洁，设施完备，高性价比之选。	297	7352
2943	大床房	大床房，配备舒适大床，温馨静谧，适合休闲度假。	384	7353
2943	标准间	标准间，简洁整洁，设施完备，高性价比之选。	204	7354
2944	标准间	标准间，简洁整洁，设施完备，高性价比之选。	280	7355
2944	行政套房	行政套房，空间宽敞，配套齐全，尊享舒适入住体验。	722	7356
2944	大床房	大床房，配备舒适大床，温馨静谧，适合休闲度假。	270	7357
2945	标准间	标准间，简洁整洁，设施完备，高性价比之选。	289	7358
2945	大床房	大床房，配备舒适大床，温馨静谧，适合休闲度假。	475	7359
2946	大床房	大床房，配备舒适大床，温馨静谧，适合休闲度假。	332	7360
2946	行政套房	行政套房，空间宽敞，配套齐全，尊享舒适入住体验。	515	7361
2947	大床房	大床房，配备舒适大床，温馨静谧，适合休闲度假。	335	7362
2947	行政套房	行政套房，空间宽敞，配套齐全，尊享舒适入住体验。	764	7363
2947	标准间	标准间，简洁整洁，设施完备，高性价比之选。	291	7364
2948	行政套房	行政套房，空间宽敞，配套齐全，尊享舒适入住体验。	732	7365
2948	标准间	标准间，简洁整洁，设施完备，高性价比之选。	256	7366
2949	标准间	标准间，简洁整洁，设施完备，高性价比之选。	278	7367
2949	大床房	大床房，配备舒适大床，温馨静谧，适合休闲度假。	270	7368
2949	行政套房	行政套房，空间宽敞，配套齐全，尊享舒适入住体验。	830	7369
2950	标准间	标准间，简洁整洁，设施完备，高性价比之选。	223	7370
2950	大床房	大床房，配备舒适大床，温馨静谧，适合休闲度假。	478	7371
2950	行政套房	行政套房，空间宽敞，配套齐全，尊享舒适入住体验。	659	7372
2951	行政套房	行政套房，空间宽敞，配套齐全，尊享舒适入住体验。	783	7373
2951	大床房	大床房，配备舒适大床，温馨静谧，适合休闲度假。	358	7374
2952	标准间	标准间，简洁整洁，设施完备，高性价比之选。	197	7375
2952	行政套房	行政套房，空间宽敞，配套齐全，尊享舒适入住体验。	703	7376
2952	大床房	大床房，配备舒适大床，温馨静谧，适合休闲度假。	408	7377
2953	行政套房	行政套房，空间宽敞，配套齐全，尊享舒适入住体验。	533	7378
2953	大床房	大床房，配备舒适大床，温馨静谧，适合休闲度假。	386	7379
2953	标准间	标准间，简洁整洁，设施完备，高性价比之选。	196	7380
2954	大床房	大床房，配备舒适大床，温馨静谧，适合休闲度假。	420	7381
2954	标准间	标准间，简洁整洁，设施完备，高性价比之选。	315	7382
2955	大床房	大床房，配备舒适大床，温馨静谧，适合休闲度假。	338	7383
2955	行政套房	行政套房，空间宽敞，配套齐全，尊享舒适入住体验。	770	7384
2955	标准间	标准间，简洁整洁，设施完备，高性价比之选。	213	7385
2956	标准间	标准间，简洁整洁，设施完备，高性价比之选。	269	7386
2956	大床房	大床房，配备舒适大床，温馨静谧，适合休闲度假。	307	7387
2957	行政套房	行政套房，空间宽敞，配套齐全，尊享舒适入住体验。	802	7388
2957	标准间	标准间，简洁整洁，设施完备，高性价比之选。	283	7389
2958	大床房	大床房，配备舒适大床，温馨静谧，适合休闲度假。	353	7390
2958	标准间	标准间，简洁整洁，设施完备，高性价比之选。	213	7391
2959	行政套房	行政套房，空间宽敞，配套齐全，尊享舒适入住体验。	674	7392
2959	标准间	标准间，简洁整洁，设施完备，高性价比之选。	232	7393
2959	大床房	大床房，配备舒适大床，温馨静谧，适合休闲度假。	365	7394
2960	标准间	标准间，简洁整洁，设施完备，高性价比之选。	312	7395
2960	大床房	大床房，配备舒适大床，温馨静谧，适合休闲度假。	469	7396
2960	行政套房	行政套房，空间宽敞，配套齐全，尊享舒适入住体验。	682	7397
2961	大床房	大床房，配备舒适大床，温馨静谧，适合休闲度假。	293	7398
2961	标准间	标准间，简洁整洁，设施完备，高性价比之选。	255	7399
2961	行政套房	行政套房，空间宽敞，配套齐全，尊享舒适入住体验。	798	7400
2962	行政套房	行政套房，空间宽敞，配套齐全，尊享舒适入住体验。	517	7401
2962	标准间	标准间，简洁整洁，设施完备，高性价比之选。	274	7402
2962	大床房	大床房，配备舒适大床，温馨静谧，适合休闲度假。	473	7403
2963	大床房	大床房，配备舒适大床，温馨静谧，适合休闲度假。	432	7404
2963	标准间	标准间，简洁整洁，设施完备，高性价比之选。	201	7405
2964	标准间	标准间，简洁整洁，设施完备，高性价比之选。	231	7406
2964	行政套房	行政套房，空间宽敞，配套齐全，尊享舒适入住体验。	601	7407
2965	标准间	标准间，简洁整洁，设施完备，高性价比之选。	315	7408
2965	大床房	大床房，配备舒适大床，温馨静谧，适合休闲度假。	461	7409
2965	行政套房	行政套房，空间宽敞，配套齐全，尊享舒适入住体验。	494	7410
2966	行政套房	行政套房，空间宽敞，配套齐全，尊享舒适入住体验。	751	7411
2966	大床房	大床房，配备舒适大床，温馨静谧，适合休闲度假。	436	7412
2966	标准间	标准间，简洁整洁，设施完备，高性价比之选。	213	7413
2967	行政套房	行政套房，空间宽敞，配套齐全，尊享舒适入住体验。	792	7414
2967	标准间	标准间，简洁整洁，设施完备，高性价比之选。	228	7415
2968	标准间	标准间，简洁整洁，设施完备，高性价比之选。	311	7416
2968	行政套房	行政套房，空间宽敞，配套齐全，尊享舒适入住体验。	757	7417
2969	大床房	大床房，配备舒适大床，温馨静谧，适合休闲度假。	457	7418
2969	标准间	标准间，简洁整洁，设施完备，高性价比之选。	282	7419
2969	行政套房	行政套房，空间宽敞，配套齐全，尊享舒适入住体验。	610	7420
2970	标准间	标准间，简洁整洁，设施完备，高性价比之选。	215	7421
2970	大床房	大床房，配备舒适大床，温馨静谧，适合休闲度假。	281	7422
2971	行政套房	行政套房，空间宽敞，配套齐全，尊享舒适入住体验。	862	7423
2971	标准间	标准间，简洁整洁，设施完备，高性价比之选。	278	7424
2971	大床房	大床房，配备舒适大床，温馨静谧，适合休闲度假。	299	7425
2972	标准间	标准间，简洁整洁，设施完备，高性价比之选。	217	7426
2972	行政套房	行政套房，空间宽敞，配套齐全，尊享舒适入住体验。	630	7427
2972	大床房	大床房，配备舒适大床，温馨静谧，适合休闲度假。	335	7428
2973	大床房	大床房，配备舒适大床，温馨静谧，适合休闲度假。	381	7429
2973	行政套房	行政套房，空间宽敞，配套齐全，尊享舒适入住体验。	557	7430
2974	行政套房	行政套房，空间宽敞，配套齐全，尊享舒适入住体验。	796	7431
2974	标准间	标准间，简洁整洁，设施完备，高性价比之选。	285	7432
2975	标准间	标准间，简洁整洁，设施完备，高性价比之选。	217	7433
2975	大床房	大床房，配备舒适大床，温馨静谧，适合休闲度假。	326	7434
2976	标准间	标准间，简洁整洁，设施完备，高性价比之选。	250	7435
2976	大床房	大床房，配备舒适大床，温馨静谧，适合休闲度假。	311	7436
2976	行政套房	行政套房，空间宽敞，配套齐全，尊享舒适入住体验。	865	7437
2977	行政套房	行政套房，空间宽敞，配套齐全，尊享舒适入住体验。	546	7438
2977	大床房	大床房，配备舒适大床，温馨静谧，适合休闲度假。	417	7439
2977	标准间	标准间，简洁整洁，设施完备，高性价比之选。	238	7440
2978	行政套房	行政套房，空间宽敞，配套齐全，尊享舒适入住体验。	565	7441
2978	标准间	标准间，简洁整洁，设施完备，高性价比之选。	224	7442
2979	大床房	大床房，配备舒适大床，温馨静谧，适合休闲度假。	403	7443
2979	行政套房	行政套房，空间宽敞，配套齐全，尊享舒适入住体验。	670	7444
2979	标准间	标准间，简洁整洁，设施完备，高性价比之选。	266	7445
2980	行政套房	行政套房，空间宽敞，配套齐全，尊享舒适入住体验。	859	7446
2980	大床房	大床房，配备舒适大床，温馨静谧，适合休闲度假。	356	7447
2981	标准间	标准间，简洁整洁，设施完备，高性价比之选。	276	7448
2981	大床房	大床房，配备舒适大床，温馨静谧，适合休闲度假。	319	7449
2981	行政套房	行政套房，空间宽敞，配套齐全，尊享舒适入住体验。	648	7450
2982	行政套房	行政套房，空间宽敞，配套齐全，尊享舒适入住体验。	805	7451
2982	大床房	大床房，配备舒适大床，温馨静谧，适合休闲度假。	466	7452
2983	行政套房	行政套房，空间宽敞，配套齐全，尊享舒适入住体验。	848	7453
2983	大床房	大床房，配备舒适大床，温馨静谧，适合休闲度假。	280	7454
2984	大床房	大床房，配备舒适大床，温馨静谧，适合休闲度假。	468	7455
2984	标准间	标准间，简洁整洁，设施完备，高性价比之选。	312	7456
2985	标准间	标准间，简洁整洁，设施完备，高性价比之选。	252	7457
2985	大床房	大床房，配备舒适大床，温馨静谧，适合休闲度假。	432	7458
2986	行政套房	行政套房，空间宽敞，配套齐全，尊享舒适入住体验。	608	7459
2986	标准间	标准间，简洁整洁，设施完备，高性价比之选。	305	7460
2986	大床房	大床房，配备舒适大床，温馨静谧，适合休闲度假。	279	7461
2987	行政套房	行政套房，空间宽敞，配套齐全，尊享舒适入住体验。	674	7462
2987	标准间	标准间，简洁整洁，设施完备，高性价比之选。	195	7463
2987	大床房	大床房，配备舒适大床，温馨静谧，适合休闲度假。	328	7464
2988	标准间	标准间，简洁整洁，设施完备，高性价比之选。	211	7465
2988	大床房	大床房，配备舒适大床，温馨静谧，适合休闲度假。	457	7466
2989	大床房	大床房，配备舒适大床，温馨静谧，适合休闲度假。	404	7467
2989	行政套房	行政套房，空间宽敞，配套齐全，尊享舒适入住体验。	736	7468
2990	标准间	标准间，简洁整洁，设施完备，高性价比之选。	307	7469
2990	行政套房	行政套房，空间宽敞，配套齐全，尊享舒适入住体验。	594	7470
2990	大床房	大床房，配备舒适大床，温馨静谧，适合休闲度假。	298	7471
2991	行政套房	行政套房，空间宽敞，配套齐全，尊享舒适入住体验。	495	7472
2991	标准间	标准间，简洁整洁，设施完备，高性价比之选。	232	7473
2991	大床房	大床房，配备舒适大床，温馨静谧，适合休闲度假。	359	7474
2992	行政套房	行政套房，空间宽敞，配套齐全，尊享舒适入住体验。	648	7475
2992	大床房	大床房，配备舒适大床，温馨静谧，适合休闲度假。	469	7476
2992	标准间	标准间，简洁整洁，设施完备，高性价比之选。	311	7477
2993	标准间	标准间，简洁整洁，设施完备，高性价比之选。	262	7478
2993	大床房	大床房，配备舒适大床，温馨静谧，适合休闲度假。	402	7479
2993	行政套房	行政套房，空间宽敞，配套齐全，尊享舒适入住体验。	529	7480
2994	大床房	大床房，配备舒适大床，温馨静谧，适合休闲度假。	267	7481
2994	行政套房	行政套房，空间宽敞，配套齐全，尊享舒适入住体验。	783	7482
2995	标准间	标准间，简洁整洁，设施完备，高性价比之选。	265	7483
2995	行政套房	行政套房，空间宽敞，配套齐全，尊享舒适入住体验。	533	7484
2996	大床房	大床房，配备舒适大床，温馨静谧，适合休闲度假。	472	7485
2996	标准间	标准间，简洁整洁，设施完备，高性价比之选。	225	7486
2997	大床房	大床房，配备舒适大床，温馨静谧，适合休闲度假。	469	7487
2997	标准间	标准间，简洁整洁，设施完备，高性价比之选。	308	7488
2997	行政套房	行政套房，空间宽敞，配套齐全，尊享舒适入住体验。	558	7489
2998	大床房	大床房，配备舒适大床，温馨静谧，适合休闲度假。	346	7490
2998	标准间	标准间，简洁整洁，设施完备，高性价比之选。	297	7491
2998	行政套房	行政套房，空间宽敞，配套齐全，尊享舒适入住体验。	832	7492
2999	标准间	标准间，简洁整洁，设施完备，高性价比之选。	226	7493
2999	大床房	大床房，配备舒适大床，温馨静谧，适合休闲度假。	279	7494
2999	行政套房	行政套房，空间宽敞，配套齐全，尊享舒适入住体验。	538	7495
3000	大床房	大床房，配备舒适大床，温馨静谧，适合休闲度假。	402	7496
3000	行政套房	行政套房，空间宽敞，配套齐全，尊享舒适入住体验。	587	7497
3000	标准间	标准间，简洁整洁，设施完备，高性价比之选。	315	7498
3001	行政套房	行政套房，空间宽敞，配套齐全，尊享舒适入住体验。	516	7499
3001	大床房	大床房，配备舒适大床，温馨静谧，适合休闲度假。	452	7500
3002	标准间	标准间，简洁整洁，设施完备，高性价比之选。	244	7501
3002	行政套房	行政套房，空间宽敞，配套齐全，尊享舒适入住体验。	687	7502
3003	大床房	大床房，配备舒适大床，温馨静谧，适合休闲度假。	333	7503
3003	行政套房	行政套房，空间宽敞，配套齐全，尊享舒适入住体验。	782	7504
3004	大床房	大床房，配备舒适大床，温馨静谧，适合休闲度假。	352	7505
3004	标准间	标准间，简洁整洁，设施完备，高性价比之选。	216	7506
3005	标准间	标准间，简洁整洁，设施完备，高性价比之选。	236	7507
3005	行政套房	行政套房，空间宽敞，配套齐全，尊享舒适入住体验。	746	7508
3006	行政套房	行政套房，空间宽敞，配套齐全，尊享舒适入住体验。	556	7509
3006	标准间	标准间，简洁整洁，设施完备，高性价比之选。	236	7510
3006	大床房	大床房，配备舒适大床，温馨静谧，适合休闲度假。	340	7511
3007	大床房	大床房，配备舒适大床，温馨静谧，适合休闲度假。	293	7512
3007	行政套房	行政套房，空间宽敞，配套齐全，尊享舒适入住体验。	544	7513
3008	大床房	大床房，配备舒适大床，温馨静谧，适合休闲度假。	358	7514
3008	行政套房	行政套房，空间宽敞，配套齐全，尊享舒适入住体验。	870	7515
3008	标准间	标准间，简洁整洁，设施完备，高性价比之选。	281	7516
3009	大床房	大床房，配备舒适大床，温馨静谧，适合休闲度假。	412	7517
3009	标准间	标准间，简洁整洁，设施完备，高性价比之选。	289	7518
3010	大床房	大床房，配备舒适大床，温馨静谧，适合休闲度假。	447	7519
3010	标准间	标准间，简洁整洁，设施完备，高性价比之选。	305	7520
3010	行政套房	行政套房，空间宽敞，配套齐全，尊享舒适入住体验。	811	7521
3011	标准间	标准间，简洁整洁，设施完备，高性价比之选。	244	7522
3011	行政套房	行政套房，空间宽敞，配套齐全，尊享舒适入住体验。	616	7523
3011	大床房	大床房，配备舒适大床，温馨静谧，适合休闲度假。	458	7524
3012	行政套房	行政套房，空间宽敞，配套齐全，尊享舒适入住体验。	558	7525
3012	标准间	标准间，简洁整洁，设施完备，高性价比之选。	189	7526
3012	大床房	大床房，配备舒适大床，温馨静谧，适合休闲度假。	294	7527
3013	标准间	标准间，简洁整洁，设施完备，高性价比之选。	301	7528
3013	大床房	大床房，配备舒适大床，温馨静谧，适合休闲度假。	430	7529
3013	行政套房	行政套房，空间宽敞，配套齐全，尊享舒适入住体验。	623	7530
3014	行政套房	行政套房，空间宽敞，配套齐全，尊享舒适入住体验。	845	7531
3014	标准间	标准间，简洁整洁，设施完备，高性价比之选。	272	7532
3015	大床房	大床房，配备舒适大床，温馨静谧，适合休闲度假。	425	7533
3015	行政套房	行政套房，空间宽敞，配套齐全，尊享舒适入住体验。	697	7534
3016	标准间	标准间，简洁整洁，设施完备，高性价比之选。	305	7535
3016	大床房	大床房，配备舒适大床，温馨静谧，适合休闲度假。	342	7536
3016	行政套房	行政套房，空间宽敞，配套齐全，尊享舒适入住体验。	685	7537
3017	标准间	标准间，简洁整洁，设施完备，高性价比之选。	186	7538
3017	大床房	大床房，配备舒适大床，温馨静谧，适合休闲度假。	465	7539
3018	标准间	标准间，简洁整洁，设施完备，高性价比之选。	270	7540
3018	大床房	大床房，配备舒适大床，温馨静谧，适合休闲度假。	270	7541
3019	行政套房	行政套房，空间宽敞，配套齐全，尊享舒适入住体验。	625	7542
3019	标准间	标准间，简洁整洁，设施完备，高性价比之选。	215	7543
3020	行政套房	行政套房，空间宽敞，配套齐全，尊享舒适入住体验。	580	7544
3020	大床房	大床房，配备舒适大床，温馨静谧，适合休闲度假。	471	7545
3021	大床房	大床房，配备舒适大床，温馨静谧，适合休闲度假。	473	7546
3021	标准间	标准间，简洁整洁，设施完备，高性价比之选。	299	7547
3022	大床房	大床房，配备舒适大床，温馨静谧，适合休闲度假。	379	7548
3022	标准间	标准间，简洁整洁，设施完备，高性价比之选。	224	7549
3022	行政套房	行政套房，空间宽敞，配套齐全，尊享舒适入住体验。	676	7550
3023	行政套房	行政套房，空间宽敞，配套齐全，尊享舒适入住体验。	814	7551
3023	大床房	大床房，配备舒适大床，温馨静谧，适合休闲度假。	382	7552
3023	标准间	标准间，简洁整洁，设施完备，高性价比之选。	288	7553
3024	行政套房	行政套房，空间宽敞，配套齐全，尊享舒适入住体验。	671	7554
3024	标准间	标准间，简洁整洁，设施完备，高性价比之选。	262	7555
3024	大床房	大床房，配备舒适大床，温馨静谧，适合休闲度假。	392	7556
3025	标准间	标准间，简洁整洁，设施完备，高性价比之选。	198	7557
3025	行政套房	行政套房，空间宽敞，配套齐全，尊享舒适入住体验。	832	7558
3026	行政套房	行政套房，空间宽敞，配套齐全，尊享舒适入住体验。	505	7559
3026	大床房	大床房，配备舒适大床，温馨静谧，适合休闲度假。	343	7560
3026	标准间	标准间，简洁整洁，设施完备，高性价比之选。	245	7561
3027	行政套房	行政套房，空间宽敞，配套齐全，尊享舒适入住体验。	701	7562
3027	标准间	标准间，简洁整洁，设施完备，高性价比之选。	270	7563
3027	大床房	大床房，配备舒适大床，温馨静谧，适合休闲度假。	474	7564
3028	标准间	标准间，简洁整洁，设施完备，高性价比之选。	314	7565
3028	行政套房	行政套房，空间宽敞，配套齐全，尊享舒适入住体验。	549	7566
3029	行政套房	行政套房，空间宽敞，配套齐全，尊享舒适入住体验。	845	7567
3029	大床房	大床房，配备舒适大床，温馨静谧，适合休闲度假。	376	7568
3030	行政套房	行政套房，空间宽敞，配套齐全，尊享舒适入住体验。	608	7569
3030	标准间	标准间，简洁整洁，设施完备，高性价比之选。	188	7570
3031	标准间	标准间，简洁整洁，设施完备，高性价比之选。	251	7571
3031	大床房	大床房，配备舒适大床，温馨静谧，适合休闲度假。	430	7572
3032	标准间	标准间，简洁整洁，设施完备，高性价比之选。	260	7573
3032	大床房	大床房，配备舒适大床，温馨静谧，适合休闲度假。	347	7574
3032	行政套房	行政套房，空间宽敞，配套齐全，尊享舒适入住体验。	666	7575
3033	大床房	大床房，配备舒适大床，温馨静谧，适合休闲度假。	423	7576
3033	行政套房	行政套房，空间宽敞，配套齐全，尊享舒适入住体验。	574	7577
3034	行政套房	行政套房，空间宽敞，配套齐全，尊享舒适入住体验。	544	7578
3034	标准间	标准间，简洁整洁，设施完备，高性价比之选。	182	7579
3035	标准间	标准间，简洁整洁，设施完备，高性价比之选。	264	7580
3035	大床房	大床房，配备舒适大床，温馨静谧，适合休闲度假。	353	7581
3036	大床房	大床房，配备舒适大床，温馨静谧，适合休闲度假。	260	7582
3036	标准间	标准间，简洁整洁，设施完备，高性价比之选。	306	7583
3037	标准间	标准间，简洁整洁，设施完备，高性价比之选。	318	7584
3037	大床房	大床房，配备舒适大床，温馨静谧，适合休闲度假。	436	7585
3038	标准间	标准间，简洁整洁，设施完备，高性价比之选。	312	7586
3038	大床房	大床房，配备舒适大床，温馨静谧，适合休闲度假。	479	7587
3039	标准间	标准间，简洁整洁，设施完备，高性价比之选。	222	7588
3039	行政套房	行政套房，空间宽敞，配套齐全，尊享舒适入住体验。	680	7589
3039	大床房	大床房，配备舒适大床，温馨静谧，适合休闲度假。	298	7590
3040	标准间	标准间，简洁整洁，设施完备，高性价比之选。	306	7591
3040	大床房	大床房，配备舒适大床，温馨静谧，适合休闲度假。	406	7592
3041	行政套房	行政套房，空间宽敞，配套齐全，尊享舒适入住体验。	580	7593
3041	大床房	大床房，配备舒适大床，温馨静谧，适合休闲度假。	276	7594
3042	行政套房	行政套房，空间宽敞，配套齐全，尊享舒适入住体验。	615	7595
3042	标准间	标准间，简洁整洁，设施完备，高性价比之选。	206	7596
3042	大床房	大床房，配备舒适大床，温馨静谧，适合休闲度假。	431	7597
3043	行政套房	行政套房，空间宽敞，配套齐全，尊享舒适入住体验。	879	7598
3043	大床房	大床房，配备舒适大床，温馨静谧，适合休闲度假。	265	7599
3043	标准间	标准间，简洁整洁，设施完备，高性价比之选。	260	7600
3044	大床房	大床房，配备舒适大床，温馨静谧，适合休闲度假。	419	7601
3044	行政套房	行政套房，空间宽敞，配套齐全，尊享舒适入住体验。	750	7602
3045	标准间	标准间，简洁整洁，设施完备，高性价比之选。	210	7603
3045	大床房	大床房，配备舒适大床，温馨静谧，适合休闲度假。	379	7604
3045	行政套房	行政套房，空间宽敞，配套齐全，尊享舒适入住体验。	488	7605
3046	大床房	大床房，配备舒适大床，温馨静谧，适合休闲度假。	309	7606
3046	行政套房	行政套房，空间宽敞，配套齐全，尊享舒适入住体验。	759	7607
3046	标准间	标准间，简洁整洁，设施完备，高性价比之选。	226	7608
3047	标准间	标准间，简洁整洁，设施完备，高性价比之选。	287	7609
3047	行政套房	行政套房，空间宽敞，配套齐全，尊享舒适入住体验。	698	7610
3048	标准间	标准间，简洁整洁，设施完备，高性价比之选。	308	7611
3048	行政套房	行政套房，空间宽敞，配套齐全，尊享舒适入住体验。	853	7612
3048	大床房	大床房，配备舒适大床，温馨静谧，适合休闲度假。	377	7613
3049	行政套房	行政套房，空间宽敞，配套齐全，尊享舒适入住体验。	840	7614
3049	大床房	大床房，配备舒适大床，温馨静谧，适合休闲度假。	479	7615
3050	行政套房	行政套房，空间宽敞，配套齐全，尊享舒适入住体验。	696	7616
3050	大床房	大床房，配备舒适大床，温馨静谧，适合休闲度假。	385	7617
3050	标准间	标准间，简洁整洁，设施完备，高性价比之选。	254	7618
3051	行政套房	行政套房，空间宽敞，配套齐全，尊享舒适入住体验。	609	7619
3051	大床房	大床房，配备舒适大床，温馨静谧，适合休闲度假。	287	7620
3051	标准间	标准间，简洁整洁，设施完备，高性价比之选。	242	7621
3052	标准间	标准间，简洁整洁，设施完备，高性价比之选。	314	7622
3052	大床房	大床房，配备舒适大床，温馨静谧，适合休闲度假。	338	7623
3052	行政套房	行政套房，空间宽敞，配套齐全，尊享舒适入住体验。	875	7624
3053	标准间	标准间，简洁整洁，设施完备，高性价比之选。	233	7625
3053	大床房	大床房，配备舒适大床，温馨静谧，适合休闲度假。	413	7626
3053	行政套房	行政套房，空间宽敞，配套齐全，尊享舒适入住体验。	609	7627
3054	大床房	大床房，配备舒适大床，温馨静谧，适合休闲度假。	350	7628
3054	标准间	标准间，简洁整洁，设施完备，高性价比之选。	239	7629
3055	行政套房	行政套房，空间宽敞，配套齐全，尊享舒适入住体验。	486	7630
3055	标准间	标准间，简洁整洁，设施完备，高性价比之选。	284	7631
3055	大床房	大床房，配备舒适大床，温馨静谧，适合休闲度假。	371	7632
3056	标准间	标准间，简洁整洁，设施完备，高性价比之选。	243	7633
3056	行政套房	行政套房，空间宽敞，配套齐全，尊享舒适入住体验。	802	7634
3057	大床房	大床房，配备舒适大床，温馨静谧，适合休闲度假。	457	7635
3057	行政套房	行政套房，空间宽敞，配套齐全，尊享舒适入住体验。	524	7636
3057	标准间	标准间，简洁整洁，设施完备，高性价比之选。	187	7637
3058	大床房	大床房，配备舒适大床，温馨静谧，适合休闲度假。	363	7638
3058	行政套房	行政套房，空间宽敞，配套齐全，尊享舒适入住体验。	782	7639
3058	标准间	标准间，简洁整洁，设施完备，高性价比之选。	221	7640
3059	标准间	标准间，简洁整洁，设施完备，高性价比之选。	235	7641
3059	大床房	大床房，配备舒适大床，温馨静谧，适合休闲度假。	342	7642
3060	标准间	标准间，简洁整洁，设施完备，高性价比之选。	299	7643
3060	大床房	大床房，配备舒适大床，温馨静谧，适合休闲度假。	313	7644
3061	大床房	大床房，配备舒适大床，温馨静谧，适合休闲度假。	329	7645
3061	行政套房	行政套房，空间宽敞，配套齐全，尊享舒适入住体验。	678	7646
3062	大床房	大床房，配备舒适大床，温馨静谧，适合休闲度假。	462	7647
3062	行政套房	行政套房，空间宽敞，配套齐全，尊享舒适入住体验。	837	7648
3063	行政套房	行政套房，空间宽敞，配套齐全，尊享舒适入住体验。	743	7649
3063	大床房	大床房，配备舒适大床，温馨静谧，适合休闲度假。	300	7650
3064	行政套房	行政套房，空间宽敞，配套齐全，尊享舒适入住体验。	872	7651
3064	大床房	大床房，配备舒适大床，温馨静谧，适合休闲度假。	363	7652
3064	标准间	标准间，简洁整洁，设施完备，高性价比之选。	272	7653
3065	大床房	大床房，配备舒适大床，温馨静谧，适合休闲度假。	305	7654
3065	标准间	标准间，简洁整洁，设施完备，高性价比之选。	252	7655
3066	标准间	标准间，简洁整洁，设施完备，高性价比之选。	312	7656
3066	行政套房	行政套房，空间宽敞，配套齐全，尊享舒适入住体验。	816	7657
3066	大床房	大床房，配备舒适大床，温馨静谧，适合休闲度假。	297	7658
3067	行政套房	行政套房，空间宽敞，配套齐全，尊享舒适入住体验。	847	7659
3067	大床房	大床房，配备舒适大床，温馨静谧，适合休闲度假。	260	7660
3067	标准间	标准间，简洁整洁，设施完备，高性价比之选。	236	7661
3068	行政套房	行政套房，空间宽敞，配套齐全，尊享舒适入住体验。	694	7662
3068	标准间	标准间，简洁整洁，设施完备，高性价比之选。	306	7663
3069	大床房	大床房，配备舒适大床，温馨静谧，适合休闲度假。	260	7664
3069	标准间	标准间，简洁整洁，设施完备，高性价比之选。	237	7665
3070	行政套房	行政套房，空间宽敞，配套齐全，尊享舒适入住体验。	599	7666
3070	标准间	标准间，简洁整洁，设施完备，高性价比之选。	276	7667
3071	大床房	大床房，配备舒适大床，温馨静谧，适合休闲度假。	459	7668
3071	行政套房	行政套房，空间宽敞，配套齐全，尊享舒适入住体验。	862	7669
3072	标准间	标准间，简洁整洁，设施完备，高性价比之选。	233	7670
3072	行政套房	行政套房，空间宽敞，配套齐全，尊享舒适入住体验。	723	7671
3073	大床房	大床房，配备舒适大床，温馨静谧，适合休闲度假。	404	7672
3073	行政套房	行政套房，空间宽敞，配套齐全，尊享舒适入住体验。	485	7673
3074	行政套房	行政套房，空间宽敞，配套齐全，尊享舒适入住体验。	873	7674
3074	标准间	标准间，简洁整洁，设施完备，高性价比之选。	259	7675
3075	行政套房	行政套房，空间宽敞，配套齐全，尊享舒适入住体验。	643	7676
3075	标准间	标准间，简洁整洁，设施完备，高性价比之选。	210	7677
3075	大床房	大床房，配备舒适大床，温馨静谧，适合休闲度假。	434	7678
3076	标准间	标准间，简洁整洁，设施完备，高性价比之选。	293	7679
3076	大床房	大床房，配备舒适大床，温馨静谧，适合休闲度假。	350	7680
3076	行政套房	行政套房，空间宽敞，配套齐全，尊享舒适入住体验。	541	7681
3077	行政套房	行政套房，空间宽敞，配套齐全，尊享舒适入住体验。	656	7682
3077	大床房	大床房，配备舒适大床，温馨静谧，适合休闲度假。	286	7683
3078	标准间	标准间，简洁整洁，设施完备，高性价比之选。	212	7684
3078	大床房	大床房，配备舒适大床，温馨静谧，适合休闲度假。	373	7685
3079	标准间	标准间，简洁整洁，设施完备，高性价比之选。	206	7686
3079	行政套房	行政套房，空间宽敞，配套齐全，尊享舒适入住体验。	568	7687
3079	大床房	大床房，配备舒适大床，温馨静谧，适合休闲度假。	459	7688
3080	标准间	标准间，简洁整洁，设施完备，高性价比之选。	227	7689
3080	大床房	大床房，配备舒适大床，温馨静谧，适合休闲度假。	268	7690
3081	标准间	标准间，简洁整洁，设施完备，高性价比之选。	207	7691
3081	大床房	大床房，配备舒适大床，温馨静谧，适合休闲度假。	413	7692
3081	行政套房	行政套房，空间宽敞，配套齐全，尊享舒适入住体验。	610	7693
3082	标准间	标准间，简洁整洁，设施完备，高性价比之选。	281	7694
3082	大床房	大床房，配备舒适大床，温馨静谧，适合休闲度假。	438	7695
3083	标准间	标准间，简洁整洁，设施完备，高性价比之选。	242	7696
3083	大床房	大床房，配备舒适大床，温馨静谧，适合休闲度假。	286	7697
3084	大床房	大床房，配备舒适大床，温馨静谧，适合休闲度假。	327	7698
3084	行政套房	行政套房，空间宽敞，配套齐全，尊享舒适入住体验。	633	7699
3085	行政套房	行政套房，空间宽敞，配套齐全，尊享舒适入住体验。	613	7700
3085	大床房	大床房，配备舒适大床，温馨静谧，适合休闲度假。	335	7701
3085	标准间	标准间，简洁整洁，设施完备，高性价比之选。	180	7702
3086	大床房	大床房，配备舒适大床，温馨静谧，适合休闲度假。	305	7703
3086	行政套房	行政套房，空间宽敞，配套齐全，尊享舒适入住体验。	732	7704
3087	大床房	大床房，配备舒适大床，温馨静谧，适合休闲度假。	416	7705
3087	行政套房	行政套房，空间宽敞，配套齐全，尊享舒适入住体验。	573	7706
3087	标准间	标准间，简洁整洁，设施完备，高性价比之选。	197	7707
3088	标准间	标准间，简洁整洁，设施完备，高性价比之选。	237	7708
3088	行政套房	行政套房，空间宽敞，配套齐全，尊享舒适入住体验。	586	7709
3088	大床房	大床房，配备舒适大床，温馨静谧，适合休闲度假。	267	7710
3089	行政套房	行政套房，空间宽敞，配套齐全，尊享舒适入住体验。	796	7711
3089	大床房	大床房，配备舒适大床，温馨静谧，适合休闲度假。	269	7712
3090	标准间	标准间，简洁整洁，设施完备，高性价比之选。	228	7713
3090	大床房	大床房，配备舒适大床，温馨静谧，适合休闲度假。	389	7714
3091	大床房	大床房，配备舒适大床，温馨静谧，适合休闲度假。	260	7715
3091	行政套房	行政套房，空间宽敞，配套齐全，尊享舒适入住体验。	558	7716
3092	大床房	大床房，配备舒适大床，温馨静谧，适合休闲度假。	455	7717
3092	行政套房	行政套房，空间宽敞，配套齐全，尊享舒适入住体验。	576	7718
3093	行政套房	行政套房，空间宽敞，配套齐全，尊享舒适入住体验。	829	7719
3093	大床房	大床房，配备舒适大床，温馨静谧，适合休闲度假。	353	7720
3093	标准间	标准间，简洁整洁，设施完备，高性价比之选。	266	7721
3094	大床房	大床房，配备舒适大床，温馨静谧，适合休闲度假。	455	7722
3094	标准间	标准间，简洁整洁，设施完备，高性价比之选。	180	7723
3094	行政套房	行政套房，空间宽敞，配套齐全，尊享舒适入住体验。	766	7724
3095	标准间	标准间，简洁整洁，设施完备，高性价比之选。	309	7725
3095	大床房	大床房，配备舒适大床，温馨静谧，适合休闲度假。	438	7726
3096	大床房	大床房，配备舒适大床，温馨静谧，适合休闲度假。	453	7727
3096	标准间	标准间，简洁整洁，设施完备，高性价比之选。	191	7728
3097	标准间	标准间，简洁整洁，设施完备，高性价比之选。	312	7729
3097	行政套房	行政套房，空间宽敞，配套齐全，尊享舒适入住体验。	799	7730
3098	标准间	标准间，简洁整洁，设施完备，高性价比之选。	213	7731
3098	行政套房	行政套房，空间宽敞，配套齐全，尊享舒适入住体验。	702	7732
3099	行政套房	行政套房，空间宽敞，配套齐全，尊享舒适入住体验。	637	7733
3099	大床房	大床房，配备舒适大床，温馨静谧，适合休闲度假。	266	7734
3099	标准间	标准间，简洁整洁，设施完备，高性价比之选。	296	7735
3100	行政套房	行政套房，空间宽敞，配套齐全，尊享舒适入住体验。	514	7736
3100	标准间	标准间，简洁整洁，设施完备，高性价比之选。	281	7737
3101	标准间	标准间，简洁整洁，设施完备，高性价比之选。	216	7738
3101	行政套房	行政套房，空间宽敞，配套齐全，尊享舒适入住体验。	679	7739
3101	大床房	大床房，配备舒适大床，温馨静谧，适合休闲度假。	423	7740
3102	行政套房	行政套房，空间宽敞，配套齐全，尊享舒适入住体验。	762	7741
3102	标准间	标准间，简洁整洁，设施完备，高性价比之选。	289	7742
3103	行政套房	行政套房，空间宽敞，配套齐全，尊享舒适入住体验。	671	7743
3103	标准间	标准间，简洁整洁，设施完备，高性价比之选。	253	7744
3103	大床房	大床房，配备舒适大床，温馨静谧，适合休闲度假。	353	7745
3104	大床房	大床房，配备舒适大床，温馨静谧，适合休闲度假。	455	7746
3104	行政套房	行政套房，空间宽敞，配套齐全，尊享舒适入住体验。	548	7747
3105	标准间	标准间，简洁整洁，设施完备，高性价比之选。	284	7748
3105	大床房	大床房，配备舒适大床，温馨静谧，适合休闲度假。	478	7749
3106	行政套房	行政套房，空间宽敞，配套齐全，尊享舒适入住体验。	654	7750
3106	标准间	标准间，简洁整洁，设施完备，高性价比之选。	301	7751
3107	标准间	标准间，简洁整洁，设施完备，高性价比之选。	180	7752
3107	大床房	大床房，配备舒适大床，温馨静谧，适合休闲度假。	269	7753
3107	行政套房	行政套房，空间宽敞，配套齐全，尊享舒适入住体验。	870	7754
3108	行政套房	行政套房，空间宽敞，配套齐全，尊享舒适入住体验。	569	7755
3108	标准间	标准间，简洁整洁，设施完备，高性价比之选。	205	7756
3108	大床房	大床房，配备舒适大床，温馨静谧，适合休闲度假。	347	7757
3109	大床房	大床房，配备舒适大床，温馨静谧，适合休闲度假。	386	7758
3109	标准间	标准间，简洁整洁，设施完备，高性价比之选。	185	7759
3109	行政套房	行政套房，空间宽敞，配套齐全，尊享舒适入住体验。	846	7760
3110	行政套房	行政套房，空间宽敞，配套齐全，尊享舒适入住体验。	735	7761
3110	大床房	大床房，配备舒适大床，温馨静谧，适合休闲度假。	326	7762
3110	标准间	标准间，简洁整洁，设施完备，高性价比之选。	226	7763
3111	大床房	大床房，配备舒适大床，温馨静谧，适合休闲度假。	347	7764
3111	行政套房	行政套房，空间宽敞，配套齐全，尊享舒适入住体验。	853	7765
3112	标准间	标准间，简洁整洁，设施完备，高性价比之选。	301	7766
3112	大床房	大床房，配备舒适大床，温馨静谧，适合休闲度假。	269	7767
3112	行政套房	行政套房，空间宽敞，配套齐全，尊享舒适入住体验。	837	7768
3113	行政套房	行政套房，空间宽敞，配套齐全，尊享舒适入住体验。	725	7769
3113	标准间	标准间，简洁整洁，设施完备，高性价比之选。	228	7770
3114	标准间	标准间，简洁整洁，设施完备，高性价比之选。	299	7771
3114	大床房	大床房，配备舒适大床，温馨静谧，适合休闲度假。	452	7772
3114	行政套房	行政套房，空间宽敞，配套齐全，尊享舒适入住体验。	605	7773
3115	大床房	大床房，配备舒适大床，温馨静谧，适合休闲度假。	358	7774
3115	行政套房	行政套房，空间宽敞，配套齐全，尊享舒适入住体验。	688	7775
3115	标准间	标准间，简洁整洁，设施完备，高性价比之选。	193	7776
3116	行政套房	行政套房，空间宽敞，配套齐全，尊享舒适入住体验。	619	7777
3116	标准间	标准间，简洁整洁，设施完备，高性价比之选。	190	7778
3117	标准间	标准间，简洁整洁，设施完备，高性价比之选。	314	7779
3117	行政套房	行政套房，空间宽敞，配套齐全，尊享舒适入住体验。	517	7780
3117	大床房	大床房，配备舒适大床，温馨静谧，适合休闲度假。	471	7781
3118	行政套房	行政套房，空间宽敞，配套齐全，尊享舒适入住体验。	570	7782
3118	标准间	标准间，简洁整洁，设施完备，高性价比之选。	308	7783
3119	大床房	大床房，配备舒适大床，温馨静谧，适合休闲度假。	363	7784
3119	标准间	标准间，简洁整洁，设施完备，高性价比之选。	265	7785
3119	行政套房	行政套房，空间宽敞，配套齐全，尊享舒适入住体验。	741	7786
3120	行政套房	行政套房，空间宽敞，配套齐全，尊享舒适入住体验。	684	7787
3120	大床房	大床房，配备舒适大床，温馨静谧，适合休闲度假。	273	7788
3121	标准间	标准间，简洁整洁，设施完备，高性价比之选。	221	7789
3121	大床房	大床房，配备舒适大床，温馨静谧，适合休闲度假。	359	7790
3121	行政套房	行政套房，空间宽敞，配套齐全，尊享舒适入住体验。	614	7791
3122	大床房	大床房，配备舒适大床，温馨静谧，适合休闲度假。	327	7792
3122	行政套房	行政套房，空间宽敞，配套齐全，尊享舒适入住体验。	580	7793
3122	标准间	标准间，简洁整洁，设施完备，高性价比之选。	309	7794
3123	大床房	大床房，配备舒适大床，温馨静谧，适合休闲度假。	445	7795
3123	标准间	标准间，简洁整洁，设施完备，高性价比之选。	251	7796
3123	行政套房	行政套房，空间宽敞，配套齐全，尊享舒适入住体验。	505	7797
3124	行政套房	行政套房，空间宽敞，配套齐全，尊享舒适入住体验。	517	7798
3124	标准间	标准间，简洁整洁，设施完备，高性价比之选。	257	7799
3125	大床房	大床房，配备舒适大床，温馨静谧，适合休闲度假。	457	7800
3125	标准间	标准间，简洁整洁，设施完备，高性价比之选。	230	7801
3125	行政套房	行政套房，空间宽敞，配套齐全，尊享舒适入住体验。	713	7802
3126	大床房	大床房，配备舒适大床，温馨静谧，适合休闲度假。	402	7803
3126	标准间	标准间，简洁整洁，设施完备，高性价比之选。	249	7804
3127	标准间	标准间，简洁整洁，设施完备，高性价比之选。	230	7805
3127	行政套房	行政套房，空间宽敞，配套齐全，尊享舒适入住体验。	782	7806
3127	大床房	大床房，配备舒适大床，温馨静谧，适合休闲度假。	386	7807
3128	行政套房	行政套房，空间宽敞，配套齐全，尊享舒适入住体验。	733	7808
3128	大床房	大床房，配备舒适大床，温馨静谧，适合休闲度假。	419	7809
3129	标准间	标准间，简洁整洁，设施完备，高性价比之选。	185	7810
3129	行政套房	行政套房，空间宽敞，配套齐全，尊享舒适入住体验。	805	7811
3130	标准间	标准间，简洁整洁，设施完备，高性价比之选。	245	7812
3130	大床房	大床房，配备舒适大床，温馨静谧，适合休闲度假。	417	7813
3130	行政套房	行政套房，空间宽敞，配套齐全，尊享舒适入住体验。	738	7814
3131	行政套房	行政套房，空间宽敞，配套齐全，尊享舒适入住体验。	516	7815
3131	标准间	标准间，简洁整洁，设施完备，高性价比之选。	258	7816
3132	大床房	大床房，配备舒适大床，温馨静谧，适合休闲度假。	313	7817
3132	标准间	标准间，简洁整洁，设施完备，高性价比之选。	246	7818
3132	行政套房	行政套房，空间宽敞，配套齐全，尊享舒适入住体验。	626	7819
3133	大床房	大床房，配备舒适大床，温馨静谧，适合休闲度假。	326	7820
3133	标准间	标准间，简洁整洁，设施完备，高性价比之选。	261	7821
3134	标准间	标准间，简洁整洁，设施完备，高性价比之选。	262	7822
3134	大床房	大床房，配备舒适大床，温馨静谧，适合休闲度假。	431	7823
3134	行政套房	行政套房，空间宽敞，配套齐全，尊享舒适入住体验。	668	7824
3135	标准间	标准间，简洁整洁，设施完备，高性价比之选。	311	7825
3135	行政套房	行政套房，空间宽敞，配套齐全，尊享舒适入住体验。	520	7826
3136	大床房	大床房，配备舒适大床，温馨静谧，适合休闲度假。	391	7827
3136	标准间	标准间，简洁整洁，设施完备，高性价比之选。	187	7828
3137	大床房	大床房，配备舒适大床，温馨静谧，适合休闲度假。	282	7829
3137	标准间	标准间，简洁整洁，设施完备，高性价比之选。	202	7830
3138	标准间	标准间，简洁整洁，设施完备，高性价比之选。	281	7831
3138	行政套房	行政套房，空间宽敞，配套齐全，尊享舒适入住体验。	498	7832
3138	大床房	大床房，配备舒适大床，温馨静谧，适合休闲度假。	395	7833
3139	大床房	大床房，配备舒适大床，温馨静谧，适合休闲度假。	416	7834
3139	标准间	标准间，简洁整洁，设施完备，高性价比之选。	239	7835
3139	行政套房	行政套房，空间宽敞，配套齐全，尊享舒适入住体验。	836	7836
3140	行政套房	行政套房，空间宽敞，配套齐全，尊享舒适入住体验。	848	7837
3140	大床房	大床房，配备舒适大床，温馨静谧，适合休闲度假。	272	7838
3141	大床房	大床房，配备舒适大床，温馨静谧，适合休闲度假。	275	7839
3141	行政套房	行政套房，空间宽敞，配套齐全，尊享舒适入住体验。	831	7840
3142	标准间	标准间，简洁整洁，设施完备，高性价比之选。	227	7841
3142	大床房	大床房，配备舒适大床，温馨静谧，适合休闲度假。	432	7842
3143	大床房	大床房，配备舒适大床，温馨静谧，适合休闲度假。	353	7843
3143	标准间	标准间，简洁整洁，设施完备，高性价比之选。	273	7844
3143	行政套房	行政套房，空间宽敞，配套齐全，尊享舒适入住体验。	741	7845
3144	大床房	大床房，配备舒适大床，温馨静谧，适合休闲度假。	383	7846
3144	行政套房	行政套房，空间宽敞，配套齐全，尊享舒适入住体验。	509	7847
3144	标准间	标准间，简洁整洁，设施完备，高性价比之选。	242	7848
3145	标准间	标准间，简洁整洁，设施完备，高性价比之选。	252	7849
3145	大床房	大床房，配备舒适大床，温馨静谧，适合休闲度假。	293	7850
3145	行政套房	行政套房，空间宽敞，配套齐全，尊享舒适入住体验。	737	7851
3146	标准间	标准间，简洁整洁，设施完备，高性价比之选。	185	7852
3146	行政套房	行政套房，空间宽敞，配套齐全，尊享舒适入住体验。	485	7853
3146	大床房	大床房，配备舒适大床，温馨静谧，适合休闲度假。	429	7854
3147	标准间	标准间，简洁整洁，设施完备，高性价比之选。	245	7855
3147	大床房	大床房，配备舒适大床，温馨静谧，适合休闲度假。	453	7856
3148	标准间	标准间，简洁整洁，设施完备，高性价比之选。	205	7857
3148	行政套房	行政套房，空间宽敞，配套齐全，尊享舒适入住体验。	805	7858
3148	大床房	大床房，配备舒适大床，温馨静谧，适合休闲度假。	335	7859
3149	行政套房	行政套房，空间宽敞，配套齐全，尊享舒适入住体验。	678	7860
3149	标准间	标准间，简洁整洁，设施完备，高性价比之选。	200	7861
3149	大床房	大床房，配备舒适大床，温馨静谧，适合休闲度假。	403	7862
3150	大床房	大床房，配备舒适大床，温馨静谧，适合休闲度假。	284	7863
3150	行政套房	行政套房，空间宽敞，配套齐全，尊享舒适入住体验。	836	7864
3150	标准间	标准间，简洁整洁，设施完备，高性价比之选。	254	7865
3151	行政套房	行政套房，空间宽敞，配套齐全，尊享舒适入住体验。	576	7866
3151	大床房	大床房，配备舒适大床，温馨静谧，适合休闲度假。	463	7867
3151	标准间	标准间，简洁整洁，设施完备，高性价比之选。	267	7868
3152	标准间	标准间，简洁整洁，设施完备，高性价比之选。	224	7869
3152	行政套房	行政套房，空间宽敞，配套齐全，尊享舒适入住体验。	827	7870
3152	大床房	大床房，配备舒适大床，温馨静谧，适合休闲度假。	269	7871
3153	大床房	大床房，配备舒适大床，温馨静谧，适合休闲度假。	373	7872
3153	行政套房	行政套房，空间宽敞，配套齐全，尊享舒适入住体验。	851	7873
3154	大床房	大床房，配备舒适大床，温馨静谧，适合休闲度假。	411	7874
3154	标准间	标准间，简洁整洁，设施完备，高性价比之选。	278	7875
3155	标准间	标准间，简洁整洁，设施完备，高性价比之选。	267	7876
3155	大床房	大床房，配备舒适大床，温馨静谧，适合休闲度假。	438	7877
3156	标准间	标准间，简洁整洁，设施完备，高性价比之选。	290	7878
3156	大床房	大床房，配备舒适大床，温馨静谧，适合休闲度假。	472	7879
3157	标准间	标准间，简洁整洁，设施完备，高性价比之选。	293	7880
3157	大床房	大床房，配备舒适大床，温馨静谧，适合休闲度假。	465	7881
3157	行政套房	行政套房，空间宽敞，配套齐全，尊享舒适入住体验。	807	7882
3158	大床房	大床房，配备舒适大床，温馨静谧，适合休闲度假。	279	7883
3158	行政套房	行政套房，空间宽敞，配套齐全，尊享舒适入住体验。	752	7884
3159	标准间	标准间，简洁整洁，设施完备，高性价比之选。	218	7885
3159	行政套房	行政套房，空间宽敞，配套齐全，尊享舒适入住体验。	819	7886
3159	大床房	大床房，配备舒适大床，温馨静谧，适合休闲度假。	306	7887
3160	行政套房	行政套房，空间宽敞，配套齐全，尊享舒适入住体验。	810	7888
3160	大床房	大床房，配备舒适大床，温馨静谧，适合休闲度假。	479	7889
3161	行政套房	行政套房，空间宽敞，配套齐全，尊享舒适入住体验。	752	7890
3161	标准间	标准间，简洁整洁，设施完备，高性价比之选。	246	7891
3162	标准间	标准间，简洁整洁，设施完备，高性价比之选。	320	7892
3162	大床房	大床房，配备舒适大床，温馨静谧，适合休闲度假。	360	7893
3162	行政套房	行政套房，空间宽敞，配套齐全，尊享舒适入住体验。	773	7894
3163	标准间	标准间，简洁整洁，设施完备，高性价比之选。	233	7895
3163	行政套房	行政套房，空间宽敞，配套齐全，尊享舒适入住体验。	842	7896
3164	大床房	大床房，配备舒适大床，温馨静谧，适合休闲度假。	413	7897
3164	标准间	标准间，简洁整洁，设施完备，高性价比之选。	194	7898
3165	大床房	大床房，配备舒适大床，温馨静谧，适合休闲度假。	449	7899
3165	标准间	标准间，简洁整洁，设施完备，高性价比之选。	298	7900
3165	行政套房	行政套房，空间宽敞，配套齐全，尊享舒适入住体验。	814	7901
3166	标准间	标准间，简洁整洁，设施完备，高性价比之选。	278	7902
3166	行政套房	行政套房，空间宽敞，配套齐全，尊享舒适入住体验。	664	7903
3166	大床房	大床房，配备舒适大床，温馨静谧，适合休闲度假。	356	7904
3167	行政套房	行政套房，空间宽敞，配套齐全，尊享舒适入住体验。	754	7905
3167	大床房	大床房，配备舒适大床，温馨静谧，适合休闲度假。	396	7906
3167	标准间	标准间，简洁整洁，设施完备，高性价比之选。	240	7907
3168	大床房	大床房，配备舒适大床，温馨静谧，适合休闲度假。	281	7908
3168	行政套房	行政套房，空间宽敞，配套齐全，尊享舒适入住体验。	499	7909
3168	标准间	标准间，简洁整洁，设施完备，高性价比之选。	280	7910
3169	标准间	标准间，简洁整洁，设施完备，高性价比之选。	290	7911
3169	大床房	大床房，配备舒适大床，温馨静谧，适合休闲度假。	295	7912
3169	行政套房	行政套房，空间宽敞，配套齐全，尊享舒适入住体验。	543	7913
3170	标准间	标准间，简洁整洁，设施完备，高性价比之选。	183	7914
3170	行政套房	行政套房，空间宽敞，配套齐全，尊享舒适入住体验。	878	7915
3170	大床房	大床房，配备舒适大床，温馨静谧，适合休闲度假。	281	7916
3171	大床房	大床房，配备舒适大床，温馨静谧，适合休闲度假。	311	7917
3171	标准间	标准间，简洁整洁，设施完备，高性价比之选。	223	7918
3172	标准间	标准间，简洁整洁，设施完备，高性价比之选。	309	7919
3172	行政套房	行政套房，空间宽敞，配套齐全，尊享舒适入住体验。	512	7920
3172	大床房	大床房，配备舒适大床，温馨静谧，适合休闲度假。	409	7921
3173	行政套房	行政套房，空间宽敞，配套齐全，尊享舒适入住体验。	576	7922
3173	标准间	标准间，简洁整洁，设施完备，高性价比之选。	243	7923
3174	大床房	大床房，配备舒适大床，温馨静谧，适合休闲度假。	418	7924
3174	行政套房	行政套房，空间宽敞，配套齐全，尊享舒适入住体验。	721	7925
3175	大床房	大床房，配备舒适大床，温馨静谧，适合休闲度假。	383	7926
3175	标准间	标准间，简洁整洁，设施完备，高性价比之选。	277	7927
3176	大床房	大床房，配备舒适大床，温馨静谧，适合休闲度假。	442	7928
3176	行政套房	行政套房，空间宽敞，配套齐全，尊享舒适入住体验。	558	7929
3177	标准间	标准间，简洁整洁，设施完备，高性价比之选。	237	7930
3177	行政套房	行政套房，空间宽敞，配套齐全，尊享舒适入住体验。	710	7931
3178	行政套房	行政套房，空间宽敞，配套齐全，尊享舒适入住体验。	712	7932
3178	标准间	标准间，简洁整洁，设施完备，高性价比之选。	250	7933
3179	大床房	大床房，配备舒适大床，温馨静谧，适合休闲度假。	357	7934
3179	行政套房	行政套房，空间宽敞，配套齐全，尊享舒适入住体验。	842	7935
3179	标准间	标准间，简洁整洁，设施完备，高性价比之选。	280	7936
3180	行政套房	行政套房，空间宽敞，配套齐全，尊享舒适入住体验。	660	7937
3180	大床房	大床房，配备舒适大床，温馨静谧，适合休闲度假。	420	7938
3180	标准间	标准间，简洁整洁，设施完备，高性价比之选。	309	7939
3181	标准间	标准间，简洁整洁，设施完备，高性价比之选。	202	7940
3181	大床房	大床房，配备舒适大床，温馨静谧，适合休闲度假。	438	7941
3181	行政套房	行政套房，空间宽敞，配套齐全，尊享舒适入住体验。	738	7942
3182	大床房	大床房，配备舒适大床，温馨静谧，适合休闲度假。	392	7943
3182	行政套房	行政套房，空间宽敞，配套齐全，尊享舒适入住体验。	873	7944
3183	大床房	大床房，配备舒适大床，温馨静谧，适合休闲度假。	288	7945
3183	标准间	标准间，简洁整洁，设施完备，高性价比之选。	231	7946
3183	行政套房	行政套房，空间宽敞，配套齐全，尊享舒适入住体验。	621	7947
3184	标准间	标准间，简洁整洁，设施完备，高性价比之选。	229	7948
3184	行政套房	行政套房，空间宽敞，配套齐全，尊享舒适入住体验。	830	7949
3185	标准间	标准间，简洁整洁，设施完备，高性价比之选。	244	7950
3185	行政套房	行政套房，空间宽敞，配套齐全，尊享舒适入住体验。	581	7951
3185	大床房	大床房，配备舒适大床，温馨静谧，适合休闲度假。	330	7952
3186	标准间	标准间，简洁整洁，设施完备，高性价比之选。	185	7953
3186	行政套房	行政套房，空间宽敞，配套齐全，尊享舒适入住体验。	651	7954
3186	大床房	大床房，配备舒适大床，温馨静谧，适合休闲度假。	433	7955
3187	行政套房	行政套房，空间宽敞，配套齐全，尊享舒适入住体验。	605	7956
3187	大床房	大床房，配备舒适大床，温馨静谧，适合休闲度假。	341	7957
3187	标准间	标准间，简洁整洁，设施完备，高性价比之选。	226	7958
3188	标准间	标准间，简洁整洁，设施完备，高性价比之选。	299	7959
3188	大床房	大床房，配备舒适大床，温馨静谧，适合休闲度假。	378	7960
3188	行政套房	行政套房，空间宽敞，配套齐全，尊享舒适入住体验。	584	7961
3189	标准间	标准间，简洁整洁，设施完备，高性价比之选。	254	7962
3189	行政套房	行政套房，空间宽敞，配套齐全，尊享舒适入住体验。	692	7963
3189	大床房	大床房，配备舒适大床，温馨静谧，适合休闲度假。	372	7964
3190	大床房	大床房，配备舒适大床，温馨静谧，适合休闲度假。	476	7965
3190	行政套房	行政套房，空间宽敞，配套齐全，尊享舒适入住体验。	555	7966
3190	标准间	标准间，简洁整洁，设施完备，高性价比之选。	290	7967
3191	行政套房	行政套房，空间宽敞，配套齐全，尊享舒适入住体验。	584	7968
3191	标准间	标准间，简洁整洁，设施完备，高性价比之选。	218	7969
3191	大床房	大床房，配备舒适大床，温馨静谧，适合休闲度假。	423	7970
3192	行政套房	行政套房，空间宽敞，配套齐全，尊享舒适入住体验。	680	7971
3192	标准间	标准间，简洁整洁，设施完备，高性价比之选。	232	7972
3193	大床房	大床房，配备舒适大床，温馨静谧，适合休闲度假。	459	7973
3193	标准间	标准间，简洁整洁，设施完备，高性价比之选。	203	7974
3193	行政套房	行政套房，空间宽敞，配套齐全，尊享舒适入住体验。	507	7975
3194	行政套房	行政套房，空间宽敞，配套齐全，尊享舒适入住体验。	592	7976
3194	大床房	大床房，配备舒适大床，温馨静谧，适合休闲度假。	424	7977
3195	标准间	标准间，简洁整洁，设施完备，高性价比之选。	309	7978
3195	大床房	大床房，配备舒适大床，温馨静谧，适合休闲度假。	450	7979
3195	行政套房	行政套房，空间宽敞，配套齐全，尊享舒适入住体验。	655	7980
3196	行政套房	行政套房，空间宽敞，配套齐全，尊享舒适入住体验。	839	7981
3196	大床房	大床房，配备舒适大床，温馨静谧，适合休闲度假。	416	7982
3196	标准间	标准间，简洁整洁，设施完备，高性价比之选。	241	7983
3197	标准间	标准间，简洁整洁，设施完备，高性价比之选。	315	7984
3197	大床房	大床房，配备舒适大床，温馨静谧，适合休闲度假。	355	7985
3198	行政套房	行政套房，空间宽敞，配套齐全，尊享舒适入住体验。	845	7986
3198	标准间	标准间，简洁整洁，设施完备，高性价比之选。	291	7987
3199	大床房	大床房，配备舒适大床，温馨静谧，适合休闲度假。	478	7988
3199	标准间	标准间，简洁整洁，设施完备，高性价比之选。	237	7989
3200	标准间	标准间，简洁整洁，设施完备，高性价比之选。	229	7990
3200	行政套房	行政套房，空间宽敞，配套齐全，尊享舒适入住体验。	620	7991
3201	行政套房	行政套房，空间宽敞，配套齐全，尊享舒适入住体验。	785	7992
3201	大床房	大床房，配备舒适大床，温馨静谧，适合休闲度假。	340	7993
3202	标准间	标准间，简洁整洁，设施完备，高性价比之选。	284	7994
3202	行政套房	行政套房，空间宽敞，配套齐全，尊享舒适入住体验。	675	7995
3202	大床房	大床房，配备舒适大床，温馨静谧，适合休闲度假。	385	7996
3203	大床房	大床房，配备舒适大床，温馨静谧，适合休闲度假。	392	7997
3203	标准间	标准间，简洁整洁，设施完备，高性价比之选。	191	7998
3203	行政套房	行政套房，空间宽敞，配套齐全，尊享舒适入住体验。	722	7999
3204	大床房	大床房，配备舒适大床，温馨静谧，适合休闲度假。	374	8000
3204	标准间	标准间，简洁整洁，设施完备，高性价比之选。	258	8001
3205	行政套房	行政套房，空间宽敞，配套齐全，尊享舒适入住体验。	826	8002
3205	大床房	大床房，配备舒适大床，温馨静谧，适合休闲度假。	287	8003
3206	行政套房	行政套房，空间宽敞，配套齐全，尊享舒适入住体验。	732	8004
3206	大床房	大床房，配备舒适大床，温馨静谧，适合休闲度假。	289	8005
3206	标准间	标准间，简洁整洁，设施完备，高性价比之选。	228	8006
3207	大床房	大床房，配备舒适大床，温馨静谧，适合休闲度假。	331	8007
3207	行政套房	行政套房，空间宽敞，配套齐全，尊享舒适入住体验。	635	8008
3208	标准间	标准间，简洁整洁，设施完备，高性价比之选。	236	8009
3208	行政套房	行政套房，空间宽敞，配套齐全，尊享舒适入住体验。	869	8010
3209	大床房	大床房，配备舒适大床，温馨静谧，适合休闲度假。	437	8011
3209	标准间	标准间，简洁整洁，设施完备，高性价比之选。	259	8012
3209	行政套房	行政套房，空间宽敞，配套齐全，尊享舒适入住体验。	578	8013
3210	行政套房	行政套房，空间宽敞，配套齐全，尊享舒适入住体验。	610	8014
3210	标准间	标准间，简洁整洁，设施完备，高性价比之选。	186	8015
3210	大床房	大床房，配备舒适大床，温馨静谧，适合休闲度假。	314	8016
3211	行政套房	行政套房，空间宽敞，配套齐全，尊享舒适入住体验。	846	8017
3211	标准间	标准间，简洁整洁，设施完备，高性价比之选。	237	8018
3211	大床房	大床房，配备舒适大床，温馨静谧，适合休闲度假。	275	8019
3212	大床房	大床房，配备舒适大床，温馨静谧，适合休闲度假。	387	8020
3212	标准间	标准间，简洁整洁，设施完备，高性价比之选。	290	8021
3213	行政套房	行政套房，空间宽敞，配套齐全，尊享舒适入住体验。	529	8022
3213	标准间	标准间，简洁整洁，设施完备，高性价比之选。	310	8023
3213	大床房	大床房，配备舒适大床，温馨静谧，适合休闲度假。	384	8024
3214	大床房	大床房，配备舒适大床，温馨静谧，适合休闲度假。	262	8025
3214	标准间	标准间，简洁整洁，设施完备，高性价比之选。	191	8026
3215	大床房	大床房，配备舒适大床，温馨静谧，适合休闲度假。	405	8027
3215	标准间	标准间，简洁整洁，设施完备，高性价比之选。	213	8028
3215	行政套房	行政套房，空间宽敞，配套齐全，尊享舒适入住体验。	857	8029
3216	大床房	大床房，配备舒适大床，温馨静谧，适合休闲度假。	438	8030
3216	标准间	标准间，简洁整洁，设施完备，高性价比之选。	278	8031
3217	标准间	标准间，简洁整洁，设施完备，高性价比之选。	277	8032
3217	行政套房	行政套房，空间宽敞，配套齐全，尊享舒适入住体验。	856	8033
3217	大床房	大床房，配备舒适大床，温馨静谧，适合休闲度假。	475	8034
3218	行政套房	行政套房，空间宽敞，配套齐全，尊享舒适入住体验。	603	8035
3218	标准间	标准间，简洁整洁，设施完备，高性价比之选。	193	8036
3218	大床房	大床房，配备舒适大床，温馨静谧，适合休闲度假。	429	8037
3219	行政套房	行政套房，空间宽敞，配套齐全，尊享舒适入住体验。	610	8038
3219	大床房	大床房，配备舒适大床，温馨静谧，适合休闲度假。	398	8039
3220	大床房	大床房，配备舒适大床，温馨静谧，适合休闲度假。	396	8040
3220	标准间	标准间，简洁整洁，设施完备，高性价比之选。	257	8041
3220	行政套房	行政套房，空间宽敞，配套齐全，尊享舒适入住体验。	816	8042
3221	行政套房	行政套房，空间宽敞，配套齐全，尊享舒适入住体验。	775	8043
3221	大床房	大床房，配备舒适大床，温馨静谧，适合休闲度假。	288	8044
3221	标准间	标准间，简洁整洁，设施完备，高性价比之选。	287	8045
3222	行政套房	行政套房，空间宽敞，配套齐全，尊享舒适入住体验。	592	8046
3222	标准间	标准间，简洁整洁，设施完备，高性价比之选。	285	8047
3223	标准间	标准间，简洁整洁，设施完备，高性价比之选。	292	8048
3223	行政套房	行政套房，空间宽敞，配套齐全，尊享舒适入住体验。	550	8049
3224	大床房	大床房，配备舒适大床，温馨静谧，适合休闲度假。	313	8050
3224	行政套房	行政套房，空间宽敞，配套齐全，尊享舒适入住体验。	560	8051
3225	标准间	标准间，简洁整洁，设施完备，高性价比之选。	256	8052
3225	大床房	大床房，配备舒适大床，温馨静谧，适合休闲度假。	408	8053
3226	大床房	大床房，配备舒适大床，温馨静谧，适合休闲度假。	425	8054
3226	标准间	标准间，简洁整洁，设施完备，高性价比之选。	298	8055
3227	大床房	大床房，配备舒适大床，温馨静谧，适合休闲度假。	304	8056
3227	行政套房	行政套房，空间宽敞，配套齐全，尊享舒适入住体验。	538	8057
3228	大床房	大床房，配备舒适大床，温馨静谧，适合休闲度假。	269	8058
3228	行政套房	行政套房，空间宽敞，配套齐全，尊享舒适入住体验。	537	8059
3229	大床房	大床房，配备舒适大床，温馨静谧，适合休闲度假。	321	8060
3229	行政套房	行政套房，空间宽敞，配套齐全，尊享舒适入住体验。	823	8061
3230	标准间	标准间，简洁整洁，设施完备，高性价比之选。	224	8062
3230	大床房	大床房，配备舒适大床，温馨静谧，适合休闲度假。	368	8063
3231	行政套房	行政套房，空间宽敞，配套齐全，尊享舒适入住体验。	616	8064
3231	标准间	标准间，简洁整洁，设施完备，高性价比之选。	284	8065
3231	大床房	大床房，配备舒适大床，温馨静谧，适合休闲度假。	267	8066
3232	大床房	大床房，配备舒适大床，温馨静谧，适合休闲度假。	406	8067
3232	行政套房	行政套房，空间宽敞，配套齐全，尊享舒适入住体验。	792	8068
3233	行政套房	行政套房，空间宽敞，配套齐全，尊享舒适入住体验。	514	8069
3233	大床房	大床房，配备舒适大床，温馨静谧，适合休闲度假。	429	8070
3234	行政套房	行政套房，空间宽敞，配套齐全，尊享舒适入住体验。	597	8071
3234	大床房	大床房，配备舒适大床，温馨静谧，适合休闲度假。	335	8072
3234	标准间	标准间，简洁整洁，设施完备，高性价比之选。	294	8073
3235	标准间	标准间，简洁整洁，设施完备，高性价比之选。	292	8074
3235	大床房	大床房，配备舒适大床，温馨静谧，适合休闲度假。	479	8075
3236	标准间	标准间，简洁整洁，设施完备，高性价比之选。	242	8076
3236	行政套房	行政套房，空间宽敞，配套齐全，尊享舒适入住体验。	543	8077
3237	大床房	大床房，配备舒适大床，温馨静谧，适合休闲度假。	407	8078
3237	行政套房	行政套房，空间宽敞，配套齐全，尊享舒适入住体验。	861	8079
3238	标准间	标准间，简洁整洁，设施完备，高性价比之选。	209	8080
3238	行政套房	行政套房，空间宽敞，配套齐全，尊享舒适入住体验。	521	8081
3239	标准间	标准间，简洁整洁，设施完备，高性价比之选。	190	8082
3239	大床房	大床房，配备舒适大床，温馨静谧，适合休闲度假。	361	8083
3240	大床房	大床房，配备舒适大床，温馨静谧，适合休闲度假。	337	8084
3240	行政套房	行政套房，空间宽敞，配套齐全，尊享舒适入住体验。	805	8085
3241	标准间	标准间，简洁整洁，设施完备，高性价比之选。	220	8086
3241	行政套房	行政套房，空间宽敞，配套齐全，尊享舒适入住体验。	488	8087
3241	大床房	大床房，配备舒适大床，温馨静谧，适合休闲度假。	451	8088
3242	标准间	标准间，简洁整洁，设施完备，高性价比之选。	311	8089
3242	行政套房	行政套房，空间宽敞，配套齐全，尊享舒适入住体验。	532	8090
3242	大床房	大床房，配备舒适大床，温馨静谧，适合休闲度假。	329	8091
3243	行政套房	行政套房，空间宽敞，配套齐全，尊享舒适入住体验。	509	8092
3243	大床房	大床房，配备舒适大床，温馨静谧，适合休闲度假。	417	8093
3243	标准间	标准间，简洁整洁，设施完备，高性价比之选。	248	8094
3244	行政套房	行政套房，空间宽敞，配套齐全，尊享舒适入住体验。	597	8095
3244	标准间	标准间，简洁整洁，设施完备，高性价比之选。	214	8096
3244	大床房	大床房，配备舒适大床，温馨静谧，适合休闲度假。	390	8097
3245	大床房	大床房，配备舒适大床，温馨静谧，适合休闲度假。	353	8098
3245	行政套房	行政套房，空间宽敞，配套齐全，尊享舒适入住体验。	848	8099
3246	大床房	大床房，配备舒适大床，温馨静谧，适合休闲度假。	286	8100
3246	行政套房	行政套房，空间宽敞，配套齐全，尊享舒适入住体验。	716	8101
3247	行政套房	行政套房，空间宽敞，配套齐全，尊享舒适入住体验。	710	8102
3247	标准间	标准间，简洁整洁，设施完备，高性价比之选。	242	8103
3248	行政套房	行政套房，空间宽敞，配套齐全，尊享舒适入住体验。	540	8104
3248	标准间	标准间，简洁整洁，设施完备，高性价比之选。	236	8105
3248	大床房	大床房，配备舒适大床，温馨静谧，适合休闲度假。	365	8106
3249	行政套房	行政套房，空间宽敞，配套齐全，尊享舒适入住体验。	738	8107
3249	标准间	标准间，简洁整洁，设施完备，高性价比之选。	227	8108
3249	大床房	大床房，配备舒适大床，温馨静谧，适合休闲度假。	362	8109
3250	标准间	标准间，简洁整洁，设施完备，高性价比之选。	206	8110
3250	行政套房	行政套房，空间宽敞，配套齐全，尊享舒适入住体验。	847	8111
3250	大床房	大床房，配备舒适大床，温馨静谧，适合休闲度假。	284	8112
3251	行政套房	行政套房，空间宽敞，配套齐全，尊享舒适入住体验。	728	8113
3251	大床房	大床房，配备舒适大床，温馨静谧，适合休闲度假。	399	8114
3252	标准间	标准间，简洁整洁，设施完备，高性价比之选。	206	8115
3252	大床房	大床房，配备舒适大床，温馨静谧，适合休闲度假。	404	8116
3252	行政套房	行政套房，空间宽敞，配套齐全，尊享舒适入住体验。	681	8117
3253	大床房	大床房，配备舒适大床，温馨静谧，适合休闲度假。	441	8118
3253	行政套房	行政套房，空间宽敞，配套齐全，尊享舒适入住体验。	854	8119
3254	标准间	标准间，简洁整洁，设施完备，高性价比之选。	243	8120
3254	行政套房	行政套房，空间宽敞，配套齐全，尊享舒适入住体验。	787	8121
3254	大床房	大床房，配备舒适大床，温馨静谧，适合休闲度假。	261	8122
3255	大床房	大床房，配备舒适大床，温馨静谧，适合休闲度假。	372	8123
3255	标准间	标准间，简洁整洁，设施完备，高性价比之选。	224	8124
3256	大床房	大床房，配备舒适大床，温馨静谧，适合休闲度假。	283	8125
3256	行政套房	行政套房，空间宽敞，配套齐全，尊享舒适入住体验。	750	8126
3257	行政套房	行政套房，空间宽敞，配套齐全，尊享舒适入住体验。	607	8127
3257	大床房	大床房，配备舒适大床，温馨静谧，适合休闲度假。	374	8128
3257	标准间	标准间，简洁整洁，设施完备，高性价比之选。	233	8129
3258	大床房	大床房，配备舒适大床，温馨静谧，适合休闲度假。	279	8130
3258	行政套房	行政套房，空间宽敞，配套齐全，尊享舒适入住体验。	537	8131
3259	行政套房	行政套房，空间宽敞，配套齐全，尊享舒适入住体验。	776	8132
3259	大床房	大床房，配备舒适大床，温馨静谧，适合休闲度假。	324	8133
3259	标准间	标准间，简洁整洁，设施完备，高性价比之选。	196	8134
3260	标准间	标准间，简洁整洁，设施完备，高性价比之选。	188	8135
3260	大床房	大床房，配备舒适大床，温馨静谧，适合休闲度假。	388	8136
3260	行政套房	行政套房，空间宽敞，配套齐全，尊享舒适入住体验。	824	8137
3261	大床房	大床房，配备舒适大床，温馨静谧，适合休闲度假。	467	8138
3261	标准间	标准间，简洁整洁，设施完备，高性价比之选。	247	8139
3262	标准间	标准间，简洁整洁，设施完备，高性价比之选。	309	8140
3262	行政套房	行政套房，空间宽敞，配套齐全，尊享舒适入住体验。	717	8141
3263	行政套房	行政套房，空间宽敞，配套齐全，尊享舒适入住体验。	615	8142
3263	标准间	标准间，简洁整洁，设施完备，高性价比之选。	238	8143
3263	大床房	大床房，配备舒适大床，温馨静谧，适合休闲度假。	266	8144
3264	行政套房	行政套房，空间宽敞，配套齐全，尊享舒适入住体验。	496	8145
3264	大床房	大床房，配备舒适大床，温馨静谧，适合休闲度假。	319	8146
3265	大床房	大床房，配备舒适大床，温馨静谧，适合休闲度假。	463	8147
3265	标准间	标准间，简洁整洁，设施完备，高性价比之选。	284	8148
3265	行政套房	行政套房，空间宽敞，配套齐全，尊享舒适入住体验。	700	8149
3266	大床房	大床房，配备舒适大床，温馨静谧，适合休闲度假。	388	8150
3266	行政套房	行政套房，空间宽敞，配套齐全，尊享舒适入住体验。	625	8151
3266	标准间	标准间，简洁整洁，设施完备，高性价比之选。	194	8152
3267	大床房	大床房，配备舒适大床，温馨静谧，适合休闲度假。	480	8153
3267	标准间	标准间，简洁整洁，设施完备，高性价比之选。	251	8154
3267	行政套房	行政套房，空间宽敞，配套齐全，尊享舒适入住体验。	559	8155
3268	行政套房	行政套房，空间宽敞，配套齐全，尊享舒适入住体验。	542	8156
3268	大床房	大床房，配备舒适大床，温馨静谧，适合休闲度假。	364	8157
3269	大床房	大床房，配备舒适大床，温馨静谧，适合休闲度假。	420	8158
3269	标准间	标准间，简洁整洁，设施完备，高性价比之选。	291	8159
3270	大床房	大床房，配备舒适大床，温馨静谧，适合休闲度假。	448	8160
3270	标准间	标准间，简洁整洁，设施完备，高性价比之选。	202	8161
3271	行政套房	行政套房，空间宽敞，配套齐全，尊享舒适入住体验。	586	8162
3271	大床房	大床房，配备舒适大床，温馨静谧，适合休闲度假。	461	8163
3272	行政套房	行政套房，空间宽敞，配套齐全，尊享舒适入住体验。	701	8164
3272	大床房	大床房，配备舒适大床，温馨静谧，适合休闲度假。	365	8165
3272	标准间	标准间，简洁整洁，设施完备，高性价比之选。	304	8166
3273	大床房	大床房，配备舒适大床，温馨静谧，适合休闲度假。	336	8167
3273	标准间	标准间，简洁整洁，设施完备，高性价比之选。	274	8168
3273	行政套房	行政套房，空间宽敞，配套齐全，尊享舒适入住体验。	796	8169
3274	标准间	标准间，简洁整洁，设施完备，高性价比之选。	215	8170
3274	行政套房	行政套房，空间宽敞，配套齐全，尊享舒适入住体验。	757	8171
3274	大床房	大床房，配备舒适大床，温馨静谧，适合休闲度假。	364	8172
3275	标准间	标准间，简洁整洁，设施完备，高性价比之选。	223	8173
3275	大床房	大床房，配备舒适大床，温馨静谧，适合休闲度假。	395	8174
3275	行政套房	行政套房，空间宽敞，配套齐全，尊享舒适入住体验。	783	8175
3276	行政套房	行政套房，空间宽敞，配套齐全，尊享舒适入住体验。	855	8176
3276	大床房	大床房，配备舒适大床，温馨静谧，适合休闲度假。	322	8177
3276	标准间	标准间，简洁整洁，设施完备，高性价比之选。	214	8178
3277	标准间	标准间，简洁整洁，设施完备，高性价比之选。	300	8179
3277	行政套房	行政套房，空间宽敞，配套齐全，尊享舒适入住体验。	696	8180
3278	标准间	标准间，简洁整洁，设施完备，高性价比之选。	283	8181
3278	行政套房	行政套房，空间宽敞，配套齐全，尊享舒适入住体验。	707	8182
3279	标准间	标准间，简洁整洁，设施完备，高性价比之选。	210	8183
3279	行政套房	行政套房，空间宽敞，配套齐全，尊享舒适入住体验。	621	8184
3280	行政套房	行政套房，空间宽敞，配套齐全，尊享舒适入住体验。	757	8185
3280	大床房	大床房，配备舒适大床，温馨静谧，适合休闲度假。	361	8186
3280	标准间	标准间，简洁整洁，设施完备，高性价比之选。	206	8187
3281	大床房	大床房，配备舒适大床，温馨静谧，适合休闲度假。	348	8188
3281	行政套房	行政套房，空间宽敞，配套齐全，尊享舒适入住体验。	510	8189
3282	行政套房	行政套房，空间宽敞，配套齐全，尊享舒适入住体验。	510	8190
3282	大床房	大床房，配备舒适大床，温馨静谧，适合休闲度假。	362	8191
3283	大床房	大床房，配备舒适大床，温馨静谧，适合休闲度假。	319	8192
3283	标准间	标准间，简洁整洁，设施完备，高性价比之选。	292	8193
3284	标准间	标准间，简洁整洁，设施完备，高性价比之选。	220	8194
3284	行政套房	行政套房，空间宽敞，配套齐全，尊享舒适入住体验。	748	8195
3284	大床房	大床房，配备舒适大床，温馨静谧，适合休闲度假。	437	8196
3285	大床房	大床房，配备舒适大床，温馨静谧，适合休闲度假。	459	8197
3285	标准间	标准间，简洁整洁，设施完备，高性价比之选。	270	8198
3285	行政套房	行政套房，空间宽敞，配套齐全，尊享舒适入住体验。	589	8199
3286	标准间	标准间，简洁整洁，设施完备，高性价比之选。	296	8200
3286	行政套房	行政套房，空间宽敞，配套齐全，尊享舒适入住体验。	497	8201
3287	行政套房	行政套房，空间宽敞，配套齐全，尊享舒适入住体验。	494	8202
3287	标准间	标准间，简洁整洁，设施完备，高性价比之选。	277	8203
3288	行政套房	行政套房，空间宽敞，配套齐全，尊享舒适入住体验。	753	8204
3288	大床房	大床房，配备舒适大床，温馨静谧，适合休闲度假。	420	8205
3288	标准间	标准间，简洁整洁，设施完备，高性价比之选。	184	8206
3289	大床房	大床房，配备舒适大床，温馨静谧，适合休闲度假。	448	8207
3289	行政套房	行政套房，空间宽敞，配套齐全，尊享舒适入住体验。	581	8208
3290	标准间	标准间，简洁整洁，设施完备，高性价比之选。	291	8209
3290	行政套房	行政套房，空间宽敞，配套齐全，尊享舒适入住体验。	823	8210
3291	大床房	大床房，配备舒适大床，温馨静谧，适合休闲度假。	272	8211
3291	标准间	标准间，简洁整洁，设施完备，高性价比之选。	275	8212
3292	大床房	大床房，配备舒适大床，温馨静谧，适合休闲度假。	478	8213
3292	行政套房	行政套房，空间宽敞，配套齐全，尊享舒适入住体验。	587	8214
3293	标准间	标准间，简洁整洁，设施完备，高性价比之选。	289	8215
3293	大床房	大床房，配备舒适大床，温馨静谧，适合休闲度假。	318	8216
3294	行政套房	行政套房，空间宽敞，配套齐全，尊享舒适入住体验。	563	8217
3294	标准间	标准间，简洁整洁，设施完备，高性价比之选。	185	8218
3295	标准间	标准间，简洁整洁，设施完备，高性价比之选。	315	8219
3295	大床房	大床房，配备舒适大床，温馨静谧，适合休闲度假。	443	8220
3296	标准间	标准间，简洁整洁，设施完备，高性价比之选。	214	8221
3296	大床房	大床房，配备舒适大床，温馨静谧，适合休闲度假。	279	8222
3296	行政套房	行政套房，空间宽敞，配套齐全，尊享舒适入住体验。	616	8223
3297	行政套房	行政套房，空间宽敞，配套齐全，尊享舒适入住体验。	686	8224
3297	大床房	大床房，配备舒适大床，温馨静谧，适合休闲度假。	348	8225
3298	标准间	标准间，简洁整洁，设施完备，高性价比之选。	273	8226
3298	行政套房	行政套房，空间宽敞，配套齐全，尊享舒适入住体验。	510	8227
3299	大床房	大床房，配备舒适大床，温馨静谧，适合休闲度假。	463	8228
3299	行政套房	行政套房，空间宽敞，配套齐全，尊享舒适入住体验。	588	8229
3299	标准间	标准间，简洁整洁，设施完备，高性价比之选。	295	8230
3300	大床房	大床房，配备舒适大床，温馨静谧，适合休闲度假。	280	8231
3300	标准间	标准间，简洁整洁，设施完备，高性价比之选。	260	8232
3301	标准间	标准间，简洁整洁，设施完备，高性价比之选。	229	8233
3301	行政套房	行政套房，空间宽敞，配套齐全，尊享舒适入住体验。	789	8234
3301	大床房	大床房，配备舒适大床，温馨静谧，适合休闲度假。	321	8235
3302	行政套房	行政套房，空间宽敞，配套齐全，尊享舒适入住体验。	845	8236
3302	大床房	大床房，配备舒适大床，温馨静谧，适合休闲度假。	434	8237
3302	标准间	标准间，简洁整洁，设施完备，高性价比之选。	295	8238
3303	大床房	大床房，配备舒适大床，温馨静谧，适合休闲度假。	427	8239
3303	标准间	标准间，简洁整洁，设施完备，高性价比之选。	214	8240
3303	行政套房	行政套房，空间宽敞，配套齐全，尊享舒适入住体验。	523	8241
3304	标准间	标准间，简洁整洁，设施完备，高性价比之选。	310	8242
3304	行政套房	行政套房，空间宽敞，配套齐全，尊享舒适入住体验。	758	8243
3305	行政套房	行政套房，空间宽敞，配套齐全，尊享舒适入住体验。	763	8244
3305	大床房	大床房，配备舒适大床，温馨静谧，适合休闲度假。	297	8245
3306	大床房	大床房，配备舒适大床，温馨静谧，适合休闲度假。	444	8246
3306	标准间	标准间，简洁整洁，设施完备，高性价比之选。	223	8247
3306	行政套房	行政套房，空间宽敞，配套齐全，尊享舒适入住体验。	672	8248
3307	大床房	大床房，配备舒适大床，温馨静谧，适合休闲度假。	421	8249
3307	行政套房	行政套房，空间宽敞，配套齐全，尊享舒适入住体验。	860	8250
3307	标准间	标准间，简洁整洁，设施完备，高性价比之选。	229	8251
3308	大床房	大床房，配备舒适大床，温馨静谧，适合休闲度假。	390	8252
3308	行政套房	行政套房，空间宽敞，配套齐全，尊享舒适入住体验。	624	8253
3308	标准间	标准间，简洁整洁，设施完备，高性价比之选。	270	8254
3309	行政套房	行政套房，空间宽敞，配套齐全，尊享舒适入住体验。	495	8255
3309	标准间	标准间，简洁整洁，设施完备，高性价比之选。	295	8256
3310	大床房	大床房，配备舒适大床，温馨静谧，适合休闲度假。	374	8257
3310	标准间	标准间，简洁整洁，设施完备，高性价比之选。	268	8258
3311	标准间	标准间，简洁整洁，设施完备，高性价比之选。	273	8259
3311	大床房	大床房，配备舒适大床，温馨静谧，适合休闲度假。	367	8260
3312	大床房	大床房，配备舒适大床，温馨静谧，适合休闲度假。	477	8261
3312	标准间	标准间，简洁整洁，设施完备，高性价比之选。	304	8262
3312	行政套房	行政套房，空间宽敞，配套齐全，尊享舒适入住体验。	695	8263
3313	行政套房	行政套房，空间宽敞，配套齐全，尊享舒适入住体验。	707	8264
3313	大床房	大床房，配备舒适大床，温馨静谧，适合休闲度假。	403	8265
3313	标准间	标准间，简洁整洁，设施完备，高性价比之选。	235	8266
3314	标准间	标准间，简洁整洁，设施完备，高性价比之选。	220	8267
3314	大床房	大床房，配备舒适大床，温馨静谧，适合休闲度假。	386	8268
3314	行政套房	行政套房，空间宽敞，配套齐全，尊享舒适入住体验。	651	8269
3315	大床房	大床房，配备舒适大床，温馨静谧，适合休闲度假。	289	8270
3315	行政套房	行政套房，空间宽敞，配套齐全，尊享舒适入住体验。	863	8271
3315	标准间	标准间，简洁整洁，设施完备，高性价比之选。	292	8272
3316	行政套房	行政套房，空间宽敞，配套齐全，尊享舒适入住体验。	661	8273
3316	标准间	标准间，简洁整洁，设施完备，高性价比之选。	289	8274
3317	标准间	标准间，简洁整洁，设施完备，高性价比之选。	252	8275
3317	行政套房	行政套房，空间宽敞，配套齐全，尊享舒适入住体验。	556	8276
3318	标准间	标准间，简洁整洁，设施完备，高性价比之选。	226	8277
3318	大床房	大床房，配备舒适大床，温馨静谧，适合休闲度假。	292	8278
3318	行政套房	行政套房，空间宽敞，配套齐全，尊享舒适入住体验。	729	8279
3319	标准间	标准间，简洁整洁，设施完备，高性价比之选。	263	8280
3319	大床房	大床房，配备舒适大床，温馨静谧，适合休闲度假。	293	8281
3320	大床房	大床房，配备舒适大床，温馨静谧，适合休闲度假。	296	8282
3320	标准间	标准间，简洁整洁，设施完备，高性价比之选。	238	8283
3320	行政套房	行政套房，空间宽敞，配套齐全，尊享舒适入住体验。	690	8284
3321	标准间	标准间，简洁整洁，设施完备，高性价比之选。	278	8285
3321	大床房	大床房，配备舒适大床，温馨静谧，适合休闲度假。	386	8286
3321	行政套房	行政套房，空间宽敞，配套齐全，尊享舒适入住体验。	774	8287
3322	行政套房	行政套房，空间宽敞，配套齐全，尊享舒适入住体验。	831	8288
3322	大床房	大床房，配备舒适大床，温馨静谧，适合休闲度假。	271	8289
3323	标准间	标准间，简洁整洁，设施完备，高性价比之选。	202	8290
3323	大床房	大床房，配备舒适大床，温馨静谧，适合休闲度假。	387	8291
3323	行政套房	行政套房，空间宽敞，配套齐全，尊享舒适入住体验。	732	8292
3324	标准间	标准间，简洁整洁，设施完备，高性价比之选。	280	8293
3324	行政套房	行政套房，空间宽敞，配套齐全，尊享舒适入住体验。	483	8294
3324	大床房	大床房，配备舒适大床，温馨静谧，适合休闲度假。	368	8295
3325	标准间	标准间，简洁整洁，设施完备，高性价比之选。	244	8296
3325	行政套房	行政套房，空间宽敞，配套齐全，尊享舒适入住体验。	562	8297
3326	标准间	标准间，简洁整洁，设施完备，高性价比之选。	288	8298
3326	大床房	大床房，配备舒适大床，温馨静谧，适合休闲度假。	359	8299
3327	大床房	大床房，配备舒适大床，温馨静谧，适合休闲度假。	409	8300
3327	行政套房	行政套房，空间宽敞，配套齐全，尊享舒适入住体验。	635	8301
3328	标准间	标准间，简洁整洁，设施完备，高性价比之选。	300	8302
3328	行政套房	行政套房，空间宽敞，配套齐全，尊享舒适入住体验。	795	8303
3328	大床房	大床房，配备舒适大床，温馨静谧，适合休闲度假。	368	8304
3329	标准间	标准间，简洁整洁，设施完备，高性价比之选。	274	8305
3329	行政套房	行政套房，空间宽敞，配套齐全，尊享舒适入住体验。	845	8306
3329	大床房	大床房，配备舒适大床，温馨静谧，适合休闲度假。	320	8307
3330	大床房	大床房，配备舒适大床，温馨静谧，适合休闲度假。	314	8308
3330	行政套房	行政套房，空间宽敞，配套齐全，尊享舒适入住体验。	755	8309
3331	大床房	大床房，配备舒适大床，温馨静谧，适合休闲度假。	273	8310
3331	标准间	标准间，简洁整洁，设施完备，高性价比之选。	235	8311
3331	行政套房	行政套房，空间宽敞，配套齐全，尊享舒适入住体验。	731	8312
3332	大床房	大床房，配备舒适大床，温馨静谧，适合休闲度假。	329	8313
3332	行政套房	行政套房，空间宽敞，配套齐全，尊享舒适入住体验。	720	8314
3332	标准间	标准间，简洁整洁，设施完备，高性价比之选。	237	8315
3333	标准间	标准间，简洁整洁，设施完备，高性价比之选。	283	8316
3333	大床房	大床房，配备舒适大床，温馨静谧，适合休闲度假。	270	8317
3333	行政套房	行政套房，空间宽敞，配套齐全，尊享舒适入住体验。	871	8318
3334	行政套房	行政套房，空间宽敞，配套齐全，尊享舒适入住体验。	864	8319
3334	大床房	大床房，配备舒适大床，温馨静谧，适合休闲度假。	296	8320
3334	标准间	标准间，简洁整洁，设施完备，高性价比之选。	280	8321
3335	标准间	标准间，简洁整洁，设施完备，高性价比之选。	310	8322
3335	大床房	大床房，配备舒适大床，温馨静谧，适合休闲度假。	458	8323
3336	行政套房	行政套房，空间宽敞，配套齐全，尊享舒适入住体验。	745	8324
3336	标准间	标准间，简洁整洁，设施完备，高性价比之选。	216	8325
3337	行政套房	行政套房，空间宽敞，配套齐全，尊享舒适入住体验。	649	8326
3337	大床房	大床房，配备舒适大床，温馨静谧，适合休闲度假。	437	8327
3338	行政套房	行政套房，空间宽敞，配套齐全，尊享舒适入住体验。	742	8328
3338	标准间	标准间，简洁整洁，设施完备，高性价比之选。	195	8329
3339	大床房	大床房，配备舒适大床，温馨静谧，适合休闲度假。	398	8330
3339	行政套房	行政套房，空间宽敞，配套齐全，尊享舒适入住体验。	861	8331
3340	大床房	大床房，配备舒适大床，温馨静谧，适合休闲度假。	454	8332
3340	标准间	标准间，简洁整洁，设施完备，高性价比之选。	301	8333
3340	行政套房	行政套房，空间宽敞，配套齐全，尊享舒适入住体验。	809	8334
3341	标准间	标准间，简洁整洁，设施完备，高性价比之选。	231	8335
3341	大床房	大床房，配备舒适大床，温馨静谧，适合休闲度假。	282	8336
3342	行政套房	行政套房，空间宽敞，配套齐全，尊享舒适入住体验。	761	8337
3342	标准间	标准间，简洁整洁，设施完备，高性价比之选。	264	8338
3342	大床房	大床房，配备舒适大床，温馨静谧，适合休闲度假。	301	8339
3343	行政套房	行政套房，空间宽敞，配套齐全，尊享舒适入住体验。	643	8340
3343	标准间	标准间，简洁整洁，设施完备，高性价比之选。	212	8341
3343	大床房	大床房，配备舒适大床，温馨静谧，适合休闲度假。	263	8342
3344	大床房	大床房，配备舒适大床，温馨静谧，适合休闲度假。	352	8343
3344	行政套房	行政套房，空间宽敞，配套齐全，尊享舒适入住体验。	661	8344
3345	大床房	大床房，配备舒适大床，温馨静谧，适合休闲度假。	348	8345
3345	标准间	标准间，简洁整洁，设施完备，高性价比之选。	181	8346
3345	行政套房	行政套房，空间宽敞，配套齐全，尊享舒适入住体验。	587	8347
3346	行政套房	行政套房，空间宽敞，配套齐全，尊享舒适入住体验。	862	8348
3346	标准间	标准间，简洁整洁，设施完备，高性价比之选。	259	8349
3347	标准间	标准间，简洁整洁，设施完备，高性价比之选。	298	8350
3347	大床房	大床房，配备舒适大床，温馨静谧，适合休闲度假。	306	8351
3348	大床房	大床房，配备舒适大床，温馨静谧，适合休闲度假。	455	8352
3348	行政套房	行政套房，空间宽敞，配套齐全，尊享舒适入住体验。	516	8353
3349	大床房	大床房，配备舒适大床，温馨静谧，适合休闲度假。	480	8354
3349	标准间	标准间，简洁整洁，设施完备，高性价比之选。	194	8355
3350	大床房	大床房，配备舒适大床，温馨静谧，适合休闲度假。	320	8356
3350	行政套房	行政套房，空间宽敞，配套齐全，尊享舒适入住体验。	732	8357
3350	标准间	标准间，简洁整洁，设施完备，高性价比之选。	269	8358
3351	大床房	大床房，配备舒适大床，温馨静谧，适合休闲度假。	311	8359
3351	标准间	标准间，简洁整洁，设施完备，高性价比之选。	267	8360
3352	大床房	大床房，配备舒适大床，温馨静谧，适合休闲度假。	355	8361
3352	标准间	标准间，简洁整洁，设施完备，高性价比之选。	275	8362
3353	大床房	大床房，配备舒适大床，温馨静谧，适合休闲度假。	461	8363
3353	标准间	标准间，简洁整洁，设施完备，高性价比之选。	284	8364
3354	标准间	标准间，简洁整洁，设施完备，高性价比之选。	315	8365
3354	大床房	大床房，配备舒适大床，温馨静谧，适合休闲度假。	437	8366
3354	行政套房	行政套房，空间宽敞，配套齐全，尊享舒适入住体验。	566	8367
3355	行政套房	行政套房，空间宽敞，配套齐全，尊享舒适入住体验。	608	8368
3355	大床房	大床房，配备舒适大床，温馨静谧，适合休闲度假。	299	8369
3356	行政套房	行政套房，空间宽敞，配套齐全，尊享舒适入住体验。	691	8370
3356	标准间	标准间，简洁整洁，设施完备，高性价比之选。	196	8371
3357	行政套房	行政套房，空间宽敞，配套齐全，尊享舒适入住体验。	833	8372
3357	大床房	大床房，配备舒适大床，温馨静谧，适合休闲度假。	349	8373
3358	大床房	大床房，配备舒适大床，温馨静谧，适合休闲度假。	421	8374
3358	标准间	标准间，简洁整洁，设施完备，高性价比之选。	213	8375
3359	标准间	标准间，简洁整洁，设施完备，高性价比之选。	221	8376
3359	行政套房	行政套房，空间宽敞，配套齐全，尊享舒适入住体验。	544	8377
3359	大床房	大床房，配备舒适大床，温馨静谧，适合休闲度假。	296	8378
3360	标准间	标准间，简洁整洁，设施完备，高性价比之选。	290	8379
3360	大床房	大床房，配备舒适大床，温馨静谧，适合休闲度假。	447	8380
3360	行政套房	行政套房，空间宽敞，配套齐全，尊享舒适入住体验。	630	8381
3361	行政套房	行政套房，空间宽敞，配套齐全，尊享舒适入住体验。	814	8382
3361	标准间	标准间，简洁整洁，设施完备，高性价比之选。	248	8383
3362	行政套房	行政套房，空间宽敞，配套齐全，尊享舒适入住体验。	685	8384
3362	大床房	大床房，配备舒适大床，温馨静谧，适合休闲度假。	478	8385
3363	行政套房	行政套房，空间宽敞，配套齐全，尊享舒适入住体验。	700	8386
3363	大床房	大床房，配备舒适大床，温馨静谧，适合休闲度假。	315	8387
3364	大床房	大床房，配备舒适大床，温馨静谧，适合休闲度假。	289	8388
3364	标准间	标准间，简洁整洁，设施完备，高性价比之选。	273	8389
3364	行政套房	行政套房，空间宽敞，配套齐全，尊享舒适入住体验。	695	8390
3365	标准间	标准间，简洁整洁，设施完备，高性价比之选。	264	8391
3365	大床房	大床房，配备舒适大床，温馨静谧，适合休闲度假。	368	8392
3366	大床房	大床房，配备舒适大床，温馨静谧，适合休闲度假。	438	8393
3366	行政套房	行政套房，空间宽敞，配套齐全，尊享舒适入住体验。	538	8394
3366	标准间	标准间，简洁整洁，设施完备，高性价比之选。	227	8395
3367	行政套房	行政套房，空间宽敞，配套齐全，尊享舒适入住体验。	856	8396
3367	标准间	标准间，简洁整洁，设施完备，高性价比之选。	242	8397
3368	行政套房	行政套房，空间宽敞，配套齐全，尊享舒适入住体验。	670	8398
3368	标准间	标准间，简洁整洁，设施完备，高性价比之选。	311	8399
3369	标准间	标准间，简洁整洁，设施完备，高性价比之选。	256	8400
3369	行政套房	行政套房，空间宽敞，配套齐全，尊享舒适入住体验。	649	8401
3370	大床房	大床房，配备舒适大床，温馨静谧，适合休闲度假。	266	8402
3370	标准间	标准间，简洁整洁，设施完备，高性价比之选。	298	8403
3370	行政套房	行政套房，空间宽敞，配套齐全，尊享舒适入住体验。	551	8404
3371	行政套房	行政套房，空间宽敞，配套齐全，尊享舒适入住体验。	859	8405
3371	标准间	标准间，简洁整洁，设施完备，高性价比之选。	277	8406
3372	标准间	标准间，简洁整洁，设施完备，高性价比之选。	268	8407
3372	大床房	大床房，配备舒适大床，温馨静谧，适合休闲度假。	307	8408
3373	大床房	大床房，配备舒适大床，温馨静谧，适合休闲度假。	340	8409
3373	行政套房	行政套房，空间宽敞，配套齐全，尊享舒适入住体验。	769	8410
3374	行政套房	行政套房，空间宽敞，配套齐全，尊享舒适入住体验。	797	8411
3374	标准间	标准间，简洁整洁，设施完备，高性价比之选。	234	8412
3375	行政套房	行政套房，空间宽敞，配套齐全，尊享舒适入住体验。	589	8413
3375	大床房	大床房，配备舒适大床，温馨静谧，适合休闲度假。	396	8414
3376	标准间	标准间，简洁整洁，设施完备，高性价比之选。	230	8415
3376	大床房	大床房，配备舒适大床，温馨静谧，适合休闲度假。	407	8416
3376	行政套房	行政套房，空间宽敞，配套齐全，尊享舒适入住体验。	505	8417
3377	大床房	大床房，配备舒适大床，温馨静谧，适合休闲度假。	313	8418
3377	行政套房	行政套房，空间宽敞，配套齐全，尊享舒适入住体验。	849	8419
3377	标准间	标准间，简洁整洁，设施完备，高性价比之选。	258	8420
3378	大床房	大床房，配备舒适大床，温馨静谧，适合休闲度假。	443	8421
3378	标准间	标准间，简洁整洁，设施完备，高性价比之选。	232	8422
3378	行政套房	行政套房，空间宽敞，配套齐全，尊享舒适入住体验。	691	8423
3379	标准间	标准间，简洁整洁，设施完备，高性价比之选。	283	8424
3379	大床房	大床房，配备舒适大床，温馨静谧，适合休闲度假。	468	8425
3380	行政套房	行政套房，空间宽敞，配套齐全，尊享舒适入住体验。	673	8426
3380	标准间	标准间，简洁整洁，设施完备，高性价比之选。	256	8427
3381	大床房	大床房，配备舒适大床，温馨静谧，适合休闲度假。	327	8428
3381	行政套房	行政套房，空间宽敞，配套齐全，尊享舒适入住体验。	543	8429
3382	行政套房	行政套房，空间宽敞，配套齐全，尊享舒适入住体验。	744	8430
3382	标准间	标准间，简洁整洁，设施完备，高性价比之选。	202	8431
3383	大床房	大床房，配备舒适大床，温馨静谧，适合休闲度假。	297	8432
3383	行政套房	行政套房，空间宽敞，配套齐全，尊享舒适入住体验。	561	8433
3384	行政套房	行政套房，空间宽敞，配套齐全，尊享舒适入住体验。	582	8434
3384	标准间	标准间，简洁整洁，设施完备，高性价比之选。	239	8435
3385	大床房	大床房，配备舒适大床，温馨静谧，适合休闲度假。	327	8436
3385	行政套房	行政套房，空间宽敞，配套齐全，尊享舒适入住体验。	875	8437
3385	标准间	标准间，简洁整洁，设施完备，高性价比之选。	267	8438
3386	标准间	标准间，简洁整洁，设施完备，高性价比之选。	221	8439
3386	大床房	大床房，配备舒适大床，温馨静谧，适合休闲度假。	381	8440
3387	行政套房	行政套房，空间宽敞，配套齐全，尊享舒适入住体验。	632	8441
3387	大床房	大床房，配备舒适大床，温馨静谧，适合休闲度假。	336	8442
3388	大床房	大床房，配备舒适大床，温馨静谧，适合休闲度假。	473	8443
3388	标准间	标准间，简洁整洁，设施完备，高性价比之选。	318	8444
3389	行政套房	行政套房，空间宽敞，配套齐全，尊享舒适入住体验。	824	8445
3389	标准间	标准间，简洁整洁，设施完备，高性价比之选。	311	8446
3389	大床房	大床房，配备舒适大床，温馨静谧，适合休闲度假。	304	8447
3390	标准间	标准间，简洁整洁，设施完备，高性价比之选。	274	8448
3390	行政套房	行政套房，空间宽敞，配套齐全，尊享舒适入住体验。	583	8449
3391	行政套房	行政套房，空间宽敞，配套齐全，尊享舒适入住体验。	658	8450
3391	标准间	标准间，简洁整洁，设施完备，高性价比之选。	282	8451
3392	标准间	标准间，简洁整洁，设施完备，高性价比之选。	297	8452
3392	行政套房	行政套房，空间宽敞，配套齐全，尊享舒适入住体验。	616	8453
3393	行政套房	行政套房，空间宽敞，配套齐全，尊享舒适入住体验。	533	8454
3393	标准间	标准间，简洁整洁，设施完备，高性价比之选。	266	8455
3393	大床房	大床房，配备舒适大床，温馨静谧，适合休闲度假。	320	8456
3394	大床房	大床房，配备舒适大床，温馨静谧，适合休闲度假。	267	8457
3394	行政套房	行政套房，空间宽敞，配套齐全，尊享舒适入住体验。	728	8458
3395	大床房	大床房，配备舒适大床，温馨静谧，适合休闲度假。	443	8459
3395	标准间	标准间，简洁整洁，设施完备，高性价比之选。	214	8460
3396	行政套房	行政套房，空间宽敞，配套齐全，尊享舒适入住体验。	724	8461
3396	大床房	大床房，配备舒适大床，温馨静谧，适合休闲度假。	283	8462
3397	大床房	大床房，配备舒适大床，温馨静谧，适合休闲度假。	292	8463
3397	标准间	标准间，简洁整洁，设施完备，高性价比之选。	189	8464
3397	行政套房	行政套房，空间宽敞，配套齐全，尊享舒适入住体验。	638	8465
3398	标准间	标准间，简洁整洁，设施完备，高性价比之选。	274	8466
3398	大床房	大床房，配备舒适大床，温馨静谧，适合休闲度假。	424	8467
3399	大床房	大床房，配备舒适大床，温馨静谧，适合休闲度假。	429	8468
3399	行政套房	行政套房，空间宽敞，配套齐全，尊享舒适入住体验。	638	8469
3400	行政套房	行政套房，空间宽敞，配套齐全，尊享舒适入住体验。	769	8470
3400	标准间	标准间，简洁整洁，设施完备，高性价比之选。	230	8471
3400	大床房	大床房，配备舒适大床，温馨静谧，适合休闲度假。	403	8472
3401	行政套房	行政套房，空间宽敞，配套齐全，尊享舒适入住体验。	551	8473
3401	大床房	大床房，配备舒适大床，温馨静谧，适合休闲度假。	437	8474
3402	标准间	标准间，简洁整洁，设施完备，高性价比之选。	251	8475
3402	大床房	大床房，配备舒适大床，温馨静谧，适合休闲度假。	474	8476
3402	行政套房	行政套房，空间宽敞，配套齐全，尊享舒适入住体验。	488	8477
3403	大床房	大床房，配备舒适大床，温馨静谧，适合休闲度假。	447	8478
3403	行政套房	行政套房，空间宽敞，配套齐全，尊享舒适入住体验。	562	8479
3404	标准间	标准间，简洁整洁，设施完备，高性价比之选。	204	8480
3404	行政套房	行政套房，空间宽敞，配套齐全，尊享舒适入住体验。	526	8481
3404	大床房	大床房，配备舒适大床，温馨静谧，适合休闲度假。	304	8482
3405	大床房	大床房，配备舒适大床，温馨静谧，适合休闲度假。	455	8483
3405	行政套房	行政套房，空间宽敞，配套齐全，尊享舒适入住体验。	597	8484
3405	标准间	标准间，简洁整洁，设施完备，高性价比之选。	184	8485
3406	标准间	标准间，简洁整洁，设施完备，高性价比之选。	259	8486
3406	行政套房	行政套房，空间宽敞，配套齐全，尊享舒适入住体验。	602	8487
3406	大床房	大床房，配备舒适大床，温馨静谧，适合休闲度假。	289	8488
3407	标准间	标准间，简洁整洁，设施完备，高性价比之选。	264	8489
3407	行政套房	行政套房，空间宽敞，配套齐全，尊享舒适入住体验。	745	8490
3408	标准间	标准间，简洁整洁，设施完备，高性价比之选。	248	8491
3408	行政套房	行政套房，空间宽敞，配套齐全，尊享舒适入住体验。	671	8492
3408	大床房	大床房，配备舒适大床，温馨静谧，适合休闲度假。	298	8493
3409	标准间	标准间，简洁整洁，设施完备，高性价比之选。	257	8494
3409	行政套房	行政套房，空间宽敞，配套齐全，尊享舒适入住体验。	599	8495
3409	大床房	大床房，配备舒适大床，温馨静谧，适合休闲度假。	269	8496
3410	大床房	大床房，配备舒适大床，温馨静谧，适合休闲度假。	476	8497
3410	行政套房	行政套房，空间宽敞，配套齐全，尊享舒适入住体验。	682	8498
3411	标准间	标准间，简洁整洁，设施完备，高性价比之选。	297	8499
3411	大床房	大床房，配备舒适大床，温馨静谧，适合休闲度假。	451	8500
3411	行政套房	行政套房，空间宽敞，配套齐全，尊享舒适入住体验。	837	8501
3412	行政套房	行政套房，空间宽敞，配套齐全，尊享舒适入住体验。	552	8502
3412	标准间	标准间，简洁整洁，设施完备，高性价比之选。	294	8503
3412	大床房	大床房，配备舒适大床，温馨静谧，适合休闲度假。	402	8504
3413	大床房	大床房，配备舒适大床，温馨静谧，适合休闲度假。	345	8505
3413	标准间	标准间，简洁整洁，设施完备，高性价比之选。	292	8506
3414	行政套房	行政套房，空间宽敞，配套齐全，尊享舒适入住体验。	744	8507
3414	大床房	大床房，配备舒适大床，温馨静谧，适合休闲度假。	403	8508
3414	标准间	标准间，简洁整洁，设施完备，高性价比之选。	220	8509
3415	大床房	大床房，配备舒适大床，温馨静谧，适合休闲度假。	429	8510
3415	行政套房	行政套房，空间宽敞，配套齐全，尊享舒适入住体验。	543	8511
3416	标准间	标准间，简洁整洁，设施完备，高性价比之选。	256	8512
3416	大床房	大床房，配备舒适大床，温馨静谧，适合休闲度假。	446	8513
3417	标准间	标准间，简洁整洁，设施完备，高性价比之选。	248	8514
3417	行政套房	行政套房，空间宽敞，配套齐全，尊享舒适入住体验。	660	8515
3418	行政套房	行政套房，空间宽敞，配套齐全，尊享舒适入住体验。	484	8516
3418	标准间	标准间，简洁整洁，设施完备，高性价比之选。	233	8517
3419	行政套房	行政套房，空间宽敞，配套齐全，尊享舒适入住体验。	584	8518
3419	标准间	标准间，简洁整洁，设施完备，高性价比之选。	191	8519
3420	行政套房	行政套房，空间宽敞，配套齐全，尊享舒适入住体验。	706	8520
3420	大床房	大床房，配备舒适大床，温馨静谧，适合休闲度假。	450	8521
3421	标准间	标准间，简洁整洁，设施完备，高性价比之选。	306	8522
3421	大床房	大床房，配备舒适大床，温馨静谧，适合休闲度假。	429	8523
3422	行政套房	行政套房，空间宽敞，配套齐全，尊享舒适入住体验。	687	8524
3422	大床房	大床房，配备舒适大床，温馨静谧，适合休闲度假。	379	8525
3422	标准间	标准间，简洁整洁，设施完备，高性价比之选。	295	8526
3423	大床房	大床房，配备舒适大床，温馨静谧，适合休闲度假。	366	8527
3423	标准间	标准间，简洁整洁，设施完备，高性价比之选。	197	8528
3424	大床房	大床房，配备舒适大床，温馨静谧，适合休闲度假。	477	8529
3424	行政套房	行政套房，空间宽敞，配套齐全，尊享舒适入住体验。	498	8530
3425	标准间	标准间，简洁整洁，设施完备，高性价比之选。	235	8531
3425	大床房	大床房，配备舒适大床，温馨静谧，适合休闲度假。	334	8532
3426	标准间	标准间，简洁整洁，设施完备，高性价比之选。	303	8533
3426	行政套房	行政套房，空间宽敞，配套齐全，尊享舒适入住体验。	859	8534
3427	大床房	大床房，配备舒适大床，温馨静谧，适合休闲度假。	351	8535
3427	行政套房	行政套房，空间宽敞，配套齐全，尊享舒适入住体验。	790	8536
3428	标准间	标准间，简洁整洁，设施完备，高性价比之选。	265	8537
3428	大床房	大床房，配备舒适大床，温馨静谧，适合休闲度假。	285	8538
3428	行政套房	行政套房，空间宽敞，配套齐全，尊享舒适入住体验。	606	8539
3429	标准间	标准间，简洁整洁，设施完备，高性价比之选。	226	8540
3429	大床房	大床房，配备舒适大床，温馨静谧，适合休闲度假。	376	8541
3430	行政套房	行政套房，空间宽敞，配套齐全，尊享舒适入住体验。	779	8542
3430	标准间	标准间，简洁整洁，设施完备，高性价比之选。	295	8543
3431	行政套房	行政套房，空间宽敞，配套齐全，尊享舒适入住体验。	683	8544
3431	标准间	标准间，简洁整洁，设施完备，高性价比之选。	255	8545
3431	大床房	大床房，配备舒适大床，温馨静谧，适合休闲度假。	420	8546
3432	标准间	标准间，简洁整洁，设施完备，高性价比之选。	209	8547
3432	大床房	大床房，配备舒适大床，温馨静谧，适合休闲度假。	361	8548
3432	行政套房	行政套房，空间宽敞，配套齐全，尊享舒适入住体验。	582	8549
3433	标准间	标准间，简洁整洁，设施完备，高性价比之选。	204	8550
3433	行政套房	行政套房，空间宽敞，配套齐全，尊享舒适入住体验。	554	8551
3434	大床房	大床房，配备舒适大床，温馨静谧，适合休闲度假。	280	8552
3434	标准间	标准间，简洁整洁，设施完备，高性价比之选。	308	8553
3435	大床房	大床房，配备舒适大床，温馨静谧，适合休闲度假。	430	8554
3435	标准间	标准间，简洁整洁，设施完备，高性价比之选。	250	8555
3435	行政套房	行政套房，空间宽敞，配套齐全，尊享舒适入住体验。	841	8556
3436	行政套房	行政套房，空间宽敞，配套齐全，尊享舒适入住体验。	604	8557
3436	大床房	大床房，配备舒适大床，温馨静谧，适合休闲度假。	451	8558
3436	标准间	标准间，简洁整洁，设施完备，高性价比之选。	237	8559
3437	大床房	大床房，配备舒适大床，温馨静谧，适合休闲度假。	393	8560
3437	标准间	标准间，简洁整洁，设施完备，高性价比之选。	299	8561
3437	行政套房	行政套房，空间宽敞，配套齐全，尊享舒适入住体验。	607	8562
3438	大床房	大床房，配备舒适大床，温馨静谧，适合休闲度假。	275	8563
3438	标准间	标准间，简洁整洁，设施完备，高性价比之选。	192	8564
3438	行政套房	行政套房，空间宽敞，配套齐全，尊享舒适入住体验。	683	8565
3439	大床房	大床房，配备舒适大床，温馨静谧，适合休闲度假。	385	8566
3439	行政套房	行政套房，空间宽敞，配套齐全，尊享舒适入住体验。	820	8567
3439	标准间	标准间，简洁整洁，设施完备，高性价比之选。	224	8568
3440	标准间	标准间，简洁整洁，设施完备，高性价比之选。	242	8569
3440	行政套房	行政套房，空间宽敞，配套齐全，尊享舒适入住体验。	868	8570
3441	行政套房	行政套房，空间宽敞，配套齐全，尊享舒适入住体验。	642	8571
3441	标准间	标准间，简洁整洁，设施完备，高性价比之选。	279	8572
3442	标准间	标准间，简洁整洁，设施完备，高性价比之选。	270	8573
3442	大床房	大床房，配备舒适大床，温馨静谧，适合休闲度假。	414	8574
3442	行政套房	行政套房，空间宽敞，配套齐全，尊享舒适入住体验。	556	8575
3443	行政套房	行政套房，空间宽敞，配套齐全，尊享舒适入住体验。	671	8576
3443	大床房	大床房，配备舒适大床，温馨静谧，适合休闲度假。	370	8577
3444	大床房	大床房，配备舒适大床，温馨静谧，适合休闲度假。	458	8578
3444	行政套房	行政套房，空间宽敞，配套齐全，尊享舒适入住体验。	699	8579
3444	标准间	标准间，简洁整洁，设施完备，高性价比之选。	290	8580
3445	行政套房	行政套房，空间宽敞，配套齐全，尊享舒适入住体验。	810	8581
3445	大床房	大床房，配备舒适大床，温馨静谧，适合休闲度假。	345	8582
3446	行政套房	行政套房，空间宽敞，配套齐全，尊享舒适入住体验。	503	8583
3446	大床房	大床房，配备舒适大床，温馨静谧，适合休闲度假。	431	8584
3447	标准间	标准间，简洁整洁，设施完备，高性价比之选。	285	8585
3447	大床房	大床房，配备舒适大床，温馨静谧，适合休闲度假。	390	8586
3448	行政套房	行政套房，空间宽敞，配套齐全，尊享舒适入住体验。	588	8587
3448	标准间	标准间，简洁整洁，设施完备，高性价比之选。	229	8588
3448	大床房	大床房，配备舒适大床，温馨静谧，适合休闲度假。	302	8589
3449	大床房	大床房，配备舒适大床，温馨静谧，适合休闲度假。	325	8590
3449	标准间	标准间，简洁整洁，设施完备，高性价比之选。	190	8591
3450	行政套房	行政套房，空间宽敞，配套齐全，尊享舒适入住体验。	812	8592
3450	大床房	大床房，配备舒适大床，温馨静谧，适合休闲度假。	352	8593
3450	标准间	标准间，简洁整洁，设施完备，高性价比之选。	217	8594
3451	大床房	大床房，配备舒适大床，温馨静谧，适合休闲度假。	285	8595
3451	标准间	标准间，简洁整洁，设施完备，高性价比之选。	315	8596
3451	行政套房	行政套房，空间宽敞，配套齐全，尊享舒适入住体验。	510	8597
3452	标准间	标准间，简洁整洁，设施完备，高性价比之选。	231	8598
3452	行政套房	行政套房，空间宽敞，配套齐全，尊享舒适入住体验。	549	8599
3453	标准间	标准间，简洁整洁，设施完备，高性价比之选。	319	8600
3453	大床房	大床房，配备舒适大床，温馨静谧，适合休闲度假。	480	8601
3454	大床房	大床房，配备舒适大床，温馨静谧，适合休闲度假。	402	8602
3454	标准间	标准间，简洁整洁，设施完备，高性价比之选。	201	8603
3455	大床房	大床房，配备舒适大床，温馨静谧，适合休闲度假。	433	8604
3455	标准间	标准间，简洁整洁，设施完备，高性价比之选。	314	8605
3456	大床房	大床房，配备舒适大床，温馨静谧，适合休闲度假。	398	8606
3456	标准间	标准间，简洁整洁，设施完备，高性价比之选。	214	8607
3457	大床房	大床房，配备舒适大床，温馨静谧，适合休闲度假。	290	8608
3457	标准间	标准间，简洁整洁，设施完备，高性价比之选。	199	8609
3458	标准间	标准间，简洁整洁，设施完备，高性价比之选。	248	8610
3458	大床房	大床房，配备舒适大床，温馨静谧，适合休闲度假。	426	8611
3458	行政套房	行政套房，空间宽敞，配套齐全，尊享舒适入住体验。	868	8612
3459	标准间	标准间，简洁整洁，设施完备，高性价比之选。	208	8613
3459	行政套房	行政套房，空间宽敞，配套齐全，尊享舒适入住体验。	670	8614
3460	行政套房	行政套房，空间宽敞，配套齐全，尊享舒适入住体验。	755	8615
3460	大床房	大床房，配备舒适大床，温馨静谧，适合休闲度假。	286	8616
3460	标准间	标准间，简洁整洁，设施完备，高性价比之选。	183	8617
3461	标准间	标准间，简洁整洁，设施完备，高性价比之选。	253	8618
3461	行政套房	行政套房，空间宽敞，配套齐全，尊享舒适入住体验。	769	8619
3461	大床房	大床房，配备舒适大床，温馨静谧，适合休闲度假。	283	8620
3462	大床房	大床房，配备舒适大床，温馨静谧，适合休闲度假。	398	8621
3462	行政套房	行政套房，空间宽敞，配套齐全，尊享舒适入住体验。	844	8622
3462	标准间	标准间，简洁整洁，设施完备，高性价比之选。	218	8623
3463	行政套房	行政套房，空间宽敞，配套齐全，尊享舒适入住体验。	715	8624
3463	大床房	大床房，配备舒适大床，温馨静谧，适合休闲度假。	377	8625
3464	标准间	标准间，简洁整洁，设施完备，高性价比之选。	199	8626
3464	大床房	大床房，配备舒适大床，温馨静谧，适合休闲度假。	419	8627
3465	标准间	标准间，简洁整洁，设施完备，高性价比之选。	230	8628
3465	行政套房	行政套房，空间宽敞，配套齐全，尊享舒适入住体验。	860	8629
3465	大床房	大床房，配备舒适大床，温馨静谧，适合休闲度假。	278	8630
3466	行政套房	行政套房，空间宽敞，配套齐全，尊享舒适入住体验。	542	8631
3466	标准间	标准间，简洁整洁，设施完备，高性价比之选。	297	8632
3467	行政套房	行政套房，空间宽敞，配套齐全，尊享舒适入住体验。	719	8633
3467	标准间	标准间，简洁整洁，设施完备，高性价比之选。	204	8634
3467	大床房	大床房，配备舒适大床，温馨静谧，适合休闲度假。	478	8635
3468	大床房	大床房，配备舒适大床，温馨静谧，适合休闲度假。	452	8636
3468	行政套房	行政套房，空间宽敞，配套齐全，尊享舒适入住体验。	735	8637
3468	标准间	标准间，简洁整洁，设施完备，高性价比之选。	298	8638
3469	标准间	标准间，简洁整洁，设施完备，高性价比之选。	298	8639
3469	大床房	大床房，配备舒适大床，温馨静谧，适合休闲度假。	403	8640
3470	行政套房	行政套房，空间宽敞，配套齐全，尊享舒适入住体验。	651	8641
3470	标准间	标准间，简洁整洁，设施完备，高性价比之选。	190	8642
3470	大床房	大床房，配备舒适大床，温馨静谧，适合休闲度假。	365	8643
3471	大床房	大床房，配备舒适大床，温馨静谧，适合休闲度假。	397	8644
3471	行政套房	行政套房，空间宽敞，配套齐全，尊享舒适入住体验。	773	8645
3472	大床房	大床房，配备舒适大床，温馨静谧，适合休闲度假。	456	8646
3472	标准间	标准间，简洁整洁，设施完备，高性价比之选。	185	8647
3473	大床房	大床房，配备舒适大床，温馨静谧，适合休闲度假。	310	8648
3473	标准间	标准间，简洁整洁，设施完备，高性价比之选。	242	8649
3473	行政套房	行政套房，空间宽敞，配套齐全，尊享舒适入住体验。	613	8650
3474	大床房	大床房，配备舒适大床，温馨静谧，适合休闲度假。	297	8651
3474	标准间	标准间，简洁整洁，设施完备，高性价比之选。	207	8652
3474	行政套房	行政套房，空间宽敞，配套齐全，尊享舒适入住体验。	687	8653
3475	标准间	标准间，简洁整洁，设施完备，高性价比之选。	266	8654
3475	行政套房	行政套房，空间宽敞，配套齐全，尊享舒适入住体验。	846	8655
3476	行政套房	行政套房，空间宽敞，配套齐全，尊享舒适入住体验。	648	8656
3476	标准间	标准间，简洁整洁，设施完备，高性价比之选。	262	8657
3476	大床房	大床房，配备舒适大床，温馨静谧，适合休闲度假。	298	8658
3477	标准间	标准间，简洁整洁，设施完备，高性价比之选。	208	8659
3477	大床房	大床房，配备舒适大床，温馨静谧，适合休闲度假。	396	8660
3477	行政套房	行政套房，空间宽敞，配套齐全，尊享舒适入住体验。	623	8661
3478	标准间	标准间，简洁整洁，设施完备，高性价比之选。	267	8662
3478	大床房	大床房，配备舒适大床，温馨静谧，适合休闲度假。	456	8663
3479	大床房	大床房，配备舒适大床，温馨静谧，适合休闲度假。	477	8664
3479	标准间	标准间，简洁整洁，设施完备，高性价比之选。	310	8665
3479	行政套房	行政套房，空间宽敞，配套齐全，尊享舒适入住体验。	564	8666
3480	标准间	标准间，简洁整洁，设施完备，高性价比之选。	247	8667
3480	大床房	大床房，配备舒适大床，温馨静谧，适合休闲度假。	304	8668
3481	大床房	大床房，配备舒适大床，温馨静谧，适合休闲度假。	364	8669
3481	标准间	标准间，简洁整洁，设施完备，高性价比之选。	290	8670
3481	行政套房	行政套房，空间宽敞，配套齐全，尊享舒适入住体验。	500	8671
3482	标准间	标准间，简洁整洁，设施完备，高性价比之选。	220	8672
3482	行政套房	行政套房，空间宽敞，配套齐全，尊享舒适入住体验。	825	8673
3483	大床房	大床房，配备舒适大床，温馨静谧，适合休闲度假。	268	8674
3483	标准间	标准间，简洁整洁，设施完备，高性价比之选。	209	8675
3483	行政套房	行政套房，空间宽敞，配套齐全，尊享舒适入住体验。	717	8676
3484	大床房	大床房，配备舒适大床，温馨静谧，适合休闲度假。	296	8677
3484	行政套房	行政套房，空间宽敞，配套齐全，尊享舒适入住体验。	588	8678
3485	标准间	标准间，简洁整洁，设施完备，高性价比之选。	249	8679
3485	大床房	大床房，配备舒适大床，温馨静谧，适合休闲度假。	280	8680
3486	行政套房	行政套房，空间宽敞，配套齐全，尊享舒适入住体验。	753	8681
3486	标准间	标准间，简洁整洁，设施完备，高性价比之选。	251	8682
3486	大床房	大床房，配备舒适大床，温馨静谧，适合休闲度假。	366	8683
3487	大床房	大床房，配备舒适大床，温馨静谧，适合休闲度假。	261	8684
3487	行政套房	行政套房，空间宽敞，配套齐全，尊享舒适入住体验。	682	8685
3487	标准间	标准间，简洁整洁，设施完备，高性价比之选。	206	8686
3488	大床房	大床房，配备舒适大床，温馨静谧，适合休闲度假。	287	8687
3488	行政套房	行政套房，空间宽敞，配套齐全，尊享舒适入住体验。	706	8688
3488	标准间	标准间，简洁整洁，设施完备，高性价比之选。	310	8689
3489	行政套房	行政套房，空间宽敞，配套齐全，尊享舒适入住体验。	722	8690
3489	标准间	标准间，简洁整洁，设施完备，高性价比之选。	296	8691
3489	大床房	大床房，配备舒适大床，温馨静谧，适合休闲度假。	349	8692
3490	大床房	大床房，配备舒适大床，温馨静谧，适合休闲度假。	409	8693
3490	行政套房	行政套房，空间宽敞，配套齐全，尊享舒适入住体验。	720	8694
3491	标准间	标准间，简洁整洁，设施完备，高性价比之选。	307	8695
3491	大床房	大床房，配备舒适大床，温馨静谧，适合休闲度假。	316	8696
3492	大床房	大床房，配备舒适大床，温馨静谧，适合休闲度假。	477	8697
3492	行政套房	行政套房，空间宽敞，配套齐全，尊享舒适入住体验。	875	8698
3492	标准间	标准间，简洁整洁，设施完备，高性价比之选。	182	8699
3493	标准间	标准间，简洁整洁，设施完备，高性价比之选。	305	8700
3493	大床房	大床房，配备舒适大床，温馨静谧，适合休闲度假。	287	8701
3493	行政套房	行政套房，空间宽敞，配套齐全，尊享舒适入住体验。	799	8702
3494	大床房	大床房，配备舒适大床，温馨静谧，适合休闲度假。	381	8703
3494	标准间	标准间，简洁整洁，设施完备，高性价比之选。	271	8704
3495	行政套房	行政套房，空间宽敞，配套齐全，尊享舒适入住体验。	702	8705
3495	标准间	标准间，简洁整洁，设施完备，高性价比之选。	263	8706
3495	大床房	大床房，配备舒适大床，温馨静谧，适合休闲度假。	462	8707
3496	大床房	大床房，配备舒适大床，温馨静谧，适合休闲度假。	435	8708
3496	标准间	标准间，简洁整洁，设施完备，高性价比之选。	190	8709
3497	标准间	标准间，简洁整洁，设施完备，高性价比之选。	235	8710
3497	大床房	大床房，配备舒适大床，温馨静谧，适合休闲度假。	326	8711
3497	行政套房	行政套房，空间宽敞，配套齐全，尊享舒适入住体验。	844	8712
3498	标准间	标准间，简洁整洁，设施完备，高性价比之选。	226	8713
3498	行政套房	行政套房，空间宽敞，配套齐全，尊享舒适入住体验。	571	8714
3499	行政套房	行政套房，空间宽敞，配套齐全，尊享舒适入住体验。	757	8715
3499	大床房	大床房，配备舒适大床，温馨静谧，适合休闲度假。	459	8716
3499	标准间	标准间，简洁整洁，设施完备，高性价比之选。	296	8717
3500	标准间	标准间，简洁整洁，设施完备，高性价比之选。	277	8718
3500	行政套房	行政套房，空间宽敞，配套齐全，尊享舒适入住体验。	649	8719
3500	大床房	大床房，配备舒适大床，温馨静谧，适合休闲度假。	366	8720
3501	标准间	标准间，简洁整洁，设施完备，高性价比之选。	206	8721
3501	行政套房	行政套房，空间宽敞，配套齐全，尊享舒适入住体验。	601	8722
3501	大床房	大床房，配备舒适大床，温馨静谧，适合休闲度假。	326	8723
3502	行政套房	行政套房，空间宽敞，配套齐全，尊享舒适入住体验。	845	8724
3502	标准间	标准间，简洁整洁，设施完备，高性价比之选。	187	8725
3502	大床房	大床房，配备舒适大床，温馨静谧，适合休闲度假。	422	8726
3503	标准间	标准间，简洁整洁，设施完备，高性价比之选。	231	8727
3503	行政套房	行政套房，空间宽敞，配套齐全，尊享舒适入住体验。	847	8728
3504	大床房	大床房，配备舒适大床，温馨静谧，适合休闲度假。	433	8729
3504	标准间	标准间，简洁整洁，设施完备，高性价比之选。	205	8730
3504	行政套房	行政套房，空间宽敞，配套齐全，尊享舒适入住体验。	495	8731
3505	标准间	标准间，简洁整洁，设施完备，高性价比之选。	236	8732
3505	大床房	大床房，配备舒适大床，温馨静谧，适合休闲度假。	298	8733
3505	行政套房	行政套房，空间宽敞，配套齐全，尊享舒适入住体验。	840	8734
3506	大床房	大床房，配备舒适大床，温馨静谧，适合休闲度假。	269	8735
3506	行政套房	行政套房，空间宽敞，配套齐全，尊享舒适入住体验。	607	8736
3507	行政套房	行政套房，空间宽敞，配套齐全，尊享舒适入住体验。	680	8737
3507	大床房	大床房，配备舒适大床，温馨静谧，适合休闲度假。	322	8738
3507	标准间	标准间，简洁整洁，设施完备，高性价比之选。	232	8739
3508	行政套房	行政套房，空间宽敞，配套齐全，尊享舒适入住体验。	775	8740
3508	标准间	标准间，简洁整洁，设施完备，高性价比之选。	206	8741
3508	大床房	大床房，配备舒适大床，温馨静谧，适合休闲度假。	389	8742
3509	行政套房	行政套房，空间宽敞，配套齐全，尊享舒适入住体验。	848	8743
3509	标准间	标准间，简洁整洁，设施完备，高性价比之选。	204	8744
3509	大床房	大床房，配备舒适大床，温馨静谧，适合休闲度假。	312	8745
3510	行政套房	行政套房，空间宽敞，配套齐全，尊享舒适入住体验。	507	8746
3510	标准间	标准间，简洁整洁，设施完备，高性价比之选。	227	8747
3511	标准间	标准间，简洁整洁，设施完备，高性价比之选。	312	8748
3511	行政套房	行政套房，空间宽敞，配套齐全，尊享舒适入住体验。	563	8749
3511	大床房	大床房，配备舒适大床，温馨静谧，适合休闲度假。	281	8750
3512	标准间	标准间，简洁整洁，设施完备，高性价比之选。	198	8751
3512	行政套房	行政套房，空间宽敞，配套齐全，尊享舒适入住体验。	833	8752
3513	行政套房	行政套房，空间宽敞，配套齐全，尊享舒适入住体验。	744	8753
3513	大床房	大床房，配备舒适大床，温馨静谧，适合休闲度假。	396	8754
3513	标准间	标准间，简洁整洁，设施完备，高性价比之选。	199	8755
3514	大床房	大床房，配备舒适大床，温馨静谧，适合休闲度假。	432	8756
3514	行政套房	行政套房，空间宽敞，配套齐全，尊享舒适入住体验。	686	8757
3515	大床房	大床房，配备舒适大床，温馨静谧，适合休闲度假。	396	8758
3515	行政套房	行政套房，空间宽敞，配套齐全，尊享舒适入住体验。	677	8759
3516	标准间	标准间，简洁整洁，设施完备，高性价比之选。	286	8760
3516	行政套房	行政套房，空间宽敞，配套齐全，尊享舒适入住体验。	614	8761
3516	大床房	大床房，配备舒适大床，温馨静谧，适合休闲度假。	300	8762
3517	行政套房	行政套房，空间宽敞，配套齐全，尊享舒适入住体验。	606	8763
3517	标准间	标准间，简洁整洁，设施完备，高性价比之选。	296	8764
3518	大床房	大床房，配备舒适大床，温馨静谧，适合休闲度假。	297	8765
3518	行政套房	行政套房，空间宽敞，配套齐全，尊享舒适入住体验。	855	8766
3519	标准间	标准间，简洁整洁，设施完备，高性价比之选。	280	8767
3519	大床房	大床房，配备舒适大床，温馨静谧，适合休闲度假。	353	8768
3520	大床房	大床房，配备舒适大床，温馨静谧，适合休闲度假。	321	8769
3520	行政套房	行政套房，空间宽敞，配套齐全，尊享舒适入住体验。	695	8770
3521	行政套房	行政套房，空间宽敞，配套齐全，尊享舒适入住体验。	857	8771
3521	标准间	标准间，简洁整洁，设施完备，高性价比之选。	285	8772
3522	行政套房	行政套房，空间宽敞，配套齐全，尊享舒适入住体验。	540	8773
3522	标准间	标准间，简洁整洁，设施完备，高性价比之选。	313	8774
3522	大床房	大床房，配备舒适大床，温馨静谧，适合休闲度假。	310	8775
3523	标准间	标准间，简洁整洁，设施完备，高性价比之选。	187	8776
3523	大床房	大床房，配备舒适大床，温馨静谧，适合休闲度假。	264	8777
3523	行政套房	行政套房，空间宽敞，配套齐全，尊享舒适入住体验。	831	8778
3524	大床房	大床房，配备舒适大床，温馨静谧，适合休闲度假。	373	8779
3524	行政套房	行政套房，空间宽敞，配套齐全，尊享舒适入住体验。	709	8780
3525	标准间	标准间，简洁整洁，设施完备，高性价比之选。	191	8781
3525	行政套房	行政套房，空间宽敞，配套齐全，尊享舒适入住体验。	492	8782
3526	行政套房	行政套房，空间宽敞，配套齐全，尊享舒适入住体验。	644	8783
3526	标准间	标准间，简洁整洁，设施完备，高性价比之选。	260	8784
3527	大床房	大床房，配备舒适大床，温馨静谧，适合休闲度假。	409	8785
3527	标准间	标准间，简洁整洁，设施完备，高性价比之选。	214	8786
3527	行政套房	行政套房，空间宽敞，配套齐全，尊享舒适入住体验。	694	8787
3528	大床房	大床房，配备舒适大床，温馨静谧，适合休闲度假。	420	8788
3528	行政套房	行政套房，空间宽敞，配套齐全，尊享舒适入住体验。	673	8789
3529	标准间	标准间，简洁整洁，设施完备，高性价比之选。	282	8790
3529	大床房	大床房，配备舒适大床，温馨静谧，适合休闲度假。	266	8791
3529	行政套房	行政套房，空间宽敞，配套齐全，尊享舒适入住体验。	570	8792
3530	标准间	标准间，简洁整洁，设施完备，高性价比之选。	206	8793
3530	大床房	大床房，配备舒适大床，温馨静谧，适合休闲度假。	321	8794
3531	行政套房	行政套房，空间宽敞，配套齐全，尊享舒适入住体验。	541	8795
3531	标准间	标准间，简洁整洁，设施完备，高性价比之选。	288	8796
3532	行政套房	行政套房，空间宽敞，配套齐全，尊享舒适入住体验。	695	8797
3532	标准间	标准间，简洁整洁，设施完备，高性价比之选。	243	8798
3532	大床房	大床房，配备舒适大床，温馨静谧，适合休闲度假。	409	8799
3533	大床房	大床房，配备舒适大床，温馨静谧，适合休闲度假。	381	8800
3533	行政套房	行政套房，空间宽敞，配套齐全，尊享舒适入住体验。	778	8801
3534	大床房	大床房，配备舒适大床，温馨静谧，适合休闲度假。	349	8802
3534	标准间	标准间，简洁整洁，设施完备，高性价比之选。	303	8803
3534	行政套房	行政套房，空间宽敞，配套齐全，尊享舒适入住体验。	666	8804
3535	标准间	标准间，简洁整洁，设施完备，高性价比之选。	260	8805
3535	大床房	大床房，配备舒适大床，温馨静谧，适合休闲度假。	302	8806
3535	行政套房	行政套房，空间宽敞，配套齐全，尊享舒适入住体验。	736	8807
3536	大床房	大床房，配备舒适大床，温馨静谧，适合休闲度假。	277	8808
3536	行政套房	行政套房，空间宽敞，配套齐全，尊享舒适入住体验。	608	8809
3537	行政套房	行政套房，空间宽敞，配套齐全，尊享舒适入住体验。	558	8810
3537	标准间	标准间，简洁整洁，设施完备，高性价比之选。	267	8811
3537	大床房	大床房，配备舒适大床，温馨静谧，适合休闲度假。	449	8812
3538	大床房	大床房，配备舒适大床，温馨静谧，适合休闲度假。	345	8813
3538	标准间	标准间，简洁整洁，设施完备，高性价比之选。	265	8814
3538	行政套房	行政套房，空间宽敞，配套齐全，尊享舒适入住体验。	676	8815
3539	大床房	大床房，配备舒适大床，温馨静谧，适合休闲度假。	464	8816
3539	标准间	标准间，简洁整洁，设施完备，高性价比之选。	234	8817
3540	行政套房	行政套房，空间宽敞，配套齐全，尊享舒适入住体验。	692	8818
3540	大床房	大床房，配备舒适大床，温馨静谧，适合休闲度假。	384	8819
3541	标准间	标准间，简洁整洁，设施完备，高性价比之选。	313	8820
3541	大床房	大床房，配备舒适大床，温馨静谧，适合休闲度假。	355	8821
3542	大床房	大床房，配备舒适大床，温馨静谧，适合休闲度假。	471	8822
3542	行政套房	行政套房，空间宽敞，配套齐全，尊享舒适入住体验。	829	8823
3542	标准间	标准间，简洁整洁，设施完备，高性价比之选。	264	8824
3543	行政套房	行政套房，空间宽敞，配套齐全，尊享舒适入住体验。	663	8825
3543	标准间	标准间，简洁整洁，设施完备，高性价比之选。	279	8826
3543	大床房	大床房，配备舒适大床，温馨静谧，适合休闲度假。	361	8827
3544	大床房	大床房，配备舒适大床，温馨静谧，适合休闲度假。	479	8828
3544	标准间	标准间，简洁整洁，设施完备，高性价比之选。	223	8829
3544	行政套房	行政套房，空间宽敞，配套齐全，尊享舒适入住体验。	752	8830
3545	大床房	大床房，配备舒适大床，温馨静谧，适合休闲度假。	351	8831
3545	标准间	标准间，简洁整洁，设施完备，高性价比之选。	289	8832
3545	行政套房	行政套房，空间宽敞，配套齐全，尊享舒适入住体验。	536	8833
3546	大床房	大床房，配备舒适大床，温馨静谧，适合休闲度假。	291	8834
3546	标准间	标准间，简洁整洁，设施完备，高性价比之选。	189	8835
3547	标准间	标准间，简洁整洁，设施完备，高性价比之选。	269	8836
3547	行政套房	行政套房，空间宽敞，配套齐全，尊享舒适入住体验。	814	8837
3548	大床房	大床房，配备舒适大床，温馨静谧，适合休闲度假。	337	8838
3548	行政套房	行政套房，空间宽敞，配套齐全，尊享舒适入住体验。	754	8839
3548	标准间	标准间，简洁整洁，设施完备，高性价比之选。	298	8840
3549	标准间	标准间，简洁整洁，设施完备，高性价比之选。	267	8841
3549	行政套房	行政套房，空间宽敞，配套齐全，尊享舒适入住体验。	800	8842
3549	大床房	大床房，配备舒适大床，温馨静谧，适合休闲度假。	292	8843
3550	标准间	标准间，简洁整洁，设施完备，高性价比之选。	234	8844
3550	行政套房	行政套房，空间宽敞，配套齐全，尊享舒适入住体验。	736	8845
3551	大床房	大床房，配备舒适大床，温馨静谧，适合休闲度假。	402	8846
3551	标准间	标准间，简洁整洁，设施完备，高性价比之选。	225	8847
3551	行政套房	行政套房，空间宽敞，配套齐全，尊享舒适入住体验。	831	8848
3552	行政套房	行政套房，空间宽敞，配套齐全，尊享舒适入住体验。	629	8849
3552	大床房	大床房，配备舒适大床，温馨静谧，适合休闲度假。	383	8850
3553	行政套房	行政套房，空间宽敞，配套齐全，尊享舒适入住体验。	677	8851
3553	标准间	标准间，简洁整洁，设施完备，高性价比之选。	306	8852
3553	大床房	大床房，配备舒适大床，温馨静谧，适合休闲度假。	346	8853
3554	行政套房	行政套房，空间宽敞，配套齐全，尊享舒适入住体验。	480	8854
3554	标准间	标准间，简洁整洁，设施完备，高性价比之选。	281	8855
3555	行政套房	行政套房，空间宽敞，配套齐全，尊享舒适入住体验。	880	8856
3555	标准间	标准间，简洁整洁，设施完备，高性价比之选。	304	8857
3555	大床房	大床房，配备舒适大床，温馨静谧，适合休闲度假。	442	8858
3556	大床房	大床房，配备舒适大床，温馨静谧，适合休闲度假。	388	8859
3556	标准间	标准间，简洁整洁，设施完备，高性价比之选。	222	8860
3556	行政套房	行政套房，空间宽敞，配套齐全，尊享舒适入住体验。	530	8861
3557	标准间	标准间，简洁整洁，设施完备，高性价比之选。	209	8862
3557	行政套房	行政套房，空间宽敞，配套齐全，尊享舒适入住体验。	777	8863
3558	大床房	大床房，配备舒适大床，温馨静谧，适合休闲度假。	299	8864
3558	标准间	标准间，简洁整洁，设施完备，高性价比之选。	184	8865
3558	行政套房	行政套房，空间宽敞，配套齐全，尊享舒适入住体验。	519	8866
3559	标准间	标准间，简洁整洁，设施完备，高性价比之选。	266	8867
3559	大床房	大床房，配备舒适大床，温馨静谧，适合休闲度假。	403	8868
3559	行政套房	行政套房，空间宽敞，配套齐全，尊享舒适入住体验。	581	8869
3560	大床房	大床房，配备舒适大床，温馨静谧，适合休闲度假。	283	8870
3560	行政套房	行政套房，空间宽敞，配套齐全，尊享舒适入住体验。	850	8871
3561	大床房	大床房，配备舒适大床，温馨静谧，适合休闲度假。	290	8872
3561	标准间	标准间，简洁整洁，设施完备，高性价比之选。	279	8873
3561	行政套房	行政套房，空间宽敞，配套齐全，尊享舒适入住体验。	825	8874
3562	标准间	标准间，简洁整洁，设施完备，高性价比之选。	183	8875
3562	大床房	大床房，配备舒适大床，温馨静谧，适合休闲度假。	376	8876
3563	大床房	大床房，配备舒适大床，温馨静谧，适合休闲度假。	350	8877
3563	标准间	标准间，简洁整洁，设施完备，高性价比之选。	231	8878
3564	行政套房	行政套房，空间宽敞，配套齐全，尊享舒适入住体验。	567	8879
3564	大床房	大床房，配备舒适大床，温馨静谧，适合休闲度假。	322	8880
3564	标准间	标准间，简洁整洁，设施完备，高性价比之选。	282	8881
3565	大床房	大床房，配备舒适大床，温馨静谧，适合休闲度假。	404	8882
3565	标准间	标准间，简洁整洁，设施完备，高性价比之选。	181	8883
3566	标准间	标准间，简洁整洁，设施完备，高性价比之选。	234	8884
3566	大床房	大床房，配备舒适大床，温馨静谧，适合休闲度假。	367	8885
3567	大床房	大床房，配备舒适大床，温馨静谧，适合休闲度假。	458	8886
3567	行政套房	行政套房，空间宽敞，配套齐全，尊享舒适入住体验。	539	8887
3568	大床房	大床房，配备舒适大床，温馨静谧，适合休闲度假。	332	8888
3568	行政套房	行政套房，空间宽敞，配套齐全，尊享舒适入住体验。	878	8889
3569	行政套房	行政套房，空间宽敞，配套齐全，尊享舒适入住体验。	739	8890
3569	标准间	标准间，简洁整洁，设施完备，高性价比之选。	244	8891
3570	大床房	大床房，配备舒适大床，温馨静谧，适合休闲度假。	476	8892
3570	行政套房	行政套房，空间宽敞，配套齐全，尊享舒适入住体验。	566	8893
3570	标准间	标准间，简洁整洁，设施完备，高性价比之选。	181	8894
3571	大床房	大床房，配备舒适大床，温馨静谧，适合休闲度假。	459	8895
3571	行政套房	行政套房，空间宽敞，配套齐全，尊享舒适入住体验。	513	8896
3572	行政套房	行政套房，空间宽敞，配套齐全，尊享舒适入住体验。	513	8897
3572	标准间	标准间，简洁整洁，设施完备，高性价比之选。	185	8898
3572	大床房	大床房，配备舒适大床，温馨静谧，适合休闲度假。	339	8899
3573	标准间	标准间，简洁整洁，设施完备，高性价比之选。	313	8900
3573	行政套房	行政套房，空间宽敞，配套齐全，尊享舒适入住体验。	700	8901
3573	大床房	大床房，配备舒适大床，温馨静谧，适合休闲度假。	269	8902
3574	标准间	标准间，简洁整洁，设施完备，高性价比之选。	285	8903
3574	行政套房	行政套房，空间宽敞，配套齐全，尊享舒适入住体验。	647	8904
3575	大床房	大床房，配备舒适大床，温馨静谧，适合休闲度假。	311	8905
3575	行政套房	行政套房，空间宽敞，配套齐全，尊享舒适入住体验。	641	8906
3576	标准间	标准间，简洁整洁，设施完备，高性价比之选。	249	8907
3576	大床房	大床房，配备舒适大床，温馨静谧，适合休闲度假。	456	8908
3576	行政套房	行政套房，空间宽敞，配套齐全，尊享舒适入住体验。	653	8909
3577	标准间	标准间，简洁整洁，设施完备，高性价比之选。	203	8910
3577	行政套房	行政套房，空间宽敞，配套齐全，尊享舒适入住体验。	829	8911
3577	大床房	大床房，配备舒适大床，温馨静谧，适合休闲度假。	385	8912
3578	大床房	大床房，配备舒适大床，温馨静谧，适合休闲度假。	316	8913
3578	标准间	标准间，简洁整洁，设施完备，高性价比之选。	192	8914
3579	标准间	标准间，简洁整洁，设施完备，高性价比之选。	290	8915
3579	大床房	大床房，配备舒适大床，温馨静谧，适合休闲度假。	315	8916
3580	行政套房	行政套房，空间宽敞，配套齐全，尊享舒适入住体验。	698	8917
3580	大床房	大床房，配备舒适大床，温馨静谧，适合休闲度假。	368	8918
3580	标准间	标准间，简洁整洁，设施完备，高性价比之选。	227	8919
3581	标准间	标准间，简洁整洁，设施完备，高性价比之选。	258	8920
3581	行政套房	行政套房，空间宽敞，配套齐全，尊享舒适入住体验。	543	8921
3581	大床房	大床房，配备舒适大床，温馨静谧，适合休闲度假。	275	8922
3582	标准间	标准间，简洁整洁，设施完备，高性价比之选。	283	8923
3582	行政套房	行政套房，空间宽敞，配套齐全，尊享舒适入住体验。	646	8924
3582	大床房	大床房，配备舒适大床，温馨静谧，适合休闲度假。	449	8925
3583	行政套房	行政套房，空间宽敞，配套齐全，尊享舒适入住体验。	515	8926
3583	标准间	标准间，简洁整洁，设施完备，高性价比之选。	231	8927
3584	大床房	大床房，配备舒适大床，温馨静谧，适合休闲度假。	404	8928
3584	标准间	标准间，简洁整洁，设施完备，高性价比之选。	216	8929
3585	标准间	标准间，简洁整洁，设施完备，高性价比之选。	276	8930
3585	大床房	大床房，配备舒适大床，温馨静谧，适合休闲度假。	291	8931
3585	行政套房	行政套房，空间宽敞，配套齐全，尊享舒适入住体验。	750	8932
3586	标准间	标准间，简洁整洁，设施完备，高性价比之选。	297	8933
3586	行政套房	行政套房，空间宽敞，配套齐全，尊享舒适入住体验。	657	8934
3586	大床房	大床房，配备舒适大床，温馨静谧，适合休闲度假。	392	8935
3587	标准间	标准间，简洁整洁，设施完备，高性价比之选。	307	8936
3587	行政套房	行政套房，空间宽敞，配套齐全，尊享舒适入住体验。	517	8937
3588	行政套房	行政套房，空间宽敞，配套齐全，尊享舒适入住体验。	728	8938
3588	大床房	大床房，配备舒适大床，温馨静谧，适合休闲度假。	464	8939
3589	标准间	标准间，简洁整洁，设施完备，高性价比之选。	313	8940
3589	大床房	大床房，配备舒适大床，温馨静谧，适合休闲度假。	340	8941
3590	标准间	标准间，简洁整洁，设施完备，高性价比之选。	267	8942
3590	行政套房	行政套房，空间宽敞，配套齐全，尊享舒适入住体验。	854	8943
3591	标准间	标准间，简洁整洁，设施完备，高性价比之选。	212	8944
3591	大床房	大床房，配备舒适大床，温馨静谧，适合休闲度假。	274	8945
3591	行政套房	行政套房，空间宽敞，配套齐全，尊享舒适入住体验。	839	8946
3592	行政套房	行政套房，空间宽敞，配套齐全，尊享舒适入住体验。	609	8947
3592	标准间	标准间，简洁整洁，设施完备，高性价比之选。	305	8948
3592	大床房	大床房，配备舒适大床，温馨静谧，适合休闲度假。	349	8949
3593	行政套房	行政套房，空间宽敞，配套齐全，尊享舒适入住体验。	838	8950
3593	大床房	大床房，配备舒适大床，温馨静谧，适合休闲度假。	324	8951
3593	标准间	标准间，简洁整洁，设施完备，高性价比之选。	186	8952
3594	行政套房	行政套房，空间宽敞，配套齐全，尊享舒适入住体验。	838	8953
3594	标准间	标准间，简洁整洁，设施完备，高性价比之选。	237	8954
3594	大床房	大床房，配备舒适大床，温馨静谧，适合休闲度假。	285	8955
3595	行政套房	行政套房，空间宽敞，配套齐全，尊享舒适入住体验。	861	8956
3595	大床房	大床房，配备舒适大床，温馨静谧，适合休闲度假。	360	8957
3596	行政套房	行政套房，空间宽敞，配套齐全，尊享舒适入住体验。	517	8958
3596	标准间	标准间，简洁整洁，设施完备，高性价比之选。	303	8959
3596	大床房	大床房，配备舒适大床，温馨静谧，适合休闲度假。	435	8960
3597	标准间	标准间，简洁整洁，设施完备，高性价比之选。	203	8961
3597	大床房	大床房，配备舒适大床，温馨静谧，适合休闲度假。	393	8962
3597	行政套房	行政套房，空间宽敞，配套齐全，尊享舒适入住体验。	567	8963
3598	行政套房	行政套房，空间宽敞，配套齐全，尊享舒适入住体验。	517	8964
3598	标准间	标准间，简洁整洁，设施完备，高性价比之选。	216	8965
3599	大床房	大床房，配备舒适大床，温馨静谧，适合休闲度假。	343	8966
3599	行政套房	行政套房，空间宽敞，配套齐全，尊享舒适入住体验。	688	8967
3600	标准间	标准间，简洁整洁，设施完备，高性价比之选。	272	8968
3600	行政套房	行政套房，空间宽敞，配套齐全，尊享舒适入住体验。	729	8969
3601	大床房	大床房，配备舒适大床，温馨静谧，适合休闲度假。	278	8970
3601	行政套房	行政套房，空间宽敞，配套齐全，尊享舒适入住体验。	745	8971
3602	标准间	标准间，简洁整洁，设施完备，高性价比之选。	255	8972
3602	大床房	大床房，配备舒适大床，温馨静谧，适合休闲度假。	453	8973
3603	行政套房	行政套房，空间宽敞，配套齐全，尊享舒适入住体验。	522	8974
3603	大床房	大床房，配备舒适大床，温馨静谧，适合休闲度假。	359	8975
3604	行政套房	行政套房，空间宽敞，配套齐全，尊享舒适入住体验。	810	8976
3604	标准间	标准间，简洁整洁，设施完备，高性价比之选。	301	8977
3605	行政套房	行政套房，空间宽敞，配套齐全，尊享舒适入住体验。	678	8978
3605	大床房	大床房，配备舒适大床，温馨静谧，适合休闲度假。	399	8979
3605	标准间	标准间，简洁整洁，设施完备，高性价比之选。	237	8980
3606	行政套房	行政套房，空间宽敞，配套齐全，尊享舒适入住体验。	666	8981
3606	大床房	大床房，配备舒适大床，温馨静谧，适合休闲度假。	434	8982
3607	行政套房	行政套房，空间宽敞，配套齐全，尊享舒适入住体验。	596	8983
3607	标准间	标准间，简洁整洁，设施完备，高性价比之选。	202	8984
3607	大床房	大床房，配备舒适大床，温馨静谧，适合休闲度假。	274	8985
3608	大床房	大床房，配备舒适大床，温馨静谧，适合休闲度假。	366	8986
3608	行政套房	行政套房，空间宽敞，配套齐全，尊享舒适入住体验。	866	8987
3609	大床房	大床房，配备舒适大床，温馨静谧，适合休闲度假。	371	8988
3609	标准间	标准间，简洁整洁，设施完备，高性价比之选。	263	8989
3609	行政套房	行政套房，空间宽敞，配套齐全，尊享舒适入住体验。	787	8990
3610	大床房	大床房，配备舒适大床，温馨静谧，适合休闲度假。	396	8991
3610	标准间	标准间，简洁整洁，设施完备，高性价比之选。	241	8992
3610	行政套房	行政套房，空间宽敞，配套齐全，尊享舒适入住体验。	698	8993
3611	标准间	标准间，简洁整洁，设施完备，高性价比之选。	211	8994
3611	大床房	大床房，配备舒适大床，温馨静谧，适合休闲度假。	457	8995
3612	行政套房	行政套房，空间宽敞，配套齐全，尊享舒适入住体验。	592	8996
3612	大床房	大床房，配备舒适大床，温馨静谧，适合休闲度假。	435	8997
3612	标准间	标准间，简洁整洁，设施完备，高性价比之选。	288	8998
3613	标准间	标准间，简洁整洁，设施完备，高性价比之选。	188	8999
3613	大床房	大床房，配备舒适大床，温馨静谧，适合休闲度假。	442	9000
3613	行政套房	行政套房，空间宽敞，配套齐全，尊享舒适入住体验。	745	9001
3614	标准间	标准间，简洁整洁，设施完备，高性价比之选。	281	9002
3614	行政套房	行政套房，空间宽敞，配套齐全，尊享舒适入住体验。	771	9003
3615	大床房	大床房，配备舒适大床，温馨静谧，适合休闲度假。	478	9004
3615	行政套房	行政套房，空间宽敞，配套齐全，尊享舒适入住体验。	583	9005
3615	标准间	标准间，简洁整洁，设施完备，高性价比之选。	255	9006
3616	行政套房	行政套房，空间宽敞，配套齐全，尊享舒适入住体验。	850	9007
3616	大床房	大床房，配备舒适大床，温馨静谧，适合休闲度假。	285	9008
3617	大床房	大床房，配备舒适大床，温馨静谧，适合休闲度假。	432	9009
3617	行政套房	行政套房，空间宽敞，配套齐全，尊享舒适入住体验。	661	9010
3617	标准间	标准间，简洁整洁，设施完备，高性价比之选。	244	9011
3618	标准间	标准间，简洁整洁，设施完备，高性价比之选。	215	9012
3618	行政套房	行政套房，空间宽敞，配套齐全，尊享舒适入住体验。	613	9013
3619	标准间	标准间，简洁整洁，设施完备，高性价比之选。	288	9014
3619	行政套房	行政套房，空间宽敞，配套齐全，尊享舒适入住体验。	695	9015
3620	行政套房	行政套房，空间宽敞，配套齐全，尊享舒适入住体验。	525	9016
3620	标准间	标准间，简洁整洁，设施完备，高性价比之选。	258	9017
3620	大床房	大床房，配备舒适大床，温馨静谧，适合休闲度假。	360	9018
3621	大床房	大床房，配备舒适大床，温馨静谧，适合休闲度假。	425	9019
3621	行政套房	行政套房，空间宽敞，配套齐全，尊享舒适入住体验。	795	9020
3622	大床房	大床房，配备舒适大床，温馨静谧，适合休闲度假。	470	9021
3622	行政套房	行政套房，空间宽敞，配套齐全，尊享舒适入住体验。	601	9022
3622	标准间	标准间，简洁整洁，设施完备，高性价比之选。	312	9023
3623	大床房	大床房，配备舒适大床，温馨静谧，适合休闲度假。	453	9024
3623	行政套房	行政套房，空间宽敞，配套齐全，尊享舒适入住体验。	864	9025
3623	标准间	标准间，简洁整洁，设施完备，高性价比之选。	246	9026
3624	大床房	大床房，配备舒适大床，温馨静谧，适合休闲度假。	263	9027
3624	行政套房	行政套房，空间宽敞，配套齐全，尊享舒适入住体验。	617	9028
3625	大床房	大床房，配备舒适大床，温馨静谧，适合休闲度假。	473	9029
3625	标准间	标准间，简洁整洁，设施完备，高性价比之选。	230	9030
3626	大床房	大床房，配备舒适大床，温馨静谧，适合休闲度假。	277	9031
3626	标准间	标准间，简洁整洁，设施完备，高性价比之选。	234	9032
3626	行政套房	行政套房，空间宽敞，配套齐全，尊享舒适入住体验。	784	9033
3627	标准间	标准间，简洁整洁，设施完备，高性价比之选。	272	9034
3627	大床房	大床房，配备舒适大床，温馨静谧，适合休闲度假。	453	9035
3628	行政套房	行政套房，空间宽敞，配套齐全，尊享舒适入住体验。	740	9036
3628	大床房	大床房，配备舒适大床，温馨静谧，适合休闲度假。	463	9037
3629	标准间	标准间，简洁整洁，设施完备，高性价比之选。	267	9038
3629	大床房	大床房，配备舒适大床，温馨静谧，适合休闲度假。	304	9039
3629	行政套房	行政套房，空间宽敞，配套齐全，尊享舒适入住体验。	660	9040
3630	标准间	标准间，简洁整洁，设施完备，高性价比之选。	304	9041
3630	行政套房	行政套房，空间宽敞，配套齐全，尊享舒适入住体验。	847	9042
3630	大床房	大床房，配备舒适大床，温馨静谧，适合休闲度假。	279	9043
3631	大床房	大床房，配备舒适大床，温馨静谧，适合休闲度假。	261	9044
3631	行政套房	行政套房，空间宽敞，配套齐全，尊享舒适入住体验。	870	9045
3631	标准间	标准间，简洁整洁，设施完备，高性价比之选。	296	9046
3632	标准间	标准间，简洁整洁，设施完备，高性价比之选。	227	9047
3632	大床房	大床房，配备舒适大床，温馨静谧，适合休闲度假。	335	9048
3633	行政套房	行政套房，空间宽敞，配套齐全，尊享舒适入住体验。	878	9049
3633	大床房	大床房，配备舒适大床，温馨静谧，适合休闲度假。	318	9050
3634	大床房	大床房，配备舒适大床，温馨静谧，适合休闲度假。	283	9051
3634	行政套房	行政套房，空间宽敞，配套齐全，尊享舒适入住体验。	600	9052
3634	标准间	标准间，简洁整洁，设施完备，高性价比之选。	311	9053
3635	大床房	大床房，配备舒适大床，温馨静谧，适合休闲度假。	367	9054
3635	行政套房	行政套房，空间宽敞，配套齐全，尊享舒适入住体验。	502	9055
3636	标准间	标准间，简洁整洁，设施完备，高性价比之选。	301	9056
3636	大床房	大床房，配备舒适大床，温馨静谧，适合休闲度假。	417	9057
3636	行政套房	行政套房，空间宽敞，配套齐全，尊享舒适入住体验。	485	9058
3637	大床房	大床房，配备舒适大床，温馨静谧，适合休闲度假。	298	9059
3637	行政套房	行政套房，空间宽敞，配套齐全，尊享舒适入住体验。	761	9060
3638	标准间	标准间，简洁整洁，设施完备，高性价比之选。	186	9061
3638	大床房	大床房，配备舒适大床，温馨静谧，适合休闲度假。	463	9062
3639	标准间	标准间，简洁整洁，设施完备，高性价比之选。	249	9063
3639	行政套房	行政套房，空间宽敞，配套齐全，尊享舒适入住体验。	490	9064
3640	行政套房	行政套房，空间宽敞，配套齐全，尊享舒适入住体验。	834	9065
3640	大床房	大床房，配备舒适大床，温馨静谧，适合休闲度假。	383	9066
3641	大床房	大床房，配备舒适大床，温馨静谧，适合休闲度假。	282	9067
3641	标准间	标准间，简洁整洁，设施完备，高性价比之选。	263	9068
3641	行政套房	行政套房，空间宽敞，配套齐全，尊享舒适入住体验。	833	9069
3642	行政套房	行政套房，空间宽敞，配套齐全，尊享舒适入住体验。	555	9070
3642	标准间	标准间，简洁整洁，设施完备，高性价比之选。	228	9071
3643	大床房	大床房，配备舒适大床，温馨静谧，适合休闲度假。	400	9072
3643	行政套房	行政套房，空间宽敞，配套齐全，尊享舒适入住体验。	785	9073
3644	行政套房	行政套房，空间宽敞，配套齐全，尊享舒适入住体验。	775	9074
3644	标准间	标准间，简洁整洁，设施完备，高性价比之选。	211	9075
3644	大床房	大床房，配备舒适大床，温馨静谧，适合休闲度假。	474	9076
3645	大床房	大床房，配备舒适大床，温馨静谧，适合休闲度假。	298	9077
3645	行政套房	行政套房，空间宽敞，配套齐全，尊享舒适入住体验。	561	9078
3645	标准间	标准间，简洁整洁，设施完备，高性价比之选。	210	9079
3646	行政套房	行政套房，空间宽敞，配套齐全，尊享舒适入住体验。	488	9080
3646	标准间	标准间，简洁整洁，设施完备，高性价比之选。	274	9081
3646	大床房	大床房，配备舒适大床，温馨静谧，适合休闲度假。	406	9082
3647	大床房	大床房，配备舒适大床，温馨静谧，适合休闲度假。	316	9083
3647	行政套房	行政套房，空间宽敞，配套齐全，尊享舒适入住体验。	835	9084
3648	行政套房	行政套房，空间宽敞，配套齐全，尊享舒适入住体验。	806	9085
3648	标准间	标准间，简洁整洁，设施完备，高性价比之选。	201	9086
3648	大床房	大床房，配备舒适大床，温馨静谧，适合休闲度假。	303	9087
3649	行政套房	行政套房，空间宽敞，配套齐全，尊享舒适入住体验。	677	9088
3649	标准间	标准间，简洁整洁，设施完备，高性价比之选。	318	9089
3650	大床房	大床房，配备舒适大床，温馨静谧，适合休闲度假。	273	9090
3650	行政套房	行政套房，空间宽敞，配套齐全，尊享舒适入住体验。	778	9091
3651	行政套房	行政套房，空间宽敞，配套齐全，尊享舒适入住体验。	489	9092
3651	大床房	大床房，配备舒适大床，温馨静谧，适合休闲度假。	455	9093
3651	标准间	标准间，简洁整洁，设施完备，高性价比之选。	186	9094
3652	行政套房	行政套房，空间宽敞，配套齐全，尊享舒适入住体验。	854	9095
3652	标准间	标准间，简洁整洁，设施完备，高性价比之选。	202	9096
3652	大床房	大床房，配备舒适大床，温馨静谧，适合休闲度假。	442	9097
3653	标准间	标准间，简洁整洁，设施完备，高性价比之选。	286	9098
3653	行政套房	行政套房，空间宽敞，配套齐全，尊享舒适入住体验。	806	9099
3654	大床房	大床房，配备舒适大床，温馨静谧，适合休闲度假。	461	9100
3654	标准间	标准间，简洁整洁，设施完备，高性价比之选。	222	9101
3654	行政套房	行政套房，空间宽敞，配套齐全，尊享舒适入住体验。	651	9102
3655	大床房	大床房，配备舒适大床，温馨静谧，适合休闲度假。	265	9103
3655	行政套房	行政套房，空间宽敞，配套齐全，尊享舒适入住体验。	620	9104
3656	大床房	大床房，配备舒适大床，温馨静谧，适合休闲度假。	456	9105
3656	标准间	标准间，简洁整洁，设施完备，高性价比之选。	251	9106
3657	标准间	标准间，简洁整洁，设施完备，高性价比之选。	188	9107
3657	大床房	大床房，配备舒适大床，温馨静谧，适合休闲度假。	448	9108
3657	行政套房	行政套房，空间宽敞，配套齐全，尊享舒适入住体验。	642	9109
3658	大床房	大床房，配备舒适大床，温馨静谧，适合休闲度假。	464	9110
3658	行政套房	行政套房，空间宽敞，配套齐全，尊享舒适入住体验。	806	9111
3659	行政套房	行政套房，空间宽敞，配套齐全，尊享舒适入住体验。	525	9112
3659	大床房	大床房，配备舒适大床，温馨静谧，适合休闲度假。	458	9113
3659	标准间	标准间，简洁整洁，设施完备，高性价比之选。	316	9114
3660	行政套房	行政套房，空间宽敞，配套齐全，尊享舒适入住体验。	610	9115
3660	标准间	标准间，简洁整洁，设施完备，高性价比之选。	320	9116
3661	行政套房	行政套房，空间宽敞，配套齐全，尊享舒适入住体验。	858	9117
3661	标准间	标准间，简洁整洁，设施完备，高性价比之选。	295	9118
3661	大床房	大床房，配备舒适大床，温馨静谧，适合休闲度假。	402	9119
3662	行政套房	行政套房，空间宽敞，配套齐全，尊享舒适入住体验。	515	9120
3662	标准间	标准间，简洁整洁，设施完备，高性价比之选。	188	9121
3662	大床房	大床房，配备舒适大床，温馨静谧，适合休闲度假。	284	9122
3663	标准间	标准间，简洁整洁，设施完备，高性价比之选。	235	9123
3663	大床房	大床房，配备舒适大床，温馨静谧，适合休闲度假。	356	9124
3663	行政套房	行政套房，空间宽敞，配套齐全，尊享舒适入住体验。	774	9125
3664	标准间	标准间，简洁整洁，设施完备，高性价比之选。	234	9126
3664	行政套房	行政套房，空间宽敞，配套齐全，尊享舒适入住体验。	875	9127
3665	行政套房	行政套房，空间宽敞，配套齐全，尊享舒适入住体验。	657	9128
3665	标准间	标准间，简洁整洁，设施完备，高性价比之选。	217	9129
3666	大床房	大床房，配备舒适大床，温馨静谧，适合休闲度假。	295	9130
3666	标准间	标准间，简洁整洁，设施完备，高性价比之选。	259	9131
3666	行政套房	行政套房，空间宽敞，配套齐全，尊享舒适入住体验。	605	9132
3667	大床房	大床房，配备舒适大床，温馨静谧，适合休闲度假。	376	9133
3667	标准间	标准间，简洁整洁，设施完备，高性价比之选。	286	9134
3668	标准间	标准间，简洁整洁，设施完备，高性价比之选。	245	9135
3668	大床房	大床房，配备舒适大床，温馨静谧，适合休闲度假。	401	9136
3668	行政套房	行政套房，空间宽敞，配套齐全，尊享舒适入住体验。	879	9137
3669	标准间	标准间，简洁整洁，设施完备，高性价比之选。	183	9138
3669	行政套房	行政套房，空间宽敞，配套齐全，尊享舒适入住体验。	659	9139
3669	大床房	大床房，配备舒适大床，温馨静谧，适合休闲度假。	396	9140
3670	大床房	大床房，配备舒适大床，温馨静谧，适合休闲度假。	272	9141
3670	标准间	标准间，简洁整洁，设施完备，高性价比之选。	296	9142
3670	行政套房	行政套房，空间宽敞，配套齐全，尊享舒适入住体验。	640	9143
3671	标准间	标准间，简洁整洁，设施完备，高性价比之选。	303	9144
3671	大床房	大床房，配备舒适大床，温馨静谧，适合休闲度假。	457	9145
3671	行政套房	行政套房，空间宽敞，配套齐全，尊享舒适入住体验。	502	9146
3672	大床房	大床房，配备舒适大床，温馨静谧，适合休闲度假。	339	9147
3672	行政套房	行政套房，空间宽敞，配套齐全，尊享舒适入住体验。	783	9148
3672	标准间	标准间，简洁整洁，设施完备，高性价比之选。	258	9149
3673	标准间	标准间，简洁整洁，设施完备，高性价比之选。	206	9150
3673	大床房	大床房，配备舒适大床，温馨静谧，适合休闲度假。	322	9151
3674	大床房	大床房，配备舒适大床，温馨静谧，适合休闲度假。	428	9152
3674	行政套房	行政套房，空间宽敞，配套齐全，尊享舒适入住体验。	674	9153
3674	标准间	标准间，简洁整洁，设施完备，高性价比之选。	284	9154
3675	行政套房	行政套房，空间宽敞，配套齐全，尊享舒适入住体验。	742	9155
3675	标准间	标准间，简洁整洁，设施完备，高性价比之选。	287	9156
3675	大床房	大床房，配备舒适大床，温馨静谧，适合休闲度假。	316	9157
3676	大床房	大床房，配备舒适大床，温馨静谧，适合休闲度假。	300	9158
3676	标准间	标准间，简洁整洁，设施完备，高性价比之选。	256	9159
3676	行政套房	行政套房，空间宽敞，配套齐全，尊享舒适入住体验。	864	9160
3677	大床房	大床房，配备舒适大床，温馨静谧，适合休闲度假。	363	9161
3677	行政套房	行政套房，空间宽敞，配套齐全，尊享舒适入住体验。	811	9162
3678	行政套房	行政套房，空间宽敞，配套齐全，尊享舒适入住体验。	732	9163
3678	大床房	大床房，配备舒适大床，温馨静谧，适合休闲度假。	335	9164
3679	标准间	标准间，简洁整洁，设施完备，高性价比之选。	274	9165
3679	行政套房	行政套房，空间宽敞，配套齐全，尊享舒适入住体验。	799	9166
3679	大床房	大床房，配备舒适大床，温馨静谧，适合休闲度假。	283	9167
3680	行政套房	行政套房，空间宽敞，配套齐全，尊享舒适入住体验。	798	9168
3680	大床房	大床房，配备舒适大床，温馨静谧，适合休闲度假。	323	9169
3681	行政套房	行政套房，空间宽敞，配套齐全，尊享舒适入住体验。	527	9170
3681	大床房	大床房，配备舒适大床，温馨静谧，适合休闲度假。	433	9171
3682	标准间	标准间，简洁整洁，设施完备，高性价比之选。	184	9172
3682	行政套房	行政套房，空间宽敞，配套齐全，尊享舒适入住体验。	584	9173
3683	大床房	大床房，配备舒适大床，温馨静谧，适合休闲度假。	343	9174
3683	标准间	标准间，简洁整洁，设施完备，高性价比之选。	317	9175
3683	行政套房	行政套房，空间宽敞，配套齐全，尊享舒适入住体验。	528	9176
3684	行政套房	行政套房，空间宽敞，配套齐全，尊享舒适入住体验。	655	9177
3684	标准间	标准间，简洁整洁，设施完备，高性价比之选。	280	9178
3684	大床房	大床房，配备舒适大床，温馨静谧，适合休闲度假。	278	9179
3685	行政套房	行政套房，空间宽敞，配套齐全，尊享舒适入住体验。	812	9180
3685	大床房	大床房，配备舒适大床，温馨静谧，适合休闲度假。	437	9181
3685	标准间	标准间，简洁整洁，设施完备，高性价比之选。	238	9182
3686	行政套房	行政套房，空间宽敞，配套齐全，尊享舒适入住体验。	722	9183
3686	标准间	标准间，简洁整洁，设施完备，高性价比之选。	226	9184
3687	行政套房	行政套房，空间宽敞，配套齐全，尊享舒适入住体验。	480	9185
3687	标准间	标准间，简洁整洁，设施完备，高性价比之选。	307	9186
3688	标准间	标准间，简洁整洁，设施完备，高性价比之选。	245	9187
3688	大床房	大床房，配备舒适大床，温馨静谧，适合休闲度假。	300	9188
3689	标准间	标准间，简洁整洁，设施完备，高性价比之选。	205	9189
3689	行政套房	行政套房，空间宽敞，配套齐全，尊享舒适入住体验。	537	9190
3690	标准间	标准间，简洁整洁，设施完备，高性价比之选。	195	9191
3690	行政套房	行政套房，空间宽敞，配套齐全，尊享舒适入住体验。	627	9192
3691	行政套房	行政套房，空间宽敞，配套齐全，尊享舒适入住体验。	629	9193
3691	标准间	标准间，简洁整洁，设施完备，高性价比之选。	272	9194
3692	标准间	标准间，简洁整洁，设施完备，高性价比之选。	236	9195
3692	行政套房	行政套房，空间宽敞，配套齐全，尊享舒适入住体验。	687	9196
3693	大床房	大床房，配备舒适大床，温馨静谧，适合休闲度假。	344	9197
3693	行政套房	行政套房，空间宽敞，配套齐全，尊享舒适入住体验。	627	9198
3693	标准间	标准间，简洁整洁，设施完备，高性价比之选。	282	9199
3694	大床房	大床房，配备舒适大床，温馨静谧，适合休闲度假。	414	9200
3694	行政套房	行政套房，空间宽敞，配套齐全，尊享舒适入住体验。	536	9201
3694	标准间	标准间，简洁整洁，设施完备，高性价比之选。	286	9202
3695	行政套房	行政套房，空间宽敞，配套齐全，尊享舒适入住体验。	837	9203
3695	标准间	标准间，简洁整洁，设施完备，高性价比之选。	269	9204
3695	大床房	大床房，配备舒适大床，温馨静谧，适合休闲度假。	334	9205
3696	标准间	标准间，简洁整洁，设施完备，高性价比之选。	192	9206
3696	行政套房	行政套房，空间宽敞，配套齐全，尊享舒适入住体验。	833	9207
3696	大床房	大床房，配备舒适大床，温馨静谧，适合休闲度假。	308	9208
3697	行政套房	行政套房，空间宽敞，配套齐全，尊享舒适入住体验。	584	9209
3697	大床房	大床房，配备舒适大床，温馨静谧，适合休闲度假。	300	9210
3697	标准间	标准间，简洁整洁，设施完备，高性价比之选。	232	9211
3698	大床房	大床房，配备舒适大床，温馨静谧，适合休闲度假。	368	9212
3698	标准间	标准间，简洁整洁，设施完备，高性价比之选。	318	9213
3699	标准间	标准间，简洁整洁，设施完备，高性价比之选。	277	9214
3699	大床房	大床房，配备舒适大床，温馨静谧，适合休闲度假。	373	9215
3700	行政套房	行政套房，空间宽敞，配套齐全，尊享舒适入住体验。	758	9216
3700	标准间	标准间，简洁整洁，设施完备，高性价比之选。	264	9217
3701	标准间	标准间，简洁整洁，设施完备，高性价比之选。	226	9218
3701	大床房	大床房，配备舒适大床，温馨静谧，适合休闲度假。	412	9219
3702	大床房	大床房，配备舒适大床，温馨静谧，适合休闲度假。	439	9220
3702	行政套房	行政套房，空间宽敞，配套齐全，尊享舒适入住体验。	732	9221
3703	标准间	标准间，简洁整洁，设施完备，高性价比之选。	207	9222
3703	行政套房	行政套房，空间宽敞，配套齐全，尊享舒适入住体验。	539	9223
3703	大床房	大床房，配备舒适大床，温馨静谧，适合休闲度假。	340	9224
3704	行政套房	行政套房，空间宽敞，配套齐全，尊享舒适入住体验。	533	9225
3704	标准间	标准间，简洁整洁，设施完备，高性价比之选。	181	9226
3705	行政套房	行政套房，空间宽敞，配套齐全，尊享舒适入住体验。	579	9227
3705	大床房	大床房，配备舒适大床，温馨静谧，适合休闲度假。	323	9228
3706	大床房	大床房，配备舒适大床，温馨静谧，适合休闲度假。	479	9229
3706	行政套房	行政套房，空间宽敞，配套齐全，尊享舒适入住体验。	673	9230
3707	标准间	标准间，简洁整洁，设施完备，高性价比之选。	197	9231
3707	行政套房	行政套房，空间宽敞，配套齐全，尊享舒适入住体验。	831	9232
3707	大床房	大床房，配备舒适大床，温馨静谧，适合休闲度假。	384	9233
3708	行政套房	行政套房，空间宽敞，配套齐全，尊享舒适入住体验。	678	9234
3708	标准间	标准间，简洁整洁，设施完备，高性价比之选。	248	9235
3709	大床房	大床房，配备舒适大床，温馨静谧，适合休闲度假。	352	9236
3709	标准间	标准间，简洁整洁，设施完备，高性价比之选。	281	9237
3709	行政套房	行政套房，空间宽敞，配套齐全，尊享舒适入住体验。	602	9238
3710	行政套房	行政套房，空间宽敞，配套齐全，尊享舒适入住体验。	797	9239
3710	标准间	标准间，简洁整洁，设施完备，高性价比之选。	226	9240
3710	大床房	大床房，配备舒适大床，温馨静谧，适合休闲度假。	277	9241
3711	行政套房	行政套房，空间宽敞，配套齐全，尊享舒适入住体验。	577	9242
3711	标准间	标准间，简洁整洁，设施完备，高性价比之选。	182	9243
3711	大床房	大床房，配备舒适大床，温馨静谧，适合休闲度假。	386	9244
3712	行政套房	行政套房，空间宽敞，配套齐全，尊享舒适入住体验。	836	9245
3712	大床房	大床房，配备舒适大床，温馨静谧，适合休闲度假。	378	9246
3712	标准间	标准间，简洁整洁，设施完备，高性价比之选。	224	9247
3713	大床房	大床房，配备舒适大床，温馨静谧，适合休闲度假。	471	9248
3713	行政套房	行政套房，空间宽敞，配套齐全，尊享舒适入住体验。	732	9249
3713	标准间	标准间，简洁整洁，设施完备，高性价比之选。	214	9250
3714	标准间	标准间，简洁整洁，设施完备，高性价比之选。	181	9251
3714	大床房	大床房，配备舒适大床，温馨静谧，适合休闲度假。	303	9252
3714	行政套房	行政套房，空间宽敞，配套齐全，尊享舒适入住体验。	493	9253
3715	行政套房	行政套房，空间宽敞，配套齐全，尊享舒适入住体验。	507	9254
3715	标准间	标准间，简洁整洁，设施完备，高性价比之选。	293	9255
3716	行政套房	行政套房，空间宽敞，配套齐全，尊享舒适入住体验。	808	9256
3716	标准间	标准间，简洁整洁，设施完备，高性价比之选。	268	9257
3717	大床房	大床房，配备舒适大床，温馨静谧，适合休闲度假。	292	9258
3717	行政套房	行政套房，空间宽敞，配套齐全，尊享舒适入住体验。	697	9259
3717	标准间	标准间，简洁整洁，设施完备，高性价比之选。	249	9260
3718	大床房	大床房，配备舒适大床，温馨静谧，适合休闲度假。	326	9261
3718	标准间	标准间，简洁整洁，设施完备，高性价比之选。	185	9262
3719	标准间	标准间，简洁整洁，设施完备，高性价比之选。	221	9263
3719	行政套房	行政套房，空间宽敞，配套齐全，尊享舒适入住体验。	797	9264
3720	大床房	大床房，配备舒适大床，温馨静谧，适合休闲度假。	396	9265
3720	行政套房	行政套房，空间宽敞，配套齐全，尊享舒适入住体验。	482	9266
3720	标准间	标准间，简洁整洁，设施完备，高性价比之选。	314	9267
3721	行政套房	行政套房，空间宽敞，配套齐全，尊享舒适入住体验。	861	9268
3721	标准间	标准间，简洁整洁，设施完备，高性价比之选。	228	9269
3721	大床房	大床房，配备舒适大床，温馨静谧，适合休闲度假。	292	9270
3722	大床房	大床房，配备舒适大床，温馨静谧，适合休闲度假。	376	9271
3722	标准间	标准间，简洁整洁，设施完备，高性价比之选。	193	9272
3723	标准间	标准间，简洁整洁，设施完备，高性价比之选。	188	9273
3723	行政套房	行政套房，空间宽敞，配套齐全，尊享舒适入住体验。	682	9274
3724	标准间	标准间，简洁整洁，设施完备，高性价比之选。	183	9275
3724	大床房	大床房，配备舒适大床，温馨静谧，适合休闲度假。	363	9276
3724	行政套房	行政套房，空间宽敞，配套齐全，尊享舒适入住体验。	525	9277
3725	大床房	大床房，配备舒适大床，温馨静谧，适合休闲度假。	297	9278
3725	行政套房	行政套房，空间宽敞，配套齐全，尊享舒适入住体验。	796	9279
3725	标准间	标准间，简洁整洁，设施完备，高性价比之选。	303	9280
3726	标准间	标准间，简洁整洁，设施完备，高性价比之选。	222	9281
3726	行政套房	行政套房，空间宽敞，配套齐全，尊享舒适入住体验。	643	9282
3727	大床房	大床房，配备舒适大床，温馨静谧，适合休闲度假。	349	9283
3727	行政套房	行政套房，空间宽敞，配套齐全，尊享舒适入住体验。	754	9284
3727	标准间	标准间，简洁整洁，设施完备，高性价比之选。	245	9285
3728	大床房	大床房，配备舒适大床，温馨静谧，适合休闲度假。	382	9286
3728	标准间	标准间，简洁整洁，设施完备，高性价比之选。	203	9287
3728	行政套房	行政套房，空间宽敞，配套齐全，尊享舒适入住体验。	590	9288
3729	大床房	大床房，配备舒适大床，温馨静谧，适合休闲度假。	464	9289
3729	行政套房	行政套房，空间宽敞，配套齐全，尊享舒适入住体验。	635	9290
3730	大床房	大床房，配备舒适大床，温馨静谧，适合休闲度假。	390	9291
3730	行政套房	行政套房，空间宽敞，配套齐全，尊享舒适入住体验。	701	9292
3730	标准间	标准间，简洁整洁，设施完备，高性价比之选。	215	9293
3731	行政套房	行政套房，空间宽敞，配套齐全，尊享舒适入住体验。	573	9294
3731	标准间	标准间，简洁整洁，设施完备，高性价比之选。	260	9295
3731	大床房	大床房，配备舒适大床，温馨静谧，适合休闲度假。	306	9296
3732	大床房	大床房，配备舒适大床，温馨静谧，适合休闲度假。	271	9297
3732	行政套房	行政套房，空间宽敞，配套齐全，尊享舒适入住体验。	840	9298
3732	标准间	标准间，简洁整洁，设施完备，高性价比之选。	211	9299
3733	行政套房	行政套房，空间宽敞，配套齐全，尊享舒适入住体验。	637	9300
3733	标准间	标准间，简洁整洁，设施完备，高性价比之选。	181	9301
3733	大床房	大床房，配备舒适大床，温馨静谧，适合休闲度假。	299	9302
3734	行政套房	行政套房，空间宽敞，配套齐全，尊享舒适入住体验。	715	9303
3734	标准间	标准间，简洁整洁，设施完备，高性价比之选。	236	9304
3734	大床房	大床房，配备舒适大床，温馨静谧，适合休闲度假。	300	9305
3735	大床房	大床房，配备舒适大床，温馨静谧，适合休闲度假。	365	9306
3735	标准间	标准间，简洁整洁，设施完备，高性价比之选。	189	9307
3736	行政套房	行政套房，空间宽敞，配套齐全，尊享舒适入住体验。	727	9308
3736	标准间	标准间，简洁整洁，设施完备，高性价比之选。	275	9309
3737	大床房	大床房，配备舒适大床，温馨静谧，适合休闲度假。	459	9310
3737	行政套房	行政套房，空间宽敞，配套齐全，尊享舒适入住体验。	494	9311
3737	标准间	标准间，简洁整洁，设施完备，高性价比之选。	235	9312
3738	行政套房	行政套房，空间宽敞，配套齐全，尊享舒适入住体验。	637	9313
3738	大床房	大床房，配备舒适大床，温馨静谧，适合休闲度假。	279	9314
3739	标准间	标准间，简洁整洁，设施完备，高性价比之选。	250	9315
3739	行政套房	行政套房，空间宽敞，配套齐全，尊享舒适入住体验。	667	9316
3740	行政套房	行政套房，空间宽敞，配套齐全，尊享舒适入住体验。	539	9317
3740	大床房	大床房，配备舒适大床，温馨静谧，适合休闲度假。	385	9318
3740	标准间	标准间，简洁整洁，设施完备，高性价比之选。	214	9319
3741	行政套房	行政套房，空间宽敞，配套齐全，尊享舒适入住体验。	611	9320
3741	标准间	标准间，简洁整洁，设施完备，高性价比之选。	290	9321
3741	大床房	大床房，配备舒适大床，温馨静谧，适合休闲度假。	452	9322
3742	标准间	标准间，简洁整洁，设施完备，高性价比之选。	278	9323
3742	大床房	大床房，配备舒适大床，温馨静谧，适合休闲度假。	315	9324
3743	大床房	大床房，配备舒适大床，温馨静谧，适合休闲度假。	471	9325
3743	标准间	标准间，简洁整洁，设施完备，高性价比之选。	295	9326
3743	行政套房	行政套房，空间宽敞，配套齐全，尊享舒适入住体验。	658	9327
3744	行政套房	行政套房，空间宽敞，配套齐全，尊享舒适入住体验。	827	9328
3744	标准间	标准间，简洁整洁，设施完备，高性价比之选。	230	9329
3745	大床房	大床房，配备舒适大床，温馨静谧，适合休闲度假。	363	9330
3745	标准间	标准间，简洁整洁，设施完备，高性价比之选。	250	9331
3746	行政套房	行政套房，空间宽敞，配套齐全，尊享舒适入住体验。	681	9332
3746	大床房	大床房，配备舒适大床，温馨静谧，适合休闲度假。	447	9333
3746	标准间	标准间，简洁整洁，设施完备，高性价比之选。	189	9334
3747	大床房	大床房，配备舒适大床，温馨静谧，适合休闲度假。	458	9335
3747	标准间	标准间，简洁整洁，设施完备，高性价比之选。	309	9336
3747	行政套房	行政套房，空间宽敞，配套齐全，尊享舒适入住体验。	501	9337
3748	行政套房	行政套房，空间宽敞，配套齐全，尊享舒适入住体验。	791	9338
3748	标准间	标准间，简洁整洁，设施完备，高性价比之选。	190	9339
3748	大床房	大床房，配备舒适大床，温馨静谧，适合休闲度假。	471	9340
3749	大床房	大床房，配备舒适大床，温馨静谧，适合休闲度假。	270	9341
3749	标准间	标准间，简洁整洁，设施完备，高性价比之选。	271	9342
3750	标准间	标准间，简洁整洁，设施完备，高性价比之选。	273	9343
3750	行政套房	行政套房，空间宽敞，配套齐全，尊享舒适入住体验。	481	9344
3751	标准间	标准间，简洁整洁，设施完备，高性价比之选。	272	9345
3751	行政套房	行政套房，空间宽敞，配套齐全，尊享舒适入住体验。	701	9346
3752	行政套房	行政套房，空间宽敞，配套齐全，尊享舒适入住体验。	781	9347
3752	大床房	大床房，配备舒适大床，温馨静谧，适合休闲度假。	410	9348
3752	标准间	标准间，简洁整洁，设施完备，高性价比之选。	291	9349
3753	标准间	标准间，简洁整洁，设施完备，高性价比之选。	229	9350
3753	大床房	大床房，配备舒适大床，温馨静谧，适合休闲度假。	290	9351
3754	行政套房	行政套房，空间宽敞，配套齐全，尊享舒适入住体验。	611	9352
3754	大床房	大床房，配备舒适大床，温馨静谧，适合休闲度假。	354	9353
3754	标准间	标准间，简洁整洁，设施完备，高性价比之选。	247	9354
3755	大床房	大床房，配备舒适大床，温馨静谧，适合休闲度假。	435	9355
3755	行政套房	行政套房，空间宽敞，配套齐全，尊享舒适入住体验。	827	9356
3756	行政套房	行政套房，空间宽敞，配套齐全，尊享舒适入住体验。	877	9357
3756	大床房	大床房，配备舒适大床，温馨静谧，适合休闲度假。	479	9358
3756	标准间	标准间，简洁整洁，设施完备，高性价比之选。	266	9359
3757	标准间	标准间，简洁整洁，设施完备，高性价比之选。	186	9360
3757	大床房	大床房，配备舒适大床，温馨静谧，适合休闲度假。	456	9361
3758	行政套房	行政套房，空间宽敞，配套齐全，尊享舒适入住体验。	569	9362
3758	大床房	大床房，配备舒适大床，温馨静谧，适合休闲度假。	270	9363
3758	标准间	标准间，简洁整洁，设施完备，高性价比之选。	299	9364
3759	大床房	大床房，配备舒适大床，温馨静谧，适合休闲度假。	322	9365
3759	标准间	标准间，简洁整洁，设施完备，高性价比之选。	282	9366
3760	行政套房	行政套房，空间宽敞，配套齐全，尊享舒适入住体验。	827	9367
3760	标准间	标准间，简洁整洁，设施完备，高性价比之选。	245	9368
3761	标准间	标准间，简洁整洁，设施完备，高性价比之选。	181	9369
3761	行政套房	行政套房，空间宽敞，配套齐全，尊享舒适入住体验。	803	9370
3761	大床房	大床房，配备舒适大床，温馨静谧，适合休闲度假。	344	9371
3762	标准间	标准间，简洁整洁，设施完备，高性价比之选。	200	9372
3762	大床房	大床房，配备舒适大床，温馨静谧，适合休闲度假。	366	9373
3763	大床房	大床房，配备舒适大床，温馨静谧，适合休闲度假。	276	9374
3763	行政套房	行政套房，空间宽敞，配套齐全，尊享舒适入住体验。	714	9375
3763	标准间	标准间，简洁整洁，设施完备，高性价比之选。	273	9376
3764	行政套房	行政套房，空间宽敞，配套齐全，尊享舒适入住体验。	739	9377
3764	标准间	标准间，简洁整洁，设施完备，高性价比之选。	182	9378
3765	标准间	标准间，简洁整洁，设施完备，高性价比之选。	277	9379
3765	大床房	大床房，配备舒适大床，温馨静谧，适合休闲度假。	466	9380
3765	行政套房	行政套房，空间宽敞，配套齐全，尊享舒适入住体验。	679	9381
3766	标准间	标准间，简洁整洁，设施完备，高性价比之选。	269	9382
3766	大床房	大床房，配备舒适大床，温馨静谧，适合休闲度假。	463	9383
3767	大床房	大床房，配备舒适大床，温馨静谧，适合休闲度假。	315	9384
3767	行政套房	行政套房，空间宽敞，配套齐全，尊享舒适入住体验。	765	9385
3767	标准间	标准间，简洁整洁，设施完备，高性价比之选。	268	9386
3768	行政套房	行政套房，空间宽敞，配套齐全，尊享舒适入住体验。	600	9387
3768	大床房	大床房，配备舒适大床，温馨静谧，适合休闲度假。	468	9388
3768	标准间	标准间，简洁整洁，设施完备，高性价比之选。	310	9389
3769	大床房	大床房，配备舒适大床，温馨静谧，适合休闲度假。	391	9390
3769	标准间	标准间，简洁整洁，设施完备，高性价比之选。	316	9391
3770	行政套房	行政套房，空间宽敞，配套齐全，尊享舒适入住体验。	570	9392
3770	标准间	标准间，简洁整洁，设施完备，高性价比之选。	283	9393
3771	大床房	大床房，配备舒适大床，温馨静谧，适合休闲度假。	475	9394
3771	行政套房	行政套房，空间宽敞，配套齐全，尊享舒适入住体验。	670	9395
3771	标准间	标准间，简洁整洁，设施完备，高性价比之选。	273	9396
3772	行政套房	行政套房，空间宽敞，配套齐全，尊享舒适入住体验。	832	9397
3772	大床房	大床房，配备舒适大床，温馨静谧，适合休闲度假。	277	9398
3773	大床房	大床房，配备舒适大床，温馨静谧，适合休闲度假。	286	9399
3773	行政套房	行政套房，空间宽敞，配套齐全，尊享舒适入住体验。	659	9400
3773	标准间	标准间，简洁整洁，设施完备，高性价比之选。	313	9401
3774	大床房	大床房，配备舒适大床，温馨静谧，适合休闲度假。	469	9402
3774	标准间	标准间，简洁整洁，设施完备，高性价比之选。	240	9403
3775	大床房	大床房，配备舒适大床，温馨静谧，适合休闲度假。	296	9404
3775	行政套房	行政套房，空间宽敞，配套齐全，尊享舒适入住体验。	530	9405
3776	标准间	标准间，简洁整洁，设施完备，高性价比之选。	314	9406
3776	大床房	大床房，配备舒适大床，温馨静谧，适合休闲度假。	293	9407
3777	大床房	大床房，配备舒适大床，温馨静谧，适合休闲度假。	420	9408
3777	行政套房	行政套房，空间宽敞，配套齐全，尊享舒适入住体验。	747	9409
3777	标准间	标准间，简洁整洁，设施完备，高性价比之选。	238	9410
3778	标准间	标准间，简洁整洁，设施完备，高性价比之选。	209	9411
3778	行政套房	行政套房，空间宽敞，配套齐全，尊享舒适入住体验。	768	9412
3779	行政套房	行政套房，空间宽敞，配套齐全，尊享舒适入住体验。	682	9413
3779	大床房	大床房，配备舒适大床，温馨静谧，适合休闲度假。	459	9414
3780	大床房	大床房，配备舒适大床，温馨静谧，适合休闲度假。	450	9415
3780	行政套房	行政套房，空间宽敞，配套齐全，尊享舒适入住体验。	490	9416
3781	大床房	大床房，配备舒适大床，温馨静谧，适合休闲度假。	316	9417
3781	行政套房	行政套房，空间宽敞，配套齐全，尊享舒适入住体验。	749	9418
3782	大床房	大床房，配备舒适大床，温馨静谧，适合休闲度假。	390	9419
3782	标准间	标准间，简洁整洁，设施完备，高性价比之选。	195	9420
3783	行政套房	行政套房，空间宽敞，配套齐全，尊享舒适入住体验。	649	9421
3783	标准间	标准间，简洁整洁，设施完备，高性价比之选。	232	9422
3783	大床房	大床房，配备舒适大床，温馨静谧，适合休闲度假。	363	9423
3784	标准间	标准间，简洁整洁，设施完备，高性价比之选。	287	9424
3784	大床房	大床房，配备舒适大床，温馨静谧，适合休闲度假。	451	9425
3784	行政套房	行政套房，空间宽敞，配套齐全，尊享舒适入住体验。	768	9426
3785	大床房	大床房，配备舒适大床，温馨静谧，适合休闲度假。	331	9427
3785	标准间	标准间，简洁整洁，设施完备，高性价比之选。	183	9428
3786	大床房	大床房，配备舒适大床，温馨静谧，适合休闲度假。	383	9429
3786	标准间	标准间，简洁整洁，设施完备，高性价比之选。	276	9430
3787	行政套房	行政套房，空间宽敞，配套齐全，尊享舒适入住体验。	729	9431
3787	大床房	大床房，配备舒适大床，温馨静谧，适合休闲度假。	379	9432
3788	行政套房	行政套房，空间宽敞，配套齐全，尊享舒适入住体验。	541	9433
3788	大床房	大床房，配备舒适大床，温馨静谧，适合休闲度假。	322	9434
3789	标准间	标准间，简洁整洁，设施完备，高性价比之选。	292	9435
3789	大床房	大床房，配备舒适大床，温馨静谧，适合休闲度假。	393	9436
3790	标准间	标准间，简洁整洁，设施完备，高性价比之选。	202	9437
3790	行政套房	行政套房，空间宽敞，配套齐全，尊享舒适入住体验。	782	9438
3791	标准间	标准间，简洁整洁，设施完备，高性价比之选。	206	9439
3791	大床房	大床房，配备舒适大床，温馨静谧，适合休闲度假。	442	9440
3792	大床房	大床房，配备舒适大床，温馨静谧，适合休闲度假。	286	9441
3792	标准间	标准间，简洁整洁，设施完备，高性价比之选。	260	9442
3792	行政套房	行政套房，空间宽敞，配套齐全，尊享舒适入住体验。	481	9443
3793	标准间	标准间，简洁整洁，设施完备，高性价比之选。	192	9444
3793	行政套房	行政套房，空间宽敞，配套齐全，尊享舒适入住体验。	638	9445
3793	大床房	大床房，配备舒适大床，温馨静谧，适合休闲度假。	408	9446
3794	行政套房	行政套房，空间宽敞，配套齐全，尊享舒适入住体验。	735	9447
3794	标准间	标准间，简洁整洁，设施完备，高性价比之选。	225	9448
3795	行政套房	行政套房，空间宽敞，配套齐全，尊享舒适入住体验。	526	9449
3795	大床房	大床房，配备舒适大床，温馨静谧，适合休闲度假。	293	9450
3796	标准间	标准间，简洁整洁，设施完备，高性价比之选。	180	9451
3796	大床房	大床房，配备舒适大床，温馨静谧，适合休闲度假。	321	9452
3797	行政套房	行政套房，空间宽敞，配套齐全，尊享舒适入住体验。	715	9453
3797	标准间	标准间，简洁整洁，设施完备，高性价比之选。	273	9454
3797	大床房	大床房，配备舒适大床，温馨静谧，适合休闲度假。	360	9455
3798	行政套房	行政套房，空间宽敞，配套齐全，尊享舒适入住体验。	781	9456
3798	大床房	大床房，配备舒适大床，温馨静谧，适合休闲度假。	374	9457
3798	标准间	标准间，简洁整洁，设施完备，高性价比之选。	242	9458
3799	标准间	标准间，简洁整洁，设施完备，高性价比之选。	233	9459
3799	大床房	大床房，配备舒适大床，温馨静谧，适合休闲度假。	316	9460
3800	行政套房	行政套房，空间宽敞，配套齐全，尊享舒适入住体验。	539	9461
3800	标准间	标准间，简洁整洁，设施完备，高性价比之选。	311	9462
3801	行政套房	行政套房，空间宽敞，配套齐全，尊享舒适入住体验。	876	9463
3801	标准间	标准间，简洁整洁，设施完备，高性价比之选。	227	9464
3802	大床房	大床房，配备舒适大床，温馨静谧，适合休闲度假。	364	9465
3802	行政套房	行政套房，空间宽敞，配套齐全，尊享舒适入住体验。	580	9466
3802	标准间	标准间，简洁整洁，设施完备，高性价比之选。	185	9467
3803	行政套房	行政套房，空间宽敞，配套齐全，尊享舒适入住体验。	686	9468
3803	大床房	大床房，配备舒适大床，温馨静谧，适合休闲度假。	407	9469
3804	大床房	大床房，配备舒适大床，温馨静谧，适合休闲度假。	467	9470
3804	行政套房	行政套房，空间宽敞，配套齐全，尊享舒适入住体验。	535	9471
3805	行政套房	行政套房，空间宽敞，配套齐全，尊享舒适入住体验。	500	9472
3805	大床房	大床房，配备舒适大床，温馨静谧，适合休闲度假。	462	9473
3806	标准间	标准间，简洁整洁，设施完备，高性价比之选。	212	9474
3806	大床房	大床房，配备舒适大床，温馨静谧，适合休闲度假。	462	9475
3806	行政套房	行政套房，空间宽敞，配套齐全，尊享舒适入住体验。	679	9476
3807	行政套房	行政套房，空间宽敞，配套齐全，尊享舒适入住体验。	522	9477
3807	标准间	标准间，简洁整洁，设施完备，高性价比之选。	273	9478
3808	行政套房	行政套房，空间宽敞，配套齐全，尊享舒适入住体验。	761	9479
3808	标准间	标准间，简洁整洁，设施完备，高性价比之选。	221	9480
3808	大床房	大床房，配备舒适大床，温馨静谧，适合休闲度假。	455	9481
3809	标准间	标准间，简洁整洁，设施完备，高性价比之选。	280	9482
3809	行政套房	行政套房，空间宽敞，配套齐全，尊享舒适入住体验。	485	9483
3810	行政套房	行政套房，空间宽敞，配套齐全，尊享舒适入住体验。	554	9484
3810	标准间	标准间，简洁整洁，设施完备，高性价比之选。	317	9485
3810	大床房	大床房，配备舒适大床，温馨静谧，适合休闲度假。	432	9486
3811	行政套房	行政套房，空间宽敞，配套齐全，尊享舒适入住体验。	536	9487
3811	大床房	大床房，配备舒适大床，温馨静谧，适合休闲度假。	374	9488
3811	标准间	标准间，简洁整洁，设施完备，高性价比之选。	236	9489
3812	大床房	大床房，配备舒适大床，温馨静谧，适合休闲度假。	379	9490
3812	行政套房	行政套房，空间宽敞，配套齐全，尊享舒适入住体验。	638	9491
3813	行政套房	行政套房，空间宽敞，配套齐全，尊享舒适入住体验。	611	9492
3813	标准间	标准间，简洁整洁，设施完备，高性价比之选。	217	9493
3814	标准间	标准间，简洁整洁，设施完备，高性价比之选。	310	9494
3814	行政套房	行政套房，空间宽敞，配套齐全，尊享舒适入住体验。	599	9495
3815	标准间	标准间，简洁整洁，设施完备，高性价比之选。	255	9496
3815	行政套房	行政套房，空间宽敞，配套齐全，尊享舒适入住体验。	601	9497
3816	大床房	大床房，配备舒适大床，温馨静谧，适合休闲度假。	269	9498
3816	行政套房	行政套房，空间宽敞，配套齐全，尊享舒适入住体验。	752	9499
3817	标准间	标准间，简洁整洁，设施完备，高性价比之选。	249	9500
3817	行政套房	行政套房，空间宽敞，配套齐全，尊享舒适入住体验。	754	9501
3818	大床房	大床房，配备舒适大床，温馨静谧，适合休闲度假。	416	9502
3818	标准间	标准间，简洁整洁，设施完备，高性价比之选。	285	9503
3818	行政套房	行政套房，空间宽敞，配套齐全，尊享舒适入住体验。	702	9504
3819	大床房	大床房，配备舒适大床，温馨静谧，适合休闲度假。	337	9505
3819	行政套房	行政套房，空间宽敞，配套齐全，尊享舒适入住体验。	642	9506
3819	标准间	标准间，简洁整洁，设施完备，高性价比之选。	189	9507
3820	标准间	标准间，简洁整洁，设施完备，高性价比之选。	229	9508
3820	行政套房	行政套房，空间宽敞，配套齐全，尊享舒适入住体验。	505	9509
3820	大床房	大床房，配备舒适大床，温馨静谧，适合休闲度假。	261	9510
3821	标准间	标准间，简洁整洁，设施完备，高性价比之选。	262	9511
3821	大床房	大床房，配备舒适大床，温馨静谧，适合休闲度假。	269	9512
3821	行政套房	行政套房，空间宽敞，配套齐全，尊享舒适入住体验。	785	9513
3822	行政套房	行政套房，空间宽敞，配套齐全，尊享舒适入住体验。	752	9514
3822	大床房	大床房，配备舒适大床，温馨静谧，适合休闲度假。	363	9515
3822	标准间	标准间，简洁整洁，设施完备，高性价比之选。	259	9516
3823	大床房	大床房，配备舒适大床，温馨静谧，适合休闲度假。	280	9517
3823	标准间	标准间，简洁整洁，设施完备，高性价比之选。	307	9518
3824	标准间	标准间，简洁整洁，设施完备，高性价比之选。	294	9519
3824	行政套房	行政套房，空间宽敞，配套齐全，尊享舒适入住体验。	840	9520
3824	大床房	大床房，配备舒适大床，温馨静谧，适合休闲度假。	439	9521
3825	标准间	标准间，简洁整洁，设施完备，高性价比之选。	192	9522
3825	行政套房	行政套房，空间宽敞，配套齐全，尊享舒适入住体验。	480	9523
3826	行政套房	行政套房，空间宽敞，配套齐全，尊享舒适入住体验。	560	9524
3826	大床房	大床房，配备舒适大床，温馨静谧，适合休闲度假。	448	9525
3827	标准间	标准间，简洁整洁，设施完备，高性价比之选。	320	9526
3827	大床房	大床房，配备舒适大床，温馨静谧，适合休闲度假。	426	9527
3827	行政套房	行政套房，空间宽敞，配套齐全，尊享舒适入住体验。	761	9528
3828	大床房	大床房，配备舒适大床，温馨静谧，适合休闲度假。	377	9529
3828	标准间	标准间，简洁整洁，设施完备，高性价比之选。	253	9530
3829	大床房	大床房，配备舒适大床，温馨静谧，适合休闲度假。	378	9531
3829	行政套房	行政套房，空间宽敞，配套齐全，尊享舒适入住体验。	488	9532
3829	标准间	标准间，简洁整洁，设施完备，高性价比之选。	250	9533
3830	行政套房	行政套房，空间宽敞，配套齐全，尊享舒适入住体验。	716	9534
3830	大床房	大床房，配备舒适大床，温馨静谧，适合休闲度假。	474	9535
3830	标准间	标准间，简洁整洁，设施完备，高性价比之选。	183	9536
3831	标准间	标准间，简洁整洁，设施完备，高性价比之选。	257	9537
3831	行政套房	行政套房，空间宽敞，配套齐全，尊享舒适入住体验。	845	9538
3831	大床房	大床房，配备舒适大床，温馨静谧，适合休闲度假。	362	9539
3832	标准间	标准间，简洁整洁，设施完备，高性价比之选。	248	9540
3832	大床房	大床房，配备舒适大床，温馨静谧，适合休闲度假。	462	9541
3832	行政套房	行政套房，空间宽敞，配套齐全，尊享舒适入住体验。	751	9542
3833	行政套房	行政套房，空间宽敞，配套齐全，尊享舒适入住体验。	700	9543
3833	标准间	标准间，简洁整洁，设施完备，高性价比之选。	202	9544
3834	标准间	标准间，简洁整洁，设施完备，高性价比之选。	305	9545
3834	行政套房	行政套房，空间宽敞，配套齐全，尊享舒适入住体验。	526	9546
3834	大床房	大床房，配备舒适大床，温馨静谧，适合休闲度假。	412	9547
3835	标准间	标准间，简洁整洁，设施完备，高性价比之选。	282	9548
3835	大床房	大床房，配备舒适大床，温馨静谧，适合休闲度假。	427	9549
3836	标准间	标准间，简洁整洁，设施完备，高性价比之选。	277	9550
3836	大床房	大床房，配备舒适大床，温馨静谧，适合休闲度假。	406	9551
3836	行政套房	行政套房，空间宽敞，配套齐全，尊享舒适入住体验。	657	9552
3837	行政套房	行政套房，空间宽敞，配套齐全，尊享舒适入住体验。	745	9553
3837	标准间	标准间，简洁整洁，设施完备，高性价比之选。	310	9554
3838	标准间	标准间，简洁整洁，设施完备，高性价比之选。	233	9555
3838	行政套房	行政套房，空间宽敞，配套齐全，尊享舒适入住体验。	654	9556
3839	行政套房	行政套房，空间宽敞，配套齐全，尊享舒适入住体验。	542	9557
3839	大床房	大床房，配备舒适大床，温馨静谧，适合休闲度假。	454	9558
3839	标准间	标准间，简洁整洁，设施完备，高性价比之选。	231	9559
3840	大床房	大床房，配备舒适大床，温馨静谧，适合休闲度假。	287	9560
3840	行政套房	行政套房，空间宽敞，配套齐全，尊享舒适入住体验。	792	9561
3841	大床房	大床房，配备舒适大床，温馨静谧，适合休闲度假。	437	9562
3841	标准间	标准间，简洁整洁，设施完备，高性价比之选。	198	9563
3842	大床房	大床房，配备舒适大床，温馨静谧，适合休闲度假。	420	9564
3842	标准间	标准间，简洁整洁，设施完备，高性价比之选。	254	9565
3843	大床房	大床房，配备舒适大床，温馨静谧，适合休闲度假。	300	9566
3843	行政套房	行政套房，空间宽敞，配套齐全，尊享舒适入住体验。	578	9567
3844	大床房	大床房，配备舒适大床，温馨静谧，适合休闲度假。	268	9568
3844	行政套房	行政套房，空间宽敞，配套齐全，尊享舒适入住体验。	547	9569
3844	标准间	标准间，简洁整洁，设施完备，高性价比之选。	187	9570
3845	行政套房	行政套房，空间宽敞，配套齐全，尊享舒适入住体验。	790	9571
3845	标准间	标准间，简洁整洁，设施完备，高性价比之选。	274	9572
3846	标准间	标准间，简洁整洁，设施完备，高性价比之选。	319	9573
3846	大床房	大床房，配备舒适大床，温馨静谧，适合休闲度假。	320	9574
3846	行政套房	行政套房，空间宽敞，配套齐全，尊享舒适入住体验。	737	9575
3847	行政套房	行政套房，空间宽敞，配套齐全，尊享舒适入住体验。	746	9576
3847	标准间	标准间，简洁整洁，设施完备，高性价比之选。	249	9577
3848	行政套房	行政套房，空间宽敞，配套齐全，尊享舒适入住体验。	549	9578
3848	大床房	大床房，配备舒适大床，温馨静谧，适合休闲度假。	370	9579
3848	标准间	标准间，简洁整洁，设施完备，高性价比之选。	254	9580
3849	大床房	大床房，配备舒适大床，温馨静谧，适合休闲度假。	460	9581
3849	行政套房	行政套房，空间宽敞，配套齐全，尊享舒适入住体验。	591	9582
3849	标准间	标准间，简洁整洁，设施完备，高性价比之选。	256	9583
3850	大床房	大床房，配备舒适大床，温馨静谧，适合休闲度假。	470	9584
3850	行政套房	行政套房，空间宽敞，配套齐全，尊享舒适入住体验。	729	9585
3851	行政套房	行政套房，空间宽敞，配套齐全，尊享舒适入住体验。	699	9586
3851	标准间	标准间，简洁整洁，设施完备，高性价比之选。	284	9587
3852	标准间	标准间，简洁整洁，设施完备，高性价比之选。	210	9588
3852	大床房	大床房，配备舒适大床，温馨静谧，适合休闲度假。	333	9589
3853	行政套房	行政套房，空间宽敞，配套齐全，尊享舒适入住体验。	861	9590
3853	标准间	标准间，简洁整洁，设施完备，高性价比之选。	242	9591
3853	大床房	大床房，配备舒适大床，温馨静谧，适合休闲度假。	420	9592
3854	标准间	标准间，简洁整洁，设施完备，高性价比之选。	286	9593
3854	行政套房	行政套房，空间宽敞，配套齐全，尊享舒适入住体验。	663	9594
3854	大床房	大床房，配备舒适大床，温馨静谧，适合休闲度假。	432	9595
3855	标准间	标准间，简洁整洁，设施完备，高性价比之选。	266	9596
3855	行政套房	行政套房，空间宽敞，配套齐全，尊享舒适入住体验。	744	9597
3855	大床房	大床房，配备舒适大床，温馨静谧，适合休闲度假。	378	9598
3856	标准间	标准间，简洁整洁，设施完备，高性价比之选。	255	9599
3856	大床房	大床房，配备舒适大床，温馨静谧，适合休闲度假。	260	9600
3856	行政套房	行政套房，空间宽敞，配套齐全，尊享舒适入住体验。	700	9601
3857	大床房	大床房，配备舒适大床，温馨静谧，适合休闲度假。	457	9602
3857	标准间	标准间，简洁整洁，设施完备，高性价比之选。	258	9603
3857	行政套房	行政套房，空间宽敞，配套齐全，尊享舒适入住体验。	792	9604
3858	大床房	大床房，配备舒适大床，温馨静谧，适合休闲度假。	337	9605
3858	行政套房	行政套房，空间宽敞，配套齐全，尊享舒适入住体验。	575	9606
3859	行政套房	行政套房，空间宽敞，配套齐全，尊享舒适入住体验。	624	9607
3859	大床房	大床房，配备舒适大床，温馨静谧，适合休闲度假。	279	9608
3859	标准间	标准间，简洁整洁，设施完备，高性价比之选。	249	9609
3860	行政套房	行政套房，空间宽敞，配套齐全，尊享舒适入住体验。	569	9610
3860	标准间	标准间，简洁整洁，设施完备，高性价比之选。	239	9611
3860	大床房	大床房，配备舒适大床，温馨静谧，适合休闲度假。	265	9612
3861	行政套房	行政套房，空间宽敞，配套齐全，尊享舒适入住体验。	495	9613
3861	大床房	大床房，配备舒适大床，温馨静谧，适合休闲度假。	455	9614
3862	大床房	大床房，配备舒适大床，温馨静谧，适合休闲度假。	324	9615
3862	行政套房	行政套房，空间宽敞，配套齐全，尊享舒适入住体验。	511	9616
3862	标准间	标准间，简洁整洁，设施完备，高性价比之选。	305	9617
3863	大床房	大床房，配备舒适大床，温馨静谧，适合休闲度假。	300	9618
3863	行政套房	行政套房，空间宽敞，配套齐全，尊享舒适入住体验。	579	9619
3864	行政套房	行政套房，空间宽敞，配套齐全，尊享舒适入住体验。	582	9620
3864	标准间	标准间，简洁整洁，设施完备，高性价比之选。	299	9621
3864	大床房	大床房，配备舒适大床，温馨静谧，适合休闲度假。	365	9622
3865	行政套房	行政套房，空间宽敞，配套齐全，尊享舒适入住体验。	541	9623
3865	大床房	大床房，配备舒适大床，温馨静谧，适合休闲度假。	417	9624
3865	标准间	标准间，简洁整洁，设施完备，高性价比之选。	207	9625
3866	大床房	大床房，配备舒适大床，温馨静谧，适合休闲度假。	440	9626
3866	标准间	标准间，简洁整洁，设施完备，高性价比之选。	280	9627
3867	标准间	标准间，简洁整洁，设施完备，高性价比之选。	245	9628
3867	行政套房	行政套房，空间宽敞，配套齐全，尊享舒适入住体验。	798	9629
3867	大床房	大床房，配备舒适大床，温馨静谧，适合休闲度假。	331	9630
3868	标准间	标准间，简洁整洁，设施完备，高性价比之选。	203	9631
3868	行政套房	行政套房，空间宽敞，配套齐全，尊享舒适入住体验。	680	9632
3868	大床房	大床房，配备舒适大床，温馨静谧，适合休闲度假。	396	9633
3869	大床房	大床房，配备舒适大床，温馨静谧，适合休闲度假。	365	9634
3869	行政套房	行政套房，空间宽敞，配套齐全，尊享舒适入住体验。	607	9635
3870	标准间	标准间，简洁整洁，设施完备，高性价比之选。	308	9636
3870	大床房	大床房，配备舒适大床，温馨静谧，适合休闲度假。	362	9637
3870	行政套房	行政套房，空间宽敞，配套齐全，尊享舒适入住体验。	845	9638
3871	大床房	大床房，配备舒适大床，温馨静谧，适合休闲度假。	464	9639
3871	行政套房	行政套房，空间宽敞，配套齐全，尊享舒适入住体验。	822	9640
3872	行政套房	行政套房，空间宽敞，配套齐全，尊享舒适入住体验。	847	9641
3872	标准间	标准间，简洁整洁，设施完备，高性价比之选。	247	9642
3872	大床房	大床房，配备舒适大床，温馨静谧，适合休闲度假。	335	9643
3873	大床房	大床房，配备舒适大床，温馨静谧，适合休闲度假。	384	9644
3873	行政套房	行政套房，空间宽敞，配套齐全，尊享舒适入住体验。	600	9645
3874	标准间	标准间，简洁整洁，设施完备，高性价比之选。	221	9646
3874	大床房	大床房，配备舒适大床，温馨静谧，适合休闲度假。	267	9647
3875	大床房	大床房，配备舒适大床，温馨静谧，适合休闲度假。	269	9648
3875	行政套房	行政套房，空间宽敞，配套齐全，尊享舒适入住体验。	867	9649
3876	标准间	标准间，简洁整洁，设施完备，高性价比之选。	292	9650
3876	行政套房	行政套房，空间宽敞，配套齐全，尊享舒适入住体验。	769	9651
3876	大床房	大床房，配备舒适大床，温馨静谧，适合休闲度假。	268	9652
3877	标准间	标准间，简洁整洁，设施完备，高性价比之选。	300	9653
3877	行政套房	行政套房，空间宽敞，配套齐全，尊享舒适入住体验。	802	9654
3877	大床房	大床房，配备舒适大床，温馨静谧，适合休闲度假。	328	9655
3878	行政套房	行政套房，空间宽敞，配套齐全，尊享舒适入住体验。	816	9656
3878	大床房	大床房，配备舒适大床，温馨静谧，适合休闲度假。	373	9657
3878	标准间	标准间，简洁整洁，设施完备，高性价比之选。	224	9658
3879	标准间	标准间，简洁整洁，设施完备，高性价比之选。	251	9659
3879	行政套房	行政套房，空间宽敞，配套齐全，尊享舒适入住体验。	859	9660
3880	大床房	大床房，配备舒适大床，温馨静谧，适合休闲度假。	279	9661
3880	行政套房	行政套房，空间宽敞，配套齐全，尊享舒适入住体验。	830	9662
3880	标准间	标准间，简洁整洁，设施完备，高性价比之选。	217	9663
3881	标准间	标准间，简洁整洁，设施完备，高性价比之选。	216	9664
3881	大床房	大床房，配备舒适大床，温馨静谧，适合休闲度假。	318	9665
3882	大床房	大床房，配备舒适大床，温馨静谧，适合休闲度假。	276	9666
3882	标准间	标准间，简洁整洁，设施完备，高性价比之选。	272	9667
3882	行政套房	行政套房，空间宽敞，配套齐全，尊享舒适入住体验。	864	9668
3883	标准间	标准间，简洁整洁，设施完备，高性价比之选。	304	9669
3883	行政套房	行政套房，空间宽敞，配套齐全，尊享舒适入住体验。	504	9670
3884	标准间	标准间，简洁整洁，设施完备，高性价比之选。	264	9671
3884	行政套房	行政套房，空间宽敞，配套齐全，尊享舒适入住体验。	565	9672
3884	大床房	大床房，配备舒适大床，温馨静谧，适合休闲度假。	377	9673
3885	大床房	大床房，配备舒适大床，温馨静谧，适合休闲度假。	303	9674
3885	行政套房	行政套房，空间宽敞，配套齐全，尊享舒适入住体验。	493	9675
3886	标准间	标准间，简洁整洁，设施完备，高性价比之选。	224	9676
3886	大床房	大床房，配备舒适大床，温馨静谧，适合休闲度假。	341	9677
3886	行政套房	行政套房，空间宽敞，配套齐全，尊享舒适入住体验。	620	9678
3887	行政套房	行政套房，空间宽敞，配套齐全，尊享舒适入住体验。	813	9679
3887	标准间	标准间，简洁整洁，设施完备，高性价比之选。	317	9680
3887	大床房	大床房，配备舒适大床，温馨静谧，适合休闲度假。	352	9681
3888	行政套房	行政套房，空间宽敞，配套齐全，尊享舒适入住体验。	850	9682
3888	标准间	标准间，简洁整洁，设施完备，高性价比之选。	266	9683
3889	大床房	大床房，配备舒适大床，温馨静谧，适合休闲度假。	271	9684
3889	标准间	标准间，简洁整洁，设施完备，高性价比之选。	304	9685
3889	行政套房	行政套房，空间宽敞，配套齐全，尊享舒适入住体验。	580	9686
3890	标准间	标准间，简洁整洁，设施完备，高性价比之选。	262	9687
3890	行政套房	行政套房，空间宽敞，配套齐全，尊享舒适入住体验。	605	9688
3891	大床房	大床房，配备舒适大床，温馨静谧，适合休闲度假。	422	9689
3891	标准间	标准间，简洁整洁，设施完备，高性价比之选。	299	9690
3892	标准间	标准间，简洁整洁，设施完备，高性价比之选。	254	9691
3892	大床房	大床房，配备舒适大床，温馨静谧，适合休闲度假。	406	9692
3893	标准间	标准间，简洁整洁，设施完备，高性价比之选。	229	9693
3893	大床房	大床房，配备舒适大床，温馨静谧，适合休闲度假。	320	9694
3893	行政套房	行政套房，空间宽敞，配套齐全，尊享舒适入住体验。	586	9695
3894	大床房	大床房，配备舒适大床，温馨静谧，适合休闲度假。	430	9696
3894	标准间	标准间，简洁整洁，设施完备，高性价比之选。	281	9697
3894	行政套房	行政套房，空间宽敞，配套齐全，尊享舒适入住体验。	776	9698
3895	标准间	标准间，简洁整洁，设施完备，高性价比之选。	223	9699
3895	大床房	大床房，配备舒适大床，温馨静谧，适合休闲度假。	387	9700
3896	行政套房	行政套房，空间宽敞，配套齐全，尊享舒适入住体验。	667	9701
3896	大床房	大床房，配备舒适大床，温馨静谧，适合休闲度假。	396	9702
3897	行政套房	行政套房，空间宽敞，配套齐全，尊享舒适入住体验。	770	9703
3897	大床房	大床房，配备舒适大床，温馨静谧，适合休闲度假。	283	9704
3898	行政套房	行政套房，空间宽敞，配套齐全，尊享舒适入住体验。	804	9705
3898	大床房	大床房，配备舒适大床，温馨静谧，适合休闲度假。	401	9706
3898	标准间	标准间，简洁整洁，设施完备，高性价比之选。	309	9707
3899	大床房	大床房，配备舒适大床，温馨静谧，适合休闲度假。	440	9708
3899	标准间	标准间，简洁整洁，设施完备，高性价比之选。	222	9709
3900	行政套房	行政套房，空间宽敞，配套齐全，尊享舒适入住体验。	833	9710
3900	标准间	标准间，简洁整洁，设施完备，高性价比之选。	314	9711
3900	大床房	大床房，配备舒适大床，温馨静谧，适合休闲度假。	472	9712
3901	标准间	标准间，简洁整洁，设施完备，高性价比之选。	183	9713
3901	行政套房	行政套房，空间宽敞，配套齐全，尊享舒适入住体验。	694	9714
3902	大床房	大床房，配备舒适大床，温馨静谧，适合休闲度假。	298	9715
3902	行政套房	行政套房，空间宽敞，配套齐全，尊享舒适入住体验。	631	9716
3903	标准间	标准间，简洁整洁，设施完备，高性价比之选。	272	9717
3903	行政套房	行政套房，空间宽敞，配套齐全，尊享舒适入住体验。	492	9718
3904	行政套房	行政套房，空间宽敞，配套齐全，尊享舒适入住体验。	497	9719
3904	大床房	大床房，配备舒适大床，温馨静谧，适合休闲度假。	363	9720
3904	标准间	标准间，简洁整洁，设施完备，高性价比之选。	204	9721
3905	大床房	大床房，配备舒适大床，温馨静谧，适合休闲度假。	297	9722
3905	行政套房	行政套房，空间宽敞，配套齐全，尊享舒适入住体验。	879	9723
3906	标准间	标准间，简洁整洁，设施完备，高性价比之选。	311	9724
3906	大床房	大床房，配备舒适大床，温馨静谧，适合休闲度假。	420	9725
3906	行政套房	行政套房，空间宽敞，配套齐全，尊享舒适入住体验。	551	9726
3907	标准间	标准间，简洁整洁，设施完备，高性价比之选。	218	9727
3907	行政套房	行政套房，空间宽敞，配套齐全，尊享舒适入住体验。	626	9728
3907	大床房	大床房，配备舒适大床，温馨静谧，适合休闲度假。	264	9729
3908	标准间	标准间，简洁整洁，设施完备，高性价比之选。	244	9730
3908	大床房	大床房，配备舒适大床，温馨静谧，适合休闲度假。	380	9731
3908	行政套房	行政套房，空间宽敞，配套齐全，尊享舒适入住体验。	747	9732
3909	行政套房	行政套房，空间宽敞，配套齐全，尊享舒适入住体验。	767	9733
3909	标准间	标准间，简洁整洁，设施完备，高性价比之选。	203	9734
3910	行政套房	行政套房，空间宽敞，配套齐全，尊享舒适入住体验。	487	9735
3910	标准间	标准间，简洁整洁，设施完备，高性价比之选。	258	9736
3910	大床房	大床房，配备舒适大床，温馨静谧，适合休闲度假。	457	9737
3911	标准间	标准间，简洁整洁，设施完备，高性价比之选。	283	9738
3911	行政套房	行政套房，空间宽敞，配套齐全，尊享舒适入住体验。	696	9739
3911	大床房	大床房，配备舒适大床，温馨静谧，适合休闲度假。	387	9740
3912	标准间	标准间，简洁整洁，设施完备，高性价比之选。	190	9741
3912	行政套房	行政套房，空间宽敞，配套齐全，尊享舒适入住体验。	818	9742
3913	行政套房	行政套房，空间宽敞，配套齐全，尊享舒适入住体验。	593	9743
3913	标准间	标准间，简洁整洁，设施完备，高性价比之选。	183	9744
3914	行政套房	行政套房，空间宽敞，配套齐全，尊享舒适入住体验。	814	9745
3914	大床房	大床房，配备舒适大床，温馨静谧，适合休闲度假。	260	9746
3914	标准间	标准间，简洁整洁，设施完备，高性价比之选。	309	9747
3915	行政套房	行政套房，空间宽敞，配套齐全，尊享舒适入住体验。	542	9748
3915	大床房	大床房，配备舒适大床，温馨静谧，适合休闲度假。	260	9749
3915	标准间	标准间，简洁整洁，设施完备，高性价比之选。	263	9750
3916	标准间	标准间，简洁整洁，设施完备，高性价比之选。	303	9751
3916	行政套房	行政套房，空间宽敞，配套齐全，尊享舒适入住体验。	615	9752
3917	行政套房	行政套房，空间宽敞，配套齐全，尊享舒适入住体验。	569	9753
3917	大床房	大床房，配备舒适大床，温馨静谧，适合休闲度假。	271	9754
3917	标准间	标准间，简洁整洁，设施完备，高性价比之选。	310	9755
3918	标准间	标准间，简洁整洁，设施完备，高性价比之选。	180	9756
3918	大床房	大床房，配备舒适大床，温馨静谧，适合休闲度假。	362	9757
3919	标准间	标准间，简洁整洁，设施完备，高性价比之选。	320	9758
3919	大床房	大床房，配备舒适大床，温馨静谧，适合休闲度假。	421	9759
3919	行政套房	行政套房，空间宽敞，配套齐全，尊享舒适入住体验。	738	9760
3920	行政套房	行政套房，空间宽敞，配套齐全，尊享舒适入住体验。	847	9761
3920	标准间	标准间，简洁整洁，设施完备，高性价比之选。	180	9762
3921	大床房	大床房，配备舒适大床，温馨静谧，适合休闲度假。	266	9763
3921	标准间	标准间，简洁整洁，设施完备，高性价比之选。	250	9764
3921	行政套房	行政套房，空间宽敞，配套齐全，尊享舒适入住体验。	629	9765
3922	标准间	标准间，简洁整洁，设施完备，高性价比之选。	258	9766
3922	大床房	大床房，配备舒适大床，温馨静谧，适合休闲度假。	427	9767
3923	标准间	标准间，简洁整洁，设施完备，高性价比之选。	316	9768
3923	大床房	大床房，配备舒适大床，温馨静谧，适合休闲度假。	346	9769
3924	大床房	大床房，配备舒适大床，温馨静谧，适合休闲度假。	325	9770
3924	行政套房	行政套房，空间宽敞，配套齐全，尊享舒适入住体验。	513	9771
3924	标准间	标准间，简洁整洁，设施完备，高性价比之选。	248	9772
3925	大床房	大床房，配备舒适大床，温馨静谧，适合休闲度假。	368	9773
3925	标准间	标准间，简洁整洁，设施完备，高性价比之选。	253	9774
3926	大床房	大床房，配备舒适大床，温馨静谧，适合休闲度假。	321	9775
3926	标准间	标准间，简洁整洁，设施完备，高性价比之选。	232	9776
3926	行政套房	行政套房，空间宽敞，配套齐全，尊享舒适入住体验。	484	9777
3927	大床房	大床房，配备舒适大床，温馨静谧，适合休闲度假。	447	9778
3927	行政套房	行政套房，空间宽敞，配套齐全，尊享舒适入住体验。	486	9779
3928	标准间	标准间，简洁整洁，设施完备，高性价比之选。	319	9780
3928	大床房	大床房，配备舒适大床，温馨静谧，适合休闲度假。	269	9781
3928	行政套房	行政套房，空间宽敞，配套齐全，尊享舒适入住体验。	483	9782
3929	行政套房	行政套房，空间宽敞，配套齐全，尊享舒适入住体验。	708	9783
3929	大床房	大床房，配备舒适大床，温馨静谧，适合休闲度假。	464	9784
3929	标准间	标准间，简洁整洁，设施完备，高性价比之选。	276	9785
3930	标准间	标准间，简洁整洁，设施完备，高性价比之选。	180	9786
3930	行政套房	行政套房，空间宽敞，配套齐全，尊享舒适入住体验。	534	9787
3930	大床房	大床房，配备舒适大床，温馨静谧，适合休闲度假。	280	9788
3931	大床房	大床房，配备舒适大床，温馨静谧，适合休闲度假。	405	9789
3931	标准间	标准间，简洁整洁，设施完备，高性价比之选。	294	9790
3932	标准间	标准间，简洁整洁，设施完备，高性价比之选。	294	9791
3932	大床房	大床房，配备舒适大床，温馨静谧，适合休闲度假。	407	9792
3932	行政套房	行政套房，空间宽敞，配套齐全，尊享舒适入住体验。	848	9793
3933	大床房	大床房，配备舒适大床，温馨静谧，适合休闲度假。	402	9794
3933	标准间	标准间，简洁整洁，设施完备，高性价比之选。	207	9795
3933	行政套房	行政套房，空间宽敞，配套齐全，尊享舒适入住体验。	532	9796
3934	大床房	大床房，配备舒适大床，温馨静谧，适合休闲度假。	467	9797
3934	行政套房	行政套房，空间宽敞，配套齐全，尊享舒适入住体验。	645	9798
3934	标准间	标准间，简洁整洁，设施完备，高性价比之选。	276	9799
3935	行政套房	行政套房，空间宽敞，配套齐全，尊享舒适入住体验。	747	9800
3935	标准间	标准间，简洁整洁，设施完备，高性价比之选。	214	9801
3936	行政套房	行政套房，空间宽敞，配套齐全，尊享舒适入住体验。	708	9802
3936	标准间	标准间，简洁整洁，设施完备，高性价比之选。	184	9803
3936	大床房	大床房，配备舒适大床，温馨静谧，适合休闲度假。	436	9804
3937	标准间	标准间，简洁整洁，设施完备，高性价比之选。	247	9805
3937	行政套房	行政套房，空间宽敞，配套齐全，尊享舒适入住体验。	669	9806
3938	大床房	大床房，配备舒适大床，温馨静谧，适合休闲度假。	388	9807
3938	行政套房	行政套房，空间宽敞，配套齐全，尊享舒适入住体验。	573	9808
3939	大床房	大床房，配备舒适大床，温馨静谧，适合休闲度假。	472	9809
3939	标准间	标准间，简洁整洁，设施完备，高性价比之选。	206	9810
3940	大床房	大床房，配备舒适大床，温馨静谧，适合休闲度假。	463	9811
3940	行政套房	行政套房，空间宽敞，配套齐全，尊享舒适入住体验。	706	9812
3940	标准间	标准间，简洁整洁，设施完备，高性价比之选。	236	9813
3941	标准间	标准间，简洁整洁，设施完备，高性价比之选。	206	9814
3941	行政套房	行政套房，空间宽敞，配套齐全，尊享舒适入住体验。	501	9815
3942	大床房	大床房，配备舒适大床，温馨静谧，适合休闲度假。	361	9816
3942	标准间	标准间，简洁整洁，设施完备，高性价比之选。	316	9817
3942	行政套房	行政套房，空间宽敞，配套齐全，尊享舒适入住体验。	627	9818
3943	标准间	标准间，简洁整洁，设施完备，高性价比之选。	264	9819
3943	大床房	大床房，配备舒适大床，温馨静谧，适合休闲度假。	354	9820
3944	大床房	大床房，配备舒适大床，温馨静谧，适合休闲度假。	264	9821
3944	标准间	标准间，简洁整洁，设施完备，高性价比之选。	268	9822
3945	标准间	标准间，简洁整洁，设施完备，高性价比之选。	273	9823
3945	行政套房	行政套房，空间宽敞，配套齐全，尊享舒适入住体验。	574	9824
3945	大床房	大床房，配备舒适大床，温馨静谧，适合休闲度假。	292	9825
3946	行政套房	行政套房，空间宽敞，配套齐全，尊享舒适入住体验。	845	9826
3946	大床房	大床房，配备舒适大床，温馨静谧，适合休闲度假。	466	9827
3947	标准间	标准间，简洁整洁，设施完备，高性价比之选。	226	9828
3947	行政套房	行政套房，空间宽敞，配套齐全，尊享舒适入住体验。	519	9829
3948	行政套房	行政套房，空间宽敞，配套齐全，尊享舒适入住体验。	717	9830
3948	大床房	大床房，配备舒适大床，温馨静谧，适合休闲度假。	419	9831
3948	标准间	标准间，简洁整洁，设施完备，高性价比之选。	266	9832
3949	大床房	大床房，配备舒适大床，温馨静谧，适合休闲度假。	392	9833
3949	标准间	标准间，简洁整洁，设施完备，高性价比之选。	265	9834
3950	大床房	大床房，配备舒适大床，温馨静谧，适合休闲度假。	357	9835
3950	标准间	标准间，简洁整洁，设施完备，高性价比之选。	256	9836
3950	行政套房	行政套房，空间宽敞，配套齐全，尊享舒适入住体验。	840	9837
3951	标准间	标准间，简洁整洁，设施完备，高性价比之选。	292	9838
3951	行政套房	行政套房，空间宽敞，配套齐全，尊享舒适入住体验。	651	9839
3952	行政套房	行政套房，空间宽敞，配套齐全，尊享舒适入住体验。	840	9840
3952	标准间	标准间，简洁整洁，设施完备，高性价比之选。	256	9841
3953	大床房	大床房，配备舒适大床，温馨静谧，适合休闲度假。	312	9842
3953	行政套房	行政套房，空间宽敞，配套齐全，尊享舒适入住体验。	553	9843
3953	标准间	标准间，简洁整洁，设施完备，高性价比之选。	234	9844
3954	标准间	标准间，简洁整洁，设施完备，高性价比之选。	318	9845
3954	大床房	大床房，配备舒适大床，温馨静谧，适合休闲度假。	275	9846
3955	行政套房	行政套房，空间宽敞，配套齐全，尊享舒适入住体验。	534	9847
3955	标准间	标准间，简洁整洁，设施完备，高性价比之选。	279	9848
3955	大床房	大床房，配备舒适大床，温馨静谧，适合休闲度假。	401	9849
3956	标准间	标准间，简洁整洁，设施完备，高性价比之选。	197	9850
3956	行政套房	行政套房，空间宽敞，配套齐全，尊享舒适入住体验。	502	9851
3956	大床房	大床房，配备舒适大床，温馨静谧，适合休闲度假。	341	9852
3957	行政套房	行政套房，空间宽敞，配套齐全，尊享舒适入住体验。	624	9853
3957	大床房	大床房，配备舒适大床，温馨静谧，适合休闲度假。	476	9854
3957	标准间	标准间，简洁整洁，设施完备，高性价比之选。	180	9855
3958	大床房	大床房，配备舒适大床，温馨静谧，适合休闲度假。	303	9856
3958	行政套房	行政套房，空间宽敞，配套齐全，尊享舒适入住体验。	528	9857
3958	标准间	标准间，简洁整洁，设施完备，高性价比之选。	190	9858
3959	标准间	标准间，简洁整洁，设施完备，高性价比之选。	273	9859
3959	大床房	大床房，配备舒适大床，温馨静谧，适合休闲度假。	304	9860
3960	标准间	标准间，简洁整洁，设施完备，高性价比之选。	239	9861
3960	行政套房	行政套房，空间宽敞，配套齐全，尊享舒适入住体验。	683	9862
3960	大床房	大床房，配备舒适大床，温馨静谧，适合休闲度假。	437	9863
3961	标准间	标准间，简洁整洁，设施完备，高性价比之选。	261	9864
3961	大床房	大床房，配备舒适大床，温馨静谧，适合休闲度假。	286	9865
3961	行政套房	行政套房，空间宽敞，配套齐全，尊享舒适入住体验。	870	9866
3962	大床房	大床房，配备舒适大床，温馨静谧，适合休闲度假。	326	9867
3962	标准间	标准间，简洁整洁，设施完备，高性价比之选。	251	9868
3963	大床房	大床房，配备舒适大床，温馨静谧，适合休闲度假。	413	9869
3963	标准间	标准间，简洁整洁，设施完备，高性价比之选。	200	9870
3964	标准间	标准间，简洁整洁，设施完备，高性价比之选。	198	9871
3964	行政套房	行政套房，空间宽敞，配套齐全，尊享舒适入住体验。	496	9872
3965	行政套房	行政套房，空间宽敞，配套齐全，尊享舒适入住体验。	663	9873
3965	标准间	标准间，简洁整洁，设施完备，高性价比之选。	195	9874
3965	大床房	大床房，配备舒适大床，温馨静谧，适合休闲度假。	283	9875
3966	大床房	大床房，配备舒适大床，温馨静谧，适合休闲度假。	318	9876
3966	行政套房	行政套房，空间宽敞，配套齐全，尊享舒适入住体验。	778	9877
3967	标准间	标准间，简洁整洁，设施完备，高性价比之选。	254	9878
3967	行政套房	行政套房，空间宽敞，配套齐全，尊享舒适入住体验。	880	9879
3967	大床房	大床房，配备舒适大床，温馨静谧，适合休闲度假。	267	9880
3968	大床房	大床房，配备舒适大床，温馨静谧，适合休闲度假。	440	9881
3968	行政套房	行政套房，空间宽敞，配套齐全，尊享舒适入住体验。	825	9882
3968	标准间	标准间，简洁整洁，设施完备，高性价比之选。	263	9883
3969	标准间	标准间，简洁整洁，设施完备，高性价比之选。	256	9884
3969	行政套房	行政套房，空间宽敞，配套齐全，尊享舒适入住体验。	486	9885
3970	标准间	标准间，简洁整洁，设施完备，高性价比之选。	268	9886
3970	大床房	大床房，配备舒适大床，温馨静谧，适合休闲度假。	451	9887
3970	行政套房	行政套房，空间宽敞，配套齐全，尊享舒适入住体验。	808	9888
3971	大床房	大床房，配备舒适大床，温馨静谧，适合休闲度假。	386	9889
3971	行政套房	行政套房，空间宽敞，配套齐全，尊享舒适入住体验。	533	9890
3971	标准间	标准间，简洁整洁，设施完备，高性价比之选。	220	9891
3972	行政套房	行政套房，空间宽敞，配套齐全，尊享舒适入住体验。	656	9892
3972	标准间	标准间，简洁整洁，设施完备，高性价比之选。	223	9893
3973	大床房	大床房，配备舒适大床，温馨静谧，适合休闲度假。	370	9894
3973	标准间	标准间，简洁整洁，设施完备，高性价比之选。	247	9895
3973	行政套房	行政套房，空间宽敞，配套齐全，尊享舒适入住体验。	826	9896
3974	标准间	标准间，简洁整洁，设施完备，高性价比之选。	187	9897
3974	行政套房	行政套房，空间宽敞，配套齐全，尊享舒适入住体验。	614	9898
3974	大床房	大床房，配备舒适大床，温馨静谧，适合休闲度假。	334	9899
3975	行政套房	行政套房，空间宽敞，配套齐全，尊享舒适入住体验。	567	9900
3975	大床房	大床房，配备舒适大床，温馨静谧，适合休闲度假。	419	9901
3976	行政套房	行政套房，空间宽敞，配套齐全，尊享舒适入住体验。	582	9902
3976	标准间	标准间，简洁整洁，设施完备，高性价比之选。	228	9903
3976	大床房	大床房，配备舒适大床，温馨静谧，适合休闲度假。	275	9904
3977	大床房	大床房，配备舒适大床，温馨静谧，适合休闲度假。	445	9905
3977	行政套房	行政套房，空间宽敞，配套齐全，尊享舒适入住体验。	816	9906
3977	标准间	标准间，简洁整洁，设施完备，高性价比之选。	238	9907
3978	大床房	大床房，配备舒适大床，温馨静谧，适合休闲度假。	285	9908
3978	标准间	标准间，简洁整洁，设施完备，高性价比之选。	186	9909
3978	行政套房	行政套房，空间宽敞，配套齐全，尊享舒适入住体验。	700	9910
3979	大床房	大床房，配备舒适大床，温馨静谧，适合休闲度假。	285	9911
3979	行政套房	行政套房，空间宽敞，配套齐全，尊享舒适入住体验。	561	9912
3979	标准间	标准间，简洁整洁，设施完备，高性价比之选。	224	9913
3980	标准间	标准间，简洁整洁，设施完备，高性价比之选。	194	9914
3980	行政套房	行政套房，空间宽敞，配套齐全，尊享舒适入住体验。	503	9915
3981	标准间	标准间，简洁整洁，设施完备，高性价比之选。	299	9916
3981	行政套房	行政套房，空间宽敞，配套齐全，尊享舒适入住体验。	839	9917
3981	大床房	大床房，配备舒适大床，温馨静谧，适合休闲度假。	411	9918
3982	标准间	标准间，简洁整洁，设施完备，高性价比之选。	265	9919
3982	行政套房	行政套房，空间宽敞，配套齐全，尊享舒适入住体验。	604	9920
3983	大床房	大床房，配备舒适大床，温馨静谧，适合休闲度假。	443	9921
3983	标准间	标准间，简洁整洁，设施完备，高性价比之选。	303	9922
3983	行政套房	行政套房，空间宽敞，配套齐全，尊享舒适入住体验。	830	9923
3984	标准间	标准间，简洁整洁，设施完备，高性价比之选。	195	9924
3984	大床房	大床房，配备舒适大床，温馨静谧，适合休闲度假。	337	9925
3985	大床房	大床房，配备舒适大床，温馨静谧，适合休闲度假。	282	9926
3985	行政套房	行政套房，空间宽敞，配套齐全，尊享舒适入住体验。	779	9927
3986	行政套房	行政套房，空间宽敞，配套齐全，尊享舒适入住体验。	628	9928
3986	标准间	标准间，简洁整洁，设施完备，高性价比之选。	302	9929
3987	行政套房	行政套房，空间宽敞，配套齐全，尊享舒适入住体验。	782	9930
3987	标准间	标准间，简洁整洁，设施完备，高性价比之选。	284	9931
3987	大床房	大床房，配备舒适大床，温馨静谧，适合休闲度假。	321	9932
3988	标准间	标准间，简洁整洁，设施完备，高性价比之选。	286	9933
3988	大床房	大床房，配备舒适大床，温馨静谧，适合休闲度假。	316	9934
3988	行政套房	行政套房，空间宽敞，配套齐全，尊享舒适入住体验。	506	9935
3989	大床房	大床房，配备舒适大床，温馨静谧，适合休闲度假。	349	9936
3989	标准间	标准间，简洁整洁，设施完备，高性价比之选。	314	9937
3989	行政套房	行政套房，空间宽敞，配套齐全，尊享舒适入住体验。	637	9938
3990	大床房	大床房，配备舒适大床，温馨静谧，适合休闲度假。	315	9939
3990	行政套房	行政套房，空间宽敞，配套齐全，尊享舒适入住体验。	669	9940
3991	标准间	标准间，简洁整洁，设施完备，高性价比之选。	261	9941
3991	行政套房	行政套房，空间宽敞，配套齐全，尊享舒适入住体验。	617	9942
3992	大床房	大床房，配备舒适大床，温馨静谧，适合休闲度假。	426	9943
3992	标准间	标准间，简洁整洁，设施完备，高性价比之选。	284	9944
3992	行政套房	行政套房，空间宽敞，配套齐全，尊享舒适入住体验。	619	9945
3993	大床房	大床房，配备舒适大床，温馨静谧，适合休闲度假。	430	9946
3993	行政套房	行政套房，空间宽敞，配套齐全，尊享舒适入住体验。	540	9947
3994	大床房	大床房，配备舒适大床，温馨静谧，适合休闲度假。	269	9948
3994	行政套房	行政套房，空间宽敞，配套齐全，尊享舒适入住体验。	810	9949
3995	标准间	标准间，简洁整洁，设施完备，高性价比之选。	286	9950
3995	大床房	大床房，配备舒适大床，温馨静谧，适合休闲度假。	337	9951
3995	行政套房	行政套房，空间宽敞，配套齐全，尊享舒适入住体验。	510	9952
3996	标准间	标准间，简洁整洁，设施完备，高性价比之选。	295	9953
3996	大床房	大床房，配备舒适大床，温馨静谧，适合休闲度假。	465	9954
3997	行政套房	行政套房，空间宽敞，配套齐全，尊享舒适入住体验。	604	9955
3997	大床房	大床房，配备舒适大床，温馨静谧，适合休闲度假。	422	9956
3998	行政套房	行政套房，空间宽敞，配套齐全，尊享舒适入住体验。	593	9957
3998	标准间	标准间，简洁整洁，设施完备，高性价比之选。	272	9958
3998	大床房	大床房，配备舒适大床，温馨静谧，适合休闲度假。	399	9959
3999	行政套房	行政套房，空间宽敞，配套齐全，尊享舒适入住体验。	602	9960
3999	大床房	大床房，配备舒适大床，温馨静谧，适合休闲度假。	341	9961
3999	标准间	标准间，简洁整洁，设施完备，高性价比之选。	197	9962
4000	行政套房	行政套房，空间宽敞，配套齐全，尊享舒适入住体验。	689	9963
4000	大床房	大床房，配备舒适大床，温馨静谧，适合休闲度假。	304	9964
4001	标准间	标准间，简洁整洁，设施完备，高性价比之选。	280	9965
4001	行政套房	行政套房，空间宽敞，配套齐全，尊享舒适入住体验。	641	9966
4001	大床房	大床房，配备舒适大床，温馨静谧，适合休闲度假。	446	9967
4002	标准间	标准间，简洁整洁，设施完备，高性价比之选。	257	9968
4002	大床房	大床房，配备舒适大床，温馨静谧，适合休闲度假。	407	9969
4002	行政套房	行政套房，空间宽敞，配套齐全，尊享舒适入住体验。	598	9970
4003	大床房	大床房，配备舒适大床，温馨静谧，适合休闲度假。	404	9971
4003	行政套房	行政套房，空间宽敞，配套齐全，尊享舒适入住体验。	490	9972
4004	行政套房	行政套房，空间宽敞，配套齐全，尊享舒适入住体验。	710	9973
4004	大床房	大床房，配备舒适大床，温馨静谧，适合休闲度假。	316	9974
4005	标准间	标准间，简洁整洁，设施完备，高性价比之选。	238	9975
4005	行政套房	行政套房，空间宽敞，配套齐全，尊享舒适入住体验。	715	9976
4006	大床房	大床房，配备舒适大床，温馨静谧，适合休闲度假。	267	9977
4006	标准间	标准间，简洁整洁，设施完备，高性价比之选。	318	9978
4007	标准间	标准间，简洁整洁，设施完备，高性价比之选。	292	9979
4007	行政套房	行政套房，空间宽敞，配套齐全，尊享舒适入住体验。	819	9980
4008	大床房	大床房，配备舒适大床，温馨静谧，适合休闲度假。	422	9981
4008	行政套房	行政套房，空间宽敞，配套齐全，尊享舒适入住体验。	876	9982
4009	标准间	标准间，简洁整洁，设施完备，高性价比之选。	202	9983
4009	大床房	大床房，配备舒适大床，温馨静谧，适合休闲度假。	428	9984
4010	行政套房	行政套房，空间宽敞，配套齐全，尊享舒适入住体验。	613	9985
4010	大床房	大床房，配备舒适大床，温馨静谧，适合休闲度假。	329	9986
4010	标准间	标准间，简洁整洁，设施完备，高性价比之选。	281	9987
4011	标准间	标准间，简洁整洁，设施完备，高性价比之选。	275	9988
4011	大床房	大床房，配备舒适大床，温馨静谧，适合休闲度假。	343	9989
4011	行政套房	行政套房，空间宽敞，配套齐全，尊享舒适入住体验。	615	9990
4012	行政套房	行政套房，空间宽敞，配套齐全，尊享舒适入住体验。	490	9991
4012	标准间	标准间，简洁整洁，设施完备，高性价比之选。	309	9992
4013	行政套房	行政套房，空间宽敞，配套齐全，尊享舒适入住体验。	648	9993
4013	标准间	标准间，简洁整洁，设施完备，高性价比之选。	229	9994
4014	大床房	大床房，配备舒适大床，温馨静谧，适合休闲度假。	468	9995
4014	行政套房	行政套房，空间宽敞，配套齐全，尊享舒适入住体验。	557	9996
4014	标准间	标准间，简洁整洁，设施完备，高性价比之选。	243	9997
4015	行政套房	行政套房，空间宽敞，配套齐全，尊享舒适入住体验。	547	9998
4015	大床房	大床房，配备舒适大床，温馨静谧，适合休闲度假。	283	9999
4015	标准间	标准间，简洁整洁，设施完备，高性价比之选。	203	10000
4016	行政套房	行政套房，空间宽敞，配套齐全，尊享舒适入住体验。	497	10001
4016	大床房	大床房，配备舒适大床，温馨静谧，适合休闲度假。	452	10002
4016	标准间	标准间，简洁整洁，设施完备，高性价比之选。	278	10003
4017	标准间	标准间，简洁整洁，设施完备，高性价比之选。	208	10004
4017	行政套房	行政套房，空间宽敞，配套齐全，尊享舒适入住体验。	806	10005
4017	大床房	大床房，配备舒适大床，温馨静谧，适合休闲度假。	300	10006
4018	标准间	标准间，简洁整洁，设施完备，高性价比之选。	217	10007
4018	大床房	大床房，配备舒适大床，温馨静谧，适合休闲度假。	409	10008
4019	大床房	大床房，配备舒适大床，温馨静谧，适合休闲度假。	283	10009
4019	行政套房	行政套房，空间宽敞，配套齐全，尊享舒适入住体验。	801	10010
4019	标准间	标准间，简洁整洁，设施完备，高性价比之选。	187	10011
4020	行政套房	行政套房，空间宽敞，配套齐全，尊享舒适入住体验。	801	10012
4020	大床房	大床房，配备舒适大床，温馨静谧，适合休闲度假。	403	10013
4021	大床房	大床房，配备舒适大床，温馨静谧，适合休闲度假。	402	10014
4021	行政套房	行政套房，空间宽敞，配套齐全，尊享舒适入住体验。	805	10015
4021	标准间	标准间，简洁整洁，设施完备，高性价比之选。	180	10016
4022	行政套房	行政套房，空间宽敞，配套齐全，尊享舒适入住体验。	620	10017
4022	标准间	标准间，简洁整洁，设施完备，高性价比之选。	249	10018
4023	行政套房	行政套房，空间宽敞，配套齐全，尊享舒适入住体验。	853	10019
4023	标准间	标准间，简洁整洁，设施完备，高性价比之选。	229	10020
4023	大床房	大床房，配备舒适大床，温馨静谧，适合休闲度假。	321	10021
4024	行政套房	行政套房，空间宽敞，配套齐全，尊享舒适入住体验。	716	10022
4024	标准间	标准间，简洁整洁，设施完备，高性价比之选。	281	10023
4024	大床房	大床房，配备舒适大床，温馨静谧，适合休闲度假。	295	10024
4025	行政套房	行政套房，空间宽敞，配套齐全，尊享舒适入住体验。	656	10025
4025	大床房	大床房，配备舒适大床，温馨静谧，适合休闲度假。	271	10026
4025	标准间	标准间，简洁整洁，设施完备，高性价比之选。	210	10027
4026	行政套房	行政套房，空间宽敞，配套齐全，尊享舒适入住体验。	678	10028
4026	大床房	大床房，配备舒适大床，温馨静谧，适合休闲度假。	331	10029
4026	标准间	标准间，简洁整洁，设施完备，高性价比之选。	296	10030
4027	标准间	标准间，简洁整洁，设施完备，高性价比之选。	246	10031
4027	大床房	大床房，配备舒适大床，温馨静谧，适合休闲度假。	353	10032
4027	行政套房	行政套房，空间宽敞，配套齐全，尊享舒适入住体验。	739	10033
4028	标准间	标准间，简洁整洁，设施完备，高性价比之选。	297	10034
4028	行政套房	行政套房，空间宽敞，配套齐全，尊享舒适入住体验。	818	10035
4029	标准间	标准间，简洁整洁，设施完备，高性价比之选。	279	10036
4029	大床房	大床房，配备舒适大床，温馨静谧，适合休闲度假。	317	10037
4030	行政套房	行政套房，空间宽敞，配套齐全，尊享舒适入住体验。	518	10038
4030	大床房	大床房，配备舒适大床，温馨静谧，适合休闲度假。	382	10039
4031	标准间	标准间，简洁整洁，设施完备，高性价比之选。	232	10040
4031	大床房	大床房，配备舒适大床，温馨静谧，适合休闲度假。	290	10041
4032	行政套房	行政套房，空间宽敞，配套齐全，尊享舒适入住体验。	566	10042
4032	标准间	标准间，简洁整洁，设施完备，高性价比之选。	287	10043
4033	标准间	标准间，简洁整洁，设施完备，高性价比之选。	185	10044
4033	大床房	大床房，配备舒适大床，温馨静谧，适合休闲度假。	307	10045
4033	行政套房	行政套房，空间宽敞，配套齐全，尊享舒适入住体验。	794	10046
4034	行政套房	行政套房，空间宽敞，配套齐全，尊享舒适入住体验。	657	10047
4034	大床房	大床房，配备舒适大床，温馨静谧，适合休闲度假。	284	10048
4035	大床房	大床房，配备舒适大床，温馨静谧，适合休闲度假。	304	10049
4035	标准间	标准间，简洁整洁，设施完备，高性价比之选。	269	10050
4035	行政套房	行政套房，空间宽敞，配套齐全，尊享舒适入住体验。	871	10051
4036	大床房	大床房，配备舒适大床，温馨静谧，适合休闲度假。	322	10052
4036	行政套房	行政套房，空间宽敞，配套齐全，尊享舒适入住体验。	512	10053
4037	标准间	标准间，简洁整洁，设施完备，高性价比之选。	277	10054
4037	行政套房	行政套房，空间宽敞，配套齐全，尊享舒适入住体验。	598	10055
4038	大床房	大床房，配备舒适大床，温馨静谧，适合休闲度假。	479	10056
4038	行政套房	行政套房，空间宽敞，配套齐全，尊享舒适入住体验。	649	10057
4038	标准间	标准间，简洁整洁，设施完备，高性价比之选。	210	10058
4039	行政套房	行政套房，空间宽敞，配套齐全，尊享舒适入住体验。	747	10059
4039	大床房	大床房，配备舒适大床，温馨静谧，适合休闲度假。	412	10060
4039	标准间	标准间，简洁整洁，设施完备，高性价比之选。	307	10061
4040	行政套房	行政套房，空间宽敞，配套齐全，尊享舒适入住体验。	688	10062
4040	大床房	大床房，配备舒适大床，温馨静谧，适合休闲度假。	423	10063
4041	标准间	标准间，简洁整洁，设施完备，高性价比之选。	279	10064
4041	大床房	大床房，配备舒适大床，温馨静谧，适合休闲度假。	313	10065
4041	行政套房	行政套房，空间宽敞，配套齐全，尊享舒适入住体验。	688	10066
4042	大床房	大床房，配备舒适大床，温馨静谧，适合休闲度假。	392	10067
4042	标准间	标准间，简洁整洁，设施完备，高性价比之选。	204	10068
4043	行政套房	行政套房，空间宽敞，配套齐全，尊享舒适入住体验。	573	10069
4043	大床房	大床房，配备舒适大床，温馨静谧，适合休闲度假。	309	10070
4043	标准间	标准间，简洁整洁，设施完备，高性价比之选。	279	10071
4044	行政套房	行政套房，空间宽敞，配套齐全，尊享舒适入住体验。	559	10072
4044	标准间	标准间，简洁整洁，设施完备，高性价比之选。	319	10073
4045	行政套房	行政套房，空间宽敞，配套齐全，尊享舒适入住体验。	781	10074
4045	标准间	标准间，简洁整洁，设施完备，高性价比之选。	188	10075
4046	标准间	标准间，简洁整洁，设施完备，高性价比之选。	253	10076
4046	行政套房	行政套房，空间宽敞，配套齐全，尊享舒适入住体验。	817	10077
4046	大床房	大床房，配备舒适大床，温馨静谧，适合休闲度假。	424	10078
4047	大床房	大床房，配备舒适大床，温馨静谧，适合休闲度假。	394	10079
4047	行政套房	行政套房，空间宽敞，配套齐全，尊享舒适入住体验。	650	10080
4048	标准间	标准间，简洁整洁，设施完备，高性价比之选。	302	10081
4048	行政套房	行政套房，空间宽敞，配套齐全，尊享舒适入住体验。	500	10082
4049	行政套房	行政套房，空间宽敞，配套齐全，尊享舒适入住体验。	725	10083
4049	标准间	标准间，简洁整洁，设施完备，高性价比之选。	283	10084
4049	大床房	大床房，配备舒适大床，温馨静谧，适合休闲度假。	389	10085
4050	大床房	大床房，配备舒适大床，温馨静谧，适合休闲度假。	370	10086
4050	行政套房	行政套房，空间宽敞，配套齐全，尊享舒适入住体验。	486	10087
4051	行政套房	行政套房，空间宽敞，配套齐全，尊享舒适入住体验。	609	10088
4051	大床房	大床房，配备舒适大床，温馨静谧，适合休闲度假。	332	10089
4051	标准间	标准间，简洁整洁，设施完备，高性价比之选。	274	10090
4052	大床房	大床房，配备舒适大床，温馨静谧，适合休闲度假。	474	10091
4052	行政套房	行政套房，空间宽敞，配套齐全，尊享舒适入住体验。	766	10092
4053	标准间	标准间，简洁整洁，设施完备，高性价比之选。	277	10093
4053	大床房	大床房，配备舒适大床，温馨静谧，适合休闲度假。	369	10094
4054	标准间	标准间，简洁整洁，设施完备，高性价比之选。	189	10095
4054	大床房	大床房，配备舒适大床，温馨静谧，适合休闲度假。	306	10096
4055	大床房	大床房，配备舒适大床，温馨静谧，适合休闲度假。	286	10097
4055	行政套房	行政套房，空间宽敞，配套齐全，尊享舒适入住体验。	876	10098
4055	标准间	标准间，简洁整洁，设施完备，高性价比之选。	266	10099
4056	标准间	标准间，简洁整洁，设施完备，高性价比之选。	292	10100
4056	大床房	大床房，配备舒适大床，温馨静谧，适合休闲度假。	328	10101
4057	大床房	大床房，配备舒适大床，温馨静谧，适合休闲度假。	286	10102
4057	行政套房	行政套房，空间宽敞，配套齐全，尊享舒适入住体验。	818	10103
4058	标准间	标准间，简洁整洁，设施完备，高性价比之选。	287	10104
4058	大床房	大床房，配备舒适大床，温馨静谧，适合休闲度假。	312	10105
4059	行政套房	行政套房，空间宽敞，配套齐全，尊享舒适入住体验。	792	10106
4059	标准间	标准间，简洁整洁，设施完备，高性价比之选。	207	10107
4060	行政套房	行政套房，空间宽敞，配套齐全，尊享舒适入住体验。	840	10108
4060	大床房	大床房，配备舒适大床，温馨静谧，适合休闲度假。	439	10109
4060	标准间	标准间，简洁整洁，设施完备，高性价比之选。	315	10110
4061	行政套房	行政套房，空间宽敞，配套齐全，尊享舒适入住体验。	625	10111
4061	大床房	大床房，配备舒适大床，温馨静谧，适合休闲度假。	309	10112
4061	标准间	标准间，简洁整洁，设施完备，高性价比之选。	182	10113
4062	标准间	标准间，简洁整洁，设施完备，高性价比之选。	270	10114
4062	行政套房	行政套房，空间宽敞，配套齐全，尊享舒适入住体验。	715	10115
4062	大床房	大床房，配备舒适大床，温馨静谧，适合休闲度假。	285	10116
4063	标准间	标准间，简洁整洁，设施完备，高性价比之选。	217	10117
4063	行政套房	行政套房，空间宽敞，配套齐全，尊享舒适入住体验。	757	10118
4063	大床房	大床房，配备舒适大床，温馨静谧，适合休闲度假。	449	10119
4064	行政套房	行政套房，空间宽敞，配套齐全，尊享舒适入住体验。	671	10120
4064	标准间	标准间，简洁整洁，设施完备，高性价比之选。	200	10121
4064	大床房	大床房，配备舒适大床，温馨静谧，适合休闲度假。	318	10122
4065	行政套房	行政套房，空间宽敞，配套齐全，尊享舒适入住体验。	649	10123
4065	大床房	大床房，配备舒适大床，温馨静谧，适合休闲度假。	370	10124
4066	大床房	大床房，配备舒适大床，温馨静谧，适合休闲度假。	410	10125
4066	标准间	标准间，简洁整洁，设施完备，高性价比之选。	295	10126
4067	标准间	标准间，简洁整洁，设施完备，高性价比之选。	299	10127
4067	大床房	大床房，配备舒适大床，温馨静谧，适合休闲度假。	407	10128
4068	行政套房	行政套房，空间宽敞，配套齐全，尊享舒适入住体验。	805	10129
4068	标准间	标准间，简洁整洁，设施完备，高性价比之选。	184	10130
4068	大床房	大床房，配备舒适大床，温馨静谧，适合休闲度假。	335	10131
4069	行政套房	行政套房，空间宽敞，配套齐全，尊享舒适入住体验。	810	10132
4069	标准间	标准间，简洁整洁，设施完备，高性价比之选。	242	10133
4069	大床房	大床房，配备舒适大床，温馨静谧，适合休闲度假。	473	10134
4070	行政套房	行政套房，空间宽敞，配套齐全，尊享舒适入住体验。	641	10135
4070	大床房	大床房，配备舒适大床，温馨静谧，适合休闲度假。	369	10136
4070	标准间	标准间，简洁整洁，设施完备，高性价比之选。	246	10137
4071	标准间	标准间，简洁整洁，设施完备，高性价比之选。	220	10138
4071	大床房	大床房，配备舒适大床，温馨静谧，适合休闲度假。	389	10139
4071	行政套房	行政套房，空间宽敞，配套齐全，尊享舒适入住体验。	532	10140
4072	标准间	标准间，简洁整洁，设施完备，高性价比之选。	306	10141
4072	大床房	大床房，配备舒适大床，温馨静谧，适合休闲度假。	363	10142
4073	大床房	大床房，配备舒适大床，温馨静谧，适合休闲度假。	430	10143
4073	标准间	标准间，简洁整洁，设施完备，高性价比之选。	192	10144
4073	行政套房	行政套房，空间宽敞，配套齐全，尊享舒适入住体验。	673	10145
4074	行政套房	行政套房，空间宽敞，配套齐全，尊享舒适入住体验。	707	10146
4074	大床房	大床房，配备舒适大床，温馨静谧，适合休闲度假。	284	10147
4075	标准间	标准间，简洁整洁，设施完备，高性价比之选。	220	10148
4075	大床房	大床房，配备舒适大床，温馨静谧，适合休闲度假。	279	10149
4076	标准间	标准间，简洁整洁，设施完备，高性价比之选。	310	10150
4076	行政套房	行政套房，空间宽敞，配套齐全，尊享舒适入住体验。	659	10151
4076	大床房	大床房，配备舒适大床，温馨静谧，适合休闲度假。	262	10152
4077	行政套房	行政套房，空间宽敞，配套齐全，尊享舒适入住体验。	862	10153
4077	标准间	标准间，简洁整洁，设施完备，高性价比之选。	212	10154
4077	大床房	大床房，配备舒适大床，温馨静谧，适合休闲度假。	309	10155
4078	行政套房	行政套房，空间宽敞，配套齐全，尊享舒适入住体验。	776	10156
4078	标准间	标准间，简洁整洁，设施完备，高性价比之选。	191	10157
4079	大床房	大床房，配备舒适大床，温馨静谧，适合休闲度假。	374	10158
4079	标准间	标准间，简洁整洁，设施完备，高性价比之选。	275	10159
4080	大床房	大床房，配备舒适大床，温馨静谧，适合休闲度假。	339	10160
4080	行政套房	行政套房，空间宽敞，配套齐全，尊享舒适入住体验。	840	10161
4080	标准间	标准间，简洁整洁，设施完备，高性价比之选。	273	10162
4081	标准间	标准间，简洁整洁，设施完备，高性价比之选。	290	10163
4081	大床房	大床房，配备舒适大床，温馨静谧，适合休闲度假。	435	10164
4082	大床房	大床房，配备舒适大床，温馨静谧，适合休闲度假。	274	10165
4082	标准间	标准间，简洁整洁，设施完备，高性价比之选。	199	10166
4082	行政套房	行政套房，空间宽敞，配套齐全，尊享舒适入住体验。	600	10167
4083	行政套房	行政套房，空间宽敞，配套齐全，尊享舒适入住体验。	614	10168
4083	标准间	标准间，简洁整洁，设施完备，高性价比之选。	193	10169
4083	大床房	大床房，配备舒适大床，温馨静谧，适合休闲度假。	432	10170
4084	行政套房	行政套房，空间宽敞，配套齐全，尊享舒适入住体验。	626	10171
4084	大床房	大床房，配备舒适大床，温馨静谧，适合休闲度假。	477	10172
4085	大床房	大床房，配备舒适大床，温馨静谧，适合休闲度假。	408	10173
4085	标准间	标准间，简洁整洁，设施完备，高性价比之选。	276	10174
4086	大床房	大床房，配备舒适大床，温馨静谧，适合休闲度假。	299	10175
4086	标准间	标准间，简洁整洁，设施完备，高性价比之选。	231	10176
4086	行政套房	行政套房，空间宽敞，配套齐全，尊享舒适入住体验。	651	10177
4087	标准间	标准间，简洁整洁，设施完备，高性价比之选。	195	10178
4087	大床房	大床房，配备舒适大床，温馨静谧，适合休闲度假。	322	10179
4087	行政套房	行政套房，空间宽敞，配套齐全，尊享舒适入住体验。	666	10180
4088	行政套房	行政套房，空间宽敞，配套齐全，尊享舒适入住体验。	872	10181
4088	大床房	大床房，配备舒适大床，温馨静谧，适合休闲度假。	434	10182
4089	标准间	标准间，简洁整洁，设施完备，高性价比之选。	208	10183
4089	行政套房	行政套房，空间宽敞，配套齐全，尊享舒适入住体验。	796	10184
4089	大床房	大床房，配备舒适大床，温馨静谧，适合休闲度假。	365	10185
4090	标准间	标准间，简洁整洁，设施完备，高性价比之选。	284	10186
4090	大床房	大床房，配备舒适大床，温馨静谧，适合休闲度假。	416	10187
4091	行政套房	行政套房，空间宽敞，配套齐全，尊享舒适入住体验。	612	10188
4091	标准间	标准间，简洁整洁，设施完备，高性价比之选。	205	10189
4092	大床房	大床房，配备舒适大床，温馨静谧，适合休闲度假。	339	10190
4092	标准间	标准间，简洁整洁，设施完备，高性价比之选。	252	10191
4092	行政套房	行政套房，空间宽敞，配套齐全，尊享舒适入住体验。	566	10192
4093	标准间	标准间，简洁整洁，设施完备，高性价比之选。	207	10193
4093	大床房	大床房，配备舒适大床，温馨静谧，适合休闲度假。	329	10194
4093	行政套房	行政套房，空间宽敞，配套齐全，尊享舒适入住体验。	682	10195
4094	行政套房	行政套房，空间宽敞，配套齐全，尊享舒适入住体验。	657	10196
4094	大床房	大床房，配备舒适大床，温馨静谧，适合休闲度假。	407	10197
4094	标准间	标准间，简洁整洁，设施完备，高性价比之选。	282	10198
4095	行政套房	行政套房，空间宽敞，配套齐全，尊享舒适入住体验。	752	10199
4095	标准间	标准间，简洁整洁，设施完备，高性价比之选。	244	10200
4095	大床房	大床房，配备舒适大床，温馨静谧，适合休闲度假。	449	10201
4096	标准间	标准间，简洁整洁，设施完备，高性价比之选。	260	10202
4096	行政套房	行政套房，空间宽敞，配套齐全，尊享舒适入住体验。	593	10203
4096	大床房	大床房，配备舒适大床，温馨静谧，适合休闲度假。	300	10204
4097	大床房	大床房，配备舒适大床，温馨静谧，适合休闲度假。	294	10205
4097	标准间	标准间，简洁整洁，设施完备，高性价比之选。	281	10206
4097	行政套房	行政套房，空间宽敞，配套齐全，尊享舒适入住体验。	707	10207
4098	标准间	标准间，简洁整洁，设施完备，高性价比之选。	207	10208
4098	行政套房	行政套房，空间宽敞，配套齐全，尊享舒适入住体验。	496	10209
4098	大床房	大床房，配备舒适大床，温馨静谧，适合休闲度假。	263	10210
4099	标准间	标准间，简洁整洁，设施完备，高性价比之选。	193	10211
4099	行政套房	行政套房，空间宽敞，配套齐全，尊享舒适入住体验。	649	10212
4099	大床房	大床房，配备舒适大床，温馨静谧，适合休闲度假。	428	10213
4100	标准间	标准间，简洁整洁，设施完备，高性价比之选。	316	10214
4100	行政套房	行政套房，空间宽敞，配套齐全，尊享舒适入住体验。	853	10215
4100	大床房	大床房，配备舒适大床，温馨静谧，适合休闲度假。	299	10216
4101	行政套房	行政套房，空间宽敞，配套齐全，尊享舒适入住体验。	852	10217
4101	标准间	标准间，简洁整洁，设施完备，高性价比之选。	284	10218
4101	大床房	大床房，配备舒适大床，温馨静谧，适合休闲度假。	267	10219
4102	大床房	大床房，配备舒适大床，温馨静谧，适合休闲度假。	438	10220
4102	标准间	标准间，简洁整洁，设施完备，高性价比之选。	231	10221
4102	行政套房	行政套房，空间宽敞，配套齐全，尊享舒适入住体验。	644	10222
4103	大床房	大床房，配备舒适大床，温馨静谧，适合休闲度假。	306	10223
4103	行政套房	行政套房，空间宽敞，配套齐全，尊享舒适入住体验。	606	10224
4103	标准间	标准间，简洁整洁，设施完备，高性价比之选。	207	10225
4104	行政套房	行政套房，空间宽敞，配套齐全，尊享舒适入住体验。	591	10226
4104	大床房	大床房，配备舒适大床，温馨静谧，适合休闲度假。	388	10227
4104	标准间	标准间，简洁整洁，设施完备，高性价比之选。	230	10228
4105	行政套房	行政套房，空间宽敞，配套齐全，尊享舒适入住体验。	874	10229
4105	大床房	大床房，配备舒适大床，温馨静谧，适合休闲度假。	384	10230
4106	行政套房	行政套房，空间宽敞，配套齐全，尊享舒适入住体验。	598	10231
4106	标准间	标准间，简洁整洁，设施完备，高性价比之选。	259	10232
4106	大床房	大床房，配备舒适大床，温馨静谧，适合休闲度假。	442	10233
4107	行政套房	行政套房，空间宽敞，配套齐全，尊享舒适入住体验。	700	10234
4107	大床房	大床房，配备舒适大床，温馨静谧，适合休闲度假。	405	10235
4108	大床房	大床房，配备舒适大床，温馨静谧，适合休闲度假。	286	10236
4108	行政套房	行政套房，空间宽敞，配套齐全，尊享舒适入住体验。	486	10237
4109	大床房	大床房，配备舒适大床，温馨静谧，适合休闲度假。	315	10238
4109	行政套房	行政套房，空间宽敞，配套齐全，尊享舒适入住体验。	787	10239
4109	标准间	标准间，简洁整洁，设施完备，高性价比之选。	236	10240
4110	大床房	大床房，配备舒适大床，温馨静谧，适合休闲度假。	370	10241
4110	行政套房	行政套房，空间宽敞，配套齐全，尊享舒适入住体验。	792	10242
4111	大床房	大床房，配备舒适大床，温馨静谧，适合休闲度假。	413	10243
4111	行政套房	行政套房，空间宽敞，配套齐全，尊享舒适入住体验。	840	10244
4112	标准间	标准间，简洁整洁，设施完备，高性价比之选。	236	10245
4112	行政套房	行政套房，空间宽敞，配套齐全，尊享舒适入住体验。	792	10246
4113	标准间	标准间，简洁整洁，设施完备，高性价比之选。	227	10247
4113	行政套房	行政套房，空间宽敞，配套齐全，尊享舒适入住体验。	799	10248
4114	标准间	标准间，简洁整洁，设施完备，高性价比之选。	280	10249
4114	行政套房	行政套房，空间宽敞，配套齐全，尊享舒适入住体验。	846	10250
4114	大床房	大床房，配备舒适大床，温馨静谧，适合休闲度假。	276	10251
4115	大床房	大床房，配备舒适大床，温馨静谧，适合休闲度假。	346	10252
4115	标准间	标准间，简洁整洁，设施完备，高性价比之选。	228	10253
4115	行政套房	行政套房，空间宽敞，配套齐全，尊享舒适入住体验。	789	10254
4116	行政套房	行政套房，空间宽敞，配套齐全，尊享舒适入住体验。	862	10255
4116	大床房	大床房，配备舒适大床，温馨静谧，适合休闲度假。	260	10256
4117	大床房	大床房，配备舒适大床，温馨静谧，适合休闲度假。	390	10257
4117	标准间	标准间，简洁整洁，设施完备，高性价比之选。	282	10258
4118	行政套房	行政套房，空间宽敞，配套齐全，尊享舒适入住体验。	506	10259
4118	标准间	标准间，简洁整洁，设施完备，高性价比之选。	197	10260
4118	大床房	大床房，配备舒适大床，温馨静谧，适合休闲度假。	329	10261
4119	大床房	大床房，配备舒适大床，温馨静谧，适合休闲度假。	472	10262
4119	标准间	标准间，简洁整洁，设施完备，高性价比之选。	217	10263
4120	行政套房	行政套房，空间宽敞，配套齐全，尊享舒适入住体验。	565	10264
4120	标准间	标准间，简洁整洁，设施完备，高性价比之选。	245	10265
4120	大床房	大床房，配备舒适大床，温馨静谧，适合休闲度假。	300	10266
4121	标准间	标准间，简洁整洁，设施完备，高性价比之选。	281	10267
4121	行政套房	行政套房，空间宽敞，配套齐全，尊享舒适入住体验。	531	10268
4121	大床房	大床房，配备舒适大床，温馨静谧，适合休闲度假。	317	10269
4122	行政套房	行政套房，空间宽敞，配套齐全，尊享舒适入住体验。	872	10270
4122	标准间	标准间，简洁整洁，设施完备，高性价比之选。	184	10271
4122	大床房	大床房，配备舒适大床，温馨静谧，适合休闲度假。	304	10272
4123	标准间	标准间，简洁整洁，设施完备，高性价比之选。	217	10273
4123	大床房	大床房，配备舒适大床，温馨静谧，适合休闲度假。	262	10274
4123	行政套房	行政套房，空间宽敞，配套齐全，尊享舒适入住体验。	720	10275
4124	行政套房	行政套房，空间宽敞，配套齐全，尊享舒适入住体验。	700	10276
4124	标准间	标准间，简洁整洁，设施完备，高性价比之选。	304	10277
4124	大床房	大床房，配备舒适大床，温馨静谧，适合休闲度假。	473	10278
4125	行政套房	行政套房，空间宽敞，配套齐全，尊享舒适入住体验。	593	10279
4125	标准间	标准间，简洁整洁，设施完备，高性价比之选。	293	10280
4125	大床房	大床房，配备舒适大床，温馨静谧，适合休闲度假。	322	10281
4126	大床房	大床房，配备舒适大床，温馨静谧，适合休闲度假。	336	10282
4126	行政套房	行政套房，空间宽敞，配套齐全，尊享舒适入住体验。	610	10283
4127	大床房	大床房，配备舒适大床，温馨静谧，适合休闲度假。	284	10284
4127	标准间	标准间，简洁整洁，设施完备，高性价比之选。	264	10285
4127	行政套房	行政套房，空间宽敞，配套齐全，尊享舒适入住体验。	827	10286
4128	标准间	标准间，简洁整洁，设施完备，高性价比之选。	226	10287
4128	行政套房	行政套房，空间宽敞，配套齐全，尊享舒适入住体验。	526	10288
4128	大床房	大床房，配备舒适大床，温馨静谧，适合休闲度假。	403	10289
4129	标准间	标准间，简洁整洁，设施完备，高性价比之选。	253	10290
4129	大床房	大床房，配备舒适大床，温馨静谧，适合休闲度假。	292	10291
4130	行政套房	行政套房，空间宽敞，配套齐全，尊享舒适入住体验。	850	10292
4130	大床房	大床房，配备舒适大床，温馨静谧，适合休闲度假。	333	10293
4131	大床房	大床房，配备舒适大床，温馨静谧，适合休闲度假。	470	10294
4131	标准间	标准间，简洁整洁，设施完备，高性价比之选。	246	10295
4131	行政套房	行政套房，空间宽敞，配套齐全，尊享舒适入住体验。	690	10296
4132	行政套房	行政套房，空间宽敞，配套齐全，尊享舒适入住体验。	550	10297
4132	标准间	标准间，简洁整洁，设施完备，高性价比之选。	319	10298
4132	大床房	大床房，配备舒适大床，温馨静谧，适合休闲度假。	413	10299
4133	行政套房	行政套房，空间宽敞，配套齐全，尊享舒适入住体验。	480	10300
4133	标准间	标准间，简洁整洁，设施完备，高性价比之选。	316	10301
4133	大床房	大床房，配备舒适大床，温馨静谧，适合休闲度假。	335	10302
4134	标准间	标准间，简洁整洁，设施完备，高性价比之选。	264	10303
4134	大床房	大床房，配备舒适大床，温馨静谧，适合休闲度假。	429	10304
4134	行政套房	行政套房，空间宽敞，配套齐全，尊享舒适入住体验。	662	10305
4135	大床房	大床房，配备舒适大床，温馨静谧，适合休闲度假。	268	10306
4135	标准间	标准间，简洁整洁，设施完备，高性价比之选。	293	10307
4136	大床房	大床房，配备舒适大床，温馨静谧，适合休闲度假。	286	10308
4136	标准间	标准间，简洁整洁，设施完备，高性价比之选。	259	10309
4136	行政套房	行政套房，空间宽敞，配套齐全，尊享舒适入住体验。	791	10310
4137	行政套房	行政套房，空间宽敞，配套齐全，尊享舒适入住体验。	651	10311
4137	标准间	标准间，简洁整洁，设施完备，高性价比之选。	194	10312
4137	大床房	大床房，配备舒适大床，温馨静谧，适合休闲度假。	476	10313
4138	标准间	标准间，简洁整洁，设施完备，高性价比之选。	241	10314
4138	大床房	大床房，配备舒适大床，温馨静谧，适合休闲度假。	292	10315
4139	大床房	大床房，配备舒适大床，温馨静谧，适合休闲度假。	423	10316
4139	行政套房	行政套房，空间宽敞，配套齐全，尊享舒适入住体验。	645	10317
4139	标准间	标准间，简洁整洁，设施完备，高性价比之选。	183	10318
4140	大床房	大床房，配备舒适大床，温馨静谧，适合休闲度假。	423	10319
4140	行政套房	行政套房，空间宽敞，配套齐全，尊享舒适入住体验。	714	10320
4140	标准间	标准间，简洁整洁，设施完备，高性价比之选。	198	10321
4141	大床房	大床房，配备舒适大床，温馨静谧，适合休闲度假。	338	10322
4141	标准间	标准间，简洁整洁，设施完备，高性价比之选。	233	10323
4142	大床房	大床房，配备舒适大床，温馨静谧，适合休闲度假。	382	10324
4142	行政套房	行政套房，空间宽敞，配套齐全，尊享舒适入住体验。	592	10325
4143	标准间	标准间，简洁整洁，设施完备，高性价比之选。	280	10326
4143	大床房	大床房，配备舒适大床，温馨静谧，适合休闲度假。	479	10327
4144	标准间	标准间，简洁整洁，设施完备，高性价比之选。	305	10328
4144	大床房	大床房，配备舒适大床，温馨静谧，适合休闲度假。	335	10329
4144	行政套房	行政套房，空间宽敞，配套齐全，尊享舒适入住体验。	774	10330
4145	标准间	标准间，简洁整洁，设施完备，高性价比之选。	245	10331
4145	大床房	大床房，配备舒适大床，温馨静谧，适合休闲度假。	363	10332
4146	行政套房	行政套房，空间宽敞，配套齐全，尊享舒适入住体验。	849	10333
4146	标准间	标准间，简洁整洁，设施完备，高性价比之选。	187	10334
4147	行政套房	行政套房，空间宽敞，配套齐全，尊享舒适入住体验。	743	10335
4147	大床房	大床房，配备舒适大床，温馨静谧，适合休闲度假。	438	10336
4147	标准间	标准间，简洁整洁，设施完备，高性价比之选。	318	10337
4148	标准间	标准间，简洁整洁，设施完备，高性价比之选。	189	10338
4148	大床房	大床房，配备舒适大床，温馨静谧，适合休闲度假。	279	10339
4149	标准间	标准间，简洁整洁，设施完备，高性价比之选。	285	10340
4149	行政套房	行政套房，空间宽敞，配套齐全，尊享舒适入住体验。	740	10341
4149	大床房	大床房，配备舒适大床，温馨静谧，适合休闲度假。	442	10342
4150	大床房	大床房，配备舒适大床，温馨静谧，适合休闲度假。	348	10343
4150	行政套房	行政套房，空间宽敞，配套齐全，尊享舒适入住体验。	822	10344
4150	标准间	标准间，简洁整洁，设施完备，高性价比之选。	309	10345
4151	标准间	标准间，简洁整洁，设施完备，高性价比之选。	269	10346
4151	大床房	大床房，配备舒适大床，温馨静谧，适合休闲度假。	397	10347
4152	标准间	标准间，简洁整洁，设施完备，高性价比之选。	285	10348
4152	行政套房	行政套房，空间宽敞，配套齐全，尊享舒适入住体验。	720	10349
4153	标准间	标准间，简洁整洁，设施完备，高性价比之选。	197	10350
4153	行政套房	行政套房，空间宽敞，配套齐全，尊享舒适入住体验。	743	10351
4153	大床房	大床房，配备舒适大床，温馨静谧，适合休闲度假。	338	10352
4154	大床房	大床房，配备舒适大床，温馨静谧，适合休闲度假。	396	10353
4154	行政套房	行政套房，空间宽敞，配套齐全，尊享舒适入住体验。	751	10354
4154	标准间	标准间，简洁整洁，设施完备，高性价比之选。	204	10355
4155	行政套房	行政套房，空间宽敞，配套齐全，尊享舒适入住体验。	565	10356
4155	标准间	标准间，简洁整洁，设施完备，高性价比之选。	261	10357
4155	大床房	大床房，配备舒适大床，温馨静谧，适合休闲度假。	291	10358
4156	行政套房	行政套房，空间宽敞，配套齐全，尊享舒适入住体验。	617	10359
4156	标准间	标准间，简洁整洁，设施完备，高性价比之选。	224	10360
4157	行政套房	行政套房，空间宽敞，配套齐全，尊享舒适入住体验。	674	10361
4157	大床房	大床房，配备舒适大床，温馨静谧，适合休闲度假。	430	10362
4157	标准间	标准间，简洁整洁，设施完备，高性价比之选。	180	10363
4158	行政套房	行政套房，空间宽敞，配套齐全，尊享舒适入住体验。	623	10364
4158	标准间	标准间，简洁整洁，设施完备，高性价比之选。	294	10365
4158	大床房	大床房，配备舒适大床，温馨静谧，适合休闲度假。	336	10366
4159	标准间	标准间，简洁整洁，设施完备，高性价比之选。	229	10367
4159	行政套房	行政套房，空间宽敞，配套齐全，尊享舒适入住体验。	535	10368
4159	大床房	大床房，配备舒适大床，温馨静谧，适合休闲度假。	277	10369
4160	行政套房	行政套房，空间宽敞，配套齐全，尊享舒适入住体验。	804	10370
4160	大床房	大床房，配备舒适大床，温馨静谧，适合休闲度假。	377	10371
4161	行政套房	行政套房，空间宽敞，配套齐全，尊享舒适入住体验。	771	10372
4161	标准间	标准间，简洁整洁，设施完备，高性价比之选。	264	10373
4162	大床房	大床房，配备舒适大床，温馨静谧，适合休闲度假。	376	10374
4162	标准间	标准间，简洁整洁，设施完备，高性价比之选。	218	10375
4163	大床房	大床房，配备舒适大床，温馨静谧，适合休闲度假。	453	10376
4163	行政套房	行政套房，空间宽敞，配套齐全，尊享舒适入住体验。	687	10377
4164	大床房	大床房，配备舒适大床，温馨静谧，适合休闲度假。	327	10378
4164	标准间	标准间，简洁整洁，设施完备，高性价比之选。	229	10379
4164	行政套房	行政套房，空间宽敞，配套齐全，尊享舒适入住体验。	669	10380
4165	标准间	标准间，简洁整洁，设施完备，高性价比之选。	267	10381
4165	大床房	大床房，配备舒适大床，温馨静谧，适合休闲度假。	304	10382
4166	行政套房	行政套房，空间宽敞，配套齐全，尊享舒适入住体验。	570	10383
4166	大床房	大床房，配备舒适大床，温馨静谧，适合休闲度假。	413	10384
4166	标准间	标准间，简洁整洁，设施完备，高性价比之选。	307	10385
4167	大床房	大床房，配备舒适大床，温馨静谧，适合休闲度假。	379	10386
4167	行政套房	行政套房，空间宽敞，配套齐全，尊享舒适入住体验。	613	10387
4167	标准间	标准间，简洁整洁，设施完备，高性价比之选。	303	10388
4168	标准间	标准间，简洁整洁，设施完备，高性价比之选。	214	10389
4168	大床房	大床房，配备舒适大床，温馨静谧，适合休闲度假。	474	10390
4168	行政套房	行政套房，空间宽敞，配套齐全，尊享舒适入住体验。	872	10391
4169	标准间	标准间，简洁整洁，设施完备，高性价比之选。	300	10392
4169	行政套房	行政套房，空间宽敞，配套齐全，尊享舒适入住体验。	720	10393
4170	大床房	大床房，配备舒适大床，温馨静谧，适合休闲度假。	286	10394
4170	行政套房	行政套房，空间宽敞，配套齐全，尊享舒适入住体验。	545	10395
4170	标准间	标准间，简洁整洁，设施完备，高性价比之选。	223	10396
4171	标准间	标准间，简洁整洁，设施完备，高性价比之选。	227	10397
4171	大床房	大床房，配备舒适大床，温馨静谧，适合休闲度假。	478	10398
4172	大床房	大床房，配备舒适大床，温馨静谧，适合休闲度假。	326	10399
4172	行政套房	行政套房，空间宽敞，配套齐全，尊享舒适入住体验。	530	10400
4173	标准间	标准间，简洁整洁，设施完备，高性价比之选。	240	10401
4173	行政套房	行政套房，空间宽敞，配套齐全，尊享舒适入住体验。	676	10402
4174	行政套房	行政套房，空间宽敞，配套齐全，尊享舒适入住体验。	604	10403
4174	大床房	大床房，配备舒适大床，温馨静谧，适合休闲度假。	358	10404
4175	大床房	大床房，配备舒适大床，温馨静谧，适合休闲度假。	449	10405
4175	行政套房	行政套房，空间宽敞，配套齐全，尊享舒适入住体验。	734	10406
4175	标准间	标准间，简洁整洁，设施完备，高性价比之选。	184	10407
4176	大床房	大床房，配备舒适大床，温馨静谧，适合休闲度假。	264	10408
4176	行政套房	行政套房，空间宽敞，配套齐全，尊享舒适入住体验。	736	10409
4176	标准间	标准间，简洁整洁，设施完备，高性价比之选。	293	10410
4177	标准间	标准间，简洁整洁，设施完备，高性价比之选。	249	10411
4177	大床房	大床房，配备舒适大床，温馨静谧，适合休闲度假。	289	10412
4178	行政套房	行政套房，空间宽敞，配套齐全，尊享舒适入住体验。	657	10413
4178	大床房	大床房，配备舒适大床，温馨静谧，适合休闲度假。	264	10414
4178	标准间	标准间，简洁整洁，设施完备，高性价比之选。	281	10415
4179	标准间	标准间，简洁整洁，设施完备，高性价比之选。	307	10416
4179	大床房	大床房，配备舒适大床，温馨静谧，适合休闲度假。	352	10417
4180	大床房	大床房，配备舒适大床，温馨静谧，适合休闲度假。	308	10418
4180	标准间	标准间，简洁整洁，设施完备，高性价比之选。	252	10419
4181	大床房	大床房，配备舒适大床，温馨静谧，适合休闲度假。	466	10420
4181	行政套房	行政套房，空间宽敞，配套齐全，尊享舒适入住体验。	680	10421
4182	标准间	标准间，简洁整洁，设施完备，高性价比之选。	289	10422
4182	大床房	大床房，配备舒适大床，温馨静谧，适合休闲度假。	369	10423
4183	行政套房	行政套房，空间宽敞，配套齐全，尊享舒适入住体验。	723	10424
4183	标准间	标准间，简洁整洁，设施完备，高性价比之选。	213	10425
4184	行政套房	行政套房，空间宽敞，配套齐全，尊享舒适入住体验。	535	10426
4184	标准间	标准间，简洁整洁，设施完备，高性价比之选。	279	10427
4185	大床房	大床房，配备舒适大床，温馨静谧，适合休闲度假。	421	10428
4185	行政套房	行政套房，空间宽敞，配套齐全，尊享舒适入住体验。	756	10429
4185	标准间	标准间，简洁整洁，设施完备，高性价比之选。	285	10430
4186	大床房	大床房，配备舒适大床，温馨静谧，适合休闲度假。	384	10431
4186	标准间	标准间，简洁整洁，设施完备，高性价比之选。	283	10432
4187	行政套房	行政套房，空间宽敞，配套齐全，尊享舒适入住体验。	636	10433
4187	标准间	标准间，简洁整洁，设施完备，高性价比之选。	267	10434
4187	大床房	大床房，配备舒适大床，温馨静谧，适合休闲度假。	423	10435
4188	标准间	标准间，简洁整洁，设施完备，高性价比之选。	268	10436
4188	大床房	大床房，配备舒适大床，温馨静谧，适合休闲度假。	400	10437
4188	行政套房	行政套房，空间宽敞，配套齐全，尊享舒适入住体验。	758	10438
4189	标准间	标准间，简洁整洁，设施完备，高性价比之选。	263	10439
4189	行政套房	行政套房，空间宽敞，配套齐全，尊享舒适入住体验。	523	10440
4190	标准间	标准间，简洁整洁，设施完备，高性价比之选。	217	10441
4190	行政套房	行政套房，空间宽敞，配套齐全，尊享舒适入住体验。	707	10442
4190	大床房	大床房，配备舒适大床，温馨静谧，适合休闲度假。	477	10443
4191	行政套房	行政套房，空间宽敞，配套齐全，尊享舒适入住体验。	715	10444
4191	大床房	大床房，配备舒适大床，温馨静谧，适合休闲度假。	355	10445
4192	标准间	标准间，简洁整洁，设施完备，高性价比之选。	247	10446
4192	行政套房	行政套房，空间宽敞，配套齐全，尊享舒适入住体验。	830	10447
4193	标准间	标准间，简洁整洁，设施完备，高性价比之选。	253	10448
4193	行政套房	行政套房，空间宽敞，配套齐全，尊享舒适入住体验。	807	10449
4194	大床房	大床房，配备舒适大床，温馨静谧，适合休闲度假。	432	10450
4194	行政套房	行政套房，空间宽敞，配套齐全，尊享舒适入住体验。	552	10451
4194	标准间	标准间，简洁整洁，设施完备，高性价比之选。	195	10452
4195	行政套房	行政套房，空间宽敞，配套齐全，尊享舒适入住体验。	531	10453
4195	大床房	大床房，配备舒适大床，温馨静谧，适合休闲度假。	443	10454
4195	标准间	标准间，简洁整洁，设施完备，高性价比之选。	292	10455
4196	大床房	大床房，配备舒适大床，温馨静谧，适合休闲度假。	336	10456
4196	行政套房	行政套房，空间宽敞，配套齐全，尊享舒适入住体验。	735	10457
4197	标准间	标准间，简洁整洁，设施完备，高性价比之选。	211	10458
4197	行政套房	行政套房，空间宽敞，配套齐全，尊享舒适入住体验。	516	10459
4197	大床房	大床房，配备舒适大床，温馨静谧，适合休闲度假。	417	10460
4198	标准间	标准间，简洁整洁，设施完备，高性价比之选。	183	10461
4198	大床房	大床房，配备舒适大床，温馨静谧，适合休闲度假。	452	10462
4199	大床房	大床房，配备舒适大床，温馨静谧，适合休闲度假。	324	10463
4199	行政套房	行政套房，空间宽敞，配套齐全，尊享舒适入住体验。	762	10464
4200	大床房	大床房，配备舒适大床，温馨静谧，适合休闲度假。	279	10465
4200	行政套房	行政套房，空间宽敞，配套齐全，尊享舒适入住体验。	504	10466
4201	大床房	大床房，配备舒适大床，温馨静谧，适合休闲度假。	455	10467
4201	行政套房	行政套房，空间宽敞，配套齐全，尊享舒适入住体验。	666	10468
4202	行政套房	行政套房，空间宽敞，配套齐全，尊享舒适入住体验。	570	10469
4202	标准间	标准间，简洁整洁，设施完备，高性价比之选。	245	10470
4202	大床房	大床房，配备舒适大床，温馨静谧，适合休闲度假。	371	10471
4203	标准间	标准间，简洁整洁，设施完备，高性价比之选。	281	10472
4203	大床房	大床房，配备舒适大床，温馨静谧，适合休闲度假。	331	10473
4203	行政套房	行政套房，空间宽敞，配套齐全，尊享舒适入住体验。	730	10474
4204	行政套房	行政套房，空间宽敞，配套齐全，尊享舒适入住体验。	747	10475
4204	大床房	大床房，配备舒适大床，温馨静谧，适合休闲度假。	366	10476
4205	行政套房	行政套房，空间宽敞，配套齐全，尊享舒适入住体验。	659	10477
4205	标准间	标准间，简洁整洁，设施完备，高性价比之选。	317	10478
4206	大床房	大床房，配备舒适大床，温馨静谧，适合休闲度假。	365	10479
4206	行政套房	行政套房，空间宽敞，配套齐全，尊享舒适入住体验。	521	10480
4207	标准间	标准间，简洁整洁，设施完备，高性价比之选。	282	10481
4207	大床房	大床房，配备舒适大床，温馨静谧，适合休闲度假。	301	10482
4208	大床房	大床房，配备舒适大床，温馨静谧，适合休闲度假。	357	10483
4208	行政套房	行政套房，空间宽敞，配套齐全，尊享舒适入住体验。	675	10484
4208	标准间	标准间，简洁整洁，设施完备，高性价比之选。	315	10485
4209	大床房	大床房，配备舒适大床，温馨静谧，适合休闲度假。	408	10486
4209	行政套房	行政套房，空间宽敞，配套齐全，尊享舒适入住体验。	807	10487
4209	标准间	标准间，简洁整洁，设施完备，高性价比之选。	308	10488
4210	大床房	大床房，配备舒适大床，温馨静谧，适合休闲度假。	420	10489
4210	行政套房	行政套房，空间宽敞，配套齐全，尊享舒适入住体验。	861	10490
4210	标准间	标准间，简洁整洁，设施完备，高性价比之选。	227	10491
4211	大床房	大床房，配备舒适大床，温馨静谧，适合休闲度假。	298	10492
4211	行政套房	行政套房，空间宽敞，配套齐全，尊享舒适入住体验。	648	10493
4211	标准间	标准间，简洁整洁，设施完备，高性价比之选。	253	10494
4212	大床房	大床房，配备舒适大床，温馨静谧，适合休闲度假。	448	10495
4212	行政套房	行政套房，空间宽敞，配套齐全，尊享舒适入住体验。	610	10496
4213	行政套房	行政套房，空间宽敞，配套齐全，尊享舒适入住体验。	695	10497
4213	大床房	大床房，配备舒适大床，温馨静谧，适合休闲度假。	308	10498
4214	大床房	大床房，配备舒适大床，温馨静谧，适合休闲度假。	466	10499
4214	标准间	标准间，简洁整洁，设施完备，高性价比之选。	316	10500
4215	大床房	大床房，配备舒适大床，温馨静谧，适合休闲度假。	382	10501
4215	标准间	标准间，简洁整洁，设施完备，高性价比之选。	220	10502
4216	行政套房	行政套房，空间宽敞，配套齐全，尊享舒适入住体验。	714	10503
4216	标准间	标准间，简洁整洁，设施完备，高性价比之选。	304	10504
4217	大床房	大床房，配备舒适大床，温馨静谧，适合休闲度假。	264	10505
4217	标准间	标准间，简洁整洁，设施完备，高性价比之选。	307	10506
4217	行政套房	行政套房，空间宽敞，配套齐全，尊享舒适入住体验。	579	10507
4218	大床房	大床房，配备舒适大床，温馨静谧，适合休闲度假。	293	10508
4218	行政套房	行政套房，空间宽敞，配套齐全，尊享舒适入住体验。	549	10509
4218	标准间	标准间，简洁整洁，设施完备，高性价比之选。	227	10510
4219	大床房	大床房，配备舒适大床，温馨静谧，适合休闲度假。	344	10511
4219	行政套房	行政套房，空间宽敞，配套齐全，尊享舒适入住体验。	748	10512
4220	大床房	大床房，配备舒适大床，温馨静谧，适合休闲度假。	466	10513
4220	行政套房	行政套房，空间宽敞，配套齐全，尊享舒适入住体验。	690	10514
4221	大床房	大床房，配备舒适大床，温馨静谧，适合休闲度假。	459	10515
4221	行政套房	行政套房，空间宽敞，配套齐全，尊享舒适入住体验。	818	10516
4222	大床房	大床房，配备舒适大床，温馨静谧，适合休闲度假。	286	10517
4222	行政套房	行政套房，空间宽敞，配套齐全，尊享舒适入住体验。	729	10518
4222	标准间	标准间，简洁整洁，设施完备，高性价比之选。	199	10519
4223	行政套房	行政套房，空间宽敞，配套齐全，尊享舒适入住体验。	785	10520
4223	大床房	大床房，配备舒适大床，温馨静谧，适合休闲度假。	350	10521
4223	标准间	标准间，简洁整洁，设施完备，高性价比之选。	230	10522
4224	行政套房	行政套房，空间宽敞，配套齐全，尊享舒适入住体验。	677	10523
4224	大床房	大床房，配备舒适大床，温馨静谧，适合休闲度假。	347	10524
4225	标准间	标准间，简洁整洁，设施完备，高性价比之选。	258	10525
4225	大床房	大床房，配备舒适大床，温馨静谧，适合休闲度假。	365	10526
4226	行政套房	行政套房，空间宽敞，配套齐全，尊享舒适入住体验。	737	10527
4226	大床房	大床房，配备舒适大床，温馨静谧，适合休闲度假。	269	10528
4227	大床房	大床房，配备舒适大床，温馨静谧，适合休闲度假。	433	10529
4227	行政套房	行政套房，空间宽敞，配套齐全，尊享舒适入住体验。	593	10530
4227	标准间	标准间，简洁整洁，设施完备，高性价比之选。	267	10531
4228	标准间	标准间，简洁整洁，设施完备，高性价比之选。	242	10532
4228	行政套房	行政套房，空间宽敞，配套齐全，尊享舒适入住体验。	795	10533
4228	大床房	大床房，配备舒适大床，温馨静谧，适合休闲度假。	468	10534
4229	行政套房	行政套房，空间宽敞，配套齐全，尊享舒适入住体验。	487	10535
4229	标准间	标准间，简洁整洁，设施完备，高性价比之选。	184	10536
4230	标准间	标准间，简洁整洁，设施完备，高性价比之选。	234	10537
4230	行政套房	行政套房，空间宽敞，配套齐全，尊享舒适入住体验。	827	10538
4230	大床房	大床房，配备舒适大床，温馨静谧，适合休闲度假。	343	10539
4231	标准间	标准间，简洁整洁，设施完备，高性价比之选。	212	10540
4231	大床房	大床房，配备舒适大床，温馨静谧，适合休闲度假。	280	10541
4231	行政套房	行政套房，空间宽敞，配套齐全，尊享舒适入住体验。	652	10542
4232	行政套房	行政套房，空间宽敞，配套齐全，尊享舒适入住体验。	803	10543
4232	大床房	大床房，配备舒适大床，温馨静谧，适合休闲度假。	446	10544
4232	标准间	标准间，简洁整洁，设施完备，高性价比之选。	247	10545
4233	行政套房	行政套房，空间宽敞，配套齐全，尊享舒适入住体验。	729	10546
4233	大床房	大床房，配备舒适大床，温馨静谧，适合休闲度假。	354	10547
4233	标准间	标准间，简洁整洁，设施完备，高性价比之选。	220	10548
4234	行政套房	行政套房，空间宽敞，配套齐全，尊享舒适入住体验。	519	10549
4234	标准间	标准间，简洁整洁，设施完备，高性价比之选。	320	10550
4235	行政套房	行政套房，空间宽敞，配套齐全，尊享舒适入住体验。	751	10551
4235	标准间	标准间，简洁整洁，设施完备，高性价比之选。	246	10552
4236	大床房	大床房，配备舒适大床，温馨静谧，适合休闲度假。	456	10553
4236	行政套房	行政套房，空间宽敞，配套齐全，尊享舒适入住体验。	800	10554
4237	大床房	大床房，配备舒适大床，温馨静谧，适合休闲度假。	326	10555
4237	行政套房	行政套房，空间宽敞，配套齐全，尊享舒适入住体验。	699	10556
4237	标准间	标准间，简洁整洁，设施完备，高性价比之选。	246	10557
4238	行政套房	行政套房，空间宽敞，配套齐全，尊享舒适入住体验。	563	10558
4238	标准间	标准间，简洁整洁，设施完备，高性价比之选。	215	10559
4238	大床房	大床房，配备舒适大床，温馨静谧，适合休闲度假。	466	10560
4239	标准间	标准间，简洁整洁，设施完备，高性价比之选。	252	10561
4239	大床房	大床房，配备舒适大床，温馨静谧，适合休闲度假。	376	10562
4239	行政套房	行政套房，空间宽敞，配套齐全，尊享舒适入住体验。	605	10563
4240	行政套房	行政套房，空间宽敞，配套齐全，尊享舒适入住体验。	735	10564
4240	标准间	标准间，简洁整洁，设施完备，高性价比之选。	261	10565
4240	大床房	大床房，配备舒适大床，温馨静谧，适合休闲度假。	387	10566
4241	标准间	标准间，简洁整洁，设施完备，高性价比之选。	181	10567
4241	大床房	大床房，配备舒适大床，温馨静谧，适合休闲度假。	301	10568
4241	行政套房	行政套房，空间宽敞，配套齐全，尊享舒适入住体验。	494	10569
4242	标准间	标准间，简洁整洁，设施完备，高性价比之选。	241	10570
4242	行政套房	行政套房，空间宽敞，配套齐全，尊享舒适入住体验。	662	10571
4242	大床房	大床房，配备舒适大床，温馨静谧，适合休闲度假。	465	10572
4243	大床房	大床房，配备舒适大床，温馨静谧，适合休闲度假。	273	10573
4243	行政套房	行政套房，空间宽敞，配套齐全，尊享舒适入住体验。	594	10574
4244	标准间	标准间，简洁整洁，设施完备，高性价比之选。	317	10575
4244	大床房	大床房，配备舒适大床，温馨静谧，适合休闲度假。	279	10576
4244	行政套房	行政套房，空间宽敞，配套齐全，尊享舒适入住体验。	738	10577
4245	行政套房	行政套房，空间宽敞，配套齐全，尊享舒适入住体验。	618	10578
4245	大床房	大床房，配备舒适大床，温馨静谧，适合休闲度假。	433	10579
4245	标准间	标准间，简洁整洁，设施完备，高性价比之选。	230	10580
4246	大床房	大床房，配备舒适大床，温馨静谧，适合休闲度假。	334	10581
4246	行政套房	行政套房，空间宽敞，配套齐全，尊享舒适入住体验。	527	10582
4247	大床房	大床房，配备舒适大床，温馨静谧，适合休闲度假。	290	10583
4247	行政套房	行政套房，空间宽敞，配套齐全，尊享舒适入住体验。	660	10584
4248	行政套房	行政套房，空间宽敞，配套齐全，尊享舒适入住体验。	742	10585
4248	标准间	标准间，简洁整洁，设施完备，高性价比之选。	250	10586
4249	行政套房	行政套房，空间宽敞，配套齐全，尊享舒适入住体验。	630	10587
4249	标准间	标准间，简洁整洁，设施完备，高性价比之选。	317	10588
4249	大床房	大床房，配备舒适大床，温馨静谧，适合休闲度假。	417	10589
4250	行政套房	行政套房，空间宽敞，配套齐全，尊享舒适入住体验。	654	10590
4250	标准间	标准间，简洁整洁，设施完备，高性价比之选。	249	10591
4250	大床房	大床房，配备舒适大床，温馨静谧，适合休闲度假。	283	10592
4251	大床房	大床房，配备舒适大床，温馨静谧，适合休闲度假。	350	10593
4251	行政套房	行政套房，空间宽敞，配套齐全，尊享舒适入住体验。	629	10594
4251	标准间	标准间，简洁整洁，设施完备，高性价比之选。	220	10595
4252	行政套房	行政套房，空间宽敞，配套齐全，尊享舒适入住体验。	717	10596
4252	标准间	标准间，简洁整洁，设施完备，高性价比之选。	217	10597
4252	大床房	大床房，配备舒适大床，温馨静谧，适合休闲度假。	285	10598
4253	大床房	大床房，配备舒适大床，温馨静谧，适合休闲度假。	383	10599
4253	行政套房	行政套房，空间宽敞，配套齐全，尊享舒适入住体验。	582	10600
4253	标准间	标准间，简洁整洁，设施完备，高性价比之选。	274	10601
4254	标准间	标准间，简洁整洁，设施完备，高性价比之选。	288	10602
4254	大床房	大床房，配备舒适大床，温馨静谧，适合休闲度假。	430	10603
4254	行政套房	行政套房，空间宽敞，配套齐全，尊享舒适入住体验。	732	10604
4255	大床房	大床房，配备舒适大床，温馨静谧，适合休闲度假。	263	10605
4255	行政套房	行政套房，空间宽敞，配套齐全，尊享舒适入住体验。	842	10606
4256	行政套房	行政套房，空间宽敞，配套齐全，尊享舒适入住体验。	551	10607
4256	标准间	标准间，简洁整洁，设施完备，高性价比之选。	221	10608
4257	标准间	标准间，简洁整洁，设施完备，高性价比之选。	272	10609
4257	大床房	大床房，配备舒适大床，温馨静谧，适合休闲度假。	262	10610
4257	行政套房	行政套房，空间宽敞，配套齐全，尊享舒适入住体验。	807	10611
4258	大床房	大床房，配备舒适大床，温馨静谧，适合休闲度假。	443	10612
4258	标准间	标准间，简洁整洁，设施完备，高性价比之选。	307	10613
4258	行政套房	行政套房，空间宽敞，配套齐全，尊享舒适入住体验。	769	10614
4259	大床房	大床房，配备舒适大床，温馨静谧，适合休闲度假。	361	10615
4259	行政套房	行政套房，空间宽敞，配套齐全，尊享舒适入住体验。	641	10616
4260	大床房	大床房，配备舒适大床，温馨静谧，适合休闲度假。	370	10617
4260	标准间	标准间，简洁整洁，设施完备，高性价比之选。	233	10618
4261	标准间	标准间，简洁整洁，设施完备，高性价比之选。	269	10619
4261	大床房	大床房，配备舒适大床，温馨静谧，适合休闲度假。	472	10620
4261	行政套房	行政套房，空间宽敞，配套齐全，尊享舒适入住体验。	648	10621
4262	大床房	大床房，配备舒适大床，温馨静谧，适合休闲度假。	468	10622
4262	行政套房	行政套房，空间宽敞，配套齐全，尊享舒适入住体验。	584	10623
4263	大床房	大床房，配备舒适大床，温馨静谧，适合休闲度假。	369	10624
4263	行政套房	行政套房，空间宽敞，配套齐全，尊享舒适入住体验。	759	10625
4264	行政套房	行政套房，空间宽敞，配套齐全，尊享舒适入住体验。	490	10626
4264	大床房	大床房，配备舒适大床，温馨静谧，适合休闲度假。	410	10627
4265	行政套房	行政套房，空间宽敞，配套齐全，尊享舒适入住体验。	573	10628
4265	大床房	大床房，配备舒适大床，温馨静谧，适合休闲度假。	407	10629
4266	标准间	标准间，简洁整洁，设施完备，高性价比之选。	319	10630
4266	行政套房	行政套房，空间宽敞，配套齐全，尊享舒适入住体验。	534	10631
4266	大床房	大床房，配备舒适大床，温馨静谧，适合休闲度假。	413	10632
4267	行政套房	行政套房，空间宽敞，配套齐全，尊享舒适入住体验。	658	10633
4267	标准间	标准间，简洁整洁，设施完备，高性价比之选。	216	10634
4268	大床房	大床房，配备舒适大床，温馨静谧，适合休闲度假。	284	10635
4268	行政套房	行政套房，空间宽敞，配套齐全，尊享舒适入住体验。	873	10636
4268	标准间	标准间，简洁整洁，设施完备，高性价比之选。	221	10637
4269	行政套房	行政套房，空间宽敞，配套齐全，尊享舒适入住体验。	581	10638
4269	大床房	大床房，配备舒适大床，温馨静谧，适合休闲度假。	267	10639
4270	大床房	大床房，配备舒适大床，温馨静谧，适合休闲度假。	307	10640
4270	行政套房	行政套房，空间宽敞，配套齐全，尊享舒适入住体验。	663	10641
4271	行政套房	行政套房，空间宽敞，配套齐全，尊享舒适入住体验。	760	10642
4271	标准间	标准间，简洁整洁，设施完备，高性价比之选。	244	10643
4271	大床房	大床房，配备舒适大床，温馨静谧，适合休闲度假。	274	10644
4272	行政套房	行政套房，空间宽敞，配套齐全，尊享舒适入住体验。	727	10645
4272	大床房	大床房，配备舒适大床，温馨静谧，适合休闲度假。	359	10646
4273	大床房	大床房，配备舒适大床，温馨静谧，适合休闲度假。	340	10647
4273	行政套房	行政套房，空间宽敞，配套齐全，尊享舒适入住体验。	519	10648
4273	标准间	标准间，简洁整洁，设施完备，高性价比之选。	298	10649
4274	大床房	大床房，配备舒适大床，温馨静谧，适合休闲度假。	265	10650
4274	标准间	标准间，简洁整洁，设施完备，高性价比之选。	235	10651
4275	标准间	标准间，简洁整洁，设施完备，高性价比之选。	223	10652
4275	大床房	大床房，配备舒适大床，温馨静谧，适合休闲度假。	412	10653
4275	行政套房	行政套房，空间宽敞，配套齐全，尊享舒适入住体验。	736	10654
4276	大床房	大床房，配备舒适大床，温馨静谧，适合休闲度假。	420	10655
4276	行政套房	行政套房，空间宽敞，配套齐全，尊享舒适入住体验。	524	10656
4277	行政套房	行政套房，空间宽敞，配套齐全，尊享舒适入住体验。	577	10657
4277	大床房	大床房，配备舒适大床，温馨静谧，适合休闲度假。	428	10658
4278	标准间	标准间，简洁整洁，设施完备，高性价比之选。	298	10659
4278	行政套房	行政套房，空间宽敞，配套齐全，尊享舒适入住体验。	877	10660
4278	大床房	大床房，配备舒适大床，温馨静谧，适合休闲度假。	417	10661
4279	标准间	标准间，简洁整洁，设施完备，高性价比之选。	293	10662
4279	大床房	大床房，配备舒适大床，温馨静谧，适合休闲度假。	393	10663
4280	大床房	大床房，配备舒适大床，温馨静谧，适合休闲度假。	341	10664
4280	行政套房	行政套房，空间宽敞，配套齐全，尊享舒适入住体验。	869	10665
4281	标准间	标准间，简洁整洁，设施完备，高性价比之选。	294	10666
4281	大床房	大床房，配备舒适大床，温馨静谧，适合休闲度假。	425	10667
4282	行政套房	行政套房，空间宽敞，配套齐全，尊享舒适入住体验。	622	10668
4282	大床房	大床房，配备舒适大床，温馨静谧，适合休闲度假。	464	10669
4283	标准间	标准间，简洁整洁，设施完备，高性价比之选。	198	10670
4283	大床房	大床房，配备舒适大床，温馨静谧，适合休闲度假。	343	10671
4284	行政套房	行政套房，空间宽敞，配套齐全，尊享舒适入住体验。	587	10672
4284	标准间	标准间，简洁整洁，设施完备，高性价比之选。	319	10673
4285	大床房	大床房，配备舒适大床，温馨静谧，适合休闲度假。	288	10674
4285	行政套房	行政套房，空间宽敞，配套齐全，尊享舒适入住体验。	495	10675
4286	大床房	大床房，配备舒适大床，温馨静谧，适合休闲度假。	389	10676
4286	行政套房	行政套房，空间宽敞，配套齐全，尊享舒适入住体验。	868	10677
4286	标准间	标准间，简洁整洁，设施完备，高性价比之选。	258	10678
4287	大床房	大床房，配备舒适大床，温馨静谧，适合休闲度假。	465	10679
4287	行政套房	行政套房，空间宽敞，配套齐全，尊享舒适入住体验。	754	10680
4287	标准间	标准间，简洁整洁，设施完备，高性价比之选。	248	10681
4288	标准间	标准间，简洁整洁，设施完备，高性价比之选。	298	10682
4288	大床房	大床房，配备舒适大床，温馨静谧，适合休闲度假。	393	10683
4288	行政套房	行政套房，空间宽敞，配套齐全，尊享舒适入住体验。	753	10684
4289	行政套房	行政套房，空间宽敞，配套齐全，尊享舒适入住体验。	826	10685
4289	大床房	大床房，配备舒适大床，温馨静谧，适合休闲度假。	393	10686
4290	行政套房	行政套房，空间宽敞，配套齐全，尊享舒适入住体验。	624	10687
4290	大床房	大床房，配备舒适大床，温馨静谧，适合休闲度假。	344	10688
4290	标准间	标准间，简洁整洁，设施完备，高性价比之选。	256	10689
4291	行政套房	行政套房，空间宽敞，配套齐全，尊享舒适入住体验。	637	10690
4291	大床房	大床房，配备舒适大床，温馨静谧，适合休闲度假。	446	10691
4291	标准间	标准间，简洁整洁，设施完备，高性价比之选。	318	10692
4292	标准间	标准间，简洁整洁，设施完备，高性价比之选。	278	10693
4292	行政套房	行政套房，空间宽敞，配套齐全，尊享舒适入住体验。	617	10694
4292	大床房	大床房，配备舒适大床，温馨静谧，适合休闲度假。	283	10695
4293	大床房	大床房，配备舒适大床，温馨静谧，适合休闲度假。	383	10696
4293	标准间	标准间，简洁整洁，设施完备，高性价比之选。	227	10697
4293	行政套房	行政套房，空间宽敞，配套齐全，尊享舒适入住体验。	507	10698
4294	大床房	大床房，配备舒适大床，温馨静谧，适合休闲度假。	475	10699
4294	行政套房	行政套房，空间宽敞，配套齐全，尊享舒适入住体验。	867	10700
4294	标准间	标准间，简洁整洁，设施完备，高性价比之选。	259	10701
4295	大床房	大床房，配备舒适大床，温馨静谧，适合休闲度假。	456	10702
4295	标准间	标准间，简洁整洁，设施完备，高性价比之选。	208	10703
4296	大床房	大床房，配备舒适大床，温馨静谧，适合休闲度假。	407	10704
4296	标准间	标准间，简洁整洁，设施完备，高性价比之选。	293	10705
4296	行政套房	行政套房，空间宽敞，配套齐全，尊享舒适入住体验。	700	10706
4297	行政套房	行政套房，空间宽敞，配套齐全，尊享舒适入住体验。	524	10707
4297	大床房	大床房，配备舒适大床，温馨静谧，适合休闲度假。	278	10708
4298	行政套房	行政套房，空间宽敞，配套齐全，尊享舒适入住体验。	584	10709
4298	标准间	标准间，简洁整洁，设施完备，高性价比之选。	252	10710
4299	行政套房	行政套房，空间宽敞，配套齐全，尊享舒适入住体验。	717	10711
4299	大床房	大床房，配备舒适大床，温馨静谧，适合休闲度假。	291	10712
4299	标准间	标准间，简洁整洁，设施完备，高性价比之选。	310	10713
4300	标准间	标准间，简洁整洁，设施完备，高性价比之选。	309	10714
4300	行政套房	行政套房，空间宽敞，配套齐全，尊享舒适入住体验。	548	10715
4300	大床房	大床房，配备舒适大床，温馨静谧，适合休闲度假。	370	10716
4301	行政套房	行政套房，空间宽敞，配套齐全，尊享舒适入住体验。	822	10717
4301	标准间	标准间，简洁整洁，设施完备，高性价比之选。	249	10718
4302	大床房	大床房，配备舒适大床，温馨静谧，适合休闲度假。	396	10719
4302	行政套房	行政套房，空间宽敞，配套齐全，尊享舒适入住体验。	857	10720
4302	标准间	标准间，简洁整洁，设施完备，高性价比之选。	224	10721
4303	标准间	标准间，简洁整洁，设施完备，高性价比之选。	199	10722
4303	大床房	大床房，配备舒适大床，温馨静谧，适合休闲度假。	276	10723
4304	行政套房	行政套房，空间宽敞，配套齐全，尊享舒适入住体验。	567	10724
4304	大床房	大床房，配备舒适大床，温馨静谧，适合休闲度假。	334	10725
4305	行政套房	行政套房，空间宽敞，配套齐全，尊享舒适入住体验。	529	10726
4305	标准间	标准间，简洁整洁，设施完备，高性价比之选。	320	10727
4305	大床房	大床房，配备舒适大床，温馨静谧，适合休闲度假。	476	10728
4306	行政套房	行政套房，空间宽敞，配套齐全，尊享舒适入住体验。	687	10729
4306	大床房	大床房，配备舒适大床，温馨静谧，适合休闲度假。	324	10730
4307	标准间	标准间，简洁整洁，设施完备，高性价比之选。	318	10731
4307	大床房	大床房，配备舒适大床，温馨静谧，适合休闲度假。	275	10732
4307	行政套房	行政套房，空间宽敞，配套齐全，尊享舒适入住体验。	633	10733
4308	大床房	大床房，配备舒适大床，温馨静谧，适合休闲度假。	440	10734
4308	标准间	标准间，简洁整洁，设施完备，高性价比之选。	240	10735
4308	行政套房	行政套房，空间宽敞，配套齐全，尊享舒适入住体验。	732	10736
4309	标准间	标准间，简洁整洁，设施完备，高性价比之选。	257	10737
4309	大床房	大床房，配备舒适大床，温馨静谧，适合休闲度假。	446	10738
4310	标准间	标准间，简洁整洁，设施完备，高性价比之选。	314	10739
4310	行政套房	行政套房，空间宽敞，配套齐全，尊享舒适入住体验。	666	10740
4310	大床房	大床房，配备舒适大床，温馨静谧，适合休闲度假。	464	10741
4311	标准间	标准间，简洁整洁，设施完备，高性价比之选。	255	10742
4311	大床房	大床房，配备舒适大床，温馨静谧，适合休闲度假。	472	10743
4311	行政套房	行政套房，空间宽敞，配套齐全，尊享舒适入住体验。	613	10744
4312	标准间	标准间，简洁整洁，设施完备，高性价比之选。	233	10745
4312	大床房	大床房，配备舒适大床，温馨静谧，适合休闲度假。	283	10746
4313	大床房	大床房，配备舒适大床，温馨静谧，适合休闲度假。	388	10747
4313	标准间	标准间，简洁整洁，设施完备，高性价比之选。	257	10748
4313	行政套房	行政套房，空间宽敞，配套齐全，尊享舒适入住体验。	705	10749
4314	标准间	标准间，简洁整洁，设施完备，高性价比之选。	213	10750
4314	行政套房	行政套房，空间宽敞，配套齐全，尊享舒适入住体验。	748	10751
4315	大床房	大床房，配备舒适大床，温馨静谧，适合休闲度假。	315	10752
4315	行政套房	行政套房，空间宽敞，配套齐全，尊享舒适入住体验。	576	10753
4315	标准间	标准间，简洁整洁，设施完备，高性价比之选。	276	10754
4316	大床房	大床房，配备舒适大床，温馨静谧，适合休闲度假。	358	10755
4316	行政套房	行政套房，空间宽敞，配套齐全，尊享舒适入住体验。	767	10756
4316	标准间	标准间，简洁整洁，设施完备，高性价比之选。	310	10757
4317	标准间	标准间，简洁整洁，设施完备，高性价比之选。	305	10758
4317	行政套房	行政套房，空间宽敞，配套齐全，尊享舒适入住体验。	805	10759
4317	大床房	大床房，配备舒适大床，温馨静谧，适合休闲度假。	439	10760
4318	标准间	标准间，简洁整洁，设施完备，高性价比之选。	213	10761
4318	大床房	大床房，配备舒适大床，温馨静谧，适合休闲度假。	445	10762
4319	大床房	大床房，配备舒适大床，温馨静谧，适合休闲度假。	292	10763
4319	标准间	标准间，简洁整洁，设施完备，高性价比之选。	267	10764
4320	大床房	大床房，配备舒适大床，温馨静谧，适合休闲度假。	477	10765
4320	标准间	标准间，简洁整洁，设施完备，高性价比之选。	307	10766
4321	行政套房	行政套房，空间宽敞，配套齐全，尊享舒适入住体验。	589	10767
4321	大床房	大床房，配备舒适大床，温馨静谧，适合休闲度假。	444	10768
4322	标准间	标准间，简洁整洁，设施完备，高性价比之选。	234	10769
4322	大床房	大床房，配备舒适大床，温馨静谧，适合休闲度假。	435	10770
4322	行政套房	行政套房，空间宽敞，配套齐全，尊享舒适入住体验。	619	10771
4323	行政套房	行政套房，空间宽敞，配套齐全，尊享舒适入住体验。	729	10772
4323	大床房	大床房，配备舒适大床，温馨静谧，适合休闲度假。	272	10773
4324	行政套房	行政套房，空间宽敞，配套齐全，尊享舒适入住体验。	575	10774
4324	标准间	标准间，简洁整洁，设施完备，高性价比之选。	273	10775
4324	大床房	大床房，配备舒适大床，温馨静谧，适合休闲度假。	315	10776
4325	标准间	标准间，简洁整洁，设施完备，高性价比之选。	271	10777
4325	行政套房	行政套房，空间宽敞，配套齐全，尊享舒适入住体验。	805	10778
4326	大床房	大床房，配备舒适大床，温馨静谧，适合休闲度假。	402	10779
4326	标准间	标准间，简洁整洁，设施完备，高性价比之选。	205	10780
4326	行政套房	行政套房，空间宽敞，配套齐全，尊享舒适入住体验。	682	10781
4327	标准间	标准间，简洁整洁，设施完备，高性价比之选。	188	10782
4327	行政套房	行政套房，空间宽敞，配套齐全，尊享舒适入住体验。	769	10783
4328	大床房	大床房，配备舒适大床，温馨静谧，适合休闲度假。	417	10784
4328	行政套房	行政套房，空间宽敞，配套齐全，尊享舒适入住体验。	639	10785
4328	标准间	标准间，简洁整洁，设施完备，高性价比之选。	273	10786
4329	标准间	标准间，简洁整洁，设施完备，高性价比之选。	300	10787
4329	大床房	大床房，配备舒适大床，温馨静谧，适合休闲度假。	382	10788
4329	行政套房	行政套房，空间宽敞，配套齐全，尊享舒适入住体验。	605	10789
4330	标准间	标准间，简洁整洁，设施完备，高性价比之选。	280	10790
4330	大床房	大床房，配备舒适大床，温馨静谧，适合休闲度假。	354	10791
4330	行政套房	行政套房，空间宽敞，配套齐全，尊享舒适入住体验。	518	10792
4331	大床房	大床房，配备舒适大床，温馨静谧，适合休闲度假。	263	10793
4331	标准间	标准间，简洁整洁，设施完备，高性价比之选。	250	10794
4331	行政套房	行政套房，空间宽敞，配套齐全，尊享舒适入住体验。	750	10795
4332	行政套房	行政套房，空间宽敞，配套齐全，尊享舒适入住体验。	660	10796
4332	标准间	标准间，简洁整洁，设施完备，高性价比之选。	260	10797
4333	行政套房	行政套房，空间宽敞，配套齐全，尊享舒适入住体验。	495	10798
4333	标准间	标准间，简洁整洁，设施完备，高性价比之选。	242	10799
4334	行政套房	行政套房，空间宽敞，配套齐全，尊享舒适入住体验。	608	10800
4334	大床房	大床房，配备舒适大床，温馨静谧，适合休闲度假。	332	10801
4335	大床房	大床房，配备舒适大床，温馨静谧，适合休闲度假。	385	10802
4335	行政套房	行政套房，空间宽敞，配套齐全，尊享舒适入住体验。	492	10803
4335	标准间	标准间，简洁整洁，设施完备，高性价比之选。	247	10804
4336	行政套房	行政套房，空间宽敞，配套齐全，尊享舒适入住体验。	703	10805
4336	大床房	大床房，配备舒适大床，温馨静谧，适合休闲度假。	469	10806
4336	标准间	标准间，简洁整洁，设施完备，高性价比之选。	289	10807
4337	大床房	大床房，配备舒适大床，温馨静谧，适合休闲度假。	271	10808
4337	行政套房	行政套房，空间宽敞，配套齐全，尊享舒适入住体验。	573	10809
4338	标准间	标准间，简洁整洁，设施完备，高性价比之选。	184	10810
4338	行政套房	行政套房，空间宽敞，配套齐全，尊享舒适入住体验。	666	10811
4338	大床房	大床房，配备舒适大床，温馨静谧，适合休闲度假。	480	10812
4339	标准间	标准间，简洁整洁，设施完备，高性价比之选。	304	10813
4339	大床房	大床房，配备舒适大床，温馨静谧，适合休闲度假。	462	10814
4340	大床房	大床房，配备舒适大床，温馨静谧，适合休闲度假。	310	10815
4340	行政套房	行政套房，空间宽敞，配套齐全，尊享舒适入住体验。	758	10816
4340	标准间	标准间，简洁整洁，设施完备，高性价比之选。	306	10817
4341	行政套房	行政套房，空间宽敞，配套齐全，尊享舒适入住体验。	720	10818
4341	标准间	标准间，简洁整洁，设施完备，高性价比之选。	300	10819
4342	大床房	大床房，配备舒适大床，温馨静谧，适合休闲度假。	313	10820
4342	标准间	标准间，简洁整洁，设施完备，高性价比之选。	269	10821
4342	行政套房	行政套房，空间宽敞，配套齐全，尊享舒适入住体验。	698	10822
4343	标准间	标准间，简洁整洁，设施完备，高性价比之选。	263	10823
4343	行政套房	行政套房，空间宽敞，配套齐全，尊享舒适入住体验。	712	10824
4344	大床房	大床房，配备舒适大床，温馨静谧，适合休闲度假。	410	10825
4344	行政套房	行政套房，空间宽敞，配套齐全，尊享舒适入住体验。	656	10826
4345	行政套房	行政套房，空间宽敞，配套齐全，尊享舒适入住体验。	507	10827
4345	标准间	标准间，简洁整洁，设施完备，高性价比之选。	283	10828
4346	标准间	标准间，简洁整洁，设施完备，高性价比之选。	274	10829
4346	大床房	大床房，配备舒适大床，温馨静谧，适合休闲度假。	443	10830
4346	行政套房	行政套房，空间宽敞，配套齐全，尊享舒适入住体验。	772	10831
4347	大床房	大床房，配备舒适大床，温馨静谧，适合休闲度假。	410	10832
4347	标准间	标准间，简洁整洁，设施完备，高性价比之选。	196	10833
4348	标准间	标准间，简洁整洁，设施完备，高性价比之选。	218	10834
4348	大床房	大床房，配备舒适大床，温馨静谧，适合休闲度假。	401	10835
4349	标准间	标准间，简洁整洁，设施完备，高性价比之选。	305	10836
4349	大床房	大床房，配备舒适大床，温馨静谧，适合休闲度假。	323	10837
4350	大床房	大床房，配备舒适大床，温馨静谧，适合休闲度假。	265	10838
4350	标准间	标准间，简洁整洁，设施完备，高性价比之选。	242	10839
4351	标准间	标准间，简洁整洁，设施完备，高性价比之选。	268	10840
4351	大床房	大床房，配备舒适大床，温馨静谧，适合休闲度假。	475	10841
4352	行政套房	行政套房，空间宽敞，配套齐全，尊享舒适入住体验。	590	10842
4352	大床房	大床房，配备舒适大床，温馨静谧，适合休闲度假。	457	10843
4353	标准间	标准间，简洁整洁，设施完备，高性价比之选。	280	10844
4353	行政套房	行政套房，空间宽敞，配套齐全，尊享舒适入住体验。	704	10845
4353	大床房	大床房，配备舒适大床，温馨静谧，适合休闲度假。	286	10846
4354	大床房	大床房，配备舒适大床，温馨静谧，适合休闲度假。	431	10847
4354	行政套房	行政套房，空间宽敞，配套齐全，尊享舒适入住体验。	754	10848
4355	行政套房	行政套房，空间宽敞，配套齐全，尊享舒适入住体验。	699	10849
4355	标准间	标准间，简洁整洁，设施完备，高性价比之选。	256	10850
4356	行政套房	行政套房，空间宽敞，配套齐全，尊享舒适入住体验。	611	10851
4356	大床房	大床房，配备舒适大床，温馨静谧，适合休闲度假。	386	10852
4356	标准间	标准间，简洁整洁，设施完备，高性价比之选。	308	10853
4357	标准间	标准间，简洁整洁，设施完备，高性价比之选。	276	10854
4357	行政套房	行政套房，空间宽敞，配套齐全，尊享舒适入住体验。	539	10855
4358	大床房	大床房，配备舒适大床，温馨静谧，适合休闲度假。	387	10856
4358	行政套房	行政套房，空间宽敞，配套齐全，尊享舒适入住体验。	806	10857
4358	标准间	标准间，简洁整洁，设施完备，高性价比之选。	315	10858
4359	大床房	大床房，配备舒适大床，温馨静谧，适合休闲度假。	404	10859
4359	标准间	标准间，简洁整洁，设施完备，高性价比之选。	311	10860
4359	行政套房	行政套房，空间宽敞，配套齐全，尊享舒适入住体验。	706	10861
4360	标准间	标准间，简洁整洁，设施完备，高性价比之选。	247	10862
4360	行政套房	行政套房，空间宽敞，配套齐全，尊享舒适入住体验。	509	10863
4361	行政套房	行政套房，空间宽敞，配套齐全，尊享舒适入住体验。	756	10864
4361	标准间	标准间，简洁整洁，设施完备，高性价比之选。	210	10865
4362	大床房	大床房，配备舒适大床，温馨静谧，适合休闲度假。	329	10866
4362	行政套房	行政套房，空间宽敞，配套齐全，尊享舒适入住体验。	743	10867
4363	标准间	标准间，简洁整洁，设施完备，高性价比之选。	273	10868
4363	大床房	大床房，配备舒适大床，温馨静谧，适合休闲度假。	479	10869
4364	行政套房	行政套房，空间宽敞，配套齐全，尊享舒适入住体验。	780	10870
4364	大床房	大床房，配备舒适大床，温馨静谧，适合休闲度假。	371	10871
4365	行政套房	行政套房，空间宽敞，配套齐全，尊享舒适入住体验。	787	10872
4365	标准间	标准间，简洁整洁，设施完备，高性价比之选。	316	10873
4365	大床房	大床房，配备舒适大床，温馨静谧，适合休闲度假。	374	10874
4366	大床房	大床房，配备舒适大床，温馨静谧，适合休闲度假。	287	10875
4366	行政套房	行政套房，空间宽敞，配套齐全，尊享舒适入住体验。	776	10876
4366	标准间	标准间，简洁整洁，设施完备，高性价比之选。	233	10877
4367	大床房	大床房，配备舒适大床，温馨静谧，适合休闲度假。	348	10878
4367	标准间	标准间，简洁整洁，设施完备，高性价比之选。	209	10879
4367	行政套房	行政套房，空间宽敞，配套齐全，尊享舒适入住体验。	617	10880
4368	行政套房	行政套房，空间宽敞，配套齐全，尊享舒适入住体验。	619	10881
4368	标准间	标准间，简洁整洁，设施完备，高性价比之选。	281	10882
4369	行政套房	行政套房，空间宽敞，配套齐全，尊享舒适入住体验。	495	10883
4369	大床房	大床房，配备舒适大床，温馨静谧，适合休闲度假。	339	10884
4369	标准间	标准间，简洁整洁，设施完备，高性价比之选。	258	10885
4370	标准间	标准间，简洁整洁，设施完备，高性价比之选。	230	10886
4370	行政套房	行政套房，空间宽敞，配套齐全，尊享舒适入住体验。	830	10887
4371	大床房	大床房，配备舒适大床，温馨静谧，适合休闲度假。	421	10888
4371	标准间	标准间，简洁整洁，设施完备，高性价比之选。	222	10889
4372	标准间	标准间，简洁整洁，设施完备，高性价比之选。	239	10890
4372	行政套房	行政套房，空间宽敞，配套齐全，尊享舒适入住体验。	658	10891
4373	标准间	标准间，简洁整洁，设施完备，高性价比之选。	289	10892
4373	大床房	大床房，配备舒适大床，温馨静谧，适合休闲度假。	285	10893
4374	标准间	标准间，简洁整洁，设施完备，高性价比之选。	199	10894
4374	大床房	大床房，配备舒适大床，温馨静谧，适合休闲度假。	326	10895
4374	行政套房	行政套房，空间宽敞，配套齐全，尊享舒适入住体验。	605	10896
4375	大床房	大床房，配备舒适大床，温馨静谧，适合休闲度假。	384	10897
4375	标准间	标准间，简洁整洁，设施完备，高性价比之选。	312	10898
4376	行政套房	行政套房，空间宽敞，配套齐全，尊享舒适入住体验。	796	10899
4376	大床房	大床房，配备舒适大床，温馨静谧，适合休闲度假。	428	10900
4377	行政套房	行政套房，空间宽敞，配套齐全，尊享舒适入住体验。	699	10901
4377	大床房	大床房，配备舒适大床，温馨静谧，适合休闲度假。	287	10902
4378	标准间	标准间，简洁整洁，设施完备，高性价比之选。	275	10903
4378	行政套房	行政套房，空间宽敞，配套齐全，尊享舒适入住体验。	533	10904
4379	大床房	大床房，配备舒适大床，温馨静谧，适合休闲度假。	472	10905
4379	行政套房	行政套房，空间宽敞，配套齐全，尊享舒适入住体验。	530	10906
4379	标准间	标准间，简洁整洁，设施完备，高性价比之选。	302	10907
4380	大床房	大床房，配备舒适大床，温馨静谧，适合休闲度假。	401	10908
4380	标准间	标准间，简洁整洁，设施完备，高性价比之选。	263	10909
4380	行政套房	行政套房，空间宽敞，配套齐全，尊享舒适入住体验。	521	10910
4381	大床房	大床房，配备舒适大床，温馨静谧，适合休闲度假。	436	10911
4381	行政套房	行政套房，空间宽敞，配套齐全，尊享舒适入住体验。	780	10912
4382	行政套房	行政套房，空间宽敞，配套齐全，尊享舒适入住体验。	830	10913
4382	标准间	标准间，简洁整洁，设施完备，高性价比之选。	294	10914
4382	大床房	大床房，配备舒适大床，温馨静谧，适合休闲度假。	386	10915
4383	大床房	大床房，配备舒适大床，温馨静谧，适合休闲度假。	356	10916
4383	行政套房	行政套房，空间宽敞，配套齐全，尊享舒适入住体验。	661	10917
4383	标准间	标准间，简洁整洁，设施完备，高性价比之选。	227	10918
4384	行政套房	行政套房，空间宽敞，配套齐全，尊享舒适入住体验。	520	10919
4384	大床房	大床房，配备舒适大床，温馨静谧，适合休闲度假。	267	10920
4385	行政套房	行政套房，空间宽敞，配套齐全，尊享舒适入住体验。	604	10921
4385	大床房	大床房，配备舒适大床，温馨静谧，适合休闲度假。	305	10922
4385	标准间	标准间，简洁整洁，设施完备，高性价比之选。	248	10923
4386	行政套房	行政套房，空间宽敞，配套齐全，尊享舒适入住体验。	795	10924
4386	大床房	大床房，配备舒适大床，温馨静谧，适合休闲度假。	357	10925
4386	标准间	标准间，简洁整洁，设施完备，高性价比之选。	273	10926
4387	标准间	标准间，简洁整洁，设施完备，高性价比之选。	233	10927
4387	大床房	大床房，配备舒适大床，温馨静谧，适合休闲度假。	311	10928
4387	行政套房	行政套房，空间宽敞，配套齐全，尊享舒适入住体验。	786	10929
4388	标准间	标准间，简洁整洁，设施完备，高性价比之选。	289	10930
4388	行政套房	行政套房，空间宽敞，配套齐全，尊享舒适入住体验。	719	10931
4388	大床房	大床房，配备舒适大床，温馨静谧，适合休闲度假。	266	10932
4389	大床房	大床房，配备舒适大床，温馨静谧，适合休闲度假。	452	10933
4389	标准间	标准间，简洁整洁，设施完备，高性价比之选。	279	10934
4389	行政套房	行政套房，空间宽敞，配套齐全，尊享舒适入住体验。	871	10935
4390	标准间	标准间，简洁整洁，设施完备，高性价比之选。	216	10936
4390	行政套房	行政套房，空间宽敞，配套齐全，尊享舒适入住体验。	759	10937
4391	大床房	大床房，配备舒适大床，温馨静谧，适合休闲度假。	278	10938
4391	标准间	标准间，简洁整洁，设施完备，高性价比之选。	201	10939
4391	行政套房	行政套房，空间宽敞，配套齐全，尊享舒适入住体验。	797	10940
4392	行政套房	行政套房，空间宽敞，配套齐全，尊享舒适入住体验。	614	10941
4392	大床房	大床房，配备舒适大床，温馨静谧，适合休闲度假。	402	10942
4392	标准间	标准间，简洁整洁，设施完备，高性价比之选。	319	10943
4393	标准间	标准间，简洁整洁，设施完备，高性价比之选。	182	10944
4393	大床房	大床房，配备舒适大床，温馨静谧，适合休闲度假。	424	10945
4393	行政套房	行政套房，空间宽敞，配套齐全，尊享舒适入住体验。	715	10946
4394	行政套房	行政套房，空间宽敞，配套齐全，尊享舒适入住体验。	526	10947
4394	大床房	大床房，配备舒适大床，温馨静谧，适合休闲度假。	266	10948
4394	标准间	标准间，简洁整洁，设施完备，高性价比之选。	272	10949
4395	行政套房	行政套房，空间宽敞，配套齐全，尊享舒适入住体验。	623	10950
4395	标准间	标准间，简洁整洁，设施完备，高性价比之选。	208	10951
4395	大床房	大床房，配备舒适大床，温馨静谧，适合休闲度假。	348	10952
4396	行政套房	行政套房，空间宽敞，配套齐全，尊享舒适入住体验。	741	10953
4396	标准间	标准间，简洁整洁，设施完备，高性价比之选。	280	10954
4396	大床房	大床房，配备舒适大床，温馨静谧，适合休闲度假。	297	10955
4397	标准间	标准间，简洁整洁，设施完备，高性价比之选。	270	10956
4397	行政套房	行政套房，空间宽敞，配套齐全，尊享舒适入住体验。	817	10957
4398	行政套房	行政套房，空间宽敞，配套齐全，尊享舒适入住体验。	701	10958
4398	大床房	大床房，配备舒适大床，温馨静谧，适合休闲度假。	389	10959
4399	行政套房	行政套房，空间宽敞，配套齐全，尊享舒适入住体验。	648	10960
4399	大床房	大床房，配备舒适大床，温馨静谧，适合休闲度假。	273	10961
4400	行政套房	行政套房，空间宽敞，配套齐全，尊享舒适入住体验。	536	10962
4400	标准间	标准间，简洁整洁，设施完备，高性价比之选。	303	10963
4401	标准间	标准间，简洁整洁，设施完备，高性价比之选。	204	10964
4401	大床房	大床房，配备舒适大床，温馨静谧，适合休闲度假。	448	10965
4401	行政套房	行政套房，空间宽敞，配套齐全，尊享舒适入住体验。	622	10966
4402	行政套房	行政套房，空间宽敞，配套齐全，尊享舒适入住体验。	697	10967
4402	标准间	标准间，简洁整洁，设施完备，高性价比之选。	306	10968
4402	大床房	大床房，配备舒适大床，温馨静谧，适合休闲度假。	467	10969
4403	大床房	大床房，配备舒适大床，温馨静谧，适合休闲度假。	361	10970
4403	行政套房	行政套房，空间宽敞，配套齐全，尊享舒适入住体验。	673	10971
4403	标准间	标准间，简洁整洁，设施完备，高性价比之选。	313	10972
4404	行政套房	行政套房，空间宽敞，配套齐全，尊享舒适入住体验。	646	10973
4404	大床房	大床房，配备舒适大床，温馨静谧，适合休闲度假。	456	10974
4405	行政套房	行政套房，空间宽敞，配套齐全，尊享舒适入住体验。	494	10975
4405	标准间	标准间，简洁整洁，设施完备，高性价比之选。	253	10976
4405	大床房	大床房，配备舒适大床，温馨静谧，适合休闲度假。	317	10977
4406	大床房	大床房，配备舒适大床，温馨静谧，适合休闲度假。	281	10978
4406	行政套房	行政套房，空间宽敞，配套齐全，尊享舒适入住体验。	754	10979
4407	大床房	大床房，配备舒适大床，温馨静谧，适合休闲度假。	456	10980
4407	标准间	标准间，简洁整洁，设施完备，高性价比之选。	265	10981
4407	行政套房	行政套房，空间宽敞，配套齐全，尊享舒适入住体验。	533	10982
4408	标准间	标准间，简洁整洁，设施完备，高性价比之选。	191	10983
4408	大床房	大床房，配备舒适大床，温馨静谧，适合休闲度假。	432	10984
4408	行政套房	行政套房，空间宽敞，配套齐全，尊享舒适入住体验。	856	10985
4409	标准间	标准间，简洁整洁，设施完备，高性价比之选。	304	10986
4409	行政套房	行政套房，空间宽敞，配套齐全，尊享舒适入住体验。	493	10987
4409	大床房	大床房，配备舒适大床，温馨静谧，适合休闲度假。	296	10988
4410	标准间	标准间，简洁整洁，设施完备，高性价比之选。	192	10989
4410	大床房	大床房，配备舒适大床，温馨静谧，适合休闲度假。	261	10990
4411	大床房	大床房，配备舒适大床，温馨静谧，适合休闲度假。	320	10991
4411	标准间	标准间，简洁整洁，设施完备，高性价比之选。	215	10992
4411	行政套房	行政套房，空间宽敞，配套齐全，尊享舒适入住体验。	806	10993
4412	大床房	大床房，配备舒适大床，温馨静谧，适合休闲度假。	423	10994
4412	标准间	标准间，简洁整洁，设施完备，高性价比之选。	225	10995
4413	大床房	大床房，配备舒适大床，温馨静谧，适合休闲度假。	336	10996
4413	标准间	标准间，简洁整洁，设施完备，高性价比之选。	305	10997
4414	行政套房	行政套房，空间宽敞，配套齐全，尊享舒适入住体验。	608	10998
4414	大床房	大床房，配备舒适大床，温馨静谧，适合休闲度假。	285	10999
4415	标准间	标准间，简洁整洁，设施完备，高性价比之选。	196	11000
4415	行政套房	行政套房，空间宽敞，配套齐全，尊享舒适入住体验。	627	11001
4415	大床房	大床房，配备舒适大床，温馨静谧，适合休闲度假。	405	11002
4416	行政套房	行政套房，空间宽敞，配套齐全，尊享舒适入住体验。	800	11003
4416	标准间	标准间，简洁整洁，设施完备，高性价比之选。	261	11004
4417	大床房	大床房，配备舒适大床，温馨静谧，适合休闲度假。	479	11005
4417	标准间	标准间，简洁整洁，设施完备，高性价比之选。	183	11006
4417	行政套房	行政套房，空间宽敞，配套齐全，尊享舒适入住体验。	654	11007
4418	行政套房	行政套房，空间宽敞，配套齐全，尊享舒适入住体验。	777	11008
4418	标准间	标准间，简洁整洁，设施完备，高性价比之选。	307	11009
4418	大床房	大床房，配备舒适大床，温馨静谧，适合休闲度假。	435	11010
4419	大床房	大床房，配备舒适大床，温馨静谧，适合休闲度假。	268	11011
4419	标准间	标准间，简洁整洁，设施完备，高性价比之选。	308	11012
4420	行政套房	行政套房，空间宽敞，配套齐全，尊享舒适入住体验。	651	11013
4420	标准间	标准间，简洁整洁，设施完备，高性价比之选。	264	11014
4420	大床房	大床房，配备舒适大床，温馨静谧，适合休闲度假。	440	11015
4421	大床房	大床房，配备舒适大床，温馨静谧，适合休闲度假。	275	11016
4421	标准间	标准间，简洁整洁，设施完备，高性价比之选。	217	11017
4421	行政套房	行政套房，空间宽敞，配套齐全，尊享舒适入住体验。	822	11018
4422	行政套房	行政套房，空间宽敞，配套齐全，尊享舒适入住体验。	524	11019
4422	大床房	大床房，配备舒适大床，温馨静谧，适合休闲度假。	429	11020
4423	大床房	大床房，配备舒适大床，温馨静谧，适合休闲度假。	414	11021
4423	标准间	标准间，简洁整洁，设施完备，高性价比之选。	201	11022
4424	大床房	大床房，配备舒适大床，温馨静谧，适合休闲度假。	431	11023
4424	行政套房	行政套房，空间宽敞，配套齐全，尊享舒适入住体验。	587	11024
4425	标准间	标准间，简洁整洁，设施完备，高性价比之选。	194	11025
4425	行政套房	行政套房，空间宽敞，配套齐全，尊享舒适入住体验。	563	11026
4425	大床房	大床房，配备舒适大床，温馨静谧，适合休闲度假。	455	11027
4426	标准间	标准间，简洁整洁，设施完备，高性价比之选。	205	11028
4426	行政套房	行政套房，空间宽敞，配套齐全，尊享舒适入住体验。	855	11029
4427	标准间	标准间，简洁整洁，设施完备，高性价比之选。	188	11030
4427	大床房	大床房，配备舒适大床，温馨静谧，适合休闲度假。	296	11031
4427	行政套房	行政套房，空间宽敞，配套齐全，尊享舒适入住体验。	534	11032
4428	行政套房	行政套房，空间宽敞，配套齐全，尊享舒适入住体验。	480	11033
4428	标准间	标准间，简洁整洁，设施完备，高性价比之选。	314	11034
4428	大床房	大床房，配备舒适大床，温馨静谧，适合休闲度假。	454	11035
4429	标准间	标准间，简洁整洁，设施完备，高性价比之选。	311	11036
4429	大床房	大床房，配备舒适大床，温馨静谧，适合休闲度假。	314	11037
4429	行政套房	行政套房，空间宽敞，配套齐全，尊享舒适入住体验。	760	11038
4430	标准间	标准间，简洁整洁，设施完备，高性价比之选。	239	11039
4430	大床房	大床房，配备舒适大床，温馨静谧，适合休闲度假。	420	11040
4431	大床房	大床房，配备舒适大床，温馨静谧，适合休闲度假。	477	11041
4431	标准间	标准间，简洁整洁，设施完备，高性价比之选。	252	11042
4431	行政套房	行政套房，空间宽敞，配套齐全，尊享舒适入住体验。	632	11043
4432	标准间	标准间，简洁整洁，设施完备，高性价比之选。	241	11044
4432	行政套房	行政套房，空间宽敞，配套齐全，尊享舒适入住体验。	510	11045
4432	大床房	大床房，配备舒适大床，温馨静谧，适合休闲度假。	378	11046
4433	行政套房	行政套房，空间宽敞，配套齐全，尊享舒适入住体验。	779	11047
4433	标准间	标准间，简洁整洁，设施完备，高性价比之选。	301	11048
4433	大床房	大床房，配备舒适大床，温馨静谧，适合休闲度假。	474	11049
4434	标准间	标准间，简洁整洁，设施完备，高性价比之选。	320	11050
4434	大床房	大床房，配备舒适大床，温馨静谧，适合休闲度假。	309	11051
4435	标准间	标准间，简洁整洁，设施完备，高性价比之选。	285	11052
4435	行政套房	行政套房，空间宽敞，配套齐全，尊享舒适入住体验。	662	11053
4436	行政套房	行政套房，空间宽敞，配套齐全，尊享舒适入住体验。	787	11054
4436	大床房	大床房，配备舒适大床，温馨静谧，适合休闲度假。	289	11055
4436	标准间	标准间，简洁整洁，设施完备，高性价比之选。	240	11056
4437	大床房	大床房，配备舒适大床，温馨静谧，适合休闲度假。	461	11057
4437	标准间	标准间，简洁整洁，设施完备，高性价比之选。	288	11058
4438	行政套房	行政套房，空间宽敞，配套齐全，尊享舒适入住体验。	720	11059
4438	标准间	标准间，简洁整洁，设施完备，高性价比之选。	303	11060
4438	大床房	大床房，配备舒适大床，温馨静谧，适合休闲度假。	307	11061
4439	行政套房	行政套房，空间宽敞，配套齐全，尊享舒适入住体验。	816	11062
4439	大床房	大床房，配备舒适大床，温馨静谧，适合休闲度假。	381	11063
4440	大床房	大床房，配备舒适大床，温馨静谧，适合休闲度假。	465	11064
4440	标准间	标准间，简洁整洁，设施完备，高性价比之选。	231	11065
4441	行政套房	行政套房，空间宽敞，配套齐全，尊享舒适入住体验。	539	11066
4441	大床房	大床房，配备舒适大床，温馨静谧，适合休闲度假。	297	11067
4442	标准间	标准间，简洁整洁，设施完备，高性价比之选。	281	11068
4442	行政套房	行政套房，空间宽敞，配套齐全，尊享舒适入住体验。	481	11069
4443	标准间	标准间，简洁整洁，设施完备，高性价比之选。	239	11070
4443	大床房	大床房，配备舒适大床，温馨静谧，适合休闲度假。	302	11071
4443	行政套房	行政套房，空间宽敞，配套齐全，尊享舒适入住体验。	839	11072
4444	标准间	标准间，简洁整洁，设施完备，高性价比之选。	225	11073
4444	大床房	大床房，配备舒适大床，温馨静谧，适合休闲度假。	445	11074
4444	行政套房	行政套房，空间宽敞，配套齐全，尊享舒适入住体验。	520	11075
4445	大床房	大床房，配备舒适大床，温馨静谧，适合休闲度假。	434	11076
4445	标准间	标准间，简洁整洁，设施完备，高性价比之选。	278	11077
4446	大床房	大床房，配备舒适大床，温馨静谧，适合休闲度假。	303	11078
4446	标准间	标准间，简洁整洁，设施完备，高性价比之选。	258	11079
4447	大床房	大床房，配备舒适大床，温馨静谧，适合休闲度假。	468	11080
4447	标准间	标准间，简洁整洁，设施完备，高性价比之选。	206	11081
4447	行政套房	行政套房，空间宽敞，配套齐全，尊享舒适入住体验。	709	11082
4448	大床房	大床房，配备舒适大床，温馨静谧，适合休闲度假。	343	11083
4448	行政套房	行政套房，空间宽敞，配套齐全，尊享舒适入住体验。	706	11084
4448	标准间	标准间，简洁整洁，设施完备，高性价比之选。	192	11085
4449	行政套房	行政套房，空间宽敞，配套齐全，尊享舒适入住体验。	605	11086
4449	标准间	标准间，简洁整洁，设施完备，高性价比之选。	198	11087
4450	大床房	大床房，配备舒适大床，温馨静谧，适合休闲度假。	381	11088
4450	行政套房	行政套房，空间宽敞，配套齐全，尊享舒适入住体验。	590	11089
4450	标准间	标准间，简洁整洁，设施完备，高性价比之选。	195	11090
4451	行政套房	行政套房，空间宽敞，配套齐全，尊享舒适入住体验。	632	11091
4451	大床房	大床房，配备舒适大床，温馨静谧，适合休闲度假。	316	11092
4452	大床房	大床房，配备舒适大床，温馨静谧，适合休闲度假。	446	11093
4452	行政套房	行政套房，空间宽敞，配套齐全，尊享舒适入住体验。	736	11094
4452	标准间	标准间，简洁整洁，设施完备，高性价比之选。	280	11095
4453	标准间	标准间，简洁整洁，设施完备，高性价比之选。	295	11096
4453	大床房	大床房，配备舒适大床，温馨静谧，适合休闲度假。	413	11097
4453	行政套房	行政套房，空间宽敞，配套齐全，尊享舒适入住体验。	661	11098
4454	大床房	大床房，配备舒适大床，温馨静谧，适合休闲度假。	379	11099
4454	标准间	标准间，简洁整洁，设施完备，高性价比之选。	257	11100
4455	标准间	标准间，简洁整洁，设施完备，高性价比之选。	230	11101
4455	大床房	大床房，配备舒适大床，温馨静谧，适合休闲度假。	328	11102
4456	标准间	标准间，简洁整洁，设施完备，高性价比之选。	268	11103
4456	大床房	大床房，配备舒适大床，温馨静谧，适合休闲度假。	409	11104
4457	大床房	大床房，配备舒适大床，温馨静谧，适合休闲度假。	395	11105
4457	标准间	标准间，简洁整洁，设施完备，高性价比之选。	259	11106
4457	行政套房	行政套房，空间宽敞，配套齐全，尊享舒适入住体验。	738	11107
4458	标准间	标准间，简洁整洁，设施完备，高性价比之选。	268	11108
4458	大床房	大床房，配备舒适大床，温馨静谧，适合休闲度假。	344	11109
4459	标准间	标准间，简洁整洁，设施完备，高性价比之选。	298	11110
4459	大床房	大床房，配备舒适大床，温馨静谧，适合休闲度假。	354	11111
4459	行政套房	行政套房，空间宽敞，配套齐全，尊享舒适入住体验。	652	11112
4460	行政套房	行政套房，空间宽敞，配套齐全，尊享舒适入住体验。	775	11113
4460	标准间	标准间，简洁整洁，设施完备，高性价比之选。	232	11114
4460	大床房	大床房，配备舒适大床，温馨静谧，适合休闲度假。	361	11115
4461	行政套房	行政套房，空间宽敞，配套齐全，尊享舒适入住体验。	544	11116
4461	标准间	标准间，简洁整洁，设施完备，高性价比之选。	302	11117
4462	标准间	标准间，简洁整洁，设施完备，高性价比之选。	285	11118
4462	行政套房	行政套房，空间宽敞，配套齐全，尊享舒适入住体验。	570	11119
4462	大床房	大床房，配备舒适大床，温馨静谧，适合休闲度假。	305	11120
4463	行政套房	行政套房，空间宽敞，配套齐全，尊享舒适入住体验。	507	11121
4463	大床房	大床房，配备舒适大床，温馨静谧，适合休闲度假。	358	11122
4464	行政套房	行政套房，空间宽敞，配套齐全，尊享舒适入住体验。	831	11123
4464	大床房	大床房，配备舒适大床，温馨静谧，适合休闲度假。	317	11124
4464	标准间	标准间，简洁整洁，设施完备，高性价比之选。	297	11125
4465	大床房	大床房，配备舒适大床，温馨静谧，适合休闲度假。	387	11126
4465	标准间	标准间，简洁整洁，设施完备，高性价比之选。	243	11127
4465	行政套房	行政套房，空间宽敞，配套齐全，尊享舒适入住体验。	598	11128
4466	标准间	标准间，简洁整洁，设施完备，高性价比之选。	279	11129
4466	行政套房	行政套房，空间宽敞，配套齐全，尊享舒适入住体验。	530	11130
4467	大床房	大床房，配备舒适大床，温馨静谧，适合休闲度假。	389	11131
4467	行政套房	行政套房，空间宽敞，配套齐全，尊享舒适入住体验。	878	11132
4467	标准间	标准间，简洁整洁，设施完备，高性价比之选。	277	11133
4468	标准间	标准间，简洁整洁，设施完备，高性价比之选。	184	11134
4468	行政套房	行政套房，空间宽敞，配套齐全，尊享舒适入住体验。	648	11135
4469	标准间	标准间，简洁整洁，设施完备，高性价比之选。	232	11136
4469	大床房	大床房，配备舒适大床，温馨静谧，适合休闲度假。	307	11137
4470	行政套房	行政套房，空间宽敞，配套齐全，尊享舒适入住体验。	582	11138
4470	标准间	标准间，简洁整洁，设施完备，高性价比之选。	290	11139
4470	大床房	大床房，配备舒适大床，温馨静谧，适合休闲度假。	301	11140
4471	大床房	大床房，配备舒适大床，温馨静谧，适合休闲度假。	309	11141
4471	行政套房	行政套房，空间宽敞，配套齐全，尊享舒适入住体验。	626	11142
4471	标准间	标准间，简洁整洁，设施完备，高性价比之选。	249	11143
4472	大床房	大床房，配备舒适大床，温馨静谧，适合休闲度假。	434	11144
4472	行政套房	行政套房，空间宽敞，配套齐全，尊享舒适入住体验。	550	11145
4473	行政套房	行政套房，空间宽敞，配套齐全，尊享舒适入住体验。	693	11146
4473	标准间	标准间，简洁整洁，设施完备，高性价比之选。	186	11147
4473	大床房	大床房，配备舒适大床，温馨静谧，适合休闲度假。	330	11148
4474	标准间	标准间，简洁整洁，设施完备，高性价比之选。	307	11149
4474	行政套房	行政套房，空间宽敞，配套齐全，尊享舒适入住体验。	603	11150
4475	行政套房	行政套房，空间宽敞，配套齐全，尊享舒适入住体验。	494	11151
4475	标准间	标准间，简洁整洁，设施完备，高性价比之选。	278	11152
4475	大床房	大床房，配备舒适大床，温馨静谧，适合休闲度假。	443	11153
4476	大床房	大床房，配备舒适大床，温馨静谧，适合休闲度假。	285	11154
4476	行政套房	行政套房，空间宽敞，配套齐全，尊享舒适入住体验。	662	11155
4477	行政套房	行政套房，空间宽敞，配套齐全，尊享舒适入住体验。	834	11156
4477	大床房	大床房，配备舒适大床，温馨静谧，适合休闲度假。	430	11157
4477	标准间	标准间，简洁整洁，设施完备，高性价比之选。	284	11158
4478	标准间	标准间，简洁整洁，设施完备，高性价比之选。	292	11159
4478	大床房	大床房，配备舒适大床，温馨静谧，适合休闲度假。	277	11160
4478	行政套房	行政套房，空间宽敞，配套齐全，尊享舒适入住体验。	706	11161
4479	标准间	标准间，简洁整洁，设施完备，高性价比之选。	201	11162
4479	大床房	大床房，配备舒适大床，温馨静谧，适合休闲度假。	289	11163
4480	标准间	标准间，简洁整洁，设施完备，高性价比之选。	233	11164
4480	行政套房	行政套房，空间宽敞，配套齐全，尊享舒适入住体验。	803	11165
4481	行政套房	行政套房，空间宽敞，配套齐全，尊享舒适入住体验。	871	11166
4481	标准间	标准间，简洁整洁，设施完备，高性价比之选。	280	11167
4482	大床房	大床房，配备舒适大床，温馨静谧，适合休闲度假。	364	11168
4482	标准间	标准间，简洁整洁，设施完备，高性价比之选。	217	11169
4483	行政套房	行政套房，空间宽敞，配套齐全，尊享舒适入住体验。	689	11170
4483	大床房	大床房，配备舒适大床，温馨静谧，适合休闲度假。	372	11171
4484	标准间	标准间，简洁整洁，设施完备，高性价比之选。	300	11172
4484	大床房	大床房，配备舒适大床，温馨静谧，适合休闲度假。	340	11173
4485	行政套房	行政套房，空间宽敞，配套齐全，尊享舒适入住体验。	873	11174
4485	大床房	大床房，配备舒适大床，温馨静谧，适合休闲度假。	303	11175
4486	标准间	标准间，简洁整洁，设施完备，高性价比之选。	194	11176
4486	行政套房	行政套房，空间宽敞，配套齐全，尊享舒适入住体验。	789	11177
4486	大床房	大床房，配备舒适大床，温馨静谧，适合休闲度假。	363	11178
4487	标准间	标准间，简洁整洁，设施完备，高性价比之选。	289	11179
4487	大床房	大床房，配备舒适大床，温馨静谧，适合休闲度假。	369	11180
4488	标准间	标准间，简洁整洁，设施完备，高性价比之选。	185	11181
4488	大床房	大床房，配备舒适大床，温馨静谧，适合休闲度假。	406	11182
4489	行政套房	行政套房，空间宽敞，配套齐全，尊享舒适入住体验。	704	11183
4489	大床房	大床房，配备舒适大床，温馨静谧，适合休闲度假。	313	11184
4490	大床房	大床房，配备舒适大床，温馨静谧，适合休闲度假。	292	11185
4490	标准间	标准间，简洁整洁，设施完备，高性价比之选。	288	11186
4491	大床房	大床房，配备舒适大床，温馨静谧，适合休闲度假。	469	11187
4491	标准间	标准间，简洁整洁，设施完备，高性价比之选。	234	11188
4492	行政套房	行政套房，空间宽敞，配套齐全，尊享舒适入住体验。	599	11189
4492	标准间	标准间，简洁整洁，设施完备，高性价比之选。	231	11190
4493	行政套房	行政套房，空间宽敞，配套齐全，尊享舒适入住体验。	622	11191
4493	大床房	大床房，配备舒适大床，温馨静谧，适合休闲度假。	343	11192
4494	大床房	大床房，配备舒适大床，温馨静谧，适合休闲度假。	424	11193
4494	标准间	标准间，简洁整洁，设施完备，高性价比之选。	233	11194
4495	标准间	标准间，简洁整洁，设施完备，高性价比之选。	213	11195
4495	大床房	大床房，配备舒适大床，温馨静谧，适合休闲度假。	464	11196
4495	行政套房	行政套房，空间宽敞，配套齐全，尊享舒适入住体验。	746	11197
4496	大床房	大床房，配备舒适大床，温馨静谧，适合休闲度假。	381	11198
4496	行政套房	行政套房，空间宽敞，配套齐全，尊享舒适入住体验。	580	11199
4496	标准间	标准间，简洁整洁，设施完备，高性价比之选。	285	11200
4497	大床房	大床房，配备舒适大床，温馨静谧，适合休闲度假。	328	11201
4497	行政套房	行政套房，空间宽敞，配套齐全，尊享舒适入住体验。	577	11202
4498	行政套房	行政套房，空间宽敞，配套齐全，尊享舒适入住体验。	601	11203
4498	标准间	标准间，简洁整洁，设施完备，高性价比之选。	229	11204
4498	大床房	大床房，配备舒适大床，温馨静谧，适合休闲度假。	295	11205
4499	行政套房	行政套房，空间宽敞，配套齐全，尊享舒适入住体验。	769	11206
4499	标准间	标准间，简洁整洁，设施完备，高性价比之选。	310	11207
4500	行政套房	行政套房，空间宽敞，配套齐全，尊享舒适入住体验。	850	11208
4500	大床房	大床房，配备舒适大床，温馨静谧，适合休闲度假。	405	11209
4500	标准间	标准间，简洁整洁，设施完备，高性价比之选。	231	11210
4501	标准间	标准间，简洁整洁，设施完备，高性价比之选。	282	11211
4501	大床房	大床房，配备舒适大床，温馨静谧，适合休闲度假。	263	11212
4502	行政套房	行政套房，空间宽敞，配套齐全，尊享舒适入住体验。	772	11213
4502	大床房	大床房，配备舒适大床，温馨静谧，适合休闲度假。	325	11214
4502	标准间	标准间，简洁整洁，设施完备，高性价比之选。	292	11215
4503	标准间	标准间，简洁整洁，设施完备，高性价比之选。	234	11216
4503	行政套房	行政套房，空间宽敞，配套齐全，尊享舒适入住体验。	860	11217
4504	行政套房	行政套房，空间宽敞，配套齐全，尊享舒适入住体验。	606	11218
4504	标准间	标准间，简洁整洁，设施完备，高性价比之选。	279	11219
4504	大床房	大床房，配备舒适大床，温馨静谧，适合休闲度假。	462	11220
4505	大床房	大床房，配备舒适大床，温馨静谧，适合休闲度假。	288	11221
4505	行政套房	行政套房，空间宽敞，配套齐全，尊享舒适入住体验。	764	11222
4505	标准间	标准间，简洁整洁，设施完备，高性价比之选。	234	11223
4506	行政套房	行政套房，空间宽敞，配套齐全，尊享舒适入住体验。	589	11224
4506	标准间	标准间，简洁整洁，设施完备，高性价比之选。	213	11225
4507	标准间	标准间，简洁整洁，设施完备，高性价比之选。	303	11226
4507	行政套房	行政套房，空间宽敞，配套齐全，尊享舒适入住体验。	793	11227
4508	大床房	大床房，配备舒适大床，温馨静谧，适合休闲度假。	264	11228
4508	行政套房	行政套房，空间宽敞，配套齐全，尊享舒适入住体验。	649	11229
4509	大床房	大床房，配备舒适大床，温馨静谧，适合休闲度假。	397	11230
4509	标准间	标准间，简洁整洁，设施完备，高性价比之选。	181	11231
4509	行政套房	行政套房，空间宽敞，配套齐全，尊享舒适入住体验。	693	11232
4510	大床房	大床房，配备舒适大床，温馨静谧，适合休闲度假。	373	11233
4510	行政套房	行政套房，空间宽敞，配套齐全，尊享舒适入住体验。	781	11234
4511	行政套房	行政套房，空间宽敞，配套齐全，尊享舒适入住体验。	729	11235
4511	标准间	标准间，简洁整洁，设施完备，高性价比之选。	201	11236
4511	大床房	大床房，配备舒适大床，温馨静谧，适合休闲度假。	362	11237
4512	行政套房	行政套房，空间宽敞，配套齐全，尊享舒适入住体验。	647	11238
4512	标准间	标准间，简洁整洁，设施完备，高性价比之选。	276	11239
4513	标准间	标准间，简洁整洁，设施完备，高性价比之选。	300	11240
4513	行政套房	行政套房，空间宽敞，配套齐全，尊享舒适入住体验。	828	11241
4513	大床房	大床房，配备舒适大床，温馨静谧，适合休闲度假。	451	11242
4514	大床房	大床房，配备舒适大床，温馨静谧，适合休闲度假。	364	11243
4514	行政套房	行政套房，空间宽敞，配套齐全，尊享舒适入住体验。	879	11244
4515	标准间	标准间，简洁整洁，设施完备，高性价比之选。	209	11245
4515	大床房	大床房，配备舒适大床，温馨静谧，适合休闲度假。	374	11246
4516	行政套房	行政套房，空间宽敞，配套齐全，尊享舒适入住体验。	717	11247
4516	大床房	大床房，配备舒适大床，温馨静谧，适合休闲度假。	281	11248
4517	行政套房	行政套房，空间宽敞，配套齐全，尊享舒适入住体验。	623	11249
4517	大床房	大床房，配备舒适大床，温馨静谧，适合休闲度假。	407	11250
4518	标准间	标准间，简洁整洁，设施完备，高性价比之选。	192	11251
4518	行政套房	行政套房，空间宽敞，配套齐全，尊享舒适入住体验。	766	11252
4518	大床房	大床房，配备舒适大床，温馨静谧，适合休闲度假。	357	11253
4519	标准间	标准间，简洁整洁，设施完备，高性价比之选。	226	11254
4519	行政套房	行政套房，空间宽敞，配套齐全，尊享舒适入住体验。	539	11255
4519	大床房	大床房，配备舒适大床，温馨静谧，适合休闲度假。	375	11256
4520	大床房	大床房，配备舒适大床，温馨静谧，适合休闲度假。	408	11257
4520	行政套房	行政套房，空间宽敞，配套齐全，尊享舒适入住体验。	711	11258
4520	标准间	标准间，简洁整洁，设施完备，高性价比之选。	205	11259
4521	标准间	标准间，简洁整洁，设施完备，高性价比之选。	180	11260
4521	行政套房	行政套房，空间宽敞，配套齐全，尊享舒适入住体验。	857	11261
4522	标准间	标准间，简洁整洁，设施完备，高性价比之选。	299	11262
4522	行政套房	行政套房，空间宽敞，配套齐全，尊享舒适入住体验。	628	11263
4522	大床房	大床房，配备舒适大床，温馨静谧，适合休闲度假。	358	11264
4523	大床房	大床房，配备舒适大床，温馨静谧，适合休闲度假。	467	11265
4523	标准间	标准间，简洁整洁，设施完备，高性价比之选。	252	11266
4524	行政套房	行政套房，空间宽敞，配套齐全，尊享舒适入住体验。	848	11267
4524	大床房	大床房，配备舒适大床，温馨静谧，适合休闲度假。	271	11268
4525	标准间	标准间，简洁整洁，设施完备，高性价比之选。	237	11269
4525	行政套房	行政套房，空间宽敞，配套齐全，尊享舒适入住体验。	675	11270
4526	标准间	标准间，简洁整洁，设施完备，高性价比之选。	286	11271
4526	行政套房	行政套房，空间宽敞，配套齐全，尊享舒适入住体验。	483	11272
4526	大床房	大床房，配备舒适大床，温馨静谧，适合休闲度假。	444	11273
4527	标准间	标准间，简洁整洁，设施完备，高性价比之选。	200	11274
4527	大床房	大床房，配备舒适大床，温馨静谧，适合休闲度假。	396	11275
4528	行政套房	行政套房，空间宽敞，配套齐全，尊享舒适入住体验。	712	11276
4528	大床房	大床房，配备舒适大床，温馨静谧，适合休闲度假。	412	11277
4528	标准间	标准间，简洁整洁，设施完备，高性价比之选。	289	11278
4529	大床房	大床房，配备舒适大床，温馨静谧，适合休闲度假。	452	11279
4529	标准间	标准间，简洁整洁，设施完备，高性价比之选。	257	11280
4529	行政套房	行政套房，空间宽敞，配套齐全，尊享舒适入住体验。	535	11281
4530	行政套房	行政套房，空间宽敞，配套齐全，尊享舒适入住体验。	741	11282
4530	大床房	大床房，配备舒适大床，温馨静谧，适合休闲度假。	463	11283
4530	标准间	标准间，简洁整洁，设施完备，高性价比之选。	316	11284
4531	大床房	大床房，配备舒适大床，温馨静谧，适合休闲度假。	455	11285
4531	标准间	标准间，简洁整洁，设施完备，高性价比之选。	263	11286
4531	行政套房	行政套房，空间宽敞，配套齐全，尊享舒适入住体验。	617	11287
4532	大床房	大床房，配备舒适大床，温馨静谧，适合休闲度假。	316	11288
4532	行政套房	行政套房，空间宽敞，配套齐全，尊享舒适入住体验。	704	11289
4533	行政套房	行政套房，空间宽敞，配套齐全，尊享舒适入住体验。	622	11290
4533	大床房	大床房，配备舒适大床，温馨静谧，适合休闲度假。	354	11291
4534	大床房	大床房，配备舒适大床，温馨静谧，适合休闲度假。	463	11292
4534	标准间	标准间，简洁整洁，设施完备，高性价比之选。	203	11293
4535	标准间	标准间，简洁整洁，设施完备，高性价比之选。	271	11294
4535	行政套房	行政套房，空间宽敞，配套齐全，尊享舒适入住体验。	771	11295
4536	行政套房	行政套房，空间宽敞，配套齐全，尊享舒适入住体验。	658	11296
4536	大床房	大床房，配备舒适大床，温馨静谧，适合休闲度假。	397	11297
4537	行政套房	行政套房，空间宽敞，配套齐全，尊享舒适入住体验。	561	11298
4537	标准间	标准间，简洁整洁，设施完备，高性价比之选。	199	11299
4538	大床房	大床房，配备舒适大床，温馨静谧，适合休闲度假。	430	11300
4538	标准间	标准间，简洁整洁，设施完备，高性价比之选。	185	11301
4539	大床房	大床房，配备舒适大床，温馨静谧，适合休闲度假。	273	11302
4539	标准间	标准间，简洁整洁，设施完备，高性价比之选。	241	11303
4540	标准间	标准间，简洁整洁，设施完备，高性价比之选。	263	11304
4540	行政套房	行政套房，空间宽敞，配套齐全，尊享舒适入住体验。	706	11305
4541	大床房	大床房，配备舒适大床，温馨静谧，适合休闲度假。	446	11306
4541	行政套房	行政套房，空间宽敞，配套齐全，尊享舒适入住体验。	751	11307
4542	大床房	大床房，配备舒适大床，温馨静谧，适合休闲度假。	282	11308
4542	标准间	标准间，简洁整洁，设施完备，高性价比之选。	290	11309
4542	行政套房	行政套房，空间宽敞，配套齐全，尊享舒适入住体验。	701	11310
4543	标准间	标准间，简洁整洁，设施完备，高性价比之选。	229	11311
4543	大床房	大床房，配备舒适大床，温馨静谧，适合休闲度假。	438	11312
4544	大床房	大床房，配备舒适大床，温馨静谧，适合休闲度假。	333	11313
4544	行政套房	行政套房，空间宽敞，配套齐全，尊享舒适入住体验。	756	11314
4545	标准间	标准间，简洁整洁，设施完备，高性价比之选。	257	11315
4545	大床房	大床房，配备舒适大床，温馨静谧，适合休闲度假。	286	11316
4545	行政套房	行政套房，空间宽敞，配套齐全，尊享舒适入住体验。	591	11317
4546	大床房	大床房，配备舒适大床，温馨静谧，适合休闲度假。	299	11318
4546	行政套房	行政套房，空间宽敞，配套齐全，尊享舒适入住体验。	701	11319
4547	标准间	标准间，简洁整洁，设施完备，高性价比之选。	297	11320
4547	大床房	大床房，配备舒适大床，温馨静谧，适合休闲度假。	267	11321
4548	标准间	标准间，简洁整洁，设施完备，高性价比之选。	302	11322
4548	行政套房	行政套房，空间宽敞，配套齐全，尊享舒适入住体验。	719	11323
4548	大床房	大床房，配备舒适大床，温馨静谧，适合休闲度假。	447	11324
4549	标准间	标准间，简洁整洁，设施完备，高性价比之选。	227	11325
4549	大床房	大床房，配备舒适大床，温馨静谧，适合休闲度假。	447	11326
4549	行政套房	行政套房，空间宽敞，配套齐全，尊享舒适入住体验。	651	11327
4550	标准间	标准间，简洁整洁，设施完备，高性价比之选。	214	11328
4550	大床房	大床房，配备舒适大床，温馨静谧，适合休闲度假。	294	11329
4550	行政套房	行政套房，空间宽敞，配套齐全，尊享舒适入住体验。	785	11330
4551	大床房	大床房，配备舒适大床，温馨静谧，适合休闲度假。	470	11331
4551	标准间	标准间，简洁整洁，设施完备，高性价比之选。	293	11332
4552	标准间	标准间，简洁整洁，设施完备，高性价比之选。	307	11333
4552	大床房	大床房，配备舒适大床，温馨静谧，适合休闲度假。	270	11334
4553	大床房	大床房，配备舒适大床，温馨静谧，适合休闲度假。	270	11335
4553	标准间	标准间，简洁整洁，设施完备，高性价比之选。	289	11336
4554	标准间	标准间，简洁整洁，设施完备，高性价比之选。	192	11337
4554	大床房	大床房，配备舒适大床，温馨静谧，适合休闲度假。	455	11338
4555	行政套房	行政套房，空间宽敞，配套齐全，尊享舒适入住体验。	816	11339
4555	大床房	大床房，配备舒适大床，温馨静谧，适合休闲度假。	477	11340
4556	行政套房	行政套房，空间宽敞，配套齐全，尊享舒适入住体验。	602	11341
4556	大床房	大床房，配备舒适大床，温馨静谧，适合休闲度假。	403	11342
4556	标准间	标准间，简洁整洁，设施完备，高性价比之选。	182	11343
4557	大床房	大床房，配备舒适大床，温馨静谧，适合休闲度假。	281	11344
4557	标准间	标准间，简洁整洁，设施完备，高性价比之选。	307	11345
4557	行政套房	行政套房，空间宽敞，配套齐全，尊享舒适入住体验。	819	11346
4558	大床房	大床房，配备舒适大床，温馨静谧，适合休闲度假。	295	11347
4558	标准间	标准间，简洁整洁，设施完备，高性价比之选。	277	11348
4559	大床房	大床房，配备舒适大床，温馨静谧，适合休闲度假。	292	11349
4559	行政套房	行政套房，空间宽敞，配套齐全，尊享舒适入住体验。	715	11350
4560	大床房	大床房，配备舒适大床，温馨静谧，适合休闲度假。	346	11351
4560	标准间	标准间，简洁整洁，设施完备，高性价比之选。	303	11352
4560	行政套房	行政套房，空间宽敞，配套齐全，尊享舒适入住体验。	862	11353
4561	大床房	大床房，配备舒适大床，温馨静谧，适合休闲度假。	289	11354
4561	标准间	标准间，简洁整洁，设施完备，高性价比之选。	205	11355
4562	大床房	大床房，配备舒适大床，温馨静谧，适合休闲度假。	386	11356
4562	行政套房	行政套房，空间宽敞，配套齐全，尊享舒适入住体验。	593	11357
4563	行政套房	行政套房，空间宽敞，配套齐全，尊享舒适入住体验。	796	11358
4563	大床房	大床房，配备舒适大床，温馨静谧，适合休闲度假。	450	11359
4564	标准间	标准间，简洁整洁，设施完备，高性价比之选。	303	11360
4564	大床房	大床房，配备舒适大床，温馨静谧，适合休闲度假。	282	11361
4565	标准间	标准间，简洁整洁，设施完备，高性价比之选。	203	11362
4565	大床房	大床房，配备舒适大床，温馨静谧，适合休闲度假。	455	11363
4565	行政套房	行政套房，空间宽敞，配套齐全，尊享舒适入住体验。	763	11364
4566	大床房	大床房，配备舒适大床，温馨静谧，适合休闲度假。	374	11365
4566	行政套房	行政套房，空间宽敞，配套齐全，尊享舒适入住体验。	670	11366
4567	标准间	标准间，简洁整洁，设施完备，高性价比之选。	318	11367
4567	行政套房	行政套房，空间宽敞，配套齐全，尊享舒适入住体验。	729	11368
4567	大床房	大床房，配备舒适大床，温馨静谧，适合休闲度假。	453	11369
4568	大床房	大床房，配备舒适大床，温馨静谧，适合休闲度假。	309	11370
4568	行政套房	行政套房，空间宽敞，配套齐全，尊享舒适入住体验。	512	11371
4568	标准间	标准间，简洁整洁，设施完备，高性价比之选。	200	11372
4569	大床房	大床房，配备舒适大床，温馨静谧，适合休闲度假。	354	11373
4569	行政套房	行政套房，空间宽敞，配套齐全，尊享舒适入住体验。	724	11374
4569	标准间	标准间，简洁整洁，设施完备，高性价比之选。	277	11375
4570	标准间	标准间，简洁整洁，设施完备，高性价比之选。	200	11376
4570	行政套房	行政套房，空间宽敞，配套齐全，尊享舒适入住体验。	810	11377
4570	大床房	大床房，配备舒适大床，温馨静谧，适合休闲度假。	362	11378
4571	标准间	标准间，简洁整洁，设施完备，高性价比之选。	240	11379
4571	行政套房	行政套房，空间宽敞，配套齐全，尊享舒适入住体验。	553	11380
4571	大床房	大床房，配备舒适大床，温馨静谧，适合休闲度假。	323	11381
4572	大床房	大床房，配备舒适大床，温馨静谧，适合休闲度假。	452	11382
4572	行政套房	行政套房，空间宽敞，配套齐全，尊享舒适入住体验。	581	11383
4572	标准间	标准间，简洁整洁，设施完备，高性价比之选。	189	11384
4573	大床房	大床房，配备舒适大床，温馨静谧，适合休闲度假。	450	11385
4573	行政套房	行政套房，空间宽敞，配套齐全，尊享舒适入住体验。	860	11386
4574	标准间	标准间，简洁整洁，设施完备，高性价比之选。	211	11387
4574	大床房	大床房，配备舒适大床，温馨静谧，适合休闲度假。	363	11388
4575	大床房	大床房，配备舒适大床，温馨静谧，适合休闲度假。	432	11389
4575	标准间	标准间，简洁整洁，设施完备，高性价比之选。	298	11390
4576	标准间	标准间，简洁整洁，设施完备，高性价比之选。	252	11391
4576	行政套房	行政套房，空间宽敞，配套齐全，尊享舒适入住体验。	723	11392
4576	大床房	大床房，配备舒适大床，温馨静谧，适合休闲度假。	365	11393
4577	行政套房	行政套房，空间宽敞，配套齐全，尊享舒适入住体验。	855	11394
4577	标准间	标准间，简洁整洁，设施完备，高性价比之选。	182	11395
4577	大床房	大床房，配备舒适大床，温馨静谧，适合休闲度假。	261	11396
4578	标准间	标准间，简洁整洁，设施完备，高性价比之选。	245	11397
4578	大床房	大床房，配备舒适大床，温馨静谧，适合休闲度假。	271	11398
4578	行政套房	行政套房，空间宽敞，配套齐全，尊享舒适入住体验。	771	11399
4579	行政套房	行政套房，空间宽敞，配套齐全，尊享舒适入住体验。	642	11400
4579	大床房	大床房，配备舒适大床，温馨静谧，适合休闲度假。	290	11401
4579	标准间	标准间，简洁整洁，设施完备，高性价比之选。	252	11402
4580	行政套房	行政套房，空间宽敞，配套齐全，尊享舒适入住体验。	772	11403
4580	大床房	大床房，配备舒适大床，温馨静谧，适合休闲度假。	400	11404
4581	大床房	大床房，配备舒适大床，温馨静谧，适合休闲度假。	304	11405
4581	行政套房	行政套房，空间宽敞，配套齐全，尊享舒适入住体验。	722	11406
4581	标准间	标准间，简洁整洁，设施完备，高性价比之选。	215	11407
4582	标准间	标准间，简洁整洁，设施完备，高性价比之选。	204	11408
4582	大床房	大床房，配备舒适大床，温馨静谧，适合休闲度假。	302	11409
4582	行政套房	行政套房，空间宽敞，配套齐全，尊享舒适入住体验。	578	11410
4583	标准间	标准间，简洁整洁，设施完备，高性价比之选。	301	11411
4583	行政套房	行政套房，空间宽敞，配套齐全，尊享舒适入住体验。	591	11412
4584	大床房	大床房，配备舒适大床，温馨静谧，适合休闲度假。	273	11413
4584	行政套房	行政套房，空间宽敞，配套齐全，尊享舒适入住体验。	615	11414
4585	标准间	标准间，简洁整洁，设施完备，高性价比之选。	263	11415
4585	行政套房	行政套房，空间宽敞，配套齐全，尊享舒适入住体验。	850	11416
4586	大床房	大床房，配备舒适大床，温馨静谧，适合休闲度假。	266	11417
4586	行政套房	行政套房，空间宽敞，配套齐全，尊享舒适入住体验。	788	11418
4586	标准间	标准间，简洁整洁，设施完备，高性价比之选。	235	11419
4587	标准间	标准间，简洁整洁，设施完备，高性价比之选。	312	11420
4587	大床房	大床房，配备舒适大床，温馨静谧，适合休闲度假。	439	11421
4588	行政套房	行政套房，空间宽敞，配套齐全，尊享舒适入住体验。	811	11422
4588	大床房	大床房，配备舒适大床，温馨静谧，适合休闲度假。	359	11423
4588	标准间	标准间，简洁整洁，设施完备，高性价比之选。	303	11424
4589	标准间	标准间，简洁整洁，设施完备，高性价比之选。	187	11425
4589	行政套房	行政套房，空间宽敞，配套齐全，尊享舒适入住体验。	641	11426
4590	标准间	标准间，简洁整洁，设施完备，高性价比之选。	210	11427
4590	大床房	大床房，配备舒适大床，温馨静谧，适合休闲度假。	433	11428
4591	标准间	标准间，简洁整洁，设施完备，高性价比之选。	255	11429
4591	大床房	大床房，配备舒适大床，温馨静谧，适合休闲度假。	271	11430
4592	标准间	标准间，简洁整洁，设施完备，高性价比之选。	216	11431
4592	大床房	大床房，配备舒适大床，温馨静谧，适合休闲度假。	360	11432
4593	大床房	大床房，配备舒适大床，温馨静谧，适合休闲度假。	445	11433
4593	行政套房	行政套房，空间宽敞，配套齐全，尊享舒适入住体验。	749	11434
4594	标准间	标准间，简洁整洁，设施完备，高性价比之选。	245	11435
4594	大床房	大床房，配备舒适大床，温馨静谧，适合休闲度假。	289	11436
4595	标准间	标准间，简洁整洁，设施完备，高性价比之选。	291	11437
4595	行政套房	行政套房，空间宽敞，配套齐全，尊享舒适入住体验。	737	11438
4596	大床房	大床房，配备舒适大床，温馨静谧，适合休闲度假。	446	11439
4596	行政套房	行政套房，空间宽敞，配套齐全，尊享舒适入住体验。	864	11440
4597	行政套房	行政套房，空间宽敞，配套齐全，尊享舒适入住体验。	499	11441
4597	大床房	大床房，配备舒适大床，温馨静谧，适合休闲度假。	374	11442
4597	标准间	标准间，简洁整洁，设施完备，高性价比之选。	242	11443
4598	大床房	大床房，配备舒适大床，温馨静谧，适合休闲度假。	374	11444
4598	行政套房	行政套房，空间宽敞，配套齐全，尊享舒适入住体验。	863	11445
4599	标准间	标准间，简洁整洁，设施完备，高性价比之选。	263	11446
4599	行政套房	行政套房，空间宽敞，配套齐全，尊享舒适入住体验。	810	11447
4599	大床房	大床房，配备舒适大床，温馨静谧，适合休闲度假。	296	11448
4600	标准间	标准间，简洁整洁，设施完备，高性价比之选。	220	11449
4600	行政套房	行政套房，空间宽敞，配套齐全，尊享舒适入住体验。	496	11450
4600	大床房	大床房，配备舒适大床，温馨静谧，适合休闲度假。	456	11451
4601	大床房	大床房，配备舒适大床，温馨静谧，适合休闲度假。	388	11452
4601	标准间	标准间，简洁整洁，设施完备，高性价比之选。	259	11453
4602	大床房	大床房，配备舒适大床，温馨静谧，适合休闲度假。	291	11454
4602	行政套房	行政套房，空间宽敞，配套齐全，尊享舒适入住体验。	506	11455
4603	大床房	大床房，配备舒适大床，温馨静谧，适合休闲度假。	316	11456
4603	行政套房	行政套房，空间宽敞，配套齐全，尊享舒适入住体验。	489	11457
4604	大床房	大床房，配备舒适大床，温馨静谧，适合休闲度假。	341	11458
4604	行政套房	行政套房，空间宽敞，配套齐全，尊享舒适入住体验。	737	11459
4605	大床房	大床房，配备舒适大床，温馨静谧，适合休闲度假。	285	11460
4605	标准间	标准间，简洁整洁，设施完备，高性价比之选。	202	11461
4605	行政套房	行政套房，空间宽敞，配套齐全，尊享舒适入住体验。	861	11462
4606	大床房	大床房，配备舒适大床，温馨静谧，适合休闲度假。	440	11463
4606	行政套房	行政套房，空间宽敞，配套齐全，尊享舒适入住体验。	767	11464
4606	标准间	标准间，简洁整洁，设施完备，高性价比之选。	185	11465
4607	大床房	大床房，配备舒适大床，温馨静谧，适合休闲度假。	403	11466
4607	行政套房	行政套房，空间宽敞，配套齐全，尊享舒适入住体验。	672	11467
4608	行政套房	行政套房，空间宽敞，配套齐全，尊享舒适入住体验。	785	11468
4608	大床房	大床房，配备舒适大床，温馨静谧，适合休闲度假。	433	11469
4608	标准间	标准间，简洁整洁，设施完备，高性价比之选。	191	11470
4609	大床房	大床房，配备舒适大床，温馨静谧，适合休闲度假。	333	11471
4609	行政套房	行政套房，空间宽敞，配套齐全，尊享舒适入住体验。	649	11472
4610	行政套房	行政套房，空间宽敞，配套齐全，尊享舒适入住体验。	789	11473
4610	标准间	标准间，简洁整洁，设施完备，高性价比之选。	296	11474
4611	标准间	标准间，简洁整洁，设施完备，高性价比之选。	268	11475
4611	大床房	大床房，配备舒适大床，温馨静谧，适合休闲度假。	361	11476
4611	行政套房	行政套房，空间宽敞，配套齐全，尊享舒适入住体验。	627	11477
4612	行政套房	行政套房，空间宽敞，配套齐全，尊享舒适入住体验。	483	11478
4612	标准间	标准间，简洁整洁，设施完备，高性价比之选。	211	11479
4612	大床房	大床房，配备舒适大床，温馨静谧，适合休闲度假。	371	11480
4613	标准间	标准间，简洁整洁，设施完备，高性价比之选。	311	11481
4613	大床房	大床房，配备舒适大床，温馨静谧，适合休闲度假。	262	11482
4614	大床房	大床房，配备舒适大床，温馨静谧，适合休闲度假。	400	11483
4614	行政套房	行政套房，空间宽敞，配套齐全，尊享舒适入住体验。	779	11484
4614	标准间	标准间，简洁整洁，设施完备，高性价比之选。	303	11485
4615	标准间	标准间，简洁整洁，设施完备，高性价比之选。	302	11486
4615	行政套房	行政套房，空间宽敞，配套齐全，尊享舒适入住体验。	672	11487
4615	大床房	大床房，配备舒适大床，温馨静谧，适合休闲度假。	283	11488
4616	标准间	标准间，简洁整洁，设施完备，高性价比之选。	280	11489
4616	大床房	大床房，配备舒适大床，温馨静谧，适合休闲度假。	310	11490
4617	标准间	标准间，简洁整洁，设施完备，高性价比之选。	303	11491
4617	行政套房	行政套房，空间宽敞，配套齐全，尊享舒适入住体验。	820	11492
4618	大床房	大床房，配备舒适大床，温馨静谧，适合休闲度假。	297	11493
4618	行政套房	行政套房，空间宽敞，配套齐全，尊享舒适入住体验。	621	11494
4619	行政套房	行政套房，空间宽敞，配套齐全，尊享舒适入住体验。	870	11495
4619	大床房	大床房，配备舒适大床，温馨静谧，适合休闲度假。	450	11496
4619	标准间	标准间，简洁整洁，设施完备，高性价比之选。	300	11497
4620	大床房	大床房，配备舒适大床，温馨静谧，适合休闲度假。	328	11498
4620	行政套房	行政套房，空间宽敞，配套齐全，尊享舒适入住体验。	873	11499
4620	标准间	标准间，简洁整洁，设施完备，高性价比之选。	305	11500
4621	行政套房	行政套房，空间宽敞，配套齐全，尊享舒适入住体验。	712	11501
4621	大床房	大床房，配备舒适大床，温馨静谧，适合休闲度假。	367	11502
4621	标准间	标准间，简洁整洁，设施完备，高性价比之选。	203	11503
4622	标准间	标准间，简洁整洁，设施完备，高性价比之选。	221	11504
4622	大床房	大床房，配备舒适大床，温馨静谧，适合休闲度假。	382	11505
4623	大床房	大床房，配备舒适大床，温馨静谧，适合休闲度假。	458	11506
4623	行政套房	行政套房，空间宽敞，配套齐全，尊享舒适入住体验。	712	11507
4623	标准间	标准间，简洁整洁，设施完备，高性价比之选。	200	11508
4624	大床房	大床房，配备舒适大床，温馨静谧，适合休闲度假。	338	11509
4624	行政套房	行政套房，空间宽敞，配套齐全，尊享舒适入住体验。	752	11510
4625	行政套房	行政套房，空间宽敞，配套齐全，尊享舒适入住体验。	536	11511
4625	大床房	大床房，配备舒适大床，温馨静谧，适合休闲度假。	372	11512
4625	标准间	标准间，简洁整洁，设施完备，高性价比之选。	248	11513
4626	标准间	标准间，简洁整洁，设施完备，高性价比之选。	185	11514
4626	大床房	大床房，配备舒适大床，温馨静谧，适合休闲度假。	315	11515
4626	行政套房	行政套房，空间宽敞，配套齐全，尊享舒适入住体验。	780	11516
4627	行政套房	行政套房，空间宽敞，配套齐全，尊享舒适入住体验。	626	11517
4627	标准间	标准间，简洁整洁，设施完备，高性价比之选。	277	11518
4628	行政套房	行政套房，空间宽敞，配套齐全，尊享舒适入住体验。	489	11519
4628	标准间	标准间，简洁整洁，设施完备，高性价比之选。	310	11520
4628	大床房	大床房，配备舒适大床，温馨静谧，适合休闲度假。	399	11521
4629	行政套房	行政套房，空间宽敞，配套齐全，尊享舒适入住体验。	756	11522
4629	大床房	大床房，配备舒适大床，温馨静谧，适合休闲度假。	265	11523
4629	标准间	标准间，简洁整洁，设施完备，高性价比之选。	246	11524
4630	行政套房	行政套房，空间宽敞，配套齐全，尊享舒适入住体验。	509	11525
4630	大床房	大床房，配备舒适大床，温馨静谧，适合休闲度假。	291	11526
4631	大床房	大床房，配备舒适大床，温馨静谧，适合休闲度假。	436	11527
4631	行政套房	行政套房，空间宽敞，配套齐全，尊享舒适入住体验。	509	11528
4632	大床房	大床房，配备舒适大床，温馨静谧，适合休闲度假。	260	11529
4632	行政套房	行政套房，空间宽敞，配套齐全，尊享舒适入住体验。	637	11530
4633	大床房	大床房，配备舒适大床，温馨静谧，适合休闲度假。	309	11531
4633	行政套房	行政套房，空间宽敞，配套齐全，尊享舒适入住体验。	493	11532
4634	大床房	大床房，配备舒适大床，温馨静谧，适合休闲度假。	418	11533
4634	标准间	标准间，简洁整洁，设施完备，高性价比之选。	247	11534
4634	行政套房	行政套房，空间宽敞，配套齐全，尊享舒适入住体验。	686	11535
4635	标准间	标准间，简洁整洁，设施完备，高性价比之选。	244	11536
4635	行政套房	行政套房，空间宽敞，配套齐全，尊享舒适入住体验。	788	11537
4636	行政套房	行政套房，空间宽敞，配套齐全，尊享舒适入住体验。	701	11538
4636	标准间	标准间，简洁整洁，设施完备，高性价比之选。	297	11539
4636	大床房	大床房，配备舒适大床，温馨静谧，适合休闲度假。	261	11540
4637	行政套房	行政套房，空间宽敞，配套齐全，尊享舒适入住体验。	684	11541
4637	大床房	大床房，配备舒适大床，温馨静谧，适合休闲度假。	446	11542
4637	标准间	标准间，简洁整洁，设施完备，高性价比之选。	216	11543
4638	大床房	大床房，配备舒适大床，温馨静谧，适合休闲度假。	373	11544
4638	标准间	标准间，简洁整洁，设施完备，高性价比之选。	305	11545
4639	大床房	大床房，配备舒适大床，温馨静谧，适合休闲度假。	459	11546
4639	标准间	标准间，简洁整洁，设施完备，高性价比之选。	193	11547
4640	标准间	标准间，简洁整洁，设施完备，高性价比之选。	284	11548
4640	行政套房	行政套房，空间宽敞，配套齐全，尊享舒适入住体验。	655	11549
4640	大床房	大床房，配备舒适大床，温馨静谧，适合休闲度假。	298	11550
4641	行政套房	行政套房，空间宽敞，配套齐全，尊享舒适入住体验。	863	11551
4641	标准间	标准间，简洁整洁，设施完备，高性价比之选。	207	11552
4642	标准间	标准间，简洁整洁，设施完备，高性价比之选。	246	11553
4642	行政套房	行政套房，空间宽敞，配套齐全，尊享舒适入住体验。	534	11554
4643	大床房	大床房，配备舒适大床，温馨静谧，适合休闲度假。	373	11555
4643	标准间	标准间，简洁整洁，设施完备，高性价比之选。	227	11556
4643	行政套房	行政套房，空间宽敞，配套齐全，尊享舒适入住体验。	517	11557
4644	大床房	大床房，配备舒适大床，温馨静谧，适合休闲度假。	324	11558
4644	行政套房	行政套房，空间宽敞，配套齐全，尊享舒适入住体验。	567	11559
4645	标准间	标准间，简洁整洁，设施完备，高性价比之选。	255	11560
4645	大床房	大床房，配备舒适大床，温馨静谧，适合休闲度假。	468	11561
4646	大床房	大床房，配备舒适大床，温馨静谧，适合休闲度假。	317	11562
4646	行政套房	行政套房，空间宽敞，配套齐全，尊享舒适入住体验。	806	11563
4647	行政套房	行政套房，空间宽敞，配套齐全，尊享舒适入住体验。	618	11564
4647	大床房	大床房，配备舒适大床，温馨静谧，适合休闲度假。	373	11565
4647	标准间	标准间，简洁整洁，设施完备，高性价比之选。	308	11566
4648	行政套房	行政套房，空间宽敞，配套齐全，尊享舒适入住体验。	713	11567
4648	大床房	大床房，配备舒适大床，温馨静谧，适合休闲度假。	304	11568
4649	大床房	大床房，配备舒适大床，温馨静谧，适合休闲度假。	274	11569
4649	行政套房	行政套房，空间宽敞，配套齐全，尊享舒适入住体验。	798	11570
4649	标准间	标准间，简洁整洁，设施完备，高性价比之选。	295	11571
4650	大床房	大床房，配备舒适大床，温馨静谧，适合休闲度假。	335	11572
4650	标准间	标准间，简洁整洁，设施完备，高性价比之选。	257	11573
4651	行政套房	行政套房，空间宽敞，配套齐全，尊享舒适入住体验。	846	11574
4651	大床房	大床房，配备舒适大床，温馨静谧，适合休闲度假。	291	11575
4651	标准间	标准间，简洁整洁，设施完备，高性价比之选。	282	11576
4652	标准间	标准间，简洁整洁，设施完备，高性价比之选。	187	11577
4652	行政套房	行政套房，空间宽敞，配套齐全，尊享舒适入住体验。	782	11578
4652	大床房	大床房，配备舒适大床，温馨静谧，适合休闲度假。	366	11579
4653	标准间	标准间，简洁整洁，设施完备，高性价比之选。	262	11580
4653	行政套房	行政套房，空间宽敞，配套齐全，尊享舒适入住体验。	729	11581
4653	大床房	大床房，配备舒适大床，温馨静谧，适合休闲度假。	442	11582
4654	行政套房	行政套房，空间宽敞，配套齐全，尊享舒适入住体验。	685	11583
4654	标准间	标准间，简洁整洁，设施完备，高性价比之选。	262	11584
4654	大床房	大床房，配备舒适大床，温馨静谧，适合休闲度假。	468	11585
4655	行政套房	行政套房，空间宽敞，配套齐全，尊享舒适入住体验。	570	11586
4655	标准间	标准间，简洁整洁，设施完备，高性价比之选。	266	11587
4655	大床房	大床房，配备舒适大床，温馨静谧，适合休闲度假。	361	11588
4656	大床房	大床房，配备舒适大床，温馨静谧，适合休闲度假。	460	11589
4656	行政套房	行政套房，空间宽敞，配套齐全，尊享舒适入住体验。	801	11590
4657	大床房	大床房，配备舒适大床，温馨静谧，适合休闲度假。	460	11591
4657	行政套房	行政套房，空间宽敞，配套齐全，尊享舒适入住体验。	773	11592
4657	标准间	标准间，简洁整洁，设施完备，高性价比之选。	191	11593
4658	标准间	标准间，简洁整洁，设施完备，高性价比之选。	306	11594
4658	行政套房	行政套房，空间宽敞，配套齐全，尊享舒适入住体验。	585	11595
4658	大床房	大床房，配备舒适大床，温馨静谧，适合休闲度假。	263	11596
4659	标准间	标准间，简洁整洁，设施完备，高性价比之选。	284	11597
4659	行政套房	行政套房，空间宽敞，配套齐全，尊享舒适入住体验。	801	11598
4660	标准间	标准间，简洁整洁，设施完备，高性价比之选。	210	11599
4660	行政套房	行政套房，空间宽敞，配套齐全，尊享舒适入住体验。	754	11600
4660	大床房	大床房，配备舒适大床，温馨静谧，适合休闲度假。	443	11601
4661	行政套房	行政套房，空间宽敞，配套齐全，尊享舒适入住体验。	609	11602
4661	大床房	大床房，配备舒适大床，温馨静谧，适合休闲度假。	450	11603
4661	标准间	标准间，简洁整洁，设施完备，高性价比之选。	255	11604
4662	大床房	大床房，配备舒适大床，温馨静谧，适合休闲度假。	432	11605
4662	标准间	标准间，简洁整洁，设施完备，高性价比之选。	307	11606
4663	标准间	标准间，简洁整洁，设施完备，高性价比之选。	318	11607
4663	行政套房	行政套房，空间宽敞，配套齐全，尊享舒适入住体验。	725	11608
4664	大床房	大床房，配备舒适大床，温馨静谧，适合休闲度假。	363	11609
4664	行政套房	行政套房，空间宽敞，配套齐全，尊享舒适入住体验。	644	11610
4665	大床房	大床房，配备舒适大床，温馨静谧，适合休闲度假。	446	11611
4665	标准间	标准间，简洁整洁，设施完备，高性价比之选。	209	11612
4666	大床房	大床房，配备舒适大床，温馨静谧，适合休闲度假。	324	11613
4666	标准间	标准间，简洁整洁，设施完备，高性价比之选。	207	11614
4666	行政套房	行政套房，空间宽敞，配套齐全，尊享舒适入住体验。	518	11615
4667	标准间	标准间，简洁整洁，设施完备，高性价比之选。	241	11616
4667	大床房	大床房，配备舒适大床，温馨静谧，适合休闲度假。	410	11617
4667	行政套房	行政套房，空间宽敞，配套齐全，尊享舒适入住体验。	778	11618
4668	大床房	大床房，配备舒适大床，温馨静谧，适合休闲度假。	281	11619
4668	行政套房	行政套房，空间宽敞，配套齐全，尊享舒适入住体验。	533	11620
4669	行政套房	行政套房，空间宽敞，配套齐全，尊享舒适入住体验。	516	11621
4669	大床房	大床房，配备舒适大床，温馨静谧，适合休闲度假。	260	11622
4669	标准间	标准间，简洁整洁，设施完备，高性价比之选。	318	11623
4670	行政套房	行政套房，空间宽敞，配套齐全，尊享舒适入住体验。	607	11624
4670	大床房	大床房，配备舒适大床，温馨静谧，适合休闲度假。	479	11625
4670	标准间	标准间，简洁整洁，设施完备，高性价比之选。	186	11626
4671	大床房	大床房，配备舒适大床，温馨静谧，适合休闲度假。	429	11627
4671	行政套房	行政套房，空间宽敞，配套齐全，尊享舒适入住体验。	762	11628
4672	大床房	大床房，配备舒适大床，温馨静谧，适合休闲度假。	267	11629
4672	标准间	标准间，简洁整洁，设施完备，高性价比之选。	199	11630
4672	行政套房	行政套房，空间宽敞，配套齐全，尊享舒适入住体验。	814	11631
4673	大床房	大床房，配备舒适大床，温馨静谧，适合休闲度假。	384	11632
4673	行政套房	行政套房，空间宽敞，配套齐全，尊享舒适入住体验。	767	11633
4673	标准间	标准间，简洁整洁，设施完备，高性价比之选。	217	11634
4674	大床房	大床房，配备舒适大床，温馨静谧，适合休闲度假。	453	11635
4674	行政套房	行政套房，空间宽敞，配套齐全，尊享舒适入住体验。	665	11636
4675	行政套房	行政套房，空间宽敞，配套齐全，尊享舒适入住体验。	489	11637
4675	大床房	大床房，配备舒适大床，温馨静谧，适合休闲度假。	276	11638
4675	标准间	标准间，简洁整洁，设施完备，高性价比之选。	244	11639
4676	行政套房	行政套房，空间宽敞，配套齐全，尊享舒适入住体验。	760	11640
4676	标准间	标准间，简洁整洁，设施完备，高性价比之选。	187	11641
4676	大床房	大床房，配备舒适大床，温馨静谧，适合休闲度假。	383	11642
4677	行政套房	行政套房，空间宽敞，配套齐全，尊享舒适入住体验。	560	11643
4677	标准间	标准间，简洁整洁，设施完备，高性价比之选。	232	11644
4678	大床房	大床房，配备舒适大床，温馨静谧，适合休闲度假。	336	11645
4678	行政套房	行政套房，空间宽敞，配套齐全，尊享舒适入住体验。	720	11646
4679	行政套房	行政套房，空间宽敞，配套齐全，尊享舒适入住体验。	706	11647
4679	标准间	标准间，简洁整洁，设施完备，高性价比之选。	219	11648
4680	标准间	标准间，简洁整洁，设施完备，高性价比之选。	180	11649
4680	行政套房	行政套房，空间宽敞，配套齐全，尊享舒适入住体验。	859	11650
4680	大床房	大床房，配备舒适大床，温馨静谧，适合休闲度假。	338	11651
4681	行政套房	行政套房，空间宽敞，配套齐全，尊享舒适入住体验。	631	11652
4681	大床房	大床房，配备舒适大床，温馨静谧，适合休闲度假。	379	11653
4682	标准间	标准间，简洁整洁，设施完备，高性价比之选。	252	11654
4682	大床房	大床房，配备舒适大床，温馨静谧，适合休闲度假。	336	11655
4682	行政套房	行政套房，空间宽敞，配套齐全，尊享舒适入住体验。	822	11656
4683	标准间	标准间，简洁整洁，设施完备，高性价比之选。	183	11657
4683	大床房	大床房，配备舒适大床，温馨静谧，适合休闲度假。	311	11658
4683	行政套房	行政套房，空间宽敞，配套齐全，尊享舒适入住体验。	505	11659
4684	标准间	标准间，简洁整洁，设施完备，高性价比之选。	191	11660
4684	行政套房	行政套房，空间宽敞，配套齐全，尊享舒适入住体验。	593	11661
4685	大床房	大床房，配备舒适大床，温馨静谧，适合休闲度假。	475	11662
4685	标准间	标准间，简洁整洁，设施完备，高性价比之选。	320	11663
4686	标准间	标准间，简洁整洁，设施完备，高性价比之选。	283	11664
4686	行政套房	行政套房，空间宽敞，配套齐全，尊享舒适入住体验。	719	11665
4686	大床房	大床房，配备舒适大床，温馨静谧，适合休闲度假。	326	11666
4687	标准间	标准间，简洁整洁，设施完备，高性价比之选。	185	11667
4687	大床房	大床房，配备舒适大床，温馨静谧，适合休闲度假。	380	11668
4687	行政套房	行政套房，空间宽敞，配套齐全，尊享舒适入住体验。	602	11669
4688	行政套房	行政套房，空间宽敞，配套齐全，尊享舒适入住体验。	696	11670
4688	标准间	标准间，简洁整洁，设施完备，高性价比之选。	264	11671
4688	大床房	大床房，配备舒适大床，温馨静谧，适合休闲度假。	451	11672
4689	标准间	标准间，简洁整洁，设施完备，高性价比之选。	232	11673
4689	大床房	大床房，配备舒适大床，温馨静谧，适合休闲度假。	401	11674
4689	行政套房	行政套房，空间宽敞，配套齐全，尊享舒适入住体验。	806	11675
4690	标准间	标准间，简洁整洁，设施完备，高性价比之选。	240	11676
4690	行政套房	行政套房，空间宽敞，配套齐全，尊享舒适入住体验。	782	11677
4690	大床房	大床房，配备舒适大床，温馨静谧，适合休闲度假。	465	11678
4691	标准间	标准间，简洁整洁，设施完备，高性价比之选。	225	11679
4691	大床房	大床房，配备舒适大床，温馨静谧，适合休闲度假。	321	11680
4692	行政套房	行政套房，空间宽敞，配套齐全，尊享舒适入住体验。	598	11681
4692	标准间	标准间，简洁整洁，设施完备，高性价比之选。	294	11682
4692	大床房	大床房，配备舒适大床，温馨静谧，适合休闲度假。	421	11683
4693	行政套房	行政套房，空间宽敞，配套齐全，尊享舒适入住体验。	605	11684
4693	大床房	大床房，配备舒适大床，温馨静谧，适合休闲度假。	358	11685
4694	行政套房	行政套房，空间宽敞，配套齐全，尊享舒适入住体验。	782	11686
4694	标准间	标准间，简洁整洁，设施完备，高性价比之选。	220	11687
4694	大床房	大床房，配备舒适大床，温馨静谧，适合休闲度假。	454	11688
4695	行政套房	行政套房，空间宽敞，配套齐全，尊享舒适入住体验。	794	11689
4695	标准间	标准间，简洁整洁，设施完备，高性价比之选。	183	11690
4695	大床房	大床房，配备舒适大床，温馨静谧，适合休闲度假。	292	11691
4696	行政套房	行政套房，空间宽敞，配套齐全，尊享舒适入住体验。	543	11692
4696	标准间	标准间，简洁整洁，设施完备，高性价比之选。	299	11693
4697	标准间	标准间，简洁整洁，设施完备，高性价比之选。	217	11694
4697	行政套房	行政套房，空间宽敞，配套齐全，尊享舒适入住体验。	687	11695
4697	大床房	大床房，配备舒适大床，温馨静谧，适合休闲度假。	278	11696
4698	大床房	大床房，配备舒适大床，温馨静谧，适合休闲度假。	300	11697
4698	行政套房	行政套房，空间宽敞，配套齐全，尊享舒适入住体验。	642	11698
4698	标准间	标准间，简洁整洁，设施完备，高性价比之选。	254	11699
4699	标准间	标准间，简洁整洁，设施完备，高性价比之选。	314	11700
4699	行政套房	行政套房，空间宽敞，配套齐全，尊享舒适入住体验。	746	11701
4699	大床房	大床房，配备舒适大床，温馨静谧，适合休闲度假。	402	11702
4700	标准间	标准间，简洁整洁，设施完备，高性价比之选。	216	11703
4700	行政套房	行政套房，空间宽敞，配套齐全，尊享舒适入住体验。	601	11704
4700	大床房	大床房，配备舒适大床，温馨静谧，适合休闲度假。	378	11705
4701	标准间	标准间，简洁整洁，设施完备，高性价比之选。	239	11706
4701	行政套房	行政套房，空间宽敞，配套齐全，尊享舒适入住体验。	622	11707
4701	大床房	大床房，配备舒适大床，温馨静谧，适合休闲度假。	454	11708
4702	标准间	标准间，简洁整洁，设施完备，高性价比之选。	314	11709
4702	行政套房	行政套房，空间宽敞，配套齐全，尊享舒适入住体验。	682	11710
4703	大床房	大床房，配备舒适大床，温馨静谧，适合休闲度假。	473	11711
4703	行政套房	行政套房，空间宽敞，配套齐全，尊享舒适入住体验。	746	11712
4703	标准间	标准间，简洁整洁，设施完备，高性价比之选。	208	11713
4704	大床房	大床房，配备舒适大床，温馨静谧，适合休闲度假。	291	11714
4704	行政套房	行政套房，空间宽敞，配套齐全，尊享舒适入住体验。	515	11715
4704	标准间	标准间，简洁整洁，设施完备，高性价比之选。	226	11716
4705	行政套房	行政套房，空间宽敞，配套齐全，尊享舒适入住体验。	803	11717
4705	大床房	大床房，配备舒适大床，温馨静谧，适合休闲度假。	437	11718
4705	标准间	标准间，简洁整洁，设施完备，高性价比之选。	229	11719
4706	大床房	大床房，配备舒适大床，温馨静谧，适合休闲度假。	307	11720
4706	标准间	标准间，简洁整洁，设施完备，高性价比之选。	288	11721
4707	行政套房	行政套房，空间宽敞，配套齐全，尊享舒适入住体验。	653	11722
4707	大床房	大床房，配备舒适大床，温馨静谧，适合休闲度假。	464	11723
4708	标准间	标准间，简洁整洁，设施完备，高性价比之选。	185	11724
4708	行政套房	行政套房，空间宽敞，配套齐全，尊享舒适入住体验。	721	11725
4709	标准间	标准间，简洁整洁，设施完备，高性价比之选。	189	11726
4709	行政套房	行政套房，空间宽敞，配套齐全，尊享舒适入住体验。	568	11727
4710	标准间	标准间，简洁整洁，设施完备，高性价比之选。	201	11728
4710	大床房	大床房，配备舒适大床，温馨静谧，适合休闲度假。	431	11729
4711	标准间	标准间，简洁整洁，设施完备，高性价比之选。	275	11730
4711	行政套房	行政套房，空间宽敞，配套齐全，尊享舒适入住体验。	684	11731
4711	大床房	大床房，配备舒适大床，温馨静谧，适合休闲度假。	388	11732
4712	标准间	标准间，简洁整洁，设施完备，高性价比之选。	252	11733
4712	大床房	大床房，配备舒适大床，温馨静谧，适合休闲度假。	367	11734
4712	行政套房	行政套房，空间宽敞，配套齐全，尊享舒适入住体验。	781	11735
4713	标准间	标准间，简洁整洁，设施完备，高性价比之选。	291	11736
4713	行政套房	行政套房，空间宽敞，配套齐全，尊享舒适入住体验。	642	11737
4713	大床房	大床房，配备舒适大床，温馨静谧，适合休闲度假。	434	11738
4714	行政套房	行政套房，空间宽敞，配套齐全，尊享舒适入住体验。	539	11739
4714	大床房	大床房，配备舒适大床，温馨静谧，适合休闲度假。	476	11740
4715	行政套房	行政套房，空间宽敞，配套齐全，尊享舒适入住体验。	504	11741
4715	大床房	大床房，配备舒适大床，温馨静谧，适合休闲度假。	452	11742
4716	行政套房	行政套房，空间宽敞，配套齐全，尊享舒适入住体验。	660	11743
4716	标准间	标准间，简洁整洁，设施完备，高性价比之选。	267	11744
4716	大床房	大床房，配备舒适大床，温馨静谧，适合休闲度假。	377	11745
4717	标准间	标准间，简洁整洁，设施完备，高性价比之选。	259	11746
4717	行政套房	行政套房，空间宽敞，配套齐全，尊享舒适入住体验。	640	11747
4717	大床房	大床房，配备舒适大床，温馨静谧，适合休闲度假。	272	11748
4718	大床房	大床房，配备舒适大床，温馨静谧，适合休闲度假。	264	11749
4718	标准间	标准间，简洁整洁，设施完备，高性价比之选。	274	11750
4718	行政套房	行政套房，空间宽敞，配套齐全，尊享舒适入住体验。	483	11751
4719	标准间	标准间，简洁整洁，设施完备，高性价比之选。	298	11752
4719	大床房	大床房，配备舒适大床，温馨静谧，适合休闲度假。	451	11753
4720	行政套房	行政套房，空间宽敞，配套齐全，尊享舒适入住体验。	736	11754
4720	大床房	大床房，配备舒适大床，温馨静谧，适合休闲度假。	277	11755
4721	行政套房	行政套房，空间宽敞，配套齐全，尊享舒适入住体验。	843	11756
4721	大床房	大床房，配备舒适大床，温馨静谧，适合休闲度假。	468	11757
4721	标准间	标准间，简洁整洁，设施完备，高性价比之选。	246	11758
4722	大床房	大床房，配备舒适大床，温馨静谧，适合休闲度假。	319	11759
4722	标准间	标准间，简洁整洁，设施完备，高性价比之选。	282	11760
4723	大床房	大床房，配备舒适大床，温馨静谧，适合休闲度假。	376	11761
4723	行政套房	行政套房，空间宽敞，配套齐全，尊享舒适入住体验。	740	11762
4723	标准间	标准间，简洁整洁，设施完备，高性价比之选。	252	11763
4724	标准间	标准间，简洁整洁，设施完备，高性价比之选。	216	11764
4724	行政套房	行政套房，空间宽敞，配套齐全，尊享舒适入住体验。	877	11765
4724	大床房	大床房，配备舒适大床，温馨静谧，适合休闲度假。	329	11766
4725	行政套房	行政套房，空间宽敞，配套齐全，尊享舒适入住体验。	823	11767
4725	标准间	标准间，简洁整洁，设施完备，高性价比之选。	216	11768
4725	大床房	大床房，配备舒适大床，温馨静谧，适合休闲度假。	338	11769
4726	行政套房	行政套房，空间宽敞，配套齐全，尊享舒适入住体验。	856	11770
4726	标准间	标准间，简洁整洁，设施完备，高性价比之选。	276	11771
4727	标准间	标准间，简洁整洁，设施完备，高性价比之选。	193	11772
4727	行政套房	行政套房，空间宽敞，配套齐全，尊享舒适入住体验。	843	11773
4727	大床房	大床房，配备舒适大床，温馨静谧，适合休闲度假。	367	11774
4728	行政套房	行政套房，空间宽敞，配套齐全，尊享舒适入住体验。	619	11775
4728	标准间	标准间，简洁整洁，设施完备，高性价比之选。	245	11776
4728	大床房	大床房，配备舒适大床，温馨静谧，适合休闲度假。	456	11777
4729	大床房	大床房，配备舒适大床，温馨静谧，适合休闲度假。	401	11778
4729	行政套房	行政套房，空间宽敞，配套齐全，尊享舒适入住体验。	708	11779
4730	行政套房	行政套房，空间宽敞，配套齐全，尊享舒适入住体验。	500	11780
4730	标准间	标准间，简洁整洁，设施完备，高性价比之选。	295	11781
4731	标准间	标准间，简洁整洁，设施完备，高性价比之选。	293	11782
4731	行政套房	行政套房，空间宽敞，配套齐全，尊享舒适入住体验。	499	11783
4732	标准间	标准间，简洁整洁，设施完备，高性价比之选。	195	11784
4732	行政套房	行政套房，空间宽敞，配套齐全，尊享舒适入住体验。	611	11785
4732	大床房	大床房，配备舒适大床，温馨静谧，适合休闲度假。	448	11786
4733	大床房	大床房，配备舒适大床，温馨静谧，适合休闲度假。	400	11787
4733	标准间	标准间，简洁整洁，设施完备，高性价比之选。	248	11788
4734	行政套房	行政套房，空间宽敞，配套齐全，尊享舒适入住体验。	841	11789
4734	大床房	大床房，配备舒适大床，温馨静谧，适合休闲度假。	315	11790
4734	标准间	标准间，简洁整洁，设施完备，高性价比之选。	297	11791
4735	行政套房	行政套房，空间宽敞，配套齐全，尊享舒适入住体验。	593	11792
4735	大床房	大床房，配备舒适大床，温馨静谧，适合休闲度假。	442	11793
4736	行政套房	行政套房，空间宽敞，配套齐全，尊享舒适入住体验。	646	11794
4736	标准间	标准间，简洁整洁，设施完备，高性价比之选。	226	11795
4737	大床房	大床房，配备舒适大床，温馨静谧，适合休闲度假。	432	11796
4737	行政套房	行政套房，空间宽敞，配套齐全，尊享舒适入住体验。	700	11797
4737	标准间	标准间，简洁整洁，设施完备，高性价比之选。	248	11798
4738	行政套房	行政套房，空间宽敞，配套齐全，尊享舒适入住体验。	652	11799
4738	标准间	标准间，简洁整洁，设施完备，高性价比之选。	298	11800
4738	大床房	大床房，配备舒适大床，温馨静谧，适合休闲度假。	398	11801
4739	行政套房	行政套房，空间宽敞，配套齐全，尊享舒适入住体验。	691	11802
4739	标准间	标准间，简洁整洁，设施完备，高性价比之选。	198	11803
4739	大床房	大床房，配备舒适大床，温馨静谧，适合休闲度假。	461	11804
4740	标准间	标准间，简洁整洁，设施完备，高性价比之选。	223	11805
4740	行政套房	行政套房，空间宽敞，配套齐全，尊享舒适入住体验。	692	11806
4740	大床房	大床房，配备舒适大床，温馨静谧，适合休闲度假。	348	11807
4741	标准间	标准间，简洁整洁，设施完备，高性价比之选。	256	11808
4741	行政套房	行政套房，空间宽敞，配套齐全，尊享舒适入住体验。	602	11809
4742	行政套房	行政套房，空间宽敞，配套齐全，尊享舒适入住体验。	693	11810
4742	大床房	大床房，配备舒适大床，温馨静谧，适合休闲度假。	469	11811
4742	标准间	标准间，简洁整洁，设施完备，高性价比之选。	257	11812
4743	大床房	大床房，配备舒适大床，温馨静谧，适合休闲度假。	467	11813
4743	标准间	标准间，简洁整洁，设施完备，高性价比之选。	193	11814
4743	行政套房	行政套房，空间宽敞，配套齐全，尊享舒适入住体验。	674	11815
4744	标准间	标准间，简洁整洁，设施完备，高性价比之选。	202	11816
4744	大床房	大床房，配备舒适大床，温馨静谧，适合休闲度假。	337	11817
4744	行政套房	行政套房，空间宽敞，配套齐全，尊享舒适入住体验。	569	11818
4745	行政套房	行政套房，空间宽敞，配套齐全，尊享舒适入住体验。	807	11819
4745	大床房	大床房，配备舒适大床，温馨静谧，适合休闲度假。	371	11820
4746	标准间	标准间，简洁整洁，设施完备，高性价比之选。	238	11821
4746	大床房	大床房，配备舒适大床，温馨静谧，适合休闲度假。	414	11822
4746	行政套房	行政套房，空间宽敞，配套齐全，尊享舒适入住体验。	789	11823
4747	标准间	标准间，简洁整洁，设施完备，高性价比之选。	291	11824
4747	行政套房	行政套房，空间宽敞，配套齐全，尊享舒适入住体验。	705	11825
4748	行政套房	行政套房，空间宽敞，配套齐全，尊享舒适入住体验。	495	11826
4748	大床房	大床房，配备舒适大床，温馨静谧，适合休闲度假。	359	11827
4749	行政套房	行政套房，空间宽敞，配套齐全，尊享舒适入住体验。	646	11828
4749	大床房	大床房，配备舒适大床，温馨静谧，适合休闲度假。	391	11829
4749	标准间	标准间，简洁整洁，设施完备，高性价比之选。	299	11830
4750	标准间	标准间，简洁整洁，设施完备，高性价比之选。	200	11831
4750	行政套房	行政套房，空间宽敞，配套齐全，尊享舒适入住体验。	829	11832
4750	大床房	大床房，配备舒适大床，温馨静谧，适合休闲度假。	464	11833
4751	大床房	大床房，配备舒适大床，温馨静谧，适合休闲度假。	281	11834
4751	标准间	标准间，简洁整洁，设施完备，高性价比之选。	231	11835
4752	大床房	大床房，配备舒适大床，温馨静谧，适合休闲度假。	431	11836
4752	行政套房	行政套房，空间宽敞，配套齐全，尊享舒适入住体验。	857	11837
4753	大床房	大床房，配备舒适大床，温馨静谧，适合休闲度假。	435	11838
4753	标准间	标准间，简洁整洁，设施完备，高性价比之选。	282	11839
4753	行政套房	行政套房，空间宽敞，配套齐全，尊享舒适入住体验。	831	11840
4754	行政套房	行政套房，空间宽敞，配套齐全，尊享舒适入住体验。	772	11841
4754	大床房	大床房，配备舒适大床，温馨静谧，适合休闲度假。	330	11842
4755	大床房	大床房，配备舒适大床，温馨静谧，适合休闲度假。	446	11843
4755	标准间	标准间，简洁整洁，设施完备，高性价比之选。	272	11844
4755	行政套房	行政套房，空间宽敞，配套齐全，尊享舒适入住体验。	556	11845
4756	标准间	标准间，简洁整洁，设施完备，高性价比之选。	251	11846
4756	行政套房	行政套房，空间宽敞，配套齐全，尊享舒适入住体验。	842	11847
4756	大床房	大床房，配备舒适大床，温馨静谧，适合休闲度假。	329	11848
4757	大床房	大床房，配备舒适大床，温馨静谧，适合休闲度假。	385	11849
4757	标准间	标准间，简洁整洁，设施完备，高性价比之选。	246	11850
4758	标准间	标准间，简洁整洁，设施完备，高性价比之选。	204	11851
4758	行政套房	行政套房，空间宽敞，配套齐全，尊享舒适入住体验。	847	11852
4758	大床房	大床房，配备舒适大床，温馨静谧，适合休闲度假。	424	11853
4759	大床房	大床房，配备舒适大床，温馨静谧，适合休闲度假。	409	11854
4759	行政套房	行政套房，空间宽敞，配套齐全，尊享舒适入住体验。	784	11855
4759	标准间	标准间，简洁整洁，设施完备，高性价比之选。	312	11856
4760	标准间	标准间，简洁整洁，设施完备，高性价比之选。	286	11857
4760	行政套房	行政套房，空间宽敞，配套齐全，尊享舒适入住体验。	817	11858
4760	大床房	大床房，配备舒适大床，温馨静谧，适合休闲度假。	352	11859
4761	标准间	标准间，简洁整洁，设施完备，高性价比之选。	272	11860
4761	行政套房	行政套房，空间宽敞，配套齐全，尊享舒适入住体验。	490	11861
4761	大床房	大床房，配备舒适大床，温馨静谧，适合休闲度假。	472	11862
4762	行政套房	行政套房，空间宽敞，配套齐全，尊享舒适入住体验。	580	11863
4762	标准间	标准间，简洁整洁，设施完备，高性价比之选。	307	11864
4762	大床房	大床房，配备舒适大床，温馨静谧，适合休闲度假。	347	11865
4763	行政套房	行政套房，空间宽敞，配套齐全，尊享舒适入住体验。	591	11866
4763	标准间	标准间，简洁整洁，设施完备，高性价比之选。	307	11867
4763	大床房	大床房，配备舒适大床，温馨静谧，适合休闲度假。	458	11868
4764	行政套房	行政套房，空间宽敞，配套齐全，尊享舒适入住体验。	815	11869
4764	大床房	大床房，配备舒适大床，温馨静谧，适合休闲度假。	325	11870
4764	标准间	标准间，简洁整洁，设施完备，高性价比之选。	300	11871
4765	行政套房	行政套房，空间宽敞，配套齐全，尊享舒适入住体验。	729	11872
4765	大床房	大床房，配备舒适大床，温馨静谧，适合休闲度假。	432	11873
4765	标准间	标准间，简洁整洁，设施完备，高性价比之选。	181	11874
4766	行政套房	行政套房，空间宽敞，配套齐全，尊享舒适入住体验。	586	11875
4766	标准间	标准间，简洁整洁，设施完备，高性价比之选。	225	11876
4767	大床房	大床房，配备舒适大床，温馨静谧，适合休闲度假。	330	11877
4767	标准间	标准间，简洁整洁，设施完备，高性价比之选。	242	11878
4767	行政套房	行政套房，空间宽敞，配套齐全，尊享舒适入住体验。	507	11879
4768	大床房	大床房，配备舒适大床，温馨静谧，适合休闲度假。	410	11880
4768	标准间	标准间，简洁整洁，设施完备，高性价比之选。	273	11881
4768	行政套房	行政套房，空间宽敞，配套齐全，尊享舒适入住体验。	682	11882
4769	行政套房	行政套房，空间宽敞，配套齐全，尊享舒适入住体验。	710	11883
4769	大床房	大床房，配备舒适大床，温馨静谧，适合休闲度假。	333	11884
4769	标准间	标准间，简洁整洁，设施完备，高性价比之选。	304	11885
4770	行政套房	行政套房，空间宽敞，配套齐全，尊享舒适入住体验。	685	11886
4770	标准间	标准间，简洁整洁，设施完备，高性价比之选。	287	11887
4770	大床房	大床房，配备舒适大床，温馨静谧，适合休闲度假。	388	11888
4771	大床房	大床房，配备舒适大床，温馨静谧，适合休闲度假。	409	11889
4771	行政套房	行政套房，空间宽敞，配套齐全，尊享舒适入住体验。	740	11890
4771	标准间	标准间，简洁整洁，设施完备，高性价比之选。	252	11891
4772	大床房	大床房，配备舒适大床，温馨静谧，适合休闲度假。	373	11892
4772	标准间	标准间，简洁整洁，设施完备，高性价比之选。	300	11893
4773	大床房	大床房，配备舒适大床，温馨静谧，适合休闲度假。	273	11894
4773	标准间	标准间，简洁整洁，设施完备，高性价比之选。	294	11895
4773	行政套房	行政套房，空间宽敞，配套齐全，尊享舒适入住体验。	813	11896
4774	大床房	大床房，配备舒适大床，温馨静谧，适合休闲度假。	337	11897
4774	行政套房	行政套房，空间宽敞，配套齐全，尊享舒适入住体验。	485	11898
4775	标准间	标准间，简洁整洁，设施完备，高性价比之选。	318	11899
4775	大床房	大床房，配备舒适大床，温馨静谧，适合休闲度假。	352	11900
4775	行政套房	行政套房，空间宽敞，配套齐全，尊享舒适入住体验。	530	11901
4776	行政套房	行政套房，空间宽敞，配套齐全，尊享舒适入住体验。	852	11902
4776	大床房	大床房，配备舒适大床，温馨静谧，适合休闲度假。	373	11903
4777	标准间	标准间，简洁整洁，设施完备，高性价比之选。	202	11904
4777	行政套房	行政套房，空间宽敞，配套齐全，尊享舒适入住体验。	835	11905
4778	大床房	大床房，配备舒适大床，温馨静谧，适合休闲度假。	276	11906
4778	行政套房	行政套房，空间宽敞，配套齐全，尊享舒适入住体验。	510	11907
4778	标准间	标准间，简洁整洁，设施完备，高性价比之选。	230	11908
4779	行政套房	行政套房，空间宽敞，配套齐全，尊享舒适入住体验。	608	11909
4779	大床房	大床房，配备舒适大床，温馨静谧，适合休闲度假。	453	11910
4779	标准间	标准间，简洁整洁，设施完备，高性价比之选。	190	11911
4780	行政套房	行政套房，空间宽敞，配套齐全，尊享舒适入住体验。	627	11912
4780	标准间	标准间，简洁整洁，设施完备，高性价比之选。	259	11913
4781	大床房	大床房，配备舒适大床，温馨静谧，适合休闲度假。	261	11914
4781	行政套房	行政套房，空间宽敞，配套齐全，尊享舒适入住体验。	693	11915
4782	大床房	大床房，配备舒适大床，温馨静谧，适合休闲度假。	302	11916
4782	行政套房	行政套房，空间宽敞，配套齐全，尊享舒适入住体验。	834	11917
4782	标准间	标准间，简洁整洁，设施完备，高性价比之选。	263	11918
4783	行政套房	行政套房，空间宽敞，配套齐全，尊享舒适入住体验。	570	11919
4783	大床房	大床房，配备舒适大床，温馨静谧，适合休闲度假。	379	11920
4783	标准间	标准间，简洁整洁，设施完备，高性价比之选。	257	11921
4784	行政套房	行政套房，空间宽敞，配套齐全，尊享舒适入住体验。	544	11922
4784	标准间	标准间，简洁整洁，设施完备，高性价比之选。	215	11923
4784	大床房	大床房，配备舒适大床，温馨静谧，适合休闲度假。	474	11924
4785	行政套房	行政套房，空间宽敞，配套齐全，尊享舒适入住体验。	621	11925
4785	标准间	标准间，简洁整洁，设施完备，高性价比之选。	239	11926
4785	大床房	大床房，配备舒适大床，温馨静谧，适合休闲度假。	315	11927
4786	行政套房	行政套房，空间宽敞，配套齐全，尊享舒适入住体验。	653	11928
4786	大床房	大床房，配备舒适大床，温馨静谧，适合休闲度假。	448	11929
4787	行政套房	行政套房，空间宽敞，配套齐全，尊享舒适入住体验。	512	11930
4787	标准间	标准间，简洁整洁，设施完备，高性价比之选。	310	11931
4787	大床房	大床房，配备舒适大床，温馨静谧，适合休闲度假。	272	11932
4788	标准间	标准间，简洁整洁，设施完备，高性价比之选。	211	11933
4788	大床房	大床房，配备舒适大床，温馨静谧，适合休闲度假。	318	11934
4789	行政套房	行政套房，空间宽敞，配套齐全，尊享舒适入住体验。	572	11935
4789	标准间	标准间，简洁整洁，设施完备，高性价比之选。	194	11936
4790	行政套房	行政套房，空间宽敞，配套齐全，尊享舒适入住体验。	516	11937
4790	标准间	标准间，简洁整洁，设施完备，高性价比之选。	300	11938
4791	行政套房	行政套房，空间宽敞，配套齐全，尊享舒适入住体验。	868	11939
4791	大床房	大床房，配备舒适大床，温馨静谧，适合休闲度假。	317	11940
4792	标准间	标准间，简洁整洁，设施完备，高性价比之选。	309	11941
4792	行政套房	行政套房，空间宽敞，配套齐全，尊享舒适入住体验。	660	11942
4792	大床房	大床房，配备舒适大床，温馨静谧，适合休闲度假。	458	11943
4793	行政套房	行政套房，空间宽敞，配套齐全，尊享舒适入住体验。	582	11944
4793	大床房	大床房，配备舒适大床，温馨静谧，适合休闲度假。	392	11945
4793	标准间	标准间，简洁整洁，设施完备，高性价比之选。	279	11946
4794	标准间	标准间，简洁整洁，设施完备，高性价比之选。	210	11947
4794	行政套房	行政套房，空间宽敞，配套齐全，尊享舒适入住体验。	795	11948
4795	大床房	大床房，配备舒适大床，温馨静谧，适合休闲度假。	318	11949
4795	行政套房	行政套房，空间宽敞，配套齐全，尊享舒适入住体验。	590	11950
4795	标准间	标准间，简洁整洁，设施完备，高性价比之选。	298	11951
4796	行政套房	行政套房，空间宽敞，配套齐全，尊享舒适入住体验。	841	11952
4796	标准间	标准间，简洁整洁，设施完备，高性价比之选。	297	11953
4797	标准间	标准间，简洁整洁，设施完备，高性价比之选。	253	11954
4797	大床房	大床房，配备舒适大床，温馨静谧，适合休闲度假。	274	11955
4798	大床房	大床房，配备舒适大床，温馨静谧，适合休闲度假。	273	11956
4798	行政套房	行政套房，空间宽敞，配套齐全，尊享舒适入住体验。	543	11957
4798	标准间	标准间，简洁整洁，设施完备，高性价比之选。	196	11958
4799	大床房	大床房，配备舒适大床，温馨静谧，适合休闲度假。	434	11959
4799	标准间	标准间，简洁整洁，设施完备，高性价比之选。	206	11960
4800	大床房	大床房，配备舒适大床，温馨静谧，适合休闲度假。	295	11961
4800	行政套房	行政套房，空间宽敞，配套齐全，尊享舒适入住体验。	816	11962
4801	标准间	标准间，简洁整洁，设施完备，高性价比之选。	181	11963
4801	行政套房	行政套房，空间宽敞，配套齐全，尊享舒适入住体验。	815	11964
4801	大床房	大床房，配备舒适大床，温馨静谧，适合休闲度假。	447	11965
4802	大床房	大床房，配备舒适大床，温馨静谧，适合休闲度假。	391	11966
4802	行政套房	行政套房，空间宽敞，配套齐全，尊享舒适入住体验。	588	11967
4803	标准间	标准间，简洁整洁，设施完备，高性价比之选。	292	11968
4803	行政套房	行政套房，空间宽敞，配套齐全，尊享舒适入住体验。	751	11969
4803	大床房	大床房，配备舒适大床，温馨静谧，适合休闲度假。	429	11970
4804	标准间	标准间，简洁整洁，设施完备，高性价比之选。	250	11971
4804	大床房	大床房，配备舒适大床，温馨静谧，适合休闲度假。	279	11972
4804	行政套房	行政套房，空间宽敞，配套齐全，尊享舒适入住体验。	873	11973
4805	行政套房	行政套房，空间宽敞，配套齐全，尊享舒适入住体验。	779	11974
4805	大床房	大床房，配备舒适大床，温馨静谧，适合休闲度假。	382	11975
4806	大床房	大床房，配备舒适大床，温馨静谧，适合休闲度假。	266	11976
4806	行政套房	行政套房，空间宽敞，配套齐全，尊享舒适入住体验。	728	11977
4807	大床房	大床房，配备舒适大床，温馨静谧，适合休闲度假。	377	11978
4807	标准间	标准间，简洁整洁，设施完备，高性价比之选。	240	11979
4807	行政套房	行政套房，空间宽敞，配套齐全，尊享舒适入住体验。	614	11980
4808	行政套房	行政套房，空间宽敞，配套齐全，尊享舒适入住体验。	631	11981
4808	大床房	大床房，配备舒适大床，温馨静谧，适合休闲度假。	466	11982
4809	大床房	大床房，配备舒适大床，温馨静谧，适合休闲度假。	456	11983
4809	标准间	标准间，简洁整洁，设施完备，高性价比之选。	293	11984
4810	标准间	标准间，简洁整洁，设施完备，高性价比之选。	318	11985
4810	大床房	大床房，配备舒适大床，温馨静谧，适合休闲度假。	302	11986
4810	行政套房	行政套房，空间宽敞，配套齐全，尊享舒适入住体验。	739	11987
4811	行政套房	行政套房，空间宽敞，配套齐全，尊享舒适入住体验。	667	11988
4811	大床房	大床房，配备舒适大床，温馨静谧，适合休闲度假。	351	11989
4811	标准间	标准间，简洁整洁，设施完备，高性价比之选。	212	11990
4812	行政套房	行政套房，空间宽敞，配套齐全，尊享舒适入住体验。	826	11991
4812	大床房	大床房，配备舒适大床，温馨静谧，适合休闲度假。	265	11992
4813	标准间	标准间，简洁整洁，设施完备，高性价比之选。	267	11993
4813	行政套房	行政套房，空间宽敞，配套齐全，尊享舒适入住体验。	722	11994
4813	大床房	大床房，配备舒适大床，温馨静谧，适合休闲度假。	359	11995
4814	大床房	大床房，配备舒适大床，温馨静谧，适合休闲度假。	277	11996
4814	标准间	标准间，简洁整洁，设施完备，高性价比之选。	194	11997
4815	标准间	标准间，简洁整洁，设施完备，高性价比之选。	244	11998
4815	行政套房	行政套房，空间宽敞，配套齐全，尊享舒适入住体验。	536	11999
4816	大床房	大床房，配备舒适大床，温馨静谧，适合休闲度假。	303	12000
4816	行政套房	行政套房，空间宽敞，配套齐全，尊享舒适入住体验。	669	12001
4817	标准间	标准间，简洁整洁，设施完备，高性价比之选。	287	12002
4817	行政套房	行政套房，空间宽敞，配套齐全，尊享舒适入住体验。	844	12003
4817	大床房	大床房，配备舒适大床，温馨静谧，适合休闲度假。	391	12004
4818	行政套房	行政套房，空间宽敞，配套齐全，尊享舒适入住体验。	627	12005
4818	大床房	大床房，配备舒适大床，温馨静谧，适合休闲度假。	323	12006
4818	标准间	标准间，简洁整洁，设施完备，高性价比之选。	224	12007
4819	大床房	大床房，配备舒适大床，温馨静谧，适合休闲度假。	262	12008
4819	标准间	标准间，简洁整洁，设施完备，高性价比之选。	228	12009
4819	行政套房	行政套房，空间宽敞，配套齐全，尊享舒适入住体验。	700	12010
4820	大床房	大床房，配备舒适大床，温馨静谧，适合休闲度假。	321	12011
4820	行政套房	行政套房，空间宽敞，配套齐全，尊享舒适入住体验。	581	12012
4821	行政套房	行政套房，空间宽敞，配套齐全，尊享舒适入住体验。	642	12013
4821	标准间	标准间，简洁整洁，设施完备，高性价比之选。	312	12014
4821	大床房	大床房，配备舒适大床，温馨静谧，适合休闲度假。	378	12015
4822	标准间	标准间，简洁整洁，设施完备，高性价比之选。	316	12016
4822	行政套房	行政套房，空间宽敞，配套齐全，尊享舒适入住体验。	485	12017
4822	大床房	大床房，配备舒适大床，温馨静谧，适合休闲度假。	264	12018
4823	标准间	标准间，简洁整洁，设施完备，高性价比之选。	271	12019
4823	行政套房	行政套房，空间宽敞，配套齐全，尊享舒适入住体验。	865	12020
4824	大床房	大床房，配备舒适大床，温馨静谧，适合休闲度假。	469	12021
4824	标准间	标准间，简洁整洁，设施完备，高性价比之选。	262	12022
4825	标准间	标准间，简洁整洁，设施完备，高性价比之选。	281	12023
4825	大床房	大床房，配备舒适大床，温馨静谧，适合休闲度假。	296	12024
4825	行政套房	行政套房，空间宽敞，配套齐全，尊享舒适入住体验。	588	12025
4826	标准间	标准间，简洁整洁，设施完备，高性价比之选。	234	12026
4826	行政套房	行政套房，空间宽敞，配套齐全，尊享舒适入住体验。	490	12027
4827	标准间	标准间，简洁整洁，设施完备，高性价比之选。	215	12028
4827	大床房	大床房，配备舒适大床，温馨静谧，适合休闲度假。	328	12029
4828	大床房	大床房，配备舒适大床，温馨静谧，适合休闲度假。	260	12030
4828	行政套房	行政套房，空间宽敞，配套齐全，尊享舒适入住体验。	567	12031
4828	标准间	标准间，简洁整洁，设施完备，高性价比之选。	186	12032
4829	标准间	标准间，简洁整洁，设施完备，高性价比之选。	272	12033
4829	大床房	大床房，配备舒适大床，温馨静谧，适合休闲度假。	271	12034
4829	行政套房	行政套房，空间宽敞，配套齐全，尊享舒适入住体验。	527	12035
4830	大床房	大床房，配备舒适大床，温馨静谧，适合休闲度假。	460	12036
4830	标准间	标准间，简洁整洁，设施完备，高性价比之选。	190	12037
4831	标准间	标准间，简洁整洁，设施完备，高性价比之选。	202	12038
4831	行政套房	行政套房，空间宽敞，配套齐全，尊享舒适入住体验。	698	12039
4832	标准间	标准间，简洁整洁，设施完备，高性价比之选。	274	12040
4832	大床房	大床房，配备舒适大床，温馨静谧，适合休闲度假。	346	12041
4833	行政套房	行政套房，空间宽敞，配套齐全，尊享舒适入住体验。	757	12042
4833	标准间	标准间，简洁整洁，设施完备，高性价比之选。	229	12043
4834	标准间	标准间，简洁整洁，设施完备，高性价比之选。	180	12044
4834	大床房	大床房，配备舒适大床，温馨静谧，适合休闲度假。	453	12045
4834	行政套房	行政套房，空间宽敞，配套齐全，尊享舒适入住体验。	557	12046
4835	标准间	标准间，简洁整洁，设施完备，高性价比之选。	213	12047
4835	行政套房	行政套房，空间宽敞，配套齐全，尊享舒适入住体验。	877	12048
4835	大床房	大床房，配备舒适大床，温馨静谧，适合休闲度假。	336	12049
4836	标准间	标准间，简洁整洁，设施完备，高性价比之选。	310	12050
4836	大床房	大床房，配备舒适大床，温馨静谧，适合休闲度假。	334	12051
4837	大床房	大床房，配备舒适大床，温馨静谧，适合休闲度假。	431	12052
4837	标准间	标准间，简洁整洁，设施完备，高性价比之选。	254	12053
4838	大床房	大床房，配备舒适大床，温馨静谧，适合休闲度假。	339	12054
4838	标准间	标准间，简洁整洁，设施完备，高性价比之选。	266	12055
4839	标准间	标准间，简洁整洁，设施完备，高性价比之选。	185	12056
4839	行政套房	行政套房，空间宽敞，配套齐全，尊享舒适入住体验。	526	12057
4840	大床房	大床房，配备舒适大床，温馨静谧，适合休闲度假。	415	12058
4840	行政套房	行政套房，空间宽敞，配套齐全，尊享舒适入住体验。	677	12059
4840	标准间	标准间，简洁整洁，设施完备，高性价比之选。	232	12060
4841	标准间	标准间，简洁整洁，设施完备，高性价比之选。	300	12061
4841	行政套房	行政套房，空间宽敞，配套齐全，尊享舒适入住体验。	708	12062
4842	标准间	标准间，简洁整洁，设施完备，高性价比之选。	311	12063
4842	行政套房	行政套房，空间宽敞，配套齐全，尊享舒适入住体验。	842	12064
4842	大床房	大床房，配备舒适大床，温馨静谧，适合休闲度假。	471	12065
4843	标准间	标准间，简洁整洁，设施完备，高性价比之选。	258	12066
4843	行政套房	行政套房，空间宽敞，配套齐全，尊享舒适入住体验。	745	12067
4844	大床房	大床房，配备舒适大床，温馨静谧，适合休闲度假。	337	12068
4844	标准间	标准间，简洁整洁，设施完备，高性价比之选。	291	12069
4845	行政套房	行政套房，空间宽敞，配套齐全，尊享舒适入住体验。	706	12070
4845	大床房	大床房，配备舒适大床，温馨静谧，适合休闲度假。	400	12071
4845	标准间	标准间，简洁整洁，设施完备，高性价比之选。	288	12072
4846	大床房	大床房，配备舒适大床，温馨静谧，适合休闲度假。	437	12073
4846	行政套房	行政套房，空间宽敞，配套齐全，尊享舒适入住体验。	782	12074
4847	标准间	标准间，简洁整洁，设施完备，高性价比之选。	204	12075
4847	大床房	大床房，配备舒适大床，温馨静谧，适合休闲度假。	379	12076
4848	标准间	标准间，简洁整洁，设施完备，高性价比之选。	224	12077
4848	大床房	大床房，配备舒适大床，温馨静谧，适合休闲度假。	266	12078
4848	行政套房	行政套房，空间宽敞，配套齐全，尊享舒适入住体验。	625	12079
4849	标准间	标准间，简洁整洁，设施完备，高性价比之选。	292	12080
4849	行政套房	行政套房，空间宽敞，配套齐全，尊享舒适入住体验。	806	12081
4850	大床房	大床房，配备舒适大床，温馨静谧，适合休闲度假。	362	12082
4850	行政套房	行政套房，空间宽敞，配套齐全，尊享舒适入住体验。	664	12083
4850	标准间	标准间，简洁整洁，设施完备，高性价比之选。	181	12084
4851	标准间	标准间，简洁整洁，设施完备，高性价比之选。	233	12085
4851	大床房	大床房，配备舒适大床，温馨静谧，适合休闲度假。	270	12086
4851	行政套房	行政套房，空间宽敞，配套齐全，尊享舒适入住体验。	567	12087
4852	大床房	大床房，配备舒适大床，温馨静谧，适合休闲度假。	387	12088
4852	标准间	标准间，简洁整洁，设施完备，高性价比之选。	199	12089
4852	行政套房	行政套房，空间宽敞，配套齐全，尊享舒适入住体验。	793	12090
4853	大床房	大床房，配备舒适大床，温馨静谧，适合休闲度假。	455	12091
4853	行政套房	行政套房，空间宽敞，配套齐全，尊享舒适入住体验。	525	12092
4853	标准间	标准间，简洁整洁，设施完备，高性价比之选。	183	12093
4854	大床房	大床房，配备舒适大床，温馨静谧，适合休闲度假。	276	12094
4854	行政套房	行政套房，空间宽敞，配套齐全，尊享舒适入住体验。	869	12095
4854	标准间	标准间，简洁整洁，设施完备，高性价比之选。	272	12096
4855	大床房	大床房，配备舒适大床，温馨静谧，适合休闲度假。	397	12097
4855	行政套房	行政套房，空间宽敞，配套齐全，尊享舒适入住体验。	502	12098
4855	标准间	标准间，简洁整洁，设施完备，高性价比之选。	282	12099
4856	大床房	大床房，配备舒适大床，温馨静谧，适合休闲度假。	363	12100
4856	行政套房	行政套房，空间宽敞，配套齐全，尊享舒适入住体验。	762	12101
4857	标准间	标准间，简洁整洁，设施完备，高性价比之选。	284	12102
4857	行政套房	行政套房，空间宽敞，配套齐全，尊享舒适入住体验。	688	12103
4857	大床房	大床房，配备舒适大床，温馨静谧，适合休闲度假。	438	12104
4858	行政套房	行政套房，空间宽敞，配套齐全，尊享舒适入住体验。	585	12105
4858	标准间	标准间，简洁整洁，设施完备，高性价比之选。	210	12106
4858	大床房	大床房，配备舒适大床，温馨静谧，适合休闲度假。	418	12107
4859	行政套房	行政套房，空间宽敞，配套齐全，尊享舒适入住体验。	778	12108
4859	标准间	标准间，简洁整洁，设施完备，高性价比之选。	252	12109
4860	标准间	标准间，简洁整洁，设施完备，高性价比之选。	220	12110
4860	大床房	大床房，配备舒适大床，温馨静谧，适合休闲度假。	306	12111
4860	行政套房	行政套房，空间宽敞，配套齐全，尊享舒适入住体验。	848	12112
4861	大床房	大床房，配备舒适大床，温馨静谧，适合休闲度假。	281	12113
4861	标准间	标准间，简洁整洁，设施完备，高性价比之选。	287	12114
4862	大床房	大床房，配备舒适大床，温馨静谧，适合休闲度假。	350	12115
4862	行政套房	行政套房，空间宽敞，配套齐全，尊享舒适入住体验。	629	12116
4862	标准间	标准间，简洁整洁，设施完备，高性价比之选。	194	12117
4863	行政套房	行政套房，空间宽敞，配套齐全，尊享舒适入住体验。	662	12118
4863	标准间	标准间，简洁整洁，设施完备，高性价比之选。	295	12119
4863	大床房	大床房，配备舒适大床，温馨静谧，适合休闲度假。	392	12120
4864	大床房	大床房，配备舒适大床，温馨静谧，适合休闲度假。	375	12121
4864	标准间	标准间，简洁整洁，设施完备，高性价比之选。	311	12122
4864	行政套房	行政套房，空间宽敞，配套齐全，尊享舒适入住体验。	512	12123
4865	标准间	标准间，简洁整洁，设施完备，高性价比之选。	225	12124
4865	行政套房	行政套房，空间宽敞，配套齐全，尊享舒适入住体验。	677	12125
4865	大床房	大床房，配备舒适大床，温馨静谧，适合休闲度假。	345	12126
4866	标准间	标准间，简洁整洁，设施完备，高性价比之选。	218	12127
4866	行政套房	行政套房，空间宽敞，配套齐全，尊享舒适入住体验。	870	12128
4867	行政套房	行政套房，空间宽敞，配套齐全，尊享舒适入住体验。	508	12129
4867	标准间	标准间，简洁整洁，设施完备，高性价比之选。	211	12130
4867	大床房	大床房，配备舒适大床，温馨静谧，适合休闲度假。	436	12131
4868	行政套房	行政套房，空间宽敞，配套齐全，尊享舒适入住体验。	690	12132
4868	大床房	大床房，配备舒适大床，温馨静谧，适合休闲度假。	467	12133
4868	标准间	标准间，简洁整洁，设施完备，高性价比之选。	274	12134
4869	行政套房	行政套房，空间宽敞，配套齐全，尊享舒适入住体验。	825	12135
4869	大床房	大床房，配备舒适大床，温馨静谧，适合休闲度假。	334	12136
4870	大床房	大床房，配备舒适大床，温馨静谧，适合休闲度假。	308	12137
4870	标准间	标准间，简洁整洁，设施完备，高性价比之选。	221	12138
4870	行政套房	行政套房，空间宽敞，配套齐全，尊享舒适入住体验。	794	12139
4871	标准间	标准间，简洁整洁，设施完备，高性价比之选。	196	12140
4871	行政套房	行政套房，空间宽敞，配套齐全，尊享舒适入住体验。	572	12141
4871	大床房	大床房，配备舒适大床，温馨静谧，适合休闲度假。	333	12142
4872	标准间	标准间，简洁整洁，设施完备，高性价比之选。	214	12143
4872	大床房	大床房，配备舒适大床，温馨静谧，适合休闲度假。	456	12144
4872	行政套房	行政套房，空间宽敞，配套齐全，尊享舒适入住体验。	812	12145
4873	大床房	大床房，配备舒适大床，温馨静谧，适合休闲度假。	398	12146
4873	标准间	标准间，简洁整洁，设施完备，高性价比之选。	235	12147
4874	大床房	大床房，配备舒适大床，温馨静谧，适合休闲度假。	468	12148
4874	标准间	标准间，简洁整洁，设施完备，高性价比之选。	187	12149
4875	大床房	大床房，配备舒适大床，温馨静谧，适合休闲度假。	452	12150
4875	行政套房	行政套房，空间宽敞，配套齐全，尊享舒适入住体验。	805	12151
4876	行政套房	行政套房，空间宽敞，配套齐全，尊享舒适入住体验。	590	12152
4876	大床房	大床房，配备舒适大床，温馨静谧，适合休闲度假。	278	12153
4877	大床房	大床房，配备舒适大床，温馨静谧，适合休闲度假。	279	12154
4877	行政套房	行政套房，空间宽敞，配套齐全，尊享舒适入住体验。	813	12155
4877	标准间	标准间，简洁整洁，设施完备，高性价比之选。	220	12156
4878	大床房	大床房，配备舒适大床，温馨静谧，适合休闲度假。	428	12157
4878	行政套房	行政套房，空间宽敞，配套齐全，尊享舒适入住体验。	847	12158
4879	行政套房	行政套房，空间宽敞，配套齐全，尊享舒适入住体验。	670	12159
4879	大床房	大床房，配备舒适大床，温馨静谧，适合休闲度假。	442	12160
4879	标准间	标准间，简洁整洁，设施完备，高性价比之选。	310	12161
4880	行政套房	行政套房，空间宽敞，配套齐全，尊享舒适入住体验。	594	12162
4880	大床房	大床房，配备舒适大床，温馨静谧，适合休闲度假。	448	12163
4881	大床房	大床房，配备舒适大床，温馨静谧，适合休闲度假。	286	12164
4881	标准间	标准间，简洁整洁，设施完备，高性价比之选。	238	12165
4882	行政套房	行政套房，空间宽敞，配套齐全，尊享舒适入住体验。	582	12166
4882	标准间	标准间，简洁整洁，设施完备，高性价比之选。	221	12167
4882	大床房	大床房，配备舒适大床，温馨静谧，适合休闲度假。	272	12168
4883	标准间	标准间，简洁整洁，设施完备，高性价比之选。	219	12169
4883	大床房	大床房，配备舒适大床，温馨静谧，适合休闲度假。	278	12170
4884	标准间	标准间，简洁整洁，设施完备，高性价比之选。	243	12171
4884	行政套房	行政套房，空间宽敞，配套齐全，尊享舒适入住体验。	823	12172
4884	大床房	大床房，配备舒适大床，温馨静谧，适合休闲度假。	462	12173
4885	行政套房	行政套房，空间宽敞，配套齐全，尊享舒适入住体验。	653	12174
4885	标准间	标准间，简洁整洁，设施完备，高性价比之选。	250	12175
4886	标准间	标准间，简洁整洁，设施完备，高性价比之选。	254	12176
4886	行政套房	行政套房，空间宽敞，配套齐全，尊享舒适入住体验。	753	12177
4886	大床房	大床房，配备舒适大床，温馨静谧，适合休闲度假。	282	12178
4887	行政套房	行政套房，空间宽敞，配套齐全，尊享舒适入住体验。	627	12179
4887	标准间	标准间，简洁整洁，设施完备，高性价比之选。	208	12180
4888	行政套房	行政套房，空间宽敞，配套齐全，尊享舒适入住体验。	839	12181
4888	标准间	标准间，简洁整洁，设施完备，高性价比之选。	194	12182
4888	大床房	大床房，配备舒适大床，温馨静谧，适合休闲度假。	368	12183
4889	标准间	标准间，简洁整洁，设施完备，高性价比之选。	180	12184
4889	行政套房	行政套房，空间宽敞，配套齐全，尊享舒适入住体验。	547	12185
4889	大床房	大床房，配备舒适大床，温馨静谧，适合休闲度假。	289	12186
4890	大床房	大床房，配备舒适大床，温馨静谧，适合休闲度假。	357	12187
4890	行政套房	行政套房，空间宽敞，配套齐全，尊享舒适入住体验。	754	12188
4891	标准间	标准间，简洁整洁，设施完备，高性价比之选。	187	12189
4891	大床房	大床房，配备舒适大床，温馨静谧，适合休闲度假。	314	12190
4891	行政套房	行政套房，空间宽敞，配套齐全，尊享舒适入住体验。	697	12191
4892	行政套房	行政套房，空间宽敞，配套齐全，尊享舒适入住体验。	616	12192
4892	大床房	大床房，配备舒适大床，温馨静谧，适合休闲度假。	314	12193
4893	大床房	大床房，配备舒适大床，温馨静谧，适合休闲度假。	362	12194
4893	行政套房	行政套房，空间宽敞，配套齐全，尊享舒适入住体验。	702	12195
4893	标准间	标准间，简洁整洁，设施完备，高性价比之选。	271	12196
4894	标准间	标准间，简洁整洁，设施完备，高性价比之选。	313	12197
4894	行政套房	行政套房，空间宽敞，配套齐全，尊享舒适入住体验。	707	12198
4894	大床房	大床房，配备舒适大床，温馨静谧，适合休闲度假。	268	12199
4895	大床房	大床房，配备舒适大床，温馨静谧，适合休闲度假。	457	12200
4895	行政套房	行政套房，空间宽敞，配套齐全，尊享舒适入住体验。	526	12201
4896	大床房	大床房，配备舒适大床，温馨静谧，适合休闲度假。	389	12202
4896	标准间	标准间，简洁整洁，设施完备，高性价比之选。	301	12203
4896	行政套房	行政套房，空间宽敞，配套齐全，尊享舒适入住体验。	645	12204
4897	行政套房	行政套房，空间宽敞，配套齐全，尊享舒适入住体验。	545	12205
4897	标准间	标准间，简洁整洁，设施完备，高性价比之选。	315	12206
4897	大床房	大床房，配备舒适大床，温馨静谧，适合休闲度假。	469	12207
4898	行政套房	行政套房，空间宽敞，配套齐全，尊享舒适入住体验。	629	12208
4898	大床房	大床房，配备舒适大床，温馨静谧，适合休闲度假。	309	12209
4898	标准间	标准间，简洁整洁，设施完备，高性价比之选。	248	12210
4899	大床房	大床房，配备舒适大床，温馨静谧，适合休闲度假。	339	12211
4899	行政套房	行政套房，空间宽敞，配套齐全，尊享舒适入住体验。	526	12212
4899	标准间	标准间，简洁整洁，设施完备，高性价比之选。	253	12213
4900	大床房	大床房，配备舒适大床，温馨静谧，适合休闲度假。	353	12214
4900	标准间	标准间，简洁整洁，设施完备，高性价比之选。	266	12215
4901	行政套房	行政套房，空间宽敞，配套齐全，尊享舒适入住体验。	531	12216
4901	大床房	大床房，配备舒适大床，温馨静谧，适合休闲度假。	463	12217
4902	行政套房	行政套房，空间宽敞，配套齐全，尊享舒适入住体验。	694	12218
4902	标准间	标准间，简洁整洁，设施完备，高性价比之选。	303	12219
4902	大床房	大床房，配备舒适大床，温馨静谧，适合休闲度假。	281	12220
4903	标准间	标准间，简洁整洁，设施完备，高性价比之选。	299	12221
4903	大床房	大床房，配备舒适大床，温馨静谧，适合休闲度假。	306	12222
4903	行政套房	行政套房，空间宽敞，配套齐全，尊享舒适入住体验。	708	12223
4904	行政套房	行政套房，空间宽敞，配套齐全，尊享舒适入住体验。	765	12224
4904	大床房	大床房，配备舒适大床，温馨静谧，适合休闲度假。	299	12225
4905	大床房	大床房，配备舒适大床，温馨静谧，适合休闲度假。	286	12226
4905	标准间	标准间，简洁整洁，设施完备，高性价比之选。	233	12227
4905	行政套房	行政套房，空间宽敞，配套齐全，尊享舒适入住体验。	575	12228
4906	大床房	大床房，配备舒适大床，温馨静谧，适合休闲度假。	329	12229
4906	标准间	标准间，简洁整洁，设施完备，高性价比之选。	302	12230
4907	标准间	标准间，简洁整洁，设施完备，高性价比之选。	302	12231
4907	行政套房	行政套房，空间宽敞，配套齐全，尊享舒适入住体验。	870	12232
4908	标准间	标准间，简洁整洁，设施完备，高性价比之选。	185	12233
4908	行政套房	行政套房，空间宽敞，配套齐全，尊享舒适入住体验。	779	12234
4909	大床房	大床房，配备舒适大床，温馨静谧，适合休闲度假。	473	12235
4909	标准间	标准间，简洁整洁，设施完备，高性价比之选。	250	12236
4910	行政套房	行政套房，空间宽敞，配套齐全，尊享舒适入住体验。	487	12237
4910	大床房	大床房，配备舒适大床，温馨静谧，适合休闲度假。	321	12238
4910	标准间	标准间，简洁整洁，设施完备，高性价比之选。	225	12239
4911	行政套房	行政套房，空间宽敞，配套齐全，尊享舒适入住体验。	803	12240
4911	大床房	大床房，配备舒适大床，温馨静谧，适合休闲度假。	298	12241
4911	标准间	标准间，简洁整洁，设施完备，高性价比之选。	254	12242
4912	标准间	标准间，简洁整洁，设施完备，高性价比之选。	185	12243
4912	大床房	大床房，配备舒适大床，温馨静谧，适合休闲度假。	264	12244
4913	标准间	标准间，简洁整洁，设施完备，高性价比之选。	248	12245
4913	行政套房	行政套房，空间宽敞，配套齐全，尊享舒适入住体验。	761	12246
4913	大床房	大床房，配备舒适大床，温馨静谧，适合休闲度假。	361	12247
4914	标准间	标准间，简洁整洁，设施完备，高性价比之选。	243	12248
4914	大床房	大床房，配备舒适大床，温馨静谧，适合休闲度假。	381	12249
4915	行政套房	行政套房，空间宽敞，配套齐全，尊享舒适入住体验。	596	12250
4915	大床房	大床房，配备舒适大床，温馨静谧，适合休闲度假。	409	12251
4916	标准间	标准间，简洁整洁，设施完备，高性价比之选。	189	12252
4916	大床房	大床房，配备舒适大床，温馨静谧，适合休闲度假。	366	12253
4917	大床房	大床房，配备舒适大床，温馨静谧，适合休闲度假。	337	12254
4917	标准间	标准间，简洁整洁，设施完备，高性价比之选。	283	12255
4917	行政套房	行政套房，空间宽敞，配套齐全，尊享舒适入住体验。	568	12256
4918	行政套房	行政套房，空间宽敞，配套齐全，尊享舒适入住体验。	570	12257
4918	大床房	大床房，配备舒适大床，温馨静谧，适合休闲度假。	475	12258
4918	标准间	标准间，简洁整洁，设施完备，高性价比之选。	242	12259
4919	大床房	大床房，配备舒适大床，温馨静谧，适合休闲度假。	321	12260
4919	标准间	标准间，简洁整洁，设施完备，高性价比之选。	207	12261
4919	行政套房	行政套房，空间宽敞，配套齐全，尊享舒适入住体验。	671	12262
4920	行政套房	行政套房，空间宽敞，配套齐全，尊享舒适入住体验。	597	12263
4920	大床房	大床房，配备舒适大床，温馨静谧，适合休闲度假。	341	12264
4921	大床房	大床房，配备舒适大床，温馨静谧，适合休闲度假。	349	12265
4921	标准间	标准间，简洁整洁，设施完备，高性价比之选。	247	12266
4921	行政套房	行政套房，空间宽敞，配套齐全，尊享舒适入住体验。	572	12267
4922	标准间	标准间，简洁整洁，设施完备，高性价比之选。	297	12268
4922	行政套房	行政套房，空间宽敞，配套齐全，尊享舒适入住体验。	754	12269
4922	大床房	大床房，配备舒适大床，温馨静谧，适合休闲度假。	344	12270
4923	大床房	大床房，配备舒适大床，温馨静谧，适合休闲度假。	316	12271
4923	标准间	标准间，简洁整洁，设施完备，高性价比之选。	271	12272
4923	行政套房	行政套房，空间宽敞，配套齐全，尊享舒适入住体验。	535	12273
4924	行政套房	行政套房，空间宽敞，配套齐全，尊享舒适入住体验。	522	12274
4924	标准间	标准间，简洁整洁，设施完备，高性价比之选。	222	12275
4925	标准间	标准间，简洁整洁，设施完备，高性价比之选。	183	12276
4925	大床房	大床房，配备舒适大床，温馨静谧，适合休闲度假。	358	12277
4925	行政套房	行政套房，空间宽敞，配套齐全，尊享舒适入住体验。	620	12278
4926	标准间	标准间，简洁整洁，设施完备，高性价比之选。	240	12279
4926	大床房	大床房，配备舒适大床，温馨静谧，适合休闲度假。	447	12280
4927	标准间	标准间，简洁整洁，设施完备，高性价比之选。	211	12281
4927	行政套房	行政套房，空间宽敞，配套齐全，尊享舒适入住体验。	647	12282
4928	大床房	大床房，配备舒适大床，温馨静谧，适合休闲度假。	362	12283
4928	行政套房	行政套房，空间宽敞，配套齐全，尊享舒适入住体验。	634	12284
4928	标准间	标准间，简洁整洁，设施完备，高性价比之选。	214	12285
4929	标准间	标准间，简洁整洁，设施完备，高性价比之选。	312	12286
4929	行政套房	行政套房，空间宽敞，配套齐全，尊享舒适入住体验。	575	12287
4930	大床房	大床房，配备舒适大床，温馨静谧，适合休闲度假。	476	12288
4930	行政套房	行政套房，空间宽敞，配套齐全，尊享舒适入住体验。	549	12289
4930	标准间	标准间，简洁整洁，设施完备，高性价比之选。	182	12290
4931	大床房	大床房，配备舒适大床，温馨静谧，适合休闲度假。	305	12291
4931	行政套房	行政套房，空间宽敞，配套齐全，尊享舒适入住体验。	588	12292
4931	标准间	标准间，简洁整洁，设施完备，高性价比之选。	224	12293
4932	标准间	标准间，简洁整洁，设施完备，高性价比之选。	190	12294
4932	大床房	大床房，配备舒适大床，温馨静谧，适合休闲度假。	380	12295
4933	标准间	标准间，简洁整洁，设施完备，高性价比之选。	241	12296
4933	大床房	大床房，配备舒适大床，温馨静谧，适合休闲度假。	266	12297
4933	行政套房	行政套房，空间宽敞，配套齐全，尊享舒适入住体验。	815	12298
4934	行政套房	行政套房，空间宽敞，配套齐全，尊享舒适入住体验。	778	12299
4934	大床房	大床房，配备舒适大床，温馨静谧，适合休闲度假。	276	12300
4934	标准间	标准间，简洁整洁，设施完备，高性价比之选。	232	12301
4935	行政套房	行政套房，空间宽敞，配套齐全，尊享舒适入住体验。	698	12302
4935	标准间	标准间，简洁整洁，设施完备，高性价比之选。	211	12303
4935	大床房	大床房，配备舒适大床，温馨静谧，适合休闲度假。	311	12304
4936	标准间	标准间，简洁整洁，设施完备，高性价比之选。	189	12305
4936	行政套房	行政套房，空间宽敞，配套齐全，尊享舒适入住体验。	860	12306
4937	大床房	大床房，配备舒适大床，温馨静谧，适合休闲度假。	344	12307
4937	行政套房	行政套房，空间宽敞，配套齐全，尊享舒适入住体验。	502	12308
4938	标准间	标准间，简洁整洁，设施完备，高性价比之选。	199	12309
4938	行政套房	行政套房，空间宽敞，配套齐全，尊享舒适入住体验。	864	12310
4939	行政套房	行政套房，空间宽敞，配套齐全，尊享舒适入住体验。	515	12311
4939	标准间	标准间，简洁整洁，设施完备，高性价比之选。	251	12312
4939	大床房	大床房，配备舒适大床，温馨静谧，适合休闲度假。	299	12313
4940	标准间	标准间，简洁整洁，设施完备，高性价比之选。	283	12314
4940	行政套房	行政套房，空间宽敞，配套齐全，尊享舒适入住体验。	579	12315
4940	大床房	大床房，配备舒适大床，温馨静谧，适合休闲度假。	456	12316
4941	大床房	大床房，配备舒适大床，温馨静谧，适合休闲度假。	311	12317
4941	标准间	标准间，简洁整洁，设施完备，高性价比之选。	180	12318
4941	行政套房	行政套房，空间宽敞，配套齐全，尊享舒适入住体验。	519	12319
4942	标准间	标准间，简洁整洁，设施完备，高性价比之选。	236	12320
4942	行政套房	行政套房，空间宽敞，配套齐全，尊享舒适入住体验。	511	12321
4942	大床房	大床房，配备舒适大床，温馨静谧，适合休闲度假。	466	12322
4943	标准间	标准间，简洁整洁，设施完备，高性价比之选。	231	12323
4943	行政套房	行政套房，空间宽敞，配套齐全，尊享舒适入住体验。	599	12324
4944	大床房	大床房，配备舒适大床，温馨静谧，适合休闲度假。	457	12325
4944	标准间	标准间，简洁整洁，设施完备，高性价比之选。	305	12326
4945	行政套房	行政套房，空间宽敞，配套齐全，尊享舒适入住体验。	661	12327
4945	标准间	标准间，简洁整洁，设施完备，高性价比之选。	209	12328
4946	大床房	大床房，配备舒适大床，温馨静谧，适合休闲度假。	316	12329
4946	行政套房	行政套房，空间宽敞，配套齐全，尊享舒适入住体验。	589	12330
4947	标准间	标准间，简洁整洁，设施完备，高性价比之选。	207	12331
4947	大床房	大床房，配备舒适大床，温馨静谧，适合休闲度假。	351	12332
4947	行政套房	行政套房，空间宽敞，配套齐全，尊享舒适入住体验。	556	12333
4948	大床房	大床房，配备舒适大床，温馨静谧，适合休闲度假。	335	12334
4948	标准间	标准间，简洁整洁，设施完备，高性价比之选。	257	12335
4948	行政套房	行政套房，空间宽敞，配套齐全，尊享舒适入住体验。	694	12336
4949	标准间	标准间，简洁整洁，设施完备，高性价比之选。	256	12337
4949	大床房	大床房，配备舒适大床，温馨静谧，适合休闲度假。	377	12338
4950	行政套房	行政套房，空间宽敞，配套齐全，尊享舒适入住体验。	707	12339
4950	标准间	标准间，简洁整洁，设施完备，高性价比之选。	261	12340
4950	大床房	大床房，配备舒适大床，温馨静谧，适合休闲度假。	403	12341
4951	大床房	大床房，配备舒适大床，温馨静谧，适合休闲度假。	317	12342
4951	行政套房	行政套房，空间宽敞，配套齐全，尊享舒适入住体验。	626	12343
4952	标准间	标准间，简洁整洁，设施完备，高性价比之选。	245	12344
4952	行政套房	行政套房，空间宽敞，配套齐全，尊享舒适入住体验。	740	12345
4952	大床房	大床房，配备舒适大床，温馨静谧，适合休闲度假。	357	12346
4953	行政套房	行政套房，空间宽敞，配套齐全，尊享舒适入住体验。	626	12347
4953	标准间	标准间，简洁整洁，设施完备，高性价比之选。	222	12348
4954	大床房	大床房，配备舒适大床，温馨静谧，适合休闲度假。	394	12349
4954	行政套房	行政套房，空间宽敞，配套齐全，尊享舒适入住体验。	507	12350
4955	行政套房	行政套房，空间宽敞，配套齐全，尊享舒适入住体验。	755	12351
4955	大床房	大床房，配备舒适大床，温馨静谧，适合休闲度假。	414	12352
4955	标准间	标准间，简洁整洁，设施完备，高性价比之选。	306	12353
4956	行政套房	行政套房，空间宽敞，配套齐全，尊享舒适入住体验。	630	12354
4956	标准间	标准间，简洁整洁，设施完备，高性价比之选。	234	12355
4956	大床房	大床房，配备舒适大床，温馨静谧，适合休闲度假。	422	12356
4957	大床房	大床房，配备舒适大床，温馨静谧，适合休闲度假。	396	12357
4957	行政套房	行政套房，空间宽敞，配套齐全，尊享舒适入住体验。	738	12358
4957	标准间	标准间，简洁整洁，设施完备，高性价比之选。	240	12359
4958	行政套房	行政套房，空间宽敞，配套齐全，尊享舒适入住体验。	697	12360
4958	大床房	大床房，配备舒适大床，温馨静谧，适合休闲度假。	380	12361
4959	大床房	大床房，配备舒适大床，温馨静谧，适合休闲度假。	424	12362
4959	标准间	标准间，简洁整洁，设施完备，高性价比之选。	261	12363
4960	大床房	大床房，配备舒适大床，温馨静谧，适合休闲度假。	267	12364
4960	标准间	标准间，简洁整洁，设施完备，高性价比之选。	289	12365
4961	大床房	大床房，配备舒适大床，温馨静谧，适合休闲度假。	326	12366
4961	标准间	标准间，简洁整洁，设施完备，高性价比之选。	238	12367
4962	行政套房	行政套房，空间宽敞，配套齐全，尊享舒适入住体验。	775	12368
4962	标准间	标准间，简洁整洁，设施完备，高性价比之选。	283	12369
4962	大床房	大床房，配备舒适大床，温馨静谧，适合休闲度假。	292	12370
4963	大床房	大床房，配备舒适大床，温馨静谧，适合休闲度假。	469	12371
4963	标准间	标准间，简洁整洁，设施完备，高性价比之选。	289	12372
4963	行政套房	行政套房，空间宽敞，配套齐全，尊享舒适入住体验。	718	12373
4964	大床房	大床房，配备舒适大床，温馨静谧，适合休闲度假。	448	12374
4964	标准间	标准间，简洁整洁，设施完备，高性价比之选。	193	12375
4964	行政套房	行政套房，空间宽敞，配套齐全，尊享舒适入住体验。	595	12376
4965	大床房	大床房，配备舒适大床，温馨静谧，适合休闲度假。	272	12377
4965	行政套房	行政套房，空间宽敞，配套齐全，尊享舒适入住体验。	833	12378
4965	标准间	标准间，简洁整洁，设施完备，高性价比之选。	184	12379
4966	大床房	大床房，配备舒适大床，温馨静谧，适合休闲度假。	401	12380
4966	标准间	标准间，简洁整洁，设施完备，高性价比之选。	230	12381
4966	行政套房	行政套房，空间宽敞，配套齐全，尊享舒适入住体验。	807	12382
4967	行政套房	行政套房，空间宽敞，配套齐全，尊享舒适入住体验。	643	12383
4967	标准间	标准间，简洁整洁，设施完备，高性价比之选。	251	12384
4967	大床房	大床房，配备舒适大床，温馨静谧，适合休闲度假。	345	12385
4968	行政套房	行政套房，空间宽敞，配套齐全，尊享舒适入住体验。	639	12386
4968	大床房	大床房，配备舒适大床，温馨静谧，适合休闲度假。	360	12387
4968	标准间	标准间，简洁整洁，设施完备，高性价比之选。	204	12388
4969	大床房	大床房，配备舒适大床，温馨静谧，适合休闲度假。	367	12389
4969	标准间	标准间，简洁整洁，设施完备，高性价比之选。	284	12390
4970	大床房	大床房，配备舒适大床，温馨静谧，适合休闲度假。	461	12391
4970	行政套房	行政套房，空间宽敞，配套齐全，尊享舒适入住体验。	821	12392
4971	大床房	大床房，配备舒适大床，温馨静谧，适合休闲度假。	288	12393
4971	标准间	标准间，简洁整洁，设施完备，高性价比之选。	181	12394
4972	大床房	大床房，配备舒适大床，温馨静谧，适合休闲度假。	281	12395
4972	标准间	标准间，简洁整洁，设施完备，高性价比之选。	183	12396
4972	行政套房	行政套房，空间宽敞，配套齐全，尊享舒适入住体验。	486	12397
4973	标准间	标准间，简洁整洁，设施完备，高性价比之选。	264	12398
4973	行政套房	行政套房，空间宽敞，配套齐全，尊享舒适入住体验。	837	12399
4974	行政套房	行政套房，空间宽敞，配套齐全，尊享舒适入住体验。	487	12400
4974	大床房	大床房，配备舒适大床，温馨静谧，适合休闲度假。	295	12401
4974	标准间	标准间，简洁整洁，设施完备，高性价比之选。	292	12402
4975	大床房	大床房，配备舒适大床，温馨静谧，适合休闲度假。	418	12403
4975	标准间	标准间，简洁整洁，设施完备，高性价比之选。	313	12404
4975	行政套房	行政套房，空间宽敞，配套齐全，尊享舒适入住体验。	586	12405
4976	大床房	大床房，配备舒适大床，温馨静谧，适合休闲度假。	367	12406
4976	行政套房	行政套房，空间宽敞，配套齐全，尊享舒适入住体验。	773	12407
4977	大床房	大床房，配备舒适大床，温馨静谧，适合休闲度假。	380	12408
4977	行政套房	行政套房，空间宽敞，配套齐全，尊享舒适入住体验。	697	12409
4977	标准间	标准间，简洁整洁，设施完备，高性价比之选。	298	12410
4978	大床房	大床房，配备舒适大床，温馨静谧，适合休闲度假。	418	12411
4978	标准间	标准间，简洁整洁，设施完备，高性价比之选。	196	12412
4978	行政套房	行政套房，空间宽敞，配套齐全，尊享舒适入住体验。	836	12413
4979	标准间	标准间，简洁整洁，设施完备，高性价比之选。	287	12414
4979	行政套房	行政套房，空间宽敞，配套齐全，尊享舒适入住体验。	748	12415
4979	大床房	大床房，配备舒适大床，温馨静谧，适合休闲度假。	338	12416
4980	大床房	大床房，配备舒适大床，温馨静谧，适合休闲度假。	373	12417
4980	标准间	标准间，简洁整洁，设施完备，高性价比之选。	246	12418
4980	行政套房	行政套房，空间宽敞，配套齐全，尊享舒适入住体验。	590	12419
4981	大床房	大床房，配备舒适大床，温馨静谧，适合休闲度假。	330	12420
4981	行政套房	行政套房，空间宽敞，配套齐全，尊享舒适入住体验。	846	12421
4982	标准间	标准间，简洁整洁，设施完备，高性价比之选。	220	12422
4982	大床房	大床房，配备舒适大床，温馨静谧，适合休闲度假。	333	12423
4982	行政套房	行政套房，空间宽敞，配套齐全，尊享舒适入住体验。	834	12424
4983	行政套房	行政套房，空间宽敞，配套齐全，尊享舒适入住体验。	635	12425
4983	标准间	标准间，简洁整洁，设施完备，高性价比之选。	260	12426
4984	标准间	标准间，简洁整洁，设施完备，高性价比之选。	296	12427
4984	大床房	大床房，配备舒适大床，温馨静谧，适合休闲度假。	437	12428
4984	行政套房	行政套房，空间宽敞，配套齐全，尊享舒适入住体验。	484	12429
4985	行政套房	行政套房，空间宽敞，配套齐全，尊享舒适入住体验。	766	12430
4985	大床房	大床房，配备舒适大床，温馨静谧，适合休闲度假。	341	12431
4986	大床房	大床房，配备舒适大床，温馨静谧，适合休闲度假。	297	12432
4986	标准间	标准间，简洁整洁，设施完备，高性价比之选。	197	12433
4986	行政套房	行政套房，空间宽敞，配套齐全，尊享舒适入住体验。	680	12434
4987	标准间	标准间，简洁整洁，设施完备，高性价比之选。	316	12435
4987	行政套房	行政套房，空间宽敞，配套齐全，尊享舒适入住体验。	543	12436
4987	大床房	大床房，配备舒适大床，温馨静谧，适合休闲度假。	388	12437
4988	行政套房	行政套房，空间宽敞，配套齐全，尊享舒适入住体验。	791	12438
4988	大床房	大床房，配备舒适大床，温馨静谧，适合休闲度假。	391	12439
4989	标准间	标准间，简洁整洁，设施完备，高性价比之选。	188	12440
4989	大床房	大床房，配备舒适大床，温馨静谧，适合休闲度假。	299	12441
4990	行政套房	行政套房，空间宽敞，配套齐全，尊享舒适入住体验。	584	12442
4990	标准间	标准间，简洁整洁，设施完备，高性价比之选。	310	12443
4990	大床房	大床房，配备舒适大床，温馨静谧，适合休闲度假。	374	12444
4991	大床房	大床房，配备舒适大床，温馨静谧，适合休闲度假。	341	12445
4991	行政套房	行政套房，空间宽敞，配套齐全，尊享舒适入住体验。	662	12446
4991	标准间	标准间，简洁整洁，设施完备，高性价比之选。	264	12447
4992	行政套房	行政套房，空间宽敞，配套齐全，尊享舒适入住体验。	705	12448
4992	大床房	大床房，配备舒适大床，温馨静谧，适合休闲度假。	351	12449
4993	标准间	标准间，简洁整洁，设施完备，高性价比之选。	258	12450
4993	大床房	大床房，配备舒适大床，温馨静谧，适合休闲度假。	368	12451
4993	行政套房	行政套房，空间宽敞，配套齐全，尊享舒适入住体验。	796	12452
4994	标准间	标准间，简洁整洁，设施完备，高性价比之选。	289	12453
4994	大床房	大床房，配备舒适大床，温馨静谧，适合休闲度假。	479	12454
4995	行政套房	行政套房，空间宽敞，配套齐全，尊享舒适入住体验。	710	12455
4995	标准间	标准间，简洁整洁，设施完备，高性价比之选。	259	12456
4996	标准间	标准间，简洁整洁，设施完备，高性价比之选。	244	12457
4996	行政套房	行政套房，空间宽敞，配套齐全，尊享舒适入住体验。	528	12458
4996	大床房	大床房，配备舒适大床，温馨静谧，适合休闲度假。	281	12459
4997	大床房	大床房，配备舒适大床，温馨静谧，适合休闲度假。	413	12460
4997	行政套房	行政套房，空间宽敞，配套齐全，尊享舒适入住体验。	877	12461
4998	大床房	大床房，配备舒适大床，温馨静谧，适合休闲度假。	282	12462
4998	行政套房	行政套房，空间宽敞，配套齐全，尊享舒适入住体验。	736	12463
4999	行政套房	行政套房，空间宽敞，配套齐全，尊享舒适入住体验。	525	12464
4999	标准间	标准间，简洁整洁，设施完备，高性价比之选。	314	12465
5000	标准间	标准间，简洁整洁，设施完备，高性价比之选。	315	12466
5000	行政套房	行政套房，空间宽敞，配套齐全，尊享舒适入住体验。	707	12467
5001	行政套房	行政套房，空间宽敞，配套齐全，尊享舒适入住体验。	588	12468
5001	大床房	大床房，配备舒适大床，温馨静谧，适合休闲度假。	293	12469
5002	行政套房	行政套房，空间宽敞，配套齐全，尊享舒适入住体验。	606	12470
5002	标准间	标准间，简洁整洁，设施完备，高性价比之选。	218	12471
5002	大床房	大床房，配备舒适大床，温馨静谧，适合休闲度假。	474	12472
5003	行政套房	行政套房，空间宽敞，配套齐全，尊享舒适入住体验。	845	12473
5003	标准间	标准间，简洁整洁，设施完备，高性价比之选。	187	12474
5004	大床房	大床房，配备舒适大床，温馨静谧，适合休闲度假。	372	12475
5004	标准间	标准间，简洁整洁，设施完备，高性价比之选。	195	12476
5005	大床房	大床房，配备舒适大床，温馨静谧，适合休闲度假。	439	12477
5005	标准间	标准间，简洁整洁，设施完备，高性价比之选。	293	12478
5005	行政套房	行政套房，空间宽敞，配套齐全，尊享舒适入住体验。	515	12479
5006	大床房	大床房，配备舒适大床，温馨静谧，适合休闲度假。	445	12480
5006	标准间	标准间，简洁整洁，设施完备，高性价比之选。	219	12481
5006	行政套房	行政套房，空间宽敞，配套齐全，尊享舒适入住体验。	684	12482
5007	标准间	标准间，简洁整洁，设施完备，高性价比之选。	184	12483
5007	行政套房	行政套房，空间宽敞，配套齐全，尊享舒适入住体验。	794	12484
5008	大床房	大床房，配备舒适大床，温馨静谧，适合休闲度假。	458	12485
5008	行政套房	行政套房，空间宽敞，配套齐全，尊享舒适入住体验。	773	12486
5008	标准间	标准间，简洁整洁，设施完备，高性价比之选。	294	12487
5009	大床房	大床房，配备舒适大床，温馨静谧，适合休闲度假。	338	12488
5009	标准间	标准间，简洁整洁，设施完备，高性价比之选。	299	12489
5009	行政套房	行政套房，空间宽敞，配套齐全，尊享舒适入住体验。	651	12490
5010	行政套房	行政套房，空间宽敞，配套齐全，尊享舒适入住体验。	655	12491
5010	大床房	大床房，配备舒适大床，温馨静谧，适合休闲度假。	361	12492
5011	大床房	大床房，配备舒适大床，温馨静谧，适合休闲度假。	314	12493
5011	标准间	标准间，简洁整洁，设施完备，高性价比之选。	206	12494
5011	行政套房	行政套房，空间宽敞，配套齐全，尊享舒适入住体验。	692	12495
5012	标准间	标准间，简洁整洁，设施完备，高性价比之选。	306	12496
5012	行政套房	行政套房，空间宽敞，配套齐全，尊享舒适入住体验。	503	12497
5012	大床房	大床房，配备舒适大床，温馨静谧，适合休闲度假。	376	12498
5013	行政套房	行政套房，空间宽敞，配套齐全，尊享舒适入住体验。	764	12499
5013	标准间	标准间，简洁整洁，设施完备，高性价比之选。	228	12500
5013	大床房	大床房，配备舒适大床，温馨静谧，适合休闲度假。	391	12501
5014	大床房	大床房，配备舒适大床，温馨静谧，适合休闲度假。	432	12502
5014	行政套房	行政套房，空间宽敞，配套齐全，尊享舒适入住体验。	538	12503
5014	标准间	标准间，简洁整洁，设施完备，高性价比之选。	294	12504
5015	标准间	标准间，简洁整洁，设施完备，高性价比之选。	264	12505
5015	大床房	大床房，配备舒适大床，温馨静谧，适合休闲度假。	346	12506
5015	行政套房	行政套房，空间宽敞，配套齐全，尊享舒适入住体验。	536	12507
5016	大床房	大床房，配备舒适大床，温馨静谧，适合休闲度假。	465	12508
5016	行政套房	行政套房，空间宽敞，配套齐全，尊享舒适入住体验。	507	12509
5017	标准间	标准间，简洁整洁，设施完备，高性价比之选。	190	12510
5017	大床房	大床房，配备舒适大床，温馨静谧，适合休闲度假。	369	12511
5017	行政套房	行政套房，空间宽敞，配套齐全，尊享舒适入住体验。	780	12512
5018	行政套房	行政套房，空间宽敞，配套齐全，尊享舒适入住体验。	506	12513
5018	大床房	大床房，配备舒适大床，温馨静谧，适合休闲度假。	480	12514
5018	标准间	标准间，简洁整洁，设施完备，高性价比之选。	241	12515
5019	大床房	大床房，配备舒适大床，温馨静谧，适合休闲度假。	478	12516
5019	行政套房	行政套房，空间宽敞，配套齐全，尊享舒适入住体验。	656	12517
5020	行政套房	行政套房，空间宽敞，配套齐全，尊享舒适入住体验。	720	12518
5020	标准间	标准间，简洁整洁，设施完备，高性价比之选。	208	12519
5020	大床房	大床房，配备舒适大床，温馨静谧，适合休闲度假。	298	12520
5021	大床房	大床房，配备舒适大床，温馨静谧，适合休闲度假。	433	12521
5021	行政套房	行政套房，空间宽敞，配套齐全，尊享舒适入住体验。	565	12522
5021	标准间	标准间，简洁整洁，设施完备，高性价比之选。	190	12523
5022	行政套房	行政套房，空间宽敞，配套齐全，尊享舒适入住体验。	869	12524
5022	大床房	大床房，配备舒适大床，温馨静谧，适合休闲度假。	346	12525
5023	行政套房	行政套房，空间宽敞，配套齐全，尊享舒适入住体验。	561	12526
5023	大床房	大床房，配备舒适大床，温馨静谧，适合休闲度假。	413	12527
5024	大床房	大床房，配备舒适大床，温馨静谧，适合休闲度假。	323	12528
5024	行政套房	行政套房，空间宽敞，配套齐全，尊享舒适入住体验。	596	12529
5025	行政套房	行政套房，空间宽敞，配套齐全，尊享舒适入住体验。	849	12530
5025	大床房	大床房，配备舒适大床，温馨静谧，适合休闲度假。	344	12531
5025	标准间	标准间，简洁整洁，设施完备，高性价比之选。	285	12532
5026	行政套房	行政套房，空间宽敞，配套齐全，尊享舒适入住体验。	830	12533
5026	标准间	标准间，简洁整洁，设施完备，高性价比之选。	226	12534
5027	行政套房	行政套房，空间宽敞，配套齐全，尊享舒适入住体验。	578	12535
5027	标准间	标准间，简洁整洁，设施完备，高性价比之选。	183	12536
5027	大床房	大床房，配备舒适大床，温馨静谧，适合休闲度假。	412	12537
5028	行政套房	行政套房，空间宽敞，配套齐全，尊享舒适入住体验。	814	12538
5028	大床房	大床房，配备舒适大床，温馨静谧，适合休闲度假。	410	12539
5028	标准间	标准间，简洁整洁，设施完备，高性价比之选。	253	12540
5029	大床房	大床房，配备舒适大床，温馨静谧，适合休闲度假。	476	12541
5029	标准间	标准间，简洁整洁，设施完备，高性价比之选。	284	12542
5030	大床房	大床房，配备舒适大床，温馨静谧，适合休闲度假。	378	12543
5030	标准间	标准间，简洁整洁，设施完备，高性价比之选。	258	12544
5031	行政套房	行政套房，空间宽敞，配套齐全，尊享舒适入住体验。	590	12545
5031	标准间	标准间，简洁整洁，设施完备，高性价比之选。	236	12546
5032	标准间	标准间，简洁整洁，设施完备，高性价比之选。	272	12547
5032	大床房	大床房，配备舒适大床，温馨静谧，适合休闲度假。	408	12548
5032	行政套房	行政套房，空间宽敞，配套齐全，尊享舒适入住体验。	822	12549
5033	标准间	标准间，简洁整洁，设施完备，高性价比之选。	272	12550
5033	行政套房	行政套房，空间宽敞，配套齐全，尊享舒适入住体验。	705	12551
5034	大床房	大床房，配备舒适大床，温馨静谧，适合休闲度假。	446	12552
5034	标准间	标准间，简洁整洁，设施完备，高性价比之选。	273	12553
5034	行政套房	行政套房，空间宽敞，配套齐全，尊享舒适入住体验。	480	12554
5035	标准间	标准间，简洁整洁，设施完备，高性价比之选。	294	12555
5035	大床房	大床房，配备舒适大床，温馨静谧，适合休闲度假。	433	12556
5035	行政套房	行政套房，空间宽敞，配套齐全，尊享舒适入住体验。	781	12557
5036	标准间	标准间，简洁整洁，设施完备，高性价比之选。	318	12558
5036	大床房	大床房，配备舒适大床，温馨静谧，适合休闲度假。	396	12559
5037	大床房	大床房，配备舒适大床，温馨静谧，适合休闲度假。	453	12560
5037	标准间	标准间，简洁整洁，设施完备，高性价比之选。	306	12561
5038	大床房	大床房，配备舒适大床，温馨静谧，适合休闲度假。	405	12562
5038	标准间	标准间，简洁整洁，设施完备，高性价比之选。	245	12563
5039	大床房	大床房，配备舒适大床，温馨静谧，适合休闲度假。	378	12564
5039	行政套房	行政套房，空间宽敞，配套齐全，尊享舒适入住体验。	862	12565
5039	标准间	标准间，简洁整洁，设施完备，高性价比之选。	193	12566
5040	大床房	大床房，配备舒适大床，温馨静谧，适合休闲度假。	380	12567
5040	行政套房	行政套房，空间宽敞，配套齐全，尊享舒适入住体验。	880	12568
5040	标准间	标准间，简洁整洁，设施完备，高性价比之选。	229	12569
5041	大床房	大床房，配备舒适大床，温馨静谧，适合休闲度假。	274	12570
5041	行政套房	行政套房，空间宽敞，配套齐全，尊享舒适入住体验。	837	12571
5042	标准间	标准间，简洁整洁，设施完备，高性价比之选。	183	12572
5042	行政套房	行政套房，空间宽敞，配套齐全，尊享舒适入住体验。	697	12573
5042	大床房	大床房，配备舒适大床，温馨静谧，适合休闲度假。	307	12574
5043	行政套房	行政套房，空间宽敞，配套齐全，尊享舒适入住体验。	630	12575
5043	标准间	标准间，简洁整洁，设施完备，高性价比之选。	250	12576
5043	大床房	大床房，配备舒适大床，温馨静谧，适合休闲度假。	327	12577
5044	标准间	标准间，简洁整洁，设施完备，高性价比之选。	304	12578
5044	行政套房	行政套房，空间宽敞，配套齐全，尊享舒适入住体验。	711	12579
5045	大床房	大床房，配备舒适大床，温馨静谧，适合休闲度假。	283	12580
5045	行政套房	行政套房，空间宽敞，配套齐全，尊享舒适入住体验。	799	12581
5045	标准间	标准间，简洁整洁，设施完备，高性价比之选。	257	12582
5046	大床房	大床房，配备舒适大床，温馨静谧，适合休闲度假。	347	12583
5046	标准间	标准间，简洁整洁，设施完备，高性价比之选。	250	12584
5046	行政套房	行政套房，空间宽敞，配套齐全，尊享舒适入住体验。	834	12585
5047	大床房	大床房，配备舒适大床，温馨静谧，适合休闲度假。	434	12586
5047	标准间	标准间，简洁整洁，设施完备，高性价比之选。	316	12587
5048	标准间	标准间，简洁整洁，设施完备，高性价比之选。	229	12588
5048	大床房	大床房，配备舒适大床，温馨静谧，适合休闲度假。	411	12589
5048	行政套房	行政套房，空间宽敞，配套齐全，尊享舒适入住体验。	790	12590
5049	行政套房	行政套房，空间宽敞，配套齐全，尊享舒适入住体验。	776	12591
5049	大床房	大床房，配备舒适大床，温馨静谧，适合休闲度假。	426	12592
5050	大床房	大床房，配备舒适大床，温馨静谧，适合休闲度假。	351	12593
5050	行政套房	行政套房，空间宽敞，配套齐全，尊享舒适入住体验。	549	12594
5051	标准间	标准间，简洁整洁，设施完备，高性价比之选。	210	12595
5051	行政套房	行政套房，空间宽敞，配套齐全，尊享舒适入住体验。	642	12596
5052	标准间	标准间，简洁整洁，设施完备，高性价比之选。	186	12597
5052	行政套房	行政套房，空间宽敞，配套齐全，尊享舒适入住体验。	491	12598
5053	行政套房	行政套房，空间宽敞，配套齐全，尊享舒适入住体验。	556	12599
5053	大床房	大床房，配备舒适大床，温馨静谧，适合休闲度假。	403	12600
5053	标准间	标准间，简洁整洁，设施完备，高性价比之选。	194	12601
5054	标准间	标准间，简洁整洁，设施完备，高性价比之选。	184	12602
5054	大床房	大床房，配备舒适大床，温馨静谧，适合休闲度假。	361	12603
5055	标准间	标准间，简洁整洁，设施完备，高性价比之选。	295	12604
5055	行政套房	行政套房，空间宽敞，配套齐全，尊享舒适入住体验。	633	12605
5055	大床房	大床房，配备舒适大床，温馨静谧，适合休闲度假。	416	12606
5056	标准间	标准间，简洁整洁，设施完备，高性价比之选。	184	12607
5056	行政套房	行政套房，空间宽敞，配套齐全，尊享舒适入住体验。	782	12608
5056	大床房	大床房，配备舒适大床，温馨静谧，适合休闲度假。	356	12609
5057	行政套房	行政套房，空间宽敞，配套齐全，尊享舒适入住体验。	699	12610
5057	大床房	大床房，配备舒适大床，温馨静谧，适合休闲度假。	269	12611
5058	行政套房	行政套房，空间宽敞，配套齐全，尊享舒适入住体验。	805	12612
5058	大床房	大床房，配备舒适大床，温馨静谧，适合休闲度假。	434	12613
5058	标准间	标准间，简洁整洁，设施完备，高性价比之选。	201	12614
5059	行政套房	行政套房，空间宽敞，配套齐全，尊享舒适入住体验。	521	12615
5059	标准间	标准间，简洁整洁，设施完备，高性价比之选。	213	12616
5060	标准间	标准间，简洁整洁，设施完备，高性价比之选。	282	12617
5060	行政套房	行政套房，空间宽敞，配套齐全，尊享舒适入住体验。	711	12618
5060	大床房	大床房，配备舒适大床，温馨静谧，适合休闲度假。	263	12619
5061	大床房	大床房，配备舒适大床，温馨静谧，适合休闲度假。	316	12620
5061	标准间	标准间，简洁整洁，设施完备，高性价比之选。	228	12621
5061	行政套房	行政套房，空间宽敞，配套齐全，尊享舒适入住体验。	725	12622
5062	标准间	标准间，简洁整洁，设施完备，高性价比之选。	319	12623
5062	大床房	大床房，配备舒适大床，温馨静谧，适合休闲度假。	403	12624
5063	行政套房	行政套房，空间宽敞，配套齐全，尊享舒适入住体验。	759	12625
5063	大床房	大床房，配备舒适大床，温馨静谧，适合休闲度假。	395	12626
5063	标准间	标准间，简洁整洁，设施完备，高性价比之选。	283	12627
5064	大床房	大床房，配备舒适大床，温馨静谧，适合休闲度假。	424	12628
5064	标准间	标准间，简洁整洁，设施完备，高性价比之选。	264	12629
5065	大床房	大床房，配备舒适大床，温馨静谧，适合休闲度假。	306	12630
5065	标准间	标准间，简洁整洁，设施完备，高性价比之选。	308	12631
5065	行政套房	行政套房，空间宽敞，配套齐全，尊享舒适入住体验。	699	12632
5066	大床房	大床房，配备舒适大床，温馨静谧，适合休闲度假。	303	12633
5066	标准间	标准间，简洁整洁，设施完备，高性价比之选。	272	12634
5067	行政套房	行政套房，空间宽敞，配套齐全，尊享舒适入住体验。	879	12635
5067	大床房	大床房，配备舒适大床，温馨静谧，适合休闲度假。	335	12636
5067	标准间	标准间，简洁整洁，设施完备，高性价比之选。	311	12637
5068	大床房	大床房，配备舒适大床，温馨静谧，适合休闲度假。	476	12638
5068	标准间	标准间，简洁整洁，设施完备，高性价比之选。	214	12639
5069	行政套房	行政套房，空间宽敞，配套齐全，尊享舒适入住体验。	781	12640
5069	标准间	标准间，简洁整洁，设施完备，高性价比之选。	234	12641
5070	标准间	标准间，简洁整洁，设施完备，高性价比之选。	246	12642
5070	行政套房	行政套房，空间宽敞，配套齐全，尊享舒适入住体验。	480	12643
5070	大床房	大床房，配备舒适大床，温馨静谧，适合休闲度假。	425	12644
5071	标准间	标准间，简洁整洁，设施完备，高性价比之选。	212	12645
5071	行政套房	行政套房，空间宽敞，配套齐全，尊享舒适入住体验。	850	12646
5072	大床房	大床房，配备舒适大床，温馨静谧，适合休闲度假。	389	12647
5072	标准间	标准间，简洁整洁，设施完备，高性价比之选。	196	12648
5072	行政套房	行政套房，空间宽敞，配套齐全，尊享舒适入住体验。	851	12649
5073	标准间	标准间，简洁整洁，设施完备，高性价比之选。	188	12650
5073	大床房	大床房，配备舒适大床，温馨静谧，适合休闲度假。	298	12651
5074	大床房	大床房，配备舒适大床，温馨静谧，适合休闲度假。	318	12652
5074	行政套房	行政套房，空间宽敞，配套齐全，尊享舒适入住体验。	857	12653
5074	标准间	标准间，简洁整洁，设施完备，高性价比之选。	212	12654
5075	行政套房	行政套房，空间宽敞，配套齐全，尊享舒适入住体验。	789	12655
5075	大床房	大床房，配备舒适大床，温馨静谧，适合休闲度假。	327	12656
5076	行政套房	行政套房，空间宽敞，配套齐全，尊享舒适入住体验。	609	12657
5076	标准间	标准间，简洁整洁，设施完备，高性价比之选。	302	12658
5077	行政套房	行政套房，空间宽敞，配套齐全，尊享舒适入住体验。	776	12659
5077	大床房	大床房，配备舒适大床，温馨静谧，适合休闲度假。	422	12660
5078	行政套房	行政套房，空间宽敞，配套齐全，尊享舒适入住体验。	605	12661
5078	大床房	大床房，配备舒适大床，温馨静谧，适合休闲度假。	267	12662
5078	标准间	标准间，简洁整洁，设施完备，高性价比之选。	183	12663
5079	大床房	大床房，配备舒适大床，温馨静谧，适合休闲度假。	474	12664
5079	标准间	标准间，简洁整洁，设施完备，高性价比之选。	292	12665
5079	行政套房	行政套房，空间宽敞，配套齐全，尊享舒适入住体验。	653	12666
5080	行政套房	行政套房，空间宽敞，配套齐全，尊享舒适入住体验。	498	12667
5080	大床房	大床房，配备舒适大床，温馨静谧，适合休闲度假。	301	12668
5080	标准间	标准间，简洁整洁，设施完备，高性价比之选。	311	12669
5081	行政套房	行政套房，空间宽敞，配套齐全，尊享舒适入住体验。	746	12670
5081	大床房	大床房，配备舒适大床，温馨静谧，适合休闲度假。	424	12671
5082	标准间	标准间，简洁整洁，设施完备，高性价比之选。	219	12672
5082	行政套房	行政套房，空间宽敞，配套齐全，尊享舒适入住体验。	596	12673
5082	大床房	大床房，配备舒适大床，温馨静谧，适合休闲度假。	439	12674
5083	标准间	标准间，简洁整洁，设施完备，高性价比之选。	267	12675
5083	大床房	大床房，配备舒适大床，温馨静谧，适合休闲度假。	440	12676
5084	大床房	大床房，配备舒适大床，温馨静谧，适合休闲度假。	396	12677
5084	标准间	标准间，简洁整洁，设施完备，高性价比之选。	233	12678
5085	大床房	大床房，配备舒适大床，温馨静谧，适合休闲度假。	356	12679
5085	行政套房	行政套房，空间宽敞，配套齐全，尊享舒适入住体验。	676	12680
5085	标准间	标准间，简洁整洁，设施完备，高性价比之选。	185	12681
5086	行政套房	行政套房，空间宽敞，配套齐全，尊享舒适入住体验。	730	12682
5086	标准间	标准间，简洁整洁，设施完备，高性价比之选。	233	12683
5087	标准间	标准间，简洁整洁，设施完备，高性价比之选。	197	12684
5087	大床房	大床房，配备舒适大床，温馨静谧，适合休闲度假。	465	12685
5087	行政套房	行政套房，空间宽敞，配套齐全，尊享舒适入住体验。	709	12686
5088	行政套房	行政套房，空间宽敞，配套齐全，尊享舒适入住体验。	769	12687
5088	大床房	大床房，配备舒适大床，温馨静谧，适合休闲度假。	428	12688
5089	行政套房	行政套房，空间宽敞，配套齐全，尊享舒适入住体验。	662	12689
5089	标准间	标准间，简洁整洁，设施完备，高性价比之选。	246	12690
5089	大床房	大床房，配备舒适大床，温馨静谧，适合休闲度假。	398	12691
5090	大床房	大床房，配备舒适大床，温馨静谧，适合休闲度假。	455	12692
5090	行政套房	行政套房，空间宽敞，配套齐全，尊享舒适入住体验。	612	12693
5091	行政套房	行政套房，空间宽敞，配套齐全，尊享舒适入住体验。	489	12694
5091	标准间	标准间，简洁整洁，设施完备，高性价比之选。	198	12695
5092	标准间	标准间，简洁整洁，设施完备，高性价比之选。	188	12696
5092	大床房	大床房，配备舒适大床，温馨静谧，适合休闲度假。	273	12697
5093	大床房	大床房，配备舒适大床，温馨静谧，适合休闲度假。	285	12698
5093	行政套房	行政套房，空间宽敞，配套齐全，尊享舒适入住体验。	816	12699
5094	标准间	标准间，简洁整洁，设施完备，高性价比之选。	227	12700
5094	大床房	大床房，配备舒适大床，温馨静谧，适合休闲度假。	297	12701
5095	行政套房	行政套房，空间宽敞，配套齐全，尊享舒适入住体验。	868	12702
5095	大床房	大床房，配备舒适大床，温馨静谧，适合休闲度假。	303	12703
5095	标准间	标准间，简洁整洁，设施完备，高性价比之选。	217	12704
5096	行政套房	行政套房，空间宽敞，配套齐全，尊享舒适入住体验。	686	12705
5096	大床房	大床房，配备舒适大床，温馨静谧，适合休闲度假。	364	12706
5097	标准间	标准间，简洁整洁，设施完备，高性价比之选。	203	12707
5097	行政套房	行政套房，空间宽敞，配套齐全，尊享舒适入住体验。	792	12708
5098	行政套房	行政套房，空间宽敞，配套齐全，尊享舒适入住体验。	822	12709
5098	标准间	标准间，简洁整洁，设施完备，高性价比之选。	208	12710
5099	标准间	标准间，简洁整洁，设施完备，高性价比之选。	285	12711
5099	行政套房	行政套房，空间宽敞，配套齐全，尊享舒适入住体验。	766	12712
5100	标准间	标准间，简洁整洁，设施完备，高性价比之选。	283	12713
5100	行政套房	行政套房，空间宽敞，配套齐全，尊享舒适入住体验。	512	12714
5101	标准间	标准间，简洁整洁，设施完备，高性价比之选。	219	12715
5101	大床房	大床房，配备舒适大床，温馨静谧，适合休闲度假。	260	12716
5101	行政套房	行政套房，空间宽敞，配套齐全，尊享舒适入住体验。	702	12717
5102	大床房	大床房，配备舒适大床，温馨静谧，适合休闲度假。	279	12718
5102	行政套房	行政套房，空间宽敞，配套齐全，尊享舒适入住体验。	870	12719
5102	标准间	标准间，简洁整洁，设施完备，高性价比之选。	298	12720
5103	大床房	大床房，配备舒适大床，温馨静谧，适合休闲度假。	417	12721
5103	行政套房	行政套房，空间宽敞，配套齐全，尊享舒适入住体验。	676	12722
5104	行政套房	行政套房，空间宽敞，配套齐全，尊享舒适入住体验。	686	12723
5104	大床房	大床房，配备舒适大床，温馨静谧，适合休闲度假。	291	12724
5105	行政套房	行政套房，空间宽敞，配套齐全，尊享舒适入住体验。	697	12725
5105	标准间	标准间，简洁整洁，设施完备，高性价比之选。	197	12726
5105	大床房	大床房，配备舒适大床，温馨静谧，适合休闲度假。	436	12727
5106	大床房	大床房，配备舒适大床，温馨静谧，适合休闲度假。	347	12728
5106	标准间	标准间，简洁整洁，设施完备，高性价比之选。	209	12729
5106	行政套房	行政套房，空间宽敞，配套齐全，尊享舒适入住体验。	703	12730
5107	标准间	标准间，简洁整洁，设施完备，高性价比之选。	312	12731
5107	大床房	大床房，配备舒适大床，温馨静谧，适合休闲度假。	415	12732
5108	行政套房	行政套房，空间宽敞，配套齐全，尊享舒适入住体验。	513	12733
5108	大床房	大床房，配备舒适大床，温馨静谧，适合休闲度假。	315	12734
5109	标准间	标准间，简洁整洁，设施完备，高性价比之选。	215	12735
5109	大床房	大床房，配备舒适大床，温馨静谧，适合休闲度假。	476	12736
5109	行政套房	行政套房，空间宽敞，配套齐全，尊享舒适入住体验。	604	12737
5110	行政套房	行政套房，空间宽敞，配套齐全，尊享舒适入住体验。	683	12738
5110	大床房	大床房，配备舒适大床，温馨静谧，适合休闲度假。	479	12739
5110	标准间	标准间，简洁整洁，设施完备，高性价比之选。	211	12740
5111	大床房	大床房，配备舒适大床，温馨静谧，适合休闲度假。	404	12741
5111	行政套房	行政套房，空间宽敞，配套齐全，尊享舒适入住体验。	716	12742
5112	大床房	大床房，配备舒适大床，温馨静谧，适合休闲度假。	447	12743
5112	标准间	标准间，简洁整洁，设施完备，高性价比之选。	315	12744
5112	行政套房	行政套房，空间宽敞，配套齐全，尊享舒适入住体验。	567	12745
5113	大床房	大床房，配备舒适大床，温馨静谧，适合休闲度假。	327	12746
5113	行政套房	行政套房，空间宽敞，配套齐全，尊享舒适入住体验。	536	12747
5113	标准间	标准间，简洁整洁，设施完备，高性价比之选。	308	12748
5114	标准间	标准间，简洁整洁，设施完备，高性价比之选。	257	12749
5114	大床房	大床房，配备舒适大床，温馨静谧，适合休闲度假。	264	12750
5114	行政套房	行政套房，空间宽敞，配套齐全，尊享舒适入住体验。	483	12751
5115	标准间	标准间，简洁整洁，设施完备，高性价比之选。	180	12752
5115	大床房	大床房，配备舒适大床，温馨静谧，适合休闲度假。	292	12753
5116	行政套房	行政套房，空间宽敞，配套齐全，尊享舒适入住体验。	723	12754
5116	标准间	标准间，简洁整洁，设施完备，高性价比之选。	231	12755
5116	大床房	大床房，配备舒适大床，温馨静谧，适合休闲度假。	295	12756
5117	大床房	大床房，配备舒适大床，温馨静谧，适合休闲度假。	417	12757
5117	行政套房	行政套房，空间宽敞，配套齐全，尊享舒适入住体验。	813	12758
5117	标准间	标准间，简洁整洁，设施完备，高性价比之选。	255	12759
5118	标准间	标准间，简洁整洁，设施完备，高性价比之选。	260	12760
5118	行政套房	行政套房，空间宽敞，配套齐全，尊享舒适入住体验。	655	12761
5118	大床房	大床房，配备舒适大床，温馨静谧，适合休闲度假。	314	12762
5119	标准间	标准间，简洁整洁，设施完备，高性价比之选。	267	12763
5119	大床房	大床房，配备舒适大床，温馨静谧，适合休闲度假。	406	12764
5119	行政套房	行政套房，空间宽敞，配套齐全，尊享舒适入住体验。	812	12765
5120	大床房	大床房，配备舒适大床，温馨静谧，适合休闲度假。	345	12766
5120	标准间	标准间，简洁整洁，设施完备，高性价比之选。	208	12767
5120	行政套房	行政套房，空间宽敞，配套齐全，尊享舒适入住体验。	748	12768
5121	标准间	标准间，简洁整洁，设施完备，高性价比之选。	267	12769
5121	大床房	大床房，配备舒适大床，温馨静谧，适合休闲度假。	344	12770
5122	大床房	大床房，配备舒适大床，温馨静谧，适合休闲度假。	398	12771
5122	行政套房	行政套房，空间宽敞，配套齐全，尊享舒适入住体验。	704	12772
5122	标准间	标准间，简洁整洁，设施完备，高性价比之选。	257	12773
5123	行政套房	行政套房，空间宽敞，配套齐全，尊享舒适入住体验。	613	12774
5123	大床房	大床房，配备舒适大床，温馨静谧，适合休闲度假。	347	12775
5123	标准间	标准间，简洁整洁，设施完备，高性价比之选。	205	12776
5124	大床房	大床房，配备舒适大床，温馨静谧，适合休闲度假。	455	12777
5124	行政套房	行政套房，空间宽敞，配套齐全，尊享舒适入住体验。	825	12778
5125	行政套房	行政套房，空间宽敞，配套齐全，尊享舒适入住体验。	655	12779
5125	大床房	大床房，配备舒适大床，温馨静谧，适合休闲度假。	361	12780
5126	标准间	标准间，简洁整洁，设施完备，高性价比之选。	313	12781
5126	大床房	大床房，配备舒适大床，温馨静谧，适合休闲度假。	291	12782
5127	大床房	大床房，配备舒适大床，温馨静谧，适合休闲度假。	403	12783
5127	标准间	标准间，简洁整洁，设施完备，高性价比之选。	185	12784
5128	行政套房	行政套房，空间宽敞，配套齐全，尊享舒适入住体验。	653	12785
5128	大床房	大床房，配备舒适大床，温馨静谧，适合休闲度假。	472	12786
5129	标准间	标准间，简洁整洁，设施完备，高性价比之选。	232	12787
5129	行政套房	行政套房，空间宽敞，配套齐全，尊享舒适入住体验。	691	12788
5130	标准间	标准间，简洁整洁，设施完备，高性价比之选。	282	12789
5130	大床房	大床房，配备舒适大床，温馨静谧，适合休闲度假。	405	12790
5131	行政套房	行政套房，空间宽敞，配套齐全，尊享舒适入住体验。	729	12791
5131	大床房	大床房，配备舒适大床，温馨静谧，适合休闲度假。	414	12792
5131	标准间	标准间，简洁整洁，设施完备，高性价比之选。	273	12793
5132	大床房	大床房，配备舒适大床，温馨静谧，适合休闲度假。	336	12794
5132	行政套房	行政套房，空间宽敞，配套齐全，尊享舒适入住体验。	635	12795
5133	大床房	大床房，配备舒适大床，温馨静谧，适合休闲度假。	415	12796
5133	行政套房	行政套房，空间宽敞，配套齐全，尊享舒适入住体验。	807	12797
5134	大床房	大床房，配备舒适大床，温馨静谧，适合休闲度假。	368	12798
5134	标准间	标准间，简洁整洁，设施完备，高性价比之选。	253	12799
5134	行政套房	行政套房，空间宽敞，配套齐全，尊享舒适入住体验。	819	12800
5135	行政套房	行政套房，空间宽敞，配套齐全，尊享舒适入住体验。	698	12801
5135	标准间	标准间，简洁整洁，设施完备，高性价比之选。	259	12802
5136	标准间	标准间，简洁整洁，设施完备，高性价比之选。	267	12803
5136	大床房	大床房，配备舒适大床，温馨静谧，适合休闲度假。	306	12804
5136	行政套房	行政套房，空间宽敞，配套齐全，尊享舒适入住体验。	511	12805
5137	大床房	大床房，配备舒适大床，温馨静谧，适合休闲度假。	319	12806
5137	标准间	标准间，简洁整洁，设施完备，高性价比之选。	281	12807
5138	标准间	标准间，简洁整洁，设施完备，高性价比之选。	181	12808
5138	大床房	大床房，配备舒适大床，温馨静谧，适合休闲度假。	437	12809
5138	行政套房	行政套房，空间宽敞，配套齐全，尊享舒适入住体验。	677	12810
5139	大床房	大床房，配备舒适大床，温馨静谧，适合休闲度假。	339	12811
5139	标准间	标准间，简洁整洁，设施完备，高性价比之选。	180	12812
5140	标准间	标准间，简洁整洁，设施完备，高性价比之选。	206	12813
5140	行政套房	行政套房，空间宽敞，配套齐全，尊享舒适入住体验。	751	12814
5141	行政套房	行政套房，空间宽敞，配套齐全，尊享舒适入住体验。	580	12815
5141	标准间	标准间，简洁整洁，设施完备，高性价比之选。	214	12816
5142	大床房	大床房，配备舒适大床，温馨静谧，适合休闲度假。	292	12817
5142	行政套房	行政套房，空间宽敞，配套齐全，尊享舒适入住体验。	769	12818
5142	标准间	标准间，简洁整洁，设施完备，高性价比之选。	216	12819
5143	大床房	大床房，配备舒适大床，温馨静谧，适合休闲度假。	480	12820
5143	行政套房	行政套房，空间宽敞，配套齐全，尊享舒适入住体验。	538	12821
5143	标准间	标准间，简洁整洁，设施完备，高性价比之选。	277	12822
5144	标准间	标准间，简洁整洁，设施完备，高性价比之选。	313	12823
5144	大床房	大床房，配备舒适大床，温馨静谧，适合休闲度假。	425	12824
5145	大床房	大床房，配备舒适大床，温馨静谧，适合休闲度假。	415	12825
5145	行政套房	行政套房，空间宽敞，配套齐全，尊享舒适入住体验。	732	12826
5146	标准间	标准间，简洁整洁，设施完备，高性价比之选。	219	12827
5146	行政套房	行政套房，空间宽敞，配套齐全，尊享舒适入住体验。	656	12828
5146	大床房	大床房，配备舒适大床，温馨静谧，适合休闲度假。	262	12829
5147	行政套房	行政套房，空间宽敞，配套齐全，尊享舒适入住体验。	522	12830
5147	大床房	大床房，配备舒适大床，温馨静谧，适合休闲度假。	298	12831
5148	大床房	大床房，配备舒适大床，温馨静谧，适合休闲度假。	297	12832
5148	行政套房	行政套房，空间宽敞，配套齐全，尊享舒适入住体验。	809	12833
5149	大床房	大床房，配备舒适大床，温馨静谧，适合休闲度假。	469	12834
5149	标准间	标准间，简洁整洁，设施完备，高性价比之选。	244	12835
5150	行政套房	行政套房，空间宽敞，配套齐全，尊享舒适入住体验。	748	12836
5150	大床房	大床房，配备舒适大床，温馨静谧，适合休闲度假。	271	12837
5151	行政套房	行政套房，空间宽敞，配套齐全，尊享舒适入住体验。	877	12838
5151	标准间	标准间，简洁整洁，设施完备，高性价比之选。	256	12839
5152	标准间	标准间，简洁整洁，设施完备，高性价比之选。	219	12840
5152	行政套房	行政套房，空间宽敞，配套齐全，尊享舒适入住体验。	621	12841
5152	大床房	大床房，配备舒适大床，温馨静谧，适合休闲度假。	262	12842
5153	行政套房	行政套房，空间宽敞，配套齐全，尊享舒适入住体验。	511	12843
5153	标准间	标准间，简洁整洁，设施完备，高性价比之选。	249	12844
5153	大床房	大床房，配备舒适大床，温馨静谧，适合休闲度假。	291	12845
5154	大床房	大床房，配备舒适大床，温馨静谧，适合休闲度假。	287	12846
5154	行政套房	行政套房，空间宽敞，配套齐全，尊享舒适入住体验。	664	12847
5154	标准间	标准间，简洁整洁，设施完备，高性价比之选。	243	12848
5155	行政套房	行政套房，空间宽敞，配套齐全，尊享舒适入住体验。	549	12849
5155	大床房	大床房，配备舒适大床，温馨静谧，适合休闲度假。	311	12850
5155	标准间	标准间，简洁整洁，设施完备，高性价比之选。	297	12851
5156	行政套房	行政套房，空间宽敞，配套齐全，尊享舒适入住体验。	638	12852
5156	大床房	大床房，配备舒适大床，温馨静谧，适合休闲度假。	355	12853
5156	标准间	标准间，简洁整洁，设施完备，高性价比之选。	190	12854
5157	行政套房	行政套房，空间宽敞，配套齐全，尊享舒适入住体验。	773	12855
5157	标准间	标准间，简洁整洁，设施完备，高性价比之选。	263	12856
5157	大床房	大床房，配备舒适大床，温馨静谧，适合休闲度假。	469	12857
5158	行政套房	行政套房，空间宽敞，配套齐全，尊享舒适入住体验。	738	12858
5158	大床房	大床房，配备舒适大床，温馨静谧，适合休闲度假。	318	12859
5159	标准间	标准间，简洁整洁，设施完备，高性价比之选。	304	12860
5159	行政套房	行政套房，空间宽敞，配套齐全，尊享舒适入住体验。	713	12861
5159	大床房	大床房，配备舒适大床，温馨静谧，适合休闲度假。	473	12862
5160	行政套房	行政套房，空间宽敞，配套齐全，尊享舒适入住体验。	765	12863
5160	大床房	大床房，配备舒适大床，温馨静谧，适合休闲度假。	310	12864
5160	标准间	标准间，简洁整洁，设施完备，高性价比之选。	193	12865
5161	行政套房	行政套房，空间宽敞，配套齐全，尊享舒适入住体验。	497	12866
5161	标准间	标准间，简洁整洁，设施完备，高性价比之选。	298	12867
5161	大床房	大床房，配备舒适大床，温馨静谧，适合休闲度假。	319	12868
5162	大床房	大床房，配备舒适大床，温馨静谧，适合休闲度假。	412	12869
5162	标准间	标准间，简洁整洁，设施完备，高性价比之选。	208	12870
5163	行政套房	行政套房，空间宽敞，配套齐全，尊享舒适入住体验。	690	12871
5163	标准间	标准间，简洁整洁，设施完备，高性价比之选。	287	12872
5164	大床房	大床房，配备舒适大床，温馨静谧，适合休闲度假。	350	12873
5164	标准间	标准间，简洁整洁，设施完备，高性价比之选。	213	12874
5164	行政套房	行政套房，空间宽敞，配套齐全，尊享舒适入住体验。	845	12875
5165	行政套房	行政套房，空间宽敞，配套齐全，尊享舒适入住体验。	854	12876
5165	大床房	大床房，配备舒适大床，温馨静谧，适合休闲度假。	311	12877
5166	行政套房	行政套房，空间宽敞，配套齐全，尊享舒适入住体验。	731	12878
5166	标准间	标准间，简洁整洁，设施完备，高性价比之选。	238	12879
5167	大床房	大床房，配备舒适大床，温馨静谧，适合休闲度假。	265	12880
5167	标准间	标准间，简洁整洁，设施完备，高性价比之选。	266	12881
5167	行政套房	行政套房，空间宽敞，配套齐全，尊享舒适入住体验。	617	12882
5168	大床房	大床房，配备舒适大床，温馨静谧，适合休闲度假。	293	12883
5168	行政套房	行政套房，空间宽敞，配套齐全，尊享舒适入住体验。	739	12884
5169	行政套房	行政套房，空间宽敞，配套齐全，尊享舒适入住体验。	480	12885
5169	标准间	标准间，简洁整洁，设施完备，高性价比之选。	305	12886
5169	大床房	大床房，配备舒适大床，温馨静谧，适合休闲度假。	296	12887
5170	大床房	大床房，配备舒适大床，温馨静谧，适合休闲度假。	461	12888
5170	行政套房	行政套房，空间宽敞，配套齐全，尊享舒适入住体验。	839	12889
5171	标准间	标准间，简洁整洁，设施完备，高性价比之选。	225	12890
5171	行政套房	行政套房，空间宽敞，配套齐全，尊享舒适入住体验。	780	12891
5171	大床房	大床房，配备舒适大床，温馨静谧，适合休闲度假。	389	12892
5172	大床房	大床房，配备舒适大床，温馨静谧，适合休闲度假。	397	12893
5172	标准间	标准间，简洁整洁，设施完备，高性价比之选。	202	12894
5173	标准间	标准间，简洁整洁，设施完备，高性价比之选。	246	12895
5173	大床房	大床房，配备舒适大床，温馨静谧，适合休闲度假。	424	12896
5173	行政套房	行政套房，空间宽敞，配套齐全，尊享舒适入住体验。	803	12897
5174	标准间	标准间，简洁整洁，设施完备，高性价比之选。	294	12898
5174	行政套房	行政套房，空间宽敞，配套齐全，尊享舒适入住体验。	521	12899
5175	大床房	大床房，配备舒适大床，温馨静谧，适合休闲度假。	345	12900
5175	标准间	标准间，简洁整洁，设施完备，高性价比之选。	260	12901
5176	标准间	标准间，简洁整洁，设施完备，高性价比之选。	194	12902
5176	行政套房	行政套房，空间宽敞，配套齐全，尊享舒适入住体验。	523	12903
5177	标准间	标准间，简洁整洁，设施完备，高性价比之选。	212	12904
5177	大床房	大床房，配备舒适大床，温馨静谧，适合休闲度假。	426	12905
5177	行政套房	行政套房，空间宽敞，配套齐全，尊享舒适入住体验。	689	12906
5178	标准间	标准间，简洁整洁，设施完备，高性价比之选。	306	12907
5178	行政套房	行政套房，空间宽敞，配套齐全，尊享舒适入住体验。	772	12908
5178	大床房	大床房，配备舒适大床，温馨静谧，适合休闲度假。	449	12909
5179	大床房	大床房，配备舒适大床，温馨静谧，适合休闲度假。	349	12910
5179	标准间	标准间，简洁整洁，设施完备，高性价比之选。	293	12911
5179	行政套房	行政套房，空间宽敞，配套齐全，尊享舒适入住体验。	830	12912
5180	行政套房	行政套房，空间宽敞，配套齐全，尊享舒适入住体验。	778	12913
5180	标准间	标准间，简洁整洁，设施完备，高性价比之选。	247	12914
5181	大床房	大床房，配备舒适大床，温馨静谧，适合休闲度假。	381	12915
5181	行政套房	行政套房，空间宽敞，配套齐全，尊享舒适入住体验。	638	12916
5181	标准间	标准间，简洁整洁，设施完备，高性价比之选。	235	12917
5182	标准间	标准间，简洁整洁，设施完备，高性价比之选。	183	12918
5182	大床房	大床房，配备舒适大床，温馨静谧，适合休闲度假。	370	12919
5183	大床房	大床房，配备舒适大床，温馨静谧，适合休闲度假。	349	12920
5183	标准间	标准间，简洁整洁，设施完备，高性价比之选。	218	12921
5183	行政套房	行政套房，空间宽敞，配套齐全，尊享舒适入住体验。	837	12922
5184	大床房	大床房，配备舒适大床，温馨静谧，适合休闲度假。	323	12923
5184	标准间	标准间，简洁整洁，设施完备，高性价比之选。	259	12924
5185	标准间	标准间，简洁整洁，设施完备，高性价比之选。	225	12925
5185	行政套房	行政套房，空间宽敞，配套齐全，尊享舒适入住体验。	874	12926
5186	大床房	大床房，配备舒适大床，温馨静谧，适合休闲度假。	275	12927
5186	行政套房	行政套房，空间宽敞，配套齐全，尊享舒适入住体验。	666	12928
5187	行政套房	行政套房，空间宽敞，配套齐全，尊享舒适入住体验。	521	12929
5187	大床房	大床房，配备舒适大床，温馨静谧，适合休闲度假。	334	12930
5188	行政套房	行政套房，空间宽敞，配套齐全，尊享舒适入住体验。	689	12931
5188	标准间	标准间，简洁整洁，设施完备，高性价比之选。	267	12932
5189	标准间	标准间，简洁整洁，设施完备，高性价比之选。	240	12933
5189	大床房	大床房，配备舒适大床，温馨静谧，适合休闲度假。	387	12934
5190	行政套房	行政套房，空间宽敞，配套齐全，尊享舒适入住体验。	782	12935
5190	标准间	标准间，简洁整洁，设施完备，高性价比之选。	317	12936
5191	标准间	标准间，简洁整洁，设施完备，高性价比之选。	273	12937
5191	行政套房	行政套房，空间宽敞，配套齐全，尊享舒适入住体验。	629	12938
5191	大床房	大床房，配备舒适大床，温馨静谧，适合休闲度假。	302	12939
5192	行政套房	行政套房，空间宽敞，配套齐全，尊享舒适入住体验。	641	12940
5192	标准间	标准间，简洁整洁，设施完备，高性价比之选。	278	12941
5192	大床房	大床房，配备舒适大床，温馨静谧，适合休闲度假。	390	12942
5193	标准间	标准间，简洁整洁，设施完备，高性价比之选。	212	12943
5193	行政套房	行政套房，空间宽敞，配套齐全，尊享舒适入住体验。	504	12944
5194	标准间	标准间，简洁整洁，设施完备，高性价比之选。	184	12945
5194	行政套房	行政套房，空间宽敞，配套齐全，尊享舒适入住体验。	813	12946
5195	行政套房	行政套房，空间宽敞，配套齐全，尊享舒适入住体验。	680	12947
5195	大床房	大床房，配备舒适大床，温馨静谧，适合休闲度假。	360	12948
5195	标准间	标准间，简洁整洁，设施完备，高性价比之选。	254	12949
5196	大床房	大床房，配备舒适大床，温馨静谧，适合休闲度假。	298	12950
5196	标准间	标准间，简洁整洁，设施完备，高性价比之选。	209	12951
5196	行政套房	行政套房，空间宽敞，配套齐全，尊享舒适入住体验。	800	12952
5197	行政套房	行政套房，空间宽敞，配套齐全，尊享舒适入住体验。	768	12953
5197	大床房	大床房，配备舒适大床，温馨静谧，适合休闲度假。	377	12954
5197	标准间	标准间，简洁整洁，设施完备，高性价比之选。	317	12955
5198	行政套房	行政套房，空间宽敞，配套齐全，尊享舒适入住体验。	500	12956
5198	大床房	大床房，配备舒适大床，温馨静谧，适合休闲度假。	416	12957
5199	大床房	大床房，配备舒适大床，温馨静谧，适合休闲度假。	264	12958
5199	行政套房	行政套房，空间宽敞，配套齐全，尊享舒适入住体验。	873	12959
5199	标准间	标准间，简洁整洁，设施完备，高性价比之选。	278	12960
5200	大床房	大床房，配备舒适大床，温馨静谧，适合休闲度假。	354	12961
5200	标准间	标准间，简洁整洁，设施完备，高性价比之选。	312	12962
5200	行政套房	行政套房，空间宽敞，配套齐全，尊享舒适入住体验。	642	12963
5201	标准间	标准间，简洁整洁，设施完备，高性价比之选。	248	12964
5201	大床房	大床房，配备舒适大床，温馨静谧，适合休闲度假。	261	12965
5202	行政套房	行政套房，空间宽敞，配套齐全，尊享舒适入住体验。	840	12966
5202	大床房	大床房，配备舒适大床，温馨静谧，适合休闲度假。	443	12967
5203	标准间	标准间，简洁整洁，设施完备，高性价比之选。	273	12968
5203	大床房	大床房，配备舒适大床，温馨静谧，适合休闲度假。	419	12969
5204	行政套房	行政套房，空间宽敞，配套齐全，尊享舒适入住体验。	828	12970
5204	标准间	标准间，简洁整洁，设施完备，高性价比之选。	209	12971
5205	行政套房	行政套房，空间宽敞，配套齐全，尊享舒适入住体验。	809	12972
5205	大床房	大床房，配备舒适大床，温馨静谧，适合休闲度假。	270	12973
5206	行政套房	行政套房，空间宽敞，配套齐全，尊享舒适入住体验。	481	12974
5206	标准间	标准间，简洁整洁，设施完备，高性价比之选。	228	12975
5207	行政套房	行政套房，空间宽敞，配套齐全，尊享舒适入住体验。	673	12976
5207	大床房	大床房，配备舒适大床，温馨静谧，适合休闲度假。	428	12977
5207	标准间	标准间，简洁整洁，设施完备，高性价比之选。	212	12978
5208	大床房	大床房，配备舒适大床，温馨静谧，适合休闲度假。	330	12979
5208	行政套房	行政套房，空间宽敞，配套齐全，尊享舒适入住体验。	487	12980
5208	标准间	标准间，简洁整洁，设施完备，高性价比之选。	201	12981
5209	大床房	大床房，配备舒适大床，温馨静谧，适合休闲度假。	308	12982
5209	行政套房	行政套房，空间宽敞，配套齐全，尊享舒适入住体验。	678	12983
5210	标准间	标准间，简洁整洁，设施完备，高性价比之选。	203	12984
5210	行政套房	行政套房，空间宽敞，配套齐全，尊享舒适入住体验。	492	12985
5211	标准间	标准间，简洁整洁，设施完备，高性价比之选。	314	12986
5211	大床房	大床房，配备舒适大床，温馨静谧，适合休闲度假。	375	12987
5212	行政套房	行政套房，空间宽敞，配套齐全，尊享舒适入住体验。	715	12988
5212	大床房	大床房，配备舒适大床，温馨静谧，适合休闲度假。	342	12989
5213	大床房	大床房，配备舒适大床，温馨静谧，适合休闲度假。	266	12990
5213	行政套房	行政套房，空间宽敞，配套齐全，尊享舒适入住体验。	559	12991
5214	大床房	大床房，配备舒适大床，温馨静谧，适合休闲度假。	462	12992
5214	标准间	标准间，简洁整洁，设施完备，高性价比之选。	295	12993
5215	大床房	大床房，配备舒适大床，温馨静谧，适合休闲度假。	334	12994
5215	行政套房	行政套房，空间宽敞，配套齐全，尊享舒适入住体验。	868	12995
5215	标准间	标准间，简洁整洁，设施完备，高性价比之选。	280	12996
5216	大床房	大床房，配备舒适大床，温馨静谧，适合休闲度假。	430	12997
5216	标准间	标准间，简洁整洁，设施完备，高性价比之选。	238	12998
5216	行政套房	行政套房，空间宽敞，配套齐全，尊享舒适入住体验。	645	12999
5217	行政套房	行政套房，空间宽敞，配套齐全，尊享舒适入住体验。	864	13000
5217	标准间	标准间，简洁整洁，设施完备，高性价比之选。	214	13001
5218	标准间	标准间，简洁整洁，设施完备，高性价比之选。	274	13002
5218	行政套房	行政套房，空间宽敞，配套齐全，尊享舒适入住体验。	569	13003
5218	大床房	大床房，配备舒适大床，温馨静谧，适合休闲度假。	328	13004
5219	标准间	标准间，简洁整洁，设施完备，高性价比之选。	263	13005
5219	大床房	大床房，配备舒适大床，温馨静谧，适合休闲度假。	286	13006
5219	行政套房	行政套房，空间宽敞，配套齐全，尊享舒适入住体验。	511	13007
5220	行政套房	行政套房，空间宽敞，配套齐全，尊享舒适入住体验。	835	13008
5220	标准间	标准间，简洁整洁，设施完备，高性价比之选。	213	13009
5220	大床房	大床房，配备舒适大床，温馨静谧，适合休闲度假。	403	13010
5221	行政套房	行政套房，空间宽敞，配套齐全，尊享舒适入住体验。	540	13011
5221	标准间	标准间，简洁整洁，设施完备，高性价比之选。	300	13012
5221	大床房	大床房，配备舒适大床，温馨静谧，适合休闲度假。	280	13013
5222	行政套房	行政套房，空间宽敞，配套齐全，尊享舒适入住体验。	843	13014
5222	大床房	大床房，配备舒适大床，温馨静谧，适合休闲度假。	406	13015
5222	标准间	标准间，简洁整洁，设施完备，高性价比之选。	226	13016
5223	行政套房	行政套房，空间宽敞，配套齐全，尊享舒适入住体验。	480	13017
5223	大床房	大床房，配备舒适大床，温馨静谧，适合休闲度假。	309	13018
5224	行政套房	行政套房，空间宽敞，配套齐全，尊享舒适入住体验。	833	13019
5224	标准间	标准间，简洁整洁，设施完备，高性价比之选。	200	13020
5225	大床房	大床房，配备舒适大床，温馨静谧，适合休闲度假。	281	13021
5225	行政套房	行政套房，空间宽敞，配套齐全，尊享舒适入住体验。	520	13022
5225	标准间	标准间，简洁整洁，设施完备，高性价比之选。	273	13023
5226	标准间	标准间，简洁整洁，设施完备，高性价比之选。	248	13024
5226	行政套房	行政套房，空间宽敞，配套齐全，尊享舒适入住体验。	520	13025
5227	行政套房	行政套房，空间宽敞，配套齐全，尊享舒适入住体验。	731	13026
5227	标准间	标准间，简洁整洁，设施完备，高性价比之选。	202	13027
5228	行政套房	行政套房，空间宽敞，配套齐全，尊享舒适入住体验。	646	13028
5228	大床房	大床房，配备舒适大床，温馨静谧，适合休闲度假。	403	13029
5228	标准间	标准间，简洁整洁，设施完备，高性价比之选。	315	13030
5229	大床房	大床房，配备舒适大床，温馨静谧，适合休闲度假。	452	13031
5229	标准间	标准间，简洁整洁，设施完备，高性价比之选。	237	13032
5229	行政套房	行政套房，空间宽敞，配套齐全，尊享舒适入住体验。	687	13033
5230	大床房	大床房，配备舒适大床，温馨静谧，适合休闲度假。	373	13034
5230	标准间	标准间，简洁整洁，设施完备，高性价比之选。	318	13035
5231	标准间	标准间，简洁整洁，设施完备，高性价比之选。	298	13036
5231	大床房	大床房，配备舒适大床，温馨静谧，适合休闲度假。	384	13037
5231	行政套房	行政套房，空间宽敞，配套齐全，尊享舒适入住体验。	833	13038
5232	行政套房	行政套房，空间宽敞，配套齐全，尊享舒适入住体验。	624	13039
5232	大床房	大床房，配备舒适大床，温馨静谧，适合休闲度假。	467	13040
5233	大床房	大床房，配备舒适大床，温馨静谧，适合休闲度假。	467	13041
5233	行政套房	行政套房，空间宽敞，配套齐全，尊享舒适入住体验。	616	13042
5234	行政套房	行政套房，空间宽敞，配套齐全，尊享舒适入住体验。	513	13043
5234	标准间	标准间，简洁整洁，设施完备，高性价比之选。	197	13044
5235	标准间	标准间，简洁整洁，设施完备，高性价比之选。	236	13045
5235	大床房	大床房，配备舒适大床，温馨静谧，适合休闲度假。	355	13046
5236	行政套房	行政套房，空间宽敞，配套齐全，尊享舒适入住体验。	630	13047
5236	大床房	大床房，配备舒适大床，温馨静谧，适合休闲度假。	448	13048
5237	行政套房	行政套房，空间宽敞，配套齐全，尊享舒适入住体验。	842	13049
5237	大床房	大床房，配备舒适大床，温馨静谧，适合休闲度假。	381	13050
5237	标准间	标准间，简洁整洁，设施完备，高性价比之选。	233	13051
5238	大床房	大床房，配备舒适大床，温馨静谧，适合休闲度假。	475	13052
5238	行政套房	行政套房，空间宽敞，配套齐全，尊享舒适入住体验。	605	13053
5238	标准间	标准间，简洁整洁，设施完备，高性价比之选。	266	13054
5239	标准间	标准间，简洁整洁，设施完备，高性价比之选。	184	13055
5239	行政套房	行政套房，空间宽敞，配套齐全，尊享舒适入住体验。	563	13056
5239	大床房	大床房，配备舒适大床，温馨静谧，适合休闲度假。	366	13057
5240	标准间	标准间，简洁整洁，设施完备，高性价比之选。	258	13058
5240	行政套房	行政套房，空间宽敞，配套齐全，尊享舒适入住体验。	785	13059
5240	大床房	大床房，配备舒适大床，温馨静谧，适合休闲度假。	433	13060
5241	大床房	大床房，配备舒适大床，温馨静谧，适合休闲度假。	368	13061
5241	行政套房	行政套房，空间宽敞，配套齐全，尊享舒适入住体验。	600	13062
5242	标准间	标准间，简洁整洁，设施完备，高性价比之选。	231	13063
5242	行政套房	行政套房，空间宽敞，配套齐全，尊享舒适入住体验。	508	13064
5243	大床房	大床房，配备舒适大床，温馨静谧，适合休闲度假。	376	13065
5243	标准间	标准间，简洁整洁，设施完备，高性价比之选。	303	13066
5243	行政套房	行政套房，空间宽敞，配套齐全，尊享舒适入住体验。	769	13067
5244	大床房	大床房，配备舒适大床，温馨静谧，适合休闲度假。	323	13068
5244	标准间	标准间，简洁整洁，设施完备，高性价比之选。	232	13069
5244	行政套房	行政套房，空间宽敞，配套齐全，尊享舒适入住体验。	551	13070
5245	行政套房	行政套房，空间宽敞，配套齐全，尊享舒适入住体验。	667	13071
5245	标准间	标准间，简洁整洁，设施完备，高性价比之选。	307	13072
5246	标准间	标准间，简洁整洁，设施完备，高性价比之选。	184	13073
5246	大床房	大床房，配备舒适大床，温馨静谧，适合休闲度假。	479	13074
5247	行政套房	行政套房，空间宽敞，配套齐全，尊享舒适入住体验。	679	13075
5247	大床房	大床房，配备舒适大床，温馨静谧，适合休闲度假。	429	13076
5248	标准间	标准间，简洁整洁，设施完备，高性价比之选。	293	13077
5248	行政套房	行政套房，空间宽敞，配套齐全，尊享舒适入住体验。	610	13078
5249	大床房	大床房，配备舒适大床，温馨静谧，适合休闲度假。	281	13079
5249	行政套房	行政套房，空间宽敞，配套齐全，尊享舒适入住体验。	696	13080
5250	标准间	标准间，简洁整洁，设施完备，高性价比之选。	282	13081
5250	大床房	大床房，配备舒适大床，温馨静谧，适合休闲度假。	409	13082
5250	行政套房	行政套房，空间宽敞，配套齐全，尊享舒适入住体验。	536	13083
5251	大床房	大床房，配备舒适大床，温馨静谧，适合休闲度假。	316	13084
5251	标准间	标准间，简洁整洁，设施完备，高性价比之选。	242	13085
5252	标准间	标准间，简洁整洁，设施完备，高性价比之选。	193	13086
5252	行政套房	行政套房，空间宽敞，配套齐全，尊享舒适入住体验。	642	13087
5252	大床房	大床房，配备舒适大床，温馨静谧，适合休闲度假。	440	13088
5253	大床房	大床房，配备舒适大床，温馨静谧，适合休闲度假。	287	13089
5253	行政套房	行政套房，空间宽敞，配套齐全，尊享舒适入住体验。	749	13090
5253	标准间	标准间，简洁整洁，设施完备，高性价比之选。	266	13091
5254	行政套房	行政套房，空间宽敞，配套齐全，尊享舒适入住体验。	854	13092
5254	大床房	大床房，配备舒适大床，温馨静谧，适合休闲度假。	449	13093
5255	大床房	大床房，配备舒适大床，温馨静谧，适合休闲度假。	330	13094
5255	标准间	标准间，简洁整洁，设施完备，高性价比之选。	260	13095
5255	行政套房	行政套房，空间宽敞，配套齐全，尊享舒适入住体验。	557	13096
5256	行政套房	行政套房，空间宽敞，配套齐全，尊享舒适入住体验。	661	13097
5256	标准间	标准间，简洁整洁，设施完备，高性价比之选。	314	13098
5257	大床房	大床房，配备舒适大床，温馨静谧，适合休闲度假。	476	13099
5257	标准间	标准间，简洁整洁，设施完备，高性价比之选。	267	13100
5258	大床房	大床房，配备舒适大床，温馨静谧，适合休闲度假。	334	13101
5258	标准间	标准间，简洁整洁，设施完备，高性价比之选。	265	13102
5259	标准间	标准间，简洁整洁，设施完备，高性价比之选。	306	13103
5259	行政套房	行政套房，空间宽敞，配套齐全，尊享舒适入住体验。	857	13104
5259	大床房	大床房，配备舒适大床，温馨静谧，适合休闲度假。	333	13105
5260	行政套房	行政套房，空间宽敞，配套齐全，尊享舒适入住体验。	805	13106
5260	大床房	大床房，配备舒适大床，温馨静谧，适合休闲度假。	431	13107
5261	标准间	标准间，简洁整洁，设施完备，高性价比之选。	318	13108
5261	大床房	大床房，配备舒适大床，温馨静谧，适合休闲度假。	323	13109
5261	行政套房	行政套房，空间宽敞，配套齐全，尊享舒适入住体验。	541	13110
5262	标准间	标准间，简洁整洁，设施完备，高性价比之选。	248	13111
5262	行政套房	行政套房，空间宽敞，配套齐全，尊享舒适入住体验。	687	13112
5262	大床房	大床房，配备舒适大床，温馨静谧，适合休闲度假。	449	13113
5263	行政套房	行政套房，空间宽敞，配套齐全，尊享舒适入住体验。	829	13114
5263	标准间	标准间，简洁整洁，设施完备，高性价比之选。	205	13115
5263	大床房	大床房，配备舒适大床，温馨静谧，适合休闲度假。	370	13116
5264	标准间	标准间，简洁整洁，设施完备，高性价比之选。	267	13117
5264	行政套房	行政套房，空间宽敞，配套齐全，尊享舒适入住体验。	748	13118
5265	行政套房	行政套房，空间宽敞，配套齐全，尊享舒适入住体验。	616	13119
5265	大床房	大床房，配备舒适大床，温馨静谧，适合休闲度假。	475	13120
5265	标准间	标准间，简洁整洁，设施完备，高性价比之选。	318	13121
5266	行政套房	行政套房，空间宽敞，配套齐全，尊享舒适入住体验。	735	13122
5266	标准间	标准间，简洁整洁，设施完备，高性价比之选。	185	13123
5266	大床房	大床房，配备舒适大床，温馨静谧，适合休闲度假。	472	13124
5267	行政套房	行政套房，空间宽敞，配套齐全，尊享舒适入住体验。	688	13125
5267	大床房	大床房，配备舒适大床，温馨静谧，适合休闲度假。	370	13126
5268	标准间	标准间，简洁整洁，设施完备，高性价比之选。	223	13127
5268	大床房	大床房，配备舒适大床，温馨静谧，适合休闲度假。	338	13128
5269	行政套房	行政套房，空间宽敞，配套齐全，尊享舒适入住体验。	558	13129
5269	标准间	标准间，简洁整洁，设施完备，高性价比之选。	307	13130
5270	大床房	大床房，配备舒适大床，温馨静谧，适合休闲度假。	277	13131
5270	行政套房	行政套房，空间宽敞，配套齐全，尊享舒适入住体验。	527	13132
5271	标准间	标准间，简洁整洁，设施完备，高性价比之选。	187	13133
5271	大床房	大床房，配备舒适大床，温馨静谧，适合休闲度假。	300	13134
5272	标准间	标准间，简洁整洁，设施完备，高性价比之选。	218	13135
5272	行政套房	行政套房，空间宽敞，配套齐全，尊享舒适入住体验。	651	13136
5273	大床房	大床房，配备舒适大床，温馨静谧，适合休闲度假。	369	13137
5273	标准间	标准间，简洁整洁，设施完备，高性价比之选。	195	13138
5274	行政套房	行政套房，空间宽敞，配套齐全，尊享舒适入住体验。	580	13139
5274	标准间	标准间，简洁整洁，设施完备，高性价比之选。	197	13140
5275	大床房	大床房，配备舒适大床，温馨静谧，适合休闲度假。	304	13141
5275	标准间	标准间，简洁整洁，设施完备，高性价比之选。	320	13142
5276	大床房	大床房，配备舒适大床，温馨静谧，适合休闲度假。	296	13143
5276	行政套房	行政套房，空间宽敞，配套齐全，尊享舒适入住体验。	536	13144
5277	标准间	标准间，简洁整洁，设施完备，高性价比之选。	240	13145
5277	大床房	大床房，配备舒适大床，温馨静谧，适合休闲度假。	276	13146
5277	行政套房	行政套房，空间宽敞，配套齐全，尊享舒适入住体验。	552	13147
5278	行政套房	行政套房，空间宽敞，配套齐全，尊享舒适入住体验。	868	13148
5278	大床房	大床房，配备舒适大床，温馨静谧，适合休闲度假。	357	13149
5278	标准间	标准间，简洁整洁，设施完备，高性价比之选。	290	13150
5279	行政套房	行政套房，空间宽敞，配套齐全，尊享舒适入住体验。	714	13151
5279	大床房	大床房，配备舒适大床，温馨静谧，适合休闲度假。	352	13152
5280	大床房	大床房，配备舒适大床，温馨静谧，适合休闲度假。	282	13153
5280	行政套房	行政套房，空间宽敞，配套齐全，尊享舒适入住体验。	676	13154
5280	标准间	标准间，简洁整洁，设施完备，高性价比之选。	304	13155
5281	标准间	标准间，简洁整洁，设施完备，高性价比之选。	196	13156
5281	行政套房	行政套房，空间宽敞，配套齐全，尊享舒适入住体验。	771	13157
5281	大床房	大床房，配备舒适大床，温馨静谧，适合休闲度假。	422	13158
5282	行政套房	行政套房，空间宽敞，配套齐全，尊享舒适入住体验。	716	13159
5282	标准间	标准间，简洁整洁，设施完备，高性价比之选。	267	13160
5283	行政套房	行政套房，空间宽敞，配套齐全，尊享舒适入住体验。	640	13161
5283	大床房	大床房，配备舒适大床，温馨静谧，适合休闲度假。	395	13162
5284	大床房	大床房，配备舒适大床，温馨静谧，适合休闲度假。	420	13163
5284	标准间	标准间，简洁整洁，设施完备，高性价比之选。	224	13164
5284	行政套房	行政套房，空间宽敞，配套齐全，尊享舒适入住体验。	816	13165
5285	行政套房	行政套房，空间宽敞，配套齐全，尊享舒适入住体验。	494	13166
5285	大床房	大床房，配备舒适大床，温馨静谧，适合休闲度假。	360	13167
5286	标准间	标准间，简洁整洁，设施完备，高性价比之选。	243	13168
5286	行政套房	行政套房，空间宽敞，配套齐全，尊享舒适入住体验。	648	13169
5287	大床房	大床房，配备舒适大床，温馨静谧，适合休闲度假。	340	13170
5287	标准间	标准间，简洁整洁，设施完备，高性价比之选。	291	13171
5288	大床房	大床房，配备舒适大床，温馨静谧，适合休闲度假。	380	13172
5288	行政套房	行政套房，空间宽敞，配套齐全，尊享舒适入住体验。	601	13173
5288	标准间	标准间，简洁整洁，设施完备，高性价比之选。	287	13174
5289	标准间	标准间，简洁整洁，设施完备，高性价比之选。	199	13175
5289	大床房	大床房，配备舒适大床，温馨静谧，适合休闲度假。	379	13176
5289	行政套房	行政套房，空间宽敞，配套齐全，尊享舒适入住体验。	699	13177
5290	行政套房	行政套房，空间宽敞，配套齐全，尊享舒适入住体验。	496	13178
5290	标准间	标准间，简洁整洁，设施完备，高性价比之选。	269	13179
5290	大床房	大床房，配备舒适大床，温馨静谧，适合休闲度假。	357	13180
5291	行政套房	行政套房，空间宽敞，配套齐全，尊享舒适入住体验。	718	13181
5291	大床房	大床房，配备舒适大床，温馨静谧，适合休闲度假。	477	13182
5291	标准间	标准间，简洁整洁，设施完备，高性价比之选。	206	13183
5292	大床房	大床房，配备舒适大床，温馨静谧，适合休闲度假。	294	13184
5292	标准间	标准间，简洁整洁，设施完备，高性价比之选。	294	13185
5292	行政套房	行政套房，空间宽敞，配套齐全，尊享舒适入住体验。	854	13186
5293	大床房	大床房，配备舒适大床，温馨静谧，适合休闲度假。	473	13187
5293	标准间	标准间，简洁整洁，设施完备，高性价比之选。	215	13188
5293	行政套房	行政套房，空间宽敞，配套齐全，尊享舒适入住体验。	745	13189
5294	大床房	大床房，配备舒适大床，温馨静谧，适合休闲度假。	344	13190
5294	标准间	标准间，简洁整洁，设施完备，高性价比之选。	316	13191
5295	大床房	大床房，配备舒适大床，温馨静谧，适合休闲度假。	263	13192
5295	标准间	标准间，简洁整洁，设施完备，高性价比之选。	316	13193
5296	行政套房	行政套房，空间宽敞，配套齐全，尊享舒适入住体验。	872	13194
5296	大床房	大床房，配备舒适大床，温馨静谧，适合休闲度假。	451	13195
5297	行政套房	行政套房，空间宽敞，配套齐全，尊享舒适入住体验。	726	13196
5297	大床房	大床房，配备舒适大床，温馨静谧，适合休闲度假。	392	13197
5297	标准间	标准间，简洁整洁，设施完备，高性价比之选。	237	13198
5298	大床房	大床房，配备舒适大床，温馨静谧，适合休闲度假。	267	13199
5298	标准间	标准间，简洁整洁，设施完备，高性价比之选。	298	13200
5298	行政套房	行政套房，空间宽敞，配套齐全，尊享舒适入住体验。	547	13201
5299	标准间	标准间，简洁整洁，设施完备，高性价比之选。	191	13202
5299	行政套房	行政套房，空间宽敞，配套齐全，尊享舒适入住体验。	653	13203
5300	大床房	大床房，配备舒适大床，温馨静谧，适合休闲度假。	331	13204
5300	标准间	标准间，简洁整洁，设施完备，高性价比之选。	255	13205
5301	行政套房	行政套房，空间宽敞，配套齐全，尊享舒适入住体验。	589	13206
5301	大床房	大床房，配备舒适大床，温馨静谧，适合休闲度假。	478	13207
5301	标准间	标准间，简洁整洁，设施完备，高性价比之选。	243	13208
5302	行政套房	行政套房，空间宽敞，配套齐全，尊享舒适入住体验。	714	13209
5302	大床房	大床房，配备舒适大床，温馨静谧，适合休闲度假。	406	13210
5302	标准间	标准间，简洁整洁，设施完备，高性价比之选。	257	13211
5303	标准间	标准间，简洁整洁，设施完备，高性价比之选。	188	13212
5303	大床房	大床房，配备舒适大床，温馨静谧，适合休闲度假。	349	13213
5303	行政套房	行政套房，空间宽敞，配套齐全，尊享舒适入住体验。	558	13214
5304	大床房	大床房，配备舒适大床，温馨静谧，适合休闲度假。	367	13215
5304	标准间	标准间，简洁整洁，设施完备，高性价比之选。	245	13216
5305	行政套房	行政套房，空间宽敞，配套齐全，尊享舒适入住体验。	489	13217
5305	标准间	标准间，简洁整洁，设施完备，高性价比之选。	314	13218
5306	大床房	大床房，配备舒适大床，温馨静谧，适合休闲度假。	285	13219
5306	行政套房	行政套房，空间宽敞，配套齐全，尊享舒适入住体验。	565	13220
5307	行政套房	行政套房，空间宽敞，配套齐全，尊享舒适入住体验。	491	13221
5307	标准间	标准间，简洁整洁，设施完备，高性价比之选。	241	13222
5308	行政套房	行政套房，空间宽敞，配套齐全，尊享舒适入住体验。	615	13223
5308	标准间	标准间，简洁整洁，设施完备，高性价比之选。	294	13224
5309	大床房	大床房，配备舒适大床，温馨静谧，适合休闲度假。	310	13225
5309	行政套房	行政套房，空间宽敞，配套齐全，尊享舒适入住体验。	817	13226
5310	大床房	大床房，配备舒适大床，温馨静谧，适合休闲度假。	354	13227
5310	行政套房	行政套房，空间宽敞，配套齐全，尊享舒适入住体验。	745	13228
5311	行政套房	行政套房，空间宽敞，配套齐全，尊享舒适入住体验。	532	13229
5311	大床房	大床房，配备舒适大床，温馨静谧，适合休闲度假。	268	13230
5312	标准间	标准间，简洁整洁，设施完备，高性价比之选。	310	13231
5312	行政套房	行政套房，空间宽敞，配套齐全，尊享舒适入住体验。	804	13232
5313	大床房	大床房，配备舒适大床，温馨静谧，适合休闲度假。	338	13233
5313	标准间	标准间，简洁整洁，设施完备，高性价比之选。	196	13234
5313	行政套房	行政套房，空间宽敞，配套齐全，尊享舒适入住体验。	786	13235
5314	大床房	大床房，配备舒适大床，温馨静谧，适合休闲度假。	385	13236
5314	行政套房	行政套房，空间宽敞，配套齐全，尊享舒适入住体验。	594	13237
5315	大床房	大床房，配备舒适大床，温馨静谧，适合休闲度假。	332	13238
5315	标准间	标准间，简洁整洁，设施完备，高性价比之选。	235	13239
5315	行政套房	行政套房，空间宽敞，配套齐全，尊享舒适入住体验。	847	13240
5316	行政套房	行政套房，空间宽敞，配套齐全，尊享舒适入住体验。	543	13241
5316	大床房	大床房，配备舒适大床，温馨静谧，适合休闲度假。	296	13242
5316	标准间	标准间，简洁整洁，设施完备，高性价比之选。	254	13243
5317	标准间	标准间，简洁整洁，设施完备，高性价比之选。	265	13244
5317	大床房	大床房，配备舒适大床，温馨静谧，适合休闲度假。	406	13245
5317	行政套房	行政套房，空间宽敞，配套齐全，尊享舒适入住体验。	493	13246
5318	大床房	大床房，配备舒适大床，温馨静谧，适合休闲度假。	282	13247
5318	行政套房	行政套房，空间宽敞，配套齐全，尊享舒适入住体验。	633	13248
5319	标准间	标准间，简洁整洁，设施完备，高性价比之选。	288	13249
5319	大床房	大床房，配备舒适大床，温馨静谧，适合休闲度假。	263	13250
5319	行政套房	行政套房，空间宽敞，配套齐全，尊享舒适入住体验。	504	13251
5320	标准间	标准间，简洁整洁，设施完备，高性价比之选。	236	13252
5320	大床房	大床房，配备舒适大床，温馨静谧，适合休闲度假。	320	13253
5321	行政套房	行政套房，空间宽敞，配套齐全，尊享舒适入住体验。	664	13254
5321	大床房	大床房，配备舒适大床，温馨静谧，适合休闲度假。	407	13255
5322	行政套房	行政套房，空间宽敞，配套齐全，尊享舒适入住体验。	842	13256
5322	标准间	标准间，简洁整洁，设施完备，高性价比之选。	227	13257
5322	大床房	大床房，配备舒适大床，温馨静谧，适合休闲度假。	316	13258
5323	大床房	大床房，配备舒适大床，温馨静谧，适合休闲度假。	335	13259
5323	标准间	标准间，简洁整洁，设施完备，高性价比之选。	301	13260
5323	行政套房	行政套房，空间宽敞，配套齐全，尊享舒适入住体验。	776	13261
5324	大床房	大床房，配备舒适大床，温馨静谧，适合休闲度假。	294	13262
5324	标准间	标准间，简洁整洁，设施完备，高性价比之选。	182	13263
5324	行政套房	行政套房，空间宽敞，配套齐全，尊享舒适入住体验。	879	13264
5325	大床房	大床房，配备舒适大床，温馨静谧，适合休闲度假。	361	13265
5325	行政套房	行政套房，空间宽敞，配套齐全，尊享舒适入住体验。	568	13266
5326	标准间	标准间，简洁整洁，设施完备，高性价比之选。	276	13267
5326	大床房	大床房，配备舒适大床，温馨静谧，适合休闲度假。	263	13268
5326	行政套房	行政套房，空间宽敞，配套齐全，尊享舒适入住体验。	839	13269
5327	大床房	大床房，配备舒适大床，温馨静谧，适合休闲度假。	432	13270
5327	标准间	标准间，简洁整洁，设施完备，高性价比之选。	240	13271
5327	行政套房	行政套房，空间宽敞，配套齐全，尊享舒适入住体验。	747	13272
5328	行政套房	行政套房，空间宽敞，配套齐全，尊享舒适入住体验。	863	13273
5328	标准间	标准间，简洁整洁，设施完备，高性价比之选。	230	13274
5328	大床房	大床房，配备舒适大床，温馨静谧，适合休闲度假。	364	13275
5329	大床房	大床房，配备舒适大床，温馨静谧，适合休闲度假。	467	13276
5329	行政套房	行政套房，空间宽敞，配套齐全，尊享舒适入住体验。	713	13277
5330	标准间	标准间，简洁整洁，设施完备，高性价比之选。	232	13278
5330	行政套房	行政套房，空间宽敞，配套齐全，尊享舒适入住体验。	717	13279
5330	大床房	大床房，配备舒适大床，温馨静谧，适合休闲度假。	449	13280
5331	标准间	标准间，简洁整洁，设施完备，高性价比之选。	207	13281
5331	大床房	大床房，配备舒适大床，温馨静谧，适合休闲度假。	466	13282
5332	行政套房	行政套房，空间宽敞，配套齐全，尊享舒适入住体验。	863	13283
5332	大床房	大床房，配备舒适大床，温馨静谧，适合休闲度假。	430	13284
5333	标准间	标准间，简洁整洁，设施完备，高性价比之选。	288	13285
5333	大床房	大床房，配备舒适大床，温馨静谧，适合休闲度假。	316	13286
5334	标准间	标准间，简洁整洁，设施完备，高性价比之选。	258	13287
5334	行政套房	行政套房，空间宽敞，配套齐全，尊享舒适入住体验。	639	13288
5335	大床房	大床房，配备舒适大床，温馨静谧，适合休闲度假。	369	13289
5335	行政套房	行政套房，空间宽敞，配套齐全，尊享舒适入住体验。	646	13290
5336	大床房	大床房，配备舒适大床，温馨静谧，适合休闲度假。	367	13291
5336	标准间	标准间，简洁整洁，设施完备，高性价比之选。	205	13292
5336	行政套房	行政套房，空间宽敞，配套齐全，尊享舒适入住体验。	485	13293
5337	标准间	标准间，简洁整洁，设施完备，高性价比之选。	239	13294
5337	行政套房	行政套房，空间宽敞，配套齐全，尊享舒适入住体验。	499	13295
5337	大床房	大床房，配备舒适大床，温馨静谧，适合休闲度假。	421	13296
5338	大床房	大床房，配备舒适大床，温馨静谧，适合休闲度假。	440	13297
5338	标准间	标准间，简洁整洁，设施完备，高性价比之选。	313	13298
5339	标准间	标准间，简洁整洁，设施完备，高性价比之选。	319	13299
5339	行政套房	行政套房，空间宽敞，配套齐全，尊享舒适入住体验。	687	13300
5340	大床房	大床房，配备舒适大床，温馨静谧，适合休闲度假。	369	13301
5340	标准间	标准间，简洁整洁，设施完备，高性价比之选。	275	13302
5341	行政套房	行政套房，空间宽敞，配套齐全，尊享舒适入住体验。	672	13303
5341	大床房	大床房，配备舒适大床，温馨静谧，适合休闲度假。	381	13304
5342	行政套房	行政套房，空间宽敞，配套齐全，尊享舒适入住体验。	539	13305
5342	大床房	大床房，配备舒适大床，温馨静谧，适合休闲度假。	322	13306
5342	标准间	标准间，简洁整洁，设施完备，高性价比之选。	268	13307
5343	行政套房	行政套房，空间宽敞，配套齐全，尊享舒适入住体验。	712	13308
5343	大床房	大床房，配备舒适大床，温馨静谧，适合休闲度假。	344	13309
5343	标准间	标准间，简洁整洁，设施完备，高性价比之选。	251	13310
5344	行政套房	行政套房，空间宽敞，配套齐全，尊享舒适入住体验。	638	13311
5344	大床房	大床房，配备舒适大床，温馨静谧，适合休闲度假。	469	13312
5345	行政套房	行政套房，空间宽敞，配套齐全，尊享舒适入住体验。	796	13313
5345	大床房	大床房，配备舒适大床，温馨静谧，适合休闲度假。	421	13314
5346	行政套房	行政套房，空间宽敞，配套齐全，尊享舒适入住体验。	874	13315
5346	标准间	标准间，简洁整洁，设施完备，高性价比之选。	287	13316
5347	行政套房	行政套房，空间宽敞，配套齐全，尊享舒适入住体验。	674	13317
5347	大床房	大床房，配备舒适大床，温馨静谧，适合休闲度假。	406	13318
5347	标准间	标准间，简洁整洁，设施完备，高性价比之选。	285	13319
5348	行政套房	行政套房，空间宽敞，配套齐全，尊享舒适入住体验。	727	13320
5348	大床房	大床房，配备舒适大床，温馨静谧，适合休闲度假。	316	13321
5348	标准间	标准间，简洁整洁，设施完备，高性价比之选。	317	13322
5349	行政套房	行政套房，空间宽敞，配套齐全，尊享舒适入住体验。	815	13323
5349	标准间	标准间，简洁整洁，设施完备，高性价比之选。	312	13324
5349	大床房	大床房，配备舒适大床，温馨静谧，适合休闲度假。	298	13325
5350	大床房	大床房，配备舒适大床，温馨静谧，适合休闲度假。	406	13326
5350	行政套房	行政套房，空间宽敞，配套齐全，尊享舒适入住体验。	794	13327
5350	标准间	标准间，简洁整洁，设施完备，高性价比之选。	304	13328
5351	大床房	大床房，配备舒适大床，温馨静谧，适合休闲度假。	448	13329
5351	行政套房	行政套房，空间宽敞，配套齐全，尊享舒适入住体验。	518	13330
5351	标准间	标准间，简洁整洁，设施完备，高性价比之选。	228	13331
5352	标准间	标准间，简洁整洁，设施完备，高性价比之选。	233	13332
5352	行政套房	行政套房，空间宽敞，配套齐全，尊享舒适入住体验。	869	13333
5353	标准间	标准间，简洁整洁，设施完备，高性价比之选。	214	13334
5353	行政套房	行政套房，空间宽敞，配套齐全，尊享舒适入住体验。	819	13335
5354	行政套房	行政套房，空间宽敞，配套齐全，尊享舒适入住体验。	571	13336
5354	大床房	大床房，配备舒适大床，温馨静谧，适合休闲度假。	449	13337
5355	大床房	大床房，配备舒适大床，温馨静谧，适合休闲度假。	442	13338
5355	标准间	标准间，简洁整洁，设施完备，高性价比之选。	232	13339
5356	行政套房	行政套房，空间宽敞，配套齐全，尊享舒适入住体验。	482	13340
5356	大床房	大床房，配备舒适大床，温馨静谧，适合休闲度假。	429	13341
5356	标准间	标准间，简洁整洁，设施完备，高性价比之选。	256	13342
5357	标准间	标准间，简洁整洁，设施完备，高性价比之选。	294	13343
5357	行政套房	行政套房，空间宽敞，配套齐全，尊享舒适入住体验。	875	13344
5358	行政套房	行政套房，空间宽敞，配套齐全，尊享舒适入住体验。	715	13345
5358	大床房	大床房，配备舒适大床，温馨静谧，适合休闲度假。	275	13346
5359	行政套房	行政套房，空间宽敞，配套齐全，尊享舒适入住体验。	646	13347
5359	标准间	标准间，简洁整洁，设施完备，高性价比之选。	300	13348
5359	大床房	大床房，配备舒适大床，温馨静谧，适合休闲度假。	393	13349
5360	标准间	标准间，简洁整洁，设施完备，高性价比之选。	206	13350
5360	行政套房	行政套房，空间宽敞，配套齐全，尊享舒适入住体验。	708	13351
5361	大床房	大床房，配备舒适大床，温馨静谧，适合休闲度假。	312	13352
5361	行政套房	行政套房，空间宽敞，配套齐全，尊享舒适入住体验。	725	13353
5361	标准间	标准间，简洁整洁，设施完备，高性价比之选。	201	13354
5362	行政套房	行政套房，空间宽敞，配套齐全，尊享舒适入住体验。	840	13355
5362	大床房	大床房，配备舒适大床，温馨静谧，适合休闲度假。	319	13356
5363	大床房	大床房，配备舒适大床，温馨静谧，适合休闲度假。	370	13357
5363	标准间	标准间，简洁整洁，设施完备，高性价比之选。	308	13358
5363	行政套房	行政套房，空间宽敞，配套齐全，尊享舒适入住体验。	498	13359
5364	行政套房	行政套房，空间宽敞，配套齐全，尊享舒适入住体验。	632	13360
5364	标准间	标准间，简洁整洁，设施完备，高性价比之选。	241	13361
5365	大床房	大床房，配备舒适大床，温馨静谧，适合休闲度假。	440	13362
5365	行政套房	行政套房，空间宽敞，配套齐全，尊享舒适入住体验。	646	13363
5366	大床房	大床房，配备舒适大床，温馨静谧，适合休闲度假。	327	13364
5366	行政套房	行政套房，空间宽敞，配套齐全，尊享舒适入住体验。	580	13365
5366	标准间	标准间，简洁整洁，设施完备，高性价比之选。	213	13366
5367	大床房	大床房，配备舒适大床，温馨静谧，适合休闲度假。	264	13367
5367	标准间	标准间，简洁整洁，设施完备，高性价比之选。	317	13368
5367	行政套房	行政套房，空间宽敞，配套齐全，尊享舒适入住体验。	566	13369
5368	标准间	标准间，简洁整洁，设施完备，高性价比之选。	203	13370
5368	大床房	大床房，配备舒适大床，温馨静谧，适合休闲度假。	325	13371
5369	大床房	大床房，配备舒适大床，温馨静谧，适合休闲度假。	387	13372
5369	标准间	标准间，简洁整洁，设施完备，高性价比之选。	287	13373
5370	标准间	标准间，简洁整洁，设施完备，高性价比之选。	276	13374
5370	大床房	大床房，配备舒适大床，温馨静谧，适合休闲度假。	460	13375
5370	行政套房	行政套房，空间宽敞，配套齐全，尊享舒适入住体验。	511	13376
5371	行政套房	行政套房，空间宽敞，配套齐全，尊享舒适入住体验。	599	13377
5371	标准间	标准间，简洁整洁，设施完备，高性价比之选。	229	13378
5371	大床房	大床房，配备舒适大床，温馨静谧，适合休闲度假。	296	13379
5372	标准间	标准间，简洁整洁，设施完备，高性价比之选。	290	13380
5372	大床房	大床房，配备舒适大床，温馨静谧，适合休闲度假。	360	13381
5372	行政套房	行政套房，空间宽敞，配套齐全，尊享舒适入住体验。	723	13382
5373	行政套房	行政套房，空间宽敞，配套齐全，尊享舒适入住体验。	545	13383
5373	标准间	标准间，简洁整洁，设施完备，高性价比之选。	244	13384
5374	标准间	标准间，简洁整洁，设施完备，高性价比之选。	219	13385
5374	大床房	大床房，配备舒适大床，温馨静谧，适合休闲度假。	352	13386
5374	行政套房	行政套房，空间宽敞，配套齐全，尊享舒适入住体验。	864	13387
5375	标准间	标准间，简洁整洁，设施完备，高性价比之选。	235	13388
5375	大床房	大床房，配备舒适大床，温馨静谧，适合休闲度假。	297	13389
5375	行政套房	行政套房，空间宽敞，配套齐全，尊享舒适入住体验。	644	13390
5376	标准间	标准间，简洁整洁，设施完备，高性价比之选。	311	13391
5376	行政套房	行政套房，空间宽敞，配套齐全，尊享舒适入住体验。	501	13392
5377	大床房	大床房，配备舒适大床，温馨静谧，适合休闲度假。	389	13393
5377	行政套房	行政套房，空间宽敞，配套齐全，尊享舒适入住体验。	754	13394
5378	大床房	大床房，配备舒适大床，温馨静谧，适合休闲度假。	478	13395
5378	行政套房	行政套房，空间宽敞，配套齐全，尊享舒适入住体验。	805	13396
5378	标准间	标准间，简洁整洁，设施完备，高性价比之选。	186	13397
5379	大床房	大床房，配备舒适大床，温馨静谧，适合休闲度假。	369	13398
5379	行政套房	行政套房，空间宽敞，配套齐全，尊享舒适入住体验。	619	13399
5379	标准间	标准间，简洁整洁，设施完备，高性价比之选。	266	13400
5380	大床房	大床房，配备舒适大床，温馨静谧，适合休闲度假。	332	13401
5380	标准间	标准间，简洁整洁，设施完备，高性价比之选。	224	13402
5380	行政套房	行政套房，空间宽敞，配套齐全，尊享舒适入住体验。	779	13403
5381	大床房	大床房，配备舒适大床，温馨静谧，适合休闲度假。	469	13404
5381	标准间	标准间，简洁整洁，设施完备，高性价比之选。	292	13405
5381	行政套房	行政套房，空间宽敞，配套齐全，尊享舒适入住体验。	526	13406
5382	大床房	大床房，配备舒适大床，温馨静谧，适合休闲度假。	358	13407
5382	行政套房	行政套房，空间宽敞，配套齐全，尊享舒适入住体验。	626	13408
5383	标准间	标准间，简洁整洁，设施完备，高性价比之选。	290	13409
5383	大床房	大床房，配备舒适大床，温馨静谧，适合休闲度假。	300	13410
5384	标准间	标准间，简洁整洁，设施完备，高性价比之选。	314	13411
5384	大床房	大床房，配备舒适大床，温馨静谧，适合休闲度假。	411	13412
5385	大床房	大床房，配备舒适大床，温馨静谧，适合休闲度假。	336	13413
5385	行政套房	行政套房，空间宽敞，配套齐全，尊享舒适入住体验。	723	13414
5385	标准间	标准间，简洁整洁，设施完备，高性价比之选。	281	13415
5386	大床房	大床房，配备舒适大床，温馨静谧，适合休闲度假。	347	13416
5386	标准间	标准间，简洁整洁，设施完备，高性价比之选。	260	13417
5387	行政套房	行政套房，空间宽敞，配套齐全，尊享舒适入住体验。	816	13418
5387	大床房	大床房，配备舒适大床，温馨静谧，适合休闲度假。	419	13419
5387	标准间	标准间，简洁整洁，设施完备，高性价比之选。	318	13420
5388	标准间	标准间，简洁整洁，设施完备，高性价比之选。	230	13421
5388	行政套房	行政套房，空间宽敞，配套齐全，尊享舒适入住体验。	484	13422
5389	标准间	标准间，简洁整洁，设施完备，高性价比之选。	260	13423
5389	大床房	大床房，配备舒适大床，温馨静谧，适合休闲度假。	359	13424
5390	标准间	标准间，简洁整洁，设施完备，高性价比之选。	216	13425
5390	大床房	大床房，配备舒适大床，温馨静谧，适合休闲度假。	300	13426
5391	大床房	大床房，配备舒适大床，温馨静谧，适合休闲度假。	433	13427
5391	行政套房	行政套房，空间宽敞，配套齐全，尊享舒适入住体验。	805	13428
5391	标准间	标准间，简洁整洁，设施完备，高性价比之选。	231	13429
5392	大床房	大床房，配备舒适大床，温馨静谧，适合休闲度假。	304	13430
5392	标准间	标准间，简洁整洁，设施完备，高性价比之选。	230	13431
5393	行政套房	行政套房，空间宽敞，配套齐全，尊享舒适入住体验。	661	13432
5393	大床房	大床房，配备舒适大床，温馨静谧，适合休闲度假。	298	13433
5393	标准间	标准间，简洁整洁，设施完备，高性价比之选。	242	13434
5394	标准间	标准间，简洁整洁，设施完备，高性价比之选。	312	13435
5394	大床房	大床房，配备舒适大床，温馨静谧，适合休闲度假。	444	13436
5395	行政套房	行政套房，空间宽敞，配套齐全，尊享舒适入住体验。	842	13437
5395	大床房	大床房，配备舒适大床，温馨静谧，适合休闲度假。	343	13438
5396	大床房	大床房，配备舒适大床，温馨静谧，适合休闲度假。	318	13439
5396	标准间	标准间，简洁整洁，设施完备，高性价比之选。	231	13440
5396	行政套房	行政套房，空间宽敞，配套齐全，尊享舒适入住体验。	710	13441
5397	大床房	大床房，配备舒适大床，温馨静谧，适合休闲度假。	457	13442
5397	标准间	标准间，简洁整洁，设施完备，高性价比之选。	278	13443
5397	行政套房	行政套房，空间宽敞，配套齐全，尊享舒适入住体验。	587	13444
5398	标准间	标准间，简洁整洁，设施完备，高性价比之选。	189	13445
5398	行政套房	行政套房，空间宽敞，配套齐全，尊享舒适入住体验。	547	13446
5399	行政套房	行政套房，空间宽敞，配套齐全，尊享舒适入住体验。	481	13447
5399	标准间	标准间，简洁整洁，设施完备，高性价比之选。	271	13448
5400	行政套房	行政套房，空间宽敞，配套齐全，尊享舒适入住体验。	611	13449
5400	标准间	标准间，简洁整洁，设施完备，高性价比之选。	197	13450
5400	大床房	大床房，配备舒适大床，温馨静谧，适合休闲度假。	425	13451
5401	行政套房	行政套房，空间宽敞，配套齐全，尊享舒适入住体验。	558	13452
5401	大床房	大床房，配备舒适大床，温馨静谧，适合休闲度假。	468	13453
5402	标准间	标准间，简洁整洁，设施完备，高性价比之选。	214	13454
5402	大床房	大床房，配备舒适大床，温馨静谧，适合休闲度假。	272	13455
5403	行政套房	行政套房，空间宽敞，配套齐全，尊享舒适入住体验。	544	13456
5403	标准间	标准间，简洁整洁，设施完备，高性价比之选。	299	13457
5403	大床房	大床房，配备舒适大床，温馨静谧，适合休闲度假。	361	13458
5404	大床房	大床房，配备舒适大床，温馨静谧，适合休闲度假。	368	13459
5404	行政套房	行政套房，空间宽敞，配套齐全，尊享舒适入住体验。	513	13460
5405	行政套房	行政套房，空间宽敞，配套齐全，尊享舒适入住体验。	668	13461
5405	大床房	大床房，配备舒适大床，温馨静谧，适合休闲度假。	380	13462
5405	标准间	标准间，简洁整洁，设施完备，高性价比之选。	314	13463
5406	标准间	标准间，简洁整洁，设施完备，高性价比之选。	255	13464
5406	大床房	大床房，配备舒适大床，温馨静谧，适合休闲度假。	412	13465
5407	行政套房	行政套房，空间宽敞，配套齐全，尊享舒适入住体验。	496	13466
5407	标准间	标准间，简洁整洁，设施完备，高性价比之选。	267	13467
5407	大床房	大床房，配备舒适大床，温馨静谧，适合休闲度假。	412	13468
5408	大床房	大床房，配备舒适大床，温馨静谧，适合休闲度假。	348	13469
5408	行政套房	行政套房，空间宽敞，配套齐全，尊享舒适入住体验。	586	13470
5409	行政套房	行政套房，空间宽敞，配套齐全，尊享舒适入住体验。	813	13471
5409	大床房	大床房，配备舒适大床，温馨静谧，适合休闲度假。	360	13472
5410	行政套房	行政套房，空间宽敞，配套齐全，尊享舒适入住体验。	694	13473
5410	标准间	标准间，简洁整洁，设施完备，高性价比之选。	225	13474
5410	大床房	大床房，配备舒适大床，温馨静谧，适合休闲度假。	295	13475
5411	标准间	标准间，简洁整洁，设施完备，高性价比之选。	220	13476
5411	大床房	大床房，配备舒适大床，温馨静谧，适合休闲度假。	316	13477
5411	行政套房	行政套房，空间宽敞，配套齐全，尊享舒适入住体验。	740	13478
5412	大床房	大床房，配备舒适大床，温馨静谧，适合休闲度假。	308	13479
5412	行政套房	行政套房，空间宽敞，配套齐全，尊享舒适入住体验。	678	13480
5412	标准间	标准间，简洁整洁，设施完备，高性价比之选。	314	13481
5413	大床房	大床房，配备舒适大床，温馨静谧，适合休闲度假。	343	13482
5413	行政套房	行政套房，空间宽敞，配套齐全，尊享舒适入住体验。	662	13483
5414	大床房	大床房，配备舒适大床，温馨静谧，适合休闲度假。	443	13484
5414	行政套房	行政套房，空间宽敞，配套齐全，尊享舒适入住体验。	558	13485
5415	标准间	标准间，简洁整洁，设施完备，高性价比之选。	319	13486
5415	行政套房	行政套房，空间宽敞，配套齐全，尊享舒适入住体验。	876	13487
5415	大床房	大床房，配备舒适大床，温馨静谧，适合休闲度假。	391	13488
5416	行政套房	行政套房，空间宽敞，配套齐全，尊享舒适入住体验。	763	13489
5416	大床房	大床房，配备舒适大床，温馨静谧，适合休闲度假。	435	13490
5417	行政套房	行政套房，空间宽敞，配套齐全，尊享舒适入住体验。	537	13491
5417	大床房	大床房，配备舒适大床，温馨静谧，适合休闲度假。	267	13492
5417	标准间	标准间，简洁整洁，设施完备，高性价比之选。	279	13493
5418	行政套房	行政套房，空间宽敞，配套齐全，尊享舒适入住体验。	597	13494
5418	标准间	标准间，简洁整洁，设施完备，高性价比之选。	270	13495
5419	大床房	大床房，配备舒适大床，温馨静谧，适合休闲度假。	361	13496
5419	行政套房	行政套房，空间宽敞，配套齐全，尊享舒适入住体验。	545	13497
5419	标准间	标准间，简洁整洁，设施完备，高性价比之选。	263	13498
5420	行政套房	行政套房，空间宽敞，配套齐全，尊享舒适入住体验。	789	13499
5420	大床房	大床房，配备舒适大床，温馨静谧，适合休闲度假。	469	13500
5420	标准间	标准间，简洁整洁，设施完备，高性价比之选。	248	13501
5421	标准间	标准间，简洁整洁，设施完备，高性价比之选。	203	13502
5421	行政套房	行政套房，空间宽敞，配套齐全，尊享舒适入住体验。	814	13503
5422	行政套房	行政套房，空间宽敞，配套齐全，尊享舒适入住体验。	696	13504
5422	大床房	大床房，配备舒适大床，温馨静谧，适合休闲度假。	276	13505
5423	行政套房	行政套房，空间宽敞，配套齐全，尊享舒适入住体验。	504	13506
5423	标准间	标准间，简洁整洁，设施完备，高性价比之选。	281	13507
5423	大床房	大床房，配备舒适大床，温馨静谧，适合休闲度假。	345	13508
5424	行政套房	行政套房，空间宽敞，配套齐全，尊享舒适入住体验。	842	13509
5424	大床房	大床房，配备舒适大床，温馨静谧，适合休闲度假。	286	13510
5425	行政套房	行政套房，空间宽敞，配套齐全，尊享舒适入住体验。	811	13511
5425	大床房	大床房，配备舒适大床，温馨静谧，适合休闲度假。	435	13512
5425	标准间	标准间，简洁整洁，设施完备，高性价比之选。	232	13513
5426	行政套房	行政套房，空间宽敞，配套齐全，尊享舒适入住体验。	662	13514
5426	大床房	大床房，配备舒适大床，温馨静谧，适合休闲度假。	323	13515
5427	大床房	大床房，配备舒适大床，温馨静谧，适合休闲度假。	318	13516
5427	标准间	标准间，简洁整洁，设施完备，高性价比之选。	216	13517
5428	大床房	大床房，配备舒适大床，温馨静谧，适合休闲度假。	425	13518
5428	行政套房	行政套房，空间宽敞，配套齐全，尊享舒适入住体验。	596	13519
5429	行政套房	行政套房，空间宽敞，配套齐全，尊享舒适入住体验。	867	13520
5429	标准间	标准间，简洁整洁，设施完备，高性价比之选。	204	13521
5430	大床房	大床房，配备舒适大床，温馨静谧，适合休闲度假。	344	13522
5430	标准间	标准间，简洁整洁，设施完备，高性价比之选。	244	13523
5430	行政套房	行政套房，空间宽敞，配套齐全，尊享舒适入住体验。	726	13524
5431	行政套房	行政套房，空间宽敞，配套齐全，尊享舒适入住体验。	650	13525
5431	标准间	标准间，简洁整洁，设施完备，高性价比之选。	285	13526
5432	行政套房	行政套房，空间宽敞，配套齐全，尊享舒适入住体验。	728	13527
5432	大床房	大床房，配备舒适大床，温馨静谧，适合休闲度假。	329	13528
5433	标准间	标准间，简洁整洁，设施完备，高性价比之选。	291	13529
5433	大床房	大床房，配备舒适大床，温馨静谧，适合休闲度假。	426	13530
5434	大床房	大床房，配备舒适大床，温馨静谧，适合休闲度假。	335	13531
5434	行政套房	行政套房，空间宽敞，配套齐全，尊享舒适入住体验。	706	13532
5434	标准间	标准间，简洁整洁，设施完备，高性价比之选。	290	13533
5435	大床房	大床房，配备舒适大床，温馨静谧，适合休闲度假。	409	13534
5435	行政套房	行政套房，空间宽敞，配套齐全，尊享舒适入住体验。	668	13535
5436	大床房	大床房，配备舒适大床，温馨静谧，适合休闲度假。	314	13536
5436	行政套房	行政套房，空间宽敞，配套齐全，尊享舒适入住体验。	662	13537
5436	标准间	标准间，简洁整洁，设施完备，高性价比之选。	215	13538
5437	行政套房	行政套房，空间宽敞，配套齐全，尊享舒适入住体验。	801	13539
5437	大床房	大床房，配备舒适大床，温馨静谧，适合休闲度假。	328	13540
5438	大床房	大床房，配备舒适大床，温馨静谧，适合休闲度假。	418	13541
5438	标准间	标准间，简洁整洁，设施完备，高性价比之选。	296	13542
5438	行政套房	行政套房，空间宽敞，配套齐全，尊享舒适入住体验。	798	13543
5439	行政套房	行政套房，空间宽敞，配套齐全，尊享舒适入住体验。	743	13544
5439	大床房	大床房，配备舒适大床，温馨静谧，适合休闲度假。	435	13545
5440	行政套房	行政套房，空间宽敞，配套齐全，尊享舒适入住体验。	711	13546
5440	标准间	标准间，简洁整洁，设施完备，高性价比之选。	281	13547
5441	大床房	大床房，配备舒适大床，温馨静谧，适合休闲度假。	264	13548
5441	行政套房	行政套房，空间宽敞，配套齐全，尊享舒适入住体验。	577	13549
5441	标准间	标准间，简洁整洁，设施完备，高性价比之选。	225	13550
5442	大床房	大床房，配备舒适大床，温馨静谧，适合休闲度假。	430	13551
5442	标准间	标准间，简洁整洁，设施完备，高性价比之选。	301	13552
5442	行政套房	行政套房，空间宽敞，配套齐全，尊享舒适入住体验。	813	13553
5443	行政套房	行政套房，空间宽敞，配套齐全，尊享舒适入住体验。	580	13554
5443	大床房	大床房，配备舒适大床，温馨静谧，适合休闲度假。	341	13555
5443	标准间	标准间，简洁整洁，设施完备，高性价比之选。	206	13556
5444	标准间	标准间，简洁整洁，设施完备，高性价比之选。	203	13557
5444	行政套房	行政套房，空间宽敞，配套齐全，尊享舒适入住体验。	590	13558
5445	标准间	标准间，简洁整洁，设施完备，高性价比之选。	278	13559
5445	大床房	大床房，配备舒适大床，温馨静谧，适合休闲度假。	456	13560
5445	行政套房	行政套房，空间宽敞，配套齐全，尊享舒适入住体验。	621	13561
5446	大床房	大床房，配备舒适大床，温馨静谧，适合休闲度假。	293	13562
5446	行政套房	行政套房，空间宽敞，配套齐全，尊享舒适入住体验。	787	13563
5446	标准间	标准间，简洁整洁，设施完备，高性价比之选。	221	13564
5447	大床房	大床房，配备舒适大床，温馨静谧，适合休闲度假。	299	13565
5447	行政套房	行政套房，空间宽敞，配套齐全，尊享舒适入住体验。	856	13566
5447	标准间	标准间，简洁整洁，设施完备，高性价比之选。	251	13567
5448	大床房	大床房，配备舒适大床，温馨静谧，适合休闲度假。	373	13568
5448	标准间	标准间，简洁整洁，设施完备，高性价比之选。	228	13569
5448	行政套房	行政套房，空间宽敞，配套齐全，尊享舒适入住体验。	595	13570
5449	行政套房	行政套房，空间宽敞，配套齐全，尊享舒适入住体验。	532	13571
5449	大床房	大床房，配备舒适大床，温馨静谧，适合休闲度假。	442	13572
5449	标准间	标准间，简洁整洁，设施完备，高性价比之选。	262	13573
5450	标准间	标准间，简洁整洁，设施完备，高性价比之选。	184	13574
5450	行政套房	行政套房，空间宽敞，配套齐全，尊享舒适入住体验。	574	13575
5451	行政套房	行政套房，空间宽敞，配套齐全，尊享舒适入住体验。	861	13576
5451	标准间	标准间，简洁整洁，设施完备，高性价比之选。	184	13577
5451	大床房	大床房，配备舒适大床，温馨静谧，适合休闲度假。	458	13578
5452	行政套房	行政套房，空间宽敞，配套齐全，尊享舒适入住体验。	738	13579
5452	大床房	大床房，配备舒适大床，温馨静谧，适合休闲度假。	414	13580
5453	大床房	大床房，配备舒适大床，温馨静谧，适合休闲度假。	329	13581
5453	标准间	标准间，简洁整洁，设施完备，高性价比之选。	218	13582
5453	行政套房	行政套房，空间宽敞，配套齐全，尊享舒适入住体验。	646	13583
5454	标准间	标准间，简洁整洁，设施完备，高性价比之选。	221	13584
5454	大床房	大床房，配备舒适大床，温馨静谧，适合休闲度假。	459	13585
5454	行政套房	行政套房，空间宽敞，配套齐全，尊享舒适入住体验。	554	13586
5455	标准间	标准间，简洁整洁，设施完备，高性价比之选。	287	13587
5455	大床房	大床房，配备舒适大床，温馨静谧，适合休闲度假。	299	13588
5455	行政套房	行政套房，空间宽敞，配套齐全，尊享舒适入住体验。	568	13589
5456	大床房	大床房，配备舒适大床，温馨静谧，适合休闲度假。	452	13590
5456	标准间	标准间，简洁整洁，设施完备，高性价比之选。	215	13591
5456	行政套房	行政套房，空间宽敞，配套齐全，尊享舒适入住体验。	705	13592
5457	标准间	标准间，简洁整洁，设施完备，高性价比之选。	259	13593
5457	大床房	大床房，配备舒适大床，温馨静谧，适合休闲度假。	330	13594
5458	行政套房	行政套房，空间宽敞，配套齐全，尊享舒适入住体验。	488	13595
5458	大床房	大床房，配备舒适大床，温馨静谧，适合休闲度假。	466	13596
5459	大床房	大床房，配备舒适大床，温馨静谧，适合休闲度假。	456	13597
5459	标准间	标准间，简洁整洁，设施完备，高性价比之选。	294	13598
5459	行政套房	行政套房，空间宽敞，配套齐全，尊享舒适入住体验。	738	13599
5460	标准间	标准间，简洁整洁，设施完备，高性价比之选。	183	13600
5460	行政套房	行政套房，空间宽敞，配套齐全，尊享舒适入住体验。	529	13601
5460	大床房	大床房，配备舒适大床，温馨静谧，适合休闲度假。	279	13602
5461	行政套房	行政套房，空间宽敞，配套齐全，尊享舒适入住体验。	584	13603
5461	大床房	大床房，配备舒适大床，温馨静谧，适合休闲度假。	387	13604
5461	标准间	标准间，简洁整洁，设施完备，高性价比之选。	185	13605
5462	标准间	标准间，简洁整洁，设施完备，高性价比之选。	261	13606
5462	行政套房	行政套房，空间宽敞，配套齐全，尊享舒适入住体验。	696	13607
5463	标准间	标准间，简洁整洁，设施完备，高性价比之选。	264	13608
5463	行政套房	行政套房，空间宽敞，配套齐全，尊享舒适入住体验。	622	13609
5464	标准间	标准间，简洁整洁，设施完备，高性价比之选。	209	13610
5464	大床房	大床房，配备舒适大床，温馨静谧，适合休闲度假。	328	13611
5465	行政套房	行政套房，空间宽敞，配套齐全，尊享舒适入住体验。	677	13612
5465	标准间	标准间，简洁整洁，设施完备，高性价比之选。	182	13613
5465	大床房	大床房，配备舒适大床，温馨静谧，适合休闲度假。	306	13614
5466	标准间	标准间，简洁整洁，设施完备，高性价比之选。	314	13615
5466	行政套房	行政套房，空间宽敞，配套齐全，尊享舒适入住体验。	483	13616
5466	大床房	大床房，配备舒适大床，温馨静谧，适合休闲度假。	423	13617
5467	大床房	大床房，配备舒适大床，温馨静谧，适合休闲度假。	340	13618
5467	行政套房	行政套房，空间宽敞，配套齐全，尊享舒适入住体验。	805	13619
5468	大床房	大床房，配备舒适大床，温馨静谧，适合休闲度假。	330	13620
5468	标准间	标准间，简洁整洁，设施完备，高性价比之选。	314	13621
5469	标准间	标准间，简洁整洁，设施完备，高性价比之选。	319	13622
5469	大床房	大床房，配备舒适大床，温馨静谧，适合休闲度假。	284	13623
5469	行政套房	行政套房，空间宽敞，配套齐全，尊享舒适入住体验。	811	13624
5470	行政套房	行政套房，空间宽敞，配套齐全，尊享舒适入住体验。	580	13625
5470	标准间	标准间，简洁整洁，设施完备，高性价比之选。	245	13626
5470	大床房	大床房，配备舒适大床，温馨静谧，适合休闲度假。	260	13627
5471	标准间	标准间，简洁整洁，设施完备，高性价比之选。	257	13628
5471	大床房	大床房，配备舒适大床，温馨静谧，适合休闲度假。	463	13629
5471	行政套房	行政套房，空间宽敞，配套齐全，尊享舒适入住体验。	676	13630
5472	行政套房	行政套房，空间宽敞，配套齐全，尊享舒适入住体验。	681	13631
5472	大床房	大床房，配备舒适大床，温馨静谧，适合休闲度假。	374	13632
5472	标准间	标准间，简洁整洁，设施完备，高性价比之选。	256	13633
5473	大床房	大床房，配备舒适大床，温馨静谧，适合休闲度假。	459	13634
5473	标准间	标准间，简洁整洁，设施完备，高性价比之选。	215	13635
5473	行政套房	行政套房，空间宽敞，配套齐全，尊享舒适入住体验。	535	13636
5474	标准间	标准间，简洁整洁，设施完备，高性价比之选。	261	13637
5474	大床房	大床房，配备舒适大床，温馨静谧，适合休闲度假。	292	13638
5474	行政套房	行政套房，空间宽敞，配套齐全，尊享舒适入住体验。	680	13639
5475	标准间	标准间，简洁整洁，设施完备，高性价比之选。	246	13640
5475	行政套房	行政套房，空间宽敞，配套齐全，尊享舒适入住体验。	509	13641
5476	大床房	大床房，配备舒适大床，温馨静谧，适合休闲度假。	424	13642
5476	行政套房	行政套房，空间宽敞，配套齐全，尊享舒适入住体验。	677	13643
5476	标准间	标准间，简洁整洁，设施完备，高性价比之选。	255	13644
5477	标准间	标准间，简洁整洁，设施完备，高性价比之选。	267	13645
5477	行政套房	行政套房，空间宽敞，配套齐全，尊享舒适入住体验。	492	13646
5477	大床房	大床房，配备舒适大床，温馨静谧，适合休闲度假。	270	13647
5478	行政套房	行政套房，空间宽敞，配套齐全，尊享舒适入住体验。	820	13648
5478	标准间	标准间，简洁整洁，设施完备，高性价比之选。	237	13649
5479	行政套房	行政套房，空间宽敞，配套齐全，尊享舒适入住体验。	545	13650
5479	标准间	标准间，简洁整洁，设施完备，高性价比之选。	251	13651
5479	大床房	大床房，配备舒适大床，温馨静谧，适合休闲度假。	471	13652
5480	标准间	标准间，简洁整洁，设施完备，高性价比之选。	263	13653
5480	行政套房	行政套房，空间宽敞，配套齐全，尊享舒适入住体验。	671	13654
5481	标准间	标准间，简洁整洁，设施完备，高性价比之选。	221	13655
5481	行政套房	行政套房，空间宽敞，配套齐全，尊享舒适入住体验。	646	13656
5482	大床房	大床房，配备舒适大床，温馨静谧，适合休闲度假。	265	13657
5482	标准间	标准间，简洁整洁，设施完备，高性价比之选。	253	13658
5482	行政套房	行政套房，空间宽敞，配套齐全，尊享舒适入住体验。	559	13659
5483	标准间	标准间，简洁整洁，设施完备，高性价比之选。	199	13660
5483	行政套房	行政套房，空间宽敞，配套齐全，尊享舒适入住体验。	807	13661
5483	大床房	大床房，配备舒适大床，温馨静谧，适合休闲度假。	297	13662
5484	行政套房	行政套房，空间宽敞，配套齐全，尊享舒适入住体验。	859	13663
5484	大床房	大床房，配备舒适大床，温馨静谧，适合休闲度假。	270	13664
5484	标准间	标准间，简洁整洁，设施完备，高性价比之选。	240	13665
5485	标准间	标准间，简洁整洁，设施完备，高性价比之选。	306	13666
5485	大床房	大床房，配备舒适大床，温馨静谧，适合休闲度假。	446	13667
5486	行政套房	行政套房，空间宽敞，配套齐全，尊享舒适入住体验。	859	13668
5486	大床房	大床房，配备舒适大床，温馨静谧，适合休闲度假。	407	13669
5487	标准间	标准间，简洁整洁，设施完备，高性价比之选。	270	13670
5487	行政套房	行政套房，空间宽敞，配套齐全，尊享舒适入住体验。	741	13671
5487	大床房	大床房，配备舒适大床，温馨静谧，适合休闲度假。	265	13672
5488	标准间	标准间，简洁整洁，设施完备，高性价比之选。	284	13673
5488	大床房	大床房，配备舒适大床，温馨静谧，适合休闲度假。	414	13674
5488	行政套房	行政套房，空间宽敞，配套齐全，尊享舒适入住体验。	516	13675
5489	大床房	大床房，配备舒适大床，温馨静谧，适合休闲度假。	282	13676
5489	标准间	标准间，简洁整洁，设施完备，高性价比之选。	253	13677
5490	行政套房	行政套房，空间宽敞，配套齐全，尊享舒适入住体验。	782	13678
5490	大床房	大床房，配备舒适大床，温馨静谧，适合休闲度假。	300	13679
5490	标准间	标准间，简洁整洁，设施完备，高性价比之选。	315	13680
5491	大床房	大床房，配备舒适大床，温馨静谧，适合休闲度假。	396	13681
5491	标准间	标准间，简洁整洁，设施完备，高性价比之选。	233	13682
5492	大床房	大床房，配备舒适大床，温馨静谧，适合休闲度假。	301	13683
5492	标准间	标准间，简洁整洁，设施完备，高性价比之选。	200	13684
5493	行政套房	行政套房，空间宽敞，配套齐全，尊享舒适入住体验。	808	13685
5493	标准间	标准间，简洁整洁，设施完备，高性价比之选。	268	13686
5493	大床房	大床房，配备舒适大床，温馨静谧，适合休闲度假。	459	13687
5494	大床房	大床房，配备舒适大床，温馨静谧，适合休闲度假。	368	13688
5494	标准间	标准间，简洁整洁，设施完备，高性价比之选。	312	13689
5495	行政套房	行政套房，空间宽敞，配套齐全，尊享舒适入住体验。	556	13690
5495	大床房	大床房，配备舒适大床，温馨静谧，适合休闲度假。	339	13691
5496	大床房	大床房，配备舒适大床，温馨静谧，适合休闲度假。	304	13692
5496	标准间	标准间，简洁整洁，设施完备，高性价比之选。	233	13693
5496	行政套房	行政套房，空间宽敞，配套齐全，尊享舒适入住体验。	562	13694
5497	行政套房	行政套房，空间宽敞，配套齐全，尊享舒适入住体验。	583	13695
5497	大床房	大床房，配备舒适大床，温馨静谧，适合休闲度假。	322	13696
5497	标准间	标准间，简洁整洁，设施完备，高性价比之选。	245	13697
5498	大床房	大床房，配备舒适大床，温馨静谧，适合休闲度假。	404	13698
5498	行政套房	行政套房，空间宽敞，配套齐全，尊享舒适入住体验。	543	13699
5499	标准间	标准间，简洁整洁，设施完备，高性价比之选。	242	13700
5499	行政套房	行政套房，空间宽敞，配套齐全，尊享舒适入住体验。	666	13701
5500	标准间	标准间，简洁整洁，设施完备，高性价比之选。	267	13702
5500	大床房	大床房，配备舒适大床，温馨静谧，适合休闲度假。	473	13703
5500	行政套房	行政套房，空间宽敞，配套齐全，尊享舒适入住体验。	842	13704
5501	行政套房	行政套房，空间宽敞，配套齐全，尊享舒适入住体验。	570	13705
5501	标准间	标准间，简洁整洁，设施完备，高性价比之选。	206	13706
5502	行政套房	行政套房，空间宽敞，配套齐全，尊享舒适入住体验。	693	13707
5502	标准间	标准间，简洁整洁，设施完备，高性价比之选。	296	13708
5503	行政套房	行政套房，空间宽敞，配套齐全，尊享舒适入住体验。	836	13709
5503	标准间	标准间，简洁整洁，设施完备，高性价比之选。	215	13710
5504	标准间	标准间，简洁整洁，设施完备，高性价比之选。	292	13711
5504	行政套房	行政套房，空间宽敞，配套齐全，尊享舒适入住体验。	490	13712
5505	大床房	大床房，配备舒适大床，温馨静谧，适合休闲度假。	443	13713
5505	行政套房	行政套房，空间宽敞，配套齐全，尊享舒适入住体验。	564	13714
5506	大床房	大床房，配备舒适大床，温馨静谧，适合休闲度假。	346	13715
5506	标准间	标准间，简洁整洁，设施完备，高性价比之选。	250	13716
5506	行政套房	行政套房，空间宽敞，配套齐全，尊享舒适入住体验。	799	13717
5507	标准间	标准间，简洁整洁，设施完备，高性价比之选。	269	13718
5507	大床房	大床房，配备舒适大床，温馨静谧，适合休闲度假。	416	13719
5507	行政套房	行政套房，空间宽敞，配套齐全，尊享舒适入住体验。	849	13720
5508	行政套房	行政套房，空间宽敞，配套齐全，尊享舒适入住体验。	586	13721
5508	标准间	标准间，简洁整洁，设施完备，高性价比之选。	191	13722
5508	大床房	大床房，配备舒适大床，温馨静谧，适合休闲度假。	437	13723
5509	标准间	标准间，简洁整洁，设施完备，高性价比之选。	236	13724
5509	大床房	大床房，配备舒适大床，温馨静谧，适合休闲度假。	380	13725
5509	行政套房	行政套房，空间宽敞，配套齐全，尊享舒适入住体验。	647	13726
5510	行政套房	行政套房，空间宽敞，配套齐全，尊享舒适入住体验。	690	13727
5510	大床房	大床房，配备舒适大床，温馨静谧，适合休闲度假。	351	13728
5510	标准间	标准间，简洁整洁，设施完备，高性价比之选。	225	13729
5511	标准间	标准间，简洁整洁，设施完备，高性价比之选。	204	13730
5511	大床房	大床房，配备舒适大床，温馨静谧，适合休闲度假。	422	13731
5512	行政套房	行政套房，空间宽敞，配套齐全，尊享舒适入住体验。	655	13732
5512	大床房	大床房，配备舒适大床，温馨静谧，适合休闲度假。	380	13733
5513	大床房	大床房，配备舒适大床，温馨静谧，适合休闲度假。	438	13734
5513	行政套房	行政套房，空间宽敞，配套齐全，尊享舒适入住体验。	639	13735
5513	标准间	标准间，简洁整洁，设施完备，高性价比之选。	221	13736
5514	行政套房	行政套房，空间宽敞，配套齐全，尊享舒适入住体验。	558	13737
5514	标准间	标准间，简洁整洁，设施完备，高性价比之选。	197	13738
5515	行政套房	行政套房，空间宽敞，配套齐全，尊享舒适入住体验。	726	13739
5515	标准间	标准间，简洁整洁，设施完备，高性价比之选。	309	13740
5516	行政套房	行政套房，空间宽敞，配套齐全，尊享舒适入住体验。	790	13741
5516	标准间	标准间，简洁整洁，设施完备，高性价比之选。	217	13742
5517	大床房	大床房，配备舒适大床，温馨静谧，适合休闲度假。	361	13743
5517	标准间	标准间，简洁整洁，设施完备，高性价比之选。	285	13744
5518	标准间	标准间，简洁整洁，设施完备，高性价比之选。	260	13745
5518	行政套房	行政套房，空间宽敞，配套齐全，尊享舒适入住体验。	546	13746
5519	行政套房	行政套房，空间宽敞，配套齐全，尊享舒适入住体验。	781	13747
5519	大床房	大床房，配备舒适大床，温馨静谧，适合休闲度假。	473	13748
5519	标准间	标准间，简洁整洁，设施完备，高性价比之选。	220	13749
5520	标准间	标准间，简洁整洁，设施完备，高性价比之选。	299	13750
5520	行政套房	行政套房，空间宽敞，配套齐全，尊享舒适入住体验。	870	13751
5521	行政套房	行政套房，空间宽敞，配套齐全，尊享舒适入住体验。	824	13752
5521	标准间	标准间，简洁整洁，设施完备，高性价比之选。	319	13753
5521	大床房	大床房，配备舒适大床，温馨静谧，适合休闲度假。	430	13754
5522	行政套房	行政套房，空间宽敞，配套齐全，尊享舒适入住体验。	864	13755
5522	标准间	标准间，简洁整洁，设施完备，高性价比之选。	194	13756
5522	大床房	大床房，配备舒适大床，温馨静谧，适合休闲度假。	424	13757
5523	标准间	标准间，简洁整洁，设施完备，高性价比之选。	190	13758
5523	大床房	大床房，配备舒适大床，温馨静谧，适合休闲度假。	403	13759
5523	行政套房	行政套房，空间宽敞，配套齐全，尊享舒适入住体验。	572	13760
5524	标准间	标准间，简洁整洁，设施完备，高性价比之选。	291	13761
5524	大床房	大床房，配备舒适大床，温馨静谧，适合休闲度假。	406	13762
5524	行政套房	行政套房，空间宽敞，配套齐全，尊享舒适入住体验。	748	13763
5525	行政套房	行政套房，空间宽敞，配套齐全，尊享舒适入住体验。	826	13764
5525	标准间	标准间，简洁整洁，设施完备，高性价比之选。	202	13765
5526	标准间	标准间，简洁整洁，设施完备，高性价比之选。	191	13766
5526	行政套房	行政套房，空间宽敞，配套齐全，尊享舒适入住体验。	558	13767
5526	大床房	大床房，配备舒适大床，温馨静谧，适合休闲度假。	270	13768
5527	大床房	大床房，配备舒适大床，温馨静谧，适合休闲度假。	472	13769
5527	行政套房	行政套房，空间宽敞，配套齐全，尊享舒适入住体验。	491	13770
5528	标准间	标准间，简洁整洁，设施完备，高性价比之选。	191	13771
5528	大床房	大床房，配备舒适大床，温馨静谧，适合休闲度假。	361	13772
5529	大床房	大床房，配备舒适大床，温馨静谧，适合休闲度假。	436	13773
5529	标准间	标准间，简洁整洁，设施完备，高性价比之选。	292	13774
5530	行政套房	行政套房，空间宽敞，配套齐全，尊享舒适入住体验。	823	13775
5530	大床房	大床房，配备舒适大床，温馨静谧，适合休闲度假。	380	13776
5531	标准间	标准间，简洁整洁，设施完备，高性价比之选。	314	13777
5531	大床房	大床房，配备舒适大床，温馨静谧，适合休闲度假。	370	13778
5532	大床房	大床房，配备舒适大床，温馨静谧，适合休闲度假。	453	13779
5532	标准间	标准间，简洁整洁，设施完备，高性价比之选。	282	13780
5533	标准间	标准间，简洁整洁，设施完备，高性价比之选。	260	13781
5533	大床房	大床房，配备舒适大床，温馨静谧，适合休闲度假。	310	13782
5534	大床房	大床房，配备舒适大床，温馨静谧，适合休闲度假。	294	13783
5534	行政套房	行政套房，空间宽敞，配套齐全，尊享舒适入住体验。	662	13784
5534	标准间	标准间，简洁整洁，设施完备，高性价比之选。	286	13785
5535	行政套房	行政套房，空间宽敞，配套齐全，尊享舒适入住体验。	694	13786
5535	大床房	大床房，配备舒适大床，温馨静谧，适合休闲度假。	447	13787
5535	标准间	标准间，简洁整洁，设施完备，高性价比之选。	318	13788
5536	标准间	标准间，简洁整洁，设施完备，高性价比之选。	276	13789
5536	行政套房	行政套房，空间宽敞，配套齐全，尊享舒适入住体验。	861	13790
5537	行政套房	行政套房，空间宽敞，配套齐全，尊享舒适入住体验。	842	13791
5537	大床房	大床房，配备舒适大床，温馨静谧，适合休闲度假。	473	13792
5538	标准间	标准间，简洁整洁，设施完备，高性价比之选。	218	13793
5538	大床房	大床房，配备舒适大床，温馨静谧，适合休闲度假。	383	13794
5539	标准间	标准间，简洁整洁，设施完备，高性价比之选。	210	13795
5539	行政套房	行政套房，空间宽敞，配套齐全，尊享舒适入住体验。	848	13796
5539	大床房	大床房，配备舒适大床，温馨静谧，适合休闲度假。	277	13797
5540	标准间	标准间，简洁整洁，设施完备，高性价比之选。	199	13798
5540	大床房	大床房，配备舒适大床，温馨静谧，适合休闲度假。	333	13799
5540	行政套房	行政套房，空间宽敞，配套齐全，尊享舒适入住体验。	803	13800
5541	行政套房	行政套房，空间宽敞，配套齐全，尊享舒适入住体验。	611	13801
5541	标准间	标准间，简洁整洁，设施完备，高性价比之选。	302	13802
5541	大床房	大床房，配备舒适大床，温馨静谧，适合休闲度假。	463	13803
5542	大床房	大床房，配备舒适大床，温馨静谧，适合休闲度假。	360	13804
5542	标准间	标准间，简洁整洁，设施完备，高性价比之选。	224	13805
5542	行政套房	行政套房，空间宽敞，配套齐全，尊享舒适入住体验。	579	13806
5543	大床房	大床房，配备舒适大床，温馨静谧，适合休闲度假。	351	13807
5543	标准间	标准间，简洁整洁，设施完备，高性价比之选。	222	13808
5543	行政套房	行政套房，空间宽敞，配套齐全，尊享舒适入住体验。	764	13809
5544	标准间	标准间，简洁整洁，设施完备，高性价比之选。	319	13810
5544	行政套房	行政套房，空间宽敞，配套齐全，尊享舒适入住体验。	764	13811
5544	大床房	大床房，配备舒适大床，温馨静谧，适合休闲度假。	267	13812
5545	大床房	大床房，配备舒适大床，温馨静谧，适合休闲度假。	459	13813
5545	标准间	标准间，简洁整洁，设施完备，高性价比之选。	197	13814
5545	行政套房	行政套房，空间宽敞，配套齐全，尊享舒适入住体验。	576	13815
5546	大床房	大床房，配备舒适大床，温馨静谧，适合休闲度假。	457	13816
5546	标准间	标准间，简洁整洁，设施完备，高性价比之选。	224	13817
5547	行政套房	行政套房，空间宽敞，配套齐全，尊享舒适入住体验。	625	13818
5547	标准间	标准间，简洁整洁，设施完备，高性价比之选。	217	13819
5547	大床房	大床房，配备舒适大床，温馨静谧，适合休闲度假。	268	13820
5548	标准间	标准间，简洁整洁，设施完备，高性价比之选。	246	13821
5548	大床房	大床房，配备舒适大床，温馨静谧，适合休闲度假。	425	13822
5548	行政套房	行政套房，空间宽敞，配套齐全，尊享舒适入住体验。	531	13823
5549	标准间	标准间，简洁整洁，设施完备，高性价比之选。	275	13824
5549	行政套房	行政套房，空间宽敞，配套齐全，尊享舒适入住体验。	540	13825
5550	大床房	大床房，配备舒适大床，温馨静谧，适合休闲度假。	264	13826
5550	行政套房	行政套房，空间宽敞，配套齐全，尊享舒适入住体验。	562	13827
5550	标准间	标准间，简洁整洁，设施完备，高性价比之选。	254	13828
5551	行政套房	行政套房，空间宽敞，配套齐全，尊享舒适入住体验。	541	13829
5551	标准间	标准间，简洁整洁，设施完备，高性价比之选。	258	13830
5552	大床房	大床房，配备舒适大床，温馨静谧，适合休闲度假。	284	13831
5552	行政套房	行政套房，空间宽敞，配套齐全，尊享舒适入住体验。	787	13832
5553	大床房	大床房，配备舒适大床，温馨静谧，适合休闲度假。	330	13833
5553	行政套房	行政套房，空间宽敞，配套齐全，尊享舒适入住体验。	689	13834
5553	标准间	标准间，简洁整洁，设施完备，高性价比之选。	193	13835
5554	行政套房	行政套房，空间宽敞，配套齐全，尊享舒适入住体验。	863	13836
5554	大床房	大床房，配备舒适大床，温馨静谧，适合休闲度假。	382	13837
5555	大床房	大床房，配备舒适大床，温馨静谧，适合休闲度假。	260	13838
5555	行政套房	行政套房，空间宽敞，配套齐全，尊享舒适入住体验。	716	13839
5556	大床房	大床房，配备舒适大床，温馨静谧，适合休闲度假。	444	13840
5556	行政套房	行政套房，空间宽敞，配套齐全，尊享舒适入住体验。	522	13841
5556	标准间	标准间，简洁整洁，设施完备，高性价比之选。	283	13842
5557	行政套房	行政套房，空间宽敞，配套齐全，尊享舒适入住体验。	597	13843
5557	大床房	大床房，配备舒适大床，温馨静谧，适合休闲度假。	396	13844
5557	标准间	标准间，简洁整洁，设施完备，高性价比之选。	218	13845
5558	行政套房	行政套房，空间宽敞，配套齐全，尊享舒适入住体验。	749	13846
5558	标准间	标准间，简洁整洁，设施完备，高性价比之选。	306	13847
5558	大床房	大床房，配备舒适大床，温馨静谧，适合休闲度假。	308	13848
5559	大床房	大床房，配备舒适大床，温馨静谧，适合休闲度假。	321	13849
5559	标准间	标准间，简洁整洁，设施完备，高性价比之选。	223	13850
5559	行政套房	行政套房，空间宽敞，配套齐全，尊享舒适入住体验。	798	13851
5560	标准间	标准间，简洁整洁，设施完备，高性价比之选。	221	13852
5560	大床房	大床房，配备舒适大床，温馨静谧，适合休闲度假。	426	13853
5561	大床房	大床房，配备舒适大床，温馨静谧，适合休闲度假。	316	13854
5561	行政套房	行政套房，空间宽敞，配套齐全，尊享舒适入住体验。	805	13855
5561	标准间	标准间，简洁整洁，设施完备，高性价比之选。	184	13856
5562	标准间	标准间，简洁整洁，设施完备，高性价比之选。	188	13857
5562	行政套房	行政套房，空间宽敞，配套齐全，尊享舒适入住体验。	532	13858
5563	行政套房	行政套房，空间宽敞，配套齐全，尊享舒适入住体验。	627	13859
5563	大床房	大床房，配备舒适大床，温馨静谧，适合休闲度假。	369	13860
5564	标准间	标准间，简洁整洁，设施完备，高性价比之选。	220	13861
5564	行政套房	行政套房，空间宽敞，配套齐全，尊享舒适入住体验。	596	13862
5565	大床房	大床房，配备舒适大床，温馨静谧，适合休闲度假。	386	13863
5565	标准间	标准间，简洁整洁，设施完备，高性价比之选。	282	13864
5566	标准间	标准间，简洁整洁，设施完备，高性价比之选。	253	13865
5566	行政套房	行政套房，空间宽敞，配套齐全，尊享舒适入住体验。	657	13866
5566	大床房	大床房，配备舒适大床，温馨静谧，适合休闲度假。	349	13867
5567	行政套房	行政套房，空间宽敞，配套齐全，尊享舒适入住体验。	505	13868
5567	标准间	标准间，简洁整洁，设施完备，高性价比之选。	277	13869
5567	大床房	大床房，配备舒适大床，温馨静谧，适合休闲度假。	367	13870
5568	行政套房	行政套房，空间宽敞，配套齐全，尊享舒适入住体验。	646	13871
5568	大床房	大床房，配备舒适大床，温馨静谧，适合休闲度假。	446	13872
5569	行政套房	行政套房，空间宽敞，配套齐全，尊享舒适入住体验。	570	13873
5569	大床房	大床房，配备舒适大床，温馨静谧，适合休闲度假。	292	13874
5569	标准间	标准间，简洁整洁，设施完备，高性价比之选。	209	13875
5570	行政套房	行政套房，空间宽敞，配套齐全，尊享舒适入住体验。	821	13876
5570	标准间	标准间，简洁整洁，设施完备，高性价比之选。	267	13877
5570	大床房	大床房，配备舒适大床，温馨静谧，适合休闲度假。	421	13878
5571	标准间	标准间，简洁整洁，设施完备，高性价比之选。	275	13879
5571	行政套房	行政套房，空间宽敞，配套齐全，尊享舒适入住体验。	804	13880
5571	大床房	大床房，配备舒适大床，温馨静谧，适合休闲度假。	475	13881
5572	大床房	大床房，配备舒适大床，温馨静谧，适合休闲度假。	361	13882
5572	标准间	标准间，简洁整洁，设施完备，高性价比之选。	280	13883
5572	行政套房	行政套房，空间宽敞，配套齐全，尊享舒适入住体验。	838	13884
5573	标准间	标准间，简洁整洁，设施完备，高性价比之选。	205	13885
5573	大床房	大床房，配备舒适大床，温馨静谧，适合休闲度假。	271	13886
5573	行政套房	行政套房，空间宽敞，配套齐全，尊享舒适入住体验。	585	13887
5574	行政套房	行政套房，空间宽敞，配套齐全，尊享舒适入住体验。	535	13888
5574	大床房	大床房，配备舒适大床，温馨静谧，适合休闲度假。	475	13889
5575	大床房	大床房，配备舒适大床，温馨静谧，适合休闲度假。	451	13890
5575	标准间	标准间，简洁整洁，设施完备，高性价比之选。	292	13891
5576	大床房	大床房，配备舒适大床，温馨静谧，适合休闲度假。	369	13892
5576	标准间	标准间，简洁整洁，设施完备，高性价比之选。	250	13893
5576	行政套房	行政套房，空间宽敞，配套齐全，尊享舒适入住体验。	825	13894
5577	行政套房	行政套房，空间宽敞，配套齐全，尊享舒适入住体验。	538	13895
5577	大床房	大床房，配备舒适大床，温馨静谧，适合休闲度假。	327	13896
5577	标准间	标准间，简洁整洁，设施完备，高性价比之选。	223	13897
5578	行政套房	行政套房，空间宽敞，配套齐全，尊享舒适入住体验。	699	13898
5578	标准间	标准间，简洁整洁，设施完备，高性价比之选。	195	13899
5578	大床房	大床房，配备舒适大床，温馨静谧，适合休闲度假。	374	13900
5579	大床房	大床房，配备舒适大床，温馨静谧，适合休闲度假。	404	13901
5579	标准间	标准间，简洁整洁，设施完备，高性价比之选。	243	13902
5579	行政套房	行政套房，空间宽敞，配套齐全，尊享舒适入住体验。	806	13903
5580	大床房	大床房，配备舒适大床，温馨静谧，适合休闲度假。	419	13904
5580	标准间	标准间，简洁整洁，设施完备，高性价比之选。	180	13905
5581	大床房	大床房，配备舒适大床，温馨静谧，适合休闲度假。	434	13906
5581	标准间	标准间，简洁整洁，设施完备，高性价比之选。	262	13907
5581	行政套房	行政套房，空间宽敞，配套齐全，尊享舒适入住体验。	838	13908
5582	标准间	标准间，简洁整洁，设施完备，高性价比之选。	251	13909
5582	大床房	大床房，配备舒适大床，温馨静谧，适合休闲度假。	406	13910
5582	行政套房	行政套房，空间宽敞，配套齐全，尊享舒适入住体验。	539	13911
5583	标准间	标准间，简洁整洁，设施完备，高性价比之选。	205	13912
5583	大床房	大床房，配备舒适大床，温馨静谧，适合休闲度假。	320	13913
5583	行政套房	行政套房，空间宽敞，配套齐全，尊享舒适入住体验。	800	13914
5584	大床房	大床房，配备舒适大床，温馨静谧，适合休闲度假。	452	13915
5584	行政套房	行政套房，空间宽敞，配套齐全，尊享舒适入住体验。	850	13916
5585	大床房	大床房，配备舒适大床，温馨静谧，适合休闲度假。	414	13917
5585	标准间	标准间，简洁整洁，设施完备，高性价比之选。	261	13918
5585	行政套房	行政套房，空间宽敞，配套齐全，尊享舒适入住体验。	509	13919
5586	行政套房	行政套房，空间宽敞，配套齐全，尊享舒适入住体验。	527	13920
5586	标准间	标准间，简洁整洁，设施完备，高性价比之选。	319	13921
5586	大床房	大床房，配备舒适大床，温馨静谧，适合休闲度假。	309	13922
5587	大床房	大床房，配备舒适大床，温馨静谧，适合休闲度假。	368	13923
5587	行政套房	行政套房，空间宽敞，配套齐全，尊享舒适入住体验。	589	13924
5588	大床房	大床房，配备舒适大床，温馨静谧，适合休闲度假。	417	13925
5588	行政套房	行政套房，空间宽敞，配套齐全，尊享舒适入住体验。	782	13926
5589	标准间	标准间，简洁整洁，设施完备，高性价比之选。	202	13927
5589	大床房	大床房，配备舒适大床，温馨静谧，适合休闲度假。	282	13928
5589	行政套房	行政套房，空间宽敞，配套齐全，尊享舒适入住体验。	694	13929
5590	行政套房	行政套房，空间宽敞，配套齐全，尊享舒适入住体验。	798	13930
5590	标准间	标准间，简洁整洁，设施完备，高性价比之选。	252	13931
5591	行政套房	行政套房，空间宽敞，配套齐全，尊享舒适入住体验。	512	13932
5591	标准间	标准间，简洁整洁，设施完备，高性价比之选。	265	13933
5591	大床房	大床房，配备舒适大床，温馨静谧，适合休闲度假。	316	13934
5592	大床房	大床房，配备舒适大床，温馨静谧，适合休闲度假。	470	13935
5592	行政套房	行政套房，空间宽敞，配套齐全，尊享舒适入住体验。	709	13936
5592	标准间	标准间，简洁整洁，设施完备，高性价比之选。	278	13937
5593	标准间	标准间，简洁整洁，设施完备，高性价比之选。	291	13938
5593	行政套房	行政套房，空间宽敞，配套齐全，尊享舒适入住体验。	531	13939
5594	大床房	大床房，配备舒适大床，温馨静谧，适合休闲度假。	360	13940
5594	标准间	标准间，简洁整洁，设施完备，高性价比之选。	268	13941
5594	行政套房	行政套房，空间宽敞，配套齐全，尊享舒适入住体验。	497	13942
5595	行政套房	行政套房，空间宽敞，配套齐全，尊享舒适入住体验。	639	13943
5595	大床房	大床房，配备舒适大床，温馨静谧，适合休闲度假。	274	13944
5596	标准间	标准间，简洁整洁，设施完备，高性价比之选。	209	13945
5596	大床房	大床房，配备舒适大床，温馨静谧，适合休闲度假。	303	13946
5597	标准间	标准间，简洁整洁，设施完备，高性价比之选。	278	13947
5597	大床房	大床房，配备舒适大床，温馨静谧，适合休闲度假。	441	13948
5598	标准间	标准间，简洁整洁，设施完备，高性价比之选。	319	13949
5598	大床房	大床房，配备舒适大床，温馨静谧，适合休闲度假。	434	13950
5599	行政套房	行政套房，空间宽敞，配套齐全，尊享舒适入住体验。	613	13951
5599	标准间	标准间，简洁整洁，设施完备，高性价比之选。	192	13952
5599	大床房	大床房，配备舒适大床，温馨静谧，适合休闲度假。	330	13953
5600	大床房	大床房，配备舒适大床，温馨静谧，适合休闲度假。	336	13954
5600	行政套房	行政套房，空间宽敞，配套齐全，尊享舒适入住体验。	607	13955
5600	标准间	标准间，简洁整洁，设施完备，高性价比之选。	201	13956
5601	大床房	大床房，配备舒适大床，温馨静谧，适合休闲度假。	417	13957
5601	标准间	标准间，简洁整洁，设施完备，高性价比之选。	255	13958
5601	行政套房	行政套房，空间宽敞，配套齐全，尊享舒适入住体验。	748	13959
5602	标准间	标准间，简洁整洁，设施完备，高性价比之选。	233	13960
5602	行政套房	行政套房，空间宽敞，配套齐全，尊享舒适入住体验。	526	13961
5603	大床房	大床房，配备舒适大床，温馨静谧，适合休闲度假。	372	13962
5603	标准间	标准间，简洁整洁，设施完备，高性价比之选。	195	13963
5603	行政套房	行政套房，空间宽敞，配套齐全，尊享舒适入住体验。	601	13964
5604	标准间	标准间，简洁整洁，设施完备，高性价比之选。	186	13965
5604	大床房	大床房，配备舒适大床，温馨静谧，适合休闲度假。	339	13966
5605	行政套房	行政套房，空间宽敞，配套齐全，尊享舒适入住体验。	536	13967
5605	大床房	大床房，配备舒适大床，温馨静谧，适合休闲度假。	469	13968
5605	标准间	标准间，简洁整洁，设施完备，高性价比之选。	274	13969
5606	行政套房	行政套房，空间宽敞，配套齐全，尊享舒适入住体验。	658	13970
5606	大床房	大床房，配备舒适大床，温馨静谧，适合休闲度假。	424	13971
5607	标准间	标准间，简洁整洁，设施完备，高性价比之选。	298	13972
5607	大床房	大床房，配备舒适大床，温馨静谧，适合休闲度假。	389	13973
5608	标准间	标准间，简洁整洁，设施完备，高性价比之选。	306	13974
5608	大床房	大床房，配备舒适大床，温馨静谧，适合休闲度假。	315	13975
5608	行政套房	行政套房，空间宽敞，配套齐全，尊享舒适入住体验。	592	13976
5609	行政套房	行政套房，空间宽敞，配套齐全，尊享舒适入住体验。	581	13977
5609	大床房	大床房，配备舒适大床，温馨静谧，适合休闲度假。	334	13978
5609	标准间	标准间，简洁整洁，设施完备，高性价比之选。	184	13979
5610	标准间	标准间，简洁整洁，设施完备，高性价比之选。	320	13980
5610	行政套房	行政套房，空间宽敞，配套齐全，尊享舒适入住体验。	588	13981
5610	大床房	大床房，配备舒适大床，温馨静谧，适合休闲度假。	323	13982
5611	大床房	大床房，配备舒适大床，温馨静谧，适合休闲度假。	439	13983
5611	标准间	标准间，简洁整洁，设施完备，高性价比之选。	225	13984
5611	行政套房	行政套房，空间宽敞，配套齐全，尊享舒适入住体验。	679	13985
5612	大床房	大床房，配备舒适大床，温馨静谧，适合休闲度假。	459	13986
5612	标准间	标准间，简洁整洁，设施完备，高性价比之选。	205	13987
5613	大床房	大床房，配备舒适大床，温馨静谧，适合休闲度假。	339	13988
5613	行政套房	行政套房，空间宽敞，配套齐全，尊享舒适入住体验。	720	13989
5613	标准间	标准间，简洁整洁，设施完备，高性价比之选。	254	13990
5614	行政套房	行政套房，空间宽敞，配套齐全，尊享舒适入住体验。	508	13991
5614	标准间	标准间，简洁整洁，设施完备，高性价比之选。	186	13992
5615	标准间	标准间，简洁整洁，设施完备，高性价比之选。	286	13993
5615	行政套房	行政套房，空间宽敞，配套齐全，尊享舒适入住体验。	873	13994
5615	大床房	大床房，配备舒适大床，温馨静谧，适合休闲度假。	327	13995
5616	标准间	标准间，简洁整洁，设施完备，高性价比之选。	241	13996
5616	行政套房	行政套房，空间宽敞，配套齐全，尊享舒适入住体验。	706	13997
5617	标准间	标准间，简洁整洁，设施完备，高性价比之选。	296	13998
5617	行政套房	行政套房，空间宽敞，配套齐全，尊享舒适入住体验。	499	13999
5618	行政套房	行政套房，空间宽敞，配套齐全，尊享舒适入住体验。	598	14000
5618	标准间	标准间，简洁整洁，设施完备，高性价比之选。	256	14001
5619	标准间	标准间，简洁整洁，设施完备，高性价比之选。	185	14002
5619	大床房	大床房，配备舒适大床，温馨静谧，适合休闲度假。	386	14003
5620	行政套房	行政套房，空间宽敞，配套齐全，尊享舒适入住体验。	767	14004
5620	标准间	标准间，简洁整洁，设施完备，高性价比之选。	193	14005
5621	行政套房	行政套房，空间宽敞，配套齐全，尊享舒适入住体验。	581	14006
5621	标准间	标准间，简洁整洁，设施完备，高性价比之选。	198	14007
5621	大床房	大床房，配备舒适大床，温馨静谧，适合休闲度假。	287	14008
5622	标准间	标准间，简洁整洁，设施完备，高性价比之选。	263	14009
5622	行政套房	行政套房，空间宽敞，配套齐全，尊享舒适入住体验。	706	14010
5622	大床房	大床房，配备舒适大床，温馨静谧，适合休闲度假。	273	14011
5623	标准间	标准间，简洁整洁，设施完备，高性价比之选。	184	14012
5623	行政套房	行政套房，空间宽敞，配套齐全，尊享舒适入住体验。	645	14013
5624	大床房	大床房，配备舒适大床，温馨静谧，适合休闲度假。	405	14014
5624	行政套房	行政套房，空间宽敞，配套齐全，尊享舒适入住体验。	803	14015
5624	标准间	标准间，简洁整洁，设施完备，高性价比之选。	294	14016
5625	大床房	大床房，配备舒适大床，温馨静谧，适合休闲度假。	263	14017
5625	行政套房	行政套房，空间宽敞，配套齐全，尊享舒适入住体验。	600	14018
5625	标准间	标准间，简洁整洁，设施完备，高性价比之选。	183	14019
5626	行政套房	行政套房，空间宽敞，配套齐全，尊享舒适入住体验。	742	14020
5626	标准间	标准间，简洁整洁，设施完备，高性价比之选。	319	14021
5627	行政套房	行政套房，空间宽敞，配套齐全，尊享舒适入住体验。	502	14022
5627	标准间	标准间，简洁整洁，设施完备，高性价比之选。	214	14023
5627	大床房	大床房，配备舒适大床，温馨静谧，适合休闲度假。	463	14024
5628	大床房	大床房，配备舒适大床，温馨静谧，适合休闲度假。	314	14025
5628	行政套房	行政套房，空间宽敞，配套齐全，尊享舒适入住体验。	841	14026
5629	行政套房	行政套房，空间宽敞，配套齐全，尊享舒适入住体验。	687	14027
5629	大床房	大床房，配备舒适大床，温馨静谧，适合休闲度假。	447	14028
5630	行政套房	行政套房，空间宽敞，配套齐全，尊享舒适入住体验。	639	14029
5630	标准间	标准间，简洁整洁，设施完备，高性价比之选。	265	14030
5631	标准间	标准间，简洁整洁，设施完备，高性价比之选。	239	14031
5631	行政套房	行政套房，空间宽敞，配套齐全，尊享舒适入住体验。	545	14032
5632	大床房	大床房，配备舒适大床，温馨静谧，适合休闲度假。	354	14033
5632	行政套房	行政套房，空间宽敞，配套齐全，尊享舒适入住体验。	706	14034
5632	标准间	标准间，简洁整洁，设施完备，高性价比之选。	180	14035
5633	大床房	大床房，配备舒适大床，温馨静谧，适合休闲度假。	446	14036
5633	标准间	标准间，简洁整洁，设施完备，高性价比之选。	242	14037
5634	标准间	标准间，简洁整洁，设施完备，高性价比之选。	256	14038
5634	行政套房	行政套房，空间宽敞，配套齐全，尊享舒适入住体验。	840	14039
5634	大床房	大床房，配备舒适大床，温馨静谧，适合休闲度假。	346	14040
5635	大床房	大床房，配备舒适大床，温馨静谧，适合休闲度假。	355	14041
5635	标准间	标准间，简洁整洁，设施完备，高性价比之选。	315	14042
5636	标准间	标准间，简洁整洁，设施完备，高性价比之选。	199	14043
5636	大床房	大床房，配备舒适大床，温馨静谧，适合休闲度假。	427	14044
5637	大床房	大床房，配备舒适大床，温馨静谧，适合休闲度假。	441	14045
5637	行政套房	行政套房，空间宽敞，配套齐全，尊享舒适入住体验。	729	14046
5638	标准间	标准间，简洁整洁，设施完备，高性价比之选。	282	14047
5638	行政套房	行政套房，空间宽敞，配套齐全，尊享舒适入住体验。	565	14048
5638	大床房	大床房，配备舒适大床，温馨静谧，适合休闲度假。	397	14049
5639	大床房	大床房，配备舒适大床，温馨静谧，适合休闲度假。	415	14050
5639	行政套房	行政套房，空间宽敞，配套齐全，尊享舒适入住体验。	846	14051
5640	大床房	大床房，配备舒适大床，温馨静谧，适合休闲度假。	376	14052
5640	标准间	标准间，简洁整洁，设施完备，高性价比之选。	220	14053
5641	行政套房	行政套房，空间宽敞，配套齐全，尊享舒适入住体验。	627	14054
5641	标准间	标准间，简洁整洁，设施完备，高性价比之选。	258	14055
5642	大床房	大床房，配备舒适大床，温馨静谧，适合休闲度假。	347	14056
5642	标准间	标准间，简洁整洁，设施完备，高性价比之选。	309	14057
5642	行政套房	行政套房，空间宽敞，配套齐全，尊享舒适入住体验。	837	14058
5643	行政套房	行政套房，空间宽敞，配套齐全，尊享舒适入住体验。	792	14059
5643	标准间	标准间，简洁整洁，设施完备，高性价比之选。	280	14060
5644	大床房	大床房，配备舒适大床，温馨静谧，适合休闲度假。	284	14061
5644	标准间	标准间，简洁整洁，设施完备，高性价比之选。	274	14062
5644	行政套房	行政套房，空间宽敞，配套齐全，尊享舒适入住体验。	841	14063
5645	标准间	标准间，简洁整洁，设施完备，高性价比之选。	291	14064
5645	大床房	大床房，配备舒适大床，温馨静谧，适合休闲度假。	343	14065
5645	行政套房	行政套房，空间宽敞，配套齐全，尊享舒适入住体验。	784	14066
5646	标准间	标准间，简洁整洁，设施完备，高性价比之选。	228	14067
5646	行政套房	行政套房，空间宽敞，配套齐全，尊享舒适入住体验。	853	14068
5647	行政套房	行政套房，空间宽敞，配套齐全，尊享舒适入住体验。	521	14069
5647	大床房	大床房，配备舒适大床，温馨静谧，适合休闲度假。	349	14070
5648	大床房	大床房，配备舒适大床，温馨静谧，适合休闲度假。	399	14071
5648	行政套房	行政套房，空间宽敞，配套齐全，尊享舒适入住体验。	736	14072
5648	标准间	标准间，简洁整洁，设施完备，高性价比之选。	237	14073
5649	行政套房	行政套房，空间宽敞，配套齐全，尊享舒适入住体验。	651	14074
5649	大床房	大床房，配备舒适大床，温馨静谧，适合休闲度假。	342	14075
5650	行政套房	行政套房，空间宽敞，配套齐全，尊享舒适入住体验。	568	14076
5650	大床房	大床房，配备舒适大床，温馨静谧，适合休闲度假。	406	14077
5650	标准间	标准间，简洁整洁，设施完备，高性价比之选。	300	14078
5651	行政套房	行政套房，空间宽敞，配套齐全，尊享舒适入住体验。	865	14079
5651	大床房	大床房，配备舒适大床，温馨静谧，适合休闲度假。	295	14080
5651	标准间	标准间，简洁整洁，设施完备，高性价比之选。	299	14081
5652	大床房	大床房，配备舒适大床，温馨静谧，适合休闲度假。	391	14082
5652	行政套房	行政套房，空间宽敞，配套齐全，尊享舒适入住体验。	488	14083
5653	行政套房	行政套房，空间宽敞，配套齐全，尊享舒适入住体验。	700	14084
5653	标准间	标准间，简洁整洁，设施完备，高性价比之选。	301	14085
5654	标准间	标准间，简洁整洁，设施完备，高性价比之选。	209	14086
5654	大床房	大床房，配备舒适大床，温馨静谧，适合休闲度假。	461	14087
5654	行政套房	行政套房，空间宽敞，配套齐全，尊享舒适入住体验。	757	14088
5655	大床房	大床房，配备舒适大床，温馨静谧，适合休闲度假。	332	14089
5655	标准间	标准间，简洁整洁，设施完备，高性价比之选。	307	14090
5655	行政套房	行政套房，空间宽敞，配套齐全，尊享舒适入住体验。	855	14091
5656	行政套房	行政套房，空间宽敞，配套齐全，尊享舒适入住体验。	544	14092
5656	标准间	标准间，简洁整洁，设施完备，高性价比之选。	224	14093
5656	大床房	大床房，配备舒适大床，温馨静谧，适合休闲度假。	389	14094
5657	行政套房	行政套房，空间宽敞，配套齐全，尊享舒适入住体验。	698	14095
5657	大床房	大床房，配备舒适大床，温馨静谧，适合休闲度假。	422	14096
5658	标准间	标准间，简洁整洁，设施完备，高性价比之选。	300	14097
5658	行政套房	行政套房，空间宽敞，配套齐全，尊享舒适入住体验。	879	14098
5658	大床房	大床房，配备舒适大床，温馨静谧，适合休闲度假。	418	14099
5659	行政套房	行政套房，空间宽敞，配套齐全，尊享舒适入住体验。	622	14100
5659	标准间	标准间，简洁整洁，设施完备，高性价比之选。	198	14101
5660	标准间	标准间，简洁整洁，设施完备，高性价比之选。	304	14102
5660	大床房	大床房，配备舒适大床，温馨静谧，适合休闲度假。	304	14103
5660	行政套房	行政套房，空间宽敞，配套齐全，尊享舒适入住体验。	689	14104
5661	行政套房	行政套房，空间宽敞，配套齐全，尊享舒适入住体验。	608	14105
5661	大床房	大床房，配备舒适大床，温馨静谧，适合休闲度假。	272	14106
5662	行政套房	行政套房，空间宽敞，配套齐全，尊享舒适入住体验。	564	14107
5662	大床房	大床房，配备舒适大床，温馨静谧，适合休闲度假。	357	14108
5663	行政套房	行政套房，空间宽敞，配套齐全，尊享舒适入住体验。	587	14109
5663	大床房	大床房，配备舒适大床，温馨静谧，适合休闲度假。	344	14110
5663	标准间	标准间，简洁整洁，设施完备，高性价比之选。	287	14111
5664	大床房	大床房，配备舒适大床，温馨静谧，适合休闲度假。	280	14112
5664	标准间	标准间，简洁整洁，设施完备，高性价比之选。	271	14113
5665	大床房	大床房，配备舒适大床，温馨静谧，适合休闲度假。	280	14114
5665	行政套房	行政套房，空间宽敞，配套齐全，尊享舒适入住体验。	683	14115
5665	标准间	标准间，简洁整洁，设施完备，高性价比之选。	235	14116
5666	行政套房	行政套房，空间宽敞，配套齐全，尊享舒适入住体验。	528	14117
5666	大床房	大床房，配备舒适大床，温馨静谧，适合休闲度假。	272	14118
5667	大床房	大床房，配备舒适大床，温馨静谧，适合休闲度假。	433	14119
5667	标准间	标准间，简洁整洁，设施完备，高性价比之选。	318	14120
5668	大床房	大床房，配备舒适大床，温馨静谧，适合休闲度假。	340	14121
5668	行政套房	行政套房，空间宽敞，配套齐全，尊享舒适入住体验。	819	14122
5668	标准间	标准间，简洁整洁，设施完备，高性价比之选。	301	14123
5669	行政套房	行政套房，空间宽敞，配套齐全，尊享舒适入住体验。	868	14124
5669	标准间	标准间，简洁整洁，设施完备，高性价比之选。	247	14125
5669	大床房	大床房，配备舒适大床，温馨静谧，适合休闲度假。	338	14126
5670	行政套房	行政套房，空间宽敞，配套齐全，尊享舒适入住体验。	879	14127
5670	大床房	大床房，配备舒适大床，温馨静谧，适合休闲度假。	479	14128
5671	行政套房	行政套房，空间宽敞，配套齐全，尊享舒适入住体验。	597	14129
5671	大床房	大床房，配备舒适大床，温馨静谧，适合休闲度假。	440	14130
5671	标准间	标准间，简洁整洁，设施完备，高性价比之选。	275	14131
5672	行政套房	行政套房，空间宽敞，配套齐全，尊享舒适入住体验。	861	14132
5672	标准间	标准间，简洁整洁，设施完备，高性价比之选。	308	14133
5673	标准间	标准间，简洁整洁，设施完备，高性价比之选。	278	14134
5673	行政套房	行政套房，空间宽敞，配套齐全，尊享舒适入住体验。	845	14135
5674	行政套房	行政套房，空间宽敞，配套齐全，尊享舒适入住体验。	680	14136
5674	标准间	标准间，简洁整洁，设施完备，高性价比之选。	289	14137
5675	大床房	大床房，配备舒适大床，温馨静谧，适合休闲度假。	446	14138
5675	标准间	标准间，简洁整洁，设施完备，高性价比之选。	287	14139
5676	标准间	标准间，简洁整洁，设施完备，高性价比之选。	254	14140
5676	行政套房	行政套房，空间宽敞，配套齐全，尊享舒适入住体验。	601	14141
5676	大床房	大床房，配备舒适大床，温馨静谧，适合休闲度假。	334	14142
5677	大床房	大床房，配备舒适大床，温馨静谧，适合休闲度假。	260	14143
5677	标准间	标准间，简洁整洁，设施完备，高性价比之选。	257	14144
5677	行政套房	行政套房，空间宽敞，配套齐全，尊享舒适入住体验。	690	14145
5678	行政套房	行政套房，空间宽敞，配套齐全，尊享舒适入住体验。	705	14146
5678	标准间	标准间，简洁整洁，设施完备，高性价比之选。	289	14147
5678	大床房	大床房，配备舒适大床，温馨静谧，适合休闲度假。	410	14148
5679	行政套房	行政套房，空间宽敞，配套齐全，尊享舒适入住体验。	807	14149
5679	大床房	大床房，配备舒适大床，温馨静谧，适合休闲度假。	463	14150
5679	标准间	标准间，简洁整洁，设施完备，高性价比之选。	223	14151
5680	标准间	标准间，简洁整洁，设施完备，高性价比之选。	229	14152
5680	行政套房	行政套房，空间宽敞，配套齐全，尊享舒适入住体验。	654	14153
5680	大床房	大床房，配备舒适大床，温馨静谧，适合休闲度假。	293	14154
5681	行政套房	行政套房，空间宽敞，配套齐全，尊享舒适入住体验。	537	14155
5681	大床房	大床房，配备舒适大床，温馨静谧，适合休闲度假。	453	14156
5681	标准间	标准间，简洁整洁，设施完备，高性价比之选。	245	14157
5682	行政套房	行政套房，空间宽敞，配套齐全，尊享舒适入住体验。	709	14158
5682	标准间	标准间，简洁整洁，设施完备，高性价比之选。	289	14159
5682	大床房	大床房，配备舒适大床，温馨静谧，适合休闲度假。	431	14160
5683	标准间	标准间，简洁整洁，设施完备，高性价比之选。	245	14161
5683	行政套房	行政套房，空间宽敞，配套齐全，尊享舒适入住体验。	815	14162
5683	大床房	大床房，配备舒适大床，温馨静谧，适合休闲度假。	317	14163
5684	标准间	标准间，简洁整洁，设施完备，高性价比之选。	269	14164
5684	行政套房	行政套房，空间宽敞，配套齐全，尊享舒适入住体验。	694	14165
5684	大床房	大床房，配备舒适大床，温馨静谧，适合休闲度假。	290	14166
5685	标准间	标准间，简洁整洁，设施完备，高性价比之选。	219	14167
5685	行政套房	行政套房，空间宽敞，配套齐全，尊享舒适入住体验。	771	14168
5686	行政套房	行政套房，空间宽敞，配套齐全，尊享舒适入住体验。	671	14169
5686	标准间	标准间，简洁整洁，设施完备，高性价比之选。	215	14170
5687	行政套房	行政套房，空间宽敞，配套齐全，尊享舒适入住体验。	722	14171
5687	大床房	大床房，配备舒适大床，温馨静谧，适合休闲度假。	451	14172
5687	标准间	标准间，简洁整洁，设施完备，高性价比之选。	250	14173
5688	标准间	标准间，简洁整洁，设施完备，高性价比之选。	277	14174
5688	行政套房	行政套房，空间宽敞，配套齐全，尊享舒适入住体验。	870	14175
5689	行政套房	行政套房，空间宽敞，配套齐全，尊享舒适入住体验。	726	14176
5689	大床房	大床房，配备舒适大床，温馨静谧，适合休闲度假。	363	14177
5689	标准间	标准间，简洁整洁，设施完备，高性价比之选。	185	14178
5690	大床房	大床房，配备舒适大床，温馨静谧，适合休闲度假。	308	14179
5690	标准间	标准间，简洁整洁，设施完备，高性价比之选。	254	14180
5691	行政套房	行政套房，空间宽敞，配套齐全，尊享舒适入住体验。	801	14181
5691	标准间	标准间，简洁整洁，设施完备，高性价比之选。	220	14182
5691	大床房	大床房，配备舒适大床，温馨静谧，适合休闲度假。	312	14183
5692	大床房	大床房，配备舒适大床，温馨静谧，适合休闲度假。	480	14184
5692	行政套房	行政套房，空间宽敞，配套齐全，尊享舒适入住体验。	822	14185
5692	标准间	标准间，简洁整洁，设施完备，高性价比之选。	241	14186
5693	行政套房	行政套房，空间宽敞，配套齐全，尊享舒适入住体验。	533	14187
5693	大床房	大床房，配备舒适大床，温馨静谧，适合休闲度假。	406	14188
5694	行政套房	行政套房，空间宽敞，配套齐全，尊享舒适入住体验。	718	14189
5694	标准间	标准间，简洁整洁，设施完备，高性价比之选。	314	14190
5695	行政套房	行政套房，空间宽敞，配套齐全，尊享舒适入住体验。	501	14191
5695	大床房	大床房，配备舒适大床，温馨静谧，适合休闲度假。	435	14192
5696	大床房	大床房，配备舒适大床，温馨静谧，适合休闲度假。	364	14193
5696	行政套房	行政套房，空间宽敞，配套齐全，尊享舒适入住体验。	798	14194
5696	标准间	标准间，简洁整洁，设施完备，高性价比之选。	266	14195
5697	大床房	大床房，配备舒适大床，温馨静谧，适合休闲度假。	452	14196
5697	标准间	标准间，简洁整洁，设施完备，高性价比之选。	259	14197
5697	行政套房	行政套房，空间宽敞，配套齐全，尊享舒适入住体验。	664	14198
5698	标准间	标准间，简洁整洁，设施完备，高性价比之选。	231	14199
5698	大床房	大床房，配备舒适大床，温馨静谧，适合休闲度假。	420	14200
5699	行政套房	行政套房，空间宽敞，配套齐全，尊享舒适入住体验。	707	14201
5699	标准间	标准间，简洁整洁，设施完备，高性价比之选。	284	14202
5699	大床房	大床房，配备舒适大床，温馨静谧，适合休闲度假。	438	14203
5700	大床房	大床房，配备舒适大床，温馨静谧，适合休闲度假。	395	14204
5700	行政套房	行政套房，空间宽敞，配套齐全，尊享舒适入住体验。	741	14205
5701	大床房	大床房，配备舒适大床，温馨静谧，适合休闲度假。	475	14206
5701	行政套房	行政套房，空间宽敞，配套齐全，尊享舒适入住体验。	616	14207
5702	行政套房	行政套房，空间宽敞，配套齐全，尊享舒适入住体验。	568	14208
5702	标准间	标准间，简洁整洁，设施完备，高性价比之选。	318	14209
5703	标准间	标准间，简洁整洁，设施完备，高性价比之选。	216	14210
5703	行政套房	行政套房，空间宽敞，配套齐全，尊享舒适入住体验。	625	14211
5704	行政套房	行政套房，空间宽敞，配套齐全，尊享舒适入住体验。	687	14212
5704	标准间	标准间，简洁整洁，设施完备，高性价比之选。	258	14213
5704	大床房	大床房，配备舒适大床，温馨静谧，适合休闲度假。	276	14214
5705	行政套房	行政套房，空间宽敞，配套齐全，尊享舒适入住体验。	486	14215
5705	标准间	标准间，简洁整洁，设施完备，高性价比之选。	258	14216
5706	大床房	大床房，配备舒适大床，温馨静谧，适合休闲度假。	329	14217
5706	行政套房	行政套房，空间宽敞，配套齐全，尊享舒适入住体验。	816	14218
5706	标准间	标准间，简洁整洁，设施完备，高性价比之选。	235	14219
5707	行政套房	行政套房，空间宽敞，配套齐全，尊享舒适入住体验。	857	14220
5707	大床房	大床房，配备舒适大床，温馨静谧，适合休闲度假。	334	14221
5707	标准间	标准间，简洁整洁，设施完备，高性价比之选。	315	14222
5708	大床房	大床房，配备舒适大床，温馨静谧，适合休闲度假。	357	14223
5708	行政套房	行政套房，空间宽敞，配套齐全，尊享舒适入住体验。	878	14224
5708	标准间	标准间，简洁整洁，设施完备，高性价比之选。	196	14225
5709	行政套房	行政套房，空间宽敞，配套齐全，尊享舒适入住体验。	585	14226
5709	标准间	标准间，简洁整洁，设施完备，高性价比之选。	293	14227
5710	行政套房	行政套房，空间宽敞，配套齐全，尊享舒适入住体验。	616	14228
5710	大床房	大床房，配备舒适大床，温馨静谧，适合休闲度假。	374	14229
5711	标准间	标准间，简洁整洁，设施完备，高性价比之选。	216	14230
5711	行政套房	行政套房，空间宽敞，配套齐全，尊享舒适入住体验。	698	14231
5711	大床房	大床房，配备舒适大床，温馨静谧，适合休闲度假。	443	14232
5712	标准间	标准间，简洁整洁，设施完备，高性价比之选。	248	14233
5712	大床房	大床房，配备舒适大床，温馨静谧，适合休闲度假。	284	14234
5712	行政套房	行政套房，空间宽敞，配套齐全，尊享舒适入住体验。	817	14235
5713	行政套房	行政套房，空间宽敞，配套齐全，尊享舒适入住体验。	488	14236
5713	标准间	标准间，简洁整洁，设施完备，高性价比之选。	183	14237
5713	大床房	大床房，配备舒适大床，温馨静谧，适合休闲度假。	363	14238
5714	大床房	大床房，配备舒适大床，温馨静谧，适合休闲度假。	293	14239
5714	行政套房	行政套房，空间宽敞，配套齐全，尊享舒适入住体验。	860	14240
5715	标准间	标准间，简洁整洁，设施完备，高性价比之选。	303	14241
5715	大床房	大床房，配备舒适大床，温馨静谧，适合休闲度假。	416	14242
5715	行政套房	行政套房，空间宽敞，配套齐全，尊享舒适入住体验。	742	14243
5716	标准间	标准间，简洁整洁，设施完备，高性价比之选。	237	14244
5716	行政套房	行政套房，空间宽敞，配套齐全，尊享舒适入住体验。	597	14245
5716	大床房	大床房，配备舒适大床，温馨静谧，适合休闲度假。	380	14246
5717	标准间	标准间，简洁整洁，设施完备，高性价比之选。	299	14247
5717	行政套房	行政套房，空间宽敞，配套齐全，尊享舒适入住体验。	570	14248
5717	大床房	大床房，配备舒适大床，温馨静谧，适合休闲度假。	299	14249
5718	标准间	标准间，简洁整洁，设施完备，高性价比之选。	311	14250
5718	行政套房	行政套房，空间宽敞，配套齐全，尊享舒适入住体验。	814	14251
5719	标准间	标准间，简洁整洁，设施完备，高性价比之选。	237	14252
5719	大床房	大床房，配备舒适大床，温馨静谧，适合休闲度假。	369	14253
5719	行政套房	行政套房，空间宽敞，配套齐全，尊享舒适入住体验。	754	14254
5720	标准间	标准间，简洁整洁，设施完备，高性价比之选。	291	14255
5720	行政套房	行政套房，空间宽敞，配套齐全，尊享舒适入住体验。	543	14256
5721	行政套房	行政套房，空间宽敞，配套齐全，尊享舒适入住体验。	543	14257
5721	大床房	大床房，配备舒适大床，温馨静谧，适合休闲度假。	373	14258
5721	标准间	标准间，简洁整洁，设施完备，高性价比之选。	210	14259
5722	大床房	大床房，配备舒适大床，温馨静谧，适合休闲度假。	369	14260
5722	行政套房	行政套房，空间宽敞，配套齐全，尊享舒适入住体验。	675	14261
5723	标准间	标准间，简洁整洁，设施完备，高性价比之选。	311	14262
5723	大床房	大床房，配备舒适大床，温馨静谧，适合休闲度假。	426	14263
5723	行政套房	行政套房，空间宽敞，配套齐全，尊享舒适入住体验。	625	14264
5724	大床房	大床房，配备舒适大床，温馨静谧，适合休闲度假。	307	14265
5724	行政套房	行政套房，空间宽敞，配套齐全，尊享舒适入住体验。	482	14266
5725	行政套房	行政套房，空间宽敞，配套齐全，尊享舒适入住体验。	721	14267
5725	大床房	大床房，配备舒适大床，温馨静谧，适合休闲度假。	387	14268
5725	标准间	标准间，简洁整洁，设施完备，高性价比之选。	230	14269
5726	行政套房	行政套房，空间宽敞，配套齐全，尊享舒适入住体验。	563	14270
5726	大床房	大床房，配备舒适大床，温馨静谧，适合休闲度假。	286	14271
5727	行政套房	行政套房，空间宽敞，配套齐全，尊享舒适入住体验。	621	14272
5727	标准间	标准间，简洁整洁，设施完备，高性价比之选。	186	14273
5728	大床房	大床房，配备舒适大床，温馨静谧，适合休闲度假。	446	14274
5728	标准间	标准间，简洁整洁，设施完备，高性价比之选。	213	14275
5728	行政套房	行政套房，空间宽敞，配套齐全，尊享舒适入住体验。	780	14276
5729	标准间	标准间，简洁整洁，设施完备，高性价比之选。	238	14277
5729	大床房	大床房，配备舒适大床，温馨静谧，适合休闲度假。	478	14278
5730	行政套房	行政套房，空间宽敞，配套齐全，尊享舒适入住体验。	608	14279
5730	大床房	大床房，配备舒适大床，温馨静谧，适合休闲度假。	446	14280
5731	行政套房	行政套房，空间宽敞，配套齐全，尊享舒适入住体验。	607	14281
5731	大床房	大床房，配备舒适大床，温馨静谧，适合休闲度假。	285	14282
5731	标准间	标准间，简洁整洁，设施完备，高性价比之选。	244	14283
5732	标准间	标准间，简洁整洁，设施完备，高性价比之选。	304	14284
5732	行政套房	行政套房，空间宽敞，配套齐全，尊享舒适入住体验。	637	14285
5732	大床房	大床房，配备舒适大床，温馨静谧，适合休闲度假。	369	14286
5733	标准间	标准间，简洁整洁，设施完备，高性价比之选。	267	14287
5733	行政套房	行政套房，空间宽敞，配套齐全，尊享舒适入住体验。	716	14288
5733	大床房	大床房，配备舒适大床，温馨静谧，适合休闲度假。	411	14289
5734	行政套房	行政套房，空间宽敞，配套齐全，尊享舒适入住体验。	632	14290
5734	大床房	大床房，配备舒适大床，温馨静谧，适合休闲度假。	264	14291
5735	标准间	标准间，简洁整洁，设施完备，高性价比之选。	293	14292
5735	行政套房	行政套房，空间宽敞，配套齐全，尊享舒适入住体验。	505	14293
5736	大床房	大床房，配备舒适大床，温馨静谧，适合休闲度假。	344	14294
5736	行政套房	行政套房，空间宽敞，配套齐全，尊享舒适入住体验。	716	14295
5736	标准间	标准间，简洁整洁，设施完备，高性价比之选。	283	14296
5737	行政套房	行政套房，空间宽敞，配套齐全，尊享舒适入住体验。	833	14297
5737	标准间	标准间，简洁整洁，设施完备，高性价比之选。	277	14298
5738	行政套房	行政套房，空间宽敞，配套齐全，尊享舒适入住体验。	876	14299
5738	标准间	标准间，简洁整洁，设施完备，高性价比之选。	271	14300
5738	大床房	大床房，配备舒适大床，温馨静谧，适合休闲度假。	345	14301
5739	行政套房	行政套房，空间宽敞，配套齐全，尊享舒适入住体验。	513	14302
5739	大床房	大床房，配备舒适大床，温馨静谧，适合休闲度假。	433	14303
5739	标准间	标准间，简洁整洁，设施完备，高性价比之选。	220	14304
5740	行政套房	行政套房，空间宽敞，配套齐全，尊享舒适入住体验。	833	14305
5740	大床房	大床房，配备舒适大床，温馨静谧，适合休闲度假。	336	14306
5740	标准间	标准间，简洁整洁，设施完备，高性价比之选。	276	14307
5741	大床房	大床房，配备舒适大床，温馨静谧，适合休闲度假。	268	14308
5741	行政套房	行政套房，空间宽敞，配套齐全，尊享舒适入住体验。	524	14309
5741	标准间	标准间，简洁整洁，设施完备，高性价比之选。	277	14310
5742	大床房	大床房，配备舒适大床，温馨静谧，适合休闲度假。	318	14311
5742	行政套房	行政套房，空间宽敞，配套齐全，尊享舒适入住体验。	535	14312
5743	标准间	标准间，简洁整洁，设施完备，高性价比之选。	242	14313
5743	行政套房	行政套房，空间宽敞，配套齐全，尊享舒适入住体验。	628	14314
5743	大床房	大床房，配备舒适大床，温馨静谧，适合休闲度假。	378	14315
5744	标准间	标准间，简洁整洁，设施完备，高性价比之选。	257	14316
5744	行政套房	行政套房，空间宽敞，配套齐全，尊享舒适入住体验。	862	14317
5744	大床房	大床房，配备舒适大床，温馨静谧，适合休闲度假。	267	14318
5745	行政套房	行政套房，空间宽敞，配套齐全，尊享舒适入住体验。	504	14319
5745	大床房	大床房，配备舒适大床，温馨静谧，适合休闲度假。	445	14320
5745	标准间	标准间，简洁整洁，设施完备，高性价比之选。	218	14321
5746	大床房	大床房，配备舒适大床，温馨静谧，适合休闲度假。	450	14322
5746	行政套房	行政套房，空间宽敞，配套齐全，尊享舒适入住体验。	766	14323
5746	标准间	标准间，简洁整洁，设施完备，高性价比之选。	295	14324
5747	行政套房	行政套房，空间宽敞，配套齐全，尊享舒适入住体验。	816	14325
5747	标准间	标准间，简洁整洁，设施完备，高性价比之选。	250	14326
5747	大床房	大床房，配备舒适大床，温馨静谧，适合休闲度假。	383	14327
5748	大床房	大床房，配备舒适大床，温馨静谧，适合休闲度假。	434	14328
5748	行政套房	行政套房，空间宽敞，配套齐全，尊享舒适入住体验。	723	14329
5749	标准间	标准间，简洁整洁，设施完备，高性价比之选。	198	14330
5749	行政套房	行政套房，空间宽敞，配套齐全，尊享舒适入住体验。	865	14331
5749	大床房	大床房，配备舒适大床，温馨静谧，适合休闲度假。	467	14332
5750	行政套房	行政套房，空间宽敞，配套齐全，尊享舒适入住体验。	528	14333
5750	标准间	标准间，简洁整洁，设施完备，高性价比之选。	251	14334
5751	大床房	大床房，配备舒适大床，温馨静谧，适合休闲度假。	459	14335
5751	标准间	标准间，简洁整洁，设施完备，高性价比之选。	222	14336
5752	大床房	大床房，配备舒适大床，温馨静谧，适合休闲度假。	384	14337
5752	标准间	标准间，简洁整洁，设施完备，高性价比之选。	263	14338
5752	行政套房	行政套房，空间宽敞，配套齐全，尊享舒适入住体验。	774	14339
5753	标准间	标准间，简洁整洁，设施完备，高性价比之选。	315	14340
5753	大床房	大床房，配备舒适大床，温馨静谧，适合休闲度假。	345	14341
5754	标准间	标准间，简洁整洁，设施完备，高性价比之选。	254	14342
5754	大床房	大床房，配备舒适大床，温馨静谧，适合休闲度假。	408	14343
5754	行政套房	行政套房，空间宽敞，配套齐全，尊享舒适入住体验。	865	14344
5755	行政套房	行政套房，空间宽敞，配套齐全，尊享舒适入住体验。	759	14345
5755	标准间	标准间，简洁整洁，设施完备，高性价比之选。	288	14346
5755	大床房	大床房，配备舒适大床，温馨静谧，适合休闲度假。	466	14347
5756	标准间	标准间，简洁整洁，设施完备，高性价比之选。	306	14348
5756	行政套房	行政套房，空间宽敞，配套齐全，尊享舒适入住体验。	845	14349
5757	大床房	大床房，配备舒适大床，温馨静谧，适合休闲度假。	436	14350
5757	标准间	标准间，简洁整洁，设施完备，高性价比之选。	217	14351
5758	大床房	大床房，配备舒适大床，温馨静谧，适合休闲度假。	448	14352
5758	行政套房	行政套房，空间宽敞，配套齐全，尊享舒适入住体验。	810	14353
5759	大床房	大床房，配备舒适大床，温馨静谧，适合休闲度假。	364	14354
5759	标准间	标准间，简洁整洁，设施完备，高性价比之选。	292	14355
5759	行政套房	行政套房，空间宽敞，配套齐全，尊享舒适入住体验。	486	14356
5760	标准间	标准间，简洁整洁，设施完备，高性价比之选。	251	14357
5760	行政套房	行政套房，空间宽敞，配套齐全，尊享舒适入住体验。	712	14358
5760	大床房	大床房，配备舒适大床，温馨静谧，适合休闲度假。	456	14359
5761	大床房	大床房，配备舒适大床，温馨静谧，适合休闲度假。	368	14360
5761	行政套房	行政套房，空间宽敞，配套齐全，尊享舒适入住体验。	778	14361
5762	大床房	大床房，配备舒适大床，温馨静谧，适合休闲度假。	345	14362
5762	标准间	标准间，简洁整洁，设施完备，高性价比之选。	233	14363
5763	标准间	标准间，简洁整洁，设施完备，高性价比之选。	262	14364
5763	行政套房	行政套房，空间宽敞，配套齐全，尊享舒适入住体验。	576	14365
5764	标准间	标准间，简洁整洁，设施完备，高性价比之选。	183	14366
5764	大床房	大床房，配备舒适大床，温馨静谧，适合休闲度假。	407	14367
5764	行政套房	行政套房，空间宽敞，配套齐全，尊享舒适入住体验。	694	14368
5765	行政套房	行政套房，空间宽敞，配套齐全，尊享舒适入住体验。	536	14369
5765	标准间	标准间，简洁整洁，设施完备，高性价比之选。	310	14370
5765	大床房	大床房，配备舒适大床，温馨静谧，适合休闲度假。	411	14371
5766	大床房	大床房，配备舒适大床，温馨静谧，适合休闲度假。	290	14372
5766	标准间	标准间，简洁整洁，设施完备，高性价比之选。	289	14373
5767	大床房	大床房，配备舒适大床，温馨静谧，适合休闲度假。	468	14374
5767	标准间	标准间，简洁整洁，设施完备，高性价比之选。	198	14375
5767	行政套房	行政套房，空间宽敞，配套齐全，尊享舒适入住体验。	757	14376
5768	大床房	大床房，配备舒适大床，温馨静谧，适合休闲度假。	300	14377
5768	标准间	标准间，简洁整洁，设施完备，高性价比之选。	290	14378
5768	行政套房	行政套房，空间宽敞，配套齐全，尊享舒适入住体验。	616	14379
5769	标准间	标准间，简洁整洁，设施完备，高性价比之选。	228	14380
5769	大床房	大床房，配备舒适大床，温馨静谧，适合休闲度假。	435	14381
5769	行政套房	行政套房，空间宽敞，配套齐全，尊享舒适入住体验。	730	14382
5770	大床房	大床房，配备舒适大床，温馨静谧，适合休闲度假。	418	14383
5770	行政套房	行政套房，空间宽敞，配套齐全，尊享舒适入住体验。	581	14384
5771	行政套房	行政套房，空间宽敞，配套齐全，尊享舒适入住体验。	531	14385
5771	标准间	标准间，简洁整洁，设施完备，高性价比之选。	240	14386
5772	大床房	大床房，配备舒适大床，温馨静谧，适合休闲度假。	470	14387
5772	行政套房	行政套房，空间宽敞，配套齐全，尊享舒适入住体验。	802	14388
5772	标准间	标准间，简洁整洁，设施完备，高性价比之选。	192	14389
5773	行政套房	行政套房，空间宽敞，配套齐全，尊享舒适入住体验。	639	14390
5773	大床房	大床房，配备舒适大床，温馨静谧，适合休闲度假。	457	14391
5774	大床房	大床房，配备舒适大床，温馨静谧，适合休闲度假。	398	14392
5774	行政套房	行政套房，空间宽敞，配套齐全，尊享舒适入住体验。	531	14393
5775	行政套房	行政套房，空间宽敞，配套齐全，尊享舒适入住体验。	560	14394
5775	大床房	大床房，配备舒适大床，温馨静谧，适合休闲度假。	364	14395
5776	行政套房	行政套房，空间宽敞，配套齐全，尊享舒适入住体验。	591	14396
5776	标准间	标准间，简洁整洁，设施完备，高性价比之选。	245	14397
5776	大床房	大床房，配备舒适大床，温馨静谧，适合休闲度假。	456	14398
5777	大床房	大床房，配备舒适大床，温馨静谧，适合休闲度假。	348	14399
5777	标准间	标准间，简洁整洁，设施完备，高性价比之选。	296	14400
5778	标准间	标准间，简洁整洁，设施完备，高性价比之选。	187	14401
5778	大床房	大床房，配备舒适大床，温馨静谧，适合休闲度假。	301	14402
5778	行政套房	行政套房，空间宽敞，配套齐全，尊享舒适入住体验。	771	14403
5779	大床房	大床房，配备舒适大床，温馨静谧，适合休闲度假。	445	14404
5779	标准间	标准间，简洁整洁，设施完备，高性价比之选。	264	14405
5780	标准间	标准间，简洁整洁，设施完备，高性价比之选。	235	14406
5780	大床房	大床房，配备舒适大床，温馨静谧，适合休闲度假。	442	14407
5781	大床房	大床房，配备舒适大床，温馨静谧，适合休闲度假。	465	14408
5781	标准间	标准间，简洁整洁，设施完备，高性价比之选。	278	14409
5782	大床房	大床房，配备舒适大床，温馨静谧，适合休闲度假。	449	14410
5782	行政套房	行政套房，空间宽敞，配套齐全，尊享舒适入住体验。	510	14411
5782	标准间	标准间，简洁整洁，设施完备，高性价比之选。	188	14412
5783	行政套房	行政套房，空间宽敞，配套齐全，尊享舒适入住体验。	513	14413
5783	标准间	标准间，简洁整洁，设施完备，高性价比之选。	240	14414
5783	大床房	大床房，配备舒适大床，温馨静谧，适合休闲度假。	283	14415
5784	标准间	标准间，简洁整洁，设施完备，高性价比之选。	234	14416
5784	行政套房	行政套房，空间宽敞，配套齐全，尊享舒适入住体验。	778	14417
5784	大床房	大床房，配备舒适大床，温馨静谧，适合休闲度假。	393	14418
5785	大床房	大床房，配备舒适大床，温馨静谧，适合休闲度假。	379	14419
5785	行政套房	行政套房，空间宽敞，配套齐全，尊享舒适入住体验。	683	14420
5785	标准间	标准间，简洁整洁，设施完备，高性价比之选。	291	14421
5786	大床房	大床房，配备舒适大床，温馨静谧，适合休闲度假。	472	14422
5786	行政套房	行政套房，空间宽敞，配套齐全，尊享舒适入住体验。	647	14423
5787	行政套房	行政套房，空间宽敞，配套齐全，尊享舒适入住体验。	665	14424
5787	标准间	标准间，简洁整洁，设施完备，高性价比之选。	300	14425
5787	大床房	大床房，配备舒适大床，温馨静谧，适合休闲度假。	453	14426
5788	大床房	大床房，配备舒适大床，温馨静谧，适合休闲度假。	379	14427
5788	行政套房	行政套房，空间宽敞，配套齐全，尊享舒适入住体验。	568	14428
5789	标准间	标准间，简洁整洁，设施完备，高性价比之选。	276	14429
5789	行政套房	行政套房，空间宽敞，配套齐全，尊享舒适入住体验。	743	14430
5790	行政套房	行政套房，空间宽敞，配套齐全，尊享舒适入住体验。	677	14431
5790	标准间	标准间，简洁整洁，设施完备，高性价比之选。	253	14432
5791	标准间	标准间，简洁整洁，设施完备，高性价比之选。	260	14433
5791	行政套房	行政套房，空间宽敞，配套齐全，尊享舒适入住体验。	559	14434
5791	大床房	大床房，配备舒适大床，温馨静谧，适合休闲度假。	450	14435
5792	标准间	标准间，简洁整洁，设施完备，高性价比之选。	311	14436
5792	行政套房	行政套房，空间宽敞，配套齐全，尊享舒适入住体验。	845	14437
5793	行政套房	行政套房，空间宽敞，配套齐全，尊享舒适入住体验。	865	14438
5793	大床房	大床房，配备舒适大床，温馨静谧，适合休闲度假。	458	14439
5793	标准间	标准间，简洁整洁，设施完备，高性价比之选。	296	14440
5794	行政套房	行政套房，空间宽敞，配套齐全，尊享舒适入住体验。	643	14441
5794	标准间	标准间，简洁整洁，设施完备，高性价比之选。	267	14442
5795	行政套房	行政套房，空间宽敞，配套齐全，尊享舒适入住体验。	728	14443
5795	标准间	标准间，简洁整洁，设施完备，高性价比之选。	291	14444
5795	大床房	大床房，配备舒适大床，温馨静谧，适合休闲度假。	378	14445
5796	行政套房	行政套房，空间宽敞，配套齐全，尊享舒适入住体验。	496	14446
5796	大床房	大床房，配备舒适大床，温馨静谧，适合休闲度假。	432	14447
5797	行政套房	行政套房，空间宽敞，配套齐全，尊享舒适入住体验。	610	14448
5797	标准间	标准间，简洁整洁，设施完备，高性价比之选。	223	14449
5798	行政套房	行政套房，空间宽敞，配套齐全，尊享舒适入住体验。	565	14450
5798	标准间	标准间，简洁整洁，设施完备，高性价比之选。	247	14451
5798	大床房	大床房，配备舒适大床，温馨静谧，适合休闲度假。	298	14452
5799	标准间	标准间，简洁整洁，设施完备，高性价比之选。	274	14453
5799	行政套房	行政套房，空间宽敞，配套齐全，尊享舒适入住体验。	614	14454
5799	大床房	大床房，配备舒适大床，温馨静谧，适合休闲度假。	324	14455
5800	大床房	大床房，配备舒适大床，温馨静谧，适合休闲度假。	283	14456
5800	标准间	标准间，简洁整洁，设施完备，高性价比之选。	294	14457
5800	行政套房	行政套房，空间宽敞，配套齐全，尊享舒适入住体验。	764	14458
5801	行政套房	行政套房，空间宽敞，配套齐全，尊享舒适入住体验。	748	14459
5801	大床房	大床房，配备舒适大床，温馨静谧，适合休闲度假。	349	14460
5801	标准间	标准间，简洁整洁，设施完备，高性价比之选。	265	14461
5802	大床房	大床房，配备舒适大床，温馨静谧，适合休闲度假。	429	14462
5802	行政套房	行政套房，空间宽敞，配套齐全，尊享舒适入住体验。	543	14463
5802	标准间	标准间，简洁整洁，设施完备，高性价比之选。	298	14464
5803	标准间	标准间，简洁整洁，设施完备，高性价比之选。	183	14465
5803	行政套房	行政套房，空间宽敞，配套齐全，尊享舒适入住体验。	733	14466
5803	大床房	大床房，配备舒适大床，温馨静谧，适合休闲度假。	474	14467
5804	大床房	大床房，配备舒适大床，温馨静谧，适合休闲度假。	357	14468
5804	标准间	标准间，简洁整洁，设施完备，高性价比之选。	315	14469
5804	行政套房	行政套房，空间宽敞，配套齐全，尊享舒适入住体验。	740	14470
5805	标准间	标准间，简洁整洁，设施完备，高性价比之选。	280	14471
5805	行政套房	行政套房，空间宽敞，配套齐全，尊享舒适入住体验。	485	14472
5805	大床房	大床房，配备舒适大床，温馨静谧，适合休闲度假。	332	14473
5806	大床房	大床房，配备舒适大床，温馨静谧，适合休闲度假。	267	14474
5806	标准间	标准间，简洁整洁，设施完备，高性价比之选。	238	14475
5807	标准间	标准间，简洁整洁，设施完备，高性价比之选。	194	14476
5807	行政套房	行政套房，空间宽敞，配套齐全，尊享舒适入住体验。	609	14477
5808	大床房	大床房，配备舒适大床，温馨静谧，适合休闲度假。	302	14478
5808	标准间	标准间，简洁整洁，设施完备，高性价比之选。	281	14479
5808	行政套房	行政套房，空间宽敞，配套齐全，尊享舒适入住体验。	604	14480
5809	大床房	大床房，配备舒适大床，温馨静谧，适合休闲度假。	436	14481
5809	标准间	标准间，简洁整洁，设施完备，高性价比之选。	311	14482
5809	行政套房	行政套房，空间宽敞，配套齐全，尊享舒适入住体验。	746	14483
5810	大床房	大床房，配备舒适大床，温馨静谧，适合休闲度假。	292	14484
5810	行政套房	行政套房，空间宽敞，配套齐全，尊享舒适入住体验。	548	14485
5810	标准间	标准间，简洁整洁，设施完备，高性价比之选。	246	14486
5811	标准间	标准间，简洁整洁，设施完备，高性价比之选。	255	14487
5811	行政套房	行政套房，空间宽敞，配套齐全，尊享舒适入住体验。	756	14488
5812	行政套房	行政套房，空间宽敞，配套齐全，尊享舒适入住体验。	628	14489
5812	大床房	大床房，配备舒适大床，温馨静谧，适合休闲度假。	340	14490
5813	大床房	大床房，配备舒适大床，温馨静谧，适合休闲度假。	445	14491
5813	行政套房	行政套房，空间宽敞，配套齐全，尊享舒适入住体验。	623	14492
5813	标准间	标准间，简洁整洁，设施完备，高性价比之选。	248	14493
5814	行政套房	行政套房，空间宽敞，配套齐全，尊享舒适入住体验。	878	14494
5814	大床房	大床房，配备舒适大床，温馨静谧，适合休闲度假。	397	14495
5815	标准间	标准间，简洁整洁，设施完备，高性价比之选。	189	14496
5815	行政套房	行政套房，空间宽敞，配套齐全，尊享舒适入住体验。	658	14497
5816	大床房	大床房，配备舒适大床，温馨静谧，适合休闲度假。	424	14498
5816	标准间	标准间，简洁整洁，设施完备，高性价比之选。	298	14499
5817	标准间	标准间，简洁整洁，设施完备，高性价比之选。	202	14500
5817	大床房	大床房，配备舒适大床，温馨静谧，适合休闲度假。	431	14501
5818	行政套房	行政套房，空间宽敞，配套齐全，尊享舒适入住体验。	615	14502
5818	标准间	标准间，简洁整洁，设施完备，高性价比之选。	183	14503
5819	行政套房	行政套房，空间宽敞，配套齐全，尊享舒适入住体验。	753	14504
5819	大床房	大床房，配备舒适大床，温馨静谧，适合休闲度假。	305	14505
5819	标准间	标准间，简洁整洁，设施完备，高性价比之选。	241	14506
5820	标准间	标准间，简洁整洁，设施完备，高性价比之选。	211	14507
5820	行政套房	行政套房，空间宽敞，配套齐全，尊享舒适入住体验。	762	14508
5820	大床房	大床房，配备舒适大床，温馨静谧，适合休闲度假。	268	14509
5821	大床房	大床房，配备舒适大床，温馨静谧，适合休闲度假。	343	14510
5821	标准间	标准间，简洁整洁，设施完备，高性价比之选。	235	14511
5822	大床房	大床房，配备舒适大床，温馨静谧，适合休闲度假。	388	14512
5822	标准间	标准间，简洁整洁，设施完备，高性价比之选。	191	14513
5822	行政套房	行政套房，空间宽敞，配套齐全，尊享舒适入住体验。	690	14514
5823	大床房	大床房，配备舒适大床，温馨静谧，适合休闲度假。	416	14515
5823	行政套房	行政套房，空间宽敞，配套齐全，尊享舒适入住体验。	661	14516
5824	标准间	标准间，简洁整洁，设施完备，高性价比之选。	190	14517
5824	大床房	大床房，配备舒适大床，温馨静谧，适合休闲度假。	292	14518
5824	行政套房	行政套房，空间宽敞，配套齐全，尊享舒适入住体验。	748	14519
5825	大床房	大床房，配备舒适大床，温馨静谧，适合休闲度假。	300	14520
5825	行政套房	行政套房，空间宽敞，配套齐全，尊享舒适入住体验。	685	14521
5825	标准间	标准间，简洁整洁，设施完备，高性价比之选。	221	14522
5826	标准间	标准间，简洁整洁，设施完备，高性价比之选。	296	14523
5826	大床房	大床房，配备舒适大床，温馨静谧，适合休闲度假。	473	14524
5827	标准间	标准间，简洁整洁，设施完备，高性价比之选。	265	14525
5827	行政套房	行政套房，空间宽敞，配套齐全，尊享舒适入住体验。	618	14526
5827	大床房	大床房，配备舒适大床，温馨静谧，适合休闲度假。	271	14527
5828	大床房	大床房，配备舒适大床，温馨静谧，适合休闲度假。	348	14528
5828	标准间	标准间，简洁整洁，设施完备，高性价比之选。	217	14529
5828	行政套房	行政套房，空间宽敞，配套齐全，尊享舒适入住体验。	599	14530
5829	大床房	大床房，配备舒适大床，温馨静谧，适合休闲度假。	312	14531
5829	行政套房	行政套房，空间宽敞，配套齐全，尊享舒适入住体验。	553	14532
5829	标准间	标准间，简洁整洁，设施完备，高性价比之选。	190	14533
5830	大床房	大床房，配备舒适大床，温馨静谧，适合休闲度假。	392	14534
5830	行政套房	行政套房，空间宽敞，配套齐全，尊享舒适入住体验。	516	14535
5831	标准间	标准间，简洁整洁，设施完备，高性价比之选。	200	14536
5831	行政套房	行政套房，空间宽敞，配套齐全，尊享舒适入住体验。	721	14537
5832	标准间	标准间，简洁整洁，设施完备，高性价比之选。	228	14538
5832	行政套房	行政套房，空间宽敞，配套齐全，尊享舒适入住体验。	619	14539
5833	标准间	标准间，简洁整洁，设施完备，高性价比之选。	273	14540
5833	行政套房	行政套房，空间宽敞，配套齐全，尊享舒适入住体验。	721	14541
5834	标准间	标准间，简洁整洁，设施完备，高性价比之选。	317	14542
5834	行政套房	行政套房，空间宽敞，配套齐全，尊享舒适入住体验。	481	14543
5834	大床房	大床房，配备舒适大床，温馨静谧，适合休闲度假。	474	14544
5835	大床房	大床房，配备舒适大床，温馨静谧，适合休闲度假。	440	14545
5835	标准间	标准间，简洁整洁，设施完备，高性价比之选。	186	14546
5835	行政套房	行政套房，空间宽敞，配套齐全，尊享舒适入住体验。	772	14547
5836	行政套房	行政套房，空间宽敞，配套齐全，尊享舒适入住体验。	849	14548
5836	大床房	大床房，配备舒适大床，温馨静谧，适合休闲度假。	425	14549
5836	标准间	标准间，简洁整洁，设施完备，高性价比之选。	200	14550
5837	大床房	大床房，配备舒适大床，温馨静谧，适合休闲度假。	477	14551
5837	标准间	标准间，简洁整洁，设施完备，高性价比之选。	293	14552
5838	行政套房	行政套房，空间宽敞，配套齐全，尊享舒适入住体验。	767	14553
5838	标准间	标准间，简洁整洁，设施完备，高性价比之选。	295	14554
5839	大床房	大床房，配备舒适大床，温馨静谧，适合休闲度假。	278	14555
5839	标准间	标准间，简洁整洁，设施完备，高性价比之选。	307	14556
5840	标准间	标准间，简洁整洁，设施完备，高性价比之选。	320	14557
5840	行政套房	行政套房，空间宽敞，配套齐全，尊享舒适入住体验。	517	14558
5841	行政套房	行政套房，空间宽敞，配套齐全，尊享舒适入住体验。	757	14559
5841	标准间	标准间，简洁整洁，设施完备，高性价比之选。	249	14560
5841	大床房	大床房，配备舒适大床，温馨静谧，适合休闲度假。	365	14561
5842	大床房	大床房，配备舒适大床，温馨静谧，适合休闲度假。	302	14562
5842	标准间	标准间，简洁整洁，设施完备，高性价比之选。	269	14563
5842	行政套房	行政套房，空间宽敞，配套齐全，尊享舒适入住体验。	720	14564
5843	标准间	标准间，简洁整洁，设施完备，高性价比之选。	313	14565
5843	大床房	大床房，配备舒适大床，温馨静谧，适合休闲度假。	382	14566
5844	行政套房	行政套房，空间宽敞，配套齐全，尊享舒适入住体验。	847	14567
5844	标准间	标准间，简洁整洁，设施完备，高性价比之选。	182	14568
5845	标准间	标准间，简洁整洁，设施完备，高性价比之选。	286	14569
5845	行政套房	行政套房，空间宽敞，配套齐全，尊享舒适入住体验。	692	14570
5845	大床房	大床房，配备舒适大床，温馨静谧，适合休闲度假。	444	14571
5846	标准间	标准间，简洁整洁，设施完备，高性价比之选。	308	14572
5846	大床房	大床房，配备舒适大床，温馨静谧，适合休闲度假。	324	14573
5847	行政套房	行政套房，空间宽敞，配套齐全，尊享舒适入住体验。	534	14574
5847	标准间	标准间，简洁整洁，设施完备，高性价比之选。	273	14575
5848	行政套房	行政套房，空间宽敞，配套齐全，尊享舒适入住体验。	739	14576
5848	大床房	大床房，配备舒适大床，温馨静谧，适合休闲度假。	283	14577
5849	标准间	标准间，简洁整洁，设施完备，高性价比之选。	256	14578
5849	行政套房	行政套房，空间宽敞，配套齐全，尊享舒适入住体验。	812	14579
5850	标准间	标准间，简洁整洁，设施完备，高性价比之选。	268	14580
5850	行政套房	行政套房，空间宽敞，配套齐全，尊享舒适入住体验。	546	14581
5851	标准间	标准间，简洁整洁，设施完备，高性价比之选。	241	14582
5851	行政套房	行政套房，空间宽敞，配套齐全，尊享舒适入住体验。	631	14583
5852	行政套房	行政套房，空间宽敞，配套齐全，尊享舒适入住体验。	789	14584
5852	标准间	标准间，简洁整洁，设施完备，高性价比之选。	249	14585
5852	大床房	大床房，配备舒适大床，温馨静谧，适合休闲度假。	271	14586
5853	行政套房	行政套房，空间宽敞，配套齐全，尊享舒适入住体验。	872	14587
5853	大床房	大床房，配备舒适大床，温馨静谧，适合休闲度假。	394	14588
5853	标准间	标准间，简洁整洁，设施完备，高性价比之选。	300	14589
5854	大床房	大床房，配备舒适大床，温馨静谧，适合休闲度假。	308	14590
5854	行政套房	行政套房，空间宽敞，配套齐全，尊享舒适入住体验。	597	14591
5854	标准间	标准间，简洁整洁，设施完备，高性价比之选。	277	14592
5855	行政套房	行政套房，空间宽敞，配套齐全，尊享舒适入住体验。	560	14593
5855	大床房	大床房，配备舒适大床，温馨静谧，适合休闲度假。	427	14594
5855	标准间	标准间，简洁整洁，设施完备，高性价比之选。	283	14595
5856	行政套房	行政套房，空间宽敞，配套齐全，尊享舒适入住体验。	658	14596
5856	标准间	标准间，简洁整洁，设施完备，高性价比之选。	311	14597
5856	大床房	大床房，配备舒适大床，温馨静谧，适合休闲度假。	433	14598
5857	大床房	大床房，配备舒适大床，温馨静谧，适合休闲度假。	404	14599
5857	标准间	标准间，简洁整洁，设施完备，高性价比之选。	202	14600
5858	行政套房	行政套房，空间宽敞，配套齐全，尊享舒适入住体验。	761	14601
5858	标准间	标准间，简洁整洁，设施完备，高性价比之选。	215	14602
5858	大床房	大床房，配备舒适大床，温馨静谧，适合休闲度假。	462	14603
5859	行政套房	行政套房，空间宽敞，配套齐全，尊享舒适入住体验。	813	14604
5859	大床房	大床房，配备舒适大床，温馨静谧，适合休闲度假。	350	14605
5859	标准间	标准间，简洁整洁，设施完备，高性价比之选。	292	14606
5860	大床房	大床房，配备舒适大床，温馨静谧，适合休闲度假。	418	14607
5860	标准间	标准间，简洁整洁，设施完备，高性价比之选。	192	14608
5861	大床房	大床房，配备舒适大床，温馨静谧，适合休闲度假。	341	14609
5861	行政套房	行政套房，空间宽敞，配套齐全，尊享舒适入住体验。	756	14610
5861	标准间	标准间，简洁整洁，设施完备，高性价比之选。	306	14611
5862	标准间	标准间，简洁整洁，设施完备，高性价比之选。	187	14612
5862	行政套房	行政套房，空间宽敞，配套齐全，尊享舒适入住体验。	763	14613
5862	大床房	大床房，配备舒适大床，温馨静谧，适合休闲度假。	442	14614
5863	行政套房	行政套房，空间宽敞，配套齐全，尊享舒适入住体验。	631	14615
5863	大床房	大床房，配备舒适大床，温馨静谧，适合休闲度假。	439	14616
5863	标准间	标准间，简洁整洁，设施完备，高性价比之选。	218	14617
5864	大床房	大床房，配备舒适大床，温馨静谧，适合休闲度假。	300	14618
5864	行政套房	行政套房，空间宽敞，配套齐全，尊享舒适入住体验。	744	14619
5864	标准间	标准间，简洁整洁，设施完备，高性价比之选。	253	14620
5865	标准间	标准间，简洁整洁，设施完备，高性价比之选。	187	14621
5865	大床房	大床房，配备舒适大床，温馨静谧，适合休闲度假。	343	14622
5865	行政套房	行政套房，空间宽敞，配套齐全，尊享舒适入住体验。	745	14623
5866	行政套房	行政套房，空间宽敞，配套齐全，尊享舒适入住体验。	654	14624
5866	大床房	大床房，配备舒适大床，温馨静谧，适合休闲度假。	359	14625
5866	标准间	标准间，简洁整洁，设施完备，高性价比之选。	194	14626
5867	行政套房	行政套房，空间宽敞，配套齐全，尊享舒适入住体验。	598	14627
5867	大床房	大床房，配备舒适大床，温馨静谧，适合休闲度假。	381	14628
5867	标准间	标准间，简洁整洁，设施完备，高性价比之选。	243	14629
5868	行政套房	行政套房，空间宽敞，配套齐全，尊享舒适入住体验。	703	14630
5868	标准间	标准间，简洁整洁，设施完备，高性价比之选。	184	14631
5869	标准间	标准间，简洁整洁，设施完备，高性价比之选。	192	14632
5869	大床房	大床房，配备舒适大床，温馨静谧，适合休闲度假。	397	14633
5870	行政套房	行政套房，空间宽敞，配套齐全，尊享舒适入住体验。	534	14634
5870	标准间	标准间，简洁整洁，设施完备，高性价比之选。	256	14635
5871	大床房	大床房，配备舒适大床，温馨静谧，适合休闲度假。	401	14636
5871	行政套房	行政套房，空间宽敞，配套齐全，尊享舒适入住体验。	692	14637
5872	行政套房	行政套房，空间宽敞，配套齐全，尊享舒适入住体验。	864	14638
5872	大床房	大床房，配备舒适大床，温馨静谧，适合休闲度假。	417	14639
5872	标准间	标准间，简洁整洁，设施完备，高性价比之选。	226	14640
5873	标准间	标准间，简洁整洁，设施完备，高性价比之选。	224	14641
5873	行政套房	行政套房，空间宽敞，配套齐全，尊享舒适入住体验。	760	14642
5874	大床房	大床房，配备舒适大床，温馨静谧，适合休闲度假。	278	14643
5874	标准间	标准间，简洁整洁，设施完备，高性价比之选。	267	14644
5874	行政套房	行政套房，空间宽敞，配套齐全，尊享舒适入住体验。	517	14645
5875	行政套房	行政套房，空间宽敞，配套齐全，尊享舒适入住体验。	758	14646
5875	大床房	大床房，配备舒适大床，温馨静谧，适合休闲度假。	411	14647
5876	大床房	大床房，配备舒适大床，温馨静谧，适合休闲度假。	362	14648
5876	行政套房	行政套房，空间宽敞，配套齐全，尊享舒适入住体验。	597	14649
5877	标准间	标准间，简洁整洁，设施完备，高性价比之选。	230	14650
5877	行政套房	行政套房，空间宽敞，配套齐全，尊享舒适入住体验。	800	14651
5878	标准间	标准间，简洁整洁，设施完备，高性价比之选。	309	14652
5878	大床房	大床房，配备舒适大床，温馨静谧，适合休闲度假。	437	14653
5879	大床房	大床房，配备舒适大床，温馨静谧，适合休闲度假。	363	14654
5879	标准间	标准间，简洁整洁，设施完备，高性价比之选。	287	14655
5879	行政套房	行政套房，空间宽敞，配套齐全，尊享舒适入住体验。	856	14656
5880	行政套房	行政套房，空间宽敞，配套齐全，尊享舒适入住体验。	753	14657
5880	标准间	标准间，简洁整洁，设施完备，高性价比之选。	217	14658
5880	大床房	大床房，配备舒适大床，温馨静谧，适合休闲度假。	279	14659
5881	行政套房	行政套房，空间宽敞，配套齐全，尊享舒适入住体验。	676	14660
5881	标准间	标准间，简洁整洁，设施完备，高性价比之选。	305	14661
5881	大床房	大床房，配备舒适大床，温馨静谧，适合休闲度假。	412	14662
5882	大床房	大床房，配备舒适大床，温馨静谧，适合休闲度假。	277	14663
5882	标准间	标准间，简洁整洁，设施完备，高性价比之选。	274	14664
5882	行政套房	行政套房，空间宽敞，配套齐全，尊享舒适入住体验。	664	14665
5883	大床房	大床房，配备舒适大床，温馨静谧，适合休闲度假。	294	14666
5883	标准间	标准间，简洁整洁，设施完备，高性价比之选。	264	14667
5884	大床房	大床房，配备舒适大床，温馨静谧，适合休闲度假。	324	14668
5884	行政套房	行政套房，空间宽敞，配套齐全，尊享舒适入住体验。	848	14669
5884	标准间	标准间，简洁整洁，设施完备，高性价比之选。	266	14670
5885	行政套房	行政套房，空间宽敞，配套齐全，尊享舒适入住体验。	507	14671
5885	大床房	大床房，配备舒适大床，温馨静谧，适合休闲度假。	324	14672
5886	标准间	标准间，简洁整洁，设施完备，高性价比之选。	194	14673
5886	行政套房	行政套房，空间宽敞，配套齐全，尊享舒适入住体验。	612	14674
5887	大床房	大床房，配备舒适大床，温馨静谧，适合休闲度假。	300	14675
5887	标准间	标准间，简洁整洁，设施完备，高性价比之选。	314	14676
5887	行政套房	行政套房，空间宽敞，配套齐全，尊享舒适入住体验。	846	14677
5888	大床房	大床房，配备舒适大床，温馨静谧，适合休闲度假。	419	14678
5888	行政套房	行政套房，空间宽敞，配套齐全，尊享舒适入住体验。	786	14679
5889	行政套房	行政套房，空间宽敞，配套齐全，尊享舒适入住体验。	798	14680
5889	标准间	标准间，简洁整洁，设施完备，高性价比之选。	238	14681
5889	大床房	大床房，配备舒适大床，温馨静谧，适合休闲度假。	459	14682
5890	行政套房	行政套房，空间宽敞，配套齐全，尊享舒适入住体验。	590	14683
5890	大床房	大床房，配备舒适大床，温馨静谧，适合休闲度假。	442	14684
5891	行政套房	行政套房，空间宽敞，配套齐全，尊享舒适入住体验。	749	14685
5891	标准间	标准间，简洁整洁，设施完备，高性价比之选。	282	14686
5891	大床房	大床房，配备舒适大床，温馨静谧，适合休闲度假。	473	14687
5892	标准间	标准间，简洁整洁，设施完备，高性价比之选。	289	14688
5892	大床房	大床房，配备舒适大床，温馨静谧，适合休闲度假。	279	14689
5892	行政套房	行政套房，空间宽敞，配套齐全，尊享舒适入住体验。	699	14690
5893	大床房	大床房，配备舒适大床，温馨静谧，适合休闲度假。	340	14691
5893	行政套房	行政套房，空间宽敞，配套齐全，尊享舒适入住体验。	735	14692
5893	标准间	标准间，简洁整洁，设施完备，高性价比之选。	261	14693
5894	标准间	标准间，简洁整洁，设施完备，高性价比之选。	203	14694
5894	行政套房	行政套房，空间宽敞，配套齐全，尊享舒适入住体验。	727	14695
5894	大床房	大床房，配备舒适大床，温馨静谧，适合休闲度假。	314	14696
5895	行政套房	行政套房，空间宽敞，配套齐全，尊享舒适入住体验。	657	14697
5895	标准间	标准间，简洁整洁，设施完备，高性价比之选。	245	14698
5895	大床房	大床房，配备舒适大床，温馨静谧，适合休闲度假。	328	14699
5896	行政套房	行政套房，空间宽敞，配套齐全，尊享舒适入住体验。	821	14700
5896	大床房	大床房，配备舒适大床，温馨静谧，适合休闲度假。	290	14701
5896	标准间	标准间，简洁整洁，设施完备，高性价比之选。	253	14702
5897	标准间	标准间，简洁整洁，设施完备，高性价比之选。	247	14703
5897	大床房	大床房，配备舒适大床，温馨静谧，适合休闲度假。	477	14704
5897	行政套房	行政套房，空间宽敞，配套齐全，尊享舒适入住体验。	662	14705
5898	标准间	标准间，简洁整洁，设施完备，高性价比之选。	259	14706
5898	行政套房	行政套房，空间宽敞，配套齐全，尊享舒适入住体验。	736	14707
5899	大床房	大床房，配备舒适大床，温馨静谧，适合休闲度假。	376	14708
5899	标准间	标准间，简洁整洁，设施完备，高性价比之选。	224	14709
5900	大床房	大床房，配备舒适大床，温馨静谧，适合休闲度假。	469	14710
5900	行政套房	行政套房，空间宽敞，配套齐全，尊享舒适入住体验。	509	14711
5900	标准间	标准间，简洁整洁，设施完备，高性价比之选。	299	14712
5901	大床房	大床房，配备舒适大床，温馨静谧，适合休闲度假。	280	14713
5901	标准间	标准间，简洁整洁，设施完备，高性价比之选。	198	14714
5901	行政套房	行政套房，空间宽敞，配套齐全，尊享舒适入住体验。	727	14715
5902	行政套房	行政套房，空间宽敞，配套齐全，尊享舒适入住体验。	629	14716
5902	标准间	标准间，简洁整洁，设施完备，高性价比之选。	213	14717
5902	大床房	大床房，配备舒适大床，温馨静谧，适合休闲度假。	408	14718
5903	标准间	标准间，简洁整洁，设施完备，高性价比之选。	225	14719
5903	大床房	大床房，配备舒适大床，温馨静谧，适合休闲度假。	419	14720
5904	行政套房	行政套房，空间宽敞，配套齐全，尊享舒适入住体验。	651	14721
5904	标准间	标准间，简洁整洁，设施完备，高性价比之选。	297	14722
5904	大床房	大床房，配备舒适大床，温馨静谧，适合休闲度假。	404	14723
5905	标准间	标准间，简洁整洁，设施完备，高性价比之选。	258	14724
5905	大床房	大床房，配备舒适大床，温馨静谧，适合休闲度假。	297	14725
5906	行政套房	行政套房，空间宽敞，配套齐全，尊享舒适入住体验。	766	14726
5906	大床房	大床房，配备舒适大床，温馨静谧，适合休闲度假。	304	14727
5907	行政套房	行政套房，空间宽敞，配套齐全，尊享舒适入住体验。	491	14728
5907	大床房	大床房，配备舒适大床，温馨静谧，适合休闲度假。	299	14729
5908	行政套房	行政套房，空间宽敞，配套齐全，尊享舒适入住体验。	810	14730
5908	标准间	标准间，简洁整洁，设施完备，高性价比之选。	265	14731
5908	大床房	大床房，配备舒适大床，温馨静谧，适合休闲度假。	439	14732
5909	大床房	大床房，配备舒适大床，温馨静谧，适合休闲度假。	475	14733
5909	行政套房	行政套房，空间宽敞，配套齐全，尊享舒适入住体验。	686	14734
5910	行政套房	行政套房，空间宽敞，配套齐全，尊享舒适入住体验。	482	14735
5910	标准间	标准间，简洁整洁，设施完备，高性价比之选。	223	14736
5910	大床房	大床房，配备舒适大床，温馨静谧，适合休闲度假。	339	14737
5911	大床房	大床房，配备舒适大床，温馨静谧，适合休闲度假。	335	14738
5911	行政套房	行政套房，空间宽敞，配套齐全，尊享舒适入住体验。	781	14739
5911	标准间	标准间，简洁整洁，设施完备，高性价比之选。	185	14740
5912	标准间	标准间，简洁整洁，设施完备，高性价比之选。	239	14741
5912	行政套房	行政套房，空间宽敞，配套齐全，尊享舒适入住体验。	508	14742
5913	行政套房	行政套房，空间宽敞，配套齐全，尊享舒适入住体验。	563	14743
5913	大床房	大床房，配备舒适大床，温馨静谧，适合休闲度假。	441	14744
5914	行政套房	行政套房，空间宽敞，配套齐全，尊享舒适入住体验。	671	14745
5914	大床房	大床房，配备舒适大床，温馨静谧，适合休闲度假。	355	14746
5914	标准间	标准间，简洁整洁，设施完备，高性价比之选。	265	14747
5915	行政套房	行政套房，空间宽敞，配套齐全，尊享舒适入住体验。	539	14748
5915	大床房	大床房，配备舒适大床，温馨静谧，适合休闲度假。	416	14749
5916	行政套房	行政套房，空间宽敞，配套齐全，尊享舒适入住体验。	589	14750
5916	标准间	标准间，简洁整洁，设施完备，高性价比之选。	211	14751
5916	大床房	大床房，配备舒适大床，温馨静谧，适合休闲度假。	387	14752
5917	大床房	大床房，配备舒适大床，温馨静谧，适合休闲度假。	330	14753
5917	标准间	标准间，简洁整洁，设施完备，高性价比之选。	272	14754
5918	大床房	大床房，配备舒适大床，温馨静谧，适合休闲度假。	413	14755
5918	标准间	标准间，简洁整洁，设施完备，高性价比之选。	299	14756
5919	标准间	标准间，简洁整洁，设施完备，高性价比之选。	254	14757
5919	大床房	大床房，配备舒适大床，温馨静谧，适合休闲度假。	363	14758
5920	行政套房	行政套房，空间宽敞，配套齐全，尊享舒适入住体验。	843	14759
5920	标准间	标准间，简洁整洁，设施完备，高性价比之选。	266	14760
5920	大床房	大床房，配备舒适大床，温馨静谧，适合休闲度假。	277	14761
5921	大床房	大床房，配备舒适大床，温馨静谧，适合休闲度假。	442	14762
5921	标准间	标准间，简洁整洁，设施完备，高性价比之选。	230	14763
5922	行政套房	行政套房，空间宽敞，配套齐全，尊享舒适入住体验。	511	14764
5922	大床房	大床房，配备舒适大床，温馨静谧，适合休闲度假。	435	14765
5923	行政套房	行政套房，空间宽敞，配套齐全，尊享舒适入住体验。	782	14766
5923	大床房	大床房，配备舒适大床，温馨静谧，适合休闲度假。	368	14767
5924	行政套房	行政套房，空间宽敞，配套齐全，尊享舒适入住体验。	622	14768
5924	大床房	大床房，配备舒适大床，温馨静谧，适合休闲度假。	360	14769
5925	标准间	标准间，简洁整洁，设施完备，高性价比之选。	274	14770
5925	大床房	大床房，配备舒适大床，温馨静谧，适合休闲度假。	400	14771
5926	行政套房	行政套房，空间宽敞，配套齐全，尊享舒适入住体验。	691	14772
5926	大床房	大床房，配备舒适大床，温馨静谧，适合休闲度假。	437	14773
5927	行政套房	行政套房，空间宽敞，配套齐全，尊享舒适入住体验。	492	14774
5927	标准间	标准间，简洁整洁，设施完备，高性价比之选。	212	14775
5928	标准间	标准间，简洁整洁，设施完备，高性价比之选。	307	14776
5928	行政套房	行政套房，空间宽敞，配套齐全，尊享舒适入住体验。	663	14777
5928	大床房	大床房，配备舒适大床，温馨静谧，适合休闲度假。	278	14778
5929	行政套房	行政套房，空间宽敞，配套齐全，尊享舒适入住体验。	543	14779
5929	标准间	标准间，简洁整洁，设施完备，高性价比之选。	221	14780
5930	标准间	标准间，简洁整洁，设施完备，高性价比之选。	251	14781
5930	大床房	大床房，配备舒适大床，温馨静谧，适合休闲度假。	262	14782
5930	行政套房	行政套房，空间宽敞，配套齐全，尊享舒适入住体验。	853	14783
5931	大床房	大床房，配备舒适大床，温馨静谧，适合休闲度假。	443	14784
5931	标准间	标准间，简洁整洁，设施完备，高性价比之选。	210	14785
5931	行政套房	行政套房，空间宽敞，配套齐全，尊享舒适入住体验。	519	14786
5932	行政套房	行政套房，空间宽敞，配套齐全，尊享舒适入住体验。	715	14787
5932	标准间	标准间，简洁整洁，设施完备，高性价比之选。	273	14788
5933	大床房	大床房，配备舒适大床，温馨静谧，适合休闲度假。	323	14789
5933	标准间	标准间，简洁整洁，设施完备，高性价比之选。	248	14790
5933	行政套房	行政套房，空间宽敞，配套齐全，尊享舒适入住体验。	706	14791
5934	行政套房	行政套房，空间宽敞，配套齐全，尊享舒适入住体验。	487	14792
5934	标准间	标准间，简洁整洁，设施完备，高性价比之选。	284	14793
5935	大床房	大床房，配备舒适大床，温馨静谧，适合休闲度假。	333	14794
5935	标准间	标准间，简洁整洁，设施完备，高性价比之选。	291	14795
5935	行政套房	行政套房，空间宽敞，配套齐全，尊享舒适入住体验。	770	14796
5936	标准间	标准间，简洁整洁，设施完备，高性价比之选。	184	14797
5936	大床房	大床房，配备舒适大床，温馨静谧，适合休闲度假。	336	14798
5936	行政套房	行政套房，空间宽敞，配套齐全，尊享舒适入住体验。	638	14799
5937	大床房	大床房，配备舒适大床，温馨静谧，适合休闲度假。	397	14800
5937	标准间	标准间，简洁整洁，设施完备，高性价比之选。	291	14801
5937	行政套房	行政套房，空间宽敞，配套齐全，尊享舒适入住体验。	672	14802
5938	标准间	标准间，简洁整洁，设施完备，高性价比之选。	184	14803
5938	大床房	大床房，配备舒适大床，温馨静谧，适合休闲度假。	478	14804
5939	行政套房	行政套房，空间宽敞，配套齐全，尊享舒适入住体验。	612	14805
5939	大床房	大床房，配备舒适大床，温馨静谧，适合休闲度假。	323	14806
5939	标准间	标准间，简洁整洁，设施完备，高性价比之选。	314	14807
5940	标准间	标准间，简洁整洁，设施完备，高性价比之选。	240	14808
5940	大床房	大床房，配备舒适大床，温馨静谧，适合休闲度假。	378	14809
5940	行政套房	行政套房，空间宽敞，配套齐全，尊享舒适入住体验。	866	14810
5941	标准间	标准间，简洁整洁，设施完备，高性价比之选。	228	14811
5941	大床房	大床房，配备舒适大床，温馨静谧，适合休闲度假。	450	14812
5941	行政套房	行政套房，空间宽敞，配套齐全，尊享舒适入住体验。	706	14813
5942	大床房	大床房，配备舒适大床，温馨静谧，适合休闲度假。	441	14814
5942	行政套房	行政套房，空间宽敞，配套齐全，尊享舒适入住体验。	757	14815
5943	行政套房	行政套房，空间宽敞，配套齐全，尊享舒适入住体验。	581	14816
5943	标准间	标准间，简洁整洁，设施完备，高性价比之选。	314	14817
5944	大床房	大床房，配备舒适大床，温馨静谧，适合休闲度假。	349	14818
5944	标准间	标准间，简洁整洁，设施完备，高性价比之选。	301	14819
5945	行政套房	行政套房，空间宽敞，配套齐全，尊享舒适入住体验。	504	14820
5945	标准间	标准间，简洁整洁，设施完备，高性价比之选。	200	14821
5946	标准间	标准间，简洁整洁，设施完备，高性价比之选。	236	14822
5946	大床房	大床房，配备舒适大床，温馨静谧，适合休闲度假。	269	14823
5946	行政套房	行政套房，空间宽敞，配套齐全，尊享舒适入住体验。	562	14824
5947	行政套房	行政套房，空间宽敞，配套齐全，尊享舒适入住体验。	727	14825
5947	标准间	标准间，简洁整洁，设施完备，高性价比之选。	303	14826
5947	大床房	大床房，配备舒适大床，温馨静谧，适合休闲度假。	478	14827
5948	大床房	大床房，配备舒适大床，温馨静谧，适合休闲度假。	386	14828
5948	标准间	标准间，简洁整洁，设施完备，高性价比之选。	241	14829
5948	行政套房	行政套房，空间宽敞，配套齐全，尊享舒适入住体验。	573	14830
5949	大床房	大床房，配备舒适大床，温馨静谧，适合休闲度假。	392	14831
5949	标准间	标准间，简洁整洁，设施完备，高性价比之选。	293	14832
5950	行政套房	行政套房，空间宽敞，配套齐全，尊享舒适入住体验。	833	14833
5950	大床房	大床房，配备舒适大床，温馨静谧，适合休闲度假。	262	14834
5950	标准间	标准间，简洁整洁，设施完备，高性价比之选。	231	14835
5951	标准间	标准间，简洁整洁，设施完备，高性价比之选。	264	14836
5951	行政套房	行政套房，空间宽敞，配套齐全，尊享舒适入住体验。	726	14837
5951	大床房	大床房，配备舒适大床，温馨静谧，适合休闲度假。	453	14838
5952	标准间	标准间，简洁整洁，设施完备，高性价比之选。	266	14839
5952	大床房	大床房，配备舒适大床，温馨静谧，适合休闲度假。	268	14840
5952	行政套房	行政套房，空间宽敞，配套齐全，尊享舒适入住体验。	734	14841
5953	行政套房	行政套房，空间宽敞，配套齐全，尊享舒适入住体验。	557	14842
5953	大床房	大床房，配备舒适大床，温馨静谧，适合休闲度假。	285	14843
5954	标准间	标准间，简洁整洁，设施完备，高性价比之选。	294	14844
5954	大床房	大床房，配备舒适大床，温馨静谧，适合休闲度假。	261	14845
5954	行政套房	行政套房，空间宽敞，配套齐全，尊享舒适入住体验。	589	14846
5955	大床房	大床房，配备舒适大床，温馨静谧，适合休闲度假。	283	14847
5955	行政套房	行政套房，空间宽敞，配套齐全，尊享舒适入住体验。	678	14848
5955	标准间	标准间，简洁整洁，设施完备，高性价比之选。	274	14849
5956	标准间	标准间，简洁整洁，设施完备，高性价比之选。	228	14850
5956	大床房	大床房，配备舒适大床，温馨静谧，适合休闲度假。	436	14851
5956	行政套房	行政套房，空间宽敞，配套齐全，尊享舒适入住体验。	837	14852
5957	标准间	标准间，简洁整洁，设施完备，高性价比之选。	312	14853
5957	大床房	大床房，配备舒适大床，温馨静谧，适合休闲度假。	269	14854
5958	行政套房	行政套房，空间宽敞，配套齐全，尊享舒适入住体验。	637	14855
5958	大床房	大床房，配备舒适大床，温馨静谧，适合休闲度假。	477	14856
5959	行政套房	行政套房，空间宽敞，配套齐全，尊享舒适入住体验。	670	14857
5959	大床房	大床房，配备舒适大床，温馨静谧，适合休闲度假。	420	14858
5960	行政套房	行政套房，空间宽敞，配套齐全，尊享舒适入住体验。	858	14859
5960	大床房	大床房，配备舒适大床，温馨静谧，适合休闲度假。	266	14860
5960	标准间	标准间，简洁整洁，设施完备，高性价比之选。	305	14861
5961	大床房	大床房，配备舒适大床，温馨静谧，适合休闲度假。	338	14862
5961	标准间	标准间，简洁整洁，设施完备，高性价比之选。	248	14863
5962	标准间	标准间，简洁整洁，设施完备，高性价比之选。	291	14864
5962	大床房	大床房，配备舒适大床，温馨静谧，适合休闲度假。	330	14865
5963	大床房	大床房，配备舒适大床，温馨静谧，适合休闲度假。	418	14866
5963	标准间	标准间，简洁整洁，设施完备，高性价比之选。	278	14867
5963	行政套房	行政套房，空间宽敞，配套齐全，尊享舒适入住体验。	522	14868
5964	标准间	标准间，简洁整洁，设施完备，高性价比之选。	193	14869
5964	行政套房	行政套房，空间宽敞，配套齐全，尊享舒适入住体验。	788	14870
5965	行政套房	行政套房，空间宽敞，配套齐全，尊享舒适入住体验。	647	14871
5965	标准间	标准间，简洁整洁，设施完备，高性价比之选。	289	14872
5966	标准间	标准间，简洁整洁，设施完备，高性价比之选。	255	14873
5966	大床房	大床房，配备舒适大床，温馨静谧，适合休闲度假。	327	14874
5967	大床房	大床房，配备舒适大床，温馨静谧，适合休闲度假。	371	14875
5967	行政套房	行政套房，空间宽敞，配套齐全，尊享舒适入住体验。	613	14876
5967	标准间	标准间，简洁整洁，设施完备，高性价比之选。	271	14877
5968	大床房	大床房，配备舒适大床，温馨静谧，适合休闲度假。	367	14878
5968	标准间	标准间，简洁整洁，设施完备，高性价比之选。	273	14879
5968	行政套房	行政套房，空间宽敞，配套齐全，尊享舒适入住体验。	514	14880
5969	标准间	标准间，简洁整洁，设施完备，高性价比之选。	304	14881
5969	行政套房	行政套房，空间宽敞，配套齐全，尊享舒适入住体验。	776	14882
5969	大床房	大床房，配备舒适大床，温馨静谧，适合休闲度假。	415	14883
5970	标准间	标准间，简洁整洁，设施完备，高性价比之选。	197	14884
5970	行政套房	行政套房，空间宽敞，配套齐全，尊享舒适入住体验。	662	14885
5970	大床房	大床房，配备舒适大床，温馨静谧，适合休闲度假。	449	14886
5971	标准间	标准间，简洁整洁，设施完备，高性价比之选。	319	14887
5971	行政套房	行政套房，空间宽敞，配套齐全，尊享舒适入住体验。	718	14888
5972	大床房	大床房，配备舒适大床，温馨静谧，适合休闲度假。	447	14889
5972	行政套房	行政套房，空间宽敞，配套齐全，尊享舒适入住体验。	685	14890
5972	标准间	标准间，简洁整洁，设施完备，高性价比之选。	270	14891
5973	大床房	大床房，配备舒适大床，温馨静谧，适合休闲度假。	369	14892
5973	行政套房	行政套房，空间宽敞，配套齐全，尊享舒适入住体验。	501	14893
5974	标准间	标准间，简洁整洁，设施完备，高性价比之选。	218	14894
5974	行政套房	行政套房，空间宽敞，配套齐全，尊享舒适入住体验。	486	14895
5975	大床房	大床房，配备舒适大床，温馨静谧，适合休闲度假。	405	14896
5975	标准间	标准间，简洁整洁，设施完备，高性价比之选。	247	14897
5975	行政套房	行政套房，空间宽敞，配套齐全，尊享舒适入住体验。	680	14898
5976	行政套房	行政套房，空间宽敞，配套齐全，尊享舒适入住体验。	727	14899
5976	标准间	标准间，简洁整洁，设施完备，高性价比之选。	276	14900
5977	大床房	大床房，配备舒适大床，温馨静谧，适合休闲度假。	446	14901
5977	行政套房	行政套房，空间宽敞，配套齐全，尊享舒适入住体验。	490	14902
5978	行政套房	行政套房，空间宽敞，配套齐全，尊享舒适入住体验。	606	14903
5978	标准间	标准间，简洁整洁，设施完备，高性价比之选。	197	14904
5978	大床房	大床房，配备舒适大床，温馨静谧，适合休闲度假。	393	14905
5979	标准间	标准间，简洁整洁，设施完备，高性价比之选。	255	14906
5979	行政套房	行政套房，空间宽敞，配套齐全，尊享舒适入住体验。	637	14907
5980	标准间	标准间，简洁整洁，设施完备，高性价比之选。	261	14908
5980	行政套房	行政套房，空间宽敞，配套齐全，尊享舒适入住体验。	828	14909
5980	大床房	大床房，配备舒适大床，温馨静谧，适合休闲度假。	353	14910
5981	大床房	大床房，配备舒适大床，温馨静谧，适合休闲度假。	349	14911
5981	行政套房	行政套房，空间宽敞，配套齐全，尊享舒适入住体验。	785	14912
5982	标准间	标准间，简洁整洁，设施完备，高性价比之选。	320	14913
5982	行政套房	行政套房，空间宽敞，配套齐全，尊享舒适入住体验。	739	14914
5982	大床房	大床房，配备舒适大床，温馨静谧，适合休闲度假。	441	14915
5983	大床房	大床房，配备舒适大床，温馨静谧，适合休闲度假。	301	14916
5983	标准间	标准间，简洁整洁，设施完备，高性价比之选。	291	14917
5984	标准间	标准间，简洁整洁，设施完备，高性价比之选。	257	14918
5984	大床房	大床房，配备舒适大床，温馨静谧，适合休闲度假。	434	14919
5984	行政套房	行政套房，空间宽敞，配套齐全，尊享舒适入住体验。	791	14920
5985	行政套房	行政套房，空间宽敞，配套齐全，尊享舒适入住体验。	597	14921
5985	标准间	标准间，简洁整洁，设施完备，高性价比之选。	202	14922
5985	大床房	大床房，配备舒适大床，温馨静谧，适合休闲度假。	288	14923
5986	标准间	标准间，简洁整洁，设施完备，高性价比之选。	208	14924
5986	行政套房	行政套房，空间宽敞，配套齐全，尊享舒适入住体验。	619	14925
5986	大床房	大床房，配备舒适大床，温馨静谧，适合休闲度假。	381	14926
5987	标准间	标准间，简洁整洁，设施完备，高性价比之选。	260	14927
5987	大床房	大床房，配备舒适大床，温馨静谧，适合休闲度假。	305	14928
5987	行政套房	行政套房，空间宽敞，配套齐全，尊享舒适入住体验。	833	14929
5988	标准间	标准间，简洁整洁，设施完备，高性价比之选。	276	14930
5988	行政套房	行政套房，空间宽敞，配套齐全，尊享舒适入住体验。	493	14931
5989	行政套房	行政套房，空间宽敞，配套齐全，尊享舒适入住体验。	666	14932
5989	标准间	标准间，简洁整洁，设施完备，高性价比之选。	315	14933
5989	大床房	大床房，配备舒适大床，温馨静谧，适合休闲度假。	376	14934
5990	大床房	大床房，配备舒适大床，温馨静谧，适合休闲度假。	332	14935
5990	标准间	标准间，简洁整洁，设施完备，高性价比之选。	268	14936
5990	行政套房	行政套房，空间宽敞，配套齐全，尊享舒适入住体验。	723	14937
5991	行政套房	行政套房，空间宽敞，配套齐全，尊享舒适入住体验。	706	14938
5991	大床房	大床房，配备舒适大床，温馨静谧，适合休闲度假。	388	14939
5991	标准间	标准间，简洁整洁，设施完备，高性价比之选。	304	14940
5992	标准间	标准间，简洁整洁，设施完备，高性价比之选。	283	14941
5992	行政套房	行政套房，空间宽敞，配套齐全，尊享舒适入住体验。	523	14942
5992	大床房	大床房，配备舒适大床，温馨静谧，适合休闲度假。	304	14943
5993	标准间	标准间，简洁整洁，设施完备，高性价比之选。	183	14944
5993	行政套房	行政套房，空间宽敞，配套齐全，尊享舒适入住体验。	584	14945
5993	大床房	大床房，配备舒适大床，温馨静谧，适合休闲度假。	317	14946
5994	行政套房	行政套房，空间宽敞，配套齐全，尊享舒适入住体验。	839	14947
5994	大床房	大床房，配备舒适大床，温馨静谧，适合休闲度假。	366	14948
5995	标准间	标准间，简洁整洁，设施完备，高性价比之选。	260	14949
5995	行政套房	行政套房，空间宽敞，配套齐全，尊享舒适入住体验。	705	14950
5995	大床房	大床房，配备舒适大床，温馨静谧，适合休闲度假。	271	14951
5996	标准间	标准间，简洁整洁，设施完备，高性价比之选。	290	14952
5996	行政套房	行政套房，空间宽敞，配套齐全，尊享舒适入住体验。	862	14953
5996	大床房	大床房，配备舒适大床，温馨静谧，适合休闲度假。	405	14954
5997	行政套房	行政套房，空间宽敞，配套齐全，尊享舒适入住体验。	746	14955
5997	标准间	标准间，简洁整洁，设施完备，高性价比之选。	209	14956
5998	行政套房	行政套房，空间宽敞，配套齐全，尊享舒适入住体验。	586	14957
5998	标准间	标准间，简洁整洁，设施完备，高性价比之选。	308	14958
5999	标准间	标准间，简洁整洁，设施完备，高性价比之选。	297	14959
5999	行政套房	行政套房，空间宽敞，配套齐全，尊享舒适入住体验。	875	14960
6000	大床房	大床房，配备舒适大床，温馨静谧，适合休闲度假。	459	14961
6000	标准间	标准间，简洁整洁，设施完备，高性价比之选。	182	14962
6000	行政套房	行政套房，空间宽敞，配套齐全，尊享舒适入住体验。	711	14963
6001	行政套房	行政套房，空间宽敞，配套齐全，尊享舒适入住体验。	662	14964
6001	大床房	大床房，配备舒适大床，温馨静谧，适合休闲度假。	477	14965
6002	行政套房	行政套房，空间宽敞，配套齐全，尊享舒适入住体验。	845	14966
6002	标准间	标准间，简洁整洁，设施完备，高性价比之选。	189	14967
6003	大床房	大床房，配备舒适大床，温馨静谧，适合休闲度假。	309	14968
6003	行政套房	行政套房，空间宽敞，配套齐全，尊享舒适入住体验。	650	14969
6004	大床房	大床房，配备舒适大床，温馨静谧，适合休闲度假。	310	14970
6004	行政套房	行政套房，空间宽敞，配套齐全，尊享舒适入住体验。	640	14971
6005	行政套房	行政套房，空间宽敞，配套齐全，尊享舒适入住体验。	671	14972
6005	大床房	大床房，配备舒适大床，温馨静谧，适合休闲度假。	427	14973
6006	行政套房	行政套房，空间宽敞，配套齐全，尊享舒适入住体验。	723	14974
6006	标准间	标准间，简洁整洁，设施完备，高性价比之选。	182	14975
6007	大床房	大床房，配备舒适大床，温馨静谧，适合休闲度假。	351	14976
6007	标准间	标准间，简洁整洁，设施完备，高性价比之选。	257	14977
6008	行政套房	行政套房，空间宽敞，配套齐全，尊享舒适入住体验。	534	14978
6008	标准间	标准间，简洁整洁，设施完备，高性价比之选。	273	14979
6008	大床房	大床房，配备舒适大床，温馨静谧，适合休闲度假。	319	14980
6009	大床房	大床房，配备舒适大床，温馨静谧，适合休闲度假。	350	14981
6009	标准间	标准间，简洁整洁，设施完备，高性价比之选。	289	14982
6009	行政套房	行政套房，空间宽敞，配套齐全，尊享舒适入住体验。	680	14983
6010	大床房	大床房，配备舒适大床，温馨静谧，适合休闲度假。	278	14984
6010	行政套房	行政套房，空间宽敞，配套齐全，尊享舒适入住体验。	824	14985
6011	行政套房	行政套房，空间宽敞，配套齐全，尊享舒适入住体验。	639	14986
6011	大床房	大床房，配备舒适大床，温馨静谧，适合休闲度假。	324	14987
6012	行政套房	行政套房，空间宽敞，配套齐全，尊享舒适入住体验。	504	14988
6012	标准间	标准间，简洁整洁，设施完备，高性价比之选。	282	14989
6013	大床房	大床房，配备舒适大床，温馨静谧，适合休闲度假。	468	14990
6013	行政套房	行政套房，空间宽敞，配套齐全，尊享舒适入住体验。	756	14991
6014	标准间	标准间，简洁整洁，设施完备，高性价比之选。	181	14992
6014	大床房	大床房，配备舒适大床，温馨静谧，适合休闲度假。	391	14993
6015	标准间	标准间，简洁整洁，设施完备，高性价比之选。	276	14994
6015	行政套房	行政套房，空间宽敞，配套齐全，尊享舒适入住体验。	681	14995
6015	大床房	大床房，配备舒适大床，温馨静谧，适合休闲度假。	389	14996
6016	行政套房	行政套房，空间宽敞，配套齐全，尊享舒适入住体验。	706	14997
6016	大床房	大床房，配备舒适大床，温馨静谧，适合休闲度假。	342	14998
6016	标准间	标准间，简洁整洁，设施完备，高性价比之选。	198	14999
6017	标准间	标准间，简洁整洁，设施完备，高性价比之选。	304	15000
6017	大床房	大床房，配备舒适大床，温馨静谧，适合休闲度假。	335	15001
6018	标准间	标准间，简洁整洁，设施完备，高性价比之选。	232	15002
6018	大床房	大床房，配备舒适大床，温馨静谧，适合休闲度假。	336	15003
6018	行政套房	行政套房，空间宽敞，配套齐全，尊享舒适入住体验。	788	15004
6019	行政套房	行政套房，空间宽敞，配套齐全，尊享舒适入住体验。	533	15005
6019	标准间	标准间，简洁整洁，设施完备，高性价比之选。	193	15006
6020	行政套房	行政套房，空间宽敞，配套齐全，尊享舒适入住体验。	821	15007
6020	大床房	大床房，配备舒适大床，温馨静谧，适合休闲度假。	357	15008
6020	标准间	标准间，简洁整洁，设施完备，高性价比之选。	294	15009
6021	标准间	标准间，简洁整洁，设施完备，高性价比之选。	196	15010
6021	行政套房	行政套房，空间宽敞，配套齐全，尊享舒适入住体验。	784	15011
6021	大床房	大床房，配备舒适大床，温馨静谧，适合休闲度假。	390	15012
6022	行政套房	行政套房，空间宽敞，配套齐全，尊享舒适入住体验。	510	15013
6022	标准间	标准间，简洁整洁，设施完备，高性价比之选。	231	15014
6023	标准间	标准间，简洁整洁，设施完备，高性价比之选。	206	15015
6023	行政套房	行政套房，空间宽敞，配套齐全，尊享舒适入住体验。	780	15016
6023	大床房	大床房，配备舒适大床，温馨静谧，适合休闲度假。	461	15017
6024	行政套房	行政套房，空间宽敞，配套齐全，尊享舒适入住体验。	725	15018
6024	大床房	大床房，配备舒适大床，温馨静谧，适合休闲度假。	350	15019
6024	标准间	标准间，简洁整洁，设施完备，高性价比之选。	214	15020
6025	标准间	标准间，简洁整洁，设施完备，高性价比之选。	292	15021
6025	大床房	大床房，配备舒适大床，温馨静谧，适合休闲度假。	459	15022
6026	行政套房	行政套房，空间宽敞，配套齐全，尊享舒适入住体验。	846	15023
6026	标准间	标准间，简洁整洁，设施完备，高性价比之选。	271	15024
6027	大床房	大床房，配备舒适大床，温馨静谧，适合休闲度假。	463	15025
6027	标准间	标准间，简洁整洁，设施完备，高性价比之选。	268	15026
6027	行政套房	行政套房，空间宽敞，配套齐全，尊享舒适入住体验。	690	15027
6028	大床房	大床房，配备舒适大床，温馨静谧，适合休闲度假。	343	15028
6028	标准间	标准间，简洁整洁，设施完备，高性价比之选。	299	15029
6029	标准间	标准间，简洁整洁，设施完备，高性价比之选。	184	15030
6029	行政套房	行政套房，空间宽敞，配套齐全，尊享舒适入住体验。	835	15031
6030	标准间	标准间，简洁整洁，设施完备，高性价比之选。	270	15032
6030	大床房	大床房，配备舒适大床，温馨静谧，适合休闲度假。	434	15033
6030	行政套房	行政套房，空间宽敞，配套齐全，尊享舒适入住体验。	658	15034
6031	标准间	标准间，简洁整洁，设施完备，高性价比之选。	303	15035
6031	行政套房	行政套房，空间宽敞，配套齐全，尊享舒适入住体验。	830	15036
6031	大床房	大床房，配备舒适大床，温馨静谧，适合休闲度假。	433	15037
6032	行政套房	行政套房，空间宽敞，配套齐全，尊享舒适入住体验。	578	15038
6032	标准间	标准间，简洁整洁，设施完备，高性价比之选。	277	15039
6032	大床房	大床房，配备舒适大床，温馨静谧，适合休闲度假。	444	15040
6033	标准间	标准间，简洁整洁，设施完备，高性价比之选。	262	15041
6033	大床房	大床房，配备舒适大床，温馨静谧，适合休闲度假。	480	15042
6034	标准间	标准间，简洁整洁，设施完备，高性价比之选。	315	15043
6034	行政套房	行政套房，空间宽敞，配套齐全，尊享舒适入住体验。	670	15044
6034	大床房	大床房，配备舒适大床，温馨静谧，适合休闲度假。	365	15045
6035	行政套房	行政套房，空间宽敞，配套齐全，尊享舒适入住体验。	651	15046
6035	标准间	标准间，简洁整洁，设施完备，高性价比之选。	279	15047
6035	大床房	大床房，配备舒适大床，温馨静谧，适合休闲度假。	285	15048
6036	行政套房	行政套房，空间宽敞，配套齐全，尊享舒适入住体验。	672	15049
6036	标准间	标准间，简洁整洁，设施完备，高性价比之选。	316	15050
6036	大床房	大床房，配备舒适大床，温馨静谧，适合休闲度假。	360	15051
6037	行政套房	行政套房，空间宽敞，配套齐全，尊享舒适入住体验。	835	15052
6037	大床房	大床房，配备舒适大床，温馨静谧，适合休闲度假。	467	15053
6037	标准间	标准间，简洁整洁，设施完备，高性价比之选。	278	15054
6038	标准间	标准间，简洁整洁，设施完备，高性价比之选。	261	15055
6038	行政套房	行政套房，空间宽敞，配套齐全，尊享舒适入住体验。	618	15056
6039	行政套房	行政套房，空间宽敞，配套齐全，尊享舒适入住体验。	667	15057
6039	大床房	大床房，配备舒适大床，温馨静谧，适合休闲度假。	420	15058
6039	标准间	标准间，简洁整洁，设施完备，高性价比之选。	197	15059
6040	标准间	标准间，简洁整洁，设施完备，高性价比之选。	245	15060
6040	大床房	大床房，配备舒适大床，温馨静谧，适合休闲度假。	393	15061
6041	标准间	标准间，简洁整洁，设施完备，高性价比之选。	310	15062
6041	大床房	大床房，配备舒适大床，温馨静谧，适合休闲度假。	429	15063
6041	行政套房	行政套房，空间宽敞，配套齐全，尊享舒适入住体验。	655	15064
6042	行政套房	行政套房，空间宽敞，配套齐全，尊享舒适入住体验。	829	15065
6042	标准间	标准间，简洁整洁，设施完备，高性价比之选。	203	15066
6042	大床房	大床房，配备舒适大床，温馨静谧，适合休闲度假。	289	15067
6043	行政套房	行政套房，空间宽敞，配套齐全，尊享舒适入住体验。	576	15068
6043	大床房	大床房，配备舒适大床，温馨静谧，适合休闲度假。	302	15069
6044	标准间	标准间，简洁整洁，设施完备，高性价比之选。	191	15070
6044	大床房	大床房，配备舒适大床，温馨静谧，适合休闲度假。	437	15071
6045	标准间	标准间，简洁整洁，设施完备，高性价比之选。	249	15072
6045	大床房	大床房，配备舒适大床，温馨静谧，适合休闲度假。	294	15073
6046	行政套房	行政套房，空间宽敞，配套齐全，尊享舒适入住体验。	754	15074
6046	标准间	标准间，简洁整洁，设施完备，高性价比之选。	214	15075
6047	标准间	标准间，简洁整洁，设施完备，高性价比之选。	217	15076
6047	大床房	大床房，配备舒适大床，温馨静谧，适合休闲度假。	310	15077
6047	行政套房	行政套房，空间宽敞，配套齐全，尊享舒适入住体验。	820	15078
6048	行政套房	行政套房，空间宽敞，配套齐全，尊享舒适入住体验。	657	15079
6048	标准间	标准间，简洁整洁，设施完备，高性价比之选。	294	15080
6049	大床房	大床房，配备舒适大床，温馨静谧，适合休闲度假。	292	15081
6049	行政套房	行政套房，空间宽敞，配套齐全，尊享舒适入住体验。	713	15082
6050	标准间	标准间，简洁整洁，设施完备，高性价比之选。	271	15083
6050	大床房	大床房，配备舒适大床，温馨静谧，适合休闲度假。	465	15084
6051	大床房	大床房，配备舒适大床，温馨静谧，适合休闲度假。	283	15085
6051	标准间	标准间，简洁整洁，设施完备，高性价比之选。	238	15086
6052	大床房	大床房，配备舒适大床，温馨静谧，适合休闲度假。	328	15087
6052	行政套房	行政套房，空间宽敞，配套齐全，尊享舒适入住体验。	699	15088
6053	标准间	标准间，简洁整洁，设施完备，高性价比之选。	223	15089
6053	大床房	大床房，配备舒适大床，温馨静谧，适合休闲度假。	473	15090
6053	行政套房	行政套房，空间宽敞，配套齐全，尊享舒适入住体验。	580	15091
6054	大床房	大床房，配备舒适大床，温馨静谧，适合休闲度假。	432	15092
6054	行政套房	行政套房，空间宽敞，配套齐全，尊享舒适入住体验。	653	15093
6055	行政套房	行政套房，空间宽敞，配套齐全，尊享舒适入住体验。	774	15094
6055	标准间	标准间，简洁整洁，设施完备，高性价比之选。	286	15095
6056	标准间	标准间，简洁整洁，设施完备，高性价比之选。	204	15096
6056	大床房	大床房，配备舒适大床，温馨静谧，适合休闲度假。	359	15097
6057	行政套房	行政套房，空间宽敞，配套齐全，尊享舒适入住体验。	757	15098
6057	大床房	大床房，配备舒适大床，温馨静谧，适合休闲度假。	369	15099
6057	标准间	标准间，简洁整洁，设施完备，高性价比之选。	240	15100
6058	标准间	标准间，简洁整洁，设施完备，高性价比之选。	216	15101
6058	行政套房	行政套房，空间宽敞，配套齐全，尊享舒适入住体验。	524	15102
6058	大床房	大床房，配备舒适大床，温馨静谧，适合休闲度假。	327	15103
6059	标准间	标准间，简洁整洁，设施完备，高性价比之选。	316	15104
6059	行政套房	行政套房，空间宽敞，配套齐全，尊享舒适入住体验。	607	15105
6059	大床房	大床房，配备舒适大床，温馨静谧，适合休闲度假。	363	15106
6060	标准间	标准间，简洁整洁，设施完备，高性价比之选。	278	15107
6060	行政套房	行政套房，空间宽敞，配套齐全，尊享舒适入住体验。	529	15108
6061	行政套房	行政套房，空间宽敞，配套齐全，尊享舒适入住体验。	635	15109
6061	大床房	大床房，配备舒适大床，温馨静谧，适合休闲度假。	415	15110
6061	标准间	标准间，简洁整洁，设施完备，高性价比之选。	297	15111
6062	行政套房	行政套房，空间宽敞，配套齐全，尊享舒适入住体验。	564	15112
6062	大床房	大床房，配备舒适大床，温馨静谧，适合休闲度假。	357	15113
6063	行政套房	行政套房，空间宽敞，配套齐全，尊享舒适入住体验。	611	15114
6063	大床房	大床房，配备舒适大床，温馨静谧，适合休闲度假。	428	15115
6063	标准间	标准间，简洁整洁，设施完备，高性价比之选。	248	15116
6064	行政套房	行政套房，空间宽敞，配套齐全，尊享舒适入住体验。	548	15117
6064	大床房	大床房，配备舒适大床，温馨静谧，适合休闲度假。	476	15118
6064	标准间	标准间，简洁整洁，设施完备，高性价比之选。	262	15119
6065	标准间	标准间，简洁整洁，设施完备，高性价比之选。	276	15120
6065	大床房	大床房，配备舒适大床，温馨静谧，适合休闲度假。	469	15121
6065	行政套房	行政套房，空间宽敞，配套齐全，尊享舒适入住体验。	505	15122
6066	大床房	大床房，配备舒适大床，温馨静谧，适合休闲度假。	347	15123
6066	标准间	标准间，简洁整洁，设施完备，高性价比之选。	283	15124
6066	行政套房	行政套房，空间宽敞，配套齐全，尊享舒适入住体验。	655	15125
6067	大床房	大床房，配备舒适大床，温馨静谧，适合休闲度假。	443	15126
6067	标准间	标准间，简洁整洁，设施完备，高性价比之选。	269	15127
6067	行政套房	行政套房，空间宽敞，配套齐全，尊享舒适入住体验。	853	15128
6068	标准间	标准间，简洁整洁，设施完备，高性价比之选。	232	15129
6068	大床房	大床房，配备舒适大床，温馨静谧，适合休闲度假。	290	15130
6069	行政套房	行政套房，空间宽敞，配套齐全，尊享舒适入住体验。	743	15131
6069	标准间	标准间，简洁整洁，设施完备，高性价比之选。	264	15132
6069	大床房	大床房，配备舒适大床，温馨静谧，适合休闲度假。	339	15133
6070	大床房	大床房，配备舒适大床，温馨静谧，适合休闲度假。	421	15134
6070	行政套房	行政套房，空间宽敞，配套齐全，尊享舒适入住体验。	501	15135
6071	行政套房	行政套房，空间宽敞，配套齐全，尊享舒适入住体验。	601	15136
6071	标准间	标准间，简洁整洁，设施完备，高性价比之选。	188	15137
6072	行政套房	行政套房，空间宽敞，配套齐全，尊享舒适入住体验。	510	15138
6072	大床房	大床房，配备舒适大床，温馨静谧，适合休闲度假。	414	15139
6072	标准间	标准间，简洁整洁，设施完备，高性价比之选。	264	15140
6073	标准间	标准间，简洁整洁，设施完备，高性价比之选。	292	15141
6073	大床房	大床房，配备舒适大床，温馨静谧，适合休闲度假。	322	15142
6073	行政套房	行政套房，空间宽敞，配套齐全，尊享舒适入住体验。	634	15143
6074	大床房	大床房，配备舒适大床，温馨静谧，适合休闲度假。	413	15144
6074	行政套房	行政套房，空间宽敞，配套齐全，尊享舒适入住体验。	877	15145
6075	行政套房	行政套房，空间宽敞，配套齐全，尊享舒适入住体验。	526	15146
6075	大床房	大床房，配备舒适大床，温馨静谧，适合休闲度假。	311	15147
6075	标准间	标准间，简洁整洁，设施完备，高性价比之选。	260	15148
6076	大床房	大床房，配备舒适大床，温馨静谧，适合休闲度假。	448	15149
6076	行政套房	行政套房，空间宽敞，配套齐全，尊享舒适入住体验。	869	15150
6077	大床房	大床房，配备舒适大床，温馨静谧，适合休闲度假。	417	15151
6077	行政套房	行政套房，空间宽敞，配套齐全，尊享舒适入住体验。	538	15152
6078	行政套房	行政套房，空间宽敞，配套齐全，尊享舒适入住体验。	588	15153
6078	大床房	大床房，配备舒适大床，温馨静谧，适合休闲度假。	390	15154
6078	标准间	标准间，简洁整洁，设施完备，高性价比之选。	298	15155
6079	标准间	标准间，简洁整洁，设施完备，高性价比之选。	232	15156
6079	行政套房	行政套房，空间宽敞，配套齐全，尊享舒适入住体验。	804	15157
6080	大床房	大床房，配备舒适大床，温馨静谧，适合休闲度假。	344	15158
6080	行政套房	行政套房，空间宽敞，配套齐全，尊享舒适入住体验。	779	15159
6080	标准间	标准间，简洁整洁，设施完备，高性价比之选。	252	15160
6081	行政套房	行政套房，空间宽敞，配套齐全，尊享舒适入住体验。	654	15161
6081	大床房	大床房，配备舒适大床，温馨静谧，适合休闲度假。	326	15162
6081	标准间	标准间，简洁整洁，设施完备，高性价比之选。	250	15163
6082	行政套房	行政套房，空间宽敞，配套齐全，尊享舒适入住体验。	527	15164
6082	大床房	大床房，配备舒适大床，温馨静谧，适合休闲度假。	379	15165
6082	标准间	标准间，简洁整洁，设施完备，高性价比之选。	214	15166
6083	标准间	标准间，简洁整洁，设施完备，高性价比之选。	238	15167
6083	大床房	大床房，配备舒适大床，温馨静谧，适合休闲度假。	315	15168
6084	标准间	标准间，简洁整洁，设施完备，高性价比之选。	211	15169
6084	行政套房	行政套房，空间宽敞，配套齐全，尊享舒适入住体验。	683	15170
6085	行政套房	行政套房，空间宽敞，配套齐全，尊享舒适入住体验。	556	15171
6085	标准间	标准间，简洁整洁，设施完备，高性价比之选。	198	15172
6085	大床房	大床房，配备舒适大床，温馨静谧，适合休闲度假。	432	15173
6086	行政套房	行政套房，空间宽敞，配套齐全，尊享舒适入住体验。	549	15174
6086	标准间	标准间，简洁整洁，设施完备，高性价比之选。	225	15175
6087	大床房	大床房，配备舒适大床，温馨静谧，适合休闲度假。	399	15176
6087	行政套房	行政套房，空间宽敞，配套齐全，尊享舒适入住体验。	793	15177
6087	标准间	标准间，简洁整洁，设施完备，高性价比之选。	303	15178
6088	行政套房	行政套房，空间宽敞，配套齐全，尊享舒适入住体验。	669	15179
6088	标准间	标准间，简洁整洁，设施完备，高性价比之选。	262	15180
6088	大床房	大床房，配备舒适大床，温馨静谧，适合休闲度假。	377	15181
6089	行政套房	行政套房，空间宽敞，配套齐全，尊享舒适入住体验。	736	15182
6089	标准间	标准间，简洁整洁，设施完备，高性价比之选。	274	15183
6090	行政套房	行政套房，空间宽敞，配套齐全，尊享舒适入住体验。	718	15184
6090	大床房	大床房，配备舒适大床，温馨静谧，适合休闲度假。	329	15185
6091	标准间	标准间，简洁整洁，设施完备，高性价比之选。	207	15186
6091	大床房	大床房，配备舒适大床，温馨静谧，适合休闲度假。	399	15187
6092	标准间	标准间，简洁整洁，设施完备，高性价比之选。	247	15188
6092	行政套房	行政套房，空间宽敞，配套齐全，尊享舒适入住体验。	551	15189
6092	大床房	大床房，配备舒适大床，温馨静谧，适合休闲度假。	412	15190
6093	行政套房	行政套房，空间宽敞，配套齐全，尊享舒适入住体验。	550	15191
6093	标准间	标准间，简洁整洁，设施完备，高性价比之选。	301	15192
6094	大床房	大床房，配备舒适大床，温馨静谧，适合休闲度假。	316	15193
6094	行政套房	行政套房，空间宽敞，配套齐全，尊享舒适入住体验。	729	15194
6094	标准间	标准间，简洁整洁，设施完备，高性价比之选。	227	15195
6095	标准间	标准间，简洁整洁，设施完备，高性价比之选。	243	15196
6095	大床房	大床房，配备舒适大床，温馨静谧，适合休闲度假。	270	15197
6096	行政套房	行政套房，空间宽敞，配套齐全，尊享舒适入住体验。	661	15198
6096	大床房	大床房，配备舒适大床，温馨静谧，适合休闲度假。	326	15199
6096	标准间	标准间，简洁整洁，设施完备，高性价比之选。	242	15200
6097	行政套房	行政套房，空间宽敞，配套齐全，尊享舒适入住体验。	562	15201
6097	大床房	大床房，配备舒适大床，温馨静谧，适合休闲度假。	434	15202
6098	标准间	标准间，简洁整洁，设施完备，高性价比之选。	266	15203
6098	大床房	大床房，配备舒适大床，温馨静谧，适合休闲度假。	280	15204
6098	行政套房	行政套房，空间宽敞，配套齐全，尊享舒适入住体验。	865	15205
6099	标准间	标准间，简洁整洁，设施完备，高性价比之选。	314	15206
6099	行政套房	行政套房，空间宽敞，配套齐全，尊享舒适入住体验。	605	15207
6100	行政套房	行政套房，空间宽敞，配套齐全，尊享舒适入住体验。	602	15208
6100	大床房	大床房，配备舒适大床，温馨静谧，适合休闲度假。	472	15209
6100	标准间	标准间，简洁整洁，设施完备，高性价比之选。	313	15210
6101	大床房	大床房，配备舒适大床，温馨静谧，适合休闲度假。	268	15211
6101	标准间	标准间，简洁整洁，设施完备，高性价比之选。	309	15212
6101	行政套房	行政套房，空间宽敞，配套齐全，尊享舒适入住体验。	518	15213
6102	标准间	标准间，简洁整洁，设施完备，高性价比之选。	220	15214
6102	大床房	大床房，配备舒适大床，温馨静谧，适合休闲度假。	302	15215
6103	标准间	标准间，简洁整洁，设施完备，高性价比之选。	235	15216
6103	行政套房	行政套房，空间宽敞，配套齐全，尊享舒适入住体验。	823	15217
6103	大床房	大床房，配备舒适大床，温馨静谧，适合休闲度假。	262	15218
6104	行政套房	行政套房，空间宽敞，配套齐全，尊享舒适入住体验。	784	15219
6104	大床房	大床房，配备舒适大床，温馨静谧，适合休闲度假。	286	15220
6105	大床房	大床房，配备舒适大床，温馨静谧，适合休闲度假。	434	15221
6105	标准间	标准间，简洁整洁，设施完备，高性价比之选。	234	15222
6106	行政套房	行政套房，空间宽敞，配套齐全，尊享舒适入住体验。	508	15223
6106	标准间	标准间，简洁整洁，设施完备，高性价比之选。	220	15224
6107	行政套房	行政套房，空间宽敞，配套齐全，尊享舒适入住体验。	762	15225
6107	标准间	标准间，简洁整洁，设施完备，高性价比之选。	195	15226
6107	大床房	大床房，配备舒适大床，温馨静谧，适合休闲度假。	411	15227
6108	大床房	大床房，配备舒适大床，温馨静谧，适合休闲度假。	360	15228
6108	标准间	标准间，简洁整洁，设施完备，高性价比之选。	199	15229
6109	标准间	标准间，简洁整洁，设施完备，高性价比之选。	317	15230
6109	大床房	大床房，配备舒适大床，温馨静谧，适合休闲度假。	392	15231
6110	标准间	标准间，简洁整洁，设施完备，高性价比之选。	313	15232
6110	行政套房	行政套房，空间宽敞，配套齐全，尊享舒适入住体验。	745	15233
6110	大床房	大床房，配备舒适大床，温馨静谧，适合休闲度假。	464	15234
6111	行政套房	行政套房，空间宽敞，配套齐全，尊享舒适入住体验。	773	15235
6111	标准间	标准间，简洁整洁，设施完备，高性价比之选。	198	15236
6112	标准间	标准间，简洁整洁，设施完备，高性价比之选。	288	15237
6112	行政套房	行政套房，空间宽敞，配套齐全，尊享舒适入住体验。	611	15238
6112	大床房	大床房，配备舒适大床，温馨静谧，适合休闲度假。	363	15239
6113	行政套房	行政套房，空间宽敞，配套齐全，尊享舒适入住体验。	719	15240
6113	大床房	大床房，配备舒适大床，温馨静谧，适合休闲度假。	430	15241
6114	大床房	大床房，配备舒适大床，温馨静谧，适合休闲度假。	334	15242
6114	行政套房	行政套房，空间宽敞，配套齐全，尊享舒适入住体验。	659	15243
6115	行政套房	行政套房，空间宽敞，配套齐全，尊享舒适入住体验。	528	15244
6115	大床房	大床房，配备舒适大床，温馨静谧，适合休闲度假。	342	15245
6116	标准间	标准间，简洁整洁，设施完备，高性价比之选。	278	15246
6116	大床房	大床房，配备舒适大床，温馨静谧，适合休闲度假。	331	15247
6117	行政套房	行政套房，空间宽敞，配套齐全，尊享舒适入住体验。	551	15248
6117	标准间	标准间，简洁整洁，设施完备，高性价比之选。	226	15249
6117	大床房	大床房，配备舒适大床，温馨静谧，适合休闲度假。	392	15250
6118	大床房	大床房，配备舒适大床，温馨静谧，适合休闲度假。	438	15251
6118	标准间	标准间，简洁整洁，设施完备，高性价比之选。	289	15252
6119	标准间	标准间，简洁整洁，设施完备，高性价比之选。	189	15253
6119	行政套房	行政套房，空间宽敞，配套齐全，尊享舒适入住体验。	770	15254
6119	大床房	大床房，配备舒适大床，温馨静谧，适合休闲度假。	453	15255
6120	行政套房	行政套房，空间宽敞，配套齐全，尊享舒适入住体验。	641	15256
6120	大床房	大床房，配备舒适大床，温馨静谧，适合休闲度假。	345	15257
6120	标准间	标准间，简洁整洁，设施完备，高性价比之选。	308	15258
6121	大床房	大床房，配备舒适大床，温馨静谧，适合休闲度假。	411	15259
6121	行政套房	行政套房，空间宽敞，配套齐全，尊享舒适入住体验。	611	15260
6121	标准间	标准间，简洁整洁，设施完备，高性价比之选。	297	15261
6122	行政套房	行政套房，空间宽敞，配套齐全，尊享舒适入住体验。	791	15262
6122	大床房	大床房，配备舒适大床，温馨静谧，适合休闲度假。	280	15263
6122	标准间	标准间，简洁整洁，设施完备，高性价比之选。	218	15264
6123	行政套房	行政套房，空间宽敞，配套齐全，尊享舒适入住体验。	668	15265
6123	大床房	大床房，配备舒适大床，温馨静谧，适合休闲度假。	392	15266
6123	标准间	标准间，简洁整洁，设施完备，高性价比之选。	294	15267
6124	标准间	标准间，简洁整洁，设施完备，高性价比之选。	259	15268
6124	大床房	大床房，配备舒适大床，温馨静谧，适合休闲度假。	260	15269
6125	行政套房	行政套房，空间宽敞，配套齐全，尊享舒适入住体验。	593	15270
6125	标准间	标准间，简洁整洁，设施完备，高性价比之选。	192	15271
6125	大床房	大床房，配备舒适大床，温馨静谧，适合休闲度假。	269	15272
6126	大床房	大床房，配备舒适大床，温馨静谧，适合休闲度假。	380	15273
6126	标准间	标准间，简洁整洁，设施完备，高性价比之选。	249	15274
6126	行政套房	行政套房，空间宽敞，配套齐全，尊享舒适入住体验。	538	15275
6127	标准间	标准间，简洁整洁，设施完备，高性价比之选。	210	15276
6127	行政套房	行政套房，空间宽敞，配套齐全，尊享舒适入住体验。	639	15277
6128	大床房	大床房，配备舒适大床，温馨静谧，适合休闲度假。	330	15278
6128	行政套房	行政套房，空间宽敞，配套齐全，尊享舒适入住体验。	729	15279
6128	标准间	标准间，简洁整洁，设施完备，高性价比之选。	187	15280
6129	标准间	标准间，简洁整洁，设施完备，高性价比之选。	182	15281
6129	行政套房	行政套房，空间宽敞，配套齐全，尊享舒适入住体验。	621	15282
6129	大床房	大床房，配备舒适大床，温馨静谧，适合休闲度假。	376	15283
6130	行政套房	行政套房，空间宽敞，配套齐全，尊享舒适入住体验。	749	15284
6130	标准间	标准间，简洁整洁，设施完备，高性价比之选。	220	15285
6131	行政套房	行政套房，空间宽敞，配套齐全，尊享舒适入住体验。	729	15286
6131	标准间	标准间，简洁整洁，设施完备，高性价比之选。	199	15287
6131	大床房	大床房，配备舒适大床，温馨静谧，适合休闲度假。	470	15288
6132	标准间	标准间，简洁整洁，设施完备，高性价比之选。	194	15289
6132	行政套房	行政套房，空间宽敞，配套齐全，尊享舒适入住体验。	760	15290
6132	大床房	大床房，配备舒适大床，温馨静谧，适合休闲度假。	410	15291
6133	行政套房	行政套房，空间宽敞，配套齐全，尊享舒适入住体验。	693	15292
6133	标准间	标准间，简洁整洁，设施完备，高性价比之选。	218	15293
6133	大床房	大床房，配备舒适大床，温馨静谧，适合休闲度假。	409	15294
6134	行政套房	行政套房，空间宽敞，配套齐全，尊享舒适入住体验。	754	15295
6134	大床房	大床房，配备舒适大床，温馨静谧，适合休闲度假。	345	15296
6135	大床房	大床房，配备舒适大床，温馨静谧，适合休闲度假。	444	15297
6135	标准间	标准间，简洁整洁，设施完备，高性价比之选。	220	15298
6135	行政套房	行政套房，空间宽敞，配套齐全，尊享舒适入住体验。	523	15299
6136	大床房	大床房，配备舒适大床，温馨静谧，适合休闲度假。	446	15300
6136	行政套房	行政套房，空间宽敞，配套齐全，尊享舒适入住体验。	597	15301
6136	标准间	标准间，简洁整洁，设施完备，高性价比之选。	320	15302
6137	标准间	标准间，简洁整洁，设施完备，高性价比之选。	218	15303
6137	行政套房	行政套房，空间宽敞，配套齐全，尊享舒适入住体验。	811	15304
6138	大床房	大床房，配备舒适大床，温馨静谧，适合休闲度假。	459	15305
6138	标准间	标准间，简洁整洁，设施完备，高性价比之选。	239	15306
6139	标准间	标准间，简洁整洁，设施完备，高性价比之选。	268	15307
6139	行政套房	行政套房，空间宽敞，配套齐全，尊享舒适入住体验。	663	15308
6140	大床房	大床房，配备舒适大床，温馨静谧，适合休闲度假。	379	15309
6140	行政套房	行政套房，空间宽敞，配套齐全，尊享舒适入住体验。	742	15310
6140	标准间	标准间，简洁整洁，设施完备，高性价比之选。	250	15311
6141	大床房	大床房，配备舒适大床，温馨静谧，适合休闲度假。	388	15312
6141	行政套房	行政套房，空间宽敞，配套齐全，尊享舒适入住体验。	548	15313
6141	标准间	标准间，简洁整洁，设施完备，高性价比之选。	223	15314
6142	标准间	标准间，简洁整洁，设施完备，高性价比之选。	212	15315
6142	大床房	大床房，配备舒适大床，温馨静谧，适合休闲度假。	422	15316
6143	大床房	大床房，配备舒适大床，温馨静谧，适合休闲度假。	423	15317
6143	行政套房	行政套房，空间宽敞，配套齐全，尊享舒适入住体验。	862	15318
6144	大床房	大床房，配备舒适大床，温馨静谧，适合休闲度假。	348	15319
6144	标准间	标准间，简洁整洁，设施完备，高性价比之选。	292	15320
6145	行政套房	行政套房，空间宽敞，配套齐全，尊享舒适入住体验。	839	15321
6145	标准间	标准间，简洁整洁，设施完备，高性价比之选。	309	15322
6145	大床房	大床房，配备舒适大床，温馨静谧，适合休闲度假。	345	15323
6146	大床房	大床房，配备舒适大床，温馨静谧，适合休闲度假。	453	15324
6146	标准间	标准间，简洁整洁，设施完备，高性价比之选。	198	15325
6147	大床房	大床房，配备舒适大床，温馨静谧，适合休闲度假。	468	15326
6147	行政套房	行政套房，空间宽敞，配套齐全，尊享舒适入住体验。	605	15327
6147	标准间	标准间，简洁整洁，设施完备，高性价比之选。	195	15328
6148	大床房	大床房，配备舒适大床，温馨静谧，适合休闲度假。	318	15329
6148	标准间	标准间，简洁整洁，设施完备，高性价比之选。	303	15330
6148	行政套房	行政套房，空间宽敞，配套齐全，尊享舒适入住体验。	533	15331
6149	标准间	标准间，简洁整洁，设施完备，高性价比之选。	313	15332
6149	行政套房	行政套房，空间宽敞，配套齐全，尊享舒适入住体验。	800	15333
6150	大床房	大床房，配备舒适大床，温馨静谧，适合休闲度假。	277	15334
6150	行政套房	行政套房，空间宽敞，配套齐全，尊享舒适入住体验。	794	15335
6151	行政套房	行政套房，空间宽敞，配套齐全，尊享舒适入住体验。	817	15336
6151	标准间	标准间，简洁整洁，设施完备，高性价比之选。	261	15337
6151	大床房	大床房，配备舒适大床，温馨静谧，适合休闲度假。	413	15338
6152	行政套房	行政套房，空间宽敞，配套齐全，尊享舒适入住体验。	868	15339
6152	大床房	大床房，配备舒适大床，温馨静谧，适合休闲度假。	456	15340
6153	大床房	大床房，配备舒适大床，温馨静谧，适合休闲度假。	440	15341
6153	行政套房	行政套房，空间宽敞，配套齐全，尊享舒适入住体验。	799	15342
6154	大床房	大床房，配备舒适大床，温馨静谧，适合休闲度假。	366	15343
6154	标准间	标准间，简洁整洁，设施完备，高性价比之选。	294	15344
6155	行政套房	行政套房，空间宽敞，配套齐全，尊享舒适入住体验。	617	15345
6155	大床房	大床房，配备舒适大床，温馨静谧，适合休闲度假。	278	15346
6155	标准间	标准间，简洁整洁，设施完备，高性价比之选。	266	15347
6156	标准间	标准间，简洁整洁，设施完备，高性价比之选。	190	15348
6156	行政套房	行政套房，空间宽敞，配套齐全，尊享舒适入住体验。	604	15349
6156	大床房	大床房，配备舒适大床，温馨静谧，适合休闲度假。	438	15350
6157	标准间	标准间，简洁整洁，设施完备，高性价比之选。	319	15351
6157	大床房	大床房，配备舒适大床，温馨静谧，适合休闲度假。	377	15352
6158	大床房	大床房，配备舒适大床，温馨静谧，适合休闲度假。	267	15353
6158	行政套房	行政套房，空间宽敞，配套齐全，尊享舒适入住体验。	615	15354
6158	标准间	标准间，简洁整洁，设施完备，高性价比之选。	302	15355
6159	大床房	大床房，配备舒适大床，温馨静谧，适合休闲度假。	401	15356
6159	行政套房	行政套房，空间宽敞，配套齐全，尊享舒适入住体验。	615	15357
6159	标准间	标准间，简洁整洁，设施完备，高性价比之选。	219	15358
6160	标准间	标准间，简洁整洁，设施完备，高性价比之选。	261	15359
6160	行政套房	行政套房，空间宽敞，配套齐全，尊享舒适入住体验。	597	15360
6160	大床房	大床房，配备舒适大床，温馨静谧，适合休闲度假。	320	15361
6161	标准间	标准间，简洁整洁，设施完备，高性价比之选。	192	15362
6161	大床房	大床房，配备舒适大床，温馨静谧，适合休闲度假。	266	15363
6162	行政套房	行政套房，空间宽敞，配套齐全，尊享舒适入住体验。	758	15364
6162	标准间	标准间，简洁整洁，设施完备，高性价比之选。	310	15365
6162	大床房	大床房，配备舒适大床，温馨静谧，适合休闲度假。	429	15366
6163	行政套房	行政套房，空间宽敞，配套齐全，尊享舒适入住体验。	629	15367
6163	大床房	大床房，配备舒适大床，温馨静谧，适合休闲度假。	287	15368
6163	标准间	标准间，简洁整洁，设施完备，高性价比之选。	274	15369
6164	行政套房	行政套房，空间宽敞，配套齐全，尊享舒适入住体验。	729	15370
6164	标准间	标准间，简洁整洁，设施完备，高性价比之选。	264	15371
6165	标准间	标准间，简洁整洁，设施完备，高性价比之选。	192	15372
6165	大床房	大床房，配备舒适大床，温馨静谧，适合休闲度假。	471	15373
6165	行政套房	行政套房，空间宽敞，配套齐全，尊享舒适入住体验。	648	15374
6166	标准间	标准间，简洁整洁，设施完备，高性价比之选。	263	15375
6166	大床房	大床房，配备舒适大床，温馨静谧，适合休闲度假。	266	15376
6166	行政套房	行政套房，空间宽敞，配套齐全，尊享舒适入住体验。	504	15377
6167	大床房	大床房，配备舒适大床，温馨静谧，适合休闲度假。	398	15378
6167	标准间	标准间，简洁整洁，设施完备，高性价比之选。	278	15379
6168	行政套房	行政套房，空间宽敞，配套齐全，尊享舒适入住体验。	732	15380
6168	大床房	大床房，配备舒适大床，温馨静谧，适合休闲度假。	428	15381
6168	标准间	标准间，简洁整洁，设施完备，高性价比之选。	236	15382
6169	大床房	大床房，配备舒适大床，温馨静谧，适合休闲度假。	460	15383
6169	行政套房	行政套房，空间宽敞，配套齐全，尊享舒适入住体验。	488	15384
6170	大床房	大床房，配备舒适大床，温馨静谧，适合休闲度假。	448	15385
6170	标准间	标准间，简洁整洁，设施完备，高性价比之选。	198	15386
6170	行政套房	行政套房，空间宽敞，配套齐全，尊享舒适入住体验。	829	15387
6171	行政套房	行政套房，空间宽敞，配套齐全，尊享舒适入住体验。	604	15388
6171	标准间	标准间，简洁整洁，设施完备，高性价比之选。	292	15389
6172	行政套房	行政套房，空间宽敞，配套齐全，尊享舒适入住体验。	508	15390
6172	标准间	标准间，简洁整洁，设施完备，高性价比之选。	298	15391
6173	标准间	标准间，简洁整洁，设施完备，高性价比之选。	297	15392
6173	大床房	大床房，配备舒适大床，温馨静谧，适合休闲度假。	330	15393
6173	行政套房	行政套房，空间宽敞，配套齐全，尊享舒适入住体验。	724	15394
6174	大床房	大床房，配备舒适大床，温馨静谧，适合休闲度假。	409	15395
6174	行政套房	行政套房，空间宽敞，配套齐全，尊享舒适入住体验。	823	15396
6175	行政套房	行政套房，空间宽敞，配套齐全，尊享舒适入住体验。	520	15397
6175	大床房	大床房，配备舒适大床，温馨静谧，适合休闲度假。	309	15398
6175	标准间	标准间，简洁整洁，设施完备，高性价比之选。	187	15399
6176	标准间	标准间，简洁整洁，设施完备，高性价比之选。	244	15400
6176	行政套房	行政套房，空间宽敞，配套齐全，尊享舒适入住体验。	602	15401
6177	大床房	大床房，配备舒适大床，温馨静谧，适合休闲度假。	334	15402
6177	行政套房	行政套房，空间宽敞，配套齐全，尊享舒适入住体验。	592	15403
6178	大床房	大床房，配备舒适大床，温馨静谧，适合休闲度假。	332	15404
6178	行政套房	行政套房，空间宽敞，配套齐全，尊享舒适入住体验。	761	15405
6179	标准间	标准间，简洁整洁，设施完备，高性价比之选。	277	15406
6179	大床房	大床房，配备舒适大床，温馨静谧，适合休闲度假。	356	15407
6179	行政套房	行政套房，空间宽敞，配套齐全，尊享舒适入住体验。	720	15408
6180	标准间	标准间，简洁整洁，设施完备，高性价比之选。	182	15409
6180	大床房	大床房，配备舒适大床，温馨静谧，适合休闲度假。	358	15410
6180	行政套房	行政套房，空间宽敞，配套齐全，尊享舒适入住体验。	878	15411
6181	大床房	大床房，配备舒适大床，温馨静谧，适合休闲度假。	286	15412
6181	标准间	标准间，简洁整洁，设施完备，高性价比之选。	259	15413
6181	行政套房	行政套房，空间宽敞，配套齐全，尊享舒适入住体验。	744	15414
6182	行政套房	行政套房，空间宽敞，配套齐全，尊享舒适入住体验。	567	15415
6182	标准间	标准间，简洁整洁，设施完备，高性价比之选。	268	15416
6182	大床房	大床房，配备舒适大床，温馨静谧，适合休闲度假。	440	15417
6183	行政套房	行政套房，空间宽敞，配套齐全，尊享舒适入住体验。	559	15418
6183	标准间	标准间，简洁整洁，设施完备，高性价比之选。	184	15419
6183	大床房	大床房，配备舒适大床，温馨静谧，适合休闲度假。	342	15420
6184	大床房	大床房，配备舒适大床，温馨静谧，适合休闲度假。	320	15421
6184	标准间	标准间，简洁整洁，设施完备，高性价比之选。	278	15422
6184	行政套房	行政套房，空间宽敞，配套齐全，尊享舒适入住体验。	779	15423
6185	标准间	标准间，简洁整洁，设施完备，高性价比之选。	244	15424
6185	行政套房	行政套房，空间宽敞，配套齐全，尊享舒适入住体验。	523	15425
6186	大床房	大床房，配备舒适大床，温馨静谧，适合休闲度假。	315	15426
6186	标准间	标准间，简洁整洁，设施完备，高性价比之选。	193	15427
6186	行政套房	行政套房，空间宽敞，配套齐全，尊享舒适入住体验。	694	15428
6187	行政套房	行政套房，空间宽敞，配套齐全，尊享舒适入住体验。	712	15429
6187	大床房	大床房，配备舒适大床，温馨静谧，适合休闲度假。	304	15430
6188	大床房	大床房，配备舒适大床，温馨静谧，适合休闲度假。	360	15431
6188	标准间	标准间，简洁整洁，设施完备，高性价比之选。	317	15432
6188	行政套房	行政套房，空间宽敞，配套齐全，尊享舒适入住体验。	793	15433
6189	行政套房	行政套房，空间宽敞，配套齐全，尊享舒适入住体验。	776	15434
6189	标准间	标准间，简洁整洁，设施完备，高性价比之选。	280	15435
6190	大床房	大床房，配备舒适大床，温馨静谧，适合休闲度假。	314	15436
6190	标准间	标准间，简洁整洁，设施完备，高性价比之选。	310	15437
6191	大床房	大床房，配备舒适大床，温馨静谧，适合休闲度假。	306	15438
6191	标准间	标准间，简洁整洁，设施完备，高性价比之选。	191	15439
6192	标准间	标准间，简洁整洁，设施完备，高性价比之选。	267	15440
6192	大床房	大床房，配备舒适大床，温馨静谧，适合休闲度假。	313	15441
6193	行政套房	行政套房，空间宽敞，配套齐全，尊享舒适入住体验。	807	15442
6193	大床房	大床房，配备舒适大床，温馨静谧，适合休闲度假。	438	15443
6193	标准间	标准间，简洁整洁，设施完备，高性价比之选。	269	15444
6194	标准间	标准间，简洁整洁，设施完备，高性价比之选。	239	15445
6194	大床房	大床房，配备舒适大床，温馨静谧，适合休闲度假。	404	15446
6195	标准间	标准间，简洁整洁，设施完备，高性价比之选。	313	15447
6195	行政套房	行政套房，空间宽敞，配套齐全，尊享舒适入住体验。	819	15448
6195	大床房	大床房，配备舒适大床，温馨静谧，适合休闲度假。	350	15449
6196	大床房	大床房，配备舒适大床，温馨静谧，适合休闲度假。	371	15450
6196	标准间	标准间，简洁整洁，设施完备，高性价比之选。	239	15451
6197	行政套房	行政套房，空间宽敞，配套齐全，尊享舒适入住体验。	673	15452
6197	大床房	大床房，配备舒适大床，温馨静谧，适合休闲度假。	398	15453
6197	标准间	标准间，简洁整洁，设施完备，高性价比之选。	267	15454
6198	标准间	标准间，简洁整洁，设施完备，高性价比之选。	226	15455
6198	大床房	大床房，配备舒适大床，温馨静谧，适合休闲度假。	386	15456
6198	行政套房	行政套房，空间宽敞，配套齐全，尊享舒适入住体验。	749	15457
6199	行政套房	行政套房，空间宽敞，配套齐全，尊享舒适入住体验。	689	15458
6199	大床房	大床房，配备舒适大床，温馨静谧，适合休闲度假。	372	15459
6199	标准间	标准间，简洁整洁，设施完备，高性价比之选。	238	15460
6200	大床房	大床房，配备舒适大床，温馨静谧，适合休闲度假。	425	15461
6200	标准间	标准间，简洁整洁，设施完备，高性价比之选。	233	15462
6200	行政套房	行政套房，空间宽敞，配套齐全，尊享舒适入住体验。	837	15463
6201	标准间	标准间，简洁整洁，设施完备，高性价比之选。	195	15464
6201	行政套房	行政套房，空间宽敞，配套齐全，尊享舒适入住体验。	728	15465
6201	大床房	大床房，配备舒适大床，温馨静谧，适合休闲度假。	474	15466
6202	大床房	大床房，配备舒适大床，温馨静谧，适合休闲度假。	358	15467
6202	行政套房	行政套房，空间宽敞，配套齐全，尊享舒适入住体验。	800	15468
6202	标准间	标准间，简洁整洁，设施完备，高性价比之选。	207	15469
6203	标准间	标准间，简洁整洁，设施完备，高性价比之选。	294	15470
6203	行政套房	行政套房，空间宽敞，配套齐全，尊享舒适入住体验。	876	15471
6204	大床房	大床房，配备舒适大床，温馨静谧，适合休闲度假。	331	15472
6204	标准间	标准间，简洁整洁，设施完备，高性价比之选。	224	15473
6204	行政套房	行政套房，空间宽敞，配套齐全，尊享舒适入住体验。	801	15474
6205	行政套房	行政套房，空间宽敞，配套齐全，尊享舒适入住体验。	485	15475
6205	大床房	大床房，配备舒适大床，温馨静谧，适合休闲度假。	429	15476
6205	标准间	标准间，简洁整洁，设施完备，高性价比之选。	309	15477
6206	行政套房	行政套房，空间宽敞，配套齐全，尊享舒适入住体验。	781	15478
6206	标准间	标准间，简洁整洁，设施完备，高性价比之选。	315	15479
6206	大床房	大床房，配备舒适大床，温馨静谧，适合休闲度假。	459	15480
6207	行政套房	行政套房，空间宽敞，配套齐全，尊享舒适入住体验。	875	15481
6207	标准间	标准间，简洁整洁，设施完备，高性价比之选。	279	15482
6208	标准间	标准间，简洁整洁，设施完备，高性价比之选。	275	15483
6208	行政套房	行政套房，空间宽敞，配套齐全，尊享舒适入住体验。	647	15484
6209	大床房	大床房，配备舒适大床，温馨静谧，适合休闲度假。	382	15485
6209	标准间	标准间，简洁整洁，设施完备，高性价比之选。	194	15486
6209	行政套房	行政套房，空间宽敞，配套齐全，尊享舒适入住体验。	651	15487
6210	行政套房	行政套房，空间宽敞，配套齐全，尊享舒适入住体验。	639	15488
6210	大床房	大床房，配备舒适大床，温馨静谧，适合休闲度假。	434	15489
6211	大床房	大床房，配备舒适大床，温馨静谧，适合休闲度假。	448	15490
6211	行政套房	行政套房，空间宽敞，配套齐全，尊享舒适入住体验。	798	15491
6212	行政套房	行政套房，空间宽敞，配套齐全，尊享舒适入住体验。	681	15492
6212	标准间	标准间，简洁整洁，设施完备，高性价比之选。	300	15493
6212	大床房	大床房，配备舒适大床，温馨静谧，适合休闲度假。	375	15494
6213	标准间	标准间，简洁整洁，设施完备，高性价比之选。	217	15495
6213	大床房	大床房，配备舒适大床，温馨静谧，适合休闲度假。	444	15496
6213	行政套房	行政套房，空间宽敞，配套齐全，尊享舒适入住体验。	560	15497
6214	大床房	大床房，配备舒适大床，温馨静谧，适合休闲度假。	344	15498
6214	行政套房	行政套房，空间宽敞，配套齐全，尊享舒适入住体验。	528	15499
6214	标准间	标准间，简洁整洁，设施完备，高性价比之选。	315	15500
6215	行政套房	行政套房，空间宽敞，配套齐全，尊享舒适入住体验。	703	15501
6215	大床房	大床房，配备舒适大床，温馨静谧，适合休闲度假。	359	15502
6216	大床房	大床房，配备舒适大床，温馨静谧，适合休闲度假。	263	15503
6216	标准间	标准间，简洁整洁，设施完备，高性价比之选。	219	15504
6216	行政套房	行政套房，空间宽敞，配套齐全，尊享舒适入住体验。	669	15505
6217	大床房	大床房，配备舒适大床，温馨静谧，适合休闲度假。	471	15506
6217	行政套房	行政套房，空间宽敞，配套齐全，尊享舒适入住体验。	604	15507
6217	标准间	标准间，简洁整洁，设施完备，高性价比之选。	275	15508
6218	大床房	大床房，配备舒适大床，温馨静谧，适合休闲度假。	478	15509
6218	行政套房	行政套房，空间宽敞，配套齐全，尊享舒适入住体验。	849	15510
6219	行政套房	行政套房，空间宽敞，配套齐全，尊享舒适入住体验。	860	15511
6219	标准间	标准间，简洁整洁，设施完备，高性价比之选。	183	15512
6219	大床房	大床房，配备舒适大床，温馨静谧，适合休闲度假。	324	15513
6220	行政套房	行政套房，空间宽敞，配套齐全，尊享舒适入住体验。	493	15514
6220	大床房	大床房，配备舒适大床，温馨静谧，适合休闲度假。	318	15515
6220	标准间	标准间，简洁整洁，设施完备，高性价比之选。	195	15516
6221	大床房	大床房，配备舒适大床，温馨静谧，适合休闲度假。	399	15517
6221	行政套房	行政套房，空间宽敞，配套齐全，尊享舒适入住体验。	778	15518
6222	标准间	标准间，简洁整洁，设施完备，高性价比之选。	267	15519
6222	行政套房	行政套房，空间宽敞，配套齐全，尊享舒适入住体验。	660	15520
6223	行政套房	行政套房，空间宽敞，配套齐全，尊享舒适入住体验。	637	15521
6223	大床房	大床房，配备舒适大床，温馨静谧，适合休闲度假。	265	15522
6224	标准间	标准间，简洁整洁，设施完备，高性价比之选。	184	15523
6224	行政套房	行政套房，空间宽敞，配套齐全，尊享舒适入住体验。	574	15524
6224	大床房	大床房，配备舒适大床，温馨静谧，适合休闲度假。	397	15525
6225	大床房	大床房，配备舒适大床，温馨静谧，适合休闲度假。	278	15526
6225	标准间	标准间，简洁整洁，设施完备，高性价比之选。	304	15527
6226	行政套房	行政套房，空间宽敞，配套齐全，尊享舒适入住体验。	651	15528
6226	标准间	标准间，简洁整洁，设施完备，高性价比之选。	301	15529
6227	大床房	大床房，配备舒适大床，温馨静谧，适合休闲度假。	380	15530
6227	标准间	标准间，简洁整洁，设施完备，高性价比之选。	277	15531
6227	行政套房	行政套房，空间宽敞，配套齐全，尊享舒适入住体验。	641	15532
6228	标准间	标准间，简洁整洁，设施完备，高性价比之选。	241	15533
6228	行政套房	行政套房，空间宽敞，配套齐全，尊享舒适入住体验。	834	15534
6228	大床房	大床房，配备舒适大床，温馨静谧，适合休闲度假。	281	15535
6229	标准间	标准间，简洁整洁，设施完备，高性价比之选。	256	15536
6229	大床房	大床房，配备舒适大床，温馨静谧，适合休闲度假。	374	15537
6229	行政套房	行政套房，空间宽敞，配套齐全，尊享舒适入住体验。	808	15538
6230	标准间	标准间，简洁整洁，设施完备，高性价比之选。	245	15539
6230	大床房	大床房，配备舒适大床，温馨静谧，适合休闲度假。	385	15540
6230	行政套房	行政套房，空间宽敞，配套齐全，尊享舒适入住体验。	712	15541
6231	行政套房	行政套房，空间宽敞，配套齐全，尊享舒适入住体验。	562	15542
6231	大床房	大床房，配备舒适大床，温馨静谧，适合休闲度假。	347	15543
6232	大床房	大床房，配备舒适大床，温馨静谧，适合休闲度假。	335	15544
6232	行政套房	行政套房，空间宽敞，配套齐全，尊享舒适入住体验。	590	15545
6232	标准间	标准间，简洁整洁，设施完备，高性价比之选。	186	15546
6233	标准间	标准间，简洁整洁，设施完备，高性价比之选。	220	15547
6233	大床房	大床房，配备舒适大床，温馨静谧，适合休闲度假。	344	15548
6234	行政套房	行政套房，空间宽敞，配套齐全，尊享舒适入住体验。	657	15549
6234	标准间	标准间，简洁整洁，设施完备，高性价比之选。	287	15550
6234	大床房	大床房，配备舒适大床，温馨静谧，适合休闲度假。	262	15551
6235	行政套房	行政套房，空间宽敞，配套齐全，尊享舒适入住体验。	672	15552
6235	标准间	标准间，简洁整洁，设施完备，高性价比之选。	307	15553
6236	标准间	标准间，简洁整洁，设施完备，高性价比之选。	274	15554
6236	大床房	大床房，配备舒适大床，温馨静谧，适合休闲度假。	434	15555
6237	标准间	标准间，简洁整洁，设施完备，高性价比之选。	297	15556
6237	行政套房	行政套房，空间宽敞，配套齐全，尊享舒适入住体验。	807	15557
6237	大床房	大床房，配备舒适大床，温馨静谧，适合休闲度假。	374	15558
6238	大床房	大床房，配备舒适大床，温馨静谧，适合休闲度假。	324	15559
6238	标准间	标准间，简洁整洁，设施完备，高性价比之选。	284	15560
6239	标准间	标准间，简洁整洁，设施完备，高性价比之选。	188	15561
6239	行政套房	行政套房，空间宽敞，配套齐全，尊享舒适入住体验。	813	15562
6240	大床房	大床房，配备舒适大床，温馨静谧，适合休闲度假。	359	15563
6240	行政套房	行政套房，空间宽敞，配套齐全，尊享舒适入住体验。	734	15564
6241	大床房	大床房，配备舒适大床，温馨静谧，适合休闲度假。	342	15565
6241	行政套房	行政套房，空间宽敞，配套齐全，尊享舒适入住体验。	842	15566
6241	标准间	标准间，简洁整洁，设施完备，高性价比之选。	313	15567
6242	大床房	大床房，配备舒适大床，温馨静谧，适合休闲度假。	284	15568
6242	标准间	标准间，简洁整洁，设施完备，高性价比之选。	275	15569
6242	行政套房	行政套房，空间宽敞，配套齐全，尊享舒适入住体验。	591	15570
6243	行政套房	行政套房，空间宽敞，配套齐全，尊享舒适入住体验。	686	15571
6243	标准间	标准间，简洁整洁，设施完备，高性价比之选。	207	15572
6244	标准间	标准间，简洁整洁，设施完备，高性价比之选。	299	15573
6244	大床房	大床房，配备舒适大床，温馨静谧，适合休闲度假。	361	15574
6245	标准间	标准间，简洁整洁，设施完备，高性价比之选。	242	15575
6245	大床房	大床房，配备舒适大床，温馨静谧，适合休闲度假。	282	15576
6246	大床房	大床房，配备舒适大床，温馨静谧，适合休闲度假。	337	15577
6246	标准间	标准间，简洁整洁，设施完备，高性价比之选。	283	15578
6247	行政套房	行政套房，空间宽敞，配套齐全，尊享舒适入住体验。	623	15579
6247	标准间	标准间，简洁整洁，设施完备，高性价比之选。	293	15580
6247	大床房	大床房，配备舒适大床，温馨静谧，适合休闲度假。	452	15581
6248	大床房	大床房，配备舒适大床，温馨静谧，适合休闲度假。	316	15582
6248	标准间	标准间，简洁整洁，设施完备，高性价比之选。	216	15583
6248	行政套房	行政套房，空间宽敞，配套齐全，尊享舒适入住体验。	713	15584
6249	大床房	大床房，配备舒适大床，温馨静谧，适合休闲度假。	383	15585
6249	行政套房	行政套房，空间宽敞，配套齐全，尊享舒适入住体验。	531	15586
6249	标准间	标准间，简洁整洁，设施完备，高性价比之选。	219	15587
6250	标准间	标准间，简洁整洁，设施完备，高性价比之选。	253	15588
6250	大床房	大床房，配备舒适大床，温馨静谧，适合休闲度假。	462	15589
6251	标准间	标准间，简洁整洁，设施完备，高性价比之选。	301	15590
6251	行政套房	行政套房，空间宽敞，配套齐全，尊享舒适入住体验。	568	15591
6251	大床房	大床房，配备舒适大床，温馨静谧，适合休闲度假。	269	15592
6252	行政套房	行政套房，空间宽敞，配套齐全，尊享舒适入住体验。	702	15593
6252	标准间	标准间，简洁整洁，设施完备，高性价比之选。	307	15594
6253	标准间	标准间，简洁整洁，设施完备，高性价比之选。	252	15595
6253	大床房	大床房，配备舒适大床，温馨静谧，适合休闲度假。	293	15596
6254	行政套房	行政套房，空间宽敞，配套齐全，尊享舒适入住体验。	686	15597
6254	标准间	标准间，简洁整洁，设施完备，高性价比之选。	309	15598
6255	标准间	标准间，简洁整洁，设施完备，高性价比之选。	215	15599
6255	大床房	大床房，配备舒适大床，温馨静谧，适合休闲度假。	343	15600
6255	行政套房	行政套房，空间宽敞，配套齐全，尊享舒适入住体验。	559	15601
6256	标准间	标准间，简洁整洁，设施完备，高性价比之选。	255	15602
6256	行政套房	行政套房，空间宽敞，配套齐全，尊享舒适入住体验。	487	15603
6257	标准间	标准间，简洁整洁，设施完备，高性价比之选。	202	15604
6257	行政套房	行政套房，空间宽敞，配套齐全，尊享舒适入住体验。	485	15605
6258	标准间	标准间，简洁整洁，设施完备，高性价比之选。	194	15606
6258	大床房	大床房，配备舒适大床，温馨静谧，适合休闲度假。	425	15607
6258	行政套房	行政套房，空间宽敞，配套齐全，尊享舒适入住体验。	822	15608
6259	标准间	标准间，简洁整洁，设施完备，高性价比之选。	282	15609
6259	行政套房	行政套房，空间宽敞，配套齐全，尊享舒适入住体验。	751	15610
6260	标准间	标准间，简洁整洁，设施完备，高性价比之选。	310	15611
6260	行政套房	行政套房，空间宽敞，配套齐全，尊享舒适入住体验。	701	15612
6260	大床房	大床房，配备舒适大床，温馨静谧，适合休闲度假。	467	15613
6261	大床房	大床房，配备舒适大床，温馨静谧，适合休闲度假。	358	15614
6261	行政套房	行政套房，空间宽敞，配套齐全，尊享舒适入住体验。	832	15615
6261	标准间	标准间，简洁整洁，设施完备，高性价比之选。	220	15616
6262	标准间	标准间，简洁整洁，设施完备，高性价比之选。	306	15617
6262	行政套房	行政套房，空间宽敞，配套齐全，尊享舒适入住体验。	808	15618
6263	行政套房	行政套房，空间宽敞，配套齐全，尊享舒适入住体验。	569	15619
6263	大床房	大床房，配备舒适大床，温馨静谧，适合休闲度假。	346	15620
6263	标准间	标准间，简洁整洁，设施完备，高性价比之选。	304	15621
6264	标准间	标准间，简洁整洁，设施完备，高性价比之选。	286	15622
6264	大床房	大床房，配备舒适大床，温馨静谧，适合休闲度假。	364	15623
6265	标准间	标准间，简洁整洁，设施完备，高性价比之选。	320	15624
6265	大床房	大床房，配备舒适大床，温馨静谧，适合休闲度假。	426	15625
6265	行政套房	行政套房，空间宽敞，配套齐全，尊享舒适入住体验。	619	15626
6266	标准间	标准间，简洁整洁，设施完备，高性价比之选。	258	15627
6266	大床房	大床房，配备舒适大床，温馨静谧，适合休闲度假。	261	15628
6266	行政套房	行政套房，空间宽敞，配套齐全，尊享舒适入住体验。	652	15629
6267	标准间	标准间，简洁整洁，设施完备，高性价比之选。	290	15630
6267	大床房	大床房，配备舒适大床，温馨静谧，适合休闲度假。	312	15631
6267	行政套房	行政套房，空间宽敞，配套齐全，尊享舒适入住体验。	682	15632
6268	行政套房	行政套房，空间宽敞，配套齐全，尊享舒适入住体验。	483	15633
6268	大床房	大床房，配备舒适大床，温馨静谧，适合休闲度假。	468	15634
6268	标准间	标准间，简洁整洁，设施完备，高性价比之选。	309	15635
6269	大床房	大床房，配备舒适大床，温馨静谧，适合休闲度假。	264	15636
6269	标准间	标准间，简洁整洁，设施完备，高性价比之选。	271	15637
6270	标准间	标准间，简洁整洁，设施完备，高性价比之选。	310	15638
6270	行政套房	行政套房，空间宽敞，配套齐全，尊享舒适入住体验。	484	15639
6271	大床房	大床房，配备舒适大床，温馨静谧，适合休闲度假。	378	15640
6271	标准间	标准间，简洁整洁，设施完备，高性价比之选。	213	15641
6271	行政套房	行政套房，空间宽敞，配套齐全，尊享舒适入住体验。	506	15642
6272	大床房	大床房，配备舒适大床，温馨静谧，适合休闲度假。	396	15643
6272	标准间	标准间，简洁整洁，设施完备，高性价比之选。	246	15644
6272	行政套房	行政套房，空间宽敞，配套齐全，尊享舒适入住体验。	681	15645
6273	标准间	标准间，简洁整洁，设施完备，高性价比之选。	316	15646
6273	大床房	大床房，配备舒适大床，温馨静谧，适合休闲度假。	389	15647
6273	行政套房	行政套房，空间宽敞，配套齐全，尊享舒适入住体验。	658	15648
6274	大床房	大床房，配备舒适大床，温馨静谧，适合休闲度假。	396	15649
6274	标准间	标准间，简洁整洁，设施完备，高性价比之选。	243	15650
6275	大床房	大床房，配备舒适大床，温馨静谧，适合休闲度假。	275	15651
6275	行政套房	行政套房，空间宽敞，配套齐全，尊享舒适入住体验。	824	15652
6275	标准间	标准间，简洁整洁，设施完备，高性价比之选。	263	15653
6276	行政套房	行政套房，空间宽敞，配套齐全，尊享舒适入住体验。	701	15654
6276	大床房	大床房，配备舒适大床，温馨静谧，适合休闲度假。	447	15655
6276	标准间	标准间，简洁整洁，设施完备，高性价比之选。	212	15656
6277	大床房	大床房，配备舒适大床，温馨静谧，适合休闲度假。	372	15657
6277	标准间	标准间，简洁整洁，设施完备，高性价比之选。	218	15658
6277	行政套房	行政套房，空间宽敞，配套齐全，尊享舒适入住体验。	842	15659
6278	标准间	标准间，简洁整洁，设施完备，高性价比之选。	242	15660
6278	行政套房	行政套房，空间宽敞，配套齐全，尊享舒适入住体验。	812	15661
6279	行政套房	行政套房，空间宽敞，配套齐全，尊享舒适入住体验。	545	15662
6279	标准间	标准间，简洁整洁，设施完备，高性价比之选。	314	15663
6279	大床房	大床房，配备舒适大床，温馨静谧，适合休闲度假。	418	15664
6280	大床房	大床房，配备舒适大床，温馨静谧，适合休闲度假。	335	15665
6280	行政套房	行政套房，空间宽敞，配套齐全，尊享舒适入住体验。	765	15666
6281	大床房	大床房，配备舒适大床，温馨静谧，适合休闲度假。	446	15667
6281	标准间	标准间，简洁整洁，设施完备，高性价比之选。	195	15668
6281	行政套房	行政套房，空间宽敞，配套齐全，尊享舒适入住体验。	775	15669
6282	标准间	标准间，简洁整洁，设施完备，高性价比之选。	318	15670
6282	大床房	大床房，配备舒适大床，温馨静谧，适合休闲度假。	383	15671
6283	大床房	大床房，配备舒适大床，温馨静谧，适合休闲度假。	384	15672
6283	行政套房	行政套房，空间宽敞，配套齐全，尊享舒适入住体验。	624	15673
6284	大床房	大床房，配备舒适大床，温馨静谧，适合休闲度假。	436	15674
6284	标准间	标准间，简洁整洁，设施完备，高性价比之选。	226	15675
6284	行政套房	行政套房，空间宽敞，配套齐全，尊享舒适入住体验。	564	15676
6285	标准间	标准间，简洁整洁，设施完备，高性价比之选。	191	15677
6285	大床房	大床房，配备舒适大床，温馨静谧，适合休闲度假。	270	15678
6285	行政套房	行政套房，空间宽敞，配套齐全，尊享舒适入住体验。	872	15679
6286	行政套房	行政套房，空间宽敞，配套齐全，尊享舒适入住体验。	805	15680
6286	标准间	标准间，简洁整洁，设施完备，高性价比之选。	314	15681
6287	行政套房	行政套房，空间宽敞，配套齐全，尊享舒适入住体验。	525	15682
6287	标准间	标准间，简洁整洁，设施完备，高性价比之选。	218	15683
6288	行政套房	行政套房，空间宽敞，配套齐全，尊享舒适入住体验。	529	15684
6288	标准间	标准间，简洁整洁，设施完备，高性价比之选。	263	15685
6288	大床房	大床房，配备舒适大床，温馨静谧，适合休闲度假。	470	15686
6289	行政套房	行政套房，空间宽敞，配套齐全，尊享舒适入住体验。	646	15687
6289	大床房	大床房，配备舒适大床，温馨静谧，适合休闲度假。	291	15688
6290	大床房	大床房，配备舒适大床，温馨静谧，适合休闲度假。	446	15689
6290	标准间	标准间，简洁整洁，设施完备，高性价比之选。	212	15690
6290	行政套房	行政套房，空间宽敞，配套齐全，尊享舒适入住体验。	533	15691
6291	标准间	标准间，简洁整洁，设施完备，高性价比之选。	314	15692
6291	行政套房	行政套房，空间宽敞，配套齐全，尊享舒适入住体验。	545	15693
6291	大床房	大床房，配备舒适大床，温馨静谧，适合休闲度假。	401	15694
6292	行政套房	行政套房，空间宽敞，配套齐全，尊享舒适入住体验。	804	15695
6292	大床房	大床房，配备舒适大床，温馨静谧，适合休闲度假。	290	15696
6293	大床房	大床房，配备舒适大床，温馨静谧，适合休闲度假。	332	15697
6293	行政套房	行政套房，空间宽敞，配套齐全，尊享舒适入住体验。	583	15698
6294	行政套房	行政套房，空间宽敞，配套齐全，尊享舒适入住体验。	518	15699
6294	大床房	大床房，配备舒适大床，温馨静谧，适合休闲度假。	268	15700
6295	大床房	大床房，配备舒适大床，温馨静谧，适合休闲度假。	398	15701
6295	标准间	标准间，简洁整洁，设施完备，高性价比之选。	211	15702
6296	行政套房	行政套房，空间宽敞，配套齐全，尊享舒适入住体验。	782	15703
6296	标准间	标准间，简洁整洁，设施完备，高性价比之选。	243	15704
6296	大床房	大床房，配备舒适大床，温馨静谧，适合休闲度假。	367	15705
6297	行政套房	行政套房，空间宽敞，配套齐全，尊享舒适入住体验。	780	15706
6297	大床房	大床房，配备舒适大床，温馨静谧，适合休闲度假。	383	15707
6297	标准间	标准间，简洁整洁，设施完备，高性价比之选。	220	15708
6298	大床房	大床房，配备舒适大床，温馨静谧，适合休闲度假。	264	15709
6298	行政套房	行政套房，空间宽敞，配套齐全，尊享舒适入住体验。	510	15710
6298	标准间	标准间，简洁整洁，设施完备，高性价比之选。	314	15711
6299	大床房	大床房，配备舒适大床，温馨静谧，适合休闲度假。	302	15712
6299	行政套房	行政套房，空间宽敞，配套齐全，尊享舒适入住体验。	625	15713
6299	标准间	标准间，简洁整洁，设施完备，高性价比之选。	229	15714
6300	行政套房	行政套房，空间宽敞，配套齐全，尊享舒适入住体验。	870	15715
6300	大床房	大床房，配备舒适大床，温馨静谧，适合休闲度假。	457	15716
6300	标准间	标准间，简洁整洁，设施完备，高性价比之选。	226	15717
6301	大床房	大床房，配备舒适大床，温馨静谧，适合休闲度假。	329	15718
6301	标准间	标准间，简洁整洁，设施完备，高性价比之选。	193	15719
6301	行政套房	行政套房，空间宽敞，配套齐全，尊享舒适入住体验。	587	15720
6302	行政套房	行政套房，空间宽敞，配套齐全，尊享舒适入住体验。	534	15721
6302	大床房	大床房，配备舒适大床，温馨静谧，适合休闲度假。	270	15722
6302	标准间	标准间，简洁整洁，设施完备，高性价比之选。	304	15723
6303	标准间	标准间，简洁整洁，设施完备，高性价比之选。	236	15724
6303	大床房	大床房，配备舒适大床，温馨静谧，适合休闲度假。	290	15725
6304	行政套房	行政套房，空间宽敞，配套齐全，尊享舒适入住体验。	619	15726
6304	标准间	标准间，简洁整洁，设施完备，高性价比之选。	225	15727
6305	行政套房	行政套房，空间宽敞，配套齐全，尊享舒适入住体验。	742	15728
6305	标准间	标准间，简洁整洁，设施完备，高性价比之选。	307	15729
6306	大床房	大床房，配备舒适大床，温馨静谧，适合休闲度假。	458	15730
6306	行政套房	行政套房，空间宽敞，配套齐全，尊享舒适入住体验。	771	15731
6307	行政套房	行政套房，空间宽敞，配套齐全，尊享舒适入住体验。	876	15732
6307	大床房	大床房，配备舒适大床，温馨静谧，适合休闲度假。	348	15733
6307	标准间	标准间，简洁整洁，设施完备，高性价比之选。	237	15734
6308	标准间	标准间，简洁整洁，设施完备，高性价比之选。	284	15735
6308	大床房	大床房，配备舒适大床，温馨静谧，适合休闲度假。	387	15736
6308	行政套房	行政套房，空间宽敞，配套齐全，尊享舒适入住体验。	542	15737
6309	大床房	大床房，配备舒适大床，温馨静谧，适合休闲度假。	341	15738
6309	行政套房	行政套房，空间宽敞，配套齐全，尊享舒适入住体验。	695	15739
6310	大床房	大床房，配备舒适大床，温馨静谧，适合休闲度假。	318	15740
6310	行政套房	行政套房，空间宽敞，配套齐全，尊享舒适入住体验。	720	15741
6310	标准间	标准间，简洁整洁，设施完备，高性价比之选。	273	15742
6311	大床房	大床房，配备舒适大床，温馨静谧，适合休闲度假。	342	15743
6311	行政套房	行政套房，空间宽敞，配套齐全，尊享舒适入住体验。	755	15744
6311	标准间	标准间，简洁整洁，设施完备，高性价比之选。	217	15745
6312	标准间	标准间，简洁整洁，设施完备，高性价比之选。	185	15746
6312	行政套房	行政套房，空间宽敞，配套齐全，尊享舒适入住体验。	679	15747
6313	大床房	大床房，配备舒适大床，温馨静谧，适合休闲度假。	333	15748
6313	标准间	标准间，简洁整洁，设施完备，高性价比之选。	235	15749
6314	大床房	大床房，配备舒适大床，温馨静谧，适合休闲度假。	394	15750
6314	行政套房	行政套房，空间宽敞，配套齐全，尊享舒适入住体验。	682	15751
6315	行政套房	行政套房，空间宽敞，配套齐全，尊享舒适入住体验。	554	15752
6315	标准间	标准间，简洁整洁，设施完备，高性价比之选。	200	15753
6315	大床房	大床房，配备舒适大床，温馨静谧，适合休闲度假。	382	15754
6316	标准间	标准间，简洁整洁，设施完备，高性价比之选。	226	15755
6316	大床房	大床房，配备舒适大床，温馨静谧，适合休闲度假。	464	15756
6316	行政套房	行政套房，空间宽敞，配套齐全，尊享舒适入住体验。	584	15757
6317	行政套房	行政套房，空间宽敞，配套齐全，尊享舒适入住体验。	752	15758
6317	标准间	标准间，简洁整洁，设施完备，高性价比之选。	300	15759
6318	大床房	大床房，配备舒适大床，温馨静谧，适合休闲度假。	274	15760
6318	行政套房	行政套房，空间宽敞，配套齐全，尊享舒适入住体验。	719	15761
6319	标准间	标准间，简洁整洁，设施完备，高性价比之选。	248	15762
6319	大床房	大床房，配备舒适大床，温馨静谧，适合休闲度假。	306	15763
6319	行政套房	行政套房，空间宽敞，配套齐全，尊享舒适入住体验。	767	15764
6320	标准间	标准间，简洁整洁，设施完备，高性价比之选。	255	15765
6320	行政套房	行政套房，空间宽敞，配套齐全，尊享舒适入住体验。	726	15766
6321	行政套房	行政套房，空间宽敞，配套齐全，尊享舒适入住体验。	836	15767
6321	大床房	大床房，配备舒适大床，温馨静谧，适合休闲度假。	274	15768
6322	标准间	标准间，简洁整洁，设施完备，高性价比之选。	300	15769
6322	大床房	大床房，配备舒适大床，温馨静谧，适合休闲度假。	422	15770
6323	大床房	大床房，配备舒适大床，温馨静谧，适合休闲度假。	300	15771
6323	标准间	标准间，简洁整洁，设施完备，高性价比之选。	257	15772
6323	行政套房	行政套房，空间宽敞，配套齐全，尊享舒适入住体验。	721	15773
6324	大床房	大床房，配备舒适大床，温馨静谧，适合休闲度假。	270	15774
6324	行政套房	行政套房，空间宽敞，配套齐全，尊享舒适入住体验。	836	15775
6325	大床房	大床房，配备舒适大床，温馨静谧，适合休闲度假。	455	15776
6325	行政套房	行政套房，空间宽敞，配套齐全，尊享舒适入住体验。	754	15777
6326	大床房	大床房，配备舒适大床，温馨静谧，适合休闲度假。	356	15778
6326	行政套房	行政套房，空间宽敞，配套齐全，尊享舒适入住体验。	624	15779
6326	标准间	标准间，简洁整洁，设施完备，高性价比之选。	183	15780
6327	大床房	大床房，配备舒适大床，温馨静谧，适合休闲度假。	279	15781
6327	标准间	标准间，简洁整洁，设施完备，高性价比之选。	244	15782
6328	行政套房	行政套房，空间宽敞，配套齐全，尊享舒适入住体验。	659	15783
6328	标准间	标准间，简洁整洁，设施完备，高性价比之选。	199	15784
6329	大床房	大床房，配备舒适大床，温馨静谧，适合休闲度假。	393	15785
6329	行政套房	行政套房，空间宽敞，配套齐全，尊享舒适入住体验。	762	15786
6330	大床房	大床房，配备舒适大床，温馨静谧，适合休闲度假。	322	15787
6330	标准间	标准间，简洁整洁，设施完备，高性价比之选。	304	15788
6331	大床房	大床房，配备舒适大床，温馨静谧，适合休闲度假。	381	15789
6331	行政套房	行政套房，空间宽敞，配套齐全，尊享舒适入住体验。	845	15790
6331	标准间	标准间，简洁整洁，设施完备，高性价比之选。	223	15791
6332	行政套房	行政套房，空间宽敞，配套齐全，尊享舒适入住体验。	835	15792
6332	大床房	大床房，配备舒适大床，温馨静谧，适合休闲度假。	360	15793
6333	行政套房	行政套房，空间宽敞，配套齐全，尊享舒适入住体验。	829	15794
6333	标准间	标准间，简洁整洁，设施完备，高性价比之选。	203	15795
6334	行政套房	行政套房，空间宽敞，配套齐全，尊享舒适入住体验。	553	15796
6334	标准间	标准间，简洁整洁，设施完备，高性价比之选。	268	15797
6335	大床房	大床房，配备舒适大床，温馨静谧，适合休闲度假。	370	15798
6335	标准间	标准间，简洁整洁，设施完备，高性价比之选。	289	15799
6335	行政套房	行政套房，空间宽敞，配套齐全，尊享舒适入住体验。	744	15800
6336	标准间	标准间，简洁整洁，设施完备，高性价比之选。	287	15801
6336	大床房	大床房，配备舒适大床，温馨静谧，适合休闲度假。	285	15802
6337	行政套房	行政套房，空间宽敞，配套齐全，尊享舒适入住体验。	786	15803
6337	标准间	标准间，简洁整洁，设施完备，高性价比之选。	310	15804
6337	大床房	大床房，配备舒适大床，温馨静谧，适合休闲度假。	409	15805
6338	标准间	标准间，简洁整洁，设施完备，高性价比之选。	194	15806
6338	大床房	大床房，配备舒适大床，温馨静谧，适合休闲度假。	419	15807
6339	大床房	大床房，配备舒适大床，温馨静谧，适合休闲度假。	284	15808
6339	标准间	标准间，简洁整洁，设施完备，高性价比之选。	192	15809
6339	行政套房	行政套房，空间宽敞，配套齐全，尊享舒适入住体验。	637	15810
6340	行政套房	行政套房，空间宽敞，配套齐全，尊享舒适入住体验。	870	15811
6340	标准间	标准间，简洁整洁，设施完备，高性价比之选。	295	15812
6341	标准间	标准间，简洁整洁，设施完备，高性价比之选。	209	15813
6341	大床房	大床房，配备舒适大床，温馨静谧，适合休闲度假。	451	15814
6341	行政套房	行政套房，空间宽敞，配套齐全，尊享舒适入住体验。	776	15815
6342	标准间	标准间，简洁整洁，设施完备，高性价比之选。	303	15816
6342	行政套房	行政套房，空间宽敞，配套齐全，尊享舒适入住体验。	858	15817
6343	大床房	大床房，配备舒适大床，温馨静谧，适合休闲度假。	297	15818
6343	标准间	标准间，简洁整洁，设施完备，高性价比之选。	288	15819
6344	行政套房	行政套房，空间宽敞，配套齐全，尊享舒适入住体验。	657	15820
6344	标准间	标准间，简洁整洁，设施完备，高性价比之选。	315	15821
6345	大床房	大床房，配备舒适大床，温馨静谧，适合休闲度假。	435	15822
6345	标准间	标准间，简洁整洁，设施完备，高性价比之选。	184	15823
6345	行政套房	行政套房，空间宽敞，配套齐全，尊享舒适入住体验。	485	15824
6346	大床房	大床房，配备舒适大床，温馨静谧，适合休闲度假。	333	15825
6346	标准间	标准间，简洁整洁，设施完备，高性价比之选。	292	15826
6347	大床房	大床房，配备舒适大床，温馨静谧，适合休闲度假。	353	15827
6347	标准间	标准间，简洁整洁，设施完备，高性价比之选。	318	15828
6348	行政套房	行政套房，空间宽敞，配套齐全，尊享舒适入住体验。	597	15829
6348	标准间	标准间，简洁整洁，设施完备，高性价比之选。	236	15830
6348	大床房	大床房，配备舒适大床，温馨静谧，适合休闲度假。	295	15831
6349	标准间	标准间，简洁整洁，设施完备，高性价比之选。	316	15832
6349	行政套房	行政套房，空间宽敞，配套齐全，尊享舒适入住体验。	560	15833
6350	大床房	大床房，配备舒适大床，温馨静谧，适合休闲度假。	345	15834
6350	行政套房	行政套房，空间宽敞，配套齐全，尊享舒适入住体验。	699	15835
6351	大床房	大床房，配备舒适大床，温馨静谧，适合休闲度假。	468	15836
6351	标准间	标准间，简洁整洁，设施完备，高性价比之选。	210	15837
6351	行政套房	行政套房，空间宽敞，配套齐全，尊享舒适入住体验。	861	15838
6352	行政套房	行政套房，空间宽敞，配套齐全，尊享舒适入住体验。	718	15839
6352	标准间	标准间，简洁整洁，设施完备，高性价比之选。	260	15840
6353	行政套房	行政套房，空间宽敞，配套齐全，尊享舒适入住体验。	484	15841
6353	标准间	标准间，简洁整洁，设施完备，高性价比之选。	265	15842
6353	大床房	大床房，配备舒适大床，温馨静谧，适合休闲度假。	425	15843
6354	大床房	大床房，配备舒适大床，温馨静谧，适合休闲度假。	429	15844
6354	标准间	标准间，简洁整洁，设施完备，高性价比之选。	253	15845
6354	行政套房	行政套房，空间宽敞，配套齐全，尊享舒适入住体验。	530	15846
6355	行政套房	行政套房，空间宽敞，配套齐全，尊享舒适入住体验。	666	15847
6355	标准间	标准间，简洁整洁，设施完备，高性价比之选。	309	15848
6355	大床房	大床房，配备舒适大床，温馨静谧，适合休闲度假。	334	15849
6356	标准间	标准间，简洁整洁，设施完备，高性价比之选。	196	15850
6356	行政套房	行政套房，空间宽敞，配套齐全，尊享舒适入住体验。	767	15851
6356	大床房	大床房，配备舒适大床，温馨静谧，适合休闲度假。	401	15852
6357	标准间	标准间，简洁整洁，设施完备，高性价比之选。	293	15853
6357	大床房	大床房，配备舒适大床，温馨静谧，适合休闲度假。	441	15854
6358	行政套房	行政套房，空间宽敞，配套齐全，尊享舒适入住体验。	861	15855
6358	标准间	标准间，简洁整洁，设施完备，高性价比之选。	313	15856
6359	标准间	标准间，简洁整洁，设施完备，高性价比之选。	224	15857
6359	行政套房	行政套房，空间宽敞，配套齐全，尊享舒适入住体验。	569	15858
6360	大床房	大床房，配备舒适大床，温馨静谧，适合休闲度假。	474	15859
6360	行政套房	行政套房，空间宽敞，配套齐全，尊享舒适入住体验。	636	15860
6360	标准间	标准间，简洁整洁，设施完备，高性价比之选。	189	15861
6361	标准间	标准间，简洁整洁，设施完备，高性价比之选。	282	15862
6361	大床房	大床房，配备舒适大床，温馨静谧，适合休闲度假。	383	15863
6362	行政套房	行政套房，空间宽敞，配套齐全，尊享舒适入住体验。	643	15864
6362	标准间	标准间，简洁整洁，设施完备，高性价比之选。	252	15865
6362	大床房	大床房，配备舒适大床，温馨静谧，适合休闲度假。	385	15866
6363	标准间	标准间，简洁整洁，设施完备，高性价比之选。	188	15867
6363	行政套房	行政套房，空间宽敞，配套齐全，尊享舒适入住体验。	765	15868
6363	大床房	大床房，配备舒适大床，温馨静谧，适合休闲度假。	319	15869
6364	行政套房	行政套房，空间宽敞，配套齐全，尊享舒适入住体验。	758	15870
6364	大床房	大床房，配备舒适大床，温馨静谧，适合休闲度假。	358	15871
6364	标准间	标准间，简洁整洁，设施完备，高性价比之选。	221	15872
6365	行政套房	行政套房，空间宽敞，配套齐全，尊享舒适入住体验。	529	15873
6365	大床房	大床房，配备舒适大床，温馨静谧，适合休闲度假。	448	15874
6366	行政套房	行政套房，空间宽敞，配套齐全，尊享舒适入住体验。	744	15875
6366	大床房	大床房，配备舒适大床，温馨静谧，适合休闲度假。	381	15876
6367	标准间	标准间，简洁整洁，设施完备，高性价比之选。	225	15877
6367	大床房	大床房，配备舒适大床，温馨静谧，适合休闲度假。	424	15878
6367	行政套房	行政套房，空间宽敞，配套齐全，尊享舒适入住体验。	709	15879
6368	行政套房	行政套房，空间宽敞，配套齐全，尊享舒适入住体验。	531	15880
6368	大床房	大床房，配备舒适大床，温馨静谧，适合休闲度假。	314	15881
6368	标准间	标准间，简洁整洁，设施完备，高性价比之选。	314	15882
6369	标准间	标准间，简洁整洁，设施完备，高性价比之选。	234	15883
6369	大床房	大床房，配备舒适大床，温馨静谧，适合休闲度假。	444	15884
6370	大床房	大床房，配备舒适大床，温馨静谧，适合休闲度假。	462	15885
6370	行政套房	行政套房，空间宽敞，配套齐全，尊享舒适入住体验。	666	15886
6370	标准间	标准间，简洁整洁，设施完备，高性价比之选。	181	15887
6371	行政套房	行政套房，空间宽敞，配套齐全，尊享舒适入住体验。	708	15888
6371	大床房	大床房，配备舒适大床，温馨静谧，适合休闲度假。	274	15889
6371	标准间	标准间，简洁整洁，设施完备，高性价比之选。	236	15890
6372	标准间	标准间，简洁整洁，设施完备，高性价比之选。	189	15891
6372	大床房	大床房，配备舒适大床，温馨静谧，适合休闲度假。	403	15892
6373	行政套房	行政套房，空间宽敞，配套齐全，尊享舒适入住体验。	523	15893
6373	标准间	标准间，简洁整洁，设施完备，高性价比之选。	264	15894
6373	大床房	大床房，配备舒适大床，温馨静谧，适合休闲度假。	279	15895
6374	大床房	大床房，配备舒适大床，温馨静谧，适合休闲度假。	379	15896
6374	标准间	标准间，简洁整洁，设施完备，高性价比之选。	315	15897
6375	大床房	大床房，配备舒适大床，温馨静谧，适合休闲度假。	434	15898
6375	行政套房	行政套房，空间宽敞，配套齐全，尊享舒适入住体验。	508	15899
6376	标准间	标准间，简洁整洁，设施完备，高性价比之选。	211	15900
6376	行政套房	行政套房，空间宽敞，配套齐全，尊享舒适入住体验。	612	15901
6377	标准间	标准间，简洁整洁，设施完备，高性价比之选。	283	15902
6377	大床房	大床房，配备舒适大床，温馨静谧，适合休闲度假。	269	15903
6377	行政套房	行政套房，空间宽敞，配套齐全，尊享舒适入住体验。	846	15904
6378	行政套房	行政套房，空间宽敞，配套齐全，尊享舒适入住体验。	569	15905
6378	标准间	标准间，简洁整洁，设施完备，高性价比之选。	244	15906
6378	大床房	大床房，配备舒适大床，温馨静谧，适合休闲度假。	468	15907
6379	行政套房	行政套房，空间宽敞，配套齐全，尊享舒适入住体验。	561	15908
6379	标准间	标准间，简洁整洁，设施完备，高性价比之选。	264	15909
6379	大床房	大床房，配备舒适大床，温馨静谧，适合休闲度假。	452	15910
6380	标准间	标准间，简洁整洁，设施完备，高性价比之选。	288	15911
6380	行政套房	行政套房，空间宽敞，配套齐全，尊享舒适入住体验。	483	15912
6381	行政套房	行政套房，空间宽敞，配套齐全，尊享舒适入住体验。	674	15913
6381	标准间	标准间，简洁整洁，设施完备，高性价比之选。	234	15914
6381	大床房	大床房，配备舒适大床，温馨静谧，适合休闲度假。	377	15915
6382	大床房	大床房，配备舒适大床，温馨静谧，适合休闲度假。	420	15916
6382	标准间	标准间，简洁整洁，设施完备，高性价比之选。	235	15917
6383	标准间	标准间，简洁整洁，设施完备，高性价比之选。	284	15918
6383	大床房	大床房，配备舒适大床，温馨静谧，适合休闲度假。	439	15919
6384	大床房	大床房，配备舒适大床，温馨静谧，适合休闲度假。	308	15920
6384	行政套房	行政套房，空间宽敞，配套齐全，尊享舒适入住体验。	626	15921
6385	大床房	大床房，配备舒适大床，温馨静谧，适合休闲度假。	407	15922
6385	行政套房	行政套房，空间宽敞，配套齐全，尊享舒适入住体验。	682	15923
6385	标准间	标准间，简洁整洁，设施完备，高性价比之选。	180	15924
6386	行政套房	行政套房，空间宽敞，配套齐全，尊享舒适入住体验。	814	15925
6386	标准间	标准间，简洁整洁，设施完备，高性价比之选。	219	15926
6386	大床房	大床房，配备舒适大床，温馨静谧，适合休闲度假。	363	15927
6387	标准间	标准间，简洁整洁，设施完备，高性价比之选。	250	15928
6387	行政套房	行政套房，空间宽敞，配套齐全，尊享舒适入住体验。	510	15929
6388	标准间	标准间，简洁整洁，设施完备，高性价比之选。	196	15930
6388	大床房	大床房，配备舒适大床，温馨静谧，适合休闲度假。	275	15931
6389	行政套房	行政套房，空间宽敞，配套齐全，尊享舒适入住体验。	852	15932
6389	大床房	大床房，配备舒适大床，温馨静谧，适合休闲度假。	349	15933
6390	行政套房	行政套房，空间宽敞，配套齐全，尊享舒适入住体验。	678	15934
6390	大床房	大床房，配备舒适大床，温馨静谧，适合休闲度假。	466	15935
6390	标准间	标准间，简洁整洁，设施完备，高性价比之选。	254	15936
6391	行政套房	行政套房，空间宽敞，配套齐全，尊享舒适入住体验。	775	15937
6391	标准间	标准间，简洁整洁，设施完备，高性价比之选。	251	15938
6391	大床房	大床房，配备舒适大床，温馨静谧，适合休闲度假。	400	15939
6392	标准间	标准间，简洁整洁，设施完备，高性价比之选。	270	15940
6392	行政套房	行政套房，空间宽敞，配套齐全，尊享舒适入住体验。	489	15941
6392	大床房	大床房，配备舒适大床，温馨静谧，适合休闲度假。	282	15942
6393	标准间	标准间，简洁整洁，设施完备，高性价比之选。	191	15943
6393	大床房	大床房，配备舒适大床，温馨静谧，适合休闲度假。	467	15944
6393	行政套房	行政套房，空间宽敞，配套齐全，尊享舒适入住体验。	815	15945
6394	大床房	大床房，配备舒适大床，温馨静谧，适合休闲度假。	294	15946
6394	行政套房	行政套房，空间宽敞，配套齐全，尊享舒适入住体验。	637	15947
6394	标准间	标准间，简洁整洁，设施完备，高性价比之选。	186	15948
6395	大床房	大床房，配备舒适大床，温馨静谧，适合休闲度假。	446	15949
6395	行政套房	行政套房，空间宽敞，配套齐全，尊享舒适入住体验。	693	15950
6396	大床房	大床房，配备舒适大床，温馨静谧，适合休闲度假。	276	15951
6396	标准间	标准间，简洁整洁，设施完备，高性价比之选。	253	15952
6397	大床房	大床房，配备舒适大床，温馨静谧，适合休闲度假。	322	15953
6397	行政套房	行政套房，空间宽敞，配套齐全，尊享舒适入住体验。	525	15954
6397	标准间	标准间，简洁整洁，设施完备，高性价比之选。	191	15955
6398	大床房	大床房，配备舒适大床，温馨静谧，适合休闲度假。	373	15956
6398	标准间	标准间，简洁整洁，设施完备，高性价比之选。	204	15957
6398	行政套房	行政套房，空间宽敞，配套齐全，尊享舒适入住体验。	558	15958
6399	行政套房	行政套房，空间宽敞，配套齐全，尊享舒适入住体验。	567	15959
6399	大床房	大床房，配备舒适大床，温馨静谧，适合休闲度假。	477	15960
6399	标准间	标准间，简洁整洁，设施完备，高性价比之选。	255	15961
6400	标准间	标准间，简洁整洁，设施完备，高性价比之选。	251	15962
6400	行政套房	行政套房，空间宽敞，配套齐全，尊享舒适入住体验。	740	15963
6401	标准间	标准间，简洁整洁，设施完备，高性价比之选。	201	15964
6401	行政套房	行政套房，空间宽敞，配套齐全，尊享舒适入住体验。	651	15965
6401	大床房	大床房，配备舒适大床，温馨静谧，适合休闲度假。	279	15966
6402	大床房	大床房，配备舒适大床，温馨静谧，适合休闲度假。	410	15967
6402	行政套房	行政套房，空间宽敞，配套齐全，尊享舒适入住体验。	653	15968
6403	大床房	大床房，配备舒适大床，温馨静谧，适合休闲度假。	271	15969
6403	标准间	标准间，简洁整洁，设施完备，高性价比之选。	184	15970
6404	标准间	标准间，简洁整洁，设施完备，高性价比之选。	310	15971
6404	大床房	大床房，配备舒适大床，温馨静谧，适合休闲度假。	470	15972
6404	行政套房	行政套房，空间宽敞，配套齐全，尊享舒适入住体验。	648	15973
6405	行政套房	行政套房，空间宽敞，配套齐全，尊享舒适入住体验。	558	15974
6405	标准间	标准间，简洁整洁，设施完备，高性价比之选。	318	15975
6406	标准间	标准间，简洁整洁，设施完备，高性价比之选。	273	15976
6406	大床房	大床房，配备舒适大床，温馨静谧，适合休闲度假。	452	15977
6406	行政套房	行政套房，空间宽敞，配套齐全，尊享舒适入住体验。	516	15978
6407	行政套房	行政套房，空间宽敞，配套齐全，尊享舒适入住体验。	761	15979
6407	大床房	大床房，配备舒适大床，温馨静谧，适合休闲度假。	276	15980
6408	大床房	大床房，配备舒适大床，温馨静谧，适合休闲度假。	457	15981
6408	行政套房	行政套房，空间宽敞，配套齐全，尊享舒适入住体验。	799	15982
6408	标准间	标准间，简洁整洁，设施完备，高性价比之选。	185	15983
6409	标准间	标准间，简洁整洁，设施完备，高性价比之选。	254	15984
6409	大床房	大床房，配备舒适大床，温馨静谧，适合休闲度假。	363	15985
6410	标准间	标准间，简洁整洁，设施完备，高性价比之选。	201	15986
6410	行政套房	行政套房，空间宽敞，配套齐全，尊享舒适入住体验。	572	15987
6410	大床房	大床房，配备舒适大床，温馨静谧，适合休闲度假。	388	15988
6411	大床房	大床房，配备舒适大床，温馨静谧，适合休闲度假。	325	15989
6411	行政套房	行政套房，空间宽敞，配套齐全，尊享舒适入住体验。	640	15990
6411	标准间	标准间，简洁整洁，设施完备，高性价比之选。	313	15991
6412	行政套房	行政套房，空间宽敞，配套齐全，尊享舒适入住体验。	870	15992
6412	大床房	大床房，配备舒适大床，温馨静谧，适合休闲度假。	386	15993
6412	标准间	标准间，简洁整洁，设施完备，高性价比之选。	311	15994
6413	行政套房	行政套房，空间宽敞，配套齐全，尊享舒适入住体验。	865	15995
6413	大床房	大床房，配备舒适大床，温馨静谧，适合休闲度假。	395	15996
6413	标准间	标准间，简洁整洁，设施完备，高性价比之选。	258	15997
6414	标准间	标准间，简洁整洁，设施完备，高性价比之选。	236	15998
6414	大床房	大床房，配备舒适大床，温馨静谧，适合休闲度假。	266	15999
6415	行政套房	行政套房，空间宽敞，配套齐全，尊享舒适入住体验。	524	16000
6415	标准间	标准间，简洁整洁，设施完备，高性价比之选。	242	16001
6416	大床房	大床房，配备舒适大床，温馨静谧，适合休闲度假。	473	16002
6416	行政套房	行政套房，空间宽敞，配套齐全，尊享舒适入住体验。	679	16003
6417	行政套房	行政套房，空间宽敞，配套齐全，尊享舒适入住体验。	767	16004
6417	标准间	标准间，简洁整洁，设施完备，高性价比之选。	259	16005
6418	标准间	标准间，简洁整洁，设施完备，高性价比之选。	313	16006
6418	大床房	大床房，配备舒适大床，温馨静谧，适合休闲度假。	411	16007
6419	大床房	大床房，配备舒适大床，温馨静谧，适合休闲度假。	282	16008
6419	标准间	标准间，简洁整洁，设施完备，高性价比之选。	263	16009
6419	行政套房	行政套房，空间宽敞，配套齐全，尊享舒适入住体验。	678	16010
6420	大床房	大床房，配备舒适大床，温馨静谧，适合休闲度假。	456	16011
6420	标准间	标准间，简洁整洁，设施完备，高性价比之选。	214	16012
6421	标准间	标准间，简洁整洁，设施完备，高性价比之选。	314	16013
6421	大床房	大床房，配备舒适大床，温馨静谧，适合休闲度假。	332	16014
6422	标准间	标准间，简洁整洁，设施完备，高性价比之选。	193	16015
6422	大床房	大床房，配备舒适大床，温馨静谧，适合休闲度假。	268	16016
6423	标准间	标准间，简洁整洁，设施完备，高性价比之选。	229	16017
6423	行政套房	行政套房，空间宽敞，配套齐全，尊享舒适入住体验。	522	16018
6423	大床房	大床房，配备舒适大床，温馨静谧，适合休闲度假。	387	16019
6424	行政套房	行政套房，空间宽敞，配套齐全，尊享舒适入住体验。	547	16020
6424	大床房	大床房，配备舒适大床，温馨静谧，适合休闲度假。	465	16021
6424	标准间	标准间，简洁整洁，设施完备，高性价比之选。	302	16022
6425	大床房	大床房，配备舒适大床，温馨静谧，适合休闲度假。	367	16023
6425	行政套房	行政套房，空间宽敞，配套齐全，尊享舒适入住体验。	538	16024
6426	大床房	大床房，配备舒适大床，温馨静谧，适合休闲度假。	268	16025
6426	行政套房	行政套房，空间宽敞，配套齐全，尊享舒适入住体验。	835	16026
6427	大床房	大床房，配备舒适大床，温馨静谧，适合休闲度假。	273	16027
6427	标准间	标准间，简洁整洁，设施完备，高性价比之选。	224	16028
6427	行政套房	行政套房，空间宽敞，配套齐全，尊享舒适入住体验。	777	16029
6428	标准间	标准间，简洁整洁，设施完备，高性价比之选。	270	16030
6428	大床房	大床房，配备舒适大床，温馨静谧，适合休闲度假。	479	16031
6428	行政套房	行政套房，空间宽敞，配套齐全，尊享舒适入住体验。	753	16032
6429	大床房	大床房，配备舒适大床，温馨静谧，适合休闲度假。	445	16033
6429	行政套房	行政套房，空间宽敞，配套齐全，尊享舒适入住体验。	497	16034
6429	标准间	标准间，简洁整洁，设施完备，高性价比之选。	235	16035
6430	大床房	大床房，配备舒适大床，温馨静谧，适合休闲度假。	468	16036
6430	标准间	标准间，简洁整洁，设施完备，高性价比之选。	307	16037
6431	标准间	标准间，简洁整洁，设施完备，高性价比之选。	299	16038
6431	行政套房	行政套房，空间宽敞，配套齐全，尊享舒适入住体验。	681	16039
6432	标准间	标准间，简洁整洁，设施完备，高性价比之选。	232	16040
6432	大床房	大床房，配备舒适大床，温馨静谧，适合休闲度假。	317	16041
6432	行政套房	行政套房，空间宽敞，配套齐全，尊享舒适入住体验。	598	16042
6433	标准间	标准间，简洁整洁，设施完备，高性价比之选。	211	16043
6433	大床房	大床房，配备舒适大床，温馨静谧，适合休闲度假。	372	16044
6434	标准间	标准间，简洁整洁，设施完备，高性价比之选。	208	16045
6434	行政套房	行政套房，空间宽敞，配套齐全，尊享舒适入住体验。	724	16046
6434	大床房	大床房，配备舒适大床，温馨静谧，适合休闲度假。	285	16047
6435	标准间	标准间，简洁整洁，设施完备，高性价比之选。	233	16048
6435	大床房	大床房，配备舒适大床，温馨静谧，适合休闲度假。	286	16049
6436	标准间	标准间，简洁整洁，设施完备，高性价比之选。	279	16050
6436	大床房	大床房，配备舒适大床，温馨静谧，适合休闲度假。	392	16051
6437	标准间	标准间，简洁整洁，设施完备，高性价比之选。	265	16052
6437	行政套房	行政套房，空间宽敞，配套齐全，尊享舒适入住体验。	481	16053
6438	行政套房	行政套房，空间宽敞，配套齐全，尊享舒适入住体验。	543	16054
6438	大床房	大床房，配备舒适大床，温馨静谧，适合休闲度假。	416	16055
6439	标准间	标准间，简洁整洁，设施完备，高性价比之选。	204	16056
6439	行政套房	行政套房，空间宽敞，配套齐全，尊享舒适入住体验。	585	16057
6439	大床房	大床房，配备舒适大床，温馨静谧，适合休闲度假。	318	16058
6440	标准间	标准间，简洁整洁，设施完备，高性价比之选。	211	16059
6440	行政套房	行政套房，空间宽敞，配套齐全，尊享舒适入住体验。	652	16060
6440	大床房	大床房，配备舒适大床，温馨静谧，适合休闲度假。	391	16061
6441	行政套房	行政套房，空间宽敞，配套齐全，尊享舒适入住体验。	800	16062
6441	标准间	标准间，简洁整洁，设施完备，高性价比之选。	238	16063
6441	大床房	大床房，配备舒适大床，温馨静谧，适合休闲度假。	383	16064
6442	行政套房	行政套房，空间宽敞，配套齐全，尊享舒适入住体验。	485	16065
6442	大床房	大床房，配备舒适大床，温馨静谧，适合休闲度假。	274	16066
6443	大床房	大床房，配备舒适大床，温馨静谧，适合休闲度假。	274	16067
6443	行政套房	行政套房，空间宽敞，配套齐全，尊享舒适入住体验。	640	16068
6443	标准间	标准间，简洁整洁，设施完备，高性价比之选。	250	16069
6444	标准间	标准间，简洁整洁，设施完备，高性价比之选。	273	16070
6444	行政套房	行政套房，空间宽敞，配套齐全，尊享舒适入住体验。	657	16071
6445	标准间	标准间，简洁整洁，设施完备，高性价比之选。	247	16072
6445	大床房	大床房，配备舒适大床，温馨静谧，适合休闲度假。	292	16073
6446	大床房	大床房，配备舒适大床，温馨静谧，适合休闲度假。	413	16074
6446	行政套房	行政套房，空间宽敞，配套齐全，尊享舒适入住体验。	633	16075
6447	标准间	标准间，简洁整洁，设施完备，高性价比之选。	200	16076
6447	行政套房	行政套房，空间宽敞，配套齐全，尊享舒适入住体验。	877	16077
6448	大床房	大床房，配备舒适大床，温馨静谧，适合休闲度假。	374	16078
6448	标准间	标准间，简洁整洁，设施完备，高性价比之选。	219	16079
6449	行政套房	行政套房，空间宽敞，配套齐全，尊享舒适入住体验。	859	16080
6449	大床房	大床房，配备舒适大床，温馨静谧，适合休闲度假。	447	16081
6449	标准间	标准间，简洁整洁，设施完备，高性价比之选。	287	16082
6450	大床房	大床房，配备舒适大床，温馨静谧，适合休闲度假。	416	16083
6450	标准间	标准间，简洁整洁，设施完备，高性价比之选。	262	16084
6450	行政套房	行政套房，空间宽敞，配套齐全，尊享舒适入住体验。	839	16085
6451	大床房	大床房，配备舒适大床，温馨静谧，适合休闲度假。	477	16086
6451	标准间	标准间，简洁整洁，设施完备，高性价比之选。	216	16087
6452	大床房	大床房，配备舒适大床，温馨静谧，适合休闲度假。	284	16088
6452	标准间	标准间，简洁整洁，设施完备，高性价比之选。	197	16089
6453	大床房	大床房，配备舒适大床，温馨静谧，适合休闲度假。	361	16090
6453	行政套房	行政套房，空间宽敞，配套齐全，尊享舒适入住体验。	716	16091
6454	大床房	大床房，配备舒适大床，温馨静谧，适合休闲度假。	324	16092
6454	标准间	标准间，简洁整洁，设施完备，高性价比之选。	233	16093
6455	标准间	标准间，简洁整洁，设施完备，高性价比之选。	186	16094
6455	大床房	大床房，配备舒适大床，温馨静谧，适合休闲度假。	366	16095
6456	标准间	标准间，简洁整洁，设施完备，高性价比之选。	300	16096
6456	行政套房	行政套房，空间宽敞，配套齐全，尊享舒适入住体验。	680	16097
6457	标准间	标准间，简洁整洁，设施完备，高性价比之选。	239	16098
6457	大床房	大床房，配备舒适大床，温馨静谧，适合休闲度假。	358	16099
6458	标准间	标准间，简洁整洁，设施完备，高性价比之选。	304	16100
6458	行政套房	行政套房，空间宽敞，配套齐全，尊享舒适入住体验。	651	16101
6458	大床房	大床房，配备舒适大床，温馨静谧，适合休闲度假。	444	16102
6459	行政套房	行政套房，空间宽敞，配套齐全，尊享舒适入住体验。	709	16103
6459	大床房	大床房，配备舒适大床，温馨静谧，适合休闲度假。	282	16104
6459	标准间	标准间，简洁整洁，设施完备，高性价比之选。	250	16105
6460	行政套房	行政套房，空间宽敞，配套齐全，尊享舒适入住体验。	507	16106
6460	大床房	大床房，配备舒适大床，温馨静谧，适合休闲度假。	323	16107
6461	标准间	标准间，简洁整洁，设施完备，高性价比之选。	216	16108
6461	大床房	大床房，配备舒适大床，温馨静谧，适合休闲度假。	323	16109
6462	标准间	标准间，简洁整洁，设施完备，高性价比之选。	291	16110
6462	大床房	大床房，配备舒适大床，温馨静谧，适合休闲度假。	460	16111
6463	大床房	大床房，配备舒适大床，温馨静谧，适合休闲度假。	377	16112
6463	行政套房	行政套房，空间宽敞，配套齐全，尊享舒适入住体验。	626	16113
6464	行政套房	行政套房，空间宽敞，配套齐全，尊享舒适入住体验。	483	16114
6464	标准间	标准间，简洁整洁，设施完备，高性价比之选。	202	16115
6465	大床房	大床房，配备舒适大床，温馨静谧，适合休闲度假。	371	16116
6465	标准间	标准间，简洁整洁，设施完备，高性价比之选。	315	16117
6465	行政套房	行政套房，空间宽敞，配套齐全，尊享舒适入住体验。	516	16118
6466	大床房	大床房，配备舒适大床，温馨静谧，适合休闲度假。	454	16119
6466	标准间	标准间，简洁整洁，设施完备，高性价比之选。	300	16120
6466	行政套房	行政套房，空间宽敞，配套齐全，尊享舒适入住体验。	540	16121
6467	标准间	标准间，简洁整洁，设施完备，高性价比之选。	280	16122
6467	大床房	大床房，配备舒适大床，温馨静谧，适合休闲度假。	324	16123
6468	行政套房	行政套房，空间宽敞，配套齐全，尊享舒适入住体验。	852	16124
6468	大床房	大床房，配备舒适大床，温馨静谧，适合休闲度假。	462	16125
6469	大床房	大床房，配备舒适大床，温馨静谧，适合休闲度假。	389	16126
6469	行政套房	行政套房，空间宽敞，配套齐全，尊享舒适入住体验。	577	16127
6470	行政套房	行政套房，空间宽敞，配套齐全，尊享舒适入住体验。	791	16128
6470	标准间	标准间，简洁整洁，设施完备，高性价比之选。	236	16129
6470	大床房	大床房，配备舒适大床，温馨静谧，适合休闲度假。	410	16130
6471	行政套房	行政套房，空间宽敞，配套齐全，尊享舒适入住体验。	656	16131
6471	大床房	大床房，配备舒适大床，温馨静谧，适合休闲度假。	406	16132
6472	大床房	大床房，配备舒适大床，温馨静谧，适合休闲度假。	385	16133
6472	标准间	标准间，简洁整洁，设施完备，高性价比之选。	297	16134
6473	行政套房	行政套房，空间宽敞，配套齐全，尊享舒适入住体验。	546	16135
6473	标准间	标准间，简洁整洁，设施完备，高性价比之选。	267	16136
6474	标准间	标准间，简洁整洁，设施完备，高性价比之选。	216	16137
6474	行政套房	行政套房，空间宽敞，配套齐全，尊享舒适入住体验。	667	16138
6474	大床房	大床房，配备舒适大床，温馨静谧，适合休闲度假。	375	16139
6475	行政套房	行政套房，空间宽敞，配套齐全，尊享舒适入住体验。	641	16140
6475	标准间	标准间，简洁整洁，设施完备，高性价比之选。	187	16141
6475	大床房	大床房，配备舒适大床，温馨静谧，适合休闲度假。	270	16142
6476	标准间	标准间，简洁整洁，设施完备，高性价比之选。	298	16143
6476	行政套房	行政套房，空间宽敞，配套齐全，尊享舒适入住体验。	708	16144
6476	大床房	大床房，配备舒适大床，温馨静谧，适合休闲度假。	410	16145
6477	行政套房	行政套房，空间宽敞，配套齐全，尊享舒适入住体验。	480	16146
6477	大床房	大床房，配备舒适大床，温馨静谧，适合休闲度假。	321	16147
6477	标准间	标准间，简洁整洁，设施完备，高性价比之选。	281	16148
6478	大床房	大床房，配备舒适大床，温馨静谧，适合休闲度假。	267	16149
6478	标准间	标准间，简洁整洁，设施完备，高性价比之选。	278	16150
6479	大床房	大床房，配备舒适大床，温馨静谧，适合休闲度假。	410	16151
6479	行政套房	行政套房，空间宽敞，配套齐全，尊享舒适入住体验。	716	16152
6479	标准间	标准间，简洁整洁，设施完备，高性价比之选。	315	16153
6480	标准间	标准间，简洁整洁，设施完备，高性价比之选。	296	16154
6480	行政套房	行政套房，空间宽敞，配套齐全，尊享舒适入住体验。	612	16155
6481	大床房	大床房，配备舒适大床，温馨静谧，适合休闲度假。	472	16156
6481	标准间	标准间，简洁整洁，设施完备，高性价比之选。	292	16157
6482	行政套房	行政套房，空间宽敞，配套齐全，尊享舒适入住体验。	762	16158
6482	大床房	大床房，配备舒适大床，温馨静谧，适合休闲度假。	398	16159
6483	大床房	大床房，配备舒适大床，温馨静谧，适合休闲度假。	289	16160
6483	行政套房	行政套房，空间宽敞，配套齐全，尊享舒适入住体验。	552	16161
6483	标准间	标准间，简洁整洁，设施完备，高性价比之选。	268	16162
6484	行政套房	行政套房，空间宽敞，配套齐全，尊享舒适入住体验。	761	16163
6484	大床房	大床房，配备舒适大床，温馨静谧，适合休闲度假。	344	16164
6485	标准间	标准间，简洁整洁，设施完备，高性价比之选。	204	16165
6485	大床房	大床房，配备舒适大床，温馨静谧，适合休闲度假。	371	16166
6486	标准间	标准间，简洁整洁，设施完备，高性价比之选。	233	16167
6486	行政套房	行政套房，空间宽敞，配套齐全，尊享舒适入住体验。	498	16168
6487	行政套房	行政套房，空间宽敞，配套齐全，尊享舒适入住体验。	646	16169
6487	大床房	大床房，配备舒适大床，温馨静谧，适合休闲度假。	342	16170
6488	大床房	大床房，配备舒适大床，温馨静谧，适合休闲度假。	351	16171
6488	行政套房	行政套房，空间宽敞，配套齐全，尊享舒适入住体验。	735	16172
6489	行政套房	行政套房，空间宽敞，配套齐全，尊享舒适入住体验。	610	16173
6489	大床房	大床房，配备舒适大床，温馨静谧，适合休闲度假。	477	16174
6489	标准间	标准间，简洁整洁，设施完备，高性价比之选。	234	16175
6490	大床房	大床房，配备舒适大床，温馨静谧，适合休闲度假。	364	16176
6490	行政套房	行政套房，空间宽敞，配套齐全，尊享舒适入住体验。	738	16177
6491	行政套房	行政套房，空间宽敞，配套齐全，尊享舒适入住体验。	555	16178
6491	标准间	标准间，简洁整洁，设施完备，高性价比之选。	307	16179
6492	标准间	标准间，简洁整洁，设施完备，高性价比之选。	314	16180
6492	大床房	大床房，配备舒适大床，温馨静谧，适合休闲度假。	410	16181
6492	行政套房	行政套房，空间宽敞，配套齐全，尊享舒适入住体验。	678	16182
6493	标准间	标准间，简洁整洁，设施完备，高性价比之选。	315	16183
6493	行政套房	行政套房，空间宽敞，配套齐全，尊享舒适入住体验。	795	16184
6493	大床房	大床房，配备舒适大床，温馨静谧，适合休闲度假。	431	16185
6494	大床房	大床房，配备舒适大床，温馨静谧，适合休闲度假。	395	16186
6494	标准间	标准间，简洁整洁，设施完备，高性价比之选。	308	16187
6494	行政套房	行政套房，空间宽敞，配套齐全，尊享舒适入住体验。	721	16188
6495	行政套房	行政套房，空间宽敞，配套齐全，尊享舒适入住体验。	878	16189
6495	标准间	标准间，简洁整洁，设施完备，高性价比之选。	187	16190
6495	大床房	大床房，配备舒适大床，温馨静谧，适合休闲度假。	325	16191
6496	标准间	标准间，简洁整洁，设施完备，高性价比之选。	214	16192
6496	大床房	大床房，配备舒适大床，温馨静谧，适合休闲度假。	298	16193
6497	大床房	大床房，配备舒适大床，温馨静谧，适合休闲度假。	333	16194
6497	标准间	标准间，简洁整洁，设施完备，高性价比之选。	238	16195
6498	大床房	大床房，配备舒适大床，温馨静谧，适合休闲度假。	416	16196
6498	行政套房	行政套房，空间宽敞，配套齐全，尊享舒适入住体验。	535	16197
6498	标准间	标准间，简洁整洁，设施完备，高性价比之选。	285	16198
6499	大床房	大床房，配备舒适大床，温馨静谧，适合休闲度假。	345	16199
6499	行政套房	行政套房，空间宽敞，配套齐全，尊享舒适入住体验。	699	16200
6500	标准间	标准间，简洁整洁，设施完备，高性价比之选。	243	16201
6500	大床房	大床房，配备舒适大床，温馨静谧，适合休闲度假。	319	16202
6500	行政套房	行政套房，空间宽敞，配套齐全，尊享舒适入住体验。	846	16203
6501	标准间	标准间，简洁整洁，设施完备，高性价比之选。	222	16204
6501	大床房	大床房，配备舒适大床，温馨静谧，适合休闲度假。	400	16205
6502	标准间	标准间，简洁整洁，设施完备，高性价比之选。	209	16206
6502	行政套房	行政套房，空间宽敞，配套齐全，尊享舒适入住体验。	756	16207
6502	大床房	大床房，配备舒适大床，温馨静谧，适合休闲度假。	282	16208
6503	大床房	大床房，配备舒适大床，温馨静谧，适合休闲度假。	267	16209
6503	标准间	标准间，简洁整洁，设施完备，高性价比之选。	242	16210
6503	行政套房	行政套房，空间宽敞，配套齐全，尊享舒适入住体验。	824	16211
6504	行政套房	行政套房，空间宽敞，配套齐全，尊享舒适入住体验。	863	16212
6504	标准间	标准间，简洁整洁，设施完备，高性价比之选。	194	16213
6505	标准间	标准间，简洁整洁，设施完备，高性价比之选。	306	16214
6505	行政套房	行政套房，空间宽敞，配套齐全，尊享舒适入住体验。	702	16215
6505	大床房	大床房，配备舒适大床，温馨静谧，适合休闲度假。	466	16216
6506	行政套房	行政套房，空间宽敞，配套齐全，尊享舒适入住体验。	657	16217
6506	大床房	大床房，配备舒适大床，温馨静谧，适合休闲度假。	419	16218
6507	大床房	大床房，配备舒适大床，温馨静谧，适合休闲度假。	462	16219
6507	标准间	标准间，简洁整洁，设施完备，高性价比之选。	188	16220
6507	行政套房	行政套房，空间宽敞，配套齐全，尊享舒适入住体验。	672	16221
6508	标准间	标准间，简洁整洁，设施完备，高性价比之选。	180	16222
6508	行政套房	行政套房，空间宽敞，配套齐全，尊享舒适入住体验。	807	16223
6509	行政套房	行政套房，空间宽敞，配套齐全，尊享舒适入住体验。	818	16224
6509	大床房	大床房，配备舒适大床，温馨静谧，适合休闲度假。	436	16225
6510	标准间	标准间，简洁整洁，设施完备，高性价比之选。	263	16226
6510	行政套房	行政套房，空间宽敞，配套齐全，尊享舒适入住体验。	738	16227
6510	大床房	大床房，配备舒适大床，温馨静谧，适合休闲度假。	273	16228
6511	行政套房	行政套房，空间宽敞，配套齐全，尊享舒适入住体验。	582	16229
6511	大床房	大床房，配备舒适大床，温馨静谧，适合休闲度假。	337	16230
6512	行政套房	行政套房，空间宽敞，配套齐全，尊享舒适入住体验。	740	16231
6512	标准间	标准间，简洁整洁，设施完备，高性价比之选。	222	16232
6513	标准间	标准间，简洁整洁，设施完备，高性价比之选。	228	16233
6513	行政套房	行政套房，空间宽敞，配套齐全，尊享舒适入住体验。	652	16234
6514	行政套房	行政套房，空间宽敞，配套齐全，尊享舒适入住体验。	586	16235
6514	大床房	大床房，配备舒适大床，温馨静谧，适合休闲度假。	452	16236
6515	行政套房	行政套房，空间宽敞，配套齐全，尊享舒适入住体验。	671	16237
6515	大床房	大床房，配备舒适大床，温馨静谧，适合休闲度假。	267	16238
6515	标准间	标准间，简洁整洁，设施完备，高性价比之选。	317	16239
6516	大床房	大床房，配备舒适大床，温馨静谧，适合休闲度假。	373	16240
6516	行政套房	行政套房，空间宽敞，配套齐全，尊享舒适入住体验。	778	16241
6517	大床房	大床房，配备舒适大床，温馨静谧，适合休闲度假。	398	16242
6517	标准间	标准间，简洁整洁，设施完备，高性价比之选。	248	16243
6518	标准间	标准间，简洁整洁，设施完备，高性价比之选。	271	16244
6518	大床房	大床房，配备舒适大床，温馨静谧，适合休闲度假。	360	16245
6519	大床房	大床房，配备舒适大床，温馨静谧，适合休闲度假。	367	16246
6519	标准间	标准间，简洁整洁，设施完备，高性价比之选。	263	16247
6519	行政套房	行政套房，空间宽敞，配套齐全，尊享舒适入住体验。	698	16248
6520	标准间	标准间，简洁整洁，设施完备，高性价比之选。	313	16249
6520	行政套房	行政套房，空间宽敞，配套齐全，尊享舒适入住体验。	801	16250
6521	大床房	大床房，配备舒适大床，温馨静谧，适合休闲度假。	444	16251
6521	标准间	标准间，简洁整洁，设施完备，高性价比之选。	193	16252
6522	行政套房	行政套房，空间宽敞，配套齐全，尊享舒适入住体验。	593	16253
6522	大床房	大床房，配备舒适大床，温馨静谧，适合休闲度假。	339	16254
6522	标准间	标准间，简洁整洁，设施完备，高性价比之选。	253	16255
6523	行政套房	行政套房，空间宽敞，配套齐全，尊享舒适入住体验。	713	16256
6523	大床房	大床房，配备舒适大床，温馨静谧，适合休闲度假。	356	16257
6524	行政套房	行政套房，空间宽敞，配套齐全，尊享舒适入住体验。	844	16258
6524	标准间	标准间，简洁整洁，设施完备，高性价比之选。	255	16259
6525	行政套房	行政套房，空间宽敞，配套齐全，尊享舒适入住体验。	632	16260
6525	大床房	大床房，配备舒适大床，温馨静谧，适合休闲度假。	272	16261
6526	大床房	大床房，配备舒适大床，温馨静谧，适合休闲度假。	403	16262
6526	标准间	标准间，简洁整洁，设施完备，高性价比之选。	232	16263
6527	行政套房	行政套房，空间宽敞，配套齐全，尊享舒适入住体验。	786	16264
6527	大床房	大床房，配备舒适大床，温馨静谧，适合休闲度假。	359	16265
6527	标准间	标准间，简洁整洁，设施完备，高性价比之选。	301	16266
6528	标准间	标准间，简洁整洁，设施完备，高性价比之选。	200	16267
6528	大床房	大床房，配备舒适大床，温馨静谧，适合休闲度假。	331	16268
6529	标准间	标准间，简洁整洁，设施完备，高性价比之选。	312	16269
6529	大床房	大床房，配备舒适大床，温馨静谧，适合休闲度假。	434	16270
6529	行政套房	行政套房，空间宽敞，配套齐全，尊享舒适入住体验。	615	16271
6530	标准间	标准间，简洁整洁，设施完备，高性价比之选。	269	16272
6530	大床房	大床房，配备舒适大床，温馨静谧，适合休闲度假。	278	16273
6530	行政套房	行政套房，空间宽敞，配套齐全，尊享舒适入住体验。	676	16274
6531	行政套房	行政套房，空间宽敞，配套齐全，尊享舒适入住体验。	840	16275
6531	大床房	大床房，配备舒适大床，温馨静谧，适合休闲度假。	369	16276
6531	标准间	标准间，简洁整洁，设施完备，高性价比之选。	269	16277
6532	大床房	大床房，配备舒适大床，温馨静谧，适合休闲度假。	453	16278
6532	标准间	标准间，简洁整洁，设施完备，高性价比之选。	270	16279
6532	行政套房	行政套房，空间宽敞，配套齐全，尊享舒适入住体验。	832	16280
6533	行政套房	行政套房，空间宽敞，配套齐全，尊享舒适入住体验。	695	16281
6533	标准间	标准间，简洁整洁，设施完备，高性价比之选。	286	16282
6533	大床房	大床房，配备舒适大床，温馨静谧，适合休闲度假。	348	16283
6534	大床房	大床房，配备舒适大床，温馨静谧，适合休闲度假。	392	16284
6534	标准间	标准间，简洁整洁，设施完备，高性价比之选。	252	16285
6534	行政套房	行政套房，空间宽敞，配套齐全，尊享舒适入住体验。	869	16286
6535	标准间	标准间，简洁整洁，设施完备，高性价比之选。	235	16287
6535	行政套房	行政套房，空间宽敞，配套齐全，尊享舒适入住体验。	855	16288
6535	大床房	大床房，配备舒适大床，温馨静谧，适合休闲度假。	423	16289
6536	行政套房	行政套房，空间宽敞，配套齐全，尊享舒适入住体验。	675	16290
6536	标准间	标准间，简洁整洁，设施完备，高性价比之选。	299	16291
6537	大床房	大床房，配备舒适大床，温馨静谧，适合休闲度假。	350	16292
6537	标准间	标准间，简洁整洁，设施完备，高性价比之选。	259	16293
6538	行政套房	行政套房，空间宽敞，配套齐全，尊享舒适入住体验。	621	16294
6538	大床房	大床房，配备舒适大床，温馨静谧，适合休闲度假。	448	16295
6539	标准间	标准间，简洁整洁，设施完备，高性价比之选。	212	16296
6539	行政套房	行政套房，空间宽敞，配套齐全，尊享舒适入住体验。	629	16297
6540	标准间	标准间，简洁整洁，设施完备，高性价比之选。	295	16298
6540	大床房	大床房，配备舒适大床，温馨静谧，适合休闲度假。	374	16299
6540	行政套房	行政套房，空间宽敞，配套齐全，尊享舒适入住体验。	497	16300
6541	行政套房	行政套房，空间宽敞，配套齐全，尊享舒适入住体验。	630	16301
6541	大床房	大床房，配备舒适大床，温馨静谧，适合休闲度假。	450	16302
6542	行政套房	行政套房，空间宽敞，配套齐全，尊享舒适入住体验。	624	16303
6542	标准间	标准间，简洁整洁，设施完备，高性价比之选。	233	16304
6543	标准间	标准间，简洁整洁，设施完备，高性价比之选。	251	16305
6543	行政套房	行政套房，空间宽敞，配套齐全，尊享舒适入住体验。	515	16306
6544	标准间	标准间，简洁整洁，设施完备，高性价比之选。	214	16307
6544	行政套房	行政套房，空间宽敞，配套齐全，尊享舒适入住体验。	863	16308
6544	大床房	大床房，配备舒适大床，温馨静谧，适合休闲度假。	383	16309
6545	大床房	大床房，配备舒适大床，温馨静谧，适合休闲度假。	318	16310
6545	标准间	标准间，简洁整洁，设施完备，高性价比之选。	235	16311
6546	大床房	大床房，配备舒适大床，温馨静谧，适合休闲度假。	346	16312
6546	行政套房	行政套房，空间宽敞，配套齐全，尊享舒适入住体验。	716	16313
6546	标准间	标准间，简洁整洁，设施完备，高性价比之选。	269	16314
6547	行政套房	行政套房，空间宽敞，配套齐全，尊享舒适入住体验。	583	16315
6547	大床房	大床房，配备舒适大床，温馨静谧，适合休闲度假。	417	16316
6548	行政套房	行政套房，空间宽敞，配套齐全，尊享舒适入住体验。	607	16317
6548	大床房	大床房，配备舒适大床，温馨静谧，适合休闲度假。	281	16318
6548	标准间	标准间，简洁整洁，设施完备，高性价比之选。	293	16319
6549	行政套房	行政套房，空间宽敞，配套齐全，尊享舒适入住体验。	644	16320
6549	大床房	大床房，配备舒适大床，温馨静谧，适合休闲度假。	446	16321
6549	标准间	标准间，简洁整洁，设施完备，高性价比之选。	227	16322
6550	大床房	大床房，配备舒适大床，温馨静谧，适合休闲度假。	370	16323
6550	标准间	标准间，简洁整洁，设施完备，高性价比之选。	262	16324
6551	大床房	大床房，配备舒适大床，温馨静谧，适合休闲度假。	467	16325
6551	标准间	标准间，简洁整洁，设施完备，高性价比之选。	190	16326
6552	行政套房	行政套房，空间宽敞，配套齐全，尊享舒适入住体验。	819	16327
6552	大床房	大床房，配备舒适大床，温馨静谧，适合休闲度假。	313	16328
6553	行政套房	行政套房，空间宽敞，配套齐全，尊享舒适入住体验。	821	16329
6553	标准间	标准间，简洁整洁，设施完备，高性价比之选。	265	16330
6554	大床房	大床房，配备舒适大床，温馨静谧，适合休闲度假。	348	16331
6554	行政套房	行政套房，空间宽敞，配套齐全，尊享舒适入住体验。	772	16332
6554	标准间	标准间，简洁整洁，设施完备，高性价比之选。	294	16333
6555	行政套房	行政套房，空间宽敞，配套齐全，尊享舒适入住体验。	577	16334
6555	大床房	大床房，配备舒适大床，温馨静谧，适合休闲度假。	392	16335
6556	标准间	标准间，简洁整洁，设施完备，高性价比之选。	200	16336
6556	大床房	大床房，配备舒适大床，温馨静谧，适合休闲度假。	331	16337
6556	行政套房	行政套房，空间宽敞，配套齐全，尊享舒适入住体验。	495	16338
6557	行政套房	行政套房，空间宽敞，配套齐全，尊享舒适入住体验。	714	16339
6557	大床房	大床房，配备舒适大床，温馨静谧，适合休闲度假。	293	16340
6558	标准间	标准间，简洁整洁，设施完备，高性价比之选。	211	16341
6558	行政套房	行政套房，空间宽敞，配套齐全，尊享舒适入住体验。	630	16342
6558	大床房	大床房，配备舒适大床，温馨静谧，适合休闲度假。	429	16343
6559	行政套房	行政套房，空间宽敞，配套齐全，尊享舒适入住体验。	779	16344
6559	大床房	大床房，配备舒适大床，温馨静谧，适合休闲度假。	281	16345
6559	标准间	标准间，简洁整洁，设施完备，高性价比之选。	247	16346
6560	大床房	大床房，配备舒适大床，温馨静谧，适合休闲度假。	288	16347
6560	行政套房	行政套房，空间宽敞，配套齐全，尊享舒适入住体验。	532	16348
6561	行政套房	行政套房，空间宽敞，配套齐全，尊享舒适入住体验。	662	16349
6561	标准间	标准间，简洁整洁，设施完备，高性价比之选。	222	16350
6561	大床房	大床房，配备舒适大床，温馨静谧，适合休闲度假。	296	16351
6562	标准间	标准间，简洁整洁，设施完备，高性价比之选。	298	16352
6562	行政套房	行政套房，空间宽敞，配套齐全，尊享舒适入住体验。	525	16353
6563	行政套房	行政套房，空间宽敞，配套齐全，尊享舒适入住体验。	484	16354
6563	标准间	标准间，简洁整洁，设施完备，高性价比之选。	197	16355
6564	大床房	大床房，配备舒适大床，温馨静谧，适合休闲度假。	345	16356
6564	行政套房	行政套房，空间宽敞，配套齐全，尊享舒适入住体验。	618	16357
6564	标准间	标准间，简洁整洁，设施完备，高性价比之选。	225	16358
6565	行政套房	行政套房，空间宽敞，配套齐全，尊享舒适入住体验。	660	16359
6565	标准间	标准间，简洁整洁，设施完备，高性价比之选。	297	16360
6565	大床房	大床房，配备舒适大床，温馨静谧，适合休闲度假。	411	16361
6566	行政套房	行政套房，空间宽敞，配套齐全，尊享舒适入住体验。	609	16362
6566	标准间	标准间，简洁整洁，设施完备，高性价比之选。	218	16363
6566	大床房	大床房，配备舒适大床，温馨静谧，适合休闲度假。	304	16364
6567	标准间	标准间，简洁整洁，设施完备，高性价比之选。	185	16365
6567	大床房	大床房，配备舒适大床，温馨静谧，适合休闲度假。	280	16366
6567	行政套房	行政套房，空间宽敞，配套齐全，尊享舒适入住体验。	809	16367
6568	标准间	标准间，简洁整洁，设施完备，高性价比之选。	252	16368
6568	大床房	大床房，配备舒适大床，温馨静谧，适合休闲度假。	388	16369
6568	行政套房	行政套房，空间宽敞，配套齐全，尊享舒适入住体验。	543	16370
6569	大床房	大床房，配备舒适大床，温馨静谧，适合休闲度假。	398	16371
6569	标准间	标准间，简洁整洁，设施完备，高性价比之选。	303	16372
6569	行政套房	行政套房，空间宽敞，配套齐全，尊享舒适入住体验。	590	16373
6570	行政套房	行政套房，空间宽敞，配套齐全，尊享舒适入住体验。	737	16374
6570	大床房	大床房，配备舒适大床，温馨静谧，适合休闲度假。	429	16375
6571	行政套房	行政套房，空间宽敞，配套齐全，尊享舒适入住体验。	777	16376
6571	大床房	大床房，配备舒适大床，温馨静谧，适合休闲度假。	347	16377
6571	标准间	标准间，简洁整洁，设施完备，高性价比之选。	313	16378
6572	大床房	大床房，配备舒适大床，温馨静谧，适合休闲度假。	295	16379
6572	标准间	标准间，简洁整洁，设施完备，高性价比之选。	222	16380
6572	行政套房	行政套房，空间宽敞，配套齐全，尊享舒适入住体验。	636	16381
6573	行政套房	行政套房，空间宽敞，配套齐全，尊享舒适入住体验。	513	16382
6573	大床房	大床房，配备舒适大床，温馨静谧，适合休闲度假。	349	16383
6573	标准间	标准间，简洁整洁，设施完备，高性价比之选。	320	16384
6574	大床房	大床房，配备舒适大床，温馨静谧，适合休闲度假。	289	16385
6574	行政套房	行政套房，空间宽敞，配套齐全，尊享舒适入住体验。	635	16386
6575	标准间	标准间，简洁整洁，设施完备，高性价比之选。	271	16387
6575	行政套房	行政套房，空间宽敞，配套齐全，尊享舒适入住体验。	704	16388
6575	大床房	大床房，配备舒适大床，温馨静谧，适合休闲度假。	365	16389
6576	标准间	标准间，简洁整洁，设施完备，高性价比之选。	248	16390
6576	行政套房	行政套房，空间宽敞，配套齐全，尊享舒适入住体验。	512	16391
6576	大床房	大床房，配备舒适大床，温馨静谧，适合休闲度假。	268	16392
6577	标准间	标准间，简洁整洁，设施完备，高性价比之选。	220	16393
6577	行政套房	行政套房，空间宽敞，配套齐全，尊享舒适入住体验。	867	16394
6578	标准间	标准间，简洁整洁，设施完备，高性价比之选。	286	16395
6578	行政套房	行政套房，空间宽敞，配套齐全，尊享舒适入住体验。	601	16396
6579	标准间	标准间，简洁整洁，设施完备，高性价比之选。	279	16397
6579	大床房	大床房，配备舒适大床，温馨静谧，适合休闲度假。	278	16398
6580	大床房	大床房，配备舒适大床，温馨静谧，适合休闲度假。	398	16399
6580	行政套房	行政套房，空间宽敞，配套齐全，尊享舒适入住体验。	643	16400
6580	标准间	标准间，简洁整洁，设施完备，高性价比之选。	205	16401
6581	大床房	大床房，配备舒适大床，温馨静谧，适合休闲度假。	335	16402
6581	标准间	标准间，简洁整洁，设施完备，高性价比之选。	211	16403
6582	大床房	大床房，配备舒适大床，温馨静谧，适合休闲度假。	308	16404
6582	行政套房	行政套房，空间宽敞，配套齐全，尊享舒适入住体验。	719	16405
6583	行政套房	行政套房，空间宽敞，配套齐全，尊享舒适入住体验。	663	16406
6583	大床房	大床房，配备舒适大床，温馨静谧，适合休闲度假。	367	16407
6584	大床房	大床房，配备舒适大床，温馨静谧，适合休闲度假。	476	16408
6584	行政套房	行政套房，空间宽敞，配套齐全，尊享舒适入住体验。	560	16409
6585	大床房	大床房，配备舒适大床，温馨静谧，适合休闲度假。	328	16410
6585	标准间	标准间，简洁整洁，设施完备，高性价比之选。	234	16411
6585	行政套房	行政套房，空间宽敞，配套齐全，尊享舒适入住体验。	664	16412
6586	标准间	标准间，简洁整洁，设施完备，高性价比之选。	316	16413
6586	大床房	大床房，配备舒适大床，温馨静谧，适合休闲度假。	480	16414
6586	行政套房	行政套房，空间宽敞，配套齐全，尊享舒适入住体验。	869	16415
6587	行政套房	行政套房，空间宽敞，配套齐全，尊享舒适入住体验。	759	16416
6587	大床房	大床房，配备舒适大床，温馨静谧，适合休闲度假。	294	16417
6587	标准间	标准间，简洁整洁，设施完备，高性价比之选。	255	16418
6588	行政套房	行政套房，空间宽敞，配套齐全，尊享舒适入住体验。	731	16419
6588	大床房	大床房，配备舒适大床，温馨静谧，适合休闲度假。	289	16420
6588	标准间	标准间，简洁整洁，设施完备，高性价比之选。	265	16421
6589	大床房	大床房，配备舒适大床，温馨静谧，适合休闲度假。	421	16422
6589	标准间	标准间，简洁整洁，设施完备，高性价比之选。	266	16423
6589	行政套房	行政套房，空间宽敞，配套齐全，尊享舒适入住体验。	496	16424
6590	大床房	大床房，配备舒适大床，温馨静谧，适合休闲度假。	435	16425
6590	标准间	标准间，简洁整洁，设施完备，高性价比之选。	285	16426
6590	行政套房	行政套房，空间宽敞，配套齐全，尊享舒适入住体验。	558	16427
6591	行政套房	行政套房，空间宽敞，配套齐全，尊享舒适入住体验。	502	16428
6591	标准间	标准间，简洁整洁，设施完备，高性价比之选。	315	16429
6592	大床房	大床房，配备舒适大床，温馨静谧，适合休闲度假。	354	16430
6592	行政套房	行政套房，空间宽敞，配套齐全，尊享舒适入住体验。	782	16431
6592	标准间	标准间，简洁整洁，设施完备，高性价比之选。	200	16432
6593	大床房	大床房，配备舒适大床，温馨静谧，适合休闲度假。	359	16433
6593	行政套房	行政套房，空间宽敞，配套齐全，尊享舒适入住体验。	729	16434
6594	大床房	大床房，配备舒适大床，温馨静谧，适合休闲度假。	405	16435
6594	行政套房	行政套房，空间宽敞，配套齐全，尊享舒适入住体验。	601	16436
6594	标准间	标准间，简洁整洁，设施完备，高性价比之选。	192	16437
6595	行政套房	行政套房，空间宽敞，配套齐全，尊享舒适入住体验。	497	16438
6595	大床房	大床房，配备舒适大床，温馨静谧，适合休闲度假。	458	16439
6595	标准间	标准间，简洁整洁，设施完备，高性价比之选。	224	16440
6596	标准间	标准间，简洁整洁，设施完备，高性价比之选。	261	16441
6596	行政套房	行政套房，空间宽敞，配套齐全，尊享舒适入住体验。	553	16442
6596	大床房	大床房，配备舒适大床，温馨静谧，适合休闲度假。	339	16443
6597	大床房	大床房，配备舒适大床，温馨静谧，适合休闲度假。	347	16444
6597	标准间	标准间，简洁整洁，设施完备，高性价比之选。	239	16445
6598	大床房	大床房，配备舒适大床，温馨静谧，适合休闲度假。	385	16446
6598	行政套房	行政套房，空间宽敞，配套齐全，尊享舒适入住体验。	546	16447
6599	大床房	大床房，配备舒适大床，温馨静谧，适合休闲度假。	398	16448
6599	行政套房	行政套房，空间宽敞，配套齐全，尊享舒适入住体验。	841	16449
6599	标准间	标准间，简洁整洁，设施完备，高性价比之选。	274	16450
6600	大床房	大床房，配备舒适大床，温馨静谧，适合休闲度假。	382	16451
6600	标准间	标准间，简洁整洁，设施完备，高性价比之选。	297	16452
6601	标准间	标准间，简洁整洁，设施完备，高性价比之选。	206	16453
6601	行政套房	行政套房，空间宽敞，配套齐全，尊享舒适入住体验。	820	16454
6602	行政套房	行政套房，空间宽敞，配套齐全，尊享舒适入住体验。	818	16455
6602	标准间	标准间，简洁整洁，设施完备，高性价比之选。	220	16456
6603	标准间	标准间，简洁整洁，设施完备，高性价比之选。	276	16457
6603	行政套房	行政套房，空间宽敞，配套齐全，尊享舒适入住体验。	842	16458
6603	大床房	大床房，配备舒适大床，温馨静谧，适合休闲度假。	348	16459
6604	标准间	标准间，简洁整洁，设施完备，高性价比之选。	298	16460
6604	行政套房	行政套房，空间宽敞，配套齐全，尊享舒适入住体验。	763	16461
6605	大床房	大床房，配备舒适大床，温馨静谧，适合休闲度假。	418	16462
6605	标准间	标准间，简洁整洁，设施完备，高性价比之选。	201	16463
6606	大床房	大床房，配备舒适大床，温馨静谧，适合休闲度假。	409	16464
6606	行政套房	行政套房，空间宽敞，配套齐全，尊享舒适入住体验。	712	16465
6606	标准间	标准间，简洁整洁，设施完备，高性价比之选。	207	16466
6607	标准间	标准间，简洁整洁，设施完备，高性价比之选。	242	16467
6607	大床房	大床房，配备舒适大床，温馨静谧，适合休闲度假。	345	16468
6608	行政套房	行政套房，空间宽敞，配套齐全，尊享舒适入住体验。	559	16469
6608	大床房	大床房，配备舒适大床，温馨静谧，适合休闲度假。	353	16470
6608	标准间	标准间，简洁整洁，设施完备，高性价比之选。	245	16471
6609	行政套房	行政套房，空间宽敞，配套齐全，尊享舒适入住体验。	717	16472
6609	标准间	标准间，简洁整洁，设施完备，高性价比之选。	280	16473
6609	大床房	大床房，配备舒适大床，温馨静谧，适合休闲度假。	355	16474
6610	大床房	大床房，配备舒适大床，温馨静谧，适合休闲度假。	464	16475
6610	行政套房	行政套房，空间宽敞，配套齐全，尊享舒适入住体验。	806	16476
6611	大床房	大床房，配备舒适大床，温馨静谧，适合休闲度假。	286	16477
6611	标准间	标准间，简洁整洁，设施完备，高性价比之选。	240	16478
6612	行政套房	行政套房，空间宽敞，配套齐全，尊享舒适入住体验。	655	16479
6612	标准间	标准间，简洁整洁，设施完备，高性价比之选。	303	16480
6613	行政套房	行政套房，空间宽敞，配套齐全，尊享舒适入住体验。	658	16481
6613	大床房	大床房，配备舒适大床，温馨静谧，适合休闲度假。	314	16482
6614	大床房	大床房，配备舒适大床，温馨静谧，适合休闲度假。	354	16483
6614	标准间	标准间，简洁整洁，设施完备，高性价比之选。	314	16484
6614	行政套房	行政套房，空间宽敞，配套齐全，尊享舒适入住体验。	674	16485
6615	行政套房	行政套房，空间宽敞，配套齐全，尊享舒适入住体验。	804	16486
6615	大床房	大床房，配备舒适大床，温馨静谧，适合休闲度假。	370	16487
6615	标准间	标准间，简洁整洁，设施完备，高性价比之选。	245	16488
6616	大床房	大床房，配备舒适大床，温馨静谧，适合休闲度假。	428	16489
6616	行政套房	行政套房，空间宽敞，配套齐全，尊享舒适入住体验。	762	16490
6616	标准间	标准间，简洁整洁，设施完备，高性价比之选。	314	16491
6617	大床房	大床房，配备舒适大床，温馨静谧，适合休闲度假。	404	16492
6617	标准间	标准间，简洁整洁，设施完备，高性价比之选。	289	16493
6618	行政套房	行政套房，空间宽敞，配套齐全，尊享舒适入住体验。	587	16494
6618	标准间	标准间，简洁整洁，设施完备，高性价比之选。	310	16495
6618	大床房	大床房，配备舒适大床，温馨静谧，适合休闲度假。	310	16496
6619	标准间	标准间，简洁整洁，设施完备，高性价比之选。	212	16497
6619	行政套房	行政套房，空间宽敞，配套齐全，尊享舒适入住体验。	734	16498
6620	大床房	大床房，配备舒适大床，温馨静谧，适合休闲度假。	393	16499
6620	标准间	标准间，简洁整洁，设施完备，高性价比之选。	217	16500
6620	行政套房	行政套房，空间宽敞，配套齐全，尊享舒适入住体验。	555	16501
6621	标准间	标准间，简洁整洁，设施完备，高性价比之选。	216	16502
6621	大床房	大床房，配备舒适大床，温馨静谧，适合休闲度假。	432	16503
6621	行政套房	行政套房，空间宽敞，配套齐全，尊享舒适入住体验。	867	16504
6622	标准间	标准间，简洁整洁，设施完备，高性价比之选。	313	16505
6622	大床房	大床房，配备舒适大床，温馨静谧，适合休闲度假。	308	16506
6622	行政套房	行政套房，空间宽敞，配套齐全，尊享舒适入住体验。	880	16507
6623	行政套房	行政套房，空间宽敞，配套齐全，尊享舒适入住体验。	619	16508
6623	标准间	标准间，简洁整洁，设施完备，高性价比之选。	319	16509
6624	标准间	标准间，简洁整洁，设施完备，高性价比之选。	312	16510
6624	大床房	大床房，配备舒适大床，温馨静谧，适合休闲度假。	377	16511
6624	行政套房	行政套房，空间宽敞，配套齐全，尊享舒适入住体验。	614	16512
6625	大床房	大床房，配备舒适大床，温馨静谧，适合休闲度假。	339	16513
6625	标准间	标准间，简洁整洁，设施完备，高性价比之选。	193	16514
6625	行政套房	行政套房，空间宽敞，配套齐全，尊享舒适入住体验。	524	16515
6626	标准间	标准间，简洁整洁，设施完备，高性价比之选。	257	16516
6626	行政套房	行政套房，空间宽敞，配套齐全，尊享舒适入住体验。	825	16517
6627	标准间	标准间，简洁整洁，设施完备，高性价比之选。	210	16518
6627	行政套房	行政套房，空间宽敞，配套齐全，尊享舒适入住体验。	568	16519
6627	大床房	大床房，配备舒适大床，温馨静谧，适合休闲度假。	404	16520
6628	大床房	大床房，配备舒适大床，温馨静谧，适合休闲度假。	416	16521
6628	行政套房	行政套房，空间宽敞，配套齐全，尊享舒适入住体验。	642	16522
6628	标准间	标准间，简洁整洁，设施完备，高性价比之选。	266	16523
6629	行政套房	行政套房，空间宽敞，配套齐全，尊享舒适入住体验。	791	16524
6629	大床房	大床房，配备舒适大床，温馨静谧，适合休闲度假。	423	16525
6630	标准间	标准间，简洁整洁，设施完备，高性价比之选。	218	16526
6630	行政套房	行政套房，空间宽敞，配套齐全，尊享舒适入住体验。	842	16527
6631	大床房	大床房，配备舒适大床，温馨静谧，适合休闲度假。	360	16528
6631	标准间	标准间，简洁整洁，设施完备，高性价比之选。	198	16529
6631	行政套房	行政套房，空间宽敞，配套齐全，尊享舒适入住体验。	547	16530
6632	行政套房	行政套房，空间宽敞，配套齐全，尊享舒适入住体验。	530	16531
6632	大床房	大床房，配备舒适大床，温馨静谧，适合休闲度假。	384	16532
6632	标准间	标准间，简洁整洁，设施完备，高性价比之选。	221	16533
6633	标准间	标准间，简洁整洁，设施完备，高性价比之选。	189	16534
6633	行政套房	行政套房，空间宽敞，配套齐全，尊享舒适入住体验。	592	16535
6633	大床房	大床房，配备舒适大床，温馨静谧，适合休闲度假。	286	16536
6634	标准间	标准间，简洁整洁，设施完备，高性价比之选。	239	16537
6634	大床房	大床房，配备舒适大床，温馨静谧，适合休闲度假。	390	16538
6634	行政套房	行政套房，空间宽敞，配套齐全，尊享舒适入住体验。	790	16539
6635	行政套房	行政套房，空间宽敞，配套齐全，尊享舒适入住体验。	542	16540
6635	大床房	大床房，配备舒适大床，温馨静谧，适合休闲度假。	424	16541
6635	标准间	标准间，简洁整洁，设施完备，高性价比之选。	261	16542
6636	行政套房	行政套房，空间宽敞，配套齐全，尊享舒适入住体验。	501	16543
6636	标准间	标准间，简洁整洁，设施完备，高性价比之选。	208	16544
6636	大床房	大床房，配备舒适大床，温馨静谧，适合休闲度假。	404	16545
6637	标准间	标准间，简洁整洁，设施完备，高性价比之选。	286	16546
6637	行政套房	行政套房，空间宽敞，配套齐全，尊享舒适入住体验。	692	16547
6638	大床房	大床房，配备舒适大床，温馨静谧，适合休闲度假。	305	16548
6638	行政套房	行政套房，空间宽敞，配套齐全，尊享舒适入住体验。	576	16549
6638	标准间	标准间，简洁整洁，设施完备，高性价比之选。	181	16550
6639	行政套房	行政套房，空间宽敞，配套齐全，尊享舒适入住体验。	596	16551
6639	标准间	标准间，简洁整洁，设施完备，高性价比之选。	241	16552
6640	大床房	大床房，配备舒适大床，温馨静谧，适合休闲度假。	405	16553
6640	标准间	标准间，简洁整洁，设施完备，高性价比之选。	214	16554
6641	行政套房	行政套房，空间宽敞，配套齐全，尊享舒适入住体验。	723	16555
6641	大床房	大床房，配备舒适大床，温馨静谧，适合休闲度假。	331	16556
6642	行政套房	行政套房，空间宽敞，配套齐全，尊享舒适入住体验。	697	16557
6642	大床房	大床房，配备舒适大床，温馨静谧，适合休闲度假。	380	16558
6643	标准间	标准间，简洁整洁，设施完备，高性价比之选。	214	16559
6643	行政套房	行政套房，空间宽敞，配套齐全，尊享舒适入住体验。	822	16560
6643	大床房	大床房，配备舒适大床，温馨静谧，适合休闲度假。	357	16561
6644	行政套房	行政套房，空间宽敞，配套齐全，尊享舒适入住体验。	510	16562
6644	标准间	标准间，简洁整洁，设施完备，高性价比之选。	263	16563
6645	大床房	大床房，配备舒适大床，温馨静谧，适合休闲度假。	418	16564
6645	行政套房	行政套房，空间宽敞，配套齐全，尊享舒适入住体验。	693	16565
6645	标准间	标准间，简洁整洁，设施完备，高性价比之选。	243	16566
6646	标准间	标准间，简洁整洁，设施完备，高性价比之选。	214	16567
6646	大床房	大床房，配备舒适大床，温馨静谧，适合休闲度假。	411	16568
6646	行政套房	行政套房，空间宽敞，配套齐全，尊享舒适入住体验。	879	16569
6647	行政套房	行政套房，空间宽敞，配套齐全，尊享舒适入住体验。	879	16570
6647	大床房	大床房，配备舒适大床，温馨静谧，适合休闲度假。	405	16571
6647	标准间	标准间，简洁整洁，设施完备，高性价比之选。	195	16572
6648	行政套房	行政套房，空间宽敞，配套齐全，尊享舒适入住体验。	873	16573
6648	大床房	大床房，配备舒适大床，温馨静谧，适合休闲度假。	318	16574
6648	标准间	标准间，简洁整洁，设施完备，高性价比之选。	237	16575
6649	大床房	大床房，配备舒适大床，温馨静谧，适合休闲度假。	319	16576
6649	标准间	标准间，简洁整洁，设施完备，高性价比之选。	204	16577
6650	行政套房	行政套房，空间宽敞，配套齐全，尊享舒适入住体验。	622	16578
6650	大床房	大床房，配备舒适大床，温馨静谧，适合休闲度假。	261	16579
6651	行政套房	行政套房，空间宽敞，配套齐全，尊享舒适入住体验。	630	16580
6651	标准间	标准间，简洁整洁，设施完备，高性价比之选。	243	16581
6652	行政套房	行政套房，空间宽敞，配套齐全，尊享舒适入住体验。	482	16582
6652	标准间	标准间，简洁整洁，设施完备，高性价比之选。	242	16583
6653	大床房	大床房，配备舒适大床，温馨静谧，适合休闲度假。	414	16584
6653	行政套房	行政套房，空间宽敞，配套齐全，尊享舒适入住体验。	508	16585
6654	行政套房	行政套房，空间宽敞，配套齐全，尊享舒适入住体验。	819	16586
6654	大床房	大床房，配备舒适大床，温馨静谧，适合休闲度假。	347	16587
6655	大床房	大床房，配备舒适大床，温馨静谧，适合休闲度假。	304	16588
6655	行政套房	行政套房，空间宽敞，配套齐全，尊享舒适入住体验。	645	16589
6655	标准间	标准间，简洁整洁，设施完备，高性价比之选。	214	16590
6656	标准间	标准间，简洁整洁，设施完备，高性价比之选。	183	16591
6656	大床房	大床房，配备舒适大床，温馨静谧，适合休闲度假。	280	16592
6657	行政套房	行政套房，空间宽敞，配套齐全，尊享舒适入住体验。	546	16593
6657	大床房	大床房，配备舒适大床，温馨静谧，适合休闲度假。	335	16594
6657	标准间	标准间，简洁整洁，设施完备，高性价比之选。	274	16595
6658	标准间	标准间，简洁整洁，设施完备，高性价比之选。	310	16596
6658	大床房	大床房，配备舒适大床，温馨静谧，适合休闲度假。	350	16597
6659	大床房	大床房，配备舒适大床，温馨静谧，适合休闲度假。	388	16598
6659	行政套房	行政套房，空间宽敞，配套齐全，尊享舒适入住体验。	509	16599
6659	标准间	标准间，简洁整洁，设施完备，高性价比之选。	263	16600
6660	标准间	标准间，简洁整洁，设施完备，高性价比之选。	242	16601
6660	行政套房	行政套房，空间宽敞，配套齐全，尊享舒适入住体验。	712	16602
6661	大床房	大床房，配备舒适大床，温馨静谧，适合休闲度假。	290	16603
6661	标准间	标准间，简洁整洁，设施完备，高性价比之选。	272	16604
6662	行政套房	行政套房，空间宽敞，配套齐全，尊享舒适入住体验。	711	16605
6662	标准间	标准间，简洁整洁，设施完备，高性价比之选。	296	16606
6663	标准间	标准间，简洁整洁，设施完备，高性价比之选。	260	16607
6663	大床房	大床房，配备舒适大床，温馨静谧，适合休闲度假。	405	16608
6664	大床房	大床房，配备舒适大床，温馨静谧，适合休闲度假。	266	16609
6664	行政套房	行政套房，空间宽敞，配套齐全，尊享舒适入住体验。	720	16610
6664	标准间	标准间，简洁整洁，设施完备，高性价比之选。	251	16611
6665	标准间	标准间，简洁整洁，设施完备，高性价比之选。	198	16612
6665	大床房	大床房，配备舒适大床，温馨静谧，适合休闲度假。	439	16613
6666	标准间	标准间，简洁整洁，设施完备，高性价比之选。	268	16614
6666	行政套房	行政套房，空间宽敞，配套齐全，尊享舒适入住体验。	801	16615
6666	大床房	大床房，配备舒适大床，温馨静谧，适合休闲度假。	410	16616
6667	行政套房	行政套房，空间宽敞，配套齐全，尊享舒适入住体验。	544	16617
6667	大床房	大床房，配备舒适大床，温馨静谧，适合休闲度假。	273	16618
6667	标准间	标准间，简洁整洁，设施完备，高性价比之选。	185	16619
6668	大床房	大床房，配备舒适大床，温馨静谧，适合休闲度假。	440	16620
6668	行政套房	行政套房，空间宽敞，配套齐全，尊享舒适入住体验。	509	16621
6668	标准间	标准间，简洁整洁，设施完备，高性价比之选。	219	16622
6669	大床房	大床房，配备舒适大床，温馨静谧，适合休闲度假。	317	16623
6669	标准间	标准间，简洁整洁，设施完备，高性价比之选。	188	16624
6670	标准间	标准间，简洁整洁，设施完备，高性价比之选。	226	16625
6670	行政套房	行政套房，空间宽敞，配套齐全，尊享舒适入住体验。	553	16626
6671	标准间	标准间，简洁整洁，设施完备，高性价比之选。	298	16627
6671	大床房	大床房，配备舒适大床，温馨静谧，适合休闲度假。	345	16628
6672	大床房	大床房，配备舒适大床，温馨静谧，适合休闲度假。	424	16629
6672	标准间	标准间，简洁整洁，设施完备，高性价比之选。	195	16630
6673	行政套房	行政套房，空间宽敞，配套齐全，尊享舒适入住体验。	658	16631
6673	大床房	大床房，配备舒适大床，温馨静谧，适合休闲度假。	394	16632
6673	标准间	标准间，简洁整洁，设施完备，高性价比之选。	206	16633
6674	大床房	大床房，配备舒适大床，温馨静谧，适合休闲度假。	317	16634
6674	行政套房	行政套房，空间宽敞，配套齐全，尊享舒适入住体验。	590	16635
6675	大床房	大床房，配备舒适大床，温馨静谧，适合休闲度假。	336	16636
6675	标准间	标准间，简洁整洁，设施完备，高性价比之选。	282	16637
6676	行政套房	行政套房，空间宽敞，配套齐全，尊享舒适入住体验。	828	16638
6676	大床房	大床房，配备舒适大床，温馨静谧，适合休闲度假。	261	16639
6676	标准间	标准间，简洁整洁，设施完备，高性价比之选。	215	16640
6677	行政套房	行政套房，空间宽敞，配套齐全，尊享舒适入住体验。	798	16641
6677	大床房	大床房，配备舒适大床，温馨静谧，适合休闲度假。	447	16642
6678	行政套房	行政套房，空间宽敞，配套齐全，尊享舒适入住体验。	765	16643
6678	大床房	大床房，配备舒适大床，温馨静谧，适合休闲度假。	459	16644
6678	标准间	标准间，简洁整洁，设施完备，高性价比之选。	228	16645
6679	行政套房	行政套房，空间宽敞，配套齐全，尊享舒适入住体验。	542	16646
6679	大床房	大床房，配备舒适大床，温馨静谧，适合休闲度假。	373	16647
6680	标准间	标准间，简洁整洁，设施完备，高性价比之选。	274	16648
6680	行政套房	行政套房，空间宽敞，配套齐全，尊享舒适入住体验。	620	16649
6680	大床房	大床房，配备舒适大床，温馨静谧，适合休闲度假。	433	16650
6681	大床房	大床房，配备舒适大床，温馨静谧，适合休闲度假。	305	16651
6681	行政套房	行政套房，空间宽敞，配套齐全，尊享舒适入住体验。	791	16652
6681	标准间	标准间，简洁整洁，设施完备，高性价比之选。	283	16653
6682	行政套房	行政套房，空间宽敞，配套齐全，尊享舒适入住体验。	625	16654
6682	标准间	标准间，简洁整洁，设施完备，高性价比之选。	307	16655
6682	大床房	大床房，配备舒适大床，温馨静谧，适合休闲度假。	383	16656
6683	标准间	标准间，简洁整洁，设施完备，高性价比之选。	260	16657
6683	大床房	大床房，配备舒适大床，温馨静谧，适合休闲度假。	388	16658
6683	行政套房	行政套房，空间宽敞，配套齐全，尊享舒适入住体验。	585	16659
6684	行政套房	行政套房，空间宽敞，配套齐全，尊享舒适入住体验。	499	16660
6684	标准间	标准间，简洁整洁，设施完备，高性价比之选。	211	16661
6684	大床房	大床房，配备舒适大床，温馨静谧，适合休闲度假。	361	16662
6685	行政套房	行政套房，空间宽敞，配套齐全，尊享舒适入住体验。	529	16663
6685	标准间	标准间，简洁整洁，设施完备，高性价比之选。	305	16664
6685	大床房	大床房，配备舒适大床，温馨静谧，适合休闲度假。	284	16665
6686	行政套房	行政套房，空间宽敞，配套齐全，尊享舒适入住体验。	738	16666
6686	标准间	标准间，简洁整洁，设施完备，高性价比之选。	217	16667
6687	标准间	标准间，简洁整洁，设施完备，高性价比之选。	180	16668
6687	行政套房	行政套房，空间宽敞，配套齐全，尊享舒适入住体验。	718	16669
6687	大床房	大床房，配备舒适大床，温馨静谧，适合休闲度假。	317	16670
6688	标准间	标准间，简洁整洁，设施完备，高性价比之选。	273	16671
6688	大床房	大床房，配备舒适大床，温馨静谧，适合休闲度假。	360	16672
6688	行政套房	行政套房，空间宽敞，配套齐全，尊享舒适入住体验。	841	16673
6689	大床房	大床房，配备舒适大床，温馨静谧，适合休闲度假。	324	16674
6689	行政套房	行政套房，空间宽敞，配套齐全，尊享舒适入住体验。	802	16675
6690	大床房	大床房，配备舒适大床，温馨静谧，适合休闲度假。	345	16676
6690	行政套房	行政套房，空间宽敞，配套齐全，尊享舒适入住体验。	862	16677
6691	标准间	标准间，简洁整洁，设施完备，高性价比之选。	238	16678
6691	行政套房	行政套房，空间宽敞，配套齐全，尊享舒适入住体验。	525	16679
6692	大床房	大床房，配备舒适大床，温馨静谧，适合休闲度假。	456	16680
6692	行政套房	行政套房，空间宽敞，配套齐全，尊享舒适入住体验。	838	16681
6692	标准间	标准间，简洁整洁，设施完备，高性价比之选。	224	16682
6693	大床房	大床房，配备舒适大床，温馨静谧，适合休闲度假。	315	16683
6693	标准间	标准间，简洁整洁，设施完备，高性价比之选。	204	16684
6694	标准间	标准间，简洁整洁，设施完备，高性价比之选。	301	16685
6694	行政套房	行政套房，空间宽敞，配套齐全，尊享舒适入住体验。	698	16686
6695	大床房	大床房，配备舒适大床，温馨静谧，适合休闲度假。	368	16687
6695	标准间	标准间，简洁整洁，设施完备，高性价比之选。	260	16688
6695	行政套房	行政套房，空间宽敞，配套齐全，尊享舒适入住体验。	502	16689
6696	标准间	标准间，简洁整洁，设施完备，高性价比之选。	213	16690
6696	行政套房	行政套房，空间宽敞，配套齐全，尊享舒适入住体验。	713	16691
6696	大床房	大床房，配备舒适大床，温馨静谧，适合休闲度假。	322	16692
6697	大床房	大床房，配备舒适大床，温馨静谧，适合休闲度假。	330	16693
6697	标准间	标准间，简洁整洁，设施完备，高性价比之选。	307	16694
6698	行政套房	行政套房，空间宽敞，配套齐全，尊享舒适入住体验。	864	16695
6698	标准间	标准间，简洁整洁，设施完备，高性价比之选。	290	16696
6699	标准间	标准间，简洁整洁，设施完备，高性价比之选。	310	16697
6699	大床房	大床房，配备舒适大床，温馨静谧，适合休闲度假。	382	16698
6700	标准间	标准间，简洁整洁，设施完备，高性价比之选。	196	16699
6700	行政套房	行政套房，空间宽敞，配套齐全，尊享舒适入住体验。	549	16700
6701	行政套房	行政套房，空间宽敞，配套齐全，尊享舒适入住体验。	738	16701
6701	大床房	大床房，配备舒适大床，温馨静谧，适合休闲度假。	402	16702
6701	标准间	标准间，简洁整洁，设施完备，高性价比之选。	185	16703
6702	大床房	大床房，配备舒适大床，温馨静谧，适合休闲度假。	471	16704
6702	行政套房	行政套房，空间宽敞，配套齐全，尊享舒适入住体验。	638	16705
6702	标准间	标准间，简洁整洁，设施完备，高性价比之选。	196	16706
6703	行政套房	行政套房，空间宽敞，配套齐全，尊享舒适入住体验。	773	16707
6703	大床房	大床房，配备舒适大床，温馨静谧，适合休闲度假。	394	16708
6704	标准间	标准间，简洁整洁，设施完备，高性价比之选。	305	16709
6704	大床房	大床房，配备舒适大床，温馨静谧，适合休闲度假。	369	16710
6704	行政套房	行政套房，空间宽敞，配套齐全，尊享舒适入住体验。	879	16711
6705	行政套房	行政套房，空间宽敞，配套齐全，尊享舒适入住体验。	645	16712
6705	大床房	大床房，配备舒适大床，温馨静谧，适合休闲度假。	388	16713
6706	标准间	标准间，简洁整洁，设施完备，高性价比之选。	287	16714
6706	大床房	大床房，配备舒适大床，温馨静谧，适合休闲度假。	383	16715
6707	行政套房	行政套房，空间宽敞，配套齐全，尊享舒适入住体验。	553	16716
6707	标准间	标准间，简洁整洁，设施完备，高性价比之选。	309	16717
6708	大床房	大床房，配备舒适大床，温馨静谧，适合休闲度假。	430	16718
6708	行政套房	行政套房，空间宽敞，配套齐全，尊享舒适入住体验。	736	16719
6709	行政套房	行政套房，空间宽敞，配套齐全，尊享舒适入住体验。	517	16720
6709	大床房	大床房，配备舒适大床，温馨静谧，适合休闲度假。	289	16721
6710	标准间	标准间，简洁整洁，设施完备，高性价比之选。	217	16722
6710	大床房	大床房，配备舒适大床，温馨静谧，适合休闲度假。	432	16723
6711	行政套房	行政套房，空间宽敞，配套齐全，尊享舒适入住体验。	767	16724
6711	标准间	标准间，简洁整洁，设施完备，高性价比之选。	184	16725
6711	大床房	大床房，配备舒适大床，温馨静谧，适合休闲度假。	392	16726
6712	标准间	标准间，简洁整洁，设施完备，高性价比之选。	309	16727
6712	大床房	大床房，配备舒适大床，温馨静谧，适合休闲度假。	480	16728
6713	标准间	标准间，简洁整洁，设施完备，高性价比之选。	205	16729
6713	大床房	大床房，配备舒适大床，温馨静谧，适合休闲度假。	329	16730
6713	行政套房	行政套房，空间宽敞，配套齐全，尊享舒适入住体验。	747	16731
6714	行政套房	行政套房，空间宽敞，配套齐全，尊享舒适入住体验。	797	16732
6714	标准间	标准间，简洁整洁，设施完备，高性价比之选。	239	16733
6715	标准间	标准间，简洁整洁，设施完备，高性价比之选。	238	16734
6715	行政套房	行政套房，空间宽敞，配套齐全，尊享舒适入住体验。	799	16735
6715	大床房	大床房，配备舒适大床，温馨静谧，适合休闲度假。	424	16736
6716	行政套房	行政套房，空间宽敞，配套齐全，尊享舒适入住体验。	802	16737
6716	标准间	标准间，简洁整洁，设施完备，高性价比之选。	306	16738
6717	行政套房	行政套房，空间宽敞，配套齐全，尊享舒适入住体验。	668	16739
6717	大床房	大床房，配备舒适大床，温馨静谧，适合休闲度假。	422	16740
6717	标准间	标准间，简洁整洁，设施完备，高性价比之选。	311	16741
6718	大床房	大床房，配备舒适大床，温馨静谧，适合休闲度假。	370	16742
6718	行政套房	行政套房，空间宽敞，配套齐全，尊享舒适入住体验。	688	16743
6718	标准间	标准间，简洁整洁，设施完备，高性价比之选。	198	16744
6719	标准间	标准间，简洁整洁，设施完备，高性价比之选。	315	16745
6719	大床房	大床房，配备舒适大床，温馨静谧，适合休闲度假。	285	16746
6720	标准间	标准间，简洁整洁，设施完备，高性价比之选。	297	16747
6720	行政套房	行政套房，空间宽敞，配套齐全，尊享舒适入住体验。	762	16748
6721	大床房	大床房，配备舒适大床，温馨静谧，适合休闲度假。	476	16749
6721	行政套房	行政套房，空间宽敞，配套齐全，尊享舒适入住体验。	503	16750
6721	标准间	标准间，简洁整洁，设施完备，高性价比之选。	239	16751
6722	大床房	大床房，配备舒适大床，温馨静谧，适合休闲度假。	454	16752
6722	标准间	标准间，简洁整洁，设施完备，高性价比之选。	311	16753
6723	大床房	大床房，配备舒适大床，温馨静谧，适合休闲度假。	376	16754
6723	标准间	标准间，简洁整洁，设施完备，高性价比之选。	231	16755
6723	行政套房	行政套房，空间宽敞，配套齐全，尊享舒适入住体验。	521	16756
6724	行政套房	行政套房，空间宽敞，配套齐全，尊享舒适入住体验。	489	16757
6724	标准间	标准间，简洁整洁，设施完备，高性价比之选。	309	16758
6725	大床房	大床房，配备舒适大床，温馨静谧，适合休闲度假。	450	16759
6725	行政套房	行政套房，空间宽敞，配套齐全，尊享舒适入住体验。	627	16760
6726	行政套房	行政套房，空间宽敞，配套齐全，尊享舒适入住体验。	501	16761
6726	标准间	标准间，简洁整洁，设施完备，高性价比之选。	304	16762
6726	大床房	大床房，配备舒适大床，温馨静谧，适合休闲度假。	425	16763
6727	大床房	大床房，配备舒适大床，温馨静谧，适合休闲度假。	444	16764
6727	行政套房	行政套房，空间宽敞，配套齐全，尊享舒适入住体验。	513	16765
6727	标准间	标准间，简洁整洁，设施完备，高性价比之选。	287	16766
6728	大床房	大床房，配备舒适大床，温馨静谧，适合休闲度假。	472	16767
6728	行政套房	行政套房，空间宽敞，配套齐全，尊享舒适入住体验。	654	16768
6728	标准间	标准间，简洁整洁，设施完备，高性价比之选。	279	16769
6729	行政套房	行政套房，空间宽敞，配套齐全，尊享舒适入住体验。	702	16770
6729	标准间	标准间，简洁整洁，设施完备，高性价比之选。	299	16771
6729	大床房	大床房，配备舒适大床，温馨静谧，适合休闲度假。	335	16772
6730	标准间	标准间，简洁整洁，设施完备，高性价比之选。	259	16773
6730	大床房	大床房，配备舒适大床，温馨静谧，适合休闲度假。	387	16774
6731	大床房	大床房，配备舒适大床，温馨静谧，适合休闲度假。	295	16775
6731	行政套房	行政套房，空间宽敞，配套齐全，尊享舒适入住体验。	784	16776
6731	标准间	标准间，简洁整洁，设施完备，高性价比之选。	222	16777
6732	标准间	标准间，简洁整洁，设施完备，高性价比之选。	250	16778
6732	大床房	大床房，配备舒适大床，温馨静谧，适合休闲度假。	387	16779
6733	标准间	标准间，简洁整洁，设施完备，高性价比之选。	189	16780
6733	行政套房	行政套房，空间宽敞，配套齐全，尊享舒适入住体验。	723	16781
6733	大床房	大床房，配备舒适大床，温馨静谧，适合休闲度假。	416	16782
6734	行政套房	行政套房，空间宽敞，配套齐全，尊享舒适入住体验。	665	16783
6734	标准间	标准间，简洁整洁，设施完备，高性价比之选。	282	16784
6734	大床房	大床房，配备舒适大床，温馨静谧，适合休闲度假。	460	16785
6735	大床房	大床房，配备舒适大床，温馨静谧，适合休闲度假。	361	16786
6735	标准间	标准间，简洁整洁，设施完备，高性价比之选。	203	16787
6736	大床房	大床房，配备舒适大床，温馨静谧，适合休闲度假。	458	16788
6736	标准间	标准间，简洁整洁，设施完备，高性价比之选。	259	16789
6736	行政套房	行政套房，空间宽敞，配套齐全，尊享舒适入住体验。	487	16790
6737	标准间	标准间，简洁整洁，设施完备，高性价比之选。	187	16791
6737	大床房	大床房，配备舒适大床，温馨静谧，适合休闲度假。	360	16792
6738	大床房	大床房，配备舒适大床，温馨静谧，适合休闲度假。	279	16793
6738	标准间	标准间，简洁整洁，设施完备，高性价比之选。	284	16794
6739	行政套房	行政套房，空间宽敞，配套齐全，尊享舒适入住体验。	584	16795
6739	大床房	大床房，配备舒适大床，温馨静谧，适合休闲度假。	468	16796
6740	标准间	标准间，简洁整洁，设施完备，高性价比之选。	196	16797
6740	大床房	大床房，配备舒适大床，温馨静谧，适合休闲度假。	268	16798
6740	行政套房	行政套房，空间宽敞，配套齐全，尊享舒适入住体验。	546	16799
6741	标准间	标准间，简洁整洁，设施完备，高性价比之选。	217	16800
6741	行政套房	行政套房，空间宽敞，配套齐全，尊享舒适入住体验。	798	16801
6741	大床房	大床房，配备舒适大床，温馨静谧，适合休闲度假。	271	16802
6742	标准间	标准间，简洁整洁，设施完备，高性价比之选。	193	16803
6742	行政套房	行政套房，空间宽敞，配套齐全，尊享舒适入住体验。	817	16804
6742	大床房	大床房，配备舒适大床，温馨静谧，适合休闲度假。	328	16805
6743	标准间	标准间，简洁整洁，设施完备，高性价比之选。	257	16806
6743	行政套房	行政套房，空间宽敞，配套齐全，尊享舒适入住体验。	489	16807
6744	标准间	标准间，简洁整洁，设施完备，高性价比之选。	265	16808
6744	行政套房	行政套房，空间宽敞，配套齐全，尊享舒适入住体验。	530	16809
6745	大床房	大床房，配备舒适大床，温馨静谧，适合休闲度假。	416	16810
6745	标准间	标准间，简洁整洁，设施完备，高性价比之选。	201	16811
6746	标准间	标准间，简洁整洁，设施完备，高性价比之选。	257	16812
6746	行政套房	行政套房，空间宽敞，配套齐全，尊享舒适入住体验。	560	16813
6747	大床房	大床房，配备舒适大床，温馨静谧，适合休闲度假。	271	16814
6747	标准间	标准间，简洁整洁，设施完备，高性价比之选。	292	16815
6747	行政套房	行政套房，空间宽敞，配套齐全，尊享舒适入住体验。	728	16816
6748	大床房	大床房，配备舒适大床，温馨静谧，适合休闲度假。	310	16817
6748	行政套房	行政套房，空间宽敞，配套齐全，尊享舒适入住体验。	521	16818
6749	大床房	大床房，配备舒适大床，温馨静谧，适合休闲度假。	277	16819
6749	行政套房	行政套房，空间宽敞，配套齐全，尊享舒适入住体验。	827	16820
6749	标准间	标准间，简洁整洁，设施完备，高性价比之选。	314	16821
6750	大床房	大床房，配备舒适大床，温馨静谧，适合休闲度假。	394	16822
6750	行政套房	行政套房，空间宽敞，配套齐全，尊享舒适入住体验。	686	16823
6750	标准间	标准间，简洁整洁，设施完备，高性价比之选。	197	16824
6751	标准间	标准间，简洁整洁，设施完备，高性价比之选。	274	16825
6751	行政套房	行政套房，空间宽敞，配套齐全，尊享舒适入住体验。	831	16826
6752	行政套房	行政套房，空间宽敞，配套齐全，尊享舒适入住体验。	530	16827
6752	大床房	大床房，配备舒适大床，温馨静谧，适合休闲度假。	301	16828
6752	标准间	标准间，简洁整洁，设施完备，高性价比之选。	193	16829
6753	大床房	大床房，配备舒适大床，温馨静谧，适合休闲度假。	276	16830
6753	行政套房	行政套房，空间宽敞，配套齐全，尊享舒适入住体验。	531	16831
6754	行政套房	行政套房，空间宽敞，配套齐全，尊享舒适入住体验。	876	16832
6754	大床房	大床房，配备舒适大床，温馨静谧，适合休闲度假。	416	16833
6754	标准间	标准间，简洁整洁，设施完备，高性价比之选。	300	16834
6755	标准间	标准间，简洁整洁，设施完备，高性价比之选。	244	16835
6755	行政套房	行政套房，空间宽敞，配套齐全，尊享舒适入住体验。	567	16836
6756	大床房	大床房，配备舒适大床，温馨静谧，适合休闲度假。	282	16837
6756	行政套房	行政套房，空间宽敞，配套齐全，尊享舒适入住体验。	682	16838
6756	标准间	标准间，简洁整洁，设施完备，高性价比之选。	232	16839
6757	大床房	大床房，配备舒适大床，温馨静谧，适合休闲度假。	303	16840
6757	行政套房	行政套房，空间宽敞，配套齐全，尊享舒适入住体验。	530	16841
6758	大床房	大床房，配备舒适大床，温馨静谧，适合休闲度假。	292	16842
6758	标准间	标准间，简洁整洁，设施完备，高性价比之选。	292	16843
6759	大床房	大床房，配备舒适大床，温馨静谧，适合休闲度假。	433	16844
6759	行政套房	行政套房，空间宽敞，配套齐全，尊享舒适入住体验。	756	16845
6760	行政套房	行政套房，空间宽敞，配套齐全，尊享舒适入住体验。	492	16846
6760	标准间	标准间，简洁整洁，设施完备，高性价比之选。	268	16847
6761	大床房	大床房，配备舒适大床，温馨静谧，适合休闲度假。	278	16848
6761	标准间	标准间，简洁整洁，设施完备，高性价比之选。	207	16849
6762	大床房	大床房，配备舒适大床，温馨静谧，适合休闲度假。	452	16850
6762	标准间	标准间，简洁整洁，设施完备，高性价比之选。	184	16851
6763	行政套房	行政套房，空间宽敞，配套齐全，尊享舒适入住体验。	679	16852
6763	标准间	标准间，简洁整洁，设施完备，高性价比之选。	247	16853
6763	大床房	大床房，配备舒适大床，温馨静谧，适合休闲度假。	314	16854
6764	大床房	大床房，配备舒适大床，温馨静谧，适合休闲度假。	467	16855
6764	行政套房	行政套房，空间宽敞，配套齐全，尊享舒适入住体验。	543	16856
6765	行政套房	行政套房，空间宽敞，配套齐全，尊享舒适入住体验。	765	16857
6765	标准间	标准间，简洁整洁，设施完备，高性价比之选。	226	16858
6766	标准间	标准间，简洁整洁，设施完备，高性价比之选。	271	16859
6766	大床房	大床房，配备舒适大床，温馨静谧，适合休闲度假。	437	16860
6767	大床房	大床房，配备舒适大床，温馨静谧，适合休闲度假。	379	16861
6767	标准间	标准间，简洁整洁，设施完备，高性价比之选。	304	16862
6767	行政套房	行政套房，空间宽敞，配套齐全，尊享舒适入住体验。	640	16863
6768	大床房	大床房，配备舒适大床，温馨静谧，适合休闲度假。	402	16864
6768	标准间	标准间，简洁整洁，设施完备，高性价比之选。	296	16865
6768	行政套房	行政套房，空间宽敞，配套齐全，尊享舒适入住体验。	573	16866
6769	行政套房	行政套房，空间宽敞，配套齐全，尊享舒适入住体验。	522	16867
6769	标准间	标准间，简洁整洁，设施完备，高性价比之选。	310	16868
6769	大床房	大床房，配备舒适大床，温馨静谧，适合休闲度假。	279	16869
6770	大床房	大床房，配备舒适大床，温馨静谧，适合休闲度假。	474	16870
6770	行政套房	行政套房，空间宽敞，配套齐全，尊享舒适入住体验。	809	16871
6770	标准间	标准间，简洁整洁，设施完备，高性价比之选。	268	16872
6771	标准间	标准间，简洁整洁，设施完备，高性价比之选。	224	16873
6771	行政套房	行政套房，空间宽敞，配套齐全，尊享舒适入住体验。	532	16874
6771	大床房	大床房，配备舒适大床，温馨静谧，适合休闲度假。	469	16875
6772	标准间	标准间，简洁整洁，设施完备，高性价比之选。	300	16876
6772	行政套房	行政套房，空间宽敞，配套齐全，尊享舒适入住体验。	685	16877
6773	标准间	标准间，简洁整洁，设施完备，高性价比之选。	315	16878
6773	大床房	大床房，配备舒适大床，温馨静谧，适合休闲度假。	350	16879
6774	标准间	标准间，简洁整洁，设施完备，高性价比之选。	228	16880
6774	行政套房	行政套房，空间宽敞，配套齐全，尊享舒适入住体验。	727	16881
6774	大床房	大床房，配备舒适大床，温馨静谧，适合休闲度假。	423	16882
6775	大床房	大床房，配备舒适大床，温馨静谧，适合休闲度假。	332	16883
6775	标准间	标准间，简洁整洁，设施完备，高性价比之选。	317	16884
6776	标准间	标准间，简洁整洁，设施完备，高性价比之选。	293	16885
6776	行政套房	行政套房，空间宽敞，配套齐全，尊享舒适入住体验。	673	16886
6777	标准间	标准间，简洁整洁，设施完备，高性价比之选。	242	16887
6777	大床房	大床房，配备舒适大床，温馨静谧，适合休闲度假。	372	16888
6777	行政套房	行政套房，空间宽敞，配套齐全，尊享舒适入住体验。	802	16889
6778	标准间	标准间，简洁整洁，设施完备，高性价比之选。	301	16890
6778	行政套房	行政套房，空间宽敞，配套齐全，尊享舒适入住体验。	666	16891
6779	标准间	标准间，简洁整洁，设施完备，高性价比之选。	215	16892
6779	大床房	大床房，配备舒适大床，温馨静谧，适合休闲度假。	463	16893
6779	行政套房	行政套房，空间宽敞，配套齐全，尊享舒适入住体验。	829	16894
6780	标准间	标准间，简洁整洁，设施完备，高性价比之选。	218	16895
6780	大床房	大床房，配备舒适大床，温馨静谧，适合休闲度假。	348	16896
6780	行政套房	行政套房，空间宽敞，配套齐全，尊享舒适入住体验。	557	16897
6781	行政套房	行政套房，空间宽敞，配套齐全，尊享舒适入住体验。	849	16898
6781	标准间	标准间，简洁整洁，设施完备，高性价比之选。	247	16899
6782	标准间	标准间，简洁整洁，设施完备，高性价比之选。	190	16900
6782	大床房	大床房，配备舒适大床，温馨静谧，适合休闲度假。	344	16901
6783	大床房	大床房，配备舒适大床，温馨静谧，适合休闲度假。	274	16902
6783	行政套房	行政套房，空间宽敞，配套齐全，尊享舒适入住体验。	847	16903
6784	行政套房	行政套房，空间宽敞，配套齐全，尊享舒适入住体验。	506	16904
6784	大床房	大床房，配备舒适大床，温馨静谧，适合休闲度假。	401	16905
6784	标准间	标准间，简洁整洁，设施完备，高性价比之选。	301	16906
6785	标准间	标准间，简洁整洁，设施完备，高性价比之选。	210	16907
6785	行政套房	行政套房，空间宽敞，配套齐全，尊享舒适入住体验。	580	16908
6786	标准间	标准间，简洁整洁，设施完备，高性价比之选。	316	16909
6786	行政套房	行政套房，空间宽敞，配套齐全，尊享舒适入住体验。	862	16910
6786	大床房	大床房，配备舒适大床，温馨静谧，适合休闲度假。	420	16911
6787	大床房	大床房，配备舒适大床，温馨静谧，适合休闲度假。	263	16912
6787	行政套房	行政套房，空间宽敞，配套齐全，尊享舒适入住体验。	804	16913
6788	行政套房	行政套房，空间宽敞，配套齐全，尊享舒适入住体验。	527	16914
6788	标准间	标准间，简洁整洁，设施完备，高性价比之选。	226	16915
6788	大床房	大床房，配备舒适大床，温馨静谧，适合休闲度假。	333	16916
6789	行政套房	行政套房，空间宽敞，配套齐全，尊享舒适入住体验。	839	16917
6789	大床房	大床房，配备舒适大床，温馨静谧，适合休闲度假。	428	16918
6789	标准间	标准间，简洁整洁，设施完备，高性价比之选。	278	16919
6790	大床房	大床房，配备舒适大床，温馨静谧，适合休闲度假。	320	16920
6790	行政套房	行政套房，空间宽敞，配套齐全，尊享舒适入住体验。	499	16921
6790	标准间	标准间，简洁整洁，设施完备，高性价比之选。	207	16922
6791	大床房	大床房，配备舒适大床，温馨静谧，适合休闲度假。	281	16923
6791	标准间	标准间，简洁整洁，设施完备，高性价比之选。	201	16924
6792	行政套房	行政套房，空间宽敞，配套齐全，尊享舒适入住体验。	480	16925
6792	标准间	标准间，简洁整洁，设施完备，高性价比之选。	305	16926
6792	大床房	大床房，配备舒适大床，温馨静谧，适合休闲度假。	470	16927
6793	大床房	大床房，配备舒适大床，温馨静谧，适合休闲度假。	466	16928
6793	行政套房	行政套房，空间宽敞，配套齐全，尊享舒适入住体验。	591	16929
6794	行政套房	行政套房，空间宽敞，配套齐全，尊享舒适入住体验。	742	16930
6794	标准间	标准间，简洁整洁，设施完备，高性价比之选。	309	16931
6794	大床房	大床房，配备舒适大床，温馨静谧，适合休闲度假。	389	16932
6795	行政套房	行政套房，空间宽敞，配套齐全，尊享舒适入住体验。	851	16933
6795	标准间	标准间，简洁整洁，设施完备，高性价比之选。	239	16934
6796	行政套房	行政套房，空间宽敞，配套齐全，尊享舒适入住体验。	569	16935
6796	标准间	标准间，简洁整洁，设施完备，高性价比之选。	213	16936
6796	大床房	大床房，配备舒适大床，温馨静谧，适合休闲度假。	354	16937
6797	行政套房	行政套房，空间宽敞，配套齐全，尊享舒适入住体验。	678	16938
6797	大床房	大床房，配备舒适大床，温馨静谧，适合休闲度假。	362	16939
6797	标准间	标准间，简洁整洁，设施完备，高性价比之选。	225	16940
6798	大床房	大床房，配备舒适大床，温馨静谧，适合休闲度假。	408	16941
6798	标准间	标准间，简洁整洁，设施完备，高性价比之选。	271	16942
6798	行政套房	行政套房，空间宽敞，配套齐全，尊享舒适入住体验。	497	16943
6799	标准间	标准间，简洁整洁，设施完备，高性价比之选。	275	16944
6799	大床房	大床房，配备舒适大床，温馨静谧，适合休闲度假。	326	16945
6800	大床房	大床房，配备舒适大床，温馨静谧，适合休闲度假。	342	16946
6800	标准间	标准间，简洁整洁，设施完备，高性价比之选。	288	16947
6800	行政套房	行政套房，空间宽敞，配套齐全，尊享舒适入住体验。	662	16948
6801	行政套房	行政套房，空间宽敞，配套齐全，尊享舒适入住体验。	602	16949
6801	大床房	大床房，配备舒适大床，温馨静谧，适合休闲度假。	389	16950
6801	标准间	标准间，简洁整洁，设施完备，高性价比之选。	227	16951
6802	行政套房	行政套房，空间宽敞，配套齐全，尊享舒适入住体验。	512	16952
6802	标准间	标准间，简洁整洁，设施完备，高性价比之选。	313	16953
6802	大床房	大床房，配备舒适大床，温馨静谧，适合休闲度假。	369	16954
6803	标准间	标准间，简洁整洁，设施完备，高性价比之选。	301	16955
6803	大床房	大床房，配备舒适大床，温馨静谧，适合休闲度假。	268	16956
6804	行政套房	行政套房，空间宽敞，配套齐全，尊享舒适入住体验。	847	16957
6804	标准间	标准间，简洁整洁，设施完备，高性价比之选。	247	16958
6805	标准间	标准间，简洁整洁，设施完备，高性价比之选。	265	16959
6805	大床房	大床房，配备舒适大床，温馨静谧，适合休闲度假。	422	16960
6805	行政套房	行政套房，空间宽敞，配套齐全，尊享舒适入住体验。	827	16961
6806	标准间	标准间，简洁整洁，设施完备，高性价比之选。	287	16962
6806	行政套房	行政套房，空间宽敞，配套齐全，尊享舒适入住体验。	847	16963
6807	大床房	大床房，配备舒适大床，温馨静谧，适合休闲度假。	261	16964
6807	行政套房	行政套房，空间宽敞，配套齐全，尊享舒适入住体验。	530	16965
6807	标准间	标准间，简洁整洁，设施完备，高性价比之选。	309	16966
6808	行政套房	行政套房，空间宽敞，配套齐全，尊享舒适入住体验。	669	16967
6808	大床房	大床房，配备舒适大床，温馨静谧，适合休闲度假。	362	16968
6808	标准间	标准间，简洁整洁，设施完备，高性价比之选。	240	16969
6809	标准间	标准间，简洁整洁，设施完备，高性价比之选。	220	16970
6809	行政套房	行政套房，空间宽敞，配套齐全，尊享舒适入住体验。	626	16971
6810	行政套房	行政套房，空间宽敞，配套齐全，尊享舒适入住体验。	742	16972
6810	大床房	大床房，配备舒适大床，温馨静谧，适合休闲度假。	373	16973
6810	标准间	标准间，简洁整洁，设施完备，高性价比之选。	303	16974
6811	大床房	大床房，配备舒适大床，温馨静谧，适合休闲度假。	363	16975
6811	标准间	标准间，简洁整洁，设施完备，高性价比之选。	288	16976
6811	行政套房	行政套房，空间宽敞，配套齐全，尊享舒适入住体验。	708	16977
6812	标准间	标准间，简洁整洁，设施完备，高性价比之选。	251	16978
6812	行政套房	行政套房，空间宽敞，配套齐全，尊享舒适入住体验。	691	16979
6812	大床房	大床房，配备舒适大床，温馨静谧，适合休闲度假。	442	16980
6813	大床房	大床房，配备舒适大床，温馨静谧，适合休闲度假。	455	16981
6813	行政套房	行政套房，空间宽敞，配套齐全，尊享舒适入住体验。	810	16982
6814	行政套房	行政套房，空间宽敞，配套齐全，尊享舒适入住体验。	843	16983
6814	大床房	大床房，配备舒适大床，温馨静谧，适合休闲度假。	370	16984
6814	标准间	标准间，简洁整洁，设施完备，高性价比之选。	245	16985
6815	标准间	标准间，简洁整洁，设施完备，高性价比之选。	286	16986
6815	大床房	大床房，配备舒适大床，温馨静谧，适合休闲度假。	260	16987
6815	行政套房	行政套房，空间宽敞，配套齐全，尊享舒适入住体验。	595	16988
6816	行政套房	行政套房，空间宽敞，配套齐全，尊享舒适入住体验。	518	16989
6816	标准间	标准间，简洁整洁，设施完备，高性价比之选。	278	16990
6817	标准间	标准间，简洁整洁，设施完备，高性价比之选。	233	16991
6817	行政套房	行政套房，空间宽敞，配套齐全，尊享舒适入住体验。	491	16992
6818	大床房	大床房，配备舒适大床，温馨静谧，适合休闲度假。	338	16993
6818	标准间	标准间，简洁整洁，设施完备，高性价比之选。	204	16994
6818	行政套房	行政套房，空间宽敞，配套齐全，尊享舒适入住体验。	606	16995
6819	标准间	标准间，简洁整洁，设施完备，高性价比之选。	248	16996
6819	大床房	大床房，配备舒适大床，温馨静谧，适合休闲度假。	312	16997
6819	行政套房	行政套房，空间宽敞，配套齐全，尊享舒适入住体验。	499	16998
6820	大床房	大床房，配备舒适大床，温馨静谧，适合休闲度假。	443	16999
6820	行政套房	行政套房，空间宽敞，配套齐全，尊享舒适入住体验。	854	17000
6820	标准间	标准间，简洁整洁，设施完备，高性价比之选。	312	17001
6821	大床房	大床房，配备舒适大床，温馨静谧，适合休闲度假。	320	17002
6821	行政套房	行政套房，空间宽敞，配套齐全，尊享舒适入住体验。	838	17003
6822	标准间	标准间，简洁整洁，设施完备，高性价比之选。	191	17004
6822	大床房	大床房，配备舒适大床，温馨静谧，适合休闲度假。	398	17005
6822	行政套房	行政套房，空间宽敞，配套齐全，尊享舒适入住体验。	495	17006
6823	标准间	标准间，简洁整洁，设施完备，高性价比之选。	212	17007
6823	大床房	大床房，配备舒适大床，温馨静谧，适合休闲度假。	443	17008
6824	大床房	大床房，配备舒适大床，温馨静谧，适合休闲度假。	384	17009
6824	标准间	标准间，简洁整洁，设施完备，高性价比之选。	310	17010
6825	标准间	标准间，简洁整洁，设施完备，高性价比之选。	281	17011
6825	行政套房	行政套房，空间宽敞，配套齐全，尊享舒适入住体验。	574	17012
6825	大床房	大床房，配备舒适大床，温馨静谧，适合休闲度假。	295	17013
6826	行政套房	行政套房，空间宽敞，配套齐全，尊享舒适入住体验。	866	17014
6826	标准间	标准间，简洁整洁，设施完备，高性价比之选。	211	17015
6826	大床房	大床房，配备舒适大床，温馨静谧，适合休闲度假。	371	17016
6827	行政套房	行政套房，空间宽敞，配套齐全，尊享舒适入住体验。	666	17017
6827	大床房	大床房，配备舒适大床，温馨静谧，适合休闲度假。	462	17018
6828	大床房	大床房，配备舒适大床，温馨静谧，适合休闲度假。	273	17019
6828	行政套房	行政套房，空间宽敞，配套齐全，尊享舒适入住体验。	866	17020
6828	标准间	标准间，简洁整洁，设施完备，高性价比之选。	298	17021
6829	行政套房	行政套房，空间宽敞，配套齐全，尊享舒适入住体验。	705	17022
6829	标准间	标准间，简洁整洁，设施完备，高性价比之选。	182	17023
6829	大床房	大床房，配备舒适大床，温馨静谧，适合休闲度假。	315	17024
6830	大床房	大床房，配备舒适大床，温馨静谧，适合休闲度假。	356	17025
6830	标准间	标准间，简洁整洁，设施完备，高性价比之选。	196	17026
6830	行政套房	行政套房，空间宽敞，配套齐全，尊享舒适入住体验。	816	17027
6831	行政套房	行政套房，空间宽敞，配套齐全，尊享舒适入住体验。	721	17028
6831	大床房	大床房，配备舒适大床，温馨静谧，适合休闲度假。	290	17029
6832	行政套房	行政套房，空间宽敞，配套齐全，尊享舒适入住体验。	701	17030
6832	大床房	大床房，配备舒适大床，温馨静谧，适合休闲度假。	440	17031
6833	标准间	标准间，简洁整洁，设施完备，高性价比之选。	217	17032
6833	大床房	大床房，配备舒适大床，温馨静谧，适合休闲度假。	314	17033
6834	行政套房	行政套房，空间宽敞，配套齐全，尊享舒适入住体验。	515	17034
6834	标准间	标准间，简洁整洁，设施完备，高性价比之选。	233	17035
6835	行政套房	行政套房，空间宽敞，配套齐全，尊享舒适入住体验。	838	17036
6835	大床房	大床房，配备舒适大床，温馨静谧，适合休闲度假。	352	17037
6836	行政套房	行政套房，空间宽敞，配套齐全，尊享舒适入住体验。	618	17038
6836	标准间	标准间，简洁整洁，设施完备，高性价比之选。	224	17039
6836	大床房	大床房，配备舒适大床，温馨静谧，适合休闲度假。	332	17040
6837	标准间	标准间，简洁整洁，设施完备，高性价比之选。	264	17041
6837	大床房	大床房，配备舒适大床，温馨静谧，适合休闲度假。	290	17042
6838	大床房	大床房，配备舒适大床，温馨静谧，适合休闲度假。	345	17043
6838	行政套房	行政套房，空间宽敞，配套齐全，尊享舒适入住体验。	870	17044
6838	标准间	标准间，简洁整洁，设施完备，高性价比之选。	258	17045
6839	标准间	标准间，简洁整洁，设施完备，高性价比之选。	227	17046
6839	行政套房	行政套房，空间宽敞，配套齐全，尊享舒适入住体验。	769	17047
6840	行政套房	行政套房，空间宽敞，配套齐全，尊享舒适入住体验。	514	17048
6840	大床房	大床房，配备舒适大床，温馨静谧，适合休闲度假。	382	17049
6841	大床房	大床房，配备舒适大床，温馨静谧，适合休闲度假。	281	17050
6841	标准间	标准间，简洁整洁，设施完备，高性价比之选。	241	17051
6842	大床房	大床房，配备舒适大床，温馨静谧，适合休闲度假。	401	17052
6842	标准间	标准间，简洁整洁，设施完备，高性价比之选。	308	17053
6843	标准间	标准间，简洁整洁，设施完备，高性价比之选。	274	17054
6843	行政套房	行政套房，空间宽敞，配套齐全，尊享舒适入住体验。	691	17055
6844	大床房	大床房，配备舒适大床，温馨静谧，适合休闲度假。	372	17056
6844	行政套房	行政套房，空间宽敞，配套齐全，尊享舒适入住体验。	529	17057
6845	标准间	标准间，简洁整洁，设施完备，高性价比之选。	309	17058
6845	大床房	大床房，配备舒适大床，温馨静谧，适合休闲度假。	324	17059
6845	行政套房	行政套房，空间宽敞，配套齐全，尊享舒适入住体验。	790	17060
6846	标准间	标准间，简洁整洁，设施完备，高性价比之选。	207	17061
6846	大床房	大床房，配备舒适大床，温馨静谧，适合休闲度假。	369	17062
6846	行政套房	行政套房，空间宽敞，配套齐全，尊享舒适入住体验。	796	17063
6847	标准间	标准间，简洁整洁，设施完备，高性价比之选。	214	17064
6847	行政套房	行政套房，空间宽敞，配套齐全，尊享舒适入住体验。	776	17065
6847	大床房	大床房，配备舒适大床，温馨静谧，适合休闲度假。	304	17066
6848	大床房	大床房，配备舒适大床，温馨静谧，适合休闲度假。	327	17067
6848	行政套房	行政套房，空间宽敞，配套齐全，尊享舒适入住体验。	876	17068
6849	大床房	大床房，配备舒适大床，温馨静谧，适合休闲度假。	340	17069
6849	标准间	标准间，简洁整洁，设施完备，高性价比之选。	299	17070
6850	行政套房	行政套房，空间宽敞，配套齐全，尊享舒适入住体验。	558	17071
6850	大床房	大床房，配备舒适大床，温馨静谧，适合休闲度假。	350	17072
6850	标准间	标准间，简洁整洁，设施完备，高性价比之选。	265	17073
6851	大床房	大床房，配备舒适大床，温馨静谧，适合休闲度假。	329	17074
6851	标准间	标准间，简洁整洁，设施完备，高性价比之选。	277	17075
6851	行政套房	行政套房，空间宽敞，配套齐全，尊享舒适入住体验。	749	17076
6852	标准间	标准间，简洁整洁，设施完备，高性价比之选。	218	17077
6852	行政套房	行政套房，空间宽敞，配套齐全，尊享舒适入住体验。	618	17078
6852	大床房	大床房，配备舒适大床，温馨静谧，适合休闲度假。	347	17079
6853	标准间	标准间，简洁整洁，设施完备，高性价比之选。	235	17080
6853	行政套房	行政套房，空间宽敞，配套齐全，尊享舒适入住体验。	650	17081
6853	大床房	大床房，配备舒适大床，温馨静谧，适合休闲度假。	350	17082
6854	大床房	大床房，配备舒适大床，温馨静谧，适合休闲度假。	468	17083
6854	行政套房	行政套房，空间宽敞，配套齐全，尊享舒适入住体验。	873	17084
6854	标准间	标准间，简洁整洁，设施完备，高性价比之选。	188	17085
6855	标准间	标准间，简洁整洁，设施完备，高性价比之选。	262	17086
6855	行政套房	行政套房，空间宽敞，配套齐全，尊享舒适入住体验。	480	17087
6856	标准间	标准间，简洁整洁，设施完备，高性价比之选。	181	17088
6856	行政套房	行政套房，空间宽敞，配套齐全，尊享舒适入住体验。	821	17089
6856	大床房	大床房，配备舒适大床，温馨静谧，适合休闲度假。	394	17090
6857	行政套房	行政套房，空间宽敞，配套齐全，尊享舒适入住体验。	785	17091
6857	标准间	标准间，简洁整洁，设施完备，高性价比之选。	295	17092
6858	行政套房	行政套房，空间宽敞，配套齐全，尊享舒适入住体验。	656	17093
6858	标准间	标准间，简洁整洁，设施完备，高性价比之选。	304	17094
6858	大床房	大床房，配备舒适大床，温馨静谧，适合休闲度假。	470	17095
6859	大床房	大床房，配备舒适大床，温馨静谧，适合休闲度假。	414	17096
6859	行政套房	行政套房，空间宽敞，配套齐全，尊享舒适入住体验。	540	17097
6859	标准间	标准间，简洁整洁，设施完备，高性价比之选。	287	17098
6860	标准间	标准间，简洁整洁，设施完备，高性价比之选。	218	17099
6860	大床房	大床房，配备舒适大床，温馨静谧，适合休闲度假。	450	17100
6861	行政套房	行政套房，空间宽敞，配套齐全，尊享舒适入住体验。	799	17101
6861	大床房	大床房，配备舒适大床，温馨静谧，适合休闲度假。	477	17102
6862	大床房	大床房，配备舒适大床，温馨静谧，适合休闲度假。	401	17103
6862	行政套房	行政套房，空间宽敞，配套齐全，尊享舒适入住体验。	602	17104
6862	标准间	标准间，简洁整洁，设施完备，高性价比之选。	196	17105
6863	大床房	大床房，配备舒适大床，温馨静谧，适合休闲度假。	342	17106
6863	标准间	标准间，简洁整洁，设施完备，高性价比之选。	185	17107
6864	行政套房	行政套房，空间宽敞，配套齐全，尊享舒适入住体验。	516	17108
6864	标准间	标准间，简洁整洁，设施完备，高性价比之选。	209	17109
6865	行政套房	行政套房，空间宽敞，配套齐全，尊享舒适入住体验。	483	17110
6865	大床房	大床房，配备舒适大床，温馨静谧，适合休闲度假。	424	17111
6866	行政套房	行政套房，空间宽敞，配套齐全，尊享舒适入住体验。	843	17112
6866	标准间	标准间，简洁整洁，设施完备，高性价比之选。	214	17113
6866	大床房	大床房，配备舒适大床，温馨静谧，适合休闲度假。	345	17114
6867	行政套房	行政套房，空间宽敞，配套齐全，尊享舒适入住体验。	550	17115
6867	标准间	标准间，简洁整洁，设施完备，高性价比之选。	252	17116
6868	行政套房	行政套房，空间宽敞，配套齐全，尊享舒适入住体验。	511	17117
6868	大床房	大床房，配备舒适大床，温馨静谧，适合休闲度假。	467	17118
6869	标准间	标准间，简洁整洁，设施完备，高性价比之选。	224	17119
6869	大床房	大床房，配备舒适大床，温馨静谧，适合休闲度假。	394	17120
6869	行政套房	行政套房，空间宽敞，配套齐全，尊享舒适入住体验。	676	17121
6870	行政套房	行政套房，空间宽敞，配套齐全，尊享舒适入住体验。	693	17122
6870	大床房	大床房，配备舒适大床，温馨静谧，适合休闲度假。	331	17123
6871	标准间	标准间，简洁整洁，设施完备，高性价比之选。	226	17124
6871	大床房	大床房，配备舒适大床，温馨静谧，适合休闲度假。	261	17125
6871	行政套房	行政套房，空间宽敞，配套齐全，尊享舒适入住体验。	501	17126
6872	行政套房	行政套房，空间宽敞，配套齐全，尊享舒适入住体验。	825	17127
6872	大床房	大床房，配备舒适大床，温馨静谧，适合休闲度假。	477	17128
6872	标准间	标准间，简洁整洁，设施完备，高性价比之选。	189	17129
6873	行政套房	行政套房，空间宽敞，配套齐全，尊享舒适入住体验。	557	17130
6873	大床房	大床房，配备舒适大床，温馨静谧，适合休闲度假。	463	17131
6874	标准间	标准间，简洁整洁，设施完备，高性价比之选。	259	17132
6874	行政套房	行政套房，空间宽敞，配套齐全，尊享舒适入住体验。	639	17133
6875	标准间	标准间，简洁整洁，设施完备，高性价比之选。	278	17134
6875	大床房	大床房，配备舒适大床，温馨静谧，适合休闲度假。	277	17135
6875	行政套房	行政套房，空间宽敞，配套齐全，尊享舒适入住体验。	571	17136
6876	标准间	标准间，简洁整洁，设施完备，高性价比之选。	230	17137
6876	行政套房	行政套房，空间宽敞，配套齐全，尊享舒适入住体验。	603	17138
6876	大床房	大床房，配备舒适大床，温馨静谧，适合休闲度假。	273	17139
6877	大床房	大床房，配备舒适大床，温馨静谧，适合休闲度假。	433	17140
6877	行政套房	行政套房，空间宽敞，配套齐全，尊享舒适入住体验。	795	17141
6878	大床房	大床房，配备舒适大床，温馨静谧，适合休闲度假。	476	17142
6878	标准间	标准间，简洁整洁，设施完备，高性价比之选。	233	17143
6879	行政套房	行政套房，空间宽敞，配套齐全，尊享舒适入住体验。	810	17144
6879	标准间	标准间，简洁整洁，设施完备，高性价比之选。	277	17145
6880	行政套房	行政套房，空间宽敞，配套齐全，尊享舒适入住体验。	839	17146
6880	标准间	标准间，简洁整洁，设施完备，高性价比之选。	209	17147
6880	大床房	大床房，配备舒适大床，温馨静谧，适合休闲度假。	312	17148
6881	标准间	标准间，简洁整洁，设施完备，高性价比之选。	244	17149
6881	大床房	大床房，配备舒适大床，温馨静谧，适合休闲度假。	370	17150
6881	行政套房	行政套房，空间宽敞，配套齐全，尊享舒适入住体验。	856	17151
6882	行政套房	行政套房，空间宽敞，配套齐全，尊享舒适入住体验。	520	17152
6882	大床房	大床房，配备舒适大床，温馨静谧，适合休闲度假。	397	17153
6883	行政套房	行政套房，空间宽敞，配套齐全，尊享舒适入住体验。	760	17154
6883	标准间	标准间，简洁整洁，设施完备，高性价比之选。	302	17155
6884	标准间	标准间，简洁整洁，设施完备，高性价比之选。	306	17156
6884	大床房	大床房，配备舒适大床，温馨静谧，适合休闲度假。	396	17157
6885	大床房	大床房，配备舒适大床，温馨静谧，适合休闲度假。	354	17158
6885	行政套房	行政套房，空间宽敞，配套齐全，尊享舒适入住体验。	863	17159
6885	标准间	标准间，简洁整洁，设施完备，高性价比之选。	289	17160
6886	标准间	标准间，简洁整洁，设施完备，高性价比之选。	312	17161
6886	大床房	大床房，配备舒适大床，温馨静谧，适合休闲度假。	363	17162
6886	行政套房	行政套房，空间宽敞，配套齐全，尊享舒适入住体验。	766	17163
6887	行政套房	行政套房，空间宽敞，配套齐全，尊享舒适入住体验。	534	17164
6887	标准间	标准间，简洁整洁，设施完备，高性价比之选。	319	17165
6887	大床房	大床房，配备舒适大床，温馨静谧，适合休闲度假。	430	17166
6888	标准间	标准间，简洁整洁，设施完备，高性价比之选。	305	17167
6888	大床房	大床房，配备舒适大床，温馨静谧，适合休闲度假。	383	17168
6888	行政套房	行政套房，空间宽敞，配套齐全，尊享舒适入住体验。	552	17169
6889	标准间	标准间，简洁整洁，设施完备，高性价比之选。	192	17170
6889	大床房	大床房，配备舒适大床，温馨静谧，适合休闲度假。	448	17171
6889	行政套房	行政套房，空间宽敞，配套齐全，尊享舒适入住体验。	669	17172
6890	大床房	大床房，配备舒适大床，温馨静谧，适合休闲度假。	324	17173
6890	行政套房	行政套房，空间宽敞，配套齐全，尊享舒适入住体验。	519	17174
6891	行政套房	行政套房，空间宽敞，配套齐全，尊享舒适入住体验。	689	17175
6891	大床房	大床房，配备舒适大床，温馨静谧，适合休闲度假。	401	17176
6891	标准间	标准间，简洁整洁，设施完备，高性价比之选。	243	17177
6892	标准间	标准间，简洁整洁，设施完备，高性价比之选。	211	17178
6892	行政套房	行政套房，空间宽敞，配套齐全，尊享舒适入住体验。	587	17179
6893	行政套房	行政套房，空间宽敞，配套齐全，尊享舒适入住体验。	652	17180
6893	大床房	大床房，配备舒适大床，温馨静谧，适合休闲度假。	474	17181
6894	标准间	标准间，简洁整洁，设施完备，高性价比之选。	248	17182
6894	大床房	大床房，配备舒适大床，温馨静谧，适合休闲度假。	446	17183
6895	行政套房	行政套房，空间宽敞，配套齐全，尊享舒适入住体验。	504	17184
6895	标准间	标准间，简洁整洁，设施完备，高性价比之选。	195	17185
6895	大床房	大床房，配备舒适大床，温馨静谧，适合休闲度假。	356	17186
6896	大床房	大床房，配备舒适大床，温馨静谧，适合休闲度假。	421	17187
6896	标准间	标准间，简洁整洁，设施完备，高性价比之选。	291	17188
6896	行政套房	行政套房，空间宽敞，配套齐全，尊享舒适入住体验。	558	17189
6897	大床房	大床房，配备舒适大床，温馨静谧，适合休闲度假。	450	17190
6897	行政套房	行政套房，空间宽敞，配套齐全，尊享舒适入住体验。	837	17191
6898	大床房	大床房，配备舒适大床，温馨静谧，适合休闲度假。	301	17192
6898	标准间	标准间，简洁整洁，设施完备，高性价比之选。	309	17193
6899	大床房	大床房，配备舒适大床，温馨静谧，适合休闲度假。	418	17194
6899	标准间	标准间，简洁整洁，设施完备，高性价比之选。	232	17195
6899	行政套房	行政套房，空间宽敞，配套齐全，尊享舒适入住体验。	523	17196
6900	大床房	大床房，配备舒适大床，温馨静谧，适合休闲度假。	316	17197
6900	标准间	标准间，简洁整洁，设施完备，高性价比之选。	210	17198
6901	大床房	大床房，配备舒适大床，温馨静谧，适合休闲度假。	392	17199
6901	标准间	标准间，简洁整洁，设施完备，高性价比之选。	182	17200
6901	行政套房	行政套房，空间宽敞，配套齐全，尊享舒适入住体验。	693	17201
6902	行政套房	行政套房，空间宽敞，配套齐全，尊享舒适入住体验。	483	17202
6902	标准间	标准间，简洁整洁，设施完备，高性价比之选。	233	17203
6903	标准间	标准间，简洁整洁，设施完备，高性价比之选。	310	17204
6903	行政套房	行政套房，空间宽敞，配套齐全，尊享舒适入住体验。	521	17205
6903	大床房	大床房，配备舒适大床，温馨静谧，适合休闲度假。	316	17206
6904	行政套房	行政套房，空间宽敞，配套齐全，尊享舒适入住体验。	832	17207
6904	标准间	标准间，简洁整洁，设施完备，高性价比之选。	207	17208
6904	大床房	大床房，配备舒适大床，温馨静谧，适合休闲度假。	263	17209
6905	行政套房	行政套房，空间宽敞，配套齐全，尊享舒适入住体验。	880	17210
6905	标准间	标准间，简洁整洁，设施完备，高性价比之选。	305	17211
6906	行政套房	行政套房，空间宽敞，配套齐全，尊享舒适入住体验。	487	17212
6906	大床房	大床房，配备舒适大床，温馨静谧，适合休闲度假。	442	17213
6907	大床房	大床房，配备舒适大床，温馨静谧，适合休闲度假。	440	17214
6907	标准间	标准间，简洁整洁，设施完备，高性价比之选。	209	17215
6907	行政套房	行政套房，空间宽敞，配套齐全，尊享舒适入住体验。	676	17216
6908	行政套房	行政套房，空间宽敞，配套齐全，尊享舒适入住体验。	565	17217
6908	标准间	标准间，简洁整洁，设施完备，高性价比之选。	208	17218
6909	大床房	大床房，配备舒适大床，温馨静谧，适合休闲度假。	422	17219
6909	标准间	标准间，简洁整洁，设施完备，高性价比之选。	223	17220
6910	行政套房	行政套房，空间宽敞，配套齐全，尊享舒适入住体验。	786	17221
6910	标准间	标准间，简洁整洁，设施完备，高性价比之选。	236	17222
6910	大床房	大床房，配备舒适大床，温馨静谧，适合休闲度假。	283	17223
6911	标准间	标准间，简洁整洁，设施完备，高性价比之选。	205	17224
6911	行政套房	行政套房，空间宽敞，配套齐全，尊享舒适入住体验。	662	17225
6912	大床房	大床房，配备舒适大床，温馨静谧，适合休闲度假。	260	17226
6912	行政套房	行政套房，空间宽敞，配套齐全，尊享舒适入住体验。	525	17227
6913	行政套房	行政套房，空间宽敞，配套齐全，尊享舒适入住体验。	803	17228
6913	大床房	大床房，配备舒适大床，温馨静谧，适合休闲度假。	299	17229
6914	行政套房	行政套房，空间宽敞，配套齐全，尊享舒适入住体验。	719	17230
6914	标准间	标准间，简洁整洁，设施完备，高性价比之选。	226	17231
6915	大床房	大床房，配备舒适大床，温馨静谧，适合休闲度假。	459	17232
6915	行政套房	行政套房，空间宽敞，配套齐全，尊享舒适入住体验。	728	17233
6915	标准间	标准间，简洁整洁，设施完备，高性价比之选。	253	17234
6916	标准间	标准间，简洁整洁，设施完备，高性价比之选。	278	17235
6916	行政套房	行政套房，空间宽敞，配套齐全，尊享舒适入住体验。	558	17236
6917	行政套房	行政套房，空间宽敞，配套齐全，尊享舒适入住体验。	556	17237
6917	大床房	大床房，配备舒适大床，温馨静谧，适合休闲度假。	374	17238
6917	标准间	标准间，简洁整洁，设施完备，高性价比之选。	180	17239
6918	大床房	大床房，配备舒适大床，温馨静谧，适合休闲度假。	378	17240
6918	行政套房	行政套房，空间宽敞，配套齐全，尊享舒适入住体验。	816	17241
6918	标准间	标准间，简洁整洁，设施完备，高性价比之选。	307	17242
6919	大床房	大床房，配备舒适大床，温馨静谧，适合休闲度假。	374	17243
6919	行政套房	行政套房，空间宽敞，配套齐全，尊享舒适入住体验。	713	17244
6920	大床房	大床房，配备舒适大床，温馨静谧，适合休闲度假。	349	17245
6920	行政套房	行政套房，空间宽敞，配套齐全，尊享舒适入住体验。	579	17246
6921	大床房	大床房，配备舒适大床，温馨静谧，适合休闲度假。	376	17247
6921	标准间	标准间，简洁整洁，设施完备，高性价比之选。	271	17248
6921	行政套房	行政套房，空间宽敞，配套齐全，尊享舒适入住体验。	705	17249
6922	大床房	大床房，配备舒适大床，温馨静谧，适合休闲度假。	387	17250
6922	行政套房	行政套房，空间宽敞，配套齐全，尊享舒适入住体验。	794	17251
6922	标准间	标准间，简洁整洁，设施完备，高性价比之选。	264	17252
6923	行政套房	行政套房，空间宽敞，配套齐全，尊享舒适入住体验。	562	17253
6923	标准间	标准间，简洁整洁，设施完备，高性价比之选。	318	17254
6924	大床房	大床房，配备舒适大床，温馨静谧，适合休闲度假。	342	17255
6924	标准间	标准间，简洁整洁，设施完备，高性价比之选。	180	17256
6925	行政套房	行政套房，空间宽敞，配套齐全，尊享舒适入住体验。	810	17257
6925	标准间	标准间，简洁整洁，设施完备，高性价比之选。	256	17258
6925	大床房	大床房，配备舒适大床，温馨静谧，适合休闲度假。	423	17259
6926	大床房	大床房，配备舒适大床，温馨静谧，适合休闲度假。	363	17260
6926	行政套房	行政套房，空间宽敞，配套齐全，尊享舒适入住体验。	866	17261
6927	大床房	大床房，配备舒适大床，温馨静谧，适合休闲度假。	390	17262
6927	行政套房	行政套房，空间宽敞，配套齐全，尊享舒适入住体验。	681	17263
6928	大床房	大床房，配备舒适大床，温馨静谧，适合休闲度假。	317	17264
6928	标准间	标准间，简洁整洁，设施完备，高性价比之选。	262	17265
6928	行政套房	行政套房，空间宽敞，配套齐全，尊享舒适入住体验。	686	17266
6929	标准间	标准间，简洁整洁，设施完备，高性价比之选。	264	17267
6929	行政套房	行政套房，空间宽敞，配套齐全，尊享舒适入住体验。	635	17268
6930	标准间	标准间，简洁整洁，设施完备，高性价比之选。	223	17269
6930	大床房	大床房，配备舒适大床，温馨静谧，适合休闲度假。	334	17270
6931	大床房	大床房，配备舒适大床，温馨静谧，适合休闲度假。	389	17271
6931	行政套房	行政套房，空间宽敞，配套齐全，尊享舒适入住体验。	744	17272
6931	标准间	标准间，简洁整洁，设施完备，高性价比之选。	262	17273
6932	行政套房	行政套房，空间宽敞，配套齐全，尊享舒适入住体验。	740	17274
6932	大床房	大床房，配备舒适大床，温馨静谧，适合休闲度假。	448	17275
6932	标准间	标准间，简洁整洁，设施完备，高性价比之选。	222	17276
6933	行政套房	行政套房，空间宽敞，配套齐全，尊享舒适入住体验。	738	17277
6933	大床房	大床房，配备舒适大床，温馨静谧，适合休闲度假。	339	17278
6933	标准间	标准间，简洁整洁，设施完备，高性价比之选。	318	17279
6934	大床房	大床房，配备舒适大床，温馨静谧，适合休闲度假。	291	17280
6934	行政套房	行政套房，空间宽敞，配套齐全，尊享舒适入住体验。	578	17281
6935	行政套房	行政套房，空间宽敞，配套齐全，尊享舒适入住体验。	842	17282
6935	标准间	标准间，简洁整洁，设施完备，高性价比之选。	233	17283
6935	大床房	大床房，配备舒适大床，温馨静谧，适合休闲度假。	436	17284
6936	行政套房	行政套房，空间宽敞，配套齐全，尊享舒适入住体验。	800	17285
6936	大床房	大床房，配备舒适大床，温馨静谧，适合休闲度假。	385	17286
6937	标准间	标准间，简洁整洁，设施完备，高性价比之选。	223	17287
6937	大床房	大床房，配备舒适大床，温馨静谧，适合休闲度假。	395	17288
6937	行政套房	行政套房，空间宽敞，配套齐全，尊享舒适入住体验。	879	17289
6938	大床房	大床房，配备舒适大床，温馨静谧，适合休闲度假。	421	17290
6938	行政套房	行政套房，空间宽敞，配套齐全，尊享舒适入住体验。	517	17291
6939	行政套房	行政套房，空间宽敞，配套齐全，尊享舒适入住体验。	753	17292
6939	大床房	大床房，配备舒适大床，温馨静谧，适合休闲度假。	328	17293
6940	标准间	标准间，简洁整洁，设施完备，高性价比之选。	267	17294
6940	大床房	大床房，配备舒适大床，温馨静谧，适合休闲度假。	334	17295
6941	行政套房	行政套房，空间宽敞，配套齐全，尊享舒适入住体验。	767	17296
6941	大床房	大床房，配备舒适大床，温馨静谧，适合休闲度假。	265	17297
6942	标准间	标准间，简洁整洁，设施完备，高性价比之选。	184	17298
6942	行政套房	行政套房，空间宽敞，配套齐全，尊享舒适入住体验。	811	17299
6943	行政套房	行政套房，空间宽敞，配套齐全，尊享舒适入住体验。	801	17300
6943	标准间	标准间，简洁整洁，设施完备，高性价比之选。	238	17301
6943	大床房	大床房，配备舒适大床，温馨静谧，适合休闲度假。	383	17302
6944	标准间	标准间，简洁整洁，设施完备，高性价比之选。	253	17303
6944	大床房	大床房，配备舒适大床，温馨静谧，适合休闲度假。	402	17304
6944	行政套房	行政套房，空间宽敞，配套齐全，尊享舒适入住体验。	517	17305
6945	行政套房	行政套房，空间宽敞，配套齐全，尊享舒适入住体验。	582	17306
6945	标准间	标准间，简洁整洁，设施完备，高性价比之选。	206	17307
6945	大床房	大床房，配备舒适大床，温馨静谧，适合休闲度假。	461	17308
6946	大床房	大床房，配备舒适大床，温馨静谧，适合休闲度假。	334	17309
6946	行政套房	行政套房，空间宽敞，配套齐全，尊享舒适入住体验。	650	17310
6946	标准间	标准间，简洁整洁，设施完备，高性价比之选。	199	17311
6947	大床房	大床房，配备舒适大床，温馨静谧，适合休闲度假。	289	17312
6947	标准间	标准间，简洁整洁，设施完备，高性价比之选。	293	17313
6948	标准间	标准间，简洁整洁，设施完备，高性价比之选。	257	17314
6948	大床房	大床房，配备舒适大床，温馨静谧，适合休闲度假。	387	17315
6949	行政套房	行政套房，空间宽敞，配套齐全，尊享舒适入住体验。	515	17316
6949	标准间	标准间，简洁整洁，设施完备，高性价比之选。	238	17317
6950	大床房	大床房，配备舒适大床，温馨静谧，适合休闲度假。	345	17318
6950	行政套房	行政套房，空间宽敞，配套齐全，尊享舒适入住体验。	674	17319
6951	行政套房	行政套房，空间宽敞，配套齐全，尊享舒适入住体验。	787	17320
6951	大床房	大床房，配备舒适大床，温馨静谧，适合休闲度假。	348	17321
6952	行政套房	行政套房，空间宽敞，配套齐全，尊享舒适入住体验。	625	17322
6952	大床房	大床房，配备舒适大床，温馨静谧，适合休闲度假。	368	17323
6952	标准间	标准间，简洁整洁，设施完备，高性价比之选。	299	17324
6953	行政套房	行政套房，空间宽敞，配套齐全，尊享舒适入住体验。	668	17325
6953	标准间	标准间，简洁整洁，设施完备，高性价比之选。	232	17326
6953	大床房	大床房，配备舒适大床，温馨静谧，适合休闲度假。	397	17327
6954	行政套房	行政套房，空间宽敞，配套齐全，尊享舒适入住体验。	674	17328
6954	大床房	大床房，配备舒适大床，温馨静谧，适合休闲度假。	450	17329
6954	标准间	标准间，简洁整洁，设施完备，高性价比之选。	264	17330
6955	行政套房	行政套房，空间宽敞，配套齐全，尊享舒适入住体验。	681	17331
6955	标准间	标准间，简洁整洁，设施完备，高性价比之选。	210	17332
6956	大床房	大床房，配备舒适大床，温馨静谧，适合休闲度假。	338	17333
6956	标准间	标准间，简洁整洁，设施完备，高性价比之选。	257	17334
6956	行政套房	行政套房，空间宽敞，配套齐全，尊享舒适入住体验。	784	17335
6957	大床房	大床房，配备舒适大床，温馨静谧，适合休闲度假。	468	17336
6957	行政套房	行政套房，空间宽敞，配套齐全，尊享舒适入住体验。	608	17337
6958	行政套房	行政套房，空间宽敞，配套齐全，尊享舒适入住体验。	789	17338
6958	标准间	标准间，简洁整洁，设施完备，高性价比之选。	203	17339
6959	大床房	大床房，配备舒适大床，温馨静谧，适合休闲度假。	437	17340
6959	行政套房	行政套房，空间宽敞，配套齐全，尊享舒适入住体验。	532	17341
6959	标准间	标准间，简洁整洁，设施完备，高性价比之选。	200	17342
6960	行政套房	行政套房，空间宽敞，配套齐全，尊享舒适入住体验。	488	17343
6960	标准间	标准间，简洁整洁，设施完备，高性价比之选。	236	17344
6961	标准间	标准间，简洁整洁，设施完备，高性价比之选。	276	17345
6961	大床房	大床房，配备舒适大床，温馨静谧，适合休闲度假。	419	17346
6962	大床房	大床房，配备舒适大床，温馨静谧，适合休闲度假。	426	17347
6962	标准间	标准间，简洁整洁，设施完备，高性价比之选。	242	17348
6962	行政套房	行政套房，空间宽敞，配套齐全，尊享舒适入住体验。	648	17349
6963	行政套房	行政套房，空间宽敞，配套齐全，尊享舒适入住体验。	536	17350
6963	大床房	大床房，配备舒适大床，温馨静谧，适合休闲度假。	380	17351
6964	大床房	大床房，配备舒适大床，温馨静谧，适合休闲度假。	270	17352
6964	标准间	标准间，简洁整洁，设施完备，高性价比之选。	319	17353
6965	大床房	大床房，配备舒适大床，温馨静谧，适合休闲度假。	274	17354
6965	标准间	标准间，简洁整洁，设施完备，高性价比之选。	224	17355
6966	标准间	标准间，简洁整洁，设施完备，高性价比之选。	318	17356
6966	行政套房	行政套房，空间宽敞，配套齐全，尊享舒适入住体验。	496	17357
6967	大床房	大床房，配备舒适大床，温馨静谧，适合休闲度假。	414	17358
6967	标准间	标准间，简洁整洁，设施完备，高性价比之选。	307	17359
6967	行政套房	行政套房，空间宽敞，配套齐全，尊享舒适入住体验。	504	17360
6968	标准间	标准间，简洁整洁，设施完备，高性价比之选。	206	17361
6968	行政套房	行政套房，空间宽敞，配套齐全，尊享舒适入住体验。	861	17362
6968	大床房	大床房，配备舒适大床，温馨静谧，适合休闲度假。	295	17363
6969	标准间	标准间，简洁整洁，设施完备，高性价比之选。	185	17364
6969	行政套房	行政套房，空间宽敞，配套齐全，尊享舒适入住体验。	802	17365
6970	大床房	大床房，配备舒适大床，温馨静谧，适合休闲度假。	421	17366
6970	行政套房	行政套房，空间宽敞，配套齐全，尊享舒适入住体验。	699	17367
6971	标准间	标准间，简洁整洁，设施完备，高性价比之选。	252	17368
6971	行政套房	行政套房，空间宽敞，配套齐全，尊享舒适入住体验。	738	17369
6971	大床房	大床房，配备舒适大床，温馨静谧，适合休闲度假。	267	17370
6972	行政套房	行政套房，空间宽敞，配套齐全，尊享舒适入住体验。	574	17371
6972	大床房	大床房，配备舒适大床，温馨静谧，适合休闲度假。	339	17372
6973	大床房	大床房，配备舒适大床，温馨静谧，适合休闲度假。	406	17373
6973	标准间	标准间，简洁整洁，设施完备，高性价比之选。	300	17374
6974	标准间	标准间，简洁整洁，设施完备，高性价比之选。	313	17375
6974	大床房	大床房，配备舒适大床，温馨静谧，适合休闲度假。	415	17376
6974	行政套房	行政套房，空间宽敞，配套齐全，尊享舒适入住体验。	840	17377
6975	行政套房	行政套房，空间宽敞，配套齐全，尊享舒适入住体验。	784	17378
6975	大床房	大床房，配备舒适大床，温馨静谧，适合休闲度假。	431	17379
6976	标准间	标准间，简洁整洁，设施完备，高性价比之选。	278	17380
6976	大床房	大床房，配备舒适大床，温馨静谧，适合休闲度假。	284	17381
6977	行政套房	行政套房，空间宽敞，配套齐全，尊享舒适入住体验。	733	17382
6977	大床房	大床房，配备舒适大床，温馨静谧，适合休闲度假。	335	17383
6977	标准间	标准间，简洁整洁，设施完备，高性价比之选。	295	17384
6978	标准间	标准间，简洁整洁，设施完备，高性价比之选。	306	17385
6978	行政套房	行政套房，空间宽敞，配套齐全，尊享舒适入住体验。	517	17386
6978	大床房	大床房，配备舒适大床，温馨静谧，适合休闲度假。	290	17387
6979	标准间	标准间，简洁整洁，设施完备，高性价比之选。	281	17388
6979	行政套房	行政套房，空间宽敞，配套齐全，尊享舒适入住体验。	748	17389
6979	大床房	大床房，配备舒适大床，温馨静谧，适合休闲度假。	277	17390
6980	标准间	标准间，简洁整洁，设施完备，高性价比之选。	235	17391
6980	大床房	大床房，配备舒适大床，温馨静谧，适合休闲度假。	411	17392
6980	行政套房	行政套房，空间宽敞，配套齐全，尊享舒适入住体验。	545	17393
6981	行政套房	行政套房，空间宽敞，配套齐全，尊享舒适入住体验。	799	17394
6981	标准间	标准间，简洁整洁，设施完备，高性价比之选。	180	17395
6981	大床房	大床房，配备舒适大床，温馨静谧，适合休闲度假。	460	17396
6982	标准间	标准间，简洁整洁，设施完备，高性价比之选。	264	17397
6982	大床房	大床房，配备舒适大床，温馨静谧，适合休闲度假。	284	17398
6983	行政套房	行政套房，空间宽敞，配套齐全，尊享舒适入住体验。	480	17399
6983	标准间	标准间，简洁整洁，设施完备，高性价比之选。	248	17400
6984	行政套房	行政套房，空间宽敞，配套齐全，尊享舒适入住体验。	526	17401
6984	大床房	大床房，配备舒适大床，温馨静谧，适合休闲度假。	345	17402
6984	标准间	标准间，简洁整洁，设施完备，高性价比之选。	218	17403
6985	标准间	标准间，简洁整洁，设施完备，高性价比之选。	255	17404
6985	大床房	大床房，配备舒适大床，温馨静谧，适合休闲度假。	381	17405
6986	标准间	标准间，简洁整洁，设施完备，高性价比之选。	191	17406
6986	大床房	大床房，配备舒适大床，温馨静谧，适合休闲度假。	476	17407
6987	标准间	标准间，简洁整洁，设施完备，高性价比之选。	275	17408
6987	行政套房	行政套房，空间宽敞，配套齐全，尊享舒适入住体验。	668	17409
6987	大床房	大床房，配备舒适大床，温馨静谧，适合休闲度假。	312	17410
6988	行政套房	行政套房，空间宽敞，配套齐全，尊享舒适入住体验。	554	17411
6988	标准间	标准间，简洁整洁，设施完备，高性价比之选。	318	17412
6989	行政套房	行政套房，空间宽敞，配套齐全，尊享舒适入住体验。	647	17413
6989	大床房	大床房，配备舒适大床，温馨静谧，适合休闲度假。	293	17414
6989	标准间	标准间，简洁整洁，设施完备，高性价比之选。	222	17415
6990	行政套房	行政套房，空间宽敞，配套齐全，尊享舒适入住体验。	711	17416
6990	标准间	标准间，简洁整洁，设施完备，高性价比之选。	184	17417
6991	大床房	大床房，配备舒适大床，温馨静谧，适合休闲度假。	350	17418
6991	标准间	标准间，简洁整洁，设施完备，高性价比之选。	220	17419
6991	行政套房	行政套房，空间宽敞，配套齐全，尊享舒适入住体验。	763	17420
6992	大床房	大床房，配备舒适大床，温馨静谧，适合休闲度假。	410	17421
6992	行政套房	行政套房，空间宽敞，配套齐全，尊享舒适入住体验。	807	17422
6993	行政套房	行政套房，空间宽敞，配套齐全，尊享舒适入住体验。	800	17423
6993	大床房	大床房，配备舒适大床，温馨静谧，适合休闲度假。	288	17424
6993	标准间	标准间，简洁整洁，设施完备，高性价比之选。	224	17425
6994	行政套房	行政套房，空间宽敞，配套齐全，尊享舒适入住体验。	748	17426
6994	大床房	大床房，配备舒适大床，温馨静谧，适合休闲度假。	418	17427
6995	行政套房	行政套房，空间宽敞，配套齐全，尊享舒适入住体验。	522	17428
6995	大床房	大床房，配备舒适大床，温馨静谧，适合休闲度假。	289	17429
6995	标准间	标准间，简洁整洁，设施完备，高性价比之选。	222	17430
6996	标准间	标准间，简洁整洁，设施完备，高性价比之选。	283	17431
6996	大床房	大床房，配备舒适大床，温馨静谧，适合休闲度假。	302	17432
6996	行政套房	行政套房，空间宽敞，配套齐全，尊享舒适入住体验。	871	17433
6997	行政套房	行政套房，空间宽敞，配套齐全，尊享舒适入住体验。	536	17434
6997	大床房	大床房，配备舒适大床，温馨静谧，适合休闲度假。	439	17435
6998	行政套房	行政套房，空间宽敞，配套齐全，尊享舒适入住体验。	688	17436
6998	标准间	标准间，简洁整洁，设施完备，高性价比之选。	213	17437
6999	大床房	大床房，配备舒适大床，温馨静谧，适合休闲度假。	480	17438
6999	行政套房	行政套房，空间宽敞，配套齐全，尊享舒适入住体验。	880	17439
6999	标准间	标准间，简洁整洁，设施完备，高性价比之选。	269	17440
7000	行政套房	行政套房，空间宽敞，配套齐全，尊享舒适入住体验。	654	17441
7000	标准间	标准间，简洁整洁，设施完备，高性价比之选。	314	17442
7001	标准间	标准间，简洁整洁，设施完备，高性价比之选。	303	17443
7001	大床房	大床房，配备舒适大床，温馨静谧，适合休闲度假。	463	17444
7001	行政套房	行政套房，空间宽敞，配套齐全，尊享舒适入住体验。	593	17445
7002	标准间	标准间，简洁整洁，设施完备，高性价比之选。	187	17446
7002	行政套房	行政套房，空间宽敞，配套齐全，尊享舒适入住体验。	633	17447
7002	大床房	大床房，配备舒适大床，温馨静谧，适合休闲度假。	264	17448
7003	标准间	标准间，简洁整洁，设施完备，高性价比之选。	249	17449
7003	大床房	大床房，配备舒适大床，温馨静谧，适合休闲度假。	374	17450
7004	标准间	标准间，简洁整洁，设施完备，高性价比之选。	309	17451
7004	大床房	大床房，配备舒适大床，温馨静谧，适合休闲度假。	399	17452
7004	行政套房	行政套房，空间宽敞，配套齐全，尊享舒适入住体验。	786	17453
7005	大床房	大床房，配备舒适大床，温馨静谧，适合休闲度假。	296	17454
7005	行政套房	行政套房，空间宽敞，配套齐全，尊享舒适入住体验。	485	17455
7005	标准间	标准间，简洁整洁，设施完备，高性价比之选。	199	17456
7006	行政套房	行政套房，空间宽敞，配套齐全，尊享舒适入住体验。	568	17457
7006	大床房	大床房，配备舒适大床，温馨静谧，适合休闲度假。	294	17458
7007	大床房	大床房，配备舒适大床，温馨静谧，适合休闲度假。	279	17459
7007	标准间	标准间，简洁整洁，设施完备，高性价比之选。	285	17460
7007	行政套房	行政套房，空间宽敞，配套齐全，尊享舒适入住体验。	799	17461
7008	大床房	大床房，配备舒适大床，温馨静谧，适合休闲度假。	356	17462
7008	标准间	标准间，简洁整洁，设施完备，高性价比之选。	260	17463
7008	行政套房	行政套房，空间宽敞，配套齐全，尊享舒适入住体验。	868	17464
7009	行政套房	行政套房，空间宽敞，配套齐全，尊享舒适入住体验。	619	17465
7009	大床房	大床房，配备舒适大床，温馨静谧，适合休闲度假。	333	17466
7010	行政套房	行政套房，空间宽敞，配套齐全，尊享舒适入住体验。	816	17467
7010	大床房	大床房，配备舒适大床，温馨静谧，适合休闲度假。	354	17468
7011	大床房	大床房，配备舒适大床，温馨静谧，适合休闲度假。	449	17469
7011	标准间	标准间，简洁整洁，设施完备，高性价比之选。	293	17470
7012	行政套房	行政套房，空间宽敞，配套齐全，尊享舒适入住体验。	549	17471
7012	标准间	标准间，简洁整洁，设施完备，高性价比之选。	236	17472
7013	标准间	标准间，简洁整洁，设施完备，高性价比之选。	268	17473
7013	行政套房	行政套房，空间宽敞，配套齐全，尊享舒适入住体验。	681	17474
7013	大床房	大床房，配备舒适大床，温馨静谧，适合休闲度假。	266	17475
7014	标准间	标准间，简洁整洁，设施完备，高性价比之选。	292	17476
7014	行政套房	行政套房，空间宽敞，配套齐全，尊享舒适入住体验。	685	17477
7015	大床房	大床房，配备舒适大床，温馨静谧，适合休闲度假。	453	17478
7015	行政套房	行政套房，空间宽敞，配套齐全，尊享舒适入住体验。	829	17479
7015	标准间	标准间，简洁整洁，设施完备，高性价比之选。	211	17480
7016	行政套房	行政套房，空间宽敞，配套齐全，尊享舒适入住体验。	630	17481
7016	标准间	标准间，简洁整洁，设施完备，高性价比之选。	281	17482
7017	行政套房	行政套房，空间宽敞，配套齐全，尊享舒适入住体验。	809	17483
7017	大床房	大床房，配备舒适大床，温馨静谧，适合休闲度假。	383	17484
7017	标准间	标准间，简洁整洁，设施完备，高性价比之选。	254	17485
7018	行政套房	行政套房，空间宽敞，配套齐全，尊享舒适入住体验。	803	17486
7018	标准间	标准间，简洁整洁，设施完备，高性价比之选。	283	17487
7019	大床房	大床房，配备舒适大床，温馨静谧，适合休闲度假。	397	17488
7019	标准间	标准间，简洁整洁，设施完备，高性价比之选。	223	17489
7019	行政套房	行政套房，空间宽敞，配套齐全，尊享舒适入住体验。	843	17490
7020	大床房	大床房，配备舒适大床，温馨静谧，适合休闲度假。	432	17491
7020	标准间	标准间，简洁整洁，设施完备，高性价比之选。	259	17492
7021	标准间	标准间，简洁整洁，设施完备，高性价比之选。	220	17493
7021	大床房	大床房，配备舒适大床，温馨静谧，适合休闲度假。	443	17494
7022	大床房	大床房，配备舒适大床，温馨静谧，适合休闲度假。	354	17495
7022	标准间	标准间，简洁整洁，设施完备，高性价比之选。	221	17496
7023	行政套房	行政套房，空间宽敞，配套齐全，尊享舒适入住体验。	487	17497
7023	标准间	标准间，简洁整洁，设施完备，高性价比之选。	297	17498
7023	大床房	大床房，配备舒适大床，温馨静谧，适合休闲度假。	298	17499
7024	标准间	标准间，简洁整洁，设施完备，高性价比之选。	301	17500
7024	行政套房	行政套房，空间宽敞，配套齐全，尊享舒适入住体验。	861	17501
7025	标准间	标准间，简洁整洁，设施完备，高性价比之选。	269	17502
7025	大床房	大床房，配备舒适大床，温馨静谧，适合休闲度假。	261	17503
7025	行政套房	行政套房，空间宽敞，配套齐全，尊享舒适入住体验。	703	17504
7026	大床房	大床房，配备舒适大床，温馨静谧，适合休闲度假。	480	17505
7026	行政套房	行政套房，空间宽敞，配套齐全，尊享舒适入住体验。	613	17506
7026	标准间	标准间，简洁整洁，设施完备，高性价比之选。	268	17507
7027	大床房	大床房，配备舒适大床，温馨静谧，适合休闲度假。	471	17508
7027	行政套房	行政套房，空间宽敞，配套齐全，尊享舒适入住体验。	549	17509
7028	标准间	标准间，简洁整洁，设施完备，高性价比之选。	187	17510
7028	大床房	大床房，配备舒适大床，温馨静谧，适合休闲度假。	316	17511
7029	行政套房	行政套房，空间宽敞，配套齐全，尊享舒适入住体验。	805	17512
7029	标准间	标准间，简洁整洁，设施完备，高性价比之选。	187	17513
7030	行政套房	行政套房，空间宽敞，配套齐全，尊享舒适入住体验。	489	17514
7030	标准间	标准间，简洁整洁，设施完备，高性价比之选。	207	17515
7031	标准间	标准间，简洁整洁，设施完备，高性价比之选。	264	17516
7031	行政套房	行政套房，空间宽敞，配套齐全，尊享舒适入住体验。	489	17517
7031	大床房	大床房，配备舒适大床，温馨静谧，适合休闲度假。	314	17518
7032	大床房	大床房，配备舒适大床，温馨静谧，适合休闲度假。	303	17519
7032	行政套房	行政套房，空间宽敞，配套齐全，尊享舒适入住体验。	836	17520
7033	行政套房	行政套房，空间宽敞，配套齐全，尊享舒适入住体验。	763	17521
7033	标准间	标准间，简洁整洁，设施完备，高性价比之选。	184	17522
7034	标准间	标准间，简洁整洁，设施完备，高性价比之选。	240	17523
7034	行政套房	行政套房，空间宽敞，配套齐全，尊享舒适入住体验。	647	17524
7035	大床房	大床房，配备舒适大床，温馨静谧，适合休闲度假。	271	17525
7035	行政套房	行政套房，空间宽敞，配套齐全，尊享舒适入住体验。	785	17526
7035	标准间	标准间，简洁整洁，设施完备，高性价比之选。	249	17527
7036	大床房	大床房，配备舒适大床，温馨静谧，适合休闲度假。	270	17528
7036	行政套房	行政套房，空间宽敞，配套齐全，尊享舒适入住体验。	838	17529
7036	标准间	标准间，简洁整洁，设施完备，高性价比之选。	311	17530
7037	行政套房	行政套房，空间宽敞，配套齐全，尊享舒适入住体验。	631	17531
7037	大床房	大床房，配备舒适大床，温馨静谧，适合休闲度假。	373	17532
7037	标准间	标准间，简洁整洁，设施完备，高性价比之选。	320	17533
7038	行政套房	行政套房，空间宽敞，配套齐全，尊享舒适入住体验。	732	17534
7038	大床房	大床房，配备舒适大床，温馨静谧，适合休闲度假。	266	17535
7039	大床房	大床房，配备舒适大床，温馨静谧，适合休闲度假。	272	17536
7039	标准间	标准间，简洁整洁，设施完备，高性价比之选。	275	17537
7040	大床房	大床房，配备舒适大床，温馨静谧，适合休闲度假。	478	17538
7040	行政套房	行政套房，空间宽敞，配套齐全，尊享舒适入住体验。	837	17539
7040	标准间	标准间，简洁整洁，设施完备，高性价比之选。	292	17540
7041	标准间	标准间，简洁整洁，设施完备，高性价比之选。	277	17541
7041	大床房	大床房，配备舒适大床，温馨静谧，适合休闲度假。	274	17542
7042	大床房	大床房，配备舒适大床，温馨静谧，适合休闲度假。	431	17543
7042	标准间	标准间，简洁整洁，设施完备，高性价比之选。	205	17544
7042	行政套房	行政套房，空间宽敞，配套齐全，尊享舒适入住体验。	631	17545
7043	行政套房	行政套房，空间宽敞，配套齐全，尊享舒适入住体验。	498	17546
7043	标准间	标准间，简洁整洁，设施完备，高性价比之选。	210	17547
7044	大床房	大床房，配备舒适大床，温馨静谧，适合休闲度假。	262	17548
7044	行政套房	行政套房，空间宽敞，配套齐全，尊享舒适入住体验。	602	17549
7044	标准间	标准间，简洁整洁，设施完备，高性价比之选。	199	17550
7045	标准间	标准间，简洁整洁，设施完备，高性价比之选。	203	17551
7045	大床房	大床房，配备舒适大床，温馨静谧，适合休闲度假。	460	17552
7045	行政套房	行政套房，空间宽敞，配套齐全，尊享舒适入住体验。	514	17553
7046	大床房	大床房，配备舒适大床，温馨静谧，适合休闲度假。	439	17554
7046	标准间	标准间，简洁整洁，设施完备，高性价比之选。	185	17555
7046	行政套房	行政套房，空间宽敞，配套齐全，尊享舒适入住体验。	646	17556
7047	大床房	大床房，配备舒适大床，温馨静谧，适合休闲度假。	477	17557
7047	标准间	标准间，简洁整洁，设施完备，高性价比之选。	301	17558
7047	行政套房	行政套房，空间宽敞，配套齐全，尊享舒适入住体验。	841	17559
7048	大床房	大床房，配备舒适大床，温馨静谧，适合休闲度假。	270	17560
7048	标准间	标准间，简洁整洁，设施完备，高性价比之选。	233	17561
7049	大床房	大床房，配备舒适大床，温馨静谧，适合休闲度假。	275	17562
7049	行政套房	行政套房，空间宽敞，配套齐全，尊享舒适入住体验。	672	17563
7049	标准间	标准间，简洁整洁，设施完备，高性价比之选。	266	17564
7050	标准间	标准间，简洁整洁，设施完备，高性价比之选。	280	17565
7050	大床房	大床房，配备舒适大床，温馨静谧，适合休闲度假。	340	17566
7051	大床房	大床房，配备舒适大床，温馨静谧，适合休闲度假。	431	17567
7051	行政套房	行政套房，空间宽敞，配套齐全，尊享舒适入住体验。	781	17568
7052	标准间	标准间，简洁整洁，设施完备，高性价比之选。	183	17569
7052	行政套房	行政套房，空间宽敞，配套齐全，尊享舒适入住体验。	808	17570
7052	大床房	大床房，配备舒适大床，温馨静谧，适合休闲度假。	362	17571
7053	大床房	大床房，配备舒适大床，温馨静谧，适合休闲度假。	261	17572
7053	标准间	标准间，简洁整洁，设施完备，高性价比之选。	277	17573
7053	行政套房	行政套房，空间宽敞，配套齐全，尊享舒适入住体验。	850	17574
7054	大床房	大床房，配备舒适大床，温馨静谧，适合休闲度假。	427	17575
7054	标准间	标准间，简洁整洁，设施完备，高性价比之选。	241	17576
7054	行政套房	行政套房，空间宽敞，配套齐全，尊享舒适入住体验。	652	17577
7055	标准间	标准间，简洁整洁，设施完备，高性价比之选。	181	17578
7055	大床房	大床房，配备舒适大床，温馨静谧，适合休闲度假。	267	17579
7056	行政套房	行政套房，空间宽敞，配套齐全，尊享舒适入住体验。	773	17580
7056	大床房	大床房，配备舒适大床，温馨静谧，适合休闲度假。	267	17581
7056	标准间	标准间，简洁整洁，设施完备，高性价比之选。	264	17582
7057	大床房	大床房，配备舒适大床，温馨静谧，适合休闲度假。	289	17583
7057	行政套房	行政套房，空间宽敞，配套齐全，尊享舒适入住体验。	817	17584
7058	大床房	大床房，配备舒适大床，温馨静谧，适合休闲度假。	355	17585
7058	标准间	标准间，简洁整洁，设施完备，高性价比之选。	211	17586
7059	大床房	大床房，配备舒适大床，温馨静谧，适合休闲度假。	274	17587
7059	标准间	标准间，简洁整洁，设施完备，高性价比之选。	280	17588
7059	行政套房	行政套房，空间宽敞，配套齐全，尊享舒适入住体验。	654	17589
7060	行政套房	行政套房，空间宽敞，配套齐全，尊享舒适入住体验。	725	17590
7060	大床房	大床房，配备舒适大床，温馨静谧，适合休闲度假。	393	17591
7061	大床房	大床房，配备舒适大床，温馨静谧，适合休闲度假。	294	17592
7061	标准间	标准间，简洁整洁，设施完备，高性价比之选。	266	17593
7061	行政套房	行政套房，空间宽敞，配套齐全，尊享舒适入住体验。	865	17594
7062	大床房	大床房，配备舒适大床，温馨静谧，适合休闲度假。	277	17595
7062	行政套房	行政套房，空间宽敞，配套齐全，尊享舒适入住体验。	768	17596
7062	标准间	标准间，简洁整洁，设施完备，高性价比之选。	253	17597
7063	标准间	标准间，简洁整洁，设施完备，高性价比之选。	239	17598
7063	大床房	大床房，配备舒适大床，温馨静谧，适合休闲度假。	408	17599
7064	标准间	标准间，简洁整洁，设施完备，高性价比之选。	256	17600
7064	行政套房	行政套房，空间宽敞，配套齐全，尊享舒适入住体验。	822	17601
7064	大床房	大床房，配备舒适大床，温馨静谧，适合休闲度假。	467	17602
7065	标准间	标准间，简洁整洁，设施完备，高性价比之选。	292	17603
7065	行政套房	行政套房，空间宽敞，配套齐全，尊享舒适入住体验。	523	17604
7066	行政套房	行政套房，空间宽敞，配套齐全，尊享舒适入住体验。	559	17605
7066	标准间	标准间，简洁整洁，设施完备，高性价比之选。	241	17606
7067	行政套房	行政套房，空间宽敞，配套齐全，尊享舒适入住体验。	611	17607
7067	标准间	标准间，简洁整洁，设施完备，高性价比之选。	294	17608
7068	行政套房	行政套房，空间宽敞，配套齐全，尊享舒适入住体验。	580	17609
7068	大床房	大床房，配备舒适大床，温馨静谧，适合休闲度假。	362	17610
7069	标准间	标准间，简洁整洁，设施完备，高性价比之选。	212	17611
7069	行政套房	行政套房，空间宽敞，配套齐全，尊享舒适入住体验。	585	17612
7069	大床房	大床房，配备舒适大床，温馨静谧，适合休闲度假。	440	17613
7070	行政套房	行政套房，空间宽敞，配套齐全，尊享舒适入住体验。	621	17614
7070	大床房	大床房，配备舒适大床，温馨静谧，适合休闲度假。	447	17615
7071	行政套房	行政套房，空间宽敞，配套齐全，尊享舒适入住体验。	851	17616
7071	标准间	标准间，简洁整洁，设施完备，高性价比之选。	241	17617
7072	大床房	大床房，配备舒适大床，温馨静谧，适合休闲度假。	313	17618
7072	标准间	标准间，简洁整洁，设施完备，高性价比之选。	268	17619
7072	行政套房	行政套房，空间宽敞，配套齐全，尊享舒适入住体验。	744	17620
7073	大床房	大床房，配备舒适大床，温馨静谧，适合休闲度假。	436	17621
7073	标准间	标准间，简洁整洁，设施完备，高性价比之选。	295	17622
7073	行政套房	行政套房，空间宽敞，配套齐全，尊享舒适入住体验。	560	17623
7074	行政套房	行政套房，空间宽敞，配套齐全，尊享舒适入住体验。	636	17624
7074	大床房	大床房，配备舒适大床，温馨静谧，适合休闲度假。	355	17625
7074	标准间	标准间，简洁整洁，设施完备，高性价比之选。	271	17626
7075	大床房	大床房，配备舒适大床，温馨静谧，适合休闲度假。	306	17627
7075	行政套房	行政套房，空间宽敞，配套齐全，尊享舒适入住体验。	633	17628
7075	标准间	标准间，简洁整洁，设施完备，高性价比之选。	252	17629
7076	标准间	标准间，简洁整洁，设施完备，高性价比之选。	211	17630
7076	行政套房	行政套房，空间宽敞，配套齐全，尊享舒适入住体验。	551	17631
7076	大床房	大床房，配备舒适大床，温馨静谧，适合休闲度假。	376	17632
7077	大床房	大床房，配备舒适大床，温馨静谧，适合休闲度假。	374	17633
7077	行政套房	行政套房，空间宽敞，配套齐全，尊享舒适入住体验。	584	17634
7078	大床房	大床房，配备舒适大床，温馨静谧，适合休闲度假。	265	17635
7078	标准间	标准间，简洁整洁，设施完备，高性价比之选。	258	17636
7078	行政套房	行政套房，空间宽敞，配套齐全，尊享舒适入住体验。	822	17637
7079	标准间	标准间，简洁整洁，设施完备，高性价比之选。	241	17638
7079	行政套房	行政套房，空间宽敞，配套齐全，尊享舒适入住体验。	505	17639
7080	标准间	标准间，简洁整洁，设施完备，高性价比之选。	277	17640
7080	行政套房	行政套房，空间宽敞，配套齐全，尊享舒适入住体验。	874	17641
7081	行政套房	行政套房，空间宽敞，配套齐全，尊享舒适入住体验。	577	17642
7081	标准间	标准间，简洁整洁，设施完备，高性价比之选。	265	17643
7082	标准间	标准间，简洁整洁，设施完备，高性价比之选。	261	17644
7082	大床房	大床房，配备舒适大床，温馨静谧，适合休闲度假。	278	17645
7082	行政套房	行政套房，空间宽敞，配套齐全，尊享舒适入住体验。	554	17646
7083	标准间	标准间，简洁整洁，设施完备，高性价比之选。	308	17647
7083	行政套房	行政套房，空间宽敞，配套齐全，尊享舒适入住体验。	510	17648
7084	标准间	标准间，简洁整洁，设施完备，高性价比之选。	256	17649
7084	行政套房	行政套房，空间宽敞，配套齐全，尊享舒适入住体验。	829	17650
7084	大床房	大床房，配备舒适大床，温馨静谧，适合休闲度假。	473	17651
7085	行政套房	行政套房，空间宽敞，配套齐全，尊享舒适入住体验。	559	17652
7085	标准间	标准间，简洁整洁，设施完备，高性价比之选。	228	17653
7086	行政套房	行政套房，空间宽敞，配套齐全，尊享舒适入住体验。	773	17654
7086	标准间	标准间，简洁整洁，设施完备，高性价比之选。	226	17655
7087	大床房	大床房，配备舒适大床，温馨静谧，适合休闲度假。	463	17656
7087	标准间	标准间，简洁整洁，设施完备，高性价比之选。	266	17657
7087	行政套房	行政套房，空间宽敞，配套齐全，尊享舒适入住体验。	484	17658
7088	大床房	大床房，配备舒适大床，温馨静谧，适合休闲度假。	441	17659
7088	行政套房	行政套房，空间宽敞，配套齐全，尊享舒适入住体验。	767	17660
7088	标准间	标准间，简洁整洁，设施完备，高性价比之选。	234	17661
7089	行政套房	行政套房，空间宽敞，配套齐全，尊享舒适入住体验。	559	17662
7089	标准间	标准间，简洁整洁，设施完备，高性价比之选。	200	17663
7089	大床房	大床房，配备舒适大床，温馨静谧，适合休闲度假。	467	17664
7090	行政套房	行政套房，空间宽敞，配套齐全，尊享舒适入住体验。	538	17665
7090	大床房	大床房，配备舒适大床，温馨静谧，适合休闲度假。	287	17666
7091	标准间	标准间，简洁整洁，设施完备，高性价比之选。	215	17667
7091	行政套房	行政套房，空间宽敞，配套齐全，尊享舒适入住体验。	646	17668
7092	行政套房	行政套房，空间宽敞，配套齐全，尊享舒适入住体验。	684	17669
7092	大床房	大床房，配备舒适大床，温馨静谧，适合休闲度假。	473	17670
7092	标准间	标准间，简洁整洁，设施完备，高性价比之选。	277	17671
7093	大床房	大床房，配备舒适大床，温馨静谧，适合休闲度假。	474	17672
7093	标准间	标准间，简洁整洁，设施完备，高性价比之选。	287	17673
7093	行政套房	行政套房，空间宽敞，配套齐全，尊享舒适入住体验。	665	17674
7094	大床房	大床房，配备舒适大床，温馨静谧，适合休闲度假。	460	17675
7094	行政套房	行政套房，空间宽敞，配套齐全，尊享舒适入住体验。	730	17676
7094	标准间	标准间，简洁整洁，设施完备，高性价比之选。	209	17677
7095	行政套房	行政套房，空间宽敞，配套齐全，尊享舒适入住体验。	563	17678
7095	大床房	大床房，配备舒适大床，温馨静谧，适合休闲度假。	383	17679
7095	标准间	标准间，简洁整洁，设施完备，高性价比之选。	312	17680
7096	行政套房	行政套房，空间宽敞，配套齐全，尊享舒适入住体验。	871	17681
7096	标准间	标准间，简洁整洁，设施完备，高性价比之选。	308	17682
7097	标准间	标准间，简洁整洁，设施完备，高性价比之选。	181	17683
7097	行政套房	行政套房，空间宽敞，配套齐全，尊享舒适入住体验。	564	17684
7097	大床房	大床房，配备舒适大床，温馨静谧，适合休闲度假。	458	17685
7098	行政套房	行政套房，空间宽敞，配套齐全，尊享舒适入住体验。	506	17686
7098	标准间	标准间，简洁整洁，设施完备，高性价比之选。	200	17687
7099	行政套房	行政套房，空间宽敞，配套齐全，尊享舒适入住体验。	866	17688
7099	标准间	标准间，简洁整洁，设施完备，高性价比之选。	262	17689
7100	大床房	大床房，配备舒适大床，温馨静谧，适合休闲度假。	358	17690
7100	标准间	标准间，简洁整洁，设施完备，高性价比之选。	194	17691
7100	行政套房	行政套房，空间宽敞，配套齐全，尊享舒适入住体验。	535	17692
7101	行政套房	行政套房，空间宽敞，配套齐全，尊享舒适入住体验。	532	17693
7101	大床房	大床房，配备舒适大床，温馨静谧，适合休闲度假。	344	17694
7101	标准间	标准间，简洁整洁，设施完备，高性价比之选。	191	17695
7102	标准间	标准间，简洁整洁，设施完备，高性价比之选。	313	17696
7102	大床房	大床房，配备舒适大床，温馨静谧，适合休闲度假。	353	17697
7102	行政套房	行政套房，空间宽敞，配套齐全，尊享舒适入住体验。	777	17698
7103	行政套房	行政套房，空间宽敞，配套齐全，尊享舒适入住体验。	622	17699
7103	标准间	标准间，简洁整洁，设施完备，高性价比之选。	266	17700
7103	大床房	大床房，配备舒适大床，温馨静谧，适合休闲度假。	470	17701
7104	大床房	大床房，配备舒适大床，温馨静谧，适合休闲度假。	449	17702
7104	标准间	标准间，简洁整洁，设施完备，高性价比之选。	247	17703
7104	行政套房	行政套房，空间宽敞，配套齐全，尊享舒适入住体验。	697	17704
7105	标准间	标准间，简洁整洁，设施完备，高性价比之选。	295	17705
7105	行政套房	行政套房，空间宽敞，配套齐全，尊享舒适入住体验。	837	17706
7105	大床房	大床房，配备舒适大床，温馨静谧，适合休闲度假。	431	17707
7106	标准间	标准间，简洁整洁，设施完备，高性价比之选。	205	17708
7106	大床房	大床房，配备舒适大床，温馨静谧，适合休闲度假。	348	17709
7107	行政套房	行政套房，空间宽敞，配套齐全，尊享舒适入住体验。	709	17710
7107	大床房	大床房，配备舒适大床，温馨静谧，适合休闲度假。	276	17711
7107	标准间	标准间，简洁整洁，设施完备，高性价比之选。	208	17712
7108	标准间	标准间，简洁整洁，设施完备，高性价比之选。	248	17713
7108	行政套房	行政套房，空间宽敞，配套齐全，尊享舒适入住体验。	715	17714
7109	大床房	大床房，配备舒适大床，温馨静谧，适合休闲度假。	260	17715
7109	标准间	标准间，简洁整洁，设施完备，高性价比之选。	222	17716
7109	行政套房	行政套房，空间宽敞，配套齐全，尊享舒适入住体验。	799	17717
7110	行政套房	行政套房，空间宽敞，配套齐全，尊享舒适入住体验。	671	17718
7110	大床房	大床房，配备舒适大床，温馨静谧，适合休闲度假。	392	17719
7111	大床房	大床房，配备舒适大床，温馨静谧，适合休闲度假。	393	17720
7111	行政套房	行政套房，空间宽敞，配套齐全，尊享舒适入住体验。	633	17721
7111	标准间	标准间，简洁整洁，设施完备，高性价比之选。	308	17722
7112	行政套房	行政套房，空间宽敞，配套齐全，尊享舒适入住体验。	687	17723
7112	标准间	标准间，简洁整洁，设施完备，高性价比之选。	230	17724
7112	大床房	大床房，配备舒适大床，温馨静谧，适合休闲度假。	394	17725
7113	行政套房	行政套房，空间宽敞，配套齐全，尊享舒适入住体验。	610	17726
7113	标准间	标准间，简洁整洁，设施完备，高性价比之选。	181	17727
7113	大床房	大床房，配备舒适大床，温馨静谧，适合休闲度假。	272	17728
7114	大床房	大床房，配备舒适大床，温馨静谧，适合休闲度假。	386	17729
7114	行政套房	行政套房，空间宽敞，配套齐全，尊享舒适入住体验。	550	17730
7114	标准间	标准间，简洁整洁，设施完备，高性价比之选。	300	17731
7115	行政套房	行政套房，空间宽敞，配套齐全，尊享舒适入住体验。	675	17732
7115	大床房	大床房，配备舒适大床，温馨静谧，适合休闲度假。	299	17733
7115	标准间	标准间，简洁整洁，设施完备，高性价比之选。	260	17734
7116	行政套房	行政套房，空间宽敞，配套齐全，尊享舒适入住体验。	760	17735
7116	标准间	标准间，简洁整洁，设施完备，高性价比之选。	290	17736
7117	标准间	标准间，简洁整洁，设施完备，高性价比之选。	256	17737
7117	行政套房	行政套房，空间宽敞，配套齐全，尊享舒适入住体验。	805	17738
7118	大床房	大床房，配备舒适大床，温馨静谧，适合休闲度假。	459	17739
7118	标准间	标准间，简洁整洁，设施完备，高性价比之选。	238	17740
7119	标准间	标准间，简洁整洁，设施完备，高性价比之选。	302	17741
7119	大床房	大床房，配备舒适大床，温馨静谧，适合休闲度假。	420	17742
7120	行政套房	行政套房，空间宽敞，配套齐全，尊享舒适入住体验。	697	17743
7120	大床房	大床房，配备舒适大床，温馨静谧，适合休闲度假。	313	17744
7121	行政套房	行政套房，空间宽敞，配套齐全，尊享舒适入住体验。	590	17745
7121	大床房	大床房，配备舒适大床，温馨静谧，适合休闲度假。	352	17746
7121	标准间	标准间，简洁整洁，设施完备，高性价比之选。	247	17747
7122	标准间	标准间，简洁整洁，设施完备，高性价比之选。	252	17748
7122	大床房	大床房，配备舒适大床，温馨静谧，适合休闲度假。	355	17749
7122	行政套房	行政套房，空间宽敞，配套齐全，尊享舒适入住体验。	654	17750
7123	大床房	大床房，配备舒适大床，温馨静谧，适合休闲度假。	288	17751
7123	标准间	标准间，简洁整洁，设施完备，高性价比之选。	284	17752
7123	行政套房	行政套房，空间宽敞，配套齐全，尊享舒适入住体验。	757	17753
7124	标准间	标准间，简洁整洁，设施完备，高性价比之选。	279	17754
7124	行政套房	行政套房，空间宽敞，配套齐全，尊享舒适入住体验。	505	17755
7125	标准间	标准间，简洁整洁，设施完备，高性价比之选。	294	17756
7125	大床房	大床房，配备舒适大床，温馨静谧，适合休闲度假。	264	17757
7125	行政套房	行政套房，空间宽敞，配套齐全，尊享舒适入住体验。	744	17758
7126	标准间	标准间，简洁整洁，设施完备，高性价比之选。	249	17759
7126	大床房	大床房，配备舒适大床，温馨静谧，适合休闲度假。	401	17760
7126	行政套房	行政套房，空间宽敞，配套齐全，尊享舒适入住体验。	581	17761
7127	标准间	标准间，简洁整洁，设施完备，高性价比之选。	263	17762
7127	行政套房	行政套房，空间宽敞，配套齐全，尊享舒适入住体验。	739	17763
7128	行政套房	行政套房，空间宽敞，配套齐全，尊享舒适入住体验。	630	17764
7128	大床房	大床房，配备舒适大床，温馨静谧，适合休闲度假。	358	17765
7128	标准间	标准间，简洁整洁，设施完备，高性价比之选。	302	17766
7129	行政套房	行政套房，空间宽敞，配套齐全，尊享舒适入住体验。	575	17767
7129	标准间	标准间，简洁整洁，设施完备，高性价比之选。	201	17768
7130	行政套房	行政套房，空间宽敞，配套齐全，尊享舒适入住体验。	694	17769
7130	标准间	标准间，简洁整洁，设施完备，高性价比之选。	308	17770
7131	行政套房	行政套房，空间宽敞，配套齐全，尊享舒适入住体验。	627	17771
7131	标准间	标准间，简洁整洁，设施完备，高性价比之选。	276	17772
7132	行政套房	行政套房，空间宽敞，配套齐全，尊享舒适入住体验。	670	17773
7132	大床房	大床房，配备舒适大床，温馨静谧，适合休闲度假。	464	17774
7132	标准间	标准间，简洁整洁，设施完备，高性价比之选。	316	17775
7133	行政套房	行政套房，空间宽敞，配套齐全，尊享舒适入住体验。	576	17776
7133	大床房	大床房，配备舒适大床，温馨静谧，适合休闲度假。	433	17777
7133	标准间	标准间，简洁整洁，设施完备，高性价比之选。	184	17778
7134	标准间	标准间，简洁整洁，设施完备，高性价比之选。	275	17779
7134	行政套房	行政套房，空间宽敞，配套齐全，尊享舒适入住体验。	574	17780
7135	标准间	标准间，简洁整洁，设施完备，高性价比之选。	231	17781
7135	大床房	大床房，配备舒适大床，温馨静谧，适合休闲度假。	434	17782
7136	标准间	标准间，简洁整洁，设施完备，高性价比之选。	248	17783
7136	大床房	大床房，配备舒适大床，温馨静谧，适合休闲度假。	433	17784
7137	大床房	大床房，配备舒适大床，温馨静谧，适合休闲度假。	411	17785
7137	标准间	标准间，简洁整洁，设施完备，高性价比之选。	210	17786
7138	行政套房	行政套房，空间宽敞，配套齐全，尊享舒适入住体验。	635	17787
7138	大床房	大床房，配备舒适大床，温馨静谧，适合休闲度假。	406	17788
7138	标准间	标准间，简洁整洁，设施完备，高性价比之选。	317	17789
7139	行政套房	行政套房，空间宽敞，配套齐全，尊享舒适入住体验。	802	17790
7139	大床房	大床房，配备舒适大床，温馨静谧，适合休闲度假。	295	17791
7140	大床房	大床房，配备舒适大床，温馨静谧，适合休闲度假。	350	17792
7140	标准间	标准间，简洁整洁，设施完备，高性价比之选。	217	17793
7140	行政套房	行政套房，空间宽敞，配套齐全，尊享舒适入住体验。	500	17794
7141	行政套房	行政套房，空间宽敞，配套齐全，尊享舒适入住体验。	530	17795
7141	大床房	大床房，配备舒适大床，温馨静谧，适合休闲度假。	323	17796
7141	标准间	标准间，简洁整洁，设施完备，高性价比之选。	232	17797
7142	标准间	标准间，简洁整洁，设施完备，高性价比之选。	184	17798
7142	大床房	大床房，配备舒适大床，温馨静谧，适合休闲度假。	336	17799
7142	行政套房	行政套房，空间宽敞，配套齐全，尊享舒适入住体验。	728	17800
7143	标准间	标准间，简洁整洁，设施完备，高性价比之选。	237	17801
7143	行政套房	行政套房，空间宽敞，配套齐全，尊享舒适入住体验。	828	17802
7144	大床房	大床房，配备舒适大床，温馨静谧，适合休闲度假。	348	17803
7144	标准间	标准间，简洁整洁，设施完备，高性价比之选。	207	17804
7144	行政套房	行政套房，空间宽敞，配套齐全，尊享舒适入住体验。	876	17805
7145	行政套房	行政套房，空间宽敞，配套齐全，尊享舒适入住体验。	626	17806
7145	大床房	大床房，配备舒适大床，温馨静谧，适合休闲度假。	456	17807
7145	标准间	标准间，简洁整洁，设施完备，高性价比之选。	247	17808
7146	大床房	大床房，配备舒适大床，温馨静谧，适合休闲度假。	351	17809
7146	行政套房	行政套房，空间宽敞，配套齐全，尊享舒适入住体验。	499	17810
7146	标准间	标准间，简洁整洁，设施完备，高性价比之选。	238	17811
7147	大床房	大床房，配备舒适大床，温馨静谧，适合休闲度假。	416	17812
7147	标准间	标准间，简洁整洁，设施完备，高性价比之选。	229	17813
7147	行政套房	行政套房，空间宽敞，配套齐全，尊享舒适入住体验。	557	17814
7148	行政套房	行政套房，空间宽敞，配套齐全，尊享舒适入住体验。	629	17815
7148	标准间	标准间，简洁整洁，设施完备，高性价比之选。	216	17816
7149	标准间	标准间，简洁整洁，设施完备，高性价比之选。	265	17817
7149	行政套房	行政套房，空间宽敞，配套齐全，尊享舒适入住体验。	558	17818
7150	大床房	大床房，配备舒适大床，温馨静谧，适合休闲度假。	480	17819
7150	行政套房	行政套房，空间宽敞，配套齐全，尊享舒适入住体验。	703	17820
7151	大床房	大床房，配备舒适大床，温馨静谧，适合休闲度假。	322	17821
7151	行政套房	行政套房，空间宽敞，配套齐全，尊享舒适入住体验。	801	17822
7152	标准间	标准间，简洁整洁，设施完备，高性价比之选。	210	17823
7152	行政套房	行政套房，空间宽敞，配套齐全，尊享舒适入住体验。	660	17824
7152	大床房	大床房，配备舒适大床，温馨静谧，适合休闲度假。	360	17825
7153	大床房	大床房，配备舒适大床，温馨静谧，适合休闲度假。	431	17826
7153	标准间	标准间，简洁整洁，设施完备，高性价比之选。	219	17827
7154	行政套房	行政套房，空间宽敞，配套齐全，尊享舒适入住体验。	771	17828
7154	标准间	标准间，简洁整洁，设施完备，高性价比之选。	273	17829
7154	大床房	大床房，配备舒适大床，温馨静谧，适合休闲度假。	443	17830
7155	大床房	大床房，配备舒适大床，温馨静谧，适合休闲度假。	417	17831
7155	标准间	标准间，简洁整洁，设施完备，高性价比之选。	181	17832
7156	大床房	大床房，配备舒适大床，温馨静谧，适合休闲度假。	390	17833
7156	行政套房	行政套房，空间宽敞，配套齐全，尊享舒适入住体验。	483	17834
7156	标准间	标准间，简洁整洁，设施完备，高性价比之选。	273	17835
7157	标准间	标准间，简洁整洁，设施完备，高性价比之选。	239	17836
7157	大床房	大床房，配备舒适大床，温馨静谧，适合休闲度假。	390	17837
7157	行政套房	行政套房，空间宽敞，配套齐全，尊享舒适入住体验。	758	17838
7158	标准间	标准间，简洁整洁，设施完备，高性价比之选。	265	17839
7158	大床房	大床房，配备舒适大床，温馨静谧，适合休闲度假。	298	17840
7158	行政套房	行政套房，空间宽敞，配套齐全，尊享舒适入住体验。	637	17841
7159	行政套房	行政套房，空间宽敞，配套齐全，尊享舒适入住体验。	739	17842
7159	标准间	标准间，简洁整洁，设施完备，高性价比之选。	283	17843
7160	行政套房	行政套房，空间宽敞，配套齐全，尊享舒适入住体验。	802	17844
7160	大床房	大床房，配备舒适大床，温馨静谧，适合休闲度假。	441	17845
7160	标准间	标准间，简洁整洁，设施完备，高性价比之选。	314	17846
7161	标准间	标准间，简洁整洁，设施完备，高性价比之选。	283	17847
7161	行政套房	行政套房，空间宽敞，配套齐全，尊享舒适入住体验。	542	17848
7161	大床房	大床房，配备舒适大床，温馨静谧，适合休闲度假。	387	17849
7162	大床房	大床房，配备舒适大床，温馨静谧，适合休闲度假。	474	17850
7162	标准间	标准间，简洁整洁，设施完备，高性价比之选。	219	17851
7162	行政套房	行政套房，空间宽敞，配套齐全，尊享舒适入住体验。	590	17852
7163	标准间	标准间，简洁整洁，设施完备，高性价比之选。	289	17853
7163	行政套房	行政套房，空间宽敞，配套齐全，尊享舒适入住体验。	513	17854
7164	大床房	大床房，配备舒适大床，温馨静谧，适合休闲度假。	275	17855
7164	行政套房	行政套房，空间宽敞，配套齐全，尊享舒适入住体验。	845	17856
7164	标准间	标准间，简洁整洁，设施完备，高性价比之选。	303	17857
7165	大床房	大床房，配备舒适大床，温馨静谧，适合休闲度假。	414	17858
7165	标准间	标准间，简洁整洁，设施完备，高性价比之选。	187	17859
7165	行政套房	行政套房，空间宽敞，配套齐全，尊享舒适入住体验。	756	17860
7166	行政套房	行政套房，空间宽敞，配套齐全，尊享舒适入住体验。	772	17861
7166	标准间	标准间，简洁整洁，设施完备，高性价比之选。	200	17862
7167	标准间	标准间，简洁整洁，设施完备，高性价比之选。	184	17863
7167	大床房	大床房，配备舒适大床，温馨静谧，适合休闲度假。	334	17864
7167	行政套房	行政套房，空间宽敞，配套齐全，尊享舒适入住体验。	572	17865
7168	大床房	大床房，配备舒适大床，温馨静谧，适合休闲度假。	389	17866
7168	行政套房	行政套房，空间宽敞，配套齐全，尊享舒适入住体验。	708	17867
7169	大床房	大床房，配备舒适大床，温馨静谧，适合休闲度假。	370	17868
7169	行政套房	行政套房，空间宽敞，配套齐全，尊享舒适入住体验。	651	17869
7170	大床房	大床房，配备舒适大床，温馨静谧，适合休闲度假。	332	17870
7170	标准间	标准间，简洁整洁，设施完备，高性价比之选。	293	17871
7170	行政套房	行政套房，空间宽敞，配套齐全，尊享舒适入住体验。	496	17872
7171	大床房	大床房，配备舒适大床，温馨静谧，适合休闲度假。	457	17873
7171	行政套房	行政套房，空间宽敞，配套齐全，尊享舒适入住体验。	508	17874
7171	标准间	标准间，简洁整洁，设施完备，高性价比之选。	242	17875
7172	标准间	标准间，简洁整洁，设施完备，高性价比之选。	180	17876
7172	行政套房	行政套房，空间宽敞，配套齐全，尊享舒适入住体验。	680	17877
7173	大床房	大床房，配备舒适大床，温馨静谧，适合休闲度假。	379	17878
7173	标准间	标准间，简洁整洁，设施完备，高性价比之选。	285	17879
7173	行政套房	行政套房，空间宽敞，配套齐全，尊享舒适入住体验。	868	17880
7174	标准间	标准间，简洁整洁，设施完备，高性价比之选。	186	17881
7174	大床房	大床房，配备舒适大床，温馨静谧，适合休闲度假。	438	17882
7175	行政套房	行政套房，空间宽敞，配套齐全，尊享舒适入住体验。	486	17883
7175	标准间	标准间，简洁整洁，设施完备，高性价比之选。	281	17884
7176	大床房	大床房，配备舒适大床，温馨静谧，适合休闲度假。	467	17885
7176	标准间	标准间，简洁整洁，设施完备，高性价比之选。	181	17886
7176	行政套房	行政套房，空间宽敞，配套齐全，尊享舒适入住体验。	604	17887
7177	标准间	标准间，简洁整洁，设施完备，高性价比之选。	188	17888
7177	大床房	大床房，配备舒适大床，温馨静谧，适合休闲度假。	400	17889
7177	行政套房	行政套房，空间宽敞，配套齐全，尊享舒适入住体验。	737	17890
7178	标准间	标准间，简洁整洁，设施完备，高性价比之选。	260	17891
7178	大床房	大床房，配备舒适大床，温馨静谧，适合休闲度假。	478	17892
7178	行政套房	行政套房，空间宽敞，配套齐全，尊享舒适入住体验。	638	17893
7179	行政套房	行政套房，空间宽敞，配套齐全，尊享舒适入住体验。	725	17894
7179	标准间	标准间，简洁整洁，设施完备，高性价比之选。	230	17895
7179	大床房	大床房，配备舒适大床，温馨静谧，适合休闲度假。	271	17896
7180	大床房	大床房，配备舒适大床，温馨静谧，适合休闲度假。	321	17897
7180	标准间	标准间，简洁整洁，设施完备，高性价比之选。	226	17898
7180	行政套房	行政套房，空间宽敞，配套齐全，尊享舒适入住体验。	662	17899
7181	标准间	标准间，简洁整洁，设施完备，高性价比之选。	209	17900
7181	行政套房	行政套房，空间宽敞，配套齐全，尊享舒适入住体验。	486	17901
7182	大床房	大床房，配备舒适大床，温馨静谧，适合休闲度假。	287	17902
7182	标准间	标准间，简洁整洁，设施完备，高性价比之选。	227	17903
7182	行政套房	行政套房，空间宽敞，配套齐全，尊享舒适入住体验。	798	17904
7183	大床房	大床房，配备舒适大床，温馨静谧，适合休闲度假。	444	17905
7183	行政套房	行政套房，空间宽敞，配套齐全，尊享舒适入住体验。	552	17906
7183	标准间	标准间，简洁整洁，设施完备，高性价比之选。	306	17907
7184	行政套房	行政套房，空间宽敞，配套齐全，尊享舒适入住体验。	742	17908
7184	大床房	大床房，配备舒适大床，温馨静谧，适合休闲度假。	290	17909
7185	标准间	标准间，简洁整洁，设施完备，高性价比之选。	215	17910
7185	大床房	大床房，配备舒适大床，温馨静谧，适合休闲度假。	315	17911
7185	行政套房	行政套房，空间宽敞，配套齐全，尊享舒适入住体验。	687	17912
7186	标准间	标准间，简洁整洁，设施完备，高性价比之选。	204	17913
7186	行政套房	行政套房，空间宽敞，配套齐全，尊享舒适入住体验。	779	17914
7186	大床房	大床房，配备舒适大床，温馨静谧，适合休闲度假。	404	17915
7187	行政套房	行政套房，空间宽敞，配套齐全，尊享舒适入住体验。	554	17916
7187	标准间	标准间，简洁整洁，设施完备，高性价比之选。	288	17917
7188	标准间	标准间，简洁整洁，设施完备，高性价比之选。	225	17918
7188	行政套房	行政套房，空间宽敞，配套齐全，尊享舒适入住体验。	719	17919
7188	大床房	大床房，配备舒适大床，温馨静谧，适合休闲度假。	327	17920
7189	标准间	标准间，简洁整洁，设施完备，高性价比之选。	186	17921
7189	大床房	大床房，配备舒适大床，温馨静谧，适合休闲度假。	459	17922
7190	标准间	标准间，简洁整洁，设施完备，高性价比之选。	200	17923
7190	行政套房	行政套房，空间宽敞，配套齐全，尊享舒适入住体验。	532	17924
7191	大床房	大床房，配备舒适大床，温馨静谧，适合休闲度假。	281	17925
7191	标准间	标准间，简洁整洁，设施完备，高性价比之选。	239	17926
7191	行政套房	行政套房，空间宽敞，配套齐全，尊享舒适入住体验。	564	17927
7192	大床房	大床房，配备舒适大床，温馨静谧，适合休闲度假。	295	17928
7192	标准间	标准间，简洁整洁，设施完备，高性价比之选。	202	17929
7193	标准间	标准间，简洁整洁，设施完备，高性价比之选。	279	17930
7193	大床房	大床房，配备舒适大床，温馨静谧，适合休闲度假。	433	17931
7193	行政套房	行政套房，空间宽敞，配套齐全，尊享舒适入住体验。	667	17932
7194	行政套房	行政套房，空间宽敞，配套齐全，尊享舒适入住体验。	574	17933
7194	标准间	标准间，简洁整洁，设施完备，高性价比之选。	238	17934
7195	标准间	标准间，简洁整洁，设施完备，高性价比之选。	185	17935
7195	大床房	大床房，配备舒适大床，温馨静谧，适合休闲度假。	300	17936
7195	行政套房	行政套房，空间宽敞，配套齐全，尊享舒适入住体验。	480	17937
7196	行政套房	行政套房，空间宽敞，配套齐全，尊享舒适入住体验。	868	17938
7196	标准间	标准间，简洁整洁，设施完备，高性价比之选。	280	17939
7196	大床房	大床房，配备舒适大床，温馨静谧，适合休闲度假。	273	17940
7197	行政套房	行政套房，空间宽敞，配套齐全，尊享舒适入住体验。	698	17941
7197	大床房	大床房，配备舒适大床，温馨静谧，适合休闲度假。	331	17942
7197	标准间	标准间，简洁整洁，设施完备，高性价比之选。	313	17943
7198	大床房	大床房，配备舒适大床，温馨静谧，适合休闲度假。	293	17944
7198	标准间	标准间，简洁整洁，设施完备，高性价比之选。	285	17945
7198	行政套房	行政套房，空间宽敞，配套齐全，尊享舒适入住体验。	699	17946
7199	行政套房	行政套房，空间宽敞，配套齐全，尊享舒适入住体验。	787	17947
7199	标准间	标准间，简洁整洁，设施完备，高性价比之选。	230	17948
7200	标准间	标准间，简洁整洁，设施完备，高性价比之选。	313	17949
7200	行政套房	行政套房，空间宽敞，配套齐全，尊享舒适入住体验。	740	17950
7200	大床房	大床房，配备舒适大床，温馨静谧，适合休闲度假。	465	17951
7201	大床房	大床房，配备舒适大床，温馨静谧，适合休闲度假。	438	17952
7201	标准间	标准间，简洁整洁，设施完备，高性价比之选。	262	17953
7202	行政套房	行政套房，空间宽敞，配套齐全，尊享舒适入住体验。	845	17954
7202	标准间	标准间，简洁整洁，设施完备，高性价比之选。	226	17955
7203	行政套房	行政套房，空间宽敞，配套齐全，尊享舒适入住体验。	744	17956
7203	大床房	大床房，配备舒适大床，温馨静谧，适合休闲度假。	451	17957
7203	标准间	标准间，简洁整洁，设施完备，高性价比之选。	277	17958
7204	大床房	大床房，配备舒适大床，温馨静谧，适合休闲度假。	352	17959
7204	行政套房	行政套房，空间宽敞，配套齐全，尊享舒适入住体验。	813	17960
7204	标准间	标准间，简洁整洁，设施完备，高性价比之选。	222	17961
7205	标准间	标准间，简洁整洁，设施完备，高性价比之选。	213	17962
7205	大床房	大床房，配备舒适大床，温馨静谧，适合休闲度假。	433	17963
7206	大床房	大床房，配备舒适大床，温馨静谧，适合休闲度假。	349	17964
7206	标准间	标准间，简洁整洁，设施完备，高性价比之选。	217	17965
7206	行政套房	行政套房，空间宽敞，配套齐全，尊享舒适入住体验。	631	17966
7207	行政套房	行政套房，空间宽敞，配套齐全，尊享舒适入住体验。	562	17967
7207	大床房	大床房，配备舒适大床，温馨静谧，适合休闲度假。	294	17968
7208	标准间	标准间，简洁整洁，设施完备，高性价比之选。	278	17969
7208	大床房	大床房，配备舒适大床，温馨静谧，适合休闲度假。	352	17970
7209	大床房	大床房，配备舒适大床，温馨静谧，适合休闲度假。	423	17971
7209	标准间	标准间，简洁整洁，设施完备，高性价比之选。	278	17972
7210	大床房	大床房，配备舒适大床，温馨静谧，适合休闲度假。	336	17973
7210	标准间	标准间，简洁整洁，设施完备，高性价比之选。	236	17974
7211	标准间	标准间，简洁整洁，设施完备，高性价比之选。	309	17975
7211	行政套房	行政套房，空间宽敞，配套齐全，尊享舒适入住体验。	490	17976
7211	大床房	大床房，配备舒适大床，温馨静谧，适合休闲度假。	425	17977
7212	标准间	标准间，简洁整洁，设施完备，高性价比之选。	312	17978
7212	行政套房	行政套房，空间宽敞，配套齐全，尊享舒适入住体验。	527	17979
7212	大床房	大床房，配备舒适大床，温馨静谧，适合休闲度假。	395	17980
7213	大床房	大床房，配备舒适大床，温馨静谧，适合休闲度假。	344	17981
7213	标准间	标准间，简洁整洁，设施完备，高性价比之选。	312	17982
7214	大床房	大床房，配备舒适大床，温馨静谧，适合休闲度假。	344	17983
7214	行政套房	行政套房，空间宽敞，配套齐全，尊享舒适入住体验。	660	17984
7215	标准间	标准间，简洁整洁，设施完备，高性价比之选。	288	17985
7215	大床房	大床房，配备舒适大床，温馨静谧，适合休闲度假。	292	17986
7216	标准间	标准间，简洁整洁，设施完备，高性价比之选。	241	17987
7216	大床房	大床房，配备舒适大床，温馨静谧，适合休闲度假。	344	17988
7217	行政套房	行政套房，空间宽敞，配套齐全，尊享舒适入住体验。	773	17989
7217	标准间	标准间，简洁整洁，设施完备，高性价比之选。	254	17990
7217	大床房	大床房，配备舒适大床，温馨静谧，适合休闲度假。	474	17991
7218	标准间	标准间，简洁整洁，设施完备，高性价比之选。	248	17992
7218	大床房	大床房，配备舒适大床，温馨静谧，适合休闲度假。	445	17993
7219	标准间	标准间，简洁整洁，设施完备，高性价比之选。	181	17994
7219	行政套房	行政套房，空间宽敞，配套齐全，尊享舒适入住体验。	649	17995
7219	大床房	大床房，配备舒适大床，温馨静谧，适合休闲度假。	429	17996
7220	大床房	大床房，配备舒适大床，温馨静谧，适合休闲度假。	416	17997
7220	行政套房	行政套房，空间宽敞，配套齐全，尊享舒适入住体验。	846	17998
7220	标准间	标准间，简洁整洁，设施完备，高性价比之选。	183	17999
7221	标准间	标准间，简洁整洁，设施完备，高性价比之选。	274	18000
7221	行政套房	行政套房，空间宽敞，配套齐全，尊享舒适入住体验。	698	18001
7222	大床房	大床房，配备舒适大床，温馨静谧，适合休闲度假。	278	18002
7222	标准间	标准间，简洁整洁，设施完备，高性价比之选。	234	18003
7223	行政套房	行政套房，空间宽敞，配套齐全，尊享舒适入住体验。	642	18004
7223	大床房	大床房，配备舒适大床，温馨静谧，适合休闲度假。	364	18005
7224	行政套房	行政套房，空间宽敞，配套齐全，尊享舒适入住体验。	794	18006
7224	标准间	标准间，简洁整洁，设施完备，高性价比之选。	180	18007
7224	大床房	大床房，配备舒适大床，温馨静谧，适合休闲度假。	303	18008
7225	行政套房	行政套房，空间宽敞，配套齐全，尊享舒适入住体验。	724	18009
7225	大床房	大床房，配备舒适大床，温馨静谧，适合休闲度假。	421	18010
7225	标准间	标准间，简洁整洁，设施完备，高性价比之选。	202	18011
7226	大床房	大床房，配备舒适大床，温馨静谧，适合休闲度假。	333	18012
7226	标准间	标准间，简洁整洁，设施完备，高性价比之选。	278	18013
7227	行政套房	行政套房，空间宽敞，配套齐全，尊享舒适入住体验。	831	18014
7227	大床房	大床房，配备舒适大床，温馨静谧，适合休闲度假。	392	18015
7228	标准间	标准间，简洁整洁，设施完备，高性价比之选。	304	18016
7228	大床房	大床房，配备舒适大床，温馨静谧，适合休闲度假。	390	18017
7229	大床房	大床房，配备舒适大床，温馨静谧，适合休闲度假。	389	18018
7229	标准间	标准间，简洁整洁，设施完备，高性价比之选。	318	18019
7230	行政套房	行政套房，空间宽敞，配套齐全，尊享舒适入住体验。	729	18020
7230	大床房	大床房，配备舒适大床，温馨静谧，适合休闲度假。	376	18021
7230	标准间	标准间，简洁整洁，设施完备，高性价比之选。	242	18022
7231	标准间	标准间，简洁整洁，设施完备，高性价比之选。	210	18023
7231	大床房	大床房，配备舒适大床，温馨静谧，适合休闲度假。	425	18024
7232	行政套房	行政套房，空间宽敞，配套齐全，尊享舒适入住体验。	485	18025
7232	大床房	大床房，配备舒适大床，温馨静谧，适合休闲度假。	310	18026
7233	行政套房	行政套房，空间宽敞，配套齐全，尊享舒适入住体验。	683	18027
7233	标准间	标准间，简洁整洁，设施完备，高性价比之选。	304	18028
7234	标准间	标准间，简洁整洁，设施完备，高性价比之选。	220	18029
7234	大床房	大床房，配备舒适大床，温馨静谧，适合休闲度假。	302	18030
7234	行政套房	行政套房，空间宽敞，配套齐全，尊享舒适入住体验。	692	18031
7235	大床房	大床房，配备舒适大床，温馨静谧，适合休闲度假。	474	18032
7235	标准间	标准间，简洁整洁，设施完备，高性价比之选。	315	18033
7235	行政套房	行政套房，空间宽敞，配套齐全，尊享舒适入住体验。	753	18034
7236	标准间	标准间，简洁整洁，设施完备，高性价比之选。	209	18035
7236	行政套房	行政套房，空间宽敞，配套齐全，尊享舒适入住体验。	645	18036
7237	行政套房	行政套房，空间宽敞，配套齐全，尊享舒适入住体验。	782	18037
7237	标准间	标准间，简洁整洁，设施完备，高性价比之选。	208	18038
7238	大床房	大床房，配备舒适大床，温馨静谧，适合休闲度假。	272	18039
7238	行政套房	行政套房，空间宽敞，配套齐全，尊享舒适入住体验。	851	18040
7239	行政套房	行政套房，空间宽敞，配套齐全，尊享舒适入住体验。	693	18041
7239	标准间	标准间，简洁整洁，设施完备，高性价比之选。	319	18042
7239	大床房	大床房，配备舒适大床，温馨静谧，适合休闲度假。	380	18043
7240	行政套房	行政套房，空间宽敞，配套齐全，尊享舒适入住体验。	671	18044
7240	大床房	大床房，配备舒适大床，温馨静谧，适合休闲度假。	326	18045
7240	标准间	标准间，简洁整洁，设施完备，高性价比之选。	252	18046
7241	标准间	标准间，简洁整洁，设施完备，高性价比之选。	188	18047
7241	行政套房	行政套房，空间宽敞，配套齐全，尊享舒适入住体验。	790	18048
7241	大床房	大床房，配备舒适大床，温馨静谧，适合休闲度假。	260	18049
7242	行政套房	行政套房，空间宽敞，配套齐全，尊享舒适入住体验。	674	18050
7242	大床房	大床房，配备舒适大床，温馨静谧，适合休闲度假。	355	18051
7242	标准间	标准间，简洁整洁，设施完备，高性价比之选。	184	18052
7243	大床房	大床房，配备舒适大床，温馨静谧，适合休闲度假。	446	18053
7243	标准间	标准间，简洁整洁，设施完备，高性价比之选。	238	18054
7243	行政套房	行政套房，空间宽敞，配套齐全，尊享舒适入住体验。	868	18055
7244	标准间	标准间，简洁整洁，设施完备，高性价比之选。	295	18056
7244	大床房	大床房，配备舒适大床，温馨静谧，适合休闲度假。	446	18057
7245	大床房	大床房，配备舒适大床，温馨静谧，适合休闲度假。	269	18058
7245	行政套房	行政套房，空间宽敞，配套齐全，尊享舒适入住体验。	702	18059
7246	大床房	大床房，配备舒适大床，温馨静谧，适合休闲度假。	439	18060
7246	标准间	标准间，简洁整洁，设施完备，高性价比之选。	202	18061
7247	行政套房	行政套房，空间宽敞，配套齐全，尊享舒适入住体验。	561	18062
7247	大床房	大床房，配备舒适大床，温馨静谧，适合休闲度假。	297	18063
7247	标准间	标准间，简洁整洁，设施完备，高性价比之选。	221	18064
7248	标准间	标准间，简洁整洁，设施完备，高性价比之选。	202	18065
7248	行政套房	行政套房，空间宽敞，配套齐全，尊享舒适入住体验。	555	18066
7249	行政套房	行政套房，空间宽敞，配套齐全，尊享舒适入住体验。	844	18067
7249	大床房	大床房，配备舒适大床，温馨静谧，适合休闲度假。	357	18068
7250	大床房	大床房，配备舒适大床，温馨静谧，适合休闲度假。	394	18069
7250	标准间	标准间，简洁整洁，设施完备，高性价比之选。	281	18070
7251	行政套房	行政套房，空间宽敞，配套齐全，尊享舒适入住体验。	498	18071
7251	大床房	大床房，配备舒适大床，温馨静谧，适合休闲度假。	260	18072
7251	标准间	标准间，简洁整洁，设施完备，高性价比之选。	247	18073
7252	行政套房	行政套房，空间宽敞，配套齐全，尊享舒适入住体验。	578	18074
7252	标准间	标准间，简洁整洁，设施完备，高性价比之选。	317	18075
7252	大床房	大床房，配备舒适大床，温馨静谧，适合休闲度假。	474	18076
7253	行政套房	行政套房，空间宽敞，配套齐全，尊享舒适入住体验。	542	18077
7253	大床房	大床房，配备舒适大床，温馨静谧，适合休闲度假。	332	18078
7254	行政套房	行政套房，空间宽敞，配套齐全，尊享舒适入住体验。	693	18079
7254	大床房	大床房，配备舒适大床，温馨静谧，适合休闲度假。	427	18080
7254	标准间	标准间，简洁整洁，设施完备，高性价比之选。	197	18081
7255	行政套房	行政套房，空间宽敞，配套齐全，尊享舒适入住体验。	553	18082
7255	大床房	大床房，配备舒适大床，温馨静谧，适合休闲度假。	380	18083
7256	标准间	标准间，简洁整洁，设施完备，高性价比之选。	187	18084
7256	行政套房	行政套房，空间宽敞，配套齐全，尊享舒适入住体验。	864	18085
7256	大床房	大床房，配备舒适大床，温馨静谧，适合休闲度假。	433	18086
7257	大床房	大床房，配备舒适大床，温馨静谧，适合休闲度假。	322	18087
7257	行政套房	行政套房，空间宽敞，配套齐全，尊享舒适入住体验。	777	18088
7257	标准间	标准间，简洁整洁，设施完备，高性价比之选。	315	18089
7258	行政套房	行政套房，空间宽敞，配套齐全，尊享舒适入住体验。	578	18090
7258	大床房	大床房，配备舒适大床，温馨静谧，适合休闲度假。	425	18091
7258	标准间	标准间，简洁整洁，设施完备，高性价比之选。	234	18092
7259	行政套房	行政套房，空间宽敞，配套齐全，尊享舒适入住体验。	509	18093
7259	标准间	标准间，简洁整洁，设施完备，高性价比之选。	257	18094
7259	大床房	大床房，配备舒适大床，温馨静谧，适合休闲度假。	429	18095
7260	标准间	标准间，简洁整洁，设施完备，高性价比之选。	273	18096
7260	行政套房	行政套房，空间宽敞，配套齐全，尊享舒适入住体验。	559	18097
7261	标准间	标准间，简洁整洁，设施完备，高性价比之选。	319	18098
7261	大床房	大床房，配备舒适大床，温馨静谧，适合休闲度假。	314	18099
7262	标准间	标准间，简洁整洁，设施完备，高性价比之选。	226	18100
7262	大床房	大床房，配备舒适大床，温馨静谧，适合休闲度假。	454	18101
7262	行政套房	行政套房，空间宽敞，配套齐全，尊享舒适入住体验。	502	18102
7263	标准间	标准间，简洁整洁，设施完备，高性价比之选。	259	18103
7263	大床房	大床房，配备舒适大床，温馨静谧，适合休闲度假。	262	18104
7264	大床房	大床房，配备舒适大床，温馨静谧，适合休闲度假。	285	18105
7264	标准间	标准间，简洁整洁，设施完备，高性价比之选。	238	18106
7264	行政套房	行政套房，空间宽敞，配套齐全，尊享舒适入住体验。	584	18107
7265	行政套房	行政套房，空间宽敞，配套齐全，尊享舒适入住体验。	832	18108
7265	大床房	大床房，配备舒适大床，温馨静谧，适合休闲度假。	376	18109
7265	标准间	标准间，简洁整洁，设施完备，高性价比之选。	246	18110
7266	行政套房	行政套房，空间宽敞，配套齐全，尊享舒适入住体验。	676	18111
7266	大床房	大床房，配备舒适大床，温馨静谧，适合休闲度假。	459	18112
7266	标准间	标准间，简洁整洁，设施完备，高性价比之选。	214	18113
7267	大床房	大床房，配备舒适大床，温馨静谧，适合休闲度假。	422	18114
7267	标准间	标准间，简洁整洁，设施完备，高性价比之选。	221	18115
7267	行政套房	行政套房，空间宽敞，配套齐全，尊享舒适入住体验。	796	18116
7268	标准间	标准间，简洁整洁，设施完备，高性价比之选。	258	18117
7268	大床房	大床房，配备舒适大床，温馨静谧，适合休闲度假。	478	18118
7268	行政套房	行政套房，空间宽敞，配套齐全，尊享舒适入住体验。	495	18119
7269	大床房	大床房，配备舒适大床，温馨静谧，适合休闲度假。	331	18120
7269	标准间	标准间，简洁整洁，设施完备，高性价比之选。	281	18121
7270	行政套房	行政套房，空间宽敞，配套齐全，尊享舒适入住体验。	853	18122
7270	标准间	标准间，简洁整洁，设施完备，高性价比之选。	208	18123
7270	大床房	大床房，配备舒适大床，温馨静谧，适合休闲度假。	340	18124
7271	标准间	标准间，简洁整洁，设施完备，高性价比之选。	269	18125
7271	大床房	大床房，配备舒适大床，温馨静谧，适合休闲度假。	324	18126
7271	行政套房	行政套房，空间宽敞，配套齐全，尊享舒适入住体验。	653	18127
7272	大床房	大床房，配备舒适大床，温馨静谧，适合休闲度假。	341	18128
7272	标准间	标准间，简洁整洁，设施完备，高性价比之选。	197	18129
7273	行政套房	行政套房，空间宽敞，配套齐全，尊享舒适入住体验。	689	18130
7273	大床房	大床房，配备舒适大床，温馨静谧，适合休闲度假。	388	18131
7274	标准间	标准间，简洁整洁，设施完备，高性价比之选。	295	18132
7274	大床房	大床房，配备舒适大床，温馨静谧，适合休闲度假。	284	18133
7275	行政套房	行政套房，空间宽敞，配套齐全，尊享舒适入住体验。	719	18134
7275	大床房	大床房，配备舒适大床，温馨静谧，适合休闲度假。	265	18135
7275	标准间	标准间，简洁整洁，设施完备，高性价比之选。	187	18136
7276	行政套房	行政套房，空间宽敞，配套齐全，尊享舒适入住体验。	486	18137
7276	大床房	大床房，配备舒适大床，温馨静谧，适合休闲度假。	390	18138
7277	标准间	标准间，简洁整洁，设施完备，高性价比之选。	220	18139
7277	行政套房	行政套房，空间宽敞，配套齐全，尊享舒适入住体验。	592	18140
7277	大床房	大床房，配备舒适大床，温馨静谧，适合休闲度假。	398	18141
7278	大床房	大床房，配备舒适大床，温馨静谧，适合休闲度假。	421	18142
7278	行政套房	行政套房，空间宽敞，配套齐全，尊享舒适入住体验。	612	18143
7278	标准间	标准间，简洁整洁，设施完备，高性价比之选。	249	18144
7279	标准间	标准间，简洁整洁，设施完备，高性价比之选。	264	18145
7279	行政套房	行政套房，空间宽敞，配套齐全，尊享舒适入住体验。	877	18146
7280	大床房	大床房，配备舒适大床，温馨静谧，适合休闲度假。	437	18147
7280	标准间	标准间，简洁整洁，设施完备，高性价比之选。	202	18148
7281	标准间	标准间，简洁整洁，设施完备，高性价比之选。	275	18149
7281	大床房	大床房，配备舒适大床，温馨静谧，适合休闲度假。	456	18150
7281	行政套房	行政套房，空间宽敞，配套齐全，尊享舒适入住体验。	855	18151
7282	大床房	大床房，配备舒适大床，温馨静谧，适合休闲度假。	479	18152
7282	标准间	标准间，简洁整洁，设施完备，高性价比之选。	270	18153
7283	标准间	标准间，简洁整洁，设施完备，高性价比之选。	291	18154
7283	大床房	大床房，配备舒适大床，温馨静谧，适合休闲度假。	275	18155
7283	行政套房	行政套房，空间宽敞，配套齐全，尊享舒适入住体验。	582	18156
7284	行政套房	行政套房，空间宽敞，配套齐全，尊享舒适入住体验。	577	18157
7284	大床房	大床房，配备舒适大床，温馨静谧，适合休闲度假。	450	18158
7284	标准间	标准间，简洁整洁，设施完备，高性价比之选。	188	18159
7285	行政套房	行政套房，空间宽敞，配套齐全，尊享舒适入住体验。	545	18160
7285	标准间	标准间，简洁整洁，设施完备，高性价比之选。	196	18161
7286	大床房	大床房，配备舒适大床，温馨静谧，适合休闲度假。	318	18162
7286	行政套房	行政套房，空间宽敞，配套齐全，尊享舒适入住体验。	685	18163
7286	标准间	标准间，简洁整洁，设施完备，高性价比之选。	236	18164
7287	行政套房	行政套房，空间宽敞，配套齐全，尊享舒适入住体验。	527	18165
7287	标准间	标准间，简洁整洁，设施完备，高性价比之选。	248	18166
7288	大床房	大床房，配备舒适大床，温馨静谧，适合休闲度假。	268	18167
7288	标准间	标准间，简洁整洁，设施完备，高性价比之选。	243	18168
7288	行政套房	行政套房，空间宽敞，配套齐全，尊享舒适入住体验。	585	18169
7289	大床房	大床房，配备舒适大床，温馨静谧，适合休闲度假。	368	18170
7289	标准间	标准间，简洁整洁，设施完备，高性价比之选。	278	18171
7289	行政套房	行政套房，空间宽敞，配套齐全，尊享舒适入住体验。	623	18172
7290	大床房	大床房，配备舒适大床，温馨静谧，适合休闲度假。	448	18173
7290	标准间	标准间，简洁整洁，设施完备，高性价比之选。	241	18174
7290	行政套房	行政套房，空间宽敞，配套齐全，尊享舒适入住体验。	868	18175
7291	大床房	大床房，配备舒适大床，温馨静谧，适合休闲度假。	326	18176
7291	行政套房	行政套房，空间宽敞，配套齐全，尊享舒适入住体验。	847	18177
7291	标准间	标准间，简洁整洁，设施完备，高性价比之选。	291	18178
7292	大床房	大床房，配备舒适大床，温馨静谧，适合休闲度假。	380	18179
7292	行政套房	行政套房，空间宽敞，配套齐全，尊享舒适入住体验。	740	18180
7292	标准间	标准间，简洁整洁，设施完备，高性价比之选。	305	18181
7293	行政套房	行政套房，空间宽敞，配套齐全，尊享舒适入住体验。	833	18182
7293	标准间	标准间，简洁整洁，设施完备，高性价比之选。	314	18183
7294	标准间	标准间，简洁整洁，设施完备，高性价比之选。	216	18184
7294	大床房	大床房，配备舒适大床，温馨静谧，适合休闲度假。	459	18185
7295	行政套房	行政套房，空间宽敞，配套齐全，尊享舒适入住体验。	746	18186
7295	大床房	大床房，配备舒适大床，温馨静谧，适合休闲度假。	352	18187
7295	标准间	标准间，简洁整洁，设施完备，高性价比之选。	240	18188
7296	行政套房	行政套房，空间宽敞，配套齐全，尊享舒适入住体验。	511	18189
7296	标准间	标准间，简洁整洁，设施完备，高性价比之选。	251	18190
7297	大床房	大床房，配备舒适大床，温馨静谧，适合休闲度假。	383	18191
7297	行政套房	行政套房，空间宽敞，配套齐全，尊享舒适入住体验。	621	18192
7297	标准间	标准间，简洁整洁，设施完备，高性价比之选。	311	18193
7298	标准间	标准间，简洁整洁，设施完备，高性价比之选。	291	18194
7298	行政套房	行政套房，空间宽敞，配套齐全，尊享舒适入住体验。	816	18195
7298	大床房	大床房，配备舒适大床，温馨静谧，适合休闲度假。	458	18196
7299	行政套房	行政套房，空间宽敞，配套齐全，尊享舒适入住体验。	489	18197
7299	标准间	标准间，简洁整洁，设施完备，高性价比之选。	230	18198
7299	大床房	大床房，配备舒适大床，温馨静谧，适合休闲度假。	395	18199
7300	行政套房	行政套房，空间宽敞，配套齐全，尊享舒适入住体验。	666	18200
7300	标准间	标准间，简洁整洁，设施完备，高性价比之选。	269	18201
7301	行政套房	行政套房，空间宽敞，配套齐全，尊享舒适入住体验。	528	18202
7301	大床房	大床房，配备舒适大床，温馨静谧，适合休闲度假。	439	18203
7301	标准间	标准间，简洁整洁，设施完备，高性价比之选。	295	18204
7302	行政套房	行政套房，空间宽敞，配套齐全，尊享舒适入住体验。	555	18205
7302	标准间	标准间，简洁整洁，设施完备，高性价比之选。	298	18206
7303	标准间	标准间，简洁整洁，设施完备，高性价比之选。	217	18207
7303	大床房	大床房，配备舒适大床，温馨静谧，适合休闲度假。	295	18208
7304	行政套房	行政套房，空间宽敞，配套齐全，尊享舒适入住体验。	780	18209
7304	大床房	大床房，配备舒适大床，温馨静谧，适合休闲度假。	306	18210
7304	标准间	标准间，简洁整洁，设施完备，高性价比之选。	180	18211
7305	大床房	大床房，配备舒适大床，温馨静谧，适合休闲度假。	332	18212
7305	行政套房	行政套房，空间宽敞，配套齐全，尊享舒适入住体验。	828	18213
7306	行政套房	行政套房，空间宽敞，配套齐全，尊享舒适入住体验。	672	18214
7306	标准间	标准间，简洁整洁，设施完备，高性价比之选。	246	18215
7307	行政套房	行政套房，空间宽敞，配套齐全，尊享舒适入住体验。	578	18216
7307	大床房	大床房，配备舒适大床，温馨静谧，适合休闲度假。	457	18217
7307	标准间	标准间，简洁整洁，设施完备，高性价比之选。	245	18218
7308	标准间	标准间，简洁整洁，设施完备，高性价比之选。	269	18219
7308	行政套房	行政套房，空间宽敞，配套齐全，尊享舒适入住体验。	754	18220
7309	行政套房	行政套房，空间宽敞，配套齐全，尊享舒适入住体验。	683	18221
7309	大床房	大床房，配备舒适大床，温馨静谧，适合休闲度假。	438	18222
7309	标准间	标准间，简洁整洁，设施完备，高性价比之选。	240	18223
7310	行政套房	行政套房，空间宽敞，配套齐全，尊享舒适入住体验。	851	18224
7310	大床房	大床房，配备舒适大床，温馨静谧，适合休闲度假。	310	18225
7311	行政套房	行政套房，空间宽敞，配套齐全，尊享舒适入住体验。	852	18226
7311	大床房	大床房，配备舒适大床，温馨静谧，适合休闲度假。	264	18227
7312	大床房	大床房，配备舒适大床，温馨静谧，适合休闲度假。	308	18228
7312	行政套房	行政套房，空间宽敞，配套齐全，尊享舒适入住体验。	759	18229
7313	行政套房	行政套房，空间宽敞，配套齐全，尊享舒适入住体验。	842	18230
7313	大床房	大床房，配备舒适大床，温馨静谧，适合休闲度假。	413	18231
7313	标准间	标准间，简洁整洁，设施完备，高性价比之选。	277	18232
7314	行政套房	行政套房，空间宽敞，配套齐全，尊享舒适入住体验。	646	18233
7314	标准间	标准间，简洁整洁，设施完备，高性价比之选。	210	18234
7315	行政套房	行政套房，空间宽敞，配套齐全，尊享舒适入住体验。	845	18235
7315	标准间	标准间，简洁整洁，设施完备，高性价比之选。	221	18236
7315	大床房	大床房，配备舒适大床，温馨静谧，适合休闲度假。	298	18237
7316	行政套房	行政套房，空间宽敞，配套齐全，尊享舒适入住体验。	732	18238
7316	标准间	标准间，简洁整洁，设施完备，高性价比之选。	189	18239
7316	大床房	大床房，配备舒适大床，温馨静谧，适合休闲度假。	261	18240
7317	大床房	大床房，配备舒适大床，温馨静谧，适合休闲度假。	412	18241
7317	行政套房	行政套房，空间宽敞，配套齐全，尊享舒适入住体验。	840	18242
7318	行政套房	行政套房，空间宽敞，配套齐全，尊享舒适入住体验。	589	18243
7318	标准间	标准间，简洁整洁，设施完备，高性价比之选。	232	18244
7319	行政套房	行政套房，空间宽敞，配套齐全，尊享舒适入住体验。	795	18245
7319	大床房	大床房，配备舒适大床，温馨静谧，适合休闲度假。	329	18246
7319	标准间	标准间，简洁整洁，设施完备，高性价比之选。	271	18247
7320	大床房	大床房，配备舒适大床，温馨静谧，适合休闲度假。	430	18248
7320	行政套房	行政套房，空间宽敞，配套齐全，尊享舒适入住体验。	767	18249
7320	标准间	标准间，简洁整洁，设施完备，高性价比之选。	204	18250
7321	标准间	标准间，简洁整洁，设施完备，高性价比之选。	306	18251
7321	行政套房	行政套房，空间宽敞，配套齐全，尊享舒适入住体验。	880	18252
7322	大床房	大床房，配备舒适大床，温馨静谧，适合休闲度假。	262	18253
7322	行政套房	行政套房，空间宽敞，配套齐全，尊享舒适入住体验。	679	18254
7322	标准间	标准间，简洁整洁，设施完备，高性价比之选。	283	18255
7323	大床房	大床房，配备舒适大床，温馨静谧，适合休闲度假。	440	18256
7323	标准间	标准间，简洁整洁，设施完备，高性价比之选。	263	18257
7323	行政套房	行政套房，空间宽敞，配套齐全，尊享舒适入住体验。	683	18258
7324	大床房	大床房，配备舒适大床，温馨静谧，适合休闲度假。	459	18259
7324	标准间	标准间，简洁整洁，设施完备，高性价比之选。	281	18260
7324	行政套房	行政套房，空间宽敞，配套齐全，尊享舒适入住体验。	751	18261
7325	大床房	大床房，配备舒适大床，温馨静谧，适合休闲度假。	339	18262
7325	标准间	标准间，简洁整洁，设施完备，高性价比之选。	273	18263
7326	行政套房	行政套房，空间宽敞，配套齐全，尊享舒适入住体验。	793	18264
7326	标准间	标准间，简洁整洁，设施完备，高性价比之选。	199	18265
7326	大床房	大床房，配备舒适大床，温馨静谧，适合休闲度假。	412	18266
7327	标准间	标准间，简洁整洁，设施完备，高性价比之选。	191	18267
7327	行政套房	行政套房，空间宽敞，配套齐全，尊享舒适入住体验。	546	18268
7327	大床房	大床房，配备舒适大床，温馨静谧，适合休闲度假。	379	18269
7328	标准间	标准间，简洁整洁，设施完备，高性价比之选。	266	18270
7328	大床房	大床房，配备舒适大床，温馨静谧，适合休闲度假。	298	18271
7328	行政套房	行政套房，空间宽敞，配套齐全，尊享舒适入住体验。	692	18272
7329	行政套房	行政套房，空间宽敞，配套齐全，尊享舒适入住体验。	485	18273
7329	标准间	标准间，简洁整洁，设施完备，高性价比之选。	316	18274
7329	大床房	大床房，配备舒适大床，温馨静谧，适合休闲度假。	356	18275
7330	大床房	大床房，配备舒适大床，温馨静谧，适合休闲度假。	349	18276
7330	标准间	标准间，简洁整洁，设施完备，高性价比之选。	263	18277
7330	行政套房	行政套房，空间宽敞，配套齐全，尊享舒适入住体验。	602	18278
7331	大床房	大床房，配备舒适大床，温馨静谧，适合休闲度假。	463	18279
7331	标准间	标准间，简洁整洁，设施完备，高性价比之选。	221	18280
7332	大床房	大床房，配备舒适大床，温馨静谧，适合休闲度假。	355	18281
7332	标准间	标准间，简洁整洁，设施完备，高性价比之选。	208	18282
7333	标准间	标准间，简洁整洁，设施完备，高性价比之选。	208	18283
7333	行政套房	行政套房，空间宽敞，配套齐全，尊享舒适入住体验。	496	18284
7334	大床房	大床房，配备舒适大床，温馨静谧，适合休闲度假。	386	18285
7334	标准间	标准间，简洁整洁，设施完备，高性价比之选。	267	18286
7335	行政套房	行政套房，空间宽敞，配套齐全，尊享舒适入住体验。	832	18287
7335	大床房	大床房，配备舒适大床，温馨静谧，适合休闲度假。	265	18288
7335	标准间	标准间，简洁整洁，设施完备，高性价比之选。	263	18289
7336	大床房	大床房，配备舒适大床，温馨静谧，适合休闲度假。	331	18290
7336	标准间	标准间，简洁整洁，设施完备，高性价比之选。	266	18291
7337	行政套房	行政套房，空间宽敞，配套齐全，尊享舒适入住体验。	618	18292
7337	大床房	大床房，配备舒适大床，温馨静谧，适合休闲度假。	417	18293
7337	标准间	标准间，简洁整洁，设施完备，高性价比之选。	256	18294
7338	大床房	大床房，配备舒适大床，温馨静谧，适合休闲度假。	477	18295
7338	标准间	标准间，简洁整洁，设施完备，高性价比之选。	271	18296
7339	标准间	标准间，简洁整洁，设施完备，高性价比之选。	277	18297
7339	行政套房	行政套房，空间宽敞，配套齐全，尊享舒适入住体验。	615	18298
7340	行政套房	行政套房，空间宽敞，配套齐全，尊享舒适入住体验。	848	18299
7340	大床房	大床房，配备舒适大床，温馨静谧，适合休闲度假。	425	18300
7341	标准间	标准间，简洁整洁，设施完备，高性价比之选。	199	18301
7341	大床房	大床房，配备舒适大床，温馨静谧，适合休闲度假。	406	18302
7341	行政套房	行政套房，空间宽敞，配套齐全，尊享舒适入住体验。	486	18303
7342	大床房	大床房，配备舒适大床，温馨静谧，适合休闲度假。	331	18304
7342	标准间	标准间，简洁整洁，设施完备，高性价比之选。	247	18305
7342	行政套房	行政套房，空间宽敞，配套齐全，尊享舒适入住体验。	686	18306
7343	行政套房	行政套房，空间宽敞，配套齐全，尊享舒适入住体验。	525	18307
7343	大床房	大床房，配备舒适大床，温馨静谧，适合休闲度假。	298	18308
7344	行政套房	行政套房，空间宽敞，配套齐全，尊享舒适入住体验。	495	18309
7344	标准间	标准间，简洁整洁，设施完备，高性价比之选。	184	18310
7345	大床房	大床房，配备舒适大床，温馨静谧，适合休闲度假。	418	18311
7345	行政套房	行政套房，空间宽敞，配套齐全，尊享舒适入住体验。	715	18312
7346	大床房	大床房，配备舒适大床，温馨静谧，适合休闲度假。	465	18313
7346	行政套房	行政套房，空间宽敞，配套齐全，尊享舒适入住体验。	531	18314
7346	标准间	标准间，简洁整洁，设施完备，高性价比之选。	274	18315
7347	行政套房	行政套房，空间宽敞，配套齐全，尊享舒适入住体验。	751	18316
7347	大床房	大床房，配备舒适大床，温馨静谧，适合休闲度假。	409	18317
7347	标准间	标准间，简洁整洁，设施完备，高性价比之选。	306	18318
7348	标准间	标准间，简洁整洁，设施完备，高性价比之选。	255	18319
7348	大床房	大床房，配备舒适大床，温馨静谧，适合休闲度假。	358	18320
7349	标准间	标准间，简洁整洁，设施完备，高性价比之选。	315	18321
7349	大床房	大床房，配备舒适大床，温馨静谧，适合休闲度假。	413	18322
7349	行政套房	行政套房，空间宽敞，配套齐全，尊享舒适入住体验。	644	18323
7350	标准间	标准间，简洁整洁，设施完备，高性价比之选。	237	18324
7350	大床房	大床房，配备舒适大床，温馨静谧，适合休闲度假。	465	18325
7350	行政套房	行政套房，空间宽敞，配套齐全，尊享舒适入住体验。	516	18326
7351	大床房	大床房，配备舒适大床，温馨静谧，适合休闲度假。	333	18327
7351	标准间	标准间，简洁整洁，设施完备，高性价比之选。	315	18328
7351	行政套房	行政套房，空间宽敞，配套齐全，尊享舒适入住体验。	609	18329
7352	行政套房	行政套房，空间宽敞，配套齐全，尊享舒适入住体验。	867	18330
7352	大床房	大床房，配备舒适大床，温馨静谧，适合休闲度假。	380	18331
7353	行政套房	行政套房，空间宽敞，配套齐全，尊享舒适入住体验。	638	18332
7353	标准间	标准间，简洁整洁，设施完备，高性价比之选。	316	18333
7354	标准间	标准间，简洁整洁，设施完备，高性价比之选。	287	18334
7354	大床房	大床房，配备舒适大床，温馨静谧，适合休闲度假。	346	18335
7354	行政套房	行政套房，空间宽敞，配套齐全，尊享舒适入住体验。	861	18336
7355	标准间	标准间，简洁整洁，设施完备，高性价比之选。	286	18337
7355	大床房	大床房，配备舒适大床，温馨静谧，适合休闲度假。	324	18338
7355	行政套房	行政套房，空间宽敞，配套齐全，尊享舒适入住体验。	559	18339
7356	行政套房	行政套房，空间宽敞，配套齐全，尊享舒适入住体验。	627	18340
7356	大床房	大床房，配备舒适大床，温馨静谧，适合休闲度假。	389	18341
7356	标准间	标准间，简洁整洁，设施完备，高性价比之选。	190	18342
7357	标准间	标准间，简洁整洁，设施完备，高性价比之选。	271	18343
7357	行政套房	行政套房，空间宽敞，配套齐全，尊享舒适入住体验。	548	18344
7357	大床房	大床房，配备舒适大床，温馨静谧，适合休闲度假。	367	18345
7358	标准间	标准间，简洁整洁，设施完备，高性价比之选。	293	18346
7358	大床房	大床房，配备舒适大床，温馨静谧，适合休闲度假。	261	18347
7359	大床房	大床房，配备舒适大床，温馨静谧，适合休闲度假。	470	18348
7359	标准间	标准间，简洁整洁，设施完备，高性价比之选。	259	18349
7360	行政套房	行政套房，空间宽敞，配套齐全，尊享舒适入住体验。	821	18350
7360	标准间	标准间，简洁整洁，设施完备，高性价比之选。	192	18351
7360	大床房	大床房，配备舒适大床，温馨静谧，适合休闲度假。	452	18352
7361	标准间	标准间，简洁整洁，设施完备，高性价比之选。	298	18353
7361	行政套房	行政套房，空间宽敞，配套齐全，尊享舒适入住体验。	760	18354
7362	标准间	标准间，简洁整洁，设施完备，高性价比之选。	182	18355
7362	行政套房	行政套房，空间宽敞，配套齐全，尊享舒适入住体验。	615	18356
7363	大床房	大床房，配备舒适大床，温馨静谧，适合休闲度假。	336	18357
7363	行政套房	行政套房，空间宽敞，配套齐全，尊享舒适入住体验。	681	18358
7363	标准间	标准间，简洁整洁，设施完备，高性价比之选。	201	18359
7364	行政套房	行政套房，空间宽敞，配套齐全，尊享舒适入住体验。	705	18360
7364	大床房	大床房，配备舒适大床，温馨静谧，适合休闲度假。	273	18361
7365	大床房	大床房，配备舒适大床，温馨静谧，适合休闲度假。	370	18362
7365	标准间	标准间，简洁整洁，设施完备，高性价比之选。	283	18363
7366	标准间	标准间，简洁整洁，设施完备，高性价比之选。	194	18364
7366	行政套房	行政套房，空间宽敞，配套齐全，尊享舒适入住体验。	825	18365
7367	标准间	标准间，简洁整洁，设施完备，高性价比之选。	279	18366
7367	大床房	大床房，配备舒适大床，温馨静谧，适合休闲度假。	436	18367
7368	大床房	大床房，配备舒适大床，温馨静谧，适合休闲度假。	356	18368
7368	行政套房	行政套房，空间宽敞，配套齐全，尊享舒适入住体验。	756	18369
7369	大床房	大床房，配备舒适大床，温馨静谧，适合休闲度假。	344	18370
7369	行政套房	行政套房，空间宽敞，配套齐全，尊享舒适入住体验。	728	18371
7369	标准间	标准间，简洁整洁，设施完备，高性价比之选。	253	18372
7370	行政套房	行政套房，空间宽敞，配套齐全，尊享舒适入住体验。	700	18373
7370	标准间	标准间，简洁整洁，设施完备，高性价比之选。	294	18374
7370	大床房	大床房，配备舒适大床，温馨静谧，适合休闲度假。	471	18375
7371	大床房	大床房，配备舒适大床，温馨静谧，适合休闲度假。	450	18376
7371	标准间	标准间，简洁整洁，设施完备，高性价比之选。	292	18377
7372	大床房	大床房，配备舒适大床，温馨静谧，适合休闲度假。	464	18378
7372	标准间	标准间，简洁整洁，设施完备，高性价比之选。	293	18379
7373	标准间	标准间，简洁整洁，设施完备，高性价比之选。	237	18380
7373	行政套房	行政套房，空间宽敞，配套齐全，尊享舒适入住体验。	758	18381
7373	大床房	大床房，配备舒适大床，温馨静谧，适合休闲度假。	365	18382
7374	行政套房	行政套房，空间宽敞，配套齐全，尊享舒适入住体验。	489	18383
7374	标准间	标准间，简洁整洁，设施完备，高性价比之选。	213	18384
7374	大床房	大床房，配备舒适大床，温馨静谧，适合休闲度假。	262	18385
7375	大床房	大床房，配备舒适大床，温馨静谧，适合休闲度假。	368	18386
7375	标准间	标准间，简洁整洁，设施完备，高性价比之选。	218	18387
7375	行政套房	行政套房，空间宽敞，配套齐全，尊享舒适入住体验。	591	18388
7376	标准间	标准间，简洁整洁，设施完备，高性价比之选。	183	18389
7376	大床房	大床房，配备舒适大床，温馨静谧，适合休闲度假。	293	18390
7377	行政套房	行政套房，空间宽敞，配套齐全，尊享舒适入住体验。	773	18391
7377	标准间	标准间，简洁整洁，设施完备，高性价比之选。	266	18392
7377	大床房	大床房，配备舒适大床，温馨静谧，适合休闲度假。	334	18393
7378	大床房	大床房，配备舒适大床，温馨静谧，适合休闲度假。	405	18394
7378	标准间	标准间，简洁整洁，设施完备，高性价比之选。	220	18395
7378	行政套房	行政套房，空间宽敞，配套齐全，尊享舒适入住体验。	526	18396
7379	标准间	标准间，简洁整洁，设施完备，高性价比之选。	182	18397
7379	行政套房	行政套房，空间宽敞，配套齐全，尊享舒适入住体验。	701	18398
7379	大床房	大床房，配备舒适大床，温馨静谧，适合休闲度假。	425	18399
7380	标准间	标准间，简洁整洁，设施完备，高性价比之选。	272	18400
7380	行政套房	行政套房，空间宽敞，配套齐全，尊享舒适入住体验。	601	18401
7381	大床房	大床房，配备舒适大床，温馨静谧，适合休闲度假。	272	18402
7381	标准间	标准间，简洁整洁，设施完备，高性价比之选。	317	18403
7382	大床房	大床房，配备舒适大床，温馨静谧，适合休闲度假。	264	18404
7382	行政套房	行政套房，空间宽敞，配套齐全，尊享舒适入住体验。	643	18405
7382	标准间	标准间，简洁整洁，设施完备，高性价比之选。	204	18406
7383	大床房	大床房，配备舒适大床，温馨静谧，适合休闲度假。	454	18407
7383	标准间	标准间，简洁整洁，设施完备，高性价比之选。	194	18408
7384	行政套房	行政套房，空间宽敞，配套齐全，尊享舒适入住体验。	721	18409
7384	大床房	大床房，配备舒适大床，温馨静谧，适合休闲度假。	263	18410
7384	标准间	标准间，简洁整洁，设施完备，高性价比之选。	212	18411
7385	标准间	标准间，简洁整洁，设施完备，高性价比之选。	265	18412
7385	行政套房	行政套房，空间宽敞，配套齐全，尊享舒适入住体验。	626	18413
7385	大床房	大床房，配备舒适大床，温馨静谧，适合休闲度假。	434	18414
7386	标准间	标准间，简洁整洁，设施完备，高性价比之选。	264	18415
7386	大床房	大床房，配备舒适大床，温馨静谧，适合休闲度假。	314	18416
7386	行政套房	行政套房，空间宽敞，配套齐全，尊享舒适入住体验。	652	18417
7387	大床房	大床房，配备舒适大床，温馨静谧，适合休闲度假。	310	18418
7387	行政套房	行政套房，空间宽敞，配套齐全，尊享舒适入住体验。	571	18419
7388	行政套房	行政套房，空间宽敞，配套齐全，尊享舒适入住体验。	558	18420
7388	标准间	标准间，简洁整洁，设施完备，高性价比之选。	194	18421
7389	标准间	标准间，简洁整洁，设施完备，高性价比之选。	209	18422
7389	行政套房	行政套房，空间宽敞，配套齐全，尊享舒适入住体验。	709	18423
7389	大床房	大床房，配备舒适大床，温馨静谧，适合休闲度假。	269	18424
7390	行政套房	行政套房，空间宽敞，配套齐全，尊享舒适入住体验。	849	18425
7390	大床房	大床房，配备舒适大床，温馨静谧，适合休闲度假。	302	18426
7391	大床房	大床房，配备舒适大床，温馨静谧，适合休闲度假。	387	18427
7391	行政套房	行政套房，空间宽敞，配套齐全，尊享舒适入住体验。	782	18428
7391	标准间	标准间，简洁整洁，设施完备，高性价比之选。	236	18429
7392	行政套房	行政套房，空间宽敞，配套齐全，尊享舒适入住体验。	484	18430
7392	大床房	大床房，配备舒适大床，温馨静谧，适合休闲度假。	473	18431
7393	行政套房	行政套房，空间宽敞，配套齐全，尊享舒适入住体验。	705	18432
7393	标准间	标准间，简洁整洁，设施完备，高性价比之选。	288	18433
7393	大床房	大床房，配备舒适大床，温馨静谧，适合休闲度假。	454	18434
7394	大床房	大床房，配备舒适大床，温馨静谧，适合休闲度假。	388	18435
7394	行政套房	行政套房，空间宽敞，配套齐全，尊享舒适入住体验。	806	18436
7395	大床房	大床房，配备舒适大床，温馨静谧，适合休闲度假。	361	18437
7395	行政套房	行政套房，空间宽敞，配套齐全，尊享舒适入住体验。	544	18438
7396	标准间	标准间，简洁整洁，设施完备，高性价比之选。	230	18439
7396	大床房	大床房，配备舒适大床，温馨静谧，适合休闲度假。	423	18440
7397	行政套房	行政套房，空间宽敞，配套齐全，尊享舒适入住体验。	686	18441
7397	标准间	标准间，简洁整洁，设施完备，高性价比之选。	190	18442
7397	大床房	大床房，配备舒适大床，温馨静谧，适合休闲度假。	322	18443
7398	标准间	标准间，简洁整洁，设施完备，高性价比之选。	283	18444
7398	行政套房	行政套房，空间宽敞，配套齐全，尊享舒适入住体验。	795	18445
7399	大床房	大床房，配备舒适大床，温馨静谧，适合休闲度假。	300	18446
7399	行政套房	行政套房，空间宽敞，配套齐全，尊享舒适入住体验。	689	18447
7399	标准间	标准间，简洁整洁，设施完备，高性价比之选。	271	18448
7400	标准间	标准间，简洁整洁，设施完备，高性价比之选。	227	18449
7400	行政套房	行政套房，空间宽敞，配套齐全，尊享舒适入住体验。	569	18450
7400	大床房	大床房，配备舒适大床，温馨静谧，适合休闲度假。	420	18451
7401	大床房	大床房，配备舒适大床，温馨静谧，适合休闲度假。	462	18452
7401	标准间	标准间，简洁整洁，设施完备，高性价比之选。	301	18453
7401	行政套房	行政套房，空间宽敞，配套齐全，尊享舒适入住体验。	747	18454
7402	行政套房	行政套房，空间宽敞，配套齐全，尊享舒适入住体验。	754	18455
7402	标准间	标准间，简洁整洁，设施完备，高性价比之选。	186	18456
7402	大床房	大床房，配备舒适大床，温馨静谧，适合休闲度假。	410	18457
7403	标准间	标准间，简洁整洁，设施完备，高性价比之选。	303	18458
7403	大床房	大床房，配备舒适大床，温馨静谧，适合休闲度假。	455	18459
7403	行政套房	行政套房，空间宽敞，配套齐全，尊享舒适入住体验。	876	18460
7404	行政套房	行政套房，空间宽敞，配套齐全，尊享舒适入住体验。	815	18461
7404	标准间	标准间，简洁整洁，设施完备，高性价比之选。	292	18462
7404	大床房	大床房，配备舒适大床，温馨静谧，适合休闲度假。	320	18463
7405	大床房	大床房，配备舒适大床，温馨静谧，适合休闲度假。	325	18464
7405	行政套房	行政套房，空间宽敞，配套齐全，尊享舒适入住体验。	672	18465
7405	标准间	标准间，简洁整洁，设施完备，高性价比之选。	250	18466
7406	标准间	标准间，简洁整洁，设施完备，高性价比之选。	298	18467
7406	行政套房	行政套房，空间宽敞，配套齐全，尊享舒适入住体验。	669	18468
7407	行政套房	行政套房，空间宽敞，配套齐全，尊享舒适入住体验。	549	18469
7407	大床房	大床房，配备舒适大床，温馨静谧，适合休闲度假。	323	18470
7407	标准间	标准间，简洁整洁，设施完备，高性价比之选。	239	18471
7408	大床房	大床房，配备舒适大床，温馨静谧，适合休闲度假。	404	18472
7408	行政套房	行政套房，空间宽敞，配套齐全，尊享舒适入住体验。	553	18473
7408	标准间	标准间，简洁整洁，设施完备，高性价比之选。	264	18474
7409	大床房	大床房，配备舒适大床，温馨静谧，适合休闲度假。	336	18475
7409	标准间	标准间，简洁整洁，设施完备，高性价比之选。	247	18476
7409	行政套房	行政套房，空间宽敞，配套齐全，尊享舒适入住体验。	613	18477
7410	标准间	标准间，简洁整洁，设施完备，高性价比之选。	234	18478
7410	大床房	大床房，配备舒适大床，温馨静谧，适合休闲度假。	425	18479
7410	行政套房	行政套房，空间宽敞，配套齐全，尊享舒适入住体验。	631	18480
7411	标准间	标准间，简洁整洁，设施完备，高性价比之选。	224	18481
7411	行政套房	行政套房，空间宽敞，配套齐全，尊享舒适入住体验。	719	18482
7412	行政套房	行政套房，空间宽敞，配套齐全，尊享舒适入住体验。	591	18483
7412	大床房	大床房，配备舒适大床，温馨静谧，适合休闲度假。	433	18484
7412	标准间	标准间，简洁整洁，设施完备，高性价比之选。	242	18485
7413	行政套房	行政套房，空间宽敞，配套齐全，尊享舒适入住体验。	568	18486
7413	大床房	大床房，配备舒适大床，温馨静谧，适合休闲度假。	410	18487
7414	大床房	大床房，配备舒适大床，温馨静谧，适合休闲度假。	456	18488
7414	标准间	标准间，简洁整洁，设施完备，高性价比之选。	227	18489
7415	标准间	标准间，简洁整洁，设施完备，高性价比之选。	237	18490
7415	行政套房	行政套房，空间宽敞，配套齐全，尊享舒适入住体验。	523	18491
7416	行政套房	行政套房，空间宽敞，配套齐全，尊享舒适入住体验。	668	18492
7416	标准间	标准间，简洁整洁，设施完备，高性价比之选。	226	18493
7417	标准间	标准间，简洁整洁，设施完备，高性价比之选。	318	18494
7417	大床房	大床房，配备舒适大床，温馨静谧，适合休闲度假。	284	18495
7418	大床房	大床房，配备舒适大床，温馨静谧，适合休闲度假。	388	18496
7418	行政套房	行政套房，空间宽敞，配套齐全，尊享舒适入住体验。	712	18497
7418	标准间	标准间，简洁整洁，设施完备，高性价比之选。	205	18498
7419	行政套房	行政套房，空间宽敞，配套齐全，尊享舒适入住体验。	800	18499
7419	标准间	标准间，简洁整洁，设施完备，高性价比之选。	196	18500
7420	标准间	标准间，简洁整洁，设施完备，高性价比之选。	189	18501
7420	大床房	大床房，配备舒适大床，温馨静谧，适合休闲度假。	408	18502
7421	行政套房	行政套房，空间宽敞，配套齐全，尊享舒适入住体验。	711	18503
7421	大床房	大床房，配备舒适大床，温馨静谧，适合休闲度假。	291	18504
7422	标准间	标准间，简洁整洁，设施完备，高性价比之选。	293	18505
7422	行政套房	行政套房，空间宽敞，配套齐全，尊享舒适入住体验。	672	18506
7423	标准间	标准间，简洁整洁，设施完备，高性价比之选。	199	18507
7423	大床房	大床房，配备舒适大床，温馨静谧，适合休闲度假。	428	18508
7423	行政套房	行政套房，空间宽敞，配套齐全，尊享舒适入住体验。	757	18509
7424	行政套房	行政套房，空间宽敞，配套齐全，尊享舒适入住体验。	701	18510
7424	大床房	大床房，配备舒适大床，温馨静谧，适合休闲度假。	295	18511
7425	行政套房	行政套房，空间宽敞，配套齐全，尊享舒适入住体验。	546	18512
7425	标准间	标准间，简洁整洁，设施完备，高性价比之选。	307	18513
7426	大床房	大床房，配备舒适大床，温馨静谧，适合休闲度假。	402	18514
7426	标准间	标准间，简洁整洁，设施完备，高性价比之选。	180	18515
7426	行政套房	行政套房，空间宽敞，配套齐全，尊享舒适入住体验。	745	18516
7427	大床房	大床房，配备舒适大床，温馨静谧，适合休闲度假。	469	18517
7427	标准间	标准间，简洁整洁，设施完备，高性价比之选。	283	18518
7428	标准间	标准间，简洁整洁，设施完备，高性价比之选。	197	18519
7428	大床房	大床房，配备舒适大床，温馨静谧，适合休闲度假。	393	18520
7428	行政套房	行政套房，空间宽敞，配套齐全，尊享舒适入住体验。	781	18521
7429	行政套房	行政套房，空间宽敞，配套齐全，尊享舒适入住体验。	874	18522
7429	标准间	标准间，简洁整洁，设施完备，高性价比之选。	238	18523
7430	标准间	标准间，简洁整洁，设施完备，高性价比之选。	320	18524
7430	大床房	大床房，配备舒适大床，温馨静谧，适合休闲度假。	275	18525
7430	行政套房	行政套房，空间宽敞，配套齐全，尊享舒适入住体验。	747	18526
7431	标准间	标准间，简洁整洁，设施完备，高性价比之选。	193	18527
7431	行政套房	行政套房，空间宽敞，配套齐全，尊享舒适入住体验。	665	18528
7432	行政套房	行政套房，空间宽敞，配套齐全，尊享舒适入住体验。	866	18529
7432	大床房	大床房，配备舒适大床，温馨静谧，适合休闲度假。	340	18530
7433	标准间	标准间，简洁整洁，设施完备，高性价比之选。	268	18531
7433	行政套房	行政套房，空间宽敞，配套齐全，尊享舒适入住体验。	587	18532
7434	行政套房	行政套房，空间宽敞，配套齐全，尊享舒适入住体验。	870	18533
7434	标准间	标准间，简洁整洁，设施完备，高性价比之选。	259	18534
7434	大床房	大床房，配备舒适大床，温馨静谧，适合休闲度假。	418	18535
7435	标准间	标准间，简洁整洁，设施完备，高性价比之选。	279	18536
7435	大床房	大床房，配备舒适大床，温馨静谧，适合休闲度假。	413	18537
7435	行政套房	行政套房，空间宽敞，配套齐全，尊享舒适入住体验。	506	18538
7436	行政套房	行政套房，空间宽敞，配套齐全，尊享舒适入住体验。	779	18539
7436	大床房	大床房，配备舒适大床，温馨静谧，适合休闲度假。	275	18540
7436	标准间	标准间，简洁整洁，设施完备，高性价比之选。	292	18541
7437	大床房	大床房，配备舒适大床，温馨静谧，适合休闲度假。	304	18542
7437	行政套房	行政套房，空间宽敞，配套齐全，尊享舒适入住体验。	723	18543
7437	标准间	标准间，简洁整洁，设施完备，高性价比之选。	243	18544
7438	标准间	标准间，简洁整洁，设施完备，高性价比之选。	306	18545
7438	大床房	大床房，配备舒适大床，温馨静谧，适合休闲度假。	324	18546
7439	大床房	大床房，配备舒适大床，温馨静谧，适合休闲度假。	287	18547
7439	行政套房	行政套房，空间宽敞，配套齐全，尊享舒适入住体验。	817	18548
7439	标准间	标准间，简洁整洁，设施完备，高性价比之选。	310	18549
7440	大床房	大床房，配备舒适大床，温馨静谧，适合休闲度假。	323	18550
7440	行政套房	行政套房，空间宽敞，配套齐全，尊享舒适入住体验。	798	18551
7440	标准间	标准间，简洁整洁，设施完备，高性价比之选。	305	18552
7441	大床房	大床房，配备舒适大床，温馨静谧，适合休闲度假。	432	18553
7441	行政套房	行政套房，空间宽敞，配套齐全，尊享舒适入住体验。	799	18554
7441	标准间	标准间，简洁整洁，设施完备，高性价比之选。	196	18555
7442	标准间	标准间，简洁整洁，设施完备，高性价比之选。	290	18556
7442	行政套房	行政套房，空间宽敞，配套齐全，尊享舒适入住体验。	530	18557
7443	大床房	大床房，配备舒适大床，温馨静谧，适合休闲度假。	315	18558
7443	标准间	标准间，简洁整洁，设施完备，高性价比之选。	285	18559
7444	标准间	标准间，简洁整洁，设施完备，高性价比之选。	283	18560
7444	行政套房	行政套房，空间宽敞，配套齐全，尊享舒适入住体验。	824	18561
7445	行政套房	行政套房，空间宽敞，配套齐全，尊享舒适入住体验。	728	18562
7445	标准间	标准间，简洁整洁，设施完备，高性价比之选。	248	18563
7445	大床房	大床房，配备舒适大床，温馨静谧，适合休闲度假。	415	18564
7446	大床房	大床房，配备舒适大床，温馨静谧，适合休闲度假。	347	18565
7446	行政套房	行政套房，空间宽敞，配套齐全，尊享舒适入住体验。	612	18566
7446	标准间	标准间，简洁整洁，设施完备，高性价比之选。	199	18567
7447	大床房	大床房，配备舒适大床，温馨静谧，适合休闲度假。	286	18568
7447	标准间	标准间，简洁整洁，设施完备，高性价比之选。	182	18569
7447	行政套房	行政套房，空间宽敞，配套齐全，尊享舒适入住体验。	860	18570
7448	大床房	大床房，配备舒适大床，温馨静谧，适合休闲度假。	421	18571
7448	标准间	标准间，简洁整洁，设施完备，高性价比之选。	307	18572
7448	行政套房	行政套房，空间宽敞，配套齐全，尊享舒适入住体验。	723	18573
7449	标准间	标准间，简洁整洁，设施完备，高性价比之选。	276	18574
7449	大床房	大床房，配备舒适大床，温馨静谧，适合休闲度假。	467	18575
7450	行政套房	行政套房，空间宽敞，配套齐全，尊享舒适入住体验。	815	18576
7450	标准间	标准间，简洁整洁，设施完备，高性价比之选。	207	18577
7450	大床房	大床房，配备舒适大床，温馨静谧，适合休闲度假。	393	18578
7451	标准间	标准间，简洁整洁，设施完备，高性价比之选。	250	18579
7451	行政套房	行政套房，空间宽敞，配套齐全，尊享舒适入住体验。	787	18580
7452	大床房	大床房，配备舒适大床，温馨静谧，适合休闲度假。	325	18581
7452	行政套房	行政套房，空间宽敞，配套齐全，尊享舒适入住体验。	638	18582
7452	标准间	标准间，简洁整洁，设施完备，高性价比之选。	234	18583
7453	行政套房	行政套房，空间宽敞，配套齐全，尊享舒适入住体验。	856	18584
7453	标准间	标准间，简洁整洁，设施完备，高性价比之选。	232	18585
7453	大床房	大床房，配备舒适大床，温馨静谧，适合休闲度假。	352	18586
7454	大床房	大床房，配备舒适大床，温馨静谧，适合休闲度假。	473	18587
7454	行政套房	行政套房，空间宽敞，配套齐全，尊享舒适入住体验。	656	18588
7455	大床房	大床房，配备舒适大床，温馨静谧，适合休闲度假。	294	18589
7455	行政套房	行政套房，空间宽敞，配套齐全，尊享舒适入住体验。	482	18590
7455	标准间	标准间，简洁整洁，设施完备，高性价比之选。	253	18591
7456	大床房	大床房，配备舒适大床，温馨静谧，适合休闲度假。	329	18592
7456	标准间	标准间，简洁整洁，设施完备，高性价比之选。	250	18593
7457	大床房	大床房，配备舒适大床，温馨静谧，适合休闲度假。	291	18594
7457	行政套房	行政套房，空间宽敞，配套齐全，尊享舒适入住体验。	541	18595
7457	标准间	标准间，简洁整洁，设施完备，高性价比之选。	297	18596
7458	大床房	大床房，配备舒适大床，温馨静谧，适合休闲度假。	309	18597
7458	标准间	标准间，简洁整洁，设施完备，高性价比之选。	183	18598
7458	行政套房	行政套房，空间宽敞，配套齐全，尊享舒适入住体验。	545	18599
7459	大床房	大床房，配备舒适大床，温馨静谧，适合休闲度假。	268	18600
7459	标准间	标准间，简洁整洁，设施完备，高性价比之选。	242	18601
7460	标准间	标准间，简洁整洁，设施完备，高性价比之选。	239	18602
7460	行政套房	行政套房，空间宽敞，配套齐全，尊享舒适入住体验。	512	18603
7460	大床房	大床房，配备舒适大床，温馨静谧，适合休闲度假。	385	18604
7461	行政套房	行政套房，空间宽敞，配套齐全，尊享舒适入住体验。	508	18605
7461	大床房	大床房，配备舒适大床，温馨静谧，适合休闲度假。	337	18606
7461	标准间	标准间，简洁整洁，设施完备，高性价比之选。	187	18607
7462	标准间	标准间，简洁整洁，设施完备，高性价比之选。	181	18608
7462	行政套房	行政套房，空间宽敞，配套齐全，尊享舒适入住体验。	526	18609
7462	大床房	大床房，配备舒适大床，温馨静谧，适合休闲度假。	301	18610
7463	大床房	大床房，配备舒适大床，温馨静谧，适合休闲度假。	416	18611
7463	行政套房	行政套房，空间宽敞，配套齐全，尊享舒适入住体验。	787	18612
7464	行政套房	行政套房，空间宽敞，配套齐全，尊享舒适入住体验。	780	18613
7464	大床房	大床房，配备舒适大床，温馨静谧，适合休闲度假。	320	18614
7464	标准间	标准间，简洁整洁，设施完备，高性价比之选。	246	18615
7465	标准间	标准间，简洁整洁，设施完备，高性价比之选。	233	18616
7465	行政套房	行政套房，空间宽敞，配套齐全，尊享舒适入住体验。	840	18617
7465	大床房	大床房，配备舒适大床，温馨静谧，适合休闲度假。	343	18618
7466	标准间	标准间，简洁整洁，设施完备，高性价比之选。	272	18619
7466	行政套房	行政套房，空间宽敞，配套齐全，尊享舒适入住体验。	665	18620
7467	行政套房	行政套房，空间宽敞，配套齐全，尊享舒适入住体验。	848	18621
7467	标准间	标准间，简洁整洁，设施完备，高性价比之选。	230	18622
7468	行政套房	行政套房，空间宽敞，配套齐全，尊享舒适入住体验。	544	18623
7468	标准间	标准间，简洁整洁，设施完备，高性价比之选。	219	18624
7469	大床房	大床房，配备舒适大床，温馨静谧，适合休闲度假。	453	18625
7469	行政套房	行政套房，空间宽敞，配套齐全，尊享舒适入住体验。	791	18626
7469	标准间	标准间，简洁整洁，设施完备，高性价比之选。	255	18627
7470	大床房	大床房，配备舒适大床，温馨静谧，适合休闲度假。	383	18628
7470	行政套房	行政套房，空间宽敞，配套齐全，尊享舒适入住体验。	877	18629
7471	大床房	大床房，配备舒适大床，温馨静谧，适合休闲度假。	285	18630
7471	标准间	标准间，简洁整洁，设施完备，高性价比之选。	210	18631
7471	行政套房	行政套房，空间宽敞，配套齐全，尊享舒适入住体验。	685	18632
7472	标准间	标准间，简洁整洁，设施完备，高性价比之选。	282	18633
7472	大床房	大床房，配备舒适大床，温馨静谧，适合休闲度假。	305	18634
7472	行政套房	行政套房，空间宽敞，配套齐全，尊享舒适入住体验。	800	18635
7473	行政套房	行政套房，空间宽敞，配套齐全，尊享舒适入住体验。	832	18636
7473	标准间	标准间，简洁整洁，设施完备，高性价比之选。	207	18637
7473	大床房	大床房，配备舒适大床，温馨静谧，适合休闲度假。	448	18638
7474	行政套房	行政套房，空间宽敞，配套齐全，尊享舒适入住体验。	628	18639
7474	标准间	标准间，简洁整洁，设施完备，高性价比之选。	211	18640
7475	行政套房	行政套房，空间宽敞，配套齐全，尊享舒适入住体验。	493	18641
7475	标准间	标准间，简洁整洁，设施完备，高性价比之选。	291	18642
7476	行政套房	行政套房，空间宽敞，配套齐全，尊享舒适入住体验。	558	18643
7476	大床房	大床房，配备舒适大床，温馨静谧，适合休闲度假。	331	18644
7476	标准间	标准间，简洁整洁，设施完备，高性价比之选。	280	18645
7477	行政套房	行政套房，空间宽敞，配套齐全，尊享舒适入住体验。	571	18646
7477	标准间	标准间，简洁整洁，设施完备，高性价比之选。	200	18647
7478	行政套房	行政套房，空间宽敞，配套齐全，尊享舒适入住体验。	568	18648
7478	标准间	标准间，简洁整洁，设施完备，高性价比之选。	251	18649
7478	大床房	大床房，配备舒适大床，温馨静谧，适合休闲度假。	399	18650
7479	行政套房	行政套房，空间宽敞，配套齐全，尊享舒适入住体验。	612	18651
7479	标准间	标准间，简洁整洁，设施完备，高性价比之选。	279	18652
7480	大床房	大床房，配备舒适大床，温馨静谧，适合休闲度假。	304	18653
7480	标准间	标准间，简洁整洁，设施完备，高性价比之选。	304	18654
7480	行政套房	行政套房，空间宽敞，配套齐全，尊享舒适入住体验。	819	18655
7481	标准间	标准间，简洁整洁，设施完备，高性价比之选。	234	18656
7481	行政套房	行政套房，空间宽敞，配套齐全，尊享舒适入住体验。	537	18657
7481	大床房	大床房，配备舒适大床，温馨静谧，适合休闲度假。	284	18658
7482	行政套房	行政套房，空间宽敞，配套齐全，尊享舒适入住体验。	844	18659
7482	标准间	标准间，简洁整洁，设施完备，高性价比之选。	290	18660
7482	大床房	大床房，配备舒适大床，温馨静谧，适合休闲度假。	451	18661
7483	行政套房	行政套房，空间宽敞，配套齐全，尊享舒适入住体验。	548	18662
7483	大床房	大床房，配备舒适大床，温馨静谧，适合休闲度假。	274	18663
7483	标准间	标准间，简洁整洁，设施完备，高性价比之选。	291	18664
7484	大床房	大床房，配备舒适大床，温馨静谧，适合休闲度假。	436	18665
7484	标准间	标准间，简洁整洁，设施完备，高性价比之选。	221	18666
7485	行政套房	行政套房，空间宽敞，配套齐全，尊享舒适入住体验。	664	18667
7485	标准间	标准间，简洁整洁，设施完备，高性价比之选。	304	18668
7486	标准间	标准间，简洁整洁，设施完备，高性价比之选。	239	18669
7486	大床房	大床房，配备舒适大床，温馨静谧，适合休闲度假。	284	18670
7486	行政套房	行政套房，空间宽敞，配套齐全，尊享舒适入住体验。	719	18671
7487	大床房	大床房，配备舒适大床，温馨静谧，适合休闲度假。	296	18672
7487	标准间	标准间，简洁整洁，设施完备，高性价比之选。	254	18673
7488	标准间	标准间，简洁整洁，设施完备，高性价比之选。	267	18674
7488	大床房	大床房，配备舒适大床，温馨静谧，适合休闲度假。	466	18675
7489	行政套房	行政套房，空间宽敞，配套齐全，尊享舒适入住体验。	844	18676
7489	大床房	大床房，配备舒适大床，温馨静谧，适合休闲度假。	420	18677
7489	标准间	标准间，简洁整洁，设施完备，高性价比之选。	287	18678
7490	标准间	标准间，简洁整洁，设施完备，高性价比之选。	201	18679
7490	行政套房	行政套房，空间宽敞，配套齐全，尊享舒适入住体验。	491	18680
7491	大床房	大床房，配备舒适大床，温馨静谧，适合休闲度假。	352	18681
7491	行政套房	行政套房，空间宽敞，配套齐全，尊享舒适入住体验。	590	18682
7492	标准间	标准间，简洁整洁，设施完备，高性价比之选。	260	18683
7492	大床房	大床房，配备舒适大床，温馨静谧，适合休闲度假。	332	18684
7493	标准间	标准间，简洁整洁，设施完备，高性价比之选。	288	18685
7493	行政套房	行政套房，空间宽敞，配套齐全，尊享舒适入住体验。	766	18686
7493	大床房	大床房，配备舒适大床，温馨静谧，适合休闲度假。	353	18687
7494	行政套房	行政套房，空间宽敞，配套齐全，尊享舒适入住体验。	544	18688
7494	标准间	标准间，简洁整洁，设施完备，高性价比之选。	247	18689
7494	大床房	大床房，配备舒适大床，温馨静谧，适合休闲度假。	404	18690
7495	行政套房	行政套房，空间宽敞，配套齐全，尊享舒适入住体验。	534	18691
7495	大床房	大床房，配备舒适大床，温馨静谧，适合休闲度假。	366	18692
7496	标准间	标准间，简洁整洁，设施完备，高性价比之选。	202	18693
7496	大床房	大床房，配备舒适大床，温馨静谧，适合休闲度假。	361	18694
7497	行政套房	行政套房，空间宽敞，配套齐全，尊享舒适入住体验。	569	18695
7497	标准间	标准间，简洁整洁，设施完备，高性价比之选。	240	18696
7497	大床房	大床房，配备舒适大床，温馨静谧，适合休闲度假。	295	18697
7498	行政套房	行政套房，空间宽敞，配套齐全，尊享舒适入住体验。	663	18698
7498	标准间	标准间，简洁整洁，设施完备，高性价比之选。	271	18699
7499	大床房	大床房，配备舒适大床，温馨静谧，适合休闲度假。	281	18700
7499	标准间	标准间，简洁整洁，设施完备，高性价比之选。	248	18701
7500	标准间	标准间，简洁整洁，设施完备，高性价比之选。	246	18702
7500	大床房	大床房，配备舒适大床，温馨静谧，适合休闲度假。	334	18703
7501	大床房	大床房，配备舒适大床，温馨静谧，适合休闲度假。	363	18704
7501	行政套房	行政套房，空间宽敞，配套齐全，尊享舒适入住体验。	590	18705
7501	标准间	标准间，简洁整洁，设施完备，高性价比之选。	193	18706
7502	行政套房	行政套房，空间宽敞，配套齐全，尊享舒适入住体验。	646	18707
7502	标准间	标准间，简洁整洁，设施完备，高性价比之选。	209	18708
7503	行政套房	行政套房，空间宽敞，配套齐全，尊享舒适入住体验。	599	18709
7503	大床房	大床房，配备舒适大床，温馨静谧，适合休闲度假。	323	18710
7504	标准间	标准间，简洁整洁，设施完备，高性价比之选。	245	18711
7504	行政套房	行政套房，空间宽敞，配套齐全，尊享舒适入住体验。	536	18712
7504	大床房	大床房，配备舒适大床，温馨静谧，适合休闲度假。	447	18713
7505	大床房	大床房，配备舒适大床，温馨静谧，适合休闲度假。	417	18714
7505	行政套房	行政套房，空间宽敞，配套齐全，尊享舒适入住体验。	736	18715
7505	标准间	标准间，简洁整洁，设施完备，高性价比之选。	315	18716
7506	大床房	大床房，配备舒适大床，温馨静谧，适合休闲度假。	456	18717
7506	标准间	标准间，简洁整洁，设施完备，高性价比之选。	286	18718
7507	大床房	大床房，配备舒适大床，温馨静谧，适合休闲度假。	425	18719
7507	行政套房	行政套房，空间宽敞，配套齐全，尊享舒适入住体验。	798	18720
7508	标准间	标准间，简洁整洁，设施完备，高性价比之选。	305	18721
7508	大床房	大床房，配备舒适大床，温馨静谧，适合休闲度假。	303	18722
7508	行政套房	行政套房，空间宽敞，配套齐全，尊享舒适入住体验。	485	18723
7509	标准间	标准间，简洁整洁，设施完备，高性价比之选。	264	18724
7509	大床房	大床房，配备舒适大床，温馨静谧，适合休闲度假。	392	18725
7509	行政套房	行政套房，空间宽敞，配套齐全，尊享舒适入住体验。	705	18726
7510	行政套房	行政套房，空间宽敞，配套齐全，尊享舒适入住体验。	635	18727
7510	大床房	大床房，配备舒适大床，温馨静谧，适合休闲度假。	418	18728
7510	标准间	标准间，简洁整洁，设施完备，高性价比之选。	308	18729
7511	行政套房	行政套房，空间宽敞，配套齐全，尊享舒适入住体验。	517	18730
7511	标准间	标准间，简洁整洁，设施完备，高性价比之选。	298	18731
7511	大床房	大床房，配备舒适大床，温馨静谧，适合休闲度假。	320	18732
7512	标准间	标准间，简洁整洁，设施完备，高性价比之选。	310	18733
7512	大床房	大床房，配备舒适大床，温馨静谧，适合休闲度假。	375	18734
7513	标准间	标准间，简洁整洁，设施完备，高性价比之选。	209	18735
7513	大床房	大床房，配备舒适大床，温馨静谧，适合休闲度假。	412	18736
7514	大床房	大床房，配备舒适大床，温馨静谧，适合休闲度假。	383	18737
7514	标准间	标准间，简洁整洁，设施完备，高性价比之选。	203	18738
7514	行政套房	行政套房，空间宽敞，配套齐全，尊享舒适入住体验。	667	18739
7515	大床房	大床房，配备舒适大床，温馨静谧，适合休闲度假。	370	18740
7515	行政套房	行政套房，空间宽敞，配套齐全，尊享舒适入住体验。	667	18741
7516	大床房	大床房，配备舒适大床，温馨静谧，适合休闲度假。	337	18742
7516	行政套房	行政套房，空间宽敞，配套齐全，尊享舒适入住体验。	862	18743
7517	大床房	大床房，配备舒适大床，温馨静谧，适合休闲度假。	347	18744
7517	标准间	标准间，简洁整洁，设施完备，高性价比之选。	220	18745
7517	行政套房	行政套房，空间宽敞，配套齐全，尊享舒适入住体验。	637	18746
7518	标准间	标准间，简洁整洁，设施完备，高性价比之选。	274	18747
7518	大床房	大床房，配备舒适大床，温馨静谧，适合休闲度假。	406	18748
7519	大床房	大床房，配备舒适大床，温馨静谧，适合休闲度假。	471	18749
7519	标准间	标准间，简洁整洁，设施完备，高性价比之选。	273	18750
7519	行政套房	行政套房，空间宽敞，配套齐全，尊享舒适入住体验。	486	18751
7520	行政套房	行政套房，空间宽敞，配套齐全，尊享舒适入住体验。	587	18752
7520	标准间	标准间，简洁整洁，设施完备，高性价比之选。	226	18753
7520	大床房	大床房，配备舒适大床，温馨静谧，适合休闲度假。	322	18754
7521	行政套房	行政套房，空间宽敞，配套齐全，尊享舒适入住体验。	744	18755
7521	标准间	标准间，简洁整洁，设施完备，高性价比之选。	280	18756
7521	大床房	大床房，配备舒适大床，温馨静谧，适合休闲度假。	339	18757
7522	大床房	大床房，配备舒适大床，温馨静谧，适合休闲度假。	378	18758
7522	行政套房	行政套房，空间宽敞，配套齐全，尊享舒适入住体验。	509	18759
7523	标准间	标准间，简洁整洁，设施完备，高性价比之选。	180	18760
7523	大床房	大床房，配备舒适大床，温馨静谧，适合休闲度假。	423	18761
7523	行政套房	行政套房，空间宽敞，配套齐全，尊享舒适入住体验。	482	18762
7524	行政套房	行政套房，空间宽敞，配套齐全，尊享舒适入住体验。	698	18763
7524	大床房	大床房，配备舒适大床，温馨静谧，适合休闲度假。	287	18764
7524	标准间	标准间，简洁整洁，设施完备，高性价比之选。	207	18765
7525	行政套房	行政套房，空间宽敞，配套齐全，尊享舒适入住体验。	806	18766
7525	标准间	标准间，简洁整洁，设施完备，高性价比之选。	244	18767
7525	大床房	大床房，配备舒适大床，温馨静谧，适合休闲度假。	318	18768
7526	行政套房	行政套房，空间宽敞，配套齐全，尊享舒适入住体验。	849	18769
7526	大床房	大床房，配备舒适大床，温馨静谧，适合休闲度假。	363	18770
7526	标准间	标准间，简洁整洁，设施完备，高性价比之选。	204	18771
7527	行政套房	行政套房，空间宽敞，配套齐全，尊享舒适入住体验。	844	18772
7527	标准间	标准间，简洁整洁，设施完备，高性价比之选。	203	18773
7528	大床房	大床房，配备舒适大床，温馨静谧，适合休闲度假。	333	18774
7528	标准间	标准间，简洁整洁，设施完备，高性价比之选。	190	18775
7529	大床房	大床房，配备舒适大床，温馨静谧，适合休闲度假。	324	18776
7529	行政套房	行政套房，空间宽敞，配套齐全，尊享舒适入住体验。	643	18777
7530	标准间	标准间，简洁整洁，设施完备，高性价比之选。	274	18778
7530	行政套房	行政套房，空间宽敞，配套齐全，尊享舒适入住体验。	519	18779
7531	行政套房	行政套房，空间宽敞，配套齐全，尊享舒适入住体验。	870	18780
7531	大床房	大床房，配备舒适大床，温馨静谧，适合休闲度假。	472	18781
7532	大床房	大床房，配备舒适大床，温馨静谧，适合休闲度假。	470	18782
7532	标准间	标准间，简洁整洁，设施完备，高性价比之选。	253	18783
7532	行政套房	行政套房，空间宽敞，配套齐全，尊享舒适入住体验。	486	18784
7533	行政套房	行政套房，空间宽敞，配套齐全，尊享舒适入住体验。	542	18785
7533	大床房	大床房，配备舒适大床，温馨静谧，适合休闲度假。	384	18786
7534	标准间	标准间，简洁整洁，设施完备，高性价比之选。	308	18787
7534	行政套房	行政套房，空间宽敞，配套齐全，尊享舒适入住体验。	708	18788
7535	标准间	标准间，简洁整洁，设施完备，高性价比之选。	260	18789
7535	大床房	大床房，配备舒适大床，温馨静谧，适合休闲度假。	459	18790
7536	大床房	大床房，配备舒适大床，温馨静谧，适合休闲度假。	290	18791
7536	标准间	标准间，简洁整洁，设施完备，高性价比之选。	310	18792
7536	行政套房	行政套房，空间宽敞，配套齐全，尊享舒适入住体验。	576	18793
7537	行政套房	行政套房，空间宽敞，配套齐全，尊享舒适入住体验。	545	18794
7537	大床房	大床房，配备舒适大床，温馨静谧，适合休闲度假。	390	18795
7538	标准间	标准间，简洁整洁，设施完备，高性价比之选。	310	18796
7538	大床房	大床房，配备舒适大床，温馨静谧，适合休闲度假。	277	18797
7538	行政套房	行政套房，空间宽敞，配套齐全，尊享舒适入住体验。	828	18798
7539	行政套房	行政套房，空间宽敞，配套齐全，尊享舒适入住体验。	606	18799
7539	大床房	大床房，配备舒适大床，温馨静谧，适合休闲度假。	370	18800
7539	标准间	标准间，简洁整洁，设施完备，高性价比之选。	184	18801
7540	大床房	大床房，配备舒适大床，温馨静谧，适合休闲度假。	288	18802
7540	行政套房	行政套房，空间宽敞，配套齐全，尊享舒适入住体验。	568	18803
7540	标准间	标准间，简洁整洁，设施完备，高性价比之选。	298	18804
7541	大床房	大床房，配备舒适大床，温馨静谧，适合休闲度假。	302	18805
7541	标准间	标准间，简洁整洁，设施完备，高性价比之选。	297	18806
7542	大床房	大床房，配备舒适大床，温馨静谧，适合休闲度假。	478	18807
7542	行政套房	行政套房，空间宽敞，配套齐全，尊享舒适入住体验。	645	18808
7542	标准间	标准间，简洁整洁，设施完备，高性价比之选。	297	18809
7543	行政套房	行政套房，空间宽敞，配套齐全，尊享舒适入住体验。	638	18810
7543	标准间	标准间，简洁整洁，设施完备，高性价比之选。	187	18811
7543	大床房	大床房，配备舒适大床，温馨静谧，适合休闲度假。	313	18812
7544	行政套房	行政套房，空间宽敞，配套齐全，尊享舒适入住体验。	775	18813
7544	大床房	大床房，配备舒适大床，温馨静谧，适合休闲度假。	370	18814
7545	行政套房	行政套房，空间宽敞，配套齐全，尊享舒适入住体验。	852	18815
7545	大床房	大床房，配备舒适大床，温馨静谧，适合休闲度假。	334	18816
7546	大床房	大床房，配备舒适大床，温馨静谧，适合休闲度假。	383	18817
7546	标准间	标准间，简洁整洁，设施完备，高性价比之选。	220	18818
7547	标准间	标准间，简洁整洁，设施完备，高性价比之选。	306	18819
7547	大床房	大床房，配备舒适大床，温馨静谧，适合休闲度假。	367	18820
7548	行政套房	行政套房，空间宽敞，配套齐全，尊享舒适入住体验。	878	18821
7548	标准间	标准间，简洁整洁，设施完备，高性价比之选。	183	18822
7548	大床房	大床房，配备舒适大床，温馨静谧，适合休闲度假。	274	18823
7549	行政套房	行政套房，空间宽敞，配套齐全，尊享舒适入住体验。	495	18824
7549	标准间	标准间，简洁整洁，设施完备，高性价比之选。	246	18825
7550	行政套房	行政套房，空间宽敞，配套齐全，尊享舒适入住体验。	535	18826
7550	大床房	大床房，配备舒适大床，温馨静谧，适合休闲度假。	468	18827
7550	标准间	标准间，简洁整洁，设施完备，高性价比之选。	185	18828
7551	大床房	大床房，配备舒适大床，温馨静谧，适合休闲度假。	311	18829
7551	行政套房	行政套房，空间宽敞，配套齐全，尊享舒适入住体验。	533	18830
7552	标准间	标准间，简洁整洁，设施完备，高性价比之选。	181	18831
7552	行政套房	行政套房，空间宽敞，配套齐全，尊享舒适入住体验。	543	18832
7553	大床房	大床房，配备舒适大床，温馨静谧，适合休闲度假。	455	18833
7553	标准间	标准间，简洁整洁，设施完备，高性价比之选。	212	18834
7554	标准间	标准间，简洁整洁，设施完备，高性价比之选。	240	18835
7554	行政套房	行政套房，空间宽敞，配套齐全，尊享舒适入住体验。	601	18836
7555	大床房	大床房，配备舒适大床，温馨静谧，适合休闲度假。	355	18837
7555	标准间	标准间，简洁整洁，设施完备，高性价比之选。	202	18838
7556	大床房	大床房，配备舒适大床，温馨静谧，适合休闲度假。	271	18839
7556	标准间	标准间，简洁整洁，设施完备，高性价比之选。	275	18840
7556	行政套房	行政套房，空间宽敞，配套齐全，尊享舒适入住体验。	503	18841
7557	行政套房	行政套房，空间宽敞，配套齐全，尊享舒适入住体验。	633	18842
7557	大床房	大床房，配备舒适大床，温馨静谧，适合休闲度假。	339	18843
7558	行政套房	行政套房，空间宽敞，配套齐全，尊享舒适入住体验。	519	18844
7558	标准间	标准间，简洁整洁，设施完备，高性价比之选。	253	18845
7558	大床房	大床房，配备舒适大床，温馨静谧，适合休闲度假。	419	18846
7559	大床房	大床房，配备舒适大床，温馨静谧，适合休闲度假。	396	18847
7559	标准间	标准间，简洁整洁，设施完备，高性价比之选。	225	18848
7559	行政套房	行政套房，空间宽敞，配套齐全，尊享舒适入住体验。	624	18849
7560	行政套房	行政套房，空间宽敞，配套齐全，尊享舒适入住体验。	588	18850
7560	标准间	标准间，简洁整洁，设施完备，高性价比之选。	261	18851
7560	大床房	大床房，配备舒适大床，温馨静谧，适合休闲度假。	298	18852
7561	行政套房	行政套房，空间宽敞，配套齐全，尊享舒适入住体验。	597	18853
7561	标准间	标准间，简洁整洁，设施完备，高性价比之选。	271	18854
7562	大床房	大床房，配备舒适大床，温馨静谧，适合休闲度假。	284	18855
7562	标准间	标准间，简洁整洁，设施完备，高性价比之选。	222	18856
7562	行政套房	行政套房，空间宽敞，配套齐全，尊享舒适入住体验。	874	18857
7563	大床房	大床房，配备舒适大床，温馨静谧，适合休闲度假。	392	18858
7563	标准间	标准间，简洁整洁，设施完备，高性价比之选。	230	18859
7564	标准间	标准间，简洁整洁，设施完备，高性价比之选。	292	18860
7564	行政套房	行政套房，空间宽敞，配套齐全，尊享舒适入住体验。	844	18861
7564	大床房	大床房，配备舒适大床，温馨静谧，适合休闲度假。	305	18862
7565	行政套房	行政套房，空间宽敞，配套齐全，尊享舒适入住体验。	574	18863
7565	标准间	标准间，简洁整洁，设施完备，高性价比之选。	317	18864
7565	大床房	大床房，配备舒适大床，温馨静谧，适合休闲度假。	367	18865
7566	标准间	标准间，简洁整洁，设施完备，高性价比之选。	209	18866
7566	行政套房	行政套房，空间宽敞，配套齐全，尊享舒适入住体验。	668	18867
7567	标准间	标准间，简洁整洁，设施完备，高性价比之选。	197	18868
7567	大床房	大床房，配备舒适大床，温馨静谧，适合休闲度假。	376	18869
7568	行政套房	行政套房，空间宽敞，配套齐全，尊享舒适入住体验。	858	18870
7568	大床房	大床房，配备舒适大床，温馨静谧，适合休闲度假。	424	18871
7568	标准间	标准间，简洁整洁，设施完备，高性价比之选。	193	18872
7569	行政套房	行政套房，空间宽敞，配套齐全，尊享舒适入住体验。	623	18873
7569	标准间	标准间，简洁整洁，设施完备，高性价比之选。	264	18874
7569	大床房	大床房，配备舒适大床，温馨静谧，适合休闲度假。	444	18875
7570	行政套房	行政套房，空间宽敞，配套齐全，尊享舒适入住体验。	499	18876
7570	标准间	标准间，简洁整洁，设施完备，高性价比之选。	223	18877
7571	大床房	大床房，配备舒适大床，温馨静谧，适合休闲度假。	356	18878
7571	标准间	标准间，简洁整洁，设施完备，高性价比之选。	301	18879
7572	大床房	大床房，配备舒适大床，温馨静谧，适合休闲度假。	310	18880
7572	标准间	标准间，简洁整洁，设施完备，高性价比之选。	199	18881
7573	大床房	大床房，配备舒适大床，温馨静谧，适合休闲度假。	450	18882
7573	行政套房	行政套房，空间宽敞，配套齐全，尊享舒适入住体验。	496	18883
7574	行政套房	行政套房，空间宽敞，配套齐全，尊享舒适入住体验。	638	18884
7574	标准间	标准间，简洁整洁，设施完备，高性价比之选。	314	18885
7574	大床房	大床房，配备舒适大床，温馨静谧，适合休闲度假。	298	18886
7575	行政套房	行政套房，空间宽敞，配套齐全，尊享舒适入住体验。	493	18887
7575	大床房	大床房，配备舒适大床，温馨静谧，适合休闲度假。	334	18888
7576	标准间	标准间，简洁整洁，设施完备，高性价比之选。	296	18889
7576	大床房	大床房，配备舒适大床，温馨静谧，适合休闲度假。	393	18890
7576	行政套房	行政套房，空间宽敞，配套齐全，尊享舒适入住体验。	611	18891
7577	大床房	大床房，配备舒适大床，温馨静谧，适合休闲度假。	410	18892
7577	行政套房	行政套房，空间宽敞，配套齐全，尊享舒适入住体验。	593	18893
7578	标准间	标准间，简洁整洁，设施完备，高性价比之选。	240	18894
7578	行政套房	行政套房，空间宽敞，配套齐全，尊享舒适入住体验。	733	18895
7579	大床房	大床房，配备舒适大床，温馨静谧，适合休闲度假。	301	18896
7579	行政套房	行政套房，空间宽敞，配套齐全，尊享舒适入住体验。	607	18897
7580	标准间	标准间，简洁整洁，设施完备，高性价比之选。	315	18898
7580	行政套房	行政套房，空间宽敞，配套齐全，尊享舒适入住体验。	499	18899
7581	行政套房	行政套房，空间宽敞，配套齐全，尊享舒适入住体验。	688	18900
7581	标准间	标准间，简洁整洁，设施完备，高性价比之选。	259	18901
7582	大床房	大床房，配备舒适大床，温馨静谧，适合休闲度假。	297	18902
7582	标准间	标准间，简洁整洁，设施完备，高性价比之选。	271	18903
7582	行政套房	行政套房，空间宽敞，配套齐全，尊享舒适入住体验。	663	18904
7583	大床房	大床房，配备舒适大床，温馨静谧，适合休闲度假。	273	18905
7583	行政套房	行政套房，空间宽敞，配套齐全，尊享舒适入住体验。	698	18906
7584	大床房	大床房，配备舒适大床，温馨静谧，适合休闲度假。	289	18907
7584	行政套房	行政套房，空间宽敞，配套齐全，尊享舒适入住体验。	501	18908
7585	标准间	标准间，简洁整洁，设施完备，高性价比之选。	186	18909
7585	大床房	大床房，配备舒适大床，温馨静谧，适合休闲度假。	471	18910
7585	行政套房	行政套房，空间宽敞，配套齐全，尊享舒适入住体验。	819	18911
7586	行政套房	行政套房，空间宽敞，配套齐全，尊享舒适入住体验。	512	18912
7586	大床房	大床房，配备舒适大床，温馨静谧，适合休闲度假。	428	18913
7586	标准间	标准间，简洁整洁，设施完备，高性价比之选。	182	18914
7587	标准间	标准间，简洁整洁，设施完备，高性价比之选。	200	18915
7587	大床房	大床房，配备舒适大床，温馨静谧，适合休闲度假。	362	18916
7587	行政套房	行政套房，空间宽敞，配套齐全，尊享舒适入住体验。	830	18917
7588	行政套房	行政套房，空间宽敞，配套齐全，尊享舒适入住体验。	529	18918
7588	大床房	大床房，配备舒适大床，温馨静谧，适合休闲度假。	260	18919
7589	大床房	大床房，配备舒适大床，温馨静谧，适合休闲度假。	360	18920
7589	标准间	标准间，简洁整洁，设施完备，高性价比之选。	245	18921
7590	标准间	标准间，简洁整洁，设施完备，高性价比之选。	302	18922
7590	行政套房	行政套房，空间宽敞，配套齐全，尊享舒适入住体验。	794	18923
7590	大床房	大床房，配备舒适大床，温馨静谧，适合休闲度假。	283	18924
7591	行政套房	行政套房，空间宽敞，配套齐全，尊享舒适入住体验。	574	18925
7591	大床房	大床房，配备舒适大床，温馨静谧，适合休闲度假。	339	18926
7592	标准间	标准间，简洁整洁，设施完备，高性价比之选。	203	18927
7592	大床房	大床房，配备舒适大床，温馨静谧，适合休闲度假。	320	18928
7593	行政套房	行政套房，空间宽敞，配套齐全，尊享舒适入住体验。	768	18929
7593	大床房	大床房，配备舒适大床，温馨静谧，适合休闲度假。	459	18930
7593	标准间	标准间，简洁整洁，设施完备，高性价比之选。	193	18931
7594	大床房	大床房，配备舒适大床，温馨静谧，适合休闲度假。	286	18932
7594	标准间	标准间，简洁整洁，设施完备，高性价比之选。	310	18933
7594	行政套房	行政套房，空间宽敞，配套齐全，尊享舒适入住体验。	631	18934
7595	行政套房	行政套房，空间宽敞，配套齐全，尊享舒适入住体验。	508	18935
7595	标准间	标准间，简洁整洁，设施完备，高性价比之选。	257	18936
7596	大床房	大床房，配备舒适大床，温馨静谧，适合休闲度假。	365	18937
7596	行政套房	行政套房，空间宽敞，配套齐全，尊享舒适入住体验。	810	18938
7597	标准间	标准间，简洁整洁，设施完备，高性价比之选。	242	18939
7597	行政套房	行政套房，空间宽敞，配套齐全，尊享舒适入住体验。	721	18940
7597	大床房	大床房，配备舒适大床，温馨静谧，适合休闲度假。	336	18941
7598	标准间	标准间，简洁整洁，设施完备，高性价比之选。	222	18942
7598	大床房	大床房，配备舒适大床，温馨静谧，适合休闲度假。	434	18943
7599	大床房	大床房，配备舒适大床，温馨静谧，适合休闲度假。	370	18944
7599	标准间	标准间，简洁整洁，设施完备，高性价比之选。	292	18945
7599	行政套房	行政套房，空间宽敞，配套齐全，尊享舒适入住体验。	838	18946
7600	行政套房	行政套房，空间宽敞，配套齐全，尊享舒适入住体验。	829	18947
7600	标准间	标准间，简洁整洁，设施完备，高性价比之选。	313	18948
7601	大床房	大床房，配备舒适大床，温馨静谧，适合休闲度假。	357	18949
7601	标准间	标准间，简洁整洁，设施完备，高性价比之选。	249	18950
7602	行政套房	行政套房，空间宽敞，配套齐全，尊享舒适入住体验。	829	18951
7602	标准间	标准间，简洁整洁，设施完备，高性价比之选。	249	18952
7602	大床房	大床房，配备舒适大床，温馨静谧，适合休闲度假。	424	18953
7603	大床房	大床房，配备舒适大床，温馨静谧，适合休闲度假。	340	18954
7603	标准间	标准间，简洁整洁，设施完备，高性价比之选。	285	18955
7603	行政套房	行政套房，空间宽敞，配套齐全，尊享舒适入住体验。	676	18956
7604	大床房	大床房，配备舒适大床，温馨静谧，适合休闲度假。	336	18957
7604	标准间	标准间，简洁整洁，设施完备，高性价比之选。	261	18958
7605	行政套房	行政套房，空间宽敞，配套齐全，尊享舒适入住体验。	762	18959
7605	大床房	大床房，配备舒适大床，温馨静谧，适合休闲度假。	322	18960
7606	行政套房	行政套房，空间宽敞，配套齐全，尊享舒适入住体验。	659	18961
7606	大床房	大床房，配备舒适大床，温馨静谧，适合休闲度假。	414	18962
7607	行政套房	行政套房，空间宽敞，配套齐全，尊享舒适入住体验。	560	18963
7607	大床房	大床房，配备舒适大床，温馨静谧，适合休闲度假。	432	18964
7608	标准间	标准间，简洁整洁，设施完备，高性价比之选。	289	18965
7608	大床房	大床房，配备舒适大床，温馨静谧，适合休闲度假。	331	18966
7609	标准间	标准间，简洁整洁，设施完备，高性价比之选。	229	18967
7609	大床房	大床房，配备舒适大床，温馨静谧，适合休闲度假。	462	18968
7609	行政套房	行政套房，空间宽敞，配套齐全，尊享舒适入住体验。	796	18969
7610	行政套房	行政套房，空间宽敞，配套齐全，尊享舒适入住体验。	515	18970
7610	标准间	标准间，简洁整洁，设施完备，高性价比之选。	238	18971
7610	大床房	大床房，配备舒适大床，温馨静谧，适合休闲度假。	447	18972
7611	标准间	标准间，简洁整洁，设施完备，高性价比之选。	288	18973
7611	行政套房	行政套房，空间宽敞，配套齐全，尊享舒适入住体验。	531	18974
7611	大床房	大床房，配备舒适大床，温馨静谧，适合休闲度假。	402	18975
7612	标准间	标准间，简洁整洁，设施完备，高性价比之选。	265	18976
7612	大床房	大床房，配备舒适大床，温馨静谧，适合休闲度假。	267	18977
7613	标准间	标准间，简洁整洁，设施完备，高性价比之选。	238	18978
7613	大床房	大床房，配备舒适大床，温馨静谧，适合休闲度假。	400	18979
7613	行政套房	行政套房，空间宽敞，配套齐全，尊享舒适入住体验。	727	18980
7614	行政套房	行政套房，空间宽敞，配套齐全，尊享舒适入住体验。	586	18981
7614	标准间	标准间，简洁整洁，设施完备，高性价比之选。	266	18982
7614	大床房	大床房，配备舒适大床，温馨静谧，适合休闲度假。	467	18983
7615	标准间	标准间，简洁整洁，设施完备，高性价比之选。	260	18984
7615	行政套房	行政套房，空间宽敞，配套齐全，尊享舒适入住体验。	635	18985
7616	行政套房	行政套房，空间宽敞，配套齐全，尊享舒适入住体验。	803	18986
7616	大床房	大床房，配备舒适大床，温馨静谧，适合休闲度假。	401	18987
7617	行政套房	行政套房，空间宽敞，配套齐全，尊享舒适入住体验。	764	18988
7617	大床房	大床房，配备舒适大床，温馨静谧，适合休闲度假。	418	18989
7618	标准间	标准间，简洁整洁，设施完备，高性价比之选。	199	18990
7618	行政套房	行政套房，空间宽敞，配套齐全，尊享舒适入住体验。	780	18991
7618	大床房	大床房，配备舒适大床，温馨静谧，适合休闲度假。	437	18992
7619	行政套房	行政套房，空间宽敞，配套齐全，尊享舒适入住体验。	703	18993
7619	大床房	大床房，配备舒适大床，温馨静谧，适合休闲度假。	442	18994
7620	大床房	大床房，配备舒适大床，温馨静谧，适合休闲度假。	302	18995
7620	标准间	标准间，简洁整洁，设施完备，高性价比之选。	245	18996
7620	行政套房	行政套房，空间宽敞，配套齐全，尊享舒适入住体验。	765	18997
7621	大床房	大床房，配备舒适大床，温馨静谧，适合休闲度假。	264	18998
7621	标准间	标准间，简洁整洁，设施完备，高性价比之选。	296	18999
7622	大床房	大床房，配备舒适大床，温馨静谧，适合休闲度假。	347	19000
7622	行政套房	行政套房，空间宽敞，配套齐全，尊享舒适入住体验。	650	19001
7623	标准间	标准间，简洁整洁，设施完备，高性价比之选。	181	19002
7623	行政套房	行政套房，空间宽敞，配套齐全，尊享舒适入住体验。	659	19003
7624	行政套房	行政套房，空间宽敞，配套齐全，尊享舒适入住体验。	711	19004
7624	标准间	标准间，简洁整洁，设施完备，高性价比之选。	313	19005
7625	标准间	标准间，简洁整洁，设施完备，高性价比之选。	243	19006
7625	大床房	大床房，配备舒适大床，温馨静谧，适合休闲度假。	421	19007
7626	大床房	大床房，配备舒适大床，温馨静谧，适合休闲度假。	356	19008
7626	行政套房	行政套房，空间宽敞，配套齐全，尊享舒适入住体验。	642	19009
7626	标准间	标准间，简洁整洁，设施完备，高性价比之选。	189	19010
7627	行政套房	行政套房，空间宽敞，配套齐全，尊享舒适入住体验。	480	19011
7627	大床房	大床房，配备舒适大床，温馨静谧，适合休闲度假。	450	19012
7627	标准间	标准间，简洁整洁，设施完备，高性价比之选。	311	19013
7628	大床房	大床房，配备舒适大床，温馨静谧，适合休闲度假。	437	19014
7628	标准间	标准间，简洁整洁，设施完备，高性价比之选。	231	19015
7628	行政套房	行政套房，空间宽敞，配套齐全，尊享舒适入住体验。	509	19016
7629	大床房	大床房，配备舒适大床，温馨静谧，适合休闲度假。	284	19017
7629	标准间	标准间，简洁整洁，设施完备，高性价比之选。	262	19018
7630	行政套房	行政套房，空间宽敞，配套齐全，尊享舒适入住体验。	557	19019
7630	大床房	大床房，配备舒适大床，温馨静谧，适合休闲度假。	391	19020
7630	标准间	标准间，简洁整洁，设施完备，高性价比之选。	309	19021
7631	标准间	标准间，简洁整洁，设施完备，高性价比之选。	250	19022
7631	大床房	大床房，配备舒适大床，温馨静谧，适合休闲度假。	398	19023
7631	行政套房	行政套房，空间宽敞，配套齐全，尊享舒适入住体验。	558	19024
7632	行政套房	行政套房，空间宽敞，配套齐全，尊享舒适入住体验。	600	19025
7632	大床房	大床房，配备舒适大床，温馨静谧，适合休闲度假。	455	19026
7633	大床房	大床房，配备舒适大床，温馨静谧，适合休闲度假。	388	19027
7633	标准间	标准间，简洁整洁，设施完备，高性价比之选。	185	19028
7633	行政套房	行政套房，空间宽敞，配套齐全，尊享舒适入住体验。	603	19029
7634	标准间	标准间，简洁整洁，设施完备，高性价比之选。	188	19030
7634	大床房	大床房，配备舒适大床，温馨静谧，适合休闲度假。	298	19031
7635	大床房	大床房，配备舒适大床，温馨静谧，适合休闲度假。	364	19032
7635	行政套房	行政套房，空间宽敞，配套齐全，尊享舒适入住体验。	770	19033
7636	大床房	大床房，配备舒适大床，温馨静谧，适合休闲度假。	456	19034
7636	行政套房	行政套房，空间宽敞，配套齐全，尊享舒适入住体验。	697	19035
7636	标准间	标准间，简洁整洁，设施完备，高性价比之选。	181	19036
7637	行政套房	行政套房，空间宽敞，配套齐全，尊享舒适入住体验。	860	19037
7637	标准间	标准间，简洁整洁，设施完备，高性价比之选。	308	19038
7637	大床房	大床房，配备舒适大床，温馨静谧，适合休闲度假。	302	19039
7638	行政套房	行政套房，空间宽敞，配套齐全，尊享舒适入住体验。	592	19040
7638	大床房	大床房，配备舒适大床，温馨静谧，适合休闲度假。	353	19041
7638	标准间	标准间，简洁整洁，设施完备，高性价比之选。	256	19042
7639	大床房	大床房，配备舒适大床，温馨静谧，适合休闲度假。	325	19043
7639	标准间	标准间，简洁整洁，设施完备，高性价比之选。	204	19044
7640	行政套房	行政套房，空间宽敞，配套齐全，尊享舒适入住体验。	661	19045
7640	大床房	大床房，配备舒适大床，温馨静谧，适合休闲度假。	381	19046
7641	标准间	标准间，简洁整洁，设施完备，高性价比之选。	307	19047
7641	行政套房	行政套房，空间宽敞，配套齐全，尊享舒适入住体验。	706	19048
7642	标准间	标准间，简洁整洁，设施完备，高性价比之选。	296	19049
7642	大床房	大床房，配备舒适大床，温馨静谧，适合休闲度假。	375	19050
7643	标准间	标准间，简洁整洁，设施完备，高性价比之选。	248	19051
7643	行政套房	行政套房，空间宽敞，配套齐全，尊享舒适入住体验。	700	19052
7643	大床房	大床房，配备舒适大床，温馨静谧，适合休闲度假。	397	19053
7644	大床房	大床房，配备舒适大床，温馨静谧，适合休闲度假。	296	19054
7644	行政套房	行政套房，空间宽敞，配套齐全，尊享舒适入住体验。	510	19055
7644	标准间	标准间，简洁整洁，设施完备，高性价比之选。	258	19056
7645	标准间	标准间，简洁整洁，设施完备，高性价比之选。	233	19057
7645	行政套房	行政套房，空间宽敞，配套齐全，尊享舒适入住体验。	824	19058
7645	大床房	大床房，配备舒适大床，温馨静谧，适合休闲度假。	351	19059
7646	行政套房	行政套房，空间宽敞，配套齐全，尊享舒适入住体验。	591	19060
7646	大床房	大床房，配备舒适大床，温馨静谧，适合休闲度假。	430	19061
7647	标准间	标准间，简洁整洁，设施完备，高性价比之选。	256	19062
7647	大床房	大床房，配备舒适大床，温馨静谧，适合休闲度假。	439	19063
7648	大床房	大床房，配备舒适大床，温馨静谧，适合休闲度假。	441	19064
7648	行政套房	行政套房，空间宽敞，配套齐全，尊享舒适入住体验。	641	19065
7648	标准间	标准间，简洁整洁，设施完备，高性价比之选。	241	19066
7649	标准间	标准间，简洁整洁，设施完备，高性价比之选。	211	19067
7649	行政套房	行政套房，空间宽敞，配套齐全，尊享舒适入住体验。	586	19068
7650	行政套房	行政套房，空间宽敞，配套齐全，尊享舒适入住体验。	785	19069
7650	标准间	标准间，简洁整洁，设施完备，高性价比之选。	317	19070
7651	标准间	标准间，简洁整洁，设施完备，高性价比之选。	220	19071
7651	行政套房	行政套房，空间宽敞，配套齐全，尊享舒适入住体验。	778	19072
7652	行政套房	行政套房，空间宽敞，配套齐全，尊享舒适入住体验。	610	19073
7652	标准间	标准间，简洁整洁，设施完备，高性价比之选。	309	19074
7652	大床房	大床房，配备舒适大床，温馨静谧，适合休闲度假。	357	19075
7653	行政套房	行政套房，空间宽敞，配套齐全，尊享舒适入住体验。	727	19076
7653	标准间	标准间，简洁整洁，设施完备，高性价比之选。	283	19077
7653	大床房	大床房，配备舒适大床，温馨静谧，适合休闲度假。	267	19078
7654	行政套房	行政套房，空间宽敞，配套齐全，尊享舒适入住体验。	685	19079
7654	标准间	标准间，简洁整洁，设施完备，高性价比之选。	315	19080
7655	行政套房	行政套房，空间宽敞，配套齐全，尊享舒适入住体验。	686	19081
7655	大床房	大床房，配备舒适大床，温馨静谧，适合休闲度假。	398	19082
7656	行政套房	行政套房，空间宽敞，配套齐全，尊享舒适入住体验。	799	19083
7656	大床房	大床房，配备舒适大床，温馨静谧，适合休闲度假。	441	19084
7656	标准间	标准间，简洁整洁，设施完备，高性价比之选。	192	19085
7657	标准间	标准间，简洁整洁，设施完备，高性价比之选。	243	19086
7657	大床房	大床房，配备舒适大床，温馨静谧，适合休闲度假。	276	19087
7658	行政套房	行政套房，空间宽敞，配套齐全，尊享舒适入住体验。	677	19088
7658	标准间	标准间，简洁整洁，设施完备，高性价比之选。	259	19089
7659	行政套房	行政套房，空间宽敞，配套齐全，尊享舒适入住体验。	632	19090
7659	标准间	标准间，简洁整洁，设施完备，高性价比之选。	311	19091
7660	大床房	大床房，配备舒适大床，温馨静谧，适合休闲度假。	418	19092
7660	标准间	标准间，简洁整洁，设施完备，高性价比之选。	210	19093
7661	标准间	标准间，简洁整洁，设施完备，高性价比之选。	249	19094
7661	大床房	大床房，配备舒适大床，温馨静谧，适合休闲度假。	268	19095
7662	行政套房	行政套房，空间宽敞，配套齐全，尊享舒适入住体验。	605	19096
7662	大床房	大床房，配备舒适大床，温馨静谧，适合休闲度假。	373	19097
7663	标准间	标准间，简洁整洁，设施完备，高性价比之选。	189	19098
7663	大床房	大床房，配备舒适大床，温馨静谧，适合休闲度假。	305	19099
7663	行政套房	行政套房，空间宽敞，配套齐全，尊享舒适入住体验。	582	19100
7664	大床房	大床房，配备舒适大床，温馨静谧，适合休闲度假。	304	19101
7664	行政套房	行政套房，空间宽敞，配套齐全，尊享舒适入住体验。	647	19102
7665	大床房	大床房，配备舒适大床，温馨静谧，适合休闲度假。	260	19103
7665	行政套房	行政套房，空间宽敞，配套齐全，尊享舒适入住体验。	571	19104
7666	大床房	大床房，配备舒适大床，温馨静谧，适合休闲度假。	261	19105
7666	标准间	标准间，简洁整洁，设施完备，高性价比之选。	320	19106
7666	行政套房	行政套房，空间宽敞，配套齐全，尊享舒适入住体验。	637	19107
7667	标准间	标准间，简洁整洁，设施完备，高性价比之选。	228	19108
7667	大床房	大床房，配备舒适大床，温馨静谧，适合休闲度假。	418	19109
7667	行政套房	行政套房，空间宽敞，配套齐全，尊享舒适入住体验。	737	19110
7668	标准间	标准间，简洁整洁，设施完备，高性价比之选。	249	19111
7668	行政套房	行政套房，空间宽敞，配套齐全，尊享舒适入住体验。	737	19112
7668	大床房	大床房，配备舒适大床，温馨静谧，适合休闲度假。	312	19113
7669	标准间	标准间，简洁整洁，设施完备，高性价比之选。	249	19114
7669	行政套房	行政套房，空间宽敞，配套齐全，尊享舒适入住体验。	648	19115
7670	标准间	标准间，简洁整洁，设施完备，高性价比之选。	272	19116
7670	大床房	大床房，配备舒适大床，温馨静谧，适合休闲度假。	341	19117
7671	大床房	大床房，配备舒适大床，温馨静谧，适合休闲度假。	320	19118
7671	标准间	标准间，简洁整洁，设施完备，高性价比之选。	252	19119
7671	行政套房	行政套房，空间宽敞，配套齐全，尊享舒适入住体验。	517	19120
7672	行政套房	行政套房，空间宽敞，配套齐全，尊享舒适入住体验。	799	19121
7672	大床房	大床房，配备舒适大床，温馨静谧，适合休闲度假。	441	19122
7672	标准间	标准间，简洁整洁，设施完备，高性价比之选。	217	19123
7673	标准间	标准间，简洁整洁，设施完备，高性价比之选。	243	19124
7673	大床房	大床房，配备舒适大床，温馨静谧，适合休闲度假。	288	19125
7674	标准间	标准间，简洁整洁，设施完备，高性价比之选。	224	19126
7674	大床房	大床房，配备舒适大床，温馨静谧，适合休闲度假。	272	19127
7674	行政套房	行政套房，空间宽敞，配套齐全，尊享舒适入住体验。	803	19128
7675	标准间	标准间，简洁整洁，设施完备，高性价比之选。	292	19129
7675	行政套房	行政套房，空间宽敞，配套齐全，尊享舒适入住体验。	586	19130
7676	大床房	大床房，配备舒适大床，温馨静谧，适合休闲度假。	307	19131
7676	行政套房	行政套房，空间宽敞，配套齐全，尊享舒适入住体验。	849	19132
7676	标准间	标准间，简洁整洁，设施完备，高性价比之选。	301	19133
7677	标准间	标准间，简洁整洁，设施完备，高性价比之选。	317	19134
7677	大床房	大床房，配备舒适大床，温馨静谧，适合休闲度假。	468	19135
7678	标准间	标准间，简洁整洁，设施完备，高性价比之选。	300	19136
7678	行政套房	行政套房，空间宽敞，配套齐全，尊享舒适入住体验。	871	19137
7679	行政套房	行政套房，空间宽敞，配套齐全，尊享舒适入住体验。	672	19138
7679	大床房	大床房，配备舒适大床，温馨静谧，适合休闲度假。	328	19139
7679	标准间	标准间，简洁整洁，设施完备，高性价比之选。	258	19140
7680	行政套房	行政套房，空间宽敞，配套齐全，尊享舒适入住体验。	735	19141
7680	大床房	大床房，配备舒适大床，温馨静谧，适合休闲度假。	319	19142
7681	大床房	大床房，配备舒适大床，温馨静谧，适合休闲度假。	396	19143
7681	行政套房	行政套房，空间宽敞，配套齐全，尊享舒适入住体验。	526	19144
7681	标准间	标准间，简洁整洁，设施完备，高性价比之选。	238	19145
7682	大床房	大床房，配备舒适大床，温馨静谧，适合休闲度假。	359	19146
7682	行政套房	行政套房，空间宽敞，配套齐全，尊享舒适入住体验。	830	19147
7683	标准间	标准间，简洁整洁，设施完备，高性价比之选。	273	19148
7683	行政套房	行政套房，空间宽敞，配套齐全，尊享舒适入住体验。	608	19149
7683	大床房	大床房，配备舒适大床，温馨静谧，适合休闲度假。	463	19150
7684	标准间	标准间，简洁整洁，设施完备，高性价比之选。	273	19151
7684	大床房	大床房，配备舒适大床，温馨静谧，适合休闲度假。	345	19152
7685	大床房	大床房，配备舒适大床，温馨静谧，适合休闲度假。	411	19153
7685	行政套房	行政套房，空间宽敞，配套齐全，尊享舒适入住体验。	640	19154
7685	标准间	标准间，简洁整洁，设施完备，高性价比之选。	200	19155
7686	标准间	标准间，简洁整洁，设施完备，高性价比之选。	262	19156
7686	大床房	大床房，配备舒适大床，温馨静谧，适合休闲度假。	430	19157
7687	行政套房	行政套房，空间宽敞，配套齐全，尊享舒适入住体验。	661	19158
7687	标准间	标准间，简洁整洁，设施完备，高性价比之选。	290	19159
7688	标准间	标准间，简洁整洁，设施完备，高性价比之选。	255	19160
7688	行政套房	行政套房，空间宽敞，配套齐全，尊享舒适入住体验。	843	19161
7688	大床房	大床房，配备舒适大床，温馨静谧，适合休闲度假。	318	19162
7689	大床房	大床房，配备舒适大床，温馨静谧，适合休闲度假。	363	19163
7689	行政套房	行政套房，空间宽敞，配套齐全，尊享舒适入住体验。	602	19164
7689	标准间	标准间，简洁整洁，设施完备，高性价比之选。	229	19165
7690	标准间	标准间，简洁整洁，设施完备，高性价比之选。	180	19166
7690	行政套房	行政套房，空间宽敞，配套齐全，尊享舒适入住体验。	687	19167
7690	大床房	大床房，配备舒适大床，温馨静谧，适合休闲度假。	452	19168
7691	大床房	大床房，配备舒适大床，温馨静谧，适合休闲度假。	434	19169
7691	行政套房	行政套房，空间宽敞，配套齐全，尊享舒适入住体验。	547	19170
7691	标准间	标准间，简洁整洁，设施完备，高性价比之选。	200	19171
7692	行政套房	行政套房，空间宽敞，配套齐全，尊享舒适入住体验。	807	19172
7692	大床房	大床房，配备舒适大床，温馨静谧，适合休闲度假。	469	19173
7692	标准间	标准间，简洁整洁，设施完备，高性价比之选。	289	19174
7693	大床房	大床房，配备舒适大床，温馨静谧，适合休闲度假。	313	19175
7693	行政套房	行政套房，空间宽敞，配套齐全，尊享舒适入住体验。	526	19176
7694	大床房	大床房，配备舒适大床，温馨静谧，适合休闲度假。	415	19177
7694	行政套房	行政套房，空间宽敞，配套齐全，尊享舒适入住体验。	823	19178
7695	标准间	标准间，简洁整洁，设施完备，高性价比之选。	194	19179
7695	行政套房	行政套房，空间宽敞，配套齐全，尊享舒适入住体验。	686	19180
7696	标准间	标准间，简洁整洁，设施完备，高性价比之选。	196	19181
7696	行政套房	行政套房，空间宽敞，配套齐全，尊享舒适入住体验。	825	19182
7696	大床房	大床房，配备舒适大床，温馨静谧，适合休闲度假。	444	19183
7697	大床房	大床房，配备舒适大床，温馨静谧，适合休闲度假。	319	19184
7697	标准间	标准间，简洁整洁，设施完备，高性价比之选。	305	19185
7698	行政套房	行政套房，空间宽敞，配套齐全，尊享舒适入住体验。	491	19186
7698	标准间	标准间，简洁整洁，设施完备，高性价比之选。	273	19187
7699	标准间	标准间，简洁整洁，设施完备，高性价比之选。	263	19188
7699	行政套房	行政套房，空间宽敞，配套齐全，尊享舒适入住体验。	744	19189
7700	大床房	大床房，配备舒适大床，温馨静谧，适合休闲度假。	439	19190
7700	行政套房	行政套房，空间宽敞，配套齐全，尊享舒适入住体验。	621	19191
7700	标准间	标准间，简洁整洁，设施完备，高性价比之选。	233	19192
7701	行政套房	行政套房，空间宽敞，配套齐全，尊享舒适入住体验。	663	19193
7701	标准间	标准间，简洁整洁，设施完备，高性价比之选。	196	19194
7702	标准间	标准间，简洁整洁，设施完备，高性价比之选。	311	19195
7702	行政套房	行政套房，空间宽敞，配套齐全，尊享舒适入住体验。	519	19196
7703	标准间	标准间，简洁整洁，设施完备，高性价比之选。	205	19197
7703	行政套房	行政套房，空间宽敞，配套齐全，尊享舒适入住体验。	790	19198
7704	行政套房	行政套房，空间宽敞，配套齐全，尊享舒适入住体验。	790	19199
7704	大床房	大床房，配备舒适大床，温馨静谧，适合休闲度假。	408	19200
7704	标准间	标准间，简洁整洁，设施完备，高性价比之选。	210	19201
7705	大床房	大床房，配备舒适大床，温馨静谧，适合休闲度假。	413	19202
7705	行政套房	行政套房，空间宽敞，配套齐全，尊享舒适入住体验。	799	19203
7705	标准间	标准间，简洁整洁，设施完备，高性价比之选。	320	19204
7706	标准间	标准间，简洁整洁，设施完备，高性价比之选。	254	19205
7706	大床房	大床房，配备舒适大床，温馨静谧，适合休闲度假。	372	19206
7707	行政套房	行政套房，空间宽敞，配套齐全，尊享舒适入住体验。	647	19207
7707	标准间	标准间，简洁整洁，设施完备，高性价比之选。	300	19208
7707	大床房	大床房，配备舒适大床，温馨静谧，适合休闲度假。	395	19209
7708	大床房	大床房，配备舒适大床，温馨静谧，适合休闲度假。	383	19210
7708	行政套房	行政套房，空间宽敞，配套齐全，尊享舒适入住体验。	795	19211
7708	标准间	标准间，简洁整洁，设施完备，高性价比之选。	301	19212
7709	行政套房	行政套房，空间宽敞，配套齐全，尊享舒适入住体验。	663	19213
7709	标准间	标准间，简洁整洁，设施完备，高性价比之选。	290	19214
7710	标准间	标准间，简洁整洁，设施完备，高性价比之选。	317	19215
7710	行政套房	行政套房，空间宽敞，配套齐全，尊享舒适入住体验。	497	19216
7711	行政套房	行政套房，空间宽敞，配套齐全，尊享舒适入住体验。	867	19217
7711	大床房	大床房，配备舒适大床，温馨静谧，适合休闲度假。	453	19218
7711	标准间	标准间，简洁整洁，设施完备，高性价比之选。	231	19219
7712	行政套房	行政套房，空间宽敞，配套齐全，尊享舒适入住体验。	761	19220
7712	大床房	大床房，配备舒适大床，温馨静谧，适合休闲度假。	422	19221
7712	标准间	标准间，简洁整洁，设施完备，高性价比之选。	202	19222
7713	标准间	标准间，简洁整洁，设施完备，高性价比之选。	253	19223
7713	行政套房	行政套房，空间宽敞，配套齐全，尊享舒适入住体验。	521	19224
7713	大床房	大床房，配备舒适大床，温馨静谧，适合休闲度假。	345	19225
7714	大床房	大床房，配备舒适大床，温馨静谧，适合休闲度假。	361	19226
7714	行政套房	行政套房，空间宽敞，配套齐全，尊享舒适入住体验。	559	19227
7714	标准间	标准间，简洁整洁，设施完备，高性价比之选。	303	19228
7715	大床房	大床房，配备舒适大床，温馨静谧，适合休闲度假。	386	19229
7715	标准间	标准间，简洁整洁，设施完备，高性价比之选。	226	19230
7715	行政套房	行政套房，空间宽敞，配套齐全，尊享舒适入住体验。	596	19231
7716	大床房	大床房，配备舒适大床，温馨静谧，适合休闲度假。	322	19232
7716	标准间	标准间，简洁整洁，设施完备，高性价比之选。	253	19233
7717	标准间	标准间，简洁整洁，设施完备，高性价比之选。	268	19234
7717	行政套房	行政套房，空间宽敞，配套齐全，尊享舒适入住体验。	492	19235
7717	大床房	大床房，配备舒适大床，温馨静谧，适合休闲度假。	339	19236
7718	标准间	标准间，简洁整洁，设施完备，高性价比之选。	218	19237
7718	大床房	大床房，配备舒适大床，温馨静谧，适合休闲度假。	301	19238
7719	行政套房	行政套房，空间宽敞，配套齐全，尊享舒适入住体验。	803	19239
7719	标准间	标准间，简洁整洁，设施完备，高性价比之选。	268	19240
7720	大床房	大床房，配备舒适大床，温馨静谧，适合休闲度假。	369	19241
7720	标准间	标准间，简洁整洁，设施完备，高性价比之选。	306	19242
7721	行政套房	行政套房，空间宽敞，配套齐全，尊享舒适入住体验。	713	19243
7721	标准间	标准间，简洁整洁，设施完备，高性价比之选。	276	19244
7722	大床房	大床房，配备舒适大床，温馨静谧，适合休闲度假。	442	19245
7722	行政套房	行政套房，空间宽敞，配套齐全，尊享舒适入住体验。	867	19246
7723	标准间	标准间，简洁整洁，设施完备，高性价比之选。	284	19247
7723	大床房	大床房，配备舒适大床，温馨静谧，适合休闲度假。	337	19248
7724	大床房	大床房，配备舒适大床，温馨静谧，适合休闲度假。	328	19249
7724	标准间	标准间，简洁整洁，设施完备，高性价比之选。	245	19250
7725	行政套房	行政套房，空间宽敞，配套齐全，尊享舒适入住体验。	757	19251
7725	标准间	标准间，简洁整洁，设施完备，高性价比之选。	231	19252
7726	大床房	大床房，配备舒适大床，温馨静谧，适合休闲度假。	453	19253
7726	行政套房	行政套房，空间宽敞，配套齐全，尊享舒适入住体验。	817	19254
7727	大床房	大床房，配备舒适大床，温馨静谧，适合休闲度假。	293	19255
7727	标准间	标准间，简洁整洁，设施完备，高性价比之选。	307	19256
7727	行政套房	行政套房，空间宽敞，配套齐全，尊享舒适入住体验。	756	19257
7728	标准间	标准间，简洁整洁，设施完备，高性价比之选。	237	19258
7728	行政套房	行政套房，空间宽敞，配套齐全，尊享舒适入住体验。	877	19259
7728	大床房	大床房，配备舒适大床，温馨静谧，适合休闲度假。	372	19260
7729	行政套房	行政套房，空间宽敞，配套齐全，尊享舒适入住体验。	876	19261
7729	标准间	标准间，简洁整洁，设施完备，高性价比之选。	255	19262
7730	行政套房	行政套房，空间宽敞，配套齐全，尊享舒适入住体验。	518	19263
7730	大床房	大床房，配备舒适大床，温馨静谧，适合休闲度假。	477	19264
7731	标准间	标准间，简洁整洁，设施完备，高性价比之选。	300	19265
7731	大床房	大床房，配备舒适大床，温馨静谧，适合休闲度假。	469	19266
7732	大床房	大床房，配备舒适大床，温馨静谧，适合休闲度假。	342	19267
7732	行政套房	行政套房，空间宽敞，配套齐全，尊享舒适入住体验。	574	19268
7732	标准间	标准间，简洁整洁，设施完备，高性价比之选。	231	19269
7733	大床房	大床房，配备舒适大床，温馨静谧，适合休闲度假。	375	19270
7733	行政套房	行政套房，空间宽敞，配套齐全，尊享舒适入住体验。	639	19271
7734	大床房	大床房，配备舒适大床，温馨静谧，适合休闲度假。	340	19272
7734	行政套房	行政套房，空间宽敞，配套齐全，尊享舒适入住体验。	576	19273
7734	标准间	标准间，简洁整洁，设施完备，高性价比之选。	316	19274
7735	标准间	标准间，简洁整洁，设施完备，高性价比之选。	232	19275
7735	行政套房	行政套房，空间宽敞，配套齐全，尊享舒适入住体验。	611	19276
7735	大床房	大床房，配备舒适大床，温馨静谧，适合休闲度假。	389	19277
7736	标准间	标准间，简洁整洁，设施完备，高性价比之选。	266	19278
7736	行政套房	行政套房，空间宽敞，配套齐全，尊享舒适入住体验。	841	19279
7736	大床房	大床房，配备舒适大床，温馨静谧，适合休闲度假。	424	19280
7737	大床房	大床房，配备舒适大床，温馨静谧，适合休闲度假。	349	19281
7737	标准间	标准间，简洁整洁，设施完备，高性价比之选。	192	19282
7737	行政套房	行政套房，空间宽敞，配套齐全，尊享舒适入住体验。	795	19283
7738	行政套房	行政套房，空间宽敞，配套齐全，尊享舒适入住体验。	485	19284
7738	标准间	标准间，简洁整洁，设施完备，高性价比之选。	305	19285
7738	大床房	大床房，配备舒适大床，温馨静谧，适合休闲度假。	324	19286
7739	标准间	标准间，简洁整洁，设施完备，高性价比之选。	304	19287
7739	行政套房	行政套房，空间宽敞，配套齐全，尊享舒适入住体验。	555	19288
7739	大床房	大床房，配备舒适大床，温馨静谧，适合休闲度假。	420	19289
7740	行政套房	行政套房，空间宽敞，配套齐全，尊享舒适入住体验。	782	19290
7740	大床房	大床房，配备舒适大床，温馨静谧，适合休闲度假。	419	19291
7741	大床房	大床房，配备舒适大床，温馨静谧，适合休闲度假。	288	19292
7741	行政套房	行政套房，空间宽敞，配套齐全，尊享舒适入住体验。	481	19293
7742	标准间	标准间，简洁整洁，设施完备，高性价比之选。	201	19294
7742	行政套房	行政套房，空间宽敞，配套齐全，尊享舒适入住体验。	499	19295
7742	大床房	大床房，配备舒适大床，温馨静谧，适合休闲度假。	369	19296
7743	大床房	大床房，配备舒适大床，温馨静谧，适合休闲度假。	293	19297
7743	标准间	标准间，简洁整洁，设施完备，高性价比之选。	317	19298
7743	行政套房	行政套房，空间宽敞，配套齐全，尊享舒适入住体验。	553	19299
7744	行政套房	行政套房，空间宽敞，配套齐全，尊享舒适入住体验。	716	19300
7744	标准间	标准间，简洁整洁，设施完备，高性价比之选。	293	19301
7745	标准间	标准间，简洁整洁，设施完备，高性价比之选。	230	19302
7745	大床房	大床房，配备舒适大床，温馨静谧，适合休闲度假。	435	19303
7746	行政套房	行政套房，空间宽敞，配套齐全，尊享舒适入住体验。	758	19304
7746	标准间	标准间，简洁整洁，设施完备，高性价比之选。	311	19305
7747	行政套房	行政套房，空间宽敞，配套齐全，尊享舒适入住体验。	636	19306
7747	大床房	大床房，配备舒适大床，温馨静谧，适合休闲度假。	468	19307
7748	标准间	标准间，简洁整洁，设施完备，高性价比之选。	312	19308
7748	大床房	大床房，配备舒适大床，温馨静谧，适合休闲度假。	329	19309
7748	行政套房	行政套房，空间宽敞，配套齐全，尊享舒适入住体验。	584	19310
7749	大床房	大床房，配备舒适大床，温馨静谧，适合休闲度假。	341	19311
7749	标准间	标准间，简洁整洁，设施完备，高性价比之选。	306	19312
7749	行政套房	行政套房，空间宽敞，配套齐全，尊享舒适入住体验。	584	19313
7750	大床房	大床房，配备舒适大床，温馨静谧，适合休闲度假。	261	19314
7750	标准间	标准间，简洁整洁，设施完备，高性价比之选。	221	19315
7751	行政套房	行政套房，空间宽敞，配套齐全，尊享舒适入住体验。	719	19316
7751	大床房	大床房，配备舒适大床，温馨静谧，适合休闲度假。	323	19317
7751	标准间	标准间，简洁整洁，设施完备，高性价比之选。	203	19318
7752	大床房	大床房，配备舒适大床，温馨静谧，适合休闲度假。	460	19319
7752	行政套房	行政套房，空间宽敞，配套齐全，尊享舒适入住体验。	511	19320
7752	标准间	标准间，简洁整洁，设施完备，高性价比之选。	313	19321
7753	大床房	大床房，配备舒适大床，温馨静谧，适合休闲度假。	404	19322
7753	标准间	标准间，简洁整洁，设施完备，高性价比之选。	268	19323
7754	大床房	大床房，配备舒适大床，温馨静谧，适合休闲度假。	385	19324
7754	标准间	标准间，简洁整洁，设施完备，高性价比之选。	200	19325
7754	行政套房	行政套房，空间宽敞，配套齐全，尊享舒适入住体验。	600	19326
7755	行政套房	行政套房，空间宽敞，配套齐全，尊享舒适入住体验。	774	19327
7755	大床房	大床房，配备舒适大床，温馨静谧，适合休闲度假。	279	19328
7755	标准间	标准间，简洁整洁，设施完备，高性价比之选。	287	19329
7756	行政套房	行政套房，空间宽敞，配套齐全，尊享舒适入住体验。	840	19330
7756	大床房	大床房，配备舒适大床，温馨静谧，适合休闲度假。	271	19331
7757	标准间	标准间，简洁整洁，设施完备，高性价比之选。	296	19332
7757	行政套房	行政套房，空间宽敞，配套齐全，尊享舒适入住体验。	543	19333
7758	行政套房	行政套房，空间宽敞，配套齐全，尊享舒适入住体验。	551	19334
7758	大床房	大床房，配备舒适大床，温馨静谧，适合休闲度假。	273	19335
7759	行政套房	行政套房，空间宽敞，配套齐全，尊享舒适入住体验。	835	19336
7759	标准间	标准间，简洁整洁，设施完备，高性价比之选。	195	19337
7760	大床房	大床房，配备舒适大床，温馨静谧，适合休闲度假。	436	19338
7760	行政套房	行政套房，空间宽敞，配套齐全，尊享舒适入住体验。	569	19339
7761	大床房	大床房，配备舒适大床，温馨静谧，适合休闲度假。	413	19340
7761	标准间	标准间，简洁整洁，设施完备，高性价比之选。	216	19341
7761	行政套房	行政套房，空间宽敞，配套齐全，尊享舒适入住体验。	508	19342
7762	大床房	大床房，配备舒适大床，温馨静谧，适合休闲度假。	268	19343
7762	行政套房	行政套房，空间宽敞，配套齐全，尊享舒适入住体验。	683	19344
7763	标准间	标准间，简洁整洁，设施完备，高性价比之选。	269	19345
7763	行政套房	行政套房，空间宽敞，配套齐全，尊享舒适入住体验。	507	19346
7764	大床房	大床房，配备舒适大床，温馨静谧，适合休闲度假。	341	19347
7764	行政套房	行政套房，空间宽敞，配套齐全，尊享舒适入住体验。	547	19348
7764	标准间	标准间，简洁整洁，设施完备，高性价比之选。	297	19349
7765	行政套房	行政套房，空间宽敞，配套齐全，尊享舒适入住体验。	690	19350
7765	大床房	大床房，配备舒适大床，温馨静谧，适合休闲度假。	327	19351
7766	标准间	标准间，简洁整洁，设施完备，高性价比之选。	276	19352
7766	行政套房	行政套房，空间宽敞，配套齐全，尊享舒适入住体验。	864	19353
7767	标准间	标准间，简洁整洁，设施完备，高性价比之选。	197	19354
7767	大床房	大床房，配备舒适大床，温馨静谧，适合休闲度假。	327	19355
7768	标准间	标准间，简洁整洁，设施完备，高性价比之选。	255	19356
7768	大床房	大床房，配备舒适大床，温馨静谧，适合休闲度假。	460	19357
7769	大床房	大床房，配备舒适大床，温馨静谧，适合休闲度假。	400	19358
7769	行政套房	行政套房，空间宽敞，配套齐全，尊享舒适入住体验。	533	19359
7769	标准间	标准间，简洁整洁，设施完备，高性价比之选。	206	19360
7770	大床房	大床房，配备舒适大床，温馨静谧，适合休闲度假。	362	19361
7770	标准间	标准间，简洁整洁，设施完备，高性价比之选。	184	19362
7770	行政套房	行政套房，空间宽敞，配套齐全，尊享舒适入住体验。	616	19363
7771	行政套房	行政套房，空间宽敞，配套齐全，尊享舒适入住体验。	858	19364
7771	大床房	大床房，配备舒适大床，温馨静谧，适合休闲度假。	414	19365
7772	行政套房	行政套房，空间宽敞，配套齐全，尊享舒适入住体验。	822	19366
7772	标准间	标准间，简洁整洁，设施完备，高性价比之选。	295	19367
7773	行政套房	行政套房，空间宽敞，配套齐全，尊享舒适入住体验。	869	19368
7773	大床房	大床房，配备舒适大床，温馨静谧，适合休闲度假。	370	19369
7774	标准间	标准间，简洁整洁，设施完备，高性价比之选。	314	19370
7774	行政套房	行政套房，空间宽敞，配套齐全，尊享舒适入住体验。	672	19371
7774	大床房	大床房，配备舒适大床，温馨静谧，适合休闲度假。	314	19372
7775	大床房	大床房，配备舒适大床，温馨静谧，适合休闲度假。	344	19373
7775	标准间	标准间，简洁整洁，设施完备，高性价比之选。	197	19374
7776	行政套房	行政套房，空间宽敞，配套齐全，尊享舒适入住体验。	829	19375
7776	大床房	大床房，配备舒适大床，温馨静谧，适合休闲度假。	437	19376
7776	标准间	标准间，简洁整洁，设施完备，高性价比之选。	235	19377
7777	标准间	标准间，简洁整洁，设施完备，高性价比之选。	189	19378
7777	行政套房	行政套房，空间宽敞，配套齐全，尊享舒适入住体验。	697	19379
7777	大床房	大床房，配备舒适大床，温馨静谧，适合休闲度假。	397	19380
7778	大床房	大床房，配备舒适大床，温馨静谧，适合休闲度假。	291	19381
7778	行政套房	行政套房，空间宽敞，配套齐全，尊享舒适入住体验。	640	19382
7779	大床房	大床房，配备舒适大床，温馨静谧，适合休闲度假。	287	19383
7779	行政套房	行政套房，空间宽敞，配套齐全，尊享舒适入住体验。	703	19384
7779	标准间	标准间，简洁整洁，设施完备，高性价比之选。	191	19385
7780	行政套房	行政套房，空间宽敞，配套齐全，尊享舒适入住体验。	879	19386
7780	大床房	大床房，配备舒适大床，温馨静谧，适合休闲度假。	349	19387
7780	标准间	标准间，简洁整洁，设施完备，高性价比之选。	246	19388
7781	行政套房	行政套房，空间宽敞，配套齐全，尊享舒适入住体验。	678	19389
7781	标准间	标准间，简洁整洁，设施完备，高性价比之选。	214	19390
7781	大床房	大床房，配备舒适大床，温馨静谧，适合休闲度假。	352	19391
7782	行政套房	行政套房，空间宽敞，配套齐全，尊享舒适入住体验。	579	19392
7782	大床房	大床房，配备舒适大床，温馨静谧，适合休闲度假。	451	19393
7782	标准间	标准间，简洁整洁，设施完备，高性价比之选。	194	19394
7783	大床房	大床房，配备舒适大床，温馨静谧，适合休闲度假。	379	19395
7783	标准间	标准间，简洁整洁，设施完备，高性价比之选。	237	19396
7783	行政套房	行政套房，空间宽敞，配套齐全，尊享舒适入住体验。	697	19397
7784	行政套房	行政套房，空间宽敞，配套齐全，尊享舒适入住体验。	803	19398
7784	标准间	标准间，简洁整洁，设施完备，高性价比之选。	291	19399
7784	大床房	大床房，配备舒适大床，温馨静谧，适合休闲度假。	345	19400
7785	标准间	标准间，简洁整洁，设施完备，高性价比之选。	189	19401
7785	行政套房	行政套房，空间宽敞，配套齐全，尊享舒适入住体验。	810	19402
7785	大床房	大床房，配备舒适大床，温馨静谧，适合休闲度假。	418	19403
7786	大床房	大床房，配备舒适大床，温馨静谧，适合休闲度假。	375	19404
7786	标准间	标准间，简洁整洁，设施完备，高性价比之选。	203	19405
7787	标准间	标准间，简洁整洁，设施完备，高性价比之选。	212	19406
7787	大床房	大床房，配备舒适大床，温馨静谧，适合休闲度假。	476	19407
7787	行政套房	行政套房，空间宽敞，配套齐全，尊享舒适入住体验。	614	19408
7788	行政套房	行政套房，空间宽敞，配套齐全，尊享舒适入住体验。	541	19409
7788	标准间	标准间，简洁整洁，设施完备，高性价比之选。	284	19410
7788	大床房	大床房，配备舒适大床，温馨静谧，适合休闲度假。	378	19411
7789	大床房	大床房，配备舒适大床，温馨静谧，适合休闲度假。	397	19412
7789	行政套房	行政套房，空间宽敞，配套齐全，尊享舒适入住体验。	560	19413
7790	行政套房	行政套房，空间宽敞，配套齐全，尊享舒适入住体验。	699	19414
7790	标准间	标准间，简洁整洁，设施完备，高性价比之选。	288	19415
7791	标准间	标准间，简洁整洁，设施完备，高性价比之选。	298	19416
7791	大床房	大床房，配备舒适大床，温馨静谧，适合休闲度假。	369	19417
7791	行政套房	行政套房，空间宽敞，配套齐全，尊享舒适入住体验。	659	19418
7792	大床房	大床房，配备舒适大床，温馨静谧，适合休闲度假。	300	19419
7792	行政套房	行政套房，空间宽敞，配套齐全，尊享舒适入住体验。	682	19420
7792	标准间	标准间，简洁整洁，设施完备，高性价比之选。	214	19421
7793	大床房	大床房，配备舒适大床，温馨静谧，适合休闲度假。	325	19422
7793	标准间	标准间，简洁整洁，设施完备，高性价比之选。	275	19423
7793	行政套房	行政套房，空间宽敞，配套齐全，尊享舒适入住体验。	581	19424
7794	大床房	大床房，配备舒适大床，温馨静谧，适合休闲度假。	286	19425
7794	标准间	标准间，简洁整洁，设施完备，高性价比之选。	205	19426
7794	行政套房	行政套房，空间宽敞，配套齐全，尊享舒适入住体验。	760	19427
7795	标准间	标准间，简洁整洁，设施完备，高性价比之选。	282	19428
7795	行政套房	行政套房，空间宽敞，配套齐全，尊享舒适入住体验。	676	19429
7796	行政套房	行政套房，空间宽敞，配套齐全，尊享舒适入住体验。	562	19430
7796	标准间	标准间，简洁整洁，设施完备，高性价比之选。	193	19431
7797	标准间	标准间，简洁整洁，设施完备，高性价比之选。	286	19432
7797	行政套房	行政套房，空间宽敞，配套齐全，尊享舒适入住体验。	529	19433
7798	大床房	大床房，配备舒适大床，温馨静谧，适合休闲度假。	266	19434
7798	标准间	标准间，简洁整洁，设施完备，高性价比之选。	216	19435
7799	行政套房	行政套房，空间宽敞，配套齐全，尊享舒适入住体验。	855	19436
7799	标准间	标准间，简洁整洁，设施完备，高性价比之选。	271	19437
7800	行政套房	行政套房，空间宽敞，配套齐全，尊享舒适入住体验。	811	19438
7800	大床房	大床房，配备舒适大床，温馨静谧，适合休闲度假。	385	19439
7801	行政套房	行政套房，空间宽敞，配套齐全，尊享舒适入住体验。	669	19440
7801	大床房	大床房，配备舒适大床，温馨静谧，适合休闲度假。	452	19441
7802	标准间	标准间，简洁整洁，设施完备，高性价比之选。	270	19442
7802	行政套房	行政套房，空间宽敞，配套齐全，尊享舒适入住体验。	600	19443
7802	大床房	大床房，配备舒适大床，温馨静谧，适合休闲度假。	461	19444
7803	标准间	标准间，简洁整洁，设施完备，高性价比之选。	202	19445
7803	大床房	大床房，配备舒适大床，温馨静谧，适合休闲度假。	436	19446
7803	行政套房	行政套房，空间宽敞，配套齐全，尊享舒适入住体验。	580	19447
7804	大床房	大床房，配备舒适大床，温馨静谧，适合休闲度假。	381	19448
7804	标准间	标准间，简洁整洁，设施完备，高性价比之选。	282	19449
7805	标准间	标准间，简洁整洁，设施完备，高性价比之选。	196	19450
7805	大床房	大床房，配备舒适大床，温馨静谧，适合休闲度假。	339	19451
7806	标准间	标准间，简洁整洁，设施完备，高性价比之选。	249	19452
7806	行政套房	行政套房，空间宽敞，配套齐全，尊享舒适入住体验。	550	19453
7807	大床房	大床房，配备舒适大床，温馨静谧，适合休闲度假。	445	19454
7807	行政套房	行政套房，空间宽敞，配套齐全，尊享舒适入住体验。	488	19455
7808	大床房	大床房，配备舒适大床，温馨静谧，适合休闲度假。	435	19456
7808	行政套房	行政套房，空间宽敞，配套齐全，尊享舒适入住体验。	780	19457
7808	标准间	标准间，简洁整洁，设施完备，高性价比之选。	220	19458
7809	标准间	标准间，简洁整洁，设施完备，高性价比之选。	271	19459
7809	行政套房	行政套房，空间宽敞，配套齐全，尊享舒适入住体验。	545	19460
7810	行政套房	行政套房，空间宽敞，配套齐全，尊享舒适入住体验。	628	19461
7810	标准间	标准间，简洁整洁，设施完备，高性价比之选。	197	19462
7811	大床房	大床房，配备舒适大床，温馨静谧，适合休闲度假。	287	19463
7811	标准间	标准间，简洁整洁，设施完备，高性价比之选。	189	19464
7811	行政套房	行政套房，空间宽敞，配套齐全，尊享舒适入住体验。	577	19465
7812	标准间	标准间，简洁整洁，设施完备，高性价比之选。	249	19466
7812	行政套房	行政套房，空间宽敞，配套齐全，尊享舒适入住体验。	631	19467
7812	大床房	大床房，配备舒适大床，温馨静谧，适合休闲度假。	441	19468
7813	行政套房	行政套房，空间宽敞，配套齐全，尊享舒适入住体验。	612	19469
7813	标准间	标准间，简洁整洁，设施完备，高性价比之选。	193	19470
7814	标准间	标准间，简洁整洁，设施完备，高性价比之选。	263	19471
7814	行政套房	行政套房，空间宽敞，配套齐全，尊享舒适入住体验。	698	19472
7814	大床房	大床房，配备舒适大床，温馨静谧，适合休闲度假。	454	19473
7815	大床房	大床房，配备舒适大床，温馨静谧，适合休闲度假。	260	19474
7815	标准间	标准间，简洁整洁，设施完备，高性价比之选。	264	19475
7816	行政套房	行政套房，空间宽敞，配套齐全，尊享舒适入住体验。	878	19476
7816	标准间	标准间，简洁整洁，设施完备，高性价比之选。	207	19477
7816	大床房	大床房，配备舒适大床，温馨静谧，适合休闲度假。	373	19478
7817	大床房	大床房，配备舒适大床，温馨静谧，适合休闲度假。	411	19479
7817	标准间	标准间，简洁整洁，设施完备，高性价比之选。	227	19480
7817	行政套房	行政套房，空间宽敞，配套齐全，尊享舒适入住体验。	563	19481
7818	标准间	标准间，简洁整洁，设施完备，高性价比之选。	243	19482
7818	大床房	大床房，配备舒适大床，温馨静谧，适合休闲度假。	298	19483
7819	标准间	标准间，简洁整洁，设施完备，高性价比之选。	194	19484
7819	大床房	大床房，配备舒适大床，温馨静谧，适合休闲度假。	403	19485
7819	行政套房	行政套房，空间宽敞，配套齐全，尊享舒适入住体验。	616	19486
7820	行政套房	行政套房，空间宽敞，配套齐全，尊享舒适入住体验。	499	19487
7820	标准间	标准间，简洁整洁，设施完备，高性价比之选。	222	19488
7821	标准间	标准间，简洁整洁，设施完备，高性价比之选。	291	19489
7821	大床房	大床房，配备舒适大床，温馨静谧，适合休闲度假。	413	19490
7821	行政套房	行政套房，空间宽敞，配套齐全，尊享舒适入住体验。	670	19491
7822	标准间	标准间，简洁整洁，设施完备，高性价比之选。	226	19492
7822	行政套房	行政套房，空间宽敞，配套齐全，尊享舒适入住体验。	720	19493
7823	行政套房	行政套房，空间宽敞，配套齐全，尊享舒适入住体验。	486	19494
7823	标准间	标准间，简洁整洁，设施完备，高性价比之选。	237	19495
7823	大床房	大床房，配备舒适大床，温馨静谧，适合休闲度假。	260	19496
7824	行政套房	行政套房，空间宽敞，配套齐全，尊享舒适入住体验。	509	19497
7824	大床房	大床房，配备舒适大床，温馨静谧，适合休闲度假。	473	19498
7825	标准间	标准间，简洁整洁，设施完备，高性价比之选。	189	19499
7825	大床房	大床房，配备舒适大床，温馨静谧，适合休闲度假。	451	19500
7825	行政套房	行政套房，空间宽敞，配套齐全，尊享舒适入住体验。	870	19501
7826	大床房	大床房，配备舒适大床，温馨静谧，适合休闲度假。	474	19502
7826	标准间	标准间，简洁整洁，设施完备，高性价比之选。	206	19503
7827	标准间	标准间，简洁整洁，设施完备，高性价比之选。	243	19504
7827	行政套房	行政套房，空间宽敞，配套齐全，尊享舒适入住体验。	507	19505
7827	大床房	大床房，配备舒适大床，温馨静谧，适合休闲度假。	357	19506
7828	行政套房	行政套房，空间宽敞，配套齐全，尊享舒适入住体验。	607	19507
7828	大床房	大床房，配备舒适大床，温馨静谧，适合休闲度假。	349	19508
7828	标准间	标准间，简洁整洁，设施完备，高性价比之选。	260	19509
7829	行政套房	行政套房，空间宽敞，配套齐全，尊享舒适入住体验。	721	19510
7829	标准间	标准间，简洁整洁，设施完备，高性价比之选。	267	19511
7830	标准间	标准间，简洁整洁，设施完备，高性价比之选。	212	19512
7830	行政套房	行政套房，空间宽敞，配套齐全，尊享舒适入住体验。	647	19513
7831	大床房	大床房，配备舒适大床，温馨静谧，适合休闲度假。	384	19514
7831	标准间	标准间，简洁整洁，设施完备，高性价比之选。	237	19515
7832	大床房	大床房，配备舒适大床，温馨静谧，适合休闲度假。	292	19516
7832	标准间	标准间，简洁整洁，设施完备，高性价比之选。	307	19517
7832	行政套房	行政套房，空间宽敞，配套齐全，尊享舒适入住体验。	849	19518
7833	标准间	标准间，简洁整洁，设施完备，高性价比之选。	209	19519
7833	大床房	大床房，配备舒适大床，温馨静谧，适合休闲度假。	363	19520
7833	行政套房	行政套房，空间宽敞，配套齐全，尊享舒适入住体验。	560	19521
7834	标准间	标准间，简洁整洁，设施完备，高性价比之选。	309	19522
7834	大床房	大床房，配备舒适大床，温馨静谧，适合休闲度假。	391	19523
7834	行政套房	行政套房，空间宽敞，配套齐全，尊享舒适入住体验。	738	19524
7835	大床房	大床房，配备舒适大床，温馨静谧，适合休闲度假。	475	19525
7835	行政套房	行政套房，空间宽敞，配套齐全，尊享舒适入住体验。	677	19526
7836	标准间	标准间，简洁整洁，设施完备，高性价比之选。	264	19527
7836	大床房	大床房，配备舒适大床，温馨静谧，适合休闲度假。	371	19528
7836	行政套房	行政套房，空间宽敞，配套齐全，尊享舒适入住体验。	742	19529
7837	标准间	标准间，简洁整洁，设施完备，高性价比之选。	291	19530
7837	大床房	大床房，配备舒适大床，温馨静谧，适合休闲度假。	296	19531
7837	行政套房	行政套房，空间宽敞，配套齐全，尊享舒适入住体验。	775	19532
7838	大床房	大床房，配备舒适大床，温馨静谧，适合休闲度假。	356	19533
7838	行政套房	行政套房，空间宽敞，配套齐全，尊享舒适入住体验。	659	19534
7838	标准间	标准间，简洁整洁，设施完备，高性价比之选。	225	19535
7839	标准间	标准间，简洁整洁，设施完备，高性价比之选。	314	19536
7839	大床房	大床房，配备舒适大床，温馨静谧，适合休闲度假。	446	19537
7839	行政套房	行政套房，空间宽敞，配套齐全，尊享舒适入住体验。	743	19538
7840	标准间	标准间，简洁整洁，设施完备，高性价比之选。	240	19539
7840	大床房	大床房，配备舒适大床，温馨静谧，适合休闲度假。	476	19540
7840	行政套房	行政套房，空间宽敞，配套齐全，尊享舒适入住体验。	804	19541
7841	标准间	标准间，简洁整洁，设施完备，高性价比之选。	255	19542
7841	大床房	大床房，配备舒适大床，温馨静谧，适合休闲度假。	344	19543
7841	行政套房	行政套房，空间宽敞，配套齐全，尊享舒适入住体验。	547	19544
7842	标准间	标准间，简洁整洁，设施完备，高性价比之选。	205	19545
7842	行政套房	行政套房，空间宽敞，配套齐全，尊享舒适入住体验。	567	19546
7842	大床房	大床房，配备舒适大床，温馨静谧，适合休闲度假。	345	19547
7843	标准间	标准间，简洁整洁，设施完备，高性价比之选。	234	19548
7843	大床房	大床房，配备舒适大床，温馨静谧，适合休闲度假。	287	19549
7844	行政套房	行政套房，空间宽敞，配套齐全，尊享舒适入住体验。	620	19550
7844	大床房	大床房，配备舒适大床，温馨静谧，适合休闲度假。	457	19551
7844	标准间	标准间，简洁整洁，设施完备，高性价比之选。	180	19552
7845	大床房	大床房，配备舒适大床，温馨静谧，适合休闲度假。	340	19553
7845	行政套房	行政套房，空间宽敞，配套齐全，尊享舒适入住体验。	495	19554
7845	标准间	标准间，简洁整洁，设施完备，高性价比之选。	226	19555
7846	标准间	标准间，简洁整洁，设施完备，高性价比之选。	265	19556
7846	行政套房	行政套房，空间宽敞，配套齐全，尊享舒适入住体验。	531	19557
7846	大床房	大床房，配备舒适大床，温馨静谧，适合休闲度假。	479	19558
7847	行政套房	行政套房，空间宽敞，配套齐全，尊享舒适入住体验。	640	19559
7847	大床房	大床房，配备舒适大床，温馨静谧，适合休闲度假。	342	19560
7848	标准间	标准间，简洁整洁，设施完备，高性价比之选。	197	19561
7848	行政套房	行政套房，空间宽敞，配套齐全，尊享舒适入住体验。	876	19562
7849	行政套房	行政套房，空间宽敞，配套齐全，尊享舒适入住体验。	543	19563
7849	大床房	大床房，配备舒适大床，温馨静谧，适合休闲度假。	365	19564
7849	标准间	标准间，简洁整洁，设施完备，高性价比之选。	253	19565
7850	大床房	大床房，配备舒适大床，温馨静谧，适合休闲度假。	318	19566
7850	标准间	标准间，简洁整洁，设施完备，高性价比之选。	290	19567
7850	行政套房	行政套房，空间宽敞，配套齐全，尊享舒适入住体验。	621	19568
7851	行政套房	行政套房，空间宽敞，配套齐全，尊享舒适入住体验。	614	19569
7851	标准间	标准间，简洁整洁，设施完备，高性价比之选。	256	19570
7852	标准间	标准间，简洁整洁，设施完备，高性价比之选。	262	19571
7852	行政套房	行政套房，空间宽敞，配套齐全，尊享舒适入住体验。	670	19572
7853	行政套房	行政套房，空间宽敞，配套齐全，尊享舒适入住体验。	731	19573
7853	标准间	标准间，简洁整洁，设施完备，高性价比之选。	303	19574
7854	行政套房	行政套房，空间宽敞，配套齐全，尊享舒适入住体验。	595	19575
7854	标准间	标准间，简洁整洁，设施完备，高性价比之选。	181	19576
7855	大床房	大床房，配备舒适大床，温馨静谧，适合休闲度假。	341	19577
7855	行政套房	行政套房，空间宽敞，配套齐全，尊享舒适入住体验。	867	19578
7855	标准间	标准间，简洁整洁，设施完备，高性价比之选。	190	19579
7856	标准间	标准间，简洁整洁，设施完备，高性价比之选。	319	19580
7856	行政套房	行政套房，空间宽敞，配套齐全，尊享舒适入住体验。	697	19581
7857	行政套房	行政套房，空间宽敞，配套齐全，尊享舒适入住体验。	593	19582
7857	标准间	标准间，简洁整洁，设施完备，高性价比之选。	199	19583
7858	大床房	大床房，配备舒适大床，温馨静谧，适合休闲度假。	336	19584
7858	标准间	标准间，简洁整洁，设施完备，高性价比之选。	257	19585
7859	大床房	大床房，配备舒适大床，温馨静谧，适合休闲度假。	413	19586
7859	行政套房	行政套房，空间宽敞，配套齐全，尊享舒适入住体验。	870	19587
7860	大床房	大床房，配备舒适大床，温馨静谧，适合休闲度假。	282	19588
7860	行政套房	行政套房，空间宽敞，配套齐全，尊享舒适入住体验。	542	19589
7861	行政套房	行政套房，空间宽敞，配套齐全，尊享舒适入住体验。	702	19590
7861	大床房	大床房，配备舒适大床，温馨静谧，适合休闲度假。	295	19591
7862	行政套房	行政套房，空间宽敞，配套齐全，尊享舒适入住体验。	860	19592
7862	大床房	大床房，配备舒适大床，温馨静谧，适合休闲度假。	294	19593
7862	标准间	标准间，简洁整洁，设施完备，高性价比之选。	183	19594
7863	大床房	大床房，配备舒适大床，温馨静谧，适合休闲度假。	303	19595
7863	行政套房	行政套房，空间宽敞，配套齐全，尊享舒适入住体验。	784	19596
7863	标准间	标准间，简洁整洁，设施完备，高性价比之选。	245	19597
7864	标准间	标准间，简洁整洁，设施完备，高性价比之选。	232	19598
7864	大床房	大床房，配备舒适大床，温馨静谧，适合休闲度假。	466	19599
7864	行政套房	行政套房，空间宽敞，配套齐全，尊享舒适入住体验。	621	19600
7865	大床房	大床房，配备舒适大床，温馨静谧，适合休闲度假。	306	19601
7865	标准间	标准间，简洁整洁，设施完备，高性价比之选。	235	19602
7866	大床房	大床房，配备舒适大床，温馨静谧，适合休闲度假。	479	19603
7866	行政套房	行政套房，空间宽敞，配套齐全，尊享舒适入住体验。	524	19604
7866	标准间	标准间，简洁整洁，设施完备，高性价比之选。	206	19605
7867	行政套房	行政套房，空间宽敞，配套齐全，尊享舒适入住体验。	551	19606
7867	大床房	大床房，配备舒适大床，温馨静谧，适合休闲度假。	354	19607
7868	标准间	标准间，简洁整洁，设施完备，高性价比之选。	212	19608
7868	行政套房	行政套房，空间宽敞，配套齐全，尊享舒适入住体验。	594	19609
7868	大床房	大床房，配备舒适大床，温馨静谧，适合休闲度假。	292	19610
7869	行政套房	行政套房，空间宽敞，配套齐全，尊享舒适入住体验。	786	19611
7869	标准间	标准间，简洁整洁，设施完备，高性价比之选。	295	19612
7870	大床房	大床房，配备舒适大床，温馨静谧，适合休闲度假。	388	19613
7870	行政套房	行政套房，空间宽敞，配套齐全，尊享舒适入住体验。	628	19614
7870	标准间	标准间，简洁整洁，设施完备，高性价比之选。	300	19615
7871	大床房	大床房，配备舒适大床，温馨静谧，适合休闲度假。	419	19616
7871	行政套房	行政套房，空间宽敞，配套齐全，尊享舒适入住体验。	580	19617
7871	标准间	标准间，简洁整洁，设施完备，高性价比之选。	280	19618
7872	大床房	大床房，配备舒适大床，温馨静谧，适合休闲度假。	312	19619
7872	行政套房	行政套房，空间宽敞，配套齐全，尊享舒适入住体验。	743	19620
7872	标准间	标准间，简洁整洁，设施完备，高性价比之选。	264	19621
7873	大床房	大床房，配备舒适大床，温馨静谧，适合休闲度假。	441	19622
7873	标准间	标准间，简洁整洁，设施完备，高性价比之选。	302	19623
7873	行政套房	行政套房，空间宽敞，配套齐全，尊享舒适入住体验。	681	19624
7874	大床房	大床房，配备舒适大床，温馨静谧，适合休闲度假。	307	19625
7874	行政套房	行政套房，空间宽敞，配套齐全，尊享舒适入住体验。	656	19626
7875	标准间	标准间，简洁整洁，设施完备，高性价比之选。	311	19627
7875	行政套房	行政套房，空间宽敞，配套齐全，尊享舒适入住体验。	514	19628
7876	大床房	大床房，配备舒适大床，温馨静谧，适合休闲度假。	341	19629
7876	行政套房	行政套房，空间宽敞，配套齐全，尊享舒适入住体验。	715	19630
7876	标准间	标准间，简洁整洁，设施完备，高性价比之选。	306	19631
7877	行政套房	行政套房，空间宽敞，配套齐全，尊享舒适入住体验。	837	19632
7877	标准间	标准间，简洁整洁，设施完备，高性价比之选。	210	19633
7878	大床房	大床房，配备舒适大床，温馨静谧，适合休闲度假。	447	19634
7878	行政套房	行政套房，空间宽敞，配套齐全，尊享舒适入住体验。	538	19635
7878	标准间	标准间，简洁整洁，设施完备，高性价比之选。	280	19636
7879	标准间	标准间，简洁整洁，设施完备，高性价比之选。	187	19637
7879	行政套房	行政套房，空间宽敞，配套齐全，尊享舒适入住体验。	807	19638
7880	行政套房	行政套房，空间宽敞，配套齐全，尊享舒适入住体验。	770	19639
7880	大床房	大床房，配备舒适大床，温馨静谧，适合休闲度假。	312	19640
7880	标准间	标准间，简洁整洁，设施完备，高性价比之选。	243	19641
7881	大床房	大床房，配备舒适大床，温馨静谧，适合休闲度假。	407	19642
7881	标准间	标准间，简洁整洁，设施完备，高性价比之选。	298	19643
7882	标准间	标准间，简洁整洁，设施完备，高性价比之选。	227	19644
7882	大床房	大床房，配备舒适大床，温馨静谧，适合休闲度假。	300	19645
7882	行政套房	行政套房，空间宽敞，配套齐全，尊享舒适入住体验。	561	19646
7883	标准间	标准间，简洁整洁，设施完备，高性价比之选。	226	19647
7883	大床房	大床房，配备舒适大床，温馨静谧，适合休闲度假。	264	19648
7884	标准间	标准间，简洁整洁，设施完备，高性价比之选。	319	19649
7884	行政套房	行政套房，空间宽敞，配套齐全，尊享舒适入住体验。	726	19650
7885	大床房	大床房，配备舒适大床，温馨静谧，适合休闲度假。	382	19651
7885	标准间	标准间，简洁整洁，设施完备，高性价比之选。	265	19652
7886	行政套房	行政套房，空间宽敞，配套齐全，尊享舒适入住体验。	711	19653
7886	大床房	大床房，配备舒适大床，温馨静谧，适合休闲度假。	321	19654
7887	大床房	大床房，配备舒适大床，温馨静谧，适合休闲度假。	365	19655
7887	行政套房	行政套房，空间宽敞，配套齐全，尊享舒适入住体验。	811	19656
7888	大床房	大床房，配备舒适大床，温馨静谧，适合休闲度假。	340	19657
7888	标准间	标准间，简洁整洁，设施完备，高性价比之选。	246	19658
7889	行政套房	行政套房，空间宽敞，配套齐全，尊享舒适入住体验。	589	19659
7889	标准间	标准间，简洁整洁，设施完备，高性价比之选。	195	19660
7889	大床房	大床房，配备舒适大床，温馨静谧，适合休闲度假。	460	19661
7890	行政套房	行政套房，空间宽敞，配套齐全，尊享舒适入住体验。	578	19662
7890	标准间	标准间，简洁整洁，设施完备，高性价比之选。	277	19663
7890	大床房	大床房，配备舒适大床，温馨静谧，适合休闲度假。	315	19664
7891	行政套房	行政套房，空间宽敞，配套齐全，尊享舒适入住体验。	616	19665
7891	大床房	大床房，配备舒适大床，温馨静谧，适合休闲度假。	478	19666
7892	行政套房	行政套房，空间宽敞，配套齐全，尊享舒适入住体验。	836	19667
7892	标准间	标准间，简洁整洁，设施完备，高性价比之选。	273	19668
7892	大床房	大床房，配备舒适大床，温馨静谧，适合休闲度假。	280	19669
7893	标准间	标准间，简洁整洁，设施完备，高性价比之选。	226	19670
7893	大床房	大床房，配备舒适大床，温馨静谧，适合休闲度假。	444	19671
7893	行政套房	行政套房，空间宽敞，配套齐全，尊享舒适入住体验。	524	19672
7894	大床房	大床房，配备舒适大床，温馨静谧，适合休闲度假。	312	19673
7894	标准间	标准间，简洁整洁，设施完备，高性价比之选。	269	19674
7894	行政套房	行政套房，空间宽敞，配套齐全，尊享舒适入住体验。	863	19675
7895	行政套房	行政套房，空间宽敞，配套齐全，尊享舒适入住体验。	648	19676
7895	标准间	标准间，简洁整洁，设施完备，高性价比之选。	288	19677
7896	行政套房	行政套房，空间宽敞，配套齐全，尊享舒适入住体验。	835	19678
7896	大床房	大床房，配备舒适大床，温馨静谧，适合休闲度假。	401	19679
7897	大床房	大床房，配备舒适大床，温馨静谧，适合休闲度假。	404	19680
7897	行政套房	行政套房，空间宽敞，配套齐全，尊享舒适入住体验。	709	19681
7897	标准间	标准间，简洁整洁，设施完备，高性价比之选。	296	19682
7898	标准间	标准间，简洁整洁，设施完备，高性价比之选。	206	19683
7898	行政套房	行政套房，空间宽敞，配套齐全，尊享舒适入住体验。	689	19684
7898	大床房	大床房，配备舒适大床，温馨静谧，适合休闲度假。	292	19685
7899	大床房	大床房，配备舒适大床，温馨静谧，适合休闲度假。	374	19686
7899	标准间	标准间，简洁整洁，设施完备，高性价比之选。	195	19687
7899	行政套房	行政套房，空间宽敞，配套齐全，尊享舒适入住体验。	844	19688
7900	标准间	标准间，简洁整洁，设施完备，高性价比之选。	235	19689
7900	大床房	大床房，配备舒适大床，温馨静谧，适合休闲度假。	294	19690
7901	标准间	标准间，简洁整洁，设施完备，高性价比之选。	245	19691
7901	行政套房	行政套房，空间宽敞，配套齐全，尊享舒适入住体验。	661	19692
7901	大床房	大床房，配备舒适大床，温馨静谧，适合休闲度假。	315	19693
7902	标准间	标准间，简洁整洁，设施完备，高性价比之选。	244	19694
7902	行政套房	行政套房，空间宽敞，配套齐全，尊享舒适入住体验。	630	19695
7903	行政套房	行政套房，空间宽敞，配套齐全，尊享舒适入住体验。	695	19696
7903	大床房	大床房，配备舒适大床，温馨静谧，适合休闲度假。	392	19697
7903	标准间	标准间，简洁整洁，设施完备，高性价比之选。	205	19698
7904	标准间	标准间，简洁整洁，设施完备，高性价比之选。	304	19699
7904	行政套房	行政套房，空间宽敞，配套齐全，尊享舒适入住体验。	766	19700
7904	大床房	大床房，配备舒适大床，温馨静谧，适合休闲度假。	414	19701
7905	行政套房	行政套房，空间宽敞，配套齐全，尊享舒适入住体验。	809	19702
7905	大床房	大床房，配备舒适大床，温馨静谧，适合休闲度假。	411	19703
7905	标准间	标准间，简洁整洁，设施完备，高性价比之选。	196	19704
7906	行政套房	行政套房，空间宽敞，配套齐全，尊享舒适入住体验。	623	19705
7906	大床房	大床房，配备舒适大床，温馨静谧，适合休闲度假。	457	19706
7907	标准间	标准间，简洁整洁，设施完备，高性价比之选。	311	19707
7907	大床房	大床房，配备舒适大床，温馨静谧，适合休闲度假。	276	19708
7907	行政套房	行政套房，空间宽敞，配套齐全，尊享舒适入住体验。	559	19709
7908	标准间	标准间，简洁整洁，设施完备，高性价比之选。	207	19710
7908	行政套房	行政套房，空间宽敞，配套齐全，尊享舒适入住体验。	485	19711
7908	大床房	大床房，配备舒适大床，温馨静谧，适合休闲度假。	394	19712
7909	标准间	标准间，简洁整洁，设施完备，高性价比之选。	215	19713
7909	行政套房	行政套房，空间宽敞，配套齐全，尊享舒适入住体验。	585	19714
7910	大床房	大床房，配备舒适大床，温馨静谧，适合休闲度假。	304	19715
7910	标准间	标准间，简洁整洁，设施完备，高性价比之选。	184	19716
7910	行政套房	行政套房，空间宽敞，配套齐全，尊享舒适入住体验。	739	19717
7911	行政套房	行政套房，空间宽敞，配套齐全，尊享舒适入住体验。	586	19718
7911	标准间	标准间，简洁整洁，设施完备，高性价比之选。	197	19719
7911	大床房	大床房，配备舒适大床，温馨静谧，适合休闲度假。	422	19720
7912	大床房	大床房，配备舒适大床，温馨静谧，适合休闲度假。	402	19721
7912	标准间	标准间，简洁整洁，设施完备，高性价比之选。	312	19722
7912	行政套房	行政套房，空间宽敞，配套齐全，尊享舒适入住体验。	669	19723
7913	行政套房	行政套房，空间宽敞，配套齐全，尊享舒适入住体验。	548	19724
7913	标准间	标准间，简洁整洁，设施完备，高性价比之选。	316	19725
7914	行政套房	行政套房，空间宽敞，配套齐全，尊享舒适入住体验。	580	19726
7914	大床房	大床房，配备舒适大床，温馨静谧，适合休闲度假。	400	19727
7914	标准间	标准间，简洁整洁，设施完备，高性价比之选。	313	19728
7915	标准间	标准间，简洁整洁，设施完备，高性价比之选。	320	19729
7915	大床房	大床房，配备舒适大床，温馨静谧，适合休闲度假。	286	19730
7915	行政套房	行政套房，空间宽敞，配套齐全，尊享舒适入住体验。	764	19731
7916	标准间	标准间，简洁整洁，设施完备，高性价比之选。	315	19732
7916	大床房	大床房，配备舒适大床，温馨静谧，适合休闲度假。	472	19733
7916	行政套房	行政套房，空间宽敞，配套齐全，尊享舒适入住体验。	703	19734
7917	大床房	大床房，配备舒适大床，温馨静谧，适合休闲度假。	311	19735
7917	标准间	标准间，简洁整洁，设施完备，高性价比之选。	291	19736
7918	大床房	大床房，配备舒适大床，温馨静谧，适合休闲度假。	321	19737
7918	标准间	标准间，简洁整洁，设施完备，高性价比之选。	315	19738
7918	行政套房	行政套房，空间宽敞，配套齐全，尊享舒适入住体验。	650	19739
7919	标准间	标准间，简洁整洁，设施完备，高性价比之选。	282	19740
7919	行政套房	行政套房，空间宽敞，配套齐全，尊享舒适入住体验。	765	19741
7919	大床房	大床房，配备舒适大床，温馨静谧，适合休闲度假。	452	19742
7920	大床房	大床房，配备舒适大床，温馨静谧，适合休闲度假。	421	19743
7920	行政套房	行政套房，空间宽敞，配套齐全，尊享舒适入住体验。	524	19744
7920	标准间	标准间，简洁整洁，设施完备，高性价比之选。	296	19745
7921	标准间	标准间，简洁整洁，设施完备，高性价比之选。	183	19746
7921	大床房	大床房，配备舒适大床，温馨静谧，适合休闲度假。	327	19747
7921	行政套房	行政套房，空间宽敞，配套齐全，尊享舒适入住体验。	516	19748
7922	标准间	标准间，简洁整洁，设施完备，高性价比之选。	245	19749
7922	行政套房	行政套房，空间宽敞，配套齐全，尊享舒适入住体验。	705	19750
7922	大床房	大床房，配备舒适大床，温馨静谧，适合休闲度假。	474	19751
7923	行政套房	行政套房，空间宽敞，配套齐全，尊享舒适入住体验。	680	19752
7923	标准间	标准间，简洁整洁，设施完备，高性价比之选。	319	19753
7923	大床房	大床房，配备舒适大床，温馨静谧，适合休闲度假。	297	19754
7924	大床房	大床房，配备舒适大床，温馨静谧，适合休闲度假。	318	19755
7924	行政套房	行政套房，空间宽敞，配套齐全，尊享舒适入住体验。	807	19756
7925	行政套房	行政套房，空间宽敞，配套齐全，尊享舒适入住体验。	686	19757
7925	标准间	标准间，简洁整洁，设施完备，高性价比之选。	196	19758
7926	大床房	大床房，配备舒适大床，温馨静谧，适合休闲度假。	461	19759
7926	行政套房	行政套房，空间宽敞，配套齐全，尊享舒适入住体验。	627	19760
7926	标准间	标准间，简洁整洁，设施完备，高性价比之选。	249	19761
7927	行政套房	行政套房，空间宽敞，配套齐全，尊享舒适入住体验。	532	19762
7927	标准间	标准间，简洁整洁，设施完备，高性价比之选。	299	19763
7928	标准间	标准间，简洁整洁，设施完备，高性价比之选。	263	19764
7928	行政套房	行政套房，空间宽敞，配套齐全，尊享舒适入住体验。	619	19765
7928	大床房	大床房，配备舒适大床，温馨静谧，适合休闲度假。	421	19766
7929	大床房	大床房，配备舒适大床，温馨静谧，适合休闲度假。	410	19767
7929	行政套房	行政套房，空间宽敞，配套齐全，尊享舒适入住体验。	711	19768
7929	标准间	标准间，简洁整洁，设施完备，高性价比之选。	259	19769
7930	大床房	大床房，配备舒适大床，温馨静谧，适合休闲度假。	322	19770
7930	行政套房	行政套房，空间宽敞，配套齐全，尊享舒适入住体验。	802	19771
7931	大床房	大床房，配备舒适大床，温馨静谧，适合休闲度假。	386	19772
7931	标准间	标准间，简洁整洁，设施完备，高性价比之选。	288	19773
7932	标准间	标准间，简洁整洁，设施完备，高性价比之选。	185	19774
7932	大床房	大床房，配备舒适大床，温馨静谧，适合休闲度假。	403	19775
7932	行政套房	行政套房，空间宽敞，配套齐全，尊享舒适入住体验。	693	19776
7933	行政套房	行政套房，空间宽敞，配套齐全，尊享舒适入住体验。	745	19777
7933	标准间	标准间，简洁整洁，设施完备，高性价比之选。	316	19778
7934	标准间	标准间，简洁整洁，设施完备，高性价比之选。	279	19779
7934	大床房	大床房，配备舒适大床，温馨静谧，适合休闲度假。	405	19780
7934	行政套房	行政套房，空间宽敞，配套齐全，尊享舒适入住体验。	674	19781
7935	标准间	标准间，简洁整洁，设施完备，高性价比之选。	297	19782
7935	行政套房	行政套房，空间宽敞，配套齐全，尊享舒适入住体验。	642	19783
7936	行政套房	行政套房，空间宽敞，配套齐全，尊享舒适入住体验。	715	19784
7936	大床房	大床房，配备舒适大床，温馨静谧，适合休闲度假。	401	19785
7937	标准间	标准间，简洁整洁，设施完备，高性价比之选。	212	19786
7937	行政套房	行政套房，空间宽敞，配套齐全，尊享舒适入住体验。	566	19787
7938	标准间	标准间，简洁整洁，设施完备，高性价比之选。	242	19788
7938	行政套房	行政套房，空间宽敞，配套齐全，尊享舒适入住体验。	830	19789
7939	大床房	大床房，配备舒适大床，温馨静谧，适合休闲度假。	476	19790
7939	行政套房	行政套房，空间宽敞，配套齐全，尊享舒适入住体验。	589	19791
7940	标准间	标准间，简洁整洁，设施完备，高性价比之选。	221	19792
7940	行政套房	行政套房，空间宽敞，配套齐全，尊享舒适入住体验。	814	19793
7941	行政套房	行政套房，空间宽敞，配套齐全，尊享舒适入住体验。	679	19794
7941	标准间	标准间，简洁整洁，设施完备，高性价比之选。	281	19795
7941	大床房	大床房，配备舒适大床，温馨静谧，适合休闲度假。	329	19796
7942	大床房	大床房，配备舒适大床，温馨静谧，适合休闲度假。	445	19797
7942	行政套房	行政套房，空间宽敞，配套齐全，尊享舒适入住体验。	726	19798
7942	标准间	标准间，简洁整洁，设施完备，高性价比之选。	281	19799
7943	标准间	标准间，简洁整洁，设施完备，高性价比之选。	283	19800
7943	行政套房	行政套房，空间宽敞，配套齐全，尊享舒适入住体验。	846	19801
7943	大床房	大床房，配备舒适大床，温馨静谧，适合休闲度假。	440	19802
7944	标准间	标准间，简洁整洁，设施完备，高性价比之选。	215	19803
7944	行政套房	行政套房，空间宽敞，配套齐全，尊享舒适入住体验。	510	19804
7945	行政套房	行政套房，空间宽敞，配套齐全，尊享舒适入住体验。	697	19805
7945	大床房	大床房，配备舒适大床，温馨静谧，适合休闲度假。	431	19806
7945	标准间	标准间，简洁整洁，设施完备，高性价比之选。	297	19807
7946	大床房	大床房，配备舒适大床，温馨静谧，适合休闲度假。	352	19808
7946	行政套房	行政套房，空间宽敞，配套齐全，尊享舒适入住体验。	765	19809
7947	标准间	标准间，简洁整洁，设施完备，高性价比之选。	194	19810
7947	行政套房	行政套房，空间宽敞，配套齐全，尊享舒适入住体验。	556	19811
7947	大床房	大床房，配备舒适大床，温馨静谧，适合休闲度假。	350	19812
7948	标准间	标准间，简洁整洁，设施完备，高性价比之选。	319	19813
7948	大床房	大床房，配备舒适大床，温馨静谧，适合休闲度假。	479	19814
7949	标准间	标准间，简洁整洁，设施完备，高性价比之选。	312	19815
7949	行政套房	行政套房，空间宽敞，配套齐全，尊享舒适入住体验。	854	19816
7949	大床房	大床房，配备舒适大床，温馨静谧，适合休闲度假。	331	19817
7950	标准间	标准间，简洁整洁，设施完备，高性价比之选。	257	19818
7950	大床房	大床房，配备舒适大床，温馨静谧，适合休闲度假。	289	19819
7950	行政套房	行政套房，空间宽敞，配套齐全，尊享舒适入住体验。	640	19820
7951	大床房	大床房，配备舒适大床，温馨静谧，适合休闲度假。	332	19821
7951	行政套房	行政套房，空间宽敞，配套齐全，尊享舒适入住体验。	621	19822
7951	标准间	标准间，简洁整洁，设施完备，高性价比之选。	257	19823
7952	标准间	标准间，简洁整洁，设施完备，高性价比之选。	219	19824
7952	行政套房	行政套房，空间宽敞，配套齐全，尊享舒适入住体验。	592	19825
7952	大床房	大床房，配备舒适大床，温馨静谧，适合休闲度假。	312	19826
7953	标准间	标准间，简洁整洁，设施完备，高性价比之选。	252	19827
7953	行政套房	行政套房，空间宽敞，配套齐全，尊享舒适入住体验。	864	19828
7953	大床房	大床房，配备舒适大床，温馨静谧，适合休闲度假。	421	19829
7954	标准间	标准间，简洁整洁，设施完备，高性价比之选。	294	19830
7954	大床房	大床房，配备舒适大床，温馨静谧，适合休闲度假。	428	19831
7954	行政套房	行政套房，空间宽敞，配套齐全，尊享舒适入住体验。	661	19832
7955	行政套房	行政套房，空间宽敞，配套齐全，尊享舒适入住体验。	669	19833
7955	大床房	大床房，配备舒适大床，温馨静谧，适合休闲度假。	260	19834
7955	标准间	标准间，简洁整洁，设施完备，高性价比之选。	249	19835
7956	大床房	大床房，配备舒适大床，温馨静谧，适合休闲度假。	474	19836
7956	标准间	标准间，简洁整洁，设施完备，高性价比之选。	256	19837
7956	行政套房	行政套房，空间宽敞，配套齐全，尊享舒适入住体验。	756	19838
7957	标准间	标准间，简洁整洁，设施完备，高性价比之选。	212	19839
7957	大床房	大床房，配备舒适大床，温馨静谧，适合休闲度假。	438	19840
7957	行政套房	行政套房，空间宽敞，配套齐全，尊享舒适入住体验。	520	19841
7958	大床房	大床房，配备舒适大床，温馨静谧，适合休闲度假。	440	19842
7958	标准间	标准间，简洁整洁，设施完备，高性价比之选。	180	19843
7959	行政套房	行政套房，空间宽敞，配套齐全，尊享舒适入住体验。	810	19844
7959	标准间	标准间，简洁整洁，设施完备，高性价比之选。	250	19845
7959	大床房	大床房，配备舒适大床，温馨静谧，适合休闲度假。	385	19846
7960	行政套房	行政套房，空间宽敞，配套齐全，尊享舒适入住体验。	841	19847
7960	标准间	标准间，简洁整洁，设施完备，高性价比之选。	240	19848
7960	大床房	大床房，配备舒适大床，温馨静谧，适合休闲度假。	407	19849
7961	行政套房	行政套房，空间宽敞，配套齐全，尊享舒适入住体验。	741	19850
7961	大床房	大床房，配备舒适大床，温馨静谧，适合休闲度假。	457	19851
7962	行政套房	行政套房，空间宽敞，配套齐全，尊享舒适入住体验。	822	19852
7962	大床房	大床房，配备舒适大床，温馨静谧，适合休闲度假。	390	19853
7963	行政套房	行政套房，空间宽敞，配套齐全，尊享舒适入住体验。	523	19854
7963	标准间	标准间，简洁整洁，设施完备，高性价比之选。	251	19855
7963	大床房	大床房，配备舒适大床，温馨静谧，适合休闲度假。	276	19856
7964	行政套房	行政套房，空间宽敞，配套齐全，尊享舒适入住体验。	558	19857
7964	大床房	大床房，配备舒适大床，温馨静谧，适合休闲度假。	442	19858
7965	标准间	标准间，简洁整洁，设施完备，高性价比之选。	286	19859
7965	大床房	大床房，配备舒适大床，温馨静谧，适合休闲度假。	326	19860
7965	行政套房	行政套房，空间宽敞，配套齐全，尊享舒适入住体验。	797	19861
7966	标准间	标准间，简洁整洁，设施完备，高性价比之选。	293	19862
7966	行政套房	行政套房，空间宽敞，配套齐全，尊享舒适入住体验。	646	19863
7967	标准间	标准间，简洁整洁，设施完备，高性价比之选。	222	19864
7967	行政套房	行政套房，空间宽敞，配套齐全，尊享舒适入住体验。	676	19865
7967	大床房	大床房，配备舒适大床，温馨静谧，适合休闲度假。	442	19866
7968	行政套房	行政套房，空间宽敞，配套齐全，尊享舒适入住体验。	529	19867
7968	标准间	标准间，简洁整洁，设施完备，高性价比之选。	317	19868
7969	行政套房	行政套房，空间宽敞，配套齐全，尊享舒适入住体验。	789	19869
7969	标准间	标准间，简洁整洁，设施完备，高性价比之选。	276	19870
7969	大床房	大床房，配备舒适大床，温馨静谧，适合休闲度假。	303	19871
7970	行政套房	行政套房，空间宽敞，配套齐全，尊享舒适入住体验。	789	19872
7970	标准间	标准间，简洁整洁，设施完备，高性价比之选。	215	19873
7970	大床房	大床房，配备舒适大床，温馨静谧，适合休闲度假。	347	19874
7971	标准间	标准间，简洁整洁，设施完备，高性价比之选。	302	19875
7971	大床房	大床房，配备舒适大床，温馨静谧，适合休闲度假。	263	19876
7971	行政套房	行政套房，空间宽敞，配套齐全，尊享舒适入住体验。	501	19877
7972	行政套房	行政套房，空间宽敞，配套齐全，尊享舒适入住体验。	718	19878
7972	大床房	大床房，配备舒适大床，温馨静谧，适合休闲度假。	376	19879
7973	大床房	大床房，配备舒适大床，温馨静谧，适合休闲度假。	314	19880
7973	标准间	标准间，简洁整洁，设施完备，高性价比之选。	278	19881
7974	行政套房	行政套房，空间宽敞，配套齐全，尊享舒适入住体验。	493	19882
7974	大床房	大床房，配备舒适大床，温馨静谧，适合休闲度假。	376	19883
7975	标准间	标准间，简洁整洁，设施完备，高性价比之选。	248	19884
7975	大床房	大床房，配备舒适大床，温馨静谧，适合休闲度假。	398	19885
7975	行政套房	行政套房，空间宽敞，配套齐全，尊享舒适入住体验。	704	19886
7976	大床房	大床房，配备舒适大床，温馨静谧，适合休闲度假。	425	19887
7976	标准间	标准间，简洁整洁，设施完备，高性价比之选。	210	19888
7976	行政套房	行政套房，空间宽敞，配套齐全，尊享舒适入住体验。	566	19889
7977	行政套房	行政套房，空间宽敞，配套齐全，尊享舒适入住体验。	797	19890
7977	大床房	大床房，配备舒适大床，温馨静谧，适合休闲度假。	415	19891
7977	标准间	标准间，简洁整洁，设施完备，高性价比之选。	211	19892
7978	标准间	标准间，简洁整洁，设施完备，高性价比之选。	279	19893
7978	大床房	大床房，配备舒适大床，温馨静谧，适合休闲度假。	445	19894
7978	行政套房	行政套房，空间宽敞，配套齐全，尊享舒适入住体验。	737	19895
7979	大床房	大床房，配备舒适大床，温馨静谧，适合休闲度假。	447	19896
7979	行政套房	行政套房，空间宽敞，配套齐全，尊享舒适入住体验。	700	19897
7980	行政套房	行政套房，空间宽敞，配套齐全，尊享舒适入住体验。	631	19898
7980	大床房	大床房，配备舒适大床，温馨静谧，适合休闲度假。	430	19899
7980	标准间	标准间，简洁整洁，设施完备，高性价比之选。	254	19900
7981	行政套房	行政套房，空间宽敞，配套齐全，尊享舒适入住体验。	735	19901
7981	大床房	大床房，配备舒适大床，温馨静谧，适合休闲度假。	368	19902
7982	行政套房	行政套房，空间宽敞，配套齐全，尊享舒适入住体验。	510	19903
7982	大床房	大床房，配备舒适大床，温馨静谧，适合休闲度假。	310	19904
7983	行政套房	行政套房，空间宽敞，配套齐全，尊享舒适入住体验。	524	19905
7983	大床房	大床房，配备舒适大床，温馨静谧，适合休闲度假。	429	19906
7984	大床房	大床房，配备舒适大床，温馨静谧，适合休闲度假。	272	19907
7984	标准间	标准间，简洁整洁，设施完备，高性价比之选。	252	19908
7985	行政套房	行政套房，空间宽敞，配套齐全，尊享舒适入住体验。	599	19909
7985	标准间	标准间，简洁整洁，设施完备，高性价比之选。	300	19910
7986	行政套房	行政套房，空间宽敞，配套齐全，尊享舒适入住体验。	690	19911
7986	大床房	大床房，配备舒适大床，温馨静谧，适合休闲度假。	355	19912
7987	行政套房	行政套房，空间宽敞，配套齐全，尊享舒适入住体验。	525	19913
7987	大床房	大床房，配备舒适大床，温馨静谧，适合休闲度假。	480	19914
7988	行政套房	行政套房，空间宽敞，配套齐全，尊享舒适入住体验。	808	19915
7988	标准间	标准间，简洁整洁，设施完备，高性价比之选。	286	19916
7989	标准间	标准间，简洁整洁，设施完备，高性价比之选。	214	19917
7989	行政套房	行政套房，空间宽敞，配套齐全，尊享舒适入住体验。	808	19918
7989	大床房	大床房，配备舒适大床，温馨静谧，适合休闲度假。	406	19919
7990	标准间	标准间，简洁整洁，设施完备，高性价比之选。	190	19920
7990	行政套房	行政套房，空间宽敞，配套齐全，尊享舒适入住体验。	866	19921
7990	大床房	大床房，配备舒适大床，温馨静谧，适合休闲度假。	282	19922
7991	标准间	标准间，简洁整洁，设施完备，高性价比之选。	184	19923
7991	大床房	大床房，配备舒适大床，温馨静谧，适合休闲度假。	298	19924
7992	标准间	标准间，简洁整洁，设施完备，高性价比之选。	303	19925
7992	大床房	大床房，配备舒适大床，温馨静谧，适合休闲度假。	463	19926
7992	行政套房	行政套房，空间宽敞，配套齐全，尊享舒适入住体验。	518	19927
7993	大床房	大床房，配备舒适大床，温馨静谧，适合休闲度假。	421	19928
7993	标准间	标准间，简洁整洁，设施完备，高性价比之选。	186	19929
7993	行政套房	行政套房，空间宽敞，配套齐全，尊享舒适入住体验。	761	19930
7994	行政套房	行政套房，空间宽敞，配套齐全，尊享舒适入住体验。	573	19931
7994	大床房	大床房，配备舒适大床，温馨静谧，适合休闲度假。	337	19932
7994	标准间	标准间，简洁整洁，设施完备，高性价比之选。	237	19933
7995	行政套房	行政套房，空间宽敞，配套齐全，尊享舒适入住体验。	669	19934
7995	标准间	标准间，简洁整洁，设施完备，高性价比之选。	304	19935
7996	行政套房	行政套房，空间宽敞，配套齐全，尊享舒适入住体验。	593	19936
7996	标准间	标准间，简洁整洁，设施完备，高性价比之选。	276	19937
7996	大床房	大床房，配备舒适大床，温馨静谧，适合休闲度假。	429	19938
7997	行政套房	行政套房，空间宽敞，配套齐全，尊享舒适入住体验。	557	19939
7997	标准间	标准间，简洁整洁，设施完备，高性价比之选。	180	19940
7998	大床房	大床房，配备舒适大床，温馨静谧，适合休闲度假。	327	19941
7998	标准间	标准间，简洁整洁，设施完备，高性价比之选。	315	19942
7999	标准间	标准间，简洁整洁，设施完备，高性价比之选。	308	19943
7999	行政套房	行政套房，空间宽敞，配套齐全，尊享舒适入住体验。	665	19944
8000	大床房	大床房，配备舒适大床，温馨静谧，适合休闲度假。	418	19945
8000	标准间	标准间，简洁整洁，设施完备，高性价比之选。	270	19946
8001	标准间	标准间，简洁整洁，设施完备，高性价比之选。	311	19947
8001	行政套房	行政套房，空间宽敞，配套齐全，尊享舒适入住体验。	751	19948
8001	大床房	大床房，配备舒适大床，温馨静谧，适合休闲度假。	342	19949
8002	大床房	大床房，配备舒适大床，温馨静谧，适合休闲度假。	433	19950
8002	行政套房	行政套房，空间宽敞，配套齐全，尊享舒适入住体验。	773	19951
8003	大床房	大床房，配备舒适大床，温馨静谧，适合休闲度假。	279	19952
8003	行政套房	行政套房，空间宽敞，配套齐全，尊享舒适入住体验。	578	19953
8004	行政套房	行政套房，空间宽敞，配套齐全，尊享舒适入住体验。	771	19954
8004	大床房	大床房，配备舒适大床，温馨静谧，适合休闲度假。	408	19955
8005	大床房	大床房，配备舒适大床，温馨静谧，适合休闲度假。	428	19956
8005	标准间	标准间，简洁整洁，设施完备，高性价比之选。	282	19957
8006	标准间	标准间，简洁整洁，设施完备，高性价比之选。	274	19958
8006	行政套房	行政套房，空间宽敞，配套齐全，尊享舒适入住体验。	627	19959
8007	行政套房	行政套房，空间宽敞，配套齐全，尊享舒适入住体验。	850	19960
8007	标准间	标准间，简洁整洁，设施完备，高性价比之选。	192	19961
8008	大床房	大床房，配备舒适大床，温馨静谧，适合休闲度假。	305	19962
8008	标准间	标准间，简洁整洁，设施完备，高性价比之选。	294	19963
8008	行政套房	行政套房，空间宽敞，配套齐全，尊享舒适入住体验。	662	19964
8009	行政套房	行政套房，空间宽敞，配套齐全，尊享舒适入住体验。	557	19965
8009	标准间	标准间，简洁整洁，设施完备，高性价比之选。	244	19966
8010	标准间	标准间，简洁整洁，设施完备，高性价比之选。	286	19967
8010	行政套房	行政套房，空间宽敞，配套齐全，尊享舒适入住体验。	742	19968
8010	大床房	大床房，配备舒适大床，温馨静谧，适合休闲度假。	391	19969
8011	行政套房	行政套房，空间宽敞，配套齐全，尊享舒适入住体验。	498	19970
8011	大床房	大床房，配备舒适大床，温馨静谧，适合休闲度假。	441	19971
8012	行政套房	行政套房，空间宽敞，配套齐全，尊享舒适入住体验。	633	19972
8012	标准间	标准间，简洁整洁，设施完备，高性价比之选。	320	19973
8013	大床房	大床房，配备舒适大床，温馨静谧，适合休闲度假。	374	19974
8013	标准间	标准间，简洁整洁，设施完备，高性价比之选。	229	19975
8013	行政套房	行政套房，空间宽敞，配套齐全，尊享舒适入住体验。	632	19976
8014	大床房	大床房，配备舒适大床，温馨静谧，适合休闲度假。	289	19977
8014	标准间	标准间，简洁整洁，设施完备，高性价比之选。	195	19978
8015	标准间	标准间，简洁整洁，设施完备，高性价比之选。	304	19979
8015	行政套房	行政套房，空间宽敞，配套齐全，尊享舒适入住体验。	859	19980
8015	大床房	大床房，配备舒适大床，温馨静谧，适合休闲度假。	287	19981
8016	大床房	大床房，配备舒适大床，温馨静谧，适合休闲度假。	314	19982
8016	行政套房	行政套房，空间宽敞，配套齐全，尊享舒适入住体验。	650	19983
8017	行政套房	行政套房，空间宽敞，配套齐全，尊享舒适入住体验。	755	19984
8017	标准间	标准间，简洁整洁，设施完备，高性价比之选。	198	19985
8017	大床房	大床房，配备舒适大床，温馨静谧，适合休闲度假。	437	19986
8018	行政套房	行政套房，空间宽敞，配套齐全，尊享舒适入住体验。	526	19987
8018	大床房	大床房，配备舒适大床，温馨静谧，适合休闲度假。	435	19988
8018	标准间	标准间，简洁整洁，设施完备，高性价比之选。	182	19989
8019	行政套房	行政套房，空间宽敞，配套齐全，尊享舒适入住体验。	494	19990
8019	大床房	大床房，配备舒适大床，温馨静谧，适合休闲度假。	368	19991
8020	行政套房	行政套房，空间宽敞，配套齐全，尊享舒适入住体验。	764	19992
8020	大床房	大床房，配备舒适大床，温馨静谧，适合休闲度假。	354	19993
8021	标准间	标准间，简洁整洁，设施完备，高性价比之选。	213	19994
8021	大床房	大床房，配备舒适大床，温馨静谧，适合休闲度假。	333	19995
8021	行政套房	行政套房，空间宽敞，配套齐全，尊享舒适入住体验。	873	19996
8022	标准间	标准间，简洁整洁，设施完备，高性价比之选。	196	19997
8022	大床房	大床房，配备舒适大床，温馨静谧，适合休闲度假。	291	19998
8023	行政套房	行政套房，空间宽敞，配套齐全，尊享舒适入住体验。	647	19999
8023	标准间	标准间，简洁整洁，设施完备，高性价比之选。	196	20000
8024	标准间	标准间，简洁整洁，设施完备，高性价比之选。	235	20001
8024	大床房	大床房，配备舒适大床，温馨静谧，适合休闲度假。	451	20002
8025	行政套房	行政套房，空间宽敞，配套齐全，尊享舒适入住体验。	875	20003
8025	标准间	标准间，简洁整洁，设施完备，高性价比之选。	288	20004
8025	大床房	大床房，配备舒适大床，温馨静谧，适合休闲度假。	297	20005
8026	行政套房	行政套房，空间宽敞，配套齐全，尊享舒适入住体验。	629	20006
8026	大床房	大床房，配备舒适大床，温馨静谧，适合休闲度假。	300	20007
8026	标准间	标准间，简洁整洁，设施完备，高性价比之选。	277	20008
8027	大床房	大床房，配备舒适大床，温馨静谧，适合休闲度假。	454	20009
8027	行政套房	行政套房，空间宽敞，配套齐全，尊享舒适入住体验。	764	20010
8028	行政套房	行政套房，空间宽敞，配套齐全，尊享舒适入住体验。	789	20011
8028	大床房	大床房，配备舒适大床，温馨静谧，适合休闲度假。	358	20012
8028	标准间	标准间，简洁整洁，设施完备，高性价比之选。	195	20013
8029	标准间	标准间，简洁整洁，设施完备，高性价比之选。	185	20014
8029	行政套房	行政套房，空间宽敞，配套齐全，尊享舒适入住体验。	699	20015
8029	大床房	大床房，配备舒适大床，温馨静谧，适合休闲度假。	369	20016
8030	行政套房	行政套房，空间宽敞，配套齐全，尊享舒适入住体验。	505	20017
8030	大床房	大床房，配备舒适大床，温馨静谧，适合休闲度假。	321	20018
8031	行政套房	行政套房，空间宽敞，配套齐全，尊享舒适入住体验。	749	20019
8031	大床房	大床房，配备舒适大床，温馨静谧，适合休闲度假。	380	20020
8031	标准间	标准间，简洁整洁，设施完备，高性价比之选。	279	20021
8032	标准间	标准间，简洁整洁，设施完备，高性价比之选。	212	20022
8032	行政套房	行政套房，空间宽敞，配套齐全，尊享舒适入住体验。	526	20023
8033	大床房	大床房，配备舒适大床，温馨静谧，适合休闲度假。	443	20024
8033	行政套房	行政套房，空间宽敞，配套齐全，尊享舒适入住体验。	592	20025
8034	大床房	大床房，配备舒适大床，温馨静谧，适合休闲度假。	473	20026
8034	行政套房	行政套房，空间宽敞，配套齐全，尊享舒适入住体验。	598	20027
8034	标准间	标准间，简洁整洁，设施完备，高性价比之选。	209	20028
8035	行政套房	行政套房，空间宽敞，配套齐全，尊享舒适入住体验。	620	20029
8035	大床房	大床房，配备舒适大床，温馨静谧，适合休闲度假。	316	20030
8036	行政套房	行政套房，空间宽敞，配套齐全，尊享舒适入住体验。	537	20031
8036	大床房	大床房，配备舒适大床，温馨静谧，适合休闲度假。	385	20032
8037	大床房	大床房，配备舒适大床，温馨静谧，适合休闲度假。	472	20033
8037	标准间	标准间，简洁整洁，设施完备，高性价比之选。	241	20034
8038	大床房	大床房，配备舒适大床，温馨静谧，适合休闲度假。	312	20035
8038	行政套房	行政套房，空间宽敞，配套齐全，尊享舒适入住体验。	785	20036
8039	大床房	大床房，配备舒适大床，温馨静谧，适合休闲度假。	261	20037
8039	标准间	标准间，简洁整洁，设施完备，高性价比之选。	234	20038
8040	大床房	大床房，配备舒适大床，温馨静谧，适合休闲度假。	346	20039
8040	标准间	标准间，简洁整洁，设施完备，高性价比之选。	318	20040
8041	标准间	标准间，简洁整洁，设施完备，高性价比之选。	216	20041
8041	行政套房	行政套房，空间宽敞，配套齐全，尊享舒适入住体验。	711	20042
8041	大床房	大床房，配备舒适大床，温馨静谧，适合休闲度假。	316	20043
8042	大床房	大床房，配备舒适大床，温馨静谧，适合休闲度假。	395	20044
8042	行政套房	行政套房，空间宽敞，配套齐全，尊享舒适入住体验。	540	20045
8043	行政套房	行政套房，空间宽敞，配套齐全，尊享舒适入住体验。	567	20046
8043	大床房	大床房，配备舒适大床，温馨静谧，适合休闲度假。	479	20047
8043	标准间	标准间，简洁整洁，设施完备，高性价比之选。	238	20048
8044	行政套房	行政套房，空间宽敞，配套齐全，尊享舒适入住体验。	528	20049
8044	标准间	标准间，简洁整洁，设施完备，高性价比之选。	250	20050
8045	标准间	标准间，简洁整洁，设施完备，高性价比之选。	202	20051
8045	大床房	大床房，配备舒适大床，温馨静谧，适合休闲度假。	298	20052
8046	大床房	大床房，配备舒适大床，温馨静谧，适合休闲度假。	447	20053
8046	标准间	标准间，简洁整洁，设施完备，高性价比之选。	205	20054
8047	行政套房	行政套房，空间宽敞，配套齐全，尊享舒适入住体验。	795	20055
8047	标准间	标准间，简洁整洁，设施完备，高性价比之选。	205	20056
8048	标准间	标准间，简洁整洁，设施完备，高性价比之选。	304	20057
8048	行政套房	行政套房，空间宽敞，配套齐全，尊享舒适入住体验。	797	20058
8048	大床房	大床房，配备舒适大床，温馨静谧，适合休闲度假。	317	20059
8049	行政套房	行政套房，空间宽敞，配套齐全，尊享舒适入住体验。	520	20060
8049	标准间	标准间，简洁整洁，设施完备，高性价比之选。	310	20061
8050	标准间	标准间，简洁整洁，设施完备，高性价比之选。	241	20062
8050	大床房	大床房，配备舒适大床，温馨静谧，适合休闲度假。	420	20063
8051	大床房	大床房，配备舒适大床，温馨静谧，适合休闲度假。	383	20064
8051	行政套房	行政套房，空间宽敞，配套齐全，尊享舒适入住体验。	788	20065
8051	标准间	标准间，简洁整洁，设施完备，高性价比之选。	306	20066
8052	行政套房	行政套房，空间宽敞，配套齐全，尊享舒适入住体验。	672	20067
8052	标准间	标准间，简洁整洁，设施完备，高性价比之选。	258	20068
8053	行政套房	行政套房，空间宽敞，配套齐全，尊享舒适入住体验。	877	20069
8053	大床房	大床房，配备舒适大床，温馨静谧，适合休闲度假。	458	20070
8053	标准间	标准间，简洁整洁，设施完备，高性价比之选。	306	20071
8054	大床房	大床房，配备舒适大床，温馨静谧，适合休闲度假。	405	20072
8054	行政套房	行政套房，空间宽敞，配套齐全，尊享舒适入住体验。	586	20073
8055	标准间	标准间，简洁整洁，设施完备，高性价比之选。	182	20074
8055	行政套房	行政套房，空间宽敞，配套齐全，尊享舒适入住体验。	588	20075
8056	大床房	大床房，配备舒适大床，温馨静谧，适合休闲度假。	300	20076
8056	标准间	标准间，简洁整洁，设施完备，高性价比之选。	197	20077
8057	标准间	标准间，简洁整洁，设施完备，高性价比之选。	290	20078
8057	大床房	大床房，配备舒适大床，温馨静谧，适合休闲度假。	403	20079
8058	标准间	标准间，简洁整洁，设施完备，高性价比之选。	300	20080
8058	行政套房	行政套房，空间宽敞，配套齐全，尊享舒适入住体验。	718	20081
8059	大床房	大床房，配备舒适大床，温馨静谧，适合休闲度假。	348	20082
8059	标准间	标准间，简洁整洁，设施完备，高性价比之选。	264	20083
8060	标准间	标准间，简洁整洁，设施完备，高性价比之选。	245	20084
8060	大床房	大床房，配备舒适大床，温馨静谧，适合休闲度假。	330	20085
8060	行政套房	行政套房，空间宽敞，配套齐全，尊享舒适入住体验。	606	20086
8061	行政套房	行政套房，空间宽敞，配套齐全，尊享舒适入住体验。	618	20087
8061	标准间	标准间，简洁整洁，设施完备，高性价比之选。	199	20088
8061	大床房	大床房，配备舒适大床，温馨静谧，适合休闲度假。	340	20089
8062	行政套房	行政套房，空间宽敞，配套齐全，尊享舒适入住体验。	863	20090
8062	大床房	大床房，配备舒适大床，温馨静谧，适合休闲度假。	432	20091
8063	行政套房	行政套房，空间宽敞，配套齐全，尊享舒适入住体验。	498	20092
8063	大床房	大床房，配备舒适大床，温馨静谧，适合休闲度假。	411	20093
8063	标准间	标准间，简洁整洁，设施完备，高性价比之选。	226	20094
8064	大床房	大床房，配备舒适大床，温馨静谧，适合休闲度假。	310	20095
8064	标准间	标准间，简洁整洁，设施完备，高性价比之选。	292	20096
8064	行政套房	行政套房，空间宽敞，配套齐全，尊享舒适入住体验。	738	20097
8065	大床房	大床房，配备舒适大床，温馨静谧，适合休闲度假。	424	20098
8065	标准间	标准间，简洁整洁，设施完备，高性价比之选。	193	20099
8066	行政套房	行政套房，空间宽敞，配套齐全，尊享舒适入住体验。	561	20100
8066	大床房	大床房，配备舒适大床，温馨静谧，适合休闲度假。	393	20101
8066	标准间	标准间，简洁整洁，设施完备，高性价比之选。	200	20102
8067	标准间	标准间，简洁整洁，设施完备，高性价比之选。	252	20103
8067	大床房	大床房，配备舒适大床，温馨静谧，适合休闲度假。	426	20104
8068	行政套房	行政套房，空间宽敞，配套齐全，尊享舒适入住体验。	694	20105
8068	标准间	标准间，简洁整洁，设施完备，高性价比之选。	210	20106
8068	大床房	大床房，配备舒适大床，温馨静谧，适合休闲度假。	469	20107
8069	行政套房	行政套房，空间宽敞，配套齐全，尊享舒适入住体验。	762	20108
8069	大床房	大床房，配备舒适大床，温馨静谧，适合休闲度假。	478	20109
8069	标准间	标准间，简洁整洁，设施完备，高性价比之选。	180	20110
8070	行政套房	行政套房，空间宽敞，配套齐全，尊享舒适入住体验。	539	20111
8070	大床房	大床房，配备舒适大床，温馨静谧，适合休闲度假。	272	20112
8071	标准间	标准间，简洁整洁，设施完备，高性价比之选。	194	20113
8071	大床房	大床房，配备舒适大床，温馨静谧，适合休闲度假。	308	20114
8071	行政套房	行政套房，空间宽敞，配套齐全，尊享舒适入住体验。	674	20115
8072	大床房	大床房，配备舒适大床，温馨静谧，适合休闲度假。	400	20116
8072	标准间	标准间，简洁整洁，设施完备，高性价比之选。	271	20117
8072	行政套房	行政套房，空间宽敞，配套齐全，尊享舒适入住体验。	848	20118
8073	大床房	大床房，配备舒适大床，温馨静谧，适合休闲度假。	339	20119
8073	标准间	标准间，简洁整洁，设施完备，高性价比之选。	260	20120
8073	行政套房	行政套房，空间宽敞，配套齐全，尊享舒适入住体验。	697	20121
8074	标准间	标准间，简洁整洁，设施完备，高性价比之选。	209	20122
8074	行政套房	行政套房，空间宽敞，配套齐全，尊享舒适入住体验。	705	20123
8075	行政套房	行政套房，空间宽敞，配套齐全，尊享舒适入住体验。	568	20124
8075	标准间	标准间，简洁整洁，设施完备，高性价比之选。	317	20125
8076	行政套房	行政套房，空间宽敞，配套齐全，尊享舒适入住体验。	725	20126
8076	大床房	大床房，配备舒适大床，温馨静谧，适合休闲度假。	432	20127
8077	行政套房	行政套房，空间宽敞，配套齐全，尊享舒适入住体验。	714	20128
8077	标准间	标准间，简洁整洁，设施完备，高性价比之选。	266	20129
8078	行政套房	行政套房，空间宽敞，配套齐全，尊享舒适入住体验。	545	20130
8078	大床房	大床房，配备舒适大床，温馨静谧，适合休闲度假。	322	20131
8078	标准间	标准间，简洁整洁，设施完备，高性价比之选。	235	20132
8079	行政套房	行政套房，空间宽敞，配套齐全，尊享舒适入住体验。	557	20133
8079	标准间	标准间，简洁整洁，设施完备，高性价比之选。	226	20134
8079	大床房	大床房，配备舒适大床，温馨静谧，适合休闲度假。	306	20135
8080	标准间	标准间，简洁整洁，设施完备，高性价比之选。	307	20136
8080	行政套房	行政套房，空间宽敞，配套齐全，尊享舒适入住体验。	853	20137
8080	大床房	大床房，配备舒适大床，温馨静谧，适合休闲度假。	457	20138
8081	大床房	大床房，配备舒适大床，温馨静谧，适合休闲度假。	349	20139
8081	行政套房	行政套房，空间宽敞，配套齐全，尊享舒适入住体验。	499	20140
8081	标准间	标准间，简洁整洁，设施完备，高性价比之选。	188	20141
8082	行政套房	行政套房，空间宽敞，配套齐全，尊享舒适入住体验。	805	20142
8082	标准间	标准间，简洁整洁，设施完备，高性价比之选。	245	20143
8082	大床房	大床房，配备舒适大床，温馨静谧，适合休闲度假。	357	20144
8083	标准间	标准间，简洁整洁，设施完备，高性价比之选。	289	20145
8083	行政套房	行政套房，空间宽敞，配套齐全，尊享舒适入住体验。	506	20146
8084	标准间	标准间，简洁整洁，设施完备，高性价比之选。	278	20147
8084	行政套房	行政套房，空间宽敞，配套齐全，尊享舒适入住体验。	654	20148
8085	大床房	大床房，配备舒适大床，温馨静谧，适合休闲度假。	267	20149
8085	行政套房	行政套房，空间宽敞，配套齐全，尊享舒适入住体验。	609	20150
8086	行政套房	行政套房，空间宽敞，配套齐全，尊享舒适入住体验。	648	20151
8086	大床房	大床房，配备舒适大床，温馨静谧，适合休闲度假。	296	20152
8087	大床房	大床房，配备舒适大床，温馨静谧，适合休闲度假。	410	20153
8087	行政套房	行政套房，空间宽敞，配套齐全，尊享舒适入住体验。	552	20154
8087	标准间	标准间，简洁整洁，设施完备，高性价比之选。	194	20155
8088	标准间	标准间，简洁整洁，设施完备，高性价比之选。	222	20156
8088	行政套房	行政套房，空间宽敞，配套齐全，尊享舒适入住体验。	617	20157
8089	大床房	大床房，配备舒适大床，温馨静谧，适合休闲度假。	306	20158
8089	行政套房	行政套房，空间宽敞，配套齐全，尊享舒适入住体验。	787	20159
8089	标准间	标准间，简洁整洁，设施完备，高性价比之选。	257	20160
8090	大床房	大床房，配备舒适大床，温馨静谧，适合休闲度假。	370	20161
8090	行政套房	行政套房，空间宽敞，配套齐全，尊享舒适入住体验。	638	20162
8091	标准间	标准间，简洁整洁，设施完备，高性价比之选。	188	20163
8091	行政套房	行政套房，空间宽敞，配套齐全，尊享舒适入住体验。	624	20164
8092	标准间	标准间，简洁整洁，设施完备，高性价比之选。	256	20165
8092	大床房	大床房，配备舒适大床，温馨静谧，适合休闲度假。	379	20166
8092	行政套房	行政套房，空间宽敞，配套齐全，尊享舒适入住体验。	657	20167
8093	标准间	标准间，简洁整洁，设施完备，高性价比之选。	259	20168
8093	大床房	大床房，配备舒适大床，温馨静谧，适合休闲度假。	272	20169
8094	行政套房	行政套房，空间宽敞，配套齐全，尊享舒适入住体验。	683	20170
8094	标准间	标准间，简洁整洁，设施完备，高性价比之选。	293	20171
8094	大床房	大床房，配备舒适大床，温馨静谧，适合休闲度假。	401	20172
8095	大床房	大床房，配备舒适大床，温馨静谧，适合休闲度假。	295	20173
8095	行政套房	行政套房，空间宽敞，配套齐全，尊享舒适入住体验。	830	20174
8096	标准间	标准间，简洁整洁，设施完备，高性价比之选。	255	20175
8096	行政套房	行政套房，空间宽敞，配套齐全，尊享舒适入住体验。	828	20176
8097	大床房	大床房，配备舒适大床，温馨静谧，适合休闲度假。	478	20177
8097	行政套房	行政套房，空间宽敞，配套齐全，尊享舒适入住体验。	489	20178
8097	标准间	标准间，简洁整洁，设施完备，高性价比之选。	279	20179
8098	行政套房	行政套房，空间宽敞，配套齐全，尊享舒适入住体验。	798	20180
8098	大床房	大床房，配备舒适大床，温馨静谧，适合休闲度假。	300	20181
8099	大床房	大床房，配备舒适大床，温馨静谧，适合休闲度假。	273	20182
8099	标准间	标准间，简洁整洁，设施完备，高性价比之选。	274	20183
8100	大床房	大床房，配备舒适大床，温馨静谧，适合休闲度假。	408	20184
8100	行政套房	行政套房，空间宽敞，配套齐全，尊享舒适入住体验。	703	20185
8100	标准间	标准间，简洁整洁，设施完备，高性价比之选。	204	20186
8101	标准间	标准间，简洁整洁，设施完备，高性价比之选。	247	20187
8101	行政套房	行政套房，空间宽敞，配套齐全，尊享舒适入住体验。	789	20188
8102	大床房	大床房，配备舒适大床，温馨静谧，适合休闲度假。	431	20189
8102	标准间	标准间，简洁整洁，设施完备，高性价比之选。	233	20190
8102	行政套房	行政套房，空间宽敞，配套齐全，尊享舒适入住体验。	831	20191
8103	行政套房	行政套房，空间宽敞，配套齐全，尊享舒适入住体验。	565	20192
8103	大床房	大床房，配备舒适大床，温馨静谧，适合休闲度假。	390	20193
8103	标准间	标准间，简洁整洁，设施完备，高性价比之选。	217	20194
8104	大床房	大床房，配备舒适大床，温馨静谧，适合休闲度假。	323	20195
8104	标准间	标准间，简洁整洁，设施完备，高性价比之选。	317	20196
8105	行政套房	行政套房，空间宽敞，配套齐全，尊享舒适入住体验。	589	20197
8105	标准间	标准间，简洁整洁，设施完备，高性价比之选。	260	20198
8106	行政套房	行政套房，空间宽敞，配套齐全，尊享舒适入住体验。	517	20199
8106	大床房	大床房，配备舒适大床，温馨静谧，适合休闲度假。	417	20200
8106	标准间	标准间，简洁整洁，设施完备，高性价比之选。	228	20201
8107	标准间	标准间，简洁整洁，设施完备，高性价比之选。	272	20202
8107	大床房	大床房，配备舒适大床，温馨静谧，适合休闲度假。	388	20203
8107	行政套房	行政套房，空间宽敞，配套齐全，尊享舒适入住体验。	870	20204
8108	大床房	大床房，配备舒适大床，温馨静谧，适合休闲度假。	287	20205
8108	标准间	标准间，简洁整洁，设施完备，高性价比之选。	268	20206
8108	行政套房	行政套房，空间宽敞，配套齐全，尊享舒适入住体验。	712	20207
8109	标准间	标准间，简洁整洁，设施完备，高性价比之选。	306	20208
8109	行政套房	行政套房，空间宽敞，配套齐全，尊享舒适入住体验。	621	20209
8110	标准间	标准间，简洁整洁，设施完备，高性价比之选。	218	20210
8110	行政套房	行政套房，空间宽敞，配套齐全，尊享舒适入住体验。	870	20211
8110	大床房	大床房，配备舒适大床，温馨静谧，适合休闲度假。	294	20212
8111	大床房	大床房，配备舒适大床，温馨静谧，适合休闲度假。	469	20213
8111	行政套房	行政套房，空间宽敞，配套齐全，尊享舒适入住体验。	527	20214
8111	标准间	标准间，简洁整洁，设施完备，高性价比之选。	227	20215
8112	行政套房	行政套房，空间宽敞，配套齐全，尊享舒适入住体验。	852	20216
8112	大床房	大床房，配备舒适大床，温馨静谧，适合休闲度假。	377	20217
8113	大床房	大床房，配备舒适大床，温馨静谧，适合休闲度假。	296	20218
8113	标准间	标准间，简洁整洁，设施完备，高性价比之选。	260	20219
8113	行政套房	行政套房，空间宽敞，配套齐全，尊享舒适入住体验。	841	20220
8114	行政套房	行政套房，空间宽敞，配套齐全，尊享舒适入住体验。	636	20221
8114	标准间	标准间，简洁整洁，设施完备，高性价比之选。	313	20222
8115	行政套房	行政套房，空间宽敞，配套齐全，尊享舒适入住体验。	486	20223
8115	标准间	标准间，简洁整洁，设施完备，高性价比之选。	222	20224
8116	行政套房	行政套房，空间宽敞，配套齐全，尊享舒适入住体验。	851	20225
8116	大床房	大床房，配备舒适大床，温馨静谧，适合休闲度假。	353	20226
8116	标准间	标准间，简洁整洁，设施完备，高性价比之选。	229	20227
8117	标准间	标准间，简洁整洁，设施完备，高性价比之选。	234	20228
8117	行政套房	行政套房，空间宽敞，配套齐全，尊享舒适入住体验。	760	20229
8118	标准间	标准间，简洁整洁，设施完备，高性价比之选。	233	20230
8118	行政套房	行政套房，空间宽敞，配套齐全，尊享舒适入住体验。	620	20231
8119	标准间	标准间，简洁整洁，设施完备，高性价比之选。	181	20232
8119	行政套房	行政套房，空间宽敞，配套齐全，尊享舒适入住体验。	614	20233
8120	标准间	标准间，简洁整洁，设施完备，高性价比之选。	239	20234
8120	大床房	大床房，配备舒适大床，温馨静谧，适合休闲度假。	463	20235
8121	大床房	大床房，配备舒适大床，温馨静谧，适合休闲度假。	306	20236
8121	行政套房	行政套房，空间宽敞，配套齐全，尊享舒适入住体验。	598	20237
8121	标准间	标准间，简洁整洁，设施完备，高性价比之选。	188	20238
8122	标准间	标准间，简洁整洁，设施完备，高性价比之选。	270	20239
8122	行政套房	行政套房，空间宽敞，配套齐全，尊享舒适入住体验。	866	20240
8123	大床房	大床房，配备舒适大床，温馨静谧，适合休闲度假。	340	20241
8123	行政套房	行政套房，空间宽敞，配套齐全，尊享舒适入住体验。	608	20242
8123	标准间	标准间，简洁整洁，设施完备，高性价比之选。	280	20243
8124	行政套房	行政套房，空间宽敞，配套齐全，尊享舒适入住体验。	860	20244
8124	大床房	大床房，配备舒适大床，温馨静谧，适合休闲度假。	473	20245
8125	大床房	大床房，配备舒适大床，温馨静谧，适合休闲度假。	423	20246
8125	行政套房	行政套房，空间宽敞，配套齐全，尊享舒适入住体验。	698	20247
8126	标准间	标准间，简洁整洁，设施完备，高性价比之选。	297	20248
8126	行政套房	行政套房，空间宽敞，配套齐全，尊享舒适入住体验。	539	20249
8127	标准间	标准间，简洁整洁，设施完备，高性价比之选。	253	20250
8127	行政套房	行政套房，空间宽敞，配套齐全，尊享舒适入住体验。	696	20251
8128	行政套房	行政套房，空间宽敞，配套齐全，尊享舒适入住体验。	613	20252
8128	标准间	标准间，简洁整洁，设施完备，高性价比之选。	254	20253
8128	大床房	大床房，配备舒适大床，温馨静谧，适合休闲度假。	410	20254
8129	行政套房	行政套房，空间宽敞，配套齐全，尊享舒适入住体验。	529	20255
8129	标准间	标准间，简洁整洁，设施完备，高性价比之选。	244	20256
8129	大床房	大床房，配备舒适大床，温馨静谧，适合休闲度假。	413	20257
8130	大床房	大床房，配备舒适大床，温馨静谧，适合休闲度假。	332	20258
8130	标准间	标准间，简洁整洁，设施完备，高性价比之选。	268	20259
8130	行政套房	行政套房，空间宽敞，配套齐全，尊享舒适入住体验。	638	20260
8131	标准间	标准间，简洁整洁，设施完备，高性价比之选。	244	20261
8131	大床房	大床房，配备舒适大床，温馨静谧，适合休闲度假。	368	20262
8131	行政套房	行政套房，空间宽敞，配套齐全，尊享舒适入住体验。	667	20263
8132	标准间	标准间，简洁整洁，设施完备，高性价比之选。	285	20264
8132	行政套房	行政套房，空间宽敞，配套齐全，尊享舒适入住体验。	608	20265
8133	大床房	大床房，配备舒适大床，温馨静谧，适合休闲度假。	303	20266
8133	标准间	标准间，简洁整洁，设施完备，高性价比之选。	319	20267
8134	大床房	大床房，配备舒适大床，温馨静谧，适合休闲度假。	430	20268
8134	标准间	标准间，简洁整洁，设施完备，高性价比之选。	198	20269
8134	行政套房	行政套房，空间宽敞，配套齐全，尊享舒适入住体验。	491	20270
8135	行政套房	行政套房，空间宽敞，配套齐全，尊享舒适入住体验。	592	20271
8135	标准间	标准间，简洁整洁，设施完备，高性价比之选。	296	20272
8136	行政套房	行政套房，空间宽敞，配套齐全，尊享舒适入住体验。	619	20273
8136	大床房	大床房，配备舒适大床，温馨静谧，适合休闲度假。	368	20274
8136	标准间	标准间，简洁整洁，设施完备，高性价比之选。	206	20275
8137	大床房	大床房，配备舒适大床，温馨静谧，适合休闲度假。	425	20276
8137	行政套房	行政套房，空间宽敞，配套齐全，尊享舒适入住体验。	481	20277
8138	行政套房	行政套房，空间宽敞，配套齐全，尊享舒适入住体验。	868	20278
8138	标准间	标准间，简洁整洁，设施完备，高性价比之选。	238	20279
8138	大床房	大床房，配备舒适大床，温馨静谧，适合休闲度假。	367	20280
8139	大床房	大床房，配备舒适大床，温馨静谧，适合休闲度假。	393	20281
8139	标准间	标准间，简洁整洁，设施完备，高性价比之选。	210	20282
8139	行政套房	行政套房，空间宽敞，配套齐全，尊享舒适入住体验。	628	20283
8140	行政套房	行政套房，空间宽敞，配套齐全，尊享舒适入住体验。	753	20284
8140	标准间	标准间，简洁整洁，设施完备，高性价比之选。	212	20285
8140	大床房	大床房，配备舒适大床，温馨静谧，适合休闲度假。	462	20286
8141	大床房	大床房，配备舒适大床，温馨静谧，适合休闲度假。	402	20287
8141	行政套房	行政套房，空间宽敞，配套齐全，尊享舒适入住体验。	868	20288
8141	标准间	标准间，简洁整洁，设施完备，高性价比之选。	302	20289
8142	行政套房	行政套房，空间宽敞，配套齐全，尊享舒适入住体验。	743	20290
8142	大床房	大床房，配备舒适大床，温馨静谧，适合休闲度假。	356	20291
8143	行政套房	行政套房，空间宽敞，配套齐全，尊享舒适入住体验。	584	20292
8143	大床房	大床房，配备舒适大床，温馨静谧，适合休闲度假。	414	20293
8144	大床房	大床房，配备舒适大床，温馨静谧，适合休闲度假。	292	20294
8144	行政套房	行政套房，空间宽敞，配套齐全，尊享舒适入住体验。	556	20295
8145	标准间	标准间，简洁整洁，设施完备，高性价比之选。	301	20296
8145	大床房	大床房，配备舒适大床，温馨静谧，适合休闲度假。	457	20297
8146	大床房	大床房，配备舒适大床，温馨静谧，适合休闲度假。	397	20298
8146	行政套房	行政套房，空间宽敞，配套齐全，尊享舒适入住体验。	778	20299
8146	标准间	标准间，简洁整洁，设施完备，高性价比之选。	280	20300
8147	大床房	大床房，配备舒适大床，温馨静谧，适合休闲度假。	356	20301
8147	标准间	标准间，简洁整洁，设施完备，高性价比之选。	194	20302
8147	行政套房	行政套房，空间宽敞，配套齐全，尊享舒适入住体验。	560	20303
8148	行政套房	行政套房，空间宽敞，配套齐全，尊享舒适入住体验。	722	20304
8148	标准间	标准间，简洁整洁，设施完备，高性价比之选。	231	20305
8148	大床房	大床房，配备舒适大床，温馨静谧，适合休闲度假。	334	20306
8149	标准间	标准间，简洁整洁，设施完备，高性价比之选。	206	20307
8149	行政套房	行政套房，空间宽敞，配套齐全，尊享舒适入住体验。	635	20308
8149	大床房	大床房，配备舒适大床，温馨静谧，适合休闲度假。	300	20309
8150	大床房	大床房，配备舒适大床，温馨静谧，适合休闲度假。	427	20310
8150	行政套房	行政套房，空间宽敞，配套齐全，尊享舒适入住体验。	802	20311
8151	大床房	大床房，配备舒适大床，温馨静谧，适合休闲度假。	308	20312
8151	标准间	标准间，简洁整洁，设施完备，高性价比之选。	250	20313
8152	大床房	大床房，配备舒适大床，温馨静谧，适合休闲度假。	456	20314
8152	行政套房	行政套房，空间宽敞，配套齐全，尊享舒适入住体验。	779	20315
8153	标准间	标准间，简洁整洁，设施完备，高性价比之选。	222	20316
8153	行政套房	行政套房，空间宽敞，配套齐全，尊享舒适入住体验。	525	20317
8154	行政套房	行政套房，空间宽敞，配套齐全，尊享舒适入住体验。	684	20318
8154	大床房	大床房，配备舒适大床，温馨静谧，适合休闲度假。	368	20319
8154	标准间	标准间，简洁整洁，设施完备，高性价比之选。	197	20320
8155	大床房	大床房，配备舒适大床，温馨静谧，适合休闲度假。	320	20321
8155	行政套房	行政套房，空间宽敞，配套齐全，尊享舒适入住体验。	565	20322
8155	标准间	标准间，简洁整洁，设施完备，高性价比之选。	281	20323
8156	大床房	大床房，配备舒适大床，温馨静谧，适合休闲度假。	430	20324
8156	标准间	标准间，简洁整洁，设施完备，高性价比之选。	278	20325
8156	行政套房	行政套房，空间宽敞，配套齐全，尊享舒适入住体验。	668	20326
8157	标准间	标准间，简洁整洁，设施完备，高性价比之选。	207	20327
8157	行政套房	行政套房，空间宽敞，配套齐全，尊享舒适入住体验。	752	20328
8158	大床房	大床房，配备舒适大床，温馨静谧，适合休闲度假。	274	20329
8158	行政套房	行政套房，空间宽敞，配套齐全，尊享舒适入住体验。	553	20330
8158	标准间	标准间，简洁整洁，设施完备，高性价比之选。	253	20331
8159	大床房	大床房，配备舒适大床，温馨静谧，适合休闲度假。	374	20332
8159	行政套房	行政套房，空间宽敞，配套齐全，尊享舒适入住体验。	526	20333
8159	标准间	标准间，简洁整洁，设施完备，高性价比之选。	204	20334
8160	行政套房	行政套房，空间宽敞，配套齐全，尊享舒适入住体验。	783	20335
8160	标准间	标准间，简洁整洁，设施完备，高性价比之选。	299	20336
8161	行政套房	行政套房，空间宽敞，配套齐全，尊享舒适入住体验。	691	20337
8161	标准间	标准间，简洁整洁，设施完备，高性价比之选。	234	20338
8161	大床房	大床房，配备舒适大床，温馨静谧，适合休闲度假。	305	20339
8162	标准间	标准间，简洁整洁，设施完备，高性价比之选。	208	20340
8162	大床房	大床房，配备舒适大床，温馨静谧，适合休闲度假。	454	20341
8163	标准间	标准间，简洁整洁，设施完备，高性价比之选。	199	20342
8163	大床房	大床房，配备舒适大床，温馨静谧，适合休闲度假。	377	20343
8164	标准间	标准间，简洁整洁，设施完备，高性价比之选。	192	20344
8164	行政套房	行政套房，空间宽敞，配套齐全，尊享舒适入住体验。	656	20345
8165	大床房	大床房，配备舒适大床，温馨静谧，适合休闲度假。	389	20346
8165	行政套房	行政套房，空间宽敞，配套齐全，尊享舒适入住体验。	861	20347
8165	标准间	标准间，简洁整洁，设施完备，高性价比之选。	195	20348
8166	大床房	大床房，配备舒适大床，温馨静谧，适合休闲度假。	328	20349
8166	标准间	标准间，简洁整洁，设施完备，高性价比之选。	187	20350
8167	标准间	标准间，简洁整洁，设施完备，高性价比之选。	298	20351
8167	大床房	大床房，配备舒适大床，温馨静谧，适合休闲度假。	382	20352
8167	行政套房	行政套房，空间宽敞，配套齐全，尊享舒适入住体验。	513	20353
8168	大床房	大床房，配备舒适大床，温馨静谧，适合休闲度假。	334	20354
8168	标准间	标准间，简洁整洁，设施完备，高性价比之选。	215	20355
8168	行政套房	行政套房，空间宽敞，配套齐全，尊享舒适入住体验。	502	20356
8169	行政套房	行政套房，空间宽敞，配套齐全，尊享舒适入住体验。	671	20357
8169	标准间	标准间，简洁整洁，设施完备，高性价比之选。	186	20358
8169	大床房	大床房，配备舒适大床，温馨静谧，适合休闲度假。	264	20359
8170	标准间	标准间，简洁整洁，设施完备，高性价比之选。	203	20360
8170	行政套房	行政套房，空间宽敞，配套齐全，尊享舒适入住体验。	839	20361
8171	行政套房	行政套房，空间宽敞，配套齐全，尊享舒适入住体验。	624	20362
8171	大床房	大床房，配备舒适大床，温馨静谧，适合休闲度假。	365	20363
8171	标准间	标准间，简洁整洁，设施完备，高性价比之选。	266	20364
8172	行政套房	行政套房，空间宽敞，配套齐全，尊享舒适入住体验。	654	20365
8172	大床房	大床房，配备舒适大床，温馨静谧，适合休闲度假。	392	20366
8172	标准间	标准间，简洁整洁，设施完备，高性价比之选。	183	20367
8173	行政套房	行政套房，空间宽敞，配套齐全，尊享舒适入住体验。	867	20368
8173	标准间	标准间，简洁整洁，设施完备，高性价比之选。	193	20369
8173	大床房	大床房，配备舒适大床，温馨静谧，适合休闲度假。	313	20370
8174	标准间	标准间，简洁整洁，设施完备，高性价比之选。	180	20371
8174	行政套房	行政套房，空间宽敞，配套齐全，尊享舒适入住体验。	616	20372
8175	标准间	标准间，简洁整洁，设施完备，高性价比之选。	285	20373
8175	行政套房	行政套房，空间宽敞，配套齐全，尊享舒适入住体验。	580	20374
8175	大床房	大床房，配备舒适大床，温馨静谧，适合休闲度假。	368	20375
8176	行政套房	行政套房，空间宽敞，配套齐全，尊享舒适入住体验。	692	20376
8176	标准间	标准间，简洁整洁，设施完备，高性价比之选。	266	20377
8177	行政套房	行政套房，空间宽敞，配套齐全，尊享舒适入住体验。	635	20378
8177	大床房	大床房，配备舒适大床，温馨静谧，适合休闲度假。	336	20379
8178	行政套房	行政套房，空间宽敞，配套齐全，尊享舒适入住体验。	838	20380
8178	大床房	大床房，配备舒适大床，温馨静谧，适合休闲度假。	450	20381
8178	标准间	标准间，简洁整洁，设施完备，高性价比之选。	216	20382
8179	标准间	标准间，简洁整洁，设施完备，高性价比之选。	287	20383
8179	行政套房	行政套房，空间宽敞，配套齐全，尊享舒适入住体验。	744	20384
8180	标准间	标准间，简洁整洁，设施完备，高性价比之选。	274	20385
8180	大床房	大床房，配备舒适大床，温馨静谧，适合休闲度假。	273	20386
8181	行政套房	行政套房，空间宽敞，配套齐全，尊享舒适入住体验。	594	20387
8181	标准间	标准间，简洁整洁，设施完备，高性价比之选。	275	20388
8182	行政套房	行政套房，空间宽敞，配套齐全，尊享舒适入住体验。	801	20389
8182	大床房	大床房，配备舒适大床，温馨静谧，适合休闲度假。	477	20390
8183	行政套房	行政套房，空间宽敞，配套齐全，尊享舒适入住体验。	847	20391
8183	大床房	大床房，配备舒适大床，温馨静谧，适合休闲度假。	417	20392
8183	标准间	标准间，简洁整洁，设施完备，高性价比之选。	301	20393
8184	标准间	标准间，简洁整洁，设施完备，高性价比之选。	279	20394
8184	行政套房	行政套房，空间宽敞，配套齐全，尊享舒适入住体验。	880	20395
8185	大床房	大床房，配备舒适大床，温馨静谧，适合休闲度假。	453	20396
8185	行政套房	行政套房，空间宽敞，配套齐全，尊享舒适入住体验。	550	20397
8186	行政套房	行政套房，空间宽敞，配套齐全，尊享舒适入住体验。	679	20398
8186	大床房	大床房，配备舒适大床，温馨静谧，适合休闲度假。	378	20399
8187	标准间	标准间，简洁整洁，设施完备，高性价比之选。	313	20400
8187	行政套房	行政套房，空间宽敞，配套齐全，尊享舒适入住体验。	808	20401
8187	大床房	大床房，配备舒适大床，温馨静谧，适合休闲度假。	272	20402
8188	大床房	大床房，配备舒适大床，温馨静谧，适合休闲度假。	394	20403
8188	行政套房	行政套房，空间宽敞，配套齐全，尊享舒适入住体验。	668	20404
8188	标准间	标准间，简洁整洁，设施完备，高性价比之选。	187	20405
8189	行政套房	行政套房，空间宽敞，配套齐全，尊享舒适入住体验。	705	20406
8189	大床房	大床房，配备舒适大床，温馨静谧，适合休闲度假。	333	20407
8189	标准间	标准间，简洁整洁，设施完备，高性价比之选。	227	20408
8190	大床房	大床房，配备舒适大床，温馨静谧，适合休闲度假。	436	20409
8190	标准间	标准间，简洁整洁，设施完备，高性价比之选。	278	20410
8191	行政套房	行政套房，空间宽敞，配套齐全，尊享舒适入住体验。	570	20411
8191	大床房	大床房，配备舒适大床，温馨静谧，适合休闲度假。	360	20412
8192	标准间	标准间，简洁整洁，设施完备，高性价比之选。	182	20413
8192	行政套房	行政套房，空间宽敞，配套齐全，尊享舒适入住体验。	863	20414
8192	大床房	大床房，配备舒适大床，温馨静谧，适合休闲度假。	413	20415
8193	大床房	大床房，配备舒适大床，温馨静谧，适合休闲度假。	314	20416
8193	行政套房	行政套房，空间宽敞，配套齐全，尊享舒适入住体验。	596	20417
8193	标准间	标准间，简洁整洁，设施完备，高性价比之选。	235	20418
8194	行政套房	行政套房，空间宽敞，配套齐全，尊享舒适入住体验。	736	20419
8194	标准间	标准间，简洁整洁，设施完备，高性价比之选。	313	20420
8194	大床房	大床房，配备舒适大床，温馨静谧，适合休闲度假。	319	20421
8195	大床房	大床房，配备舒适大床，温馨静谧，适合休闲度假。	358	20422
8195	行政套房	行政套房，空间宽敞，配套齐全，尊享舒适入住体验。	757	20423
8195	标准间	标准间，简洁整洁，设施完备，高性价比之选。	193	20424
8196	标准间	标准间，简洁整洁，设施完备，高性价比之选。	226	20425
8196	大床房	大床房，配备舒适大床，温馨静谧，适合休闲度假。	378	20426
8197	行政套房	行政套房，空间宽敞，配套齐全，尊享舒适入住体验。	780	20427
8197	大床房	大床房，配备舒适大床，温馨静谧，适合休闲度假。	399	20428
8198	大床房	大床房，配备舒适大床，温馨静谧，适合休闲度假。	293	20429
8198	行政套房	行政套房，空间宽敞，配套齐全，尊享舒适入住体验。	537	20430
8199	标准间	标准间，简洁整洁，设施完备，高性价比之选。	309	20431
8199	行政套房	行政套房，空间宽敞，配套齐全，尊享舒适入住体验。	674	20432
8199	大床房	大床房，配备舒适大床，温馨静谧，适合休闲度假。	343	20433
8200	大床房	大床房，配备舒适大床，温馨静谧，适合休闲度假。	419	20434
8200	行政套房	行政套房，空间宽敞，配套齐全，尊享舒适入住体验。	754	20435
8200	标准间	标准间，简洁整洁，设施完备，高性价比之选。	267	20436
8201	大床房	大床房，配备舒适大床，温馨静谧，适合休闲度假。	346	20437
8201	标准间	标准间，简洁整洁，设施完备，高性价比之选。	251	20438
8201	行政套房	行政套房，空间宽敞，配套齐全，尊享舒适入住体验。	629	20439
8202	标准间	标准间，简洁整洁，设施完备，高性价比之选。	271	20440
8202	行政套房	行政套房，空间宽敞，配套齐全，尊享舒适入住体验。	480	20441
8203	大床房	大床房，配备舒适大床，温馨静谧，适合休闲度假。	477	20442
8203	标准间	标准间，简洁整洁，设施完备，高性价比之选。	309	20443
8203	行政套房	行政套房，空间宽敞，配套齐全，尊享舒适入住体验。	619	20444
8204	行政套房	行政套房，空间宽敞，配套齐全，尊享舒适入住体验。	874	20445
8204	标准间	标准间，简洁整洁，设施完备，高性价比之选。	217	20446
8205	行政套房	行政套房，空间宽敞，配套齐全，尊享舒适入住体验。	699	20447
8205	大床房	大床房，配备舒适大床，温馨静谧，适合休闲度假。	462	20448
8205	标准间	标准间，简洁整洁，设施完备，高性价比之选。	204	20449
8206	行政套房	行政套房，空间宽敞，配套齐全，尊享舒适入住体验。	615	20450
8206	标准间	标准间，简洁整洁，设施完备，高性价比之选。	199	20451
8206	大床房	大床房，配备舒适大床，温馨静谧，适合休闲度假。	431	20452
8207	标准间	标准间，简洁整洁，设施完备，高性价比之选。	231	20453
8207	行政套房	行政套房，空间宽敞，配套齐全，尊享舒适入住体验。	769	20454
8208	大床房	大床房，配备舒适大床，温馨静谧，适合休闲度假。	366	20455
8208	行政套房	行政套房，空间宽敞，配套齐全，尊享舒适入住体验。	753	20456
8209	行政套房	行政套房，空间宽敞，配套齐全，尊享舒适入住体验。	488	20457
8209	大床房	大床房，配备舒适大床，温馨静谧，适合休闲度假。	449	20458
8210	行政套房	行政套房，空间宽敞，配套齐全，尊享舒适入住体验。	786	20459
8210	标准间	标准间，简洁整洁，设施完备，高性价比之选。	287	20460
8211	行政套房	行政套房，空间宽敞，配套齐全，尊享舒适入住体验。	819	20461
8211	大床房	大床房，配备舒适大床，温馨静谧，适合休闲度假。	360	20462
8211	标准间	标准间，简洁整洁，设施完备，高性价比之选。	293	20463
8212	标准间	标准间，简洁整洁，设施完备，高性价比之选。	203	20464
8212	行政套房	行政套房，空间宽敞，配套齐全，尊享舒适入住体验。	791	20465
8212	大床房	大床房，配备舒适大床，温馨静谧，适合休闲度假。	334	20466
8213	大床房	大床房，配备舒适大床，温馨静谧，适合休闲度假。	301	20467
8213	标准间	标准间，简洁整洁，设施完备，高性价比之选。	222	20468
8213	行政套房	行政套房，空间宽敞，配套齐全，尊享舒适入住体验。	556	20469
8214	行政套房	行政套房，空间宽敞，配套齐全，尊享舒适入住体验。	810	20470
8214	大床房	大床房，配备舒适大床，温馨静谧，适合休闲度假。	352	20471
8215	标准间	标准间，简洁整洁，设施完备，高性价比之选。	249	20472
8215	大床房	大床房，配备舒适大床，温馨静谧，适合休闲度假。	330	20473
8216	大床房	大床房，配备舒适大床，温馨静谧，适合休闲度假。	280	20474
8216	行政套房	行政套房，空间宽敞，配套齐全，尊享舒适入住体验。	495	20475
8217	大床房	大床房，配备舒适大床，温馨静谧，适合休闲度假。	350	20476
8217	标准间	标准间，简洁整洁，设施完备，高性价比之选。	238	20477
8217	行政套房	行政套房，空间宽敞，配套齐全，尊享舒适入住体验。	865	20478
8218	大床房	大床房，配备舒适大床，温馨静谧，适合休闲度假。	406	20479
8218	标准间	标准间，简洁整洁，设施完备，高性价比之选。	232	20480
8219	大床房	大床房，配备舒适大床，温馨静谧，适合休闲度假。	397	20481
8219	标准间	标准间，简洁整洁，设施完备，高性价比之选。	229	20482
8220	标准间	标准间，简洁整洁，设施完备，高性价比之选。	228	20483
8220	大床房	大床房，配备舒适大床，温馨静谧，适合休闲度假。	416	20484
8221	大床房	大床房，配备舒适大床，温馨静谧，适合休闲度假。	286	20485
8221	标准间	标准间，简洁整洁，设施完备，高性价比之选。	265	20486
8222	标准间	标准间，简洁整洁，设施完备，高性价比之选。	308	20487
8222	大床房	大床房，配备舒适大床，温馨静谧，适合休闲度假。	429	20488
8222	行政套房	行政套房，空间宽敞，配套齐全，尊享舒适入住体验。	498	20489
8223	行政套房	行政套房，空间宽敞，配套齐全，尊享舒适入住体验。	773	20490
8223	大床房	大床房，配备舒适大床，温馨静谧，适合休闲度假。	328	20491
8224	标准间	标准间，简洁整洁，设施完备，高性价比之选。	196	20492
8224	行政套房	行政套房，空间宽敞，配套齐全，尊享舒适入住体验。	791	20493
8225	行政套房	行政套房，空间宽敞，配套齐全，尊享舒适入住体验。	515	20494
8225	大床房	大床房，配备舒适大床，温馨静谧，适合休闲度假。	478	20495
8225	标准间	标准间，简洁整洁，设施完备，高性价比之选。	261	20496
8226	标准间	标准间，简洁整洁，设施完备，高性价比之选。	250	20497
8226	行政套房	行政套房，空间宽敞，配套齐全，尊享舒适入住体验。	826	20498
8226	大床房	大床房，配备舒适大床，温馨静谧，适合休闲度假。	282	20499
8227	标准间	标准间，简洁整洁，设施完备，高性价比之选。	274	20500
8227	行政套房	行政套房，空间宽敞，配套齐全，尊享舒适入住体验。	783	20501
8227	大床房	大床房，配备舒适大床，温馨静谧，适合休闲度假。	308	20502
8228	大床房	大床房，配备舒适大床，温馨静谧，适合休闲度假。	340	20503
8228	标准间	标准间，简洁整洁，设施完备，高性价比之选。	273	20504
8229	标准间	标准间，简洁整洁，设施完备，高性价比之选。	280	20505
8229	行政套房	行政套房，空间宽敞，配套齐全，尊享舒适入住体验。	835	20506
8230	行政套房	行政套房，空间宽敞，配套齐全，尊享舒适入住体验。	790	20507
8230	标准间	标准间，简洁整洁，设施完备，高性价比之选。	223	20508
8231	行政套房	行政套房，空间宽敞，配套齐全，尊享舒适入住体验。	844	20509
8231	大床房	大床房，配备舒适大床，温馨静谧，适合休闲度假。	471	20510
8232	行政套房	行政套房，空间宽敞，配套齐全，尊享舒适入住体验。	711	20511
8232	大床房	大床房，配备舒适大床，温馨静谧，适合休闲度假。	354	20512
8233	大床房	大床房，配备舒适大床，温馨静谧，适合休闲度假。	391	20513
8233	行政套房	行政套房，空间宽敞，配套齐全，尊享舒适入住体验。	765	20514
8233	标准间	标准间，简洁整洁，设施完备，高性价比之选。	298	20515
8234	标准间	标准间，简洁整洁，设施完备，高性价比之选。	292	20516
8234	行政套房	行政套房，空间宽敞，配套齐全，尊享舒适入住体验。	837	20517
8234	大床房	大床房，配备舒适大床，温馨静谧，适合休闲度假。	465	20518
8235	标准间	标准间，简洁整洁，设施完备，高性价比之选。	238	20519
8235	行政套房	行政套房，空间宽敞，配套齐全，尊享舒适入住体验。	727	20520
8235	大床房	大床房，配备舒适大床，温馨静谧，适合休闲度假。	453	20521
8236	大床房	大床房，配备舒适大床，温馨静谧，适合休闲度假。	411	20522
8236	行政套房	行政套房，空间宽敞，配套齐全，尊享舒适入住体验。	702	20523
8236	标准间	标准间，简洁整洁，设施完备，高性价比之选。	309	20524
8237	大床房	大床房，配备舒适大床，温馨静谧，适合休闲度假。	424	20525
8237	标准间	标准间，简洁整洁，设施完备，高性价比之选。	219	20526
8238	大床房	大床房，配备舒适大床，温馨静谧，适合休闲度假。	266	20527
8238	行政套房	行政套房，空间宽敞，配套齐全，尊享舒适入住体验。	584	20528
8238	标准间	标准间，简洁整洁，设施完备，高性价比之选。	212	20529
8239	大床房	大床房，配备舒适大床，温馨静谧，适合休闲度假。	470	20530
8239	标准间	标准间，简洁整洁，设施完备，高性价比之选。	285	20531
8240	大床房	大床房，配备舒适大床，温馨静谧，适合休闲度假。	316	20532
8240	行政套房	行政套房，空间宽敞，配套齐全，尊享舒适入住体验。	503	20533
8240	标准间	标准间，简洁整洁，设施完备，高性价比之选。	236	20534
8241	大床房	大床房，配备舒适大床，温馨静谧，适合休闲度假。	444	20535
8241	标准间	标准间，简洁整洁，设施完备，高性价比之选。	276	20536
8242	标准间	标准间，简洁整洁，设施完备，高性价比之选。	314	20537
8242	大床房	大床房，配备舒适大床，温馨静谧，适合休闲度假。	462	20538
8243	行政套房	行政套房，空间宽敞，配套齐全，尊享舒适入住体验。	841	20539
8243	标准间	标准间，简洁整洁，设施完备，高性价比之选。	250	20540
8243	大床房	大床房，配备舒适大床，温馨静谧，适合休闲度假。	260	20541
8244	标准间	标准间，简洁整洁，设施完备，高性价比之选。	264	20542
8244	行政套房	行政套房，空间宽敞，配套齐全，尊享舒适入住体验。	708	20543
8245	标准间	标准间，简洁整洁，设施完备，高性价比之选。	256	20544
8245	大床房	大床房，配备舒适大床，温馨静谧，适合休闲度假。	281	20545
8246	大床房	大床房，配备舒适大床，温馨静谧，适合休闲度假。	309	20546
8246	行政套房	行政套房，空间宽敞，配套齐全，尊享舒适入住体验。	777	20547
8247	大床房	大床房，配备舒适大床，温馨静谧，适合休闲度假。	426	20548
8247	标准间	标准间，简洁整洁，设施完备，高性价比之选。	271	20549
8248	行政套房	行政套房，空间宽敞，配套齐全，尊享舒适入住体验。	802	20550
8248	标准间	标准间，简洁整洁，设施完备，高性价比之选。	261	20551
8248	大床房	大床房，配备舒适大床，温馨静谧，适合休闲度假。	284	20552
8249	标准间	标准间，简洁整洁，设施完备，高性价比之选。	188	20553
8249	大床房	大床房，配备舒适大床，温馨静谧，适合休闲度假。	351	20554
8249	行政套房	行政套房，空间宽敞，配套齐全，尊享舒适入住体验。	849	20555
8250	行政套房	行政套房，空间宽敞，配套齐全，尊享舒适入住体验。	748	20556
8250	大床房	大床房，配备舒适大床，温馨静谧，适合休闲度假。	430	20557
8250	标准间	标准间，简洁整洁，设施完备，高性价比之选。	180	20558
8251	标准间	标准间，简洁整洁，设施完备，高性价比之选。	300	20559
8251	大床房	大床房，配备舒适大床，温馨静谧，适合休闲度假。	320	20560
8252	标准间	标准间，简洁整洁，设施完备，高性价比之选。	233	20561
8252	大床房	大床房，配备舒适大床，温馨静谧，适合休闲度假。	359	20562
8253	行政套房	行政套房，空间宽敞，配套齐全，尊享舒适入住体验。	828	20563
8253	大床房	大床房，配备舒适大床，温馨静谧，适合休闲度假。	289	20564
8253	标准间	标准间，简洁整洁，设施完备，高性价比之选。	317	20565
8254	行政套房	行政套房，空间宽敞，配套齐全，尊享舒适入住体验。	480	20566
8254	标准间	标准间，简洁整洁，设施完备，高性价比之选。	218	20567
8255	行政套房	行政套房，空间宽敞，配套齐全，尊享舒适入住体验。	493	20568
8255	大床房	大床房，配备舒适大床，温馨静谧，适合休闲度假。	468	20569
8255	标准间	标准间，简洁整洁，设施完备，高性价比之选。	226	20570
8256	大床房	大床房，配备舒适大床，温馨静谧，适合休闲度假。	264	20571
8256	标准间	标准间，简洁整洁，设施完备，高性价比之选。	235	20572
8256	行政套房	行政套房，空间宽敞，配套齐全，尊享舒适入住体验。	572	20573
8257	标准间	标准间，简洁整洁，设施完备，高性价比之选。	265	20574
8257	大床房	大床房，配备舒适大床，温馨静谧，适合休闲度假。	392	20575
8258	大床房	大床房，配备舒适大床，温馨静谧，适合休闲度假。	315	20576
8258	标准间	标准间，简洁整洁，设施完备，高性价比之选。	304	20577
8259	行政套房	行政套房，空间宽敞，配套齐全，尊享舒适入住体验。	612	20578
8259	大床房	大床房，配备舒适大床，温馨静谧，适合休闲度假。	425	20579
8259	标准间	标准间，简洁整洁，设施完备，高性价比之选。	204	20580
8260	行政套房	行政套房，空间宽敞，配套齐全，尊享舒适入住体验。	669	20581
8260	标准间	标准间，简洁整洁，设施完备，高性价比之选。	182	20582
8260	大床房	大床房，配备舒适大床，温馨静谧，适合休闲度假。	475	20583
8261	行政套房	行政套房，空间宽敞，配套齐全，尊享舒适入住体验。	536	20584
8261	大床房	大床房，配备舒适大床，温馨静谧，适合休闲度假。	272	20585
8262	行政套房	行政套房，空间宽敞，配套齐全，尊享舒适入住体验。	869	20586
8262	大床房	大床房，配备舒适大床，温馨静谧，适合休闲度假。	276	20587
8263	行政套房	行政套房，空间宽敞，配套齐全，尊享舒适入住体验。	868	20588
8263	大床房	大床房，配备舒适大床，温馨静谧，适合休闲度假。	347	20589
8263	标准间	标准间，简洁整洁，设施完备，高性价比之选。	194	20590
8264	行政套房	行政套房，空间宽敞，配套齐全，尊享舒适入住体验。	492	20591
8264	大床房	大床房，配备舒适大床，温馨静谧，适合休闲度假。	422	20592
8264	标准间	标准间，简洁整洁，设施完备，高性价比之选。	193	20593
8265	标准间	标准间，简洁整洁，设施完备，高性价比之选。	188	20594
8265	行政套房	行政套房，空间宽敞，配套齐全，尊享舒适入住体验。	655	20595
8265	大床房	大床房，配备舒适大床，温馨静谧，适合休闲度假。	317	20596
8266	标准间	标准间，简洁整洁，设施完备，高性价比之选。	285	20597
8266	大床房	大床房，配备舒适大床，温馨静谧，适合休闲度假。	430	20598
8267	行政套房	行政套房，空间宽敞，配套齐全，尊享舒适入住体验。	638	20599
8267	大床房	大床房，配备舒适大床，温馨静谧，适合休闲度假。	316	20600
8267	标准间	标准间，简洁整洁，设施完备，高性价比之选。	298	20601
8268	行政套房	行政套房，空间宽敞，配套齐全，尊享舒适入住体验。	729	20602
8268	标准间	标准间，简洁整洁，设施完备，高性价比之选。	305	20603
8268	大床房	大床房，配备舒适大床，温馨静谧，适合休闲度假。	288	20604
8269	标准间	标准间，简洁整洁，设施完备，高性价比之选。	256	20605
8269	大床房	大床房，配备舒适大床，温馨静谧，适合休闲度假。	260	20606
8270	标准间	标准间，简洁整洁，设施完备，高性价比之选。	242	20607
8270	行政套房	行政套房，空间宽敞，配套齐全，尊享舒适入住体验。	826	20608
8270	大床房	大床房，配备舒适大床，温馨静谧，适合休闲度假。	368	20609
8271	行政套房	行政套房，空间宽敞，配套齐全，尊享舒适入住体验。	866	20610
8271	标准间	标准间，简洁整洁，设施完备，高性价比之选。	206	20611
8272	标准间	标准间，简洁整洁，设施完备，高性价比之选。	318	20612
8272	大床房	大床房，配备舒适大床，温馨静谧，适合休闲度假。	470	20613
8272	行政套房	行政套房，空间宽敞，配套齐全，尊享舒适入住体验。	870	20614
8273	大床房	大床房，配备舒适大床，温馨静谧，适合休闲度假。	351	20615
8273	标准间	标准间，简洁整洁，设施完备，高性价比之选。	228	20616
8274	标准间	标准间，简洁整洁，设施完备，高性价比之选。	317	20617
8274	行政套房	行政套房，空间宽敞，配套齐全，尊享舒适入住体验。	567	20618
8274	大床房	大床房，配备舒适大床，温馨静谧，适合休闲度假。	466	20619
8275	大床房	大床房，配备舒适大床，温馨静谧，适合休闲度假。	278	20620
8275	行政套房	行政套房，空间宽敞，配套齐全，尊享舒适入住体验。	501	20621
8276	大床房	大床房，配备舒适大床，温馨静谧，适合休闲度假。	282	20622
8276	标准间	标准间，简洁整洁，设施完备，高性价比之选。	238	20623
8277	标准间	标准间，简洁整洁，设施完备，高性价比之选。	309	20624
8277	大床房	大床房，配备舒适大床，温馨静谧，适合休闲度假。	452	20625
8277	行政套房	行政套房，空间宽敞，配套齐全，尊享舒适入住体验。	877	20626
8278	标准间	标准间，简洁整洁，设施完备，高性价比之选。	302	20627
8278	大床房	大床房，配备舒适大床，温馨静谧，适合休闲度假。	368	20628
8279	行政套房	行政套房，空间宽敞，配套齐全，尊享舒适入住体验。	811	20629
8279	标准间	标准间，简洁整洁，设施完备，高性价比之选。	281	20630
8279	大床房	大床房，配备舒适大床，温馨静谧，适合休闲度假。	267	20631
8280	行政套房	行政套房，空间宽敞，配套齐全，尊享舒适入住体验。	699	20632
8280	标准间	标准间，简洁整洁，设施完备，高性价比之选。	185	20633
8280	大床房	大床房，配备舒适大床，温馨静谧，适合休闲度假。	397	20634
8281	行政套房	行政套房，空间宽敞，配套齐全，尊享舒适入住体验。	534	20635
8281	大床房	大床房，配备舒适大床，温馨静谧，适合休闲度假。	302	20636
8282	标准间	标准间，简洁整洁，设施完备，高性价比之选。	267	20637
8282	大床房	大床房，配备舒适大床，温馨静谧，适合休闲度假。	325	20638
8282	行政套房	行政套房，空间宽敞，配套齐全，尊享舒适入住体验。	528	20639
8283	标准间	标准间，简洁整洁，设施完备，高性价比之选。	242	20640
8283	大床房	大床房，配备舒适大床，温馨静谧，适合休闲度假。	408	20641
8284	标准间	标准间，简洁整洁，设施完备，高性价比之选。	267	20642
8284	大床房	大床房，配备舒适大床，温馨静谧，适合休闲度假。	473	20643
8284	行政套房	行政套房，空间宽敞，配套齐全，尊享舒适入住体验。	606	20644
8285	行政套房	行政套房，空间宽敞，配套齐全，尊享舒适入住体验。	701	20645
8285	大床房	大床房，配备舒适大床，温馨静谧，适合休闲度假。	439	20646
8285	标准间	标准间，简洁整洁，设施完备，高性价比之选。	258	20647
8286	行政套房	行政套房，空间宽敞，配套齐全，尊享舒适入住体验。	663	20648
8286	标准间	标准间，简洁整洁，设施完备，高性价比之选。	261	20649
8287	行政套房	行政套房，空间宽敞，配套齐全，尊享舒适入住体验。	562	20650
8287	大床房	大床房，配备舒适大床，温馨静谧，适合休闲度假。	473	20651
8288	标准间	标准间，简洁整洁，设施完备，高性价比之选。	306	20652
8288	大床房	大床房，配备舒适大床，温馨静谧，适合休闲度假。	316	20653
8288	行政套房	行政套房，空间宽敞，配套齐全，尊享舒适入住体验。	537	20654
8289	标准间	标准间，简洁整洁，设施完备，高性价比之选。	225	20655
8289	行政套房	行政套房，空间宽敞，配套齐全，尊享舒适入住体验。	571	20656
8289	大床房	大床房，配备舒适大床，温馨静谧，适合休闲度假。	413	20657
8290	标准间	标准间，简洁整洁，设施完备，高性价比之选。	189	20658
8290	大床房	大床房，配备舒适大床，温馨静谧，适合休闲度假。	350	20659
8291	行政套房	行政套房，空间宽敞，配套齐全，尊享舒适入住体验。	822	20660
8291	标准间	标准间，简洁整洁，设施完备，高性价比之选。	188	20661
8292	大床房	大床房，配备舒适大床，温馨静谧，适合休闲度假。	418	20662
8292	标准间	标准间，简洁整洁，设施完备，高性价比之选。	236	20663
8292	行政套房	行政套房，空间宽敞，配套齐全，尊享舒适入住体验。	663	20664
8293	标准间	标准间，简洁整洁，设施完备，高性价比之选。	244	20665
8293	行政套房	行政套房，空间宽敞，配套齐全，尊享舒适入住体验。	830	20666
8294	标准间	标准间，简洁整洁，设施完备，高性价比之选。	197	20667
8294	行政套房	行政套房，空间宽敞，配套齐全，尊享舒适入住体验。	625	20668
8295	行政套房	行政套房，空间宽敞，配套齐全，尊享舒适入住体验。	624	20669
8295	大床房	大床房，配备舒适大床，温馨静谧，适合休闲度假。	452	20670
8296	行政套房	行政套房，空间宽敞，配套齐全，尊享舒适入住体验。	606	20671
8296	大床房	大床房，配备舒适大床，温馨静谧，适合休闲度假。	323	20672
8297	大床房	大床房，配备舒适大床，温馨静谧，适合休闲度假。	291	20673
8297	行政套房	行政套房，空间宽敞，配套齐全，尊享舒适入住体验。	526	20674
8297	标准间	标准间，简洁整洁，设施完备，高性价比之选。	188	20675
8298	行政套房	行政套房，空间宽敞，配套齐全，尊享舒适入住体验。	614	20676
8298	大床房	大床房，配备舒适大床，温馨静谧，适合休闲度假。	297	20677
8299	大床房	大床房，配备舒适大床，温馨静谧，适合休闲度假。	363	20678
8299	标准间	标准间，简洁整洁，设施完备，高性价比之选。	216	20679
8299	行政套房	行政套房，空间宽敞，配套齐全，尊享舒适入住体验。	728	20680
8300	大床房	大床房，配备舒适大床，温馨静谧，适合休闲度假。	382	20681
8300	行政套房	行政套房，空间宽敞，配套齐全，尊享舒适入住体验。	646	20682
8301	行政套房	行政套房，空间宽敞，配套齐全，尊享舒适入住体验。	795	20683
8301	标准间	标准间，简洁整洁，设施完备，高性价比之选。	320	20684
8301	大床房	大床房，配备舒适大床，温馨静谧，适合休闲度假。	351	20685
8302	行政套房	行政套房，空间宽敞，配套齐全，尊享舒适入住体验。	645	20686
8302	大床房	大床房，配备舒适大床，温馨静谧，适合休闲度假。	360	20687
8303	标准间	标准间，简洁整洁，设施完备，高性价比之选。	184	20688
8303	大床房	大床房，配备舒适大床，温馨静谧，适合休闲度假。	287	20689
8304	大床房	大床房，配备舒适大床，温馨静谧，适合休闲度假。	454	20690
8304	标准间	标准间，简洁整洁，设施完备，高性价比之选。	274	20691
8305	标准间	标准间，简洁整洁，设施完备，高性价比之选。	280	20692
8305	大床房	大床房，配备舒适大床，温馨静谧，适合休闲度假。	412	20693
8305	行政套房	行政套房，空间宽敞，配套齐全，尊享舒适入住体验。	813	20694
8306	标准间	标准间，简洁整洁，设施完备，高性价比之选。	181	20695
8306	大床房	大床房，配备舒适大床，温馨静谧，适合休闲度假。	418	20696
8307	大床房	大床房，配备舒适大床，温馨静谧，适合休闲度假。	358	20697
8307	行政套房	行政套房，空间宽敞，配套齐全，尊享舒适入住体验。	799	20698
8308	大床房	大床房，配备舒适大床，温馨静谧，适合休闲度假。	378	20699
8308	标准间	标准间，简洁整洁，设施完备，高性价比之选。	206	20700
8308	行政套房	行政套房，空间宽敞，配套齐全，尊享舒适入住体验。	516	20701
8309	标准间	标准间，简洁整洁，设施完备，高性价比之选。	183	20702
8309	大床房	大床房，配备舒适大床，温馨静谧，适合休闲度假。	367	20703
8309	行政套房	行政套房，空间宽敞，配套齐全，尊享舒适入住体验。	630	20704
8310	行政套房	行政套房，空间宽敞，配套齐全，尊享舒适入住体验。	879	20705
8310	大床房	大床房，配备舒适大床，温馨静谧，适合休闲度假。	366	20706
8310	标准间	标准间，简洁整洁，设施完备，高性价比之选。	240	20707
8311	标准间	标准间，简洁整洁，设施完备，高性价比之选。	241	20708
8311	行政套房	行政套房，空间宽敞，配套齐全，尊享舒适入住体验。	755	20709
8312	标准间	标准间，简洁整洁，设施完备，高性价比之选。	313	20710
8312	行政套房	行政套房，空间宽敞，配套齐全，尊享舒适入住体验。	829	20711
8312	大床房	大床房，配备舒适大床，温馨静谧，适合休闲度假。	333	20712
8313	大床房	大床房，配备舒适大床，温馨静谧，适合休闲度假。	261	20713
8313	标准间	标准间，简洁整洁，设施完备，高性价比之选。	284	20714
8314	行政套房	行政套房，空间宽敞，配套齐全，尊享舒适入住体验。	830	20715
8314	大床房	大床房，配备舒适大床，温馨静谧，适合休闲度假。	429	20716
8315	大床房	大床房，配备舒适大床，温馨静谧，适合休闲度假。	457	20717
8315	行政套房	行政套房，空间宽敞，配套齐全，尊享舒适入住体验。	697	20718
8316	标准间	标准间，简洁整洁，设施完备，高性价比之选。	200	20719
8316	行政套房	行政套房，空间宽敞，配套齐全，尊享舒适入住体验。	798	20720
8316	大床房	大床房，配备舒适大床，温馨静谧，适合休闲度假。	263	20721
8317	行政套房	行政套房，空间宽敞，配套齐全，尊享舒适入住体验。	579	20722
8317	标准间	标准间，简洁整洁，设施完备，高性价比之选。	215	20723
8318	大床房	大床房，配备舒适大床，温馨静谧，适合休闲度假。	328	20724
8318	行政套房	行政套房，空间宽敞，配套齐全，尊享舒适入住体验。	740	20725
8319	行政套房	行政套房，空间宽敞，配套齐全，尊享舒适入住体验。	810	20726
8319	标准间	标准间，简洁整洁，设施完备，高性价比之选。	230	20727
8320	大床房	大床房，配备舒适大床，温馨静谧，适合休闲度假。	344	20728
8320	标准间	标准间，简洁整洁，设施完备，高性价比之选。	233	20729
8321	标准间	标准间，简洁整洁，设施完备，高性价比之选。	285	20730
8321	行政套房	行政套房，空间宽敞，配套齐全，尊享舒适入住体验。	624	20731
8322	行政套房	行政套房，空间宽敞，配套齐全，尊享舒适入住体验。	746	20732
8322	大床房	大床房，配备舒适大床，温馨静谧，适合休闲度假。	362	20733
8323	大床房	大床房，配备舒适大床，温馨静谧，适合休闲度假。	284	20734
8323	行政套房	行政套房，空间宽敞，配套齐全，尊享舒适入住体验。	704	20735
8324	大床房	大床房，配备舒适大床，温馨静谧，适合休闲度假。	438	20736
8324	标准间	标准间，简洁整洁，设施完备，高性价比之选。	217	20737
8324	行政套房	行政套房，空间宽敞，配套齐全，尊享舒适入住体验。	816	20738
8325	行政套房	行政套房，空间宽敞，配套齐全，尊享舒适入住体验。	619	20739
8325	标准间	标准间，简洁整洁，设施完备，高性价比之选。	247	20740
8326	标准间	标准间，简洁整洁，设施完备，高性价比之选。	214	20741
8326	大床房	大床房，配备舒适大床，温馨静谧，适合休闲度假。	266	20742
8327	标准间	标准间，简洁整洁，设施完备，高性价比之选。	221	20743
8327	行政套房	行政套房，空间宽敞，配套齐全，尊享舒适入住体验。	837	20744
8328	标准间	标准间，简洁整洁，设施完备，高性价比之选。	201	20745
8328	大床房	大床房，配备舒适大床，温馨静谧，适合休闲度假。	306	20746
8328	行政套房	行政套房，空间宽敞，配套齐全，尊享舒适入住体验。	502	20747
8329	行政套房	行政套房，空间宽敞，配套齐全，尊享舒适入住体验。	762	20748
8329	标准间	标准间，简洁整洁，设施完备，高性价比之选。	276	20749
8329	大床房	大床房，配备舒适大床，温馨静谧，适合休闲度假。	348	20750
8330	大床房	大床房，配备舒适大床，温馨静谧，适合休闲度假。	424	20751
8330	行政套房	行政套房，空间宽敞，配套齐全，尊享舒适入住体验。	782	20752
8331	标准间	标准间，简洁整洁，设施完备，高性价比之选。	300	20753
8331	行政套房	行政套房，空间宽敞，配套齐全，尊享舒适入住体验。	686	20754
8332	大床房	大床房，配备舒适大床，温馨静谧，适合休闲度假。	287	20755
8332	标准间	标准间，简洁整洁，设施完备，高性价比之选。	198	20756
8332	行政套房	行政套房，空间宽敞，配套齐全，尊享舒适入住体验。	785	20757
8333	标准间	标准间，简洁整洁，设施完备，高性价比之选。	229	20758
8333	大床房	大床房，配备舒适大床，温馨静谧，适合休闲度假。	352	20759
8334	行政套房	行政套房，空间宽敞，配套齐全，尊享舒适入住体验。	671	20760
8334	标准间	标准间，简洁整洁，设施完备，高性价比之选。	207	20761
8334	大床房	大床房，配备舒适大床，温馨静谧，适合休闲度假。	347	20762
8335	大床房	大床房，配备舒适大床，温馨静谧，适合休闲度假。	383	20763
8335	标准间	标准间，简洁整洁，设施完备，高性价比之选。	185	20764
8336	大床房	大床房，配备舒适大床，温馨静谧，适合休闲度假。	263	20765
8336	行政套房	行政套房，空间宽敞，配套齐全，尊享舒适入住体验。	526	20766
8336	标准间	标准间，简洁整洁，设施完备，高性价比之选。	215	20767
8337	大床房	大床房，配备舒适大床，温馨静谧，适合休闲度假。	418	20768
8337	标准间	标准间，简洁整洁，设施完备，高性价比之选。	224	20769
8338	大床房	大床房，配备舒适大床，温馨静谧，适合休闲度假。	479	20770
8338	标准间	标准间，简洁整洁，设施完备，高性价比之选。	234	20771
8339	大床房	大床房，配备舒适大床，温馨静谧，适合休闲度假。	295	20772
8339	行政套房	行政套房，空间宽敞，配套齐全，尊享舒适入住体验。	654	20773
8340	标准间	标准间，简洁整洁，设施完备，高性价比之选。	280	20774
8340	行政套房	行政套房，空间宽敞，配套齐全，尊享舒适入住体验。	696	20775
8341	标准间	标准间，简洁整洁，设施完备，高性价比之选。	199	20776
8341	大床房	大床房，配备舒适大床，温馨静谧，适合休闲度假。	366	20777
8341	行政套房	行政套房，空间宽敞，配套齐全，尊享舒适入住体验。	623	20778
8342	标准间	标准间，简洁整洁，设施完备，高性价比之选。	239	20779
8342	行政套房	行政套房，空间宽敞，配套齐全，尊享舒适入住体验。	774	20780
8343	大床房	大床房，配备舒适大床，温馨静谧，适合休闲度假。	432	20781
8343	标准间	标准间，简洁整洁，设施完备，高性价比之选。	297	20782
8344	标准间	标准间，简洁整洁，设施完备，高性价比之选。	304	20783
8344	行政套房	行政套房，空间宽敞，配套齐全，尊享舒适入住体验。	560	20784
8345	行政套房	行政套房，空间宽敞，配套齐全，尊享舒适入住体验。	848	20785
8345	标准间	标准间，简洁整洁，设施完备，高性价比之选。	256	20786
8345	大床房	大床房，配备舒适大床，温馨静谧，适合休闲度假。	333	20787
8346	行政套房	行政套房，空间宽敞，配套齐全，尊享舒适入住体验。	810	20788
8346	标准间	标准间，简洁整洁，设施完备，高性价比之选。	221	20789
8347	行政套房	行政套房，空间宽敞，配套齐全，尊享舒适入住体验。	729	20790
8347	大床房	大床房，配备舒适大床，温馨静谧，适合休闲度假。	325	20791
8347	标准间	标准间，简洁整洁，设施完备，高性价比之选。	197	20792
8348	标准间	标准间，简洁整洁，设施完备，高性价比之选。	259	20793
8348	大床房	大床房，配备舒适大床，温馨静谧，适合休闲度假。	318	20794
8348	行政套房	行政套房，空间宽敞，配套齐全，尊享舒适入住体验。	688	20795
8349	行政套房	行政套房，空间宽敞，配套齐全，尊享舒适入住体验。	737	20796
8349	大床房	大床房，配备舒适大床，温馨静谧，适合休闲度假。	327	20797
8349	标准间	标准间，简洁整洁，设施完备，高性价比之选。	219	20798
8350	大床房	大床房，配备舒适大床，温馨静谧，适合休闲度假。	410	20799
8350	行政套房	行政套房，空间宽敞，配套齐全，尊享舒适入住体验。	734	20800
8351	行政套房	行政套房，空间宽敞，配套齐全，尊享舒适入住体验。	492	20801
8351	标准间	标准间，简洁整洁，设施完备，高性价比之选。	303	20802
8352	行政套房	行政套房，空间宽敞，配套齐全，尊享舒适入住体验。	548	20803
8352	大床房	大床房，配备舒适大床，温馨静谧，适合休闲度假。	355	20804
8352	标准间	标准间，简洁整洁，设施完备，高性价比之选。	235	20805
8353	大床房	大床房，配备舒适大床，温馨静谧，适合休闲度假。	368	20806
8353	行政套房	行政套房，空间宽敞，配套齐全，尊享舒适入住体验。	689	20807
8354	大床房	大床房，配备舒适大床，温馨静谧，适合休闲度假。	354	20808
8354	行政套房	行政套房，空间宽敞，配套齐全，尊享舒适入住体验。	574	20809
8355	行政套房	行政套房，空间宽敞，配套齐全，尊享舒适入住体验。	801	20810
8355	大床房	大床房，配备舒适大床，温馨静谧，适合休闲度假。	362	20811
8356	标准间	标准间，简洁整洁，设施完备，高性价比之选。	296	20812
8356	行政套房	行政套房，空间宽敞，配套齐全，尊享舒适入住体验。	732	20813
8356	大床房	大床房，配备舒适大床，温馨静谧，适合休闲度假。	372	20814
8357	标准间	标准间，简洁整洁，设施完备，高性价比之选。	271	20815
8357	大床房	大床房，配备舒适大床，温馨静谧，适合休闲度假。	438	20816
8358	行政套房	行政套房，空间宽敞，配套齐全，尊享舒适入住体验。	735	20817
8358	标准间	标准间，简洁整洁，设施完备，高性价比之选。	245	20818
8358	大床房	大床房，配备舒适大床，温馨静谧，适合休闲度假。	298	20819
8359	标准间	标准间，简洁整洁，设施完备，高性价比之选。	281	20820
8359	大床房	大床房，配备舒适大床，温馨静谧，适合休闲度假。	298	20821
8360	大床房	大床房，配备舒适大床，温馨静谧，适合休闲度假。	403	20822
8360	行政套房	行政套房，空间宽敞，配套齐全，尊享舒适入住体验。	851	20823
8361	大床房	大床房，配备舒适大床，温馨静谧，适合休闲度假。	447	20824
8361	行政套房	行政套房，空间宽敞，配套齐全，尊享舒适入住体验。	711	20825
8362	标准间	标准间，简洁整洁，设施完备，高性价比之选。	253	20826
8362	行政套房	行政套房，空间宽敞，配套齐全，尊享舒适入住体验。	877	20827
8363	大床房	大床房，配备舒适大床，温馨静谧，适合休闲度假。	316	20828
8363	行政套房	行政套房，空间宽敞，配套齐全，尊享舒适入住体验。	693	20829
8363	标准间	标准间，简洁整洁，设施完备，高性价比之选。	182	20830
8364	行政套房	行政套房，空间宽敞，配套齐全，尊享舒适入住体验。	727	20831
8364	大床房	大床房，配备舒适大床，温馨静谧，适合休闲度假。	269	20832
8364	标准间	标准间，简洁整洁，设施完备，高性价比之选。	185	20833
8365	行政套房	行政套房，空间宽敞，配套齐全，尊享舒适入住体验。	491	20834
8365	大床房	大床房，配备舒适大床，温馨静谧，适合休闲度假。	449	20835
8366	行政套房	行政套房，空间宽敞，配套齐全，尊享舒适入住体验。	845	20836
8366	大床房	大床房，配备舒适大床，温馨静谧，适合休闲度假。	455	20837
8367	行政套房	行政套房，空间宽敞，配套齐全，尊享舒适入住体验。	562	20838
8367	大床房	大床房，配备舒适大床，温馨静谧，适合休闲度假。	446	20839
8368	行政套房	行政套房，空间宽敞，配套齐全，尊享舒适入住体验。	650	20840
8368	标准间	标准间，简洁整洁，设施完备，高性价比之选。	266	20841
8369	标准间	标准间，简洁整洁，设施完备，高性价比之选。	286	20842
8369	大床房	大床房，配备舒适大床，温馨静谧，适合休闲度假。	355	20843
8369	行政套房	行政套房，空间宽敞，配套齐全，尊享舒适入住体验。	735	20844
8370	大床房	大床房，配备舒适大床，温馨静谧，适合休闲度假。	342	20845
8370	行政套房	行政套房，空间宽敞，配套齐全，尊享舒适入住体验。	798	20846
8370	标准间	标准间，简洁整洁，设施完备，高性价比之选。	314	20847
8371	大床房	大床房，配备舒适大床，温馨静谧，适合休闲度假。	390	20848
8371	行政套房	行政套房，空间宽敞，配套齐全，尊享舒适入住体验。	695	20849
8371	标准间	标准间，简洁整洁，设施完备，高性价比之选。	318	20850
8372	大床房	大床房，配备舒适大床，温馨静谧，适合休闲度假。	459	20851
8372	标准间	标准间，简洁整洁，设施完备，高性价比之选。	311	20852
8373	标准间	标准间，简洁整洁，设施完备，高性价比之选。	284	20853
8373	行政套房	行政套房，空间宽敞，配套齐全，尊享舒适入住体验。	593	20854
8373	大床房	大床房，配备舒适大床，温馨静谧，适合休闲度假。	317	20855
8374	大床房	大床房，配备舒适大床，温馨静谧，适合休闲度假。	342	20856
8374	行政套房	行政套房，空间宽敞，配套齐全，尊享舒适入住体验。	601	20857
8374	标准间	标准间，简洁整洁，设施完备，高性价比之选。	251	20858
8375	行政套房	行政套房，空间宽敞，配套齐全，尊享舒适入住体验。	661	20859
8375	大床房	大床房，配备舒适大床，温馨静谧，适合休闲度假。	351	20860
8375	标准间	标准间，简洁整洁，设施完备，高性价比之选。	289	20861
8376	标准间	标准间，简洁整洁，设施完备，高性价比之选。	196	20862
8376	行政套房	行政套房，空间宽敞，配套齐全，尊享舒适入住体验。	875	20863
8376	大床房	大床房，配备舒适大床，温馨静谧，适合休闲度假。	424	20864
8377	大床房	大床房，配备舒适大床，温馨静谧，适合休闲度假。	372	20865
8377	行政套房	行政套房，空间宽敞，配套齐全，尊享舒适入住体验。	543	20866
8377	标准间	标准间，简洁整洁，设施完备，高性价比之选。	254	20867
8378	行政套房	行政套房，空间宽敞，配套齐全，尊享舒适入住体验。	813	20868
8378	大床房	大床房，配备舒适大床，温馨静谧，适合休闲度假。	457	20869
8378	标准间	标准间，简洁整洁，设施完备，高性价比之选。	274	20870
8379	大床房	大床房，配备舒适大床，温馨静谧，适合休闲度假。	286	20871
8379	标准间	标准间，简洁整洁，设施完备，高性价比之选。	204	20872
8380	标准间	标准间，简洁整洁，设施完备，高性价比之选。	286	20873
8380	大床房	大床房，配备舒适大床，温馨静谧，适合休闲度假。	363	20874
8380	行政套房	行政套房，空间宽敞，配套齐全，尊享舒适入住体验。	622	20875
8381	行政套房	行政套房，空间宽敞，配套齐全，尊享舒适入住体验。	714	20876
8381	大床房	大床房，配备舒适大床，温馨静谧，适合休闲度假。	433	20877
8381	标准间	标准间，简洁整洁，设施完备，高性价比之选。	237	20878
8382	标准间	标准间，简洁整洁，设施完备，高性价比之选。	236	20879
8382	行政套房	行政套房，空间宽敞，配套齐全，尊享舒适入住体验。	730	20880
8383	大床房	大床房，配备舒适大床，温馨静谧，适合休闲度假。	431	20881
8383	行政套房	行政套房，空间宽敞，配套齐全，尊享舒适入住体验。	576	20882
8383	标准间	标准间，简洁整洁，设施完备，高性价比之选。	204	20883
8384	标准间	标准间，简洁整洁，设施完备，高性价比之选。	204	20884
8384	行政套房	行政套房，空间宽敞，配套齐全，尊享舒适入住体验。	736	20885
8385	大床房	大床房，配备舒适大床，温馨静谧，适合休闲度假。	312	20886
8385	标准间	标准间，简洁整洁，设施完备，高性价比之选。	319	20887
8385	行政套房	行政套房，空间宽敞，配套齐全，尊享舒适入住体验。	729	20888
8386	行政套房	行政套房，空间宽敞，配套齐全，尊享舒适入住体验。	815	20889
8386	标准间	标准间，简洁整洁，设施完备，高性价比之选。	254	20890
8386	大床房	大床房，配备舒适大床，温馨静谧，适合休闲度假。	435	20891
8387	行政套房	行政套房，空间宽敞，配套齐全，尊享舒适入住体验。	606	20892
8387	标准间	标准间，简洁整洁，设施完备，高性价比之选。	312	20893
8388	大床房	大床房，配备舒适大床，温馨静谧，适合休闲度假。	375	20894
8388	标准间	标准间，简洁整洁，设施完备，高性价比之选。	287	20895
8389	行政套房	行政套房，空间宽敞，配套齐全，尊享舒适入住体验。	584	20896
8389	大床房	大床房，配备舒适大床，温馨静谧，适合休闲度假。	411	20897
8390	标准间	标准间，简洁整洁，设施完备，高性价比之选。	317	20898
8390	行政套房	行政套房，空间宽敞，配套齐全，尊享舒适入住体验。	640	20899
8391	行政套房	行政套房，空间宽敞，配套齐全，尊享舒适入住体验。	595	20900
8391	大床房	大床房，配备舒适大床，温馨静谧，适合休闲度假。	407	20901
8392	行政套房	行政套房，空间宽敞，配套齐全，尊享舒适入住体验。	873	20902
8392	大床房	大床房，配备舒适大床，温馨静谧，适合休闲度假。	420	20903
8393	行政套房	行政套房，空间宽敞，配套齐全，尊享舒适入住体验。	658	20904
8393	大床房	大床房，配备舒适大床，温馨静谧，适合休闲度假。	361	20905
8394	大床房	大床房，配备舒适大床，温馨静谧，适合休闲度假。	274	20906
8394	行政套房	行政套房，空间宽敞，配套齐全，尊享舒适入住体验。	549	20907
8394	标准间	标准间，简洁整洁，设施完备，高性价比之选。	298	20908
8395	标准间	标准间，简洁整洁，设施完备，高性价比之选。	220	20909
8395	大床房	大床房，配备舒适大床，温馨静谧，适合休闲度假。	383	20910
8395	行政套房	行政套房，空间宽敞，配套齐全，尊享舒适入住体验。	710	20911
8396	标准间	标准间，简洁整洁，设施完备，高性价比之选。	308	20912
8396	大床房	大床房，配备舒适大床，温馨静谧，适合休闲度假。	276	20913
8396	行政套房	行政套房，空间宽敞，配套齐全，尊享舒适入住体验。	606	20914
8397	标准间	标准间，简洁整洁，设施完备，高性价比之选。	297	20915
8397	行政套房	行政套房，空间宽敞，配套齐全，尊享舒适入住体验。	509	20916
8397	大床房	大床房，配备舒适大床，温馨静谧，适合休闲度假。	458	20917
8398	行政套房	行政套房，空间宽敞，配套齐全，尊享舒适入住体验。	483	20918
8398	大床房	大床房，配备舒适大床，温馨静谧，适合休闲度假。	382	20919
8398	标准间	标准间，简洁整洁，设施完备，高性价比之选。	268	20920
8399	行政套房	行政套房，空间宽敞，配套齐全，尊享舒适入住体验。	496	20921
8399	大床房	大床房，配备舒适大床，温馨静谧，适合休闲度假。	261	20922
8400	大床房	大床房，配备舒适大床，温馨静谧，适合休闲度假。	478	20923
8400	标准间	标准间，简洁整洁，设施完备，高性价比之选。	211	20924
8401	行政套房	行政套房，空间宽敞，配套齐全，尊享舒适入住体验。	692	20925
8401	大床房	大床房，配备舒适大床，温馨静谧，适合休闲度假。	429	20926
8401	标准间	标准间，简洁整洁，设施完备，高性价比之选。	201	20927
8402	大床房	大床房，配备舒适大床，温馨静谧，适合休闲度假。	444	20928
8402	行政套房	行政套房，空间宽敞，配套齐全，尊享舒适入住体验。	502	20929
8402	标准间	标准间，简洁整洁，设施完备，高性价比之选。	258	20930
8403	标准间	标准间，简洁整洁，设施完备，高性价比之选。	219	20931
8403	大床房	大床房，配备舒适大床，温馨静谧，适合休闲度假。	383	20932
8404	大床房	大床房，配备舒适大床，温馨静谧，适合休闲度假。	381	20933
8404	标准间	标准间，简洁整洁，设施完备，高性价比之选。	302	20934
8404	行政套房	行政套房，空间宽敞，配套齐全，尊享舒适入住体验。	658	20935
8405	行政套房	行政套房，空间宽敞，配套齐全，尊享舒适入住体验。	872	20936
8405	标准间	标准间，简洁整洁，设施完备，高性价比之选。	225	20937
8405	大床房	大床房，配备舒适大床，温馨静谧，适合休闲度假。	357	20938
8406	行政套房	行政套房，空间宽敞，配套齐全，尊享舒适入住体验。	833	20939
8406	标准间	标准间，简洁整洁，设施完备，高性价比之选。	251	20940
8407	大床房	大床房，配备舒适大床，温馨静谧，适合休闲度假。	405	20941
8407	行政套房	行政套房，空间宽敞，配套齐全，尊享舒适入住体验。	591	20942
8407	标准间	标准间，简洁整洁，设施完备，高性价比之选。	185	20943
8408	行政套房	行政套房，空间宽敞，配套齐全，尊享舒适入住体验。	763	20944
8408	标准间	标准间，简洁整洁，设施完备，高性价比之选。	229	20945
8408	大床房	大床房，配备舒适大床，温馨静谧，适合休闲度假。	414	20946
8409	大床房	大床房，配备舒适大床，温馨静谧，适合休闲度假。	406	20947
8409	标准间	标准间，简洁整洁，设施完备，高性价比之选。	187	20948
8410	标准间	标准间，简洁整洁，设施完备，高性价比之选。	300	20949
8410	大床房	大床房，配备舒适大床，温馨静谧，适合休闲度假。	328	20950
8410	行政套房	行政套房，空间宽敞，配套齐全，尊享舒适入住体验。	695	20951
8411	标准间	标准间，简洁整洁，设施完备，高性价比之选。	232	20952
8411	大床房	大床房，配备舒适大床，温馨静谧，适合休闲度假。	354	20953
8411	行政套房	行政套房，空间宽敞，配套齐全，尊享舒适入住体验。	601	20954
8412	行政套房	行政套房，空间宽敞，配套齐全，尊享舒适入住体验。	693	20955
8412	标准间	标准间，简洁整洁，设施完备，高性价比之选。	243	20956
8413	行政套房	行政套房，空间宽敞，配套齐全，尊享舒适入住体验。	832	20957
8413	标准间	标准间，简洁整洁，设施完备，高性价比之选。	294	20958
8414	标准间	标准间，简洁整洁，设施完备，高性价比之选。	307	20959
8414	行政套房	行政套房，空间宽敞，配套齐全，尊享舒适入住体验。	752	20960
8414	大床房	大床房，配备舒适大床，温馨静谧，适合休闲度假。	428	20961
8415	大床房	大床房，配备舒适大床，温馨静谧，适合休闲度假。	320	20962
8415	标准间	标准间，简洁整洁，设施完备，高性价比之选。	248	20963
8416	大床房	大床房，配备舒适大床，温馨静谧，适合休闲度假。	446	20964
8416	标准间	标准间，简洁整洁，设施完备，高性价比之选。	298	20965
8417	大床房	大床房，配备舒适大床，温馨静谧，适合休闲度假。	334	20966
8417	标准间	标准间，简洁整洁，设施完备，高性价比之选。	239	20967
8418	大床房	大床房，配备舒适大床，温馨静谧，适合休闲度假。	461	20968
8418	标准间	标准间，简洁整洁，设施完备，高性价比之选。	243	20969
8419	大床房	大床房，配备舒适大床，温馨静谧，适合休闲度假。	319	20970
8419	标准间	标准间，简洁整洁，设施完备，高性价比之选。	180	20971
8419	行政套房	行政套房，空间宽敞，配套齐全，尊享舒适入住体验。	650	20972
8420	大床房	大床房，配备舒适大床，温馨静谧，适合休闲度假。	428	20973
8420	行政套房	行政套房，空间宽敞，配套齐全，尊享舒适入住体验。	719	20974
8421	大床房	大床房，配备舒适大床，温馨静谧，适合休闲度假。	466	20975
8421	行政套房	行政套房，空间宽敞，配套齐全，尊享舒适入住体验。	576	20976
8421	标准间	标准间，简洁整洁，设施完备，高性价比之选。	315	20977
8422	大床房	大床房，配备舒适大床，温馨静谧，适合休闲度假。	412	20978
8422	行政套房	行政套房，空间宽敞，配套齐全，尊享舒适入住体验。	869	20979
8422	标准间	标准间，简洁整洁，设施完备，高性价比之选。	188	20980
8423	标准间	标准间，简洁整洁，设施完备，高性价比之选。	319	20981
8423	大床房	大床房，配备舒适大床，温馨静谧，适合休闲度假。	384	20982
8423	行政套房	行政套房，空间宽敞，配套齐全，尊享舒适入住体验。	767	20983
8424	标准间	标准间，简洁整洁，设施完备，高性价比之选。	196	20984
8424	大床房	大床房，配备舒适大床，温馨静谧，适合休闲度假。	394	20985
8424	行政套房	行政套房，空间宽敞，配套齐全，尊享舒适入住体验。	702	20986
8425	行政套房	行政套房，空间宽敞，配套齐全，尊享舒适入住体验。	554	20987
8425	标准间	标准间，简洁整洁，设施完备，高性价比之选。	193	20988
8426	标准间	标准间，简洁整洁，设施完备，高性价比之选。	271	20989
8426	行政套房	行政套房，空间宽敞，配套齐全，尊享舒适入住体验。	775	20990
8427	标准间	标准间，简洁整洁，设施完备，高性价比之选。	292	20991
8427	行政套房	行政套房，空间宽敞，配套齐全，尊享舒适入住体验。	494	20992
8428	行政套房	行政套房，空间宽敞，配套齐全，尊享舒适入住体验。	818	20993
8428	大床房	大床房，配备舒适大床，温馨静谧，适合休闲度假。	300	20994
8428	标准间	标准间，简洁整洁，设施完备，高性价比之选。	262	20995
8429	行政套房	行政套房，空间宽敞，配套齐全，尊享舒适入住体验。	665	20996
8429	标准间	标准间，简洁整洁，设施完备，高性价比之选。	290	20997
8429	大床房	大床房，配备舒适大床，温馨静谧，适合休闲度假。	310	20998
8430	标准间	标准间，简洁整洁，设施完备，高性价比之选。	202	20999
8430	大床房	大床房，配备舒适大床，温馨静谧，适合休闲度假。	454	21000
8430	行政套房	行政套房，空间宽敞，配套齐全，尊享舒适入住体验。	752	21001
8431	行政套房	行政套房，空间宽敞，配套齐全，尊享舒适入住体验。	643	21002
8431	大床房	大床房，配备舒适大床，温馨静谧，适合休闲度假。	475	21003
8431	标准间	标准间，简洁整洁，设施完备，高性价比之选。	199	21004
8432	行政套房	行政套房，空间宽敞，配套齐全，尊享舒适入住体验。	716	21005
8432	大床房	大床房，配备舒适大床，温馨静谧，适合休闲度假。	375	21006
8433	行政套房	行政套房，空间宽敞，配套齐全，尊享舒适入住体验。	497	21007
8433	标准间	标准间，简洁整洁，设施完备，高性价比之选。	223	21008
8434	标准间	标准间，简洁整洁，设施完备，高性价比之选。	309	21009
8434	大床房	大床房，配备舒适大床，温馨静谧，适合休闲度假。	312	21010
8434	行政套房	行政套房，空间宽敞，配套齐全，尊享舒适入住体验。	620	21011
8435	大床房	大床房，配备舒适大床，温馨静谧，适合休闲度假。	374	21012
8435	标准间	标准间，简洁整洁，设施完备，高性价比之选。	188	21013
8436	标准间	标准间，简洁整洁，设施完备，高性价比之选。	244	21014
8436	行政套房	行政套房，空间宽敞，配套齐全，尊享舒适入住体验。	630	21015
8436	大床房	大床房，配备舒适大床，温馨静谧，适合休闲度假。	272	21016
8437	标准间	标准间，简洁整洁，设施完备，高性价比之选。	190	21017
8437	大床房	大床房，配备舒适大床，温馨静谧，适合休闲度假。	340	21018
8438	标准间	标准间，简洁整洁，设施完备，高性价比之选。	231	21019
8438	行政套房	行政套房，空间宽敞，配套齐全，尊享舒适入住体验。	782	21020
8439	标准间	标准间，简洁整洁，设施完备，高性价比之选。	206	21021
8439	行政套房	行政套房，空间宽敞，配套齐全，尊享舒适入住体验。	799	21022
8440	大床房	大床房，配备舒适大床，温馨静谧，适合休闲度假。	301	21023
8440	标准间	标准间，简洁整洁，设施完备，高性价比之选。	314	21024
8440	行政套房	行政套房，空间宽敞，配套齐全，尊享舒适入住体验。	538	21025
8441	行政套房	行政套房，空间宽敞，配套齐全，尊享舒适入住体验。	757	21026
8441	标准间	标准间，简洁整洁，设施完备，高性价比之选。	267	21027
8441	大床房	大床房，配备舒适大床，温馨静谧，适合休闲度假。	353	21028
8442	行政套房	行政套房，空间宽敞，配套齐全，尊享舒适入住体验。	678	21029
8442	标准间	标准间，简洁整洁，设施完备，高性价比之选。	320	21030
8442	大床房	大床房，配备舒适大床，温馨静谧，适合休闲度假。	324	21031
8443	行政套房	行政套房，空间宽敞，配套齐全，尊享舒适入住体验。	856	21032
8443	大床房	大床房，配备舒适大床，温馨静谧，适合休闲度假。	366	21033
8443	标准间	标准间，简洁整洁，设施完备，高性价比之选。	290	21034
8444	标准间	标准间，简洁整洁，设施完备，高性价比之选。	238	21035
8444	行政套房	行政套房，空间宽敞，配套齐全，尊享舒适入住体验。	588	21036
8444	大床房	大床房，配备舒适大床，温馨静谧，适合休闲度假。	355	21037
8445	大床房	大床房，配备舒适大床，温馨静谧，适合休闲度假。	381	21038
8445	标准间	标准间，简洁整洁，设施完备，高性价比之选。	224	21039
8445	行政套房	行政套房，空间宽敞，配套齐全，尊享舒适入住体验。	698	21040
8446	标准间	标准间，简洁整洁，设施完备，高性价比之选。	201	21041
8446	大床房	大床房，配备舒适大床，温馨静谧，适合休闲度假。	393	21042
8447	标准间	标准间，简洁整洁，设施完备，高性价比之选。	268	21043
8447	大床房	大床房，配备舒适大床，温馨静谧，适合休闲度假。	384	21044
8448	大床房	大床房，配备舒适大床，温馨静谧，适合休闲度假。	430	21045
8448	标准间	标准间，简洁整洁，设施完备，高性价比之选。	188	21046
8448	行政套房	行政套房，空间宽敞，配套齐全，尊享舒适入住体验。	716	21047
8449	大床房	大床房，配备舒适大床，温馨静谧，适合休闲度假。	289	21048
8449	标准间	标准间，简洁整洁，设施完备，高性价比之选。	206	21049
8450	标准间	标准间，简洁整洁，设施完备，高性价比之选。	181	21050
8450	行政套房	行政套房，空间宽敞，配套齐全，尊享舒适入住体验。	557	21051
8451	行政套房	行政套房，空间宽敞，配套齐全，尊享舒适入住体验。	762	21052
8451	大床房	大床房，配备舒适大床，温馨静谧，适合休闲度假。	274	21053
8451	标准间	标准间，简洁整洁，设施完备，高性价比之选。	198	21054
8452	大床房	大床房，配备舒适大床，温馨静谧，适合休闲度假。	293	21055
8452	标准间	标准间，简洁整洁，设施完备，高性价比之选。	184	21056
8452	行政套房	行政套房，空间宽敞，配套齐全，尊享舒适入住体验。	799	21057
8453	大床房	大床房，配备舒适大床，温馨静谧，适合休闲度假。	347	21058
8453	行政套房	行政套房，空间宽敞，配套齐全，尊享舒适入住体验。	601	21059
8453	标准间	标准间，简洁整洁，设施完备，高性价比之选。	202	21060
8454	标准间	标准间，简洁整洁，设施完备，高性价比之选。	284	21061
8454	行政套房	行政套房，空间宽敞，配套齐全，尊享舒适入住体验。	653	21062
8454	大床房	大床房，配备舒适大床，温馨静谧，适合休闲度假。	474	21063
8455	标准间	标准间，简洁整洁，设施完备，高性价比之选。	288	21064
8455	大床房	大床房，配备舒适大床，温馨静谧，适合休闲度假。	461	21065
8456	大床房	大床房，配备舒适大床，温馨静谧，适合休闲度假。	469	21066
8456	行政套房	行政套房，空间宽敞，配套齐全，尊享舒适入住体验。	879	21067
8457	标准间	标准间，简洁整洁，设施完备，高性价比之选。	253	21068
8457	大床房	大床房，配备舒适大床，温馨静谧，适合休闲度假。	413	21069
8457	行政套房	行政套房，空间宽敞，配套齐全，尊享舒适入住体验。	483	21070
8458	大床房	大床房，配备舒适大床，温馨静谧，适合休闲度假。	468	21071
8458	行政套房	行政套房，空间宽敞，配套齐全，尊享舒适入住体验。	532	21072
8459	大床房	大床房，配备舒适大床，温馨静谧，适合休闲度假。	463	21073
8459	标准间	标准间，简洁整洁，设施完备，高性价比之选。	278	21074
8460	大床房	大床房，配备舒适大床，温馨静谧，适合休闲度假。	363	21075
8460	行政套房	行政套房，空间宽敞，配套齐全，尊享舒适入住体验。	748	21076
8461	标准间	标准间，简洁整洁，设施完备，高性价比之选。	196	21077
8461	行政套房	行政套房，空间宽敞，配套齐全，尊享舒适入住体验。	718	21078
8461	大床房	大床房，配备舒适大床，温馨静谧，适合休闲度假。	343	21079
8462	行政套房	行政套房，空间宽敞，配套齐全，尊享舒适入住体验。	756	21080
8462	标准间	标准间，简洁整洁，设施完备，高性价比之选。	275	21081
8463	行政套房	行政套房，空间宽敞，配套齐全，尊享舒适入住体验。	724	21082
8463	标准间	标准间，简洁整洁，设施完备，高性价比之选。	288	21083
8463	大床房	大床房，配备舒适大床，温馨静谧，适合休闲度假。	465	21084
8464	行政套房	行政套房，空间宽敞，配套齐全，尊享舒适入住体验。	587	21085
8464	大床房	大床房，配备舒适大床，温馨静谧，适合休闲度假。	391	21086
8464	标准间	标准间，简洁整洁，设施完备，高性价比之选。	258	21087
8465	标准间	标准间，简洁整洁，设施完备，高性价比之选。	214	21088
8465	行政套房	行政套房，空间宽敞，配套齐全，尊享舒适入住体验。	537	21089
8466	大床房	大床房，配备舒适大床，温馨静谧，适合休闲度假。	469	21090
8466	行政套房	行政套房，空间宽敞，配套齐全，尊享舒适入住体验。	698	21091
8467	大床房	大床房，配备舒适大床，温馨静谧，适合休闲度假。	315	21092
8467	行政套房	行政套房，空间宽敞，配套齐全，尊享舒适入住体验。	646	21093
8468	行政套房	行政套房，空间宽敞，配套齐全，尊享舒适入住体验。	650	21094
8468	标准间	标准间，简洁整洁，设施完备，高性价比之选。	282	21095
8468	大床房	大床房，配备舒适大床，温馨静谧，适合休闲度假。	444	21096
8469	行政套房	行政套房，空间宽敞，配套齐全，尊享舒适入住体验。	867	21097
8469	大床房	大床房，配备舒适大床，温馨静谧，适合休闲度假。	475	21098
8470	大床房	大床房，配备舒适大床，温馨静谧，适合休闲度假。	282	21099
8470	标准间	标准间，简洁整洁，设施完备，高性价比之选。	260	21100
8470	行政套房	行政套房，空间宽敞，配套齐全，尊享舒适入住体验。	713	21101
8471	大床房	大床房，配备舒适大床，温馨静谧，适合休闲度假。	303	21102
8471	标准间	标准间，简洁整洁，设施完备，高性价比之选。	287	21103
8472	大床房	大床房，配备舒适大床，温馨静谧，适合休闲度假。	413	21104
8472	行政套房	行政套房，空间宽敞，配套齐全，尊享舒适入住体验。	540	21105
8472	标准间	标准间，简洁整洁，设施完备，高性价比之选。	231	21106
8473	标准间	标准间，简洁整洁，设施完备，高性价比之选。	225	21107
8473	大床房	大床房，配备舒适大床，温馨静谧，适合休闲度假。	382	21108
8474	大床房	大床房，配备舒适大床，温馨静谧，适合休闲度假。	299	21109
8474	行政套房	行政套房，空间宽敞，配套齐全，尊享舒适入住体验。	814	21110
8475	大床房	大床房，配备舒适大床，温馨静谧，适合休闲度假。	353	21111
8475	行政套房	行政套房，空间宽敞，配套齐全，尊享舒适入住体验。	623	21112
8475	标准间	标准间，简洁整洁，设施完备，高性价比之选。	268	21113
8476	行政套房	行政套房，空间宽敞，配套齐全，尊享舒适入住体验。	651	21114
8476	标准间	标准间，简洁整洁，设施完备，高性价比之选。	188	21115
8477	标准间	标准间，简洁整洁，设施完备，高性价比之选。	281	21116
8477	行政套房	行政套房，空间宽敞，配套齐全，尊享舒适入住体验。	767	21117
8477	大床房	大床房，配备舒适大床，温馨静谧，适合休闲度假。	395	21118
8478	行政套房	行政套房，空间宽敞，配套齐全，尊享舒适入住体验。	482	21119
8478	标准间	标准间，简洁整洁，设施完备，高性价比之选。	303	21120
8479	大床房	大床房，配备舒适大床，温馨静谧，适合休闲度假。	386	21121
8479	行政套房	行政套房，空间宽敞，配套齐全，尊享舒适入住体验。	863	21122
8480	大床房	大床房，配备舒适大床，温馨静谧，适合休闲度假。	288	21123
8480	标准间	标准间，简洁整洁，设施完备，高性价比之选。	292	21124
8481	大床房	大床房，配备舒适大床，温馨静谧，适合休闲度假。	317	21125
8481	行政套房	行政套房，空间宽敞，配套齐全，尊享舒适入住体验。	533	21126
8482	标准间	标准间，简洁整洁，设施完备，高性价比之选。	314	21127
8482	大床房	大床房，配备舒适大床，温馨静谧，适合休闲度假。	377	21128
8482	行政套房	行政套房，空间宽敞，配套齐全，尊享舒适入住体验。	663	21129
8483	大床房	大床房，配备舒适大床，温馨静谧，适合休闲度假。	314	21130
8483	行政套房	行政套房，空间宽敞，配套齐全，尊享舒适入住体验。	855	21131
8484	标准间	标准间，简洁整洁，设施完备，高性价比之选。	310	21132
8484	行政套房	行政套房，空间宽敞，配套齐全，尊享舒适入住体验。	776	21133
8485	大床房	大床房，配备舒适大床，温馨静谧，适合休闲度假。	333	21134
8485	标准间	标准间，简洁整洁，设施完备，高性价比之选。	236	21135
8486	大床房	大床房，配备舒适大床，温馨静谧，适合休闲度假。	409	21136
8486	行政套房	行政套房，空间宽敞，配套齐全，尊享舒适入住体验。	568	21137
8486	标准间	标准间，简洁整洁，设施完备，高性价比之选。	208	21138
8487	行政套房	行政套房，空间宽敞，配套齐全，尊享舒适入住体验。	872	21139
8487	标准间	标准间，简洁整洁，设施完备，高性价比之选。	281	21140
8487	大床房	大床房，配备舒适大床，温馨静谧，适合休闲度假。	270	21141
8488	标准间	标准间，简洁整洁，设施完备，高性价比之选。	293	21142
8488	行政套房	行政套房，空间宽敞，配套齐全，尊享舒适入住体验。	723	21143
8489	行政套房	行政套房，空间宽敞，配套齐全，尊享舒适入住体验。	571	21144
8489	标准间	标准间，简洁整洁，设施完备，高性价比之选。	316	21145
8489	大床房	大床房，配备舒适大床，温馨静谧，适合休闲度假。	414	21146
8490	大床房	大床房，配备舒适大床，温馨静谧，适合休闲度假。	394	21147
8490	行政套房	行政套房，空间宽敞，配套齐全，尊享舒适入住体验。	684	21148
8490	标准间	标准间，简洁整洁，设施完备，高性价比之选。	187	21149
8491	大床房	大床房，配备舒适大床，温馨静谧，适合休闲度假。	358	21150
8491	标准间	标准间，简洁整洁，设施完备，高性价比之选。	268	21151
8491	行政套房	行政套房，空间宽敞，配套齐全，尊享舒适入住体验。	871	21152
8492	标准间	标准间，简洁整洁，设施完备，高性价比之选。	286	21153
8492	行政套房	行政套房，空间宽敞，配套齐全，尊享舒适入住体验。	649	21154
8493	标准间	标准间，简洁整洁，设施完备，高性价比之选。	317	21155
8493	行政套房	行政套房，空间宽敞，配套齐全，尊享舒适入住体验。	870	21156
8493	大床房	大床房，配备舒适大床，温馨静谧，适合休闲度假。	290	21157
8494	大床房	大床房，配备舒适大床，温馨静谧，适合休闲度假。	411	21158
8494	行政套房	行政套房，空间宽敞，配套齐全，尊享舒适入住体验。	792	21159
8494	标准间	标准间，简洁整洁，设施完备，高性价比之选。	207	21160
8495	行政套房	行政套房，空间宽敞，配套齐全，尊享舒适入住体验。	548	21161
8495	大床房	大床房，配备舒适大床，温馨静谧，适合休闲度假。	294	21162
8496	大床房	大床房，配备舒适大床，温馨静谧，适合休闲度假。	321	21163
8496	标准间	标准间，简洁整洁，设施完备，高性价比之选。	191	21164
8497	标准间	标准间，简洁整洁，设施完备，高性价比之选。	204	21165
8497	行政套房	行政套房，空间宽敞，配套齐全，尊享舒适入住体验。	706	21166
8497	大床房	大床房，配备舒适大床，温馨静谧，适合休闲度假。	357	21167
8498	行政套房	行政套房，空间宽敞，配套齐全，尊享舒适入住体验。	595	21168
8498	大床房	大床房，配备舒适大床，温馨静谧，适合休闲度假。	459	21169
8498	标准间	标准间，简洁整洁，设施完备，高性价比之选。	181	21170
8499	标准间	标准间，简洁整洁，设施完备，高性价比之选。	278	21171
8499	行政套房	行政套房，空间宽敞，配套齐全，尊享舒适入住体验。	553	21172
8499	大床房	大床房，配备舒适大床，温馨静谧，适合休闲度假。	417	21173
8500	标准间	标准间，简洁整洁，设施完备，高性价比之选。	198	21174
8500	行政套房	行政套房，空间宽敞，配套齐全，尊享舒适入住体验。	650	21175
8500	大床房	大床房，配备舒适大床，温馨静谧，适合休闲度假。	288	21176
8501	标准间	标准间，简洁整洁，设施完备，高性价比之选。	192	21177
8501	行政套房	行政套房，空间宽敞，配套齐全，尊享舒适入住体验。	511	21178
8501	大床房	大床房，配备舒适大床，温馨静谧，适合休闲度假。	309	21179
8502	行政套房	行政套房，空间宽敞，配套齐全，尊享舒适入住体验。	703	21180
8502	大床房	大床房，配备舒适大床，温馨静谧，适合休闲度假。	358	21181
8503	行政套房	行政套房，空间宽敞，配套齐全，尊享舒适入住体验。	530	21182
8503	标准间	标准间，简洁整洁，设施完备，高性价比之选。	185	21183
8504	行政套房	行政套房，空间宽敞，配套齐全，尊享舒适入住体验。	679	21184
8504	标准间	标准间，简洁整洁，设施完备，高性价比之选。	261	21185
8504	大床房	大床房，配备舒适大床，温馨静谧，适合休闲度假。	467	21186
8505	行政套房	行政套房，空间宽敞，配套齐全，尊享舒适入住体验。	681	21187
8505	标准间	标准间，简洁整洁，设施完备，高性价比之选。	195	21188
8505	大床房	大床房，配备舒适大床，温馨静谧，适合休闲度假。	389	21189
8506	行政套房	行政套房，空间宽敞，配套齐全，尊享舒适入住体验。	486	21190
8506	大床房	大床房，配备舒适大床，温馨静谧，适合休闲度假。	374	21191
8507	行政套房	行政套房，空间宽敞，配套齐全，尊享舒适入住体验。	844	21192
8507	大床房	大床房，配备舒适大床，温馨静谧，适合休闲度假。	304	21193
8507	标准间	标准间，简洁整洁，设施完备，高性价比之选。	192	21194
8508	标准间	标准间，简洁整洁，设施完备，高性价比之选。	239	21195
8508	行政套房	行政套房，空间宽敞，配套齐全，尊享舒适入住体验。	496	21196
8509	大床房	大床房，配备舒适大床，温馨静谧，适合休闲度假。	411	21197
8509	行政套房	行政套房，空间宽敞，配套齐全，尊享舒适入住体验。	726	21198
8509	标准间	标准间，简洁整洁，设施完备，高性价比之选。	250	21199
8510	大床房	大床房，配备舒适大床，温馨静谧，适合休闲度假。	427	21200
8510	行政套房	行政套房，空间宽敞，配套齐全，尊享舒适入住体验。	549	21201
8511	行政套房	行政套房，空间宽敞，配套齐全，尊享舒适入住体验。	773	21202
8511	标准间	标准间，简洁整洁，设施完备，高性价比之选。	248	21203
8512	大床房	大床房，配备舒适大床，温馨静谧，适合休闲度假。	282	21204
8512	标准间	标准间，简洁整洁，设施完备，高性价比之选。	303	21205
8513	标准间	标准间，简洁整洁，设施完备，高性价比之选。	266	21206
8513	行政套房	行政套房，空间宽敞，配套齐全，尊享舒适入住体验。	494	21207
8514	行政套房	行政套房，空间宽敞，配套齐全，尊享舒适入住体验。	560	21208
8514	标准间	标准间，简洁整洁，设施完备，高性价比之选。	298	21209
8514	大床房	大床房，配备舒适大床，温馨静谧，适合休闲度假。	408	21210
8515	大床房	大床房，配备舒适大床，温馨静谧，适合休闲度假。	347	21211
8515	标准间	标准间，简洁整洁，设施完备，高性价比之选。	315	21212
8516	标准间	标准间，简洁整洁，设施完备，高性价比之选。	234	21213
8516	行政套房	行政套房，空间宽敞，配套齐全，尊享舒适入住体验。	762	21214
8517	大床房	大床房，配备舒适大床，温馨静谧，适合休闲度假。	266	21215
8517	标准间	标准间，简洁整洁，设施完备，高性价比之选。	237	21216
8517	行政套房	行政套房，空间宽敞，配套齐全，尊享舒适入住体验。	653	21217
8518	行政套房	行政套房，空间宽敞，配套齐全，尊享舒适入住体验。	810	21218
8518	大床房	大床房，配备舒适大床，温馨静谧，适合休闲度假。	459	21219
8519	行政套房	行政套房，空间宽敞，配套齐全，尊享舒适入住体验。	670	21220
8519	标准间	标准间，简洁整洁，设施完备，高性价比之选。	311	21221
8520	标准间	标准间，简洁整洁，设施完备，高性价比之选。	196	21222
8520	大床房	大床房，配备舒适大床，温馨静谧，适合休闲度假。	299	21223
8521	行政套房	行政套房，空间宽敞，配套齐全，尊享舒适入住体验。	637	21224
8521	大床房	大床房，配备舒适大床，温馨静谧，适合休闲度假。	392	21225
8521	标准间	标准间，简洁整洁，设施完备，高性价比之选。	315	21226
8522	标准间	标准间，简洁整洁，设施完备，高性价比之选。	202	21227
8522	大床房	大床房，配备舒适大床，温馨静谧，适合休闲度假。	437	21228
8523	行政套房	行政套房，空间宽敞，配套齐全，尊享舒适入住体验。	755	21229
8523	大床房	大床房，配备舒适大床，温馨静谧，适合休闲度假。	364	21230
8524	行政套房	行政套房，空间宽敞，配套齐全，尊享舒适入住体验。	576	21231
8524	大床房	大床房，配备舒适大床，温馨静谧，适合休闲度假。	373	21232
8525	行政套房	行政套房，空间宽敞，配套齐全，尊享舒适入住体验。	681	21233
8525	标准间	标准间，简洁整洁，设施完备，高性价比之选。	311	21234
8526	行政套房	行政套房，空间宽敞，配套齐全，尊享舒适入住体验。	494	21235
8526	标准间	标准间，简洁整洁，设施完备，高性价比之选。	274	21236
8527	行政套房	行政套房，空间宽敞，配套齐全，尊享舒适入住体验。	806	21237
8527	标准间	标准间，简洁整洁，设施完备，高性价比之选。	307	21238
8527	大床房	大床房，配备舒适大床，温馨静谧，适合休闲度假。	324	21239
8528	标准间	标准间，简洁整洁，设施完备，高性价比之选。	314	21240
8528	行政套房	行政套房，空间宽敞，配套齐全，尊享舒适入住体验。	525	21241
8528	大床房	大床房，配备舒适大床，温馨静谧，适合休闲度假。	358	21242
8529	标准间	标准间，简洁整洁，设施完备，高性价比之选。	281	21243
8529	大床房	大床房，配备舒适大床，温馨静谧，适合休闲度假。	286	21244
8530	行政套房	行政套房，空间宽敞，配套齐全，尊享舒适入住体验。	672	21245
8530	大床房	大床房，配备舒适大床，温馨静谧，适合休闲度假。	416	21246
8531	行政套房	行政套房，空间宽敞，配套齐全，尊享舒适入住体验。	576	21247
8531	大床房	大床房，配备舒适大床，温馨静谧，适合休闲度假。	277	21248
8532	大床房	大床房，配备舒适大床，温馨静谧，适合休闲度假。	471	21249
8532	行政套房	行政套房，空间宽敞，配套齐全，尊享舒适入住体验。	662	21250
8533	大床房	大床房，配备舒适大床，温馨静谧，适合休闲度假。	471	21251
8533	标准间	标准间，简洁整洁，设施完备，高性价比之选。	244	21252
8533	行政套房	行政套房，空间宽敞，配套齐全，尊享舒适入住体验。	611	21253
8534	行政套房	行政套房，空间宽敞，配套齐全，尊享舒适入住体验。	643	21254
8534	大床房	大床房，配备舒适大床，温馨静谧，适合休闲度假。	288	21255
8534	标准间	标准间，简洁整洁，设施完备，高性价比之选。	233	21256
8535	大床房	大床房，配备舒适大床，温馨静谧，适合休闲度假。	290	21257
8535	行政套房	行政套房，空间宽敞，配套齐全，尊享舒适入住体验。	682	21258
8536	标准间	标准间，简洁整洁，设施完备，高性价比之选。	202	21259
8536	行政套房	行政套房，空间宽敞，配套齐全，尊享舒适入住体验。	780	21260
8536	大床房	大床房，配备舒适大床，温馨静谧，适合休闲度假。	397	21261
8537	标准间	标准间，简洁整洁，设施完备，高性价比之选。	230	21262
8537	大床房	大床房，配备舒适大床，温馨静谧，适合休闲度假。	405	21263
8538	标准间	标准间，简洁整洁，设施完备，高性价比之选。	221	21264
8538	行政套房	行政套房，空间宽敞，配套齐全，尊享舒适入住体验。	734	21265
8538	大床房	大床房，配备舒适大床，温馨静谧，适合休闲度假。	374	21266
8539	标准间	标准间，简洁整洁，设施完备，高性价比之选。	237	21267
8539	大床房	大床房，配备舒适大床，温馨静谧，适合休闲度假。	466	21268
8539	行政套房	行政套房，空间宽敞，配套齐全，尊享舒适入住体验。	685	21269
8540	大床房	大床房，配备舒适大床，温馨静谧，适合休闲度假。	305	21270
8540	标准间	标准间，简洁整洁，设施完备，高性价比之选。	254	21271
8541	行政套房	行政套房，空间宽敞，配套齐全，尊享舒适入住体验。	708	21272
8541	大床房	大床房，配备舒适大床，温馨静谧，适合休闲度假。	477	21273
8542	行政套房	行政套房，空间宽敞，配套齐全，尊享舒适入住体验。	788	21274
8542	标准间	标准间，简洁整洁，设施完备，高性价比之选。	226	21275
8543	大床房	大床房，配备舒适大床，温馨静谧，适合休闲度假。	443	21276
8543	标准间	标准间，简洁整洁，设施完备，高性价比之选。	297	21277
8544	大床房	大床房，配备舒适大床，温馨静谧，适合休闲度假。	285	21278
8544	标准间	标准间，简洁整洁，设施完备，高性价比之选。	219	21279
8544	行政套房	行政套房，空间宽敞，配套齐全，尊享舒适入住体验。	625	21280
8545	行政套房	行政套房，空间宽敞，配套齐全，尊享舒适入住体验。	779	21281
8545	大床房	大床房，配备舒适大床，温馨静谧，适合休闲度假。	466	21282
8545	标准间	标准间，简洁整洁，设施完备，高性价比之选。	256	21283
8546	行政套房	行政套房，空间宽敞，配套齐全，尊享舒适入住体验。	814	21284
8546	标准间	标准间，简洁整洁，设施完备，高性价比之选。	243	21285
8547	行政套房	行政套房，空间宽敞，配套齐全，尊享舒适入住体验。	512	21286
8547	大床房	大床房，配备舒适大床，温馨静谧，适合休闲度假。	318	21287
8547	标准间	标准间，简洁整洁，设施完备，高性价比之选。	216	21288
8548	大床房	大床房，配备舒适大床，温馨静谧，适合休闲度假。	448	21289
8548	标准间	标准间，简洁整洁，设施完备，高性价比之选。	209	21290
8548	行政套房	行政套房，空间宽敞，配套齐全，尊享舒适入住体验。	580	21291
8549	行政套房	行政套房，空间宽敞，配套齐全，尊享舒适入住体验。	794	21292
8549	大床房	大床房，配备舒适大床，温馨静谧，适合休闲度假。	346	21293
8549	标准间	标准间，简洁整洁，设施完备，高性价比之选。	285	21294
8550	标准间	标准间，简洁整洁，设施完备，高性价比之选。	271	21295
8550	大床房	大床房，配备舒适大床，温馨静谧，适合休闲度假。	465	21296
8550	行政套房	行政套房，空间宽敞，配套齐全，尊享舒适入住体验。	741	21297
8551	行政套房	行政套房，空间宽敞，配套齐全，尊享舒适入住体验。	729	21298
8551	大床房	大床房，配备舒适大床，温馨静谧，适合休闲度假。	476	21299
8551	标准间	标准间，简洁整洁，设施完备，高性价比之选。	282	21300
8552	行政套房	行政套房，空间宽敞，配套齐全，尊享舒适入住体验。	796	21301
8552	大床房	大床房，配备舒适大床，温馨静谧，适合休闲度假。	403	21302
8552	标准间	标准间，简洁整洁，设施完备，高性价比之选。	265	21303
8553	行政套房	行政套房，空间宽敞，配套齐全，尊享舒适入住体验。	519	21304
8553	大床房	大床房，配备舒适大床，温馨静谧，适合休闲度假。	352	21305
8554	大床房	大床房，配备舒适大床，温馨静谧，适合休闲度假。	403	21306
8554	行政套房	行政套房，空间宽敞，配套齐全，尊享舒适入住体验。	839	21307
8554	标准间	标准间，简洁整洁，设施完备，高性价比之选。	315	21308
8555	标准间	标准间，简洁整洁，设施完备，高性价比之选。	217	21309
8555	大床房	大床房，配备舒适大床，温馨静谧，适合休闲度假。	414	21310
8555	行政套房	行政套房，空间宽敞，配套齐全，尊享舒适入住体验。	768	21311
8556	标准间	标准间，简洁整洁，设施完备，高性价比之选。	224	21312
8556	大床房	大床房，配备舒适大床，温馨静谧，适合休闲度假。	281	21313
8556	行政套房	行政套房，空间宽敞，配套齐全，尊享舒适入住体验。	776	21314
8557	标准间	标准间，简洁整洁，设施完备，高性价比之选。	307	21315
8557	行政套房	行政套房，空间宽敞，配套齐全，尊享舒适入住体验。	525	21316
8558	标准间	标准间，简洁整洁，设施完备，高性价比之选。	236	21317
8558	大床房	大床房，配备舒适大床，温馨静谧，适合休闲度假。	394	21318
8559	大床房	大床房，配备舒适大床，温馨静谧，适合休闲度假。	393	21319
8559	标准间	标准间，简洁整洁，设施完备，高性价比之选。	183	21320
8560	行政套房	行政套房，空间宽敞，配套齐全，尊享舒适入住体验。	687	21321
8560	大床房	大床房，配备舒适大床，温馨静谧，适合休闲度假。	301	21322
8560	标准间	标准间，简洁整洁，设施完备，高性价比之选。	256	21323
8561	标准间	标准间，简洁整洁，设施完备，高性价比之选。	188	21324
8561	行政套房	行政套房，空间宽敞，配套齐全，尊享舒适入住体验。	831	21325
8561	大床房	大床房，配备舒适大床，温馨静谧，适合休闲度假。	316	21326
8562	标准间	标准间，简洁整洁，设施完备，高性价比之选。	294	21327
8562	行政套房	行政套房，空间宽敞，配套齐全，尊享舒适入住体验。	762	21328
8563	标准间	标准间，简洁整洁，设施完备，高性价比之选。	260	21329
8563	大床房	大床房，配备舒适大床，温馨静谧，适合休闲度假。	470	21330
8563	行政套房	行政套房，空间宽敞，配套齐全，尊享舒适入住体验。	589	21331
8564	行政套房	行政套房，空间宽敞，配套齐全，尊享舒适入住体验。	811	21332
8564	标准间	标准间，简洁整洁，设施完备，高性价比之选。	264	21333
8564	大床房	大床房，配备舒适大床，温馨静谧，适合休闲度假。	331	21334
8565	标准间	标准间，简洁整洁，设施完备，高性价比之选。	252	21335
8565	行政套房	行政套房，空间宽敞，配套齐全，尊享舒适入住体验。	551	21336
8565	大床房	大床房，配备舒适大床，温馨静谧，适合休闲度假。	387	21337
8566	行政套房	行政套房，空间宽敞，配套齐全，尊享舒适入住体验。	753	21338
8566	标准间	标准间，简洁整洁，设施完备，高性价比之选。	210	21339
8567	标准间	标准间，简洁整洁，设施完备，高性价比之选。	294	21340
8567	行政套房	行政套房，空间宽敞，配套齐全，尊享舒适入住体验。	494	21341
8567	大床房	大床房，配备舒适大床，温馨静谧，适合休闲度假。	385	21342
8568	行政套房	行政套房，空间宽敞，配套齐全，尊享舒适入住体验。	673	21343
8568	大床房	大床房，配备舒适大床，温馨静谧，适合休闲度假。	295	21344
8568	标准间	标准间，简洁整洁，设施完备，高性价比之选。	215	21345
8569	大床房	大床房，配备舒适大床，温馨静谧，适合休闲度假。	288	21346
8569	标准间	标准间，简洁整洁，设施完备，高性价比之选。	281	21347
8569	行政套房	行政套房，空间宽敞，配套齐全，尊享舒适入住体验。	674	21348
8570	行政套房	行政套房，空间宽敞，配套齐全，尊享舒适入住体验。	496	21349
8570	大床房	大床房，配备舒适大床，温馨静谧，适合休闲度假。	325	21350
8570	标准间	标准间，简洁整洁，设施完备，高性价比之选。	284	21351
8571	标准间	标准间，简洁整洁，设施完备，高性价比之选。	230	21352
8571	行政套房	行政套房，空间宽敞，配套齐全，尊享舒适入住体验。	560	21353
8571	大床房	大床房，配备舒适大床，温馨静谧，适合休闲度假。	419	21354
8572	大床房	大床房，配备舒适大床，温馨静谧，适合休闲度假。	354	21355
8572	标准间	标准间，简洁整洁，设施完备，高性价比之选。	310	21356
8573	行政套房	行政套房，空间宽敞，配套齐全，尊享舒适入住体验。	615	21357
8573	标准间	标准间，简洁整洁，设施完备，高性价比之选。	240	21358
8573	大床房	大床房，配备舒适大床，温馨静谧，适合休闲度假。	308	21359
8574	行政套房	行政套房，空间宽敞，配套齐全，尊享舒适入住体验。	836	21360
8574	标准间	标准间，简洁整洁，设施完备，高性价比之选。	215	21361
8574	大床房	大床房，配备舒适大床，温馨静谧，适合休闲度假。	333	21362
8575	标准间	标准间，简洁整洁，设施完备，高性价比之选。	228	21363
8575	行政套房	行政套房，空间宽敞，配套齐全，尊享舒适入住体验。	797	21364
8575	大床房	大床房，配备舒适大床，温馨静谧，适合休闲度假。	355	21365
8576	标准间	标准间，简洁整洁，设施完备，高性价比之选。	232	21366
8576	行政套房	行政套房，空间宽敞，配套齐全，尊享舒适入住体验。	703	21367
8576	大床房	大床房，配备舒适大床，温馨静谧，适合休闲度假。	406	21368
8577	大床房	大床房，配备舒适大床，温馨静谧，适合休闲度假。	430	21369
8577	行政套房	行政套房，空间宽敞，配套齐全，尊享舒适入住体验。	502	21370
8578	大床房	大床房，配备舒适大床，温馨静谧，适合休闲度假。	416	21371
8578	行政套房	行政套房，空间宽敞，配套齐全，尊享舒适入住体验。	578	21372
8579	标准间	标准间，简洁整洁，设施完备，高性价比之选。	196	21373
8579	行政套房	行政套房，空间宽敞，配套齐全，尊享舒适入住体验。	796	21374
8579	大床房	大床房，配备舒适大床，温馨静谧，适合休闲度假。	276	21375
8580	标准间	标准间，简洁整洁，设施完备，高性价比之选。	204	21376
8580	行政套房	行政套房，空间宽敞，配套齐全，尊享舒适入住体验。	630	21377
8580	大床房	大床房，配备舒适大床，温馨静谧，适合休闲度假。	376	21378
8581	标准间	标准间，简洁整洁，设施完备，高性价比之选。	298	21379
8581	行政套房	行政套房，空间宽敞，配套齐全，尊享舒适入住体验。	807	21380
8581	大床房	大床房，配备舒适大床，温馨静谧，适合休闲度假。	350	21381
8582	行政套房	行政套房，空间宽敞，配套齐全，尊享舒适入住体验。	765	21382
8582	大床房	大床房，配备舒适大床，温馨静谧，适合休闲度假。	326	21383
8582	标准间	标准间，简洁整洁，设施完备，高性价比之选。	318	21384
8583	大床房	大床房，配备舒适大床，温馨静谧，适合休闲度假。	411	21385
8583	标准间	标准间，简洁整洁，设施完备，高性价比之选。	222	21386
8583	行政套房	行政套房，空间宽敞，配套齐全，尊享舒适入住体验。	682	21387
8584	行政套房	行政套房，空间宽敞，配套齐全，尊享舒适入住体验。	600	21388
8584	标准间	标准间，简洁整洁，设施完备，高性价比之选。	186	21389
8585	行政套房	行政套房，空间宽敞，配套齐全，尊享舒适入住体验。	560	21390
8585	标准间	标准间，简洁整洁，设施完备，高性价比之选。	239	21391
8585	大床房	大床房，配备舒适大床，温馨静谧，适合休闲度假。	477	21392
8586	大床房	大床房，配备舒适大床，温馨静谧，适合休闲度假。	384	21393
8586	标准间	标准间，简洁整洁，设施完备，高性价比之选。	301	21394
8586	行政套房	行政套房，空间宽敞，配套齐全，尊享舒适入住体验。	722	21395
8587	标准间	标准间，简洁整洁，设施完备，高性价比之选。	317	21396
8587	大床房	大床房，配备舒适大床，温馨静谧，适合休闲度假。	312	21397
8587	行政套房	行政套房，空间宽敞，配套齐全，尊享舒适入住体验。	717	21398
8588	行政套房	行政套房，空间宽敞，配套齐全，尊享舒适入住体验。	757	21399
8588	大床房	大床房，配备舒适大床，温馨静谧，适合休闲度假。	267	21400
8589	标准间	标准间，简洁整洁，设施完备，高性价比之选。	242	21401
8589	行政套房	行政套房，空间宽敞，配套齐全，尊享舒适入住体验。	757	21402
8590	行政套房	行政套房，空间宽敞，配套齐全，尊享舒适入住体验。	483	21403
8590	标准间	标准间，简洁整洁，设施完备，高性价比之选。	182	21404
8590	大床房	大床房，配备舒适大床，温馨静谧，适合休闲度假。	464	21405
8591	大床房	大床房，配备舒适大床，温馨静谧，适合休闲度假。	287	21406
8591	行政套房	行政套房，空间宽敞，配套齐全，尊享舒适入住体验。	865	21407
8592	大床房	大床房，配备舒适大床，温馨静谧，适合休闲度假。	470	21408
8592	行政套房	行政套房，空间宽敞，配套齐全，尊享舒适入住体验。	817	21409
8592	标准间	标准间，简洁整洁，设施完备，高性价比之选。	305	21410
8593	大床房	大床房，配备舒适大床，温馨静谧，适合休闲度假。	400	21411
8593	标准间	标准间，简洁整洁，设施完备，高性价比之选。	312	21412
8593	行政套房	行政套房，空间宽敞，配套齐全，尊享舒适入住体验。	531	21413
8594	标准间	标准间，简洁整洁，设施完备，高性价比之选。	257	21414
8594	大床房	大床房，配备舒适大床，温馨静谧，适合休闲度假。	461	21415
8595	大床房	大床房，配备舒适大床，温馨静谧，适合休闲度假。	275	21416
8595	标准间	标准间，简洁整洁，设施完备，高性价比之选。	202	21417
8595	行政套房	行政套房，空间宽敞，配套齐全，尊享舒适入住体验。	658	21418
8596	标准间	标准间，简洁整洁，设施完备，高性价比之选。	265	21419
8596	大床房	大床房，配备舒适大床，温馨静谧，适合休闲度假。	323	21420
8597	大床房	大床房，配备舒适大床，温馨静谧，适合休闲度假。	435	21421
8597	标准间	标准间，简洁整洁，设施完备，高性价比之选。	202	21422
8597	行政套房	行政套房，空间宽敞，配套齐全，尊享舒适入住体验。	616	21423
8598	行政套房	行政套房，空间宽敞，配套齐全，尊享舒适入住体验。	620	21424
8598	标准间	标准间，简洁整洁，设施完备，高性价比之选。	297	21425
8598	大床房	大床房，配备舒适大床，温馨静谧，适合休闲度假。	324	21426
8599	标准间	标准间，简洁整洁，设施完备，高性价比之选。	272	21427
8599	行政套房	行政套房，空间宽敞，配套齐全，尊享舒适入住体验。	611	21428
8600	大床房	大床房，配备舒适大床，温馨静谧，适合休闲度假。	462	21429
8600	行政套房	行政套房，空间宽敞，配套齐全，尊享舒适入住体验。	816	21430
8601	标准间	标准间，简洁整洁，设施完备，高性价比之选。	187	21431
8601	行政套房	行政套房，空间宽敞，配套齐全，尊享舒适入住体验。	819	21432
8601	大床房	大床房，配备舒适大床，温馨静谧，适合休闲度假。	284	21433
8602	大床房	大床房，配备舒适大床，温馨静谧，适合休闲度假。	270	21434
8602	行政套房	行政套房，空间宽敞，配套齐全，尊享舒适入住体验。	502	21435
8603	大床房	大床房，配备舒适大床，温馨静谧，适合休闲度假。	443	21436
8603	行政套房	行政套房，空间宽敞，配套齐全，尊享舒适入住体验。	810	21437
8604	大床房	大床房，配备舒适大床，温馨静谧，适合休闲度假。	334	21438
8604	行政套房	行政套房，空间宽敞，配套齐全，尊享舒适入住体验。	846	21439
8605	标准间	标准间，简洁整洁，设施完备，高性价比之选。	265	21440
8605	行政套房	行政套房，空间宽敞，配套齐全，尊享舒适入住体验。	800	21441
8605	大床房	大床房，配备舒适大床，温馨静谧，适合休闲度假。	326	21442
8606	大床房	大床房，配备舒适大床，温馨静谧，适合休闲度假。	396	21443
8606	标准间	标准间，简洁整洁，设施完备，高性价比之选。	227	21444
8606	行政套房	行政套房，空间宽敞，配套齐全，尊享舒适入住体验。	629	21445
8607	标准间	标准间，简洁整洁，设施完备，高性价比之选。	280	21446
8607	行政套房	行政套房，空间宽敞，配套齐全，尊享舒适入住体验。	623	21447
8608	大床房	大床房，配备舒适大床，温馨静谧，适合休闲度假。	403	21448
8608	标准间	标准间，简洁整洁，设施完备，高性价比之选。	260	21449
8608	行政套房	行政套房，空间宽敞，配套齐全，尊享舒适入住体验。	680	21450
8609	行政套房	行政套房，空间宽敞，配套齐全，尊享舒适入住体验。	506	21451
8609	大床房	大床房，配备舒适大床，温馨静谧，适合休闲度假。	323	21452
8609	标准间	标准间，简洁整洁，设施完备，高性价比之选。	255	21453
8610	标准间	标准间，简洁整洁，设施完备，高性价比之选。	318	21454
8610	行政套房	行政套房，空间宽敞，配套齐全，尊享舒适入住体验。	692	21455
8611	标准间	标准间，简洁整洁，设施完备，高性价比之选。	198	21456
8611	大床房	大床房，配备舒适大床，温馨静谧，适合休闲度假。	374	21457
8611	行政套房	行政套房，空间宽敞，配套齐全，尊享舒适入住体验。	481	21458
8612	大床房	大床房，配备舒适大床，温馨静谧，适合休闲度假。	420	21459
8612	标准间	标准间，简洁整洁，设施完备，高性价比之选。	183	21460
8613	标准间	标准间，简洁整洁，设施完备，高性价比之选。	219	21461
8613	大床房	大床房，配备舒适大床，温馨静谧，适合休闲度假。	473	21462
8613	行政套房	行政套房，空间宽敞，配套齐全，尊享舒适入住体验。	735	21463
8614	行政套房	行政套房，空间宽敞，配套齐全，尊享舒适入住体验。	681	21464
8614	标准间	标准间，简洁整洁，设施完备，高性价比之选。	289	21465
8615	大床房	大床房，配备舒适大床，温馨静谧，适合休闲度假。	388	21466
8615	行政套房	行政套房，空间宽敞，配套齐全，尊享舒适入住体验。	639	21467
8615	标准间	标准间，简洁整洁，设施完备，高性价比之选。	256	21468
8616	行政套房	行政套房，空间宽敞，配套齐全，尊享舒适入住体验。	611	21469
8616	标准间	标准间，简洁整洁，设施完备，高性价比之选。	193	21470
8616	大床房	大床房，配备舒适大床，温馨静谧，适合休闲度假。	446	21471
8617	大床房	大床房，配备舒适大床，温馨静谧，适合休闲度假。	336	21472
8617	标准间	标准间，简洁整洁，设施完备，高性价比之选。	262	21473
8617	行政套房	行政套房，空间宽敞，配套齐全，尊享舒适入住体验。	822	21474
8618	标准间	标准间，简洁整洁，设施完备，高性价比之选。	234	21475
8618	行政套房	行政套房，空间宽敞，配套齐全，尊享舒适入住体验。	589	21476
8619	大床房	大床房，配备舒适大床，温馨静谧，适合休闲度假。	272	21477
8619	标准间	标准间，简洁整洁，设施完备，高性价比之选。	242	21478
8620	大床房	大床房，配备舒适大床，温馨静谧，适合休闲度假。	424	21479
8620	标准间	标准间，简洁整洁，设施完备，高性价比之选。	270	21480
8621	标准间	标准间，简洁整洁，设施完备，高性价比之选。	282	21481
8621	大床房	大床房，配备舒适大床，温馨静谧，适合休闲度假。	442	21482
8621	行政套房	行政套房，空间宽敞，配套齐全，尊享舒适入住体验。	709	21483
8622	行政套房	行政套房，空间宽敞，配套齐全，尊享舒适入住体验。	754	21484
8622	标准间	标准间，简洁整洁，设施完备，高性价比之选。	307	21485
8623	标准间	标准间，简洁整洁，设施完备，高性价比之选。	266	21486
8623	行政套房	行政套房，空间宽敞，配套齐全，尊享舒适入住体验。	843	21487
8624	大床房	大床房，配备舒适大床，温馨静谧，适合休闲度假。	370	21488
8624	行政套房	行政套房，空间宽敞，配套齐全，尊享舒适入住体验。	544	21489
8625	大床房	大床房，配备舒适大床，温馨静谧，适合休闲度假。	377	21490
8625	标准间	标准间，简洁整洁，设施完备，高性价比之选。	184	21491
8626	大床房	大床房，配备舒适大床，温馨静谧，适合休闲度假。	425	21492
8626	标准间	标准间，简洁整洁，设施完备，高性价比之选。	185	21493
8627	大床房	大床房，配备舒适大床，温馨静谧，适合休闲度假。	296	21494
8627	行政套房	行政套房，空间宽敞，配套齐全，尊享舒适入住体验。	489	21495
8628	标准间	标准间，简洁整洁，设施完备，高性价比之选。	257	21496
8628	行政套房	行政套房，空间宽敞，配套齐全，尊享舒适入住体验。	562	21497
8628	大床房	大床房，配备舒适大床，温馨静谧，适合休闲度假。	421	21498
8629	标准间	标准间，简洁整洁，设施完备，高性价比之选。	292	21499
8629	行政套房	行政套房，空间宽敞，配套齐全，尊享舒适入住体验。	563	21500
8629	大床房	大床房，配备舒适大床，温馨静谧，适合休闲度假。	476	21501
8630	标准间	标准间，简洁整洁，设施完备，高性价比之选。	198	21502
8630	行政套房	行政套房，空间宽敞，配套齐全，尊享舒适入住体验。	661	21503
8630	大床房	大床房，配备舒适大床，温馨静谧，适合休闲度假。	316	21504
8631	大床房	大床房，配备舒适大床，温馨静谧，适合休闲度假。	456	21505
8631	标准间	标准间，简洁整洁，设施完备，高性价比之选。	316	21506
8632	大床房	大床房，配备舒适大床，温馨静谧，适合休闲度假。	356	21507
8632	标准间	标准间，简洁整洁，设施完备，高性价比之选。	259	21508
8633	大床房	大床房，配备舒适大床，温馨静谧，适合休闲度假。	312	21509
8633	行政套房	行政套房，空间宽敞，配套齐全，尊享舒适入住体验。	668	21510
8633	标准间	标准间，简洁整洁，设施完备，高性价比之选。	319	21511
8634	大床房	大床房，配备舒适大床，温馨静谧，适合休闲度假。	456	21512
8634	标准间	标准间，简洁整洁，设施完备，高性价比之选。	267	21513
8635	大床房	大床房，配备舒适大床，温馨静谧，适合休闲度假。	414	21514
8635	行政套房	行政套房，空间宽敞，配套齐全，尊享舒适入住体验。	623	21515
8636	大床房	大床房，配备舒适大床，温馨静谧，适合休闲度假。	355	21516
8636	标准间	标准间，简洁整洁，设施完备，高性价比之选。	206	21517
8636	行政套房	行政套房，空间宽敞，配套齐全，尊享舒适入住体验。	840	21518
