id	name	description	cityId
0	柏曼精品酒店	地址：北京朝阳街155号（北京北）。联系电话：047-31633709 / 024-62762345。部分房型可俯瞰城市天际线。可手机自助入住，无接触开门。设有地下停车场与充电桩。酒店内有健身房和洗衣房，住客免费使用。	C039
1	星程宾馆	地址：北京迎宾大道217号（北京北）。联系电话：198-78066676。可手机自助入住，无接触开门。设有地下停车场与充电桩。	C039
2	花筑酒店	地址：北京解放路375号（北京北）。联系电话：188-40738117 / 185-93274702。提供高速 Wi‑Fi 及 24 小时热水。设有地下停车场与充电桩。距车站步行 5 分钟，交通便利。前台多语言服务，支持行李寄存。	C039
3	云栖宾馆	地址：北京迎宾大道60号（北京北）。联系电话：023-62801405 / 197-48539983。周边 500 米内即是商场与美食街。含自助早餐，菜品丰富。	C039
4	柏曼酒店	地址：北京迎宾大道257号（北京东）。联系电话：130-51651010。前台多语言服务，支持行李寄存。提供高速 Wi‑Fi 及 24 小时热水。周边 500 米内即是商场与美食街。含自助早餐，菜品丰富。	C039
5	桔子度假酒店	地址：北京建设路3号（北京东）。联系电话：130-40915262。含自助早餐，菜品丰富。周边 500 米内即是商场与美食街。部分房型可俯瞰城市天际线。	C039
6	悦榕大酒店	地址：北京迎宾大道327号（北京）。联系电话：180-12759987。周边 500 米内即是商场与美食街。酒店内有健身房和洗衣房，住客免费使用。	C039
7	悦榕酒店	地址：北京迎宾大道395号（北京）。联系电话：043-71805698 / 198-11781862。周边 500 米内即是商场与美食街。部分房型可俯瞰城市天际线。	C039
8	丽枫宾馆	地址：北京建设路367号（北京南）。联系电话：017-82793526 / 032-71224215。设有地下停车场与充电桩。部分房型可俯瞰城市天际线。客房配备记忆棉床垫，保证舒适睡眠。	C039
9	枫叶国际酒店	地址：北京迎宾大道313号（北京南）。联系电话：194-11813367 / 183-35551545。周边 500 米内即是商场与美食街。可手机自助入住，无接触开门。部分房型可俯瞰城市天际线。	C039
10	桔子精品酒店	地址：北京人民大道183号（北京西）。联系电话：198-63788859。前台多语言服务，支持行李寄存。周边 500 米内即是商场与美食街。	C039
11	柏曼度假酒店	地址：北京朝阳街109号（北京西）。联系电话：011-60185491。前台多语言服务，支持行李寄存。部分房型可俯瞰城市天际线。	C039
12	柏栎精品酒店	地址：广州人民大道347号（广州南）。联系电话：180-93155797。距车站步行 5 分钟，交通便利。提供高速 Wi‑Fi 及 24 小时热水。	C112
13	柏曼精品酒店	地址：广州朝阳街140号（广州南）。联系电话：130-31267123 / 046-69539335。设有地下停车场与充电桩。部分房型可俯瞰城市天际线。	C112
14	柏栎酒店	地址：广州人民大道35号（广州南）。联系电话：027-84435412 / 017-32354522。前台多语言服务，支持行李寄存。客房配备记忆棉床垫，保证舒适睡眠。可手机自助入住，无接触开门。提供高速 Wi‑Fi 及 24 小时热水。	C112
15	桔子宾馆	地址：重庆和平路336号（重庆北）。联系电话：026-80530378 / 049-81624476。提供高速 Wi‑Fi 及 24 小时热水。客房配备记忆棉床垫，保证舒适睡眠。	C272
16	碧桂大酒店	地址：重庆和平路26号（重庆北）。联系电话：052-60521832。提供高速 Wi‑Fi 及 24 小时热水。前台多语言服务，支持行李寄存。部分房型可俯瞰城市天际线。	C272
17	桔子度假酒店	地址：重庆解放路313号（重庆北）。联系电话：017-45797233 / 018-40659217。可手机自助入住，无接触开门。酒店内有健身房和洗衣房，住客免费使用。	C272
18	梅园酒店	地址：重庆人民大道381号（重庆）。联系电话：154-92792871 / 041-60793573。酒店内有健身房和洗衣房，住客免费使用。部分房型可俯瞰城市天际线。	C272
19	丽枫大酒店	地址：重庆朝阳街144号（重庆）。联系电话：159-51417549 / 154-97055849。含自助早餐，菜品丰富。酒店内有健身房和洗衣房，住客免费使用。前台多语言服务，支持行李寄存。	C272
20	碧桂宾馆	地址：重庆和平路83号（重庆）。联系电话：019-89954572。周边 500 米内即是商场与美食街。可手机自助入住，无接触开门。前台多语言服务，支持行李寄存。距车站步行 5 分钟，交通便利。	C272
21	悦榕宾馆	地址：重庆迎宾大道129号（重庆南）。联系电话：014-58621167 / 010-50203253。提供高速 Wi‑Fi 及 24 小时热水。前台多语言服务，支持行李寄存。含自助早餐，菜品丰富。	C272
22	桔子度假酒店	地址：重庆迎宾大道85号（重庆南）。联系电话：191-65923321。可手机自助入住，无接触开门。部分房型可俯瞰城市天际线。提供高速 Wi‑Fi 及 24 小时热水。	C272
23	桔子国际酒店	地址：重庆和平路86号（重庆南）。联系电话：026-30907849。酒店内有健身房和洗衣房，住客免费使用。客房配备记忆棉床垫，保证舒适睡眠。提供高速 Wi‑Fi 及 24 小时热水。周边 500 米内即是商场与美食街。	C272
24	云栖度假酒店	地址：重庆解放路82号（重庆西）。联系电话：180-92862857。周边 500 米内即是商场与美食街。含自助早餐，菜品丰富。	C272
25	星程国际酒店	地址：重庆解放路138号（重庆西）。联系电话：012-25612466。距车站步行 5 分钟，交通便利。酒店内有健身房和洗衣房，住客免费使用。设有地下停车场与充电桩。含自助早餐，菜品丰富。	C272
26	碧桂度假酒店	地址：重庆和平路237号（重庆西）。联系电话：026-57590200。部分房型可俯瞰城市天际线。提供高速 Wi‑Fi 及 24 小时热水。酒店内有健身房和洗衣房，住客免费使用。	C272
27	沐兰大酒店	地址：重庆人民大道157号（重庆西）。联系电话：192-81779986。酒店内有健身房和洗衣房，住客免费使用。距车站步行 5 分钟，交通便利。前台多语言服务，支持行李寄存。部分房型可俯瞰城市天际线。	C272
28	锦江酒店	地址：广州迎宾大道279号（广州东）。联系电话：198-99738388。距车站步行 5 分钟，交通便利。可手机自助入住，无接触开门。设有地下停车场与充电桩。提供高速 Wi‑Fi 及 24 小时热水。	C112
29	星程酒店	地址：广州解放路211号（广州东）。联系电话：043-69054437 / 188-36838585。设有地下停车场与充电桩。部分房型可俯瞰城市天际线。距车站步行 5 分钟，交通便利。客房配备记忆棉床垫，保证舒适睡眠。	C112
30	碧桂宾馆	地址：上海迎宾大道263号（上海）。联系电话：135-74579212 / 015-76171430。前台多语言服务，支持行李寄存。提供高速 Wi‑Fi 及 24 小时热水。周边 500 米内即是商场与美食街。设有地下停车场与充电桩。	C005
31	沐兰精品酒店	地址：上海人民大道203号（上海）。联系电话：023-89221860 / 184-89286176。距车站步行 5 分钟，交通便利。酒店内有健身房和洗衣房，住客免费使用。含自助早餐，菜品丰富。	C005
32	枫叶国际酒店	地址：上海和平路48号（上海南）。联系电话：136-65303075 / 038-27017164。酒店内有健身房和洗衣房，住客免费使用。设有地下停车场与充电桩。含自助早餐，菜品丰富。客房配备记忆棉床垫，保证舒适睡眠。	C005
33	柏曼度假酒店	地址：上海解放路178号（上海南）。联系电话：156-65486433。距车站步行 5 分钟，交通便利。提供高速 Wi‑Fi 及 24 小时热水。前台多语言服务，支持行李寄存。	C005
34	柏栎宾馆	地址：上海中心路286号（上海南）。联系电话：131-61946025 / 057-81345137。周边 500 米内即是商场与美食街。前台多语言服务，支持行李寄存。客房配备记忆棉床垫，保证舒适睡眠。距车站步行 5 分钟，交通便利。	C005
35	碧桂精品酒店	地址：上海迎宾大道109号（上海南）。联系电话：034-22465596。部分房型可俯瞰城市天际线。含自助早餐，菜品丰富。	C005
36	月光宾馆	地址：上海解放路40号（上海虹桥）。联系电话：042-28619182。距车站步行 5 分钟，交通便利。前台多语言服务，支持行李寄存。部分房型可俯瞰城市天际线。含自助早餐，菜品丰富。	C005
37	锦江宾馆	地址：上海人民大道182号（上海虹桥）。联系电话：152-63928284 / 198-37448655。周边 500 米内即是商场与美食街。设有地下停车场与充电桩。	C005
38	柏栎大酒店	地址：上海解放路80号（上海虹桥）。联系电话：022-70900046 / 152-64798060。可手机自助入住，无接触开门。酒店内有健身房和洗衣房，住客免费使用。含自助早餐，菜品丰富。	C005
39	雅致大酒店	地址：上海人民大道49号（上海虹桥）。联系电话：191-54377644。客房配备记忆棉床垫，保证舒适睡眠。设有地下停车场与充电桩。部分房型可俯瞰城市天际线。	C005
40	锦江精品酒店	地址：上海迎宾大道154号（上海西）。联系电话：053-42323832。部分房型可俯瞰城市天际线。提供高速 Wi‑Fi 及 24 小时热水。含自助早餐，菜品丰富。周边 500 米内即是商场与美食街。	C005
41	桔子酒店	地址：上海中心路390号（上海西）。联系电话：186-15736912 / 150-59635437。距车站步行 5 分钟，交通便利。客房配备记忆棉床垫，保证舒适睡眠。提供高速 Wi‑Fi 及 24 小时热水。前台多语言服务，支持行李寄存。	C005
42	桔子宾馆	地址：上海解放路266号（上海西）。联系电话：182-51880438 / 033-48258685。部分房型可俯瞰城市天际线。客房配备记忆棉床垫，保证舒适睡眠。	C005
43	悦榕宾馆	地址：上海人民大道286号（上海西）。联系电话：152-95258317 / 133-82943722。提供高速 Wi‑Fi 及 24 小时热水。酒店内有健身房和洗衣房，住客免费使用。周边 500 米内即是商场与美食街。部分房型可俯瞰城市天际线。	C005
44	柏栎国际酒店	地址：天津迎宾大道284号（天津北）。联系电话：023-79308483。周边 500 米内即是商场与美食街。客房配备记忆棉床垫，保证舒适睡眠。	C082
45	桔子大酒店	地址：天津解放路399号（天津北）。联系电话：188-23351062。含自助早餐，菜品丰富。可手机自助入住，无接触开门。	C082
46	柏栎国际酒店	地址：天津中心路173号（天津北）。联系电话：032-58371541 / 191-54131608。可手机自助入住，无接触开门。周边 500 米内即是商场与美食街。部分房型可俯瞰城市天际线。距车站步行 5 分钟，交通便利。	C082
47	柏栎精品酒店	地址：天津解放路137号（天津北）。联系电话：053-38237485 / 139-77516193。酒店内有健身房和洗衣房，住客免费使用。距车站步行 5 分钟，交通便利。	C082
48	柏栎国际酒店	地址：天津中心路193号（天津）。联系电话：057-86221599。提供高速 Wi‑Fi 及 24 小时热水。距车站步行 5 分钟，交通便利。含自助早餐，菜品丰富。酒店内有健身房和洗衣房，住客免费使用。	C082
49	丽枫精品酒店	地址：天津朝阳街366号（天津）。联系电话：132-59867581 / 030-66737581。距车站步行 5 分钟，交通便利。部分房型可俯瞰城市天际线。前台多语言服务，支持行李寄存。设有地下停车场与充电桩。	C082
50	月光国际酒店	地址：天津朝阳街376号（天津）。联系电话：153-94141499 / 040-70412727。可手机自助入住，无接触开门。客房配备记忆棉床垫，保证舒适睡眠。酒店内有健身房和洗衣房，住客免费使用。	C082
51	星程大酒店	地址：天津迎宾大道352号（天津南）。联系电话：159-39199714。酒店内有健身房和洗衣房，住客免费使用。设有地下停车场与充电桩。周边 500 米内即是商场与美食街。	C082
52	花筑精品酒店	地址：天津朝阳街259号（天津南）。联系电话：189-73944818。设有地下停车场与充电桩。部分房型可俯瞰城市天际线。	C082
53	柏曼酒店	地址：天津人民大道238号（天津南）。联系电话：159-49360487。周边 500 米内即是商场与美食街。酒店内有健身房和洗衣房，住客免费使用。	C082
54	花筑大酒店	地址：天津解放路370号（天津西）。联系电话：011-58503321。部分房型可俯瞰城市天际线。距车站步行 5 分钟，交通便利。可手机自助入住，无接触开门。含自助早餐，菜品丰富。	C082
55	璞丽大酒店	地址：天津解放路208号（天津西）。联系电话：027-85867152 / 024-52880681。酒店内有健身房和洗衣房，住客免费使用。含自助早餐，菜品丰富。	C082
56	楠舍宾馆	地址：天津建设路167号（天津西）。联系电话：185-78636431 / 043-42080341。含自助早餐，菜品丰富。距车站步行 5 分钟，交通便利。部分房型可俯瞰城市天际线。	C082
57	枫叶酒店	地址：香港解放路195号（香港西九龙）。联系电话：139-67059498。含自助早餐，菜品丰富。距车站步行 5 分钟，交通便利。设有地下停车场与充电桩。	C300
58	悦榕精品酒店	地址：香港迎宾大道162号（香港西九龙）。联系电话：034-34184687 / 027-74993694。距车站步行 5 分钟，交通便利。提供高速 Wi‑Fi 及 24 小时热水。可手机自助入住，无接触开门。部分房型可俯瞰城市天际线。	C300
59	星程宾馆	地址：香港朝阳街135号（香港西九龙）。联系电话：182-58077195 / 182-36177044。设有地下停车场与充电桩。可手机自助入住，无接触开门。部分房型可俯瞰城市天际线。客房配备记忆棉床垫，保证舒适睡眠。	C300
60	花筑国际酒店	地址：香港建设路258号（香港西九龙）。联系电话：185-49149300 / 053-67826887。含自助早餐，菜品丰富。周边 500 米内即是商场与美食街。前台多语言服务，支持行李寄存。	C300
61	柏栎国际酒店	地址：长春中心路332号（长春）。联系电话：186-40371683 / 195-37518263。含自助早餐，菜品丰富。部分房型可俯瞰城市天际线。	C283
62	枫叶国际酒店	地址：长春中心路268号（长春）。联系电话：039-56286897 / 185-85246456。客房配备记忆棉床垫，保证舒适睡眠。距车站步行 5 分钟，交通便利。部分房型可俯瞰城市天际线。	C283
63	枫叶国际酒店	地址：长春迎宾大道363号（长春）。联系电话：030-64262684。部分房型可俯瞰城市天际线。周边 500 米内即是商场与美食街。	C283
64	花筑精品酒店	地址：长春人民大道176号（长春南）。联系电话：159-71286035。酒店内有健身房和洗衣房，住客免费使用。部分房型可俯瞰城市天际线。含自助早餐，菜品丰富。周边 500 米内即是商场与美食街。	C283
65	雅致度假酒店	地址：长春解放路167号（长春南）。联系电话：137-33457574 / 021-64599148。可手机自助入住，无接触开门。提供高速 Wi‑Fi 及 24 小时热水。周边 500 米内即是商场与美食街。	C283
66	楠舍酒店	地址：长春和平路103号（长春西）。联系电话：017-76803965 / 045-73858955。含自助早餐，菜品丰富。部分房型可俯瞰城市天际线。设有地下停车场与充电桩。客房配备记忆棉床垫，保证舒适睡眠。	C283
67	悦榕国际酒店	地址：长春解放路340号（长春西）。联系电话：191-63989637 / 134-83601566。含自助早餐，菜品丰富。距车站步行 5 分钟，交通便利。	C283
68	柏曼酒店	地址：成都解放路387号（成都东）。联系电话：197-35703962。设有地下停车场与充电桩。酒店内有健身房和洗衣房，住客免费使用。距车站步行 5 分钟，交通便利。提供高速 Wi‑Fi 及 24 小时热水。	C128
69	悦榕国际酒店	地址：成都人民大道272号（成都东）。联系电话：049-78799456 / 017-68138437。周边 500 米内即是商场与美食街。客房配备记忆棉床垫，保证舒适睡眠。前台多语言服务，支持行李寄存。	C128
70	楠舍酒店	地址：成都人民大道112号（成都南）。联系电话：159-29798236 / 050-74924625。距车站步行 5 分钟，交通便利。提供高速 Wi‑Fi 及 24 小时热水。	C128
71	雅致度假酒店	地址：成都中心路396号（成都南）。联系电话：133-47770952 / 030-80737457。设有地下停车场与充电桩。前台多语言服务，支持行李寄存。含自助早餐，菜品丰富。客房配备记忆棉床垫，保证舒适睡眠。	C128
72	璞丽大酒店	地址：成都中心路357号（成都）。联系电话：016-24990322。周边 500 米内即是商场与美食街。部分房型可俯瞰城市天际线。距车站步行 5 分钟，交通便利。客房配备记忆棉床垫，保证舒适睡眠。	C128
73	枫叶大酒店	地址：成都解放路58号（成都）。联系电话：032-78402321。可手机自助入住，无接触开门。设有地下停车场与充电桩。客房配备记忆棉床垫，保证舒适睡眠。酒店内有健身房和洗衣房，住客免费使用。	C128
74	悦榕国际酒店	地址：成都解放路125号（成都）。联系电话：029-71866348。周边 500 米内即是商场与美食街。部分房型可俯瞰城市天际线。提供高速 Wi‑Fi 及 24 小时热水。	C128
75	柏栎大酒店	地址：成都建设路315号（成都）。联系电话：019-52670911。设有地下停车场与充电桩。客房配备记忆棉床垫，保证舒适睡眠。前台多语言服务，支持行李寄存。	C128
76	璞丽国际酒店	地址：长沙和平路318号（长沙）。联系电话：034-54470349 / 010-73944670。设有地下停车场与充电桩。部分房型可俯瞰城市天际线。含自助早餐，菜品丰富。	C284
77	柏栎精品酒店	地址：长沙人民大道16号（长沙）。联系电话：184-10400456。客房配备记忆棉床垫，保证舒适睡眠。前台多语言服务，支持行李寄存。周边 500 米内即是商场与美食街。部分房型可俯瞰城市天际线。	C284
78	云栖大酒店	地址：长沙和平路195号（长沙南）。联系电话：029-63412783 / 154-13743141。酒店内有健身房和洗衣房，住客免费使用。距车站步行 5 分钟，交通便利。	C284
79	桔子精品酒店	地址：长沙中心路274号（长沙南）。联系电话：188-48191495。距车站步行 5 分钟，交通便利。前台多语言服务，支持行李寄存。含自助早餐，菜品丰富。客房配备记忆棉床垫，保证舒适睡眠。	C284
80	梅园宾馆	地址：长沙和平路396号（长沙南）。联系电话：130-51175601 / 194-53747858。前台多语言服务，支持行李寄存。酒店内有健身房和洗衣房，住客免费使用。设有地下停车场与充电桩。部分房型可俯瞰城市天际线。	C284
81	云栖国际酒店	地址：济南朝阳街196号（大明湖）。联系电话：023-78168948。距车站步行 5 分钟，交通便利。周边 500 米内即是商场与美食街。可手机自助入住，无接触开门。	C180
82	柏曼度假酒店	地址：济南和平路225号（大明湖）。联系电话：011-45354397 / 189-75154971。提供高速 Wi‑Fi 及 24 小时热水。距车站步行 5 分钟，交通便利。客房配备记忆棉床垫，保证舒适睡眠。前台多语言服务，支持行李寄存。	C180
83	悦榕精品酒店	地址：济南迎宾大道196号（大明湖）。联系电话：021-68302865 / 185-57002619。含自助早餐，菜品丰富。酒店内有健身房和洗衣房，住客免费使用。	C180
84	柏曼度假酒店	地址：福州建设路398号（福州）。联系电话：048-23584313 / 190-61381942。设有地下停车场与充电桩。周边 500 米内即是商场与美食街。含自助早餐，菜品丰富。	C221
85	枫叶国际酒店	地址：福州迎宾大道283号（福州）。联系电话：192-38863207 / 136-59027590。距车站步行 5 分钟，交通便利。设有地下停车场与充电桩。	C221
86	花筑国际酒店	地址：福州人民大道40号（福州南）。联系电话：025-54130879 / 013-42013694。设有地下停车场与充电桩。酒店内有健身房和洗衣房，住客免费使用。客房配备记忆棉床垫，保证舒适睡眠。	C221
87	柏栎国际酒店	地址：福州迎宾大道312号（福州南）。联系电话：155-77456022 / 043-63274586。提供高速 Wi‑Fi 及 24 小时热水。部分房型可俯瞰城市天际线。	C221
88	枫叶宾馆	地址：福州朝阳街190号（福州南）。联系电话：180-37491017。设有地下停车场与充电桩。距车站步行 5 分钟，交通便利。酒店内有健身房和洗衣房，住客免费使用。	C221
89	丽枫大酒店	地址：贵阳建设路196号（贵阳）。联系电话：189-61879649 / 182-20203231。可手机自助入住，无接触开门。提供高速 Wi‑Fi 及 24 小时热水。含自助早餐，菜品丰富。客房配备记忆棉床垫，保证舒适睡眠。	C249
90	桔子大酒店	地址：贵阳和平路134号（贵阳）。联系电话：043-28204154。可手机自助入住，无接触开门。提供高速 Wi‑Fi 及 24 小时热水。前台多语言服务，支持行李寄存。	C249
91	璞丽精品酒店	地址：广州朝阳街188号（广州）。联系电话：055-79423018 / 197-35788821。周边 500 米内即是商场与美食街。可手机自助入住，无接触开门。	C112
92	悦榕精品酒店	地址：广州迎宾大道266号（广州）。联系电话：131-16259616 / 154-10472907。周边 500 米内即是商场与美食街。酒店内有健身房和洗衣房，住客免费使用。	C112
93	璞丽度假酒店	地址：广州中心路66号（广州）。联系电话：153-82803663。距车站步行 5 分钟，交通便利。客房配备记忆棉床垫，保证舒适睡眠。前台多语言服务，支持行李寄存。	C112
94	花筑酒店	地址：广州朝阳街219号（广州西）。联系电话：024-83528747。设有地下停车场与充电桩。前台多语言服务，支持行李寄存。周边 500 米内即是商场与美食街。	C112
95	柏栎宾馆	地址：广州中心路248号（广州西）。联系电话：131-42672272 / 011-61423528。部分房型可俯瞰城市天际线。含自助早餐，菜品丰富。	C112
96	丽枫宾馆	地址：哈尔滨解放路226号（哈尔滨）。联系电话：026-22382987。前台多语言服务，支持行李寄存。提供高速 Wi‑Fi 及 24 小时热水。酒店内有健身房和洗衣房，住客免费使用。可手机自助入住，无接触开门。	C066
97	枫叶大酒店	地址：哈尔滨人民大道19号（哈尔滨）。联系电话：190-36388510。可手机自助入住，无接触开门。含自助早餐，菜品丰富。	C066
98	星程大酒店	地址：哈尔滨迎宾大道174号（哈尔滨）。联系电话：186-72671111。周边 500 米内即是商场与美食街。部分房型可俯瞰城市天际线。提供高速 Wi‑Fi 及 24 小时热水。	C066
99	月光宾馆	地址：哈尔滨朝阳街368号（哈尔滨）。联系电话：027-34955972。周边 500 米内即是商场与美食街。距车站步行 5 分钟，交通便利。	C066
100	桔子国际酒店	地址：哈尔滨迎宾大道206号（哈尔滨东）。联系电话：054-51473944 / 152-88270750。可手机自助入住，无接触开门。前台多语言服务，支持行李寄存。	C066
101	梅园精品酒店	地址：哈尔滨朝阳街82号（哈尔滨东）。联系电话：010-54355068 / 193-54838649。提供高速 Wi‑Fi 及 24 小时热水。前台多语言服务，支持行李寄存。酒店内有健身房和洗衣房，住客免费使用。	C066
102	楠舍大酒店	地址：哈尔滨朝阳街301号（哈尔滨东）。联系电话：184-96438147。设有地下停车场与充电桩。部分房型可俯瞰城市天际线。	C066
103	雅致度假酒店	地址：哈尔滨中心路147号（哈尔滨东）。联系电话：043-31115449 / 191-56922233。前台多语言服务，支持行李寄存。提供高速 Wi‑Fi 及 24 小时热水。酒店内有健身房和洗衣房，住客免费使用。	C066
104	梅园宾馆	地址：哈尔滨建设路133号（哈尔滨西）。联系电话：026-52154862。提供高速 Wi‑Fi 及 24 小时热水。酒店内有健身房和洗衣房，住客免费使用。	C066
105	悦榕度假酒店	地址：哈尔滨解放路162号（哈尔滨西）。联系电话：033-30659593。客房配备记忆棉床垫，保证舒适睡眠。酒店内有健身房和洗衣房，住客免费使用。距车站步行 5 分钟，交通便利。前台多语言服务，支持行李寄存。	C066
106	锦江宾馆	地址：哈尔滨迎宾大道161号（哈尔滨西）。联系电话：186-37799406。酒店内有健身房和洗衣房，住客免费使用。含自助早餐，菜品丰富。设有地下停车场与充电桩。	C066
107	锦江国际酒店	地址：合肥人民大道378号（合肥）。联系电话：139-49823778 / 054-27058428。前台多语言服务，支持行李寄存。提供高速 Wi‑Fi 及 24 小时热水。	C053
108	锦江度假酒店	地址：合肥中心路390号（合肥）。联系电话：182-35506752。部分房型可俯瞰城市天际线。周边 500 米内即是商场与美食街。前台多语言服务，支持行李寄存。距车站步行 5 分钟，交通便利。	C053
109	云栖大酒店	地址：合肥朝阳街398号（合肥）。联系电话：051-72387923 / 186-38963827。可手机自助入住，无接触开门。客房配备记忆棉床垫，保证舒适睡眠。含自助早餐，菜品丰富。部分房型可俯瞰城市天际线。	C053
110	花筑度假酒店	地址：合肥迎宾大道117号（合肥西）。联系电话：055-69611875。前台多语言服务，支持行李寄存。酒店内有健身房和洗衣房，住客免费使用。	C053
111	梅园酒店	地址：合肥解放路70号（合肥西）。联系电话：018-38909903 / 029-71375893。前台多语言服务，支持行李寄存。客房配备记忆棉床垫，保证舒适睡眠。	C053
112	梅园国际酒店	地址：土默特左旗中心路170号（呼和浩特东）。联系电话：058-77124076 / 158-11936861。设有地下停车场与充电桩。提供高速 Wi‑Fi 及 24 小时热水。距车站步行 5 分钟，交通便利。部分房型可俯瞰城市天际线。	C061
113	沐兰宾馆	地址：土默特左旗朝阳街22号（呼和浩特东）。联系电话：030-26569913 / 183-53990027。部分房型可俯瞰城市天际线。周边 500 米内即是商场与美食街。	C061
114	锦江度假酒店	地址：呼和浩特和平路374号（呼和浩特）。联系电话：153-58080771。设有地下停车场与充电桩。部分房型可俯瞰城市天际线。含自助早餐，菜品丰富。可手机自助入住，无接触开门。	C061
115	枫叶酒店	地址：呼和浩特中心路80号（呼和浩特）。联系电话：197-96354854。周边 500 米内即是商场与美食街。酒店内有健身房和洗衣房，住客免费使用。	C061
116	枫叶国际酒店	地址：呼和浩特迎宾大道394号（呼和浩特）。联系电话：046-79137662 / 030-28186178。提供高速 Wi‑Fi 及 24 小时热水。距车站步行 5 分钟，交通便利。酒店内有健身房和洗衣房，住客免费使用。部分房型可俯瞰城市天际线。	C061
117	璞丽精品酒店	地址：呼和浩特中心路342号（呼和浩特）。联系电话：184-94380728 / 154-71707514。酒店内有健身房和洗衣房，住客免费使用。设有地下停车场与充电桩。距车站步行 5 分钟，交通便利。	C061
118	星程酒店	地址：海口中心路40号（海口东）。联系电话：034-82067078。部分房型可俯瞰城市天际线。设有地下停车场与充电桩。含自助早餐，菜品丰富。周边 500 米内即是商场与美食街。	C184
119	雅致国际酒店	地址：海口中心路352号（海口东）。联系电话：197-88202623。设有地下停车场与充电桩。客房配备记忆棉床垫，保证舒适睡眠。含自助早餐，菜品丰富。提供高速 Wi‑Fi 及 24 小时热水。	C184
120	梅园宾馆	地址：海口迎宾大道60号（海口）。联系电话：133-33765471。前台多语言服务，支持行李寄存。酒店内有健身房和洗衣房，住客免费使用。	C184
121	碧桂宾馆	地址：海口朝阳街369号（海口）。联系电话：193-85069418。酒店内有健身房和洗衣房，住客免费使用。周边 500 米内即是商场与美食街。部分房型可俯瞰城市天际线。	C184
122	楠舍宾馆	地址：海口中心路226号（海口）。联系电话：047-53958004 / 154-81141121。提供高速 Wi‑Fi 及 24 小时热水。周边 500 米内即是商场与美食街。	C184
123	星程度假酒店	地址：海口和平路387号（海口）。联系电话：048-54404558。前台多语言服务，支持行李寄存。周边 500 米内即是商场与美食街。设有地下停车场与充电桩。含自助早餐，菜品丰富。	C184
124	锦江度假酒店	地址：杭州人民大道228号（杭州东）。联系电话：050-61775656。提供高速 Wi‑Fi 及 24 小时热水。含自助早餐，菜品丰富。	C153
125	月光度假酒店	地址：杭州人民大道388号（杭州东）。联系电话：180-45001859 / 046-74851835。酒店内有健身房和洗衣房，住客免费使用。前台多语言服务，支持行李寄存。	C153
126	柏曼国际酒店	地址：杭州和平路83号（杭州东）。联系电话：190-32057261 / 139-67843374。设有地下停车场与充电桩。距车站步行 5 分钟，交通便利。周边 500 米内即是商场与美食街。	C153
127	沐兰宾馆	地址：杭州和平路120号（杭州东）。联系电话：015-47246253。含自助早餐，菜品丰富。提供高速 Wi‑Fi 及 24 小时热水。周边 500 米内即是商场与美食街。	C153
128	枫叶大酒店	地址：杭州迎宾大道91号（杭州）。联系电话：194-49703937。客房配备记忆棉床垫，保证舒适睡眠。前台多语言服务，支持行李寄存。	C153
129	碧桂度假酒店	地址：杭州人民大道98号（杭州）。联系电话：037-24374709 / 199-48215706。含自助早餐，菜品丰富。提供高速 Wi‑Fi 及 24 小时热水。距车站步行 5 分钟，交通便利。	C153
130	柏曼酒店	地址：杭州和平路324号（杭州）。联系电话：013-87137166 / 029-61660953。含自助早餐，菜品丰富。客房配备记忆棉床垫，保证舒适睡眠。	C153
131	碧桂精品酒店	地址：杭州朝阳街250号（杭州南）。联系电话：015-64947523 / 159-98508343。距车站步行 5 分钟，交通便利。酒店内有健身房和洗衣房，住客免费使用。提供高速 Wi‑Fi 及 24 小时热水。设有地下停车场与充电桩。	C153
132	雅致国际酒店	地址：杭州中心路318号（杭州南）。联系电话：040-27187555。可手机自助入住，无接触开门。提供高速 Wi‑Fi 及 24 小时热水。含自助早餐，菜品丰富。前台多语言服务，支持行李寄存。	C153
133	悦榕酒店	地址：济南迎宾大道338号（济南）。联系电话：015-42237293 / 033-42612227。可手机自助入住，无接触开门。周边 500 米内即是商场与美食街。酒店内有健身房和洗衣房，住客免费使用。提供高速 Wi‑Fi 及 24 小时热水。	C180
134	楠舍度假酒店	地址：济南解放路289号（济南）。联系电话：185-20134813 / 034-60878704。提供高速 Wi‑Fi 及 24 小时热水。含自助早餐，菜品丰富。部分房型可俯瞰城市天际线。	C180
135	沐兰酒店	地址：济南建设路33号（济南西）。联系电话：027-70051908。客房配备记忆棉床垫，保证舒适睡眠。周边 500 米内即是商场与美食街。设有地下停车场与充电桩。	C180
136	梅园度假酒店	地址：济南人民大道373号（济南西）。联系电话：138-70787528。前台多语言服务，支持行李寄存。可手机自助入住，无接触开门。	C180
137	星程国际酒店	地址：昆明迎宾大道390号（昆明）。联系电话：182-48706035。部分房型可俯瞰城市天际线。距车站步行 5 分钟，交通便利。可手机自助入住，无接触开门。前台多语言服务，支持行李寄存。	C142
138	雅致宾馆	地址：昆明建设路51号（昆明）。联系电话：139-20191329。周边 500 米内即是商场与美食街。部分房型可俯瞰城市天际线。	C142
139	悦榕大酒店	地址：昆明和平路186号（昆明）。联系电话：157-48164965 / 032-81337129。前台多语言服务，支持行李寄存。周边 500 米内即是商场与美食街。	C142
140	悦榕宾馆	地址：昆明解放路349号（昆明西）。联系电话：158-17941637。客房配备记忆棉床垫，保证舒适睡眠。酒店内有健身房和洗衣房，住客免费使用。	C142
141	桔子精品酒店	地址：昆明中心路59号（昆明西）。联系电话：012-74838791 / 058-24015246。提供高速 Wi‑Fi 及 24 小时热水。酒店内有健身房和洗衣房，住客免费使用。含自助早餐，菜品丰富。可手机自助入住，无接触开门。	C142
142	楠舍国际酒店	地址：昆明中心路205号（昆明西）。联系电话：157-69704199 / 133-94205257。客房配备记忆棉床垫，保证舒适睡眠。前台多语言服务，支持行李寄存。部分房型可俯瞰城市天际线。设有地下停车场与充电桩。	C142
143	柏栎大酒店	地址：拉萨建设路360号（拉萨）。联系电话：185-65899299。酒店内有健身房和洗衣房，住客免费使用。可手机自助入住，无接触开门。	C133
144	碧桂酒店	地址：拉萨迎宾大道86号（拉萨）。联系电话：189-22699978。距车站步行 5 分钟，交通便利。酒店内有健身房和洗衣房，住客免费使用。	C133
145	月光精品酒店	地址：拉萨中心路5号（拉萨）。联系电话：194-33432445 / 021-25616623。可手机自助入住，无接触开门。距车站步行 5 分钟，交通便利。	C133
146	悦榕度假酒店	地址：拉萨朝阳街119号（拉萨）。联系电话：131-29757151。可手机自助入住，无接触开门。提供高速 Wi‑Fi 及 24 小时热水。设有地下停车场与充电桩。	C133
147	雅致度假酒店	地址：兰州迎宾大道244号（兰州东）。联系电话：130-13105821。部分房型可俯瞰城市天际线。客房配备记忆棉床垫，保证舒适睡眠。	C034
148	桔子大酒店	地址：兰州人民大道235号（兰州东）。联系电话：152-72669175 / 045-82066070。含自助早餐，菜品丰富。酒店内有健身房和洗衣房，住客免费使用。距车站步行 5 分钟，交通便利。可手机自助入住，无接触开门。	C034
149	璞丽度假酒店	地址：兰州人民大道393号（兰州）。联系电话：180-88766276 / 043-28646095。距车站步行 5 分钟，交通便利。含自助早餐，菜品丰富。	C034
150	璞丽宾馆	地址：兰州迎宾大道260号（兰州）。联系电话：023-71210169 / 182-31583973。可手机自助入住，无接触开门。周边 500 米内即是商场与美食街。提供高速 Wi‑Fi 及 24 小时热水。前台多语言服务，支持行李寄存。	C034
151	璞丽国际酒店	地址：兰州和平路341号（兰州）。联系电话：198-22119968。距车站步行 5 分钟，交通便利。酒店内有健身房和洗衣房，住客免费使用。客房配备记忆棉床垫，保证舒适睡眠。	C034
152	悦榕酒店	地址：兰州朝阳街95号（兰州西）。联系电话：185-89964829。可手机自助入住，无接触开门。前台多语言服务，支持行李寄存。	C034
153	枫叶大酒店	地址：兰州中心路342号（兰州西）。联系电话：034-76420548 / 184-80176916。前台多语言服务，支持行李寄存。距车站步行 5 分钟，交通便利。可手机自助入住，无接触开门。设有地下停车场与充电桩。	C034
154	桔子国际酒店	地址：兰州中心路179号（兰州西）。联系电话：028-89353723。设有地下停车场与充电桩。可手机自助入住，无接触开门。距车站步行 5 分钟，交通便利。	C034
155	悦榕精品酒店	地址：南昌朝阳街376号（南昌）。联系电话：184-35613535。含自助早餐，菜品丰富。提供高速 Wi‑Fi 及 24 小时热水。前台多语言服务，支持行李寄存。	C046
156	花筑度假酒店	地址：南昌和平路348号（南昌）。联系电话：159-39335757。周边 500 米内即是商场与美食街。设有地下停车场与充电桩。	C046
157	月光度假酒店	地址：南昌和平路209号（南昌）。联系电话：187-79579228 / 011-42806653。距车站步行 5 分钟，交通便利。可手机自助入住，无接触开门。客房配备记忆棉床垫，保证舒适睡眠。	C046
158	璞丽大酒店	地址：南昌中心路347号（南昌）。联系电话：016-84910170 / 044-80097648。提供高速 Wi‑Fi 及 24 小时热水。前台多语言服务，支持行李寄存。可手机自助入住，无接触开门。设有地下停车场与充电桩。	C046
159	梅园精品酒店	地址：南京人民大道228号（南京）。联系电话：157-95791256 / 038-71162974。酒店内有健身房和洗衣房，住客免费使用。含自助早餐，菜品丰富。部分房型可俯瞰城市天际线。	C042
160	枫叶度假酒店	地址：南京中心路6号（南京）。联系电话：022-56220740 / 033-78291024。酒店内有健身房和洗衣房，住客免费使用。周边 500 米内即是商场与美食街。距车站步行 5 分钟，交通便利。含自助早餐，菜品丰富。	C042
161	柏栎大酒店	地址：南京迎宾大道366号（南京）。联系电话：155-53549351。酒店内有健身房和洗衣房，住客免费使用。前台多语言服务，支持行李寄存。周边 500 米内即是商场与美食街。可手机自助入住，无接触开门。	C042
162	璞丽大酒店	地址：南京朝阳街336号（南京）。联系电话：180-11473922。距车站步行 5 分钟，交通便利。含自助早餐，菜品丰富。部分房型可俯瞰城市天际线。	C042
163	悦榕酒店	地址：南京建设路195号（南京南）。联系电话：189-55633016。客房配备记忆棉床垫，保证舒适睡眠。部分房型可俯瞰城市天际线。	C042
164	丽枫国际酒店	地址：南京中心路39号（南京南）。联系电话：054-88770462。距车站步行 5 分钟，交通便利。周边 500 米内即是商场与美食街。	C042
165	梅园度假酒店	地址：南京中心路153号（南京南）。联系电话：133-94063765。设有地下停车场与充电桩。酒店内有健身房和洗衣房，住客免费使用。距车站步行 5 分钟，交通便利。	C042
166	梅园精品酒店	地址：南京朝阳街388号（南京南）。联系电话：150-24729500 / 028-78500960。部分房型可俯瞰城市天际线。酒店内有健身房和洗衣房，住客免费使用。	C042
167	月光精品酒店	地址：南宁解放路59号（南宁）。联系电话：047-45341851。设有地下停车场与充电桩。提供高速 Wi‑Fi 及 24 小时热水。可手机自助入住，无接触开门。	C044
168	碧桂度假酒店	地址：南宁中心路190号（南宁）。联系电话：180-37736672 / 013-50594232。酒店内有健身房和洗衣房，住客免费使用。客房配备记忆棉床垫，保证舒适睡眠。周边 500 米内即是商场与美食街。前台多语言服务，支持行李寄存。	C044
169	云栖精品酒店	地址：石家庄朝阳街301号（石家庄北）。联系电话：195-18254898。可手机自助入住，无接触开门。酒店内有健身房和洗衣房，住客免费使用。	C220
170	柏栎精品酒店	地址：石家庄建设路345号（石家庄北）。联系电话：048-60418876。设有地下停车场与充电桩。距车站步行 5 分钟，交通便利。酒店内有健身房和洗衣房，住客免费使用。	C220
171	桔子大酒店	地址：石家庄解放路386号（石家庄）。联系电话：181-32208891。酒店内有健身房和洗衣房，住客免费使用。部分房型可俯瞰城市天际线。	C220
172	沐兰精品酒店	地址：石家庄中心路185号（石家庄）。联系电话：131-19881618 / 196-69429142。部分房型可俯瞰城市天际线。提供高速 Wi‑Fi 及 24 小时热水。可手机自助入住，无接触开门。周边 500 米内即是商场与美食街。	C220
173	锦江精品酒店	地址：石家庄和平路37号（石家庄）。联系电话：019-62588342 / 180-37688146。可手机自助入住，无接触开门。提供高速 Wi‑Fi 及 24 小时热水。酒店内有健身房和洗衣房，住客免费使用。	C220
174	璞丽宾馆	地址：沈阳建设路43号（沈阳）。联系电话：029-71845473。部分房型可俯瞰城市天际线。客房配备记忆棉床垫，保证舒适睡眠。	C172
175	云栖国际酒店	地址：沈阳中心路185号（沈阳）。联系电话：131-63088449。提供高速 Wi‑Fi 及 24 小时热水。客房配备记忆棉床垫，保证舒适睡眠。设有地下停车场与充电桩。周边 500 米内即是商场与美食街。	C172
176	悦榕酒店	地址：沈阳建设路42号（沈阳）。联系电话：012-21954335 / 194-83563165。部分房型可俯瞰城市天际线。距车站步行 5 分钟，交通便利。	C172
177	璞丽酒店	地址：沈阳人民大道340号（沈阳北）。联系电话：043-45476367 / 052-75126718。含自助早餐，菜品丰富。距车站步行 5 分钟，交通便利。	C172
178	锦江大酒店	地址：沈阳中心路183号（沈阳北）。联系电话：180-25965766。提供高速 Wi‑Fi 及 24 小时热水。周边 500 米内即是商场与美食街。设有地下停车场与充电桩。可手机自助入住，无接触开门。	C172
179	柏栎酒店	地址：沈阳迎宾大道343号（沈阳东）。联系电话：183-78371524。距车站步行 5 分钟，交通便利。酒店内有健身房和洗衣房，住客免费使用。周边 500 米内即是商场与美食街。设有地下停车场与充电桩。	C172
180	桔子度假酒店	地址：沈阳和平路114号（沈阳东）。联系电话：023-64653068 / 057-59621526。距车站步行 5 分钟，交通便利。周边 500 米内即是商场与美食街。	C172
181	花筑度假酒店	地址：沈阳和平路109号（沈阳南）。联系电话：194-96548092 / 038-78456064。设有地下停车场与充电桩。提供高速 Wi‑Fi 及 24 小时热水。含自助早餐，菜品丰富。	C172
182	枫叶宾馆	地址：沈阳中心路347号（沈阳南）。联系电话：043-21888601 / 191-56619766。酒店内有健身房和洗衣房，住客免费使用。客房配备记忆棉床垫，保证舒适睡眠。周边 500 米内即是商场与美食街。	C172
183	梅园大酒店	地址：沈阳中心路249号（沈阳南）。联系电话：155-95287221 / 150-31588265。部分房型可俯瞰城市天际线。酒店内有健身房和洗衣房，住客免费使用。距车站步行 5 分钟，交通便利。可手机自助入住，无接触开门。	C172
184	楠舍国际酒店	地址：沈阳解放路294号（沈阳南）。联系电话：183-87230056 / 053-49492059。周边 500 米内即是商场与美食街。提供高速 Wi‑Fi 及 24 小时热水。	C172
185	柏曼精品酒店	地址：太原建设路114号（太原北）。联系电话：010-27009778。前台多语言服务，支持行李寄存。客房配备记忆棉床垫，保证舒适睡眠。	C083
186	柏曼酒店	地址：太原迎宾大道376号（太原北）。联系电话：154-63769718 / 193-85936670。设有地下停车场与充电桩。提供高速 Wi‑Fi 及 24 小时热水。酒店内有健身房和洗衣房，住客免费使用。含自助早餐，菜品丰富。	C083
187	柏栎酒店	地址：太原中心路266号（太原北）。联系电话：156-83100153 / 137-88952500。距车站步行 5 分钟，交通便利。周边 500 米内即是商场与美食街。设有地下停车场与充电桩。客房配备记忆棉床垫，保证舒适睡眠。	C083
188	锦江度假酒店	地址：太原人民大道307号（太原东）。联系电话：053-27507804。提供高速 Wi‑Fi 及 24 小时热水。设有地下停车场与充电桩。周边 500 米内即是商场与美食街。部分房型可俯瞰城市天际线。	C083
189	璞丽酒店	地址：太原建设路48号（太原东）。联系电话：036-88060645。酒店内有健身房和洗衣房，住客免费使用。提供高速 Wi‑Fi 及 24 小时热水。距车站步行 5 分钟，交通便利。	C083
190	丽枫精品酒店	地址：太原迎宾大道175号（太原东）。联系电话：182-98170416。前台多语言服务，支持行李寄存。可手机自助入住，无接触开门。距车站步行 5 分钟，交通便利。含自助早餐，菜品丰富。	C083
191	沐兰大酒店	地址：太原和平路357号（太原东）。联系电话：018-47148396 / 131-93535734。设有地下停车场与充电桩。酒店内有健身房和洗衣房，住客免费使用。部分房型可俯瞰城市天际线。提供高速 Wi‑Fi 及 24 小时热水。	C083
192	枫叶宾馆	地址：太原建设路3号（太原）。联系电话：057-31779595。可手机自助入住，无接触开门。周边 500 米内即是商场与美食街。设有地下停车场与充电桩。含自助早餐，菜品丰富。	C083
193	丽枫度假酒店	地址：太原建设路358号（太原）。联系电话：040-46727855。可手机自助入住，无接触开门。提供高速 Wi‑Fi 及 24 小时热水。客房配备记忆棉床垫，保证舒适睡眠。设有地下停车场与充电桩。	C083
194	梅园国际酒店	地址：太原中心路214号（太原）。联系电话：022-47878388。可手机自助入住，无接触开门。设有地下停车场与充电桩。客房配备记忆棉床垫，保证舒适睡眠。	C083
195	花筑宾馆	地址：太原中心路66号（太原）。联系电话：155-73085863 / 157-13730067。可手机自助入住，无接触开门。周边 500 米内即是商场与美食街。	C083
196	柏曼国际酒店	地址：武汉人民大道28号（武汉）。联系电话：185-93800493。客房配备记忆棉床垫，保证舒适睡眠。前台多语言服务，支持行李寄存。	C164
197	桔子宾馆	地址：武汉和平路376号（武汉）。联系电话：185-81316410。前台多语言服务，支持行李寄存。客房配备记忆棉床垫，保证舒适睡眠。距车站步行 5 分钟，交通便利。	C164
198	沐兰精品酒店	地址：武汉和平路367号（武汉）。联系电话：035-83399975。酒店内有健身房和洗衣房，住客免费使用。提供高速 Wi‑Fi 及 24 小时热水。周边 500 米内即是商场与美食街。含自助早餐，菜品丰富。	C164
199	悦榕度假酒店	地址：武汉迎宾大道133号（武汉）。联系电话：019-65596600。距车站步行 5 分钟，交通便利。客房配备记忆棉床垫，保证舒适睡眠。	C164
200	花筑精品酒店	地址：昆明建设路38号（王家营西）。联系电话：132-79152546。酒店内有健身房和洗衣房，住客免费使用。设有地下停车场与充电桩。前台多语言服务，支持行李寄存。	C142
201	花筑宾馆	地址：昆明建设路312号（王家营西）。联系电话：130-46880846 / 047-31591711。周边 500 米内即是商场与美食街。客房配备记忆棉床垫，保证舒适睡眠。部分房型可俯瞰城市天际线。	C142
202	丽枫精品酒店	地址：乌鲁木齐朝阳街187号（乌鲁木齐）。联系电话：186-40376889。设有地下停车场与充电桩。前台多语言服务，支持行李寄存。酒店内有健身房和洗衣房，住客免费使用。距车站步行 5 分钟，交通便利。	C018
203	枫叶精品酒店	地址：乌鲁木齐迎宾大道127号（乌鲁木齐）。联系电话：057-33878232 / 133-23419796。可手机自助入住，无接触开门。客房配备记忆棉床垫，保证舒适睡眠。	C018
204	梅园酒店	地址：乌鲁木齐迎宾大道243号（乌鲁木齐）。联系电话：133-16671544 / 192-61933078。部分房型可俯瞰城市天际线。前台多语言服务，支持行李寄存。周边 500 米内即是商场与美食街。可手机自助入住，无接触开门。	C018
205	星程宾馆	地址：西安建设路195号（西安北）。联系电话：196-57022554 / 191-10829325。距车站步行 5 分钟，交通便利。周边 500 米内即是商场与美食街。	C246
206	月光国际酒店	地址：西安中心路287号（西安北）。联系电话：025-34605136 / 039-73381400。部分房型可俯瞰城市天际线。含自助早餐，菜品丰富。客房配备记忆棉床垫，保证舒适睡眠。	C246
207	柏曼精品酒店	地址：西安解放路190号（西安）。联系电话：187-28796012。前台多语言服务，支持行李寄存。含自助早餐，菜品丰富。	C246
208	云栖宾馆	地址：西安迎宾大道54号（西安）。联系电话：011-85799061。可手机自助入住，无接触开门。酒店内有健身房和洗衣房，住客免费使用。距车站步行 5 分钟，交通便利。含自助早餐，菜品丰富。	C246
209	柏曼国际酒店	地址：西安迎宾大道60号（西安）。联系电话：180-88409757 / 032-74217020。距车站步行 5 分钟，交通便利。周边 500 米内即是商场与美食街。部分房型可俯瞰城市天际线。设有地下停车场与充电桩。	C246
210	丽枫宾馆	地址：西安中心路4号（西安南）。联系电话：181-49040725。含自助早餐，菜品丰富。提供高速 Wi‑Fi 及 24 小时热水。客房配备记忆棉床垫，保证舒适睡眠。	C246
211	柏栎宾馆	地址：西安中心路72号（西安南）。联系电话：020-72342804。前台多语言服务，支持行李寄存。距车站步行 5 分钟，交通便利。酒店内有健身房和洗衣房，住客免费使用。周边 500 米内即是商场与美食街。	C246
212	璞丽酒店	地址：西安人民大道26号（西安南）。联系电话：036-61171931 / 027-45150318。前台多语言服务，支持行李寄存。含自助早餐，菜品丰富。	C246
213	楠舍度假酒店	地址：西宁建设路360号（西宁）。联系电话：190-38410779。设有地下停车场与充电桩。客房配备记忆棉床垫，保证舒适睡眠。	C245
214	枫叶精品酒店	地址：西宁迎宾大道382号（西宁）。联系电话：025-81302592。前台多语言服务，支持行李寄存。可手机自助入住，无接触开门。客房配备记忆棉床垫，保证舒适睡眠。	C245
215	云栖宾馆	地址：西宁迎宾大道187号（西宁）。联系电话：151-90041122 / 059-46097389。提供高速 Wi‑Fi 及 24 小时热水。可手机自助入住，无接触开门。部分房型可俯瞰城市天际线。周边 500 米内即是商场与美食街。	C245
216	星程国际酒店	地址：银川解放路311号（银川）。联系电话：055-88472870 / 036-62287617。周边 500 米内即是商场与美食街。设有地下停车场与充电桩。前台多语言服务，支持行李寄存。	C279
217	星程国际酒店	地址：银川建设路290号（银川）。联系电话：018-28656566 / 133-43029206。设有地下停车场与充电桩。周边 500 米内即是商场与美食街。	C279
218	花筑度假酒店	地址：郑州迎宾大道360号（郑州）。联系电话：041-77420474。提供高速 Wi‑Fi 及 24 小时热水。周边 500 米内即是商场与美食街。	C267
219	星程度假酒店	地址：郑州中心路124号（郑州）。联系电话：027-52913032 / 132-83086866。周边 500 米内即是商场与美食街。酒店内有健身房和洗衣房，住客免费使用。前台多语言服务，支持行李寄存。客房配备记忆棉床垫，保证舒适睡眠。	C267
220	锦江大酒店	地址：郑州朝阳街42号（郑州）。联系电话：049-33077287。周边 500 米内即是商场与美食街。提供高速 Wi‑Fi 及 24 小时热水。距车站步行 5 分钟，交通便利。	C267
221	雅致宾馆	地址：阿尔山迎宾大道118号（阿尔山）。联系电话：189-81818520 / 185-89764711。可手机自助入住，无接触开门。含自助早餐，菜品丰富。	C035
222	柏栎精品酒店	地址：阿尔山中心路107号（阿尔山）。联系电话：049-53729661。周边 500 米内即是商场与美食街。酒店内有健身房和洗衣房，住客免费使用。部分房型可俯瞰城市天际线。	C035
223	梅园宾馆	地址：阿尔山建设路129号（阿尔山）。联系电话：043-23506127。客房配备记忆棉床垫，保证舒适睡眠。酒店内有健身房和洗衣房，住客免费使用。含自助早餐，菜品丰富。	C035
224	雅致酒店	地址：安康中心路374号（安康）。联系电话：185-80788846。提供高速 Wi‑Fi 及 24 小时热水。含自助早餐，菜品丰富。	C090
225	碧桂酒店	地址：安康和平路271号（安康）。联系电话：181-52262177 / 197-36055977。酒店内有健身房和洗衣房，住客免费使用。客房配备记忆棉床垫，保证舒适睡眠。	C090
226	雅致酒店	地址：安康中心路280号（安康）。联系电话：137-98734100 / 037-48200962。酒店内有健身房和洗衣房，住客免费使用。可手机自助入住，无接触开门。距车站步行 5 分钟，交通便利。设有地下停车场与充电桩。	C090
227	雅致精品酒店	地址：阿克苏人民大道70号（阿克苏）。联系电话：052-24810953 / 194-85800805。含自助早餐，菜品丰富。周边 500 米内即是商场与美食街。距车站步行 5 分钟，交通便利。部分房型可俯瞰城市天际线。	C291
228	梅园酒店	地址：阿克苏迎宾大道311号（阿克苏）。联系电话：185-45430469 / 037-30904539。设有地下停车场与充电桩。客房配备记忆棉床垫，保证舒适睡眠。前台多语言服务，支持行李寄存。	C291
229	枫叶酒店	地址：阿克苏人民大道385号（阿克苏）。联系电话：018-54648343。前台多语言服务，支持行李寄存。设有地下停车场与充电桩。	C291
230	璞丽大酒店	地址：阿克苏朝阳街5号（阿克苏）。联系电话：180-98605937。周边 500 米内即是商场与美食街。距车站步行 5 分钟，交通便利。	C291
231	雅致大酒店	地址：鄂伦春自治旗朝阳街83号（阿里河）。联系电话：155-20970939 / 021-52947145。设有地下停车场与充电桩。提供高速 Wi‑Fi 及 24 小时热水。距车站步行 5 分钟，交通便利。	C060
232	楠舍国际酒店	地址：鄂伦春自治旗人民大道13号（阿里河）。联系电话：133-76388653 / 021-36228912。前台多语言服务，支持行李寄存。设有地下停车场与充电桩。含自助早餐，菜品丰富。距车站步行 5 分钟，交通便利。	C060
233	云栖酒店	地址：鄂伦春自治旗迎宾大道231号（阿里河）。联系电话：021-38102898 / 159-81493767。周边 500 米内即是商场与美食街。前台多语言服务，支持行李寄存。设有地下停车场与充电桩。	C060
234	柏曼酒店	地址：阿拉山口建设路7号（阿拉山口）。联系电话：186-51455366 / 043-28649782。客房配备记忆棉床垫，保证舒适睡眠。距车站步行 5 分钟，交通便利。可手机自助入住，无接触开门。周边 500 米内即是商场与美食街。	C049
235	柏栎酒店	地址：阿拉山口建设路198号（阿拉山口）。联系电话：047-48462780 / 011-72979253。酒店内有健身房和洗衣房，住客免费使用。周边 500 米内即是商场与美食街。	C049
236	锦江宾馆	地址：阿拉山口人民大道66号（阿拉山口）。联系电话：180-97163977。距车站步行 5 分钟，交通便利。提供高速 Wi‑Fi 及 24 小时热水。前台多语言服务，支持行李寄存。周边 500 米内即是商场与美食街。	C049
237	楠舍宾馆	地址：辽阳建设路307号（安平）。联系电话：130-67927695。部分房型可俯瞰城市天际线。含自助早餐，菜品丰富。前台多语言服务，支持行李寄存。距车站步行 5 分钟，交通便利。	C255
238	丽枫宾馆	地址：辽阳人民大道290号（安平）。联系电话：049-87597648 / 196-84731863。客房配备记忆棉床垫，保证舒适睡眠。距车站步行 5 分钟，交通便利。	C255
239	雅致精品酒店	地址：安庆和平路92号（安庆）。联系电话：158-53745581。含自助早餐，菜品丰富。提供高速 Wi‑Fi 及 24 小时热水。设有地下停车场与充电桩。部分房型可俯瞰城市天际线。	C089
240	月光精品酒店	地址：安庆人民大道238号（安庆）。联系电话：157-48528456。部分房型可俯瞰城市天际线。周边 500 米内即是商场与美食街。	C089
241	锦江酒店	地址：安顺和平路188号（安顺）。联系电话：021-46556047 / 039-20870481。提供高速 Wi‑Fi 及 24 小时热水。前台多语言服务，支持行李寄存。客房配备记忆棉床垫，保证舒适睡眠。	C092
242	沐兰大酒店	地址：安顺中心路169号（安顺）。联系电话：150-50192040。前台多语言服务，支持行李寄存。客房配备记忆棉床垫，保证舒适睡眠。距车站步行 5 分钟，交通便利。	C092
243	楠舍度假酒店	地址：安顺人民大道363号（安顺）。联系电话：157-66404272 / 050-73020701。部分房型可俯瞰城市天际线。设有地下停车场与充电桩。	C092
244	柏栎宾馆	地址：安顺迎宾大道229号（安顺）。联系电话：152-60945629 / 017-52471038。周边 500 米内即是商场与美食街。部分房型可俯瞰城市天际线。可手机自助入住，无接触开门。	C092
245	枫叶精品酒店	地址：鞍山朝阳街384号（鞍山）。联系电话：194-88630246 / 157-91188869。含自助早餐，菜品丰富。提供高速 Wi‑Fi 及 24 小时热水。	C298
246	碧桂精品酒店	地址：鞍山解放路230号（鞍山）。联系电话：158-92650945。含自助早餐，菜品丰富。酒店内有健身房和洗衣房，住客免费使用。部分房型可俯瞰城市天际线。	C298
247	悦榕度假酒店	地址：鞍山建设路142号（鞍山）。联系电话：020-44692347 / 198-80848584。提供高速 Wi‑Fi 及 24 小时热水。周边 500 米内即是商场与美食街。	C298
248	沐兰大酒店	地址：鞍山解放路142号（鞍山）。联系电话：034-30604782 / 013-42339629。周边 500 米内即是商场与美食街。客房配备记忆棉床垫，保证舒适睡眠。设有地下停车场与充电桩。	C298
249	梅园酒店	地址：安阳人民大道298号（安阳）。联系电话：189-97139351 / 025-63660494。提供高速 Wi‑Fi 及 24 小时热水。酒店内有健身房和洗衣房，住客免费使用。含自助早餐，菜品丰富。	C091
250	楠舍大酒店	地址：安阳中心路59号（安阳）。联系电话：024-53122324 / 197-38422408。酒店内有健身房和洗衣房，住客免费使用。提供高速 Wi‑Fi 及 24 小时热水。客房配备记忆棉床垫，保证舒适睡眠。	C091
251	梅园度假酒店	地址：安阳和平路82号（安阳）。联系电话：131-51424393。可手机自助入住，无接触开门。部分房型可俯瞰城市天际线。提供高速 Wi‑Fi 及 24 小时热水。客房配备记忆棉床垫，保证舒适睡眠。	C091
252	柏曼国际酒店	地址：安阳中心路95号（安阳）。联系电话：189-44553178。距车站步行 5 分钟，交通便利。客房配备记忆棉床垫，保证舒适睡眠。	C091
253	云栖国际酒店	地址：北安建设路359号（北安）。联系电话：195-68991931。距车站步行 5 分钟，交通便利。客房配备记忆棉床垫，保证舒适睡眠。部分房型可俯瞰城市天际线。含自助早餐，菜品丰富。	C310
254	星程宾馆	地址：北安建设路104号（北安）。联系电话：034-74770774。前台多语言服务，支持行李寄存。距车站步行 5 分钟，交通便利。周边 500 米内即是商场与美食街。	C310
255	璞丽国际酒店	地址：北安迎宾大道238号（北安）。联系电话：022-21697942 / 134-85430166。客房配备记忆棉床垫，保证舒适睡眠。酒店内有健身房和洗衣房，住客免费使用。前台多语言服务，支持行李寄存。	C310
256	沐兰宾馆	地址：北安人民大道71号（北安）。联系电话：021-32893396 / 197-77359795。可手机自助入住，无接触开门。距车站步行 5 分钟，交通便利。	C310
257	月光国际酒店	地址：蚌埠人民大道290号（蚌埠）。联系电话：185-97372556 / 010-67028539。可手机自助入住，无接触开门。周边 500 米内即是商场与美食街。	C240
258	梅园大酒店	地址：蚌埠迎宾大道195号（蚌埠）。联系电话：188-52804974 / 022-63418387。含自助早餐，菜品丰富。提供高速 Wi‑Fi 及 24 小时热水。前台多语言服务，支持行李寄存。	C240
259	锦江大酒店	地址：白城解放路53号（白城）。联系电话：132-77335136 / 058-60888393。距车站步行 5 分钟，交通便利。提供高速 Wi‑Fi 及 24 小时热水。前台多语言服务，支持行李寄存。部分房型可俯瞰城市天际线。	C211
260	雅致度假酒店	地址：白城解放路267号（白城）。联系电话：048-63209780。可手机自助入住，无接触开门。前台多语言服务，支持行李寄存。	C211
261	璞丽酒店	地址：白城迎宾大道173号（白城）。联系电话：137-49489495。周边 500 米内即是商场与美食街。客房配备记忆棉床垫，保证舒适睡眠。	C211
262	丽枫大酒店	地址：北海建设路189号（北海）。联系电话：017-43614216 / 042-43755651。部分房型可俯瞰城市天际线。酒店内有健身房和洗衣房，住客免费使用。含自助早餐，菜品丰富。	C040
263	桔子大酒店	地址：北海和平路198号（北海）。联系电话：132-73320773。酒店内有健身房和洗衣房，住客免费使用。设有地下停车场与充电桩。客房配备记忆棉床垫，保证舒适睡眠。可手机自助入住，无接触开门。	C040
264	花筑国际酒店	地址：北海建设路273号（北海）。联系电话：181-20989838。可手机自助入住，无接触开门。酒店内有健身房和洗衣房，住客免费使用。提供高速 Wi‑Fi 及 24 小时热水。	C040
265	柏栎精品酒店	地址：北海人民大道238号（北海）。联系电话：038-67057009 / 138-15224906。可手机自助入住，无接触开门。设有地下停车场与充电桩。提供高速 Wi‑Fi 及 24 小时热水。前台多语言服务，支持行李寄存。	C040
266	碧桂酒店	地址：安图县和平路79号（白河）。联系电话：198-24292567 / 185-35609140。客房配备记忆棉床垫，保证舒适睡眠。前台多语言服务，支持行李寄存。酒店内有健身房和洗衣房，住客免费使用。距车站步行 5 分钟，交通便利。	C116
267	梅园精品酒店	地址：安图县建设路304号（白河）。联系电话：199-98401019。前台多语言服务，支持行李寄存。距车站步行 5 分钟，交通便利。酒店内有健身房和洗衣房，住客免费使用。周边 500 米内即是商场与美食街。	C116
268	雅致精品酒店	地址：涞水县和平路190号（白涧）。联系电话：057-47308896。部分房型可俯瞰城市天际线。距车站步行 5 分钟，交通便利。	C027
269	月光度假酒店	地址：涞水县朝阳街375号（白涧）。联系电话：150-94313484。距车站步行 5 分钟，交通便利。部分房型可俯瞰城市天际线。前台多语言服务，支持行李寄存。	C027
270	月光大酒店	地址：涞水县迎宾大道213号（白涧）。联系电话：020-65755567 / 130-42977171。可手机自助入住，无接触开门。部分房型可俯瞰城市天际线。设有地下停车场与充电桩。	C027
271	星程大酒店	地址：涞水县人民大道261号（白涧）。联系电话：033-39738877 / 020-69959816。距车站步行 5 分钟，交通便利。含自助早餐，菜品丰富。周边 500 米内即是商场与美食街。	C027
272	悦榕宾馆	地址：宝鸡人民大道34号（宝鸡）。联系电话：026-41170135。客房配备记忆棉床垫，保证舒适睡眠。可手机自助入住，无接触开门。提供高速 Wi‑Fi 及 24 小时热水。	C097
273	悦榕大酒店	地址：宝鸡解放路215号（宝鸡）。联系电话：196-69013028 / 139-50291375。距车站步行 5 分钟，交通便利。酒店内有健身房和洗衣房，住客免费使用。前台多语言服务，支持行李寄存。可手机自助入住，无接触开门。	C097
274	桔子酒店	地址：宝鸡迎宾大道339号（宝鸡）。联系电话：133-12961918。前台多语言服务，支持行李寄存。客房配备记忆棉床垫，保证舒适睡眠。	C097
275	璞丽酒店	地址：宝鸡中心路319号（宝鸡）。联系电话：194-10108662 / 193-34747433。设有地下停车场与充电桩。提供高速 Wi‑Fi 及 24 小时热水。含自助早餐，菜品丰富。	C097
276	柏栎精品酒店	地址：哈尔滨迎宾大道313号（滨江）。联系电话：053-60229585。提供高速 Wi‑Fi 及 24 小时热水。含自助早餐，菜品丰富。距车站步行 5 分钟，交通便利。	C066
277	柏栎精品酒店	地址：哈尔滨和平路371号（滨江）。联系电话：047-38847808 / 058-52984366。前台多语言服务，支持行李寄存。提供高速 Wi‑Fi 及 24 小时热水。	C066
278	锦江酒店	地址：哈尔滨解放路107号（滨江）。联系电话：184-95009404 / 017-40867442。提供高速 Wi‑Fi 及 24 小时热水。前台多语言服务，支持行李寄存。部分房型可俯瞰城市天际线。	C066
279	楠舍国际酒店	地址：牙克石和平路283号（博克图）。联系电话：195-45057344 / 037-58722450。提供高速 Wi‑Fi 及 24 小时热水。距车站步行 5 分钟，交通便利。部分房型可俯瞰城市天际线。客房配备记忆棉床垫，保证舒适睡眠。	C060
280	沐兰酒店	地址：牙克石迎宾大道237号（博克图）。联系电话：018-42086176 / 044-20032345。周边 500 米内即是商场与美食街。设有地下停车场与充电桩。部分房型可俯瞰城市天际线。	C060
281	沐兰精品酒店	地址：百色迎宾大道288号（百色）。联系电话：153-46959230 / 139-75220983。距车站步行 5 分钟，交通便利。可手机自助入住，无接触开门。设有地下停车场与充电桩。	C214
282	丽枫国际酒店	地址：百色建设路211号（百色）。联系电话：028-66883560。距车站步行 5 分钟，交通便利。酒店内有健身房和洗衣房，住客免费使用。周边 500 米内即是商场与美食街。客房配备记忆棉床垫，保证舒适睡眠。	C214
283	悦榕大酒店	地址：百色建设路207号（百色）。联系电话：130-62747711 / 032-72774485。周边 500 米内即是商场与美食街。距车站步行 5 分钟，交通便利。含自助早餐，菜品丰富。	C214
284	雅致宾馆	地址：百色和平路94号（百色）。联系电话：194-31745132 / 195-31368293。含自助早餐，菜品丰富。周边 500 米内即是商场与美食街。部分房型可俯瞰城市天际线。酒店内有健身房和洗衣房，住客免费使用。	C214
285	丽枫国际酒店	地址：白山人民大道215号（白山市）。联系电话：133-76430550 / 151-82539818。前台多语言服务，支持行李寄存。设有地下停车场与充电桩。客房配备记忆棉床垫，保证舒适睡眠。酒店内有健身房和洗衣房，住客免费使用。	C212
286	锦江度假酒店	地址：白山和平路349号（白山市）。联系电话：034-58950426。可手机自助入住，无接触开门。周边 500 米内即是商场与美食街。客房配备记忆棉床垫，保证舒适睡眠。距车站步行 5 分钟，交通便利。	C212
287	月光度假酒店	地址：白山解放路287号（白山市）。联系电话：187-83377147。含自助早餐，菜品丰富。前台多语言服务，支持行李寄存。	C212
288	沐兰国际酒店	地址：白山解放路175号（白山市）。联系电话：150-74774526 / 194-97431137。部分房型可俯瞰城市天际线。客房配备记忆棉床垫，保证舒适睡眠。	C212
289	丽枫大酒店	地址：本溪和平路303号（北台）。联系电话：137-92073362 / 024-55737282。酒店内有健身房和洗衣房，住客免费使用。可手机自助入住，无接触开门。	C151
290	花筑大酒店	地址：本溪人民大道117号（北台）。联系电话：194-98984853。提供高速 Wi‑Fi 及 24 小时热水。可手机自助入住，无接触开门。	C151
291	悦榕国际酒店	地址：本溪迎宾大道328号（北台）。联系电话：013-30402060 / 013-87324025。部分房型可俯瞰城市天际线。提供高速 Wi‑Fi 及 24 小时热水。可手机自助入住，无接触开门。	C151
292	星程国际酒店	地址：包头中心路232号（包头东）。联系电话：058-56308686 / 024-52639931。客房配备记忆棉床垫，保证舒适睡眠。可手机自助入住，无接触开门。周边 500 米内即是商场与美食街。距车站步行 5 分钟，交通便利。	C038
293	悦榕精品酒店	地址：包头人民大道51号（包头东）。联系电话：046-30009385 / 038-30717620。酒店内有健身房和洗衣房，住客免费使用。前台多语言服务，支持行李寄存。提供高速 Wi‑Fi 及 24 小时热水。	C038
294	楠舍精品酒店	地址：包头人民大道92号（包头东）。联系电话：153-75777078 / 186-43720454。酒店内有健身房和洗衣房，住客免费使用。周边 500 米内即是商场与美食街。含自助早餐，菜品丰富。	C038
295	月光国际酒店	地址：包头建设路275号（包头东）。联系电话：020-68060250 / 139-15014671。前台多语言服务，支持行李寄存。周边 500 米内即是商场与美食街。酒店内有健身房和洗衣房，住客免费使用。可手机自助入住，无接触开门。	C038
296	桔子精品酒店	地址：包头迎宾大道255号（包头）。联系电话：150-86241801。酒店内有健身房和洗衣房，住客免费使用。设有地下停车场与充电桩。周边 500 米内即是商场与美食街。	C038
297	柏栎大酒店	地址：包头建设路368号（包头）。联系电话：012-54114382 / 011-52182652。周边 500 米内即是商场与美食街。设有地下停车场与充电桩。部分房型可俯瞰城市天际线。酒店内有健身房和洗衣房，住客免费使用。	C038
298	锦江精品酒店	地址：阿勒泰人民大道333号（北屯市）。联系电话：029-20856539。客房配备记忆棉床垫，保证舒适睡眠。部分房型可俯瞰城市天际线。	C292
299	柏曼酒店	地址：阿勒泰人民大道220号（北屯市）。联系电话：024-57134435。设有地下停车场与充电桩。前台多语言服务，支持行李寄存。酒店内有健身房和洗衣房，住客免费使用。部分房型可俯瞰城市天际线。	C292
300	悦榕宾馆	地址：阿勒泰迎宾大道154号（北屯市）。联系电话：059-28848618。酒店内有健身房和洗衣房，住客免费使用。前台多语言服务，支持行李寄存。可手机自助入住，无接触开门。	C292
301	月光精品酒店	地址：本溪迎宾大道167号（本溪）。联系电话：191-59573627。周边 500 米内即是商场与美食街。距车站步行 5 分钟，交通便利。	C151
302	碧桂酒店	地址：本溪中心路358号（本溪）。联系电话：049-27703380。酒店内有健身房和洗衣房，住客免费使用。含自助早餐，菜品丰富。	C151
303	碧桂国际酒店	地址：本溪朝阳街43号（本溪）。联系电话：037-34775922 / 016-31183466。设有地下停车场与充电桩。前台多语言服务，支持行李寄存。酒店内有健身房和洗衣房，住客免费使用。距车站步行 5 分钟，交通便利。	C151
304	柏曼国际酒店	地址：包头中心路157号（白云鄂博）。联系电话：041-69167921 / 017-45495620。提供高速 Wi‑Fi 及 24 小时热水。酒店内有健身房和洗衣房，住客免费使用。设有地下停车场与充电桩。部分房型可俯瞰城市天际线。	C038
305	花筑宾馆	地址：包头朝阳街46号（白云鄂博）。联系电话：028-89132218 / 193-51570306。含自助早餐，菜品丰富。提供高速 Wi‑Fi 及 24 小时热水。前台多语言服务，支持行李寄存。	C038
306	月光精品酒店	地址：包头迎宾大道363号（白云鄂博）。联系电话：180-88625542 / 199-19983078。部分房型可俯瞰城市天际线。可手机自助入住，无接触开门。	C038
307	碧桂国际酒店	地址：白银建设路248号（白银西）。联系电话：020-24423968 / 186-11703498。客房配备记忆棉床垫，保证舒适睡眠。可手机自助入住，无接触开门。提供高速 Wi‑Fi 及 24 小时热水。	C213
308	月光国际酒店	地址：白银解放路385号（白银西）。联系电话：058-85104223 / 154-55200511。可手机自助入住，无接触开门。客房配备记忆棉床垫，保证舒适睡眠。周边 500 米内即是商场与美食街。	C213
309	桔子酒店	地址：白银建设路194号（白银西）。联系电话：019-33270472 / 183-74876360。可手机自助入住，无接触开门。距车站步行 5 分钟，交通便利。	C213
310	柏曼大酒店	地址：白银中心路76号（白银西）。联系电话：135-98926949。可手机自助入住，无接触开门。客房配备记忆棉床垫，保证舒适睡眠。酒店内有健身房和洗衣房，住客免费使用。提供高速 Wi‑Fi 及 24 小时热水。	C213
311	花筑宾馆	地址：亳州人民大道261号（亳州）。联系电话：015-70494115。距车站步行 5 分钟，交通便利。设有地下停车场与充电桩。含自助早餐，菜品丰富。	C022
312	锦江度假酒店	地址：亳州迎宾大道110号（亳州）。联系电话：054-60947268。酒店内有健身房和洗衣房，住客免费使用。设有地下停车场与充电桩。	C022
313	枫叶酒店	地址：赤壁朝阳街344号（赤壁）。联系电话：027-52787184 / 190-85169086。客房配备记忆棉床垫，保证舒适睡眠。设有地下停车场与充电桩。	C063
314	锦江宾馆	地址：赤壁中心路265号（赤壁）。联系电话：029-25210325。距车站步行 5 分钟，交通便利。周边 500 米内即是商场与美食街。设有地下停车场与充电桩。酒店内有健身房和洗衣房，住客免费使用。	C063
315	悦榕大酒店	地址：赤壁建设路132号（赤壁）。联系电话：046-72278338。部分房型可俯瞰城市天际线。客房配备记忆棉床垫，保证舒适睡眠。前台多语言服务，支持行李寄存。距车站步行 5 分钟，交通便利。	C063
316	枫叶度假酒店	地址：赤壁建设路192号（赤壁）。联系电话：042-71731481 / 156-14439623。客房配备记忆棉床垫，保证舒适睡眠。含自助早餐，菜品丰富。	C063
317	云栖大酒店	地址：常德建设路380号（常德）。联系电话：137-83721535。含自助早餐，菜品丰富。提供高速 Wi‑Fi 及 24 小时热水。距车站步行 5 分钟，交通便利。前台多语言服务，支持行李寄存。	C107
318	沐兰度假酒店	地址：常德建设路362号（常德）。联系电话：032-89637039。客房配备记忆棉床垫，保证舒适睡眠。周边 500 米内即是商场与美食街。	C107
319	丽枫精品酒店	地址：常德解放路287号（常德）。联系电话：026-85481992。客房配备记忆棉床垫，保证舒适睡眠。可手机自助入住，无接触开门。设有地下停车场与充电桩。酒店内有健身房和洗衣房，住客免费使用。	C107
320	花筑宾馆	地址：常德人民大道201号（常德）。联系电话：041-57687227。前台多语言服务，支持行李寄存。提供高速 Wi‑Fi 及 24 小时热水。可手机自助入住，无接触开门。	C107
321	梅园宾馆	地址：承德建设路242号（承德）。联系电话：188-92732380。部分房型可俯瞰城市天际线。客房配备记忆棉床垫，保证舒适睡眠。前台多语言服务，支持行李寄存。	C130
322	沐兰度假酒店	地址：承德人民大道224号（承德）。联系电话：024-32889315。设有地下停车场与充电桩。客房配备记忆棉床垫，保证舒适睡眠。含自助早餐，菜品丰富。	C130
323	月光精品酒店	地址：宽甸满族自治县解放路145号（长甸）。联系电话：052-47898110 / 138-17895549。周边 500 米内即是商场与美食街。设有地下停车场与充电桩。部分房型可俯瞰城市天际线。酒店内有健身房和洗衣房，住客免费使用。	C013
324	梅园酒店	地址：宽甸满族自治县解放路5号（长甸）。联系电话：035-78638769 / 020-50229046。前台多语言服务，支持行李寄存。周边 500 米内即是商场与美食街。可手机自助入住，无接触开门。	C013
325	云栖精品酒店	地址：宽甸满族自治县建设路172号（长甸）。联系电话：055-57796941 / 035-33539661。设有地下停车场与充电桩。提供高速 Wi‑Fi 及 24 小时热水。距车站步行 5 分钟，交通便利。部分房型可俯瞰城市天际线。	C013
326	柏曼度假酒店	地址：宽甸满族自治县迎宾大道203号（长甸）。联系电话：019-54529055。提供高速 Wi‑Fi 及 24 小时热水。距车站步行 5 分钟，交通便利。	C013
327	悦榕宾馆	地址：赤峰中心路132号（赤峰）。联系电话：034-57317930。客房配备记忆棉床垫，保证舒适睡眠。周边 500 米内即是商场与美食街。前台多语言服务，支持行李寄存。	C253
328	梅园度假酒店	地址：赤峰迎宾大道98号（赤峰）。联系电话：010-70486841 / 183-82494533。可手机自助入住，无接触开门。周边 500 米内即是商场与美食街。	C253
329	碧桂大酒店	地址：赤峰迎宾大道343号（赤峰）。联系电话：046-33726931。周边 500 米内即是商场与美食街。客房配备记忆棉床垫，保证舒适睡眠。	C253
330	柏曼度假酒店	地址：株洲朝阳街394号（茶陵）。联系电话：158-12415486。距车站步行 5 分钟，交通便利。客房配备记忆棉床垫，保证舒适睡眠。提供高速 Wi‑Fi 及 24 小时热水。酒店内有健身房和洗衣房，住客免费使用。	C157
331	碧桂宾馆	地址：株洲建设路79号（茶陵）。联系电话：016-43012122 / 056-85741795。含自助早餐，菜品丰富。提供高速 Wi‑Fi 及 24 小时热水。	C157
332	星程度假酒店	地址：株洲朝阳街346号（茶陵）。联系电话：187-37349311。含自助早餐，菜品丰富。周边 500 米内即是商场与美食街。	C157
333	云栖精品酒店	地址：温州中心路241号（苍南）。联系电话：031-41646117。提供高速 Wi‑Fi 及 24 小时热水。距车站步行 5 分钟，交通便利。部分房型可俯瞰城市天际线。	C192
334	云栖度假酒店	地址：温州中心路128号（苍南）。联系电话：132-57026616。客房配备记忆棉床垫，保证舒适睡眠。含自助早餐，菜品丰富。可手机自助入住，无接触开门。	C192
335	梅园酒店	地址：温州解放路56号（苍南）。联系电话：195-73808357。前台多语言服务，支持行李寄存。客房配备记忆棉床垫，保证舒适睡眠。提供高速 Wi‑Fi 及 24 小时热水。部分房型可俯瞰城市天际线。	C192
336	雅致酒店	地址：北京迎宾大道189号（昌平）。联系电话：154-98821481。前台多语言服务，支持行李寄存。周边 500 米内即是商场与美食街。	C039
337	桔子度假酒店	地址：北京迎宾大道396号（昌平）。联系电话：042-88087277。提供高速 Wi‑Fi 及 24 小时热水。部分房型可俯瞰城市天际线。客房配备记忆棉床垫，保证舒适睡眠。	C039
338	星程度假酒店	地址：北京和平路191号（昌平）。联系电话：159-39463451 / 012-51709411。提供高速 Wi‑Fi 及 24 小时热水。设有地下停车场与充电桩。	C039
339	柏栎宾馆	地址：崇仁县建设路205号（崇仁）。联系电话：054-31939842。部分房型可俯瞰城市天际线。酒店内有健身房和洗衣房，住客免费使用。	C131
340	柏曼酒店	地址：崇仁县建设路305号（崇仁）。联系电话：131-66178783。可手机自助入住，无接触开门。酒店内有健身房和洗衣房，住客免费使用。含自助早餐，菜品丰富。	C131
341	丽枫酒店	地址：崇仁县中心路270号（崇仁）。联系电话：135-82263760。酒店内有健身房和洗衣房，住客免费使用。距车站步行 5 分钟，交通便利。设有地下停车场与充电桩。	C131
342	楠舍度假酒店	地址：昌图县中心路382号（昌图）。联系电话：019-30010583。距车站步行 5 分钟，交通便利。提供高速 Wi‑Fi 及 24 小时热水。	C276
343	花筑度假酒店	地址：昌图县建设路291号（昌图）。联系电话：042-34065411。前台多语言服务，支持行李寄存。含自助早餐，菜品丰富。	C276
344	悦榕度假酒店	地址：海林解放路273号（长汀镇）。联系电话：198-53142422 / 032-63958861。前台多语言服务，支持行李寄存。提供高速 Wi‑Fi 及 24 小时热水。	C207
345	云栖度假酒店	地址：海林中心路102号（长汀镇）。联系电话：017-51436309 / 030-52693198。部分房型可俯瞰城市天际线。周边 500 米内即是商场与美食街。设有地下停车场与充电桩。	C207
346	锦江精品酒店	地址：海林朝阳街11号（长汀镇）。联系电话：189-83046328。部分房型可俯瞰城市天际线。提供高速 Wi‑Fi 及 24 小时热水。	C207
347	锦江宾馆	地址：海林和平路133号（长汀镇）。联系电话：184-91362287 / 049-28014944。可手机自助入住，无接触开门。距车站步行 5 分钟，交通便利。部分房型可俯瞰城市天际线。	C207
348	枫叶度假酒店	地址：曹县和平路205号（曹县）。联系电话：195-98456671。设有地下停车场与充电桩。可手机自助入住，无接触开门。距车站步行 5 分钟，交通便利。提供高速 Wi‑Fi 及 24 小时热水。	C236
349	云栖大酒店	地址：曹县朝阳街137号（曹县）。联系电话：058-83257292 / 138-31900851。提供高速 Wi‑Fi 及 24 小时热水。设有地下停车场与充电桩。前台多语言服务，支持行李寄存。客房配备记忆棉床垫，保证舒适睡眠。	C236
350	花筑酒店	地址：楚雄朝阳街282号（楚雄南）。联系电话：059-88163220 / 044-78290082。周边 500 米内即是商场与美食街。前台多语言服务，支持行李寄存。	C161
351	柏栎酒店	地址：楚雄人民大道14号（楚雄南）。联系电话：130-46029800 / 025-87425828。部分房型可俯瞰城市天际线。周边 500 米内即是商场与美食街。酒店内有健身房和洗衣房，住客免费使用。	C161
352	花筑国际酒店	地址：沈阳建设路103号（陈相屯）。联系电话：031-52327879。设有地下停车场与充电桩。酒店内有健身房和洗衣房，住客免费使用。客房配备记忆棉床垫，保证舒适睡眠。可手机自助入住，无接触开门。	C172
353	楠舍度假酒店	地址：沈阳朝阳街167号（陈相屯）。联系电话：016-75296928 / 134-97507223。前台多语言服务，支持行李寄存。可手机自助入住，无接触开门。酒店内有健身房和洗衣房，住客免费使用。	C172
354	沐兰宾馆	地址：沈阳迎宾大道289号（陈相屯）。联系电话：059-84201012。设有地下停车场与充电桩。距车站步行 5 分钟，交通便利。	C172
355	悦榕宾馆	地址：沈阳朝阳街316号（陈相屯）。联系电话：025-36279188。前台多语言服务，支持行李寄存。设有地下停车场与充电桩。部分房型可俯瞰城市天际线。	C172
356	柏栎精品酒店	地址：长治解放路65号（长治北）。联系电话：040-61043503。可手机自助入住，无接触开门。提供高速 Wi‑Fi 及 24 小时热水。	C285
357	悦榕国际酒店	地址：长治建设路399号（长治北）。联系电话：150-51545156。距车站步行 5 分钟，交通便利。可手机自助入住，无接触开门。含自助早餐，菜品丰富。酒店内有健身房和洗衣房，住客免费使用。	C285
358	花筑国际酒店	地址：长治迎宾大道129号（长治北）。联系电话：038-43908468 / 017-38252567。可手机自助入住，无接触开门。周边 500 米内即是商场与美食街。含自助早餐，菜品丰富。距车站步行 5 分钟，交通便利。	C285
359	星程宾馆	地址：长治人民大道378号（长治北）。联系电话：029-32366404。部分房型可俯瞰城市天际线。客房配备记忆棉床垫，保证舒适睡眠。周边 500 米内即是商场与美食街。设有地下停车场与充电桩。	C285
360	楠舍度假酒店	地址：池州朝阳街244号（池州）。联系电话：013-72606631。含自助早餐，菜品丰富。酒店内有健身房和洗衣房，住客免费使用。部分房型可俯瞰城市天际线。	C171
361	悦榕酒店	地址：池州解放路374号（池州）。联系电话：133-26536466 / 150-68011368。设有地下停车场与充电桩。周边 500 米内即是商场与美食街。	C171
362	梅园酒店	地址：白银解放路358号（长征）。联系电话：131-62226682 / 181-82293168。距车站步行 5 分钟，交通便利。酒店内有健身房和洗衣房，住客免费使用。	C213
363	月光精品酒店	地址：白银朝阳街183号（长征）。联系电话：131-85288185。设有地下停车场与充电桩。前台多语言服务，支持行李寄存。	C213
364	云栖度假酒店	地址：白银人民大道276号（长征）。联系电话：014-66262586。前台多语言服务，支持行李寄存。提供高速 Wi‑Fi 及 24 小时热水。周边 500 米内即是商场与美食街。部分房型可俯瞰城市天际线。	C213
365	枫叶宾馆	地址：常州迎宾大道33号（常州）。联系电话：133-29123249 / 037-46228338。提供高速 Wi‑Fi 及 24 小时热水。前台多语言服务，支持行李寄存。	C106
366	沐兰宾馆	地址：常州建设路97号（常州）。联系电话：154-94696598 / 019-50707952。提供高速 Wi‑Fi 及 24 小时热水。含自助早餐，菜品丰富。	C106
367	沐兰精品酒店	地址：常州迎宾大道113号（常州）。联系电话：038-85683212 / 153-71610684。含自助早餐，菜品丰富。设有地下停车场与充电桩。距车站步行 5 分钟，交通便利。	C106
368	花筑度假酒店	地址：常州解放路171号（常州）。联系电话：031-29565024。距车站步行 5 分钟，交通便利。客房配备记忆棉床垫，保证舒适睡眠。	C106
369	星程度假酒店	地址：郴州中心路270号（郴州）。联系电话：049-65376899 / 024-79678419。距车站步行 5 分钟，交通便利。含自助早餐，菜品丰富。设有地下停车场与充电桩。	C268
370	梅园国际酒店	地址：郴州解放路167号（郴州）。联系电话：021-81125932 / 158-39958645。部分房型可俯瞰城市天际线。周边 500 米内即是商场与美食街。含自助早餐，菜品丰富。提供高速 Wi‑Fi 及 24 小时热水。	C268
371	雅致度假酒店	地址：长治朝阳街305号（长治）。联系电话：188-64987453。周边 500 米内即是商场与美食街。客房配备记忆棉床垫，保证舒适睡眠。酒店内有健身房和洗衣房，住客免费使用。部分房型可俯瞰城市天际线。	C285
372	沐兰宾馆	地址：长治解放路371号（长治）。联系电话：137-20208594。设有地下停车场与充电桩。酒店内有健身房和洗衣房，住客免费使用。周边 500 米内即是商场与美食街。	C285
373	悦榕精品酒店	地址：长治和平路381号（长治）。联系电话：028-73267608 / 047-82771906。酒店内有健身房和洗衣房，住客免费使用。提供高速 Wi‑Fi 及 24 小时热水。部分房型可俯瞰城市天际线。	C285
374	锦江度假酒店	地址：沧州建设路345号（沧州）。联系电话：192-69786466。酒店内有健身房和洗衣房，住客免费使用。前台多语言服务，支持行李寄存。部分房型可俯瞰城市天际线。含自助早餐，菜品丰富。	C173
375	星程酒店	地址：沧州建设路156号（沧州）。联系电话：018-43496502。设有地下停车场与充电桩。提供高速 Wi‑Fi 及 24 小时热水。酒店内有健身房和洗衣房，住客免费使用。客房配备记忆棉床垫，保证舒适睡眠。	C173
376	悦榕度假酒店	地址：崇左和平路303号（崇左）。联系电话：017-53748539 / 184-59620956。前台多语言服务，支持行李寄存。含自助早餐，菜品丰富。设有地下停车场与充电桩。提供高速 Wi‑Fi 及 24 小时热水。	C102
377	丽枫宾馆	地址：崇左朝阳街243号（崇左）。联系电话：188-31761562。可手机自助入住，无接触开门。部分房型可俯瞰城市天际线。客房配备记忆棉床垫，保证舒适睡眠。	C102
378	星程国际酒店	地址：崇左和平路236号（崇左）。联系电话：132-35394884。可手机自助入住，无接触开门。含自助早餐，菜品丰富。	C102
379	悦榕酒店	地址：大安建设路123号（大安北）。联系电话：019-23256383。周边 500 米内即是商场与美食街。设有地下停车场与充电桩。客房配备记忆棉床垫，保证舒适睡眠。距车站步行 5 分钟，交通便利。	C211
380	丽枫国际酒店	地址：大安和平路234号（大安北）。联系电话：021-74299162。距车站步行 5 分钟，交通便利。周边 500 米内即是商场与美食街。部分房型可俯瞰城市天际线。可手机自助入住，无接触开门。	C211
381	桔子酒店	地址：沈阳中心路314号（大成）。联系电话：048-42554610 / 153-13461099。周边 500 米内即是商场与美食街。提供高速 Wi‑Fi 及 24 小时热水。距车站步行 5 分钟，交通便利。部分房型可俯瞰城市天际线。	C172
382	云栖度假酒店	地址：沈阳人民大道142号（大成）。联系电话：035-53114136。酒店内有健身房和洗衣房，住客免费使用。客房配备记忆棉床垫，保证舒适睡眠。	C172
383	楠舍精品酒店	地址：沈阳解放路394号（大成）。联系电话：150-17447639 / 151-96854203。提供高速 Wi‑Fi 及 24 小时热水。周边 500 米内即是商场与美食街。可手机自助入住，无接触开门。	C172
384	月光酒店	地址：丹东中心路393号（丹东）。联系电话：020-56974486。提供高速 Wi‑Fi 及 24 小时热水。可手机自助入住，无接触开门。前台多语言服务，支持行李寄存。	C013
385	锦江精品酒店	地址：丹东朝阳街160号（丹东）。联系电话：199-74974498 / 152-71911795。酒店内有健身房和洗衣房，住客免费使用。可手机自助入住，无接触开门。含自助早餐，菜品丰富。	C013
386	星程精品酒店	地址：虎林中心路339号（东方红）。联系电话：037-35915073。距车站步行 5 分钟，交通便利。酒店内有健身房和洗衣房，住客免费使用。客房配备记忆棉床垫，保证舒适睡眠。部分房型可俯瞰城市天际线。	C303
387	璞丽国际酒店	地址：虎林建设路150号（东方红）。联系电话：055-87516613 / 042-39244077。酒店内有健身房和洗衣房，住客免费使用。含自助早餐，菜品丰富。前台多语言服务，支持行李寄存。	C303
388	花筑精品酒店	地址：东莞迎宾大道392号（东莞东）。联系电话：015-43512407。前台多语言服务，支持行李寄存。可手机自助入住，无接触开门。	C007
389	星程度假酒店	地址：东莞人民大道234号（东莞东）。联系电话：180-64954637 / 188-87243236。周边 500 米内即是商场与美食街。含自助早餐，菜品丰富。提供高速 Wi‑Fi 及 24 小时热水。前台多语言服务，支持行李寄存。	C007
390	梅园国际酒店	地址：东莞中心路263号（东莞东）。联系电话：189-92182489 / 015-72256533。客房配备记忆棉床垫，保证舒适睡眠。含自助早餐，菜品丰富。酒店内有健身房和洗衣房，住客免费使用。距车站步行 5 分钟，交通便利。	C007
391	丽枫精品酒店	地址：黑山县迎宾大道380号（大虎山）。联系电话：185-18739747。客房配备记忆棉床垫，保证舒适睡眠。酒店内有健身房和洗衣房，住客免费使用。	C281
392	沐兰度假酒店	地址：黑山县迎宾大道45号（大虎山）。联系电话：035-61677702。可手机自助入住，无接触开门。含自助早餐，菜品丰富。	C281
393	枫叶宾馆	地址：黑山县和平路307号（大虎山）。联系电话：025-89332098。客房配备记忆棉床垫，保证舒适睡眠。部分房型可俯瞰城市天际线。酒店内有健身房和洗衣房，住客免费使用。周边 500 米内即是商场与美食街。	C281
394	雅致宾馆	地址：黑山县解放路315号（大虎山）。联系电话：041-47085579 / 131-83446432。提供高速 Wi‑Fi 及 24 小时热水。前台多语言服务，支持行李寄存。	C281
395	丽枫酒店	地址：敦化人民大道277号（敦化）。联系电话：199-20861059。酒店内有健身房和洗衣房，住客免费使用。设有地下停车场与充电桩。部分房型可俯瞰城市天际线。	C116
396	枫叶宾馆	地址：敦化人民大道384号（敦化）。联系电话：185-49322349 / 026-81497669。距车站步行 5 分钟，交通便利。设有地下停车场与充电桩。	C116
397	楠舍国际酒店	地址：敦化朝阳街93号（敦化）。联系电话：013-44478748。客房配备记忆棉床垫，保证舒适睡眠。周边 500 米内即是商场与美食街。前台多语言服务，支持行李寄存。	C116
398	月光大酒店	地址：敦化迎宾大道130号（敦化）。联系电话：187-45079151 / 180-72265255。周边 500 米内即是商场与美食街。客房配备记忆棉床垫，保证舒适睡眠。	C116
399	悦榕国际酒店	地址：敦煌朝阳街83号（敦煌）。联系电话：020-34284399 / 136-47878853。可手机自助入住，无接触开门。客房配备记忆棉床垫，保证舒适睡眠。距车站步行 5 分钟，交通便利。	C271
400	锦江大酒店	地址：敦煌人民大道137号（敦煌）。联系电话：059-89072538。周边 500 米内即是商场与美食街。提供高速 Wi‑Fi 及 24 小时热水。含自助早餐，菜品丰富。	C271
401	楠舍国际酒店	地址：敦煌和平路13号（敦煌）。联系电话：055-60018738 / 057-59551809。周边 500 米内即是商场与美食街。酒店内有健身房和洗衣房，住客免费使用。距车站步行 5 分钟，交通便利。	C271
402	璞丽度假酒店	地址：敦煌解放路396号（敦煌）。联系电话：132-68071099 / 046-49865885。周边 500 米内即是商场与美食街。提供高速 Wi‑Fi 及 24 小时热水。含自助早餐，菜品丰富。	C271
403	枫叶度假酒店	地址：德惠迎宾大道227号（德惠）。联系电话：021-40441056。周边 500 米内即是商场与美食街。部分房型可俯瞰城市天际线。酒店内有健身房和洗衣房，住客免费使用。	C283
404	花筑国际酒店	地址：德惠解放路262号（德惠）。联系电话：156-34502643。可手机自助入住，无接触开门。提供高速 Wi‑Fi 及 24 小时热水。酒店内有健身房和洗衣房，住客免费使用。	C283
405	丽枫精品酒店	地址：德惠人民大道285号（德惠）。联系电话：028-83454846。客房配备记忆棉床垫，保证舒适睡眠。设有地下停车场与充电桩。酒店内有健身房和洗衣房，住客免费使用。	C283
406	柏栎度假酒店	地址：宁安中心路8号（东京城）。联系电话：151-27145819 / 136-68376971。部分房型可俯瞰城市天际线。提供高速 Wi‑Fi 及 24 小时热水。客房配备记忆棉床垫，保证舒适睡眠。前台多语言服务，支持行李寄存。	C207
407	楠舍度假酒店	地址：宁安迎宾大道227号（东京城）。联系电话：039-70051006。酒店内有健身房和洗衣房，住客免费使用。提供高速 Wi‑Fi 及 24 小时热水。周边 500 米内即是商场与美食街。	C207
408	月光大酒店	地址：宁安迎宾大道243号（东京城）。联系电话：182-67779315 / 039-53487669。距车站步行 5 分钟，交通便利。可手机自助入住，无接触开门。前台多语言服务，支持行李寄存。	C207
409	枫叶国际酒店	地址：宁安和平路379号（东京城）。联系电话：152-32011078。客房配备记忆棉床垫，保证舒适睡眠。可手机自助入住，无接触开门。	C207
410	枫叶精品酒店	地址：灵丘县解放路257号（大涧）。联系电话：158-52709056。酒店内有健身房和洗衣房，住客免费使用。提供高速 Wi‑Fi 及 24 小时热水。	C077
411	花筑度假酒店	地址：灵丘县朝阳街192号（大涧）。联系电话：025-29311417 / 031-45313272。设有地下停车场与充电桩。距车站步行 5 分钟，交通便利。	C077
412	沐兰宾馆	地址：灵丘县迎宾大道289号（大涧）。联系电话：133-26409706。周边 500 米内即是商场与美食街。提供高速 Wi‑Fi 及 24 小时热水。客房配备记忆棉床垫，保证舒适睡眠。	C077
413	枫叶宾馆	地址：灵丘县解放路151号（大涧）。联系电话：183-90155239。设有地下停车场与充电桩。提供高速 Wi‑Fi 及 24 小时热水。	C077
414	悦榕酒店	地址：都江堰中心路41号（都江堰）。联系电话：195-77938953。可手机自助入住，无接触开门。含自助早餐，菜品丰富。设有地下停车场与充电桩。提供高速 Wi‑Fi 及 24 小时热水。	C128
415	锦江酒店	地址：都江堰和平路348号（都江堰）。联系电话：139-80064714 / 183-39747085。可手机自助入住，无接触开门。提供高速 Wi‑Fi 及 24 小时热水。	C128
416	悦榕大酒店	地址：都江堰迎宾大道58号（都江堰）。联系电话：199-16168940 / 023-64318612。客房配备记忆棉床垫，保证舒适睡眠。前台多语言服务，支持行李寄存。	C128
417	云栖国际酒店	地址：都江堰朝阳街390号（都江堰）。联系电话：153-64731520 / 045-82594186。前台多语言服务，支持行李寄存。客房配备记忆棉床垫，保证舒适睡眠。可手机自助入住，无接触开门。	C128
418	悦榕国际酒店	地址：大连迎宾大道82号（大连北）。联系电话：138-42738065 / 020-67315610。设有地下停车场与充电桩。部分房型可俯瞰城市天际线。提供高速 Wi‑Fi 及 24 小时热水。酒店内有健身房和洗衣房，住客免费使用。	C080
419	梅园度假酒店	地址：大连人民大道251号（大连北）。联系电话：194-48668035 / 136-67568255。可手机自助入住，无接触开门。设有地下停车场与充电桩。距车站步行 5 分钟，交通便利。	C080
420	锦江精品酒店	地址：大连和平路261号（大连北）。联系电话：193-69732359 / 053-66585063。部分房型可俯瞰城市天际线。酒店内有健身房和洗衣房，住客免费使用。设有地下停车场与充电桩。可手机自助入住，无接触开门。	C080
421	桔子宾馆	地址：大理人民大道313号（大理）。联系电话：028-46784338。含自助早餐，菜品丰富。客房配备记忆棉床垫，保证舒适睡眠。	C079
422	沐兰大酒店	地址：大理建设路188号（大理）。联系电话：048-41901064。距车站步行 5 分钟，交通便利。周边 500 米内即是商场与美食街。	C079
423	桔子国际酒店	地址：大理人民大道168号（大理）。联系电话：041-78572433 / 033-21383492。设有地下停车场与充电桩。提供高速 Wi‑Fi 及 24 小时热水。	C079
424	悦榕国际酒店	地址：大理建设路381号（大理）。联系电话：012-27025452 / 153-28112982。前台多语言服务，支持行李寄存。部分房型可俯瞰城市天际线。含自助早餐，菜品丰富。	C079
425	梅园酒店	地址：大连迎宾大道62号（大连）。联系电话：053-24306146。提供高速 Wi‑Fi 及 24 小时热水。周边 500 米内即是商场与美食街。含自助早餐，菜品丰富。	C080
426	锦江大酒店	地址：大连朝阳街354号（大连）。联系电话：187-71380234。周边 500 米内即是商场与美食街。设有地下停车场与充电桩。	C080
427	枫叶国际酒店	地址：大连朝阳街344号（大连）。联系电话：034-27507102 / 035-31172626。可手机自助入住，无接触开门。提供高速 Wi‑Fi 及 24 小时热水。	C080
428	雅致酒店	地址：定南县迎宾大道170号（定南）。联系电话：021-72040519。距车站步行 5 分钟，交通便利。部分房型可俯瞰城市天际线。客房配备记忆棉床垫，保证舒适睡眠。	C252
429	月光国际酒店	地址：定南县人民大道346号（定南）。联系电话：024-39350471。提供高速 Wi‑Fi 及 24 小时热水。可手机自助入住，无接触开门。设有地下停车场与充电桩。含自助早餐，菜品丰富。	C252
430	沐兰度假酒店	地址：定南县迎宾大道122号（定南）。联系电话：043-77447445。提供高速 Wi‑Fi 及 24 小时热水。可手机自助入住，无接触开门。前台多语言服务，支持行李寄存。	C252
431	柏栎宾馆	地址：大庆建设路353号（大庆）。联系电话：051-40793624 / 135-35452674。周边 500 米内即是商场与美食街。前台多语言服务，支持行李寄存。可手机自助入住，无接触开门。	C078
432	星程度假酒店	地址：大庆中心路78号（大庆）。联系电话：153-44873981。距车站步行 5 分钟，交通便利。部分房型可俯瞰城市天际线。	C078
433	沐兰度假酒店	地址：鄂尔多斯解放路185号（东胜）。联系电话：136-29744421 / 020-48883048。部分房型可俯瞰城市天际线。酒店内有健身房和洗衣房，住客免费使用。客房配备记忆棉床垫，保证舒适睡眠。	C269
434	悦榕宾馆	地址：鄂尔多斯朝阳街74号（东胜）。联系电话：159-40370731。含自助早餐，菜品丰富。设有地下停车场与充电桩。	C269
435	月光国际酒店	地址：大石桥建设路60号（大石桥）。联系电话：185-24701794。含自助早餐，菜品丰富。提供高速 Wi‑Fi 及 24 小时热水。酒店内有健身房和洗衣房，住客免费使用。	C238
436	桔子酒店	地址：大石桥建设路242号（大石桥）。联系电话：194-72511164。酒店内有健身房和洗衣房，住客免费使用。部分房型可俯瞰城市天际线。距车站步行 5 分钟，交通便利。客房配备记忆棉床垫，保证舒适睡眠。	C238
437	梅园宾馆	地址：大同人民大道187号（大同）。联系电话：137-83688538。周边 500 米内即是商场与美食街。部分房型可俯瞰城市天际线。含自助早餐，菜品丰富。	C077
438	星程酒店	地址：大同人民大道249号（大同）。联系电话：192-60554264 / 028-22300918。可手机自助入住，无接触开门。含自助早餐，菜品丰富。部分房型可俯瞰城市天际线。酒店内有健身房和洗衣房，住客免费使用。	C077
439	悦榕大酒店	地址：大同解放路98号（大同）。联系电话：055-72567138。提供高速 Wi‑Fi 及 24 小时热水。部分房型可俯瞰城市天际线。周边 500 米内即是商场与美食街。距车站步行 5 分钟，交通便利。	C077
440	花筑大酒店	地址：大同朝阳街19号（大同）。联系电话：045-41433756。距车站步行 5 分钟，交通便利。设有地下停车场与充电桩。	C077
441	楠舍宾馆	地址：东营人民大道351号（东营）。联系电话：154-78948674。提供高速 Wi‑Fi 及 24 小时热水。距车站步行 5 分钟，交通便利。前台多语言服务，支持行李寄存。客房配备记忆棉床垫，保证舒适睡眠。	C008
442	梅园度假酒店	地址：东营迎宾大道176号（东营）。联系电话：022-87500375。距车站步行 5 分钟，交通便利。含自助早餐，菜品丰富。	C008
443	锦江度假酒店	地址：东营迎宾大道133号（东营）。联系电话：136-84094908 / 039-84759123。前台多语言服务，支持行李寄存。设有地下停车场与充电桩。酒店内有健身房和洗衣房，住客免费使用。	C008
444	梅园度假酒店	地址：鄂伦春自治旗朝阳街389号（大杨树）。联系电话：059-62016364 / 013-43995938。含自助早餐，菜品丰富。酒店内有健身房和洗衣房，住客免费使用。客房配备记忆棉床垫，保证舒适睡眠。	C060
445	柏栎国际酒店	地址：鄂伦春自治旗建设路103号（大杨树）。联系电话：032-87657711。可手机自助入住，无接触开门。设有地下停车场与充电桩。提供高速 Wi‑Fi 及 24 小时热水。客房配备记忆棉床垫，保证舒适睡眠。	C060
446	沐兰国际酒店	地址：鄂伦春自治旗解放路249号（大杨树）。联系电话：185-14596441 / 045-49560171。提供高速 Wi‑Fi 及 24 小时热水。周边 500 米内即是商场与美食街。客房配备记忆棉床垫，保证舒适睡眠。	C060
447	花筑度假酒店	地址：鄂伦春自治旗和平路301号（大杨树）。联系电话：020-37339899 / 134-24402542。前台多语言服务，支持行李寄存。酒店内有健身房和洗衣房，住客免费使用。提供高速 Wi‑Fi 及 24 小时热水。周边 500 米内即是商场与美食街。	C060
448	星程精品酒店	地址：都匀人民大道41号（都匀）。联系电话：188-80864619 / 193-73462127。周边 500 米内即是商场与美食街。部分房型可俯瞰城市天际线。提供高速 Wi‑Fi 及 24 小时热水。	C312
449	花筑宾馆	地址：都匀迎宾大道231号（都匀）。联系电话：042-88987859 / 187-33204270。设有地下停车场与充电桩。可手机自助入住，无接触开门。	C312
450	梅园国际酒店	地址：都匀解放路358号（都匀）。联系电话：185-65333552。设有地下停车场与充电桩。前台多语言服务，支持行李寄存。周边 500 米内即是商场与美食街。客房配备记忆棉床垫，保证舒适睡眠。	C312
451	璞丽酒店	地址：邓州建设路226号（邓州）。联系电话：159-25352991 / 139-58317069。客房配备记忆棉床垫，保证舒适睡眠。提供高速 Wi‑Fi 及 24 小时热水。距车站步行 5 分钟，交通便利。	C048
452	柏栎大酒店	地址：邓州迎宾大道213号（邓州）。联系电话：040-70721792。酒店内有健身房和洗衣房，住客免费使用。客房配备记忆棉床垫，保证舒适睡眠。设有地下停车场与充电桩。距车站步行 5 分钟，交通便利。	C048
453	悦榕酒店	地址：邓州建设路73号（邓州）。联系电话：022-74525473 / 155-81672599。设有地下停车场与充电桩。部分房型可俯瞰城市天际线。距车站步行 5 分钟，交通便利。	C048
454	柏栎国际酒店	地址：邓州和平路326号（邓州）。联系电话：037-28628995 / 022-27784786。部分房型可俯瞰城市天际线。含自助早餐，菜品丰富。酒店内有健身房和洗衣房，住客免费使用。设有地下停车场与充电桩。	C048
455	桔子宾馆	地址：达州朝阳街187号（达州）。联系电话：186-62507537。可手机自助入住，无接触开门。前台多语言服务，支持行李寄存。	C256
456	月光酒店	地址：达州迎宾大道192号（达州）。联系电话：150-34287152。含自助早餐，菜品丰富。周边 500 米内即是商场与美食街。	C256
457	枫叶大酒店	地址：达州建设路222号（达州）。联系电话：195-24930906。含自助早餐，菜品丰富。客房配备记忆棉床垫，保证舒适睡眠。周边 500 米内即是商场与美食街。前台多语言服务，支持行李寄存。	C256
458	悦榕精品酒店	地址：德州人民大道86号（德州）。联系电话：046-23640076 / 039-79712063。提供高速 Wi‑Fi 及 24 小时热水。客房配备记忆棉床垫，保证舒适睡眠。距车站步行 5 分钟，交通便利。设有地下停车场与充电桩。	C122
459	丽枫国际酒店	地址：德州解放路237号（德州）。联系电话：050-20027032。可手机自助入住，无接触开门。提供高速 Wi‑Fi 及 24 小时热水。	C122
460	柏栎酒店	地址：德州建设路218号（德州）。联系电话：154-14375025。周边 500 米内即是商场与美食街。含自助早餐，菜品丰富。部分房型可俯瞰城市天际线。	C122
461	柏曼酒店	地址：额济纳旗和平路33号（额济纳）。联系电话：032-35705928。含自助早餐，菜品丰富。可手机自助入住，无接触开门。	C293
462	璞丽国际酒店	地址：额济纳旗解放路279号（额济纳）。联系电话：011-45287459 / 058-67787930。提供高速 Wi‑Fi 及 24 小时热水。距车站步行 5 分钟，交通便利。可手机自助入住，无接触开门。	C293
463	花筑国际酒店	地址：额济纳旗和平路364号（额济纳）。联系电话：054-89187720 / 136-80996697。可手机自助入住，无接触开门。距车站步行 5 分钟，交通便利。提供高速 Wi‑Fi 及 24 小时热水。部分房型可俯瞰城市天际线。	C293
464	沐兰宾馆	地址：额济纳旗解放路356号（额济纳）。联系电话：010-28157176 / 130-45845673。前台多语言服务，支持行李寄存。可手机自助入住，无接触开门。设有地下停车场与充电桩。提供高速 Wi‑Fi 及 24 小时热水。	C293
465	璞丽大酒店	地址：二连浩特建设路392号（二连）。联系电话：139-40044820。含自助早餐，菜品丰富。设有地下停车场与充电桩。距车站步行 5 分钟，交通便利。前台多语言服务，支持行李寄存。	C280
466	柏曼酒店	地址：二连浩特迎宾大道186号（二连）。联系电话：021-81433848 / 189-51559482。酒店内有健身房和洗衣房，住客免费使用。提供高速 Wi‑Fi 及 24 小时热水。	C280
467	星程大酒店	地址：恩施迎宾大道224号（恩施）。联系电话：150-31056220 / 153-98029461。可手机自助入住，无接触开门。周边 500 米内即是商场与美食街。	C126
468	锦江度假酒店	地址：恩施人民大道99号（恩施）。联系电话：013-87965626。酒店内有健身房和洗衣房，住客免费使用。部分房型可俯瞰城市天际线。	C126
469	梅园国际酒店	地址：恩施中心路190号（恩施）。联系电话：033-85468930。前台多语言服务，支持行李寄存。设有地下停车场与充电桩。部分房型可俯瞰城市天际线。	C126
470	楠舍宾馆	地址：恩施解放路30号（恩施）。联系电话：047-79348513。设有地下停车场与充电桩。可手机自助入住，无接触开门。酒店内有健身房和洗衣房，住客免费使用。客房配备记忆棉床垫，保证舒适睡眠。	C126
471	梅园大酒店	地址：福鼎中心路380号（福鼎）。联系电话：186-65942206。周边 500 米内即是商场与美食街。可手机自助入住，无接触开门。部分房型可俯瞰城市天际线。前台多语言服务，支持行李寄存。	C087
472	云栖宾馆	地址：福鼎解放路83号（福鼎）。联系电话：017-73002087 / 192-42559457。酒店内有健身房和洗衣房，住客免费使用。前台多语言服务，支持行李寄存。	C087
473	雅致度假酒店	地址：三亚建设路188号（凤凰机场）。联系电话：158-56777181 / 019-35134757。距车站步行 5 分钟，交通便利。部分房型可俯瞰城市天际线。	C002
474	楠舍国际酒店	地址：三亚人民大道139号（凤凰机场）。联系电话：138-84665175。提供高速 Wi‑Fi 及 24 小时热水。部分房型可俯瞰城市天际线。距车站步行 5 分钟，交通便利。	C002
475	悦榕精品酒店	地址：芮城县解放路376号（风陵渡）。联系电话：041-61522862 / 182-91577555。含自助早餐，菜品丰富。周边 500 米内即是商场与美食街。设有地下停车场与充电桩。提供高速 Wi‑Fi 及 24 小时热水。	C257
476	楠舍国际酒店	地址：芮城县解放路355号（风陵渡）。联系电话：134-53580044 / 130-22079178。含自助早餐，菜品丰富。可手机自助入住，无接触开门。	C257
477	枫叶精品酒店	地址：重庆朝阳街231号（涪陵）。联系电话：018-42715856。含自助早餐，菜品丰富。可手机自助入住，无接触开门。	C272
478	柏栎精品酒店	地址：重庆中心路4号（涪陵）。联系电话：151-90041951 / 053-30308147。提供高速 Wi‑Fi 及 24 小时热水。前台多语言服务，支持行李寄存。客房配备记忆棉床垫，保证舒适睡眠。	C272
479	碧桂大酒店	地址：重庆建设路110号（涪陵）。联系电话：197-68824871。设有地下停车场与充电桩。周边 500 米内即是商场与美食街。部分房型可俯瞰城市天际线。	C272
480	悦榕度假酒店	地址：重庆中心路183号（涪陵）。联系电话：055-34051596。可手机自助入住，无接触开门。距车站步行 5 分钟，交通便利。含自助早餐，菜品丰富。酒店内有健身房和洗衣房，住客免费使用。	C272
481	雅致酒店	地址：齐齐哈尔中心路97号（富拉尔基）。联系电话：197-98865343 / 153-27681072。周边 500 米内即是商场与美食街。客房配备记忆棉床垫，保证舒适睡眠。含自助早餐，菜品丰富。酒店内有健身房和洗衣房，住客免费使用。	C314
482	璞丽国际酒店	地址：齐齐哈尔解放路159号（富拉尔基）。联系电话：035-33076776 / 030-24816443。提供高速 Wi‑Fi 及 24 小时热水。周边 500 米内即是商场与美食街。部分房型可俯瞰城市天际线。前台多语言服务，支持行李寄存。	C314
483	云栖大酒店	地址：齐齐哈尔中心路97号（富拉尔基）。联系电话：138-40689306 / 131-56261248。含自助早餐，菜品丰富。酒店内有健身房和洗衣房，住客免费使用。	C314
484	楠舍国际酒店	地址：齐齐哈尔迎宾大道289号（富拉尔基）。联系电话：185-88294299 / 185-88720188。酒店内有健身房和洗衣房，住客免费使用。设有地下停车场与充电桩。	C314
485	楠舍度假酒店	地址：抚顺朝阳街187号（抚顺北）。联系电话：046-38529806。距车站步行 5 分钟，交通便利。酒店内有健身房和洗衣房，住客免费使用。前台多语言服务，支持行李寄存。部分房型可俯瞰城市天际线。	C132
486	月光度假酒店	地址：抚顺中心路177号（抚顺北）。联系电话：181-50611938。设有地下停车场与充电桩。周边 500 米内即是商场与美食街。前台多语言服务，支持行李寄存。	C132
487	璞丽宾馆	地址：佛山人民大道306号（佛山）。联系电话：014-70090868。周边 500 米内即是商场与美食街。客房配备记忆棉床垫，保证舒适睡眠。部分房型可俯瞰城市天际线。距车站步行 5 分钟，交通便利。	C025
488	星程宾馆	地址：佛山中心路35号（佛山）。联系电话：151-88483166。可手机自助入住，无接触开门。前台多语言服务，支持行李寄存。部分房型可俯瞰城市天际线。	C025
489	雅致度假酒店	地址：佛山人民大道389号（佛山）。联系电话：153-39113312 / 154-52403393。周边 500 米内即是商场与美食街。提供高速 Wi‑Fi 及 24 小时热水。部分房型可俯瞰城市天际线。	C025
490	悦榕酒店	地址：佛山人民大道115号（佛山）。联系电话：180-94184906 / 132-78702457。前台多语言服务，支持行李寄存。可手机自助入住，无接触开门。	C025
491	碧桂精品酒店	地址：阜新和平路297号（阜新南）。联系电话：045-89535222 / 153-91242695。提供高速 Wi‑Fi 及 24 小时热水。客房配备记忆棉床垫，保证舒适睡眠。部分房型可俯瞰城市天际线。前台多语言服务，支持行李寄存。	C286
492	柏栎度假酒店	地址：阜新中心路340号（阜新南）。联系电话：024-80347076 / 019-25853589。客房配备记忆棉床垫，保证舒适睡眠。周边 500 米内即是商场与美食街。	C286
493	锦江国际酒店	地址：阜阳朝阳街237号（阜阳）。联系电话：020-56841789。客房配备记忆棉床垫，保证舒适睡眠。部分房型可俯瞰城市天际线。周边 500 米内即是商场与美食街。	C287
494	悦榕大酒店	地址：阜阳人民大道43号（阜阳）。联系电话：159-76149654 / 043-74984215。前台多语言服务，支持行李寄存。距车站步行 5 分钟，交通便利。提供高速 Wi‑Fi 及 24 小时热水。	C287
495	璞丽度假酒店	地址：阜阳建设路112号（阜阳）。联系电话：035-65504307。客房配备记忆棉床垫，保证舒适睡眠。前台多语言服务，支持行李寄存。	C287
496	花筑度假酒店	地址：阜阳人民大道386号（阜阳）。联系电话：156-71623730 / 130-82193780。距车站步行 5 分钟，交通便利。前台多语言服务，支持行李寄存。	C287
497	丽枫酒店	地址：格尔木建设路245号（格尔木）。联系电话：020-34838850。周边 500 米内即是商场与美食街。酒店内有健身房和洗衣房，住客免费使用。含自助早餐，菜品丰富。	C185
498	柏栎国际酒店	地址：格尔木和平路190号（格尔木）。联系电话：189-45129139。周边 500 米内即是商场与美食街。含自助早餐，菜品丰富。设有地下停车场与充电桩。	C185
499	雅致国际酒店	地址：格尔木建设路190号（格尔木）。联系电话：199-97955121。提供高速 Wi‑Fi 及 24 小时热水。含自助早餐，菜品丰富。	C185
500	星程大酒店	地址：格尔木解放路397号（格尔木）。联系电话：195-42713169 / 013-83598284。酒店内有健身房和洗衣房，住客免费使用。含自助早餐，菜品丰富。提供高速 Wi‑Fi 及 24 小时热水。可手机自助入住，无接触开门。	C185
501	璞丽度假酒店	地址：广汉和平路171号（广汉）。联系电话：035-47091431 / 032-43744898。设有地下停车场与充电桩。酒店内有健身房和洗衣房，住客免费使用。	C123
502	桔子精品酒店	地址：广汉人民大道64号（广汉）。联系电话：133-42724811 / 021-30280251。含自助早餐，菜品丰富。设有地下停车场与充电桩。周边 500 米内即是商场与美食街。前台多语言服务，支持行李寄存。	C123
503	沐兰精品酒店	地址：古交人民大道342号（古交）。联系电话：194-50035390。周边 500 米内即是商场与美食街。客房配备记忆棉床垫，保证舒适睡眠。部分房型可俯瞰城市天际线。	C083
504	丽枫酒店	地址：古交解放路293号（古交）。联系电话：194-43563487。酒店内有健身房和洗衣房，住客免费使用。前台多语言服务，支持行李寄存。部分房型可俯瞰城市天际线。	C083
505	桔子酒店	地址：桂林和平路62号（桂林北）。联系电话：052-20039197。设有地下停车场与充电桩。含自助早餐，菜品丰富。	C158
506	沐兰宾馆	地址：桂林中心路53号（桂林北）。联系电话：053-89851031。设有地下停车场与充电桩。距车站步行 5 分钟，交通便利。	C158
507	梅园大酒店	地址：桂林迎宾大道330号（桂林北）。联系电话：022-45563032 / 023-84917802。设有地下停车场与充电桩。前台多语言服务，支持行李寄存。酒店内有健身房和洗衣房，住客免费使用。	C158
508	云栖酒店	地址：桂林中心路329号（桂林北）。联系电话：182-38564910 / 045-56752098。含自助早餐，菜品丰富。客房配备记忆棉床垫，保证舒适睡眠。酒店内有健身房和洗衣房，住客免费使用。前台多语言服务，支持行李寄存。	C158
509	枫叶酒店	地址：漠河县人民大道236号（古莲）。联系电话：046-74922144 / 036-74224046。前台多语言服务，支持行李寄存。客房配备记忆棉床垫，保证舒适睡眠。	C076
510	楠舍度假酒店	地址：漠河县和平路157号（古莲）。联系电话：033-27294970 / 196-11771889。距车站步行 5 分钟，交通便利。提供高速 Wi‑Fi 及 24 小时热水。含自助早餐，菜品丰富。部分房型可俯瞰城市天际线。	C076
511	碧桂国际酒店	地址：漠河县建设路40号（古莲）。联系电话：184-95083443。可手机自助入住，无接触开门。前台多语言服务，支持行李寄存。	C076
512	花筑国际酒店	地址：漠河县和平路225号（古莲）。联系电话：186-73794212 / 194-71848362。提供高速 Wi‑Fi 及 24 小时热水。前台多语言服务，支持行李寄存。客房配备记忆棉床垫，保证舒适睡眠。距车站步行 5 分钟，交通便利。	C076
513	月光酒店	地址：桂林人民大道213号（桂林）。联系电话：024-57995200。距车站步行 5 分钟，交通便利。酒店内有健身房和洗衣房，住客免费使用。	C158
514	楠舍度假酒店	地址：桂林中心路399号（桂林）。联系电话：133-64708372 / 185-38773678。提供高速 Wi‑Fi 及 24 小时热水。含自助早餐，菜品丰富。设有地下停车场与充电桩。部分房型可俯瞰城市天际线。	C158
515	花筑酒店	地址：固始县人民大道3号（固始）。联系电话：030-47057180 / 155-16971011。提供高速 Wi‑Fi 及 24 小时热水。距车站步行 5 分钟，交通便利。	C028
516	锦江国际酒店	地址：固始县迎宾大道198号（固始）。联系电话：051-55024294。提供高速 Wi‑Fi 及 24 小时热水。周边 500 米内即是商场与美食街。客房配备记忆棉床垫，保证舒适睡眠。	C028
517	锦江精品酒店	地址：固始县迎宾大道203号（固始）。联系电话：055-58856596。设有地下停车场与充电桩。距车站步行 5 分钟，交通便利。	C028
518	月光酒店	地址：广水建设路74号（广水）。联系电话：189-21526914 / 054-89448688。部分房型可俯瞰城市天际线。酒店内有健身房和洗衣房，住客免费使用。距车站步行 5 分钟，交通便利。含自助早餐，菜品丰富。	C295
519	月光宾馆	地址：广水迎宾大道381号（广水）。联系电话：190-88479773 / 151-94483118。距车站步行 5 分钟，交通便利。酒店内有健身房和洗衣房，住客免费使用。含自助早餐，菜品丰富。	C295
520	柏栎酒店	地址：广水朝阳街255号（广水）。联系电话：010-87885066。含自助早餐，菜品丰富。部分房型可俯瞰城市天际线。提供高速 Wi‑Fi 及 24 小时热水。前台多语言服务，支持行李寄存。	C295
521	柏栎宾馆	地址：广水和平路121号（广水）。联系电话：197-84879771 / 055-75391601。部分房型可俯瞰城市天际线。前台多语言服务，支持行李寄存。可手机自助入住，无接触开门。周边 500 米内即是商场与美食街。	C295
522	枫叶国际酒店	地址：中卫建设路155号（干塘）。联系电话：018-22391010 / 151-75538113。部分房型可俯瞰城市天际线。可手机自助入住，无接触开门。前台多语言服务，支持行李寄存。	C009
523	沐兰酒店	地址：中卫解放路325号（干塘）。联系电话：039-31151775 / 011-86222638。可手机自助入住，无接触开门。部分房型可俯瞰城市天际线。前台多语言服务，支持行李寄存。客房配备记忆棉床垫，保证舒适睡眠。	C009
524	花筑精品酒店	地址：中卫人民大道100号（干塘）。联系电话：136-88685793 / 139-45000076。含自助早餐，菜品丰富。周边 500 米内即是商场与美食街。	C009
525	柏曼度假酒店	地址：广元中心路354号（广元）。联系电话：195-32795120。前台多语言服务，支持行李寄存。周边 500 米内即是商场与美食街。可手机自助入住，无接触开门。含自助早餐，菜品丰富。	C110
526	云栖精品酒店	地址：广元解放路307号（广元）。联系电话：196-87891598 / 037-43758646。酒店内有健身房和洗衣房，住客免费使用。距车站步行 5 分钟，交通便利。客房配备记忆棉床垫，保证舒适睡眠。部分房型可俯瞰城市天际线。	C110
527	沐兰国际酒店	地址：广元朝阳街119号（广元）。联系电话：040-43190500。部分房型可俯瞰城市天际线。设有地下停车场与充电桩。前台多语言服务，支持行李寄存。	C110
528	柏栎大酒店	地址：广州解放路28号（广州北）。联系电话：012-33851538 / 194-21629334。周边 500 米内即是商场与美食街。部分房型可俯瞰城市天际线。距车站步行 5 分钟，交通便利。客房配备记忆棉床垫，保证舒适睡眠。	C112
529	星程宾馆	地址：广州中心路162号（广州北）。联系电话：190-29969552 / 185-14722848。距车站步行 5 分钟，交通便利。客房配备记忆棉床垫，保证舒适睡眠。提供高速 Wi‑Fi 及 24 小时热水。	C112
530	星程国际酒店	地址：广州迎宾大道149号（广州北）。联系电话：134-24928906。提供高速 Wi‑Fi 及 24 小时热水。含自助早餐，菜品丰富。周边 500 米内即是商场与美食街。	C112
531	丽枫精品酒店	地址：赣州解放路241号（赣州）。联系电话：027-71826723。前台多语言服务，支持行李寄存。周边 500 米内即是商场与美食街。酒店内有健身房和洗衣房，住客免费使用。客房配备记忆棉床垫，保证舒适睡眠。	C252
532	桔子大酒店	地址：赣州迎宾大道66号（赣州）。联系电话：036-48982477。部分房型可俯瞰城市天际线。周边 500 米内即是商场与美食街。前台多语言服务，支持行李寄存。	C252
533	悦榕精品酒店	地址：赣州朝阳街138号（赣州）。联系电话：197-45337758 / 030-25509675。客房配备记忆棉床垫，保证舒适睡眠。部分房型可俯瞰城市天际线。可手机自助入住，无接触开门。含自助早餐，菜品丰富。	C252
534	碧桂度假酒店	地址：公主岭中心路201号（公主岭）。联系电话：199-72848949。提供高速 Wi‑Fi 及 24 小时热水。设有地下停车场与充电桩。距车站步行 5 分钟，交通便利。酒店内有健身房和洗衣房，住客免费使用。	C283
535	碧桂宾馆	地址：公主岭和平路243号（公主岭）。联系电话：154-92364238 / 194-40219770。周边 500 米内即是商场与美食街。部分房型可俯瞰城市天际线。	C283
536	雅致国际酒店	地址：公主岭人民大道133号（公主岭南）。联系电话：049-67006554 / 027-83643202。可手机自助入住，无接触开门。含自助早餐，菜品丰富。前台多语言服务，支持行李寄存。酒店内有健身房和洗衣房，住客免费使用。	C283
537	梅园宾馆	地址：公主岭和平路269号（公主岭南）。联系电话：151-83148268 / 150-79084507。部分房型可俯瞰城市天际线。周边 500 米内即是商场与美食街。提供高速 Wi‑Fi 及 24 小时热水。	C283
538	梅园度假酒店	地址：淮安解放路182号（淮安）。联系电话：183-41302170 / 185-33701974。可手机自助入住，无接触开门。周边 500 米内即是商场与美食街。距车站步行 5 分钟，交通便利。	C189
539	雅致宾馆	地址：淮安建设路275号（淮安）。联系电话：152-50708164。周边 500 米内即是商场与美食街。提供高速 Wi‑Fi 及 24 小时热水。	C189
540	月光大酒店	地址：淮安迎宾大道376号（淮安）。联系电话：028-49975631 / 135-46613076。距车站步行 5 分钟，交通便利。可手机自助入住，无接触开门。周边 500 米内即是商场与美食街。客房配备记忆棉床垫，保证舒适睡眠。	C189
541	璞丽酒店	地址：淮北建设路348号（淮北）。联系电话：047-51131580 / 186-99771893。前台多语言服务，支持行李寄存。含自助早餐，菜品丰富。周边 500 米内即是商场与美食街。	C187
542	碧桂度假酒店	地址：淮北解放路364号（淮北）。联系电话：157-69538976。可手机自助入住，无接触开门。设有地下停车场与充电桩。	C187
543	花筑精品酒店	地址：萝北县建设路5号（鹤北）。联系电话：050-57428293。含自助早餐，菜品丰富。部分房型可俯瞰城市天际线。	C305
544	柏栎大酒店	地址：萝北县建设路380号（鹤北）。联系电话：035-75448497。距车站步行 5 分钟，交通便利。客房配备记忆棉床垫，保证舒适睡眠。	C305
545	枫叶度假酒店	地址：淮滨县和平路372号（淮滨）。联系电话：154-20114265。部分房型可俯瞰城市天际线。酒店内有健身房和洗衣房，住客免费使用。设有地下停车场与充电桩。可手机自助入住，无接触开门。	C028
546	丽枫国际酒店	地址：淮滨县朝阳街12号（淮滨）。联系电话：189-65686262 / 027-80743814。含自助早餐，菜品丰富。部分房型可俯瞰城市天际线。客房配备记忆棉床垫，保证舒适睡眠。	C028
547	沐兰宾馆	地址：淮滨县和平路300号（淮滨）。联系电话：042-31242600。酒店内有健身房和洗衣房，住客免费使用。提供高速 Wi‑Fi 及 24 小时热水。周边 500 米内即是商场与美食街。	C028
548	柏曼国际酒店	地址：定襄县和平路173号（河边）。联系电话：183-84279503 / 014-64608852。提供高速 Wi‑Fi 及 24 小时热水。部分房型可俯瞰城市天际线。距车站步行 5 分钟，交通便利。可手机自助入住，无接触开门。	C124
549	梅园大酒店	地址：定襄县解放路231号（河边）。联系电话：136-88278403。部分房型可俯瞰城市天际线。设有地下停车场与充电桩。客房配备记忆棉床垫，保证舒适睡眠。	C124
550	碧桂度假酒店	地址：定襄县迎宾大道372号（河边）。联系电话：014-82145431。客房配备记忆棉床垫，保证舒适睡眠。部分房型可俯瞰城市天际线。	C124
551	璞丽大酒店	地址：潢川县建设路230号（潢川）。联系电话：028-22429910 / 031-82844858。前台多语言服务，支持行李寄存。周边 500 米内即是商场与美食街。距车站步行 5 分钟，交通便利。设有地下停车场与充电桩。	C028
552	云栖大酒店	地址：潢川县人民大道13号（潢川）。联系电话：197-33992289。含自助早餐，菜品丰富。客房配备记忆棉床垫，保证舒适睡眠。提供高速 Wi‑Fi 及 24 小时热水。	C028
553	丽枫度假酒店	地址：韩城和平路253号（韩城）。联系电话：013-77211064。客房配备记忆棉床垫，保证舒适睡眠。前台多语言服务，支持行李寄存。距车站步行 5 分钟，交通便利。	C193
554	星程国际酒店	地址：韩城建设路254号（韩城）。联系电话：131-45682881。含自助早餐，菜品丰富。部分房型可俯瞰城市天际线。客房配备记忆棉床垫，保证舒适睡眠。	C193
555	月光精品酒店	地址：邯郸中心路50号（邯郸）。联系电话：138-22094057。酒店内有健身房和洗衣房，住客免费使用。部分房型可俯瞰城市天际线。周边 500 米内即是商场与美食街。	C265
556	梅园大酒店	地址：邯郸迎宾大道22号（邯郸）。联系电话：012-40755064 / 191-64634876。周边 500 米内即是商场与美食街。含自助早餐，菜品丰富。	C265
557	星程精品酒店	地址：邯郸和平路358号（邯郸）。联系电话：044-79115704。距车站步行 5 分钟，交通便利。周边 500 米内即是商场与美食街。可手机自助入住，无接触开门。部分房型可俯瞰城市天际线。	C265
558	云栖国际酒店	地址：邯郸人民大道356号（邯郸）。联系电话：051-23201819 / 137-42768221。客房配备记忆棉床垫，保证舒适睡眠。酒店内有健身房和洗衣房，住客免费使用。设有地下停车场与充电桩。部分房型可俯瞰城市天际线。	C265
559	丽枫国际酒店	地址：海林解放路118号（横道河子）。联系电话：183-36305195 / 134-66244697。距车站步行 5 分钟，交通便利。酒店内有健身房和洗衣房，住客免费使用。前台多语言服务，支持行李寄存。	C207
560	星程酒店	地址：海林朝阳街7号（横道河子）。联系电话：024-32006257 / 045-86782220。含自助早餐，菜品丰富。客房配备记忆棉床垫，保证舒适睡眠。	C207
561	沐兰大酒店	地址：海林中心路216号（横道河子）。联系电话：139-33337836。提供高速 Wi‑Fi 及 24 小时热水。客房配备记忆棉床垫，保证舒适睡眠。可手机自助入住，无接触开门。	C207
562	梅园国际酒店	地址：海林中心路247号（横道河子）。联系电话：137-66971922 / 199-96846723。可手机自助入住，无接触开门。酒店内有健身房和洗衣房，住客免费使用。提供高速 Wi‑Fi 及 24 小时热水。	C207
563	花筑宾馆	地址：鹤岗和平路143号（鹤岗）。联系电话：131-11292844。酒店内有健身房和洗衣房，住客免费使用。客房配备记忆棉床垫，保证舒适睡眠。部分房型可俯瞰城市天际线。	C305
564	雅致精品酒店	地址：鹤岗朝阳街352号（鹤岗）。联系电话：187-88932341。酒店内有健身房和洗衣房，住客免费使用。前台多语言服务，支持行李寄存。	C305
565	碧桂精品酒店	地址：鹤岗解放路296号（鹤岗）。联系电话：131-89954139 / 152-69130245。周边 500 米内即是商场与美食街。可手机自助入住，无接触开门。	C305
566	楠舍度假酒店	地址：沈阳解放路55号（皇姑屯）。联系电话：012-33200316 / 024-77033171。提供高速 Wi‑Fi 及 24 小时热水。设有地下停车场与充电桩。	C172
567	楠舍大酒店	地址：沈阳人民大道97号（皇姑屯）。联系电话：054-52876903 / 053-40216215。前台多语言服务，支持行李寄存。设有地下停车场与充电桩。	C172
568	枫叶国际酒店	地址：沈阳朝阳街62号（皇姑屯）。联系电话：186-19041482 / 033-83211877。提供高速 Wi‑Fi 及 24 小时热水。客房配备记忆棉床垫，保证舒适睡眠。可手机自助入住，无接触开门。酒店内有健身房和洗衣房，住客免费使用。	C172
569	碧桂度假酒店	地址：盘州迎宾大道71号（红果）。联系电话：026-72127169。周边 500 米内即是商场与美食街。部分房型可俯瞰城市天际线。	C033
570	云栖精品酒店	地址：盘州中心路137号（红果）。联系电话：152-39388025 / 014-67543838。部分房型可俯瞰城市天际线。客房配备记忆棉床垫，保证舒适睡眠。	C033
571	柏曼酒店	地址：黑河迎宾大道13号（黑河）。联系电话：021-32865524。前台多语言服务，支持行李寄存。酒店内有健身房和洗衣房，住客免费使用。	C310
572	梅园宾馆	地址：黑河建设路139号（黑河）。联系电话：150-88435072 / 039-21212746。周边 500 米内即是商场与美食街。设有地下停车场与充电桩。	C310
573	楠舍宾馆	地址：黑河人民大道103号（黑河）。联系电话：012-60323153。周边 500 米内即是商场与美食街。含自助早餐，菜品丰富。距车站步行 5 分钟，交通便利。	C310
574	花筑国际酒店	地址：怀化和平路71号（怀化）。联系电话：159-62797599 / 017-70924525。部分房型可俯瞰城市天际线。含自助早餐，菜品丰富。周边 500 米内即是商场与美食街。	C125
575	梅园大酒店	地址：怀化解放路298号（怀化）。联系电话：051-83579249。周边 500 米内即是商场与美食街。距车站步行 5 分钟，交通便利。客房配备记忆棉床垫，保证舒适睡眠。提供高速 Wi‑Fi 及 24 小时热水。	C125
576	柏曼度假酒店	地址：怀化和平路234号（怀化）。联系电话：189-89837746 / 153-56136307。酒店内有健身房和洗衣房，住客免费使用。前台多语言服务，支持行李寄存。提供高速 Wi‑Fi 及 24 小时热水。	C125
577	月光精品酒店	地址：怀化人民大道130号（怀化）。联系电话：031-68220611 / 013-46374771。含自助早餐，菜品丰富。可手机自助入住，无接触开门。	C125
578	桔子度假酒店	地址：武汉朝阳街138号（汉口）。联系电话：048-88419647 / 045-71413136。部分房型可俯瞰城市天际线。酒店内有健身房和洗衣房，住客免费使用。前台多语言服务，支持行李寄存。	C164
579	沐兰酒店	地址：武汉建设路295号（汉口）。联系电话：050-36166052 / 150-62414394。设有地下停车场与充电桩。含自助早餐，菜品丰富。提供高速 Wi‑Fi 及 24 小时热水。酒店内有健身房和洗衣房，住客免费使用。	C164
580	桔子大酒店	地址：武汉迎宾大道121号（汉口）。联系电话：198-40641542。可手机自助入住，无接触开门。客房配备记忆棉床垫，保证舒适睡眠。设有地下停车场与充电桩。	C164
581	桔子度假酒店	地址：葫芦岛中心路340号（葫芦岛）。联系电话：189-24839122 / 010-70749226。部分房型可俯瞰城市天际线。客房配备记忆棉床垫，保证舒适睡眠。含自助早餐，菜品丰富。可手机自助入住，无接触开门。	C239
582	雅致大酒店	地址：葫芦岛中心路268号（葫芦岛）。联系电话：047-85454885。含自助早餐，菜品丰富。部分房型可俯瞰城市天际线。距车站步行 5 分钟，交通便利。前台多语言服务，支持行李寄存。	C239
583	梅园国际酒店	地址：葫芦岛和平路201号（葫芦岛）。联系电话：018-70412018。可手机自助入住，无接触开门。提供高速 Wi‑Fi 及 24 小时热水。	C239
584	枫叶度假酒店	地址：牙克石建设路124号（海拉尔）。联系电话：035-66783128。周边 500 米内即是商场与美食街。酒店内有健身房和洗衣房，住客免费使用。部分房型可俯瞰城市天际线。	C060
585	花筑大酒店	地址：牙克石建设路205号（海拉尔）。联系电话：015-66696325 / 053-85976277。客房配备记忆棉床垫，保证舒适睡眠。含自助早餐，菜品丰富。	C060
586	柏曼国际酒店	地址：牙克石迎宾大道385号（海拉尔）。联系电话：028-81519279。酒店内有健身房和洗衣房，住客免费使用。提供高速 Wi‑Fi 及 24 小时热水。设有地下停车场与充电桩。	C060
587	梅园精品酒店	地址：霍林郭勒朝阳街259号（霍林郭勒）。联系电话：041-58723561。客房配备记忆棉床垫，保证舒适睡眠。距车站步行 5 分钟，交通便利。提供高速 Wi‑Fi 及 24 小时热水。含自助早餐，菜品丰富。	C260
588	枫叶宾馆	地址：霍林郭勒建设路75号（霍林郭勒）。联系电话：155-58439849。客房配备记忆棉床垫，保证舒适睡眠。前台多语言服务，支持行李寄存。	C260
589	枫叶宾馆	地址：霍林郭勒迎宾大道124号（霍林郭勒）。联系电话：155-67708379。可手机自助入住，无接触开门。前台多语言服务，支持行李寄存。部分房型可俯瞰城市天际线。提供高速 Wi‑Fi 及 24 小时热水。	C260
590	悦榕酒店	地址：霍林郭勒人民大道158号（霍林郭勒）。联系电话：192-34135685。酒店内有健身房和洗衣房，住客免费使用。距车站步行 5 分钟，交通便利。	C260
591	悦榕宾馆	地址：海伦人民大道298号（海伦）。联系电话：199-26704503 / 196-94783439。前台多语言服务，支持行李寄存。部分房型可俯瞰城市天际线。含自助早餐，菜品丰富。设有地下停车场与充电桩。	C225
592	锦江宾馆	地址：海伦解放路161号（海伦）。联系电话：051-29490407 / 047-25678844。前台多语言服务，支持行李寄存。周边 500 米内即是商场与美食街。设有地下停车场与充电桩。距车站步行 5 分钟，交通便利。	C225
593	雅致精品酒店	地址：侯马解放路28号（侯马）。联系电话：198-31656993。可手机自助入住，无接触开门。部分房型可俯瞰城市天际线。周边 500 米内即是商场与美食街。客房配备记忆棉床垫，保证舒适睡眠。	C011
594	星程大酒店	地址：侯马和平路260号（侯马）。联系电话：042-48518992。提供高速 Wi‑Fi 及 24 小时热水。酒店内有健身房和洗衣房，住客免费使用。前台多语言服务，支持行李寄存。设有地下停车场与充电桩。	C011
595	丽枫国际酒店	地址：哈密建设路382号（哈密）。联系电话：134-54488852 / 180-56053182。酒店内有健身房和洗衣房，住客免费使用。客房配备记忆棉床垫，保证舒适睡眠。前台多语言服务，支持行李寄存。部分房型可俯瞰城市天际线。	C065
596	柏栎度假酒店	地址：哈密中心路379号（哈密）。联系电话：033-83946041。前台多语言服务，支持行李寄存。距车站步行 5 分钟，交通便利。提供高速 Wi‑Fi 及 24 小时热水。客房配备记忆棉床垫，保证舒适睡眠。	C065
597	雅致度假酒店	地址：哈密建设路82号（哈密）。联系电话：181-56910233。前台多语言服务，支持行李寄存。提供高速 Wi‑Fi 及 24 小时热水。	C065
598	沐兰酒店	地址：哈密中心路3号（哈密）。联系电话：027-23963281 / 046-77743663。设有地下停车场与充电桩。距车站步行 5 分钟，交通便利。提供高速 Wi‑Fi 及 24 小时热水。	C065
599	丽枫精品酒店	地址：淮南朝阳街36号（淮南）。联系电话：133-33772187。前台多语言服务，支持行李寄存。含自助早餐，菜品丰富。提供高速 Wi‑Fi 及 24 小时热水。	C188
600	梅园度假酒店	地址：淮南解放路94号（淮南）。联系电话：012-34893520 / 027-84566974。含自助早餐，菜品丰富。设有地下停车场与充电桩。客房配备记忆棉床垫，保证舒适睡眠。	C188
601	沐兰大酒店	地址：淮南解放路164号（淮南）。联系电话：049-24019612 / 042-68545892。提供高速 Wi‑Fi 及 24 小时热水。设有地下停车场与充电桩。	C188
602	璞丽精品酒店	地址：桦南县和平路337号（桦南）。联系电话：136-83292047。设有地下停车场与充电桩。周边 500 米内即是商场与美食街。含自助早餐，菜品丰富。	C026
603	星程酒店	地址：桦南县中心路212号（桦南）。联系电话：195-45366991 / 135-30688633。含自助早餐，菜品丰富。酒店内有健身房和洗衣房，住客免费使用。距车站步行 5 分钟，交通便利。部分房型可俯瞰城市天际线。	C026
604	花筑大酒店	地址：嘉兴建设路12号（海宁西）。联系电话：013-81353902。含自助早餐，菜品丰富。前台多语言服务，支持行李寄存。距车站步行 5 分钟，交通便利。酒店内有健身房和洗衣房，住客免费使用。	C071
605	云栖大酒店	地址：嘉兴和平路148号（海宁西）。联系电话：133-71187770。部分房型可俯瞰城市天际线。距车站步行 5 分钟，交通便利。客房配备记忆棉床垫，保证舒适睡眠。	C071
606	云栖宾馆	地址：嘉兴建设路108号（海宁西）。联系电话：018-57330301 / 024-79699066。客房配备记忆棉床垫，保证舒适睡眠。设有地下停车场与充电桩。前台多语言服务，支持行李寄存。	C071
607	星程度假酒店	地址：嘉兴朝阳街339号（海宁西）。联系电话：189-24204209。酒店内有健身房和洗衣房，住客免费使用。提供高速 Wi‑Fi 及 24 小时热水。周边 500 米内即是商场与美食街。	C071
608	柏栎酒店	地址：鹤庆县朝阳街339号（鹤庆）。联系电话：048-26484077 / 138-60767625。提供高速 Wi‑Fi 及 24 小时热水。部分房型可俯瞰城市天际线。可手机自助入住，无接触开门。	C079
609	丽枫大酒店	地址：鹤庆县中心路42号（鹤庆）。联系电话：192-87514963 / 037-51280716。前台多语言服务，支持行李寄存。酒店内有健身房和洗衣房，住客免费使用。设有地下停车场与充电桩。	C079
610	悦榕酒店	地址：鹤庆县朝阳街62号（鹤庆）。联系电话：048-74369136 / 130-93628056。距车站步行 5 分钟，交通便利。提供高速 Wi‑Fi 及 24 小时热水。设有地下停车场与充电桩。含自助早餐，菜品丰富。	C079
611	璞丽酒店	地址：鹤庆县解放路192号（鹤庆）。联系电话：130-79687426 / 199-44479124。可手机自助入住，无接触开门。提供高速 Wi‑Fi 及 24 小时热水。距车站步行 5 分钟，交通便利。	C079
612	月光大酒店	地址：北京中心路182号（怀柔北）。联系电话：040-21174266。前台多语言服务，支持行李寄存。设有地下停车场与充电桩。提供高速 Wi‑Fi 及 24 小时热水。酒店内有健身房和洗衣房，住客免费使用。	C039
613	悦榕国际酒店	地址：北京和平路112号（怀柔北）。联系电话：041-79152268 / 135-16952636。部分房型可俯瞰城市天际线。可手机自助入住，无接触开门。距车站步行 5 分钟，交通便利。酒店内有健身房和洗衣房，住客免费使用。	C039
614	沐兰国际酒店	地址：北京建设路205号（怀柔）。联系电话：047-56783483。前台多语言服务，支持行李寄存。含自助早餐，菜品丰富。	C039
615	星程宾馆	地址：北京中心路297号（怀柔）。联系电话：137-29567975。部分房型可俯瞰城市天际线。含自助早餐，菜品丰富。提供高速 Wi‑Fi 及 24 小时热水。	C039
616	雅致宾馆	地址：黄石迎宾大道294号（黄石东）。联系电话：150-58062884 / 130-19013801。提供高速 Wi‑Fi 及 24 小时热水。含自助早餐，菜品丰富。	C309
617	悦榕大酒店	地址：黄石解放路119号（黄石东）。联系电话：016-79817229 / 030-39404226。酒店内有健身房和洗衣房，住客免费使用。前台多语言服务，支持行李寄存。	C309
618	桔子度假酒店	地址：华阴人民大道189号（华山）。联系电话：016-36454899。部分房型可俯瞰城市天际线。前台多语言服务，支持行李寄存。设有地下停车场与充电桩。	C193
619	柏曼精品酒店	地址：华阴朝阳街23号（华山）。联系电话：033-55127803 / 156-25242254。距车站步行 5 分钟，交通便利。周边 500 米内即是商场与美食街。含自助早餐，菜品丰富。设有地下停车场与充电桩。	C193
620	锦江度假酒店	地址：华阴人民大道376号（华山）。联系电话：132-17671980。部分房型可俯瞰城市天际线。酒店内有健身房和洗衣房，住客免费使用。	C193
621	锦江大酒店	地址：黄山迎宾大道223号（黄山）。联系电话：033-44187327。设有地下停车场与充电桩。部分房型可俯瞰城市天际线。	C308
622	丽枫大酒店	地址：黄山解放路160号（黄山）。联系电话：021-24290652 / 010-72227212。设有地下停车场与充电桩。提供高速 Wi‑Fi 及 24 小时热水。周边 500 米内即是商场与美食街。酒店内有健身房和洗衣房，住客免费使用。	C308
623	悦榕国际酒店	地址：黄山中心路119号（黄山）。联系电话：043-89406245 / 043-23701051。部分房型可俯瞰城市天际线。客房配备记忆棉床垫，保证舒适睡眠。	C308
624	梅园大酒店	地址：大冶建设路97号（黄石）。联系电话：131-69561380。客房配备记忆棉床垫，保证舒适睡眠。含自助早餐，菜品丰富。前台多语言服务，支持行李寄存。	C309
625	柏栎大酒店	地址：大冶人民大道328号（黄石）。联系电话：138-58795402。设有地下停车场与充电桩。酒店内有健身房和洗衣房，住客免费使用。部分房型可俯瞰城市天际线。客房配备记忆棉床垫，保证舒适睡眠。	C309
626	柏曼精品酒店	地址：大冶中心路350号（黄石）。联系电话：186-72651818 / 139-62877784。客房配备记忆棉床垫，保证舒适睡眠。酒店内有健身房和洗衣房，住客免费使用。提供高速 Wi‑Fi 及 24 小时热水。前台多语言服务，支持行李寄存。	C309
627	梅园精品酒店	地址：大冶解放路169号（黄石）。联系电话：021-28174331 / 138-64810837。可手机自助入住，无接触开门。酒店内有健身房和洗衣房，住客免费使用。周边 500 米内即是商场与美食街。	C309
628	云栖国际酒店	地址：衡水人民大道15号（衡水）。联系电话：194-68222726。周边 500 米内即是商场与美食街。设有地下停车场与充电桩。	C241
629	月光大酒店	地址：衡水和平路298号（衡水）。联系电话：135-93713609。提供高速 Wi‑Fi 及 24 小时热水。含自助早餐，菜品丰富。	C241
630	雅致精品酒店	地址：衡水建设路105号（衡水）。联系电话：058-66232064。酒店内有健身房和洗衣房，住客免费使用。部分房型可俯瞰城市天际线。	C241
631	丽枫度假酒店	地址：衡阳迎宾大道182号（衡阳）。联系电话：054-24570671。酒店内有健身房和洗衣房，住客免费使用。设有地下停车场与充电桩。提供高速 Wi‑Fi 及 24 小时热水。	C242
632	枫叶国际酒店	地址：衡阳和平路149号（衡阳）。联系电话：046-77744732 / 023-55734594。客房配备记忆棉床垫，保证舒适睡眠。周边 500 米内即是商场与美食街。部分房型可俯瞰城市天际线。	C242
633	悦榕精品酒店	地址：菏泽解放路394号（菏泽）。联系电话：019-80093457 / 195-77061737。可手机自助入住，无接触开门。周边 500 米内即是商场与美食街。客房配备记忆棉床垫，保证舒适睡眠。	C236
634	枫叶国际酒店	地址：菏泽人民大道224号（菏泽）。联系电话：056-85409707。含自助早餐，菜品丰富。提供高速 Wi‑Fi 及 24 小时热水。酒店内有健身房和洗衣房，住客免费使用。	C236
635	云栖精品酒店	地址：菏泽建设路217号（菏泽）。联系电话：041-85332345 / 131-71492906。周边 500 米内即是商场与美食街。前台多语言服务，支持行李寄存。距车站步行 5 分钟，交通便利。	C236
636	雅致精品酒店	地址：菏泽建设路178号（菏泽）。联系电话：135-62499892。酒店内有健身房和洗衣房，住客免费使用。周边 500 米内即是商场与美食街。距车站步行 5 分钟，交通便利。部分房型可俯瞰城市天际线。	C236
637	枫叶度假酒店	地址：贺州解放路71号（贺州）。联系电话：019-24665099 / 019-49095701。含自助早餐，菜品丰富。设有地下停车场与充电桩。可手机自助入住，无接触开门。	C250
638	月光国际酒店	地址：贺州建设路103号（贺州）。联系电话：152-56593559 / 039-27973135。可手机自助入住，无接触开门。距车站步行 5 分钟，交通便利。	C250
639	柏曼精品酒店	地址：贺州朝阳街46号（贺州）。联系电话：037-51745213 / 056-28615593。酒店内有健身房和洗衣房，住客免费使用。前台多语言服务，支持行李寄存。	C250
640	桔子国际酒店	地址：贺州中心路139号（贺州）。联系电话：043-44052922 / 156-44426951。前台多语言服务，支持行李寄存。酒店内有健身房和洗衣房，住客免费使用。	C250
641	桔子大酒店	地址：汉中人民大道255号（汉中）。联系电话：184-95131291 / 050-47757513。提供高速 Wi‑Fi 及 24 小时热水。距车站步行 5 分钟，交通便利。可手机自助入住，无接触开门。	C167
642	丽枫国际酒店	地址：汉中建设路142号（汉中）。联系电话：136-69231654 / 192-59935804。前台多语言服务，支持行李寄存。酒店内有健身房和洗衣房，住客免费使用。设有地下停车场与充电桩。	C167
643	沐兰国际酒店	地址：惠州人民大道315号（惠州）。联系电话：025-42876396 / 186-42801929。设有地下停车场与充电桩。含自助早餐，菜品丰富。	C127
644	桔子度假酒店	地址：惠州朝阳街139号（惠州）。联系电话：017-64073784。周边 500 米内即是商场与美食街。部分房型可俯瞰城市天际线。提供高速 Wi‑Fi 及 24 小时热水。含自助早餐，菜品丰富。	C127
645	桔子度假酒店	地址：惠州迎宾大道229号（惠州）。联系电话：055-24892014 / 053-57341458。可手机自助入住，无接触开门。提供高速 Wi‑Fi 及 24 小时热水。	C127
646	枫叶精品酒店	地址：吉安迎宾大道114号（吉安）。联系电话：139-38606034 / 015-67243182。设有地下停车场与充电桩。含自助早餐，菜品丰富。可手机自助入住，无接触开门。	C054
647	柏曼精品酒店	地址：吉安中心路218号（吉安）。联系电话：011-35244587 / 014-38608821。含自助早餐，菜品丰富。可手机自助入住，无接触开门。前台多语言服务，支持行李寄存。距车站步行 5 分钟，交通便利。	C054
648	丽枫精品酒店	地址：集安人民大道375号（集安）。联系电话：043-86230698。提供高速 Wi‑Fi 及 24 小时热水。设有地下停车场与充电桩。	C259
649	雅致国际酒店	地址：集安人民大道365号（集安）。联系电话：055-59773504 / 180-92083732。含自助早餐，菜品丰富。提供高速 Wi‑Fi 及 24 小时热水。设有地下停车场与充电桩。	C259
650	锦江国际酒店	地址：集安建设路68号（集安）。联系电话：137-44686721 / 198-74081975。可手机自助入住，无接触开门。酒店内有健身房和洗衣房，住客免费使用。周边 500 米内即是商场与美食街。	C259
651	枫叶精品酒店	地址：抚州解放路100号（江边村）。联系电话：036-87106762 / 029-57135164。含自助早餐，菜品丰富。周边 500 米内即是商场与美食街。	C131
652	云栖宾馆	地址：抚州建设路133号（江边村）。联系电话：030-60631222。酒店内有健身房和洗衣房，住客免费使用。距车站步行 5 分钟，交通便利。周边 500 米内即是商场与美食街。含自助早餐，菜品丰富。	C131
653	枫叶精品酒店	地址：抚州朝阳街95号（江边村）。联系电话：024-49289658。含自助早餐，菜品丰富。提供高速 Wi‑Fi 及 24 小时热水。设有地下停车场与充电桩。前台多语言服务，支持行李寄存。	C131
654	碧桂度假酒店	地址：抚州迎宾大道89号（江边村）。联系电话：032-69990957 / 180-29384233。设有地下停车场与充电桩。含自助早餐，菜品丰富。距车站步行 5 分钟，交通便利。	C131
655	梅园宾馆	地址：晋城迎宾大道5号（晋城）。联系电话：158-64923803 / 011-26100641。设有地下停车场与充电桩。酒店内有健身房和洗衣房，住客免费使用。周边 500 米内即是商场与美食街。	C146
656	碧桂大酒店	地址：晋城和平路355号（晋城）。联系电话：194-26303702。提供高速 Wi‑Fi 及 24 小时热水。可手机自助入住，无接触开门。酒店内有健身房和洗衣房，住客免费使用。	C146
657	沐兰精品酒店	地址：河池中心路140号（金城江）。联系电话：198-69770232。部分房型可俯瞰城市天际线。含自助早餐，菜品丰富。提供高速 Wi‑Fi 及 24 小时热水。	C174
658	月光国际酒店	地址：河池解放路66号（金城江）。联系电话：024-83638839。提供高速 Wi‑Fi 及 24 小时热水。含自助早餐，菜品丰富。前台多语言服务，支持行李寄存。	C174
659	碧桂度假酒店	地址：河池解放路53号（金城江）。联系电话：058-22193668 / 150-39531962。酒店内有健身房和洗衣房，住客免费使用。部分房型可俯瞰城市天际线。距车站步行 5 分钟，交通便利。周边 500 米内即是商场与美食街。	C174
660	柏栎精品酒店	地址：河池解放路371号（金城江）。联系电话：025-77811450。前台多语言服务，支持行李寄存。客房配备记忆棉床垫，保证舒适睡眠。部分房型可俯瞰城市天际线。设有地下停车场与充电桩。	C174
661	丽枫大酒店	地址：景德镇中心路96号（景德镇）。联系电话：056-21832851 / 051-74333943。含自助早餐，菜品丰富。酒店内有健身房和洗衣房，住客免费使用。距车站步行 5 分钟，交通便利。设有地下停车场与充电桩。	C147
662	枫叶精品酒店	地址：景德镇中心路160号（景德镇）。联系电话：193-40256650。距车站步行 5 分钟，交通便利。设有地下停车场与充电桩。	C147
663	月光度假酒店	地址：景德镇解放路128号（景德镇）。联系电话：137-19883713 / 057-43644271。可手机自助入住，无接触开门。客房配备记忆棉床垫，保证舒适睡眠。	C147
664	梅园宾馆	地址：沁水县和平路7号（嘉峰）。联系电话：036-89348263。提供高速 Wi‑Fi 及 24 小时热水。部分房型可俯瞰城市天际线。设有地下停车场与充电桩。前台多语言服务，支持行李寄存。	C146
665	枫叶大酒店	地址：沁水县和平路158号（嘉峰）。联系电话：049-65848306。酒店内有健身房和洗衣房，住客免费使用。周边 500 米内即是商场与美食街。含自助早餐，菜品丰富。部分房型可俯瞰城市天际线。	C146
666	锦江度假酒店	地址：大兴安岭人民大道323号（加格达奇）。联系电话：040-76404008。前台多语言服务，支持行李寄存。可手机自助入住，无接触开门。客房配备记忆棉床垫，保证舒适睡眠。	C076
667	星程酒店	地址：大兴安岭迎宾大道232号（加格达奇）。联系电话：042-40270237 / 046-52608331。酒店内有健身房和洗衣房，住客免费使用。可手机自助入住，无接触开门。周边 500 米内即是商场与美食街。	C076
668	楠舍精品酒店	地址：井冈山建设路274号（井冈山）。联系电话：154-87518190 / 194-89720303。周边 500 米内即是商场与美食街。含自助早餐，菜品丰富。客房配备记忆棉床垫，保证舒适睡眠。距车站步行 5 分钟，交通便利。	C054
669	梅园大酒店	地址：井冈山迎宾大道294号（井冈山）。联系电话：138-90070606。酒店内有健身房和洗衣房，住客免费使用。距车站步行 5 分钟，交通便利。	C054
670	沐兰国际酒店	地址：井冈山和平路138号（井冈山）。联系电话：195-93355676 / 046-80671941。可手机自助入住，无接触开门。提供高速 Wi‑Fi 及 24 小时热水。酒店内有健身房和洗衣房，住客免费使用。设有地下停车场与充电桩。	C054
671	柏栎宾馆	地址：蛟河朝阳街90号（蛟河）。联系电话：013-24301967 / 021-25133249。提供高速 Wi‑Fi 及 24 小时热水。设有地下停车场与充电桩。酒店内有健身房和洗衣房，住客免费使用。	C055
672	碧桂宾馆	地址：蛟河解放路257号（蛟河）。联系电话：190-89636932 / 055-73342624。距车站步行 5 分钟，交通便利。前台多语言服务，支持行李寄存。	C055
673	柏曼大酒店	地址：金华和平路380号（金华南）。联系电话：136-79387288。部分房型可俯瞰城市天际线。周边 500 米内即是商场与美食街。	C273
674	丽枫度假酒店	地址：金华人民大道172号（金华南）。联系电话：134-71435576。含自助早餐，菜品丰富。客房配备记忆棉床垫，保证舒适睡眠。前台多语言服务，支持行李寄存。	C273
675	桔子宾馆	地址：金华迎宾大道173号（金华南）。联系电话：133-64157840 / 016-60393473。含自助早餐，菜品丰富。前台多语言服务，支持行李寄存。	C273
676	柏曼酒店	地址：金华迎宾大道263号（金华南）。联系电话：017-52599209 / 155-67723283。距车站步行 5 分钟，交通便利。设有地下停车场与充电桩。	C273
677	桔子大酒店	地址：金华人民大道93号（金华）。联系电话：190-59257860。可手机自助入住，无接触开门。前台多语言服务，支持行李寄存。	C273
678	花筑国际酒店	地址：金华中心路133号（金华）。联系电话：135-97595013 / 033-23294774。距车站步行 5 分钟，交通便利。前台多语言服务，支持行李寄存。提供高速 Wi‑Fi 及 24 小时热水。	C273
679	丽枫宾馆	地址：金华迎宾大道97号（金华）。联系电话：026-21665898 / 132-14213824。酒店内有健身房和洗衣房，住客免费使用。含自助早餐，菜品丰富。	C273
680	枫叶度假酒店	地址：九江解放路113号（九江）。联系电话：150-92275767 / 150-11705708。距车站步行 5 分钟，交通便利。可手机自助入住，无接触开门。周边 500 米内即是商场与美食街。部分房型可俯瞰城市天际线。	C020
681	花筑精品酒店	地址：九江朝阳街75号（九江）。联系电话：044-57644778。客房配备记忆棉床垫，保证舒适睡眠。前台多语言服务，支持行李寄存。部分房型可俯瞰城市天际线。	C020
682	沐兰度假酒店	地址：吉林和平路70号（吉林）。联系电话：138-36126003。部分房型可俯瞰城市天际线。距车站步行 5 分钟，交通便利。	C316
683	丽枫国际酒店	地址：吉林人民大道2号（吉林）。联系电话：013-48222756。可手机自助入住，无接触开门。周边 500 米内即是商场与美食街。	C316
684	桔子精品酒店	地址：吉林建设路111号（吉林）。联系电话：184-95621289 / 136-56870338。前台多语言服务，支持行李寄存。周边 500 米内即是商场与美食街。部分房型可俯瞰城市天际线。	C316
685	雅致酒店	地址：吉林解放路270号（吉林）。联系电话：024-85692598 / 059-21296792。可手机自助入住，无接触开门。距车站步行 5 分钟，交通便利。客房配备记忆棉床垫，保证舒适睡眠。前台多语言服务，支持行李寄存。	C316
686	碧桂精品酒店	地址：荆门迎宾大道325号（荆门）。联系电话：196-21021227。提供高速 Wi‑Fi 及 24 小时热水。含自助早餐，菜品丰富。距车站步行 5 分钟，交通便利。可手机自助入住，无接触开门。	C234
687	月光精品酒店	地址：荆门解放路38号（荆门）。联系电话：029-46446471 / 198-71617837。含自助早餐，菜品丰富。距车站步行 5 分钟，交通便利。	C234
688	锦江酒店	地址：荆门朝阳街22号（荆门）。联系电话：182-74068503。设有地下停车场与充电桩。可手机自助入住，无接触开门。部分房型可俯瞰城市天际线。	C234
689	楠舍精品酒店	地址：佳木斯和平路206号（佳木斯）。联系电话：180-82220625 / 155-31869258。可手机自助入住，无接触开门。含自助早餐，菜品丰富。酒店内有健身房和洗衣房，住客免费使用。设有地下停车场与充电桩。	C026
690	沐兰宾馆	地址：佳木斯人民大道299号（佳木斯）。联系电话：015-32866156。提供高速 Wi‑Fi 及 24 小时热水。周边 500 米内即是商场与美食街。设有地下停车场与充电桩。可手机自助入住，无接触开门。	C026
691	花筑国际酒店	地址：佳木斯解放路394号（佳木斯）。联系电话：021-63458366。含自助早餐，菜品丰富。酒店内有健身房和洗衣房，住客免费使用。可手机自助入住，无接触开门。	C026
692	璞丽度假酒店	地址：佳木斯和平路132号（佳木斯）。联系电话：011-52027001。客房配备记忆棉床垫，保证舒适睡眠。周边 500 米内即是商场与美食街。酒店内有健身房和洗衣房，住客免费使用。	C026
693	枫叶大酒店	地址：济宁迎宾大道397号（济宁）。联系电话：026-43881951。距车站步行 5 分钟，交通便利。部分房型可俯瞰城市天际线。前台多语言服务，支持行李寄存。设有地下停车场与充电桩。	C181
694	月光国际酒店	地址：济宁建设路360号（济宁）。联系电话：150-61164263。前台多语言服务，支持行李寄存。距车站步行 5 分钟，交通便利。提供高速 Wi‑Fi 及 24 小时热水。设有地下停车场与充电桩。	C181
695	桔子宾馆	地址：济宁朝阳街378号（济宁）。联系电话：199-30990580 / 137-27384799。前台多语言服务，支持行李寄存。客房配备记忆棉床垫，保证舒适睡眠。设有地下停车场与充电桩。	C181
696	雅致酒店	地址：济宁中心路59号（济宁）。联系电话：030-50800236。提供高速 Wi‑Fi 及 24 小时热水。酒店内有健身房和洗衣房，住客免费使用。含自助早餐，菜品丰富。	C181
697	桔子度假酒店	地址：乌兰察布建设路319号（集宁南）。联系电话：010-39460251 / 050-23819011。部分房型可俯瞰城市天际线。酒店内有健身房和洗衣房，住客免费使用。设有地下停车场与充电桩。	C016
698	碧桂国际酒店	地址：乌兰察布解放路95号（集宁南）。联系电话：153-96994937 / 028-40183922。酒店内有健身房和洗衣房，住客免费使用。含自助早餐，菜品丰富。	C016
699	柏栎度假酒店	地址：乌兰察布解放路103号（集宁南）。联系电话：013-22779276 / 024-75060947。距车站步行 5 分钟，交通便利。客房配备记忆棉床垫，保证舒适睡眠。可手机自助入住，无接触开门。	C016
700	柏栎酒店	地址：酒泉人民大道210号（酒泉）。联系电话：199-68300701。距车站步行 5 分钟，交通便利。前台多语言服务，支持行李寄存。	C271
701	悦榕度假酒店	地址：酒泉朝阳街371号（酒泉）。联系电话：190-35941003 / 154-57005027。设有地下停车场与充电桩。部分房型可俯瞰城市天际线。	C271
702	璞丽大酒店	地址：酒泉朝阳街231号（酒泉）。联系电话：034-67538406 / 190-90069137。周边 500 米内即是商场与美食街。客房配备记忆棉床垫，保证舒适睡眠。	C271
703	桔子大酒店	地址：江山建设路110号（江山）。联系电话：187-80653994。客房配备记忆棉床垫，保证舒适睡眠。可手机自助入住，无接触开门。前台多语言服务，支持行李寄存。	C243
704	丽枫度假酒店	地址：江山迎宾大道145号（江山）。联系电话：189-94186226 / 134-16479358。距车站步行 5 分钟，交通便利。含自助早餐，菜品丰富。部分房型可俯瞰城市天际线。	C243
705	云栖精品酒店	地址：江山迎宾大道256号（江山）。联系电话：132-15736471。客房配备记忆棉床垫，保证舒适睡眠。前台多语言服务，支持行李寄存。	C243
706	璞丽精品酒店	地址：湘西土家族苗族自治州迎宾大道10号（吉首）。联系电话：196-29554930 / 019-30647697。可手机自助入住，无接触开门。提供高速 Wi‑Fi 及 24 小时热水。	C196
707	璞丽宾馆	地址：湘西土家族苗族自治州和平路61号（吉首）。联系电话：196-35904647 / 027-63962402。客房配备记忆棉床垫，保证舒适睡眠。周边 500 米内即是商场与美食街。	C196
708	悦榕度假酒店	地址：湘西土家族苗族自治州解放路130号（吉首）。联系电话：189-18961015 / 134-32793468。提供高速 Wi‑Fi 及 24 小时热水。部分房型可俯瞰城市天际线。	C196
709	月光国际酒店	地址：长春建设路79号（九台）。联系电话：190-32030393 / 185-92137362。含自助早餐，菜品丰富。客房配备记忆棉床垫，保证舒适睡眠。距车站步行 5 分钟，交通便利。提供高速 Wi‑Fi 及 24 小时热水。	C283
710	枫叶宾馆	地址：长春中心路250号（九台）。联系电话：048-86483052。周边 500 米内即是商场与美食街。设有地下停车场与充电桩。可手机自助入住，无接触开门。	C283
711	桔子精品酒店	地址：长春朝阳街209号（九台）。联系电话：045-54113399。含自助早餐，菜品丰富。距车站步行 5 分钟，交通便利。客房配备记忆棉床垫，保证舒适睡眠。可手机自助入住，无接触开门。	C283
712	桔子精品酒店	地址：肃南裕固族自治县中心路52号（镜铁山）。联系电话：186-25712991。酒店内有健身房和洗衣房，住客免费使用。含自助早餐，菜品丰富。	C120
713	桔子宾馆	地址：肃南裕固族自治县和平路285号（镜铁山）。联系电话：020-88248382 / 194-94142771。距车站步行 5 分钟，交通便利。酒店内有健身房和洗衣房，住客免费使用。可手机自助入住，无接触开门。	C120
714	柏曼精品酒店	地址：鸡西朝阳街175号（鸡西）。联系电话：182-29788891。部分房型可俯瞰城市天际线。前台多语言服务，支持行李寄存。含自助早餐，菜品丰富。可手机自助入住，无接触开门。	C303
715	雅致酒店	地址：鸡西人民大道110号（鸡西）。联系电话：197-28929427。距车站步行 5 分钟，交通便利。提供高速 Wi‑Fi 及 24 小时热水。	C303
716	梅园国际酒店	地址：绩溪县朝阳街303号（绩溪县）。联系电话：152-46640938。前台多语言服务，支持行李寄存。距车站步行 5 分钟，交通便利。提供高速 Wi‑Fi 及 24 小时热水。含自助早餐，菜品丰富。	C098
717	锦江精品酒店	地址：绩溪县解放路101号（绩溪县）。联系电话：021-33703992 / 183-11232454。距车站步行 5 分钟，交通便利。可手机自助入住，无接触开门。周边 500 米内即是商场与美食街。	C098
718	桔子宾馆	地址：绩溪县人民大道305号（绩溪县）。联系电话：034-43965488 / 199-50129191。酒店内有健身房和洗衣房，住客免费使用。提供高速 Wi‑Fi 及 24 小时热水。含自助早餐，菜品丰富。设有地下停车场与充电桩。	C098
719	楠舍宾馆	地址：绩溪县中心路16号（绩溪县）。联系电话：190-56022977 / 011-72012488。周边 500 米内即是商场与美食街。可手机自助入住，无接触开门。	C098
720	璞丽大酒店	地址：嘉峪关人民大道374号（嘉峪关）。联系电话：046-51648690。客房配备记忆棉床垫，保证舒适睡眠。提供高速 Wi‑Fi 及 24 小时热水。	C072
721	云栖大酒店	地址：嘉峪关迎宾大道225号（嘉峪关）。联系电话：014-58975995。可手机自助入住，无接触开门。前台多语言服务，支持行李寄存。	C072
722	碧桂国际酒店	地址：嘉峪关建设路308号（嘉峪关）。联系电话：023-57390233。部分房型可俯瞰城市天际线。周边 500 米内即是商场与美食街。	C072
723	柏栎大酒店	地址：嘉峪关人民大道225号（嘉峪关）。联系电话：199-73753844 / 058-50967233。含自助早餐，菜品丰富。酒店内有健身房和洗衣房，住客免费使用。	C072
724	月光精品酒店	地址：江油建设路63号（江油）。联系电话：017-50878292。部分房型可俯瞰城市天际线。客房配备记忆棉床垫，保证舒适睡眠。	C226
725	柏曼酒店	地址：江油建设路1号（江油）。联系电话：015-84170954。可手机自助入住，无接触开门。提供高速 Wi‑Fi 及 24 小时热水。客房配备记忆棉床垫，保证舒适睡眠。前台多语言服务，支持行李寄存。	C226
726	桔子宾馆	地址：江油解放路327号（江油）。联系电话：187-25993517 / 139-83133866。含自助早餐，菜品丰富。设有地下停车场与充电桩。	C226
727	柏栎宾馆	地址：江油迎宾大道14号（江油）。联系电话：019-64652898 / 190-11939655。含自助早餐，菜品丰富。酒店内有健身房和洗衣房，住客免费使用。	C226
728	悦榕度假酒店	地址：天津解放路208号（蓟州北）。联系电话：136-22805482 / 051-54659140。酒店内有健身房和洗衣房，住客免费使用。距车站步行 5 分钟，交通便利。	C082
729	月光宾馆	地址：天津和平路139号（蓟州北）。联系电话：028-58793424。客房配备记忆棉床垫，保证舒适睡眠。部分房型可俯瞰城市天际线。前台多语言服务，支持行李寄存。距车站步行 5 分钟，交通便利。	C082
730	云栖国际酒店	地址：大连建设路86号（金州）。联系电话：035-87440583。提供高速 Wi‑Fi 及 24 小时热水。设有地下停车场与充电桩。	C080
731	云栖国际酒店	地址：大连迎宾大道314号（金州）。联系电话：044-64175631 / 028-78400539。提供高速 Wi‑Fi 及 24 小时热水。前台多语言服务，支持行李寄存。可手机自助入住，无接触开门。	C080
732	雅致酒店	地址：锦州建设路250号（锦州）。联系电话：049-80550286。含自助早餐，菜品丰富。部分房型可俯瞰城市天际线。	C281
733	璞丽大酒店	地址：锦州解放路189号（锦州）。联系电话：040-57761818。部分房型可俯瞰城市天际线。距车站步行 5 分钟，交通便利。客房配备记忆棉床垫，保证舒适睡眠。	C281
734	沐兰酒店	地址：锦州建设路388号（锦州）。联系电话：015-20142042。可手机自助入住，无接触开门。设有地下停车场与充电桩。客房配备记忆棉床垫，保证舒适睡眠。	C281
735	悦榕大酒店	地址：锦州迎宾大道355号（锦州）。联系电话：156-70189436。设有地下停车场与充电桩。距车站步行 5 分钟，交通便利。	C281
736	柏栎国际酒店	地址：库尔勒朝阳街39号（库尔勒）。联系电话：010-37806255。酒店内有健身房和洗衣房，住客免费使用。提供高速 Wi‑Fi 及 24 小时热水。设有地下停车场与充电桩。	C105
737	枫叶精品酒店	地址：库尔勒建设路323号（库尔勒）。联系电话：032-25320903。客房配备记忆棉床垫，保证舒适睡眠。周边 500 米内即是商场与美食街。含自助早餐，菜品丰富。	C105
738	柏曼大酒店	地址：库尔勒中心路304号（库尔勒）。联系电话：055-29614958 / 136-55842702。可手机自助入住，无接触开门。前台多语言服务，支持行李寄存。	C105
739	枫叶国际酒店	地址：开封中心路388号（开封）。联系电话：156-76009864。提供高速 Wi‑Fi 及 24 小时热水。部分房型可俯瞰城市天际线。前台多语言服务，支持行李寄存。距车站步行 5 分钟，交通便利。	C117
740	星程精品酒店	地址：开封迎宾大道226号（开封）。联系电话：131-33944111 / 014-72590976。客房配备记忆棉床垫，保证舒适睡眠。设有地下停车场与充电桩。	C117
741	云栖宾馆	地址：开封建设路374号（开封）。联系电话：035-86414696。酒店内有健身房和洗衣房，住客免费使用。周边 500 米内即是商场与美食街。	C117
742	锦江宾馆	地址：开封中心路235号（开封）。联系电话：022-54749122 / 138-74087310。设有地下停车场与充电桩。部分房型可俯瞰城市天际线。提供高速 Wi‑Fi 及 24 小时热水。	C117
743	枫叶精品酒店	地址：岢岚县解放路301号（岢岚）。联系电话：187-79420927。距车站步行 5 分钟，交通便利。周边 500 米内即是商场与美食街。	C124
744	花筑度假酒店	地址：岢岚县迎宾大道230号（岢岚）。联系电话：057-25433531。含自助早餐，菜品丰富。设有地下停车场与充电桩。	C124
745	梅园酒店	地址：岢岚县建设路241号（岢岚）。联系电话：156-76795378。周边 500 米内即是商场与美食街。部分房型可俯瞰城市天际线。前台多语言服务，支持行李寄存。	C124
746	柏栎精品酒店	地址：凯里建设路96号（凯里）。联系电话：158-79213904 / 185-83963581。含自助早餐，菜品丰富。部分房型可俯瞰城市天际线。距车站步行 5 分钟，交通便利。提供高速 Wi‑Fi 及 24 小时热水。	C311
747	梅园度假酒店	地址：凯里迎宾大道27号（凯里）。联系电话：156-83947707。可手机自助入住，无接触开门。距车站步行 5 分钟，交通便利。设有地下停车场与充电桩。提供高速 Wi‑Fi 及 24 小时热水。	C311
748	沐兰度假酒店	地址：喀什迎宾大道59号（喀什）。联系电话：182-20579958 / 155-50214518。周边 500 米内即是商场与美食街。可手机自助入住，无接触开门。	C070
749	花筑度假酒店	地址：喀什朝阳街287号（喀什）。联系电话：132-35876607。部分房型可俯瞰城市天际线。前台多语言服务，支持行李寄存。周边 500 米内即是商场与美食街。提供高速 Wi‑Fi 及 24 小时热水。	C070
750	梅园大酒店	地址：喀什和平路198号（喀什）。联系电话：016-57699919 / 035-57749964。部分房型可俯瞰城市天际线。可手机自助入住，无接触开门。设有地下停车场与充电桩。	C070
751	雅致酒店	地址：昆山和平路271号（昆山南）。联系电话：180-10705968。客房配备记忆棉床垫，保证舒适睡眠。含自助早餐，菜品丰富。	C231
752	碧桂国际酒店	地址：昆山建设路6号（昆山南）。联系电话：054-46466357。酒店内有健身房和洗衣房，住客免费使用。部分房型可俯瞰城市天际线。距车站步行 5 分钟，交通便利。设有地下停车场与充电桩。	C231
753	桔子大酒店	地址：奎屯迎宾大道197号（奎屯）。联系电话：153-68805540。距车站步行 5 分钟，交通便利。含自助早餐，菜品丰富。周边 500 米内即是商场与美食街。可手机自助入住，无接触开门。	C024
754	花筑精品酒店	地址：奎屯人民大道285号（奎屯）。联系电话：043-80241879。提供高速 Wi‑Fi 及 24 小时热水。可手机自助入住，无接触开门。	C024
755	桔子大酒店	地址：开原中心路357号（开原）。联系电话：059-86198805。前台多语言服务，支持行李寄存。酒店内有健身房和洗衣房，住客免费使用。	C276
756	璞丽度假酒店	地址：开原建设路90号（开原）。联系电话：199-69771010 / 045-54652765。部分房型可俯瞰城市天际线。酒店内有健身房和洗衣房，住客免费使用。可手机自助入住，无接触开门。提供高速 Wi‑Fi 及 24 小时热水。	C276
757	锦江度假酒店	地址：开原迎宾大道191号（开原）。联系电话：153-16796446。前台多语言服务，支持行李寄存。设有地下停车场与充电桩。客房配备记忆棉床垫，保证舒适睡眠。	C276
758	璞丽国际酒店	地址：六安中心路142号（六安）。联系电话：057-44973090 / 198-62663872。距车站步行 5 分钟，交通便利。可手机自助入住，无接触开门。客房配备记忆棉床垫，保证舒适睡眠。	C032
759	梅园国际酒店	地址：六安建设路334号（六安）。联系电话：038-20938228 / 036-26662907。含自助早餐，菜品丰富。前台多语言服务，支持行李寄存。酒店内有健身房和洗衣房，住客免费使用。可手机自助入住，无接触开门。	C032
760	枫叶酒店	地址：灵宝中心路166号（灵宝）。联系电话：135-52714322 / 153-27744515。提供高速 Wi‑Fi 及 24 小时热水。客房配备记忆棉床垫，保证舒适睡眠。	C004
761	星程国际酒店	地址：灵宝中心路274号（灵宝）。联系电话：131-85971608 / 197-14344378。酒店内有健身房和洗衣房，住客免费使用。提供高速 Wi‑Fi 及 24 小时热水。可手机自助入住，无接触开门。	C004
762	星程国际酒店	地址：灵宝解放路100号（灵宝）。联系电话：049-47499373。周边 500 米内即是商场与美食街。设有地下停车场与充电桩。	C004
763	雅致国际酒店	地址：灵宝朝阳街104号（灵宝）。联系电话：042-29992499 / 198-74447002。周边 500 米内即是商场与美食街。设有地下停车场与充电桩。	C004
764	桔子国际酒店	地址：上海人民大道272号（芦潮港）。联系电话：047-55083492 / 196-84030303。设有地下停车场与充电桩。含自助早餐，菜品丰富。客房配备记忆棉床垫，保证舒适睡眠。提供高速 Wi‑Fi 及 24 小时热水。	C005
765	星程度假酒店	地址：上海迎宾大道113号（芦潮港）。联系电话：191-90766861 / 130-95415055。可手机自助入住，无接触开门。距车站步行 5 分钟，交通便利。部分房型可俯瞰城市天际线。	C005
766	花筑宾馆	地址：上海和平路85号（芦潮港）。联系电话：026-44126060。设有地下停车场与充电桩。部分房型可俯瞰城市天际线。前台多语言服务，支持行李寄存。含自助早餐，菜品丰富。	C005
767	碧桂精品酒店	地址：利川朝阳街113号（利川）。联系电话：193-39443880 / 131-59235283。前台多语言服务，支持行李寄存。含自助早餐，菜品丰富。提供高速 Wi‑Fi 及 24 小时热水。酒店内有健身房和洗衣房，住客免费使用。	C126
768	锦江精品酒店	地址：利川迎宾大道158号（利川）。联系电话：051-78109597。周边 500 米内即是商场与美食街。酒店内有健身房和洗衣房，住客免费使用。	C126
769	梅园酒店	地址：利川解放路215号（利川）。联系电话：192-17191848。距车站步行 5 分钟，交通便利。部分房型可俯瞰城市天际线。周边 500 米内即是商场与美食街。	C126
770	碧桂宾馆	地址：隆昌建设路235号（隆昌）。联系电话：198-49635569 / 188-64292474。周边 500 米内即是商场与美食街。可手机自助入住，无接触开门。客房配备记忆棉床垫，保证舒适睡眠。	C036
771	星程精品酒店	地址：隆昌人民大道319号（隆昌）。联系电话：048-64895637 / 187-51598923。前台多语言服务，支持行李寄存。周边 500 米内即是商场与美食街。部分房型可俯瞰城市天际线。	C036
772	沐兰宾馆	地址：陆川县人民大道365号（陆川）。联系电话：130-51493093 / 018-67859571。客房配备记忆棉床垫，保证舒适睡眠。设有地下停车场与充电桩。距车站步行 5 分钟，交通便利。周边 500 米内即是商场与美食街。	C208
773	梅园国际酒店	地址：陆川县迎宾大道7号（陆川）。联系电话：015-50805407 / 016-38035540。部分房型可俯瞰城市天际线。设有地下停车场与充电桩。含自助早餐，菜品丰富。周边 500 米内即是商场与美食街。	C208
774	碧桂酒店	地址：抚州迎宾大道370号（临川）。联系电话：132-48486187 / 056-64788812。部分房型可俯瞰城市天际线。酒店内有健身房和洗衣房，住客免费使用。距车站步行 5 分钟，交通便利。	C131
775	柏曼宾馆	地址：抚州迎宾大道302号（临川）。联系电话：052-49695055 / 015-47822540。部分房型可俯瞰城市天际线。含自助早餐，菜品丰富。酒店内有健身房和洗衣房，住客免费使用。客房配备记忆棉床垫，保证舒适睡眠。	C131
776	悦榕大酒店	地址：潞城人民大道240号（潞城）。联系电话：186-56376249。设有地下停车场与充电桩。提供高速 Wi‑Fi 及 24 小时热水。周边 500 米内即是商场与美食街。	C285
777	沐兰宾馆	地址：潞城人民大道55号（潞城）。联系电话：042-36123802 / 192-51668005。客房配备记忆棉床垫，保证舒适睡眠。距车站步行 5 分钟，交通便利。	C285
778	雅致精品酒店	地址：潞城建设路149号（潞城）。联系电话：195-28871735。含自助早餐，菜品丰富。前台多语言服务，支持行李寄存。	C285
779	丽枫酒店	地址：宁安建设路182号（鹿道）。联系电话：158-16096067。设有地下停车场与充电桩。周边 500 米内即是商场与美食街。部分房型可俯瞰城市天际线。含自助早餐，菜品丰富。	C207
780	云栖精品酒店	地址：宁安建设路202号（鹿道）。联系电话：181-27097301 / 196-62943809。酒店内有健身房和洗衣房，住客免费使用。前台多语言服务，支持行李寄存。距车站步行 5 分钟，交通便利。设有地下停车场与充电桩。	C207
781	枫叶大酒店	地址：娄底建设路200号（娄底）。联系电话：041-48567895 / 059-49267087。前台多语言服务，支持行李寄存。距车站步行 5 分钟，交通便利。周边 500 米内即是商场与美食街。	C085
782	锦江度假酒店	地址：娄底解放路9号（娄底）。联系电话：056-35992181 / 037-59897917。部分房型可俯瞰城市天际线。周边 500 米内即是商场与美食街。可手机自助入住，无接触开门。含自助早餐，菜品丰富。	C085
783	桔子度假酒店	地址：临汾人民大道137号（临汾）。联系电话：135-23473425 / 022-83154012。含自助早餐，菜品丰富。部分房型可俯瞰城市天际线。周边 500 米内即是商场与美食街。可手机自助入住，无接触开门。	C011
784	丽枫精品酒店	地址：临汾中心路181号（临汾）。联系电话：137-35570733 / 059-85793572。含自助早餐，菜品丰富。可手机自助入住，无接触开门。距车站步行 5 分钟，交通便利。	C011
785	柏栎宾馆	地址：临汾人民大道272号（临汾）。联系电话：052-61281988。酒店内有健身房和洗衣房，住客免费使用。客房配备记忆棉床垫，保证舒适睡眠。部分房型可俯瞰城市天际线。	C011
786	桔子大酒店	地址：北京迎宾大道233号（良各庄）。联系电话：018-42659718。距车站步行 5 分钟，交通便利。可手机自助入住，无接触开门。酒店内有健身房和洗衣房，住客免费使用。	C039
787	丽枫宾馆	地址：北京朝阳街106号（良各庄）。联系电话：130-54058432。可手机自助入住，无接触开门。周边 500 米内即是商场与美食街。	C039
788	枫叶宾馆	地址：北京人民大道102号（良各庄）。联系电话：186-75155099。距车站步行 5 分钟，交通便利。周边 500 米内即是商场与美食街。客房配备记忆棉床垫，保证舒适睡眠。前台多语言服务，支持行李寄存。	C039
789	柏曼大酒店	地址：巴彦淖尔人民大道202号（临河）。联系电话：187-57450204。含自助早餐，菜品丰富。前台多语言服务，支持行李寄存。周边 500 米内即是商场与美食街。可手机自助入住，无接触开门。	C104
790	月光精品酒店	地址：巴彦淖尔解放路80号（临河）。联系电话：046-50448194。周边 500 米内即是商场与美食街。部分房型可俯瞰城市天际线。提供高速 Wi‑Fi 及 24 小时热水。	C104
791	月光度假酒店	地址：巴彦淖尔和平路393号（临河）。联系电话：193-86953739。部分房型可俯瞰城市天际线。客房配备记忆棉床垫，保证舒适睡眠。提供高速 Wi‑Fi 及 24 小时热水。	C104
792	锦江精品酒店	地址：巴彦淖尔建设路384号（临河）。联系电话：023-55189500。前台多语言服务，支持行李寄存。酒店内有健身房和洗衣房，住客免费使用。	C104
793	锦江酒店	地址：漯河建设路121号（漯河）。联系电话：046-57915123 / 136-20355617。前台多语言服务，支持行李寄存。客房配备记忆棉床垫，保证舒适睡眠。部分房型可俯瞰城市天际线。距车站步行 5 分钟，交通便利。	C200
794	璞丽度假酒店	地址：漯河建设路86号（漯河）。联系电话：180-21522362。酒店内有健身房和洗衣房，住客免费使用。周边 500 米内即是商场与美食街。	C200
795	丽枫国际酒店	地址：嘉峪关建设路162号（绿化）。联系电话：193-44076613。部分房型可俯瞰城市天际线。酒店内有健身房和洗衣房，住客免费使用。周边 500 米内即是商场与美食街。	C072
796	雅致酒店	地址：嘉峪关解放路118号（绿化）。联系电话：047-47744534。部分房型可俯瞰城市天际线。提供高速 Wi‑Fi 及 24 小时热水。	C072
797	璞丽大酒店	地址：隆化县中心路36号（隆化）。联系电话：058-71307102。客房配备记忆棉床垫，保证舒适睡眠。设有地下停车场与充电桩。	C130
798	云栖酒店	地址：隆化县中心路387号（隆化）。联系电话：048-29337916 / 193-84245593。可手机自助入住，无接触开门。酒店内有健身房和洗衣房，住客免费使用。周边 500 米内即是商场与美食街。前台多语言服务，支持行李寄存。	C130
799	璞丽大酒店	地址：玉龙纳西族自治县迎宾大道295号（丽江）。联系电话：048-36620316。部分房型可俯瞰城市天际线。提供高速 Wi‑Fi 及 24 小时热水。客房配备记忆棉床垫，保证舒适睡眠。设有地下停车场与充电桩。	C015
800	锦江国际酒店	地址：玉龙纳西族自治县和平路392号（丽江）。联系电话：139-10944807。周边 500 米内即是商场与美食街。提供高速 Wi‑Fi 及 24 小时热水。	C015
801	云栖大酒店	地址：玉龙纳西族自治县迎宾大道79号（丽江）。联系电话：139-86417826。酒店内有健身房和洗衣房，住客免费使用。可手机自助入住，无接触开门。	C015
802	星程酒店	地址：临江中心路308号（临江）。联系电话：038-72587074 / 057-48369566。周边 500 米内即是商场与美食街。可手机自助入住，无接触开门。	C212
803	碧桂宾馆	地址：临江中心路352号（临江）。联系电话：130-31044751。设有地下停车场与充电桩。周边 500 米内即是商场与美食街。含自助早餐，菜品丰富。	C212
804	锦江精品酒店	地址：临江迎宾大道185号（临江）。联系电话：182-60263892 / 036-66072194。含自助早餐，菜品丰富。客房配备记忆棉床垫，保证舒适睡眠。提供高速 Wi‑Fi 及 24 小时热水。	C212
805	雅致国际酒店	地址：龙井和平路371号（龙井）。联系电话：189-89053741。含自助早餐，菜品丰富。前台多语言服务，支持行李寄存。	C116
806	枫叶国际酒店	地址：龙井建设路220号（龙井）。联系电话：136-56391642 / 198-62810442。提供高速 Wi‑Fi 及 24 小时热水。酒店内有健身房和洗衣房，住客免费使用。客房配备记忆棉床垫，保证舒适睡眠。前台多语言服务，支持行李寄存。	C116
807	云栖度假酒店	地址：龙井人民大道34号（龙井）。联系电话：049-65453912。距车站步行 5 分钟，交通便利。酒店内有健身房和洗衣房，住客免费使用。含自助早餐，菜品丰富。	C116
808	梅园国际酒店	地址：吕梁和平路101号（吕梁）。联系电话：153-59571407 / 150-91510526。前台多语言服务，支持行李寄存。可手机自助入住，无接触开门。含自助早餐，菜品丰富。	C057
809	柏曼酒店	地址：吕梁解放路65号（吕梁）。联系电话：048-27842081。客房配备记忆棉床垫，保证舒适睡眠。酒店内有健身房和洗衣房，住客免费使用。	C057
810	枫叶宾馆	地址：吕梁解放路7号（吕梁）。联系电话：038-80043712 / 048-51544525。提供高速 Wi‑Fi 及 24 小时热水。前台多语言服务，支持行李寄存。	C057
811	雅致大酒店	地址：吕梁解放路164号（吕梁）。联系电话：056-60868625。客房配备记忆棉床垫，保证舒适睡眠。前台多语言服务，支持行李寄存。	C057
812	悦榕国际酒店	地址：醴陵建设路396号（醴陵）。联系电话：057-84129119 / 030-66437025。前台多语言服务，支持行李寄存。部分房型可俯瞰城市天际线。提供高速 Wi‑Fi 及 24 小时热水。周边 500 米内即是商场与美食街。	C157
813	锦江国际酒店	地址：醴陵人民大道306号（醴陵）。联系电话：184-45058374 / 195-39289906。距车站步行 5 分钟，交通便利。客房配备记忆棉床垫，保证舒适睡眠。	C157
814	沐兰大酒店	地址：醴陵和平路308号（醴陵）。联系电话：156-83131188。酒店内有健身房和洗衣房，住客免费使用。设有地下停车场与充电桩。	C157
815	花筑大酒店	地址：柳林县人民大道354号（柳林南）。联系电话：052-33045027。提供高速 Wi‑Fi 及 24 小时热水。周边 500 米内即是商场与美食街。距车站步行 5 分钟，交通便利。设有地下停车场与充电桩。	C057
816	柏栎度假酒店	地址：柳林县建设路145号（柳林南）。联系电话：048-25529100。前台多语言服务，支持行李寄存。提供高速 Wi‑Fi 及 24 小时热水。可手机自助入住，无接触开门。客房配备记忆棉床垫，保证舒适睡眠。	C057
817	梅园酒店	地址：柳林县迎宾大道240号（柳林南）。联系电话：157-15157965。可手机自助入住，无接触开门。提供高速 Wi‑Fi 及 24 小时热水。	C057
818	丽枫度假酒店	地址：滦平县人民大道134号（滦平）。联系电话：014-72231287。周边 500 米内即是商场与美食街。设有地下停车场与充电桩。提供高速 Wi‑Fi 及 24 小时热水。	C130
819	桔子精品酒店	地址：滦平县建设路166号（滦平）。联系电话：011-35580556 / 180-56037424。酒店内有健身房和洗衣房，住客免费使用。客房配备记忆棉床垫，保证舒适睡眠。	C130
820	月光宾馆	地址：滦平县解放路230号（滦平）。联系电话：150-69912434 / 193-36932684。距车站步行 5 分钟，交通便利。提供高速 Wi‑Fi 及 24 小时热水。设有地下停车场与充电桩。	C130
821	悦榕大酒店	地址：六盘水朝阳街234号（六盘水）。联系电话：135-80661800 / 153-79331746。距车站步行 5 分钟，交通便利。含自助早餐，菜品丰富。	C033
822	梅园度假酒店	地址：六盘水建设路188号（六盘水）。联系电话：194-47868499 / 059-25776614。可手机自助入住，无接触开门。含自助早餐，菜品丰富。	C033
823	月光度假酒店	地址：六盘水和平路252号（六盘水）。联系电话：192-96310833。距车站步行 5 分钟，交通便利。客房配备记忆棉床垫，保证舒适睡眠。	C033
824	星程酒店	地址：六盘水和平路353号（六盘水）。联系电话：180-94664907。设有地下停车场与充电桩。距车站步行 5 分钟，交通便利。	C033
825	雅致度假酒店	地址：灵丘县建设路253号（灵丘）。联系电话：137-41492007。含自助早餐，菜品丰富。客房配备记忆棉床垫，保证舒适睡眠。设有地下停车场与充电桩。前台多语言服务，支持行李寄存。	C077
826	悦榕大酒店	地址：灵丘县朝阳街171号（灵丘）。联系电话：136-37546827。含自助早餐，菜品丰富。设有地下停车场与充电桩。可手机自助入住，无接触开门。周边 500 米内即是商场与美食街。	C077
827	枫叶度假酒店	地址：大连朝阳街272号（旅顺）。联系电话：134-91840010。提供高速 Wi‑Fi 及 24 小时热水。客房配备记忆棉床垫，保证舒适睡眠。可手机自助入住，无接触开门。	C080
828	月光度假酒店	地址：大连朝阳街135号（旅顺）。联系电话：056-67215920。含自助早餐，菜品丰富。可手机自助入住，无接触开门。前台多语言服务，支持行李寄存。设有地下停车场与充电桩。	C080
829	雅致精品酒店	地址：大连和平路215号（旅顺）。联系电话：153-87336425。设有地下停车场与充电桩。可手机自助入住，无接触开门。客房配备记忆棉床垫，保证舒适睡眠。酒店内有健身房和洗衣房，住客免费使用。	C080
830	花筑大酒店	地址：大连迎宾大道87号（旅顺）。联系电话：192-68010795。提供高速 Wi‑Fi 及 24 小时热水。含自助早餐，菜品丰富。设有地下停车场与充电桩。距车站步行 5 分钟，交通便利。	C080
831	雅致度假酒店	地址：兰溪朝阳街245号（兰溪）。联系电话：021-69365296。距车站步行 5 分钟，交通便利。提供高速 Wi‑Fi 及 24 小时热水。前台多语言服务，支持行李寄存。	C273
832	柏曼酒店	地址：兰溪朝阳街150号（兰溪）。联系电话：027-80571647 / 059-59759509。周边 500 米内即是商场与美食街。提供高速 Wi‑Fi 及 24 小时热水。	C273
833	悦榕精品酒店	地址：兰溪中心路390号（兰溪）。联系电话：196-37649861 / 014-31173599。客房配备记忆棉床垫，保证舒适睡眠。设有地下停车场与充电桩。含自助早餐，菜品丰富。距车站步行 5 分钟，交通便利。	C273
834	花筑酒店	地址：兰溪解放路226号（兰溪）。联系电话：041-31641707。可手机自助入住，无接触开门。含自助早餐，菜品丰富。周边 500 米内即是商场与美食街。设有地下停车场与充电桩。	C273
835	丽枫精品酒店	地址：陇西县迎宾大道267号（陇西）。联系电话：039-51635863 / 031-32913460。设有地下停车场与充电桩。可手机自助入住，无接触开门。含自助早餐，菜品丰富。部分房型可俯瞰城市天际线。	C093
836	枫叶国际酒店	地址：陇西县建设路264号（陇西）。联系电话：052-84316748。提供高速 Wi‑Fi 及 24 小时热水。前台多语言服务，支持行李寄存。含自助早餐，菜品丰富。周边 500 米内即是商场与美食街。	C093
837	梅园度假酒店	地址：陇西县人民大道354号（陇西）。联系电话：158-70430670 / 047-74275610。设有地下停车场与充电桩。部分房型可俯瞰城市天际线。	C093
838	月光精品酒店	地址：常德迎宾大道347号（澧县）。联系电话：150-30023381 / 052-78816373。设有地下停车场与充电桩。客房配备记忆棉床垫，保证舒适睡眠。	C107
839	月光度假酒店	地址：常德中心路267号（澧县）。联系电话：184-85842258。提供高速 Wi‑Fi 及 24 小时热水。距车站步行 5 分钟，交通便利。	C107
840	璞丽酒店	地址：临西县和平路273号（临西）。联系电话：025-77463946。周边 500 米内即是商场与美食街。提供高速 Wi‑Fi 及 24 小时热水。	C263
841	碧桂精品酒店	地址：临西县迎宾大道14号（临西）。联系电话：136-91210397 / 133-52769762。距车站步行 5 分钟，交通便利。设有地下停车场与充电桩。	C263
842	桔子度假酒店	地址：临西县和平路16号（临西）。联系电话：056-76605965。酒店内有健身房和洗衣房，住客免费使用。客房配备记忆棉床垫，保证舒适睡眠。部分房型可俯瞰城市天际线。	C263
843	柏栎大酒店	地址：临西县朝阳街123号（临西）。联系电话：154-32332360 / 191-62438344。距车站步行 5 分钟，交通便利。前台多语言服务，支持行李寄存。	C263
844	梅园大酒店	地址：龙岩建设路382号（龙岩）。联系电话：033-30400070。可手机自助入住，无接触开门。含自助早餐，菜品丰富。	C315
845	云栖宾馆	地址：龙岩和平路96号（龙岩）。联系电话：150-96601528。前台多语言服务，支持行李寄存。提供高速 Wi‑Fi 及 24 小时热水。	C315
846	桔子酒店	地址：龙岩建设路99号（龙岩）。联系电话：132-73481065 / 010-29569974。周边 500 米内即是商场与美食街。酒店内有健身房和洗衣房，住客免费使用。设有地下停车场与充电桩。提供高速 Wi‑Fi 及 24 小时热水。	C315
847	梅园度假酒店	地址：龙岩解放路336号（龙岩）。联系电话：017-70933099。设有地下停车场与充电桩。可手机自助入住，无接触开门。酒店内有健身房和洗衣房，住客免费使用。	C315
848	楠舍酒店	地址：衡阳解放路274号（耒阳）。联系电话：184-10881410 / 020-44726665。部分房型可俯瞰城市天际线。酒店内有健身房和洗衣房，住客免费使用。可手机自助入住，无接触开门。	C242
849	璞丽国际酒店	地址：衡阳人民大道166号（耒阳）。联系电话：032-37462860 / 159-61112256。部分房型可俯瞰城市天际线。客房配备记忆棉床垫，保证舒适睡眠。周边 500 米内即是商场与美食街。酒店内有健身房和洗衣房，住客免费使用。	C242
850	花筑精品酒店	地址：衡阳中心路124号（耒阳）。联系电话：033-39685145 / 036-76757133。可手机自助入住，无接触开门。提供高速 Wi‑Fi 及 24 小时热水。周边 500 米内即是商场与美食街。	C242
851	柏栎度假酒店	地址：洛阳和平路281号（洛阳）。联系电话：138-72180384 / 022-72891471。含自助早餐，菜品丰富。可手机自助入住，无接触开门。	C179
852	云栖国际酒店	地址：洛阳中心路302号（洛阳）。联系电话：130-85082292。距车站步行 5 分钟，交通便利。酒店内有健身房和洗衣房，住客免费使用。	C179
853	柏曼度假酒店	地址：洛阳和平路176号（洛阳）。联系电话：183-75942372 / 037-33863050。可手机自助入住，无接触开门。酒店内有健身房和洗衣房，住客免费使用。距车站步行 5 分钟，交通便利。	C179
854	悦榕宾馆	地址：连云港朝阳街4号（连云港东）。联系电话：198-38442962。距车站步行 5 分钟，交通便利。酒店内有健身房和洗衣房，住客免费使用。	C258
855	云栖宾馆	地址：连云港和平路139号（连云港东）。联系电话：181-92818266。部分房型可俯瞰城市天际线。含自助早餐，菜品丰富。	C258
856	月光酒店	地址：洛阳人民大道77号（洛阳东）。联系电话：183-97665827。提供高速 Wi‑Fi 及 24 小时热水。距车站步行 5 分钟，交通便利。	C179
857	花筑国际酒店	地址：洛阳朝阳街131号（洛阳东）。联系电话：198-99671090 / 195-68956856。距车站步行 5 分钟，交通便利。可手机自助入住，无接触开门。	C179
858	柏曼精品酒店	地址：洛阳和平路261号（洛阳东）。联系电话：159-71094334 / 189-65148429。前台多语言服务，支持行李寄存。酒店内有健身房和洗衣房，住客免费使用。提供高速 Wi‑Fi 及 24 小时热水。	C179
859	丽枫酒店	地址：临沂迎宾大道56号（临沂）。联系电话：135-48077762 / 139-58211584。可手机自助入住，无接触开门。含自助早餐，菜品丰富。	C012
860	云栖宾馆	地址：临沂解放路314号（临沂）。联系电话：015-88443226 / 138-61322704。距车站步行 5 分钟，交通便利。周边 500 米内即是商场与美食街。酒店内有健身房和洗衣房，住客免费使用。设有地下停车场与充电桩。	C012
861	柏栎度假酒店	地址：洛阳和平路346号（洛阳龙门）。联系电话：019-48176932 / 189-47555910。设有地下停车场与充电桩。含自助早餐，菜品丰富。周边 500 米内即是商场与美食街。	C179
862	柏曼宾馆	地址：洛阳迎宾大道111号（洛阳龙门）。联系电话：199-10770562。酒店内有健身房和洗衣房，住客免费使用。含自助早餐，菜品丰富。	C179
863	锦江酒店	地址：瓜州县迎宾大道66号（柳园）。联系电话：021-38652920。部分房型可俯瞰城市天际线。距车站步行 5 分钟，交通便利。	C271
864	锦江度假酒店	地址：瓜州县人民大道336号（柳园）。联系电话：024-20731609 / 132-86359154。部分房型可俯瞰城市天际线。前台多语言服务，支持行李寄存。	C271
865	柏栎酒店	地址：凌源中心路333号（凌源）。联系电话：012-50027305 / 022-35511259。可手机自助入住，无接触开门。前台多语言服务，支持行李寄存。设有地下停车场与充电桩。酒店内有健身房和洗衣房，住客免费使用。	C150
866	沐兰大酒店	地址：凌源中心路368号（凌源）。联系电话：133-86919396 / 017-50967783。前台多语言服务，支持行李寄存。酒店内有健身房和洗衣房，住客免费使用。提供高速 Wi‑Fi 及 24 小时热水。	C150
867	柏曼国际酒店	地址：辽源和平路368号（辽源）。联系电话：030-33176969。提供高速 Wi‑Fi 及 24 小时热水。距车站步行 5 分钟，交通便利。部分房型可俯瞰城市天际线。	C254
868	云栖国际酒店	地址：辽源朝阳街334号（辽源）。联系电话：137-37534612 / 044-85013240。提供高速 Wi‑Fi 及 24 小时热水。前台多语言服务，支持行李寄存。	C254
869	悦榕精品酒店	地址：辽源迎宾大道247号（辽源）。联系电话：159-71884494 / 159-91844022。设有地下停车场与充电桩。可手机自助入住，无接触开门。	C254
870	月光大酒店	地址：大庆解放路239号（立志）。联系电话：039-41448357 / 183-39736176。可手机自助入住，无接触开门。提供高速 Wi‑Fi 及 24 小时热水。含自助早餐，菜品丰富。距车站步行 5 分钟，交通便利。	C078
871	桔子国际酒店	地址：大庆中心路186号（立志）。联系电话：184-49379377 / 053-38166158。客房配备记忆棉床垫，保证舒适睡眠。提供高速 Wi‑Fi 及 24 小时热水。可手机自助入住，无接触开门。距车站步行 5 分钟，交通便利。	C078
872	锦江酒店	地址：大庆朝阳街369号（立志）。联系电话：197-76152387。距车站步行 5 分钟，交通便利。设有地下停车场与充电桩。可手机自助入住，无接触开门。	C078
873	花筑度假酒店	地址：大庆迎宾大道56号（立志）。联系电话：018-79146157。含自助早餐，菜品丰富。酒店内有健身房和洗衣房，住客免费使用。	C078
874	丽枫大酒店	地址：柳州人民大道200号（柳州）。联系电话：023-37603974。含自助早餐，菜品丰富。周边 500 米内即是商场与美食街。可手机自助入住，无接触开门。客房配备记忆棉床垫，保证舒适睡眠。	C156
875	星程宾馆	地址：柳州解放路15号（柳州）。联系电话：053-29453228。可手机自助入住，无接触开门。部分房型可俯瞰城市天际线。	C156
876	枫叶宾馆	地址：沈阳解放路254号（辽中）。联系电话：186-68848178。部分房型可俯瞰城市天际线。设有地下停车场与充电桩。前台多语言服务，支持行李寄存。	C172
877	枫叶国际酒店	地址：沈阳解放路142号（辽中）。联系电话：159-61722361。可手机自助入住，无接触开门。周边 500 米内即是商场与美食街。部分房型可俯瞰城市天际线。酒店内有健身房和洗衣房，住客免费使用。	C172
878	楠舍精品酒店	地址：麻城朝阳街84号（麻城）。联系电话：029-39641240。含自助早餐，菜品丰富。提供高速 Wi‑Fi 及 24 小时热水。	C307
879	桔子大酒店	地址：麻城中心路110号（麻城）。联系电话：032-27724752 / 018-64850437。部分房型可俯瞰城市天际线。前台多语言服务，支持行李寄存。客房配备记忆棉床垫，保证舒适睡眠。周边 500 米内即是商场与美食街。	C307
880	沐兰宾馆	地址：麻城朝阳街24号（麻城）。联系电话：194-11227085 / 024-30369652。前台多语言服务，支持行李寄存。周边 500 米内即是商场与美食街。酒店内有健身房和洗衣房，住客免费使用。	C307
881	沐兰宾馆	地址：牙克石迎宾大道159号（免渡河）。联系电话：158-93950332。周边 500 米内即是商场与美食街。酒店内有健身房和洗衣房，住客免费使用。	C060
882	楠舍度假酒店	地址：牙克石人民大道143号（免渡河）。联系电话：189-94078222。距车站步行 5 分钟，交通便利。前台多语言服务，支持行李寄存。设有地下停车场与充电桩。	C060
883	花筑宾馆	地址：牙克石和平路74号（免渡河）。联系电话：025-32320694。周边 500 米内即是商场与美食街。含自助早餐，菜品丰富。客房配备记忆棉床垫，保证舒适睡眠。提供高速 Wi‑Fi 及 24 小时热水。	C060
884	星程酒店	地址：牙克石建设路213号（免渡河）。联系电话：041-81267779。前台多语言服务，支持行李寄存。含自助早餐，菜品丰富。周边 500 米内即是商场与美食街。	C060
885	雅致大酒店	地址：牡丹江朝阳街67号（牡丹江）。联系电话：026-75736237。部分房型可俯瞰城市天际线。设有地下停车场与充电桩。提供高速 Wi‑Fi 及 24 小时热水。	C207
886	楠舍度假酒店	地址：牡丹江和平路178号（牡丹江）。联系电话：044-82388607 / 048-40987156。距车站步行 5 分钟，交通便利。客房配备记忆棉床垫，保证舒适睡眠。提供高速 Wi‑Fi 及 24 小时热水。	C207
887	梅园精品酒店	地址：牡丹江建设路366号（牡丹江）。联系电话：049-87873404。可手机自助入住，无接触开门。酒店内有健身房和洗衣房，住客免费使用。	C207
888	梅园宾馆	地址：牡丹江解放路83号（牡丹江）。联系电话：011-75776512 / 188-37862812。含自助早餐，菜品丰富。前台多语言服务，支持行李寄存。	C207
889	枫叶大酒店	地址：额尔古纳朝阳街133号（莫尔道嘎）。联系电话：045-50618444。距车站步行 5 分钟，交通便利。含自助早餐，菜品丰富。客房配备记忆棉床垫，保证舒适睡眠。	C060
890	柏曼精品酒店	地址：额尔古纳朝阳街123号（莫尔道嘎）。联系电话：058-89915613。前台多语言服务，支持行李寄存。周边 500 米内即是商场与美食街。酒店内有健身房和洗衣房，住客免费使用。距车站步行 5 分钟，交通便利。	C060
891	沐兰宾馆	地址：额尔古纳人民大道179号（莫尔道嘎）。联系电话：042-89031261。客房配备记忆棉床垫，保证舒适睡眠。周边 500 米内即是商场与美食街。	C060
892	悦榕精品酒店	地址：额尔古纳朝阳街230号（莫尔道嘎）。联系电话：130-80633454。周边 500 米内即是商场与美食街。前台多语言服务，支持行李寄存。含自助早餐，菜品丰富。	C060
893	星程度假酒店	地址：明光人民大道333号（明光）。联系电话：037-64209098。客房配备记忆棉床垫，保证舒适睡眠。距车站步行 5 分钟，交通便利。	C198
894	悦榕国际酒店	地址：明光解放路52号（明光）。联系电话：034-74959262。客房配备记忆棉床垫，保证舒适睡眠。酒店内有健身房和洗衣房，住客免费使用。部分房型可俯瞰城市天际线。距车站步行 5 分钟，交通便利。	C198
895	璞丽大酒店	地址：明光朝阳街238号（明光）。联系电话：045-40900812。含自助早餐，菜品丰富。提供高速 Wi‑Fi 及 24 小时热水。	C198
896	丽枫国际酒店	地址：明光解放路257号（明光）。联系电话：186-21264060。客房配备记忆棉床垫，保证舒适睡眠。酒店内有健身房和洗衣房，住客免费使用。含自助早餐，菜品丰富。	C198
897	悦榕宾馆	地址：根河朝阳街171号（满归）。联系电话：017-24637800。设有地下停车场与充电桩。含自助早餐，菜品丰富。部分房型可俯瞰城市天际线。	C060
898	柏栎国际酒店	地址：根河建设路396号（满归）。联系电话：187-52160114 / 151-50093215。部分房型可俯瞰城市天际线。设有地下停车场与充电桩。提供高速 Wi‑Fi 及 24 小时热水。	C060
899	楠舍酒店	地址：根河中心路207号（满归）。联系电话：050-22162986。提供高速 Wi‑Fi 及 24 小时热水。设有地下停车场与充电桩。	C060
900	花筑精品酒店	地址：根河解放路379号（满归）。联系电话：046-64575126 / 134-59382627。可手机自助入住，无接触开门。提供高速 Wi‑Fi 及 24 小时热水。部分房型可俯瞰城市天际线。	C060
901	云栖精品酒店	地址：漠河县中心路350号（漠河）。联系电话：157-67428183 / 057-37656315。部分房型可俯瞰城市天际线。距车站步行 5 分钟，交通便利。	C076
902	枫叶大酒店	地址：漠河县解放路286号（漠河）。联系电话：041-63861927 / 199-34583860。提供高速 Wi‑Fi 及 24 小时热水。周边 500 米内即是商场与美食街。设有地下停车场与充电桩。	C076
903	云栖大酒店	地址：漠河县解放路125号（漠河）。联系电话：154-57033743。提供高速 Wi‑Fi 及 24 小时热水。酒店内有健身房和洗衣房，住客免费使用。	C076
904	梅园酒店	地址：漠河县迎宾大道248号（漠河）。联系电话：020-21443887 / 033-89981285。距车站步行 5 分钟，交通便利。部分房型可俯瞰城市天际线。客房配备记忆棉床垫，保证舒适睡眠。设有地下停车场与充电桩。	C076
905	花筑度假酒店	地址：茂名解放路297号（茂名）。联系电话：187-70896576 / 050-73620100。周边 500 米内即是商场与美食街。提供高速 Wi‑Fi 及 24 小时热水。	C232
906	雅致宾馆	地址：茂名和平路94号（茂名）。联系电话：151-93696252。提供高速 Wi‑Fi 及 24 小时热水。客房配备记忆棉床垫，保证舒适睡眠。	C232
907	雅致宾馆	地址：茂名迎宾大道116号（茂名）。联系电话：135-93535368 / 153-27276674。可手机自助入住，无接触开门。含自助早餐，菜品丰富。设有地下停车场与充电桩。	C232
908	枫叶度假酒店	地址：茂名人民大道75号（茂名）。联系电话：186-89177078 / 184-60517909。客房配备记忆棉床垫，保证舒适睡眠。含自助早餐，菜品丰富。距车站步行 5 分钟，交通便利。	C232
909	璞丽宾馆	地址：茂名和平路216号（茂名西）。联系电话：192-30049624。含自助早餐，菜品丰富。部分房型可俯瞰城市天际线。	C232
910	楠舍精品酒店	地址：茂名朝阳街268号（茂名西）。联系电话：059-76637489。客房配备记忆棉床垫，保证舒适睡眠。设有地下停车场与充电桩。	C232
911	月光酒店	地址：茂名和平路234号（茂名西）。联系电话：059-72043656。前台多语言服务，支持行李寄存。部分房型可俯瞰城市天际线。客房配备记忆棉床垫，保证舒适睡眠。	C232
912	月光酒店	地址：茂名人民大道26号（茂名西）。联系电话：131-28913928 / 051-42166363。距车站步行 5 分钟，交通便利。设有地下停车场与充电桩。提供高速 Wi‑Fi 及 24 小时热水。	C232
913	璞丽精品酒店	地址：密山迎宾大道290号（密山）。联系电话：055-83489187。前台多语言服务，支持行李寄存。可手机自助入住，无接触开门。	C303
914	碧桂大酒店	地址：密山和平路326号（密山）。联系电话：039-38532835 / 014-50338405。距车站步行 5 分钟，交通便利。客房配备记忆棉床垫，保证舒适睡眠。酒店内有健身房和洗衣房，住客免费使用。	C303
915	璞丽度假酒店	地址：沈阳建设路347号（马三家）。联系电话：028-29570785 / 182-78054134。含自助早餐，菜品丰富。酒店内有健身房和洗衣房，住客免费使用。周边 500 米内即是商场与美食街。	C172
916	柏曼精品酒店	地址：沈阳中心路8号（马三家）。联系电话：198-36202857 / 038-37438102。含自助早餐，菜品丰富。酒店内有健身房和洗衣房，住客免费使用。提供高速 Wi‑Fi 及 24 小时热水。	C172
917	璞丽国际酒店	地址：沈阳人民大道82号（马三家）。联系电话：181-99767051。提供高速 Wi‑Fi 及 24 小时热水。部分房型可俯瞰城市天际线。可手机自助入住，无接触开门。	C172
918	丽枫国际酒店	地址：独山县朝阳街50号（麻尾）。联系电话：019-38364248 / 182-57738290。客房配备记忆棉床垫，保证舒适睡眠。距车站步行 5 分钟，交通便利。部分房型可俯瞰城市天际线。周边 500 米内即是商场与美食街。	C312
919	星程精品酒店	地址：独山县朝阳街23号（麻尾）。联系电话：157-85206186 / 053-77503116。部分房型可俯瞰城市天际线。提供高速 Wi‑Fi 及 24 小时热水。酒店内有健身房和洗衣房，住客免费使用。周边 500 米内即是商场与美食街。	C312
920	桔子酒店	地址：绵阳和平路324号（绵阳）。联系电话：044-73807643 / 186-90457321。周边 500 米内即是商场与美食街。设有地下停车场与充电桩。	C226
921	碧桂宾馆	地址：绵阳人民大道191号（绵阳）。联系电话：051-40381360 / 033-32872985。客房配备记忆棉床垫，保证舒适睡眠。提供高速 Wi‑Fi 及 24 小时热水。设有地下停车场与充电桩。距车站步行 5 分钟，交通便利。	C226
922	碧桂大酒店	地址：绵阳中心路167号（绵阳）。联系电话：193-45192081 / 033-62634945。前台多语言服务，支持行李寄存。酒店内有健身房和洗衣房，住客免费使用。设有地下停车场与充电桩。提供高速 Wi‑Fi 及 24 小时热水。	C226
923	碧桂国际酒店	地址：绵阳迎宾大道57号（绵阳）。联系电话：150-33950577 / 038-75150736。设有地下停车场与充电桩。客房配备记忆棉床垫，保证舒适睡眠。前台多语言服务，支持行李寄存。	C226
924	花筑宾馆	地址：梅州中心路211号（梅州）。联系电话：021-70611619 / 050-27132999。可手机自助入住，无接触开门。含自助早餐，菜品丰富。酒店内有健身房和洗衣房，住客免费使用。	C159
925	悦榕国际酒店	地址：梅州中心路277号（梅州）。联系电话：058-38496662 / 010-42542344。客房配备记忆棉床垫，保证舒适睡眠。周边 500 米内即是商场与美食街。酒店内有健身房和洗衣房，住客免费使用。	C159
926	楠舍度假酒店	地址：满洲里和平路215号（满洲里）。联系电话：019-70355735 / 011-67199470。部分房型可俯瞰城市天际线。含自助早餐，菜品丰富。酒店内有健身房和洗衣房，住客免费使用。可手机自助入住，无接触开门。	C060
927	璞丽大酒店	地址：满洲里建设路19号（满洲里）。联系电话：034-37779211 / 180-92710496。提供高速 Wi‑Fi 及 24 小时热水。周边 500 米内即是商场与美食街。	C060
928	花筑度假酒店	地址：满洲里朝阳街141号（满洲里）。联系电话：016-29710518。周边 500 米内即是商场与美食街。含自助早餐，菜品丰富。设有地下停车场与充电桩。客房配备记忆棉床垫，保证舒适睡眠。	C060
929	锦江精品酒店	地址：宁波解放路365号（宁波东）。联系电话：156-11865643 / 190-20340579。距车站步行 5 分钟，交通便利。可手机自助入住，无接触开门。周边 500 米内即是商场与美食街。提供高速 Wi‑Fi 及 24 小时热水。	C088
930	锦江宾馆	地址：宁波迎宾大道82号（宁波东）。联系电话：011-75903381。酒店内有健身房和洗衣房，住客免费使用。可手机自助入住，无接触开门。客房配备记忆棉床垫，保证舒适睡眠。	C088
931	悦榕精品酒店	地址：宁波中心路97号（宁波）。联系电话：015-88975759 / 010-35896855。距车站步行 5 分钟，交通便利。含自助早餐，菜品丰富。周边 500 米内即是商场与美食街。前台多语言服务，支持行李寄存。	C088
932	璞丽国际酒店	地址：宁波人民大道97号（宁波）。联系电话：015-84240764。周边 500 米内即是商场与美食街。客房配备记忆棉床垫，保证舒适睡眠。	C088
933	桔子精品酒店	地址：宁波建设路144号（宁波）。联系电话：189-93117485。设有地下停车场与充电桩。酒店内有健身房和洗衣房，住客免费使用。含自助早餐，菜品丰富。距车站步行 5 分钟，交通便利。	C088
934	丽枫宾馆	地址：伊春朝阳街229号（南岔）。联系电话：185-29990985。可手机自助入住，无接触开门。部分房型可俯瞰城市天际线。	C023
935	梅园大酒店	地址：伊春和平路63号（南岔）。联系电话：026-62618074 / 029-79622439。设有地下停车场与充电桩。提供高速 Wi‑Fi 及 24 小时热水。客房配备记忆棉床垫，保证舒适睡眠。部分房型可俯瞰城市天际线。	C023
936	枫叶酒店	地址：南充和平路350号（南充）。联系电话：136-72784232 / 032-70070504。部分房型可俯瞰城市天际线。提供高速 Wi‑Fi 及 24 小时热水。距车站步行 5 分钟，交通便利。客房配备记忆棉床垫，保证舒适睡眠。	C043
937	月光度假酒店	地址：南充迎宾大道58号（南充）。联系电话：034-57598038。可手机自助入住，无接触开门。酒店内有健身房和洗衣房，住客免费使用。设有地下停车场与充电桩。含自助早餐，菜品丰富。	C043
938	云栖大酒店	地址：南充迎宾大道257号（南充）。联系电话：133-77633796。客房配备记忆棉床垫，保证舒适睡眠。含自助早餐，菜品丰富。可手机自助入住，无接触开门。	C043
939	丽枫酒店	地址：南丹县人民大道391号（南丹）。联系电话：133-39112936。可手机自助入住，无接触开门。设有地下停车场与充电桩。含自助早餐，菜品丰富。部分房型可俯瞰城市天际线。	C174
940	丽枫酒店	地址：南丹县建设路143号（南丹）。联系电话：030-65314999。含自助早餐，菜品丰富。可手机自助入住，无接触开门。	C174
941	雅致大酒店	地址：滦平县人民大道66号（南大庙）。联系电话：155-79055363。部分房型可俯瞰城市天际线。周边 500 米内即是商场与美食街。提供高速 Wi‑Fi 及 24 小时热水。前台多语言服务，支持行李寄存。	C130
942	柏栎度假酒店	地址：滦平县人民大道15号（南大庙）。联系电话：040-73572948 / 182-80835911。酒店内有健身房和洗衣房，住客免费使用。提供高速 Wi‑Fi 及 24 小时热水。距车站步行 5 分钟，交通便利。	C130
943	碧桂大酒店	地址：本溪和平路158号（南芬）。联系电话：025-67121380 / 196-17717602。周边 500 米内即是商场与美食街。前台多语言服务，支持行李寄存。	C151
944	花筑大酒店	地址：本溪中心路15号（南芬）。联系电话：193-14559430。可手机自助入住，无接触开门。设有地下停车场与充电桩。距车站步行 5 分钟，交通便利。酒店内有健身房和洗衣房，住客免费使用。	C151
945	雅致精品酒店	地址：本溪解放路229号（南芬）。联系电话：044-59420426。部分房型可俯瞰城市天际线。距车站步行 5 分钟，交通便利。酒店内有健身房和洗衣房，住客免费使用。	C151
946	月光大酒店	地址：讷河解放路325号（讷河）。联系电话：189-78703505。提供高速 Wi‑Fi 及 24 小时热水。部分房型可俯瞰城市天际线。	C314
947	梅园宾馆	地址：讷河中心路326号（讷河）。联系电话：023-67950864。酒店内有健身房和洗衣房，住客免费使用。距车站步行 5 分钟，交通便利。提供高速 Wi‑Fi 及 24 小时热水。客房配备记忆棉床垫，保证舒适睡眠。	C314
948	梅园精品酒店	地址：讷河和平路234号（讷河）。联系电话：139-60084974 / 014-20373929。部分房型可俯瞰城市天际线。含自助早餐，菜品丰富。周边 500 米内即是商场与美食街。	C314
949	柏栎酒店	地址：嫩江县解放路382号（嫩江）。联系电话：036-70262197。含自助早餐，菜品丰富。周边 500 米内即是商场与美食街。	C310
950	枫叶度假酒店	地址：嫩江县人民大道353号（嫩江）。联系电话：013-56222682。设有地下停车场与充电桩。周边 500 米内即是商场与美食街。前台多语言服务，支持行李寄存。部分房型可俯瞰城市天际线。	C310
951	碧桂宾馆	地址：嫩江县迎宾大道219号（嫩江）。联系电话：034-37902957 / 184-25850843。设有地下停车场与充电桩。可手机自助入住，无接触开门。酒店内有健身房和洗衣房，住客免费使用。含自助早餐，菜品丰富。	C310
952	雅致精品酒店	地址：嫩江县建设路304号（嫩江）。联系电话：159-16782458。客房配备记忆棉床垫，保证舒适睡眠。前台多语言服务，支持行李寄存。距车站步行 5 分钟，交通便利。	C310
953	柏栎度假酒店	地址：内江迎宾大道107号（内江）。联系电话：182-54825824。周边 500 米内即是商场与美食街。前台多语言服务，支持行李寄存。部分房型可俯瞰城市天际线。	C036
954	梅园大酒店	地址：内江和平路176号（内江）。联系电话：029-21092035。酒店内有健身房和洗衣房，住客免费使用。设有地下停车场与充电桩。	C036
955	柏栎宾馆	地址：内江解放路192号（内江）。联系电话：199-41924828。部分房型可俯瞰城市天际线。前台多语言服务，支持行李寄存。	C036
956	枫叶度假酒店	地址：南平和平路357号（南平）。联系电话：197-54637709。前台多语言服务，支持行李寄存。部分房型可俯瞰城市天际线。设有地下停车场与充电桩。	C045
957	雅致度假酒店	地址：南平解放路371号（南平）。联系电话：195-89941894 / 153-35719739。设有地下停车场与充电桩。部分房型可俯瞰城市天际线。可手机自助入住，无接触开门。前台多语言服务，支持行李寄存。	C045
958	锦江精品酒店	地址：南平迎宾大道170号（南平）。联系电话：199-83445759。距车站步行 5 分钟，交通便利。可手机自助入住，无接触开门。	C045
959	枫叶大酒店	地址：南平解放路346号（南平）。联系电话：198-93170290。含自助早餐，菜品丰富。前台多语言服务，支持行李寄存。	C045
960	柏曼酒店	地址：南通建设路183号（南通）。联系电话：059-66329587。部分房型可俯瞰城市天际线。周边 500 米内即是商场与美食街。酒店内有健身房和洗衣房，住客免费使用。可手机自助入住，无接触开门。	C047
961	丽枫大酒店	地址：南通解放路221号（南通）。联系电话：154-22822367。含自助早餐，菜品丰富。客房配备记忆棉床垫，保证舒适睡眠。设有地下停车场与充电桩。可手机自助入住，无接触开门。	C047
962	梅园国际酒店	地址：南通朝阳街11号（南通）。联系电话：033-56712583。距车站步行 5 分钟，交通便利。周边 500 米内即是商场与美食街。前台多语言服务，支持行李寄存。	C047
963	碧桂大酒店	地址：南通中心路132号（南通）。联系电话：044-20597169 / 023-54391223。客房配备记忆棉床垫，保证舒适睡眠。前台多语言服务，支持行李寄存。	C047
964	碧桂国际酒店	地址：南阳人民大道143号（南阳）。联系电话：016-48911877。设有地下停车场与充电桩。酒店内有健身房和洗衣房，住客免费使用。	C048
965	桔子国际酒店	地址：南阳和平路3号（南阳）。联系电话：183-99715641 / 055-21356731。客房配备记忆棉床垫，保证舒适睡眠。距车站步行 5 分钟，交通便利。周边 500 米内即是商场与美食街。前台多语言服务，支持行李寄存。	C048
966	丽枫宾馆	地址：南阳建设路286号（南阳）。联系电话：158-84897521 / 197-80129099。前台多语言服务，支持行李寄存。部分房型可俯瞰城市天际线。周边 500 米内即是商场与美食街。	C048
967	丽枫精品酒店	地址：南阳朝阳街150号（南阳）。联系电话：158-37864685 / 043-72771577。客房配备记忆棉床垫，保证舒适睡眠。可手机自助入住，无接触开门。前台多语言服务，支持行李寄存。	C048
968	丽枫国际酒店	地址：齐齐哈尔建设路282号（碾子山）。联系电话：135-34819602 / 014-52427193。可手机自助入住，无接触开门。距车站步行 5 分钟，交通便利。	C314
969	云栖宾馆	地址：齐齐哈尔中心路366号（碾子山）。联系电话：018-28387121 / 151-48562371。可手机自助入住，无接触开门。提供高速 Wi‑Fi 及 24 小时热水。	C314
970	柏曼大酒店	地址：齐齐哈尔迎宾大道389号（碾子山）。联系电话：036-86484559 / 134-63647990。客房配备记忆棉床垫，保证舒适睡眠。距车站步行 5 分钟，交通便利。可手机自助入住，无接触开门。酒店内有健身房和洗衣房，住客免费使用。	C314
971	星程国际酒店	地址：平顶山解放路300号（平顶山）。联系电话：194-15510231。酒店内有健身房和洗衣房，住客免费使用。提供高速 Wi‑Fi 及 24 小时热水。可手机自助入住，无接触开门。部分房型可俯瞰城市天际线。	C109
972	梅园国际酒店	地址：平顶山迎宾大道388号（平顶山）。联系电话：052-60785636 / 014-40053899。可手机自助入住，无接触开门。前台多语言服务，支持行李寄存。提供高速 Wi‑Fi 及 24 小时热水。	C109
973	楠舍度假酒店	地址：盘锦解放路219号（盘锦）。联系电话：187-92349740 / 152-35929309。部分房型可俯瞰城市天际线。提供高速 Wi‑Fi 及 24 小时热水。设有地下停车场与充电桩。	C217
974	锦江宾馆	地址：盘锦人民大道325号（盘锦）。联系电话：134-30214184 / 184-32378566。提供高速 Wi‑Fi 及 24 小时热水。部分房型可俯瞰城市天际线。距车站步行 5 分钟，交通便利。	C217
975	桔子宾馆	地址：盘锦和平路212号（盘锦）。联系电话：018-80832832 / 046-59971133。周边 500 米内即是商场与美食街。提供高速 Wi‑Fi 及 24 小时热水。可手机自助入住，无接触开门。	C217
976	悦榕国际酒店	地址：平凉和平路303号（平凉）。联系电话：043-31417914 / 022-32423562。距车站步行 5 分钟，交通便利。提供高速 Wi‑Fi 及 24 小时热水。	C108
977	星程度假酒店	地址：平凉迎宾大道20号（平凉）。联系电话：043-27809884 / 022-74578128。含自助早餐，菜品丰富。可手机自助入住，无接触开门。部分房型可俯瞰城市天际线。客房配备记忆棉床垫，保证舒适睡眠。	C108
978	枫叶国际酒店	地址：平凉人民大道194号（平凉南）。联系电话：186-99675093 / 040-31875588。客房配备记忆棉床垫，保证舒适睡眠。距车站步行 5 分钟，交通便利。酒店内有健身房和洗衣房，住客免费使用。周边 500 米内即是商场与美食街。	C108
979	星程酒店	地址：平凉建设路290号（平凉南）。联系电话：010-81512136。酒店内有健身房和洗衣房，住客免费使用。客房配备记忆棉床垫，保证舒适睡眠。可手机自助入住，无接触开门。	C108
980	柏曼精品酒店	地址：平凉中心路134号（平凉南）。联系电话：185-80619586。提供高速 Wi‑Fi 及 24 小时热水。周边 500 米内即是商场与美食街。	C108
981	柏曼大酒店	地址：平泉人民大道283号（平泉）。联系电话：030-58460058。周边 500 米内即是商场与美食街。客房配备记忆棉床垫，保证舒适睡眠。含自助早餐，菜品丰富。可手机自助入住，无接触开门。	C130
982	璞丽大酒店	地址：平泉中心路161号（平泉）。联系电话：183-81171314 / 010-54247718。设有地下停车场与充电桩。部分房型可俯瞰城市天际线。酒店内有健身房和洗衣房，住客免费使用。周边 500 米内即是商场与美食街。	C130
983	碧桂度假酒店	地址：乐昌人民大道5号（坪石）。联系电话：197-10549235。客房配备记忆棉床垫，保证舒适睡眠。含自助早餐，菜品丰富。距车站步行 5 分钟，交通便利。可手机自助入住，无接触开门。	C299
984	碧桂大酒店	地址：乐昌建设路128号（坪石）。联系电话：131-84300771。周边 500 米内即是商场与美食街。含自助早餐，菜品丰富。提供高速 Wi‑Fi 及 24 小时热水。	C299
985	沐兰度假酒店	地址：乐昌人民大道398号（坪石）。联系电话：159-72272038。含自助早餐，菜品丰富。周边 500 米内即是商场与美食街。	C299
986	云栖精品酒店	地址：乐昌建设路159号（坪石）。联系电话：158-23517546 / 197-32692756。前台多语言服务，支持行李寄存。部分房型可俯瞰城市天际线。可手机自助入住，无接触开门。	C299
987	锦江酒店	地址：萍乡中心路227号（萍乡）。联系电话：130-24832097 / 018-40342396。前台多语言服务，支持行李寄存。设有地下停车场与充电桩。	C237
988	月光宾馆	地址：萍乡解放路274号（萍乡）。联系电话：025-89349914 / 050-37845009。客房配备记忆棉床垫，保证舒适睡眠。含自助早餐，菜品丰富。可手机自助入住，无接触开门。酒店内有健身房和洗衣房，住客免费使用。	C237
989	雅致宾馆	地址：凭祥迎宾大道338号（凭祥）。联系电话：198-12394372。前台多语言服务，支持行李寄存。含自助早餐，菜品丰富。部分房型可俯瞰城市天际线。	C102
990	悦榕宾馆	地址：凭祥迎宾大道319号（凭祥）。联系电话：189-64778633。酒店内有健身房和洗衣房，住客免费使用。前台多语言服务，支持行李寄存。	C102
991	沐兰酒店	地址：凭祥迎宾大道161号（凭祥）。联系电话：133-17549450。部分房型可俯瞰城市天际线。设有地下停车场与充电桩。酒店内有健身房和洗衣房，住客免费使用。	C102
992	悦榕国际酒店	地址：成都朝阳街277号（郫县西）。联系电话：019-72300025。客房配备记忆棉床垫，保证舒适睡眠。可手机自助入住，无接触开门。	C128
993	柏栎国际酒店	地址：成都建设路137号（郫县西）。联系电话：158-40381413。含自助早餐，菜品丰富。前台多语言服务，支持行李寄存。	C128
994	雅致宾馆	地址：成都解放路98号（郫县西）。联系电话：020-59990381。含自助早餐，菜品丰富。周边 500 米内即是商场与美食街。	C128
995	悦榕大酒店	地址：攀枝花和平路171号（攀枝花）。联系电话：020-35183411。距车站步行 5 分钟，交通便利。周边 500 米内即是商场与美食街。含自助早餐，菜品丰富。	C135
996	沐兰酒店	地址：攀枝花解放路284号（攀枝花）。联系电话：190-41890802 / 040-33523768。客房配备记忆棉床垫，保证舒适睡眠。提供高速 Wi‑Fi 及 24 小时热水。周边 500 米内即是商场与美食街。距车站步行 5 分钟，交通便利。	C135
997	花筑大酒店	地址：攀枝花和平路316号（攀枝花）。联系电话：046-67037100 / 134-73844155。提供高速 Wi‑Fi 及 24 小时热水。酒店内有健身房和洗衣房，住客免费使用。距车站步行 5 分钟，交通便利。	C135
998	碧桂宾馆	地址：攀枝花朝阳街69号（攀枝花）。联系电话：039-70681437 / 033-88616907。周边 500 米内即是商场与美食街。提供高速 Wi‑Fi 及 24 小时热水。	C135
999	璞丽酒店	地址：蕲春县人民大道147号（蕲春）。联系电话：194-55982175 / 039-42070477。部分房型可俯瞰城市天际线。设有地下停车场与充电桩。	C307
1000	锦江精品酒店	地址：蕲春县中心路224号（蕲春）。联系电话：021-53665217。设有地下停车场与充电桩。距车站步行 5 分钟，交通便利。客房配备记忆棉床垫，保证舒适睡眠。	C307
1001	锦江酒店	地址：蕲春县建设路126号（蕲春）。联系电话：180-48379890。提供高速 Wi‑Fi 及 24 小时热水。距车站步行 5 分钟，交通便利。部分房型可俯瞰城市天际线。前台多语言服务，支持行李寄存。	C307
1002	柏曼度假酒店	地址：蕲春县中心路365号（蕲春）。联系电话：056-76193704。含自助早餐，菜品丰富。客房配备记忆棉床垫，保证舒适睡眠。提供高速 Wi‑Fi 及 24 小时热水。	C307
1003	璞丽度假酒店	地址：都江堰和平路338号（青城山）。联系电话：032-67178617。酒店内有健身房和洗衣房，住客免费使用。含自助早餐，菜品丰富。前台多语言服务，支持行李寄存。	C128
1004	星程度假酒店	地址：都江堰中心路287号（青城山）。联系电话：156-75924992 / 184-87632837。距车站步行 5 分钟，交通便利。可手机自助入住，无接触开门。酒店内有健身房和洗衣房，住客免费使用。	C128
1005	柏栎国际酒店	地址：都江堰人民大道21号（青城山）。联系电话：028-80147281。距车站步行 5 分钟，交通便利。周边 500 米内即是商场与美食街。	C128
1006	丽枫大酒店	地址：青岛朝阳街383号（青岛）。联系电话：019-34026935 / 052-86086289。设有地下停车场与充电桩。可手机自助入住，无接触开门。含自助早餐，菜品丰富。	C297
1007	云栖酒店	地址：青岛解放路247号（青岛）。联系电话：153-35063833 / 197-36160522。含自助早餐，菜品丰富。客房配备记忆棉床垫，保证舒适睡眠。	C297
1008	碧桂宾馆	地址：青岛迎宾大道246号（青岛）。联系电话：185-17523607。前台多语言服务，支持行李寄存。设有地下停车场与充电桩。	C297
1009	楠舍度假酒店	地址：青岛解放路65号（青岛）。联系电话：151-96398848。客房配备记忆棉床垫，保证舒适睡眠。周边 500 米内即是商场与美食街。	C297
1010	梅园国际酒店	地址：清河县朝阳街340号（清河城）。联系电话：158-64143607 / 181-93974143。部分房型可俯瞰城市天际线。设有地下停车场与充电桩。提供高速 Wi‑Fi 及 24 小时热水。	C263
1011	月光大酒店	地址：清河县人民大道156号（清河城）。联系电话：183-11859795 / 155-39630349。可手机自助入住，无接触开门。设有地下停车场与充电桩。提供高速 Wi‑Fi 及 24 小时热水。客房配备记忆棉床垫，保证舒适睡眠。	C263
1012	梅园宾馆	地址：曲靖迎宾大道300号（曲靖）。联系电话：182-78712174。提供高速 Wi‑Fi 及 24 小时热水。可手机自助入住，无接触开门。	C148
1013	花筑国际酒店	地址：曲靖解放路152号（曲靖）。联系电话：185-99412720。周边 500 米内即是商场与美食街。前台多语言服务，支持行李寄存。酒店内有健身房和洗衣房，住客免费使用。客房配备记忆棉床垫，保证舒适睡眠。	C148
1014	桔子度假酒店	地址：曲靖人民大道166号（曲靖）。联系电话：058-88866825。提供高速 Wi‑Fi 及 24 小时热水。周边 500 米内即是商场与美食街。可手机自助入住，无接触开门。酒店内有健身房和洗衣房，住客免费使用。	C148
1015	沐兰宾馆	地址：曲靖和平路363号（曲靖）。联系电话：150-94519305。含自助早餐，菜品丰富。提供高速 Wi‑Fi 及 24 小时热水。设有地下停车场与充电桩。前台多语言服务，支持行李寄存。	C148
1016	沐兰大酒店	地址：重庆人民大道204号（黔江）。联系电话：156-77413823 / 189-12886557。周边 500 米内即是商场与美食街。设有地下停车场与充电桩。	C272
1017	月光精品酒店	地址：重庆解放路39号（黔江）。联系电话：037-58653595。提供高速 Wi‑Fi 及 24 小时热水。含自助早餐，菜品丰富。客房配备记忆棉床垫，保证舒适睡眠。	C272
1018	柏栎酒店	地址：重庆人民大道110号（黔江）。联系电话：044-26183654 / 059-26065885。前台多语言服务，支持行李寄存。部分房型可俯瞰城市天际线。	C272
1019	沐兰精品酒店	地址：同江建设路232号（前进镇）。联系电话：187-37060679。酒店内有健身房和洗衣房，住客免费使用。客房配备记忆棉床垫，保证舒适睡眠。距车站步行 5 分钟，交通便利。前台多语言服务，支持行李寄存。	C026
1020	枫叶酒店	地址：同江和平路263号（前进镇）。联系电话：047-83412938。酒店内有健身房和洗衣房，住客免费使用。客房配备记忆棉床垫，保证舒适睡眠。距车站步行 5 分钟，交通便利。周边 500 米内即是商场与美食街。	C026
1021	星程宾馆	地址：齐齐哈尔和平路169号（齐齐哈尔）。联系电话：187-54312808。前台多语言服务，支持行李寄存。提供高速 Wi‑Fi 及 24 小时热水。客房配备记忆棉床垫，保证舒适睡眠。可手机自助入住，无接触开门。	C314
1022	花筑酒店	地址：齐齐哈尔人民大道380号（齐齐哈尔）。联系电话：035-21977229 / 192-39848532。部分房型可俯瞰城市天际线。可手机自助入住，无接触开门。设有地下停车场与充电桩。前台多语言服务，支持行李寄存。	C314
1023	楠舍大酒店	地址：齐齐哈尔解放路142号（齐齐哈尔）。联系电话：180-34902003 / 041-83005514。酒店内有健身房和洗衣房，住客免费使用。含自助早餐，菜品丰富。部分房型可俯瞰城市天际线。距车站步行 5 分钟，交通便利。	C314
1024	沐兰国际酒店	地址：七台河解放路374号（七台河）。联系电话：020-78124304 / 198-31818021。前台多语言服务，支持行李寄存。含自助早餐，菜品丰富。	C001
1025	悦榕度假酒店	地址：七台河和平路136号（七台河）。联系电话：016-75968903 / 136-89617194。部分房型可俯瞰城市天际线。提供高速 Wi‑Fi 及 24 小时热水。	C001
1026	碧桂酒店	地址：沁县建设路337号（沁县）。联系电话：194-79538033。酒店内有健身房和洗衣房，住客免费使用。部分房型可俯瞰城市天际线。	C285
1027	沐兰国际酒店	地址：沁县人民大道162号（沁县）。联系电话：132-18636054。可手机自助入住，无接触开门。部分房型可俯瞰城市天际线。含自助早餐，菜品丰富。	C285
1028	锦江宾馆	地址：泉州人民大道51号（泉州东）。联系电话：026-23482601。提供高速 Wi‑Fi 及 24 小时热水。部分房型可俯瞰城市天际线。可手机自助入住，无接触开门。设有地下停车场与充电桩。	C176
1029	月光宾馆	地址：泉州和平路214号（泉州东）。联系电话：151-94588813 / 187-72281044。含自助早餐，菜品丰富。客房配备记忆棉床垫，保证舒适睡眠。距车站步行 5 分钟，交通便利。	C176
1030	沐兰国际酒店	地址：泉州中心路259号（泉州东）。联系电话：191-82865077。可手机自助入住，无接触开门。距车站步行 5 分钟，交通便利。	C176
1031	楠舍宾馆	地址：泉州和平路373号（泉州）。联系电话：183-83282612 / 057-50341603。提供高速 Wi‑Fi 及 24 小时热水。距车站步行 5 分钟，交通便利。客房配备记忆棉床垫，保证舒适睡眠。	C176
1032	云栖酒店	地址：泉州朝阳街266号（泉州）。联系电话：049-37309000 / 150-46580170。部分房型可俯瞰城市天际线。提供高速 Wi‑Fi 及 24 小时热水。	C176
1033	璞丽宾馆	地址：衢州迎宾大道182号（衢州）。联系电话：184-99334873。部分房型可俯瞰城市天际线。设有地下停车场与充电桩。周边 500 米内即是商场与美食街。酒店内有健身房和洗衣房，住客免费使用。	C243
1034	丽枫宾馆	地址：衢州迎宾大道271号（衢州）。联系电话：057-89164750。提供高速 Wi‑Fi 及 24 小时热水。设有地下停车场与充电桩。	C243
1035	锦江酒店	地址：衢州建设路44号（衢州）。联系电话：020-32809508 / 022-38283055。酒店内有健身房和洗衣房，住客免费使用。客房配备记忆棉床垫，保证舒适睡眠。	C243
1036	枫叶国际酒店	地址：融安县迎宾大道98号（融安）。联系电话：021-31138088。部分房型可俯瞰城市天际线。设有地下停车场与充电桩。可手机自助入住，无接触开门。	C156
1037	桔子宾馆	地址：融安县人民大道191号（融安）。联系电话：188-17709335 / 038-76536353。酒店内有健身房和洗衣房，住客免费使用。含自助早餐，菜品丰富。	C156
1038	枫叶大酒店	地址：融安县迎宾大道366号（融安）。联系电话：191-95877907 / 155-87120433。酒店内有健身房和洗衣房，住客免费使用。客房配备记忆棉床垫，保证舒适睡眠。可手机自助入住，无接触开门。距车站步行 5 分钟，交通便利。	C156
1039	枫叶宾馆	地址：融安县和平路377号（融安）。联系电话：159-78828118。设有地下停车场与充电桩。酒店内有健身房和洗衣房，住客免费使用。提供高速 Wi‑Fi 及 24 小时热水。	C156
1040	星程宾馆	地址：石嘴山解放路100号（汝箕沟）。联系电话：059-51827853。提供高速 Wi‑Fi 及 24 小时热水。设有地下停车场与充电桩。	C219
1041	枫叶宾馆	地址：石嘴山建设路264号（汝箕沟）。联系电话：013-49306222 / 012-44530441。周边 500 米内即是商场与美食街。距车站步行 5 分钟，交通便利。	C219
1042	星程国际酒店	地址：石嘴山建设路95号（汝箕沟）。联系电话：011-80297582。周边 500 米内即是商场与美食街。提供高速 Wi‑Fi 及 24 小时热水。	C219
1043	璞丽度假酒店	地址：瑞金建设路192号（瑞金）。联系电话：011-66267600 / 029-60658215。酒店内有健身房和洗衣房，住客免费使用。可手机自助入住，无接触开门。设有地下停车场与充电桩。	C252
1044	星程精品酒店	地址：瑞金建设路74号（瑞金）。联系电话：190-30852314 / 040-67643744。距车站步行 5 分钟，交通便利。设有地下停车场与充电桩。客房配备记忆棉床垫，保证舒适睡眠。	C252
1045	星程宾馆	地址：瑞金解放路202号（瑞金）。联系电话：013-69453395。酒店内有健身房和洗衣房，住客免费使用。周边 500 米内即是商场与美食街。	C252
1046	雅致酒店	地址：瑞金解放路353号（瑞金）。联系电话：014-35623726。部分房型可俯瞰城市天际线。酒店内有健身房和洗衣房，住客免费使用。	C252
1047	星程国际酒店	地址：日照中心路368号（日照）。联系电话：190-10646449 / 180-59485786。客房配备记忆棉床垫，保证舒适睡眠。部分房型可俯瞰城市天际线。酒店内有健身房和洗衣房，住客免费使用。	C141
1048	锦江宾馆	地址：日照解放路231号（日照）。联系电话：041-42753599。部分房型可俯瞰城市天际线。含自助早餐，菜品丰富。	C141
1049	星程度假酒店	地址：哈尔滨建设路16号（双城堡）。联系电话：189-50580200。周边 500 米内即是商场与美食街。部分房型可俯瞰城市天际线。	C066
1050	花筑宾馆	地址：哈尔滨迎宾大道395号（双城堡）。联系电话：197-73395738。含自助早餐，菜品丰富。提供高速 Wi‑Fi 及 24 小时热水。前台多语言服务，支持行李寄存。	C066
1051	花筑酒店	地址：哈尔滨迎宾大道152号（双城堡）。联系电话：035-88911057 / 039-29772326。客房配备记忆棉床垫，保证舒适睡眠。距车站步行 5 分钟，交通便利。	C066
1052	柏曼精品酒店	地址：绥芬河解放路51号（绥芬河）。联系电话：029-23028968 / 154-98059350。前台多语言服务，支持行李寄存。设有地下停车场与充电桩。距车站步行 5 分钟，交通便利。	C207
1053	枫叶精品酒店	地址：绥芬河和平路205号（绥芬河）。联系电话：013-55445431。提供高速 Wi‑Fi 及 24 小时热水。部分房型可俯瞰城市天际线。周边 500 米内即是商场与美食街。	C207
1054	悦榕大酒店	地址：绥芬河迎宾大道309号（绥芬河）。联系电话：024-29669403。可手机自助入住，无接触开门。距车站步行 5 分钟，交通便利。含自助早餐，菜品丰富。	C207
1055	柏曼国际酒店	地址：韶关解放路351号（韶关东）。联系电话：196-35203035 / 154-46550150。距车站步行 5 分钟，交通便利。客房配备记忆棉床垫，保证舒适睡眠。酒店内有健身房和洗衣房，住客免费使用。	C299
1056	悦榕大酒店	地址：韶关和平路212号（韶关东）。联系电话：155-74937156。周边 500 米内即是商场与美食街。客房配备记忆棉床垫，保证舒适睡眠。含自助早餐，菜品丰富。部分房型可俯瞰城市天际线。	C299
1057	月光精品酒店	地址：韶关和平路307号（韶关东）。联系电话：183-18868187 / 135-31378052。部分房型可俯瞰城市天际线。前台多语言服务，支持行李寄存。	C299
1058	枫叶精品酒店	地址：韶关人民大道106号（韶关东）。联系电话：027-60979752 / 152-65264037。含自助早餐，菜品丰富。周边 500 米内即是商场与美食街。	C299
1059	璞丽度假酒店	地址：秦皇岛和平路155号（山海关）。联系电话：137-60849293 / 050-56776582。前台多语言服务，支持行李寄存。距车站步行 5 分钟，交通便利。	C222
1060	雅致酒店	地址：秦皇岛朝阳街160号（山海关）。联系电话：022-54735669。客房配备记忆棉床垫，保证舒适睡眠。距车站步行 5 分钟，交通便利。可手机自助入住，无接触开门。提供高速 Wi‑Fi 及 24 小时热水。	C222
1061	柏曼精品酒店	地址：秦皇岛中心路254号（山海关）。联系电话：033-43963646。周边 500 米内即是商场与美食街。提供高速 Wi‑Fi 及 24 小时热水。设有地下停车场与充电桩。	C222
1062	柏曼度假酒店	地址：秦皇岛朝阳街193号（山海关）。联系电话：047-29130992 / 135-82543517。周边 500 米内即是商场与美食街。提供高速 Wi‑Fi 及 24 小时热水。含自助早餐，菜品丰富。	C222
1063	璞丽酒店	地址：绥化人民大道23号（绥化）。联系电话：046-43517943 / 013-20808576。酒店内有健身房和洗衣房，住客免费使用。含自助早餐，菜品丰富。前台多语言服务，支持行李寄存。	C225
1064	雅致宾馆	地址：绥化建设路43号（绥化）。联系电话：027-78866759。客房配备记忆棉床垫，保证舒适睡眠。设有地下停车场与充电桩。	C225
1065	璞丽大酒店	地址：齐齐哈尔迎宾大道109号（三间房）。联系电话：047-77620040。酒店内有健身房和洗衣房，住客免费使用。前台多语言服务，支持行李寄存。部分房型可俯瞰城市天际线。客房配备记忆棉床垫，保证舒适睡眠。	C314
1066	梅园度假酒店	地址：齐齐哈尔解放路228号（三间房）。联系电话：180-46884441 / 038-72499461。设有地下停车场与充电桩。前台多语言服务，支持行李寄存。	C314
1067	梅园精品酒店	地址：齐齐哈尔中心路322号（三间房）。联系电话：186-14235108 / 013-60925090。周边 500 米内即是商场与美食街。含自助早餐，菜品丰富。提供高速 Wi‑Fi 及 24 小时热水。客房配备记忆棉床垫，保证舒适睡眠。	C314
1068	柏栎度假酒店	地址：齐齐哈尔和平路281号（三间房）。联系电话：192-51547131。前台多语言服务，支持行李寄存。可手机自助入住，无接触开门。周边 500 米内即是商场与美食街。含自助早餐，菜品丰富。	C314
1069	锦江精品酒店	地址：沈阳解放路167号（苏家屯）。联系电话：194-33144565。可手机自助入住，无接触开门。含自助早餐，菜品丰富。	C172
1070	锦江精品酒店	地址：沈阳解放路182号（苏家屯）。联系电话：180-83729795 / 156-67878340。酒店内有健身房和洗衣房，住客免费使用。设有地下停车场与充电桩。前台多语言服务，支持行李寄存。提供高速 Wi‑Fi 及 24 小时热水。	C172
1071	枫叶酒店	地址：舒兰解放路199号（舒兰）。联系电话：019-89207319。可手机自助入住，无接触开门。酒店内有健身房和洗衣房，住客免费使用。	C055
1072	云栖精品酒店	地址：舒兰中心路163号（舒兰）。联系电话：021-62474208 / 190-11682820。距车站步行 5 分钟，交通便利。前台多语言服务，支持行李寄存。提供高速 Wi‑Fi 及 24 小时热水。设有地下停车场与充电桩。	C055
1073	碧桂大酒店	地址：舒兰建设路115号（舒兰）。联系电话：183-36390687。可手机自助入住，无接触开门。客房配备记忆棉床垫，保证舒适睡眠。	C055
1074	楠舍酒店	地址：舒兰解放路283号（舒兰）。联系电话：132-24679978。部分房型可俯瞰城市天际线。前台多语言服务，支持行李寄存。周边 500 米内即是商场与美食街。可手机自助入住，无接触开门。	C055
1075	柏栎国际酒店	地址：神木中心路390号（神木南）。联系电话：044-60878771。含自助早餐，菜品丰富。客房配备记忆棉床垫，保证舒适睡眠。设有地下停车场与充电桩。前台多语言服务，支持行李寄存。	C162
1076	丽枫大酒店	地址：神木迎宾大道141号（神木南）。联系电话：038-27095412。周边 500 米内即是商场与美食街。距车站步行 5 分钟，交通便利。可手机自助入住，无接触开门。	C162
1077	楠舍大酒店	地址：神木和平路36号（神木南）。联系电话：036-60658494 / 027-54892117。酒店内有健身房和洗衣房，住客免费使用。含自助早餐，菜品丰富。客房配备记忆棉床垫，保证舒适睡眠。	C162
1078	柏栎大酒店	地址：三门峡和平路226号（三门峡）。联系电话：187-38084152 / 027-38986604。客房配备记忆棉床垫，保证舒适睡眠。设有地下停车场与充电桩。	C004
1079	丽枫大酒店	地址：三门峡解放路340号（三门峡）。联系电话：139-25882524 / 159-67274787。客房配备记忆棉床垫，保证舒适睡眠。周边 500 米内即是商场与美食街。提供高速 Wi‑Fi 及 24 小时热水。酒店内有健身房和洗衣房，住客免费使用。	C004
1080	沐兰大酒店	地址：商南县建设路38号（商南）。联系电话：195-83157224 / 059-59018484。客房配备记忆棉床垫，保证舒适睡眠。含自助早餐，菜品丰富。可手机自助入住，无接触开门。距车站步行 5 分钟，交通便利。	C069
1081	锦江大酒店	地址：商南县人民大道347号（商南）。联系电话：019-87071929。客房配备记忆棉床垫，保证舒适睡眠。周边 500 米内即是商场与美食街。	C069
1082	梅园宾馆	地址：遂宁中心路160号（遂宁）。联系电话：198-85707959 / 058-87161109。部分房型可俯瞰城市天际线。周边 500 米内即是商场与美食街。设有地下停车场与充电桩。酒店内有健身房和洗衣房，住客免费使用。	C261
1083	梅园度假酒店	地址：遂宁人民大道141号（遂宁）。联系电话：016-26643407。提供高速 Wi‑Fi 及 24 小时热水。可手机自助入住，无接触开门。部分房型可俯瞰城市天际线。前台多语言服务，支持行李寄存。	C261
1084	悦榕大酒店	地址：四平和平路56号（四平）。联系电话：021-37891503。周边 500 米内即是商场与美食街。含自助早餐，菜品丰富。	C073
1085	星程大酒店	地址：四平建设路323号（四平）。联系电话：194-56921944。酒店内有健身房和洗衣房，住客免费使用。含自助早餐，菜品丰富。	C073
1086	星程国际酒店	地址：四平中心路76号（四平）。联系电话：156-29075037。酒店内有健身房和洗衣房，住客免费使用。周边 500 米内即是商场与美食街。可手机自助入住，无接触开门。提供高速 Wi‑Fi 及 24 小时热水。	C073
1087	桔子宾馆	地址：商丘朝阳街87号（商丘）。联系电话：057-65234680。可手机自助入住，无接触开门。酒店内有健身房和洗衣房，住客免费使用。含自助早餐，菜品丰富。	C068
1088	丽枫度假酒店	地址：商丘迎宾大道345号（商丘）。联系电话：196-67895695 / 190-86930962。周边 500 米内即是商场与美食街。提供高速 Wi‑Fi 及 24 小时热水。	C068
1089	柏曼精品酒店	地址：商丘解放路51号（商丘）。联系电话：039-78929605 / 035-41722192。前台多语言服务，支持行李寄存。距车站步行 5 分钟，交通便利。可手机自助入住，无接触开门。	C068
1090	云栖大酒店	地址：商丘人民大道22号（商丘）。联系电话：034-68183312 / 194-44175324。前台多语言服务，支持行李寄存。周边 500 米内即是商场与美食街。客房配备记忆棉床垫，保证舒适睡眠。	C068
1091	丽枫国际酒店	地址：上饶和平路232号（上饶）。联系电话：023-39460611。酒店内有健身房和洗衣房，住客免费使用。距车站步行 5 分钟，交通便利。周边 500 米内即是商场与美食街。	C006
1092	云栖度假酒店	地址：上饶朝阳街315号（上饶）。联系电话：050-61115557 / 182-19655524。周边 500 米内即是商场与美食街。酒店内有健身房和洗衣房，住客免费使用。前台多语言服务，支持行李寄存。	C006
1093	雅致精品酒店	地址：上饶建设路6号（上饶）。联系电话：197-59959262 / 035-64056769。提供高速 Wi‑Fi 及 24 小时热水。可手机自助入住，无接触开门。距车站步行 5 分钟，交通便利。含自助早餐，菜品丰富。	C006
1094	锦江国际酒店	地址：上饶人民大道179号（上饶）。联系电话：155-44141536。距车站步行 5 分钟，交通便利。酒店内有健身房和洗衣房，住客免费使用。前台多语言服务，支持行李寄存。	C006
1095	星程度假酒店	地址：湘潭解放路377号（韶山）。联系电话：157-63480701 / 023-28235603。设有地下停车场与充电桩。前台多语言服务，支持行李寄存。客房配备记忆棉床垫，保证舒适睡眠。	C195
1096	花筑国际酒店	地址：湘潭建设路344号（韶山）。联系电话：184-99823765。可手机自助入住，无接触开门。设有地下停车场与充电桩。提供高速 Wi‑Fi 及 24 小时热水。	C195
1097	锦江酒店	地址：湘潭和平路380号（韶山）。联系电话：136-72603068。客房配备记忆棉床垫，保证舒适睡眠。含自助早餐，菜品丰富。可手机自助入住，无接触开门。酒店内有健身房和洗衣房，住客免费使用。	C195
1098	柏曼宾馆	地址：湘潭朝阳街242号（韶山）。联系电话：058-30721680 / 188-94189537。周边 500 米内即是商场与美食街。设有地下停车场与充电桩。	C195
1099	沐兰度假酒店	地址：宿松县和平路354号（宿松）。联系电话：037-81740929。距车站步行 5 分钟，交通便利。周边 500 米内即是商场与美食街。	C089
1100	璞丽宾馆	地址：宿松县中心路253号（宿松）。联系电话：135-21054391。前台多语言服务，支持行李寄存。酒店内有健身房和洗衣房，住客免费使用。设有地下停车场与充电桩。	C089
1101	沐兰精品酒店	地址：宿松县朝阳街234号（宿松）。联系电话：024-34827228 / 055-56563415。设有地下停车场与充电桩。提供高速 Wi‑Fi 及 24 小时热水。部分房型可俯瞰城市天际线。酒店内有健身房和洗衣房，住客免费使用。	C089
1102	柏栎酒店	地址：宿松县朝阳街343号（宿松）。联系电话：044-73265376。酒店内有健身房和洗衣房，住客免费使用。客房配备记忆棉床垫，保证舒适睡眠。含自助早餐，菜品丰富。	C089
1103	桔子国际酒店	地址：汕头解放路218号（汕头）。联系电话：136-15612078。设有地下停车场与充电桩。提供高速 Wi‑Fi 及 24 小时热水。周边 500 米内即是商场与美食街。	C168
1104	璞丽大酒店	地址：汕头人民大道322号（汕头）。联系电话：133-69807763 / 136-84488385。部分房型可俯瞰城市天际线。可手机自助入住，无接触开门。	C168
1105	悦榕宾馆	地址：邵武迎宾大道332号（邵武）。联系电话：048-59197476 / 020-28913940。酒店内有健身房和洗衣房，住客免费使用。客房配备记忆棉床垫，保证舒适睡眠。	C045
1106	星程精品酒店	地址：邵武迎宾大道117号（邵武）。联系电话：056-56329581 / 183-54912797。设有地下停车场与充电桩。客房配备记忆棉床垫，保证舒适睡眠。含自助早餐，菜品丰富。	C045
1107	柏栎宾馆	地址：邵武解放路4号（邵武）。联系电话：024-34288503 / 010-70639812。周边 500 米内即是商场与美食街。部分房型可俯瞰城市天际线。可手机自助入住，无接触开门。设有地下停车场与充电桩。	C045
1108	锦江大酒店	地址：涉县和平路9号（涉县）。联系电话：048-61655181 / 188-98145275。部分房型可俯瞰城市天际线。前台多语言服务，支持行李寄存。	C265
1109	丽枫度假酒店	地址：涉县迎宾大道20号（涉县）。联系电话：059-63559989。部分房型可俯瞰城市天际线。含自助早餐，菜品丰富。	C265
1110	星程酒店	地址：涉县迎宾大道172号（涉县）。联系电话：052-27513270 / 025-69804314。前台多语言服务，支持行李寄存。部分房型可俯瞰城市天际线。周边 500 米内即是商场与美食街。设有地下停车场与充电桩。	C265
1111	碧桂度假酒店	地址：三亚人民大道121号（三亚）。联系电话：043-63787302。前台多语言服务，支持行李寄存。距车站步行 5 分钟，交通便利。提供高速 Wi‑Fi 及 24 小时热水。	C002
1112	雅致精品酒店	地址：三亚人民大道18号（三亚）。联系电话：132-52642294 / 056-45708155。周边 500 米内即是商场与美食街。酒店内有健身房和洗衣房，住客免费使用。可手机自助入住，无接触开门。	C002
1113	花筑国际酒店	地址：三亚中心路233号（三亚）。联系电话：015-69075321 / 043-22875515。客房配备记忆棉床垫，保证舒适睡眠。含自助早餐，菜品丰富。距车站步行 5 分钟，交通便利。	C002
1114	雅致精品酒店	地址：三亚解放路337号（三亚）。联系电话：137-10114621 / 131-32811440。距车站步行 5 分钟，交通便利。酒店内有健身房和洗衣房，住客免费使用。	C002
1115	柏栎国际酒店	地址：邵阳人民大道59号（邵阳）。联系电话：032-28170009。提供高速 Wi‑Fi 及 24 小时热水。含自助早餐，菜品丰富。客房配备记忆棉床垫，保证舒适睡眠。距车站步行 5 分钟，交通便利。	C266
1116	雅致大酒店	地址：邵阳人民大道397号（邵阳）。联系电话：154-66479619。部分房型可俯瞰城市天际线。酒店内有健身房和洗衣房，住客免费使用。设有地下停车场与充电桩。	C266
1117	悦榕酒店	地址：邵阳中心路201号（邵阳）。联系电话：037-61547312 / 186-87405290。客房配备记忆棉床垫，保证舒适睡眠。可手机自助入住，无接触开门。提供高速 Wi‑Fi 及 24 小时热水。	C266
1118	云栖国际酒店	地址：邵阳中心路127号（邵阳）。联系电话：027-72831514。酒店内有健身房和洗衣房，住客免费使用。前台多语言服务，支持行李寄存。距车站步行 5 分钟，交通便利。	C266
1119	云栖宾馆	地址：十堰迎宾大道2号（十堰）。联系电话：025-88727385 / 054-36221570。可手机自助入住，无接触开门。设有地下停车场与充电桩。含自助早餐，菜品丰富。	C041
1120	柏曼国际酒店	地址：十堰朝阳街394号（十堰）。联系电话：032-85676590。含自助早餐，菜品丰富。部分房型可俯瞰城市天际线。客房配备记忆棉床垫，保证舒适睡眠。距车站步行 5 分钟，交通便利。	C041
1121	雅致国际酒店	地址：三明和平路19号（三元区）。联系电话：191-43053065。含自助早餐，菜品丰富。前台多语言服务，支持行李寄存。设有地下停车场与充电桩。提供高速 Wi‑Fi 及 24 小时热水。	C003
1122	雅致国际酒店	地址：三明建设路91号（三元区）。联系电话：040-55423581。提供高速 Wi‑Fi 及 24 小时热水。距车站步行 5 分钟，交通便利。酒店内有健身房和洗衣房，住客免费使用。含自助早餐，菜品丰富。	C003
1123	璞丽精品酒店	地址：三明迎宾大道2号（三元区）。联系电话：010-36510289。可手机自助入住，无接触开门。含自助早餐，菜品丰富。客房配备记忆棉床垫，保证舒适睡眠。	C003
1124	楠舍酒店	地址：三明建设路274号（三元区）。联系电话：198-62109947 / 158-36335633。周边 500 米内即是商场与美食街。可手机自助入住，无接触开门。	C003
1125	璞丽宾馆	地址：双鸭山朝阳街16号（双鸭山）。联系电话：184-59013345 / 184-14083969。客房配备记忆棉床垫，保证舒适睡眠。距车站步行 5 分钟，交通便利。设有地下停车场与充电桩。周边 500 米内即是商场与美食街。	C051
1126	月光国际酒店	地址：双鸭山中心路83号（双鸭山）。联系电话：026-74467247 / 151-31314277。酒店内有健身房和洗衣房，住客免费使用。部分房型可俯瞰城市天际线。可手机自助入住，无接触开门。	C051
1127	悦榕度假酒店	地址：双鸭山迎宾大道232号（双鸭山）。联系电话：153-19491157。提供高速 Wi‑Fi 及 24 小时热水。含自助早餐，菜品丰富。部分房型可俯瞰城市天际线。可手机自助入住，无接触开门。	C051
1128	梅园度假酒店	地址：扶余人民大道273号（松原）。联系电话：050-32519270 / 139-50697696。含自助早餐，菜品丰富。距车站步行 5 分钟，交通便利。前台多语言服务，支持行李寄存。	C154
1129	梅园精品酒店	地址：扶余朝阳街318号（松原）。联系电话：191-46510948 / 051-39005477。酒店内有健身房和洗衣房，住客免费使用。提供高速 Wi‑Fi 及 24 小时热水。含自助早餐，菜品丰富。	C154
1130	悦榕国际酒店	地址：扶余解放路371号（松原）。联系电话：134-95556892 / 157-71764235。客房配备记忆棉床垫，保证舒适睡眠。含自助早餐，菜品丰富。可手机自助入住，无接触开门。周边 500 米内即是商场与美食街。	C154
1131	梅园宾馆	地址：扶余中心路221号（松原）。联系电话：192-74442703 / 154-12258786。提供高速 Wi‑Fi 及 24 小时热水。酒店内有健身房和洗衣房，住客免费使用。含自助早餐，菜品丰富。客房配备记忆棉床垫，保证舒适睡眠。	C154
1132	柏栎宾馆	地址：苏州解放路140号（苏州）。联系电话：183-28153818 / 180-49200150。前台多语言服务，支持行李寄存。距车站步行 5 分钟，交通便利。周边 500 米内即是商场与美食街。部分房型可俯瞰城市天际线。	C231
1133	楠舍国际酒店	地址：苏州朝阳街22号（苏州）。联系电话：197-50671320 / 191-18779387。前台多语言服务，支持行李寄存。含自助早餐，菜品丰富。部分房型可俯瞰城市天际线。可手机自助入住，无接触开门。	C231
1134	璞丽度假酒店	地址：苏州朝阳街294号（苏州）。联系电话：049-72352195。设有地下停车场与充电桩。前台多语言服务，支持行李寄存。周边 500 米内即是商场与美食街。	C231
1135	花筑度假酒店	地址：苏州迎宾大道51号（苏州）。联系电话：186-46281769。可手机自助入住，无接触开门。含自助早餐，菜品丰富。	C231
1136	碧桂大酒店	地址：深圳迎宾大道306号（深圳）。联系电话：034-42118463。设有地下停车场与充电桩。客房配备记忆棉床垫，保证舒适睡眠。	C190
1137	丽枫度假酒店	地址：深圳朝阳街40号（深圳）。联系电话：013-73002027 / 130-88244997。设有地下停车场与充电桩。可手机自助入住，无接触开门。含自助早餐，菜品丰富。	C190
1138	梅园精品酒店	地址：深圳和平路82号（深圳）。联系电话：042-87399004 / 132-33080845。提供高速 Wi‑Fi 及 24 小时热水。含自助早餐，菜品丰富。前台多语言服务，支持行李寄存。	C190
1139	丽枫度假酒店	地址：深圳朝阳街55号（深圳）。联系电话：155-33861131。部分房型可俯瞰城市天际线。周边 500 米内即是商场与美食街。提供高速 Wi‑Fi 及 24 小时热水。	C190
1140	梅园大酒店	地址：宿州迎宾大道375号（宿州）。联系电话：189-10173143。提供高速 Wi‑Fi 及 24 小时热水。距车站步行 5 分钟，交通便利。设有地下停车场与充电桩。酒店内有健身房和洗衣房，住客免费使用。	C099
1141	沐兰度假酒店	地址：宿州迎宾大道102号（宿州）。联系电话：050-84077582。客房配备记忆棉床垫，保证舒适睡眠。可手机自助入住，无接触开门。距车站步行 5 分钟，交通便利。含自助早餐，菜品丰富。	C099
1142	丽枫酒店	地址：宿州中心路323号（宿州）。联系电话：058-56080940。酒店内有健身房和洗衣房，住客免费使用。周边 500 米内即是商场与美食街。设有地下停车场与充电桩。部分房型可俯瞰城市天际线。	C099
1143	锦江宾馆	地址：宿州建设路396号（宿州）。联系电话：033-83547993。前台多语言服务，支持行李寄存。客房配备记忆棉床垫，保证舒适睡眠。可手机自助入住，无接触开门。	C099
1144	锦江度假酒店	地址：随州迎宾大道393号（随州）。联系电话：039-61985409 / 059-32654907。提供高速 Wi‑Fi 及 24 小时热水。酒店内有健身房和洗衣房，住客免费使用。	C295
1145	柏曼酒店	地址：随州迎宾大道156号（随州）。联系电话：015-88125674 / 054-50647133。客房配备记忆棉床垫，保证舒适睡眠。设有地下停车场与充电桩。	C295
1146	雅致酒店	地址：随州朝阳街26号（随州）。联系电话：038-27349986。前台多语言服务，支持行李寄存。距车站步行 5 分钟，交通便利。周边 500 米内即是商场与美食街。	C295
1147	柏栎国际酒店	地址：随州和平路288号（随州）。联系电话：186-40504518 / 135-53106301。提供高速 Wi‑Fi 及 24 小时热水。客房配备记忆棉床垫，保证舒适睡眠。	C295
1148	锦江国际酒店	地址：朔州朝阳街311号（朔州）。联系电话：050-32603276 / 187-89057799。客房配备记忆棉床垫，保证舒适睡眠。周边 500 米内即是商场与美食街。提供高速 Wi‑Fi 及 24 小时热水。酒店内有健身房和洗衣房，住客免费使用。	C149
1149	梅园度假酒店	地址：朔州中心路232号（朔州）。联系电话：130-98673197 / 033-64481764。距车站步行 5 分钟，交通便利。可手机自助入住，无接触开门。	C149
1150	月光酒店	地址：朔州建设路363号（朔州）。联系电话：022-79349071。距车站步行 5 分钟，交通便利。设有地下停车场与充电桩。	C149
1151	丽枫宾馆	地址：朔州建设路207号（朔州）。联系电话：187-75411293 / 190-57390185。可手机自助入住，无接触开门。客房配备记忆棉床垫，保证舒适睡眠。	C149
1152	月光宾馆	地址：深圳解放路74号（深圳西）。联系电话：012-81235800 / 026-37449709。可手机自助入住，无接触开门。含自助早餐，菜品丰富。酒店内有健身房和洗衣房，住客免费使用。客房配备记忆棉床垫，保证舒适睡眠。	C190
1153	雅致宾馆	地址：深圳建设路24号（深圳西）。联系电话：041-66317999 / 199-13122141。前台多语言服务，支持行李寄存。部分房型可俯瞰城市天际线。	C190
1154	锦江大酒店	地址：通道侗族自治县建设路43号（塘豹）。联系电话：042-51737828 / 181-40891067。提供高速 Wi‑Fi 及 24 小时热水。设有地下停车场与充电桩。距车站步行 5 分钟，交通便利。	C125
1155	月光大酒店	地址：通道侗族自治县人民大道266号（塘豹）。联系电话：193-14278562。含自助早餐，菜品丰富。客房配备记忆棉床垫，保证舒适睡眠。可手机自助入住，无接触开门。距车站步行 5 分钟，交通便利。	C125
1156	柏曼国际酒店	地址：通道侗族自治县解放路303号（塘豹）。联系电话：019-50187317。距车站步行 5 分钟，交通便利。可手机自助入住，无接触开门。	C125
1157	云栖大酒店	地址：通道侗族自治县建设路159号（塘豹）。联系电话：043-72556060 / 056-37308878。客房配备记忆棉床垫，保证舒适睡眠。酒店内有健身房和洗衣房，住客免费使用。周边 500 米内即是商场与美食街。提供高速 Wi‑Fi 及 24 小时热水。	C125
1158	锦江大酒店	地址：牙克石和平路314号（塔尔气）。联系电话：057-70127573 / 182-78068648。周边 500 米内即是商场与美食街。客房配备记忆棉床垫，保证舒适睡眠。可手机自助入住，无接触开门。酒店内有健身房和洗衣房，住客免费使用。	C060
1159	沐兰宾馆	地址：牙克石和平路187号（塔尔气）。联系电话：154-83773265 / 155-84047285。部分房型可俯瞰城市天际线。前台多语言服务，支持行李寄存。设有地下停车场与充电桩。	C060
1160	梅园酒店	地址：牙克石朝阳街244号（塔尔气）。联系电话：044-24314061 / 053-46658579。含自助早餐，菜品丰富。部分房型可俯瞰城市天际线。酒店内有健身房和洗衣房，住客免费使用。距车站步行 5 分钟，交通便利。	C060
1161	悦榕宾馆	地址：潼关县解放路82号（潼关）。联系电话：135-53360918。部分房型可俯瞰城市天际线。可手机自助入住，无接触开门。设有地下停车场与充电桩。前台多语言服务，支持行李寄存。	C193
1162	沐兰大酒店	地址：潼关县建设路318号（潼关）。联系电话：159-97416927 / 023-52649644。可手机自助入住，无接触开门。距车站步行 5 分钟，交通便利。提供高速 Wi‑Fi 及 24 小时热水。	C193
1163	丽枫度假酒店	地址：天津建设路187号（塘沽）。联系电话：012-63533849。部分房型可俯瞰城市天际线。可手机自助入住，无接触开门。客房配备记忆棉床垫，保证舒适睡眠。含自助早餐，菜品丰富。	C082
1164	沐兰大酒店	地址：天津中心路176号（塘沽）。联系电话：189-31509718。前台多语言服务，支持行李寄存。酒店内有健身房和洗衣房，住客免费使用。可手机自助入住，无接触开门。	C082
1165	花筑精品酒店	地址：天津解放路377号（塘沽）。联系电话：034-64384139 / 012-22740818。可手机自助入住，无接触开门。前台多语言服务，支持行李寄存。周边 500 米内即是商场与美食街。	C082
1166	雅致国际酒店	地址：塔河县中心路345号（塔河）。联系电话：010-82566336。部分房型可俯瞰城市天际线。酒店内有健身房和洗衣房，住客免费使用。	C076
1167	丽枫度假酒店	地址：塔河县解放路204号（塔河）。联系电话：038-85731420 / 196-19046479。含自助早餐，菜品丰富。客房配备记忆棉床垫，保证舒适睡眠。	C076
1168	柏曼酒店	地址：通化中心路286号（通化）。联系电话：033-40836841。提供高速 Wi‑Fi 及 24 小时热水。设有地下停车场与充电桩。周边 500 米内即是商场与美食街。客房配备记忆棉床垫，保证舒适睡眠。	C259
1169	雅致酒店	地址：通化人民大道223号（通化）。联系电话：022-58711273 / 194-95750634。部分房型可俯瞰城市天际线。周边 500 米内即是商场与美食街。	C259
1170	花筑大酒店	地址：泰来县人民大道288号（泰来）。联系电话：017-67292114 / 030-46024667。部分房型可俯瞰城市天际线。含自助早餐，菜品丰富。	C314
1171	楠舍酒店	地址：泰来县解放路212号（泰来）。联系电话：043-44558641 / 058-79265314。可手机自助入住，无接触开门。部分房型可俯瞰城市天际线。	C314
1172	月光国际酒店	地址：吐鲁番人民大道332号（吐鲁番）。联系电话：023-55674169 / 037-59667112。提供高速 Wi‑Fi 及 24 小时热水。设有地下停车场与充电桩。	C056
1173	悦榕度假酒店	地址：吐鲁番中心路30号（吐鲁番）。联系电话：022-49730039 / 130-42017129。酒店内有健身房和洗衣房，住客免费使用。设有地下停车场与充电桩。周边 500 米内即是商场与美食街。	C056
1174	柏栎国际酒店	地址：吐鲁番朝阳街29号（吐鲁番）。联系电话：181-44881956 / 130-99141839。部分房型可俯瞰城市天际线。可手机自助入住，无接触开门。提供高速 Wi‑Fi 及 24 小时热水。	C056
1175	碧桂大酒店	地址：通辽和平路71号（通辽）。联系电话：056-39796490。设有地下停车场与充电桩。提供高速 Wi‑Fi 及 24 小时热水。	C260
1176	云栖度假酒店	地址：通辽中心路389号（通辽）。联系电话：017-82224037 / 018-43590117。可手机自助入住，无接触开门。提供高速 Wi‑Fi 及 24 小时热水。含自助早餐，菜品丰富。设有地下停车场与充电桩。	C260
1177	沐兰宾馆	地址：通辽解放路231号（通辽）。联系电话：033-38231599 / 051-20561287。前台多语言服务，支持行李寄存。设有地下停车场与充电桩。	C260
1178	桔子度假酒店	地址：通辽解放路220号（通辽）。联系电话：011-31606071 / 013-78885921。含自助早餐，菜品丰富。前台多语言服务，支持行李寄存。	C260
1179	碧桂宾馆	地址：铁岭朝阳街297号（铁岭）。联系电话：036-68409955。提供高速 Wi‑Fi 及 24 小时热水。含自助早餐，菜品丰富。可手机自助入住，无接触开门。部分房型可俯瞰城市天际线。	C276
1180	梅园精品酒店	地址：铁岭建设路31号（铁岭）。联系电话：047-47700126。距车站步行 5 分钟，交通便利。提供高速 Wi‑Fi 及 24 小时热水。	C276
1181	柏曼精品酒店	地址：铁岭和平路241号（铁岭）。联系电话：158-85911454。周边 500 米内即是商场与美食街。部分房型可俯瞰城市天际线。距车站步行 5 分钟，交通便利。	C276
1182	桔子酒店	地址：铁岭建设路261号（铁岭）。联系电话：031-89170807。距车站步行 5 分钟，交通便利。部分房型可俯瞰城市天际线。提供高速 Wi‑Fi 及 24 小时热水。	C276
1183	璞丽精品酒店	地址：扶余中心路138号（陶赖昭）。联系电话：055-39773714。前台多语言服务，支持行李寄存。含自助早餐，菜品丰富。	C154
1184	枫叶大酒店	地址：扶余建设路373号（陶赖昭）。联系电话：134-10422924。可手机自助入住，无接触开门。距车站步行 5 分钟，交通便利。	C154
1185	沐兰度假酒店	地址：扶余中心路196号（陶赖昭）。联系电话：014-74159715。可手机自助入住，无接触开门。距车站步行 5 分钟，交通便利。	C154
1186	沐兰度假酒店	地址：扶余解放路344号（陶赖昭）。联系电话：187-62468972 / 022-60482096。周边 500 米内即是商场与美食街。含自助早餐，菜品丰富。提供高速 Wi‑Fi 及 24 小时热水。	C154
1187	花筑精品酒店	地址：图们迎宾大道287号（图们）。联系电话：044-68247839 / 131-13403110。客房配备记忆棉床垫，保证舒适睡眠。前台多语言服务，支持行李寄存。距车站步行 5 分钟，交通便利。含自助早餐，菜品丰富。	C116
1188	柏栎精品酒店	地址：图们迎宾大道352号（图们）。联系电话：193-85713259 / 137-64907930。含自助早餐，菜品丰富。前台多语言服务，支持行李寄存。酒店内有健身房和洗衣房，住客免费使用。提供高速 Wi‑Fi 及 24 小时热水。	C116
1189	碧桂精品酒店	地址：图们建设路202号（图们）。联系电话：156-68122964。周边 500 米内即是商场与美食街。设有地下停车场与充电桩。	C116
1190	丽枫精品酒店	地址：图们解放路361号（图们）。联系电话：055-78238474。前台多语言服务，支持行李寄存。部分房型可俯瞰城市天际线。	C116
1191	柏曼国际酒店	地址：铜仁人民大道209号（铜仁）。联系电话：023-30160050。可手机自助入住，无接触开门。酒店内有健身房和洗衣房，住客免费使用。	C277
1192	沐兰酒店	地址：铜仁和平路26号（铜仁）。联系电话：016-25584709 / 194-82910770。距车站步行 5 分钟，交通便利。前台多语言服务，支持行李寄存。含自助早餐，菜品丰富。设有地下停车场与充电桩。	C277
1193	璞丽精品酒店	地址：铜仁迎宾大道43号（铜仁）。联系电话：039-62008036 / 136-48974623。部分房型可俯瞰城市天际线。前台多语言服务，支持行李寄存。周边 500 米内即是商场与美食街。可手机自助入住，无接触开门。	C277
1194	枫叶宾馆	地址：唐山朝阳街337号（唐山北）。联系电话：037-52251635。客房配备记忆棉床垫，保证舒适睡眠。酒店内有健身房和洗衣房，住客免费使用。	C067
1195	雅致精品酒店	地址：唐山解放路21号（唐山北）。联系电话：193-41156476 / 153-81731113。距车站步行 5 分钟，交通便利。客房配备记忆棉床垫，保证舒适睡眠。	C067
1196	悦榕度假酒店	地址：唐山和平路226号（唐山北）。联系电话：138-86942286 / 180-72821301。部分房型可俯瞰城市天际线。提供高速 Wi‑Fi 及 24 小时热水。距车站步行 5 分钟，交通便利。	C067
1197	梅园大酒店	地址：唐山朝阳街77号（唐山北）。联系电话：032-89209585 / 039-50437859。前台多语言服务，支持行李寄存。客房配备记忆棉床垫，保证舒适睡眠。	C067
1198	花筑度假酒店	地址：本溪满族自治县朝阳街61号（田师府）。联系电话：139-89670801。含自助早餐，菜品丰富。提供高速 Wi‑Fi 及 24 小时热水。部分房型可俯瞰城市天际线。距车站步行 5 分钟，交通便利。	C151
1199	梅园精品酒店	地址：本溪满族自治县和平路322号（田师府）。联系电话：020-51256264 / 193-34861311。客房配备记忆棉床垫，保证舒适睡眠。提供高速 Wi‑Fi 及 24 小时热水。	C151
1200	碧桂大酒店	地址：泰安迎宾大道156号（泰山）。联系电话：194-22772429 / 150-65294820。设有地下停车场与充电桩。周边 500 米内即是商场与美食街。	C177
1201	月光酒店	地址：泰安朝阳街345号（泰山）。联系电话：047-25429466 / 185-85509911。前台多语言服务，支持行李寄存。含自助早餐，菜品丰富。	C177
1202	璞丽酒店	地址：泰安朝阳街116号（泰山）。联系电话：023-52682545。部分房型可俯瞰城市天际线。距车站步行 5 分钟，交通便利。设有地下停车场与充电桩。含自助早餐，菜品丰富。	C177
1203	月光宾馆	地址：泰安中心路81号（泰山）。联系电话：046-38509962。客房配备记忆棉床垫，保证舒适睡眠。提供高速 Wi‑Fi 及 24 小时热水。部分房型可俯瞰城市天际线。前台多语言服务，支持行李寄存。	C177
1204	锦江宾馆	地址：唐山中心路320号（唐山）。联系电话：050-63913243。可手机自助入住，无接触开门。前台多语言服务，支持行李寄存。含自助早餐，菜品丰富。	C067
1205	丽枫宾馆	地址：唐山和平路63号（唐山）。联系电话：152-19871822 / 027-44679197。可手机自助入住，无接触开门。前台多语言服务，支持行李寄存。	C067
1206	锦江酒店	地址：天水迎宾大道271号（天水）。联系电话：056-26343044。设有地下停车场与充电桩。含自助早餐，菜品丰富。	C081
1207	月光国际酒店	地址：天水朝阳街129号（天水）。联系电话：045-68764482 / 053-25942330。周边 500 米内即是商场与美食街。含自助早餐，菜品丰富。提供高速 Wi‑Fi 及 24 小时热水。	C081
1208	月光国际酒店	地址：天水朝阳街5号（天水）。联系电话：181-14781405 / 023-30473196。前台多语言服务，支持行李寄存。含自助早餐，菜品丰富。	C081
1209	柏曼度假酒店	地址：天水朝阳街255号（天水）。联系电话：151-59705062 / 185-47628869。可手机自助入住，无接触开门。周边 500 米内即是商场与美食街。提供高速 Wi‑Fi 及 24 小时热水。设有地下停车场与充电桩。	C081
1210	雅致宾馆	地址：凤城人民大道288号（通远堡）。联系电话：156-93522784。客房配备记忆棉床垫，保证舒适睡眠。酒店内有健身房和洗衣房，住客免费使用。周边 500 米内即是商场与美食街。含自助早餐，菜品丰富。	C013
1211	云栖酒店	地址：凤城迎宾大道213号（通远堡）。联系电话：152-77760112 / 157-52287299。部分房型可俯瞰城市天际线。距车站步行 5 分钟，交通便利。提供高速 Wi‑Fi 及 24 小时热水。	C013
1212	碧桂大酒店	地址：凤城解放路88号（通远堡）。联系电话：039-43098585。周边 500 米内即是商场与美食街。部分房型可俯瞰城市天际线。提供高速 Wi‑Fi 及 24 小时热水。	C013
1213	丽枫宾馆	地址：大庆朝阳街255号（太阳升）。联系电话：150-94802398 / 056-31919631。含自助早餐，菜品丰富。设有地下停车场与充电桩。部分房型可俯瞰城市天际线。可手机自助入住，无接触开门。	C078
1214	枫叶酒店	地址：大庆中心路291号（太阳升）。联系电话：138-89715662。酒店内有健身房和洗衣房，住客免费使用。可手机自助入住，无接触开门。提供高速 Wi‑Fi 及 24 小时热水。客房配备记忆棉床垫，保证舒适睡眠。	C078
1215	悦榕国际酒店	地址：大庆和平路97号（太阳升）。联系电话：031-49596578 / 017-33812841。客房配备记忆棉床垫，保证舒适睡眠。可手机自助入住，无接触开门。	C078
1216	桔子国际酒店	地址：泰州解放路195号（泰州）。联系电话：195-24554033 / 183-23274139。部分房型可俯瞰城市天际线。客房配备记忆棉床垫，保证舒适睡眠。可手机自助入住，无接触开门。	C178
1217	月光大酒店	地址：泰州中心路328号（泰州）。联系电话：043-67340649 / 020-44318860。部分房型可俯瞰城市天际线。可手机自助入住，无接触开门。提供高速 Wi‑Fi 及 24 小时热水。	C178
1218	柏曼国际酒店	地址：泰州中心路311号（泰州）。联系电话：190-42362658 / 032-51992873。距车站步行 5 分钟，交通便利。含自助早餐，菜品丰富。	C178
1219	悦榕精品酒店	地址：桐梓县人民大道274号（桐梓）。联系电话：035-49125339 / 181-43903683。酒店内有健身房和洗衣房，住客免费使用。可手机自助入住，无接触开门。客房配备记忆棉床垫，保证舒适睡眠。提供高速 Wi‑Fi 及 24 小时热水。	C262
1220	锦江精品酒店	地址：桐梓县人民大道195号（桐梓）。联系电话：199-94998753 / 012-69652726。酒店内有健身房和洗衣房，住客免费使用。部分房型可俯瞰城市天际线。前台多语言服务，支持行李寄存。周边 500 米内即是商场与美食街。	C262
1221	星程度假酒店	地址：北京朝阳街379号（通州西）。联系电话：158-64237803。距车站步行 5 分钟，交通便利。可手机自助入住，无接触开门。客房配备记忆棉床垫，保证舒适睡眠。	C039
1222	云栖国际酒店	地址：北京和平路345号（通州西）。联系电话：015-87941002。周边 500 米内即是商场与美食街。酒店内有健身房和洗衣房，住客免费使用。	C039
1223	月光大酒店	地址：北京解放路182号（通州西）。联系电话：046-63733483 / 057-64006322。含自助早餐，菜品丰富。设有地下停车场与充电桩。	C039
1224	桔子大酒店	地址：北京朝阳街245号（通州西）。联系电话：038-84832279。距车站步行 5 分钟，交通便利。周边 500 米内即是商场与美食街。	C039
1225	沐兰度假酒店	地址：五常和平路361号（五常）。联系电话：183-32031794。可手机自助入住，无接触开门。设有地下停车场与充电桩。	C066
1226	桔子酒店	地址：五常人民大道294号（五常）。联系电话：040-79802264 / 136-56583907。可手机自助入住，无接触开门。距车站步行 5 分钟，交通便利。	C066
1227	沐兰宾馆	地址：五常和平路383号（五常）。联系电话：052-51398862。距车站步行 5 分钟，交通便利。酒店内有健身房和洗衣房，住客免费使用。前台多语言服务，支持行李寄存。周边 500 米内即是商场与美食街。	C066
1228	锦江大酒店	地址：五常中心路362号（五常）。联系电话：159-91083028。客房配备记忆棉床垫，保证舒适睡眠。酒店内有健身房和洗衣房，住客免费使用。前台多语言服务，支持行李寄存。	C066
1229	枫叶宾馆	地址：武汉中心路350号（武昌）。联系电话：159-65095357 / 037-67449954。前台多语言服务，支持行李寄存。距车站步行 5 分钟，交通便利。提供高速 Wi‑Fi 及 24 小时热水。设有地下停车场与充电桩。	C164
1230	碧桂宾馆	地址：武汉中心路129号（武昌）。联系电话：137-72908765。含自助早餐，菜品丰富。部分房型可俯瞰城市天际线。周边 500 米内即是商场与美食街。	C164
1231	云栖度假酒店	地址：武汉和平路19号（武昌）。联系电话：020-86798041 / 134-20669291。含自助早餐，菜品丰富。前台多语言服务，支持行李寄存。设有地下停车场与充电桩。	C164
1232	碧桂宾馆	地址：武汉建设路270号（武昌）。联系电话：029-85850304 / 057-86984612。周边 500 米内即是商场与美食街。提供高速 Wi‑Fi 及 24 小时热水。	C164
1233	桔子精品酒店	地址：瓦房店朝阳街275号（瓦房店）。联系电话：192-24084505 / 043-87832484。部分房型可俯瞰城市天际线。可手机自助入住，无接触开门。酒店内有健身房和洗衣房，住客免费使用。设有地下停车场与充电桩。	C080
1234	梅园大酒店	地址：瓦房店迎宾大道276号（瓦房店）。联系电话：044-61494165 / 031-47831295。周边 500 米内即是商场与美食街。酒店内有健身房和洗衣房，住客免费使用。距车站步行 5 分钟，交通便利。含自助早餐，菜品丰富。	C080
1235	璞丽大酒店	地址：威海朝阳街291号（威海）。联系电话：019-83648058。周边 500 米内即是商场与美食街。部分房型可俯瞰城市天际线。含自助早餐，菜品丰富。	C084
1236	楠舍酒店	地址：威海和平路208号（威海）。联系电话：038-55952969 / 136-60890228。可手机自助入住，无接触开门。客房配备记忆棉床垫，保证舒适睡眠。部分房型可俯瞰城市天际线。含自助早餐，菜品丰富。	C084
1237	云栖国际酒店	地址：芜湖中心路44号（芜湖）。联系电话：035-77730800。含自助早餐，菜品丰富。设有地下停车场与充电桩。前台多语言服务，支持行李寄存。客房配备记忆棉床垫，保证舒适睡眠。	C230
1238	丽枫宾馆	地址：芜湖迎宾大道202号（芜湖）。联系电话：034-76366922 / 053-75279428。含自助早餐，菜品丰富。前台多语言服务，支持行李寄存。可手机自助入住，无接触开门。部分房型可俯瞰城市天际线。	C230
1239	桔子度假酒店	地址：芜湖迎宾大道203号（芜湖）。联系电话：132-95109228 / 131-43563152。距车站步行 5 分钟，交通便利。提供高速 Wi‑Fi 及 24 小时热水。前台多语言服务，支持行李寄存。	C230
1240	星程宾馆	地址：乌海建设路26号（乌海西）。联系电话：130-76333903 / 131-27814389。部分房型可俯瞰城市天际线。设有地下停车场与充电桩。	C017
1241	花筑酒店	地址：乌海解放路364号（乌海西）。联系电话：013-61922212 / 134-89779609。提供高速 Wi‑Fi 及 24 小时热水。含自助早餐，菜品丰富。部分房型可俯瞰城市天际线。前台多语言服务，支持行李寄存。	C017
1242	星程酒店	地址：乌海和平路181号（乌海西）。联系电话：041-42773007。部分房型可俯瞰城市天际线。可手机自助入住，无接触开门。前台多语言服务，支持行李寄存。周边 500 米内即是商场与美食街。	C017
1243	云栖宾馆	地址：乌海和平路228号（乌海西）。联系电话：059-74025063 / 156-35718594。可手机自助入住，无接触开门。前台多语言服务，支持行李寄存。	C017
1244	悦榕大酒店	地址：沈阳解放路390号（吴家屯）。联系电话：042-88757238。可手机自助入住，无接触开门。设有地下停车场与充电桩。客房配备记忆棉床垫，保证舒适睡眠。周边 500 米内即是商场与美食街。	C172
1245	柏曼酒店	地址：沈阳朝阳街291号（吴家屯）。联系电话：183-91489871。部分房型可俯瞰城市天际线。提供高速 Wi‑Fi 及 24 小时热水。	C172
1246	花筑宾馆	地址：沈阳中心路314号（吴家屯）。联系电话：186-89832898 / 014-46949973。含自助早餐，菜品丰富。酒店内有健身房和洗衣房，住客免费使用。客房配备记忆棉床垫，保证舒适睡眠。	C172
1247	柏栎大酒店	地址：沈阳解放路35号（吴家屯）。联系电话：046-89322286。部分房型可俯瞰城市天际线。提供高速 Wi‑Fi 及 24 小时热水。含自助早餐，菜品丰富。	C172
1248	悦榕酒店	地址：乌鲁木齐朝阳街319号（乌鲁木齐南）。联系电话：133-18977659 / 040-25421718。部分房型可俯瞰城市天际线。提供高速 Wi‑Fi 及 24 小时热水。前台多语言服务，支持行李寄存。客房配备记忆棉床垫，保证舒适睡眠。	C018
1249	月光度假酒店	地址：乌鲁木齐中心路160号（乌鲁木齐南）。联系电话：059-50717487。距车站步行 5 分钟，交通便利。客房配备记忆棉床垫，保证舒适睡眠。提供高速 Wi‑Fi 及 24 小时热水。设有地下停车场与充电桩。	C018
1250	碧桂宾馆	地址：乌鲁木齐解放路60号（乌鲁木齐南）。联系电话：018-83612374 / 183-82712930。酒店内有健身房和洗衣房，住客免费使用。部分房型可俯瞰城市天际线。周边 500 米内即是商场与美食街。含自助早餐，菜品丰富。	C018
1251	梅园宾馆	地址：重庆迎宾大道346号（武隆）。联系电话：180-18089315。提供高速 Wi‑Fi 及 24 小时热水。部分房型可俯瞰城市天际线。距车站步行 5 分钟，交通便利。	C272
1252	花筑度假酒店	地址：重庆解放路349号（武隆）。联系电话：157-83336850 / 134-46767433。周边 500 米内即是商场与美食街。距车站步行 5 分钟，交通便利。可手机自助入住，无接触开门。含自助早餐，菜品丰富。	C272
1253	沐兰酒店	地址：乌兰浩特解放路120号（乌兰浩特）。联系电话：041-27939008。周边 500 米内即是商场与美食街。客房配备记忆棉床垫，保证舒适睡眠。	C035
1254	花筑大酒店	地址：乌兰浩特迎宾大道179号（乌兰浩特）。联系电话：181-45585568 / 137-15454005。酒店内有健身房和洗衣房，住客免费使用。前台多语言服务，支持行李寄存。可手机自助入住，无接触开门。	C035
1255	柏栎宾馆	地址：乌兰浩特中心路322号（乌兰浩特）。联系电话：186-15739566。距车站步行 5 分钟，交通便利。含自助早餐，菜品丰富。设有地下停车场与充电桩。部分房型可俯瞰城市天际线。	C035
1256	悦榕宾馆	地址：乌兰浩特朝阳街177号（乌兰浩特）。联系电话：152-46433242。周边 500 米内即是商场与美食街。提供高速 Wi‑Fi 及 24 小时热水。可手机自助入住，无接触开门。设有地下停车场与充电桩。	C035
1257	星程大酒店	地址：渭南人民大道191号（渭南）。联系电话：019-38378978 / 025-81305356。前台多语言服务，支持行李寄存。周边 500 米内即是商场与美食街。酒店内有健身房和洗衣房，住客免费使用。	C193
1258	碧桂度假酒店	地址：渭南朝阳街76号（渭南）。联系电话：042-38646643 / 042-37834170。部分房型可俯瞰城市天际线。前台多语言服务，支持行李寄存。含自助早餐，菜品丰富。距车站步行 5 分钟，交通便利。	C193
1259	月光国际酒店	地址：兴义人民大道263号（威舍）。联系电话：041-87040273 / 194-82205553。设有地下停车场与充电桩。周边 500 米内即是商场与美食街。提供高速 Wi‑Fi 及 24 小时热水。	C313
1260	柏栎度假酒店	地址：兴义人民大道24号（威舍）。联系电话：157-69052107。酒店内有健身房和洗衣房，住客免费使用。部分房型可俯瞰城市天际线。含自助早餐，菜品丰富。	C313
1261	柏曼度假酒店	地址：兴义解放路88号（威舍）。联系电话：190-24429709。设有地下停车场与充电桩。距车站步行 5 分钟，交通便利。	C313
1262	云栖度假酒店	地址：本溪和平路213号（歪头山）。联系电话：138-87627678。客房配备记忆棉床垫，保证舒适睡眠。周边 500 米内即是商场与美食街。可手机自助入住，无接触开门。	C151
1263	月光大酒店	地址：本溪和平路134号（歪头山）。联系电话：050-60760270 / 182-90832620。客房配备记忆棉床垫，保证舒适睡眠。可手机自助入住，无接触开门。周边 500 米内即是商场与美食街。部分房型可俯瞰城市天际线。	C151
1264	碧桂酒店	地址：本溪迎宾大道345号（歪头山）。联系电话：021-25133936 / 183-89475544。含自助早餐，菜品丰富。周边 500 米内即是商场与美食街。	C151
1265	沐兰大酒店	地址：本溪建设路326号（歪头山）。联系电话：035-89590175 / 139-98179806。周边 500 米内即是商场与美食街。距车站步行 5 分钟，交通便利。	C151
1266	月光精品酒店	地址：武威人民大道253号（武威）。联系电话：036-83594443。周边 500 米内即是商场与美食街。距车站步行 5 分钟，交通便利。客房配备记忆棉床垫，保证舒适睡眠。含自助早餐，菜品丰富。	C163
1267	柏曼大酒店	地址：武威朝阳街369号（武威）。联系电话：016-89841528 / 138-86728440。部分房型可俯瞰城市天际线。酒店内有健身房和洗衣房，住客免费使用。	C163
1268	柏栎精品酒店	地址：武威迎宾大道191号（武威南）。联系电话：053-34932381。设有地下停车场与充电桩。可手机自助入住，无接触开门。酒店内有健身房和洗衣房，住客免费使用。提供高速 Wi‑Fi 及 24 小时热水。	C163
1269	桔子度假酒店	地址：武威迎宾大道274号（武威南）。联系电话：195-40897767。含自助早餐，菜品丰富。设有地下停车场与充电桩。	C163
1270	桔子宾馆	地址：武威迎宾大道172号（武威南）。联系电话：157-92706755 / 031-73956441。酒店内有健身房和洗衣房，住客免费使用。可手机自助入住，无接触开门。部分房型可俯瞰城市天际线。距车站步行 5 分钟，交通便利。	C163
1271	星程酒店	地址：无锡和平路124号（无锡）。联系电话：051-27203463。距车站步行 5 分钟，交通便利。部分房型可俯瞰城市天际线。	C139
1272	花筑大酒店	地址：无锡人民大道16号（无锡）。联系电话：021-83652784。周边 500 米内即是商场与美食街。距车站步行 5 分钟，交通便利。	C139
1273	柏栎度假酒店	地址：无锡中心路29号（无锡）。联系电话：153-27603949 / 024-84707913。含自助早餐，菜品丰富。周边 500 米内即是商场与美食街。	C139
1274	锦江酒店	地址：乌鲁木齐中心路86号（乌西）。联系电话：016-41055800。客房配备记忆棉床垫，保证舒适睡眠。部分房型可俯瞰城市天际线。可手机自助入住，无接触开门。	C018
1275	月光度假酒店	地址：乌鲁木齐朝阳街215号（乌西）。联系电话：011-87640609 / 132-62151147。提供高速 Wi‑Fi 及 24 小时热水。客房配备记忆棉床垫，保证舒适睡眠。	C018
1276	雅致国际酒店	地址：乌鲁木齐和平路287号（乌西）。联系电话：032-25094656 / 184-59682600。前台多语言服务，支持行李寄存。提供高速 Wi‑Fi 及 24 小时热水。周边 500 米内即是商场与美食街。酒店内有健身房和洗衣房，住客免费使用。	C018
1277	星程国际酒店	地址：乌鲁木齐建设路75号（乌西）。联系电话：154-41577557 / 133-59153282。前台多语言服务，支持行李寄存。距车站步行 5 分钟，交通便利。酒店内有健身房和洗衣房，住客免费使用。	C018
1278	悦榕国际酒店	地址：伊春建设路143号（乌伊岭）。联系电话：185-55158168 / 183-72567324。含自助早餐，菜品丰富。客房配备记忆棉床垫，保证舒适睡眠。	C023
1279	丽枫酒店	地址：伊春人民大道226号（乌伊岭）。联系电话：050-72978863。可手机自助入住，无接触开门。设有地下停车场与充电桩。	C023
1280	碧桂宾馆	地址：伊春迎宾大道56号（乌伊岭）。联系电话：157-99402532。客房配备记忆棉床垫，保证舒适睡眠。前台多语言服务，支持行李寄存。周边 500 米内即是商场与美食街。	C023
1281	丽枫国际酒店	地址：伊春朝阳街270号（乌伊岭）。联系电话：152-19990894。客房配备记忆棉床垫，保证舒适睡眠。可手机自助入住，无接触开门。含自助早餐，菜品丰富。	C023
1282	悦榕精品酒店	地址：武夷山朝阳街23号（武夷山）。联系电话：024-37955393。客房配备记忆棉床垫，保证舒适睡眠。含自助早餐，菜品丰富。	C045
1283	悦榕精品酒店	地址：武夷山和平路235号（武夷山）。联系电话：189-37749657。可手机自助入住，无接触开门。前台多语言服务，支持行李寄存。客房配备记忆棉床垫，保证舒适睡眠。提供高速 Wi‑Fi 及 24 小时热水。	C045
1284	柏栎大酒店	地址：武夷山迎宾大道111号（武夷山）。联系电话：194-39241458 / 137-66328998。可手机自助入住，无接触开门。提供高速 Wi‑Fi 及 24 小时热水。客房配备记忆棉床垫，保证舒适睡眠。	C045
1285	云栖国际酒店	地址：万源迎宾大道13号（万源）。联系电话：181-12708526 / 057-83016301。提供高速 Wi‑Fi 及 24 小时热水。酒店内有健身房和洗衣房，住客免费使用。前台多语言服务，支持行李寄存。	C256
1286	璞丽酒店	地址：万源朝阳街204号（万源）。联系电话：049-30327664。可手机自助入住，无接触开门。含自助早餐，菜品丰富。酒店内有健身房和洗衣房，住客免费使用。	C256
1287	柏曼宾馆	地址：重庆建设路127号（万州）。联系电话：048-49859214 / 157-70596795。前台多语言服务，支持行李寄存。客房配备记忆棉床垫，保证舒适睡眠。距车站步行 5 分钟，交通便利。	C272
1288	悦榕大酒店	地址：重庆迎宾大道224号（万州）。联系电话：130-94084371。设有地下停车场与充电桩。提供高速 Wi‑Fi 及 24 小时热水。距车站步行 5 分钟，交通便利。含自助早餐，菜品丰富。	C272
1289	云栖国际酒店	地址：重庆解放路84号（万州）。联系电话：151-57717236 / 031-62488187。酒店内有健身房和洗衣房，住客免费使用。前台多语言服务，支持行李寄存。	C272
1290	璞丽度假酒店	地址：重庆迎宾大道371号（万州）。联系电话：010-44060012 / 187-92900374。可手机自助入住，无接触开门。酒店内有健身房和洗衣房，住客免费使用。部分房型可俯瞰城市天际线。	C272
1291	锦江国际酒店	地址：梧州迎宾大道117号（梧州）。联系电话：153-85178588 / 184-98344897。周边 500 米内即是商场与美食街。设有地下停车场与充电桩。前台多语言服务，支持行李寄存。	C160
1292	沐兰度假酒店	地址：梧州人民大道318号（梧州）。联系电话：051-36777283。含自助早餐，菜品丰富。前台多语言服务，支持行李寄存。	C160
1293	梅园大酒店	地址：梧州建设路17号（梧州）。联系电话：182-64096260 / 138-67796038。可手机自助入住，无接触开门。提供高速 Wi‑Fi 及 24 小时热水。距车站步行 5 分钟，交通便利。	C160
1294	沐兰酒店	地址：温州中心路351号（温州）。联系电话：187-91143239 / 013-66082022。前台多语言服务，支持行李寄存。提供高速 Wi‑Fi 及 24 小时热水。周边 500 米内即是商场与美食街。	C192
1295	楠舍国际酒店	地址：温州朝阳街53号（温州）。联系电话：137-46595545 / 033-89791145。客房配备记忆棉床垫，保证舒适睡眠。酒店内有健身房和洗衣房，住客免费使用。可手机自助入住，无接触开门。提供高速 Wi‑Fi 及 24 小时热水。	C192
1296	花筑大酒店	地址：温州中心路189号（温州）。联系电话：197-90708809 / 138-60630012。可手机自助入住，无接触开门。设有地下停车场与充电桩。客房配备记忆棉床垫，保证舒适睡眠。酒店内有健身房和洗衣房，住客免费使用。	C192
1297	月光精品酒店	地址：温州迎宾大道361号（温州）。联系电话：018-37939675。距车站步行 5 分钟，交通便利。含自助早餐，菜品丰富。周边 500 米内即是商场与美食街。	C192
1298	月光国际酒店	地址：温州人民大道80号（温州南）。联系电话：131-93544537。含自助早餐，菜品丰富。周边 500 米内即是商场与美食街。距车站步行 5 分钟，交通便利。	C192
1299	璞丽国际酒店	地址：温州中心路29号（温州南）。联系电话：190-36757741。距车站步行 5 分钟，交通便利。客房配备记忆棉床垫，保证舒适睡眠。前台多语言服务，支持行李寄存。提供高速 Wi‑Fi 及 24 小时热水。	C192
1300	星程度假酒店	地址：温州人民大道42号（温州南）。联系电话：051-61910449。距车站步行 5 分钟，交通便利。部分房型可俯瞰城市天际线。可手机自助入住，无接触开门。	C192
1301	花筑国际酒店	地址：西昌朝阳街165号（西昌）。联系电话：139-70519762 / 182-65747855。客房配备记忆棉床垫，保证舒适睡眠。部分房型可俯瞰城市天际线。	C037
1302	沐兰精品酒店	地址：西昌迎宾大道251号（西昌）。联系电话：198-25980584。前台多语言服务，支持行李寄存。客房配备记忆棉床垫，保证舒适睡眠。部分房型可俯瞰城市天际线。	C037
1303	璞丽度假酒店	地址：西昌迎宾大道62号（西昌）。联系电话：193-80984263。酒店内有健身房和洗衣房，住客免费使用。提供高速 Wi‑Fi 及 24 小时热水。前台多语言服务，支持行李寄存。	C037
1304	雅致度假酒店	地址：西昌中心路278号（西昌）。联系电话：150-42292229 / 198-98716865。设有地下停车场与充电桩。部分房型可俯瞰城市天际线。	C037
1305	沐兰度假酒店	地址：许昌建设路33号（许昌）。联系电话：034-72017582。客房配备记忆棉床垫，保证舒适睡眠。前台多语言服务，支持行李寄存。部分房型可俯瞰城市天际线。含自助早餐，菜品丰富。	C247
1306	碧桂宾馆	地址：许昌解放路73号（许昌）。联系电话：022-22135075。设有地下停车场与充电桩。提供高速 Wi‑Fi 及 24 小时热水。酒店内有健身房和洗衣房，住客免费使用。	C247
1307	锦江度假酒店	地址：许昌朝阳街165号（许昌）。联系电话：185-20422759。周边 500 米内即是商场与美食街。部分房型可俯瞰城市天际线。	C247
1308	星程酒店	地址：西昌建设路83号（西昌南）。联系电话：198-54771934 / 055-33110033。含自助早餐，菜品丰富。提供高速 Wi‑Fi 及 24 小时热水。	C037
1309	花筑度假酒店	地址：西昌迎宾大道110号（西昌南）。联系电话：136-16074120 / 187-90364710。前台多语言服务，支持行李寄存。设有地下停车场与充电桩。	C037
1310	柏栎度假酒店	地址：锡林浩特建设路297号（锡林浩特）。联系电话：134-74826604。部分房型可俯瞰城市天际线。可手机自助入住，无接触开门。	C280
1311	丽枫酒店	地址：锡林浩特建设路267号（锡林浩特）。联系电话：196-77936880。客房配备记忆棉床垫，保证舒适睡眠。距车站步行 5 分钟，交通便利。部分房型可俯瞰城市天际线。	C280
1312	云栖酒店	地址：锡林浩特建设路299号（锡林浩特）。联系电话：010-55946280 / 159-36742871。客房配备记忆棉床垫，保证舒适睡眠。周边 500 米内即是商场与美食街。	C280
1313	云栖国际酒店	地址：厦门人民大道223号（厦门北）。联系电话：180-55141192 / 052-41901075。酒店内有健身房和洗衣房，住客免费使用。可手机自助入住，无接触开门。提供高速 Wi‑Fi 及 24 小时热水。	C050
1314	桔子国际酒店	地址：厦门建设路374号（厦门北）。联系电话：023-30966901 / 195-11229160。客房配备记忆棉床垫，保证舒适睡眠。部分房型可俯瞰城市天际线。可手机自助入住，无接触开门。前台多语言服务，支持行李寄存。	C050
1315	楠舍大酒店	地址：厦门和平路394号（厦门北）。联系电话：026-72048172。周边 500 米内即是商场与美食街。提供高速 Wi‑Fi 及 24 小时热水。可手机自助入住，无接触开门。	C050
1316	沐兰精品酒店	地址：厦门建设路153号（厦门北）。联系电话：057-21499426 / 181-31022415。前台多语言服务，支持行李寄存。客房配备记忆棉床垫，保证舒适睡眠。设有地下停车场与充电桩。	C050
1317	云栖国际酒店	地址：厦门迎宾大道180号（厦门）。联系电话：184-72208201。设有地下停车场与充电桩。提供高速 Wi‑Fi 及 24 小时热水。前台多语言服务，支持行李寄存。	C050
1318	月光大酒店	地址：厦门解放路205号（厦门）。联系电话：153-24678187 / 158-68492962。距车站步行 5 分钟，交通便利。提供高速 Wi‑Fi 及 24 小时热水。含自助早餐，菜品丰富。部分房型可俯瞰城市天际线。	C050
1319	柏曼国际酒店	地址：厦门朝阳街329号（厦门）。联系电话：024-38040773。距车站步行 5 分钟，交通便利。提供高速 Wi‑Fi 及 24 小时热水。可手机自助入住，无接触开门。含自助早餐，菜品丰富。	C050
1320	柏栎国际酒店	地址：厦门人民大道332号（厦门高崎）。联系电话：193-68191704 / 190-12766419。周边 500 米内即是商场与美食街。客房配备记忆棉床垫，保证舒适睡眠。含自助早餐，菜品丰富。	C050
1321	悦榕精品酒店	地址：厦门中心路393号（厦门高崎）。联系电话：041-22315969 / 151-57765523。客房配备记忆棉床垫，保证舒适睡眠。酒店内有健身房和洗衣房，住客免费使用。设有地下停车场与充电桩。	C050
1322	梅园精品酒店	地址：宣威朝阳街25号（宣威）。联系电话：014-61003960 / 134-60149080。含自助早餐，菜品丰富。前台多语言服务，支持行李寄存。	C148
1323	柏曼大酒店	地址：宣威朝阳街21号（宣威）。联系电话：135-35397143 / 023-75001078。可手机自助入住，无接触开门。周边 500 米内即是商场与美食街。酒店内有健身房和洗衣房，住客免费使用。	C148
1324	璞丽宾馆	地址：宣威朝阳街382号（宣威）。联系电话：184-92150496。部分房型可俯瞰城市天际线。酒店内有健身房和洗衣房，住客免费使用。周边 500 米内即是商场与美食街。提供高速 Wi‑Fi 及 24 小时热水。	C148
1325	柏曼酒店	地址：宣威朝阳街199号（宣威）。联系电话：135-62080195 / 150-51593831。含自助早餐，菜品丰富。周边 500 米内即是商场与美食街。	C148
1326	花筑国际酒店	地址：新乡建设路320号（新乡）。联系电话：029-64982908 / 055-55814242。提供高速 Wi‑Fi 及 24 小时热水。含自助早餐，菜品丰富。可手机自助入住，无接触开门。设有地下停车场与充电桩。	C137
1327	悦榕度假酒店	地址：新乡迎宾大道363号（新乡）。联系电话：015-53775452。可手机自助入住，无接触开门。周边 500 米内即是商场与美食街。设有地下停车场与充电桩。距车站步行 5 分钟，交通便利。	C137
1328	悦榕国际酒店	地址：新乡和平路293号（新乡）。联系电话：046-80626124。前台多语言服务，支持行李寄存。部分房型可俯瞰城市天际线。	C137
1329	璞丽国际酒店	地址：信阳人民大道192号（信阳）。联系电话：196-73441246。前台多语言服务，支持行李寄存。设有地下停车场与充电桩。	C028
1330	云栖大酒店	地址：信阳朝阳街310号（信阳）。联系电话：038-56150843。可手机自助入住，无接触开门。提供高速 Wi‑Fi 及 24 小时热水。距车站步行 5 分钟，交通便利。	C028
1331	星程大酒店	地址：信阳人民大道140号（信阳）。联系电话：195-30465529。部分房型可俯瞰城市天际线。设有地下停车场与充电桩。距车站步行 5 分钟，交通便利。	C028
1332	云栖宾馆	地址：咸阳和平路154号（咸阳）。联系电话：156-15146877 / 043-25523862。客房配备记忆棉床垫，保证舒适睡眠。酒店内有健身房和洗衣房，住客免费使用。周边 500 米内即是商场与美食街。提供高速 Wi‑Fi 及 24 小时热水。	C064
1333	锦江宾馆	地址：咸阳朝阳街17号（咸阳）。联系电话：030-70721307 / 132-65617191。客房配备记忆棉床垫，保证舒适睡眠。部分房型可俯瞰城市天际线。	C064
1334	枫叶酒店	地址：咸阳和平路355号（咸阳）。联系电话：040-84324278 / 014-69801971。前台多语言服务，支持行李寄存。部分房型可俯瞰城市天际线。含自助早餐，菜品丰富。	C064
1335	碧桂精品酒店	地址：咸阳建设路7号（咸阳）。联系电话：198-25541376 / 193-71550993。酒店内有健身房和洗衣房，住客免费使用。部分房型可俯瞰城市天际线。设有地下停车场与充电桩。	C064
1336	月光国际酒店	地址：襄阳朝阳街270号（襄阳）。联系电话：029-73401719 / 198-88556410。酒店内有健身房和洗衣房，住客免费使用。可手机自助入住，无接触开门。	C244
1337	悦榕宾馆	地址：襄阳朝阳街293号（襄阳）。联系电话：130-48958517。客房配备记忆棉床垫，保证舒适睡眠。提供高速 Wi‑Fi 及 24 小时热水。前台多语言服务，支持行李寄存。含自助早餐，菜品丰富。	C244
1338	悦榕大酒店	地址：营口解放路189号（熊岳城）。联系电话：012-35695867 / 183-12932639。可手机自助入住，无接触开门。设有地下停车场与充电桩。客房配备记忆棉床垫，保证舒适睡眠。	C238
1339	丽枫度假酒店	地址：营口和平路8号（熊岳城）。联系电话：016-40147231。部分房型可俯瞰城市天际线。周边 500 米内即是商场与美食街。酒店内有健身房和洗衣房，住客免费使用。	C238
1340	梅园酒店	地址：营口建设路255号（熊岳城）。联系电话：051-85617482 / 044-53025729。可手机自助入住，无接触开门。客房配备记忆棉床垫，保证舒适睡眠。部分房型可俯瞰城市天际线。设有地下停车场与充电桩。	C238
1341	云栖国际酒店	地址：营口人民大道99号（熊岳城）。联系电话：015-75825723。距车站步行 5 分钟，交通便利。含自助早餐，菜品丰富。部分房型可俯瞰城市天际线。	C238
1342	枫叶国际酒店	地址：新余迎宾大道249号（新余）。联系电话：185-31375949 / 183-71786769。设有地下停车场与充电桩。前台多语言服务，支持行李寄存。客房配备记忆棉床垫，保证舒适睡眠。	C138
1343	花筑大酒店	地址：新余建设路298号（新余）。联系电话：192-46304062。可手机自助入住，无接触开门。酒店内有健身房和洗衣房，住客免费使用。	C138
1344	柏栎大酒店	地址：新余建设路80号（新余）。联系电话：042-56916730。客房配备记忆棉床垫，保证舒适睡眠。部分房型可俯瞰城市天际线。可手机自助入住，无接触开门。酒店内有健身房和洗衣房，住客免费使用。	C138
1345	星程精品酒店	地址：新余解放路38号（新余）。联系电话：020-22528213。部分房型可俯瞰城市天际线。周边 500 米内即是商场与美食街。含自助早餐，菜品丰富。	C138
1346	梅园精品酒店	地址：徐州中心路61号（徐州）。联系电话：150-81840215。可手机自助入住，无接触开门。提供高速 Wi‑Fi 及 24 小时热水。	C121
1347	丽枫大酒店	地址：徐州和平路384号（徐州）。联系电话：012-55839928 / 135-53989851。部分房型可俯瞰城市天际线。酒店内有健身房和洗衣房，住客免费使用。可手机自助入住，无接触开门。	C121
1348	星程度假酒店	地址：徐州建设路328号（徐州）。联系电话：151-85205738 / 196-47406220。客房配备记忆棉床垫，保证舒适睡眠。含自助早餐，菜品丰富。可手机自助入住，无接触开门。	C121
1349	枫叶酒店	地址：延安解放路78号（延安）。联系电话：044-80476251。前台多语言服务，支持行李寄存。部分房型可俯瞰城市天际线。	C115
1350	柏曼宾馆	地址：延安朝阳街358号（延安）。联系电话：130-28807627 / 136-75605709。客房配备记忆棉床垫，保证舒适睡眠。前台多语言服务，支持行李寄存。可手机自助入住，无接触开门。	C115
1351	月光酒店	地址：宜宾和平路209号（宜宾）。联系电话：189-46453299。含自助早餐，菜品丰富。前台多语言服务，支持行李寄存。	C094
1352	枫叶酒店	地址：宜宾和平路120号（宜宾）。联系电话：025-82940602。前台多语言服务，支持行李寄存。可手机自助入住，无接触开门。距车站步行 5 分钟，交通便利。提供高速 Wi‑Fi 及 24 小时热水。	C094
1353	悦榕精品酒店	地址：尚志朝阳街232号（亚布力南）。联系电话：042-52321225。客房配备记忆棉床垫，保证舒适睡眠。前台多语言服务，支持行李寄存。距车站步行 5 分钟，交通便利。可手机自助入住，无接触开门。	C066
1354	枫叶精品酒店	地址：尚志迎宾大道342号（亚布力南）。联系电话：013-37945471 / 052-79109687。设有地下停车场与充电桩。提供高速 Wi‑Fi 及 24 小时热水。周边 500 米内即是商场与美食街。	C066
1355	月光国际酒店	地址：建平县和平路293号（叶柏寿）。联系电话：048-80503129 / 040-33232292。部分房型可俯瞰城市天际线。含自助早餐，菜品丰富。距车站步行 5 分钟，交通便利。	C150
1356	锦江国际酒店	地址：建平县朝阳街306号（叶柏寿）。联系电话：042-32251809。部分房型可俯瞰城市天际线。周边 500 米内即是商场与美食街。设有地下停车场与充电桩。	C150
1357	花筑大酒店	地址：宜昌解放路355号（宜昌东）。联系电话：056-76011103 / 186-29664127。酒店内有健身房和洗衣房，住客免费使用。提供高速 Wi‑Fi 及 24 小时热水。部分房型可俯瞰城市天际线。周边 500 米内即是商场与美食街。	C095
1358	沐兰国际酒店	地址：宜昌和平路59号（宜昌东）。联系电话：035-42001880。部分房型可俯瞰城市天际线。可手机自助入住，无接触开门。客房配备记忆棉床垫，保证舒适睡眠。	C095
1359	璞丽度假酒店	地址：宜昌朝阳街142号（宜昌东）。联系电话：197-82357010 / 058-82673757。含自助早餐，菜品丰富。部分房型可俯瞰城市天际线。	C095
1360	雅致宾馆	地址：重庆解放路355号（永川）。联系电话：159-22978384。周边 500 米内即是商场与美食街。客房配备记忆棉床垫，保证舒适睡眠。设有地下停车场与充电桩。距车站步行 5 分钟，交通便利。	C272
1361	丽枫度假酒店	地址：重庆解放路83号（永川）。联系电话：017-34360655。设有地下停车场与充电桩。部分房型可俯瞰城市天际线。含自助早餐，菜品丰富。可手机自助入住，无接触开门。	C272
1362	沐兰大酒店	地址：重庆中心路195号（永川）。联系电话：138-34160128。前台多语言服务，支持行李寄存。设有地下停车场与充电桩。	C272
1363	锦江大酒店	地址：盐城人民大道214号（盐城）。联系电话：187-41560812 / 185-58351463。含自助早餐，菜品丰富。提供高速 Wi‑Fi 及 24 小时热水。	C216
1364	丽枫酒店	地址：盐城人民大道275号（盐城）。联系电话：050-43806551 / 135-33953467。设有地下停车场与充电桩。客房配备记忆棉床垫，保证舒适睡眠。	C216
1365	沐兰酒店	地址：盐城解放路392号（盐城）。联系电话：182-80402433 / 158-20114276。酒店内有健身房和洗衣房，住客免费使用。提供高速 Wi‑Fi 及 24 小时热水。部分房型可俯瞰城市天际线。	C216
1366	月光度假酒店	地址：宜昌中心路102号（宜昌）。联系电话：029-63067752。含自助早餐，菜品丰富。距车站步行 5 分钟，交通便利。提供高速 Wi‑Fi 及 24 小时热水。部分房型可俯瞰城市天际线。	C095
1367	枫叶酒店	地址：宜昌朝阳街239号（宜昌）。联系电话：136-27271931。距车站步行 5 分钟，交通便利。客房配备记忆棉床垫，保证舒适睡眠。	C095
1368	枫叶度假酒店	地址：宜昌建设路210号（宜昌）。联系电话：059-38726006 / 134-40989022。客房配备记忆棉床垫，保证舒适睡眠。可手机自助入住，无接触开门。距车站步行 5 分钟，交通便利。部分房型可俯瞰城市天际线。	C095
1369	雅致酒店	地址：运城迎宾大道369号（运城）。联系电话：016-35313518。设有地下停车场与充电桩。酒店内有健身房和洗衣房，住客免费使用。	C257
1370	花筑精品酒店	地址：运城人民大道4号（运城）。联系电话：134-56702391 / 196-70802411。周边 500 米内即是商场与美食街。前台多语言服务，支持行李寄存。可手机自助入住，无接触开门。	C257
1371	沐兰度假酒店	地址：运城迎宾大道206号（运城）。联系电话：130-52895748 / 018-44366923。可手机自助入住，无接触开门。设有地下停车场与充电桩。	C257
1372	枫叶国际酒店	地址：伊春朝阳街211号（伊春）。联系电话：059-21648361。距车站步行 5 分钟，交通便利。提供高速 Wi‑Fi 及 24 小时热水。部分房型可俯瞰城市天际线。酒店内有健身房和洗衣房，住客免费使用。	C023
1373	星程酒店	地址：伊春人民大道54号（伊春）。联系电话：019-64860917。客房配备记忆棉床垫，保证舒适睡眠。提供高速 Wi‑Fi 及 24 小时热水。含自助早餐，菜品丰富。	C023
1374	花筑精品酒店	地址：晋中朝阳街108号（榆次）。联系电话：045-65399826 / 190-80491285。部分房型可俯瞰城市天际线。提供高速 Wi‑Fi 及 24 小时热水。周边 500 米内即是商场与美食街。	C145
1375	沐兰度假酒店	地址：晋中解放路109号（榆次）。联系电话：013-35178236。酒店内有健身房和洗衣房，住客免费使用。含自助早餐，菜品丰富。提供高速 Wi‑Fi 及 24 小时热水。	C145
1376	星程大酒店	地址：天津和平路227号（杨村）。联系电话：012-65894783。周边 500 米内即是商场与美食街。含自助早餐，菜品丰富。距车站步行 5 分钟，交通便利。	C082
1377	沐兰大酒店	地址：天津建设路83号（杨村）。联系电话：013-83794751 / 014-68031700。含自助早餐，菜品丰富。周边 500 米内即是商场与美食街。	C082
1378	锦江国际酒店	地址：天津建设路297号（杨村）。联系电话：024-52075463。前台多语言服务，支持行李寄存。周边 500 米内即是商场与美食街。含自助早餐，菜品丰富。	C082
1379	星程国际酒店	地址：天津和平路205号（杨村）。联系电话：031-43265343 / 023-74520684。可手机自助入住，无接触开门。含自助早餐，菜品丰富。周边 500 米内即是商场与美食街。客房配备记忆棉床垫，保证舒适睡眠。	C082
1380	丽枫精品酒店	地址：宜春和平路203号（宜春西）。联系电话：059-20399124 / 041-28390180。距车站步行 5 分钟，交通便利。含自助早餐，菜品丰富。	C096
1381	星程精品酒店	地址：宜春建设路76号（宜春西）。联系电话：019-28343351 / 194-53438150。提供高速 Wi‑Fi 及 24 小时热水。含自助早餐，菜品丰富。	C096
1382	桔子大酒店	地址：宜春解放路196号（宜春西）。联系电话：156-13035586。酒店内有健身房和洗衣房，住客免费使用。周边 500 米内即是商场与美食街。	C096
1383	碧桂国际酒店	地址：宜春迎宾大道245号（宜春西）。联系电话：151-82343668。周边 500 米内即是商场与美食街。酒店内有健身房和洗衣房，住客免费使用。	C096
1384	桔子国际酒店	地址：阿尔山建设路36号（伊尔施）。联系电话：197-87675414 / 021-33876271。可手机自助入住，无接触开门。客房配备记忆棉床垫，保证舒适睡眠。提供高速 Wi‑Fi 及 24 小时热水。	C035
1385	楠舍度假酒店	地址：阿尔山建设路152号（伊尔施）。联系电话：048-58464949 / 139-51052406。含自助早餐，菜品丰富。距车站步行 5 分钟，交通便利。客房配备记忆棉床垫，保证舒适睡眠。前台多语言服务，支持行李寄存。	C035
1386	柏栎宾馆	地址：阿尔山建设路127号（伊尔施）。联系电话：136-59275576。客房配备记忆棉床垫，保证舒适睡眠。设有地下停车场与充电桩。周边 500 米内即是商场与美食街。	C035
1387	月光度假酒店	地址：峨眉山迎宾大道335号（燕岗）。联系电话：057-85529448。客房配备记忆棉床垫，保证舒适睡眠。设有地下停车场与充电桩。	C019
1388	云栖国际酒店	地址：峨眉山人民大道306号（燕岗）。联系电话：183-69533941 / 023-73376447。距车站步行 5 分钟，交通便利。可手机自助入住，无接触开门。	C019
1389	沐兰酒店	地址：峨眉山解放路268号（燕岗）。联系电话：155-11067492。前台多语言服务，支持行李寄存。可手机自助入住，无接触开门。	C019
1390	丽枫度假酒店	地址：峨眉山朝阳街354号（燕岗）。联系电话：012-69716658。距车站步行 5 分钟，交通便利。部分房型可俯瞰城市天际线。可手机自助入住，无接触开门。	C019
1391	璞丽酒店	地址：永济和平路390号（永济）。联系电话：189-49276444 / 131-85785756。前台多语言服务，支持行李寄存。距车站步行 5 分钟，交通便利。周边 500 米内即是商场与美食街。提供高速 Wi‑Fi 及 24 小时热水。	C257
1392	桔子度假酒店	地址：永济中心路114号（永济）。联系电话：155-63844651。可手机自助入住，无接触开门。设有地下停车场与充电桩。酒店内有健身房和洗衣房，住客免费使用。	C257
1393	楠舍度假酒店	地址：永济和平路240号（永济）。联系电话：044-65277646。酒店内有健身房和洗衣房，住客免费使用。距车站步行 5 分钟，交通便利。前台多语言服务，支持行李寄存。部分房型可俯瞰城市天际线。	C257
1394	柏曼酒店	地址：延吉朝阳街372号（延吉）。联系电话：056-23665589。可手机自助入住，无接触开门。提供高速 Wi‑Fi 及 24 小时热水。前台多语言服务，支持行李寄存。	C116
1395	枫叶大酒店	地址：延吉解放路239号（延吉）。联系电话：189-65185364。可手机自助入住，无接触开门。前台多语言服务，支持行李寄存。提供高速 Wi‑Fi 及 24 小时热水。酒店内有健身房和洗衣房，住客免费使用。	C116
1396	锦江度假酒店	地址：延吉解放路335号（延吉）。联系电话：157-54499663 / 049-46706673。客房配备记忆棉床垫，保证舒适睡眠。周边 500 米内即是商场与美食街。提供高速 Wi‑Fi 及 24 小时热水。	C116
1397	柏曼度假酒店	地址：营口解放路160号（营口）。联系电话：038-32416138 / 022-24606147。提供高速 Wi‑Fi 及 24 小时热水。客房配备记忆棉床垫，保证舒适睡眠。前台多语言服务，支持行李寄存。含自助早餐，菜品丰富。	C238
1398	云栖度假酒店	地址：营口解放路178号（营口）。联系电话：034-69647281 / 156-44466805。距车站步行 5 分钟，交通便利。客房配备记忆棉床垫，保证舒适睡眠。提供高速 Wi‑Fi 及 24 小时热水。	C238
1399	沐兰国际酒店	地址：营口建设路383号（营口）。联系电话：039-46069959 / 137-18821975。客房配备记忆棉床垫，保证舒适睡眠。提供高速 Wi‑Fi 及 24 小时热水。酒店内有健身房和洗衣房，住客免费使用。含自助早餐，菜品丰富。	C238
1400	梅园度假酒店	地址：牙克石中心路321号（牙克石）。联系电话：197-48782555 / 194-77823566。可手机自助入住，无接触开门。含自助早餐，菜品丰富。酒店内有健身房和洗衣房，住客免费使用。周边 500 米内即是商场与美食街。	C060
1401	梅园大酒店	地址：牙克石中心路167号（牙克石）。联系电话：197-51329924。提供高速 Wi‑Fi 及 24 小时热水。周边 500 米内即是商场与美食街。客房配备记忆棉床垫，保证舒适睡眠。可手机自助入住，无接触开门。	C060
1402	柏栎国际酒店	地址：牙克石解放路179号（牙克石）。联系电话：195-10362322 / 046-26009565。可手机自助入住，无接触开门。提供高速 Wi‑Fi 及 24 小时热水。含自助早餐，菜品丰富。客房配备记忆棉床垫，保证舒适睡眠。	C060
1403	云栖国际酒店	地址：玉林解放路167号（玉林）。联系电话：030-52599074。酒店内有健身房和洗衣房，住客免费使用。可手机自助入住，无接触开门。客房配备记忆棉床垫，保证舒适睡眠。	C208
1404	月光宾馆	地址：玉林和平路111号（玉林）。联系电话：023-22501014。前台多语言服务，支持行李寄存。酒店内有健身房和洗衣房，住客免费使用。客房配备记忆棉床垫，保证舒适睡眠。可手机自助入住，无接触开门。	C208
1405	枫叶酒店	地址：玉林中心路344号（玉林）。联系电话：041-74119615。周边 500 米内即是商场与美食街。设有地下停车场与充电桩。客房配备记忆棉床垫，保证舒适睡眠。部分房型可俯瞰城市天际线。	C208
1406	花筑度假酒店	地址：玉林解放路398号（玉林）。联系电话：018-40649316 / 049-33246459。前台多语言服务，支持行李寄存。部分房型可俯瞰城市天际线。	C208
1407	碧桂国际酒店	地址：西安人民大道266号（阎良）。联系电话：020-36120527。可手机自助入住，无接触开门。酒店内有健身房和洗衣房，住客免费使用。客房配备记忆棉床垫，保证舒适睡眠。	C246
1408	悦榕酒店	地址：西安和平路238号（阎良）。联系电话：189-11030507 / 024-32892057。部分房型可俯瞰城市天际线。含自助早餐，菜品丰富。可手机自助入住，无接触开门。	C246
1409	悦榕度假酒店	地址：西安解放路231号（阎良）。联系电话：183-96725258 / 157-84195450。设有地下停车场与充电桩。周边 500 米内即是商场与美食街。部分房型可俯瞰城市天际线。前台多语言服务，支持行李寄存。	C246
1410	碧桂大酒店	地址：西安中心路78号（阎良）。联系电话：152-78009957 / 159-74806897。客房配备记忆棉床垫，保证舒适睡眠。提供高速 Wi‑Fi 及 24 小时热水。	C246
1411	柏曼宾馆	地址：榆林建设路373号（榆林）。联系电话：197-83877154。客房配备记忆棉床垫，保证舒适睡眠。前台多语言服务，支持行李寄存。	C162
1412	碧桂宾馆	地址：榆林人民大道277号（榆林）。联系电话：034-75131117。含自助早餐，菜品丰富。距车站步行 5 分钟，交通便利。	C162
1413	柏曼宾馆	地址：三亚人民大道216号（亚龙湾）。联系电话：159-80922786。含自助早餐，菜品丰富。客房配备记忆棉床垫，保证舒适睡眠。周边 500 米内即是商场与美食街。	C002
1414	枫叶精品酒店	地址：三亚朝阳街94号（亚龙湾）。联系电话：035-37043700。距车站步行 5 分钟，交通便利。客房配备记忆棉床垫，保证舒适睡眠。提供高速 Wi‑Fi 及 24 小时热水。部分房型可俯瞰城市天际线。	C002
1415	梅园大酒店	地址：三亚人民大道311号（亚龙湾）。联系电话：188-95080367 / 010-60581073。设有地下停车场与充电桩。周边 500 米内即是商场与美食街。前台多语言服务，支持行李寄存。	C002
1416	沐兰宾馆	地址：尚志迎宾大道7号（一面坡）。联系电话：039-83494756 / 180-59100933。部分房型可俯瞰城市天际线。客房配备记忆棉床垫，保证舒适睡眠。	C066
1417	锦江酒店	地址：尚志建设路59号（一面坡）。联系电话：196-79493772。设有地下停车场与充电桩。部分房型可俯瞰城市天际线。	C066
1418	雅致精品酒店	地址：尚志和平路373号（一面坡）。联系电话：019-31631196 / 036-26126428。部分房型可俯瞰城市天际线。提供高速 Wi‑Fi 及 24 小时热水。设有地下停车场与充电桩。前台多语言服务，支持行李寄存。	C066
1419	星程国际酒店	地址：伊宁朝阳街225号（伊宁）。联系电话：043-22979989。设有地下停车场与充电桩。酒店内有健身房和洗衣房，住客免费使用。前台多语言服务，支持行李寄存。	C024
1420	桔子宾馆	地址：伊宁和平路202号（伊宁）。联系电话：182-16975101。可手机自助入住，无接触开门。部分房型可俯瞰城市天际线。提供高速 Wi‑Fi 及 24 小时热水。	C024
1421	月光大酒店	地址：宁强县人民大道76号（阳平关）。联系电话：157-26215804 / 156-81063174。设有地下停车场与充电桩。酒店内有健身房和洗衣房，住客免费使用。	C167
1422	梅园精品酒店	地址：宁强县中心路9号（阳平关）。联系电话：194-92457165。距车站步行 5 分钟，交通便利。设有地下停车场与充电桩。	C167
1423	花筑度假酒店	地址：玉屏侗族自治县朝阳街355号（玉屏）。联系电话：052-36103195。距车站步行 5 分钟，交通便利。设有地下停车场与充电桩。	C277
1424	云栖酒店	地址：玉屏侗族自治县解放路321号（玉屏）。联系电话：184-57414397 / 028-65194099。客房配备记忆棉床垫，保证舒适睡眠。酒店内有健身房和洗衣房，住客免费使用。	C277
1425	锦江酒店	地址：玉屏侗族自治县中心路18号（玉屏）。联系电话：046-65292102。部分房型可俯瞰城市天际线。距车站步行 5 分钟，交通便利。周边 500 米内即是商场与美食街。	C277
1426	碧桂度假酒店	地址：玉屏侗族自治县解放路29号（玉屏）。联系电话：011-20537657 / 023-34115858。酒店内有健身房和洗衣房，住客免费使用。距车站步行 5 分钟，交通便利。	C277
1427	梅园大酒店	地址：原平中心路331号（原平）。联系电话：055-61402043。距车站步行 5 分钟，交通便利。含自助早餐，菜品丰富。	C124
1428	悦榕宾馆	地址：原平人民大道355号（原平）。联系电话：134-19536924。可手机自助入住，无接触开门。周边 500 米内即是商场与美食街。酒店内有健身房和洗衣房，住客免费使用。提供高速 Wi‑Fi 及 24 小时热水。	C124
1429	云栖宾馆	地址：北京解放路78号（延庆）。联系电话：184-47215199。可手机自助入住，无接触开门。设有地下停车场与充电桩。	C039
1430	星程国际酒店	地址：北京中心路376号（延庆）。联系电话：196-87913407 / 130-98866862。酒店内有健身房和洗衣房，住客免费使用。客房配备记忆棉床垫，保证舒适睡眠。	C039
1431	碧桂精品酒店	地址：孝义解放路297号（阳泉曲）。联系电话：023-34518085。客房配备记忆棉床垫，保证舒适睡眠。部分房型可俯瞰城市天际线。	C057
1432	璞丽大酒店	地址：孝义迎宾大道275号（阳泉曲）。联系电话：139-78208647。前台多语言服务，支持行李寄存。含自助早餐，菜品丰富。部分房型可俯瞰城市天际线。提供高速 Wi‑Fi 及 24 小时热水。	C057
1433	雅致宾馆	地址：孝义解放路66号（阳泉曲）。联系电话：031-58158499 / 183-12880196。距车站步行 5 分钟，交通便利。部分房型可俯瞰城市天际线。可手机自助入住，无接触开门。	C057
1434	枫叶大酒店	地址：孝义中心路30号（阳泉曲）。联系电话：016-63667569。提供高速 Wi‑Fi 及 24 小时热水。距车站步行 5 分钟，交通便利。设有地下停车场与充电桩。	C057
1435	枫叶国际酒店	地址：哈尔滨和平路69号（玉泉）。联系电话：040-89160906 / 159-19067792。前台多语言服务，支持行李寄存。酒店内有健身房和洗衣房，住客免费使用。	C066
1436	桔子宾馆	地址：哈尔滨建设路295号（玉泉）。联系电话：199-43547347。距车站步行 5 分钟，交通便利。部分房型可俯瞰城市天际线。设有地下停车场与充电桩。酒店内有健身房和洗衣房，住客免费使用。	C066
1437	桔子国际酒店	地址：哈尔滨建设路144号（玉泉）。联系电话：196-21839200 / 195-11151915。前台多语言服务，支持行李寄存。客房配备记忆棉床垫，保证舒适睡眠。	C066
1438	锦江大酒店	地址：阳泉解放路76号（阳泉）。联系电话：196-22824151 / 027-87672171。周边 500 米内即是商场与美食街。部分房型可俯瞰城市天际线。提供高速 Wi‑Fi 及 24 小时热水。	C290
1439	月光国际酒店	地址：阳泉建设路148号（阳泉）。联系电话：021-23486683。周边 500 米内即是商场与美食街。前台多语言服务，支持行李寄存。酒店内有健身房和洗衣房，住客免费使用。部分房型可俯瞰城市天际线。	C290
1440	云栖酒店	地址：阳泉解放路88号（阳泉）。联系电话：014-36526870 / 014-80780060。提供高速 Wi‑Fi 及 24 小时热水。酒店内有健身房和洗衣房，住客免费使用。部分房型可俯瞰城市天际线。客房配备记忆棉床垫，保证舒适睡眠。	C290
1441	云栖大酒店	地址：营山县建设路335号（营山）。联系电话：152-13745891 / 040-40202307。客房配备记忆棉床垫，保证舒适睡眠。可手机自助入住，无接触开门。设有地下停车场与充电桩。	C043
1442	锦江国际酒店	地址：营山县朝阳街89号（营山）。联系电话：038-88863583。客房配备记忆棉床垫，保证舒适睡眠。距车站步行 5 分钟，交通便利。含自助早餐，菜品丰富。	C043
1443	花筑精品酒店	地址：营山县建设路48号（营山）。联系电话：023-21428577。含自助早餐，菜品丰富。前台多语言服务，支持行李寄存。可手机自助入住，无接触开门。客房配备记忆棉床垫，保证舒适睡眠。	C043
1444	丽枫度假酒店	地址：营山县人民大道128号（营山）。联系电话：053-76359636 / 023-75035191。距车站步行 5 分钟，交通便利。酒店内有健身房和洗衣房，住客免费使用。周边 500 米内即是商场与美食街。	C043
1445	丽枫宾馆	地址：玉山县中心路36号（玉山）。联系电话：159-77688854。距车站步行 5 分钟，交通便利。提供高速 Wi‑Fi 及 24 小时热水。	C006
1446	悦榕宾馆	地址：玉山县解放路98号（玉山）。联系电话：058-41146139。提供高速 Wi‑Fi 及 24 小时热水。设有地下停车场与充电桩。	C006
1447	梅园酒店	地址：玉山县朝阳街89号（玉山）。联系电话：038-22267511。可手机自助入住，无接触开门。距车站步行 5 分钟，交通便利。周边 500 米内即是商场与美食街。设有地下停车场与充电桩。	C006
1448	花筑大酒店	地址：玉山县人民大道319号（玉山）。联系电话：053-43797867 / 050-35271036。含自助早餐，菜品丰富。提供高速 Wi‑Fi 及 24 小时热水。	C006
1449	花筑宾馆	地址：北京朝阳街104号（燕山）。联系电话：048-22342325 / 134-33229619。部分房型可俯瞰城市天际线。周边 500 米内即是商场与美食街。客房配备记忆棉床垫，保证舒适睡眠。	C039
1450	星程精品酒店	地址：北京解放路277号（燕山）。联系电话：192-36079896 / 132-76533480。酒店内有健身房和洗衣房，住客免费使用。部分房型可俯瞰城市天际线。客房配备记忆棉床垫，保证舒适睡眠。周边 500 米内即是商场与美食街。	C039
1451	雅致宾馆	地址：北京迎宾大道64号（燕山）。联系电话：029-32178200。酒店内有健身房和洗衣房，住客免费使用。提供高速 Wi‑Fi 及 24 小时热水。周边 500 米内即是商场与美食街。距车站步行 5 分钟，交通便利。	C039
1452	沐兰大酒店	地址：北京人民大道103号（燕山）。联系电话：012-52914602 / 137-39706901。提供高速 Wi‑Fi 及 24 小时热水。可手机自助入住，无接触开门。含自助早餐，菜品丰富。设有地下停车场与充电桩。	C039
1453	悦榕大酒店	地址：榆树迎宾大道334号（榆树）。联系电话：156-74245907。周边 500 米内即是商场与美食街。客房配备记忆棉床垫，保证舒适睡眠。部分房型可俯瞰城市天际线。设有地下停车场与充电桩。	C283
1454	梅园度假酒店	地址：榆树解放路364号（榆树）。联系电话：154-99034848 / 188-67820242。酒店内有健身房和洗衣房，住客免费使用。前台多语言服务，支持行李寄存。提供高速 Wi‑Fi 及 24 小时热水。	C283
1455	璞丽精品酒店	地址：榆树建设路373号（榆树）。联系电话：197-62626122 / 152-96738229。酒店内有健身房和洗衣房，住客免费使用。提供高速 Wi‑Fi 及 24 小时热水。含自助早餐，菜品丰富。距车站步行 5 分钟，交通便利。	C283
1456	枫叶宾馆	地址：鹰潭建设路74号（鹰潭）。联系电话：154-25676463 / 197-30650071。提供高速 Wi‑Fi 及 24 小时热水。酒店内有健身房和洗衣房，住客免费使用。	C306
1457	沐兰国际酒店	地址：鹰潭人民大道106号（鹰潭）。联系电话：157-97036901。距车站步行 5 分钟，交通便利。客房配备记忆棉床垫，保证舒适睡眠。	C306
1458	云栖宾馆	地址：烟台解放路40号（烟台）。联系电话：036-66814898 / 046-44703649。前台多语言服务，支持行李寄存。周边 500 米内即是商场与美食街。部分房型可俯瞰城市天际线。	C205
1459	雅致精品酒店	地址：烟台中心路374号（烟台）。联系电话：197-47368981。客房配备记忆棉床垫，保证舒适睡眠。可手机自助入住，无接触开门。含自助早餐，菜品丰富。	C205
1460	碧桂酒店	地址：牙克石人民大道217号（伊图里河）。联系电话：195-22437084。可手机自助入住，无接触开门。部分房型可俯瞰城市天际线。	C060
1461	丽枫国际酒店	地址：牙克石解放路21号（伊图里河）。联系电话：059-53901092 / 038-72712974。设有地下停车场与充电桩。前台多语言服务，支持行李寄存。	C060
1462	桔子度假酒店	地址：牙克石人民大道307号（伊图里河）。联系电话：150-80808714 / 051-86121691。客房配备记忆棉床垫，保证舒适睡眠。部分房型可俯瞰城市天际线。可手机自助入住，无接触开门。	C060
1463	桔子宾馆	地址：牙克石朝阳街284号（伊图里河）。联系电话：012-74867745。可手机自助入住，无接触开门。设有地下停车场与充电桩。部分房型可俯瞰城市天际线。客房配备记忆棉床垫，保证舒适睡眠。	C060
1464	丽枫度假酒店	地址：玉田县迎宾大道124号（玉田县）。联系电话：158-13751613 / 155-21553267。距车站步行 5 分钟，交通便利。含自助早餐，菜品丰富。客房配备记忆棉床垫，保证舒适睡眠。可手机自助入住，无接触开门。	C067
1465	花筑国际酒店	地址：玉田县人民大道50号（玉田县）。联系电话：022-65036439。提供高速 Wi‑Fi 及 24 小时热水。距车站步行 5 分钟，交通便利。含自助早餐，菜品丰富。	C067
1466	枫叶国际酒店	地址：玉田县中心路217号（玉田县）。联系电话：189-42617007 / 014-45489097。设有地下停车场与充电桩。周边 500 米内即是商场与美食街。含自助早餐，菜品丰富。	C067
1467	锦江酒店	地址：义乌朝阳街329号（义乌）。联系电话：022-70864786。提供高速 Wi‑Fi 及 24 小时热水。前台多语言服务，支持行李寄存。	C273
1468	丽枫宾馆	地址：义乌朝阳街197号（义乌）。联系电话：041-55148515 / 185-88329324。提供高速 Wi‑Fi 及 24 小时热水。可手机自助入住，无接触开门。	C273
1469	花筑酒店	地址：义乌朝阳街265号（义乌）。联系电话：032-34903018。部分房型可俯瞰城市天际线。可手机自助入住，无接触开门。	C273
1470	柏栎大酒店	地址：义乌迎宾大道360号（义乌）。联系电话：196-37166872。提供高速 Wi‑Fi 及 24 小时热水。距车站步行 5 分钟，交通便利。客房配备记忆棉床垫，保证舒适睡眠。酒店内有健身房和洗衣房，住客免费使用。	C273
1471	枫叶度假酒店	地址：阳新县迎宾大道27号（阳新）。联系电话：130-43958617 / 151-45603908。部分房型可俯瞰城市天际线。提供高速 Wi‑Fi 及 24 小时热水。前台多语言服务，支持行李寄存。	C309
1472	碧桂酒店	地址：阳新县中心路121号（阳新）。联系电话：035-43577090。设有地下停车场与充电桩。可手机自助入住，无接触开门。部分房型可俯瞰城市天际线。周边 500 米内即是商场与美食街。	C309
1473	柏栎国际酒店	地址：阳新县人民大道113号（阳新）。联系电话：011-77756235。提供高速 Wi‑Fi 及 24 小时热水。距车站步行 5 分钟，交通便利。	C309
1474	柏曼酒店	地址：义县解放路345号（义县）。联系电话：028-24083398。可手机自助入住，无接触开门。提供高速 Wi‑Fi 及 24 小时热水。部分房型可俯瞰城市天际线。	C281
1475	月光酒店	地址：义县和平路65号（义县）。联系电话：138-30703257。可手机自助入住，无接触开门。部分房型可俯瞰城市天际线。	C281
1476	雅致度假酒店	地址：义县人民大道122号（义县）。联系电话：027-53560968。设有地下停车场与充电桩。部分房型可俯瞰城市天际线。距车站步行 5 分钟，交通便利。提供高速 Wi‑Fi 及 24 小时热水。	C281
1477	枫叶酒店	地址：义县朝阳街155号（义县）。联系电话：188-31080715。提供高速 Wi‑Fi 及 24 小时热水。距车站步行 5 分钟，交通便利。可手机自助入住，无接触开门。	C281
1478	碧桂国际酒店	地址：益阳迎宾大道211号（益阳）。联系电话：195-51147801。可手机自助入住，无接触开门。提供高速 Wi‑Fi 及 24 小时热水。含自助早餐，菜品丰富。	C215
1479	柏曼宾馆	地址：益阳建设路190号（益阳）。联系电话：136-27061060。部分房型可俯瞰城市天际线。距车站步行 5 分钟，交通便利。	C215
1480	桔子宾馆	地址：益阳解放路244号（益阳）。联系电话：058-21511439。提供高速 Wi‑Fi 及 24 小时热水。可手机自助入住，无接触开门。周边 500 米内即是商场与美食街。部分房型可俯瞰城市天际线。	C215
1481	星程国际酒店	地址：益阳中心路133号（益阳）。联系电话：044-21406785。部分房型可俯瞰城市天际线。提供高速 Wi‑Fi 及 24 小时热水。距车站步行 5 分钟，交通便利。	C215
1482	梅园宾馆	地址：岳阳建设路380号（岳阳）。联系电话：153-61425448 / 187-38517106。客房配备记忆棉床垫，保证舒适睡眠。前台多语言服务，支持行李寄存。周边 500 米内即是商场与美食街。	C101
1483	碧桂酒店	地址：岳阳解放路49号（岳阳）。联系电话：150-23667000。部分房型可俯瞰城市天际线。可手机自助入住，无接触开门。含自助早餐，菜品丰富。提供高速 Wi‑Fi 及 24 小时热水。	C101
1484	柏栎国际酒店	地址：岳阳和平路183号（岳阳）。联系电话：154-85286228 / 050-80605845。部分房型可俯瞰城市天际线。前台多语言服务，支持行李寄存。含自助早餐，菜品丰富。	C101
1485	锦江度假酒店	地址：三亚朝阳街40号（崖州）。联系电话：192-13605808。客房配备记忆棉床垫，保证舒适睡眠。设有地下停车场与充电桩。含自助早餐，菜品丰富。	C002
1486	柏栎大酒店	地址：三亚解放路302号（崖州）。联系电话：192-37183554。酒店内有健身房和洗衣房，住客免费使用。周边 500 米内即是商场与美食街。提供高速 Wi‑Fi 及 24 小时热水。前台多语言服务，支持行李寄存。	C002
1487	星程宾馆	地址：三亚解放路133号（崖州）。联系电话：156-46025950 / 134-95037753。提供高速 Wi‑Fi 及 24 小时热水。客房配备记忆棉床垫，保证舒适睡眠。可手机自助入住，无接触开门。距车站步行 5 分钟，交通便利。	C002
1488	柏曼宾馆	地址：永州人民大道331号（永州）。联系电话：055-68058131 / 035-57567414。周边 500 米内即是商场与美食街。可手机自助入住，无接触开门。含自助早餐，菜品丰富。	C166
1489	丽枫国际酒店	地址：永州迎宾大道261号（永州）。联系电话：134-94788517。前台多语言服务，支持行李寄存。提供高速 Wi‑Fi 及 24 小时热水。含自助早餐，菜品丰富。	C166
1490	楠舍精品酒店	地址：永州朝阳街208号（永州）。联系电话：032-34508246 / 181-28571399。部分房型可俯瞰城市天际线。客房配备记忆棉床垫，保证舒适睡眠。酒店内有健身房和洗衣房，住客免费使用。提供高速 Wi‑Fi 及 24 小时热水。	C166
1491	锦江酒店	地址：永州朝阳街5号（永州）。联系电话：192-73660298 / 021-40877718。客房配备记忆棉床垫，保证舒适睡眠。前台多语言服务，支持行李寄存。周边 500 米内即是商场与美食街。	C166
1492	雅致宾馆	地址：扬州朝阳街288号（扬州）。联系电话：020-35658628 / 052-53218020。设有地下停车场与充电桩。客房配备记忆棉床垫，保证舒适睡眠。可手机自助入住，无接触开门。	C129
1493	月光酒店	地址：扬州中心路106号（扬州）。联系电话：139-58128169。酒店内有健身房和洗衣房，住客免费使用。提供高速 Wi‑Fi 及 24 小时热水。客房配备记忆棉床垫，保证舒适睡眠。距车站步行 5 分钟，交通便利。	C129
1494	云栖精品酒店	地址：扬州解放路399号（扬州）。联系电话：159-72862178 / 189-82316780。提供高速 Wi‑Fi 及 24 小时热水。酒店内有健身房和洗衣房，住客免费使用。	C129
1495	璞丽精品酒店	地址：淄博人民大道134号（淄博）。联系电话：037-62771807 / 039-49486775。周边 500 米内即是商场与美食街。前台多语言服务，支持行李寄存。设有地下停车场与充电桩。部分房型可俯瞰城市天际线。	C186
1496	月光大酒店	地址：淄博解放路223号（淄博）。联系电话：133-95545087 / 012-32106158。可手机自助入住，无接触开门。客房配备记忆棉床垫，保证舒适睡眠。	C186
1497	璞丽酒店	地址：淄博人民大道90号（淄博）。联系电话：035-37648901 / 018-62806763。提供高速 Wi‑Fi 及 24 小时热水。设有地下停车场与充电桩。周边 500 米内即是商场与美食街。	C186
1498	碧桂国际酒店	地址：古交中心路195号（镇城底）。联系电话：032-82846006。部分房型可俯瞰城市天际线。客房配备记忆棉床垫，保证舒适睡眠。周边 500 米内即是商场与美食街。酒店内有健身房和洗衣房，住客免费使用。	C083
1499	星程酒店	地址：古交解放路331号（镇城底）。联系电话：031-74554129 / 132-85596137。周边 500 米内即是商场与美食街。客房配备记忆棉床垫，保证舒适睡眠。酒店内有健身房和洗衣房，住客免费使用。	C083
1500	璞丽度假酒店	地址：古交和平路260号（镇城底）。联系电话：187-71012795。周边 500 米内即是商场与美食街。前台多语言服务，支持行李寄存。含自助早餐，菜品丰富。客房配备记忆棉床垫，保证舒适睡眠。	C083
1501	柏曼酒店	地址：自贡迎宾大道328号（自贡）。联系电话：052-74133068 / 188-15446431。前台多语言服务，支持行李寄存。可手机自助入住，无接触开门。周边 500 米内即是商场与美食街。	C229
1502	碧桂度假酒店	地址：自贡朝阳街11号（自贡）。联系电话：038-20356281 / 047-50125638。部分房型可俯瞰城市天际线。前台多语言服务，支持行李寄存。	C229
1503	雅致国际酒店	地址：自贡人民大道14号（自贡）。联系电话：188-90221868。提供高速 Wi‑Fi 及 24 小时热水。客房配备记忆棉床垫，保证舒适睡眠。酒店内有健身房和洗衣房，住客免费使用。距车站步行 5 分钟，交通便利。	C229
1504	璞丽国际酒店	地址：珠海建设路60号（珠海）。联系电话：058-86606214 / 019-20567572。前台多语言服务，支持行李寄存。提供高速 Wi‑Fi 及 24 小时热水。	C210
1505	锦江酒店	地址：珠海朝阳街181号（珠海）。联系电话：036-35720560。提供高速 Wi‑Fi 及 24 小时热水。周边 500 米内即是商场与美食街。距车站步行 5 分钟，交通便利。酒店内有健身房和洗衣房，住客免费使用。	C210
1506	沐兰国际酒店	地址：珠海朝阳街100号（珠海）。联系电话：153-28313509 / 180-26442878。客房配备记忆棉床垫，保证舒适睡眠。部分房型可俯瞰城市天际线。	C210
1507	梅园大酒店	地址：珠海解放路205号（珠海）。联系电话：191-48923662。提供高速 Wi‑Fi 及 24 小时热水。距车站步行 5 分钟，交通便利。	C210
1508	月光宾馆	地址：珠海迎宾大道4号（珠海北）。联系电话：139-56182903。酒店内有健身房和洗衣房，住客免费使用。客房配备记忆棉床垫，保证舒适睡眠。周边 500 米内即是商场与美食街。	C210
1509	枫叶度假酒店	地址：珠海中心路154号（珠海北）。联系电话：155-72418128。距车站步行 5 分钟，交通便利。提供高速 Wi‑Fi 及 24 小时热水。设有地下停车场与充电桩。	C210
1510	梅园国际酒店	地址：湛江建设路242号（湛江）。联系电话：028-33929835。客房配备记忆棉床垫，保证舒适睡眠。酒店内有健身房和洗衣房，住客免费使用。	C197
1511	星程大酒店	地址：湛江中心路261号（湛江）。联系电话：046-26243824 / 191-51472732。提供高速 Wi‑Fi 及 24 小时热水。前台多语言服务，支持行李寄存。周边 500 米内即是商场与美食街。可手机自助入住，无接触开门。	C197
1512	桔子大酒店	地址：湛江解放路127号（湛江）。联系电话：198-28412994。客房配备记忆棉床垫，保证舒适睡眠。前台多语言服务，支持行李寄存。含自助早餐，菜品丰富。提供高速 Wi‑Fi 及 24 小时热水。	C197
1513	沐兰宾馆	地址：湛江和平路269号（湛江）。联系电话：159-12671357。周边 500 米内即是商场与美食街。客房配备记忆棉床垫，保证舒适睡眠。含自助早餐，菜品丰富。部分房型可俯瞰城市天际线。	C197
1514	丽枫度假酒店	地址：镇江中心路373号（镇江）。联系电话：159-67774627。客房配备记忆棉床垫，保证舒适睡眠。设有地下停车场与充电桩。部分房型可俯瞰城市天际线。	C282
1515	丽枫酒店	地址：镇江中心路323号（镇江）。联系电话：195-28157817。设有地下停车场与充电桩。酒店内有健身房和洗衣房，住客免费使用。距车站步行 5 分钟，交通便利。	C282
1516	悦榕宾馆	地址：张家界建设路194号（张家界）。联系电话：056-37635823 / 159-15558959。客房配备记忆棉床垫，保证舒适睡眠。前台多语言服务，支持行李寄存。酒店内有健身房和洗衣房，住客免费使用。	C119
1517	沐兰国际酒店	地址：张家界人民大道4号（张家界）。联系电话：194-17267972。设有地下停车场与充电桩。距车站步行 5 分钟，交通便利。	C119
1518	柏栎宾馆	地址：张家界迎宾大道231号（张家界）。联系电话：157-31348408 / 155-32411531。部分房型可俯瞰城市天际线。酒店内有健身房和洗衣房，住客免费使用。	C119
1519	星程宾馆	地址：张家界和平路72号（张家界）。联系电话：184-93162961 / 041-65148257。酒店内有健身房和洗衣房，住客免费使用。部分房型可俯瞰城市天际线。	C119
1520	星程国际酒店	地址：张家口和平路8号（张家口）。联系电话：048-60037412 / 020-44062930。提供高速 Wi‑Fi 及 24 小时热水。周边 500 米内即是商场与美食街。	C118
1521	丽枫宾馆	地址：张家口朝阳街84号（张家口）。联系电话：186-68173387 / 183-83821437。前台多语言服务，支持行李寄存。酒店内有健身房和洗衣房，住客免费使用。	C118
1522	璞丽大酒店	地址：张家口中心路364号（张家口）。联系电话：027-68782000 / 023-31030000。酒店内有健身房和洗衣房，住客免费使用。客房配备记忆棉床垫，保证舒适睡眠。	C118
1523	枫叶酒店	地址：周口朝阳街63号（周口）。联系电话：131-36820262。距车站步行 5 分钟，交通便利。设有地下停车场与充电桩。前台多语言服务，支持行李寄存。	C059
1524	沐兰度假酒店	地址：周口中心路317号（周口）。联系电话：052-29415354。设有地下停车场与充电桩。距车站步行 5 分钟，交通便利。前台多语言服务，支持行李寄存。	C059
1525	枫叶精品酒店	地址：周口建设路266号（周口）。联系电话：182-15055077。酒店内有健身房和洗衣房，住客免费使用。客房配备记忆棉床垫，保证舒适睡眠。含自助早餐，菜品丰富。	C059
1526	桔子国际酒店	地址：周口迎宾大道326号（周口）。联系电话：030-49764000。可手机自助入住，无接触开门。周边 500 米内即是商场与美食街。	C059
1527	星程宾馆	地址：通辽和平路181号（哲里木）。联系电话：022-61553194。提供高速 Wi‑Fi 及 24 小时热水。客房配备记忆棉床垫，保证舒适睡眠。距车站步行 5 分钟，交通便利。部分房型可俯瞰城市天际线。	C260
1528	云栖宾馆	地址：通辽人民大道366号（哲里木）。联系电话：046-83978182 / 189-32149105。客房配备记忆棉床垫，保证舒适睡眠。可手机自助入住，无接触开门。距车站步行 5 分钟，交通便利。前台多语言服务，支持行李寄存。	C260
1529	梅园酒店	地址：通辽中心路91号（哲里木）。联系电话：181-91484964 / 196-84546244。部分房型可俯瞰城市天际线。距车站步行 5 分钟，交通便利。	C260
1530	花筑宾馆	地址：扎兰屯和平路209号（扎兰屯）。联系电话：040-64842190。前台多语言服务，支持行李寄存。周边 500 米内即是商场与美食街。	C060
1531	星程宾馆	地址：扎兰屯迎宾大道345号（扎兰屯）。联系电话：017-83116316 / 191-32017854。可手机自助入住，无接触开门。含自助早餐，菜品丰富。	C060
1532	柏曼度假酒店	地址：扎兰屯中心路278号（扎兰屯）。联系电话：199-32392305。酒店内有健身房和洗衣房，住客免费使用。提供高速 Wi‑Fi 及 24 小时热水。客房配备记忆棉床垫，保证舒适睡眠。含自助早餐，菜品丰富。	C060
1533	梅园度假酒店	地址：驻马店中心路263号（驻马店）。联系电话：193-45449436 / 034-44403827。含自助早餐，菜品丰富。可手机自助入住，无接触开门。酒店内有健身房和洗衣房，住客免费使用。	C302
1534	花筑大酒店	地址：驻马店中心路274号（驻马店）。联系电话：191-18211179 / 036-57158697。周边 500 米内即是商场与美食街。含自助早餐，菜品丰富。	C302
1535	碧桂度假酒店	地址：驻马店迎宾大道196号（驻马店）。联系电话：018-24830804。部分房型可俯瞰城市天际线。提供高速 Wi‑Fi 及 24 小时热水。距车站步行 5 分钟，交通便利。客房配备记忆棉床垫，保证舒适睡眠。	C302
1536	悦榕国际酒店	地址：肇庆朝阳街19号（肇庆）。联系电话：017-20994832。距车站步行 5 分钟，交通便利。含自助早餐，菜品丰富。可手机自助入住，无接触开门。	C228
1537	悦榕大酒店	地址：肇庆建设路237号（肇庆）。联系电话：018-34114951 / 013-50816308。前台多语言服务，支持行李寄存。周边 500 米内即是商场与美食街。客房配备记忆棉床垫，保证舒适睡眠。	C228
1538	桔子度假酒店	地址：肇庆建设路84号（肇庆）。联系电话：150-53854692 / 035-35306852。前台多语言服务，支持行李寄存。含自助早餐，菜品丰富。	C228
1539	柏栎宾馆	地址：肇庆解放路274号（肇庆）。联系电话：157-57578409。酒店内有健身房和洗衣房，住客免费使用。周边 500 米内即是商场与美食街。提供高速 Wi‑Fi 及 24 小时热水。	C228
1540	悦榕酒店	地址：大连朝阳街13号（周水子）。联系电话：159-86801268 / 027-38902107。可手机自助入住，无接触开门。周边 500 米内即是商场与美食街。	C080
1541	雅致大酒店	地址：大连建设路225号（周水子）。联系电话：043-48199523。客房配备记忆棉床垫，保证舒适睡眠。含自助早餐，菜品丰富。	C080
1542	月光大酒店	地址：昭通解放路66号（昭通）。联系电话：032-25716646。含自助早餐，菜品丰富。客房配备记忆棉床垫，保证舒适睡眠。部分房型可俯瞰城市天际线。提供高速 Wi‑Fi 及 24 小时热水。	C144
1543	雅致度假酒店	地址：昭通建设路177号（昭通）。联系电话：183-96534937 / 151-72215162。含自助早餐，菜品丰富。部分房型可俯瞰城市天际线。酒店内有健身房和洗衣房，住客免费使用。	C144
1544	星程酒店	地址：昭通人民大道121号（昭通）。联系电话：130-93928759 / 159-85455663。设有地下停车场与充电桩。含自助早餐，菜品丰富。客房配备记忆棉床垫，保证舒适睡眠。部分房型可俯瞰城市天际线。	C144
1545	柏栎宾馆	地址：昭通迎宾大道54号（昭通）。联系电话：137-42413286。部分房型可俯瞰城市天际线。客房配备记忆棉床垫，保证舒适睡眠。可手机自助入住，无接触开门。含自助早餐，菜品丰富。	C144
1546	柏曼国际酒店	地址：中卫中心路59号（中卫）。联系电话：058-73505227。距车站步行 5 分钟，交通便利。可手机自助入住，无接触开门。含自助早餐，菜品丰富。设有地下停车场与充电桩。	C009
1547	丽枫精品酒店	地址：中卫朝阳街337号（中卫）。联系电话：139-45411683。设有地下停车场与充电桩。部分房型可俯瞰城市天际线。距车站步行 5 分钟，交通便利。可手机自助入住，无接触开门。	C009
1548	花筑酒店	地址：资阳中心路397号（资阳）。联系电话：135-71702366。客房配备记忆棉床垫，保证舒适睡眠。距车站步行 5 分钟，交通便利。设有地下停车场与充电桩。部分房型可俯瞰城市天际线。	C251
1549	梅园国际酒店	地址：资阳迎宾大道350号（资阳）。联系电话：018-81610298。距车站步行 5 分钟，交通便利。含自助早餐，菜品丰富。前台多语言服务，支持行李寄存。周边 500 米内即是商场与美食街。	C251
1550	云栖国际酒店	地址：资阳建设路13号（资阳）。联系电话：156-37669558 / 193-30809321。距车站步行 5 分钟，交通便利。酒店内有健身房和洗衣房，住客免费使用。含自助早餐，菜品丰富。	C251
1551	碧桂国际酒店	地址：资阳建设路320号（资阳）。联系电话：028-77994515。部分房型可俯瞰城市天际线。提供高速 Wi‑Fi 及 24 小时热水。酒店内有健身房和洗衣房，住客免费使用。可手机自助入住，无接触开门。	C251
1552	沐兰精品酒店	地址：遵义中心路171号（遵义西）。联系电话：054-85441370。周边 500 米内即是商场与美食街。设有地下停车场与充电桩。	C262
1553	锦江国际酒店	地址：遵义人民大道233号（遵义西）。联系电话：139-67929339 / 135-54214043。客房配备记忆棉床垫，保证舒适睡眠。前台多语言服务，支持行李寄存。酒店内有健身房和洗衣房，住客免费使用。含自助早餐，菜品丰富。	C262
1554	月光大酒店	地址：遵义朝阳街175号（遵义西）。联系电话：150-12673786 / 043-87074107。距车站步行 5 分钟，交通便利。周边 500 米内即是商场与美食街。前台多语言服务，支持行李寄存。酒店内有健身房和洗衣房，住客免费使用。	C262
1555	沐兰国际酒店	地址：遵义建设路319号（遵义西）。联系电话：022-64142082 / 188-12679959。部分房型可俯瞰城市天际线。周边 500 米内即是商场与美食街。提供高速 Wi‑Fi 及 24 小时热水。	C262
1556	桔子度假酒店	地址：枣庄解放路294号（枣庄）。联系电话：026-58872687 / 032-79699459。提供高速 Wi‑Fi 及 24 小时热水。可手机自助入住，无接触开门。前台多语言服务，支持行李寄存。距车站步行 5 分钟，交通便利。	C155
1557	璞丽大酒店	地址：枣庄迎宾大道19号（枣庄）。联系电话：023-49712086。距车站步行 5 分钟，交通便利。周边 500 米内即是商场与美食街。	C155
1558	梅园酒店	地址：内江朝阳街59号（资中）。联系电话：018-24082720 / 038-63865513。前台多语言服务，支持行李寄存。酒店内有健身房和洗衣房，住客免费使用。距车站步行 5 分钟，交通便利。	C036
1559	柏曼精品酒店	地址：内江和平路218号（资中）。联系电话：135-19010409。设有地下停车场与充电桩。距车站步行 5 分钟，交通便利。酒店内有健身房和洗衣房，住客免费使用。	C036
1560	雅致国际酒店	地址：株洲解放路333号（株洲）。联系电话：184-10499330 / 040-74925701。前台多语言服务，支持行李寄存。酒店内有健身房和洗衣房，住客免费使用。设有地下停车场与充电桩。	C157
1561	花筑大酒店	地址：株洲和平路271号（株洲）。联系电话：150-86982836 / 158-13846260。前台多语言服务，支持行李寄存。部分房型可俯瞰城市天际线。提供高速 Wi‑Fi 及 24 小时热水。设有地下停车场与充电桩。	C157
1562	丽枫酒店	地址：株洲建设路259号（株洲）。联系电话：155-44609108 / 137-22611078。酒店内有健身房和洗衣房，住客免费使用。部分房型可俯瞰城市天际线。提供高速 Wi‑Fi 及 24 小时热水。可手机自助入住，无接触开门。	C157
1563	雅致大酒店	地址：枣庄和平路336号（枣庄西）。联系电话：049-48237438。可手机自助入住，无接触开门。酒店内有健身房和洗衣房，住客免费使用。距车站步行 5 分钟，交通便利。	C155
1564	沐兰度假酒店	地址：枣庄解放路100号（枣庄西）。联系电话：133-45404521。含自助早餐，菜品丰富。距车站步行 5 分钟，交通便利。设有地下停车场与充电桩。	C155
1565	柏栎精品酒店	地址：齐齐哈尔迎宾大道84号（昂昂溪）。联系电话：035-20421451 / 025-57571770。部分房型可俯瞰城市天际线。周边 500 米内即是商场与美食街。前台多语言服务，支持行李寄存。距车站步行 5 分钟，交通便利。	C314
1566	楠舍宾馆	地址：齐齐哈尔人民大道268号（昂昂溪）。联系电话：046-53176250。提供高速 Wi‑Fi 及 24 小时热水。可手机自助入住，无接触开门。	C314
1567	云栖宾馆	地址：齐齐哈尔人民大道288号（昂昂溪）。联系电话：048-64301474 / 031-79865462。部分房型可俯瞰城市天际线。前台多语言服务，支持行李寄存。	C314
1568	丽枫精品酒店	地址：哈尔滨朝阳街397号（阿城）。联系电话：022-76043386。部分房型可俯瞰城市天际线。设有地下停车场与充电桩。距车站步行 5 分钟，交通便利。	C066
1569	丽枫精品酒店	地址：哈尔滨迎宾大道68号（阿城）。联系电话：037-63387890 / 159-18316991。周边 500 米内即是商场与美食街。酒店内有健身房和洗衣房，住客免费使用。距车站步行 5 分钟，交通便利。设有地下停车场与充电桩。	C066
1570	雅致大酒店	地址：安达人民大道16号（安达）。联系电话：010-35590317。设有地下停车场与充电桩。距车站步行 5 分钟，交通便利。周边 500 米内即是商场与美食街。含自助早餐，菜品丰富。	C225
1571	璞丽国际酒店	地址：安达朝阳街266号（安达）。联系电话：057-84309382 / 020-62645748。酒店内有健身房和洗衣房，住客免费使用。部分房型可俯瞰城市天际线。提供高速 Wi‑Fi 及 24 小时热水。	C225
1572	柏曼宾馆	地址：成都和平路365号（安德）。联系电话：041-72965151 / 013-27141555。距车站步行 5 分钟，交通便利。酒店内有健身房和洗衣房，住客免费使用。可手机自助入住，无接触开门。部分房型可俯瞰城市天际线。	C128
1573	桔子宾馆	地址：成都朝阳街381号（安德）。联系电话：039-33572877 / 042-82632517。周边 500 米内即是商场与美食街。可手机自助入住，无接触开门。	C128
1574	雅致酒店	地址：成都朝阳街213号（安德）。联系电话：138-64067118。提供高速 Wi‑Fi 及 24 小时热水。周边 500 米内即是商场与美食街。部分房型可俯瞰城市天际线。	C128
1575	花筑宾馆	地址：成都迎宾大道199号（安德）。联系电话：050-33928280。提供高速 Wi‑Fi 及 24 小时热水。酒店内有健身房和洗衣房，住客免费使用。含自助早餐，菜品丰富。	C128
1576	花筑度假酒店	地址：北京建设路143号（安定）。联系电话：028-29941724。客房配备记忆棉床垫，保证舒适睡眠。提供高速 Wi‑Fi 及 24 小时热水。	C039
1577	璞丽酒店	地址：北京解放路370号（安定）。联系电话：134-62731275。可手机自助入住，无接触开门。前台多语言服务，支持行李寄存。	C039
1578	雅致国际酒店	地址：北京朝阳街48号（安定）。联系电话：014-47203731。设有地下停车场与充电桩。距车站步行 5 分钟，交通便利。	C039
1579	柏曼酒店	地址：安多县人民大道226号（安多）。联系电话：191-27279250。提供高速 Wi‑Fi 及 24 小时热水。可手机自助入住，无接触开门。距车站步行 5 分钟，交通便利。前台多语言服务，支持行李寄存。	C264
1580	云栖大酒店	地址：安多县人民大道221号（安多）。联系电话：017-59567151 / 135-12263930。距车站步行 5 分钟，交通便利。提供高速 Wi‑Fi 及 24 小时热水。设有地下停车场与充电桩。	C264
1581	月光度假酒店	地址：安多县解放路139号（安多）。联系电话：192-67810417。设有地下停车场与充电桩。周边 500 米内即是商场与美食街。前台多语言服务，支持行李寄存。	C264
1582	月光精品酒店	地址：大安人民大道358号（安广）。联系电话：052-65144440。含自助早餐，菜品丰富。客房配备记忆棉床垫，保证舒适睡眠。周边 500 米内即是商场与美食街。	C211
1583	枫叶国际酒店	地址：大安人民大道217号（安广）。联系电话：158-74134408。酒店内有健身房和洗衣房，住客免费使用。可手机自助入住，无接触开门。周边 500 米内即是商场与美食街。含自助早餐，菜品丰富。	C211
1584	雅致精品酒店	地址：大安和平路387号（安广）。联系电话：182-73664381。部分房型可俯瞰城市天际线。距车站步行 5 分钟，交通便利。	C211
1585	星程宾馆	地址：大安人民大道306号（安广）。联系电话：027-24898914。客房配备记忆棉床垫，保证舒适睡眠。前台多语言服务，支持行李寄存。设有地下停车场与充电桩。距车站步行 5 分钟，交通便利。	C211
1586	梅园度假酒店	地址：赤峰人民大道118号（敖汉）。联系电话：192-86848577 / 192-76150812。客房配备记忆棉床垫，保证舒适睡眠。前台多语言服务，支持行李寄存。部分房型可俯瞰城市天际线。含自助早餐，菜品丰富。	C253
1587	雅致国际酒店	地址：赤峰迎宾大道217号（敖汉）。联系电话：184-93547986 / 196-78055149。前台多语言服务，支持行李寄存。部分房型可俯瞰城市天际线。周边 500 米内即是商场与美食街。	C253
1588	枫叶国际酒店	地址：赤峰建设路36号（敖汉）。联系电话：185-52988383。部分房型可俯瞰城市天际线。前台多语言服务，支持行李寄存。	C253
1589	雅致度假酒店	地址：涞源县中心路78号（艾河）。联系电话：150-57488536。可手机自助入住，无接触开门。前台多语言服务，支持行李寄存。	C027
1590	楠舍大酒店	地址：涞源县和平路26号（艾河）。联系电话：154-18650925 / 139-89640258。部分房型可俯瞰城市天际线。客房配备记忆棉床垫，保证舒适睡眠。前台多语言服务，支持行李寄存。含自助早餐，菜品丰富。	C027
1591	璞丽酒店	地址：益阳解放路389号（安化）。联系电话：183-57787149。可手机自助入住，无接触开门。前台多语言服务，支持行李寄存。距车站步行 5 分钟，交通便利。	C215
1592	花筑酒店	地址：益阳朝阳街34号（安化）。联系电话：139-11859780。设有地下停车场与充电桩。可手机自助入住，无接触开门。含自助早餐，菜品丰富。部分房型可俯瞰城市天际线。	C215
1593	锦江大酒店	地址：益阳解放路284号（安化）。联系电话：036-61394304。酒店内有健身房和洗衣房，住客免费使用。距车站步行 5 分钟，交通便利。客房配备记忆棉床垫，保证舒适睡眠。	C215
1594	悦榕精品酒店	地址：同心县人民大道48号（艾家村）。联系电话：049-44585827 / 015-75425926。周边 500 米内即是商场与美食街。可手机自助入住，无接触开门。客房配备记忆棉床垫，保证舒适睡眠。	C058
1595	桔子大酒店	地址：同心县中心路156号（艾家村）。联系电话：137-32765661。周边 500 米内即是商场与美食街。含自助早餐，菜品丰富。	C058
1596	悦榕精品酒店	地址：五常中心路353号（安家）。联系电话：194-69227101 / 182-35045386。周边 500 米内即是商场与美食街。可手机自助入住，无接触开门。部分房型可俯瞰城市天际线。提供高速 Wi‑Fi 及 24 小时热水。	C066
1597	柏栎酒店	地址：五常建设路80号（安家）。联系电话：054-71940251 / 052-76109939。提供高速 Wi‑Fi 及 24 小时热水。含自助早餐，菜品丰富。	C066
1598	丽枫精品酒店	地址：阜新蒙古族自治县迎宾大道253号（阿金）。联系电话：130-15916121。提供高速 Wi‑Fi 及 24 小时热水。可手机自助入住，无接触开门。	C286
1599	柏曼宾馆	地址：阜新蒙古族自治县解放路40号（阿金）。联系电话：019-45893593。距车站步行 5 分钟，交通便利。客房配备记忆棉床垫，保证舒适睡眠。含自助早餐，菜品丰富。	C286
1600	锦江精品酒店	地址：阜新蒙古族自治县解放路49号（阿金）。联系电话：041-89445395。客房配备记忆棉床垫，保证舒适睡眠。前台多语言服务，支持行李寄存。含自助早餐，菜品丰富。	C286
1601	锦江国际酒店	地址：成都解放路327号（安靖）。联系电话：153-76319145 / 133-83751620。可手机自助入住，无接触开门。酒店内有健身房和洗衣房，住客免费使用。距车站步行 5 分钟，交通便利。	C128
1602	月光酒店	地址：成都建设路147号（安靖）。联系电话：059-51487337。周边 500 米内即是商场与美食街。前台多语言服务，支持行李寄存。	C128
1603	星程大酒店	地址：成都中心路177号（安靖）。联系电话：192-23766483 / 034-51627409。酒店内有健身房和洗衣房，住客免费使用。设有地下停车场与充电桩。可手机自助入住，无接触开门。	C128
1604	云栖宾馆	地址：成都中心路227号（安靖）。联系电话：191-25739285。周边 500 米内即是商场与美食街。可手机自助入住，无接触开门。	C128
1605	悦榕酒店	地址：阿克陶县人民大道369号（阿克陶）。联系电话：039-47339234。客房配备记忆棉床垫，保证舒适睡眠。周边 500 米内即是商场与美食街。可手机自助入住，无接触开门。	C030
1606	桔子酒店	地址：阿克陶县朝阳街118号（阿克陶）。联系电话：133-18804581。可手机自助入住，无接触开门。前台多语言服务，支持行李寄存。含自助早餐，菜品丰富。周边 500 米内即是商场与美食街。	C030
1607	柏曼酒店	地址：华亭县中心路30号（安口窑）。联系电话：181-68255143 / 155-15055482。提供高速 Wi‑Fi 及 24 小时热水。距车站步行 5 分钟，交通便利。酒店内有健身房和洗衣房，住客免费使用。	C108
1608	梅园酒店	地址：华亭县中心路149号（安口窑）。联系电话：038-61321931 / 042-52958181。设有地下停车场与充电桩。周边 500 米内即是商场与美食街。酒店内有健身房和洗衣房，住客免费使用。客房配备记忆棉床垫，保证舒适睡眠。	C108
1609	梅园度假酒店	地址：华亭县和平路302号（安口窑）。联系电话：189-20358114 / 044-89271110。设有地下停车场与充电桩。部分房型可俯瞰城市天际线。	C108
1610	梅园大酒店	地址：科尔沁左翼中旗中心路93号（敖力布告）。联系电话：185-72319838。周边 500 米内即是商场与美食街。酒店内有健身房和洗衣房，住客免费使用。	C260
1611	锦江酒店	地址：科尔沁左翼中旗人民大道366号（敖力布告）。联系电话：038-67352601 / 046-72000240。客房配备记忆棉床垫，保证舒适睡眠。周边 500 米内即是商场与美食街。含自助早餐，菜品丰富。前台多语言服务，支持行李寄存。	C260
1612	璞丽宾馆	地址：科尔沁左翼中旗人民大道240号（敖力布告）。联系电话：130-84403292。含自助早餐，菜品丰富。周边 500 米内即是商场与美食街。酒店内有健身房和洗衣房，住客免费使用。	C260
1613	星程大酒店	地址：黔西南布依族苗族自治州建设路306号（安龙）。联系电话：046-24329213 / 187-76196041。前台多语言服务，支持行李寄存。含自助早餐，菜品丰富。周边 500 米内即是商场与美食街。	C313
1614	柏曼酒店	地址：黔西南布依族苗族自治州和平路274号（安龙）。联系电话：152-28246306 / 041-76348782。部分房型可俯瞰城市天际线。设有地下停车场与充电桩。可手机自助入住，无接触开门。	C313
1615	沐兰国际酒店	地址：黔西南布依族苗族自治州人民大道278号（安龙）。联系电话：050-23993885 / 138-89544611。前台多语言服务，支持行李寄存。酒店内有健身房和洗衣房，住客免费使用。	C313
1616	碧桂大酒店	地址：黔西南布依族苗族自治州解放路67号（安龙）。联系电话：190-41451098。可手机自助入住，无接触开门。设有地下停车场与充电桩。	C313
1617	璞丽酒店	地址：根河解放路210号（阿龙山）。联系电话：183-25895554。可手机自助入住，无接触开门。前台多语言服务，支持行李寄存。距车站步行 5 分钟，交通便利。含自助早餐，菜品丰富。	C060
1618	桔子宾馆	地址：根河中心路175号（阿龙山）。联系电话：020-63970627。提供高速 Wi‑Fi 及 24 小时热水。前台多语言服务，支持行李寄存。可手机自助入住，无接触开门。周边 500 米内即是商场与美食街。	C060
1619	梅园度假酒店	地址：根河朝阳街260号（阿龙山）。联系电话：152-93922608 / 191-68512102。距车站步行 5 分钟，交通便利。提供高速 Wi‑Fi 及 24 小时热水。客房配备记忆棉床垫，保证舒适睡眠。	C060
1620	桔子大酒店	地址：根河人民大道117号（阿龙山）。联系电话：026-61790005 / 134-38069680。距车站步行 5 分钟，交通便利。周边 500 米内即是商场与美食街。含自助早餐，菜品丰富。前台多语言服务，支持行李寄存。	C060
1621	悦榕宾馆	地址：安陆和平路60号（安陆）。联系电话：132-88382946。部分房型可俯瞰城市天际线。客房配备记忆棉床垫，保证舒适睡眠。	C086
1622	柏曼大酒店	地址：安陆人民大道312号（安陆）。联系电话：197-20601899 / 186-66563652。提供高速 Wi‑Fi 及 24 小时热水。前台多语言服务，支持行李寄存。可手机自助入住，无接触开门。	C086
1623	沐兰国际酒店	地址：漠河县和平路318号（阿木尔）。联系电话：152-26742963 / 134-73460559。周边 500 米内即是商场与美食街。含自助早餐，菜品丰富。部分房型可俯瞰城市天际线。	C076
1624	碧桂宾馆	地址：漠河县建设路126号（阿木尔）。联系电话：035-45961664 / 041-80565586。可手机自助入住，无接触开门。含自助早餐，菜品丰富。周边 500 米内即是商场与美食街。客房配备记忆棉床垫，保证舒适睡眠。	C076
1625	璞丽宾馆	地址：漠河县和平路162号（阿木尔）。联系电话：033-88301300 / 136-47894247。提供高速 Wi‑Fi 及 24 小时热水。可手机自助入住，无接触开门。	C076
1626	楠舍酒店	地址：禄丰县解放路175号（阿南庄）。联系电话：195-54930430。含自助早餐，菜品丰富。提供高速 Wi‑Fi 及 24 小时热水。	C161
1627	枫叶精品酒店	地址：禄丰县中心路279号（阿南庄）。联系电话：194-50568778 / 151-12319993。客房配备记忆棉床垫，保证舒适睡眠。提供高速 Wi‑Fi 及 24 小时热水。	C161
1628	柏曼酒店	地址：禄丰县朝阳街391号（阿南庄）。联系电话：180-33326874。酒店内有健身房和洗衣房，住客免费使用。客房配备记忆棉床垫，保证舒适睡眠。前台多语言服务，支持行李寄存。距车站步行 5 分钟，交通便利。	C161
1629	雅致国际酒店	地址：怀宁县迎宾大道306号（安庆西）。联系电话：133-43185923。可手机自助入住，无接触开门。含自助早餐，菜品丰富。提供高速 Wi‑Fi 及 24 小时热水。周边 500 米内即是商场与美食街。	C089
1630	桔子大酒店	地址：怀宁县解放路167号（安庆西）。联系电话：191-42968925。距车站步行 5 分钟，交通便利。设有地下停车场与充电桩。酒店内有健身房和洗衣房，住客免费使用。含自助早餐，菜品丰富。	C089
1631	云栖度假酒店	地址：怀宁县和平路105号（安庆西）。联系电话：196-60744283。前台多语言服务，支持行李寄存。含自助早餐，菜品丰富。	C089
1632	枫叶精品酒店	地址：鞍山人民大道169号（鞍山西）。联系电话：180-34383164。可手机自助入住，无接触开门。设有地下停车场与充电桩。	C298
1633	雅致度假酒店	地址：鞍山人民大道118号（鞍山西）。联系电话：032-71326134 / 047-36417436。含自助早餐，菜品丰富。提供高速 Wi‑Fi 及 24 小时热水。部分房型可俯瞰城市天际线。	C298
1634	悦榕酒店	地址：鞍山解放路328号（鞍山西）。联系电话：049-70754493 / 058-88843703。设有地下停车场与充电桩。距车站步行 5 分钟，交通便利。可手机自助入住，无接触开门。前台多语言服务，支持行李寄存。	C298
1635	碧桂度假酒店	地址：鞍山迎宾大道14号（鞍山西）。联系电话：131-98599948 / 184-17741780。前台多语言服务，支持行李寄存。设有地下停车场与充电桩。距车站步行 5 分钟，交通便利。可手机自助入住，无接触开门。	C298
1636	桔子精品酒店	地址：岢岚县朝阳街19号（安塘）。联系电话：159-42726420 / 135-11532127。提供高速 Wi‑Fi 及 24 小时热水。可手机自助入住，无接触开门。周边 500 米内即是商场与美食街。距车站步行 5 分钟，交通便利。	C124
1637	梅园国际酒店	地址：岢岚县朝阳街389号（安塘）。联系电话：056-87835681。提供高速 Wi‑Fi 及 24 小时热水。酒店内有健身房和洗衣房，住客免费使用。可手机自助入住，无接触开门。	C124
1638	柏栎酒店	地址：岢岚县朝阳街191号（安塘）。联系电话：152-29405121 / 197-61965698。提供高速 Wi‑Fi 及 24 小时热水。可手机自助入住，无接触开门。	C124
1639	楠舍度假酒店	地址：岢岚县和平路333号（安塘）。联系电话：015-86666327。周边 500 米内即是商场与美食街。含自助早餐，菜品丰富。客房配备记忆棉床垫，保证舒适睡眠。距车站步行 5 分钟，交通便利。	C124
1640	碧桂度假酒店	地址：上海解放路94号（安亭北）。联系电话：192-73770909 / 053-73893752。客房配备记忆棉床垫，保证舒适睡眠。酒店内有健身房和洗衣房，住客免费使用。	C005
1641	锦江度假酒店	地址：上海朝阳街99号（安亭北）。联系电话：034-78718695 / 049-83579771。前台多语言服务，支持行李寄存。距车站步行 5 分钟，交通便利。客房配备记忆棉床垫，保证舒适睡眠。	C005
1642	云栖酒店	地址：上海解放路101号（安亭北）。联系电话：152-34260713。距车站步行 5 分钟，交通便利。含自助早餐，菜品丰富。周边 500 米内即是商场与美食街。	C005
1643	柏栎精品酒店	地址：上海解放路357号（安亭北）。联系电话：040-82978165。可手机自助入住，无接触开门。设有地下停车场与充电桩。	C005
1644	楠舍大酒店	地址：阿图什迎宾大道140号（阿图什）。联系电话：039-88020212 / 196-13695656。客房配备记忆棉床垫，保证舒适睡眠。前台多语言服务，支持行李寄存。	C030
1645	柏曼度假酒店	地址：阿图什中心路129号（阿图什）。联系电话：015-50560363。含自助早餐，菜品丰富。设有地下停车场与充电桩。周边 500 米内即是商场与美食街。可手机自助入住，无接触开门。	C030
1646	柏曼精品酒店	地址：阿图什人民大道394号（阿图什）。联系电话：012-88225506。设有地下停车场与充电桩。提供高速 Wi‑Fi 及 24 小时热水。	C030
1647	楠舍精品酒店	地址：阿图什中心路312号（阿图什）。联系电话：035-59938835。提供高速 Wi‑Fi 及 24 小时热水。周边 500 米内即是商场与美食街。部分房型可俯瞰城市天际线。可手机自助入住，无接触开门。	C030
1648	柏曼宾馆	地址：安图县和平路361号（安图）。联系电话：032-81388849。部分房型可俯瞰城市天际线。前台多语言服务，支持行李寄存。	C116
1649	桔子宾馆	地址：安图县迎宾大道131号（安图）。联系电话：194-60784436 / 048-73729497。距车站步行 5 分钟，交通便利。提供高速 Wi‑Fi 及 24 小时热水。客房配备记忆棉床垫，保证舒适睡眠。部分房型可俯瞰城市天际线。	C116
1650	碧桂国际酒店	地址：安图县朝阳街329号（安图）。联系电话：134-86138879。周边 500 米内即是商场与美食街。酒店内有健身房和洗衣房，住客免费使用。距车站步行 5 分钟，交通便利。	C116
1651	花筑大酒店	地址：安图县和平路87号（安图）。联系电话：130-83813678 / 026-35781562。提供高速 Wi‑Fi 及 24 小时热水。含自助早餐，菜品丰富。	C116
1652	云栖国际酒店	地址：安溪县迎宾大道368号（安溪）。联系电话：158-50204095 / 052-49439219。前台多语言服务，支持行李寄存。可手机自助入住，无接触开门。	C176
1653	璞丽精品酒店	地址：安溪县人民大道67号（安溪）。联系电话：027-59406853。可手机自助入住，无接触开门。含自助早餐，菜品丰富。	C176
1654	雅致度假酒店	地址：安溪县人民大道345号（安溪）。联系电话：029-34385872 / 021-73567633。设有地下停车场与充电桩。提供高速 Wi‑Fi 及 24 小时热水。含自助早餐，菜品丰富。周边 500 米内即是商场与美食街。	C176
1655	沐兰宾馆	地址：安溪县中心路54号（安溪）。联系电话：043-38726573 / 159-56000049。提供高速 Wi‑Fi 及 24 小时热水。前台多语言服务，支持行李寄存。	C176
1656	悦榕度假酒店	地址：琼海中心路314号（博鳌）。联系电话：026-41785344 / 188-23124162。部分房型可俯瞰城市天际线。距车站步行 5 分钟，交通便利。前台多语言服务，支持行李寄存。	C319
1657	柏曼精品酒店	地址：琼海解放路293号（博鳌）。联系电话：034-34760626。部分房型可俯瞰城市天际线。提供高速 Wi‑Fi 及 24 小时热水。含自助早餐，菜品丰富。酒店内有健身房和洗衣房，住客免费使用。	C319
1658	梅园大酒店	地址：琼海人民大道63号（博鳌）。联系电话：035-28716793 / 027-21240884。提供高速 Wi‑Fi 及 24 小时热水。客房配备记忆棉床垫，保证舒适睡眠。含自助早餐，菜品丰富。	C319
1659	丽枫度假酒店	地址：重庆中心路60号（北碚）。联系电话：024-73970682。提供高速 Wi‑Fi 及 24 小时热水。客房配备记忆棉床垫，保证舒适睡眠。部分房型可俯瞰城市天际线。	C272
1660	花筑精品酒店	地址：重庆和平路123号（北碚）。联系电话：190-86710882 / 052-38998275。部分房型可俯瞰城市天际线。可手机自助入住，无接触开门。设有地下停车场与充电桩。客房配备记忆棉床垫，保证舒适睡眠。	C272
1661	星程精品酒店	地址：重庆解放路278号（北碚）。联系电话：182-66507368 / 014-85980675。客房配备记忆棉床垫，保证舒适睡眠。周边 500 米内即是商场与美食街。设有地下停车场与充电桩。提供高速 Wi‑Fi 及 24 小时热水。	C272
1662	星程精品酒店	地址：重庆人民大道82号（北碚）。联系电话：188-97390032 / 193-19953645。含自助早餐，菜品丰富。部分房型可俯瞰城市天际线。客房配备记忆棉床垫，保证舒适睡眠。	C272
1663	楠舍精品酒店	地址：孝义迎宾大道239号（白壁关）。联系电话：187-26634065 / 021-82898066。提供高速 Wi‑Fi 及 24 小时热水。前台多语言服务，支持行李寄存。	C057
1664	丽枫国际酒店	地址：孝义朝阳街96号（白壁关）。联系电话：155-34464136 / 136-67920055。酒店内有健身房和洗衣房，住客免费使用。含自助早餐，菜品丰富。	C057
1665	雅致国际酒店	地址：孝义和平路197号（白壁关）。联系电话：040-85373479 / 157-75112544。前台多语言服务，支持行李寄存。酒店内有健身房和洗衣房，住客免费使用。周边 500 米内即是商场与美食街。距车站步行 5 分钟，交通便利。	C057
1666	月光酒店	地址：孝义人民大道296号（白壁关）。联系电话：022-63295622 / 039-76434101。提供高速 Wi‑Fi 及 24 小时热水。周边 500 米内即是商场与美食街。	C057
1667	锦江宾馆	地址：蚌埠人民大道339号（蚌埠南）。联系电话：130-91463517 / 192-56176529。部分房型可俯瞰城市天际线。距车站步行 5 分钟，交通便利。客房配备记忆棉床垫，保证舒适睡眠。设有地下停车场与充电桩。	C240
1668	云栖大酒店	地址：蚌埠人民大道196号（蚌埠南）。联系电话：016-51254344。含自助早餐，菜品丰富。部分房型可俯瞰城市天际线。提供高速 Wi‑Fi 及 24 小时热水。距车站步行 5 分钟，交通便利。	C240
1669	梅园精品酒店	地址：蚌埠和平路10号（蚌埠南）。联系电话：010-87523405 / 189-69777945。部分房型可俯瞰城市天际线。酒店内有健身房和洗衣房，住客免费使用。提供高速 Wi‑Fi 及 24 小时热水。周边 500 米内即是商场与美食街。	C240
1670	璞丽宾馆	地址：巴楚县和平路386号（巴楚）。联系电话：019-34820256 / 199-56475161。含自助早餐，菜品丰富。客房配备记忆棉床垫，保证舒适睡眠。前台多语言服务，支持行李寄存。	C070
1671	锦江宾馆	地址：巴楚县迎宾大道352号（巴楚）。联系电话：013-68264333。含自助早餐，菜品丰富。设有地下停车场与充电桩。前台多语言服务，支持行李寄存。部分房型可俯瞰城市天际线。	C070
1672	梅园国际酒店	地址：巴楚县解放路87号（巴楚）。联系电话：152-28028451 / 014-57466144。部分房型可俯瞰城市天际线。客房配备记忆棉床垫，保证舒适睡眠。提供高速 Wi‑Fi 及 24 小时热水。设有地下停车场与充电桩。	C070
1673	楠舍国际酒店	地址：涞水县解放路86号（板城）。联系电话：032-70689610 / 131-12239709。酒店内有健身房和洗衣房，住客免费使用。含自助早餐，菜品丰富。周边 500 米内即是商场与美食街。距车站步行 5 分钟，交通便利。	C027
1674	柏栎度假酒店	地址：涞水县和平路256号（板城）。联系电话：130-71322362 / 183-71632178。可手机自助入住，无接触开门。客房配备记忆棉床垫，保证舒适睡眠。距车站步行 5 分钟，交通便利。	C027
1675	梅园宾馆	地址：秦皇岛和平路167号（北戴河）。联系电话：184-14818346。酒店内有健身房和洗衣房，住客免费使用。前台多语言服务，支持行李寄存。距车站步行 5 分钟，交通便利。	C222
1676	锦江度假酒店	地址：秦皇岛人民大道15号（北戴河）。联系电话：194-37223419。酒店内有健身房和洗衣房，住客免费使用。可手机自助入住，无接触开门。部分房型可俯瞰城市天际线。	C222
1677	悦榕精品酒店	地址：秦皇岛朝阳街141号（北戴河）。联系电话：191-76677529 / 189-15173969。可手机自助入住，无接触开门。设有地下停车场与充电桩。部分房型可俯瞰城市天际线。酒店内有健身房和洗衣房，住客免费使用。	C222
1678	璞丽国际酒店	地址：秦皇岛迎宾大道59号（北戴河）。联系电话：187-21476863 / 028-37471338。酒店内有健身房和洗衣房，住客免费使用。距车站步行 5 分钟，交通便利。部分房型可俯瞰城市天际线。	C222
1679	桔子国际酒店	地址：保定中心路244号（保定）。联系电话：022-23619157。酒店内有健身房和洗衣房，住客免费使用。前台多语言服务，支持行李寄存。设有地下停车场与充电桩。	C027
1680	碧桂国际酒店	地址：保定建设路269号（保定）。联系电话：153-42334541。酒店内有健身房和洗衣房，住客免费使用。客房配备记忆棉床垫，保证舒适睡眠。	C027
1681	悦榕精品酒店	地址：保定朝阳街342号（保定）。联系电话：010-33368093。周边 500 米内即是商场与美食街。设有地下停车场与充电桩。	C027
1682	桔子国际酒店	地址：保定中心路198号（保定）。联系电话：038-43244702 / 039-77974103。含自助早餐，菜品丰富。周边 500 米内即是商场与美食街。酒店内有健身房和洗衣房，住客免费使用。	C027
1683	月光度假酒店	地址：天津朝阳街163号（宝坻）。联系电话：157-12279132 / 043-79791452。酒店内有健身房和洗衣房，住客免费使用。部分房型可俯瞰城市天际线。	C082
1684	云栖度假酒店	地址：天津迎宾大道292号（宝坻）。联系电话：040-55279589 / 188-17645610。客房配备记忆棉床垫，保证舒适睡眠。周边 500 米内即是商场与美食街。可手机自助入住，无接触开门。酒店内有健身房和洗衣房，住客免费使用。	C082
1685	月光宾馆	地址：天津建设路40号（宝坻）。联系电话：013-69030147 / 187-78668374。酒店内有健身房和洗衣房，住客免费使用。客房配备记忆棉床垫，保证舒适睡眠。	C082
1686	柏栎大酒店	地址：北京建设路99号（八达岭）。联系电话：150-24670827。周边 500 米内即是商场与美食街。可手机自助入住，无接触开门。	C039
1687	雅致度假酒店	地址：北京朝阳街91号（八达岭）。联系电话：192-45710406。酒店内有健身房和洗衣房，住客免费使用。含自助早餐，菜品丰富。可手机自助入住，无接触开门。周边 500 米内即是商场与美食街。	C039
1688	星程宾馆	地址：北京建设路355号（八达岭）。联系电话：029-61306300 / 136-65502104。部分房型可俯瞰城市天际线。客房配备记忆棉床垫，保证舒适睡眠。距车站步行 5 分钟，交通便利。	C039
1689	碧桂度假酒店	地址：巴东县解放路33号（巴东）。联系电话：017-75402383 / 023-47594072。可手机自助入住，无接触开门。提供高速 Wi‑Fi 及 24 小时热水。	C126
1690	梅园酒店	地址：巴东县迎宾大道220号（巴东）。联系电话：018-41443299。距车站步行 5 分钟，交通便利。可手机自助入住，无接触开门。前台多语言服务，支持行李寄存。	C126
1691	柏栎酒店	地址：巴东县中心路80号（巴东）。联系电话：018-66893204 / 014-31021339。提供高速 Wi‑Fi 及 24 小时热水。部分房型可俯瞰城市天际线。前台多语言服务，支持行李寄存。	C126
1692	悦榕酒店	地址：宝丰县迎宾大道82号（宝丰）。联系电话：026-85788700。部分房型可俯瞰城市天际线。前台多语言服务，支持行李寄存。	C109
1693	雅致国际酒店	地址：宝丰县人民大道370号（宝丰）。联系电话：053-23662273。酒店内有健身房和洗衣房，住客免费使用。部分房型可俯瞰城市天际线。客房配备记忆棉床垫，保证舒适睡眠。	C109
1694	丽枫酒店	地址：盘州解放路186号（柏果）。联系电话：021-26073538。设有地下停车场与充电桩。客房配备记忆棉床垫，保证舒适睡眠。提供高速 Wi‑Fi 及 24 小时热水。	C033
1695	枫叶国际酒店	地址：盘州和平路264号（柏果）。联系电话：181-30224431。设有地下停车场与充电桩。提供高速 Wi‑Fi 及 24 小时热水。前台多语言服务，支持行李寄存。可手机自助入住，无接触开门。	C033
1696	楠舍宾馆	地址：德惠迎宾大道227号（布海）。联系电话：189-61076031。前台多语言服务，支持行李寄存。可手机自助入住，无接触开门。周边 500 米内即是商场与美食街。	C283
1697	桔子度假酒店	地址：德惠和平路61号（布海）。联系电话：015-33549658 / 156-44219650。设有地下停车场与充电桩。周边 500 米内即是商场与美食街。	C283
1698	柏曼度假酒店	地址：白河县迎宾大道174号（白河东）。联系电话：044-30104408 / 155-18471953。可手机自助入住，无接触开门。提供高速 Wi‑Fi 及 24 小时热水。客房配备记忆棉床垫，保证舒适睡眠。部分房型可俯瞰城市天际线。	C090
1699	沐兰宾馆	地址：白河县解放路69号（白河东）。联系电话：135-67762898。提供高速 Wi‑Fi 及 24 小时热水。前台多语言服务，支持行李寄存。	C090
1700	花筑大酒店	地址：白河县建设路342号（白河东）。联系电话：155-70648697 / 155-55551759。酒店内有健身房和洗衣房，住客免费使用。含自助早餐，菜品丰富。距车站步行 5 分钟，交通便利。	C090
1701	楠舍宾馆	地址：白河县人民大道381号（白河东）。联系电话：195-24559043。提供高速 Wi‑Fi 及 24 小时热水。可手机自助入住，无接触开门。设有地下停车场与充电桩。客房配备记忆棉床垫，保证舒适睡眠。	C090
1702	楠舍宾馆	地址：察哈尔右翼后旗解放路230号（贲红）。联系电话：025-28641676。含自助早餐，菜品丰富。设有地下停车场与充电桩。客房配备记忆棉床垫，保证舒适睡眠。	C016
1703	星程大酒店	地址：察哈尔右翼后旗人民大道19号（贲红）。联系电话：182-74313579 / 155-62684579。周边 500 米内即是商场与美食街。酒店内有健身房和洗衣房，住客免费使用。距车站步行 5 分钟，交通便利。	C016
1704	云栖酒店	地址：察哈尔右翼后旗中心路352号（贲红）。联系电话：055-60564843。前台多语言服务，支持行李寄存。可手机自助入住，无接触开门。	C016
1705	雅致大酒店	地址：句容解放路7号（宝华山）。联系电话：034-81209339。客房配备记忆棉床垫，保证舒适睡眠。设有地下停车场与充电桩。部分房型可俯瞰城市天际线。	C282
1706	梅园精品酒店	地址：句容朝阳街22号（宝华山）。联系电话：189-29675743。提供高速 Wi‑Fi 及 24 小时热水。距车站步行 5 分钟，交通便利。	C282
1707	星程大酒店	地址：白河县建设路331号（白河县）。联系电话：150-90128021。部分房型可俯瞰城市天际线。前台多语言服务，支持行李寄存。距车站步行 5 分钟，交通便利。设有地下停车场与充电桩。	C090
1708	丽枫度假酒店	地址：白河县和平路202号（白河县）。联系电话：194-51431473。含自助早餐，菜品丰富。前台多语言服务，支持行李寄存。	C090
1709	碧桂宾馆	地址：白河县和平路354号（白河县）。联系电话：044-27983185。客房配备记忆棉床垫，保证舒适睡眠。前台多语言服务，支持行李寄存。部分房型可俯瞰城市天际线。	C090
1710	丽枫宾馆	地址：石嘴山中心路170号（白芨沟）。联系电话：052-51402859 / 197-90991042。前台多语言服务，支持行李寄存。设有地下停车场与充电桩。周边 500 米内即是商场与美食街。	C219
1711	碧桂国际酒店	地址：石嘴山建设路192号（白芨沟）。联系电话：045-58994380。设有地下停车场与充电桩。部分房型可俯瞰城市天际线。	C219
1712	柏曼大酒店	地址：石嘴山人民大道111号（白芨沟）。联系电话：044-22444560 / 191-45895635。提供高速 Wi‑Fi 及 24 小时热水。可手机自助入住，无接触开门。	C219
1713	悦榕精品酒店	地址：昆明解放路219号（碧鸡关）。联系电话：159-88794690。可手机自助入住，无接触开门。周边 500 米内即是商场与美食街。	C142
1714	楠舍精品酒店	地址：昆明和平路334号（碧鸡关）。联系电话：029-33211797 / 042-73561764。部分房型可俯瞰城市天际线。提供高速 Wi‑Fi 及 24 小时热水。周边 500 米内即是商场与美食街。客房配备记忆棉床垫，保证舒适睡眠。	C142
1715	星程精品酒店	地址：佛山建设路56号（北滘）。联系电话：193-20219679。周边 500 米内即是商场与美食街。可手机自助入住，无接触开门。酒店内有健身房和洗衣房，住客免费使用。	C025
1716	沐兰大酒店	地址：佛山和平路65号（北滘）。联系电话：029-40618558 / 048-70268153。前台多语言服务，支持行李寄存。酒店内有健身房和洗衣房，住客免费使用。客房配备记忆棉床垫，保证舒适睡眠。	C025
1717	柏曼国际酒店	地址：佛山建设路135号（北滘）。联系电话：134-96449427。周边 500 米内即是商场与美食街。可手机自助入住，无接触开门。前台多语言服务，支持行李寄存。部分房型可俯瞰城市天际线。	C025
1718	柏栎大酒店	地址：佛山解放路185号（北滘）。联系电话：013-53903536 / 181-38086826。可手机自助入住，无接触开门。酒店内有健身房和洗衣房，住客免费使用。	C025
1719	丽枫国际酒店	地址：佛山中心路38号（碧江）。联系电话：055-36796676。客房配备记忆棉床垫，保证舒适睡眠。可手机自助入住，无接触开门。	C025
1720	花筑酒店	地址：佛山解放路69号（碧江）。联系电话：056-30565108。距车站步行 5 分钟，交通便利。含自助早餐，菜品丰富。周边 500 米内即是商场与美食街。	C025
1721	碧桂酒店	地址：佛山建设路61号（碧江）。联系电话：181-33866410。前台多语言服务，支持行李寄存。可手机自助入住，无接触开门。提供高速 Wi‑Fi 及 24 小时热水。	C025
1722	碧桂国际酒店	地址：水城县人民大道357号（白鸡坡）。联系电话：138-11719514。酒店内有健身房和洗衣房，住客免费使用。含自助早餐，菜品丰富。	C033
1723	璞丽国际酒店	地址：水城县和平路230号（白鸡坡）。联系电话：153-48041308 / 153-12678359。含自助早餐，菜品丰富。前台多语言服务，支持行李寄存。	C033
1724	柏栎酒店	地址：集贤县人民大道324号（笔架山）。联系电话：040-34340067。客房配备记忆棉床垫，保证舒适睡眠。设有地下停车场与充电桩。	C051
1725	柏曼大酒店	地址：集贤县解放路107号（笔架山）。联系电话：181-12408108。周边 500 米内即是商场与美食街。距车站步行 5 分钟，交通便利。提供高速 Wi‑Fi 及 24 小时热水。	C051
1726	柏栎酒店	地址：锦州解放路395号（八角台）。联系电话：193-24775846 / 182-51869100。距车站步行 5 分钟，交通便利。可手机自助入住，无接触开门。提供高速 Wi‑Fi 及 24 小时热水。	C281
1727	云栖度假酒店	地址：锦州解放路302号（八角台）。联系电话：015-31045698 / 131-65761260。距车站步行 5 分钟，交通便利。前台多语言服务，支持行李寄存。	C281
1728	璞丽精品酒店	地址：锦州中心路58号（八角台）。联系电话：057-43614621 / 191-35779602。客房配备记忆棉床垫，保证舒适睡眠。周边 500 米内即是商场与美食街。部分房型可俯瞰城市天际线。距车站步行 5 分钟，交通便利。	C281
1729	沐兰大酒店	地址：科尔沁左翼中旗建设路49号（保康）。联系电话：017-81061810。酒店内有健身房和洗衣房，住客免费使用。周边 500 米内即是商场与美食街。	C260
1730	悦榕宾馆	地址：科尔沁左翼中旗迎宾大道139号（保康）。联系电话：045-30827378。酒店内有健身房和洗衣房，住客免费使用。可手机自助入住，无接触开门。设有地下停车场与充电桩。含自助早餐，菜品丰富。	C260
1731	桔子宾馆	地址：科尔沁左翼中旗迎宾大道191号（保康）。联系电话：012-33380722 / 159-11299546。部分房型可俯瞰城市天际线。设有地下停车场与充电桩。客房配备记忆棉床垫，保证舒适睡眠。	C260
1732	月光大酒店	地址：科尔沁左翼中旗建设路40号（保康）。联系电话：154-69306627。周边 500 米内即是商场与美食街。前台多语言服务，支持行李寄存。	C260
1733	雅致度假酒店	地址：哈尔滨人民大道206号（白奎堡）。联系电话：189-66613675 / 138-48139769。含自助早餐，菜品丰富。设有地下停车场与充电桩。前台多语言服务，支持行李寄存。提供高速 Wi‑Fi 及 24 小时热水。	C066
1734	沐兰宾馆	地址：哈尔滨朝阳街301号（白奎堡）。联系电话：199-20978830。客房配备记忆棉床垫，保证舒适睡眠。含自助早餐，菜品丰富。	C066
1735	柏栎酒店	地址：哈尔滨和平路136号（白奎堡）。联系电话：055-85793967。前台多语言服务，支持行李寄存。部分房型可俯瞰城市天际线。	C066
1736	花筑宾馆	地址：哈尔滨人民大道101号（白奎堡）。联系电话：139-83181607。周边 500 米内即是商场与美食街。距车站步行 5 分钟，交通便利。部分房型可俯瞰城市天际线。设有地下停车场与充电桩。	C066
1737	梅园国际酒店	地址：阿尔山朝阳街195号（白狼）。联系电话：010-67218444 / 033-51673107。设有地下停车场与充电桩。酒店内有健身房和洗衣房，住客免费使用。部分房型可俯瞰城市天际线。	C035
1738	星程度假酒店	地址：阿尔山人民大道352号（白狼）。联系电话：020-62590577。可手机自助入住，无接触开门。提供高速 Wi‑Fi 及 24 小时热水。部分房型可俯瞰城市天际线。客房配备记忆棉床垫，保证舒适睡眠。	C035
1739	月光度假酒店	地址：阿尔山建设路185号（白狼）。联系电话：183-20156090。周边 500 米内即是商场与美食街。部分房型可俯瞰城市天际线。	C035
1740	花筑精品酒店	地址：南宁中心路50号（百浪）。联系电话：033-45037008。可手机自助入住，无接触开门。提供高速 Wi‑Fi 及 24 小时热水。含自助早餐，菜品丰富。客房配备记忆棉床垫，保证舒适睡眠。	C044
1741	枫叶酒店	地址：南宁迎宾大道24号（百浪）。联系电话：197-39804505。设有地下停车场与充电桩。酒店内有健身房和洗衣房，住客免费使用。	C044
1742	柏曼大酒店	地址：南宁中心路224号（百浪）。联系电话：181-36691797。可手机自助入住，无接触开门。部分房型可俯瞰城市天际线。客房配备记忆棉床垫，保证舒适睡眠。前台多语言服务，支持行李寄存。	C044
1743	柏曼大酒店	地址：南宁人民大道39号（百浪）。联系电话：047-54206470 / 196-55133731。前台多语言服务，支持行李寄存。提供高速 Wi‑Fi 及 24 小时热水。	C044
1744	花筑大酒店	地址：博乐朝阳街260号（博乐）。联系电话：193-97590217。部分房型可俯瞰城市天际线。含自助早餐，菜品丰富。设有地下停车场与充电桩。距车站步行 5 分钟，交通便利。	C049
1745	璞丽大酒店	地址：博乐人民大道100号（博乐）。联系电话：198-91385423。周边 500 米内即是商场与美食街。提供高速 Wi‑Fi 及 24 小时热水。部分房型可俯瞰城市天际线。距车站步行 5 分钟，交通便利。	C049
1746	枫叶国际酒店	地址：博乐和平路106号（博乐）。联系电话：024-86679919 / 036-28579458。设有地下停车场与充电桩。提供高速 Wi‑Fi 及 24 小时热水。	C049
1747	枫叶精品酒店	地址：博乐朝阳街286号（博乐）。联系电话：017-66595625。可手机自助入住，无接触开门。酒店内有健身房和洗衣房，住客免费使用。	C049
1748	柏曼国际酒店	地址：察哈尔右翼后旗人民大道241号（宝拉格）。联系电话：186-21397142。部分房型可俯瞰城市天际线。酒店内有健身房和洗衣房，住客免费使用。周边 500 米内即是商场与美食街。	C016
1749	悦榕宾馆	地址：察哈尔右翼后旗朝阳街7号（宝拉格）。联系电话：058-24171858 / 157-16766370。周边 500 米内即是商场与美食街。距车站步行 5 分钟，交通便利。	C016
1750	梅园酒店	地址：察哈尔右翼后旗和平路193号（宝拉格）。联系电话：133-38303307 / 020-32993004。客房配备记忆棉床垫，保证舒适睡眠。含自助早餐，菜品丰富。周边 500 米内即是商场与美食街。酒店内有健身房和洗衣房，住客免费使用。	C016
1751	楠舍宾馆	地址：牙克石建设路179号（巴林）。联系电话：027-20395763 / 134-14586750。周边 500 米内即是商场与美食街。前台多语言服务，支持行李寄存。含自助早餐，菜品丰富。	C060
1752	锦江度假酒店	地址：牙克石朝阳街17号（巴林）。联系电话：056-40514854 / 014-51578076。周边 500 米内即是商场与美食街。含自助早餐，菜品丰富。提供高速 Wi‑Fi 及 24 小时热水。酒店内有健身房和洗衣房，住客免费使用。	C060
1753	花筑酒店	地址：牙克石解放路218号（巴林）。联系电话：033-70571484。提供高速 Wi‑Fi 及 24 小时热水。距车站步行 5 分钟，交通便利。设有地下停车场与充电桩。	C060
1754	月光度假酒店	地址：林口县建设路118号（宝林）。联系电话：016-65331778 / 193-76458973。设有地下停车场与充电桩。客房配备记忆棉床垫，保证舒适睡眠。酒店内有健身房和洗衣房，住客免费使用。提供高速 Wi‑Fi 及 24 小时热水。	C207
1755	碧桂大酒店	地址：林口县人民大道326号（宝林）。联系电话：158-54537224 / 158-76656837。可手机自助入住，无接触开门。部分房型可俯瞰城市天际线。酒店内有健身房和洗衣房，住客免费使用。提供高速 Wi‑Fi 及 24 小时热水。	C207
1756	碧桂大酒店	地址：林口县建设路185号（宝林）。联系电话：133-35364023。酒店内有健身房和洗衣房，住客免费使用。部分房型可俯瞰城市天际线。客房配备记忆棉床垫，保证舒适睡眠。周边 500 米内即是商场与美食街。	C207
1757	雅致精品酒店	地址：北流建设路389号（北流）。联系电话：153-60019682 / 191-64110320。提供高速 Wi‑Fi 及 24 小时热水。客房配备记忆棉床垫，保证舒适睡眠。部分房型可俯瞰城市天际线。	C208
1758	柏栎宾馆	地址：北流建设路70号（北流）。联系电话：187-32546109 / 026-59356265。距车站步行 5 分钟，交通便利。周边 500 米内即是商场与美食街。	C208
1759	楠舍宾馆	地址：勃利县建设路388号（勃利）。联系电话：134-19444347。距车站步行 5 分钟，交通便利。部分房型可俯瞰城市天际线。含自助早餐，菜品丰富。酒店内有健身房和洗衣房，住客免费使用。	C001
1760	云栖度假酒店	地址：勃利县建设路73号（勃利）。联系电话：151-92449518 / 040-85400719。周边 500 米内即是商场与美食街。酒店内有健身房和洗衣房，住客免费使用。设有地下停车场与充电桩。	C001
1761	梅园宾馆	地址：伊宁县迎宾大道323号（布列开）。联系电话：057-53025385 / 137-30560220。前台多语言服务，支持行李寄存。周边 500 米内即是商场与美食街。酒店内有健身房和洗衣房，住客免费使用。	C024
1762	柏曼酒店	地址：伊宁县中心路132号（布列开）。联系电话：057-32383531。客房配备记忆棉床垫，保证舒适睡眠。前台多语言服务，支持行李寄存。部分房型可俯瞰城市天际线。设有地下停车场与充电桩。	C024
1763	悦榕国际酒店	地址：伊宁县朝阳街135号（布列开）。联系电话：185-79914306。酒店内有健身房和洗衣房，住客免费使用。设有地下停车场与充电桩。客房配备记忆棉床垫，保证舒适睡眠。含自助早餐，菜品丰富。	C024
1764	碧桂宾馆	地址：科尔沁左翼后旗人民大道290号（宝龙山）。联系电话：138-57634652 / 046-62301224。酒店内有健身房和洗衣房，住客免费使用。前台多语言服务，支持行李寄存。	C260
1765	碧桂度假酒店	地址：科尔沁左翼后旗朝阳街90号（宝龙山）。联系电话：056-75551288。提供高速 Wi‑Fi 及 24 小时热水。周边 500 米内即是商场与美食街。前台多语言服务，支持行李寄存。	C260
1766	沐兰精品酒店	地址：科尔沁左翼后旗中心路181号（宝龙山）。联系电话：135-85243765 / 130-52752174。可手机自助入住，无接触开门。客房配备记忆棉床垫，保证舒适睡眠。含自助早餐，菜品丰富。	C260
1767	璞丽宾馆	地址：科尔沁左翼后旗和平路223号（宝龙山）。联系电话：138-75149685。酒店内有健身房和洗衣房，住客免费使用。距车站步行 5 分钟，交通便利。	C260
1768	枫叶精品酒店	地址：涞水县人民大道59号（百里峡）。联系电话：025-58621587 / 132-59857510。可手机自助入住，无接触开门。含自助早餐，菜品丰富。客房配备记忆棉床垫，保证舒适睡眠。前台多语言服务，支持行李寄存。	C027
1769	璞丽精品酒店	地址：涞水县迎宾大道362号（百里峡）。联系电话：195-92136166。客房配备记忆棉床垫，保证舒适睡眠。前台多语言服务，支持行李寄存。提供高速 Wi‑Fi 及 24 小时热水。	C027
1770	丽枫酒店	地址：涞水县迎宾大道304号（百里峡）。联系电话：182-70934546。客房配备记忆棉床垫，保证舒适睡眠。酒店内有健身房和洗衣房，住客免费使用。距车站步行 5 分钟，交通便利。	C027
1771	柏曼大酒店	地址：涞水县迎宾大道327号（百里峡）。联系电话：059-86942649。含自助早餐，菜品丰富。周边 500 米内即是商场与美食街。前台多语言服务，支持行李寄存。	C027
1772	云栖大酒店	地址：昌图县中心路238号（八面城）。联系电话：189-27359494 / 029-43102051。可手机自助入住，无接触开门。提供高速 Wi‑Fi 及 24 小时热水。	C276
1773	碧桂酒店	地址：昌图县迎宾大道59号（八面城）。联系电话：049-74200593 / 136-35654269。可手机自助入住，无接触开门。客房配备记忆棉床垫，保证舒适睡眠。	C276
1774	云栖国际酒店	地址：昌图县解放路38号（八面城）。联系电话：043-86971100 / 180-48903643。提供高速 Wi‑Fi 及 24 小时热水。设有地下停车场与充电桩。酒店内有健身房和洗衣房，住客免费使用。客房配备记忆棉床垫，保证舒适睡眠。	C276
1775	花筑精品酒店	地址：昌图县朝阳街49号（八面城）。联系电话：040-86242077。酒店内有健身房和洗衣房，住客免费使用。部分房型可俯瞰城市天际线。设有地下停车场与充电桩。周边 500 米内即是商场与美食街。	C276
1776	云栖酒店	地址：宜良县中心路253号（班猫箐）。联系电话：153-73375238 / 051-73855793。提供高速 Wi‑Fi 及 24 小时热水。酒店内有健身房和洗衣房，住客免费使用。距车站步行 5 分钟，交通便利。	C142
1777	花筑精品酒店	地址：宜良县迎宾大道202号（班猫箐）。联系电话：195-96393094。客房配备记忆棉床垫，保证舒适睡眠。酒店内有健身房和洗衣房，住客免费使用。可手机自助入住，无接触开门。提供高速 Wi‑Fi 及 24 小时热水。	C142
1778	柏栎酒店	地址：宜良县人民大道157号（班猫箐）。联系电话：185-41008254。提供高速 Wi‑Fi 及 24 小时热水。设有地下停车场与充电桩。部分房型可俯瞰城市天际线。	C142
1779	柏栎宾馆	地址：穆棱和平路254号（八面通）。联系电话：156-49632964。客房配备记忆棉床垫，保证舒适睡眠。距车站步行 5 分钟，交通便利。前台多语言服务，支持行李寄存。	C207
1780	星程酒店	地址：穆棱迎宾大道239号（八面通）。联系电话：159-53128581 / 022-21176123。客房配备记忆棉床垫，保证舒适睡眠。部分房型可俯瞰城市天际线。	C207
1781	碧桂精品酒店	地址：穆棱和平路397号（八面通）。联系电话：020-77954147 / 182-73833862。周边 500 米内即是商场与美食街。距车站步行 5 分钟，交通便利。前台多语言服务，支持行李寄存。含自助早餐，菜品丰富。	C207
1782	丽枫国际酒店	地址：承德朝阳街250号（北马圈子）。联系电话：043-56074411。部分房型可俯瞰城市天际线。提供高速 Wi‑Fi 及 24 小时热水。	C130
1783	沐兰酒店	地址：承德迎宾大道54号（北马圈子）。联系电话：017-25518343。酒店内有健身房和洗衣房，住客免费使用。前台多语言服务，支持行李寄存。距车站步行 5 分钟，交通便利。可手机自助入住，无接触开门。	C130
1784	花筑国际酒店	地址：承德建设路281号（北马圈子）。联系电话：022-26322648。距车站步行 5 分钟，交通便利。周边 500 米内即是商场与美食街。	C130
1785	悦榕酒店	地址：承德建设路360号（北马圈子）。联系电话：043-33251859。含自助早餐，菜品丰富。可手机自助入住，无接触开门。距车站步行 5 分钟，交通便利。	C130
1786	锦江宾馆	地址：北票建设路126号（北票南）。联系电话：183-58396703。提供高速 Wi‑Fi 及 24 小时热水。设有地下停车场与充电桩。部分房型可俯瞰城市天际线。	C150
1787	柏曼精品酒店	地址：北票朝阳街43号（北票南）。联系电话：182-34863065 / 159-74735246。前台多语言服务，支持行李寄存。客房配备记忆棉床垫，保证舒适睡眠。	C150
1788	锦江度假酒店	地址：北票人民大道272号（北票南）。联系电话：182-75128541 / 131-72029238。距车站步行 5 分钟，交通便利。可手机自助入住，无接触开门。周边 500 米内即是商场与美食街。客房配备记忆棉床垫，保证舒适睡眠。	C150
1789	月光酒店	地址：滦平县解放路249号（白旗）。联系电话：050-23240447 / 034-56865874。前台多语言服务，支持行李寄存。周边 500 米内即是商场与美食街。可手机自助入住，无接触开门。酒店内有健身房和洗衣房，住客免费使用。	C130
1790	月光国际酒店	地址：滦平县解放路34号（白旗）。联系电话：039-88308497 / 058-23759701。提供高速 Wi‑Fi 及 24 小时热水。周边 500 米内即是商场与美食街。可手机自助入住，无接触开门。	C130
1791	桔子国际酒店	地址：滦平县和平路306号（白旗）。联系电话：028-32047828。酒店内有健身房和洗衣房，住客免费使用。设有地下停车场与充电桩。	C130
1792	锦江酒店	地址：滦平县朝阳街144号（白旗）。联系电话：026-75660496。距车站步行 5 分钟，交通便利。客房配备记忆棉床垫，保证舒适睡眠。周边 500 米内即是商场与美食街。	C130
1793	悦榕酒店	地址：萝北县中心路378号（宝泉岭）。联系电话：133-43112813 / 051-36701480。提供高速 Wi‑Fi 及 24 小时热水。客房配备记忆棉床垫，保证舒适睡眠。部分房型可俯瞰城市天际线。	C305
1794	雅致宾馆	地址：萝北县迎宾大道157号（宝泉岭）。联系电话：183-58464382。含自助早餐，菜品丰富。距车站步行 5 分钟，交通便利。可手机自助入住，无接触开门。	C305
1795	碧桂度假酒店	地址：萝北县建设路393号（宝泉岭）。联系电话：153-59429428。部分房型可俯瞰城市天际线。设有地下停车场与充电桩。客房配备记忆棉床垫，保证舒适睡眠。可手机自助入住，无接触开门。	C305
1796	楠舍酒店	地址：东丰县和平路296号（白泉）。联系电话：190-60355644。可手机自助入住，无接触开门。设有地下停车场与充电桩。酒店内有健身房和洗衣房，住客免费使用。	C254
1797	云栖大酒店	地址：东丰县和平路24号（白泉）。联系电话：185-95923980。周边 500 米内即是商场与美食街。酒店内有健身房和洗衣房，住客免费使用。前台多语言服务，支持行李寄存。距车站步行 5 分钟，交通便利。	C254
1798	璞丽度假酒店	地址：镇巴县人民大道95号（巴山）。联系电话：014-21149697。客房配备记忆棉床垫，保证舒适睡眠。前台多语言服务，支持行李寄存。设有地下停车场与充电桩。	C167
1799	月光精品酒店	地址：镇巴县解放路170号（巴山）。联系电话：183-43508451。周边 500 米内即是商场与美食街。设有地下停车场与充电桩。距车站步行 5 分钟，交通便利。酒店内有健身房和洗衣房，住客免费使用。	C167
1800	丽枫宾馆	地址：镇巴县解放路294号（巴山）。联系电话：135-60041228 / 185-53398125。部分房型可俯瞰城市天际线。提供高速 Wi‑Fi 及 24 小时热水。	C167
1801	悦榕国际酒店	地址：镇巴县解放路365号（巴山）。联系电话：013-67598427。酒店内有健身房和洗衣房，住客免费使用。可手机自助入住，无接触开门。	C167
1802	雅致国际酒店	地址：略阳县中心路116号（白水江）。联系电话：193-71237875 / 055-58236746。提供高速 Wi‑Fi 及 24 小时热水。前台多语言服务，支持行李寄存。设有地下停车场与充电桩。周边 500 米内即是商场与美食街。	C167
1803	悦榕宾馆	地址：略阳县解放路22号（白水江）。联系电话：010-41503533。前台多语言服务，支持行李寄存。提供高速 Wi‑Fi 及 24 小时热水。客房配备记忆棉床垫，保证舒适睡眠。距车站步行 5 分钟，交通便利。	C167
1804	璞丽酒店	地址：曲靖朝阳街52号（白沙坡）。联系电话：040-75321388。周边 500 米内即是商场与美食街。客房配备记忆棉床垫，保证舒适睡眠。含自助早餐，菜品丰富。部分房型可俯瞰城市天际线。	C148
1805	雅致度假酒店	地址：曲靖建设路126号（白沙坡）。联系电话：194-27585953 / 059-46152085。前台多语言服务，支持行李寄存。酒店内有健身房和洗衣房，住客免费使用。	C148
1806	锦江国际酒店	地址：曲靖朝阳街222号（白沙坡）。联系电话：050-85939828。客房配备记忆棉床垫，保证舒适睡眠。提供高速 Wi‑Fi 及 24 小时热水。含自助早餐，菜品丰富。可手机自助入住，无接触开门。	C148
1807	璞丽酒店	地址：蛟河解放路390号（白石山）。联系电话：153-67864444 / 133-19617197。酒店内有健身房和洗衣房，住客免费使用。距车站步行 5 分钟，交通便利。前台多语言服务，支持行李寄存。	C055
1808	枫叶度假酒店	地址：蛟河中心路278号（白石山）。联系电话：191-42282607 / 156-27861758。含自助早餐，菜品丰富。前台多语言服务，支持行李寄存。周边 500 米内即是商场与美食街。客房配备记忆棉床垫，保证舒适睡眠。	C055
1809	柏栎精品酒店	地址：蛟河朝阳街191号（白石山）。联系电话：019-58341752 / 045-50867976。含自助早餐，菜品丰富。提供高速 Wi‑Fi 及 24 小时热水。距车站步行 5 分钟，交通便利。部分房型可俯瞰城市天际线。	C055
1810	碧桂度假酒店	地址：蛟河朝阳街15号（白石山）。联系电话：010-88582027。前台多语言服务，支持行李寄存。客房配备记忆棉床垫，保证舒适睡眠。	C055
1811	碧桂大酒店	地址：曲靖迎宾大道2号（白水镇）。联系电话：035-30286003。客房配备记忆棉床垫，保证舒适睡眠。周边 500 米内即是商场与美食街。	C148
1812	花筑精品酒店	地址：曲靖迎宾大道99号（白水镇）。联系电话：041-45903975。提供高速 Wi‑Fi 及 24 小时热水。部分房型可俯瞰城市天际线。距车站步行 5 分钟，交通便利。	C148
1813	云栖酒店	地址：曲靖建设路152号（白水镇）。联系电话：183-16800780。部分房型可俯瞰城市天际线。提供高速 Wi‑Fi 及 24 小时热水。距车站步行 5 分钟，交通便利。	C148
1814	锦江精品酒店	地址：曲靖人民大道326号（白水镇）。联系电话：013-20945691 / 040-23877038。周边 500 米内即是商场与美食街。含自助早餐，菜品丰富。提供高速 Wi‑Fi 及 24 小时热水。部分房型可俯瞰城市天际线。	C148
1815	月光精品酒店	地址：深圳人民大道6号（坂田）。联系电话：193-12107554。可手机自助入住，无接触开门。提供高速 Wi‑Fi 及 24 小时热水。部分房型可俯瞰城市天际线。前台多语言服务，支持行李寄存。	C190
1816	柏栎国际酒店	地址：深圳和平路380号（坂田）。联系电话：186-22486148 / 050-46609448。含自助早餐，菜品丰富。提供高速 Wi‑Fi 及 24 小时热水。	C190
1817	悦榕酒店	地址：深圳和平路247号（坂田）。联系电话：030-62229404 / 135-80129318。可手机自助入住，无接触开门。含自助早餐，菜品丰富。周边 500 米内即是商场与美食街。	C190
1818	雅致精品酒店	地址：泊头迎宾大道310号（泊头）。联系电话：018-56970580。距车站步行 5 分钟，交通便利。客房配备记忆棉床垫，保证舒适睡眠。含自助早餐，菜品丰富。提供高速 Wi‑Fi 及 24 小时热水。	C173
1819	丽枫国际酒店	地址：泊头建设路370号（泊头）。联系电话：045-27249466 / 029-78776014。距车站步行 5 分钟，交通便利。周边 500 米内即是商场与美食街。前台多语言服务，支持行李寄存。含自助早餐，菜品丰富。	C173
1820	悦榕国际酒店	地址：泊头中心路217号（泊头）。联系电话：022-39089495。前台多语言服务，支持行李寄存。可手机自助入住，无接触开门。客房配备记忆棉床垫，保证舒适睡眠。	C173
1821	柏曼大酒店	地址：泊头迎宾大道378号（泊头）。联系电话：039-41008922 / 032-39147605。含自助早餐，菜品丰富。距车站步行 5 分钟，交通便利。客房配备记忆棉床垫，保证舒适睡眠。	C173
1822	梅园精品酒店	地址：涞源县人民大道339号（北屯）。联系电话：154-16870676 / 041-77173344。客房配备记忆棉床垫，保证舒适睡眠。设有地下停车场与充电桩。可手机自助入住，无接触开门。	C027
1823	桔子度假酒店	地址：涞源县解放路150号（北屯）。联系电话：186-46456973 / 186-21856174。前台多语言服务，支持行李寄存。部分房型可俯瞰城市天际线。	C027
1824	梅园国际酒店	地址：本溪中心路229号（本溪湖）。联系电话：047-55074769。部分房型可俯瞰城市天际线。客房配备记忆棉床垫，保证舒适睡眠。距车站步行 5 分钟，交通便利。提供高速 Wi‑Fi 及 24 小时热水。	C151
1825	枫叶大酒店	地址：本溪人民大道367号（本溪湖）。联系电话：055-64139657。距车站步行 5 分钟，交通便利。客房配备记忆棉床垫，保证舒适睡眠。	C151
1826	云栖度假酒店	地址：博兴县建设路61号（博兴）。联系电话：044-53949296。设有地下停车场与充电桩。酒店内有健身房和洗衣房，住客免费使用。可手机自助入住，无接触开门。部分房型可俯瞰城市天际线。	C199
1827	雅致宾馆	地址：博兴县人民大道201号（博兴）。联系电话：187-39959117 / 139-16980780。部分房型可俯瞰城市天际线。周边 500 米内即是商场与美食街。客房配备记忆棉床垫，保证舒适睡眠。	C199
1828	雅致度假酒店	地址：奈曼旗人民大道171号（八仙筒）。联系电话：137-62918399 / 130-77794076。距车站步行 5 分钟，交通便利。提供高速 Wi‑Fi 及 24 小时热水。部分房型可俯瞰城市天际线。客房配备记忆棉床垫，保证舒适睡眠。	C260
1829	云栖精品酒店	地址：奈曼旗和平路349号（八仙筒）。联系电话：197-99381716。客房配备记忆棉床垫，保证舒适睡眠。周边 500 米内即是商场与美食街。	C260
1830	雅致酒店	地址：奈曼旗解放路124号（八仙筒）。联系电话：193-75909903。周边 500 米内即是商场与美食街。酒店内有健身房和洗衣房，住客免费使用。前台多语言服务，支持行李寄存。含自助早餐，菜品丰富。	C260
1831	月光宾馆	地址：察哈尔右翼后旗中心路319号（白音察干）。联系电话：191-75931116。客房配备记忆棉床垫，保证舒适睡眠。设有地下停车场与充电桩。酒店内有健身房和洗衣房，住客免费使用。	C016
1832	星程度假酒店	地址：察哈尔右翼后旗朝阳街238号（白音察干）。联系电话：196-64641147 / 151-70083138。可手机自助入住，无接触开门。酒店内有健身房和洗衣房，住客免费使用。	C016
1833	沐兰国际酒店	地址：五常建设路351号（背荫河）。联系电话：047-60241528 / 181-70154756。周边 500 米内即是商场与美食街。酒店内有健身房和洗衣房，住客免费使用。	C066
1834	悦榕精品酒店	地址：五常解放路148号（背荫河）。联系电话：137-83912146 / 023-33086911。周边 500 米内即是商场与美食街。设有地下停车场与充电桩。	C066
1835	月光大酒店	地址：五常人民大道167号（背荫河）。联系电话：049-89664550。可手机自助入住，无接触开门。酒店内有健身房和洗衣房，住客免费使用。	C066
1836	云栖度假酒店	地址：太原人民大道10号（北营）。联系电话：048-27504821 / 051-60692421。客房配备记忆棉床垫，保证舒适睡眠。前台多语言服务，支持行李寄存。含自助早餐，菜品丰富。	C083
1837	桔子国际酒店	地址：太原中心路270号（北营）。联系电话：180-33238944。周边 500 米内即是商场与美食街。部分房型可俯瞰城市天际线。客房配备记忆棉床垫，保证舒适睡眠。距车站步行 5 分钟，交通便利。	C083
1838	枫叶精品酒店	地址：太原人民大道386号（北营）。联系电话：054-42061717 / 186-33329726。前台多语言服务，支持行李寄存。部分房型可俯瞰城市天际线。设有地下停车场与充电桩。提供高速 Wi‑Fi 及 24 小时热水。	C083
1839	锦江宾馆	地址：太原和平路298号（北营）。联系电话：197-88702178。提供高速 Wi‑Fi 及 24 小时热水。含自助早餐，菜品丰富。	C083
1840	星程度假酒店	地址：磴口县建设路361号（巴彦高勒）。联系电话：158-20235839。提供高速 Wi‑Fi 及 24 小时热水。部分房型可俯瞰城市天际线。	C104
1841	锦江酒店	地址：磴口县中心路82号（巴彦高勒）。联系电话：151-74213079 / 136-88322638。客房配备记忆棉床垫，保证舒适睡眠。酒店内有健身房和洗衣房，住客免费使用。	C104
1842	梅园酒店	地址：磴口县建设路353号（巴彦高勒）。联系电话：183-21117573。可手机自助入住，无接触开门。酒店内有健身房和洗衣房，住客免费使用。含自助早餐，菜品丰富。距车站步行 5 分钟，交通便利。	C104
1843	雅致酒店	地址：奈曼旗和平路17号（白音他拉）。联系电话：030-73840068。距车站步行 5 分钟，交通便利。提供高速 Wi‑Fi 及 24 小时热水。前台多语言服务，支持行李寄存。	C260
1844	云栖酒店	地址：奈曼旗人民大道282号（白音他拉）。联系电话：183-27307384。设有地下停车场与充电桩。部分房型可俯瞰城市天际线。	C260
1845	云栖大酒店	地址：营口中心路130号（鲅鱼圈）。联系电话：024-31966429 / 157-39979075。设有地下停车场与充电桩。含自助早餐，菜品丰富。客房配备记忆棉床垫，保证舒适睡眠。	C238
1846	星程度假酒店	地址：营口和平路307号（鲅鱼圈）。联系电话：150-86099753。前台多语言服务，支持行李寄存。设有地下停车场与充电桩。距车站步行 5 分钟，交通便利。	C238
1847	雅致酒店	地址：营口朝阳街356号（鲅鱼圈）。联系电话：013-46495688 / 021-59376948。客房配备记忆棉床垫，保证舒适睡眠。酒店内有健身房和洗衣房，住客免费使用。提供高速 Wi‑Fi 及 24 小时热水。可手机自助入住，无接触开门。	C238
1848	雅致大酒店	地址：白银朝阳街284号（白银市）。联系电话：018-85786920 / 181-21905420。设有地下停车场与充电桩。可手机自助入住，无接触开门。	C213
1849	月光大酒店	地址：白银解放路292号（白银市）。联系电话：022-70126327 / 188-38176211。含自助早餐，菜品丰富。客房配备记忆棉床垫，保证舒适睡眠。前台多语言服务，支持行李寄存。提供高速 Wi‑Fi 及 24 小时热水。	C213
1850	碧桂酒店	地址：白银和平路120号（白银市）。联系电话：198-72496851 / 018-45934705。酒店内有健身房和洗衣房，住客免费使用。设有地下停车场与充电桩。	C213
1851	柏曼宾馆	地址：科尔沁右翼中旗迎宾大道85号（白音胡硕）。联系电话：041-44713725 / 034-66419796。设有地下停车场与充电桩。提供高速 Wi‑Fi 及 24 小时热水。客房配备记忆棉床垫，保证舒适睡眠。可手机自助入住，无接触开门。	C035
1852	月光大酒店	地址：科尔沁右翼中旗朝阳街386号（白音胡硕）。联系电话：059-62283073 / 046-53124491。设有地下停车场与充电桩。提供高速 Wi‑Fi 及 24 小时热水。酒店内有健身房和洗衣房，住客免费使用。可手机自助入住，无接触开门。	C035
1853	沐兰精品酒店	地址：科尔沁右翼中旗建设路197号（白音胡硕）。联系电话：182-84180437 / 041-77220527。提供高速 Wi‑Fi 及 24 小时热水。前台多语言服务，支持行李寄存。可手机自助入住，无接触开门。	C035
1854	柏栎大酒店	地址：科尔沁右翼中旗解放路32号（白音胡硕）。联系电话：154-56420981 / 133-65968003。前台多语言服务，支持行李寄存。客房配备记忆棉床垫，保证舒适睡眠。提供高速 Wi‑Fi 及 24 小时热水。酒店内有健身房和洗衣房，住客免费使用。	C035
1855	星程酒店	地址：巴中和平路387号（巴中）。联系电话：183-43636422 / 193-73775500。周边 500 米内即是商场与美食街。酒店内有健身房和洗衣房，住客免费使用。	C103
1856	梅园宾馆	地址：巴中和平路231号（巴中）。联系电话：153-49613257 / 199-56609855。客房配备记忆棉床垫，保证舒适睡眠。周边 500 米内即是商场与美食街。酒店内有健身房和洗衣房，住客免费使用。可手机自助入住，无接触开门。	C103
1857	璞丽度假酒店	地址：霸州建设路225号（霸州）。联系电话：034-45324328 / 054-88891937。酒店内有健身房和洗衣房，住客免费使用。客房配备记忆棉床垫，保证舒适睡眠。	C114
1858	星程酒店	地址：霸州解放路329号（霸州）。联系电话：187-15944714 / 014-62960545。含自助早餐，菜品丰富。可手机自助入住，无接触开门。客房配备记忆棉床垫，保证舒适睡眠。	C114
1859	星程宾馆	地址：霸州迎宾大道294号（霸州）。联系电话：032-86015006。提供高速 Wi‑Fi 及 24 小时热水。含自助早餐，菜品丰富。	C114
1860	丽枫国际酒店	地址：霸州和平路281号（霸州）。联系电话：052-71983587。周边 500 米内即是商场与美食街。可手机自助入住，无接触开门。	C114
1861	月光酒店	地址：北京解放路91号（北宅）。联系电话：133-70482090。前台多语言服务，支持行李寄存。距车站步行 5 分钟，交通便利。可手机自助入住，无接触开门。	C039
1862	悦榕大酒店	地址：北京迎宾大道307号（北宅）。联系电话：036-58035546 / 187-20250987。距车站步行 5 分钟，交通便利。周边 500 米内即是商场与美食街。客房配备记忆棉床垫，保证舒适睡眠。可手机自助入住，无接触开门。	C039
1863	锦江精品酒店	地址：北京解放路346号（北宅）。联系电话：152-51660531 / 197-31068578。含自助早餐，菜品丰富。酒店内有健身房和洗衣房，住客免费使用。	C039
1864	碧桂国际酒店	地址：北京朝阳街78号（北宅）。联系电话：135-32038998 / 155-24881391。可手机自助入住，无接触开门。距车站步行 5 分钟，交通便利。客房配备记忆棉床垫，保证舒适睡眠。	C039
1865	柏曼酒店	地址：赤壁人民大道353号（赤壁北）。联系电话：187-49612327。周边 500 米内即是商场与美食街。含自助早餐，菜品丰富。	C063
1866	星程精品酒店	地址：赤壁解放路323号（赤壁北）。联系电话：050-86566433 / 187-70535322。周边 500 米内即是商场与美食街。部分房型可俯瞰城市天际线。酒店内有健身房和洗衣房，住客免费使用。可手机自助入住，无接触开门。	C063
1867	悦榕国际酒店	地址：赤壁人民大道164号（赤壁北）。联系电话：133-20334068。酒店内有健身房和洗衣房，住客免费使用。周边 500 米内即是商场与美食街。可手机自助入住，无接触开门。客房配备记忆棉床垫，保证舒适睡眠。	C063
1868	沐兰精品酒店	地址：阿鲁科尔沁旗中心路33号（查布嘎）。联系电话：131-53134161 / 182-53626227。设有地下停车场与充电桩。含自助早餐，菜品丰富。部分房型可俯瞰城市天际线。酒店内有健身房和洗衣房，住客免费使用。	C253
1869	锦江大酒店	地址：阿鲁科尔沁旗和平路73号（查布嘎）。联系电话：132-61400569 / 028-41120128。提供高速 Wi‑Fi 及 24 小时热水。可手机自助入住，无接触开门。部分房型可俯瞰城市天际线。	C253
1870	花筑精品酒店	地址：景泰县和平路107号（长城）。联系电话：015-31406503 / 191-42217781。设有地下停车场与充电桩。周边 500 米内即是商场与美食街。	C213
1871	星程度假酒店	地址：景泰县和平路17号（长城）。联系电话：048-64562021 / 188-89469286。客房配备记忆棉床垫，保证舒适睡眠。前台多语言服务，支持行李寄存。周边 500 米内即是商场与美食街。设有地下停车场与充电桩。	C213
1872	雅致大酒店	地址：祥云县人民大道111号（长冲）。联系电话：018-54937199 / 197-74928710。酒店内有健身房和洗衣房，住客免费使用。前台多语言服务，支持行李寄存。	C079
1873	璞丽国际酒店	地址：祥云县解放路189号（长冲）。联系电话：183-16884215 / 017-89870408。可手机自助入住，无接触开门。酒店内有健身房和洗衣房，住客免费使用。含自助早餐，菜品丰富。部分房型可俯瞰城市天际线。	C079
1874	璞丽国际酒店	地址：祥云县解放路138号（长冲）。联系电话：040-50881199 / 138-46663980。可手机自助入住，无接触开门。设有地下停车场与充电桩。客房配备记忆棉床垫，保证舒适睡眠。提供高速 Wi‑Fi 及 24 小时热水。	C079
1875	锦江国际酒店	地址：祥云县朝阳街374号（长冲）。联系电话：034-31012424 / 058-42419377。可手机自助入住，无接触开门。客房配备记忆棉床垫，保证舒适睡眠。前台多语言服务，支持行李寄存。周边 500 米内即是商场与美食街。	C079
1876	枫叶大酒店	地址：承德朝阳街192号（承德东）。联系电话：184-43593775。酒店内有健身房和洗衣房，住客免费使用。提供高速 Wi‑Fi 及 24 小时热水。	C130
1877	碧桂国际酒店	地址：承德建设路24号（承德东）。联系电话：015-86511038。部分房型可俯瞰城市天际线。前台多语言服务，支持行李寄存。周边 500 米内即是商场与美食街。	C130
1878	月光宾馆	地址：承德解放路154号（承德东）。联系电话：134-73782253。周边 500 米内即是商场与美食街。提供高速 Wi‑Fi 及 24 小时热水。距车站步行 5 分钟，交通便利。	C130
1879	月光酒店	地址：承德建设路111号（承德东）。联系电话：031-53950928 / 199-57669742。提供高速 Wi‑Fi 及 24 小时热水。可手机自助入住，无接触开门。	C130
1880	枫叶国际酒店	地址：赤峰朝阳街338号（赤峰西）。联系电话：155-83754812。部分房型可俯瞰城市天际线。周边 500 米内即是商场与美食街。含自助早餐，菜品丰富。设有地下停车场与充电桩。	C253
1881	悦榕国际酒店	地址：赤峰中心路172号（赤峰西）。联系电话：155-42187967。提供高速 Wi‑Fi 及 24 小时热水。距车站步行 5 分钟，交通便利。	C253
1882	璞丽宾馆	地址：新巴尔虎左旗迎宾大道11号（嵯岗）。联系电话：183-56136655 / 012-87609324。含自助早餐，菜品丰富。周边 500 米内即是商场与美食街。距车站步行 5 分钟，交通便利。客房配备记忆棉床垫，保证舒适睡眠。	C060
1883	花筑精品酒店	地址：新巴尔虎左旗人民大道159号（嵯岗）。联系电话：018-22729438。提供高速 Wi‑Fi 及 24 小时热水。部分房型可俯瞰城市天际线。	C060
1884	沐兰国际酒店	地址：新巴尔虎左旗解放路23号（嵯岗）。联系电话：026-29110178 / 192-34201393。客房配备记忆棉床垫，保证舒适睡眠。距车站步行 5 分钟，交通便利。	C060
1885	枫叶酒店	地址：农安县中心路362号（柴岗）。联系电话：059-87857425。前台多语言服务，支持行李寄存。部分房型可俯瞰城市天际线。	C283
1886	星程大酒店	地址：农安县解放路3号（柴岗）。联系电话：135-54090108。周边 500 米内即是商场与美食街。含自助早餐，菜品丰富。	C283
1887	丽枫国际酒店	地址：农安县朝阳街50号（柴岗）。联系电话：020-71717149 / 150-97179964。前台多语言服务，支持行李寄存。客房配备记忆棉床垫，保证舒适睡眠。含自助早餐，菜品丰富。部分房型可俯瞰城市天际线。	C283
1888	璞丽酒店	地址：农安县解放路146号（柴岗）。联系电话：023-61398456。含自助早餐，菜品丰富。酒店内有健身房和洗衣房，住客免费使用。	C283
1889	花筑国际酒店	地址：长葛朝阳街382号（长葛）。联系电话：015-32354357。含自助早餐，菜品丰富。可手机自助入住，无接触开门。	C247
1890	枫叶度假酒店	地址：长葛朝阳街256号（长葛）。联系电话：153-33294384。提供高速 Wi‑Fi 及 24 小时热水。客房配备记忆棉床垫，保证舒适睡眠。	C247
1891	云栖酒店	地址：怀安县和平路275号（柴沟堡）。联系电话：150-40331900 / 197-86778093。周边 500 米内即是商场与美食街。客房配备记忆棉床垫，保证舒适睡眠。	C118
1892	星程大酒店	地址：怀安县迎宾大道342号（柴沟堡）。联系电话：198-87503098。距车站步行 5 分钟，交通便利。含自助早餐，菜品丰富。	C118
1893	丽枫酒店	地址：怀安县建设路83号（柴沟堡）。联系电话：153-48578602。部分房型可俯瞰城市天际线。提供高速 Wi‑Fi 及 24 小时热水。设有地下停车场与充电桩。	C118
1894	沐兰度假酒店	地址：城固县人民大道326号（城固）。联系电话：020-27916821。客房配备记忆棉床垫，保证舒适睡眠。部分房型可俯瞰城市天际线。可手机自助入住，无接触开门。	C167
1895	楠舍国际酒店	地址：城固县建设路398号（城固）。联系电话：021-45947754 / 051-34214527。提供高速 Wi‑Fi 及 24 小时热水。含自助早餐，菜品丰富。设有地下停车场与充电桩。客房配备记忆棉床垫，保证舒适睡眠。	C167
1896	桔子宾馆	地址：兰州解放路223号（陈官营）。联系电话：034-62864050 / 189-30040656。可手机自助入住，无接触开门。客房配备记忆棉床垫，保证舒适睡眠。	C034
1897	月光国际酒店	地址：兰州建设路339号（陈官营）。联系电话：156-13619722。前台多语言服务，支持行李寄存。可手机自助入住，无接触开门。酒店内有健身房和洗衣房，住客免费使用。提供高速 Wi‑Fi 及 24 小时热水。	C034
1898	雅致国际酒店	地址：兰州解放路306号（陈官营）。联系电话：152-44579275。前台多语言服务，支持行李寄存。周边 500 米内即是商场与美食街。	C034
1899	花筑大酒店	地址：哈尔滨人民大道195号（成高子）。联系电话：132-64387040 / 059-39887066。酒店内有健身房和洗衣房，住客免费使用。提供高速 Wi‑Fi 及 24 小时热水。距车站步行 5 分钟，交通便利。	C066
1900	雅致度假酒店	地址：哈尔滨迎宾大道42号（成高子）。联系电话：190-19021151 / 130-24859666。周边 500 米内即是商场与美食街。距车站步行 5 分钟，交通便利。酒店内有健身房和洗衣房，住客免费使用。客房配备记忆棉床垫，保证舒适睡眠。	C066
1901	柏曼酒店	地址：哈尔滨中心路294号（成高子）。联系电话：155-60279941 / 191-18333849。客房配备记忆棉床垫，保证舒适睡眠。提供高速 Wi‑Fi 及 24 小时热水。周边 500 米内即是商场与美食街。距车站步行 5 分钟，交通便利。	C066
1902	枫叶大酒店	地址：威宁彝族回族苗族自治县建设路212号（草海）。联系电话：139-56821983。客房配备记忆棉床垫，保证舒适睡眠。部分房型可俯瞰城市天际线。可手机自助入住，无接触开门。	C165
1903	柏栎国际酒店	地址：威宁彝族回族苗族自治县和平路170号（草海）。联系电话：132-27501506 / 135-75613445。可手机自助入住，无接触开门。酒店内有健身房和洗衣房，住客免费使用。距车站步行 5 分钟，交通便利。	C165
1904	星程酒店	地址：海林解放路329号（柴河）。联系电话：030-58272062 / 026-77979811。可手机自助入住，无接触开门。设有地下停车场与充电桩。	C207
1905	沐兰酒店	地址：海林中心路327号（柴河）。联系电话：199-91968020 / 012-21119503。客房配备记忆棉床垫，保证舒适睡眠。部分房型可俯瞰城市天际线。酒店内有健身房和洗衣房，住客免费使用。	C207
1906	桔子精品酒店	地址：海林人民大道387号（柴河）。联系电话：029-33844557 / 199-67030120。部分房型可俯瞰城市天际线。提供高速 Wi‑Fi 及 24 小时热水。距车站步行 5 分钟，交通便利。可手机自助入住，无接触开门。	C207
1907	星程国际酒店	地址：册亨县解放路6号（册亨）。联系电话：154-13607021 / 186-73513487。前台多语言服务，支持行李寄存。距车站步行 5 分钟，交通便利。	C313
1908	锦江精品酒店	地址：册亨县中心路149号（册亨）。联系电话：188-27046058 / 157-88448819。提供高速 Wi‑Fi 及 24 小时热水。部分房型可俯瞰城市天际线。	C313
1909	雅致度假酒店	地址：册亨县中心路308号（册亨）。联系电话：044-42605400 / 130-80434483。距车站步行 5 分钟，交通便利。部分房型可俯瞰城市天际线。	C313
1910	沐兰酒店	地址：本溪满族自治县迎宾大道122号（草河口）。联系电话：017-51000141 / 018-53104660。酒店内有健身房和洗衣房，住客免费使用。含自助早餐，菜品丰富。	C151
1911	雅致酒店	地址：本溪满族自治县和平路360号（草河口）。联系电话：030-59774802。前台多语言服务，支持行李寄存。周边 500 米内即是商场与美食街。可手机自助入住，无接触开门。	C151
1912	璞丽精品酒店	地址：本溪满族自治县和平路128号（草河口）。联系电话：190-42673412。酒店内有健身房和洗衣房，住客免费使用。前台多语言服务，支持行李寄存。	C151
1913	枫叶国际酒店	地址：天津解放路17号（崔黄口）。联系电话：027-36485021。前台多语言服务，支持行李寄存。周边 500 米内即是商场与美食街。距车站步行 5 分钟，交通便利。可手机自助入住，无接触开门。	C082
1914	悦榕精品酒店	地址：天津建设路394号（崔黄口）。联系电话：048-53003106 / 130-61694954。含自助早餐，菜品丰富。部分房型可俯瞰城市天际线。	C082
1915	月光酒店	地址：天津人民大道226号（崔黄口）。联系电话：059-31682679 / 137-61951970。设有地下停车场与充电桩。酒店内有健身房和洗衣房，住客免费使用。部分房型可俯瞰城市天际线。	C082
1916	星程宾馆	地址：天津朝阳街222号（崔黄口）。联系电话：041-87566293。可手机自助入住，无接触开门。部分房型可俯瞰城市天际线。	C082
1917	雅致度假酒店	地址：巢湖人民大道361号（巢湖）。联系电话：152-54031312。酒店内有健身房和洗衣房，住客免费使用。提供高速 Wi‑Fi 及 24 小时热水。客房配备记忆棉床垫，保证舒适睡眠。含自助早餐，菜品丰富。	C053
1918	月光宾馆	地址：巢湖和平路172号（巢湖）。联系电话：192-76717923 / 054-79058083。酒店内有健身房和洗衣房，住客免费使用。距车站步行 5 分钟，交通便利。部分房型可俯瞰城市天际线。	C053
1919	梅园大酒店	地址：扶余解放路347号（蔡家沟）。联系电话：153-63664510。部分房型可俯瞰城市天际线。距车站步行 5 分钟，交通便利。	C154
1920	璞丽国际酒店	地址：扶余建设路43号（蔡家沟）。联系电话：037-33788548 / 181-38205714。酒店内有健身房和洗衣房，住客免费使用。可手机自助入住，无接触开门。提供高速 Wi‑Fi 及 24 小时热水。	C154
1921	丽枫宾馆	地址：扎兰屯解放路236号（成吉思汗）。联系电话：159-35956423。含自助早餐，菜品丰富。酒店内有健身房和洗衣房，住客免费使用。前台多语言服务，支持行李寄存。	C060
1922	花筑大酒店	地址：扎兰屯朝阳街11号（成吉思汗）。联系电话：186-85362857。周边 500 米内即是商场与美食街。设有地下停车场与充电桩。部分房型可俯瞰城市天际线。可手机自助入住，无接触开门。	C060
1923	锦江度假酒店	地址：扎兰屯建设路1号（成吉思汗）。联系电话：055-72846907 / 159-94692420。含自助早餐，菜品丰富。可手机自助入住，无接触开门。酒店内有健身房和洗衣房，住客免费使用。	C060
1924	梅园精品酒店	地址：扎兰屯迎宾大道278号（成吉思汗）。联系电话：047-30028054 / 031-54581106。设有地下停车场与充电桩。含自助早餐，菜品丰富。	C060
1925	璞丽精品酒店	地址：兴义解放路223号（岔江）。联系电话：019-25919761 / 134-87579648。客房配备记忆棉床垫，保证舒适睡眠。设有地下停车场与充电桩。含自助早餐，菜品丰富。	C313
1926	梅园度假酒店	地址：兴义和平路311号（岔江）。联系电话：159-78795085 / 026-89663987。设有地下停车场与充电桩。部分房型可俯瞰城市天际线。周边 500 米内即是商场与美食街。	C313
1927	丽枫宾馆	地址：岐山县和平路157号（蔡家坡）。联系电话：045-23619772 / 182-95963422。前台多语言服务，支持行李寄存。设有地下停车场与充电桩。	C097
1928	柏曼度假酒店	地址：岐山县和平路11号（蔡家坡）。联系电话：158-54324140。距车站步行 5 分钟，交通便利。周边 500 米内即是商场与美食街。可手机自助入住，无接触开门。酒店内有健身房和洗衣房，住客免费使用。	C097
1929	云栖度假酒店	地址：岐山县解放路44号（蔡家坡）。联系电话：158-66259895 / 133-79524244。前台多语言服务，支持行李寄存。距车站步行 5 分钟，交通便利。客房配备记忆棉床垫，保证舒适睡眠。	C097
1930	桔子度假酒店	地址：岐山县人民大道121号（蔡家坡）。联系电话：044-55163591。客房配备记忆棉床垫，保证舒适睡眠。酒店内有健身房和洗衣房，住客免费使用。距车站步行 5 分钟，交通便利。	C097
1931	梅园国际酒店	地址：昌乐县建设路8号（昌乐）。联系电话：031-52333360 / 049-26727568。周边 500 米内即是商场与美食街。距车站步行 5 分钟，交通便利。	C202
1932	沐兰大酒店	地址：昌乐县建设路146号（昌乐）。联系电话：054-67161003 / 038-33124695。距车站步行 5 分钟，交通便利。周边 500 米内即是商场与美食街。	C202
1933	沐兰大酒店	地址：昌乐县解放路135号（昌乐）。联系电话：154-37623371 / 052-74189846。前台多语言服务，支持行李寄存。提供高速 Wi‑Fi 及 24 小时热水。可手机自助入住，无接触开门。	C202
1934	璞丽宾馆	地址：隆化县人民大道25号（超梁沟）。联系电话：199-56313787 / 023-31003498。前台多语言服务，支持行李寄存。酒店内有健身房和洗衣房，住客免费使用。	C130
1935	丽枫大酒店	地址：隆化县和平路158号（超梁沟）。联系电话：047-85504571 / 152-10889937。距车站步行 5 分钟，交通便利。含自助早餐，菜品丰富。酒店内有健身房和洗衣房，住客免费使用。	C130
1936	花筑度假酒店	地址：张家界人民大道222号（慈利）。联系电话：197-87034377 / 192-24042918。部分房型可俯瞰城市天际线。可手机自助入住，无接触开门。前台多语言服务，支持行李寄存。酒店内有健身房和洗衣房，住客免费使用。	C119
1937	锦江度假酒店	地址：张家界解放路35号（慈利）。联系电话：138-11036729 / 182-94500536。提供高速 Wi‑Fi 及 24 小时热水。含自助早餐，菜品丰富。设有地下停车场与充电桩。周边 500 米内即是商场与美食街。	C119
1938	云栖大酒店	地址：张家界朝阳街393号（慈利）。联系电话：138-56175391。提供高速 Wi‑Fi 及 24 小时热水。含自助早餐，菜品丰富。	C119
1939	星程宾馆	地址：昌黎县迎宾大道82号（昌黎）。联系电话：053-41410545 / 018-26131532。提供高速 Wi‑Fi 及 24 小时热水。周边 500 米内即是商场与美食街。可手机自助入住，无接触开门。	C222
1940	碧桂酒店	地址：昌黎县建设路385号（昌黎）。联系电话：055-37136756 / 185-51373589。客房配备记忆棉床垫，保证舒适睡眠。设有地下停车场与充电桩。部分房型可俯瞰城市天际线。前台多语言服务，支持行李寄存。	C222
1941	桔子酒店	地址：昌黎县建设路129号（昌黎）。联系电话：155-93606223。客房配备记忆棉床垫，保证舒适睡眠。酒店内有健身房和洗衣房，住客免费使用。	C222
1942	云栖度假酒店	地址：昌黎县迎宾大道234号（昌黎）。联系电话：037-24428747。含自助早餐，菜品丰富。距车站步行 5 分钟，交通便利。客房配备记忆棉床垫，保证舒适睡眠。可手机自助入住，无接触开门。	C222
1943	碧桂大酒店	地址：大连朝阳街55号（长岭子）。联系电话：195-62299923。部分房型可俯瞰城市天际线。距车站步行 5 分钟，交通便利。可手机自助入住，无接触开门。	C080
1944	桔子大酒店	地址：大连解放路116号（长岭子）。联系电话：198-31796185 / 158-11345930。周边 500 米内即是商场与美食街。客房配备记忆棉床垫，保证舒适睡眠。设有地下停车场与充电桩。前台多语言服务，支持行李寄存。	C080
1945	桔子度假酒店	地址：大连和平路233号（长岭子）。联系电话：159-83198731。设有地下停车场与充电桩。酒店内有健身房和洗衣房，住客免费使用。提供高速 Wi‑Fi 及 24 小时热水。	C080
1946	雅致酒店	地址：伊春解放路217号（晨明）。联系电话：036-80179388 / 137-26954617。提供高速 Wi‑Fi 及 24 小时热水。可手机自助入住，无接触开门。部分房型可俯瞰城市天际线。距车站步行 5 分钟，交通便利。	C023
1947	星程国际酒店	地址：伊春人民大道90号（晨明）。联系电话：027-31353346。距车站步行 5 分钟，交通便利。可手机自助入住，无接触开门。前台多语言服务，支持行李寄存。酒店内有健身房和洗衣房，住客免费使用。	C023
1948	柏曼国际酒店	地址：伊春迎宾大道163号（晨明）。联系电话：190-84653932。部分房型可俯瞰城市天际线。酒店内有健身房和洗衣房，住客免费使用。距车站步行 5 分钟，交通便利。设有地下停车场与充电桩。	C023
1949	璞丽度假酒店	地址：伊春解放路160号（晨明）。联系电话：192-34395241。距车站步行 5 分钟，交通便利。周边 500 米内即是商场与美食街。设有地下停车场与充电桩。	C023
1950	星程国际酒店	地址：中宁县人民大道99号（长农）。联系电话：188-52393132 / 046-68782472。部分房型可俯瞰城市天际线。距车站步行 5 分钟，交通便利。	C009
1951	花筑酒店	地址：中宁县中心路302号（长农）。联系电话：058-22651974 / 190-53228494。可手机自助入住，无接触开门。含自助早餐，菜品丰富。设有地下停车场与充电桩。	C009
1952	月光精品酒店	地址：中宁县朝阳街233号（长农）。联系电话：195-35443048 / 028-67752179。部分房型可俯瞰城市天际线。含自助早餐，菜品丰富。酒店内有健身房和洗衣房，住客免费使用。	C009
1953	璞丽宾馆	地址：北京和平路355号（昌平北）。联系电话：045-37783767 / 183-29471594。设有地下停车场与充电桩。客房配备记忆棉床垫，保证舒适睡眠。酒店内有健身房和洗衣房，住客免费使用。	C039
1954	桔子度假酒店	地址：北京人民大道265号（昌平北）。联系电话：054-22508741。部分房型可俯瞰城市天际线。酒店内有健身房和洗衣房，住客免费使用。设有地下停车场与充电桩。	C039
1955	楠舍酒店	地址：东莞人民大道139号（常平）。联系电话：191-10512469 / 025-46983574。可手机自助入住，无接触开门。含自助早餐，菜品丰富。	C007
1956	碧桂酒店	地址：东莞中心路330号（常平）。联系电话：137-64830506 / 186-63568379。提供高速 Wi‑Fi 及 24 小时热水。周边 500 米内即是商场与美食街。客房配备记忆棉床垫，保证舒适睡眠。	C007
1957	沐兰国际酒店	地址：东莞朝阳街158号（常平）。联系电话：191-85067194。设有地下停车场与充电桩。可手机自助入住，无接触开门。客房配备记忆棉床垫，保证舒适睡眠。	C007
1958	梅园精品酒店	地址：东莞解放路47号（常平）。联系电话：028-68089146 / 137-82800581。部分房型可俯瞰城市天际线。设有地下停车场与充电桩。提供高速 Wi‑Fi 及 24 小时热水。酒店内有健身房和洗衣房，住客免费使用。	C007
1959	锦江精品酒店	地址：师宗县和平路308号（长坡岭）。联系电话：186-97817982。可手机自助入住，无接触开门。客房配备记忆棉床垫，保证舒适睡眠。提供高速 Wi‑Fi 及 24 小时热水。	C148
1960	柏栎宾馆	地址：师宗县和平路353号（长坡岭）。联系电话：187-45833772。提供高速 Wi‑Fi 及 24 小时热水。含自助早餐，菜品丰富。前台多语言服务，支持行李寄存。可手机自助入住，无接触开门。	C148
1961	璞丽宾馆	地址：师宗县中心路163号（长坡岭）。联系电话：138-55143829 / 047-34197666。距车站步行 5 分钟，交通便利。周边 500 米内即是商场与美食街。部分房型可俯瞰城市天际线。	C148
1962	沐兰度假酒店	地址：孙吴县中心路55号（辰清）。联系电话：130-46798431 / 133-94700048。提供高速 Wi‑Fi 及 24 小时热水。含自助早餐，菜品丰富。设有地下停车场与充电桩。可手机自助入住，无接触开门。	C310
1963	楠舍度假酒店	地址：孙吴县人民大道330号（辰清）。联系电话：195-20629697 / 031-59497740。酒店内有健身房和洗衣房，住客免费使用。客房配备记忆棉床垫，保证舒适睡眠。提供高速 Wi‑Fi 及 24 小时热水。设有地下停车场与充电桩。	C310
1964	柏曼大酒店	地址：孙吴县人民大道396号（辰清）。联系电话：021-44124447 / 188-52075540。前台多语言服务，支持行李寄存。酒店内有健身房和洗衣房，住客免费使用。周边 500 米内即是商场与美食街。	C310
1965	枫叶国际酒店	地址：孙吴县迎宾大道124号（辰清）。联系电话：199-68666569。部分房型可俯瞰城市天际线。可手机自助入住，无接触开门。距车站步行 5 分钟，交通便利。	C310
1966	碧桂酒店	地址：黄梅县中心路357号（蔡山）。联系电话：191-14432262。客房配备记忆棉床垫，保证舒适睡眠。酒店内有健身房和洗衣房，住客免费使用。	C307
1967	沐兰宾馆	地址：黄梅县和平路20号（蔡山）。联系电话：194-23742969 / 048-77058869。距车站步行 5 分钟，交通便利。设有地下停车场与充电桩。含自助早餐，菜品丰富。	C307
1968	悦榕精品酒店	地址：林口县朝阳街244号（楚山）。联系电话：053-84810523 / 022-57663178。酒店内有健身房和洗衣房，住客免费使用。设有地下停车场与充电桩。周边 500 米内即是商场与美食街。	C207
1969	柏栎酒店	地址：林口县人民大道235号（楚山）。联系电话：019-73335851 / 010-83542453。提供高速 Wi‑Fi 及 24 小时热水。含自助早餐，菜品丰富。	C207
1970	沐兰酒店	地址：重庆和平路78号（长寿）。联系电话：017-32648462。部分房型可俯瞰城市天际线。含自助早餐，菜品丰富。设有地下停车场与充电桩。前台多语言服务，支持行李寄存。	C272
1971	碧桂大酒店	地址：重庆朝阳街278号（长寿）。联系电话：182-52499748 / 182-15584848。设有地下停车场与充电桩。距车站步行 5 分钟，交通便利。	C272
1972	星程国际酒店	地址：武安解放路189号（磁山）。联系电话：184-66672444 / 154-86675905。提供高速 Wi‑Fi 及 24 小时热水。客房配备记忆棉床垫，保证舒适睡眠。部分房型可俯瞰城市天际线。	C265
1973	柏栎国际酒店	地址：武安解放路245号（磁山）。联系电话：046-65188341。设有地下停车场与充电桩。距车站步行 5 分钟，交通便利。周边 500 米内即是商场与美食街。提供高速 Wi‑Fi 及 24 小时热水。	C265
1974	月光度假酒店	地址：武安中心路132号（磁山）。联系电话：134-30017570。含自助早餐，菜品丰富。客房配备记忆棉床垫，保证舒适睡眠。周边 500 米内即是商场与美食街。	C265
1975	桔子酒店	地址：武安建设路6号（磁山）。联系电话：180-51337514 / 048-53173288。提供高速 Wi‑Fi 及 24 小时热水。前台多语言服务，支持行李寄存。含自助早餐，菜品丰富。周边 500 米内即是商场与美食街。	C265
1976	柏曼宾馆	地址：清原满族自治县建设路253号（苍石）。联系电话：198-85343373。前台多语言服务，支持行李寄存。部分房型可俯瞰城市天际线。	C132
1977	璞丽国际酒店	地址：清原满族自治县迎宾大道375号（苍石）。联系电话：037-35475326。距车站步行 5 分钟，交通便利。酒店内有健身房和洗衣房，住客免费使用。周边 500 米内即是商场与美食街。	C132
1978	沐兰度假酒店	地址：清原满族自治县朝阳街58号（苍石）。联系电话：039-76620259。提供高速 Wi‑Fi 及 24 小时热水。可手机自助入住，无接触开门。	C132
1979	月光度假酒店	地址：清原满族自治县解放路177号（苍石）。联系电话：131-65682785。部分房型可俯瞰城市天际线。距车站步行 5 分钟，交通便利。前台多语言服务，支持行李寄存。提供高速 Wi‑Fi 及 24 小时热水。	C132
1980	柏栎酒店	地址：清原满族自治县解放路190号（草市）。联系电话：059-76128571。周边 500 米内即是商场与美食街。设有地下停车场与充电桩。	C132
1981	梅园宾馆	地址：清原满族自治县建设路380号（草市）。联系电话：150-78172140 / 024-51175877。距车站步行 5 分钟，交通便利。提供高速 Wi‑Fi 及 24 小时热水。前台多语言服务，支持行李寄存。	C132
1982	桔子酒店	地址：土默特左旗迎宾大道375号（察素齐）。联系电话：037-70089243 / 184-81328513。前台多语言服务，支持行李寄存。部分房型可俯瞰城市天际线。酒店内有健身房和洗衣房，住客免费使用。可手机自助入住，无接触开门。	C061
1983	星程度假酒店	地址：土默特左旗和平路345号（察素齐）。联系电话：184-44872004 / 021-22330131。周边 500 米内即是商场与美食街。前台多语言服务，支持行李寄存。酒店内有健身房和洗衣房，住客免费使用。设有地下停车场与充电桩。	C061
1984	柏栎酒店	地址：土默特左旗迎宾大道396号（察素齐）。联系电话：192-79516611。客房配备记忆棉床垫，保证舒适睡眠。酒店内有健身房和洗衣房，住客免费使用。	C061
1985	悦榕大酒店	地址：前郭尔罗斯蒙古族自治县解放路133号（长山屯）。联系电话：196-51385870。客房配备记忆棉床垫，保证舒适睡眠。周边 500 米内即是商场与美食街。	C154
1986	璞丽酒店	地址：前郭尔罗斯蒙古族自治县解放路373号（长山屯）。联系电话：050-60503756 / 030-28836707。部分房型可俯瞰城市天际线。可手机自助入住，无接触开门。客房配备记忆棉床垫，保证舒适睡眠。前台多语言服务，支持行李寄存。	C154
1987	云栖酒店	地址：长汀县人民大道166号（长汀）。联系电话：150-88682832。提供高速 Wi‑Fi 及 24 小时热水。前台多语言服务，支持行李寄存。酒店内有健身房和洗衣房，住客免费使用。部分房型可俯瞰城市天际线。	C315
1988	柏曼宾馆	地址：长汀县解放路219号（长汀）。联系电话：025-46233793。提供高速 Wi‑Fi 及 24 小时热水。前台多语言服务，支持行李寄存。	C315
1989	柏栎大酒店	地址：广元朝阳街36号（朝天南）。联系电话：017-42341934。部分房型可俯瞰城市天际线。周边 500 米内即是商场与美食街。酒店内有健身房和洗衣房，住客免费使用。可手机自助入住，无接触开门。	C110
1990	楠舍酒店	地址：广元中心路226号（朝天南）。联系电话：158-11244490 / 194-72301817。前台多语言服务，支持行李寄存。可手机自助入住，无接触开门。周边 500 米内即是商场与美食街。	C110
1991	楠舍酒店	地址：广元人民大道397号（朝天南）。联系电话：197-12293353。酒店内有健身房和洗衣房，住客免费使用。提供高速 Wi‑Fi 及 24 小时热水。距车站步行 5 分钟，交通便利。部分房型可俯瞰城市天际线。	C110
1992	桔子大酒店	地址：昌图县建设路53号（昌图西）。联系电话：043-37363490 / 153-56300976。周边 500 米内即是商场与美食街。部分房型可俯瞰城市天际线。客房配备记忆棉床垫，保证舒适睡眠。前台多语言服务，支持行李寄存。	C276
1993	丽枫精品酒店	地址：昌图县建设路312号（昌图西）。联系电话：131-57765001 / 027-38628121。含自助早餐，菜品丰富。客房配备记忆棉床垫，保证舒适睡眠。酒店内有健身房和洗衣房，住客免费使用。提供高速 Wi‑Fi 及 24 小时热水。	C276
1994	璞丽酒店	地址：阳春朝阳街338号（春湾）。联系电话：036-36686348。酒店内有健身房和洗衣房，住客免费使用。含自助早餐，菜品丰富。距车站步行 5 分钟，交通便利。	C289
1995	枫叶国际酒店	地址：阳春和平路293号（春湾）。联系电话：139-63360765。距车站步行 5 分钟，交通便利。提供高速 Wi‑Fi 及 24 小时热水。周边 500 米内即是商场与美食街。	C289
1996	悦榕国际酒店	地址：阳春朝阳街23号（春湾）。联系电话：039-81392574 / 152-50332301。距车站步行 5 分钟，交通便利。提供高速 Wi‑Fi 及 24 小时热水。	C289
1997	雅致酒店	地址：阳春朝阳街55号（春湾）。联系电话：159-60725664。部分房型可俯瞰城市天际线。设有地下停车场与充电桩。	C289
1998	丽枫宾馆	地址：磁县建设路65号（磁县）。联系电话：038-42170535 / 151-90175365。前台多语言服务，支持行李寄存。含自助早餐，菜品丰富。	C265
1999	桔子国际酒店	地址：磁县和平路49号（磁县）。联系电话：156-47615846。周边 500 米内即是商场与美食街。部分房型可俯瞰城市天际线。设有地下停车场与充电桩。	C265
2000	星程宾馆	地址：岑溪解放路76号（岑溪）。联系电话：047-28283710。提供高速 Wi‑Fi 及 24 小时热水。设有地下停车场与充电桩。酒店内有健身房和洗衣房，住客免费使用。	C160
2001	璞丽精品酒店	地址：岑溪迎宾大道367号（岑溪）。联系电话：183-15901644。部分房型可俯瞰城市天际线。周边 500 米内即是商场与美食街。酒店内有健身房和洗衣房，住客免费使用。	C160
2002	花筑宾馆	地址：岑溪解放路222号（岑溪）。联系电话：034-58150062。周边 500 米内即是商场与美食街。部分房型可俯瞰城市天际线。设有地下停车场与充电桩。可手机自助入住，无接触开门。	C160
2003	桔子精品酒店	地址：怀化建设路159号（辰溪）。联系电话：039-84180365。客房配备记忆棉床垫，保证舒适睡眠。前台多语言服务，支持行李寄存。	C125
2004	柏栎国际酒店	地址：怀化朝阳街251号（辰溪）。联系电话：028-66117612 / 052-66261092。含自助早餐，菜品丰富。酒店内有健身房和洗衣房，住客免费使用。	C125
2005	月光度假酒店	地址：武安人民大道121号（磁西）。联系电话：132-21634278。提供高速 Wi‑Fi 及 24 小时热水。部分房型可俯瞰城市天际线。	C265
2006	柏栎度假酒店	地址：武安迎宾大道370号（磁西）。联系电话：024-29508170。部分房型可俯瞰城市天际线。提供高速 Wi‑Fi 及 24 小时热水。客房配备记忆棉床垫，保证舒适睡眠。	C265
2007	桔子酒店	地址：武安和平路234号（磁西）。联系电话：039-44565236。前台多语言服务，支持行李寄存。含自助早餐，菜品丰富。可手机自助入住，无接触开门。	C265
2008	花筑度假酒店	地址：长兴县迎宾大道184号（长兴南）。联系电话：156-41289799 / 186-91095477。部分房型可俯瞰城市天际线。设有地下停车场与充电桩。酒店内有健身房和洗衣房，住客免费使用。	C194
2009	丽枫国际酒店	地址：长兴县和平路189号（长兴南）。联系电话：049-43322479。酒店内有健身房和洗衣房，住客免费使用。提供高速 Wi‑Fi 及 24 小时热水。	C194
2010	星程大酒店	地址：长兴县和平路324号（长兴南）。联系电话：056-24085840。酒店内有健身房和洗衣房，住客免费使用。含自助早餐，菜品丰富。客房配备记忆棉床垫，保证舒适睡眠。提供高速 Wi‑Fi 及 24 小时热水。	C194
2011	桔子度假酒店	地址：宁阳县人民大道377号（磁窑）。联系电话：053-37774221。客房配备记忆棉床垫，保证舒适睡眠。周边 500 米内即是商场与美食街。提供高速 Wi‑Fi 及 24 小时热水。	C177
2012	柏曼宾馆	地址：宁阳县迎宾大道333号（磁窑）。联系电话：030-75316024 / 057-25257946。距车站步行 5 分钟，交通便利。部分房型可俯瞰城市天际线。设有地下停车场与充电桩。	C177
2013	花筑大酒店	地址：汪清县迎宾大道124号（春阳）。联系电话：048-65326021 / 157-55639329。酒店内有健身房和洗衣房，住客免费使用。含自助早餐，菜品丰富。提供高速 Wi‑Fi 及 24 小时热水。	C116
2014	楠舍度假酒店	地址：汪清县建设路124号（春阳）。联系电话：196-77589035 / 053-27213306。设有地下停车场与充电桩。酒店内有健身房和洗衣房，住客免费使用。前台多语言服务，支持行李寄存。客房配备记忆棉床垫，保证舒适睡眠。	C116
2015	柏曼宾馆	地址：汪清县人民大道114号（春阳）。联系电话：199-80237052。可手机自助入住，无接触开门。设有地下停车场与充电桩。周边 500 米内即是商场与美食街。	C116
2016	星程精品酒店	地址：汪清县建设路190号（春阳）。联系电话：057-45937779 / 139-96414209。酒店内有健身房和洗衣房，住客免费使用。前台多语言服务，支持行李寄存。距车站步行 5 分钟，交通便利。	C116
2017	碧桂国际酒店	地址：青岛中心路315号（城阳）。联系电话：197-55781558。前台多语言服务，支持行李寄存。设有地下停车场与充电桩。部分房型可俯瞰城市天际线。客房配备记忆棉床垫，保证舒适睡眠。	C297
2018	花筑精品酒店	地址：青岛人民大道2号（城阳）。联系电话：017-66422995 / 183-43122027。设有地下停车场与充电桩。距车站步行 5 分钟，交通便利。含自助早餐，菜品丰富。可手机自助入住，无接触开门。	C297
2019	锦江酒店	地址：青岛解放路140号（城阳）。联系电话：157-22704071 / 152-93993253。部分房型可俯瞰城市天际线。前台多语言服务，支持行李寄存。	C297
2020	悦榕国际酒店	地址：青岛人民大道106号（城阳）。联系电话：028-27621379 / 027-35832717。周边 500 米内即是商场与美食街。可手机自助入住，无接触开门。	C297
2021	沐兰精品酒店	地址：大庆建设路85号（创业村）。联系电话：136-19496627。距车站步行 5 分钟，交通便利。周边 500 米内即是商场与美食街。	C078
2022	沐兰大酒店	地址：大庆人民大道4号（创业村）。联系电话：153-44905442。距车站步行 5 分钟，交通便利。酒店内有健身房和洗衣房，住客免费使用。前台多语言服务，支持行李寄存。部分房型可俯瞰城市天际线。	C078
2023	锦江宾馆	地址：延吉迎宾大道42号（朝阳川）。联系电话：181-23552806 / 199-91138211。客房配备记忆棉床垫，保证舒适睡眠。周边 500 米内即是商场与美食街。酒店内有健身房和洗衣房，住客免费使用。	C116
2024	月光精品酒店	地址：延吉迎宾大道106号（朝阳川）。联系电话：026-37794664 / 022-28727002。含自助早餐，菜品丰富。距车站步行 5 分钟，交通便利。	C116
2025	花筑国际酒店	地址：延吉人民大道1号（朝阳川）。联系电话：185-24429888 / 021-64516436。前台多语言服务，支持行李寄存。提供高速 Wi‑Fi 及 24 小时热水。部分房型可俯瞰城市天际线。	C116
2026	月光度假酒店	地址：围场满族蒙古族自治县迎宾大道134号（朝阳地）。联系电话：047-55359779。距车站步行 5 分钟，交通便利。酒店内有健身房和洗衣房，住客免费使用。前台多语言服务，支持行李寄存。部分房型可俯瞰城市天际线。	C130
2027	云栖国际酒店	地址：围场满族蒙古族自治县中心路188号（朝阳地）。联系电话：052-23853522 / 184-14085011。含自助早餐，菜品丰富。设有地下停车场与充电桩。酒店内有健身房和洗衣房，住客免费使用。周边 500 米内即是商场与美食街。	C130
2028	悦榕度假酒店	地址：朝阳人民大道189号（朝阳南）。联系电话：044-85700138 / 196-89758440。含自助早餐，菜品丰富。设有地下停车场与充电桩。距车站步行 5 分钟，交通便利。	C150
2029	桔子国际酒店	地址：朝阳迎宾大道300号（朝阳南）。联系电话：185-44432165 / 049-54607281。酒店内有健身房和洗衣房，住客免费使用。客房配备记忆棉床垫，保证舒适睡眠。含自助早餐，菜品丰富。	C150
2030	丽枫酒店	地址：长垣县解放路364号（长垣）。联系电话：133-48099237 / 047-57920235。前台多语言服务，支持行李寄存。部分房型可俯瞰城市天际线。	C137
2031	梅园大酒店	地址：长垣县人民大道72号（长垣）。联系电话：187-87515733。部分房型可俯瞰城市天际线。设有地下停车场与充电桩。可手机自助入住，无接触开门。	C137
2032	云栖精品酒店	地址：长垣县解放路11号（长垣）。联系电话：193-36812076 / 030-57866801。可手机自助入住，无接触开门。酒店内有健身房和洗衣房，住客免费使用。部分房型可俯瞰城市天际线。提供高速 Wi‑Fi 及 24 小时热水。	C137
2033	楠舍度假酒店	地址：长垣县解放路340号（长垣）。联系电话：156-80210636。提供高速 Wi‑Fi 及 24 小时热水。距车站步行 5 分钟，交通便利。前台多语言服务，支持行李寄存。	C137
2034	悦榕精品酒店	地址：辉南县朝阳街391号（朝阳镇）。联系电话：033-60407184。提供高速 Wi‑Fi 及 24 小时热水。客房配备记忆棉床垫，保证舒适睡眠。含自助早餐，菜品丰富。酒店内有健身房和洗衣房，住客免费使用。	C259
2035	楠舍国际酒店	地址：辉南县解放路13号（朝阳镇）。联系电话：151-42305158。可手机自助入住，无接触开门。设有地下停车场与充电桩。周边 500 米内即是商场与美食街。	C259
2036	悦榕大酒店	地址：滁州和平路172号（滁州北）。联系电话：195-33240487。提供高速 Wi‑Fi 及 24 小时热水。客房配备记忆棉床垫，保证舒适睡眠。	C198
2037	碧桂精品酒店	地址：滁州中心路316号（滁州北）。联系电话：011-59611851。周边 500 米内即是商场与美食街。设有地下停车场与充电桩。	C198
2038	雅致精品酒店	地址：滁州人民大道191号（滁州北）。联系电话：156-84431988。距车站步行 5 分钟，交通便利。部分房型可俯瞰城市天际线。前台多语言服务，支持行李寄存。	C198
2039	桔子度假酒店	地址：常州建设路151号（常州北）。联系电话：042-62489007。酒店内有健身房和洗衣房，住客免费使用。周边 500 米内即是商场与美食街。可手机自助入住，无接触开门。部分房型可俯瞰城市天际线。	C106
2040	沐兰国际酒店	地址：常州建设路17号（常州北）。联系电话：130-24027228 / 157-62442614。设有地下停车场与充电桩。前台多语言服务，支持行李寄存。可手机自助入住，无接触开门。部分房型可俯瞰城市天际线。	C106
2041	悦榕酒店	地址：常州解放路184号（常州北）。联系电话：015-40967368。前台多语言服务，支持行李寄存。距车站步行 5 分钟，交通便利。周边 500 米内即是商场与美食街。	C106
2042	锦江精品酒店	地址：常州解放路48号（常州北）。联系电话：151-74171470 / 198-46362531。前台多语言服务，支持行李寄存。周边 500 米内即是商场与美食街。设有地下停车场与充电桩。提供高速 Wi‑Fi 及 24 小时热水。	C106
2043	桔子宾馆	地址：滁州中心路189号（滁州）。联系电话：030-82515889 / 153-72908427。设有地下停车场与充电桩。前台多语言服务，支持行李寄存。	C198
2044	楠舍酒店	地址：滁州中心路262号（滁州）。联系电话：192-58392212 / 018-75914467。前台多语言服务，支持行李寄存。距车站步行 5 分钟，交通便利。	C198
2045	悦榕国际酒店	地址：滁州人民大道344号（滁州）。联系电话：138-20814661 / 056-45470853。周边 500 米内即是商场与美食街。提供高速 Wi‑Fi 及 24 小时热水。	C198
2046	雅致精品酒店	地址：滁州建设路166号（滁州）。联系电话：194-55393689。含自助早餐，菜品丰富。部分房型可俯瞰城市天际线。距车站步行 5 分钟，交通便利。客房配备记忆棉床垫，保证舒适睡眠。	C198
2047	云栖国际酒店	地址：潮州朝阳街361号（潮州）。联系电话：041-66137096 / 014-69722465。可手机自助入住，无接触开门。含自助早餐，菜品丰富。周边 500 米内即是商场与美食街。部分房型可俯瞰城市天际线。	C203
2048	悦榕宾馆	地址：潮州建设路387号（潮州）。联系电话：023-74159285 / 153-63525941。设有地下停车场与充电桩。周边 500 米内即是商场与美食街。	C203
2049	璞丽酒店	地址：济南建设路52号（常庄）。联系电话：026-60529206。含自助早餐，菜品丰富。酒店内有健身房和洗衣房，住客免费使用。设有地下停车场与充电桩。	C180
2050	楠舍精品酒店	地址：济南朝阳街104号（常庄）。联系电话：053-27170467 / 185-49348725。设有地下停车场与充电桩。部分房型可俯瞰城市天际线。可手机自助入住，无接触开门。提供高速 Wi‑Fi 及 24 小时热水。	C180
2051	月光酒店	地址：济南建设路253号（常庄）。联系电话：189-31175504 / 037-34878925。提供高速 Wi‑Fi 及 24 小时热水。距车站步行 5 分钟，交通便利。设有地下停车场与充电桩。	C180
2052	花筑度假酒店	地址：济南迎宾大道333号（常庄）。联系电话：191-26961149 / 017-31744086。提供高速 Wi‑Fi 及 24 小时热水。设有地下停车场与充电桩。可手机自助入住，无接触开门。	C180
2053	星程国际酒店	地址：天津建设路143号（曹子里）。联系电话：039-67010118 / 153-55360480。提供高速 Wi‑Fi 及 24 小时热水。周边 500 米内即是商场与美食街。距车站步行 5 分钟，交通便利。	C082
2054	锦江大酒店	地址：天津建设路376号（曹子里）。联系电话：040-76479514 / 053-47306663。可手机自助入住，无接触开门。设有地下停车场与充电桩。部分房型可俯瞰城市天际线。	C082
2055	璞丽宾馆	地址：天津人民大道367号（曹子里）。联系电话：151-39065924。设有地下停车场与充电桩。酒店内有健身房和洗衣房，住客免费使用。距车站步行 5 分钟，交通便利。含自助早餐，菜品丰富。	C082
2056	璞丽大酒店	地址：富源县和平路147号（车转湾）。联系电话：030-29621040。部分房型可俯瞰城市天际线。距车站步行 5 分钟，交通便利。	C148
2057	梅园大酒店	地址：富源县和平路196号（车转湾）。联系电话：132-11118365 / 040-50966334。设有地下停车场与充电桩。前台多语言服务，支持行李寄存。	C148
2058	星程酒店	地址：富源县中心路195号（车转湾）。联系电话：032-25209506 / 044-58704491。距车站步行 5 分钟，交通便利。设有地下停车场与充电桩。可手机自助入住，无接触开门。	C148
2059	梅园精品酒店	地址：郴州建设路249号（郴州西）。联系电话：154-56396845。提供高速 Wi‑Fi 及 24 小时热水。部分房型可俯瞰城市天际线。可手机自助入住，无接触开门。	C268
2060	柏栎精品酒店	地址：郴州中心路352号（郴州西）。联系电话：011-46369744。距车站步行 5 分钟，交通便利。前台多语言服务，支持行李寄存。	C268
2061	丽枫精品酒店	地址：郴州解放路227号（郴州西）。联系电话：016-22445800 / 025-79279476。周边 500 米内即是商场与美食街。距车站步行 5 分钟，交通便利。酒店内有健身房和洗衣房，住客免费使用。可手机自助入住，无接触开门。	C268
2062	柏曼精品酒店	地址：沧县朝阳街147号（沧州西）。联系电话：058-32437362 / 038-77477645。距车站步行 5 分钟，交通便利。客房配备记忆棉床垫，保证舒适睡眠。周边 500 米内即是商场与美食街。	C173
2063	楠舍精品酒店	地址：沧县人民大道47号（沧州西）。联系电话：132-89653651 / 157-14866562。前台多语言服务，支持行李寄存。含自助早餐，菜品丰富。设有地下停车场与充电桩。	C173
2064	柏曼国际酒店	地址：德安县迎宾大道264号（德安）。联系电话：058-21934351。距车站步行 5 分钟，交通便利。客房配备记忆棉床垫，保证舒适睡眠。周边 500 米内即是商场与美食街。设有地下停车场与充电桩。	C020
2065	锦江国际酒店	地址：德安县朝阳街249号（德安）。联系电话：031-52765046 / 155-30108871。设有地下停车场与充电桩。周边 500 米内即是商场与美食街。含自助早餐，菜品丰富。酒店内有健身房和洗衣房，住客免费使用。	C020
2066	楠舍大酒店	地址：大安迎宾大道192号（大安）。联系电话：043-59781813。客房配备记忆棉床垫，保证舒适睡眠。酒店内有健身房和洗衣房，住客免费使用。	C211
2067	雅致宾馆	地址：大安迎宾大道285号（大安）。联系电话：012-51455478。含自助早餐，菜品丰富。酒店内有健身房和洗衣房，住客免费使用。	C211
2068	梅园大酒店	地址：大安迎宾大道310号（大安）。联系电话：011-79557722 / 012-34272557。前台多语言服务，支持行李寄存。可手机自助入住，无接触开门。	C211
2069	星程大酒店	地址：大安人民大道21号（大安）。联系电话：045-69662994 / 051-32623329。前台多语言服务，支持行李寄存。设有地下停车场与充电桩。周边 500 米内即是商场与美食街。	C211
2070	云栖度假酒店	地址：青铜峡中心路155号（大坝）。联系电话：132-96770812。可手机自助入住，无接触开门。周边 500 米内即是商场与美食街。距车站步行 5 分钟，交通便利。客房配备记忆棉床垫，保证舒适睡眠。	C058
2071	悦榕大酒店	地址：青铜峡建设路166号（大坝）。联系电话：157-51577689。部分房型可俯瞰城市天际线。距车站步行 5 分钟，交通便利。	C058
2072	星程国际酒店	地址：青铜峡解放路313号（大坝）。联系电话：028-75164649 / 047-73136840。客房配备记忆棉床垫，保证舒适睡眠。提供高速 Wi‑Fi 及 24 小时热水。部分房型可俯瞰城市天际线。距车站步行 5 分钟，交通便利。	C058
2073	梅园度假酒店	地址：巴林右旗人民大道9号（大板）。联系电话：033-88890693。周边 500 米内即是商场与美食街。部分房型可俯瞰城市天际线。含自助早餐，菜品丰富。	C253
2074	雅致精品酒店	地址：巴林右旗中心路245号（大板）。联系电话：195-91318459 / 151-86931782。部分房型可俯瞰城市天际线。设有地下停车场与充电桩。	C253
2075	锦江酒店	地址：阜新蒙古族自治县人民大道394号（大巴）。联系电话：157-65698067 / 026-25316589。酒店内有健身房和洗衣房，住客免费使用。设有地下停车场与充电桩。距车站步行 5 分钟，交通便利。部分房型可俯瞰城市天际线。	C286
2076	桔子度假酒店	地址：阜新蒙古族自治县人民大道271号（大巴）。联系电话：196-45118388。可手机自助入住，无接触开门。前台多语言服务，支持行李寄存。部分房型可俯瞰城市天际线。	C286
2077	悦榕国际酒店	地址：阜新蒙古族自治县迎宾大道213号（大巴）。联系电话：159-55105091。客房配备记忆棉床垫，保证舒适睡眠。距车站步行 5 分钟，交通便利。部分房型可俯瞰城市天际线。	C286
2078	楠舍度假酒店	地址：阜新蒙古族自治县迎宾大道154号（大巴）。联系电话：189-23844368。前台多语言服务，支持行李寄存。设有地下停车场与充电桩。客房配备记忆棉床垫，保证舒适睡眠。可手机自助入住，无接触开门。	C286
2079	丽枫精品酒店	地址：茂名中心路78号（电白）。联系电话：054-65574355 / 027-44836976。前台多语言服务，支持行李寄存。酒店内有健身房和洗衣房，住客免费使用。含自助早餐，菜品丰富。	C232
2080	雅致酒店	地址：茂名建设路340号（电白）。联系电话：192-67562552。含自助早餐，菜品丰富。设有地下停车场与充电桩。	C232
2081	柏栎酒店	地址：茂名迎宾大道240号（电白）。联系电话：016-60132636 / 049-27272465。提供高速 Wi‑Fi 及 24 小时热水。部分房型可俯瞰城市天际线。可手机自助入住，无接触开门。	C232
2082	花筑度假酒店	地址：茂名迎宾大道136号（电白）。联系电话：154-38270434。部分房型可俯瞰城市天际线。周边 500 米内即是商场与美食街。	C232
2083	梅园度假酒店	地址：白城解放路5号（到保）。联系电话：151-13424849。可手机自助入住，无接触开门。含自助早餐，菜品丰富。设有地下停车场与充电桩。	C211
2084	星程酒店	地址：白城解放路281号（到保）。联系电话：184-65541836。部分房型可俯瞰城市天际线。酒店内有健身房和洗衣房，住客免费使用。距车站步行 5 分钟，交通便利。前台多语言服务，支持行李寄存。	C211
2085	锦江大酒店	地址：乌鲁木齐建设路322号（达坂城）。联系电话：137-99834810。周边 500 米内即是商场与美食街。可手机自助入住，无接触开门。设有地下停车场与充电桩。	C018
2086	沐兰国际酒店	地址：乌鲁木齐人民大道324号（达坂城）。联系电话：130-38307039。设有地下停车场与充电桩。可手机自助入住，无接触开门。	C018
2087	星程国际酒店	地址：乌鲁木齐中心路281号（达坂城）。联系电话：011-32296935。周边 500 米内即是商场与美食街。部分房型可俯瞰城市天际线。含自助早餐，菜品丰富。	C018
2088	雅致大酒店	地址：乌鲁木齐建设路190号（达坂城）。联系电话：042-54260676。可手机自助入住，无接触开门。含自助早餐，菜品丰富。提供高速 Wi‑Fi 及 24 小时热水。	C018
2089	花筑精品酒店	地址：定边县解放路370号（定边）。联系电话：151-81502180。酒店内有健身房和洗衣房，住客免费使用。部分房型可俯瞰城市天际线。	C162
2090	枫叶酒店	地址：定边县朝阳街43号（定边）。联系电话：030-87186663 / 196-51522490。周边 500 米内即是商场与美食街。提供高速 Wi‑Fi 及 24 小时热水。	C162
2091	月光宾馆	地址：定边县中心路324号（定边）。联系电话：156-85954812 / 041-57525965。部分房型可俯瞰城市天际线。含自助早餐，菜品丰富。客房配备记忆棉床垫，保证舒适睡眠。	C162
2092	悦榕度假酒店	地址：定边县迎宾大道306号（定边）。联系电话：191-67801972 / 182-75875258。周边 500 米内即是商场与美食街。酒店内有健身房和洗衣房，住客免费使用。距车站步行 5 分钟，交通便利。	C162
2093	雅致大酒店	地址：海伦解放路178号（东边井）。联系电话：136-87927722 / 183-79457605。前台多语言服务，支持行李寄存。距车站步行 5 分钟，交通便利。可手机自助入住，无接触开门。含自助早餐，菜品丰富。	C225
2094	璞丽国际酒店	地址：海伦朝阳街193号（东边井）。联系电话：184-43679097 / 053-23969918。周边 500 米内即是商场与美食街。含自助早餐，菜品丰富。设有地下停车场与充电桩。	C225
2095	月光宾馆	地址：海伦迎宾大道172号（东边井）。联系电话：053-32215534 / 191-34333526。前台多语言服务，支持行李寄存。部分房型可俯瞰城市天际线。可手机自助入住，无接触开门。周边 500 米内即是商场与美食街。	C225
2096	花筑度假酒店	地址：科尔沁右翼前旗中心路170号（德伯斯）。联系电话：058-82031319 / 051-57138022。前台多语言服务，支持行李寄存。含自助早餐，菜品丰富。部分房型可俯瞰城市天际线。距车站步行 5 分钟，交通便利。	C035
2097	柏栎度假酒店	地址：科尔沁右翼前旗朝阳街221号（德伯斯）。联系电话：195-14437027。含自助早餐，菜品丰富。前台多语言服务，支持行李寄存。距车站步行 5 分钟，交通便利。	C035
2098	星程精品酒店	地址：科尔沁右翼前旗解放路6号（德伯斯）。联系电话：042-79341565。可手机自助入住，无接触开门。距车站步行 5 分钟，交通便利。酒店内有健身房和洗衣房，住客免费使用。提供高速 Wi‑Fi 及 24 小时热水。	C035
2099	柏曼精品酒店	地址：科尔沁右翼前旗解放路308号（德伯斯）。联系电话：156-35748452。部分房型可俯瞰城市天际线。周边 500 米内即是商场与美食街。可手机自助入住，无接触开门。	C035
2100	梅园大酒店	地址：天祝藏族自治县和平路287号（打柴沟）。联系电话：016-45779181 / 045-32615107。可手机自助入住，无接触开门。酒店内有健身房和洗衣房，住客免费使用。	C163
2101	星程酒店	地址：天祝藏族自治县人民大道37号（打柴沟）。联系电话：189-20968356。酒店内有健身房和洗衣房，住客免费使用。提供高速 Wi‑Fi 及 24 小时热水。周边 500 米内即是商场与美食街。前台多语言服务，支持行李寄存。	C163
2102	桔子国际酒店	地址：德昌县人民大道371号（德昌）。联系电话：196-40387801。提供高速 Wi‑Fi 及 24 小时热水。设有地下停车场与充电桩。部分房型可俯瞰城市天际线。周边 500 米内即是商场与美食街。	C037
2103	枫叶宾馆	地址：德昌县迎宾大道324号（德昌）。联系电话：022-80060643。部分房型可俯瞰城市天际线。含自助早餐，菜品丰富。提供高速 Wi‑Fi 及 24 小时热水。周边 500 米内即是商场与美食街。	C037
2104	沐兰大酒店	地址：德昌县建设路229号（德昌）。联系电话：156-84435794 / 040-27033527。部分房型可俯瞰城市天际线。周边 500 米内即是商场与美食街。前台多语言服务，支持行李寄存。提供高速 Wi‑Fi 及 24 小时热水。	C037
2105	枫叶国际酒店	地址：鸡西和平路28号（滴道）。联系电话：043-20244482 / 137-29844721。距车站步行 5 分钟，交通便利。提供高速 Wi‑Fi 及 24 小时热水。可手机自助入住，无接触开门。	C303
2106	碧桂酒店	地址：鸡西人民大道306号（滴道）。联系电话：136-23109271 / 049-24813257。提供高速 Wi‑Fi 及 24 小时热水。可手机自助入住，无接触开门。周边 500 米内即是商场与美食街。含自助早餐，菜品丰富。	C303
2107	云栖大酒店	地址：鸡西和平路224号（滴道）。联系电话：158-44812582 / 036-39810731。酒店内有健身房和洗衣房，住客免费使用。设有地下停车场与充电桩。客房配备记忆棉床垫，保证舒适睡眠。	C303
2108	璞丽宾馆	地址：鸡西和平路320号（滴道）。联系电话：138-23634481。可手机自助入住，无接触开门。设有地下停车场与充电桩。	C303
2109	锦江宾馆	地址：石嘴山建设路12号（大磴沟）。联系电话：049-54753502。酒店内有健身房和洗衣房，住客免费使用。含自助早餐，菜品丰富。设有地下停车场与充电桩。距车站步行 5 分钟，交通便利。	C219
2110	月光国际酒店	地址：石嘴山建设路104号（大磴沟）。联系电话：037-28471015 / 030-88256752。距车站步行 5 分钟，交通便利。可手机自助入住，无接触开门。客房配备记忆棉床垫，保证舒适睡眠。	C219
2111	丽枫酒店	地址：石嘴山中心路303号（大磴沟）。联系电话：031-41703023 / 198-70914329。提供高速 Wi‑Fi 及 24 小时热水。可手机自助入住，无接触开门。	C219
2112	锦江国际酒店	地址：凌源和平路119号（刀尔登）。联系电话：152-97330646。客房配备记忆棉床垫，保证舒适睡眠。提供高速 Wi‑Fi 及 24 小时热水。	C150
2113	楠舍国际酒店	地址：凌源迎宾大道186号（刀尔登）。联系电话：134-86359962。设有地下停车场与充电桩。距车站步行 5 分钟，交通便利。酒店内有健身房和洗衣房，住客免费使用。	C150
2114	柏曼度假酒店	地址：凌源建设路38号（刀尔登）。联系电话：156-65799644。可手机自助入住，无接触开门。距车站步行 5 分钟，交通便利。	C150
2115	璞丽酒店	地址：根河中心路169号（得耳布尔）。联系电话：014-78395355。酒店内有健身房和洗衣房，住客免费使用。部分房型可俯瞰城市天际线。可手机自助入住，无接触开门。设有地下停车场与充电桩。	C060
2116	云栖国际酒店	地址：根河中心路230号（得耳布尔）。联系电话：138-26883439。距车站步行 5 分钟，交通便利。设有地下停车场与充电桩。含自助早餐，菜品丰富。酒店内有健身房和洗衣房，住客免费使用。	C060
2117	璞丽大酒店	地址：杜尔伯特蒙古族自治县和平路328号（杜尔伯特）。联系电话：158-71280833 / 030-76794599。酒店内有健身房和洗衣房，住客免费使用。周边 500 米内即是商场与美食街。	C078
2118	云栖精品酒店	地址：杜尔伯特蒙古族自治县和平路210号（杜尔伯特）。联系电话：051-29620032。距车站步行 5 分钟，交通便利。含自助早餐，菜品丰富。	C078
2119	柏曼精品酒店	地址：东方人民大道147号（东方）。联系电话：183-25588950。提供高速 Wi‑Fi 及 24 小时热水。部分房型可俯瞰城市天际线。客房配备记忆棉床垫，保证舒适睡眠。酒店内有健身房和洗衣房，住客免费使用。	C319
2120	锦江国际酒店	地址：东方中心路317号（东方）。联系电话：012-70481535 / 032-27646895。酒店内有健身房和洗衣房，住客免费使用。客房配备记忆棉床垫，保证舒适睡眠。可手机自助入住，无接触开门。	C319
2121	柏栎大酒店	地址：丹凤县朝阳街10号（丹凤）。联系电话：010-39352709。客房配备记忆棉床垫，保证舒适睡眠。距车站步行 5 分钟，交通便利。	C069
2122	碧桂精品酒店	地址：丹凤县迎宾大道260号（丹凤）。联系电话：135-52101308 / 132-15765245。周边 500 米内即是商场与美食街。含自助早餐，菜品丰富。	C069
2123	柏曼酒店	地址：丹凤县朝阳街55号（丹凤）。联系电话：184-88793203。距车站步行 5 分钟，交通便利。周边 500 米内即是商场与美食街。部分房型可俯瞰城市天际线。前台多语言服务，支持行李寄存。	C069
2124	璞丽大酒店	地址：丹凤县和平路399号（丹凤）。联系电话：153-30656560。部分房型可俯瞰城市天际线。周边 500 米内即是商场与美食街。距车站步行 5 分钟，交通便利。	C069
2125	楠舍宾馆	地址：东丰县人民大道51号（东丰）。联系电话：046-85473916。含自助早餐，菜品丰富。客房配备记忆棉床垫，保证舒适睡眠。前台多语言服务，支持行李寄存。	C254
2126	云栖国际酒店	地址：东丰县建设路15号（东丰）。联系电话：133-79135978 / 197-63353187。客房配备记忆棉床垫，保证舒适睡眠。部分房型可俯瞰城市天际线。	C254
2127	星程宾馆	地址：东丰县朝阳街387号（东丰）。联系电话：024-58982391 / 133-99302749。客房配备记忆棉床垫，保证舒适睡眠。周边 500 米内即是商场与美食街。	C254
2128	柏曼酒店	地址：东丰县人民大道345号（东丰）。联系电话：192-31239571 / 153-22106432。酒店内有健身房和洗衣房，住客免费使用。距车站步行 5 分钟，交通便利。	C254
2129	丽枫度假酒店	地址：水城县人民大道395号（都格）。联系电话：156-10788569 / 181-87372968。距车站步行 5 分钟，交通便利。可手机自助入住，无接触开门。	C033
2130	碧桂国际酒店	地址：水城县朝阳街278号（都格）。联系电话：027-73294065 / 029-48518012。设有地下停车场与充电桩。可手机自助入住，无接触开门。部分房型可俯瞰城市天际线。客房配备记忆棉床垫，保证舒适睡眠。	C033
2131	枫叶大酒店	地址：抚顺迎宾大道117号（大官屯）。联系电话：135-46118238 / 135-13541585。距车站步行 5 分钟，交通便利。设有地下停车场与充电桩。	C132
2132	月光度假酒店	地址：抚顺和平路308号（大官屯）。联系电话：035-87709255 / 023-55199045。设有地下停车场与充电桩。可手机自助入住，无接触开门。部分房型可俯瞰城市天际线。酒店内有健身房和洗衣房，住客免费使用。	C132
2133	锦江酒店	地址：抚顺朝阳街89号（大官屯）。联系电话：050-65094850。周边 500 米内即是商场与美食街。设有地下停车场与充电桩。距车站步行 5 分钟，交通便利。客房配备记忆棉床垫，保证舒适睡眠。	C132
2134	悦榕精品酒店	地址：大关县和平路338号（大关）。联系电话：139-73863203 / 053-72361160。可手机自助入住，无接触开门。前台多语言服务，支持行李寄存。	C144
2135	星程精品酒店	地址：大关县解放路224号（大关）。联系电话：187-81320383。设有地下停车场与充电桩。距车站步行 5 分钟，交通便利。	C144
2136	柏曼大酒店	地址：大关县迎宾大道152号（大关）。联系电话：019-21902546。含自助早餐，菜品丰富。客房配备记忆棉床垫，保证舒适睡眠。部分房型可俯瞰城市天际线。提供高速 Wi‑Fi 及 24 小时热水。	C144
2137	柏曼精品酒店	地址：东光县建设路65号（东光）。联系电话：051-24043159 / 030-21797845。距车站步行 5 分钟，交通便利。客房配备记忆棉床垫，保证舒适睡眠。含自助早餐，菜品丰富。	C173
2138	沐兰国际酒店	地址：东光县迎宾大道11号（东光）。联系电话：189-21915697 / 132-75050219。酒店内有健身房和洗衣房，住客免费使用。可手机自助入住，无接触开门。	C173
2139	桔子大酒店	地址：东光县和平路332号（东光）。联系电话：130-55155074 / 033-87162223。可手机自助入住，无接触开门。前台多语言服务，支持行李寄存。含自助早餐，菜品丰富。部分房型可俯瞰城市天际线。	C173
2140	悦榕大酒店	地址：鸡东县中心路217号（东海）。联系电话：028-43162780。周边 500 米内即是商场与美食街。客房配备记忆棉床垫，保证舒适睡眠。	C303
2141	锦江酒店	地址：鸡东县朝阳街14号（东海）。联系电话：197-35553894。酒店内有健身房和洗衣房，住客免费使用。提供高速 Wi‑Fi 及 24 小时热水。前台多语言服务，支持行李寄存。部分房型可俯瞰城市天际线。	C303
2142	梅园大酒店	地址：北京人民大道238号（大灰厂）。联系电话：010-32903927 / 193-63801987。前台多语言服务，支持行李寄存。可手机自助入住，无接触开门。提供高速 Wi‑Fi 及 24 小时热水。周边 500 米内即是商场与美食街。	C039
2143	枫叶宾馆	地址：北京解放路311号（大灰厂）。联系电话：189-23250809。客房配备记忆棉床垫，保证舒适睡眠。周边 500 米内即是商场与美食街。	C039
2144	柏曼酒店	地址：北京迎宾大道8号（大灰厂）。联系电话：050-66499391。部分房型可俯瞰城市天际线。距车站步行 5 分钟，交通便利。设有地下停车场与充电桩。客房配备记忆棉床垫，保证舒适睡眠。	C039
2145	碧桂大酒店	地址：北京和平路169号（大灰厂）。联系电话：157-52132942。部分房型可俯瞰城市天际线。设有地下停车场与充电桩。前台多语言服务，支持行李寄存。周边 500 米内即是商场与美食街。	C039
2146	云栖国际酒店	地址：新民和平路110号（大红旗）。联系电话：052-88380682。距车站步行 5 分钟，交通便利。客房配备记忆棉床垫，保证舒适睡眠。可手机自助入住，无接触开门。含自助早餐，菜品丰富。	C172
2147	枫叶大酒店	地址：新民迎宾大道345号（大红旗）。联系电话：185-83225270。酒店内有健身房和洗衣房，住客免费使用。部分房型可俯瞰城市天际线。含自助早餐，菜品丰富。	C172
2148	悦榕大酒店	地址：新民建设路271号（大红旗）。联系电话：184-76848758。部分房型可俯瞰城市天际线。酒店内有健身房和洗衣房，住客免费使用。设有地下停车场与充电桩。	C172
2149	丽枫酒店	地址：邵东县解放路53号（大禾塘）。联系电话：015-72892588 / 054-68893601。可手机自助入住，无接触开门。酒店内有健身房和洗衣房，住客免费使用。距车站步行 5 分钟，交通便利。提供高速 Wi‑Fi 及 24 小时热水。	C266
2150	枫叶酒店	地址：邵东县朝阳街249号（大禾塘）。联系电话：029-67310872。客房配备记忆棉床垫，保证舒适睡眠。酒店内有健身房和洗衣房，住客免费使用。含自助早餐，菜品丰富。	C266
2151	柏栎宾馆	地址：邵东县朝阳街288号（大禾塘）。联系电话：133-41564638。提供高速 Wi‑Fi 及 24 小时热水。含自助早餐，菜品丰富。客房配备记忆棉床垫，保证舒适睡眠。	C266
2152	璞丽宾馆	地址：德惠解放路305号（德惠西）。联系电话：034-82095526 / 183-27773503。客房配备记忆棉床垫，保证舒适睡眠。含自助早餐，菜品丰富。部分房型可俯瞰城市天际线。设有地下停车场与充电桩。	C283
2153	锦江酒店	地址：德惠解放路277号（德惠西）。联系电话：199-55383298 / 131-40482601。含自助早餐，菜品丰富。距车站步行 5 分钟，交通便利。周边 500 米内即是商场与美食街。	C283
2154	丽枫精品酒店	地址：东海县人民大道202号（东海县）。联系电话：053-68204328 / 034-56226585。部分房型可俯瞰城市天际线。提供高速 Wi‑Fi 及 24 小时热水。周边 500 米内即是商场与美食街。可手机自助入住，无接触开门。	C258
2155	柏曼酒店	地址：东海县和平路54号（东海县）。联系电话：018-21139442 / 049-86762019。可手机自助入住，无接触开门。前台多语言服务，支持行李寄存。	C258
2156	璞丽国际酒店	地址：德惠和平路352号（达家沟）。联系电话：010-22918202 / 155-64943806。设有地下停车场与充电桩。距车站步行 5 分钟，交通便利。部分房型可俯瞰城市天际线。含自助早餐，菜品丰富。	C283
2157	星程宾馆	地址：德惠人民大道332号（达家沟）。联系电话：017-35261936。可手机自助入住，无接触开门。含自助早餐，菜品丰富。提供高速 Wi‑Fi 及 24 小时热水。周边 500 米内即是商场与美食街。	C283
2158	梅园国际酒店	地址：德惠中心路320号（达家沟）。联系电话：190-68681858 / 156-58488083。提供高速 Wi‑Fi 及 24 小时热水。酒店内有健身房和洗衣房，住客免费使用。客房配备记忆棉床垫，保证舒适睡眠。可手机自助入住，无接触开门。	C283
2159	桔子度假酒店	地址：德惠建设路388号（达家沟）。联系电话：191-26349599。部分房型可俯瞰城市天际线。距车站步行 5 分钟，交通便利。设有地下停车场与充电桩。客房配备记忆棉床垫，保证舒适睡眠。	C283
2160	楠舍酒店	地址：绥化解放路209号（东津）。联系电话：159-21604023 / 135-59399476。周边 500 米内即是商场与美食街。部分房型可俯瞰城市天际线。客房配备记忆棉床垫，保证舒适睡眠。含自助早餐，菜品丰富。	C225
2161	花筑宾馆	地址：绥化中心路6号（东津）。联系电话：044-37520131。部分房型可俯瞰城市天际线。可手机自助入住，无接触开门。	C225
2162	楠舍大酒店	地址：绥化朝阳街204号（东津）。联系电话：020-48173175 / 050-54467051。部分房型可俯瞰城市天际线。可手机自助入住，无接触开门。	C225
2163	楠舍度假酒店	地址：绥化迎宾大道27号（东津）。联系电话：195-52491160。含自助早餐，菜品丰富。客房配备记忆棉床垫，保证舒适睡眠。	C225
2164	枫叶宾馆	地址：五常迎宾大道387号（杜家）。联系电话：036-44572856 / 151-11888175。酒店内有健身房和洗衣房，住客免费使用。设有地下停车场与充电桩。前台多语言服务，支持行李寄存。距车站步行 5 分钟，交通便利。	C066
2165	碧桂国际酒店	地址：五常中心路231号（杜家）。联系电话：052-88182058。前台多语言服务，支持行李寄存。含自助早餐，菜品丰富。酒店内有健身房和洗衣房，住客免费使用。	C066
2166	柏曼国际酒店	地址：天津解放路32号（大口屯）。联系电话：058-61043979。含自助早餐，菜品丰富。前台多语言服务，支持行李寄存。	C082
2167	璞丽大酒店	地址：天津朝阳街55号（大口屯）。联系电话：013-88895096。前台多语言服务，支持行李寄存。可手机自助入住，无接触开门。设有地下停车场与充电桩。部分房型可俯瞰城市天际线。	C082
2168	楠舍度假酒店	地址：开鲁县解放路318号（东来）。联系电话：183-82810662。提供高速 Wi‑Fi 及 24 小时热水。设有地下停车场与充电桩。酒店内有健身房和洗衣房，住客免费使用。	C260
2169	桔子度假酒店	地址：开鲁县中心路260号（东来）。联系电话：153-17523091 / 131-69388334。提供高速 Wi‑Fi 及 24 小时热水。周边 500 米内即是商场与美食街。部分房型可俯瞰城市天际线。距车站步行 5 分钟，交通便利。	C260
2170	桔子国际酒店	地址：开鲁县朝阳街371号（东来）。联系电话：180-11040358。周边 500 米内即是商场与美食街。客房配备记忆棉床垫，保证舒适睡眠。前台多语言服务，支持行李寄存。含自助早餐，菜品丰富。	C260
2171	悦榕大酒店	地址：开鲁县和平路254号（东来）。联系电话：184-12975925。酒店内有健身房和洗衣房，住客免费使用。设有地下停车场与充电桩。前台多语言服务，支持行李寄存。客房配备记忆棉床垫，保证舒适睡眠。	C260
2172	枫叶精品酒店	地址：德令哈迎宾大道164号（德令哈）。联系电话：133-56101977。部分房型可俯瞰城市天际线。周边 500 米内即是商场与美食街。提供高速 Wi‑Fi 及 24 小时热水。可手机自助入住，无接触开门。	C185
2173	星程国际酒店	地址：德令哈和平路391号（德令哈）。联系电话：192-84187255 / 010-62018263。部分房型可俯瞰城市天际线。可手机自助入住，无接触开门。客房配备记忆棉床垫，保证舒适睡眠。前台多语言服务，支持行李寄存。	C185
2174	云栖宾馆	地址：德令哈朝阳街82号（德令哈）。联系电话：197-11844913。含自助早餐，菜品丰富。客房配备记忆棉床垫，保证舒适睡眠。距车站步行 5 分钟，交通便利。部分房型可俯瞰城市天际线。	C185
2175	璞丽大酒店	地址：察哈尔右翼后旗解放路5号（大陆号）。联系电话：055-36054459 / 037-82694014。提供高速 Wi‑Fi 及 24 小时热水。客房配备记忆棉床垫，保证舒适睡眠。前台多语言服务，支持行李寄存。设有地下停车场与充电桩。	C016
2176	锦江宾馆	地址：察哈尔右翼后旗中心路56号（大陆号）。联系电话：035-33595822 / 056-43291226。距车站步行 5 分钟，交通便利。酒店内有健身房和洗衣房，住客免费使用。	C016
2177	月光宾馆	地址：察哈尔右翼后旗中心路370号（大陆号）。联系电话：133-47962684 / 159-59180976。前台多语言服务，支持行李寄存。可手机自助入住，无接触开门。距车站步行 5 分钟，交通便利。客房配备记忆棉床垫，保证舒适睡眠。	C016
2178	云栖国际酒店	地址：察哈尔右翼后旗朝阳街193号（大陆号）。联系电话：022-68359633 / 139-86695394。设有地下停车场与充电桩。提供高速 Wi‑Fi 及 24 小时热水。	C016
2179	沐兰大酒店	地址：伊春和平路39号（带岭）。联系电话：017-27073208 / 035-87730852。可手机自助入住，无接触开门。含自助早餐，菜品丰富。客房配备记忆棉床垫，保证舒适睡眠。	C023
2180	锦江国际酒店	地址：伊春迎宾大道103号（带岭）。联系电话：152-94287639 / 195-12723912。部分房型可俯瞰城市天际线。前台多语言服务，支持行李寄存。	C023
2181	碧桂国际酒店	地址：伊春朝阳街66号（带岭）。联系电话：187-17224485 / 130-28952149。含自助早餐，菜品丰富。部分房型可俯瞰城市天际线。客房配备记忆棉床垫，保证舒适睡眠。酒店内有健身房和洗衣房，住客免费使用。	C023
2182	柏曼度假酒店	地址：伊春朝阳街84号（带岭）。联系电话：151-92371838。周边 500 米内即是商场与美食街。前台多语言服务，支持行李寄存。可手机自助入住，无接触开门。	C023
2183	丽枫精品酒店	地址：通辽迎宾大道354号（大林）。联系电话：012-30775356。前台多语言服务，支持行李寄存。设有地下停车场与充电桩。可手机自助入住，无接触开门。	C260
2184	柏栎国际酒店	地址：通辽解放路127号（大林）。联系电话：027-29933648 / 011-24429505。酒店内有健身房和洗衣房，住客免费使用。可手机自助入住，无接触开门。部分房型可俯瞰城市天际线。	C260
2185	星程度假酒店	地址：通辽建设路391号（大林）。联系电话：016-60705930 / 014-78106879。提供高速 Wi‑Fi 及 24 小时热水。前台多语言服务，支持行李寄存。可手机自助入住，无接触开门。	C260
2186	锦江宾馆	地址：通辽解放路350号（大林）。联系电话：035-39975064 / 157-12742903。提供高速 Wi‑Fi 及 24 小时热水。含自助早餐，菜品丰富。酒店内有健身房和洗衣房，住客免费使用。距车站步行 5 分钟，交通便利。	C260
2187	星程宾馆	地址：达拉特旗人民大道85号（达拉特旗）。联系电话：189-66869296。含自助早餐，菜品丰富。周边 500 米内即是商场与美食街。可手机自助入住，无接触开门。酒店内有健身房和洗衣房，住客免费使用。	C269
2188	星程度假酒店	地址：达拉特旗迎宾大道11号（达拉特旗）。联系电话：192-82889610。酒店内有健身房和洗衣房，住客免费使用。客房配备记忆棉床垫，保证舒适睡眠。前台多语言服务，支持行李寄存。距车站步行 5 分钟，交通便利。	C269
2189	柏栎酒店	地址：达拉特旗朝阳街142号（达拉特旗）。联系电话：152-24652581。部分房型可俯瞰城市天际线。酒店内有健身房和洗衣房，住客免费使用。周边 500 米内即是商场与美食街。含自助早餐，菜品丰富。	C269
2190	锦江酒店	地址：达拉特旗解放路336号（达拉特旗）。联系电话：017-25355080 / 190-90319262。酒店内有健身房和洗衣房，住客免费使用。部分房型可俯瞰城市天际线。可手机自助入住，无接触开门。提供高速 Wi‑Fi 及 24 小时热水。	C269
2191	桔子国际酒店	地址：大庆中心路61号（独立屯）。联系电话：011-81003904。客房配备记忆棉床垫，保证舒适睡眠。提供高速 Wi‑Fi 及 24 小时热水。周边 500 米内即是商场与美食街。含自助早餐，菜品丰富。	C078
2192	沐兰宾馆	地址：大庆中心路381号（独立屯）。联系电话：154-53430547 / 057-42429240。距车站步行 5 分钟，交通便利。酒店内有健身房和洗衣房，住客免费使用。	C078
2193	碧桂度假酒店	地址：大庆人民大道320号（独立屯）。联系电话：138-62297823。周边 500 米内即是商场与美食街。酒店内有健身房和洗衣房，住客免费使用。	C078
2194	悦榕国际酒店	地址：忻州迎宾大道191号（豆罗）。联系电话：018-84403488 / 155-48662135。前台多语言服务，支持行李寄存。酒店内有健身房和洗衣房，住客免费使用。距车站步行 5 分钟，交通便利。可手机自助入住，无接触开门。	C124
2195	锦江精品酒店	地址：忻州中心路64号（豆罗）。联系电话：155-65911411。客房配备记忆棉床垫，保证舒适睡眠。距车站步行 5 分钟，交通便利。酒店内有健身房和洗衣房，住客免费使用。	C124
2196	雅致大酒店	地址：达拉特旗中心路99号（达拉特西）。联系电话：150-40840905 / 020-26387666。提供高速 Wi‑Fi 及 24 小时热水。设有地下停车场与充电桩。	C269
2197	枫叶国际酒店	地址：达拉特旗和平路394号（达拉特西）。联系电话：199-29897802 / 057-83435120。酒店内有健身房和洗衣房，住客免费使用。部分房型可俯瞰城市天际线。客房配备记忆棉床垫，保证舒适睡眠。距车站步行 5 分钟，交通便利。	C269
2198	柏栎大酒店	地址：达拉特旗和平路163号（达拉特西）。联系电话：180-51070565 / 051-35300497。周边 500 米内即是商场与美食街。提供高速 Wi‑Fi 及 24 小时热水。客房配备记忆棉床垫，保证舒适睡眠。	C269
2199	云栖国际酒店	地址：达拉特旗朝阳街310号（达拉特西）。联系电话：039-73400179 / 020-53226547。部分房型可俯瞰城市天际线。客房配备记忆棉床垫，保证舒适睡眠。提供高速 Wi‑Fi 及 24 小时热水。	C269
2200	柏曼国际酒店	地址：大连迎宾大道387号（大连西）。联系电话：193-92377349。客房配备记忆棉床垫，保证舒适睡眠。部分房型可俯瞰城市天际线。提供高速 Wi‑Fi 及 24 小时热水。	C080
2201	柏曼度假酒店	地址：大连建设路90号（大连西）。联系电话：132-99022275。部分房型可俯瞰城市天际线。酒店内有健身房和洗衣房，住客免费使用。设有地下停车场与充电桩。	C080
2202	雅致大酒店	地址：大连人民大道355号（大连西）。联系电话：031-74556894。周边 500 米内即是商场与美食街。前台多语言服务，支持行李寄存。	C080
2203	枫叶度假酒店	地址：奈曼旗建设路254号（东明村）。联系电话：012-50303800。部分房型可俯瞰城市天际线。提供高速 Wi‑Fi 及 24 小时热水。可手机自助入住，无接触开门。设有地下停车场与充电桩。	C260
2204	月光国际酒店	地址：奈曼旗朝阳街330号（东明村）。联系电话：198-58278694 / 043-60004072。提供高速 Wi‑Fi 及 24 小时热水。距车站步行 5 分钟，交通便利。酒店内有健身房和洗衣房，住客免费使用。	C260
2205	柏曼度假酒店	地址：奈曼旗人民大道377号（东明村）。联系电话：032-37555345 / 041-70064934。距车站步行 5 分钟，交通便利。周边 500 米内即是商场与美食街。可手机自助入住，无接触开门。含自助早餐，菜品丰富。	C260
2206	悦榕大酒店	地址：奈曼旗迎宾大道74号（东明村）。联系电话：188-60339472 / 188-68983945。前台多语言服务，支持行李寄存。设有地下停车场与充电桩。	C260
2207	雅致大酒店	地址：兴隆县朝阳街3号（洞庙河）。联系电话：196-79046914 / 056-51333517。客房配备记忆棉床垫，保证舒适睡眠。含自助早餐，菜品丰富。提供高速 Wi‑Fi 及 24 小时热水。	C130
2208	沐兰度假酒店	地址：兴隆县朝阳街70号（洞庙河）。联系电话：012-37384575。含自助早餐，菜品丰富。距车站步行 5 分钟，交通便利。前台多语言服务，支持行李寄存。部分房型可俯瞰城市天际线。	C130
2209	星程度假酒店	地址：兴隆县和平路197号（洞庙河）。联系电话：191-70391274 / 189-21838217。周边 500 米内即是商场与美食街。酒店内有健身房和洗衣房，住客免费使用。客房配备记忆棉床垫，保证舒适睡眠。设有地下停车场与充电桩。	C130
2210	沐兰精品酒店	地址：兴隆县人民大道264号（洞庙河）。联系电话：152-44076987。客房配备记忆棉床垫，保证舒适睡眠。设有地下停车场与充电桩。提供高速 Wi‑Fi 及 24 小时热水。周边 500 米内即是商场与美食街。	C130
2211	星程精品酒店	地址：东明县解放路303号（东明县）。联系电话：132-81213176。可手机自助入住，无接触开门。距车站步行 5 分钟，交通便利。设有地下停车场与充电桩。部分房型可俯瞰城市天际线。	C236
2212	星程宾馆	地址：东明县解放路338号（东明县）。联系电话：157-71887722。前台多语言服务，支持行李寄存。酒店内有健身房和洗衣房，住客免费使用。可手机自助入住，无接触开门。含自助早餐，菜品丰富。	C236
2213	丽枫度假酒店	地址：东明县解放路250号（东明县）。联系电话：190-49249965。设有地下停车场与充电桩。部分房型可俯瞰城市天际线。	C236
2214	璞丽精品酒店	地址：东明县人民大道280号（东明县）。联系电话：151-14985850 / 058-46780226。酒店内有健身房和洗衣房，住客免费使用。提供高速 Wi‑Fi 及 24 小时热水。设有地下停车场与充电桩。距车站步行 5 分钟，交通便利。	C236
2215	悦榕精品酒店	地址：钦州建设路148号（大拟）。联系电话：157-83432253 / 049-56955413。客房配备记忆棉床垫，保证舒适睡眠。酒店内有健身房和洗衣房，住客免费使用。前台多语言服务，支持行李寄存。部分房型可俯瞰城市天际线。	C275
2216	雅致度假酒店	地址：钦州人民大道329号（大拟）。联系电话：041-77467202。可手机自助入住，无接触开门。酒店内有健身房和洗衣房，住客免费使用。	C275
2217	花筑度假酒店	地址：朝阳建设路299号（大平房）。联系电话：025-85993027。前台多语言服务，支持行李寄存。部分房型可俯瞰城市天际线。含自助早餐，菜品丰富。距车站步行 5 分钟，交通便利。	C150
2218	丽枫精品酒店	地址：朝阳人民大道325号（大平房）。联系电话：044-45969215 / 198-42446043。含自助早餐，菜品丰富。提供高速 Wi‑Fi 及 24 小时热水。	C150
2219	星程酒店	地址：朝阳和平路40号（大平房）。联系电话：136-64249804。客房配备记忆棉床垫，保证舒适睡眠。前台多语言服务，支持行李寄存。	C150
2220	璞丽宾馆	地址：易县朝阳街172号（大盘石）。联系电话：158-47175718 / 154-80585109。提供高速 Wi‑Fi 及 24 小时热水。周边 500 米内即是商场与美食街。距车站步行 5 分钟，交通便利。	C027
2221	桔子宾馆	地址：易县解放路106号（大盘石）。联系电话：059-22380602。设有地下停车场与充电桩。距车站步行 5 分钟，交通便利。	C027
2222	璞丽精品酒店	地址：梅州和平路211号（大埔）。联系电话：055-26436853 / 059-71767394。设有地下停车场与充电桩。距车站步行 5 分钟，交通便利。酒店内有健身房和洗衣房，住客免费使用。可手机自助入住，无接触开门。	C159
2223	枫叶大酒店	地址：梅州和平路84号（大埔）。联系电话：030-30467754。设有地下停车场与充电桩。前台多语言服务，支持行李寄存。	C159
2224	悦榕大酒店	地址：梅州解放路67号（大埔）。联系电话：019-77025055 / 022-26806568。含自助早餐，菜品丰富。可手机自助入住，无接触开门。前台多语言服务，支持行李寄存。设有地下停车场与充电桩。	C159
2225	星程国际酒店	地址：凤城建设路387号（大堡）。联系电话：186-96555429 / 030-74010129。前台多语言服务，支持行李寄存。周边 500 米内即是商场与美食街。酒店内有健身房和洗衣房，住客免费使用。	C013
2226	碧桂度假酒店	地址：凤城解放路269号（大堡）。联系电话：156-72869465。设有地下停车场与充电桩。客房配备记忆棉床垫，保证舒适睡眠。可手机自助入住，无接触开门。	C013
2227	楠舍宾馆	地址：凤城建设路96号（大堡）。联系电话：159-40700914。可手机自助入住，无接触开门。周边 500 米内即是商场与美食街。客房配备记忆棉床垫，保证舒适睡眠。	C013
2228	楠舍大酒店	地址：凤城和平路352号（大堡）。联系电话：183-71165130。部分房型可俯瞰城市天际线。前台多语言服务，支持行李寄存。设有地下停车场与充电桩。	C013
2229	月光酒店	地址：大庆中心路229号（大庆东）。联系电话：030-83027928 / 013-54840183。客房配备记忆棉床垫，保证舒适睡眠。距车站步行 5 分钟，交通便利。	C078
2230	桔子酒店	地址：大庆和平路90号（大庆东）。联系电话：015-59087445 / 051-24991532。部分房型可俯瞰城市天际线。酒店内有健身房和洗衣房，住客免费使用。提供高速 Wi‑Fi 及 24 小时热水。客房配备记忆棉床垫，保证舒适睡眠。	C078
2231	梅园精品酒店	地址：大庆建设路232号（大庆东）。联系电话：154-77521463 / 011-48882875。酒店内有健身房和洗衣房，住客免费使用。可手机自助入住，无接触开门。周边 500 米内即是商场与美食街。	C078
2232	柏栎宾馆	地址：大庆建设路309号（大庆东）。联系电话：183-44422279 / 133-97459286。距车站步行 5 分钟，交通便利。酒店内有健身房和洗衣房，住客免费使用。	C078
2233	碧桂酒店	地址：牙克石建设路87号（大其拉哈）。联系电话：024-83981419。距车站步行 5 分钟，交通便利。周边 500 米内即是商场与美食街。含自助早餐，菜品丰富。	C060
2234	锦江度假酒店	地址：牙克石迎宾大道215号（大其拉哈）。联系电话：035-76538321。客房配备记忆棉床垫，保证舒适睡眠。距车站步行 5 分钟，交通便利。酒店内有健身房和洗衣房，住客免费使用。部分房型可俯瞰城市天际线。	C060
2235	云栖酒店	地址：白山人民大道71号（道清）。联系电话：026-78759623。客房配备记忆棉床垫，保证舒适睡眠。含自助早餐，菜品丰富。距车站步行 5 分钟，交通便利。	C212
2236	楠舍国际酒店	地址：白山中心路102号（道清）。联系电话：038-36644720。部分房型可俯瞰城市天际线。距车站步行 5 分钟，交通便利。周边 500 米内即是商场与美食街。	C212
2237	星程酒店	地址：哈尔滨迎宾大道125号（对青山）。联系电话：134-99483697。设有地下停车场与充电桩。含自助早餐，菜品丰富。	C066
2238	柏曼大酒店	地址：哈尔滨中心路254号（对青山）。联系电话：014-57496686。含自助早餐，菜品丰富。距车站步行 5 分钟，交通便利。可手机自助入住，无接触开门。部分房型可俯瞰城市天际线。	C066
2239	云栖宾馆	地址：哈尔滨解放路370号（对青山）。联系电话：023-78670069。酒店内有健身房和洗衣房，住客免费使用。周边 500 米内即是商场与美食街。前台多语言服务，支持行李寄存。	C066
2240	月光宾馆	地址：德清县和平路111号（德清西）。联系电话：042-89311490 / 053-30719593。含自助早餐，菜品丰富。距车站步行 5 分钟，交通便利。	C194
2241	星程酒店	地址：德清县朝阳街2号（德清西）。联系电话：029-39190368。部分房型可俯瞰城市天际线。设有地下停车场与充电桩。	C194
2242	雅致精品酒店	地址：大庆解放路396号（大庆西）。联系电话：027-74093234 / 190-62954890。酒店内有健身房和洗衣房，住客免费使用。周边 500 米内即是商场与美食街。	C078
2243	悦榕大酒店	地址：大庆人民大道262号（大庆西）。联系电话：037-62628135 / 027-88804034。可手机自助入住，无接触开门。含自助早餐，菜品丰富。酒店内有健身房和洗衣房，住客免费使用。	C078
2244	月光酒店	地址：大庆迎宾大道193号（大庆西）。联系电话：043-87544838 / 035-65118823。酒店内有健身房和洗衣房，住客免费使用。可手机自助入住，无接触开门。	C078
2245	璞丽酒店	地址：大庆迎宾大道193号（大庆西）。联系电话：153-84112931 / 042-22653532。部分房型可俯瞰城市天际线。含自助早餐，菜品丰富。距车站步行 5 分钟，交通便利。	C078
2246	悦榕度假酒店	地址：中山和平路97号（东升）。联系电话：151-44363181。提供高速 Wi‑Fi 及 24 小时热水。酒店内有健身房和洗衣房，住客免费使用。前台多语言服务，支持行李寄存。含自助早餐，菜品丰富。	C010
2247	枫叶大酒店	地址：中山朝阳街84号（东升）。联系电话：133-43442211 / 055-49926914。可手机自助入住，无接触开门。前台多语言服务，支持行李寄存。含自助早餐，菜品丰富。	C010
2248	沐兰精品酒店	地址：中山解放路373号（东升）。联系电话：013-25650727。客房配备记忆棉床垫，保证舒适睡眠。含自助早餐，菜品丰富。前台多语言服务，支持行李寄存。	C010
2249	月光国际酒店	地址：砀山县建设路50号（砀山）。联系电话：132-35883806 / 197-82130530。设有地下停车场与充电桩。客房配备记忆棉床垫，保证舒适睡眠。提供高速 Wi‑Fi 及 24 小时热水。	C099
2250	碧桂宾馆	地址：砀山县和平路242号（砀山）。联系电话：183-53466745 / 152-55841488。周边 500 米内即是商场与美食街。设有地下停车场与充电桩。	C099
2251	碧桂精品酒店	地址：独山县中心路193号（独山）。联系电话：193-61094169 / 036-89752047。距车站步行 5 分钟，交通便利。酒店内有健身房和洗衣房，住客免费使用。	C312
2252	锦江度假酒店	地址：独山县朝阳街220号（独山）。联系电话：153-72060722 / 181-77967465。含自助早餐，菜品丰富。周边 500 米内即是商场与美食街。前台多语言服务，支持行李寄存。可手机自助入住，无接触开门。	C312
2253	花筑酒店	地址：独山县解放路257号（独山）。联系电话：193-18946120 / 133-44470849。周边 500 米内即是商场与美食街。可手机自助入住，无接触开门。距车站步行 5 分钟，交通便利。提供高速 Wi‑Fi 及 24 小时热水。	C312
2254	桔子大酒店	地址：大连朝阳街354号（登沙河）。联系电话：018-32676338。提供高速 Wi‑Fi 及 24 小时热水。含自助早餐，菜品丰富。距车站步行 5 分钟，交通便利。	C080
2255	碧桂精品酒店	地址：大连人民大道248号（登沙河）。联系电话：150-58531588 / 198-61519324。部分房型可俯瞰城市天际线。客房配备记忆棉床垫，保证舒适睡眠。可手机自助入住，无接触开门。	C080
2256	柏曼度假酒店	地址：安宁人民大道384号（读书铺）。联系电话：015-74787130 / 189-51547291。前台多语言服务，支持行李寄存。可手机自助入住，无接触开门。提供高速 Wi‑Fi 及 24 小时热水。设有地下停车场与充电桩。	C142
2257	悦榕宾馆	地址：安宁朝阳街347号（读书铺）。联系电话：195-94623656。酒店内有健身房和洗衣房，住客免费使用。距车站步行 5 分钟，交通便利。客房配备记忆棉床垫，保证舒适睡眠。部分房型可俯瞰城市天际线。	C142
2258	沐兰宾馆	地址：安宁建设路198号（读书铺）。联系电话：156-89299495。距车站步行 5 分钟，交通便利。部分房型可俯瞰城市天际线。设有地下停车场与充电桩。提供高速 Wi‑Fi 及 24 小时热水。	C142
2259	雅致酒店	地址：安宁迎宾大道314号（读书铺）。联系电话：032-78488364 / 047-65252457。距车站步行 5 分钟，交通便利。含自助早餐，菜品丰富。可手机自助入住，无接触开门。	C142
2260	碧桂酒店	地址：敦化朝阳街56号（大石头）。联系电话：186-16104734 / 196-37188428。客房配备记忆棉床垫，保证舒适睡眠。部分房型可俯瞰城市天际线。	C116
2261	柏栎国际酒店	地址：敦化中心路333号（大石头）。联系电话：131-39873521。酒店内有健身房和洗衣房，住客免费使用。设有地下停车场与充电桩。含自助早餐，菜品丰富。距车站步行 5 分钟，交通便利。	C116
2262	碧桂精品酒店	地址：敦化建设路345号（大石头）。联系电话：188-17471336。周边 500 米内即是商场与美食街。前台多语言服务，支持行李寄存。	C116
2263	雅致宾馆	地址：鄂尔多斯朝阳街382号（东胜西）。联系电话：017-41511088。设有地下停车场与充电桩。部分房型可俯瞰城市天际线。	C269
2264	丽枫大酒店	地址：鄂尔多斯朝阳街345号（东胜西）。联系电话：014-83713408。部分房型可俯瞰城市天际线。前台多语言服务，支持行李寄存。可手机自助入住，无接触开门。含自助早餐，菜品丰富。	C269
2265	锦江度假酒店	地址：科尔沁右翼前旗解放路375号（大石寨）。联系电话：045-67517923。前台多语言服务，支持行李寄存。含自助早餐，菜品丰富。提供高速 Wi‑Fi 及 24 小时热水。客房配备记忆棉床垫，保证舒适睡眠。	C035
2266	楠舍大酒店	地址：科尔沁右翼前旗中心路137号（大石寨）。联系电话：042-43694415 / 010-72393101。部分房型可俯瞰城市天际线。提供高速 Wi‑Fi 及 24 小时热水。设有地下停车场与充电桩。酒店内有健身房和洗衣房，住客免费使用。	C035
2267	柏栎精品酒店	地址：科尔沁右翼前旗迎宾大道137号（大石寨）。联系电话：153-28930958。距车站步行 5 分钟，交通便利。提供高速 Wi‑Fi 及 24 小时热水。部分房型可俯瞰城市天际线。	C035
2268	云栖大酒店	地址：东台和平路212号（东台）。联系电话：040-67430405 / 151-34546243。设有地下停车场与充电桩。前台多语言服务，支持行李寄存。部分房型可俯瞰城市天际线。	C216
2269	璞丽度假酒店	地址：东台解放路306号（东台）。联系电话：038-24235683。设有地下停车场与充电桩。酒店内有健身房和洗衣房，住客免费使用。含自助早餐，菜品丰富。	C216
2270	丽枫酒店	地址：东台解放路321号（东台）。联系电话：132-85675380 / 135-22496392。酒店内有健身房和洗衣房，住客免费使用。部分房型可俯瞰城市天际线。设有地下停车场与充电桩。	C216
2271	璞丽国际酒店	地址：菏泽人民大道141号（定陶）。联系电话：027-78232623 / 045-21519499。距车站步行 5 分钟，交通便利。提供高速 Wi‑Fi 及 24 小时热水。	C236
2272	梅园大酒店	地址：菏泽朝阳街216号（定陶）。联系电话：014-60816754。部分房型可俯瞰城市天际线。可手机自助入住，无接触开门。客房配备记忆棉床垫，保证舒适睡眠。	C236
2273	柏栎度假酒店	地址：菏泽人民大道73号（定陶）。联系电话：037-46761399 / 150-70140893。部分房型可俯瞰城市天际线。含自助早餐，菜品丰富。可手机自助入住，无接触开门。	C236
2274	星程精品酒店	地址：菏泽解放路71号（定陶）。联系电话：187-47953539。酒店内有健身房和洗衣房，住客免费使用。设有地下停车场与充电桩。部分房型可俯瞰城市天际线。	C236
2275	悦榕精品酒店	地址：灯塔和平路23号（灯塔）。联系电话：184-37038261 / 139-89874181。前台多语言服务，支持行李寄存。可手机自助入住，无接触开门。周边 500 米内即是商场与美食街。	C255
2276	花筑精品酒店	地址：灯塔人民大道47号（灯塔）。联系电话：027-72064402 / 133-40498322。提供高速 Wi‑Fi 及 24 小时热水。距车站步行 5 分钟，交通便利。设有地下停车场与充电桩。	C255
2277	璞丽酒店	地址：灯塔解放路228号（灯塔）。联系电话：155-96520714 / 039-80525849。部分房型可俯瞰城市天际线。周边 500 米内即是商场与美食街。含自助早餐，菜品丰富。可手机自助入住，无接触开门。	C255
2278	花筑度假酒店	地址：富源县和平路252号（大田边）。联系电话：017-24903260。前台多语言服务，支持行李寄存。部分房型可俯瞰城市天际线。设有地下停车场与充电桩。	C148
2279	柏栎度假酒店	地址：富源县解放路299号（大田边）。联系电话：032-48193395 / 135-69303401。提供高速 Wi‑Fi 及 24 小时热水。部分房型可俯瞰城市天际线。	C148
2280	枫叶酒店	地址：富源县迎宾大道207号（大田边）。联系电话：156-18648410 / 138-63031747。周边 500 米内即是商场与美食街。设有地下停车场与充电桩。	C148
2281	悦榕度假酒店	地址：富源县迎宾大道8号（大田边）。联系电话：153-71221915。前台多语言服务，支持行李寄存。可手机自助入住，无接触开门。	C148
2282	云栖酒店	地址：通化人民大道144号（东通化）。联系电话：199-19292647 / 030-62725903。可手机自助入住，无接触开门。酒店内有健身房和洗衣房，住客免费使用。距车站步行 5 分钟，交通便利。部分房型可俯瞰城市天际线。	C259
2283	璞丽宾馆	地址：通化朝阳街75号（东通化）。联系电话：055-88131696 / 198-64341821。距车站步行 5 分钟，交通便利。可手机自助入住，无接触开门。周边 500 米内即是商场与美食街。	C259
2284	云栖大酒店	地址：镇江迎宾大道346号（丹徒）。联系电话：021-49846089。部分房型可俯瞰城市天际线。提供高速 Wi‑Fi 及 24 小时热水。	C282
2285	月光国际酒店	地址：镇江朝阳街27号（丹徒）。联系电话：020-60863879。设有地下停车场与充电桩。距车站步行 5 分钟，交通便利。含自助早餐，菜品丰富。	C282
2286	悦榕国际酒店	地址：镇江解放路296号（丹徒）。联系电话：045-58008786。可手机自助入住，无接触开门。部分房型可俯瞰城市天际线。酒店内有健身房和洗衣房，住客免费使用。周边 500 米内即是商场与美食街。	C282
2287	柏栎国际酒店	地址：镇江朝阳街333号（丹徒）。联系电话：189-21605901。酒店内有健身房和洗衣房，住客免费使用。含自助早餐，菜品丰富。部分房型可俯瞰城市天际线。可手机自助入住，无接触开门。	C282
2288	悦榕大酒店	地址：长春中心路60号（大屯）。联系电话：151-62953250 / 153-33937691。可手机自助入住，无接触开门。部分房型可俯瞰城市天际线。客房配备记忆棉床垫，保证舒适睡眠。	C283
2289	锦江度假酒店	地址：长春和平路385号（大屯）。联系电话：055-39436193。客房配备记忆棉床垫，保证舒适睡眠。含自助早餐，菜品丰富。	C283
2290	桔子国际酒店	地址：长春迎宾大道142号（大屯）。联系电话：189-54812329 / 130-24823199。可手机自助入住，无接触开门。距车站步行 5 分钟，交通便利。周边 500 米内即是商场与美食街。	C283
2291	丽枫精品酒店	地址：长春中心路28号（大屯）。联系电话：186-62119338 / 038-75341427。含自助早餐，菜品丰富。酒店内有健身房和洗衣房，住客免费使用。前台多语言服务，支持行李寄存。	C283
2292	悦榕酒店	地址：靖远县建设路241号（东湾）。联系电话：036-38186479。部分房型可俯瞰城市天际线。周边 500 米内即是商场与美食街。	C213
2293	丽枫国际酒店	地址：靖远县和平路1号（东湾）。联系电话：042-48994335 / 182-84727736。含自助早餐，菜品丰富。客房配备记忆棉床垫，保证舒适睡眠。前台多语言服务，支持行李寄存。	C213
2294	丽枫大酒店	地址：靖远县朝阳街61号（东湾）。联系电话：153-38343155。提供高速 Wi‑Fi 及 24 小时热水。含自助早餐，菜品丰富。	C213
2295	璞丽大酒店	地址：靖远县建设路314号（东湾）。联系电话：040-33407653 / 039-47683379。提供高速 Wi‑Fi 及 24 小时热水。设有地下停车场与充电桩。	C213
2296	柏栎度假酒店	地址：石嘴山朝阳街132号（大武口）。联系电话：130-34428936 / 153-35971728。设有地下停车场与充电桩。酒店内有健身房和洗衣房，住客免费使用。距车站步行 5 分钟，交通便利。	C219
2297	锦江度假酒店	地址：石嘴山中心路147号（大武口）。联系电话：029-63036059。酒店内有健身房和洗衣房，住客免费使用。周边 500 米内即是商场与美食街。	C219
2298	雅致宾馆	地址：石嘴山解放路225号（大武口）。联系电话：058-37557273。含自助早餐，菜品丰富。提供高速 Wi‑Fi 及 24 小时热水。距车站步行 5 分钟，交通便利。设有地下停车场与充电桩。	C219
2299	星程精品酒店	地址：石嘴山建设路352号（大武口）。联系电话：019-33734545 / 199-14700107。含自助早餐，菜品丰富。客房配备记忆棉床垫，保证舒适睡眠。	C219
2300	悦榕精品酒店	地址：玉门建设路309号（低窝铺）。联系电话：034-42537753 / 049-78563078。前台多语言服务，支持行李寄存。含自助早餐，菜品丰富。	C271
2301	星程宾馆	地址：玉门朝阳街250号（低窝铺）。联系电话：155-18973910。客房配备记忆棉床垫，保证舒适睡眠。周边 500 米内即是商场与美食街。酒店内有健身房和洗衣房，住客免费使用。提供高速 Wi‑Fi 及 24 小时热水。	C271
2302	锦江度假酒店	地址：南宁建设路152号（大王滩）。联系电话：182-30442481。提供高速 Wi‑Fi 及 24 小时热水。距车站步行 5 分钟，交通便利。	C044
2303	丽枫精品酒店	地址：南宁迎宾大道45号（大王滩）。联系电话：059-72324279。客房配备记忆棉床垫，保证舒适睡眠。设有地下停车场与充电桩。	C044
2304	璞丽精品酒店	地址：元谋县和平路353号（大湾子）。联系电话：038-57215153。酒店内有健身房和洗衣房，住客免费使用。距车站步行 5 分钟，交通便利。客房配备记忆棉床垫，保证舒适睡眠。	C161
2305	云栖大酒店	地址：元谋县和平路148号（大湾子）。联系电话：053-37321464。周边 500 米内即是商场与美食街。距车站步行 5 分钟，交通便利。	C161
2306	沐兰大酒店	地址：元谋县建设路41号（大湾子）。联系电话：059-68950650 / 152-79544300。含自助早餐，菜品丰富。距车站步行 5 分钟，交通便利。前台多语言服务，支持行李寄存。提供高速 Wi‑Fi 及 24 小时热水。	C161
2307	柏曼精品酒店	地址：汪清县解放路168号（大兴沟）。联系电话：053-27196550 / 052-72010784。提供高速 Wi‑Fi 及 24 小时热水。距车站步行 5 分钟，交通便利。客房配备记忆棉床垫，保证舒适睡眠。	C116
2308	桔子度假酒店	地址：汪清县和平路228号（大兴沟）。联系电话：199-40865304。可手机自助入住，无接触开门。距车站步行 5 分钟，交通便利。	C116
2309	云栖酒店	地址：汪清县朝阳街222号（大兴沟）。联系电话：036-88174809。周边 500 米内即是商场与美食街。提供高速 Wi‑Fi 及 24 小时热水。酒店内有健身房和洗衣房，住客免费使用。客房配备记忆棉床垫，保证舒适睡眠。	C116
2310	星程酒店	地址：泰来县人民大道13号（大兴）。联系电话：017-30335826。部分房型可俯瞰城市天际线。客房配备记忆棉床垫，保证舒适睡眠。	C314
2311	丽枫大酒店	地址：泰来县和平路94号（大兴）。联系电话：193-58404533。周边 500 米内即是商场与美食街。前台多语言服务，支持行李寄存。酒店内有健身房和洗衣房，住客免费使用。	C314
2312	花筑度假酒店	地址：泰来县中心路163号（大兴）。联系电话：134-91968969。酒店内有健身房和洗衣房，住客免费使用。客房配备记忆棉床垫，保证舒适睡眠。	C314
2313	楠舍精品酒店	地址：泰来县建设路342号（大兴）。联系电话：132-28539763 / 033-79737239。提供高速 Wi‑Fi 及 24 小时热水。周边 500 米内即是商场与美食街。前台多语言服务，支持行李寄存。	C314
2314	锦江宾馆	地址：定西中心路313号（定西）。联系电话：137-20445652。周边 500 米内即是商场与美食街。可手机自助入住，无接触开门。提供高速 Wi‑Fi 及 24 小时热水。	C093
2315	柏栎精品酒店	地址：定西解放路44号（定西）。联系电话：020-20581320 / 029-22138379。周边 500 米内即是商场与美食街。客房配备记忆棉床垫，保证舒适睡眠。可手机自助入住，无接触开门。部分房型可俯瞰城市天际线。	C093
2316	柏曼精品酒店	地址：定西建设路399号（定西）。联系电话：191-77131846 / 134-43469268。周边 500 米内即是商场与美食街。可手机自助入住，无接触开门。前台多语言服务，支持行李寄存。酒店内有健身房和洗衣房，住客免费使用。	C093
2317	雅致宾馆	地址：定西人民大道198号（定西）。联系电话：027-20828520 / 055-74645050。可手机自助入住，无接触开门。周边 500 米内即是商场与美食街。部分房型可俯瞰城市天际线。提供高速 Wi‑Fi 及 24 小时热水。	C093
2318	桔子大酒店	地址：禄丰县解放路59号（甸心）。联系电话：017-34657890 / 183-11392185。前台多语言服务，支持行李寄存。提供高速 Wi‑Fi 及 24 小时热水。	C161
2319	枫叶精品酒店	地址：禄丰县建设路20号（甸心）。联系电话：028-70077784 / 199-12864889。前台多语言服务，支持行李寄存。提供高速 Wi‑Fi 及 24 小时热水。含自助早餐，菜品丰富。周边 500 米内即是商场与美食街。	C161
2320	楠舍宾馆	地址：禄丰县和平路322号（甸心）。联系电话：059-25422775 / 054-57630957。可手机自助入住，无接触开门。前台多语言服务，支持行李寄存。	C161
2321	柏栎精品酒店	地址：抚州朝阳街9号（东乡）。联系电话：195-51654328 / 055-67819473。客房配备记忆棉床垫，保证舒适睡眠。距车站步行 5 分钟，交通便利。可手机自助入住，无接触开门。	C131
2322	丽枫酒店	地址：抚州朝阳街183号（东乡）。联系电话：017-61445128。距车站步行 5 分钟，交通便利。前台多语言服务，支持行李寄存。含自助早餐，菜品丰富。可手机自助入住，无接触开门。	C131
2323	丽枫度假酒店	地址：抚州和平路108号（东乡）。联系电话：050-89619531。酒店内有健身房和洗衣房，住客免费使用。客房配备记忆棉床垫，保证舒适睡眠。提供高速 Wi‑Fi 及 24 小时热水。可手机自助入住，无接触开门。	C131
2324	桔子大酒店	地址：抚州中心路92号（东乡）。联系电话：187-44694083 / 026-61068370。含自助早餐，菜品丰富。提供高速 Wi‑Fi 及 24 小时热水。	C131
2325	桔子宾馆	地址：代县迎宾大道68号（代县）。联系电话：182-51778571 / 138-79179421。酒店内有健身房和洗衣房，住客免费使用。提供高速 Wi‑Fi 及 24 小时热水。含自助早餐，菜品丰富。	C124
2326	楠舍酒店	地址：代县人民大道370号（代县）。联系电话：056-40194451 / 011-28367126。前台多语言服务，支持行李寄存。设有地下停车场与充电桩。	C124
2327	璞丽酒店	地址：定襄县建设路51号（定襄）。联系电话：156-17701634。距车站步行 5 分钟，交通便利。前台多语言服务，支持行李寄存。	C124
2328	璞丽大酒店	地址：定襄县朝阳街211号（定襄）。联系电话：136-17527119。距车站步行 5 分钟，交通便利。提供高速 Wi‑Fi 及 24 小时热水。	C124
2329	花筑度假酒店	地址：定襄县迎宾大道100号（定襄）。联系电话：056-35049620。距车站步行 5 分钟，交通便利。部分房型可俯瞰城市天际线。	C124
2330	悦榕宾馆	地址：定襄县和平路133号（定襄）。联系电话：021-89134704。提供高速 Wi‑Fi 及 24 小时热水。客房配备记忆棉床垫，保证舒适睡眠。部分房型可俯瞰城市天际线。含自助早餐，菜品丰富。	C124
2331	月光酒店	地址：涉县解放路215号（东戌）。联系电话：194-49393892。设有地下停车场与充电桩。周边 500 米内即是商场与美食街。	C265
2332	碧桂国际酒店	地址：涉县朝阳街193号（东戌）。联系电话：139-93412433。部分房型可俯瞰城市天际线。前台多语言服务，支持行李寄存。	C265
2333	碧桂宾馆	地址：兴城和平路168号（东辛庄）。联系电话：038-70362330。酒店内有健身房和洗衣房，住客免费使用。周边 500 米内即是商场与美食街。前台多语言服务，支持行李寄存。客房配备记忆棉床垫，保证舒适睡眠。	C239
2334	雅致大酒店	地址：兴城和平路168号（东辛庄）。联系电话：021-34804303。设有地下停车场与充电桩。客房配备记忆棉床垫，保证舒适睡眠。前台多语言服务，支持行李寄存。可手机自助入住，无接触开门。	C239
2335	雅致度假酒店	地址：兴城迎宾大道281号（东辛庄）。联系电话：051-30032822 / 056-59139342。提供高速 Wi‑Fi 及 24 小时热水。可手机自助入住，无接触开门。	C239
2336	枫叶精品酒店	地址：丹阳朝阳街185号（丹阳）。联系电话：197-39812480。含自助早餐，菜品丰富。提供高速 Wi‑Fi 及 24 小时热水。	C282
2337	月光精品酒店	地址：丹阳建设路6号（丹阳）。联系电话：194-98026618。含自助早餐，菜品丰富。距车站步行 5 分钟，交通便利。酒店内有健身房和洗衣房，住客免费使用。前台多语言服务，支持行李寄存。	C282
2338	柏曼大酒店	地址：丹阳解放路23号（丹阳）。联系电话：138-89095174 / 189-25981947。距车站步行 5 分钟，交通便利。可手机自助入住，无接触开门。	C282
2339	锦江酒店	地址：丹阳中心路359号（丹阳）。联系电话：181-75917416 / 180-74417086。周边 500 米内即是商场与美食街。前台多语言服务，支持行李寄存。距车站步行 5 分钟，交通便利。	C282
2340	悦榕酒店	地址：德阳人民大道348号（德阳）。联系电话：133-58930012。含自助早餐，菜品丰富。可手机自助入住，无接触开门。设有地下停车场与充电桩。	C123
2341	枫叶度假酒店	地址：德阳人民大道267号（德阳）。联系电话：040-76054447。距车站步行 5 分钟，交通便利。设有地下停车场与充电桩。部分房型可俯瞰城市天际线。	C123
2342	悦榕度假酒店	地址：鄂温克族自治旗中心路376号（大雁）。联系电话：050-72295126。可手机自助入住，无接触开门。客房配备记忆棉床垫，保证舒适睡眠。酒店内有健身房和洗衣房，住客免费使用。距车站步行 5 分钟，交通便利。	C060
2343	碧桂度假酒店	地址：鄂温克族自治旗人民大道284号（大雁）。联系电话：185-14205277。前台多语言服务，支持行李寄存。部分房型可俯瞰城市天际线。设有地下停车场与充电桩。	C060
2344	枫叶国际酒店	地址：当阳迎宾大道121号（当阳）。联系电话：036-24920820。距车站步行 5 分钟，交通便利。周边 500 米内即是商场与美食街。设有地下停车场与充电桩。	C095
2345	月光度假酒店	地址：当阳人民大道35号（当阳）。联系电话：196-20523322 / 047-80808596。可手机自助入住，无接触开门。距车站步行 5 分钟，交通便利。前台多语言服务，支持行李寄存。客房配备记忆棉床垫，保证舒适睡眠。	C095
2346	璞丽度假酒店	地址：当阳解放路383号（当阳）。联系电话：132-10899459。距车站步行 5 分钟，交通便利。周边 500 米内即是商场与美食街。可手机自助入住，无接触开门。部分房型可俯瞰城市天际线。	C095
2347	雅致度假酒店	地址：当阳朝阳街276号（当阳）。联系电话：013-25791325。设有地下停车场与充电桩。可手机自助入住，无接触开门。酒店内有健身房和洗衣房，住客免费使用。	C095
2348	月光国际酒店	地址：丹阳建设路13号（丹阳北）。联系电话：024-60220976 / 019-32955087。前台多语言服务，支持行李寄存。可手机自助入住，无接触开门。部分房型可俯瞰城市天际线。提供高速 Wi‑Fi 及 24 小时热水。	C282
2349	桔子度假酒店	地址：丹阳解放路126号（丹阳北）。联系电话：155-84181009。提供高速 Wi‑Fi 及 24 小时热水。可手机自助入住，无接触开门。部分房型可俯瞰城市天际线。含自助早餐，菜品丰富。	C282
2350	雅致精品酒店	地址：丹阳人民大道113号（丹阳北）。联系电话：183-43068133 / 134-21980851。距车站步行 5 分钟，交通便利。设有地下停车场与充电桩。提供高速 Wi‑Fi 及 24 小时热水。客房配备记忆棉床垫，保证舒适睡眠。	C282
2351	月光度假酒店	地址：丹阳建设路362号（丹阳北）。联系电话：049-79396648。客房配备记忆棉床垫，保证舒适睡眠。部分房型可俯瞰城市天际线。酒店内有健身房和洗衣房，住客免费使用。	C282
2352	星程度假酒店	地址：大英县中心路57号（大英东）。联系电话：133-98147297 / 039-37694124。距车站步行 5 分钟，交通便利。可手机自助入住，无接触开门。	C261
2353	梅园酒店	地址：大英县迎宾大道132号（大英东）。联系电话：013-37727466 / 138-21649000。含自助早餐，菜品丰富。前台多语言服务，支持行李寄存。部分房型可俯瞰城市天际线。可手机自助入住，无接触开门。	C261
2354	丽枫酒店	地址：大英县和平路128号（大英东）。联系电话：132-36502279 / 150-18000935。可手机自助入住，无接触开门。客房配备记忆棉床垫，保证舒适睡眠。含自助早餐，菜品丰富。前台多语言服务，支持行李寄存。	C261
2355	星程国际酒店	地址：大英县迎宾大道373号（大英东）。联系电话：150-86472732 / 182-67060753。设有地下停车场与充电桩。提供高速 Wi‑Fi 及 24 小时热水。周边 500 米内即是商场与美食街。	C261
2356	悦榕度假酒店	地址：繁峙县朝阳街388号（东淤地）。联系电话：134-17036273。前台多语言服务，支持行李寄存。部分房型可俯瞰城市天际线。	C124
2357	丽枫度假酒店	地址：繁峙县朝阳街395号（东淤地）。联系电话：016-57681410。部分房型可俯瞰城市天际线。提供高速 Wi‑Fi 及 24 小时热水。	C124
2358	丽枫国际酒店	地址：繁峙县人民大道1号（大营）。联系电话：030-53271470。部分房型可俯瞰城市天际线。前台多语言服务，支持行李寄存。	C124
2359	璞丽度假酒店	地址：繁峙县和平路55号（大营）。联系电话：132-39141321 / 183-48012953。可手机自助入住，无接触开门。前台多语言服务，支持行李寄存。周边 500 米内即是商场与美食街。	C124
2360	丽枫精品酒店	地址：繁峙县和平路302号（大营）。联系电话：027-89907269 / 189-85778753。部分房型可俯瞰城市天际线。前台多语言服务，支持行李寄存。	C124
2361	月光度假酒店	地址：定远县人民大道284号（定远）。联系电话：035-43212202 / 048-40853325。部分房型可俯瞰城市天际线。距车站步行 5 分钟，交通便利。	C198
2362	丽枫精品酒店	地址：定远县和平路116号（定远）。联系电话：040-75697482。含自助早餐，菜品丰富。距车站步行 5 分钟，交通便利。酒店内有健身房和洗衣房，住客免费使用。	C198
2363	梅园国际酒店	地址：定远县解放路85号（定远）。联系电话：020-48567315 / 014-68268701。周边 500 米内即是商场与美食街。酒店内有健身房和洗衣房，住客免费使用。	C198
2364	雅致宾馆	地址：定远县建设路282号（定远）。联系电话：018-77314193 / 182-69058491。含自助早餐，菜品丰富。客房配备记忆棉床垫，保证舒适睡眠。周边 500 米内即是商场与美食街。前台多语言服务，支持行李寄存。	C198
2365	璞丽度假酒店	地址：山阴县朝阳街80号（岱岳）。联系电话：024-88340228 / 054-57096285。部分房型可俯瞰城市天际线。提供高速 Wi‑Fi 及 24 小时热水。客房配备记忆棉床垫，保证舒适睡眠。	C149
2366	璞丽宾馆	地址：山阴县迎宾大道222号（岱岳）。联系电话：197-97057841。可手机自助入住，无接触开门。周边 500 米内即是商场与美食街。含自助早餐，菜品丰富。提供高速 Wi‑Fi 及 24 小时热水。	C149
2367	楠舍国际酒店	地址：山阴县解放路205号（岱岳）。联系电话：044-37132461 / 137-62336057。距车站步行 5 分钟，交通便利。周边 500 米内即是商场与美食街。含自助早餐，菜品丰富。可手机自助入住，无接触开门。	C149
2368	沐兰酒店	地址：南宁解放路367号（大元）。联系电话：046-45017884 / 193-63878877。周边 500 米内即是商场与美食街。部分房型可俯瞰城市天际线。可手机自助入住，无接触开门。	C044
2369	楠舍精品酒店	地址：南宁中心路97号（大元）。联系电话：031-58955669 / 059-75023709。提供高速 Wi‑Fi 及 24 小时热水。距车站步行 5 分钟，交通便利。设有地下停车场与充电桩。	C044
2370	云栖大酒店	地址：南宁和平路71号（大元）。联系电话：135-72398701 / 133-75990064。酒店内有健身房和洗衣房，住客免费使用。可手机自助入住，无接触开门。部分房型可俯瞰城市天际线。	C044
2371	楠舍宾馆	地址：南宁人民大道358号（大元）。联系电话：153-16349703 / 137-49780770。客房配备记忆棉床垫，保证舒适睡眠。部分房型可俯瞰城市天际线。周边 500 米内即是商场与美食街。提供高速 Wi‑Fi 及 24 小时热水。	C044
2372	梅园度假酒店	地址：枣强县解放路10号（大营镇）。联系电话：194-22857946。含自助早餐，菜品丰富。提供高速 Wi‑Fi 及 24 小时热水。客房配备记忆棉床垫，保证舒适睡眠。距车站步行 5 分钟，交通便利。	C241
2373	碧桂国际酒店	地址：枣强县中心路284号（大营镇）。联系电话：059-73644737 / 136-39525457。提供高速 Wi‑Fi 及 24 小时热水。酒店内有健身房和洗衣房，住客免费使用。	C241
2374	柏栎大酒店	地址：枣强县人民大道300号（大营镇）。联系电话：134-10555848 / 137-18711505。设有地下停车场与充电桩。酒店内有健身房和洗衣房，住客免费使用。提供高速 Wi‑Fi 及 24 小时热水。前台多语言服务，支持行李寄存。	C241
2375	梅园国际酒店	地址：枣强县人民大道377号（大营镇）。联系电话：012-47467925 / 057-64130713。酒店内有健身房和洗衣房，住客免费使用。距车站步行 5 分钟，交通便利。可手机自助入住，无接触开门。前台多语言服务，支持行李寄存。	C241
2376	月光大酒店	地址：朝阳人民大道169号（大营子）。联系电话：198-45269319 / 045-69898217。设有地下停车场与充电桩。含自助早餐，菜品丰富。距车站步行 5 分钟，交通便利。部分房型可俯瞰城市天际线。	C150
2377	楠舍度假酒店	地址：朝阳和平路11号（大营子）。联系电话：040-20986097 / 191-68002104。前台多语言服务，支持行李寄存。客房配备记忆棉床垫，保证舒适睡眠。距车站步行 5 分钟，交通便利。	C150
2378	柏曼精品酒店	地址：朝阳人民大道395号（大营子）。联系电话：033-77201758 / 039-88483792。含自助早餐，菜品丰富。酒店内有健身房和洗衣房，住客免费使用。	C150
2379	璞丽国际酒店	地址：朝阳解放路324号（大营子）。联系电话：017-52543245 / 013-64380991。距车站步行 5 分钟，交通便利。含自助早餐，菜品丰富。可手机自助入住，无接触开门。酒店内有健身房和洗衣房，住客免费使用。	C150
2380	柏曼酒店	地址：中宁县朝阳街308号（大战场）。联系电话：195-59283517 / 192-97092324。前台多语言服务，支持行李寄存。提供高速 Wi‑Fi 及 24 小时热水。周边 500 米内即是商场与美食街。客房配备记忆棉床垫，保证舒适睡眠。	C009
2381	云栖度假酒店	地址：中宁县和平路63号（大战场）。联系电话：044-48022255 / 048-53695999。提供高速 Wi‑Fi 及 24 小时热水。客房配备记忆棉床垫，保证舒适睡眠。	C009
2382	花筑度假酒店	地址：德州人民大道89号（德州东）。联系电话：188-53718538 / 029-44441208。设有地下停车场与充电桩。距车站步行 5 分钟，交通便利。含自助早餐，菜品丰富。	C122
2383	梅园宾馆	地址：德州朝阳街339号（德州东）。联系电话：132-28293253 / 159-18863994。酒店内有健身房和洗衣房，住客免费使用。距车站步行 5 分钟，交通便利。提供高速 Wi‑Fi 及 24 小时热水。	C122
2384	雅致度假酒店	地址：德州朝阳街397号（德州东）。联系电话：136-64060652 / 017-44900516。距车站步行 5 分钟，交通便利。提供高速 Wi‑Fi 及 24 小时热水。	C122
2385	枫叶宾馆	地址：德州和平路144号（德州东）。联系电话：045-59088144。周边 500 米内即是商场与美食街。客房配备记忆棉床垫，保证舒适睡眠。距车站步行 5 分钟，交通便利。部分房型可俯瞰城市天际线。	C122
2386	锦江国际酒店	地址：东至县建设路358号（东至）。联系电话：158-22018631 / 199-60093668。距车站步行 5 分钟，交通便利。前台多语言服务，支持行李寄存。	C171
2387	楠舍度假酒店	地址：东至县和平路204号（东至）。联系电话：193-20048484。含自助早餐，菜品丰富。距车站步行 5 分钟，交通便利。	C171
2388	柏曼度假酒店	地址：东至县人民大道157号（东至）。联系电话：041-31415206 / 182-74768493。酒店内有健身房和洗衣房，住客免费使用。提供高速 Wi‑Fi 及 24 小时热水。前台多语言服务，支持行李寄存。周边 500 米内即是商场与美食街。	C171
2389	碧桂酒店	地址：溆浦县解放路336号（低庄）。联系电话：196-26961243 / 032-66924039。含自助早餐，菜品丰富。酒店内有健身房和洗衣房，住客免费使用。前台多语言服务，支持行李寄存。	C125
2390	梅园国际酒店	地址：溆浦县解放路46号（低庄）。联系电话：011-84333738。提供高速 Wi‑Fi 及 24 小时热水。部分房型可俯瞰城市天际线。距车站步行 5 分钟，交通便利。前台多语言服务，支持行李寄存。	C125
2391	雅致酒店	地址：溆浦县解放路318号（低庄）。联系电话：152-77697630。部分房型可俯瞰城市天际线。酒店内有健身房和洗衣房，住客免费使用。提供高速 Wi‑Fi 及 24 小时热水。	C125
2392	梅园酒店	地址：闻喜县人民大道343号（东镇）。联系电话：011-56354481。提供高速 Wi‑Fi 及 24 小时热水。含自助早餐，菜品丰富。可手机自助入住，无接触开门。部分房型可俯瞰城市天际线。	C257
2393	星程国际酒店	地址：闻喜县中心路171号（东镇）。联系电话：181-97056987。前台多语言服务，支持行李寄存。设有地下停车场与充电桩。客房配备记忆棉床垫，保证舒适睡眠。周边 500 米内即是商场与美食街。	C257
2394	梅园精品酒店	地址：闻喜县朝阳街312号（东镇）。联系电话：038-62529082 / 016-33853227。可手机自助入住，无接触开门。距车站步行 5 分钟，交通便利。提供高速 Wi‑Fi 及 24 小时热水。	C257
2395	柏曼酒店	地址：闻喜县中心路173号（东镇）。联系电话：024-85022998。含自助早餐，菜品丰富。前台多语言服务，支持行李寄存。距车站步行 5 分钟，交通便利。	C257
2396	星程大酒店	地址：道县迎宾大道72号（道州）。联系电话：152-67658933。含自助早餐，菜品丰富。可手机自助入住，无接触开门。提供高速 Wi‑Fi 及 24 小时热水。客房配备记忆棉床垫，保证舒适睡眠。	C166
2397	璞丽度假酒店	地址：道县人民大道73号（道州）。联系电话：159-73831748。距车站步行 5 分钟，交通便利。前台多语言服务，支持行李寄存。含自助早餐，菜品丰富。	C166
2398	花筑精品酒店	地址：道县解放路214号（道州）。联系电话：190-42873583。含自助早餐，菜品丰富。可手机自助入住，无接触开门。酒店内有健身房和洗衣房，住客免费使用。	C166
2399	花筑大酒店	地址：繁峙县朝阳街389号（东庄）。联系电话：038-38201695 / 031-63514087。设有地下停车场与充电桩。酒店内有健身房和洗衣房，住客免费使用。可手机自助入住，无接触开门。提供高速 Wi‑Fi 及 24 小时热水。	C124
2400	柏栎国际酒店	地址：繁峙县建设路227号（东庄）。联系电话：135-27584015。距车站步行 5 分钟，交通便利。前台多语言服务，支持行李寄存。周边 500 米内即是商场与美食街。部分房型可俯瞰城市天际线。	C124
2401	星程国际酒店	地址：繁峙县中心路310号（东庄）。联系电话：039-21796706。提供高速 Wi‑Fi 及 24 小时热水。设有地下停车场与充电桩。距车站步行 5 分钟，交通便利。	C124
2402	丽枫大酒店	地址：繁峙县迎宾大道131号（东庄）。联系电话：051-69523933 / 183-73450850。酒店内有健身房和洗衣房，住客免费使用。周边 500 米内即是商场与美食街。前台多语言服务，支持行李寄存。	C124
2403	花筑大酒店	地址：孝义和平路327号（兑镇）。联系电话：022-27866691 / 027-59555748。前台多语言服务，支持行李寄存。含自助早餐，菜品丰富。距车站步行 5 分钟，交通便利。酒店内有健身房和洗衣房，住客免费使用。	C057
2404	锦江酒店	地址：孝义和平路142号（兑镇）。联系电话：014-47378957 / 016-35453454。可手机自助入住，无接触开门。含自助早餐，菜品丰富。距车站步行 5 分钟，交通便利。部分房型可俯瞰城市天际线。	C057
2405	丽枫度假酒店	地址：涉县朝阳街262号（豆庄）。联系电话：191-67558506。可手机自助入住，无接触开门。提供高速 Wi‑Fi 及 24 小时热水。前台多语言服务，支持行李寄存。	C265
2406	碧桂精品酒店	地址：涉县人民大道186号（豆庄）。联系电话：044-71205349。提供高速 Wi‑Fi 及 24 小时热水。设有地下停车场与充电桩。距车站步行 5 分钟，交通便利。	C265
2407	梅园精品酒店	地址：涉县迎宾大道6号（豆庄）。联系电话：040-42797585 / 015-72724682。部分房型可俯瞰城市天际线。客房配备记忆棉床垫，保证舒适睡眠。	C265
2408	璞丽国际酒店	地址：定州中心路362号（定州）。联系电话：189-27462270。距车站步行 5 分钟，交通便利。含自助早餐，菜品丰富。酒店内有健身房和洗衣房，住客免费使用。周边 500 米内即是商场与美食街。	C027
2409	沐兰大酒店	地址：定州朝阳街392号（定州）。联系电话：023-40391123 / 157-69587801。设有地下停车场与充电桩。含自助早餐，菜品丰富。酒店内有健身房和洗衣房，住客免费使用。部分房型可俯瞰城市天际线。	C027
2410	雅致精品酒店	地址：定州和平路180号（定州）。联系电话：131-75852621 / 028-74563932。前台多语言服务，支持行李寄存。酒店内有健身房和洗衣房，住客免费使用。可手机自助入住，无接触开门。客房配备记忆棉床垫，保证舒适睡眠。	C027
2411	枫叶宾馆	地址：安康中心路295号（大竹园）。联系电话：014-78965410。距车站步行 5 分钟，交通便利。客房配备记忆棉床垫，保证舒适睡眠。部分房型可俯瞰城市天际线。前台多语言服务，支持行李寄存。	C090
2412	星程度假酒店	地址：安康建设路74号（大竹园）。联系电话：131-80333326 / 158-79786446。距车站步行 5 分钟，交通便利。部分房型可俯瞰城市天际线。酒店内有健身房和洗衣房，住客免费使用。	C090
2413	梅园精品酒店	地址：安康建设路92号（大竹园）。联系电话：029-37550428 / 014-59919147。设有地下停车场与充电桩。可手机自助入住，无接触开门。	C090
2414	雅致度假酒店	地址：安康朝阳街202号（大竹园）。联系电话：134-18521041 / 056-82702897。提供高速 Wi‑Fi 及 24 小时热水。设有地下停车场与充电桩。含自助早餐，菜品丰富。距车站步行 5 分钟，交通便利。	C090
2415	雅致酒店	地址：承德县中心路227号（大杖子）。联系电话：024-69856189。距车站步行 5 分钟，交通便利。酒店内有健身房和洗衣房，住客免费使用。设有地下停车场与充电桩。含自助早餐，菜品丰富。	C130
2416	月光宾馆	地址：承德县朝阳街333号（大杖子）。联系电话：185-12135111。部分房型可俯瞰城市天际线。酒店内有健身房和洗衣房，住客免费使用。	C130
2417	柏曼大酒店	地址：天津人民大道342号（豆张庄）。联系电话：052-27860977。距车站步行 5 分钟，交通便利。含自助早餐，菜品丰富。部分房型可俯瞰城市天际线。	C082
2418	丽枫度假酒店	地址：天津朝阳街398号（豆张庄）。联系电话：135-84253681 / 036-61296926。提供高速 Wi‑Fi 及 24 小时热水。客房配备记忆棉床垫，保证舒适睡眠。设有地下停车场与充电桩。距车站步行 5 分钟，交通便利。	C082
2419	云栖度假酒店	地址：天津和平路282号（豆张庄）。联系电话：197-19433570。部分房型可俯瞰城市天际线。客房配备记忆棉床垫，保证舒适睡眠。	C082
2420	雅致宾馆	地址：天津解放路68号（豆张庄）。联系电话：051-20282120。周边 500 米内即是商场与美食街。酒店内有健身房和洗衣房，住客免费使用。部分房型可俯瞰城市天际线。客房配备记忆棉床垫，保证舒适睡眠。	C082
2421	枫叶精品酒店	地址：峨边彝族自治县和平路223号（峨边）。联系电话：182-33200435 / 157-22824662。距车站步行 5 分钟，交通便利。设有地下停车场与充电桩。提供高速 Wi‑Fi 及 24 小时热水。	C019
2422	沐兰大酒店	地址：峨边彝族自治县人民大道208号（峨边）。联系电话：030-73320817。可手机自助入住，无接触开门。提供高速 Wi‑Fi 及 24 小时热水。含自助早餐，菜品丰富。	C019
2423	梅园精品酒店	地址：峨边彝族自治县朝阳街260号（峨边）。联系电话：018-81904365。前台多语言服务，支持行李寄存。酒店内有健身房和洗衣房，住客免费使用。可手机自助入住，无接触开门。	C019
2424	璞丽精品酒店	地址：峨边彝族自治县朝阳街186号（峨边）。联系电话：020-48738602 / 014-76949966。含自助早餐，菜品丰富。周边 500 米内即是商场与美食街。提供高速 Wi‑Fi 及 24 小时热水。部分房型可俯瞰城市天际线。	C019
2425	柏栎度假酒店	地址：滦平县和平路33号（二道沟门）。联系电话：156-61961483。提供高速 Wi‑Fi 及 24 小时热水。前台多语言服务，支持行李寄存。	C130
2426	丽枫精品酒店	地址：滦平县朝阳街294号（二道沟门）。联系电话：025-46368472。前台多语言服务，支持行李寄存。含自助早餐，菜品丰富。	C130
2427	柏曼国际酒店	地址：滦平县朝阳街354号（二道沟门）。联系电话：139-29589937 / 195-43395246。距车站步行 5 分钟，交通便利。酒店内有健身房和洗衣房，住客免费使用。客房配备记忆棉床垫，保证舒适睡眠。部分房型可俯瞰城市天际线。	C130
2428	柏栎大酒店	地址：富裕县迎宾大道283号（二道湾）。联系电话：016-78537278。可手机自助入住，无接触开门。部分房型可俯瞰城市天际线。	C314
2429	枫叶国际酒店	地址：富裕县迎宾大道196号（二道湾）。联系电话：020-20695240 / 132-52570302。周边 500 米内即是商场与美食街。设有地下停车场与充电桩。酒店内有健身房和洗衣房，住客免费使用。	C314
2430	碧桂宾馆	地址：富裕县人民大道124号（二道湾）。联系电话：050-57414545 / 180-24810305。客房配备记忆棉床垫，保证舒适睡眠。酒店内有健身房和洗衣房，住客免费使用。距车站步行 5 分钟，交通便利。	C314
2431	锦江度假酒店	地址：伊金霍洛旗朝阳街167号（鄂尔多斯）。联系电话：048-23106984 / 056-31094613。前台多语言服务，支持行李寄存。含自助早餐，菜品丰富。距车站步行 5 分钟，交通便利。周边 500 米内即是商场与美食街。	C269
2432	枫叶大酒店	地址：伊金霍洛旗人民大道83号（鄂尔多斯）。联系电话：159-50700011 / 183-35411334。酒店内有健身房和洗衣房，住客免费使用。距车站步行 5 分钟，交通便利。	C269
2433	梅园酒店	地址：伊金霍洛旗和平路142号（鄂尔多斯）。联系电话：156-83312491。可手机自助入住，无接触开门。客房配备记忆棉床垫，保证舒适睡眠。距车站步行 5 分钟，交通便利。	C269
2434	柏栎精品酒店	地址：宁城县建设路332号（二龙）。联系电话：157-57997625 / 186-67533167。客房配备记忆棉床垫，保证舒适睡眠。含自助早餐，菜品丰富。设有地下停车场与充电桩。	C253
2435	枫叶大酒店	地址：宁城县朝阳街77号（二龙）。联系电话：030-66602863 / 031-26411557。距车站步行 5 分钟，交通便利。客房配备记忆棉床垫，保证舒适睡眠。部分房型可俯瞰城市天际线。可手机自助入住，无接触开门。	C253
2436	楠舍大酒店	地址：宁城县和平路187号（二龙）。联系电话：155-32404462 / 159-50171578。部分房型可俯瞰城市天际线。设有地下停车场与充电桩。	C253
2437	雅致精品酒店	地址：五大连池迎宾大道24号（二龙山屯）。联系电话：155-97045880 / 188-44695742。周边 500 米内即是商场与美食街。前台多语言服务，支持行李寄存。可手机自助入住，无接触开门。	C310
2438	柏曼宾馆	地址：五大连池建设路31号（二龙山屯）。联系电话：187-94884142 / 020-39771550。可手机自助入住，无接触开门。含自助早餐，菜品丰富。	C310
2439	花筑国际酒店	地址：五大连池解放路302号（二龙山屯）。联系电话：014-78479892。客房配备记忆棉床垫，保证舒适睡眠。设有地下停车场与充电桩。	C310
2440	碧桂宾馆	地址：峨眉山建设路129号（峨眉）。联系电话：134-39790727 / 198-91598727。提供高速 Wi‑Fi 及 24 小时热水。部分房型可俯瞰城市天际线。含自助早餐，菜品丰富。设有地下停车场与充电桩。	C019
2441	丽枫酒店	地址：峨眉山和平路112号（峨眉）。联系电话：195-61677753。提供高速 Wi‑Fi 及 24 小时热水。周边 500 米内即是商场与美食街。前台多语言服务，支持行李寄存。客房配备记忆棉床垫，保证舒适睡眠。	C019
2442	花筑度假酒店	地址：峨眉山建设路385号（峨眉）。联系电话：189-52762213 / 197-28376863。含自助早餐，菜品丰富。周边 500 米内即是商场与美食街。设有地下停车场与充电桩。	C019
2443	沐兰宾馆	地址：峨眉山解放路289号（峨眉）。联系电话：199-53753441。客房配备记忆棉床垫，保证舒适睡眠。可手机自助入住，无接触开门。	C019
2444	桔子宾馆	地址：通化县解放路257号（二密河）。联系电话：132-15872263。可手机自助入住，无接触开门。提供高速 Wi‑Fi 及 24 小时热水。	C259
2445	云栖大酒店	地址：通化县解放路256号（二密河）。联系电话：182-33829351。酒店内有健身房和洗衣房，住客免费使用。提供高速 Wi‑Fi 及 24 小时热水。设有地下停车场与充电桩。	C259
2446	桔子酒店	地址：通化县中心路47号（二密河）。联系电话：059-40281301 / 037-67408176。可手机自助入住，无接触开门。部分房型可俯瞰城市天际线。周边 500 米内即是商场与美食街。酒店内有健身房和洗衣房，住客免费使用。	C259
2447	楠舍酒店	地址：通化县迎宾大道346号（二密河）。联系电话：191-73903271 / 031-53833758。含自助早餐，菜品丰富。前台多语言服务，支持行李寄存。	C259
2448	璞丽国际酒店	地址：恩平建设路153号（恩平）。联系电话：197-32137163 / 050-50669829。酒店内有健身房和洗衣房，住客免费使用。周边 500 米内即是商场与美食街。提供高速 Wi‑Fi 及 24 小时热水。	C170
2449	丽枫国际酒店	地址：恩平人民大道96号（恩平）。联系电话：159-65414120。可手机自助入住，无接触开门。含自助早餐，菜品丰富。提供高速 Wi‑Fi 及 24 小时热水。周边 500 米内即是商场与美食街。	C170
2450	碧桂精品酒店	地址：恩平和平路73号（恩平）。联系电话：137-94292772。周边 500 米内即是商场与美食街。部分房型可俯瞰城市天际线。设有地下停车场与充电桩。客房配备记忆棉床垫，保证舒适睡眠。	C170
2451	沐兰宾馆	地址：恩平解放路18号（恩平）。联系电话：154-14105079 / 040-35512533。部分房型可俯瞰城市天际线。设有地下停车场与充电桩。含自助早餐，菜品丰富。可手机自助入住，无接触开门。	C170
2452	梅园国际酒店	地址：固原朝阳街339号（二营）。联系电话：182-36727464 / 132-52856959。提供高速 Wi‑Fi 及 24 小时热水。周边 500 米内即是商场与美食街。可手机自助入住，无接触开门。设有地下停车场与充电桩。	C074
2453	柏栎宾馆	地址：固原建设路171号（二营）。联系电话：157-35394633。设有地下停车场与充电桩。酒店内有健身房和洗衣房，住客免费使用。前台多语言服务，支持行李寄存。	C074
2454	云栖酒店	地址：固原朝阳街91号（二营）。联系电话：019-58009400 / 024-29346115。设有地下停车场与充电桩。部分房型可俯瞰城市天际线。	C074
2455	柏曼宾馆	地址：鄂州解放路171号（鄂州）。联系电话：199-15537644。可手机自助入住，无接触开门。距车站步行 5 分钟，交通便利。周边 500 米内即是商场与美食街。前台多语言服务，支持行李寄存。	C270
2456	枫叶度假酒店	地址：鄂州中心路218号（鄂州）。联系电话：031-46387913。酒店内有健身房和洗衣房，住客免费使用。含自助早餐，菜品丰富。	C270
2457	柏栎宾馆	地址：福安人民大道34号（福安）。联系电话：196-44630389。前台多语言服务，支持行李寄存。酒店内有健身房和洗衣房，住客免费使用。设有地下停车场与充电桩。	C087
2458	璞丽大酒店	地址：福安解放路17号（福安）。联系电话：041-52514849。距车站步行 5 分钟，交通便利。周边 500 米内即是商场与美食街。客房配备记忆棉床垫，保证舒适睡眠。酒店内有健身房和洗衣房，住客免费使用。	C087
2459	碧桂度假酒店	地址：福安人民大道153号（福安）。联系电话：033-49726451 / 187-57715827。设有地下停车场与充电桩。周边 500 米内即是商场与美食街。可手机自助入住，无接触开门。含自助早餐，菜品丰富。	C087
2460	丽枫精品酒店	地址：福安解放路118号（福安）。联系电话：157-70394674。可手机自助入住，无接触开门。客房配备记忆棉床垫，保证舒适睡眠。前台多语言服务，支持行李寄存。提供高速 Wi‑Fi 及 24 小时热水。	C087
2461	碧桂度假酒店	地址：丰城迎宾大道382号（丰城）。联系电话：154-98871760 / 138-85817632。周边 500 米内即是商场与美食街。客房配备记忆棉床垫，保证舒适睡眠。	C096
2462	枫叶度假酒店	地址：丰城和平路320号（丰城）。联系电话：017-69550088。距车站步行 5 分钟，交通便利。含自助早餐，菜品丰富。客房配备记忆棉床垫，保证舒适睡眠。前台多语言服务，支持行李寄存。	C096
2463	星程度假酒店	地址：丰城迎宾大道130号（丰城）。联系电话：158-64613241 / 181-80428129。提供高速 Wi‑Fi 及 24 小时热水。部分房型可俯瞰城市天际线。酒店内有健身房和洗衣房，住客免费使用。	C096
2464	柏曼大酒店	地址：丰城朝阳街350号（丰城南）。联系电话：135-85829891 / 187-81160189。可手机自助入住，无接触开门。距车站步行 5 分钟，交通便利。周边 500 米内即是商场与美食街。	C096
2465	璞丽精品酒店	地址：丰城中心路279号（丰城南）。联系电话：151-71200867 / 182-82483326。距车站步行 5 分钟，交通便利。设有地下停车场与充电桩。含自助早餐，菜品丰富。	C096
2466	梅园大酒店	地址：丰城建设路198号（丰城南）。联系电话：135-51299352。设有地下停车场与充电桩。含自助早餐，菜品丰富。前台多语言服务，支持行李寄存。	C096
2467	楠舍度假酒店	地址：丰城和平路373号（丰城南）。联系电话：190-91565242。酒店内有健身房和洗衣房，住客免费使用。周边 500 米内即是商场与美食街。	C096
2468	丽枫度假酒店	地址：合肥朝阳街238号（肥东）。联系电话：025-88177918。提供高速 Wi‑Fi 及 24 小时热水。含自助早餐，菜品丰富。	C053
2469	锦江度假酒店	地址：合肥中心路46号（肥东）。联系电话：181-72082390。设有地下停车场与充电桩。提供高速 Wi‑Fi 及 24 小时热水。含自助早餐，菜品丰富。可手机自助入住，无接触开门。	C053
2470	丽枫酒店	地址：水城县朝阳街384号（发耳）。联系电话：134-37738437。距车站步行 5 分钟，交通便利。客房配备记忆棉床垫，保证舒适睡眠。含自助早餐，菜品丰富。	C033
2471	星程大酒店	地址：水城县朝阳街358号（发耳）。联系电话：134-65733180。酒店内有健身房和洗衣房，住客免费使用。距车站步行 5 分钟，交通便利。	C033
2472	璞丽大酒店	地址：水城县朝阳街107号（发耳）。联系电话：135-13933936 / 015-65740727。可手机自助入住，无接触开门。周边 500 米内即是商场与美食街。	C033
2473	雅致大酒店	地址：富裕县中心路183号（富海）。联系电话：130-60546797 / 198-16360245。酒店内有健身房和洗衣房，住客免费使用。提供高速 Wi‑Fi 及 24 小时热水。前台多语言服务，支持行李寄存。	C314
2474	云栖国际酒店	地址：富裕县和平路168号（富海）。联系电话：046-45489677 / 049-78372996。客房配备记忆棉床垫，保证舒适睡眠。提供高速 Wi‑Fi 及 24 小时热水。部分房型可俯瞰城市天际线。	C314
2475	璞丽大酒店	地址：富裕县中心路24号（富海）。联系电话：185-93210434。设有地下停车场与充电桩。提供高速 Wi‑Fi 及 24 小时热水。酒店内有健身房和洗衣房，住客免费使用。	C314
2476	柏曼酒店	地址：富裕县建设路134号（富海）。联系电话：157-33887794。周边 500 米内即是商场与美食街。酒店内有健身房和洗衣房，住客免费使用。	C314
2477	丽枫酒店	地址：福海县建设路349号（福海）。联系电话：191-47482815。可手机自助入住，无接触开门。客房配备记忆棉床垫，保证舒适睡眠。设有地下停车场与充电桩。	C292
2478	云栖酒店	地址：福海县朝阳街165号（福海）。联系电话：193-78833926。周边 500 米内即是商场与美食街。设有地下停车场与充电桩。前台多语言服务，支持行李寄存。含自助早餐，菜品丰富。	C292
2479	碧桂宾馆	地址：凤城解放路37号（凤凰城）。联系电话：199-22614209 / 139-66020898。酒店内有健身房和洗衣房，住客免费使用。提供高速 Wi‑Fi 及 24 小时热水。	C013
2480	丽枫酒店	地址：凤城解放路361号（凤凰城）。联系电话：192-33202438。客房配备记忆棉床垫，保证舒适睡眠。提供高速 Wi‑Fi 及 24 小时热水。	C013
2481	枫叶大酒店	地址：凤城解放路165号（凤凰城）。联系电话：198-72528076 / 189-34418629。前台多语言服务，支持行李寄存。周边 500 米内即是商场与美食街。酒店内有健身房和洗衣房，住客免费使用。提供高速 Wi‑Fi 及 24 小时热水。	C013
2482	梅园精品酒店	地址：太原中心路152号（汾河）。联系电话：190-25671145。部分房型可俯瞰城市天际线。距车站步行 5 分钟，交通便利。含自助早餐，菜品丰富。	C083
2483	丽枫大酒店	地址：太原建设路57号（汾河）。联系电话：059-80387712。提供高速 Wi‑Fi 及 24 小时热水。周边 500 米内即是商场与美食街。距车站步行 5 分钟，交通便利。部分房型可俯瞰城市天际线。	C083
2484	楠舍宾馆	地址：太原和平路73号（汾河）。联系电话：036-76479837 / 033-62469674。周边 500 米内即是商场与美食街。酒店内有健身房和洗衣房，住客免费使用。	C083
2485	碧桂度假酒店	地址：宁波和平路177号（奉化）。联系电话：035-25720765 / 196-35007994。可手机自助入住，无接触开门。周边 500 米内即是商场与美食街。	C088
2486	梅园国际酒店	地址：宁波人民大道191号（奉化）。联系电话：023-49153375。周边 500 米内即是商场与美食街。可手机自助入住，无接触开门。	C088
2487	柏栎大酒店	地址：富锦中心路79号（富锦）。联系电话：137-98631646。可手机自助入住，无接触开门。酒店内有健身房和洗衣房，住客免费使用。部分房型可俯瞰城市天际线。前台多语言服务，支持行李寄存。	C026
2488	柏曼大酒店	地址：富锦建设路309号（富锦）。联系电话：028-86874603 / 059-67714531。可手机自助入住，无接触开门。含自助早餐，菜品丰富。周边 500 米内即是商场与美食街。	C026
2489	桔子国际酒店	地址：富锦中心路93号（富锦）。联系电话：159-65054986。部分房型可俯瞰城市天际线。提供高速 Wi‑Fi 及 24 小时热水。	C026
2490	锦江度假酒店	地址：富锦迎宾大道53号（富锦）。联系电话：051-23257398 / 041-35251236。客房配备记忆棉床垫，保证舒适睡眠。部分房型可俯瞰城市天际线。可手机自助入住，无接触开门。	C026
2491	璞丽精品酒店	地址：公主岭迎宾大道57号（范家屯）。联系电话：057-66042995 / 032-27689153。酒店内有健身房和洗衣房，住客免费使用。设有地下停车场与充电桩。部分房型可俯瞰城市天际线。	C283
2492	柏曼国际酒店	地址：公主岭建设路110号（范家屯）。联系电话：137-72253759。周边 500 米内即是商场与美食街。距车站步行 5 分钟，交通便利。	C283
2493	枫叶国际酒店	地址：公主岭建设路234号（范家屯）。联系电话：183-71347561。距车站步行 5 分钟，交通便利。客房配备记忆棉床垫，保证舒适睡眠。提供高速 Wi‑Fi 及 24 小时热水。	C283
2494	丽枫大酒店	地址：公主岭建设路375号（范家屯）。联系电话：136-34616051。提供高速 Wi‑Fi 及 24 小时热水。前台多语言服务，支持行李寄存。部分房型可俯瞰城市天际线。含自助早餐，菜品丰富。	C283
2495	锦江大酒店	地址：兰州人民大道354号（福利区）。联系电话：199-52724333 / 199-84080276。部分房型可俯瞰城市天际线。距车站步行 5 分钟，交通便利。周边 500 米内即是商场与美食街。酒店内有健身房和洗衣房，住客免费使用。	C034
2496	柏曼精品酒店	地址：兰州和平路352号（福利区）。联系电话：154-11882108。前台多语言服务，支持行李寄存。提供高速 Wi‑Fi 及 24 小时热水。	C034
2497	枫叶宾馆	地址：兰州建设路100号（福利区）。联系电话：022-67354060。部分房型可俯瞰城市天际线。客房配备记忆棉床垫，保证舒适睡眠。	C034
2498	星程酒店	地址：集贤县和平路224号（福利屯）。联系电话：185-56841162。距车站步行 5 分钟，交通便利。设有地下停车场与充电桩。客房配备记忆棉床垫，保证舒适睡眠。	C051
2499	云栖国际酒店	地址：集贤县解放路82号（福利屯）。联系电话：190-24748984 / 034-71842262。距车站步行 5 分钟，交通便利。周边 500 米内即是商场与美食街。部分房型可俯瞰城市天际线。	C051
2500	碧桂精品酒店	地址：集贤县迎宾大道79号（福利屯）。联系电话：184-99699787。客房配备记忆棉床垫，保证舒适睡眠。部分房型可俯瞰城市天际线。	C051
2501	沐兰国际酒店	地址：集贤县和平路179号（福利屯）。联系电话：198-82804614。提供高速 Wi‑Fi 及 24 小时热水。可手机自助入住，无接触开门。	C051
2502	楠舍酒店	地址：集贤县迎宾大道307号（丰乐镇）。联系电话：130-77389266 / 182-40074929。距车站步行 5 分钟，交通便利。酒店内有健身房和洗衣房，住客免费使用。含自助早餐，菜品丰富。可手机自助入住，无接触开门。	C051
2503	柏栎酒店	地址：集贤县人民大道383号（丰乐镇）。联系电话：023-30158394 / 054-53360738。设有地下停车场与充电桩。可手机自助入住，无接触开门。	C051
2504	星程酒店	地址：集贤县和平路171号（丰乐镇）。联系电话：022-28678843。前台多语言服务，支持行李寄存。客房配备记忆棉床垫，保证舒适睡眠。酒店内有健身房和洗衣房，住客免费使用。设有地下停车场与充电桩。	C051
2505	花筑度假酒店	地址：集贤县解放路64号（丰乐镇）。联系电话：139-15752892。设有地下停车场与充电桩。客房配备记忆棉床垫，保证舒适睡眠。可手机自助入住，无接触开门。含自助早餐，菜品丰富。	C051
2506	雅致大酒店	地址：阜南县中心路245号（阜南）。联系电话：188-86445576。前台多语言服务，支持行李寄存。酒店内有健身房和洗衣房，住客免费使用。可手机自助入住，无接触开门。	C287
2507	楠舍大酒店	地址：阜南县建设路173号（阜南）。联系电话：137-78302204 / 138-79524407。酒店内有健身房和洗衣房，住客免费使用。客房配备记忆棉床垫，保证舒适睡眠。	C287
2508	桔子精品酒店	地址：阜宁县朝阳街349号（阜宁）。联系电话：150-85666832 / 023-58898957。设有地下停车场与充电桩。客房配备记忆棉床垫，保证舒适睡眠。可手机自助入住，无接触开门。部分房型可俯瞰城市天际线。	C216
2509	云栖大酒店	地址：阜宁县朝阳街115号（阜宁）。联系电话：155-37656551 / 017-73857876。含自助早餐，菜品丰富。部分房型可俯瞰城市天际线。设有地下停车场与充电桩。	C216
2510	柏栎度假酒店	地址：阜宁县迎宾大道370号（阜宁）。联系电话：040-54042795 / 186-95307826。客房配备记忆棉床垫，保证舒适睡眠。周边 500 米内即是商场与美食街。距车站步行 5 分钟，交通便利。	C216
2511	雅致精品酒店	地址：秦皇岛中心路112号（抚宁）。联系电话：180-43933913 / 034-66586893。客房配备记忆棉床垫，保证舒适睡眠。部分房型可俯瞰城市天际线。	C222
2512	月光酒店	地址：秦皇岛和平路150号（抚宁）。联系电话：198-71968192 / 185-20607548。酒店内有健身房和洗衣房，住客免费使用。客房配备记忆棉床垫，保证舒适睡眠。部分房型可俯瞰城市天际线。	C222
2513	月光宾馆	地址：福清人民大道14号（福清）。联系电话：047-30701296 / 185-62844011。提供高速 Wi‑Fi 及 24 小时热水。前台多语言服务，支持行李寄存。周边 500 米内即是商场与美食街。设有地下停车场与充电桩。	C221
2514	花筑精品酒店	地址：福清朝阳街246号（福清）。联系电话：132-71757093 / 192-22440295。前台多语言服务，支持行李寄存。客房配备记忆棉床垫，保证舒适睡眠。	C221
2515	悦榕宾馆	地址：福清迎宾大道254号（福清）。联系电话：155-36405795 / 187-80154071。前台多语言服务，支持行李寄存。提供高速 Wi‑Fi 及 24 小时热水。部分房型可俯瞰城市天际线。客房配备记忆棉床垫，保证舒适睡眠。	C221
2516	花筑宾馆	地址：福泉迎宾大道399号（福泉）。联系电话：017-45223335 / 013-56163445。提供高速 Wi‑Fi 及 24 小时热水。周边 500 米内即是商场与美食街。	C312
2517	桔子大酒店	地址：福泉和平路235号（福泉）。联系电话：056-72454313 / 196-50217049。含自助早餐，菜品丰富。部分房型可俯瞰城市天际线。设有地下停车场与充电桩。	C312
2518	桔子国际酒店	地址：皋兰县和平路142号（丰水村）。联系电话：156-29013136。客房配备记忆棉床垫，保证舒适睡眠。部分房型可俯瞰城市天际线。周边 500 米内即是商场与美食街。可手机自助入住，无接触开门。	C034
2519	雅致酒店	地址：皋兰县朝阳街45号（丰水村）。联系电话：058-67553298。含自助早餐，菜品丰富。可手机自助入住，无接触开门。周边 500 米内即是商场与美食街。	C034
2520	云栖度假酒店	地址：皋兰县中心路384号（丰水村）。联系电话：057-88715595。客房配备记忆棉床垫，保证舒适睡眠。距车站步行 5 分钟，交通便利。含自助早餐，菜品丰富。	C034
2521	碧桂宾馆	地址：梅州朝阳街228号（丰顺）。联系电话：191-36251075。周边 500 米内即是商场与美食街。客房配备记忆棉床垫，保证舒适睡眠。	C159
2522	悦榕度假酒店	地址：梅州和平路262号（丰顺）。联系电话：057-28230116。含自助早餐，菜品丰富。可手机自助入住，无接触开门。部分房型可俯瞰城市天际线。提供高速 Wi‑Fi 及 24 小时热水。	C159
2523	悦榕大酒店	地址：梅州建设路38号（丰顺）。联系电话：137-38856630。部分房型可俯瞰城市天际线。可手机自助入住，无接触开门。酒店内有健身房和洗衣房，住客免费使用。	C159
2524	月光大酒店	地址：繁峙县朝阳街65号（繁峙）。联系电话：184-29533014 / 139-63426050。酒店内有健身房和洗衣房，住客免费使用。提供高速 Wi‑Fi 及 24 小时热水。含自助早餐，菜品丰富。部分房型可俯瞰城市天际线。	C124
2525	璞丽精品酒店	地址：繁峙县中心路330号（繁峙）。联系电话：038-31550253 / 049-84924791。客房配备记忆棉床垫，保证舒适睡眠。部分房型可俯瞰城市天际线。	C124
2526	星程精品酒店	地址：繁峙县中心路271号（繁峙）。联系电话：158-78547864。可手机自助入住，无接触开门。周边 500 米内即是商场与美食街。	C124
2527	花筑精品酒店	地址：繁峙县朝阳街193号（繁峙）。联系电话：156-81271072。酒店内有健身房和洗衣房，住客免费使用。前台多语言服务，支持行李寄存。提供高速 Wi‑Fi 及 24 小时热水。周边 500 米内即是商场与美食街。	C124
2528	碧桂国际酒店	地址：抚顺解放路136号（抚顺）。联系电话：041-66003359 / 137-31150957。部分房型可俯瞰城市天际线。酒店内有健身房和洗衣房，住客免费使用。客房配备记忆棉床垫，保证舒适睡眠。	C132
2529	碧桂大酒店	地址：抚顺中心路138号（抚顺）。联系电话：011-54950859。可手机自助入住，无接触开门。客房配备记忆棉床垫，保证舒适睡眠。	C132
2530	柏栎精品酒店	地址：涞水县人民大道57号（福山口）。联系电话：026-57285438 / 152-26547789。部分房型可俯瞰城市天际线。前台多语言服务，支持行李寄存。周边 500 米内即是商场与美食街。客房配备记忆棉床垫，保证舒适睡眠。	C027
2531	碧桂宾馆	地址：涞水县迎宾大道22号（福山口）。联系电话：187-23266848 / 193-36774181。酒店内有健身房和洗衣房，住客免费使用。提供高速 Wi‑Fi 及 24 小时热水。含自助早餐，菜品丰富。	C027
2532	沐兰精品酒店	地址：涞水县人民大道89号（福山口）。联系电话：010-27491390。部分房型可俯瞰城市天际线。含自助早餐，菜品丰富。设有地下停车场与充电桩。	C027
2533	碧桂国际酒店	地址：扶绥县建设路49号（扶绥）。联系电话：053-77664678 / 182-13804588。可手机自助入住，无接触开门。设有地下停车场与充电桩。含自助早餐，菜品丰富。客房配备记忆棉床垫，保证舒适睡眠。	C102
2534	桔子酒店	地址：扶绥县解放路362号（扶绥）。联系电话：025-61732555 / 131-16653589。含自助早餐，菜品丰富。设有地下停车场与充电桩。部分房型可俯瞰城市天际线。	C102
2535	锦江度假酒店	地址：富裕县迎宾大道345号（冯屯）。联系电话：010-53501999 / 180-79193797。含自助早餐，菜品丰富。前台多语言服务，支持行李寄存。设有地下停车场与充电桩。部分房型可俯瞰城市天际线。	C314
2536	柏栎酒店	地址：富裕县人民大道383号（冯屯）。联系电话：049-37574062 / 182-66013708。部分房型可俯瞰城市天际线。客房配备记忆棉床垫，保证舒适睡眠。距车站步行 5 分钟，交通便利。周边 500 米内即是商场与美食街。	C314
2537	桔子大酒店	地址：涞源县解放路50号（浮图峪）。联系电话：014-64824993。酒店内有健身房和洗衣房，住客免费使用。前台多语言服务，支持行李寄存。	C027
2538	沐兰精品酒店	地址：涞源县和平路39号（浮图峪）。联系电话：036-51292433 / 047-82646503。可手机自助入住，无接触开门。含自助早餐，菜品丰富。客房配备记忆棉床垫，保证舒适睡眠。距车站步行 5 分钟，交通便利。	C027
2539	柏曼酒店	地址：富平县中心路287号（富县东）。联系电话：024-43426669。部分房型可俯瞰城市天际线。含自助早餐，菜品丰富。距车站步行 5 分钟，交通便利。客房配备记忆棉床垫，保证舒适睡眠。	C193
2540	锦江大酒店	地址：富平县和平路5号（富县东）。联系电话：041-35902006 / 041-88783811。含自助早餐，菜品丰富。酒店内有健身房和洗衣房，住客免费使用。	C193
2541	沐兰度假酒店	地址：富平县解放路153号（富县东）。联系电话：138-88581693 / 016-66354483。酒店内有健身房和洗衣房，住客免费使用。部分房型可俯瞰城市天际线。设有地下停车场与充电桩。	C193
2542	雅致国际酒店	地址：凤县迎宾大道227号（凤县）。联系电话：031-38203066。距车站步行 5 分钟，交通便利。周边 500 米内即是商场与美食街。	C097
2543	桔子精品酒店	地址：凤县解放路396号（凤县）。联系电话：037-73791093 / 032-59367358。部分房型可俯瞰城市天际线。客房配备记忆棉床垫，保证舒适睡眠。	C097
2544	雅致度假酒店	地址：延安人民大道61号（富县）。联系电话：019-27657829 / 155-41990552。含自助早餐，菜品丰富。前台多语言服务，支持行李寄存。设有地下停车场与充电桩。部分房型可俯瞰城市天际线。	C115
2545	月光精品酒店	地址：延安人民大道1号（富县）。联系电话：034-51584365 / 019-72863029。含自助早餐，菜品丰富。设有地下停车场与充电桩。可手机自助入住，无接触开门。	C115
2546	雅致国际酒店	地址：费县中心路86号（费县）。联系电话：198-30737415。客房配备记忆棉床垫，保证舒适睡眠。部分房型可俯瞰城市天际线。周边 500 米内即是商场与美食街。含自助早餐，菜品丰富。	C012
2547	月光精品酒店	地址：费县解放路247号（费县）。联系电话：150-83423835。客房配备记忆棉床垫，保证舒适睡眠。可手机自助入住，无接触开门。酒店内有健身房和洗衣房，住客免费使用。	C012
2548	柏曼度假酒店	地址：滁州解放路391号（凤阳）。联系电话：027-74431911。含自助早餐，菜品丰富。周边 500 米内即是商场与美食街。	C198
2549	枫叶酒店	地址：滁州和平路32号（凤阳）。联系电话：018-31236466。可手机自助入住，无接触开门。周边 500 米内即是商场与美食街。前台多语言服务，支持行李寄存。提供高速 Wi‑Fi 及 24 小时热水。	C198
2550	花筑酒店	地址：滁州朝阳街385号（凤阳）。联系电话：152-33891710 / 032-56839063。酒店内有健身房和洗衣房，住客免费使用。提供高速 Wi‑Fi 及 24 小时热水。周边 500 米内即是商场与美食街。	C198
2551	桔子精品酒店	地址：滁州和平路155号（凤阳）。联系电话：150-65131964 / 027-22712856。提供高速 Wi‑Fi 及 24 小时热水。设有地下停车场与充电桩。前台多语言服务，支持行李寄存。	C198
2552	雅致国际酒店	地址：汾阳和平路228号（汾阳）。联系电话：046-46222661 / 023-65858215。可手机自助入住，无接触开门。设有地下停车场与充电桩。酒店内有健身房和洗衣房，住客免费使用。	C057
2553	沐兰酒店	地址：汾阳中心路114号（汾阳）。联系电话：027-27434850。距车站步行 5 分钟，交通便利。设有地下停车场与充电桩。	C057
2554	云栖精品酒店	地址：汾阳和平路292号（汾阳）。联系电话：197-39954754。周边 500 米内即是商场与美食街。可手机自助入住，无接触开门。	C057
2555	璞丽度假酒店	地址：扶余中心路198号（扶余北）。联系电话：190-17887667。部分房型可俯瞰城市天际线。客房配备记忆棉床垫，保证舒适睡眠。前台多语言服务，支持行李寄存。提供高速 Wi‑Fi 及 24 小时热水。	C154
2556	柏栎国际酒店	地址：扶余解放路263号（扶余北）。联系电话：195-83859573 / 032-28259258。距车站步行 5 分钟，交通便利。周边 500 米内即是商场与美食街。可手机自助入住，无接触开门。提供高速 Wi‑Fi 及 24 小时热水。	C154
2557	丽枫精品酒店	地址：扶余朝阳街200号（扶余北）。联系电话：013-69953892。酒店内有健身房和洗衣房，住客免费使用。距车站步行 5 分钟，交通便利。前台多语言服务，支持行李寄存。	C154
2558	柏曼精品酒店	地址：扶余人民大道95号（扶余北）。联系电话：056-30822869。提供高速 Wi‑Fi 及 24 小时热水。酒店内有健身房和洗衣房，住客免费使用。距车站步行 5 分钟，交通便利。	C154
2559	楠舍宾馆	地址：分宜县解放路74号（分宜）。联系电话：187-70879549。提供高速 Wi‑Fi 及 24 小时热水。距车站步行 5 分钟，交通便利。	C138
2560	丽枫度假酒店	地址：分宜县和平路214号（分宜）。联系电话：049-49182232 / 010-51397778。含自助早餐，菜品丰富。前台多语言服务，支持行李寄存。客房配备记忆棉床垫，保证舒适睡眠。	C138
2561	雅致国际酒店	地址：分宜县中心路338号（分宜）。联系电话：056-76523043。部分房型可俯瞰城市天际线。提供高速 Wi‑Fi 及 24 小时热水。周边 500 米内即是商场与美食街。	C138
2562	枫叶度假酒店	地址：富源县和平路163号（富源）。联系电话：036-78212011。距车站步行 5 分钟，交通便利。前台多语言服务，支持行李寄存。部分房型可俯瞰城市天际线。	C148
2563	梅园度假酒店	地址：富源县解放路217号（富源）。联系电话：020-85321816 / 191-19447138。设有地下停车场与充电桩。部分房型可俯瞰城市天际线。含自助早餐，菜品丰富。客房配备记忆棉床垫，保证舒适睡眠。	C148
2564	梅园大酒店	地址：富源县人民大道283号（富源）。联系电话：198-58642496 / 011-46558255。周边 500 米内即是商场与美食街。可手机自助入住，无接触开门。含自助早餐，菜品丰富。	C148
2565	雅致大酒店	地址：扶余人民大道280号（扶余）。联系电话：184-32194057。部分房型可俯瞰城市天际线。含自助早餐，菜品丰富。	C154
2566	云栖大酒店	地址：扶余中心路13号（扶余）。联系电话：184-25528409。部分房型可俯瞰城市天际线。酒店内有健身房和洗衣房，住客免费使用。前台多语言服务，支持行李寄存。距车站步行 5 分钟，交通便利。	C154
2567	云栖宾馆	地址：富裕县中心路163号（富裕）。联系电话：030-81737649 / 182-75738183。部分房型可俯瞰城市天际线。周边 500 米内即是商场与美食街。酒店内有健身房和洗衣房，住客免费使用。客房配备记忆棉床垫，保证舒适睡眠。	C314
2568	锦江酒店	地址：富裕县迎宾大道128号（富裕）。联系电话：010-24307564 / 036-39010356。提供高速 Wi‑Fi 及 24 小时热水。周边 500 米内即是商场与美食街。可手机自助入住，无接触开门。	C314
2569	雅致宾馆	地址：抚州和平路259号（抚州北）。联系电话：036-23741670。部分房型可俯瞰城市天际线。设有地下停车场与充电桩。	C131
2570	花筑国际酒店	地址：抚州人民大道173号（抚州北）。联系电话：185-78405004 / 135-99338352。部分房型可俯瞰城市天际线。客房配备记忆棉床垫，保证舒适睡眠。距车站步行 5 分钟，交通便利。	C131
2571	沐兰度假酒店	地址：凤县迎宾大道29号（凤州）。联系电话：054-20650069。部分房型可俯瞰城市天际线。前台多语言服务，支持行李寄存。距车站步行 5 分钟，交通便利。含自助早餐，菜品丰富。	C097
2572	沐兰大酒店	地址：凤县建设路304号（凤州）。联系电话：157-27254333。可手机自助入住，无接触开门。客房配备记忆棉床垫，保证舒适睡眠。前台多语言服务，支持行李寄存。	C097
2573	碧桂国际酒店	地址：凤县中心路396号（凤州）。联系电话：196-26599863 / 057-35334241。酒店内有健身房和洗衣房，住客免费使用。设有地下停车场与充电桩。	C097
2574	锦江酒店	地址：凤县中心路342号（凤州）。联系电话：197-90742226。客房配备记忆棉床垫，保证舒适睡眠。酒店内有健身房和洗衣房，住客免费使用。含自助早餐，菜品丰富。	C097
2575	沐兰酒店	地址：丰镇建设路175号（丰镇）。联系电话：049-81959973。提供高速 Wi‑Fi 及 24 小时热水。设有地下停车场与充电桩。	C016
2576	锦江大酒店	地址：丰镇中心路163号（丰镇）。联系电话：181-30822687 / 133-34712783。设有地下停车场与充电桩。客房配备记忆棉床垫，保证舒适睡眠。	C016
2577	碧桂精品酒店	地址：泰安解放路292号（范镇）。联系电话：022-62782569。客房配备记忆棉床垫，保证舒适睡眠。周边 500 米内即是商场与美食街。提供高速 Wi‑Fi 及 24 小时热水。	C177
2578	楠舍宾馆	地址：泰安人民大道65号（范镇）。联系电话：182-24009480。客房配备记忆棉床垫，保证舒适睡眠。含自助早餐，菜品丰富。	C177
2579	丽枫度假酒店	地址：泰安解放路235号（范镇）。联系电话：180-49680008 / 187-60063335。客房配备记忆棉床垫，保证舒适睡眠。周边 500 米内即是商场与美食街。可手机自助入住，无接触开门。部分房型可俯瞰城市天际线。	C177
2580	楠舍国际酒店	地址：固安县和平路264号（固安）。联系电话：197-73680470。可手机自助入住，无接触开门。含自助早餐，菜品丰富。	C114
2581	梅园国际酒店	地址：固安县迎宾大道280号（固安）。联系电话：046-83210240 / 028-69099679。可手机自助入住，无接触开门。酒店内有健身房和洗衣房，住客免费使用。提供高速 Wi‑Fi 及 24 小时热水。	C114
2582	梅园度假酒店	地址：固安县迎宾大道370号（固安）。联系电话：136-35928863 / 016-52499019。可手机自助入住，无接触开门。部分房型可俯瞰城市天际线。提供高速 Wi‑Fi 及 24 小时热水。	C114
2583	璞丽酒店	地址：广安迎宾大道344号（广安）。联系电话：195-42181205 / 136-63626828。周边 500 米内即是商场与美食街。设有地下停车场与充电桩。客房配备记忆棉床垫，保证舒适睡眠。	C111
2584	梅园精品酒店	地址：广安迎宾大道381号（广安）。联系电话：131-95767726。周边 500 米内即是商场与美食街。酒店内有健身房和洗衣房，住客免费使用。	C111
2585	云栖国际酒店	地址：广安和平路186号（广安）。联系电话：056-63803147。距车站步行 5 分钟，交通便利。前台多语言服务，支持行李寄存。	C111
2586	丽枫酒店	地址：高碑店解放路373号（高碑店）。联系电话：032-53069464。距车站步行 5 分钟，交通便利。客房配备记忆棉床垫，保证舒适睡眠。周边 500 米内即是商场与美食街。	C027
2587	雅致酒店	地址：高碑店中心路173号（高碑店）。联系电话：023-69905111。周边 500 米内即是商场与美食街。含自助早餐，菜品丰富。提供高速 Wi‑Fi 及 24 小时热水。	C027
2588	丽枫酒店	地址：高碑店朝阳街320号（高碑店）。联系电话：138-73365283 / 157-17308745。设有地下停车场与充电桩。含自助早餐，菜品丰富。距车站步行 5 分钟，交通便利。周边 500 米内即是商场与美食街。	C027
2589	楠舍酒店	地址：北镇建设路336号（沟帮子）。联系电话：137-24824134。设有地下停车场与充电桩。部分房型可俯瞰城市天际线。距车站步行 5 分钟，交通便利。含自助早餐，菜品丰富。	C281
2590	锦江国际酒店	地址：北镇建设路82号（沟帮子）。联系电话：053-67105951 / 021-39428272。距车站步行 5 分钟，交通便利。部分房型可俯瞰城市天际线。酒店内有健身房和洗衣房，住客免费使用。前台多语言服务，支持行李寄存。	C281
2591	花筑度假酒店	地址：榆中县解放路390号（甘草店）。联系电话：133-38711845 / 137-85017793。距车站步行 5 分钟，交通便利。含自助早餐，菜品丰富。部分房型可俯瞰城市天际线。	C034
2592	悦榕大酒店	地址：榆中县迎宾大道370号（甘草店）。联系电话：039-51404660 / 052-30874582。部分房型可俯瞰城市天际线。酒店内有健身房和洗衣房，住客免费使用。前台多语言服务，支持行李寄存。	C034
2593	楠舍大酒店	地址：榆中县迎宾大道346号（甘草店）。联系电话：010-36179262 / 150-96924198。周边 500 米内即是商场与美食街。含自助早餐，菜品丰富。酒店内有健身房和洗衣房，住客免费使用。可手机自助入住，无接触开门。	C034
2594	梅园宾馆	地址：榆中县迎宾大道99号（甘草店）。联系电话：152-24734864。酒店内有健身房和洗衣房，住客免费使用。设有地下停车场与充电桩。	C034
2595	柏栎精品酒店	地址：谷城县朝阳街299号（谷城）。联系电话：195-11156322。周边 500 米内即是商场与美食街。设有地下停车场与充电桩。客房配备记忆棉床垫，保证舒适睡眠。	C244
2596	沐兰精品酒店	地址：谷城县迎宾大道346号（谷城）。联系电话：041-39435632。前台多语言服务，支持行李寄存。部分房型可俯瞰城市天际线。距车站步行 5 分钟，交通便利。	C244
2597	锦江度假酒店	地址：石家庄和平路25号（藁城）。联系电话：025-57213741 / 030-75225316。可手机自助入住，无接触开门。部分房型可俯瞰城市天际线。含自助早餐，菜品丰富。提供高速 Wi‑Fi 及 24 小时热水。	C220
2598	雅致酒店	地址：石家庄迎宾大道361号（藁城）。联系电话：151-26575469 / 195-18848617。客房配备记忆棉床垫，保证舒适睡眠。周边 500 米内即是商场与美食街。部分房型可俯瞰城市天际线。	C220
2599	璞丽度假酒店	地址：阳曲县建设路104号（高村）。联系电话：192-51161826 / 156-31113319。酒店内有健身房和洗衣房，住客免费使用。客房配备记忆棉床垫，保证舒适睡眠。提供高速 Wi‑Fi 及 24 小时热水。	C083
2600	柏栎精品酒店	地址：阳曲县迎宾大道208号（高村）。联系电话：052-55458532 / 152-74879619。部分房型可俯瞰城市天际线。酒店内有健身房和洗衣房，住客免费使用。周边 500 米内即是商场与美食街。提供高速 Wi‑Fi 及 24 小时热水。	C083
2601	璞丽精品酒店	地址：阳曲县建设路170号（高村）。联系电话：050-37856704。含自助早餐，菜品丰富。酒店内有健身房和洗衣房，住客免费使用。设有地下停车场与充电桩。周边 500 米内即是商场与美食街。	C083
2602	悦榕国际酒店	地址：阳曲县中心路268号（高村）。联系电话：131-19555015。提供高速 Wi‑Fi 及 24 小时热水。含自助早餐，菜品丰富。酒店内有健身房和洗衣房，住客免费使用。	C083
2603	枫叶国际酒店	地址：林口县和平路217号（古城镇）。联系电话：018-50139278。设有地下停车场与充电桩。客房配备记忆棉床垫，保证舒适睡眠。距车站步行 5 分钟，交通便利。部分房型可俯瞰城市天际线。	C207
2604	梅园国际酒店	地址：林口县解放路63号（古城镇）。联系电话：182-42571658 / 135-87328445。提供高速 Wi‑Fi 及 24 小时热水。客房配备记忆棉床垫，保证舒适睡眠。	C207
2605	柏曼度假酒店	地址：林口县建设路273号（古城镇）。联系电话：057-24327053。前台多语言服务，支持行李寄存。设有地下停车场与充电桩。	C207
2606	梅园大酒店	地址：广德县人民大道160号（广德）。联系电话：051-81208864。部分房型可俯瞰城市天际线。提供高速 Wi‑Fi 及 24 小时热水。	C098
2607	楠舍大酒店	地址：广德县和平路342号（广德）。联系电话：195-72101722 / 058-68885775。可手机自助入住，无接触开门。含自助早餐，菜品丰富。	C098
2608	璞丽度假酒店	地址：贵定县中心路273号（贵定）。联系电话：044-80022945 / 014-81127658。距车站步行 5 分钟，交通便利。含自助早餐，菜品丰富。	C312
2609	锦江精品酒店	地址：贵定县迎宾大道208号（贵定）。联系电话：058-21288354 / 053-84233943。含自助早餐，菜品丰富。客房配备记忆棉床垫，保证舒适睡眠。	C312
2610	沐兰精品酒店	地址：贵定县朝阳街130号（贵定）。联系电话：152-93617620。含自助早餐，菜品丰富。部分房型可俯瞰城市天际线。提供高速 Wi‑Fi 及 24 小时热水。	C312
2611	沐兰宾馆	地址：贵定县人民大道369号（贵定）。联系电话：031-51636827。可手机自助入住，无接触开门。提供高速 Wi‑Fi 及 24 小时热水。客房配备记忆棉床垫，保证舒适睡眠。	C312
2612	碧桂酒店	地址：贵定县人民大道259号（贵定南）。联系电话：030-89190595 / 013-88513795。客房配备记忆棉床垫，保证舒适睡眠。含自助早餐，菜品丰富。可手机自助入住，无接触开门。酒店内有健身房和洗衣房，住客免费使用。	C312
2613	桔子宾馆	地址：贵定县人民大道256号（贵定南）。联系电话：189-99172286 / 156-49346786。周边 500 米内即是商场与美食街。距车站步行 5 分钟，交通便利。	C312
2614	星程精品酒店	地址：古交中心路18号（古东）。联系电话：053-42092134 / 131-78246922。部分房型可俯瞰城市天际线。设有地下停车场与充电桩。	C083
2615	桔子宾馆	地址：古交中心路350号（古东）。联系电话：199-64416837 / 181-88811401。客房配备记忆棉床垫，保证舒适睡眠。距车站步行 5 分钟，交通便利。周边 500 米内即是商场与美食街。部分房型可俯瞰城市天际线。	C083
2616	悦榕国际酒店	地址：贵港人民大道224号（贵港）。联系电话：034-41044083。前台多语言服务，支持行李寄存。距车站步行 5 分钟，交通便利。	C248
2617	碧桂大酒店	地址：贵港和平路161号（贵港）。联系电话：033-62947088。设有地下停车场与充电桩。客房配备记忆棉床垫，保证舒适睡眠。周边 500 米内即是商场与美食街。含自助早餐，菜品丰富。	C248
2618	雅致国际酒店	地址：贵港解放路110号（贵港）。联系电话：190-82582053。酒店内有健身房和洗衣房，住客免费使用。提供高速 Wi‑Fi 及 24 小时热水。	C248
2619	悦榕酒店	地址：北京中心路362号（官高）。联系电话：153-31971378 / 021-40496304。提供高速 Wi‑Fi 及 24 小时热水。前台多语言服务，支持行李寄存。设有地下停车场与充电桩。	C039
2620	丽枫大酒店	地址：北京解放路10号（官高）。联系电话：015-88429312 / 051-50707453。部分房型可俯瞰城市天际线。客房配备记忆棉床垫，保证舒适睡眠。提供高速 Wi‑Fi 及 24 小时热水。	C039
2621	月光度假酒店	地址：科尔沁右翼前旗解放路207号（葛根庙）。联系电话：012-49951612 / 020-60883421。提供高速 Wi‑Fi 及 24 小时热水。酒店内有健身房和洗衣房，住客免费使用。	C035
2622	雅致大酒店	地址：科尔沁右翼前旗中心路333号（葛根庙）。联系电话：135-68106351 / 012-36066023。距车站步行 5 分钟，交通便利。可手机自助入住，无接触开门。前台多语言服务，支持行李寄存。周边 500 米内即是商场与美食街。	C035
2623	丽枫大酒店	地址：科尔沁右翼前旗建设路271号（葛根庙）。联系电话：158-28201291 / 185-89184724。周边 500 米内即是商场与美食街。含自助早餐，菜品丰富。部分房型可俯瞰城市天际线。	C035
2624	沐兰度假酒店	地址：通化县和平路255号（干沟）。联系电话：056-59924578。可手机自助入住，无接触开门。设有地下停车场与充电桩。周边 500 米内即是商场与美食街。	C259
2625	月光大酒店	地址：通化县建设路174号（干沟）。联系电话：138-57167857 / 053-29935018。提供高速 Wi‑Fi 及 24 小时热水。设有地下停车场与充电桩。周边 500 米内即是商场与美食街。距车站步行 5 分钟，交通便利。	C259
2626	花筑酒店	地址：通化县和平路312号（干沟）。联系电话：014-20005443。客房配备记忆棉床垫，保证舒适睡眠。可手机自助入住，无接触开门。	C259
2627	悦榕度假酒店	地址：甘谷县人民大道365号（甘谷）。联系电话：182-71938201。部分房型可俯瞰城市天际线。距车站步行 5 分钟，交通便利。客房配备记忆棉床垫，保证舒适睡眠。周边 500 米内即是商场与美食街。	C081
2628	柏曼度假酒店	地址：甘谷县人民大道187号（甘谷）。联系电话：138-85288925 / 139-45004575。周边 500 米内即是商场与美食街。前台多语言服务，支持行李寄存。	C081
2629	柏曼国际酒店	地址：甘谷县朝阳街101号（甘谷）。联系电话：055-29507982 / 153-76180579。设有地下停车场与充电桩。周边 500 米内即是商场与美食街。	C081
2630	锦江度假酒店	地址：北京迎宾大道59号（高各庄）。联系电话：130-64217504 / 195-36599752。客房配备记忆棉床垫，保证舒适睡眠。酒店内有健身房和洗衣房，住客免费使用。	C039
2631	璞丽酒店	地址：北京解放路221号（高各庄）。联系电话：048-31985142 / 154-57289864。周边 500 米内即是商场与美食街。含自助早餐，菜品丰富。	C039
2632	柏栎国际酒店	地址：北京解放路285号（高各庄）。联系电话：038-72731616 / 015-25540112。距车站步行 5 分钟，交通便利。提供高速 Wi‑Fi 及 24 小时热水。设有地下停车场与充电桩。含自助早餐，菜品丰富。	C039
2633	枫叶国际酒店	地址：北京人民大道134号（高各庄）。联系电话：056-42452293 / 052-71792671。设有地下停车场与充电桩。前台多语言服务，支持行李寄存。提供高速 Wi‑Fi 及 24 小时热水。	C039
2634	枫叶宾馆	地址：鄂伦春自治旗和平路262号（甘河）。联系电话：051-41991263 / 135-44184514。提供高速 Wi‑Fi 及 24 小时热水。部分房型可俯瞰城市天际线。客房配备记忆棉床垫，保证舒适睡眠。设有地下停车场与充电桩。	C060
2635	桔子酒店	地址：鄂伦春自治旗朝阳街271号（甘河）。联系电话：183-75261065。客房配备记忆棉床垫，保证舒适睡眠。周边 500 米内即是商场与美食街。含自助早餐，菜品丰富。设有地下停车场与充电桩。	C060
2636	月光精品酒店	地址：鄂伦春自治旗解放路73号（甘河）。联系电话：051-48574906。酒店内有健身房和洗衣房，住客免费使用。部分房型可俯瞰城市天际线。	C060
2637	碧桂国际酒店	地址：鄂伦春自治旗朝阳街147号（甘河）。联系电话：022-24292027。前台多语言服务，支持行李寄存。距车站步行 5 分钟，交通便利。	C060
2638	梅园酒店	地址：根河人民大道60号（根河）。联系电话：047-81863965。客房配备记忆棉床垫，保证舒适睡眠。提供高速 Wi‑Fi 及 24 小时热水。	C060
2639	沐兰度假酒店	地址：根河中心路243号（根河）。联系电话：184-70644658。距车站步行 5 分钟，交通便利。设有地下停车场与充电桩。	C060
2640	桔子度假酒店	地址：根河中心路136号（根河）。联系电话：059-60479256。距车站步行 5 分钟，交通便利。设有地下停车场与充电桩。	C060
2641	璞丽精品酒店	地址：梨树县迎宾大道370号（郭家店）。联系电话：139-43150545 / 016-22144633。前台多语言服务，支持行李寄存。可手机自助入住，无接触开门。客房配备记忆棉床垫，保证舒适睡眠。	C073
2642	梅园度假酒店	地址：梨树县中心路361号（郭家店）。联系电话：035-86961842 / 155-15316671。周边 500 米内即是商场与美食街。提供高速 Wi‑Fi 及 24 小时热水。距车站步行 5 分钟，交通便利。酒店内有健身房和洗衣房，住客免费使用。	C073
2643	沐兰宾馆	地址：梨树县和平路224号（郭家店）。联系电话：159-40276283 / 041-48359029。含自助早餐，菜品丰富。前台多语言服务，支持行李寄存。距车站步行 5 分钟，交通便利。	C073
2644	楠舍国际酒店	地址：沈阳中心路212号（孤家子）。联系电话：055-63493883 / 188-34256591。客房配备记忆棉床垫，保证舒适睡眠。前台多语言服务，支持行李寄存。提供高速 Wi‑Fi 及 24 小时热水。	C172
2645	璞丽大酒店	地址：沈阳迎宾大道144号（孤家子）。联系电话：058-67464373 / 182-42190974。设有地下停车场与充电桩。前台多语言服务，支持行李寄存。	C172
2646	月光精品酒店	地址：沈阳解放路115号（孤家子）。联系电话：032-26512770 / 131-93405718。距车站步行 5 分钟，交通便利。设有地下停车场与充电桩。	C172
2647	丽枫大酒店	地址：沈阳人民大道15号（孤家子）。联系电话：159-25290860 / 040-38107799。前台多语言服务，支持行李寄存。周边 500 米内即是商场与美食街。距车站步行 5 分钟，交通便利。	C172
2648	碧桂国际酒店	地址：古浪县中心路13号（古浪）。联系电话：132-28032905。周边 500 米内即是商场与美食街。客房配备记忆棉床垫，保证舒适睡眠。部分房型可俯瞰城市天际线。	C163
2649	桔子精品酒店	地址：古浪县人民大道293号（古浪）。联系电话：050-34085784 / 051-77887814。周边 500 米内即是商场与美食街。客房配备记忆棉床垫，保证舒适睡眠。	C163
2650	月光国际酒店	地址：古浪县中心路94号（古浪）。联系电话：156-38288362。含自助早餐，菜品丰富。可手机自助入住，无接触开门。周边 500 米内即是商场与美食街。	C163
2651	碧桂国际酒店	地址：皋兰县建设路43号（皋兰）。联系电话：045-27019360 / 188-34236468。含自助早餐，菜品丰富。提供高速 Wi‑Fi 及 24 小时热水。	C034
2652	云栖精品酒店	地址：皋兰县建设路230号（皋兰）。联系电话：015-88887612。前台多语言服务，支持行李寄存。周边 500 米内即是商场与美食街。	C034
2653	枫叶大酒店	地址：昆明朝阳街356号（高楼房）。联系电话：194-63280968。设有地下停车场与充电桩。提供高速 Wi‑Fi 及 24 小时热水。含自助早餐，菜品丰富。	C142
2654	沐兰精品酒店	地址：昆明人民大道187号（高楼房）。联系电话：042-60626915 / 052-86646306。含自助早餐，菜品丰富。距车站步行 5 分钟，交通便利。设有地下停车场与充电桩。	C142
2655	桔子度假酒店	地址：昆明朝阳街222号（高楼房）。联系电话：187-86903065 / 133-92338689。距车站步行 5 分钟，交通便利。酒店内有健身房和洗衣房，住客免费使用。设有地下停车场与充电桩。	C142
2656	丽枫国际酒店	地址：科尔沁右翼前旗建设路77号（归流河）。联系电话：180-15666787 / 191-36293471。距车站步行 5 分钟，交通便利。含自助早餐，菜品丰富。	C035
2657	璞丽精品酒店	地址：科尔沁右翼前旗和平路98号（归流河）。联系电话：032-57500499 / 042-88504007。含自助早餐，菜品丰富。周边 500 米内即是商场与美食街。可手机自助入住，无接触开门。	C035
2658	梅园酒店	地址：科尔沁右翼前旗中心路215号（归流河）。联系电话：055-88093832。酒店内有健身房和洗衣房，住客免费使用。前台多语言服务，支持行李寄存。提供高速 Wi‑Fi 及 24 小时热水。	C035
2659	月光度假酒店	地址：洛阳解放路224号（关林）。联系电话：155-35078051。含自助早餐，菜品丰富。距车站步行 5 分钟，交通便利。可手机自助入住，无接触开门。部分房型可俯瞰城市天际线。	C179
2660	碧桂宾馆	地址：洛阳人民大道62号（关林）。联系电话：192-89844675 / 157-15177352。部分房型可俯瞰城市天际线。可手机自助入住，无接触开门。设有地下停车场与充电桩。	C179
2661	枫叶宾馆	地址：洛阳朝阳街354号（关林）。联系电话：135-48891854。距车站步行 5 分钟，交通便利。酒店内有健身房和洗衣房，住客免费使用。	C179
2662	碧桂国际酒店	地址：洛阳中心路144号（关林）。联系电话：018-59847067 / 022-72225675。含自助早餐，菜品丰富。周边 500 米内即是商场与美食街。	C179
2663	梅园大酒店	地址：甘洛县和平路22号（甘洛）。联系电话：032-35649620。提供高速 Wi‑Fi 及 24 小时热水。部分房型可俯瞰城市天际线。客房配备记忆棉床垫，保证舒适睡眠。距车站步行 5 分钟，交通便利。	C037
2664	雅致国际酒店	地址：甘洛县中心路395号（甘洛）。联系电话：049-31320712 / 010-57944777。设有地下停车场与充电桩。部分房型可俯瞰城市天际线。提供高速 Wi‑Fi 及 24 小时热水。可手机自助入住，无接触开门。	C037
2665	柏曼度假酒店	地址：甘洛县和平路134号（甘洛）。联系电话：018-57706037 / 182-34910013。含自助早餐，菜品丰富。客房配备记忆棉床垫，保证舒适睡眠。前台多语言服务，支持行李寄存。部分房型可俯瞰城市天际线。	C037
2666	雅致精品酒店	地址：甘洛县人民大道244号（甘洛）。联系电话：049-74194602 / 019-20209819。设有地下停车场与充电桩。提供高速 Wi‑Fi 及 24 小时热水。周边 500 米内即是商场与美食街。酒店内有健身房和洗衣房，住客免费使用。	C037
2667	月光度假酒店	地址：张家口朝阳街160号（郭磊庄）。联系电话：137-98820037 / 029-83914098。可手机自助入住，无接触开门。部分房型可俯瞰城市天际线。客房配备记忆棉床垫，保证舒适睡眠。含自助早餐，菜品丰富。	C118
2668	柏曼酒店	地址：张家口解放路378号（郭磊庄）。联系电话：029-48260427。酒店内有健身房和洗衣房，住客免费使用。客房配备记忆棉床垫，保证舒适睡眠。含自助早餐，菜品丰富。周边 500 米内即是商场与美食街。	C118
2669	柏栎精品酒店	地址：张家口人民大道244号（郭磊庄）。联系电话：188-87809557。部分房型可俯瞰城市天际线。距车站步行 5 分钟，交通便利。	C118
2670	璞丽大酒店	地址：张家口建设路347号（郭磊庄）。联系电话：199-62986437 / 059-27679720。酒店内有健身房和洗衣房，住客免费使用。客房配备记忆棉床垫，保证舒适睡眠。	C118
2671	楠舍酒店	地址：高密中心路381号（高密）。联系电话：013-21026931 / 053-76210434。前台多语言服务，支持行李寄存。距车站步行 5 分钟，交通便利。酒店内有健身房和洗衣房，住客免费使用。可手机自助入住，无接触开门。	C202
2672	枫叶国际酒店	地址：高密解放路22号（高密）。联系电话：156-87139074 / 041-62699320。距车站步行 5 分钟，交通便利。周边 500 米内即是商场与美食街。	C202
2673	星程酒店	地址：乌拉特前旗人民大道4号（公庙子）。联系电话：021-34117066 / 155-59221459。前台多语言服务，支持行李寄存。提供高速 Wi‑Fi 及 24 小时热水。	C104
2674	楠舍度假酒店	地址：乌拉特前旗建设路28号（公庙子）。联系电话：059-27193024 / 131-51423121。可手机自助入住，无接触开门。设有地下停车场与充电桩。部分房型可俯瞰城市天际线。	C104
2675	锦江国际酒店	地址：乌拉特前旗建设路165号（公庙子）。联系电话：049-85285521。可手机自助入住，无接触开门。部分房型可俯瞰城市天际线。距车站步行 5 分钟，交通便利。	C104
2676	梅园度假酒店	地址：乌拉特前旗人民大道372号（公庙子）。联系电话：041-45450529 / 047-27898868。距车站步行 5 分钟，交通便利。客房配备记忆棉床垫，保证舒适睡眠。酒店内有健身房和洗衣房，住客免费使用。	C104
2677	柏曼大酒店	地址：乾安县中心路49号（工农湖）。联系电话：135-57989759 / 183-66606278。距车站步行 5 分钟，交通便利。设有地下停车场与充电桩。含自助早餐，菜品丰富。	C154
2678	丽枫度假酒店	地址：乾安县解放路286号（工农湖）。联系电话：058-71635364。提供高速 Wi‑Fi 及 24 小时热水。含自助早餐，菜品丰富。距车站步行 5 分钟，交通便利。	C154
2679	云栖度假酒店	地址：乾安县迎宾大道60号（工农湖）。联系电话：182-10871239。酒店内有健身房和洗衣房，住客免费使用。设有地下停车场与充电桩。提供高速 Wi‑Fi 及 24 小时热水。距车站步行 5 分钟，交通便利。	C154
2680	花筑酒店	地址：大连中心路145号（广宁寺南）。联系电话：193-66747297。酒店内有健身房和洗衣房，住客免费使用。含自助早餐，菜品丰富。	C080
2681	璞丽大酒店	地址：大连迎宾大道119号（广宁寺南）。联系电话：180-62716015 / 180-18759488。部分房型可俯瞰城市天际线。前台多语言服务，支持行李寄存。周边 500 米内即是商场与美食街。距车站步行 5 分钟，交通便利。	C080
2682	月光精品酒店	地址：昆明解放路254号（广南卫）。联系电话：194-63171473。前台多语言服务，支持行李寄存。部分房型可俯瞰城市天际线。含自助早餐，菜品丰富。	C142
2683	悦榕精品酒店	地址：昆明人民大道190号（广南卫）。联系电话：183-90401835。客房配备记忆棉床垫，保证舒适睡眠。酒店内有健身房和洗衣房，住客免费使用。设有地下停车场与充电桩。含自助早餐，菜品丰富。	C142
2684	楠舍宾馆	地址：高平和平路374号（高平）。联系电话：046-25023848。周边 500 米内即是商场与美食街。含自助早餐，菜品丰富。部分房型可俯瞰城市天际线。	C146
2685	梅园国际酒店	地址：高平中心路328号（高平）。联系电话：048-20608451 / 196-76018355。可手机自助入住，无接触开门。周边 500 米内即是商场与美食街。	C146
2686	柏栎精品酒店	地址：甘泉县人民大道201号（甘泉北）。联系电话：024-73914256。提供高速 Wi‑Fi 及 24 小时热水。可手机自助入住，无接触开门。	C115
2687	悦榕酒店	地址：甘泉县人民大道329号（甘泉北）。联系电话：059-40948955。周边 500 米内即是商场与美食街。设有地下停车场与充电桩。含自助早餐，菜品丰富。	C115
2688	柏栎国际酒店	地址：甘泉县朝阳街145号（甘泉北）。联系电话：044-65403312。设有地下停车场与充电桩。含自助早餐，菜品丰富。可手机自助入住，无接触开门。提供高速 Wi‑Fi 及 24 小时热水。	C115
2689	枫叶宾馆	地址：共青城建设路61号（共青城）。联系电话：159-18982912 / 036-23424403。设有地下停车场与充电桩。周边 500 米内即是商场与美食街。	C020
2690	柏栎酒店	地址：共青城迎宾大道188号（共青城）。联系电话：134-51880504 / 013-34151318。设有地下停车场与充电桩。距车站步行 5 分钟，交通便利。提供高速 Wi‑Fi 及 24 小时热水。	C020
2691	柏曼宾馆	地址：共青城解放路126号（共青城）。联系电话：133-76393879 / 019-62436065。酒店内有健身房和洗衣房，住客免费使用。含自助早餐，菜品丰富。提供高速 Wi‑Fi 及 24 小时热水。距车站步行 5 分钟，交通便利。	C020
2692	枫叶宾馆	地址：科尔沁左翼后旗迎宾大道338号（甘旗卡）。联系电话：132-70918148 / 151-39775844。酒店内有健身房和洗衣房，住客免费使用。前台多语言服务，支持行李寄存。客房配备记忆棉床垫，保证舒适睡眠。	C260
2693	云栖宾馆	地址：科尔沁左翼后旗迎宾大道318号（甘旗卡）。联系电话：195-77329812 / 194-38788585。可手机自助入住，无接触开门。提供高速 Wi‑Fi 及 24 小时热水。部分房型可俯瞰城市天际线。含自助早餐，菜品丰富。	C260
2694	星程度假酒店	地址：甘泉县建设路133号（甘泉）。联系电话：136-45010957。距车站步行 5 分钟，交通便利。可手机自助入住，无接触开门。设有地下停车场与充电桩。	C115
2695	枫叶酒店	地址：甘泉县朝阳街216号（甘泉）。联系电话：153-96685869。客房配备记忆棉床垫，保证舒适睡眠。提供高速 Wi‑Fi 及 24 小时热水。部分房型可俯瞰城市天际线。周边 500 米内即是商场与美食街。	C115
2696	枫叶国际酒店	地址：葫芦岛人民大道368号（高桥镇）。联系电话：039-77361357。设有地下停车场与充电桩。前台多语言服务，支持行李寄存。	C239
2697	柏曼度假酒店	地址：葫芦岛迎宾大道13号（高桥镇）。联系电话：031-38478213 / 033-73279878。前台多语言服务，支持行李寄存。含自助早餐，菜品丰富。设有地下停车场与充电桩。	C239
2698	雅致精品酒店	地址：宽甸满族自治县和平路32号（灌水）。联系电话：039-37292808。距车站步行 5 分钟，交通便利。可手机自助入住，无接触开门。含自助早餐，菜品丰富。设有地下停车场与充电桩。	C013
2699	沐兰酒店	地址：宽甸满族自治县解放路271号（灌水）。联系电话：036-79763048 / 030-53467267。客房配备记忆棉床垫，保证舒适睡眠。酒店内有健身房和洗衣房，住客免费使用。部分房型可俯瞰城市天际线。前台多语言服务，支持行李寄存。	C013
2700	柏栎大酒店	地址：宽甸满族自治县人民大道219号（灌水）。联系电话：137-80921742。部分房型可俯瞰城市天际线。前台多语言服务，支持行李寄存。	C013
2701	锦江度假酒店	地址：宽甸满族自治县中心路222号（灌水）。联系电话：011-41653921。设有地下停车场与充电桩。距车站步行 5 分钟，交通便利。	C013
2702	沐兰精品酒店	地址：重庆解放路166号（赶水）。联系电话：052-36107932。可手机自助入住，无接触开门。酒店内有健身房和洗衣房，住客免费使用。设有地下停车场与充电桩。客房配备记忆棉床垫，保证舒适睡眠。	C272
2703	星程精品酒店	地址：重庆解放路186号（赶水）。联系电话：159-55611762 / 186-25784999。周边 500 米内即是商场与美食街。部分房型可俯瞰城市天际线。	C272
2704	丽枫宾馆	地址：重庆朝阳街357号（赶水）。联系电话：153-50062896 / 019-76996658。距车站步行 5 分钟，交通便利。前台多语言服务，支持行李寄存。	C272
2705	花筑国际酒店	地址：北京中心路138号（孤山口）。联系电话：155-25692951 / 157-93413782。含自助早餐，菜品丰富。可手机自助入住，无接触开门。周边 500 米内即是商场与美食街。设有地下停车场与充电桩。	C039
2706	月光宾馆	地址：北京建设路284号（孤山口）。联系电话：154-91586497。客房配备记忆棉床垫，保证舒适睡眠。可手机自助入住，无接触开门。	C039
2707	梅园大酒店	地址：通化县人民大道11号（果松）。联系电话：192-39887680 / 196-33368732。可手机自助入住，无接触开门。部分房型可俯瞰城市天际线。设有地下停车场与充电桩。	C259
2708	锦江酒店	地址：通化县人民大道392号（果松）。联系电话：184-44033406 / 157-73931613。设有地下停车场与充电桩。前台多语言服务，支持行李寄存。	C259
2709	碧桂宾馆	地址：通化县中心路13号（果松）。联系电话：029-70508805。提供高速 Wi‑Fi 及 24 小时热水。酒店内有健身房和洗衣房，住客免费使用。客房配备记忆棉床垫，保证舒适睡眠。	C259
2710	沐兰精品酒店	地址：通化县建设路61号（果松）。联系电话：132-30132201。含自助早餐，菜品丰富。可手机自助入住，无接触开门。	C259
2711	枫叶宾馆	地址：北镇解放路231号（高山子）。联系电话：049-89347863 / 150-71212026。可手机自助入住，无接触开门。含自助早餐，菜品丰富。	C281
2712	丽枫大酒店	地址：北镇人民大道391号（高山子）。联系电话：037-58739201。客房配备记忆棉床垫，保证舒适睡眠。可手机自助入住，无接触开门。	C281
2713	花筑大酒店	地址：北镇解放路147号（高山子）。联系电话：158-63437707。提供高速 Wi‑Fi 及 24 小时热水。前台多语言服务，支持行李寄存。	C281
2714	璞丽国际酒店	地址：奈曼旗迎宾大道318号（嘎什甸子）。联系电话：045-22965141。含自助早餐，菜品丰富。可手机自助入住，无接触开门。	C260
2715	丽枫度假酒店	地址：奈曼旗建设路289号（嘎什甸子）。联系电话：041-53978190。含自助早餐，菜品丰富。距车站步行 5 分钟，交通便利。	C260
2716	雅致宾馆	地址：高台县和平路3号（高台）。联系电话：187-69139546 / 185-15424038。部分房型可俯瞰城市天际线。设有地下停车场与充电桩。可手机自助入住，无接触开门。	C120
2717	月光宾馆	地址：高台县解放路136号（高台）。联系电话：194-93838678。酒店内有健身房和洗衣房，住客免费使用。距车站步行 5 分钟，交通便利。	C120
2718	柏曼精品酒店	地址：高台县朝阳街63号（高台）。联系电话：193-53053568。提供高速 Wi‑Fi 及 24 小时热水。客房配备记忆棉床垫，保证舒适睡眠。部分房型可俯瞰城市天际线。设有地下停车场与充电桩。	C120
2719	柏曼精品酒店	地址：紫阳县朝阳街232号（高滩）。联系电话：194-96919731。部分房型可俯瞰城市天际线。客房配备记忆棉床垫，保证舒适睡眠。	C090
2720	柏曼精品酒店	地址：紫阳县建设路76号（高滩）。联系电话：059-67305407 / 157-49991824。部分房型可俯瞰城市天际线。前台多语言服务，支持行李寄存。	C090
2721	星程酒店	地址：紫阳县解放路361号（高滩）。联系电话：052-82138516 / 193-15618093。可手机自助入住，无接触开门。提供高速 Wi‑Fi 及 24 小时热水。	C090
2722	星程大酒店	地址：紫阳县和平路196号（高滩）。联系电话：150-14653222。周边 500 米内即是商场与美食街。可手机自助入住，无接触开门。	C090
2723	桔子精品酒店	地址：古田县迎宾大道345号（古田）。联系电话：053-61469665 / 020-75272971。含自助早餐，菜品丰富。提供高速 Wi‑Fi 及 24 小时热水。	C087
2724	锦江度假酒店	地址：古田县人民大道119号（古田）。联系电话：010-22232029 / 025-57185914。酒店内有健身房和洗衣房，住客免费使用。客房配备记忆棉床垫，保证舒适睡眠。可手机自助入住，无接触开门。	C087
2725	碧桂国际酒店	地址：古田县迎宾大道154号（古田）。联系电话：046-80770046 / 197-57853511。前台多语言服务，支持行李寄存。距车站步行 5 分钟，交通便利。周边 500 米内即是商场与美食街。部分房型可俯瞰城市天际线。	C087
2726	星程度假酒店	地址：怀来县人民大道31号（官厅）。联系电话：038-68629070 / 135-33536270。客房配备记忆棉床垫，保证舒适睡眠。酒店内有健身房和洗衣房，住客免费使用。含自助早餐，菜品丰富。设有地下停车场与充电桩。	C118
2727	桔子酒店	地址：怀来县和平路54号（官厅）。联系电话：197-13863608。客房配备记忆棉床垫，保证舒适睡眠。含自助早餐，菜品丰富。	C118
2728	沐兰精品酒店	地址：怀来县人民大道48号（官厅）。联系电话：058-48933048。前台多语言服务，支持行李寄存。距车站步行 5 分钟，交通便利。周边 500 米内即是商场与美食街。	C118
2729	锦江大酒店	地址：怀来县朝阳街360号（官厅西）。联系电话：057-48095149。酒店内有健身房和洗衣房，住客免费使用。部分房型可俯瞰城市天际线。	C118
2730	星程宾馆	地址：怀来县解放路293号（官厅西）。联系电话：059-26868258 / 055-73135459。客房配备记忆棉床垫，保证舒适睡眠。含自助早餐，菜品丰富。	C118
2731	璞丽精品酒店	地址：贵溪人民大道239号（贵溪）。联系电话：014-83701020。酒店内有健身房和洗衣房，住客免费使用。含自助早餐，菜品丰富。	C306
2732	云栖大酒店	地址：贵溪建设路5号（贵溪）。联系电话：057-47839506。部分房型可俯瞰城市天际线。含自助早餐，菜品丰富。	C306
2733	梅园度假酒店	地址：贵溪迎宾大道62号（贵溪）。联系电话：131-36167458 / 193-41758241。客房配备记忆棉床垫，保证舒适睡眠。周边 500 米内即是商场与美食街。	C306
2734	楠舍精品酒店	地址：涡阳县解放路353号（涡阳）。联系电话：151-66473292。客房配备记忆棉床垫，保证舒适睡眠。周边 500 米内即是商场与美食街。酒店内有健身房和洗衣房，住客免费使用。	C022
2735	云栖大酒店	地址：涡阳县解放路355号（涡阳）。联系电话：182-54064894 / 045-30829190。含自助早餐，菜品丰富。酒店内有健身房和洗衣房，住客免费使用。设有地下停车场与充电桩。	C022
2736	璞丽大酒店	地址：涡阳县解放路228号（涡阳）。联系电话：023-84380545。前台多语言服务，支持行李寄存。含自助早餐，菜品丰富。距车站步行 5 分钟，交通便利。周边 500 米内即是商场与美食街。	C022
2737	梅园国际酒店	地址：涡阳县建设路376号（涡阳）。联系电话：151-79294871 / 044-62346494。可手机自助入住，无接触开门。设有地下停车场与充电桩。部分房型可俯瞰城市天际线。含自助早餐，菜品丰富。	C022
2738	悦榕国际酒店	地址：巩义人民大道35号（巩义）。联系电话：040-61561786。客房配备记忆棉床垫，保证舒适睡眠。部分房型可俯瞰城市天际线。可手机自助入住，无接触开门。	C267
2739	沐兰酒店	地址：巩义人民大道62号（巩义）。联系电话：031-74466099 / 154-76057256。客房配备记忆棉床垫，保证舒适睡眠。前台多语言服务，支持行李寄存。部分房型可俯瞰城市天际线。含自助早餐，菜品丰富。	C267
2740	丽枫酒店	地址：巩义人民大道267号（巩义）。联系电话：036-66785833 / 023-79417313。周边 500 米内即是商场与美食街。客房配备记忆棉床垫，保证舒适睡眠。	C267
2741	璞丽酒店	地址：巩义人民大道120号（巩义）。联系电话：188-21069975 / 193-45836684。客房配备记忆棉床垫，保证舒适睡眠。含自助早餐，菜品丰富。	C267
2742	桔子酒店	地址：高邑县人民大道299号（高邑）。联系电话：052-80367548 / 047-48793558。客房配备记忆棉床垫，保证舒适睡眠。提供高速 Wi‑Fi 及 24 小时热水。部分房型可俯瞰城市天际线。	C220
2743	梅园酒店	地址：高邑县朝阳街225号（高邑）。联系电话：138-83344952。设有地下停车场与充电桩。含自助早餐，菜品丰富。酒店内有健身房和洗衣房，住客免费使用。客房配备记忆棉床垫，保证舒适睡眠。	C220
2744	月光精品酒店	地址：高邑县建设路13号（高邑）。联系电话：014-86974615。前台多语言服务，支持行李寄存。距车站步行 5 分钟，交通便利。含自助早餐，菜品丰富。周边 500 米内即是商场与美食街。	C220
2745	梅园度假酒店	地址：巩义建设路397号（巩义南）。联系电话：138-18150133。部分房型可俯瞰城市天际线。周边 500 米内即是商场与美食街。	C267
2746	柏栎宾馆	地址：巩义和平路318号（巩义南）。联系电话：047-57320219。含自助早餐，菜品丰富。前台多语言服务，支持行李寄存。酒店内有健身房和洗衣房，住客免费使用。设有地下停车场与充电桩。	C267
2747	柏栎国际酒店	地址：广元和平路197号（广元南）。联系电话：018-21689484 / 185-61824882。提供高速 Wi‑Fi 及 24 小时热水。客房配备记忆棉床垫，保证舒适睡眠。可手机自助入住，无接触开门。	C110
2748	月光度假酒店	地址：广元建设路315号（广元南）。联系电话：133-25497243 / 133-82790733。设有地下停车场与充电桩。前台多语言服务，支持行李寄存。	C110
2749	悦榕酒店	地址：广元朝阳街290号（广元南）。联系电话：151-51426443。设有地下停车场与充电桩。含自助早餐，菜品丰富。周边 500 米内即是商场与美食街。客房配备记忆棉床垫，保证舒适睡眠。	C110
2750	柏栎精品酒店	地址：固原和平路149号（固原）。联系电话：151-66004112 / 039-29613793。设有地下停车场与充电桩。距车站步行 5 分钟，交通便利。	C074
2751	桔子宾馆	地址：固原中心路63号（固原）。联系电话：134-18452866 / 189-22170532。提供高速 Wi‑Fi 及 24 小时热水。设有地下停车场与充电桩。周边 500 米内即是商场与美食街。	C074
2752	月光度假酒店	地址：通化人民大道145号（菇园）。联系电话：134-55887574 / 152-17664804。含自助早餐，菜品丰富。可手机自助入住，无接触开门。设有地下停车场与充电桩。	C259
2753	枫叶酒店	地址：通化朝阳街100号（菇园）。联系电话：037-83959956。设有地下停车场与充电桩。部分房型可俯瞰城市天际线。客房配备记忆棉床垫，保证舒适睡眠。	C259
2754	楠舍宾馆	地址：通化解放路255号（菇园）。联系电话：158-67174979 / 019-45051596。提供高速 Wi‑Fi 及 24 小时热水。客房配备记忆棉床垫，保证舒适睡眠。	C259
2755	锦江大酒店	地址：喀喇沁左翼蒙古族自治县朝阳街369号（公营子）。联系电话：041-56139670。可手机自助入住，无接触开门。提供高速 Wi‑Fi 及 24 小时热水。	C150
2756	柏栎大酒店	地址：喀喇沁左翼蒙古族自治县中心路268号（公营子）。联系电话：055-54458117 / 052-43409641。可手机自助入住，无接触开门。部分房型可俯瞰城市天际线。含自助早餐，菜品丰富。酒店内有健身房和洗衣房，住客免费使用。	C150
2757	云栖国际酒店	地址：光泽县建设路318号（光泽）。联系电话：038-25584968。周边 500 米内即是商场与美食街。客房配备记忆棉床垫，保证舒适睡眠。酒店内有健身房和洗衣房，住客免费使用。	C045
2758	梅园酒店	地址：光泽县和平路150号（光泽）。联系电话：031-85945262 / 040-62084505。部分房型可俯瞰城市天际线。客房配备记忆棉床垫，保证舒适睡眠。	C045
2759	碧桂度假酒店	地址：光泽县人民大道115号（光泽）。联系电话：138-90002329。含自助早餐，菜品丰富。部分房型可俯瞰城市天际线。	C045
2760	星程精品酒店	地址：光泽县人民大道241号（光泽）。联系电话：188-12827444 / 139-10629984。距车站步行 5 分钟，交通便利。设有地下停车场与充电桩。部分房型可俯瞰城市天际线。前台多语言服务，支持行李寄存。	C045
2761	璞丽大酒店	地址：中山迎宾大道276号（古镇）。联系电话：027-37128163。前台多语言服务，支持行李寄存。含自助早餐，菜品丰富。部分房型可俯瞰城市天际线。可手机自助入住，无接触开门。	C010
2762	碧桂大酒店	地址：中山人民大道8号（古镇）。联系电话：030-89403215。客房配备记忆棉床垫，保证舒适睡眠。前台多语言服务，支持行李寄存。距车站步行 5 分钟，交通便利。部分房型可俯瞰城市天际线。	C010
2763	枫叶精品酒店	地址：中山人民大道105号（古镇）。联系电话：029-77493826 / 042-83235162。提供高速 Wi‑Fi 及 24 小时热水。距车站步行 5 分钟，交通便利。	C010
2764	云栖大酒店	地址：固镇县建设路157号（固镇）。联系电话：153-98038478。前台多语言服务，支持行李寄存。提供高速 Wi‑Fi 及 24 小时热水。	C240
2765	桔子酒店	地址：固镇县和平路192号（固镇）。联系电话：024-24082376。前台多语言服务，支持行李寄存。提供高速 Wi‑Fi 及 24 小时热水。酒店内有健身房和洗衣房，住客免费使用。	C240
2766	柏曼大酒店	地址：固镇县和平路318号（固镇）。联系电话：039-54074463。部分房型可俯瞰城市天际线。距车站步行 5 分钟，交通便利。	C240
2767	璞丽酒店	地址：固镇县迎宾大道226号（固镇）。联系电话：030-42385772。客房配备记忆棉床垫，保证舒适睡眠。设有地下停车场与充电桩。周边 500 米内即是商场与美食街。	C240
2768	柏曼国际酒店	地址：宝鸡和平路120号（虢镇）。联系电话：058-47428878。客房配备记忆棉床垫，保证舒适睡眠。部分房型可俯瞰城市天际线。前台多语言服务，支持行李寄存。设有地下停车场与充电桩。	C097
2769	悦榕度假酒店	地址：宝鸡和平路77号（虢镇）。联系电话：018-59518625。前台多语言服务，支持行李寄存。酒店内有健身房和洗衣房，住客免费使用。	C097
2770	云栖国际酒店	地址：宝鸡解放路6号（虢镇）。联系电话：018-29631983 / 050-27373344。酒店内有健身房和洗衣房，住客免费使用。部分房型可俯瞰城市天际线。可手机自助入住，无接触开门。客房配备记忆棉床垫，保证舒适睡眠。	C097
2771	丽枫度假酒店	地址：宝鸡朝阳街61号（虢镇）。联系电话：198-57384633 / 015-54964501。部分房型可俯瞰城市天际线。提供高速 Wi‑Fi 及 24 小时热水。设有地下停车场与充电桩。距车站步行 5 分钟，交通便利。	C097
2772	楠舍度假酒店	地址：瓜州县中心路235号（瓜州）。联系电话：058-40776361 / 038-72857343。周边 500 米内即是商场与美食街。客房配备记忆棉床垫，保证舒适睡眠。设有地下停车场与充电桩。	C271
2773	月光酒店	地址：瓜州县和平路83号（瓜州）。联系电话：139-86366116 / 056-22857293。周边 500 米内即是商场与美食街。可手机自助入住，无接触开门。客房配备记忆棉床垫，保证舒适睡眠。部分房型可俯瞰城市天际线。	C271
2774	沐兰宾馆	地址：瓜州县建设路87号（瓜州）。联系电话：185-30426620 / 033-46108581。部分房型可俯瞰城市天际线。前台多语言服务，支持行李寄存。含自助早餐，菜品丰富。	C271
2775	悦榕宾馆	地址：高州解放路298号（高州）。联系电话：048-44755088 / 192-20644859。含自助早餐，菜品丰富。客房配备记忆棉床垫，保证舒适睡眠。部分房型可俯瞰城市天际线。前台多语言服务，支持行李寄存。	C232
2776	碧桂大酒店	地址：高州解放路160号（高州）。联系电话：151-90991398。周边 500 米内即是商场与美食街。距车站步行 5 分钟，交通便利。	C232
2777	锦江酒店	地址：高州解放路168号（高州）。联系电话：134-96485036 / 139-94035981。酒店内有健身房和洗衣房，住客免费使用。含自助早餐，菜品丰富。距车站步行 5 分钟，交通便利。	C232
2778	柏栎度假酒店	地址：盖州中心路348号（盖州）。联系电话：010-73238377 / 026-31915685。周边 500 米内即是商场与美食街。酒店内有健身房和洗衣房，住客免费使用。提供高速 Wi‑Fi 及 24 小时热水。部分房型可俯瞰城市天际线。	C238
2779	桔子酒店	地址：盖州人民大道28号（盖州）。联系电话：051-70981101。部分房型可俯瞰城市天际线。设有地下停车场与充电桩。含自助早餐，菜品丰富。	C238
2780	柏曼大酒店	地址：盖州人民大道158号（盖州）。联系电话：036-74772173 / 190-36138420。客房配备记忆棉床垫，保证舒适睡眠。含自助早餐，菜品丰富。	C238
2781	柏栎度假酒店	地址：盖州朝阳街384号（盖州）。联系电话：186-66687094 / 158-52307178。酒店内有健身房和洗衣房，住客免费使用。含自助早餐，菜品丰富。距车站步行 5 分钟，交通便利。	C238
2782	悦榕酒店	地址：扶余解放路350号（官字井）。联系电话：042-80048432。提供高速 Wi‑Fi 及 24 小时热水。部分房型可俯瞰城市天际线。	C154
2783	丽枫度假酒店	地址：扶余和平路386号（官字井）。联系电话：195-59345880。周边 500 米内即是商场与美食街。含自助早餐，菜品丰富。	C154
2784	锦江宾馆	地址：扶余和平路71号（官字井）。联系电话：048-83632074 / 188-10186964。设有地下停车场与充电桩。含自助早餐，菜品丰富。周边 500 米内即是商场与美食街。提供高速 Wi‑Fi 及 24 小时热水。	C154
2785	月光国际酒店	地址：连城县解放路227号（冠豸山）。联系电话：136-39624625。设有地下停车场与充电桩。可手机自助入住，无接触开门。周边 500 米内即是商场与美食街。提供高速 Wi‑Fi 及 24 小时热水。	C315
2786	丽枫国际酒店	地址：连城县中心路70号（冠豸山）。联系电话：187-39682626 / 187-80076732。客房配备记忆棉床垫，保证舒适睡眠。周边 500 米内即是商场与美食街。设有地下停车场与充电桩。	C315
2787	月光精品酒店	地址：连城县迎宾大道13号（冠豸山）。联系电话：038-36272326。可手机自助入住，无接触开门。周边 500 米内即是商场与美食街。设有地下停车场与充电桩。	C315
2788	星程度假酒店	地址：盖州中心路159号（盖州西）。联系电话：137-33739069。提供高速 Wi‑Fi 及 24 小时热水。周边 500 米内即是商场与美食街。可手机自助入住，无接触开门。	C238
2789	碧桂宾馆	地址：盖州解放路328号（盖州西）。联系电话：155-51346046。含自助早餐，菜品丰富。酒店内有健身房和洗衣房，住客免费使用。	C238
2790	雅致大酒店	地址：南通人民大道180号（海安）。联系电话：137-17844889。提供高速 Wi‑Fi 及 24 小时热水。客房配备记忆棉床垫，保证舒适睡眠。	C047
2791	悦榕大酒店	地址：南通朝阳街40号（海安）。联系电话：047-25669229。设有地下停车场与充电桩。前台多语言服务，支持行李寄存。含自助早餐，菜品丰富。可手机自助入住，无接触开门。	C047
2792	锦江宾馆	地址：淮安中心路232号（淮安南）。联系电话：197-87187513 / 021-68382003。酒店内有健身房和洗衣房，住客免费使用。含自助早餐，菜品丰富。周边 500 米内即是商场与美食街。	C189
2793	花筑度假酒店	地址：淮安朝阳街80号（淮安南）。联系电话：135-29895944 / 158-91849912。酒店内有健身房和洗衣房，住客免费使用。部分房型可俯瞰城市天际线。设有地下停车场与充电桩。客房配备记忆棉床垫，保证舒适睡眠。	C189
2794	花筑度假酒店	地址：淮安和平路305号（淮安南）。联系电话：030-83846973。设有地下停车场与充电桩。部分房型可俯瞰城市天际线。	C189
2795	花筑精品酒店	地址：淮安解放路284号（淮安南）。联系电话：138-60079356。部分房型可俯瞰城市天际线。周边 500 米内即是商场与美食街。设有地下停车场与充电桩。距车站步行 5 分钟，交通便利。	C189
2796	悦榕精品酒店	地址：红安县建设路123号（红安）。联系电话：153-63984373。客房配备记忆棉床垫，保证舒适睡眠。周边 500 米内即是商场与美食街。距车站步行 5 分钟，交通便利。可手机自助入住，无接触开门。	C307
2797	月光精品酒店	地址：红安县和平路96号（红安）。联系电话：183-98828559。提供高速 Wi‑Fi 及 24 小时热水。距车站步行 5 分钟，交通便利。可手机自助入住，无接触开门。	C307
2798	云栖大酒店	地址：红安县解放路224号（红安）。联系电话：049-43436615 / 154-49685406。设有地下停车场与充电桩。提供高速 Wi‑Fi 及 24 小时热水。酒店内有健身房和洗衣房，住客免费使用。	C307
2799	柏栎精品酒店	地址：红安县朝阳街215号（红安）。联系电话：010-44663068 / 018-47507411。部分房型可俯瞰城市天际线。提供高速 Wi‑Fi 及 24 小时热水。酒店内有健身房和洗衣房，住客免费使用。客房配备记忆棉床垫，保证舒适睡眠。	C307
2800	月光大酒店	地址：黄冈朝阳街13号（红安西）。联系电话：048-39559117。设有地下停车场与充电桩。部分房型可俯瞰城市天际线。前台多语言服务，支持行李寄存。	C307
2801	桔子国际酒店	地址：黄冈迎宾大道195号（红安西）。联系电话：042-21871320 / 058-27374855。提供高速 Wi‑Fi 及 24 小时热水。部分房型可俯瞰城市天际线。客房配备记忆棉床垫，保证舒适睡眠。可手机自助入住，无接触开门。	C307
2802	花筑酒店	地址：黄冈和平路103号（红安西）。联系电话：043-38188064。含自助早餐，菜品丰富。设有地下停车场与充电桩。	C307
2803	云栖度假酒店	地址：黄冈人民大道292号（红安西）。联系电话：039-51322412。客房配备记忆棉床垫，保证舒适睡眠。设有地下停车场与充电桩。酒店内有健身房和洗衣房，住客免费使用。部分房型可俯瞰城市天际线。	C307
2804	桔子国际酒店	地址：集安迎宾大道364号（黄柏）。联系电话：044-60350529 / 157-24198073。提供高速 Wi‑Fi 及 24 小时热水。含自助早餐，菜品丰富。酒店内有健身房和洗衣房，住客免费使用。客房配备记忆棉床垫，保证舒适睡眠。	C259
2805	星程大酒店	地址：集安建设路380号（黄柏）。联系电话：130-73696330。部分房型可俯瞰城市天际线。提供高速 Wi‑Fi 及 24 小时热水。含自助早餐，菜品丰富。周边 500 米内即是商场与美食街。	C259
2806	沐兰宾馆	地址：集安和平路7号（黄柏）。联系电话：136-27659763。设有地下停车场与充电桩。距车站步行 5 分钟，交通便利。部分房型可俯瞰城市天际线。	C259
2807	柏曼国际酒店	地址：集安人民大道133号（黄柏）。联系电话：045-43698331。客房配备记忆棉床垫，保证舒适睡眠。提供高速 Wi‑Fi 及 24 小时热水。距车站步行 5 分钟，交通便利。部分房型可俯瞰城市天际线。	C259
2808	楠舍大酒店	地址：海伦人民大道19号（海北）。联系电话：023-33131827 / 133-71291339。部分房型可俯瞰城市天际线。前台多语言服务，支持行李寄存。客房配备记忆棉床垫，保证舒适睡眠。	C225
2809	丽枫大酒店	地址：海伦朝阳街1号（海北）。联系电话：032-72708434。周边 500 米内即是商场与美食街。酒店内有健身房和洗衣房，住客免费使用。	C225
2810	悦榕国际酒店	地址：海伦朝阳街239号（海北）。联系电话：154-57399408 / 180-66331224。客房配备记忆棉床垫，保证舒适睡眠。可手机自助入住，无接触开门。	C225
2811	花筑酒店	地址：鹤壁中心路120号（鹤壁）。联系电话：017-74572925。提供高速 Wi‑Fi 及 24 小时热水。部分房型可俯瞰城市天际线。	C304
2812	梅园国际酒店	地址：鹤壁解放路351号（鹤壁）。联系电话：192-25687881 / 059-50150080。设有地下停车场与充电桩。部分房型可俯瞰城市天际线。前台多语言服务，支持行李寄存。	C304
2813	梅园大酒店	地址：鹤壁建设路256号（鹤壁）。联系电话：048-72099499 / 191-62761728。距车站步行 5 分钟，交通便利。前台多语言服务，支持行李寄存。可手机自助入住，无接触开门。	C304
2814	锦江度假酒店	地址：会昌县人民大道292号（会昌北）。联系电话：048-31779408。含自助早餐，菜品丰富。周边 500 米内即是商场与美食街。前台多语言服务，支持行李寄存。酒店内有健身房和洗衣房，住客免费使用。	C252
2815	月光国际酒店	地址：会昌县朝阳街168号（会昌北）。联系电话：182-31120171 / 138-59806064。周边 500 米内即是商场与美食街。可手机自助入住，无接触开门。	C252
2816	柏栎宾馆	地址：会昌县迎宾大道13号（会昌北）。联系电话：035-87820152 / 188-55336727。设有地下停车场与充电桩。可手机自助入住，无接触开门。	C252
2817	悦榕国际酒店	地址：汉川中心路321号（汉川）。联系电话：027-74176962。部分房型可俯瞰城市天际线。客房配备记忆棉床垫，保证舒适睡眠。	C086
2818	璞丽国际酒店	地址：汉川和平路272号（汉川）。联系电话：028-46348665 / 019-52051599。提供高速 Wi‑Fi 及 24 小时热水。周边 500 米内即是商场与美食街。	C086
2819	桔子大酒店	地址：汉川中心路246号（汉川）。联系电话：198-75078064 / 044-79650343。前台多语言服务，支持行李寄存。可手机自助入住，无接触开门。周边 500 米内即是商场与美食街。	C086
2820	月光精品酒店	地址：汉川人民大道327号（汉川）。联系电话：054-52726029。前台多语言服务，支持行李寄存。可手机自助入住，无接触开门。设有地下停车场与充电桩。	C086
2821	桔子精品酒店	地址：梅州迎宾大道151号（华城）。联系电话：054-39246600 / 152-59007234。含自助早餐，菜品丰富。设有地下停车场与充电桩。距车站步行 5 分钟，交通便利。前台多语言服务，支持行李寄存。	C159
2822	梅园大酒店	地址：梅州建设路264号（华城）。联系电话：029-43243454。提供高速 Wi‑Fi 及 24 小时热水。部分房型可俯瞰城市天际线。	C159
2823	碧桂大酒店	地址：廉江迎宾大道357号（河唇）。联系电话：056-68326419。酒店内有健身房和洗衣房，住客免费使用。设有地下停车场与充电桩。部分房型可俯瞰城市天际线。	C197
2824	花筑宾馆	地址：廉江迎宾大道73号（河唇）。联系电话：137-90141266 / 159-29317273。部分房型可俯瞰城市天际线。提供高速 Wi‑Fi 及 24 小时热水。	C197
2825	梅园国际酒店	地址：海城和平路368号（海城）。联系电话：150-92983982。部分房型可俯瞰城市天际线。周边 500 米内即是商场与美食街。距车站步行 5 分钟，交通便利。	C298
2826	柏栎精品酒店	地址：海城朝阳街48号（海城）。联系电话：038-70999331 / 155-61931859。设有地下停车场与充电桩。部分房型可俯瞰城市天际线。前台多语言服务，支持行李寄存。	C298
2827	柏曼宾馆	地址：海城中心路174号（海城）。联系电话：037-21889797 / 022-88418058。部分房型可俯瞰城市天际线。客房配备记忆棉床垫，保证舒适睡眠。	C298
2828	楠舍国际酒店	地址：重庆人民大道371号（合川）。联系电话：036-53044410 / 034-37275964。含自助早餐，菜品丰富。设有地下停车场与充电桩。周边 500 米内即是商场与美食街。前台多语言服务，支持行李寄存。	C272
2829	璞丽国际酒店	地址：重庆迎宾大道287号（合川）。联系电话：189-73882869。设有地下停车场与充电桩。提供高速 Wi‑Fi 及 24 小时热水。可手机自助入住，无接触开门。部分房型可俯瞰城市天际线。	C272
2830	锦江精品酒店	地址：重庆人民大道385号（合川）。联系电话：130-37455581 / 135-47820803。前台多语言服务，支持行李寄存。可手机自助入住，无接触开门。	C272
2831	月光国际酒店	地址：重庆人民大道18号（合川）。联系电话：180-75340093 / 035-55565219。前台多语言服务，支持行李寄存。可手机自助入住，无接触开门。	C272
2832	悦榕酒店	地址：古浪县朝阳街86号（黑冲滩）。联系电话：049-57750068。距车站步行 5 分钟，交通便利。提供高速 Wi‑Fi 及 24 小时热水。	C163
2833	璞丽宾馆	地址：古浪县中心路78号（黑冲滩）。联系电话：032-24085488 / 181-69260897。含自助早餐，菜品丰富。前台多语言服务，支持行李寄存。设有地下停车场与充电桩。	C163
2834	星程精品酒店	地址：古浪县建设路149号（黑冲滩）。联系电话：133-57424155。周边 500 米内即是商场与美食街。客房配备记忆棉床垫，保证舒适睡眠。设有地下停车场与充电桩。	C163
2835	丽枫精品酒店	地址：古浪县迎宾大道208号（黑冲滩）。联系电话：051-24676382。提供高速 Wi‑Fi 及 24 小时热水。酒店内有健身房和洗衣房，住客免费使用。	C163
2836	沐兰精品酒店	地址：北京建设路14号（黄村）。联系电话：022-84630909 / 050-38052458。提供高速 Wi‑Fi 及 24 小时热水。距车站步行 5 分钟，交通便利。酒店内有健身房和洗衣房，住客免费使用。可手机自助入住，无接触开门。	C039
2837	丽枫精品酒店	地址：北京迎宾大道156号（黄村）。联系电话：155-90783122。提供高速 Wi‑Fi 及 24 小时热水。距车站步行 5 分钟，交通便利。酒店内有健身房和洗衣房，住客免费使用。	C039
2838	云栖国际酒店	地址：北京人民大道308号（黄村）。联系电话：021-78113580 / 050-27392280。设有地下停车场与充电桩。周边 500 米内即是商场与美食街。含自助早餐，菜品丰富。	C039
2839	悦榕酒店	地址：海城朝阳街200号（海城西）。联系电话：152-34935975 / 153-80494297。前台多语言服务，支持行李寄存。周边 500 米内即是商场与美食街。部分房型可俯瞰城市天际线。可手机自助入住，无接触开门。	C298
2840	碧桂酒店	地址：海城解放路153号（海城西）。联系电话：019-56577175。提供高速 Wi‑Fi 及 24 小时热水。客房配备记忆棉床垫，保证舒适睡眠。含自助早餐，菜品丰富。前台多语言服务，支持行李寄存。	C298
2841	沐兰酒店	地址：化德县人民大道346号（化德）。联系电话：016-59885971。含自助早餐，菜品丰富。可手机自助入住，无接触开门。酒店内有健身房和洗衣房，住客免费使用。设有地下停车场与充电桩。	C016
2842	楠舍国际酒店	地址：化德县解放路226号（化德）。联系电话：041-41893059 / 131-66840779。酒店内有健身房和洗衣房，住客免费使用。含自助早餐，菜品丰富。可手机自助入住，无接触开门。	C016
2843	锦江酒店	地址：化德县建设路250号（化德）。联系电话：159-29341680 / 021-25796585。含自助早餐，菜品丰富。客房配备记忆棉床垫，保证舒适睡眠。设有地下停车场与充电桩。距车站步行 5 分钟，交通便利。	C016
2844	沐兰国际酒店	地址：洪洞县人民大道200号（洪洞）。联系电话：029-56334925 / 190-11899544。前台多语言服务，支持行李寄存。周边 500 米内即是商场与美食街。	C011
2845	悦榕精品酒店	地址：洪洞县解放路396号（洪洞）。联系电话：010-43022194。可手机自助入住，无接触开门。酒店内有健身房和洗衣房，住客免费使用。设有地下停车场与充电桩。距车站步行 5 分钟，交通便利。	C011
2846	柏曼国际酒店	地址：洪洞县解放路25号（洪洞）。联系电话：159-52109883 / 195-72716717。可手机自助入住，无接触开门。距车站步行 5 分钟，交通便利。前台多语言服务，支持行李寄存。部分房型可俯瞰城市天际线。	C011
2847	悦榕酒店	地址：洪洞县解放路21号（洪洞）。联系电话：181-13896211。前台多语言服务，支持行李寄存。提供高速 Wi‑Fi 及 24 小时热水。周边 500 米内即是商场与美食街。	C011
2848	沐兰酒店	地址：霍尔果斯中心路8号（霍尔果斯）。联系电话：188-96298967。设有地下停车场与充电桩。酒店内有健身房和洗衣房，住客免费使用。距车站步行 5 分钟，交通便利。	C024
2849	悦榕度假酒店	地址：霍尔果斯解放路361号（霍尔果斯）。联系电话：017-87108756。含自助早餐，菜品丰富。客房配备记忆棉床垫，保证舒适睡眠。设有地下停车场与充电桩。	C024
2850	柏曼酒店	地址：霍尔果斯建设路320号（霍尔果斯）。联系电话：030-39710884 / 154-37135625。含自助早餐，菜品丰富。酒店内有健身房和洗衣房，住客免费使用。前台多语言服务，支持行李寄存。可手机自助入住，无接触开门。	C024
2851	月光大酒店	地址：横峰县朝阳街361号（横峰）。联系电话：044-76360240。提供高速 Wi‑Fi 及 24 小时热水。前台多语言服务，支持行李寄存。可手机自助入住，无接触开门。	C006
2852	悦榕大酒店	地址：横峰县人民大道290号（横峰）。联系电话：015-52169905。前台多语言服务，支持行李寄存。距车站步行 5 分钟，交通便利。	C006
2853	丽枫宾馆	地址：海原县和平路250号（韩府湾）。联系电话：135-27088580 / 185-97095539。部分房型可俯瞰城市天际线。周边 500 米内即是商场与美食街。设有地下停车场与充电桩。	C009
2854	雅致大酒店	地址：海原县中心路260号（韩府湾）。联系电话：134-67666917。客房配备记忆棉床垫，保证舒适睡眠。提供高速 Wi‑Fi 及 24 小时热水。酒店内有健身房和洗衣房，住客免费使用。距车站步行 5 分钟，交通便利。	C009
2855	星程宾馆	地址：海原县朝阳街185号（韩府湾）。联系电话：139-30139869 / 034-56137839。含自助早餐，菜品丰富。可手机自助入住，无接触开门。提供高速 Wi‑Fi 及 24 小时热水。	C009
2856	云栖国际酒店	地址：唐山人民大道344号（汉沽）。联系电话：029-69753673 / 139-31015300。周边 500 米内即是商场与美食街。酒店内有健身房和洗衣房，住客免费使用。前台多语言服务，支持行李寄存。提供高速 Wi‑Fi 及 24 小时热水。	C067
2857	桔子宾馆	地址：唐山中心路379号（汉沽）。联系电话：046-66595547。可手机自助入住，无接触开门。部分房型可俯瞰城市天际线。设有地下停车场与充电桩。酒店内有健身房和洗衣房，住客免费使用。	C067
2858	花筑国际酒店	地址：元谋县建设路275号（黄瓜园）。联系电话：042-82414593 / 156-93187163。距车站步行 5 分钟，交通便利。周边 500 米内即是商场与美食街。	C161
2859	雅致大酒店	地址：元谋县朝阳街32号（黄瓜园）。联系电话：022-47188334。可手机自助入住，无接触开门。周边 500 米内即是商场与美食街。含自助早餐，菜品丰富。	C161
2860	雅致度假酒店	地址：元谋县和平路337号（黄瓜园）。联系电话：022-43256713 / 040-50918023。周边 500 米内即是商场与美食街。部分房型可俯瞰城市天际线。可手机自助入住，无接触开门。	C161
2861	枫叶国际酒店	地址：成都朝阳街339号（红光镇）。联系电话：016-42722861。提供高速 Wi‑Fi 及 24 小时热水。距车站步行 5 分钟，交通便利。可手机自助入住，无接触开门。客房配备记忆棉床垫，保证舒适睡眠。	C128
2862	月光精品酒店	地址：成都人民大道96号（红光镇）。联系电话：022-76994689。提供高速 Wi‑Fi 及 24 小时热水。客房配备记忆棉床垫，保证舒适睡眠。	C128
2863	桔子度假酒店	地址：成都人民大道46号（红光镇）。联系电话：156-95822437。距车站步行 5 分钟，交通便利。提供高速 Wi‑Fi 及 24 小时热水。部分房型可俯瞰城市天际线。含自助早餐，菜品丰富。	C128
2864	云栖国际酒店	地址：成都人民大道138号（红光镇）。联系电话：185-39404269。设有地下停车场与充电桩。含自助早餐，菜品丰富。	C128
2865	锦江宾馆	地址：沈阳解放路319号（浑河）。联系电话：047-37085086 / 151-85217303。客房配备记忆棉床垫，保证舒适睡眠。提供高速 Wi‑Fi 及 24 小时热水。部分房型可俯瞰城市天际线。	C172
2866	桔子国际酒店	地址：沈阳人民大道226号（浑河）。联系电话：033-77046242。距车站步行 5 分钟，交通便利。设有地下停车场与充电桩。前台多语言服务，支持行李寄存。	C172
2867	丽枫精品酒店	地址：沈阳解放路345号（浑河）。联系电话：018-54146746。含自助早餐，菜品丰富。部分房型可俯瞰城市天际线。可手机自助入住，无接触开门。周边 500 米内即是商场与美食街。	C172
2868	云栖大酒店	地址：沈阳解放路10号（浑河）。联系电话：135-29659684。含自助早餐，菜品丰富。部分房型可俯瞰城市天际线。前台多语言服务，支持行李寄存。周边 500 米内即是商场与美食街。	C172
2869	枫叶精品酒店	地址：赤峰人民大道328号（红花沟）。联系电话：182-32426125 / 187-26822016。含自助早餐，菜品丰富。前台多语言服务，支持行李寄存。部分房型可俯瞰城市天际线。客房配备记忆棉床垫，保证舒适睡眠。	C253
2870	沐兰大酒店	地址：赤峰解放路292号（红花沟）。联系电话：055-29821610 / 022-52942076。酒店内有健身房和洗衣房，住客免费使用。前台多语言服务，支持行李寄存。含自助早餐，菜品丰富。	C253
2871	璞丽酒店	地址：赤峰建设路70号（红花沟）。联系电话：012-32758471 / 192-71978778。前台多语言服务，支持行李寄存。部分房型可俯瞰城市天际线。设有地下停车场与充电桩。	C253
2872	雅致度假酒店	地址：赤峰人民大道172号（红花沟）。联系电话：139-47805754 / 184-81048646。含自助早餐，菜品丰富。部分房型可俯瞰城市天际线。提供高速 Wi‑Fi 及 24 小时热水。酒店内有健身房和洗衣房，住客免费使用。	C253
2873	锦江国际酒店	地址：奈曼旗迎宾大道360号（黄花筒）。联系电话：188-26115618。客房配备记忆棉床垫，保证舒适睡眠。可手机自助入住，无接触开门。	C260
2874	柏栎酒店	地址：奈曼旗迎宾大道310号（黄花筒）。联系电话：018-54354507。提供高速 Wi‑Fi 及 24 小时热水。客房配备记忆棉床垫，保证舒适睡眠。设有地下停车场与充电桩。周边 500 米内即是商场与美食街。	C260
2875	柏栎酒店	地址：武山县建设路145号（贺家店）。联系电话：191-26299805 / 152-34138349。周边 500 米内即是商场与美食街。部分房型可俯瞰城市天际线。酒店内有健身房和洗衣房，住客免费使用。前台多语言服务，支持行李寄存。	C081
2876	碧桂度假酒店	地址：武山县中心路328号（贺家店）。联系电话：021-50299927。设有地下停车场与充电桩。前台多语言服务，支持行李寄存。	C081
2877	桔子宾馆	地址：和静县建设路339号（和静）。联系电话：034-72321413 / 031-22278986。可手机自助入住，无接触开门。设有地下停车场与充电桩。部分房型可俯瞰城市天际线。客房配备记忆棉床垫，保证舒适睡眠。	C105
2878	花筑度假酒店	地址：和静县解放路297号（和静）。联系电话：198-76427207 / 197-18176278。客房配备记忆棉床垫，保证舒适睡眠。周边 500 米内即是商场与美食街。	C105
2879	月光国际酒店	地址：和静县建设路199号（和静）。联系电话：020-42407962。设有地下停车场与充电桩。距车站步行 5 分钟，交通便利。前台多语言服务，支持行李寄存。	C105
2880	星程大酒店	地址：元谋县中心路358号（红江）。联系电话：157-97618219 / 053-72922427。设有地下停车场与充电桩。部分房型可俯瞰城市天际线。	C161
2881	沐兰大酒店	地址：元谋县解放路360号（红江）。联系电话：192-37583473。前台多语言服务，支持行李寄存。周边 500 米内即是商场与美食街。可手机自助入住，无接触开门。	C161
2882	云栖大酒店	地址：元谋县建设路38号（红江）。联系电话：011-23277939 / 013-51638200。可手机自助入住，无接触开门。距车站步行 5 分钟，交通便利。提供高速 Wi‑Fi 及 24 小时热水。前台多语言服务，支持行李寄存。	C161
2883	星程大酒店	地址：禄丰县人民大道379号（黑井）。联系电话：054-69615560。客房配备记忆棉床垫，保证舒适睡眠。含自助早餐，菜品丰富。酒店内有健身房和洗衣房，住客免费使用。	C161
2884	云栖度假酒店	地址：禄丰县中心路310号（黑井）。联系电话：190-62670062 / 194-26961737。距车站步行 5 分钟，交通便利。设有地下停车场与充电桩。前台多语言服务，支持行李寄存。	C161
2885	璞丽国际酒店	地址：禄丰县中心路375号（黑井）。联系电话：037-53351247。酒店内有健身房和洗衣房，住客免费使用。前台多语言服务，支持行李寄存。周边 500 米内即是商场与美食街。	C161
2886	桔子国际酒店	地址：禄丰县迎宾大道7号（黑井）。联系电话：034-49544943 / 054-34449353。部分房型可俯瞰城市天际线。客房配备记忆棉床垫，保证舒适睡眠。提供高速 Wi‑Fi 及 24 小时热水。含自助早餐，菜品丰富。	C161
2887	柏曼酒店	地址：获嘉县人民大道92号（获嘉）。联系电话：196-77320524 / 026-81030558。提供高速 Wi‑Fi 及 24 小时热水。周边 500 米内即是商场与美食街。距车站步行 5 分钟，交通便利。	C137
2888	璞丽度假酒店	地址：获嘉县建设路8号（获嘉）。联系电话：019-60368378。前台多语言服务，支持行李寄存。酒店内有健身房和洗衣房，住客免费使用。	C137
2889	云栖酒店	地址：获嘉县和平路122号（获嘉）。联系电话：154-69583212 / 185-28149008。可手机自助入住，无接触开门。前台多语言服务，支持行李寄存。周边 500 米内即是商场与美食街。	C137
2890	楠舍酒店	地址：河津和平路63号（河津）。联系电话：031-46583886。含自助早餐，菜品丰富。设有地下停车场与充电桩。酒店内有健身房和洗衣房，住客免费使用。	C257
2891	花筑宾馆	地址：河津人民大道265号（河津）。联系电话：033-65294930 / 150-40688943。周边 500 米内即是商场与美食街。距车站步行 5 分钟，交通便利。可手机自助入住，无接触开门。酒店内有健身房和洗衣房，住客免费使用。	C257
2892	星程国际酒店	地址：河津和平路386号（河津）。联系电话：042-63509860 / 196-20396527。含自助早餐，菜品丰富。前台多语言服务，支持行李寄存。	C257
2893	桔子酒店	地址：莆田人民大道285号（涵江）。联系电话：152-10964322 / 024-45430420。客房配备记忆棉床垫，保证舒适睡眠。部分房型可俯瞰城市天际线。含自助早餐，菜品丰富。	C235
2894	悦榕度假酒店	地址：莆田人民大道299号（涵江）。联系电话：195-63124280。周边 500 米内即是商场与美食街。距车站步行 5 分钟，交通便利。含自助早餐，菜品丰富。可手机自助入住，无接触开门。	C235
2895	雅致宾馆	地址：莆田人民大道319号（涵江）。联系电话：016-28760969 / 032-38440365。客房配备记忆棉床垫，保证舒适睡眠。周边 500 米内即是商场与美食街。	C235
2896	雅致国际酒店	地址：莆田朝阳街22号（涵江）。联系电话：019-58208165。设有地下停车场与充电桩。可手机自助入住，无接触开门。	C235
2897	枫叶宾馆	地址：农安县迎宾大道315号（华家）。联系电话：045-64802513。部分房型可俯瞰城市天际线。含自助早餐，菜品丰富。客房配备记忆棉床垫，保证舒适睡眠。周边 500 米内即是商场与美食街。	C283
2898	枫叶度假酒店	地址：农安县和平路60号（华家）。联系电话：152-96617698 / 013-26854251。提供高速 Wi‑Fi 及 24 小时热水。距车站步行 5 分钟，交通便利。酒店内有健身房和洗衣房，住客免费使用。	C283
2899	沐兰精品酒店	地址：杭锦后旗朝阳街33号（杭锦后旗）。联系电话：037-87368910 / 026-29638745。部分房型可俯瞰城市天际线。距车站步行 5 分钟，交通便利。前台多语言服务，支持行李寄存。含自助早餐，菜品丰富。	C104
2900	雅致精品酒店	地址：杭锦后旗和平路108号（杭锦后旗）。联系电话：194-39278093 / 187-25926804。含自助早餐，菜品丰富。酒店内有健身房和洗衣房，住客免费使用。部分房型可俯瞰城市天际线。	C104
2901	花筑宾馆	地址：杭锦后旗建设路115号（杭锦后旗）。联系电话：188-47191687。距车站步行 5 分钟，交通便利。客房配备记忆棉床垫，保证舒适睡眠。部分房型可俯瞰城市天际线。提供高速 Wi‑Fi 及 24 小时热水。	C104
2902	锦江国际酒店	地址：杭锦后旗和平路98号（杭锦后旗）。联系电话：137-96939465 / 193-33667872。客房配备记忆棉床垫，保证舒适睡眠。含自助早餐，菜品丰富。距车站步行 5 分钟，交通便利。	C104
2903	花筑精品酒店	地址：河间和平路366号（河间西）。联系电话：021-47680012 / 185-14356029。提供高速 Wi‑Fi 及 24 小时热水。部分房型可俯瞰城市天际线。	C173
2904	枫叶度假酒店	地址：河间建设路194号（河间西）。联系电话：138-74705860 / 181-58753803。周边 500 米内即是商场与美食街。可手机自助入住，无接触开门。部分房型可俯瞰城市天际线。前台多语言服务，支持行李寄存。	C173
2905	柏栎宾馆	地址：河间迎宾大道16号（河间西）。联系电话：056-24593005。距车站步行 5 分钟，交通便利。客房配备记忆棉床垫，保证舒适睡眠。	C173
2906	丽枫国际酒店	地址：盘州朝阳街396号（花家庄）。联系电话：155-55558632。前台多语言服务，支持行李寄存。周边 500 米内即是商场与美食街。可手机自助入住，无接触开门。	C033
2907	柏栎大酒店	地址：盘州迎宾大道371号（花家庄）。联系电话：039-87492615 / 182-62814408。含自助早餐，菜品丰富。周边 500 米内即是商场与美食街。	C033
2908	月光酒店	地址：盘州和平路398号（花家庄）。联系电话：047-61617914 / 197-46943800。周边 500 米内即是商场与美食街。前台多语言服务，支持行李寄存。距车站步行 5 分钟，交通便利。	C033
2909	璞丽宾馆	地址：盘州中心路176号（花家庄）。联系电话：020-69893261。前台多语言服务，支持行李寄存。提供高速 Wi‑Fi 及 24 小时热水。	C033
2910	碧桂国际酒店	地址：兰州朝阳街259号（河口南）。联系电话：187-90610788 / 032-75957130。设有地下停车场与充电桩。酒店内有健身房和洗衣房，住客免费使用。可手机自助入住，无接触开门。	C034
2911	桔子精品酒店	地址：兰州和平路347号（河口南）。联系电话：130-97673510。可手机自助入住，无接触开门。提供高速 Wi‑Fi 及 24 小时热水。	C034
2912	枫叶精品酒店	地址：兰州解放路295号（河口南）。联系电话：188-93524609 / 038-85501035。周边 500 米内即是商场与美食街。含自助早餐，菜品丰富。部分房型可俯瞰城市天际线。可手机自助入住，无接触开门。	C034
2913	月光宾馆	地址：湖口县解放路274号（湖口）。联系电话：058-44910787 / 154-94271126。前台多语言服务，支持行李寄存。客房配备记忆棉床垫，保证舒适睡眠。设有地下停车场与充电桩。含自助早餐，菜品丰富。	C020
2914	桔子国际酒店	地址：湖口县人民大道385号（湖口）。联系电话：134-25807565 / 199-60245854。周边 500 米内即是商场与美食街。提供高速 Wi‑Fi 及 24 小时热水。可手机自助入住，无接触开门。客房配备记忆棉床垫，保证舒适睡眠。	C020
2915	梅园宾馆	地址：湖口县解放路332号（湖口）。联系电话：038-29513829。含自助早餐，菜品丰富。部分房型可俯瞰城市天际线。	C020
2916	枫叶度假酒店	地址：萧县解放路397号（黄口）。联系电话：047-65409732 / 159-63405748。酒店内有健身房和洗衣房，住客免费使用。提供高速 Wi‑Fi 及 24 小时热水。含自助早餐，菜品丰富。	C099
2917	桔子酒店	地址：萧县和平路257号（黄口）。联系电话：151-98069494。提供高速 Wi‑Fi 及 24 小时热水。客房配备记忆棉床垫，保证舒适睡眠。含自助早餐，菜品丰富。	C099
2918	柏栎精品酒店	地址：萧县朝阳街380号（黄口）。联系电话：017-41959781 / 191-11040768。客房配备记忆棉床垫，保证舒适睡眠。提供高速 Wi‑Fi 及 24 小时热水。部分房型可俯瞰城市天际线。	C099
2919	月光精品酒店	地址：萧县建设路217号（黄口）。联系电话：183-29082440。提供高速 Wi‑Fi 及 24 小时热水。客房配备记忆棉床垫，保证舒适睡眠。距车站步行 5 分钟，交通便利。	C099
2920	桔子度假酒店	地址：哈尔滨朝阳街236号（呼兰）。联系电话：011-47048124 / 054-75428189。距车站步行 5 分钟，交通便利。客房配备记忆棉床垫，保证舒适睡眠。提供高速 Wi‑Fi 及 24 小时热水。	C066
2921	沐兰度假酒店	地址：哈尔滨建设路91号（呼兰）。联系电话：188-18235111 / 133-17462602。提供高速 Wi‑Fi 及 24 小时热水。前台多语言服务，支持行李寄存。距车站步行 5 分钟，交通便利。	C066
2922	柏曼宾馆	地址：哈尔滨中心路260号（呼兰）。联系电话：159-17643225 / 044-72173950。周边 500 米内即是商场与美食街。客房配备记忆棉床垫，保证舒适睡眠。	C066
2923	雅致度假酒店	地址：葫芦岛和平路99号（葫芦岛北）。联系电话：130-63114937 / 025-89723324。部分房型可俯瞰城市天际线。前台多语言服务，支持行李寄存。提供高速 Wi‑Fi 及 24 小时热水。	C239
2924	云栖宾馆	地址：葫芦岛解放路62号（葫芦岛北）。联系电话：019-59493650。含自助早餐，菜品丰富。前台多语言服务，支持行李寄存。客房配备记忆棉床垫，保证舒适睡眠。	C239
2925	枫叶宾馆	地址：葫芦岛解放路304号（葫芦岛北）。联系电话：047-75381973。距车站步行 5 分钟，交通便利。提供高速 Wi‑Fi 及 24 小时热水。可手机自助入住，无接触开门。含自助早餐，菜品丰富。	C239
2926	沐兰酒店	地址：伊春迎宾大道327号（浩良河）。联系电话：135-62874575 / 198-23249266。酒店内有健身房和洗衣房，住客免费使用。前台多语言服务，支持行李寄存。周边 500 米内即是商场与美食街。客房配备记忆棉床垫，保证舒适睡眠。	C023
2927	梅园精品酒店	地址：伊春人民大道146号（浩良河）。联系电话：024-64614964。提供高速 Wi‑Fi 及 24 小时热水。酒店内有健身房和洗衣房，住客免费使用。客房配备记忆棉床垫，保证舒适睡眠。	C023
2928	锦江精品酒店	地址：农安县朝阳街19号（哈拉海）。联系电话：155-41765246。客房配备记忆棉床垫，保证舒适睡眠。前台多语言服务，支持行李寄存。距车站步行 5 分钟，交通便利。周边 500 米内即是商场与美食街。	C283
2929	梅园酒店	地址：农安县建设路127号（哈拉海）。联系电话：032-71173326 / 059-70184809。部分房型可俯瞰城市天际线。可手机自助入住，无接触开门。	C283
2930	云栖酒店	地址：汤原县和平路250号（鹤立）。联系电话：135-14630352。周边 500 米内即是商场与美食街。设有地下停车场与充电桩。	C026
2931	璞丽大酒店	地址：汤原县人民大道298号（鹤立）。联系电话：030-84448746。前台多语言服务，支持行李寄存。客房配备记忆棉床垫，保证舒适睡眠。	C026
2932	悦榕宾馆	地址：牡丹江迎宾大道347号（桦林）。联系电话：015-66345334。可手机自助入住，无接触开门。酒店内有健身房和洗衣房，住客免费使用。含自助早餐，菜品丰富。部分房型可俯瞰城市天际线。	C207
2933	枫叶宾馆	地址：牡丹江建设路132号（桦林）。联系电话：040-52082224 / 130-72909926。设有地下停车场与充电桩。距车站步行 5 分钟，交通便利。可手机自助入住，无接触开门。提供高速 Wi‑Fi 及 24 小时热水。	C207
2934	悦榕精品酒店	地址：牡丹江迎宾大道287号（桦林）。联系电话：044-75816124 / 152-69740924。客房配备记忆棉床垫，保证舒适睡眠。前台多语言服务，支持行李寄存。	C207
2935	雅致国际酒店	地址：黄陵县人民大道7号（黄陵）。联系电话：017-24631728。提供高速 Wi‑Fi 及 24 小时热水。含自助早餐，菜品丰富。	C115
2936	柏曼度假酒店	地址：黄陵县迎宾大道308号（黄陵）。联系电话：192-62423482。酒店内有健身房和洗衣房，住客免费使用。设有地下停车场与充电桩。部分房型可俯瞰城市天际线。	C115
2937	沐兰宾馆	地址：黄陵县中心路9号（黄陵）。联系电话：151-73473806。距车站步行 5 分钟，交通便利。部分房型可俯瞰城市天际线。	C115
2938	花筑大酒店	地址：海林中心路376号（海林）。联系电话：158-32617532 / 015-38251222。前台多语言服务，支持行李寄存。客房配备记忆棉床垫，保证舒适睡眠。可手机自助入住，无接触开门。设有地下停车场与充电桩。	C207
2939	云栖大酒店	地址：海林人民大道198号（海林）。联系电话：184-85564289 / 012-20251894。提供高速 Wi‑Fi 及 24 小时热水。距车站步行 5 分钟，交通便利。	C207
2940	雅致国际酒店	地址：海林中心路277号（海林）。联系电话：154-73978888。设有地下停车场与充电桩。提供高速 Wi‑Fi 及 24 小时热水。部分房型可俯瞰城市天际线。	C207
2941	星程大酒店	地址：海林解放路380号（海林）。联系电话：013-53617642。周边 500 米内即是商场与美食街。客房配备记忆棉床垫，保证舒适睡眠。	C207
2942	柏栎宾馆	地址：虎林建设路327号（虎林）。联系电话：189-15135351 / 135-98848564。设有地下停车场与充电桩。部分房型可俯瞰城市天际线。提供高速 Wi‑Fi 及 24 小时热水。	C303
2943	星程宾馆	地址：虎林和平路220号（虎林）。联系电话：036-41468415。周边 500 米内即是商场与美食街。含自助早餐，菜品丰富。	C303
2944	枫叶国际酒店	地址：辽阳县迎宾大道273号（寒岭）。联系电话：130-97160281 / 138-81662785。前台多语言服务，支持行李寄存。酒店内有健身房和洗衣房，住客免费使用。客房配备记忆棉床垫，保证舒适睡眠。设有地下停车场与充电桩。	C255
2945	月光度假酒店	地址：辽阳县解放路383号（寒岭）。联系电话：048-21638229。酒店内有健身房和洗衣房，住客免费使用。含自助早餐，菜品丰富。客房配备记忆棉床垫，保证舒适睡眠。前台多语言服务，支持行李寄存。	C255
2946	雅致精品酒店	地址：辽阳县解放路294号（寒岭）。联系电话：193-35035444 / 152-49318913。周边 500 米内即是商场与美食街。距车站步行 5 分钟，交通便利。	C255
2947	悦榕精品酒店	地址：辽阳县人民大道147号（寒岭）。联系电话：182-75859231。含自助早餐，菜品丰富。距车站步行 5 分钟，交通便利。设有地下停车场与充电桩。前台多语言服务，支持行李寄存。	C255
2948	桔子国际酒店	地址：和龙建设路374号（和龙）。联系电话：134-22203009。客房配备记忆棉床垫，保证舒适睡眠。部分房型可俯瞰城市天际线。可手机自助入住，无接触开门。前台多语言服务，支持行李寄存。	C116
2949	碧桂宾馆	地址：和龙朝阳街197号（和龙）。联系电话：044-70449150。酒店内有健身房和洗衣房，住客免费使用。前台多语言服务，支持行李寄存。周边 500 米内即是商场与美食街。	C116
2950	柏曼精品酒店	地址：梅河口迎宾大道204号（海龙）。联系电话：025-29365266 / 137-84495982。前台多语言服务，支持行李寄存。含自助早餐，菜品丰富。	C259
2951	沐兰国际酒店	地址：梅河口朝阳街274号（海龙）。联系电话：159-88531152 / 059-55409217。酒店内有健身房和洗衣房，住客免费使用。提供高速 Wi‑Fi 及 24 小时热水。	C259
2952	楠舍精品酒店	地址：扎兰屯解放路102号（哈拉苏）。联系电话：158-93046930。酒店内有健身房和洗衣房，住客免费使用。周边 500 米内即是商场与美食街。设有地下停车场与充电桩。提供高速 Wi‑Fi 及 24 小时热水。	C060
2953	花筑度假酒店	地址：扎兰屯建设路396号（哈拉苏）。联系电话：152-10365013 / 022-47625457。可手机自助入住，无接触开门。部分房型可俯瞰城市天际线。周边 500 米内即是商场与美食街。距车站步行 5 分钟，交通便利。	C060
2954	花筑宾馆	地址：扎兰屯人民大道161号（哈拉苏）。联系电话：197-99571029。距车站步行 5 分钟，交通便利。可手机自助入住，无接触开门。设有地下停车场与充电桩。周边 500 米内即是商场与美食街。	C060
2955	沐兰宾馆	地址：扎兰屯中心路316号（哈拉苏）。联系电话：025-60197522 / 154-62953898。提供高速 Wi‑Fi 及 24 小时热水。周边 500 米内即是商场与美食街。前台多语言服务，支持行李寄存。酒店内有健身房和洗衣房，住客免费使用。	C060
2956	花筑国际酒店	地址：阿拉善左旗和平路361号（呼鲁斯太）。联系电话：051-54015747。周边 500 米内即是商场与美食街。含自助早餐，菜品丰富。酒店内有健身房和洗衣房，住客免费使用。	C293
2957	璞丽宾馆	地址：阿拉善左旗中心路85号（呼鲁斯太）。联系电话：184-51029480 / 158-13441625。酒店内有健身房和洗衣房，住客免费使用。周边 500 米内即是商场与美食街。提供高速 Wi‑Fi 及 24 小时热水。	C293
2958	丽枫度假酒店	地址：阿拉善左旗迎宾大道155号（呼鲁斯太）。联系电话：155-61945613。提供高速 Wi‑Fi 及 24 小时热水。客房配备记忆棉床垫，保证舒适睡眠。周边 500 米内即是商场与美食街。前台多语言服务，支持行李寄存。	C293
2959	花筑宾馆	地址：本溪解放路315号（火连寨）。联系电话：138-80448099 / 058-66413409。周边 500 米内即是商场与美食街。距车站步行 5 分钟，交通便利。含自助早餐，菜品丰富。	C151
2960	柏栎酒店	地址：本溪迎宾大道52号（火连寨）。联系电话：044-43685339 / 193-37135490。距车站步行 5 分钟，交通便利。客房配备记忆棉床垫，保证舒适睡眠。周边 500 米内即是商场与美食街。含自助早餐，菜品丰富。	C151
2961	云栖精品酒店	地址：本溪人民大道353号（火连寨）。联系电话：036-29094582。周边 500 米内即是商场与美食街。酒店内有健身房和洗衣房，住客免费使用。设有地下停车场与充电桩。	C151
2962	雅致国际酒店	地址：本溪建设路251号（火连寨）。联系电话：051-63286672 / 186-23148544。客房配备记忆棉床垫，保证舒适睡眠。部分房型可俯瞰城市天际线。	C151
2963	枫叶宾馆	地址：黄梅县和平路149号（黄梅）。联系电话：181-48770132。距车站步行 5 分钟，交通便利。酒店内有健身房和洗衣房，住客免费使用。设有地下停车场与充电桩。可手机自助入住，无接触开门。	C307
2964	楠舍宾馆	地址：黄梅县解放路91号（黄梅）。联系电话：055-36304194 / 057-24852885。设有地下停车场与充电桩。周边 500 米内即是商场与美食街。可手机自助入住，无接触开门。前台多语言服务，支持行李寄存。	C307
2965	锦江精品酒店	地址：黄梅县建设路362号（黄梅）。联系电话：151-44804349 / 041-29323947。周边 500 米内即是商场与美食街。可手机自助入住，无接触开门。含自助早餐，菜品丰富。	C307
2966	柏栎度假酒店	地址：黄梅县和平路236号（黄梅）。联系电话：131-65623625。提供高速 Wi‑Fi 及 24 小时热水。周边 500 米内即是商场与美食街。	C307
2967	锦江度假酒店	地址：承德县中心路387号（韩麻营）。联系电话：137-91603020。提供高速 Wi‑Fi 及 24 小时热水。含自助早餐，菜品丰富。距车站步行 5 分钟，交通便利。	C130
2968	花筑精品酒店	地址：承德县朝阳街42号（韩麻营）。联系电话：198-57920509。前台多语言服务，支持行李寄存。距车站步行 5 分钟，交通便利。含自助早餐，菜品丰富。	C130
2969	星程国际酒店	地址：承德县中心路317号（韩麻营）。联系电话：153-50383470 / 031-24105495。客房配备记忆棉床垫，保证舒适睡眠。周边 500 米内即是商场与美食街。距车站步行 5 分钟，交通便利。	C130
2970	柏栎精品酒店	地址：敦化建设路379号（黄泥河）。联系电话：194-19190899 / 135-99664548。可手机自助入住，无接触开门。客房配备记忆棉床垫，保证舒适睡眠。周边 500 米内即是商场与美食街。	C116
2971	桔子大酒店	地址：敦化迎宾大道210号（黄泥河）。联系电话：134-81358656 / 024-30794819。周边 500 米内即是商场与美食街。含自助早餐，菜品丰富。酒店内有健身房和洗衣房，住客免费使用。可手机自助入住，无接触开门。	C116
2972	璞丽国际酒店	地址：嘉兴迎宾大道47号（海宁）。联系电话：184-58170008。前台多语言服务，支持行李寄存。含自助早餐，菜品丰富。提供高速 Wi‑Fi 及 24 小时热水。	C071
2973	云栖宾馆	地址：嘉兴建设路201号（海宁）。联系电话：158-21694943。提供高速 Wi‑Fi 及 24 小时热水。距车站步行 5 分钟，交通便利。含自助早餐，菜品丰富。酒店内有健身房和洗衣房，住客免费使用。	C071
2974	雅致精品酒店	地址：嘉兴解放路351号（海宁）。联系电话：044-66878826 / 197-46688844。含自助早餐，菜品丰富。设有地下停车场与充电桩。可手机自助入住，无接触开门。	C071
2975	星程精品酒店	地址：嘉兴解放路206号（海宁）。联系电话：029-82420431。提供高速 Wi‑Fi 及 24 小时热水。可手机自助入住，无接触开门。	C071
2976	楠舍宾馆	地址：石嘴山和平路115号（惠农）。联系电话：039-54174914 / 132-44709053。周边 500 米内即是商场与美食街。客房配备记忆棉床垫，保证舒适睡眠。设有地下停车场与充电桩。	C219
2977	楠舍精品酒店	地址：石嘴山中心路217号（惠农）。联系电话：159-51991566。周边 500 米内即是商场与美食街。部分房型可俯瞰城市天际线。	C219
2978	悦榕宾馆	地址：河源解放路345号（和平）。联系电话：056-68309930 / 181-19759100。前台多语言服务，支持行李寄存。设有地下停车场与充电桩。提供高速 Wi‑Fi 及 24 小时热水。部分房型可俯瞰城市天际线。	C175
2979	柏曼国际酒店	地址：河源人民大道84号（和平）。联系电话：195-46943524 / 014-56296111。含自助早餐，菜品丰富。客房配备记忆棉床垫，保证舒适睡眠。周边 500 米内即是商场与美食街。距车站步行 5 分钟，交通便利。	C175
2980	星程大酒店	地址：河源迎宾大道160号（和平）。联系电话：181-34338884。前台多语言服务，支持行李寄存。酒店内有健身房和洗衣房，住客免费使用。周边 500 米内即是商场与美食街。	C175
2981	柏曼大酒店	地址：攀枝花中心路311号（花棚子）。联系电话：021-22582025。距车站步行 5 分钟，交通便利。可手机自助入住，无接触开门。部分房型可俯瞰城市天际线。客房配备记忆棉床垫，保证舒适睡眠。	C135
2982	锦江度假酒店	地址：攀枝花人民大道63号（花棚子）。联系电话：199-19379861。周边 500 米内即是商场与美食街。酒店内有健身房和洗衣房，住客免费使用。	C135
2983	雅致精品酒店	地址：攀枝花建设路169号（花棚子）。联系电话：048-47678178 / 137-58433078。酒店内有健身房和洗衣房，住客免费使用。设有地下停车场与充电桩。部分房型可俯瞰城市天际线。	C135
2984	柏曼精品酒店	地址：攀枝花迎宾大道130号（花棚子）。联系电话：182-90421762 / 036-27949048。可手机自助入住，无接触开门。距车站步行 5 分钟，交通便利。含自助早餐，菜品丰富。设有地下停车场与充电桩。	C135
2985	月光精品酒店	地址：昆山迎宾大道255号（花桥）。联系电话：024-24667828 / 016-60314974。提供高速 Wi‑Fi 及 24 小时热水。前台多语言服务，支持行李寄存。部分房型可俯瞰城市天际线。客房配备记忆棉床垫，保证舒适睡眠。	C231
2986	枫叶国际酒店	地址：昆山迎宾大道285号（花桥）。联系电话：135-73860583。客房配备记忆棉床垫，保证舒适睡眠。周边 500 米内即是商场与美食街。可手机自助入住，无接触开门。距车站步行 5 分钟，交通便利。	C231
2987	花筑大酒店	地址：昆山和平路158号（花桥）。联系电话：187-63023433。酒店内有健身房和洗衣房，住客免费使用。可手机自助入住，无接触开门。客房配备记忆棉床垫，保证舒适睡眠。	C231
2988	沐兰国际酒店	地址：昆山解放路215号（花桥）。联系电话：054-77888927 / 190-76083090。客房配备记忆棉床垫，保证舒适睡眠。可手机自助入住，无接触开门。提供高速 Wi‑Fi 及 24 小时热水。	C231
2989	楠舍度假酒店	地址：两当县中心路71号（宏庆）。联系电话：050-61065470 / 041-89159515。前台多语言服务，支持行李寄存。部分房型可俯瞰城市天际线。设有地下停车场与充电桩。	C294
2990	星程宾馆	地址：两当县解放路98号（宏庆）。联系电话：184-92511031 / 130-19788207。酒店内有健身房和洗衣房，住客免费使用。距车站步行 5 分钟，交通便利。前台多语言服务，支持行李寄存。部分房型可俯瞰城市天际线。	C294
2991	雅致大酒店	地址：怀仁县迎宾大道362号（怀仁）。联系电话：188-40933764 / 132-71290082。提供高速 Wi‑Fi 及 24 小时热水。周边 500 米内即是商场与美食街。含自助早餐，菜品丰富。	C149
2992	梅园精品酒店	地址：怀仁县中心路27号（怀仁）。联系电话：010-44612178。设有地下停车场与充电桩。酒店内有健身房和洗衣房，住客免费使用。	C149
2993	悦榕酒店	地址：鄂州和平路145号（华容）。联系电话：057-74938991。部分房型可俯瞰城市天际线。客房配备记忆棉床垫，保证舒适睡眠。前台多语言服务，支持行李寄存。	C270
2994	月光度假酒店	地址：鄂州建设路382号（华容）。联系电话：136-54043928。提供高速 Wi‑Fi 及 24 小时热水。可手机自助入住，无接触开门。距车站步行 5 分钟，交通便利。	C270
2995	碧桂国际酒店	地址：鄂州迎宾大道98号（华容）。联系电话：050-23736859。部分房型可俯瞰城市天际线。周边 500 米内即是商场与美食街。距车站步行 5 分钟，交通便利。	C270
2996	桔子度假酒店	地址：华阴迎宾大道52号（华山北）。联系电话：182-38615633 / 042-39070418。含自助早餐，菜品丰富。设有地下停车场与充电桩。	C193
2997	梅园精品酒店	地址：华阴和平路233号（华山北）。联系电话：193-65910384。可手机自助入住，无接触开门。前台多语言服务，支持行李寄存。设有地下停车场与充电桩。提供高速 Wi‑Fi 及 24 小时热水。	C193
2998	月光度假酒店	地址：华阴人民大道271号（华山北）。联系电话：041-56915420。设有地下停车场与充电桩。部分房型可俯瞰城市天际线。提供高速 Wi‑Fi 及 24 小时热水。客房配备记忆棉床垫，保证舒适睡眠。	C193
2999	悦榕大酒店	地址：蛟河人民大道252号（黄松甸）。联系电话：187-66286608 / 032-67513926。周边 500 米内即是商场与美食街。设有地下停车场与充电桩。距车站步行 5 分钟，交通便利。	C055
3000	悦榕国际酒店	地址：蛟河建设路90号（黄松甸）。联系电话：193-55543069。周边 500 米内即是商场与美食街。前台多语言服务，支持行李寄存。	C055
3001	锦江度假酒店	地址：蛟河中心路382号（黄松甸）。联系电话：040-56039059。提供高速 Wi‑Fi 及 24 小时热水。部分房型可俯瞰城市天际线。	C055
3002	枫叶酒店	地址：和布克赛尔蒙古自治县建设路267号（和什托洛盖）。联系电话：026-37245687。设有地下停车场与充电桩。部分房型可俯瞰城市天际线。	C075
3003	柏曼度假酒店	地址：和布克赛尔蒙古自治县迎宾大道311号（和什托洛盖）。联系电话：190-97857855。部分房型可俯瞰城市天际线。可手机自助入住，无接触开门。提供高速 Wi‑Fi 及 24 小时热水。酒店内有健身房和洗衣房，住客免费使用。	C075
3004	月光酒店	地址：伊春和平路15号（红山）。联系电话：027-74988398 / 031-73568486。距车站步行 5 分钟，交通便利。可手机自助入住，无接触开门。提供高速 Wi‑Fi 及 24 小时热水。	C023
3005	梅园精品酒店	地址：伊春中心路374号（红山）。联系电话：056-53575790。设有地下停车场与充电桩。客房配备记忆棉床垫，保证舒适睡眠。可手机自助入住，无接触开门。	C023
3006	桔子度假酒店	地址：汉寿县解放路159号（汉寿）。联系电话：057-84546453 / 150-19595461。前台多语言服务，支持行李寄存。提供高速 Wi‑Fi 及 24 小时热水。周边 500 米内即是商场与美食街。	C107
3007	桔子酒店	地址：汉寿县中心路183号（汉寿）。联系电话：027-44918314。酒店内有健身房和洗衣房，住客免费使用。前台多语言服务，支持行李寄存。距车站步行 5 分钟，交通便利。	C107
3008	梅园国际酒店	地址：汉寿县朝阳街64号（汉寿）。联系电话：136-14487940。客房配备记忆棉床垫，保证舒适睡眠。距车站步行 5 分钟，交通便利。周边 500 米内即是商场与美食街。前台多语言服务，支持行李寄存。	C107
3009	枫叶国际酒店	地址：衡阳和平路368号（衡山）。联系电话：151-52970353。含自助早餐，菜品丰富。距车站步行 5 分钟，交通便利。可手机自助入住，无接触开门。客房配备记忆棉床垫，保证舒适睡眠。	C242
3010	花筑酒店	地址：衡阳迎宾大道174号（衡山）。联系电话：032-82034191 / 056-66299815。设有地下停车场与充电桩。周边 500 米内即是商场与美食街。前台多语言服务，支持行李寄存。距车站步行 5 分钟，交通便利。	C242
3011	梅园酒店	地址：洮南解放路175号（黑水）。联系电话：039-41406165 / 199-99503660。距车站步行 5 分钟，交通便利。客房配备记忆棉床垫，保证舒适睡眠。周边 500 米内即是商场与美食街。含自助早餐，菜品丰富。	C211
3012	星程国际酒店	地址：洮南和平路114号（黑水）。联系电话：043-46402776 / 136-40690270。可手机自助入住，无接触开门。酒店内有健身房和洗衣房，住客免费使用。	C211
3013	桔子精品酒店	地址：洮南迎宾大道304号（黑水）。联系电话：047-64603708 / 011-82573767。含自助早餐，菜品丰富。提供高速 Wi‑Fi 及 24 小时热水。周边 500 米内即是商场与美食街。	C211
3014	碧桂酒店	地址：无锡朝阳街335号（惠山）。联系电话：159-17227672。酒店内有健身房和洗衣房，住客免费使用。提供高速 Wi‑Fi 及 24 小时热水。客房配备记忆棉床垫，保证舒适睡眠。	C139
3015	星程宾馆	地址：无锡迎宾大道62号（惠山）。联系电话：153-82048096。前台多语言服务，支持行李寄存。提供高速 Wi‑Fi 及 24 小时热水。	C139
3016	悦榕大酒店	地址：无锡中心路117号（惠山）。联系电话：151-23139921 / 191-45222787。前台多语言服务，支持行李寄存。客房配备记忆棉床垫，保证舒适睡眠。距车站步行 5 分钟，交通便利。提供高速 Wi‑Fi 及 24 小时热水。	C139
3017	枫叶国际酒店	地址：无锡建设路178号（惠山）。联系电话：188-93047376 / 156-31920603。距车站步行 5 分钟，交通便利。含自助早餐，菜品丰富。设有地下停车场与充电桩。部分房型可俯瞰城市天际线。	C139
3018	月光宾馆	地址：滦平县朝阳街168号（虎什哈）。联系电话：058-41607363。前台多语言服务，支持行李寄存。提供高速 Wi‑Fi 及 24 小时热水。	C130
3019	沐兰酒店	地址：滦平县朝阳街344号（虎什哈）。联系电话：191-51846923 / 031-62523456。酒店内有健身房和洗衣房，住客免费使用。含自助早餐，菜品丰富。部分房型可俯瞰城市天际线。	C130
3020	枫叶大酒店	地址：滦平县人民大道9号（虎什哈）。联系电话：033-71706361。设有地下停车场与充电桩。提供高速 Wi‑Fi 及 24 小时热水。可手机自助入住，无接触开门。	C130
3021	璞丽度假酒店	地址：吴忠迎宾大道201号（红寺堡）。联系电话：054-62595805。前台多语言服务，支持行李寄存。客房配备记忆棉床垫，保证舒适睡眠。提供高速 Wi‑Fi 及 24 小时热水。周边 500 米内即是商场与美食街。	C058
3022	柏栎精品酒店	地址：吴忠和平路136号（红寺堡）。联系电话：195-34767883 / 134-42021064。客房配备记忆棉床垫，保证舒适睡眠。距车站步行 5 分钟，交通便利。	C058
3023	丽枫度假酒店	地址：吴忠建设路270号（红寺堡）。联系电话：027-20154251 / 020-28527850。设有地下停车场与充电桩。提供高速 Wi‑Fi 及 24 小时热水。客房配备记忆棉床垫，保证舒适睡眠。	C058
3024	锦江度假酒店	地址：沈阳人民大道311号（虎石台）。联系电话：186-67761583 / 014-58520928。含自助早餐，菜品丰富。客房配备记忆棉床垫，保证舒适睡眠。距车站步行 5 分钟，交通便利。酒店内有健身房和洗衣房，住客免费使用。	C172
3025	桔子大酒店	地址：沈阳和平路116号（虎石台）。联系电话：045-22510807 / 189-95539194。含自助早餐，菜品丰富。酒店内有健身房和洗衣房，住客免费使用。距车站步行 5 分钟，交通便利。部分房型可俯瞰城市天际线。	C172
3026	柏栎酒店	地址：沈阳朝阳街199号（虎石台）。联系电话：151-26809650。前台多语言服务，支持行李寄存。距车站步行 5 分钟，交通便利。含自助早餐，菜品丰富。	C172
3027	枫叶酒店	地址：兰州朝阳街286号（海石湾）。联系电话：196-69818773。含自助早餐，菜品丰富。周边 500 米内即是商场与美食街。	C034
3028	月光度假酒店	地址：兰州中心路118号（海石湾）。联系电话：158-73950746。酒店内有健身房和洗衣房，住客免费使用。部分房型可俯瞰城市天际线。提供高速 Wi‑Fi 及 24 小时热水。可手机自助入住，无接触开门。	C034
3029	月光度假酒店	地址：兰州迎宾大道206号（海石湾）。联系电话：013-20275712。距车站步行 5 分钟，交通便利。设有地下停车场与充电桩。酒店内有健身房和洗衣房，住客免费使用。	C034
3030	雅致度假酒店	地址：兰州和平路318号（海石湾）。联系电话：015-53746290。设有地下停车场与充电桩。部分房型可俯瞰城市天际线。	C034
3031	碧桂精品酒店	地址：衡山县朝阳街251号（衡山西）。联系电话：045-43713924 / 030-87115459。设有地下停车场与充电桩。可手机自助入住，无接触开门。距车站步行 5 分钟，交通便利。部分房型可俯瞰城市天际线。	C242
3032	锦江精品酒店	地址：衡山县中心路364号（衡山西）。联系电话：054-41715485 / 198-17614019。酒店内有健身房和洗衣房，住客免费使用。周边 500 米内即是商场与美食街。	C242
3033	桔子度假酒店	地址：衡山县朝阳街334号（衡山西）。联系电话：054-60716706 / 032-63474871。含自助早餐，菜品丰富。部分房型可俯瞰城市天际线。酒店内有健身房和洗衣房，住客免费使用。	C242
3034	月光酒店	地址：衡山县中心路127号（衡山西）。联系电话：154-30328864。含自助早餐，菜品丰富。提供高速 Wi‑Fi 及 24 小时热水。客房配备记忆棉床垫，保证舒适睡眠。	C242
3035	丽枫精品酒店	地址：白银建设路51号（红砂岘）。联系电话：056-71088861 / 025-88120462。可手机自助入住，无接触开门。前台多语言服务，支持行李寄存。设有地下停车场与充电桩。提供高速 Wi‑Fi 及 24 小时热水。	C213
3036	花筑度假酒店	地址：白银迎宾大道173号（红砂岘）。联系电话：059-70510918。前台多语言服务，支持行李寄存。酒店内有健身房和洗衣房，住客免费使用。提供高速 Wi‑Fi 及 24 小时热水。	C213
3037	枫叶酒店	地址：密山人民大道11号（黑台）。联系电话：046-86631050 / 136-72396586。设有地下停车场与充电桩。距车站步行 5 分钟，交通便利。	C303
3038	雅致度假酒店	地址：密山解放路301号（黑台）。联系电话：038-27590108 / 021-70605411。酒店内有健身房和洗衣房，住客免费使用。客房配备记忆棉床垫，保证舒适睡眠。	C303
3039	云栖精品酒店	地址：桓台县解放路213号（桓台）。联系电话：188-74801259 / 183-17075731。酒店内有健身房和洗衣房，住客免费使用。距车站步行 5 分钟，交通便利。客房配备记忆棉床垫，保证舒适睡眠。	C186
3040	丽枫精品酒店	地址：桓台县和平路141号（桓台）。联系电话：056-42943779。前台多语言服务，支持行李寄存。可手机自助入住，无接触开门。	C186
3041	枫叶度假酒店	地址：桓台县解放路36号（桓台）。联系电话：132-67562549。含自助早餐，菜品丰富。酒店内有健身房和洗衣房，住客免费使用。	C186
3042	星程度假酒店	地址：桓台县迎宾大道250号（桓台）。联系电话：012-52381927 / 025-50588001。部分房型可俯瞰城市天际线。含自助早餐，菜品丰富。周边 500 米内即是商场与美食街。	C186
3043	柏曼酒店	地址：和田解放路25号（和田）。联系电话：031-66970863 / 199-91380379。周边 500 米内即是商场与美食街。提供高速 Wi‑Fi 及 24 小时热水。部分房型可俯瞰城市天际线。	C062
3044	璞丽国际酒店	地址：和田建设路330号（和田）。联系电话：196-55886803 / 134-44197421。酒店内有健身房和洗衣房，住客免费使用。含自助早餐，菜品丰富。距车站步行 5 分钟，交通便利。周边 500 米内即是商场与美食街。	C062
3045	桔子大酒店	地址：和田建设路12号（和田）。联系电话：132-36861064 / 015-48285225。前台多语言服务，支持行李寄存。周边 500 米内即是商场与美食街。	C062
3046	桔子大酒店	地址：怀化迎宾大道394号（会同）。联系电话：138-37705995 / 018-35784575。酒店内有健身房和洗衣房，住客免费使用。含自助早餐，菜品丰富。	C125
3047	璞丽度假酒店	地址：怀化和平路214号（会同）。联系电话：023-34220616。提供高速 Wi‑Fi 及 24 小时热水。前台多语言服务，支持行李寄存。周边 500 米内即是商场与美食街。设有地下停车场与充电桩。	C125
3048	丽枫度假酒店	地址：怀化建设路216号（会同）。联系电话：193-95537951 / 017-64583467。设有地下停车场与充电桩。部分房型可俯瞰城市天际线。提供高速 Wi‑Fi 及 24 小时热水。酒店内有健身房和洗衣房，住客免费使用。	C125
3049	丽枫精品酒店	地址：大安人民大道249号（海坨子）。联系电话：021-83843139。距车站步行 5 分钟，交通便利。含自助早餐，菜品丰富。	C211
3050	锦江度假酒店	地址：大安建设路122号（海坨子）。联系电话：018-59942503。距车站步行 5 分钟，交通便利。设有地下停车场与充电桩。酒店内有健身房和洗衣房，住客免费使用。	C211
3051	柏栎度假酒店	地址：淄博解放路342号（黑旺）。联系电话：159-75704643。部分房型可俯瞰城市天际线。可手机自助入住，无接触开门。前台多语言服务，支持行李寄存。客房配备记忆棉床垫，保证舒适睡眠。	C186
3052	雅致精品酒店	地址：淄博和平路156号（黑旺）。联系电话：157-40084059 / 058-69940300。距车站步行 5 分钟，交通便利。含自助早餐，菜品丰富。客房配备记忆棉床垫，保证舒适睡眠。可手机自助入住，无接触开门。	C186
3053	花筑国际酒店	地址：上海朝阳街301号（海湾）。联系电话：187-14072876 / 041-83916669。周边 500 米内即是商场与美食街。含自助早餐，菜品丰富。距车站步行 5 分钟，交通便利。	C005
3054	桔子大酒店	地址：上海建设路4号（海湾）。联系电话：139-33003602 / 130-94448983。距车站步行 5 分钟，交通便利。设有地下停车场与充电桩。	C005
3055	花筑精品酒店	地址：上海人民大道96号（海湾）。联系电话：137-65009427。可手机自助入住，无接触开门。周边 500 米内即是商场与美食街。	C005
3056	璞丽宾馆	地址：上海建设路383号（海湾）。联系电话：151-21392593 / 199-32445043。设有地下停车场与充电桩。客房配备记忆棉床垫，保证舒适睡眠。含自助早餐，菜品丰富。	C005
3057	枫叶大酒店	地址：伊春解放路171号（红星）。联系电话：152-83645256。周边 500 米内即是商场与美食街。前台多语言服务，支持行李寄存。客房配备记忆棉床垫，保证舒适睡眠。	C023
3058	悦榕宾馆	地址：伊春中心路186号（红星）。联系电话：032-31319288 / 048-84206994。酒店内有健身房和洗衣房，住客免费使用。周边 500 米内即是商场与美食街。	C023
3059	花筑酒店	地址：徽县朝阳街101号（徽县）。联系电话：036-33681773。设有地下停车场与充电桩。前台多语言服务，支持行李寄存。距车站步行 5 分钟，交通便利。周边 500 米内即是商场与美食街。	C294
3060	枫叶精品酒店	地址：徽县迎宾大道335号（徽县）。联系电话：193-22643770。设有地下停车场与充电桩。可手机自助入住，无接触开门。前台多语言服务，支持行李寄存。	C294
3061	花筑酒店	地址：徽县人民大道10号（徽县）。联系电话：057-63033773 / 133-94532914。距车站步行 5 分钟，交通便利。可手机自助入住，无接触开门。设有地下停车场与充电桩。提供高速 Wi‑Fi 及 24 小时热水。	C294
3062	楠舍度假酒店	地址：徽县朝阳街340号（徽县）。联系电话：012-79240318 / 015-71832526。客房配备记忆棉床垫，保证舒适睡眠。可手机自助入住，无接触开门。周边 500 米内即是商场与美食街。	C294
3063	锦江大酒店	地址：友谊县人民大道62号（红兴隆）。联系电话：030-70680231 / 134-27778592。距车站步行 5 分钟，交通便利。客房配备记忆棉床垫，保证舒适睡眠。可手机自助入住，无接触开门。酒店内有健身房和洗衣房，住客免费使用。	C051
3064	柏曼国际酒店	地址：友谊县解放路62号（红兴隆）。联系电话：039-22537441 / 012-70746175。可手机自助入住，无接触开门。提供高速 Wi‑Fi 及 24 小时热水。部分房型可俯瞰城市天际线。酒店内有健身房和洗衣房，住客免费使用。	C051
3065	丽枫精品酒店	地址：友谊县迎宾大道58号（红兴隆）。联系电话：058-52639665 / 024-55954752。提供高速 Wi‑Fi 及 24 小时热水。前台多语言服务，支持行李寄存。距车站步行 5 分钟，交通便利。	C051
3066	柏栎精品酒店	地址：富锦中心路37号（换新天）。联系电话：029-29412217 / 180-33313059。酒店内有健身房和洗衣房，住客免费使用。部分房型可俯瞰城市天际线。	C026
3067	梅园精品酒店	地址：富锦建设路252号（换新天）。联系电话：049-68576740 / 049-67044313。客房配备记忆棉床垫，保证舒适睡眠。可手机自助入住，无接触开门。	C026
3068	云栖酒店	地址：富锦解放路265号（换新天）。联系电话：038-25330432。可手机自助入住，无接触开门。周边 500 米内即是商场与美食街。前台多语言服务，支持行李寄存。提供高速 Wi‑Fi 及 24 小时热水。	C026
3069	云栖精品酒店	地址：富锦中心路174号（换新天）。联系电话：188-77875260。周边 500 米内即是商场与美食街。部分房型可俯瞰城市天际线。	C026
3070	梅园宾馆	地址：景泰县建设路331号（红岘台）。联系电话：184-87357575。设有地下停车场与充电桩。客房配备记忆棉床垫，保证舒适睡眠。可手机自助入住，无接触开门。前台多语言服务，支持行李寄存。	C213
3071	梅园酒店	地址：景泰县中心路74号（红岘台）。联系电话：152-91587363 / 150-72412318。提供高速 Wi‑Fi 及 24 小时热水。可手机自助入住，无接触开门。周边 500 米内即是商场与美食街。	C213
3072	雅致度假酒店	地址：莫力达瓦达斡尔族自治旗朝阳街318号（红彦）。联系电话：038-32669810 / 033-31327120。距车站步行 5 分钟，交通便利。设有地下停车场与充电桩。	C060
3073	桔子度假酒店	地址：莫力达瓦达斡尔族自治旗朝阳街6号（红彦）。联系电话：182-11690779。含自助早餐，菜品丰富。设有地下停车场与充电桩。前台多语言服务，支持行李寄存。酒店内有健身房和洗衣房，住客免费使用。	C060
3074	柏曼大酒店	地址：莫力达瓦达斡尔族自治旗朝阳街371号（红彦）。联系电话：041-39027921 / 055-65002439。部分房型可俯瞰城市天际线。前台多语言服务，支持行李寄存。酒店内有健身房和洗衣房，住客免费使用。	C060
3075	锦江宾馆	地址：海晏县中心路381号（海晏）。联系电话：188-63975478 / 056-48752282。距车站步行 5 分钟，交通便利。含自助早餐，菜品丰富。周边 500 米内即是商场与美食街。前台多语言服务，支持行李寄存。	C183
3076	枫叶国际酒店	地址：海晏县和平路298号（海晏）。联系电话：197-96996088。设有地下停车场与充电桩。客房配备记忆棉床垫，保证舒适睡眠。周边 500 米内即是商场与美食街。可手机自助入住，无接触开门。	C183
3077	雅致宾馆	地址：海晏县迎宾大道356号（海晏）。联系电话：153-55945436。可手机自助入住，无接触开门。距车站步行 5 分钟，交通便利。部分房型可俯瞰城市天际线。含自助早餐，菜品丰富。	C183
3078	枫叶精品酒店	地址：海晏县解放路282号（海晏）。联系电话：055-70055070 / 052-28563845。可手机自助入住，无接触开门。部分房型可俯瞰城市天际线。设有地下停车场与充电桩。	C183
3079	碧桂国际酒店	地址：渭南建设路31号（合阳）。联系电话：196-81574584 / 182-85455571。距车站步行 5 分钟，交通便利。含自助早餐，菜品丰富。可手机自助入住，无接触开门。	C193
3080	花筑大酒店	地址：渭南解放路20号（合阳）。联系电话：036-23887723 / 052-56315250。设有地下停车场与充电桩。可手机自助入住，无接触开门。距车站步行 5 分钟，交通便利。	C193
3081	悦榕国际酒店	地址：衡阳和平路99号（衡阳东）。联系电话：056-86754444。酒店内有健身房和洗衣房，住客免费使用。设有地下停车场与充电桩。	C242
3082	云栖精品酒店	地址：衡阳建设路372号（衡阳东）。联系电话：038-40919930 / 181-46838913。周边 500 米内即是商场与美食街。距车站步行 5 分钟，交通便利。设有地下停车场与充电桩。	C242
3083	碧桂酒店	地址：华蓥人民大道103号（华蓥）。联系电话：030-73822161 / 195-67739875。酒店内有健身房和洗衣房，住客免费使用。设有地下停车场与充电桩。客房配备记忆棉床垫，保证舒适睡眠。	C111
3084	沐兰度假酒店	地址：华蓥人民大道394号（华蓥）。联系电话：192-32952153。酒店内有健身房和洗衣房，住客免费使用。距车站步行 5 分钟，交通便利。周边 500 米内即是商场与美食街。前台多语言服务，支持行李寄存。	C111
3085	枫叶精品酒店	地址：华蓥朝阳街382号（华蓥）。联系电话：159-19817921。客房配备记忆棉床垫，保证舒适睡眠。距车站步行 5 分钟，交通便利。设有地下停车场与充电桩。	C111
3086	锦江度假酒店	地址：汉阴县人民大道228号（汉阴）。联系电话：151-65016139。提供高速 Wi‑Fi 及 24 小时热水。设有地下停车场与充电桩。部分房型可俯瞰城市天际线。含自助早餐，菜品丰富。	C090
3087	柏曼精品酒店	地址：汉阴县人民大道274号（汉阴）。联系电话：139-19953635 / 135-99287939。周边 500 米内即是商场与美食街。客房配备记忆棉床垫，保证舒适睡眠。提供高速 Wi‑Fi 及 24 小时热水。	C090
3088	柏曼宾馆	地址：汉阴县人民大道173号（汉阴）。联系电话：015-77669794。部分房型可俯瞰城市天际线。客房配备记忆棉床垫，保证舒适睡眠。	C090
3089	星程度假酒店	地址：永宁县朝阳街389号（黄羊滩）。联系电话：182-56072748。设有地下停车场与充电桩。酒店内有健身房和洗衣房，住客免费使用。	C279
3090	雅致精品酒店	地址：永宁县中心路383号（黄羊滩）。联系电话：057-32516653。客房配备记忆棉床垫，保证舒适睡眠。周边 500 米内即是商场与美食街。距车站步行 5 分钟，交通便利。部分房型可俯瞰城市天际线。	C279
3091	沐兰大酒店	地址：永宁县解放路15号（黄羊滩）。联系电话：015-59520961 / 193-62674710。酒店内有健身房和洗衣房，住客免费使用。前台多语言服务，支持行李寄存。客房配备记忆棉床垫，保证舒适睡眠。提供高速 Wi‑Fi 及 24 小时热水。	C279
3092	柏栎宾馆	地址：永宁县和平路254号（黄羊滩）。联系电话：048-40700859。距车站步行 5 分钟，交通便利。可手机自助入住，无接触开门。前台多语言服务，支持行李寄存。酒店内有健身房和洗衣房，住客免费使用。	C279
3093	璞丽酒店	地址：汉源县中心路85号（汉源）。联系电话：025-80039114 / 197-40762322。前台多语言服务，支持行李寄存。酒店内有健身房和洗衣房，住客免费使用。	C296
3094	丽枫精品酒店	地址：汉源县中心路266号（汉源）。联系电话：183-83081507 / 154-57775927。距车站步行 5 分钟，交通便利。客房配备记忆棉床垫，保证舒适睡眠。周边 500 米内即是商场与美食街。设有地下停车场与充电桩。	C296
3095	丽枫国际酒店	地址：汉源县朝阳街260号（汉源）。联系电话：197-97702371。可手机自助入住，无接触开门。酒店内有健身房和洗衣房，住客免费使用。含自助早餐，菜品丰富。距车站步行 5 分钟，交通便利。	C296
3096	雅致宾馆	地址：河源和平路247号（河源）。联系电话：049-39822178 / 130-82335362。周边 500 米内即是商场与美食街。可手机自助入住，无接触开门。	C175
3097	雅致精品酒店	地址：河源人民大道286号（河源）。联系电话：059-81791393。含自助早餐，菜品丰富。部分房型可俯瞰城市天际线。前台多语言服务，支持行李寄存。	C175
3098	悦榕宾馆	地址：河源建设路223号（河源）。联系电话：015-26686989 / 044-59882137。距车站步行 5 分钟，交通便利。部分房型可俯瞰城市天际线。酒店内有健身房和洗衣房，住客免费使用。	C175
3099	锦江度假酒店	地址：孝昌县解放路393号（花园）。联系电话：030-89607906。设有地下停车场与充电桩。酒店内有健身房和洗衣房，住客免费使用。	C086
3100	云栖精品酒店	地址：孝昌县人民大道274号（花园）。联系电话：016-77158698 / 182-54320294。可手机自助入住，无接触开门。距车站步行 5 分钟，交通便利。酒店内有健身房和洗衣房，住客免费使用。周边 500 米内即是商场与美食街。	C086
3101	桔子度假酒店	地址：孝昌县建设路341号（花园）。联系电话：012-86838070。提供高速 Wi‑Fi 及 24 小时热水。含自助早餐，菜品丰富。可手机自助入住，无接触开门。客房配备记忆棉床垫，保证舒适睡眠。	C086
3102	花筑精品酒店	地址：湟源县和平路117号（湟源）。联系电话：135-34644983 / 049-88587936。客房配备记忆棉床垫，保证舒适睡眠。设有地下停车场与充电桩。酒店内有健身房和洗衣房，住客免费使用。前台多语言服务，支持行李寄存。	C245
3103	枫叶大酒店	地址：湟源县建设路388号（湟源）。联系电话：180-86989173 / 032-67994543。设有地下停车场与充电桩。含自助早餐，菜品丰富。酒店内有健身房和洗衣房，住客免费使用。	C245
3104	璞丽国际酒店	地址：湟源县迎宾大道384号（湟源）。联系电话：056-53723824 / 013-85960931。距车站步行 5 分钟，交通便利。提供高速 Wi‑Fi 及 24 小时热水。前台多语言服务，支持行李寄存。部分房型可俯瞰城市天际线。	C245
3105	星程度假酒店	地址：武威人民大道204号（黄羊镇）。联系电话：135-33245662 / 031-50307102。酒店内有健身房和洗衣房，住客免费使用。周边 500 米内即是商场与美食街。提供高速 Wi‑Fi 及 24 小时热水。前台多语言服务，支持行李寄存。	C163
3106	锦江国际酒店	地址：武威朝阳街295号（黄羊镇）。联系电话：134-77831532。提供高速 Wi‑Fi 及 24 小时热水。含自助早餐，菜品丰富。	C163
3107	锦江宾馆	地址：武威和平路332号（黄羊镇）。联系电话：151-95913152 / 023-31243937。设有地下停车场与充电桩。部分房型可俯瞰城市天际线。	C163
3108	星程大酒店	地址：武威解放路349号（黄羊镇）。联系电话：198-16987209。可手机自助入住，无接触开门。前台多语言服务，支持行李寄存。周边 500 米内即是商场与美食街。	C163
3109	星程度假酒店	地址：湖州中心路385号（湖州）。联系电话：051-33667603 / 015-57077882。提供高速 Wi‑Fi 及 24 小时热水。前台多语言服务，支持行李寄存。	C194
3110	桔子大酒店	地址：湖州中心路94号（湖州）。联系电话：159-98378507。部分房型可俯瞰城市天际线。含自助早餐，菜品丰富。设有地下停车场与充电桩。前台多语言服务，支持行李寄存。	C194
3111	锦江精品酒店	地址：湖州中心路237号（湖州）。联系电话：151-81615801 / 016-72782785。含自助早餐，菜品丰富。设有地下停车场与充电桩。	C194
3112	柏曼大酒店	地址：湖州迎宾大道236号（湖州）。联系电话：015-62031981。设有地下停车场与充电桩。部分房型可俯瞰城市天际线。含自助早餐，菜品丰富。酒店内有健身房和洗衣房，住客免费使用。	C194
3113	梅园大酒店	地址：化州和平路326号（化州）。联系电话：052-27377032。部分房型可俯瞰城市天际线。酒店内有健身房和洗衣房，住客免费使用。设有地下停车场与充电桩。客房配备记忆棉床垫，保证舒适睡眠。	C232
3114	锦江国际酒店	地址：化州迎宾大道375号（化州）。联系电话：158-57500652。酒店内有健身房和洗衣房，住客免费使用。距车站步行 5 分钟，交通便利。可手机自助入住，无接触开门。	C232
3115	璞丽国际酒店	地址：化州和平路378号（化州）。联系电话：011-73533083 / 042-50340497。部分房型可俯瞰城市天际线。提供高速 Wi‑Fi 及 24 小时热水。设有地下停车场与充电桩。可手机自助入住，无接触开门。	C232
3116	柏曼度假酒店	地址：化州中心路289号（化州）。联系电话：192-53780121 / 139-55707713。含自助早餐，菜品丰富。提供高速 Wi‑Fi 及 24 小时热水。距车站步行 5 分钟，交通便利。部分房型可俯瞰城市天际线。	C232
3117	悦榕宾馆	地址：黄冈迎宾大道373号（黄州）。联系电话：189-80735733 / 151-16997268。前台多语言服务，支持行李寄存。部分房型可俯瞰城市天际线。可手机自助入住，无接触开门。	C307
3118	柏曼度假酒店	地址：黄冈解放路135号（黄州）。联系电话：017-83706883。周边 500 米内即是商场与美食街。可手机自助入住，无接触开门。	C307
3119	桔子国际酒店	地址：黄冈解放路17号（黄州）。联系电话：015-43786986 / 017-66584258。酒店内有健身房和洗衣房，住客免费使用。部分房型可俯瞰城市天际线。距车站步行 5 分钟，交通便利。	C307
3120	桔子大酒店	地址：霍州迎宾大道339号（霍州）。联系电话：182-23359936 / 050-33207575。设有地下停车场与充电桩。距车站步行 5 分钟，交通便利。提供高速 Wi‑Fi 及 24 小时热水。部分房型可俯瞰城市天际线。	C011
3121	沐兰度假酒店	地址：霍州解放路168号（霍州）。联系电话：055-80520351 / 024-72419632。设有地下停车场与充电桩。前台多语言服务，支持行李寄存。	C011
3122	沐兰国际酒店	地址：霍州建设路25号（霍州）。联系电话：035-32643056。提供高速 Wi‑Fi 及 24 小时热水。距车站步行 5 分钟，交通便利。	C011
3123	柏栎宾馆	地址：惠州朝阳街363号（惠州西）。联系电话：048-87104272。酒店内有健身房和洗衣房，住客免费使用。提供高速 Wi‑Fi 及 24 小时热水。	C127
3124	桔子大酒店	地址：惠州人民大道185号（惠州西）。联系电话：013-85318158 / 054-26777590。提供高速 Wi‑Fi 及 24 小时热水。客房配备记忆棉床垫，保证舒适睡眠。含自助早餐，菜品丰富。前台多语言服务，支持行李寄存。	C127
3125	桔子度假酒店	地址：扶余解放路294号（巨宝）。联系电话：050-58722228 / 195-85510596。酒店内有健身房和洗衣房，住客免费使用。距车站步行 5 分钟，交通便利。	C154
3126	沐兰酒店	地址：扶余解放路390号（巨宝）。联系电话：050-65657997。可手机自助入住，无接触开门。部分房型可俯瞰城市天际线。	C154
3127	月光精品酒店	地址：靖边县和平路166号（靖边）。联系电话：195-87217095 / 195-22833039。提供高速 Wi‑Fi 及 24 小时热水。部分房型可俯瞰城市天际线。	C162
3128	花筑度假酒店	地址：靖边县朝阳街46号（靖边）。联系电话：041-81464601 / 045-36961704。周边 500 米内即是商场与美食街。距车站步行 5 分钟，交通便利。客房配备记忆棉床垫，保证舒适睡眠。前台多语言服务，支持行李寄存。	C162
3129	锦江国际酒店	地址：科尔沁左翼后旗建设路276号（金宝屯）。联系电话：019-47180686。酒店内有健身房和洗衣房，住客免费使用。含自助早餐，菜品丰富。	C260
3130	月光度假酒店	地址：科尔沁左翼后旗迎宾大道314号（金宝屯）。联系电话：134-64938751 / 030-36922330。前台多语言服务，支持行李寄存。周边 500 米内即是商场与美食街。可手机自助入住，无接触开门。客房配备记忆棉床垫，保证舒适睡眠。	C260
3131	花筑宾馆	地址：科尔沁左翼后旗建设路23号（金宝屯）。联系电话：158-69977023 / 137-94402349。酒店内有健身房和洗衣房，住客免费使用。客房配备记忆棉床垫，保证舒适睡眠。	C260
3132	沐兰宾馆	地址：泽州县迎宾大道19号（晋城北）。联系电话：130-56173293。含自助早餐，菜品丰富。设有地下停车场与充电桩。部分房型可俯瞰城市天际线。	C146
3133	丽枫大酒店	地址：泽州县建设路134号（晋城北）。联系电话：196-60996424。客房配备记忆棉床垫，保证舒适睡眠。距车站步行 5 分钟，交通便利。	C146
3134	丽枫精品酒店	地址：泽州县中心路199号（晋城北）。联系电话：049-73777095。提供高速 Wi‑Fi 及 24 小时热水。设有地下停车场与充电桩。	C146
3135	沐兰酒店	地址：泽州县建设路396号（晋城北）。联系电话：027-24225702。前台多语言服务，支持行李寄存。设有地下停车场与充电桩。	C146
3136	花筑宾馆	地址：永昌县人民大道341号（金昌）。联系电话：155-89768843。距车站步行 5 分钟，交通便利。前台多语言服务，支持行李寄存。	C274
3137	璞丽大酒店	地址：永昌县迎宾大道343号（金昌）。联系电话：156-74082311。客房配备记忆棉床垫，保证舒适睡眠。可手机自助入住，无接触开门。酒店内有健身房和洗衣房，住客免费使用。	C274
3138	星程精品酒店	地址：永昌县建设路350号（金昌）。联系电话：043-35745888。距车站步行 5 分钟，交通便利。可手机自助入住，无接触开门。提供高速 Wi‑Fi 及 24 小时热水。	C274
3139	梅园度假酒店	地址：永昌县建设路340号（金昌）。联系电话：131-47894666 / 150-94674467。提供高速 Wi‑Fi 及 24 小时热水。周边 500 米内即是商场与美食街。客房配备记忆棉床垫，保证舒适睡眠。	C274
3140	桔子酒店	地址：鄄城县建设路81号（鄄城）。联系电话：022-74653153 / 030-21555384。客房配备记忆棉床垫，保证舒适睡眠。含自助早餐，菜品丰富。酒店内有健身房和洗衣房，住客免费使用。前台多语言服务，支持行李寄存。	C236
3141	柏栎精品酒店	地址：鄄城县和平路231号（鄄城）。联系电话：016-31337943 / 014-64007765。周边 500 米内即是商场与美食街。含自助早餐，菜品丰富。客房配备记忆棉床垫，保证舒适睡眠。	C236
3142	柏栎度假酒店	地址：鄄城县和平路291号（鄄城）。联系电话：183-88715277。客房配备记忆棉床垫，保证舒适睡眠。前台多语言服务，支持行李寄存。距车站步行 5 分钟，交通便利。含自助早餐，菜品丰富。	C236
3143	碧桂大酒店	地址：交城县人民大道216号（交城）。联系电话：137-83089718 / 186-13893803。部分房型可俯瞰城市天际线。酒店内有健身房和洗衣房，住客免费使用。设有地下停车场与充电桩。周边 500 米内即是商场与美食街。	C057
3144	柏曼大酒店	地址：交城县建设路12号（交城）。联系电话：020-40857032 / 015-54389989。周边 500 米内即是商场与美食街。设有地下停车场与充电桩。	C057
3145	桔子大酒店	地址：交城县朝阳街200号（交城）。联系电话：035-59664234。酒店内有健身房和洗衣房，住客免费使用。设有地下停车场与充电桩。距车站步行 5 分钟，交通便利。	C057
3146	雅致宾馆	地址：建昌县朝阳街341号（建昌）。联系电话：158-40656476。客房配备记忆棉床垫，保证舒适睡眠。周边 500 米内即是商场与美食街。距车站步行 5 分钟，交通便利。	C239
3147	璞丽酒店	地址：建昌县解放路56号（建昌）。联系电话：023-75283614 / 153-74798983。部分房型可俯瞰城市天际线。客房配备记忆棉床垫，保证舒适睡眠。	C239
3148	沐兰度假酒店	地址：建昌县解放路217号（建昌）。联系电话：194-55170906。距车站步行 5 分钟，交通便利。客房配备记忆棉床垫，保证舒适睡眠。	C239
3149	柏栎国际酒店	地址：建昌县解放路289号（建昌）。联系电话：012-29080391 / 010-45886204。距车站步行 5 分钟，交通便利。含自助早餐，菜品丰富。前台多语言服务，支持行李寄存。	C239
3150	星程精品酒店	地址：鹤岗迎宾大道109号（峻德）。联系电话：194-56719711 / 158-15476798。可手机自助入住，无接触开门。周边 500 米内即是商场与美食街。	C305
3151	月光国际酒店	地址：鹤岗解放路238号（峻德）。联系电话：023-84397926。周边 500 米内即是商场与美食街。提供高速 Wi‑Fi 及 24 小时热水。距车站步行 5 分钟，交通便利。	C305
3152	柏曼酒店	地址：鹤岗解放路296号（峻德）。联系电话：019-29487327 / 051-78621089。提供高速 Wi‑Fi 及 24 小时热水。可手机自助入住，无接触开门。周边 500 米内即是商场与美食街。酒店内有健身房和洗衣房，住客免费使用。	C305
3153	锦江大酒店	地址：鹤岗中心路321号（峻德）。联系电话：185-56491554。含自助早餐，菜品丰富。提供高速 Wi‑Fi 及 24 小时热水。	C305
3154	桔子酒店	地址：涉县建设路190号（井店）。联系电话：034-26191811 / 153-92426193。提供高速 Wi‑Fi 及 24 小时热水。含自助早餐，菜品丰富。客房配备记忆棉床垫，保证舒适睡眠。前台多语言服务，支持行李寄存。	C265
3155	沐兰宾馆	地址：涉县中心路169号（井店）。联系电话：153-89900451。酒店内有健身房和洗衣房，住客免费使用。距车站步行 5 分钟，交通便利。	C265
3156	悦榕大酒店	地址：涉县迎宾大道40号（井店）。联系电话：051-88985165 / 194-29010024。前台多语言服务，支持行李寄存。距车站步行 5 分钟，交通便利。设有地下停车场与充电桩。含自助早餐，菜品丰富。	C265
3157	云栖大酒店	地址：鸡东县中心路198号（鸡东）。联系电话：041-48101188。周边 500 米内即是商场与美食街。含自助早餐，菜品丰富。	C303
3158	柏曼酒店	地址：鸡东县朝阳街75号（鸡东）。联系电话：199-14130610 / 138-66777301。部分房型可俯瞰城市天际线。酒店内有健身房和洗衣房，住客免费使用。周边 500 米内即是商场与美食街。含自助早餐，菜品丰富。	C303
3159	楠舍宾馆	地址：扬州朝阳街389号（江都）。联系电话：059-23917192。前台多语言服务，支持行李寄存。提供高速 Wi‑Fi 及 24 小时热水。酒店内有健身房和洗衣房，住客免费使用。	C129
3160	丽枫酒店	地址：扬州中心路396号（江都）。联系电话：199-40986316。含自助早餐，菜品丰富。部分房型可俯瞰城市天际线。提供高速 Wi‑Fi 及 24 小时热水。	C129
3161	柏曼精品酒店	地址：扬州迎宾大道222号（江都）。联系电话：183-62723690 / 044-30626838。距车站步行 5 分钟，交通便利。可手机自助入住，无接触开门。部分房型可俯瞰城市天际线。含自助早餐，菜品丰富。	C129
3162	柏曼国际酒店	地址：扬州迎宾大道15号（江都）。联系电话：181-66683341。部分房型可俯瞰城市天际线。客房配备记忆棉床垫，保证舒适睡眠。距车站步行 5 分钟，交通便利。设有地下停车场与充电桩。	C129
3163	月光国际酒店	地址：凤城解放路106号（鸡冠山）。联系电话：134-52304325 / 158-96471286。设有地下停车场与充电桩。提供高速 Wi‑Fi 及 24 小时热水。距车站步行 5 分钟，交通便利。	C013
3164	沐兰精品酒店	地址：凤城朝阳街9号（鸡冠山）。联系电话：045-37536114。提供高速 Wi‑Fi 及 24 小时热水。酒店内有健身房和洗衣房，住客免费使用。	C013
3165	丽枫度假酒店	地址：凤城迎宾大道171号（鸡冠山）。联系电话：183-45145970 / 154-28922609。可手机自助入住，无接触开门。前台多语言服务，支持行李寄存。周边 500 米内即是商场与美食街。酒店内有健身房和洗衣房，住客免费使用。	C013
3166	桔子酒店	地址：凤城中心路97号（鸡冠山）。联系电话：135-75977638 / 133-12094122。周边 500 米内即是商场与美食街。客房配备记忆棉床垫，保证舒适睡眠。提供高速 Wi‑Fi 及 24 小时热水。设有地下停车场与充电桩。	C013
3167	丽枫国际酒店	地址：滦平县解放路375号（金沟屯）。联系电话：193-72491993。周边 500 米内即是商场与美食街。客房配备记忆棉床垫，保证舒适睡眠。提供高速 Wi‑Fi 及 24 小时热水。	C130
3168	璞丽国际酒店	地址：滦平县朝阳街15号（金沟屯）。联系电话：038-35515027。酒店内有健身房和洗衣房，住客免费使用。含自助早餐，菜品丰富。	C130
3169	星程度假酒店	地址：滦平县中心路175号（金沟屯）。联系电话：192-42639336 / 158-15069457。设有地下停车场与充电桩。提供高速 Wi‑Fi 及 24 小时热水。	C130
3170	梅园国际酒店	地址：天津和平路362号（静海）。联系电话：157-65920601 / 026-69389729。含自助早餐，菜品丰富。周边 500 米内即是商场与美食街。部分房型可俯瞰城市天际线。	C082
3171	枫叶精品酒店	地址：天津朝阳街48号（静海）。联系电话：038-49770119 / 155-93537829。客房配备记忆棉床垫，保证舒适睡眠。含自助早餐，菜品丰富。可手机自助入住，无接触开门。	C082
3172	锦江精品酒店	地址：天津中心路53号（静海）。联系电话：034-25420278。酒店内有健身房和洗衣房，住客免费使用。设有地下停车场与充电桩。可手机自助入住，无接触开门。含自助早餐，菜品丰富。	C082
3173	丽枫国际酒店	地址：根河中心路373号（金河）。联系电话：192-38488751 / 021-34680122。含自助早餐，菜品丰富。距车站步行 5 分钟，交通便利。提供高速 Wi‑Fi 及 24 小时热水。	C060
3174	锦江宾馆	地址：根河和平路364号（金河）。联系电话：041-70925579。周边 500 米内即是商场与美食街。前台多语言服务，支持行李寄存。含自助早餐，菜品丰富。可手机自助入住，无接触开门。	C060
3175	楠舍国际酒店	地址：黑河迎宾大道230号（锦河）。联系电话：055-47265159 / 152-26753390。客房配备记忆棉床垫，保证舒适睡眠。提供高速 Wi‑Fi 及 24 小时热水。	C310
3176	悦榕大酒店	地址：黑河解放路392号（锦河）。联系电话：152-18065928 / 048-63318957。距车站步行 5 分钟，交通便利。周边 500 米内即是商场与美食街。前台多语言服务，支持行李寄存。含自助早餐，菜品丰富。	C310
3177	沐兰精品酒店	地址：黑河建设路171号（锦河）。联系电话：036-33837659 / 010-41121948。部分房型可俯瞰城市天际线。周边 500 米内即是商场与美食街。前台多语言服务，支持行李寄存。	C310
3178	枫叶国际酒店	地址：黑河迎宾大道265号（锦河）。联系电话：048-30207516 / 155-20971733。前台多语言服务，支持行李寄存。提供高速 Wi‑Fi 及 24 小时热水。客房配备记忆棉床垫，保证舒适睡眠。含自助早餐，菜品丰富。	C310
3179	沐兰酒店	地址：精河县迎宾大道233号（精河）。联系电话：017-53251558。提供高速 Wi‑Fi 及 24 小时热水。设有地下停车场与充电桩。含自助早餐，菜品丰富。	C049
3180	柏栎国际酒店	地址：精河县人民大道37号（精河）。联系电话：057-31705222。前台多语言服务，支持行李寄存。含自助早餐，菜品丰富。周边 500 米内即是商场与美食街。	C049
3181	璞丽国际酒店	地址：精河县中心路177号（精河）。联系电话：014-24457120。含自助早餐，菜品丰富。前台多语言服务，支持行李寄存。	C049
3182	丽枫度假酒店	地址：精河县朝阳街391号（精河南）。联系电话：134-24363761 / 018-28918615。距车站步行 5 分钟，交通便利。周边 500 米内即是商场与美食街。含自助早餐，菜品丰富。	C049
3183	丽枫国际酒店	地址：精河县迎宾大道8号（精河南）。联系电话：133-96606057。酒店内有健身房和洗衣房，住客免费使用。部分房型可俯瞰城市天际线。前台多语言服务，支持行李寄存。客房配备记忆棉床垫，保证舒适睡眠。	C049
3184	梅园度假酒店	地址：精河县解放路302号（精河南）。联系电话：016-70802154 / 020-71799534。部分房型可俯瞰城市天际线。可手机自助入住，无接触开门。含自助早餐，菜品丰富。	C049
3185	枫叶精品酒店	地址：江华瑶族自治县中心路307号（江华）。联系电话：199-17637164 / 044-84837219。含自助早餐，菜品丰富。可手机自助入住，无接触开门。酒店内有健身房和洗衣房，住客免费使用。	C166
3186	花筑精品酒店	地址：江华瑶族自治县迎宾大道154号（江华）。联系电话：031-54324944 / 184-70333593。设有地下停车场与充电桩。提供高速 Wi‑Fi 及 24 小时热水。距车站步行 5 分钟，交通便利。周边 500 米内即是商场与美食街。	C166
3187	碧桂宾馆	地址：江华瑶族自治县和平路336号（江华）。联系电话：020-21203889。客房配备记忆棉床垫，保证舒适睡眠。可手机自助入住，无接触开门。周边 500 米内即是商场与美食街。	C166
3188	花筑酒店	地址：江华瑶族自治县朝阳街26号（江华）。联系电话：188-46612409。距车站步行 5 分钟，交通便利。设有地下停车场与充电桩。可手机自助入住，无接触开门。客房配备记忆棉床垫，保证舒适睡眠。	C166
3189	柏栎酒店	地址：盐城人民大道257号（建湖）。联系电话：194-62815660。距车站步行 5 分钟，交通便利。酒店内有健身房和洗衣房，住客免费使用。含自助早餐，菜品丰富。可手机自助入住，无接触开门。	C216
3190	月光酒店	地址：盐城解放路26号（建湖）。联系电话：151-88942112 / 158-51218240。设有地下停车场与充电桩。距车站步行 5 分钟，交通便利。客房配备记忆棉床垫，保证舒适睡眠。	C216
3191	楠舍酒店	地址：盐城解放路174号（建湖）。联系电话：048-21727596 / 052-45176756。酒店内有健身房和洗衣房，住客免费使用。部分房型可俯瞰城市天际线。距车站步行 5 分钟，交通便利。	C216
3192	花筑宾馆	地址：盐城中心路378号（建湖）。联系电话：196-42166083。周边 500 米内即是商场与美食街。酒店内有健身房和洗衣房，住客免费使用。	C216
3193	桔子精品酒店	地址：围场满族蒙古族自治县朝阳街152号（纪家沟）。联系电话：185-72630414 / 136-54070350。含自助早餐，菜品丰富。设有地下停车场与充电桩。	C130
3194	璞丽度假酒店	地址：围场满族蒙古族自治县解放路179号（纪家沟）。联系电话：059-63434955。提供高速 Wi‑Fi 及 24 小时热水。客房配备记忆棉床垫，保证舒适睡眠。	C130
3195	梅园酒店	地址：晋江迎宾大道151号（晋江）。联系电话：050-47803417 / 180-38582093。距车站步行 5 分钟，交通便利。客房配备记忆棉床垫，保证舒适睡眠。	C176
3196	云栖宾馆	地址：晋江人民大道70号（晋江）。联系电话：020-54245409 / 157-79769824。客房配备记忆棉床垫，保证舒适睡眠。前台多语言服务，支持行李寄存。距车站步行 5 分钟，交通便利。含自助早餐，菜品丰富。	C176
3197	梅园宾馆	地址：晋江人民大道53号（晋江）。联系电话：134-80630145。距车站步行 5 分钟，交通便利。周边 500 米内即是商场与美食街。部分房型可俯瞰城市天际线。	C176
3198	楠舍精品酒店	地址：晋江迎宾大道396号（晋江）。联系电话：181-89238980。周边 500 米内即是商场与美食街。前台多语言服务，支持行李寄存。酒店内有健身房和洗衣房，住客免费使用。	C176
3199	丽枫度假酒店	地址：神木解放路337号（锦界）。联系电话：043-50011698。客房配备记忆棉床垫，保证舒适睡眠。可手机自助入住，无接触开门。	C162
3200	花筑国际酒店	地址：神木迎宾大道10号（锦界）。联系电话：055-54662952 / 049-41025171。前台多语言服务，支持行李寄存。提供高速 Wi‑Fi 及 24 小时热水。周边 500 米内即是商场与美食街。可手机自助入住，无接触开门。	C162
3201	桔子国际酒店	地址：神木和平路281号（锦界）。联系电话：198-83423975 / 154-79122565。部分房型可俯瞰城市天际线。可手机自助入住，无接触开门。距车站步行 5 分钟，交通便利。	C162
3202	桔子国际酒店	地址：肇东和平路353号（姜家）。联系电话：058-55178928。客房配备记忆棉床垫，保证舒适睡眠。酒店内有健身房和洗衣房，住客免费使用。前台多语言服务，支持行李寄存。距车站步行 5 分钟，交通便利。	C225
3203	沐兰酒店	地址：肇东中心路261号（姜家）。联系电话：028-37973555 / 188-35193181。客房配备记忆棉床垫，保证舒适睡眠。设有地下停车场与充电桩。提供高速 Wi‑Fi 及 24 小时热水。可手机自助入住，无接触开门。	C225
3204	梅园国际酒店	地址：肇东解放路211号（姜家）。联系电话：027-34222721。周边 500 米内即是商场与美食街。客房配备记忆棉床垫，保证舒适睡眠。前台多语言服务，支持行李寄存。含自助早餐，菜品丰富。	C225
3205	锦江大酒店	地址：重庆建设路184号（江津）。联系电话：185-56434482。提供高速 Wi‑Fi 及 24 小时热水。客房配备记忆棉床垫，保证舒适睡眠。酒店内有健身房和洗衣房，住客免费使用。含自助早餐，菜品丰富。	C272
3206	柏栎精品酒店	地址：重庆人民大道210号（江津）。联系电话：185-93971749。酒店内有健身房和洗衣房，住客免费使用。提供高速 Wi‑Fi 及 24 小时热水。前台多语言服务，支持行李寄存。	C272
3207	楠舍国际酒店	地址：重庆中心路375号（江津）。联系电话：056-46496182。部分房型可俯瞰城市天际线。酒店内有健身房和洗衣房，住客免费使用。设有地下停车场与充电桩。	C272
3208	锦江度假酒店	地址：本溪中心路203号（金坑）。联系电话：058-23800235。距车站步行 5 分钟，交通便利。客房配备记忆棉床垫，保证舒适睡眠。提供高速 Wi‑Fi 及 24 小时热水。	C151
3209	悦榕度假酒店	地址：本溪和平路391号（金坑）。联系电话：050-79351591。客房配备记忆棉床垫，保证舒适睡眠。含自助早餐，菜品丰富。部分房型可俯瞰城市天际线。距车站步行 5 分钟，交通便利。	C151
3210	雅致度假酒店	地址：本溪和平路130号（金坑）。联系电话：049-23383335。可手机自助入住，无接触开门。提供高速 Wi‑Fi 及 24 小时热水。	C151
3211	月光国际酒店	地址：本溪解放路103号（金坑）。联系电话：137-99976311 / 020-56340481。酒店内有健身房和洗衣房，住客免费使用。周边 500 米内即是商场与美食街。提供高速 Wi‑Fi 及 24 小时热水。	C151
3212	雅致国际酒店	地址：永昌县中心路318号（芨岭）。联系电话：132-58563652 / 183-53744899。客房配备记忆棉床垫，保证舒适睡眠。距车站步行 5 分钟，交通便利。可手机自助入住，无接触开门。	C274
3213	星程酒店	地址：永昌县和平路321号（芨岭）。联系电话：183-61911219。前台多语言服务，支持行李寄存。含自助早餐，菜品丰富。设有地下停车场与充电桩。	C274
3214	悦榕国际酒店	地址：昆明中心路347号（金马村）。联系电话：157-46743457。距车站步行 5 分钟，交通便利。设有地下停车场与充电桩。前台多语言服务，支持行李寄存。	C142
3215	柏曼大酒店	地址：昆明中心路203号（金马村）。联系电话：181-19604242。周边 500 米内即是商场与美食街。客房配备记忆棉床垫，保证舒适睡眠。前台多语言服务，支持行李寄存。设有地下停车场与充电桩。	C142
3216	柏栎度假酒店	地址：昆明人民大道289号（金马村）。联系电话：046-34553910 / 019-51176632。前台多语言服务，支持行李寄存。含自助早餐，菜品丰富。可手机自助入住，无接触开门。客房配备记忆棉床垫，保证舒适睡眠。	C142
3217	璞丽精品酒店	地址：昆明朝阳街7号（金马村）。联系电话：042-21948249。提供高速 Wi‑Fi 及 24 小时热水。客房配备记忆棉床垫，保证舒适睡眠。含自助早餐，菜品丰富。	C142
3218	雅致精品酒店	地址：江门迎宾大道23号（江门东）。联系电话：050-84232031 / 050-30067152。可手机自助入住，无接触开门。含自助早餐，菜品丰富。前台多语言服务，支持行李寄存。	C170
3219	锦江度假酒店	地址：江门和平路237号（江门东）。联系电话：041-70491233。前台多语言服务，支持行李寄存。客房配备记忆棉床垫，保证舒适睡眠。含自助早餐，菜品丰富。酒店内有健身房和洗衣房，住客免费使用。	C170
3220	梅园大酒店	地址：江门建设路366号（江门东）。联系电话：023-36946158。客房配备记忆棉床垫，保证舒适睡眠。前台多语言服务，支持行李寄存。	C170
3221	柏栎精品酒店	地址：江门中心路352号（江门东）。联系电话：043-32230411。前台多语言服务，支持行李寄存。客房配备记忆棉床垫，保证舒适睡眠。距车站步行 5 分钟，交通便利。	C170
3222	锦江度假酒店	地址：龙海和平路107号（角美）。联系电话：155-39619663。距车站步行 5 分钟，交通便利。周边 500 米内即是商场与美食街。	C201
3223	梅园国际酒店	地址：龙海解放路244号（角美）。联系电话：042-61192908 / 193-97817297。提供高速 Wi‑Fi 及 24 小时热水。设有地下停车场与充电桩。	C201
3224	月光酒店	地址：龙海朝阳街292号（角美）。联系电话：034-25848190。距车站步行 5 分钟，交通便利。提供高速 Wi‑Fi 及 24 小时热水。客房配备记忆棉床垫，保证舒适睡眠。	C201
3225	锦江宾馆	地址：莒南县中心路391号（莒南）。联系电话：155-47161311。前台多语言服务，支持行李寄存。客房配备记忆棉床垫，保证舒适睡眠。	C012
3226	沐兰度假酒店	地址：莒南县迎宾大道388号（莒南）。联系电话：139-83804838 / 183-22454933。可手机自助入住，无接触开门。客房配备记忆棉床垫，保证舒适睡眠。含自助早餐，菜品丰富。	C012
3227	星程度假酒店	地址：莒南县解放路57号（莒南）。联系电话：153-58904947 / 059-63702766。酒店内有健身房和洗衣房，住客免费使用。设有地下停车场与充电桩。	C012
3228	悦榕大酒店	地址：莒南县和平路6号（莒南）。联系电话：156-54522646。提供高速 Wi‑Fi 及 24 小时热水。设有地下停车场与充电桩。	C012
3229	碧桂度假酒店	地址：井陉县朝阳街329号（井南）。联系电话：057-29175513。客房配备记忆棉床垫，保证舒适睡眠。含自助早餐，菜品丰富。	C220
3230	沐兰大酒店	地址：井陉县和平路300号（井南）。联系电话：057-25784907 / 037-54355703。客房配备记忆棉床垫，保证舒适睡眠。提供高速 Wi‑Fi 及 24 小时热水。	C220
3231	楠舍大酒店	地址：建瓯人民大道364号（建瓯）。联系电话：037-65092586 / 192-83394012。距车站步行 5 分钟，交通便利。部分房型可俯瞰城市天际线。	C045
3232	花筑宾馆	地址：建瓯建设路296号（建瓯）。联系电话：184-78482765 / 152-51237285。周边 500 米内即是商场与美食街。前台多语言服务，支持行李寄存。可手机自助入住，无接触开门。	C045
3233	柏曼宾馆	地址：克什克腾旗建设路353号（经棚）。联系电话：013-28618135 / 189-45711297。距车站步行 5 分钟，交通便利。提供高速 Wi‑Fi 及 24 小时热水。可手机自助入住，无接触开门。设有地下停车场与充电桩。	C253
3234	柏曼宾馆	地址：克什克腾旗中心路330号（经棚）。联系电话：021-40296764。可手机自助入住，无接触开门。前台多语言服务，支持行李寄存。	C253
3235	悦榕精品酒店	地址：泰来县中心路286号（江桥）。联系电话：012-74483672。可手机自助入住，无接触开门。周边 500 米内即是商场与美食街。提供高速 Wi‑Fi 及 24 小时热水。酒店内有健身房和洗衣房，住客免费使用。	C314
3236	沐兰精品酒店	地址：泰来县解放路357号（江桥）。联系电话：199-78612450。部分房型可俯瞰城市天际线。距车站步行 5 分钟，交通便利。酒店内有健身房和洗衣房，住客免费使用。前台多语言服务，支持行李寄存。	C314
3237	枫叶精品酒店	地址：嫩江县中心路299号（九三）。联系电话：197-85816607 / 034-53606406。距车站步行 5 分钟，交通便利。客房配备记忆棉床垫，保证舒适睡眠。酒店内有健身房和洗衣房，住客免费使用。	C310
3238	星程度假酒店	地址：嫩江县和平路241号（九三）。联系电话：195-45108444 / 191-53565509。前台多语言服务，支持行李寄存。提供高速 Wi‑Fi 及 24 小时热水。设有地下停车场与充电桩。	C310
3239	璞丽酒店	地址：嫩江县解放路369号（九三）。联系电话：185-82789033 / 027-24981103。设有地下停车场与充电桩。含自助早餐，菜品丰富。	C310
3240	月光度假酒店	地址：上海中心路39号（金山北）。联系电话：156-28361712 / 192-27124283。可手机自助入住，无接触开门。含自助早餐，菜品丰富。	C005
3241	悦榕精品酒店	地址：上海朝阳街282号（金山北）。联系电话：018-42841845。前台多语言服务，支持行李寄存。提供高速 Wi‑Fi 及 24 小时热水。距车站步行 5 分钟，交通便利。设有地下停车场与充电桩。	C005
3242	枫叶国际酒店	地址：建始县人民大道44号（建始）。联系电话：130-51439055。前台多语言服务，支持行李寄存。提供高速 Wi‑Fi 及 24 小时热水。可手机自助入住，无接触开门。含自助早餐，菜品丰富。	C126
3243	月光大酒店	地址：建始县朝阳街346号（建始）。联系电话：027-65089419 / 033-31375447。距车站步行 5 分钟，交通便利。提供高速 Wi‑Fi 及 24 小时热水。酒店内有健身房和洗衣房，住客免费使用。	C126
3244	楠舍宾馆	地址：建始县人民大道212号（建始）。联系电话：184-41344859。距车站步行 5 分钟，交通便利。客房配备记忆棉床垫，保证舒适睡眠。	C126
3245	云栖大酒店	地址：嘉兴朝阳街398号（嘉善）。联系电话：197-93943437。周边 500 米内即是商场与美食街。酒店内有健身房和洗衣房，住客免费使用。含自助早餐，菜品丰富。	C071
3246	丽枫精品酒店	地址：嘉兴建设路26号（嘉善）。联系电话：034-53771773 / 013-81541517。周边 500 米内即是商场与美食街。设有地下停车场与充电桩。提供高速 Wi‑Fi 及 24 小时热水。	C071
3247	柏栎国际酒店	地址：京山县迎宾大道357号（京山）。联系电话：046-78642356。周边 500 米内即是商场与美食街。含自助早餐，菜品丰富。可手机自助入住，无接触开门。	C234
3248	梅园宾馆	地址：京山县建设路352号（京山）。联系电话：153-41368979 / 044-44305579。酒店内有健身房和洗衣房，住客免费使用。前台多语言服务，支持行李寄存。	C234
3249	枫叶大酒店	地址：京山县建设路53号（京山）。联系电话：180-91304211 / 016-88912928。部分房型可俯瞰城市天际线。酒店内有健身房和洗衣房，住客免费使用。	C234
3250	锦江宾馆	地址：京山县解放路399号（京山）。联系电话：153-19960586 / 023-59847255。含自助早餐，菜品丰富。前台多语言服务，支持行李寄存。周边 500 米内即是商场与美食街。	C234
3251	沐兰酒店	地址：稷山县建设路185号（稷山）。联系电话：019-34270354。距车站步行 5 分钟，交通便利。前台多语言服务，支持行李寄存。	C257
3252	雅致酒店	地址：稷山县中心路46号（稷山）。联系电话：029-77208946。设有地下停车场与充电桩。含自助早餐，菜品丰富。	C257
3253	楠舍酒店	地址：稷山县解放路365号（稷山）。联系电话：196-71660325。客房配备记忆棉床垫，保证舒适睡眠。部分房型可俯瞰城市天际线。	C257
3254	花筑国际酒店	地址：稷山县解放路330号（稷山）。联系电话：194-22897326。酒店内有健身房和洗衣房，住客免费使用。距车站步行 5 分钟，交通便利。部分房型可俯瞰城市天际线。客房配备记忆棉床垫，保证舒适睡眠。	C257
3255	枫叶度假酒店	地址：舒兰和平路101号（吉舒）。联系电话：043-74488388。距车站步行 5 分钟，交通便利。可手机自助入住，无接触开门。	C055
3256	碧桂酒店	地址：舒兰人民大道151号（吉舒）。联系电话：020-49623981。设有地下停车场与充电桩。酒店内有健身房和洗衣房，住客免费使用。周边 500 米内即是商场与美食街。	C055
3257	柏曼精品酒店	地址：舒兰人民大道153号（吉舒）。联系电话：057-40221760。部分房型可俯瞰城市天际线。周边 500 米内即是商场与美食街。	C055
3258	锦江大酒店	地址：舒兰和平路314号（吉舒）。联系电话：192-47972378。设有地下停车场与充电桩。部分房型可俯瞰城市天际线。含自助早餐，菜品丰富。	C055
3259	璞丽度假酒店	地址：大安人民大道211号（建设）。联系电话：016-70193119 / 183-49745857。周边 500 米内即是商场与美食街。提供高速 Wi‑Fi 及 24 小时热水。	C211
3260	月光大酒店	地址：大安迎宾大道146号（建设）。联系电话：138-70279851。可手机自助入住，无接触开门。设有地下停车场与充电桩。提供高速 Wi‑Fi 及 24 小时热水。部分房型可俯瞰城市天际线。	C211
3261	沐兰度假酒店	地址：大安迎宾大道177号（建设）。联系电话：017-55664996。客房配备记忆棉床垫，保证舒适睡眠。设有地下停车场与充电桩。周边 500 米内即是商场与美食街。提供高速 Wi‑Fi 及 24 小时热水。	C211
3262	锦江国际酒店	地址：承德县解放路28号（甲山）。联系电话：031-67549436。周边 500 米内即是商场与美食街。前台多语言服务，支持行李寄存。	C130
3263	星程大酒店	地址：承德县和平路362号（甲山）。联系电话：042-25876152 / 030-41655326。含自助早餐，菜品丰富。部分房型可俯瞰城市天际线。设有地下停车场与充电桩。	C130
3264	楠舍大酒店	地址：承德县建设路29号（甲山）。联系电话：033-69915009。客房配备记忆棉床垫，保证舒适睡眠。周边 500 米内即是商场与美食街。含自助早餐，菜品丰富。	C130
3265	沐兰宾馆	地址：承德县中心路77号（甲山）。联系电话：021-87048337。可手机自助入住，无接触开门。周边 500 米内即是商场与美食街。	C130
3266	沐兰精品酒店	地址：富锦和平路365号（建三江）。联系电话：136-65835273。距车站步行 5 分钟，交通便利。设有地下停车场与充电桩。周边 500 米内即是商场与美食街。	C026
3267	枫叶精品酒店	地址：富锦中心路21号（建三江）。联系电话：131-58177911。距车站步行 5 分钟，交通便利。含自助早餐，菜品丰富。	C026
3268	枫叶酒店	地址：嘉兴朝阳街6号（嘉善南）。联系电话：013-54326231 / 046-20496308。酒店内有健身房和洗衣房，住客免费使用。设有地下停车场与充电桩。距车站步行 5 分钟，交通便利。	C071
3269	云栖大酒店	地址：嘉兴和平路333号（嘉善南）。联系电话：158-97539904 / 130-35103162。设有地下停车场与充电桩。可手机自助入住，无接触开门。	C071
3270	沐兰度假酒店	地址：伊春人民大道144号（金山屯）。联系电话：197-25593366。周边 500 米内即是商场与美食街。提供高速 Wi‑Fi 及 24 小时热水。酒店内有健身房和洗衣房，住客免费使用。距车站步行 5 分钟，交通便利。	C023
3271	柏栎精品酒店	地址：伊春建设路236号（金山屯）。联系电话：038-82630092 / 182-32103037。酒店内有健身房和洗衣房，住客免费使用。部分房型可俯瞰城市天际线。客房配备记忆棉床垫，保证舒适睡眠。设有地下停车场与充电桩。	C023
3272	柏栎大酒店	地址：伊春解放路155号（金山屯）。联系电话：057-44134853。设有地下停车场与充电桩。客房配备记忆棉床垫，保证舒适睡眠。可手机自助入住，无接触开门。周边 500 米内即是商场与美食街。	C023
3273	碧桂宾馆	地址：罗平县中心路278号（江所田）。联系电话：152-57541664。前台多语言服务，支持行李寄存。周边 500 米内即是商场与美食街。	C148
3274	桔子大酒店	地址：罗平县朝阳街89号（江所田）。联系电话：029-30655580。客房配备记忆棉床垫，保证舒适睡眠。前台多语言服务，支持行李寄存。	C148
3275	悦榕宾馆	地址：罗平县迎宾大道314号（江所田）。联系电话：133-16054555。前台多语言服务，支持行李寄存。含自助早餐，菜品丰富。	C148
3276	悦榕精品酒店	地址：罗平县迎宾大道396号（江所田）。联系电话：025-72546365 / 041-72614167。可手机自助入住，无接触开门。酒店内有健身房和洗衣房，住客免费使用。周边 500 米内即是商场与美食街。	C148
3277	沐兰酒店	地址：景泰县和平路127号（景泰）。联系电话：134-62285925 / 158-66688542。周边 500 米内即是商场与美食街。可手机自助入住，无接触开门。含自助早餐，菜品丰富。酒店内有健身房和洗衣房，住客免费使用。	C213
3278	月光精品酒店	地址：景泰县中心路248号（景泰）。联系电话：049-62275131 / 131-49722220。前台多语言服务，支持行李寄存。设有地下停车场与充电桩。酒店内有健身房和洗衣房，住客免费使用。	C213
3279	沐兰精品酒店	地址：景泰县人民大道328号（景泰）。联系电话：055-64295578。周边 500 米内即是商场与美食街。提供高速 Wi‑Fi 及 24 小时热水。设有地下停车场与充电桩。可手机自助入住，无接触开门。	C213
3280	星程国际酒店	地址：景泰县和平路45号（景泰）。联系电话：184-47268188。部分房型可俯瞰城市天际线。设有地下停车场与充电桩。	C213
3281	柏栎酒店	地址：长春人民大道319号（九台南）。联系电话：013-87359569。可手机自助入住，无接触开门。含自助早餐，菜品丰富。设有地下停车场与充电桩。	C283
3282	丽枫国际酒店	地址：长春解放路355号（九台南）。联系电话：152-52808341。周边 500 米内即是商场与美食街。距车站步行 5 分钟，交通便利。部分房型可俯瞰城市天际线。酒店内有健身房和洗衣房，住客免费使用。	C283
3283	柏曼精品酒店	地址：鄂伦春自治旗迎宾大道160号（吉文）。联系电话：057-28060739 / 034-80514882。部分房型可俯瞰城市天际线。前台多语言服务，支持行李寄存。距车站步行 5 分钟，交通便利。设有地下停车场与充电桩。	C060
3284	楠舍国际酒店	地址：鄂伦春自治旗中心路286号（吉文）。联系电话：015-28409108 / 191-53875981。可手机自助入住，无接触开门。含自助早餐，菜品丰富。	C060
3285	沐兰精品酒店	地址：鄂伦春自治旗和平路109号（吉文）。联系电话：018-74134412。前台多语言服务，支持行李寄存。可手机自助入住，无接触开门。	C060
3286	柏曼度假酒店	地址：鄂伦春自治旗解放路28号（吉文）。联系电话：190-87972496 / 049-62984924。含自助早餐，菜品丰富。提供高速 Wi‑Fi 及 24 小时热水。客房配备记忆棉床垫，保证舒适睡眠。	C060
3287	柏栎精品酒店	地址：进贤县人民大道369号（进贤）。联系电话：033-37128967 / 189-17197165。距车站步行 5 分钟，交通便利。设有地下停车场与充电桩。前台多语言服务，支持行李寄存。	C046
3288	丽枫酒店	地址：进贤县人民大道371号（进贤）。联系电话：194-13412043 / 057-67134417。提供高速 Wi‑Fi 及 24 小时热水。含自助早餐，菜品丰富。设有地下停车场与充电桩。	C046
3289	月光宾馆	地址：进贤县建设路191号（进贤）。联系电话：184-19068223。前台多语言服务，支持行李寄存。可手机自助入住，无接触开门。提供高速 Wi‑Fi 及 24 小时热水。周边 500 米内即是商场与美食街。	C046
3290	梅园精品酒店	地址：进贤县人民大道337号（进贤）。联系电话：190-74672651。前台多语言服务，支持行李寄存。部分房型可俯瞰城市天际线。周边 500 米内即是商场与美食街。	C046
3291	月光宾馆	地址：莒县建设路277号（莒县）。联系电话：052-46263084 / 049-58261754。周边 500 米内即是商场与美食街。提供高速 Wi‑Fi 及 24 小时热水。	C141
3292	楠舍精品酒店	地址：莒县中心路247号（莒县）。联系电话：023-68682112。设有地下停车场与充电桩。提供高速 Wi‑Fi 及 24 小时热水。前台多语言服务，支持行李寄存。	C141
3293	梅园国际酒店	地址：嘉祥县人民大道29号（嘉祥）。联系电话：024-68866076 / 190-33011839。可手机自助入住，无接触开门。前台多语言服务，支持行李寄存。客房配备记忆棉床垫，保证舒适睡眠。酒店内有健身房和洗衣房，住客免费使用。	C181
3294	柏曼宾馆	地址：嘉祥县中心路285号（嘉祥）。联系电话：051-59780342 / 182-30350507。设有地下停车场与充电桩。客房配备记忆棉床垫，保证舒适睡眠。酒店内有健身房和洗衣房，住客免费使用。含自助早餐，菜品丰富。	C181
3295	沐兰酒店	地址：介休中心路316号（介休）。联系电话：139-93785589。距车站步行 5 分钟，交通便利。部分房型可俯瞰城市天际线。可手机自助入住，无接触开门。设有地下停车场与充电桩。	C145
3296	枫叶宾馆	地址：介休朝阳街189号（介休）。联系电话：158-13232060。部分房型可俯瞰城市天际线。可手机自助入住，无接触开门。	C145
3297	星程国际酒店	地址：介休迎宾大道131号（介休）。联系电话：044-45880415 / 136-63506559。前台多语言服务，支持行李寄存。周边 500 米内即是商场与美食街。可手机自助入住，无接触开门。客房配备记忆棉床垫，保证舒适睡眠。	C145
3298	月光酒店	地址：嘉兴建设路177号（嘉兴）。联系电话：044-37576615。可手机自助入住，无接触开门。客房配备记忆棉床垫，保证舒适睡眠。部分房型可俯瞰城市天际线。酒店内有健身房和洗衣房，住客免费使用。	C071
3299	枫叶国际酒店	地址：嘉兴人民大道233号（嘉兴）。联系电话：154-76587043 / 153-86908528。部分房型可俯瞰城市天际线。可手机自助入住，无接触开门。设有地下停车场与充电桩。提供高速 Wi‑Fi 及 24 小时热水。	C071
3300	碧桂酒店	地址：井陉县和平路44号（井陉）。联系电话：025-78996805 / 138-41074224。酒店内有健身房和洗衣房，住客免费使用。客房配备记忆棉床垫，保证舒适睡眠。含自助早餐，菜品丰富。	C220
3301	云栖国际酒店	地址：井陉县解放路339号（井陉）。联系电话：189-25679821。距车站步行 5 分钟，交通便利。酒店内有健身房和洗衣房，住客免费使用。	C220
3302	花筑宾馆	地址：嘉兴解放路363号（嘉兴南）。联系电话：190-75534452。提供高速 Wi‑Fi 及 24 小时热水。可手机自助入住，无接触开门。	C071
3303	碧桂宾馆	地址：嘉兴朝阳街365号（嘉兴南）。联系电话：157-56484328 / 183-57575032。酒店内有健身房和洗衣房，住客免费使用。设有地下停车场与充电桩。	C071
3304	星程度假酒店	地址：嘉兴人民大道95号（嘉兴南）。联系电话：046-28436759 / 045-34254203。可手机自助入住，无接触开门。前台多语言服务，支持行李寄存。酒店内有健身房和洗衣房，住客免费使用。部分房型可俯瞰城市天际线。	C071
3305	星程国际酒店	地址：大连迎宾大道215号（夹心子）。联系电话：017-76999784。距车站步行 5 分钟，交通便利。含自助早餐，菜品丰富。设有地下停车场与充电桩。	C080
3306	桔子大酒店	地址：大连中心路6号（夹心子）。联系电话：025-21748388。含自助早餐，菜品丰富。可手机自助入住，无接触开门。客房配备记忆棉床垫，保证舒适睡眠。	C080
3307	月光酒店	地址：大连解放路74号（夹心子）。联系电话：047-67904970 / 059-59882156。客房配备记忆棉床垫，保证舒适睡眠。距车站步行 5 分钟，交通便利。含自助早餐，菜品丰富。酒店内有健身房和洗衣房，住客免费使用。	C080
3308	锦江酒店	地址：简阳和平路388号（简阳）。联系电话：155-18528888。提供高速 Wi‑Fi 及 24 小时热水。设有地下停车场与充电桩。	C128
3309	碧桂酒店	地址：简阳朝阳街84号（简阳）。联系电话：055-62065333 / 014-40162021。周边 500 米内即是商场与美食街。可手机自助入住，无接触开门。	C128
3310	梅园精品酒店	地址：简阳迎宾大道302号（简阳）。联系电话：056-54660692。设有地下停车场与充电桩。含自助早餐，菜品丰富。提供高速 Wi‑Fi 及 24 小时热水。	C128
3311	碧桂国际酒店	地址：简阳中心路369号（简阳）。联系电话：155-39823193。前台多语言服务，支持行李寄存。酒店内有健身房和洗衣房，住客免费使用。部分房型可俯瞰城市天际线。	C128
3312	丽枫宾馆	地址：揭阳建设路159号（揭阳）。联系电话：051-24701226 / 185-94369171。含自助早餐，菜品丰富。提供高速 Wi‑Fi 及 24 小时热水。设有地下停车场与充电桩。可手机自助入住，无接触开门。	C134
3313	星程国际酒店	地址：揭阳迎宾大道313号（揭阳）。联系电话：154-19676945 / 199-74558108。可手机自助入住，无接触开门。距车站步行 5 分钟，交通便利。提供高速 Wi‑Fi 及 24 小时热水。	C134
3314	锦江精品酒店	地址：揭阳中心路199号（揭阳）。联系电话：189-45235549 / 049-44500902。前台多语言服务，支持行李寄存。可手机自助入住，无接触开门。	C134
3315	沐兰酒店	地址：揭阳朝阳街201号（揭阳）。联系电话：033-29694176。部分房型可俯瞰城市天际线。周边 500 米内即是商场与美食街。前台多语言服务，支持行李寄存。	C134
3316	星程酒店	地址：泰州和平路369号（姜堰）。联系电话：039-49426358。酒店内有健身房和洗衣房，住客免费使用。周边 500 米内即是商场与美食街。提供高速 Wi‑Fi 及 24 小时热水。前台多语言服务，支持行李寄存。	C178
3317	星程精品酒店	地址：泰州建设路89号（姜堰）。联系电话：022-55292344 / 020-48438249。前台多语言服务，支持行李寄存。周边 500 米内即是商场与美食街。提供高速 Wi‑Fi 及 24 小时热水。	C178
3318	锦江酒店	地址：泰州中心路232号（姜堰）。联系电话：035-68158777 / 058-24085575。部分房型可俯瞰城市天际线。客房配备记忆棉床垫，保证舒适睡眠。	C178
3319	柏栎酒店	地址：泰州中心路287号（姜堰）。联系电话：182-96691621。周边 500 米内即是商场与美食街。部分房型可俯瞰城市天际线。酒店内有健身房和洗衣房，住客免费使用。	C178
3320	碧桂宾馆	地址：南平中心路352号（建阳）。联系电话：132-77339101 / 199-66202924。提供高速 Wi‑Fi 及 24 小时热水。含自助早餐，菜品丰富。周边 500 米内即是商场与美食街。	C045
3321	桔子国际酒店	地址：南平中心路186号（建阳）。联系电话：020-80611096。酒店内有健身房和洗衣房，住客免费使用。提供高速 Wi‑Fi 及 24 小时热水。	C045
3322	星程度假酒店	地址：南平迎宾大道121号（建阳）。联系电话：030-35592661。周边 500 米内即是商场与美食街。可手机自助入住，无接触开门。前台多语言服务，支持行李寄存。	C045
3323	沐兰度假酒店	地址：巨野县朝阳街154号（巨野）。联系电话：017-58072920 / 132-95113745。可手机自助入住，无接触开门。部分房型可俯瞰城市天际线。前台多语言服务，支持行李寄存。	C236
3324	枫叶精品酒店	地址：巨野县朝阳街110号（巨野）。联系电话：154-45279748。含自助早餐，菜品丰富。可手机自助入住，无接触开门。	C236
3325	悦榕宾馆	地址：巨野县中心路370号（巨野）。联系电话：046-33748413。可手机自助入住，无接触开门。部分房型可俯瞰城市天际线。	C236
3326	丽枫宾馆	地址：巨野县朝阳街126号（巨野）。联系电话：041-69585093 / 183-23875850。部分房型可俯瞰城市天际线。提供高速 Wi‑Fi 及 24 小时热水。设有地下停车场与充电桩。前台多语言服务，支持行李寄存。	C236
3327	柏栎精品酒店	地址：江永县建设路324号（江永）。联系电话：197-91777337。含自助早餐，菜品丰富。前台多语言服务，支持行李寄存。酒店内有健身房和洗衣房，住客免费使用。	C166
3328	锦江国际酒店	地址：江永县解放路100号（江永）。联系电话：136-98476738。客房配备记忆棉床垫，保证舒适睡眠。酒店内有健身房和洗衣房，住客免费使用。	C166
3329	璞丽国际酒店	地址：江永县和平路300号（江永）。联系电话：135-85512052 / 130-36415057。含自助早餐，菜品丰富。前台多语言服务，支持行李寄存。设有地下停车场与充电桩。	C166
3330	枫叶精品酒店	地址：江永县迎宾大道165号（江永）。联系电话：181-69987055。含自助早餐，菜品丰富。提供高速 Wi‑Fi 及 24 小时热水。	C166
3331	柏栎国际酒店	地址：缙云县迎宾大道75号（缙云）。联系电话：051-49155015。前台多语言服务，支持行李寄存。酒店内有健身房和洗衣房，住客免费使用。含自助早餐，菜品丰富。周边 500 米内即是商场与美食街。	C014
3332	枫叶宾馆	地址：缙云县和平路378号（缙云）。联系电话：157-49887688 / 055-41654671。客房配备记忆棉床垫，保证舒适睡眠。可手机自助入住，无接触开门。	C014
3333	星程酒店	地址：靖远县人民大道48号（靖远）。联系电话：019-28827888 / 198-94358680。含自助早餐，菜品丰富。提供高速 Wi‑Fi 及 24 小时热水。设有地下停车场与充电桩。酒店内有健身房和洗衣房，住客免费使用。	C213
3334	丽枫国际酒店	地址：靖远县和平路166号（靖远）。联系电话：044-46724562 / 137-90252857。设有地下停车场与充电桩。部分房型可俯瞰城市天际线。前台多语言服务，支持行李寄存。客房配备记忆棉床垫，保证舒适睡眠。	C213
3335	枫叶酒店	地址：白山和平路132号（江源）。联系电话：030-82814211 / 193-66308572。设有地下停车场与充电桩。含自助早餐，菜品丰富。酒店内有健身房和洗衣房，住客免费使用。可手机自助入住，无接触开门。	C212
3336	雅致宾馆	地址：白山朝阳街61号（江源）。联系电话：189-93570004 / 044-32753309。周边 500 米内即是商场与美食街。酒店内有健身房和洗衣房，住客免费使用。设有地下停车场与充电桩。	C212
3337	月光国际酒店	地址：白山中心路248号（江源）。联系电话：186-40766349。设有地下停车场与充电桩。距车站步行 5 分钟，交通便利。	C212
3338	碧桂度假酒店	地址：济源朝阳街232号（济源）。联系电话：185-16238668。酒店内有健身房和洗衣房，住客免费使用。距车站步行 5 分钟，交通便利。客房配备记忆棉床垫，保证舒适睡眠。前台多语言服务，支持行李寄存。	C318
3339	枫叶宾馆	地址：济源中心路273号（济源）。联系电话：157-94655481 / 059-53796721。周边 500 米内即是商场与美食街。含自助早餐，菜品丰富。设有地下停车场与充电桩。	C318
3340	桔子酒店	地址：济源朝阳街272号（济源）。联系电话：196-10926208 / 198-76121739。含自助早餐，菜品丰富。设有地下停车场与充电桩。提供高速 Wi‑Fi 及 24 小时热水。可手机自助入住，无接触开门。	C318
3341	月光精品酒店	地址：靖远县和平路35号（靖远西）。联系电话：023-58336497。设有地下停车场与充电桩。含自助早餐，菜品丰富。	C213
3342	月光精品酒店	地址：靖远县和平路303号（靖远西）。联系电话：182-23566703。周边 500 米内即是商场与美食街。酒店内有健身房和洗衣房，住客免费使用。客房配备记忆棉床垫，保证舒适睡眠。部分房型可俯瞰城市天际线。	C213
3343	沐兰大酒店	地址：靖远县解放路11号（靖远西）。联系电话：135-44307059 / 020-68707488。部分房型可俯瞰城市天际线。酒店内有健身房和洗衣房，住客免费使用。周边 500 米内即是商场与美食街。	C213
3344	沐兰酒店	地址：胶州迎宾大道189号（胶州北）。联系电话：192-85909106 / 185-58093594。前台多语言服务，支持行李寄存。周边 500 米内即是商场与美食街。距车站步行 5 分钟，交通便利。可手机自助入住，无接触开门。	C297
3345	沐兰大酒店	地址：胶州迎宾大道213号（胶州北）。联系电话：038-60334058 / 048-41938234。客房配备记忆棉床垫，保证舒适睡眠。含自助早餐，菜品丰富。设有地下停车场与充电桩。距车站步行 5 分钟，交通便利。	C297
3346	悦榕精品酒店	地址：胶州中心路130号（胶州北）。联系电话：156-49936360。距车站步行 5 分钟，交通便利。部分房型可俯瞰城市天际线。可手机自助入住，无接触开门。酒店内有健身房和洗衣房，住客免费使用。	C297
3347	桔子宾馆	地址：武陟县人民大道320号（焦作东）。联系电话：021-38627205。周边 500 米内即是商场与美食街。距车站步行 5 分钟，交通便利。前台多语言服务，支持行李寄存。酒店内有健身房和洗衣房，住客免费使用。	C206
3348	柏曼酒店	地址：武陟县朝阳街56号（焦作东）。联系电话：010-84233807 / 159-59292759。酒店内有健身房和洗衣房，住客免费使用。含自助早餐，菜品丰富。	C206
3349	沐兰宾馆	地址：武陟县人民大道321号（焦作东）。联系电话：019-79178814 / 192-53714481。酒店内有健身房和洗衣房，住客免费使用。提供高速 Wi‑Fi 及 24 小时热水。	C206
3350	碧桂宾馆	地址：武陟县建设路303号（焦作东）。联系电话：153-67679132 / 023-24379429。设有地下停车场与充电桩。距车站步行 5 分钟，交通便利。部分房型可俯瞰城市天际线。	C206
3351	雅致大酒店	地址：金寨县人民大道119号（金寨）。联系电话：133-99601104。距车站步行 5 分钟，交通便利。含自助早餐，菜品丰富。	C032
3352	悦榕宾馆	地址：金寨县朝阳街92号（金寨）。联系电话：132-28288655。可手机自助入住，无接触开门。酒店内有健身房和洗衣房，住客免费使用。距车站步行 5 分钟，交通便利。	C032
3353	楠舍酒店	地址：荆州建设路311号（荆州）。联系电话：052-29409801 / 011-41271206。提供高速 Wi‑Fi 及 24 小时热水。客房配备记忆棉床垫，保证舒适睡眠。含自助早餐，菜品丰富。	C233
3354	月光精品酒店	地址：荆州迎宾大道37号（荆州）。联系电话：055-64762587。含自助早餐，菜品丰富。客房配备记忆棉床垫，保证舒适睡眠。提供高速 Wi‑Fi 及 24 小时热水。周边 500 米内即是商场与美食街。	C233
3355	丽枫宾馆	地址：天津朝阳街220号（蓟州）。联系电话：198-94289665 / 187-44522428。距车站步行 5 分钟，交通便利。客房配备记忆棉床垫，保证舒适睡眠。含自助早餐，菜品丰富。	C082
3356	云栖宾馆	地址：天津朝阳街54号（蓟州）。联系电话：181-97835600 / 158-62478845。酒店内有健身房和洗衣房，住客免费使用。周边 500 米内即是商场与美食街。设有地下停车场与充电桩。	C082
3357	雅致度假酒店	地址：天津建设路286号（蓟州）。联系电话：059-58434834 / 130-41680656。含自助早餐，菜品丰富。提供高速 Wi‑Fi 及 24 小时热水。	C082
3358	雅致精品酒店	地址：怀化解放路189号（靖州）。联系电话：132-90907730 / 056-63039039。设有地下停车场与充电桩。距车站步行 5 分钟，交通便利。酒店内有健身房和洗衣房，住客免费使用。客房配备记忆棉床垫，保证舒适睡眠。	C125
3359	梅园宾馆	地址：怀化中心路222号（靖州）。联系电话：042-63285365。部分房型可俯瞰城市天际线。前台多语言服务，支持行李寄存。	C125
3360	花筑宾馆	地址：怀化和平路319号（靖州）。联系电话：181-22188338 / 189-64989872。部分房型可俯瞰城市天际线。距车站步行 5 分钟，交通便利。前台多语言服务，支持行李寄存。	C125
3361	月光度假酒店	地址：胶州迎宾大道111号（胶州）。联系电话：057-51636046。酒店内有健身房和洗衣房，住客免费使用。客房配备记忆棉床垫，保证舒适睡眠。前台多语言服务，支持行李寄存。部分房型可俯瞰城市天际线。	C297
3362	柏栎精品酒店	地址：胶州建设路307号（胶州）。联系电话：153-75804535 / 037-65937796。周边 500 米内即是商场与美食街。含自助早餐，菜品丰富。	C297
3363	碧桂大酒店	地址：晋州和平路94号（晋州）。联系电话：020-64329236。部分房型可俯瞰城市天际线。距车站步行 5 分钟，交通便利。	C220
3364	锦江度假酒店	地址：晋州和平路127号（晋州）。联系电话：132-21247838 / 152-91236060。部分房型可俯瞰城市天际线。含自助早餐，菜品丰富。可手机自助入住，无接触开门。	C220
3365	碧桂度假酒店	地址：晋州解放路19号（晋州）。联系电话：029-35964987 / 153-95569982。距车站步行 5 分钟，交通便利。部分房型可俯瞰城市天际线。	C220
3366	柏曼宾馆	地址：晋州迎宾大道280号（晋州）。联系电话：029-47428172。提供高速 Wi‑Fi 及 24 小时热水。前台多语言服务，支持行李寄存。可手机自助入住，无接触开门。酒店内有健身房和洗衣房，住客免费使用。	C220
3367	花筑精品酒店	地址：开原人民大道289号（锦州南）。联系电话：192-57637478。酒店内有健身房和洗衣房，住客免费使用。客房配备记忆棉床垫，保证舒适睡眠。设有地下停车场与充电桩。距车站步行 5 分钟，交通便利。	C276
3368	梅园度假酒店	地址：开原建设路312号（锦州南）。联系电话：029-34601906 / 022-26805093。可手机自助入住，无接触开门。含自助早餐，菜品丰富。客房配备记忆棉床垫，保证舒适睡眠。	C276
3369	枫叶大酒店	地址：焦作和平路342号（焦作）。联系电话：188-32182231 / 059-73029600。可手机自助入住，无接触开门。含自助早餐，菜品丰富。	C206
3370	悦榕精品酒店	地址：焦作解放路92号（焦作）。联系电话：011-57353905 / 134-39479893。周边 500 米内即是商场与美食街。距车站步行 5 分钟，交通便利。可手机自助入住，无接触开门。提供高速 Wi‑Fi 及 24 小时热水。	C206
3371	星程酒店	地址：焦作人民大道60号（焦作）。联系电话：056-84148570。提供高速 Wi‑Fi 及 24 小时热水。客房配备记忆棉床垫，保证舒适睡眠。酒店内有健身房和洗衣房，住客免费使用。	C206
3372	雅致精品酒店	地址：怀来县迎宾大道314号（旧庄窝）。联系电话：186-37107972。客房配备记忆棉床垫，保证舒适睡眠。部分房型可俯瞰城市天际线。	C118
3373	锦江大酒店	地址：怀来县解放路106号（旧庄窝）。联系电话：059-62034608。设有地下停车场与充电桩。可手机自助入住，无接触开门。酒店内有健身房和洗衣房，住客免费使用。	C118
3374	月光大酒店	地址：怀来县人民大道157号（旧庄窝）。联系电话：190-98970534。酒店内有健身房和洗衣房，住客免费使用。周边 500 米内即是商场与美食街。部分房型可俯瞰城市天际线。	C118
3375	梅园大酒店	地址：怀来县朝阳街153号（旧庄窝）。联系电话：192-85494806。可手机自助入住，无接触开门。周边 500 米内即是商场与美食街。距车站步行 5 分钟，交通便利。提供高速 Wi‑Fi 及 24 小时热水。	C118
3376	锦江度假酒店	地址：喀喇沁左翼蒙古族自治县迎宾大道393号（金杖子）。联系电话：040-55072997。距车站步行 5 分钟，交通便利。可手机自助入住，无接触开门。周边 500 米内即是商场与美食街。	C150
3377	柏栎度假酒店	地址：喀喇沁左翼蒙古族自治县解放路251号（金杖子）。联系电话：153-98669431 / 189-82802894。酒店内有健身房和洗衣房，住客免费使用。设有地下停车场与充电桩。周边 500 米内即是商场与美食街。	C150
3378	星程精品酒店	地址：农安县朝阳街202号（开安）。联系电话：059-34982267 / 159-45284542。周边 500 米内即是商场与美食街。酒店内有健身房和洗衣房，住客免费使用。客房配备记忆棉床垫，保证舒适睡眠。	C283
3379	月光度假酒店	地址：农安县朝阳街223号（开安）。联系电话：199-32866637 / 014-74427694。前台多语言服务，支持行李寄存。距车站步行 5 分钟，交通便利。周边 500 米内即是商场与美食街。部分房型可俯瞰城市天际线。	C283
3380	璞丽度假酒店	地址：农安县中心路318号（开安）。联系电话：186-25329855 / 199-59543575。周边 500 米内即是商场与美食街。设有地下停车场与充电桩。距车站步行 5 分钟，交通便利。	C283
3381	锦江国际酒店	地址：库车县中心路59号（库车）。联系电话：039-23554581。客房配备记忆棉床垫，保证舒适睡眠。周边 500 米内即是商场与美食街。部分房型可俯瞰城市天际线。酒店内有健身房和洗衣房，住客免费使用。	C291
3382	悦榕大酒店	地址：库车县朝阳街239号（库车）。联系电话：047-67092285。距车站步行 5 分钟，交通便利。周边 500 米内即是商场与美食街。	C291
3383	沐兰宾馆	地址：库车县建设路148号（库车）。联系电话：151-33746032。周边 500 米内即是商场与美食街。可手机自助入住，无接触开门。	C291
3384	枫叶国际酒店	地址：武安和平路337号（康城）。联系电话：015-31367387 / 028-21148306。部分房型可俯瞰城市天际线。可手机自助入住，无接触开门。	C265
3385	碧桂大酒店	地址：武安解放路123号（康城）。联系电话：038-32493895 / 193-29556625。客房配备记忆棉床垫，保证舒适睡眠。提供高速 Wi‑Fi 及 24 小时热水。	C265
3386	楠舍酒店	地址：牙克石中心路159号（库都尔）。联系电话：056-82400238 / 047-56621255。周边 500 米内即是商场与美食街。距车站步行 5 分钟，交通便利。	C060
3387	沐兰大酒店	地址：牙克石解放路327号（库都尔）。联系电话：136-29414068 / 051-85379006。客房配备记忆棉床垫，保证舒适睡眠。设有地下停车场与充电桩。周边 500 米内即是商场与美食街。部分房型可俯瞰城市天际线。	C060
3388	星程国际酒店	地址：牙克石人民大道301号（库都尔）。联系电话：041-56411641。距车站步行 5 分钟，交通便利。周边 500 米内即是商场与美食街。酒店内有健身房和洗衣房，住客免费使用。前台多语言服务，支持行李寄存。	C060
3389	碧桂精品酒店	地址：牙克石人民大道362号（库都尔）。联系电话：015-33831917 / 192-52842790。提供高速 Wi‑Fi 及 24 小时热水。客房配备记忆棉床垫，保证舒适睡眠。设有地下停车场与充电桩。可手机自助入住，无接触开门。	C060
3390	雅致国际酒店	地址：宽甸满族自治县朝阳街37号（宽甸）。联系电话：037-40108658。酒店内有健身房和洗衣房，住客免费使用。提供高速 Wi‑Fi 及 24 小时热水。	C013
3391	璞丽精品酒店	地址：宽甸满族自治县朝阳街46号（宽甸）。联系电话：019-80457427 / 151-56762739。距车站步行 5 分钟，交通便利。含自助早餐，菜品丰富。	C013
3392	楠舍酒店	地址：克东县中心路187号（克东）。联系电话：023-74803810 / 028-54739099。设有地下停车场与充电桩。前台多语言服务，支持行李寄存。酒店内有健身房和洗衣房，住客免费使用。客房配备记忆棉床垫，保证舒适睡眠。	C314
3393	锦江精品酒店	地址：克东县人民大道46号（克东）。联系电话：132-83474805。客房配备记忆棉床垫，保证舒适睡眠。距车站步行 5 分钟，交通便利。	C314
3394	沐兰大酒店	地址：克东县建设路55号（克东）。联系电话：196-14706383 / 152-33586521。可手机自助入住，无接触开门。前台多语言服务，支持行李寄存。	C314
3395	云栖大酒店	地址：包头建设路154号（昆都仑召）。联系电话：185-67029881。前台多语言服务，支持行李寄存。可手机自助入住，无接触开门。酒店内有健身房和洗衣房，住客免费使用。设有地下停车场与充电桩。	C038
3396	丽枫度假酒店	地址：包头建设路258号（昆都仑召）。联系电话：130-87816272 / 188-56820246。含自助早餐，菜品丰富。周边 500 米内即是商场与美食街。距车站步行 5 分钟，交通便利。	C038
3397	星程大酒店	地址：包头建设路90号（昆都仑召）。联系电话：032-44278889。可手机自助入住，无接触开门。前台多语言服务，支持行李寄存。含自助早餐，菜品丰富。	C038
3398	星程大酒店	地址：开江县朝阳街330号（开江）。联系电话：013-50684270 / 039-70719937。酒店内有健身房和洗衣房，住客免费使用。前台多语言服务，支持行李寄存。	C256
3399	梅园酒店	地址：开江县迎宾大道264号（开江）。联系电话：158-57787630。部分房型可俯瞰城市天际线。距车站步行 5 分钟，交通便利。酒店内有健身房和洗衣房，住客免费使用。	C256
3400	丽枫酒店	地址：开江县和平路382号（开江）。联系电话：041-71641198。部分房型可俯瞰城市天际线。酒店内有健身房和洗衣房，住客免费使用。前台多语言服务，支持行李寄存。	C256
3401	悦榕精品酒店	地址：哈尔滨中心路310号（康金井）。联系电话：189-20270527 / 181-27206309。可手机自助入住，无接触开门。距车站步行 5 分钟，交通便利。	C066
3402	楠舍大酒店	地址：哈尔滨中心路94号（康金井）。联系电话：198-37079977 / 192-80539024。周边 500 米内即是商场与美食街。提供高速 Wi‑Fi 及 24 小时热水。可手机自助入住，无接触开门。	C066
3403	星程宾馆	地址：哈尔滨和平路68号（康金井）。联系电话：138-17707828 / 132-62515921。前台多语言服务，支持行李寄存。周边 500 米内即是商场与美食街。客房配备记忆棉床垫，保证舒适睡眠。含自助早餐，菜品丰富。	C066
3404	月光大酒店	地址：鄂伦春自治旗解放路260号（喀喇其）。联系电话：015-84261839 / 046-54654302。设有地下停车场与充电桩。提供高速 Wi‑Fi 及 24 小时热水。	C060
3405	花筑酒店	地址：鄂伦春自治旗中心路352号（喀喇其）。联系电话：139-97539293。周边 500 米内即是商场与美食街。客房配备记忆棉床垫，保证舒适睡眠。设有地下停车场与充电桩。	C060
3406	柏曼大酒店	地址：鄂伦春自治旗中心路376号（喀喇其）。联系电话：033-39678127。含自助早餐，菜品丰富。前台多语言服务，支持行李寄存。	C060
3407	锦江精品酒店	地址：开鲁县迎宾大道108号（开鲁）。联系电话：039-77992128 / 189-72177767。客房配备记忆棉床垫，保证舒适睡眠。距车站步行 5 分钟，交通便利。	C260
3408	星程度假酒店	地址：开鲁县朝阳街58号（开鲁）。联系电话：047-77994885 / 192-44912323。部分房型可俯瞰城市天际线。客房配备记忆棉床垫，保证舒适睡眠。设有地下停车场与充电桩。含自助早餐，菜品丰富。	C260
3409	丽枫精品酒店	地址：开鲁县和平路192号（开鲁）。联系电话：186-20765584。周边 500 米内即是商场与美食街。提供高速 Wi‑Fi 及 24 小时热水。可手机自助入住，无接触开门。前台多语言服务，支持行李寄存。	C260
3410	花筑精品酒店	地址：克拉玛依中心路42号（克拉玛依）。联系电话：193-43712004。设有地下停车场与充电桩。可手机自助入住，无接触开门。含自助早餐，菜品丰富。	C031
3411	碧桂国际酒店	地址：克拉玛依人民大道35号（克拉玛依）。联系电话：014-79353836 / 023-76787940。客房配备记忆棉床垫，保证舒适睡眠。前台多语言服务，支持行李寄存。	C031
3412	云栖酒店	地址：克拉玛依和平路331号（克拉玛依）。联系电话：192-13885821 / 058-81586901。周边 500 米内即是商场与美食街。设有地下停车场与充电桩。	C031
3413	柏栎大酒店	地址：克拉玛依中心路371号（克拉玛依）。联系电话：055-75392482 / 158-84606499。含自助早餐，菜品丰富。周边 500 米内即是商场与美食街。提供高速 Wi‑Fi 及 24 小时热水。	C031
3414	悦榕宾馆	地址：开平中心路294号（开平南）。联系电话：011-49334763。设有地下停车场与充电桩。周边 500 米内即是商场与美食街。含自助早餐，菜品丰富。	C170
3415	柏栎酒店	地址：开平解放路381号（开平南）。联系电话：043-82492442。可手机自助入住，无接触开门。部分房型可俯瞰城市天际线。	C170
3416	锦江宾馆	地址：开平人民大道266号（开平南）。联系电话：130-10564639。提供高速 Wi‑Fi 及 24 小时热水。可手机自助入住，无接触开门。	C170
3417	璞丽大酒店	地址：开平朝阳街296号（开平南）。联系电话：192-60525434 / 028-80372259。含自助早餐，菜品丰富。可手机自助入住，无接触开门。周边 500 米内即是商场与美食街。	C170
3418	梅园酒店	地址：永吉县建设路380号（口前）。联系电话：137-71782082 / 024-38920693。客房配备记忆棉床垫，保证舒适睡眠。部分房型可俯瞰城市天际线。	C055
3419	桔子宾馆	地址：永吉县和平路302号（口前）。联系电话：053-87177640。提供高速 Wi‑Fi 及 24 小时热水。含自助早餐，菜品丰富。	C055
3420	丽枫酒店	地址：昆山建设路134号（昆山）。联系电话：029-75907428 / 134-55571175。周边 500 米内即是商场与美食街。含自助早餐，菜品丰富。前台多语言服务，支持行李寄存。客房配备记忆棉床垫，保证舒适睡眠。	C231
3421	枫叶国际酒店	地址：昆山朝阳街318号（昆山）。联系电话：182-73785732。部分房型可俯瞰城市天际线。客房配备记忆棉床垫，保证舒适睡眠。	C231
3422	楠舍精品酒店	地址：昆山建设路60号（昆山）。联系电话：026-53603484 / 131-40483128。含自助早餐，菜品丰富。部分房型可俯瞰城市天际线。	C231
3423	悦榕酒店	地址：林口县解放路215号（奎山）。联系电话：151-85874007 / 188-11287711。客房配备记忆棉床垫，保证舒适睡眠。部分房型可俯瞰城市天际线。	C207
3424	云栖度假酒店	地址：林口县建设路186号（奎山）。联系电话：027-47403283。部分房型可俯瞰城市天际线。提供高速 Wi‑Fi 及 24 小时热水。	C207
3425	璞丽酒店	地址：林口县和平路84号（奎山）。联系电话：159-90156699。前台多语言服务，支持行李寄存。酒店内有健身房和洗衣房，住客免费使用。	C207
3426	桔子酒店	地址：克山县和平路75号（克山）。联系电话：015-51308965。酒店内有健身房和洗衣房，住客免费使用。前台多语言服务，支持行李寄存。	C314
3427	碧桂精品酒店	地址：克山县和平路264号（克山）。联系电话：136-42114609。酒店内有健身房和洗衣房，住客免费使用。含自助早餐，菜品丰富。距车站步行 5 分钟，交通便利。可手机自助入住，无接触开门。	C314
3428	月光精品酒店	地址：钦州建设路352号（康熙岭）。联系电话：159-23685750 / 020-47236201。酒店内有健身房和洗衣房，住客免费使用。前台多语言服务，支持行李寄存。设有地下停车场与充电桩。提供高速 Wi‑Fi 及 24 小时热水。	C275
3429	丽枫度假酒店	地址：钦州人民大道390号（康熙岭）。联系电话：186-87669011。设有地下停车场与充电桩。酒店内有健身房和洗衣房，住客免费使用。前台多语言服务，支持行李寄存。部分房型可俯瞰城市天际线。	C275
3430	桔子宾馆	地址：钦州人民大道291号（康熙岭）。联系电话：027-47585596。设有地下停车场与充电桩。前台多语言服务，支持行李寄存。含自助早餐，菜品丰富。部分房型可俯瞰城市天际线。	C275
3431	锦江宾馆	地址：昆明中心路232号（昆阳）。联系电话：159-18641909 / 045-60196638。部分房型可俯瞰城市天际线。酒店内有健身房和洗衣房，住客免费使用。可手机自助入住，无接触开门。距车站步行 5 分钟，交通便利。	C142
3432	花筑国际酒店	地址：昆明建设路189号（昆阳）。联系电话：037-54084126。距车站步行 5 分钟，交通便利。前台多语言服务，支持行李寄存。设有地下停车场与充电桩。	C142
3433	悦榕度假酒店	地址：鄂伦春自治旗迎宾大道290号（克一河）。联系电话：059-60555571。客房配备记忆棉床垫，保证舒适睡眠。含自助早餐，菜品丰富。提供高速 Wi‑Fi 及 24 小时热水。周边 500 米内即是商场与美食街。	C060
3434	雅致酒店	地址：鄂伦春自治旗中心路96号（克一河）。联系电话：137-30497346 / 134-41456164。周边 500 米内即是商场与美食街。含自助早餐，菜品丰富。酒店内有健身房和洗衣房，住客免费使用。距车站步行 5 分钟，交通便利。	C060
3435	星程酒店	地址：鄂伦春自治旗朝阳街145号（克一河）。联系电话：056-26151718 / 153-25047653。周边 500 米内即是商场与美食街。距车站步行 5 分钟，交通便利。客房配备记忆棉床垫，保证舒适睡眠。可手机自助入住，无接触开门。	C060
3436	星程精品酒店	地址：鄂伦春自治旗和平路145号（克一河）。联系电话：131-14368980。前台多语言服务，支持行李寄存。设有地下停车场与充电桩。酒店内有健身房和洗衣房，住客免费使用。	C060
3437	星程度假酒店	地址：开原人民大道372号（开原西）。联系电话：030-64274927 / 022-62062019。含自助早餐，菜品丰富。酒店内有健身房和洗衣房，住客免费使用。可手机自助入住，无接触开门。	C276
3438	碧桂精品酒店	地址：开原朝阳街258号（开原西）。联系电话：013-47091760。距车站步行 5 分钟，交通便利。部分房型可俯瞰城市天际线。	C276
3439	丽枫酒店	地址：北京朝阳街195号（康庄）。联系电话：016-34135108 / 048-75485973。距车站步行 5 分钟，交通便利。提供高速 Wi‑Fi 及 24 小时热水。客房配备记忆棉床垫，保证舒适睡眠。	C039
3440	锦江国际酒店	地址：北京中心路326号（康庄）。联系电话：199-72290516。客房配备记忆棉床垫，保证舒适睡眠。提供高速 Wi‑Fi 及 24 小时热水。	C039
3441	柏栎精品酒店	地址：北京朝阳街34号（康庄）。联系电话：188-23942092 / 151-21013982。可手机自助入住，无接触开门。提供高速 Wi‑Fi 及 24 小时热水。酒店内有健身房和洗衣房，住客免费使用。	C039
3442	枫叶宾馆	地址：来宾迎宾大道82号（来宾）。联系电话：130-48394083 / 023-33426802。设有地下停车场与充电桩。前台多语言服务，支持行李寄存。	C152
3443	花筑精品酒店	地址：来宾解放路310号（来宾）。联系电话：056-43787402。距车站步行 5 分钟，交通便利。部分房型可俯瞰城市天际线。设有地下停车场与充电桩。提供高速 Wi‑Fi 及 24 小时热水。	C152
3444	雅致酒店	地址：营口朝阳街252号（老边）。联系电话：045-27029445。部分房型可俯瞰城市天际线。客房配备记忆棉床垫，保证舒适睡眠。前台多语言服务，支持行李寄存。提供高速 Wi‑Fi 及 24 小时热水。	C238
3445	碧桂国际酒店	地址：营口建设路358号（老边）。联系电话：023-68386917。客房配备记忆棉床垫，保证舒适睡眠。酒店内有健身房和洗衣房，住客免费使用。含自助早餐，菜品丰富。可手机自助入住，无接触开门。	C238
3446	云栖酒店	地址：灵宝解放路244号（灵宝西）。联系电话：044-84036565。前台多语言服务，支持行李寄存。客房配备记忆棉床垫，保证舒适睡眠。可手机自助入住，无接触开门。	C004
3447	雅致大酒店	地址：灵宝迎宾大道294号（灵宝西）。联系电话：131-18380817 / 181-20109763。酒店内有健身房和洗衣房，住客免费使用。部分房型可俯瞰城市天际线。可手机自助入住，无接触开门。	C004
3448	桔子精品酒店	地址：河源解放路245号（龙川）。联系电话：180-23062086。客房配备记忆棉床垫，保证舒适睡眠。周边 500 米内即是商场与美食街。可手机自助入住，无接触开门。	C175
3449	桔子国际酒店	地址：河源人民大道286号（龙川）。联系电话：190-16834907 / 059-89078990。前台多语言服务，支持行李寄存。设有地下停车场与充电桩。客房配备记忆棉床垫，保证舒适睡眠。	C175
3450	丽枫国际酒店	地址：河源中心路63号（龙川）。联系电话：155-81292543。距车站步行 5 分钟，交通便利。部分房型可俯瞰城市天际线。	C175
3451	雅致国际酒店	地址：河源人民大道42号（龙川）。联系电话：021-27176439。距车站步行 5 分钟，交通便利。设有地下停车场与充电桩。周边 500 米内即是商场与美食街。	C175
3452	丽枫大酒店	地址：乐昌朝阳街85号（乐昌）。联系电话：157-41738448。酒店内有健身房和洗衣房，住客免费使用。部分房型可俯瞰城市天际线。设有地下停车场与充电桩。	C299
3453	花筑精品酒店	地址：乐昌朝阳街123号（乐昌）。联系电话：036-49100235 / 182-36365926。距车站步行 5 分钟，交通便利。提供高速 Wi‑Fi 及 24 小时热水。部分房型可俯瞰城市天际线。前台多语言服务，支持行李寄存。	C299
3454	璞丽国际酒店	地址：乐昌解放路46号（乐昌）。联系电话：037-48241280。含自助早餐，菜品丰富。客房配备记忆棉床垫，保证舒适睡眠。酒店内有健身房和洗衣房，住客免费使用。周边 500 米内即是商场与美食街。	C299
3455	星程精品酒店	地址：黎城县建设路224号（黎城）。联系电话：194-39697646。可手机自助入住，无接触开门。距车站步行 5 分钟，交通便利。	C285
3456	柏曼宾馆	地址：黎城县和平路178号（黎城）。联系电话：047-79459319。酒店内有健身房和洗衣房，住客免费使用。部分房型可俯瞰城市天际线。提供高速 Wi‑Fi 及 24 小时热水。	C285
3457	碧桂酒店	地址：聊城建设路82号（聊城）。联系电话：133-59912266。部分房型可俯瞰城市天际线。含自助早餐，菜品丰富。酒店内有健身房和洗衣房，住客免费使用。提供高速 Wi‑Fi 及 24 小时热水。	C227
3458	丽枫精品酒店	地址：聊城建设路335号（聊城）。联系电话：044-47373494 / 043-42411640。前台多语言服务，支持行李寄存。提供高速 Wi‑Fi 及 24 小时热水。	C227
3459	雅致大酒店	地址：聊城中心路200号（聊城）。联系电话：015-42921255。前台多语言服务，支持行李寄存。客房配备记忆棉床垫，保证舒适睡眠。设有地下停车场与充电桩。	C227
3460	月光度假酒店	地址：青岛人民大道338号（蓝村）。联系电话：052-29539000 / 054-73274797。周边 500 米内即是商场与美食街。客房配备记忆棉床垫，保证舒适睡眠。部分房型可俯瞰城市天际线。距车站步行 5 分钟，交通便利。	C297
3461	梅园大酒店	地址：青岛建设路87号（蓝村）。联系电话：150-40545966。周边 500 米内即是商场与美食街。提供高速 Wi‑Fi 及 24 小时热水。设有地下停车场与充电桩。酒店内有健身房和洗衣房，住客免费使用。	C297
3462	碧桂度假酒店	地址：青岛朝阳街89号（蓝村）。联系电话：055-49888339。前台多语言服务，支持行李寄存。部分房型可俯瞰城市天际线。客房配备记忆棉床垫，保证舒适睡眠。	C297
3463	枫叶酒店	地址：青岛迎宾大道13号（蓝村）。联系电话：015-63333733 / 182-46959744。距车站步行 5 分钟，交通便利。含自助早餐，菜品丰富。可手机自助入住，无接触开门。	C297
3464	枫叶宾馆	地址：两当县人民大道301号（两当）。联系电话：196-47453720。含自助早餐，菜品丰富。客房配备记忆棉床垫，保证舒适睡眠。	C294
3465	碧桂国际酒店	地址：两当县和平路172号（两当）。联系电话：023-38885185。设有地下停车场与充电桩。部分房型可俯瞰城市天际线。含自助早餐，菜品丰富。客房配备记忆棉床垫，保证舒适睡眠。	C294
3466	璞丽精品酒店	地址：两当县和平路340号（两当）。联系电话：049-49282044。可手机自助入住，无接触开门。前台多语言服务，支持行李寄存。设有地下停车场与充电桩。客房配备记忆棉床垫，保证舒适睡眠。	C294
3467	星程精品酒店	地址：巴林左旗朝阳街50号（林东）。联系电话：154-76320201 / 043-50537005。提供高速 Wi‑Fi 及 24 小时热水。含自助早餐，菜品丰富。	C253
3468	月光酒店	地址：巴林左旗人民大道176号（林东）。联系电话：044-83234432。客房配备记忆棉床垫，保证舒适睡眠。部分房型可俯瞰城市天际线。设有地下停车场与充电桩。	C253
3469	楠舍宾馆	地址：巴林左旗解放路234号（林东）。联系电话：181-96759589。周边 500 米内即是商场与美食街。客房配备记忆棉床垫，保证舒适睡眠。前台多语言服务，支持行李寄存。	C253
3470	云栖度假酒店	地址：巴林左旗和平路358号（林东）。联系电话：054-53692727。周边 500 米内即是商场与美食街。部分房型可俯瞰城市天际线。可手机自助入住，无接触开门。	C253
3471	星程精品酒店	地址：海东迎宾大道367号（乐都）。联系电话：196-41804201 / 051-64454703。距车站步行 5 分钟，交通便利。部分房型可俯瞰城市天际线。提供高速 Wi‑Fi 及 24 小时热水。周边 500 米内即是商场与美食街。	C182
3472	云栖精品酒店	地址：海东和平路54号（乐都）。联系电话：033-85320230。客房配备记忆棉床垫，保证舒适睡眠。周边 500 米内即是商场与美食街。	C182
3473	桔子大酒店	地址：滦平县解放路261号（梁底下）。联系电话：034-82805977。含自助早餐，菜品丰富。可手机自助入住，无接触开门。	C130
3474	丽枫大酒店	地址：滦平县中心路305号（梁底下）。联系电话：051-87160220。可手机自助入住，无接触开门。提供高速 Wi‑Fi 及 24 小时热水。客房配备记忆棉床垫，保证舒适睡眠。	C130
3475	柏栎酒店	地址：兴隆县解放路311号（六道河子）。联系电话：192-18729947。客房配备记忆棉床垫，保证舒适睡眠。设有地下停车场与充电桩。	C130
3476	丽枫度假酒店	地址：兴隆县人民大道381号（六道河子）。联系电话：150-81075832 / 057-60035700。含自助早餐，菜品丰富。距车站步行 5 分钟，交通便利。前台多语言服务，支持行李寄存。	C130
3477	沐兰精品酒店	地址：兴隆县朝阳街256号（六道河子）。联系电话：136-94913017 / 153-47716163。前台多语言服务，支持行李寄存。周边 500 米内即是商场与美食街。含自助早餐，菜品丰富。	C130
3478	楠舍宾馆	地址：盘州人民大道81号（鲁番）。联系电话：180-65294860。酒店内有健身房和洗衣房，住客免费使用。设有地下停车场与充电桩。可手机自助入住，无接触开门。	C033
3479	雅致酒店	地址：盘州解放路334号（鲁番）。联系电话：188-77848976。酒店内有健身房和洗衣房，住客免费使用。距车站步行 5 分钟，交通便利。含自助早餐，菜品丰富。可手机自助入住，无接触开门。	C033
3480	璞丽大酒店	地址：盘州解放路219号（鲁番）。联系电话：197-37301343。可手机自助入住，无接触开门。客房配备记忆棉床垫，保证舒适睡眠。设有地下停车场与充电桩。	C033
3481	星程度假酒店	地址：廊坊建设路283号（廊坊）。联系电话：024-63755736。可手机自助入住，无接触开门。距车站步行 5 分钟，交通便利。周边 500 米内即是商场与美食街。前台多语言服务，支持行李寄存。	C114
3482	悦榕度假酒店	地址：廊坊朝阳街177号（廊坊）。联系电话：184-77280055 / 139-14737924。部分房型可俯瞰城市天际线。酒店内有健身房和洗衣房，住客免费使用。	C114
3483	丽枫宾馆	地址：廊坊建设路378号（廊坊）。联系电话：137-83754038。部分房型可俯瞰城市天际线。酒店内有健身房和洗衣房，住客免费使用。客房配备记忆棉床垫，保证舒适睡眠。可手机自助入住，无接触开门。	C114
3484	梅园度假酒店	地址：廊坊朝阳街277号（落垡）。联系电话：159-10260410 / 028-72401532。提供高速 Wi‑Fi 及 24 小时热水。部分房型可俯瞰城市天际线。	C114
3485	雅致度假酒店	地址：廊坊人民大道235号（落垡）。联系电话：138-37610680 / 056-74339025。含自助早餐，菜品丰富。前台多语言服务，支持行李寄存。部分房型可俯瞰城市天际线。	C114
3486	沐兰宾馆	地址：廊坊朝阳街61号（落垡）。联系电话：139-24265685 / 038-37401745。设有地下停车场与充电桩。距车站步行 5 分钟，交通便利。	C114
3487	碧桂酒店	地址：廊坊和平路181号（廊坊北）。联系电话：025-62941526。提供高速 Wi‑Fi 及 24 小时热水。可手机自助入住，无接触开门。周边 500 米内即是商场与美食街。前台多语言服务，支持行李寄存。	C114
3488	楠舍精品酒店	地址：廊坊建设路66号（廊坊北）。联系电话：058-59568497。酒店内有健身房和洗衣房，住客免费使用。可手机自助入住，无接触开门。距车站步行 5 分钟，交通便利。设有地下停车场与充电桩。	C114
3489	碧桂精品酒店	地址：廊坊建设路67号（廊坊北）。联系电话：024-49608771。前台多语言服务，支持行李寄存。酒店内有健身房和洗衣房，住客免费使用。含自助早餐，菜品丰富。客房配备记忆棉床垫，保证舒适睡眠。	C114
3490	沐兰酒店	地址：赤峰解放路52号（老府）。联系电话：136-21959918。含自助早餐，菜品丰富。部分房型可俯瞰城市天际线。周边 500 米内即是商场与美食街。酒店内有健身房和洗衣房，住客免费使用。	C253
3491	碧桂度假酒店	地址：赤峰迎宾大道147号（老府）。联系电话：196-36232198 / 028-80539444。距车站步行 5 分钟，交通便利。可手机自助入住，无接触开门。部分房型可俯瞰城市天际线。酒店内有健身房和洗衣房，住客免费使用。	C253
3492	悦榕精品酒店	地址：赤峰朝阳街290号（老府）。联系电话：057-75078325。设有地下停车场与充电桩。提供高速 Wi‑Fi 及 24 小时热水。周边 500 米内即是商场与美食街。	C253
3493	柏曼精品酒店	地址：赤峰朝阳街387号（老府）。联系电话：052-46333210。距车站步行 5 分钟，交通便利。酒店内有健身房和洗衣房，住客免费使用。可手机自助入住，无接触开门。	C253
3494	花筑精品酒店	地址：宁安解放路101号（兰岗）。联系电话：017-42318391 / 011-36545742。客房配备记忆棉床垫，保证舒适睡眠。部分房型可俯瞰城市天际线。	C207
3495	悦榕大酒店	地址：宁安迎宾大道391号（兰岗）。联系电话：186-99785992。含自助早餐，菜品丰富。距车站步行 5 分钟，交通便利。设有地下停车场与充电桩。	C207
3496	悦榕宾馆	地址：禄丰县建设路291号（龙骨甸）。联系电话：031-43091750 / 036-20539482。周边 500 米内即是商场与美食街。设有地下停车场与充电桩。客房配备记忆棉床垫，保证舒适睡眠。提供高速 Wi‑Fi 及 24 小时热水。	C161
3497	花筑酒店	地址：禄丰县朝阳街200号（龙骨甸）。联系电话：197-57233045 / 154-83158793。周边 500 米内即是商场与美食街。部分房型可俯瞰城市天际线。可手机自助入住，无接触开门。酒店内有健身房和洗衣房，住客免费使用。	C161
3498	梅园度假酒店	地址：禄丰县和平路64号（龙骨甸）。联系电话：198-12700161 / 183-18505120。部分房型可俯瞰城市天际线。距车站步行 5 分钟，交通便利。客房配备记忆棉床垫，保证舒适睡眠。前台多语言服务，支持行李寄存。	C161
3499	月光酒店	地址：禄丰县人民大道240号（龙骨甸）。联系电话：135-26799305 / 159-62893214。提供高速 Wi‑Fi 及 24 小时热水。含自助早餐，菜品丰富。酒店内有健身房和洗衣房，住客免费使用。	C161
3500	悦榕精品酒店	地址：罗平县人民大道276号（芦沟）。联系电话：010-71339225。距车站步行 5 分钟，交通便利。部分房型可俯瞰城市天际线。设有地下停车场与充电桩。	C148
3501	雅致宾馆	地址：罗平县迎宾大道164号（芦沟）。联系电话：185-59858716 / 157-66277306。设有地下停车场与充电桩。周边 500 米内即是商场与美食街。客房配备记忆棉床垫，保证舒适睡眠。可手机自助入住，无接触开门。	C148
3502	碧桂度假酒店	地址：罗平县建设路110号（芦沟）。联系电话：190-98844854。可手机自助入住，无接触开门。设有地下停车场与充电桩。	C148
3503	梅园大酒店	地址：古浪县迎宾大道398号（龙沟）。联系电话：037-29206570 / 158-81294084。可手机自助入住，无接触开门。酒店内有健身房和洗衣房，住客免费使用。前台多语言服务，支持行李寄存。含自助早餐，菜品丰富。	C163
3504	丽枫酒店	地址：古浪县人民大道83号（龙沟）。联系电话：185-61272947 / 021-67796594。周边 500 米内即是商场与美食街。客房配备记忆棉床垫，保证舒适睡眠。酒店内有健身房和洗衣房，住客免费使用。	C163
3505	碧桂国际酒店	地址：古浪县人民大道331号（龙沟）。联系电话：154-58888561。酒店内有健身房和洗衣房，住客免费使用。含自助早餐，菜品丰富。客房配备记忆棉床垫，保证舒适睡眠。部分房型可俯瞰城市天际线。	C163
3506	星程度假酒店	地址：古浪县和平路123号（龙沟）。联系电话：032-76371957 / 034-67062717。提供高速 Wi‑Fi 及 24 小时热水。距车站步行 5 分钟，交通便利。前台多语言服务，支持行李寄存。可手机自助入住，无接触开门。	C163
3507	月光酒店	地址：海林解放路315号（拉古）。联系电话：042-44583480。距车站步行 5 分钟，交通便利。含自助早餐，菜品丰富。酒店内有健身房和洗衣房，住客免费使用。周边 500 米内即是商场与美食街。	C207
3508	桔子精品酒店	地址：海林解放路10号（拉古）。联系电话：029-68525842。部分房型可俯瞰城市天际线。含自助早餐，菜品丰富。距车站步行 5 分钟，交通便利。	C207
3509	月光度假酒店	地址：海林建设路76号（拉古）。联系电话：036-89557254。距车站步行 5 分钟，交通便利。设有地下停车场与充电桩。客房配备记忆棉床垫，保证舒适睡眠。	C207
3510	桔子国际酒店	地址：海林建设路152号（拉古）。联系电话：198-89500271。可手机自助入住，无接触开门。酒店内有健身房和洗衣房，住客免费使用。设有地下停车场与充电桩。前台多语言服务，支持行李寄存。	C207
3511	星程度假酒店	地址：临海和平路132号（临海）。联系电话：137-62811427 / 014-89178622。部分房型可俯瞰城市天际线。客房配备记忆棉床垫，保证舒适睡眠。距车站步行 5 分钟，交通便利。酒店内有健身房和洗衣房，住客免费使用。	C052
3512	丽枫酒店	地址：临海人民大道18号（临海）。联系电话：035-57626442 / 188-95447720。设有地下停车场与充电桩。部分房型可俯瞰城市天际线。酒店内有健身房和洗衣房，住客免费使用。	C052
3513	花筑酒店	地址：临海解放路335号（临海）。联系电话：139-24152422。客房配备记忆棉床垫，保证舒适睡眠。酒店内有健身房和洗衣房，住客免费使用。	C052
3514	沐兰国际酒店	地址：临海和平路106号（临海）。联系电话：055-52323184。可手机自助入住，无接触开门。前台多语言服务，支持行李寄存。部分房型可俯瞰城市天际线。客房配备记忆棉床垫，保证舒适睡眠。	C052
3515	桔子精品酒店	地址：大兴安岭朝阳街365号（林海）。联系电话：151-81637137。前台多语言服务，支持行李寄存。可手机自助入住，无接触开门。酒店内有健身房和洗衣房，住客免费使用。	C076
3516	悦榕大酒店	地址：大兴安岭中心路81号（林海）。联系电话：046-26575294 / 052-29149458。设有地下停车场与充电桩。部分房型可俯瞰城市天际线。提供高速 Wi‑Fi 及 24 小时热水。	C076
3517	悦榕宾馆	地址：大兴安岭解放路134号（林海）。联系电话：155-83818995 / 187-32381141。可手机自助入住，无接触开门。含自助早餐，菜品丰富。	C076
3518	花筑度假酒店	地址：大兴安岭朝阳街127号（林海）。联系电话：023-47260612。设有地下停车场与充电桩。可手机自助入住，无接触开门。酒店内有健身房和洗衣房，住客免费使用。	C076
3519	丽枫大酒店	地址：讷河迎宾大道236号（拉哈）。联系电话：055-27771527。部分房型可俯瞰城市天际线。可手机自助入住，无接触开门。酒店内有健身房和洗衣房，住客免费使用。设有地下停车场与充电桩。	C314
3520	丽枫酒店	地址：讷河和平路218号（拉哈）。联系电话：189-84206084 / 184-28458543。提供高速 Wi‑Fi 及 24 小时热水。客房配备记忆棉床垫，保证舒适睡眠。距车站步行 5 分钟，交通便利。	C314
3521	月光精品酒店	地址：讷河建设路5号（拉哈）。联系电话：186-22782127 / 020-52251550。客房配备记忆棉床垫，保证舒适睡眠。可手机自助入住，无接触开门。部分房型可俯瞰城市天际线。	C314
3522	锦江国际酒店	地址：讷河和平路24号（拉哈）。联系电话：193-13115169 / 029-24412090。前台多语言服务，支持行李寄存。可手机自助入住，无接触开门。距车站步行 5 分钟，交通便利。含自助早餐，菜品丰富。	C314
3523	楠舍宾馆	地址：凌海人民大道169号（凌海）。联系电话：040-63043037 / 039-79835615。距车站步行 5 分钟，交通便利。前台多语言服务，支持行李寄存。可手机自助入住，无接触开门。客房配备记忆棉床垫，保证舒适睡眠。	C281
3524	云栖大酒店	地址：凌海建设路278号（凌海）。联系电话：017-36656902。含自助早餐，菜品丰富。客房配备记忆棉床垫，保证舒适睡眠。可手机自助入住，无接触开门。部分房型可俯瞰城市天际线。	C281
3525	柏曼国际酒店	地址：柳河县解放路266号（柳河）。联系电话：151-74361478。可手机自助入住，无接触开门。提供高速 Wi‑Fi 及 24 小时热水。周边 500 米内即是商场与美食街。	C259
3526	悦榕宾馆	地址：柳河县迎宾大道331号（柳河）。联系电话：184-28383068 / 015-81023680。设有地下停车场与充电桩。酒店内有健身房和洗衣房，住客免费使用。距车站步行 5 分钟，交通便利。	C259
3527	花筑酒店	地址：南京人民大道71号（六合）。联系电话：183-34523343 / 152-23448833。周边 500 米内即是商场与美食街。提供高速 Wi‑Fi 及 24 小时热水。距车站步行 5 分钟，交通便利。设有地下停车场与充电桩。	C042
3528	锦江国际酒店	地址：南京建设路250号（六合）。联系电话：187-11620208 / 039-62005133。酒店内有健身房和洗衣房，住客免费使用。客房配备记忆棉床垫，保证舒适睡眠。设有地下停车场与充电桩。含自助早餐，菜品丰富。	C042
3529	柏栎酒店	地址：景县人民大道110号（龙华）。联系电话：032-74861894 / 192-47311092。设有地下停车场与充电桩。客房配备记忆棉床垫，保证舒适睡眠。含自助早餐，菜品丰富。前台多语言服务，支持行李寄存。	C241
3530	锦江酒店	地址：景县解放路237号（龙华）。联系电话：034-20678254。含自助早餐，菜品丰富。前台多语言服务，支持行李寄存。	C241
3531	璞丽度假酒店	地址：滦平县建设路273号（滦河沿）。联系电话：193-21041533 / 187-33327141。可手机自助入住，无接触开门。周边 500 米内即是商场与美食街。客房配备记忆棉床垫，保证舒适睡眠。部分房型可俯瞰城市天际线。	C130
3532	锦江宾馆	地址：滦平县解放路5号（滦河沿）。联系电话：193-42377648。设有地下停车场与充电桩。部分房型可俯瞰城市天际线。	C130
3533	柏曼度假酒店	地址：讷河建设路340号（六合镇）。联系电话：137-42877873。含自助早餐，菜品丰富。部分房型可俯瞰城市天际线。	C314
3534	锦江大酒店	地址：讷河解放路235号（六合镇）。联系电话：192-21955374。提供高速 Wi‑Fi 及 24 小时热水。周边 500 米内即是商场与美食街。	C314
3535	枫叶酒店	地址：讷河迎宾大道340号（六合镇）。联系电话：012-45864224。距车站步行 5 分钟，交通便利。酒店内有健身房和洗衣房，住客免费使用。	C314
3536	星程精品酒店	地址：大连人民大道284号（亮甲店）。联系电话：198-94515842。距车站步行 5 分钟，交通便利。部分房型可俯瞰城市天际线。	C080
3537	锦江国际酒店	地址：大连迎宾大道203号（亮甲店）。联系电话：154-39420837 / 154-98293130。可手机自助入住，无接触开门。酒店内有健身房和洗衣房，住客免费使用。	C080
3538	星程国际酒店	地址：榆树建设路381号（刘家店）。联系电话：036-26398982。周边 500 米内即是商场与美食街。提供高速 Wi‑Fi 及 24 小时热水。	C283
3539	月光国际酒店	地址：榆树迎宾大道36号（刘家店）。联系电话：010-71818158 / 130-81437448。距车站步行 5 分钟，交通便利。含自助早餐，菜品丰富。酒店内有健身房和洗衣房，住客免费使用。设有地下停车场与充电桩。	C283
3540	枫叶宾馆	地址：凤城迎宾大道142号（刘家河）。联系电话：024-25538906 / 055-56662779。可手机自助入住，无接触开门。酒店内有健身房和洗衣房，住客免费使用。提供高速 Wi‑Fi 及 24 小时热水。设有地下停车场与充电桩。	C013
3541	桔子宾馆	地址：凤城中心路40号（刘家河）。联系电话：039-48656676。距车站步行 5 分钟，交通便利。设有地下停车场与充电桩。可手机自助入住，无接触开门。	C013
3542	丽枫度假酒店	地址：连江县建设路214号（连江）。联系电话：028-39178504 / 035-86531884。提供高速 Wi‑Fi 及 24 小时热水。设有地下停车场与充电桩。	C221
3543	柏栎大酒店	地址：连江县中心路290号（连江）。联系电话：059-47702945。酒店内有健身房和洗衣房，住客免费使用。距车站步行 5 分钟，交通便利。含自助早餐，菜品丰富。客房配备记忆棉床垫，保证舒适睡眠。	C221
3544	星程酒店	地址：连江县朝阳街309号（连江）。联系电话：134-87419597。设有地下停车场与充电桩。客房配备记忆棉床垫，保证舒适睡眠。提供高速 Wi‑Fi 及 24 小时热水。	C221
3545	楠舍国际酒店	地址：庐江县中心路223号（庐江）。联系电话：038-65020390 / 159-92574499。周边 500 米内即是商场与美食街。含自助早餐，菜品丰富。设有地下停车场与充电桩。酒店内有健身房和洗衣房，住客免费使用。	C053
3546	花筑国际酒店	地址：庐江县迎宾大道46号（庐江）。联系电话：189-95703265。周边 500 米内即是商场与美食街。提供高速 Wi‑Fi 及 24 小时热水。部分房型可俯瞰城市天际线。可手机自助入住，无接触开门。	C053
3547	丽枫国际酒店	地址：庐江县迎宾大道367号（庐江）。联系电话：132-48261896 / 188-98417603。含自助早餐，菜品丰富。设有地下停车场与充电桩。周边 500 米内即是商场与美食街。前台多语言服务，支持行李寄存。	C053
3548	云栖大酒店	地址：北安和平路189号（李家）。联系电话：183-51439782 / 137-25672367。可手机自助入住，无接触开门。客房配备记忆棉床垫，保证舒适睡眠。	C310
3549	沐兰度假酒店	地址：北安解放路189号（李家）。联系电话：035-47337852 / 157-93460365。酒店内有健身房和洗衣房，住客免费使用。客房配备记忆棉床垫，保证舒适睡眠。提供高速 Wi‑Fi 及 24 小时热水。可手机自助入住，无接触开门。	C310
3550	桔子宾馆	地址：北安和平路202号（李家）。联系电话：021-79584853 / 152-13738664。设有地下停车场与充电桩。酒店内有健身房和洗衣房，住客免费使用。	C310
3551	花筑宾馆	地址：德阳人民大道101号（罗江）。联系电话：033-32418967 / 132-82360597。可手机自助入住，无接触开门。客房配备记忆棉床垫，保证舒适睡眠。距车站步行 5 分钟，交通便利。	C123
3552	悦榕精品酒店	地址：德阳和平路61号（罗江）。联系电话：014-23941527 / 049-64181701。部分房型可俯瞰城市天际线。含自助早餐，菜品丰富。酒店内有健身房和洗衣房，住客免费使用。前台多语言服务，支持行李寄存。	C123
3553	锦江大酒店	地址：德阳解放路92号（罗江）。联系电话：197-92426104 / 043-56280000。客房配备记忆棉床垫，保证舒适睡眠。可手机自助入住，无接触开门。提供高速 Wi‑Fi 及 24 小时热水。含自助早餐，菜品丰富。	C123
3554	花筑宾馆	地址：廉江解放路109号（廉江）。联系电话：138-47216272 / 151-44749054。提供高速 Wi‑Fi 及 24 小时热水。可手机自助入住，无接触开门。距车站步行 5 分钟，交通便利。	C197
3555	丽枫宾馆	地址：廉江和平路292号（廉江）。联系电话：020-23639509 / 014-85396383。部分房型可俯瞰城市天际线。距车站步行 5 分钟，交通便利。含自助早餐，菜品丰富。	C197
3556	丽枫精品酒店	地址：廉江人民大道60号（廉江）。联系电话：152-75991873 / 034-28864097。部分房型可俯瞰城市天际线。提供高速 Wi‑Fi 及 24 小时热水。周边 500 米内即是商场与美食街。	C197
3557	碧桂度假酒店	地址：廉江解放路220号（廉江）。联系电话：155-32100200。周边 500 米内即是商场与美食街。距车站步行 5 分钟，交通便利。	C197
3558	柏栎酒店	地址：大安迎宾大道223号（两家）。联系电话：195-30560172。可手机自助入住，无接触开门。含自助早餐，菜品丰富。距车站步行 5 分钟，交通便利。	C211
3559	星程度假酒店	地址：大安建设路141号（两家）。联系电话：036-80364640 / 185-38512006。可手机自助入住，无接触开门。设有地下停车场与充电桩。周边 500 米内即是商场与美食街。距车站步行 5 分钟，交通便利。	C211
3560	碧桂度假酒店	地址：龙江县和平路336号（龙江）。联系电话：189-75466191 / 041-64264241。提供高速 Wi‑Fi 及 24 小时热水。周边 500 米内即是商场与美食街。酒店内有健身房和洗衣房，住客免费使用。	C314
3561	星程酒店	地址：龙江县和平路377号（龙江）。联系电话：192-73516966 / 136-18104543。酒店内有健身房和洗衣房，住客免费使用。提供高速 Wi‑Fi 及 24 小时热水。部分房型可俯瞰城市天际线。	C314
3562	悦榕酒店	地址：龙江县和平路60号（龙江）。联系电话：014-67601942 / 042-73940570。周边 500 米内即是商场与美食街。部分房型可俯瞰城市天际线。酒店内有健身房和洗衣房，住客免费使用。可手机自助入住，无接触开门。	C314
3563	璞丽宾馆	地址：龙江县中心路289号（龙江）。联系电话：159-14665752。周边 500 米内即是商场与美食街。距车站步行 5 分钟，交通便利。含自助早餐，菜品丰富。	C314
3564	星程国际酒店	地址：长春解放路126号（龙嘉）。联系电话：198-84976642 / 010-42574523。酒店内有健身房和洗衣房，住客免费使用。客房配备记忆棉床垫，保证舒适睡眠。含自助早餐，菜品丰富。	C283
3565	梅园酒店	地址：长春和平路282号（龙嘉）。联系电话：136-22794090。周边 500 米内即是商场与美食街。客房配备记忆棉床垫，保证舒适睡眠。前台多语言服务，支持行李寄存。	C283
3566	星程宾馆	地址：佳木斯建设路116号（莲江口）。联系电话：154-40854951。前台多语言服务，支持行李寄存。部分房型可俯瞰城市天际线。距车站步行 5 分钟，交通便利。提供高速 Wi‑Fi 及 24 小时热水。	C026
3567	悦榕国际酒店	地址：佳木斯解放路84号（莲江口）。联系电话：016-61419153 / 017-28397423。设有地下停车场与充电桩。酒店内有健身房和洗衣房，住客免费使用。	C026
3568	楠舍度假酒店	地址：莱芜中心路300号（蔺家楼）。联系电话：136-94622858。距车站步行 5 分钟，交通便利。酒店内有健身房和洗衣房，住客免费使用。含自助早餐，菜品丰富。	C180
3569	柏栎精品酒店	地址：莱芜中心路148号（蔺家楼）。联系电话：181-12157445 / 052-30422302。设有地下停车场与充电桩。部分房型可俯瞰城市天际线。周边 500 米内即是商场与美食街。	C180
3570	月光国际酒店	地址：莱芜中心路113号（蔺家楼）。联系电话：027-82065132。提供高速 Wi‑Fi 及 24 小时热水。部分房型可俯瞰城市天际线。前台多语言服务，支持行李寄存。距车站步行 5 分钟，交通便利。	C180
3571	锦江宾馆	地址：榆中县解放路398号（李家坪）。联系电话：047-81037403。部分房型可俯瞰城市天际线。距车站步行 5 分钟，交通便利。	C034
3572	锦江大酒店	地址：榆中县中心路43号（李家坪）。联系电话：055-89280294 / 132-71805165。前台多语言服务，支持行李寄存。可手机自助入住，无接触开门。设有地下停车场与充电桩。酒店内有健身房和洗衣房，住客免费使用。	C034
3573	雅致度假酒店	地址：榆中县解放路39号（李家坪）。联系电话：026-59747955。周边 500 米内即是商场与美食街。设有地下停车场与充电桩。部分房型可俯瞰城市天际线。	C034
3574	柏栎大酒店	地址：兰考县朝阳街59号（兰考）。联系电话：028-51755984 / 025-26182119。部分房型可俯瞰城市天际线。设有地下停车场与充电桩。	C117
3575	悦榕酒店	地址：兰考县解放路68号（兰考）。联系电话：010-52167773 / 052-36166067。距车站步行 5 分钟，交通便利。含自助早餐，菜品丰富。	C117
3576	花筑宾馆	地址：兰考县中心路200号（兰考）。联系电话：052-23282613 / 020-67270864。客房配备记忆棉床垫，保证舒适睡眠。前台多语言服务，支持行李寄存。可手机自助入住，无接触开门。酒店内有健身房和洗衣房，住客免费使用。	C117
3577	丽枫度假酒店	地址：林口县朝阳街295号（林口）。联系电话：034-80027945 / 187-54622012。可手机自助入住，无接触开门。含自助早餐，菜品丰富。	C207
3578	雅致大酒店	地址：林口县人民大道322号（林口）。联系电话：155-45225003。客房配备记忆棉床垫，保证舒适睡眠。酒店内有健身房和洗衣房，住客免费使用。前台多语言服务，支持行李寄存。	C207
3579	楠舍精品酒店	地址：林口县迎宾大道49号（林口）。联系电话：022-68746869。提供高速 Wi‑Fi 及 24 小时热水。设有地下停车场与充电桩。	C207
3580	悦榕大酒店	地址：岳阳解放路242号（路口铺）。联系电话：187-22653575。客房配备记忆棉床垫，保证舒适睡眠。可手机自助入住，无接触开门。设有地下停车场与充电桩。周边 500 米内即是商场与美食街。	C101
3581	月光精品酒店	地址：岳阳中心路310号（路口铺）。联系电话：151-11262745 / 033-20441856。周边 500 米内即是商场与美食街。可手机自助入住，无接触开门。客房配备记忆棉床垫，保证舒适睡眠。酒店内有健身房和洗衣房，住客免费使用。	C101
3582	楠舍精品酒店	地址：讷河解放路34号（老莱）。联系电话：017-42921499。设有地下停车场与充电桩。周边 500 米内即是商场与美食街。前台多语言服务，支持行李寄存。	C314
3583	星程酒店	地址：讷河建设路315号（老莱）。联系电话：019-35339065 / 151-40208382。部分房型可俯瞰城市天际线。酒店内有健身房和洗衣房，住客免费使用。	C314
3584	桔子宾馆	地址：讷河和平路340号（老莱）。联系电话：014-44816599 / 013-30932605。含自助早餐，菜品丰富。前台多语言服务，支持行李寄存。	C314
3585	雅致大酒店	地址：五常中心路235号（拉林）。联系电话：159-99108199。部分房型可俯瞰城市天际线。前台多语言服务，支持行李寄存。	C066
3586	碧桂大酒店	地址：五常和平路346号（拉林）。联系电话：049-69113907。可手机自助入住，无接触开门。部分房型可俯瞰城市天际线。周边 500 米内即是商场与美食街。设有地下停车场与充电桩。	C066
3587	锦江大酒店	地址：陆良县中心路50号（陆良）。联系电话：021-50931158。客房配备记忆棉床垫，保证舒适睡眠。含自助早餐，菜品丰富。周边 500 米内即是商场与美食街。部分房型可俯瞰城市天际线。	C148
3588	沐兰精品酒店	地址：陆良县建设路163号（陆良）。联系电话：020-82437254。前台多语言服务，支持行李寄存。酒店内有健身房和洗衣房，住客免费使用。含自助早餐，菜品丰富。周边 500 米内即是商场与美食街。	C148
3589	柏曼酒店	地址：陆良县迎宾大道172号（陆良）。联系电话：136-49242601 / 195-12208071。提供高速 Wi‑Fi 及 24 小时热水。距车站步行 5 分钟，交通便利。设有地下停车场与充电桩。	C148
3590	柏栎宾馆	地址：惠水县朝阳街270号（龙里）。联系电话：019-39170195 / 024-65094277。客房配备记忆棉床垫，保证舒适睡眠。周边 500 米内即是商场与美食街。含自助早餐，菜品丰富。	C312
3591	云栖酒店	地址：惠水县中心路31号（龙里）。联系电话：051-20940815 / 055-40809312。客房配备记忆棉床垫，保证舒适睡眠。可手机自助入住，无接触开门。部分房型可俯瞰城市天际线。	C312
3592	雅致宾馆	地址：惠水县和平路103号（龙里）。联系电话：198-17067862 / 152-95281396。可手机自助入住，无接触开门。提供高速 Wi‑Fi 及 24 小时热水。含自助早餐，菜品丰富。	C312
3593	柏栎精品酒店	地址：澧县解放路349号（临澧）。联系电话：130-35791960 / 197-61578231。酒店内有健身房和洗衣房，住客免费使用。设有地下停车场与充电桩。	C107
3594	桔子度假酒店	地址：澧县建设路351号（临澧）。联系电话：046-31630782 / 036-68911448。前台多语言服务，支持行李寄存。酒店内有健身房和洗衣房，住客免费使用。距车站步行 5 分钟，交通便利。	C107
3595	枫叶度假酒店	地址：澧县解放路344号（临澧）。联系电话：181-99564335。酒店内有健身房和洗衣房，住客免费使用。客房配备记忆棉床垫，保证舒适睡眠。	C107
3596	枫叶宾馆	地址：哈尔滨解放路179号（兰棱）。联系电话：188-46889956。含自助早餐，菜品丰富。酒店内有健身房和洗衣房，住客免费使用。前台多语言服务，支持行李寄存。	C066
3597	柏曼大酒店	地址：哈尔滨建设路285号（兰棱）。联系电话：041-72039576。含自助早餐，菜品丰富。提供高速 Wi‑Fi 及 24 小时热水。客房配备记忆棉床垫，保证舒适睡眠。设有地下停车场与充电桩。	C066
3598	楠舍国际酒店	地址：永州迎宾大道294号（零陵）。联系电话：035-88411827 / 153-86443368。提供高速 Wi‑Fi 及 24 小时热水。可手机自助入住，无接触开门。含自助早餐，菜品丰富。酒店内有健身房和洗衣房，住客免费使用。	C166
3599	璞丽国际酒店	地址：永州中心路19号（零陵）。联系电话：138-38877420 / 054-88009555。客房配备记忆棉床垫，保证舒适睡眠。设有地下停车场与充电桩。提供高速 Wi‑Fi 及 24 小时热水。	C166
3600	梅园宾馆	地址：永州朝阳街316号（零陵）。联系电话：199-29246048 / 151-50341325。酒店内有健身房和洗衣房，住客免费使用。可手机自助入住，无接触开门。部分房型可俯瞰城市天际线。前台多语言服务，支持行李寄存。	C166
3601	沐兰度假酒店	地址：卢龙县建设路164号（卢龙）。联系电话：134-10957796。酒店内有健身房和洗衣房，住客免费使用。周边 500 米内即是商场与美食街。含自助早餐，菜品丰富。设有地下停车场与充电桩。	C222
3602	梅园大酒店	地址：卢龙县朝阳街257号（卢龙）。联系电话：033-46411361 / 192-57005561。前台多语言服务，支持行李寄存。设有地下停车场与充电桩。部分房型可俯瞰城市天际线。	C222
3603	花筑酒店	地址：卢龙县人民大道285号（卢龙）。联系电话：011-84086316 / 059-61509277。设有地下停车场与充电桩。提供高速 Wi‑Fi 及 24 小时热水。	C222
3604	楠舍大酒店	地址：大庆中心路316号（喇嘛甸）。联系电话：196-34299102。周边 500 米内即是商场与美食街。酒店内有健身房和洗衣房，住客免费使用。设有地下停车场与充电桩。	C078
3605	楠舍大酒店	地址：大庆迎宾大道255号（喇嘛甸）。联系电话：047-80648093 / 196-74243583。距车站步行 5 分钟，交通便利。设有地下停车场与充电桩。提供高速 Wi‑Fi 及 24 小时热水。	C078
3606	楠舍酒店	地址：大庆和平路253号（喇嘛甸）。联系电话：197-58626355。距车站步行 5 分钟，交通便利。提供高速 Wi‑Fi 及 24 小时热水。	C078
3607	雅致国际酒店	地址：大庆迎宾大道267号（喇嘛甸）。联系电话：195-22608815。部分房型可俯瞰城市天际线。含自助早餐，菜品丰富。	C078
3608	悦榕精品酒店	地址：肇东人民大道6号（里木店）。联系电话：055-87115955。前台多语言服务，支持行李寄存。含自助早餐，菜品丰富。	C225
3609	桔子国际酒店	地址：肇东建设路92号（里木店）。联系电话：195-59687664 / 185-57719242。前台多语言服务，支持行李寄存。客房配备记忆棉床垫，保证舒适睡眠。距车站步行 5 分钟，交通便利。	C225
3610	楠舍宾馆	地址：肇东人民大道214号（里木店）。联系电话：154-87635702。客房配备记忆棉床垫，保证舒适睡眠。前台多语言服务，支持行李寄存。酒店内有健身房和洗衣房，住客免费使用。距车站步行 5 分钟，交通便利。	C225
3611	梅园度假酒店	地址：武山县朝阳街205号（洛门）。联系电话：199-14479293 / 153-49533659。客房配备记忆棉床垫，保证舒适睡眠。前台多语言服务，支持行李寄存。提供高速 Wi‑Fi 及 24 小时热水。可手机自助入住，无接触开门。	C081
3612	桔子宾馆	地址：武山县迎宾大道181号（洛门）。联系电话：042-34902392 / 038-71384281。部分房型可俯瞰城市天际线。前台多语言服务，支持行李寄存。可手机自助入住，无接触开门。	C081
3613	楠舍酒店	地址：武山县和平路161号（洛门）。联系电话：184-93447872 / 038-78235878。客房配备记忆棉床垫，保证舒适睡眠。设有地下停车场与充电桩。距车站步行 5 分钟，交通便利。含自助早餐，菜品丰富。	C081
3614	花筑酒店	地址：龙南县人民大道281号（龙南）。联系电话：134-65083193 / 033-62139152。部分房型可俯瞰城市天际线。距车站步行 5 分钟，交通便利。提供高速 Wi‑Fi 及 24 小时热水。	C252
3615	丽枫大酒店	地址：龙南县中心路77号（龙南）。联系电话：022-44080056 / 032-45615145。含自助早餐，菜品丰富。可手机自助入住，无接触开门。周边 500 米内即是商场与美食街。设有地下停车场与充电桩。	C252
3616	星程酒店	地址：龙南县中心路254号（龙南）。联系电话：137-25868533。前台多语言服务，支持行李寄存。提供高速 Wi‑Fi 及 24 小时热水。含自助早餐，菜品丰富。可手机自助入住，无接触开门。	C252
3617	雅致宾馆	地址：龙南县朝阳街261号（龙南）。联系电话：157-96913137。酒店内有健身房和洗衣房，住客免费使用。部分房型可俯瞰城市天际线。	C252
3618	楠舍宾馆	地址：重庆迎宾大道228号（梁平）。联系电话：155-20777216 / 036-76079813。设有地下停车场与充电桩。距车站步行 5 分钟，交通便利。含自助早餐，菜品丰富。提供高速 Wi‑Fi 及 24 小时热水。	C272
3619	碧桂酒店	地址：重庆建设路254号（梁平）。联系电话：183-93323727 / 030-87708557。距车站步行 5 分钟，交通便利。前台多语言服务，支持行李寄存。	C272
3620	悦榕精品酒店	地址：罗平县解放路121号（罗平）。联系电话：055-44809137。含自助早餐，菜品丰富。前台多语言服务，支持行李寄存。部分房型可俯瞰城市天际线。客房配备记忆棉床垫，保证舒适睡眠。	C148
3621	雅致宾馆	地址：罗平县和平路302号（罗平）。联系电话：197-80954711 / 059-77667506。部分房型可俯瞰城市天际线。设有地下停车场与充电桩。	C148
3622	楠舍国际酒店	地址：北京迎宾大道350号（落坡岭）。联系电话：012-42444795。部分房型可俯瞰城市天际线。周边 500 米内即是商场与美食街。	C039
3623	丽枫宾馆	地址：北京中心路39号（落坡岭）。联系电话：183-23605694。设有地下停车场与充电桩。前台多语言服务，支持行李寄存。距车站步行 5 分钟，交通便利。提供高速 Wi‑Fi 及 24 小时热水。	C039
3624	柏栎精品酒店	地址：北京解放路161号（落坡岭）。联系电话：190-72330534。前台多语言服务，支持行李寄存。含自助早餐，菜品丰富。可手机自助入住，无接触开门。	C039
3625	花筑国际酒店	地址：北京朝阳街391号（落坡岭）。联系电话：199-78717847。距车站步行 5 分钟，交通便利。客房配备记忆棉床垫，保证舒适睡眠。周边 500 米内即是商场与美食街。	C039
3626	桔子精品酒店	地址：固原和平路189号（六盘山）。联系电话：183-15635380。设有地下停车场与充电桩。酒店内有健身房和洗衣房，住客免费使用。	C074
3627	雅致精品酒店	地址：固原和平路312号（六盘山）。联系电话：024-64307550。酒店内有健身房和洗衣房，住客免费使用。可手机自助入住，无接触开门。周边 500 米内即是商场与美食街。	C074
3628	星程国际酒店	地址：乐平和平路122号（乐平市）。联系电话：180-83167030。酒店内有健身房和洗衣房，住客免费使用。周边 500 米内即是商场与美食街。客房配备记忆棉床垫，保证舒适睡眠。前台多语言服务，支持行李寄存。	C147
3629	柏栎国际酒店	地址：乐平解放路202号（乐平市）。联系电话：026-77770779。含自助早餐，菜品丰富。可手机自助入住，无接触开门。部分房型可俯瞰城市天际线。前台多语言服务，支持行李寄存。	C147
3630	柏曼国际酒店	地址：乐平朝阳街262号（乐平市）。联系电话：187-72330377。客房配备记忆棉床垫，保证舒适睡眠。含自助早餐，菜品丰富。可手机自助入住，无接触开门。	C147
3631	云栖精品酒店	地址：临清朝阳街111号（临清）。联系电话：021-72989987。周边 500 米内即是商场与美食街。酒店内有健身房和洗衣房，住客免费使用。设有地下停车场与充电桩。前台多语言服务，支持行李寄存。	C227
3632	桔子宾馆	地址：临清朝阳街162号（临清）。联系电话：132-56585607。提供高速 Wi‑Fi 及 24 小时热水。酒店内有健身房和洗衣房，住客免费使用。距车站步行 5 分钟，交通便利。	C227
3633	枫叶国际酒店	地址：临清和平路184号（临清）。联系电话：199-46380720。设有地下停车场与充电桩。部分房型可俯瞰城市天际线。酒店内有健身房和洗衣房，住客免费使用。可手机自助入住，无接触开门。	C227
3634	楠舍精品酒店	地址：永登县中心路98号（龙泉寺）。联系电话：152-48740961 / 197-68544784。可手机自助入住，无接触开门。含自助早餐，菜品丰富。距车站步行 5 分钟，交通便利。部分房型可俯瞰城市天际线。	C034
3635	悦榕酒店	地址：永登县中心路390号（龙泉寺）。联系电话：038-60577779 / 192-96279964。部分房型可俯瞰城市天际线。距车站步行 5 分钟，交通便利。	C034
3636	枫叶度假酒店	地址：永登县解放路103号（龙泉寺）。联系电话：195-65918837。设有地下停车场与充电桩。距车站步行 5 分钟，交通便利。含自助早餐，菜品丰富。周边 500 米内即是商场与美食街。	C034
3637	柏曼度假酒店	地址：夹江县迎宾大道322号（乐山北）。联系电话：196-26520098 / 022-26568943。客房配备记忆棉床垫，保证舒适睡眠。可手机自助入住，无接触开门。距车站步行 5 分钟，交通便利。	C019
3638	璞丽大酒店	地址：夹江县建设路342号（乐山北）。联系电话：042-36946197 / 153-45036952。含自助早餐，菜品丰富。客房配备记忆棉床垫，保证舒适睡眠。	C019
3639	星程度假酒店	地址：宜良县中心路129号（乐善村）。联系电话：134-14740783。客房配备记忆棉床垫，保证舒适睡眠。可手机自助入住，无接触开门。	C142
3640	悦榕国际酒店	地址：宜良县迎宾大道348号（乐善村）。联系电话：030-27694814。前台多语言服务，支持行李寄存。距车站步行 5 分钟，交通便利。	C142
3641	悦榕大酒店	地址：宜良县解放路246号（乐善村）。联系电话：028-57475836 / 153-29826919。周边 500 米内即是商场与美食街。酒店内有健身房和洗衣房，住客免费使用。距车站步行 5 分钟，交通便利。	C142
3642	花筑国际酒店	地址：宜良县中心路165号（乐善村）。联系电话：057-58987046 / 187-85142740。可手机自助入住，无接触开门。距车站步行 5 分钟，交通便利。提供高速 Wi‑Fi 及 24 小时热水。含自助早餐，菜品丰富。	C142
3643	碧桂精品酒店	地址：娄底和平路323号（冷水江东）。联系电话：036-85719578。提供高速 Wi‑Fi 及 24 小时热水。可手机自助入住，无接触开门。	C085
3644	璞丽精品酒店	地址：娄底解放路269号（冷水江东）。联系电话：018-34599241 / 035-71244395。含自助早餐，菜品丰富。提供高速 Wi‑Fi 及 24 小时热水。部分房型可俯瞰城市天际线。	C085
3645	璞丽宾馆	地址：娄底人民大道389号（冷水江东）。联系电话：038-45770258 / 021-76644914。设有地下停车场与充电桩。客房配备记忆棉床垫，保证舒适睡眠。可手机自助入住，无接触开门。周边 500 米内即是商场与美食街。	C085
3646	丽枫精品酒店	地址：本溪满族自治县和平路10号（连山关）。联系电话：010-79313237。前台多语言服务，支持行李寄存。部分房型可俯瞰城市天际线。	C151
3647	星程国际酒店	地址：本溪满族自治县建设路345号（连山关）。联系电话：042-49438513。周边 500 米内即是商场与美食街。设有地下停车场与充电桩。前台多语言服务，支持行李寄存。客房配备记忆棉床垫，保证舒适睡眠。	C151
3648	雅致酒店	地址：本溪满族自治县中心路337号（连山关）。联系电话：046-70580151 / 059-44043502。前台多语言服务，支持行李寄存。提供高速 Wi‑Fi 及 24 小时热水。客房配备记忆棉床垫，保证舒适睡眠。	C151
3649	丽枫大酒店	地址：滦平县和平路164号（流水沟）。联系电话：035-61667523 / 058-86471211。酒店内有健身房和洗衣房，住客免费使用。可手机自助入住，无接触开门。设有地下停车场与充电桩。	C130
3650	楠舍精品酒店	地址：滦平县解放路36号（流水沟）。联系电话：131-46128611 / 159-63600153。可手机自助入住，无接触开门。提供高速 Wi‑Fi 及 24 小时热水。	C130
3651	锦江宾馆	地址：滦平县建设路200号（流水沟）。联系电话：053-57537695 / 153-22897486。可手机自助入住，无接触开门。前台多语言服务，支持行李寄存。	C130
3652	锦江精品酒店	地址：丽水人民大道188号（丽水）。联系电话：184-73418538 / 039-67792238。可手机自助入住，无接触开门。提供高速 Wi‑Fi 及 24 小时热水。周边 500 米内即是商场与美食街。设有地下停车场与充电桩。	C014
3653	悦榕度假酒店	地址：丽水解放路308号（丽水）。联系电话：150-62616877 / 191-77102070。设有地下停车场与充电桩。含自助早餐，菜品丰富。酒店内有健身房和洗衣房，住客免费使用。	C014
3654	悦榕国际酒店	地址：陵水黎族自治县和平路55号（陵水）。联系电话：045-40360132 / 151-80266906。含自助早餐，菜品丰富。提供高速 Wi‑Fi 及 24 小时热水。部分房型可俯瞰城市天际线。前台多语言服务，支持行李寄存。	C319
3655	梅园酒店	地址：陵水黎族自治县迎宾大道76号（陵水）。联系电话：198-20903548。客房配备记忆棉床垫，保证舒适睡眠。设有地下停车场与充电桩。距车站步行 5 分钟，交通便利。	C319
3656	枫叶精品酒店	地址：陵水黎族自治县解放路60号（陵水）。联系电话：191-23673747。酒店内有健身房和洗衣房，住客免费使用。可手机自助入住，无接触开门。客房配备记忆棉床垫，保证舒适睡眠。周边 500 米内即是商场与美食街。	C319
3657	沐兰精品酒店	地址：陵水黎族自治县解放路203号（陵水）。联系电话：039-63660592。周边 500 米内即是商场与美食街。部分房型可俯瞰城市天际线。设有地下停车场与充电桩。	C319
3658	星程精品酒店	地址：罗山县朝阳街41号（罗山）。联系电话：050-31327881 / 028-59788736。周边 500 米内即是商场与美食街。距车站步行 5 分钟，交通便利。	C028
3659	丽枫精品酒店	地址：罗山县建设路251号（罗山）。联系电话：188-17763597 / 135-20719156。可手机自助入住，无接触开门。客房配备记忆棉床垫，保证舒适睡眠。	C028
3660	云栖精品酒店	地址：鲁山县建设路284号（鲁山）。联系电话：036-30091965。可手机自助入住，无接触开门。部分房型可俯瞰城市天际线。	C109
3661	柏曼国际酒店	地址：鲁山县建设路391号（鲁山）。联系电话：191-15673868 / 028-69107764。酒店内有健身房和洗衣房，住客免费使用。部分房型可俯瞰城市天际线。前台多语言服务，支持行李寄存。	C109
3662	花筑大酒店	地址：鲁山县迎宾大道171号（鲁山）。联系电话：153-27983833。提供高速 Wi‑Fi 及 24 小时热水。客房配备记忆棉床垫，保证舒适睡眠。酒店内有健身房和洗衣房，住客免费使用。周边 500 米内即是商场与美食街。	C109
3663	星程精品酒店	地址：梁山县中心路212号（梁山）。联系电话：192-36845389 / 158-59838217。前台多语言服务，支持行李寄存。酒店内有健身房和洗衣房，住客免费使用。周边 500 米内即是商场与美食街。距车站步行 5 分钟，交通便利。	C181
3664	云栖酒店	地址：梁山县建设路64号（梁山）。联系电话：056-43551981 / 194-42092706。可手机自助入住，无接触开门。部分房型可俯瞰城市天际线。客房配备记忆棉床垫，保证舒适睡眠。提供高速 Wi‑Fi 及 24 小时热水。	C181
3665	悦榕精品酒店	地址：梁山县中心路310号（梁山）。联系电话：059-74905396 / 188-52816027。前台多语言服务，支持行李寄存。提供高速 Wi‑Fi 及 24 小时热水。含自助早餐，菜品丰富。客房配备记忆棉床垫，保证舒适睡眠。	C181
3666	锦江国际酒店	地址：梁山县和平路185号（梁山）。联系电话：025-60123283 / 026-45615139。客房配备记忆棉床垫，保证舒适睡眠。可手机自助入住，无接触开门。周边 500 米内即是商场与美食街。	C181
3667	云栖酒店	地址：灵石县朝阳街277号（灵石）。联系电话：045-35908684。含自助早餐，菜品丰富。可手机自助入住，无接触开门。	C145
3668	花筑精品酒店	地址：灵石县中心路69号（灵石）。联系电话：055-84627640 / 011-49303518。含自助早餐，菜品丰富。距车站步行 5 分钟，交通便利。	C145
3669	星程精品酒店	地址：灵石县和平路202号（灵石）。联系电话：155-19020868 / 041-72574583。含自助早餐，菜品丰富。设有地下停车场与充电桩。距车站步行 5 分钟，交通便利。酒店内有健身房和洗衣房，住客免费使用。	C145
3670	柏曼精品酒店	地址：抚松县和平路229号（露水河）。联系电话：181-94568048。可手机自助入住，无接触开门。周边 500 米内即是商场与美食街。	C212
3671	丽枫精品酒店	地址：抚松县迎宾大道383号（露水河）。联系电话：053-80944840 / 158-51958301。设有地下停车场与充电桩。酒店内有健身房和洗衣房，住客免费使用。可手机自助入住，无接触开门。提供高速 Wi‑Fi 及 24 小时热水。	C212
3672	桔子大酒店	地址：抚松县朝阳街140号（露水河）。联系电话：027-64313448 / 155-17394543。客房配备记忆棉床垫，保证舒适睡眠。距车站步行 5 分钟，交通便利。前台多语言服务，支持行李寄存。设有地下停车场与充电桩。	C212
3673	枫叶度假酒店	地址：抚松县和平路30号（露水河）。联系电话：048-26995560 / 048-28989466。提供高速 Wi‑Fi 及 24 小时热水。周边 500 米内即是商场与美食街。距车站步行 5 分钟，交通便利。	C212
3674	柏栎精品酒店	地址：庐山建设路252号（庐山）。联系电话：189-14334113 / 137-79420395。距车站步行 5 分钟，交通便利。客房配备记忆棉床垫，保证舒适睡眠。前台多语言服务，支持行李寄存。	C020
3675	柏栎精品酒店	地址：庐山人民大道231号（庐山）。联系电话：052-88053593 / 135-65479864。前台多语言服务，支持行李寄存。可手机自助入住，无接触开门。含自助早餐，菜品丰富。客房配备记忆棉床垫，保证舒适睡眠。	C020
3676	云栖国际酒店	地址：庐山中心路308号（庐山）。联系电话：184-60379748 / 032-48653136。设有地下停车场与充电桩。酒店内有健身房和洗衣房，住客免费使用。前台多语言服务，支持行李寄存。可手机自助入住，无接触开门。	C020
3677	璞丽大酒店	地址：庐山建设路340号（庐山）。联系电话：058-28953002 / 194-36160780。设有地下停车场与充电桩。可手机自助入住，无接触开门。	C020
3678	柏曼酒店	地址：沈阳人民大道60号（林盛堡）。联系电话：184-29300879 / 139-98326211。客房配备记忆棉床垫，保证舒适睡眠。提供高速 Wi‑Fi 及 24 小时热水。酒店内有健身房和洗衣房，住客免费使用。可手机自助入住，无接触开门。	C172
3679	柏栎酒店	地址：沈阳建设路193号（林盛堡）。联系电话：198-54854494。前台多语言服务，支持行李寄存。含自助早餐，菜品丰富。可手机自助入住，无接触开门。	C172
3680	楠舍国际酒店	地址：葫芦岛朝阳街223号（柳树屯）。联系电话：159-80322298 / 015-63658908。周边 500 米内即是商场与美食街。含自助早餐，菜品丰富。客房配备记忆棉床垫，保证舒适睡眠。距车站步行 5 分钟，交通便利。	C239
3681	楠舍度假酒店	地址：葫芦岛解放路145号（柳树屯）。联系电话：138-17713383。前台多语言服务，支持行李寄存。设有地下停车场与充电桩。含自助早餐，菜品丰富。	C239
3682	花筑精品酒店	地址：葫芦岛人民大道300号（柳树屯）。联系电话：052-39976339 / 182-53116525。周边 500 米内即是商场与美食街。部分房型可俯瞰城市天际线。酒店内有健身房和洗衣房，住客免费使用。	C239
3683	月光酒店	地址：南靖县朝阳街159号（龙山镇）。联系电话：039-79518895。含自助早餐，菜品丰富。酒店内有健身房和洗衣房，住客免费使用。客房配备记忆棉床垫，保证舒适睡眠。	C201
3684	楠舍宾馆	地址：南靖县人民大道103号（龙山镇）。联系电话：156-43679392。提供高速 Wi‑Fi 及 24 小时热水。含自助早餐，菜品丰富。酒店内有健身房和洗衣房，住客免费使用。客房配备记忆棉床垫，保证舒适睡眠。	C201
3685	月光精品酒店	地址：鸡西人民大道383号（梨树镇）。联系电话：023-54279485。距车站步行 5 分钟，交通便利。含自助早餐，菜品丰富。	C303
3686	丽枫宾馆	地址：鸡西中心路329号（梨树镇）。联系电话：043-46122174 / 152-10828043。周边 500 米内即是商场与美食街。设有地下停车场与充电桩。部分房型可俯瞰城市天际线。	C303
3687	云栖大酒店	地址：鸡西中心路172号（梨树镇）。联系电话：158-62698605。距车站步行 5 分钟，交通便利。部分房型可俯瞰城市天际线。酒店内有健身房和洗衣房，住客免费使用。	C303
3688	枫叶宾馆	地址：鸡西人民大道107号（梨树镇）。联系电话：035-88342609 / 151-67680739。提供高速 Wi‑Fi 及 24 小时热水。周边 500 米内即是商场与美食街。	C303
3689	月光酒店	地址：抚顺朝阳街15号（李石寨）。联系电话：058-32383702 / 032-22292312。含自助早餐，菜品丰富。部分房型可俯瞰城市天际线。距车站步行 5 分钟，交通便利。	C132
3690	枫叶度假酒店	地址：抚顺解放路37号（李石寨）。联系电话：058-47922028 / 155-96300983。含自助早餐，菜品丰富。设有地下停车场与充电桩。	C132
3691	柏曼酒店	地址：宾阳县和平路156号（黎塘）。联系电话：151-33995580 / 055-73777662。含自助早餐，菜品丰富。酒店内有健身房和洗衣房，住客免费使用。	C044
3692	桔子大酒店	地址：宾阳县迎宾大道186号（黎塘）。联系电话：030-61445194 / 151-97760941。周边 500 米内即是商场与美食街。部分房型可俯瞰城市天际线。	C044
3693	云栖度假酒店	地址：轮台县解放路283号（轮台）。联系电话：139-30558522。设有地下停车场与充电桩。周边 500 米内即是商场与美食街。提供高速 Wi‑Fi 及 24 小时热水。	C105
3694	枫叶精品酒店	地址：轮台县中心路283号（轮台）。联系电话：016-33873469。部分房型可俯瞰城市天际线。含自助早餐，菜品丰富。可手机自助入住，无接触开门。周边 500 米内即是商场与美食街。	C105
3695	楠舍酒店	地址：天津解放路198号（芦台）。联系电话：133-44842074 / 195-56093787。酒店内有健身房和洗衣房，住客免费使用。含自助早餐，菜品丰富。距车站步行 5 分钟，交通便利。	C082
3696	柏曼精品酒店	地址：天津朝阳街58号（芦台）。联系电话：018-33239727 / 130-39599033。可手机自助入住，无接触开门。客房配备记忆棉床垫，保证舒适睡眠。	C082
3697	桔子大酒店	地址：天津解放路97号（芦台）。联系电话：050-87946967。部分房型可俯瞰城市天际线。前台多语言服务，支持行李寄存。	C082
3698	璞丽度假酒店	地址：天津人民大道230号（芦台）。联系电话：158-21903021 / 045-32771380。含自助早餐，菜品丰富。设有地下停车场与充电桩。周边 500 米内即是商场与美食街。	C082
3699	云栖度假酒店	地址：禄丰县建设路32号（龙塘坝）。联系电话：013-29330010 / 022-83940641。客房配备记忆棉床垫，保证舒适睡眠。距车站步行 5 分钟，交通便利。设有地下停车场与充电桩。前台多语言服务，支持行李寄存。	C161
3700	星程国际酒店	地址：禄丰县迎宾大道314号（龙塘坝）。联系电话：153-44493728 / 154-33047551。设有地下停车场与充电桩。客房配备记忆棉床垫，保证舒适睡眠。	C161
3701	悦榕国际酒店	地址：禄丰县人民大道57号（龙塘坝）。联系电话：048-23641028 / 055-41491284。设有地下停车场与充电桩。提供高速 Wi‑Fi 及 24 小时热水。含自助早餐，菜品丰富。	C161
3702	枫叶国际酒店	地址：禄丰县朝阳街71号（龙塘坝）。联系电话：185-86378695 / 035-54299956。含自助早餐，菜品丰富。部分房型可俯瞰城市天际线。可手机自助入住，无接触开门。	C161
3703	柏曼宾馆	地址：崇左人民大道211号（濑湍）。联系电话：134-77979523。酒店内有健身房和洗衣房，住客免费使用。距车站步行 5 分钟，交通便利。含自助早餐，菜品丰富。	C102
3704	桔子大酒店	地址：崇左朝阳街149号（濑湍）。联系电话：131-12699403 / 037-31778657。部分房型可俯瞰城市天际线。设有地下停车场与充电桩。距车站步行 5 分钟，交通便利。	C102
3705	花筑度假酒店	地址：榆中县迎宾大道256号（骆驼巷）。联系电话：185-86520778。前台多语言服务，支持行李寄存。酒店内有健身房和洗衣房，住客免费使用。周边 500 米内即是商场与美食街。	C034
3706	云栖精品酒店	地址：榆中县中心路383号（骆驼巷）。联系电话：021-31820479 / 047-29064898。设有地下停车场与充电桩。前台多语言服务，支持行李寄存。含自助早餐，菜品丰富。距车站步行 5 分钟，交通便利。	C034
3707	楠舍酒店	地址：榆中县解放路97号（骆驼巷）。联系电话：023-52436796。前台多语言服务，支持行李寄存。提供高速 Wi‑Fi 及 24 小时热水。	C034
3708	楠舍酒店	地址：海原县和平路160号（李旺）。联系电话：196-59794514。设有地下停车场与充电桩。提供高速 Wi‑Fi 及 24 小时热水。含自助早餐，菜品丰富。	C009
3709	星程大酒店	地址：海原县中心路370号（李旺）。联系电话：029-53820491 / 042-27548693。含自助早餐，菜品丰富。距车站步行 5 分钟，交通便利。	C009
3710	楠舍精品酒店	地址：莱芜人民大道394号（莱芜东）。联系电话：156-75947747。距车站步行 5 分钟，交通便利。可手机自助入住，无接触开门。提供高速 Wi‑Fi 及 24 小时热水。	C180
3711	月光度假酒店	地址：莱芜人民大道330号（莱芜东）。联系电话：015-82436595。距车站步行 5 分钟，交通便利。可手机自助入住，无接触开门。周边 500 米内即是商场与美食街。含自助早餐，菜品丰富。	C180
3712	星程大酒店	地址：莱芜朝阳街176号（莱芜东）。联系电话：132-80829675 / 045-37901209。周边 500 米内即是商场与美食街。提供高速 Wi‑Fi 及 24 小时热水。部分房型可俯瞰城市天际线。可手机自助入住，无接触开门。	C180
3713	云栖宾馆	地址：莱芜解放路108号（莱芜东）。联系电话：158-17786804。距车站步行 5 分钟，交通便利。可手机自助入住，无接触开门。设有地下停车场与充电桩。	C180
3714	雅致酒店	地址：肃南裕固族自治县中心路183号（狼尾山）。联系电话：191-86227120。酒店内有健身房和洗衣房，住客免费使用。部分房型可俯瞰城市天际线。	C120
3715	柏栎酒店	地址：肃南裕固族自治县中心路277号（狼尾山）。联系电话：018-32960172。设有地下停车场与充电桩。含自助早餐，菜品丰富。周边 500 米内即是商场与美食街。	C120
3716	月光精品酒店	地址：肃南裕固族自治县建设路248号（狼尾山）。联系电话：017-52708413 / 023-23038482。部分房型可俯瞰城市天际线。含自助早餐，菜品丰富。提供高速 Wi‑Fi 及 24 小时热水。设有地下停车场与充电桩。	C120
3717	沐兰宾馆	地址：肃南裕固族自治县解放路100号（狼尾山）。联系电话：154-74938733。含自助早餐，菜品丰富。部分房型可俯瞰城市天际线。	C120
3718	花筑酒店	地址：灵武中心路385号（灵武）。联系电话：020-75484724 / 044-64035634。距车站步行 5 分钟，交通便利。部分房型可俯瞰城市天际线。提供高速 Wi‑Fi 及 24 小时热水。含自助早餐，菜品丰富。	C279
3719	星程国际酒店	地址：灵武和平路188号（灵武）。联系电话：053-84268050 / 038-82329063。距车站步行 5 分钟，交通便利。设有地下停车场与充电桩。酒店内有健身房和洗衣房，住客免费使用。部分房型可俯瞰城市天际线。	C279
3720	楠舍国际酒店	地址：灵武迎宾大道347号（灵武）。联系电话：150-83324851 / 186-50172461。提供高速 Wi‑Fi 及 24 小时热水。前台多语言服务，支持行李寄存。	C279
3721	楠舍度假酒店	地址：莱芜朝阳街241号（莱芜西）。联系电话：046-26921411。含自助早餐，菜品丰富。可手机自助入住，无接触开门。前台多语言服务，支持行李寄存。	C180
3722	璞丽酒店	地址：莱芜解放路231号（莱芜西）。联系电话：027-54512403 / 137-77951639。周边 500 米内即是商场与美食街。设有地下停车场与充电桩。	C180
3723	花筑宾馆	地址：铁力人民大道111号（朗乡）。联系电话：050-34891135 / 032-24127569。可手机自助入住，无接触开门。客房配备记忆棉床垫，保证舒适睡眠。提供高速 Wi‑Fi 及 24 小时热水。	C023
3724	璞丽国际酒店	地址：铁力人民大道371号（朗乡）。联系电话：053-31249186。可手机自助入住，无接触开门。设有地下停车场与充电桩。前台多语言服务，支持行李寄存。	C023
3725	梅园宾馆	地址：铁力建设路323号（朗乡）。联系电话：154-36280420 / 029-45015139。周边 500 米内即是商场与美食街。酒店内有健身房和洗衣房，住客免费使用。部分房型可俯瞰城市天际线。	C023
3726	桔子度假酒店	地址：陇县迎宾大道6号（陇县）。联系电话：196-28802187 / 034-29800737。提供高速 Wi‑Fi 及 24 小时热水。设有地下停车场与充电桩。前台多语言服务，支持行李寄存。酒店内有健身房和洗衣房，住客免费使用。	C097
3727	枫叶宾馆	地址：陇县迎宾大道315号（陇县）。联系电话：056-65537034 / 035-83909876。前台多语言服务，支持行李寄存。可手机自助入住，无接触开门。	C097
3728	柏曼度假酒店	地址：陇县朝阳街41号（陇县）。联系电话：197-12192774。部分房型可俯瞰城市天际线。含自助早餐，菜品丰富。可手机自助入住，无接触开门。酒店内有健身房和洗衣房，住客免费使用。	C097
3729	月光国际酒店	地址：岳阳朝阳街70号（临湘）。联系电话：156-24546246 / 055-46083363。酒店内有健身房和洗衣房，住客免费使用。前台多语言服务，支持行李寄存。客房配备记忆棉床垫，保证舒适睡眠。提供高速 Wi‑Fi 及 24 小时热水。	C101
3730	碧桂精品酒店	地址：岳阳迎宾大道4号（临湘）。联系电话：191-28243017。酒店内有健身房和洗衣房，住客免费使用。设有地下停车场与充电桩。距车站步行 5 分钟，交通便利。客房配备记忆棉床垫，保证舒适睡眠。	C101
3731	悦榕酒店	地址：岳阳和平路209号（临湘）。联系电话：192-47859897 / 032-70972227。周边 500 米内即是商场与美食街。前台多语言服务，支持行李寄存。提供高速 Wi‑Fi 及 24 小时热水。设有地下停车场与充电桩。	C101
3732	柏栎宾馆	地址：岳阳朝阳街398号（临湘）。联系电话：012-67147699。距车站步行 5 分钟，交通便利。周边 500 米内即是商场与美食街。含自助早餐，菜品丰富。	C101
3733	沐兰宾馆	地址：萍乡迎宾大道27号（芦溪）。联系电话：029-52602848。酒店内有健身房和洗衣房，住客免费使用。部分房型可俯瞰城市天际线。	C237
3734	碧桂度假酒店	地址：萍乡朝阳街330号（芦溪）。联系电话：191-75615017 / 152-27059102。酒店内有健身房和洗衣房，住客免费使用。提供高速 Wi‑Fi 及 24 小时热水。距车站步行 5 分钟，交通便利。客房配备记忆棉床垫，保证舒适睡眠。	C237
3735	璞丽精品酒店	地址：萍乡迎宾大道346号（芦溪）。联系电话：043-86086379 / 014-87166774。可手机自助入住，无接触开门。周边 500 米内即是商场与美食街。	C237
3736	沐兰宾馆	地址：莱西和平路379号（莱西）。联系电话：053-69443527 / 020-27016129。设有地下停车场与充电桩。距车站步行 5 分钟，交通便利。可手机自助入住，无接触开门。部分房型可俯瞰城市天际线。	C297
3737	丽枫度假酒店	地址：莱西人民大道234号（莱西）。联系电话：059-43682292。前台多语言服务，支持行李寄存。部分房型可俯瞰城市天际线。客房配备记忆棉床垫，保证舒适睡眠。周边 500 米内即是商场与美食街。	C297
3738	柏曼酒店	地址：莱西解放路329号（莱西）。联系电话：184-42462496。设有地下停车场与充电桩。周边 500 米内即是商场与美食街。酒店内有健身房和洗衣房，住客免费使用。	C297
3739	花筑国际酒店	地址：莱西迎宾大道102号（莱西）。联系电话：051-84440970 / 133-74766971。可手机自助入住，无接触开门。含自助早餐，菜品丰富。提供高速 Wi‑Fi 及 24 小时热水。	C297
3740	桔子宾馆	地址：林西县和平路279号（林西）。联系电话：021-59837294。提供高速 Wi‑Fi 及 24 小时热水。酒店内有健身房和洗衣房，住客免费使用。	C253
3741	月光精品酒店	地址：林西县中心路63号（林西）。联系电话：181-73243795 / 138-51836460。部分房型可俯瞰城市天际线。酒店内有健身房和洗衣房，住客免费使用。	C253
3742	楠舍酒店	地址：林西县建设路301号（林西）。联系电话：012-71314564。可手机自助入住，无接触开门。含自助早餐，菜品丰富。	C253
3743	桔子大酒店	地址：林西县建设路3号（林西）。联系电话：037-57441561 / 022-62672007。设有地下停车场与充电桩。客房配备记忆棉床垫，保证舒适睡眠。部分房型可俯瞰城市天际线。可手机自助入住，无接触开门。	C253
3744	楠舍国际酒店	地址：滦县迎宾大道203号（滦县）。联系电话：042-55847159 / 012-58981976。客房配备记忆棉床垫，保证舒适睡眠。周边 500 米内即是商场与美食街。	C067
3745	雅致大酒店	地址：滦县中心路71号（滦县）。联系电话：188-63305974 / 057-50618079。含自助早餐，菜品丰富。部分房型可俯瞰城市天际线。	C067
3746	云栖大酒店	地址：莱阳建设路73号（莱阳）。联系电话：048-77752030。距车站步行 5 分钟，交通便利。设有地下停车场与充电桩。部分房型可俯瞰城市天际线。客房配备记忆棉床垫，保证舒适睡眠。	C205
3747	雅致度假酒店	地址：莱阳和平路353号（莱阳）。联系电话：059-40363455 / 025-43796096。设有地下停车场与充电桩。提供高速 Wi‑Fi 及 24 小时热水。	C205
3748	丽枫酒店	地址：莱阳朝阳街281号（莱阳）。联系电话：185-68633598 / 130-94979817。部分房型可俯瞰城市天际线。距车站步行 5 分钟，交通便利。周边 500 米内即是商场与美食街。	C205
3749	月光宾馆	地址：莱阳建设路232号（莱阳）。联系电话：034-29805997。周边 500 米内即是商场与美食街。酒店内有健身房和洗衣房，住客免费使用。含自助早餐，菜品丰富。	C205
3750	枫叶度假酒店	地址：略阳县人民大道221号（略阳）。联系电话：039-46449765 / 018-66099949。客房配备记忆棉床垫，保证舒适睡眠。提供高速 Wi‑Fi 及 24 小时热水。	C167
3751	楠舍度假酒店	地址：略阳县建设路94号（略阳）。联系电话：133-67077151。提供高速 Wi‑Fi 及 24 小时热水。含自助早餐，菜品丰富。	C167
3752	沐兰大酒店	地址：辽阳解放路237号（辽阳）。联系电话：059-51155553。含自助早餐，菜品丰富。前台多语言服务，支持行李寄存。可手机自助入住，无接触开门。	C255
3753	桔子大酒店	地址：辽阳朝阳街22号（辽阳）。联系电话：010-21516779 / 155-87978554。可手机自助入住，无接触开门。设有地下停车场与充电桩。	C255
3754	梅园酒店	地址：凌源建设路300号（凌源东）。联系电话：041-24132938。酒店内有健身房和洗衣房，住客免费使用。距车站步行 5 分钟，交通便利。客房配备记忆棉床垫，保证舒适睡眠。设有地下停车场与充电桩。	C150
3755	楠舍精品酒店	地址：凌源迎宾大道83号（凌源东）。联系电话：051-53156170 / 021-62617500。距车站步行 5 分钟，交通便利。可手机自助入住，无接触开门。	C150
3756	丽枫度假酒店	地址：凌源建设路375号（凌源东）。联系电话：190-76263146。客房配备记忆棉床垫，保证舒适睡眠。可手机自助入住，无接触开门。	C150
3757	梅园国际酒店	地址：凌源朝阳街5号（凌源东）。联系电话：018-58374320。酒店内有健身房和洗衣房，住客免费使用。设有地下停车场与充电桩。前台多语言服务，支持行李寄存。	C150
3758	柏曼大酒店	地址：临沂解放路269号（临沂东）。联系电话：057-83481166 / 152-84023938。周边 500 米内即是商场与美食街。距车站步行 5 分钟，交通便利。	C012
3759	枫叶酒店	地址：临沂人民大道365号（临沂东）。联系电话：042-75109613。客房配备记忆棉床垫，保证舒适睡眠。可手机自助入住，无接触开门。距车站步行 5 分钟，交通便利。部分房型可俯瞰城市天际线。	C012
3760	璞丽度假酒店	地址：连云港和平路382号（连云港）。联系电话：046-25946872 / 153-79304718。可手机自助入住，无接触开门。客房配备记忆棉床垫，保证舒适睡眠。提供高速 Wi‑Fi 及 24 小时热水。	C258
3761	璞丽大酒店	地址：连云港建设路187号（连云港）。联系电话：040-60958688 / 021-44003411。周边 500 米内即是商场与美食街。提供高速 Wi‑Fi 及 24 小时热水。设有地下停车场与充电桩。可手机自助入住，无接触开门。	C258
3762	楠舍国际酒店	地址：连云港建设路137号（连云港）。联系电话：159-33493350 / 199-16680299。酒店内有健身房和洗衣房，住客免费使用。部分房型可俯瞰城市天际线。	C258
3763	楠舍国际酒店	地址：临颍县解放路369号（临颍）。联系电话：192-52704563。前台多语言服务，支持行李寄存。周边 500 米内即是商场与美食街。设有地下停车场与充电桩。	C200
3764	枫叶酒店	地址：临颍县解放路294号（临颍）。联系电话：186-43732156。客房配备记忆棉床垫，保证舒适睡眠。酒店内有健身房和洗衣房，住客免费使用。	C200
3765	锦江大酒店	地址：临颍县朝阳街358号（临颍）。联系电话：182-23680793。部分房型可俯瞰城市天际线。提供高速 Wi‑Fi 及 24 小时热水。前台多语言服务，支持行李寄存。含自助早餐，菜品丰富。	C200
3766	悦榕国际酒店	地址：临颍县中心路347号（临颍）。联系电话：158-83590212 / 044-21564800。提供高速 Wi‑Fi 及 24 小时热水。前台多语言服务，支持行李寄存。可手机自助入住，无接触开门。	C200
3767	楠舍国际酒店	地址：白山迎宾大道361号（老营）。联系电话：023-69498677。距车站步行 5 分钟，交通便利。前台多语言服务，支持行李寄存。提供高速 Wi‑Fi 及 24 小时热水。	C212
3768	丽枫酒店	地址：白山中心路242号（老营）。联系电话：052-30663764 / 182-61855241。前台多语言服务，支持行李寄存。部分房型可俯瞰城市天际线。距车站步行 5 分钟，交通便利。酒店内有健身房和洗衣房，住客免费使用。	C212
3769	月光精品酒店	地址：龙游县解放路198号（龙游）。联系电话：137-58464469。距车站步行 5 分钟，交通便利。酒店内有健身房和洗衣房，住客免费使用。	C243
3770	枫叶大酒店	地址：龙游县建设路151号（龙游）。联系电话：034-57950521。提供高速 Wi‑Fi 及 24 小时热水。酒店内有健身房和洗衣房，住客免费使用。部分房型可俯瞰城市天际线。距车站步行 5 分钟，交通便利。	C243
3771	丽枫度假酒店	地址：龙游县解放路123号（龙游）。联系电话：196-68239275 / 139-72160231。周边 500 米内即是商场与美食街。酒店内有健身房和洗衣房，住客免费使用。前台多语言服务，支持行李寄存。客房配备记忆棉床垫，保证舒适睡眠。	C243
3772	柏曼酒店	地址：罗源县中心路313号（罗源）。联系电话：183-69455774 / 053-37135837。设有地下停车场与充电桩。提供高速 Wi‑Fi 及 24 小时热水。含自助早餐，菜品丰富。酒店内有健身房和洗衣房，住客免费使用。	C221
3773	云栖酒店	地址：罗源县朝阳街25号（罗源）。联系电话：042-87829071。周边 500 米内即是商场与美食街。前台多语言服务，支持行李寄存。酒店内有健身房和洗衣房，住客免费使用。	C221
3774	璞丽大酒店	地址：罗源县人民大道342号（罗源）。联系电话：133-60649039。含自助早餐，菜品丰富。可手机自助入住，无接触开门。酒店内有健身房和洗衣房，住客免费使用。	C221
3775	锦江精品酒店	地址：大庆迎宾大道220号（林源）。联系电话：013-80905170。含自助早餐，菜品丰富。设有地下停车场与充电桩。	C078
3776	星程度假酒店	地址：大庆迎宾大道85号（林源）。联系电话：194-87902037。部分房型可俯瞰城市天际线。客房配备记忆棉床垫，保证舒适睡眠。周边 500 米内即是商场与美食街。提供高速 Wi‑Fi 及 24 小时热水。	C078
3777	锦江精品酒店	地址：娄底解放路208号（涟源）。联系电话：040-31488334。可手机自助入住，无接触开门。提供高速 Wi‑Fi 及 24 小时热水。前台多语言服务，支持行李寄存。客房配备记忆棉床垫，保证舒适睡眠。	C085
3778	璞丽大酒店	地址：娄底朝阳街336号（涟源）。联系电话：195-68186058。酒店内有健身房和洗衣房，住客免费使用。含自助早餐，菜品丰富。客房配备记忆棉床垫，保证舒适睡眠。前台多语言服务，支持行李寄存。	C085
3779	楠舍大酒店	地址：涞源县人民大道313号（涞源）。联系电话：040-46121803 / 158-56484064。含自助早餐，菜品丰富。设有地下停车场与充电桩。提供高速 Wi‑Fi 及 24 小时热水。	C027
3780	枫叶宾馆	地址：涞源县人民大道113号（涞源）。联系电话：197-55393965 / 193-67900440。含自助早餐，菜品丰富。部分房型可俯瞰城市天际线。周边 500 米内即是商场与美食街。设有地下停车场与充电桩。	C027
3781	沐兰国际酒店	地址：耒阳建设路153号（耒阳西）。联系电话：041-37631804 / 192-96594325。部分房型可俯瞰城市天际线。周边 500 米内即是商场与美食街。前台多语言服务，支持行李寄存。	C242
3782	柏曼宾馆	地址：耒阳中心路373号（耒阳西）。联系电话：018-33185920 / 130-14004736。可手机自助入住，无接触开门。部分房型可俯瞰城市天际线。	C242
3783	悦榕国际酒店	地址：耒阳和平路179号（耒阳西）。联系电话：157-44808023 / 046-50554117。前台多语言服务，支持行李寄存。客房配备记忆棉床垫，保证舒适睡眠。可手机自助入住，无接触开门。周边 500 米内即是商场与美食街。	C242
3784	柏栎精品酒店	地址：临泽县和平路148号（临泽）。联系电话：189-69424892。设有地下停车场与充电桩。可手机自助入住，无接触开门。距车站步行 5 分钟，交通便利。	C120
3785	锦江大酒店	地址：临泽县朝阳街171号（临泽）。联系电话：134-34291019 / 057-23301423。周边 500 米内即是商场与美食街。距车站步行 5 分钟，交通便利。设有地下停车场与充电桩。可手机自助入住，无接触开门。	C120
3786	柏曼精品酒店	地址：临泽县建设路261号（临泽）。联系电话：194-42161649 / 033-41962949。前台多语言服务，支持行李寄存。提供高速 Wi‑Fi 及 24 小时热水。	C120
3787	柏栎宾馆	地址：临泽县建设路190号（临泽）。联系电话：014-26707612。周边 500 米内即是商场与美食街。含自助早餐，菜品丰富。	C120
3788	碧桂国际酒店	地址：宽甸满族自治县人民大道90号（龙爪沟）。联系电话：018-46473671 / 028-73370526。酒店内有健身房和洗衣房，住客免费使用。前台多语言服务，支持行李寄存。	C013
3789	枫叶大酒店	地址：宽甸满族自治县人民大道177号（龙爪沟）。联系电话：053-47231586 / 194-89871635。酒店内有健身房和洗衣房，住客免费使用。距车站步行 5 分钟，交通便利。部分房型可俯瞰城市天际线。	C013
3790	楠舍酒店	地址：宽甸满族自治县解放路195号（龙爪沟）。联系电话：184-76530034 / 036-72456068。部分房型可俯瞰城市天际线。距车站步行 5 分钟，交通便利。	C013
3791	月光国际酒店	地址：湛江迎宾大道76号（雷州）。联系电话：033-70021318。前台多语言服务，支持行李寄存。含自助早餐，菜品丰富。设有地下停车场与充电桩。可手机自助入住，无接触开门。	C197
3792	桔子大酒店	地址：湛江人民大道246号（雷州）。联系电话：188-67585974 / 180-58843986。设有地下停车场与充电桩。可手机自助入住，无接触开门。客房配备记忆棉床垫，保证舒适睡眠。前台多语言服务，支持行李寄存。	C197
3793	沐兰精品酒店	地址：六盘水和平路221号（六枝）。联系电话：054-30344347。周边 500 米内即是商场与美食街。可手机自助入住，无接触开门。提供高速 Wi‑Fi 及 24 小时热水。	C033
3794	锦江国际酒店	地址：六盘水解放路247号（六枝）。联系电话：155-96184208 / 043-31874102。客房配备记忆棉床垫，保证舒适睡眠。前台多语言服务，支持行李寄存。	C033
3795	云栖度假酒店	地址：六盘水朝阳街95号（六枝）。联系电话：185-56293915 / 043-25664267。可手机自助入住，无接触开门。设有地下停车场与充电桩。周边 500 米内即是商场与美食街。酒店内有健身房和洗衣房，住客免费使用。	C033
3796	雅致度假酒店	地址：鹿寨县朝阳街388号（鹿寨）。联系电话：048-27705912 / 181-41153526。可手机自助入住，无接触开门。设有地下停车场与充电桩。含自助早餐，菜品丰富。	C156
3797	枫叶国际酒店	地址：鹿寨县朝阳街367号（鹿寨）。联系电话：042-55814507。设有地下停车场与充电桩。含自助早餐，菜品丰富。周边 500 米内即是商场与美食街。	C156
3798	月光国际酒店	地址：鹿寨县朝阳街8号（鹿寨）。联系电话：042-41718864。可手机自助入住，无接触开门。客房配备记忆棉床垫，保证舒适睡眠。	C156
3799	悦榕酒店	地址：鹿寨县迎宾大道159号（鹿寨）。联系电话：038-87851238。设有地下停车场与充电桩。周边 500 米内即是商场与美食街。客房配备记忆棉床垫，保证舒适睡眠。	C156
3800	楠舍宾馆	地址：南平中心路271号（来舟）。联系电话：014-40844609。可手机自助入住，无接触开门。距车站步行 5 分钟，交通便利。含自助早餐，菜品丰富。	C045
3801	月光度假酒店	地址：南平和平路365号（来舟）。联系电话：184-54667715。可手机自助入住，无接触开门。提供高速 Wi‑Fi 及 24 小时热水。前台多语言服务，支持行李寄存。	C045
3802	花筑度假酒店	地址：五大连池中心路279号（龙镇）。联系电话：153-26050258。可手机自助入住，无接触开门。提供高速 Wi‑Fi 及 24 小时热水。周边 500 米内即是商场与美食街。酒店内有健身房和洗衣房，住客免费使用。	C310
3803	锦江国际酒店	地址：五大连池解放路209号（龙镇）。联系电话：193-56760114。含自助早餐，菜品丰富。提供高速 Wi‑Fi 及 24 小时热水。客房配备记忆棉床垫，保证舒适睡眠。	C310
3804	悦榕酒店	地址：五大连池迎宾大道355号（龙镇）。联系电话：151-21581337 / 189-52727381。酒店内有健身房和洗衣房，住客免费使用。提供高速 Wi‑Fi 及 24 小时热水。	C310
3805	丽枫精品酒店	地址：攀枝花中心路338号（拉鲊）。联系电话：041-82989743 / 058-36970075。含自助早餐，菜品丰富。客房配备记忆棉床垫，保证舒适睡眠。设有地下停车场与充电桩。可手机自助入住，无接触开门。	C135
3806	锦江度假酒店	地址：攀枝花中心路320号（拉鲊）。联系电话：036-24020025 / 012-37645295。周边 500 米内即是商场与美食街。酒店内有健身房和洗衣房，住客免费使用。提供高速 Wi‑Fi 及 24 小时热水。	C135
3807	锦江精品酒店	地址：攀枝花朝阳街245号（拉鲊）。联系电话：180-47733729。前台多语言服务，支持行李寄存。距车站步行 5 分钟，交通便利。	C135
3808	雅致国际酒店	地址：永登县中心路337号（兰州新区）。联系电话：026-65527764。提供高速 Wi‑Fi 及 24 小时热水。含自助早餐，菜品丰富。	C034
3809	雅致国际酒店	地址：永登县建设路172号（兰州新区）。联系电话：015-75605447。设有地下停车场与充电桩。含自助早餐，菜品丰富。酒店内有健身房和洗衣房，住客免费使用。可手机自助入住，无接触开门。	C034
3810	丽枫大酒店	地址：永登县迎宾大道211号（兰州新区）。联系电话：014-43338688 / 057-23645204。前台多语言服务，支持行李寄存。酒店内有健身房和洗衣房，住客免费使用。	C034
3811	桔子酒店	地址：永登县朝阳街368号（兰州新区）。联系电话：131-58271337。设有地下停车场与充电桩。提供高速 Wi‑Fi 及 24 小时热水。	C034
3812	楠舍大酒店	地址：马鞍山和平路278号（马鞍山）。联系电话：038-31759771。周边 500 米内即是商场与美食街。提供高速 Wi‑Fi 及 24 小时热水。	C301
3813	楠舍宾馆	地址：马鞍山朝阳街37号（马鞍山）。联系电话：024-56196238 / 185-48451003。客房配备记忆棉床垫，保证舒适睡眠。提供高速 Wi‑Fi 及 24 小时热水。部分房型可俯瞰城市天际线。	C301
3814	月光酒店	地址：马鞍山人民大道282号（马鞍山）。联系电话：029-58157726 / 046-58891336。含自助早餐，菜品丰富。距车站步行 5 分钟，交通便利。设有地下停车场与充电桩。前台多语言服务，支持行李寄存。	C301
3815	花筑宾馆	地址：马鞍山建设路385号（马鞍山）。联系电话：020-58578742 / 151-80298593。酒店内有健身房和洗衣房，住客免费使用。提供高速 Wi‑Fi 及 24 小时热水。部分房型可俯瞰城市天际线。	C301
3816	楠舍大酒店	地址：宣汉县迎宾大道159号（毛坝）。联系电话：139-87754557。设有地下停车场与充电桩。可手机自助入住，无接触开门。	C256
3817	丽枫大酒店	地址：宣汉县解放路26号（毛坝）。联系电话：130-75722796。含自助早餐，菜品丰富。前台多语言服务，支持行李寄存。	C256
3818	月光度假酒店	地址：宣汉县朝阳街212号（毛坝）。联系电话：184-41679053 / 158-40034691。含自助早餐，菜品丰富。周边 500 米内即是商场与美食街。酒店内有健身房和洗衣房，住客免费使用。距车站步行 5 分钟，交通便利。	C256
3819	枫叶宾馆	地址：紫阳县中心路214号（毛坝关）。联系电话：038-71230373 / 139-44710170。周边 500 米内即是商场与美食街。客房配备记忆棉床垫，保证舒适睡眠。可手机自助入住，无接触开门。前台多语言服务，支持行李寄存。	C090
3820	梅园宾馆	地址：紫阳县中心路258号（毛坝关）。联系电话：017-48322493 / 021-48444409。设有地下停车场与充电桩。距车站步行 5 分钟，交通便利。提供高速 Wi‑Fi 及 24 小时热水。	C090
3821	星程国际酒店	地址：紫阳县朝阳街148号（毛坝关）。联系电话：028-75721045。周边 500 米内即是商场与美食街。含自助早餐，菜品丰富。	C090
3822	花筑大酒店	地址：紫阳县迎宾大道326号（毛坝关）。联系电话：196-39964526。可手机自助入住，无接触开门。客房配备记忆棉床垫，保证舒适睡眠。酒店内有健身房和洗衣房，住客免费使用。	C090
3823	梅园大酒店	地址：麻城人民大道328号（麻城北）。联系电话：037-49363478 / 013-61713382。距车站步行 5 分钟，交通便利。前台多语言服务，支持行李寄存。部分房型可俯瞰城市天际线。酒店内有健身房和洗衣房，住客免费使用。	C307
3824	柏曼度假酒店	地址：麻城朝阳街52号（麻城北）。联系电话：057-75204281。距车站步行 5 分钟，交通便利。部分房型可俯瞰城市天际线。客房配备记忆棉床垫，保证舒适睡眠。	C307
3825	桔子国际酒店	地址：渑池县解放路43号（渑池）。联系电话：027-80195496。酒店内有健身房和洗衣房，住客免费使用。含自助早餐，菜品丰富。提供高速 Wi‑Fi 及 24 小时热水。	C004
3826	碧桂精品酒店	地址：渑池县人民大道73号（渑池）。联系电话：033-51244891。客房配备记忆棉床垫，保证舒适睡眠。设有地下停车场与充电桩。	C004
3827	雅致精品酒店	地址：渑池县中心路155号（渑池）。联系电话：198-49206657。可手机自助入住，无接触开门。提供高速 Wi‑Fi 及 24 小时热水。部分房型可俯瞰城市天际线。设有地下停车场与充电桩。	C004
3828	花筑酒店	地址：磐石迎宾大道224号（明城）。联系电话：183-57690875 / 024-62306782。含自助早餐，菜品丰富。设有地下停车场与充电桩。周边 500 米内即是商场与美食街。酒店内有健身房和洗衣房，住客免费使用。	C055
3829	碧桂大酒店	地址：磐石人民大道104号（明城）。联系电话：157-46590085 / 035-45403274。前台多语言服务，支持行李寄存。设有地下停车场与充电桩。提供高速 Wi‑Fi 及 24 小时热水。	C055
3830	锦江精品酒店	地址：磐石和平路174号（明城）。联系电话：051-66465627。部分房型可俯瞰城市天际线。含自助早餐，菜品丰富。	C055
3831	梅园宾馆	地址：磐石人民大道272号（明城）。联系电话：019-68032821。提供高速 Wi‑Fi 及 24 小时热水。前台多语言服务，支持行李寄存。	C055
3832	璞丽精品酒店	地址：北京建设路231号（庙城）。联系电话：016-49052681。酒店内有健身房和洗衣房，住客免费使用。提供高速 Wi‑Fi 及 24 小时热水。	C039
3833	桔子宾馆	地址：北京迎宾大道188号（庙城）。联系电话：150-96513050。前台多语言服务，支持行李寄存。提供高速 Wi‑Fi 及 24 小时热水。距车站步行 5 分钟，交通便利。客房配备记忆棉床垫，保证舒适睡眠。	C039
3834	柏曼精品酒店	地址：渑池县朝阳街368号（渑池南）。联系电话：057-46151907。含自助早餐，菜品丰富。客房配备记忆棉床垫，保证舒适睡眠。部分房型可俯瞰城市天际线。可手机自助入住，无接触开门。	C004
3835	花筑国际酒店	地址：渑池县解放路307号（渑池南）。联系电话：130-64915454。提供高速 Wi‑Fi 及 24 小时热水。设有地下停车场与充电桩。部分房型可俯瞰城市天际线。	C004
3836	梅园宾馆	地址：水城县建设路165号（茅草坪）。联系电话：152-59059911 / 192-45458446。酒店内有健身房和洗衣房，住客免费使用。含自助早餐，菜品丰富。距车站步行 5 分钟，交通便利。周边 500 米内即是商场与美食街。	C033
3837	璞丽酒店	地址：水城县建设路143号（茅草坪）。联系电话：158-26629671 / 012-46373957。可手机自助入住，无接触开门。含自助早餐，菜品丰富。距车站步行 5 分钟，交通便利。提供高速 Wi‑Fi 及 24 小时热水。	C033
3838	桔子宾馆	地址：水城县迎宾大道349号（茅草坪）。联系电话：138-37076311 / 187-25593312。提供高速 Wi‑Fi 及 24 小时热水。含自助早餐，菜品丰富。	C033
3839	星程国际酒店	地址：湘西土家族苗族自治州解放路347号（猛洞河）。联系电话：158-23925629。可手机自助入住，无接触开门。设有地下停车场与充电桩。提供高速 Wi‑Fi 及 24 小时热水。距车站步行 5 分钟，交通便利。	C196
3840	星程大酒店	地址：湘西土家族苗族自治州建设路16号（猛洞河）。联系电话：046-35080280。部分房型可俯瞰城市天际线。客房配备记忆棉床垫，保证舒适睡眠。周边 500 米内即是商场与美食街。可手机自助入住，无接触开门。	C196
3841	桔子精品酒店	地址：穆棱解放路112号（磨刀石）。联系电话：039-83221185 / 199-20405782。酒店内有健身房和洗衣房，住客免费使用。设有地下停车场与充电桩。	C207
3842	雅致精品酒店	地址：穆棱中心路220号（磨刀石）。联系电话：016-54507201。距车站步行 5 分钟，交通便利。可手机自助入住，无接触开门。	C207
3843	悦榕精品酒店	地址：弥渡县和平路290号（弥渡）。联系电话：136-53127195。客房配备记忆棉床垫，保证舒适睡眠。提供高速 Wi‑Fi 及 24 小时热水。酒店内有健身房和洗衣房，住客免费使用。可手机自助入住，无接触开门。	C079
3844	楠舍宾馆	地址：弥渡县建设路148号（弥渡）。联系电话：190-87300053 / 027-31225150。部分房型可俯瞰城市天际线。距车站步行 5 分钟，交通便利。	C079
3845	楠舍酒店	地址：弥渡县迎宾大道236号（弥渡）。联系电话：139-95141877 / 047-71267246。提供高速 Wi‑Fi 及 24 小时热水。前台多语言服务，支持行李寄存。	C079
3846	柏曼精品酒店	地址：弥渡县和平路308号（弥渡）。联系电话：183-64416626。距车站步行 5 分钟，交通便利。提供高速 Wi‑Fi 及 24 小时热水。含自助早餐，菜品丰富。	C079
3847	锦江国际酒店	地址：尚志中心路60号（帽儿山）。联系电话：137-52463488。含自助早餐，菜品丰富。提供高速 Wi‑Fi 及 24 小时热水。周边 500 米内即是商场与美食街。酒店内有健身房和洗衣房，住客免费使用。	C066
3848	沐兰大酒店	地址：尚志建设路44号（帽儿山）。联系电话：044-40838672。距车站步行 5 分钟，交通便利。部分房型可俯瞰城市天际线。客房配备记忆棉床垫，保证舒适睡眠。含自助早餐，菜品丰富。	C066
3849	沐兰酒店	地址：信阳解放路265号（明港）。联系电话：188-27082845。提供高速 Wi‑Fi 及 24 小时热水。部分房型可俯瞰城市天际线。	C028
3850	云栖度假酒店	地址：信阳朝阳街323号（明港）。联系电话：183-84401992。酒店内有健身房和洗衣房，住客免费使用。客房配备记忆棉床垫，保证舒适睡眠。前台多语言服务，支持行李寄存。	C028
3851	梅园大酒店	地址：信阳朝阳街182号（明港）。联系电话：188-60180186。部分房型可俯瞰城市天际线。可手机自助入住，无接触开门。	C028
3852	丽枫酒店	地址：信阳建设路52号（明港）。联系电话：131-65210214 / 045-89295987。设有地下停车场与充电桩。提供高速 Wi‑Fi 及 24 小时热水。	C028
3853	枫叶精品酒店	地址：梅河口中心路132号（梅河口）。联系电话：020-52563574。提供高速 Wi‑Fi 及 24 小时热水。客房配备记忆棉床垫，保证舒适睡眠。	C259
3854	璞丽国际酒店	地址：梅河口迎宾大道129号（梅河口）。联系电话：154-89982726。酒店内有健身房和洗衣房，住客免费使用。设有地下停车场与充电桩。	C259
3855	桔子精品酒店	地址：钦州中心路180号（马皇）。联系电话：048-45484615。前台多语言服务，支持行李寄存。客房配备记忆棉床垫，保证舒适睡眠。部分房型可俯瞰城市天际线。	C275
3856	柏栎大酒店	地址：钦州迎宾大道287号（马皇）。联系电话：011-85399029。周边 500 米内即是商场与美食街。距车站步行 5 分钟，交通便利。设有地下停车场与充电桩。	C275
3857	楠舍大酒店	地址：钦州迎宾大道83号（马皇）。联系电话：138-68433104。客房配备记忆棉床垫，保证舒适睡眠。可手机自助入住，无接触开门。距车站步行 5 分钟，交通便利。前台多语言服务，支持行李寄存。	C275
3858	柏栎大酒店	地址：钦州迎宾大道297号（马皇）。联系电话：159-51171443。周边 500 米内即是商场与美食街。提供高速 Wi‑Fi 及 24 小时热水。	C275
3859	悦榕宾馆	地址：桦南县朝阳街190号（孟家岗）。联系电话：055-21328545 / 196-37673830。含自助早餐，菜品丰富。提供高速 Wi‑Fi 及 24 小时热水。	C026
3860	柏栎精品酒店	地址：桦南县建设路325号（孟家岗）。联系电话：059-89816166。客房配备记忆棉床垫，保证舒适睡眠。部分房型可俯瞰城市天际线。	C026
3861	丽枫度假酒店	地址：桦南县中心路58号（孟家岗）。联系电话：042-71665244 / 012-32735187。距车站步行 5 分钟，交通便利。提供高速 Wi‑Fi 及 24 小时热水。周边 500 米内即是商场与美食街。前台多语言服务，支持行李寄存。	C026
3862	锦江国际酒店	地址：桦南县朝阳街196号（孟家岗）。联系电话：130-91568628 / 184-30956328。含自助早餐，菜品丰富。部分房型可俯瞰城市天际线。周边 500 米内即是商场与美食街。可手机自助入住，无接触开门。	C026
3863	悦榕大酒店	地址：海口朝阳街381号（美兰）。联系电话：159-96312286。客房配备记忆棉床垫，保证舒适睡眠。设有地下停车场与充电桩。距车站步行 5 分钟，交通便利。	C184
3864	碧桂大酒店	地址：海口解放路132号（美兰）。联系电话：045-67338665 / 183-53768594。部分房型可俯瞰城市天际线。设有地下停车场与充电桩。含自助早餐，菜品丰富。距车站步行 5 分钟，交通便利。	C184
3865	枫叶国际酒店	地址：汨罗迎宾大道49号（汨罗东）。联系电话：134-39594474 / 052-37218018。提供高速 Wi‑Fi 及 24 小时热水。周边 500 米内即是商场与美食街。	C101
3866	丽枫酒店	地址：汨罗人民大道274号（汨罗东）。联系电话：051-35215734。前台多语言服务，支持行李寄存。酒店内有健身房和洗衣房，住客免费使用。部分房型可俯瞰城市天际线。设有地下停车场与充电桩。	C101
3867	沐兰酒店	地址：宁安建设路43号（马莲河）。联系电话：133-21964456。设有地下停车场与充电桩。距车站步行 5 分钟，交通便利。含自助早餐，菜品丰富。	C207
3868	碧桂酒店	地址：宁安和平路78号（马莲河）。联系电话：195-15164378。可手机自助入住，无接触开门。酒店内有健身房和洗衣房，住客免费使用。设有地下停车场与充电桩。部分房型可俯瞰城市天际线。	C207
3869	雅致度假酒店	地址：宁安建设路53号（马莲河）。联系电话：015-45023565。含自助早餐，菜品丰富。提供高速 Wi‑Fi 及 24 小时热水。设有地下停车场与充电桩。酒店内有健身房和洗衣房，住客免费使用。	C207
3870	雅致精品酒店	地址：宁安解放路55号（马莲河）。联系电话：050-43466849。可手机自助入住，无接触开门。设有地下停车场与充电桩。	C207
3871	梅园大酒店	地址：防城港迎宾大道392号（茅岭）。联系电话：182-69893780。提供高速 Wi‑Fi 及 24 小时热水。可手机自助入住，无接触开门。	C288
3872	星程精品酒店	地址：防城港中心路349号（茅岭）。联系电话：182-28783469 / 182-72022404。部分房型可俯瞰城市天际线。周边 500 米内即是商场与美食街。	C288
3873	月光宾馆	地址：防城港中心路31号（茅岭）。联系电话：134-83829607 / 194-16043621。可手机自助入住，无接触开门。客房配备记忆棉床垫，保证舒适睡眠。部分房型可俯瞰城市天际线。前台多语言服务，支持行李寄存。	C288
3874	枫叶国际酒店	地址：汪清县迎宾大道83号（庙岭）。联系电话：040-89290952。设有地下停车场与充电桩。含自助早餐，菜品丰富。部分房型可俯瞰城市天际线。	C116
3875	柏曼精品酒店	地址：汪清县人民大道255号（庙岭）。联系电话：183-90623488 / 136-21933875。设有地下停车场与充电桩。可手机自助入住，无接触开门。部分房型可俯瞰城市天际线。含自助早餐，菜品丰富。	C116
3876	星程国际酒店	地址：汪清县中心路53号（庙岭）。联系电话：185-15685078。提供高速 Wi‑Fi 及 24 小时热水。前台多语言服务，支持行李寄存。酒店内有健身房和洗衣房，住客免费使用。周边 500 米内即是商场与美食街。	C116
3877	锦江国际酒店	地址：汪清县解放路149号（庙岭）。联系电话：153-78410860。酒店内有健身房和洗衣房，住客免费使用。距车站步行 5 分钟，交通便利。	C116
3878	碧桂国际酒店	地址：双辽中心路260号（茂林）。联系电话：185-69277279。酒店内有健身房和洗衣房，住客免费使用。距车站步行 5 分钟，交通便利。可手机自助入住，无接触开门。前台多语言服务，支持行李寄存。	C073
3879	梅园大酒店	地址：双辽和平路82号（茂林）。联系电话：156-22418305。前台多语言服务，支持行李寄存。设有地下停车场与充电桩。	C073
3880	柏曼酒店	地址：穆棱和平路225号（穆棱）。联系电话：136-65667960。距车站步行 5 分钟，交通便利。前台多语言服务，支持行李寄存。	C207
3881	星程国际酒店	地址：穆棱迎宾大道130号（穆棱）。联系电话：158-25914693 / 041-82081604。酒店内有健身房和洗衣房，住客免费使用。前台多语言服务，支持行李寄存。设有地下停车场与充电桩。	C207
3882	沐兰国际酒店	地址：穆棱迎宾大道153号（穆棱）。联系电话：154-43177266 / 044-60674520。客房配备记忆棉床垫，保证舒适睡眠。含自助早餐，菜品丰富。周边 500 米内即是商场与美食街。提供高速 Wi‑Fi 及 24 小时热水。	C207
3883	云栖酒店	地址：赤峰建设路17号（马林）。联系电话：027-69236729 / 131-63367757。客房配备记忆棉床垫，保证舒适睡眠。前台多语言服务，支持行李寄存。酒店内有健身房和洗衣房，住客免费使用。	C253
3884	丽枫精品酒店	地址：赤峰朝阳街337号（马林）。联系电话：016-33500020。提供高速 Wi‑Fi 及 24 小时热水。前台多语言服务，支持行李寄存。酒店内有健身房和洗衣房，住客免费使用。部分房型可俯瞰城市天际线。	C253
3885	桔子国际酒店	地址：马龙县迎宾大道74号（马龙）。联系电话：022-26306522 / 180-28781043。设有地下停车场与充电桩。含自助早餐，菜品丰富。	C148
3886	桔子宾馆	地址：马龙县建设路276号（马龙）。联系电话：150-15591869。提供高速 Wi‑Fi 及 24 小时热水。酒店内有健身房和洗衣房，住客免费使用。	C148
3887	柏曼大酒店	地址：马龙县和平路251号（马龙）。联系电话：039-79170509。周边 500 米内即是商场与美食街。距车站步行 5 分钟，交通便利。部分房型可俯瞰城市天际线。	C148
3888	枫叶宾馆	地址：马龙县中心路180号（马龙）。联系电话：029-21928229 / 031-85697051。含自助早餐，菜品丰富。酒店内有健身房和洗衣房，住客免费使用。前台多语言服务，支持行李寄存。	C148
3889	碧桂大酒店	地址：通辽建设路82号（木里图）。联系电话：026-58858706。部分房型可俯瞰城市天际线。客房配备记忆棉床垫，保证舒适睡眠。	C260
3890	雅致精品酒店	地址：通辽中心路89号（木里图）。联系电话：191-50822345 / 056-31247061。提供高速 Wi‑Fi 及 24 小时热水。前台多语言服务，支持行李寄存。酒店内有健身房和洗衣房，住客免费使用。	C260
3891	丽枫酒店	地址：通辽中心路61号（木里图）。联系电话：040-37076243。设有地下停车场与充电桩。前台多语言服务，支持行李寄存。	C260
3892	璞丽国际酒店	地址：通辽解放路316号（木里图）。联系电话：156-70066816。提供高速 Wi‑Fi 及 24 小时热水。设有地下停车场与充电桩。可手机自助入住，无接触开门。	C260
3893	柏曼宾馆	地址：岳阳人民大道79号（汨罗）。联系电话：034-20510270。部分房型可俯瞰城市天际线。设有地下停车场与充电桩。客房配备记忆棉床垫，保证舒适睡眠。	C101
3894	雅致大酒店	地址：岳阳迎宾大道38号（汨罗）。联系电话：037-50774537 / 043-71568788。含自助早餐，菜品丰富。设有地下停车场与充电桩。距车站步行 5 分钟，交通便利。	C101
3895	星程大酒店	地址：岳阳人民大道75号（汨罗）。联系电话：155-95529109。提供高速 Wi‑Fi 及 24 小时热水。含自助早餐，菜品丰富。客房配备记忆棉床垫，保证舒适睡眠。	C101
3896	云栖酒店	地址：克拉玛依中心路247号（玛纳斯湖）。联系电话：029-51764928 / 052-33724278。含自助早餐，菜品丰富。距车站步行 5 分钟，交通便利。前台多语言服务，支持行李寄存。可手机自助入住，无接触开门。	C031
3897	柏栎国际酒店	地址：克拉玛依人民大道280号（玛纳斯湖）。联系电话：199-19700271 / 136-83515690。前台多语言服务，支持行李寄存。客房配备记忆棉床垫，保证舒适睡眠。提供高速 Wi‑Fi 及 24 小时热水。部分房型可俯瞰城市天际线。	C031
3898	柏栎精品酒店	地址：克拉玛依迎宾大道53号（玛纳斯湖）。联系电话：196-25792051 / 187-95071089。设有地下停车场与充电桩。距车站步行 5 分钟，交通便利。	C031
3899	花筑宾馆	地址：冕宁县迎宾大道338号（冕宁）。联系电话：054-71953747 / 038-54967498。部分房型可俯瞰城市天际线。距车站步行 5 分钟，交通便利。	C037
3900	雅致宾馆	地址：冕宁县迎宾大道119号（冕宁）。联系电话：010-59468402。距车站步行 5 分钟，交通便利。提供高速 Wi‑Fi 及 24 小时热水。前台多语言服务，支持行李寄存。酒店内有健身房和洗衣房，住客免费使用。	C037
3901	悦榕大酒店	地址：冕宁县人民大道131号（冕宁）。联系电话：188-41021111。可手机自助入住，无接触开门。周边 500 米内即是商场与美食街。	C037
3902	雅致精品酒店	地址：冕宁县和平路168号（冕宁）。联系电话：038-52727797。设有地下停车场与充电桩。部分房型可俯瞰城市天际线。	C037
3903	悦榕精品酒店	地址：祥云县朝阳街265号（沐滂）。联系电话：042-76172583。提供高速 Wi‑Fi 及 24 小时热水。含自助早餐，菜品丰富。	C079
3904	花筑酒店	地址：祥云县解放路96号（沐滂）。联系电话：033-83716197 / 049-64202234。可手机自助入住，无接触开门。距车站步行 5 分钟，交通便利。设有地下停车场与充电桩。	C079
3905	楠舍国际酒店	地址：祥云县解放路113号（沐滂）。联系电话：029-55337354。酒店内有健身房和洗衣房，住客免费使用。设有地下停车场与充电桩。	C079
3906	云栖度假酒店	地址：穆棱建设路41号（马桥河）。联系电话：020-66057951 / 042-79267490。提供高速 Wi‑Fi 及 24 小时热水。前台多语言服务，支持行李寄存。	C207
3907	碧桂精品酒店	地址：穆棱解放路59号（马桥河）。联系电话：130-23689158 / 035-73424597。设有地下停车场与充电桩。提供高速 Wi‑Fi 及 24 小时热水。	C207
3908	璞丽度假酒店	地址：穆棱建设路218号（马桥河）。联系电话：020-42047848。提供高速 Wi‑Fi 及 24 小时热水。前台多语言服务，支持行李寄存。设有地下停车场与充电桩。	C207
3909	云栖精品酒店	地址：福州解放路313号（闽清）。联系电话：012-54740691。部分房型可俯瞰城市天际线。设有地下停车场与充电桩。提供高速 Wi‑Fi 及 24 小时热水。	C221
3910	璞丽大酒店	地址：福州朝阳街357号（闽清）。联系电话：152-13832382。含自助早餐，菜品丰富。部分房型可俯瞰城市天际线。	C221
3911	璞丽国际酒店	地址：福州人民大道35号（闽清）。联系电话：189-62860280 / 159-94833742。周边 500 米内即是商场与美食街。距车站步行 5 分钟，交通便利。客房配备记忆棉床垫，保证舒适睡眠。	C221
3912	雅致大酒店	地址：福州迎宾大道113号（闽清）。联系电话：031-34494653。含自助早餐，菜品丰富。设有地下停车场与充电桩。周边 500 米内即是商场与美食街。距车站步行 5 分钟，交通便利。	C221
3913	雅致宾馆	地址：民权县人民大道253号（民权）。联系电话：029-36611676。部分房型可俯瞰城市天际线。酒店内有健身房和洗衣房，住客免费使用。	C068
3914	雅致大酒店	地址：民权县迎宾大道155号（民权）。联系电话：048-77148725 / 182-95582560。部分房型可俯瞰城市天际线。含自助早餐，菜品丰富。距车站步行 5 分钟，交通便利。周边 500 米内即是商场与美食街。	C068
3915	云栖大酒店	地址：阿尔山人民大道178号（明水河）。联系电话：042-45202735。客房配备记忆棉床垫，保证舒适睡眠。酒店内有健身房和洗衣房，住客免费使用。前台多语言服务，支持行李寄存。提供高速 Wi‑Fi 及 24 小时热水。	C035
3916	锦江酒店	地址：阿尔山解放路49号（明水河）。联系电话：132-24773675 / 133-86660752。含自助早餐，菜品丰富。酒店内有健身房和洗衣房，住客免费使用。客房配备记忆棉床垫，保证舒适睡眠。	C035
3917	花筑精品酒店	地址：阿尔山建设路175号（明水河）。联系电话：155-98188906 / 196-61393593。酒店内有健身房和洗衣房，住客免费使用。周边 500 米内即是商场与美食街。前台多语言服务，支持行李寄存。	C035
3918	碧桂度假酒店	地址：鸡西解放路220号（麻山）。联系电话：181-56632619。酒店内有健身房和洗衣房，住客免费使用。设有地下停车场与充电桩。前台多语言服务，支持行李寄存。距车站步行 5 分钟，交通便利。	C303
3919	梅园大酒店	地址：鸡西人民大道19号（麻山）。联系电话：055-84726968。提供高速 Wi‑Fi 及 24 小时热水。设有地下停车场与充电桩。前台多语言服务，支持行李寄存。	C303
3920	悦榕精品酒店	地址：鸡西朝阳街64号（麻山）。联系电话：133-42483584。客房配备记忆棉床垫，保证舒适睡眠。距车站步行 5 分钟，交通便利。含自助早餐，菜品丰富。	C303
3921	璞丽国际酒店	地址：鸡西人民大道295号（麻山）。联系电话：029-86193926 / 186-19385518。周边 500 米内即是商场与美食街。提供高速 Wi‑Fi 及 24 小时热水。	C303
3922	丽枫国际酒店	地址：眉山建设路207号（眉山）。联系电话：153-42678029。提供高速 Wi‑Fi 及 24 小时热水。距车站步行 5 分钟，交通便利。酒店内有健身房和洗衣房，住客免费使用。部分房型可俯瞰城市天际线。	C218
3923	沐兰国际酒店	地址：眉山解放路234号（眉山）。联系电话：043-22212250 / 138-65965029。周边 500 米内即是商场与美食街。距车站步行 5 分钟，交通便利。前台多语言服务，支持行李寄存。	C218
3924	锦江大酒店	地址：凉山彝族自治州建设路222号（漫水湾）。联系电话：197-23924434 / 134-58548202。酒店内有健身房和洗衣房，住客免费使用。周边 500 米内即是商场与美食街。含自助早餐，菜品丰富。部分房型可俯瞰城市天际线。	C037
3925	碧桂精品酒店	地址：凉山彝族自治州迎宾大道215号（漫水湾）。联系电话：031-42756711 / 020-45365937。提供高速 Wi‑Fi 及 24 小时热水。前台多语言服务，支持行李寄存。	C037
3926	枫叶大酒店	地址：石林彝族自治县建设路224号（茂舍祖）。联系电话：058-20177968。设有地下停车场与充电桩。提供高速 Wi‑Fi 及 24 小时热水。客房配备记忆棉床垫，保证舒适睡眠。	C142
3927	璞丽宾馆	地址：石林彝族自治县解放路272号（茂舍祖）。联系电话：188-68481352。可手机自助入住，无接触开门。部分房型可俯瞰城市天际线。	C142
3928	悦榕酒店	地址：德惠解放路393号（米沙子）。联系电话：022-49991973。提供高速 Wi‑Fi 及 24 小时热水。部分房型可俯瞰城市天际线。距车站步行 5 分钟，交通便利。	C283
3929	璞丽精品酒店	地址：德惠朝阳街156号（米沙子）。联系电话：045-86240447 / 037-65922408。客房配备记忆棉床垫，保证舒适睡眠。周边 500 米内即是商场与美食街。	C283
3930	碧桂度假酒店	地址：德惠迎宾大道162号（米沙子）。联系电话：044-55610581。酒店内有健身房和洗衣房，住客免费使用。前台多语言服务，支持行李寄存。部分房型可俯瞰城市天际线。可手机自助入住，无接触开门。	C283
3931	丽枫精品酒店	地址：茂名解放路345号（马踏）。联系电话：193-63135125。提供高速 Wi‑Fi 及 24 小时热水。可手机自助入住，无接触开门。	C232
3932	楠舍大酒店	地址：茂名解放路169号（马踏）。联系电话：046-86488722。距车站步行 5 分钟，交通便利。客房配备记忆棉床垫，保证舒适睡眠。酒店内有健身房和洗衣房，住客免费使用。	C232
3933	楠舍宾馆	地址：茂名中心路155号（马踏）。联系电话：199-87939505 / 054-22836605。提供高速 Wi‑Fi 及 24 小时热水。设有地下停车场与充电桩。	C232
3934	璞丽精品酒店	地址：茂名中心路268号（马踏）。联系电话：186-24098240 / 023-24231702。可手机自助入住，无接触开门。前台多语言服务，支持行李寄存。设有地下停车场与充电桩。含自助早餐，菜品丰富。	C232
3935	梅园国际酒店	地址：伊春建设路263号（美溪）。联系电话：138-53166086 / 042-82205973。设有地下停车场与充电桩。距车站步行 5 分钟，交通便利。	C023
3936	云栖大酒店	地址：伊春建设路91号（美溪）。联系电话：152-54379799 / 182-67566445。部分房型可俯瞰城市天际线。酒店内有健身房和洗衣房，住客免费使用。提供高速 Wi‑Fi 及 24 小时热水。距车站步行 5 分钟，交通便利。	C023
3937	锦江酒店	地址：伊春人民大道43号（美溪）。联系电话：034-53813057 / 053-60136947。提供高速 Wi‑Fi 及 24 小时热水。周边 500 米内即是商场与美食街。前台多语言服务，支持行李寄存。客房配备记忆棉床垫，保证舒适睡眠。	C023
3938	柏曼精品酒店	地址：勉县和平路332号（勉县）。联系电话：032-38184708 / 136-35545333。客房配备记忆棉床垫，保证舒适睡眠。周边 500 米内即是商场与美食街。设有地下停车场与充电桩。距车站步行 5 分钟，交通便利。	C167
3939	枫叶大酒店	地址：勉县中心路324号（勉县）。联系电话：042-43317482 / 027-50411627。含自助早餐，菜品丰富。客房配备记忆棉床垫，保证舒适睡眠。提供高速 Wi‑Fi 及 24 小时热水。部分房型可俯瞰城市天际线。	C167
3940	枫叶精品酒店	地址：勉县解放路279号（勉县）。联系电话：184-66395794。客房配备记忆棉床垫，保证舒适睡眠。周边 500 米内即是商场与美食街。设有地下停车场与充电桩。可手机自助入住，无接触开门。	C167
3941	云栖精品酒店	地址：怀化朝阳街26号（麻阳）。联系电话：133-91808383 / 013-75029501。设有地下停车场与充电桩。酒店内有健身房和洗衣房，住客免费使用。	C125
3942	枫叶大酒店	地址：怀化和平路16号（麻阳）。联系电话：186-26766495 / 045-61904039。设有地下停车场与充电桩。距车站步行 5 分钟，交通便利。可手机自助入住，无接触开门。	C125
3943	花筑酒店	地址：怀化迎宾大道108号（麻阳）。联系电话：131-54870114。提供高速 Wi‑Fi 及 24 小时热水。设有地下停车场与充电桩。距车站步行 5 分钟，交通便利。	C125
3944	丽枫精品酒店	地址：怀化人民大道114号（麻阳）。联系电话：022-47253099 / 022-39484508。可手机自助入住，无接触开门。周边 500 米内即是商场与美食街。	C125
3945	悦榕国际酒店	地址：北京和平路323号（密云北）。联系电话：052-87430912 / 180-69548548。周边 500 米内即是商场与美食街。距车站步行 5 分钟，交通便利。	C039
3946	月光国际酒店	地址：北京迎宾大道53号（密云北）。联系电话：021-37033357。部分房型可俯瞰城市天际线。周边 500 米内即是商场与美食街。	C039
3947	碧桂酒店	地址：北京和平路399号（密云北）。联系电话：187-13425137 / 130-95233086。设有地下停车场与充电桩。可手机自助入住，无接触开门。提供高速 Wi‑Fi 及 24 小时热水。周边 500 米内即是商场与美食街。	C039
3948	璞丽大酒店	地址：北京人民大道335号（密云北）。联系电话：194-54208605。前台多语言服务，支持行李寄存。含自助早餐，菜品丰富。提供高速 Wi‑Fi 及 24 小时热水。距车站步行 5 分钟，交通便利。	C039
3949	花筑精品酒店	地址：米易县建设路140号（米易）。联系电话：183-70754643 / 016-64602585。酒店内有健身房和洗衣房，住客免费使用。设有地下停车场与充电桩。可手机自助入住，无接触开门。	C135
3950	花筑国际酒店	地址：米易县和平路70号（米易）。联系电话：183-56153371。距车站步行 5 分钟，交通便利。部分房型可俯瞰城市天际线。周边 500 米内即是商场与美食街。	C135
3951	悦榕宾馆	地址：米易县朝阳街362号（米易）。联系电话：187-60590230 / 032-72918439。距车站步行 5 分钟，交通便利。酒店内有健身房和洗衣房，住客免费使用。部分房型可俯瞰城市天际线。	C135
3952	璞丽精品酒店	地址：米易县中心路390号（米易）。联系电话：010-43855495。设有地下停车场与充电桩。周边 500 米内即是商场与美食街。部分房型可俯瞰城市天际线。可手机自助入住，无接触开门。	C135
3953	锦江精品酒店	地址：龙岩朝阳街78号（麦园）。联系电话：011-87841111。距车站步行 5 分钟，交通便利。可手机自助入住，无接触开门。部分房型可俯瞰城市天际线。	C315
3954	璞丽度假酒店	地址：龙岩和平路241号（麦园）。联系电话：054-32019477。可手机自助入住，无接触开门。设有地下停车场与充电桩。	C315
3955	云栖精品酒店	地址：龙岩迎宾大道164号（麦园）。联系电话：018-76133049 / 138-24375648。前台多语言服务，支持行李寄存。设有地下停车场与充电桩。	C315
3956	楠舍酒店	地址：龙岩和平路180号（麦园）。联系电话：133-71309997 / 021-54524044。酒店内有健身房和洗衣房，住客免费使用。设有地下停车场与充电桩。前台多语言服务，支持行李寄存。	C315
3957	碧桂大酒店	地址：墨玉县迎宾大道198号（墨玉）。联系电话：018-84426424 / 040-48789265。客房配备记忆棉床垫，保证舒适睡眠。可手机自助入住，无接触开门。	C062
3958	花筑大酒店	地址：墨玉县迎宾大道63号（墨玉）。联系电话：055-45908941 / 156-23488244。部分房型可俯瞰城市天际线。前台多语言服务，支持行李寄存。	C062
3959	楠舍度假酒店	地址：墨玉县迎宾大道137号（墨玉）。联系电话：151-54677725。提供高速 Wi‑Fi 及 24 小时热水。部分房型可俯瞰城市天际线。距车站步行 5 分钟，交通便利。	C062
3960	桔子国际酒店	地址：墨玉县迎宾大道282号（墨玉）。联系电话：037-66816529。酒店内有健身房和洗衣房，住客免费使用。设有地下停车场与充电桩。	C062
3961	梅园大酒店	地址：平凉人民大道113号（庙庄）。联系电话：012-39819506 / 183-73625724。酒店内有健身房和洗衣房，住客免费使用。客房配备记忆棉床垫，保证舒适睡眠。	C108
3962	锦江大酒店	地址：平凉和平路69号（庙庄）。联系电话：182-62821344 / 029-82567700。提供高速 Wi‑Fi 及 24 小时热水。部分房型可俯瞰城市天际线。含自助早餐，菜品丰富。周边 500 米内即是商场与美食街。	C108
3963	丽枫大酒店	地址：平凉中心路398号（庙庄）。联系电话：027-60420915 / 199-11810137。酒店内有健身房和洗衣房，住客免费使用。含自助早餐，菜品丰富。周边 500 米内即是商场与美食街。前台多语言服务，支持行李寄存。	C108
3964	花筑宾馆	地址：米脂县朝阳街233号（米脂）。联系电话：039-20126001。酒店内有健身房和洗衣房，住客免费使用。客房配备记忆棉床垫，保证舒适睡眠。	C162
3965	星程大酒店	地址：米脂县中心路291号（米脂）。联系电话：023-30169083 / 134-60027957。距车站步行 5 分钟，交通便利。周边 500 米内即是商场与美食街。设有地下停车场与充电桩。部分房型可俯瞰城市天际线。	C162
3966	悦榕度假酒店	地址：米脂县人民大道252号（米脂）。联系电话：015-80666398。客房配备记忆棉床垫，保证舒适睡眠。前台多语言服务，支持行李寄存。周边 500 米内即是商场与美食街。提供高速 Wi‑Fi 及 24 小时热水。	C162
3967	锦江精品酒店	地址：米脂县迎宾大道275号（米脂）。联系电话：045-21350961 / 042-78383813。提供高速 Wi‑Fi 及 24 小时热水。周边 500 米内即是商场与美食街。	C162
3968	云栖酒店	地址：珠海迎宾大道399号（明珠）。联系电话：193-91808729。周边 500 米内即是商场与美食街。部分房型可俯瞰城市天际线。客房配备记忆棉床垫，保证舒适睡眠。提供高速 Wi‑Fi 及 24 小时热水。	C210
3969	柏栎度假酒店	地址：珠海和平路248号（明珠）。联系电话：049-55348780 / 059-36945960。含自助早餐，菜品丰富。前台多语言服务，支持行李寄存。	C210
3970	云栖精品酒店	地址：珠海中心路137号（明珠）。联系电话：154-78315918 / 033-58101317。含自助早餐，菜品丰富。提供高速 Wi‑Fi 及 24 小时热水。周边 500 米内即是商场与美食街。距车站步行 5 分钟，交通便利。	C210
3971	花筑度假酒店	地址：珠海建设路398号（明珠）。联系电话：038-60391249 / 197-36513169。含自助早餐，菜品丰富。酒店内有健身房和洗衣房，住客免费使用。距车站步行 5 分钟，交通便利。客房配备记忆棉床垫，保证舒适睡眠。	C210
3972	桔子度假酒店	地址：宁安朝阳街363号（宁安）。联系电话：180-27180630。设有地下停车场与充电桩。酒店内有健身房和洗衣房，住客免费使用。部分房型可俯瞰城市天际线。	C207
3973	月光精品酒店	地址：宁安迎宾大道11号（宁安）。联系电话：042-40182125。距车站步行 5 分钟，交通便利。周边 500 米内即是商场与美食街。可手机自助入住，无接触开门。	C207
3974	沐兰大酒店	地址：宁安和平路234号（宁安）。联系电话：135-39099927 / 018-27741410。酒店内有健身房和洗衣房，住客免费使用。可手机自助入住，无接触开门。	C207
3975	悦榕国际酒店	地址：农安县迎宾大道5号（农安）。联系电话：195-43316421 / 158-80521952。设有地下停车场与充电桩。周边 500 米内即是商场与美食街。	C283
3976	锦江国际酒店	地址：农安县中心路390号（农安）。联系电话：155-82067929。部分房型可俯瞰城市天际线。酒店内有健身房和洗衣房，住客免费使用。	C283
3977	沐兰宾馆	地址：农安县建设路347号（农安）。联系电话：157-54946087 / 041-45926060。含自助早餐，菜品丰富。部分房型可俯瞰城市天际线。	C283
3978	云栖宾馆	地址：淄博人民大道188号（南博山）。联系电话：011-45561993。前台多语言服务，支持行李寄存。距车站步行 5 分钟，交通便利。部分房型可俯瞰城市天际线。可手机自助入住，无接触开门。	C186
3979	梅园宾馆	地址：淄博人民大道300号（南博山）。联系电话：139-94422184。提供高速 Wi‑Fi 及 24 小时热水。部分房型可俯瞰城市天际线。设有地下停车场与充电桩。前台多语言服务，支持行李寄存。	C186
3980	沐兰大酒店	地址：淄博建设路341号（南博山）。联系电话：056-37964058 / 048-78277299。含自助早餐，菜品丰富。部分房型可俯瞰城市天际线。	C186
3981	碧桂国际酒店	地址：淄博解放路231号（南仇）。联系电话：190-65233060。距车站步行 5 分钟，交通便利。部分房型可俯瞰城市天际线。周边 500 米内即是商场与美食街。	C186
3982	丽枫精品酒店	地址：淄博中心路379号（南仇）。联系电话：027-22954059。酒店内有健身房和洗衣房，住客免费使用。部分房型可俯瞰城市天际线。提供高速 Wi‑Fi 及 24 小时热水。	C186
3983	云栖国际酒店	地址：易县中心路371号（南城司）。联系电话：031-33007797 / 032-50095474。提供高速 Wi‑Fi 及 24 小时热水。客房配备记忆棉床垫，保证舒适睡眠。设有地下停车场与充电桩。可手机自助入住，无接触开门。	C027
3984	枫叶精品酒店	地址：易县建设路130号（南城司）。联系电话：042-42610539 / 053-63421158。提供高速 Wi‑Fi 及 24 小时热水。前台多语言服务，支持行李寄存。部分房型可俯瞰城市天际线。客房配备记忆棉床垫，保证舒适睡眠。	C027
3985	楠舍国际酒店	地址：易县迎宾大道289号（南城司）。联系电话：195-68931964。周边 500 米内即是商场与美食街。可手机自助入住，无接触开门。	C027
3986	梅园国际酒店	地址：南宁朝阳街13号（宁村）。联系电话：136-72686981 / 017-39068044。设有地下停车场与充电桩。含自助早餐，菜品丰富。可手机自助入住，无接触开门。	C044
3987	楠舍酒店	地址：南宁解放路124号（宁村）。联系电话：136-29040134 / 029-54018539。前台多语言服务，支持行李寄存。周边 500 米内即是商场与美食街。可手机自助入住，无接触开门。	C044
3988	枫叶大酒店	地址：南宁建设路152号（宁村）。联系电话：022-58914943 / 022-61952835。设有地下停车场与充电桩。客房配备记忆棉床垫，保证舒适睡眠。周边 500 米内即是商场与美食街。距车站步行 5 分钟，交通便利。	C044
3989	柏曼大酒店	地址：南宁和平路354号（宁村）。联系电话：030-64003815。酒店内有健身房和洗衣房，住客免费使用。设有地下停车场与充电桩。	C044
3990	月光国际酒店	地址：宁德和平路366号（宁德）。联系电话：027-76318379。酒店内有健身房和洗衣房，住客免费使用。含自助早餐，菜品丰富。距车站步行 5 分钟，交通便利。	C087
3991	沐兰度假酒店	地址：宁德朝阳街196号（宁德）。联系电话：198-21196311。部分房型可俯瞰城市天际线。前台多语言服务，支持行李寄存。	C087
3992	云栖国际酒店	地址：北京和平路264号（南观村）。联系电话：012-66978730。提供高速 Wi‑Fi 及 24 小时热水。含自助早餐，菜品丰富。可手机自助入住，无接触开门。前台多语言服务，支持行李寄存。	C039
3993	云栖酒店	地址：北京朝阳街331号（南观村）。联系电话：027-41569725 / 057-85237607。提供高速 Wi‑Fi 及 24 小时热水。部分房型可俯瞰城市天际线。客房配备记忆棉床垫，保证舒适睡眠。	C039
3994	花筑宾馆	地址：北京和平路227号（南观村）。联系电话：031-79060181。设有地下停车场与充电桩。周边 500 米内即是商场与美食街。提供高速 Wi‑Fi 及 24 小时热水。	C039
3995	花筑大酒店	地址：北京解放路29号（南观村）。联系电话：040-57996293。酒店内有健身房和洗衣房，住客免费使用。客房配备记忆棉床垫，保证舒适睡眠。	C039
3996	雅致国际酒店	地址：南宫中心路248号（南宫东）。联系电话：048-89058291 / 154-70733796。部分房型可俯瞰城市天际线。设有地下停车场与充电桩。	C263
3997	悦榕大酒店	地址：南宫朝阳街67号（南宫东）。联系电话：183-51568657 / 189-77388787。部分房型可俯瞰城市天际线。周边 500 米内即是商场与美食街。	C263
3998	雅致国际酒店	地址：大连迎宾大道237号（南关岭）。联系电话：045-30940626。距车站步行 5 分钟，交通便利。部分房型可俯瞰城市天际线。提供高速 Wi‑Fi 及 24 小时热水。酒店内有健身房和洗衣房，住客免费使用。	C080
3999	悦榕大酒店	地址：大连朝阳街370号（南关岭）。联系电话：155-14325723。酒店内有健身房和洗衣房，住客免费使用。含自助早餐，菜品丰富。周边 500 米内即是商场与美食街。可手机自助入住，无接触开门。	C080
4000	梅园宾馆	地址：宁国解放路116号（宁国）。联系电话：054-40017806。可手机自助入住，无接触开门。酒店内有健身房和洗衣房，住客免费使用。含自助早餐，菜品丰富。前台多语言服务，支持行李寄存。	C098
4001	楠舍大酒店	地址：宁国迎宾大道343号（宁国）。联系电话：193-21927764 / 189-86442457。可手机自助入住，无接触开门。客房配备记忆棉床垫，保证舒适睡眠。	C098
4002	璞丽国际酒店	地址：宁国解放路30号（宁国）。联系电话：158-81621495。含自助早餐，菜品丰富。周边 500 米内即是商场与美食街。可手机自助入住，无接触开门。	C098
4003	枫叶国际酒店	地址：宁海县解放路115号（宁海）。联系电话：190-72093507 / 189-61286702。含自助早餐，菜品丰富。周边 500 米内即是商场与美食街。	C088
4004	星程度假酒店	地址：宁海县建设路78号（宁海）。联系电话：030-31666701 / 189-93483242。距车站步行 5 分钟，交通便利。可手机自助入住，无接触开门。	C088
4005	碧桂宾馆	地址：宁海县和平路390号（宁海）。联系电话：034-58720243 / 041-78735944。前台多语言服务，支持行李寄存。客房配备记忆棉床垫，保证舒适睡眠。	C088
4006	楠舍宾馆	地址：南华县中心路40号（南华北）。联系电话：054-37676335。部分房型可俯瞰城市天际线。可手机自助入住，无接触开门。设有地下停车场与充电桩。客房配备记忆棉床垫，保证舒适睡眠。	C161
4007	楠舍酒店	地址：南华县和平路51号（南华北）。联系电话：133-71765244。前台多语言服务，支持行李寄存。设有地下停车场与充电桩。周边 500 米内即是商场与美食街。	C161
4008	沐兰国际酒店	地址：南华县迎宾大道92号（南华北）。联系电话：192-22256451 / 058-68157112。酒店内有健身房和洗衣房，住客免费使用。距车站步行 5 分钟，交通便利。部分房型可俯瞰城市天际线。周边 500 米内即是商场与美食街。	C161
4009	璞丽宾馆	地址：南华县迎宾大道58号（南华北）。联系电话：135-18637168。可手机自助入住，无接触开门。设有地下停车场与充电桩。提供高速 Wi‑Fi 及 24 小时热水。前台多语言服务，支持行李寄存。	C161
4010	月光大酒店	地址：天水朝阳街35号（南河川）。联系电话：138-70393902 / 039-88286095。部分房型可俯瞰城市天际线。提供高速 Wi‑Fi 及 24 小时热水。含自助早餐，菜品丰富。可手机自助入住，无接触开门。	C081
4011	星程度假酒店	地址：天水解放路187号（南河川）。联系电话：188-38252560 / 029-50319426。前台多语言服务，支持行李寄存。客房配备记忆棉床垫，保证舒适睡眠。距车站步行 5 分钟，交通便利。周边 500 米内即是商场与美食街。	C081
4012	锦江大酒店	地址：义县中心路205号（泥河子）。联系电话：152-71238991。客房配备记忆棉床垫，保证舒适睡眠。含自助早餐，菜品丰富。设有地下停车场与充电桩。部分房型可俯瞰城市天际线。	C281
4013	碧桂酒店	地址：义县解放路283号（泥河子）。联系电话：039-78577810 / 048-85303773。距车站步行 5 分钟，交通便利。客房配备记忆棉床垫，保证舒适睡眠。前台多语言服务，支持行李寄存。	C281
4014	碧桂精品酒店	地址：义县中心路201号（泥河子）。联系电话：010-26619863。周边 500 米内即是商场与美食街。前台多语言服务，支持行李寄存。含自助早餐，菜品丰富。提供高速 Wi‑Fi 及 24 小时热水。	C281
4015	沐兰大酒店	地址：科尔沁右翼前旗建设路369号（宁家）。联系电话：188-87047779。前台多语言服务，支持行李寄存。含自助早餐，菜品丰富。	C035
4016	悦榕度假酒店	地址：科尔沁右翼前旗和平路60号（宁家）。联系电话：043-85548692 / 186-77492666。前台多语言服务，支持行李寄存。距车站步行 5 分钟，交通便利。客房配备记忆棉床垫，保证舒适睡眠。部分房型可俯瞰城市天际线。	C035
4017	花筑宾馆	地址：南靖县中心路161号（南靖）。联系电话：034-84936761 / 134-50368947。可手机自助入住，无接触开门。周边 500 米内即是商场与美食街。	C201
4018	楠舍酒店	地址：南靖县和平路123号（南靖）。联系电话：181-33330286。客房配备记忆棉床垫，保证舒适睡眠。提供高速 Wi‑Fi 及 24 小时热水。	C201
4019	花筑宾馆	地址：五常中心路37号（牛家）。联系电话：182-13613923 / 150-46853100。设有地下停车场与充电桩。距车站步行 5 分钟，交通便利。含自助早餐，菜品丰富。提供高速 Wi‑Fi 及 24 小时热水。	C066
4020	丽枫精品酒店	地址：五常解放路33号（牛家）。联系电话：198-20869443 / 010-45234373。含自助早餐，菜品丰富。部分房型可俯瞰城市天际线。酒店内有健身房和洗衣房，住客免费使用。可手机自助入住，无接触开门。	C066
4021	梅园大酒店	地址：五常中心路138号（牛家）。联系电话：030-26381942 / 192-67283541。部分房型可俯瞰城市天际线。前台多语言服务，支持行李寄存。	C066
4022	云栖国际酒店	地址：北票和平路61号（能家）。联系电话：040-56347788 / 158-51926195。可手机自助入住，无接触开门。前台多语言服务，支持行李寄存。酒店内有健身房和洗衣房，住客免费使用。距车站步行 5 分钟，交通便利。	C150
4023	雅致酒店	地址：北票和平路92号（能家）。联系电话：155-86234442 / 137-98466204。前台多语言服务，支持行李寄存。周边 500 米内即是商场与美食街。部分房型可俯瞰城市天际线。	C150
4024	星程宾馆	地址：北票人民大道7号（能家）。联系电话：022-76341277 / 024-40514093。前台多语言服务，支持行李寄存。酒店内有健身房和洗衣房，住客免费使用。提供高速 Wi‑Fi 及 24 小时热水。	C150
4025	碧桂国际酒店	地址：北京和平路226号（南口）。联系电话：185-61867773。前台多语言服务，支持行李寄存。含自助早餐，菜品丰富。	C039
4026	碧桂酒店	地址：北京和平路149号（南口）。联系电话：027-36700097 / 041-20814356。可手机自助入住，无接触开门。设有地下停车场与充电桩。距车站步行 5 分钟，交通便利。客房配备记忆棉床垫，保证舒适睡眠。	C039
4027	悦榕宾馆	地址：清原满族自治县朝阳街78号（南口前）。联系电话：018-30901046 / 046-88429907。距车站步行 5 分钟，交通便利。设有地下停车场与充电桩。	C132
4028	璞丽度假酒店	地址：清原满族自治县人民大道254号（南口前）。联系电话：155-23039882 / 182-40066450。前台多语言服务，支持行李寄存。部分房型可俯瞰城市天际线。设有地下停车场与充电桩。客房配备记忆棉床垫，保证舒适睡眠。	C132
4029	枫叶宾馆	地址：清原满族自治县朝阳街284号（南口前）。联系电话：154-37226249。设有地下停车场与充电桩。含自助早餐，菜品丰富。酒店内有健身房和洗衣房，住客免费使用。客房配备记忆棉床垫，保证舒适睡眠。	C132
4030	梅园度假酒店	地址：清原满族自治县中心路253号（南口前）。联系电话：194-57424102。酒店内有健身房和洗衣房，住客免费使用。客房配备记忆棉床垫，保证舒适睡眠。	C132
4031	花筑国际酒店	地址：中山人民大道369号（南朗）。联系电话：023-52783686。可手机自助入住，无接触开门。部分房型可俯瞰城市天际线。设有地下停车场与充电桩。	C010
4032	雅致宾馆	地址：中山建设路82号（南朗）。联系电话：014-22191016 / 015-84458130。距车站步行 5 分钟，交通便利。含自助早餐，菜品丰富。部分房型可俯瞰城市天际线。提供高速 Wi‑Fi 及 24 小时热水。	C010
4033	月光国际酒店	地址：中山朝阳街192号（南朗）。联系电话：155-89523282 / 190-62041860。设有地下停车场与充电桩。可手机自助入住，无接触开门。客房配备记忆棉床垫，保证舒适睡眠。部分房型可俯瞰城市天际线。	C010
4034	花筑宾馆	地址：中山朝阳街47号（南朗）。联系电话：052-69246835 / 159-48954313。前台多语言服务，支持行李寄存。提供高速 Wi‑Fi 及 24 小时热水。	C010
4035	沐兰度假酒店	地址：喀喇沁旗和平路53号（乃林）。联系电话：195-16338888 / 185-83620040。部分房型可俯瞰城市天际线。前台多语言服务，支持行李寄存。含自助早餐，菜品丰富。	C253
4036	璞丽精品酒店	地址：喀喇沁旗朝阳街226号（乃林）。联系电话：138-75356157 / 019-86198323。提供高速 Wi‑Fi 及 24 小时热水。部分房型可俯瞰城市天际线。设有地下停车场与充电桩。	C253
4037	楠舍度假酒店	地址：喀喇沁旗迎宾大道106号（乃林）。联系电话：035-48349725 / 139-84723545。前台多语言服务，支持行李寄存。部分房型可俯瞰城市天际线。	C253
4038	云栖度假酒店	地址：喀喇沁旗朝阳街207号（乃林）。联系电话：197-13286137 / 048-82745614。部分房型可俯瞰城市天际线。可手机自助入住，无接触开门。设有地下停车场与充电桩。	C253
4039	星程大酒店	地址：尼勒克县解放路366号（尼勒克）。联系电话：198-44873532 / 051-70547789。周边 500 米内即是商场与美食街。含自助早餐，菜品丰富。客房配备记忆棉床垫，保证舒适睡眠。可手机自助入住，无接触开门。	C024
4040	楠舍大酒店	地址：尼勒克县和平路51号（尼勒克）。联系电话：036-72238245。含自助早餐，菜品丰富。部分房型可俯瞰城市天际线。	C024
4041	锦江国际酒店	地址：南宁解放路228号（那罗）。联系电话：039-44311700。前台多语言服务，支持行李寄存。距车站步行 5 分钟，交通便利。客房配备记忆棉床垫，保证舒适睡眠。	C044
4042	花筑大酒店	地址：南宁朝阳街287号（那罗）。联系电话：047-20313689。可手机自助入住，无接触开门。设有地下停车场与充电桩。	C044
4043	星程酒店	地址：宁陵县人民大道84号（宁陵县）。联系电话：046-84167840 / 033-21949506。周边 500 米内即是商场与美食街。客房配备记忆棉床垫，保证舒适睡眠。	C068
4044	锦江酒店	地址：宁陵县中心路231号（宁陵县）。联系电话：058-27056549 / 155-38689294。提供高速 Wi‑Fi 及 24 小时热水。含自助早餐，菜品丰富。设有地下停车场与充电桩。距车站步行 5 分钟，交通便利。	C068
4045	月光大酒店	地址：奈曼旗人民大道274号（奈曼）。联系电话：196-72901167。含自助早餐，菜品丰富。可手机自助入住，无接触开门。周边 500 米内即是商场与美食街。	C260
4046	悦榕大酒店	地址：奈曼旗建设路321号（奈曼）。联系电话：013-37575173。部分房型可俯瞰城市天际线。前台多语言服务，支持行李寄存。	C260
4047	沐兰大酒店	地址：奈曼旗建设路174号（奈曼）。联系电话：043-67490571。客房配备记忆棉床垫，保证舒适睡眠。提供高速 Wi‑Fi 及 24 小时热水。设有地下停车场与充电桩。	C260
4048	柏栎精品酒店	地址：宁明县人民大道137号（宁明）。联系电话：033-30109014。部分房型可俯瞰城市天际线。周边 500 米内即是商场与美食街。客房配备记忆棉床垫，保证舒适睡眠。距车站步行 5 分钟，交通便利。	C102
4049	柏栎国际酒店	地址：宁明县朝阳街320号（宁明）。联系电话：181-54953458 / 157-25497108。距车站步行 5 分钟，交通便利。设有地下停车场与充电桩。可手机自助入住，无接触开门。部分房型可俯瞰城市天际线。	C102
4050	悦榕宾馆	地址：扎兰屯人民大道148号（南木）。联系电话：050-42427493 / 137-53571830。含自助早餐，菜品丰富。部分房型可俯瞰城市天际线。	C060
4051	桔子宾馆	地址：扎兰屯和平路304号（南木）。联系电话：197-48066653。周边 500 米内即是商场与美食街。含自助早餐，菜品丰富。设有地下停车场与充电桩。	C060
4052	枫叶酒店	地址：南平解放路353号（南平南）。联系电话：153-13134865 / 044-49434992。客房配备记忆棉床垫，保证舒适睡眠。部分房型可俯瞰城市天际线。	C045
4053	锦江酒店	地址：南平迎宾大道178号（南平南）。联系电话：193-46282445。前台多语言服务，支持行李寄存。部分房型可俯瞰城市天际线。	C045
4054	碧桂精品酒店	地址：南宁朝阳街347号（那铺）。联系电话：053-80075574 / 152-29255275。提供高速 Wi‑Fi 及 24 小时热水。部分房型可俯瞰城市天际线。前台多语言服务，支持行李寄存。	C044
4055	桔子度假酒店	地址：南宁解放路359号（那铺）。联系电话：013-74744346 / 012-62082123。前台多语言服务，支持行李寄存。提供高速 Wi‑Fi 及 24 小时热水。	C044
4056	梅园度假酒店	地址：建昌县中心路155号（南桥）。联系电话：023-85164221 / 184-31626289。客房配备记忆棉床垫，保证舒适睡眠。周边 500 米内即是商场与美食街。	C239
4057	锦江度假酒店	地址：建昌县朝阳街62号（南桥）。联系电话：056-60669437 / 040-62775974。含自助早餐，菜品丰富。周边 500 米内即是商场与美食街。客房配备记忆棉床垫，保证舒适睡眠。	C239
4058	花筑度假酒店	地址：建昌县解放路242号（南桥）。联系电话：180-48266238 / 027-21148819。可手机自助入住，无接触开门。酒店内有健身房和洗衣房，住客免费使用。含自助早餐，菜品丰富。提供高速 Wi‑Fi 及 24 小时热水。	C239
4059	梅园宾馆	地址：建昌县建设路38号（南桥）。联系电话：135-53976578。酒店内有健身房和洗衣房，住客免费使用。部分房型可俯瞰城市天际线。含自助早餐，菜品丰富。可手机自助入住，无接触开门。	C239
4060	枫叶度假酒店	地址：那曲建设路370号（那曲）。联系电话：047-30932258 / 186-50566248。提供高速 Wi‑Fi 及 24 小时热水。距车站步行 5 分钟，交通便利。部分房型可俯瞰城市天际线。前台多语言服务，支持行李寄存。	C264
4061	璞丽酒店	地址：那曲解放路224号（那曲）。联系电话：059-82585667。部分房型可俯瞰城市天际线。含自助早餐，菜品丰富。酒店内有健身房和洗衣房，住客免费使用。周边 500 米内即是商场与美食街。	C264
4062	碧桂精品酒店	地址：那曲和平路130号（那曲）。联系电话：181-75732199 / 029-46895339。设有地下停车场与充电桩。可手机自助入住，无接触开门。客房配备记忆棉床垫，保证舒适睡眠。	C264
4063	璞丽精品酒店	地址：那曲解放路259号（那曲）。联系电话：183-99130605。部分房型可俯瞰城市天际线。含自助早餐，菜品丰富。客房配备记忆棉床垫，保证舒适睡眠。	C264
4064	花筑国际酒店	地址：贺兰县人民大道393号（暖泉）。联系电话：180-57672843。设有地下停车场与充电桩。提供高速 Wi‑Fi 及 24 小时热水。距车站步行 5 分钟，交通便利。客房配备记忆棉床垫，保证舒适睡眠。	C279
4065	花筑精品酒店	地址：贺兰县人民大道133号（暖泉）。联系电话：034-44099979。周边 500 米内即是商场与美食街。设有地下停车场与充电桩。	C279
4066	柏栎大酒店	地址：贺兰县和平路200号（暖泉）。联系电话：021-63293682。含自助早餐，菜品丰富。部分房型可俯瞰城市天际线。距车站步行 5 分钟，交通便利。	C279
4067	云栖宾馆	地址：贺兰县人民大道199号（暖泉）。联系电话：189-19617574。酒店内有健身房和洗衣房，住客免费使用。提供高速 Wi‑Fi 及 24 小时热水。	C279
4068	丽枫酒店	地址：海城和平路370号（南台）。联系电话：036-79089991。周边 500 米内即是商场与美食街。设有地下停车场与充电桩。可手机自助入住，无接触开门。	C298
4069	柏曼大酒店	地址：海城和平路351号（南台）。联系电话：135-16785225 / 036-46898686。可手机自助入住，无接触开门。部分房型可俯瞰城市天际线。酒店内有健身房和洗衣房，住客免费使用。	C298
4070	璞丽宾馆	地址：海城迎宾大道219号（南台）。联系电话：057-77694891。设有地下停车场与充电桩。前台多语言服务，支持行李寄存。提供高速 Wi‑Fi 及 24 小时热水。	C298
4071	锦江精品酒店	地址：海城建设路361号（南台）。联系电话：192-44590477。设有地下停车场与充电桩。客房配备记忆棉床垫，保证舒适睡眠。可手机自助入住，无接触开门。	C298
4072	丽枫大酒店	地址：中山建设路19号（南头）。联系电话：131-46710621 / 028-59318444。距车站步行 5 分钟，交通便利。前台多语言服务，支持行李寄存。酒店内有健身房和洗衣房，住客免费使用。设有地下停车场与充电桩。	C010
4073	花筑国际酒店	地址：中山迎宾大道324号（南头）。联系电话：197-74129740 / 041-36720372。提供高速 Wi‑Fi 及 24 小时热水。客房配备记忆棉床垫，保证舒适睡眠。可手机自助入住，无接触开门。设有地下停车场与充电桩。	C010
4074	枫叶国际酒店	地址：中山迎宾大道270号（南头）。联系电话：032-38825161。含自助早餐，菜品丰富。可手机自助入住，无接触开门。提供高速 Wi‑Fi 及 24 小时热水。设有地下停车场与充电桩。	C010
4075	桔子国际酒店	地址：中山人民大道126号（南头）。联系电话：013-69216556。酒店内有健身房和洗衣房，住客免费使用。前台多语言服务，支持行李寄存。设有地下停车场与充电桩。	C010
4076	锦江大酒店	地址：宁武县解放路215号（宁武）。联系电话：020-77805531 / 138-30614910。距车站步行 5 分钟，交通便利。周边 500 米内即是商场与美食街。可手机自助入住，无接触开门。含自助早餐，菜品丰富。	C124
4077	楠舍度假酒店	地址：宁武县建设路114号（宁武）。联系电话：188-23225456。含自助早餐，菜品丰富。前台多语言服务，支持行李寄存。	C124
4078	碧桂酒店	地址：承德县解放路374号（南湾子）。联系电话：195-48217960。提供高速 Wi‑Fi 及 24 小时热水。设有地下停车场与充电桩。	C130
4079	枫叶宾馆	地址：承德县中心路15号（南湾子）。联系电话：036-68399746。周边 500 米内即是商场与美食街。含自助早餐，菜品丰富。	C130
4080	楠舍酒店	地址：上海人民大道9号（南翔北）。联系电话：192-69239938 / 138-56508554。前台多语言服务，支持行李寄存。客房配备记忆棉床垫，保证舒适睡眠。可手机自助入住，无接触开门。提供高速 Wi‑Fi 及 24 小时热水。	C005
4081	丽枫大酒店	地址：上海解放路361号（南翔北）。联系电话：045-48727890。客房配备记忆棉床垫，保证舒适睡眠。距车站步行 5 分钟，交通便利。	C005
4082	云栖宾馆	地址：上海朝阳街107号（南翔北）。联系电话：157-60229622 / 190-54708047。可手机自助入住，无接触开门。含自助早餐，菜品丰富。前台多语言服务，支持行李寄存。	C005
4083	桔子宾馆	地址：宁乡和平路327号（宁乡）。联系电话：027-84617558 / 017-37278717。部分房型可俯瞰城市天际线。含自助早餐，菜品丰富。距车站步行 5 分钟，交通便利。	C284
4084	月光大酒店	地址：宁乡和平路367号（宁乡）。联系电话：139-94827586。客房配备记忆棉床垫，保证舒适睡眠。可手机自助入住，无接触开门。提供高速 Wi‑Fi 及 24 小时热水。周边 500 米内即是商场与美食街。	C284
4085	月光国际酒店	地址：内乡县朝阳街315号（内乡）。联系电话：054-81664318 / 131-46893748。含自助早餐，菜品丰富。距车站步行 5 分钟，交通便利。设有地下停车场与充电桩。	C048
4086	柏栎国际酒店	地址：内乡县和平路127号（内乡）。联系电话：041-79274230 / 016-52482083。客房配备记忆棉床垫，保证舒适睡眠。提供高速 Wi‑Fi 及 24 小时热水。部分房型可俯瞰城市天际线。可手机自助入住，无接触开门。	C048
4087	楠舍精品酒店	地址：内乡县中心路67号（内乡）。联系电话：011-32752479。前台多语言服务，支持行李寄存。部分房型可俯瞰城市天际线。提供高速 Wi‑Fi 及 24 小时热水。	C048
4088	沐兰酒店	地址：内乡县解放路241号（内乡）。联系电话：183-11107904 / 019-28463180。距车站步行 5 分钟，交通便利。周边 500 米内即是商场与美食街。提供高速 Wi‑Fi 及 24 小时热水。可手机自助入住，无接触开门。	C048
4089	枫叶宾馆	地址：本溪满族自治县建设路136号（牛心台）。联系电话：186-62911864。前台多语言服务，支持行李寄存。距车站步行 5 分钟，交通便利。	C151
4090	碧桂宾馆	地址：本溪满族自治县中心路390号（牛心台）。联系电话：183-51330154。距车站步行 5 分钟，交通便利。部分房型可俯瞰城市天际线。前台多语言服务，支持行李寄存。客房配备记忆棉床垫，保证舒适睡眠。	C151
4091	月光宾馆	地址：井陉县解放路62号（南峪）。联系电话：027-39952707 / 132-38638136。周边 500 米内即是商场与美食街。提供高速 Wi‑Fi 及 24 小时热水。	C220
4092	梅园度假酒店	地址：井陉县建设路193号（南峪）。联系电话：184-35623869。部分房型可俯瞰城市天际线。可手机自助入住，无接触开门。周边 500 米内即是商场与美食街。	C220
4093	枫叶精品酒店	地址：平定县迎宾大道165号（娘子关）。联系电话：056-43815314。周边 500 米内即是商场与美食街。部分房型可俯瞰城市天际线。含自助早餐，菜品丰富。前台多语言服务，支持行李寄存。	C290
4094	梅园大酒店	地址：平定县迎宾大道78号（娘子关）。联系电话：158-47489512。可手机自助入住，无接触开门。设有地下停车场与充电桩。客房配备记忆棉床垫，保证舒适睡眠。	C290
4095	枫叶大酒店	地址：平定县和平路386号（娘子关）。联系电话：130-59569747。前台多语言服务，支持行李寄存。酒店内有健身房和洗衣房，住客免费使用。含自助早餐，菜品丰富。	C290
4096	枫叶酒店	地址：平定县迎宾大道359号（娘子关）。联系电话：057-64744841。提供高速 Wi‑Fi 及 24 小时热水。部分房型可俯瞰城市天际线。设有地下停车场与充电桩。距车站步行 5 分钟，交通便利。	C290
4097	璞丽大酒店	地址：南召县朝阳街381号（南召）。联系电话：013-50196026。酒店内有健身房和洗衣房，住客免费使用。周边 500 米内即是商场与美食街。	C048
4098	雅致精品酒店	地址：南召县人民大道348号（南召）。联系电话：021-88638622。提供高速 Wi‑Fi 及 24 小时热水。部分房型可俯瞰城市天际线。	C048
4099	月光国际酒店	地址：南召县人民大道174号（南召）。联系电话：137-38436837 / 043-68308177。前台多语言服务，支持行李寄存。部分房型可俯瞰城市天际线。	C048
4100	梅园宾馆	地址：南召县建设路196号（南召）。联系电话：137-29660104 / 189-20688175。酒店内有健身房和洗衣房，住客免费使用。客房配备记忆棉床垫，保证舒适睡眠。	C048
4101	悦榕精品酒店	地址：新宾满族自治县迎宾大道268号（南杂木）。联系电话：048-32401975。周边 500 米内即是商场与美食街。酒店内有健身房和洗衣房，住客免费使用。	C132
4102	梅园酒店	地址：新宾满族自治县迎宾大道323号（南杂木）。联系电话：037-23882269。提供高速 Wi‑Fi 及 24 小时热水。部分房型可俯瞰城市天际线。前台多语言服务，支持行李寄存。周边 500 米内即是商场与美食街。	C132
4103	楠舍酒店	地址：新宾满族自治县解放路152号（南杂木）。联系电话：017-79643990。周边 500 米内即是商场与美食街。部分房型可俯瞰城市天际线。提供高速 Wi‑Fi 及 24 小时热水。含自助早餐，菜品丰富。	C132
4104	桔子国际酒店	地址：蓬安县解放路40号（蓬安）。联系电话：186-74763985 / 134-77475930。可手机自助入住，无接触开门。酒店内有健身房和洗衣房，住客免费使用。设有地下停车场与充电桩。	C043
4105	梅园国际酒店	地址：蓬安县中心路61号（蓬安）。联系电话：187-46824917。周边 500 米内即是商场与美食街。客房配备记忆棉床垫，保证舒适睡眠。部分房型可俯瞰城市天际线。酒店内有健身房和洗衣房，住客免费使用。	C043
4106	楠舍酒店	地址：舒兰人民大道248号（平安）。联系电话：012-77674144 / 036-72054100。提供高速 Wi‑Fi 及 24 小时热水。距车站步行 5 分钟，交通便利。周边 500 米内即是商场与美食街。	C055
4107	桔子大酒店	地址：舒兰建设路262号（平安）。联系电话：015-44729893。可手机自助入住，无接触开门。前台多语言服务，支持行李寄存。部分房型可俯瞰城市天际线。	C055
4108	柏栎酒店	地址：舒兰迎宾大道233号（平安）。联系电话：022-32969716 / 019-31913870。周边 500 米内即是商场与美食街。可手机自助入住，无接触开门。设有地下停车场与充电桩。	C055
4109	锦江宾馆	地址：舒兰建设路7号（平安）。联系电话：026-29864172 / 159-60171402。前台多语言服务，支持行李寄存。含自助早餐，菜品丰富。可手机自助入住，无接触开门。	C055
4110	桔子度假酒店	地址：海东建设路322号（平安驿）。联系电话：012-31167024。酒店内有健身房和洗衣房，住客免费使用。距车站步行 5 分钟，交通便利。部分房型可俯瞰城市天际线。前台多语言服务，支持行李寄存。	C182
4111	云栖宾馆	地址：海东朝阳街207号（平安驿）。联系电话：047-28201154 / 027-84098871。周边 500 米内即是商场与美食街。距车站步行 5 分钟，交通便利。	C182
4112	雅致度假酒店	地址：海东解放路301号（平安驿）。联系电话：188-97044419 / 158-96065714。前台多语言服务，支持行李寄存。周边 500 米内即是商场与美食街。部分房型可俯瞰城市天际线。	C182
4113	悦榕国际酒店	地址：海东人民大道138号（平安驿）。联系电话：180-69026798 / 193-45998457。周边 500 米内即是商场与美食街。客房配备记忆棉床垫，保证舒适睡眠。酒店内有健身房和洗衣房，住客免费使用。提供高速 Wi‑Fi 及 24 小时热水。	C182
4114	柏栎酒店	地址：甘谷县人民大道143号（磐安镇）。联系电话：196-79735643 / 058-34857012。客房配备记忆棉床垫，保证舒适睡眠。部分房型可俯瞰城市天际线。酒店内有健身房和洗衣房，住客免费使用。前台多语言服务，支持行李寄存。	C081
4115	悦榕精品酒店	地址：甘谷县人民大道49号（磐安镇）。联系电话：134-17095266。周边 500 米内即是商场与美食街。含自助早餐，菜品丰富。酒店内有健身房和洗衣房，住客免费使用。	C081
4116	碧桂大酒店	地址：白城迎宾大道242号（平安镇）。联系电话：181-97426553。提供高速 Wi‑Fi 及 24 小时热水。可手机自助入住，无接触开门。设有地下停车场与充电桩。客房配备记忆棉床垫，保证舒适睡眠。	C211
4117	锦江度假酒店	地址：白城中心路3号（平安镇）。联系电话：041-41799474。含自助早餐，菜品丰富。周边 500 米内即是商场与美食街。	C211
4118	锦江国际酒店	地址：白城迎宾大道43号（平安镇）。联系电话：152-11989602。前台多语言服务，支持行李寄存。含自助早餐，菜品丰富。部分房型可俯瞰城市天际线。	C211
4119	柏曼精品酒店	地址：白城和平路104号（平安镇）。联系电话：035-25811665 / 036-82594018。提供高速 Wi‑Fi 及 24 小时热水。客房配备记忆棉床垫，保证舒适睡眠。	C211
4120	星程酒店	地址：蒲城县和平路220号（蒲城东）。联系电话：132-33770578。客房配备记忆棉床垫，保证舒适睡眠。酒店内有健身房和洗衣房，住客免费使用。周边 500 米内即是商场与美食街。	C193
4121	悦榕度假酒店	地址：蒲城县和平路216号（蒲城东）。联系电话：045-33201450 / 053-37328355。客房配备记忆棉床垫，保证舒适睡眠。提供高速 Wi‑Fi 及 24 小时热水。	C193
4122	星程国际酒店	地址：蒲城县和平路14号（蒲城东）。联系电话：133-96422338。客房配备记忆棉床垫，保证舒适睡眠。酒店内有健身房和洗衣房，住客免费使用。周边 500 米内即是商场与美食街。含自助早餐，菜品丰富。	C193
4123	月光精品酒店	地址：蒲城县中心路304号（蒲城东）。联系电话：137-73261753 / 043-31470200。周边 500 米内即是商场与美食街。设有地下停车场与充电桩。提供高速 Wi‑Fi 及 24 小时热水。	C193
4124	花筑国际酒店	地址：蒲城县朝阳街62号（蒲城）。联系电话：055-70710902。设有地下停车场与充电桩。周边 500 米内即是商场与美食街。	C193
4125	云栖度假酒店	地址：蒲城县中心路375号（蒲城）。联系电话：134-43657245 / 134-29037248。周边 500 米内即是商场与美食街。提供高速 Wi‑Fi 及 24 小时热水。前台多语言服务，支持行李寄存。	C193
4126	星程酒店	地址：蒲城县人民大道342号（蒲城）。联系电话：186-31697368 / 182-92475432。酒店内有健身房和洗衣房，住客免费使用。设有地下停车场与充电桩。	C193
4127	柏栎酒店	地址：密山解放路32号（裴德）。联系电话：156-85131400 / 190-19106632。距车站步行 5 分钟，交通便利。酒店内有健身房和洗衣房，住客免费使用。	C303
4128	锦江酒店	地址：密山和平路372号（裴德）。联系电话：017-24592100。前台多语言服务，支持行李寄存。酒店内有健身房和洗衣房，住客免费使用。提供高速 Wi‑Fi 及 24 小时热水。	C303
4129	梅园大酒店	地址：涉县迎宾大道384号（偏店）。联系电话：043-26866666。酒店内有健身房和洗衣房，住客免费使用。距车站步行 5 分钟，交通便利。	C265
4130	沐兰酒店	地址：涉县和平路101号（偏店）。联系电话：033-36328060。提供高速 Wi‑Fi 及 24 小时热水。周边 500 米内即是商场与美食街。设有地下停车场与充电桩。客房配备记忆棉床垫，保证舒适睡眠。	C265
4131	柏栎大酒店	地址：涉县建设路386号（偏店）。联系电话：010-76413283。设有地下停车场与充电桩。客房配备记忆棉床垫，保证舒适睡眠。可手机自助入住，无接触开门。酒店内有健身房和洗衣房，住客免费使用。	C265
4132	星程宾馆	地址：涉县建设路52号（偏店）。联系电话：137-55815190 / 196-54959709。周边 500 米内即是商场与美食街。设有地下停车场与充电桩。距车站步行 5 分钟，交通便利。	C265
4133	碧桂大酒店	地址：兰州中心路18号（坡底下）。联系电话：134-14949695 / 186-44206658。距车站步行 5 分钟，交通便利。酒店内有健身房和洗衣房，住客免费使用。部分房型可俯瞰城市天际线。	C034
4134	丽枫酒店	地址：兰州迎宾大道230号（坡底下）。联系电话：048-41678280 / 042-50754705。酒店内有健身房和洗衣房，住客免费使用。前台多语言服务，支持行李寄存。距车站步行 5 分钟，交通便利。	C034
4135	悦榕酒店	地址：兰州中心路328号（坡底下）。联系电话：181-25291179。提供高速 Wi‑Fi 及 24 小时热水。设有地下停车场与充电桩。	C034
4136	星程酒店	地址：兰州中心路233号（坡底下）。联系电话：180-51516744。前台多语言服务，支持行李寄存。周边 500 米内即是商场与美食街。含自助早餐，菜品丰富。设有地下停车场与充电桩。	C034
4137	丽枫精品酒店	地址：抚顺人民大道139号（瓢儿屯）。联系电话：199-97131812 / 190-89177475。周边 500 米内即是商场与美食街。距车站步行 5 分钟，交通便利。设有地下停车场与充电桩。含自助早餐，菜品丰富。	C132
4138	楠舍度假酒店	地址：抚顺建设路150号（瓢儿屯）。联系电话：020-39411816。提供高速 Wi‑Fi 及 24 小时热水。前台多语言服务，支持行李寄存。	C132
4139	柏栎精品酒店	地址：抚顺中心路2号（瓢儿屯）。联系电话：049-78407564 / 158-28582253。含自助早餐，菜品丰富。部分房型可俯瞰城市天际线。周边 500 米内即是商场与美食街。	C132
4140	柏栎国际酒店	地址：抚顺和平路388号（瓢儿屯）。联系电话：192-49460522 / 028-34071769。提供高速 Wi‑Fi 及 24 小时热水。酒店内有健身房和洗衣房，住客免费使用。距车站步行 5 分钟，交通便利。含自助早餐，菜品丰富。	C132
4141	柏栎国际酒店	地址：哈尔滨朝阳街312号（平房）。联系电话：135-31586086 / 010-77539897。客房配备记忆棉床垫，保证舒适睡眠。含自助早餐，菜品丰富。提供高速 Wi‑Fi 及 24 小时热水。距车站步行 5 分钟，交通便利。	C066
4142	云栖度假酒店	地址：哈尔滨解放路152号（平房）。联系电话：157-50929518 / 185-26755559。距车站步行 5 分钟，交通便利。酒店内有健身房和洗衣房，住客免费使用。设有地下停车场与充电桩。部分房型可俯瞰城市天际线。	C066
4143	碧桂酒店	地址：哈尔滨朝阳街341号（平房）。联系电话：032-21572212 / 188-98331573。含自助早餐，菜品丰富。周边 500 米内即是商场与美食街。前台多语言服务，支持行李寄存。	C066
4144	丽枫大酒店	地址：哈尔滨迎宾大道100号（平房）。联系电话：151-42009892 / 043-26738940。提供高速 Wi‑Fi 及 24 小时热水。客房配备记忆棉床垫，保证舒适睡眠。	C066
4145	碧桂精品酒店	地址：东丰县和平路65号（平岗）。联系电话：046-26638209 / 192-63748346。可手机自助入住，无接触开门。周边 500 米内即是商场与美食街。客房配备记忆棉床垫，保证舒适睡眠。	C254
4146	沐兰大酒店	地址：东丰县建设路217号（平岗）。联系电话：139-87778005 / 026-38912338。距车站步行 5 分钟，交通便利。含自助早餐，菜品丰富。可手机自助入住，无接触开门。	C254
4147	璞丽宾馆	地址：东丰县建设路297号（平岗）。联系电话：033-27188941 / 011-74893655。客房配备记忆棉床垫，保证舒适睡眠。部分房型可俯瞰城市天际线。设有地下停车场与充电桩。含自助早餐，菜品丰富。	C254
4148	碧桂精品酒店	地址：东丰县建设路7号（平岗）。联系电话：199-29432831。周边 500 米内即是商场与美食街。部分房型可俯瞰城市天际线。酒店内有健身房和洗衣房，住客免费使用。	C254
4149	雅致度假酒店	地址：平果县和平路122号（平果）。联系电话：033-33946505 / 054-44144621。周边 500 米内即是商场与美食街。客房配备记忆棉床垫，保证舒适睡眠。前台多语言服务，支持行李寄存。设有地下停车场与充电桩。	C214
4150	楠舍精品酒店	地址：平果县建设路150号（平果）。联系电话：151-38468250。距车站步行 5 分钟，交通便利。周边 500 米内即是商场与美食街。设有地下停车场与充电桩。可手机自助入住，无接触开门。	C214
4151	桔子大酒店	地址：平果县解放路122号（平果）。联系电话：138-69357456。酒店内有健身房和洗衣房，住客免费使用。距车站步行 5 分钟，交通便利。可手机自助入住，无接触开门。	C214
4152	丽枫大酒店	地址：盘州迎宾大道327号（平关）。联系电话：012-56679780 / 042-51603407。客房配备记忆棉床垫，保证舒适睡眠。距车站步行 5 分钟，交通便利。酒店内有健身房和洗衣房，住客免费使用。提供高速 Wi‑Fi 及 24 小时热水。	C033
4153	悦榕大酒店	地址：盘州中心路298号（平关）。联系电话：155-50043765。提供高速 Wi‑Fi 及 24 小时热水。设有地下停车场与充电桩。酒店内有健身房和洗衣房，住客免费使用。	C033
4154	璞丽国际酒店	地址：盘州建设路110号（平关）。联系电话：033-35235037 / 139-52930306。部分房型可俯瞰城市天际线。设有地下停车场与充电桩。	C033
4155	沐兰国际酒店	地址：盘州建设路68号（盘关）。联系电话：034-71204037 / 018-60443464。酒店内有健身房和洗衣房，住客免费使用。客房配备记忆棉床垫，保证舒适睡眠。前台多语言服务，支持行李寄存。	C033
4156	璞丽大酒店	地址：盘州人民大道294号（盘关）。联系电话：134-81945479 / 053-69420057。可手机自助入住，无接触开门。设有地下停车场与充电桩。提供高速 Wi‑Fi 及 24 小时热水。	C033
4157	雅致大酒店	地址：盘州建设路350号（盘关）。联系电话：194-98974016 / 042-42184083。距车站步行 5 分钟，交通便利。设有地下停车场与充电桩。	C033
4158	雅致宾馆	地址：武安和平路40号（徘徊北）。联系电话：156-25647323。部分房型可俯瞰城市天际线。含自助早餐，菜品丰富。距车站步行 5 分钟，交通便利。	C265
4159	丽枫度假酒店	地址：武安朝阳街67号（徘徊北）。联系电话：195-40145854 / 196-20340803。部分房型可俯瞰城市天际线。含自助早餐，菜品丰富。周边 500 米内即是商场与美食街。	C265
4160	碧桂宾馆	地址：武安朝阳街266号（徘徊北）。联系电话：134-14916254 / 024-47172747。前台多语言服务，支持行李寄存。距车站步行 5 分钟，交通便利。	C265
4161	锦江国际酒店	地址：曲靖迎宾大道136号（平河口）。联系电话：159-28202575 / 018-35618968。提供高速 Wi‑Fi 及 24 小时热水。含自助早餐，菜品丰富。	C148
4162	月光国际酒店	地址：曲靖朝阳街174号（平河口）。联系电话：014-28493826。设有地下停车场与充电桩。可手机自助入住，无接触开门。酒店内有健身房和洗衣房，住客免费使用。提供高速 Wi‑Fi 及 24 小时热水。	C148
4163	花筑宾馆	地址：深圳建设路327号（平湖）。联系电话：133-28248051 / 153-39645085。前台多语言服务，支持行李寄存。提供高速 Wi‑Fi 及 24 小时热水。含自助早餐，菜品丰富。	C190
4164	沐兰宾馆	地址：深圳人民大道126号（平湖）。联系电话：039-73827857 / 031-24724132。前台多语言服务，支持行李寄存。酒店内有健身房和洗衣房，住客免费使用。	C190
4165	丽枫国际酒店	地址：深圳朝阳街258号（平湖）。联系电话：059-49376813。提供高速 Wi‑Fi 及 24 小时热水。部分房型可俯瞰城市天际线。周边 500 米内即是商场与美食街。	C190
4166	丽枫大酒店	地址：盘山县中心路106号（盘锦北）。联系电话：193-33298297 / 184-11230770。部分房型可俯瞰城市天际线。周边 500 米内即是商场与美食街。距车站步行 5 分钟，交通便利。	C217
4167	锦江酒店	地址：盘山县迎宾大道173号（盘锦北）。联系电话：197-69801913。周边 500 米内即是商场与美食街。距车站步行 5 分钟，交通便利。酒店内有健身房和洗衣房，住客免费使用。提供高速 Wi‑Fi 及 24 小时热水。	C217
4168	柏曼国际酒店	地址：兴隆县迎宾大道358号（潘家店）。联系电话：018-72746325。酒店内有健身房和洗衣房，住客免费使用。提供高速 Wi‑Fi 及 24 小时热水。	C130
4169	月光度假酒店	地址：兴隆县建设路185号（潘家店）。联系电话：057-69500483 / 198-66491983。提供高速 Wi‑Fi 及 24 小时热水。周边 500 米内即是商场与美食街。	C130
4170	月光国际酒店	地址：兴隆县解放路348号（潘家店）。联系电话：136-47109321。客房配备记忆棉床垫，保证舒适睡眠。含自助早餐，菜品丰富。距车站步行 5 分钟，交通便利。可手机自助入住，无接触开门。	C130
4171	悦榕精品酒店	地址：兴隆县建设路167号（潘家店）。联系电话：133-86533791 / 020-24223896。含自助早餐，菜品丰富。可手机自助入住，无接触开门。距车站步行 5 分钟，交通便利。	C130
4172	月光国际酒店	地址：大连建设路155号（皮口南）。联系电话：153-94952367 / 133-16524198。可手机自助入住，无接触开门。周边 500 米内即是商场与美食街。酒店内有健身房和洗衣房，住客免费使用。	C080
4173	沐兰宾馆	地址：大连建设路392号（皮口南）。联系电话：031-34350557。部分房型可俯瞰城市天际线。可手机自助入住，无接触开门。周边 500 米内即是商场与美食街。	C080
4174	云栖度假酒店	地址：大连解放路102号（普兰店）。联系电话：010-52751661 / 183-57610356。提供高速 Wi‑Fi 及 24 小时热水。部分房型可俯瞰城市天际线。周边 500 米内即是商场与美食街。可手机自助入住，无接触开门。	C080
4175	云栖大酒店	地址：大连解放路133号（普兰店）。联系电话：021-77445569 / 031-22652818。前台多语言服务，支持行李寄存。含自助早餐，菜品丰富。	C080
4176	桔子宾馆	地址：大连和平路37号（普兰店）。联系电话：185-16864237。含自助早餐，菜品丰富。提供高速 Wi‑Fi 及 24 小时热水。距车站步行 5 分钟，交通便利。设有地下停车场与充电桩。	C080
4177	花筑宾馆	地址：大连中心路313号（普兰店）。联系电话：155-44218826 / 189-97700982。可手机自助入住，无接触开门。提供高速 Wi‑Fi 及 24 小时热水。含自助早餐，菜品丰富。设有地下停车场与充电桩。	C080
4178	丽枫宾馆	地址：本溪满族自治县朝阳街162号（偏岭）。联系电话：026-44602094 / 138-14318934。部分房型可俯瞰城市天际线。酒店内有健身房和洗衣房，住客免费使用。距车站步行 5 分钟，交通便利。	C151
4179	丽枫国际酒店	地址：本溪满族自治县解放路390号（偏岭）。联系电话：059-40077940。含自助早餐，菜品丰富。前台多语言服务，支持行李寄存。	C151
4180	碧桂大酒店	地址：本溪满族自治县迎宾大道266号（偏岭）。联系电话：056-34627035 / 157-41640909。部分房型可俯瞰城市天际线。周边 500 米内即是商场与美食街。可手机自助入住，无接触开门。	C151
4181	璞丽度假酒店	地址：本溪满族自治县中心路14号（偏岭）。联系电话：057-59238480。设有地下停车场与充电桩。酒店内有健身房和洗衣房，住客免费使用。	C151
4182	碧桂大酒店	地址：哈尔滨迎宾大道267号（平山）。联系电话：180-99993817。前台多语言服务，支持行李寄存。部分房型可俯瞰城市天际线。周边 500 米内即是商场与美食街。酒店内有健身房和洗衣房，住客免费使用。	C066
4183	柏曼宾馆	地址：哈尔滨中心路163号（平山）。联系电话：138-63684854 / 154-13941955。设有地下停车场与充电桩。部分房型可俯瞰城市天际线。前台多语言服务，支持行李寄存。	C066
4184	柏栎酒店	地址：眉山中心路58号（彭山）。联系电话：156-23666026。提供高速 Wi‑Fi 及 24 小时热水。部分房型可俯瞰城市天际线。周边 500 米内即是商场与美食街。可手机自助入住，无接触开门。	C218
4185	锦江精品酒店	地址：眉山中心路192号（彭山）。联系电话：052-31520451 / 132-63410468。提供高速 Wi‑Fi 及 24 小时热水。部分房型可俯瞰城市天际线。含自助早餐，菜品丰富。	C218
4186	柏曼大酒店	地址：眉山和平路36号（彭山）。联系电话：052-49118267 / 152-63619297。前台多语言服务，支持行李寄存。提供高速 Wi‑Fi 及 24 小时热水。含自助早餐，菜品丰富。	C218
4187	柏栎国际酒店	地址：皮山县人民大道294号（皮山）。联系电话：028-68125908。距车站步行 5 分钟，交通便利。客房配备记忆棉床垫，保证舒适睡眠。部分房型可俯瞰城市天际线。	C062
4188	楠舍大酒店	地址：皮山县中心路366号（皮山）。联系电话：031-59715813。距车站步行 5 分钟，交通便利。周边 500 米内即是商场与美食街。含自助早餐，菜品丰富。可手机自助入住，无接触开门。	C062
4189	璞丽宾馆	地址：皮山县朝阳街112号（皮山）。联系电话：138-25643170。可手机自助入住，无接触开门。提供高速 Wi‑Fi 及 24 小时热水。酒店内有健身房和洗衣房，住客免费使用。设有地下停车场与充电桩。	C062
4190	花筑酒店	地址：皮山县朝阳街320号（皮山）。联系电话：190-48357715 / 052-73684492。部分房型可俯瞰城市天际线。设有地下停车场与充电桩。距车站步行 5 分钟，交通便利。可手机自助入住，无接触开门。	C062
4191	雅致精品酒店	地址：磐石解放路343号（磐石）。联系电话：135-10776209 / 133-99117040。距车站步行 5 分钟，交通便利。酒店内有健身房和洗衣房，住客免费使用。	C055
4192	枫叶宾馆	地址：磐石建设路305号（磐石）。联系电话：011-36410848 / 049-54924336。客房配备记忆棉床垫，保证舒适睡眠。含自助早餐，菜品丰富。部分房型可俯瞰城市天际线。可手机自助入住，无接触开门。	C055
4193	柏栎大酒店	地址：忻州朝阳街280号（平社）。联系电话：195-17789355 / 010-49947506。含自助早餐，菜品丰富。酒店内有健身房和洗衣房，住客免费使用。	C124
4194	梅园宾馆	地址：忻州人民大道266号（平社）。联系电话：182-15249818。部分房型可俯瞰城市天际线。前台多语言服务，支持行李寄存。	C124
4195	悦榕精品酒店	地址：忻州解放路236号（平社）。联系电话：154-16550031。客房配备记忆棉床垫，保证舒适睡眠。设有地下停车场与充电桩。可手机自助入住，无接触开门。部分房型可俯瞰城市天际线。	C124
4196	丽枫精品酒店	地址：彭水苗族土家族自治县中心路176号（彭水）。联系电话：050-80007016。客房配备记忆棉床垫，保证舒适睡眠。部分房型可俯瞰城市天际线。含自助早餐，菜品丰富。可手机自助入住，无接触开门。	C272
4197	丽枫大酒店	地址：彭水苗族土家族自治县中心路167号（彭水）。联系电话：040-33707752。部分房型可俯瞰城市天际线。周边 500 米内即是商场与美食街。含自助早餐，菜品丰富。	C272
4198	沐兰国际酒店	地址：彭水苗族土家族自治县朝阳街219号（彭水）。联系电话：010-49995213 / 045-73382917。酒店内有健身房和洗衣房，住客免费使用。含自助早餐，菜品丰富。周边 500 米内即是商场与美食街。	C272
4199	碧桂酒店	地址：彭水苗族土家族自治县建设路165号（彭水）。联系电话：181-87316085。酒店内有健身房和洗衣房，住客免费使用。距车站步行 5 分钟，交通便利。	C272
4200	柏曼精品酒店	地址：白城人民大道70号（平台）。联系电话：019-75229776。周边 500 米内即是商场与美食街。含自助早餐，菜品丰富。	C211
4201	星程酒店	地址：白城和平路375号（平台）。联系电话：050-61358720 / 155-61659145。可手机自助入住，无接触开门。设有地下停车场与充电桩。	C211
4202	楠舍精品酒店	地址：白城中心路35号（平台）。联系电话：014-20297447 / 191-95323489。含自助早餐，菜品丰富。可手机自助入住，无接触开门。设有地下停车场与充电桩。提供高速 Wi‑Fi 及 24 小时热水。	C211
4203	锦江酒店	地址：盘州迎宾大道97号（平田）。联系电话：058-87475172。距车站步行 5 分钟，交通便利。酒店内有健身房和洗衣房，住客免费使用。	C033
4204	月光宾馆	地址：盘州建设路137号（平田）。联系电话：013-76068474 / 155-88142553。酒店内有健身房和洗衣房，住客免费使用。部分房型可俯瞰城市天际线。提供高速 Wi‑Fi 及 24 小时热水。设有地下停车场与充电桩。	C033
4205	沐兰宾馆	地址：莆田建设路23号（莆田）。联系电话：188-44140369。含自助早餐，菜品丰富。设有地下停车场与充电桩。前台多语言服务，支持行李寄存。	C235
4206	锦江大酒店	地址：莆田和平路184号（莆田）。联系电话：047-29900982。可手机自助入住，无接触开门。提供高速 Wi‑Fi 及 24 小时热水。客房配备记忆棉床垫，保证舒适睡眠。	C235
4207	梅园精品酒店	地址：莆田人民大道245号（莆田）。联系电话：052-86294998。周边 500 米内即是商场与美食街。距车站步行 5 分钟，交通便利。前台多语言服务，支持行李寄存。	C235
4208	月光国际酒店	地址：莆田解放路197号（莆田）。联系电话：050-45398032 / 151-41225373。可手机自助入住，无接触开门。前台多语言服务，支持行李寄存。设有地下停车场与充电桩。部分房型可俯瞰城市天际线。	C235
4209	沐兰宾馆	地址：威宁彝族回族苗族自治县迎宾大道252号（葡萄菁）。联系电话：187-18740742 / 135-75597053。含自助早餐，菜品丰富。前台多语言服务，支持行李寄存。	C165
4210	枫叶大酒店	地址：威宁彝族回族苗族自治县朝阳街135号（葡萄菁）。联系电话：010-80957543 / 154-80034461。设有地下停车场与充电桩。前台多语言服务，支持行李寄存。酒店内有健身房和洗衣房，住客免费使用。可手机自助入住，无接触开门。	C165
4211	花筑宾馆	地址：威宁彝族回族苗族自治县朝阳街264号（葡萄菁）。联系电话：199-11893098 / 014-85931719。含自助早餐，菜品丰富。部分房型可俯瞰城市天际线。提供高速 Wi‑Fi 及 24 小时热水。	C165
4212	云栖酒店	地址：威宁彝族回族苗族自治县人民大道157号（葡萄菁）。联系电话：138-69670231。设有地下停车场与充电桩。可手机自助入住，无接触开门。	C165
4213	云栖酒店	地址：大连建设路109号（普湾）。联系电话：042-67515550 / 021-46652716。部分房型可俯瞰城市天际线。酒店内有健身房和洗衣房，住客免费使用。客房配备记忆棉床垫，保证舒适睡眠。	C080
4214	璞丽度假酒店	地址：大连朝阳街265号（普湾）。联系电话：057-59145054 / 032-26645206。距车站步行 5 分钟，交通便利。部分房型可俯瞰城市天际线。	C080
4215	云栖精品酒店	地址：大同中心路369号（平旺）。联系电话：192-58877557。提供高速 Wi‑Fi 及 24 小时热水。客房配备记忆棉床垫，保证舒适睡眠。周边 500 米内即是商场与美食街。酒店内有健身房和洗衣房，住客免费使用。	C077
4216	碧桂精品酒店	地址：大同中心路129号（平旺）。联系电话：194-82892179。含自助早餐，菜品丰富。距车站步行 5 分钟，交通便利。可手机自助入住，无接触开门。	C077
4217	沐兰酒店	地址：灵丘县朝阳街168号（平型关）。联系电话：189-51110353。提供高速 Wi‑Fi 及 24 小时热水。设有地下停车场与充电桩。	C077
4218	碧桂大酒店	地址：灵丘县人民大道57号（平型关）。联系电话：151-98137418 / 159-36051377。提供高速 Wi‑Fi 及 24 小时热水。设有地下停车场与充电桩。客房配备记忆棉床垫，保证舒适睡眠。周边 500 米内即是商场与美食街。	C077
4219	梅园大酒店	地址：灵丘县解放路258号（平型关）。联系电话：046-62186928。客房配备记忆棉床垫，保证舒适睡眠。可手机自助入住，无接触开门。	C077
4220	丽枫国际酒店	地址：灵丘县朝阳街154号（平型关）。联系电话：181-93430598 / 190-44254878。提供高速 Wi‑Fi 及 24 小时热水。设有地下停车场与充电桩。含自助早餐，菜品丰富。	C077
4221	花筑宾馆	地址：越西县建设路85号（普雄）。联系电话：048-63551968。客房配备记忆棉床垫，保证舒适睡眠。设有地下停车场与充电桩。	C037
4222	桔子度假酒店	地址：越西县迎宾大道39号（普雄）。联系电话：043-37580611 / 031-52251906。含自助早餐，菜品丰富。周边 500 米内即是商场与美食街。客房配备记忆棉床垫，保证舒适睡眠。	C037
4223	云栖大酒店	地址：越西县迎宾大道304号（普雄）。联系电话：184-68165862 / 032-58114562。周边 500 米内即是商场与美食街。提供高速 Wi‑Fi 及 24 小时热水。部分房型可俯瞰城市天际线。	C037
4224	星程国际酒店	地址：越西县建设路136号（普雄）。联系电话：139-33200114。酒店内有健身房和洗衣房，住客免费使用。部分房型可俯瞰城市天际线。前台多语言服务，支持行李寄存。	C037
4225	悦榕国际酒店	地址：蓬溪县朝阳街283号（蓬溪）。联系电话：014-78346410 / 040-87553182。提供高速 Wi‑Fi 及 24 小时热水。前台多语言服务，支持行李寄存。周边 500 米内即是商场与美食街。酒店内有健身房和洗衣房，住客免费使用。	C261
4226	梅园宾馆	地址：蓬溪县解放路390号（蓬溪）。联系电话：137-65927263。部分房型可俯瞰城市天际线。前台多语言服务，支持行李寄存。提供高速 Wi‑Fi 及 24 小时热水。	C261
4227	花筑大酒店	地址：蓬溪县解放路187号（蓬溪）。联系电话：195-38324387 / 043-78692302。酒店内有健身房和洗衣房，住客免费使用。部分房型可俯瞰城市天际线。距车站步行 5 分钟，交通便利。	C261
4228	锦江大酒店	地址：成都解放路357号（郫县）。联系电话：137-26948740 / 050-59518184。提供高速 Wi‑Fi 及 24 小时热水。部分房型可俯瞰城市天际线。周边 500 米内即是商场与美食街。设有地下停车场与充电桩。	C128
4229	枫叶大酒店	地址：成都迎宾大道104号（郫县）。联系电话：150-85855563。提供高速 Wi‑Fi 及 24 小时热水。含自助早餐，菜品丰富。可手机自助入住，无接触开门。	C128
4230	碧桂度假酒店	地址：成都朝阳街178号（郫县）。联系电话：159-58637827 / 022-21880011。可手机自助入住，无接触开门。酒店内有健身房和洗衣房，住客免费使用。含自助早餐，菜品丰富。前台多语言服务，支持行李寄存。	C128
4231	碧桂宾馆	地址：成都朝阳街90号（郫县）。联系电话：053-38736953。周边 500 米内即是商场与美食街。提供高速 Wi‑Fi 及 24 小时热水。	C128
4232	楠舍宾馆	地址：平阳县朝阳街325号（平阳）。联系电话：023-77432579。客房配备记忆棉床垫，保证舒适睡眠。周边 500 米内即是商场与美食街。含自助早餐，菜品丰富。可手机自助入住，无接触开门。	C192
4233	悦榕宾馆	地址：平阳县朝阳街283号（平阳）。联系电话：012-62368156。可手机自助入住，无接触开门。部分房型可俯瞰城市天际线。距车站步行 5 分钟，交通便利。周边 500 米内即是商场与美食街。	C192
4234	柏曼精品酒店	地址：平阳县建设路273号（平阳）。联系电话：191-89712877 / 016-42546863。周边 500 米内即是商场与美食街。设有地下停车场与充电桩。距车站步行 5 分钟，交通便利。可手机自助入住，无接触开门。	C192
4235	沐兰大酒店	地址：平阳县迎宾大道17号（平阳）。联系电话：040-60465897。酒店内有健身房和洗衣房，住客免费使用。部分房型可俯瞰城市天际线。	C192
4236	悦榕酒店	地址：泰来县解放路389号（平洋）。联系电话：152-18188530。提供高速 Wi‑Fi 及 24 小时热水。周边 500 米内即是商场与美食街。酒店内有健身房和洗衣房，住客免费使用。	C314
4237	月光国际酒店	地址：泰来县建设路231号（平洋）。联系电话：137-67293864 / 011-55856767。设有地下停车场与充电桩。含自助早餐，菜品丰富。客房配备记忆棉床垫，保证舒适睡眠。	C314
4238	柏曼度假酒店	地址：泰来县中心路241号（平洋）。联系电话：037-48998531 / 157-58965944。前台多语言服务，支持行李寄存。含自助早餐，菜品丰富。酒店内有健身房和洗衣房，住客免费使用。部分房型可俯瞰城市天际线。	C314
4239	柏曼精品酒店	地址：泰来县迎宾大道29号（平洋）。联系电话：015-31339687。可手机自助入住，无接触开门。距车站步行 5 分钟，交通便利。含自助早餐，菜品丰富。	C314
4240	柏栎酒店	地址：彭阳县朝阳街245号（彭阳）。联系电话：157-41953778 / 045-86432299。周边 500 米内即是商场与美食街。提供高速 Wi‑Fi 及 24 小时热水。可手机自助入住，无接触开门。部分房型可俯瞰城市天际线。	C074
4241	月光度假酒店	地址：彭阳县中心路371号（彭阳）。联系电话：032-43051662 / 014-74133831。含自助早餐，菜品丰富。提供高速 Wi‑Fi 及 24 小时热水。	C074
4242	桔子大酒店	地址：彭阳县解放路360号（彭阳）。联系电话：135-41372861 / 190-87998807。部分房型可俯瞰城市天际线。距车站步行 5 分钟，交通便利。	C074
4243	梅园度假酒店	地址：彭阳县建设路41号（彭阳）。联系电话：199-50749214 / 022-37629509。前台多语言服务，支持行李寄存。周边 500 米内即是商场与美食街。可手机自助入住，无接触开门。	C074
4244	沐兰宾馆	地址：平遥县迎宾大道209号（平遥）。联系电话：193-20626082。设有地下停车场与充电桩。部分房型可俯瞰城市天际线。酒店内有健身房和洗衣房，住客免费使用。前台多语言服务，支持行李寄存。	C145
4245	桔子宾馆	地址：平遥县解放路178号（平遥）。联系电话：043-40180987。提供高速 Wi‑Fi 及 24 小时热水。含自助早餐，菜品丰富。前台多语言服务，支持行李寄存。	C145
4246	雅致精品酒店	地址：平邑县朝阳街1号（平邑）。联系电话：012-46288186。含自助早餐，菜品丰富。距车站步行 5 分钟，交通便利。部分房型可俯瞰城市天际线。前台多语言服务，支持行李寄存。	C012
4247	沐兰酒店	地址：平邑县和平路194号（平邑）。联系电话：047-50051162 / 041-69326430。部分房型可俯瞰城市天际线。距车站步行 5 分钟，交通便利。含自助早餐，菜品丰富。	C012
4248	云栖精品酒店	地址：张掖人民大道97号（平原堡）。联系电话：185-46873581。周边 500 米内即是商场与美食街。含自助早餐，菜品丰富。部分房型可俯瞰城市天际线。酒店内有健身房和洗衣房，住客免费使用。	C120
4249	碧桂酒店	地址：张掖建设路355号（平原堡）。联系电话：183-54077096 / 030-30503110。含自助早餐，菜品丰富。提供高速 Wi‑Fi 及 24 小时热水。可手机自助入住，无接触开门。	C120
4250	花筑国际酒店	地址：张掖建设路111号（平原堡）。联系电话：020-45667589。设有地下停车场与充电桩。距车站步行 5 分钟，交通便利。含自助早餐，菜品丰富。可手机自助入住，无接触开门。	C120
4251	月光酒店	地址：张掖建设路95号（平原堡）。联系电话：187-95965360。提供高速 Wi‑Fi 及 24 小时热水。距车站步行 5 分钟，交通便利。客房配备记忆棉床垫，保证舒适睡眠。	C120
4252	月光精品酒店	地址：平原县中心路306号（平原）。联系电话：188-73519752。周边 500 米内即是商场与美食街。客房配备记忆棉床垫，保证舒适睡眠。设有地下停车场与充电桩。部分房型可俯瞰城市天际线。	C122
4253	云栖酒店	地址：平原县中心路39号（平原）。联系电话：196-22560965。前台多语言服务，支持行李寄存。部分房型可俯瞰城市天际线。设有地下停车场与充电桩。	C122
4254	星程度假酒店	地址：平原县中心路298号（平原）。联系电话：184-44645716 / 191-47907753。设有地下停车场与充电桩。部分房型可俯瞰城市天际线。周边 500 米内即是商场与美食街。提供高速 Wi‑Fi 及 24 小时热水。	C122
4255	丽枫度假酒店	地址：平原县朝阳街301号（平原）。联系电话：152-94019379。部分房型可俯瞰城市天际线。酒店内有健身房和洗衣房，住客免费使用。前台多语言服务，支持行李寄存。	C122
4256	花筑宾馆	地址：北京建设路181号（平峪）。联系电话：023-84860760。距车站步行 5 分钟，交通便利。提供高速 Wi‑Fi 及 24 小时热水。	C039
4257	星程度假酒店	地址：北京和平路68号（平峪）。联系电话：050-49072992 / 130-96533480。周边 500 米内即是商场与美食街。距车站步行 5 分钟，交通便利。前台多语言服务，支持行李寄存。部分房型可俯瞰城市天际线。	C039
4258	锦江精品酒店	地址：北京人民大道46号（平峪）。联系电话：195-91607996。前台多语言服务，支持行李寄存。提供高速 Wi‑Fi 及 24 小时热水。酒店内有健身房和洗衣房，住客免费使用。	C039
4259	沐兰宾馆	地址：北京朝阳街234号（平峪）。联系电话：133-85937607 / 014-26074025。提供高速 Wi‑Fi 及 24 小时热水。部分房型可俯瞰城市天际线。距车站步行 5 分钟，交通便利。	C039
4260	云栖精品酒店	地址：彭泽县和平路341号（彭泽）。联系电话：047-81721110 / 029-73976049。客房配备记忆棉床垫，保证舒适睡眠。可手机自助入住，无接触开门。设有地下停车场与充电桩。	C020
4261	柏曼宾馆	地址：彭泽县迎宾大道73号（彭泽）。联系电话：156-26972517。含自助早餐，菜品丰富。周边 500 米内即是商场与美食街。提供高速 Wi‑Fi 及 24 小时热水。前台多语言服务，支持行李寄存。	C020
4262	碧桂大酒店	地址：邳州朝阳街267号（邳州）。联系电话：010-31178188。距车站步行 5 分钟，交通便利。前台多语言服务，支持行李寄存。含自助早餐，菜品丰富。	C121
4263	梅园度假酒店	地址：邳州和平路391号（邳州）。联系电话：047-49347633 / 139-19196086。可手机自助入住，无接触开门。周边 500 米内即是商场与美食街。设有地下停车场与充电桩。	C121
4264	星程宾馆	地址：赤峰人民大道336号（平庄）。联系电话：191-92353055。客房配备记忆棉床垫，保证舒适睡眠。周边 500 米内即是商场与美食街。含自助早餐，菜品丰富。	C253
4265	桔子酒店	地址：赤峰中心路102号（平庄）。联系电话：187-75317675 / 192-99738617。可手机自助入住，无接触开门。含自助早餐，菜品丰富。	C253
4266	楠舍宾馆	地址：赤峰建设路26号（平庄）。联系电话：191-40496273。含自助早餐，菜品丰富。提供高速 Wi‑Fi 及 24 小时热水。客房配备记忆棉床垫，保证舒适睡眠。	C253
4267	锦江大酒店	地址：阜新蒙古族自治县解放路260号（泡子）。联系电话：134-63701095 / 193-92093174。提供高速 Wi‑Fi 及 24 小时热水。含自助早餐，菜品丰富。前台多语言服务，支持行李寄存。	C286
4268	楠舍大酒店	地址：阜新蒙古族自治县人民大道146号（泡子）。联系电话：156-10434287。周边 500 米内即是商场与美食街。部分房型可俯瞰城市天际线。前台多语言服务，支持行李寄存。提供高速 Wi‑Fi 及 24 小时热水。	C286
4269	悦榕大酒店	地址：喀喇沁旗人民大道133号（平庄南）。联系电话：047-40170931 / 022-69765236。设有地下停车场与充电桩。含自助早餐，菜品丰富。周边 500 米内即是商场与美食街。距车站步行 5 分钟，交通便利。	C253
4270	柏曼大酒店	地址：喀喇沁旗迎宾大道394号（平庄南）。联系电话：193-82611121。前台多语言服务，支持行李寄存。周边 500 米内即是商场与美食街。含自助早餐，菜品丰富。	C253
4271	悦榕国际酒店	地址：喀喇沁旗和平路352号（平庄南）。联系电话：190-87380880 / 152-56885431。含自助早餐，菜品丰富。距车站步行 5 分钟，交通便利。	C253
4272	楠舍国际酒店	地址：扶余中心路287号（乾安）。联系电话：138-93359649。可手机自助入住，无接触开门。周边 500 米内即是商场与美食街。	C154
4273	锦江大酒店	地址：扶余解放路311号（乾安）。联系电话：014-73725500。可手机自助入住，无接触开门。客房配备记忆棉床垫，保证舒适睡眠。	C154
4274	悦榕国际酒店	地址：扶余解放路167号（乾安）。联系电话：020-87852611。周边 500 米内即是商场与美食街。设有地下停车场与充电桩。前台多语言服务，支持行李寄存。	C154
4275	云栖宾馆	地址：扶余中心路41号（乾安）。联系电话：180-34481273 / 133-53116471。部分房型可俯瞰城市天际线。含自助早餐，菜品丰富。	C154
4276	云栖大酒店	地址：庆安县人民大道249号（庆安）。联系电话：189-99361543。距车站步行 5 分钟，交通便利。周边 500 米内即是商场与美食街。可手机自助入住，无接触开门。	C225
4277	星程度假酒店	地址：庆安县朝阳街57号（庆安）。联系电话：155-97036866。设有地下停车场与充电桩。含自助早餐，菜品丰富。	C225
4278	沐兰国际酒店	地址：迁安解放路220号（迁安）。联系电话：183-14099361。含自助早餐，菜品丰富。客房配备记忆棉床垫，保证舒适睡眠。设有地下停车场与充电桩。周边 500 米内即是商场与美食街。	C067
4279	锦江度假酒店	地址：迁安中心路118号（迁安）。联系电话：037-55789854。含自助早餐，菜品丰富。酒店内有健身房和洗衣房，住客免费使用。前台多语言服务，支持行李寄存。提供高速 Wi‑Fi 及 24 小时热水。	C067
4280	柏曼国际酒店	地址：迁安人民大道37号（迁安）。联系电话：022-54968793。提供高速 Wi‑Fi 及 24 小时热水。设有地下停车场与充电桩。酒店内有健身房和洗衣房，住客免费使用。	C067
4281	雅致精品酒店	地址：祁东县中心路131号（祁东北）。联系电话：151-25183262。酒店内有健身房和洗衣房，住客免费使用。可手机自助入住，无接触开门。周边 500 米内即是商场与美食街。	C242
4282	碧桂度假酒店	地址：祁东县和平路310号（祁东北）。联系电话：031-51907531。酒店内有健身房和洗衣房，住客免费使用。含自助早餐，菜品丰富。前台多语言服务，支持行李寄存。距车站步行 5 分钟，交通便利。	C242
4283	楠舍大酒店	地址：祁东县人民大道258号（祁东北）。联系电话：187-75302960。周边 500 米内即是商场与美食街。前台多语言服务，支持行李寄存。提供高速 Wi‑Fi 及 24 小时热水。	C242
4284	柏栎大酒店	地址：昆明解放路10号（七甸）。联系电话：054-48921695 / 045-86045885。距车站步行 5 分钟，交通便利。周边 500 米内即是商场与美食街。设有地下停车场与充电桩。	C142
4285	花筑精品酒店	地址：昆明人民大道167号（七甸）。联系电话：042-23428224。酒店内有健身房和洗衣房，住客免费使用。提供高速 Wi‑Fi 及 24 小时热水。设有地下停车场与充电桩。	C142
4286	柏栎度假酒店	地址：曲阜和平路117号（曲阜东）。联系电话：042-31139421。周边 500 米内即是商场与美食街。前台多语言服务，支持行李寄存。	C181
4287	锦江大酒店	地址：曲阜迎宾大道8号（曲阜东）。联系电话：150-35006687。部分房型可俯瞰城市天际线。设有地下停车场与充电桩。	C181
4288	沐兰精品酒店	地址：曲阜中心路261号（曲阜东）。联系电话：196-35113289。客房配备记忆棉床垫，保证舒适睡眠。设有地下停车场与充电桩。提供高速 Wi‑Fi 及 24 小时热水。周边 500 米内即是商场与美食街。	C181
4289	花筑酒店	地址：长岭县中心路397号（庆丰）。联系电话：138-82174321。含自助早餐，菜品丰富。酒店内有健身房和洗衣房，住客免费使用。	C154
4290	锦江国际酒店	地址：长岭县解放路62号（庆丰）。联系电话：157-30141627。周边 500 米内即是商场与美食街。前台多语言服务，支持行李寄存。	C154
4291	桔子大酒店	地址：长岭县建设路273号（庆丰）。联系电话：139-55728714 / 196-28111395。客房配备记忆棉床垫，保证舒适睡眠。周边 500 米内即是商场与美食街。前台多语言服务，支持行李寄存。可手机自助入住，无接触开门。	C154
4292	锦江国际酒店	地址：易县人民大道367号（奇峰塔）。联系电话：187-14545016 / 198-68849064。含自助早餐，菜品丰富。设有地下停车场与充电桩。	C027
4293	锦江国际酒店	地址：易县中心路184号（奇峰塔）。联系电话：024-30996817。设有地下停车场与充电桩。含自助早餐，菜品丰富。距车站步行 5 分钟，交通便利。	C027
4294	月光度假酒店	地址：易县中心路253号（奇峰塔）。联系电话：189-47645397。客房配备记忆棉床垫，保证舒适睡眠。周边 500 米内即是商场与美食街。	C027
4295	星程度假酒店	地址：易县迎宾大道70号（奇峰塔）。联系电话：021-87236139。客房配备记忆棉床垫，保证舒适睡眠。提供高速 Wi‑Fi 及 24 小时热水。	C027
4296	楠舍大酒店	地址：曲阜朝阳街230号（曲阜）。联系电话：184-90977727。设有地下停车场与充电桩。客房配备记忆棉床垫，保证舒适睡眠。提供高速 Wi‑Fi 及 24 小时热水。前台多语言服务，支持行李寄存。	C181
4297	柏曼酒店	地址：曲阜朝阳街248号（曲阜）。联系电话：184-84877493。距车站步行 5 分钟，交通便利。设有地下停车场与充电桩。部分房型可俯瞰城市天际线。	C181
4298	星程国际酒店	地址：曲阜解放路22号（曲阜）。联系电话：047-32246259 / 198-42677708。距车站步行 5 分钟，交通便利。设有地下停车场与充电桩。	C181
4299	璞丽国际酒店	地址：曲阜建设路103号（曲阜）。联系电话：136-81059311。酒店内有健身房和洗衣房，住客免费使用。客房配备记忆棉床垫，保证舒适睡眠。设有地下停车场与充电桩。前台多语言服务，支持行李寄存。	C181
4300	雅致度假酒店	地址：琼海人民大道394号（琼海）。联系电话：135-66882548 / 131-28977711。客房配备记忆棉床垫，保证舒适睡眠。提供高速 Wi‑Fi 及 24 小时热水。设有地下停车场与充电桩。	C319
4301	月光大酒店	地址：琼海迎宾大道132号（琼海）。联系电话：132-93287569。酒店内有健身房和洗衣房，住客免费使用。提供高速 Wi‑Fi 及 24 小时热水。	C319
4302	锦江大酒店	地址：琼海解放路156号（琼海）。联系电话：039-61976603 / 189-35719662。酒店内有健身房和洗衣房，住客免费使用。提供高速 Wi‑Fi 及 24 小时热水。部分房型可俯瞰城市天际线。客房配备记忆棉床垫，保证舒适睡眠。	C319
4303	丽枫大酒店	地址：秦皇岛中心路101号（秦皇岛）。联系电话：016-84856169。客房配备记忆棉床垫，保证舒适睡眠。部分房型可俯瞰城市天际线。可手机自助入住，无接触开门。	C222
4304	璞丽宾馆	地址：秦皇岛解放路204号（秦皇岛）。联系电话：180-84639567。客房配备记忆棉床垫，保证舒适睡眠。设有地下停车场与充电桩。含自助早餐，菜品丰富。	C222
4305	云栖国际酒店	地址：秦皇岛中心路97号（秦皇岛）。联系电话：036-82830450 / 040-35779134。设有地下停车场与充电桩。距车站步行 5 分钟，交通便利。	C222
4306	璞丽精品酒店	地址：宝鸡迎宾大道191号（千河）。联系电话：194-20405621。客房配备记忆棉床垫，保证舒适睡眠。设有地下停车场与充电桩。	C097
4307	花筑国际酒店	地址：宝鸡解放路287号（千河）。联系电话：058-55641573 / 180-13047447。含自助早餐，菜品丰富。酒店内有健身房和洗衣房，住客免费使用。前台多语言服务，支持行李寄存。部分房型可俯瞰城市天际线。	C097
4308	柏曼宾馆	地址：宝鸡人民大道107号（千河）。联系电话：024-57288928。前台多语言服务，支持行李寄存。周边 500 米内即是商场与美食街。提供高速 Wi‑Fi 及 24 小时热水。距车站步行 5 分钟，交通便利。	C097
4309	枫叶精品酒店	地址：宝鸡中心路32号（千河）。联系电话：196-23711508 / 045-41387548。前台多语言服务，支持行李寄存。可手机自助入住，无接触开门。酒店内有健身房和洗衣房，住客免费使用。	C097
4310	桔子精品酒店	地址：北京朝阳街375号（清河）。联系电话：155-88903838 / 138-20211989。前台多语言服务，支持行李寄存。酒店内有健身房和洗衣房，住客免费使用。	C039
4311	月光大酒店	地址：北京解放路234号（清河）。联系电话：043-53617596 / 151-54234811。前台多语言服务，支持行李寄存。酒店内有健身房和洗衣房，住客免费使用。客房配备记忆棉床垫，保证舒适睡眠。可手机自助入住，无接触开门。	C039
4312	雅致酒店	地址：北京中心路288号（清河）。联系电话：152-52083960。距车站步行 5 分钟，交通便利。提供高速 Wi‑Fi 及 24 小时热水。部分房型可俯瞰城市天际线。客房配备记忆棉床垫，保证舒适睡眠。	C039
4313	柏栎国际酒店	地址：北京中心路293号（清河）。联系电话：188-97031828 / 131-31361362。提供高速 Wi‑Fi 及 24 小时热水。距车站步行 5 分钟，交通便利。可手机自助入住，无接触开门。	C039
4314	桔子酒店	地址：阜新朝阳街81号（清河门）。联系电话：155-88270821。前台多语言服务，支持行李寄存。设有地下停车场与充电桩。	C286
4315	柏栎国际酒店	地址：阜新迎宾大道204号（清河门）。联系电话：026-40055917 / 187-93165272。距车站步行 5 分钟，交通便利。周边 500 米内即是商场与美食街。部分房型可俯瞰城市天际线。	C286
4316	花筑宾馆	地址：阜新建设路134号（清河门）。联系电话：192-49468615。可手机自助入住，无接触开门。部分房型可俯瞰城市天际线。前台多语言服务，支持行李寄存。	C286
4317	花筑大酒店	地址：北京朝阳街298号（清华园）。联系电话：198-53321151 / 152-90320648。部分房型可俯瞰城市天际线。提供高速 Wi‑Fi 及 24 小时热水。周边 500 米内即是商场与美食街。酒店内有健身房和洗衣房，住客免费使用。	C039
4318	柏曼精品酒店	地址：北京朝阳街148号（清华园）。联系电话：047-23246006。周边 500 米内即是商场与美食街。酒店内有健身房和洗衣房，住客免费使用。	C039
4319	云栖精品酒店	地址：北京人民大道149号（清华园）。联系电话：154-69937511。设有地下停车场与充电桩。可手机自助入住，无接触开门。含自助早餐，菜品丰富。客房配备记忆棉床垫，保证舒适睡眠。	C039
4320	沐兰酒店	地址：全椒县中心路298号（全椒）。联系电话：186-55793246 / 136-53330613。距车站步行 5 分钟，交通便利。酒店内有健身房和洗衣房，住客免费使用。设有地下停车场与充电桩。	C198
4321	悦榕宾馆	地址：全椒县人民大道273号（全椒）。联系电话：159-58280584。部分房型可俯瞰城市天际线。设有地下停车场与充电桩。客房配备记忆棉床垫，保证舒适睡眠。酒店内有健身房和洗衣房，住客免费使用。	C198
4322	桔子宾馆	地址：潜江和平路211号（潜江）。联系电话：032-67008318。部分房型可俯瞰城市天际线。周边 500 米内即是商场与美食街。客房配备记忆棉床垫，保证舒适睡眠。	C320
4323	柏曼国际酒店	地址：潜江人民大道55号（潜江）。联系电话：055-34538095。提供高速 Wi‑Fi 及 24 小时热水。周边 500 米内即是商场与美食街。前台多语言服务，支持行李寄存。距车站步行 5 分钟，交通便利。	C320
4324	柏曼度假酒店	地址：扶绥县朝阳街129号（渠旧）。联系电话：052-37387007。可手机自助入住，无接触开门。含自助早餐，菜品丰富。	C102
4325	雅致度假酒店	地址：扶绥县解放路25号（渠旧）。联系电话：023-47901342 / 051-76743607。设有地下停车场与充电桩。周边 500 米内即是商场与美食街。前台多语言服务，支持行李寄存。部分房型可俯瞰城市天际线。	C102
4326	花筑度假酒店	地址：扶绥县人民大道379号（渠旧）。联系电话：156-62854781。设有地下停车场与充电桩。客房配备记忆棉床垫，保证舒适睡眠。前台多语言服务，支持行李寄存。	C102
4327	枫叶国际酒店	地址：扶绥县中心路65号（渠旧）。联系电话：051-87415352 / 137-75166463。客房配备记忆棉床垫，保证舒适睡眠。前台多语言服务，支持行李寄存。周边 500 米内即是商场与美食街。	C102
4328	锦江国际酒店	地址：绥化中心路339号（秦家）。联系电话：135-21713415 / 153-29042635。可手机自助入住，无接触开门。距车站步行 5 分钟，交通便利。客房配备记忆棉床垫，保证舒适睡眠。	C225
4329	梅园度假酒店	地址：绥化解放路51号（秦家）。联系电话：020-45760644。距车站步行 5 分钟，交通便利。可手机自助入住，无接触开门。前台多语言服务，支持行李寄存。提供高速 Wi‑Fi 及 24 小时热水。	C225
4330	雅致度假酒店	地址：绥化迎宾大道275号（秦家）。联系电话：026-52539286。含自助早餐，菜品丰富。周边 500 米内即是商场与美食街。	C225
4331	云栖度假酒店	地址：绥化朝阳街135号（秦家）。联系电话：048-81094910 / 184-70022237。距车站步行 5 分钟，交通便利。前台多语言服务，支持行李寄存。客房配备记忆棉床垫，保证舒适睡眠。含自助早餐，菜品丰富。	C225
4332	楠舍精品酒店	地址：重庆朝阳街237号（綦江）。联系电话：187-32665517 / 057-80600264。距车站步行 5 分钟，交通便利。提供高速 Wi‑Fi 及 24 小时热水。	C272
4333	桔子度假酒店	地址：重庆中心路223号（綦江）。联系电话：043-44741907。设有地下停车场与充电桩。客房配备记忆棉床垫，保证舒适睡眠。周边 500 米内即是商场与美食街。距车站步行 5 分钟，交通便利。	C272
4334	柏曼大酒店	地址：重庆人民大道68号（綦江）。联系电话：040-60327916。提供高速 Wi‑Fi 及 24 小时热水。可手机自助入住，无接触开门。含自助早餐，菜品丰富。	C272
4335	月光度假酒店	地址：本溪满族自治县朝阳街334号（祁家堡）。联系电话：017-66216584。酒店内有健身房和洗衣房，住客免费使用。设有地下停车场与充电桩。部分房型可俯瞰城市天际线。距车站步行 5 分钟，交通便利。	C151
4336	楠舍国际酒店	地址：本溪满族自治县朝阳街321号（祁家堡）。联系电话：036-30504411。前台多语言服务，支持行李寄存。提供高速 Wi‑Fi 及 24 小时热水。	C151
4337	月光精品酒店	地址：本溪满族自治县迎宾大道207号（祁家堡）。联系电话：015-53949476 / 041-21259661。酒店内有健身房和洗衣房，住客免费使用。前台多语言服务，支持行李寄存。	C151
4338	月光酒店	地址：清涧县人民大道143号（清涧县）。联系电话：054-79510575 / 036-83007168。含自助早餐，菜品丰富。前台多语言服务，支持行李寄存。	C162
4339	柏栎宾馆	地址：清涧县中心路221号（清涧县）。联系电话：194-82791913 / 058-75698898。设有地下停车场与充电桩。客房配备记忆棉床垫，保证舒适睡眠。周边 500 米内即是商场与美食街。酒店内有健身房和洗衣房，住客免费使用。	C162
4340	楠舍酒店	地址：清涧县迎宾大道398号（清涧县）。联系电话：045-85816417。提供高速 Wi‑Fi 及 24 小时热水。可手机自助入住，无接触开门。	C162
4341	星程国际酒店	地址：岢岚县建设路175号（秦家庄）。联系电话：139-35819510。含自助早餐，菜品丰富。酒店内有健身房和洗衣房，住客免费使用。	C124
4342	柏曼大酒店	地址：岢岚县解放路90号（秦家庄）。联系电话：031-26318106 / 152-97993735。前台多语言服务，支持行李寄存。部分房型可俯瞰城市天际线。提供高速 Wi‑Fi 及 24 小时热水。设有地下停车场与充电桩。	C124
4343	星程大酒店	地址：岢岚县和平路58号（秦家庄）。联系电话：196-54956669 / 050-86942925。酒店内有健身房和洗衣房，住客免费使用。含自助早餐，菜品丰富。	C124
4344	柏栎精品酒店	地址：岢岚县和平路177号（秦家庄）。联系电话：044-63438505 / 189-72414882。周边 500 米内即是商场与美食街。可手机自助入住，无接触开门。客房配备记忆棉床垫，保证舒适睡眠。	C124
4345	枫叶国际酒店	地址：义县迎宾大道349号（七里河）。联系电话：182-93419707。距车站步行 5 分钟，交通便利。可手机自助入住，无接触开门。	C281
4346	璞丽大酒店	地址：义县和平路303号（七里河）。联系电话：187-10454259 / 036-21549621。可手机自助入住，无接触开门。客房配备记忆棉床垫，保证舒适睡眠。前台多语言服务，支持行李寄存。	C281
4347	云栖宾馆	地址：义县解放路392号（七里河）。联系电话：135-25200402。距车站步行 5 分钟，交通便利。部分房型可俯瞰城市天际线。周边 500 米内即是商场与美食街。客房配备记忆棉床垫，保证舒适睡眠。	C281
4348	枫叶酒店	地址：义县人民大道138号（七里河）。联系电话：132-79852909 / 036-36220873。周边 500 米内即是商场与美食街。设有地下停车场与充电桩。可手机自助入住，无接触开门。距车站步行 5 分钟，交通便利。	C281
4349	沐兰国际酒店	地址：凤县人民大道396号（秦岭）。联系电话：059-30438023 / 047-59205477。提供高速 Wi‑Fi 及 24 小时热水。可手机自助入住，无接触开门。距车站步行 5 分钟，交通便利。设有地下停车场与充电桩。	C097
4350	星程度假酒店	地址：凤县中心路308号（秦岭）。联系电话：154-31650579 / 050-36626257。前台多语言服务，支持行李寄存。部分房型可俯瞰城市天际线。含自助早餐，菜品丰富。客房配备记忆棉床垫，保证舒适睡眠。	C097
4351	云栖国际酒店	地址：凤县建设路268号（秦岭）。联系电话：152-54933795 / 153-93803930。设有地下停车场与充电桩。可手机自助入住，无接触开门。	C097
4352	丽枫度假酒店	地址：凤县朝阳街348号（秦岭）。联系电话：183-32074828 / 136-19661401。距车站步行 5 分钟，交通便利。客房配备记忆棉床垫，保证舒适睡眠。周边 500 米内即是商场与美食街。	C097
4353	璞丽宾馆	地址：扶绥县迎宾大道395号（渠黎）。联系电话：152-54419553 / 018-86865108。可手机自助入住，无接触开门。客房配备记忆棉床垫，保证舒适睡眠。	C102
4354	星程精品酒店	地址：扶绥县朝阳街251号（渠黎）。联系电话：138-75982385 / 134-25226080。含自助早餐，菜品丰富。部分房型可俯瞰城市天际线。酒店内有健身房和洗衣房，住客免费使用。	C102
4355	柏栎大酒店	地址：鸡西人民大道178号（青龙）。联系电话：180-96564492。前台多语言服务，支持行李寄存。可手机自助入住，无接触开门。周边 500 米内即是商场与美食街。	C303
4356	沐兰宾馆	地址：鸡西解放路329号（青龙）。联系电话：150-30736989 / 181-27033706。部分房型可俯瞰城市天际线。设有地下停车场与充电桩。	C303
4357	楠舍精品酒店	地址：鸡西和平路218号（青龙）。联系电话：156-53256123。设有地下停车场与充电桩。提供高速 Wi‑Fi 及 24 小时热水。	C303
4358	柏曼大酒店	地址：淮北朝阳街195号（青龙山）。联系电话：023-62155721。部分房型可俯瞰城市天际线。前台多语言服务，支持行李寄存。周边 500 米内即是商场与美食街。酒店内有健身房和洗衣房，住客免费使用。	C187
4359	璞丽国际酒店	地址：淮北建设路271号（青龙山）。联系电话：158-38413403 / 156-91308611。前台多语言服务，支持行李寄存。周边 500 米内即是商场与美食街。	C187
4360	楠舍大酒店	地址：淮北中心路285号（青龙山）。联系电话：027-84273712 / 020-89605020。提供高速 Wi‑Fi 及 24 小时热水。前台多语言服务，支持行李寄存。	C187
4361	柏栎精品酒店	地址：祁门县解放路353号（祁门）。联系电话：028-38298295。客房配备记忆棉床垫，保证舒适睡眠。含自助早餐，菜品丰富。	C308
4362	璞丽度假酒店	地址：祁门县和平路208号（祁门）。联系电话：156-67030779 / 020-46238610。含自助早餐，菜品丰富。前台多语言服务，支持行李寄存。	C308
4363	碧桂大酒店	地址：祁门县解放路295号（祁门）。联系电话：181-17294646。部分房型可俯瞰城市天际线。酒店内有健身房和洗衣房，住客免费使用。可手机自助入住，无接触开门。	C308
4364	锦江度假酒店	地址：深州中心路328号（前磨头）。联系电话：195-53151011 / 131-26649606。含自助早餐，菜品丰富。可手机自助入住，无接触开门。提供高速 Wi‑Fi 及 24 小时热水。	C241
4365	月光酒店	地址：深州解放路241号（前磨头）。联系电话：035-68247347。周边 500 米内即是商场与美食街。酒店内有健身房和洗衣房，住客免费使用。	C241
4366	云栖大酒店	地址：林口县中心路50号（青山）。联系电话：057-35833833。提供高速 Wi‑Fi 及 24 小时热水。距车站步行 5 分钟，交通便利。	C207
4367	悦榕宾馆	地址：林口县人民大道78号（青山）。联系电话：018-86058551。客房配备记忆棉床垫，保证舒适睡眠。酒店内有健身房和洗衣房，住客免费使用。	C207
4368	悦榕精品酒店	地址：驻马店中心路70号（确山）。联系电话：155-41801105 / 029-52958133。设有地下停车场与充电桩。周边 500 米内即是商场与美食街。距车站步行 5 分钟，交通便利。	C302
4369	梅园度假酒店	地址：驻马店解放路162号（确山）。联系电话：186-65691447。酒店内有健身房和洗衣房，住客免费使用。距车站步行 5 分钟，交通便利。	C302
4370	桔子度假酒店	地址：驻马店迎宾大道91号（确山）。联系电话：020-79956104 / 183-59968259。前台多语言服务，支持行李寄存。可手机自助入住，无接触开门。	C302
4371	桔子国际酒店	地址：驻马店朝阳街35号（确山）。联系电话：159-93023255。可手机自助入住，无接触开门。酒店内有健身房和洗衣房，住客免费使用。含自助早餐，菜品丰富。距车站步行 5 分钟，交通便利。	C302
4372	丽枫大酒店	地址：珠海朝阳街265号（前山）。联系电话：137-70685049 / 197-54955367。客房配备记忆棉床垫，保证舒适睡眠。设有地下停车场与充电桩。前台多语言服务，支持行李寄存。	C210
4373	桔子度假酒店	地址：珠海朝阳街82号（前山）。联系电话：135-18620868。酒店内有健身房和洗衣房，住客免费使用。提供高速 Wi‑Fi 及 24 小时热水。	C210
4374	悦榕度假酒店	地址：珠海建设路316号（前山）。联系电话：054-53340754。含自助早餐，菜品丰富。提供高速 Wi‑Fi 及 24 小时热水。前台多语言服务，支持行李寄存。	C210
4375	丽枫国际酒店	地址：酒泉中心路166号（清水）。联系电话：012-56978725 / 199-16133356。客房配备记忆棉床垫，保证舒适睡眠。设有地下停车场与充电桩。距车站步行 5 分钟，交通便利。含自助早餐，菜品丰富。	C271
4376	柏曼度假酒店	地址：酒泉人民大道8号（清水）。联系电话：056-80679757。提供高速 Wi‑Fi 及 24 小时热水。可手机自助入住，无接触开门。设有地下停车场与充电桩。前台多语言服务，支持行李寄存。	C271
4377	枫叶国际酒店	地址：酒泉人民大道338号（清水）。联系电话：134-30557251 / 134-87861733。提供高速 Wi‑Fi 及 24 小时热水。可手机自助入住，无接触开门。距车站步行 5 分钟，交通便利。	C271
4378	璞丽精品酒店	地址：酒泉中心路150号（清水）。联系电话：130-43086405 / 135-27518707。含自助早餐，菜品丰富。周边 500 米内即是商场与美食街。距车站步行 5 分钟，交通便利。	C271
4379	锦江度假酒店	地址：常州中心路266号（戚墅堰）。联系电话：025-82248189。含自助早餐，菜品丰富。提供高速 Wi‑Fi 及 24 小时热水。周边 500 米内即是商场与美食街。	C106
4380	花筑精品酒店	地址：常州解放路245号（戚墅堰）。联系电话：055-50047857。部分房型可俯瞰城市天际线。设有地下停车场与充电桩。距车站步行 5 分钟，交通便利。可手机自助入住，无接触开门。	C106
4381	锦江精品酒店	地址：常州中心路382号（戚墅堰）。联系电话：053-31360934。距车站步行 5 分钟，交通便利。前台多语言服务，支持行李寄存。	C106
4382	云栖大酒店	地址：青田县中心路132号（青田）。联系电话：199-34138509。距车站步行 5 分钟，交通便利。客房配备记忆棉床垫，保证舒适睡眠。	C014
4383	柏曼大酒店	地址：青田县和平路165号（青田）。联系电话：139-45741758。前台多语言服务，支持行李寄存。含自助早餐，菜品丰富。	C014
4384	碧桂国际酒店	地址：青田县建设路372号（青田）。联系电话：046-21959570 / 016-85778144。设有地下停车场与充电桩。酒店内有健身房和洗衣房，住客免费使用。可手机自助入住，无接触开门。前台多语言服务，支持行李寄存。	C014
4385	星程精品酒店	地址：青田县建设路141号（青田）。联系电话：051-55026818 / 026-60926491。可手机自助入住，无接触开门。周边 500 米内即是商场与美食街。客房配备记忆棉床垫，保证舒适睡眠。距车站步行 5 分钟，交通便利。	C014
4386	花筑宾馆	地址：本溪人民大道109号（桥头）。联系电话：189-33747424。距车站步行 5 分钟，交通便利。含自助早餐，菜品丰富。前台多语言服务，支持行李寄存。	C151
4387	丽枫酒店	地址：本溪解放路140号（桥头）。联系电话：185-40513605。设有地下停车场与充电桩。含自助早餐，菜品丰富。	C151
4388	楠舍国际酒店	地址：青铜峡解放路172号（青铜峡）。联系电话：018-88716273。酒店内有健身房和洗衣房，住客免费使用。可手机自助入住，无接触开门。距车站步行 5 分钟，交通便利。含自助早餐，菜品丰富。	C058
4389	柏栎酒店	地址：青铜峡解放路152号（青铜峡）。联系电话：195-56210505。提供高速 Wi‑Fi 及 24 小时热水。部分房型可俯瞰城市天际线。可手机自助入住，无接触开门。前台多语言服务，支持行李寄存。	C058
4390	柏栎酒店	地址：绥中县解放路48号（前卫）。联系电话：197-26768457 / 050-24286970。周边 500 米内即是商场与美食街。设有地下停车场与充电桩。部分房型可俯瞰城市天际线。	C239
4391	梅园国际酒店	地址：绥中县中心路92号（前卫）。联系电话：139-73131865 / 183-33226118。设有地下停车场与充电桩。含自助早餐，菜品丰富。周边 500 米内即是商场与美食街。	C239
4392	悦榕国际酒店	地址：绥中县人民大道368号（前卫）。联系电话：131-31741778 / 132-17534241。客房配备记忆棉床垫，保证舒适睡眠。周边 500 米内即是商场与美食街。部分房型可俯瞰城市天际线。可手机自助入住，无接触开门。	C239
4393	桔子国际酒店	地址：兴隆县迎宾大道267号（前苇塘）。联系电话：183-43725184 / 025-50898461。酒店内有健身房和洗衣房，住客免费使用。客房配备记忆棉床垫，保证舒适睡眠。提供高速 Wi‑Fi 及 24 小时热水。	C130
4394	云栖酒店	地址：兴隆县朝阳街136号（前苇塘）。联系电话：155-59860760。客房配备记忆棉床垫，保证舒适睡眠。可手机自助入住，无接触开门。含自助早餐，菜品丰富。	C130
4395	沐兰精品酒店	地址：兴隆县朝阳街54号（前苇塘）。联系电话：025-76145342 / 136-23404286。部分房型可俯瞰城市天际线。提供高速 Wi‑Fi 及 24 小时热水。	C130
4396	沐兰精品酒店	地址：兴隆县和平路51号（前苇塘）。联系电话：028-57670353。客房配备记忆棉床垫，保证舒适睡眠。距车站步行 5 分钟，交通便利。设有地下停车场与充电桩。含自助早餐，菜品丰富。	C130
4397	梅园国际酒店	地址：渠县解放路123号（渠县）。联系电话：159-93975798 / 038-59954390。提供高速 Wi‑Fi 及 24 小时热水。前台多语言服务，支持行李寄存。含自助早餐，菜品丰富。距车站步行 5 分钟，交通便利。	C256
4398	楠舍度假酒店	地址：渠县中心路136号（渠县）。联系电话：059-46797913 / 134-41407808。前台多语言服务，支持行李寄存。可手机自助入住，无接触开门。距车站步行 5 分钟，交通便利。	C256
4399	碧桂国际酒店	地址：渠县人民大道363号（渠县）。联系电话：059-45791726。含自助早餐，菜品丰富。客房配备记忆棉床垫，保证舒适睡眠。可手机自助入住，无接触开门。部分房型可俯瞰城市天际线。	C256
4400	星程酒店	地址：渠县建设路331号（渠县）。联系电话：036-71799351。酒店内有健身房和洗衣房，住客免费使用。周边 500 米内即是商场与美食街。	C256
4401	雅致大酒店	地址：祁县和平路255号（祁县）。联系电话：196-88889813 / 156-38535873。客房配备记忆棉床垫，保证舒适睡眠。提供高速 Wi‑Fi 及 24 小时热水。含自助早餐，菜品丰富。	C145
4402	楠舍国际酒店	地址：祁县解放路254号（祁县）。联系电话：020-35917362 / 048-68882074。前台多语言服务，支持行李寄存。含自助早餐，菜品丰富。客房配备记忆棉床垫，保证舒适睡眠。	C145
4403	柏曼宾馆	地址：祁县朝阳街263号（祁县）。联系电话：159-80613155 / 018-81799998。可手机自助入住，无接触开门。客房配备记忆棉床垫，保证舒适睡眠。	C145
4404	月光大酒店	地址：祁县建设路284号（祁县）。联系电话：139-90816616。部分房型可俯瞰城市天际线。可手机自助入住，无接触开门。设有地下停车场与充电桩。含自助早餐，菜品丰富。	C145
4405	锦江大酒店	地址：青县建设路359号（青县）。联系电话：013-84571442。可手机自助入住，无接触开门。客房配备记忆棉床垫，保证舒适睡眠。	C173
4406	沐兰大酒店	地址：青县朝阳街207号（青县）。联系电话：159-16037204 / 043-63362686。距车站步行 5 分钟，交通便利。酒店内有健身房和洗衣房，住客免费使用。	C173
4407	枫叶大酒店	地址：青县解放路167号（青县）。联系电话：048-60752947。设有地下停车场与充电桩。含自助早餐，菜品丰富。提供高速 Wi‑Fi 及 24 小时热水。距车站步行 5 分钟，交通便利。	C173
4408	雅致国际酒店	地址：青县中心路316号（青县）。联系电话：017-84019523 / 188-35622919。距车站步行 5 分钟，交通便利。酒店内有健身房和洗衣房，住客免费使用。含自助早餐，菜品丰富。	C173
4409	桔子酒店	地址：嘉峪关中心路34号（桥西）。联系电话：051-21380486 / 180-34843017。前台多语言服务，支持行李寄存。含自助早餐，菜品丰富。酒店内有健身房和洗衣房，住客免费使用。	C072
4410	沐兰精品酒店	地址：嘉峪关朝阳街94号（桥西）。联系电话：198-53780469 / 184-73744036。酒店内有健身房和洗衣房，住客免费使用。设有地下停车场与充电桩。	C072
4411	柏栎度假酒店	地址：嘉峪关和平路148号（桥西）。联系电话：050-69739709 / 047-47488635。可手机自助入住，无接触开门。酒店内有健身房和洗衣房，住客免费使用。	C072
4412	璞丽度假酒店	地址：清徐县中心路350号（清徐）。联系电话：024-73470238 / 021-57878837。距车站步行 5 分钟，交通便利。部分房型可俯瞰城市天际线。前台多语言服务，支持行李寄存。	C083
4413	云栖国际酒店	地址：清徐县解放路265号（清徐）。联系电话：198-99390241 / 154-39492633。部分房型可俯瞰城市天际线。设有地下停车场与充电桩。酒店内有健身房和洗衣房，住客免费使用。	C083
4414	丽枫度假酒店	地址：卓资县人民大道117号（旗下营）。联系电话：139-57069237 / 132-49733813。周边 500 米内即是商场与美食街。前台多语言服务，支持行李寄存。含自助早餐，菜品丰富。	C016
4415	柏栎国际酒店	地址：卓资县解放路319号（旗下营）。联系电话：155-53794186。含自助早餐，菜品丰富。客房配备记忆棉床垫，保证舒适睡眠。前台多语言服务，支持行李寄存。可手机自助入住，无接触开门。	C016
4416	月光大酒店	地址：卓资县中心路125号（旗下营）。联系电话：194-20690037 / 037-58575150。提供高速 Wi‑Fi 及 24 小时热水。距车站步行 5 分钟，交通便利。设有地下停车场与充电桩。	C016
4417	柏栎精品酒店	地址：千阳县人民大道268号（千阳）。联系电话：184-72403201 / 053-54955584。提供高速 Wi‑Fi 及 24 小时热水。周边 500 米内即是商场与美食街。距车站步行 5 分钟，交通便利。酒店内有健身房和洗衣房，住客免费使用。	C097
4418	梅园度假酒店	地址：千阳县朝阳街171号（千阳）。联系电话：181-26161275。设有地下停车场与充电桩。客房配备记忆棉床垫，保证舒适睡眠。可手机自助入住，无接触开门。前台多语言服务，支持行李寄存。	C097
4419	雅致宾馆	地址：千阳县人民大道347号（千阳）。联系电话：034-85416708。设有地下停车场与充电桩。周边 500 米内即是商场与美食街。含自助早餐，菜品丰富。	C097
4420	月光宾馆	地址：千阳县解放路195号（千阳）。联系电话：011-71345598。距车站步行 5 分钟，交通便利。周边 500 米内即是商场与美食街。部分房型可俯瞰城市天际线。	C097
4421	沐兰大酒店	地址：沁阳和平路228号（沁阳）。联系电话：020-86488277 / 193-11756465。酒店内有健身房和洗衣房，住客免费使用。设有地下停车场与充电桩。距车站步行 5 分钟，交通便利。	C206
4422	桔子大酒店	地址：沁阳解放路355号（沁阳）。联系电话：183-32068514 / 183-55886462。提供高速 Wi‑Fi 及 24 小时热水。前台多语言服务，支持行李寄存。可手机自助入住，无接触开门。	C206
4423	碧桂国际酒店	地址：抚松县迎宾大道138号（泉阳）。联系电话：029-26110691。前台多语言服务，支持行李寄存。含自助早餐，菜品丰富。距车站步行 5 分钟，交通便利。设有地下停车场与充电桩。	C212
4424	碧桂宾馆	地址：抚松县中心路259号（泉阳）。联系电话：188-90032407 / 038-55760780。提供高速 Wi‑Fi 及 24 小时热水。前台多语言服务，支持行李寄存。含自助早餐，菜品丰富。可手机自助入住，无接触开门。	C212
4425	云栖精品酒店	地址：抚松县建设路66号（泉阳）。联系电话：013-38669711。部分房型可俯瞰城市天际线。可手机自助入住，无接触开门。	C212
4426	星程度假酒店	地址：祁阳县建设路289号（祁阳北）。联系电话：159-71037762 / 048-25183225。含自助早餐，菜品丰富。酒店内有健身房和洗衣房，住客免费使用。	C166
4427	枫叶大酒店	地址：祁阳县迎宾大道103号（祁阳北）。联系电话：139-78229299 / 193-75383799。周边 500 米内即是商场与美食街。提供高速 Wi‑Fi 及 24 小时热水。酒店内有健身房和洗衣房，住客免费使用。含自助早餐，菜品丰富。	C166
4428	碧桂国际酒店	地址：祁阳县人民大道6号（祁阳北）。联系电话：052-37216885。设有地下停车场与充电桩。提供高速 Wi‑Fi 及 24 小时热水。酒店内有健身房和洗衣房，住客免费使用。	C166
4429	璞丽酒店	地址：祁阳县建设路235号（祁阳北）。联系电话：186-84309880。含自助早餐，菜品丰富。客房配备记忆棉床垫，保证舒适睡眠。	C166
4430	花筑精品酒店	地址：海原县朝阳街37号（七营）。联系电话：136-60299495 / 052-75565944。客房配备记忆棉床垫，保证舒适睡眠。前台多语言服务，支持行李寄存。含自助早餐，菜品丰富。	C009
4431	桔子国际酒店	地址：海原县中心路282号（七营）。联系电话：029-20629712 / 155-11280375。前台多语言服务，支持行李寄存。周边 500 米内即是商场与美食街。可手机自助入住，无接触开门。酒店内有健身房和洗衣房，住客免费使用。	C009
4432	云栖宾馆	地址：阿拉善左旗解放路231号（庆阳山）。联系电话：031-20482562。周边 500 米内即是商场与美食街。设有地下停车场与充电桩。	C293
4433	丽枫国际酒店	地址：阿拉善左旗人民大道375号（庆阳山）。联系电话：045-73531003 / 014-29802358。设有地下停车场与充电桩。可手机自助入住，无接触开门。含自助早餐，菜品丰富。距车站步行 5 分钟，交通便利。	C293
4434	花筑精品酒店	地址：阿拉善左旗人民大道237号（庆阳山）。联系电话：022-45202967。含自助早餐，菜品丰富。酒店内有健身房和洗衣房，住客免费使用。客房配备记忆棉床垫，保证舒适睡眠。	C293
4435	梅园精品酒店	地址：阿拉善左旗人民大道115号（庆阳山）。联系电话：158-28348750 / 193-97409217。酒店内有健身房和洗衣房，住客免费使用。客房配备记忆棉床垫，保证舒适睡眠。周边 500 米内即是商场与美食街。	C293
4436	璞丽国际酒店	地址：清远中心路317号（清远）。联系电话：137-41030498。含自助早餐，菜品丰富。提供高速 Wi‑Fi 及 24 小时热水。周边 500 米内即是商场与美食街。	C191
4437	柏曼大酒店	地址：清远迎宾大道108号（清远）。联系电话：010-82507727 / 037-43917676。酒店内有健身房和洗衣房，住客免费使用。可手机自助入住，无接触开门。	C191
4438	悦榕大酒店	地址：清远建设路252号（清远）。联系电话：133-76094007 / 194-45426767。设有地下停车场与充电桩。周边 500 米内即是商场与美食街。提供高速 Wi‑Fi 及 24 小时热水。酒店内有健身房和洗衣房，住客免费使用。	C191
4439	柏曼大酒店	地址：清原满族自治县人民大道66号（清原）。联系电话：196-34252966 / 133-20761371。前台多语言服务，支持行李寄存。距车站步行 5 分钟，交通便利。	C132
4440	云栖大酒店	地址：清原满族自治县解放路278号（清原）。联系电话：013-49141598 / 138-95763783。周边 500 米内即是商场与美食街。含自助早餐，菜品丰富。部分房型可俯瞰城市天际线。	C132
4441	桔子度假酒店	地址：清原满族自治县朝阳街38号（清原）。联系电话：195-42876122 / 033-89543125。酒店内有健身房和洗衣房，住客免费使用。距车站步行 5 分钟，交通便利。	C132
4442	楠舍酒店	地址：清原满族自治县人民大道51号（清原）。联系电话：137-77903098 / 053-76072604。可手机自助入住，无接触开门。提供高速 Wi‑Fi 及 24 小时热水。设有地下停车场与充电桩。	C132
4443	柏栎大酒店	地址：钦州和平路173号（钦州东）。联系电话：151-76975932。提供高速 Wi‑Fi 及 24 小时热水。客房配备记忆棉床垫，保证舒适睡眠。酒店内有健身房和洗衣房，住客免费使用。	C275
4444	悦榕宾馆	地址：钦州和平路355号（钦州东）。联系电话：189-69447873。周边 500 米内即是商场与美食街。客房配备记忆棉床垫，保证舒适睡眠。	C275
4445	碧桂精品酒店	地址：钦州朝阳街107号（钦州）。联系电话：159-19064534 / 155-67233161。酒店内有健身房和洗衣房，住客免费使用。设有地下停车场与充电桩。含自助早餐，菜品丰富。部分房型可俯瞰城市天际线。	C275
4446	花筑酒店	地址：钦州解放路44号（钦州）。联系电话：151-68628732 / 191-42325274。提供高速 Wi‑Fi 及 24 小时热水。设有地下停车场与充电桩。周边 500 米内即是商场与美食街。含自助早餐，菜品丰富。	C275
4447	桔子大酒店	地址：钦州人民大道9号（钦州）。联系电话：199-38205185 / 049-79029665。提供高速 Wi‑Fi 及 24 小时热水。距车站步行 5 分钟，交通便利。部分房型可俯瞰城市天际线。酒店内有健身房和洗衣房，住客免费使用。	C275
4448	柏栎精品酒店	地址：钦州和平路222号（钦州）。联系电话：187-65453577 / 026-46015263。周边 500 米内即是商场与美食街。酒店内有健身房和洗衣房，住客免费使用。含自助早餐，菜品丰富。前台多语言服务，支持行李寄存。	C275
4449	星程度假酒店	地址：青州解放路32号（青州市）。联系电话：038-61877426。设有地下停车场与充电桩。周边 500 米内即是商场与美食街。可手机自助入住，无接触开门。前台多语言服务，支持行李寄存。	C202
4450	悦榕酒店	地址：青州解放路334号（青州市）。联系电话：029-22700615。客房配备记忆棉床垫，保证舒适睡眠。距车站步行 5 分钟，交通便利。部分房型可俯瞰城市天际线。	C202
4451	锦江宾馆	地址：青州人民大道158号（青州市）。联系电话：014-81352038。酒店内有健身房和洗衣房，住客免费使用。含自助早餐，菜品丰富。距车站步行 5 分钟，交通便利。前台多语言服务，支持行李寄存。	C202
4452	云栖宾馆	地址：温州建设路170号（瑞安）。联系电话：189-48328945。客房配备记忆棉床垫，保证舒适睡眠。含自助早餐，菜品丰富。	C192
4453	星程大酒店	地址：温州和平路307号（瑞安）。联系电话：134-70922339 / 199-36315906。可手机自助入住，无接触开门。部分房型可俯瞰城市天际线。酒店内有健身房和洗衣房，住客免费使用。提供高速 Wi‑Fi 及 24 小时热水。	C192
4454	丽枫精品酒店	地址：温州解放路338号（瑞安）。联系电话：019-74335031 / 027-28263257。前台多语言服务，支持行李寄存。含自助早餐，菜品丰富。设有地下停车场与充电桩。可手机自助入住，无接触开门。	C192
4455	璞丽度假酒店	地址：重庆朝阳街337号（荣昌）。联系电话：026-49866892。含自助早餐，菜品丰富。部分房型可俯瞰城市天际线。提供高速 Wi‑Fi 及 24 小时热水。	C272
4456	锦江度假酒店	地址：重庆和平路399号（荣昌）。联系电话：028-75752954。前台多语言服务，支持行李寄存。客房配备记忆棉床垫，保证舒适睡眠。	C272
4457	梅园国际酒店	地址：重庆中心路333号（荣昌）。联系电话：058-68581585 / 155-50699665。客房配备记忆棉床垫，保证舒适睡眠。提供高速 Wi‑Fi 及 24 小时热水。含自助早餐，菜品丰富。	C272
4458	悦榕精品酒店	地址：瑞昌朝阳街334号（瑞昌）。联系电话：010-53638771 / 182-73427062。设有地下停车场与充电桩。客房配备记忆棉床垫，保证舒适睡眠。酒店内有健身房和洗衣房，住客免费使用。周边 500 米内即是商场与美食街。	C020
4459	云栖国际酒店	地址：瑞昌迎宾大道262号（瑞昌）。联系电话：029-87044400。前台多语言服务，支持行李寄存。含自助早餐，菜品丰富。客房配备记忆棉床垫，保证舒适睡眠。	C020
4460	雅致宾馆	地址：瑞昌解放路302号（瑞昌）。联系电话：018-37515610。提供高速 Wi‑Fi 及 24 小时热水。部分房型可俯瞰城市天际线。	C020
4461	梅园大酒店	地址：如皋和平路392号（如皋）。联系电话：053-40424970 / 018-82424121。可手机自助入住，无接触开门。含自助早餐，菜品丰富。部分房型可俯瞰城市天际线。客房配备记忆棉床垫，保证舒适睡眠。	C047
4462	梅园大酒店	地址：如皋中心路309号（如皋）。联系电话：056-64330210。周边 500 米内即是商场与美食街。距车站步行 5 分钟，交通便利。前台多语言服务，支持行李寄存。	C047
4463	锦江酒店	地址：如皋和平路5号（如皋）。联系电话：015-70308118。提供高速 Wi‑Fi 及 24 小时热水。客房配备记忆棉床垫，保证舒适睡眠。	C047
4464	柏曼精品酒店	地址：如皋朝阳街131号（如皋）。联系电话：054-58736785。含自助早餐，菜品丰富。客房配备记忆棉床垫，保证舒适睡眠。	C047
4465	柏曼宾馆	地址：佛山建设路129号（容桂）。联系电话：159-25069593。客房配备记忆棉床垫，保证舒适睡眠。含自助早餐，菜品丰富。前台多语言服务，支持行李寄存。距车站步行 5 分钟，交通便利。	C025
4466	悦榕国际酒店	地址：佛山朝阳街88号（容桂）。联系电话：027-23376069。酒店内有健身房和洗衣房，住客免费使用。可手机自助入住，无接触开门。周边 500 米内即是商场与美食街。	C025
4467	柏栎精品酒店	地址：佛山解放路375号（容桂）。联系电话：056-20624613 / 185-88019658。距车站步行 5 分钟，交通便利。酒店内有健身房和洗衣房，住客免费使用。前台多语言服务，支持行李寄存。	C025
4468	柏曼大酒店	地址：任丘朝阳街58号（任丘）。联系电话：159-46808501。客房配备记忆棉床垫，保证舒适睡眠。周边 500 米内即是商场与美食街。可手机自助入住，无接触开门。	C173
4469	月光国际酒店	地址：任丘解放路111号（任丘）。联系电话：191-48475828。客房配备记忆棉床垫，保证舒适睡眠。提供高速 Wi‑Fi 及 24 小时热水。周边 500 米内即是商场与美食街。	C173
4470	梅园度假酒店	地址：任丘中心路291号（任丘）。联系电话：048-58217425。提供高速 Wi‑Fi 及 24 小时热水。前台多语言服务，支持行李寄存。客房配备记忆棉床垫，保证舒适睡眠。酒店内有健身房和洗衣房，住客免费使用。	C173
4471	枫叶度假酒店	地址：任丘建设路201号（任丘）。联系电话：188-93290643 / 034-81015201。提供高速 Wi‑Fi 及 24 小时热水。距车站步行 5 分钟，交通便利。设有地下停车场与充电桩。	C173
4472	锦江宾馆	地址：乳山迎宾大道381号（乳山）。联系电话：014-68203577 / 187-70128348。含自助早餐，菜品丰富。酒店内有健身房和洗衣房，住客免费使用。周边 500 米内即是商场与美食街。距车站步行 5 分钟，交通便利。	C084
4473	楠舍大酒店	地址：乳山迎宾大道259号（乳山）。联系电话：011-70565357。可手机自助入住，无接触开门。设有地下停车场与充电桩。酒店内有健身房和洗衣房，住客免费使用。	C084
4474	月光精品酒店	地址：乳山解放路319号（乳山）。联系电话：035-83433010 / 136-36298763。部分房型可俯瞰城市天际线。前台多语言服务，支持行李寄存。设有地下停车场与充电桩。周边 500 米内即是商场与美食街。	C084
4475	星程精品酒店	地址：融水苗族自治县迎宾大道376号（融水）。联系电话：195-29334927 / 137-12108231。酒店内有健身房和洗衣房，住客免费使用。可手机自助入住，无接触开门。客房配备记忆棉床垫，保证舒适睡眠。前台多语言服务，支持行李寄存。	C156
4476	雅致国际酒店	地址：融水苗族自治县人民大道54号（融水）。联系电话：033-54275164 / 056-27439757。提供高速 Wi‑Fi 及 24 小时热水。酒店内有健身房和洗衣房，住客免费使用。前台多语言服务，支持行李寄存。	C156
4477	柏栎大酒店	地址：赤峰解放路373号（热水）。联系电话：026-78430506。酒店内有健身房和洗衣房，住客免费使用。设有地下停车场与充电桩。周边 500 米内即是商场与美食街。可手机自助入住，无接触开门。	C253
4478	梅园国际酒店	地址：赤峰迎宾大道36号（热水）。联系电话：018-53462119。前台多语言服务，支持行李寄存。设有地下停车场与充电桩。距车站步行 5 分钟，交通便利。提供高速 Wi‑Fi 及 24 小时热水。	C253
4479	桔子度假酒店	地址：赤峰建设路250号（热水）。联系电话：044-26198645。客房配备记忆棉床垫，保证舒适睡眠。含自助早餐，菜品丰富。距车站步行 5 分钟，交通便利。部分房型可俯瞰城市天际线。	C253
4480	云栖精品酒店	地址：赤峰中心路260号（热水）。联系电话：133-83803617 / 151-25164020。部分房型可俯瞰城市天际线。客房配备记忆棉床垫，保证舒适睡眠。设有地下停车场与充电桩。周边 500 米内即是商场与美食街。	C253
4481	柏曼度假酒店	地址：容县中心路148号（容县）。联系电话：036-62819255 / 055-60611653。酒店内有健身房和洗衣房，住客免费使用。周边 500 米内即是商场与美食街。部分房型可俯瞰城市天际线。	C208
4482	月光精品酒店	地址：容县朝阳街327号（容县）。联系电话：012-49200277 / 044-81351789。酒店内有健身房和洗衣房，住客免费使用。设有地下停车场与充电桩。含自助早餐，菜品丰富。	C208
4483	沐兰酒店	地址：容县解放路87号（容县）。联系电话：026-41412183 / 156-53419290。设有地下停车场与充电桩。酒店内有健身房和洗衣房，住客免费使用。周边 500 米内即是商场与美食街。	C208
4484	楠舍宾馆	地址：饶阳县迎宾大道266号（饶阳）。联系电话：033-56304888。部分房型可俯瞰城市天际线。酒店内有健身房和洗衣房，住客免费使用。	C241
4485	柏栎宾馆	地址：饶阳县人民大道33号（饶阳）。联系电话：135-72352569。周边 500 米内即是商场与美食街。客房配备记忆棉床垫，保证舒适睡眠。提供高速 Wi‑Fi 及 24 小时热水。可手机自助入住，无接触开门。	C241
4486	碧桂宾馆	地址：饶阳县建设路49号（饶阳）。联系电话：039-38218992 / 043-87220814。前台多语言服务，支持行李寄存。客房配备记忆棉床垫，保证舒适睡眠。距车站步行 5 分钟，交通便利。周边 500 米内即是商场与美食街。	C241
4487	梅园大酒店	地址：饶阳县人民大道141号（饶阳）。联系电话：013-70083809。客房配备记忆棉床垫，保证舒适睡眠。酒店内有健身房和洗衣房，住客免费使用。部分房型可俯瞰城市天际线。	C241
4488	碧桂国际酒店	地址：汝阳县和平路292号（汝阳）。联系电话：183-63422467 / 159-10219492。周边 500 米内即是商场与美食街。部分房型可俯瞰城市天际线。酒店内有健身房和洗衣房，住客免费使用。	C179
4489	悦榕国际酒店	地址：汝阳县迎宾大道269号（汝阳）。联系电话：015-36564824 / 029-43999148。前台多语言服务，支持行李寄存。客房配备记忆棉床垫，保证舒适睡眠。周边 500 米内即是商场与美食街。	C179
4490	桔子大酒店	地址：汝阳县迎宾大道256号（汝阳）。联系电话：182-52977125 / 132-83892199。距车站步行 5 分钟，交通便利。周边 500 米内即是商场与美食街。含自助早餐，菜品丰富。提供高速 Wi‑Fi 及 24 小时热水。	C179
4491	碧桂度假酒店	地址：黑山县迎宾大道169号（绕阳河）。联系电话：023-89580269。部分房型可俯瞰城市天际线。距车站步行 5 分钟，交通便利。提供高速 Wi‑Fi 及 24 小时热水。酒店内有健身房和洗衣房，住客免费使用。	C281
4492	柏曼度假酒店	地址：黑山县迎宾大道53号（绕阳河）。联系电话：187-43070380。客房配备记忆棉床垫，保证舒适睡眠。距车站步行 5 分钟，交通便利。设有地下停车场与充电桩。	C281
4493	桔子宾馆	地址：黑山县中心路290号（绕阳河）。联系电话：027-80666731 / 024-51266163。提供高速 Wi‑Fi 及 24 小时热水。部分房型可俯瞰城市天际线。含自助早餐，菜品丰富。可手机自助入住，无接触开门。	C281
4494	璞丽度假酒店	地址：黑山县中心路3号（绕阳河）。联系电话：026-89237961。前台多语言服务，支持行李寄存。酒店内有健身房和洗衣房，住客免费使用。客房配备记忆棉床垫，保证舒适睡眠。	C281
4495	悦榕大酒店	地址：汝州解放路279号（汝州）。联系电话：192-13256266 / 012-25891618。部分房型可俯瞰城市天际线。距车站步行 5 分钟，交通便利。	C109
4496	柏曼大酒店	地址：汝州和平路137号（汝州）。联系电话：012-81550521。部分房型可俯瞰城市天际线。周边 500 米内即是商场与美食街。客房配备记忆棉床垫，保证舒适睡眠。	C109
4497	碧桂国际酒店	地址：汝州建设路393号（汝州）。联系电话：022-48411319 / 035-83435821。客房配备记忆棉床垫，保证舒适睡眠。可手机自助入住，无接触开门。部分房型可俯瞰城市天际线。距车站步行 5 分钟，交通便利。	C109
4498	锦江酒店	地址：汝州人民大道234号（汝州）。联系电话：198-30389212 / 135-13112129。可手机自助入住，无接触开门。含自助早餐，菜品丰富。距车站步行 5 分钟，交通便利。提供高速 Wi‑Fi 及 24 小时热水。	C109
4499	柏栎精品酒店	地址：同心县中心路62号（石坝）。联系电话：137-41098917。提供高速 Wi‑Fi 及 24 小时热水。可手机自助入住，无接触开门。	C058
4500	锦江大酒店	地址：同心县和平路361号（石坝）。联系电话：151-56591601 / 132-52831001。提供高速 Wi‑Fi 及 24 小时热水。可手机自助入住，无接触开门。部分房型可俯瞰城市天际线。客房配备记忆棉床垫，保证舒适睡眠。	C058
4501	碧桂度假酒店	地址：同心县和平路101号（石坝）。联系电话：031-48893914 / 184-71662025。周边 500 米内即是商场与美食街。客房配备记忆棉床垫，保证舒适睡眠。部分房型可俯瞰城市天际线。	C058
4502	沐兰国际酒店	地址：承德建设路195号（上板城）。联系电话：181-52380736。周边 500 米内即是商场与美食街。含自助早餐，菜品丰富。部分房型可俯瞰城市天际线。	C130
4503	柏曼宾馆	地址：承德建设路233号（上板城）。联系电话：139-88713950 / 195-12195785。设有地下停车场与充电桩。部分房型可俯瞰城市天际线。	C130
4504	月光大酒店	地址：承德和平路210号（上板城）。联系电话：030-29328636 / 055-22291813。前台多语言服务，支持行李寄存。酒店内有健身房和洗衣房，住客免费使用。可手机自助入住，无接触开门。	C130
4505	碧桂酒店	地址：承德人民大道37号（上板城）。联系电话：048-87540982 / 185-80919201。含自助早餐，菜品丰富。客房配备记忆棉床垫，保证舒适睡眠。周边 500 米内即是商场与美食街。	C130
4506	柏栎度假酒店	地址：施秉县朝阳街165号（施秉）。联系电话：137-15365355。周边 500 米内即是商场与美食街。部分房型可俯瞰城市天际线。可手机自助入住，无接触开门。	C311
4507	柏曼大酒店	地址：施秉县中心路363号（施秉）。联系电话：194-46933512。前台多语言服务，支持行李寄存。设有地下停车场与充电桩。	C311
4508	丽枫度假酒店	地址：承德和平路356号（上板城南）。联系电话：016-80015094 / 039-50393874。周边 500 米内即是商场与美食街。提供高速 Wi‑Fi 及 24 小时热水。距车站步行 5 分钟，交通便利。部分房型可俯瞰城市天际线。	C130
4509	锦江宾馆	地址：承德朝阳街168号（上板城南）。联系电话：044-72073670 / 152-90171720。含自助早餐，菜品丰富。距车站步行 5 分钟，交通便利。提供高速 Wi‑Fi 及 24 小时热水。周边 500 米内即是商场与美食街。	C130
4510	碧桂度假酒店	地址：承德解放路50号（上板城南）。联系电话：194-89284378。提供高速 Wi‑Fi 及 24 小时热水。部分房型可俯瞰城市天际线。周边 500 米内即是商场与美食街。可手机自助入住，无接触开门。	C130
4511	星程国际酒店	地址：承德解放路98号（上板城南）。联系电话：029-71068630。周边 500 米内即是商场与美食街。酒店内有健身房和洗衣房，住客免费使用。距车站步行 5 分钟，交通便利。	C130
4512	柏曼精品酒店	地址：沈阳中心路11号（世博园）。联系电话：187-56797951。客房配备记忆棉床垫，保证舒适睡眠。周边 500 米内即是商场与美食街。距车站步行 5 分钟，交通便利。	C172
4513	柏曼酒店	地址：沈阳朝阳街276号（世博园）。联系电话：197-59435552 / 015-82907680。客房配备记忆棉床垫，保证舒适睡眠。设有地下停车场与充电桩。	C172
4514	碧桂宾馆	地址：沈阳解放路172号（世博园）。联系电话：195-75929156 / 197-84666542。前台多语言服务，支持行李寄存。含自助早餐，菜品丰富。设有地下停车场与充电桩。可手机自助入住，无接触开门。	C172
4515	楠舍精品酒店	地址：沈阳迎宾大道273号（世博园）。联系电话：015-63414654 / 034-51928957。周边 500 米内即是商场与美食街。前台多语言服务，支持行李寄存。客房配备记忆棉床垫，保证舒适睡眠。	C172
4516	碧桂国际酒店	地址：哈尔滨迎宾大道332号（双城北）。联系电话：190-93925519 / 139-98275180。提供高速 Wi‑Fi 及 24 小时热水。客房配备记忆棉床垫，保证舒适睡眠。	C066
4517	桔子酒店	地址：哈尔滨朝阳街356号（双城北）。联系电话：192-98256537。提供高速 Wi‑Fi 及 24 小时热水。距车站步行 5 分钟，交通便利。部分房型可俯瞰城市天际线。设有地下停车场与充电桩。	C066
4518	云栖国际酒店	地址：舒城县人民大道224号（舒城）。联系电话：041-43025853 / 020-48674505。可手机自助入住，无接触开门。部分房型可俯瞰城市天际线。前台多语言服务，支持行李寄存。	C032
4519	沐兰国际酒店	地址：舒城县解放路294号（舒城）。联系电话：192-51078372。酒店内有健身房和洗衣房，住客免费使用。部分房型可俯瞰城市天际线。周边 500 米内即是商场与美食街。可手机自助入住，无接触开门。	C032
4520	花筑大酒店	地址：商城县人民大道360号（商城）。联系电话：059-51829113。提供高速 Wi‑Fi 及 24 小时热水。客房配备记忆棉床垫，保证舒适睡眠。设有地下停车场与充电桩。距车站步行 5 分钟，交通便利。	C028
4521	锦江精品酒店	地址：商城县和平路54号（商城）。联系电话：184-19382206 / 053-60180395。客房配备记忆棉床垫，保证舒适睡眠。设有地下停车场与充电桩。	C028
4522	悦榕国际酒店	地址：莎车县和平路183号（莎车）。联系电话：012-64868095 / 199-72945645。提供高速 Wi‑Fi 及 24 小时热水。周边 500 米内即是商场与美食街。酒店内有健身房和洗衣房，住客免费使用。前台多语言服务，支持行李寄存。	C070
4523	梅园宾馆	地址：莎车县中心路368号（莎车）。联系电话：196-47295597。客房配备记忆棉床垫，保证舒适睡眠。可手机自助入住，无接触开门。设有地下停车场与充电桩。	C070
4524	碧桂大酒店	地址：莎车县解放路142号（莎车）。联系电话：132-21589315。距车站步行 5 分钟，交通便利。可手机自助入住，无接触开门。酒店内有健身房和洗衣房，住客免费使用。部分房型可俯瞰城市天际线。	C070
4525	悦榕酒店	地址：顺昌县建设路23号（顺昌）。联系电话：130-54473672 / 022-30928773。可手机自助入住，无接触开门。酒店内有健身房和洗衣房，住客免费使用。客房配备记忆棉床垫，保证舒适睡眠。前台多语言服务，支持行李寄存。	C045
4526	璞丽宾馆	地址：顺昌县中心路114号（顺昌）。联系电话：046-30900236 / 049-68724711。前台多语言服务，支持行李寄存。周边 500 米内即是商场与美食街。设有地下停车场与充电桩。部分房型可俯瞰城市天际线。	C045
4527	枫叶度假酒店	地址：忻州和平路7号（神池）。联系电话：047-80100144。周边 500 米内即是商场与美食街。酒店内有健身房和洗衣房，住客免费使用。可手机自助入住，无接触开门。提供高速 Wi‑Fi 及 24 小时热水。	C124
4528	碧桂精品酒店	地址：忻州人民大道64号（神池）。联系电话：012-85628777 / 131-43970380。客房配备记忆棉床垫，保证舒适睡眠。提供高速 Wi‑Fi 及 24 小时热水。酒店内有健身房和洗衣房，住客免费使用。可手机自助入住，无接触开门。	C124
4529	沐兰度假酒店	地址：忻州朝阳街164号（神池）。联系电话：033-43409698 / 180-45042129。提供高速 Wi‑Fi 及 24 小时热水。部分房型可俯瞰城市天际线。客房配备记忆棉床垫，保证舒适睡眠。周边 500 米内即是商场与美食街。	C124
4530	沐兰国际酒店	地址：忻州解放路317号（神池）。联系电话：049-48820027 / 188-11307595。可手机自助入住，无接触开门。客房配备记忆棉床垫，保证舒适睡眠。	C124
4531	楠舍酒店	地址：怀来县建设路229号（沙城）。联系电话：025-73323998。可手机自助入住，无接触开门。客房配备记忆棉床垫，保证舒适睡眠。	C118
4532	雅致大酒店	地址：怀来县迎宾大道159号（沙城）。联系电话：036-78472977 / 036-70655253。距车站步行 5 分钟，交通便利。可手机自助入住，无接触开门。周边 500 米内即是商场与美食街。部分房型可俯瞰城市天际线。	C118
4533	柏栎精品酒店	地址：凤城解放路270号（石城）。联系电话：056-74777637 / 196-54434839。含自助早餐，菜品丰富。设有地下停车场与充电桩。周边 500 米内即是商场与美食街。距车站步行 5 分钟，交通便利。	C013
4534	柏曼精品酒店	地址：凤城和平路216号（石城）。联系电话：159-42587025。前台多语言服务，支持行李寄存。酒店内有健身房和洗衣房，住客免费使用。	C013
4535	悦榕国际酒店	地址：凤城和平路99号（石城）。联系电话：014-25936223 / 130-11342463。含自助早餐，菜品丰富。酒店内有健身房和洗衣房，住客免费使用。设有地下停车场与充电桩。周边 500 米内即是商场与美食街。	C013
4536	楠舍酒店	地址：梅河口迎宾大道193号（山城镇）。联系电话：159-88101776 / 048-87488484。距车站步行 5 分钟，交通便利。客房配备记忆棉床垫，保证舒适睡眠。	C259
4537	沐兰酒店	地址：梅河口中心路367号（山城镇）。联系电话：016-78097292 / 132-96092197。设有地下停车场与充电桩。可手机自助入住，无接触开门。距车站步行 5 分钟，交通便利。	C259
4538	枫叶大酒店	地址：梅河口迎宾大道308号（山城镇）。联系电话：042-79573347。部分房型可俯瞰城市天际线。设有地下停车场与充电桩。前台多语言服务，支持行李寄存。	C259
4539	碧桂酒店	地址：山丹县建设路22号（山丹）。联系电话：194-38864020 / 046-62209621。设有地下停车场与充电桩。部分房型可俯瞰城市天际线。周边 500 米内即是商场与美食街。	C120
4540	柏栎精品酒店	地址：山丹县建设路377号（山丹）。联系电话：012-77265344 / 023-38424074。距车站步行 5 分钟，交通便利。酒店内有健身房和洗衣房，住客免费使用。设有地下停车场与充电桩。	C120
4541	碧桂度假酒店	地址：佛山和平路94号（顺德）。联系电话：040-30235296。提供高速 Wi‑Fi 及 24 小时热水。周边 500 米内即是商场与美食街。客房配备记忆棉床垫，保证舒适睡眠。前台多语言服务，支持行李寄存。	C025
4542	柏栎精品酒店	地址：佛山朝阳街269号（顺德）。联系电话：017-22739244 / 051-71761645。酒店内有健身房和洗衣房，住客免费使用。部分房型可俯瞰城市天际线。设有地下停车场与充电桩。前台多语言服务，支持行李寄存。	C025
4543	雅致宾馆	地址：佛山朝阳街366号（顺德）。联系电话：048-35072421。前台多语言服务，支持行李寄存。提供高速 Wi‑Fi 及 24 小时热水。周边 500 米内即是商场与美食街。	C025
4544	柏栎度假酒店	地址：佛山中心路94号（顺德）。联系电话：014-65324492 / 029-50503984。前台多语言服务，支持行李寄存。提供高速 Wi‑Fi 及 24 小时热水。	C025
4545	星程大酒店	地址：绥德县中心路292号（绥德）。联系电话：021-34305725 / 183-87353319。周边 500 米内即是商场与美食街。距车站步行 5 分钟，交通便利。可手机自助入住，无接触开门。部分房型可俯瞰城市天际线。	C162
4546	云栖酒店	地址：绥德县朝阳街154号（绥德）。联系电话：154-59917931 / 047-87782829。距车站步行 5 分钟，交通便利。客房配备记忆棉床垫，保证舒适睡眠。	C162
4547	月光国际酒店	地址：绥德县建设路25号（绥德）。联系电话：187-93910838。可手机自助入住，无接触开门。距车站步行 5 分钟，交通便利。提供高速 Wi‑Fi 及 24 小时热水。客房配备记忆棉床垫，保证舒适睡眠。	C162
4548	月光国际酒店	地址：通化建设路257号（水洞）。联系电话：016-86243559。可手机自助入住，无接触开门。前台多语言服务，支持行李寄存。	C259
4549	雅致大酒店	地址：通化人民大道263号（水洞）。联系电话：186-81013677 / 021-79559184。提供高速 Wi‑Fi 及 24 小时热水。部分房型可俯瞰城市天际线。距车站步行 5 分钟，交通便利。	C259
4550	柏栎宾馆	地址：通化人民大道157号（水洞）。联系电话：010-87070615 / 190-74230127。设有地下停车场与充电桩。距车站步行 5 分钟，交通便利。酒店内有健身房和洗衣房，住客免费使用。	C259
4551	梅园度假酒店	地址：商都县建设路211号（商都）。联系电话：156-20968680。部分房型可俯瞰城市天际线。可手机自助入住，无接触开门。周边 500 米内即是商场与美食街。	C016
4552	星程度假酒店	地址：商都县人民大道286号（商都）。联系电话：058-54440136。含自助早餐，菜品丰富。可手机自助入住，无接触开门。客房配备记忆棉床垫，保证舒适睡眠。提供高速 Wi‑Fi 及 24 小时热水。	C016
4553	花筑酒店	地址：北京中心路95号（十渡）。联系电话：043-85340419 / 199-72265132。距车站步行 5 分钟，交通便利。设有地下停车场与充电桩。部分房型可俯瞰城市天际线。	C039
4554	雅致国际酒店	地址：北京和平路283号（十渡）。联系电话：052-32484573 / 199-65904973。距车站步行 5 分钟，交通便利。含自助早餐，菜品丰富。	C039
4555	丽枫大酒店	地址：北京中心路121号（十渡）。联系电话：184-83965794。周边 500 米内即是商场与美食街。距车站步行 5 分钟，交通便利。部分房型可俯瞰城市天际线。	C039
4556	云栖度假酒店	地址：北京人民大道201号（十渡）。联系电话：150-63641997 / 136-85052827。周边 500 米内即是商场与美食街。含自助早餐，菜品丰富。可手机自助入住，无接触开门。	C039
4557	桔子酒店	地址：敖汉旗人民大道363号（四道湾）。联系电话：016-51249172。客房配备记忆棉床垫，保证舒适睡眠。含自助早餐，菜品丰富。酒店内有健身房和洗衣房，住客免费使用。	C253
4558	雅致度假酒店	地址：敖汉旗迎宾大道376号（四道湾）。联系电话：045-42851539。酒店内有健身房和洗衣房，住客免费使用。前台多语言服务，支持行李寄存。提供高速 Wi‑Fi 及 24 小时热水。距车站步行 5 分钟，交通便利。	C253
4559	星程酒店	地址：佛山和平路88号（顺德学院）。联系电话：182-76767203 / 191-26945612。可手机自助入住，无接触开门。设有地下停车场与充电桩。	C025
4560	云栖大酒店	地址：佛山中心路21号（顺德学院）。联系电话：196-38392390。距车站步行 5 分钟，交通便利。前台多语言服务，支持行李寄存。客房配备记忆棉床垫，保证舒适睡眠。	C025
4561	月光国际酒店	地址：温州建设路73号（绅坊）。联系电话：048-28262938。周边 500 米内即是商场与美食街。设有地下停车场与充电桩。客房配备记忆棉床垫，保证舒适睡眠。距车站步行 5 分钟，交通便利。	C192
4562	悦榕度假酒店	地址：温州解放路134号（绅坊）。联系电话：026-49723914 / 134-21409305。客房配备记忆棉床垫，保证舒适睡眠。含自助早餐，菜品丰富。酒店内有健身房和洗衣房，住客免费使用。	C192
4563	璞丽度假酒店	地址：温州迎宾大道382号（绅坊）。联系电话：190-84322782 / 033-60049628。距车站步行 5 分钟，交通便利。周边 500 米内即是商场与美食街。提供高速 Wi‑Fi 及 24 小时热水。	C192
4564	雅致度假酒店	地址：温州中心路98号（绅坊）。联系电话：013-33306843。设有地下停车场与充电桩。可手机自助入住，无接触开门。距车站步行 5 分钟，交通便利。周边 500 米内即是商场与美食街。	C192
4565	梅园精品酒店	地址：铁力解放路396号（双丰）。联系电话：030-34124438。提供高速 Wi‑Fi 及 24 小时热水。客房配备记忆棉床垫，保证舒适睡眠。前台多语言服务，支持行李寄存。酒店内有健身房和洗衣房，住客免费使用。	C023
4566	璞丽度假酒店	地址：铁力朝阳街166号（双丰）。联系电话：035-53052153 / 020-68621221。周边 500 米内即是商场与美食街。可手机自助入住，无接触开门。客房配备记忆棉床垫，保证舒适睡眠。前台多语言服务，支持行李寄存。	C023
4567	悦榕国际酒店	地址：绥化中心路103号（四方台）。联系电话：045-61502596 / 158-43871735。距车站步行 5 分钟，交通便利。酒店内有健身房和洗衣房，住客免费使用。	C225
4568	丽枫国际酒店	地址：绥化朝阳街179号（四方台）。联系电话：187-52181399。可手机自助入住，无接触开门。前台多语言服务，支持行李寄存。距车站步行 5 分钟，交通便利。设有地下停车场与充电桩。	C225
4569	碧桂酒店	地址：绥化建设路36号（四方台）。联系电话：198-52438402 / 137-90665137。客房配备记忆棉床垫，保证舒适睡眠。提供高速 Wi‑Fi 及 24 小时热水。	C225
4570	云栖国际酒店	地址：水富县迎宾大道85号（水富）。联系电话：024-28474834 / 010-85954266。酒店内有健身房和洗衣房，住客免费使用。距车站步行 5 分钟，交通便利。设有地下停车场与充电桩。	C144
4571	雅致精品酒店	地址：水富县中心路60号（水富）。联系电话：014-77246939 / 019-69004753。含自助早餐，菜品丰富。可手机自助入住，无接触开门。客房配备记忆棉床垫，保证舒适睡眠。	C144
4572	碧桂大酒店	地址：水富县中心路271号（水富）。联系电话：155-76142181 / 132-82576415。距车站步行 5 分钟，交通便利。含自助早餐，菜品丰富。可手机自助入住，无接触开门。周边 500 米内即是商场与美食街。	C144
4573	悦榕度假酒店	地址：固原中心路389号（三关口）。联系电话：021-48304853。周边 500 米内即是商场与美食街。可手机自助入住，无接触开门。设有地下停车场与充电桩。	C074
4574	花筑度假酒店	地址：固原和平路208号（三关口）。联系电话：014-63445032 / 015-36388268。酒店内有健身房和洗衣房，住客免费使用。距车站步行 5 分钟，交通便利。可手机自助入住，无接触开门。	C074
4575	梅园精品酒店	地址：固原中心路51号（三关口）。联系电话：189-28376248 / 158-91909741。部分房型可俯瞰城市天际线。提供高速 Wi‑Fi 及 24 小时热水。酒店内有健身房和洗衣房，住客免费使用。含自助早餐，菜品丰富。	C074
4576	桔子大酒店	地址：正蓝旗中心路374号（桑根达来）。联系电话：155-76132012。提供高速 Wi‑Fi 及 24 小时热水。周边 500 米内即是商场与美食街。	C280
4577	碧桂酒店	地址：正蓝旗和平路7号（桑根达来）。联系电话：190-66553958。提供高速 Wi‑Fi 及 24 小时热水。部分房型可俯瞰城市天际线。可手机自助入住，无接触开门。	C280
4578	丽枫精品酒店	地址：正蓝旗迎宾大道25号（桑根达来）。联系电话：055-37016549。可手机自助入住，无接触开门。距车站步行 5 分钟，交通便利。含自助早餐，菜品丰富。酒店内有健身房和洗衣房，住客免费使用。	C280
4579	云栖度假酒店	地址：韶关人民大道295号（韶关）。联系电话：029-37716757。部分房型可俯瞰城市天际线。周边 500 米内即是商场与美食街。含自助早餐，菜品丰富。距车站步行 5 分钟，交通便利。	C299
4580	沐兰宾馆	地址：韶关解放路247号（韶关）。联系电话：029-44954855。客房配备记忆棉床垫，保证舒适睡眠。距车站步行 5 分钟，交通便利。前台多语言服务，支持行李寄存。	C299
4581	柏曼国际酒店	地址：泰安迎宾大道381号（上高镇）。联系电话：151-97901535 / 181-84641815。距车站步行 5 分钟，交通便利。酒店内有健身房和洗衣房，住客免费使用。	C177
4582	柏曼酒店	地址：泰安人民大道219号（上高镇）。联系电话：059-50010924。部分房型可俯瞰城市天际线。可手机自助入住，无接触开门。含自助早餐，菜品丰富。	C177
4583	梅园酒店	地址：上杭县建设路42号（上杭）。联系电话：044-62783800。可手机自助入住，无接触开门。酒店内有健身房和洗衣房，住客免费使用。周边 500 米内即是商场与美食街。	C315
4584	丽枫精品酒店	地址：上杭县朝阳街227号（上杭）。联系电话：052-24363577 / 150-62263435。前台多语言服务，支持行李寄存。可手机自助入住，无接触开门。部分房型可俯瞰城市天际线。	C315
4585	桔子宾馆	地址：上杭县中心路286号（上杭）。联系电话：182-80268883。周边 500 米内即是商场与美食街。可手机自助入住，无接触开门。酒店内有健身房和洗衣房，住客免费使用。设有地下停车场与充电桩。	C315
4586	碧桂大酒店	地址：上杭县朝阳街358号（上杭）。联系电话：023-57014389。设有地下停车场与充电桩。前台多语言服务，支持行李寄存。	C315
4587	梅园精品酒店	地址：建平县解放路363号（沙海）。联系电话：032-61266968 / 132-45295626。部分房型可俯瞰城市天际线。距车站步行 5 分钟，交通便利。	C150
4588	桔子精品酒店	地址：建平县建设路342号（沙海）。联系电话：027-62529892 / 044-56843431。客房配备记忆棉床垫，保证舒适睡眠。周边 500 米内即是商场与美食街。	C150
4589	柏栎国际酒店	地址：建平县迎宾大道340号（沙海）。联系电话：050-21451092。含自助早餐，菜品丰富。提供高速 Wi‑Fi 及 24 小时热水。	C150
4590	沐兰酒店	地址：建平县中心路13号（沙海）。联系电话：153-91882645。前台多语言服务，支持行李寄存。周边 500 米内即是商场与美食街。客房配备记忆棉床垫，保证舒适睡眠。酒店内有健身房和洗衣房，住客免费使用。	C150
4591	沐兰度假酒店	地址：旬阳县解放路226号（蜀河）。联系电话：186-64060220。距车站步行 5 分钟，交通便利。可手机自助入住，无接触开门。周边 500 米内即是商场与美食街。部分房型可俯瞰城市天际线。	C090
4592	沐兰大酒店	地址：旬阳县建设路310号（蜀河）。联系电话：195-78864752 / 041-82459336。部分房型可俯瞰城市天际线。酒店内有健身房和洗衣房，住客免费使用。	C090
4593	楠舍国际酒店	地址：旬阳县中心路4号（蜀河）。联系电话：030-54723731 / 055-22116954。设有地下停车场与充电桩。周边 500 米内即是商场与美食街。	C090
4594	悦榕大酒店	地址：旬阳县人民大道332号（蜀河）。联系电话：022-78839229。酒店内有健身房和洗衣房，住客免费使用。周边 500 米内即是商场与美食街。	C090
4595	云栖酒店	地址：盘州迎宾大道351号（松河）。联系电话：020-60754875。含自助早餐，菜品丰富。部分房型可俯瞰城市天际线。设有地下停车场与充电桩。酒店内有健身房和洗衣房，住客免费使用。	C033
4596	桔子大酒店	地址：盘州迎宾大道93号（松河）。联系电话：185-22758423 / 196-68527206。含自助早餐，菜品丰富。距车站步行 5 分钟，交通便利。客房配备记忆棉床垫，保证舒适睡眠。设有地下停车场与充电桩。	C033
4597	月光国际酒店	地址：盘州朝阳街236号（松河）。联系电话：028-52239888。可手机自助入住，无接触开门。设有地下停车场与充电桩。含自助早餐，菜品丰富。	C033
4598	锦江宾馆	地址：沙河迎宾大道344号（沙河）。联系电话：050-27965852。提供高速 Wi‑Fi 及 24 小时热水。含自助早餐，菜品丰富。设有地下停车场与充电桩。	C263
4599	锦江宾馆	地址：沙河中心路31号（沙河）。联系电话：190-53602178 / 185-13777882。部分房型可俯瞰城市天际线。含自助早餐，菜品丰富。周边 500 米内即是商场与美食街。	C263
4600	碧桂宾馆	地址：沙河解放路77号（沙河）。联系电话：031-47272777 / 013-67582993。酒店内有健身房和洗衣房，住客免费使用。可手机自助入住，无接触开门。设有地下停车场与充电桩。	C263
4601	碧桂度假酒店	地址：大连迎宾大道33号（沙河口）。联系电话：016-74158536。周边 500 米内即是商场与美食街。距车站步行 5 分钟，交通便利。	C080
4602	桔子度假酒店	地址：大连人民大道203号（沙河口）。联系电话：191-34484270 / 187-89911674。提供高速 Wi‑Fi 及 24 小时热水。周边 500 米内即是商场与美食街。可手机自助入住，无接触开门。距车站步行 5 分钟，交通便利。	C080
4603	柏曼大酒店	地址：大连迎宾大道18号（沙河口）。联系电话：192-53474607 / 192-56693440。可手机自助入住，无接触开门。前台多语言服务，支持行李寄存。	C080
4604	桔子酒店	地址：苏尼特右旗朝阳街94号（赛汗塔拉）。联系电话：053-81731451 / 016-71323684。提供高速 Wi‑Fi 及 24 小时热水。部分房型可俯瞰城市天际线。	C280
4605	柏曼宾馆	地址：苏尼特右旗建设路90号（赛汗塔拉）。联系电话：058-88163563。提供高速 Wi‑Fi 及 24 小时热水。可手机自助入住，无接触开门。前台多语言服务，支持行李寄存。周边 500 米内即是商场与美食街。	C280
4606	璞丽度假酒店	地址：沙河解放路390号（沙河市）。联系电话：195-82117320 / 050-71562804。含自助早餐，菜品丰富。距车站步行 5 分钟，交通便利。提供高速 Wi‑Fi 及 24 小时热水。	C263
4607	星程精品酒店	地址：沙河解放路318号（沙河市）。联系电话：197-41285868。周边 500 米内即是商场与美食街。可手机自助入住，无接触开门。酒店内有健身房和洗衣房，住客免费使用。前台多语言服务，支持行李寄存。	C263
4608	梅园国际酒店	地址：沙河朝阳街65号（沙河市）。联系电话：189-18310190 / 031-85619183。酒店内有健身房和洗衣房，住客免费使用。客房配备记忆棉床垫，保证舒适睡眠。周边 500 米内即是商场与美食街。部分房型可俯瞰城市天际线。	C263
4609	桔子大酒店	地址：兴城人民大道203号（沙后所）。联系电话：035-87659686 / 197-28177287。部分房型可俯瞰城市天际线。可手机自助入住，无接触开门。客房配备记忆棉床垫，保证舒适睡眠。	C239
4610	楠舍大酒店	地址：兴城和平路242号（沙后所）。联系电话：184-90966320 / 011-31704586。前台多语言服务，支持行李寄存。酒店内有健身房和洗衣房，住客免费使用。周边 500 米内即是商场与美食街。	C239
4611	锦江大酒店	地址：兴城和平路382号（沙后所）。联系电话：189-86514129 / 156-28239899。含自助早餐，菜品丰富。酒店内有健身房和洗衣房，住客免费使用。周边 500 米内即是商场与美食街。部分房型可俯瞰城市天际线。	C239
4612	碧桂宾馆	地址：五常建设路7号（山河屯）。联系电话：017-39660943。设有地下停车场与充电桩。酒店内有健身房和洗衣房，住客免费使用。	C066
4613	柏曼宾馆	地址：五常人民大道32号（山河屯）。联系电话：017-66385013 / 158-77758637。提供高速 Wi‑Fi 及 24 小时热水。前台多语言服务，支持行李寄存。	C066
4614	月光国际酒店	地址：三河迎宾大道21号（三河县）。联系电话：035-59053771 / 025-37752658。前台多语言服务，支持行李寄存。设有地下停车场与充电桩。提供高速 Wi‑Fi 及 24 小时热水。周边 500 米内即是商场与美食街。	C114
4615	碧桂大酒店	地址：三河人民大道66号（三河县）。联系电话：189-58123609 / 151-83038274。客房配备记忆棉床垫，保证舒适睡眠。酒店内有健身房和洗衣房，住客免费使用。设有地下停车场与充电桩。提供高速 Wi‑Fi 及 24 小时热水。	C114
4616	云栖国际酒店	地址：三河和平路7号（三河县）。联系电话：022-73202426。前台多语言服务，支持行李寄存。酒店内有健身房和洗衣房，住客免费使用。部分房型可俯瞰城市天际线。	C114
4617	月光宾馆	地址：围场满族蒙古族自治县解放路356号（四合永）。联系电话：155-51177269 / 184-57901962。距车站步行 5 分钟，交通便利。可手机自助入住，无接触开门。部分房型可俯瞰城市天际线。	C130
4618	花筑国际酒店	地址：围场满族蒙古族自治县迎宾大道265号（四合永）。联系电话：150-64607230。距车站步行 5 分钟，交通便利。周边 500 米内即是商场与美食街。可手机自助入住，无接触开门。酒店内有健身房和洗衣房，住客免费使用。	C130
4619	柏栎酒店	地址：围场满族蒙古族自治县中心路278号（四合永）。联系电话：195-36480118。设有地下停车场与充电桩。可手机自助入住，无接触开门。	C130
4620	璞丽精品酒店	地址：渠县中心路386号（三汇镇）。联系电话：036-48111107 / 026-75342345。前台多语言服务，支持行李寄存。酒店内有健身房和洗衣房，住客免费使用。提供高速 Wi‑Fi 及 24 小时热水。设有地下停车场与充电桩。	C256
4621	星程酒店	地址：渠县人民大道183号（三汇镇）。联系电话：030-86961088 / 184-76443256。提供高速 Wi‑Fi 及 24 小时热水。客房配备记忆棉床垫，保证舒适睡眠。	C256
4622	雅致精品酒店	地址：渠县朝阳街210号（三汇镇）。联系电话：035-64857469 / 190-54630006。前台多语言服务，支持行李寄存。可手机自助入住，无接触开门。距车站步行 5 分钟，交通便利。含自助早餐，菜品丰富。	C256
4623	梅园精品酒店	地址：永吉县迎宾大道197号（双河镇）。联系电话：187-20265030 / 031-57072241。酒店内有健身房和洗衣房，住客免费使用。设有地下停车场与充电桩。提供高速 Wi‑Fi 及 24 小时热水。含自助早餐，菜品丰富。	C055
4624	梅园酒店	地址：永吉县解放路232号（双河镇）。联系电话：054-60646938 / 053-31394931。含自助早餐，菜品丰富。距车站步行 5 分钟，交通便利。	C055
4625	梅园酒店	地址：石河子人民大道255号（石河子）。联系电话：023-32478194 / 038-69774577。含自助早餐，菜品丰富。设有地下停车场与充电桩。部分房型可俯瞰城市天际线。	C317
4626	璞丽精品酒店	地址：石河子建设路112号（石河子）。联系电话：157-70446936。提供高速 Wi‑Fi 及 24 小时热水。周边 500 米内即是商场与美食街。前台多语言服务，支持行李寄存。距车站步行 5 分钟，交通便利。	C317
4627	星程宾馆	地址：北京和平路208号（三合庄）。联系电话：040-34404765 / 035-33857185。酒店内有健身房和洗衣房，住客免费使用。周边 500 米内即是商场与美食街。	C039
4628	楠舍国际酒店	地址：北京中心路10号（三合庄）。联系电话：019-51377946。部分房型可俯瞰城市天际线。酒店内有健身房和洗衣房，住客免费使用。周边 500 米内即是商场与美食街。客房配备记忆棉床垫，保证舒适睡眠。	C039
4629	星程酒店	地址：北京中心路200号（三合庄）。联系电话：035-49132509。设有地下停车场与充电桩。可手机自助入住，无接触开门。	C039
4630	碧桂大酒店	地址：北京建设路229号（三家店）。联系电话：011-24044937。部分房型可俯瞰城市天际线。可手机自助入住，无接触开门。含自助早餐，菜品丰富。	C039
4631	桔子大酒店	地址：北京迎宾大道96号（三家店）。联系电话：021-43235901。部分房型可俯瞰城市天际线。周边 500 米内即是商场与美食街。	C039
4632	梅园宾馆	地址：北京迎宾大道218号（三家店）。联系电话：132-33785189。设有地下停车场与充电桩。部分房型可俯瞰城市天际线。	C039
4633	璞丽宾馆	地址：北京建设路373号（三家店）。联系电话：181-69260497。设有地下停车场与充电桩。前台多语言服务，支持行李寄存。	C039
4634	梅园大酒店	地址：长丰县建设路6号（水家湖）。联系电话：051-52044106。周边 500 米内即是商场与美食街。酒店内有健身房和洗衣房，住客免费使用。	C053
4635	璞丽酒店	地址：长丰县人民大道254号（水家湖）。联系电话：187-45716365 / 150-13176407。设有地下停车场与充电桩。客房配备记忆棉床垫，保证舒适睡眠。部分房型可俯瞰城市天际线。	C053
4636	楠舍国际酒店	地址：固原和平路391号（沈家河）。联系电话：152-94168872 / 012-61421856。酒店内有健身房和洗衣房，住客免费使用。前台多语言服务，支持行李寄存。设有地下停车场与充电桩。可手机自助入住，无接触开门。	C074
4637	枫叶宾馆	地址：固原朝阳街34号（沈家河）。联系电话：197-96805824 / 026-85341518。距车站步行 5 分钟，交通便利。周边 500 米内即是商场与美食街。可手机自助入住，无接触开门。含自助早餐，菜品丰富。	C074
4638	柏栎酒店	地址：抚松县朝阳街103号（松江河）。联系电话：153-10437982 / 044-69806855。提供高速 Wi‑Fi 及 24 小时热水。周边 500 米内即是商场与美食街。酒店内有健身房和洗衣房，住客免费使用。设有地下停车场与充电桩。	C212
4639	月光酒店	地址：抚松县迎宾大道360号（松江河）。联系电话：137-25895144 / 199-16840332。设有地下停车场与充电桩。周边 500 米内即是商场与美食街。前台多语言服务，支持行李寄存。	C212
4640	丽枫国际酒店	地址：肇东和平路78号（尚家）。联系电话：018-50062398 / 137-15732266。客房配备记忆棉床垫，保证舒适睡眠。周边 500 米内即是商场与美食街。酒店内有健身房和洗衣房，住客免费使用。	C225
4641	悦榕度假酒店	地址：肇东建设路391号（尚家）。联系电话：198-67912666 / 153-17057680。部分房型可俯瞰城市天际线。含自助早餐，菜品丰富。	C225
4642	枫叶国际酒店	地址：肇东迎宾大道351号（尚家）。联系电话：047-39391723 / 186-98092258。含自助早餐，菜品丰富。酒店内有健身房和洗衣房，住客免费使用。	C225
4643	月光度假酒店	地址：肇东建设路285号（尚家）。联系电话：047-56030435 / 156-57173853。含自助早餐，菜品丰富。客房配备记忆棉床垫，保证舒适睡眠。	C225
4644	花筑精品酒店	地址：哈尔滨朝阳街328号（孙家）。联系电话：184-67725207 / 190-32159409。酒店内有健身房和洗衣房，住客免费使用。客房配备记忆棉床垫，保证舒适睡眠。设有地下停车场与充电桩。周边 500 米内即是商场与美食街。	C066
4645	星程国际酒店	地址：哈尔滨人民大道107号（孙家）。联系电话：015-68000652 / 180-69758025。提供高速 Wi‑Fi 及 24 小时热水。酒店内有健身房和洗衣房，住客免费使用。含自助早餐，菜品丰富。距车站步行 5 分钟，交通便利。	C066
4646	星程度假酒店	地址：哈尔滨中心路205号（孙家）。联系电话：053-38574353。前台多语言服务，支持行李寄存。提供高速 Wi‑Fi 及 24 小时热水。距车站步行 5 分钟，交通便利。	C066
4647	枫叶精品酒店	地址：哈尔滨人民大道183号（孙家）。联系电话：188-20905007 / 053-57429116。距车站步行 5 分钟，交通便利。可手机自助入住，无接触开门。	C066
4648	星程精品酒店	地址：哈尔滨和平路153号（沈家）。联系电话：057-87073204。提供高速 Wi‑Fi 及 24 小时热水。酒店内有健身房和洗衣房，住客免费使用。	C066
4649	悦榕宾馆	地址：哈尔滨建设路355号（沈家）。联系电话：010-52173845。含自助早餐，菜品丰富。提供高速 Wi‑Fi 及 24 小时热水。	C066
4650	月光酒店	地址：吉林解放路118号（双吉）。联系电话：012-53032010 / 046-71614718。前台多语言服务，支持行李寄存。提供高速 Wi‑Fi 及 24 小时热水。可手机自助入住，无接触开门。	C316
4651	璞丽宾馆	地址：吉林人民大道67号（双吉）。联系电话：187-21798763 / 033-50610180。距车站步行 5 分钟，交通便利。含自助早餐，菜品丰富。	C316
4652	柏栎酒店	地址：吉林人民大道296号（双吉）。联系电话：156-27426337 / 187-31142869。前台多语言服务，支持行李寄存。设有地下停车场与充电桩。提供高速 Wi‑Fi 及 24 小时热水。	C316
4653	丽枫度假酒店	地址：吉林人民大道288号（双吉）。联系电话：134-69776876。距车站步行 5 分钟，交通便利。酒店内有健身房和洗衣房，住客免费使用。周边 500 米内即是商场与美食街。设有地下停车场与充电桩。	C316
4654	雅致精品酒店	地址：上海迎宾大道161号（松江）。联系电话：137-60043007。周边 500 米内即是商场与美食街。客房配备记忆棉床垫，保证舒适睡眠。可手机自助入住，无接触开门。设有地下停车场与充电桩。	C005
4655	月光大酒店	地址：上海迎宾大道216号（松江）。联系电话：194-99870461 / 133-88405118。可手机自助入住，无接触开门。距车站步行 5 分钟，交通便利。前台多语言服务，支持行李寄存。	C005
4656	梅园度假酒店	地址：上海解放路396号（松江）。联系电话：052-74170846。可手机自助入住，无接触开门。含自助早餐，菜品丰富。设有地下停车场与充电桩。酒店内有健身房和洗衣房，住客免费使用。	C005
4657	桔子大酒店	地址：上海人民大道363号（松江）。联系电话：199-62679610 / 198-92163450。前台多语言服务，支持行李寄存。部分房型可俯瞰城市天际线。	C005
4658	柏栎度假酒店	地址：昌图县和平路175号（三江口）。联系电话：054-58616509。设有地下停车场与充电桩。距车站步行 5 分钟，交通便利。	C276
4659	花筑国际酒店	地址：昌图县建设路82号（三江口）。联系电话：056-72238292。可手机自助入住，无接触开门。部分房型可俯瞰城市天际线。酒店内有健身房和洗衣房，住客免费使用。	C276
4660	桔子酒店	地址：昌图县人民大道64号（三江口）。联系电话：193-55809162。部分房型可俯瞰城市天际线。酒店内有健身房和洗衣房，住客免费使用。含自助早餐，菜品丰富。	C276
4661	月光国际酒店	地址：莱芜解放路254号（司家岭）。联系电话：138-29986791 / 054-26365466。距车站步行 5 分钟，交通便利。设有地下停车场与充电桩。	C180
4662	悦榕酒店	地址：莱芜建设路263号（司家岭）。联系电话：183-76835130。前台多语言服务，支持行李寄存。部分房型可俯瞰城市天际线。酒店内有健身房和洗衣房，住客免费使用。	C180
4663	桔子国际酒店	地址：莱芜和平路4号（司家岭）。联系电话：157-76391105。提供高速 Wi‑Fi 及 24 小时热水。距车站步行 5 分钟，交通便利。	C180
4664	枫叶度假酒店	地址：上海建设路282号（松江南）。联系电话：194-52016872。酒店内有健身房和洗衣房，住客免费使用。设有地下停车场与充电桩。提供高速 Wi‑Fi 及 24 小时热水。	C005
4665	枫叶宾馆	地址：上海解放路62号（松江南）。联系电话：192-97182379。距车站步行 5 分钟，交通便利。前台多语言服务，支持行李寄存。提供高速 Wi‑Fi 及 24 小时热水。	C005
4666	锦江宾馆	地址：北京朝阳街54号（石景山南）。联系电话：059-21223680 / 159-47398408。前台多语言服务，支持行李寄存。可手机自助入住，无接触开门。含自助早餐，菜品丰富。设有地下停车场与充电桩。	C039
4667	楠舍大酒店	地址：北京建设路70号（石景山南）。联系电话：153-78453181。酒店内有健身房和洗衣房，住客免费使用。含自助早餐，菜品丰富。周边 500 米内即是商场与美食街。提供高速 Wi‑Fi 及 24 小时热水。	C039
4668	花筑酒店	地址：北京和平路187号（石景山南）。联系电话：138-37895353 / 013-27321209。部分房型可俯瞰城市天际线。酒店内有健身房和洗衣房，住客免费使用。含自助早餐，菜品丰富。	C039
4669	锦江国际酒店	地址：北京中心路131号（石景山南）。联系电话：134-64141975 / 033-61258963。酒店内有健身房和洗衣房，住客免费使用。含自助早餐，菜品丰富。	C039
4670	梅园酒店	地址：皋兰县迎宾大道372号（邵家堂）。联系电话：031-31637932 / 131-20444152。前台多语言服务，支持行李寄存。酒店内有健身房和洗衣房，住客免费使用。可手机自助入住，无接触开门。设有地下停车场与充电桩。	C034
4671	悦榕国际酒店	地址：皋兰县朝阳街95号（邵家堂）。联系电话：192-58415099 / 154-66591633。提供高速 Wi‑Fi 及 24 小时热水。距车站步行 5 分钟，交通便利。部分房型可俯瞰城市天际线。设有地下停车场与充电桩。	C034
4672	沐兰国际酒店	地址：三江侗族自治县迎宾大道271号（三江县）。联系电话：030-21860988。含自助早餐，菜品丰富。可手机自助入住，无接触开门。酒店内有健身房和洗衣房，住客免费使用。	C156
4673	碧桂精品酒店	地址：三江侗族自治县朝阳街187号（三江县）。联系电话：031-69155315。部分房型可俯瞰城市天际线。前台多语言服务，支持行李寄存。	C156
4674	柏栎大酒店	地址：三江侗族自治县和平路353号（三江县）。联系电话：023-36737700。周边 500 米内即是商场与美食街。距车站步行 5 分钟，交通便利。	C156
4675	枫叶精品酒店	地址：三江侗族自治县建设路398号（三江县）。联系电话：132-57531046 / 041-50158865。距车站步行 5 分钟，交通便利。设有地下停车场与充电桩。	C156
4676	沐兰大酒店	地址：水城县朝阳街379号（三家寨）。联系电话：040-36054782。提供高速 Wi‑Fi 及 24 小时热水。设有地下停车场与充电桩。	C033
4677	丽枫酒店	地址：水城县迎宾大道168号（三家寨）。联系电话：130-72721261 / 183-62617245。酒店内有健身房和洗衣房，住客免费使用。周边 500 米内即是商场与美食街。前台多语言服务，支持行李寄存。设有地下停车场与充电桩。	C033
4678	桔子国际酒店	地址：阜新蒙古族自治县人民大道287号（十家子）。联系电话：151-75385796。设有地下停车场与充电桩。部分房型可俯瞰城市天际线。前台多语言服务，支持行李寄存。含自助早餐，菜品丰富。	C286
4679	梅园酒店	地址：阜新蒙古族自治县解放路314号（十家子）。联系电话：042-26331673 / 041-64969004。含自助早餐，菜品丰富。设有地下停车场与充电桩。	C286
4680	碧桂精品酒店	地址：阜新蒙古族自治县和平路368号（十家子）。联系电话：132-14005950。可手机自助入住，无接触开门。距车站步行 5 分钟，交通便利。	C286
4681	桔子大酒店	地址：阜新蒙古族自治县朝阳街306号（十家子）。联系电话：013-88049586。周边 500 米内即是商场与美食街。酒店内有健身房和洗衣房，住客免费使用。含自助早餐，菜品丰富。	C286
4682	花筑酒店	地址：安图县和平路72号（松江镇）。联系电话：029-49933211。客房配备记忆棉床垫，保证舒适睡眠。距车站步行 5 分钟，交通便利。部分房型可俯瞰城市天际线。可手机自助入住，无接触开门。	C116
4683	星程宾馆	地址：安图县中心路151号（松江镇）。联系电话：186-58192329。距车站步行 5 分钟，交通便利。含自助早餐，菜品丰富。客房配备记忆棉床垫，保证舒适睡眠。	C116
4684	璞丽酒店	地址：宜良县人民大道339号（施家嘴）。联系电话：182-20152363 / 017-36628926。客房配备记忆棉床垫，保证舒适睡眠。距车站步行 5 分钟，交通便利。	C142
4685	丽枫宾馆	地址：宜良县迎宾大道85号（施家嘴）。联系电话：182-48908021。含自助早餐，菜品丰富。可手机自助入住，无接触开门。	C142
4686	碧桂酒店	地址：宜良县和平路20号（施家嘴）。联系电话：184-65580145 / 048-44173202。距车站步行 5 分钟，交通便利。周边 500 米内即是商场与美食街。提供高速 Wi‑Fi 及 24 小时热水。	C142
4687	桔子大酒店	地址：宜良县建设路342号（施家嘴）。联系电话：031-26913570 / 182-81379157。距车站步行 5 分钟，交通便利。部分房型可俯瞰城市天际线。含自助早餐，菜品丰富。提供高速 Wi‑Fi 及 24 小时热水。	C142
4688	枫叶宾馆	地址：沈阳人民大道312号（深井子）。联系电话：054-48097217。周边 500 米内即是商场与美食街。客房配备记忆棉床垫，保证舒适睡眠。可手机自助入住，无接触开门。距车站步行 5 分钟，交通便利。	C172
4689	悦榕宾馆	地址：沈阳人民大道76号（深井子）。联系电话：193-54109073。客房配备记忆棉床垫，保证舒适睡眠。周边 500 米内即是商场与美食街。	C172
4690	碧桂国际酒店	地址：沈阳解放路109号（深井子）。联系电话：150-75360721 / 029-48392331。含自助早餐，菜品丰富。周边 500 米内即是商场与美食街。	C172
4691	沐兰精品酒店	地址：武安建设路296号（什里店）。联系电话：038-68801304。含自助早餐，菜品丰富。前台多语言服务，支持行李寄存。	C265
4692	楠舍酒店	地址：武安人民大道146号（什里店）。联系电话：010-77777874。可手机自助入住，无接触开门。距车站步行 5 分钟，交通便利。部分房型可俯瞰城市天际线。	C265
4693	枫叶精品酒店	地址：武安朝阳街215号（什里店）。联系电话：156-42596362。周边 500 米内即是商场与美食街。客房配备记忆棉床垫，保证舒适睡眠。	C265
4694	梅园宾馆	地址：疏勒县建设路19号（疏勒）。联系电话：052-39725703 / 010-87142619。客房配备记忆棉床垫，保证舒适睡眠。可手机自助入住，无接触开门。周边 500 米内即是商场与美食街。	C070
4695	柏栎度假酒店	地址：疏勒县解放路234号（疏勒）。联系电话：036-82774111。周边 500 米内即是商场与美食街。客房配备记忆棉床垫，保证舒适睡眠。	C070
4696	星程精品酒店	地址：瓜州县解放路299号（疏勒河）。联系电话：026-64722047 / 038-59937530。含自助早餐，菜品丰富。距车站步行 5 分钟，交通便利。部分房型可俯瞰城市天际线。	C271
4697	雅致精品酒店	地址：瓜州县建设路391号（疏勒河）。联系电话：132-81998060。前台多语言服务，支持行李寄存。距车站步行 5 分钟，交通便利。	C271
4698	桔子度假酒店	地址：瓜州县解放路73号（疏勒河）。联系电话：059-39974543。可手机自助入住，无接触开门。酒店内有健身房和洗衣房，住客免费使用。设有地下停车场与充电桩。距车站步行 5 分钟，交通便利。	C271
4699	花筑度假酒店	地址：奈曼旗和平路235号（舍力虎）。联系电话：136-47506496 / 187-98265835。提供高速 Wi‑Fi 及 24 小时热水。距车站步行 5 分钟，交通便利。含自助早餐，菜品丰富。	C260
4700	星程大酒店	地址：奈曼旗和平路285号（舍力虎）。联系电话：137-39555206。酒店内有健身房和洗衣房，住客免费使用。提供高速 Wi‑Fi 及 24 小时热水。周边 500 米内即是商场与美食街。	C260
4701	丽枫酒店	地址：奈曼旗和平路149号（舍力虎）。联系电话：132-50002726 / 014-66296075。设有地下停车场与充电桩。含自助早餐，菜品丰富。	C260
4702	枫叶精品酒店	地址：鸡西迎宾大道255号（石磷）。联系电话：028-23217602。提供高速 Wi‑Fi 及 24 小时热水。周边 500 米内即是商场与美食街。设有地下停车场与充电桩。	C303
4703	枫叶国际酒店	地址：鸡西人民大道202号（石磷）。联系电话：151-55218342 / 030-37216035。可手机自助入住，无接触开门。客房配备记忆棉床垫，保证舒适睡眠。	C303
4704	沐兰宾馆	地址：石林彝族自治县建设路197号（石林）。联系电话：053-25134982 / 033-53755070。部分房型可俯瞰城市天际线。周边 500 米内即是商场与美食街。	C142
4705	枫叶酒店	地址：石林彝族自治县解放路60号（石林）。联系电话：023-37031508 / 058-39935525。提供高速 Wi‑Fi 及 24 小时热水。设有地下停车场与充电桩。酒店内有健身房和洗衣房，住客免费使用。	C142
4706	星程大酒店	地址：双辽朝阳街185号（双辽）。联系电话：186-65991557 / 050-20604927。客房配备记忆棉床垫，保证舒适睡眠。可手机自助入住，无接触开门。酒店内有健身房和洗衣房，住客免费使用。	C073
4707	沐兰宾馆	地址：双辽人民大道99号（双辽）。联系电话：182-35622911。酒店内有健身房和洗衣房，住客免费使用。距车站步行 5 分钟，交通便利。	C073
4708	楠舍精品酒店	地址：双辽中心路103号（双辽）。联系电话：010-69650395。提供高速 Wi‑Fi 及 24 小时热水。部分房型可俯瞰城市天际线。	C073
4709	璞丽度假酒店	地址：双辽朝阳街9号（双辽）。联系电话：189-52819899 / 197-48610513。客房配备记忆棉床垫，保证舒适睡眠。可手机自助入住，无接触开门。部分房型可俯瞰城市天际线。设有地下停车场与充电桩。	C073
4710	雅致酒店	地址：绥棱县人民大道120号（绥棱）。联系电话：043-54140967 / 130-40652667。周边 500 米内即是商场与美食街。酒店内有健身房和洗衣房，住客免费使用。	C225
4711	枫叶大酒店	地址：绥棱县解放路268号（绥棱）。联系电话：044-77598347 / 047-60394013。客房配备记忆棉床垫，保证舒适睡眠。距车站步行 5 分钟，交通便利。含自助早餐，菜品丰富。提供高速 Wi‑Fi 及 24 小时热水。	C225
4712	锦江宾馆	地址：绥棱县和平路380号（绥棱）。联系电话：040-83676042。提供高速 Wi‑Fi 及 24 小时热水。客房配备记忆棉床垫，保证舒适睡眠。含自助早餐，菜品丰富。周边 500 米内即是商场与美食街。	C225
4713	云栖大酒店	地址：梨树县迎宾大道332号（石岭）。联系电话：190-31314636 / 026-36109649。距车站步行 5 分钟，交通便利。提供高速 Wi‑Fi 及 24 小时热水。酒店内有健身房和洗衣房，住客免费使用。含自助早餐，菜品丰富。	C073
4714	月光大酒店	地址：梨树县和平路301号（石岭）。联系电话：192-15864913。客房配备记忆棉床垫，保证舒适睡眠。酒店内有健身房和洗衣房，住客免费使用。前台多语言服务，支持行李寄存。	C073
4715	丽枫国际酒店	地址：梨树县中心路20号（石岭）。联系电话：139-88418287。距车站步行 5 分钟，交通便利。部分房型可俯瞰城市天际线。	C073
4716	雅致国际酒店	地址：梨树县和平路13号（石岭）。联系电话：041-44826793 / 048-65541469。距车站步行 5 分钟，交通便利。提供高速 Wi‑Fi 及 24 小时热水。酒店内有健身房和洗衣房，住客免费使用。可手机自助入住，无接触开门。	C073
4717	楠舍国际酒店	地址：石林彝族自治县迎宾大道320号（石林南）。联系电话：038-33405509。设有地下停车场与充电桩。含自助早餐，菜品丰富。部分房型可俯瞰城市天际线。	C142
4718	云栖酒店	地址：石林彝族自治县人民大道385号（石林南）。联系电话：017-56579001 / 156-60381570。距车站步行 5 分钟，交通便利。提供高速 Wi‑Fi 及 24 小时热水。	C142
4719	花筑大酒店	地址：东莞迎宾大道85号（石龙）。联系电话：031-72974929 / 151-11143408。含自助早餐，菜品丰富。设有地下停车场与充电桩。	C007
4720	楠舍大酒店	地址：东莞解放路66号（石龙）。联系电话：051-44363215。周边 500 米内即是商场与美食街。含自助早餐，菜品丰富。可手机自助入住，无接触开门。	C007
4721	梅园精品酒店	地址：东莞朝阳街328号（石龙）。联系电话：152-64975985 / 039-65230423。设有地下停车场与充电桩。周边 500 米内即是商场与美食街。含自助早餐，菜品丰富。	C007
4722	璞丽宾馆	地址：东莞朝阳街203号（石龙）。联系电话：050-81175198 / 040-86494128。客房配备记忆棉床垫，保证舒适睡眠。可手机自助入住，无接触开门。	C007
4723	梅园大酒店	地址：土默特右旗人民大道110号（萨拉齐）。联系电话：053-66292570 / 137-68720297。距车站步行 5 分钟，交通便利。部分房型可俯瞰城市天际线。设有地下停车场与充电桩。	C038
4724	沐兰酒店	地址：土默特右旗人民大道347号（萨拉齐）。联系电话：188-32992389。客房配备记忆棉床垫，保证舒适睡眠。周边 500 米内即是商场与美食街。距车站步行 5 分钟，交通便利。	C038
4725	星程度假酒店	地址：科尔沁右翼前旗朝阳街311号（索伦）。联系电话：130-32111869 / 157-23618970。提供高速 Wi‑Fi 及 24 小时热水。客房配备记忆棉床垫，保证舒适睡眠。	C035
4726	月光酒店	地址：科尔沁右翼前旗人民大道273号（索伦）。联系电话：014-35728745 / 185-28827505。可手机自助入住，无接触开门。周边 500 米内即是商场与美食街。距车站步行 5 分钟，交通便利。酒店内有健身房和洗衣房，住客免费使用。	C035
4727	花筑精品酒店	地址：科尔沁右翼前旗迎宾大道267号（索伦）。联系电话：157-26912574 / 026-65581523。距车站步行 5 分钟，交通便利。含自助早餐，菜品丰富。	C035
4728	沐兰宾馆	地址：科尔沁右翼前旗建设路112号（索伦）。联系电话：181-53907182 / 139-85929609。可手机自助入住，无接触开门。部分房型可俯瞰城市天际线。前台多语言服务，支持行李寄存。	C035
4729	柏栎度假酒店	地址：商洛和平路294号（商洛）。联系电话：187-66901956 / 197-47769033。设有地下停车场与充电桩。提供高速 Wi‑Fi 及 24 小时热水。酒店内有健身房和洗衣房，住客免费使用。	C069
4730	沐兰宾馆	地址：商洛和平路197号（商洛）。联系电话：056-39580865 / 035-71025872。周边 500 米内即是商场与美食街。客房配备记忆棉床垫，保证舒适睡眠。距车站步行 5 分钟，交通便利。可手机自助入住，无接触开门。	C069
4731	星程宾馆	地址：商洛迎宾大道325号（商洛）。联系电话：041-32362643 / 197-10855679。设有地下停车场与充电桩。客房配备记忆棉床垫，保证舒适睡眠。	C069
4732	星程精品酒店	地址：商洛迎宾大道343号（商洛）。联系电话：198-87433983 / 198-22017719。设有地下停车场与充电桩。客房配备记忆棉床垫，保证舒适睡眠。含自助早餐，菜品丰富。	C069
4733	梅园精品酒店	地址：张家口中心路190号（沙岭子）。联系电话：136-46326761。含自助早餐，菜品丰富。设有地下停车场与充电桩。部分房型可俯瞰城市天际线。	C118
4734	锦江大酒店	地址：张家口迎宾大道134号（沙岭子）。联系电话：014-72332128。周边 500 米内即是商场与美食街。前台多语言服务，支持行李寄存。含自助早餐，菜品丰富。	C118
4735	碧桂酒店	地址：张家口人民大道57号（沙岭子）。联系电话：184-35258065 / 013-81538001。酒店内有健身房和洗衣房，住客免费使用。距车站步行 5 分钟，交通便利。设有地下停车场与充电桩。客房配备记忆棉床垫，保证舒适睡眠。	C118
4736	碧桂宾馆	地址：张家口建设路369号（沙岭子）。联系电话：021-30673840 / 024-55530167。周边 500 米内即是商场与美食街。酒店内有健身房和洗衣房，住客免费使用。可手机自助入住，无接触开门。	C118
4737	枫叶酒店	地址：石门县朝阳街77号（石门县北）。联系电话：156-48751267。酒店内有健身房和洗衣房，住客免费使用。提供高速 Wi‑Fi 及 24 小时热水。设有地下停车场与充电桩。前台多语言服务，支持行李寄存。	C107
4738	柏曼大酒店	地址：石门县人民大道229号（石门县北）。联系电话：130-39398850 / 183-97047642。部分房型可俯瞰城市天际线。设有地下停车场与充电桩。提供高速 Wi‑Fi 及 24 小时热水。	C107
4739	花筑度假酒店	地址：石门县人民大道393号（石门县北）。联系电话：020-71291496 / 037-69793281。酒店内有健身房和洗衣房，住客免费使用。距车站步行 5 分钟，交通便利。	C107
4740	碧桂宾馆	地址：石门县解放路272号（石门县北）。联系电话：016-87376615。设有地下停车场与充电桩。客房配备记忆棉床垫，保证舒适睡眠。酒店内有健身房和洗衣房，住客免费使用。距车站步行 5 分钟，交通便利。	C107
4741	悦榕精品酒店	地址：三门峡解放路43号（三门峡南）。联系电话：185-57377291。前台多语言服务，支持行李寄存。设有地下停车场与充电桩。部分房型可俯瞰城市天际线。	C004
4742	柏曼度假酒店	地址：三门峡人民大道124号（三门峡南）。联系电话：032-61934644 / 180-10031993。部分房型可俯瞰城市天际线。客房配备记忆棉床垫，保证舒适睡眠。	C004
4743	星程精品酒店	地址：三门峡和平路348号（三门峡南）。联系电话：156-31790729 / 012-65567652。设有地下停车场与充电桩。前台多语言服务，支持行李寄存。	C004
4744	云栖精品酒店	地址：三门峡建设路114号（三门峡南）。联系电话：136-15919659 / 191-71413477。可手机自助入住，无接触开门。部分房型可俯瞰城市天际线。含自助早餐，菜品丰富。提供高速 Wi‑Fi 及 24 小时热水。	C004
4745	云栖酒店	地址：三门县朝阳街54号（三门县）。联系电话：181-32596550 / 041-38231975。酒店内有健身房和洗衣房，住客免费使用。提供高速 Wi‑Fi 及 24 小时热水。周边 500 米内即是商场与美食街。设有地下停车场与充电桩。	C052
4746	璞丽国际酒店	地址：三门县迎宾大道265号（三门县）。联系电话：043-65972304 / 190-30439214。可手机自助入住，无接触开门。距车站步行 5 分钟，交通便利。酒店内有健身房和洗衣房，住客免费使用。	C052
4747	沐兰宾馆	地址：邵阳解放路124号（石门县）。联系电话：027-45896535。设有地下停车场与充电桩。酒店内有健身房和洗衣房，住客免费使用。客房配备记忆棉床垫，保证舒适睡眠。提供高速 Wi‑Fi 及 24 小时热水。	C266
4748	碧桂酒店	地址：邵阳解放路276号（石门县）。联系电话：137-74498115。距车站步行 5 分钟，交通便利。周边 500 米内即是商场与美食街。前台多语言服务，支持行李寄存。酒店内有健身房和洗衣房，住客免费使用。	C266
4749	柏曼宾馆	地址：三门峡中心路360号（三门峡西）。联系电话：190-21568257 / 049-55752783。距车站步行 5 分钟，交通便利。部分房型可俯瞰城市天际线。设有地下停车场与充电桩。	C004
4750	枫叶酒店	地址：三门峡建设路74号（三门峡西）。联系电话：136-96566862 / 040-70900545。提供高速 Wi‑Fi 及 24 小时热水。客房配备记忆棉床垫，保证舒适睡眠。前台多语言服务，支持行李寄存。	C004
4751	锦江度假酒店	地址：三门峡朝阳街145号（三门峡西）。联系电话：188-73863358。客房配备记忆棉床垫，保证舒适睡眠。部分房型可俯瞰城市天际线。	C004
4752	月光酒店	地址：三门峡和平路388号（三门峡西）。联系电话：035-59251584 / 198-86276339。设有地下停车场与充电桩。可手机自助入住，无接触开门。客房配备记忆棉床垫，保证舒适睡眠。含自助早餐，菜品丰富。	C004
4753	楠舍精品酒店	地址：肃宁县中心路178号（肃宁）。联系电话：013-24579966 / 048-79691889。部分房型可俯瞰城市天际线。设有地下停车场与充电桩。提供高速 Wi‑Fi 及 24 小时热水。距车站步行 5 分钟，交通便利。	C173
4754	枫叶度假酒店	地址：肃宁县迎宾大道95号（肃宁）。联系电话：150-43292475 / 012-62717590。酒店内有健身房和洗衣房，住客免费使用。前台多语言服务，支持行李寄存。距车站步行 5 分钟，交通便利。提供高速 Wi‑Fi 及 24 小时热水。	C173
4755	悦榕大酒店	地址：肇东解放路205号（宋）。联系电话：011-56194413 / 016-72798156。提供高速 Wi‑Fi 及 24 小时热水。部分房型可俯瞰城市天际线。客房配备记忆棉床垫，保证舒适睡眠。	C225
4756	云栖宾馆	地址：肇东迎宾大道252号（宋）。联系电话：198-86400047。前台多语言服务，支持行李寄存。周边 500 米内即是商场与美食街。提供高速 Wi‑Fi 及 24 小时热水。	C225
4757	沐兰精品酒店	地址：肇东迎宾大道258号（宋）。联系电话：197-35391208 / 137-29013191。距车站步行 5 分钟，交通便利。酒店内有健身房和洗衣房，住客免费使用。部分房型可俯瞰城市天际线。前台多语言服务，支持行李寄存。	C225
4758	璞丽度假酒店	地址：肇东解放路330号（宋）。联系电话：053-69574979 / 192-79491518。客房配备记忆棉床垫，保证舒适睡眠。距车站步行 5 分钟，交通便利。	C225
4759	悦榕精品酒店	地址：双牌县和平路42号（双牌）。联系电话：025-77360651 / 052-27782614。距车站步行 5 分钟，交通便利。部分房型可俯瞰城市天际线。提供高速 Wi‑Fi 及 24 小时热水。前台多语言服务，支持行李寄存。	C166
4760	璞丽大酒店	地址：双牌县建设路88号（双牌）。联系电话：182-87477198。含自助早餐，菜品丰富。设有地下停车场与充电桩。周边 500 米内即是商场与美食街。客房配备记忆棉床垫，保证舒适睡眠。	C166
4761	梅园酒店	地址：双牌县朝阳街220号（双牌）。联系电话：152-95852051 / 057-48185727。周边 500 米内即是商场与美食街。距车站步行 5 分钟，交通便利。前台多语言服务，支持行李寄存。	C166
4762	丽枫国际酒店	地址：双牌县解放路307号（双牌）。联系电话：039-26018951 / 198-27478757。可手机自助入住，无接触开门。客房配备记忆棉床垫，保证舒适睡眠。设有地下停车场与充电桩。	C166
4763	枫叶度假酒店	地址：重庆建设路326号（沙坪坝）。联系电话：136-38415474 / 055-84612647。周边 500 米内即是商场与美食街。客房配备记忆棉床垫，保证舒适睡眠。	C272
4764	星程宾馆	地址：重庆建设路272号（沙坪坝）。联系电话：025-41510259 / 133-97863554。客房配备记忆棉床垫，保证舒适睡眠。提供高速 Wi‑Fi 及 24 小时热水。设有地下停车场与充电桩。	C272
4765	沐兰大酒店	地址：四平迎宾大道254号（四平东）。联系电话：017-26945510。周边 500 米内即是商场与美食街。含自助早餐，菜品丰富。	C073
4766	悦榕国际酒店	地址：四平朝阳街120号（四平东）。联系电话：017-71215385。设有地下停车场与充电桩。周边 500 米内即是商场与美食街。	C073
4767	云栖宾馆	地址：四平人民大道297号（四平东）。联系电话：052-36267893 / 156-72412174。酒店内有健身房和洗衣房，住客免费使用。部分房型可俯瞰城市天际线。	C073
4768	桔子精品酒店	地址：四平建设路168号（四平东）。联系电话：159-87039753 / 131-62793778。设有地下停车场与充电桩。含自助早餐，菜品丰富。提供高速 Wi‑Fi 及 24 小时热水。	C073
4769	沐兰酒店	地址：驻马店迎宾大道68号（遂平）。联系电话：032-84892569。客房配备记忆棉床垫，保证舒适睡眠。部分房型可俯瞰城市天际线。	C302
4770	丽枫国际酒店	地址：驻马店人民大道236号（遂平）。联系电话：192-65766849 / 134-62235503。提供高速 Wi‑Fi 及 24 小时热水。部分房型可俯瞰城市天际线。距车站步行 5 分钟，交通便利。	C302
4771	桔子国际酒店	地址：驻马店中心路312号（遂平）。联系电话：049-73851933 / 059-59527748。可手机自助入住，无接触开门。客房配备记忆棉床垫，保证舒适睡眠。	C302
4772	沐兰度假酒店	地址：中卫迎宾大道307号（沙坡头）。联系电话：046-33199212 / 158-75052843。周边 500 米内即是商场与美食街。含自助早餐，菜品丰富。	C009
4773	柏曼宾馆	地址：中卫解放路67号（沙坡头）。联系电话：026-59569720 / 186-85566004。前台多语言服务，支持行李寄存。含自助早餐，菜品丰富。设有地下停车场与充电桩。客房配备记忆棉床垫，保证舒适睡眠。	C009
4774	星程度假酒店	地址：南华县解放路13号（沙桥）。联系电话：155-70591865 / 045-22945342。提供高速 Wi‑Fi 及 24 小时热水。部分房型可俯瞰城市天际线。	C161
4775	云栖度假酒店	地址：南华县解放路221号（沙桥）。联系电话：012-67013708 / 184-68012450。客房配备记忆棉床垫，保证舒适睡眠。前台多语言服务，支持行李寄存。	C161
4776	云栖国际酒店	地址：商丘中心路379号（商丘南）。联系电话：189-53790720。设有地下停车场与充电桩。距车站步行 5 分钟，交通便利。	C068
4777	梅园宾馆	地址：商丘解放路318号（商丘南）。联系电话：137-89631899。周边 500 米内即是商场与美食街。提供高速 Wi‑Fi 及 24 小时热水。	C068
4778	花筑精品酒店	地址：商丘建设路374号（商丘南）。联系电话：033-57719187 / 185-28766009。可手机自助入住，无接触开门。设有地下停车场与充电桩。提供高速 Wi‑Fi 及 24 小时热水。	C068
4779	碧桂度假酒店	地址：商丘迎宾大道197号（商丘南）。联系电话：151-23507570 / 190-15486738。设有地下停车场与充电桩。酒店内有健身房和洗衣房，住客免费使用。	C068
4780	沐兰度假酒店	地址：凌源朝阳街179号（水泉）。联系电话：138-96073588。酒店内有健身房和洗衣房，住客免费使用。含自助早餐，菜品丰富。提供高速 Wi‑Fi 及 24 小时热水。	C150
4781	枫叶大酒店	地址：凌源人民大道338号（水泉）。联系电话：139-31233744 / 059-50660014。含自助早餐，菜品丰富。可手机自助入住，无接触开门。	C150
4782	锦江国际酒店	地址：石泉县建设路21号（石泉县）。联系电话：049-76331048。酒店内有健身房和洗衣房，住客免费使用。设有地下停车场与充电桩。	C090
4783	桔子宾馆	地址：石泉县朝阳街27号（石泉县）。联系电话：028-54291780 / 186-96284417。设有地下停车场与充电桩。前台多语言服务，支持行李寄存。提供高速 Wi‑Fi 及 24 小时热水。部分房型可俯瞰城市天际线。	C090
4784	云栖宾馆	地址：本溪人民大道359号（石桥子）。联系电话：139-23491189 / 051-86945667。含自助早餐，菜品丰富。前台多语言服务，支持行李寄存。	C151
4785	丽枫大酒店	地址：本溪和平路111号（石桥子）。联系电话：191-51126774 / 025-77638124。客房配备记忆棉床垫，保证舒适睡眠。周边 500 米内即是商场与美食街。可手机自助入住，无接触开门。含自助早餐，菜品丰富。	C151
4786	柏曼度假酒店	地址：本溪中心路138号（石桥子）。联系电话：157-19687836 / 035-78259967。含自助早餐，菜品丰富。周边 500 米内即是商场与美食街。提供高速 Wi‑Fi 及 24 小时热水。	C151
4787	沐兰国际酒店	地址：本溪解放路201号（石桥子）。联系电话：197-12181455。前台多语言服务，支持行李寄存。提供高速 Wi‑Fi 及 24 小时热水。	C151
4788	月光酒店	地址：哈尔滨迎宾大道139号（石人城）。联系电话：197-37738535。可手机自助入住，无接触开门。距车站步行 5 分钟，交通便利。设有地下停车场与充电桩。含自助早餐，菜品丰富。	C066
4789	锦江国际酒店	地址：哈尔滨迎宾大道10号（石人城）。联系电话：151-22329825 / 017-72956856。距车站步行 5 分钟，交通便利。客房配备记忆棉床垫，保证舒适睡眠。提供高速 Wi‑Fi 及 24 小时热水。酒店内有健身房和洗衣房，住客免费使用。	C066
4790	桔子大酒店	地址：哈尔滨和平路218号（石人城）。联系电话：029-32127014。设有地下停车场与充电桩。客房配备记忆棉床垫，保证舒适睡眠。可手机自助入住，无接触开门。提供高速 Wi‑Fi 及 24 小时热水。	C066
4791	锦江度假酒店	地址：白山朝阳街172号（石人）。联系电话：046-26716478 / 139-20953667。距车站步行 5 分钟，交通便利。周边 500 米内即是商场与美食街。部分房型可俯瞰城市天际线。	C212
4792	枫叶酒店	地址：白山朝阳街172号（石人）。联系电话：028-27846067。距车站步行 5 分钟，交通便利。酒店内有健身房和洗衣房，住客免费使用。部分房型可俯瞰城市天际线。客房配备记忆棉床垫，保证舒适睡眠。	C212
4793	碧桂酒店	地址：白山和平路217号（石人）。联系电话：184-13348568。部分房型可俯瞰城市天际线。前台多语言服务，支持行李寄存。酒店内有健身房和洗衣房，住客免费使用。	C212
4794	沐兰精品酒店	地址：白山和平路333号（石人）。联系电话：051-41163832 / 014-33875468。酒店内有健身房和洗衣房，住客免费使用。设有地下停车场与充电桩。提供高速 Wi‑Fi 及 24 小时热水。	C212
4795	璞丽宾馆	地址：海林和平路100号（山市）。联系电话：154-48649751 / 052-43006506。酒店内有健身房和洗衣房，住客免费使用。含自助早餐，菜品丰富。	C207
4796	雅致酒店	地址：海林人民大道55号（山市）。联系电话：199-83516742 / 043-57775970。部分房型可俯瞰城市天际线。前台多语言服务，支持行李寄存。酒店内有健身房和洗衣房，住客免费使用。	C207
4797	沐兰大酒店	地址：海林人民大道143号（山市）。联系电话：030-52871932。部分房型可俯瞰城市天际线。酒店内有健身房和洗衣房，住客免费使用。设有地下停车场与充电桩。周边 500 米内即是商场与美食街。	C207
4798	星程精品酒店	地址：海林中心路226号（山市）。联系电话：047-45393674 / 018-85306865。酒店内有健身房和洗衣房，住客免费使用。周边 500 米内即是商场与美食街。	C207
4799	梅园酒店	地址：铁力迎宾大道234号（神树）。联系电话：139-72405993 / 040-78558352。前台多语言服务，支持行李寄存。酒店内有健身房和洗衣房，住客免费使用。	C023
4800	丽枫国际酒店	地址：铁力解放路245号（神树）。联系电话：010-80884482 / 043-77581496。前台多语言服务，支持行李寄存。可手机自助入住，无接触开门。含自助早餐，菜品丰富。客房配备记忆棉床垫，保证舒适睡眠。	C023
4801	星程大酒店	地址：铁力人民大道77号（神树）。联系电话：186-54538507。前台多语言服务，支持行李寄存。距车站步行 5 分钟，交通便利。含自助早餐，菜品丰富。	C023
4802	丽枫度假酒店	地址：铁力建设路388号（神树）。联系电话：037-56341196 / 027-25747345。设有地下停车场与充电桩。提供高速 Wi‑Fi 及 24 小时热水。	C023
4803	花筑度假酒店	地址：鄯善县中心路211号（鄯善）。联系电话：058-62045375 / 024-53307082。酒店内有健身房和洗衣房，住客免费使用。提供高速 Wi‑Fi 及 24 小时热水。部分房型可俯瞰城市天际线。距车站步行 5 分钟，交通便利。	C056
4804	璞丽宾馆	地址：鄯善县朝阳街188号（鄯善）。联系电话：151-41591939。可手机自助入住，无接触开门。酒店内有健身房和洗衣房，住客免费使用。前台多语言服务，支持行李寄存。周边 500 米内即是商场与美食街。	C056
4805	枫叶宾馆	地址：鄯善县和平路60号（鄯善）。联系电话：031-21652867。设有地下停车场与充电桩。客房配备记忆棉床垫，保证舒适睡眠。含自助早餐，菜品丰富。	C056
4806	桔子大酒店	地址：佛山和平路282号（三水）。联系电话：155-80399214。前台多语言服务，支持行李寄存。提供高速 Wi‑Fi 及 24 小时热水。客房配备记忆棉床垫，保证舒适睡眠。部分房型可俯瞰城市天际线。	C025
4807	沐兰宾馆	地址：佛山解放路388号（三水）。联系电话：038-61169735。客房配备记忆棉床垫，保证舒适睡眠。周边 500 米内即是商场与美食街。	C025
4808	星程精品酒店	地址：泗水县和平路389号（泗水）。联系电话：017-21750953 / 059-73544097。客房配备记忆棉床垫，保证舒适睡眠。前台多语言服务，支持行李寄存。周边 500 米内即是商场与美食街。可手机自助入住，无接触开门。	C181
4809	丽枫国际酒店	地址：泗水县解放路278号（泗水）。联系电话：048-66640827 / 156-14918144。客房配备记忆棉床垫，保证舒适睡眠。距车站步行 5 分钟，交通便利。可手机自助入住，无接触开门。部分房型可俯瞰城市天际线。	C181
4810	枫叶酒店	地址：凌海人民大道288号（石山）。联系电话：011-58573250。部分房型可俯瞰城市天际线。提供高速 Wi‑Fi 及 24 小时热水。酒店内有健身房和洗衣房，住客免费使用。	C281
4811	星程精品酒店	地址：凌海建设路229号（石山）。联系电话：154-51975259 / 045-47109335。前台多语言服务，支持行李寄存。客房配备记忆棉床垫，保证舒适睡眠。酒店内有健身房和洗衣房，住客免费使用。部分房型可俯瞰城市天际线。	C281
4812	枫叶宾馆	地址：凌海朝阳街130号（石山）。联系电话：024-31646429。酒店内有健身房和洗衣房，住客免费使用。含自助早餐，菜品丰富。距车站步行 5 分钟，交通便利。客房配备记忆棉床垫，保证舒适睡眠。	C281
4813	沐兰国际酒店	地址：凌海中心路346号（石山）。联系电话：025-59459043 / 040-78434742。提供高速 Wi‑Fi 及 24 小时热水。客房配备记忆棉床垫，保证舒适睡眠。含自助早餐，菜品丰富。距车站步行 5 分钟，交通便利。	C281
4814	悦榕宾馆	地址：瓦房店朝阳街364号（松树）。联系电话：011-59522059。提供高速 Wi‑Fi 及 24 小时热水。前台多语言服务，支持行李寄存。客房配备记忆棉床垫，保证舒适睡眠。	C080
4815	月光国际酒店	地址：瓦房店和平路139号（松树）。联系电话：041-38790485。部分房型可俯瞰城市天际线。可手机自助入住，无接触开门。客房配备记忆棉床垫，保证舒适睡眠。设有地下停车场与充电桩。	C080
4816	雅致大酒店	地址：辽阳县和平路105号（首山）。联系电话：192-43168820 / 137-74489002。可手机自助入住，无接触开门。客房配备记忆棉床垫，保证舒适睡眠。前台多语言服务，支持行李寄存。距车站步行 5 分钟，交通便利。	C255
4817	柏曼精品酒店	地址：辽阳县和平路181号（首山）。联系电话：195-17851792 / 152-12891975。周边 500 米内即是商场与美食街。提供高速 Wi‑Fi 及 24 小时热水。距车站步行 5 分钟，交通便利。	C255
4818	枫叶大酒店	地址：辽阳县解放路86号（首山）。联系电话：026-24129134。部分房型可俯瞰城市天际线。提供高速 Wi‑Fi 及 24 小时热水。	C255
4819	月光酒店	地址：辽阳县解放路187号（首山）。联系电话：199-77426164 / 180-97493819。设有地下停车场与充电桩。含自助早餐，菜品丰富。前台多语言服务，支持行李寄存。	C255
4820	云栖大酒店	地址：凌源朝阳街394号（三十家）。联系电话：018-63619114 / 038-39687729。设有地下停车场与充电桩。可手机自助入住，无接触开门。	C150
4821	柏栎度假酒店	地址：凌源人民大道309号（三十家）。联系电话：190-37618063。提供高速 Wi‑Fi 及 24 小时热水。前台多语言服务，支持行李寄存。	C150
4822	星程精品酒店	地址：大连建设路299号（三十里堡）。联系电话：180-81747407。周边 500 米内即是商场与美食街。酒店内有健身房和洗衣房，住客免费使用。提供高速 Wi‑Fi 及 24 小时热水。	C080
4823	星程大酒店	地址：大连建设路324号（三十里堡）。联系电话：182-63711748 / 011-37220802。含自助早餐，菜品丰富。可手机自助入住，无接触开门。设有地下停车场与充电桩。部分房型可俯瞰城市天际线。	C080
4824	雅致大酒店	地址：大连建设路210号（三十里堡）。联系电话：053-82155165。酒店内有健身房和洗衣房，住客免费使用。前台多语言服务，支持行李寄存。	C080
4825	花筑国际酒店	地址：江门人民大道4号（双水镇）。联系电话：195-81983967 / 191-27891559。酒店内有健身房和洗衣房，住客免费使用。部分房型可俯瞰城市天际线。含自助早餐，菜品丰富。周边 500 米内即是商场与美食街。	C170
4826	锦江国际酒店	地址：江门人民大道35号（双水镇）。联系电话：028-85820790。客房配备记忆棉床垫，保证舒适睡眠。设有地下停车场与充电桩。距车站步行 5 分钟，交通便利。	C170
4827	柏栎度假酒店	地址：江门人民大道114号（双水镇）。联系电话：135-68531769。客房配备记忆棉床垫，保证舒适睡眠。提供高速 Wi‑Fi 及 24 小时热水。可手机自助入住，无接触开门。	C170
4828	梅园精品酒店	地址：江门建设路28号（双水镇）。联系电话：037-73355329 / 156-16889953。含自助早餐，菜品丰富。前台多语言服务，支持行李寄存。可手机自助入住，无接触开门。设有地下停车场与充电桩。	C170
4829	柏栎国际酒店	地址：白山中心路127号（松树镇）。联系电话：022-84288968 / 016-87739652。含自助早餐，菜品丰富。距车站步行 5 分钟，交通便利。部分房型可俯瞰城市天际线。可手机自助入住，无接触开门。	C212
4830	月光度假酒店	地址：白山人民大道71号（松树镇）。联系电话：190-84146113。客房配备记忆棉床垫，保证舒适睡眠。部分房型可俯瞰城市天际线。含自助早餐，菜品丰富。前台多语言服务，支持行李寄存。	C212
4831	星程酒店	地址：白山朝阳街356号（松树镇）。联系电话：151-11872195。提供高速 Wi‑Fi 及 24 小时热水。可手机自助入住，无接触开门。部分房型可俯瞰城市天际线。	C212
4832	梅园宾馆	地址：白山中心路11号（松树镇）。联系电话：017-33223314 / 047-76256722。酒店内有健身房和洗衣房，住客免费使用。可手机自助入住，无接触开门。	C212
4833	枫叶大酒店	地址：松桃苗族自治县迎宾大道163号（松桃）。联系电话：132-85951286。含自助早餐，菜品丰富。酒店内有健身房和洗衣房，住客免费使用。部分房型可俯瞰城市天际线。	C277
4834	柏栎精品酒店	地址：松桃苗族自治县朝阳街109号（松桃）。联系电话：193-17612293。酒店内有健身房和洗衣房，住客免费使用。设有地下停车场与充电桩。	C277
4835	锦江宾馆	地址：松桃苗族自治县人民大道82号（松桃）。联系电话：150-98949522 / 034-75145906。距车站步行 5 分钟，交通便利。客房配备记忆棉床垫，保证舒适睡眠。酒店内有健身房和洗衣房，住客免费使用。	C277
4836	悦榕精品酒店	地址：松桃苗族自治县和平路344号（松桃）。联系电话：181-12626115。提供高速 Wi‑Fi 及 24 小时热水。前台多语言服务，支持行李寄存。客房配备记忆棉床垫，保证舒适睡眠。	C277
4837	枫叶宾馆	地址：鄂伦春自治旗中心路295号（索图罕）。联系电话：130-51419916 / 024-27197898。提供高速 Wi‑Fi 及 24 小时热水。含自助早餐，菜品丰富。	C060
4838	楠舍度假酒店	地址：鄂伦春自治旗中心路197号（索图罕）。联系电话：020-31371439 / 190-23995720。周边 500 米内即是商场与美食街。部分房型可俯瞰城市天际线。距车站步行 5 分钟，交通便利。	C060
4839	锦江宾馆	地址：太和县迎宾大道55号（三堂集）。联系电话：138-33003996。客房配备记忆棉床垫，保证舒适睡眠。距车站步行 5 分钟，交通便利。前台多语言服务，支持行李寄存。可手机自助入住，无接触开门。	C287
4840	雅致度假酒店	地址：太和县和平路339号（三堂集）。联系电话：156-65369899。设有地下停车场与充电桩。提供高速 Wi‑Fi 及 24 小时热水。前台多语言服务，支持行李寄存。	C287
4841	楠舍宾馆	地址：宁安和平路389号（石头）。联系电话：013-53580286。周边 500 米内即是商场与美食街。提供高速 Wi‑Fi 及 24 小时热水。部分房型可俯瞰城市天际线。前台多语言服务，支持行李寄存。	C207
4842	梅园精品酒店	地址：宁安人民大道100号（石头）。联系电话：151-87577444 / 158-64900461。酒店内有健身房和洗衣房，住客免费使用。可手机自助入住，无接触开门。	C207
4843	枫叶国际酒店	地址：宁安人民大道358号（石头）。联系电话：043-20097764 / 155-67933323。部分房型可俯瞰城市天际线。含自助早餐，菜品丰富。设有地下停车场与充电桩。距车站步行 5 分钟，交通便利。	C207
4844	柏栎度假酒店	地址：宁安解放路201号（石头）。联系电话：049-40377436。前台多语言服务，支持行李寄存。提供高速 Wi‑Fi 及 24 小时热水。客房配备记忆棉床垫，保证舒适睡眠。周边 500 米内即是商场与美食街。	C207
4845	枫叶度假酒店	地址：朔州迎宾大道396号（神头）。联系电话：046-49880072。部分房型可俯瞰城市天际线。酒店内有健身房和洗衣房，住客免费使用。客房配备记忆棉床垫，保证舒适睡眠。可手机自助入住，无接触开门。	C149
4846	星程国际酒店	地址：朔州中心路79号（神头）。联系电话：184-13407553 / 042-35922197。距车站步行 5 分钟，交通便利。前台多语言服务，支持行李寄存。可手机自助入住，无接触开门。提供高速 Wi‑Fi 及 24 小时热水。	C149
4847	雅致宾馆	地址：盘州中心路84号（沙沱）。联系电话：035-36832575 / 025-29581592。前台多语言服务，支持行李寄存。距车站步行 5 分钟，交通便利。提供高速 Wi‑Fi 及 24 小时热水。周边 500 米内即是商场与美食街。	C033
4848	楠舍宾馆	地址：盘州中心路55号（沙沱）。联系电话：182-16500914 / 154-86564060。设有地下停车场与充电桩。酒店内有健身房和洗衣房，住客免费使用。前台多语言服务，支持行李寄存。含自助早餐，菜品丰富。	C033
4849	璞丽精品酒店	地址：北京中心路127号（上万）。联系电话：130-68722632 / 021-55443456。酒店内有健身房和洗衣房，住客免费使用。含自助早餐，菜品丰富。提供高速 Wi‑Fi 及 24 小时热水。	C039
4850	梅园精品酒店	地址：北京和平路68号（上万）。联系电话：033-83881099 / 026-62793735。含自助早餐，菜品丰富。设有地下停车场与充电桩。	C039
4851	锦江大酒店	地址：北京中心路79号（上万）。联系电话：130-99429247 / 180-97873825。提供高速 Wi‑Fi 及 24 小时热水。客房配备记忆棉床垫，保证舒适睡眠。酒店内有健身房和洗衣房，住客免费使用。含自助早餐，菜品丰富。	C039
4852	云栖宾馆	地址：北京人民大道121号（上万）。联系电话：027-59048424 / 043-67417016。提供高速 Wi‑Fi 及 24 小时热水。前台多语言服务，支持行李寄存。	C039
4853	云栖精品酒店	地址：孙吴县中心路337号（孙吴）。联系电话：135-61441717。提供高速 Wi‑Fi 及 24 小时热水。酒店内有健身房和洗衣房，住客免费使用。设有地下停车场与充电桩。周边 500 米内即是商场与美食街。	C310
4854	碧桂大酒店	地址：孙吴县朝阳街330号（孙吴）。联系电话：054-25994908。周边 500 米内即是商场与美食街。部分房型可俯瞰城市天际线。可手机自助入住，无接触开门。设有地下停车场与充电桩。	C310
4855	悦榕酒店	地址：孙吴县朝阳街272号（孙吴）。联系电话：194-11080323。可手机自助入住，无接触开门。设有地下停车场与充电桩。前台多语言服务，支持行李寄存。周边 500 米内即是商场与美食街。	C310
4856	枫叶国际酒店	地址：沙湾县建设路358号（沙湾县）。联系电话：054-27119289 / 197-53757250。酒店内有健身房和洗衣房，住客免费使用。周边 500 米内即是商场与美食街。距车站步行 5 分钟，交通便利。可手机自助入住，无接触开门。	C075
4857	星程酒店	地址：沙湾县解放路286号（沙湾县）。联系电话：032-33067318。含自助早餐，菜品丰富。周边 500 米内即是商场与美食街。	C075
4858	碧桂宾馆	地址：沙湾县人民大道126号（沙湾县）。联系电话：051-76369299。含自助早餐，菜品丰富。周边 500 米内即是商场与美食街。	C075
4859	沐兰国际酒店	地址：沙湾县解放路235号（沙湾县）。联系电话：039-27172585。周边 500 米内即是商场与美食街。部分房型可俯瞰城市天际线。	C075
4860	花筑大酒店	地址：歙县中心路265号（歙县）。联系电话：046-88013808 / 150-13607809。周边 500 米内即是商场与美食街。提供高速 Wi‑Fi 及 24 小时热水。含自助早餐，菜品丰富。客房配备记忆棉床垫，保证舒适睡眠。	C308
4861	星程度假酒店	地址：歙县建设路380号（歙县）。联系电话：027-86434122。设有地下停车场与充电桩。客房配备记忆棉床垫，保证舒适睡眠。部分房型可俯瞰城市天际线。	C308
4862	星程度假酒店	地址：歙县人民大道312号（歙县）。联系电话：018-67064773 / 017-61433673。设有地下停车场与充电桩。距车站步行 5 分钟，交通便利。含自助早餐，菜品丰富。	C308
4863	云栖精品酒店	地址：歙县迎宾大道395号（歙县）。联系电话：034-23512315。酒店内有健身房和洗衣房，住客免费使用。提供高速 Wi‑Fi 及 24 小时热水。	C308
4864	丽枫宾馆	地址：遂溪县中心路336号（遂溪）。联系电话：037-48173923 / 027-85199023。距车站步行 5 分钟，交通便利。周边 500 米内即是商场与美食街。	C197
4865	雅致大酒店	地址：遂溪县建设路31号（遂溪）。联系电话：196-50570767 / 048-42997796。部分房型可俯瞰城市天际线。设有地下停车场与充电桩。	C197
4866	璞丽宾馆	地址：沙县建设路236号（沙县）。联系电话：029-64107418 / 011-69658646。设有地下停车场与充电桩。客房配备记忆棉床垫，保证舒适睡眠。含自助早餐，菜品丰富。	C003
4867	云栖国际酒店	地址：沙县解放路139号（沙县）。联系电话：016-54167497 / 136-27274999。含自助早餐，菜品丰富。提供高速 Wi‑Fi 及 24 小时热水。酒店内有健身房和洗衣房，住客免费使用。客房配备记忆棉床垫，保证舒适睡眠。	C003
4868	枫叶宾馆	地址：沙县朝阳街121号（沙县）。联系电话：021-74437591 / 196-33473027。含自助早餐，菜品丰富。提供高速 Wi‑Fi 及 24 小时热水。	C003
4869	柏栎大酒店	地址：沙县解放路57号（沙县）。联系电话：137-47465833 / 017-78104874。周边 500 米内即是商场与美食街。含自助早餐，菜品丰富。	C003
4870	丽枫精品酒店	地址：绍兴解放路328号（绍兴）。联系电话：193-91478754。酒店内有健身房和洗衣房，住客免费使用。设有地下停车场与充电桩。距车站步行 5 分钟，交通便利。前台多语言服务，支持行李寄存。	C224
4871	锦江国际酒店	地址：绍兴朝阳街211号（绍兴）。联系电话：151-13992040 / 016-81505490。提供高速 Wi‑Fi 及 24 小时热水。酒店内有健身房和洗衣房，住客免费使用。	C224
4872	桔子精品酒店	地址：绍兴和平路43号（绍兴）。联系电话：185-94298796。距车站步行 5 分钟，交通便利。可手机自助入住，无接触开门。	C224
4873	柏栎度假酒店	地址：图们迎宾大道253号（石岘）。联系电话：040-77695511。前台多语言服务，支持行李寄存。设有地下停车场与充电桩。酒店内有健身房和洗衣房，住客免费使用。	C116
4874	云栖酒店	地址：图们朝阳街75号（石岘）。联系电话：193-31790479。提供高速 Wi‑Fi 及 24 小时热水。距车站步行 5 分钟，交通便利。	C116
4875	云栖精品酒店	地址：图们建设路142号（石岘）。联系电话：012-75217288。提供高速 Wi‑Fi 及 24 小时热水。可手机自助入住，无接触开门。客房配备记忆棉床垫，保证舒适睡眠。距车站步行 5 分钟，交通便利。	C116
4876	花筑度假酒店	地址：图们人民大道332号（石岘）。联系电话：052-86406276 / 184-62595124。客房配备记忆棉床垫，保证舒适睡眠。前台多语言服务，支持行李寄存。	C116
4877	悦榕度假酒店	地址：盘州解放路60号（上西铺）。联系电话：055-86809703。可手机自助入住，无接触开门。客房配备记忆棉床垫，保证舒适睡眠。部分房型可俯瞰城市天际线。提供高速 Wi‑Fi 及 24 小时热水。	C033
4878	沐兰精品酒店	地址：盘州中心路286号（上西铺）。联系电话：057-44853375。客房配备记忆棉床垫，保证舒适睡眠。设有地下停车场与充电桩。部分房型可俯瞰城市天际线。	C033
4879	璞丽国际酒店	地址：古浪县迎宾大道17号（石峡子）。联系电话：040-72758738。距车站步行 5 分钟，交通便利。客房配备记忆棉床垫，保证舒适睡眠。前台多语言服务，支持行李寄存。	C163
4880	碧桂宾馆	地址：古浪县朝阳街50号（石峡子）。联系电话：191-81918315。前台多语言服务，支持行李寄存。部分房型可俯瞰城市天际线。	C163
4881	璞丽大酒店	地址：古浪县人民大道218号（石峡子）。联系电话：182-98323820 / 032-73338720。距车站步行 5 分钟，交通便利。设有地下停车场与充电桩。	C163
4882	柏栎度假酒店	地址：沭阳县中心路227号（沭阳）。联系电话：180-12994058。设有地下停车场与充电桩。距车站步行 5 分钟，交通便利。前台多语言服务，支持行李寄存。	C100
4883	楠舍宾馆	地址：沭阳县和平路170号（沭阳）。联系电话：026-67299527。提供高速 Wi‑Fi 及 24 小时热水。距车站步行 5 分钟，交通便利。	C100
4884	沐兰大酒店	地址：东宁解放路353号（绥阳）。联系电话：155-88783841。含自助早餐，菜品丰富。前台多语言服务，支持行李寄存。可手机自助入住，无接触开门。	C207
4885	花筑酒店	地址：东宁建设路99号（绥阳）。联系电话：197-30487049。距车站步行 5 分钟，交通便利。提供高速 Wi‑Fi 及 24 小时热水。设有地下停车场与充电桩。周边 500 米内即是商场与美食街。	C207
4886	悦榕酒店	地址：东宁人民大道130号（绥阳）。联系电话：020-32348257 / 135-75522938。酒店内有健身房和洗衣房，住客免费使用。周边 500 米内即是商场与美食街。	C207
4887	星程宾馆	地址：寿阳县朝阳街97号（寿阳）。联系电话：028-89817985 / 199-94602062。酒店内有健身房和洗衣房，住客免费使用。含自助早餐，菜品丰富。	C145
4888	梅园大酒店	地址：寿阳县迎宾大道108号（寿阳）。联系电话：013-67504923 / 016-73601971。周边 500 米内即是商场与美食街。客房配备记忆棉床垫，保证舒适睡眠。	C145
4889	璞丽精品酒店	地址：寿阳县人民大道336号（寿阳）。联系电话：190-52626667。前台多语言服务，支持行李寄存。酒店内有健身房和洗衣房，住客免费使用。周边 500 米内即是商场与美食街。	C145
4890	楠舍酒店	地址：黎城县和平路336号（水洋）。联系电话：191-91414923。提供高速 Wi‑Fi 及 24 小时热水。可手机自助入住，无接触开门。	C285
4891	柏栎精品酒店	地址：黎城县迎宾大道389号（水洋）。联系电话：018-63471521。提供高速 Wi‑Fi 及 24 小时热水。前台多语言服务，支持行李寄存。部分房型可俯瞰城市天际线。	C285
4892	月光宾馆	地址：黎城县中心路84号（水洋）。联系电话：180-26166131 / 199-39891858。部分房型可俯瞰城市天际线。周边 500 米内即是商场与美食街。	C285
4893	雅致度假酒店	地址：天水建设路174号（三阳川）。联系电话：059-85831284。部分房型可俯瞰城市天际线。距车站步行 5 分钟，交通便利。可手机自助入住，无接触开门。	C081
4894	星程宾馆	地址：天水迎宾大道193号（三阳川）。联系电话：192-26271578。设有地下停车场与充电桩。含自助早餐，菜品丰富。部分房型可俯瞰城市天际线。	C081
4895	柏栎宾馆	地址：武威中心路197号（上腰墩）。联系电话：046-70228422。含自助早餐，菜品丰富。酒店内有健身房和洗衣房，住客免费使用。部分房型可俯瞰城市天际线。设有地下停车场与充电桩。	C163
4896	悦榕度假酒店	地址：武威中心路261号（上腰墩）。联系电话：185-38147416。客房配备记忆棉床垫，保证舒适睡眠。酒店内有健身房和洗衣房，住客免费使用。	C163
4897	楠舍国际酒店	地址：武威人民大道232号（上腰墩）。联系电话：023-61080565 / 137-25935750。部分房型可俯瞰城市天际线。酒店内有健身房和洗衣房，住客免费使用。前台多语言服务，支持行李寄存。客房配备记忆棉床垫，保证舒适睡眠。	C163
4898	璞丽国际酒店	地址：固原建设路218号（三营）。联系电话：199-96116394。设有地下停车场与充电桩。前台多语言服务，支持行李寄存。酒店内有健身房和洗衣房，住客免费使用。周边 500 米内即是商场与美食街。	C074
4899	悦榕度假酒店	地址：固原解放路312号（三营）。联系电话：191-94286945。距车站步行 5 分钟，交通便利。可手机自助入住，无接触开门。	C074
4900	沐兰精品酒店	地址：固原朝阳街81号（三营）。联系电话：153-27009814。含自助早餐，菜品丰富。可手机自助入住，无接触开门。	C074
4901	丽枫宾馆	地址：固原迎宾大道377号（三营）。联系电话：138-25872875。含自助早餐，菜品丰富。设有地下停车场与充电桩。部分房型可俯瞰城市天际线。	C074
4902	梅园大酒店	地址：北京中心路198号（顺义）。联系电话：015-83746366。部分房型可俯瞰城市天际线。提供高速 Wi‑Fi 及 24 小时热水。	C039
4903	云栖精品酒店	地址：北京建设路65号（顺义）。联系电话：031-83175759。距车站步行 5 分钟，交通便利。酒店内有健身房和洗衣房，住客免费使用。可手机自助入住，无接触开门。前台多语言服务，支持行李寄存。	C039
4904	楠舍精品酒店	地址：北京中心路276号（顺义）。联系电话：039-31938882。周边 500 米内即是商场与美食街。部分房型可俯瞰城市天际线。前台多语言服务，支持行李寄存。	C039
4905	枫叶国际酒店	地址：敖汉旗建设路13号（三义井）。联系电话：037-22970447 / 131-40269399。含自助早餐，菜品丰富。可手机自助入住，无接触开门。距车站步行 5 分钟，交通便利。	C253
4906	柏栎度假酒店	地址：敖汉旗人民大道173号（三义井）。联系电话：010-20610821。提供高速 Wi‑Fi 及 24 小时热水。设有地下停车场与充电桩。可手机自助入住，无接触开门。	C253
4907	柏栎精品酒店	地址：敖汉旗中心路30号（三义井）。联系电话：033-26323848。客房配备记忆棉床垫，保证舒适睡眠。提供高速 Wi‑Fi 及 24 小时热水。含自助早餐，菜品丰富。	C253
4908	梅园宾馆	地址：柳河县人民大道241号（三源浦）。联系电话：136-64863664。设有地下停车场与充电桩。提供高速 Wi‑Fi 及 24 小时热水。酒店内有健身房和洗衣房，住客免费使用。	C259
4909	丽枫度假酒店	地址：柳河县朝阳街13号（三源浦）。联系电话：013-59180262。部分房型可俯瞰城市天际线。客房配备记忆棉床垫，保证舒适睡眠。含自助早餐，菜品丰富。距车站步行 5 分钟，交通便利。	C259
4910	星程酒店	地址：柳河县解放路390号（三源浦）。联系电话：136-86101566。距车站步行 5 分钟，交通便利。前台多语言服务，支持行李寄存。客房配备记忆棉床垫，保证舒适睡眠。部分房型可俯瞰城市天际线。	C259
4911	锦江国际酒店	地址：柳河县人民大道86号（三源浦）。联系电话：016-57448031。酒店内有健身房和洗衣房，住客免费使用。部分房型可俯瞰城市天际线。前台多语言服务，支持行李寄存。设有地下停车场与充电桩。	C259
4912	璞丽宾馆	地址：绍兴建设路70号（上虞）。联系电话：183-85362725 / 044-66237431。周边 500 米内即是商场与美食街。客房配备记忆棉床垫，保证舒适睡眠。设有地下停车场与充电桩。	C224
4913	碧桂度假酒店	地址：绍兴迎宾大道240号（上虞）。联系电话：189-35337027 / 044-82518971。酒店内有健身房和洗衣房，住客免费使用。部分房型可俯瞰城市天际线。	C224
4914	星程宾馆	地址：绍兴解放路152号（上虞）。联系电话：136-14428514 / 044-48256936。酒店内有健身房和洗衣房，住客免费使用。设有地下停车场与充电桩。部分房型可俯瞰城市天际线。	C224
4915	云栖酒店	地址：绍兴和平路276号（上虞）。联系电话：014-70871756。周边 500 米内即是商场与美食街。可手机自助入住，无接触开门。设有地下停车场与充电桩。	C224
4916	悦榕精品酒店	地址：三原县人民大道353号（三原）。联系电话：053-81931399 / 197-55332297。设有地下停车场与充电桩。客房配备记忆棉床垫，保证舒适睡眠。可手机自助入住，无接触开门。含自助早餐，菜品丰富。	C064
4917	楠舍度假酒店	地址：三原县建设路146号（三原）。联系电话：055-62960533。前台多语言服务，支持行李寄存。距车站步行 5 分钟，交通便利。提供高速 Wi‑Fi 及 24 小时热水。酒店内有健身房和洗衣房，住客免费使用。	C064
4918	梅园国际酒店	地址：三原县和平路235号（三原）。联系电话：036-75295936 / 199-45290123。客房配备记忆棉床垫，保证舒适睡眠。含自助早餐，菜品丰富。部分房型可俯瞰城市天际线。距车站步行 5 分钟，交通便利。	C064
4919	柏栎酒店	地址：三原县和平路247号（三原）。联系电话：199-36349805 / 151-43330612。设有地下停车场与充电桩。提供高速 Wi‑Fi 及 24 小时热水。距车站步行 5 分钟，交通便利。可手机自助入住，无接触开门。	C064
4920	花筑大酒店	地址：北票和平路196号（上园）。联系电话：197-47516316 / 186-25295717。设有地下停车场与充电桩。前台多语言服务，支持行李寄存。	C150
4921	桔子宾馆	地址：北票建设路388号（上园）。联系电话：023-62600319。前台多语言服务，支持行李寄存。含自助早餐，菜品丰富。	C150
4922	枫叶宾馆	地址：皋兰县和平路230号（水源）。联系电话：016-48729349。酒店内有健身房和洗衣房，住客免费使用。距车站步行 5 分钟，交通便利。	C034
4923	云栖精品酒店	地址：皋兰县解放路165号（水源）。联系电话：157-19398185 / 046-76070880。客房配备记忆棉床垫，保证舒适睡眠。距车站步行 5 分钟，交通便利。	C034
4924	月光度假酒店	地址：皋兰县和平路10号（水源）。联系电话：035-53798948 / 190-95357507。含自助早餐，菜品丰富。设有地下停车场与充电桩。客房配备记忆棉床垫，保证舒适睡眠。	C034
4925	花筑宾馆	地址：榆中县迎宾大道53号（桑园子）。联系电话：196-57384477 / 051-71460843。可手机自助入住，无接触开门。前台多语言服务，支持行李寄存。提供高速 Wi‑Fi 及 24 小时热水。	C034
4926	梅园宾馆	地址：榆中县解放路78号（桑园子）。联系电话：014-53991845。含自助早餐，菜品丰富。可手机自助入住，无接触开门。	C034
4927	雅致大酒店	地址：榆中县解放路76号（桑园子）。联系电话：182-40654276 / 041-41630539。周边 500 米内即是商场与美食街。部分房型可俯瞰城市天际线。	C034
4928	楠舍国际酒店	地址：绥中县中心路339号（绥中北）。联系电话：050-76024999 / 182-15788081。含自助早餐，菜品丰富。周边 500 米内即是商场与美食街。前台多语言服务，支持行李寄存。距车站步行 5 分钟，交通便利。	C239
4929	桔子宾馆	地址：绥中县建设路6号（绥中北）。联系电话：198-69241814。含自助早餐，菜品丰富。距车站步行 5 分钟，交通便利。提供高速 Wi‑Fi 及 24 小时热水。可手机自助入住，无接触开门。	C239
4930	云栖度假酒店	地址：绥中县建设路19号（绥中北）。联系电话：036-64343251 / 040-27021735。前台多语言服务，支持行李寄存。客房配备记忆棉床垫，保证舒适睡眠。可手机自助入住，无接触开门。	C239
4931	枫叶精品酒店	地址：绥中县人民大道146号（绥中北）。联系电话：016-80124975 / 182-41221148。客房配备记忆棉床垫，保证舒适睡眠。提供高速 Wi‑Fi 及 24 小时热水。	C239
4932	锦江大酒店	地址：苏州迎宾大道123号（苏州北）。联系电话：030-45817115。含自助早餐，菜品丰富。前台多语言服务，支持行李寄存。距车站步行 5 分钟，交通便利。周边 500 米内即是商场与美食街。	C231
4933	云栖国际酒店	地址：苏州人民大道396号（苏州北）。联系电话：195-40887752 / 133-66646772。部分房型可俯瞰城市天际线。可手机自助入住，无接触开门。前台多语言服务，支持行李寄存。	C231
4934	丽枫大酒店	地址：宿州解放路354号（宿州东）。联系电话：151-39118326 / 029-72639095。设有地下停车场与充电桩。部分房型可俯瞰城市天际线。前台多语言服务，支持行李寄存。	C099
4935	枫叶度假酒店	地址：宿州建设路59号（宿州东）。联系电话：135-93527210 / 058-25565470。周边 500 米内即是商场与美食街。客房配备记忆棉床垫，保证舒适睡眠。含自助早餐，菜品丰富。	C099
4936	星程度假酒店	地址：宿州朝阳街20号（宿州东）。联系电话：137-86460338 / 134-83749618。提供高速 Wi‑Fi 及 24 小时热水。前台多语言服务，支持行李寄存。含自助早餐，菜品丰富。可手机自助入住，无接触开门。	C099
4937	璞丽大酒店	地址：宿州朝阳街100号（宿州东）。联系电话：046-60535190 / 013-64472314。客房配备记忆棉床垫，保证舒适睡眠。前台多语言服务，支持行李寄存。周边 500 米内即是商场与美食街。部分房型可俯瞰城市天际线。	C099
4938	楠舍精品酒店	地址：深圳解放路299号（深圳东）。联系电话：032-33919090。含自助早餐，菜品丰富。周边 500 米内即是商场与美食街。客房配备记忆棉床垫，保证舒适睡眠。	C190
4939	楠舍大酒店	地址：深圳和平路220号（深圳东）。联系电话：186-36273209 / 029-68851562。前台多语言服务，支持行李寄存。含自助早餐，菜品丰富。	C190
4940	悦榕度假酒店	地址：深州迎宾大道179号（深州）。联系电话：156-27481689。周边 500 米内即是商场与美食街。提供高速 Wi‑Fi 及 24 小时热水。	C241
4941	碧桂国际酒店	地址：深州迎宾大道93号（深州）。联系电话：045-28135981。客房配备记忆棉床垫，保证舒适睡眠。设有地下停车场与充电桩。含自助早餐，菜品丰富。	C241
4942	云栖酒店	地址：蒲城县解放路214号（孙镇）。联系电话：191-33008016。前台多语言服务，支持行李寄存。可手机自助入住，无接触开门。部分房型可俯瞰城市天际线。	C193
4943	丽枫精品酒店	地址：蒲城县建设路289号（孙镇）。联系电话：024-34727967。设有地下停车场与充电桩。酒店内有健身房和洗衣房，住客免费使用。	C193
4944	花筑大酒店	地址：绥中县迎宾大道292号（绥中）。联系电话：181-37056009 / 049-59586011。含自助早餐，菜品丰富。设有地下停车场与充电桩。	C239
4945	桔子国际酒店	地址：绥中县解放路271号（绥中）。联系电话：055-55015036 / 184-13789789。提供高速 Wi‑Fi 及 24 小时热水。酒店内有健身房和洗衣房，住客免费使用。客房配备记忆棉床垫，保证舒适睡眠。部分房型可俯瞰城市天际线。	C239
4946	雅致大酒店	地址：尚志迎宾大道150号（尚志）。联系电话：159-32813937。酒店内有健身房和洗衣房，住客免费使用。前台多语言服务，支持行李寄存。	C066
4947	枫叶精品酒店	地址：尚志迎宾大道199号（尚志）。联系电话：154-46961385。含自助早餐，菜品丰富。可手机自助入住，无接触开门。	C066
4948	丽枫宾馆	地址：尚志解放路113号（尚志）。联系电话：053-21517305。前台多语言服务，支持行李寄存。含自助早餐，菜品丰富。客房配备记忆棉床垫，保证舒适睡眠。	C066
4949	柏栎大酒店	地址：尚志建设路327号（尚志）。联系电话：157-75074436 / 187-68777729。酒店内有健身房和洗衣房，住客免费使用。周边 500 米内即是商场与美食街。客房配备记忆棉床垫，保证舒适睡眠。含自助早餐，菜品丰富。	C066
4950	雅致精品酒店	地址：攀枝花人民大道58号（师庄）。联系电话：043-66843129。酒店内有健身房和洗衣房，住客免费使用。部分房型可俯瞰城市天际线。周边 500 米内即是商场与美食街。	C135
4951	月光酒店	地址：攀枝花和平路79号（师庄）。联系电话：043-34092432。部分房型可俯瞰城市天际线。酒店内有健身房和洗衣房，住客免费使用。设有地下停车场与充电桩。客房配备记忆棉床垫，保证舒适睡眠。	C135
4952	花筑酒店	地址：攀枝花朝阳街214号（师庄）。联系电话：138-31753083 / 026-24518904。前台多语言服务，支持行李寄存。设有地下停车场与充电桩。部分房型可俯瞰城市天际线。可手机自助入住，无接触开门。	C135
4953	柏栎宾馆	地址：松滋建设路101号（松滋）。联系电话：185-75814500。含自助早餐，菜品丰富。前台多语言服务，支持行李寄存。可手机自助入住，无接触开门。周边 500 米内即是商场与美食街。	C233
4954	星程大酒店	地址：松滋人民大道121号（松滋）。联系电话：020-29378664。周边 500 米内即是商场与美食街。提供高速 Wi‑Fi 及 24 小时热水。可手机自助入住，无接触开门。	C233
4955	梅园国际酒店	地址：师宗县中心路261号（师宗）。联系电话：047-77240889 / 154-28565947。部分房型可俯瞰城市天际线。客房配备记忆棉床垫，保证舒适睡眠。	C148
4956	悦榕酒店	地址：师宗县迎宾大道105号（师宗）。联系电话：197-31748095 / 180-91372144。距车站步行 5 分钟，交通便利。部分房型可俯瞰城市天际线。提供高速 Wi‑Fi 及 24 小时热水。酒店内有健身房和洗衣房，住客免费使用。	C148
4957	碧桂精品酒店	地址：苏州建设路245号（苏州园区）。联系电话：150-22549780 / 180-36011328。客房配备记忆棉床垫，保证舒适睡眠。前台多语言服务，支持行李寄存。周边 500 米内即是商场与美食街。	C231
4958	璞丽国际酒店	地址：苏州人民大道77号（苏州园区）。联系电话：186-56358436。部分房型可俯瞰城市天际线。含自助早餐，菜品丰富。前台多语言服务，支持行李寄存。	C231
4959	丽枫酒店	地址：苏州和平路37号（苏州园区）。联系电话：154-89142678。设有地下停车场与充电桩。距车站步行 5 分钟，交通便利。客房配备记忆棉床垫，保证舒适睡眠。	C231
4960	梅园精品酒店	地址：苏州迎宾大道121号（苏州新区）。联系电话：033-65133273 / 019-75995762。部分房型可俯瞰城市天际线。周边 500 米内即是商场与美食街。酒店内有健身房和洗衣房，住客免费使用。设有地下停车场与充电桩。	C231
4961	雅致大酒店	地址：苏州人民大道121号（苏州新区）。联系电话：032-69335943 / 015-62282791。距车站步行 5 分钟，交通便利。前台多语言服务，支持行李寄存。含自助早餐，菜品丰富。	C231
4962	悦榕大酒店	地址：苏州建设路338号（苏州新区）。联系电话：153-57821425 / 045-67261711。距车站步行 5 分钟，交通便利。提供高速 Wi‑Fi 及 24 小时热水。前台多语言服务，支持行李寄存。	C231
4963	锦江大酒店	地址：苏州朝阳街120号（苏州新区）。联系电话：016-44168805。含自助早餐，菜品丰富。部分房型可俯瞰城市天际线。可手机自助入住，无接触开门。客房配备记忆棉床垫，保证舒适睡眠。	C231
4964	璞丽度假酒店	地址：泰安迎宾大道72号（泰安）。联系电话：190-42893335 / 138-62729755。提供高速 Wi‑Fi 及 24 小时热水。可手机自助入住，无接触开门。含自助早餐，菜品丰富。设有地下停车场与充电桩。	C177
4965	梅园宾馆	地址：泰安人民大道126号（泰安）。联系电话：040-79480847 / 053-77303676。可手机自助入住，无接触开门。设有地下停车场与充电桩。含自助早餐，菜品丰富。酒店内有健身房和洗衣房，住客免费使用。	C177
4966	梅园国际酒店	地址：泰安和平路336号（泰安）。联系电话：039-71511922。含自助早餐，菜品丰富。部分房型可俯瞰城市天际线。酒店内有健身房和洗衣房，住客免费使用。前台多语言服务，支持行李寄存。	C177
4967	柏栎国际酒店	地址：台安县解放路59号（台安）。联系电话：046-70109574。距车站步行 5 分钟，交通便利。酒店内有健身房和洗衣房，住客免费使用。客房配备记忆棉床垫，保证舒适睡眠。设有地下停车场与充电桩。	C298
4968	丽枫精品酒店	地址：台安县朝阳街20号（台安）。联系电话：197-53173373。部分房型可俯瞰城市天际线。提供高速 Wi‑Fi 及 24 小时热水。前台多语言服务，支持行李寄存。客房配备记忆棉床垫，保证舒适睡眠。	C298
4969	柏栎宾馆	地址：台安县建设路7号（台安）。联系电话：019-37375370 / 134-20195284。提供高速 Wi‑Fi 及 24 小时热水。酒店内有健身房和洗衣房，住客免费使用。周边 500 米内即是商场与美食街。设有地下停车场与充电桩。	C298
4970	锦江精品酒店	地址：台安县解放路333号（台安）。联系电话：017-40438748 / 053-65173701。设有地下停车场与充电桩。酒店内有健身房和洗衣房，住客免费使用。客房配备记忆棉床垫，保证舒适睡眠。前台多语言服务，支持行李寄存。	C298
4971	雅致国际酒店	地址：陇西县建设路31号（通安驿）。联系电话：159-19263738 / 135-74591548。酒店内有健身房和洗衣房，住客免费使用。部分房型可俯瞰城市天际线。提供高速 Wi‑Fi 及 24 小时热水。周边 500 米内即是商场与美食街。	C093
4972	锦江精品酒店	地址：陇西县解放路107号（通安驿）。联系电话：184-23652710 / 131-62761065。提供高速 Wi‑Fi 及 24 小时热水。部分房型可俯瞰城市天际线。可手机自助入住，无接触开门。	C093
4973	桔子国际酒店	地址：桐柏县人民大道277号（桐柏）。联系电话：130-68297074。前台多语言服务，支持行李寄存。含自助早餐，菜品丰富。	C048
4974	枫叶度假酒店	地址：桐柏县朝阳街282号（桐柏）。联系电话：033-75561290 / 035-53107610。可手机自助入住，无接触开门。设有地下停车场与充电桩。距车站步行 5 分钟，交通便利。	C048
4975	悦榕大酒店	地址：桐柏县建设路305号（桐柏）。联系电话：182-62940977。提供高速 Wi‑Fi 及 24 小时热水。前台多语言服务，支持行李寄存。	C048
4976	云栖酒店	地址：桐柏县解放路383号（桐柏）。联系电话：189-52815124。周边 500 米内即是商场与美食街。酒店内有健身房和洗衣房，住客免费使用。	C048
4977	桔子大酒店	地址：北安人民大道103号（通北）。联系电话：153-88863012 / 048-41653880。提供高速 Wi‑Fi 及 24 小时热水。含自助早餐，菜品丰富。客房配备记忆棉床垫，保证舒适睡眠。	C310
4978	柏栎宾馆	地址：北安迎宾大道187号（通北）。联系电话：014-21756786 / 198-49042942。部分房型可俯瞰城市天际线。前台多语言服务，支持行李寄存。	C310
4979	枫叶精品酒店	地址：桐城解放路146号（桐城）。联系电话：131-79609261。酒店内有健身房和洗衣房，住客免费使用。设有地下停车场与充电桩。	C089
4980	月光大酒店	地址：桐城解放路294号（桐城）。联系电话：188-30160186。部分房型可俯瞰城市天际线。含自助早餐，菜品丰富。距车站步行 5 分钟，交通便利。可手机自助入住，无接触开门。	C089
4981	碧桂度假酒店	地址：桐城和平路398号（桐城）。联系电话：015-41155105。可手机自助入住，无接触开门。距车站步行 5 分钟，交通便利。酒店内有健身房和洗衣房，住客免费使用。	C089
4982	楠舍酒店	地址：泰来县人民大道293号（汤池）。联系电话：130-64643692 / 013-69824201。周边 500 米内即是商场与美食街。前台多语言服务，支持行李寄存。提供高速 Wi‑Fi 及 24 小时热水。可手机自助入住，无接触开门。	C314
4983	锦江国际酒店	地址：泰来县中心路37号（汤池）。联系电话：011-23659906 / 011-27833070。含自助早餐，菜品丰富。设有地下停车场与充电桩。	C314
4984	云栖酒店	地址：郯城县迎宾大道353号（郯城）。联系电话：043-32940805。设有地下停车场与充电桩。前台多语言服务，支持行李寄存。周边 500 米内即是商场与美食街。	C012
4985	桔子大酒店	地址：郯城县中心路270号（郯城）。联系电话：188-59072868 / 056-83663866。酒店内有健身房和洗衣房，住客免费使用。可手机自助入住，无接触开门。提供高速 Wi‑Fi 及 24 小时热水。	C012
4986	丽枫精品酒店	地址：郯城县迎宾大道255号（郯城）。联系电话：139-85762554。前台多语言服务，支持行李寄存。设有地下停车场与充电桩。含自助早餐，菜品丰富。	C012
4987	柏栎精品酒店	地址：郯城县朝阳街376号（郯城）。联系电话：181-55328945。可手机自助入住，无接触开门。含自助早餐，菜品丰富。客房配备记忆棉床垫，保证舒适睡眠。前台多语言服务，支持行李寄存。	C012
4988	楠舍酒店	地址：通化迎宾大道40号（铁厂）。联系电话：019-71347264。客房配备记忆棉床垫，保证舒适睡眠。提供高速 Wi‑Fi 及 24 小时热水。酒店内有健身房和洗衣房，住客免费使用。可手机自助入住，无接触开门。	C259
4989	沐兰酒店	地址：通化建设路11号（铁厂）。联系电话：188-74133673 / 151-53116926。提供高速 Wi‑Fi 及 24 小时热水。距车站步行 5 分钟，交通便利。前台多语言服务，支持行李寄存。周边 500 米内即是商场与美食街。	C259
4990	月光大酒店	地址：通化人民大道9号（铁厂）。联系电话：054-71274604。提供高速 Wi‑Fi 及 24 小时热水。酒店内有健身房和洗衣房，住客免费使用。	C259
4991	桔子酒店	地址：栖霞解放路376号（桃村）。联系电话：131-82116915。客房配备记忆棉床垫，保证舒适睡眠。酒店内有健身房和洗衣房，住客免费使用。前台多语言服务，支持行李寄存。	C205
4992	桔子大酒店	地址：栖霞中心路71号（桃村）。联系电话：039-73845488 / 185-85705116。前台多语言服务，支持行李寄存。设有地下停车场与充电桩。	C205
4993	梅园国际酒店	地址：栖霞人民大道242号（桃村）。联系电话：048-50133005。可手机自助入住，无接触开门。酒店内有健身房和洗衣房，住客免费使用。含自助早餐，菜品丰富。	C205
4994	枫叶酒店	地址：栖霞朝阳街120号（桃村）。联系电话：047-41218698 / 023-63282906。酒店内有健身房和洗衣房，住客免费使用。周边 500 米内即是商场与美食街。设有地下停车场与充电桩。前台多语言服务，支持行李寄存。	C205
4995	梅园精品酒店	地址：怀化中心路50号（通道）。联系电话：019-64431700 / 052-82846416。客房配备记忆棉床垫，保证舒适睡眠。部分房型可俯瞰城市天际线。含自助早餐，菜品丰富。距车站步行 5 分钟，交通便利。	C125
4996	云栖度假酒店	地址：怀化中心路335号（通道）。联系电话：042-55258175 / 198-60676458。可手机自助入住，无接触开门。前台多语言服务，支持行李寄存。距车站步行 5 分钟，交通便利。酒店内有健身房和洗衣房，住客免费使用。	C125
4997	悦榕酒店	地址：怀化中心路24号（通道）。联系电话：151-30656530 / 034-88154665。客房配备记忆棉床垫，保证舒适睡眠。含自助早餐，菜品丰富。可手机自助入住，无接触开门。	C125
4998	雅致宾馆	地址：百色人民大道279号（田东）。联系电话：158-73209212 / 025-52608688。周边 500 米内即是商场与美食街。客房配备记忆棉床垫，保证舒适睡眠。距车站步行 5 分钟，交通便利。提供高速 Wi‑Fi 及 24 小时热水。	C214
4999	悦榕精品酒店	地址：百色朝阳街37号（田东）。联系电话：157-50323097 / 194-62611910。提供高速 Wi‑Fi 及 24 小时热水。设有地下停车场与充电桩。	C214
5000	悦榕宾馆	地址：百色建设路309号（田东）。联系电话：031-78577509。可手机自助入住，无接触开门。前台多语言服务，支持行李寄存。	C214
5001	丽枫酒店	地址：百色人民大道73号（田东）。联系电话：022-28409616。距车站步行 5 分钟，交通便利。周边 500 米内即是商场与美食街。酒店内有健身房和洗衣房，住客免费使用。	C214
5002	雅致国际酒店	地址：蛟河迎宾大道271号（天岗）。联系电话：135-79220581 / 044-69255482。提供高速 Wi‑Fi 及 24 小时热水。客房配备记忆棉床垫，保证舒适睡眠。酒店内有健身房和洗衣房，住客免费使用。	C055
5003	璞丽精品酒店	地址：蛟河人民大道77号（天岗）。联系电话：184-37817295。设有地下停车场与充电桩。距车站步行 5 分钟，交通便利。客房配备记忆棉床垫，保证舒适睡眠。	C055
5004	璞丽宾馆	地址：蛟河朝阳街352号（天岗）。联系电话：153-37231876 / 190-94064329。设有地下停车场与充电桩。提供高速 Wi‑Fi 及 24 小时热水。客房配备记忆棉床垫，保证舒适睡眠。	C055
5005	柏栎精品酒店	地址：察哈尔右翼前旗迎宾大道218号（土贵乌拉）。联系电话：133-64868606。前台多语言服务，支持行李寄存。可手机自助入住，无接触开门。酒店内有健身房和洗衣房，住客免费使用。	C016
5006	柏曼宾馆	地址：察哈尔右翼前旗朝阳街384号（土贵乌拉）。联系电话：180-41120001。可手机自助入住，无接触开门。部分房型可俯瞰城市天际线。	C016
5007	柏曼精品酒店	地址：察哈尔右翼前旗朝阳街259号（土贵乌拉）。联系电话：028-36069156 / 155-31662730。设有地下停车场与充电桩。酒店内有健身房和洗衣房，住客免费使用。可手机自助入住，无接触开门。前台多语言服务，支持行李寄存。	C016
5008	月光国际酒店	地址：察哈尔右翼前旗建设路61号（土贵乌拉）。联系电话：052-34387360 / 188-72395374。前台多语言服务，支持行李寄存。部分房型可俯瞰城市天际线。含自助早餐，菜品丰富。客房配备记忆棉床垫，保证舒适睡眠。	C016
5009	碧桂酒店	地址：柳河县朝阳街250号（通沟）。联系电话：180-35873642。部分房型可俯瞰城市天际线。距车站步行 5 分钟，交通便利。含自助早餐，菜品丰富。酒店内有健身房和洗衣房，住客免费使用。	C259
5010	锦江酒店	地址：柳河县和平路122号（通沟）。联系电话：135-95930291 / 059-56531335。酒店内有健身房和洗衣房，住客免费使用。周边 500 米内即是商场与美食街。设有地下停车场与充电桩。提供高速 Wi‑Fi 及 24 小时热水。	C259
5011	悦榕宾馆	地址：柳河县中心路363号（通沟）。联系电话：151-13130884 / 196-95822912。可手机自助入住，无接触开门。距车站步行 5 分钟，交通便利。	C259
5012	桔子国际酒店	地址：柳河县中心路161号（通沟）。联系电话：032-40619023 / 021-70108892。提供高速 Wi‑Fi 及 24 小时热水。含自助早餐，菜品丰富。设有地下停车场与充电桩。可手机自助入住，无接触开门。	C259
5013	悦榕宾馆	地址：太谷县和平路261号（太谷）。联系电话：185-97864759 / 052-81216580。部分房型可俯瞰城市天际线。提供高速 Wi‑Fi 及 24 小时热水。酒店内有健身房和洗衣房，住客免费使用。周边 500 米内即是商场与美食街。	C145
5014	月光国际酒店	地址：太谷县中心路292号（太谷）。联系电话：028-31609388。客房配备记忆棉床垫，保证舒适睡眠。含自助早餐，菜品丰富。距车站步行 5 分钟，交通便利。周边 500 米内即是商场与美食街。	C145
5015	星程宾馆	地址：太谷县迎宾大道336号（太谷）。联系电话：052-20234900。含自助早餐，菜品丰富。距车站步行 5 分钟，交通便利。	C145
5016	花筑度假酒店	地址：太谷县解放路15号（太谷）。联系电话：180-25686621。可手机自助入住，无接触开门。周边 500 米内即是商场与美食街。设有地下停车场与充电桩。客房配备记忆棉床垫，保证舒适睡眠。	C145
5017	丽枫国际酒店	地址：富裕县朝阳街201号（塔哈）。联系电话：194-14939860。设有地下停车场与充电桩。可手机自助入住，无接触开门。客房配备记忆棉床垫，保证舒适睡眠。前台多语言服务，支持行李寄存。	C314
5018	云栖宾馆	地址：富裕县人民大道123号（塔哈）。联系电话：192-24536912。客房配备记忆棉床垫，保证舒适睡眠。部分房型可俯瞰城市天际线。提供高速 Wi‑Fi 及 24 小时热水。	C314
5019	锦江酒店	地址：富裕县迎宾大道194号（塔哈）。联系电话：022-70420899。含自助早餐，菜品丰富。距车站步行 5 分钟，交通便利。酒店内有健身房和洗衣房，住客免费使用。	C314
5020	枫叶酒店	地址：禄丰县和平路38号（棠海）。联系电话：051-48570564。含自助早餐，菜品丰富。周边 500 米内即是商场与美食街。距车站步行 5 分钟，交通便利。	C161
5021	云栖精品酒店	地址：禄丰县中心路234号（棠海）。联系电话：047-89058779。设有地下停车场与充电桩。客房配备记忆棉床垫，保证舒适睡眠。	C161
5022	桔子度假酒店	地址：禄丰县中心路83号（棠海）。联系电话：196-59310084。含自助早餐，菜品丰富。周边 500 米内即是商场与美食街。距车站步行 5 分钟，交通便利。酒店内有健身房和洗衣房，住客免费使用。	C161
5023	星程度假酒店	地址：唐河县和平路198号（唐河）。联系电话：011-24421204。前台多语言服务，支持行李寄存。含自助早餐，菜品丰富。设有地下停车场与充电桩。	C048
5024	梅园国际酒店	地址：唐河县和平路226号（唐河）。联系电话：183-67740110 / 186-34724378。客房配备记忆棉床垫，保证舒适睡眠。提供高速 Wi‑Fi 及 24 小时热水。部分房型可俯瞰城市天际线。可手机自助入住，无接触开门。	C048
5025	雅致精品酒店	地址：唐河县迎宾大道128号（唐河）。联系电话：027-32257517。设有地下停车场与充电桩。客房配备记忆棉床垫，保证舒适睡眠。含自助早餐，菜品丰富。	C048
5026	丽枫度假酒店	地址：泰和县人民大道375号（泰和）。联系电话：138-65802106 / 181-52300106。距车站步行 5 分钟，交通便利。客房配备记忆棉床垫，保证舒适睡眠。设有地下停车场与充电桩。可手机自助入住，无接触开门。	C054
5027	丽枫国际酒店	地址：泰和县解放路244号（泰和）。联系电话：135-63896547 / 190-96117817。部分房型可俯瞰城市天际线。酒店内有健身房和洗衣房，住客免费使用。	C054
5028	悦榕酒店	地址：泰和县朝阳街33号（泰和）。联系电话：029-86762728。提供高速 Wi‑Fi 及 24 小时热水。前台多语言服务，支持行李寄存。部分房型可俯瞰城市天际线。	C054
5029	星程国际酒店	地址：太湖县解放路265号（太湖）。联系电话：130-39518865。周边 500 米内即是商场与美食街。部分房型可俯瞰城市天际线。前台多语言服务，支持行李寄存。距车站步行 5 分钟，交通便利。	C089
5030	锦江国际酒店	地址：太湖县中心路164号（太湖）。联系电话：048-45096915 / 038-31137644。客房配备记忆棉床垫，保证舒适睡眠。距车站步行 5 分钟，交通便利。含自助早餐，菜品丰富。设有地下停车场与充电桩。	C089
5031	星程度假酒店	地址：讷河朝阳街271号（团结）。联系电话：184-53022453。客房配备记忆棉床垫，保证舒适睡眠。酒店内有健身房和洗衣房，住客免费使用。前台多语言服务，支持行李寄存。部分房型可俯瞰城市天际线。	C314
5032	锦江国际酒店	地址：讷河建设路206号（团结）。联系电话：035-23196306。前台多语言服务，支持行李寄存。距车站步行 5 分钟，交通便利。部分房型可俯瞰城市天际线。酒店内有健身房和洗衣房，住客免费使用。	C314
5033	枫叶国际酒店	地址：讷河迎宾大道67号（团结）。联系电话：184-23708359。前台多语言服务，支持行李寄存。部分房型可俯瞰城市天际线。	C314
5034	桔子精品酒店	地址：古浪县人民大道163号（谭家井）。联系电话：029-35105026。客房配备记忆棉床垫，保证舒适睡眠。距车站步行 5 分钟，交通便利。酒店内有健身房和洗衣房，住客免费使用。设有地下停车场与充电桩。	C163
5035	柏曼大酒店	地址：古浪县朝阳街371号（谭家井）。联系电话：025-63902028 / 159-43866314。客房配备记忆棉床垫，保证舒适睡眠。周边 500 米内即是商场与美食街。提供高速 Wi‑Fi 及 24 小时热水。含自助早餐，菜品丰富。	C163
5036	桔子精品酒店	地址：古浪县人民大道83号（谭家井）。联系电话：031-42801618。部分房型可俯瞰城市天际线。周边 500 米内即是商场与美食街。前台多语言服务，支持行李寄存。	C163
5037	锦江国际酒店	地址：公主岭建设路149号（陶家屯）。联系电话：151-72634504 / 056-60813947。前台多语言服务，支持行李寄存。含自助早餐，菜品丰富。	C283
5038	沐兰酒店	地址：公主岭建设路222号（陶家屯）。联系电话：196-76272774。客房配备记忆棉床垫，保证舒适睡眠。提供高速 Wi‑Fi 及 24 小时热水。	C283
5039	碧桂精品酒店	地址：珠海解放路232号（唐家湾）。联系电话：195-11299290。设有地下停车场与充电桩。距车站步行 5 分钟，交通便利。部分房型可俯瞰城市天际线。	C210
5040	璞丽大酒店	地址：珠海迎宾大道352号（唐家湾）。联系电话：014-83087962。周边 500 米内即是商场与美食街。前台多语言服务，支持行李寄存。客房配备记忆棉床垫，保证舒适睡眠。	C210
5041	月光酒店	地址：珠海和平路12号（唐家湾）。联系电话：155-30732610 / 156-66826127。客房配备记忆棉床垫，保证舒适睡眠。周边 500 米内即是商场与美食街。距车站步行 5 分钟，交通便利。	C210
5042	楠舍大酒店	地址：珠海和平路310号（唐家湾）。联系电话：195-71647789 / 034-56267844。周边 500 米内即是商场与美食街。含自助早餐，菜品丰富。提供高速 Wi‑Fi 及 24 小时热水。酒店内有健身房和洗衣房，住客免费使用。	C210
5043	锦江酒店	地址：北京朝阳街268号（统军庄）。联系电话：018-65321541。酒店内有健身房和洗衣房，住客免费使用。距车站步行 5 分钟，交通便利。前台多语言服务，支持行李寄存。提供高速 Wi‑Fi 及 24 小时热水。	C039
5044	锦江大酒店	地址：北京中心路381号（统军庄）。联系电话：019-61812085。周边 500 米内即是商场与美食街。前台多语言服务，支持行李寄存。客房配备记忆棉床垫，保证舒适睡眠。	C039
5045	花筑宾馆	地址：北京建设路235号（统军庄）。联系电话：048-33505150 / 190-63942616。酒店内有健身房和洗衣房，住客免费使用。含自助早餐，菜品丰富。设有地下停车场与充电桩。提供高速 Wi‑Fi 及 24 小时热水。	C039
5046	月光酒店	地址：北京解放路171号（统军庄）。联系电话：012-84422757 / 056-47542547。提供高速 Wi‑Fi 及 24 小时热水。含自助早餐，菜品丰富。客房配备记忆棉床垫，保证舒适睡眠。周边 500 米内即是商场与美食街。	C039
5047	雅致大酒店	地址：科尔沁右翼中旗和平路242号（吐列毛杜）。联系电话：057-59285546。提供高速 Wi‑Fi 及 24 小时热水。距车站步行 5 分钟，交通便利。含自助早餐，菜品丰富。酒店内有健身房和洗衣房，住客免费使用。	C035
5048	柏曼酒店	地址：科尔沁右翼中旗建设路166号（吐列毛杜）。联系电话：159-25019782 / 045-66753234。提供高速 Wi‑Fi 及 24 小时热水。前台多语言服务，支持行李寄存。设有地下停车场与充电桩。	C035
5049	锦江宾馆	地址：科尔沁右翼中旗迎宾大道240号（吐列毛杜）。联系电话：180-14932212 / 154-13070284。周边 500 米内即是商场与美食街。可手机自助入住，无接触开门。提供高速 Wi‑Fi 及 24 小时热水。部分房型可俯瞰城市天际线。	C035
5050	沐兰国际酒店	地址：科尔沁右翼中旗中心路143号（吐列毛杜）。联系电话：185-56895264 / 049-62297180。酒店内有健身房和洗衣房，住客免费使用。部分房型可俯瞰城市天际线。设有地下停车场与充电桩。距车站步行 5 分钟，交通便利。	C035
5051	花筑国际酒店	地址：牙克石人民大道231号（图里河）。联系电话：181-64456715 / 046-41186533。可手机自助入住，无接触开门。距车站步行 5 分钟，交通便利。	C060
5052	枫叶宾馆	地址：牙克石和平路62号（图里河）。联系电话：045-55351189。可手机自助入住，无接触开门。提供高速 Wi‑Fi 及 24 小时热水。	C060
5053	桔子度假酒店	地址：牙克石朝阳街51号（图里河）。联系电话：157-81827628 / 188-76687837。前台多语言服务，支持行李寄存。设有地下停车场与充电桩。	C060
5054	星程精品酒店	地址：铜陵朝阳街383号（铜陵）。联系电话：043-67322659。客房配备记忆棉床垫，保证舒适睡眠。酒店内有健身房和洗衣房，住客免费使用。	C278
5055	沐兰度假酒店	地址：铜陵解放路154号（铜陵）。联系电话：199-80035029 / 189-91255067。周边 500 米内即是商场与美食街。提供高速 Wi‑Fi 及 24 小时热水。设有地下停车场与充电桩。距车站步行 5 分钟，交通便利。	C278
5056	沐兰国际酒店	地址：田林县解放路49号（田林）。联系电话：135-44825956 / 157-48887043。酒店内有健身房和洗衣房，住客免费使用。设有地下停车场与充电桩。	C214
5057	柏曼大酒店	地址：田林县解放路140号（田林）。联系电话：029-54419744。可手机自助入住，无接触开门。距车站步行 5 分钟，交通便利。	C214
5058	柏曼大酒店	地址：田林县中心路151号（田林）。联系电话：059-81289374。距车站步行 5 分钟，交通便利。周边 500 米内即是商场与美食街。前台多语言服务，支持行李寄存。	C214
5059	星程酒店	地址：宁明县和平路337号（亭亮）。联系电话：058-22583913。距车站步行 5 分钟，交通便利。设有地下停车场与充电桩。酒店内有健身房和洗衣房，住客免费使用。可手机自助入住，无接触开门。	C102
5060	碧桂大酒店	地址：宁明县建设路356号（亭亮）。联系电话：034-48825691 / 134-69597782。距车站步行 5 分钟，交通便利。提供高速 Wi‑Fi 及 24 小时热水。周边 500 米内即是商场与美食街。设有地下停车场与充电桩。	C102
5061	锦江大酒店	地址：宁明县和平路126号（亭亮）。联系电话：155-33192024。周边 500 米内即是商场与美食街。客房配备记忆棉床垫，保证舒适睡眠。酒店内有健身房和洗衣房，住客免费使用。含自助早餐，菜品丰富。	C102
5062	沐兰酒店	地址：铁力迎宾大道21号（铁力）。联系电话：192-82563418。可手机自助入住，无接触开门。设有地下停车场与充电桩。周边 500 米内即是商场与美食街。	C023
5063	花筑宾馆	地址：铁力人民大道389号（铁力）。联系电话：014-73870720。提供高速 Wi‑Fi 及 24 小时热水。部分房型可俯瞰城市天际线。客房配备记忆棉床垫，保证舒适睡眠。周边 500 米内即是商场与美食街。	C023
5064	锦江度假酒店	地址：铁力人民大道7号（铁力）。联系电话：050-75365330 / 195-25687614。酒店内有健身房和洗衣房，住客免费使用。周边 500 米内即是商场与美食街。距车站步行 5 分钟，交通便利。设有地下停车场与充电桩。	C023
5065	楠舍国际酒店	地址：铁岭县解放路166号（铁岭西）。联系电话：138-55923595 / 194-83062757。客房配备记忆棉床垫，保证舒适睡眠。部分房型可俯瞰城市天际线。提供高速 Wi‑Fi 及 24 小时热水。设有地下停车场与充电桩。	C276
5066	沐兰宾馆	地址：铁岭县解放路379号（铁岭西）。联系电话：193-59432242。前台多语言服务，支持行李寄存。可手机自助入住，无接触开门。	C276
5067	璞丽国际酒店	地址：铁岭县迎宾大道72号（铁岭西）。联系电话：196-25339143。客房配备记忆棉床垫，保证舒适睡眠。酒店内有健身房和洗衣房，住客免费使用。提供高速 Wi‑Fi 及 24 小时热水。	C276
5068	花筑度假酒店	地址：铁岭县中心路263号（铁岭西）。联系电话：054-86418825 / 132-92469026。含自助早餐，菜品丰富。提供高速 Wi‑Fi 及 24 小时热水。距车站步行 5 分钟，交通便利。周边 500 米内即是商场与美食街。	C276
5069	星程国际酒店	地址：图们中心路68号（图们北）。联系电话：139-33907093。客房配备记忆棉床垫，保证舒适睡眠。前台多语言服务，支持行李寄存。部分房型可俯瞰城市天际线。	C116
5070	楠舍酒店	地址：图们人民大道393号（图们北）。联系电话：156-27467901 / 195-11645310。含自助早餐，菜品丰富。距车站步行 5 分钟，交通便利。提供高速 Wi‑Fi 及 24 小时热水。前台多语言服务，支持行李寄存。	C116
5071	柏栎宾馆	地址：图们人民大道165号（图们北）。联系电话：156-18984338 / 028-25951450。客房配备记忆棉床垫，保证舒适睡眠。含自助早餐，菜品丰富。	C116
5072	柏曼度假酒店	地址：图们人民大道171号（图们北）。联系电话：159-75963114 / 017-70961306。可手机自助入住，无接触开门。部分房型可俯瞰城市天际线。客房配备记忆棉床垫，保证舒适睡眠。	C116
5073	雅致精品酒店	地址：天门人民大道96号（天门）。联系电话：021-38707458。距车站步行 5 分钟，交通便利。设有地下停车场与充电桩。部分房型可俯瞰城市天际线。酒店内有健身房和洗衣房，住客免费使用。	C320
5074	云栖精品酒店	地址：天门朝阳街330号（天门）。联系电话：131-31422894。设有地下停车场与充电桩。部分房型可俯瞰城市天际线。含自助早餐，菜品丰富。	C320
5075	柏栎精品酒店	地址：天门中心路58号（天门）。联系电话：185-89549449。部分房型可俯瞰城市天际线。周边 500 米内即是商场与美食街。含自助早餐，菜品丰富。酒店内有健身房和洗衣房，住客免费使用。	C320
5076	锦江精品酒店	地址：天门中心路219号（天门）。联系电话：154-86548594。前台多语言服务，支持行李寄存。客房配备记忆棉床垫，保证舒适睡眠。设有地下停车场与充电桩。周边 500 米内即是商场与美食街。	C320
5077	锦江度假酒店	地址：天门朝阳街351号（天门南）。联系电话：033-40034648 / 189-96278600。酒店内有健身房和洗衣房，住客免费使用。含自助早餐，菜品丰富。提供高速 Wi‑Fi 及 24 小时热水。	C320
5078	悦榕国际酒店	地址：天门人民大道293号（天门南）。联系电话：047-33750459 / 031-82782566。提供高速 Wi‑Fi 及 24 小时热水。含自助早餐，菜品丰富。	C320
5079	云栖度假酒店	地址：天门建设路6号（天门南）。联系电话：193-70267030。可手机自助入住，无接触开门。部分房型可俯瞰城市天际线。周边 500 米内即是商场与美食街。	C320
5080	璞丽大酒店	地址：福鼎迎宾大道15号（太姥山）。联系电话：036-47841965 / 159-48567271。设有地下停车场与充电桩。部分房型可俯瞰城市天际线。	C087
5081	桔子精品酒店	地址：福鼎中心路69号（太姥山）。联系电话：194-76280536 / 021-58658920。酒店内有健身房和洗衣房，住客免费使用。可手机自助入住，无接触开门。	C087
5082	璞丽酒店	地址：福鼎建设路72号（太姥山）。联系电话：159-50715566 / 055-58481794。部分房型可俯瞰城市天际线。提供高速 Wi‑Fi 及 24 小时热水。周边 500 米内即是商场与美食街。	C087
5083	月光大酒店	地址：福鼎解放路14号（太姥山）。联系电话：185-73908998。前台多语言服务，支持行李寄存。提供高速 Wi‑Fi 及 24 小时热水。客房配备记忆棉床垫，保证舒适睡眠。含自助早餐，菜品丰富。	C087
5084	悦榕度假酒店	地址：察哈尔右翼后旗朝阳街249号（土牧尔台）。联系电话：195-23117793。可手机自助入住，无接触开门。提供高速 Wi‑Fi 及 24 小时热水。	C016
5085	梅园国际酒店	地址：察哈尔右翼后旗建设路85号（土牧尔台）。联系电话：043-77416648 / 057-75361648。可手机自助入住，无接触开门。前台多语言服务，支持行李寄存。设有地下停车场与充电桩。	C016
5086	柏曼国际酒店	地址：察哈尔右翼后旗中心路176号（土牧尔台）。联系电话：015-42283141 / 155-23782870。设有地下停车场与充电桩。可手机自助入住，无接触开门。前台多语言服务，支持行李寄存。	C016
5087	楠舍国际酒店	地址：古浪县迎宾大道145号（土门子）。联系电话：135-29078301。可手机自助入住，无接触开门。客房配备记忆棉床垫，保证舒适睡眠。酒店内有健身房和洗衣房，住客免费使用。	C163
5088	沐兰大酒店	地址：古浪县朝阳街41号（土门子）。联系电话：024-34708530。前台多语言服务，支持行李寄存。距车站步行 5 分钟，交通便利。酒店内有健身房和洗衣房，住客免费使用。部分房型可俯瞰城市天际线。	C163
5089	璞丽大酒店	地址：古浪县和平路46号（土门子）。联系电话：131-65731854 / 040-67876848。周边 500 米内即是商场与美食街。前台多语言服务，支持行李寄存。设有地下停车场与充电桩。距车站步行 5 分钟，交通便利。	C163
5090	丽枫度假酒店	地址：洮南建设路157号（洮南）。联系电话：154-22142375。部分房型可俯瞰城市天际线。含自助早餐，菜品丰富。	C211
5091	楠舍宾馆	地址：洮南解放路60号（洮南）。联系电话：025-69335867。可手机自助入住，无接触开门。酒店内有健身房和洗衣房，住客免费使用。设有地下停车场与充电桩。	C211
5092	枫叶精品酒店	地址：洮南中心路193号（洮南）。联系电话：154-42114289 / 057-66647324。提供高速 Wi‑Fi 及 24 小时热水。酒店内有健身房和洗衣房，住客免费使用。	C211
5093	柏曼精品酒店	地址：洮南迎宾大道93号（洮南）。联系电话：131-27007686。客房配备记忆棉床垫，保证舒适睡眠。提供高速 Wi‑Fi 及 24 小时热水。	C211
5094	沐兰酒店	地址：重庆中心路262号（潼南）。联系电话：136-23376228 / 042-76403004。部分房型可俯瞰城市天际线。含自助早餐，菜品丰富。设有地下停车场与充电桩。	C272
5095	云栖国际酒店	地址：重庆建设路398号（潼南）。联系电话：040-33348598 / 137-17145877。可手机自助入住，无接触开门。设有地下停车场与充电桩。	C272
5096	楠舍国际酒店	地址：重庆解放路357号（潼南）。联系电话：158-84256828 / 187-29892110。酒店内有健身房和洗衣房，住客免费使用。前台多语言服务，支持行李寄存。客房配备记忆棉床垫，保证舒适睡眠。可手机自助入住，无接触开门。	C272
5097	雅致国际酒店	地址：扶余建设路273号（太平川）。联系电话：137-54127392。提供高速 Wi‑Fi 及 24 小时热水。距车站步行 5 分钟，交通便利。	C154
5098	柏栎酒店	地址：扶余中心路186号（太平川）。联系电话：032-73970731。酒店内有健身房和洗衣房，住客免费使用。客房配备记忆棉床垫，保证舒适睡眠。	C154
5099	星程精品酒店	地址：扶余人民大道321号（太平川）。联系电话：021-35830704 / 010-27886226。距车站步行 5 分钟，交通便利。设有地下停车场与充电桩。周边 500 米内即是商场与美食街。	C154
5100	星程精品酒店	地址：扶余迎宾大道58号（太平川）。联系电话：029-31882940 / 138-91667381。含自助早餐，菜品丰富。酒店内有健身房和洗衣房，住客免费使用。	C154
5101	沐兰度假酒店	地址：集贤县中心路50号（太平镇）。联系电话：014-22690287 / 059-73597540。提供高速 Wi‑Fi 及 24 小时热水。周边 500 米内即是商场与美食街。	C051
5102	枫叶大酒店	地址：集贤县建设路338号（太平镇）。联系电话：158-72229728。酒店内有健身房和洗衣房，住客免费使用。设有地下停车场与充电桩。	C051
5103	楠舍精品酒店	地址：漠河县建设路75号（图强）。联系电话：157-46955988 / 018-65480844。含自助早餐，菜品丰富。酒店内有健身房和洗衣房，住客免费使用。	C076
5104	月光国际酒店	地址：漠河县迎宾大道144号（图强）。联系电话：037-62088714 / 047-69338688。提供高速 Wi‑Fi 及 24 小时热水。酒店内有健身房和洗衣房，住客免费使用。设有地下停车场与充电桩。前台多语言服务，支持行李寄存。	C076
5105	丽枫精品酒店	地址：台前县解放路324号（台前）。联系电话：026-89122919 / 014-56941873。可手机自助入住，无接触开门。距车站步行 5 分钟，交通便利。	C204
5106	云栖度假酒店	地址：台前县迎宾大道224号（台前）。联系电话：132-26456304。客房配备记忆棉床垫，保证舒适睡眠。周边 500 米内即是商场与美食街。	C204
5107	柏曼宾馆	地址：汪清县迎宾大道61号（天桥岭）。联系电话：192-35026089。酒店内有健身房和洗衣房，住客免费使用。距车站步行 5 分钟，交通便利。含自助早餐，菜品丰富。	C116
5108	梅园精品酒店	地址：汪清县解放路316号（天桥岭）。联系电话：187-87955710。提供高速 Wi‑Fi 及 24 小时热水。客房配备记忆棉床垫，保证舒适睡眠。	C116
5109	沐兰酒店	地址：海原县和平路236号（土桥子）。联系电话：040-61294497。前台多语言服务，支持行李寄存。提供高速 Wi‑Fi 及 24 小时热水。酒店内有健身房和洗衣房，住客免费使用。	C009
5110	璞丽度假酒店	地址：海原县迎宾大道44号（土桥子）。联系电话：138-64123762。前台多语言服务，支持行李寄存。周边 500 米内即是商场与美食街。部分房型可俯瞰城市天际线。设有地下停车场与充电桩。	C009
5111	沐兰酒店	地址：海原县朝阳街289号（土桥子）。联系电话：159-95773621 / 053-59334012。设有地下停车场与充电桩。客房配备记忆棉床垫，保证舒适睡眠。酒店内有健身房和洗衣房，住客免费使用。含自助早餐，菜品丰富。	C009
5112	柏栎宾馆	地址：丹东朝阳街28号（汤山城）。联系电话：055-69259714 / 186-63216112。酒店内有健身房和洗衣房，住客免费使用。部分房型可俯瞰城市天际线。客房配备记忆棉床垫，保证舒适睡眠。距车站步行 5 分钟，交通便利。	C013
5113	桔子大酒店	地址：丹东和平路43号（汤山城）。联系电话：188-95672743 / 051-88502863。提供高速 Wi‑Fi 及 24 小时热水。酒店内有健身房和洗衣房，住客免费使用。距车站步行 5 分钟，交通便利。	C013
5114	楠舍度假酒店	地址：台山建设路318号（台山）。联系电话：034-28771219。部分房型可俯瞰城市天际线。周边 500 米内即是商场与美食街。提供高速 Wi‑Fi 及 24 小时热水。设有地下停车场与充电桩。	C170
5115	楠舍精品酒店	地址：台山中心路229号（台山）。联系电话：017-68183189 / 022-20430965。前台多语言服务，支持行李寄存。提供高速 Wi‑Fi 及 24 小时热水。客房配备记忆棉床垫，保证舒适睡眠。	C170
5116	枫叶酒店	地址：台山解放路393号（台山）。联系电话：048-34147740。设有地下停车场与充电桩。酒店内有健身房和洗衣房，住客免费使用。距车站步行 5 分钟，交通便利。前台多语言服务，支持行李寄存。	C170
5117	锦江国际酒店	地址：铁力建设路177号（桃山）。联系电话：188-80320188。部分房型可俯瞰城市天际线。提供高速 Wi‑Fi 及 24 小时热水。周边 500 米内即是商场与美食街。	C023
5118	锦江精品酒店	地址：铁力建设路164号（桃山）。联系电话：030-33415865。设有地下停车场与充电桩。可手机自助入住，无接触开门。	C023
5119	雅致酒店	地址：铁力建设路396号（桃山）。联系电话：137-30516685 / 198-89481401。提供高速 Wi‑Fi 及 24 小时热水。含自助早餐，菜品丰富。	C023
5120	柏栎精品酒店	地址：禄丰县朝阳街50号（塔石嘴）。联系电话：194-48984431。周边 500 米内即是商场与美食街。距车站步行 5 分钟，交通便利。可手机自助入住，无接触开门。	C161
5121	沐兰度假酒店	地址：禄丰县解放路292号（塔石嘴）。联系电话：158-48989754 / 151-93952301。提供高速 Wi‑Fi 及 24 小时热水。客房配备记忆棉床垫，保证舒适睡眠。周边 500 米内即是商场与美食街。设有地下停车场与充电桩。	C161
5122	月光度假酒店	地址：禄丰县中心路262号（塔石嘴）。联系电话：186-75217048。前台多语言服务，支持行李寄存。距车站步行 5 分钟，交通便利。客房配备记忆棉床垫，保证舒适睡眠。酒店内有健身房和洗衣房，住客免费使用。	C161
5123	柏栎宾馆	地址：禄丰县迎宾大道322号（塔石嘴）。联系电话：159-62456674。提供高速 Wi‑Fi 及 24 小时热水。含自助早餐，菜品丰富。客房配备记忆棉床垫，保证舒适睡眠。周边 500 米内即是商场与美食街。	C161
5124	悦榕大酒店	地址：前郭尔罗斯蒙古族自治县解放路118号（通途）。联系电话：018-53136171 / 048-39158469。提供高速 Wi‑Fi 及 24 小时热水。酒店内有健身房和洗衣房，住客免费使用。可手机自助入住，无接触开门。	C154
5125	楠舍大酒店	地址：前郭尔罗斯蒙古族自治县和平路214号（通途）。联系电话：037-36405638。酒店内有健身房和洗衣房，住客免费使用。周边 500 米内即是商场与美食街。提供高速 Wi‑Fi 及 24 小时热水。	C154
5126	枫叶大酒店	地址：伊春建设路149号（汤旺河）。联系电话：130-11776578。含自助早餐，菜品丰富。前台多语言服务，支持行李寄存。	C023
5127	楠舍度假酒店	地址：伊春迎宾大道206号（汤旺河）。联系电话：024-39689229。提供高速 Wi‑Fi 及 24 小时热水。含自助早餐，菜品丰富。可手机自助入住，无接触开门。	C023
5128	桔子国际酒店	地址：同心县和平路342号（同心）。联系电话：039-70699162。周边 500 米内即是商场与美食街。可手机自助入住，无接触开门。	C058
5129	碧桂精品酒店	地址：同心县和平路187号（同心）。联系电话：054-41741114 / 130-85844230。距车站步行 5 分钟，交通便利。设有地下停车场与充电桩。周边 500 米内即是商场与美食街。	C058
5130	枫叶宾馆	地址：渠县建设路383号（土溪）。联系电话：025-52101911。前台多语言服务，支持行李寄存。设有地下停车场与充电桩。周边 500 米内即是商场与美食街。	C256
5131	花筑宾馆	地址：渠县解放路365号（土溪）。联系电话：016-59204977。酒店内有健身房和洗衣房，住客免费使用。部分房型可俯瞰城市天际线。设有地下停车场与充电桩。周边 500 米内即是商场与美食街。	C256
5132	悦榕酒店	地址：渠县建设路39号（土溪）。联系电话：057-50287962。设有地下停车场与充电桩。部分房型可俯瞰城市天际线。含自助早餐，菜品丰富。周边 500 米内即是商场与美食街。	C256
5133	璞丽国际酒店	地址：渠县朝阳街58号（土溪）。联系电话：048-45327819 / 158-26364394。客房配备记忆棉床垫，保证舒适睡眠。提供高速 Wi‑Fi 及 24 小时热水。	C256
5134	丽枫国际酒店	地址：嘉兴建设路399号（桐乡）。联系电话：150-53321958。提供高速 Wi‑Fi 及 24 小时热水。距车站步行 5 分钟，交通便利。前台多语言服务，支持行李寄存。客房配备记忆棉床垫，保证舒适睡眠。	C071
5135	云栖宾馆	地址：嘉兴解放路291号（桐乡）。联系电话：040-57942216。酒店内有健身房和洗衣房，住客免费使用。设有地下停车场与充电桩。含自助早餐，菜品丰富。前台多语言服务，支持行李寄存。	C071
5136	桔子酒店	地址：嘉兴人民大道149号（桐乡）。联系电话：139-23678581 / 035-34699968。前台多语言服务，支持行李寄存。提供高速 Wi‑Fi 及 24 小时热水。酒店内有健身房和洗衣房，住客免费使用。	C071
5137	梅园精品酒店	地址：嘉兴朝阳街178号（桐乡）。联系电话：131-30484221。酒店内有健身房和洗衣房，住客免费使用。设有地下停车场与充电桩。前台多语言服务，支持行李寄存。含自助早餐，菜品丰富。	C071
5138	锦江宾馆	地址：田阳县解放路76号（田阳）。联系电话：026-32633996。距车站步行 5 分钟，交通便利。周边 500 米内即是商场与美食街。可手机自助入住，无接触开门。	C214
5139	雅致国际酒店	地址：田阳县解放路139号（田阳）。联系电话：191-56345946。提供高速 Wi‑Fi 及 24 小时热水。设有地下停车场与充电桩。	C214
5140	花筑酒店	地址：田阳县和平路87号（田阳）。联系电话：191-19679726。酒店内有健身房和洗衣房，住客免费使用。含自助早餐，菜品丰富。周边 500 米内即是商场与美食街。	C214
5141	悦榕大酒店	地址：宁城县建设路116号（天义）。联系电话：186-55820998。设有地下停车场与充电桩。酒店内有健身房和洗衣房，住客免费使用。	C253
5142	悦榕宾馆	地址：宁城县中心路171号（天义）。联系电话：034-24289103 / 130-29964426。距车站步行 5 分钟，交通便利。设有地下停车场与充电桩。含自助早餐，菜品丰富。周边 500 米内即是商场与美食街。	C253
5143	柏曼大酒店	地址：汤阴县中心路256号（汤阴）。联系电话：010-75843894 / 195-49183283。提供高速 Wi‑Fi 及 24 小时热水。部分房型可俯瞰城市天际线。客房配备记忆棉床垫，保证舒适睡眠。可手机自助入住，无接触开门。	C091
5144	柏曼宾馆	地址：汤阴县和平路320号（汤阴）。联系电话：186-95896928 / 199-46135048。部分房型可俯瞰城市天际线。前台多语言服务，支持行李寄存。	C091
5145	锦江国际酒店	地址：汤阴县解放路61号（汤阴）。联系电话：194-26348117 / 017-82467849。提供高速 Wi‑Fi 及 24 小时热水。周边 500 米内即是商场与美食街。酒店内有健身房和洗衣房，住客免费使用。客房配备记忆棉床垫，保证舒适睡眠。	C091
5146	悦榕宾馆	地址：汤阴县解放路30号（汤阴）。联系电话：197-38011596。提供高速 Wi‑Fi 及 24 小时热水。设有地下停车场与充电桩。部分房型可俯瞰城市天际线。酒店内有健身房和洗衣房，住客免费使用。	C091
5147	丽枫酒店	地址：柳河县建设路85号（驼腰岭）。联系电话：037-37889970 / 053-29619461。距车站步行 5 分钟，交通便利。前台多语言服务，支持行李寄存。含自助早餐，菜品丰富。客房配备记忆棉床垫，保证舒适睡眠。	C259
5148	锦江度假酒店	地址：柳河县和平路89号（驼腰岭）。联系电话：199-61868467。含自助早餐，菜品丰富。设有地下停车场与充电桩。客房配备记忆棉床垫，保证舒适睡眠。部分房型可俯瞰城市天际线。	C259
5149	柏曼酒店	地址：柳河县建设路392号（驼腰岭）。联系电话：159-61752202。距车站步行 5 分钟，交通便利。设有地下停车场与充电桩。	C259
5150	星程大酒店	地址：吴忠解放路367号（太阳山）。联系电话：041-40020688 / 185-55553642。部分房型可俯瞰城市天际线。可手机自助入住，无接触开门。周边 500 米内即是商场与美食街。前台多语言服务，支持行李寄存。	C058
5151	月光宾馆	地址：吴忠迎宾大道97号（太阳山）。联系电话：037-45635007 / 134-61816995。可手机自助入住，无接触开门。前台多语言服务，支持行李寄存。设有地下停车场与充电桩。	C058
5152	沐兰酒店	地址：吴忠解放路352号（太阳山）。联系电话：026-22788549。前台多语言服务，支持行李寄存。酒店内有健身房和洗衣房，住客免费使用。	C058
5153	柏曼大酒店	地址：通榆县迎宾大道221号（通榆）。联系电话：130-35640736。含自助早餐，菜品丰富。提供高速 Wi‑Fi 及 24 小时热水。	C211
5154	柏栎度假酒店	地址：通榆县中心路387号（通榆）。联系电话：031-59178229。前台多语言服务，支持行李寄存。含自助早餐，菜品丰富。	C211
5155	柏曼酒店	地址：汤原县人民大道11号（汤原）。联系电话：191-64630520 / 012-28707644。前台多语言服务，支持行李寄存。酒店内有健身房和洗衣房，住客免费使用。客房配备记忆棉床垫，保证舒适睡眠。	C026
5156	璞丽大酒店	地址：汤原县解放路198号（汤原）。联系电话：137-80580895。含自助早餐，菜品丰富。距车站步行 5 分钟，交通便利。	C026
5157	梅园宾馆	地址：汤原县迎宾大道103号（汤原）。联系电话：031-75357921。前台多语言服务，支持行李寄存。含自助早餐，菜品丰富。	C026
5158	碧桂大酒店	地址：汤原县中心路283号（汤原）。联系电话：033-27143815。提供高速 Wi‑Fi 及 24 小时热水。可手机自助入住，无接触开门。部分房型可俯瞰城市天际线。含自助早餐，菜品丰富。	C026
5159	柏栎度假酒店	地址：涞源县和平路376号（塔崖驿）。联系电话：021-45906953。周边 500 米内即是商场与美食街。前台多语言服务，支持行李寄存。	C027
5160	丽枫精品酒店	地址：涞源县建设路19号（塔崖驿）。联系电话：054-89588357。可手机自助入住，无接触开门。含自助早餐，菜品丰富。	C027
5161	璞丽大酒店	地址：滕州和平路209号（滕州东）。联系电话：134-56913874 / 190-61650574。设有地下停车场与充电桩。距车站步行 5 分钟，交通便利。	C155
5162	星程酒店	地址：滕州中心路17号（滕州东）。联系电话：026-85313166 / 152-64444041。含自助早餐，菜品丰富。距车站步行 5 分钟，交通便利。客房配备记忆棉床垫，保证舒适睡眠。	C155
5163	碧桂宾馆	地址：滕州朝阳街31号（滕州东）。联系电话：183-34687314 / 159-76093252。周边 500 米内即是商场与美食街。距车站步行 5 分钟，交通便利。	C155
5164	柏曼酒店	地址：滕州解放路252号（滕州东）。联系电话：135-54863098 / 036-21103596。前台多语言服务，支持行李寄存。客房配备记忆棉床垫，保证舒适睡眠。	C155
5165	雅致大酒店	地址：台州迎宾大道168号（台州）。联系电话：185-91961912。含自助早餐，菜品丰富。前台多语言服务，支持行李寄存。可手机自助入住，无接触开门。部分房型可俯瞰城市天际线。	C052
5166	楠舍度假酒店	地址：台州迎宾大道136号（台州）。联系电话：057-41061390。设有地下停车场与充电桩。酒店内有健身房和洗衣房，住客免费使用。	C052
5167	星程大酒店	地址：天祝藏族自治县人民大道140号（天祝）。联系电话：199-96821479 / 130-46300360。客房配备记忆棉床垫，保证舒适睡眠。酒店内有健身房和洗衣房，住客免费使用。可手机自助入住，无接触开门。	C163
5168	云栖宾馆	地址：天祝藏族自治县人民大道230号（天祝）。联系电话：041-77372100。设有地下停车场与充电桩。距车站步行 5 分钟，交通便利。	C163
5169	星程国际酒店	地址：天祝藏族自治县朝阳街305号（天祝）。联系电话：058-40657672 / 150-98733133。提供高速 Wi‑Fi 及 24 小时热水。设有地下停车场与充电桩。	C163
5170	丽枫国际酒店	地址：滕州建设路84号（滕州）。联系电话：035-53881247 / 136-52302824。周边 500 米内即是商场与美食街。可手机自助入住，无接触开门。	C155
5171	花筑大酒店	地址：滕州朝阳街31号（滕州）。联系电话：030-22033765 / 021-46613951。可手机自助入住，无接触开门。提供高速 Wi‑Fi 及 24 小时热水。含自助早餐，菜品丰富。部分房型可俯瞰城市天际线。	C155
5172	柏栎大酒店	地址：滕州朝阳街238号（滕州）。联系电话：154-14734834 / 192-11163060。提供高速 Wi‑Fi 及 24 小时热水。设有地下停车场与充电桩。可手机自助入住，无接触开门。周边 500 米内即是商场与美食街。	C155
5173	碧桂酒店	地址：滕州建设路33号（滕州）。联系电话：030-75570041 / 154-35764607。距车站步行 5 分钟，交通便利。客房配备记忆棉床垫，保证舒适睡眠。	C155
5174	锦江国际酒店	地址：天镇县朝阳街43号（天镇）。联系电话：154-67115046 / 151-14848390。距车站步行 5 分钟，交通便利。含自助早餐，菜品丰富。	C077
5175	花筑酒店	地址：天镇县朝阳街302号（天镇）。联系电话：158-40821658 / 012-84588344。酒店内有健身房和洗衣房，住客免费使用。部分房型可俯瞰城市天际线。含自助早餐，菜品丰富。前台多语言服务，支持行李寄存。	C077
5176	柏曼度假酒店	地址：盐边县人民大道73号（桐子林）。联系电话：182-31357082。提供高速 Wi‑Fi 及 24 小时热水。酒店内有健身房和洗衣房，住客免费使用。客房配备记忆棉床垫，保证舒适睡眠。部分房型可俯瞰城市天际线。	C135
5177	星程精品酒店	地址：盐边县和平路347号（桐子林）。联系电话：151-43210272。提供高速 Wi‑Fi 及 24 小时热水。酒店内有健身房和洗衣房，住客免费使用。客房配备记忆棉床垫，保证舒适睡眠。部分房型可俯瞰城市天际线。	C135
5178	丽枫度假酒店	地址：盐边县人民大道381号（桐子林）。联系电话：154-13150511 / 043-75706476。酒店内有健身房和洗衣房，住客免费使用。前台多语言服务，支持行李寄存。周边 500 米内即是商场与美食街。可手机自助入住，无接触开门。	C135
5179	枫叶精品酒店	地址：盐边县中心路132号（桐子林）。联系电话：155-55922822。周边 500 米内即是商场与美食街。客房配备记忆棉床垫，保证舒适睡眠。距车站步行 5 分钟，交通便利。前台多语言服务，支持行李寄存。	C135
5180	楠舍国际酒店	地址：潜山县解放路151号（天柱山）。联系电话：195-52228235。周边 500 米内即是商场与美食街。距车站步行 5 分钟，交通便利。前台多语言服务，支持行李寄存。含自助早餐，菜品丰富。	C089
5181	枫叶酒店	地址：潜山县中心路254号（天柱山）。联系电话：189-17626264 / 052-52694538。周边 500 米内即是商场与美食街。客房配备记忆棉床垫，保证舒适睡眠。可手机自助入住，无接触开门。	C089
5182	柏栎大酒店	地址：潜山县解放路213号（天柱山）。联系电话：132-25544286。可手机自助入住，无接触开门。部分房型可俯瞰城市天际线。	C089
5183	璞丽度假酒店	地址：文安县解放路46号（文安）。联系电话：138-29154926。含自助早餐，菜品丰富。设有地下停车场与充电桩。部分房型可俯瞰城市天际线。	C114
5184	桔子酒店	地址：文安县中心路355号（文安）。联系电话：153-97093067 / 042-36161157。酒店内有健身房和洗衣房，住客免费使用。设有地下停车场与充电桩。	C114
5185	星程精品酒店	地址：文安县和平路273号（文安）。联系电话：039-56012419 / 036-84119977。含自助早餐，菜品丰富。酒店内有健身房和洗衣房，住客免费使用。	C114
5186	璞丽度假酒店	地址：武安建设路199号（武安）。联系电话：011-86851215。可手机自助入住，无接触开门。部分房型可俯瞰城市天际线。前台多语言服务，支持行李寄存。	C265
5187	花筑酒店	地址：武安人民大道132号（武安）。联系电话：134-49024412。可手机自助入住，无接触开门。距车站步行 5 分钟，交通便利。客房配备记忆棉床垫，保证舒适睡眠。	C265
5188	楠舍酒店	地址：涞源县中心路40号（王安镇）。联系电话：057-79224022。客房配备记忆棉床垫，保证舒适睡眠。酒店内有健身房和洗衣房，住客免费使用。	C027
5189	云栖大酒店	地址：涞源县和平路162号（王安镇）。联系电话：185-39604292。含自助早餐，菜品丰富。客房配备记忆棉床垫，保证舒适睡眠。部分房型可俯瞰城市天际线。	C027
5190	悦榕酒店	地址：涞源县和平路253号（王安镇）。联系电话：027-88059785。前台多语言服务，支持行李寄存。含自助早餐，菜品丰富。距车站步行 5 分钟，交通便利。	C027
5191	花筑酒店	地址：涞源县人民大道56号（王安镇）。联系电话：153-70517280 / 042-51547147。可手机自助入住，无接触开门。提供高速 Wi‑Fi 及 24 小时热水。	C027
5192	碧桂国际酒店	地址：吴堡县朝阳街61号（吴堡）。联系电话：154-90159356。含自助早餐，菜品丰富。部分房型可俯瞰城市天际线。	C162
5193	沐兰度假酒店	地址：吴堡县迎宾大道77号（吴堡）。联系电话：031-87875378 / 137-67053941。酒店内有健身房和洗衣房，住客免费使用。客房配备记忆棉床垫，保证舒适睡眠。前台多语言服务，支持行李寄存。距车站步行 5 分钟，交通便利。	C162
5194	柏栎国际酒店	地址：吴堡县朝阳街200号（吴堡）。联系电话：151-28489712。可手机自助入住，无接触开门。酒店内有健身房和洗衣房，住客免费使用。含自助早餐，菜品丰富。提供高速 Wi‑Fi 及 24 小时热水。	C162
5195	锦江精品酒店	地址：吴堡县朝阳街321号（吴堡）。联系电话：180-71458601。设有地下停车场与充电桩。距车站步行 5 分钟，交通便利。提供高速 Wi‑Fi 及 24 小时热水。	C162
5196	碧桂大酒店	地址：广元建设路33号（旺苍）。联系电话：030-35369496 / 132-87351982。酒店内有健身房和洗衣房，住客免费使用。客房配备记忆棉床垫，保证舒适睡眠。部分房型可俯瞰城市天际线。	C110
5197	枫叶酒店	地址：广元建设路188号（旺苍）。联系电话：139-89848084 / 134-82550378。含自助早餐，菜品丰富。客房配备记忆棉床垫，保证舒适睡眠。	C110
5198	星程国际酒店	地址：广元和平路7号（旺苍）。联系电话：155-87964020。可手机自助入住，无接触开门。提供高速 Wi‑Fi 及 24 小时热水。距车站步行 5 分钟，交通便利。设有地下停车场与充电桩。	C110
5199	枫叶精品酒店	地址：阿尔山人民大道290号（五叉沟）。联系电话：136-50816800 / 040-85296105。酒店内有健身房和洗衣房，住客免费使用。部分房型可俯瞰城市天际线。	C035
5200	碧桂大酒店	地址：阿尔山中心路191号（五叉沟）。联系电话：157-60197965 / 139-35720878。距车站步行 5 分钟，交通便利。含自助早餐，菜品丰富。部分房型可俯瞰城市天际线。提供高速 Wi‑Fi 及 24 小时热水。	C035
5201	花筑酒店	地址：阿尔山人民大道248号（五叉沟）。联系电话：026-56980067 / 199-95346739。距车站步行 5 分钟，交通便利。前台多语言服务，支持行李寄存。酒店内有健身房和洗衣房，住客免费使用。	C035
5202	柏曼宾馆	地址：文昌中心路170号（文昌）。联系电话：190-78785587 / 014-52916345。距车站步行 5 分钟，交通便利。客房配备记忆棉床垫，保证舒适睡眠。	C319
5203	碧桂大酒店	地址：文昌人民大道290号（文昌）。联系电话：194-40132142 / 193-66969578。部分房型可俯瞰城市天际线。前台多语言服务，支持行李寄存。客房配备记忆棉床垫，保证舒适睡眠。	C319
5204	星程国际酒店	地址：文昌迎宾大道312号（文昌）。联系电话：136-88653837 / 152-21312900。设有地下停车场与充电桩。酒店内有健身房和洗衣房，住客免费使用。客房配备记忆棉床垫，保证舒适睡眠。	C319
5205	柏栎大酒店	地址：牡丹江迎宾大道58号（温春）。联系电话：193-94466837 / 187-28065301。酒店内有健身房和洗衣房，住客免费使用。部分房型可俯瞰城市天际线。	C207
5206	柏曼国际酒店	地址：牡丹江朝阳街162号（温春）。联系电话：053-82137961。设有地下停车场与充电桩。客房配备记忆棉床垫，保证舒适睡眠。	C207
5207	楠舍酒店	地址：牡丹江建设路207号（温春）。联系电话：156-88062257。部分房型可俯瞰城市天际线。可手机自助入住，无接触开门。客房配备记忆棉床垫，保证舒适睡眠。周边 500 米内即是商场与美食街。	C207
5208	梅园酒店	地址：五大连池中心路347号（五大连池）。联系电话：138-93922745。设有地下停车场与充电桩。客房配备记忆棉床垫，保证舒适睡眠。可手机自助入住，无接触开门。	C310
5209	星程大酒店	地址：五大连池中心路40号（五大连池）。联系电话：198-61823158 / 054-70872415。可手机自助入住，无接触开门。距车站步行 5 分钟，交通便利。	C310
5210	云栖精品酒店	地址：五大连池和平路139号（五大连池）。联系电话：018-45562373。部分房型可俯瞰城市天际线。设有地下停车场与充电桩。含自助早餐，菜品丰富。客房配备记忆棉床垫，保证舒适睡眠。	C310
5211	悦榕度假酒店	地址：威海人民大道164号（文登）。联系电话：020-20752553 / 030-53223684。部分房型可俯瞰城市天际线。含自助早餐，菜品丰富。	C084
5212	锦江度假酒店	地址：威海中心路229号（文登）。联系电话：182-73952491。酒店内有健身房和洗衣房，住客免费使用。提供高速 Wi‑Fi 及 24 小时热水。前台多语言服务，支持行李寄存。	C084
5213	云栖宾馆	地址：柳河县朝阳街362号（五道沟）。联系电话：138-93786241。可手机自助入住，无接触开门。部分房型可俯瞰城市天际线。提供高速 Wi‑Fi 及 24 小时热水。酒店内有健身房和洗衣房，住客免费使用。	C259
5214	锦江酒店	地址：柳河县朝阳街267号（五道沟）。联系电话：059-22823340 / 012-44074448。客房配备记忆棉床垫，保证舒适睡眠。前台多语言服务，支持行李寄存。	C259
5215	碧桂度假酒店	地址：柳河县中心路141号（五道沟）。联系电话：019-54067510 / 196-41124353。前台多语言服务，支持行李寄存。可手机自助入住，无接触开门。酒店内有健身房和洗衣房，住客免费使用。	C259
5216	楠舍宾馆	地址：滦平县中心路388号（五道河）。联系电话：135-48248774 / 010-21674350。客房配备记忆棉床垫，保证舒适睡眠。含自助早餐，菜品丰富。设有地下停车场与充电桩。	C130
5217	璞丽宾馆	地址：滦平县迎宾大道62号（五道河）。联系电话：030-65197156 / 028-81951475。酒店内有健身房和洗衣房，住客免费使用。提供高速 Wi‑Fi 及 24 小时热水。前台多语言服务，支持行李寄存。距车站步行 5 分钟，交通便利。	C130
5218	璞丽精品酒店	地址：博白县朝阳街40号（文地）。联系电话：052-63340283。周边 500 米内即是商场与美食街。设有地下停车场与充电桩。前台多语言服务，支持行李寄存。	C208
5219	柏曼精品酒店	地址：博白县迎宾大道260号（文地）。联系电话：155-82220272。客房配备记忆棉床垫，保证舒适睡眠。周边 500 米内即是商场与美食街。酒店内有健身房和洗衣房，住客免费使用。设有地下停车场与充电桩。	C208
5220	锦江国际酒店	地址：博白县朝阳街177号（文地）。联系电话：020-68598492 / 159-72960971。客房配备记忆棉床垫，保证舒适睡眠。含自助早餐，菜品丰富。设有地下停车场与充电桩。	C208
5221	花筑大酒店	地址：科尔沁右翼前旗人民大道350号（卫东）。联系电话：035-60133603 / 195-46674282。部分房型可俯瞰城市天际线。距车站步行 5 分钟，交通便利。	C035
5222	丽枫度假酒店	地址：科尔沁右翼前旗解放路372号（卫东）。联系电话：133-50964507 / 134-32280479。距车站步行 5 分钟，交通便利。部分房型可俯瞰城市天际线。	C035
5223	枫叶度假酒店	地址：丹江口朝阳街169号（武当山）。联系电话：196-31200217 / 058-77428627。客房配备记忆棉床垫，保证舒适睡眠。提供高速 Wi‑Fi 及 24 小时热水。可手机自助入住，无接触开门。	C041
5224	楠舍宾馆	地址：丹江口人民大道13号（武当山）。联系电话：058-65667019 / 133-35336213。可手机自助入住，无接触开门。部分房型可俯瞰城市天际线。	C041
5225	云栖国际酒店	地址：丹江口和平路258号（武当山）。联系电话：018-21950844 / 058-48688761。客房配备记忆棉床垫，保证舒适睡眠。前台多语言服务，支持行李寄存。含自助早餐，菜品丰富。可手机自助入住，无接触开门。	C041
5226	碧桂国际酒店	地址：望都县解放路388号（望都）。联系电话：152-87408081 / 031-21682752。含自助早餐，菜品丰富。部分房型可俯瞰城市天际线。可手机自助入住，无接触开门。	C027
5227	丽枫酒店	地址：望都县解放路310号（望都）。联系电话：054-79786088 / 020-37000845。周边 500 米内即是商场与美食街。含自助早餐，菜品丰富。前台多语言服务，支持行李寄存。部分房型可俯瞰城市天际线。	C027
5228	雅致度假酒店	地址：望都县人民大道344号（望都）。联系电话：053-36306264 / 054-42419718。含自助早餐，菜品丰富。设有地下停车场与充电桩。提供高速 Wi‑Fi 及 24 小时热水。酒店内有健身房和洗衣房，住客免费使用。	C027
5229	梅园精品酒店	地址：望都县朝阳街341号（望都）。联系电话：012-51023658 / 018-63961784。设有地下停车场与充电桩。酒店内有健身房和洗衣房，住客免费使用。含自助早餐，菜品丰富。	C027
5230	碧桂酒店	地址：牙克石和平路204号（乌尔旗汗）。联系电话：058-22836479。设有地下停车场与充电桩。周边 500 米内即是商场与美食街。客房配备记忆棉床垫，保证舒适睡眠。提供高速 Wi‑Fi 及 24 小时热水。	C060
5231	星程宾馆	地址：牙克石建设路160号（乌尔旗汗）。联系电话：157-36442274 / 193-86935478。客房配备记忆棉床垫，保证舒适睡眠。设有地下停车场与充电桩。距车站步行 5 分钟，交通便利。	C060
5232	枫叶精品酒店	地址：牙克石人民大道290号（乌尔旗汗）。联系电话：041-43643627。前台多语言服务，支持行李寄存。部分房型可俯瞰城市天际线。距车站步行 5 分钟，交通便利。	C060
5233	丽枫精品酒店	地址：牙克石建设路256号（乌尔旗汗）。联系电话：191-95027635。前台多语言服务，支持行李寄存。周边 500 米内即是商场与美食街。距车站步行 5 分钟，交通便利。	C060
5234	梅园精品酒店	地址：潍坊和平路190号（潍坊）。联系电话：059-31896064 / 017-57089411。客房配备记忆棉床垫，保证舒适睡眠。部分房型可俯瞰城市天际线。前台多语言服务，支持行李寄存。	C202
5235	柏曼酒店	地址：潍坊朝阳街162号（潍坊）。联系电话：037-73745725 / 195-29530452。客房配备记忆棉床垫，保证舒适睡眠。前台多语言服务，支持行李寄存。部分房型可俯瞰城市天际线。	C202
5236	碧桂宾馆	地址：潍坊建设路304号（潍坊）。联系电话：199-60620033。距车站步行 5 分钟，交通便利。周边 500 米内即是商场与美食街。可手机自助入住，无接触开门。	C202
5237	锦江宾馆	地址：潍坊解放路216号（潍坊）。联系电话：019-65303456 / 152-18122956。可手机自助入住，无接触开门。距车站步行 5 分钟，交通便利。周边 500 米内即是商场与美食街。	C202
5238	悦榕精品酒店	地址：绥化中心路392号（万发屯）。联系电话：190-78943440 / 052-70345210。可手机自助入住，无接触开门。设有地下停车场与充电桩。距车站步行 5 分钟，交通便利。	C225
5239	枫叶精品酒店	地址：绥化解放路111号（万发屯）。联系电话：138-11023347。客房配备记忆棉床垫，保证舒适睡眠。含自助早餐，菜品丰富。	C225
5240	锦江度假酒店	地址：绥化人民大道332号（万发屯）。联系电话：154-51750977 / 138-58035555。可手机自助入住，无接触开门。提供高速 Wi‑Fi 及 24 小时热水。周边 500 米内即是商场与美食街。	C225
5241	丽枫宾馆	地址：绥化建设路140号（万发屯）。联系电话：033-83346013 / 042-43090500。提供高速 Wi‑Fi 及 24 小时热水。部分房型可俯瞰城市天际线。	C225
5242	花筑大酒店	地址：扶余朝阳街255号（王府）。联系电话：184-60994753。含自助早餐，菜品丰富。周边 500 米内即是商场与美食街。设有地下停车场与充电桩。	C154
5243	雅致大酒店	地址：扶余迎宾大道351号（王府）。联系电话：194-68877413 / 184-98819627。可手机自助入住，无接触开门。周边 500 米内即是商场与美食街。	C154
5244	雅致度假酒店	地址：扶余中心路57号（王府）。联系电话：133-83864614 / 180-79913202。周边 500 米内即是商场与美食街。部分房型可俯瞰城市天际线。	C154
5245	花筑宾馆	地址：瓦房店建设路386号（瓦房店西）。联系电话：181-96832629 / 039-61895260。前台多语言服务，支持行李寄存。距车站步行 5 分钟，交通便利。酒店内有健身房和洗衣房，住客免费使用。客房配备记忆棉床垫，保证舒适睡眠。	C080
5246	悦榕国际酒店	地址：瓦房店建设路366号（瓦房店西）。联系电话：010-75549490 / 032-47109435。设有地下停车场与充电桩。提供高速 Wi‑Fi 及 24 小时热水。前台多语言服务，支持行李寄存。酒店内有健身房和洗衣房，住客免费使用。	C080
5247	柏栎酒店	地址：瓦房店人民大道58号（瓦房店西）。联系电话：185-30855175 / 137-48909324。距车站步行 5 分钟，交通便利。可手机自助入住，无接触开门。周边 500 米内即是商场与美食街。	C080
5248	桔子国际酒店	地址：瓦房店人民大道267号（瓦房店西）。联系电话：016-56340257。周边 500 米内即是商场与美食街。可手机自助入住，无接触开门。酒店内有健身房和洗衣房，住客免费使用。客房配备记忆棉床垫，保证舒适睡眠。	C080
5249	星程精品酒店	地址：哈尔滨解放路289号（王岗）。联系电话：131-35844835 / 199-83320665。酒店内有健身房和洗衣房，住客免费使用。周边 500 米内即是商场与美食街。	C066
5250	枫叶大酒店	地址：哈尔滨迎宾大道101号（王岗）。联系电话：035-57313233。可手机自助入住，无接触开门。周边 500 米内即是商场与美食街。设有地下停车场与充电桩。	C066
5251	碧桂酒店	地址：哈尔滨中心路3号（王岗）。联系电话：057-57778833 / 151-11792989。可手机自助入住，无接触开门。部分房型可俯瞰城市天际线。	C066
5252	雅致度假酒店	地址：哈尔滨和平路142号（王岗）。联系电话：150-96038132。周边 500 米内即是商场与美食街。含自助早餐，菜品丰富。	C066
5253	丽枫酒店	地址：武功县朝阳街211号（武功）。联系电话：042-84341649。客房配备记忆棉床垫，保证舒适睡眠。前台多语言服务，支持行李寄存。	C064
5254	璞丽宾馆	地址：武功县建设路72号（武功）。联系电话：153-17532171 / 137-36777237。部分房型可俯瞰城市天际线。提供高速 Wi‑Fi 及 24 小时热水。前台多语言服务，支持行李寄存。	C064
5255	碧桂精品酒店	地址：白山中心路387号（湾沟）。联系电话：150-37788135。部分房型可俯瞰城市天际线。前台多语言服务，支持行李寄存。酒店内有健身房和洗衣房，住客免费使用。	C212
5256	沐兰酒店	地址：白山和平路327号（湾沟）。联系电话：183-88648653。酒店内有健身房和洗衣房，住客免费使用。提供高速 Wi‑Fi 及 24 小时热水。前台多语言服务，支持行李寄存。	C212
5257	梅园酒店	地址：白山解放路6号（湾沟）。联系电话：056-21917897 / 020-60076021。提供高速 Wi‑Fi 及 24 小时热水。距车站步行 5 分钟，交通便利。前台多语言服务，支持行李寄存。酒店内有健身房和洗衣房，住客免费使用。	C212
5258	梅园国际酒店	地址：白山中心路330号（湾沟）。联系电话：150-92754689。酒店内有健身房和洗衣房，住客免费使用。部分房型可俯瞰城市天际线。设有地下停车场与充电桩。客房配备记忆棉床垫，保证舒适睡眠。	C212
5259	璞丽宾馆	地址：马龙县中心路190号（吴官田）。联系电话：014-65975582 / 182-20726603。含自助早餐，菜品丰富。周边 500 米内即是商场与美食街。	C148
5260	花筑大酒店	地址：马龙县建设路28号（吴官田）。联系电话：198-23377169 / 183-34942158。可手机自助入住，无接触开门。部分房型可俯瞰城市天际线。	C148
5261	花筑国际酒店	地址：马龙县中心路384号（吴官田）。联系电话：186-23013203 / 156-43305907。部分房型可俯瞰城市天际线。前台多语言服务，支持行李寄存。距车站步行 5 分钟，交通便利。	C148
5262	枫叶精品酒店	地址：乌海建设路179号（乌海）。联系电话：039-85115370 / 018-40045231。部分房型可俯瞰城市天际线。酒店内有健身房和洗衣房，住客免费使用。	C017
5263	锦江大酒店	地址：乌海迎宾大道282号（乌海）。联系电话：191-30596715 / 135-46323662。周边 500 米内即是商场与美食街。含自助早餐，菜品丰富。	C017
5264	云栖国际酒店	地址：乌海解放路7号（乌海）。联系电话：136-57229264 / 054-86494551。前台多语言服务，支持行李寄存。可手机自助入住，无接触开门。	C017
5265	云栖精品酒店	地址：尚志人民大道276号（苇河）。联系电话：150-58189318 / 033-68484432。部分房型可俯瞰城市天际线。提供高速 Wi‑Fi 及 24 小时热水。客房配备记忆棉床垫，保证舒适睡眠。	C066
5266	雅致酒店	地址：尚志和平路53号（苇河）。联系电话：158-22628810 / 192-83614841。客房配备记忆棉床垫，保证舒适睡眠。可手机自助入住，无接触开门。	C066
5267	桔子国际酒店	地址：尚志和平路39号（苇河）。联系电话：053-22628760 / 156-76411154。含自助早餐，菜品丰富。距车站步行 5 分钟，交通便利。	C066
5268	云栖国际酒店	地址：尚志中心路341号（苇河）。联系电话：187-94184557 / 154-27584315。含自助早餐，菜品丰富。部分房型可俯瞰城市天际线。周边 500 米内即是商场与美食街。提供高速 Wi‑Fi 及 24 小时热水。	C066
5269	星程宾馆	地址：卫辉建设路95号（卫辉）。联系电话：025-73598832 / 021-24233543。部分房型可俯瞰城市天际线。前台多语言服务，支持行李寄存。客房配备记忆棉床垫，保证舒适睡眠。距车站步行 5 分钟，交通便利。	C137
5270	花筑度假酒店	地址：卫辉人民大道77号（卫辉）。联系电话：180-53367354 / 033-41443206。周边 500 米内即是商场与美食街。提供高速 Wi‑Fi 及 24 小时热水。设有地下停车场与充电桩。	C137
5271	月光大酒店	地址：卫辉和平路54号（卫辉）。联系电话：024-38774020 / 025-47367767。距车站步行 5 分钟，交通便利。设有地下停车场与充电桩。含自助早餐，菜品丰富。部分房型可俯瞰城市天际线。	C137
5272	楠舍国际酒店	地址：靖远县解放路348号（吴家川）。联系电话：021-68739053 / 194-56995834。前台多语言服务，支持行李寄存。客房配备记忆棉床垫，保证舒适睡眠。设有地下停车场与充电桩。	C213
5273	星程宾馆	地址：靖远县中心路27号（吴家川）。联系电话：034-75406394。含自助早餐，菜品丰富。可手机自助入住，无接触开门。	C213
5274	锦江度假酒店	地址：靖远县朝阳街321号（吴家川）。联系电话：182-43301399 / 019-71608601。酒店内有健身房和洗衣房，住客免费使用。周边 500 米内即是商场与美食街。距车站步行 5 分钟，交通便利。	C213
5275	沐兰大酒店	地址：哈尔滨和平路348号（五家）。联系电话：027-32949848。含自助早餐，菜品丰富。酒店内有健身房和洗衣房，住客免费使用。	C066
5276	花筑精品酒店	地址：哈尔滨和平路17号（五家）。联系电话：054-24969163 / 189-19877672。设有地下停车场与充电桩。客房配备记忆棉床垫，保证舒适睡眠。距车站步行 5 分钟，交通便利。前台多语言服务，支持行李寄存。	C066
5277	锦江国际酒店	地址：盘州建设路207号（威箐）。联系电话：050-70564387 / 043-58702061。含自助早餐，菜品丰富。客房配备记忆棉床垫，保证舒适睡眠。酒店内有健身房和洗衣房，住客免费使用。前台多语言服务，支持行李寄存。	C033
5278	璞丽宾馆	地址：盘州和平路145号（威箐）。联系电话：137-67009396。含自助早餐，菜品丰富。可手机自助入住，无接触开门。	C033
5279	悦榕大酒店	地址：武安解放路317号（午汲）。联系电话：027-30230594。酒店内有健身房和洗衣房，住客免费使用。设有地下停车场与充电桩。	C265
5280	花筑度假酒店	地址：武安迎宾大道95号（午汲）。联系电话：139-88166971 / 137-96481369。客房配备记忆棉床垫，保证舒适睡眠。距车站步行 5 分钟，交通便利。	C265
5281	星程酒店	地址：武安中心路69号（午汲）。联系电话：195-73958890。客房配备记忆棉床垫，保证舒适睡眠。酒店内有健身房和洗衣房，住客免费使用。可手机自助入住，无接触开门。	C265
5282	花筑国际酒店	地址：东丰县朝阳街135号（渭津）。联系电话：046-35066244 / 193-23510972。可手机自助入住，无接触开门。设有地下停车场与充电桩。距车站步行 5 分钟，交通便利。周边 500 米内即是商场与美食街。	C254
5283	沐兰宾馆	地址：东丰县迎宾大道326号（渭津）。联系电话：186-99045171。前台多语言服务，支持行李寄存。酒店内有健身房和洗衣房，住客免费使用。设有地下停车场与充电桩。	C254
5284	碧桂国际酒店	地址：东丰县和平路98号（渭津）。联系电话：183-83073308 / 033-79653756。含自助早餐，菜品丰富。可手机自助入住，无接触开门。	C254
5285	花筑酒店	地址：东丰县和平路366号（渭津）。联系电话：188-54699451 / 051-76300823。距车站步行 5 分钟，交通便利。周边 500 米内即是商场与美食街。部分房型可俯瞰城市天际线。	C254
5286	月光精品酒店	地址：榆中县建设路180号（王家湾）。联系电话：189-54832137。设有地下停车场与充电桩。提供高速 Wi‑Fi 及 24 小时热水。	C034
5287	璞丽精品酒店	地址：榆中县中心路107号（王家湾）。联系电话：132-65347850。客房配备记忆棉床垫，保证舒适睡眠。距车站步行 5 分钟，交通便利。设有地下停车场与充电桩。	C034
5288	锦江度假酒店	地址：勃利县朝阳街362号（倭肯）。联系电话：138-91388936。距车站步行 5 分钟，交通便利。部分房型可俯瞰城市天际线。周边 500 米内即是商场与美食街。	C001
5289	璞丽大酒店	地址：勃利县中心路295号（倭肯）。联系电话：053-43218101。酒店内有健身房和洗衣房，住客免费使用。设有地下停车场与充电桩。客房配备记忆棉床垫，保证舒适睡眠。距车站步行 5 分钟，交通便利。	C001
5290	楠舍国际酒店	地址：勃利县建设路29号（倭肯）。联系电话：021-76645869 / 035-42207357。周边 500 米内即是商场与美食街。提供高速 Wi‑Fi 及 24 小时热水。	C001
5291	碧桂国际酒店	地址：榆树迎宾大道296号（五棵树）。联系电话：023-73210529 / 032-73631808。前台多语言服务，支持行李寄存。酒店内有健身房和洗衣房，住客免费使用。客房配备记忆棉床垫，保证舒适睡眠。设有地下停车场与充电桩。	C283
5292	碧桂宾馆	地址：榆树人民大道201号（五棵树）。联系电话：188-43586516。客房配备记忆棉床垫，保证舒适睡眠。部分房型可俯瞰城市天际线。	C283
5293	柏曼宾馆	地址：榆树中心路48号（五棵树）。联系电话：020-88462209 / 026-73727001。酒店内有健身房和洗衣房，住客免费使用。客房配备记忆棉床垫，保证舒适睡眠。	C283
5294	雅致宾馆	地址：榆树建设路36号（五棵树）。联系电话：133-65516419 / 136-45741342。客房配备记忆棉床垫，保证舒适睡眠。设有地下停车场与充电桩。	C283
5295	花筑度假酒店	地址：丹东建设路322号（五龙背）。联系电话：010-81419144。部分房型可俯瞰城市天际线。酒店内有健身房和洗衣房，住客免费使用。距车站步行 5 分钟，交通便利。	C013
5296	楠舍酒店	地址：丹东中心路339号（五龙背）。联系电话：194-91676811 / 197-60203116。提供高速 Wi‑Fi 及 24 小时热水。设有地下停车场与充电桩。酒店内有健身房和洗衣房，住客免费使用。	C013
5297	云栖国际酒店	地址：丹东人民大道11号（五龙背）。联系电话：188-33484860 / 184-21973308。可手机自助入住，无接触开门。周边 500 米内即是商场与美食街。提供高速 Wi‑Fi 及 24 小时热水。设有地下停车场与充电桩。	C013
5298	沐兰宾馆	地址：察哈尔右翼后旗中心路125号（乌兰哈达）。联系电话：194-30024856。客房配备记忆棉床垫，保证舒适睡眠。前台多语言服务，支持行李寄存。	C016
5299	月光度假酒店	地址：察哈尔右翼后旗朝阳街72号（乌兰哈达）。联系电话：131-21849568。部分房型可俯瞰城市天际线。前台多语言服务，支持行李寄存。酒店内有健身房和洗衣房，住客免费使用。提供高速 Wi‑Fi 及 24 小时热水。	C016
5300	悦榕大酒店	地址：察哈尔右翼后旗迎宾大道139号（乌兰哈达）。联系电话：197-70709911 / 198-94148320。含自助早餐，菜品丰富。设有地下停车场与充电桩。	C016
5301	桔子酒店	地址：哈尔滨建设路158号（万乐）。联系电话：155-93698424 / 191-64365640。周边 500 米内即是商场与美食街。含自助早餐，菜品丰富。	C066
5302	碧桂国际酒店	地址：哈尔滨中心路365号（万乐）。联系电话：151-44881021 / 049-28765888。客房配备记忆棉床垫，保证舒适睡眠。可手机自助入住，无接触开门。提供高速 Wi‑Fi 及 24 小时热水。	C066
5303	梅园精品酒店	地址：塔河县和平路13号（瓦拉干）。联系电话：038-37818053。提供高速 Wi‑Fi 及 24 小时热水。距车站步行 5 分钟，交通便利。	C076
5304	悦榕精品酒店	地址：塔河县和平路42号（瓦拉干）。联系电话：042-66415615。客房配备记忆棉床垫，保证舒适睡眠。周边 500 米内即是商场与美食街。前台多语言服务，支持行李寄存。	C076
5305	锦江宾馆	地址：塔河县和平路104号（瓦拉干）。联系电话：054-81503388。提供高速 Wi‑Fi 及 24 小时热水。距车站步行 5 分钟，交通便利。	C076
5306	锦江酒店	地址：温岭朝阳街66号（温岭）。联系电话：049-33269270。部分房型可俯瞰城市天际线。含自助早餐，菜品丰富。	C052
5307	星程宾馆	地址：温岭和平路117号（温岭）。联系电话：152-76441249 / 152-47324716。距车站步行 5 分钟，交通便利。前台多语言服务，支持行李寄存。	C052
5308	璞丽大酒店	地址：温岭朝阳街315号（温岭）。联系电话：028-44157131 / 019-53621465。部分房型可俯瞰城市天际线。提供高速 Wi‑Fi 及 24 小时热水。设有地下停车场与充电桩。	C052
5309	柏栎大酒店	地址：五莲县人民大道138号（五莲）。联系电话：041-31572918。距车站步行 5 分钟，交通便利。部分房型可俯瞰城市天际线。周边 500 米内即是商场与美食街。	C141
5310	星程精品酒店	地址：五莲县和平路335号（五莲）。联系电话：155-31424192 / 185-80005774。含自助早餐，菜品丰富。客房配备记忆棉床垫，保证舒适睡眠。周边 500 米内即是商场与美食街。	C141
5311	雅致度假酒店	地址：乌拉特前旗中心路255号（乌拉特前旗）。联系电话：016-40644205。前台多语言服务，支持行李寄存。酒店内有健身房和洗衣房，住客免费使用。距车站步行 5 分钟，交通便利。周边 500 米内即是商场与美食街。	C104
5312	悦榕大酒店	地址：乌拉特前旗人民大道379号（乌拉特前旗）。联系电话：180-12118688。部分房型可俯瞰城市天际线。周边 500 米内即是商场与美食街。前台多语言服务，支持行李寄存。设有地下停车场与充电桩。	C104
5313	沐兰精品酒店	地址：乌拉特前旗迎宾大道282号（乌拉特前旗）。联系电话：197-63067940。客房配备记忆棉床垫，保证舒适睡眠。距车站步行 5 分钟，交通便利。含自助早餐，菜品丰富。部分房型可俯瞰城市天际线。	C104
5314	柏曼度假酒店	地址：乌拉特前旗迎宾大道217号（乌拉山）。联系电话：027-80535166。酒店内有健身房和洗衣房，住客免费使用。可手机自助入住，无接触开门。设有地下停车场与充电桩。前台多语言服务，支持行李寄存。	C104
5315	星程国际酒店	地址：乌拉特前旗朝阳街301号（乌拉山）。联系电话：055-77098550。部分房型可俯瞰城市天际线。距车站步行 5 分钟，交通便利。客房配备记忆棉床垫，保证舒适睡眠。周边 500 米内即是商场与美食街。	C104
5316	雅致精品酒店	地址：乌拉特前旗迎宾大道47号（乌拉山）。联系电话：041-44814649 / 131-78147519。周边 500 米内即是商场与美食街。部分房型可俯瞰城市天际线。	C104
5317	锦江度假酒店	地址：乌拉特前旗朝阳街397号（乌拉山）。联系电话：158-99855745。距车站步行 5 分钟，交通便利。酒店内有健身房和洗衣房，住客免费使用。	C104
5318	柏曼国际酒店	地址：大庆建设路151号（卧里屯）。联系电话：046-89663030。酒店内有健身房和洗衣房，住客免费使用。周边 500 米内即是商场与美食街。设有地下停车场与充电桩。可手机自助入住，无接触开门。	C078
5319	锦江酒店	地址：大庆中心路19号（卧里屯）。联系电话：184-46414013。提供高速 Wi‑Fi 及 24 小时热水。酒店内有健身房和洗衣房，住客免费使用。含自助早餐，菜品丰富。可手机自助入住，无接触开门。	C078
5320	沐兰宾馆	地址：渭南建设路227号（渭南北）。联系电话：133-24575779 / 185-47833674。周边 500 米内即是商场与美食街。含自助早餐，菜品丰富。距车站步行 5 分钟，交通便利。	C193
5321	柏曼大酒店	地址：渭南建设路58号（渭南北）。联系电话：043-62917775。距车站步行 5 分钟，交通便利。提供高速 Wi‑Fi 及 24 小时热水。设有地下停车场与充电桩。酒店内有健身房和洗衣房，住客免费使用。	C193
5322	柏曼国际酒店	地址：渭南建设路314号（渭南北）。联系电话：136-61057654。前台多语言服务，支持行李寄存。部分房型可俯瞰城市天际线。周边 500 米内即是商场与美食街。可手机自助入住，无接触开门。	C193
5323	云栖酒店	地址：渭南朝阳街295号（渭南北）。联系电话：012-52939631 / 030-30542408。客房配备记忆棉床垫，保证舒适睡眠。距车站步行 5 分钟，交通便利。部分房型可俯瞰城市天际线。	C193
5324	云栖度假酒店	地址：牙克石解放路377号（乌奴耳）。联系电话：019-47308125 / 132-37662847。前台多语言服务，支持行李寄存。周边 500 米内即是商场与美食街。	C060
5325	柏曼酒店	地址：牙克石中心路105号（乌奴耳）。联系电话：031-62426669 / 015-51407350。提供高速 Wi‑Fi 及 24 小时热水。前台多语言服务，支持行李寄存。距车站步行 5 分钟，交通便利。	C060
5326	锦江度假酒店	地址：万宁和平路25号（万宁）。联系电话：155-30980310。含自助早餐，菜品丰富。部分房型可俯瞰城市天际线。	C319
5327	梅园酒店	地址：万宁解放路197号（万宁）。联系电话：035-72866899。提供高速 Wi‑Fi 及 24 小时热水。含自助早餐，菜品丰富。设有地下停车场与充电桩。	C319
5328	枫叶国际酒店	地址：万年县朝阳街195号（万年）。联系电话：011-56949916 / 021-79678072。可手机自助入住，无接触开门。周边 500 米内即是商场与美食街。部分房型可俯瞰城市天际线。设有地下停车场与充电桩。	C006
5329	悦榕度假酒店	地址：万年县中心路186号（万年）。联系电话：054-88849416 / 194-60689234。酒店内有健身房和洗衣房，住客免费使用。部分房型可俯瞰城市天际线。可手机自助入住，无接触开门。设有地下停车场与充电桩。	C006
5330	丽枫度假酒店	地址：万年县建设路40号（万年）。联系电话：132-32363785。客房配备记忆棉床垫，保证舒适睡眠。含自助早餐，菜品丰富。	C006
5331	沐兰精品酒店	地址：渭南人民大道304号（渭南南）。联系电话：133-52734019 / 013-88326121。含自助早餐，菜品丰富。客房配备记忆棉床垫，保证舒适睡眠。设有地下停车场与充电桩。	C193
5332	沐兰宾馆	地址：渭南和平路89号（渭南南）。联系电话：013-65046642。设有地下停车场与充电桩。距车站步行 5 分钟，交通便利。客房配备记忆棉床垫，保证舒适睡眠。酒店内有健身房和洗衣房，住客免费使用。	C193
5333	柏曼酒店	地址：渭南迎宾大道69号（渭南南）。联系电话：154-79370387 / 055-58876479。设有地下停车场与充电桩。部分房型可俯瞰城市天际线。酒店内有健身房和洗衣房，住客免费使用。含自助早餐，菜品丰富。	C193
5334	星程大酒店	地址：渭南解放路20号（渭南南）。联系电话：015-28867360 / 136-57267917。距车站步行 5 分钟，交通便利。周边 500 米内即是商场与美食街。	C193
5335	丽枫精品酒店	地址：天水中心路364号（渭南镇）。联系电话：030-20804486 / 133-22276982。距车站步行 5 分钟，交通便利。提供高速 Wi‑Fi 及 24 小时热水。可手机自助入住，无接触开门。含自助早餐，菜品丰富。	C081
5336	梅园宾馆	地址：天水建设路145号（渭南镇）。联系电话：194-79529168。设有地下停车场与充电桩。可手机自助入住，无接触开门。客房配备记忆棉床垫，保证舒适睡眠。部分房型可俯瞰城市天际线。	C081
5337	星程宾馆	地址：天水迎宾大道81号（渭南镇）。联系电话：194-75381998 / 187-13519693。客房配备记忆棉床垫，保证舒适睡眠。含自助早餐，菜品丰富。	C081
5338	柏曼国际酒店	地址：德惠建设路146号（沃皮）。联系电话：134-59923901 / 030-21010846。可手机自助入住，无接触开门。前台多语言服务，支持行李寄存。	C283
5339	桔子酒店	地址：德惠人民大道13号（沃皮）。联系电话：043-59884570。酒店内有健身房和洗衣房，住客免费使用。距车站步行 5 分钟，交通便利。提供高速 Wi‑Fi 及 24 小时热水。	C283
5340	星程宾馆	地址：德惠建设路360号（沃皮）。联系电话：046-73245590。可手机自助入住，无接触开门。酒店内有健身房和洗衣房，住客免费使用。设有地下停车场与充电桩。距车站步行 5 分钟，交通便利。	C283
5341	柏栎酒店	地址：德惠中心路59号（沃皮）。联系电话：059-43223114。周边 500 米内即是商场与美食街。客房配备记忆棉床垫，保证舒适睡眠。部分房型可俯瞰城市天际线。	C283
5342	月光宾馆	地址：吴桥县中心路347号（吴桥）。联系电话：151-91915416 / 139-60390844。前台多语言服务，支持行李寄存。客房配备记忆棉床垫，保证舒适睡眠。酒店内有健身房和洗衣房，住客免费使用。	C173
5343	柏曼大酒店	地址：吴桥县人民大道309号（吴桥）。联系电话：019-51149938 / 151-29611352。客房配备记忆棉床垫，保证舒适睡眠。距车站步行 5 分钟，交通便利。可手机自助入住，无接触开门。	C173
5344	悦榕精品酒店	地址：汪清县和平路280号（汪清）。联系电话：023-49075062 / 158-66378912。客房配备记忆棉床垫，保证舒适睡眠。可手机自助入住，无接触开门。部分房型可俯瞰城市天际线。酒店内有健身房和洗衣房，住客免费使用。	C116
5345	云栖宾馆	地址：汪清县建设路349号（汪清）。联系电话：052-48325410。含自助早餐，菜品丰富。前台多语言服务，支持行李寄存。	C116
5346	璞丽精品酒店	地址：汪清县朝阳街319号（汪清）。联系电话：157-24188307 / 159-38640692。提供高速 Wi‑Fi 及 24 小时热水。前台多语言服务，支持行李寄存。	C116
5347	丽枫国际酒店	地址：汪清县中心路136号（汪清）。联系电话：186-40178171 / 059-35611842。含自助早餐，菜品丰富。周边 500 米内即是商场与美食街。	C116
5348	悦榕国际酒店	地址：天津朝阳街120号（武清）。联系电话：057-41019338。距车站步行 5 分钟，交通便利。可手机自助入住，无接触开门。	C082
5349	星程酒店	地址：天津和平路131号（武清）。联系电话：159-13147168。酒店内有健身房和洗衣房，住客免费使用。提供高速 Wi‑Fi 及 24 小时热水。	C082
5350	雅致大酒店	地址：天津解放路144号（武清）。联系电话：058-71772941 / 045-84347599。含自助早餐，菜品丰富。设有地下停车场与充电桩。部分房型可俯瞰城市天际线。提供高速 Wi‑Fi 及 24 小时热水。	C082
5351	楠舍度假酒店	地址：天津朝阳街331号（武清）。联系电话：154-27018925。客房配备记忆棉床垫，保证舒适睡眠。提供高速 Wi‑Fi 及 24 小时热水。前台多语言服务，支持行李寄存。含自助早餐，菜品丰富。	C082
5352	枫叶酒店	地址：武山县人民大道82号（武山）。联系电话：010-55465661。前台多语言服务，支持行李寄存。酒店内有健身房和洗衣房，住客免费使用。	C081
5353	云栖大酒店	地址：武山县迎宾大道64号（武山）。联系电话：190-53022045 / 184-51933230。酒店内有健身房和洗衣房，住客免费使用。部分房型可俯瞰城市天际线。	C081
5354	璞丽大酒店	地址：武山县解放路287号（武山）。联系电话：132-66806586 / 130-32732365。含自助早餐，菜品丰富。提供高速 Wi‑Fi 及 24 小时热水。客房配备记忆棉床垫，保证舒适睡眠。设有地下停车场与充电桩。	C081
5355	悦榕大酒店	地址：文水县朝阳街209号（文水）。联系电话：137-66825394 / 137-72984191。前台多语言服务，支持行李寄存。设有地下停车场与充电桩。距车站步行 5 分钟，交通便利。	C057
5356	丽枫宾馆	地址：文水县朝阳街300号（文水）。联系电话：183-77337084 / 052-34594503。周边 500 米内即是商场与美食街。可手机自助入住，无接触开门。	C057
5357	云栖度假酒店	地址：北京和平路377号（魏善庄）。联系电话：056-44832793 / 043-49540734。酒店内有健身房和洗衣房，住客免费使用。距车站步行 5 分钟，交通便利。可手机自助入住，无接触开门。	C039
5358	沐兰大酒店	地址：北京解放路111号（魏善庄）。联系电话：186-77920936 / 138-57827185。前台多语言服务，支持行李寄存。含自助早餐，菜品丰富。距车站步行 5 分钟，交通便利。客房配备记忆棉床垫，保证舒适睡眠。	C039
5359	悦榕宾馆	地址：北京朝阳街294号（魏善庄）。联系电话：049-88510924。客房配备记忆棉床垫，保证舒适睡眠。部分房型可俯瞰城市天际线。前台多语言服务，支持行李寄存。	C039
5360	柏曼大酒店	地址：景县迎宾大道54号（王瞳）。联系电话：032-89349115。提供高速 Wi‑Fi 及 24 小时热水。前台多语言服务，支持行李寄存。含自助早餐，菜品丰富。距车站步行 5 分钟，交通便利。	C241
5361	星程度假酒店	地址：景县人民大道20号（王瞳）。联系电话：011-65910681。酒店内有健身房和洗衣房，住客免费使用。设有地下停车场与充电桩。距车站步行 5 分钟，交通便利。可手机自助入住，无接触开门。	C241
5362	丽枫度假酒店	地址：景县建设路319号（王瞳）。联系电话：027-37365027。设有地下停车场与充电桩。前台多语言服务，支持行李寄存。	C241
5363	桔子度假酒店	地址：繁峙县朝阳街363号（五台山）。联系电话：014-76520902。部分房型可俯瞰城市天际线。酒店内有健身房和洗衣房，住客免费使用。	C124
5364	星程精品酒店	地址：繁峙县迎宾大道251号（五台山）。联系电话：185-72100947 / 135-41062492。客房配备记忆棉床垫，保证舒适睡眠。设有地下停车场与充电桩。酒店内有健身房和洗衣房，住客免费使用。前台多语言服务，支持行李寄存。	C124
5365	桔子宾馆	地址：繁峙县解放路288号（五台山）。联系电话：049-36803107。提供高速 Wi‑Fi 及 24 小时热水。客房配备记忆棉床垫，保证舒适睡眠。	C124
5366	柏栎宾馆	地址：同心县迎宾大道354号（王团庄）。联系电话：036-68958003 / 159-38565373。客房配备记忆棉床垫，保证舒适睡眠。可手机自助入住，无接触开门。前台多语言服务，支持行李寄存。	C058
5367	柏曼宾馆	地址：同心县人民大道222号（王团庄）。联系电话：183-37811332。客房配备记忆棉床垫，保证舒适睡眠。酒店内有健身房和洗衣房，住客免费使用。	C058
5368	丽枫大酒店	地址：同心县和平路379号（王团庄）。联系电话：135-40461222 / 012-20545445。设有地下停车场与充电桩。含自助早餐，菜品丰富。距车站步行 5 分钟，交通便利。部分房型可俯瞰城市天际线。	C058
5369	柏曼大酒店	地址：同心县解放路343号（王团庄）。联系电话：191-39041852 / 012-87816930。客房配备记忆棉床垫，保证舒适睡眠。提供高速 Wi‑Fi 及 24 小时热水。	C058
5370	锦江宾馆	地址：克拉玛依建设路188号（五五）。联系电话：190-84075036。周边 500 米内即是商场与美食街。部分房型可俯瞰城市天际线。	C031
5371	花筑大酒店	地址：克拉玛依迎宾大道309号（五五）。联系电话：024-74297533。可手机自助入住，无接触开门。部分房型可俯瞰城市天际线。距车站步行 5 分钟，交通便利。前台多语言服务，支持行李寄存。	C031
5372	柏曼精品酒店	地址：克拉玛依和平路56号（五五）。联系电话：136-53215725 / 186-41416881。设有地下停车场与充电桩。提供高速 Wi‑Fi 及 24 小时热水。可手机自助入住，无接触开门。	C031
5373	柏栎国际酒店	地址：无锡和平路9号（无锡东）。联系电话：183-13506959。客房配备记忆棉床垫，保证舒适睡眠。距车站步行 5 分钟，交通便利。	C139
5374	璞丽大酒店	地址：无锡人民大道15号（无锡东）。联系电话：022-30158199 / 034-30058069。部分房型可俯瞰城市天际线。酒店内有健身房和洗衣房，住客免费使用。周边 500 米内即是商场与美食街。	C139
5375	楠舍度假酒店	地址：无锡朝阳街6号（无锡东）。联系电话：057-86614133。含自助早餐，菜品丰富。酒店内有健身房和洗衣房，住客免费使用。	C139
5376	锦江国际酒店	地址：无锡解放路111号（无锡东）。联系电话：047-41714108。酒店内有健身房和洗衣房，住客免费使用。可手机自助入住，无接触开门。距车站步行 5 分钟，交通便利。	C139
5377	沐兰精品酒店	地址：虎林和平路327号（卫星）。联系电话：195-43804081 / 059-29130432。前台多语言服务，支持行李寄存。距车站步行 5 分钟，交通便利。	C303
5378	雅致酒店	地址：虎林建设路335号（卫星）。联系电话：152-58809006 / 188-97374086。部分房型可俯瞰城市天际线。提供高速 Wi‑Fi 及 24 小时热水。可手机自助入住，无接触开门。周边 500 米内即是商场与美食街。	C303
5379	桔子大酒店	地址：闻喜县朝阳街120号（闻喜）。联系电话：181-15033537 / 035-82172856。酒店内有健身房和洗衣房，住客免费使用。前台多语言服务，支持行李寄存。	C257
5380	柏曼宾馆	地址：闻喜县迎宾大道19号（闻喜）。联系电话：050-86174610 / 138-89734555。客房配备记忆棉床垫，保证舒适睡眠。前台多语言服务，支持行李寄存。	C257
5381	花筑精品酒店	地址：闻喜县迎宾大道188号（闻喜）。联系电话：198-97825020 / 013-42114871。距车站步行 5 分钟，交通便利。前台多语言服务，支持行李寄存。	C257
5382	丽枫大酒店	地址：闻喜县人民大道347号（闻喜）。联系电话：134-37128684。前台多语言服务，支持行李寄存。酒店内有健身房和洗衣房，住客免费使用。提供高速 Wi‑Fi 及 24 小时热水。距车站步行 5 分钟，交通便利。	C257
5383	柏栎精品酒店	地址：武乡县朝阳街175号（武乡）。联系电话：158-48690537。客房配备记忆棉床垫，保证舒适睡眠。设有地下停车场与充电桩。周边 500 米内即是商场与美食街。含自助早餐，菜品丰富。	C285
5384	碧桂大酒店	地址：武乡县和平路392号（武乡）。联系电话：184-78160763 / 035-42243561。酒店内有健身房和洗衣房，住客免费使用。前台多语言服务，支持行李寄存。设有地下停车场与充电桩。提供高速 Wi‑Fi 及 24 小时热水。	C285
5385	锦江酒店	地址：武乡县和平路313号（武乡）。联系电话：187-71844347 / 192-43016691。可手机自助入住，无接触开门。设有地下停车场与充电桩。	C285
5386	沐兰宾馆	地址：无锡迎宾大道352号（无锡新区）。联系电话：045-20231693 / 013-60313527。设有地下停车场与充电桩。距车站步行 5 分钟，交通便利。酒店内有健身房和洗衣房，住客免费使用。客房配备记忆棉床垫，保证舒适睡眠。	C139
5387	枫叶国际酒店	地址：无锡解放路160号（无锡新区）。联系电话：135-61788640。可手机自助入住，无接触开门。酒店内有健身房和洗衣房，住客免费使用。客房配备记忆棉床垫，保证舒适睡眠。	C139
5388	枫叶宾馆	地址：武穴和平路136号（武穴）。联系电话：030-39214958。提供高速 Wi‑Fi 及 24 小时热水。前台多语言服务，支持行李寄存。距车站步行 5 分钟，交通便利。	C307
5389	云栖宾馆	地址：武穴人民大道389号（武穴）。联系电话：011-70105033。设有地下停车场与充电桩。酒店内有健身房和洗衣房，住客免费使用。	C307
5390	雅致国际酒店	地址：南宁中心路106号（吴圩）。联系电话：012-38890674。部分房型可俯瞰城市天际线。可手机自助入住，无接触开门。前台多语言服务，支持行李寄存。距车站步行 5 分钟，交通便利。	C044
5391	丽枫精品酒店	地址：南宁人民大道165号（吴圩）。联系电话：130-65134328。客房配备记忆棉床垫，保证舒适睡眠。周边 500 米内即是商场与美食街。距车站步行 5 分钟，交通便利。前台多语言服务，支持行李寄存。	C044
5392	璞丽度假酒店	地址：南宁人民大道58号（吴圩）。联系电话：188-77154079。提供高速 Wi‑Fi 及 24 小时热水。距车站步行 5 分钟，交通便利。客房配备记忆棉床垫，保证舒适睡眠。含自助早餐，菜品丰富。	C044
5393	柏栎大酒店	地址：南宁和平路313号（吴圩）。联系电话：197-57476487。酒店内有健身房和洗衣房，住客免费使用。距车站步行 5 分钟，交通便利。客房配备记忆棉床垫，保证舒适睡眠。	C044
5394	丽枫大酒店	地址：铁力迎宾大道199号（王杨）。联系电话：154-60253111 / 050-56654455。部分房型可俯瞰城市天际线。周边 500 米内即是商场与美食街。提供高速 Wi‑Fi 及 24 小时热水。	C023
5395	云栖国际酒店	地址：铁力解放路19号（王杨）。联系电话：131-40224560。酒店内有健身房和洗衣房，住客免费使用。部分房型可俯瞰城市天际线。	C023
5396	璞丽宾馆	地址：铁力中心路353号（王杨）。联系电话：034-27952149 / 187-90183772。酒店内有健身房和洗衣房，住客免费使用。周边 500 米内即是商场与美食街。设有地下停车场与充电桩。	C023
5397	柏曼宾馆	地址：铁力朝阳街10号（王杨）。联系电话：018-88109430 / 130-71990425。含自助早餐，菜品丰富。可手机自助入住，无接触开门。	C023
5398	云栖酒店	地址：武义县迎宾大道392号（武义）。联系电话：199-48096401 / 183-51350383。含自助早餐，菜品丰富。前台多语言服务，支持行李寄存。可手机自助入住，无接触开门。酒店内有健身房和洗衣房，住客免费使用。	C273
5399	柏栎大酒店	地址：武义县人民大道154号（武义）。联系电话：040-80566983。周边 500 米内即是商场与美食街。酒店内有健身房和洗衣房，住客免费使用。距车站步行 5 分钟，交通便利。客房配备记忆棉床垫，保证舒适睡眠。	C273
5400	楠舍酒店	地址：伊春解放路65号（五营）。联系电话：059-21678038。客房配备记忆棉床垫，保证舒适睡眠。含自助早餐，菜品丰富。距车站步行 5 分钟，交通便利。	C023
5401	沐兰酒店	地址：伊春朝阳街388号（五营）。联系电话：181-33968833 / 192-60432835。部分房型可俯瞰城市天际线。含自助早餐，菜品丰富。可手机自助入住，无接触开门。设有地下停车场与充电桩。	C023
5402	碧桂国际酒店	地址：盘州中心路148号（瓦窑田）。联系电话：131-90367129 / 136-57524362。设有地下停车场与充电桩。酒店内有健身房和洗衣房，住客免费使用。	C033
5403	月光大酒店	地址：盘州人民大道301号（瓦窑田）。联系电话：012-45784602。部分房型可俯瞰城市天际线。提供高速 Wi‑Fi 及 24 小时热水。酒店内有健身房和洗衣房，住客免费使用。距车站步行 5 分钟，交通便利。	C033
5404	月光酒店	地址：盘州解放路392号（瓦窑田）。联系电话：133-97767535 / 054-48312658。可手机自助入住，无接触开门。设有地下停车场与充电桩。距车站步行 5 分钟，交通便利。前台多语言服务，支持行李寄存。	C033
5405	云栖大酒店	地址：盘州建设路116号（瓦窑田）。联系电话：055-44047470。距车站步行 5 分钟，交通便利。可手机自助入住，无接触开门。提供高速 Wi‑Fi 及 24 小时热水。酒店内有健身房和洗衣房，住客免费使用。	C033
5406	璞丽国际酒店	地址：五原县建设路323号（五原）。联系电话：022-85552459 / 034-53148328。含自助早餐，菜品丰富。设有地下停车场与充电桩。	C104
5407	桔子国际酒店	地址：五原县迎宾大道283号（五原）。联系电话：152-40177215 / 156-44769365。设有地下停车场与充电桩。可手机自助入住，无接触开门。	C104
5408	桔子大酒店	地址：图们中心路356号（苇子沟）。联系电话：158-86499856。提供高速 Wi‑Fi 及 24 小时热水。部分房型可俯瞰城市天际线。设有地下停车场与充电桩。客房配备记忆棉床垫，保证舒适睡眠。	C116
5409	楠舍国际酒店	地址：图们和平路282号（苇子沟）。联系电话：194-23042979 / 185-97759095。部分房型可俯瞰城市天际线。前台多语言服务，支持行李寄存。	C116
5410	璞丽精品酒店	地址：图们朝阳街367号（苇子沟）。联系电话：193-66353766 / 025-85831896。部分房型可俯瞰城市天际线。提供高速 Wi‑Fi 及 24 小时热水。含自助早餐，菜品丰富。	C116
5411	悦榕宾馆	地址：澄城县迎宾大道96号（韦庄）。联系电话：137-14691082。可手机自助入住，无接触开门。设有地下停车场与充电桩。部分房型可俯瞰城市天际线。含自助早餐，菜品丰富。	C193
5412	雅致酒店	地址：澄城县建设路382号（韦庄）。联系电话：022-61394384 / 130-65383163。设有地下停车场与充电桩。距车站步行 5 分钟，交通便利。酒店内有健身房和洗衣房，住客免费使用。	C193
5413	锦江国际酒店	地址：澄城县迎宾大道365号（韦庄）。联系电话：036-27977168。含自助早餐，菜品丰富。酒店内有健身房和洗衣房，住客免费使用。部分房型可俯瞰城市天际线。	C193
5414	悦榕度假酒店	地址：澄城县解放路282号（韦庄）。联系电话：192-96483985 / 158-21328265。提供高速 Wi‑Fi 及 24 小时热水。酒店内有健身房和洗衣房，住客免费使用。	C193
5415	璞丽精品酒店	地址：五寨县人民大道233号（五寨）。联系电话：133-62784327。周边 500 米内即是商场与美食街。客房配备记忆棉床垫，保证舒适睡眠。含自助早餐，菜品丰富。前台多语言服务，支持行李寄存。	C124
5416	雅致大酒店	地址：五寨县迎宾大道385号（五寨）。联系电话：046-64061001 / 047-25243987。酒店内有健身房和洗衣房，住客免费使用。提供高速 Wi‑Fi 及 24 小时热水。距车站步行 5 分钟，交通便利。设有地下停车场与充电桩。	C124
5417	楠舍酒店	地址：哈尔滨迎宾大道248号（王兆屯）。联系电话：133-21256144。设有地下停车场与充电桩。客房配备记忆棉床垫，保证舒适睡眠。可手机自助入住，无接触开门。	C066
5418	柏曼宾馆	地址：哈尔滨人民大道299号（王兆屯）。联系电话：138-58149949 / 151-99870301。设有地下停车场与充电桩。提供高速 Wi‑Fi 及 24 小时热水。	C066
5419	柏栎国际酒店	地址：哈尔滨建设路379号（王兆屯）。联系电话：015-27514100 / 045-61162838。距车站步行 5 分钟，交通便利。提供高速 Wi‑Fi 及 24 小时热水。酒店内有健身房和洗衣房，住客免费使用。含自助早餐，菜品丰富。	C066
5420	梅园度假酒店	地址：哈尔滨朝阳街12号（王兆屯）。联系电话：158-21214962 / 181-78111330。可手机自助入住，无接触开门。客房配备记忆棉床垫，保证舒适睡眠。距车站步行 5 分钟，交通便利。	C066
5421	雅致国际酒店	地址：潞城迎宾大道49号（微子镇）。联系电话：039-78456411。酒店内有健身房和洗衣房，住客免费使用。客房配备记忆棉床垫，保证舒适睡眠。部分房型可俯瞰城市天际线。前台多语言服务，支持行李寄存。	C285
5422	梅园精品酒店	地址：潞城中心路279号（微子镇）。联系电话：046-49882948。周边 500 米内即是商场与美食街。可手机自助入住，无接触开门。提供高速 Wi‑Fi 及 24 小时热水。	C285
5423	沐兰精品酒店	地址：凌源朝阳街62号（魏杖子）。联系电话：153-43361911。客房配备记忆棉床垫，保证舒适睡眠。前台多语言服务，支持行李寄存。设有地下停车场与充电桩。	C150
5424	璞丽精品酒店	地址：凌源解放路152号（魏杖子）。联系电话：035-71414065 / 048-24268104。部分房型可俯瞰城市天际线。客房配备记忆棉床垫，保证舒适睡眠。前台多语言服务，支持行李寄存。	C150
5425	丽枫大酒店	地址：师宗县人民大道351号（新安）。联系电话：043-21511296 / 154-61058792。距车站步行 5 分钟，交通便利。可手机自助入住，无接触开门。部分房型可俯瞰城市天际线。酒店内有健身房和洗衣房，住客免费使用。	C148
5426	星程酒店	地址：师宗县中心路106号（新安）。联系电话：136-33055810。前台多语言服务，支持行李寄存。提供高速 Wi‑Fi 及 24 小时热水。	C148
5427	楠舍精品酒店	地址：桂林朝阳街378号（兴安）。联系电话：187-69813222 / 043-28322002。距车站步行 5 分钟，交通便利。设有地下停车场与充电桩。客房配备记忆棉床垫，保证舒适睡眠。	C158
5428	锦江度假酒店	地址：桂林解放路42号（兴安）。联系电话：034-27480821 / 135-31772070。部分房型可俯瞰城市天际线。客房配备记忆棉床垫，保证舒适睡眠。	C158
5429	月光度假酒店	地址：桂林朝阳街83号（兴安）。联系电话：186-41305409。酒店内有健身房和洗衣房，住客免费使用。含自助早餐，菜品丰富。提供高速 Wi‑Fi 及 24 小时热水。	C158
5430	月光国际酒店	地址：新安县建设路265号（新安县）。联系电话：054-24650613 / 033-75097534。提供高速 Wi‑Fi 及 24 小时热水。客房配备记忆棉床垫，保证舒适睡眠。	C179
5431	楠舍国际酒店	地址：新安县人民大道373号（新安县）。联系电话：045-24622002 / 045-67487421。部分房型可俯瞰城市天际线。前台多语言服务，支持行李寄存。酒店内有健身房和洗衣房，住客免费使用。	C179
5432	月光酒店	地址：新安县迎宾大道81号（新安县）。联系电话：192-21370441 / 048-82261683。客房配备记忆棉床垫，保证舒适睡眠。前台多语言服务，支持行李寄存。提供高速 Wi‑Fi 及 24 小时热水。周边 500 米内即是商场与美食街。	C179
5433	楠舍度假酒店	地址：怀来县人民大道206号（新保安）。联系电话：181-68819094。周边 500 米内即是商场与美食街。前台多语言服务，支持行李寄存。客房配备记忆棉床垫，保证舒适睡眠。酒店内有健身房和洗衣房，住客免费使用。	C118
5434	枫叶国际酒店	地址：怀来县人民大道374号（新保安）。联系电话：039-33198124 / 196-42778193。前台多语言服务，支持行李寄存。周边 500 米内即是商场与美食街。	C118
5435	沐兰精品酒店	地址：怀来县中心路326号（新保安）。联系电话：037-20040149 / 017-60759516。客房配备记忆棉床垫，保证舒适睡眠。部分房型可俯瞰城市天际线。	C118
5436	柏曼酒店	地址：怀来县中心路297号（新保安）。联系电话：189-23638246 / 040-46669592。酒店内有健身房和洗衣房，住客免费使用。设有地下停车场与充电桩。	C118
5437	雅致精品酒店	地址：承德县迎宾大道114号（下板城）。联系电话：020-67022797 / 186-63296302。设有地下停车场与充电桩。距车站步行 5 分钟，交通便利。	C130
5438	锦江宾馆	地址：承德县迎宾大道238号（下板城）。联系电话：037-43163881 / 044-52982651。可手机自助入住，无接触开门。前台多语言服务，支持行李寄存。含自助早餐，菜品丰富。提供高速 Wi‑Fi 及 24 小时热水。	C130
5439	月光国际酒店	地址：承德县迎宾大道126号（下板城）。联系电话：019-49171897。酒店内有健身房和洗衣房，住客免费使用。提供高速 Wi‑Fi 及 24 小时热水。	C130
5440	雅致精品酒店	地址：怀来县中心路72号（西八里）。联系电话：136-89575575 / 036-79830695。距车站步行 5 分钟，交通便利。周边 500 米内即是商场与美食街。可手机自助入住，无接触开门。	C118
5441	沐兰宾馆	地址：怀来县迎宾大道193号（西八里）。联系电话：022-36345002 / 026-68424047。设有地下停车场与充电桩。周边 500 米内即是商场与美食街。含自助早餐，菜品丰富。	C118
5442	楠舍大酒店	地址：怀来县和平路186号（西八里）。联系电话：040-63006202 / 138-61825180。提供高速 Wi‑Fi 及 24 小时热水。酒店内有健身房和洗衣房，住客免费使用。周边 500 米内即是商场与美食街。含自助早餐，菜品丰富。	C118
5443	梅园精品酒店	地址：宣城迎宾大道363号（宣城）。联系电话：044-47354506 / 155-55491585。周边 500 米内即是商场与美食街。部分房型可俯瞰城市天际线。提供高速 Wi‑Fi 及 24 小时热水。设有地下停车场与充电桩。	C098
5444	柏曼酒店	地址：宣城迎宾大道389号（宣城）。联系电话：022-48877228 / 186-10101563。距车站步行 5 分钟，交通便利。周边 500 米内即是商场与美食街。酒店内有健身房和洗衣房，住客免费使用。	C098
5445	丽枫酒店	地址：宣城人民大道129号（宣城）。联系电话：042-29505687 / 157-69214224。可手机自助入住，无接触开门。客房配备记忆棉床垫，保证舒适睡眠。前台多语言服务，支持行李寄存。	C098
5446	云栖宾馆	地址：兴城朝阳街135号（兴城）。联系电话：041-51666232 / 139-31161110。客房配备记忆棉床垫，保证舒适睡眠。可手机自助入住，无接触开门。酒店内有健身房和洗衣房，住客免费使用。	C239
5447	璞丽酒店	地址：兴城中心路354号（兴城）。联系电话：047-52924332。设有地下停车场与充电桩。距车站步行 5 分钟，交通便利。前台多语言服务，支持行李寄存。	C239
5448	沐兰大酒店	地址：兴城人民大道53号（兴城）。联系电话：048-48256541 / 021-66820978。前台多语言服务，支持行李寄存。设有地下停车场与充电桩。	C239
5449	星程宾馆	地址：牟定县迎宾大道42号（小村）。联系电话：043-37755474。距车站步行 5 分钟，交通便利。可手机自助入住，无接触开门。前台多语言服务，支持行李寄存。	C161
5450	星程度假酒店	地址：牟定县中心路272号（小村）。联系电话：036-84152851。可手机自助入住，无接触开门。设有地下停车场与充电桩。含自助早餐，菜品丰富。	C161
5451	柏曼宾馆	地址：牙克石人民大道160号（新绰源）。联系电话：188-75530517 / 198-48264515。设有地下停车场与充电桩。前台多语言服务，支持行李寄存。含自助早餐，菜品丰富。	C060
5452	花筑国际酒店	地址：牙克石朝阳街343号（新绰源）。联系电话：058-47517797 / 043-87670590。酒店内有健身房和洗衣房，住客免费使用。提供高速 Wi‑Fi 及 24 小时热水。周边 500 米内即是商场与美食街。客房配备记忆棉床垫，保证舒适睡眠。	C060
5453	璞丽精品酒店	地址：牙克石解放路188号（新绰源）。联系电话：182-46409072。酒店内有健身房和洗衣房，住客免费使用。距车站步行 5 分钟，交通便利。	C060
5454	柏栎国际酒店	地址：穆棱朝阳街352号（下城子）。联系电话：151-57592985 / 040-39197585。含自助早餐，菜品丰富。设有地下停车场与充电桩。	C207
5455	星程大酒店	地址：穆棱和平路229号（下城子）。联系电话：020-61504951 / 026-51624523。周边 500 米内即是商场与美食街。部分房型可俯瞰城市天际线。距车站步行 5 分钟，交通便利。	C207
5456	星程国际酒店	地址：穆棱朝阳街56号（下城子）。联系电话：059-34289091。部分房型可俯瞰城市天际线。酒店内有健身房和洗衣房，住客免费使用。	C207
5457	星程宾馆	地址：沈阳解放路81号（新城子）。联系电话：051-44139228 / 032-30636101。前台多语言服务，支持行李寄存。部分房型可俯瞰城市天际线。	C172
5458	璞丽宾馆	地址：沈阳和平路113号（新城子）。联系电话：029-52993472。部分房型可俯瞰城市天际线。客房配备记忆棉床垫，保证舒适睡眠。提供高速 Wi‑Fi 及 24 小时热水。	C172
5459	月光精品酒店	地址：沈阳建设路247号（新城子）。联系电话：194-33656844 / 059-45315237。部分房型可俯瞰城市天际线。客房配备记忆棉床垫，保证舒适睡眠。酒店内有健身房和洗衣房，住客免费使用。周边 500 米内即是商场与美食街。	C172
5460	悦榕宾馆	地址：木里藏族自治县朝阳街31号（喜德）。联系电话：031-32425128 / 018-35053400。周边 500 米内即是商场与美食街。设有地下停车场与充电桩。可手机自助入住，无接触开门。酒店内有健身房和洗衣房，住客免费使用。	C037
5461	柏曼大酒店	地址：木里藏族自治县朝阳街157号（喜德）。联系电话：188-45208117 / 193-26578624。设有地下停车场与充电桩。客房配备记忆棉床垫，保证舒适睡眠。前台多语言服务，支持行李寄存。	C037
5462	梅园大酒店	地址：木里藏族自治县和平路366号（喜德）。联系电话：132-41883786。提供高速 Wi‑Fi 及 24 小时热水。前台多语言服务，支持行李寄存。设有地下停车场与充电桩。	C037
5463	梅园精品酒店	地址：罗平县人民大道178号（小得江）。联系电话：196-78635138 / 051-35282424。酒店内有健身房和洗衣房，住客免费使用。前台多语言服务，支持行李寄存。	C148
5464	雅致精品酒店	地址：罗平县迎宾大道197号（小得江）。联系电话：038-77810658 / 022-78243473。前台多语言服务，支持行李寄存。酒店内有健身房和洗衣房，住客免费使用。	C148
5465	花筑酒店	地址：罗平县解放路359号（小得江）。联系电话：013-53562736 / 051-23229436。提供高速 Wi‑Fi 及 24 小时热水。酒店内有健身房和洗衣房，住客免费使用。前台多语言服务，支持行李寄存。	C148
5466	沐兰度假酒店	地址：承德解放路267号（西大庙）。联系电话：045-28674380 / 033-78770878。酒店内有健身房和洗衣房，住客免费使用。周边 500 米内即是商场与美食街。	C130
5467	花筑度假酒店	地址：承德和平路9号（西大庙）。联系电话：152-38575516。客房配备记忆棉床垫，保证舒适睡眠。含自助早餐，菜品丰富。前台多语言服务，支持行李寄存。	C130
5468	碧桂大酒店	地址：钦州人民大道179号（小董）。联系电话：039-41523627 / 194-33973148。周边 500 米内即是商场与美食街。部分房型可俯瞰城市天际线。提供高速 Wi‑Fi 及 24 小时热水。	C275
5469	丽枫度假酒店	地址：钦州建设路29号（小董）。联系电话：130-31308085 / 029-58586137。客房配备记忆棉床垫，保证舒适睡眠。可手机自助入住，无接触开门。部分房型可俯瞰城市天际线。前台多语言服务，支持行李寄存。	C275
5470	沐兰酒店	地址：黑山县和平路120号（小东）。联系电话：198-62686690。可手机自助入住，无接触开门。部分房型可俯瞰城市天际线。	C281
5471	梅园大酒店	地址：黑山县朝阳街282号（小东）。联系电话：194-89094107。酒店内有健身房和洗衣房，住客免费使用。客房配备记忆棉床垫，保证舒适睡眠。	C281
5472	星程酒店	地址：黑山县和平路366号（小东）。联系电话：181-95469916。含自助早餐，菜品丰富。前台多语言服务，支持行李寄存。提供高速 Wi‑Fi 及 24 小时热水。	C281
5473	碧桂精品酒店	地址：哈尔滨人民大道206号（香坊）。联系电话：154-14530451。提供高速 Wi‑Fi 及 24 小时热水。部分房型可俯瞰城市天际线。周边 500 米内即是商场与美食街。	C066
5474	碧桂精品酒店	地址：哈尔滨和平路143号（香坊）。联系电话：015-59600927。含自助早餐，菜品丰富。可手机自助入住，无接触开门。提供高速 Wi‑Fi 及 24 小时热水。部分房型可俯瞰城市天际线。	C066
5475	梅园国际酒店	地址：信丰县中心路117号（信丰）。联系电话：010-76414201。可手机自助入住，无接触开门。设有地下停车场与充电桩。	C252
5476	月光精品酒店	地址：信丰县解放路120号（信丰）。联系电话：047-74553291。部分房型可俯瞰城市天际线。客房配备记忆棉床垫，保证舒适睡眠。含自助早餐，菜品丰富。提供高速 Wi‑Fi 及 24 小时热水。	C252
5477	月光宾馆	地址：信丰县中心路11号（信丰）。联系电话：184-33405747。客房配备记忆棉床垫，保证舒适睡眠。提供高速 Wi‑Fi 及 24 小时热水。	C252
5478	锦江度假酒店	地址：襄汾县和平路81号（襄汾）。联系电话：044-89130577 / 014-45466312。前台多语言服务，支持行李寄存。距车站步行 5 分钟，交通便利。	C011
5479	花筑度假酒店	地址：襄汾县人民大道242号（襄汾）。联系电话：035-22627106 / 130-45812926。提供高速 Wi‑Fi 及 24 小时热水。客房配备记忆棉床垫，保证舒适睡眠。	C011
5480	梅园度假酒店	地址：息烽县解放路298号（息烽）。联系电话：151-37810487。酒店内有健身房和洗衣房，住客免费使用。可手机自助入住，无接触开门。提供高速 Wi‑Fi 及 24 小时热水。设有地下停车场与充电桩。	C249
5481	锦江酒店	地址：息烽县朝阳街263号（息烽）。联系电话：045-60420446 / 028-52087660。含自助早餐，菜品丰富。可手机自助入住，无接触开门。	C249
5482	云栖精品酒店	地址：息烽县迎宾大道188号（息烽）。联系电话：198-30003314 / 048-88606349。设有地下停车场与充电桩。距车站步行 5 分钟，交通便利。周边 500 米内即是商场与美食街。	C249
5483	丽枫国际酒店	地址：新干县人民大道361号（新干）。联系电话：017-31391493。酒店内有健身房和洗衣房，住客免费使用。部分房型可俯瞰城市天际线。可手机自助入住，无接触开门。距车站步行 5 分钟，交通便利。	C054
5484	枫叶精品酒店	地址：新干县建设路80号（新干）。联系电话：195-68163856。距车站步行 5 分钟，交通便利。可手机自助入住，无接触开门。提供高速 Wi‑Fi 及 24 小时热水。设有地下停车场与充电桩。	C054
5485	桔子宾馆	地址：新干县朝阳街209号（新干）。联系电话：047-46578766。酒店内有健身房和洗衣房，住客免费使用。前台多语言服务，支持行李寄存。	C054
5486	枫叶度假酒店	地址：原平人民大道173号（轩岗）。联系电话：028-39942871 / 155-79145308。前台多语言服务，支持行李寄存。含自助早餐，菜品丰富。部分房型可俯瞰城市天际线。周边 500 米内即是商场与美食街。	C124
5487	枫叶度假酒店	地址：原平朝阳街40号（轩岗）。联系电话：190-77207343 / 199-37472600。含自助早餐，菜品丰富。设有地下停车场与充电桩。酒店内有健身房和洗衣房，住客免费使用。可手机自助入住，无接触开门。	C124
5488	雅致国际酒店	地址：原平朝阳街222号（轩岗）。联系电话：012-24070013。提供高速 Wi‑Fi 及 24 小时热水。酒店内有健身房和洗衣房，住客免费使用。部分房型可俯瞰城市天际线。含自助早餐，菜品丰富。	C124
5489	丽枫大酒店	地址：孝感中心路119号（孝感）。联系电话：038-30465194 / 037-58257224。酒店内有健身房和洗衣房，住客免费使用。设有地下停车场与充电桩。距车站步行 5 分钟，交通便利。周边 500 米内即是商场与美食街。	C086
5490	枫叶度假酒店	地址：孝感朝阳街310号（孝感）。联系电话：183-74602041 / 027-55220253。周边 500 米内即是商场与美食街。客房配备记忆棉床垫，保证舒适睡眠。提供高速 Wi‑Fi 及 24 小时热水。	C086
5491	楠舍大酒店	地址：孝感人民大道62号（孝感）。联系电话：181-16956010 / 059-75416055。提供高速 Wi‑Fi 及 24 小时热水。距车站步行 5 分钟，交通便利。	C086
5492	雅致度假酒店	地址：孝感迎宾大道354号（孝感）。联系电话：011-69091082 / 184-32371214。前台多语言服务，支持行李寄存。周边 500 米内即是商场与美食街。含自助早餐，菜品丰富。	C086
5493	花筑大酒店	地址：兰州和平路181号（西固城）。联系电话：156-63921970。前台多语言服务，支持行李寄存。含自助早餐，菜品丰富。部分房型可俯瞰城市天际线。	C034
5494	柏栎大酒店	地址：兰州迎宾大道256号（西固城）。联系电话：152-95968559 / 192-59236019。可手机自助入住，无接触开门。前台多语言服务，支持行李寄存。含自助早餐，菜品丰富。	C034
5495	柏栎宾馆	地址：兰州人民大道112号（西固城）。联系电话：022-23294359。酒店内有健身房和洗衣房，住客免费使用。含自助早餐，菜品丰富。客房配备记忆棉床垫，保证舒适睡眠。	C034
5496	梅园大酒店	地址：兰州朝阳街74号（西固城）。联系电话：038-62341956 / 151-60487172。提供高速 Wi‑Fi 及 24 小时热水。含自助早餐，菜品丰富。	C034
5497	星程度假酒店	地址：兴国县人民大道378号（兴国）。联系电话：051-46128484。周边 500 米内即是商场与美食街。部分房型可俯瞰城市天际线。前台多语言服务，支持行李寄存。提供高速 Wi‑Fi 及 24 小时热水。	C252
5498	云栖精品酒店	地址：兴国县人民大道254号（兴国）。联系电话：059-32489544。周边 500 米内即是商场与美食街。含自助早餐，菜品丰富。设有地下停车场与充电桩。部分房型可俯瞰城市天际线。	C252
5499	沐兰度假酒店	地址：兴国县迎宾大道52号（兴国）。联系电话：029-45962869。含自助早餐，菜品丰富。酒店内有健身房和洗衣房，住客免费使用。	C252
5500	柏栎宾馆	地址：兰州迎宾大道113号（西固）。联系电话：193-83959563 / 189-66724161。部分房型可俯瞰城市天际线。含自助早餐，菜品丰富。距车站步行 5 分钟，交通便利。客房配备记忆棉床垫，保证舒适睡眠。	C034
5501	云栖酒店	地址：兰州和平路127号（西固）。联系电话：045-28152858。周边 500 米内即是商场与美食街。提供高速 Wi‑Fi 及 24 小时热水。酒店内有健身房和洗衣房，住客免费使用。客房配备记忆棉床垫，保证舒适睡眠。	C034
5502	桔子精品酒店	地址：兰州人民大道386号（西固）。联系电话：046-21373348 / 183-85697355。提供高速 Wi‑Fi 及 24 小时热水。设有地下停车场与充电桩。	C034
5503	沐兰酒店	地址：榆中县建设路70号（夏官营）。联系电话：185-47918288 / 157-54222582。前台多语言服务，支持行李寄存。部分房型可俯瞰城市天际线。距车站步行 5 分钟，交通便利。可手机自助入住，无接触开门。	C034
5504	星程酒店	地址：榆中县人民大道29号（夏官营）。联系电话：150-44724912 / 186-22075744。设有地下停车场与充电桩。含自助早餐，菜品丰富。酒店内有健身房和洗衣房，住客免费使用。提供高速 Wi‑Fi 及 24 小时热水。	C034
5505	云栖国际酒店	地址：黑河建设路232号（西岗子）。联系电话：190-69488357。提供高速 Wi‑Fi 及 24 小时热水。距车站步行 5 分钟，交通便利。周边 500 米内即是商场与美食街。部分房型可俯瞰城市天际线。	C310
5506	枫叶精品酒店	地址：黑河朝阳街301号（西岗子）。联系电话：150-61910729。客房配备记忆棉床垫，保证舒适睡眠。距车站步行 5 分钟，交通便利。含自助早餐，菜品丰富。前台多语言服务，支持行李寄存。	C310
5507	丽枫度假酒店	地址：黑河朝阳街168号（西岗子）。联系电话：188-58712069 / 038-72261103。部分房型可俯瞰城市天际线。提供高速 Wi‑Fi 及 24 小时热水。	C310
5508	云栖国际酒店	地址：宣汉县人民大道360号（宣汉）。联系电话：151-84215576 / 154-21576266。客房配备记忆棉床垫，保证舒适睡眠。含自助早餐，菜品丰富。周边 500 米内即是商场与美食街。部分房型可俯瞰城市天际线。	C256
5509	锦江酒店	地址：宣汉县朝阳街290号（宣汉）。联系电话：157-48298174 / 017-58685015。提供高速 Wi‑Fi 及 24 小时热水。客房配备记忆棉床垫，保证舒适睡眠。前台多语言服务，支持行李寄存。部分房型可俯瞰城市天际线。	C256
5510	丽枫酒店	地址：五大连池朝阳街334号（襄河）。联系电话：130-65339509 / 057-63841457。部分房型可俯瞰城市天际线。提供高速 Wi‑Fi 及 24 小时热水。客房配备记忆棉床垫，保证舒适睡眠。	C310
5511	悦榕国际酒店	地址：五大连池朝阳街55号（襄河）。联系电话：187-72606671 / 059-44895565。提供高速 Wi‑Fi 及 24 小时热水。周边 500 米内即是商场与美食街。前台多语言服务，支持行李寄存。	C310
5512	云栖宾馆	地址：新和县朝阳街285号（新和）。联系电话：055-83337787。前台多语言服务，支持行李寄存。提供高速 Wi‑Fi 及 24 小时热水。设有地下停车场与充电桩。	C291
5513	柏栎大酒店	地址：新和县中心路39号（新和）。联系电话：020-24780783。距车站步行 5 分钟，交通便利。酒店内有健身房和洗衣房，住客免费使用。	C291
5514	月光国际酒店	地址：新和县建设路232号（新和）。联系电话：193-82525158。提供高速 Wi‑Fi 及 24 小时热水。设有地下停车场与充电桩。可手机自助入住，无接触开门。	C291
5515	沐兰宾馆	地址：新和县解放路99号（新和）。联系电话：010-46247542。可手机自助入住，无接触开门。距车站步行 5 分钟，交通便利。含自助早餐，菜品丰富。	C291
5516	枫叶国际酒店	地址：中卫迎宾大道112号（宣和）。联系电话：016-27643606。前台多语言服务，支持行李寄存。设有地下停车场与充电桩。客房配备记忆棉床垫，保证舒适睡眠。	C009
5517	璞丽精品酒店	地址：中卫中心路108号（宣和）。联系电话：053-57234573。客房配备记忆棉床垫，保证舒适睡眠。距车站步行 5 分钟，交通便利。	C009
5518	桔子度假酒店	地址：中卫中心路137号（宣和）。联系电话：132-96586356。设有地下停车场与充电桩。提供高速 Wi‑Fi 及 24 小时热水。	C009
5519	丽枫精品酒店	地址：北京和平路344号（斜河涧）。联系电话：019-32828775。设有地下停车场与充电桩。部分房型可俯瞰城市天际线。酒店内有健身房和洗衣房，住客免费使用。	C039
5520	楠舍宾馆	地址：北京人民大道348号（斜河涧）。联系电话：151-29251530 / 030-84221989。客房配备记忆棉床垫，保证舒适睡眠。设有地下停车场与充电桩。	C039
5521	碧桂大酒店	地址：北京解放路167号（斜河涧）。联系电话：050-36055855 / 130-36551768。前台多语言服务，支持行李寄存。设有地下停车场与充电桩。提供高速 Wi‑Fi 及 24 小时热水。	C039
5522	悦榕度假酒店	地址：北京人民大道252号（斜河涧）。联系电话：132-67959333 / 197-74114333。设有地下停车场与充电桩。含自助早餐，菜品丰富。前台多语言服务，支持行李寄存。	C039
5523	星程宾馆	地址：大庆朝阳街122号（新华屯）。联系电话：055-65683540。可手机自助入住，无接触开门。前台多语言服务，支持行李寄存。周边 500 米内即是商场与美食街。客房配备记忆棉床垫，保证舒适睡眠。	C078
5524	悦榕度假酒店	地址：大庆人民大道365号（新华屯）。联系电话：196-99846471。部分房型可俯瞰城市天际线。可手机自助入住，无接触开门。酒店内有健身房和洗衣房，住客免费使用。距车站步行 5 分钟，交通便利。	C078
5525	星程度假酒店	地址：江门和平路252号（新会）。联系电话：051-28892839 / 188-43181417。周边 500 米内即是商场与美食街。客房配备记忆棉床垫，保证舒适睡眠。设有地下停车场与充电桩。可手机自助入住，无接触开门。	C170
5526	梅园大酒店	地址：江门解放路17号（新会）。联系电话：043-30976291 / 019-87278641。部分房型可俯瞰城市天际线。可手机自助入住，无接触开门。	C170
5527	碧桂国际酒店	地址：江门中心路70号（新会）。联系电话：197-54197010。部分房型可俯瞰城市天际线。含自助早餐，菜品丰富。周边 500 米内即是商场与美食街。	C170
5528	丽枫大酒店	地址：鹤岗迎宾大道347号（新华）。联系电话：183-68354126。距车站步行 5 分钟，交通便利。前台多语言服务，支持行李寄存。周边 500 米内即是商场与美食街。设有地下停车场与充电桩。	C305
5529	柏栎大酒店	地址：鹤岗人民大道153号（新华）。联系电话：014-85870430 / 133-24933926。客房配备记忆棉床垫，保证舒适睡眠。周边 500 米内即是商场与美食街。	C305
5530	梅园酒店	地址：新晃侗族自治县和平路342号（新晃）。联系电话：043-69891496。提供高速 Wi‑Fi 及 24 小时热水。前台多语言服务，支持行李寄存。部分房型可俯瞰城市天际线。可手机自助入住，无接触开门。	C125
5531	云栖国际酒店	地址：新晃侗族自治县中心路264号（新晃）。联系电话：193-93582211。酒店内有健身房和洗衣房，住客免费使用。客房配备记忆棉床垫，保证舒适睡眠。提供高速 Wi‑Fi 及 24 小时热水。	C125
5532	柏栎大酒店	地址：娄底和平路143号（新化）。联系电话：055-35856107。周边 500 米内即是商场与美食街。客房配备记忆棉床垫，保证舒适睡眠。含自助早餐，菜品丰富。前台多语言服务，支持行李寄存。	C085
5533	楠舍国际酒店	地址：娄底朝阳街394号（新化）。联系电话：030-60994804。设有地下停车场与充电桩。周边 500 米内即是商场与美食街。	C085
5534	雅致国际酒店	地址：娄底解放路196号（新化）。联系电话：036-31774857。设有地下停车场与充电桩。含自助早餐，菜品丰富。周边 500 米内即是商场与美食街。	C085
5535	雅致精品酒店	地址：张家口中心路42号（宣化）。联系电话：029-45551673。部分房型可俯瞰城市天际线。前台多语言服务，支持行李寄存。客房配备记忆棉床垫，保证舒适睡眠。含自助早餐，菜品丰富。	C118
5536	柏曼国际酒店	地址：张家口和平路9号（宣化）。联系电话：034-77238784。客房配备记忆棉床垫，保证舒适睡眠。可手机自助入住，无接触开门。	C118
5537	花筑精品酒店	地址：张家口人民大道186号（宣化）。联系电话：046-43935547 / 039-48075028。客房配备记忆棉床垫，保证舒适睡眠。前台多语言服务，支持行李寄存。酒店内有健身房和洗衣房，住客免费使用。含自助早餐，菜品丰富。	C118
5538	楠舍度假酒店	地址：张家口朝阳街330号（宣化）。联系电话：041-35939629。部分房型可俯瞰城市天际线。前台多语言服务，支持行李寄存。提供高速 Wi‑Fi 及 24 小时热水。酒店内有健身房和洗衣房，住客免费使用。	C118
5539	花筑酒店	地址：兴和县和平路66号（兴和西）。联系电话：046-71382277 / 052-47654048。前台多语言服务，支持行李寄存。周边 500 米内即是商场与美食街。部分房型可俯瞰城市天际线。酒店内有健身房和洗衣房，住客免费使用。	C016
5540	花筑度假酒店	地址：兴和县迎宾大道64号（兴和西）。联系电话：152-16502913 / 188-48921909。酒店内有健身房和洗衣房，住客免费使用。客房配备记忆棉床垫，保证舒适睡眠。	C016
5541	云栖度假酒店	地址：敖汉旗迎宾大道144号（小河沿）。联系电话：135-42123388。客房配备记忆棉床垫，保证舒适睡眠。提供高速 Wi‑Fi 及 24 小时热水。可手机自助入住，无接触开门。	C253
5542	枫叶精品酒店	地址：敖汉旗建设路396号（小河沿）。联系电话：196-33676084 / 199-20075047。含自助早餐，菜品丰富。客房配备记忆棉床垫，保证舒适睡眠。可手机自助入住，无接触开门。提供高速 Wi‑Fi 及 24 小时热水。	C253
5543	月光大酒店	地址：张家口迎宾大道211号（下花园）。联系电话：015-37931989 / 037-49017378。含自助早餐，菜品丰富。距车站步行 5 分钟，交通便利。	C118
5544	璞丽国际酒店	地址：张家口迎宾大道300号（下花园）。联系电话：017-60616093。距车站步行 5 分钟，交通便利。前台多语言服务，支持行李寄存。部分房型可俯瞰城市天际线。	C118
5545	梅园大酒店	地址：旬阳县解放路308号（小河镇）。联系电话：151-18656061 / 196-36599575。可手机自助入住，无接触开门。酒店内有健身房和洗衣房，住客免费使用。距车站步行 5 分钟，交通便利。	C090
5546	雅致酒店	地址：旬阳县中心路249号（小河镇）。联系电话：017-73291998 / 194-30951619。酒店内有健身房和洗衣房，住客免费使用。设有地下停车场与充电桩。	C090
5547	云栖国际酒店	地址：旬阳县朝阳街195号（小河镇）。联系电话：150-92092412。距车站步行 5 分钟，交通便利。前台多语言服务，支持行李寄存。	C090
5548	柏曼酒店	地址：旬阳县解放路91号（小河镇）。联系电话：152-55438486。设有地下停车场与充电桩。前台多语言服务，支持行李寄存。	C090
5549	楠舍度假酒店	地址：海阳和平路130号（徐家店）。联系电话：028-63830369 / 034-57645695。含自助早餐，菜品丰富。客房配备记忆棉床垫，保证舒适睡眠。可手机自助入住，无接触开门。	C205
5550	枫叶酒店	地址：海阳朝阳街17号（徐家店）。联系电话：042-69968135 / 010-89405298。设有地下停车场与充电桩。距车站步行 5 分钟，交通便利。客房配备记忆棉床垫，保证舒适睡眠。	C205
5551	锦江宾馆	地址：哈尔滨迎宾大道349号（徐家）。联系电话：044-73995388。可手机自助入住，无接触开门。周边 500 米内即是商场与美食街。部分房型可俯瞰城市天际线。设有地下停车场与充电桩。	C066
5552	云栖国际酒店	地址：哈尔滨朝阳街16号（徐家）。联系电话：136-93433327。含自助早餐，菜品丰富。前台多语言服务，支持行李寄存。可手机自助入住，无接触开门。	C066
5553	璞丽宾馆	地址：哈尔滨解放路140号（徐家）。联系电话：048-55626745。周边 500 米内即是商场与美食街。提供高速 Wi‑Fi 及 24 小时热水。可手机自助入住，无接触开门。酒店内有健身房和洗衣房，住客免费使用。	C066
5554	沐兰酒店	地址：峡江县解放路265号（峡江）。联系电话：183-79191939。酒店内有健身房和洗衣房，住客免费使用。距车站步行 5 分钟，交通便利。提供高速 Wi‑Fi 及 24 小时热水。	C054
5555	丽枫精品酒店	地址：峡江县中心路169号（峡江）。联系电话：019-66255404 / 137-94071632。距车站步行 5 分钟，交通便利。部分房型可俯瞰城市天际线。客房配备记忆棉床垫，保证舒适睡眠。周边 500 米内即是商场与美食街。	C054
5556	柏栎精品酒店	地址：峡江县迎宾大道175号（峡江）。联系电话：151-41682128 / 057-82886274。周边 500 米内即是商场与美食街。可手机自助入住，无接触开门。客房配备记忆棉床垫，保证舒适睡眠。	C054
5557	桔子精品酒店	地址：新绛县人民大道190号（新绛）。联系电话：186-19185559 / 058-85473890。距车站步行 5 分钟，交通便利。含自助早餐，菜品丰富。	C257
5558	桔子大酒店	地址：新绛县中心路121号（新绛）。联系电话：183-56186820 / 154-42958211。距车站步行 5 分钟，交通便利。可手机自助入住，无接触开门。	C257
5559	枫叶酒店	地址：辛集和平路73号（辛集）。联系电话：182-47676548 / 195-30714519。设有地下停车场与充电桩。距车站步行 5 分钟，交通便利。客房配备记忆棉床垫，保证舒适睡眠。	C220
5560	雅致国际酒店	地址：辛集朝阳街132号（辛集）。联系电话：058-87866209 / 188-80365020。周边 500 米内即是商场与美食街。提供高速 Wi‑Fi 及 24 小时热水。部分房型可俯瞰城市天际线。前台多语言服务，支持行李寄存。	C220
5561	枫叶酒店	地址：辛集和平路336号（辛集）。联系电话：131-49667700。含自助早餐，菜品丰富。距车站步行 5 分钟，交通便利。可手机自助入住，无接触开门。	C220
5562	碧桂大酒店	地址：辛集人民大道97号（辛集）。联系电话：138-98762596。客房配备记忆棉床垫，保证舒适睡眠。提供高速 Wi‑Fi 及 24 小时热水。距车站步行 5 分钟，交通便利。	C220
5563	雅致精品酒店	地址：攀枝花和平路169号（新江）。联系电话：193-25243168。酒店内有健身房和洗衣房，住客免费使用。周边 500 米内即是商场与美食街。客房配备记忆棉床垫，保证舒适睡眠。	C135
5564	碧桂大酒店	地址：攀枝花人民大道84号（新江）。联系电话：159-62598057 / 044-77886637。酒店内有健身房和洗衣房，住客免费使用。提供高速 Wi‑Fi 及 24 小时热水。可手机自助入住，无接触开门。	C135
5565	丽枫度假酒店	地址：攀枝花建设路15号（新江）。联系电话：133-79332934 / 181-15462347。提供高速 Wi‑Fi 及 24 小时热水。酒店内有健身房和洗衣房，住客免费使用。可手机自助入住，无接触开门。周边 500 米内即是商场与美食街。	C135
5566	丽枫精品酒店	地址：攀枝花建设路41号（新江）。联系电话：134-17222884 / 018-71028918。前台多语言服务，支持行李寄存。距车站步行 5 分钟，交通便利。含自助早餐，菜品丰富。	C135
5567	碧桂大酒店	地址：石林彝族自治县人民大道249号（西街口）。联系电话：052-66209758。周边 500 米内即是商场与美食街。前台多语言服务，支持行李寄存。距车站步行 5 分钟，交通便利。	C142
5568	云栖大酒店	地址：石林彝族自治县解放路202号（西街口）。联系电话：035-65963561。设有地下停车场与充电桩。距车站步行 5 分钟，交通便利。	C142
5569	月光国际酒店	地址：瓦房店建设路180号（许家屯）。联系电话：035-74077955 / 020-27564969。设有地下停车场与充电桩。含自助早餐，菜品丰富。前台多语言服务，支持行李寄存。	C080
5570	梅园度假酒店	地址：瓦房店人民大道13号（许家屯）。联系电话：157-83047376。部分房型可俯瞰城市天际线。酒店内有健身房和洗衣房，住客免费使用。周边 500 米内即是商场与美食街。	C080
5571	柏曼大酒店	地址：瓦房店建设路146号（许家屯）。联系电话：058-25829629 / 131-32912886。提供高速 Wi‑Fi 及 24 小时热水。可手机自助入住，无接触开门。距车站步行 5 分钟，交通便利。周边 500 米内即是商场与美食街。	C080
5572	枫叶大酒店	地址：榆中县建设路370号（许家台）。联系电话：150-46928041 / 054-41798257。酒店内有健身房和洗衣房，住客免费使用。可手机自助入住，无接触开门。提供高速 Wi‑Fi 及 24 小时热水。含自助早餐，菜品丰富。	C034
5573	星程度假酒店	地址：榆中县迎宾大道352号（许家台）。联系电话：022-72533325。提供高速 Wi‑Fi 及 24 小时热水。前台多语言服务，支持行李寄存。酒店内有健身房和洗衣房，住客免费使用。	C034
5574	星程国际酒店	地址：榆中县建设路34号（许家台）。联系电话：194-68951141 / 046-22488076。部分房型可俯瞰城市天际线。含自助早餐，菜品丰富。客房配备记忆棉床垫，保证舒适睡眠。	C034
5575	枫叶酒店	地址：榆中县建设路61号（许家台）。联系电话：058-87257132 / 027-79742361。距车站步行 5 分钟，交通便利。周边 500 米内即是商场与美食街。	C034
5576	枫叶酒店	地址：榆树建设路179号（谢家镇）。联系电话：182-91458870。提供高速 Wi‑Fi 及 24 小时热水。周边 500 米内即是商场与美食街。设有地下停车场与充电桩。	C283
5577	枫叶宾馆	地址：榆树朝阳街330号（谢家镇）。联系电话：188-39019594。可手机自助入住，无接触开门。客房配备记忆棉床垫，保证舒适睡眠。	C283
5578	枫叶大酒店	地址：密山朝阳街274号（兴凯）。联系电话：130-66353292 / 133-39713457。客房配备记忆棉床垫，保证舒适睡眠。可手机自助入住，无接触开门。距车站步行 5 分钟，交通便利。	C303
5579	月光宾馆	地址：密山中心路42号（兴凯）。联系电话：051-31343181。周边 500 米内即是商场与美食街。含自助早餐，菜品丰富。客房配备记忆棉床垫，保证舒适睡眠。	C303
5580	楠舍酒店	地址：密山迎宾大道83号（兴凯）。联系电话：059-80565790 / 180-61421990。客房配备记忆棉床垫，保证舒适睡眠。距车站步行 5 分钟，交通便利。周边 500 米内即是商场与美食街。设有地下停车场与充电桩。	C303
5581	雅致酒店	地址：密山解放路283号（兴凯）。联系电话：188-12278938 / 154-82001150。部分房型可俯瞰城市天际线。周边 500 米内即是商场与美食街。距车站步行 5 分钟，交通便利。客房配备记忆棉床垫，保证舒适睡眠。	C303
5582	锦江酒店	地址：中山解放路58号（小榄）。联系电话：184-18099049 / 186-62721776。酒店内有健身房和洗衣房，住客免费使用。含自助早餐，菜品丰富。距车站步行 5 分钟，交通便利。周边 500 米内即是商场与美食街。	C010
5583	柏栎度假酒店	地址：中山朝阳街197号（小榄）。联系电话：132-63505278。含自助早餐，菜品丰富。提供高速 Wi‑Fi 及 24 小时热水。部分房型可俯瞰城市天际线。可手机自助入住，无接触开门。	C010
5584	柏曼精品酒店	地址：中山人民大道185号（小榄）。联系电话：191-22271965 / 136-41125808。客房配备记忆棉床垫，保证舒适睡眠。前台多语言服务，支持行李寄存。	C010
5585	柏栎精品酒店	地址：中山朝阳街376号（小榄）。联系电话：139-83619746。设有地下停车场与充电桩。部分房型可俯瞰城市天际线。	C010
5586	碧桂大酒店	地址：汤原县建设路152号（香兰）。联系电话：158-87308190。含自助早餐，菜品丰富。设有地下停车场与充电桩。	C026
5587	沐兰国际酒店	地址：汤原县解放路227号（香兰）。联系电话：053-38751526 / 180-63030644。周边 500 米内即是商场与美食街。前台多语言服务，支持行李寄存。部分房型可俯瞰城市天际线。距车站步行 5 分钟，交通便利。	C026
5588	锦江宾馆	地址：新民建设路18号（兴隆店）。联系电话：050-55969321。酒店内有健身房和洗衣房，住客免费使用。部分房型可俯瞰城市天际线。	C172
5589	云栖酒店	地址：新民和平路28号（兴隆店）。联系电话：139-73765944。前台多语言服务，支持行李寄存。客房配备记忆棉床垫，保证舒适睡眠。部分房型可俯瞰城市天际线。	C172
5590	碧桂宾馆	地址：新民人民大道323号（兴隆店）。联系电话：015-42023789 / 033-42165088。提供高速 Wi‑Fi 及 24 小时热水。客房配备记忆棉床垫，保证舒适睡眠。可手机自助入住，无接触开门。	C172
5591	璞丽宾馆	地址：新乐建设路217号（新乐）。联系电话：047-80011835 / 187-20184340。含自助早餐，菜品丰富。距车站步行 5 分钟，交通便利。酒店内有健身房和洗衣房，住客免费使用。可手机自助入住，无接触开门。	C220
5592	桔子国际酒店	地址：新乐解放路388号（新乐）。联系电话：017-56702508。部分房型可俯瞰城市天际线。可手机自助入住，无接触开门。前台多语言服务，支持行李寄存。客房配备记忆棉床垫，保证舒适睡眠。	C220
5593	柏曼度假酒店	地址：新乐朝阳街48号（新乐）。联系电话：053-75633944。可手机自助入住，无接触开门。酒店内有健身房和洗衣房，住客免费使用。	C220
5594	柏栎酒店	地址：大兴安岭建设路231号（新林）。联系电话：051-69867069 / 019-32313981。客房配备记忆棉床垫，保证舒适睡眠。设有地下停车场与充电桩。	C076
5595	碧桂精品酒店	地址：大兴安岭和平路274号（新林）。联系电话：040-86354401。前台多语言服务，支持行李寄存。客房配备记忆棉床垫，保证舒适睡眠。	C076
5596	丽枫度假酒店	地址：哈尔滨建设路322号（小岭）。联系电话：192-42079413。周边 500 米内即是商场与美食街。距车站步行 5 分钟，交通便利。可手机自助入住，无接触开门。	C066
5597	桔子大酒店	地址：哈尔滨建设路216号（小岭）。联系电话：010-46112077 / 150-52121774。距车站步行 5 分钟，交通便利。酒店内有健身房和洗衣房，住客免费使用。设有地下停车场与充电桩。	C066
5598	月光酒店	地址：哈尔滨朝阳街86号（小岭）。联系电话：059-41378068 / 195-85303347。客房配备记忆棉床垫，保证舒适睡眠。提供高速 Wi‑Fi 及 24 小时热水。可手机自助入住，无接触开门。	C066
5599	悦榕度假酒店	地址：平凉迎宾大道51号（新李）。联系电话：010-27582776 / 196-53272943。设有地下停车场与充电桩。周边 500 米内即是商场与美食街。可手机自助入住，无接触开门。提供高速 Wi‑Fi 及 24 小时热水。	C108
5600	锦江精品酒店	地址：平凉人民大道386号（新李）。联系电话：183-65594382。前台多语言服务，支持行李寄存。周边 500 米内即是商场与美食街。酒店内有健身房和洗衣房，住客免费使用。	C108
5601	雅致国际酒店	地址：平凉中心路106号（新李）。联系电话：045-72630905 / 021-44595870。含自助早餐，菜品丰富。客房配备记忆棉床垫，保证舒适睡眠。周边 500 米内即是商场与美食街。	C108
5602	楠舍度假酒店	地址：平凉朝阳街225号（新李）。联系电话：157-63863591 / 018-69064645。客房配备记忆棉床垫，保证舒适睡眠。距车站步行 5 分钟，交通便利。酒店内有健身房和洗衣房，住客免费使用。前台多语言服务，支持行李寄存。	C108
5603	梅园酒店	地址：伊春建设路75号（西林）。联系电话：054-44602757 / 048-55577513。提供高速 Wi‑Fi 及 24 小时热水。前台多语言服务，支持行李寄存。含自助早餐，菜品丰富。	C023
5604	丽枫国际酒店	地址：伊春人民大道399号（西林）。联系电话：139-31888665 / 132-87412893。客房配备记忆棉床垫，保证舒适睡眠。可手机自助入住，无接触开门。	C023
5605	月光大酒店	地址：伊春人民大道310号（西林）。联系电话：181-13152515。周边 500 米内即是商场与美食街。部分房型可俯瞰城市天际线。前台多语言服务，支持行李寄存。可手机自助入住，无接触开门。	C023
5606	楠舍大酒店	地址：伊春和平路34号（西林）。联系电话：036-52368142 / 037-61530106。部分房型可俯瞰城市天际线。距车站步行 5 分钟，交通便利。含自助早餐，菜品丰富。	C023
5607	桔子宾馆	地址：海城朝阳街213号（西柳）。联系电话：182-18934768。距车站步行 5 分钟，交通便利。客房配备记忆棉床垫，保证舒适睡眠。设有地下停车场与充电桩。	C298
5608	丽枫国际酒店	地址：海城和平路153号（西柳）。联系电话：138-59478427。距车站步行 5 分钟，交通便利。前台多语言服务，支持行李寄存。	C298
5609	柏曼精品酒店	地址：海城解放路399号（西柳）。联系电话：048-71916613 / 018-46762032。提供高速 Wi‑Fi 及 24 小时热水。设有地下停车场与充电桩。酒店内有健身房和洗衣房，住客免费使用。	C298
5610	花筑宾馆	地址：海城和平路154号（西柳）。联系电话：014-80290087。可手机自助入住，无接触开门。设有地下停车场与充电桩。前台多语言服务，支持行李寄存。距车站步行 5 分钟，交通便利。	C298
5611	星程度假酒店	地址：南京解放路38号（仙林）。联系电话：134-58546612。前台多语言服务，支持行李寄存。部分房型可俯瞰城市天际线。设有地下停车场与充电桩。	C042
5612	枫叶度假酒店	地址：南京迎宾大道6号（仙林）。联系电话：194-92908601。部分房型可俯瞰城市天际线。酒店内有健身房和洗衣房，住客免费使用。提供高速 Wi‑Fi 及 24 小时热水。可手机自助入住，无接触开门。	C042
5613	柏曼大酒店	地址：黑山县中心路61号（新立屯）。联系电话：030-83060721。距车站步行 5 分钟，交通便利。前台多语言服务，支持行李寄存。客房配备记忆棉床垫，保证舒适睡眠。	C281
5614	沐兰大酒店	地址：黑山县朝阳街389号（新立屯）。联系电话：182-22422188。酒店内有健身房和洗衣房，住客免费使用。部分房型可俯瞰城市天际线。	C281
5615	雅致宾馆	地址：兴隆县建设路186号（兴隆县）。联系电话：020-33806364。周边 500 米内即是商场与美食街。部分房型可俯瞰城市天际线。提供高速 Wi‑Fi 及 24 小时热水。前台多语言服务，支持行李寄存。	C130
5616	雅致宾馆	地址：兴隆县迎宾大道37号（兴隆县）。联系电话：038-37678308。含自助早餐，菜品丰富。酒店内有健身房和洗衣房，住客免费使用。	C130
5617	碧桂国际酒店	地址：巴彦县人民大道101号（兴隆镇）。联系电话：044-61188743 / 185-98750609。周边 500 米内即是商场与美食街。提供高速 Wi‑Fi 及 24 小时热水。部分房型可俯瞰城市天际线。含自助早餐，菜品丰富。	C066
5618	悦榕酒店	地址：巴彦县迎宾大道254号（兴隆镇）。联系电话：018-76102753。提供高速 Wi‑Fi 及 24 小时热水。前台多语言服务，支持行李寄存。周边 500 米内即是商场与美食街。	C066
5619	璞丽酒店	地址：巴彦县建设路81号（兴隆镇）。联系电话：188-29504795。周边 500 米内即是商场与美食街。可手机自助入住，无接触开门。	C066
5620	丽枫精品酒店	地址：巴彦县和平路150号（兴隆镇）。联系电话：016-32786633。酒店内有健身房和洗衣房，住客免费使用。设有地下停车场与充电桩。客房配备记忆棉床垫，保证舒适睡眠。部分房型可俯瞰城市天际线。	C066
5621	枫叶度假酒店	地址：榆树解放路84号（新立镇）。联系电话：194-39456982 / 016-71438644。周边 500 米内即是商场与美食街。含自助早餐，菜品丰富。酒店内有健身房和洗衣房，住客免费使用。	C283
5622	雅致宾馆	地址：榆树迎宾大道249号（新立镇）。联系电话：042-68421712。前台多语言服务，支持行李寄存。酒店内有健身房和洗衣房，住客免费使用。周边 500 米内即是商场与美食街。含自助早餐，菜品丰富。	C283
5623	楠舍大酒店	地址：榆树和平路374号（新立镇）。联系电话：024-46662164 / 022-84195271。设有地下停车场与充电桩。前台多语言服务，支持行李寄存。	C283
5624	星程酒店	地址：榆树中心路8号（新立镇）。联系电话：033-45869407。提供高速 Wi‑Fi 及 24 小时热水。部分房型可俯瞰城市天际线。含自助早餐，菜品丰富。	C283
5625	楠舍大酒店	地址：新民建设路90号（新民）。联系电话：057-68408030 / 180-72399532。设有地下停车场与充电桩。周边 500 米内即是商场与美食街。部分房型可俯瞰城市天际线。含自助早餐，菜品丰富。	C172
5626	桔子国际酒店	地址：新民迎宾大道84号（新民）。联系电话：199-76445325。部分房型可俯瞰城市天际线。周边 500 米内即是商场与美食街。	C172
5627	悦榕大酒店	地址：鸡西和平路22号（西麻山）。联系电话：050-35075714 / 054-38896635。设有地下停车场与充电桩。提供高速 Wi‑Fi 及 24 小时热水。客房配备记忆棉床垫，保证舒适睡眠。周边 500 米内即是商场与美食街。	C303
5628	枫叶大酒店	地址：鸡西迎宾大道74号（西麻山）。联系电话：030-65013582。酒店内有健身房和洗衣房，住客免费使用。客房配备记忆棉床垫，保证舒适睡眠。	C303
5629	悦榕大酒店	地址：鸡西朝阳街152号（西麻山）。联系电话：194-40190063 / 058-27594129。设有地下停车场与充电桩。客房配备记忆棉床垫，保证舒适睡眠。提供高速 Wi‑Fi 及 24 小时热水。	C303
5630	枫叶国际酒店	地址：鸡西解放路64号（西麻山）。联系电话：025-52881699。可手机自助入住，无接触开门。提供高速 Wi‑Fi 及 24 小时热水。	C303
5631	星程大酒店	地址：本溪中心路94号（下马塘）。联系电话：199-85656891 / 057-80340635。提供高速 Wi‑Fi 及 24 小时热水。设有地下停车场与充电桩。距车站步行 5 分钟，交通便利。酒店内有健身房和洗衣房，住客免费使用。	C151
5632	月光宾馆	地址：本溪迎宾大道188号（下马塘）。联系电话：016-27664592。客房配备记忆棉床垫，保证舒适睡眠。前台多语言服务，支持行李寄存。	C151
5633	沐兰宾馆	地址：孝义和平路379号（孝南）。联系电话：181-79527542 / 011-50855955。可手机自助入住，无接触开门。客房配备记忆棉床垫，保证舒适睡眠。提供高速 Wi‑Fi 及 24 小时热水。酒店内有健身房和洗衣房，住客免费使用。	C057
5634	悦榕精品酒店	地址：孝义人民大道93号（孝南）。联系电话：137-43666428。含自助早餐，菜品丰富。部分房型可俯瞰城市天际线。	C057
5635	丽枫国际酒店	地址：咸宁人民大道232号（咸宁北）。联系电话：024-72180446 / 184-83179922。客房配备记忆棉床垫，保证舒适睡眠。周边 500 米内即是商场与美食街。酒店内有健身房和洗衣房，住客免费使用。距车站步行 5 分钟，交通便利。	C063
5636	梅园宾馆	地址：咸宁朝阳街302号（咸宁北）。联系电话：053-87624142。设有地下停车场与充电桩。部分房型可俯瞰城市天际线。距车站步行 5 分钟，交通便利。	C063
5637	楠舍酒店	地址：梅州迎宾大道167号（兴宁）。联系电话：136-91454572 / 181-82662988。距车站步行 5 分钟，交通便利。设有地下停车场与充电桩。周边 500 米内即是商场与美食街。	C159
5638	碧桂宾馆	地址：梅州中心路327号（兴宁）。联系电话：192-48375524。部分房型可俯瞰城市天际线。提供高速 Wi‑Fi 及 24 小时热水。距车站步行 5 分钟，交通便利。酒店内有健身房和洗衣房，住客免费使用。	C159
5639	沐兰大酒店	地址：梅州解放路15号（兴宁）。联系电话：191-20593150。前台多语言服务，支持行李寄存。提供高速 Wi‑Fi 及 24 小时热水。客房配备记忆棉床垫，保证舒适睡眠。	C159
5640	悦榕精品酒店	地址：梅州朝阳街278号（兴宁）。联系电话：181-97392923。提供高速 Wi‑Fi 及 24 小时热水。酒店内有健身房和洗衣房，住客免费使用。	C159
5641	楠舍度假酒店	地址：咸宁解放路352号（咸宁）。联系电话：035-56947156 / 198-59998767。部分房型可俯瞰城市天际线。设有地下停车场与充电桩。	C063
5642	柏曼精品酒店	地址：咸宁中心路128号（咸宁）。联系电话：030-57211038 / 050-41991830。提供高速 Wi‑Fi 及 24 小时热水。含自助早餐，菜品丰富。距车站步行 5 分钟，交通便利。酒店内有健身房和洗衣房，住客免费使用。	C063
5643	悦榕酒店	地址：咸宁建设路263号（咸宁）。联系电话：031-83894351。可手机自助入住，无接触开门。周边 500 米内即是商场与美食街。部分房型可俯瞰城市天际线。	C063
5644	锦江国际酒店	地址：咸宁建设路276号（咸宁）。联系电话：028-88259326。部分房型可俯瞰城市天际线。客房配备记忆棉床垫，保证舒适睡眠。	C063
5645	锦江大酒店	地址：成都和平路242号（犀浦东）。联系电话：183-16586980 / 045-22165883。客房配备记忆棉床垫，保证舒适睡眠。距车站步行 5 分钟，交通便利。酒店内有健身房和洗衣房，住客免费使用。	C128
5646	枫叶精品酒店	地址：成都人民大道8号（犀浦东）。联系电话：133-27925708。客房配备记忆棉床垫，保证舒适睡眠。部分房型可俯瞰城市天际线。设有地下停车场与充电桩。	C128
5647	柏曼酒店	地址：成都中心路293号（犀浦东）。联系电话：027-27791521 / 139-80735950。可手机自助入住，无接触开门。客房配备记忆棉床垫，保证舒适睡眠。提供高速 Wi‑Fi 及 24 小时热水。前台多语言服务，支持行李寄存。	C128
5648	锦江大酒店	地址：成都中心路196号（犀浦东）。联系电话：186-71189605。距车站步行 5 分钟，交通便利。含自助早餐，菜品丰富。周边 500 米内即是商场与美食街。可手机自助入住，无接触开门。	C128
5649	花筑度假酒店	地址：驻马店和平路134号（西平）。联系电话：051-40991518 / 150-16801089。部分房型可俯瞰城市天际线。客房配备记忆棉床垫，保证舒适睡眠。距车站步行 5 分钟，交通便利。提供高速 Wi‑Fi 及 24 小时热水。	C302
5650	悦榕精品酒店	地址：驻马店和平路372号（西平）。联系电话：186-76271229。客房配备记忆棉床垫，保证舒适睡眠。含自助早餐，菜品丰富。可手机自助入住，无接触开门。	C302
5651	云栖精品酒店	地址：驻马店人民大道394号（西平）。联系电话：038-70067828 / 017-58419216。设有地下停车场与充电桩。提供高速 Wi‑Fi 及 24 小时热水。可手机自助入住，无接触开门。	C302
5652	丽枫精品酒店	地址：驻马店朝阳街351号（西平）。联系电话：031-52636171。前台多语言服务，支持行李寄存。周边 500 米内即是商场与美食街。	C302
5653	花筑宾馆	地址：兴平建设路266号（兴平）。联系电话：033-75961066 / 029-24633586。距车站步行 5 分钟，交通便利。含自助早餐，菜品丰富。酒店内有健身房和洗衣房，住客免费使用。设有地下停车场与充电桩。	C064
5654	沐兰大酒店	地址：兴平人民大道264号（兴平）。联系电话：130-37753393 / 130-27298365。前台多语言服务，支持行李寄存。可手机自助入住，无接触开门。	C064
5655	柏栎精品酒店	地址：兴义解放路93号（新坪田）。联系电话：049-42431581 / 033-75767395。酒店内有健身房和洗衣房，住客免费使用。客房配备记忆棉床垫，保证舒适睡眠。距车站步行 5 分钟，交通便利。	C313
5656	碧桂国际酒店	地址：兴义解放路233号（新坪田）。联系电话：150-23141041 / 026-54208730。周边 500 米内即是商场与美食街。酒店内有健身房和洗衣房，住客免费使用。	C313
5657	花筑国际酒店	地址：霞浦县迎宾大道233号（霞浦）。联系电话：184-47032477。前台多语言服务，支持行李寄存。设有地下停车场与充电桩。周边 500 米内即是商场与美食街。含自助早餐，菜品丰富。	C087
5658	楠舍大酒店	地址：霞浦县中心路60号（霞浦）。联系电话：136-35236800 / 027-51715499。客房配备记忆棉床垫，保证舒适睡眠。设有地下停车场与充电桩。	C087
5659	沐兰精品酒店	地址：霞浦县解放路5号（霞浦）。联系电话：197-12862016。提供高速 Wi‑Fi 及 24 小时热水。酒店内有健身房和洗衣房，住客免费使用。	C087
5660	悦榕国际酒店	地址：霞浦县迎宾大道282号（霞浦）。联系电话：014-62423296 / 011-41664070。周边 500 米内即是商场与美食街。距车站步行 5 分钟，交通便利。提供高速 Wi‑Fi 及 24 小时热水。	C087
5661	碧桂宾馆	地址：怀化和平路334号（溆浦）。联系电话：138-90771839 / 029-20270174。前台多语言服务，支持行李寄存。酒店内有健身房和洗衣房，住客免费使用。设有地下停车场与充电桩。提供高速 Wi‑Fi 及 24 小时热水。	C125
5662	花筑宾馆	地址：怀化建设路167号（溆浦）。联系电话：028-39273356。酒店内有健身房和洗衣房，住客免费使用。含自助早餐，菜品丰富。设有地下停车场与充电桩。	C125
5663	锦江度假酒店	地址：怀化中心路148号（溆浦）。联系电话：037-32340054。周边 500 米内即是商场与美食街。前台多语言服务，支持行李寄存。含自助早餐，菜品丰富。	C125
5664	桔子酒店	地址：成都解放路227号（犀浦）。联系电话：190-32903119 / 132-26050864。周边 500 米内即是商场与美食街。含自助早餐，菜品丰富。	C128
5665	星程度假酒店	地址：成都和平路210号（犀浦）。联系电话：024-65432986。部分房型可俯瞰城市天际线。可手机自助入住，无接触开门。	C128
5666	梅园大酒店	地址：伊春和平路185号（新青）。联系电话：136-64039090。距车站步行 5 分钟，交通便利。前台多语言服务，支持行李寄存。可手机自助入住，无接触开门。提供高速 Wi‑Fi 及 24 小时热水。	C023
5667	花筑酒店	地址：伊春迎宾大道313号（新青）。联系电话：158-89664001 / 032-83967987。部分房型可俯瞰城市天际线。含自助早餐，菜品丰富。可手机自助入住，无接触开门。提供高速 Wi‑Fi 及 24 小时热水。	C023
5668	桔子酒店	地址：阜新建设路108号（新邱）。联系电话：030-32088440。可手机自助入住，无接触开门。酒店内有健身房和洗衣房，住客免费使用。	C286
5669	花筑度假酒店	地址：阜新人民大道229号（新邱）。联系电话：058-24129692 / 139-81144646。提供高速 Wi‑Fi 及 24 小时热水。酒店内有健身房和洗衣房，住客免费使用。距车站步行 5 分钟，交通便利。周边 500 米内即是商场与美食街。	C286
5670	花筑度假酒店	地址：阜新迎宾大道108号（新邱）。联系电话：186-69064776 / 024-67337717。提供高速 Wi‑Fi 及 24 小时热水。部分房型可俯瞰城市天际线。设有地下停车场与充电桩。	C286
5671	桔子宾馆	地址：景泰县中心路221号（兴泉堡）。联系电话：189-89466344。可手机自助入住，无接触开门。提供高速 Wi‑Fi 及 24 小时热水。含自助早餐，菜品丰富。酒店内有健身房和洗衣房，住客免费使用。	C213
5672	月光酒店	地址：景泰县迎宾大道162号（兴泉堡）。联系电话：051-72215285 / 025-67170130。提供高速 Wi‑Fi 及 24 小时热水。酒店内有健身房和洗衣房，住客免费使用。部分房型可俯瞰城市天际线。客房配备记忆棉床垫，保证舒适睡眠。	C213
5673	楠舍度假酒店	地址：景泰县和平路296号（兴泉堡）。联系电话：199-69580749 / 010-51141458。酒店内有健身房和洗衣房，住客免费使用。可手机自助入住，无接触开门。周边 500 米内即是商场与美食街。含自助早餐，菜品丰富。	C213
5674	花筑精品酒店	地址：抚松县解放路118号（仙人桥）。联系电话：030-40066954 / 015-62314183。前台多语言服务，支持行李寄存。设有地下停车场与充电桩。酒店内有健身房和洗衣房，住客免费使用。客房配备记忆棉床垫，保证舒适睡眠。	C212
5675	楠舍酒店	地址：抚松县人民大道347号（仙人桥）。联系电话：159-28279664 / 159-19518995。设有地下停车场与充电桩。含自助早餐，菜品丰富。距车站步行 5 分钟，交通便利。可手机自助入住，无接触开门。	C212
5676	月光精品酒店	地址：抚松县人民大道254号（仙人桥）。联系电话：014-41979810 / 197-55211921。可手机自助入住，无接触开门。前台多语言服务，支持行李寄存。含自助早餐，菜品丰富。	C212
5677	桔子精品酒店	地址：抚松县和平路311号（仙人桥）。联系电话：133-12933158 / 045-81613545。周边 500 米内即是商场与美食街。部分房型可俯瞰城市天际线。	C212
5678	星程精品酒店	地址：平泉中心路190号（小寺沟）。联系电话：033-49887142 / 021-48041185。前台多语言服务，支持行李寄存。可手机自助入住，无接触开门。酒店内有健身房和洗衣房，住客免费使用。	C130
5679	碧桂大酒店	地址：平泉解放路358号（小寺沟）。联系电话：180-17318555。前台多语言服务，支持行李寄存。周边 500 米内即是商场与美食街。可手机自助入住，无接触开门。	C130
5680	柏栎精品酒店	地址：勃利县中心路40号（杏树）。联系电话：024-43300081 / 185-14579732。含自助早餐，菜品丰富。周边 500 米内即是商场与美食街。	C001
5681	雅致宾馆	地址：勃利县迎宾大道144号（杏树）。联系电话：013-64351814。设有地下停车场与充电桩。提供高速 Wi‑Fi 及 24 小时热水。前台多语言服务，支持行李寄存。酒店内有健身房和洗衣房，住客免费使用。	C001
5682	星程宾馆	地址：浠水县解放路246号（浠水）。联系电话：049-73383756。部分房型可俯瞰城市天际线。前台多语言服务，支持行李寄存。可手机自助入住，无接触开门。	C307
5683	悦榕大酒店	地址：浠水县和平路112号（浠水）。联系电话：037-44629399。周边 500 米内即是商场与美食街。客房配备记忆棉床垫，保证舒适睡眠。前台多语言服务，支持行李寄存。距车站步行 5 分钟，交通便利。	C307
5684	星程酒店	地址：浠水县迎宾大道77号（浠水）。联系电话：137-29408533 / 181-88850600。前台多语言服务，支持行李寄存。周边 500 米内即是商场与美食街。距车站步行 5 分钟，交通便利。	C307
5685	云栖酒店	地址：浠水县建设路176号（浠水）。联系电话：012-56163976 / 183-87513763。酒店内有健身房和洗衣房，住客免费使用。可手机自助入住，无接触开门。客房配备记忆棉床垫，保证舒适睡眠。	C307
5686	悦榕大酒店	地址：代县朝阳街338号（下社）。联系电话：037-42240166 / 181-94488821。酒店内有健身房和洗衣房，住客免费使用。设有地下停车场与充电桩。含自助早餐，菜品丰富。	C124
5687	沐兰精品酒店	地址：代县人民大道249号（下社）。联系电话：047-89297213。前台多语言服务，支持行李寄存。部分房型可俯瞰城市天际线。周边 500 米内即是商场与美食街。	C124
5688	璞丽宾馆	地址：代县建设路231号（下社）。联系电话：040-89524473。前台多语言服务，支持行李寄存。提供高速 Wi‑Fi 及 24 小时热水。设有地下停车场与充电桩。	C124
5689	月光宾馆	地址：代县迎宾大道1号（下社）。联系电话：180-80099452。前台多语言服务，支持行李寄存。提供高速 Wi‑Fi 及 24 小时热水。周边 500 米内即是商场与美食街。距车站步行 5 分钟，交通便利。	C124
5690	楠舍宾馆	地址：本溪满族自治县和平路105号（小市）。联系电话：037-25960299 / 158-59491906。周边 500 米内即是商场与美食街。可手机自助入住，无接触开门。距车站步行 5 分钟，交通便利。	C151
5691	柏栎度假酒店	地址：本溪满族自治县朝阳街189号（小市）。联系电话：048-36177414 / 010-77014379。提供高速 Wi‑Fi 及 24 小时热水。距车站步行 5 分钟，交通便利。酒店内有健身房和洗衣房，住客免费使用。可手机自助入住，无接触开门。	C151
5692	枫叶大酒店	地址：保定朝阳街190号（徐水）。联系电话：139-44428513 / 011-46153618。部分房型可俯瞰城市天际线。可手机自助入住，无接触开门。	C027
5693	枫叶宾馆	地址：保定建设路100号（徐水）。联系电话：196-68290373 / 197-26952760。客房配备记忆棉床垫，保证舒适睡眠。设有地下停车场与充电桩。	C027
5694	雅致宾馆	地址：保定和平路115号（徐水）。联系电话：059-88499832 / 187-55007168。酒店内有健身房和洗衣房，住客免费使用。可手机自助入住，无接触开门。提供高速 Wi‑Fi 及 24 小时热水。	C027
5695	柏栎度假酒店	地址：保定人民大道28号（徐水）。联系电话：012-75917361。距车站步行 5 分钟，交通便利。部分房型可俯瞰城市天际线。提供高速 Wi‑Fi 及 24 小时热水。	C027
5696	悦榕国际酒店	地址：凭祥朝阳街134号（夏石）。联系电话：190-39007049。周边 500 米内即是商场与美食街。可手机自助入住，无接触开门。	C102
5697	桔子大酒店	地址：凭祥迎宾大道183号（夏石）。联系电话：184-86296191。客房配备记忆棉床垫，保证舒适睡眠。部分房型可俯瞰城市天际线。酒店内有健身房和洗衣房，住客免费使用。前台多语言服务，支持行李寄存。	C102
5698	璞丽大酒店	地址：凭祥和平路353号（夏石）。联系电话：199-53140030。距车站步行 5 分钟，交通便利。周边 500 米内即是商场与美食街。含自助早餐，菜品丰富。设有地下停车场与充电桩。	C102
5699	锦江酒店	地址：昆明中心路288号（小哨）。联系电话：184-38473414 / 033-21722908。周边 500 米内即是商场与美食街。前台多语言服务，支持行李寄存。客房配备记忆棉床垫，保证舒适睡眠。含自助早餐，菜品丰富。	C142
5700	雅致精品酒店	地址：昆明人民大道68号（小哨）。联系电话：020-32305867。前台多语言服务，支持行李寄存。提供高速 Wi‑Fi 及 24 小时热水。客房配备记忆棉床垫，保证舒适睡眠。含自助早餐，菜品丰富。	C142
5701	月光宾馆	地址：昆明朝阳街239号（小哨）。联系电话：150-67493428。客房配备记忆棉床垫，保证舒适睡眠。设有地下停车场与充电桩。可手机自助入住，无接触开门。距车站步行 5 分钟，交通便利。	C142
5702	月光度假酒店	地址：秀山土家族苗族自治县中心路218号（秀山）。联系电话：056-37126665 / 024-46018226。含自助早餐，菜品丰富。距车站步行 5 分钟，交通便利。	C272
5703	月光精品酒店	地址：秀山土家族苗族自治县建设路62号（秀山）。联系电话：188-46951830。部分房型可俯瞰城市天际线。设有地下停车场与充电桩。可手机自助入住，无接触开门。距车站步行 5 分钟，交通便利。	C272
5704	柏曼宾馆	地址：哈尔滨解放路60号（新松浦）。联系电话：136-59543046。距车站步行 5 分钟，交通便利。客房配备记忆棉床垫，保证舒适睡眠。设有地下停车场与充电桩。	C066
5705	璞丽宾馆	地址：哈尔滨和平路26号（新松浦）。联系电话：132-48212023 / 158-27267868。距车站步行 5 分钟，交通便利。可手机自助入住，无接触开门。	C066
5706	枫叶度假酒店	地址：大连朝阳街77号（杏树屯）。联系电话：035-46393935 / 058-37101599。客房配备记忆棉床垫，保证舒适睡眠。提供高速 Wi‑Fi 及 24 小时热水。周边 500 米内即是商场与美食街。	C080
5707	楠舍宾馆	地址：大连建设路380号（杏树屯）。联系电话：015-76409152 / 154-73963091。可手机自助入住，无接触开门。酒店内有健身房和洗衣房，住客免费使用。	C080
5708	梅园精品酒店	地址：大连朝阳街317号（杏树屯）。联系电话：191-48273168 / 181-46740884。部分房型可俯瞰城市天际线。周边 500 米内即是商场与美食街。距车站步行 5 分钟，交通便利。客房配备记忆棉床垫，保证舒适睡眠。	C080
5709	桔子度假酒店	地址：大连迎宾大道355号（杏树屯）。联系电话：197-34448331。提供高速 Wi‑Fi 及 24 小时热水。设有地下停车场与充电桩。酒店内有健身房和洗衣房，住客免费使用。	C080
5710	柏曼酒店	地址：高台县中心路368号（许三湾）。联系电话：046-74308653。前台多语言服务，支持行李寄存。距车站步行 5 分钟，交通便利。周边 500 米内即是商场与美食街。含自助早餐，菜品丰富。	C120
5711	月光大酒店	地址：高台县解放路319号（许三湾）。联系电话：157-80909835。部分房型可俯瞰城市天际线。可手机自助入住，无接触开门。设有地下停车场与充电桩。酒店内有健身房和洗衣房，住客免费使用。	C120
5712	悦榕国际酒店	地址：湘潭解放路395号（湘潭）。联系电话：133-27578692 / 034-30943688。可手机自助入住，无接触开门。距车站步行 5 分钟，交通便利。部分房型可俯瞰城市天际线。	C195
5713	星程大酒店	地址：湘潭解放路189号（湘潭）。联系电话：156-63467730 / 033-38534630。周边 500 米内即是商场与美食街。距车站步行 5 分钟，交通便利。设有地下停车场与充电桩。	C195
5714	悦榕大酒店	地址：邢台朝阳街195号（邢台）。联系电话：024-69186410。前台多语言服务，支持行李寄存。可手机自助入住，无接触开门。周边 500 米内即是商场与美食街。距车站步行 5 分钟，交通便利。	C263
5715	楠舍精品酒店	地址：邢台迎宾大道158号（邢台）。联系电话：184-27050273。距车站步行 5 分钟，交通便利。含自助早餐，菜品丰富。部分房型可俯瞰城市天际线。酒店内有健身房和洗衣房，住客免费使用。	C263
5716	月光宾馆	地址：南昌县和平路251号（向塘）。联系电话：050-86965686 / 136-70242502。前台多语言服务，支持行李寄存。酒店内有健身房和洗衣房，住客免费使用。周边 500 米内即是商场与美食街。	C046
5717	悦榕宾馆	地址：南昌县朝阳街40号（向塘）。联系电话：057-72228942。部分房型可俯瞰城市天际线。可手机自助入住，无接触开门。周边 500 米内即是商场与美食街。	C046
5718	星程酒店	地址：南昌县朝阳街193号（向塘）。联系电话：024-38768581。周边 500 米内即是商场与美食街。设有地下停车场与充电桩。可手机自助入住，无接触开门。	C046
5719	碧桂国际酒店	地址：仙桃中心路122号（仙桃西）。联系电话：187-22023059 / 024-57480636。周边 500 米内即是商场与美食街。部分房型可俯瞰城市天际线。距车站步行 5 分钟，交通便利。可手机自助入住，无接触开门。	C320
5720	悦榕度假酒店	地址：仙桃人民大道374号（仙桃西）。联系电话：054-88099116 / 152-32500539。周边 500 米内即是商场与美食街。含自助早餐，菜品丰富。	C320
5721	桔子国际酒店	地址：仙桃建设路315号（仙桃西）。联系电话：158-84961952。含自助早餐，菜品丰富。提供高速 Wi‑Fi 及 24 小时热水。可手机自助入住，无接触开门。	C320
5722	枫叶度假酒店	地址：仙桃中心路239号（仙桃西）。联系电话：049-73506181 / 133-58132400。提供高速 Wi‑Fi 及 24 小时热水。部分房型可俯瞰城市天际线。	C320
5723	梅园宾馆	地址：兴隆县中心路123号（下台子）。联系电话：196-91280182。提供高速 Wi‑Fi 及 24 小时热水。部分房型可俯瞰城市天际线。可手机自助入住，无接触开门。距车站步行 5 分钟，交通便利。	C130
5724	柏栎精品酒店	地址：兴隆县朝阳街276号（下台子）。联系电话：187-35753057 / 130-44075244。设有地下停车场与充电桩。含自助早餐，菜品丰富。部分房型可俯瞰城市天际线。	C130
5725	沐兰大酒店	地址：兴隆县迎宾大道124号（下台子）。联系电话：019-59551959 / 194-77010973。设有地下停车场与充电桩。酒店内有健身房和洗衣房，住客免费使用。可手机自助入住，无接触开门。客房配备记忆棉床垫，保证舒适睡眠。	C130
5726	悦榕酒店	地址：湛江朝阳街41号（徐闻）。联系电话：132-61300023 / 049-71323048。客房配备记忆棉床垫，保证舒适睡眠。部分房型可俯瞰城市天际线。前台多语言服务，支持行李寄存。距车站步行 5 分钟，交通便利。	C197
5727	璞丽大酒店	地址：湛江朝阳街250号（徐闻）。联系电话：135-24293125 / 154-15017868。周边 500 米内即是商场与美食街。部分房型可俯瞰城市天际线。酒店内有健身房和洗衣房，住客免费使用。设有地下停车场与充电桩。	C197
5728	悦榕大酒店	地址：湛江建设路26号（徐闻）。联系电话：038-55193496。周边 500 米内即是商场与美食街。设有地下停车场与充电桩。提供高速 Wi‑Fi 及 24 小时热水。前台多语言服务，支持行李寄存。	C197
5729	梅园宾馆	地址：敖汉旗和平路311号（新窝铺）。联系电话：038-65119124。距车站步行 5 分钟，交通便利。客房配备记忆棉床垫，保证舒适睡眠。	C253
5730	璞丽宾馆	地址：敖汉旗迎宾大道191号（新窝铺）。联系电话：017-46686991。部分房型可俯瞰城市天际线。酒店内有健身房和洗衣房，住客免费使用。可手机自助入住，无接触开门。设有地下停车场与充电桩。	C253
5731	楠舍宾馆	地址：敖汉旗人民大道62号（新窝铺）。联系电话：156-67710534。距车站步行 5 分钟，交通便利。含自助早餐，菜品丰富。设有地下停车场与充电桩。可手机自助入住，无接触开门。	C253
5732	花筑大酒店	地址：敖汉旗和平路235号（新窝铺）。联系电话：130-42446092 / 197-58726929。前台多语言服务，支持行李寄存。设有地下停车场与充电桩。酒店内有健身房和洗衣房，住客免费使用。	C253
5733	枫叶酒店	地址：焦作朝阳街323号（修武）。联系电话：036-29909026。部分房型可俯瞰城市天际线。客房配备记忆棉床垫，保证舒适睡眠。	C206
5734	星程国际酒店	地址：焦作和平路77号（修武）。联系电话：191-70756375。酒店内有健身房和洗衣房，住客免费使用。前台多语言服务，支持行李寄存。提供高速 Wi‑Fi 及 24 小时热水。	C206
5735	璞丽宾馆	地址：焦作人民大道331号（修武）。联系电话：015-70567971 / 198-39862722。酒店内有健身房和洗衣房，住客免费使用。设有地下停车场与充电桩。前台多语言服务，支持行李寄存。含自助早餐，菜品丰富。	C206
5736	雅致宾馆	地址：焦作和平路137号（修武）。联系电话：016-53034719 / 034-41864304。部分房型可俯瞰城市天际线。可手机自助入住，无接触开门。	C206
5737	璞丽度假酒店	地址：新县朝阳街229号（新县）。联系电话：182-45685287。含自助早餐，菜品丰富。设有地下停车场与充电桩。客房配备记忆棉床垫，保证舒适睡眠。	C028
5738	楠舍国际酒店	地址：新县朝阳街380号（新县）。联系电话：158-92299782 / 022-46355503。酒店内有健身房和洗衣房，住客免费使用。前台多语言服务，支持行李寄存。距车站步行 5 分钟，交通便利。	C028
5739	星程宾馆	地址：新县迎宾大道238号（新县）。联系电话：186-55268787。设有地下停车场与充电桩。提供高速 Wi‑Fi 及 24 小时热水。	C028
5740	月光国际酒店	地址：新县人民大道397号（新县）。联系电话：010-70282004。可手机自助入住，无接触开门。距车站步行 5 分钟，交通便利。提供高速 Wi‑Fi 及 24 小时热水。	C028
5741	梅园国际酒店	地址：息县建设路318号（息县）。联系电话：036-74298132。客房配备记忆棉床垫，保证舒适睡眠。提供高速 Wi‑Fi 及 24 小时热水。部分房型可俯瞰城市天际线。	C028
5742	璞丽酒店	地址：息县中心路393号（息县）。联系电话：152-63362728。提供高速 Wi‑Fi 及 24 小时热水。设有地下停车场与充电桩。酒店内有健身房和洗衣房，住客免费使用。距车站步行 5 分钟，交通便利。	C028
5743	花筑宾馆	地址：西乡县迎宾大道55号（西乡）。联系电话：042-25042047 / 049-81407185。客房配备记忆棉床垫，保证舒适睡眠。含自助早餐，菜品丰富。可手机自助入住，无接触开门。	C167
5744	悦榕宾馆	地址：西乡县朝阳街127号（西乡）。联系电话：051-50000615 / 013-21617602。设有地下停车场与充电桩。周边 500 米内即是商场与美食街。可手机自助入住，无接触开门。	C167
5745	花筑宾馆	地址：西乡县迎宾大道238号（西乡）。联系电话：040-39571216。设有地下停车场与充电桩。含自助早餐，菜品丰富。	C167
5746	云栖精品酒店	地址：西乡县解放路87号（西乡）。联系电话：050-34167072 / 154-37214493。距车站步行 5 分钟，交通便利。客房配备记忆棉床垫，保证舒适睡眠。可手机自助入住，无接触开门。周边 500 米内即是商场与美食街。	C167
5747	云栖大酒店	地址：湘潭人民大道364号（湘乡）。联系电话：184-22451122。前台多语言服务，支持行李寄存。酒店内有健身房和洗衣房，住客免费使用。提供高速 Wi‑Fi 及 24 小时热水。客房配备记忆棉床垫，保证舒适睡眠。	C195
5748	锦江宾馆	地址：湘潭人民大道159号（湘乡）。联系电话：045-23482514。客房配备记忆棉床垫，保证舒适睡眠。部分房型可俯瞰城市天际线。设有地下停车场与充电桩。	C195
5749	枫叶酒店	地址：湘潭朝阳街139号（湘乡）。联系电话：186-46281924。前台多语言服务，支持行李寄存。周边 500 米内即是商场与美食街。	C195
5750	碧桂精品酒店	地址：西峡县中心路232号（西峡）。联系电话：156-15641088。酒店内有健身房和洗衣房，住客免费使用。含自助早餐，菜品丰富。	C048
5751	璞丽宾馆	地址：西峡县迎宾大道73号（西峡）。联系电话：133-46129918。客房配备记忆棉床垫，保证舒适睡眠。酒店内有健身房和洗衣房，住客免费使用。	C048
5752	璞丽精品酒店	地址：西峡县和平路341号（西峡）。联系电话：041-71341649 / 028-22685999。周边 500 米内即是商场与美食街。距车站步行 5 分钟，交通便利。	C048
5753	枫叶国际酒店	地址：孝义人民大道299号（孝西）。联系电话：028-27667895。前台多语言服务，支持行李寄存。含自助早餐，菜品丰富。	C057
5754	璞丽酒店	地址：孝义解放路51号（孝西）。联系电话：136-44747911。距车站步行 5 分钟，交通便利。周边 500 米内即是商场与美食街。酒店内有健身房和洗衣房，住客免费使用。	C057
5755	丽枫酒店	地址：孝义建设路276号（孝西）。联系电话：134-39307386。客房配备记忆棉床垫，保证舒适睡眠。可手机自助入住，无接触开门。距车站步行 5 分钟，交通便利。	C057
5756	月光度假酒店	地址：嵩明县建设路200号（小新街）。联系电话：153-50718341。提供高速 Wi‑Fi 及 24 小时热水。距车站步行 5 分钟，交通便利。客房配备记忆棉床垫，保证舒适睡眠。酒店内有健身房和洗衣房，住客免费使用。	C142
5757	锦江国际酒店	地址：嵩明县迎宾大道292号（小新街）。联系电话：031-54558191 / 183-45354112。部分房型可俯瞰城市天际线。周边 500 米内即是商场与美食街。酒店内有健身房和洗衣房，住客免费使用。	C142
5758	梅园酒店	地址：新兴县和平路316号（新兴县）。联系电话：189-39819234。可手机自助入住，无接触开门。设有地下停车场与充电桩。周边 500 米内即是商场与美食街。	C021
5759	花筑酒店	地址：新兴县迎宾大道199号（新兴县）。联系电话：193-49462877。周边 500 米内即是商场与美食街。酒店内有健身房和洗衣房，住客免费使用。可手机自助入住，无接触开门。前台多语言服务，支持行李寄存。	C021
5760	锦江大酒店	地址：新兴县迎宾大道281号（新兴县）。联系电话：198-41311963 / 136-10348759。客房配备记忆棉床垫，保证舒适睡眠。部分房型可俯瞰城市天际线。含自助早餐，菜品丰富。	C021
5761	星程大酒店	地址：新兴县迎宾大道379号（新兴县）。联系电话：199-37091162 / 025-29324738。含自助早餐，菜品丰富。距车站步行 5 分钟，交通便利。酒店内有健身房和洗衣房，住客免费使用。客房配备记忆棉床垫，保证舒适睡眠。	C021
5762	雅致酒店	地址：乌拉特前旗解放路381号（西小召）。联系电话：139-37119227。部分房型可俯瞰城市天际线。酒店内有健身房和洗衣房，住客免费使用。	C104
5763	锦江宾馆	地址：乌拉特前旗人民大道244号（西小召）。联系电话：025-26952015 / 054-78957496。可手机自助入住，无接触开门。客房配备记忆棉床垫，保证舒适睡眠。周边 500 米内即是商场与美食街。	C104
5764	梅园大酒店	地址：乌拉特前旗和平路333号（西小召）。联系电话：052-54762426 / 184-30031989。设有地下停车场与充电桩。部分房型可俯瞰城市天际线。含自助早餐，菜品丰富。酒店内有健身房和洗衣房，住客免费使用。	C104
5765	柏栎酒店	地址：乌拉特前旗建设路216号（西小召）。联系电话：158-99192584。前台多语言服务，支持行李寄存。周边 500 米内即是商场与美食街。酒店内有健身房和洗衣房，住客免费使用。	C104
5766	梅园精品酒店	地址：涞源县迎宾大道117号（小西庄）。联系电话：186-11560423。酒店内有健身房和洗衣房，住客免费使用。设有地下停车场与充电桩。含自助早餐，菜品丰富。	C027
5767	星程大酒店	地址：涞源县建设路93号（小西庄）。联系电话：052-26473510 / 183-33406584。距车站步行 5 分钟，交通便利。前台多语言服务，支持行李寄存。提供高速 Wi‑Fi 及 24 小时热水。可手机自助入住，无接触开门。	C027
5768	枫叶度假酒店	地址：林口县解放路361号（向阳）。联系电话：012-83262769。含自助早餐，菜品丰富。周边 500 米内即是商场与美食街。酒店内有健身房和洗衣房，住客免费使用。提供高速 Wi‑Fi 及 24 小时热水。	C207
5769	丽枫精品酒店	地址：林口县朝阳街126号（向阳）。联系电话：193-13080346 / 037-28337504。距车站步行 5 分钟，交通便利。可手机自助入住，无接触开门。	C207
5770	桔子度假酒店	地址：旬阳县建设路234号（旬阳）。联系电话：190-92042921。提供高速 Wi‑Fi 及 24 小时热水。客房配备记忆棉床垫，保证舒适睡眠。	C090
5771	楠舍酒店	地址：旬阳县建设路23号（旬阳）。联系电话：198-22016141。设有地下停车场与充电桩。客房配备记忆棉床垫，保证舒适睡眠。可手机自助入住，无接触开门。	C090
5772	桔子国际酒店	地址：旬阳县迎宾大道120号（旬阳）。联系电话：048-32014483。提供高速 Wi‑Fi 及 24 小时热水。含自助早餐，菜品丰富。周边 500 米内即是商场与美食街。	C090
5773	碧桂宾馆	地址：旬阳县和平路273号（旬阳）。联系电话：010-76436751。前台多语言服务，支持行李寄存。距车站步行 5 分钟，交通便利。含自助早餐，菜品丰富。可手机自助入住，无接触开门。	C090
5774	柏曼宾馆	地址：旬阳县中心路308号（旬阳北）。联系电话：131-97108827。距车站步行 5 分钟，交通便利。含自助早餐，菜品丰富。	C090
5775	丽枫酒店	地址：旬阳县中心路184号（旬阳北）。联系电话：155-91959489 / 151-41592360。周边 500 米内即是商场与美食街。酒店内有健身房和洗衣房，住客免费使用。	C090
5776	楠舍酒店	地址：旬阳县朝阳街47号（旬阳北）。联系电话：036-88147399。可手机自助入住，无接触开门。酒店内有健身房和洗衣房，住客免费使用。客房配备记忆棉床垫，保证舒适睡眠。部分房型可俯瞰城市天际线。	C090
5777	云栖国际酒店	地址：襄阳朝阳街353号（襄阳东）。联系电话：186-54494534。客房配备记忆棉床垫，保证舒适睡眠。部分房型可俯瞰城市天际线。提供高速 Wi‑Fi 及 24 小时热水。	C244
5778	悦榕宾馆	地址：襄阳迎宾大道28号（襄阳东）。联系电话：050-22608000 / 157-48674312。距车站步行 5 分钟，交通便利。含自助早餐，菜品丰富。部分房型可俯瞰城市天际线。	C244
5779	丽枫大酒店	地址：襄阳朝阳街92号（襄阳东）。联系电话：033-41697334。含自助早餐，菜品丰富。前台多语言服务，支持行李寄存。部分房型可俯瞰城市天际线。客房配备记忆棉床垫，保证舒适睡眠。	C244
5780	云栖大酒店	地址：兴业县人民大道50号（兴业）。联系电话：155-54994974。可手机自助入住，无接触开门。前台多语言服务，支持行李寄存。周边 500 米内即是商场与美食街。距车站步行 5 分钟，交通便利。	C208
5781	柏栎酒店	地址：兴业县中心路308号（兴业）。联系电话：133-18304172 / 041-54515298。客房配备记忆棉床垫，保证舒适睡眠。距车站步行 5 分钟，交通便利。	C208
5782	桔子国际酒店	地址：兴业县和平路92号（兴业）。联系电话：184-57298721。距车站步行 5 分钟，交通便利。设有地下停车场与充电桩。	C208
5783	梅园宾馆	地址：兴业县建设路147号（兴业）。联系电话：190-45087223。周边 500 米内即是商场与美食街。设有地下停车场与充电桩。	C208
5784	雅致酒店	地址：盘州迎宾大道165号（小雨谷）。联系电话：132-71784081。部分房型可俯瞰城市天际线。提供高速 Wi‑Fi 及 24 小时热水。含自助早餐，菜品丰富。周边 500 米内即是商场与美食街。	C033
5785	丽枫宾馆	地址：盘州和平路277号（小雨谷）。联系电话：048-44350832 / 059-22877585。前台多语言服务，支持行李寄存。部分房型可俯瞰城市天际线。	C033
5786	柏曼国际酒店	地址：新沂迎宾大道119号（新沂）。联系电话：152-43748801 / 035-40700451。可手机自助入住，无接触开门。酒店内有健身房和洗衣房，住客免费使用。客房配备记忆棉床垫，保证舒适睡眠。部分房型可俯瞰城市天际线。	C121
5787	碧桂度假酒店	地址：新沂朝阳街357号（新沂）。联系电话：016-73948065 / 180-17378919。客房配备记忆棉床垫，保证舒适睡眠。可手机自助入住，无接触开门。提供高速 Wi‑Fi 及 24 小时热水。距车站步行 5 分钟，交通便利。	C121
5788	枫叶度假酒店	地址：兴义解放路334号（兴义）。联系电话：028-67055573。部分房型可俯瞰城市天际线。提供高速 Wi‑Fi 及 24 小时热水。	C313
5789	梅园宾馆	地址：兴义和平路227号（兴义）。联系电话：186-32794621 / 029-78393581。可手机自助入住，无接触开门。含自助早餐，菜品丰富。周边 500 米内即是商场与美食街。酒店内有健身房和洗衣房，住客免费使用。	C313
5790	柏曼度假酒店	地址：兴义人民大道150号（兴义）。联系电话：019-30551025。可手机自助入住，无接触开门。含自助早餐，菜品丰富。客房配备记忆棉床垫，保证舒适睡眠。	C313
5791	云栖精品酒店	地址：信宜人民大道138号（信宜）。联系电话：044-65850660。周边 500 米内即是商场与美食街。设有地下停车场与充电桩。距车站步行 5 分钟，交通便利。	C232
5792	沐兰精品酒店	地址：信宜和平路261号（信宜）。联系电话：034-67678711。部分房型可俯瞰城市天际线。距车站步行 5 分钟，交通便利。周边 500 米内即是商场与美食街。	C232
5793	碧桂大酒店	地址：元谋县和平路59号（小月旧）。联系电话：048-34406103。酒店内有健身房和洗衣房，住客免费使用。部分房型可俯瞰城市天际线。设有地下停车场与充电桩。客房配备记忆棉床垫，保证舒适睡眠。	C161
5794	柏栎宾馆	地址：元谋县迎宾大道195号（小月旧）。联系电话：012-59593472。可手机自助入住，无接触开门。含自助早餐，菜品丰富。	C161
5795	锦江酒店	地址：元谋县建设路391号（小月旧）。联系电话：158-26076123 / 054-75705038。客房配备记忆棉床垫，保证舒适睡眠。距车站步行 5 分钟，交通便利。含自助早餐，菜品丰富。	C161
5796	梅园大酒店	地址：元谋县中心路256号（小月旧）。联系电话：158-54626152。提供高速 Wi‑Fi 及 24 小时热水。可手机自助入住，无接触开门。含自助早餐，菜品丰富。距车站步行 5 分钟，交通便利。	C161
5797	柏栎大酒店	地址：大兴安岭和平路286号（小扬气）。联系电话：045-61603966 / 021-73363791。部分房型可俯瞰城市天际线。周边 500 米内即是商场与美食街。距车站步行 5 分钟，交通便利。	C076
5798	悦榕精品酒店	地址：大兴安岭解放路361号（小扬气）。联系电话：052-53803580 / 032-41163713。可手机自助入住，无接触开门。距车站步行 5 分钟，交通便利。客房配备记忆棉床垫，保证舒适睡眠。周边 500 米内即是商场与美食街。	C076
5799	柏曼度假酒店	地址：襄垣县建设路349号（襄垣）。联系电话：013-38019076 / 044-40151268。提供高速 Wi‑Fi 及 24 小时热水。含自助早餐，菜品丰富。部分房型可俯瞰城市天际线。设有地下停车场与充电桩。	C285
5800	云栖酒店	地址：襄垣县中心路157号（襄垣）。联系电话：032-23422220 / 188-35575579。周边 500 米内即是商场与美食街。可手机自助入住，无接触开门。	C285
5801	璞丽度假酒店	地址：襄垣县迎宾大道54号（襄垣）。联系电话：039-23350447。酒店内有健身房和洗衣房，住客免费使用。部分房型可俯瞰城市天际线。前台多语言服务，支持行李寄存。距车站步行 5 分钟，交通便利。	C285
5802	星程宾馆	地址：夏邑县迎宾大道86号（夏邑县）。联系电话：131-81297929。设有地下停车场与充电桩。含自助早餐，菜品丰富。周边 500 米内即是商场与美食街。	C068
5803	云栖大酒店	地址：夏邑县和平路140号（夏邑县）。联系电话：197-78693872。前台多语言服务，支持行李寄存。设有地下停车场与充电桩。可手机自助入住，无接触开门。部分房型可俯瞰城市天际线。	C068
5804	桔子酒店	地址：祥云县中心路277号（祥云西）。联系电话：035-40317380 / 047-56995235。酒店内有健身房和洗衣房，住客免费使用。提供高速 Wi‑Fi 及 24 小时热水。含自助早餐，菜品丰富。设有地下停车场与充电桩。	C079
5805	雅致酒店	地址：祥云县和平路370号（祥云西）。联系电话：024-31453896 / 134-71874889。前台多语言服务，支持行李寄存。提供高速 Wi‑Fi 及 24 小时热水。可手机自助入住，无接触开门。设有地下停车场与充电桩。	C079
5806	柏栎国际酒店	地址：祥云县朝阳街359号（祥云西）。联系电话：136-74181130 / 044-81015689。可手机自助入住，无接触开门。酒店内有健身房和洗衣房，住客免费使用。	C079
5807	柏曼精品酒店	地址：友谊县人民大道390号（新友谊）。联系电话：139-84009641 / 196-45499393。距车站步行 5 分钟，交通便利。前台多语言服务，支持行李寄存。可手机自助入住，无接触开门。	C051
5808	柏栎度假酒店	地址：友谊县中心路262号（新友谊）。联系电话：157-93721683 / 040-46472693。部分房型可俯瞰城市天际线。提供高速 Wi‑Fi 及 24 小时热水。	C051
5809	锦江酒店	地址：友谊县中心路303号（新友谊）。联系电话：195-19628694。含自助早餐，菜品丰富。客房配备记忆棉床垫，保证舒适睡眠。可手机自助入住，无接触开门。	C051
5810	花筑度假酒店	地址：天水和平路84号（新阳镇）。联系电话：030-73421267。距车站步行 5 分钟，交通便利。可手机自助入住，无接触开门。部分房型可俯瞰城市天际线。	C081
5811	星程宾馆	地址：天水中心路359号（新阳镇）。联系电话：186-49791635。距车站步行 5 分钟，交通便利。周边 500 米内即是商场与美食街。酒店内有健身房和洗衣房，住客免费使用。	C081
5812	云栖大酒店	地址：天水人民大道181号（新阳镇）。联系电话：189-47110832。含自助早餐，菜品丰富。提供高速 Wi‑Fi 及 24 小时热水。设有地下停车场与充电桩。	C081
5813	云栖大酒店	地址：天水中心路301号（新阳镇）。联系电话：134-56950062。部分房型可俯瞰城市天际线。客房配备记忆棉床垫，保证舒适睡眠。前台多语言服务，支持行李寄存。可手机自助入住，无接触开门。	C081
5814	悦榕度假酒店	地址：徐州朝阳街140号（徐州东）。联系电话：026-27181515。酒店内有健身房和洗衣房，住客免费使用。客房配备记忆棉床垫，保证舒适睡眠。	C121
5815	悦榕度假酒店	地址：徐州迎宾大道226号（徐州东）。联系电话：192-60479092。含自助早餐，菜品丰富。客房配备记忆棉床垫，保证舒适睡眠。酒店内有健身房和洗衣房，住客免费使用。	C121
5816	璞丽大酒店	地址：牙克石解放路23号（新帐房）。联系电话：139-10969074。客房配备记忆棉床垫，保证舒适睡眠。含自助早餐，菜品丰富。	C060
5817	梅园大酒店	地址：牙克石建设路292号（新帐房）。联系电话：153-86236394。设有地下停车场与充电桩。周边 500 米内即是商场与美食街。部分房型可俯瞰城市天际线。前台多语言服务，支持行李寄存。	C060
5818	柏栎宾馆	地址：牙克石迎宾大道216号（新帐房）。联系电话：139-63465855。周边 500 米内即是商场与美食街。部分房型可俯瞰城市天际线。距车站步行 5 分钟，交通便利。	C060
5819	丽枫宾馆	地址：涉县朝阳街390号（悬钟）。联系电话：188-28431849 / 188-87662571。客房配备记忆棉床垫，保证舒适睡眠。提供高速 Wi‑Fi 及 24 小时热水。距车站步行 5 分钟，交通便利。含自助早餐，菜品丰富。	C265
5820	桔子度假酒店	地址：涉县建设路229号（悬钟）。联系电话：026-46215422 / 156-43786854。含自助早餐，菜品丰富。提供高速 Wi‑Fi 及 24 小时热水。设有地下停车场与充电桩。前台多语言服务，支持行李寄存。	C265
5821	楠舍宾馆	地址：肇源县朝阳街340号（新肇）。联系电话：131-48879206 / 130-92721452。距车站步行 5 分钟，交通便利。可手机自助入住，无接触开门。前台多语言服务，支持行李寄存。含自助早餐，菜品丰富。	C078
5822	星程酒店	地址：肇源县人民大道189号（新肇）。联系电话：015-20191668 / 152-79287543。提供高速 Wi‑Fi 及 24 小时热水。客房配备记忆棉床垫，保证舒适睡眠。距车站步行 5 分钟，交通便利。设有地下停车场与充电桩。	C078
5823	楠舍国际酒店	地址：忻州朝阳街360号（忻州）。联系电话：186-37106869 / 036-36578483。可手机自助入住，无接触开门。酒店内有健身房和洗衣房，住客免费使用。前台多语言服务，支持行李寄存。含自助早餐，菜品丰富。	C124
5824	丽枫国际酒店	地址：忻州和平路177号（忻州）。联系电话：139-45416151 / 131-27828569。含自助早餐，菜品丰富。可手机自助入住，无接触开门。	C124
5825	花筑国际酒店	地址：宁城县朝阳街59号（汐子）。联系电话：042-20868062 / 159-13196453。客房配备记忆棉床垫，保证舒适睡眠。前台多语言服务，支持行李寄存。周边 500 米内即是商场与美食街。可手机自助入住，无接触开门。	C253
5826	悦榕酒店	地址：宁城县迎宾大道205号（汐子）。联系电话：185-40937855 / 041-76710567。客房配备记忆棉床垫，保证舒适睡眠。提供高速 Wi‑Fi 及 24 小时热水。含自助早餐，菜品丰富。	C253
5827	星程精品酒店	地址：科尔沁右翼中旗解放路22号（西哲里木）。联系电话：023-59211436。前台多语言服务，支持行李寄存。提供高速 Wi‑Fi 及 24 小时热水。	C035
5828	枫叶大酒店	地址：科尔沁右翼中旗中心路48号（西哲里木）。联系电话：035-49798122 / 198-68210852。客房配备记忆棉床垫，保证舒适睡眠。部分房型可俯瞰城市天际线。周边 500 米内即是商场与美食街。	C035
5829	柏栎宾馆	地址：承德县和平路185号（新杖子）。联系电话：196-58896551 / 035-60398642。客房配备记忆棉床垫，保证舒适睡眠。部分房型可俯瞰城市天际线。酒店内有健身房和洗衣房，住客免费使用。设有地下停车场与充电桩。	C130
5830	星程宾馆	地址：承德县解放路164号（新杖子）。联系电话：013-71760239 / 010-83540759。前台多语言服务，支持行李寄存。可手机自助入住，无接触开门。含自助早餐，菜品丰富。	C130
5831	丽枫度假酒店	地址：姚安县解放路175号（姚安）。联系电话：139-68081839。客房配备记忆棉床垫，保证舒适睡眠。设有地下停车场与充电桩。	C161
5832	丽枫国际酒店	地址：姚安县朝阳街107号（姚安）。联系电话：021-70192610 / 182-52104077。提供高速 Wi‑Fi 及 24 小时热水。距车站步行 5 分钟，交通便利。周边 500 米内即是商场与美食街。含自助早餐，菜品丰富。	C161
5833	星程国际酒店	地址：姚安县人民大道124号（姚安）。联系电话：186-39410586。前台多语言服务，支持行李寄存。含自助早餐，菜品丰富。	C161
5834	月光国际酒店	地址：姚安县建设路170号（姚安）。联系电话：186-97980244。设有地下停车场与充电桩。前台多语言服务，支持行李寄存。	C161
5835	璞丽大酒店	地址：依安县建设路330号（依安）。联系电话：021-30195632。酒店内有健身房和洗衣房，住客免费使用。可手机自助入住，无接触开门。前台多语言服务，支持行李寄存。	C314
5836	丽枫国际酒店	地址：依安县迎宾大道294号（依安）。联系电话：037-71974152 / 152-58882599。部分房型可俯瞰城市天际线。可手机自助入住，无接触开门。提供高速 Wi‑Fi 及 24 小时热水。酒店内有健身房和洗衣房，住客免费使用。	C314
5837	悦榕国际酒店	地址：永安和平路191号（永安）。联系电话：012-61154155。距车站步行 5 分钟，交通便利。可手机自助入住，无接触开门。	C003
5838	雅致宾馆	地址：永安解放路100号（永安）。联系电话：015-30595347。前台多语言服务，支持行李寄存。可手机自助入住，无接触开门。距车站步行 5 分钟，交通便利。	C003
5839	柏栎大酒店	地址：鸡东县中心路203号（永安乡）。联系电话：158-79523645。含自助早餐，菜品丰富。设有地下停车场与充电桩。客房配备记忆棉床垫，保证舒适睡眠。	C303
5840	花筑酒店	地址：鸡东县解放路367号（永安乡）。联系电话：191-68061764。部分房型可俯瞰城市天际线。距车站步行 5 分钟，交通便利。	C303
5841	璞丽国际酒店	地址：鸡东县和平路66号（永安乡）。联系电话：014-86376632 / 023-22068487。前台多语言服务，支持行李寄存。设有地下停车场与充电桩。客房配备记忆棉床垫，保证舒适睡眠。酒店内有健身房和洗衣房，住客免费使用。	C303
5842	柏栎宾馆	地址：鸡东县人民大道334号（永安乡）。联系电话：185-85828502 / 024-56567334。含自助早餐，菜品丰富。部分房型可俯瞰城市天际线。	C303
5843	桔子酒店	地址：尚志人民大道127号（亚布力）。联系电话：011-85764910 / 181-41777410。距车站步行 5 分钟，交通便利。前台多语言服务，支持行李寄存。含自助早餐，菜品丰富。提供高速 Wi‑Fi 及 24 小时热水。	C066
5844	碧桂酒店	地址：尚志朝阳街297号（亚布力）。联系电话：186-31393948。提供高速 Wi‑Fi 及 24 小时热水。酒店内有健身房和洗衣房，住客免费使用。	C066
5845	云栖大酒店	地址：赤峰朝阳街207号（元宝山）。联系电话：043-26673588。提供高速 Wi‑Fi 及 24 小时热水。客房配备记忆棉床垫，保证舒适睡眠。前台多语言服务，支持行李寄存。周边 500 米内即是商场与美食街。	C253
5846	丽枫国际酒店	地址：赤峰迎宾大道171号（元宝山）。联系电话：196-87380355 / 139-78552060。客房配备记忆棉床垫，保证舒适睡眠。距车站步行 5 分钟，交通便利。	C253
5847	枫叶酒店	地址：赤峰解放路210号（元宝山）。联系电话：183-80102617。前台多语言服务，支持行李寄存。设有地下停车场与充电桩。含自助早餐，菜品丰富。	C253
5848	锦江宾馆	地址：安达人民大道121号（羊草）。联系电话：012-69121867 / 038-80100407。可手机自助入住，无接触开门。部分房型可俯瞰城市天际线。提供高速 Wi‑Fi 及 24 小时热水。	C225
5849	云栖精品酒店	地址：安达建设路176号（羊草）。联系电话：033-28427709。提供高速 Wi‑Fi 及 24 小时热水。客房配备记忆棉床垫，保证舒适睡眠。前台多语言服务，支持行李寄存。可手机自助入住，无接触开门。	C225
5850	柏栎宾馆	地址：安达建设路54号（羊草）。联系电话：025-40103341。含自助早餐，菜品丰富。客房配备记忆棉床垫，保证舒适睡眠。	C225
5851	枫叶精品酒店	地址：师宗县和平路224号（秧草地）。联系电话：134-74859601。提供高速 Wi‑Fi 及 24 小时热水。距车站步行 5 分钟，交通便利。前台多语言服务，支持行李寄存。	C148
5852	云栖精品酒店	地址：师宗县朝阳街67号（秧草地）。联系电话：187-67508948 / 058-45004038。客房配备记忆棉床垫，保证舒适睡眠。提供高速 Wi‑Fi 及 24 小时热水。	C148
5853	沐兰大酒店	地址：师宗县解放路318号（秧草地）。联系电话：032-33181339 / 032-55556189。部分房型可俯瞰城市天际线。客房配备记忆棉床垫，保证舒适睡眠。距车站步行 5 分钟，交通便利。设有地下停车场与充电桩。	C148
5854	雅致度假酒店	地址：师宗县朝阳街254号（秧草地）。联系电话：012-60292223。客房配备记忆棉床垫，保证舒适睡眠。前台多语言服务，支持行李寄存。	C148
5855	悦榕度假酒店	地址：昆山解放路149号（阳澄湖）。联系电话：156-34138327 / 136-93046388。酒店内有健身房和洗衣房，住客免费使用。部分房型可俯瞰城市天际线。	C231
5856	锦江宾馆	地址：昆山中心路167号（阳澄湖）。联系电话：034-68062521 / 139-99374362。提供高速 Wi‑Fi 及 24 小时热水。距车站步行 5 分钟，交通便利。周边 500 米内即是商场与美食街。	C231
5857	柏栎度假酒店	地址：虎林建设路311号（迎春）。联系电话：138-57561217 / 038-67604616。距车站步行 5 分钟，交通便利。部分房型可俯瞰城市天际线。	C303
5858	悦榕度假酒店	地址：虎林朝阳街143号（迎春）。联系电话：137-53714357。设有地下停车场与充电桩。周边 500 米内即是商场与美食街。	C303
5859	月光大酒店	地址：虎林和平路254号（迎春）。联系电话：031-42600849。距车站步行 5 分钟，交通便利。设有地下停车场与充电桩。含自助早餐，菜品丰富。提供高速 Wi‑Fi 及 24 小时热水。	C303
5860	柏栎大酒店	地址：虎林建设路122号（迎春）。联系电话：031-41495876 / 130-20648700。部分房型可俯瞰城市天际线。前台多语言服务，支持行李寄存。可手机自助入住，无接触开门。含自助早餐，菜品丰富。	C303
5861	柏栎酒店	地址：叶城县解放路124号（叶城）。联系电话：150-13955563。部分房型可俯瞰城市天际线。前台多语言服务，支持行李寄存。	C070
5862	锦江大酒店	地址：叶城县朝阳街259号（叶城）。联系电话：013-21140027 / 036-21930801。周边 500 米内即是商场与美食街。提供高速 Wi‑Fi 及 24 小时热水。设有地下停车场与充电桩。客房配备记忆棉床垫，保证舒适睡眠。	C070
5863	碧桂大酒店	地址：叶城县人民大道251号（叶城）。联系电话：182-61883210 / 024-67502039。客房配备记忆棉床垫，保证舒适睡眠。距车站步行 5 分钟，交通便利。部分房型可俯瞰城市天际线。含自助早餐，菜品丰富。	C070
5864	枫叶宾馆	地址：盐池县解放路338号（盐池）。联系电话：186-32503898 / 032-69460640。距车站步行 5 分钟，交通便利。含自助早餐，菜品丰富。周边 500 米内即是商场与美食街。前台多语言服务，支持行李寄存。	C058
5865	月光酒店	地址：盐池县人民大道76号（盐池）。联系电话：132-89448521。部分房型可俯瞰城市天际线。设有地下停车场与充电桩。前台多语言服务，支持行李寄存。	C058
5866	花筑酒店	地址：盐池县建设路357号（盐池）。联系电话：056-53600476。距车站步行 5 分钟，交通便利。周边 500 米内即是商场与美食街。客房配备记忆棉床垫，保证舒适睡眠。	C058
5867	梅园国际酒店	地址：商洛建设路280号（砚川）。联系电话：058-58380774 / 192-54711506。提供高速 Wi‑Fi 及 24 小时热水。酒店内有健身房和洗衣房，住客免费使用。	C069
5868	丽枫精品酒店	地址：商洛朝阳街65号（砚川）。联系电话：133-43485867 / 180-34549909。距车站步行 5 分钟，交通便利。含自助早餐，菜品丰富。	C069
5869	璞丽国际酒店	地址：商洛迎宾大道188号（砚川）。联系电话：198-44838291。设有地下停车场与充电桩。距车站步行 5 分钟，交通便利。可手机自助入住，无接触开门。提供高速 Wi‑Fi 及 24 小时热水。	C069
5870	沐兰国际酒店	地址：阳江人民大道357号（阳春）。联系电话：017-51275009 / 017-66727937。客房配备记忆棉床垫，保证舒适睡眠。部分房型可俯瞰城市天际线。前台多语言服务，支持行李寄存。	C289
5871	沐兰酒店	地址：阳江建设路310号（阳春）。联系电话：185-30184059 / 028-28999547。提供高速 Wi‑Fi 及 24 小时热水。前台多语言服务，支持行李寄存。部分房型可俯瞰城市天际线。含自助早餐，菜品丰富。	C289
5872	星程宾馆	地址：阳江朝阳街80号（阳春）。联系电话：132-85492999。设有地下停车场与充电桩。部分房型可俯瞰城市天际线。含自助早餐，菜品丰富。距车站步行 5 分钟，交通便利。	C289
5873	柏曼度假酒店	地址：阳江迎宾大道272号（阳春）。联系电话：056-77597544 / 130-37699289。含自助早餐，菜品丰富。提供高速 Wi‑Fi 及 24 小时热水。	C289
5874	柏曼度假酒店	地址：宜城中心路217号（宜城）。联系电话：039-63464817。设有地下停车场与充电桩。前台多语言服务，支持行李寄存。距车站步行 5 分钟，交通便利。酒店内有健身房和洗衣房，住客免费使用。	C244
5875	枫叶国际酒店	地址：宜城和平路218号（宜城）。联系电话：193-94019946 / 151-97281584。距车站步行 5 分钟，交通便利。酒店内有健身房和洗衣房，住客免费使用。部分房型可俯瞰城市天际线。	C244
5876	柏曼度假酒店	地址：应城建设路221号（应城）。联系电话：197-54584202 / 054-26592995。提供高速 Wi‑Fi 及 24 小时热水。设有地下停车场与充电桩。部分房型可俯瞰城市天际线。	C086
5877	云栖度假酒店	地址：应城和平路165号（应城）。联系电话：021-72485079。客房配备记忆棉床垫，保证舒适睡眠。距车站步行 5 分钟，交通便利。周边 500 米内即是商场与美食街。	C086
5878	月光宾馆	地址：禹城中心路60号（禹城）。联系电话：157-94685591。客房配备记忆棉床垫，保证舒适睡眠。酒店内有健身房和洗衣房，住客免费使用。含自助早餐，菜品丰富。设有地下停车场与充电桩。	C122
5879	锦江酒店	地址：禹城和平路361号（禹城）。联系电话：016-20297368 / 034-36572601。客房配备记忆棉床垫，保证舒适睡眠。提供高速 Wi‑Fi 及 24 小时热水。距车站步行 5 分钟，交通便利。设有地下停车场与充电桩。	C122
5880	沐兰国际酒店	地址：齐河县和平路171号（晏城）。联系电话：049-74809698。部分房型可俯瞰城市天际线。周边 500 米内即是商场与美食街。设有地下停车场与充电桩。客房配备记忆棉床垫，保证舒适睡眠。	C122
5881	柏栎度假酒店	地址：齐河县朝阳街54号（晏城）。联系电话：044-82630027。距车站步行 5 分钟，交通便利。前台多语言服务，支持行李寄存。周边 500 米内即是商场与美食街。部分房型可俯瞰城市天际线。	C122
5882	云栖宾馆	地址：阳城县朝阳街32号（阳城）。联系电话：020-42944627。含自助早餐，菜品丰富。距车站步行 5 分钟，交通便利。客房配备记忆棉床垫，保证舒适睡眠。设有地下停车场与充电桩。	C146
5883	梅园精品酒店	地址：阳城县建设路142号（阳城）。联系电话：197-49548206 / 132-45833627。酒店内有健身房和洗衣房，住客免费使用。客房配备记忆棉床垫，保证舒适睡眠。部分房型可俯瞰城市天际线。距车站步行 5 分钟，交通便利。	C146
5884	桔子宾馆	地址：集安朝阳街292号（阳岔）。联系电话：154-60707656。酒店内有健身房和洗衣房，住客免费使用。周边 500 米内即是商场与美食街。提供高速 Wi‑Fi 及 24 小时热水。	C259
5885	柏曼宾馆	地址：集安朝阳街296号（阳岔）。联系电话：053-57957766 / 190-86716390。含自助早餐，菜品丰富。客房配备记忆棉床垫，保证舒适睡眠。前台多语言服务，支持行李寄存。距车站步行 5 分钟，交通便利。	C259
5886	梅园大酒店	地址：集安迎宾大道81号（阳岔）。联系电话：055-70650978。酒店内有健身房和洗衣房，住客免费使用。可手机自助入住，无接触开门。含自助早餐，菜品丰富。部分房型可俯瞰城市天际线。	C259
5887	星程大酒店	地址：郓城县朝阳街392号（郓城）。联系电话：010-59121546 / 051-73092384。设有地下停车场与充电桩。距车站步行 5 分钟，交通便利。可手机自助入住，无接触开门。	C236
5888	雅致精品酒店	地址：郓城县中心路115号（郓城）。联系电话：151-54227953 / 189-38749372。可手机自助入住，无接触开门。提供高速 Wi‑Fi 及 24 小时热水。客房配备记忆棉床垫，保证舒适睡眠。酒店内有健身房和洗衣房，住客免费使用。	C236
5889	枫叶酒店	地址：郓城县人民大道311号（郓城）。联系电话：194-90956692。含自助早餐，菜品丰富。前台多语言服务，支持行李寄存。	C236
5890	星程宾馆	地址：北京中心路117号（雁翅）。联系电话：034-65898952 / 139-60850547。提供高速 Wi‑Fi 及 24 小时热水。周边 500 米内即是商场与美食街。前台多语言服务，支持行李寄存。	C039
5891	锦江度假酒店	地址：北京解放路300号（雁翅）。联系电话：016-76891053。含自助早餐，菜品丰富。可手机自助入住，无接触开门。周边 500 米内即是商场与美食街。部分房型可俯瞰城市天际线。	C039
5892	雅致酒店	地址：北京解放路299号（雁翅）。联系电话：182-16942211 / 135-19309653。距车站步行 5 分钟，交通便利。含自助早餐，菜品丰富。	C039
5893	柏曼大酒店	地址：北京解放路284号（雁翅）。联系电话：015-56395916 / 047-76700034。客房配备记忆棉床垫，保证舒适睡眠。提供高速 Wi‑Fi 及 24 小时热水。距车站步行 5 分钟，交通便利。	C039
5894	沐兰宾馆	地址：灵丘县迎宾大道171号（云彩岭）。联系电话：038-87878059。可手机自助入住，无接触开门。设有地下停车场与充电桩。周边 500 米内即是商场与美食街。距车站步行 5 分钟，交通便利。	C077
5895	桔子宾馆	地址：灵丘县建设路227号（云彩岭）。联系电话：029-61523035。距车站步行 5 分钟，交通便利。周边 500 米内即是商场与美食街。酒店内有健身房和洗衣房，住客免费使用。	C077
5896	柏曼精品酒店	地址：灵丘县迎宾大道34号（云彩岭）。联系电话：013-76813604 / 056-55431326。前台多语言服务，支持行李寄存。含自助早餐，菜品丰富。客房配备记忆棉床垫，保证舒适睡眠。可手机自助入住，无接触开门。	C077
5897	花筑度假酒店	地址：灵丘县人民大道100号（云彩岭）。联系电话：055-83861008 / 196-49846217。客房配备记忆棉床垫，保证舒适睡眠。部分房型可俯瞰城市天际线。	C077
5898	楠舍宾馆	地址：虞城县人民大道264号（虞城县）。联系电话：037-48240670。前台多语言服务，支持行李寄存。含自助早餐，菜品丰富。周边 500 米内即是商场与美食街。	C068
5899	枫叶宾馆	地址：虞城县中心路13号（虞城县）。联系电话：198-85698714。设有地下停车场与充电桩。客房配备记忆棉床垫，保证舒适睡眠。	C068
5900	柏栎精品酒店	地址：大连迎宾大道52号（营城子）。联系电话：150-42314665。周边 500 米内即是商场与美食街。提供高速 Wi‑Fi 及 24 小时热水。	C080
5901	月光酒店	地址：大连和平路176号（营城子）。联系电话：036-65337010。酒店内有健身房和洗衣房，住客免费使用。客房配备记忆棉床垫，保证舒适睡眠。含自助早餐，菜品丰富。	C080
5902	梅园大酒店	地址：英德中心路198号（英德）。联系电话：136-60711591。可手机自助入住，无接触开门。部分房型可俯瞰城市天际线。提供高速 Wi‑Fi 及 24 小时热水。含自助早餐，菜品丰富。	C191
5903	云栖精品酒店	地址：英德建设路390号（英德）。联系电话：053-35769315。提供高速 Wi‑Fi 及 24 小时热水。酒店内有健身房和洗衣房，住客免费使用。	C191
5904	丽枫度假酒店	地址：英德人民大道20号（英德）。联系电话：045-45486791 / 157-53566992。酒店内有健身房和洗衣房，住客免费使用。前台多语言服务，支持行李寄存。含自助早餐，菜品丰富。	C191
5905	柏栎大酒店	地址：永登县和平路12号（永登）。联系电话：188-34373191 / 189-12441918。设有地下停车场与充电桩。部分房型可俯瞰城市天际线。	C034
5906	桔子大酒店	地址：永登县和平路325号（永登）。联系电话：135-73954642 / 132-87358096。客房配备记忆棉床垫，保证舒适睡眠。部分房型可俯瞰城市天际线。	C034
5907	楠舍精品酒店	地址：永登县和平路228号（永登）。联系电话：191-86218515。含自助早餐，菜品丰富。周边 500 米内即是商场与美食街。前台多语言服务，支持行李寄存。距车站步行 5 分钟，交通便利。	C034
5908	雅致大酒店	地址：永登县朝阳街365号（永登）。联系电话：137-68561122。设有地下停车场与充电桩。酒店内有健身房和洗衣房，住客免费使用。周边 500 米内即是商场与美食街。	C034
5909	月光精品酒店	地址：元谋县迎宾大道38号（尹地）。联系电话：045-62557576 / 187-68506380。部分房型可俯瞰城市天际线。提供高速 Wi‑Fi 及 24 小时热水。含自助早餐，菜品丰富。周边 500 米内即是商场与美食街。	C161
5910	楠舍精品酒店	地址：元谋县建设路1号（尹地）。联系电话：050-30860879。前台多语言服务，支持行李寄存。含自助早餐，菜品丰富。	C161
5911	楠舍酒店	地址：龙岩解放路46号（永定）。联系电话：137-28974409 / 045-77697594。酒店内有健身房和洗衣房，住客免费使用。客房配备记忆棉床垫，保证舒适睡眠。距车站步行 5 分钟，交通便利。设有地下停车场与充电桩。	C315
5912	锦江度假酒店	地址：龙岩朝阳街216号（永定）。联系电话：132-14789646。周边 500 米内即是商场与美食街。客房配备记忆棉床垫，保证舒适睡眠。	C315
5913	雅致精品酒店	地址：阳江朝阳街50号（阳东）。联系电话：192-68858814。前台多语言服务，支持行李寄存。酒店内有健身房和洗衣房，住客免费使用。客房配备记忆棉床垫，保证舒适睡眠。	C289
5914	璞丽国际酒店	地址：阳江中心路126号（阳东）。联系电话：154-62851386 / 187-71819714。设有地下停车场与充电桩。酒店内有健身房和洗衣房，住客免费使用。部分房型可俯瞰城市天际线。	C289
5915	桔子国际酒店	地址：温州解放路36号（雁荡山）。联系电话：047-69211031 / 199-21050294。提供高速 Wi‑Fi 及 24 小时热水。距车站步行 5 分钟，交通便利。客房配备记忆棉床垫，保证舒适睡眠。可手机自助入住，无接触开门。	C192
5916	柏曼国际酒店	地址：温州朝阳街323号（雁荡山）。联系电话：040-75922923 / 158-83186940。前台多语言服务，支持行李寄存。酒店内有健身房和洗衣房，住客免费使用。可手机自助入住，无接触开门。周边 500 米内即是商场与美食街。	C192
5917	锦江国际酒店	地址：温州朝阳街189号（雁荡山）。联系电话：041-75822988。部分房型可俯瞰城市天际线。前台多语言服务，支持行李寄存。可手机自助入住，无接触开门。	C192
5918	锦江酒店	地址：温州和平路306号（雁荡山）。联系电话：155-32048569。酒店内有健身房和洗衣房，住客免费使用。客房配备记忆棉床垫，保证舒适睡眠。部分房型可俯瞰城市天际线。	C192
5919	锦江国际酒店	地址：于都县和平路339号（于都）。联系电话：023-66915944 / 021-26872418。设有地下停车场与充电桩。前台多语言服务，支持行李寄存。部分房型可俯瞰城市天际线。	C252
5920	枫叶度假酒店	地址：于都县人民大道387号（于都）。联系电话：189-42480111。客房配备记忆棉床垫，保证舒适睡眠。可手机自助入住，无接触开门。设有地下停车场与充电桩。	C252
5921	月光大酒店	地址：于都县解放路99号（于都）。联系电话：155-10778920。可手机自助入住，无接触开门。周边 500 米内即是商场与美食街。设有地下停车场与充电桩。	C252
5922	锦江大酒店	地址：古浪县和平路86号（园墩）。联系电话：159-58749685 / 032-53003256。酒店内有健身房和洗衣房，住客免费使用。距车站步行 5 分钟，交通便利。	C163
5923	璞丽精品酒店	地址：古浪县人民大道187号（园墩）。联系电话：023-74852366。距车站步行 5 分钟，交通便利。酒店内有健身房和洗衣房，住客免费使用。含自助早餐，菜品丰富。	C163
5924	雅致酒店	地址：英德中心路118号（英德西）。联系电话：029-20499177 / 183-90831627。可手机自助入住，无接触开门。周边 500 米内即是商场与美食街。	C191
5925	桔子度假酒店	地址：英德解放路148号（英德西）。联系电话：058-62965640 / 010-36562411。周边 500 米内即是商场与美食街。设有地下停车场与充电桩。	C191
5926	云栖大酒店	地址：英德朝阳街179号（英德西）。联系电话：040-28810251。设有地下停车场与充电桩。周边 500 米内即是商场与美食街。可手机自助入住，无接触开门。	C191
5927	云栖宾馆	地址：宜良县解放路34号（永丰营）。联系电话：049-79682987。前台多语言服务，支持行李寄存。距车站步行 5 分钟，交通便利。提供高速 Wi‑Fi 及 24 小时热水。含自助早餐，菜品丰富。	C142
5928	丽枫度假酒店	地址：宜良县朝阳街24号（永丰营）。联系电话：052-29306934 / 020-86384208。前台多语言服务，支持行李寄存。设有地下停车场与充电桩。距车站步行 5 分钟，交通便利。周边 500 米内即是商场与美食街。	C142
5929	枫叶度假酒店	地址：虎林和平路121号（杨岗）。联系电话：031-67067079。客房配备记忆棉床垫，保证舒适睡眠。提供高速 Wi‑Fi 及 24 小时热水。	C303
5930	月光精品酒店	地址：虎林建设路106号（杨岗）。联系电话：049-33305900 / 058-85341445。前台多语言服务，支持行李寄存。部分房型可俯瞰城市天际线。	C303
5931	雅致国际酒店	地址：虎林迎宾大道125号（杨岗）。联系电话：042-46855699 / 050-85082917。可手机自助入住，无接触开门。周边 500 米内即是商场与美食街。含自助早餐，菜品丰富。	C303
5932	沐兰国际酒店	地址：虎林建设路350号（杨岗）。联系电话：036-37539075 / 133-23677736。周边 500 米内即是商场与美食街。客房配备记忆棉床垫，保证舒适睡眠。	C303
5933	丽枫大酒店	地址：阳高县解放路296号（阳高）。联系电话：026-38591132。设有地下停车场与充电桩。可手机自助入住，无接触开门。提供高速 Wi‑Fi 及 24 小时热水。	C077
5934	楠舍宾馆	地址：阳高县解放路239号（阳高）。联系电话：053-20749140 / 135-40253779。提供高速 Wi‑Fi 及 24 小时热水。客房配备记忆棉床垫，保证舒适睡眠。	C077
5935	楠舍国际酒店	地址：阳谷县和平路223号（阳谷）。联系电话：013-43835942 / 033-83132220。含自助早餐，菜品丰富。设有地下停车场与充电桩。提供高速 Wi‑Fi 及 24 小时热水。距车站步行 5 分钟，交通便利。	C227
5936	丽枫度假酒店	地址：阳谷县建设路63号（阳谷）。联系电话：014-27811263。部分房型可俯瞰城市天际线。客房配备记忆棉床垫，保证舒适睡眠。含自助早餐，菜品丰富。	C227
5937	梅园国际酒店	地址：阳谷县解放路86号（阳谷）。联系电话：051-54937528。部分房型可俯瞰城市天际线。周边 500 米内即是商场与美食街。含自助早餐，菜品丰富。距车站步行 5 分钟，交通便利。	C227
5938	璞丽度假酒店	地址：伊春中心路366号（友好）。联系电话：049-50033910。客房配备记忆棉床垫，保证舒适睡眠。可手机自助入住，无接触开门。提供高速 Wi‑Fi 及 24 小时热水。	C023
5939	梅园精品酒店	地址：伊春解放路196号（友好）。联系电话：048-36696373。提供高速 Wi‑Fi 及 24 小时热水。距车站步行 5 分钟，交通便利。前台多语言服务，支持行李寄存。	C023
5940	锦江精品酒店	地址：伊春解放路162号（友好）。联系电话：199-31001611。提供高速 Wi‑Fi 及 24 小时热水。部分房型可俯瞰城市天际线。含自助早餐，菜品丰富。	C023
5941	梅园大酒店	地址：伊春和平路339号（友好）。联系电话：192-61186384。提供高速 Wi‑Fi 及 24 小时热水。部分房型可俯瞰城市天际线。可手机自助入住，无接触开门。距车站步行 5 分钟，交通便利。	C023
5942	枫叶度假酒店	地址：杭州迎宾大道379号（余杭）。联系电话：032-33037663 / 180-48558144。距车站步行 5 分钟，交通便利。部分房型可俯瞰城市天际线。周边 500 米内即是商场与美食街。	C153
5943	柏曼宾馆	地址：杭州人民大道72号（余杭）。联系电话：137-91147384 / 040-66879081。设有地下停车场与充电桩。提供高速 Wi‑Fi 及 24 小时热水。可手机自助入住，无接触开门。	C153
5944	柏栎宾馆	地址：杭州中心路232号（余杭）。联系电话：039-75058765。距车站步行 5 分钟，交通便利。部分房型可俯瞰城市天际线。	C153
5945	锦江大酒店	地址：北京人民大道377号（沿河城）。联系电话：194-16965346。部分房型可俯瞰城市天际线。客房配备记忆棉床垫，保证舒适睡眠。前台多语言服务，支持行李寄存。设有地下停车场与充电桩。	C039
5946	柏曼酒店	地址：北京建设路164号（沿河城）。联系电话：133-10302842。客房配备记忆棉床垫，保证舒适睡眠。提供高速 Wi‑Fi 及 24 小时热水。	C039
5947	柏栎度假酒店	地址：平定县建设路6号（岩会）。联系电话：151-58203870 / 019-43982811。酒店内有健身房和洗衣房，住客免费使用。设有地下停车场与充电桩。提供高速 Wi‑Fi 及 24 小时热水。	C290
5948	雅致国际酒店	地址：平定县解放路109号（岩会）。联系电话：051-47856703 / 196-84193455。含自助早餐，菜品丰富。酒店内有健身房和洗衣房，住客免费使用。	C290
5949	月光宾馆	地址：平定县中心路70号（岩会）。联系电话：036-85597032 / 184-17592578。距车站步行 5 分钟，交通便利。可手机自助入住，无接触开门。部分房型可俯瞰城市天际线。	C290
5950	悦榕酒店	地址：平定县朝阳街53号（岩会）。联系电话：192-85656528 / 183-41914496。距车站步行 5 分钟，交通便利。周边 500 米内即是商场与美食街。酒店内有健身房和洗衣房，住客免费使用。客房配备记忆棉床垫，保证舒适睡眠。	C290
5951	楠舍精品酒店	地址：牟定县解放路11号（羊臼河）。联系电话：010-62709180 / 139-80428004。部分房型可俯瞰城市天际线。提供高速 Wi‑Fi 及 24 小时热水。周边 500 米内即是商场与美食街。设有地下停车场与充电桩。	C161
5952	柏曼大酒店	地址：牟定县朝阳街281号（羊臼河）。联系电话：057-76236450。设有地下停车场与充电桩。客房配备记忆棉床垫，保证舒适睡眠。部分房型可俯瞰城市天际线。前台多语言服务，支持行李寄存。	C161
5953	碧桂精品酒店	地址：温州朝阳街38号（永嘉）。联系电话：018-54725964。距车站步行 5 分钟，交通便利。部分房型可俯瞰城市天际线。	C192
5954	花筑酒店	地址：温州建设路238号（永嘉）。联系电话：025-44880291 / 197-72482007。酒店内有健身房和洗衣房，住客免费使用。设有地下停车场与充电桩。前台多语言服务，支持行李寄存。	C192
5955	桔子度假酒店	地址：阳江迎宾大道117号（阳江）。联系电话：035-45133822。距车站步行 5 分钟，交通便利。客房配备记忆棉床垫，保证舒适睡眠。酒店内有健身房和洗衣房，住客免费使用。	C289
5956	碧桂国际酒店	地址：阳江中心路162号（阳江）。联系电话：152-94343927。设有地下停车场与充电桩。客房配备记忆棉床垫，保证舒适睡眠。距车站步行 5 分钟，交通便利。	C289
5957	梅园精品酒店	地址：阳江朝阳街280号（阳江）。联系电话：031-78268231。前台多语言服务，支持行李寄存。可手机自助入住，无接触开门。	C289
5958	楠舍酒店	地址：阳江迎宾大道344号（阳江）。联系电话：036-71961341 / 027-84580803。含自助早餐，菜品丰富。前台多语言服务，支持行李寄存。部分房型可俯瞰城市天际线。周边 500 米内即是商场与美食街。	C289
5959	柏栎大酒店	地址：水城县中心路242号（营街）。联系电话：053-33161171。周边 500 米内即是商场与美食街。酒店内有健身房和洗衣房，住客免费使用。距车站步行 5 分钟，交通便利。部分房型可俯瞰城市天际线。	C033
5960	雅致大酒店	地址：水城县迎宾大道42号（营街）。联系电话：198-87247487。距车站步行 5 分钟，交通便利。酒店内有健身房和洗衣房，住客免费使用。可手机自助入住，无接触开门。设有地下停车场与充电桩。	C033
5961	楠舍大酒店	地址：水城县迎宾大道60号（营街）。联系电话：026-52108237。含自助早餐，菜品丰富。部分房型可俯瞰城市天际线。	C033
5962	梅园宾馆	地址：盐津县建设路255号（盐津）。联系电话：151-11820612。部分房型可俯瞰城市天际线。周边 500 米内即是商场与美食街。可手机自助入住，无接触开门。	C144
5963	楠舍度假酒店	地址：盐津县中心路304号（盐津）。联系电话：015-29629610 / 150-81442428。酒店内有健身房和洗衣房，住客免费使用。含自助早餐，菜品丰富。设有地下停车场与充电桩。	C144
5964	月光国际酒店	地址：余江县人民大道386号（余江）。联系电话：188-35598706。部分房型可俯瞰城市天际线。含自助早餐，菜品丰富。设有地下停车场与充电桩。	C306
5965	璞丽度假酒店	地址：余江县朝阳街12号（余江）。联系电话：151-94953560。含自助早餐，菜品丰富。周边 500 米内即是商场与美食街。可手机自助入住，无接触开门。客房配备记忆棉床垫，保证舒适睡眠。	C306
5966	悦榕国际酒店	地址：余江县和平路109号（余江）。联系电话：052-62366386 / 184-96444129。含自助早餐，菜品丰富。提供高速 Wi‑Fi 及 24 小时热水。	C306
5967	月光酒店	地址：余江县建设路140号（余江）。联系电话：187-37631501。可手机自助入住，无接触开门。部分房型可俯瞰城市天际线。	C306
5968	碧桂酒店	地址：三河中心路60号（燕郊）。联系电话：191-55881923 / 185-49975971。周边 500 米内即是商场与美食街。含自助早餐，菜品丰富。可手机自助入住，无接触开门。	C114
5969	柏曼大酒店	地址：三河中心路217号（燕郊）。联系电话：133-83280325。酒店内有健身房和洗衣房，住客免费使用。可手机自助入住，无接触开门。	C114
5970	花筑酒店	地址：三河中心路67号（燕郊）。联系电话：155-19719959 / 187-21094379。部分房型可俯瞰城市天际线。提供高速 Wi‑Fi 及 24 小时热水。含自助早餐，菜品丰富。可手机自助入住，无接触开门。	C114
5971	碧桂酒店	地址：三河建设路371号（燕郊）。联系电话：044-64189671。周边 500 米内即是商场与美食街。部分房型可俯瞰城市天际线。含自助早餐，菜品丰富。	C114
5972	桔子国际酒店	地址：德惠解放路346号（姚家）。联系电话：198-27977810 / 134-45587489。提供高速 Wi‑Fi 及 24 小时热水。部分房型可俯瞰城市天际线。	C283
5973	梅园国际酒店	地址：德惠迎宾大道319号（姚家）。联系电话：199-83864768。距车站步行 5 分钟，交通便利。设有地下停车场与充电桩。部分房型可俯瞰城市天际线。	C283
5974	梅园精品酒店	地址：德惠朝阳街73号（姚家）。联系电话：020-39781114。含自助早餐，菜品丰富。设有地下停车场与充电桩。可手机自助入住，无接触开门。周边 500 米内即是商场与美食街。	C283
5975	花筑大酒店	地址：德惠人民大道320号（姚家）。联系电话：186-31414749。部分房型可俯瞰城市天际线。设有地下停车场与充电桩。含自助早餐，菜品丰富。提供高速 Wi‑Fi 及 24 小时热水。	C283
5976	璞丽度假酒店	地址：阿拉善左旗解放路38号（岳家井）。联系电话：010-27967565。部分房型可俯瞰城市天际线。周边 500 米内即是商场与美食街。	C293
5977	桔子精品酒店	地址：阿拉善左旗人民大道181号（岳家井）。联系电话：138-14431233 / 038-42212369。部分房型可俯瞰城市天际线。客房配备记忆棉床垫，保证舒适睡眠。周边 500 米内即是商场与美食街。酒店内有健身房和洗衣房，住客免费使用。	C293
5978	悦榕度假酒店	地址：长春中心路319号（一间堡）。联系电话：153-85375578。距车站步行 5 分钟，交通便利。部分房型可俯瞰城市天际线。客房配备记忆棉床垫，保证舒适睡眠。	C283
5979	璞丽酒店	地址：长春建设路66号（一间堡）。联系电话：150-65285991 / 012-37192340。含自助早餐，菜品丰富。距车站步行 5 分钟，交通便利。周边 500 米内即是商场与美食街。	C283
5980	璞丽酒店	地址：英吉沙县中心路278号（英吉沙）。联系电话：153-71123834。距车站步行 5 分钟，交通便利。前台多语言服务，支持行李寄存。可手机自助入住，无接触开门。	C070
5981	花筑宾馆	地址：英吉沙县建设路113号（英吉沙）。联系电话：139-45564043。设有地下停车场与充电桩。酒店内有健身房和洗衣房，住客免费使用。前台多语言服务，支持行李寄存。	C070
5982	锦江酒店	地址：英吉沙县人民大道380号（英吉沙）。联系电话：185-79491931 / 014-62987523。距车站步行 5 分钟，交通便利。可手机自助入住，无接触开门。	C070
5983	锦江度假酒店	地址：北京中心路161号（云居寺）。联系电话：030-24170125。前台多语言服务，支持行李寄存。周边 500 米内即是商场与美食街。酒店内有健身房和洗衣房，住客免费使用。	C039
5984	云栖国际酒店	地址：北京建设路151号（云居寺）。联系电话：159-56353494。前台多语言服务，支持行李寄存。可手机自助入住，无接触开门。	C039
5985	悦榕大酒店	地址：北京人民大道291号（云居寺）。联系电话：150-84668662 / 027-77818819。客房配备记忆棉床垫，保证舒适睡眠。设有地下停车场与充电桩。周边 500 米内即是商场与美食街。前台多语言服务，支持行李寄存。	C039
5986	碧桂酒店	地址：北京和平路47号（云居寺）。联系电话：014-44868063 / 194-13772184。酒店内有健身房和洗衣房，住客免费使用。客房配备记忆棉床垫，保证舒适睡眠。设有地下停车场与充电桩。含自助早餐，菜品丰富。	C039
5987	碧桂大酒店	地址：泰安解放路129号（燕家庄）。联系电话：043-54883858 / 047-66760117。设有地下停车场与充电桩。前台多语言服务，支持行李寄存。周边 500 米内即是商场与美食街。含自助早餐，菜品丰富。	C177
5988	枫叶宾馆	地址：泰安建设路83号（燕家庄）。联系电话：050-47321056。客房配备记忆棉床垫，保证舒适睡眠。可手机自助入住，无接触开门。提供高速 Wi‑Fi 及 24 小时热水。	C177
5989	柏曼精品酒店	地址：泰安人民大道121号（燕家庄）。联系电话：040-48450487 / 044-54396843。客房配备记忆棉床垫，保证舒适睡眠。可手机自助入住，无接触开门。	C177
5990	梅园宾馆	地址：永康和平路354号（永康）。联系电话：013-69577736 / 154-65190928。提供高速 Wi‑Fi 及 24 小时热水。前台多语言服务，支持行李寄存。设有地下停车场与充电桩。	C273
5991	丽枫国际酒店	地址：永康中心路47号（永康）。联系电话：152-32588257。部分房型可俯瞰城市天际线。周边 500 米内即是商场与美食街。	C273
5992	花筑国际酒店	地址：永康中心路97号（永康）。联系电话：016-38081138 / 197-84689808。部分房型可俯瞰城市天际线。前台多语言服务，支持行李寄存。	C273
5993	悦榕宾馆	地址：营口中心路248号（营口东）。联系电话：049-56170661。可手机自助入住，无接触开门。设有地下停车场与充电桩。酒店内有健身房和洗衣房，住客免费使用。	C238
5994	璞丽宾馆	地址：营口解放路81号（营口东）。联系电话：012-75475487 / 038-52628275。设有地下停车场与充电桩。酒店内有健身房和洗衣房，住客免费使用。提供高速 Wi‑Fi 及 24 小时热水。	C238
5995	碧桂精品酒店	地址：营口和平路60号（营口东）。联系电话：191-34670688。提供高速 Wi‑Fi 及 24 小时热水。周边 500 米内即是商场与美食街。设有地下停车场与充电桩。	C238
5996	月光酒店	地址：营口迎宾大道48号（营口东）。联系电话：151-14069829 / 054-87930921。可手机自助入住，无接触开门。客房配备记忆棉床垫，保证舒适睡眠。周边 500 米内即是商场与美食街。	C238
5997	月光大酒店	地址：大庆人民大道81号（银浪）。联系电话：018-79913044 / 186-91943950。含自助早餐，菜品丰富。设有地下停车场与充电桩。可手机自助入住，无接触开门。酒店内有健身房和洗衣房，住客免费使用。	C078
5998	枫叶酒店	地址：大庆人民大道128号（银浪）。联系电话：152-77298403。前台多语言服务，支持行李寄存。部分房型可俯瞰城市天际线。客房配备记忆棉床垫，保证舒适睡眠。设有地下停车场与充电桩。	C078
5999	花筑宾馆	地址：大庆解放路144号（银浪）。联系电话：021-26256542。提供高速 Wi‑Fi 及 24 小时热水。前台多语言服务，支持行李寄存。	C078
6000	月光度假酒店	地址：德昌县建设路350号（永郎）。联系电话：050-31231653。含自助早餐，菜品丰富。设有地下停车场与充电桩。前台多语言服务，支持行李寄存。客房配备记忆棉床垫，保证舒适睡眠。	C037
6001	桔子酒店	地址：德昌县和平路45号（永郎）。联系电话：153-17837683 / 154-45678908。可手机自助入住，无接触开门。部分房型可俯瞰城市天际线。周边 500 米内即是商场与美食街。前台多语言服务，支持行李寄存。	C037
6002	丽枫国际酒店	地址：宜良县中心路204号（宜良北）。联系电话：152-72325764。部分房型可俯瞰城市天际线。酒店内有健身房和洗衣房，住客免费使用。	C142
6003	丽枫度假酒店	地址：宜良县朝阳街22号（宜良北）。联系电话：019-69058982。客房配备记忆棉床垫，保证舒适睡眠。酒店内有健身房和洗衣房，住客免费使用。设有地下停车场与充电桩。周边 500 米内即是商场与美食街。	C142
6004	花筑度假酒店	地址：宜良县迎宾大道193号（宜良北）。联系电话：016-21628990 / 159-94549600。含自助早餐，菜品丰富。酒店内有健身房和洗衣房，住客免费使用。部分房型可俯瞰城市天际线。	C142
6005	碧桂宾馆	地址：泾阳县建设路1号（永乐店）。联系电话：015-81526338 / 184-41011719。酒店内有健身房和洗衣房，住客免费使用。周边 500 米内即是商场与美食街。含自助早餐，菜品丰富。	C064
6006	桔子大酒店	地址：泾阳县朝阳街285号（永乐店）。联系电话：025-48219873 / 024-47083841。提供高速 Wi‑Fi 及 24 小时热水。前台多语言服务，支持行李寄存。部分房型可俯瞰城市天际线。	C064
6007	璞丽国际酒店	地址：泾阳县建设路104号（永乐店）。联系电话：028-47033956 / 059-53688016。含自助早餐，菜品丰富。提供高速 Wi‑Fi 及 24 小时热水。距车站步行 5 分钟，交通便利。前台多语言服务，支持行李寄存。	C064
6008	月光酒店	地址：泾阳县朝阳街5号（永乐店）。联系电话：152-28387777 / 037-45293702。设有地下停车场与充电桩。酒店内有健身房和洗衣房，住客免费使用。含自助早餐，菜品丰富。	C064
6009	锦江国际酒店	地址：嫩江县朝阳街120号（伊拉哈）。联系电话：040-50130427 / 035-45754321。前台多语言服务，支持行李寄存。酒店内有健身房和洗衣房，住客免费使用。	C310
6010	桔子国际酒店	地址：嫩江县中心路304号（伊拉哈）。联系电话：135-89079379 / 036-54462085。设有地下停车场与充电桩。可手机自助入住，无接触开门。	C310
6011	楠舍精品酒店	地址：穆棱迎宾大道27号（伊林）。联系电话：197-19387368 / 014-72316938。部分房型可俯瞰城市天际线。可手机自助入住，无接触开门。	C207
6012	楠舍度假酒店	地址：穆棱人民大道75号（伊林）。联系电话：023-27137886。含自助早餐，菜品丰富。周边 500 米内即是商场与美食街。前台多语言服务，支持行李寄存。	C207
6013	沐兰大酒店	地址：穆棱建设路175号（伊林）。联系电话：025-72469020 / 041-32544913。提供高速 Wi‑Fi 及 24 小时热水。部分房型可俯瞰城市天际线。可手机自助入住，无接触开门。	C207
6014	锦江精品酒店	地址：穆棱人民大道399号（伊林）。联系电话：183-17865341 / 190-89294522。提供高速 Wi‑Fi 及 24 小时热水。设有地下停车场与充电桩。	C207
6015	月光度假酒店	地址：西安人民大道131号（杨陵）。联系电话：041-74024030。提供高速 Wi‑Fi 及 24 小时热水。客房配备记忆棉床垫，保证舒适睡眠。含自助早餐，菜品丰富。可手机自助入住，无接触开门。	C246
6016	梅园精品酒店	地址：西安迎宾大道354号（杨陵）。联系电话：046-22665618。提供高速 Wi‑Fi 及 24 小时热水。可手机自助入住，无接触开门。	C246
6017	枫叶酒店	地址：西安迎宾大道275号（杨陵）。联系电话：015-80156022。距车站步行 5 分钟，交通便利。含自助早餐，菜品丰富。酒店内有健身房和洗衣房，住客免费使用。可手机自助入住，无接触开门。	C246
6018	柏栎度假酒店	地址：彝良县中心路385号（彝良）。联系电话：192-86069780。设有地下停车场与充电桩。可手机自助入住，无接触开门。提供高速 Wi‑Fi 及 24 小时热水。酒店内有健身房和洗衣房，住客免费使用。	C144
6019	梅园大酒店	地址：彝良县人民大道287号（彝良）。联系电话：036-20385409 / 191-33193112。设有地下停车场与充电桩。周边 500 米内即是商场与美食街。	C144
6020	锦江精品酒店	地址：彝良县中心路354号（彝良）。联系电话：058-50640156。客房配备记忆棉床垫，保证舒适睡眠。提供高速 Wi‑Fi 及 24 小时热水。	C144
6021	柏栎国际酒店	地址：嵩明县人民大道288号（杨林）。联系电话：041-39399702。部分房型可俯瞰城市天际线。周边 500 米内即是商场与美食街。可手机自助入住，无接触开门。提供高速 Wi‑Fi 及 24 小时热水。	C142
6022	枫叶度假酒店	地址：嵩明县解放路386号（杨林）。联系电话：012-59471841。部分房型可俯瞰城市天际线。前台多语言服务，支持行李寄存。提供高速 Wi‑Fi 及 24 小时热水。	C142
6023	楠舍国际酒店	地址：通辽朝阳街374号（余粮堡）。联系电话：130-86556407。周边 500 米内即是商场与美食街。部分房型可俯瞰城市天际线。酒店内有健身房和洗衣房，住客免费使用。设有地下停车场与充电桩。	C260
6024	桔子宾馆	地址：通辽朝阳街208号（余粮堡）。联系电话：025-20044673 / 052-83881886。可手机自助入住，无接触开门。提供高速 Wi‑Fi 及 24 小时热水。设有地下停车场与充电桩。酒店内有健身房和洗衣房，住客免费使用。	C260
6025	梅园宾馆	地址：通辽迎宾大道164号（余粮堡）。联系电话：030-54970897。部分房型可俯瞰城市天际线。可手机自助入住，无接触开门。设有地下停车场与充电桩。前台多语言服务，支持行李寄存。	C260
6026	桔子宾馆	地址：通辽解放路241号（余粮堡）。联系电话：135-15741521 / 026-70203656。客房配备记忆棉床垫，保证舒适睡眠。周边 500 米内即是商场与美食街。提供高速 Wi‑Fi 及 24 小时热水。前台多语言服务，支持行李寄存。	C260
6027	柏曼酒店	地址：天津朝阳街206号（杨柳青）。联系电话：036-80238619 / 053-40296727。酒店内有健身房和洗衣房，住客免费使用。设有地下停车场与充电桩。含自助早餐，菜品丰富。部分房型可俯瞰城市天际线。	C082
6028	枫叶精品酒店	地址：天津迎宾大道59号（杨柳青）。联系电话：011-70182218 / 058-25581754。前台多语言服务，支持行李寄存。设有地下停车场与充电桩。	C082
6029	梅园国际酒店	地址：天津迎宾大道356号（杨柳青）。联系电话：180-75785356。含自助早餐，菜品丰富。酒店内有健身房和洗衣房，住客免费使用。	C082
6030	星程精品酒店	地址：盘州建设路395号（月亮田）。联系电话：039-56438299 / 040-57867187。酒店内有健身房和洗衣房，住客免费使用。提供高速 Wi‑Fi 及 24 小时热水。设有地下停车场与充电桩。距车站步行 5 分钟，交通便利。	C033
6031	梅园度假酒店	地址：盘州和平路14号（月亮田）。联系电话：024-34915821 / 186-57485467。含自助早餐，菜品丰富。周边 500 米内即是商场与美食街。提供高速 Wi‑Fi 及 24 小时热水。客房配备记忆棉床垫，保证舒适睡眠。	C033
6032	月光国际酒店	地址：义马迎宾大道55号（义马）。联系电话：130-49352540 / 027-37981499。部分房型可俯瞰城市天际线。设有地下停车场与充电桩。距车站步行 5 分钟，交通便利。含自助早餐，菜品丰富。	C004
6033	柏栎宾馆	地址：义马和平路225号（义马）。联系电话：032-21394173。酒店内有健身房和洗衣房，住客免费使用。设有地下停车场与充电桩。	C004
6034	悦榕国际酒店	地址：义马建设路315号（义马）。联系电话：196-70569759 / 198-13256831。设有地下停车场与充电桩。周边 500 米内即是商场与美食街。可手机自助入住，无接触开门。	C004
6035	雅致大酒店	地址：代县迎宾大道386号（阳明堡）。联系电话：035-41780799。距车站步行 5 分钟，交通便利。可手机自助入住，无接触开门。部分房型可俯瞰城市天际线。	C124
6036	沐兰大酒店	地址：代县中心路12号（阳明堡）。联系电话：054-52395094。部分房型可俯瞰城市天际线。前台多语言服务，支持行李寄存。提供高速 Wi‑Fi 及 24 小时热水。	C124
6037	柏曼度假酒店	地址：代县解放路256号（阳明堡）。联系电话：193-62651670 / 043-22192434。部分房型可俯瞰城市天际线。酒店内有健身房和洗衣房，住客免费使用。	C124
6038	枫叶度假酒店	地址：玉门朝阳街2号（玉门）。联系电话：156-92162940 / 191-27425300。距车站步行 5 分钟，交通便利。可手机自助入住，无接触开门。	C271
6039	璞丽度假酒店	地址：玉门朝阳街371号（玉门）。联系电话：043-86471836 / 158-66564021。部分房型可俯瞰城市天际线。前台多语言服务，支持行李寄存。	C271
6040	沐兰国际酒店	地址：玉门人民大道291号（玉门）。联系电话：152-73072772。设有地下停车场与充电桩。部分房型可俯瞰城市天际线。含自助早餐，菜品丰富。	C271
6041	花筑大酒店	地址：云梦县迎宾大道286号（云梦）。联系电话：038-58571429。距车站步行 5 分钟，交通便利。客房配备记忆棉床垫，保证舒适睡眠。提供高速 Wi‑Fi 及 24 小时热水。酒店内有健身房和洗衣房，住客免费使用。	C086
6042	丽枫精品酒店	地址：云梦县迎宾大道298号（云梦）。联系电话：134-88852063 / 189-80654147。周边 500 米内即是商场与美食街。前台多语言服务，支持行李寄存。距车站步行 5 分钟，交通便利。	C086
6043	梅园宾馆	地址：云梦县中心路68号（云梦）。联系电话：028-26642670 / 152-44566705。可手机自助入住，无接触开门。周边 500 米内即是商场与美食街。酒店内有健身房和洗衣房，住客免费使用。客房配备记忆棉床垫，保证舒适睡眠。	C086
6044	沐兰大酒店	地址：云梦县朝阳街276号（云梦）。联系电话：139-80497391 / 020-31292792。可手机自助入住，无接触开门。距车站步行 5 分钟，交通便利。	C086
6045	月光国际酒店	地址：元谋县朝阳街316号（元谋）。联系电话：194-45469353 / 040-42460423。含自助早餐，菜品丰富。提供高速 Wi‑Fi 及 24 小时热水。可手机自助入住，无接触开门。	C161
6046	沐兰宾馆	地址：元谋县中心路279号（元谋）。联系电话：187-70738203 / 031-63365737。前台多语言服务，支持行李寄存。部分房型可俯瞰城市天际线。	C161
6047	璞丽酒店	地址：元谋县解放路21号（元谋）。联系电话：157-30232628。前台多语言服务，支持行李寄存。周边 500 米内即是商场与美食街。	C161
6048	锦江宾馆	地址：元谋县朝阳街20号（元谋）。联系电话：041-52511351 / 198-15701301。提供高速 Wi‑Fi 及 24 小时热水。距车站步行 5 分钟，交通便利。	C161
6049	悦榕国际酒店	地址：凤城人民大道367号（一面山）。联系电话：047-31191861 / 034-73569761。周边 500 米内即是商场与美食街。提供高速 Wi‑Fi 及 24 小时热水。含自助早餐，菜品丰富。距车站步行 5 分钟，交通便利。	C013
6050	锦江度假酒店	地址：凤城人民大道379号（一面山）。联系电话：138-49445243 / 029-59060060。周边 500 米内即是商场与美食街。客房配备记忆棉床垫，保证舒适睡眠。设有地下停车场与充电桩。酒店内有健身房和洗衣房，住客免费使用。	C013
6051	璞丽宾馆	地址：凤城中心路142号（一面山）。联系电话：184-91301320 / 195-82145828。周边 500 米内即是商场与美食街。前台多语言服务，支持行李寄存。	C013
6052	丽枫精品酒店	地址：沂南县迎宾大道86号（沂南）。联系电话：038-49543273 / 010-75658485。距车站步行 5 分钟，交通便利。前台多语言服务，支持行李寄存。	C012
6053	柏曼精品酒店	地址：沂南县解放路197号（沂南）。联系电话：133-36747313。周边 500 米内即是商场与美食街。客房配备记忆棉床垫，保证舒适睡眠。可手机自助入住，无接触开门。含自助早餐，菜品丰富。	C012
6054	桔子宾馆	地址：石林彝族自治县人民大道245号（宜耐）。联系电话：150-28904085。提供高速 Wi‑Fi 及 24 小时热水。距车站步行 5 分钟，交通便利。酒店内有健身房和洗衣房，住客免费使用。周边 500 米内即是商场与美食街。	C142
6055	悦榕大酒店	地址：石林彝族自治县和平路128号（宜耐）。联系电话：193-65447035。部分房型可俯瞰城市天际线。客房配备记忆棉床垫，保证舒适睡眠。	C142
6056	璞丽度假酒店	地址：石林彝族自治县朝阳街324号（宜耐）。联系电话：182-87486316 / 135-81855128。酒店内有健身房和洗衣房，住客免费使用。含自助早餐，菜品丰富。可手机自助入住，无接触开门。	C142
6057	桔子国际酒店	地址：伊宁县和平路95号（伊宁东）。联系电话：134-29214998 / 185-65271726。含自助早餐，菜品丰富。周边 500 米内即是商场与美食街。可手机自助入住，无接触开门。距车站步行 5 分钟，交通便利。	C024
6058	月光大酒店	地址：伊宁县人民大道89号（伊宁东）。联系电话：057-72148190 / 018-59750454。距车站步行 5 分钟，交通便利。前台多语言服务，支持行李寄存。含自助早餐，菜品丰富。	C024
6059	锦江国际酒店	地址：伊宁县和平路23号（伊宁东）。联系电话：010-62174288。设有地下停车场与充电桩。客房配备记忆棉床垫，保证舒适睡眠。前台多语言服务，支持行李寄存。周边 500 米内即是商场与美食街。	C024
6060	璞丽精品酒店	地址：中卫朝阳街373号（营盘水）。联系电话：021-75316900 / 041-87954037。部分房型可俯瞰城市天际线。设有地下停车场与充电桩。	C009
6061	花筑国际酒店	地址：中卫解放路282号（营盘水）。联系电话：059-34479919 / 155-61341316。设有地下停车场与充电桩。含自助早餐，菜品丰富。客房配备记忆棉床垫，保证舒适睡眠。	C009
6062	锦江国际酒店	地址：昆明迎宾大道393号（羊堡）。联系电话：191-31996905。含自助早餐，菜品丰富。部分房型可俯瞰城市天际线。	C142
6063	沐兰度假酒店	地址：昆明朝阳街10号（羊堡）。联系电话：183-90217443。距车站步行 5 分钟，交通便利。可手机自助入住，无接触开门。提供高速 Wi‑Fi 及 24 小时热水。部分房型可俯瞰城市天际线。	C142
6064	沐兰度假酒店	地址：昆明朝阳街343号（羊堡）。联系电话：043-82618844 / 036-78121217。距车站步行 5 分钟，交通便利。客房配备记忆棉床垫，保证舒适睡眠。部分房型可俯瞰城市天际线。	C142
6065	云栖酒店	地址：盂县朝阳街49号（阳泉北）。联系电话：195-27023505。周边 500 米内即是商场与美食街。前台多语言服务，支持行李寄存。	C290
6066	云栖宾馆	地址：盂县迎宾大道327号（阳泉北）。联系电话：027-83860847 / 152-42880799。提供高速 Wi‑Fi 及 24 小时热水。酒店内有健身房和洗衣房，住客免费使用。前台多语言服务，支持行李寄存。	C290
6067	锦江精品酒店	地址：温州中心路365号（乐清）。联系电话：131-95662250 / 135-16425993。距车站步行 5 分钟，交通便利。周边 500 米内即是商场与美食街。酒店内有健身房和洗衣房，住客免费使用。	C192
6068	云栖度假酒店	地址：温州人民大道371号（乐清）。联系电话：189-58849355。客房配备记忆棉床垫，保证舒适睡眠。可手机自助入住，无接触开门。距车站步行 5 分钟，交通便利。	C192
6069	沐兰精品酒店	地址：焉耆回族自治县朝阳街332号（焉耆）。联系电话：191-64227873 / 180-37889483。设有地下停车场与充电桩。客房配备记忆棉床垫，保证舒适睡眠。含自助早餐，菜品丰富。酒店内有健身房和洗衣房，住客免费使用。	C105
6070	悦榕宾馆	地址：焉耆回族自治县和平路248号（焉耆）。联系电话：151-61499191。含自助早餐，菜品丰富。周边 500 米内即是商场与美食街。客房配备记忆棉床垫，保证舒适睡眠。	C105
6071	楠舍酒店	地址：淄博人民大道358号（源迁）。联系电话：157-78684217 / 194-40699624。客房配备记忆棉床垫，保证舒适睡眠。可手机自助入住，无接触开门。部分房型可俯瞰城市天际线。	C186
6072	锦江宾馆	地址：淄博解放路30号（源迁）。联系电话：014-37827497。设有地下停车场与充电桩。部分房型可俯瞰城市天际线。	C186
6073	柏曼精品酒店	地址：淄博建设路279号（源迁）。联系电话：031-70893967 / 015-70856016。距车站步行 5 分钟，交通便利。客房配备记忆棉床垫，保证舒适睡眠。提供高速 Wi‑Fi 及 24 小时热水。部分房型可俯瞰城市天际线。	C186
6074	梅园宾馆	地址：淄博中心路371号（源迁）。联系电话：191-90729935。含自助早餐，菜品丰富。距车站步行 5 分钟，交通便利。前台多语言服务，支持行李寄存。	C186
6075	悦榕大酒店	地址：沈阳解放路72号（姚千户屯）。联系电话：194-75943120。可手机自助入住，无接触开门。酒店内有健身房和洗衣房，住客免费使用。	C172
6076	桔子精品酒店	地址：沈阳人民大道232号（姚千户屯）。联系电话：018-46145100 / 150-71766664。含自助早餐，菜品丰富。提供高速 Wi‑Fi 及 24 小时热水。	C172
6077	枫叶国际酒店	地址：沈阳人民大道215号（姚千户屯）。联系电话：182-40646954 / 132-19249275。前台多语言服务，支持行李寄存。客房配备记忆棉床垫，保证舒适睡眠。距车站步行 5 分钟，交通便利。设有地下停车场与充电桩。	C172
6078	沐兰酒店	地址：阳曲县朝阳街312号（阳曲）。联系电话：046-54648740 / 019-55673993。酒店内有健身房和洗衣房，住客免费使用。可手机自助入住，无接触开门。部分房型可俯瞰城市天际线。	C083
6079	沐兰酒店	地址：阳曲县中心路117号（阳曲）。联系电话：036-84700078。含自助早餐，菜品丰富。酒店内有健身房和洗衣房，住客免费使用。	C083
6080	月光宾馆	地址：阳曲县中心路152号（阳曲）。联系电话：180-62388518。距车站步行 5 分钟，交通便利。前台多语言服务，支持行李寄存。	C083
6081	云栖精品酒店	地址：阳曲县人民大道60号（阳曲）。联系电话：133-56684578 / 023-25376968。提供高速 Wi‑Fi 及 24 小时热水。设有地下停车场与充电桩。	C083
6082	柏曼国际酒店	地址：承德县解放路336号（榆树沟）。联系电话：180-76937155。设有地下停车场与充电桩。提供高速 Wi‑Fi 及 24 小时热水。含自助早餐，菜品丰富。	C130
6083	碧桂宾馆	地址：承德县中心路223号（榆树沟）。联系电话：189-72120084。酒店内有健身房和洗衣房，住客免费使用。前台多语言服务，支持行李寄存。客房配备记忆棉床垫，保证舒适睡眠。	C130
6084	桔子酒店	地址：博爱县建设路372号（月山）。联系电话：198-33350460。前台多语言服务，支持行李寄存。客房配备记忆棉床垫，保证舒适睡眠。部分房型可俯瞰城市天际线。	C206
6085	雅致度假酒店	地址：博爱县中心路121号（月山）。联系电话：191-89993127。前台多语言服务，支持行李寄存。酒店内有健身房和洗衣房，住客免费使用。周边 500 米内即是商场与美食街。	C206
6086	沐兰宾馆	地址：博爱县人民大道235号（月山）。联系电话：035-86875843。距车站步行 5 分钟，交通便利。部分房型可俯瞰城市天际线。含自助早餐，菜品丰富。客房配备记忆棉床垫，保证舒适睡眠。	C206
6087	桔子精品酒店	地址：永昌县朝阳街379号（玉石）。联系电话：137-88663756。客房配备记忆棉床垫，保证舒适睡眠。提供高速 Wi‑Fi 及 24 小时热水。酒店内有健身房和洗衣房，住客免费使用。周边 500 米内即是商场与美食街。	C274
6088	枫叶度假酒店	地址：永昌县解放路56号（玉石）。联系电话：049-84019325。可手机自助入住，无接触开门。设有地下停车场与充电桩。客房配备记忆棉床垫，保证舒适睡眠。前台多语言服务，支持行李寄存。	C274
6089	月光大酒店	地址：水城县中心路337号（玉舍）。联系电话：182-78843043。设有地下停车场与充电桩。客房配备记忆棉床垫，保证舒适睡眠。	C033
6090	枫叶宾馆	地址：水城县建设路186号（玉舍）。联系电话：053-43345537。距车站步行 5 分钟，交通便利。部分房型可俯瞰城市天际线。提供高速 Wi‑Fi 及 24 小时热水。	C033
6091	璞丽酒店	地址：水城县建设路173号（玉舍）。联系电话：198-38743780。距车站步行 5 分钟，交通便利。部分房型可俯瞰城市天际线。	C033
6092	悦榕酒店	地址：偃师建设路124号（偃师）。联系电话：021-77384773。距车站步行 5 分钟，交通便利。周边 500 米内即是商场与美食街。酒店内有健身房和洗衣房，住客免费使用。	C179
6093	月光宾馆	地址：偃师人民大道182号（偃师）。联系电话：185-41390100。部分房型可俯瞰城市天际线。提供高速 Wi‑Fi 及 24 小时热水。	C179
6094	花筑精品酒店	地址：偃师中心路76号（偃师）。联系电话：013-42899854 / 152-40916655。可手机自助入住，无接触开门。部分房型可俯瞰城市天际线。设有地下停车场与充电桩。提供高速 Wi‑Fi 及 24 小时热水。	C179
6095	柏曼度假酒店	地址：偃师迎宾大道289号（偃师）。联系电话：053-26567271。酒店内有健身房和洗衣房，住客免费使用。前台多语言服务，支持行李寄存。	C179
6096	柏栎酒店	地址：沂水县迎宾大道125号（沂水）。联系电话：011-44162388 / 021-37741728。部分房型可俯瞰城市天际线。提供高速 Wi‑Fi 及 24 小时热水。	C012
6097	锦江国际酒店	地址：沂水县人民大道390号（沂水）。联系电话：016-65954771 / 016-43694773。客房配备记忆棉床垫，保证舒适睡眠。提供高速 Wi‑Fi 及 24 小时热水。周边 500 米内即是商场与美食街。	C012
6098	枫叶酒店	地址：榆社县朝阳街86号（榆社）。联系电话：032-24196641 / 036-89756816。距车站步行 5 分钟，交通便利。含自助早餐，菜品丰富。	C145
6099	碧桂宾馆	地址：榆社县人民大道366号（榆社）。联系电话：180-91364058。含自助早餐，菜品丰富。酒店内有健身房和洗衣房，住客免费使用。	C145
6100	梅园度假酒店	地址：榆社县中心路381号（榆社）。联系电话：017-43665180 / 188-75055236。周边 500 米内即是商场与美食街。客房配备记忆棉床垫，保证舒适睡眠。	C145
6101	枫叶大酒店	地址：榆社县和平路114号（榆社）。联系电话：185-47304633。设有地下停车场与充电桩。周边 500 米内即是商场与美食街。酒店内有健身房和洗衣房，住客免费使用。前台多语言服务，支持行李寄存。	C145
6102	桔子酒店	地址：颍上县中心路333号（颍上）。联系电话：132-83190899。前台多语言服务，支持行李寄存。部分房型可俯瞰城市天际线。客房配备记忆棉床垫，保证舒适睡眠。	C287
6103	桔子国际酒店	地址：颍上县迎宾大道191号（颍上）。联系电话：057-25693541 / 039-53842907。周边 500 米内即是商场与美食街。距车站步行 5 分钟，交通便利。客房配备记忆棉床垫，保证舒适睡眠。	C287
6104	碧桂宾馆	地址：颍上县和平路370号（颍上）。联系电话：133-17284935 / 198-90465645。部分房型可俯瞰城市天际线。酒店内有健身房和洗衣房，住客免费使用。	C287
6105	璞丽宾馆	地址：滦平县迎宾大道338号（窑上）。联系电话：136-12854621。前台多语言服务，支持行李寄存。可手机自助入住，无接触开门。客房配备记忆棉床垫，保证舒适睡眠。	C130
6106	云栖酒店	地址：滦平县中心路234号（窑上）。联系电话：183-47605929 / 042-58003550。部分房型可俯瞰城市天际线。含自助早餐，菜品丰富。酒店内有健身房和洗衣房，住客免费使用。	C130
6107	桔子酒店	地址：元氏县和平路163号（元氏）。联系电话：194-14102681 / 198-29394640。前台多语言服务，支持行李寄存。提供高速 Wi‑Fi 及 24 小时热水。可手机自助入住，无接触开门。	C220
6108	碧桂酒店	地址：元氏县朝阳街342号（元氏）。联系电话：016-49379592。酒店内有健身房和洗衣房，住客免费使用。含自助早餐，菜品丰富。设有地下停车场与充电桩。	C220
6109	楠舍度假酒店	地址：平泉中心路360号（杨树岭）。联系电话：016-88890107 / 137-63312925。含自助早餐，菜品丰富。设有地下停车场与充电桩。	C130
6110	柏栎酒店	地址：平泉和平路301号（杨树岭）。联系电话：132-62329640 / 158-59815149。可手机自助入住，无接触开门。部分房型可俯瞰城市天际线。周边 500 米内即是商场与美食街。提供高速 Wi‑Fi 及 24 小时热水。	C130
6111	楠舍度假酒店	地址：平泉朝阳街57号（杨树岭）。联系电话：033-74649172。前台多语言服务，支持行李寄存。提供高速 Wi‑Fi 及 24 小时热水。可手机自助入住，无接触开门。	C130
6112	碧桂宾馆	地址：涞水县建设路238号（野三坡）。联系电话：185-26445553。前台多语言服务，支持行李寄存。提供高速 Wi‑Fi 及 24 小时热水。距车站步行 5 分钟，交通便利。	C027
6113	花筑国际酒店	地址：涞水县朝阳街378号（野三坡）。联系电话：039-38651798 / 048-73922595。周边 500 米内即是商场与美食街。前台多语言服务，支持行李寄存。可手机自助入住，无接触开门。含自助早餐，菜品丰富。	C027
6114	雅致精品酒店	地址：齐齐哈尔人民大道318号（榆树屯）。联系电话：048-23959996。客房配备记忆棉床垫，保证舒适睡眠。提供高速 Wi‑Fi 及 24 小时热水。	C314
6115	璞丽宾馆	地址：齐齐哈尔和平路315号（榆树屯）。联系电话：191-31647399 / 192-43543840。客房配备记忆棉床垫，保证舒适睡眠。前台多语言服务，支持行李寄存。提供高速 Wi‑Fi 及 24 小时热水。部分房型可俯瞰城市天际线。	C314
6116	沐兰度假酒店	地址：沈阳和平路127号（榆树台）。联系电话：037-69267695 / 054-87633392。部分房型可俯瞰城市天际线。距车站步行 5 分钟，交通便利。酒店内有健身房和洗衣房，住客免费使用。	C172
6117	璞丽精品酒店	地址：沈阳建设路132号（榆树台）。联系电话：020-82245383。设有地下停车场与充电桩。部分房型可俯瞰城市天际线。提供高速 Wi‑Fi 及 24 小时热水。	C172
6118	楠舍大酒店	地址：沈阳建设路213号（榆树台）。联系电话：010-38578645 / 054-21116897。客房配备记忆棉床垫，保证舒适睡眠。周边 500 米内即是商场与美食街。设有地下停车场与充电桩。	C172
6119	枫叶大酒店	地址：沈阳中心路366号（榆树台）。联系电话：011-48921537。周边 500 米内即是商场与美食街。提供高速 Wi‑Fi 及 24 小时热水。酒店内有健身房和洗衣房，住客免费使用。	C172
6120	柏栎精品酒店	地址：承德建设路226号（鹰手营子）。联系电话：155-57323644 / 059-68101724。含自助早餐，菜品丰富。距车站步行 5 分钟，交通便利。	C130
6121	梅园度假酒店	地址：承德人民大道141号（鹰手营子）。联系电话：039-45131808。酒店内有健身房和洗衣房，住客免费使用。距车站步行 5 分钟，交通便利。部分房型可俯瞰城市天际线。可手机自助入住，无接触开门。	C130
6122	花筑宾馆	地址：承德人民大道107号（鹰手营子）。联系电话：188-36687883。前台多语言服务，支持行李寄存。提供高速 Wi‑Fi 及 24 小时热水。含自助早餐，菜品丰富。可手机自助入住，无接触开门。	C130
6123	沐兰大酒店	地址：清远朝阳街324号（源潭）。联系电话：157-11314659 / 016-86867562。周边 500 米内即是商场与美食街。设有地下停车场与充电桩。前台多语言服务，支持行李寄存。距车站步行 5 分钟，交通便利。	C191
6124	雅致国际酒店	地址：清远和平路123号（源潭）。联系电话：055-68830424。含自助早餐，菜品丰富。前台多语言服务，支持行李寄存。可手机自助入住，无接触开门。周边 500 米内即是商场与美食街。	C191
6125	柏栎度假酒店	地址：通道侗族自治县解放路17号（牙屯堡）。联系电话：199-75458631 / 197-17482978。前台多语言服务，支持行李寄存。含自助早餐，菜品丰富。客房配备记忆棉床垫，保证舒适睡眠。	C125
6126	月光精品酒店	地址：通道侗族自治县朝阳街384号（牙屯堡）。联系电话：138-23664775。距车站步行 5 分钟，交通便利。设有地下停车场与充电桩。含自助早餐，菜品丰富。可手机自助入住，无接触开门。	C125
6127	梅园国际酒店	地址：磐石朝阳街37号（烟筒山）。联系电话：180-22823218 / 043-64292067。提供高速 Wi‑Fi 及 24 小时热水。距车站步行 5 分钟，交通便利。	C055
6128	碧桂宾馆	地址：磐石朝阳街371号（烟筒山）。联系电话：157-90973556。客房配备记忆棉床垫，保证舒适睡眠。部分房型可俯瞰城市天际线。酒店内有健身房和洗衣房，住客免费使用。	C055
6129	柏栎国际酒店	地址：杜尔伯特蒙古族自治县人民大道208号（烟筒屯）。联系电话：015-88271583。酒店内有健身房和洗衣房，住客免费使用。客房配备记忆棉床垫，保证舒适睡眠。部分房型可俯瞰城市天际线。可手机自助入住，无接触开门。	C078
6130	云栖大酒店	地址：杜尔伯特蒙古族自治县和平路352号（烟筒屯）。联系电话：193-96700501。前台多语言服务，支持行李寄存。周边 500 米内即是商场与美食街。含自助早餐，菜品丰富。部分房型可俯瞰城市天际线。	C078
6131	沐兰大酒店	地址：杜尔伯特蒙古族自治县解放路268号（烟筒屯）。联系电话：151-20041819。周边 500 米内即是商场与美食街。酒店内有健身房和洗衣房，住客免费使用。设有地下停车场与充电桩。	C078
6132	楠舍酒店	地址：杜尔伯特蒙古族自治县建设路393号（烟筒屯）。联系电话：134-81851923 / 198-95452752。酒店内有健身房和洗衣房，住客免费使用。周边 500 米内即是商场与美食街。	C078
6133	梅园精品酒店	地址：富源县解放路49号（羊尾哨）。联系电话：150-25386978 / 024-81595023。周边 500 米内即是商场与美食街。提供高速 Wi‑Fi 及 24 小时热水。含自助早餐，菜品丰富。部分房型可俯瞰城市天际线。	C148
6134	沐兰国际酒店	地址：富源县解放路70号（羊尾哨）。联系电话：185-74499709 / 154-92082499。客房配备记忆棉床垫，保证舒适睡眠。周边 500 米内即是商场与美食街。酒店内有健身房和洗衣房，住客免费使用。可手机自助入住，无接触开门。	C148
6135	丽枫大酒店	地址：阳西县朝阳街129号（阳西）。联系电话：022-68013368。前台多语言服务，支持行李寄存。周边 500 米内即是商场与美食街。酒店内有健身房和洗衣房，住客免费使用。含自助早餐，菜品丰富。	C289
6136	楠舍度假酒店	地址：阳西县中心路264号（阳西）。联系电话：199-77951504。酒店内有健身房和洗衣房，住客免费使用。客房配备记忆棉床垫，保证舒适睡眠。	C289
6137	碧桂精品酒店	地址：阳西县朝阳街14号（阳西）。联系电话：015-82846556 / 180-82463441。酒店内有健身房和洗衣房，住客免费使用。周边 500 米内即是商场与美食街。可手机自助入住，无接触开门。客房配备记忆棉床垫，保证舒适睡眠。	C289
6138	锦江精品酒店	地址：越西县中心路204号（越西）。联系电话：012-25410121 / 010-79609342。前台多语言服务，支持行李寄存。周边 500 米内即是商场与美食街。	C037
6139	碧桂精品酒店	地址：越西县解放路42号（越西）。联系电话：057-83534542。部分房型可俯瞰城市天际线。提供高速 Wi‑Fi 及 24 小时热水。距车站步行 5 分钟，交通便利。含自助早餐，菜品丰富。	C037
6140	梅园宾馆	地址：株洲解放路28号（攸县）。联系电话：156-22103779。含自助早餐，菜品丰富。前台多语言服务，支持行李寄存。提供高速 Wi‑Fi 及 24 小时热水。	C157
6141	雅致精品酒店	地址：株洲人民大道226号（攸县）。联系电话：011-78072251。距车站步行 5 分钟，交通便利。可手机自助入住，无接触开门。部分房型可俯瞰城市天际线。酒店内有健身房和洗衣房，住客免费使用。	C157
6142	碧桂精品酒店	地址：株洲中心路378号（攸县）。联系电话：194-59079120 / 030-37050789。周边 500 米内即是商场与美食街。可手机自助入住，无接触开门。	C157
6143	枫叶宾馆	地址：株洲和平路255号（攸县）。联系电话：190-45497042。客房配备记忆棉床垫，保证舒适睡眠。前台多语言服务，支持行李寄存。	C157
6144	花筑宾馆	地址：永修县中心路296号（永修）。联系电话：190-84861509 / 199-40234129。周边 500 米内即是商场与美食街。设有地下停车场与充电桩。含自助早餐，菜品丰富。客房配备记忆棉床垫，保证舒适睡眠。	C020
6145	碧桂宾馆	地址：永修县中心路369号（永修）。联系电话：197-11928013。周边 500 米内即是商场与美食街。客房配备记忆棉床垫，保证舒适睡眠。酒店内有健身房和洗衣房，住客免费使用。	C020
6146	柏曼酒店	地址：永修县建设路389号（永修）。联系电话：034-68337972。周边 500 米内即是商场与美食街。可手机自助入住，无接触开门。	C020
6147	柏曼国际酒店	地址：永修县和平路45号（永修）。联系电话：059-51282708。客房配备记忆棉床垫，保证舒适睡眠。含自助早餐，菜品丰富。	C020
6148	璞丽大酒店	地址：玉溪朝阳街154号（玉溪西）。联系电话：187-82052057 / 036-67528086。客房配备记忆棉床垫，保证舒适睡眠。设有地下停车场与充电桩。提供高速 Wi‑Fi 及 24 小时热水。	C209
6149	柏栎大酒店	地址：玉溪和平路147号（玉溪西）。联系电话：030-55770380 / 057-61988760。含自助早餐，菜品丰富。可手机自助入住，无接触开门。部分房型可俯瞰城市天际线。	C209
6150	花筑大酒店	地址：玉溪建设路6号（玉溪西）。联系电话：059-22213246 / 018-40726297。酒店内有健身房和洗衣房，住客免费使用。含自助早餐，菜品丰富。	C209
6151	花筑大酒店	地址：玉溪人民大道116号（玉溪西）。联系电话：051-33563259。设有地下停车场与充电桩。含自助早餐，菜品丰富。部分房型可俯瞰城市天际线。	C209
6152	花筑大酒店	地址：弋阳县解放路346号（弋阳）。联系电话：138-66085871。客房配备记忆棉床垫，保证舒适睡眠。距车站步行 5 分钟，交通便利。	C006
6153	花筑度假酒店	地址：弋阳县和平路311号（弋阳）。联系电话：154-81398286。提供高速 Wi‑Fi 及 24 小时热水。酒店内有健身房和洗衣房，住客免费使用。前台多语言服务，支持行李寄存。	C006
6154	柏栎大酒店	地址：弋阳县解放路278号（弋阳）。联系电话：136-45844824。设有地下停车场与充电桩。可手机自助入住，无接触开门。	C006
6155	丽枫大酒店	地址：余姚市建设路228号（余姚）。联系电话：193-31473529 / 034-76398824。部分房型可俯瞰城市天际线。酒店内有健身房和洗衣房，住客免费使用。含自助早餐，菜品丰富。	C088
6156	梅园宾馆	地址：余姚市建设路227号（余姚）。联系电话：039-38093248 / 034-49084392。客房配备记忆棉床垫，保证舒适睡眠。设有地下停车场与充电桩。含自助早餐，菜品丰富。可手机自助入住，无接触开门。	C088
6157	云栖国际酒店	地址：余姚市建设路57号（余姚）。联系电话：047-25443214 / 153-36735249。可手机自助入住，无接触开门。周边 500 米内即是商场与美食街。	C088
6158	丽枫大酒店	地址：余姚市迎宾大道2号（余姚）。联系电话：199-86963465 / 048-36171440。前台多语言服务，支持行李寄存。部分房型可俯瞰城市天际线。距车站步行 5 分钟，交通便利。	C088
6159	星程大酒店	地址：酉阳土家族苗族自治县朝阳街207号（酉阳）。联系电话：190-21092348。含自助早餐，菜品丰富。酒店内有健身房和洗衣房，住客免费使用。部分房型可俯瞰城市天际线。客房配备记忆棉床垫，保证舒适睡眠。	C272
6160	楠舍度假酒店	地址：酉阳土家族苗族自治县解放路1号（酉阳）。联系电话：188-60810024 / 044-54371143。可手机自助入住，无接触开门。酒店内有健身房和洗衣房，住客免费使用。含自助早餐，菜品丰富。部分房型可俯瞰城市天际线。	C272
6161	璞丽精品酒店	地址：酉阳土家族苗族自治县建设路90号（酉阳）。联系电话：059-22828257 / 155-16575662。含自助早餐，菜品丰富。距车站步行 5 分钟，交通便利。酒店内有健身房和洗衣房，住客免费使用。设有地下停车场与充电桩。	C272
6162	丽枫国际酒店	地址：酉阳土家族苗族自治县和平路332号（酉阳）。联系电话：048-80181915。酒店内有健身房和洗衣房，住客免费使用。距车站步行 5 分钟，交通便利。部分房型可俯瞰城市天际线。含自助早餐，菜品丰富。	C272
6163	悦榕大酒店	地址：岳阳建设路123号（岳阳东）。联系电话：184-79331077。周边 500 米内即是商场与美食街。距车站步行 5 分钟，交通便利。前台多语言服务，支持行李寄存。可手机自助入住，无接触开门。	C101
6164	云栖宾馆	地址：岳阳和平路88号（岳阳东）。联系电话：043-31396578。前台多语言服务，支持行李寄存。提供高速 Wi‑Fi 及 24 小时热水。	C101
6165	锦江酒店	地址：岳阳人民大道35号（岳阳东）。联系电话：024-42764806 / 037-44401350。酒店内有健身房和洗衣房，住客免费使用。客房配备记忆棉床垫，保证舒适睡眠。含自助早餐，菜品丰富。	C101
6166	雅致酒店	地址：武安朝阳街30号（阳邑）。联系电话：011-81878883 / 151-91812987。距车站步行 5 分钟，交通便利。含自助早餐，菜品丰富。	C265
6167	柏曼大酒店	地址：武安迎宾大道114号（阳邑）。联系电话：157-95986477。提供高速 Wi‑Fi 及 24 小时热水。含自助早餐，菜品丰富。部分房型可俯瞰城市天际线。可手机自助入住，无接触开门。	C265
6168	星程国际酒店	地址：通化迎宾大道292号（鸭园）。联系电话：192-61755900。酒店内有健身房和洗衣房，住客免费使用。部分房型可俯瞰城市天际线。距车站步行 5 分钟，交通便利。可手机自助入住，无接触开门。	C259
6169	花筑大酒店	地址：通化解放路319号（鸭园）。联系电话：194-56313081。距车站步行 5 分钟，交通便利。酒店内有健身房和洗衣房，住客免费使用。部分房型可俯瞰城市天际线。可手机自助入住，无接触开门。	C259
6170	柏曼精品酒店	地址：通化迎宾大道226号（鸭园）。联系电话：054-46841563。客房配备记忆棉床垫，保证舒适睡眠。前台多语言服务，支持行李寄存。	C259
6171	沐兰国际酒店	地址：武山县人民大道320号（鸳鸯镇）。联系电话：019-71942809 / 017-80253945。设有地下停车场与充电桩。距车站步行 5 分钟，交通便利。	C081
6172	柏栎精品酒店	地址：武山县和平路182号（鸳鸯镇）。联系电话：049-34316514。提供高速 Wi‑Fi 及 24 小时热水。距车站步行 5 分钟，交通便利。周边 500 米内即是商场与美食街。	C081
6173	沐兰国际酒店	地址：武山县建设路363号（鸳鸯镇）。联系电话：181-97568844。可手机自助入住，无接触开门。距车站步行 5 分钟，交通便利。设有地下停车场与充电桩。前台多语言服务，支持行李寄存。	C081
6174	璞丽度假酒店	地址：宁强县人民大道294号（燕子砭）。联系电话：132-69951482。设有地下停车场与充电桩。提供高速 Wi‑Fi 及 24 小时热水。	C167
6175	云栖精品酒店	地址：宁强县中心路153号（燕子砭）。联系电话：197-11927157。前台多语言服务，支持行李寄存。酒店内有健身房和洗衣房，住客免费使用。	C167
6176	星程大酒店	地址：仪征建设路320号（仪征）。联系电话：059-29353168。提供高速 Wi‑Fi 及 24 小时热水。酒店内有健身房和洗衣房，住客免费使用。含自助早餐，菜品丰富。客房配备记忆棉床垫，保证舒适睡眠。	C129
6177	璞丽度假酒店	地址：仪征解放路6号（仪征）。联系电话：198-51254815。周边 500 米内即是商场与美食街。提供高速 Wi‑Fi 及 24 小时热水。含自助早餐，菜品丰富。	C129
6178	星程度假酒店	地址：仪征中心路252号（仪征）。联系电话：187-29957601。提供高速 Wi‑Fi 及 24 小时热水。客房配备记忆棉床垫，保证舒适睡眠。酒店内有健身房和洗衣房，住客免费使用。部分房型可俯瞰城市天际线。	C129
6179	梅园宾馆	地址：河池和平路47号（宜州）。联系电话：014-43714838。部分房型可俯瞰城市天际线。前台多语言服务，支持行李寄存。客房配备记忆棉床垫，保证舒适睡眠。	C174
6180	柏栎酒店	地址：河池朝阳街176号（宜州）。联系电话：049-80784776 / 134-61894164。部分房型可俯瞰城市天际线。设有地下停车场与充电桩。提供高速 Wi‑Fi 及 24 小时热水。	C174
6181	锦江酒店	地址：济宁和平路204号（兖州）。联系电话：156-19038223。前台多语言服务，支持行李寄存。距车站步行 5 分钟，交通便利。	C181
6182	悦榕度假酒店	地址：济宁迎宾大道10号（兖州）。联系电话：029-57964488。含自助早餐，菜品丰富。周边 500 米内即是商场与美食街。	C181
6183	花筑宾馆	地址：济宁建设路309号（兖州）。联系电话：039-71335399 / 194-85822908。设有地下停车场与充电桩。酒店内有健身房和洗衣房，住客免费使用。	C181
6184	云栖度假酒店	地址：济宁建设路363号（兖州）。联系电话：133-26514677。客房配备记忆棉床垫，保证舒适睡眠。可手机自助入住，无接触开门。距车站步行 5 分钟，交通便利。前台多语言服务，支持行李寄存。	C181
6185	雅致国际酒店	地址：攀枝花建设路200号（迤资）。联系电话：035-50829322 / 135-60886493。酒店内有健身房和洗衣房，住客免费使用。设有地下停车场与充电桩。部分房型可俯瞰城市天际线。	C135
6186	桔子精品酒店	地址：攀枝花人民大道360号（迤资）。联系电话：197-94151549。部分房型可俯瞰城市天际线。距车站步行 5 分钟，交通便利。客房配备记忆棉床垫，保证舒适睡眠。	C135
6187	碧桂大酒店	地址：攀枝花中心路78号（迤资）。联系电话：183-16655481 / 196-80071836。设有地下停车场与充电桩。客房配备记忆棉床垫，保证舒适睡眠。	C135
6188	枫叶国际酒店	地址：攀枝花解放路227号（迤资）。联系电话：017-63848013 / 032-81459557。可手机自助入住，无接触开门。含自助早餐，菜品丰富。	C135
6189	碧桂酒店	地址：罗平县解放路328号（羊者窝）。联系电话：045-74575353。可手机自助入住，无接触开门。前台多语言服务，支持行李寄存。	C148
6190	星程精品酒店	地址：罗平县迎宾大道151号（羊者窝）。联系电话：191-18673870。周边 500 米内即是商场与美食街。部分房型可俯瞰城市天际线。	C148
6191	桔子酒店	地址：凌源朝阳街51号（杨杖子）。联系电话：180-59879340。前台多语言服务，支持行李寄存。酒店内有健身房和洗衣房，住客免费使用。周边 500 米内即是商场与美食街。	C150
6192	碧桂国际酒店	地址：凌源建设路49号（杨杖子）。联系电话：058-57778048 / 198-83909898。酒店内有健身房和洗衣房，住客免费使用。提供高速 Wi‑Fi 及 24 小时热水。前台多语言服务，支持行李寄存。部分房型可俯瞰城市天际线。	C150
6193	星程度假酒店	地址：镇安县和平路182号（镇安）。联系电话：135-35371232。距车站步行 5 分钟，交通便利。酒店内有健身房和洗衣房，住客免费使用。前台多语言服务，支持行李寄存。客房配备记忆棉床垫，保证舒适睡眠。	C069
6194	云栖宾馆	地址：镇安县中心路310号（镇安）。联系电话：011-73159442 / 034-44835750。周边 500 米内即是商场与美食街。酒店内有健身房和洗衣房，住客免费使用。	C069
6195	柏栎精品酒店	地址：镇安县朝阳街17号（镇安）。联系电话：021-53223061。提供高速 Wi‑Fi 及 24 小时热水。酒店内有健身房和洗衣房，住客免费使用。	C069
6196	月光宾馆	地址：奈曼旗解放路217号（治安）。联系电话：029-86991735 / 150-71324443。部分房型可俯瞰城市天际线。可手机自助入住，无接触开门。	C260
6197	枫叶度假酒店	地址：奈曼旗朝阳街336号（治安）。联系电话：152-12151249。设有地下停车场与充电桩。酒店内有健身房和洗衣房，住客免费使用。客房配备记忆棉床垫，保证舒适睡眠。	C260
6198	柏栎国际酒店	地址：奈曼旗人民大道216号（治安）。联系电话：041-42777857 / 151-21738198。含自助早餐，菜品丰富。酒店内有健身房和洗衣房，住客免费使用。设有地下停车场与充电桩。周边 500 米内即是商场与美食街。	C260
6199	碧桂精品酒店	地址：灵丘县朝阳街122号（招柏）。联系电话：038-45370350。酒店内有健身房和洗衣房，住客免费使用。提供高速 Wi‑Fi 及 24 小时热水。距车站步行 5 分钟，交通便利。可手机自助入住，无接触开门。	C077
6200	梅园国际酒店	地址：灵丘县中心路291号（招柏）。联系电话：040-27420198。前台多语言服务，支持行李寄存。可手机自助入住，无接触开门。周边 500 米内即是商场与美食街。	C077
6201	楠舍国际酒店	地址：滦平县朝阳街319号（张百湾）。联系电话：154-12969216 / 038-47883092。部分房型可俯瞰城市天际线。距车站步行 5 分钟，交通便利。提供高速 Wi‑Fi 及 24 小时热水。	C130
6202	枫叶宾馆	地址：滦平县和平路378号（张百湾）。联系电话：021-24784678。部分房型可俯瞰城市天际线。前台多语言服务，支持行李寄存。	C130
6203	雅致宾馆	地址：滦平县迎宾大道53号（张百湾）。联系电话：023-86915628 / 025-56911074。前台多语言服务，支持行李寄存。周边 500 米内即是商场与美食街。	C130
6204	云栖国际酒店	地址：永登县中心路282号（中川机场）。联系电话：154-46534216 / 194-56051965。提供高速 Wi‑Fi 及 24 小时热水。含自助早餐，菜品丰富。	C034
6205	悦榕酒店	地址：永登县中心路28号（中川机场）。联系电话：028-53177337。可手机自助入住，无接触开门。前台多语言服务，支持行李寄存。客房配备记忆棉床垫，保证舒适睡眠。	C034
6206	桔子宾馆	地址：宜都迎宾大道157号（枝城）。联系电话：050-60908240 / 188-28307670。提供高速 Wi‑Fi 及 24 小时热水。设有地下停车场与充电桩。酒店内有健身房和洗衣房，住客免费使用。距车站步行 5 分钟，交通便利。	C095
6207	花筑国际酒店	地址：宜都迎宾大道150号（枝城）。联系电话：180-81495226 / 188-91583849。设有地下停车场与充电桩。部分房型可俯瞰城市天际线。含自助早餐，菜品丰富。	C095
6208	璞丽国际酒店	地址：宜都朝阳街141号（枝城）。联系电话：186-78893210。酒店内有健身房和洗衣房，住客免费使用。部分房型可俯瞰城市天际线。	C095
6209	沐兰酒店	地址：宜都中心路195号（枝城）。联系电话：050-31066339 / 184-68163736。酒店内有健身房和洗衣房，住客免费使用。客房配备记忆棉床垫，保证舒适睡眠。周边 500 米内即是商场与美食街。前台多语言服务，支持行李寄存。	C095
6210	悦榕精品酒店	地址：子长县中心路125号（子长）。联系电话：151-52633887。可手机自助入住，无接触开门。客房配备记忆棉床垫，保证舒适睡眠。	C115
6211	花筑宾馆	地址：子长县中心路294号（子长）。联系电话：054-88419888 / 024-44768002。部分房型可俯瞰城市天际线。周边 500 米内即是商场与美食街。	C115
6212	星程精品酒店	地址：子长县建设路52号（子长）。联系电话：022-88554928 / 024-72980952。提供高速 Wi‑Fi 及 24 小时热水。酒店内有健身房和洗衣房，住客免费使用。前台多语言服务，支持行李寄存。	C115
6213	月光国际酒店	地址：诸城中心路16号（诸城）。联系电话：190-47435412。客房配备记忆棉床垫，保证舒适睡眠。距车站步行 5 分钟，交通便利。设有地下停车场与充电桩。	C202
6214	月光大酒店	地址：诸城中心路185号（诸城）。联系电话：182-21011478 / 194-90204137。前台多语言服务，支持行李寄存。可手机自助入住，无接触开门。	C202
6215	璞丽酒店	地址：邹城人民大道321号（邹城）。联系电话：197-54005041 / 059-32837606。设有地下停车场与充电桩。含自助早餐，菜品丰富。距车站步行 5 分钟，交通便利。部分房型可俯瞰城市天际线。	C181
6216	枫叶大酒店	地址：邹城中心路87号（邹城）。联系电话：015-40605639 / 036-48598516。周边 500 米内即是商场与美食街。含自助早餐，菜品丰富。前台多语言服务，支持行李寄存。	C181
6217	桔子大酒店	地址：邹城解放路50号（邹城）。联系电话：191-75316917。部分房型可俯瞰城市天际线。可手机自助入住，无接触开门。	C181
6218	璞丽酒店	地址：洪洞县迎宾大道307号（赵城）。联系电话：195-81934578 / 185-22236533。提供高速 Wi‑Fi 及 24 小时热水。含自助早餐，菜品丰富。周边 500 米内即是商场与美食街。前台多语言服务，支持行李寄存。	C011
6219	璞丽宾馆	地址：洪洞县建设路173号（赵城）。联系电话：130-57468670。提供高速 Wi‑Fi 及 24 小时热水。部分房型可俯瞰城市天际线。	C011
6220	碧桂宾馆	地址：洪洞县解放路166号（赵城）。联系电话：052-39176254 / 016-49839154。客房配备记忆棉床垫，保证舒适睡眠。部分房型可俯瞰城市天际线。酒店内有健身房和洗衣房，住客免费使用。周边 500 米内即是商场与美食街。	C011
6221	月光宾馆	地址：洪洞县和平路154号（赵城）。联系电话：051-61721968 / 047-66420108。前台多语言服务，支持行李寄存。部分房型可俯瞰城市天际线。可手机自助入住，无接触开门。酒店内有健身房和洗衣房，住客免费使用。	C011
6222	柏曼精品酒店	地址：抚顺建设路397号（章党）。联系电话：013-82164454 / 189-69712582。前台多语言服务，支持行李寄存。部分房型可俯瞰城市天际线。含自助早餐，菜品丰富。	C132
6223	花筑宾馆	地址：抚顺人民大道205号（章党）。联系电话：016-28622582 / 047-53113092。周边 500 米内即是商场与美食街。含自助早餐，菜品丰富。部分房型可俯瞰城市天际线。	C132
6224	星程度假酒店	地址：抚顺人民大道390号（章党）。联系电话：197-19768905 / 022-81104116。客房配备记忆棉床垫，保证舒适睡眠。周边 500 米内即是商场与美食街。可手机自助入住，无接触开门。设有地下停车场与充电桩。	C132
6225	月光宾馆	地址：抚顺解放路258号（章党）。联系电话：010-85166583 / 151-40160379。部分房型可俯瞰城市天际线。周边 500 米内即是商场与美食街。距车站步行 5 分钟，交通便利。	C132
6226	云栖酒店	地址：正定县解放路17号（正定）。联系电话：191-53527965 / 182-70245244。含自助早餐，菜品丰富。可手机自助入住，无接触开门。	C220
6227	悦榕精品酒店	地址：正定县中心路331号（正定）。联系电话：185-76065503 / 051-41463110。含自助早餐，菜品丰富。可手机自助入住，无接触开门。提供高速 Wi‑Fi 及 24 小时热水。	C220
6228	雅致度假酒店	地址：正定县朝阳街169号（正定）。联系电话：196-90061570 / 159-55341550。酒店内有健身房和洗衣房，住客免费使用。周边 500 米内即是商场与美食街。设有地下停车场与充电桩。客房配备记忆棉床垫，保证舒适睡眠。	C220
6229	柏栎度假酒店	地址：正定县迎宾大道165号（正定）。联系电话：137-46632079 / 180-23240177。酒店内有健身房和洗衣房，住客免费使用。可手机自助入住，无接触开门。部分房型可俯瞰城市天际线。	C220
6230	云栖精品酒店	地址：肇东中心路194号（肇东）。联系电话：197-66870764。距车站步行 5 分钟，交通便利。含自助早餐，菜品丰富。	C225
6231	月光宾馆	地址：肇东迎宾大道80号（肇东）。联系电话：188-88591070。设有地下停车场与充电桩。客房配备记忆棉床垫，保证舒适睡眠。酒店内有健身房和洗衣房，住客免费使用。含自助早餐，菜品丰富。	C225
6232	月光精品酒店	地址：肇东和平路301号（肇东）。联系电话：052-65072515 / 136-93618403。含自助早餐，菜品丰富。设有地下停车场与充电桩。客房配备记忆棉床垫，保证舒适睡眠。	C225
6233	云栖大酒店	地址：肇东中心路138号（肇东）。联系电话：185-76221514 / 195-85674929。提供高速 Wi‑Fi 及 24 小时热水。距车站步行 5 分钟，交通便利。含自助早餐，菜品丰富。	C225
6234	锦江酒店	地址：马龙县建设路166号（照福铺）。联系电话：183-48853453。周边 500 米内即是商场与美食街。部分房型可俯瞰城市天际线。可手机自助入住，无接触开门。含自助早餐，菜品丰富。	C148
6235	梅园度假酒店	地址：马龙县迎宾大道358号（照福铺）。联系电话：030-41408786。设有地下停车场与充电桩。周边 500 米内即是商场与美食街。酒店内有健身房和洗衣房，住客免费使用。前台多语言服务，支持行李寄存。	C148
6236	柏曼酒店	地址：马龙县人民大道93号（照福铺）。联系电话：035-21045232 / 039-57295837。提供高速 Wi‑Fi 及 24 小时热水。距车站步行 5 分钟，交通便利。设有地下停车场与充电桩。	C148
6237	云栖国际酒店	地址：马龙县建设路382号（照福铺）。联系电话：045-55935377。提供高速 Wi‑Fi 及 24 小时热水。周边 500 米内即是商场与美食街。含自助早餐，菜品丰富。	C148
6238	悦榕大酒店	地址：彰武县朝阳街206号（章古台）。联系电话：029-25373139 / 040-34173347。提供高速 Wi‑Fi 及 24 小时热水。前台多语言服务，支持行李寄存。周边 500 米内即是商场与美食街。	C286
6239	丽枫宾馆	地址：彰武县朝阳街284号（章古台）。联系电话：017-62996109 / 191-46753677。含自助早餐，菜品丰富。部分房型可俯瞰城市天际线。	C286
6240	柏曼度假酒店	地址：彰武县迎宾大道327号（章古台）。联系电话：026-21817527 / 153-37874010。酒店内有健身房和洗衣房，住客免费使用。周边 500 米内即是商场与美食街。部分房型可俯瞰城市天际线。前台多语言服务，支持行李寄存。	C286
6241	桔子大酒店	地址：彰武县和平路88号（章古台）。联系电话：154-80098312 / 010-37038008。客房配备记忆棉床垫，保证舒适睡眠。设有地下停车场与充电桩。	C286
6242	楠舍酒店	地址：北安朝阳街290号（赵光）。联系电话：013-36525037 / 042-23808794。酒店内有健身房和洗衣房，住客免费使用。可手机自助入住，无接触开门。含自助早餐，菜品丰富。提供高速 Wi‑Fi 及 24 小时热水。	C310
6243	月光宾馆	地址：北安朝阳街243号（赵光）。联系电话：035-30191786。提供高速 Wi‑Fi 及 24 小时热水。距车站步行 5 分钟，交通便利。	C310
6244	碧桂国际酒店	地址：富裕县建设路312号（中和）。联系电话：010-79519660 / 197-48509911。周边 500 米内即是商场与美食街。前台多语言服务，支持行李寄存。设有地下停车场与充电桩。可手机自助入住，无接触开门。	C314
6245	碧桂宾馆	地址：富裕县解放路29号（中和）。联系电话：196-44220977。含自助早餐，菜品丰富。设有地下停车场与充电桩。提供高速 Wi‑Fi 及 24 小时热水。距车站步行 5 分钟，交通便利。	C314
6246	桔子度假酒店	地址：南京解放路106号（中华门）。联系电话：151-11349108 / 194-28373121。提供高速 Wi‑Fi 及 24 小时热水。距车站步行 5 分钟，交通便利。	C042
6247	碧桂酒店	地址：南京和平路312号（中华门）。联系电话：182-54885484。距车站步行 5 分钟，交通便利。前台多语言服务，支持行李寄存。	C042
6248	梅园精品酒店	地址：枝江中心路226号（枝江北）。联系电话：049-82125712。酒店内有健身房和洗衣房，住客免费使用。提供高速 Wi‑Fi 及 24 小时热水。部分房型可俯瞰城市天际线。设有地下停车场与充电桩。	C095
6249	楠舍酒店	地址：枝江中心路302号（枝江北）。联系电话：155-84017067 / 195-48920004。距车站步行 5 分钟，交通便利。前台多语言服务，支持行李寄存。	C095
6250	雅致精品酒店	地址：枝江朝阳街386号（枝江北）。联系电话：027-44140510。周边 500 米内即是商场与美食街。客房配备记忆棉床垫，保证舒适睡眠。前台多语言服务，支持行李寄存。酒店内有健身房和洗衣房，住客免费使用。	C095
6251	悦榕国际酒店	地址：枝江人民大道67号（枝江北）。联系电话：047-22623396。前台多语言服务，支持行李寄存。设有地下停车场与充电桩。可手机自助入住，无接触开门。	C095
6252	梅园大酒店	地址：蒲城县迎宾大道131号（钟家村）。联系电话：053-46519115 / 155-95472135。前台多语言服务，支持行李寄存。客房配备记忆棉床垫，保证舒适睡眠。提供高速 Wi‑Fi 及 24 小时热水。	C193
6253	雅致度假酒店	地址：蒲城县人民大道10号（钟家村）。联系电话：138-36431372 / 035-85449042。距车站步行 5 分钟，交通便利。可手机自助入住，无接触开门。含自助早餐，菜品丰富。设有地下停车场与充电桩。	C193
6254	桔子度假酒店	地址：林口县迎宾大道117号（朱家沟）。联系电话：195-38160879 / 138-38861706。设有地下停车场与充电桩。酒店内有健身房和洗衣房，住客免费使用。	C207
6255	花筑国际酒店	地址：林口县解放路333号（朱家沟）。联系电话：130-59026990。距车站步行 5 分钟，交通便利。周边 500 米内即是商场与美食街。	C207
6256	桔子大酒店	地址：林口县解放路251号（朱家沟）。联系电话：197-88293189 / 017-51681317。酒店内有健身房和洗衣房，住客免费使用。周边 500 米内即是商场与美食街。	C207
6257	楠舍度假酒店	地址：林口县迎宾大道148号（朱家沟）。联系电话：033-39378378。前台多语言服务，支持行李寄存。客房配备记忆棉床垫，保证舒适睡眠。距车站步行 5 分钟，交通便利。	C207
6258	云栖大酒店	地址：易县建设路117号（紫荆关）。联系电话：029-75901808。周边 500 米内即是商场与美食街。提供高速 Wi‑Fi 及 24 小时热水。含自助早餐，菜品丰富。设有地下停车场与充电桩。	C027
6259	悦榕度假酒店	地址：易县解放路149号（紫荆关）。联系电话：139-68886231 / 188-82360755。客房配备记忆棉床垫，保证舒适睡眠。前台多语言服务，支持行李寄存。设有地下停车场与充电桩。	C027
6260	沐兰酒店	地址：易县和平路396号（紫荆关）。联系电话：182-86164131。提供高速 Wi‑Fi 及 24 小时热水。酒店内有健身房和洗衣房，住客免费使用。前台多语言服务，支持行李寄存。周边 500 米内即是商场与美食街。	C027
6261	云栖国际酒店	地址：易县朝阳街176号（紫荆关）。联系电话：138-15960789 / 047-75405645。含自助早餐，菜品丰富。周边 500 米内即是商场与美食街。部分房型可俯瞰城市天际线。	C027
6262	星程国际酒店	地址：哈尔滨迎宾大道92号（周家）。联系电话：039-35844277 / 047-54303190。酒店内有健身房和洗衣房，住客免费使用。含自助早餐，菜品丰富。	C066
6263	云栖国际酒店	地址：哈尔滨中心路262号（周家）。联系电话：050-24485681。提供高速 Wi‑Fi 及 24 小时热水。可手机自助入住，无接触开门。客房配备记忆棉床垫，保证舒适睡眠。	C066
6264	云栖宾馆	地址：哈尔滨迎宾大道6号（周家）。联系电话：185-13623282 / 035-21611856。设有地下停车场与充电桩。含自助早餐，菜品丰富。客房配备记忆棉床垫，保证舒适睡眠。	C066
6265	沐兰度假酒店	地址：哈尔滨朝阳街390号（周家）。联系电话：152-28107923。可手机自助入住，无接触开门。酒店内有健身房和洗衣房，住客免费使用。部分房型可俯瞰城市天际线。	C066
6266	璞丽宾馆	地址：诸暨迎宾大道288号（诸暨）。联系电话：156-31838109 / 152-52580302。周边 500 米内即是商场与美食街。前台多语言服务，支持行李寄存。含自助早餐，菜品丰富。可手机自助入住，无接触开门。	C224
6267	璞丽度假酒店	地址：诸暨建设路257号（诸暨）。联系电话：196-84731820 / 150-97941598。提供高速 Wi‑Fi 及 24 小时热水。含自助早餐，菜品丰富。距车站步行 5 分钟，交通便利。可手机自助入住，无接触开门。	C224
6268	楠舍度假酒店	地址：镇江建设路272号（镇江南）。联系电话：158-37822766。前台多语言服务，支持行李寄存。可手机自助入住，无接触开门。设有地下停车场与充电桩。含自助早餐，菜品丰富。	C282
6269	枫叶精品酒店	地址：镇江中心路151号（镇江南）。联系电话：055-35690685 / 180-67300196。距车站步行 5 分钟，交通便利。提供高速 Wi‑Fi 及 24 小时热水。周边 500 米内即是商场与美食街。	C282
6270	沐兰宾馆	地址：义县人民大道144号（周家屯）。联系电话：155-42783545。可手机自助入住，无接触开门。距车站步行 5 分钟，交通便利。	C281
6271	柏曼酒店	地址：义县中心路85号（周家屯）。联系电话：180-92950724 / 155-94172355。可手机自助入住，无接触开门。周边 500 米内即是商场与美食街。酒店内有健身房和洗衣房，住客免费使用。	C281
6272	星程度假酒店	地址：义县解放路272号（周家屯）。联系电话：191-59113609。酒店内有健身房和洗衣房，住客免费使用。设有地下停车场与充电桩。含自助早餐，菜品丰富。客房配备记忆棉床垫，保证舒适睡眠。	C281
6273	楠舍度假酒店	地址：海原县中心路250号（褚家湾）。联系电话：152-20039551。部分房型可俯瞰城市天际线。提供高速 Wi‑Fi 及 24 小时热水。	C009
6274	沐兰大酒店	地址：海原县解放路195号（褚家湾）。联系电话：010-34135780。距车站步行 5 分钟，交通便利。前台多语言服务，支持行李寄存。提供高速 Wi‑Fi 及 24 小时热水。	C009
6275	柏栎大酒店	地址：海原县中心路361号（褚家湾）。联系电话：034-35795796 / 132-38463159。部分房型可俯瞰城市天际线。提供高速 Wi‑Fi 及 24 小时热水。酒店内有健身房和洗衣房，住客免费使用。周边 500 米内即是商场与美食街。	C009
6276	梅园宾馆	地址：湛江迎宾大道22号（湛江西）。联系电话：036-88549417 / 041-73512433。周边 500 米内即是商场与美食街。客房配备记忆棉床垫，保证舒适睡眠。	C197
6277	雅致酒店	地址：湛江建设路83号（湛江西）。联系电话：153-51968242 / 039-69223505。前台多语言服务，支持行李寄存。客房配备记忆棉床垫，保证舒适睡眠。距车站步行 5 分钟，交通便利。	C197
6278	柏栎大酒店	地址：湛江迎宾大道325号（湛江西）。联系电话：055-61833206 / 013-21414843。部分房型可俯瞰城市天际线。周边 500 米内即是商场与美食街。距车站步行 5 分钟，交通便利。前台多语言服务，支持行李寄存。	C197
6279	楠舍度假酒店	地址：湛江建设路103号（湛江西）。联系电话：190-14659747 / 199-38898963。部分房型可俯瞰城市天际线。前台多语言服务，支持行李寄存。含自助早餐，菜品丰富。	C197
6280	沐兰大酒店	地址：皋兰县朝阳街161号（朱家窑）。联系电话：182-31223920 / 022-78308234。周边 500 米内即是商场与美食街。部分房型可俯瞰城市天际线。设有地下停车场与充电桩。	C034
6281	沐兰酒店	地址：皋兰县和平路381号（朱家窑）。联系电话：151-99459445 / 030-73351684。含自助早餐，菜品丰富。部分房型可俯瞰城市天际线。客房配备记忆棉床垫，保证舒适睡眠。	C034
6282	丽枫度假酒店	地址：大关县朝阳街393号（曾家坪子）。联系电话：181-78952091 / 050-88918493。距车站步行 5 分钟，交通便利。客房配备记忆棉床垫，保证舒适睡眠。可手机自助入住，无接触开门。前台多语言服务，支持行李寄存。	C144
6283	碧桂国际酒店	地址：大关县人民大道204号（曾家坪子）。联系电话：183-69122989。酒店内有健身房和洗衣房，住客免费使用。周边 500 米内即是商场与美食街。部分房型可俯瞰城市天际线。	C144
6284	璞丽酒店	地址：介休人民大道117号（张兰）。联系电话：184-29513374 / 197-41618920。酒店内有健身房和洗衣房，住客免费使用。可手机自助入住，无接触开门。	C145
6285	星程精品酒店	地址：介休中心路231号（张兰）。联系电话：032-53752808。部分房型可俯瞰城市天际线。客房配备记忆棉床垫，保证舒适睡眠。	C145
6286	柏曼宾馆	地址：镇赉县人民大道336号（镇赉）。联系电话：021-80706475 / 135-41739517。可手机自助入住，无接触开门。周边 500 米内即是商场与美食街。客房配备记忆棉床垫，保证舒适睡眠。	C211
6287	月光度假酒店	地址：镇赉县中心路115号（镇赉）。联系电话：159-51571580 / 137-49770167。设有地下停车场与充电桩。可手机自助入住，无接触开门。	C211
6288	悦榕度假酒店	地址：代县迎宾大道234号（枣林）。联系电话：138-77316443 / 188-39143434。含自助早餐，菜品丰富。距车站步行 5 分钟，交通便利。可手机自助入住，无接触开门。客房配备记忆棉床垫，保证舒适睡眠。	C124
6289	沐兰宾馆	地址：代县建设路31号（枣林）。联系电话：155-25615136。客房配备记忆棉床垫，保证舒适睡眠。设有地下停车场与充电桩。	C124
6290	楠舍宾馆	地址：代县解放路182号（枣林）。联系电话：040-76815804。周边 500 米内即是商场与美食街。可手机自助入住，无接触开门。	C124
6291	丽枫宾馆	地址：代县解放路312号（枣林）。联系电话：193-15934060 / 151-20555851。部分房型可俯瞰城市天际线。客房配备记忆棉床垫，保证舒适睡眠。提供高速 Wi‑Fi 及 24 小时热水。	C124
6292	云栖度假酒店	地址：霍林郭勒解放路196号（扎鲁特）。联系电话：193-29274304 / 136-70635111。可手机自助入住，无接触开门。酒店内有健身房和洗衣房，住客免费使用。	C260
6293	月光酒店	地址：霍林郭勒建设路386号（扎鲁特）。联系电话：157-73940990 / 136-66935551。前台多语言服务，支持行李寄存。客房配备记忆棉床垫，保证舒适睡眠。	C260
6294	月光度假酒店	地址：满洲里朝阳街218号（扎赉诺尔西）。联系电话：014-82629550。距车站步行 5 分钟，交通便利。客房配备记忆棉床垫，保证舒适睡眠。	C060
6295	花筑大酒店	地址：满洲里建设路68号（扎赉诺尔西）。联系电话：150-46371358。酒店内有健身房和洗衣房，住客免费使用。部分房型可俯瞰城市天际线。	C060
6296	悦榕度假酒店	地址：满洲里解放路230号（扎赉诺尔西）。联系电话：193-33317234 / 196-11543398。设有地下停车场与充电桩。提供高速 Wi‑Fi 及 24 小时热水。客房配备记忆棉床垫，保证舒适睡眠。	C060
6297	柏曼大酒店	地址：满洲里建设路147号（扎赉诺尔西）。联系电话：011-84143092 / 049-25640260。可手机自助入住，无接触开门。含自助早餐，菜品丰富。	C060
6298	花筑大酒店	地址：东莞解放路247号（樟木头）。联系电话：196-60185310。部分房型可俯瞰城市天际线。客房配备记忆棉床垫，保证舒适睡眠。	C007
6299	星程酒店	地址：东莞人民大道295号（樟木头）。联系电话：035-45199562 / 150-14250345。距车站步行 5 分钟，交通便利。酒店内有健身房和洗衣房，住客免费使用。	C007
6300	碧桂大酒店	地址：东莞和平路314号（樟木头）。联系电话：037-80786981 / 024-81201713。含自助早餐，菜品丰富。设有地下停车场与充电桩。	C007
6301	月光国际酒店	地址：东莞人民大道81号（樟木头）。联系电话：155-59835505。酒店内有健身房和洗衣房，住客免费使用。前台多语言服务，支持行李寄存。提供高速 Wi‑Fi 及 24 小时热水。	C007
6302	梅园宾馆	地址：中牟县和平路243号（中牟）。联系电话：151-56714435。部分房型可俯瞰城市天际线。周边 500 米内即是商场与美食街。客房配备记忆棉床垫，保证舒适睡眠。	C267
6303	沐兰大酒店	地址：中牟县解放路327号（中牟）。联系电话：012-61684787 / 181-27323584。设有地下停车场与充电桩。客房配备记忆棉床垫，保证舒适睡眠。距车站步行 5 分钟，交通便利。含自助早餐，菜品丰富。	C267
6304	雅致大酒店	地址：中宁县人民大道262号（中宁东）。联系电话：156-94481617。提供高速 Wi‑Fi 及 24 小时热水。可手机自助入住，无接触开门。部分房型可俯瞰城市天际线。设有地下停车场与充电桩。	C009
6305	枫叶国际酒店	地址：中宁县中心路209号（中宁东）。联系电话：156-84045094 / 035-30356784。客房配备记忆棉床垫，保证舒适睡眠。周边 500 米内即是商场与美食街。前台多语言服务，支持行李寄存。	C009
6306	月光大酒店	地址：中宁县中心路192号（中宁）。联系电话：024-48955459 / 137-75021696。周边 500 米内即是商场与美食街。设有地下停车场与充电桩。	C009
6307	月光大酒店	地址：中宁县迎宾大道188号（中宁）。联系电话：134-36284429 / 192-98645049。设有地下停车场与充电桩。距车站步行 5 分钟，交通便利。周边 500 米内即是商场与美食街。可手机自助入住，无接触开门。	C009
6308	柏栎度假酒店	地址：中宁县建设路354号（中宁南）。联系电话：194-39193829。距车站步行 5 分钟，交通便利。前台多语言服务，支持行李寄存。提供高速 Wi‑Fi 及 24 小时热水。	C009
6309	梅园酒店	地址：中宁县中心路363号（中宁南）。联系电话：133-62128040 / 023-72333913。可手机自助入住，无接触开门。距车站步行 5 分钟，交通便利。含自助早餐，菜品丰富。	C009
6310	沐兰精品酒店	地址：中宁县中心路149号（中宁南）。联系电话：139-77042112 / 058-77551549。客房配备记忆棉床垫，保证舒适睡眠。部分房型可俯瞰城市天际线。	C009
6311	碧桂精品酒店	地址：镇平县中心路119号（镇平）。联系电话：197-99160310 / 043-38253772。客房配备记忆棉床垫，保证舒适睡眠。距车站步行 5 分钟，交通便利。设有地下停车场与充电桩。部分房型可俯瞰城市天际线。	C048
6312	雅致度假酒店	地址：镇平县解放路242号（镇平）。联系电话：036-43849044 / 154-36459782。提供高速 Wi‑Fi 及 24 小时热水。可手机自助入住，无接触开门。	C048
6313	丽枫酒店	地址：镇平县朝阳街13号（镇平）。联系电话：198-17040941 / 050-41168164。周边 500 米内即是商场与美食街。客房配备记忆棉床垫，保证舒适睡眠。部分房型可俯瞰城市天际线。	C048
6314	柏曼大酒店	地址：镇平县建设路136号（镇平）。联系电话：187-70755106。部分房型可俯瞰城市天际线。周边 500 米内即是商场与美食街。	C048
6315	云栖酒店	地址：漳平解放路268号（漳平）。联系电话：188-44965371。周边 500 米内即是商场与美食街。含自助早餐，菜品丰富。提供高速 Wi‑Fi 及 24 小时热水。	C315
6316	雅致度假酒店	地址：漳平人民大道59号（漳平）。联系电话：011-54942586。提供高速 Wi‑Fi 及 24 小时热水。部分房型可俯瞰城市天际线。	C315
6317	锦江度假酒店	地址：泽普县中心路126号（泽普）。联系电话：023-88182708 / 189-18507713。周边 500 米内即是商场与美食街。部分房型可俯瞰城市天际线。	C070
6318	云栖国际酒店	地址：泽普县朝阳街275号（泽普）。联系电话：044-59409132。酒店内有健身房和洗衣房，住客免费使用。设有地下停车场与充电桩。前台多语言服务，支持行李寄存。周边 500 米内即是商场与美食街。	C070
6319	雅致宾馆	地址：泽普县中心路356号（泽普）。联系电话：135-47261730 / 154-60556665。提供高速 Wi‑Fi 及 24 小时热水。周边 500 米内即是商场与美食街。酒店内有健身房和洗衣房，住客免费使用。可手机自助入住，无接触开门。	C070
6320	丽枫大酒店	地址：泽普县中心路81号（泽普）。联系电话：019-37765785 / 137-47962535。可手机自助入住，无接触开门。客房配备记忆棉床垫，保证舒适睡眠。含自助早餐，菜品丰富。	C070
6321	枫叶酒店	地址：枣强县中心路224号（枣强）。联系电话：183-82992621。提供高速 Wi‑Fi 及 24 小时热水。酒店内有健身房和洗衣房，住客免费使用。距车站步行 5 分钟，交通便利。设有地下停车场与充电桩。	C241
6322	锦江宾馆	地址：枣强县中心路338号（枣强）。联系电话：182-14773304。含自助早餐，菜品丰富。部分房型可俯瞰城市天际线。	C241
6323	雅致酒店	地址：枣强县中心路38号（枣强）。联系电话：022-76321180 / 139-17216370。距车站步行 5 分钟，交通便利。设有地下停车场与充电桩。含自助早餐，菜品丰富。	C241
6324	沐兰宾馆	地址：富平县朝阳街399号（张桥）。联系电话：157-73606982。客房配备记忆棉床垫，保证舒适睡眠。部分房型可俯瞰城市天际线。设有地下停车场与充电桩。	C193
6325	柏曼酒店	地址：富平县建设路261号（张桥）。联系电话：036-30666027 / 038-87821804。设有地下停车场与充电桩。客房配备记忆棉床垫，保证舒适睡眠。酒店内有健身房和洗衣房，住客免费使用。	C193
6326	璞丽度假酒店	地址：富平县朝阳街299号（张桥）。联系电话：023-65109153。客房配备记忆棉床垫，保证舒适睡眠。可手机自助入住，无接触开门。	C193
6327	花筑大酒店	地址：济南人民大道71号（章丘）。联系电话：188-29684411 / 041-49785603。设有地下停车场与充电桩。提供高速 Wi‑Fi 及 24 小时热水。	C180
6328	璞丽度假酒店	地址：济南和平路250号（章丘）。联系电话：024-85084599。部分房型可俯瞰城市天际线。含自助早餐，菜品丰富。	C180
6329	楠舍酒店	地址：济南人民大道174号（章丘）。联系电话：134-70924011。前台多语言服务，支持行李寄存。距车站步行 5 分钟，交通便利。	C180
6330	枫叶大酒店	地址：济南中心路287号（章丘）。联系电话：185-84888413 / 043-24888073。距车站步行 5 分钟，交通便利。含自助早餐，菜品丰富。	C180
6331	悦榕度假酒店	地址：苏尼特右旗人民大道42号（朱日和）。联系电话：051-60929419。客房配备记忆棉床垫，保证舒适睡眠。酒店内有健身房和洗衣房，住客免费使用。	C280
6332	柏栎大酒店	地址：苏尼特右旗迎宾大道337号（朱日和）。联系电话：017-26450175。距车站步行 5 分钟，交通便利。部分房型可俯瞰城市天际线。设有地下停车场与充电桩。周边 500 米内即是商场与美食街。	C280
6333	雅致国际酒店	地址：苏尼特右旗解放路149号（朱日和）。联系电话：011-84785642。提供高速 Wi‑Fi 及 24 小时热水。酒店内有健身房和洗衣房，住客免费使用。周边 500 米内即是商场与美食街。客房配备记忆棉床垫，保证舒适睡眠。	C280
6334	云栖酒店	地址：禄丰县朝阳街210号（泽润里）。联系电话：026-80632855 / 053-58600083。部分房型可俯瞰城市天际线。可手机自助入住，无接触开门。前台多语言服务，支持行李寄存。	C161
6335	璞丽国际酒店	地址：禄丰县解放路302号（泽润里）。联系电话：031-44264571。酒店内有健身房和洗衣房，住客免费使用。设有地下停车场与充电桩。部分房型可俯瞰城市天际线。	C161
6336	枫叶国际酒店	地址：中山建设路277号（中山北）。联系电话：026-76457808 / 183-64155793。距车站步行 5 分钟，交通便利。部分房型可俯瞰城市天际线。酒店内有健身房和洗衣房，住客免费使用。可手机自助入住，无接触开门。	C010
6337	楠舍精品酒店	地址：中山建设路309号（中山北）。联系电话：014-87070789。客房配备记忆棉床垫，保证舒适睡眠。设有地下停车场与充电桩。前台多语言服务，支持行李寄存。含自助早餐，菜品丰富。	C010
6338	悦榕宾馆	地址：中山中心路58号（中山北）。联系电话：190-20519847。客房配备记忆棉床垫，保证舒适睡眠。前台多语言服务，支持行李寄存。周边 500 米内即是商场与美食街。设有地下停车场与充电桩。	C010
6339	星程精品酒店	地址：中山迎宾大道237号（中山北）。联系电话：199-38301446。含自助早餐，菜品丰富。可手机自助入住，无接触开门。酒店内有健身房和洗衣房，住客免费使用。设有地下停车场与充电桩。	C010
6340	花筑宾馆	地址：樟树建设路155号（樟树东）。联系电话：021-38331502。可手机自助入住，无接触开门。提供高速 Wi‑Fi 及 24 小时热水。	C096
6341	雅致精品酒店	地址：樟树朝阳街263号（樟树东）。联系电话：025-26395401 / 194-50346055。酒店内有健身房和洗衣房，住客免费使用。含自助早餐，菜品丰富。提供高速 Wi‑Fi 及 24 小时热水。	C096
6342	月光大酒店	地址：霍林郭勒中心路383号（珠斯花）。联系电话：014-67882483 / 031-53117143。设有地下停车场与充电桩。酒店内有健身房和洗衣房，住客免费使用。距车站步行 5 分钟，交通便利。	C260
6343	悦榕酒店	地址：霍林郭勒建设路116号（珠斯花）。联系电话：039-44756247。含自助早餐，菜品丰富。酒店内有健身房和洗衣房，住客免费使用。设有地下停车场与充电桩。	C260
6344	花筑度假酒店	地址：中山建设路17号（中山）。联系电话：033-42458164。部分房型可俯瞰城市天际线。酒店内有健身房和洗衣房，住客免费使用。周边 500 米内即是商场与美食街。	C010
6345	月光酒店	地址：中山中心路333号（中山）。联系电话：132-30614053 / 150-84155448。酒店内有健身房和洗衣房，住客免费使用。设有地下停车场与充电桩。部分房型可俯瞰城市天际线。前台多语言服务，支持行李寄存。	C010
6346	柏曼酒店	地址：柞水县中心路297号（柞水）。联系电话：040-46597476。设有地下停车场与充电桩。前台多语言服务，支持行李寄存。距车站步行 5 分钟，交通便利。	C069
6347	云栖国际酒店	地址：柞水县迎宾大道32号（柞水）。联系电话：154-61242717 / 181-16593045。前台多语言服务，支持行李寄存。距车站步行 5 分钟，交通便利。提供高速 Wi‑Fi 及 24 小时热水。	C069
6348	楠舍度假酒店	地址：柞水县解放路72号（柞水）。联系电话：034-61657371。酒店内有健身房和洗衣房，住客免费使用。前台多语言服务，支持行李寄存。周边 500 米内即是商场与美食街。	C069
6349	雅致精品酒店	地址：贺州解放路75号（钟山）。联系电话：150-73231573 / 198-82443781。周边 500 米内即是商场与美食街。设有地下停车场与充电桩。距车站步行 5 分钟，交通便利。	C250
6350	悦榕度假酒店	地址：贺州中心路208号（钟山）。联系电话：033-73175344。前台多语言服务，支持行李寄存。部分房型可俯瞰城市天际线。	C250
6351	璞丽精品酒店	地址：贺州人民大道300号（钟山）。联系电话：024-31911257 / 158-17245009。部分房型可俯瞰城市天际线。酒店内有健身房和洗衣房，住客免费使用。前台多语言服务，支持行李寄存。	C250
6352	柏栎精品酒店	地址：樟树人民大道25号（樟树）。联系电话：133-83390101。客房配备记忆棉床垫，保证舒适睡眠。提供高速 Wi‑Fi 及 24 小时热水。含自助早餐，菜品丰富。	C096
6353	悦榕国际酒店	地址：樟树朝阳街17号（樟树）。联系电话：030-84759889 / 191-98945966。前台多语言服务，支持行李寄存。酒店内有健身房和洗衣房，住客免费使用。客房配备记忆棉床垫，保证舒适睡眠。设有地下停车场与充电桩。	C096
6354	月光度假酒店	地址：樟树迎宾大道339号（樟树）。联系电话：049-53038257 / 199-65294622。周边 500 米内即是商场与美食街。部分房型可俯瞰城市天际线。客房配备记忆棉床垫，保证舒适睡眠。	C096
6355	花筑宾馆	地址：樟树迎宾大道315号（樟树）。联系电话：137-91503548。酒店内有健身房和洗衣房，住客免费使用。含自助早餐，菜品丰富。可手机自助入住，无接触开门。提供高速 Wi‑Fi 及 24 小时热水。	C096
6356	花筑宾馆	地址：北京建设路53号（珠窝）。联系电话：044-27549832 / 137-48840078。酒店内有健身房和洗衣房，住客免费使用。提供高速 Wi‑Fi 及 24 小时热水。距车站步行 5 分钟，交通便利。周边 500 米内即是商场与美食街。	C039
6357	云栖精品酒店	地址：北京人民大道307号（珠窝）。联系电话：192-90474860。客房配备记忆棉床垫，保证舒适睡眠。可手机自助入住，无接触开门。部分房型可俯瞰城市天际线。周边 500 米内即是商场与美食街。	C039
6358	悦榕国际酒店	地址：北京人民大道41号（珠窝）。联系电话：028-60174375。提供高速 Wi‑Fi 及 24 小时热水。距车站步行 5 分钟，交通便利。含自助早餐，菜品丰富。可手机自助入住，无接触开门。	C039
6359	悦榕大酒店	地址：北京和平路269号（珠窝）。联系电话：018-38346532。客房配备记忆棉床垫，保证舒适睡眠。部分房型可俯瞰城市天际线。	C039
6360	梅园度假酒店	地址：绥化朝阳街113号（张维屯）。联系电话：131-15066307。含自助早餐，菜品丰富。可手机自助入住，无接触开门。设有地下停车场与充电桩。	C225
6361	星程度假酒店	地址：绥化建设路170号（张维屯）。联系电话：156-34130208 / 198-63992058。前台多语言服务，支持行李寄存。部分房型可俯瞰城市天际线。	C225
6362	柏栎国际酒店	地址：绥化朝阳街53号（张维屯）。联系电话：022-21880382。酒店内有健身房和洗衣房，住客免费使用。可手机自助入住，无接触开门。客房配备记忆棉床垫，保证舒适睡眠。含自助早餐，菜品丰富。	C225
6363	碧桂精品酒店	地址：彰武县中心路143号（彰武）。联系电话：014-81419240。可手机自助入住，无接触开门。距车站步行 5 分钟，交通便利。	C286
6364	锦江度假酒店	地址：彰武县建设路238号（彰武）。联系电话：031-53842389。酒店内有健身房和洗衣房，住客免费使用。客房配备记忆棉床垫，保证舒适睡眠。	C286
6365	沐兰宾馆	地址：彰武县迎宾大道344号（彰武）。联系电话：050-79755548 / 186-50166897。设有地下停车场与充电桩。含自助早餐，菜品丰富。提供高速 Wi‑Fi 及 24 小时热水。	C286
6366	枫叶精品酒店	地址：彰武县解放路397号（彰武）。联系电话：185-49992238 / 044-88411588。前台多语言服务，支持行李寄存。距车站步行 5 分钟，交通便利。含自助早餐，菜品丰富。	C286
6367	锦江度假酒店	地址：旬阳县中心路216号（棕溪）。联系电话：045-40099555。提供高速 Wi‑Fi 及 24 小时热水。距车站步行 5 分钟，交通便利。客房配备记忆棉床垫，保证舒适睡眠。可手机自助入住，无接触开门。	C090
6368	雅致大酒店	地址：旬阳县中心路253号（棕溪）。联系电话：130-97349796。前台多语言服务，支持行李寄存。含自助早餐，菜品丰富。距车站步行 5 分钟，交通便利。	C090
6369	楠舍精品酒店	地址：旬阳县解放路346号（棕溪）。联系电话：186-62919932 / 157-86298002。距车站步行 5 分钟，交通便利。客房配备记忆棉床垫，保证舒适睡眠。	C090
6370	云栖国际酒店	地址：旬阳县建设路139号（棕溪）。联系电话：031-67609074。含自助早餐，菜品丰富。距车站步行 5 分钟，交通便利。	C090
6371	枫叶度假酒店	地址：钟祥解放路82号（钟祥）。联系电话：183-33957652 / 136-98026687。前台多语言服务，支持行李寄存。距车站步行 5 分钟，交通便利。	C234
6372	柏曼精品酒店	地址：钟祥迎宾大道4号（钟祥）。联系电话：138-85513001 / 131-85495133。含自助早餐，菜品丰富。前台多语言服务，支持行李寄存。客房配备记忆棉床垫，保证舒适睡眠。酒店内有健身房和洗衣房，住客免费使用。	C234
6373	璞丽度假酒店	地址：资溪县人民大道4号（资溪）。联系电话：186-68541229 / 192-85568625。含自助早餐，菜品丰富。部分房型可俯瞰城市天际线。	C131
6374	楠舍大酒店	地址：资溪县建设路11号（资溪）。联系电话：041-29642318 / 055-57509178。含自助早餐，菜品丰富。可手机自助入住，无接触开门。设有地下停车场与充电桩。	C131
6375	丽枫宾馆	地址：白城解放路260号（镇西）。联系电话：137-86586835。部分房型可俯瞰城市天际线。客房配备记忆棉床垫，保证舒适睡眠。周边 500 米内即是商场与美食街。	C211
6376	花筑宾馆	地址：白城中心路392号（镇西）。联系电话：151-20120441。可手机自助入住，无接触开门。提供高速 Wi‑Fi 及 24 小时热水。	C211
6377	星程酒店	地址：白城建设路301号（镇西）。联系电话：049-77532425 / 037-89111639。提供高速 Wi‑Fi 及 24 小时热水。酒店内有健身房和洗衣房，住客免费使用。	C211
6378	柏栎酒店	地址：白城人民大道107号（镇西）。联系电话：133-81455701。可手机自助入住，无接触开门。客房配备记忆棉床垫，保证舒适睡眠。周边 500 米内即是商场与美食街。	C211
6379	月光度假酒店	地址：北京和平路215号（张辛）。联系电话：055-89168924。可手机自助入住，无接触开门。部分房型可俯瞰城市天际线。酒店内有健身房和洗衣房，住客免费使用。	C039
6380	雅致国际酒店	地址：北京中心路72号（张辛）。联系电话：137-84376265。可手机自助入住，无接触开门。客房配备记忆棉床垫，保证舒适睡眠。	C039
6381	悦榕酒店	地址：北京迎宾大道352号（张辛）。联系电话：183-95266649。客房配备记忆棉床垫，保证舒适睡眠。周边 500 米内即是商场与美食街。可手机自助入住，无接触开门。提供高速 Wi‑Fi 及 24 小时热水。	C039
6382	丽枫精品酒店	地址：北京朝阳街260号（张辛）。联系电话：036-53797807。设有地下停车场与充电桩。提供高速 Wi‑Fi 及 24 小时热水。含自助早餐，菜品丰富。部分房型可俯瞰城市天际线。	C039
6383	花筑精品酒店	地址：正镶白旗解放路34号（正镶白旗）。联系电话：051-46095526。设有地下停车场与充电桩。提供高速 Wi‑Fi 及 24 小时热水。前台多语言服务，支持行李寄存。酒店内有健身房和洗衣房，住客免费使用。	C280
6384	丽枫大酒店	地址：正镶白旗解放路125号（正镶白旗）。联系电话：190-22227561。设有地下停车场与充电桩。客房配备记忆棉床垫，保证舒适睡眠。前台多语言服务，支持行李寄存。	C280
6385	枫叶度假酒店	地址：正镶白旗迎宾大道161号（正镶白旗）。联系电话：158-45495495。部分房型可俯瞰城市天际线。含自助早餐，菜品丰富。提供高速 Wi‑Fi 及 24 小时热水。	C280
6386	柏曼度假酒店	地址：紫阳县迎宾大道31号（紫阳）。联系电话：047-59327553。含自助早餐，菜品丰富。设有地下停车场与充电桩。	C090
6387	柏栎精品酒店	地址：紫阳县建设路332号（紫阳）。联系电话：035-42916850。距车站步行 5 分钟，交通便利。提供高速 Wi‑Fi 及 24 小时热水。设有地下停车场与充电桩。	C090
6388	云栖大酒店	地址：枣阳和平路320号（枣阳）。联系电话：136-80810441 / 184-60066410。可手机自助入住，无接触开门。提供高速 Wi‑Fi 及 24 小时热水。距车站步行 5 分钟，交通便利。设有地下停车场与充电桩。	C244
6389	桔子酒店	地址：枣阳朝阳街374号（枣阳）。联系电话：155-94156840 / 049-63477755。前台多语言服务，支持行李寄存。周边 500 米内即是商场与美食街。	C244
6390	丽枫宾馆	地址：枣阳建设路399号（枣阳）。联系电话：036-48286345。提供高速 Wi‑Fi 及 24 小时热水。含自助早餐，菜品丰富。前台多语言服务，支持行李寄存。	C244
6391	花筑大酒店	地址：青川县和平路31号（竹园坝）。联系电话：153-11447936。客房配备记忆棉床垫，保证舒适睡眠。含自助早餐，菜品丰富。提供高速 Wi‑Fi 及 24 小时热水。	C110
6392	枫叶度假酒店	地址：青川县迎宾大道235号（竹园坝）。联系电话：134-73649693 / 133-90908711。客房配备记忆棉床垫，保证舒适睡眠。酒店内有健身房和洗衣房，住客免费使用。设有地下停车场与充电桩。前台多语言服务，支持行李寄存。	C110
6393	云栖精品酒店	地址：青川县建设路373号（竹园坝）。联系电话：015-45985163 / 157-34554213。含自助早餐，菜品丰富。设有地下停车场与充电桩。部分房型可俯瞰城市天际线。	C110
6394	锦江酒店	地址：张掖中心路199号（张掖）。联系电话：198-47433081 / 190-13153135。前台多语言服务，支持行李寄存。含自助早餐，菜品丰富。部分房型可俯瞰城市天际线。	C120
6395	云栖精品酒店	地址：张掖建设路5号（张掖）。联系电话：190-93322083。可手机自助入住，无接触开门。提供高速 Wi‑Fi 及 24 小时热水。距车站步行 5 分钟，交通便利。	C120
6396	楠舍国际酒店	地址：镇远县建设路324号（镇远）。联系电话：183-69841781 / 054-87628689。可手机自助入住，无接触开门。含自助早餐，菜品丰富。	C311
6397	璞丽大酒店	地址：镇远县人民大道390号（镇远）。联系电话：053-66262084。设有地下停车场与充电桩。提供高速 Wi‑Fi 及 24 小时热水。	C311
6398	碧桂精品酒店	地址：镇远县迎宾大道363号（镇远）。联系电话：138-91048192。提供高速 Wi‑Fi 及 24 小时热水。含自助早餐，菜品丰富。前台多语言服务，支持行李寄存。	C311
6399	柏栎国际酒店	地址：漳州和平路125号（漳州东）。联系电话：187-74133985。前台多语言服务，支持行李寄存。提供高速 Wi‑Fi 及 24 小时热水。	C201
6400	沐兰度假酒店	地址：漳州朝阳街190号（漳州东）。联系电话：153-12762100。部分房型可俯瞰城市天际线。酒店内有健身房和洗衣房，住客免费使用。客房配备记忆棉床垫，保证舒适睡眠。	C201
6401	沐兰宾馆	地址：龙海中心路25号（漳州）。联系电话：015-38997690。提供高速 Wi‑Fi 及 24 小时热水。部分房型可俯瞰城市天际线。前台多语言服务，支持行李寄存。周边 500 米内即是商场与美食街。	C201
6402	璞丽精品酒店	地址：龙海解放路152号（漳州）。联系电话：054-85506413 / 056-58106417。可手机自助入住，无接触开门。酒店内有健身房和洗衣房，住客免费使用。含自助早餐，菜品丰富。	C201
6403	花筑宾馆	地址：龙海中心路162号（漳州）。联系电话：193-42459356 / 199-66102549。前台多语言服务，支持行李寄存。周边 500 米内即是商场与美食街。	C201
6404	梅园精品酒店	地址：大庆和平路47号（壮志）。联系电话：037-31379938。设有地下停车场与充电桩。部分房型可俯瞰城市天际线。	C078
6405	桔子度假酒店	地址：大庆和平路127号（壮志）。联系电话：031-44737631 / 021-41215341。含自助早餐，菜品丰富。距车站步行 5 分钟，交通便利。部分房型可俯瞰城市天际线。客房配备记忆棉床垫，保证舒适睡眠。	C078
6406	花筑大酒店	地址：大庆解放路31号（壮志）。联系电话：029-68571542 / 028-71476811。部分房型可俯瞰城市天际线。客房配备记忆棉床垫，保证舒适睡眠。可手机自助入住，无接触开门。含自助早餐，菜品丰富。	C078
6407	碧桂度假酒店	地址：大庆迎宾大道259号（壮志）。联系电话：136-67266559。提供高速 Wi‑Fi 及 24 小时热水。部分房型可俯瞰城市天际线。可手机自助入住，无接触开门。	C078
6408	沐兰精品酒店	地址：子洲县人民大道151号（子洲）。联系电话：130-68429181。周边 500 米内即是商场与美食街。客房配备记忆棉床垫，保证舒适睡眠。可手机自助入住，无接触开门。	C162
6409	月光酒店	地址：子洲县建设路47号（子洲）。联系电话：019-57692957 / 020-60513351。含自助早餐，菜品丰富。周边 500 米内即是商场与美食街。	C162
6410	花筑精品酒店	地址：师宗县和平路233号（中寨）。联系电话：130-76711931 / 044-72740720。前台多语言服务，支持行李寄存。含自助早餐，菜品丰富。提供高速 Wi‑Fi 及 24 小时热水。设有地下停车场与充电桩。	C148
6411	花筑度假酒店	地址：师宗县迎宾大道252号（中寨）。联系电话：054-53695006。含自助早餐，菜品丰富。客房配备记忆棉床垫，保证舒适睡眠。酒店内有健身房和洗衣房，住客免费使用。周边 500 米内即是商场与美食街。	C148
6412	柏栎宾馆	地址：涿州建设路189号（涿州）。联系电话：052-64157716 / 038-80888292。客房配备记忆棉床垫，保证舒适睡眠。可手机自助入住，无接触开门。设有地下停车场与充电桩。距车站步行 5 分钟，交通便利。	C027
6413	云栖精品酒店	地址：涿州和平路300号（涿州）。联系电话：196-24004425。客房配备记忆棉床垫，保证舒适睡眠。酒店内有健身房和洗衣房，住客免费使用。前台多语言服务，支持行李寄存。含自助早餐，菜品丰富。	C027
6414	悦榕酒店	地址：白山建设路152号（咋子）。联系电话：184-18604183。前台多语言服务，支持行李寄存。距车站步行 5 分钟，交通便利。可手机自助入住，无接触开门。提供高速 Wi‑Fi 及 24 小时热水。	C212
6415	桔子度假酒店	地址：白山解放路13号（咋子）。联系电话：154-68966372。部分房型可俯瞰城市天际线。前台多语言服务，支持行李寄存。客房配备记忆棉床垫，保证舒适睡眠。	C212
6416	沐兰度假酒店	地址：白山朝阳街90号（咋子）。联系电话：192-18135973。设有地下停车场与充电桩。部分房型可俯瞰城市天际线。	C212
6417	星程宾馆	地址：白山和平路304号（咋子）。联系电话：134-48559754。设有地下停车场与充电桩。距车站步行 5 分钟，交通便利。前台多语言服务，支持行李寄存。	C212
6418	云栖精品酒店	地址：卓资县建设路382号（卓资山）。联系电话：046-36285524。前台多语言服务，支持行李寄存。含自助早餐，菜品丰富。设有地下停车场与充电桩。	C016
6419	梅园宾馆	地址：卓资县人民大道125号（卓资山）。联系电话：199-60301506 / 055-47147522。客房配备记忆棉床垫，保证舒适睡眠。可手机自助入住，无接触开门。部分房型可俯瞰城市天际线。周边 500 米内即是商场与美食街。	C016
6420	云栖精品酒店	地址：卓资县解放路79号（卓资山）。联系电话：056-29672082 / 187-24114048。客房配备记忆棉床垫，保证舒适睡眠。含自助早餐，菜品丰富。前台多语言服务，支持行李寄存。提供高速 Wi‑Fi 及 24 小时热水。	C016
6421	云栖国际酒店	地址：卓资县解放路315号（卓资山）。联系电话：138-98089130。酒店内有健身房和洗衣房，住客免费使用。距车站步行 5 分钟，交通便利。	C016
6422	雅致宾馆	地址：株洲建设路218号（株洲西）。联系电话：042-71019087。客房配备记忆棉床垫，保证舒适睡眠。设有地下停车场与充电桩。周边 500 米内即是商场与美食街。前台多语言服务，支持行李寄存。	C157
6423	楠舍酒店	地址：株洲人民大道78号（株洲西）。联系电话：130-13261862 / 153-19668531。设有地下停车场与充电桩。酒店内有健身房和洗衣房，住客免费使用。	C157
6424	碧桂度假酒店	地址：荥阳和平路13号（郑州西）。联系电话：015-65030227。部分房型可俯瞰城市天际线。提供高速 Wi‑Fi 及 24 小时热水。前台多语言服务，支持行李寄存。距车站步行 5 分钟，交通便利。	C267
6425	花筑酒店	地址：荥阳建设路259号（郑州西）。联系电话：030-39559310 / 017-23142015。可手机自助入住，无接触开门。提供高速 Wi‑Fi 及 24 小时热水。	C267
6426	枫叶度假酒店	地址：荥阳解放路24号（郑州西）。联系电话：189-13796003 / 037-65253192。距车站步行 5 分钟，交通便利。酒店内有健身房和洗衣房，住客免费使用。部分房型可俯瞰城市天际线。	C267
6427	丽枫酒店	地址：阿巴嘎旗建设路206号（阿巴嘎旗）。联系电话：156-44374150。可手机自助入住，无接触开门。客房配备记忆棉床垫，保证舒适睡眠。酒店内有健身房和洗衣房，住客免费使用。	C280
6428	碧桂精品酒店	地址：阿巴嘎旗建设路142号（阿巴嘎旗）。联系电话：150-80958057 / 159-92407431。客房配备记忆棉床垫，保证舒适睡眠。距车站步行 5 分钟，交通便利。含自助早餐，菜品丰富。前台多语言服务，支持行李寄存。	C280
6429	丽枫大酒店	地址：阿巴嘎旗朝阳街180号（阿巴嘎旗）。联系电话：035-62422861 / 138-50346916。酒店内有健身房和洗衣房，住客免费使用。客房配备记忆棉床垫，保证舒适睡眠。提供高速 Wi‑Fi 及 24 小时热水。距车站步行 5 分钟，交通便利。	C280
6430	丽枫酒店	地址：阿巴嘎旗建设路207号（阿巴嘎旗）。联系电话：135-40039573 / 047-49087326。周边 500 米内即是商场与美食街。部分房型可俯瞰城市天际线。酒店内有健身房和洗衣房，住客免费使用。	C280
6431	云栖宾馆	地址：哈尔滨朝阳街44号（阿城北）。联系电话：036-85029183。设有地下停车场与充电桩。周边 500 米内即是商场与美食街。距车站步行 5 分钟，交通便利。	C066
6432	锦江精品酒店	地址：哈尔滨建设路151号（阿城北）。联系电话：182-33641547。前台多语言服务，支持行李寄存。客房配备记忆棉床垫，保证舒适睡眠。设有地下停车场与充电桩。	C066
6433	锦江大酒店	地址：哈尔滨解放路12号（阿城北）。联系电话：030-36301894。含自助早餐，菜品丰富。可手机自助入住，无接触开门。距车站步行 5 分钟，交通便利。设有地下停车场与充电桩。	C066
6434	悦榕大酒店	地址：阿尔山迎宾大道334号（阿尔山北）。联系电话：048-73285668 / 157-91230089。设有地下停车场与充电桩。距车站步行 5 分钟，交通便利。可手机自助入住，无接触开门。周边 500 米内即是商场与美食街。	C035
6435	雅致大酒店	地址：阿尔山人民大道320号（阿尔山北）。联系电话：043-35492023。设有地下停车场与充电桩。含自助早餐，菜品丰富。	C035
6436	云栖大酒店	地址：阿尔山解放路35号（阿尔山北）。联系电话：040-21644496。前台多语言服务，支持行李寄存。设有地下停车场与充电桩。提供高速 Wi‑Fi 及 24 小时热水。	C035
6437	桔子度假酒店	地址：洪江建设路177号（安江东）。联系电话：190-46531874。设有地下停车场与充电桩。部分房型可俯瞰城市天际线。前台多语言服务，支持行李寄存。客房配备记忆棉床垫，保证舒适睡眠。	C125
6438	云栖大酒店	地址：洪江迎宾大道154号（安江东）。联系电话：054-23640826。可手机自助入住，无接触开门。距车站步行 5 分钟，交通便利。设有地下停车场与充电桩。部分房型可俯瞰城市天际线。	C125
6439	碧桂精品酒店	地址：洪江人民大道5号（安江东）。联系电话：015-43666611。设有地下停车场与充电桩。距车站步行 5 分钟，交通便利。提供高速 Wi‑Fi 及 24 小时热水。可手机自助入住，无接触开门。	C125
6440	桔子精品酒店	地址：洪江和平路99号（安江东）。联系电话：018-61226228。含自助早餐，菜品丰富。酒店内有健身房和洗衣房，住客免费使用。设有地下停车场与充电桩。	C125
6441	璞丽度假酒店	地址：阿勒泰解放路136号（阿勒泰）。联系电话：036-41163930 / 181-31843508。周边 500 米内即是商场与美食街。酒店内有健身房和洗衣房，住客免费使用。客房配备记忆棉床垫，保证舒适睡眠。	C292
6442	碧桂国际酒店	地址：阿勒泰中心路181号（阿勒泰）。联系电话：191-60545899。提供高速 Wi‑Fi 及 24 小时热水。含自助早餐，菜品丰富。部分房型可俯瞰城市天际线。	C292
6443	星程度假酒店	地址：阿勒泰建设路383号（阿勒泰）。联系电话：048-86285707。客房配备记忆棉床垫，保证舒适睡眠。周边 500 米内即是商场与美食街。前台多语言服务，支持行李寄存。含自助早餐，菜品丰富。	C292
6444	沐兰度假酒店	地址：安仁县和平路51号（安仁）。联系电话：011-21657512。周边 500 米内即是商场与美食街。提供高速 Wi‑Fi 及 24 小时热水。设有地下停车场与充电桩。	C268
6445	花筑酒店	地址：安仁县迎宾大道119号（安仁）。联系电话：023-29305556 / 014-84622620。含自助早餐，菜品丰富。部分房型可俯瞰城市天际线。酒店内有健身房和洗衣房，住客免费使用。周边 500 米内即是商场与美食街。	C268
6446	悦榕度假酒店	地址：安仁县中心路180号（安仁）。联系电话：190-37161239。部分房型可俯瞰城市天际线。酒店内有健身房和洗衣房，住客免费使用。	C268
6447	璞丽大酒店	地址：安顺中心路343号（安顺西）。联系电话：045-62145497。周边 500 米内即是商场与美食街。提供高速 Wi‑Fi 及 24 小时热水。距车站步行 5 分钟，交通便利。部分房型可俯瞰城市天际线。	C092
6448	碧桂度假酒店	地址：安顺和平路31号（安顺西）。联系电话：194-26170134 / 192-95257649。酒店内有健身房和洗衣房，住客免费使用。周边 500 米内即是商场与美食街。含自助早餐，菜品丰富。	C092
6449	月光国际酒店	地址：安顺人民大道208号（安顺西）。联系电话：058-36854532 / 155-11401645。周边 500 米内即是商场与美食街。距车站步行 5 分钟，交通便利。客房配备记忆棉床垫，保证舒适睡眠。	C092
6450	璞丽大酒店	地址：安图县中心路349号（安图西）。联系电话：154-50918782 / 013-20529746。距车站步行 5 分钟，交通便利。周边 500 米内即是商场与美食街。酒店内有健身房和洗衣房，住客免费使用。	C116
6451	锦江度假酒店	地址：安图县中心路23号（安图西）。联系电话：023-86790842。含自助早餐，菜品丰富。前台多语言服务，支持行李寄存。周边 500 米内即是商场与美食街。	C116
6452	枫叶大酒店	地址：安图县朝阳街105号（安图西）。联系电话：019-52873922 / 046-33039251。可手机自助入住，无接触开门。酒店内有健身房和洗衣房，住客免费使用。周边 500 米内即是商场与美食街。	C116
6453	沐兰酒店	地址：安图县迎宾大道344号（安图西）。联系电话：019-38353436。含自助早餐，菜品丰富。前台多语言服务，支持行李寄存。距车站步行 5 分钟，交通便利。	C116
6454	悦榕度假酒店	地址：安阳县和平路100号（安阳东）。联系电话：012-66254638 / 197-73168559。酒店内有健身房和洗衣房，住客免费使用。前台多语言服务，支持行李寄存。周边 500 米内即是商场与美食街。	C091
6455	花筑度假酒店	地址：安阳县人民大道373号（安阳东）。联系电话：031-63778202。周边 500 米内即是商场与美食街。酒店内有健身房和洗衣房，住客免费使用。	C091
6456	柏曼酒店	地址：博白县人民大道77号（博白）。联系电话：040-32320688 / 186-61038717。含自助早餐，菜品丰富。部分房型可俯瞰城市天际线。酒店内有健身房和洗衣房，住客免费使用。	C208
6457	柏栎大酒店	地址：博白县迎宾大道84号（博白）。联系电话：157-89853434 / 052-53451676。距车站步行 5 分钟，交通便利。客房配备记忆棉床垫，保证舒适睡眠。前台多语言服务，支持行李寄存。	C208
6458	桔子大酒店	地址：博白县建设路125号（博白）。联系电话：189-22211462 / 184-99933109。酒店内有健身房和洗衣房，住客免费使用。距车站步行 5 分钟，交通便利。	C208
6459	楠舍国际酒店	地址：织金县解放路252号（八步）。联系电话：180-92457312。含自助早餐，菜品丰富。设有地下停车场与充电桩。	C165
6460	碧桂宾馆	地址：织金县中心路19号（八步）。联系电话：193-98918837。酒店内有健身房和洗衣房，住客免费使用。设有地下停车场与充电桩。距车站步行 5 分钟，交通便利。	C165
6461	沐兰大酒店	地址：如东县迎宾大道343号（栟茶）。联系电话：011-65524528。距车站步行 5 分钟，交通便利。提供高速 Wi‑Fi 及 24 小时热水。	C047
6462	云栖国际酒店	地址：如东县和平路359号（栟茶）。联系电话：037-40365203 / 046-64817060。客房配备记忆棉床垫，保证舒适睡眠。距车站步行 5 分钟，交通便利。含自助早餐，菜品丰富。	C047
6463	楠舍精品酒店	地址：如东县解放路112号（栟茶）。联系电话：023-74777994 / 182-72292219。距车站步行 5 分钟，交通便利。部分房型可俯瞰城市天际线。周边 500 米内即是商场与美食街。	C047
6464	星程宾馆	地址：如东县和平路337号（栟茶）。联系电话：181-33598042。可手机自助入住，无接触开门。客房配备记忆棉床垫，保证舒适睡眠。设有地下停车场与充电桩。	C047
6465	月光度假酒店	地址：保定中心路127号（保定东）。联系电话：024-68111258 / 136-44989355。含自助早餐，菜品丰富。部分房型可俯瞰城市天际线。	C027
6466	柏栎精品酒店	地址：保定朝阳街369号（保定东）。联系电话：042-35663741 / 137-33508552。提供高速 Wi‑Fi 及 24 小时热水。酒店内有健身房和洗衣房，住客免费使用。	C027
6467	梅园酒店	地址：长沙解放路75号（八方山）。联系电话：039-62629197。周边 500 米内即是商场与美食街。距车站步行 5 分钟，交通便利。	C284
6468	碧桂国际酒店	地址：长沙朝阳街178号（八方山）。联系电话：042-71629933 / 056-38623109。可手机自助入住，无接触开门。设有地下停车场与充电桩。前台多语言服务，支持行李寄存。客房配备记忆棉床垫，保证舒适睡眠。	C284
6469	梅园宾馆	地址：长沙人民大道251号（八方山）。联系电话：051-32520376 / 132-98535111。提供高速 Wi‑Fi 及 24 小时热水。客房配备记忆棉床垫，保证舒适睡眠。酒店内有健身房和洗衣房，住客免费使用。	C284
6470	璞丽大酒店	地址：长沙和平路176号（八方山）。联系电话：158-87646390 / 191-23687864。酒店内有健身房和洗衣房，住客免费使用。周边 500 米内即是商场与美食街。	C284
6471	云栖宾馆	地址：雄县迎宾大道20号（白沟）。联系电话：138-87184727 / 025-75550720。设有地下停车场与充电桩。酒店内有健身房和洗衣房，住客免费使用。	C027
6472	枫叶精品酒店	地址：雄县和平路357号（白沟）。联系电话：180-48646628 / 151-39658870。距车站步行 5 分钟，交通便利。可手机自助入住，无接触开门。周边 500 米内即是商场与美食街。	C027
6473	悦榕酒店	地址：雄县和平路327号（白沟）。联系电话：182-31412476 / 025-57041348。前台多语言服务，支持行李寄存。酒店内有健身房和洗衣房，住客免费使用。	C027
6474	星程精品酒店	地址：天津朝阳街162号（滨海）。联系电话：183-90950751。设有地下停车场与充电桩。提供高速 Wi‑Fi 及 24 小时热水。	C082
6475	枫叶酒店	地址：天津迎宾大道197号（滨海）。联系电话：016-34183873 / 029-79613776。可手机自助入住，无接触开门。提供高速 Wi‑Fi 及 24 小时热水。	C082
6476	楠舍酒店	地址：天津和平路291号（滨海）。联系电话：025-70812643。距车站步行 5 分钟，交通便利。前台多语言服务，支持行李寄存。	C082
6477	月光大酒店	地址：天津人民大道55号（滨海）。联系电话：197-75140915 / 027-81166404。可手机自助入住，无接触开门。酒店内有健身房和洗衣房，住客免费使用。提供高速 Wi‑Fi 及 24 小时热水。	C082
6478	桔子宾馆	地址：天津建设路22号（滨海北）。联系电话：058-45780464。周边 500 米内即是商场与美食街。可手机自助入住，无接触开门。	C082
6479	悦榕度假酒店	地址：天津迎宾大道37号（滨海北）。联系电话：019-67274881。部分房型可俯瞰城市天际线。周边 500 米内即是商场与美食街。	C082
6480	沐兰度假酒店	地址：天津朝阳街220号（滨海北）。联系电话：183-21193303。酒店内有健身房和洗衣房，住客免费使用。客房配备记忆棉床垫，保证舒适睡眠。	C082
6481	月光酒店	地址：滨海县朝阳街235号（滨海港）。联系电话：130-38732121 / 013-53806559。含自助早餐，菜品丰富。酒店内有健身房和洗衣房，住客免费使用。	C216
6482	楠舍国际酒店	地址：滨海县朝阳街23号（滨海港）。联系电话：187-13984157。距车站步行 5 分钟，交通便利。含自助早餐，菜品丰富。设有地下停车场与充电桩。	C216
6483	锦江精品酒店	地址：滨海县和平路112号（滨海港）。联系电话：181-17332303 / 155-84567775。酒店内有健身房和洗衣房，住客免费使用。含自助早餐，菜品丰富。前台多语言服务，支持行李寄存。周边 500 米内即是商场与美食街。	C216
6484	云栖国际酒店	地址：天津建设路88号（滨海西）。联系电话：131-63267327。客房配备记忆棉床垫，保证舒适睡眠。周边 500 米内即是商场与美食街。含自助早餐，菜品丰富。酒店内有健身房和洗衣房，住客免费使用。	C082
6485	花筑精品酒店	地址：天津和平路35号（滨海西）。联系电话：130-10117455。可手机自助入住，无接触开门。含自助早餐，菜品丰富。部分房型可俯瞰城市天际线。	C082
6486	柏曼国际酒店	地址：天津人民大道395号（滨海西）。联系电话：158-20330343 / 130-55105107。前台多语言服务，支持行李寄存。部分房型可俯瞰城市天际线。提供高速 Wi‑Fi 及 24 小时热水。	C082
6487	月光宾馆	地址：宝鸡朝阳街115号（宝鸡南）。联系电话：135-13892730 / 021-27904376。距车站步行 5 分钟，交通便利。前台多语言服务，支持行李寄存。含自助早餐，菜品丰富。客房配备记忆棉床垫，保证舒适睡眠。	C097
6488	星程精品酒店	地址：宝鸡迎宾大道47号（宝鸡南）。联系电话：038-48900425 / 187-37169285。部分房型可俯瞰城市天际线。周边 500 米内即是商场与美食街。可手机自助入住，无接触开门。提供高速 Wi‑Fi 及 24 小时热水。	C097
6489	碧桂度假酒店	地址：宝鸡中心路58号（宝鸡南）。联系电话：056-49700874。距车站步行 5 分钟，交通便利。周边 500 米内即是商场与美食街。提供高速 Wi‑Fi 及 24 小时热水。	C097
6490	碧桂宾馆	地址：克什克腾旗人民大道320号（北井子）。联系电话：027-70642729。周边 500 米内即是商场与美食街。前台多语言服务，支持行李寄存。	C253
6491	丽枫宾馆	地址：克什克腾旗建设路290号（北井子）。联系电话：019-46353355 / 044-62186890。提供高速 Wi‑Fi 及 24 小时热水。前台多语言服务，支持行李寄存。含自助早餐，菜品丰富。	C253
6492	锦江大酒店	地址：克什克腾旗朝阳街4号（北井子）。联系电话：045-57567050 / 058-84303850。提供高速 Wi‑Fi 及 24 小时热水。部分房型可俯瞰城市天际线。	C253
6493	柏曼大酒店	地址：桓仁满族自治县中心路231号（八里甸子）。联系电话：156-29224498。客房配备记忆棉床垫，保证舒适睡眠。设有地下停车场与充电桩。周边 500 米内即是商场与美食街。	C151
6494	梅园大酒店	地址：桓仁满族自治县解放路276号（八里甸子）。联系电话：152-30917124。前台多语言服务，支持行李寄存。含自助早餐，菜品丰富。部分房型可俯瞰城市天际线。酒店内有健身房和洗衣房，住客免费使用。	C151
6495	枫叶大酒店	地址：桓仁满族自治县建设路39号（八里甸子）。联系电话：195-14574655 / 153-82963927。前台多语言服务，支持行李寄存。客房配备记忆棉床垫，保证舒适睡眠。周边 500 米内即是商场与美食街。部分房型可俯瞰城市天际线。	C151
6496	锦江大酒店	地址：儋州迎宾大道172号（白马井）。联系电话：180-48330575。酒店内有健身房和洗衣房，住客免费使用。距车站步行 5 分钟，交通便利。设有地下停车场与充电桩。客房配备记忆棉床垫，保证舒适睡眠。	C029
6497	璞丽度假酒店	地址：儋州朝阳街81号（白马井）。联系电话：039-59525241。距车站步行 5 分钟，交通便利。部分房型可俯瞰城市天际线。周边 500 米内即是商场与美食街。酒店内有健身房和洗衣房，住客免费使用。	C029
6498	悦榕国际酒店	地址：儋州中心路324号（白马井）。联系电话：153-78911193 / 055-36420275。部分房型可俯瞰城市天际线。前台多语言服务，支持行李寄存。	C029
6499	花筑精品酒店	地址：北票解放路396号（北票）。联系电话：135-85810030 / 192-37691417。周边 500 米内即是商场与美食街。距车站步行 5 分钟，交通便利。	C150
6500	柏曼大酒店	地址：北票中心路308号（北票）。联系电话：150-18934335。可手机自助入住，无接触开门。客房配备记忆棉床垫，保证舒适睡眠。提供高速 Wi‑Fi 及 24 小时热水。距车站步行 5 分钟，交通便利。	C150
6501	柏栎度假酒店	地址：北票朝阳街175号（北票）。联系电话：196-23199873 / 022-89421133。设有地下停车场与充电桩。距车站步行 5 分钟，交通便利。	C150
6502	梅园大酒店	地址：宝清县和平路5号（宝清）。联系电话：193-48201638。客房配备记忆棉床垫，保证舒适睡眠。部分房型可俯瞰城市天际线。	C051
6503	枫叶国际酒店	地址：宝清县迎宾大道110号（宝清）。联系电话：186-35853802 / 056-45882206。提供高速 Wi‑Fi 及 24 小时热水。周边 500 米内即是商场与美食街。酒店内有健身房和洗衣房，住客免费使用。	C051
6504	丽枫度假酒店	地址：重庆中心路178号（璧山）。联系电话：139-42440275 / 181-40802306。客房配备记忆棉床垫，保证舒适睡眠。设有地下停车场与充电桩。	C272
6505	花筑国际酒店	地址：重庆朝阳街288号（璧山）。联系电话：054-35951340。客房配备记忆棉床垫，保证舒适睡眠。前台多语言服务，支持行李寄存。距车站步行 5 分钟，交通便利。	C272
6506	碧桂酒店	地址：阳新县和平路199号（白沙铺）。联系电话：050-33465710。可手机自助入住，无接触开门。前台多语言服务，支持行李寄存。含自助早餐，菜品丰富。酒店内有健身房和洗衣房，住客免费使用。	C309
6507	锦江国际酒店	地址：阳新县朝阳街176号（白沙铺）。联系电话：130-86727214 / 199-45102939。客房配备记忆棉床垫，保证舒适睡眠。设有地下停车场与充电桩。部分房型可俯瞰城市天际线。前台多语言服务，支持行李寄存。	C309
6508	桔子度假酒店	地址：阳新县建设路96号（白沙铺）。联系电话：014-69014530。酒店内有健身房和洗衣房，住客免费使用。设有地下停车场与充电桩。	C309
6509	雅致度假酒店	地址：渭南中心路342号（白水县）。联系电话：191-53060020 / 026-38793514。可手机自助入住，无接触开门。部分房型可俯瞰城市天际线。	C193
6510	璞丽精品酒店	地址：渭南和平路268号（白水县）。联系电话：137-38961696 / 021-33287813。酒店内有健身房和洗衣房，住客免费使用。可手机自助入住，无接触开门。前台多语言服务，支持行李寄存。	C193
6511	梅园度假酒店	地址：渭南中心路241号（白水县）。联系电话：183-82794442。提供高速 Wi‑Fi 及 24 小时热水。距车站步行 5 分钟，交通便利。	C193
6512	桔子大酒店	地址：湘潭和平路204号（板塘）。联系电话：196-70321672。部分房型可俯瞰城市天际线。含自助早餐，菜品丰富。	C195
6513	云栖酒店	地址：湘潭人民大道106号（板塘）。联系电话：011-29179541。部分房型可俯瞰城市天际线。可手机自助入住，无接触开门。	C195
6514	枫叶大酒店	地址：湘潭和平路368号（板塘）。联系电话：054-30764586 / 019-52042703。提供高速 Wi‑Fi 及 24 小时热水。酒店内有健身房和洗衣房，住客免费使用。周边 500 米内即是商场与美食街。设有地下停车场与充电桩。	C195
6515	沐兰酒店	地址：湘潭迎宾大道25号（板塘）。联系电话：039-83943445 / 155-47128972。客房配备记忆棉床垫，保证舒适睡眠。距车站步行 5 分钟，交通便利。	C195
6516	璞丽宾馆	地址：临县朝阳街127号（白文东）。联系电话：037-37076167。酒店内有健身房和洗衣房，住客免费使用。部分房型可俯瞰城市天际线。	C057
6517	楠舍大酒店	地址：临县和平路229号（白文东）。联系电话：015-66376008 / 133-64299007。设有地下停车场与充电桩。前台多语言服务，支持行李寄存。提供高速 Wi‑Fi 及 24 小时热水。客房配备记忆棉床垫，保证舒适睡眠。	C057
6518	璞丽酒店	地址：宾县解放路215号（宾西北）。联系电话：185-73105411。提供高速 Wi‑Fi 及 24 小时热水。含自助早餐，菜品丰富。	C066
6519	梅园大酒店	地址：宾县建设路38号（宾西北）。联系电话：190-45900286。距车站步行 5 分钟，交通便利。可手机自助入住，无接触开门。含自助早餐，菜品丰富。设有地下停车场与充电桩。	C066
6520	花筑精品酒店	地址：本溪朝阳街108号（本溪新城）。联系电话：010-23785323。设有地下停车场与充电桩。可手机自助入住，无接触开门。客房配备记忆棉床垫，保证舒适睡眠。	C151
6521	星程度假酒店	地址：本溪解放路305号（本溪新城）。联系电话：134-35772663。含自助早餐，菜品丰富。可手机自助入住，无接触开门。	C151
6522	雅致国际酒店	地址：本溪朝阳街140号（本溪新城）。联系电话：056-71918076。含自助早餐，菜品丰富。部分房型可俯瞰城市天际线。周边 500 米内即是商场与美食街。前台多语言服务，支持行李寄存。	C151
6523	楠舍大酒店	地址：本溪人民大道124号（本溪新城）。联系电话：017-63335923 / 189-60529748。前台多语言服务，支持行李寄存。可手机自助入住，无接触开门。	C151
6524	锦江酒店	地址：成都朝阳街373号（步行街）。联系电话：040-47105859 / 186-43450176。设有地下停车场与充电桩。可手机自助入住，无接触开门。含自助早餐，菜品丰富。客房配备记忆棉床垫，保证舒适睡眠。	C128
6525	桔子国际酒店	地址：成都迎宾大道356号（步行街）。联系电话：196-54175332 / 054-77732270。部分房型可俯瞰城市天际线。客房配备记忆棉床垫，保证舒适睡眠。	C128
6526	花筑大酒店	地址：宾阳县和平路297号（宾阳）。联系电话：199-29992808。部分房型可俯瞰城市天际线。距车站步行 5 分钟，交通便利。含自助早餐，菜品丰富。客房配备记忆棉床垫，保证舒适睡眠。	C044
6527	璞丽国际酒店	地址：宾阳县解放路171号（宾阳）。联系电话：133-21630930。部分房型可俯瞰城市天际线。可手机自助入住，无接触开门。前台多语言服务，支持行李寄存。	C044
6528	花筑宾馆	地址：宾阳县和平路305号（宾阳）。联系电话：192-37241520 / 038-60386258。距车站步行 5 分钟，交通便利。前台多语言服务，支持行李寄存。	C044
6529	枫叶宾馆	地址：宾阳县建设路167号（宾阳）。联系电话：041-49992581 / 056-76183711。可手机自助入住，无接触开门。设有地下停车场与充电桩。	C044
6530	柏曼国际酒店	地址：容城县中心路96号（白洋淀）。联系电话：040-37672175。部分房型可俯瞰城市天际线。设有地下停车场与充电桩。可手机自助入住，无接触开门。	C027
6531	桔子酒店	地址：容城县中心路173号（白洋淀）。联系电话：138-76135300。距车站步行 5 分钟，交通便利。可手机自助入住，无接触开门。提供高速 Wi‑Fi 及 24 小时热水。	C027
6532	柏曼大酒店	地址：容城县和平路119号（白洋淀）。联系电话：055-61282539 / 018-75987759。可手机自助入住，无接触开门。部分房型可俯瞰城市天际线。	C027
6533	丽枫国际酒店	地址：容城县人民大道340号（白洋淀）。联系电话：182-86213230 / 131-78338053。酒店内有健身房和洗衣房，住客免费使用。客房配备记忆棉床垫，保证舒适睡眠。前台多语言服务，支持行李寄存。提供高速 Wi‑Fi 及 24 小时热水。	C027
6534	丽枫国际酒店	地址：贵阳人民大道326号（百宜）。联系电话：192-99516948 / 010-83317268。距车站步行 5 分钟，交通便利。酒店内有健身房和洗衣房，住客免费使用。	C249
6535	枫叶精品酒店	地址：贵阳中心路185号（百宜）。联系电话：058-32875446。部分房型可俯瞰城市天际线。含自助早餐，菜品丰富。酒店内有健身房和洗衣房，住客免费使用。可手机自助入住，无接触开门。	C249
6536	楠舍酒店	地址：贵阳朝阳街241号（百宜）。联系电话：041-22531321 / 182-18785640。提供高速 Wi‑Fi 及 24 小时热水。周边 500 米内即是商场与美食街。可手机自助入住，无接触开门。客房配备记忆棉床垫，保证舒适睡眠。	C249
6537	璞丽酒店	地址：西乌珠穆沁旗朝阳街28号（白音华南）。联系电话：138-38621393 / 035-21779837。周边 500 米内即是商场与美食街。部分房型可俯瞰城市天际线。可手机自助入住，无接触开门。	C280
6538	悦榕大酒店	地址：西乌珠穆沁旗人民大道359号（白音华南）。联系电话：045-85464276 / 183-87757285。周边 500 米内即是商场与美食街。前台多语言服务，支持行李寄存。客房配备记忆棉床垫，保证舒适睡眠。	C280
6539	楠舍度假酒店	地址：西乌珠穆沁旗迎宾大道205号（白音华南）。联系电话：197-50211227 / 011-83454608。提供高速 Wi‑Fi 及 24 小时热水。设有地下停车场与充电桩。部分房型可俯瞰城市天际线。前台多语言服务，支持行李寄存。	C280
6540	枫叶精品酒店	地址：巴中中心路74号（巴中东）。联系电话：010-78794210。部分房型可俯瞰城市天际线。提供高速 Wi‑Fi 及 24 小时热水。	C103
6541	碧桂度假酒店	地址：巴中解放路180号（巴中东）。联系电话：037-83551617 / 184-76403535。设有地下停车场与充电桩。周边 500 米内即是商场与美食街。距车站步行 5 分钟，交通便利。酒店内有健身房和洗衣房，住客免费使用。	C103
6542	星程度假酒店	地址：咸阳迎宾大道17号（彬州）。联系电话：196-29304790。可手机自助入住，无接触开门。客房配备记忆棉床垫，保证舒适睡眠。距车站步行 5 分钟，交通便利。	C064
6543	云栖国际酒店	地址：咸阳和平路239号（彬州）。联系电话：022-56326344。设有地下停车场与充电桩。前台多语言服务，支持行李寄存。周边 500 米内即是商场与美食街。可手机自助入住，无接触开门。	C064
6544	月光大酒店	地址：咸阳朝阳街122号（彬州）。联系电话：132-85608142 / 183-17935647。酒店内有健身房和洗衣房，住客免费使用。提供高速 Wi‑Fi 及 24 小时热水。可手机自助入住，无接触开门。距车站步行 5 分钟，交通便利。	C064
6545	丽枫度假酒店	地址：咸阳朝阳街19号（彬州）。联系电话：139-91085703 / 048-66608589。距车站步行 5 分钟，交通便利。设有地下停车场与充电桩。周边 500 米内即是商场与美食街。	C064
6546	沐兰国际酒店	地址：滨州朝阳街201号（滨州）。联系电话：137-75323977。含自助早餐，菜品丰富。前台多语言服务，支持行李寄存。	C199
6547	锦江精品酒店	地址：滨州和平路151号（滨州）。联系电话：053-75351559 / 193-97171548。设有地下停车场与充电桩。部分房型可俯瞰城市天际线。含自助早餐，菜品丰富。	C199
6548	悦榕国际酒店	地址：滨州和平路325号（滨州）。联系电话：190-17455112。部分房型可俯瞰城市天际线。含自助早餐，菜品丰富。提供高速 Wi‑Fi 及 24 小时热水。酒店内有健身房和洗衣房，住客免费使用。	C199
6549	星程宾馆	地址：宾县解放路295号（宾州）。联系电话：021-72283832 / 012-28021605。距车站步行 5 分钟，交通便利。可手机自助入住，无接触开门。部分房型可俯瞰城市天际线。	C066
6550	沐兰度假酒店	地址：宾县和平路330号（宾州）。联系电话：041-67011948 / 012-58655777。酒店内有健身房和洗衣房，住客免费使用。客房配备记忆棉床垫，保证舒适睡眠。	C066
6551	桔子精品酒店	地址：宾县迎宾大道398号（宾州）。联系电话：137-37748956 / 150-31373658。设有地下停车场与充电桩。可手机自助入住，无接触开门。前台多语言服务，支持行李寄存。提供高速 Wi‑Fi 及 24 小时热水。	C066
6552	璞丽精品酒店	地址：霸州迎宾大道225号（霸州西）。联系电话：043-36173506。距车站步行 5 分钟，交通便利。可手机自助入住，无接触开门。	C114
6553	悦榕国际酒店	地址：霸州解放路37号（霸州西）。联系电话：183-85264899 / 053-61939754。距车站步行 5 分钟，交通便利。前台多语言服务，支持行李寄存。周边 500 米内即是商场与美食街。酒店内有健身房和洗衣房，住客免费使用。	C114
6554	桔子国际酒店	地址：澄城县迎宾大道239号（澄城）。联系电话：134-37510842 / 131-12282799。含自助早餐，菜品丰富。酒店内有健身房和洗衣房，住客免费使用。前台多语言服务，支持行李寄存。	C193
6555	悦榕度假酒店	地址：澄城县中心路209号（澄城）。联系电话：198-75998109。含自助早餐，菜品丰富。酒店内有健身房和洗衣房，住客免费使用。可手机自助入住，无接触开门。周边 500 米内即是商场与美食街。	C193
6556	璞丽大酒店	地址：澄城县和平路43号（澄城）。联系电话：199-84617825。酒店内有健身房和洗衣房，住客免费使用。含自助早餐，菜品丰富。提供高速 Wi‑Fi 及 24 小时热水。	C193
6557	柏曼宾馆	地址：澄城县人民大道155号（澄城）。联系电话：130-18511704 / 047-58369014。设有地下停车场与充电桩。前台多语言服务，支持行李寄存。客房配备记忆棉床垫，保证舒适睡眠。含自助早餐，菜品丰富。	C193
6558	楠舍酒店	地址：承德县人民大道225号（承德县北）。联系电话：052-46764047。提供高速 Wi‑Fi 及 24 小时热水。设有地下停车场与充电桩。周边 500 米内即是商场与美食街。部分房型可俯瞰城市天际线。	C130
6559	枫叶国际酒店	地址：承德县朝阳街165号（承德县北）。联系电话：013-69395435。可手机自助入住，无接触开门。距车站步行 5 分钟，交通便利。	C130
6560	云栖大酒店	地址：承德建设路219号（承德南）。联系电话：159-31122979 / 189-58179887。提供高速 Wi‑Fi 及 24 小时热水。含自助早餐，菜品丰富。	C130
6561	枫叶国际酒店	地址：承德中心路140号（承德南）。联系电话：181-50187945。周边 500 米内即是商场与美食街。前台多语言服务，支持行李寄存。客房配备记忆棉床垫，保证舒适睡眠。距车站步行 5 分钟，交通便利。	C130
6562	雅致宾馆	地址：承德解放路221号（承德南）。联系电话：043-56863403 / 136-60535649。可手机自助入住，无接触开门。客房配备记忆棉床垫，保证舒适睡眠。	C130
6563	星程国际酒店	地址：成都中心路317号（成都西）。联系电话：020-65909139 / 012-71855640。可手机自助入住，无接触开门。客房配备记忆棉床垫，保证舒适睡眠。	C128
6564	璞丽精品酒店	地址：成都和平路204号（成都西）。联系电话：131-39340986。部分房型可俯瞰城市天际线。设有地下停车场与充电桩。周边 500 米内即是商场与美食街。含自助早餐，菜品丰富。	C128
6565	梅园度假酒店	地址：成都迎宾大道80号（成都西）。联系电话：024-45035715 / 047-72768950。距车站步行 5 分钟，交通便利。客房配备记忆棉床垫，保证舒适睡眠。含自助早餐，菜品丰富。提供高速 Wi‑Fi 及 24 小时热水。	C128
6566	碧桂宾馆	地址：成都朝阳街125号（成都西）。联系电话：131-30512902 / 057-26142127。周边 500 米内即是商场与美食街。可手机自助入住，无接触开门。设有地下停车场与充电桩。提供高速 Wi‑Fi 及 24 小时热水。	C128
6567	悦榕国际酒店	地址：唐山和平路100号（曹妃甸东）。联系电话：049-33891930。部分房型可俯瞰城市天际线。距车站步行 5 分钟，交通便利。客房配备记忆棉床垫，保证舒适睡眠。前台多语言服务，支持行李寄存。	C067
6568	星程国际酒店	地址：唐山迎宾大道99号（曹妃甸东）。联系电话：150-13269714 / 153-13646642。提供高速 Wi‑Fi 及 24 小时热水。周边 500 米内即是商场与美食街。前台多语言服务，支持行李寄存。酒店内有健身房和洗衣房，住客免费使用。	C067
6569	枫叶精品酒店	地址：唐山迎宾大道215号（曹妃甸东）。联系电话：151-36974583 / 158-40666641。客房配备记忆棉床垫，保证舒适睡眠。前台多语言服务，支持行李寄存。	C067
6570	梅园宾馆	地址：唐山中心路18号（曹妃甸港）。联系电话：014-56982930 / 137-91301165。前台多语言服务，支持行李寄存。距车站步行 5 分钟，交通便利。客房配备记忆棉床垫，保证舒适睡眠。酒店内有健身房和洗衣房，住客免费使用。	C067
6571	桔子精品酒店	地址：唐山中心路309号（曹妃甸港）。联系电话：186-57214043 / 027-49541458。含自助早餐，菜品丰富。前台多语言服务，支持行李寄存。部分房型可俯瞰城市天际线。	C067
6572	月光宾馆	地址：唐山和平路336号（曹妃甸港）。联系电话：132-58052120 / 057-34738459。前台多语言服务，支持行李寄存。客房配备记忆棉床垫，保证舒适睡眠。距车站步行 5 分钟，交通便利。	C067
6573	云栖酒店	地址：城固县解放路1号（城固北）。联系电话：197-56685042 / 040-60907617。部分房型可俯瞰城市天际线。距车站步行 5 分钟，交通便利。	C167
6574	悦榕度假酒店	地址：城固县迎宾大道397号（城固北）。联系电话：053-26667364。可手机自助入住，无接触开门。距车站步行 5 分钟，交通便利。	C167
6575	枫叶大酒店	地址：城固县和平路115号（城固北）。联系电话：013-65903781 / 021-20119270。距车站步行 5 分钟，交通便利。酒店内有健身房和洗衣房，住客免费使用。	C167
6576	星程宾馆	地址：城固县中心路89号（城固北）。联系电话：033-74296719 / 042-34386611。含自助早餐，菜品丰富。提供高速 Wi‑Fi 及 24 小时热水。距车站步行 5 分钟，交通便利。酒店内有健身房和洗衣房，住客免费使用。	C167
6577	月光度假酒店	地址：前郭尔罗斯蒙古族自治县建设路263号（查干湖）。联系电话：136-73226900 / 150-38740226。距车站步行 5 分钟，交通便利。部分房型可俯瞰城市天际线。客房配备记忆棉床垫，保证舒适睡眠。可手机自助入住，无接触开门。	C154
6578	月光大酒店	地址：前郭尔罗斯蒙古族自治县人民大道386号（查干湖）。联系电话：195-83551317 / 052-44965031。设有地下停车场与充电桩。客房配备记忆棉床垫，保证舒适睡眠。提供高速 Wi‑Fi 及 24 小时热水。	C154
6579	锦江酒店	地址：前郭尔罗斯蒙古族自治县建设路32号（查干湖）。联系电话：030-41669777 / 030-48535996。提供高速 Wi‑Fi 及 24 小时热水。客房配备记忆棉床垫，保证舒适睡眠。	C154
6580	云栖精品酒店	地址：前郭尔罗斯蒙古族自治县迎宾大道233号（查干湖）。联系电话：039-78729569。部分房型可俯瞰城市天际线。可手机自助入住，无接触开门。	C154
6581	星程国际酒店	地址：巢湖解放路88号（巢湖东）。联系电话：027-68710652 / 195-38355316。周边 500 米内即是商场与美食街。可手机自助入住，无接触开门。提供高速 Wi‑Fi 及 24 小时热水。客房配备记忆棉床垫，保证舒适睡眠。	C053
6582	丽枫宾馆	地址：巢湖中心路90号（巢湖东）。联系电话：156-83926438。酒店内有健身房和洗衣房，住客免费使用。提供高速 Wi‑Fi 及 24 小时热水。	C053
6583	云栖大酒店	地址：从江县人民大道139号（从江）。联系电话：197-26694242 / 186-31521967。距车站步行 5 分钟，交通便利。酒店内有健身房和洗衣房，住客免费使用。可手机自助入住，无接触开门。含自助早餐，菜品丰富。	C311
6584	雅致酒店	地址：从江县解放路252号（从江）。联系电话：057-76586956。周边 500 米内即是商场与美食街。距车站步行 5 分钟，交通便利。	C311
6585	丽枫国际酒店	地址：从江县人民大道351号（从江）。联系电话：157-56399028。提供高速 Wi‑Fi 及 24 小时热水。距车站步行 5 分钟，交通便利。	C311
6586	花筑宾馆	地址：兴县和平路374号（蔡家崖）。联系电话：048-33510585 / 035-20632319。距车站步行 5 分钟，交通便利。可手机自助入住，无接触开门。周边 500 米内即是商场与美食街。部分房型可俯瞰城市天际线。	C057
6587	梅园大酒店	地址：兴县建设路393号（蔡家崖）。联系电话：153-12033724 / 031-56874809。前台多语言服务，支持行李寄存。含自助早餐，菜品丰富。距车站步行 5 分钟，交通便利。部分房型可俯瞰城市天际线。	C057
6588	柏栎大酒店	地址：兴县中心路111号（蔡家崖）。联系电话：194-85444502。客房配备记忆棉床垫，保证舒适睡眠。提供高速 Wi‑Fi 及 24 小时热水。	C057
6589	璞丽度假酒店	地址：乌兰县建设路98号（茶卡）。联系电话：192-10942562 / 198-41942272。部分房型可俯瞰城市天际线。可手机自助入住，无接触开门。酒店内有健身房和洗衣房，住客免费使用。	C185
6590	丽枫宾馆	地址：乌兰县建设路7号（茶卡）。联系电话：187-28145112。酒店内有健身房和洗衣房，住客免费使用。部分房型可俯瞰城市天际线。	C185
6591	星程精品酒店	地址：乌兰县解放路281号（茶卡）。联系电话：027-49186019 / 154-62649702。可手机自助入住，无接触开门。部分房型可俯瞰城市天际线。	C185
6592	碧桂宾馆	地址：乌兰县解放路65号（茶卡）。联系电话：017-27136951。酒店内有健身房和洗衣房，住客免费使用。可手机自助入住，无接触开门。设有地下停车场与充电桩。	C185
6593	枫叶精品酒店	地址：肥东县人民大道326号（长临河）。联系电话：053-62570977。前台多语言服务，支持行李寄存。设有地下停车场与充电桩。	C053
6594	月光酒店	地址：肥东县建设路372号（长临河）。联系电话：182-21803629。距车站步行 5 分钟，交通便利。可手机自助入住，无接触开门。含自助早餐，菜品丰富。设有地下停车场与充电桩。	C053
6595	月光国际酒店	地址：肥东县解放路38号（长临河）。联系电话：030-49218624。客房配备记忆棉床垫，保证舒适睡眠。部分房型可俯瞰城市天际线。提供高速 Wi‑Fi 及 24 小时热水。	C053
6596	悦榕国际酒店	地址：肥东县朝阳街329号（长临河）。联系电话：016-49595287。客房配备记忆棉床垫，保证舒适睡眠。可手机自助入住，无接触开门。含自助早餐，菜品丰富。	C053
6597	锦江大酒店	地址：海口人民大道217号（长流）。联系电话：198-24418403。含自助早餐，菜品丰富。可手机自助入住，无接触开门。设有地下停车场与充电桩。酒店内有健身房和洗衣房，住客免费使用。	C184
6598	星程度假酒店	地址：海口中心路207号（长流）。联系电话：133-96754958。设有地下停车场与充电桩。含自助早餐，菜品丰富。	C184
6599	楠舍精品酒店	地址：茶陵县朝阳街350号（茶陵南）。联系电话：029-89042880。部分房型可俯瞰城市天际线。客房配备记忆棉床垫，保证舒适睡眠。提供高速 Wi‑Fi 及 24 小时热水。酒店内有健身房和洗衣房，住客免费使用。	C157
6600	云栖国际酒店	地址：茶陵县中心路340号（茶陵南）。联系电话：183-54420270。部分房型可俯瞰城市天际线。前台多语言服务，支持行李寄存。客房配备记忆棉床垫，保证舒适睡眠。	C157
6601	梅园酒店	地址：东莞迎宾大道193号（常平东）。联系电话：031-22072136。可手机自助入住，无接触开门。设有地下停车场与充电桩。前台多语言服务，支持行李寄存。	C007
6602	璞丽酒店	地址：东莞朝阳街306号（常平东）。联系电话：199-85971153。前台多语言服务，支持行李寄存。提供高速 Wi‑Fi 及 24 小时热水。可手机自助入住，无接触开门。客房配备记忆棉床垫，保证舒适睡眠。	C007
6603	沐兰国际酒店	地址：东莞人民大道114号（常平东）。联系电话：050-30791926。客房配备记忆棉床垫，保证舒适睡眠。设有地下停车场与充电桩。	C007
6604	悦榕大酒店	地址：东莞迎宾大道190号（常平东）。联系电话：051-50620337 / 130-30900607。酒店内有健身房和洗衣房，住客免费使用。设有地下停车场与充电桩。客房配备记忆棉床垫，保证舒适睡眠。含自助早餐，菜品丰富。	C007
6605	沐兰国际酒店	地址：东莞中心路33号（常平南）。联系电话：049-89679522 / 031-82698703。可手机自助入住，无接触开门。客房配备记忆棉床垫，保证舒适睡眠。部分房型可俯瞰城市天际线。前台多语言服务，支持行李寄存。	C007
6606	柏曼宾馆	地址：东莞中心路159号（常平南）。联系电话：158-89683248 / 135-81177162。部分房型可俯瞰城市天际线。周边 500 米内即是商场与美食街。酒店内有健身房和洗衣房，住客免费使用。	C007
6607	柏栎度假酒店	地址：东莞朝阳街293号（常平南）。联系电话：012-58289342。可手机自助入住，无接触开门。前台多语言服务，支持行李寄存。	C007
6608	璞丽宾馆	地址：东莞中心路132号（常平南）。联系电话：010-39535937。提供高速 Wi‑Fi 及 24 小时热水。前台多语言服务，支持行李寄存。酒店内有健身房和洗衣房，住客免费使用。	C007
6609	梅园大酒店	地址：宁县和平路91号（长庆桥）。联系电话：038-25118372 / 132-65039174。提供高速 Wi‑Fi 及 24 小时热水。距车站步行 5 分钟，交通便利。可手机自助入住，无接触开门。	C113
6610	悦榕大酒店	地址：宁县中心路131号（长庆桥）。联系电话：191-54977449。提供高速 Wi‑Fi 及 24 小时热水。周边 500 米内即是商场与美食街。	C113
6611	梅园度假酒店	地址：重庆解放路274号（长寿北）。联系电话：192-28334962 / 155-26261986。客房配备记忆棉床垫，保证舒适睡眠。前台多语言服务，支持行李寄存。	C272
6612	柏栎国际酒店	地址：重庆迎宾大道82号（长寿北）。联系电话：153-50034683 / 018-52180251。设有地下停车场与充电桩。客房配备记忆棉床垫，保证舒适睡眠。	C272
6613	锦江宾馆	地址：重庆建设路278号（长寿北）。联系电话：154-27955296。部分房型可俯瞰城市天际线。周边 500 米内即是商场与美食街。	C272
6614	梅园大酒店	地址：重庆中心路41号（长寿北）。联系电话：015-54390955 / 156-60920043。提供高速 Wi‑Fi 及 24 小时热水。前台多语言服务，支持行李寄存。设有地下停车场与充电桩。距车站步行 5 分钟，交通便利。	C272
6615	悦榕大酒店	地址：重庆中心路131号（长寿湖）。联系电话：040-59991266 / 158-75536998。可手机自助入住，无接触开门。周边 500 米内即是商场与美食街。含自助早餐，菜品丰富。部分房型可俯瞰城市天际线。	C272
6616	云栖国际酒店	地址：重庆中心路41号（长寿湖）。联系电话：042-36122750。提供高速 Wi‑Fi 及 24 小时热水。含自助早餐，菜品丰富。	C272
6617	桔子大酒店	地址：常山县和平路122号（常山）。联系电话：029-45010290。设有地下停车场与充电桩。酒店内有健身房和洗衣房，住客免费使用。周边 500 米内即是商场与美食街。距车站步行 5 分钟，交通便利。	C243
6618	柏曼宾馆	地址：常山县朝阳街248号（常山）。联系电话：044-41804188 / 186-78878634。酒店内有健身房和洗衣房，住客免费使用。周边 500 米内即是商场与美食街。设有地下停车场与充电桩。	C243
6619	雅致度假酒店	地址：常山县朝阳街317号（常山）。联系电话：057-68030112 / 030-29630047。设有地下停车场与充电桩。可手机自助入住，无接触开门。客房配备记忆棉床垫，保证舒适睡眠。	C243
6620	璞丽度假酒店	地址：潮州中心路165号（潮汕）。联系电话：158-34118105。含自助早餐，菜品丰富。部分房型可俯瞰城市天际线。前台多语言服务，支持行李寄存。设有地下停车场与充电桩。	C203
6621	桔子国际酒店	地址：潮州朝阳街160号（潮汕）。联系电话：049-22902321。可手机自助入住，无接触开门。部分房型可俯瞰城市天际线。提供高速 Wi‑Fi 及 24 小时热水。	C203
6622	柏曼酒店	地址：长沙人民大道385号（长沙西）。联系电话：131-99892494。前台多语言服务，支持行李寄存。客房配备记忆棉床垫，保证舒适睡眠。距车站步行 5 分钟，交通便利。可手机自助入住，无接触开门。	C284
6623	星程酒店	地址：长沙解放路163号（长沙西）。联系电话：187-73971237 / 198-63298246。部分房型可俯瞰城市天际线。含自助早餐，菜品丰富。周边 500 米内即是商场与美食街。前台多语言服务，支持行李寄存。	C284
6624	花筑度假酒店	地址：广元中心路325号（朝天）。联系电话：190-62947371 / 135-43167932。可手机自助入住，无接触开门。周边 500 米内即是商场与美食街。部分房型可俯瞰城市天际线。	C110
6625	枫叶酒店	地址：广元中心路370号（朝天）。联系电话：020-65236074。距车站步行 5 分钟，交通便利。提供高速 Wi‑Fi 及 24 小时热水。	C110
6626	桔子精品酒店	地址：广元人民大道73号（朝天）。联系电话：134-40176187。可手机自助入住，无接触开门。部分房型可俯瞰城市天际线。	C110
6627	丽枫大酒店	地址：广元解放路285号（朝天）。联系电话：052-85891835 / 138-54681779。酒店内有健身房和洗衣房，住客免费使用。客房配备记忆棉床垫，保证舒适睡眠。提供高速 Wi‑Fi 及 24 小时热水。部分房型可俯瞰城市天际线。	C110
6628	月光大酒店	地址：长汀县迎宾大道33号（长汀南）。联系电话：157-91965437 / 138-45528460。可手机自助入住，无接触开门。距车站步行 5 分钟，交通便利。	C315
6629	雅致宾馆	地址：长汀县解放路361号（长汀南）。联系电话：027-70147363 / 186-86596628。设有地下停车场与充电桩。距车站步行 5 分钟，交通便利。部分房型可俯瞰城市天际线。	C315
6630	花筑宾馆	地址：长汀县朝阳街264号（长汀南）。联系电话：153-91610103。设有地下停车场与充电桩。距车站步行 5 分钟，交通便利。部分房型可俯瞰城市天际线。酒店内有健身房和洗衣房，住客免费使用。	C315
6631	璞丽精品酒店	地址：长汀县建设路109号（长汀南）。联系电话：014-28756563。酒店内有健身房和洗衣房，住客免费使用。含自助早餐，菜品丰富。提供高速 Wi‑Fi 及 24 小时热水。前台多语言服务，支持行李寄存。	C315
6632	枫叶宾馆	地址：长武县解放路147号（长武）。联系电话：153-17635676。含自助早餐，菜品丰富。提供高速 Wi‑Fi 及 24 小时热水。酒店内有健身房和洗衣房，住客免费使用。距车站步行 5 分钟，交通便利。	C064
6633	桔子宾馆	地址：长武县朝阳街44号（长武）。联系电话：158-89529137 / 184-78345075。周边 500 米内即是商场与美食街。可手机自助入住，无接触开门。距车站步行 5 分钟，交通便利。	C064
6634	桔子精品酒店	地址：长武县建设路22号（长武）。联系电话：048-75680211 / 130-97182564。可手机自助入住，无接触开门。设有地下停车场与充电桩。部分房型可俯瞰城市天际线。酒店内有健身房和洗衣房，住客免费使用。	C064
6635	碧桂大酒店	地址：长兴县解放路80号（长兴）。联系电话：194-48160467 / 033-24346887。周边 500 米内即是商场与美食街。设有地下停车场与充电桩。距车站步行 5 分钟，交通便利。	C194
6636	悦榕酒店	地址：长兴县中心路292号（长兴）。联系电话：044-83792284。距车站步行 5 分钟，交通便利。前台多语言服务，支持行李寄存。提供高速 Wi‑Fi 及 24 小时热水。酒店内有健身房和洗衣房，住客免费使用。	C194
6637	沐兰宾馆	地址：长兴县解放路254号（长兴）。联系电话：043-45243858。酒店内有健身房和洗衣房，住客免费使用。含自助早餐，菜品丰富。	C194
6638	梅园度假酒店	地址：长兴县人民大道218号（长兴）。联系电话：196-92852707。含自助早餐，菜品丰富。可手机自助入住，无接触开门。提供高速 Wi‑Fi 及 24 小时热水。客房配备记忆棉床垫，保证舒适睡眠。	C194
6639	云栖宾馆	地址：苍溪县中心路193号（苍溪）。联系电话：182-57730486。设有地下停车场与充电桩。提供高速 Wi‑Fi 及 24 小时热水。	C110
6640	楠舍酒店	地址：苍溪县迎宾大道213号（苍溪）。联系电话：057-37424556。可手机自助入住，无接触开门。设有地下停车场与充电桩。	C110
6641	星程度假酒店	地址：苍溪县建设路140号（苍溪）。联系电话：033-81534221 / 193-84943661。可手机自助入住，无接触开门。客房配备记忆棉床垫，保证舒适睡眠。周边 500 米内即是商场与美食街。距车站步行 5 分钟，交通便利。	C110
6642	桔子度假酒店	地址：苍溪县迎宾大道91号（苍溪）。联系电话：136-33354977。距车站步行 5 分钟，交通便利。设有地下停车场与充电桩。	C110
6643	枫叶大酒店	地址：楚雄彝族自治州人民大道25号（楚雄）。联系电话：191-26832313 / 052-72082652。周边 500 米内即是商场与美食街。距车站步行 5 分钟，交通便利。酒店内有健身房和洗衣房，住客免费使用。提供高速 Wi‑Fi 及 24 小时热水。	C161
6644	月光宾馆	地址：楚雄彝族自治州迎宾大道351号（楚雄）。联系电话：058-44140628。距车站步行 5 分钟，交通便利。部分房型可俯瞰城市天际线。含自助早餐，菜品丰富。	C161
6645	锦江大酒店	地址：楚雄彝族自治州和平路61号（楚雄）。联系电话：048-70794648。设有地下停车场与充电桩。距车站步行 5 分钟，交通便利。前台多语言服务，支持行李寄存。部分房型可俯瞰城市天际线。	C161
6646	柏栎国际酒店	地址：楚雄彝族自治州建设路274号（楚雄）。联系电话：029-85434054 / 181-65220623。前台多语言服务，支持行李寄存。酒店内有健身房和洗衣房，住客免费使用。设有地下停车场与充电桩。	C161
6647	云栖大酒店	地址：海口朝阳街191号（城西）。联系电话：196-83121538 / 134-54268542。设有地下停车场与充电桩。客房配备记忆棉床垫，保证舒适睡眠。	C184
6648	楠舍度假酒店	地址：海口迎宾大道350号（城西）。联系电话：186-64367699。周边 500 米内即是商场与美食街。客房配备记忆棉床垫，保证舒适睡眠。含自助早餐，菜品丰富。	C184
6649	星程宾馆	地址：朝阳人民大道203号（朝阳）。联系电话：049-33806577。前台多语言服务，支持行李寄存。可手机自助入住，无接触开门。距车站步行 5 分钟，交通便利。酒店内有健身房和洗衣房，住客免费使用。	C150
6650	悦榕精品酒店	地址：朝阳和平路121号（朝阳）。联系电话：045-50111495。含自助早餐，菜品丰富。设有地下停车场与充电桩。	C150
6651	梅园酒店	地址：朝阳和平路198号（朝阳）。联系电话：157-80105892 / 184-32504243。含自助早餐，菜品丰富。提供高速 Wi‑Fi 及 24 小时热水。设有地下停车场与充电桩。距车站步行 5 分钟，交通便利。	C150
6652	月光度假酒店	地址：长阳土家族自治县朝阳街133号（长阳）。联系电话：131-37039372。部分房型可俯瞰城市天际线。距车站步行 5 分钟，交通便利。提供高速 Wi‑Fi 及 24 小时热水。	C095
6653	月光宾馆	地址：长阳土家族自治县迎宾大道9号（长阳）。联系电话：137-66290511。设有地下停车场与充电桩。部分房型可俯瞰城市天际线。	C095
6654	柏曼国际酒店	地址：长阳土家族自治县人民大道14号（长阳）。联系电话：151-48302430。客房配备记忆棉床垫，保证舒适睡眠。设有地下停车场与充电桩。	C095
6655	月光国际酒店	地址：长阳土家族自治县建设路75号（长阳）。联系电话：044-28147679 / 026-43899436。周边 500 米内即是商场与美食街。酒店内有健身房和洗衣房，住客免费使用。提供高速 Wi‑Fi 及 24 小时热水。	C095
6656	桔子度假酒店	地址：汕头迎宾大道274号（潮阳）。联系电话：048-41065757。酒店内有健身房和洗衣房，住客免费使用。设有地下停车场与充电桩。	C168
6657	楠舍宾馆	地址：汕头朝阳街142号（潮阳）。联系电话：192-39230091 / 158-18769177。可手机自助入住，无接触开门。前台多语言服务，支持行李寄存。提供高速 Wi‑Fi 及 24 小时热水。	C168
6658	碧桂精品酒店	地址：汕头人民大道328号（潮阳）。联系电话：031-88757460 / 156-42555145。设有地下停车场与充电桩。部分房型可俯瞰城市天际线。	C168
6659	花筑国际酒店	地址：蒲江县迎宾大道253号（朝阳湖）。联系电话：183-59978430。周边 500 米内即是商场与美食街。可手机自助入住，无接触开门。距车站步行 5 分钟，交通便利。前台多语言服务，支持行李寄存。	C128
6660	沐兰酒店	地址：蒲江县迎宾大道167号（朝阳湖）。联系电话：187-36158941 / 038-82810976。前台多语言服务，支持行李寄存。部分房型可俯瞰城市天际线。含自助早餐，菜品丰富。	C128
6661	璞丽酒店	地址：崇州建设路353号（崇州）。联系电话：186-73757004 / 056-66925399。前台多语言服务，支持行李寄存。客房配备记忆棉床垫，保证舒适睡眠。周边 500 米内即是商场与美食街。部分房型可俯瞰城市天际线。	C128
6662	璞丽酒店	地址：崇州朝阳街139号（崇州）。联系电话：034-40489635 / 157-15206131。客房配备记忆棉床垫，保证舒适睡眠。周边 500 米内即是商场与美食街。酒店内有健身房和洗衣房，住客免费使用。可手机自助入住，无接触开门。	C128
6663	花筑酒店	地址：崇州中心路206号（崇州）。联系电话：042-54431806 / 137-30923595。周边 500 米内即是商场与美食街。部分房型可俯瞰城市天际线。酒店内有健身房和洗衣房，住客免费使用。	C128
6664	碧桂精品酒店	地址：大连解放路215号（城子坦）。联系电话：042-28876079。含自助早餐，菜品丰富。客房配备记忆棉床垫，保证舒适睡眠。可手机自助入住，无接触开门。部分房型可俯瞰城市天际线。	C080
6665	云栖酒店	地址：大连解放路101号（城子坦）。联系电话：024-41284867 / 186-28636440。周边 500 米内即是商场与美食街。含自助早餐，菜品丰富。前台多语言服务，支持行李寄存。	C080
6666	星程度假酒店	地址：大连迎宾大道175号（城子坦）。联系电话：015-83124652 / 133-99965484。前台多语言服务，支持行李寄存。距车站步行 5 分钟，交通便利。酒店内有健身房和洗衣房，住客免费使用。部分房型可俯瞰城市天际线。	C080
6667	璞丽酒店	地址：大连迎宾大道360号（城子坦）。联系电话：026-64209079。提供高速 Wi‑Fi 及 24 小时热水。可手机自助入住，无接触开门。酒店内有健身房和洗衣房，住客免费使用。部分房型可俯瞰城市天际线。	C080
6668	锦江宾馆	地址：东安县建设路91号（东安东）。联系电话：046-52328167。提供高速 Wi‑Fi 及 24 小时热水。部分房型可俯瞰城市天际线。客房配备记忆棉床垫，保证舒适睡眠。	C166
6669	星程国际酒店	地址：东安县建设路153号（东安东）。联系电话：058-72592012 / 194-59194107。提供高速 Wi‑Fi 及 24 小时热水。距车站步行 5 分钟，交通便利。部分房型可俯瞰城市天际线。	C166
6670	碧桂精品酒店	地址：东安县解放路23号（东安东）。联系电话：036-43509661。可手机自助入住，无接触开门。距车站步行 5 分钟，交通便利。	C166
6671	枫叶酒店	地址：德保县人民大道238号（德保）。联系电话：020-32434442。设有地下停车场与充电桩。含自助早餐，菜品丰富。	C214
6672	楠舍精品酒店	地址：德保县中心路280号（德保）。联系电话：040-54597157 / 195-14155673。周边 500 米内即是商场与美食街。酒店内有健身房和洗衣房，住客免费使用。距车站步行 5 分钟，交通便利。	C214
6673	璞丽国际酒店	地址：德保县中心路195号（德保）。联系电话：194-22586959。距车站步行 5 分钟，交通便利。含自助早餐，菜品丰富。	C214
6674	碧桂精品酒店	地址：德保县中心路26号（德保）。联系电话：024-36332736。设有地下停车场与充电桩。提供高速 Wi‑Fi 及 24 小时热水。	C214
6675	雅致酒店	地址：都昌县迎宾大道366号（都昌）。联系电话：016-25905685 / 027-20547070。前台多语言服务，支持行李寄存。含自助早餐，菜品丰富。周边 500 米内即是商场与美食街。	C020
6676	梅园度假酒店	地址：都昌县和平路73号（都昌）。联系电话：020-59794243。部分房型可俯瞰城市天际线。可手机自助入住，无接触开门。距车站步行 5 分钟，交通便利。酒店内有健身房和洗衣房，住客免费使用。	C020
6677	柏曼宾馆	地址：都昌县和平路2号（都昌）。联系电话：155-48611986。酒店内有健身房和洗衣房，住客免费使用。含自助早餐，菜品丰富。前台多语言服务，支持行李寄存。	C020
6678	丽枫酒店	地址：都昌县中心路47号（都昌）。联系电话：198-81842465。前台多语言服务，支持行李寄存。客房配备记忆棉床垫，保证舒适睡眠。	C020
6679	悦榕大酒店	地址：天水和平路29号（东岔）。联系电话：189-97636604 / 051-69371202。客房配备记忆棉床垫，保证舒适睡眠。周边 500 米内即是商场与美食街。前台多语言服务，支持行李寄存。距车站步行 5 分钟，交通便利。	C081
6680	云栖精品酒店	地址：天水解放路4号（东岔）。联系电话：158-20255268。距车站步行 5 分钟，交通便利。设有地下停车场与充电桩。部分房型可俯瞰城市天际线。含自助早餐，菜品丰富。	C081
6681	梅园度假酒店	地址：天水解放路190号（东岔）。联系电话：046-60618373。部分房型可俯瞰城市天际线。酒店内有健身房和洗衣房，住客免费使用。周边 500 米内即是商场与美食街。	C081
6682	柏栎国际酒店	地址：东莞建设路205号（东城南）。联系电话：043-22466841。提供高速 Wi‑Fi 及 24 小时热水。设有地下停车场与充电桩。	C007
6683	丽枫大酒店	地址：东莞人民大道280号（东城南）。联系电话：131-68088356 / 056-25765268。部分房型可俯瞰城市天际线。含自助早餐，菜品丰富。客房配备记忆棉床垫，保证舒适睡眠。前台多语言服务，支持行李寄存。	C007
6684	星程宾馆	地址：东莞朝阳街364号（东城南）。联系电话：034-32187616。设有地下停车场与充电桩。提供高速 Wi‑Fi 及 24 小时热水。	C007
6685	月光宾馆	地址：东莞朝阳街68号（东城南）。联系电话：042-75572652 / 139-77230425。部分房型可俯瞰城市天际线。距车站步行 5 分钟，交通便利。前台多语言服务，支持行李寄存。	C007
6686	枫叶国际酒店	地址：绥中县人民大道373号（东戴河）。联系电话：057-63388873。前台多语言服务，支持行李寄存。部分房型可俯瞰城市天际线。设有地下停车场与充电桩。	C239
6687	云栖酒店	地址：绥中县朝阳街283号（东戴河）。联系电话：056-26627743。距车站步行 5 分钟，交通便利。酒店内有健身房和洗衣房，住客免费使用。周边 500 米内即是商场与美食街。前台多语言服务，支持行李寄存。	C239
6688	星程酒店	地址：丹东和平路104号（丹东西）。联系电话：014-72639684 / 184-67444259。周边 500 米内即是商场与美食街。客房配备记忆棉床垫，保证舒适睡眠。含自助早餐，菜品丰富。	C013
6689	璞丽宾馆	地址：丹东人民大道346号（丹东西）。联系电话：156-37990927 / 036-59675243。含自助早餐，菜品丰富。距车站步行 5 分钟，交通便利。	C013
6690	桔子宾馆	地址：丹东中心路242号（丹东西）。联系电话：018-38468227。设有地下停车场与充电桩。酒店内有健身房和洗衣房，住客免费使用。提供高速 Wi‑Fi 及 24 小时热水。客房配备记忆棉床垫，保证舒适睡眠。	C013
6691	悦榕度假酒店	地址：丹东和平路124号（丹东西）。联系电话：186-52619998。部分房型可俯瞰城市天际线。提供高速 Wi‑Fi 及 24 小时热水。前台多语言服务，支持行李寄存。	C013
6692	枫叶度假酒店	地址：抚远中心路290号（东二道河）。联系电话：137-69348405。提供高速 Wi‑Fi 及 24 小时热水。部分房型可俯瞰城市天际线。	C026
6693	桔子酒店	地址：抚远建设路232号（东二道河）。联系电话：133-26017229。含自助早餐，菜品丰富。客房配备记忆棉床垫，保证舒适睡眠。提供高速 Wi‑Fi 及 24 小时热水。可手机自助入住，无接触开门。	C026
6694	雅致精品酒店	地址：株洲迎宾大道274号（大丰）。联系电话：138-98194536。客房配备记忆棉床垫，保证舒适睡眠。周边 500 米内即是商场与美食街。含自助早餐，菜品丰富。提供高速 Wi‑Fi 及 24 小时热水。	C157
6695	悦榕宾馆	地址：株洲朝阳街37号（大丰）。联系电话：193-27167974 / 192-77684997。前台多语言服务，支持行李寄存。提供高速 Wi‑Fi 及 24 小时热水。距车站步行 5 分钟，交通便利。	C157
6696	月光宾馆	地址：大方县人民大道213号（大方南）。联系电话：012-54821016。酒店内有健身房和洗衣房，住客免费使用。前台多语言服务，支持行李寄存。	C165
6697	丽枫国际酒店	地址：大方县建设路316号（大方南）。联系电话：182-89148720。酒店内有健身房和洗衣房，住客免费使用。可手机自助入住，无接触开门。	C165
6698	花筑度假酒店	地址：东港迎宾大道250号（东港北）。联系电话：156-34391976。周边 500 米内即是商场与美食街。设有地下停车场与充电桩。	C013
6699	锦江度假酒店	地址：东港迎宾大道200号（东港北）。联系电话：028-64011327 / 156-78812130。酒店内有健身房和洗衣房，住客免费使用。提供高速 Wi‑Fi 及 24 小时热水。周边 500 米内即是商场与美食街。	C013
6700	碧桂度假酒店	地址：东港朝阳街288号（东港北）。联系电话：022-62478597 / 185-90448604。含自助早餐，菜品丰富。可手机自助入住，无接触开门。提供高速 Wi‑Fi 及 24 小时热水。	C013
6701	丽枫度假酒店	地址：东港中心路271号（大孤山）。联系电话：019-62521516。提供高速 Wi‑Fi 及 24 小时热水。客房配备记忆棉床垫，保证舒适睡眠。部分房型可俯瞰城市天际线。	C013
6702	柏栎度假酒店	地址：东港建设路117号（大孤山）。联系电话：045-82050594 / 040-49082906。客房配备记忆棉床垫，保证舒适睡眠。含自助早餐，菜品丰富。	C013
6703	锦江宾馆	地址：东莞人民大道179号（东莞）。联系电话：014-33389718 / 131-15675530。含自助早餐，菜品丰富。提供高速 Wi‑Fi 及 24 小时热水。	C007
6704	碧桂酒店	地址：东莞迎宾大道302号（东莞）。联系电话：032-62275076。前台多语言服务，支持行李寄存。客房配备记忆棉床垫，保证舒适睡眠。	C007
6705	梅园度假酒店	地址：东莞和平路13号（东莞）。联系电话：192-98823426。提供高速 Wi‑Fi 及 24 小时热水。距车站步行 5 分钟，交通便利。部分房型可俯瞰城市天际线。	C007
6706	枫叶宾馆	地址：肇庆建设路389号（鼎湖东）。联系电话：199-59186666 / 189-57999442。客房配备记忆棉床垫，保证舒适睡眠。部分房型可俯瞰城市天际线。可手机自助入住，无接触开门。提供高速 Wi‑Fi 及 24 小时热水。	C228
6707	楠舍度假酒店	地址：肇庆解放路252号（鼎湖东）。联系电话：196-15672941 / 182-46145036。含自助早餐，菜品丰富。周边 500 米内即是商场与美食街。提供高速 Wi‑Fi 及 24 小时热水。	C228
6708	锦江精品酒店	地址：肇庆和平路16号（鼎湖东）。联系电话：042-77023268 / 044-89741455。距车站步行 5 分钟，交通便利。部分房型可俯瞰城市天际线。周边 500 米内即是商场与美食街。	C228
6709	星程国际酒店	地址：肇庆和平路68号（鼎湖山）。联系电话：024-81261665。提供高速 Wi‑Fi 及 24 小时热水。部分房型可俯瞰城市天际线。设有地下停车场与充电桩。可手机自助入住，无接触开门。	C228
6710	桔子酒店	地址：肇庆迎宾大道26号（鼎湖山）。联系电话：152-35094480 / 057-83689412。距车站步行 5 分钟，交通便利。酒店内有健身房和洗衣房，住客免费使用。提供高速 Wi‑Fi 及 24 小时热水。	C228
6711	梅园大酒店	地址：肇庆解放路116号（鼎湖山）。联系电话：046-38828050。可手机自助入住，无接触开门。距车站步行 5 分钟，交通便利。酒店内有健身房和洗衣房，住客免费使用。	C228
6712	丽枫宾馆	地址：东莞建设路320号（道滘）。联系电话：181-27291904 / 016-57661403。含自助早餐，菜品丰富。部分房型可俯瞰城市天际线。可手机自助入住，无接触开门。提供高速 Wi‑Fi 及 24 小时热水。	C007
6713	悦榕精品酒店	地址：东莞建设路295号（道滘）。联系电话：053-72553034。酒店内有健身房和洗衣房，住客免费使用。前台多语言服务，支持行李寄存。提供高速 Wi‑Fi 及 24 小时热水。客房配备记忆棉床垫，保证舒适睡眠。	C007
6714	楠舍度假酒店	地址：垫江县人民大道175号（垫江）。联系电话：199-65238519 / 130-57522175。酒店内有健身房和洗衣房，住客免费使用。含自助早餐，菜品丰富。距车站步行 5 分钟，交通便利。	C272
6715	月光宾馆	地址：垫江县人民大道344号（垫江）。联系电话：018-52884638。含自助早餐，菜品丰富。周边 500 米内即是商场与美食街。可手机自助入住，无接触开门。	C272
6716	云栖国际酒店	地址：垫江县解放路76号（垫江）。联系电话：180-26494430 / 024-87106201。提供高速 Wi‑Fi 及 24 小时热水。含自助早餐，菜品丰富。客房配备记忆棉床垫，保证舒适睡眠。酒店内有健身房和洗衣房，住客免费使用。	C272
6717	梅园宾馆	地址：垫江县朝阳街362号（垫江）。联系电话：153-12675993 / 046-22931343。周边 500 米内即是商场与美食街。酒店内有健身房和洗衣房，住客免费使用。客房配备记忆棉床垫，保证舒适睡眠。部分房型可俯瞰城市天际线。	C272
6718	锦江精品酒店	地址：长沙解放路298号（洞井）。联系电话：058-53735756。酒店内有健身房和洗衣房，住客免费使用。前台多语言服务，支持行李寄存。提供高速 Wi‑Fi 及 24 小时热水。	C284
6719	雅致国际酒店	地址：长沙中心路12号（洞井）。联系电话：016-26219163 / 031-23619066。酒店内有健身房和洗衣房，住客免费使用。可手机自助入住，无接触开门。客房配备记忆棉床垫，保证舒适睡眠。	C284
6720	花筑酒店	地址：长沙中心路323号（洞井）。联系电话：034-50178105。酒店内有健身房和洗衣房，住客免费使用。周边 500 米内即是商场与美食街。前台多语言服务，支持行李寄存。含自助早餐，菜品丰富。	C284
6721	柏栎度假酒店	地址：青岛朝阳街297号（董家口）。联系电话：155-15042235。前台多语言服务，支持行李寄存。距车站步行 5 分钟，交通便利。酒店内有健身房和洗衣房，住客免费使用。提供高速 Wi‑Fi 及 24 小时热水。	C297
6722	悦榕精品酒店	地址：青岛和平路63号（董家口）。联系电话：042-76439580 / 135-95934959。可手机自助入住，无接触开门。设有地下停车场与充电桩。酒店内有健身房和洗衣房，住客免费使用。	C297
6723	璞丽宾馆	地址：青岛迎宾大道89号（董家口）。联系电话：057-60671194。含自助早餐，菜品丰富。设有地下停车场与充电桩。	C297
6724	楠舍酒店	地址：姚安县迎宾大道114号（大苴）。联系电话：185-41212356。距车站步行 5 分钟，交通便利。部分房型可俯瞰城市天际线。含自助早餐，菜品丰富。	C161
6725	花筑度假酒店	地址：姚安县迎宾大道186号（大苴）。联系电话：056-33332025 / 051-73906726。距车站步行 5 分钟，交通便利。设有地下停车场与充电桩。前台多语言服务，支持行李寄存。	C161
6726	桔子国际酒店	地址：姚安县人民大道177号（大苴）。联系电话：032-32809922。含自助早餐，菜品丰富。周边 500 米内即是商场与美食街。前台多语言服务，支持行李寄存。	C161
6727	悦榕酒店	地址：洞口县中心路40号（洞口）。联系电话：042-22469233。距车站步行 5 分钟，交通便利。前台多语言服务，支持行李寄存。客房配备记忆棉床垫，保证舒适睡眠。	C266
6728	悦榕度假酒店	地址：洞口县中心路1号（洞口）。联系电话：035-37146525 / 150-68070129。可手机自助入住，无接触开门。部分房型可俯瞰城市天际线。	C266
6729	锦江宾馆	地址：洞口县解放路261号（洞口）。联系电话：043-85264450。可手机自助入住，无接触开门。部分房型可俯瞰城市天际线。前台多语言服务，支持行李寄存。设有地下停车场与充电桩。	C266
6730	璞丽酒店	地址：依兰县解放路184号（达连河）。联系电话：188-85828490 / 181-14654862。距车站步行 5 分钟，交通便利。周边 500 米内即是商场与美食街。可手机自助入住，无接触开门。含自助早餐，菜品丰富。	C066
6731	柏曼大酒店	地址：依兰县建设路353号（达连河）。联系电话：015-33989200。部分房型可俯瞰城市天际线。提供高速 Wi‑Fi 及 24 小时热水。酒店内有健身房和洗衣房，住客免费使用。	C066
6732	梅园酒店	地址：大荔县迎宾大道144号（大荔）。联系电话：189-32315350。可手机自助入住，无接触开门。部分房型可俯瞰城市天际线。前台多语言服务，支持行李寄存。提供高速 Wi‑Fi 及 24 小时热水。	C193
6733	璞丽酒店	地址：大荔县人民大道245号（大荔）。联系电话：184-12449803。部分房型可俯瞰城市天际线。设有地下停车场与充电桩。周边 500 米内即是商场与美食街。	C193
6734	碧桂国际酒店	地址：大荔县迎宾大道136号（大荔）。联系电话：136-23578129 / 180-60278785。部分房型可俯瞰城市天际线。距车站步行 5 分钟，交通便利。	C193
6735	悦榕度假酒店	地址：大荔县朝阳街34号（大荔）。联系电话：134-80981686。客房配备记忆棉床垫，保证舒适睡眠。周边 500 米内即是商场与美食街。可手机自助入住，无接触开门。前台多语言服务，支持行李寄存。	C193
6736	碧桂精品酒店	地址：东莞解放路199号（大朗镇）。联系电话：188-34105183。提供高速 Wi‑Fi 及 24 小时热水。前台多语言服务，支持行李寄存。	C007
6737	楠舍宾馆	地址：东莞和平路216号（大朗镇）。联系电话：022-29550330。距车站步行 5 分钟，交通便利。部分房型可俯瞰城市天际线。提供高速 Wi‑Fi 及 24 小时热水。	C007
6738	沐兰酒店	地址：方正县人民大道165号（得莫利）。联系电话：015-47421277。前台多语言服务，支持行李寄存。含自助早餐，菜品丰富。周边 500 米内即是商场与美食街。距车站步行 5 分钟，交通便利。	C066
6739	梅园宾馆	地址：方正县建设路357号（得莫利）。联系电话：158-90454616。酒店内有健身房和洗衣房，住客免费使用。前台多语言服务，支持行李寄存。提供高速 Wi‑Fi 及 24 小时热水。	C066
6740	楠舍宾馆	地址：科尔沁左翼后旗解放路178号（大青沟）。联系电话：150-81649021 / 134-45699500。提供高速 Wi‑Fi 及 24 小时热水。设有地下停车场与充电桩。	C260
6741	碧桂大酒店	地址：科尔沁左翼后旗解放路266号（大青沟）。联系电话：053-59682252。部分房型可俯瞰城市天际线。前台多语言服务，支持行李寄存。距车站步行 5 分钟，交通便利。周边 500 米内即是商场与美食街。	C260
6742	柏曼宾馆	地址：德清县中心路125号（德清）。联系电话：025-76394414 / 052-37206325。前台多语言服务，支持行李寄存。周边 500 米内即是商场与美食街。可手机自助入住，无接触开门。提供高速 Wi‑Fi 及 24 小时热水。	C194
6743	楠舍酒店	地址：德清县中心路279号（德清）。联系电话：195-10907845 / 017-48779076。酒店内有健身房和洗衣房，住客免费使用。周边 500 米内即是商场与美食街。前台多语言服务，支持行李寄存。设有地下停车场与充电桩。	C194
6744	碧桂精品酒店	地址：德清县建设路128号（德清）。联系电话：152-58210272。周边 500 米内即是商场与美食街。设有地下停车场与充电桩。提供高速 Wi‑Fi 及 24 小时热水。酒店内有健身房和洗衣房，住客免费使用。	C194
6745	碧桂度假酒店	地址：鄂尔多斯人民大道244号（东胜东）。联系电话：131-70949129 / 150-61461349。距车站步行 5 分钟，交通便利。酒店内有健身房和洗衣房，住客免费使用。周边 500 米内即是商场与美食街。	C269
6746	锦江大酒店	地址：鄂尔多斯朝阳街326号（东胜东）。联系电话：130-59772545 / 130-93323471。周边 500 米内即是商场与美食街。提供高速 Wi‑Fi 及 24 小时热水。可手机自助入住，无接触开门。	C269
6747	枫叶大酒店	地址：砀山县朝阳街371号（砀山南）。联系电话：033-64166695。部分房型可俯瞰城市天际线。设有地下停车场与充电桩。	C099
6748	桔子酒店	地址：砀山县解放路64号（砀山南）。联系电话：029-76901182。部分房型可俯瞰城市天际线。含自助早餐，菜品丰富。客房配备记忆棉床垫，保证舒适睡眠。酒店内有健身房和洗衣房，住客免费使用。	C099
6749	柏栎精品酒店	地址：砀山县建设路89号（砀山南）。联系电话：041-58293078。酒店内有健身房和洗衣房，住客免费使用。周边 500 米内即是商场与美食街。	C099
6750	雅致宾馆	地址：砀山县和平路292号（砀山南）。联系电话：183-42506557 / 185-34612406。前台多语言服务，支持行李寄存。客房配备记忆棉床垫，保证舒适睡眠。	C099
6751	云栖酒店	地址：敦化迎宾大道214号（大石头南）。联系电话：130-33487696。客房配备记忆棉床垫，保证舒适睡眠。可手机自助入住，无接触开门。部分房型可俯瞰城市天际线。提供高速 Wi‑Fi 及 24 小时热水。	C116
6752	柏栎国际酒店	地址：敦化迎宾大道364号（大石头南）。联系电话：035-41495218。酒店内有健身房和洗衣房，住客免费使用。含自助早餐，菜品丰富。可手机自助入住，无接触开门。周边 500 米内即是商场与美食街。	C116
6753	锦江国际酒店	地址：当涂县朝阳街197号（当涂东）。联系电话：025-73802410 / 189-38140303。周边 500 米内即是商场与美食街。前台多语言服务，支持行李寄存。可手机自助入住，无接触开门。距车站步行 5 分钟，交通便利。	C301
6754	枫叶精品酒店	地址：当涂县建设路378号（当涂东）。联系电话：183-62449556。客房配备记忆棉床垫，保证舒适睡眠。可手机自助入住，无接触开门。前台多语言服务，支持行李寄存。距车站步行 5 分钟，交通便利。	C301
6755	柏栎度假酒店	地址：大通回族土族自治县中心路271号（大通西）。联系电话：193-98896690。酒店内有健身房和洗衣房，住客免费使用。含自助早餐，菜品丰富。周边 500 米内即是商场与美食街。可手机自助入住，无接触开门。	C245
6756	碧桂大酒店	地址：大通回族土族自治县迎宾大道164号（大通西）。联系电话：157-68816609。含自助早餐，菜品丰富。部分房型可俯瞰城市天际线。	C245
6757	丽枫精品酒店	地址：大通回族土族自治县迎宾大道20号（大通西）。联系电话：138-30501476 / 050-63555315。部分房型可俯瞰城市天际线。设有地下停车场与充电桩。周边 500 米内即是商场与美食街。提供高速 Wi‑Fi 及 24 小时热水。	C245
6758	沐兰宾馆	地址：四会中心路252号（大旺）。联系电话：024-69717155。可手机自助入住，无接触开门。含自助早餐，菜品丰富。	C228
6759	柏栎酒店	地址：四会和平路117号（大旺）。联系电话：054-84681412 / 047-26558187。可手机自助入住，无接触开门。前台多语言服务，支持行李寄存。	C228
6760	星程国际酒店	地址：四会建设路233号（大旺）。联系电话：024-29392869 / 026-52022610。距车站步行 5 分钟，交通便利。前台多语言服务，支持行李寄存。设有地下停车场与充电桩。周边 500 米内即是商场与美食街。	C228
6761	星程精品酒店	地址：定西迎宾大道337号（定西北）。联系电话：137-43459326 / 138-62978170。含自助早餐，菜品丰富。客房配备记忆棉床垫，保证舒适睡眠。提供高速 Wi‑Fi 及 24 小时热水。	C093
6762	月光国际酒店	地址：定西人民大道6号（定西北）。联系电话：138-44518023 / 016-58080908。前台多语言服务，支持行李寄存。距车站步行 5 分钟，交通便利。	C093
6763	悦榕宾馆	地址：定西人民大道191号（定西北）。联系电话：045-45623182。可手机自助入住，无接触开门。客房配备记忆棉床垫，保证舒适睡眠。设有地下停车场与充电桩。	C093
6764	雅致酒店	地址：定西中心路365号（定西北）。联系电话：043-42949079 / 156-58577687。周边 500 米内即是商场与美食街。距车站步行 5 分钟，交通便利。前台多语言服务，支持行李寄存。部分房型可俯瞰城市天际线。	C093
6765	丽枫国际酒店	地址：德兴建设路174号（德兴东）。联系电话：189-19397367 / 183-80034284。前台多语言服务，支持行李寄存。客房配备记忆棉床垫，保证舒适睡眠。含自助早餐，菜品丰富。可手机自助入住，无接触开门。	C006
6766	雅致精品酒店	地址：德兴和平路304号（德兴东）。联系电话：132-56054355 / 020-41871149。前台多语言服务，支持行李寄存。距车站步行 5 分钟，交通便利。含自助早餐，菜品丰富。部分房型可俯瞰城市天际线。	C006
6767	云栖宾馆	地址：德兴朝阳街337号（德兴东）。联系电话：198-96445182 / 028-25241451。提供高速 Wi‑Fi 及 24 小时热水。可手机自助入住，无接触开门。	C006
6768	柏曼度假酒店	地址：德兴解放路100号（德兴）。联系电话：183-95874309 / 038-28422998。提供高速 Wi‑Fi 及 24 小时热水。设有地下停车场与充电桩。前台多语言服务，支持行李寄存。部分房型可俯瞰城市天际线。	C006
6769	碧桂精品酒店	地址：德兴建设路110号（德兴）。联系电话：044-32519791。酒店内有健身房和洗衣房，住客免费使用。部分房型可俯瞰城市天际线。含自助早餐，菜品丰富。距车站步行 5 分钟，交通便利。	C006
6770	丽枫国际酒店	地址：德兴朝阳街6号（德兴）。联系电话：056-86069365。可手机自助入住，无接触开门。提供高速 Wi‑Fi 及 24 小时热水。部分房型可俯瞰城市天际线。	C006
6771	星程度假酒店	地址：德兴朝阳街258号（德兴）。联系电话：196-23165354。部分房型可俯瞰城市天际线。设有地下停车场与充电桩。距车站步行 5 分钟，交通便利。	C006
6772	锦江大酒店	地址：仁化县朝阳街338号（丹霞山）。联系电话：036-60051210。部分房型可俯瞰城市天际线。前台多语言服务，支持行李寄存。	C299
6773	星程酒店	地址：仁化县建设路311号（丹霞山）。联系电话：185-64383325 / 048-51487004。提供高速 Wi‑Fi 及 24 小时热水。周边 500 米内即是商场与美食街。部分房型可俯瞰城市天际线。	C299
6774	梅园大酒店	地址：仁化县解放路25号（丹霞山）。联系电话：134-38362213。客房配备记忆棉床垫，保证舒适睡眠。前台多语言服务，支持行李寄存。酒店内有健身房和洗衣房，住客免费使用。部分房型可俯瞰城市天际线。	C299
6775	星程国际酒店	地址：仁化县和平路154号（丹霞山）。联系电话：011-72208776 / 037-21841385。含自助早餐，菜品丰富。距车站步行 5 分钟，交通便利。周边 500 米内即是商场与美食街。	C299
6776	枫叶度假酒店	地址：本溪满族自治县迎宾大道397号（大阳）。联系电话：157-22356581。部分房型可俯瞰城市天际线。含自助早餐，菜品丰富。	C151
6777	璞丽精品酒店	地址：本溪满族自治县朝阳街120号（大阳）。联系电话：033-37960631 / 048-43116836。距车站步行 5 分钟，交通便利。部分房型可俯瞰城市天际线。	C151
6778	云栖精品酒店	地址：本溪满族自治县迎宾大道171号（大阳）。联系电话：136-58035209 / 010-51797826。设有地下停车场与充电桩。可手机自助入住，无接触开门。周边 500 米内即是商场与美食街。	C151
6779	锦江精品酒店	地址：大冶朝阳街304号（大冶北）。联系电话：038-83064417。周边 500 米内即是商场与美食街。客房配备记忆棉床垫，保证舒适睡眠。提供高速 Wi‑Fi 及 24 小时热水。前台多语言服务，支持行李寄存。	C309
6780	璞丽精品酒店	地址：大冶中心路326号（大冶北）。联系电话：042-59589324。含自助早餐，菜品丰富。酒店内有健身房和洗衣房，住客免费使用。设有地下停车场与充电桩。	C309
6781	丽枫度假酒店	地址：大冶和平路281号（大冶北）。联系电话：028-30494409 / 185-14737561。距车站步行 5 分钟，交通便利。酒店内有健身房和洗衣房，住客免费使用。周边 500 米内即是商场与美食街。	C309
6782	碧桂宾馆	地址：大冶建设路64号（大冶北）。联系电话：135-28728874。距车站步行 5 分钟，交通便利。设有地下停车场与充电桩。	C309
6783	璞丽大酒店	地址：都匀和平路301号（都匀东）。联系电话：020-81954746 / 194-15472699。酒店内有健身房和洗衣房，住客免费使用。客房配备记忆棉床垫，保证舒适睡眠。周边 500 米内即是商场与美食街。	C312
6784	星程大酒店	地址：都匀中心路299号（都匀东）。联系电话：156-81514950 / 194-42727345。周边 500 米内即是商场与美食街。设有地下停车场与充电桩。部分房型可俯瞰城市天际线。	C312
6785	悦榕酒店	地址：都匀解放路342号（都匀东）。联系电话：049-39811802 / 049-32857005。客房配备记忆棉床垫，保证舒适睡眠。可手机自助入住，无接触开门。部分房型可俯瞰城市天际线。	C312
6786	雅致大酒店	地址：都匀建设路291号（都匀东）。联系电话：038-53659870 / 055-72921194。部分房型可俯瞰城市天际线。前台多语言服务，支持行李寄存。酒店内有健身房和洗衣房，住客免费使用。	C312
6787	碧桂精品酒店	地址：大邑县人民大道38号（大邑）。联系电话：031-56070883 / 157-66056056。客房配备记忆棉床垫，保证舒适睡眠。可手机自助入住，无接触开门。	C128
6788	碧桂大酒店	地址：大邑县人民大道64号（大邑）。联系电话：025-33120393。客房配备记忆棉床垫，保证舒适睡眠。酒店内有健身房和洗衣房，住客免费使用。	C128
6789	丽枫宾馆	地址：东营朝阳街11号（东营南）。联系电话：139-56956555 / 132-15190957。提供高速 Wi‑Fi 及 24 小时热水。设有地下停车场与充电桩。客房配备记忆棉床垫，保证舒适睡眠。	C008
6790	柏曼精品酒店	地址：东营中心路248号（东营南）。联系电话：014-72381119。酒店内有健身房和洗衣房，住客免费使用。前台多语言服务，支持行李寄存。周边 500 米内即是商场与美食街。含自助早餐，菜品丰富。	C008
6791	云栖宾馆	地址：大余县朝阳街353号（大余）。联系电话：043-65946055 / 180-64819830。提供高速 Wi‑Fi 及 24 小时热水。部分房型可俯瞰城市天际线。酒店内有健身房和洗衣房，住客免费使用。	C252
6792	锦江宾馆	地址：大余县建设路357号（大余）。联系电话：181-85519017。周边 500 米内即是商场与美食街。可手机自助入住，无接触开门。含自助早餐，菜品丰富。设有地下停车场与充电桩。	C252
6793	星程精品酒店	地址：大余县人民大道296号（大余）。联系电话：050-20857355。距车站步行 5 分钟，交通便利。部分房型可俯瞰城市天际线。前台多语言服务，支持行李寄存。	C252
6794	花筑精品酒店	地址：大余县和平路128号（大余）。联系电话：030-65207690 / 030-21615071。客房配备记忆棉床垫，保证舒适睡眠。周边 500 米内即是商场与美食街。	C252
6795	云栖国际酒店	地址：定州朝阳街132号（定州东）。联系电话：051-48744085 / 134-85180402。周边 500 米内即是商场与美食街。距车站步行 5 分钟，交通便利。提供高速 Wi‑Fi 及 24 小时热水。前台多语言服务，支持行李寄存。	C027
6796	璞丽精品酒店	地址：定州人民大道119号（定州东）。联系电话：189-99963958 / 011-64880784。含自助早餐，菜品丰富。可手机自助入住，无接触开门。	C027
6797	枫叶大酒店	地址：定州中心路274号（定州东）。联系电话：013-86174415。前台多语言服务，支持行李寄存。距车站步行 5 分钟，交通便利。设有地下停车场与充电桩。	C027
6798	桔子酒店	地址：肇庆迎宾大道390号（端州）。联系电话：012-59825524。部分房型可俯瞰城市天际线。提供高速 Wi‑Fi 及 24 小时热水。	C228
6799	丽枫度假酒店	地址：肇庆解放路321号（端州）。联系电话：183-45639553。含自助早餐，菜品丰富。距车站步行 5 分钟，交通便利。周边 500 米内即是商场与美食街。设有地下停车场与充电桩。	C228
6800	雅致酒店	地址：重庆迎宾大道336号（大足南）。联系电话：194-48733826 / 029-67096186。周边 500 米内即是商场与美食街。距车站步行 5 分钟，交通便利。部分房型可俯瞰城市天际线。	C272
6801	花筑度假酒店	地址：重庆解放路318号（大足南）。联系电话：040-77143366。前台多语言服务，支持行李寄存。提供高速 Wi‑Fi 及 24 小时热水。	C272
6802	星程国际酒店	地址：重庆朝阳街251号（大足南）。联系电话：154-65919232。可手机自助入住，无接触开门。周边 500 米内即是商场与美食街。部分房型可俯瞰城市天际线。	C272
6803	柏栎精品酒店	地址：重庆迎宾大道7号（大足南）。联系电话：196-15612070。设有地下停车场与充电桩。含自助早餐，菜品丰富。	C272
6804	柏栎精品酒店	地址：额敏县中心路211号（额敏）。联系电话：151-44757029 / 017-34569002。周边 500 米内即是商场与美食街。含自助早餐，菜品丰富。提供高速 Wi‑Fi 及 24 小时热水。酒店内有健身房和洗衣房，住客免费使用。	C075
6805	雅致精品酒店	地址：额敏县中心路259号（额敏）。联系电话：052-35245500 / 195-12076021。客房配备记忆棉床垫，保证舒适睡眠。周边 500 米内即是商场与美食街。	C075
6806	柏曼度假酒店	地址：峨眉山建设路304号（峨眉山）。联系电话：139-71857114。部分房型可俯瞰城市天际线。距车站步行 5 分钟，交通便利。	C019
6807	丽枫精品酒店	地址：峨眉山建设路378号（峨眉山）。联系电话：057-35317938 / 048-32330609。含自助早餐，菜品丰富。距车站步行 5 分钟，交通便利。可手机自助入住，无接触开门。提供高速 Wi‑Fi 及 24 小时热水。	C019
6808	沐兰精品酒店	地址：峨眉山人民大道251号（峨眉山）。联系电话：135-53207222。含自助早餐，菜品丰富。提供高速 Wi‑Fi 及 24 小时热水。客房配备记忆棉床垫，保证舒适睡眠。部分房型可俯瞰城市天际线。	C019
6809	星程大酒店	地址：西安人民大道348号（阿房宫）。联系电话：130-53294251。前台多语言服务，支持行李寄存。含自助早餐，菜品丰富。客房配备记忆棉床垫，保证舒适睡眠。	C246
6810	柏曼宾馆	地址：西安中心路239号（阿房宫）。联系电话：010-37335748。客房配备记忆棉床垫，保证舒适睡眠。含自助早餐，菜品丰富。	C246
6811	柏栎酒店	地址：西安建设路109号（阿房宫）。联系电话：041-70746171。周边 500 米内即是商场与美食街。设有地下停车场与充电桩。部分房型可俯瞰城市天际线。	C246
6812	楠舍大酒店	地址：西安和平路69号（阿房宫）。联系电话：139-93654277。设有地下停车场与充电桩。前台多语言服务，支持行李寄存。部分房型可俯瞰城市天际线。客房配备记忆棉床垫，保证舒适睡眠。	C246
6813	月光大酒店	地址：鄂州中心路113号（鄂州东）。联系电话：058-67369758 / 035-36669338。周边 500 米内即是商场与美食街。酒店内有健身房和洗衣房，住客免费使用。	C270
6814	云栖酒店	地址：鄂州中心路147号（鄂州东）。联系电话：153-24638793 / 138-80652610。部分房型可俯瞰城市天际线。距车站步行 5 分钟，交通便利。	C270
6815	花筑度假酒店	地址：防城港建设路367号（防城港北）。联系电话：152-59378791。客房配备记忆棉床垫，保证舒适睡眠。前台多语言服务，支持行李寄存。提供高速 Wi‑Fi 及 24 小时热水。	C288
6816	碧桂大酒店	地址：防城港和平路102号（防城港北）。联系电话：194-12154291 / 133-96988425。设有地下停车场与充电桩。部分房型可俯瞰城市天际线。	C288
6817	丽枫大酒店	地址：凤城人民大道37号（凤城东）。联系电话：045-37887152 / 028-37962619。周边 500 米内即是商场与美食街。提供高速 Wi‑Fi 及 24 小时热水。含自助早餐，菜品丰富。部分房型可俯瞰城市天际线。	C013
6818	星程宾馆	地址：凤城朝阳街350号（凤城东）。联系电话：192-84726325 / 020-77391130。距车站步行 5 分钟，交通便利。前台多语言服务，支持行李寄存。提供高速 Wi‑Fi 及 24 小时热水。含自助早餐，菜品丰富。	C013
6819	枫叶度假酒店	地址：凤城人民大道350号（凤城东）。联系电话：027-60889802。前台多语言服务，支持行李寄存。周边 500 米内即是商场与美食街。	C013
6820	碧桂大酒店	地址：凤城朝阳街283号（凤城东）。联系电话：028-44416909。酒店内有健身房和洗衣房，住客免费使用。提供高速 Wi‑Fi 及 24 小时热水。客房配备记忆棉床垫，保证舒适睡眠。	C013
6821	丽枫宾馆	地址：富川瑶族自治县迎宾大道260号（富川）。联系电话：137-40559090 / 150-32521560。含自助早餐，菜品丰富。距车站步行 5 分钟，交通便利。	C250
6822	枫叶精品酒店	地址：富川瑶族自治县解放路142号（富川）。联系电话：184-60259335。提供高速 Wi‑Fi 及 24 小时热水。客房配备记忆棉床垫，保证舒适睡眠。周边 500 米内即是商场与美食街。前台多语言服务，支持行李寄存。	C250
6823	雅致度假酒店	地址：富川瑶族自治县解放路113号（富川）。联系电话：187-99037743 / 018-66038671。酒店内有健身房和洗衣房，住客免费使用。可手机自助入住，无接触开门。客房配备记忆棉床垫，保证舒适睡眠。	C250
6824	梅园酒店	地址：富川瑶族自治县迎宾大道169号（富川）。联系电话：036-61648585 / 050-49103649。设有地下停车场与充电桩。部分房型可俯瞰城市天际线。提供高速 Wi‑Fi 及 24 小时热水。	C250
6825	碧桂大酒店	地址：繁昌县中心路174号（繁昌西）。联系电话：036-34387343。周边 500 米内即是商场与美食街。可手机自助入住，无接触开门。部分房型可俯瞰城市天际线。	C230
6826	月光度假酒店	地址：繁昌县朝阳街35号（繁昌西）。联系电话：030-31946351。可手机自助入住，无接触开门。酒店内有健身房和洗衣房，住客免费使用。前台多语言服务，支持行李寄存。提供高速 Wi‑Fi 及 24 小时热水。	C230
6827	枫叶国际酒店	地址：繁昌县人民大道148号（繁昌西）。联系电话：186-77084875。酒店内有健身房和洗衣房，住客免费使用。可手机自助入住，无接触开门。含自助早餐，菜品丰富。设有地下停车场与充电桩。	C230
6828	花筑宾馆	地址：繁昌县迎宾大道273号（繁昌西）。联系电话：159-65153160。客房配备记忆棉床垫，保证舒适睡眠。前台多语言服务，支持行李寄存。含自助早餐，菜品丰富。部分房型可俯瞰城市天际线。	C230
6829	枫叶酒店	地址：丰都县人民大道208号（丰都）。联系电话：136-53038678。含自助早餐，菜品丰富。可手机自助入住，无接触开门。距车站步行 5 分钟，交通便利。	C272
6830	云栖国际酒店	地址：丰都县解放路283号（丰都）。联系电话：010-72930674 / 196-27528117。含自助早餐，菜品丰富。提供高速 Wi‑Fi 及 24 小时热水。	C272
6831	星程宾馆	地址：丰都县迎宾大道28号（丰都）。联系电话：030-83371861 / 011-44669688。客房配备记忆棉床垫，保证舒适睡眠。前台多语言服务，支持行李寄存。距车站步行 5 分钟，交通便利。设有地下停车场与充电桩。	C272
6832	锦江大酒店	地址：丰都县人民大道215号（丰都）。联系电话：181-31266671 / 012-29137970。含自助早餐，菜品丰富。酒店内有健身房和洗衣房，住客免费使用。前台多语言服务，支持行李寄存。	C272
6833	枫叶国际酒店	地址：重庆解放路310号（涪陵北）。联系电话：151-13539452。部分房型可俯瞰城市天际线。距车站步行 5 分钟，交通便利。可手机自助入住，无接触开门。客房配备记忆棉床垫，保证舒适睡眠。	C272
6834	月光国际酒店	地址：重庆人民大道362号（涪陵北）。联系电话：019-37795819。设有地下停车场与充电桩。客房配备记忆棉床垫，保证舒适睡眠。部分房型可俯瞰城市天际线。	C272
6835	碧桂酒店	地址：重庆人民大道335号（涪陵北）。联系电话：044-85994688 / 187-86595909。前台多语言服务，支持行李寄存。酒店内有健身房和洗衣房，住客免费使用。	C272
6836	梅园度假酒店	地址：重庆建设路98号（涪陵北）。联系电话：157-12491118 / 058-60385829。前台多语言服务，支持行李寄存。可手机自助入住，无接触开门。含自助早餐，菜品丰富。距车站步行 5 分钟，交通便利。	C272
6837	碧桂度假酒店	地址：阳新县迎宾大道104号（枫林）。联系电话：134-71799678 / 033-61910025。前台多语言服务，支持行李寄存。提供高速 Wi‑Fi 及 24 小时热水。	C309
6838	璞丽度假酒店	地址：阳新县中心路38号（枫林）。联系电话：057-44424267 / 155-71140221。含自助早餐，菜品丰富。客房配备记忆棉床垫，保证舒适睡眠。	C309
6839	碧桂国际酒店	地址：阳新县和平路308号（枫林）。联系电话：037-64458754。提供高速 Wi‑Fi 及 24 小时热水。酒店内有健身房和洗衣房，住客免费使用。可手机自助入住，无接触开门。	C309
6840	锦江宾馆	地址：阜宁县解放路268号（阜宁东）。联系电话：151-17176872 / 017-49956566。可手机自助入住，无接触开门。提供高速 Wi‑Fi 及 24 小时热水。距车站步行 5 分钟，交通便利。	C216
6841	桔子酒店	地址：阜宁县朝阳街347号（阜宁东）。联系电话：022-25789378 / 183-52968570。部分房型可俯瞰城市天际线。距车站步行 5 分钟，交通便利。前台多语言服务，支持行李寄存。	C216
6842	锦江精品酒店	地址：富宁县建设路82号（富宁）。联系电话：157-10231771 / 012-61270502。周边 500 米内即是商场与美食街。提供高速 Wi‑Fi 及 24 小时热水。含自助早餐，菜品丰富。前台多语言服务，支持行李寄存。	C136
6843	悦榕酒店	地址：富宁县和平路262号（富宁）。联系电话：153-92385825 / 181-32500053。客房配备记忆棉床垫，保证舒适睡眠。距车站步行 5 分钟，交通便利。周边 500 米内即是商场与美食街。设有地下停车场与充电桩。	C136
6844	璞丽国际酒店	地址：佛坪县和平路381号（佛坪）。联系电话：014-89947069 / 152-73634269。周边 500 米内即是商场与美食街。客房配备记忆棉床垫，保证舒适睡眠。含自助早餐，菜品丰富。前台多语言服务，支持行李寄存。	C167
6845	悦榕精品酒店	地址：佛坪县朝阳街284号（佛坪）。联系电话：152-42336004 / 045-73695170。前台多语言服务，支持行李寄存。设有地下停车场与充电桩。含自助早餐，菜品丰富。部分房型可俯瞰城市天际线。	C167
6846	星程宾馆	地址：大方县人民大道122号（法启）。联系电话：154-85374448 / 198-16463600。周边 500 米内即是商场与美食街。酒店内有健身房和洗衣房，住客免费使用。部分房型可俯瞰城市天际线。前台多语言服务，支持行李寄存。	C165
6847	锦江度假酒店	地址：大方县解放路149号（法启）。联系电话：047-73770271 / 028-65625273。前台多语言服务，支持行李寄存。客房配备记忆棉床垫，保证舒适睡眠。设有地下停车场与充电桩。	C165
6848	枫叶宾馆	地址：大方县朝阳街168号（法启）。联系电话：153-82015134 / 153-57075313。设有地下停车场与充电桩。周边 500 米内即是商场与美食街。提供高速 Wi‑Fi 及 24 小时热水。部分房型可俯瞰城市天际线。	C165
6849	锦江精品酒店	地址：长沙朝阳街282号（芙蓉南）。联系电话：133-15216000 / 187-57113034。部分房型可俯瞰城市天际线。周边 500 米内即是商场与美食街。客房配备记忆棉床垫，保证舒适睡眠。	C284
6850	楠舍度假酒店	地址：长沙人民大道249号（芙蓉南）。联系电话：012-84235620 / 037-71557615。前台多语言服务，支持行李寄存。提供高速 Wi‑Fi 及 24 小时热水。	C284
6851	丽枫国际酒店	地址：重庆朝阳街385号（复盛）。联系电话：028-35106482 / 025-85958899。提供高速 Wi‑Fi 及 24 小时热水。酒店内有健身房和洗衣房，住客免费使用。	C272
6852	碧桂酒店	地址：重庆中心路161号（复盛）。联系电话：014-76098493 / 045-49798715。含自助早餐，菜品丰富。前台多语言服务，支持行李寄存。周边 500 米内即是商场与美食街。可手机自助入住，无接触开门。	C272
6853	沐兰酒店	地址：抚松县迎宾大道74号（抚松）。联系电话：024-38042612。周边 500 米内即是商场与美食街。含自助早餐，菜品丰富。前台多语言服务，支持行李寄存。提供高速 Wi‑Fi 及 24 小时热水。	C212
6854	楠舍大酒店	地址：抚松县人民大道63号（抚松）。联系电话：057-44803573。前台多语言服务，支持行李寄存。提供高速 Wi‑Fi 及 24 小时热水。周边 500 米内即是商场与美食街。设有地下停车场与充电桩。	C212
6855	楠舍度假酒店	地址：抚松县人民大道186号（抚松）。联系电话：044-54075700 / 190-87682133。距车站步行 5 分钟，交通便利。酒店内有健身房和洗衣房，住客免费使用。可手机自助入住，无接触开门。	C212
6856	梅园宾馆	地址：佛山中心路378号（佛山西）。联系电话：154-88092093 / 156-18016015。客房配备记忆棉床垫，保证舒适睡眠。设有地下停车场与充电桩。前台多语言服务，支持行李寄存。	C025
6857	星程国际酒店	地址：佛山和平路308号（佛山西）。联系电话：180-33430569。含自助早餐，菜品丰富。客房配备记忆棉床垫，保证舒适睡眠。	C025
6858	璞丽国际酒店	地址：澄迈县中心路388号（福山镇）。联系电话：011-50271887 / 184-33139599。设有地下停车场与充电桩。提供高速 Wi‑Fi 及 24 小时热水。部分房型可俯瞰城市天际线。客房配备记忆棉床垫，保证舒适睡眠。	C319
6859	璞丽国际酒店	地址：澄迈县解放路163号（福山镇）。联系电话：135-24231471。酒店内有健身房和洗衣房，住客免费使用。设有地下停车场与充电桩。部分房型可俯瞰城市天际线。	C319
6860	星程精品酒店	地址：深圳和平路362号（福田）。联系电话：025-89262021 / 134-56713201。设有地下停车场与充电桩。距车站步行 5 分钟，交通便利。提供高速 Wi‑Fi 及 24 小时热水。	C190
6861	月光大酒店	地址：深圳人民大道176号（福田）。联系电话：188-46530146 / 030-31144015。可手机自助入住，无接触开门。前台多语言服务，支持行李寄存。含自助早餐，菜品丰富。	C190
6862	云栖宾馆	地址：阜新建设路325号（阜新）。联系电话：032-34062086 / 192-71628261。提供高速 Wi‑Fi 及 24 小时热水。客房配备记忆棉床垫，保证舒适睡眠。	C286
6863	楠舍酒店	地址：阜新建设路258号（阜新）。联系电话：043-81644374。含自助早餐，菜品丰富。距车站步行 5 分钟，交通便利。提供高速 Wi‑Fi 及 24 小时热水。	C286
6864	碧桂宾馆	地址：阜新朝阳街13号（阜新）。联系电话：037-34110927 / 026-34571770。部分房型可俯瞰城市天际线。酒店内有健身房和洗衣房，住客免费使用。距车站步行 5 分钟，交通便利。提供高速 Wi‑Fi 及 24 小时热水。	C286
6865	柏栎酒店	地址：杭州中心路74号（富阳）。联系电话：136-42780793 / 159-41862912。含自助早餐，菜品丰富。前台多语言服务，支持行李寄存。设有地下停车场与充电桩。	C153
6866	楠舍酒店	地址：杭州迎宾大道188号（富阳）。联系电话：187-85644007。距车站步行 5 分钟，交通便利。设有地下停车场与充电桩。前台多语言服务，支持行李寄存。	C153
6867	星程酒店	地址：杭州人民大道288号（富阳）。联系电话：181-62264858。前台多语言服务，支持行李寄存。部分房型可俯瞰城市天际线。距车站步行 5 分钟，交通便利。酒店内有健身房和洗衣房，住客免费使用。	C153
6868	悦榕国际酒店	地址：杭州迎宾大道233号（富阳）。联系电话：188-24589150 / 136-92562799。酒店内有健身房和洗衣房，住客免费使用。客房配备记忆棉床垫，保证舒适睡眠。前台多语言服务，支持行李寄存。	C153
6869	桔子度假酒店	地址：富源县迎宾大道177号（富源北）。联系电话：130-88382046。客房配备记忆棉床垫，保证舒适睡眠。可手机自助入住，无接触开门。提供高速 Wi‑Fi 及 24 小时热水。部分房型可俯瞰城市天际线。	C148
6870	花筑酒店	地址：富源县建设路30号（富源北）。联系电话：192-19963409。距车站步行 5 分钟，交通便利。提供高速 Wi‑Fi 及 24 小时热水。周边 500 米内即是商场与美食街。部分房型可俯瞰城市天际线。	C148
6871	月光宾馆	地址：富源县解放路28号（富源北）。联系电话：018-80392043。酒店内有健身房和洗衣房，住客免费使用。含自助早餐，菜品丰富。前台多语言服务，支持行李寄存。	C148
6872	碧桂国际酒店	地址：富源县迎宾大道381号（富源北）。联系电话：040-67072907 / 134-55062827。前台多语言服务，支持行李寄存。提供高速 Wi‑Fi 及 24 小时热水。设有地下停车场与充电桩。	C148
6873	枫叶度假酒店	地址：抚远建设路40号（抚远）。联系电话：016-67987127。可手机自助入住，无接触开门。提供高速 Wi‑Fi 及 24 小时热水。	C026
6874	锦江精品酒店	地址：抚远建设路232号（抚远）。联系电话：057-72850390 / 183-99371746。前台多语言服务，支持行李寄存。周边 500 米内即是商场与美食街。客房配备记忆棉床垫，保证舒适睡眠。距车站步行 5 分钟，交通便利。	C026
6875	星程精品酒店	地址：抚远人民大道329号（抚远）。联系电话：052-23376231。设有地下停车场与充电桩。前台多语言服务，支持行李寄存。	C026
6876	丽枫度假酒店	地址：抚州人民大道155号（抚州东）。联系电话：028-66979947。周边 500 米内即是商场与美食街。客房配备记忆棉床垫，保证舒适睡眠。含自助早餐，菜品丰富。	C131
6877	璞丽度假酒店	地址：抚州中心路160号（抚州东）。联系电话：055-40001521。前台多语言服务，支持行李寄存。部分房型可俯瞰城市天际线。	C131
6878	柏曼酒店	地址：抚州人民大道225号（抚州东）。联系电话：136-34549955。提供高速 Wi‑Fi 及 24 小时热水。前台多语言服务，支持行李寄存。周边 500 米内即是商场与美食街。	C131
6879	枫叶酒店	地址：抚州迎宾大道138号（抚州）。联系电话：134-12457144 / 011-25024671。含自助早餐，菜品丰富。设有地下停车场与充电桩。周边 500 米内即是商场与美食街。	C131
6880	楠舍大酒店	地址：抚州中心路39号（抚州）。联系电话：193-52781669 / 195-30819658。客房配备记忆棉床垫，保证舒适睡眠。提供高速 Wi‑Fi 及 24 小时热水。距车站步行 5 分钟，交通便利。周边 500 米内即是商场与美食街。	C131
6881	柏栎国际酒店	地址：方正县迎宾大道176号（方正）。联系电话：133-29614971。周边 500 米内即是商场与美食街。可手机自助入住，无接触开门。部分房型可俯瞰城市天际线。	C066
6882	柏曼大酒店	地址：方正县解放路353号（方正）。联系电话：139-37871303 / 155-53951955。含自助早餐，菜品丰富。前台多语言服务，支持行李寄存。可手机自助入住，无接触开门。	C066
6883	悦榕精品酒店	地址：高安迎宾大道192号（高安）。联系电话：056-36939646 / 192-85096031。酒店内有健身房和洗衣房，住客免费使用。前台多语言服务，支持行李寄存。	C096
6884	璞丽宾馆	地址：高安中心路149号（高安）。联系电话：137-99864793。含自助早餐，菜品丰富。可手机自助入住，无接触开门。	C096
6885	碧桂酒店	地址：高安解放路333号（高安）。联系电话：137-94579558。客房配备记忆棉床垫，保证舒适睡眠。部分房型可俯瞰城市天际线。设有地下停车场与充电桩。可手机自助入住，无接触开门。	C096
6886	柏曼国际酒店	地址：高安人民大道167号（高安）。联系电话：053-38288247。客房配备记忆棉床垫，保证舒适睡眠。周边 500 米内即是商场与美食街。	C096
6887	沐兰宾馆	地址：广安和平路274号（广安南）。联系电话：039-59371415 / 186-51487872。提供高速 Wi‑Fi 及 24 小时热水。设有地下停车场与充电桩。酒店内有健身房和洗衣房，住客免费使用。可手机自助入住，无接触开门。	C111
6888	柏曼国际酒店	地址：广安建设路11号（广安南）。联系电话：018-25732645。周边 500 米内即是商场与美食街。距车站步行 5 分钟，交通便利。前台多语言服务，支持行李寄存。部分房型可俯瞰城市天际线。	C111
6889	花筑酒店	地址：广安人民大道279号（广安南）。联系电话：159-98973078。提供高速 Wi‑Fi 及 24 小时热水。周边 500 米内即是商场与美食街。	C111
6890	碧桂宾馆	地址：贵阳和平路168号（贵安）。联系电话：155-31871220。可手机自助入住，无接触开门。前台多语言服务，支持行李寄存。酒店内有健身房和洗衣房，住客免费使用。	C249
6891	月光国际酒店	地址：贵阳建设路363号（贵安）。联系电话：193-44089694 / 158-31868684。距车站步行 5 分钟，交通便利。部分房型可俯瞰城市天际线。	C249
6892	云栖酒店	地址：贵阳建设路54号（贵安）。联系电话：026-87328750 / 188-87343524。设有地下停车场与充电桩。酒店内有健身房和洗衣房，住客免费使用。	C249
6893	枫叶精品酒店	地址：贵阳建设路254号（贵安）。联系电话：153-28671731 / 028-74027488。客房配备记忆棉床垫，保证舒适睡眠。部分房型可俯瞰城市天际线。酒店内有健身房和洗衣房，住客免费使用。距车站步行 5 分钟，交通便利。	C249
6894	柏曼酒店	地址：高碑店迎宾大道33号（高碑店东）。联系电话：035-88485171。含自助早餐，菜品丰富。部分房型可俯瞰城市天际线。客房配备记忆棉床垫，保证舒适睡眠。酒店内有健身房和洗衣房，住客免费使用。	C027
6895	碧桂宾馆	地址：高碑店迎宾大道305号（高碑店东）。联系电话：030-38653655。设有地下停车场与充电桩。提供高速 Wi‑Fi 及 24 小时热水。	C027
6896	楠舍国际酒店	地址：高碑店解放路53号（高碑店东）。联系电话：044-78165400 / 026-33474565。可手机自助入住，无接触开门。前台多语言服务，支持行李寄存。周边 500 米内即是商场与美食街。距车站步行 5 分钟，交通便利。	C027
6897	枫叶大酒店	地址：高碑店解放路37号（高碑店东）。联系电话：019-73785691。含自助早餐，菜品丰富。可手机自助入住，无接触开门。部分房型可俯瞰城市天际线。提供高速 Wi‑Fi 及 24 小时热水。	C027
6898	柏栎大酒店	地址：北京建设路180号（古北口）。联系电话：038-47937280。酒店内有健身房和洗衣房，住客免费使用。距车站步行 5 分钟，交通便利。提供高速 Wi‑Fi 及 24 小时热水。	C039
6899	沐兰度假酒店	地址：北京建设路137号（古北口）。联系电话：015-29052359 / 153-35583847。酒店内有健身房和洗衣房，住客免费使用。前台多语言服务，支持行李寄存。距车站步行 5 分钟，交通便利。客房配备记忆棉床垫，保证舒适睡眠。	C039
6900	锦江精品酒店	地址：恭城瑶族自治县解放路346号（恭城）。联系电话：037-63034815。酒店内有健身房和洗衣房，住客免费使用。距车站步行 5 分钟，交通便利。	C158
6901	锦江大酒店	地址：恭城瑶族自治县解放路145号（恭城）。联系电话：058-52905454 / 045-87366641。设有地下停车场与充电桩。可手机自助入住，无接触开门。含自助早餐，菜品丰富。	C158
6902	星程精品酒店	地址：恭城瑶族自治县解放路275号（恭城）。联系电话：194-20729274 / 027-84206613。提供高速 Wi‑Fi 及 24 小时热水。可手机自助入住，无接触开门。	C158
6903	沐兰度假酒店	地址：石家庄解放路63号（藁城南）。联系电话：194-66726829。周边 500 米内即是商场与美食街。部分房型可俯瞰城市天际线。	C220
6904	花筑度假酒店	地址：石家庄和平路21号（藁城南）。联系电话：029-30453212。距车站步行 5 分钟，交通便利。酒店内有健身房和洗衣房，住客免费使用。设有地下停车场与充电桩。	C220
6905	悦榕度假酒店	地址：石家庄人民大道58号（藁城南）。联系电话：050-45772536。客房配备记忆棉床垫，保证舒适睡眠。含自助早餐，菜品丰富。周边 500 米内即是商场与美食街。距车站步行 5 分钟，交通便利。	C220
6906	楠舍度假酒店	地址：贵定县建设路83号（贵定北）。联系电话：028-48775492 / 156-97978262。含自助早餐，菜品丰富。设有地下停车场与充电桩。	C312
6907	云栖大酒店	地址：贵定县中心路164号（贵定北）。联系电话：036-84139242 / 137-66431277。部分房型可俯瞰城市天际线。周边 500 米内即是商场与美食街。设有地下停车场与充电桩。	C312
6908	花筑宾馆	地址：贵定县迎宾大道359号（贵定北）。联系电话：049-53753756。距车站步行 5 分钟，交通便利。周边 500 米内即是商场与美食街。	C312
6909	枫叶国际酒店	地址：鄂州朝阳街30号（葛店南）。联系电话：194-51399816 / 020-51718477。客房配备记忆棉床垫，保证舒适睡眠。周边 500 米内即是商场与美食街。	C270
6910	星程宾馆	地址：鄂州中心路339号（葛店南）。联系电话：022-62834517 / 183-73425366。客房配备记忆棉床垫，保证舒适睡眠。酒店内有健身房和洗衣房，住客免费使用。前台多语言服务，支持行李寄存。	C270
6911	月光精品酒店	地址：鄂州解放路315号（葛店南）。联系电话：050-44763522 / 189-61962090。提供高速 Wi‑Fi 及 24 小时热水。前台多语言服务，支持行李寄存。含自助早餐，菜品丰富。距车站步行 5 分钟，交通便利。	C270
6912	沐兰度假酒店	地址：鄂州朝阳街376号（葛店南）。联系电话：150-39471240 / 183-73121740。距车站步行 5 分钟，交通便利。前台多语言服务，支持行李寄存。	C270
6913	沐兰精品酒店	地址：贵定县和平路169号（贵定县）。联系电话：057-46996199。设有地下停车场与充电桩。部分房型可俯瞰城市天际线。前台多语言服务，支持行李寄存。酒店内有健身房和洗衣房，住客免费使用。	C312
6914	梅园精品酒店	地址：贵定县朝阳街137号（贵定县）。联系电话：135-48562803。提供高速 Wi‑Fi 及 24 小时热水。酒店内有健身房和洗衣房，住客免费使用。客房配备记忆棉床垫，保证舒适睡眠。	C312
6915	柏栎度假酒店	地址：广汉和平路121号（广汉北）。联系电话：136-80429510 / 155-79886823。周边 500 米内即是商场与美食街。设有地下停车场与充电桩。	C123
6916	梅园宾馆	地址：广汉和平路160号（广汉北）。联系电话：037-64363514。距车站步行 5 分钟，交通便利。周边 500 米内即是商场与美食街。设有地下停车场与充电桩。提供高速 Wi‑Fi 及 24 小时热水。	C123
6917	柏曼精品酒店	地址：广汉建设路51号（广汉北）。联系电话：056-48425645。周边 500 米内即是商场与美食街。部分房型可俯瞰城市天际线。	C123
6918	星程宾馆	地址：沈阳人民大道106号（高花）。联系电话：186-85746641。距车站步行 5 分钟，交通便利。提供高速 Wi‑Fi 及 24 小时热水。酒店内有健身房和洗衣房，住客免费使用。	C172
6919	楠舍精品酒店	地址：沈阳建设路274号（高花）。联系电话：139-84319753 / 029-47680751。设有地下停车场与充电桩。周边 500 米内即是商场与美食街。	C172
6920	柏曼酒店	地址：沈阳人民大道264号（高花）。联系电话：199-31435911。距车站步行 5 分钟，交通便利。可手机自助入住，无接触开门。	C172
6921	锦江宾馆	地址：兴义解放路324号（革居）。联系电话：185-99709839 / 192-57031673。含自助早餐，菜品丰富。距车站步行 5 分钟，交通便利。	C313
6922	桔子精品酒店	地址：兴义解放路251号（革居）。联系电话：194-21973044。酒店内有健身房和洗衣房，住客免费使用。周边 500 米内即是商场与美食街。	C313
6923	星程大酒店	地址：兴义人民大道189号（革居）。联系电话：188-68587727。可手机自助入住，无接触开门。距车站步行 5 分钟，交通便利。	C313
6924	丽枫大酒店	地址：方正县解放路395号（高楞）。联系电话：156-24349371 / 051-30584325。周边 500 米内即是商场与美食街。设有地下停车场与充电桩。	C066
6925	枫叶度假酒店	地址：方正县建设路208号（高楞）。联系电话：182-14929753 / 026-41127290。可手机自助入住，无接触开门。部分房型可俯瞰城市天际线。提供高速 Wi‑Fi 及 24 小时热水。前台多语言服务，支持行李寄存。	C066
6926	月光大酒店	地址：方正县人民大道24号（高楞）。联系电话：154-19356793 / 187-67938059。含自助早餐，菜品丰富。客房配备记忆棉床垫，保证舒适睡眠。可手机自助入住，无接触开门。	C066
6927	璞丽大酒店	地址：方正县人民大道225号（高楞）。联系电话：046-72128973 / 139-86614276。部分房型可俯瞰城市天际线。可手机自助入住，无接触开门。设有地下停车场与充电桩。周边 500 米内即是商场与美食街。	C066
6928	璞丽大酒店	地址：关岭布依族苗族自治县人民大道202号（关岭）。联系电话：058-70353279 / 138-22109314。距车站步行 5 分钟，交通便利。前台多语言服务，支持行李寄存。	C092
6929	楠舍国际酒店	地址：关岭布依族苗族自治县人民大道151号（关岭）。联系电话：042-55684015 / 193-99651293。前台多语言服务，支持行李寄存。客房配备记忆棉床垫，保证舒适睡眠。周边 500 米内即是商场与美食街。酒店内有健身房和洗衣房，住客免费使用。	C092
6930	云栖酒店	地址：关岭布依族苗族自治县人民大道133号（关岭）。联系电话：198-28340492 / 199-62094388。前台多语言服务，支持行李寄存。客房配备记忆棉床垫，保证舒适睡眠。提供高速 Wi‑Fi 及 24 小时热水。可手机自助入住，无接触开门。	C092
6931	枫叶酒店	地址：关岭布依族苗族自治县人民大道183号（关岭）。联系电话：051-40852626 / 031-25975675。距车站步行 5 分钟，交通便利。含自助早餐，菜品丰富。	C092
6932	楠舍国际酒店	地址：灵川县迎宾大道85号（桂林西）。联系电话：198-37354361 / 186-54493385。酒店内有健身房和洗衣房，住客免费使用。含自助早餐，菜品丰富。距车站步行 5 分钟，交通便利。	C158
6933	璞丽宾馆	地址：灵川县和平路229号（桂林西）。联系电话：156-44481270 / 015-50936325。酒店内有健身房和洗衣房，住客免费使用。含自助早餐，菜品丰富。	C158
6934	悦榕度假酒店	地址：高密解放路398号（高密北）。联系电话：019-88268173。前台多语言服务，支持行李寄存。可手机自助入住，无接触开门。提供高速 Wi‑Fi 及 24 小时热水。距车站步行 5 分钟，交通便利。	C202
6935	柏栎宾馆	地址：高密人民大道368号（高密北）。联系电话：032-86015333 / 059-36506082。可手机自助入住，无接触开门。设有地下停车场与充电桩。前台多语言服务，支持行李寄存。客房配备记忆棉床垫，保证舒适睡眠。	C202
6936	月光宾馆	地址：深圳解放路289号（光明城）。联系电话：191-71620955。客房配备记忆棉床垫，保证舒适睡眠。周边 500 米内即是商场与美食街。设有地下停车场与充电桩。前台多语言服务，支持行李寄存。	C190
6937	楠舍国际酒店	地址：深圳建设路271号（光明城）。联系电话：039-43517950。可手机自助入住，无接触开门。周边 500 米内即是商场与美食街。客房配备记忆棉床垫，保证舒适睡眠。距车站步行 5 分钟，交通便利。	C190
6938	楠舍大酒店	地址：深圳解放路47号（光明城）。联系电话：036-38592664 / 019-44399863。部分房型可俯瞰城市天际线。客房配备记忆棉床垫，保证舒适睡眠。	C190
6939	柏栎酒店	地址：深圳朝阳街91号（光明城）。联系电话：032-68514804。客房配备记忆棉床垫，保证舒适睡眠。可手机自助入住，无接触开门。	C190
6940	桔子国际酒店	地址：广宁县迎宾大道52号（广宁）。联系电话：036-35271464 / 046-50687674。酒店内有健身房和洗衣房，住客免费使用。可手机自助入住，无接触开门。	C228
6941	桔子精品酒店	地址：广宁县和平路181号（广宁）。联系电话：138-96849005 / 015-44589500。含自助早餐，菜品丰富。客房配备记忆棉床垫，保证舒适睡眠。提供高速 Wi‑Fi 及 24 小时热水。酒店内有健身房和洗衣房，住客免费使用。	C228
6942	桔子宾馆	地址：大连朝阳街254号（广宁寺）。联系电话：185-89710156 / 019-55879811。部分房型可俯瞰城市天际线。距车站步行 5 分钟，交通便利。酒店内有健身房和洗衣房，住客免费使用。提供高速 Wi‑Fi 及 24 小时热水。	C080
6943	柏栎宾馆	地址：大连解放路23号（广宁寺）。联系电话：195-62818837。酒店内有健身房和洗衣房，住客免费使用。前台多语言服务，支持行李寄存。	C080
6944	云栖度假酒店	地址：广南县和平路76号（广南县）。联系电话：037-22842553 / 157-34395412。可手机自助入住，无接触开门。酒店内有健身房和洗衣房，住客免费使用。	C136
6945	梅园国际酒店	地址：广南县中心路75号（广南县）。联系电话：054-85176078。可手机自助入住，无接触开门。客房配备记忆棉床垫，保证舒适睡眠。距车站步行 5 分钟，交通便利。酒店内有健身房和洗衣房，住客免费使用。	C136
6946	月光精品酒店	地址：广南县解放路49号（广南县）。联系电话：048-23684408 / 151-35993439。部分房型可俯瞰城市天际线。提供高速 Wi‑Fi 及 24 小时热水。可手机自助入住，无接触开门。	C136
6947	璞丽宾馆	地址：广南县和平路18号（广南县）。联系电话：028-80499866 / 012-78230183。可手机自助入住，无接触开门。客房配备记忆棉床垫，保证舒适睡眠。部分房型可俯瞰城市天际线。周边 500 米内即是商场与美食街。	C136
6948	丽枫酒店	地址：桂平人民大道372号（桂平）。联系电话：188-35011636。部分房型可俯瞰城市天际线。前台多语言服务，支持行李寄存。	C248
6949	丽枫酒店	地址：桂平和平路140号（桂平）。联系电话：192-77306743。提供高速 Wi‑Fi 及 24 小时热水。部分房型可俯瞰城市天际线。酒店内有健身房和洗衣房，住客免费使用。可手机自助入住，无接触开门。	C248
6950	碧桂酒店	地址：桂平解放路190号（桂平）。联系电话：135-44795430。周边 500 米内即是商场与美食街。酒店内有健身房和洗衣房，住客免费使用。部分房型可俯瞰城市天际线。提供高速 Wi‑Fi 及 24 小时热水。	C248
6951	碧桂精品酒店	地址：扶余人民大道107号（弓棚子）。联系电话：032-35408947 / 180-34630682。提供高速 Wi‑Fi 及 24 小时热水。设有地下停车场与充电桩。	C154
6952	璞丽大酒店	地址：扶余朝阳街112号（弓棚子）。联系电话：132-77754505 / 135-89547050。提供高速 Wi‑Fi 及 24 小时热水。前台多语言服务，支持行李寄存。	C154
6953	枫叶国际酒店	地址：扶余和平路250号（弓棚子）。联系电话：047-76099902。距车站步行 5 分钟，交通便利。客房配备记忆棉床垫，保证舒适睡眠。前台多语言服务，支持行李寄存。提供高速 Wi‑Fi 及 24 小时热水。	C154
6954	悦榕度假酒店	地址：重庆朝阳街369号（赶水东）。联系电话：159-15458180 / 133-81225122。含自助早餐，菜品丰富。前台多语言服务，支持行李寄存。	C272
6955	沐兰大酒店	地址：重庆朝阳街137号（赶水东）。联系电话：190-35402214。部分房型可俯瞰城市天际线。距车站步行 5 分钟，交通便利。前台多语言服务，支持行李寄存。酒店内有健身房和洗衣房，住客免费使用。	C272
6956	云栖酒店	地址：重庆解放路337号（赶水东）。联系电话：184-93929373 / 055-49591000。含自助早餐，菜品丰富。客房配备记忆棉床垫，保证舒适睡眠。提供高速 Wi‑Fi 及 24 小时热水。	C272
6957	星程酒店	地址：光山县解放路183号（光山）。联系电话：026-58024951。部分房型可俯瞰城市天际线。提供高速 Wi‑Fi 及 24 小时热水。距车站步行 5 分钟，交通便利。含自助早餐，菜品丰富。	C028
6958	雅致酒店	地址：光山县解放路268号（光山）。联系电话：156-32748678。距车站步行 5 分钟，交通便利。周边 500 米内即是商场与美食街。	C028
6959	月光大酒店	地址：光山县朝阳街49号（光山）。联系电话：186-21646997 / 045-83440298。距车站步行 5 分钟，交通便利。可手机自助入住，无接触开门。前台多语言服务，支持行李寄存。客房配备记忆棉床垫，保证舒适睡眠。	C028
6960	云栖精品酒店	地址：光山县迎宾大道341号（光山）。联系电话：021-88173438 / 191-72321424。前台多语言服务，支持行李寄存。可手机自助入住，无接触开门。距车站步行 5 分钟，交通便利。	C028
6961	楠舍度假酒店	地址：长沙人民大道191号（谷山）。联系电话：032-40139916。可手机自助入住，无接触开门。周边 500 米内即是商场与美食街。酒店内有健身房和洗衣房，住客免费使用。设有地下停车场与充电桩。	C284
6962	璞丽度假酒店	地址：长沙和平路244号（谷山）。联系电话：056-70848077 / 183-59863182。提供高速 Wi‑Fi 及 24 小时热水。周边 500 米内即是商场与美食街。	C284
6963	柏曼国际酒店	地址：长沙解放路364号（谷山）。联系电话：018-38650418 / 191-25818926。可手机自助入住，无接触开门。客房配备记忆棉床垫，保证舒适睡眠。	C284
6964	桔子宾馆	地址：长沙和平路31号（观沙岭）。联系电话：041-52947616 / 182-99885923。提供高速 Wi‑Fi 及 24 小时热水。可手机自助入住，无接触开门。	C284
6965	柏曼宾馆	地址：长沙中心路381号（观沙岭）。联系电话：182-55986530。部分房型可俯瞰城市天际线。周边 500 米内即是商场与美食街。	C284
6966	碧桂度假酒店	地址：长沙朝阳街332号（观沙岭）。联系电话：191-22099867。距车站步行 5 分钟，交通便利。前台多语言服务，支持行李寄存。	C284
6967	枫叶大酒店	地址：古田县解放路323号（古田北）。联系电话：130-72118513。前台多语言服务，支持行李寄存。可手机自助入住，无接触开门。客房配备记忆棉床垫，保证舒适睡眠。含自助早餐，菜品丰富。	C087
6968	丽枫大酒店	地址：古田县朝阳街271号（古田北）。联系电话：021-52741408 / 134-62950834。周边 500 米内即是商场与美食街。可手机自助入住，无接触开门。	C087
6969	丽枫大酒店	地址：古田县和平路274号（古田北）。联系电话：130-63863823 / 198-99430463。部分房型可俯瞰城市天际线。含自助早餐，菜品丰富。距车站步行 5 分钟，交通便利。可手机自助入住，无接触开门。	C087
6970	月光宾馆	地址：禄丰县解放路2号（广通北）。联系电话：042-39650946。提供高速 Wi‑Fi 及 24 小时热水。部分房型可俯瞰城市天际线。前台多语言服务，支持行李寄存。酒店内有健身房和洗衣房，住客免费使用。	C161
6971	月光宾馆	地址：禄丰县解放路109号（广通北）。联系电话：042-42181132。前台多语言服务，支持行李寄存。可手机自助入住，无接触开门。部分房型可俯瞰城市天际线。	C161
6972	月光精品酒店	地址：禄丰县解放路246号（广通北）。联系电话：059-75524763 / 198-19019316。部分房型可俯瞰城市天际线。距车站步行 5 分钟，交通便利。	C161
6973	悦榕国际酒店	地址：禄丰县和平路353号（广通北）。联系电话：024-37862876 / 136-18143245。酒店内有健身房和洗衣房，住客免费使用。距车站步行 5 分钟，交通便利。	C161
6974	柏曼宾馆	地址：高台县建设路57号（高台南）。联系电话：033-46514992。部分房型可俯瞰城市天际线。含自助早餐，菜品丰富。周边 500 米内即是商场与美食街。客房配备记忆棉床垫，保证舒适睡眠。	C120
6975	碧桂度假酒店	地址：高台县中心路239号（高台南）。联系电话：189-34992566。可手机自助入住，无接触开门。距车站步行 5 分钟，交通便利。含自助早餐，菜品丰富。设有地下停车场与充电桩。	C120
6976	月光酒店	地址：高台县解放路80号（高台南）。联系电话：042-20258284。距车站步行 5 分钟，交通便利。客房配备记忆棉床垫，保证舒适睡眠。周边 500 米内即是商场与美食街。可手机自助入住，无接触开门。	C120
6977	沐兰精品酒店	地址：上杭县和平路310号（古田会址）。联系电话：184-41992023。部分房型可俯瞰城市天际线。提供高速 Wi‑Fi 及 24 小时热水。客房配备记忆棉床垫，保证舒适睡眠。酒店内有健身房和洗衣房，住客免费使用。	C315
6978	丽枫宾馆	地址：上杭县建设路253号（古田会址）。联系电话：199-28814651 / 133-82934028。部分房型可俯瞰城市天际线。周边 500 米内即是商场与美食街。设有地下停车场与充电桩。距车站步行 5 分钟，交通便利。	C315
6979	梅园精品酒店	地址：上杭县中心路294号（古田会址）。联系电话：018-67809638 / 052-26579612。含自助早餐，菜品丰富。可手机自助入住，无接触开门。酒店内有健身房和洗衣房，住客免费使用。周边 500 米内即是商场与美食街。	C315
6980	沐兰国际酒店	地址：上杭县迎宾大道209号（古田会址）。联系电话：032-76039999。客房配备记忆棉床垫，保证舒适睡眠。提供高速 Wi‑Fi 及 24 小时热水。酒店内有健身房和洗衣房，住客免费使用。	C315
6981	梅园宾馆	地址：贵阳解放路271号（贵阳北）。联系电话：197-66289246 / 195-23808011。可手机自助入住，无接触开门。客房配备记忆棉床垫，保证舒适睡眠。距车站步行 5 分钟，交通便利。	C249
6982	云栖宾馆	地址：贵阳和平路300号（贵阳北）。联系电话：056-52364363 / 195-16657847。周边 500 米内即是商场与美食街。前台多语言服务，支持行李寄存。	C249
6983	璞丽酒店	地址：贵阳中心路224号（贵阳北）。联系电话：025-73993776。前台多语言服务，支持行李寄存。部分房型可俯瞰城市天际线。可手机自助入住，无接触开门。	C249
6984	锦江酒店	地址：贵阳朝阳街241号（贵阳东）。联系电话：153-80320870。含自助早餐，菜品丰富。提供高速 Wi‑Fi 及 24 小时热水。	C249
6985	璞丽国际酒店	地址：贵阳和平路183号（贵阳东）。联系电话：021-89373799 / 183-72578656。设有地下停车场与充电桩。提供高速 Wi‑Fi 及 24 小时热水。	C249
6986	梅园度假酒店	地址：连云港中心路228号（赣榆）。联系电话：154-59180300。提供高速 Wi‑Fi 及 24 小时热水。部分房型可俯瞰城市天际线。可手机自助入住，无接触开门。酒店内有健身房和洗衣房，住客免费使用。	C258
6987	楠舍酒店	地址：连云港迎宾大道344号（赣榆）。联系电话：059-48741320 / 038-77619177。设有地下停车场与充电桩。前台多语言服务，支持行李寄存。	C258
6988	柏曼宾馆	地址：连云港和平路225号（赣榆）。联系电话：023-21786755 / 135-77210659。提供高速 Wi‑Fi 及 24 小时热水。含自助早餐，菜品丰富。客房配备记忆棉床垫，保证舒适睡眠。酒店内有健身房和洗衣房，住客免费使用。	C258
6989	星程精品酒店	地址：连云港和平路51号（赣榆）。联系电话：134-32040125。距车站步行 5 分钟，交通便利。提供高速 Wi‑Fi 及 24 小时热水。含自助早餐，菜品丰富。可手机自助入住，无接触开门。	C258
6990	云栖宾馆	地址：高邑县朝阳街30号（高邑西）。联系电话：011-44411447 / 135-63779864。前台多语言服务，支持行李寄存。距车站步行 5 分钟，交通便利。设有地下停车场与充电桩。	C220
6991	沐兰度假酒店	地址：高邑县朝阳街384号（高邑西）。联系电话：199-18588965 / 040-79771266。客房配备记忆棉床垫，保证舒适睡眠。部分房型可俯瞰城市天际线。可手机自助入住，无接触开门。	C220
6992	楠舍精品酒店	地址：惠安县朝阳街332号（惠安）。联系电话：139-80774432 / 054-61153672。可手机自助入住，无接触开门。前台多语言服务，支持行李寄存。周边 500 米内即是商场与美食街。含自助早餐，菜品丰富。	C176
6993	锦江酒店	地址：惠安县解放路242号（惠安）。联系电话：154-56235345。提供高速 Wi‑Fi 及 24 小时热水。可手机自助入住，无接触开门。	C176
6994	星程大酒店	地址：惠安县中心路178号（惠安）。联系电话：022-33846822 / 015-62834911。可手机自助入住，无接触开门。周边 500 米内即是商场与美食街。部分房型可俯瞰城市天际线。酒店内有健身房和洗衣房，住客免费使用。	C176
6995	柏栎宾馆	地址：淮北解放路75号（淮北北）。联系电话：130-28376579。周边 500 米内即是商场与美食街。可手机自助入住，无接触开门。含自助早餐，菜品丰富。	C187
6996	柏曼度假酒店	地址：淮北解放路309号（淮北北）。联系电话：198-44391823 / 156-59359874。距车站步行 5 分钟，交通便利。提供高速 Wi‑Fi 及 24 小时热水。	C187
6997	锦江大酒店	地址：淮北人民大道98号（淮北北）。联系电话：032-56156823 / 197-78476016。周边 500 米内即是商场与美食街。酒店内有健身房和洗衣房，住客免费使用。设有地下停车场与充电桩。部分房型可俯瞰城市天际线。	C187
6998	枫叶国际酒店	地址：淮北和平路90号（淮北北）。联系电话：031-45620367 / 155-54008722。部分房型可俯瞰城市天际线。酒店内有健身房和洗衣房，住客免费使用。周边 500 米内即是商场与美食街。设有地下停车场与充电桩。	C187
6999	星程宾馆	地址：鹤壁朝阳街356号（鹤壁东）。联系电话：152-18886659。可手机自助入住，无接触开门。提供高速 Wi‑Fi 及 24 小时热水。	C304
7000	丽枫国际酒店	地址：鹤壁朝阳街141号（鹤壁东）。联系电话：152-82432698。周边 500 米内即是商场与美食街。前台多语言服务，支持行李寄存。距车站步行 5 分钟，交通便利。	C304
7001	碧桂精品酒店	地址：鹤壁建设路201号（鹤壁东）。联系电话：135-97214752 / 155-44245842。部分房型可俯瞰城市天际线。客房配备记忆棉床垫，保证舒适睡眠。提供高速 Wi‑Fi 及 24 小时热水。	C304
7002	云栖度假酒店	地址：鹤壁解放路164号（鹤壁东）。联系电话：186-93630550。酒店内有健身房和洗衣房，住客免费使用。可手机自助入住，无接触开门。	C304
7003	花筑酒店	地址：淄博解放路258号（花博山）。联系电话：035-59079219。周边 500 米内即是商场与美食街。客房配备记忆棉床垫，保证舒适睡眠。提供高速 Wi‑Fi 及 24 小时热水。	C186
7004	楠舍大酒店	地址：淄博朝阳街194号（花博山）。联系电话：154-51650197。酒店内有健身房和洗衣房，住客免费使用。含自助早餐，菜品丰富。	C186
7005	梅园宾馆	地址：淄博迎宾大道339号（花博山）。联系电话：137-95430659。前台多语言服务，支持行李寄存。可手机自助入住，无接触开门。酒店内有健身房和洗衣房，住客免费使用。	C186
7006	星程国际酒店	地址：淄博解放路161号（花博山）。联系电话：013-73330635 / 152-71964627。前台多语言服务，支持行李寄存。客房配备记忆棉床垫，保证舒适睡眠。	C186
7007	丽枫大酒店	地址：抚远解放路299号（寒葱沟）。联系电话：034-50923281。可手机自助入住，无接触开门。含自助早餐，菜品丰富。	C026
7008	沐兰国际酒店	地址：抚远朝阳街262号（寒葱沟）。联系电话：010-22705342。周边 500 米内即是商场与美食街。酒店内有健身房和洗衣房，住客免费使用。	C026
7009	碧桂酒店	地址：抚远人民大道98号（寒葱沟）。联系电话：139-60870771 / 157-31996895。距车站步行 5 分钟，交通便利。前台多语言服务，支持行李寄存。	C026
7010	悦榕大酒店	地址：抚远解放路55号（寒葱沟）。联系电话：134-77470185 / 198-74828820。部分房型可俯瞰城市天际线。客房配备记忆棉床垫，保证舒适睡眠。	C026
7011	柏栎宾馆	地址：霍城县解放路159号（霍城）。联系电话：196-52758128。设有地下停车场与充电桩。客房配备记忆棉床垫，保证舒适睡眠。	C024
7012	柏曼大酒店	地址：霍城县朝阳街352号（霍城）。联系电话：058-76828321。含自助早餐，菜品丰富。距车站步行 5 分钟，交通便利。	C024
7013	桔子大酒店	地址：珲春建设路276号（珲春）。联系电话：028-72929663。客房配备记忆棉床垫，保证舒适睡眠。可手机自助入住，无接触开门。前台多语言服务，支持行李寄存。	C116
7014	月光宾馆	地址：珲春建设路55号（珲春）。联系电话：186-75334790。酒店内有健身房和洗衣房，住客免费使用。设有地下停车场与充电桩。	C116
7015	柏栎度假酒店	地址：海林建设路164号（横道河子东）。联系电话：038-70653253 / 017-44130877。酒店内有健身房和洗衣房，住客免费使用。周边 500 米内即是商场与美食街。	C207
7016	云栖宾馆	地址：海林迎宾大道61号（横道河子东）。联系电话：183-30824530。含自助早餐，菜品丰富。前台多语言服务，支持行李寄存。	C207
7017	锦江精品酒店	地址：海林迎宾大道73号（横道河子东）。联系电话：133-93566007。设有地下停车场与充电桩。周边 500 米内即是商场与美食街。	C207
7018	枫叶精品酒店	地址：邯郸朝阳街236号（邯郸东）。联系电话：190-75022031。可手机自助入住，无接触开门。含自助早餐，菜品丰富。距车站步行 5 分钟，交通便利。	C265
7019	云栖度假酒店	地址：邯郸人民大道17号（邯郸东）。联系电话：021-31292124 / 199-15150927。前台多语言服务，支持行李寄存。设有地下停车场与充电桩。提供高速 Wi‑Fi 及 24 小时热水。含自助早餐，菜品丰富。	C265
7020	丽枫国际酒店	地址：邯郸建设路87号（邯郸东）。联系电话：180-27030658 / 197-15571943。距车站步行 5 分钟，交通便利。提供高速 Wi‑Fi 及 24 小时热水。部分房型可俯瞰城市天际线。	C265
7021	璞丽精品酒店	地址：邯郸建设路139号（邯郸东）。联系电话：153-64641840 / 188-90097502。提供高速 Wi‑Fi 及 24 小时热水。客房配备记忆棉床垫，保证舒适睡眠。前台多语言服务，支持行李寄存。含自助早餐，菜品丰富。	C265
7022	桔子精品酒店	地址：惠东县解放路31号（惠东）。联系电话：049-45009972。提供高速 Wi‑Fi 及 24 小时热水。部分房型可俯瞰城市天际线。周边 500 米内即是商场与美食街。设有地下停车场与充电桩。	C127
7023	月光酒店	地址：惠东县建设路148号（惠东）。联系电话：154-85939697 / 130-94608904。部分房型可俯瞰城市天际线。设有地下停车场与充电桩。提供高速 Wi‑Fi 及 24 小时热水。客房配备记忆棉床垫，保证舒适睡眠。	C127
7024	楠舍精品酒店	地址：惠东县中心路239号（惠东）。联系电话：152-67316781。可手机自助入住，无接触开门。酒店内有健身房和洗衣房，住客免费使用。前台多语言服务，支持行李寄存。提供高速 Wi‑Fi 及 24 小时热水。	C127
7025	璞丽度假酒店	地址：宕昌县和平路299号（哈达铺）。联系电话：183-73254690 / 048-78071248。距车站步行 5 分钟，交通便利。前台多语言服务，支持行李寄存。含自助早餐，菜品丰富。可手机自助入住，无接触开门。	C294
7026	花筑度假酒店	地址：宕昌县朝阳街322号（哈达铺）。联系电话：193-85335507 / 157-21290018。客房配备记忆棉床垫，保证舒适睡眠。部分房型可俯瞰城市天际线。含自助早餐，菜品丰富。周边 500 米内即是商场与美食街。	C294
7027	星程宾馆	地址：宕昌县迎宾大道280号（哈达铺）。联系电话：196-43433213 / 195-86593075。提供高速 Wi‑Fi 及 24 小时热水。距车站步行 5 分钟，交通便利。客房配备记忆棉床垫，保证舒适睡眠。前台多语言服务，支持行李寄存。	C294
7028	桔子度假酒店	地址：宕昌县迎宾大道355号（哈达铺）。联系电话：138-22769143。周边 500 米内即是商场与美食街。设有地下停车场与充电桩。前台多语言服务，支持行李寄存。距车站步行 5 分钟，交通便利。	C294
7029	云栖大酒店	地址：洪洞县建设路166号（洪洞西）。联系电话：031-76155459。含自助早餐，菜品丰富。前台多语言服务，支持行李寄存。周边 500 米内即是商场与美食街。客房配备记忆棉床垫，保证舒适睡眠。	C011
7030	柏曼度假酒店	地址：洪洞县和平路43号（洪洞西）。联系电话：130-91808880 / 199-51513077。距车站步行 5 分钟，交通便利。含自助早餐，菜品丰富。	C011
7031	悦榕精品酒店	地址：洪洞县和平路100号（洪洞西）。联系电话：183-36792500 / 192-52188116。部分房型可俯瞰城市天际线。客房配备记忆棉床垫，保证舒适睡眠。	C011
7032	云栖国际酒店	地址：洪洞县迎宾大道382号（洪洞西）。联系电话：155-49746413 / 048-64610244。距车站步行 5 分钟，交通便利。部分房型可俯瞰城市天际线。	C011
7033	锦江宾馆	地址：海东迎宾大道379号（海东西）。联系电话：139-63205051。客房配备记忆棉床垫，保证舒适睡眠。距车站步行 5 分钟，交通便利。酒店内有健身房和洗衣房，住客免费使用。	C182
7034	花筑精品酒店	地址：海东建设路108号（海东西）。联系电话：038-63858081 / 028-66379030。设有地下停车场与充电桩。酒店内有健身房和洗衣房，住客免费使用。	C182
7035	柏曼精品酒店	地址：海东人民大道321号（海东西）。联系电话：139-99875415 / 180-27355747。部分房型可俯瞰城市天际线。前台多语言服务，支持行李寄存。设有地下停车场与充电桩。	C182
7036	枫叶国际酒店	地址：哈尔滨中心路163号（哈尔滨北）。联系电话：059-51901480。酒店内有健身房和洗衣房，住客免费使用。前台多语言服务，支持行李寄存。部分房型可俯瞰城市天际线。可手机自助入住，无接触开门。	C066
7037	沐兰大酒店	地址：哈尔滨解放路15号（哈尔滨北）。联系电话：184-50752260 / 045-60794263。客房配备记忆棉床垫，保证舒适睡眠。周边 500 米内即是商场与美食街。	C066
7038	花筑大酒店	地址：长丰县建设路327号（合肥北城）。联系电话：193-50042200 / 052-20249397。提供高速 Wi‑Fi 及 24 小时热水。酒店内有健身房和洗衣房，住客免费使用。	C053
7039	桔子精品酒店	地址：长丰县人民大道115号（合肥北城）。联系电话：151-84146793 / 059-70563216。前台多语言服务，支持行李寄存。部分房型可俯瞰城市天际线。提供高速 Wi‑Fi 及 24 小时热水。距车站步行 5 分钟，交通便利。	C053
7040	桔子国际酒店	地址：长丰县和平路196号（合肥北城）。联系电话：033-82166826 / 022-49380236。酒店内有健身房和洗衣房，住客免费使用。周边 500 米内即是商场与美食街。客房配备记忆棉床垫，保证舒适睡眠。	C053
7041	云栖度假酒店	地址：长丰县人民大道278号（合肥北城）。联系电话：130-11896582。部分房型可俯瞰城市天际线。客房配备记忆棉床垫，保证舒适睡眠。	C053
7042	云栖酒店	地址：合肥迎宾大道189号（合肥南）。联系电话：182-31161560。部分房型可俯瞰城市天际线。含自助早餐，菜品丰富。设有地下停车场与充电桩。	C053
7043	柏栎宾馆	地址：合肥迎宾大道86号（合肥南）。联系电话：186-39591587。距车站步行 5 分钟，交通便利。提供高速 Wi‑Fi 及 24 小时热水。	C053
7044	锦江国际酒店	地址：合肥中心路222号（合肥南）。联系电话：132-62122022 / 055-76813956。可手机自助入住，无接触开门。距车站步行 5 分钟，交通便利。周边 500 米内即是商场与美食街。	C053
7045	璞丽宾馆	地址：黄冈建设路119号（黄冈）。联系电话：055-41274012。提供高速 Wi‑Fi 及 24 小时热水。酒店内有健身房和洗衣房，住客免费使用。	C307
7046	月光大酒店	地址：黄冈建设路255号（黄冈）。联系电话：015-59040973。提供高速 Wi‑Fi 及 24 小时热水。部分房型可俯瞰城市天际线。	C307
7047	花筑大酒店	地址：黄冈朝阳街287号（黄冈东）。联系电话：036-54535256 / 018-23955366。含自助早餐，菜品丰富。前台多语言服务，支持行李寄存。	C307
7048	璞丽国际酒店	地址：黄冈迎宾大道20号（黄冈东）。联系电话：190-69860410。周边 500 米内即是商场与美食街。提供高速 Wi‑Fi 及 24 小时热水。客房配备记忆棉床垫，保证舒适睡眠。	C307
7049	碧桂精品酒店	地址：黄冈人民大道21号（黄冈东）。联系电话：196-47010858。含自助早餐，菜品丰富。周边 500 米内即是商场与美食街。	C307
7050	雅致精品酒店	地址：咸宁迎宾大道212号（横沟桥东）。联系电话：133-85710732。客房配备记忆棉床垫，保证舒适睡眠。前台多语言服务，支持行李寄存。酒店内有健身房和洗衣房，住客免费使用。	C063
7051	星程宾馆	地址：咸宁朝阳街162号（横沟桥东）。联系电话：016-42897676 / 026-47390308。周边 500 米内即是商场与美食街。部分房型可俯瞰城市天际线。	C063
7052	星程精品酒店	地址：黄冈和平路387号（黄冈西）。联系电话：017-80390648。含自助早餐，菜品丰富。部分房型可俯瞰城市天际线。距车站步行 5 分钟，交通便利。	C307
7053	锦江精品酒店	地址：黄冈人民大道77号（黄冈西）。联系电话：193-15646549。酒店内有健身房和洗衣房，住客免费使用。提供高速 Wi‑Fi 及 24 小时热水。前台多语言服务，支持行李寄存。	C307
7054	雅致度假酒店	地址：黄冈迎宾大道27号（黄冈西）。联系电话：183-47601228 / 029-23055610。酒店内有健身房和洗衣房，住客免费使用。提供高速 Wi‑Fi 及 24 小时热水。周边 500 米内即是商场与美食街。	C307
7055	云栖精品酒店	地址：黄冈人民大道391号（黄冈西）。联系电话：180-22672551。周边 500 米内即是商场与美食街。可手机自助入住，无接触开门。提供高速 Wi‑Fi 及 24 小时热水。部分房型可俯瞰城市天际线。	C307
7056	悦榕国际酒店	地址：抚远人民大道267号（洪河）。联系电话：152-61134099 / 020-72554914。前台多语言服务，支持行李寄存。含自助早餐，菜品丰富。	C026
7057	楠舍国际酒店	地址：抚远建设路313号（洪河）。联系电话：047-28947029。提供高速 Wi‑Fi 及 24 小时热水。部分房型可俯瞰城市天际线。	C026
7058	丽枫精品酒店	地址：怀化中心路285号（怀化南）。联系电话：027-22586036。设有地下停车场与充电桩。含自助早餐，菜品丰富。周边 500 米内即是商场与美食街。酒店内有健身房和洗衣房，住客免费使用。	C125
7059	锦江精品酒店	地址：怀化朝阳街93号（怀化南）。联系电话：024-22739351。设有地下停车场与充电桩。酒店内有健身房和洗衣房，住客免费使用。	C125
7060	桔子酒店	地址：怀化人民大道271号（怀化南）。联系电话：180-65966736。前台多语言服务，支持行李寄存。距车站步行 5 分钟，交通便利。可手机自助入住，无接触开门。	C125
7061	星程宾馆	地址：怀化朝阳街241号（怀化南）。联系电话：137-85175518 / 135-20631215。客房配备记忆棉床垫，保证舒适睡眠。设有地下停车场与充电桩。	C125
7062	璞丽精品酒店	地址：郑州人民大道294号（黄河景区）。联系电话：131-25784079。可手机自助入住，无接触开门。距车站步行 5 分钟，交通便利。设有地下停车场与充电桩。酒店内有健身房和洗衣房，住客免费使用。	C267
7063	梅园精品酒店	地址：郑州中心路49号（黄河景区）。联系电话：013-87738660 / 187-62442955。提供高速 Wi‑Fi 及 24 小时热水。含自助早餐，菜品丰富。	C267
7064	璞丽宾馆	地址：郑州迎宾大道180号（黄河景区）。联系电话：156-10577735。提供高速 Wi‑Fi 及 24 小时热水。酒店内有健身房和洗衣房，住客免费使用。设有地下停车场与充电桩。	C267
7065	雅致国际酒店	地址：惠州朝阳街368号（惠环）。联系电话：020-74412598 / 048-38228325。客房配备记忆棉床垫，保证舒适睡眠。酒店内有健身房和洗衣房，住客免费使用。	C127
7066	柏栎大酒店	地址：惠州中心路263号（惠环）。联系电话：045-59525932。部分房型可俯瞰城市天际线。周边 500 米内即是商场与美食街。酒店内有健身房和洗衣房，住客免费使用。	C127
7067	桔子国际酒店	地址：鄂州建设路347号（花湖）。联系电话：198-21279728 / 154-89754948。酒店内有健身房和洗衣房，住客免费使用。部分房型可俯瞰城市天际线。距车站步行 5 分钟，交通便利。	C270
7068	星程度假酒店	地址：鄂州中心路236号（花湖）。联系电话：182-51079238。提供高速 Wi‑Fi 及 24 小时热水。客房配备记忆棉床垫，保证舒适睡眠。	C270
7069	丽枫酒店	地址：鄂州建设路47号（花湖）。联系电话：154-47870380 / 050-80806204。部分房型可俯瞰城市天际线。设有地下停车场与充电桩。	C270
7070	悦榕国际酒店	地址：武汉解放路164号（后湖）。联系电话：033-20301866。客房配备记忆棉床垫，保证舒适睡眠。提供高速 Wi‑Fi 及 24 小时热水。含自助早餐，菜品丰富。	C164
7071	花筑大酒店	地址：武汉解放路28号（后湖）。联系电话：010-88169361 / 185-11985603。酒店内有健身房和洗衣房，住客免费使用。前台多语言服务，支持行李寄存。周边 500 米内即是商场与美食街。客房配备记忆棉床垫，保证舒适睡眠。	C164
7072	丽枫酒店	地址：武汉解放路273号（后湖）。联系电话：027-86210033 / 011-70056310。含自助早餐，菜品丰富。距车站步行 5 分钟，交通便利。	C164
7073	花筑国际酒店	地址：怀集县朝阳街266号（怀集）。联系电话：191-56036995 / 052-65887691。客房配备记忆棉床垫，保证舒适睡眠。提供高速 Wi‑Fi 及 24 小时热水。酒店内有健身房和洗衣房，住客免费使用。	C228
7074	柏曼度假酒店	地址：怀集县和平路281号（怀集）。联系电话：187-54049915。设有地下停车场与充电桩。部分房型可俯瞰城市天际线。可手机自助入住，无接触开门。	C228
7075	丽枫国际酒店	地址：怀集县建设路339号（怀集）。联系电话：022-38181641。周边 500 米内即是商场与美食街。含自助早餐，菜品丰富。	C228
7076	沐兰国际酒店	地址：怀集县朝阳街78号（怀集）。联系电话：024-88156810。客房配备记忆棉床垫，保证舒适睡眠。酒店内有健身房和洗衣房，住客免费使用。可手机自助入住，无接触开门。	C228
7077	柏曼宾馆	地址：河口瑶族自治县迎宾大道365号（河口北）。联系电话：154-20713138 / 191-28898809。提供高速 Wi‑Fi 及 24 小时热水。客房配备记忆棉床垫，保证舒适睡眠。	C223
7078	云栖宾馆	地址：河口瑶族自治县人民大道326号（河口北）。联系电话：181-81180517 / 133-24963865。设有地下停车场与充电桩。提供高速 Wi‑Fi 及 24 小时热水。	C223
7079	云栖宾馆	地址：河口瑶族自治县中心路154号（河口北）。联系电话：159-34729549 / 031-30174031。提供高速 Wi‑Fi 及 24 小时热水。客房配备记忆棉床垫，保证舒适睡眠。前台多语言服务，支持行李寄存。	C223
7080	梅园宾馆	地址：依兰县迎宾大道285号（宏克力）。联系电话：053-33966133 / 192-50693036。距车站步行 5 分钟，交通便利。设有地下停车场与充电桩。	C066
7081	沐兰国际酒店	地址：依兰县和平路10号（宏克力）。联系电话：036-44112766。酒店内有健身房和洗衣房，住客免费使用。距车站步行 5 分钟，交通便利。	C066
7082	云栖宾馆	地址：海林迎宾大道296号（海林北）。联系电话：037-39145597 / 041-79581118。周边 500 米内即是商场与美食街。酒店内有健身房和洗衣房，住客免费使用。前台多语言服务，支持行李寄存。设有地下停车场与充电桩。	C207
7083	璞丽酒店	地址：海林朝阳街282号（海林北）。联系电话：052-74923978 / 016-38330496。部分房型可俯瞰城市天际线。距车站步行 5 分钟，交通便利。	C207
7084	楠舍精品酒店	地址：乐东黎族自治县解放路32号（黄流）。联系电话：181-74045881。提供高速 Wi‑Fi 及 24 小时热水。含自助早餐，菜品丰富。可手机自助入住，无接触开门。	C319
7085	璞丽酒店	地址：乐东黎族自治县迎宾大道303号（黄流）。联系电话：133-74895175 / 044-75293352。客房配备记忆棉床垫，保证舒适睡眠。部分房型可俯瞰城市天际线。前台多语言服务，支持行李寄存。距车站步行 5 分钟，交通便利。	C319
7086	星程大酒店	地址：乐东黎族自治县中心路145号（黄流）。联系电话：191-23874629。部分房型可俯瞰城市天际线。客房配备记忆棉床垫，保证舒适睡眠。提供高速 Wi‑Fi 及 24 小时热水。	C319
7087	碧桂宾馆	地址：乐东黎族自治县迎宾大道272号（黄流）。联系电话：020-73411125 / 197-58926104。客房配备记忆棉床垫，保证舒适睡眠。周边 500 米内即是商场与美食街。	C319
7088	沐兰精品酒店	地址：黄陵县人民大道271号（黄陵南）。联系电话：025-78231814。提供高速 Wi‑Fi 及 24 小时热水。设有地下停车场与充电桩。酒店内有健身房和洗衣房，住客免费使用。	C115
7089	璞丽度假酒店	地址：黄陵县人民大道156号（黄陵南）。联系电话：152-35817145。设有地下停车场与充电桩。部分房型可俯瞰城市天际线。提供高速 Wi‑Fi 及 24 小时热水。酒店内有健身房和洗衣房，住客免费使用。	C115
7090	碧桂度假酒店	地址：海丰县和平路272号（鲘门）。联系电话：184-61143511 / 011-21990814。设有地下停车场与充电桩。含自助早餐，菜品丰富。	C169
7091	锦江酒店	地址：海丰县中心路114号（鲘门）。联系电话：191-45203352 / 184-82680531。距车站步行 5 分钟，交通便利。设有地下停车场与充电桩。客房配备记忆棉床垫，保证舒适睡眠。	C169
7092	锦江精品酒店	地址：海门和平路162号（海门）。联系电话：130-43647252。部分房型可俯瞰城市天际线。含自助早餐，菜品丰富。前台多语言服务，支持行李寄存。距车站步行 5 分钟，交通便利。	C047
7093	锦江度假酒店	地址：海门人民大道272号（海门）。联系电话：028-59990383。提供高速 Wi‑Fi 及 24 小时热水。周边 500 米内即是商场与美食街。部分房型可俯瞰城市天际线。含自助早餐，菜品丰富。	C047
7094	楠舍精品酒店	地址：海门人民大道364号（海门）。联系电话：155-91076320 / 157-38534391。酒店内有健身房和洗衣房，住客免费使用。前台多语言服务，支持行李寄存。	C047
7095	锦江宾馆	地址：东莞建设路175号（虎门）。联系电话：026-61131702。提供高速 Wi‑Fi 及 24 小时热水。含自助早餐，菜品丰富。酒店内有健身房和洗衣房，住客免费使用。客房配备记忆棉床垫，保证舒适睡眠。	C007
7096	璞丽国际酒店	地址：东莞迎宾大道289号（虎门）。联系电话：198-65863463。客房配备记忆棉床垫，保证舒适睡眠。周边 500 米内即是商场与美食街。	C007
7097	花筑酒店	地址：侯马中心路292号（侯马西）。联系电话：134-28283879 / 182-93173587。含自助早餐，菜品丰富。酒店内有健身房和洗衣房，住客免费使用。部分房型可俯瞰城市天际线。	C011
7098	悦榕度假酒店	地址：侯马解放路228号（侯马西）。联系电话：034-79117639 / 186-64349375。部分房型可俯瞰城市天际线。客房配备记忆棉床垫，保证舒适睡眠。距车站步行 5 分钟，交通便利。	C011
7099	璞丽精品酒店	地址：侯马迎宾大道336号（侯马西）。联系电话：048-45568292 / 183-98114425。前台多语言服务，支持行李寄存。含自助早餐，菜品丰富。客房配备记忆棉床垫，保证舒适睡眠。	C011
7100	柏栎酒店	地址：侯马迎宾大道225号（侯马西）。联系电话：189-31158005。前台多语言服务，支持行李寄存。提供高速 Wi‑Fi 及 24 小时热水。可手机自助入住，无接触开门。酒店内有健身房和洗衣房，住客免费使用。	C011
7101	悦榕国际酒店	地址：衡南县中心路77号（衡南）。联系电话：032-82904378。含自助早餐，菜品丰富。可手机自助入住，无接触开门。部分房型可俯瞰城市天际线。前台多语言服务，支持行李寄存。	C242
7102	锦江大酒店	地址：衡南县人民大道342号（衡南）。联系电话：195-60815230 / 053-79640844。距车站步行 5 分钟，交通便利。酒店内有健身房和洗衣房，住客免费使用。设有地下停车场与充电桩。前台多语言服务，支持行李寄存。	C242
7103	枫叶宾馆	地址：衡南县解放路185号（衡南）。联系电话：196-78347090 / 056-29266447。前台多语言服务，支持行李寄存。客房配备记忆棉床垫，保证舒适睡眠。部分房型可俯瞰城市天际线。设有地下停车场与充电桩。	C242
7104	花筑国际酒店	地址：淮南人民大道275号（淮南东）。联系电话：192-10699446 / 017-29634728。提供高速 Wi‑Fi 及 24 小时热水。含自助早餐，菜品丰富。客房配备记忆棉床垫，保证舒适睡眠。前台多语言服务，支持行李寄存。	C188
7105	桔子精品酒店	地址：淮南建设路390号（淮南东）。联系电话：038-34514413 / 010-78302601。酒店内有健身房和洗衣房，住客免费使用。前台多语言服务，支持行李寄存。含自助早餐，菜品丰富。	C188
7106	柏曼酒店	地址：淮南人民大道124号（淮南东）。联系电话：183-41518818 / 130-45943122。酒店内有健身房和洗衣房，住客免费使用。设有地下停车场与充电桩。	C188
7107	梅园酒店	地址：合浦县和平路93号（合浦）。联系电话：024-36860098 / 159-91882781。酒店内有健身房和洗衣房，住客免费使用。部分房型可俯瞰城市天际线。可手机自助入住，无接触开门。前台多语言服务，支持行李寄存。	C040
7108	枫叶酒店	地址：合浦县建设路33号（合浦）。联系电话：156-56000228。部分房型可俯瞰城市天际线。周边 500 米内即是商场与美食街。客房配备记忆棉床垫，保证舒适睡眠。设有地下停车场与充电桩。	C040
7109	璞丽宾馆	地址：合浦县人民大道218号（合浦）。联系电话：045-86748731。客房配备记忆棉床垫，保证舒适睡眠。前台多语言服务，支持行李寄存。部分房型可俯瞰城市天际线。	C040
7110	碧桂度假酒店	地址：合浦县人民大道376号（合浦）。联系电话：020-83252480 / 018-45412433。可手机自助入住，无接触开门。提供高速 Wi‑Fi 及 24 小时热水。	C040
7111	云栖精品酒店	地址：霍邱县和平路348号（霍邱）。联系电话：156-78439582。提供高速 Wi‑Fi 及 24 小时热水。设有地下停车场与充电桩。可手机自助入住，无接触开门。距车站步行 5 分钟，交通便利。	C032
7112	桔子精品酒店	地址：霍邱县中心路51号（霍邱）。联系电话：032-76583495 / 183-46858010。客房配备记忆棉床垫，保证舒适睡眠。酒店内有健身房和洗衣房，住客免费使用。前台多语言服务，支持行李寄存。	C032
7113	云栖度假酒店	地址：霍邱县迎宾大道6号（霍邱）。联系电话：180-76816804。酒店内有健身房和洗衣房，住客免费使用。含自助早餐，菜品丰富。部分房型可俯瞰城市天际线。	C032
7114	碧桂度假酒店	地址：霍邱县人民大道61号（霍邱）。联系电话：051-51525922 / 195-56719874。部分房型可俯瞰城市天际线。含自助早餐，菜品丰富。距车站步行 5 分钟，交通便利。前台多语言服务，支持行李寄存。	C032
7115	碧桂国际酒店	地址：怀仁县建设路50号（怀仁东）。联系电话：046-85245259 / 159-44093110。距车站步行 5 分钟，交通便利。前台多语言服务，支持行李寄存。提供高速 Wi‑Fi 及 24 小时热水。	C149
7116	雅致国际酒店	地址：怀仁县朝阳街96号（怀仁东）。联系电话：027-49280037。周边 500 米内即是商场与美食街。含自助早餐，菜品丰富。酒店内有健身房和洗衣房，住客免费使用。可手机自助入住，无接触开门。	C149
7117	柏栎酒店	地址：怀仁县人民大道313号（怀仁东）。联系电话：032-76686894 / 186-62619912。周边 500 米内即是商场与美食街。前台多语言服务，支持行李寄存。部分房型可俯瞰城市天际线。	C149
7118	枫叶大酒店	地址：怀仁县人民大道74号（怀仁东）。联系电话：180-28737803 / 190-67114007。距车站步行 5 分钟，交通便利。周边 500 米内即是商场与美食街。	C149
7119	锦江度假酒店	地址：鄂州解放路78号（华容东）。联系电话：040-76779302。周边 500 米内即是商场与美食街。前台多语言服务，支持行李寄存。可手机自助入住，无接触开门。	C270
7120	花筑精品酒店	地址：鄂州建设路76号（华容东）。联系电话：023-56384011 / 056-67433574。前台多语言服务，支持行李寄存。设有地下停车场与充电桩。	C270
7121	花筑宾馆	地址：鄂州中心路176号（华容东）。联系电话：186-88813256。距车站步行 5 分钟，交通便利。提供高速 Wi‑Fi 及 24 小时热水。部分房型可俯瞰城市天际线。	C270
7122	碧桂度假酒店	地址：鄂州人民大道114号（华容南）。联系电话：041-70684562。部分房型可俯瞰城市天际线。可手机自助入住，无接触开门。客房配备记忆棉床垫，保证舒适睡眠。	C270
7123	花筑宾馆	地址：鄂州中心路76号（华容南）。联系电话：183-36524699。距车站步行 5 分钟，交通便利。提供高速 Wi‑Fi 及 24 小时热水。	C270
7124	月光大酒店	地址：鄂州迎宾大道119号（华容南）。联系电话：155-64455700。设有地下停车场与充电桩。提供高速 Wi‑Fi 及 24 小时热水。酒店内有健身房和洗衣房，住客免费使用。前台多语言服务，支持行李寄存。	C270
7125	云栖酒店	地址：鄂州建设路229号（华容南）。联系电话：036-75830990。距车站步行 5 分钟，交通便利。周边 500 米内即是商场与美食街。前台多语言服务，支持行李寄存。设有地下停车场与充电桩。	C270
7126	桔子酒店	地址：黑山县朝阳街267号（黑山北）。联系电话：033-56523037。距车站步行 5 分钟，交通便利。客房配备记忆棉床垫，保证舒适睡眠。	C281
7127	花筑精品酒店	地址：黑山县朝阳街13号（黑山北）。联系电话：138-49914378。可手机自助入住，无接触开门。部分房型可俯瞰城市天际线。设有地下停车场与充电桩。距车站步行 5 分钟，交通便利。	C281
7128	丽枫国际酒店	地址：衡水朝阳街350号（衡水北）。联系电话：047-26696668。酒店内有健身房和洗衣房，住客免费使用。距车站步行 5 分钟，交通便利。可手机自助入住，无接触开门。提供高速 Wi‑Fi 及 24 小时热水。	C241
7129	沐兰大酒店	地址：衡水中心路218号（衡水北）。联系电话：056-65068331。设有地下停车场与充电桩。周边 500 米内即是商场与美食街。客房配备记忆棉床垫，保证舒适睡眠。	C241
7130	锦江度假酒店	地址：衡水人民大道269号（衡水北）。联系电话：018-40162431 / 027-45773850。客房配备记忆棉床垫，保证舒适睡眠。距车站步行 5 分钟，交通便利。	C241
7131	枫叶大酒店	地址：黄山朝阳街290号（黄山北）。联系电话：014-64865820。提供高速 Wi‑Fi 及 24 小时热水。前台多语言服务，支持行李寄存。	C308
7132	柏栎宾馆	地址：黄山和平路55号（黄山北）。联系电话：037-40568780 / 182-16969984。设有地下停车场与充电桩。含自助早餐，菜品丰富。	C308
7133	月光度假酒店	地址：黄石中心路210号（黄石北）。联系电话：019-69808951。含自助早餐，菜品丰富。客房配备记忆棉床垫，保证舒适睡眠。设有地下停车场与充电桩。提供高速 Wi‑Fi 及 24 小时热水。	C309
7134	雅致国际酒店	地址：黄石建设路338号（黄石北）。联系电话：022-32362828 / 038-80832336。设有地下停车场与充电桩。客房配备记忆棉床垫，保证舒适睡眠。	C309
7135	璞丽酒店	地址：黄石朝阳街348号（黄石北）。联系电话：154-39799399 / 039-80908881。酒店内有健身房和洗衣房，住客免费使用。可手机自助入住，无接触开门。客房配备记忆棉床垫，保证舒适睡眠。距车站步行 5 分钟，交通便利。	C309
7136	月光大酒店	地址：黄石人民大道284号（黄石北）。联系电话：159-53212831 / 023-20717013。部分房型可俯瞰城市天际线。前台多语言服务，支持行李寄存。客房配备记忆棉床垫，保证舒适睡眠。	C309
7137	锦江大酒店	地址：咸宁朝阳街315号（贺胜桥东）。联系电话：198-44314138 / 050-82201472。前台多语言服务，支持行李寄存。提供高速 Wi‑Fi 及 24 小时热水。	C063
7138	枫叶精品酒店	地址：咸宁人民大道20号（贺胜桥东）。联系电话：012-21802317 / 032-36496638。设有地下停车场与充电桩。提供高速 Wi‑Fi 及 24 小时热水。距车站步行 5 分钟，交通便利。含自助早餐，菜品丰富。	C063
7139	碧桂精品酒店	地址：咸宁和平路4号（贺胜桥东）。联系电话：192-48123900 / 195-38244379。前台多语言服务，支持行李寄存。客房配备记忆棉床垫，保证舒适睡眠。	C063
7140	云栖酒店	地址：咸宁解放路109号（贺胜桥东）。联系电话：014-34348407 / 035-59852230。可手机自助入住，无接触开门。提供高速 Wi‑Fi 及 24 小时热水。客房配备记忆棉床垫，保证舒适睡眠。设有地下停车场与充电桩。	C063
7141	星程精品酒店	地址：和硕县解放路353号（和硕）。联系电话：196-90688585。周边 500 米内即是商场与美食街。酒店内有健身房和洗衣房，住客免费使用。客房配备记忆棉床垫，保证舒适睡眠。	C105
7142	雅致度假酒店	地址：和硕县朝阳街386号（和硕）。联系电话：058-76397688。酒店内有健身房和洗衣房，住客免费使用。客房配备记忆棉床垫，保证舒适睡眠。设有地下停车场与充电桩。距车站步行 5 分钟，交通便利。	C105
7143	雅致度假酒店	地址：和硕县和平路275号（和硕）。联系电话：153-78449898 / 026-60379541。距车站步行 5 分钟，交通便利。周边 500 米内即是商场与美食街。	C105
7144	柏曼宾馆	地址：和硕县建设路53号（和硕）。联系电话：046-79749398。前台多语言服务，支持行李寄存。设有地下停车场与充电桩。	C105
7145	桔子精品酒店	地址：武汉和平路130号（花山南）。联系电话：017-40486254。周边 500 米内即是商场与美食街。距车站步行 5 分钟，交通便利。	C164
7146	璞丽精品酒店	地址：武汉迎宾大道392号（花山南）。联系电话：048-89879667 / 194-48167008。客房配备记忆棉床垫，保证舒适睡眠。提供高速 Wi‑Fi 及 24 小时热水。	C164
7147	梅园宾馆	地址：武汉人民大道24号（花山南）。联系电话：137-80987220 / 182-36247738。周边 500 米内即是商场与美食街。可手机自助入住，无接触开门。含自助早餐，菜品丰富。	C164
7148	云栖宾馆	地址：北京迎宾大道50号（黑山寺）。联系电话：011-80198614。酒店内有健身房和洗衣房，住客免费使用。周边 500 米内即是商场与美食街。	C039
7149	雅致大酒店	地址：北京朝阳街247号（黑山寺）。联系电话：150-61051612 / 016-84280776。可手机自助入住，无接触开门。前台多语言服务，支持行李寄存。提供高速 Wi‑Fi 及 24 小时热水。距车站步行 5 分钟，交通便利。	C039
7150	桔子国际酒店	地址：湘潭朝阳街95号（荷塘）。联系电话：017-62130966。周边 500 米内即是商场与美食街。客房配备记忆棉床垫，保证舒适睡眠。提供高速 Wi‑Fi 及 24 小时热水。可手机自助入住，无接触开门。	C195
7151	璞丽大酒店	地址：湘潭中心路371号（荷塘）。联系电话：028-73195024 / 154-43426671。前台多语言服务，支持行李寄存。部分房型可俯瞰城市天际线。	C195
7152	云栖国际酒店	地址：北京中心路248号（黄土店）。联系电话：150-19065080。酒店内有健身房和洗衣房，住客免费使用。客房配备记忆棉床垫，保证舒适睡眠。可手机自助入住，无接触开门。距车站步行 5 分钟，交通便利。	C039
7153	梅园国际酒店	地址：北京解放路30号（黄土店）。联系电话：193-34676339 / 133-93720434。酒店内有健身房和洗衣房，住客免费使用。设有地下停车场与充电桩。	C039
7154	枫叶酒店	地址：北京和平路322号（黄土店）。联系电话：042-61440283 / 185-46566406。酒店内有健身房和洗衣房，住客免费使用。客房配备记忆棉床垫，保证舒适睡眠。	C039
7155	丽枫酒店	地址：海阳朝阳街236号（海阳北）。联系电话：196-85501236。客房配备记忆棉床垫，保证舒适睡眠。酒店内有健身房和洗衣房，住客免费使用。距车站步行 5 分钟，交通便利。设有地下停车场与充电桩。	C205
7156	月光大酒店	地址：海阳解放路54号（海阳北）。联系电话：034-69100028 / 187-63925130。周边 500 米内即是商场与美食街。提供高速 Wi‑Fi 及 24 小时热水。酒店内有健身房和洗衣房，住客免费使用。	C205
7157	月光度假酒店	地址：海阳中心路47号（海阳北）。联系电话：050-36872358 / 186-28788218。酒店内有健身房和洗衣房，住客免费使用。提供高速 Wi‑Fi 及 24 小时热水。部分房型可俯瞰城市天际线。	C205
7158	梅园大酒店	地址：海阳迎宾大道348号（海阳北）。联系电话：134-60240636。客房配备记忆棉床垫，保证舒适睡眠。可手机自助入住，无接触开门。酒店内有健身房和洗衣房，住客免费使用。前台多语言服务，支持行李寄存。	C205
7159	月光国际酒店	地址：合阳县建设路181号（合阳北）。联系电话：030-81919456。酒店内有健身房和洗衣房，住客免费使用。含自助早餐，菜品丰富。前台多语言服务，支持行李寄存。周边 500 米内即是商场与美食街。	C193
7160	悦榕度假酒店	地址：合阳县和平路114号（合阳北）。联系电话：049-51270375 / 057-24532493。客房配备记忆棉床垫，保证舒适睡眠。含自助早餐，菜品丰富。设有地下停车场与充电桩。周边 500 米内即是商场与美食街。	C193
7161	月光国际酒店	地址：合阳县解放路250号（合阳北）。联系电话：057-55634004 / 046-56257084。含自助早餐，菜品丰富。客房配备记忆棉床垫，保证舒适睡眠。可手机自助入住，无接触开门。	C193
7162	月光国际酒店	地址：孝感解放路159号（槐荫）。联系电话：058-68240850 / 051-68382671。部分房型可俯瞰城市天际线。前台多语言服务，支持行李寄存。	C086
7163	璞丽国际酒店	地址：孝感解放路39号（槐荫）。联系电话：136-60656183 / 054-67138079。距车站步行 5 分钟，交通便利。提供高速 Wi‑Fi 及 24 小时热水。设有地下停车场与充电桩。	C086
7164	柏曼大酒店	地址：孝感建设路256号（槐荫）。联系电话：186-70300176 / 034-81427012。设有地下停车场与充电桩。可手机自助入住，无接触开门。距车站步行 5 分钟，交通便利。	C086
7165	枫叶精品酒店	地址：孝感建设路352号（槐荫）。联系电话：023-37847040。设有地下停车场与充电桩。提供高速 Wi‑Fi 及 24 小时热水。可手机自助入住，无接触开门。	C086
7166	璞丽精品酒店	地址：西安人民大道310号（鄠邑）。联系电话：159-58175943。部分房型可俯瞰城市天际线。周边 500 米内即是商场与美食街。	C246
7167	丽枫宾馆	地址：西安中心路303号（鄠邑）。联系电话：047-31336800。客房配备记忆棉床垫，保证舒适睡眠。可手机自助入住，无接触开门。	C246
7168	丽枫宾馆	地址：庄河和平路57号（花园口）。联系电话：040-46266234。可手机自助入住，无接触开门。含自助早餐，菜品丰富。提供高速 Wi‑Fi 及 24 小时热水。周边 500 米内即是商场与美食街。	C080
7169	星程度假酒店	地址：庄河建设路129号（花园口）。联系电话：043-66045482 / 040-37058077。部分房型可俯瞰城市天际线。周边 500 米内即是商场与美食街。含自助早餐，菜品丰富。	C080
7170	雅致大酒店	地址：霍州解放路265号（霍州东）。联系电话：028-62813196。周边 500 米内即是商场与美食街。设有地下停车场与充电桩。	C011
7171	柏栎精品酒店	地址：霍州中心路222号（霍州东）。联系电话：025-72954583。前台多语言服务，支持行李寄存。周边 500 米内即是商场与美食街。	C011
7172	锦江精品酒店	地址：霍州中心路389号（霍州东）。联系电话：182-16304965 / 154-29522536。酒店内有健身房和洗衣房，住客免费使用。提供高速 Wi‑Fi 及 24 小时热水。距车站步行 5 分钟，交通便利。客房配备记忆棉床垫，保证舒适睡眠。	C011
7173	星程宾馆	地址：惠州中心路229号（惠州南）。联系电话：154-77665365 / 033-63119020。周边 500 米内即是商场与美食街。前台多语言服务，支持行李寄存。可手机自助入住，无接触开门。设有地下停车场与充电桩。	C127
7174	柏栎精品酒店	地址：惠州人民大道336号（惠州南）。联系电话：057-32079636。设有地下停车场与充电桩。距车站步行 5 分钟，交通便利。	C127
7175	花筑精品酒店	地址：东丰县迎宾大道132号（建安）。联系电话：190-61375858。前台多语言服务，支持行李寄存。含自助早餐，菜品丰富。周边 500 米内即是商场与美食街。客房配备记忆棉床垫，保证舒适睡眠。	C254
7176	枫叶国际酒店	地址：东丰县朝阳街363号（建安）。联系电话：018-66210867。前台多语言服务，支持行李寄存。含自助早餐，菜品丰富。	C254
7177	锦江宾馆	地址：泾川县朝阳街260号（泾川）。联系电话：152-74678409 / 023-48462357。客房配备记忆棉床垫，保证舒适睡眠。周边 500 米内即是商场与美食街。	C108
7178	楠舍大酒店	地址：泾川县中心路106号（泾川）。联系电话：045-42885269。周边 500 米内即是商场与美食街。可手机自助入住，无接触开门。	C108
7179	沐兰大酒店	地址：泾川县解放路223号（泾川）。联系电话：028-29303992 / 051-36801037。客房配备记忆棉床垫，保证舒适睡眠。提供高速 Wi‑Fi 及 24 小时热水。	C108
7180	楠舍度假酒店	地址：本溪满族自治县朝阳街132号（碱厂）。联系电话：195-22614661。部分房型可俯瞰城市天际线。客房配备记忆棉床垫，保证舒适睡眠。提供高速 Wi‑Fi 及 24 小时热水。周边 500 米内即是商场与美食街。	C151
7181	云栖宾馆	地址：本溪满族自治县朝阳街194号（碱厂）。联系电话：032-42405734。周边 500 米内即是商场与美食街。部分房型可俯瞰城市天际线。含自助早餐，菜品丰富。	C151
7182	柏栎精品酒店	地址：本溪满族自治县建设路47号（碱厂）。联系电话：154-84471760。客房配备记忆棉床垫，保证舒适睡眠。周边 500 米内即是商场与美食街。	C151
7183	桔子宾馆	地址：景德镇人民大道203号（景德镇北）。联系电话：194-26629916 / 012-87806130。提供高速 Wi‑Fi 及 24 小时热水。部分房型可俯瞰城市天际线。客房配备记忆棉床垫，保证舒适睡眠。	C147
7184	沐兰精品酒店	地址：景德镇建设路18号（景德镇北）。联系电话：027-62896206。设有地下停车场与充电桩。距车站步行 5 分钟，交通便利。酒店内有健身房和洗衣房，住客免费使用。	C147
7185	沐兰度假酒店	地址：旌德县解放路179号（旌德）。联系电话：053-30227545。可手机自助入住，无接触开门。距车站步行 5 分钟，交通便利。设有地下停车场与充电桩。部分房型可俯瞰城市天际线。	C098
7186	沐兰度假酒店	地址：旌德县建设路45号（旌德）。联系电话：196-25188053。前台多语言服务，支持行李寄存。含自助早餐，菜品丰富。	C098
7187	月光宾馆	地址：旌德县人民大道282号（旌德）。联系电话：153-11495556 / 047-83969906。部分房型可俯瞰城市天际线。客房配备记忆棉床垫，保证舒适睡眠。酒店内有健身房和洗衣房，住客免费使用。前台多语言服务，支持行李寄存。	C098
7188	璞丽国际酒店	地址：旌德县人民大道295号（旌德）。联系电话：153-17842198。含自助早餐，菜品丰富。距车站步行 5 分钟，交通便利。	C098
7189	花筑酒店	地址：建德中心路110号（建德）。联系电话：054-80593362 / 044-28777252。设有地下停车场与充电桩。前台多语言服务，支持行李寄存。	C153
7190	桔子宾馆	地址：建德朝阳街24号（建德）。联系电话：043-76984078 / 184-75567078。距车站步行 5 分钟，交通便利。可手机自助入住，无接触开门。含自助早餐，菜品丰富。	C153
7191	碧桂度假酒店	地址：乐东黎族自治县迎宾大道360号（尖峰）。联系电话：132-11646796 / 134-40588059。设有地下停车场与充电桩。提供高速 Wi‑Fi 及 24 小时热水。客房配备记忆棉床垫，保证舒适睡眠。	C319
7192	锦江酒店	地址：乐东黎族自治县朝阳街10号（尖峰）。联系电话：196-97590425。设有地下停车场与充电桩。前台多语言服务，支持行李寄存。	C319
7193	枫叶大酒店	地址：沈阳建设路88号（近海）。联系电话：184-24951098 / 012-71540628。距车站步行 5 分钟，交通便利。设有地下停车场与充电桩。	C172
7194	柏曼大酒店	地址：沈阳中心路26号（近海）。联系电话：033-74291441 / 043-68932029。部分房型可俯瞰城市天际线。可手机自助入住，无接触开门。设有地下停车场与充电桩。距车站步行 5 分钟，交通便利。	C172
7195	雅致度假酒店	地址：沈阳建设路295号（近海）。联系电话：043-87333458 / 150-68365020。前台多语言服务，支持行李寄存。酒店内有健身房和洗衣房，住客免费使用。	C172
7196	梅园精品酒店	地址：蛟河中心路286号（蛟河西）。联系电话：191-42507294 / 047-76712208。可手机自助入住，无接触开门。前台多语言服务，支持行李寄存。	C055
7197	桔子酒店	地址：蛟河建设路266号（蛟河西）。联系电话：138-38215134 / 040-77719364。酒店内有健身房和洗衣房，住客免费使用。周边 500 米内即是商场与美食街。设有地下停车场与充电桩。	C055
7198	月光酒店	地址：蛟河朝阳街16号（蛟河西）。联系电话：059-63876951 / 010-41566982。周边 500 米内即是商场与美食街。含自助早餐，菜品丰富。	C055
7199	柏曼大酒店	地址：天津迎宾大道248号（军粮城北）。联系电话：046-67439127 / 151-72884252。周边 500 米内即是商场与美食街。可手机自助入住，无接触开门。	C082
7200	雅致精品酒店	地址：天津中心路312号（军粮城北）。联系电话：055-60468364 / 032-81178560。酒店内有健身房和洗衣房，住客免费使用。部分房型可俯瞰城市天际线。	C082
7201	锦江宾馆	地址：将乐县和平路58号（将乐）。联系电话：154-36728988。含自助早餐，菜品丰富。部分房型可俯瞰城市天际线。	C003
7202	月光宾馆	地址：将乐县中心路67号（将乐）。联系电话：131-71112492。客房配备记忆棉床垫，保证舒适睡眠。前台多语言服务，支持行李寄存。	C003
7203	璞丽度假酒店	地址：将乐县中心路364号（将乐）。联系电话：137-36407310 / 196-74350253。酒店内有健身房和洗衣房，住客免费使用。设有地下停车场与充电桩。可手机自助入住，无接触开门。	C003
7204	璞丽宾馆	地址：将乐县解放路147号（将乐）。联系电话：159-35150069。距车站步行 5 分钟，交通便利。可手机自助入住，无接触开门。含自助早餐，菜品丰富。提供高速 Wi‑Fi 及 24 小时热水。	C003
7205	璞丽度假酒店	地址：郑州人民大道126号（贾鲁河）。联系电话：056-29462361。客房配备记忆棉床垫，保证舒适睡眠。部分房型可俯瞰城市天际线。提供高速 Wi‑Fi 及 24 小时热水。	C267
7206	枫叶大酒店	地址：郑州迎宾大道324号（贾鲁河）。联系电话：134-23198338。设有地下停车场与充电桩。周边 500 米内即是商场与美食街。客房配备记忆棉床垫，保证舒适睡眠。	C267
7207	星程度假酒店	地址：郑州解放路69号（贾鲁河）。联系电话：186-63721666 / 051-39321428。前台多语言服务，支持行李寄存。可手机自助入住，无接触开门。	C267
7208	锦江国际酒店	地址：株洲建设路137号（九郎山）。联系电话：155-48646315 / 192-60859484。前台多语言服务，支持行李寄存。设有地下停车场与充电桩。距车站步行 5 分钟，交通便利。可手机自助入住，无接触开门。	C157
7209	璞丽宾馆	地址：株洲解放路234号（九郎山）。联系电话：015-48318900。部分房型可俯瞰城市天际线。客房配备记忆棉床垫，保证舒适睡眠。周边 500 米内即是商场与美食街。	C157
7210	云栖精品酒店	地址：株洲解放路85号（九郎山）。联系电话：185-55278897。可手机自助入住，无接触开门。周边 500 米内即是商场与美食街。提供高速 Wi‑Fi 及 24 小时热水。	C157
7211	梅园精品酒店	地址：株洲人民大道383号（九郎山）。联系电话：024-77421148。客房配备记忆棉床垫，保证舒适睡眠。周边 500 米内即是商场与美食街。部分房型可俯瞰城市天际线。可手机自助入住，无接触开门。	C157
7212	花筑宾馆	地址：青岛迎宾大道133号（即墨北）。联系电话：025-73892354。可手机自助入住，无接触开门。客房配备记忆棉床垫，保证舒适睡眠。设有地下停车场与充电桩。提供高速 Wi‑Fi 及 24 小时热水。	C297
7213	丽枫酒店	地址：青岛和平路220号（即墨北）。联系电话：033-86925379 / 136-89039685。酒店内有健身房和洗衣房，住客免费使用。客房配备记忆棉床垫，保证舒适睡眠。	C297
7214	锦江大酒店	地址：剑阁县人民大道28号（剑门关）。联系电话：199-59982641 / 023-58827657。部分房型可俯瞰城市天际线。设有地下停车场与充电桩。周边 500 米内即是商场与美食街。	C110
7215	桔子度假酒店	地址：剑阁县建设路9号（剑门关）。联系电话：188-14910701 / 137-57508473。部分房型可俯瞰城市天际线。客房配备记忆棉床垫，保证舒适睡眠。提供高速 Wi‑Fi 及 24 小时热水。距车站步行 5 分钟，交通便利。	C110
7216	星程精品酒店	地址：剑阁县朝阳街133号（剑门关）。联系电话：191-99224097。酒店内有健身房和洗衣房，住客免费使用。提供高速 Wi‑Fi 及 24 小时热水。含自助早餐，菜品丰富。	C110
7217	沐兰国际酒店	地址：佳木斯迎宾大道2号（佳木斯西）。联系电话：017-58750736 / 031-83961214。提供高速 Wi‑Fi 及 24 小时热水。部分房型可俯瞰城市天际线。周边 500 米内即是商场与美食街。客房配备记忆棉床垫，保证舒适睡眠。	C026
7218	丽枫精品酒店	地址：佳木斯中心路67号（佳木斯西）。联系电话：152-59036369 / 035-74569728。前台多语言服务，支持行李寄存。周边 500 米内即是商场与美食街。距车站步行 5 分钟，交通便利。酒店内有健身房和洗衣房，住客免费使用。	C026
7219	碧桂宾馆	地址：佳木斯和平路197号（佳木斯西）。联系电话：048-48188306 / 192-47227853。距车站步行 5 分钟，交通便利。客房配备记忆棉床垫，保证舒适睡眠。部分房型可俯瞰城市天际线。含自助早餐，菜品丰富。	C026
7220	璞丽度假酒店	地址：佳木斯朝阳街352号（佳木斯西）。联系电话：047-24117222 / 159-73315593。周边 500 米内即是商场与美食街。提供高速 Wi‑Fi 及 24 小时热水。含自助早餐，菜品丰富。	C026
7221	丽枫国际酒店	地址：建宁县中心路112号（建宁县北）。联系电话：054-34026979。设有地下停车场与充电桩。可手机自助入住，无接触开门。	C003
7222	梅园酒店	地址：建宁县和平路27号（建宁县北）。联系电话：056-47605085 / 045-86298082。酒店内有健身房和洗衣房，住客免费使用。周边 500 米内即是商场与美食街。	C003
7223	枫叶酒店	地址：建宁县和平路290号（建宁县北）。联系电话：194-40239103 / 153-75795510。前台多语言服务，支持行李寄存。可手机自助入住，无接触开门。提供高速 Wi‑Fi 及 24 小时热水。	C003
7224	璞丽酒店	地址：济南中心路9号（济南东）。联系电话：014-60991310。距车站步行 5 分钟，交通便利。客房配备记忆棉床垫，保证舒适睡眠。	C180
7225	星程度假酒店	地址：济南人民大道386号（济南东）。联系电话：187-70013137。提供高速 Wi‑Fi 及 24 小时热水。前台多语言服务，支持行李寄存。含自助早餐，菜品丰富。	C180
7226	星程精品酒店	地址：南京建设路198号（江宁）。联系电话：055-44648753 / 025-71495609。含自助早餐，菜品丰富。提供高速 Wi‑Fi 及 24 小时热水。	C042
7227	星程大酒店	地址：南京建设路386号（江宁）。联系电话：136-81084312。酒店内有健身房和洗衣房，住客免费使用。客房配备记忆棉床垫，保证舒适睡眠。提供高速 Wi‑Fi 及 24 小时热水。设有地下停车场与充电桩。	C042
7228	梅园精品酒店	地址：南京朝阳街353号（江宁西）。联系电话：023-77164274。含自助早餐，菜品丰富。周边 500 米内即是商场与美食街。酒店内有健身房和洗衣房，住客免费使用。设有地下停车场与充电桩。	C042
7229	雅致大酒店	地址：南京和平路344号（江宁西）。联系电话：025-28488946 / 054-45740714。部分房型可俯瞰城市天际线。周边 500 米内即是商场与美食街。	C042
7230	云栖度假酒店	地址：建瓯迎宾大道362号（建瓯西）。联系电话：159-18947907。客房配备记忆棉床垫，保证舒适睡眠。酒店内有健身房和洗衣房，住客免费使用。含自助早餐，菜品丰富。	C045
7231	星程精品酒店	地址：建瓯朝阳街67号（建瓯西）。联系电话：019-64252546 / 022-48878315。酒店内有健身房和洗衣房，住客免费使用。周边 500 米内即是商场与美食街。可手机自助入住，无接触开门。含自助早餐，菜品丰富。	C045
7232	柏栎宾馆	地址：建瓯建设路71号（建瓯西）。联系电话：053-45057682 / 132-87730085。设有地下停车场与充电桩。可手机自助入住，无接触开门。	C045
7233	桔子宾馆	地址：建瓯朝阳街388号（建瓯西）。联系电话：150-50146669 / 023-51901942。可手机自助入住，无接触开门。酒店内有健身房和洗衣房，住客免费使用。部分房型可俯瞰城市天际线。	C045
7234	梅园度假酒店	地址：酒泉中心路358号（酒泉南）。联系电话：187-62062144。含自助早餐，菜品丰富。前台多语言服务，支持行李寄存。设有地下停车场与充电桩。	C271
7235	雅致精品酒店	地址：酒泉解放路171号（酒泉南）。联系电话：194-18384371。前台多语言服务，支持行李寄存。含自助早餐，菜品丰富。客房配备记忆棉床垫，保证舒适睡眠。距车站步行 5 分钟，交通便利。	C271
7236	柏栎酒店	地址：酒泉解放路314号（酒泉南）。联系电话：026-24515476 / 131-62969840。距车站步行 5 分钟，交通便利。提供高速 Wi‑Fi 及 24 小时热水。	C271
7237	桔子度假酒店	地址：酒泉和平路50号（酒泉南）。联系电话：048-34967163。客房配备记忆棉床垫，保证舒适睡眠。周边 500 米内即是商场与美食街。前台多语言服务，支持行李寄存。可手机自助入住，无接触开门。	C271
7238	星程精品酒店	地址：句容解放路146号（句容西）。联系电话：019-87615465。部分房型可俯瞰城市天际线。客房配备记忆棉床垫，保证舒适睡眠。	C282
7239	枫叶宾馆	地址：句容朝阳街211号（句容西）。联系电话：151-18954238。酒店内有健身房和洗衣房，住客免费使用。前台多语言服务，支持行李寄存。周边 500 米内即是商场与美食街。	C282
7240	沐兰度假酒店	地址：建水县建设路295号（建水）。联系电话：152-55552411 / 186-17553449。距车站步行 5 分钟，交通便利。前台多语言服务，支持行李寄存。	C223
7241	星程宾馆	地址：建水县建设路259号（建水）。联系电话：058-64275302。周边 500 米内即是商场与美食街。可手机自助入住，无接触开门。	C223
7242	桔子度假酒店	地址：建水县和平路350号（建水）。联系电话：013-64062785。部分房型可俯瞰城市天际线。提供高速 Wi‑Fi 及 24 小时热水。酒店内有健身房和洗衣房，住客免费使用。	C223
7243	花筑大酒店	地址：建水县解放路372号（建水）。联系电话：185-95213971。距车站步行 5 分钟，交通便利。设有地下停车场与充电桩。含自助早餐，菜品丰富。客房配备记忆棉床垫，保证舒适睡眠。	C223
7244	悦榕精品酒店	地址：长沙解放路324号（尖山）。联系电话：189-72233338。提供高速 Wi‑Fi 及 24 小时热水。部分房型可俯瞰城市天际线。可手机自助入住，无接触开门。	C284
7245	梅园酒店	地址：长沙迎宾大道188号（尖山）。联系电话：185-23819129。提供高速 Wi‑Fi 及 24 小时热水。前台多语言服务，支持行李寄存。部分房型可俯瞰城市天际线。	C284
7246	丽枫度假酒店	地址：界首迎宾大道311号（界首市）。联系电话：016-52884083。可手机自助入住，无接触开门。客房配备记忆棉床垫，保证舒适睡眠。	C287
7247	丽枫精品酒店	地址：界首人民大道347号（界首市）。联系电话：029-40585546 / 182-78853081。客房配备记忆棉床垫，保证舒适睡眠。周边 500 米内即是商场与美食街。部分房型可俯瞰城市天际线。	C287
7248	桔子大酒店	地址：界首解放路213号（界首市）。联系电话：056-59280545。可手机自助入住，无接触开门。提供高速 Wi‑Fi 及 24 小时热水。	C287
7249	桔子精品酒店	地址：绩溪县迎宾大道187号（绩溪北）。联系电话：020-22189322。周边 500 米内即是商场与美食街。设有地下停车场与充电桩。部分房型可俯瞰城市天际线。客房配备记忆棉床垫，保证舒适睡眠。	C098
7250	桔子大酒店	地址：绩溪县解放路245号（绩溪北）。联系电话：036-70363357。设有地下停车场与充电桩。距车站步行 5 分钟，交通便利。周边 500 米内即是商场与美食街。提供高速 Wi‑Fi 及 24 小时热水。	C098
7251	悦榕度假酒店	地址：绩溪县中心路329号（绩溪北）。联系电话：014-31699710 / 138-53478944。客房配备记忆棉床垫，保证舒适睡眠。距车站步行 5 分钟，交通便利。	C098
7252	楠舍大酒店	地址：介休中心路168号（介休东）。联系电话：156-14313862 / 186-67692989。提供高速 Wi‑Fi 及 24 小时热水。设有地下停车场与充电桩。	C145
7253	枫叶精品酒店	地址：介休解放路339号（介休东）。联系电话：031-27094699。酒店内有健身房和洗衣房，住客免费使用。提供高速 Wi‑Fi 及 24 小时热水。	C145
7254	锦江宾馆	地址：介休建设路373号（介休东）。联系电话：024-28469649 / 134-59577474。提供高速 Wi‑Fi 及 24 小时热水。客房配备记忆棉床垫，保证舒适睡眠。可手机自助入住，无接触开门。含自助早餐，菜品丰富。	C145
7255	梅园酒店	地址：介休人民大道316号（介休东）。联系电话：053-63001569 / 198-62357516。周边 500 米内即是商场与美食街。客房配备记忆棉床垫，保证舒适睡眠。	C145
7256	悦榕宾馆	地址：泾县中心路241号（泾县）。联系电话：040-78617746。周边 500 米内即是商场与美食街。酒店内有健身房和洗衣房，住客免费使用。	C098
7257	枫叶大酒店	地址：泾县建设路388号（泾县）。联系电话：010-39804621 / 029-86883902。前台多语言服务，支持行李寄存。设有地下停车场与充电桩。可手机自助入住，无接触开门。距车站步行 5 分钟，交通便利。	C098
7258	雅致酒店	地址：泾县朝阳街116号（泾县）。联系电话：192-56741335 / 039-57080952。设有地下停车场与充电桩。含自助早餐，菜品丰富。	C098
7259	花筑度假酒店	地址：泾县解放路236号（泾县）。联系电话：159-89017034 / 052-35201651。提供高速 Wi‑Fi 及 24 小时热水。前台多语言服务，支持行李寄存。	C098
7260	丽枫国际酒店	地址：靖西解放路290号（靖西）。联系电话：039-41194049。酒店内有健身房和洗衣房，住客免费使用。前台多语言服务，支持行李寄存。提供高速 Wi‑Fi 及 24 小时热水。	C214
7261	桔子国际酒店	地址：靖西解放路130号（靖西）。联系电话：181-96082827 / 054-49120005。含自助早餐，菜品丰富。提供高速 Wi‑Fi 及 24 小时热水。可手机自助入住，无接触开门。距车站步行 5 分钟，交通便利。	C214
7262	璞丽国际酒店	地址：进贤县朝阳街183号（进贤南）。联系电话：056-42360351。前台多语言服务，支持行李寄存。设有地下停车场与充电桩。酒店内有健身房和洗衣房，住客免费使用。	C046
7263	楠舍酒店	地址：进贤县朝阳街107号（进贤南）。联系电话：029-45121125 / 153-43965949。含自助早餐，菜品丰富。可手机自助入住，无接触开门。酒店内有健身房和洗衣房，住客免费使用。设有地下停车场与充电桩。	C046
7264	月光精品酒店	地址：进贤县人民大道34号（进贤南）。联系电话：130-88924032 / 042-48185723。客房配备记忆棉床垫，保证舒适睡眠。酒店内有健身房和洗衣房，住客免费使用。	C046
7265	花筑大酒店	地址：江油建设路86号（江油北）。联系电话：130-76240872 / 192-47768708。部分房型可俯瞰城市天际线。酒店内有健身房和洗衣房，住客免费使用。周边 500 米内即是商场与美食街。提供高速 Wi‑Fi 及 24 小时热水。	C226
7266	梅园度假酒店	地址：江油建设路365号（江油北）。联系电话：150-92182347。含自助早餐，菜品丰富。前台多语言服务，支持行李寄存。设有地下停车场与充电桩。	C226
7267	柏栎大酒店	地址：江油中心路241号（江油北）。联系电话：191-96441034 / 152-60453554。周边 500 米内即是商场与美食街。提供高速 Wi‑Fi 及 24 小时热水。可手机自助入住，无接触开门。部分房型可俯瞰城市天际线。	C226
7268	花筑大酒店	地址：江油迎宾大道253号（江油北）。联系电话：056-53541018 / 194-44833103。前台多语言服务，支持行李寄存。含自助早餐，菜品丰富。周边 500 米内即是商场与美食街。	C226
7269	星程精品酒店	地址：简阳人民大道225号（简阳南）。联系电话：042-39066567。距车站步行 5 分钟，交通便利。含自助早餐，菜品丰富。设有地下停车场与充电桩。	C128
7270	悦榕度假酒店	地址：简阳朝阳街100号（简阳南）。联系电话：185-83158796 / 158-41590844。周边 500 米内即是商场与美食街。酒店内有健身房和洗衣房，住客免费使用。设有地下停车场与充电桩。提供高速 Wi‑Fi 及 24 小时热水。	C128
7271	丽枫度假酒店	地址：简阳人民大道294号（简阳南）。联系电话：013-61890057。可手机自助入住，无接触开门。设有地下停车场与充电桩。客房配备记忆棉床垫，保证舒适睡眠。周边 500 米内即是商场与美食街。	C128
7272	雅致度假酒店	地址：嘉峪关朝阳街349号（嘉峪关南）。联系电话：151-86844385 / 057-87940722。客房配备记忆棉床垫，保证舒适睡眠。酒店内有健身房和洗衣房，住客免费使用。可手机自助入住，无接触开门。	C072
7273	丽枫酒店	地址：嘉峪关朝阳街240号（嘉峪关南）。联系电话：192-83960425。提供高速 Wi‑Fi 及 24 小时热水。部分房型可俯瞰城市天际线。含自助早餐，菜品丰富。	C072
7274	碧桂酒店	地址：武汉建设路99号（金银潭）。联系电话：054-21666782。酒店内有健身房和洗衣房，住客免费使用。部分房型可俯瞰城市天际线。含自助早餐，菜品丰富。	C164
7275	桔子国际酒店	地址：武汉迎宾大道290号（金银潭）。联系电话：182-68989728 / 134-29259017。设有地下停车场与充电桩。周边 500 米内即是商场与美食街。可手机自助入住，无接触开门。提供高速 Wi‑Fi 及 24 小时热水。	C164
7276	梅园酒店	地址：武汉解放路255号（金银潭）。联系电话：194-30209761 / 193-89887269。含自助早餐，菜品丰富。设有地下停车场与充电桩。	C164
7277	柏栎大酒店	地址：武汉迎宾大道208号（金银潭）。联系电话：182-56329245 / 187-85832369。距车站步行 5 分钟，交通便利。提供高速 Wi‑Fi 及 24 小时热水。	C164
7278	沐兰国际酒店	地址：靖宇县朝阳街369号（靖宇）。联系电话：043-77251594。距车站步行 5 分钟，交通便利。客房配备记忆棉床垫，保证舒适睡眠。酒店内有健身房和洗衣房，住客免费使用。	C212
7279	梅园大酒店	地址：靖宇县朝阳街147号（靖宇）。联系电话：139-93897721。周边 500 米内即是商场与美食街。部分房型可俯瞰城市天际线。含自助早餐，菜品丰富。	C212
7280	柏曼国际酒店	地址：靖宇县中心路277号（靖宇）。联系电话：043-51025875。提供高速 Wi‑Fi 及 24 小时热水。客房配备记忆棉床垫，保证舒适睡眠。距车站步行 5 分钟，交通便利。前台多语言服务，支持行李寄存。	C212
7281	云栖宾馆	地址：东方人民大道160号（金月湾）。联系电话：039-70662588 / 014-42946675。距车站步行 5 分钟，交通便利。设有地下停车场与充电桩。客房配备记忆棉床垫，保证舒适睡眠。提供高速 Wi‑Fi 及 24 小时热水。	C319
7282	梅园大酒店	地址：东方人民大道164号（金月湾）。联系电话：151-65740958。周边 500 米内即是商场与美食街。含自助早餐，菜品丰富。	C319
7283	云栖国际酒店	地址：东方建设路144号（金月湾）。联系电话：188-24987380。提供高速 Wi‑Fi 及 24 小时热水。酒店内有健身房和洗衣房，住客免费使用。可手机自助入住，无接触开门。部分房型可俯瞰城市天际线。	C319
7284	柏栎国际酒店	地址：缙云县和平路242号（缙云西）。联系电话：196-44835141 / 197-66997876。可手机自助入住，无接触开门。酒店内有健身房和洗衣房，住客免费使用。前台多语言服务，支持行李寄存。	C014
7285	悦榕国际酒店	地址：缙云县建设路200号（缙云西）。联系电话：188-17469037。设有地下停车场与充电桩。距车站步行 5 分钟，交通便利。	C014
7286	碧桂国际酒店	地址：缙云县迎宾大道399号（缙云西）。联系电话：014-89176301 / 196-93752749。酒店内有健身房和洗衣房，住客免费使用。部分房型可俯瞰城市天际线。可手机自助入住，无接触开门。	C014
7287	锦江度假酒店	地址：景县建设路222号（景州）。联系电话：037-72893428 / 189-89810232。周边 500 米内即是商场与美食街。距车站步行 5 分钟，交通便利。提供高速 Wi‑Fi 及 24 小时热水。可手机自助入住，无接触开门。	C241
7288	月光宾馆	地址：景县和平路19号（景州）。联系电话：198-15062439。距车站步行 5 分钟，交通便利。周边 500 米内即是商场与美食街。前台多语言服务，支持行李寄存。	C241
7289	锦江国际酒店	地址：景县迎宾大道15号（景州）。联系电话：048-48673611 / 131-79021222。周边 500 米内即是商场与美食街。距车站步行 5 分钟，交通便利。	C241
7290	楠舍国际酒店	地址：景县人民大道229号（景州）。联系电话：132-21998424 / 023-47247466。周边 500 米内即是商场与美食街。可手机自助入住，无接触开门。	C241
7291	云栖酒店	地址：晋中迎宾大道392号（晋中）。联系电话：155-52542901 / 045-76857803。可手机自助入住，无接触开门。前台多语言服务，支持行李寄存。提供高速 Wi‑Fi 及 24 小时热水。	C145
7292	柏曼精品酒店	地址：晋中人民大道290号（晋中）。联系电话：130-98844971 / 181-19754910。可手机自助入住，无接触开门。含自助早餐，菜品丰富。	C145
7293	沐兰度假酒店	地址：开封朝阳街189号（开封北）。联系电话：187-12242942。客房配备记忆棉床垫，保证舒适睡眠。设有地下停车场与充电桩。含自助早餐，菜品丰富。周边 500 米内即是商场与美食街。	C117
7294	碧桂大酒店	地址：开封和平路318号（开封北）。联系电话：055-39790247。部分房型可俯瞰城市天际线。距车站步行 5 分钟，交通便利。	C117
7295	楠舍宾馆	地址：开封中心路360号（开封北）。联系电话：053-56734406。可手机自助入住，无接触开门。周边 500 米内即是商场与美食街。	C117
7296	丽枫精品酒店	地址：开封建设路349号（开封北）。联系电话：014-21310484 / 028-39868399。含自助早餐，菜品丰富。周边 500 米内即是商场与美食街。	C117
7297	柏栎酒店	地址：长沙解放路231号（开福寺）。联系电话：018-87438163 / 155-77570661。距车站步行 5 分钟，交通便利。含自助早餐，菜品丰富。客房配备记忆棉床垫，保证舒适睡眠。酒店内有健身房和洗衣房，住客免费使用。	C284
7298	雅致宾馆	地址：长沙朝阳街67号（开福寺）。联系电话：017-76284151 / 190-63633223。前台多语言服务，支持行李寄存。距车站步行 5 分钟，交通便利。	C284
7299	丽枫大酒店	地址：长沙中心路249号（开福寺）。联系电话：018-71868535。客房配备记忆棉床垫，保证舒适睡眠。设有地下停车场与充电桩。距车站步行 5 分钟，交通便利。前台多语言服务，支持行李寄存。	C284
7300	柏栎大酒店	地址：开化县迎宾大道309号（开化）。联系电话：155-86087569 / 018-25534275。部分房型可俯瞰城市天际线。提供高速 Wi‑Fi 及 24 小时热水。前台多语言服务，支持行李寄存。周边 500 米内即是商场与美食街。	C243
7301	雅致大酒店	地址：开化县解放路32号（开化）。联系电话：190-56899909。客房配备记忆棉床垫，保证舒适睡眠。含自助早餐，菜品丰富。前台多语言服务，支持行李寄存。	C243
7302	月光宾馆	地址：凯里解放路111号（凯里南）。联系电话：048-21738515。提供高速 Wi‑Fi 及 24 小时热水。周边 500 米内即是商场与美食街。	C311
7303	梅园宾馆	地址：凯里中心路330号（凯里南）。联系电话：158-94330206 / 196-55810068。周边 500 米内即是商场与美食街。含自助早餐，菜品丰富。距车站步行 5 分钟，交通便利。设有地下停车场与充电桩。	C311
7304	柏栎宾馆	地址：凯里中心路80号（凯里南）。联系电话：046-46084300。可手机自助入住，无接触开门。设有地下停车场与充电桩。前台多语言服务，支持行李寄存。客房配备记忆棉床垫，保证舒适睡眠。	C311
7305	沐兰酒店	地址：库伦旗和平路100号（库伦）。联系电话：029-83210409。含自助早餐，菜品丰富。周边 500 米内即是商场与美食街。设有地下停车场与充电桩。可手机自助入住，无接触开门。	C260
7306	梅园宾馆	地址：库伦旗中心路60号（库伦）。联系电话：151-53385733。提供高速 Wi‑Fi 及 24 小时热水。客房配备记忆棉床垫，保证舒适睡眠。	C260
7307	梅园酒店	地址：库伦旗建设路9号（库伦）。联系电话：032-28094633。距车站步行 5 分钟，交通便利。可手机自助入住，无接触开门。提供高速 Wi‑Fi 及 24 小时热水。设有地下停车场与充电桩。	C260
7308	锦江国际酒店	地址：昆明迎宾大道182号（昆明南）。联系电话：186-60277269 / 031-25544872。前台多语言服务，支持行李寄存。含自助早餐，菜品丰富。周边 500 米内即是商场与美食街。客房配备记忆棉床垫，保证舒适睡眠。	C142
7309	悦榕酒店	地址：昆明建设路12号（昆明南）。联系电话：034-46798217 / 026-51696037。部分房型可俯瞰城市天际线。可手机自助入住，无接触开门。提供高速 Wi‑Fi 及 24 小时热水。距车站步行 5 分钟，交通便利。	C142
7310	梅园酒店	地址：昆明人民大道88号（昆明南）。联系电话：051-82739852。可手机自助入住，无接触开门。酒店内有健身房和洗衣房，住客免费使用。	C142
7311	月光度假酒店	地址：昆明中心路216号（昆明南）。联系电话：043-37004303 / 159-65669441。前台多语言服务，支持行李寄存。可手机自助入住，无接触开门。	C142
7312	丽枫精品酒店	地址：惠来县迎宾大道234号（葵潭）。联系电话：056-73990978。客房配备记忆棉床垫，保证舒适睡眠。可手机自助入住，无接触开门。提供高速 Wi‑Fi 及 24 小时热水。部分房型可俯瞰城市天际线。	C134
7313	璞丽宾馆	地址：惠来县建设路356号（葵潭）。联系电话：059-43583063。可手机自助入住，无接触开门。酒店内有健身房和洗衣房，住客免费使用。客房配备记忆棉床垫，保证舒适睡眠。	C134
7314	花筑国际酒店	地址：惠来县解放路3号（葵潭）。联系电话：155-92405054。设有地下停车场与充电桩。可手机自助入住，无接触开门。	C134
7315	云栖大酒店	地址：惠来县迎宾大道66号（葵潭）。联系电话：017-73179558。前台多语言服务，支持行李寄存。部分房型可俯瞰城市天际线。距车站步行 5 分钟，交通便利。	C134
7316	柏曼度假酒店	地址：开阳县人民大道308号（开阳）。联系电话：131-57707135。周边 500 米内即是商场与美食街。部分房型可俯瞰城市天际线。客房配备记忆棉床垫，保证舒适睡眠。	C249
7317	锦江国际酒店	地址：开阳县朝阳街268号（开阳）。联系电话：187-11486243。前台多语言服务，支持行李寄存。可手机自助入住，无接触开门。客房配备记忆棉床垫，保证舒适睡眠。部分房型可俯瞰城市天际线。	C249
7318	云栖国际酒店	地址：开阳县和平路159号（开阳）。联系电话：018-23395162。周边 500 米内即是商场与美食街。酒店内有健身房和洗衣房，住客免费使用。距车站步行 5 分钟，交通便利。	C249
7319	梅园宾馆	地址：开阳县迎宾大道169号（开阳）。联系电话：033-50407224。距车站步行 5 分钟，交通便利。可手机自助入住，无接触开门。含自助早餐，菜品丰富。周边 500 米内即是商场与美食街。	C249
7320	云栖宾馆	地址：昆玉市迎宾大道383号（昆玉）。联系电话：010-33243197。周边 500 米内即是商场与美食街。设有地下停车场与充电桩。	C317
7321	沐兰度假酒店	地址：昆玉市建设路44号（昆玉）。联系电话：012-88281838。距车站步行 5 分钟，交通便利。客房配备记忆棉床垫，保证舒适睡眠。提供高速 Wi‑Fi 及 24 小时热水。可手机自助入住，无接触开门。	C317
7322	璞丽度假酒店	地址：昆玉市解放路67号（昆玉）。联系电话：053-89015878。周边 500 米内即是商场与美食街。前台多语言服务，支持行李寄存。酒店内有健身房和洗衣房，住客免费使用。客房配备记忆棉床垫，保证舒适睡眠。	C317
7323	梅园精品酒店	地址：喀喇沁左翼蒙古族自治县人民大道34号（喀左）。联系电话：027-46610433 / 029-49920412。客房配备记忆棉床垫，保证舒适睡眠。部分房型可俯瞰城市天际线。提供高速 Wi‑Fi 及 24 小时热水。酒店内有健身房和洗衣房，住客免费使用。	C150
7324	云栖宾馆	地址：喀喇沁左翼蒙古族自治县迎宾大道204号（喀左）。联系电话：134-17517473 / 153-75649204。可手机自助入住，无接触开门。前台多语言服务，支持行李寄存。设有地下停车场与充电桩。周边 500 米内即是商场与美食街。	C150
7325	悦榕大酒店	地址：喀喇沁左翼蒙古族自治县中心路343号（喀左）。联系电话：031-24742183。部分房型可俯瞰城市天际线。可手机自助入住，无接触开门。	C150
7326	锦江大酒店	地址：喀喇沁左翼蒙古族自治县解放路214号（喀左）。联系电话：182-45158432。可手机自助入住，无接触开门。含自助早餐，菜品丰富。客房配备记忆棉床垫，保证舒适睡眠。提供高速 Wi‑Fi 及 24 小时热水。	C150
7327	悦榕酒店	地址：隆安县迎宾大道2号（隆安东）。联系电话：130-50781858。设有地下停车场与充电桩。提供高速 Wi‑Fi 及 24 小时热水。	C044
7328	丽枫国际酒店	地址：隆安县和平路164号（隆安东）。联系电话：022-23557501。设有地下停车场与充电桩。前台多语言服务，支持行李寄存。距车站步行 5 分钟，交通便利。部分房型可俯瞰城市天际线。	C044
7329	柏曼宾馆	地址：隆安县迎宾大道151号（隆安东）。联系电话：197-88382697 / 157-31031774。设有地下停车场与充电桩。含自助早餐，菜品丰富。	C044
7330	花筑大酒店	地址：来宾中心路177号（来宾北）。联系电话：194-10459895。设有地下停车场与充电桩。周边 500 米内即是商场与美食街。	C152
7331	云栖国际酒店	地址：来宾朝阳街321号（来宾北）。联系电话：055-32630805。前台多语言服务，支持行李寄存。含自助早餐，菜品丰富。客房配备记忆棉床垫，保证舒适睡眠。距车站步行 5 分钟，交通便利。	C152
7332	花筑度假酒店	地址：来宾人民大道178号（来宾北）。联系电话：057-24558095。距车站步行 5 分钟，交通便利。含自助早餐，菜品丰富。	C152
7333	沐兰国际酒店	地址：来宾迎宾大道262号（来宾北）。联系电话：131-66882195。含自助早餐，菜品丰富。可手机自助入住，无接触开门。	C152
7334	梅园宾馆	地址：灵璧县中心路241号（灵璧）。联系电话：043-86928319。部分房型可俯瞰城市天际线。酒店内有健身房和洗衣房，住客免费使用。距车站步行 5 分钟，交通便利。	C099
7335	云栖宾馆	地址：灵璧县中心路373号（灵璧）。联系电话：042-69681685 / 045-31819746。前台多语言服务，支持行李寄存。提供高速 Wi‑Fi 及 24 小时热水。设有地下停车场与充电桩。部分房型可俯瞰城市天际线。	C099
7336	云栖度假酒店	地址：东莞中心路129号（寮步）。联系电话：184-88186586 / 018-38873038。酒店内有健身房和洗衣房，住客免费使用。部分房型可俯瞰城市天际线。	C007
7337	雅致国际酒店	地址：东莞建设路164号（寮步）。联系电话：157-13616483 / 034-77284529。提供高速 Wi‑Fi 及 24 小时热水。前台多语言服务，支持行李寄存。部分房型可俯瞰城市天际线。含自助早餐，菜品丰富。	C007
7338	梅园大酒店	地址：东莞和平路155号（寮步）。联系电话：044-34442063 / 023-25655788。距车站步行 5 分钟，交通便利。设有地下停车场与充电桩。可手机自助入住，无接触开门。	C007
7339	梅园精品酒店	地址：中牟县和平路357号（绿博园）。联系电话：051-56817672 / 051-41835594。客房配备记忆棉床垫，保证舒适睡眠。酒店内有健身房和洗衣房，住客免费使用。前台多语言服务，支持行李寄存。	C267
7340	星程酒店	地址：中牟县解放路224号（绿博园）。联系电话：039-59531680 / 196-21508578。前台多语言服务，支持行李寄存。距车站步行 5 分钟，交通便利。酒店内有健身房和洗衣房，住客免费使用。客房配备记忆棉床垫，保证舒适睡眠。	C267
7341	花筑酒店	地址：中牟县朝阳街281号（绿博园）。联系电话：023-39786939 / 044-54940770。设有地下停车场与充电桩。部分房型可俯瞰城市天际线。酒店内有健身房和洗衣房，住客免费使用。提供高速 Wi‑Fi 及 24 小时热水。	C267
7342	柏曼酒店	地址：中牟县朝阳街26号（绿博园）。联系电话：152-30800010 / 185-20118716。客房配备记忆棉床垫，保证舒适睡眠。含自助早餐，菜品丰富。距车站步行 5 分钟，交通便利。酒店内有健身房和洗衣房，住客免费使用。	C267
7343	桔子大酒店	地址：隆昌建设路208号（隆昌北）。联系电话：188-69476589。设有地下停车场与充电桩。前台多语言服务，支持行李寄存。	C036
7344	梅园度假酒店	地址：隆昌中心路273号（隆昌北）。联系电话：017-52240002。距车站步行 5 分钟，交通便利。周边 500 米内即是商场与美食街。	C036
7345	柏曼度假酒店	地址：乐昌和平路286号（乐昌东）。联系电话：052-89764446。酒店内有健身房和洗衣房，住客免费使用。客房配备记忆棉床垫，保证舒适睡眠。	C299
7346	月光度假酒店	地址：乐昌人民大道86号（乐昌东）。联系电话：191-87706904。含自助早餐，菜品丰富。周边 500 米内即是商场与美食街。酒店内有健身房和洗衣房，住客免费使用。	C299
7347	柏栎酒店	地址：临城县建设路82号（临城）。联系电话：134-97265847。距车站步行 5 分钟，交通便利。可手机自助入住，无接触开门。部分房型可俯瞰城市天际线。酒店内有健身房和洗衣房，住客免费使用。	C263
7348	雅致精品酒店	地址：临城县迎宾大道294号（临城）。联系电话：134-25221250。距车站步行 5 分钟，交通便利。前台多语言服务，支持行李寄存。周边 500 米内即是商场与美食街。部分房型可俯瞰城市天际线。	C263
7349	碧桂精品酒店	地址：罗城仫佬族自治县解放路192号（罗城）。联系电话：034-67679492 / 157-25210795。距车站步行 5 分钟，交通便利。设有地下停车场与充电桩。	C174
7350	梅园酒店	地址：罗城仫佬族自治县朝阳街361号（罗城）。联系电话：150-45952454 / 188-79431474。周边 500 米内即是商场与美食街。提供高速 Wi‑Fi 及 24 小时热水。	C174
7351	楠舍宾馆	地址：德州解放路83号（陵城）。联系电话：023-40699835。前台多语言服务，支持行李寄存。周边 500 米内即是商场与美食街。提供高速 Wi‑Fi 及 24 小时热水。设有地下停车场与充电桩。	C122
7352	花筑宾馆	地址：德州朝阳街236号（陵城）。联系电话：040-27203487。酒店内有健身房和洗衣房，住客免费使用。设有地下停车场与充电桩。	C122
7353	丽枫精品酒店	地址：澄迈县和平路96号（老城镇）。联系电话：197-75119598 / 030-88816290。设有地下停车场与充电桩。部分房型可俯瞰城市天际线。	C319
7354	云栖国际酒店	地址：澄迈县人民大道385号（老城镇）。联系电话：039-43482762 / 047-57071250。前台多语言服务，支持行李寄存。部分房型可俯瞰城市天际线。	C319
7355	悦榕国际酒店	地址：澄迈县解放路71号（老城镇）。联系电话：151-44343623 / 159-80658907。酒店内有健身房和洗衣房，住客免费使用。客房配备记忆棉床垫，保证舒适睡眠。	C319
7356	锦江度假酒店	地址：贵阳解放路341号（龙洞堡）。联系电话：055-27714332 / 187-58667437。含自助早餐，菜品丰富。周边 500 米内即是商场与美食街。	C249
7357	云栖度假酒店	地址：贵阳迎宾大道306号（龙洞堡）。联系电话：186-83797394。提供高速 Wi‑Fi 及 24 小时热水。可手机自助入住，无接触开门。含自助早餐，菜品丰富。酒店内有健身房和洗衣房，住客免费使用。	C249
7358	花筑酒店	地址：贵阳解放路280号（龙洞堡）。联系电话：047-35424836。含自助早餐，菜品丰富。部分房型可俯瞰城市天际线。客房配备记忆棉床垫，保证舒适睡眠。	C249
7359	桔子宾馆	地址：贵阳建设路121号（龙洞堡）。联系电话：183-90184414。部分房型可俯瞰城市天际线。可手机自助入住，无接触开门。客房配备记忆棉床垫，保证舒适睡眠。含自助早餐，菜品丰富。	C249
7360	柏栎酒店	地址：海东建设路380号（乐都南）。联系电话：137-38058176 / 019-55541206。含自助早餐，菜品丰富。客房配备记忆棉床垫，保证舒适睡眠。	C182
7361	云栖精品酒店	地址：海东中心路253号（乐都南）。联系电话：136-61853137。客房配备记忆棉床垫，保证舒适睡眠。距车站步行 5 分钟，交通便利。设有地下停车场与充电桩。前台多语言服务，支持行李寄存。	C182
7362	柏曼精品酒店	地址：海东人民大道180号（乐都南）。联系电话：130-36950923。前台多语言服务，支持行李寄存。设有地下停车场与充电桩。酒店内有健身房和洗衣房，住客免费使用。	C182
7363	锦江酒店	地址：海东迎宾大道205号（乐都南）。联系电话：058-24124567。距车站步行 5 分钟，交通便利。前台多语言服务，支持行李寄存。部分房型可俯瞰城市天际线。周边 500 米内即是商场与美食街。	C182
7364	雅致度假酒店	地址：娄底建设路389号（娄底南）。联系电话：198-13180154。可手机自助入住，无接触开门。客房配备记忆棉床垫，保证舒适睡眠。距车站步行 5 分钟，交通便利。	C085
7365	碧桂度假酒店	地址：娄底朝阳街159号（娄底南）。联系电话：139-38143348。周边 500 米内即是商场与美食街。可手机自助入住，无接触开门。酒店内有健身房和洗衣房，住客免费使用。设有地下停车场与充电桩。	C085
7366	丽枫宾馆	地址：乐东黎族自治县解放路152号（乐东）。联系电话：053-73954983。酒店内有健身房和洗衣房，住客免费使用。可手机自助入住，无接触开门。	C319
7367	云栖精品酒店	地址：乐东黎族自治县人民大道263号（乐东）。联系电话：017-27340359。设有地下停车场与充电桩。周边 500 米内即是商场与美食街。部分房型可俯瞰城市天际线。距车站步行 5 分钟，交通便利。	C319
7368	锦江度假酒店	地址：乐东黎族自治县朝阳街322号（乐东）。联系电话：191-35872045。距车站步行 5 分钟，交通便利。部分房型可俯瞰城市天际线。含自助早餐，菜品丰富。周边 500 米内即是商场与美食街。	C319
7369	雅致国际酒店	地址：都江堰迎宾大道172号（离堆公园）。联系电话：156-23523426 / 130-36358280。部分房型可俯瞰城市天际线。周边 500 米内即是商场与美食街。	C128
7370	碧桂宾馆	地址：都江堰迎宾大道60号（离堆公园）。联系电话：028-55415381。距车站步行 5 分钟，交通便利。可手机自助入住，无接触开门。	C128
7371	丽枫大酒店	地址：娄烦县解放路155号（娄烦）。联系电话：190-67828068 / 185-25364350。可手机自助入住，无接触开门。周边 500 米内即是商场与美食街。	C083
7372	云栖酒店	地址：娄烦县和平路12号（娄烦）。联系电话：023-33954223。前台多语言服务，支持行李寄存。可手机自助入住，无接触开门。酒店内有健身房和洗衣房，住客免费使用。	C083
7373	楠舍大酒店	地址：陆丰中心路89号（陆丰）。联系电话：138-67260887。距车站步行 5 分钟，交通便利。可手机自助入住，无接触开门。	C169
7374	云栖国际酒店	地址：陆丰中心路348号（陆丰）。联系电话：159-55171272。客房配备记忆棉床垫，保证舒适睡眠。距车站步行 5 分钟，交通便利。周边 500 米内即是商场与美食街。含自助早餐，菜品丰富。	C169
7375	云栖精品酒店	地址：陆丰解放路101号（陆丰）。联系电话：154-16496324 / 026-34878212。部分房型可俯瞰城市天际线。设有地下停车场与充电桩。可手机自助入住，无接触开门。	C169
7376	楠舍精品酒店	地址：惠州中心路237号（龙丰）。联系电话：013-54152408 / 036-28038756。客房配备记忆棉床垫，保证舒适睡眠。可手机自助入住，无接触开门。距车站步行 5 分钟，交通便利。	C127
7377	月光宾馆	地址：惠州建设路302号（龙丰）。联系电话：059-83325389。提供高速 Wi‑Fi 及 24 小时热水。可手机自助入住，无接触开门。	C127
7378	沐兰度假酒店	地址：惠州和平路324号（龙丰）。联系电话：159-48075202 / 156-36699681。前台多语言服务，支持行李寄存。酒店内有健身房和洗衣房，住客免费使用。	C127
7379	桔子酒店	地址：禄丰县解放路147号（禄丰南）。联系电话：029-51676909 / 019-50057017。设有地下停车场与充电桩。前台多语言服务，支持行李寄存。	C161
7380	桔子宾馆	地址：禄丰县解放路139号（禄丰南）。联系电话：155-18583559 / 040-84395837。可手机自助入住，无接触开门。酒店内有健身房和洗衣房，住客免费使用。客房配备记忆棉床垫，保证舒适睡眠。	C161
7381	柏曼度假酒店	地址：临汾朝阳街1号（临汾西）。联系电话：196-58212977 / 152-46555964。前台多语言服务，支持行李寄存。提供高速 Wi‑Fi 及 24 小时热水。设有地下停车场与充电桩。	C011
7382	月光国际酒店	地址：临汾朝阳街148号（临汾西）。联系电话：191-68147725。设有地下停车场与充电桩。酒店内有健身房和洗衣房，住客免费使用。	C011
7383	桔子国际酒店	地址：临汾人民大道268号（临汾西）。联系电话：188-35516223。客房配备记忆棉床垫，保证舒适睡眠。部分房型可俯瞰城市天际线。	C011
7384	月光度假酒店	地址：临汾和平路236号（临汾西）。联系电话：016-76007131。部分房型可俯瞰城市天际线。距车站步行 5 分钟，交通便利。前台多语言服务，支持行李寄存。提供高速 Wi‑Fi 及 24 小时热水。	C011
7385	桔子大酒店	地址：临高县迎宾大道380号（临高南）。联系电话：150-53086284。酒店内有健身房和洗衣房，住客免费使用。可手机自助入住，无接触开门。部分房型可俯瞰城市天际线。前台多语言服务，支持行李寄存。	C319
7386	枫叶度假酒店	地址：临高县建设路168号（临高南）。联系电话：026-51580009。部分房型可俯瞰城市天际线。提供高速 Wi‑Fi 及 24 小时热水。酒店内有健身房和洗衣房，住客免费使用。	C319
7387	雅致大酒店	地址：临高县朝阳街53号（临高南）。联系电话：039-23780909。可手机自助入住，无接触开门。提供高速 Wi‑Fi 及 24 小时热水。酒店内有健身房和洗衣房，住客免费使用。客房配备记忆棉床垫，保证舒适睡眠。	C319
7388	柏曼大酒店	地址：临高县中心路285号（临高南）。联系电话：036-86026936 / 058-30610203。提供高速 Wi‑Fi 及 24 小时热水。可手机自助入住，无接触开门。距车站步行 5 分钟，交通便利。	C319
7389	碧桂大酒店	地址：长沙和平路306号（麓谷）。联系电话：198-36592041。设有地下停车场与充电桩。距车站步行 5 分钟，交通便利。部分房型可俯瞰城市天际线。客房配备记忆棉床垫，保证舒适睡眠。	C284
7390	星程国际酒店	地址：长沙人民大道45号（麓谷）。联系电话：135-66864565 / 150-26605047。部分房型可俯瞰城市天际线。含自助早餐，菜品丰富。周边 500 米内即是商场与美食街。	C284
7391	锦江度假酒店	地址：长沙迎宾大道158号（麓谷）。联系电话：037-41707477 / 185-88200321。可手机自助入住，无接触开门。周边 500 米内即是商场与美食街。	C284
7392	丽枫酒店	地址：迁安解放路161号（滦河）。联系电话：157-36229098。设有地下停车场与充电桩。前台多语言服务，支持行李寄存。距车站步行 5 分钟，交通便利。	C067
7393	锦江国际酒店	地址：迁安迎宾大道192号（滦河）。联系电话：153-81181391。距车站步行 5 分钟，交通便利。可手机自助入住，无接触开门。提供高速 Wi‑Fi 及 24 小时热水。含自助早餐，菜品丰富。	C067
7394	梅园酒店	地址：迁安朝阳街41号（滦河）。联系电话：138-52040475。客房配备记忆棉床垫，保证舒适睡眠。酒店内有健身房和洗衣房，住客免费使用。周边 500 米内即是商场与美食街。可手机自助入住，无接触开门。	C067
7395	云栖大酒店	地址：重庆朝阳街151号（珞璜南）。联系电话：188-48229306 / 155-54453418。部分房型可俯瞰城市天际线。可手机自助入住，无接触开门。设有地下停车场与充电桩。	C272
7396	桔子精品酒店	地址：重庆中心路374号（珞璜南）。联系电话：056-39802048 / 189-40829616。前台多语言服务，支持行李寄存。酒店内有健身房和洗衣房，住客免费使用。提供高速 Wi‑Fi 及 24 小时热水。	C272
7397	沐兰酒店	地址：重庆和平路83号（珞璜南）。联系电话：194-58007883 / 023-70509830。距车站步行 5 分钟，交通便利。提供高速 Wi‑Fi 及 24 小时热水。	C272
7398	桔子精品酒店	地址：隆回县朝阳街164号（隆回）。联系电话：026-47016758 / 016-36537836。客房配备记忆棉床垫，保证舒适睡眠。设有地下停车场与充电桩。	C266
7399	璞丽度假酒店	地址：隆回县解放路296号（隆回）。联系电话：052-46639517 / 038-66288601。客房配备记忆棉床垫，保证舒适睡眠。设有地下停车场与充电桩。提供高速 Wi‑Fi 及 24 小时热水。	C266
7400	柏曼度假酒店	地址：隆回县解放路372号（隆回）。联系电话：184-58211486。客房配备记忆棉床垫，保证舒适睡眠。距车站步行 5 分钟，交通便利。可手机自助入住，无接触开门。	C266
7401	桔子宾馆	地址：隆回县中心路247号（隆回）。联系电话：058-63595067 / 152-41236107。设有地下停车场与充电桩。含自助早餐，菜品丰富。部分房型可俯瞰城市天际线。前台多语言服务，支持行李寄存。	C266
7402	悦榕大酒店	地址：漯河建设路206号（漯河西）。联系电话：158-33799859 / 038-22530961。客房配备记忆棉床垫，保证舒适睡眠。含自助早餐，菜品丰富。设有地下停车场与充电桩。	C200
7403	碧桂宾馆	地址：漯河和平路277号（漯河西）。联系电话：137-43279032。客房配备记忆棉床垫，保证舒适睡眠。设有地下停车场与充电桩。	C200
7404	柏栎酒店	地址：德阳朝阳街304号（罗江东）。联系电话：189-59126335。酒店内有健身房和洗衣房，住客免费使用。含自助早餐，菜品丰富。提供高速 Wi‑Fi 及 24 小时热水。	C123
7405	碧桂国际酒店	地址：德阳中心路57号（罗江东）。联系电话：052-55032037 / 049-84127670。含自助早餐，菜品丰富。可手机自助入住，无接触开门。周边 500 米内即是商场与美食街。酒店内有健身房和洗衣房，住客免费使用。	C123
7406	丽枫大酒店	地址：德阳和平路359号（罗江东）。联系电话：021-76492627。提供高速 Wi‑Fi 及 24 小时热水。距车站步行 5 分钟，交通便利。	C123
7407	梅园度假酒店	地址：柳州朝阳街34号（柳江）。联系电话：010-55882142。部分房型可俯瞰城市天际线。前台多语言服务，支持行李寄存。	C156
7408	桔子宾馆	地址：柳州建设路54号（柳江）。联系电话：187-33015765。酒店内有健身房和洗衣房，住客免费使用。含自助早餐，菜品丰富。	C156
7409	悦榕精品酒店	地址：柳州建设路259号（柳江）。联系电话：184-97452533。距车站步行 5 分钟，交通便利。酒店内有健身房和洗衣房，住客免费使用。部分房型可俯瞰城市天际线。	C156
7410	璞丽国际酒店	地址：柳州建设路188号（柳江）。联系电话：138-51733226。含自助早餐，菜品丰富。提供高速 Wi‑Fi 及 24 小时热水。前台多语言服务，支持行李寄存。距车站步行 5 分钟，交通便利。	C156
7411	锦江宾馆	地址：利津县解放路61号（利津南）。联系电话：044-21213970 / 012-77704404。酒店内有健身房和洗衣房，住客免费使用。可手机自助入住，无接触开门。部分房型可俯瞰城市天际线。客房配备记忆棉床垫，保证舒适睡眠。	C008
7412	碧桂酒店	地址：利津县和平路242号（利津南）。联系电话：138-67273444 / 034-20978636。距车站步行 5 分钟，交通便利。含自助早餐，菜品丰富。可手机自助入住，无接触开门。周边 500 米内即是商场与美食街。	C008
7413	桔子国际酒店	地址：利津县和平路71号（利津南）。联系电话：054-28875132。前台多语言服务，支持行李寄存。距车站步行 5 分钟，交通便利。客房配备记忆棉床垫，保证舒适睡眠。酒店内有健身房和洗衣房，住客免费使用。	C008
7414	雅致宾馆	地址：兰考县和平路363号（兰考南）。联系电话：198-60725799 / 048-65473815。酒店内有健身房和洗衣房，住客免费使用。可手机自助入住，无接触开门。	C117
7415	悦榕酒店	地址：兰考县建设路283号（兰考南）。联系电话：184-36714933。客房配备记忆棉床垫，保证舒适睡眠。周边 500 米内即是商场与美食街。距车站步行 5 分钟，交通便利。	C117
7416	丽枫度假酒店	地址：龙口迎宾大道206号（龙口市）。联系电话：155-48461566。周边 500 米内即是商场与美食街。距车站步行 5 分钟，交通便利。	C205
7417	月光度假酒店	地址：龙口朝阳街179号（龙口市）。联系电话：150-91318709 / 135-78696724。酒店内有健身房和洗衣房，住客免费使用。提供高速 Wi‑Fi 及 24 小时热水。周边 500 米内即是商场与美食街。部分房型可俯瞰城市天际线。	C205
7418	悦榕度假酒店	地址：龙里县人民大道180号（龙里北）。联系电话：184-21058670。部分房型可俯瞰城市天际线。提供高速 Wi‑Fi 及 24 小时热水。距车站步行 5 分钟，交通便利。周边 500 米内即是商场与美食街。	C312
7419	花筑精品酒店	地址：龙里县建设路233号（龙里北）。联系电话：155-50432002。提供高速 Wi‑Fi 及 24 小时热水。距车站步行 5 分钟，交通便利。周边 500 米内即是商场与美食街。客房配备记忆棉床垫，保证舒适睡眠。	C312
7420	丽枫国际酒店	地址：兰陵县解放路128号（兰陵北）。联系电话：052-35920532 / 151-99749509。酒店内有健身房和洗衣房，住客免费使用。可手机自助入住，无接触开门。	C012
7421	柏曼大酒店	地址：兰陵县解放路355号（兰陵北）。联系电话：049-81607684。部分房型可俯瞰城市天际线。含自助早餐，菜品丰富。周边 500 米内即是商场与美食街。	C012
7422	楠舍宾馆	地址：兰陵县迎宾大道197号（兰陵北）。联系电话：192-66552411 / 017-46361108。酒店内有健身房和洗衣房，住客免费使用。周边 500 米内即是商场与美食街。距车站步行 5 分钟，交通便利。部分房型可俯瞰城市天际线。	C012
7423	雅致宾馆	地址：兰陵县朝阳街75号（兰陵北）。联系电话：193-80391710 / 054-41469983。周边 500 米内即是商场与美食街。客房配备记忆棉床垫，保证舒适睡眠。酒店内有健身房和洗衣房，住客免费使用。含自助早餐，菜品丰富。	C012
7424	锦江宾馆	地址：惠州解放路212号（沥林北）。联系电话：197-21856711。部分房型可俯瞰城市天际线。可手机自助入住，无接触开门。	C127
7425	丽枫精品酒店	地址：惠州朝阳街180号（沥林北）。联系电话：150-85226509 / 158-43845428。客房配备记忆棉床垫，保证舒适睡眠。前台多语言服务，支持行李寄存。设有地下停车场与充电桩。部分房型可俯瞰城市天际线。	C127
7426	碧桂精品酒店	地址：惠州朝阳街125号（沥林北）。联系电话：198-64073974 / 135-93133585。距车站步行 5 分钟，交通便利。酒店内有健身房和洗衣房，住客免费使用。周边 500 米内即是商场与美食街。客房配备记忆棉床垫，保证舒适睡眠。	C127
7427	枫叶大酒店	地址：醴陵解放路124号（醴陵东）。联系电话：199-62811294。含自助早餐，菜品丰富。酒店内有健身房和洗衣房，住客免费使用。提供高速 Wi‑Fi 及 24 小时热水。	C157
7428	悦榕酒店	地址：醴陵中心路381号（醴陵东）。联系电话：031-67708593。酒店内有健身房和洗衣房，住客免费使用。周边 500 米内即是商场与美食街。含自助早餐，菜品丰富。可手机自助入住，无接触开门。	C157
7429	桔子宾馆	地址：陇南人民大道287号（陇南）。联系电话：195-50665778。可手机自助入住，无接触开门。距车站步行 5 分钟，交通便利。	C294
7430	柏栎度假酒店	地址：陇南迎宾大道145号（陇南）。联系电话：056-34117642 / 050-20138038。设有地下停车场与充电桩。周边 500 米内即是商场与美食街。距车站步行 5 分钟，交通便利。部分房型可俯瞰城市天际线。	C294
7431	月光大酒店	地址：重庆解放路285号（梁平南）。联系电话：012-39154552。设有地下停车场与充电桩。距车站步行 5 分钟，交通便利。部分房型可俯瞰城市天际线。	C272
7432	沐兰精品酒店	地址：重庆迎宾大道139号（梁平南）。联系电话：138-63335384。距车站步行 5 分钟，交通便利。客房配备记忆棉床垫，保证舒适睡眠。	C272
7433	璞丽国际酒店	地址：重庆建设路211号（梁平南）。联系电话：045-83481566 / 027-36652881。酒店内有健身房和洗衣房，住客免费使用。客房配备记忆棉床垫，保证舒适睡眠。设有地下停车场与充电桩。含自助早餐，菜品丰富。	C272
7434	悦榕精品酒店	地址：重庆建设路300号（梁平南）。联系电话：180-76052114 / 035-41447316。酒店内有健身房和洗衣房，住客免费使用。提供高速 Wi‑Fi 及 24 小时热水。部分房型可俯瞰城市天际线。距车站步行 5 分钟，交通便利。	C272
7435	云栖宾馆	地址：庐江县朝阳街97号（龙桥）。联系电话：180-69922633 / 037-43084011。前台多语言服务，支持行李寄存。提供高速 Wi‑Fi 及 24 小时热水。	C053
7436	雅致酒店	地址：庐江县和平路359号（龙桥）。联系电话：056-82074193 / 184-42399055。部分房型可俯瞰城市天际线。前台多语言服务，支持行李寄存。	C053
7437	星程宾馆	地址：庐江县朝阳街99号（龙桥）。联系电话：042-57945739 / 035-40151713。周边 500 米内即是商场与美食街。含自助早餐，菜品丰富。部分房型可俯瞰城市天际线。距车站步行 5 分钟，交通便利。	C053
7438	星程国际酒店	地址：庐江县解放路7号（龙桥）。联系电话：184-55955631。可手机自助入住，无接触开门。客房配备记忆棉床垫，保证舒适睡眠。距车站步行 5 分钟，交通便利。	C053
7439	枫叶酒店	地址：礼泉县中心路399号（礼泉）。联系电话：018-77384388 / 050-73468009。部分房型可俯瞰城市天际线。提供高速 Wi‑Fi 及 24 小时热水。客房配备记忆棉床垫，保证舒适睡眠。	C064
7440	碧桂度假酒店	地址：礼泉县和平路393号（礼泉）。联系电话：032-21192601。酒店内有健身房和洗衣房，住客免费使用。可手机自助入住，无接触开门。	C064
7441	枫叶国际酒店	地址：礼泉县中心路231号（礼泉）。联系电话：197-17846773。周边 500 米内即是商场与美食街。前台多语言服务，支持行李寄存。距车站步行 5 分钟，交通便利。提供高速 Wi‑Fi 及 24 小时热水。	C064
7442	碧桂大酒店	地址：礼泉县朝阳街374号（礼泉）。联系电话：197-26789601 / 188-97571864。可手机自助入住，无接触开门。酒店内有健身房和洗衣房，住客免费使用。	C064
7443	柏曼大酒店	地址：灵石县中心路145号（灵石东）。联系电话：028-43061118。周边 500 米内即是商场与美食街。设有地下停车场与充电桩。距车站步行 5 分钟，交通便利。	C145
7444	碧桂国际酒店	地址：灵石县建设路36号（灵石东）。联系电话：136-26943271。距车站步行 5 分钟，交通便利。客房配备记忆棉床垫，保证舒适睡眠。	C145
7445	雅致大酒店	地址：夹江县人民大道203号（乐山）。联系电话：136-59520001。设有地下停车场与充电桩。前台多语言服务，支持行李寄存。提供高速 Wi‑Fi 及 24 小时热水。	C019
7446	丽枫度假酒店	地址：夹江县解放路208号（乐山）。联系电话：189-38282397。可手机自助入住，无接触开门。部分房型可俯瞰城市天际线。提供高速 Wi‑Fi 及 24 小时热水。酒店内有健身房和洗衣房，住客免费使用。	C019
7447	雅致度假酒店	地址：井冈山朝阳街80号（龙市）。联系电话：044-84659971 / 011-63352538。距车站步行 5 分钟，交通便利。前台多语言服务，支持行李寄存。可手机自助入住，无接触开门。设有地下停车场与充电桩。	C054
7448	柏曼酒店	地址：井冈山朝阳街57号（龙市）。联系电话：186-54915769。距车站步行 5 分钟，交通便利。前台多语言服务，支持行李寄存。部分房型可俯瞰城市天际线。	C054
7449	柏栎大酒店	地址：井冈山解放路46号（龙市）。联系电话：192-18056725。部分房型可俯瞰城市天际线。提供高速 Wi‑Fi 及 24 小时热水。可手机自助入住，无接触开门。	C054
7450	楠舍度假酒店	地址：井冈山解放路288号（龙市）。联系电话：048-64628426 / 190-20500248。可手机自助入住，无接触开门。前台多语言服务，支持行李寄存。	C054
7451	碧桂宾馆	地址：南京解放路176号（溧水）。联系电话：033-31119507 / 027-50773895。酒店内有健身房和洗衣房，住客免费使用。周边 500 米内即是商场与美食街。部分房型可俯瞰城市天际线。前台多语言服务，支持行李寄存。	C042
7452	悦榕宾馆	地址：南京中心路155号（溧水）。联系电话：198-71661127 / 182-15535583。设有地下停车场与充电桩。周边 500 米内即是商场与美食街。酒店内有健身房和洗衣房，住客免费使用。距车站步行 5 分钟，交通便利。	C042
7453	碧桂度假酒店	地址：南京朝阳街316号（溧水）。联系电话：193-20826969。酒店内有健身房和洗衣房，住客免费使用。含自助早餐，菜品丰富。设有地下停车场与充电桩。	C042
7454	碧桂精品酒店	地址：遵义解放路170号（娄山关南）。联系电话：186-52551738 / 135-84854785。客房配备记忆棉床垫，保证舒适睡眠。含自助早餐，菜品丰富。	C262
7455	花筑大酒店	地址：遵义中心路340号（娄山关南）。联系电话：019-42535320 / 037-61874540。周边 500 米内即是商场与美食街。含自助早餐，菜品丰富。前台多语言服务，支持行李寄存。部分房型可俯瞰城市天际线。	C262
7456	璞丽大酒店	地址：日照建设路88号（岚山西）。联系电话：011-54523788 / 136-19228083。含自助早餐，菜品丰富。周边 500 米内即是商场与美食街。	C141
7457	星程宾馆	地址：日照人民大道334号（岚山西）。联系电话：157-38104104。设有地下停车场与充电桩。距车站步行 5 分钟，交通便利。	C141
7458	楠舍度假酒店	地址：日照解放路317号（岚山西）。联系电话：157-80871521 / 028-84053227。设有地下停车场与充电桩。客房配备记忆棉床垫，保证舒适睡眠。前台多语言服务，支持行李寄存。含自助早餐，菜品丰富。	C141
7459	云栖国际酒店	地址：日照人民大道305号（岚山西）。联系电话：131-54902885。可手机自助入住，无接触开门。含自助早餐，菜品丰富。	C141
7460	璞丽度假酒店	地址：贵阳中心路248号（洛湾三江）。联系电话：137-60764374 / 058-50657808。部分房型可俯瞰城市天际线。酒店内有健身房和洗衣房，住客免费使用。	C249
7461	碧桂精品酒店	地址：贵阳和平路41号（洛湾三江）。联系电话：130-66750376。含自助早餐，菜品丰富。部分房型可俯瞰城市天际线。周边 500 米内即是商场与美食街。酒店内有健身房和洗衣房，住客免费使用。	C249
7462	楠舍宾馆	地址：贵阳迎宾大道309号（洛湾三江）。联系电话：035-79806034。含自助早餐，菜品丰富。前台多语言服务，支持行李寄存。提供高速 Wi‑Fi 及 24 小时热水。	C249
7463	柏曼酒店	地址：贵阳和平路303号（洛湾三江）。联系电话：050-82287572 / 033-85719822。距车站步行 5 分钟，交通便利。部分房型可俯瞰城市天际线。	C249
7464	雅致酒店	地址：莱西人民大道315号（莱西北）。联系电话：157-71729768。可手机自助入住，无接触开门。设有地下停车场与充电桩。客房配备记忆棉床垫，保证舒适睡眠。	C297
7465	梅园酒店	地址：莱西人民大道346号（莱西北）。联系电话：035-77375316。提供高速 Wi‑Fi 及 24 小时热水。设有地下停车场与充电桩。	C297
7466	梅园宾馆	地址：岚县建设路367号（岚县）。联系电话：158-55607087 / 151-48152819。距车站步行 5 分钟，交通便利。部分房型可俯瞰城市天际线。	C057
7467	柏栎宾馆	地址：岚县迎宾大道327号（岚县）。联系电话：016-70438067 / 052-89816569。距车站步行 5 分钟，交通便利。前台多语言服务，支持行李寄存。提供高速 Wi‑Fi 及 24 小时热水。	C057
7468	璞丽度假酒店	地址：岚县迎宾大道399号（岚县）。联系电话：025-32148322。提供高速 Wi‑Fi 及 24 小时热水。可手机自助入住，无接触开门。酒店内有健身房和洗衣房，住客免费使用。	C057
7469	雅致大酒店	地址：溧阳人民大道54号（溧阳）。联系电话：132-85423270 / 027-34847309。设有地下停车场与充电桩。客房配备记忆棉床垫，保证舒适睡眠。提供高速 Wi‑Fi 及 24 小时热水。含自助早餐，菜品丰富。	C106
7470	花筑国际酒店	地址：溧阳迎宾大道83号（溧阳）。联系电话：054-41974201。客房配备记忆棉床垫，保证舒适睡眠。距车站步行 5 分钟，交通便利。设有地下停车场与充电桩。部分房型可俯瞰城市天际线。	C106
7471	桔子宾馆	地址：溧阳朝阳街398号（溧阳）。联系电话：021-65519759。提供高速 Wi‑Fi 及 24 小时热水。酒店内有健身房和洗衣房，住客免费使用。设有地下停车场与充电桩。可手机自助入住，无接触开门。	C106
7472	梅园宾馆	地址：溧阳和平路168号（溧阳）。联系电话：057-54242622。前台多语言服务，支持行李寄存。客房配备记忆棉床垫，保证舒适睡眠。	C106
7473	星程酒店	地址：临邑县和平路18号（临邑）。联系电话：013-31714365 / 195-27061319。酒店内有健身房和洗衣房，住客免费使用。前台多语言服务，支持行李寄存。周边 500 米内即是商场与美食街。提供高速 Wi‑Fi 及 24 小时热水。	C122
7474	柏栎大酒店	地址：临邑县建设路354号（临邑）。联系电话：191-69777994 / 186-58432902。设有地下停车场与充电桩。可手机自助入住，无接触开门。距车站步行 5 分钟，交通便利。	C122
7475	柏栎大酒店	地址：临邑县建设路249号（临邑）。联系电话：150-25109241。周边 500 米内即是商场与美食街。客房配备记忆棉床垫，保证舒适睡眠。	C122
7476	丽枫宾馆	地址：瓜州县人民大道224号（柳园南）。联系电话：182-64489159。客房配备记忆棉床垫，保证舒适睡眠。设有地下停车场与充电桩。周边 500 米内即是商场与美食街。	C271
7477	桔子精品酒店	地址：瓜州县中心路203号（柳园南）。联系电话：012-39269623 / 152-51100971。提供高速 Wi‑Fi 及 24 小时热水。周边 500 米内即是商场与美食街。设有地下停车场与充电桩。	C271
7478	月光精品酒店	地址：瓜州县迎宾大道76号（柳园南）。联系电话：045-61875849。可手机自助入住，无接触开门。酒店内有健身房和洗衣房，住客免费使用。含自助早餐，菜品丰富。	C271
7479	柏栎宾馆	地址：鹿寨县建设路288号（鹿寨北）。联系电话：049-45125036 / 150-76151526。前台多语言服务，支持行李寄存。设有地下停车场与充电桩。周边 500 米内即是商场与美食街。酒店内有健身房和洗衣房，住客免费使用。	C156
7480	碧桂国际酒店	地址：鹿寨县迎宾大道275号（鹿寨北）。联系电话：191-74671113。客房配备记忆棉床垫，保证舒适睡眠。部分房型可俯瞰城市天际线。可手机自助入住，无接触开门。含自助早餐，菜品丰富。	C156
7481	月光大酒店	地址：鹿寨县朝阳街77号（鹿寨北）。联系电话：056-87691015 / 057-46365776。距车站步行 5 分钟，交通便利。前台多语言服务，支持行李寄存。可手机自助入住，无接触开门。	C156
7482	丽枫酒店	地址：鹿寨县建设路381号（鹿寨北）。联系电话：014-42841211。前台多语言服务，支持行李寄存。周边 500 米内即是商场与美食街。	C156
7483	云栖国际酒店	地址：淄博中心路118号（临淄北）。联系电话：184-75284472 / 012-84110115。酒店内有健身房和洗衣房，住客免费使用。前台多语言服务，支持行李寄存。部分房型可俯瞰城市天际线。含自助早餐，菜品丰富。	C186
7484	丽枫大酒店	地址：淄博迎宾大道204号（临淄北）。联系电话：159-16860143 / 196-57132909。提供高速 Wi‑Fi 及 24 小时热水。含自助早餐，菜品丰富。设有地下停车场与充电桩。	C186
7485	悦榕大酒店	地址：淄博和平路303号（临淄北）。联系电话：038-67768945。设有地下停车场与充电桩。距车站步行 5 分钟，交通便利。	C186
7486	悦榕度假酒店	地址：阆中中心路127号（阆中）。联系电话：014-65963861。部分房型可俯瞰城市天际线。可手机自助入住，无接触开门。	C043
7487	丽枫精品酒店	地址：阆中朝阳街307号（阆中）。联系电话：194-62127042 / 010-89297358。可手机自助入住，无接触开门。距车站步行 5 分钟，交通便利。含自助早餐，菜品丰富。	C043
7488	云栖国际酒店	地址：阆中人民大道399号（阆中）。联系电话：191-97551362 / 137-46766345。含自助早餐，菜品丰富。周边 500 米内即是商场与美食街。	C043
7489	柏曼国际酒店	地址：阆中解放路192号（阆中）。联系电话：024-57776916 / 185-62037273。客房配备记忆棉床垫，保证舒适睡眠。提供高速 Wi‑Fi 及 24 小时热水。周边 500 米内即是商场与美食街。	C043
7490	悦榕宾馆	地址：临泽县解放路92号（临泽南）。联系电话：044-87069305 / 153-43654746。设有地下停车场与充电桩。提供高速 Wi‑Fi 及 24 小时热水。部分房型可俯瞰城市天际线。含自助早餐，菜品丰富。	C120
7491	楠舍大酒店	地址：临泽县中心路51号（临泽南）。联系电话：046-87269692 / 039-45647108。可手机自助入住，无接触开门。部分房型可俯瞰城市天际线。酒店内有健身房和洗衣房，住客免费使用。	C120
7492	梅园度假酒店	地址：临泽县朝阳街83号（临泽南）。联系电话：130-82118376。前台多语言服务，支持行李寄存。客房配备记忆棉床垫，保证舒适睡眠。	C120
7493	桔子宾馆	地址：临泽县建设路399号（临泽南）。联系电话：053-21014224。前台多语言服务，支持行李寄存。含自助早餐，菜品丰富。距车站步行 5 分钟，交通便利。	C120
7494	璞丽国际酒店	地址：马鞍山建设路188号（马鞍山东）。联系电话：020-49246279 / 130-22289265。距车站步行 5 分钟，交通便利。酒店内有健身房和洗衣房，住客免费使用。	C301
7495	枫叶宾馆	地址：马鞍山建设路238号（马鞍山东）。联系电话：027-36975860 / 182-96969095。周边 500 米内即是商场与美食街。距车站步行 5 分钟，交通便利。提供高速 Wi‑Fi 及 24 小时热水。前台多语言服务，支持行李寄存。	C301
7496	楠舍大酒店	地址：马鞍山中心路83号（马鞍山东）。联系电话：196-88795961。酒店内有健身房和洗衣房，住客免费使用。距车站步行 5 分钟，交通便利。前台多语言服务，支持行李寄存。	C301
7497	沐兰国际酒店	地址：马鞍山建设路272号（马鞍山东）。联系电话：043-31585543。设有地下停车场与充电桩。含自助早餐，菜品丰富。可手机自助入住，无接触开门。部分房型可俯瞰城市天际线。	C301
7498	花筑度假酒店	地址：孝感建设路364号（毛陈）。联系电话：188-52603533 / 133-13120539。提供高速 Wi‑Fi 及 24 小时热水。含自助早餐，菜品丰富。可手机自助入住，无接触开门。前台多语言服务，支持行李寄存。	C086
7499	璞丽度假酒店	地址：孝感迎宾大道306号（毛陈）。联系电话：130-28277895 / 189-71765365。距车站步行 5 分钟，交通便利。周边 500 米内即是商场与美食街。部分房型可俯瞰城市天际线。可手机自助入住，无接触开门。	C086
7500	丽枫度假酒店	地址：尚志迎宾大道162号（帽儿山西）。联系电话：190-72915595。部分房型可俯瞰城市天际线。提供高速 Wi‑Fi 及 24 小时热水。距车站步行 5 分钟，交通便利。	C066
7501	星程酒店	地址：尚志人民大道199号（帽儿山西）。联系电话：028-41767175。设有地下停车场与充电桩。周边 500 米内即是商场与美食街。客房配备记忆棉床垫，保证舒适睡眠。含自助早餐，菜品丰富。	C066
7502	月光精品酒店	地址：信阳人民大道317号（明港东）。联系电话：014-75338174 / 045-89865744。提供高速 Wi‑Fi 及 24 小时热水。部分房型可俯瞰城市天际线。	C028
7503	花筑精品酒店	地址：信阳建设路144号（明港东）。联系电话：139-91399233。设有地下停车场与充电桩。前台多语言服务，支持行李寄存。客房配备记忆棉床垫，保证舒适睡眠。	C028
7504	星程国际酒店	地址：信阳人民大道373号（明港东）。联系电话：018-52016273 / 018-32242379。可手机自助入住，无接触开门。部分房型可俯瞰城市天际线。酒店内有健身房和洗衣房，住客免费使用。	C028
7505	柏曼度假酒店	地址：信阳和平路340号（明港东）。联系电话：032-45336430 / 058-37418812。客房配备记忆棉床垫，保证舒适睡眠。距车站步行 5 分钟，交通便利。部分房型可俯瞰城市天际线。	C028
7506	锦江大酒店	地址：民和回族土族自治县和平路137号（民和南）。联系电话：182-22302929 / 186-86422302。周边 500 米内即是商场与美食街。设有地下停车场与充电桩。	C182
7507	璞丽宾馆	地址：民和回族土族自治县人民大道392号（民和南）。联系电话：020-86687911 / 056-41366675。前台多语言服务，支持行李寄存。酒店内有健身房和洗衣房，住客免费使用。周边 500 米内即是商场与美食街。可手机自助入住，无接触开门。	C182
7508	璞丽精品酒店	地址：民和回族土族自治县建设路42号（民和南）。联系电话：187-43708708 / 156-21571543。部分房型可俯瞰城市天际线。客房配备记忆棉床垫，保证舒适睡眠。前台多语言服务，支持行李寄存。	C182
7509	碧桂精品酒店	地址：孝感解放路45号（闵集）。联系电话：152-60864981。距车站步行 5 分钟，交通便利。前台多语言服务，支持行李寄存。可手机自助入住，无接触开门。提供高速 Wi‑Fi 及 24 小时热水。	C086
7510	花筑酒店	地址：孝感解放路97号（闵集）。联系电话：017-27095432 / 053-80531915。部分房型可俯瞰城市天际线。客房配备记忆棉床垫，保证舒适睡眠。周边 500 米内即是商场与美食街。前台多语言服务，支持行李寄存。	C086
7511	梅园国际酒店	地址：孝感迎宾大道15号（闵集）。联系电话：150-75035759 / 195-26461813。周边 500 米内即是商场与美食街。酒店内有健身房和洗衣房，住客免费使用。	C086
7512	月光酒店	地址：木垒哈萨克自治县人民大道290号（马兰）。联系电话：053-21741249。客房配备记忆棉床垫，保证舒适睡眠。可手机自助入住，无接触开门。部分房型可俯瞰城市天际线。	C143
7513	花筑度假酒店	地址：木垒哈萨克自治县人民大道128号（马兰）。联系电话：057-52792939。客房配备记忆棉床垫，保证舒适睡眠。提供高速 Wi‑Fi 及 24 小时热水。	C143
7514	桔子度假酒店	地址：木垒哈萨克自治县人民大道290号（马兰）。联系电话：045-83513544。客房配备记忆棉床垫，保证舒适睡眠。前台多语言服务，支持行李寄存。提供高速 Wi‑Fi 及 24 小时热水。周边 500 米内即是商场与美食街。	C143
7515	丽枫国际酒店	地址：木垒哈萨克自治县中心路151号（马兰）。联系电话：051-68496930 / 187-78849753。部分房型可俯瞰城市天际线。含自助早餐，菜品丰富。	C143
7516	柏曼国际酒店	地址：民乐县朝阳街305号（民乐）。联系电话：190-47940753。距车站步行 5 分钟，交通便利。周边 500 米内即是商场与美食街。	C120
7517	碧桂酒店	地址：民乐县迎宾大道70号（民乐）。联系电话：158-70244124 / 036-49351140。设有地下停车场与充电桩。含自助早餐，菜品丰富。	C120
7518	楠舍国际酒店	地址：民乐县朝阳街228号（民乐）。联系电话：189-32682787。周边 500 米内即是商场与美食街。酒店内有健身房和洗衣房，住客免费使用。部分房型可俯瞰城市天际线。设有地下停车场与充电桩。	C120
7519	星程大酒店	地址：民乐县迎宾大道344号（民乐）。联系电话：025-34678571。距车站步行 5 分钟，交通便利。客房配备记忆棉床垫，保证舒适睡眠。提供高速 Wi‑Fi 及 24 小时热水。	C120
7520	锦江大酒店	地址：弥勒中心路311号（弥勒）。联系电话：181-57668643。距车站步行 5 分钟，交通便利。前台多语言服务，支持行李寄存。	C223
7521	悦榕精品酒店	地址：弥勒建设路15号（弥勒）。联系电话：195-10811926 / 056-85173130。提供高速 Wi‑Fi 及 24 小时热水。酒店内有健身房和洗衣房，住客免费使用。设有地下停车场与充电桩。可手机自助入住，无接触开门。	C223
7522	花筑酒店	地址：玛纳斯县解放路105号（玛纳斯）。联系电话：028-55989214 / 055-36681859。设有地下停车场与充电桩。前台多语言服务，支持行李寄存。部分房型可俯瞰城市天际线。酒店内有健身房和洗衣房，住客免费使用。	C143
7523	沐兰酒店	地址：玛纳斯县建设路335号（玛纳斯）。联系电话：134-54914964。距车站步行 5 分钟，交通便利。提供高速 Wi‑Fi 及 24 小时热水。	C143
7524	碧桂精品酒店	地址：玛纳斯县迎宾大道379号（玛纳斯）。联系电话：190-44930311 / 015-79058082。部分房型可俯瞰城市天际线。可手机自助入住，无接触开门。	C143
7525	锦江度假酒店	地址：玛纳斯县和平路60号（玛纳斯）。联系电话：159-89958107 / 190-90316396。前台多语言服务，支持行李寄存。设有地下停车场与充电桩。	C143
7526	雅致精品酒店	地址：烟台人民大道296号（牟平）。联系电话：014-73011937 / 031-64504917。设有地下停车场与充电桩。周边 500 米内即是商场与美食街。前台多语言服务，支持行李寄存。客房配备记忆棉床垫，保证舒适睡眠。	C205
7527	锦江酒店	地址：烟台人民大道218号（牟平）。联系电话：181-58452371 / 023-56484644。前台多语言服务，支持行李寄存。部分房型可俯瞰城市天际线。周边 500 米内即是商场与美食街。	C205
7528	桔子国际酒店	地址：烟台解放路123号（牟平）。联系电话：041-46407062。距车站步行 5 分钟，交通便利。含自助早餐，菜品丰富。	C205
7529	月光宾馆	地址：烟台朝阳街179号（牟平）。联系电话：012-36516070。提供高速 Wi‑Fi 及 24 小时热水。可手机自助入住，无接触开门。周边 500 米内即是商场与美食街。	C205
7530	枫叶酒店	地址：闽清县和平路74号（闽清北）。联系电话：184-33851675 / 193-60811672。距车站步行 5 分钟，交通便利。含自助早餐，菜品丰富。前台多语言服务，支持行李寄存。	C221
7531	柏曼国际酒店	地址：闽清县人民大道184号（闽清北）。联系电话：150-98669983 / 033-69771101。设有地下停车场与充电桩。距车站步行 5 分钟，交通便利。酒店内有健身房和洗衣房，住客免费使用。	C221
7532	悦榕国际酒店	地址：闽清县中心路322号（闽清北）。联系电话：135-44910002。距车站步行 5 分钟，交通便利。含自助早餐，菜品丰富。可手机自助入住，无接触开门。	C221
7533	楠舍度假酒店	地址：闽清县迎宾大道228号（闽清北）。联系电话：133-57533682。提供高速 Wi‑Fi 及 24 小时热水。距车站步行 5 分钟，交通便利。	C221
7534	柏曼大酒店	地址：民权县朝阳街399号（民权北）。联系电话：136-74036237 / 134-70225905。部分房型可俯瞰城市天际线。距车站步行 5 分钟，交通便利。	C068
7535	桔子宾馆	地址：民权县迎宾大道359号（民权北）。联系电话：130-94595763 / 037-52679268。客房配备记忆棉床垫，保证舒适睡眠。距车站步行 5 分钟，交通便利。	C068
7536	锦江精品酒店	地址：民权县解放路255号（民权北）。联系电话：032-44740875 / 046-77658021。酒店内有健身房和洗衣房，住客免费使用。距车站步行 5 分钟，交通便利。设有地下停车场与充电桩。周边 500 米内即是商场与美食街。	C068
7537	枫叶大酒店	地址：眉山迎宾大道101号（眉山东）。联系电话：023-30079642。周边 500 米内即是商场与美食街。前台多语言服务，支持行李寄存。	C218
7538	云栖宾馆	地址：眉山迎宾大道319号（眉山东）。联系电话：038-47359127 / 184-33867158。酒店内有健身房和洗衣房，住客免费使用。距车站步行 5 分钟，交通便利。设有地下停车场与充电桩。周边 500 米内即是商场与美食街。	C218
7539	桔子度假酒店	地址：眉山和平路84号（眉山东）。联系电话：130-61331786 / 033-36402614。酒店内有健身房和洗衣房，住客免费使用。含自助早餐，菜品丰富。周边 500 米内即是商场与美食街。	C218
7540	桔子国际酒店	地址：雅安人民大道331号（名山）。联系电话：046-53893626 / 193-90691446。设有地下停车场与充电桩。距车站步行 5 分钟，交通便利。	C296
7541	梅园度假酒店	地址：雅安解放路268号（名山）。联系电话：037-79611875。含自助早餐，菜品丰富。距车站步行 5 分钟，交通便利。	C296
7542	柏栎宾馆	地址：雅安迎宾大道173号（名山）。联系电话：187-20130660。含自助早餐，菜品丰富。周边 500 米内即是商场与美食街。设有地下停车场与充电桩。	C296
7543	悦榕度假酒店	地址：雅安解放路209号（名山）。联系电话：019-46067966。酒店内有健身房和洗衣房，住客免费使用。可手机自助入住，无接触开门。	C296
7544	碧桂大酒店	地址：武汉朝阳街197号（庙山）。联系电话：134-58286773。设有地下停车场与充电桩。前台多语言服务，支持行李寄存。距车站步行 5 分钟，交通便利。酒店内有健身房和洗衣房，住客免费使用。	C164
7545	锦江精品酒店	地址：武汉迎宾大道216号（庙山）。联系电话：049-37765405。含自助早餐，菜品丰富。酒店内有健身房和洗衣房，住客免费使用。提供高速 Wi‑Fi 及 24 小时热水。距车站步行 5 分钟，交通便利。	C164
7546	璞丽度假酒店	地址：武汉和平路334号（庙山）。联系电话：132-30340600。可手机自助入住，无接触开门。含自助早餐，菜品丰富。酒店内有健身房和洗衣房，住客免费使用。距车站步行 5 分钟，交通便利。	C164
7547	璞丽大酒店	地址：岷县迎宾大道205号（岷县）。联系电话：150-93718341 / 053-85626314。距车站步行 5 分钟，交通便利。周边 500 米内即是商场与美食街。酒店内有健身房和洗衣房，住客免费使用。	C093
7548	梅园大酒店	地址：岷县解放路190号（岷县）。联系电话：197-87929741。周边 500 米内即是商场与美食街。可手机自助入住，无接触开门。提供高速 Wi‑Fi 及 24 小时热水。	C093
7549	悦榕国际酒店	地址：岷县朝阳街390号（岷县）。联系电话：031-86691798。含自助早餐，菜品丰富。客房配备记忆棉床垫，保证舒适睡眠。	C093
7550	悦榕宾馆	地址：门源回族自治县朝阳街383号（门源）。联系电话：138-41157407。可手机自助入住，无接触开门。酒店内有健身房和洗衣房，住客免费使用。	C183
7551	桔子宾馆	地址：门源回族自治县朝阳街206号（门源）。联系电话：130-78187816 / 180-57446269。含自助早餐，菜品丰富。部分房型可俯瞰城市天际线。前台多语言服务，支持行李寄存。	C183
7552	桔子度假酒店	地址：门源回族自治县迎宾大道137号（门源）。联系电话：152-84608606 / 024-71281957。周边 500 米内即是商场与美食街。距车站步行 5 分钟，交通便利。	C183
7553	星程大酒店	地址：长沙和平路361号（暮云）。联系电话：041-46395168。设有地下停车场与充电桩。部分房型可俯瞰城市天际线。可手机自助入住，无接触开门。	C284
7554	丽枫宾馆	地址：长沙人民大道237号（暮云）。联系电话：138-58070104。提供高速 Wi‑Fi 及 24 小时热水。部分房型可俯瞰城市天际线。设有地下停车场与充电桩。	C284
7555	雅致大酒店	地址：长沙建设路253号（暮云）。联系电话：046-27197738 / 021-47020813。含自助早餐，菜品丰富。前台多语言服务，支持行李寄存。	C284
7556	桔子宾馆	地址：长沙中心路122号（暮云）。联系电话：192-27900598。距车站步行 5 分钟，交通便利。设有地下停车场与充电桩。提供高速 Wi‑Fi 及 24 小时热水。部分房型可俯瞰城市天际线。	C284
7557	楠舍度假酒店	地址：蒙自中心路225号（蒙自北）。联系电话：054-52192524 / 048-70585171。设有地下停车场与充电桩。可手机自助入住，无接触开门。部分房型可俯瞰城市天际线。距车站步行 5 分钟，交通便利。	C223
7558	雅致国际酒店	地址：蒙自解放路344号（蒙自北）。联系电话：196-89892176 / 130-43876121。周边 500 米内即是商场与美食街。距车站步行 5 分钟，交通便利。可手机自助入住，无接触开门。	C223
7559	桔子精品酒店	地址：蒙自中心路50号（蒙自北）。联系电话：180-36832277 / 059-73800111。部分房型可俯瞰城市天际线。距车站步行 5 分钟，交通便利。设有地下停车场与充电桩。前台多语言服务，支持行李寄存。	C223
7560	花筑度假酒店	地址：定州朝阳街249号（孟庄）。联系电话：137-95214647 / 048-83093585。距车站步行 5 分钟，交通便利。可手机自助入住，无接触开门。含自助早餐，菜品丰富。	C027
7561	梅园宾馆	地址：定州和平路280号（孟庄）。联系电话：150-36689723。提供高速 Wi‑Fi 及 24 小时热水。酒店内有健身房和洗衣房，住客免费使用。	C027
7562	沐兰酒店	地址：蒙自人民大道238号（蒙自）。联系电话：131-84798857 / 130-61254097。提供高速 Wi‑Fi 及 24 小时热水。部分房型可俯瞰城市天际线。	C223
7563	璞丽宾馆	地址：蒙自人民大道75号（蒙自）。联系电话：014-48449161 / 020-59524706。酒店内有健身房和洗衣房，住客免费使用。客房配备记忆棉床垫，保证舒适睡眠。	C223
7564	柏栎度假酒店	地址：南部县人民大道258号（南部）。联系电话：190-82087424 / 131-15464250。前台多语言服务，支持行李寄存。酒店内有健身房和洗衣房，住客免费使用。距车站步行 5 分钟，交通便利。可手机自助入住，无接触开门。	C043
7565	云栖国际酒店	地址：南部县朝阳街254号（南部）。联系电话：037-60756872。提供高速 Wi‑Fi 及 24 小时热水。设有地下停车场与充电桩。可手机自助入住，无接触开门。	C043
7566	月光度假酒店	地址：南部县朝阳街188号（南部）。联系电话：021-57781999 / 010-88464295。前台多语言服务，支持行李寄存。提供高速 Wi‑Fi 及 24 小时热水。部分房型可俯瞰城市天际线。酒店内有健身房和洗衣房，住客免费使用。	C043
7567	碧桂国际酒店	地址：郑州迎宾大道169号（南曹）。联系电话：183-30350449。部分房型可俯瞰城市天际线。酒店内有健身房和洗衣房，住客免费使用。设有地下停车场与充电桩。	C267
7568	丽枫大酒店	地址：郑州和平路64号（南曹）。联系电话：195-12038381。距车站步行 5 分钟，交通便利。前台多语言服务，支持行李寄存。	C267
7569	丽枫酒店	地址：南充人民大道274号（南充北）。联系电话：132-69472296。距车站步行 5 分钟，交通便利。周边 500 米内即是商场与美食街。含自助早餐，菜品丰富。	C043
7570	月光精品酒店	地址：南充建设路144号（南充北）。联系电话：132-21563430。含自助早餐，菜品丰富。酒店内有健身房和洗衣房，住客免费使用。设有地下停车场与充电桩。距车站步行 5 分钟，交通便利。	C043
7571	星程酒店	地址：南充解放路342号（南充北）。联系电话：029-87984203。客房配备记忆棉床垫，保证舒适睡眠。前台多语言服务，支持行李寄存。部分房型可俯瞰城市天际线。	C043
7572	月光大酒店	地址：南充和平路68号（南充北）。联系电话：185-55380512 / 052-83191182。部分房型可俯瞰城市天际线。周边 500 米内即是商场与美食街。距车站步行 5 分钟，交通便利。	C043
7573	星程度假酒店	地址：南城县迎宾大道122号（南城）。联系电话：030-55988304 / 188-31038116。设有地下停车场与充电桩。客房配备记忆棉床垫，保证舒适睡眠。可手机自助入住，无接触开门。	C131
7574	悦榕大酒店	地址：南城县解放路15号（南城）。联系电话：031-78152671。设有地下停车场与充电桩。可手机自助入住，无接触开门。距车站步行 5 分钟，交通便利。	C131
7575	星程度假酒店	地址：南昌朝阳街14号（南昌西）。联系电话：028-54710060 / 033-64763891。客房配备记忆棉床垫，保证舒适睡眠。提供高速 Wi‑Fi 及 24 小时热水。	C046
7576	沐兰精品酒店	地址：南昌朝阳街342号（南昌西）。联系电话：196-59740072。距车站步行 5 分钟，交通便利。含自助早餐，菜品丰富。周边 500 米内即是商场与美食街。酒店内有健身房和洗衣房，住客免费使用。	C046
7577	花筑精品酒店	地址：南昌和平路50号（南昌西）。联系电话：048-46343902。部分房型可俯瞰城市天际线。提供高速 Wi‑Fi 及 24 小时热水。	C046
7578	桔子精品酒店	地址：南昌人民大道165号（南昌西）。联系电话：024-51690585。前台多语言服务，支持行李寄存。含自助早餐，菜品丰富。	C046
7579	碧桂国际酒店	地址：灵武人民大道231号（宁东南）。联系电话：157-24580532。可手机自助入住，无接触开门。前台多语言服务，支持行李寄存。距车站步行 5 分钟，交通便利。含自助早餐，菜品丰富。	C279
7580	沐兰酒店	地址：灵武建设路76号（宁东南）。联系电话：191-90826686 / 192-70091791。设有地下停车场与充电桩。距车站步行 5 分钟，交通便利。前台多语言服务，支持行李寄存。	C279
7581	雅致精品酒店	地址：灵武朝阳街208号（宁东）。联系电话：151-35431044 / 139-81628926。前台多语言服务，支持行李寄存。提供高速 Wi‑Fi 及 24 小时热水。	C279
7582	云栖酒店	地址：灵武解放路118号（宁东）。联系电话：053-48662193 / 131-57180933。酒店内有健身房和洗衣房，住客免费使用。前台多语言服务，支持行李寄存。含自助早餐，菜品丰富。提供高速 Wi‑Fi 及 24 小时热水。	C279
7583	柏曼国际酒店	地址：本溪和平路225号（南芬北）。联系电话：138-28830249。部分房型可俯瞰城市天际线。提供高速 Wi‑Fi 及 24 小时热水。	C151
7584	柏栎精品酒店	地址：本溪建设路104号（南芬北）。联系电话：034-87905612。含自助早餐，菜品丰富。客房配备记忆棉床垫，保证舒适睡眠。距车站步行 5 分钟，交通便利。部分房型可俯瞰城市天际线。	C151
7585	沐兰精品酒店	地址：本溪建设路86号（南芬北）。联系电话：198-40241994。部分房型可俯瞰城市天际线。含自助早餐，菜品丰富。提供高速 Wi‑Fi 及 24 小时热水。酒店内有健身房和洗衣房，住客免费使用。	C151
7586	丽枫精品酒店	地址：南丰县迎宾大道100号（南丰）。联系电话：020-40712150 / 138-39003957。部分房型可俯瞰城市天际线。客房配备记忆棉床垫，保证舒适睡眠。前台多语言服务，支持行李寄存。酒店内有健身房和洗衣房，住客免费使用。	C131
7587	悦榕度假酒店	地址：南丰县人民大道127号（南丰）。联系电话：131-27315312 / 051-27699895。酒店内有健身房和洗衣房，住客免费使用。距车站步行 5 分钟，交通便利。	C131
7588	云栖国际酒店	地址：南丰县和平路140号（南丰）。联系电话：019-80588329 / 049-20353410。客房配备记忆棉床垫，保证舒适睡眠。周边 500 米内即是商场与美食街。酒店内有健身房和洗衣房，住客免费使用。提供高速 Wi‑Fi 及 24 小时热水。	C131
7589	云栖度假酒店	地址：南丰县中心路130号（南丰）。联系电话：187-99962146 / 192-89494122。含自助早餐，菜品丰富。酒店内有健身房和洗衣房，住客免费使用。前台多语言服务，支持行李寄存。提供高速 Wi‑Fi 及 24 小时热水。	C131
7590	璞丽酒店	地址：武汉人民大道248号（南湖东）。联系电话：135-12232297 / 184-36553046。可手机自助入住，无接触开门。周边 500 米内即是商场与美食街。	C164
7591	沐兰精品酒店	地址：武汉迎宾大道297号（南湖东）。联系电话：047-27413161。部分房型可俯瞰城市天际线。距车站步行 5 分钟，交通便利。	C164
7592	花筑精品酒店	地址：武汉迎宾大道319号（南湖东）。联系电话：193-29200312 / 045-73158983。客房配备记忆棉床垫，保证舒适睡眠。含自助早餐，菜品丰富。前台多语言服务，支持行李寄存。	C164
7593	月光精品酒店	地址：武汉迎宾大道173号（南湖东）。联系电话：023-42633758。距车站步行 5 分钟，交通便利。提供高速 Wi‑Fi 及 24 小时热水。设有地下停车场与充电桩。	C164
7594	梅园宾馆	地址：凌源迎宾大道102号（牛河梁）。联系电话：051-76744607 / 055-87317855。客房配备记忆棉床垫，保证舒适睡眠。前台多语言服务，支持行李寄存。酒店内有健身房和洗衣房，住客免费使用。	C150
7595	锦江精品酒店	地址：凌源人民大道49号（牛河梁）。联系电话：026-89106862 / 026-41780230。可手机自助入住，无接触开门。提供高速 Wi‑Fi 及 24 小时热水。含自助早餐，菜品丰富。酒店内有健身房和洗衣房，住客免费使用。	C150
7596	碧桂宾馆	地址：凌源迎宾大道220号（牛河梁）。联系电话：193-37462313 / 132-25870507。含自助早餐，菜品丰富。酒店内有健身房和洗衣房，住客免费使用。前台多语言服务，支持行李寄存。	C150
7597	雅致酒店	地址：楚雄彝族自治州建设路130号（南华）。联系电话：188-13791427 / 185-17747561。周边 500 米内即是商场与美食街。酒店内有健身房和洗衣房，住客免费使用。设有地下停车场与充电桩。前台多语言服务，支持行李寄存。	C161
7598	花筑宾馆	地址：楚雄彝族自治州朝阳街67号（南华）。联系电话：046-25032386。部分房型可俯瞰城市天际线。前台多语言服务，支持行李寄存。	C161
7599	桔子酒店	地址：楚雄彝族自治州建设路386号（南华）。联系电话：018-63007943。提供高速 Wi‑Fi 及 24 小时热水。酒店内有健身房和洗衣房，住客免费使用。	C161
7600	云栖大酒店	地址：内江人民大道332号（内江北）。联系电话：157-86082341。酒店内有健身房和洗衣房，住客免费使用。周边 500 米内即是商场与美食街。距车站步行 5 分钟，交通便利。提供高速 Wi‑Fi 及 24 小时热水。	C036
7601	锦江国际酒店	地址：内江迎宾大道198号（内江北）。联系电话：011-40265562。含自助早餐，菜品丰富。客房配备记忆棉床垫，保证舒适睡眠。提供高速 Wi‑Fi 及 24 小时热水。可手机自助入住，无接触开门。	C036
7602	碧桂宾馆	地址：内江迎宾大道3号（内江北）。联系电话：054-45576713。前台多语言服务，支持行李寄存。含自助早餐，菜品丰富。设有地下停车场与充电桩。客房配备记忆棉床垫，保证舒适睡眠。	C036
7603	锦江度假酒店	地址：内江人民大道255号（内江北）。联系电话：139-78572762。可手机自助入住，无接触开门。周边 500 米内即是商场与美食街。客房配备记忆棉床垫，保证舒适睡眠。	C036
7604	丽枫国际酒店	地址：南江县和平路350号（南江）。联系电话：035-79483845 / 135-36640015。含自助早餐，菜品丰富。设有地下停车场与充电桩。客房配备记忆棉床垫，保证舒适睡眠。周边 500 米内即是商场与美食街。	C103
7605	楠舍国际酒店	地址：南江县迎宾大道314号（南江）。联系电话：051-72350162。提供高速 Wi‑Fi 及 24 小时热水。酒店内有健身房和洗衣房，住客免费使用。含自助早餐，菜品丰富。	C103
7606	月光国际酒店	地址：南江县迎宾大道71号（南江）。联系电话：193-54868744 / 027-53406545。前台多语言服务，支持行李寄存。提供高速 Wi‑Fi 及 24 小时热水。	C103
7607	花筑国际酒店	地址：郁南县人民大道319号（南江口）。联系电话：150-66370741 / 195-75432511。前台多语言服务，支持行李寄存。距车站步行 5 分钟，交通便利。	C021
7608	云栖度假酒店	地址：郁南县迎宾大道240号（南江口）。联系电话：052-27394100。设有地下停车场与充电桩。客房配备记忆棉床垫，保证舒适睡眠。	C021
7609	悦榕酒店	地址：郁南县迎宾大道64号（南江口）。联系电话：196-28868507 / 185-15306151。提供高速 Wi‑Fi 及 24 小时热水。客房配备记忆棉床垫，保证舒适睡眠。设有地下停车场与充电桩。	C021
7610	梅园国际酒店	地址：朝阳县朝阳街319号（奈林皋）。联系电话：014-31644103 / 158-20504625。设有地下停车场与充电桩。周边 500 米内即是商场与美食街。客房配备记忆棉床垫，保证舒适睡眠。	C150
7611	楠舍精品酒店	地址：朝阳县朝阳街260号（奈林皋）。联系电话：181-70125617。可手机自助入住，无接触开门。含自助早餐，菜品丰富。设有地下停车场与充电桩。	C150
7612	梅园大酒店	地址：朝阳县迎宾大道26号（奈林皋）。联系电话：034-45107637。提供高速 Wi‑Fi 及 24 小时热水。前台多语言服务，支持行李寄存。酒店内有健身房和洗衣房，住客免费使用。客房配备记忆棉床垫，保证舒适睡眠。	C150
7613	雅致精品酒店	地址：朝阳县迎宾大道273号（奈林皋）。联系电话：130-45469572 / 154-38716542。距车站步行 5 分钟，交通便利。周边 500 米内即是商场与美食街。部分房型可俯瞰城市天际线。前台多语言服务，支持行李寄存。	C150
7614	柏栎大酒店	地址：南陵县和平路293号（南陵）。联系电话：045-26020411。客房配备记忆棉床垫，保证舒适睡眠。前台多语言服务，支持行李寄存。周边 500 米内即是商场与美食街。	C230
7615	沐兰国际酒店	地址：南陵县朝阳街243号（南陵）。联系电话：021-46769121。部分房型可俯瞰城市天际线。酒店内有健身房和洗衣房，住客免费使用。	C230
7616	柏栎精品酒店	地址：南陵县迎宾大道274号（南陵）。联系电话：154-34638990。部分房型可俯瞰城市天际线。前台多语言服务，支持行李寄存。含自助早餐，菜品丰富。可手机自助入住，无接触开门。	C230
7617	楠舍宾馆	地址：南陵县人民大道195号（南陵）。联系电话：026-64980374。设有地下停车场与充电桩。酒店内有健身房和洗衣房，住客免费使用。部分房型可俯瞰城市天际线。	C230
7618	云栖精品酒店	地址：尼木县中心路252号（尼木）。联系电话：192-55022000 / 132-54333144。客房配备记忆棉床垫，保证舒适睡眠。酒店内有健身房和洗衣房，住客免费使用。含自助早餐，菜品丰富。	C133
7619	楠舍宾馆	地址：尼木县朝阳街346号（尼木）。联系电话：188-77012053 / 042-31732791。部分房型可俯瞰城市天际线。含自助早餐，菜品丰富。提供高速 Wi‑Fi 及 24 小时热水。酒店内有健身房和洗衣房，住客免费使用。	C133
7620	丽枫大酒店	地址：尼木县人民大道351号（尼木）。联系电话：010-51807579。前台多语言服务，支持行李寄存。周边 500 米内即是商场与美食街。含自助早餐，菜品丰富。	C133
7621	月光大酒店	地址：尼木县解放路108号（尼木）。联系电话：034-38166720 / 030-64890599。设有地下停车场与充电桩。部分房型可俯瞰城市天际线。距车站步行 5 分钟，交通便利。	C133
7622	桔子大酒店	地址：南宁和平路99号（南宁东）。联系电话：155-17031170。前台多语言服务，支持行李寄存。含自助早餐，菜品丰富。部分房型可俯瞰城市天际线。提供高速 Wi‑Fi 及 24 小时热水。	C044
7623	梅园酒店	地址：南宁朝阳街127号（南宁东）。联系电话：059-42818555。部分房型可俯瞰城市天际线。距车站步行 5 分钟，交通便利。	C044
7624	悦榕国际酒店	地址：南宁迎宾大道307号（南宁东）。联系电话：154-44922270。设有地下停车场与充电桩。客房配备记忆棉床垫，保证舒适睡眠。	C044
7625	柏曼度假酒店	地址：南宁人民大道56号（南宁西）。联系电话：183-89573613。可手机自助入住，无接触开门。距车站步行 5 分钟，交通便利。	C044
7626	碧桂宾馆	地址：南宁和平路11号（南宁西）。联系电话：131-62115758 / 182-47319430。周边 500 米内即是商场与美食街。含自助早餐，菜品丰富。设有地下停车场与充电桩。	C044
7627	雅致国际酒店	地址：南平朝阳街255号（南平北）。联系电话：024-35028040。提供高速 Wi‑Fi 及 24 小时热水。距车站步行 5 分钟，交通便利。客房配备记忆棉床垫，保证舒适睡眠。部分房型可俯瞰城市天际线。	C045
7628	柏栎宾馆	地址：南平建设路125号（南平北）。联系电话：049-24689276。含自助早餐，菜品丰富。酒店内有健身房和洗衣房，住客免费使用。前台多语言服务，支持行李寄存。	C045
7629	柏栎酒店	地址：南平迎宾大道332号（南平北）。联系电话：038-50934164 / 196-64295628。前台多语言服务，支持行李寄存。周边 500 米内即是商场与美食街。含自助早餐，菜品丰富。部分房型可俯瞰城市天际线。	C045
7630	沐兰国际酒店	地址：南平和平路347号（南平北）。联系电话：015-46336709。距车站步行 5 分钟，交通便利。酒店内有健身房和洗衣房，住客免费使用。	C045
7631	柏曼国际酒店	地址：唐山建设路356号（南堡北）。联系电话：026-26248499 / 183-37542558。客房配备记忆棉床垫，保证舒适睡眠。提供高速 Wi‑Fi 及 24 小时热水。酒店内有健身房和洗衣房，住客免费使用。距车站步行 5 分钟，交通便利。	C067
7632	枫叶度假酒店	地址：唐山中心路168号（南堡北）。联系电话：044-24942937。周边 500 米内即是商场与美食街。酒店内有健身房和洗衣房，住客免费使用。距车站步行 5 分钟，交通便利。	C067
7633	梅园酒店	地址：唐山建设路90号（南堡北）。联系电话：017-63224127 / 017-51719990。提供高速 Wi‑Fi 及 24 小时热水。酒店内有健身房和洗衣房，住客免费使用。前台多语言服务，支持行李寄存。设有地下停车场与充电桩。	C067
7634	悦榕大酒店	地址：唐山解放路276号（南堡北）。联系电话：187-98009803。周边 500 米内即是商场与美食街。可手机自助入住，无接触开门。	C067
7635	枫叶精品酒店	地址：宁强县朝阳街67号（宁强南）。联系电话：021-83351382 / 198-34322469。设有地下停车场与充电桩。提供高速 Wi‑Fi 及 24 小时热水。	C167
7636	璞丽大酒店	地址：宁强县建设路258号（宁强南）。联系电话：038-47716189 / 051-38903497。酒店内有健身房和洗衣房，住客免费使用。部分房型可俯瞰城市天际线。距车站步行 5 分钟，交通便利。	C167
7637	丽枫度假酒店	地址：宁强县解放路358号（宁强南）。联系电话：154-51507513 / 019-32093709。距车站步行 5 分钟，交通便利。部分房型可俯瞰城市天际线。	C167
7638	雅致国际酒店	地址：宜宾朝阳街112号（泥溪）。联系电话：038-79848014 / 049-72476746。距车站步行 5 分钟，交通便利。可手机自助入住，无接触开门。	C094
7639	柏栎国际酒店	地址：宜宾迎宾大道122号（泥溪）。联系电话：187-17313137。部分房型可俯瞰城市天际线。周边 500 米内即是商场与美食街。前台多语言服务，支持行李寄存。设有地下停车场与充电桩。	C094
7640	云栖宾馆	地址：南雄建设路309号（南雄）。联系电话：043-46013900 / 186-68816112。距车站步行 5 分钟，交通便利。前台多语言服务，支持行李寄存。	C299
7641	悦榕宾馆	地址：南雄朝阳街253号（南雄）。联系电话：192-47981621 / 133-79656534。距车站步行 5 分钟，交通便利。部分房型可俯瞰城市天际线。	C299
7642	柏栎酒店	地址：南雄解放路192号（南雄）。联系电话：196-20734530 / 017-58532737。前台多语言服务，支持行李寄存。客房配备记忆棉床垫，保证舒适睡眠。	C299
7643	柏曼酒店	地址：纳雍县朝阳街157号（纳雍）。联系电话：036-81398689 / 038-72459083。可手机自助入住，无接触开门。周边 500 米内即是商场与美食街。客房配备记忆棉床垫，保证舒适睡眠。	C165
7644	星程大酒店	地址：纳雍县人民大道271号（纳雍）。联系电话：054-37963745。周边 500 米内即是商场与美食街。部分房型可俯瞰城市天际线。含自助早餐，菜品丰富。	C165
7645	柏曼宾馆	地址：纳雍县建设路197号（纳雍）。联系电话：045-39362676。酒店内有健身房和洗衣房，住客免费使用。可手机自助入住，无接触开门。前台多语言服务，支持行李寄存。设有地下停车场与充电桩。	C165
7646	柏曼大酒店	地址：郑州人民大道335号（南阳寨）。联系电话：050-21048978。客房配备记忆棉床垫，保证舒适睡眠。酒店内有健身房和洗衣房，住客免费使用。	C267
7647	雅致国际酒店	地址：郑州建设路231号（南阳寨）。联系电话：199-29707714 / 044-33290539。可手机自助入住，无接触开门。设有地下停车场与充电桩。	C267
7648	楠舍度假酒店	地址：郑州朝阳街152号（南阳寨）。联系电话：032-63934928 / 186-23115429。前台多语言服务，支持行李寄存。距车站步行 5 分钟，交通便利。可手机自助入住，无接触开门。	C267
7649	云栖国际酒店	地址：郑州解放路249号（南阳寨）。联系电话：043-21881315。提供高速 Wi‑Fi 及 24 小时热水。前台多语言服务，支持行李寄存。	C267
7650	碧桂度假酒店	地址：武汉建设路46号（普安）。联系电话：040-29032727 / 041-54096450。前台多语言服务，支持行李寄存。客房配备记忆棉床垫，保证舒适睡眠。设有地下停车场与充电桩。周边 500 米内即是商场与美食街。	C164
7651	花筑宾馆	地址：武汉朝阳街335号（普安）。联系电话：139-66997428。酒店内有健身房和洗衣房，住客免费使用。提供高速 Wi‑Fi 及 24 小时热水。含自助早餐，菜品丰富。前台多语言服务，支持行李寄存。	C164
7652	云栖大酒店	地址：武汉和平路118号（普安）。联系电话：150-55093610 / 045-25560395。客房配备记忆棉床垫，保证舒适睡眠。酒店内有健身房和洗衣房，住客免费使用。前台多语言服务，支持行李寄存。可手机自助入住，无接触开门。	C164
7653	花筑宾馆	地址：武汉建设路389号（普安）。联系电话：035-57326723 / 192-55529368。距车站步行 5 分钟，交通便利。含自助早餐，菜品丰富。客房配备记忆棉床垫，保证舒适睡眠。前台多语言服务，支持行李寄存。	C164
7654	柏曼度假酒店	地址：普安县中心路129号（普安县）。联系电话：136-85715241 / 015-28052521。提供高速 Wi‑Fi 及 24 小时热水。设有地下停车场与充电桩。周边 500 米内即是商场与美食街。	C313
7655	碧桂国际酒店	地址：普安县建设路122号（普安县）。联系电话：047-22907469。可手机自助入住，无接触开门。酒店内有健身房和洗衣房，住客免费使用。	C313
7656	花筑大酒店	地址：普安县解放路169号（普安县）。联系电话：133-28274887。客房配备记忆棉床垫，保证舒适睡眠。酒店内有健身房和洗衣房，住客免费使用。	C313
7657	枫叶大酒店	地址：屏边苗族自治县朝阳街395号（屏边）。联系电话：183-68258318。提供高速 Wi‑Fi 及 24 小时热水。可手机自助入住，无接触开门。酒店内有健身房和洗衣房，住客免费使用。	C223
7658	枫叶酒店	地址：屏边苗族自治县建设路206号（屏边）。联系电话：026-88925562 / 026-52475083。距车站步行 5 分钟，交通便利。酒店内有健身房和洗衣房，住客免费使用。客房配备记忆棉床垫，保证舒适睡眠。周边 500 米内即是商场与美食街。	C223
7659	月光大酒店	地址：屏边苗族自治县迎宾大道163号（屏边）。联系电话：139-23268375。含自助早餐，菜品丰富。周边 500 米内即是商场与美食街。前台多语言服务，支持行李寄存。	C223
7660	星程国际酒店	地址：屏边苗族自治县建设路249号（屏边）。联系电话：048-25818444。前台多语言服务，支持行李寄存。可手机自助入住，无接触开门。	C223
7661	星程大酒店	地址：安顺和平路324号（平坝南）。联系电话：184-33909319 / 033-29169884。距车站步行 5 分钟，交通便利。含自助早餐，菜品丰富。	C092
7662	锦江大酒店	地址：安顺中心路19号（平坝南）。联系电话：012-53670434 / 053-66533340。可手机自助入住，无接触开门。含自助早餐，菜品丰富。酒店内有健身房和洗衣房，住客免费使用。	C092
7663	梅园精品酒店	地址：安顺和平路241号（平坝南）。联系电话：053-83119174 / 013-36106872。酒店内有健身房和洗衣房，住客免费使用。周边 500 米内即是商场与美食街。距车站步行 5 分钟，交通便利。	C092
7664	梅园大酒店	地址：安顺人民大道156号（平坝南）。联系电话：047-48851039。部分房型可俯瞰城市天际线。前台多语言服务，支持行李寄存。可手机自助入住，无接触开门。	C092
7665	枫叶宾馆	地址：平昌县解放路163号（平昌）。联系电话：016-64260614 / 150-21810077。设有地下停车场与充电桩。含自助早餐，菜品丰富。客房配备记忆棉床垫，保证舒适睡眠。	C103
7666	桔子大酒店	地址：平昌县人民大道98号（平昌）。联系电话：016-44636320 / 136-34210732。部分房型可俯瞰城市天际线。可手机自助入住，无接触开门。	C103
7667	花筑大酒店	地址：平昌县中心路316号（平昌）。联系电话：051-60358490 / 012-33217386。前台多语言服务，支持行李寄存。可手机自助入住，无接触开门。设有地下停车场与充电桩。含自助早餐，菜品丰富。	C103
7668	楠舍大酒店	地址：平昌县和平路361号（平昌）。联系电话：185-25286554 / 030-76279301。酒店内有健身房和洗衣房，住客免费使用。含自助早餐，菜品丰富。	C103
7669	柏曼精品酒店	地址：安顺和平路224号（普定）。联系电话：020-42441205 / 183-87604135。部分房型可俯瞰城市天际线。提供高速 Wi‑Fi 及 24 小时热水。	C092
7670	桔子宾馆	地址：安顺迎宾大道181号（普定）。联系电话：054-65745566 / 032-43267112。含自助早餐，菜品丰富。距车站步行 5 分钟，交通便利。酒店内有健身房和洗衣房，住客免费使用。	C092
7671	碧桂酒店	地址：平度朝阳街65号（平度）。联系电话：032-73697433。设有地下停车场与充电桩。前台多语言服务，支持行李寄存。含自助早餐，菜品丰富。酒店内有健身房和洗衣房，住客免费使用。	C297
7672	桔子国际酒店	地址：平度建设路371号（平度）。联系电话：011-53557725。含自助早餐，菜品丰富。距车站步行 5 分钟，交通便利。	C297
7673	柏栎度假酒店	地址：平度和平路113号（平度）。联系电话：026-47844930。部分房型可俯瞰城市天际线。客房配备记忆棉床垫，保证舒适睡眠。可手机自助入住，无接触开门。	C297
7674	楠舍酒店	地址：平度建设路259号（平度）。联系电话：039-59151667 / 011-50614744。部分房型可俯瞰城市天际线。周边 500 米内即是商场与美食街。提供高速 Wi‑Fi 及 24 小时热水。	C297
7675	星程酒店	地址：浦江县解放路305号（蒲江）。联系电话：056-52407905。周边 500 米内即是商场与美食街。客房配备记忆棉床垫，保证舒适睡眠。	C273
7676	璞丽国际酒店	地址：浦江县和平路381号（蒲江）。联系电话：056-35024885。周边 500 米内即是商场与美食街。前台多语言服务，支持行李寄存。设有地下停车场与充电桩。酒店内有健身房和洗衣房，住客免费使用。	C273
7677	星程大酒店	地址：浦江县中心路216号（蒲江）。联系电话：157-55289830 / 158-33238515。酒店内有健身房和洗衣房，住客免费使用。可手机自助入住，无接触开门。设有地下停车场与充电桩。	C273
7678	锦江酒店	地址：大连人民大道116号（皮口）。联系电话：042-45690309。可手机自助入住，无接触开门。设有地下停车场与充电桩。含自助早餐，菜品丰富。	C080
7679	月光酒店	地址：大连人民大道286号（皮口）。联系电话：154-87947003。前台多语言服务，支持行李寄存。提供高速 Wi‑Fi 及 24 小时热水。	C080
7680	雅致国际酒店	地址：武汉迎宾大道207号（盘龙城）。联系电话：025-70979827。设有地下停车场与充电桩。可手机自助入住，无接触开门。	C164
7681	丽枫酒店	地址：武汉建设路334号（盘龙城）。联系电话：029-66706510 / 152-84800721。前台多语言服务，支持行李寄存。可手机自助入住，无接触开门。含自助早餐，菜品丰富。提供高速 Wi‑Fi 及 24 小时热水。	C164
7682	月光大酒店	地址：蓬莱和平路42号（蓬莱市）。联系电话：180-66098844 / 035-58436023。周边 500 米内即是商场与美食街。距车站步行 5 分钟，交通便利。	C205
7683	碧桂酒店	地址：蓬莱迎宾大道201号（蓬莱市）。联系电话：195-19666065 / 056-77472809。部分房型可俯瞰城市天际线。提供高速 Wi‑Fi 及 24 小时热水。前台多语言服务，支持行李寄存。可手机自助入住，无接触开门。	C205
7684	锦江宾馆	地址：普宁和平路40号（普宁）。联系电话：131-88306703 / 023-69788855。设有地下停车场与充电桩。可手机自助入住，无接触开门。提供高速 Wi‑Fi 及 24 小时热水。	C134
7685	柏栎国际酒店	地址：普宁人民大道304号（普宁）。联系电话：139-39140649。提供高速 Wi‑Fi 及 24 小时热水。距车站步行 5 分钟，交通便利。周边 500 米内即是商场与美食街。可手机自助入住，无接触开门。	C134
7686	碧桂酒店	地址：普宁迎宾大道365号（普宁）。联系电话：196-42279132 / 158-41714838。部分房型可俯瞰城市天际线。可手机自助入住，无接触开门。周边 500 米内即是商场与美食街。	C134
7687	碧桂度假酒店	地址：平南县建设路157号（平南南）。联系电话：052-83970557 / 190-91046056。距车站步行 5 分钟，交通便利。提供高速 Wi‑Fi 及 24 小时热水。可手机自助入住，无接触开门。	C248
7688	柏栎酒店	地址：平南县朝阳街370号（平南南）。联系电话：036-62109973。含自助早餐，菜品丰富。部分房型可俯瞰城市天际线。	C248
7689	柏栎大酒店	地址：平南县中心路178号（平南南）。联系电话：130-75588656。可手机自助入住，无接触开门。部分房型可俯瞰城市天际线。	C248
7690	星程酒店	地址：平泉迎宾大道274号（平泉北）。联系电话：134-21089263 / 192-63066585。客房配备记忆棉床垫，保证舒适睡眠。可手机自助入住，无接触开门。前台多语言服务，支持行李寄存。设有地下停车场与充电桩。	C130
7691	雅致宾馆	地址：平泉中心路169号（平泉北）。联系电话：025-80424053 / 011-25572120。周边 500 米内即是商场与美食街。可手机自助入住，无接触开门。	C130
7692	云栖度假酒店	地址：眉山解放路234号（彭山北）。联系电话：050-38782686 / 040-73257082。提供高速 Wi‑Fi 及 24 小时热水。周边 500 米内即是商场与美食街。含自助早餐，菜品丰富。	C218
7693	碧桂度假酒店	地址：眉山和平路107号（彭山北）。联系电话：059-82770274 / 010-78325840。设有地下停车场与充电桩。周边 500 米内即是商场与美食街。距车站步行 5 分钟，交通便利。	C218
7694	桔子大酒店	地址：宜宾朝阳街43号（屏山）。联系电话：189-55271555。客房配备记忆棉床垫，保证舒适睡眠。含自助早餐，菜品丰富。提供高速 Wi‑Fi 及 24 小时热水。周边 500 米内即是商场与美食街。	C094
7695	丽枫精品酒店	地址：宜宾解放路398号（屏山）。联系电话：136-17088974。距车站步行 5 分钟，交通便利。周边 500 米内即是商场与美食街。提供高速 Wi‑Fi 及 24 小时热水。含自助早餐，菜品丰富。	C094
7696	柏曼国际酒店	地址：宜宾建设路83号（屏山）。联系电话：136-66528777 / 045-23681684。部分房型可俯瞰城市天际线。可手机自助入住，无接触开门。	C094
7697	沐兰精品酒店	地址：盘锦解放路187号（盘山）。联系电话：152-97040435。部分房型可俯瞰城市天际线。可手机自助入住，无接触开门。酒店内有健身房和洗衣房，住客免费使用。	C217
7698	楠舍度假酒店	地址：盘锦迎宾大道105号（盘山）。联系电话：155-44891319。可手机自助入住，无接触开门。提供高速 Wi‑Fi 及 24 小时热水。	C217
7699	沐兰大酒店	地址：盘锦解放路315号（盘山）。联系电话：019-33977734 / 192-45938211。提供高速 Wi‑Fi 及 24 小时热水。前台多语言服务，支持行李寄存。	C217
7700	悦榕大酒店	地址：莒南县朝阳街220号（坪上）。联系电话：011-73902559 / 027-40795706。距车站步行 5 分钟，交通便利。设有地下停车场与充电桩。客房配备记忆棉床垫，保证舒适睡眠。酒店内有健身房和洗衣房，住客免费使用。	C012
7701	花筑国际酒店	地址：莒南县朝阳街162号（坪上）。联系电话：131-46610795。距车站步行 5 分钟，交通便利。设有地下停车场与充电桩。含自助早餐，菜品丰富。	C012
7702	璞丽大酒店	地址：莒南县和平路207号（坪上）。联系电话：012-83055376。距车站步行 5 分钟，交通便利。前台多语言服务，支持行李寄存。部分房型可俯瞰城市天际线。周边 500 米内即是商场与美食街。	C012
7703	沐兰酒店	地址：上栗县解放路61号（萍乡北）。联系电话：135-98226314。周边 500 米内即是商场与美食街。提供高速 Wi‑Fi 及 24 小时热水。	C237
7704	雅致精品酒店	地址：上栗县朝阳街355号（萍乡北）。联系电话：059-52714055 / 153-45845747。前台多语言服务，支持行李寄存。部分房型可俯瞰城市天际线。	C237
7705	沐兰国际酒店	地址：鄱阳县建设路96号（鄱阳）。联系电话：027-31218299。部分房型可俯瞰城市天际线。可手机自助入住，无接触开门。周边 500 米内即是商场与美食街。客房配备记忆棉床垫，保证舒适睡眠。	C006
7706	月光宾馆	地址：鄱阳县中心路69号（鄱阳）。联系电话：198-50867729 / 196-91388109。提供高速 Wi‑Fi 及 24 小时热水。可手机自助入住，无接触开门。	C006
7707	璞丽大酒店	地址：濮阳中心路102号（濮阳）。联系电话：058-83445086。提供高速 Wi‑Fi 及 24 小时热水。客房配备记忆棉床垫，保证舒适睡眠。	C204
7708	碧桂精品酒店	地址：濮阳迎宾大道300号（濮阳）。联系电话：058-79405889 / 021-56380031。部分房型可俯瞰城市天际线。设有地下停车场与充电桩。可手机自助入住，无接触开门。	C204
7709	柏曼精品酒店	地址：濮阳解放路285号（濮阳）。联系电话：139-89300725。前台多语言服务，支持行李寄存。可手机自助入住，无接触开门。提供高速 Wi‑Fi 及 24 小时热水。酒店内有健身房和洗衣房，住客免费使用。	C204
7710	花筑宾馆	地址：平遥县中心路252号（平遥古城）。联系电话：155-76230158。提供高速 Wi‑Fi 及 24 小时热水。部分房型可俯瞰城市天际线。	C145
7711	璞丽酒店	地址：平遥县朝阳街197号（平遥古城）。联系电话：056-75537161 / 051-42190827。含自助早餐，菜品丰富。设有地下停车场与充电桩。	C145
7712	璞丽大酒店	地址：平遥县中心路210号（平遥古城）。联系电话：193-88230401。周边 500 米内即是商场与美食街。距车站步行 5 分钟，交通便利。	C145
7713	桔子国际酒店	地址：平遥县解放路31号（平遥古城）。联系电话：197-16020903。前台多语言服务，支持行李寄存。部分房型可俯瞰城市天际线。	C145
7714	云栖国际酒店	地址：平原县和平路1号（平原东）。联系电话：032-53922956 / 046-61070032。提供高速 Wi‑Fi 及 24 小时热水。可手机自助入住，无接触开门。酒店内有健身房和洗衣房，住客免费使用。客房配备记忆棉床垫，保证舒适睡眠。	C122
7715	月光国际酒店	地址：平原县中心路99号（平原东）。联系电话：182-98490288 / 156-73198531。部分房型可俯瞰城市天际线。距车站步行 5 分钟，交通便利。	C122
7716	沐兰国际酒店	地址：平原县迎宾大道161号（平原东）。联系电话：194-67834529。距车站步行 5 分钟，交通便利。酒店内有健身房和洗衣房，住客免费使用。	C122
7717	楠舍国际酒店	地址：平原县和平路258号（平原东）。联系电话：180-72004033。距车站步行 5 分钟，交通便利。前台多语言服务，支持行李寄存。	C122
7718	楠舍宾馆	地址：丘北县中心路44号（普者黑）。联系电话：027-65910386。设有地下停车场与充电桩。含自助早餐，菜品丰富。客房配备记忆棉床垫，保证舒适睡眠。部分房型可俯瞰城市天际线。	C136
7719	沐兰度假酒店	地址：丘北县人民大道359号（普者黑）。联系电话：191-51554269 / 029-83946474。酒店内有健身房和洗衣房，住客免费使用。前台多语言服务，支持行李寄存。	C136
7720	悦榕度假酒店	地址：丘北县解放路33号（普者黑）。联系电话：193-31800846 / 158-64752805。提供高速 Wi‑Fi 及 24 小时热水。酒店内有健身房和洗衣房，住客免费使用。客房配备记忆棉床垫，保证舒适睡眠。含自助早餐，菜品丰富。	C136
7721	沐兰度假酒店	地址：盘州人民大道121号（盘州）。联系电话：018-59364659 / 130-13151767。提供高速 Wi‑Fi 及 24 小时热水。距车站步行 5 分钟，交通便利。部分房型可俯瞰城市天际线。酒店内有健身房和洗衣房，住客免费使用。	C033
7722	柏曼度假酒店	地址：盘州迎宾大道76号（盘州）。联系电话：137-30146718 / 185-73512065。部分房型可俯瞰城市天际线。酒店内有健身房和洗衣房，住客免费使用。距车站步行 5 分钟，交通便利。	C033
7723	悦榕国际酒店	地址：彭州人民大道112号（彭州）。联系电话：195-29309833。含自助早餐，菜品丰富。设有地下停车场与充电桩。部分房型可俯瞰城市天际线。可手机自助入住，无接触开门。	C128
7724	丽枫酒店	地址：彭州迎宾大道141号（彭州）。联系电话：181-56716372。距车站步行 5 分钟，交通便利。周边 500 米内即是商场与美食街。客房配备记忆棉床垫，保证舒适睡眠。	C128
7725	月光精品酒店	地址：彭州迎宾大道342号（彭州）。联系电话：032-38881199。可手机自助入住，无接触开门。酒店内有健身房和洗衣房，住客免费使用。客房配备记忆棉床垫，保证舒适睡眠。距车站步行 5 分钟，交通便利。	C128
7726	碧桂度假酒店	地址：成都解放路128号（彭州南）。联系电话：137-11132723 / 050-83291286。提供高速 Wi‑Fi 及 24 小时热水。可手机自助入住，无接触开门。客房配备记忆棉床垫，保证舒适睡眠。含自助早餐，菜品丰富。	C128
7727	锦江精品酒店	地址：成都人民大道121号（彭州南）。联系电话：182-83246283 / 043-78390965。提供高速 Wi‑Fi 及 24 小时热水。设有地下停车场与充电桩。	C128
7728	丽枫大酒店	地址：秦安县朝阳街214号（秦安）。联系电话：052-52722212。距车站步行 5 分钟，交通便利。设有地下停车场与充电桩。周边 500 米内即是商场与美食街。前台多语言服务，支持行李寄存。	C081
7729	楠舍宾馆	地址：秦安县建设路109号（秦安）。联系电话：056-87243918。酒店内有健身房和洗衣房，住客免费使用。含自助早餐，菜品丰富。提供高速 Wi‑Fi 及 24 小时热水。	C081
7730	月光国际酒店	地址：秦安县中心路284号（秦安）。联系电话：134-94982799。提供高速 Wi‑Fi 及 24 小时热水。前台多语言服务，支持行李寄存。	C081
7731	花筑国际酒店	地址：成都中心路10号（青白江东）。联系电话：136-46904803。距车站步行 5 分钟，交通便利。部分房型可俯瞰城市天际线。含自助早餐，菜品丰富。可手机自助入住，无接触开门。	C128
7732	雅致宾馆	地址：成都解放路123号（青白江东）。联系电话：195-13250060。提供高速 Wi‑Fi 及 24 小时热水。可手机自助入住，无接触开门。	C128
7733	楠舍国际酒店	地址：成都朝阳街139号（青白江东）。联系电话：049-74578150 / 139-83465456。前台多语言服务，支持行李寄存。含自助早餐，菜品丰富。设有地下停车场与充电桩。客房配备记忆棉床垫，保证舒适睡眠。	C128
7734	柏栎大酒店	地址：成都解放路100号（青白江东）。联系电话：058-54922377 / 015-55219335。含自助早餐，菜品丰富。酒店内有健身房和洗衣房，住客免费使用。前台多语言服务，支持行李寄存。可手机自助入住，无接触开门。	C128
7735	沐兰宾馆	地址：青川县人民大道101号（青川）。联系电话：132-89113617。设有地下停车场与充电桩。酒店内有健身房和洗衣房，住客免费使用。含自助早餐，菜品丰富。距车站步行 5 分钟，交通便利。	C110
7736	雅致精品酒店	地址：青川县解放路363号（青川）。联系电话：152-53031617。前台多语言服务，支持行李寄存。含自助早餐，菜品丰富。提供高速 Wi‑Fi 及 24 小时热水。	C110
7737	璞丽酒店	地址：青川县和平路86号（青川）。联系电话：023-47146440 / 035-44569104。提供高速 Wi‑Fi 及 24 小时热水。前台多语言服务，支持行李寄存。部分房型可俯瞰城市天际线。	C110
7738	柏曼度假酒店	地址：青川县解放路174号（青川）。联系电话：026-54599313。含自助早餐，菜品丰富。部分房型可俯瞰城市天际线。前台多语言服务，支持行李寄存。周边 500 米内即是商场与美食街。	C110
7739	星程国际酒店	地址：青岛中心路94号（青岛北）。联系电话：193-54505638。周边 500 米内即是商场与美食街。含自助早餐，菜品丰富。可手机自助入住，无接触开门。提供高速 Wi‑Fi 及 24 小时热水。	C297
7740	梅园度假酒店	地址：青岛解放路213号（青岛北）。联系电话：021-65800227。前台多语言服务，支持行李寄存。酒店内有健身房和洗衣房，住客免费使用。距车站步行 5 分钟，交通便利。	C297
7741	璞丽宾馆	地址：青岛解放路63号（青岛北）。联系电话：187-42774336 / 196-29830113。部分房型可俯瞰城市天际线。酒店内有健身房和洗衣房，住客免费使用。前台多语言服务，支持行李寄存。客房配备记忆棉床垫，保证舒适睡眠。	C297
7742	璞丽精品酒店	地址：青岛建设路207号（青岛北）。联系电话：199-93557561 / 032-50578767。酒店内有健身房和洗衣房，住客免费使用。周边 500 米内即是商场与美食街。	C297
7743	柏曼大酒店	地址：淳安县人民大道66号（千岛湖）。联系电话：040-50758317 / 039-80249379。周边 500 米内即是商场与美食街。客房配备记忆棉床垫，保证舒适睡眠。可手机自助入住，无接触开门。酒店内有健身房和洗衣房，住客免费使用。	C153
7744	楠舍度假酒店	地址：淳安县迎宾大道222号（千岛湖）。联系电话：159-44819643 / 031-60230445。含自助早餐，菜品丰富。部分房型可俯瞰城市天际线。可手机自助入住，无接触开门。	C153
7745	楠舍大酒店	地址：淳安县建设路143号（千岛湖）。联系电话：029-68990623 / 157-66203860。前台多语言服务，支持行李寄存。部分房型可俯瞰城市天际线。酒店内有健身房和洗衣房，住客免费使用。	C153
7746	丽枫宾馆	地址：淳安县朝阳街132号（千岛湖）。联系电话：159-36361763。前台多语言服务，支持行李寄存。距车站步行 5 分钟，交通便利。	C153
7747	璞丽大酒店	地址：祁东县建设路160号（祁东）。联系电话：130-29628834 / 159-53142962。周边 500 米内即是商场与美食街。提供高速 Wi‑Fi 及 24 小时热水。设有地下停车场与充电桩。	C242
7748	丽枫度假酒店	地址：祁东县解放路270号（祁东）。联系电话：046-68283269 / 040-46596812。前台多语言服务，支持行李寄存。提供高速 Wi‑Fi 及 24 小时热水。	C242
7749	月光酒店	地址：祁东县建设路306号（祁东）。联系电话：046-31777192。设有地下停车场与充电桩。周边 500 米内即是商场与美食街。	C242
7750	枫叶大酒店	地址：祁东县解放路228号（祁东）。联系电话：151-77628080 / 192-59758732。酒店内有健身房和洗衣房，住客免费使用。可手机自助入住，无接触开门。前台多语言服务，支持行李寄存。	C242
7751	柏曼精品酒店	地址：启东朝阳街284号（启东）。联系电话：040-74708151 / 180-44121477。设有地下停车场与充电桩。部分房型可俯瞰城市天际线。酒店内有健身房和洗衣房，住客免费使用。提供高速 Wi‑Fi 及 24 小时热水。	C047
7752	丽枫酒店	地址：启东人民大道4号（启东）。联系电话：181-94264024 / 152-49366087。距车站步行 5 分钟，交通便利。设有地下停车场与充电桩。前台多语言服务，支持行李寄存。提供高速 Wi‑Fi 及 24 小时热水。	C047
7753	沐兰宾馆	地址：庄河迎宾大道77号（青堆）。联系电话：154-19652150。距车站步行 5 分钟，交通便利。可手机自助入住，无接触开门。客房配备记忆棉床垫，保证舒适睡眠。	C080
7754	楠舍精品酒店	地址：庄河朝阳街140号（青堆）。联系电话：019-89151634 / 156-53879252。设有地下停车场与充电桩。距车站步行 5 分钟，交通便利。	C080
7755	月光精品酒店	地址：庄河中心路164号（青堆）。联系电话：152-23742879。距车站步行 5 分钟，交通便利。设有地下停车场与充电桩。	C080
7756	悦榕国际酒店	地址：庄河和平路193号（青堆）。联系电话：134-93290214。周边 500 米内即是商场与美食街。前台多语言服务，支持行李寄存。	C080
7757	璞丽国际酒店	地址：青岛解放路343号（青岛西）。联系电话：022-33454854。部分房型可俯瞰城市天际线。提供高速 Wi‑Fi 及 24 小时热水。酒店内有健身房和洗衣房，住客免费使用。	C297
7758	云栖精品酒店	地址：青岛解放路198号（青岛西）。联系电话：041-40078603 / 156-50552084。前台多语言服务，支持行李寄存。周边 500 米内即是商场与美食街。	C297
7759	丽枫宾馆	地址：青岛迎宾大道108号（青岛西）。联系电话：014-20060066。部分房型可俯瞰城市天际线。含自助早餐，菜品丰富。提供高速 Wi‑Fi 及 24 小时热水。前台多语言服务，支持行李寄存。	C297
7760	柏曼国际酒店	地址：抚远迎宾大道178号（前锋）。联系电话：013-35080688 / 189-71697819。提供高速 Wi‑Fi 及 24 小时热水。前台多语言服务，支持行李寄存。设有地下停车场与充电桩。距车站步行 5 分钟，交通便利。	C026
7761	沐兰度假酒店	地址：抚远人民大道70号（前锋）。联系电话：193-64611641。部分房型可俯瞰城市天际线。周边 500 米内即是商场与美食街。前台多语言服务，支持行李寄存。	C026
7762	悦榕国际酒店	地址：抚远解放路8号（前锋）。联系电话：186-51603297 / 027-89878676。提供高速 Wi‑Fi 及 24 小时热水。含自助早餐，菜品丰富。前台多语言服务，支持行李寄存。距车站步行 5 分钟，交通便利。	C026
7763	碧桂度假酒店	地址：阜新蒙古族自治县迎宾大道159号（清河门北）。联系电话：032-79237836。酒店内有健身房和洗衣房，住客免费使用。提供高速 Wi‑Fi 及 24 小时热水。周边 500 米内即是商场与美食街。	C286
7764	桔子度假酒店	地址：阜新蒙古族自治县建设路172号（清河门北）。联系电话：043-74565998 / 139-21202208。前台多语言服务，支持行李寄存。酒店内有健身房和洗衣房，住客免费使用。	C286
7765	梅园酒店	地址：阜新蒙古族自治县和平路220号（清河门北）。联系电话：017-61223326。周边 500 米内即是商场与美食街。客房配备记忆棉床垫，保证舒适睡眠。前台多语言服务，支持行李寄存。	C286
7766	云栖大酒店	地址：齐河县解放路235号（齐河）。联系电话：159-54923853。部分房型可俯瞰城市天际线。距车站步行 5 分钟，交通便利。前台多语言服务，支持行李寄存。	C122
7767	花筑宾馆	地址：齐河县朝阳街280号（齐河）。联系电话：150-18683347 / 013-82623376。部分房型可俯瞰城市天际线。可手机自助入住，无接触开门。含自助早餐，菜品丰富。客房配备记忆棉床垫，保证舒适睡眠。	C122
7768	锦江宾馆	地址：齐河县和平路162号（齐河）。联系电话：051-63703508。含自助早餐，菜品丰富。部分房型可俯瞰城市天际线。前台多语言服务，支持行李寄存。	C122
7769	柏曼国际酒店	地址：曲靖朝阳街192号（曲靖北）。联系电话：156-75248375 / 196-22904941。提供高速 Wi‑Fi 及 24 小时热水。酒店内有健身房和洗衣房，住客免费使用。可手机自助入住，无接触开门。	C148
7770	楠舍精品酒店	地址：曲靖中心路325号（曲靖北）。联系电话：192-53515308 / 181-25391359。含自助早餐，菜品丰富。周边 500 米内即是商场与美食街。距车站步行 5 分钟，交通便利。可手机自助入住，无接触开门。	C148
7771	云栖度假酒店	地址：重庆迎宾大道267号（綦江东）。联系电话：181-88179154 / 197-35887861。部分房型可俯瞰城市天际线。可手机自助入住，无接触开门。提供高速 Wi‑Fi 及 24 小时热水。距车站步行 5 分钟，交通便利。	C272
7772	沐兰酒店	地址：重庆人民大道218号（綦江东）。联系电话：044-25056665 / 181-80605225。距车站步行 5 分钟，交通便利。部分房型可俯瞰城市天际线。设有地下停车场与充电桩。	C272
7773	碧桂酒店	地址：重庆解放路343号（綦江东）。联系电话：131-84234808。距车站步行 5 分钟，交通便利。提供高速 Wi‑Fi 及 24 小时热水。客房配备记忆棉床垫，保证舒适睡眠。酒店内有健身房和洗衣房，住客免费使用。	C272
7774	柏栎度假酒店	地址：建水县解放路158号（曲江）。联系电话：193-45115020 / 011-63190464。前台多语言服务，支持行李寄存。提供高速 Wi‑Fi 及 24 小时热水。设有地下停车场与充电桩。	C223
7775	桔子宾馆	地址：建水县中心路87号（曲江）。联系电话：184-89137985。前台多语言服务，支持行李寄存。周边 500 米内即是商场与美食街。	C223
7776	花筑宾馆	地址：建水县解放路117号（曲江）。联系电话：157-48626598 / 047-45680851。部分房型可俯瞰城市天际线。客房配备记忆棉床垫，保证舒适睡眠。	C223
7777	锦江宾馆	地址：邛崃解放路364号（邛崃）。联系电话：186-77607247 / 051-81437838。含自助早餐，菜品丰富。客房配备记忆棉床垫，保证舒适睡眠。提供高速 Wi‑Fi 及 24 小时热水。	C128
7778	月光度假酒店	地址：邛崃迎宾大道195号（邛崃）。联系电话：193-70341911。客房配备记忆棉床垫，保证舒适睡眠。含自助早餐，菜品丰富。前台多语言服务，支持行李寄存。设有地下停车场与充电桩。	C128
7779	璞丽酒店	地址：邛崃和平路116号（邛崃）。联系电话：025-24339209 / 195-82175160。酒店内有健身房和洗衣房，住客免费使用。距车站步行 5 分钟，交通便利。含自助早餐，菜品丰富。	C128
7780	沐兰大酒店	地址：邛崃中心路309号（邛崃）。联系电话：159-57668717。设有地下停车场与充电桩。酒店内有健身房和洗衣房，住客免费使用。	C128
7781	沐兰国际酒店	地址：江油中心路245号（青莲）。联系电话：044-87018450。可手机自助入住，无接触开门。设有地下停车场与充电桩。前台多语言服务，支持行李寄存。	C226
7782	柏栎精品酒店	地址：江油中心路8号（青莲）。联系电话：022-36668061。客房配备记忆棉床垫，保证舒适睡眠。可手机自助入住，无接触开门。设有地下停车场与充电桩。	C226
7783	悦榕度假酒店	地址：江油中心路159号（青莲）。联系电话：049-23166837 / 031-70721629。提供高速 Wi‑Fi 及 24 小时热水。周边 500 米内即是商场与美食街。	C226
7784	沐兰精品酒店	地址：江油建设路64号（青莲）。联系电话：020-69216575。部分房型可俯瞰城市天际线。含自助早餐，菜品丰富。设有地下停车场与充电桩。	C226
7785	楠舍度假酒店	地址：齐齐哈尔迎宾大道71号（齐齐哈尔南）。联系电话：155-55198704 / 022-82220113。前台多语言服务，支持行李寄存。含自助早餐，菜品丰富。周边 500 米内即是商场与美食街。	C314
7786	柏曼大酒店	地址：齐齐哈尔朝阳街82号（齐齐哈尔南）。联系电话：132-30670129 / 199-56994820。提供高速 Wi‑Fi 及 24 小时热水。距车站步行 5 分钟，交通便利。可手机自助入住，无接触开门。设有地下停车场与充电桩。	C314
7787	云栖度假酒店	地址：酒泉人民大道266号（清水北）。联系电话：027-46253683。前台多语言服务，支持行李寄存。客房配备记忆棉床垫，保证舒适睡眠。可手机自助入住，无接触开门。	C271
7788	云栖大酒店	地址：酒泉建设路241号（清水北）。联系电话：132-95325062。距车站步行 5 分钟，交通便利。酒店内有健身房和洗衣房，住客免费使用。	C271
7789	锦江度假酒店	地址：酒泉解放路396号（清水北）。联系电话：150-18812712。提供高速 Wi‑Fi 及 24 小时热水。部分房型可俯瞰城市天际线。距车站步行 5 分钟，交通便利。前台多语言服务，支持行李寄存。	C271
7790	云栖宾馆	地址：青神县中心路152号（青神）。联系电话：052-67671636。含自助早餐，菜品丰富。距车站步行 5 分钟，交通便利。提供高速 Wi‑Fi 及 24 小时热水。	C218
7791	梅园宾馆	地址：青神县中心路326号（青神）。联系电话：139-81911422。距车站步行 5 分钟，交通便利。前台多语言服务，支持行李寄存。	C218
7792	沐兰度假酒店	地址：岐山县迎宾大道228号（岐山）。联系电话：055-43796634 / 046-70927334。客房配备记忆棉床垫，保证舒适睡眠。酒店内有健身房和洗衣房，住客免费使用。	C097
7793	雅致大酒店	地址：岐山县中心路215号（岐山）。联系电话：053-43727297 / 019-48620415。部分房型可俯瞰城市天际线。客房配备记忆棉床垫，保证舒适睡眠。前台多语言服务，支持行李寄存。含自助早餐，菜品丰富。	C097
7794	柏栎国际酒店	地址：岐山县中心路124号（岐山）。联系电话：027-25697101 / 155-52230674。距车站步行 5 分钟，交通便利。设有地下停车场与充电桩。提供高速 Wi‑Fi 及 24 小时热水。含自助早餐，菜品丰富。	C097
7795	云栖酒店	地址：广州建设路10号（庆盛）。联系电话：027-34484081。酒店内有健身房和洗衣房，住客免费使用。距车站步行 5 分钟，交通便利。设有地下停车场与充电桩。	C112
7796	雅致宾馆	地址：广州人民大道6号（庆盛）。联系电话：194-13216058。可手机自助入住，无接触开门。设有地下停车场与充电桩。客房配备记忆棉床垫，保证舒适睡眠。提供高速 Wi‑Fi 及 24 小时热水。	C112
7797	梅园酒店	地址：广州人民大道69号（庆盛）。联系电话：026-68670791。客房配备记忆棉床垫，保证舒适睡眠。酒店内有健身房和洗衣房，住客免费使用。距车站步行 5 分钟，交通便利。	C112
7798	碧桂酒店	地址：清水县建设路48号（清水县）。联系电话：012-70518639。部分房型可俯瞰城市天际线。周边 500 米内即是商场与美食街。	C081
7799	雅致酒店	地址：清水县中心路129号（清水县）。联系电话：191-59830565 / 138-46181945。部分房型可俯瞰城市天际线。周边 500 米内即是商场与美食街。	C081
7800	月光国际酒店	地址：清水县朝阳街330号（清水县）。联系电话：040-89826811。酒店内有健身房和洗衣房，住客免费使用。前台多语言服务，支持行李寄存。	C081
7801	柏曼度假酒店	地址：清水县和平路261号（清水县）。联系电话：185-56702306。含自助早餐，菜品丰富。设有地下停车场与充电桩。客房配备记忆棉床垫，保证舒适睡眠。	C081
7802	丽枫酒店	地址：曲水县人民大道98号（曲水县）。联系电话：134-57362958。提供高速 Wi‑Fi 及 24 小时热水。客房配备记忆棉床垫，保证舒适睡眠。	C133
7803	桔子宾馆	地址：曲水县解放路331号（曲水县）。联系电话：056-30498079 / 138-47292870。客房配备记忆棉床垫，保证舒适睡眠。酒店内有健身房和洗衣房，住客免费使用。	C133
7804	丽枫度假酒店	地址：乐山朝阳街184号（犍为）。联系电话：014-82793796 / 038-47746703。客房配备记忆棉床垫，保证舒适睡眠。酒店内有健身房和洗衣房，住客免费使用。距车站步行 5 分钟，交通便利。	C019
7805	柏曼酒店	地址：乐山人民大道248号（犍为）。联系电话：047-70093482 / 196-48156263。酒店内有健身房和洗衣房，住客免费使用。含自助早餐，菜品丰富。提供高速 Wi‑Fi 及 24 小时热水。设有地下停车场与充电桩。	C019
7806	星程宾馆	地址：乐山人民大道282号（犍为）。联系电话：185-84275259。设有地下停车场与充电桩。部分房型可俯瞰城市天际线。含自助早餐，菜品丰富。距车站步行 5 分钟，交通便利。	C019
7807	梅园宾馆	地址：祁县中心路384号（祁县东）。联系电话：013-63026508。部分房型可俯瞰城市天际线。含自助早餐，菜品丰富。酒店内有健身房和洗衣房，住客免费使用。	C145
7808	锦江大酒店	地址：祁县解放路151号（祁县东）。联系电话：041-78907693。设有地下停车场与充电桩。周边 500 米内即是商场与美食街。	C145
7809	柏栎度假酒店	地址：乾县解放路4号（乾县）。联系电话：192-90868488。提供高速 Wi‑Fi 及 24 小时热水。酒店内有健身房和洗衣房，住客免费使用。周边 500 米内即是商场与美食街。	C064
7810	柏曼度假酒店	地址：乾县人民大道129号（乾县）。联系电话：035-56349901 / 018-83016406。周边 500 米内即是商场与美食街。前台多语言服务，支持行李寄存。提供高速 Wi‑Fi 及 24 小时热水。可手机自助入住，无接触开门。	C064
7811	星程酒店	地址：乾县和平路70号（乾县）。联系电话：183-46063393 / 042-44324992。周边 500 米内即是商场与美食街。可手机自助入住，无接触开门。距车站步行 5 分钟，交通便利。酒店内有健身房和洗衣房，住客免费使用。	C064
7812	柏曼国际酒店	地址：卓资县朝阳街255号（旗下营南）。联系电话：021-79066348 / 021-25371803。酒店内有健身房和洗衣房，住客免费使用。部分房型可俯瞰城市天际线。前台多语言服务，支持行李寄存。可手机自助入住，无接触开门。	C016
7813	楠舍大酒店	地址：卓资县和平路152号（旗下营南）。联系电话：185-24698641。含自助早餐，菜品丰富。酒店内有健身房和洗衣房，住客免费使用。周边 500 米内即是商场与美食街。	C016
7814	柏栎国际酒店	地址：祁阳县和平路43号（祁阳）。联系电话：184-89322138。含自助早餐，菜品丰富。提供高速 Wi‑Fi 及 24 小时热水。部分房型可俯瞰城市天际线。	C166
7815	云栖精品酒店	地址：祁阳县朝阳街160号（祁阳）。联系电话：150-96146454 / 192-62510983。含自助早餐，菜品丰富。可手机自助入住，无接触开门。酒店内有健身房和洗衣房，住客免费使用。	C166
7816	梅园大酒店	地址：祁阳县人民大道131号（祁阳）。联系电话：183-47514596。含自助早餐，菜品丰富。部分房型可俯瞰城市天际线。可手机自助入住，无接触开门。	C166
7817	楠舍大酒店	地址：祁阳县解放路272号（祁阳）。联系电话：139-70599841 / 151-82708676。可手机自助入住，无接触开门。距车站步行 5 分钟，交通便利。前台多语言服务，支持行李寄存。	C166
7818	锦江国际酒店	地址：青州解放路272号（青州市北）。联系电话：012-49180568。客房配备记忆棉床垫，保证舒适睡眠。距车站步行 5 分钟，交通便利。设有地下停车场与充电桩。	C202
7819	星程国际酒店	地址：青州朝阳街260号（青州市北）。联系电话：010-77869716 / 156-10861934。前台多语言服务，支持行李寄存。含自助早餐，菜品丰富。	C202
7820	花筑国际酒店	地址：青州朝阳街26号（青州市北）。联系电话：051-52324617 / 011-49314865。可手机自助入住，无接触开门。含自助早餐，菜品丰富。	C202
7821	柏曼大酒店	地址：青州中心路172号（青州市北）。联系电话：013-41063914 / 038-51058954。提供高速 Wi‑Fi 及 24 小时热水。前台多语言服务，支持行李寄存。可手机自助入住，无接触开门。	C202
7822	璞丽度假酒店	地址：北京迎宾大道16号（乔庄东）。联系电话：183-90610577。周边 500 米内即是商场与美食街。距车站步行 5 分钟，交通便利。	C039
7823	沐兰国际酒店	地址：北京朝阳街345号（乔庄东）。联系电话：150-55427047 / 053-63406446。提供高速 Wi‑Fi 及 24 小时热水。前台多语言服务，支持行李寄存。含自助早餐，菜品丰富。部分房型可俯瞰城市天际线。	C039
7824	云栖酒店	地址：北京和平路15号（乔庄东）。联系电话：158-91466327 / 155-94582857。周边 500 米内即是商场与美食街。酒店内有健身房和洗衣房，住客免费使用。提供高速 Wi‑Fi 及 24 小时热水。	C039
7825	锦江度假酒店	地址：全州县朝阳街252号（全州南）。联系电话：150-24299914 / 132-66986658。含自助早餐，菜品丰富。提供高速 Wi‑Fi 及 24 小时热水。可手机自助入住，无接触开门。设有地下停车场与充电桩。	C158
7826	梅园精品酒店	地址：全州县建设路249号（全州南）。联系电话：193-66448489 / 158-90012558。设有地下停车场与充电桩。含自助早餐，菜品丰富。部分房型可俯瞰城市天际线。	C158
7827	桔子大酒店	地址：全州县迎宾大道119号（全州南）。联系电话：046-56684405 / 155-51446572。客房配备记忆棉床垫，保证舒适睡眠。前台多语言服务，支持行李寄存。周边 500 米内即是商场与美食街。提供高速 Wi‑Fi 及 24 小时热水。	C158
7828	沐兰酒店	地址：昌江黎族自治县迎宾大道172号（棋子湾）。联系电话：197-59598580 / 032-72384017。前台多语言服务，支持行李寄存。客房配备记忆棉床垫，保证舒适睡眠。	C319
7829	沐兰酒店	地址：昌江黎族自治县中心路163号（棋子湾）。联系电话：010-43764348 / 132-48109440。距车站步行 5 分钟，交通便利。提供高速 Wi‑Fi 及 24 小时热水。前台多语言服务，支持行李寄存。周边 500 米内即是商场与美食街。	C319
7830	柏栎精品酒店	地址：仁布县建设路211号（仁布）。联系电话：190-93604119。可手机自助入住，无接触开门。周边 500 米内即是商场与美食街。部分房型可俯瞰城市天际线。酒店内有健身房和洗衣房，住客免费使用。	C140
7831	沐兰精品酒店	地址：仁布县中心路322号（仁布）。联系电话：132-54843188。周边 500 米内即是商场与美食街。可手机自助入住，无接触开门。	C140
7832	花筑宾馆	地址：仁布县建设路112号（仁布）。联系电话：135-33471386。距车站步行 5 分钟，交通便利。设有地下停车场与充电桩。	C140
7833	悦榕大酒店	地址：重庆中心路288号（荣昌北）。联系电话：189-53452412。酒店内有健身房和洗衣房，住客免费使用。周边 500 米内即是商场与美食街。提供高速 Wi‑Fi 及 24 小时热水。距车站步行 5 分钟，交通便利。	C272
7834	悦榕宾馆	地址：重庆迎宾大道77号（荣昌北）。联系电话：186-19529866 / 058-38542492。周边 500 米内即是商场与美食街。距车站步行 5 分钟，交通便利。	C272
7835	星程精品酒店	地址：荣成人民大道282号（荣成）。联系电话：131-16258074。前台多语言服务，支持行李寄存。距车站步行 5 分钟，交通便利。酒店内有健身房和洗衣房，住客免费使用。	C084
7836	雅致宾馆	地址：荣成人民大道289号（荣成）。联系电话：193-61783663。设有地下停车场与充电桩。可手机自助入住，无接触开门。部分房型可俯瞰城市天际线。酒店内有健身房和洗衣房，住客免费使用。	C084
7837	月光国际酒店	地址：荣成和平路247号（荣成）。联系电话：186-96432832 / 135-89042165。可手机自助入住，无接触开门。含自助早餐，菜品丰富。酒店内有健身房和洗衣房，住客免费使用。	C084
7838	悦榕宾馆	地址：荣成中心路294号（荣成）。联系电话：025-44378157 / 045-58110251。部分房型可俯瞰城市天际线。周边 500 米内即是商场与美食街。客房配备记忆棉床垫，保证舒适睡眠。	C084
7839	楠舍度假酒店	地址：瑞昌人民大道379号（瑞昌西）。联系电话：042-44303252 / 181-53948844。酒店内有健身房和洗衣房，住客免费使用。提供高速 Wi‑Fi 及 24 小时热水。部分房型可俯瞰城市天际线。	C020
7840	碧桂大酒店	地址：瑞昌中心路1号（瑞昌西）。联系电话：048-41445746 / 193-34020531。提供高速 Wi‑Fi 及 24 小时热水。酒店内有健身房和洗衣房，住客免费使用。部分房型可俯瞰城市天际线。距车站步行 5 分钟，交通便利。	C020
7841	桔子精品酒店	地址：如东县和平路223号（如东）。联系电话：150-18124541 / 198-17990243。可手机自助入住，无接触开门。周边 500 米内即是商场与美食街。距车站步行 5 分钟，交通便利。	C047
7842	月光宾馆	地址：如东县建设路31号（如东）。联系电话：139-22171335 / 159-82577475。设有地下停车场与充电桩。周边 500 米内即是商场与美食街。客房配备记忆棉床垫，保证舒适睡眠。前台多语言服务，支持行李寄存。	C047
7843	丽枫酒店	地址：如东县人民大道237号（如东）。联系电话：135-83922963。酒店内有健身房和洗衣房，住客免费使用。距车站步行 5 分钟，交通便利。含自助早餐，菜品丰富。	C047
7844	悦榕精品酒店	地址：如东县建设路49号（如东）。联系电话：035-86610134 / 152-54666676。酒店内有健身房和洗衣房，住客免费使用。客房配备记忆棉床垫，保证舒适睡眠。	C047
7845	星程宾馆	地址：榕江县朝阳街340号（榕江）。联系电话：139-11183635 / 013-45013987。部分房型可俯瞰城市天际线。可手机自助入住，无接触开门。客房配备记忆棉床垫，保证舒适睡眠。含自助早餐，菜品丰富。	C311
7846	柏曼国际酒店	地址：榕江县人民大道299号（榕江）。联系电话：187-76857356。部分房型可俯瞰城市天际线。设有地下停车场与充电桩。前台多语言服务，支持行李寄存。距车站步行 5 分钟，交通便利。	C311
7847	云栖精品酒店	地址：榕江县解放路58号（榕江）。联系电话：138-22979127 / 019-80817508。含自助早餐，菜品丰富。周边 500 米内即是商场与美食街。	C311
7848	碧桂精品酒店	地址：榕江县人民大道101号（榕江）。联系电话：021-68403753 / 010-88956321。距车站步行 5 分钟，交通便利。前台多语言服务，支持行李寄存。含自助早餐，菜品丰富。	C311
7849	柏栎国际酒店	地址：日喀则中心路300号（日喀则）。联系电话：185-67198868。设有地下停车场与充电桩。距车站步行 5 分钟，交通便利。酒店内有健身房和洗衣房，住客免费使用。	C140
7850	锦江酒店	地址：日喀则人民大道142号（日喀则）。联系电话：136-77776117。部分房型可俯瞰城市天际线。设有地下停车场与充电桩。酒店内有健身房和洗衣房，住客免费使用。	C140
7851	楠舍大酒店	地址：日喀则迎宾大道104号（日喀则）。联系电话：033-25942055。含自助早餐，菜品丰富。客房配备记忆棉床垫，保证舒适睡眠。部分房型可俯瞰城市天际线。	C140
7852	柏栎宾馆	地址：饶平县迎宾大道85号（饶平）。联系电话：031-36669595。可手机自助入住，无接触开门。距车站步行 5 分钟，交通便利。	C203
7853	雅致宾馆	地址：饶平县迎宾大道95号（饶平）。联系电话：033-68750190 / 032-79062383。设有地下停车场与充电桩。距车站步行 5 分钟，交通便利。部分房型可俯瞰城市天际线。含自助早餐，菜品丰富。	C203
7854	雅致精品酒店	地址：饶平县中心路186号（饶平）。联系电话：021-48750397。距车站步行 5 分钟，交通便利。可手机自助入住，无接触开门。	C203
7855	柏曼宾馆	地址：日照和平路279号（日照西）。联系电话：011-79339674 / 029-75844615。距车站步行 5 分钟，交通便利。客房配备记忆棉床垫，保证舒适睡眠。	C141
7856	星程度假酒店	地址：日照迎宾大道100号（日照西）。联系电话：037-29195008 / 150-55445537。含自助早餐，菜品丰富。提供高速 Wi‑Fi 及 24 小时热水。前台多语言服务，支持行李寄存。酒店内有健身房和洗衣房，住客免费使用。	C141
7857	碧桂国际酒店	地址：日照解放路31号（日照西）。联系电话：027-76109440 / 048-39478363。酒店内有健身房和洗衣房，住客免费使用。周边 500 米内即是商场与美食街。设有地下停车场与充电桩。	C141
7858	桔子度假酒店	地址：开封朝阳街265号（宋城路）。联系电话：057-41718162。部分房型可俯瞰城市天际线。距车站步行 5 分钟，交通便利。酒店内有健身房和洗衣房，住客免费使用。	C117
7859	碧桂国际酒店	地址：开封中心路89号（宋城路）。联系电话：058-40743926 / 035-46701425。含自助早餐，菜品丰富。提供高速 Wi‑Fi 及 24 小时热水。	C117
7860	碧桂精品酒店	地址：抚松县迎宾大道119号（三道湖）。联系电话：191-30233534。距车站步行 5 分钟，交通便利。客房配备记忆棉床垫，保证舒适睡眠。周边 500 米内即是商场与美食街。可手机自助入住，无接触开门。	C212
7861	桔子大酒店	地址：抚松县人民大道116号（三道湖）。联系电话：180-35264981 / 184-34013141。距车站步行 5 分钟，交通便利。含自助早餐，菜品丰富。	C212
7862	碧桂酒店	地址：邵阳解放路257号（邵东）。联系电话：189-68869588 / 153-25136969。前台多语言服务，支持行李寄存。部分房型可俯瞰城市天际线。可手机自助入住，无接触开门。	C266
7863	枫叶酒店	地址：邵阳朝阳街100号（邵东）。联系电话：039-58070131。可手机自助入住，无接触开门。含自助早餐，菜品丰富。	C266
7864	星程国际酒店	地址：邵阳朝阳街308号（邵东）。联系电话：024-31058429 / 046-45429195。周边 500 米内即是商场与美食街。酒店内有健身房和洗衣房，住客免费使用。提供高速 Wi‑Fi 及 24 小时热水。距车站步行 5 分钟，交通便利。	C266
7865	丽枫精品酒店	地址：邵阳朝阳街175号（邵东）。联系电话：195-21307292。前台多语言服务，支持行李寄存。提供高速 Wi‑Fi 及 24 小时热水。含自助早餐，菜品丰富。	C266
7866	丽枫度假酒店	地址：三都水族自治县解放路282号（三都县）。联系电话：026-28174225。提供高速 Wi‑Fi 及 24 小时热水。含自助早餐，菜品丰富。可手机自助入住，无接触开门。	C312
7867	雅致国际酒店	地址：三都水族自治县迎宾大道170号（三都县）。联系电话：197-92106807。前台多语言服务，支持行李寄存。设有地下停车场与充电桩。客房配备记忆棉床垫，保证舒适睡眠。	C312
7868	花筑度假酒店	地址：霸州建设路37号（胜芳）。联系电话：183-13276507。提供高速 Wi‑Fi 及 24 小时热水。酒店内有健身房和洗衣房，住客免费使用。	C114
7869	梅园精品酒店	地址：霸州朝阳街28号（胜芳）。联系电话：188-98392096 / 047-40831084。可手机自助入住，无接触开门。周边 500 米内即是商场与美食街。客房配备记忆棉床垫，保证舒适睡眠。距车站步行 5 分钟，交通便利。	C114
7870	楠舍酒店	地址：双峰县中心路219号（双峰北）。联系电话：059-22568289 / 014-65451319。距车站步行 5 分钟，交通便利。含自助早餐，菜品丰富。	C085
7871	丽枫大酒店	地址：双峰县朝阳街16号（双峰北）。联系电话：042-65631212。前台多语言服务，支持行李寄存。部分房型可俯瞰城市天际线。设有地下停车场与充电桩。	C085
7872	云栖酒店	地址：双峰县朝阳街260号（双峰北）。联系电话：027-53342808 / 015-38996666。周边 500 米内即是商场与美食街。设有地下停车场与充电桩。酒店内有健身房和洗衣房，住客免费使用。	C085
7873	云栖精品酒店	地址：商河县迎宾大道318号（商河）。联系电话：197-46287252。含自助早餐，菜品丰富。提供高速 Wi‑Fi 及 24 小时热水。距车站步行 5 分钟，交通便利。前台多语言服务，支持行李寄存。	C180
7874	悦榕精品酒店	地址：商河县和平路258号（商河）。联系电话：137-40310882 / 020-56356903。提供高速 Wi‑Fi 及 24 小时热水。酒店内有健身房和洗衣房，住客免费使用。可手机自助入住，无接触开门。	C180
7875	花筑国际酒店	地址：商河县迎宾大道9号（商河）。联系电话：191-37567251。客房配备记忆棉床垫，保证舒适睡眠。提供高速 Wi‑Fi 及 24 小时热水。	C180
7876	悦榕度假酒店	地址：泗洪县人民大道368号（泗洪）。联系电话：186-70547887 / 022-47152081。周边 500 米内即是商场与美食街。客房配备记忆棉床垫，保证舒适睡眠。可手机自助入住，无接触开门。	C100
7877	锦江国际酒店	地址：泗洪县和平路73号（泗洪）。联系电话：048-56037924 / 190-80320570。客房配备记忆棉床垫，保证舒适睡眠。可手机自助入住，无接触开门。	C100
7878	云栖精品酒店	地址：泗洪县解放路79号（泗洪）。联系电话：187-20767940。客房配备记忆棉床垫，保证舒适睡眠。可手机自助入住，无接触开门。	C100
7879	璞丽精品酒店	地址：泗洪县建设路296号（泗洪）。联系电话：130-66495722。可手机自助入住，无接触开门。提供高速 Wi‑Fi 及 24 小时热水。设有地下停车场与充电桩。	C100
7880	星程精品酒店	地址：四会迎宾大道289号（四会）。联系电话：015-58841453 / 195-33355025。可手机自助入住，无接触开门。含自助早餐，菜品丰富。距车站步行 5 分钟，交通便利。	C228
7881	柏曼大酒店	地址：四会和平路76号（四会）。联系电话：191-72164899。前台多语言服务，支持行李寄存。酒店内有健身房和洗衣房，住客免费使用。周边 500 米内即是商场与美食街。	C228
7882	沐兰国际酒店	地址：四会人民大道382号（四会）。联系电话：054-59965650 / 153-79673050。可手机自助入住，无接触开门。设有地下停车场与充电桩。	C228
7883	雅致酒店	地址：四会朝阳街8号（四会）。联系电话：152-33092896 / 044-70877072。前台多语言服务，支持行李寄存。提供高速 Wi‑Fi 及 24 小时热水。部分房型可俯瞰城市天际线。周边 500 米内即是商场与美食街。	C228
7884	锦江度假酒店	地址：石家庄中心路262号（石家庄东）。联系电话：134-48106815。距车站步行 5 分钟，交通便利。周边 500 米内即是商场与美食街。提供高速 Wi‑Fi 及 24 小时热水。	C220
7885	雅致度假酒店	地址：石家庄朝阳街227号（石家庄东）。联系电话：052-31404201。含自助早餐，菜品丰富。客房配备记忆棉床垫，保证舒适睡眠。	C220
7886	璞丽酒店	地址：石家庄迎宾大道349号（石家庄东）。联系电话：038-42725741。客房配备记忆棉床垫，保证舒适睡眠。周边 500 米内即是商场与美食街。前台多语言服务，支持行李寄存。部分房型可俯瞰城市天际线。	C220
7887	璞丽精品酒店	地址：石家庄解放路264号（石家庄东）。联系电话：029-51813892。周边 500 米内即是商场与美食街。设有地下停车场与充电桩。	C220
7888	柏栎国际酒店	地址：三江侗族自治县和平路114号（三江南）。联系电话：182-61300019 / 032-76539189。客房配备记忆棉床垫，保证舒适睡眠。可手机自助入住，无接触开门。	C156
7889	云栖国际酒店	地址：三江侗族自治县中心路204号（三江南）。联系电话：024-86802026 / 045-29721960。含自助早餐，菜品丰富。设有地下停车场与充电桩。部分房型可俯瞰城市天际线。周边 500 米内即是商场与美食街。	C156
7890	星程精品酒店	地址：扶余朝阳街315号（三井子）。联系电话：187-62511976。提供高速 Wi‑Fi 及 24 小时热水。前台多语言服务，支持行李寄存。	C154
7891	柏栎国际酒店	地址：扶余建设路198号（三井子）。联系电话：131-45720205 / 131-31660952。周边 500 米内即是商场与美食街。前台多语言服务，支持行李寄存。设有地下停车场与充电桩。酒店内有健身房和洗衣房，住客免费使用。	C154
7892	楠舍度假酒店	地址：扶余和平路176号（三井子）。联系电话：020-33171324。周边 500 米内即是商场与美食街。客房配备记忆棉床垫，保证舒适睡眠。可手机自助入住，无接触开门。前台多语言服务，支持行李寄存。	C154
7893	梅园国际酒店	地址：乌苏建设路128号（四棵树）。联系电话：043-48667322 / 155-45939240。距车站步行 5 分钟，交通便利。客房配备记忆棉床垫，保证舒适睡眠。可手机自助入住，无接触开门。部分房型可俯瞰城市天际线。	C075
7894	锦江精品酒店	地址：乌苏朝阳街127号（四棵树）。联系电话：153-83284008 / 131-17989630。含自助早餐，菜品丰富。距车站步行 5 分钟，交通便利。	C075
7895	楠舍宾馆	地址：成都迎宾大道211号（双流机场）。联系电话：137-54500557 / 038-25164730。可手机自助入住，无接触开门。客房配备记忆棉床垫，保证舒适睡眠。	C128
7896	月光精品酒店	地址：成都人民大道234号（双流机场）。联系电话：150-94378348。可手机自助入住，无接触开门。部分房型可俯瞰城市天际线。客房配备记忆棉床垫，保证舒适睡眠。距车站步行 5 分钟，交通便利。	C128
7897	丽枫精品酒店	地址：成都中心路1号（双流机场）。联系电话：038-64523489 / 055-56927328。提供高速 Wi‑Fi 及 24 小时热水。部分房型可俯瞰城市天际线。	C128
7898	柏栎宾馆	地址：方正县解放路383号（双龙湖）。联系电话：027-76151827 / 048-33966940。距车站步行 5 分钟，交通便利。前台多语言服务，支持行李寄存。提供高速 Wi‑Fi 及 24 小时热水。	C066
7899	桔子精品酒店	地址：方正县建设路36号（双龙湖）。联系电话：018-60607488。周边 500 米内即是商场与美食街。距车站步行 5 分钟，交通便利。	C066
7900	丽枫度假酒店	地址：方正县解放路119号（双龙湖）。联系电话：139-68367740 / 130-57964429。周边 500 米内即是商场与美食街。部分房型可俯瞰城市天际线。	C066
7901	桔子国际酒店	地址：方正县人民大道371号（双龙湖）。联系电话：157-33535866。提供高速 Wi‑Fi 及 24 小时热水。设有地下停车场与充电桩。前台多语言服务，支持行李寄存。	C066
7902	悦榕度假酒店	地址：石林彝族自治县朝阳街125号（石林西）。联系电话：150-55207344 / 158-12969066。提供高速 Wi‑Fi 及 24 小时热水。含自助早餐，菜品丰富。可手机自助入住，无接触开门。酒店内有健身房和洗衣房，住客免费使用。	C142
7903	沐兰宾馆	地址：石林彝族自治县解放路14号（石林西）。联系电话：152-22819095。酒店内有健身房和洗衣房，住客免费使用。前台多语言服务，支持行李寄存。提供高速 Wi‑Fi 及 24 小时热水。可手机自助入住，无接触开门。	C142
7904	楠舍酒店	地址：石林彝族自治县朝阳街153号（石林西）。联系电话：159-59138796 / 039-56458685。设有地下停车场与充电桩。酒店内有健身房和洗衣房，住客免费使用。客房配备记忆棉床垫，保证舒适睡眠。含自助早餐，菜品丰富。	C142
7905	碧桂度假酒店	地址：成都中心路229号（双流西）。联系电话：018-33722623 / 189-34794843。客房配备记忆棉床垫，保证舒适睡眠。酒店内有健身房和洗衣房，住客免费使用。含自助早餐，菜品丰富。	C128
7906	花筑精品酒店	地址：成都建设路322号（双流西）。联系电话：159-68355608 / 130-72135815。酒店内有健身房和洗衣房，住客免费使用。前台多语言服务，支持行李寄存。	C128
7907	枫叶度假酒店	地址：成都迎宾大道259号（双流西）。联系电话：033-30693739 / 185-64713720。客房配备记忆棉床垫，保证舒适睡眠。设有地下停车场与充电桩。	C128
7908	丽枫度假酒店	地址：成都迎宾大道108号（双流西）。联系电话：027-89337767 / 198-67542210。距车站步行 5 分钟，交通便利。前台多语言服务，支持行李寄存。	C128
7909	锦江度假酒店	地址：宾县解放路277号（胜利镇）。联系电话：057-68435609。可手机自助入住，无接触开门。提供高速 Wi‑Fi 及 24 小时热水。设有地下停车场与充电桩。部分房型可俯瞰城市天际线。	C066
7910	云栖宾馆	地址：宾县中心路280号（胜利镇）。联系电话：197-46153452 / 193-28327230。设有地下停车场与充电桩。可手机自助入住，无接触开门。部分房型可俯瞰城市天际线。酒店内有健身房和洗衣房，住客免费使用。	C066
7911	雅致酒店	地址：宾县和平路238号（胜利镇）。联系电话：159-77524647。含自助早餐，菜品丰富。周边 500 米内即是商场与美食街。可手机自助入住，无接触开门。	C066
7912	雅致大酒店	地址：沙县朝阳街104号（三明北）。联系电话：181-39073928。部分房型可俯瞰城市天际线。距车站步行 5 分钟，交通便利。设有地下停车场与充电桩。提供高速 Wi‑Fi 及 24 小时热水。	C003
7913	云栖度假酒店	地址：沙县迎宾大道320号（三明北）。联系电话：182-97053355。距车站步行 5 分钟，交通便利。可手机自助入住，无接触开门。部分房型可俯瞰城市天际线。提供高速 Wi‑Fi 及 24 小时热水。	C003
7914	枫叶大酒店	地址：三明朝阳街343号（三明）。联系电话：181-75745191 / 136-43390569。酒店内有健身房和洗衣房，住客免费使用。距车站步行 5 分钟，交通便利。周边 500 米内即是商场与美食街。	C003
7915	桔子大酒店	地址：三明和平路25号（三明）。联系电话：151-42358006 / 022-83787599。设有地下停车场与充电桩。部分房型可俯瞰城市天际线。	C003
7916	柏栎宾馆	地址：嵩明县中心路298号（嵩明）。联系电话：190-23161522。周边 500 米内即是商场与美食街。设有地下停车场与充电桩。提供高速 Wi‑Fi 及 24 小时热水。	C142
7917	丽枫度假酒店	地址：嵩明县建设路78号（嵩明）。联系电话：050-89462584 / 054-24115221。部分房型可俯瞰城市天际线。酒店内有健身房和洗衣房，住客免费使用。设有地下停车场与充电桩。距车站步行 5 分钟，交通便利。	C142
7918	锦江大酒店	地址：长沙迎宾大道194号（树木岭）。联系电话：152-59687283 / 035-82452376。前台多语言服务，支持行李寄存。设有地下停车场与充电桩。提供高速 Wi‑Fi 及 24 小时热水。	C284
7919	柏栎宾馆	地址：长沙迎宾大道45号（树木岭）。联系电话：052-55865839 / 192-24710241。部分房型可俯瞰城市天际线。前台多语言服务，支持行李寄存。	C284
7920	雅致酒店	地址：神木和平路169号（神木）。联系电话：011-85511285 / 014-35663735。酒店内有健身房和洗衣房，住客免费使用。部分房型可俯瞰城市天际线。前台多语言服务，支持行李寄存。可手机自助入住，无接触开门。	C162
7921	枫叶国际酒店	地址：神木人民大道72号（神木）。联系电话：151-82675769 / 134-99547611。酒店内有健身房和洗衣房，住客免费使用。可手机自助入住，无接触开门。设有地下停车场与充电桩。周边 500 米内即是商场与美食街。	C162
7922	星程宾馆	地址：苏尼特左旗人民大道395号（苏尼特左旗）。联系电话：057-34456430 / 022-49135119。设有地下停车场与充电桩。酒店内有健身房和洗衣房，住客免费使用。部分房型可俯瞰城市天际线。客房配备记忆棉床垫，保证舒适睡眠。	C280
7923	枫叶精品酒店	地址：苏尼特左旗和平路247号（苏尼特左旗）。联系电话：055-41712589。客房配备记忆棉床垫，保证舒适睡眠。部分房型可俯瞰城市天际线。	C280
7924	丽枫国际酒店	地址：苏尼特左旗和平路176号（苏尼特左旗）。联系电话：133-75978913 / 043-24145197。含自助早餐，菜品丰富。前台多语言服务，支持行李寄存。周边 500 米内即是商场与美食街。客房配备记忆棉床垫，保证舒适睡眠。	C280
7925	柏曼度假酒店	地址：咸宁朝阳街151号（山坡东）。联系电话：048-66433761。酒店内有健身房和洗衣房，住客免费使用。含自助早餐，菜品丰富。	C063
7926	璞丽精品酒店	地址：咸宁解放路103号（山坡东）。联系电话：150-30826033。提供高速 Wi‑Fi 及 24 小时热水。距车站步行 5 分钟，交通便利。	C063
7927	星程宾馆	地址：咸宁和平路200号（山坡东）。联系电话：025-30576572 / 036-22030031。含自助早餐，菜品丰富。设有地下停车场与充电桩。	C063
7928	锦江国际酒店	地址：临颍县朝阳街113号（石桥）。联系电话：018-23967413。距车站步行 5 分钟，交通便利。提供高速 Wi‑Fi 及 24 小时热水。可手机自助入住，无接触开门。	C200
7929	星程度假酒店	地址：临颍县解放路289号（石桥）。联系电话：152-85819852 / 021-89435455。提供高速 Wi‑Fi 及 24 小时热水。设有地下停车场与充电桩。前台多语言服务，支持行李寄存。	C200
7930	璞丽宾馆	地址：临颍县解放路8号（石桥）。联系电话：047-58050081 / 057-27191892。提供高速 Wi‑Fi 及 24 小时热水。周边 500 米内即是商场与美食街。距车站步行 5 分钟，交通便利。可手机自助入住，无接触开门。	C200
7931	柏曼国际酒店	地址：临颍县人民大道235号（石桥）。联系电话：011-38467539 / 198-24187680。设有地下停车场与充电桩。可手机自助入住，无接触开门。含自助早餐，菜品丰富。	C200
7932	梅园大酒店	地址：沈丘县朝阳街126号（沈丘）。联系电话：156-46141091 / 011-73419123。提供高速 Wi‑Fi 及 24 小时热水。周边 500 米内即是商场与美食街。酒店内有健身房和洗衣房，住客免费使用。可手机自助入住，无接触开门。	C059
7933	桔子酒店	地址：沈丘县和平路71号（沈丘）。联系电话：020-67564259。距车站步行 5 分钟，交通便利。前台多语言服务，支持行李寄存。设有地下停车场与充电桩。客房配备记忆棉床垫，保证舒适睡眠。	C059
7934	锦江酒店	地址：鄯善县解放路378号（鄯善北）。联系电话：024-84729988。可手机自助入住，无接触开门。距车站步行 5 分钟，交通便利。含自助早餐，菜品丰富。周边 500 米内即是商场与美食街。	C056
7935	楠舍大酒店	地址：鄯善县人民大道87号（鄯善北）。联系电话：022-39393612。部分房型可俯瞰城市天际线。周边 500 米内即是商场与美食街。前台多语言服务，支持行李寄存。	C056
7936	锦江大酒店	地址：佛山朝阳街32号（狮山北）。联系电话：030-76550296 / 031-27586490。周边 500 米内即是商场与美食街。客房配备记忆棉床垫，保证舒适睡眠。	C025
7937	锦江大酒店	地址：佛山和平路367号（狮山北）。联系电话：137-32115011。酒店内有健身房和洗衣房，住客免费使用。部分房型可俯瞰城市天际线。距车站步行 5 分钟，交通便利。前台多语言服务，支持行李寄存。	C025
7938	丽枫国际酒店	地址：佛山和平路30号（三水北）。联系电话：193-57207596。提供高速 Wi‑Fi 及 24 小时热水。客房配备记忆棉床垫，保证舒适睡眠。距车站步行 5 分钟，交通便利。设有地下停车场与充电桩。	C025
7939	沐兰酒店	地址：佛山解放路391号（三水北）。联系电话：193-47656241。部分房型可俯瞰城市天际线。提供高速 Wi‑Fi 及 24 小时热水。可手机自助入住，无接触开门。酒店内有健身房和洗衣房，住客免费使用。	C025
7940	楠舍度假酒店	地址：佛山朝阳街321号（三水北）。联系电话：020-73734333 / 013-54138507。距车站步行 5 分钟，交通便利。含自助早餐，菜品丰富。客房配备记忆棉床垫，保证舒适睡眠。周边 500 米内即是商场与美食街。	C025
7941	星程精品酒店	地址：佛山建设路278号（三水北）。联系电话：151-64037622。部分房型可俯瞰城市天际线。含自助早餐，菜品丰富。酒店内有健身房和洗衣房，住客免费使用。距车站步行 5 分钟，交通便利。	C025
7942	柏曼度假酒店	地址：东莞中心路97号（松山湖北）。联系电话：183-54994537。可手机自助入住，无接触开门。设有地下停车场与充电桩。	C007
7943	月光度假酒店	地址：东莞人民大道379号（松山湖北）。联系电话：152-70761085。提供高速 Wi‑Fi 及 24 小时热水。酒店内有健身房和洗衣房，住客免费使用。	C007
7944	月光大酒店	地址：东莞迎宾大道226号（松山湖北）。联系电话：131-34343615。前台多语言服务，支持行李寄存。距车站步行 5 分钟，交通便利。	C007
7945	星程精品酒店	地址：佛山人民大道362号（狮山）。联系电话：154-85174792。周边 500 米内即是商场与美食街。客房配备记忆棉床垫，保证舒适睡眠。提供高速 Wi‑Fi 及 24 小时热水。设有地下停车场与充电桩。	C025
7946	碧桂度假酒店	地址：佛山中心路201号（狮山）。联系电话：192-71731200 / 152-78991989。酒店内有健身房和洗衣房，住客免费使用。周边 500 米内即是商场与美食街。前台多语言服务，支持行李寄存。含自助早餐，菜品丰富。	C025
7947	桔子度假酒店	地址：佛山解放路335号（狮山）。联系电话：187-31518914。部分房型可俯瞰城市天际线。距车站步行 5 分钟，交通便利。	C025
7948	锦江酒店	地址：佛山迎宾大道284号（三水南）。联系电话：037-72127309。提供高速 Wi‑Fi 及 24 小时热水。客房配备记忆棉床垫，保证舒适睡眠。	C025
7949	璞丽大酒店	地址：佛山和平路254号（三水南）。联系电话：194-77290791 / 025-55868204。提供高速 Wi‑Fi 及 24 小时热水。部分房型可俯瞰城市天际线。设有地下停车场与充电桩。含自助早餐，菜品丰富。	C025
7950	雅致大酒店	地址：韶山中心路157号（韶山南）。联系电话：153-73646003 / 033-84893772。酒店内有健身房和洗衣房，住客免费使用。可手机自助入住，无接触开门。	C195
7951	丽枫国际酒店	地址：韶山朝阳街191号（韶山南）。联系电话：192-44447253 / 030-89898660。酒店内有健身房和洗衣房，住客免费使用。距车站步行 5 分钟，交通便利。	C195
7952	雅致酒店	地址：三穗县建设路167号（三穗）。联系电话：199-58915608 / 056-84888443。周边 500 米内即是商场与美食街。距车站步行 5 分钟，交通便利。	C311
7953	月光大酒店	地址：三穗县解放路274号（三穗）。联系电话：193-83765301 / 036-31741135。提供高速 Wi‑Fi 及 24 小时热水。部分房型可俯瞰城市天际线。客房配备记忆棉床垫，保证舒适睡眠。含自助早餐，菜品丰富。	C311
7954	楠舍大酒店	地址：达州建设路178号（石梯）。联系电话：052-23851774。距车站步行 5 分钟，交通便利。含自助早餐，菜品丰富。	C256
7955	梅园度假酒店	地址：达州和平路10号（石梯）。联系电话：156-98369026。部分房型可俯瞰城市天际线。酒店内有健身房和洗衣房，住客免费使用。	C256
7956	云栖度假酒店	地址：达州人民大道238号（石梯）。联系电话：034-40595542 / 025-72404194。部分房型可俯瞰城市天际线。前台多语言服务，支持行李寄存。	C256
7957	柏曼度假酒店	地址：汕尾建设路246号（汕尾）。联系电话：153-43754694 / 043-82847246。提供高速 Wi‑Fi 及 24 小时热水。酒店内有健身房和洗衣房，住客免费使用。周边 500 米内即是商场与美食街。	C169
7958	花筑酒店	地址：汕尾人民大道92号（汕尾）。联系电话：153-82342161 / 136-51257335。酒店内有健身房和洗衣房，住客免费使用。周边 500 米内即是商场与美食街。提供高速 Wi‑Fi 及 24 小时热水。可手机自助入住，无接触开门。	C169
7959	桔子国际酒店	地址：汕尾迎宾大道211号（汕尾）。联系电话：010-30407890 / 133-34836792。距车站步行 5 分钟，交通便利。客房配备记忆棉床垫，保证舒适睡眠。可手机自助入住，无接触开门。	C169
7960	沐兰宾馆	地址：汕尾解放路389号（汕尾）。联系电话：130-50966249 / 038-26639640。提供高速 Wi‑Fi 及 24 小时热水。客房配备记忆棉床垫，保证舒适睡眠。	C169
7961	楠舍国际酒店	地址：歙县中心路374号（歙县北）。联系电话：012-55306667 / 025-55925927。距车站步行 5 分钟，交通便利。酒店内有健身房和洗衣房，住客免费使用。客房配备记忆棉床垫，保证舒适睡眠。部分房型可俯瞰城市天际线。	C308
7962	沐兰国际酒店	地址：歙县人民大道386号（歙县北）。联系电话：058-30557777。部分房型可俯瞰城市天际线。距车站步行 5 分钟，交通便利。	C308
7963	星程宾馆	地址：歙县和平路113号（歙县北）。联系电话：050-86162660。周边 500 米内即是商场与美食街。可手机自助入住，无接触开门。客房配备记忆棉床垫，保证舒适睡眠。设有地下停车场与充电桩。	C308
7964	璞丽大酒店	地址：绍兴朝阳街6号（绍兴北）。联系电话：036-85463261。周边 500 米内即是商场与美食街。酒店内有健身房和洗衣房，住客免费使用。	C224
7965	桔子大酒店	地址：绍兴解放路40号（绍兴北）。联系电话：059-81782108。含自助早餐，菜品丰富。提供高速 Wi‑Fi 及 24 小时热水。客房配备记忆棉床垫，保证舒适睡眠。酒店内有健身房和洗衣房，住客免费使用。	C224
7966	星程酒店	地址：绍兴朝阳街142号（绍兴东）。联系电话：183-36310637 / 030-45561647。前台多语言服务，支持行李寄存。提供高速 Wi‑Fi 及 24 小时热水。	C224
7967	枫叶度假酒店	地址：绍兴人民大道183号（绍兴东）。联系电话：038-26180440 / 186-86006403。含自助早餐，菜品丰富。可手机自助入住，无接触开门。距车站步行 5 分钟，交通便利。	C224
7968	星程大酒店	地址：绍兴迎宾大道79号（绍兴东）。联系电话：190-77988886。含自助早餐，菜品丰富。提供高速 Wi‑Fi 及 24 小时热水。可手机自助入住，无接触开门。	C224
7969	沐兰酒店	地址：绍兴迎宾大道1号（绍兴东）。联系电话：183-11611997。周边 500 米内即是商场与美食街。提供高速 Wi‑Fi 及 24 小时热水。可手机自助入住，无接触开门。部分房型可俯瞰城市天际线。	C224
7970	梅园国际酒店	地址：泗县建设路365号（泗县）。联系电话：018-43701208。酒店内有健身房和洗衣房，住客免费使用。客房配备记忆棉床垫，保证舒适睡眠。周边 500 米内即是商场与美食街。可手机自助入住，无接触开门。	C099
7971	梅园国际酒店	地址：泗县建设路161号（泗县）。联系电话：138-71156234 / 153-45122840。含自助早餐，菜品丰富。酒店内有健身房和洗衣房，住客免费使用。距车站步行 5 分钟，交通便利。	C099
7972	柏曼大酒店	地址：始兴县和平路113号（始兴）。联系电话：185-70575234 / 020-21995703。距车站步行 5 分钟，交通便利。酒店内有健身房和洗衣房，住客免费使用。	C299
7973	锦江大酒店	地址：始兴县建设路248号（始兴）。联系电话：194-19326580。酒店内有健身房和洗衣房，住客免费使用。客房配备记忆棉床垫，保证舒适睡眠。距车站步行 5 分钟，交通便利。	C299
7974	梅园酒店	地址：漳平人民大道318号（双洋）。联系电话：016-55258845。含自助早餐，菜品丰富。酒店内有健身房和洗衣房，住客免费使用。距车站步行 5 分钟，交通便利。客房配备记忆棉床垫，保证舒适睡眠。	C315
7975	花筑精品酒店	地址：漳平解放路303号（双洋）。联系电话：014-75807129。前台多语言服务，支持行李寄存。酒店内有健身房和洗衣房，住客免费使用。	C315
7976	丽枫酒店	地址：漳平中心路101号（双洋）。联系电话：034-75338783 / 022-30379810。客房配备记忆棉床垫，保证舒适睡眠。周边 500 米内即是商场与美食街。提供高速 Wi‑Fi 及 24 小时热水。酒店内有健身房和洗衣房，住客免费使用。	C315
7977	丽枫国际酒店	地址：漳平迎宾大道62号（双洋）。联系电话：194-30867169 / 153-11477862。距车站步行 5 分钟，交通便利。酒店内有健身房和洗衣房，住客免费使用。	C315
7978	楠舍宾馆	地址：泗阳县迎宾大道58号（泗阳）。联系电话：019-32586441。距车站步行 5 分钟，交通便利。酒店内有健身房和洗衣房，住客免费使用。含自助早餐，菜品丰富。可手机自助入住，无接触开门。	C100
7979	悦榕精品酒店	地址：泗阳县中心路178号（泗阳）。联系电话：154-86962537 / 138-52290385。部分房型可俯瞰城市天际线。设有地下停车场与充电桩。距车站步行 5 分钟，交通便利。	C100
7980	月光精品酒店	地址：歙县建设路151号（三阳）。联系电话：187-80586862 / 151-71619081。含自助早餐，菜品丰富。前台多语言服务，支持行李寄存。周边 500 米内即是商场与美食街。距车站步行 5 分钟，交通便利。	C308
7981	月光大酒店	地址：歙县解放路200号（三阳）。联系电话：186-36325827 / 189-27552291。部分房型可俯瞰城市天际线。设有地下停车场与充电桩。	C308
7982	梅园酒店	地址：歙县迎宾大道387号（三阳）。联系电话：180-74369087。提供高速 Wi‑Fi 及 24 小时热水。客房配备记忆棉床垫，保证舒适睡眠。可手机自助入住，无接触开门。酒店内有健身房和洗衣房，住客免费使用。	C308
7983	碧桂宾馆	地址：射阳县迎宾大道305号（射阳）。联系电话：198-22188169 / 059-47017178。可手机自助入住，无接触开门。距车站步行 5 分钟，交通便利。酒店内有健身房和洗衣房，住客免费使用。	C216
7984	碧桂国际酒店	地址：射阳县人民大道392号（射阳）。联系电话：025-30176277。含自助早餐，菜品丰富。设有地下停车场与充电桩。可手机自助入住，无接触开门。	C216
7985	沐兰宾馆	地址：长春建设路354号（双阳）。联系电话：026-66865330 / 054-66080943。客房配备记忆棉床垫，保证舒适睡眠。部分房型可俯瞰城市天际线。酒店内有健身房和洗衣房，住客免费使用。提供高速 Wi‑Fi 及 24 小时热水。	C283
7986	花筑度假酒店	地址：长春和平路195号（双阳）。联系电话：022-23474064 / 034-76541784。部分房型可俯瞰城市天际线。设有地下停车场与充电桩。前台多语言服务，支持行李寄存。可手机自助入住，无接触开门。	C283
7987	碧桂酒店	地址：新邵县人民大道318号（邵阳北）。联系电话：157-75108974 / 180-26869432。含自助早餐，菜品丰富。部分房型可俯瞰城市天际线。	C266
7988	星程国际酒店	地址：新邵县建设路11号（邵阳北）。联系电话：019-27863381。酒店内有健身房和洗衣房，住客免费使用。部分房型可俯瞰城市天际线。	C266
7989	枫叶度假酒店	地址：松原解放路44号（松原北）。联系电话：157-85337770。客房配备记忆棉床垫，保证舒适睡眠。部分房型可俯瞰城市天际线。	C154
7990	梅园国际酒店	地址：松原人民大道243号（松原北）。联系电话：193-70253886 / 131-98520672。提供高速 Wi‑Fi 及 24 小时热水。距车站步行 5 分钟，交通便利。部分房型可俯瞰城市天际线。	C154
7991	锦江精品酒店	地址：山阴县朝阳街156号（山阴）。联系电话：185-81705417。距车站步行 5 分钟，交通便利。客房配备记忆棉床垫，保证舒适睡眠。	C149
7992	楠舍大酒店	地址：山阴县解放路380号（山阴）。联系电话：134-38423061 / 042-43822218。含自助早餐，菜品丰富。距车站步行 5 分钟，交通便利。部分房型可俯瞰城市天际线。前台多语言服务，支持行李寄存。	C149
7993	锦江国际酒店	地址：邵阳县和平路342号（邵阳西）。联系电话：138-32858146。可手机自助入住，无接触开门。客房配备记忆棉床垫，保证舒适睡眠。设有地下停车场与充电桩。含自助早餐，菜品丰富。	C266
7994	柏栎精品酒店	地址：邵阳县迎宾大道153号（邵阳西）。联系电话：018-82649126。部分房型可俯瞰城市天际线。客房配备记忆棉床垫，保证舒适睡眠。设有地下停车场与充电桩。	C266
7995	梅园大酒店	地址：邵阳县迎宾大道355号（邵阳西）。联系电话：035-69842456 / 039-43595771。客房配备记忆棉床垫，保证舒适睡眠。前台多语言服务，支持行李寄存。	C266
7996	月光精品酒店	地址：沈阳朝阳街373号（沈阳西）。联系电话：130-19757379。含自助早餐，菜品丰富。前台多语言服务，支持行李寄存。酒店内有健身房和洗衣房，住客免费使用。周边 500 米内即是商场与美食街。	C172
7997	云栖宾馆	地址：沈阳朝阳街378号（沈阳西）。联系电话：019-80552142 / 035-33490080。可手机自助入住，无接触开门。周边 500 米内即是商场与美食街。	C172
7998	柏曼国际酒店	地址：深圳解放路14号（深圳北）。联系电话：012-42403139。客房配备记忆棉床垫，保证舒适睡眠。可手机自助入住，无接触开门。部分房型可俯瞰城市天际线。	C190
7999	月光酒店	地址：深圳朝阳街369号（深圳北）。联系电话：188-40473354 / 195-94889262。含自助早餐，菜品丰富。部分房型可俯瞰城市天际线。酒店内有健身房和洗衣房，住客免费使用。	C190
8000	丽枫精品酒店	地址：深圳朝阳街146号（深圳北）。联系电话：155-89452532 / 190-75791231。周边 500 米内即是商场与美食街。距车站步行 5 分钟，交通便利。前台多语言服务，支持行李寄存。客房配备记忆棉床垫，保证舒适睡眠。	C190
8001	碧桂酒店	地址：万宁解放路117号（神州）。联系电话：030-68399120 / 049-34432804。含自助早餐，菜品丰富。部分房型可俯瞰城市天际线。	C319
8002	锦江宾馆	地址：万宁朝阳街3号（神州）。联系电话：193-15781296。部分房型可俯瞰城市天际线。前台多语言服务，支持行李寄存。可手机自助入住，无接触开门。	C319
8003	星程度假酒店	地址：万宁人民大道110号（神州）。联系电话：132-90698939 / 133-34727100。客房配备记忆棉床垫，保证舒适睡眠。部分房型可俯瞰城市天际线。周边 500 米内即是商场与美食街。设有地下停车场与充电桩。	C319
8004	雅致国际酒店	地址：尚志迎宾大道239号（尚志南）。联系电话：135-16580877 / 056-56137626。设有地下停车场与充电桩。可手机自助入住，无接触开门。	C066
8005	柏曼酒店	地址：尚志中心路258号（尚志南）。联系电话：189-26525824。设有地下停车场与充电桩。部分房型可俯瞰城市天际线。	C066
8006	云栖大酒店	地址：尚志和平路166号（尚志南）。联系电话：017-30081367 / 135-49850972。部分房型可俯瞰城市天际线。设有地下停车场与充电桩。	C066
8007	柏曼大酒店	地址：尚志朝阳街60号（尚志南）。联系电话：132-26302627 / 137-17187101。提供高速 Wi‑Fi 及 24 小时热水。距车站步行 5 分钟，交通便利。含自助早餐，菜品丰富。	C066
8008	璞丽宾馆	地址：深圳中心路295号（深圳坪山）。联系电话：193-29372143。部分房型可俯瞰城市天际线。含自助早餐，菜品丰富。提供高速 Wi‑Fi 及 24 小时热水。前台多语言服务，支持行李寄存。	C190
8009	星程酒店	地址：深圳解放路46号（深圳坪山）。联系电话：137-35199382。客房配备记忆棉床垫，保证舒适睡眠。周边 500 米内即是商场与美食街。可手机自助入住，无接触开门。部分房型可俯瞰城市天际线。	C190
8010	雅致精品酒店	地址：深圳中心路282号（深圳坪山）。联系电话：139-87402731。可手机自助入住，无接触开门。前台多语言服务，支持行李寄存。含自助早餐，菜品丰富。酒店内有健身房和洗衣房，住客免费使用。	C190
8011	桔子酒店	地址：深圳迎宾大道214号（深圳坪山）。联系电话：152-27926550 / 133-17726490。前台多语言服务，支持行李寄存。提供高速 Wi‑Fi 及 24 小时热水。含自助早餐，菜品丰富。距车站步行 5 分钟，交通便利。	C190
8012	月光宾馆	地址：石嘴山朝阳街147号（石嘴山）。联系电话：183-45751117。前台多语言服务，支持行李寄存。含自助早餐，菜品丰富。设有地下停车场与充电桩。	C219
8013	丽枫国际酒店	地址：石嘴山中心路214号（石嘴山）。联系电话：181-55171374 / 191-54575346。设有地下停车场与充电桩。含自助早餐，菜品丰富。距车站步行 5 分钟，交通便利。前台多语言服务，支持行李寄存。	C219
8014	柏曼大酒店	地址：石嘴山解放路13号（石嘴山）。联系电话：198-26449501 / 050-22449982。距车站步行 5 分钟，交通便利。客房配备记忆棉床垫，保证舒适睡眠。酒店内有健身房和洗衣房，住客免费使用。可手机自助入住，无接触开门。	C219
8015	锦江度假酒店	地址：石柱土家族自治县建设路42号（石柱县）。联系电话：134-88035282 / 183-20013204。前台多语言服务，支持行李寄存。提供高速 Wi‑Fi 及 24 小时热水。	C272
8016	梅园国际酒店	地址：石柱土家族自治县迎宾大道200号（石柱县）。联系电话：152-26488071 / 047-88836167。周边 500 米内即是商场与美食街。含自助早餐，菜品丰富。可手机自助入住，无接触开门。提供高速 Wi‑Fi 及 24 小时热水。	C272
8017	梅园大酒店	地址：石柱土家族自治县人民大道57号（石柱县）。联系电话：019-67369677。部分房型可俯瞰城市天际线。前台多语言服务，支持行李寄存。客房配备记忆棉床垫，保证舒适睡眠。可手机自助入住，无接触开门。	C272
8018	星程宾馆	地址：石柱土家族自治县解放路63号（石柱县）。联系电话：031-87583755。提供高速 Wi‑Fi 及 24 小时热水。距车站步行 5 分钟，交通便利。	C272
8019	桔子国际酒店	地址：台安县人民大道294号（台安南）。联系电话：180-93563624。酒店内有健身房和洗衣房，住客免费使用。客房配备记忆棉床垫，保证舒适睡眠。	C298
8020	璞丽精品酒店	地址：台安县建设路38号（台安南）。联系电话：180-32094516。周边 500 米内即是商场与美食街。含自助早餐，菜品丰富。	C298
8021	花筑度假酒店	地址：台安县人民大道109号（台安南）。联系电话：194-44174187。周边 500 米内即是商场与美食街。部分房型可俯瞰城市天际线。可手机自助入住，无接触开门。	C298
8022	枫叶精品酒店	地址：栖霞人民大道274号（桃村北）。联系电话：020-70228767。周边 500 米内即是商场与美食街。设有地下停车场与充电桩。可手机自助入住，无接触开门。	C205
8023	花筑精品酒店	地址：栖霞朝阳街131号（桃村北）。联系电话：032-64879291 / 192-96235260。周边 500 米内即是商场与美食街。可手机自助入住，无接触开门。部分房型可俯瞰城市天际线。	C205
8024	枫叶精品酒店	地址：栖霞解放路214号（桃村北）。联系电话：188-84193720。设有地下停车场与充电桩。周边 500 米内即是商场与美食街。	C205
8025	柏栎大酒店	地址：栖霞人民大道369号（桃村北）。联系电话：155-32323453。距车站步行 5 分钟，交通便利。前台多语言服务，支持行李寄存。	C205
8026	楠舍宾馆	地址：托里县解放路271号（铁厂沟）。联系电话：196-67048366 / 195-52936435。客房配备记忆棉床垫，保证舒适睡眠。可手机自助入住，无接触开门。距车站步行 5 分钟，交通便利。部分房型可俯瞰城市天际线。	C075
8027	花筑精品酒店	地址：托里县朝阳街116号（铁厂沟）。联系电话：192-37068109 / 039-31359930。可手机自助入住，无接触开门。距车站步行 5 分钟，交通便利。	C075
8028	柏栎度假酒店	地址：塔城解放路231号（塔城）。联系电话：192-43988173 / 053-24019242。含自助早餐，菜品丰富。酒店内有健身房和洗衣房，住客免费使用。	C075
8029	沐兰大酒店	地址：塔城迎宾大道33号（塔城）。联系电话：031-64374745 / 186-91878274。酒店内有健身房和洗衣房，住客免费使用。可手机自助入住，无接触开门。距车站步行 5 分钟，交通便利。	C075
8030	枫叶酒店	地址：本溪满族自治县迎宾大道352号（铁刹山）。联系电话：192-39519532。客房配备记忆棉床垫，保证舒适睡眠。前台多语言服务，支持行李寄存。	C151
8031	碧桂大酒店	地址：本溪满族自治县和平路30号（铁刹山）。联系电话：036-50311768 / 151-65886061。设有地下停车场与充电桩。前台多语言服务，支持行李寄存。	C151
8032	云栖国际酒店	地址：本溪满族自治县迎宾大道353号（铁刹山）。联系电话：043-89136794。可手机自助入住，无接触开门。酒店内有健身房和洗衣房，住客免费使用。	C151
8033	楠舍精品酒店	地址：本溪满族自治县解放路151号（铁刹山）。联系电话：051-34429374。酒店内有健身房和洗衣房，住客免费使用。设有地下停车场与充电桩。	C151
8034	璞丽宾馆	地址：田东县建设路221号（田东北）。联系电话：136-60291563 / 017-84487711。设有地下停车场与充电桩。含自助早餐，菜品丰富。	C214
8035	楠舍度假酒店	地址：田东县和平路140号（田东北）。联系电话：191-43623867。含自助早餐，菜品丰富。周边 500 米内即是商场与美食街。	C214
8036	花筑宾馆	地址：田东县和平路188号（田东北）。联系电话：043-79593156 / 197-87266284。含自助早餐，菜品丰富。设有地下停车场与充电桩。	C214
8037	月光度假酒店	地址：田东县解放路182号（田东北）。联系电话：136-44066709 / 046-47634436。距车站步行 5 分钟，交通便利。含自助早餐，菜品丰富。酒店内有健身房和洗衣房，住客免费使用。提供高速 Wi‑Fi 及 24 小时热水。	C214
8038	柏栎精品酒店	地址：咸宁人民大道273号（土地堂东）。联系电话：032-26028627 / 036-77577999。设有地下停车场与充电桩。酒店内有健身房和洗衣房，住客免费使用。提供高速 Wi‑Fi 及 24 小时热水。	C063
8039	星程酒店	地址：咸宁迎宾大道2号（土地堂东）。联系电话：136-83385602 / 048-46252522。前台多语言服务，支持行李寄存。含自助早餐，菜品丰富。	C063
8040	桔子度假酒店	地址：咸宁朝阳街342号（土地堂东）。联系电话：188-31493903 / 057-70903814。提供高速 Wi‑Fi 及 24 小时热水。酒店内有健身房和洗衣房，住客免费使用。	C063
8041	锦江酒店	地址：咸宁迎宾大道122号（土地堂东）。联系电话：024-45974747。含自助早餐，菜品丰富。客房配备记忆棉床垫，保证舒适睡眠。可手机自助入住，无接触开门。	C063
8042	丽枫宾馆	地址：太谷县中心路126号（太谷西）。联系电话：034-89968388 / 047-77288528。客房配备记忆棉床垫，保证舒适睡眠。含自助早餐，菜品丰富。前台多语言服务，支持行李寄存。提供高速 Wi‑Fi 及 24 小时热水。	C145
8043	枫叶酒店	地址：太谷县和平路205号（太谷西）。联系电话：133-88611909。客房配备记忆棉床垫，保证舒适睡眠。提供高速 Wi‑Fi 及 24 小时热水。	C145
8044	锦江国际酒店	地址：鄯善县迎宾大道354号（吐哈）。联系电话：137-19944582 / 158-54805571。酒店内有健身房和洗衣房，住客免费使用。提供高速 Wi‑Fi 及 24 小时热水。前台多语言服务，支持行李寄存。	C056
8045	悦榕宾馆	地址：鄯善县人民大道261号（吐哈）。联系电话：188-14502151。提供高速 Wi‑Fi 及 24 小时热水。酒店内有健身房和洗衣房，住客免费使用。含自助早餐，菜品丰富。客房配备记忆棉床垫，保证舒适睡眠。	C056
8046	星程国际酒店	地址：鄯善县人民大道15号（吐哈）。联系电话：048-54270101 / 138-17418390。距车站步行 5 分钟，交通便利。部分房型可俯瞰城市天际线。设有地下停车场与充电桩。	C056
8047	花筑精品酒店	地址：通海县朝阳街29号（通海）。联系电话：130-15135140 / 150-41695995。部分房型可俯瞰城市天际线。提供高速 Wi‑Fi 及 24 小时热水。周边 500 米内即是商场与美食街。	C209
8048	云栖国际酒店	地址：通海县中心路130号（通海）。联系电话：034-38245365。部分房型可俯瞰城市天际线。客房配备记忆棉床垫，保证舒适睡眠。	C209
8049	梅园宾馆	地址：太和县朝阳街254号（太和北）。联系电话：137-57365053。前台多语言服务，支持行李寄存。部分房型可俯瞰城市天际线。含自助早餐，菜品丰富。	C287
8050	桔子大酒店	地址：太和县和平路248号（太和北）。联系电话：189-50304962 / 025-46114794。距车站步行 5 分钟，交通便利。含自助早餐，菜品丰富。周边 500 米内即是商场与美食街。	C287
8051	楠舍大酒店	地址：武汉和平路148号（天河机场）。联系电话：043-30467098。客房配备记忆棉床垫，保证舒适睡眠。酒店内有健身房和洗衣房，住客免费使用。提供高速 Wi‑Fi 及 24 小时热水。	C164
8052	枫叶精品酒店	地址：武汉人民大道236号（天河机场）。联系电话：057-76240411 / 180-31110564。设有地下停车场与充电桩。提供高速 Wi‑Fi 及 24 小时热水。	C164
8053	星程大酒店	地址：武汉人民大道43号（天河机场）。联系电话：181-85234757 / 183-38578232。含自助早餐，菜品丰富。酒店内有健身房和洗衣房，住客免费使用。客房配备记忆棉床垫，保证舒适睡眠。设有地下停车场与充电桩。	C164
8054	梅园酒店	地址：武汉和平路142号（天河机场）。联系电话：034-56367926 / 183-27761949。设有地下停车场与充电桩。可手机自助入住，无接触开门。酒店内有健身房和洗衣房，住客免费使用。含自助早餐，菜品丰富。	C164
8055	丽枫度假酒店	地址：武汉朝阳街372号（天河街）。联系电话：022-35382368。客房配备记忆棉床垫，保证舒适睡眠。设有地下停车场与充电桩。距车站步行 5 分钟，交通便利。部分房型可俯瞰城市天际线。	C164
8056	桔子大酒店	地址：武汉朝阳街267号（天河街）。联系电话：190-95017844。部分房型可俯瞰城市天际线。前台多语言服务，支持行李寄存。	C164
8057	沐兰度假酒店	地址：唐山人民大道348号（唐海南）。联系电话：188-30025563。提供高速 Wi‑Fi 及 24 小时热水。前台多语言服务，支持行李寄存。客房配备记忆棉床垫，保证舒适睡眠。	C067
8058	花筑度假酒店	地址：唐山迎宾大道297号（唐海南）。联系电话：018-61689805 / 134-66361992。酒店内有健身房和洗衣房，住客免费使用。部分房型可俯瞰城市天际线。距车站步行 5 分钟，交通便利。周边 500 米内即是商场与美食街。	C067
8059	云栖宾馆	地址：通化县解放路334号（通化县）。联系电话：029-82885608。可手机自助入住，无接触开门。部分房型可俯瞰城市天际线。	C259
8060	沐兰度假酒店	地址：通化县解放路106号（通化县）。联系电话：194-56382375 / 026-80134875。可手机自助入住，无接触开门。客房配备记忆棉床垫，保证舒适睡眠。提供高速 Wi‑Fi 及 24 小时热水。酒店内有健身房和洗衣房，住客免费使用。	C259
8061	月光酒店	地址：同江迎宾大道301号（同江）。联系电话：184-73790591 / 155-15231138。前台多语言服务，支持行李寄存。部分房型可俯瞰城市天际线。客房配备记忆棉床垫，保证舒适睡眠。	C026
8062	碧桂宾馆	地址：同江和平路294号（同江）。联系电话：037-25392124。酒店内有健身房和洗衣房，住客免费使用。提供高速 Wi‑Fi 及 24 小时热水。可手机自助入住，无接触开门。	C026
8063	丽枫精品酒店	地址：同江人民大道221号（同江）。联系电话：045-67209278 / 020-71313959。酒店内有健身房和洗衣房，住客免费使用。周边 500 米内即是商场与美食街。客房配备记忆棉床垫，保证舒适睡眠。	C026
8064	桔子大酒店	地址：托克托县和平路339号（托克托东）。联系电话：188-71062908。可手机自助入住，无接触开门。客房配备记忆棉床垫，保证舒适睡眠。	C061
8065	碧桂度假酒店	地址：托克托县解放路63号（托克托东）。联系电话：193-41329245 / 180-44033041。可手机自助入住，无接触开门。周边 500 米内即是商场与美食街。	C061
8066	璞丽大酒店	地址：托克托县迎宾大道87号（托克托东）。联系电话：134-16405325。前台多语言服务，支持行李寄存。客房配备记忆棉床垫，保证舒适睡眠。可手机自助入住，无接触开门。部分房型可俯瞰城市天际线。	C061
8067	云栖国际酒店	地址：托克托县人民大道205号（托克托东）。联系电话：185-60125413 / 150-30702565。距车站步行 5 分钟，交通便利。酒店内有健身房和洗衣房，住客免费使用。客房配备记忆棉床垫，保证舒适睡眠。周边 500 米内即是商场与美食街。	C061
8068	柏栎酒店	地址：吐鲁番建设路79号（吐鲁番北）。联系电话：139-92963804。含自助早餐，菜品丰富。部分房型可俯瞰城市天际线。	C056
8069	桔子国际酒店	地址：吐鲁番迎宾大道297号（吐鲁番北）。联系电话：181-96034815。提供高速 Wi‑Fi 及 24 小时热水。部分房型可俯瞰城市天际线。	C056
8070	丽枫大酒店	地址：吐鲁番迎宾大道212号（吐鲁番北）。联系电话：196-10553182。距车站步行 5 分钟，交通便利。可手机自助入住，无接触开门。酒店内有健身房和洗衣房，住客免费使用。含自助早餐，菜品丰富。	C056
8071	柏栎大酒店	地址：铜陵解放路326号（铜陵北）。联系电话：156-23410110 / 057-46586156。周边 500 米内即是商场与美食街。酒店内有健身房和洗衣房，住客免费使用。客房配备记忆棉床垫，保证舒适睡眠。	C278
8072	月光宾馆	地址：铜陵解放路32号（铜陵北）。联系电话：033-65906699 / 187-44835566。距车站步行 5 分钟，交通便利。酒店内有健身房和洗衣房，住客免费使用。	C278
8073	雅致度假酒店	地址：铜陵迎宾大道313号（铜陵北）。联系电话：028-48059337 / 013-23769015。可手机自助入住，无接触开门。前台多语言服务，支持行李寄存。距车站步行 5 分钟，交通便利。	C278
8074	悦榕国际酒店	地址：铜陵朝阳街20号（铜陵北）。联系电话：130-99588301 / 038-48409768。设有地下停车场与充电桩。周边 500 米内即是商场与美食街。含自助早餐，菜品丰富。距车站步行 5 分钟，交通便利。	C278
8075	梅园度假酒店	地址：桐庐县建设路372号（桐庐）。联系电话：015-54622355。提供高速 Wi‑Fi 及 24 小时热水。酒店内有健身房和洗衣房，住客免费使用。	C153
8076	柏栎国际酒店	地址：桐庐县解放路307号（桐庐）。联系电话：196-26845275。提供高速 Wi‑Fi 及 24 小时热水。周边 500 米内即是商场与美食街。部分房型可俯瞰城市天际线。	C153
8077	枫叶大酒店	地址：桐庐县迎宾大道161号（桐庐）。联系电话：030-46086030。部分房型可俯瞰城市天际线。酒店内有健身房和洗衣房，住客免费使用。	C153
8078	雅致酒店	地址：泰宁县中心路365号（泰宁）。联系电话：054-63079666。距车站步行 5 分钟，交通便利。前台多语言服务，支持行李寄存。	C003
8079	月光宾馆	地址：泰宁县朝阳街67号（泰宁）。联系电话：017-70224952 / 056-33241795。酒店内有健身房和洗衣房，住客免费使用。含自助早餐，菜品丰富。周边 500 米内即是商场与美食街。	C003
8080	柏栎国际酒店	地址：泰宁县建设路372号（泰宁）。联系电话：185-42784356。设有地下停车场与充电桩。客房配备记忆棉床垫，保证舒适睡眠。含自助早餐，菜品丰富。可手机自助入住，无接触开门。	C003
8081	梅园酒店	地址：铜仁中心路133号（铜仁南）。联系电话：155-95969872。含自助早餐，菜品丰富。前台多语言服务，支持行李寄存。	C277
8082	枫叶度假酒店	地址：铜仁解放路198号（铜仁南）。联系电话：154-11762714。酒店内有健身房和洗衣房，住客免费使用。设有地下停车场与充电桩。	C277
8083	柏栎宾馆	地址：铜仁中心路108号（铜仁南）。联系电话：192-97019227 / 153-28651147。酒店内有健身房和洗衣房，住客免费使用。提供高速 Wi‑Fi 及 24 小时热水。	C277
8084	枫叶度假酒店	地址：天水解放路219号（天水南）。联系电话：155-35645967。部分房型可俯瞰城市天际线。设有地下停车场与充电桩。距车站步行 5 分钟，交通便利。客房配备记忆棉床垫，保证舒适睡眠。	C081
8085	楠舍酒店	地址：天水建设路335号（天水南）。联系电话：152-65328463 / 154-44834870。部分房型可俯瞰城市天际线。客房配备记忆棉床垫，保证舒适睡眠。	C081
8086	沐兰精品酒店	地址：天水和平路257号（天水南）。联系电话：038-86328409。客房配备记忆棉床垫，保证舒适睡眠。距车站步行 5 分钟，交通便利。设有地下停车场与充电桩。	C081
8087	丽枫酒店	地址：通渭县建设路20号（通渭）。联系电话：019-46083769。周边 500 米内即是商场与美食街。客房配备记忆棉床垫，保证舒适睡眠。提供高速 Wi‑Fi 及 24 小时热水。	C093
8088	花筑国际酒店	地址：通渭县解放路19号（通渭）。联系电话：025-52987947。客房配备记忆棉床垫，保证舒适睡眠。前台多语言服务，支持行李寄存。部分房型可俯瞰城市天际线。提供高速 Wi‑Fi 及 24 小时热水。	C093
8089	星程大酒店	地址：通渭县人民大道233号（通渭）。联系电话：016-48035924。部分房型可俯瞰城市天际线。含自助早餐，菜品丰富。酒店内有健身房和洗衣房，住客免费使用。前台多语言服务，支持行李寄存。	C093
8090	锦江酒店	地址：株洲建设路162号（田心东）。联系电话：052-33241665。设有地下停车场与充电桩。含自助早餐，菜品丰富。	C157
8091	枫叶大酒店	地址：株洲解放路261号（田心东）。联系电话：023-45087873。酒店内有健身房和洗衣房，住客免费使用。含自助早餐，菜品丰富。	C157
8092	雅致宾馆	地址：株洲建设路345号（田心东）。联系电话：052-71546034。前台多语言服务，支持行李寄存。含自助早餐，菜品丰富。	C157
8093	锦江度假酒店	地址：株洲人民大道236号（田心东）。联系电话：156-92231616 / 184-46539005。设有地下停车场与充电桩。酒店内有健身房和洗衣房，住客免费使用。	C157
8094	桔子度假酒店	地址：武汉迎宾大道295号（汤逊湖）。联系电话：047-87101551。提供高速 Wi‑Fi 及 24 小时热水。可手机自助入住，无接触开门。	C164
8095	桔子国际酒店	地址：武汉人民大道222号（汤逊湖）。联系电话：150-61765885 / 041-20567011。可手机自助入住，无接触开门。距车站步行 5 分钟，交通便利。	C164
8096	锦江宾馆	地址：藤县迎宾大道135号（藤县）。联系电话：195-89515639 / 193-17991686。前台多语言服务，支持行李寄存。提供高速 Wi‑Fi 及 24 小时热水。距车站步行 5 分钟，交通便利。部分房型可俯瞰城市天际线。	C160
8097	桔子大酒店	地址：藤县迎宾大道142号（藤县）。联系电话：013-61158899。前台多语言服务，支持行李寄存。周边 500 米内即是商场与美食街。	C160
8098	桔子酒店	地址：太原朝阳街259号（太原南）。联系电话：057-27116939 / 029-67542615。周边 500 米内即是商场与美食街。前台多语言服务，支持行李寄存。客房配备记忆棉床垫，保证舒适睡眠。	C083
8099	柏栎宾馆	地址：太原人民大道399号（太原南）。联系电话：152-50413329 / 158-37106708。部分房型可俯瞰城市天际线。含自助早餐，菜品丰富。前台多语言服务，支持行李寄存。	C083
8100	雅致度假酒店	地址：太原和平路355号（太原南）。联系电话：047-53103320。周边 500 米内即是商场与美食街。距车站步行 5 分钟，交通便利。	C083
8101	雅致精品酒店	地址：太原中心路320号（太原南）。联系电话：031-83588265 / 017-61562098。前台多语言服务，支持行李寄存。设有地下停车场与充电桩。可手机自助入住，无接触开门。部分房型可俯瞰城市天际线。	C083
8102	碧桂国际酒店	地址：凤城迎宾大道357号（通远堡西）。联系电话：197-22211633 / 199-94858803。周边 500 米内即是商场与美食街。距车站步行 5 分钟，交通便利。	C013
8103	云栖宾馆	地址：凤城朝阳街72号（通远堡西）。联系电话：034-22379360 / 051-88121350。周边 500 米内即是商场与美食街。客房配备记忆棉床垫，保证舒适睡眠。酒店内有健身房和洗衣房，住客免费使用。	C013
8104	桔子大酒店	地址：凤城建设路42号（通远堡西）。联系电话：010-49151411 / 156-93013326。周边 500 米内即是商场与美食街。客房配备记忆棉床垫，保证舒适睡眠。含自助早餐，菜品丰富。提供高速 Wi‑Fi 及 24 小时热水。	C013
8105	桔子大酒店	地址：凤城解放路348号（通远堡西）。联系电话：157-28296338。设有地下停车场与充电桩。部分房型可俯瞰城市天际线。	C013
8106	丽枫酒店	地址：桐梓县和平路390号（桐梓北）。联系电话：059-48206203 / 046-69619041。提供高速 Wi‑Fi 及 24 小时热水。部分房型可俯瞰城市天际线。酒店内有健身房和洗衣房，住客免费使用。	C262
8107	枫叶宾馆	地址：桐梓县迎宾大道118号（桐梓北）。联系电话：158-89127162 / 013-88755113。部分房型可俯瞰城市天际线。客房配备记忆棉床垫，保证舒适睡眠。周边 500 米内即是商场与美食街。	C262
8108	柏曼大酒店	地址：桐梓县人民大道235号（桐梓北）。联系电话：048-40657507 / 139-45270072。周边 500 米内即是商场与美食街。距车站步行 5 分钟，交通便利。酒店内有健身房和洗衣房，住客免费使用。	C262
8109	楠舍大酒店	地址：桐梓县人民大道194号（桐梓北）。联系电话：181-70944315 / 024-42912288。提供高速 Wi‑Fi 及 24 小时热水。周边 500 米内即是商场与美食街。含自助早餐，菜品丰富。	C262
8110	楠舍国际酒店	地址：桐梓县迎宾大道218号（桐梓东）。联系电话：010-89463019 / 031-55079084。可手机自助入住，无接触开门。周边 500 米内即是商场与美食街。	C262
8111	楠舍精品酒店	地址：桐梓县人民大道224号（桐梓东）。联系电话：057-45342545 / 192-40570200。提供高速 Wi‑Fi 及 24 小时热水。酒店内有健身房和洗衣房，住客免费使用。部分房型可俯瞰城市天际线。	C262
8112	悦榕精品酒店	地址：北京人民大道153号（通州）。联系电话：156-70715641。前台多语言服务，支持行李寄存。部分房型可俯瞰城市天际线。距车站步行 5 分钟，交通便利。	C039
8113	锦江度假酒店	地址：北京解放路233号（通州）。联系电话：058-21598060 / 027-73664018。周边 500 米内即是商场与美食街。含自助早餐，菜品丰富。	C039
8114	花筑大酒店	地址：北京朝阳街126号（通州）。联系电话：186-11999613。客房配备记忆棉床垫，保证舒适睡眠。部分房型可俯瞰城市天际线。	C039
8115	星程国际酒店	地址：北京和平路337号（通州）。联系电话：024-52661848 / 191-62039817。部分房型可俯瞰城市天际线。酒店内有健身房和洗衣房，住客免费使用。设有地下停车场与充电桩。前台多语言服务，支持行李寄存。	C039
8116	楠舍大酒店	地址：吴川建设路132号（吴川）。联系电话：132-66966522 / 031-42791378。提供高速 Wi‑Fi 及 24 小时热水。客房配备记忆棉床垫，保证舒适睡眠。设有地下停车场与充电桩。	C197
8117	丽枫宾馆	地址：吴川人民大道48号（吴川）。联系电话：047-83150487。设有地下停车场与充电桩。前台多语言服务，支持行李寄存。	C197
8118	梅园国际酒店	地址：威海朝阳街163号（文登东）。联系电话：181-31612043。前台多语言服务，支持行李寄存。可手机自助入住，无接触开门。周边 500 米内即是商场与美食街。	C084
8119	柏曼宾馆	地址：威海和平路75号（文登东）。联系电话：056-77307882。客房配备记忆棉床垫，保证舒适睡眠。前台多语言服务，支持行李寄存。酒店内有健身房和洗衣房，住客免费使用。可手机自助入住，无接触开门。	C084
8120	柏曼国际酒店	地址：威海建设路262号（文登东）。联系电话：136-21315693 / 030-67725881。客房配备记忆棉床垫，保证舒适睡眠。前台多语言服务，支持行李寄存。酒店内有健身房和洗衣房，住客免费使用。	C084
8121	云栖国际酒店	地址：潍坊解放路214号（潍坊北）。联系电话：135-21829967。可手机自助入住，无接触开门。设有地下停车场与充电桩。周边 500 米内即是商场与美食街。距车站步行 5 分钟，交通便利。	C202
8122	柏曼精品酒店	地址：潍坊解放路22号（潍坊北）。联系电话：025-83165128。可手机自助入住，无接触开门。距车站步行 5 分钟，交通便利。周边 500 米内即是商场与美食街。	C202
8123	枫叶酒店	地址：潍坊和平路35号（潍坊北）。联系电话：047-45725082 / 036-42870470。部分房型可俯瞰城市天际线。设有地下停车场与充电桩。	C202
8124	柏栎宾馆	地址：上饶县建设路189号（五府山）。联系电话：048-20428682。含自助早餐，菜品丰富。客房配备记忆棉床垫，保证舒适睡眠。	C006
8125	丽枫大酒店	地址：上饶县朝阳街353号（五府山）。联系电话：019-26271331 / 194-38409458。部分房型可俯瞰城市天际线。距车站步行 5 分钟，交通便利。	C006
8126	柏曼度假酒店	地址：敦化朝阳街229号（威虎岭北）。联系电话：180-12981512。客房配备记忆棉床垫，保证舒适睡眠。酒店内有健身房和洗衣房，住客免费使用。	C116
8127	雅致度假酒店	地址：敦化朝阳街71号（威虎岭北）。联系电话：037-23823137 / 192-82195718。距车站步行 5 分钟，交通便利。可手机自助入住，无接触开门。前台多语言服务，支持行李寄存。酒店内有健身房和洗衣房，住客免费使用。	C116
8128	璞丽精品酒店	地址：威海建设路158号（威海北）。联系电话：012-65223442 / 038-35576966。可手机自助入住，无接触开门。酒店内有健身房和洗衣房，住客免费使用。部分房型可俯瞰城市天际线。客房配备记忆棉床垫，保证舒适睡眠。	C084
8129	桔子精品酒店	地址：威海朝阳街179号（威海北）。联系电话：022-22796604 / 158-38298652。酒店内有健身房和洗衣房，住客免费使用。部分房型可俯瞰城市天际线。含自助早餐，菜品丰富。前台多语言服务，支持行李寄存。	C084
8130	碧桂酒店	地址：威海中心路146号（威海北）。联系电话：137-62830683。前台多语言服务，支持行李寄存。含自助早餐，菜品丰富。部分房型可俯瞰城市天际线。可手机自助入住，无接触开门。	C084
8131	楠舍宾馆	地址：尚志中心路165号（苇河西）。联系电话：180-39240824。酒店内有健身房和洗衣房，住客免费使用。距车站步行 5 分钟，交通便利。提供高速 Wi‑Fi 及 24 小时热水。	C066
8132	雅致宾馆	地址：尚志朝阳街131号（苇河西）。联系电话：134-95061844 / 036-63105491。距车站步行 5 分钟，交通便利。可手机自助入住，无接触开门。部分房型可俯瞰城市天际线。	C066
8133	雅致国际酒店	地址：成都解放路343号（温江）。联系电话：183-19321917 / 059-29843826。客房配备记忆棉床垫，保证舒适睡眠。距车站步行 5 分钟，交通便利。	C128
8134	枫叶大酒店	地址：成都解放路381号（温江）。联系电话：183-15216733。周边 500 米内即是商场与美食街。部分房型可俯瞰城市天际线。设有地下停车场与充电桩。	C128
8135	花筑国际酒店	地址：成都解放路196号（温江）。联系电话：030-72844995。设有地下停车场与充电桩。可手机自助入住，无接触开门。	C128
8136	锦江国际酒店	地址：米泉中心路147号（魏家泉）。联系电话：189-67784938。含自助早餐，菜品丰富。客房配备记忆棉床垫，保证舒适睡眠。前台多语言服务，支持行李寄存。	C018
8137	锦江酒店	地址：米泉迎宾大道331号（魏家泉）。联系电话：020-69535501。含自助早餐，菜品丰富。前台多语言服务，支持行李寄存。设有地下停车场与充电桩。	C018
8138	桔子宾馆	地址：米泉中心路119号（魏家泉）。联系电话：158-21940536。设有地下停车场与充电桩。可手机自助入住，无接触开门。	C018
8139	楠舍国际酒店	地址：米泉迎宾大道234号（魏家泉）。联系电话：018-26215217 / 059-27000045。距车站步行 5 分钟，交通便利。客房配备记忆棉床垫，保证舒适睡眠。酒店内有健身房和洗衣房，住客免费使用。前台多语言服务，支持行李寄存。	C018
8140	柏曼精品酒店	地址：察哈尔右翼前旗解放路376号（乌兰察布）。联系电话：195-77949428 / 151-74126369。提供高速 Wi‑Fi 及 24 小时热水。设有地下停车场与充电桩。	C016
8141	璞丽宾馆	地址：察哈尔右翼前旗建设路100号（乌兰察布）。联系电话：042-27921218。距车站步行 5 分钟，交通便利。部分房型可俯瞰城市天际线。客房配备记忆棉床垫，保证舒适睡眠。含自助早餐，菜品丰富。	C016
8142	璞丽度假酒店	地址：丹东中心路192号（五龙背东）。联系电话：158-46356144 / 182-13360873。部分房型可俯瞰城市天际线。距车站步行 5 分钟，交通便利。含自助早餐，菜品丰富。	C013
8143	枫叶大酒店	地址：丹东人民大道213号（五龙背东）。联系电话：134-16366268 / 130-97029077。提供高速 Wi‑Fi 及 24 小时热水。前台多语言服务，支持行李寄存。	C013
8144	枫叶国际酒店	地址：丹东迎宾大道306号（五龙背东）。联系电话：038-30183295。周边 500 米内即是商场与美食街。可手机自助入住，无接触开门。	C013
8145	花筑宾馆	地址：丹东解放路230号（五龙背东）。联系电话：159-20588522 / 189-67040599。部分房型可俯瞰城市天际线。设有地下停车场与充电桩。	C013
8146	楠舍宾馆	地址：武汉中心路173号（乌龙泉南）。联系电话：154-17954049 / 045-48655487。酒店内有健身房和洗衣房，住客免费使用。周边 500 米内即是商场与美食街。部分房型可俯瞰城市天际线。设有地下停车场与充电桩。	C164
8147	月光精品酒店	地址：武汉建设路69号（乌龙泉南）。联系电话：195-63024894 / 050-63623404。周边 500 米内即是商场与美食街。部分房型可俯瞰城市天际线。	C164
8148	梅园宾馆	地址：阜新人民大道5号（乌兰木图）。联系电话：197-17198991 / 188-40911689。酒店内有健身房和洗衣房，住客免费使用。周边 500 米内即是商场与美食街。可手机自助入住，无接触开门。客房配备记忆棉床垫，保证舒适睡眠。	C286
8149	楠舍宾馆	地址：阜新中心路43号（乌兰木图）。联系电话：138-28731843。含自助早餐，菜品丰富。前台多语言服务，支持行李寄存。酒店内有健身房和洗衣房，住客免费使用。可手机自助入住，无接触开门。	C286
8150	柏曼宾馆	地址：本溪满族自治县解放路93号（五女山）。联系电话：191-46645502。距车站步行 5 分钟，交通便利。周边 500 米内即是商场与美食街。提供高速 Wi‑Fi 及 24 小时热水。	C151
8151	云栖大酒店	地址：本溪满族自治县迎宾大道359号（五女山）。联系电话：013-35294932 / 185-55706660。客房配备记忆棉床垫，保证舒适睡眠。前台多语言服务，支持行李寄存。	C151
8152	碧桂度假酒店	地址：本溪满族自治县朝阳街14号（五女山）。联系电话：050-70008672 / 182-13075495。距车站步行 5 分钟，交通便利。周边 500 米内即是商场与美食街。	C151
8153	丽枫国际酒店	地址：本溪满族自治县迎宾大道391号（五女山）。联系电话：150-84226713 / 189-18210665。酒店内有健身房和洗衣房，住客免费使用。前台多语言服务，支持行李寄存。可手机自助入住，无接触开门。含自助早餐，菜品丰富。	C151
8154	锦江国际酒店	地址：武胜县解放路342号（武胜）。联系电话：031-52224680 / 136-45176453。可手机自助入住，无接触开门。含自助早餐，菜品丰富。部分房型可俯瞰城市天际线。前台多语言服务，支持行李寄存。	C111
8155	梅园国际酒店	地址：武胜县解放路263号（武胜）。联系电话：052-55822897。提供高速 Wi‑Fi 及 24 小时热水。周边 500 米内即是商场与美食街。可手机自助入住，无接触开门。客房配备记忆棉床垫，保证舒适睡眠。	C111
8156	悦榕精品酒店	地址：乌苏和平路379号（乌苏）。联系电话：018-42256919。距车站步行 5 分钟，交通便利。前台多语言服务，支持行李寄存。	C075
8157	沐兰精品酒店	地址：乌苏朝阳街23号（乌苏）。联系电话：158-11355657 / 040-26809820。提供高速 Wi‑Fi 及 24 小时热水。周边 500 米内即是商场与美食街。距车站步行 5 分钟，交通便利。	C075
8158	璞丽精品酒店	地址：桂林人民大道8号（五通）。联系电话：031-32459903 / 010-46660319。设有地下停车场与充电桩。前台多语言服务，支持行李寄存。含自助早餐，菜品丰富。客房配备记忆棉床垫，保证舒适睡眠。	C158
8159	云栖宾馆	地址：桂林建设路303号（五通）。联系电话：034-46471003。提供高速 Wi‑Fi 及 24 小时热水。设有地下停车场与充电桩。部分房型可俯瞰城市天际线。	C158
8160	星程宾馆	地址：无为县朝阳街67号（无为）。联系电话：184-59140237 / 195-47177524。部分房型可俯瞰城市天际线。设有地下停车场与充电桩。酒店内有健身房和洗衣房，住客免费使用。提供高速 Wi‑Fi 及 24 小时热水。	C230
8161	璞丽度假酒店	地址：无为县迎宾大道227号（无为）。联系电话：156-87821862。设有地下停车场与充电桩。前台多语言服务，支持行李寄存。含自助早餐，菜品丰富。	C230
8162	悦榕酒店	地址：无为县迎宾大道157号（无为南）。联系电话：158-46979073 / 132-57154399。可手机自助入住，无接触开门。前台多语言服务，支持行李寄存。提供高速 Wi‑Fi 及 24 小时热水。	C230
8163	楠舍大酒店	地址：无为县迎宾大道93号（无为南）。联系电话：192-83322452 / 183-53877598。前台多语言服务，支持行李寄存。含自助早餐，菜品丰富。	C230
8164	柏栎精品酒店	地址：无为县和平路307号（无为南）。联系电话：194-94866861 / 030-22612895。提供高速 Wi‑Fi 及 24 小时热水。前台多语言服务，支持行李寄存。	C230
8165	雅致酒店	地址：溧阳解放路45号（瓦屋山）。联系电话：135-68244206 / 155-14713567。周边 500 米内即是商场与美食街。提供高速 Wi‑Fi 及 24 小时热水。含自助早餐，菜品丰富。客房配备记忆棉床垫，保证舒适睡眠。	C106
8166	碧桂酒店	地址：溧阳解放路21号（瓦屋山）。联系电话：027-73676293。客房配备记忆棉床垫，保证舒适睡眠。周边 500 米内即是商场与美食街。可手机自助入住，无接触开门。部分房型可俯瞰城市天际线。	C106
8167	枫叶度假酒店	地址：溧阳迎宾大道272号（瓦屋山）。联系电话：040-73605312 / 053-83382508。距车站步行 5 分钟，交通便利。酒店内有健身房和洗衣房，住客免费使用。提供高速 Wi‑Fi 及 24 小时热水。	C106
8168	柏栎酒店	地址：溧阳人民大道256号（瓦屋山）。联系电话：133-21669965。酒店内有健身房和洗衣房，住客免费使用。前台多语言服务，支持行李寄存。部分房型可俯瞰城市天际线。	C106
8169	悦榕宾馆	地址：闻喜县和平路94号（闻喜西）。联系电话：154-55695930 / 013-30905702。距车站步行 5 分钟，交通便利。酒店内有健身房和洗衣房，住客免费使用。可手机自助入住，无接触开门。含自助早餐，菜品丰富。	C257
8170	悦榕度假酒店	地址：闻喜县解放路174号（闻喜西）。联系电话：033-38667868。提供高速 Wi‑Fi 及 24 小时热水。设有地下停车场与充电桩。酒店内有健身房和洗衣房，住客免费使用。	C257
8171	花筑精品酒店	地址：武义县朝阳街367号（武义北）。联系电话：013-41547799。酒店内有健身房和洗衣房，住客免费使用。前台多语言服务，支持行李寄存。提供高速 Wi‑Fi 及 24 小时热水。客房配备记忆棉床垫，保证舒适睡眠。	C273
8172	丽枫度假酒店	地址：武义县中心路13号（武义北）。联系电话：196-95232653 / 199-79258006。提供高速 Wi‑Fi 及 24 小时热水。设有地下停车场与充电桩。	C273
8173	楠舍宾馆	地址：武夷山解放路334号（武夷山北）。联系电话：036-83397761 / 021-25646532。部分房型可俯瞰城市天际线。前台多语言服务，支持行李寄存。	C045
8174	柏栎酒店	地址：武夷山建设路295号（武夷山北）。联系电话：039-38022257。可手机自助入住，无接触开门。客房配备记忆棉床垫，保证舒适睡眠。	C045
8175	柏栎国际酒店	地址：武夷山解放路160号（武夷山北）。联系电话：180-70959322。提供高速 Wi‑Fi 及 24 小时热水。距车站步行 5 分钟，交通便利。	C045
8176	碧桂大酒店	地址：南平人民大道78号（武夷山东）。联系电话：028-35270060。距车站步行 5 分钟，交通便利。可手机自助入住，无接触开门。	C045
8177	丽枫国际酒店	地址：南平人民大道4号（武夷山东）。联系电话：018-59507451 / 194-13261416。距车站步行 5 分钟，交通便利。可手机自助入住，无接触开门。	C045
8178	梅园大酒店	地址：南平和平路147号（武夷山东）。联系电话：158-93283368。含自助早餐，菜品丰富。提供高速 Wi‑Fi 及 24 小时热水。距车站步行 5 分钟，交通便利。周边 500 米内即是商场与美食街。	C045
8179	楠舍度假酒店	地址：婺源县朝阳街327号（婺源）。联系电话：187-18451518 / 052-46064163。可手机自助入住，无接触开门。设有地下停车场与充电桩。周边 500 米内即是商场与美食街。	C006
8180	沐兰国际酒店	地址：婺源县人民大道275号（婺源）。联系电话：059-77947178。距车站步行 5 分钟，交通便利。可手机自助入住，无接触开门。前台多语言服务，支持行李寄存。	C006
8181	悦榕酒店	地址：婺源县人民大道330号（婺源）。联系电话：183-27874465。含自助早餐，菜品丰富。可手机自助入住，无接触开门。酒店内有健身房和洗衣房，住客免费使用。	C006
8182	星程酒店	地址：渭源县和平路65号（渭源）。联系电话：028-82553638 / 133-65410584。客房配备记忆棉床垫，保证舒适睡眠。距车站步行 5 分钟，交通便利。	C093
8183	月光精品酒店	地址：渭源县中心路37号（渭源）。联系电话：022-49856392 / 014-84615454。周边 500 米内即是商场与美食街。客房配备记忆棉床垫，保证舒适睡眠。可手机自助入住，无接触开门。部分房型可俯瞰城市天际线。	C093
8184	璞丽国际酒店	地址：渭源县解放路3号（渭源）。联系电话：056-52883937。可手机自助入住，无接触开门。酒店内有健身房和洗衣房，住客免费使用。	C093
8185	碧桂国际酒店	地址：重庆建设路85号（万州北）。联系电话：151-88365350。客房配备记忆棉床垫，保证舒适睡眠。距车站步行 5 分钟，交通便利。	C272
8186	梅园大酒店	地址：重庆建设路307号（万州北）。联系电话：186-60817848。周边 500 米内即是商场与美食街。距车站步行 5 分钟，交通便利。	C272
8187	丽枫度假酒店	地址：武陟县和平路389号（武陟）。联系电话：039-83015928 / 049-53388151。客房配备记忆棉床垫，保证舒适睡眠。含自助早餐，菜品丰富。部分房型可俯瞰城市天际线。提供高速 Wi‑Fi 及 24 小时热水。	C206
8188	月光精品酒店	地址：武陟县迎宾大道245号（武陟）。联系电话：053-74081884 / 048-74108054。可手机自助入住，无接触开门。距车站步行 5 分钟，交通便利。前台多语言服务，支持行李寄存。部分房型可俯瞰城市天际线。	C206
8189	桔子国际酒店	地址：武陟县朝阳街251号（武陟）。联系电话：013-88733060。设有地下停车场与充电桩。含自助早餐，菜品丰富。	C206
8190	月光精品酒店	地址：梧州解放路224号（梧州南）。联系电话：132-75775804。含自助早餐，菜品丰富。酒店内有健身房和洗衣房，住客免费使用。前台多语言服务，支持行李寄存。可手机自助入住，无接触开门。	C160
8191	柏曼宾馆	地址：梧州解放路20号（梧州南）。联系电话：013-21041881 / 194-96226975。提供高速 Wi‑Fi 及 24 小时热水。客房配备记忆棉床垫，保证舒适睡眠。	C160
8192	枫叶酒店	地址：梧州和平路209号（梧州南）。联系电话：015-85153572。周边 500 米内即是商场与美食街。含自助早餐，菜品丰富。前台多语言服务，支持行李寄存。	C160
8193	花筑国际酒店	地址：梧州解放路121号（梧州南）。联系电话：035-87895815。设有地下停车场与充电桩。部分房型可俯瞰城市天际线。前台多语言服务，支持行李寄存。	C160
8194	花筑精品酒店	地址：兴安县中心路375号（兴安北）。联系电话：015-22082338。客房配备记忆棉床垫，保证舒适睡眠。含自助早餐，菜品丰富。设有地下停车场与充电桩。	C158
8195	碧桂度假酒店	地址：兴安县中心路143号（兴安北）。联系电话：034-89864762 / 136-27307279。前台多语言服务，支持行李寄存。部分房型可俯瞰城市天际线。	C158
8196	柏栎宾馆	地址：许昌人民大道28号（许昌东）。联系电话：015-71026345 / 034-34950299。提供高速 Wi‑Fi 及 24 小时热水。可手机自助入住，无接触开门。周边 500 米内即是商场与美食街。部分房型可俯瞰城市天际线。	C247
8197	璞丽大酒店	地址：许昌迎宾大道311号（许昌东）。联系电话：052-32463595。客房配备记忆棉床垫，保证舒适睡眠。可手机自助入住，无接触开门。酒店内有健身房和洗衣房，住客免费使用。周边 500 米内即是商场与美食街。	C247
8198	梅园国际酒店	地址：项城中心路251号（项城）。联系电话：049-39547281。可手机自助入住，无接触开门。客房配备记忆棉床垫，保证舒适睡眠。	C059
8199	锦江大酒店	地址：项城中心路119号（项城）。联系电话：159-47715479。周边 500 米内即是商场与美食街。提供高速 Wi‑Fi 及 24 小时热水。	C059
8200	桔子酒店	地址：成都建设路162号（新都东）。联系电话：018-31467559 / 153-93626678。可手机自助入住，无接触开门。酒店内有健身房和洗衣房，住客免费使用。前台多语言服务，支持行李寄存。含自助早餐，菜品丰富。	C128
8201	悦榕酒店	地址：成都朝阳街364号（新都东）。联系电话：133-49779581。提供高速 Wi‑Fi 及 24 小时热水。酒店内有健身房和洗衣房，住客免费使用。客房配备记忆棉床垫，保证舒适睡眠。	C128
8202	花筑度假酒店	地址：成都和平路162号（新都东）。联系电话：186-23192545。设有地下停车场与充电桩。距车站步行 5 分钟，交通便利。提供高速 Wi‑Fi 及 24 小时热水。	C128
8203	云栖精品酒店	地址：成都迎宾大道135号（新都东）。联系电话：026-81622443 / 051-51467944。前台多语言服务，支持行李寄存。部分房型可俯瞰城市天际线。可手机自助入住，无接触开门。酒店内有健身房和洗衣房，住客免费使用。	C128
8204	桔子度假酒店	地址：衡阳县和平路171号（西渡）。联系电话：131-44649762 / 010-37572033。客房配备记忆棉床垫，保证舒适睡眠。可手机自助入住，无接触开门。酒店内有健身房和洗衣房，住客免费使用。设有地下停车场与充电桩。	C242
8205	柏栎国际酒店	地址：衡阳县建设路160号（西渡）。联系电话：025-58638430。设有地下停车场与充电桩。前台多语言服务，支持行李寄存。	C242
8206	月光度假酒店	地址：西丰县人民大道390号（西丰）。联系电话：154-99547099。距车站步行 5 分钟，交通便利。可手机自助入住，无接触开门。设有地下停车场与充电桩。	C276
8207	梅园宾馆	地址：西丰县解放路128号（西丰）。联系电话：191-50151561 / 052-40342307。周边 500 米内即是商场与美食街。提供高速 Wi‑Fi 及 24 小时热水。设有地下停车场与充电桩。	C276
8208	沐兰精品酒店	地址：西丰县和平路159号（西丰）。联系电话：187-21551215。客房配备记忆棉床垫，保证舒适睡眠。酒店内有健身房和洗衣房，住客免费使用。前台多语言服务，支持行李寄存。提供高速 Wi‑Fi 及 24 小时热水。	C276
8209	碧桂度假酒店	地址：长沙迎宾大道392号（先锋）。联系电话：183-79008680。部分房型可俯瞰城市天际线。含自助早餐，菜品丰富。距车站步行 5 分钟，交通便利。	C284
8210	碧桂精品酒店	地址：长沙迎宾大道86号（先锋）。联系电话：137-67795819。距车站步行 5 分钟，交通便利。周边 500 米内即是商场与美食街。	C284
8211	云栖精品酒店	地址：长沙迎宾大道338号（先锋）。联系电话：189-48070957。客房配备记忆棉床垫，保证舒适睡眠。含自助早餐，菜品丰富。酒店内有健身房和洗衣房，住客免费使用。	C284
8212	悦榕宾馆	地址：长沙人民大道89号（湘府路）。联系电话：047-68886049。设有地下停车场与充电桩。酒店内有健身房和洗衣房，住客免费使用。	C284
8213	丽枫酒店	地址：长沙迎宾大道394号（湘府路）。联系电话：152-35455790 / 189-71201249。距车站步行 5 分钟，交通便利。酒店内有健身房和洗衣房，住客免费使用。可手机自助入住，无接触开门。提供高速 Wi‑Fi 及 24 小时热水。	C284
8214	璞丽度假酒店	地址：长沙和平路20号（湘府路）。联系电话：056-33841633。客房配备记忆棉床垫，保证舒适睡眠。前台多语言服务，支持行李寄存。含自助早餐，菜品丰富。设有地下停车场与充电桩。	C284
8215	雅致大酒店	地址：长沙人民大道318号（湘府路）。联系电话：193-80230772 / 029-23774466。酒店内有健身房和洗衣房，住客免费使用。部分房型可俯瞰城市天际线。含自助早餐，菜品丰富。距车站步行 5 分钟，交通便利。	C284
8216	丽枫酒店	地址：襄汾县和平路174号（襄汾西）。联系电话：015-29895048。提供高速 Wi‑Fi 及 24 小时热水。前台多语言服务，支持行李寄存。可手机自助入住，无接触开门。	C011
8217	楠舍国际酒店	地址：襄汾县人民大道9号（襄汾西）。联系电话：188-97864644 / 012-35793561。周边 500 米内即是商场与美食街。可手机自助入住，无接触开门。	C011
8218	星程酒店	地址：襄汾县人民大道130号（襄汾西）。联系电话：192-26063216。部分房型可俯瞰城市天际线。可手机自助入住，无接触开门。含自助早餐，菜品丰富。	C011
8219	碧桂宾馆	地址：大悟县和平路165号（孝感北）。联系电话：024-26173745。可手机自助入住，无接触开门。前台多语言服务，支持行李寄存。酒店内有健身房和洗衣房，住客免费使用。距车站步行 5 分钟，交通便利。	C086
8220	柏栎酒店	地址：大悟县建设路323号（孝感北）。联系电话：033-58554005。周边 500 米内即是商场与美食街。提供高速 Wi‑Fi 及 24 小时热水。前台多语言服务，支持行李寄存。	C086
8221	枫叶酒店	地址：大悟县朝阳街298号（孝感北）。联系电话：039-28939112。前台多语言服务，支持行李寄存。酒店内有健身房和洗衣房，住客免费使用。含自助早餐，菜品丰富。	C086
8222	枫叶国际酒店	地址：大悟县中心路97号（孝感北）。联系电话：199-18158761 / 046-54193941。客房配备记忆棉床垫，保证舒适睡眠。前台多语言服务，支持行李寄存。	C086
8223	柏曼大酒店	地址：孝感和平路266号（孝感东）。联系电话：052-72119994 / 130-14970162。部分房型可俯瞰城市天际线。提供高速 Wi‑Fi 及 24 小时热水。可手机自助入住，无接触开门。	C086
8224	锦江度假酒店	地址：孝感人民大道236号（孝感东）。联系电话：194-18703783 / 156-95770330。客房配备记忆棉床垫，保证舒适睡眠。可手机自助入住，无接触开门。	C086
8225	花筑大酒店	地址：孝感建设路315号（孝感东）。联系电话：013-78797472。设有地下停车场与充电桩。酒店内有健身房和洗衣房，住客免费使用。含自助早餐，菜品丰富。提供高速 Wi‑Fi 及 24 小时热水。	C086
8226	花筑国际酒店	地址：孝感和平路208号（孝感东）。联系电话：011-83238802 / 039-71835490。设有地下停车场与充电桩。部分房型可俯瞰城市天际线。客房配备记忆棉床垫，保证舒适睡眠。	C086
8227	云栖宾馆	地址：莱西解放路76号（夏格庄）。联系电话：023-64854018。酒店内有健身房和洗衣房，住客免费使用。客房配备记忆棉床垫，保证舒适睡眠。距车站步行 5 分钟，交通便利。部分房型可俯瞰城市天际线。	C297
8228	柏栎宾馆	地址：莱西人民大道221号（夏格庄）。联系电话：042-25783491。设有地下停车场与充电桩。部分房型可俯瞰城市天际线。提供高速 Wi‑Fi 及 24 小时热水。可手机自助入住，无接触开门。	C297
8229	星程度假酒店	地址：莱西中心路222号（夏格庄）。联系电话：051-27797792 / 196-88371157。提供高速 Wi‑Fi 及 24 小时热水。周边 500 米内即是商场与美食街。	C297
8230	丽枫国际酒店	地址：惠州建设路152号（西湖东）。联系电话：156-78224547 / 193-14512399。含自助早餐，菜品丰富。距车站步行 5 分钟，交通便利。提供高速 Wi‑Fi 及 24 小时热水。周边 500 米内即是商场与美食街。	C127
8231	雅致国际酒店	地址：惠州和平路288号（西湖东）。联系电话：048-32601676 / 051-51452272。含自助早餐，菜品丰富。周边 500 米内即是商场与美食街。	C127
8232	桔子宾馆	地址：惠州和平路247号（西湖东）。联系电话：037-67838611。距车站步行 5 分钟，交通便利。周边 500 米内即是商场与美食街。	C127
8233	锦江度假酒店	地址：新化县中心路364号（新化南）。联系电话：185-56610860 / 181-34476744。部分房型可俯瞰城市天际线。酒店内有健身房和洗衣房，住客免费使用。客房配备记忆棉床垫，保证舒适睡眠。前台多语言服务，支持行李寄存。	C085
8234	枫叶酒店	地址：新化县中心路213号（新化南）。联系电话：194-67332160 / 046-40046588。客房配备记忆棉床垫，保证舒适睡眠。部分房型可俯瞰城市天际线。前台多语言服务，支持行李寄存。	C085
8235	云栖酒店	地址：新化县迎宾大道227号（新化南）。联系电话：153-42525793 / 139-75537542。前台多语言服务，支持行李寄存。酒店内有健身房和洗衣房，住客免费使用。距车站步行 5 分钟，交通便利。	C085
8236	碧桂精品酒店	地址：新晃侗族自治县人民大道369号（新晃西）。联系电话：136-58408412。周边 500 米内即是商场与美食街。酒店内有健身房和洗衣房，住客免费使用。前台多语言服务，支持行李寄存。	C125
8237	花筑国际酒店	地址：新晃侗族自治县和平路93号（新晃西）。联系电话：187-84636661 / 056-70656797。提供高速 Wi‑Fi 及 24 小时热水。前台多语言服务，支持行李寄存。含自助早餐，菜品丰富。可手机自助入住，无接触开门。	C125
8238	沐兰宾馆	地址：新晃侗族自治县解放路306号（新晃西）。联系电话：138-48124573 / 023-47036080。提供高速 Wi‑Fi 及 24 小时热水。周边 500 米内即是商场与美食街。部分房型可俯瞰城市天际线。	C125
8239	悦榕宾馆	地址：新津县解放路286号（新津）。联系电话：190-81522307 / 010-77650706。前台多语言服务，支持行李寄存。距车站步行 5 分钟，交通便利。	C128
8240	丽枫精品酒店	地址：新津县解放路147号（新津）。联系电话：049-36258436。距车站步行 5 分钟，交通便利。酒店内有健身房和洗衣房，住客免费使用。提供高速 Wi‑Fi 及 24 小时热水。	C128
8241	梅园国际酒店	地址：惠州中心路242号（小金口）。联系电话：026-89785935 / 133-10075676。客房配备记忆棉床垫，保证舒适睡眠。前台多语言服务，支持行李寄存。	C127
8242	星程大酒店	地址：惠州中心路366号（小金口）。联系电话：198-11361896 / 031-86242865。提供高速 Wi‑Fi 及 24 小时热水。部分房型可俯瞰城市天际线。设有地下停车场与充电桩。	C127
8243	梅园度假酒店	地址：惠州建设路2号（小金口）。联系电话：029-88518779。提供高速 Wi‑Fi 及 24 小时热水。前台多语言服务，支持行李寄存。	C127
8244	沐兰大酒店	地址：惠州建设路4号（小金口）。联系电话：018-28305466 / 139-28739351。前台多语言服务，支持行李寄存。含自助早餐，菜品丰富。	C127
8245	云栖酒店	地址：辛集和平路43号（辛集南）。联系电话：022-36522428 / 155-78928236。提供高速 Wi‑Fi 及 24 小时热水。酒店内有健身房和洗衣房，住客免费使用。可手机自助入住，无接触开门。	C220
8246	碧桂宾馆	地址：辛集建设路244号（辛集南）。联系电话：181-78584543 / 044-58167161。设有地下停车场与充电桩。提供高速 Wi‑Fi 及 24 小时热水。部分房型可俯瞰城市天际线。周边 500 米内即是商场与美食街。	C220
8247	枫叶大酒店	地址：辛集人民大道262号（辛集南）。联系电话：010-74363476。客房配备记忆棉床垫，保证舒适睡眠。酒店内有健身房和洗衣房，住客免费使用。可手机自助入住，无接触开门。	C220
8248	柏曼酒店	地址：新津县中心路28号（新津南）。联系电话：012-45683474。前台多语言服务，支持行李寄存。周边 500 米内即是商场与美食街。设有地下停车场与充电桩。可手机自助入住，无接触开门。	C128
8249	楠舍酒店	地址：新津县和平路187号（新津南）。联系电话：017-68484117 / 190-40554313。距车站步行 5 分钟，交通便利。部分房型可俯瞰城市天际线。设有地下停车场与充电桩。周边 500 米内即是商场与美食街。	C128
8250	云栖国际酒店	地址：新津县中心路165号（新津南）。联系电话：025-72584149。提供高速 Wi‑Fi 及 24 小时热水。部分房型可俯瞰城市天际线。前台多语言服务，支持行李寄存。	C128
8251	丽枫度假酒店	地址：新津县人民大道301号（新津南）。联系电话：055-74548952。前台多语言服务，支持行李寄存。可手机自助入住，无接触开门。酒店内有健身房和洗衣房，住客免费使用。	C128
8252	枫叶国际酒店	地址：蒲江县朝阳街213号（西来）。联系电话：026-64191492。前台多语言服务，支持行李寄存。客房配备记忆棉床垫，保证舒适睡眠。提供高速 Wi‑Fi 及 24 小时热水。	C128
8253	悦榕宾馆	地址：蒲江县朝阳街96号（西来）。联系电话：050-37916937。部分房型可俯瞰城市天际线。客房配备记忆棉床垫，保证舒适睡眠。	C128
8254	璞丽大酒店	地址：蒲江县朝阳街307号（西来）。联系电话：033-75263339 / 033-25622227。部分房型可俯瞰城市天际线。周边 500 米内即是商场与美食街。	C128
8255	桔子国际酒店	地址：蒲江县和平路248号（西来）。联系电话：152-58790509。含自助早餐，菜品丰富。前台多语言服务，支持行李寄存。	C128
8256	云栖精品酒店	地址：新民建设路53号（新民北）。联系电话：018-20800354。前台多语言服务，支持行李寄存。设有地下停车场与充电桩。含自助早餐，菜品丰富。	C172
8257	楠舍大酒店	地址：新民人民大道166号（新民北）。联系电话：042-26496303 / 036-73307109。部分房型可俯瞰城市天际线。提供高速 Wi‑Fi 及 24 小时热水。客房配备记忆棉床垫，保证舒适睡眠。	C172
8258	桔子大酒店	地址：新民建设路192号（新民北）。联系电话：156-90868439 / 157-89641110。周边 500 米内即是商场与美食街。含自助早餐，菜品丰富。	C172
8259	碧桂大酒店	地址：咸宁解放路345号（咸宁东）。联系电话：181-54359330。部分房型可俯瞰城市天际线。设有地下停车场与充电桩。距车站步行 5 分钟，交通便利。	C063
8260	悦榕酒店	地址：咸宁迎宾大道38号（咸宁东）。联系电话：034-75799605 / 026-68904221。周边 500 米内即是商场与美食街。提供高速 Wi‑Fi 及 24 小时热水。部分房型可俯瞰城市天际线。前台多语言服务，支持行李寄存。	C063
8261	楠舍精品酒店	地址：咸宁解放路228号（咸宁东）。联系电话：020-28527477 / 159-26360994。部分房型可俯瞰城市天际线。客房配备记忆棉床垫，保证舒适睡眠。周边 500 米内即是商场与美食街。含自助早餐，菜品丰富。	C063
8262	柏栎酒店	地址：咸宁人民大道329号（咸宁东）。联系电话：032-29636081。提供高速 Wi‑Fi 及 24 小时热水。设有地下停车场与充电桩。距车站步行 5 分钟，交通便利。部分房型可俯瞰城市天际线。	C063
8263	悦榕宾馆	地址：咸宁迎宾大道205号（咸宁南）。联系电话：191-97863415。酒店内有健身房和洗衣房，住客免费使用。设有地下停车场与充电桩。	C063
8264	碧桂宾馆	地址：咸宁迎宾大道336号（咸宁南）。联系电话：136-22245813 / 130-26651652。设有地下停车场与充电桩。可手机自助入住，无接触开门。距车站步行 5 分钟，交通便利。酒店内有健身房和洗衣房，住客免费使用。	C063
8265	悦榕宾馆	地址：溆浦县人民大道293号（溆浦南）。联系电话：015-49105918 / 018-70644629。设有地下停车场与充电桩。可手机自助入住，无接触开门。	C125
8266	雅致宾馆	地址：溆浦县建设路198号（溆浦南）。联系电话：154-86093350。距车站步行 5 分钟，交通便利。提供高速 Wi‑Fi 及 24 小时热水。酒店内有健身房和洗衣房，住客免费使用。周边 500 米内即是商场与美食街。	C125
8267	碧桂宾馆	地址：东莞和平路159号（西平西）。联系电话：056-31121354 / 035-86864110。客房配备记忆棉床垫，保证舒适睡眠。含自助早餐，菜品丰富。	C007
8268	雅致精品酒店	地址：东莞中心路303号（西平西）。联系电话：043-73482031。部分房型可俯瞰城市天际线。设有地下停车场与充电桩。可手机自助入住，无接触开门。	C007
8269	花筑酒店	地址：东莞迎宾大道113号（西平西）。联系电话：053-86850542 / 012-51341310。距车站步行 5 分钟，交通便利。含自助早餐，菜品丰富。前台多语言服务，支持行李寄存。部分房型可俯瞰城市天际线。	C007
8270	桔子宾馆	地址：响水县解放路55号（响水县）。联系电话：157-24579200。周边 500 米内即是商场与美食街。前台多语言服务，支持行李寄存。酒店内有健身房和洗衣房，住客免费使用。客房配备记忆棉床垫，保证舒适睡眠。	C216
8271	星程大酒店	地址：响水县朝阳街319号（响水县）。联系电话：022-47792780 / 183-84346963。部分房型可俯瞰城市天际线。含自助早餐，菜品丰富。距车站步行 5 分钟，交通便利。	C216
8272	沐兰精品酒店	地址：响水县迎宾大道356号（响水县）。联系电话：016-43669729。前台多语言服务，支持行李寄存。周边 500 米内即是商场与美食街。距车站步行 5 分钟，交通便利。	C216
8273	锦江酒店	地址：响水县建设路171号（响水县）。联系电话：010-29388238 / 188-24601411。酒店内有健身房和洗衣房，住客免费使用。设有地下停车场与充电桩。	C216
8274	悦榕度假酒店	地址：湘潭迎宾大道357号（湘潭北）。联系电话：036-35246874。可手机自助入住，无接触开门。含自助早餐，菜品丰富。前台多语言服务，支持行李寄存。	C195
8275	碧桂大酒店	地址：湘潭人民大道155号（湘潭北）。联系电话：193-71651989。酒店内有健身房和洗衣房，住客免费使用。前台多语言服务，支持行李寄存。周边 500 米内即是商场与美食街。距车站步行 5 分钟，交通便利。	C195
8276	桔子酒店	地址：邢台县迎宾大道252号（邢台东）。联系电话：044-48001878 / 183-39330563。部分房型可俯瞰城市天际线。含自助早餐，菜品丰富。周边 500 米内即是商场与美食街。	C263
8277	沐兰国际酒店	地址：邢台县解放路85号（邢台东）。联系电话：196-52867780 / 189-47144762。距车站步行 5 分钟，交通便利。部分房型可俯瞰城市天际线。	C263
8278	锦江度假酒店	地址：邢台县朝阳街102号（邢台东）。联系电话：139-95673828 / 133-78078709。设有地下停车场与充电桩。含自助早餐，菜品丰富。距车站步行 5 分钟，交通便利。酒店内有健身房和洗衣房，住客免费使用。	C263
8279	星程度假酒店	地址：西乌珠穆沁旗解放路275号（西乌旗）。联系电话：059-58466015。含自助早餐，菜品丰富。客房配备记忆棉床垫，保证舒适睡眠。	C280
8280	花筑国际酒店	地址：西乌珠穆沁旗和平路349号（西乌旗）。联系电话：150-34354760。可手机自助入住，无接触开门。部分房型可俯瞰城市天际线。设有地下停车场与充电桩。	C280
8281	枫叶酒店	地址：西乌珠穆沁旗朝阳街56号（西乌旗）。联系电话：032-52679667。可手机自助入住，无接触开门。部分房型可俯瞰城市天际线。客房配备记忆棉床垫，保证舒适睡眠。提供高速 Wi‑Fi 及 24 小时热水。	C280
8282	碧桂宾馆	地址：西乌珠穆沁旗建设路359号（西乌旗）。联系电话：024-39527035 / 186-41520358。周边 500 米内即是商场与美食街。可手机自助入住，无接触开门。	C280
8283	璞丽大酒店	地址：修武县迎宾大道227号（修武西）。联系电话：034-33990392 / 049-68188961。酒店内有健身房和洗衣房，住客免费使用。含自助早餐，菜品丰富。周边 500 米内即是商场与美食街。	C206
8284	沐兰国际酒店	地址：修武县迎宾大道106号（修武西）。联系电话：032-59262232 / 023-86325885。前台多语言服务，支持行李寄存。客房配备记忆棉床垫，保证舒适睡眠。	C206
8285	枫叶宾馆	地址：修武县中心路223号（修武西）。联系电话：046-76282720 / 022-25876548。可手机自助入住，无接触开门。客房配备记忆棉床垫，保证舒适睡眠。设有地下停车场与充电桩。酒店内有健身房和洗衣房，住客免费使用。	C206
8286	花筑酒店	地址：修文县人民大道173号（修文县）。联系电话：189-37889361 / 139-41457276。含自助早餐，菜品丰富。设有地下停车场与充电桩。	C249
8287	丽枫精品酒店	地址：修文县人民大道80号（修文县）。联系电话：198-92893233。前台多语言服务，支持行李寄存。距车站步行 5 分钟，交通便利。	C249
8288	楠舍精品酒店	地址：萧县朝阳街161号（萧县北）。联系电话：138-21824596。部分房型可俯瞰城市天际线。设有地下停车场与充电桩。提供高速 Wi‑Fi 及 24 小时热水。	C099
8289	沐兰宾馆	地址：萧县朝阳街54号（萧县北）。联系电话：194-33131364 / 048-20521502。设有地下停车场与充电桩。前台多语言服务，支持行李寄存。	C099
8290	星程大酒店	地址：萧县解放路218号（萧县北）。联系电话：131-25864418。可手机自助入住，无接触开门。部分房型可俯瞰城市天际线。提供高速 Wi‑Fi 及 24 小时热水。酒店内有健身房和洗衣房，住客免费使用。	C099
8291	悦榕国际酒店	地址：哈尔滨中心路58号（新香坊北）。联系电话：152-51370417。设有地下停车场与充电桩。可手机自助入住，无接触开门。前台多语言服务，支持行李寄存。提供高速 Wi‑Fi 及 24 小时热水。	C066
8292	丽枫宾馆	地址：哈尔滨人民大道364号（新香坊北）。联系电话：020-24561480。设有地下停车场与充电桩。提供高速 Wi‑Fi 及 24 小时热水。可手机自助入住，无接触开门。部分房型可俯瞰城市天际线。	C066
8293	柏曼大酒店	地址：哈尔滨迎宾大道97号（新香坊北）。联系电话：155-79441875。可手机自助入住，无接触开门。提供高速 Wi‑Fi 及 24 小时热水。	C066
8294	枫叶宾馆	地址：哈尔滨建设路1号（新香坊北）。联系电话：130-75763984。前台多语言服务，支持行李寄存。设有地下停车场与充电桩。周边 500 米内即是商场与美食街。含自助早餐，菜品丰富。	C066
8295	雅致酒店	地址：新乡朝阳街63号（新乡东）。联系电话：011-66213503 / 057-62005585。客房配备记忆棉床垫，保证舒适睡眠。设有地下停车场与充电桩。前台多语言服务，支持行李寄存。	C137
8296	碧桂度假酒店	地址：新乡解放路223号（新乡东）。联系电话：050-26872712。酒店内有健身房和洗衣房，住客免费使用。前台多语言服务，支持行李寄存。	C137
8297	月光度假酒店	地址：新乡解放路243号（新乡东）。联系电话：054-82450428。前台多语言服务，支持行李寄存。周边 500 米内即是商场与美食街。	C137
8298	桔子宾馆	地址：新乡迎宾大道275号（新乡东）。联系电话：057-21398813。客房配备记忆棉床垫，保证舒适睡眠。酒店内有健身房和洗衣房，住客免费使用。设有地下停车场与充电桩。	C137
8299	丽枫国际酒店	地址：新余建设路260号（新余北）。联系电话：180-78123353。周边 500 米内即是商场与美食街。提供高速 Wi‑Fi 及 24 小时热水。设有地下停车场与充电桩。	C138
8300	柏栎酒店	地址：新余和平路210号（新余北）。联系电话：016-43764570。周边 500 米内即是商场与美食街。客房配备记忆棉床垫，保证舒适睡眠。距车站步行 5 分钟，交通便利。	C138
8301	花筑酒店	地址：新余人民大道260号（新余北）。联系电话：030-70734790。部分房型可俯瞰城市天际线。前台多语言服务，支持行李寄存。	C138
8302	楠舍宾馆	地址：新余建设路146号（新余北）。联系电话：150-83790911。前台多语言服务，支持行李寄存。含自助早餐，菜品丰富。酒店内有健身房和洗衣房，住客免费使用。	C138
8303	枫叶酒店	地址：高平人民大道84号（西阳村）。联系电话：132-25349783。距车站步行 5 分钟，交通便利。客房配备记忆棉床垫，保证舒适睡眠。可手机自助入住，无接触开门。设有地下停车场与充电桩。	C146
8304	枫叶精品酒店	地址：高平迎宾大道180号（西阳村）。联系电话：028-60438191 / 185-78575904。客房配备记忆棉床垫，保证舒适睡眠。部分房型可俯瞰城市天际线。含自助早餐，菜品丰富。可手机自助入住，无接触开门。	C146
8305	楠舍宾馆	地址：罗山县朝阳街116号（信阳东）。联系电话：027-81295375。客房配备记忆棉床垫，保证舒适睡眠。前台多语言服务，支持行李寄存。部分房型可俯瞰城市天际线。	C028
8306	月光酒店	地址：罗山县中心路108号（信阳东）。联系电话：058-36058062 / 180-46038843。可手机自助入住，无接触开门。前台多语言服务，支持行李寄存。距车站步行 5 分钟，交通便利。周边 500 米内即是商场与美食街。	C028
8307	璞丽精品酒店	地址：罗山县和平路7号（信阳东）。联系电话：184-27234284 / 057-21656938。酒店内有健身房和洗衣房，住客免费使用。设有地下停车场与充电桩。可手机自助入住，无接触开门。客房配备记忆棉床垫，保证舒适睡眠。	C028
8308	柏栎度假酒店	地址：咸阳迎宾大道109号（咸阳秦都）。联系电话：190-67172853 / 038-34686006。客房配备记忆棉床垫，保证舒适睡眠。设有地下停车场与充电桩。	C064
8309	锦江酒店	地址：咸阳和平路71号（咸阳秦都）。联系电话：188-22383386 / 132-33442493。可手机自助入住，无接触开门。前台多语言服务，支持行李寄存。客房配备记忆棉床垫，保证舒适睡眠。含自助早餐，菜品丰富。	C064
8310	花筑酒店	地址：咸阳解放路35号（咸阳秦都）。联系电话：040-86490770。酒店内有健身房和洗衣房，住客免费使用。周边 500 米内即是商场与美食街。可手机自助入住，无接触开门。距车站步行 5 分钟，交通便利。	C064
8311	柏曼宾馆	地址：咸阳中心路262号（咸阳秦都）。联系电话：039-57307308。含自助早餐，菜品丰富。前台多语言服务，支持行李寄存。	C064
8312	枫叶酒店	地址：海口朝阳街33号（秀英）。联系电话：043-65658049。含自助早餐，菜品丰富。距车站步行 5 分钟，交通便利。部分房型可俯瞰城市天际线。	C184
8313	桔子宾馆	地址：海口建设路206号（秀英）。联系电话：037-76775999。设有地下停车场与充电桩。部分房型可俯瞰城市天际线。提供高速 Wi‑Fi 及 24 小时热水。前台多语言服务，支持行李寄存。	C184
8314	丽枫国际酒店	地址：仙游县迎宾大道147号（仙游）。联系电话：185-95931694 / 039-88921998。前台多语言服务，支持行李寄存。部分房型可俯瞰城市天际线。	C235
8315	枫叶精品酒店	地址：仙游县和平路148号（仙游）。联系电话：188-92564215 / 196-17822602。提供高速 Wi‑Fi 及 24 小时热水。含自助早餐，菜品丰富。周边 500 米内即是商场与美食街。设有地下停车场与充电桩。	C235
8316	楠舍宾馆	地址：祥云县建设路191号（祥云）。联系电话：159-92959677。酒店内有健身房和洗衣房，住客免费使用。部分房型可俯瞰城市天际线。	C079
8317	星程宾馆	地址：祥云县和平路296号（祥云）。联系电话：023-52755181 / 028-45885403。距车站步行 5 分钟，交通便利。部分房型可俯瞰城市天际线。	C079
8318	雅致精品酒店	地址：祥云县和平路129号（祥云）。联系电话：034-32164211 / 032-58136658。含自助早餐，菜品丰富。可手机自助入住，无接触开门。距车站步行 5 分钟，交通便利。前台多语言服务，支持行李寄存。	C079
8319	枫叶国际酒店	地址：祥云县朝阳街53号（祥云）。联系电话：134-32992047 / 055-27922730。提供高速 Wi‑Fi 及 24 小时热水。客房配备记忆棉床垫，保证舒适睡眠。含自助早餐，菜品丰富。	C079
8320	云栖精品酒店	地址：新郑朝阳街147号（新郑机场）。联系电话：133-57492083。设有地下停车场与充电桩。客房配备记忆棉床垫，保证舒适睡眠。	C267
8321	悦榕精品酒店	地址：新郑建设路78号（新郑机场）。联系电话：058-33757297。提供高速 Wi‑Fi 及 24 小时热水。前台多语言服务，支持行李寄存。可手机自助入住，无接触开门。	C267
8322	碧桂精品酒店	地址：长沙迎宾大道327号（香樟路）。联系电话：031-83649277。设有地下停车场与充电桩。含自助早餐，菜品丰富。提供高速 Wi‑Fi 及 24 小时热水。	C284
8323	丽枫度假酒店	地址：长沙和平路128号（香樟路）。联系电话：034-48901453。含自助早餐，菜品丰富。设有地下停车场与充电桩。提供高速 Wi‑Fi 及 24 小时热水。	C284
8324	锦江酒店	地址：长沙朝阳街293号（香樟路）。联系电话：156-85410049。可手机自助入住，无接触开门。周边 500 米内即是商场与美食街。	C284
8325	锦江国际酒店	地址：长沙建设路211号（香樟路）。联系电话：190-77017188。含自助早餐，菜品丰富。可手机自助入住，无接触开门。提供高速 Wi‑Fi 及 24 小时热水。	C284
8326	星程精品酒店	地址：忻州中心路241号（忻州西）。联系电话：053-65788198。部分房型可俯瞰城市天际线。酒店内有健身房和洗衣房，住客免费使用。含自助早餐，菜品丰富。	C124
8327	碧桂精品酒店	地址：忻州中心路164号（忻州西）。联系电话：135-82903503。距车站步行 5 分钟，交通便利。客房配备记忆棉床垫，保证舒适睡眠。前台多语言服务，支持行李寄存。部分房型可俯瞰城市天际线。	C124
8328	柏曼酒店	地址：忻州解放路385号（忻州西）。联系电话：040-24027017。可手机自助入住，无接触开门。客房配备记忆棉床垫，保证舒适睡眠。部分房型可俯瞰城市天际线。	C124
8329	丽枫度假酒店	地址：忻州朝阳街358号（忻州西）。联系电话：020-51023271。客房配备记忆棉床垫，保证舒适睡眠。酒店内有健身房和洗衣房，住客免费使用。	C124
8330	雅致宾馆	地址：雅安人民大道37号（雅安）。联系电话：051-66820740。提供高速 Wi‑Fi 及 24 小时热水。可手机自助入住，无接触开门。客房配备记忆棉床垫，保证舒适睡眠。	C296
8331	碧桂度假酒店	地址：雅安解放路21号（雅安）。联系电话：191-47922569。距车站步行 5 分钟，交通便利。提供高速 Wi‑Fi 及 24 小时热水。	C296
8332	锦江大酒店	地址：雅安中心路330号（雅安）。联系电话：017-80188504 / 183-96210807。酒店内有健身房和洗衣房，住客免费使用。周边 500 米内即是商场与美食街。前台多语言服务，支持行李寄存。	C296
8333	月光国际酒店	地址：雅安解放路359号（雅安）。联系电话：029-78820411。含自助早餐，菜品丰富。提供高速 Wi‑Fi 及 24 小时热水。前台多语言服务，支持行李寄存。	C296
8334	悦榕精品酒店	地址：永安解放路86号（永安南）。联系电话：050-34220012。设有地下停车场与充电桩。提供高速 Wi‑Fi 及 24 小时热水。周边 500 米内即是商场与美食街。部分房型可俯瞰城市天际线。	C003
8335	雅致精品酒店	地址：永安和平路218号（永安南）。联系电话：031-66032991 / 153-17102052。客房配备记忆棉床垫，保证舒适睡眠。设有地下停车场与充电桩。提供高速 Wi‑Fi 及 24 小时热水。	C003
8336	月光度假酒店	地址：永安建设路243号（永安南）。联系电话：044-72360925。部分房型可俯瞰城市天际线。距车站步行 5 分钟，交通便利。周边 500 米内即是商场与美食街。	C003
8337	雅致精品酒店	地址：都江堰建设路381号（迎宾路）。联系电话：133-56606829。客房配备记忆棉床垫，保证舒适睡眠。距车站步行 5 分钟，交通便利。	C128
8338	月光大酒店	地址：都江堰朝阳街247号（迎宾路）。联系电话：199-20157188。周边 500 米内即是商场与美食街。设有地下停车场与充电桩。可手机自助入住，无接触开门。部分房型可俯瞰城市天际线。	C128
8339	花筑精品酒店	地址：都江堰和平路78号（迎宾路）。联系电话：019-68425261 / 029-32094531。距车站步行 5 分钟，交通便利。前台多语言服务，支持行李寄存。含自助早餐，菜品丰富。酒店内有健身房和洗衣房，住客免费使用。	C128
8340	梅园度假酒店	地址：都江堰解放路149号（迎宾路）。联系电话：058-41735818 / 151-60885766。可手机自助入住，无接触开门。含自助早餐，菜品丰富。	C128
8341	雅致大酒店	地址：尚志解放路265号（亚布力西）。联系电话：023-34734252 / 024-43658006。提供高速 Wi‑Fi 及 24 小时热水。周边 500 米内即是商场与美食街。设有地下停车场与充电桩。	C066
8342	梅园精品酒店	地址：尚志人民大道224号（亚布力西）。联系电话：020-74073126 / 182-52058000。提供高速 Wi‑Fi 及 24 小时热水。部分房型可俯瞰城市天际线。前台多语言服务，支持行李寄存。	C066
8343	柏曼度假酒店	地址：尚志迎宾大道166号（亚布力西）。联系电话：011-65105949 / 197-84001368。酒店内有健身房和洗衣房，住客免费使用。提供高速 Wi‑Fi 及 24 小时热水。	C066
8344	雅致大酒店	地址：宜宾人民大道105号（宜宾西）。联系电话：017-30293167 / 152-15893110。提供高速 Wi‑Fi 及 24 小时热水。距车站步行 5 分钟，交通便利。设有地下停车场与充电桩。客房配备记忆棉床垫，保证舒适睡眠。	C094
8345	悦榕酒店	地址：宜宾解放路340号（宜宾西）。联系电话：198-16193095。含自助早餐，菜品丰富。周边 500 米内即是商场与美食街。可手机自助入住，无接触开门。	C094
8346	雅致精品酒店	地址：宜宾建设路243号（宜宾西）。联系电话：137-27457471。部分房型可俯瞰城市天际线。可手机自助入住，无接触开门。	C094
8347	沐兰酒店	地址：宜宾和平路346号（宜宾西）。联系电话：010-56217384。部分房型可俯瞰城市天际线。设有地下停车场与充电桩。可手机自助入住，无接触开门。	C094
8348	枫叶酒店	地址：永城中心路275号（永城北）。联系电话：154-54084163 / 030-59336645。提供高速 Wi‑Fi 及 24 小时热水。前台多语言服务，支持行李寄存。酒店内有健身房和洗衣房，住客免费使用。距车站步行 5 分钟，交通便利。	C068
8349	花筑国际酒店	地址：永城人民大道43号（永城北）。联系电话：195-81563814。客房配备记忆棉床垫，保证舒适睡眠。提供高速 Wi‑Fi 及 24 小时热水。周边 500 米内即是商场与美食街。	C068
8350	柏曼度假酒店	地址：盐城解放路363号（盐城北）。联系电话：027-45103477。前台多语言服务，支持行李寄存。距车站步行 5 分钟，交通便利。可手机自助入住，无接触开门。部分房型可俯瞰城市天际线。	C216
8351	柏曼精品酒店	地址：盐城迎宾大道272号（盐城北）。联系电话：152-86808843。可手机自助入住，无接触开门。提供高速 Wi‑Fi 及 24 小时热水。距车站步行 5 分钟，交通便利。酒店内有健身房和洗衣房，住客免费使用。	C216
8352	柏栎度假酒店	地址：盐城建设路347号（盐城北）。联系电话：153-41293702 / 130-63998701。周边 500 米内即是商场与美食街。前台多语言服务，支持行李寄存。	C216
8353	沐兰国际酒店	地址：运城迎宾大道238号（运城北）。联系电话：040-87890831 / 184-65658332。酒店内有健身房和洗衣房，住客免费使用。含自助早餐，菜品丰富。	C257
8354	月光大酒店	地址：运城解放路108号（运城北）。联系电话：130-84537315 / 012-66246691。酒店内有健身房和洗衣房，住客免费使用。可手机自助入住，无接触开门。周边 500 米内即是商场与美食街。	C257
8355	枫叶度假酒店	地址：运城解放路153号（运城北）。联系电话：194-12228732 / 027-22495992。可手机自助入住，无接触开门。距车站步行 5 分钟，交通便利。酒店内有健身房和洗衣房，住客免费使用。	C257
8356	枫叶精品酒店	地址：重庆迎宾大道163号（永川东）。联系电话：018-48851401。提供高速 Wi‑Fi 及 24 小时热水。客房配备记忆棉床垫，保证舒适睡眠。	C272
8357	柏曼国际酒店	地址：重庆朝阳街362号（永川东）。联系电话：051-48821933 / 044-55016956。设有地下停车场与充电桩。含自助早餐，菜品丰富。	C272
8358	楠舍国际酒店	地址：重庆人民大道263号（永川东）。联系电话：053-53150362 / 156-25725869。提供高速 Wi‑Fi 及 24 小时热水。距车站步行 5 分钟，交通便利。设有地下停车场与充电桩。部分房型可俯瞰城市天际线。	C272
8359	丽枫大酒店	地址：重庆朝阳街89号（永川东）。联系电话：136-71899603 / 042-72598643。客房配备记忆棉床垫，保证舒适睡眠。距车站步行 5 分钟，交通便利。设有地下停车场与充电桩。	C272
8360	花筑精品酒店	地址：禹城人民大道71号（禹城东）。联系电话：137-99367810。客房配备记忆棉床垫，保证舒适睡眠。前台多语言服务，支持行李寄存。距车站步行 5 分钟，交通便利。设有地下停车场与充电桩。	C122
8361	楠舍大酒店	地址：禹城迎宾大道310号（禹城东）。联系电话：157-47691277。提供高速 Wi‑Fi 及 24 小时热水。酒店内有健身房和洗衣房，住客免费使用。含自助早餐，菜品丰富。	C122
8362	柏栎宾馆	地址：禹城建设路283号（禹城东）。联系电话：191-83734130 / 018-37775716。客房配备记忆棉床垫，保证舒适睡眠。部分房型可俯瞰城市天际线。提供高速 Wi‑Fi 及 24 小时热水。	C122
8363	梅园酒店	地址：宜春解放路114号（宜春）。联系电话：050-34366111。客房配备记忆棉床垫，保证舒适睡眠。前台多语言服务，支持行李寄存。设有地下停车场与充电桩。	C096
8364	碧桂酒店	地址：宜春中心路223号（宜春）。联系电话：150-78524484 / 017-41576524。周边 500 米内即是商场与美食街。含自助早餐，菜品丰富。	C096
8365	枫叶宾馆	地址：宜春朝阳街272号（宜春）。联系电话：059-42543438 / 131-62314618。距车站步行 5 分钟，交通便利。提供高速 Wi‑Fi 及 24 小时热水。	C096
8366	星程宾馆	地址：岳池县中心路138号（岳池）。联系电话：186-66616838 / 136-91689290。客房配备记忆棉床垫，保证舒适睡眠。距车站步行 5 分钟，交通便利。前台多语言服务，支持行李寄存。	C111
8367	锦江宾馆	地址：岳池县人民大道29号（岳池）。联系电话：185-20419479 / 151-94227537。可手机自助入住，无接触开门。提供高速 Wi‑Fi 及 24 小时热水。	C111
8368	悦榕精品酒店	地址：岳池县中心路354号（岳池）。联系电话：037-40482000 / 130-78225097。含自助早餐，菜品丰富。提供高速 Wi‑Fi 及 24 小时热水。	C111
8369	花筑酒店	地址：佛山解放路49号（云东海）。联系电话：194-11259090 / 038-70101896。距车站步行 5 分钟，交通便利。酒店内有健身房和洗衣房，住客免费使用。	C025
8370	丽枫大酒店	地址：佛山朝阳街191号（云东海）。联系电话：050-30815588。周边 500 米内即是商场与美食街。距车站步行 5 分钟，交通便利。客房配备记忆棉床垫，保证舒适睡眠。设有地下停车场与充电桩。	C025
8371	云栖度假酒店	地址：佛山中心路87号（云东海）。联系电话：055-48055045 / 196-47892385。设有地下停车场与充电桩。含自助早餐，菜品丰富。周边 500 米内即是商场与美食街。可手机自助入住，无接触开门。	C025
8372	柏曼精品酒店	地址：佛山朝阳街177号（云东海）。联系电话：034-36885573。周边 500 米内即是商场与美食街。距车站步行 5 分钟，交通便利。含自助早餐，菜品丰富。	C025
8373	柏栎宾馆	地址：青川县建设路15号（姚渡）。联系电话：134-99885433。距车站步行 5 分钟，交通便利。设有地下停车场与充电桩。	C110
8374	梅园大酒店	地址：青川县中心路74号（姚渡）。联系电话：022-26394059。部分房型可俯瞰城市天际线。提供高速 Wi‑Fi 及 24 小时热水。	C110
8375	沐兰精品酒店	地址：云浮朝阳街253号（云浮东）。联系电话：154-25123960 / 180-10963179。周边 500 米内即是商场与美食街。可手机自助入住，无接触开门。	C021
8376	柏栎精品酒店	地址：云浮人民大道86号（云浮东）。联系电话：053-45607920 / 043-77717197。周边 500 米内即是商场与美食街。距车站步行 5 分钟，交通便利。	C021
8377	悦榕精品酒店	地址：云浮中心路128号（云浮东）。联系电话：194-76102316 / 011-62499228。前台多语言服务，支持行李寄存。距车站步行 5 分钟，交通便利。可手机自助入住，无接触开门。部分房型可俯瞰城市天际线。	C021
8378	枫叶度假酒店	地址：永福县建设路204号（永福南）。联系电话：190-50721807 / 014-67749623。部分房型可俯瞰城市天际线。设有地下停车场与充电桩。前台多语言服务，支持行李寄存。周边 500 米内即是商场与美食街。	C158
8379	云栖国际酒店	地址：永福县建设路178号（永福南）。联系电话：196-75783019。客房配备记忆棉床垫，保证舒适睡眠。部分房型可俯瞰城市天际线。距车站步行 5 分钟，交通便利。前台多语言服务，支持行李寄存。	C158
8380	星程大酒店	地址：永福县和平路92号（永福南）。联系电话：158-85399814 / 032-70119748。前台多语言服务，支持行李寄存。提供高速 Wi‑Fi 及 24 小时热水。可手机自助入住，无接触开门。周边 500 米内即是商场与美食街。	C158
8381	璞丽度假酒店	地址：盘州解放路265号（雨格）。联系电话：150-62271106。含自助早餐，菜品丰富。部分房型可俯瞰城市天际线。	C033
8382	桔子国际酒店	地址：盘州建设路275号（雨格）。联系电话：155-87443582。前台多语言服务，支持行李寄存。提供高速 Wi‑Fi 及 24 小时热水。	C033
8383	枫叶精品酒店	地址：盘州解放路326号（雨格）。联系电话：195-65352947 / 138-82373068。酒店内有健身房和洗衣房，住客免费使用。含自助早餐，菜品丰富。	C033
8384	楠舍宾馆	地址：宿迁中心路203号（洋河）。联系电话：030-31855741 / 180-92023765。设有地下停车场与充电桩。周边 500 米内即是商场与美食街。客房配备记忆棉床垫，保证舒适睡眠。	C100
8385	枫叶度假酒店	地址：宿迁迎宾大道130号（洋河）。联系电话：199-60268157 / 194-90613214。含自助早餐，菜品丰富。可手机自助入住，无接触开门。前台多语言服务，支持行李寄存。	C100
8386	星程大酒店	地址：宿迁迎宾大道321号（洋河）。联系电话：196-21139513 / 015-51242033。前台多语言服务，支持行李寄存。距车站步行 5 分钟，交通便利。部分房型可俯瞰城市天际线。	C100
8387	璞丽度假酒店	地址：宿迁人民大道313号（洋河）。联系电话：155-19196658 / 048-86463654。客房配备记忆棉床垫，保证舒适睡眠。距车站步行 5 分钟，交通便利。	C100
8388	楠舍酒店	地址：永济中心路283号（永济北）。联系电话：049-74552364 / 132-62681813。距车站步行 5 分钟，交通便利。设有地下停车场与充电桩。含自助早餐，菜品丰富。	C257
8389	星程宾馆	地址：永济和平路110号（永济北）。联系电话：037-71658759 / 057-50683820。设有地下停车场与充电桩。酒店内有健身房和洗衣房，住客免费使用。周边 500 米内即是商场与美食街。距车站步行 5 分钟，交通便利。	C257
8390	枫叶大酒店	地址：永济中心路181号（永济北）。联系电话：185-23788775 / 191-97184946。周边 500 米内即是商场与美食街。设有地下停车场与充电桩。	C257
8391	楠舍度假酒店	地址：芜湖朝阳街355号（弋江）。联系电话：185-14291287 / 045-76903160。周边 500 米内即是商场与美食街。设有地下停车场与充电桩。	C230
8392	花筑宾馆	地址：芜湖和平路149号（弋江）。联系电话：035-38208496 / 138-98820137。距车站步行 5 分钟，交通便利。含自助早餐，菜品丰富。	C230
8393	沐兰精品酒店	地址：延吉和平路2号（延吉西）。联系电话：180-96475301。部分房型可俯瞰城市天际线。距车站步行 5 分钟，交通便利。客房配备记忆棉床垫，保证舒适睡眠。可手机自助入住，无接触开门。	C116
8394	月光大酒店	地址：延吉人民大道14号（延吉西）。联系电话：158-14448268。周边 500 米内即是商场与美食街。提供高速 Wi‑Fi 及 24 小时热水。部分房型可俯瞰城市天际线。前台多语言服务，支持行李寄存。	C116
8395	枫叶酒店	地址：延吉和平路332号（延吉西）。联系电话：016-24239194。可手机自助入住，无接触开门。酒店内有健身房和洗衣房，住客免费使用。距车站步行 5 分钟，交通便利。部分房型可俯瞰城市天际线。	C116
8396	云栖国际酒店	地址：永康人民大道116号（永康南）。联系电话：059-38138131。设有地下停车场与充电桩。可手机自助入住，无接触开门。	C273
8397	桔子酒店	地址：永康解放路117号（永康南）。联系电话：130-89822840 / 137-22105286。可手机自助入住，无接触开门。客房配备记忆棉床垫，保证舒适睡眠。设有地下停车场与充电桩。	C273
8398	悦榕酒店	地址：永康中心路267号（永康南）。联系电话：137-10623051 / 053-85447338。部分房型可俯瞰城市天际线。设有地下停车场与充电桩。提供高速 Wi‑Fi 及 24 小时热水。周边 500 米内即是商场与美食街。	C273
8399	柏栎宾馆	地址：永康建设路242号（永康南）。联系电话：136-55635961 / 182-35364840。设有地下停车场与充电桩。含自助早餐，菜品丰富。周边 500 米内即是商场与美食街。距车站步行 5 分钟，交通便利。	C273
8400	碧桂度假酒店	地址：依兰县人民大道75号（依兰）。联系电话：012-39174886 / 056-37528984。提供高速 Wi‑Fi 及 24 小时热水。客房配备记忆棉床垫，保证舒适睡眠。前台多语言服务，支持行李寄存。	C066
8401	星程酒店	地址：依兰县朝阳街87号（依兰）。联系电话：020-54064284。酒店内有健身房和洗衣房，住客免费使用。前台多语言服务，支持行李寄存。	C066
8402	璞丽精品酒店	地址：依兰县建设路248号（依兰）。联系电话：034-85295677。酒店内有健身房和洗衣房，住客免费使用。周边 500 米内即是商场与美食街。含自助早餐，菜品丰富。可手机自助入住，无接触开门。	C066
8403	锦江宾馆	地址：依兰县中心路344号（依兰）。联系电话：185-32406412。含自助早餐，菜品丰富。前台多语言服务，支持行李寄存。设有地下停车场与充电桩。	C066
8404	悦榕国际酒店	地址：开封中心路390号（运粮河）。联系电话：032-76899098 / 196-84188970。设有地下停车场与充电桩。酒店内有健身房和洗衣房，住客免费使用。	C117
8405	雅致国际酒店	地址：开封建设路164号（运粮河）。联系电话：195-33942755。距车站步行 5 分钟，交通便利。前台多语言服务，支持行李寄存。周边 500 米内即是商场与美食街。	C117
8406	楠舍酒店	地址：炎陵县人民大道109号（炎陵）。联系电话：181-81879051。部分房型可俯瞰城市天际线。可手机自助入住，无接触开门。酒店内有健身房和洗衣房，住客免费使用。含自助早餐，菜品丰富。	C157
8407	云栖精品酒店	地址：炎陵县人民大道276号（炎陵）。联系电话：183-21941659 / 187-49346632。客房配备记忆棉床垫，保证舒适睡眠。酒店内有健身房和洗衣房，住客免费使用。周边 500 米内即是商场与美食街。距车站步行 5 分钟，交通便利。	C157
8408	沐兰酒店	地址：炎陵县和平路265号（炎陵）。联系电话：131-20832579 / 187-56482591。客房配备记忆棉床垫，保证舒适睡眠。周边 500 米内即是商场与美食街。可手机自助入住，无接触开门。	C157
8409	桔子国际酒店	地址：咸阳中心路131号（杨陵南）。联系电话：130-89102200 / 020-59349218。可手机自助入住，无接触开门。含自助早餐，菜品丰富。周边 500 米内即是商场与美食街。距车站步行 5 分钟，交通便利。	C064
8410	柏曼度假酒店	地址：咸阳人民大道325号（杨陵南）。联系电话：023-83470232 / 032-69556617。前台多语言服务，支持行李寄存。酒店内有健身房和洗衣房，住客免费使用。	C064
8411	楠舍精品酒店	地址：咸阳和平路231号（杨陵南）。联系电话：033-37798800 / 033-52736347。设有地下停车场与充电桩。部分房型可俯瞰城市天际线。	C064
8412	丽枫大酒店	地址：咸阳迎宾大道115号（杨陵南）。联系电话：183-78444205 / 156-98092404。提供高速 Wi‑Fi 及 24 小时热水。设有地下停车场与充电桩。酒店内有健身房和洗衣房，住客免费使用。	C064
8413	星程精品酒店	地址：崇州朝阳街99号（羊马）。联系电话：188-81007897。提供高速 Wi‑Fi 及 24 小时热水。设有地下停车场与充电桩。客房配备记忆棉床垫，保证舒适睡眠。	C128
8414	枫叶精品酒店	地址：崇州人民大道249号（羊马）。联系电话：193-16270417。距车站步行 5 分钟，交通便利。部分房型可俯瞰城市天际线。设有地下停车场与充电桩。	C128
8415	梅园大酒店	地址：崇州人民大道251号（羊马）。联系电话：180-75808054。部分房型可俯瞰城市天际线。酒店内有健身房和洗衣房，住客免费使用。设有地下停车场与充电桩。	C128
8416	楠舍大酒店	地址：尚志人民大道255号（一面坡北）。联系电话：046-79613933 / 016-82466292。距车站步行 5 分钟，交通便利。部分房型可俯瞰城市天际线。酒店内有健身房和洗衣房，住客免费使用。含自助早餐，菜品丰富。	C066
8417	柏栎精品酒店	地址：尚志朝阳街252号（一面坡北）。联系电话：154-40730888。前台多语言服务，支持行李寄存。周边 500 米内即是商场与美食街。含自助早餐，菜品丰富。可手机自助入住，无接触开门。	C066
8418	悦榕宾馆	地址：鄂温克族自治旗解放路60号（伊敏）。联系电话：152-20459040。可手机自助入住，无接触开门。距车站步行 5 分钟，交通便利。提供高速 Wi‑Fi 及 24 小时热水。部分房型可俯瞰城市天际线。	C060
8419	璞丽精品酒店	地址：鄂温克族自治旗朝阳街64号（伊敏）。联系电话：152-88898087 / 032-83135788。部分房型可俯瞰城市天际线。设有地下停车场与充电桩。可手机自助入住，无接触开门。	C060
8420	雅致宾馆	地址：鄂温克族自治旗解放路296号（伊敏）。联系电话：030-89716809。客房配备记忆棉床垫，保证舒适睡眠。部分房型可俯瞰城市天际线。距车站步行 5 分钟，交通便利。周边 500 米内即是商场与美食街。	C060
8421	花筑度假酒店	地址：鄂温克族自治旗中心路386号（伊敏）。联系电话：193-96622041。含自助早餐，菜品丰富。前台多语言服务，支持行李寄存。	C060
8422	雅致酒店	地址：郁南县建设路275号（郁南）。联系电话：049-82586917 / 012-78105564。可手机自助入住，无接触开门。部分房型可俯瞰城市天际线。	C021
8423	柏曼国际酒店	地址：郁南县和平路328号（郁南）。联系电话：014-89207315。可手机自助入住，无接触开门。前台多语言服务，支持行李寄存。	C021
8424	枫叶度假酒店	地址：祥云县建设路246号（云南驿）。联系电话：028-58558369 / 154-98812428。提供高速 Wi‑Fi 及 24 小时热水。前台多语言服务，支持行李寄存。设有地下停车场与充电桩。周边 500 米内即是商场与美食街。	C079
8425	璞丽精品酒店	地址：祥云县迎宾大道116号（云南驿）。联系电话：057-74528114。周边 500 米内即是商场与美食街。设有地下停车场与充电桩。部分房型可俯瞰城市天际线。	C079
8426	月光大酒店	地址：祥云县解放路98号（云南驿）。联系电话：028-24094975 / 021-77955730。部分房型可俯瞰城市天际线。距车站步行 5 分钟，交通便利。	C079
8427	锦江宾馆	地址：祥云县迎宾大道209号（云南驿）。联系电话：044-79558208 / 199-98208796。提供高速 Wi‑Fi 及 24 小时热水。设有地下停车场与充电桩。	C079
8428	悦榕宾馆	地址：东莞迎宾大道95号（银瓶）。联系电话：133-82640986 / 137-95403509。提供高速 Wi‑Fi 及 24 小时热水。客房配备记忆棉床垫，保证舒适睡眠。含自助早餐，菜品丰富。	C007
8429	碧桂大酒店	地址：东莞建设路371号（银瓶）。联系电话：183-89096438 / 196-52788425。周边 500 米内即是商场与美食街。酒店内有健身房和洗衣房，住客免费使用。距车站步行 5 分钟，交通便利。提供高速 Wi‑Fi 及 24 小时热水。	C007
8430	柏曼度假酒店	地址：东莞中心路82号（银瓶）。联系电话：019-33611096 / 193-11213025。提供高速 Wi‑Fi 及 24 小时热水。客房配备记忆棉床垫，保证舒适睡眠。前台多语言服务，支持行李寄存。	C007
8431	碧桂宾馆	地址：南平建设路167号（延平西）。联系电话：040-75582741 / 035-56030771。含自助早餐，菜品丰富。可手机自助入住，无接触开门。周边 500 米内即是商场与美食街。客房配备记忆棉床垫，保证舒适睡眠。	C045
8432	桔子精品酒店	地址：南平和平路98号（延平西）。联系电话：152-74962924。客房配备记忆棉床垫，保证舒适睡眠。部分房型可俯瞰城市天际线。	C045
8433	锦江精品酒店	地址：南平中心路62号（延平西）。联系电话：158-12485104 / 045-70785471。酒店内有健身房和洗衣房，住客免费使用。前台多语言服务，支持行李寄存。客房配备记忆棉床垫，保证舒适睡眠。	C045
8434	桔子宾馆	地址：原平朝阳街277号（原平西）。联系电话：131-73783936 / 031-55214835。距车站步行 5 分钟，交通便利。客房配备记忆棉床垫，保证舒适睡眠。酒店内有健身房和洗衣房，住客免费使用。周边 500 米内即是商场与美食街。	C124
8435	枫叶宾馆	地址：原平迎宾大道175号（原平西）。联系电话：136-15628557。前台多语言服务，支持行李寄存。含自助早餐，菜品丰富。客房配备记忆棉床垫，保证舒适睡眠。	C124
8436	碧桂度假酒店	地址：北京迎宾大道129号（雁栖湖）。联系电话：152-37912700。前台多语言服务，支持行李寄存。可手机自助入住，无接触开门。提供高速 Wi‑Fi 及 24 小时热水。部分房型可俯瞰城市天际线。	C039
8437	楠舍酒店	地址：北京中心路188号（雁栖湖）。联系电话：052-59406257 / 026-25233544。提供高速 Wi‑Fi 及 24 小时热水。距车站步行 5 分钟，交通便利。	C039
8438	柏栎国际酒店	地址：北京迎宾大道328号（雁栖湖）。联系电话：045-64799955。酒店内有健身房和洗衣房，住客免费使用。部分房型可俯瞰城市天际线。设有地下停车场与充电桩。距车站步行 5 分钟，交通便利。	C039
8439	雅致精品酒店	地址：北京迎宾大道168号（雁栖湖）。联系电话：024-56811357 / 022-44405229。客房配备记忆棉床垫，保证舒适睡眠。距车站步行 5 分钟，交通便利。	C039
8440	柏曼酒店	地址：邵东县朝阳街371号（杨桥）。联系电话：131-81842040。客房配备记忆棉床垫，保证舒适睡眠。酒店内有健身房和洗衣房，住客免费使用。可手机自助入住，无接触开门。周边 500 米内即是商场与美食街。	C266
8441	星程精品酒店	地址：邵东县建设路372号（杨桥）。联系电话：195-65174449 / 044-33954589。提供高速 Wi‑Fi 及 24 小时热水。含自助早餐，菜品丰富。距车站步行 5 分钟，交通便利。前台多语言服务，支持行李寄存。	C266
8442	丽枫酒店	地址：阳曲县和平路380号（阳曲西）。联系电话：059-42808858 / 052-25047708。提供高速 Wi‑Fi 及 24 小时热水。可手机自助入住，无接触开门。周边 500 米内即是商场与美食街。距车站步行 5 分钟，交通便利。	C083
8443	星程度假酒店	地址：阳曲县建设路69号（阳曲西）。联系电话：018-23852836。酒店内有健身房和洗衣房，住客免费使用。含自助早餐，菜品丰富。	C083
8444	悦榕度假酒店	地址：阳曲县人民大道162号（阳曲西）。联系电话：051-63315070 / 046-49094227。客房配备记忆棉床垫，保证舒适睡眠。周边 500 米内即是商场与美食街。	C083
8445	锦江酒店	地址：阳朔县迎宾大道32号（阳朔）。联系电话：154-57448206。距车站步行 5 分钟，交通便利。可手机自助入住，无接触开门。	C158
8446	碧桂宾馆	地址：阳朔县迎宾大道281号（阳朔）。联系电话：056-59060751 / 024-48556217。提供高速 Wi‑Fi 及 24 小时热水。距车站步行 5 分钟，交通便利。部分房型可俯瞰城市天际线。含自助早餐，菜品丰富。	C158
8447	丽枫大酒店	地址：永寿县中心路264号（永寿）。联系电话：013-26377594 / 051-48409526。含自助早餐，菜品丰富。周边 500 米内即是商场与美食街。酒店内有健身房和洗衣房，住客免费使用。	C064
8448	枫叶大酒店	地址：永寿县和平路219号（永寿）。联系电话：021-56940617。周边 500 米内即是商场与美食街。酒店内有健身房和洗衣房，住客免费使用。	C064
8449	枫叶宾馆	地址：惠州解放路279号（云山）。联系电话：019-24532435。周边 500 米内即是商场与美食街。可手机自助入住，无接触开门。提供高速 Wi‑Fi 及 24 小时热水。	C127
8450	星程精品酒店	地址：惠州和平路308号（云山）。联系电话：055-44527988 / 133-75646921。酒店内有健身房和洗衣房，住客免费使用。前台多语言服务，支持行李寄存。	C127
8451	雅致精品酒店	地址：惠州朝阳街204号（云山）。联系电话：032-49253336 / 138-34497198。酒店内有健身房和洗衣房，住客免费使用。部分房型可俯瞰城市天际线。可手机自助入住，无接触开门。	C127
8452	月光国际酒店	地址：惠州和平路354号（云山）。联系电话：188-67792087。含自助早餐，菜品丰富。部分房型可俯瞰城市天际线。	C127
8453	璞丽国际酒店	地址：玉山县建设路332号（玉山南）。联系电话：133-55357749 / 134-53411051。部分房型可俯瞰城市天际线。客房配备记忆棉床垫，保证舒适睡眠。距车站步行 5 分钟，交通便利。设有地下停车场与充电桩。	C006
8454	柏栎度假酒店	地址：玉山县人民大道393号（玉山南）。联系电话：151-51219061 / 045-52331013。前台多语言服务，支持行李寄存。距车站步行 5 分钟，交通便利。周边 500 米内即是商场与美食街。含自助早餐，菜品丰富。	C006
8455	桔子宾馆	地址：玉山县朝阳街162号（玉山南）。联系电话：192-93752081 / 015-26678394。前台多语言服务，支持行李寄存。可手机自助入住，无接触开门。	C006
8456	锦江国际酒店	地址：玉山县迎宾大道204号（玉山南）。联系电话：042-81656967 / 195-22620116。酒店内有健身房和洗衣房，住客免费使用。可手机自助入住，无接触开门。前台多语言服务，支持行李寄存。	C006
8457	云栖精品酒店	地址：龙岩建设路100号（雁石南）。联系电话：030-44646298 / 198-33386490。提供高速 Wi‑Fi 及 24 小时热水。酒店内有健身房和洗衣房，住客免费使用。部分房型可俯瞰城市天际线。含自助早餐，菜品丰富。	C315
8458	沐兰酒店	地址：龙岩朝阳街293号（雁石南）。联系电话：134-30822557 / 181-90060646。距车站步行 5 分钟，交通便利。酒店内有健身房和洗衣房，住客免费使用。	C315
8459	柏栎大酒店	地址：永泰县人民大道190号（永泰）。联系电话：153-34132330。部分房型可俯瞰城市天际线。设有地下停车场与充电桩。客房配备记忆棉床垫，保证舒适睡眠。可手机自助入住，无接触开门。	C221
8460	楠舍国际酒店	地址：永泰县解放路302号（永泰）。联系电话：189-20649415 / 044-81602858。提供高速 Wi‑Fi 及 24 小时热水。可手机自助入住，无接触开门。前台多语言服务，支持行李寄存。	C221
8461	花筑精品酒店	地址：永泰县和平路277号（永泰）。联系电话：191-29908206。含自助早餐，菜品丰富。周边 500 米内即是商场与美食街。	C221
8462	枫叶度假酒店	地址：儋州中心路263号（银滩）。联系电话：038-54211346。可手机自助入住，无接触开门。距车站步行 5 分钟，交通便利。	C029
8463	柏栎度假酒店	地址：儋州解放路138号（银滩）。联系电话：191-46704843。可手机自助入住，无接触开门。设有地下停车场与充电桩。提供高速 Wi‑Fi 及 24 小时热水。	C029
8464	楠舍国际酒店	地址：贵溪人民大道73号（鹰潭北）。联系电话：057-30789066。提供高速 Wi‑Fi 及 24 小时热水。设有地下停车场与充电桩。部分房型可俯瞰城市天际线。	C306
8465	碧桂宾馆	地址：贵溪解放路221号（鹰潭北）。联系电话：052-68618581 / 027-88820617。提供高速 Wi‑Fi 及 24 小时热水。部分房型可俯瞰城市天际线。前台多语言服务，支持行李寄存。客房配备记忆棉床垫，保证舒适睡眠。	C306
8466	楠舍大酒店	地址：贵溪建设路169号（鹰潭北）。联系电话：191-26305120 / 139-91088460。周边 500 米内即是商场与美食街。含自助早餐，菜品丰富。部分房型可俯瞰城市天际线。	C306
8467	碧桂宾馆	地址：贵溪和平路2号（鹰潭北）。联系电话：059-79317500。部分房型可俯瞰城市天际线。含自助早餐，菜品丰富。距车站步行 5 分钟，交通便利。设有地下停车场与充电桩。	C306
8468	梅园宾馆	地址：烟台人民大道109号（烟台南）。联系电话：130-35158190。部分房型可俯瞰城市天际线。提供高速 Wi‑Fi 及 24 小时热水。含自助早餐，菜品丰富。距车站步行 5 分钟，交通便利。	C205
8469	桔子酒店	地址：烟台中心路388号（烟台南）。联系电话：046-76444567。可手机自助入住，无接触开门。周边 500 米内即是商场与美食街。提供高速 Wi‑Fi 及 24 小时热水。	C205
8470	璞丽宾馆	地址：烟台朝阳街323号（烟台南）。联系电话：188-18734983 / 053-69393258。可手机自助入住，无接触开门。前台多语言服务，支持行李寄存。酒店内有健身房和洗衣房，住客免费使用。	C205
8471	柏栎国际酒店	地址：烟台建设路47号（烟台南）。联系电话：035-45708922。提供高速 Wi‑Fi 及 24 小时热水。设有地下停车场与充电桩。客房配备记忆棉床垫，保证舒适睡眠。	C205
8472	碧桂国际酒店	地址：伊通满族自治县和平路320号（伊通）。联系电话：133-11199936 / 181-55357676。含自助早餐，菜品丰富。可手机自助入住，无接触开门。	C073
8473	沐兰度假酒店	地址：伊通满族自治县朝阳街245号（伊通）。联系电话：159-70449374 / 155-31604484。提供高速 Wi‑Fi 及 24 小时热水。部分房型可俯瞰城市天际线。客房配备记忆棉床垫，保证舒适睡眠。	C073
8474	花筑精品酒店	地址：烟台建设路14号（烟台西）。联系电话：194-32257211。可手机自助入住，无接触开门。设有地下停车场与充电桩。	C205
8475	悦榕大酒店	地址：烟台和平路259号（烟台西）。联系电话：039-47562845 / 199-82948556。可手机自助入住，无接触开门。客房配备记忆棉床垫，保证舒适睡眠。部分房型可俯瞰城市天际线。	C205
8476	月光度假酒店	地址：烟台迎宾大道97号（烟台西）。联系电话：029-47547272。设有地下停车场与充电桩。距车站步行 5 分钟，交通便利。含自助早餐，菜品丰富。	C205
8477	沐兰精品酒店	地址：烟台人民大道386号（烟台西）。联系电话：051-78294988 / 151-30624494。设有地下停车场与充电桩。含自助早餐，菜品丰富。	C205
8478	梅园国际酒店	地址：尤溪县解放路194号（尤溪）。联系电话：045-49460755 / 157-85331223。可手机自助入住，无接触开门。酒店内有健身房和洗衣房，住客免费使用。	C003
8479	沐兰大酒店	地址：尤溪县迎宾大道326号（尤溪）。联系电话：010-34653131 / 158-55952077。部分房型可俯瞰城市天际线。距车站步行 5 分钟，交通便利。含自助早餐，菜品丰富。可手机自助入住，无接触开门。	C003
8480	月光宾馆	地址：云霄县人民大道383号（云霄）。联系电话：023-58079545。客房配备记忆棉床垫，保证舒适睡眠。前台多语言服务，支持行李寄存。提供高速 Wi‑Fi 及 24 小时热水。	C201
8481	悦榕大酒店	地址：云霄县解放路8号（云霄）。联系电话：156-48122263 / 188-84978053。设有地下停车场与充电桩。距车站步行 5 分钟，交通便利。可手机自助入住，无接触开门。客房配备记忆棉床垫，保证舒适睡眠。	C201
8482	柏栎度假酒店	地址：云霄县解放路355号（云霄）。联系电话：188-74023319。可手机自助入住，无接触开门。设有地下停车场与充电桩。周边 500 米内即是商场与美食街。	C201
8483	桔子精品酒店	地址：宜兴朝阳街158号（宜兴）。联系电话：019-52238222 / 136-11803310。可手机自助入住，无接触开门。酒店内有健身房和洗衣房，住客免费使用。客房配备记忆棉床垫，保证舒适睡眠。	C139
8484	柏栎国际酒店	地址：宜兴中心路340号（宜兴）。联系电话：044-78511141 / 159-28856585。客房配备记忆棉床垫，保证舒适睡眠。前台多语言服务，支持行李寄存。距车站步行 5 分钟，交通便利。设有地下停车场与充电桩。	C139
8485	楠舍酒店	地址：玉溪解放路29号（玉溪）。联系电话：133-89733323。距车站步行 5 分钟，交通便利。含自助早餐，菜品丰富。可手机自助入住，无接触开门。周边 500 米内即是商场与美食街。	C209
8486	柏栎大酒店	地址：玉溪朝阳街129号（玉溪）。联系电话：185-91251491。部分房型可俯瞰城市天际线。周边 500 米内即是商场与美食街。	C209
8487	锦江国际酒店	地址：玉溪建设路101号（玉溪）。联系电话：020-35931130 / 037-57030093。距车站步行 5 分钟，交通便利。周边 500 米内即是商场与美食街。提供高速 Wi‑Fi 及 24 小时热水。客房配备记忆棉床垫，保证舒适睡眠。	C209
8488	锦江酒店	地址：应县朝阳街384号（应县）。联系电话：013-83164633。含自助早餐，菜品丰富。可手机自助入住，无接触开门。设有地下停车场与充电桩。客房配备记忆棉床垫，保证舒适睡眠。	C149
8489	云栖大酒店	地址：应县人民大道230号（应县）。联系电话：041-64674457。距车站步行 5 分钟，交通便利。提供高速 Wi‑Fi 及 24 小时热水。	C149
8490	璞丽大酒店	地址：阳信县人民大道352号（阳信）。联系电话：199-88377159。可手机自助入住，无接触开门。周边 500 米内即是商场与美食街。距车站步行 5 分钟，交通便利。客房配备记忆棉床垫，保证舒适睡眠。	C199
8491	星程国际酒店	地址：阳信县中心路43号（阳信）。联系电话：194-30372447。设有地下停车场与充电桩。周边 500 米内即是商场与美食街。客房配备记忆棉床垫，保证舒适睡眠。	C199
8492	雅致国际酒店	地址：阳信县建设路224号（阳信）。联系电话：019-34228355 / 037-69849362。提供高速 Wi‑Fi 及 24 小时热水。距车站步行 5 分钟，交通便利。	C199
8493	碧桂国际酒店	地址：阳信县解放路282号（阳信）。联系电话：151-62498675。部分房型可俯瞰城市天际线。设有地下停车场与充电桩。提供高速 Wi‑Fi 及 24 小时热水。含自助早餐，菜品丰富。	C199
8494	桔子酒店	地址：攸县中心路340号（攸县南）。联系电话：021-31021274。周边 500 米内即是商场与美食街。客房配备记忆棉床垫，保证舒适睡眠。提供高速 Wi‑Fi 及 24 小时热水。部分房型可俯瞰城市天际线。	C157
8495	桔子宾馆	地址：攸县和平路187号（攸县南）。联系电话：135-98909119。提供高速 Wi‑Fi 及 24 小时热水。酒店内有健身房和洗衣房，住客免费使用。设有地下停车场与充电桩。	C157
8496	梅园酒店	地址：洋县朝阳街311号（洋县西）。联系电话：043-51000037 / 024-63658353。周边 500 米内即是商场与美食街。可手机自助入住，无接触开门。	C167
8497	梅园酒店	地址：洋县解放路225号（洋县西）。联系电话：195-67450346。提供高速 Wi‑Fi 及 24 小时热水。设有地下停车场与充电桩。周边 500 米内即是商场与美食街。	C167
8498	柏栎度假酒店	地址：洋县迎宾大道308号（洋县西）。联系电话：151-77067682。周边 500 米内即是商场与美食街。含自助早餐，菜品丰富。客房配备记忆棉床垫，保证舒适睡眠。可手机自助入住，无接触开门。	C167
8499	梅园国际酒店	地址：义县建设路328号（义县西）。联系电话：043-33936853。部分房型可俯瞰城市天际线。设有地下停车场与充电桩。含自助早餐，菜品丰富。距车站步行 5 分钟，交通便利。	C281
8500	碧桂大酒店	地址：义县建设路303号（义县西）。联系电话：185-55174661 / 038-70329528。含自助早餐，菜品丰富。酒店内有健身房和洗衣房，住客免费使用。	C281
8501	楠舍酒店	地址：义县解放路243号（义县西）。联系电话：036-60808295 / 131-41160782。客房配备记忆棉床垫，保证舒适睡眠。酒店内有健身房和洗衣房，住客免费使用。	C281
8502	碧桂国际酒店	地址：余姚市人民大道123号（余姚北）。联系电话：154-20354799 / 058-30715516。可手机自助入住，无接触开门。前台多语言服务，支持行李寄存。周边 500 米内即是商场与美食街。	C088
8503	柏曼大酒店	地址：余姚市朝阳街231号（余姚北）。联系电话：135-69932756 / 159-68387108。部分房型可俯瞰城市天际线。提供高速 Wi‑Fi 及 24 小时热水。距车站步行 5 分钟，交通便利。	C088
8504	锦江酒店	地址：余姚市和平路218号（余姚北）。联系电话：130-12738472 / 048-53279671。前台多语言服务，支持行李寄存。部分房型可俯瞰城市天际线。含自助早餐，菜品丰富。周边 500 米内即是商场与美食街。	C088
8505	碧桂国际酒店	地址：余姚市人民大道47号（余姚北）。联系电话：046-27306221。距车站步行 5 分钟，交通便利。部分房型可俯瞰城市天际线。	C088
8506	花筑酒店	地址：榆中县人民大道99号（榆中）。联系电话：048-41335945。设有地下停车场与充电桩。前台多语言服务，支持行李寄存。客房配备记忆棉床垫，保证舒适睡眠。可手机自助入住，无接触开门。	C034
8507	雅致精品酒店	地址：榆中县建设路218号（榆中）。联系电话：027-57883103。客房配备记忆棉床垫，保证舒适睡眠。提供高速 Wi‑Fi 及 24 小时热水。含自助早餐，菜品丰富。前台多语言服务，支持行李寄存。	C034
8508	锦江精品酒店	地址：榆中县人民大道117号（榆中）。联系电话：031-88254687 / 021-29674847。含自助早餐，菜品丰富。提供高速 Wi‑Fi 及 24 小时热水。酒店内有健身房和洗衣房，住客免费使用。前台多语言服务，支持行李寄存。	C034
8509	丽枫国际酒店	地址：榆中县和平路23号（榆中）。联系电话：184-44989368。提供高速 Wi‑Fi 及 24 小时热水。含自助早餐，菜品丰富。可手机自助入住，无接触开门。部分房型可俯瞰城市天际线。	C034
8510	璞丽国际酒店	地址：诏安县朝阳街58号（诏安）。联系电话：194-39982127。可手机自助入住，无接触开门。提供高速 Wi‑Fi 及 24 小时热水。距车站步行 5 分钟，交通便利。周边 500 米内即是商场与美食街。	C201
8511	梅园大酒店	地址：诏安县解放路71号（诏安）。联系电话：194-53849928。前台多语言服务，支持行李寄存。提供高速 Wi‑Fi 及 24 小时热水。	C201
8512	沐兰酒店	地址：诏安县中心路144号（诏安）。联系电话：188-61259294。客房配备记忆棉床垫，保证舒适睡眠。酒店内有健身房和洗衣房，住客免费使用。可手机自助入住，无接触开门。	C201
8513	桔子度假酒店	地址：诏安县中心路169号（诏安）。联系电话：186-34983067。提供高速 Wi‑Fi 及 24 小时热水。酒店内有健身房和洗衣房，住客免费使用。	C201
8514	雅致国际酒店	地址：淄博朝阳街210号（淄博北）。联系电话：056-59707074。设有地下停车场与充电桩。距车站步行 5 分钟，交通便利。可手机自助入住，无接触开门。	C186
8515	锦江国际酒店	地址：淄博中心路121号（淄博北）。联系电话：139-83793964 / 156-82261764。含自助早餐，菜品丰富。设有地下停车场与充电桩。	C186
8516	楠舍宾馆	地址：淄博建设路265号（淄博北）。联系电话：181-12694249。距车站步行 5 分钟，交通便利。含自助早餐，菜品丰富。酒店内有健身房和洗衣房，住客免费使用。	C186
8517	楠舍酒店	地址：淄博和平路343号（淄博北）。联系电话：042-67226671。提供高速 Wi‑Fi 及 24 小时热水。部分房型可俯瞰城市天际线。	C186
8518	月光精品酒店	地址：正定县建设路128号（正定机场）。联系电话：198-31539821 / 012-40841468。含自助早餐，菜品丰富。酒店内有健身房和洗衣房，住客免费使用。前台多语言服务，支持行李寄存。距车站步行 5 分钟，交通便利。	C220
8519	柏栎度假酒店	地址：正定县和平路234号（正定机场）。联系电话：036-68482241 / 199-39273255。前台多语言服务，支持行李寄存。可手机自助入住，无接触开门。客房配备记忆棉床垫，保证舒适睡眠。	C220
8520	悦榕精品酒店	地址：吉木萨尔县建设路107号（准东）。联系电话：195-13586192 / 031-72969081。可手机自助入住，无接触开门。含自助早餐，菜品丰富。周边 500 米内即是商场与美食街。客房配备记忆棉床垫，保证舒适睡眠。	C143
8521	花筑宾馆	地址：吉木萨尔县中心路228号（准东）。联系电话：045-51838701 / 045-31685543。前台多语言服务，支持行李寄存。含自助早餐，菜品丰富。可手机自助入住，无接触开门。距车站步行 5 分钟，交通便利。	C143
8522	梅园精品酒店	地址：吉木萨尔县中心路191号（准东）。联系电话：151-90613704。设有地下停车场与充电桩。周边 500 米内即是商场与美食街。前台多语言服务，支持行李寄存。	C143
8523	柏栎酒店	地址：武汉人民大道330号（纸坊东）。联系电话：034-39791401 / 194-60074281。设有地下停车场与充电桩。酒店内有健身房和洗衣房，住客免费使用。客房配备记忆棉床垫，保证舒适睡眠。距车站步行 5 分钟，交通便利。	C164
8524	悦榕宾馆	地址：武汉解放路166号（纸坊东）。联系电话：045-79239943 / 020-38932361。设有地下停车场与充电桩。周边 500 米内即是商场与美食街。客房配备记忆棉床垫，保证舒适睡眠。提供高速 Wi‑Fi 及 24 小时热水。	C164
8525	楠舍国际酒店	地址：武汉中心路234号（纸坊东）。联系电话：130-46026643。可手机自助入住，无接触开门。提供高速 Wi‑Fi 及 24 小时热水。前台多语言服务，支持行李寄存。部分房型可俯瞰城市天际线。	C164
8526	月光精品酒店	地址：武汉和平路380号（纸坊东）。联系电话：185-55400916 / 035-52877878。部分房型可俯瞰城市天际线。周边 500 米内即是商场与美食街。客房配备记忆棉床垫，保证舒适睡眠。提供高速 Wi‑Fi 及 24 小时热水。	C164
8527	星程国际酒店	地址：准格尔旗朝阳街82号（准格尔）。联系电话：021-85475678。含自助早餐，菜品丰富。距车站步行 5 分钟，交通便利。	C269
8528	梅园精品酒店	地址：准格尔旗人民大道82号（准格尔）。联系电话：011-70099004。提供高速 Wi‑Fi 及 24 小时热水。酒店内有健身房和洗衣房，住客免费使用。部分房型可俯瞰城市天际线。	C269
8529	楠舍国际酒店	地址：庄河朝阳街224号（庄河北）。联系电话：021-59410337 / 022-57263558。部分房型可俯瞰城市天际线。可手机自助入住，无接触开门。周边 500 米内即是商场与美食街。	C080
8530	丽枫精品酒店	地址：庄河建设路276号（庄河北）。联系电话：134-32366609。距车站步行 5 分钟，交通便利。含自助早餐，菜品丰富。前台多语言服务，支持行李寄存。部分房型可俯瞰城市天际线。	C080
8531	花筑宾馆	地址：庄河和平路373号（庄河北）。联系电话：189-30355071。客房配备记忆棉床垫，保证舒适睡眠。可手机自助入住，无接触开门。距车站步行 5 分钟，交通便利。	C080
8532	云栖大酒店	地址：广元中心路269号（昭化）。联系电话：041-79509092。提供高速 Wi‑Fi 及 24 小时热水。前台多语言服务，支持行李寄存。设有地下停车场与充电桩。	C110
8533	星程度假酒店	地址：广元和平路159号（昭化）。联系电话：139-99531242 / 131-85303698。酒店内有健身房和洗衣房，住客免费使用。含自助早餐，菜品丰富。提供高速 Wi‑Fi 及 24 小时热水。周边 500 米内即是商场与美食街。	C110
8534	云栖酒店	地址：广元中心路72号（昭化）。联系电话：150-95723278。客房配备记忆棉床垫，保证舒适睡眠。可手机自助入住，无接触开门。酒店内有健身房和洗衣房，住客免费使用。	C110
8535	楠舍精品酒店	地址：广元迎宾大道342号（昭化）。联系电话：197-95115241。周边 500 米内即是商场与美食街。前台多语言服务，支持行李寄存。含自助早餐，菜品丰富。提供高速 Wi‑Fi 及 24 小时热水。	C110
8536	柏栎酒店	地址：织金县和平路235号（织金北）。联系电话：191-92173630 / 058-51275754。提供高速 Wi‑Fi 及 24 小时热水。部分房型可俯瞰城市天际线。可手机自助入住，无接触开门。	C165
8537	桔子大酒店	地址：织金县人民大道167号（织金北）。联系电话：025-20016319 / 027-36745704。可手机自助入住，无接触开门。酒店内有健身房和洗衣房，住客免费使用。部分房型可俯瞰城市天际线。周边 500 米内即是商场与美食街。	C165
8538	柏曼大酒店	地址：张家川回族自治县中心路196号（张家川）。联系电话：190-41531015 / 044-82405462。周边 500 米内即是商场与美食街。可手机自助入住，无接触开门。	C081
8539	楠舍精品酒店	地址：张家川回族自治县和平路202号（张家川）。联系电话：028-51607123。距车站步行 5 分钟，交通便利。客房配备记忆棉床垫，保证舒适睡眠。前台多语言服务，支持行李寄存。	C081
8540	云栖宾馆	地址：芷江侗族自治县迎宾大道355号（芷江）。联系电话：019-35349602 / 013-48892550。酒店内有健身房和洗衣房，住客免费使用。含自助早餐，菜品丰富。可手机自助入住，无接触开门。	C125
8541	璞丽酒店	地址：芷江侗族自治县朝阳街372号（芷江）。联系电话：196-74619626 / 189-59911410。部分房型可俯瞰城市天际线。酒店内有健身房和洗衣房，住客免费使用。可手机自助入住，无接触开门。	C125
8542	梅园度假酒店	地址：芷江侗族自治县中心路82号（芷江）。联系电话：182-94919226 / 159-92892711。设有地下停车场与充电桩。含自助早餐，菜品丰富。	C125
8543	璞丽大酒店	地址：芷江侗族自治县迎宾大道356号（芷江）。联系电话：032-82644467 / 136-97801818。含自助早餐，菜品丰富。酒店内有健身房和洗衣房，住客免费使用。	C125
8544	楠舍宾馆	地址：织金县解放路211号（织金）。联系电话：181-69316444。提供高速 Wi‑Fi 及 24 小时热水。设有地下停车场与充电桩。客房配备记忆棉床垫，保证舒适睡眠。	C165
8545	枫叶精品酒店	地址：织金县迎宾大道22号（织金）。联系电话：180-81560239。酒店内有健身房和洗衣房，住客免费使用。设有地下停车场与充电桩。提供高速 Wi‑Fi 及 24 小时热水。前台多语言服务，支持行李寄存。	C165
8546	碧桂大酒店	地址：织金县中心路270号（织金）。联系电话：035-45719395。可手机自助入住，无接触开门。设有地下停车场与充电桩。距车站步行 5 分钟，交通便利。	C165
8547	梅园大酒店	地址：织金县人民大道357号（织金）。联系电话：013-69090279 / 134-25800992。可手机自助入住，无接触开门。周边 500 米内即是商场与美食街。	C165
8548	月光国际酒店	地址：张家口解放路354号（张家口南）。联系电话：029-36079999 / 158-66143694。周边 500 米内即是商场与美食街。设有地下停车场与充电桩。距车站步行 5 分钟，交通便利。	C118
8549	枫叶大酒店	地址：张家口建设路26号（张家口南）。联系电话：130-87285426 / 131-83903878。周边 500 米内即是商场与美食街。可手机自助入住，无接触开门。	C118
8550	花筑大酒店	地址：张家口人民大道251号（张家口南）。联系电话：016-47429681。提供高速 Wi‑Fi 及 24 小时热水。距车站步行 5 分钟，交通便利。周边 500 米内即是商场与美食街。	C118
8551	星程精品酒店	地址：惠州解放路384号（仲恺）。联系电话：136-11550382。设有地下停车场与充电桩。距车站步行 5 分钟，交通便利。	C127
8552	璞丽精品酒店	地址：惠州和平路91号（仲恺）。联系电话：151-10142721。部分房型可俯瞰城市天际线。含自助早餐，菜品丰富。距车站步行 5 分钟，交通便利。提供高速 Wi‑Fi 及 24 小时热水。	C127
8553	柏曼酒店	地址：惠州人民大道349号（仲恺）。联系电话：017-55757543 / 022-59188072。提供高速 Wi‑Fi 及 24 小时热水。含自助早餐，菜品丰富。周边 500 米内即是商场与美食街。	C127
8554	柏曼酒店	地址：惠州朝阳街391号（仲恺）。联系电话：042-29764941。可手机自助入住，无接触开门。部分房型可俯瞰城市天际线。酒店内有健身房和洗衣房，住客免费使用。设有地下停车场与充电桩。	C127
8555	月光酒店	地址：巴中建设路138号（曾口）。联系电话：056-39192733。周边 500 米内即是商场与美食街。含自助早餐，菜品丰富。	C103
8556	月光国际酒店	地址：巴中迎宾大道199号（曾口）。联系电话：194-30322113。客房配备记忆棉床垫，保证舒适睡眠。设有地下停车场与充电桩。提供高速 Wi‑Fi 及 24 小时热水。	C103
8557	梅园精品酒店	地址：巴中和平路243号（曾口）。联系电话：159-43237922。距车站步行 5 分钟，交通便利。周边 500 米内即是商场与美食街。	C103
8558	悦榕酒店	地址：巴中人民大道214号（曾口）。联系电话：039-21368797。设有地下停车场与充电桩。酒店内有健身房和洗衣房，住客免费使用。客房配备记忆棉床垫，保证舒适睡眠。	C103
8559	枫叶大酒店	地址：广南县建设路357号（珠琳）。联系电话：056-22994053。周边 500 米内即是商场与美食街。客房配备记忆棉床垫，保证舒适睡眠。	C136
8560	沐兰大酒店	地址：广南县迎宾大道170号（珠琳）。联系电话：197-64119733。客房配备记忆棉床垫，保证舒适睡眠。酒店内有健身房和洗衣房，住客免费使用。	C136
8561	悦榕度假酒店	地址：武汉迎宾大道112号（左岭）。联系电话：015-87242708。距车站步行 5 分钟，交通便利。周边 500 米内即是商场与美食街。含自助早餐，菜品丰富。	C164
8562	桔子度假酒店	地址：武汉朝阳街196号（左岭）。联系电话：192-68537303 / 038-55277045。客房配备记忆棉床垫，保证舒适睡眠。提供高速 Wi‑Fi 及 24 小时热水。部分房型可俯瞰城市天际线。可手机自助入住，无接触开门。	C164
8563	悦榕精品酒店	地址：武汉朝阳街29号（左岭）。联系电话：044-58929653 / 191-99741423。提供高速 Wi‑Fi 及 24 小时热水。部分房型可俯瞰城市天际线。	C164
8564	沐兰精品酒店	地址：武汉解放路238号（左岭）。联系电话：021-30541233 / 154-11997318。周边 500 米内即是商场与美食街。酒店内有健身房和洗衣房，住客免费使用。	C164
8565	丽枫国际酒店	地址：东莞人民大道31号（樟木头东）。联系电话：015-48628894 / 037-55957197。距车站步行 5 分钟，交通便利。设有地下停车场与充电桩。前台多语言服务，支持行李寄存。	C007
8566	柏曼宾馆	地址：东莞中心路6号（樟木头东）。联系电话：197-84565909 / 020-87539900。酒店内有健身房和洗衣房，住客免费使用。客房配备记忆棉床垫，保证舒适睡眠。距车站步行 5 分钟，交通便利。	C007
8567	桔子宾馆	地址：东莞人民大道277号（樟木头东）。联系电话：187-60562113。前台多语言服务，支持行李寄存。客房配备记忆棉床垫，保证舒适睡眠。设有地下停车场与充电桩。酒店内有健身房和洗衣房，住客免费使用。	C007
8568	悦榕精品酒店	地址：东莞朝阳街309号（樟木头东）。联系电话：185-47091712 / 010-58679250。距车站步行 5 分钟，交通便利。前台多语言服务，支持行李寄存。提供高速 Wi‑Fi 及 24 小时热水。	C007
8569	碧桂酒店	地址：驻马店人民大道284号（驻马店西）。联系电话：019-58794717 / 158-56801816。设有地下停车场与充电桩。距车站步行 5 分钟，交通便利。	C302
8570	枫叶度假酒店	地址：驻马店朝阳街68号（驻马店西）。联系电话：195-15702729。部分房型可俯瞰城市天际线。可手机自助入住，无接触开门。	C302
8571	锦江度假酒店	地址：驻马店解放路145号（驻马店西）。联系电话：198-55252747 / 153-24377602。设有地下停车场与充电桩。含自助早餐，菜品丰富。	C302
8572	星程精品酒店	地址：驻马店朝阳街251号（驻马店西）。联系电话：182-26403313。客房配备记忆棉床垫，保证舒适睡眠。可手机自助入住，无接触开门。含自助早餐，菜品丰富。	C302
8573	璞丽宾馆	地址：滨州建设路323号（邹平）。联系电话：034-58638338。客房配备记忆棉床垫，保证舒适睡眠。周边 500 米内即是商场与美食街。	C199
8574	梅园度假酒店	地址：滨州中心路120号（邹平）。联系电话：028-30987546。可手机自助入住，无接触开门。提供高速 Wi‑Fi 及 24 小时热水。	C199
8575	花筑酒店	地址：滨州解放路345号（邹平）。联系电话：198-42063630。设有地下停车场与充电桩。距车站步行 5 分钟，交通便利。前台多语言服务，支持行李寄存。	C199
8576	锦江度假酒店	地址：滨州人民大道53号（邹平）。联系电话：053-65250170。前台多语言服务，支持行李寄存。含自助早餐，菜品丰富。	C199
8577	丽枫大酒店	地址：漳浦县建设路164号（漳浦）。联系电话：180-36653715 / 196-41245754。可手机自助入住，无接触开门。含自助早餐，菜品丰富。前台多语言服务，支持行李寄存。	C201
8578	星程大酒店	地址：漳浦县人民大道233号（漳浦）。联系电话：130-45484398。距车站步行 5 分钟，交通便利。前台多语言服务，支持行李寄存。客房配备记忆棉床垫，保证舒适睡眠。	C201
8579	沐兰度假酒店	地址：漳浦县建设路136号（漳浦）。联系电话：139-82405567。距车站步行 5 分钟，交通便利。周边 500 米内即是商场与美食街。	C201
8580	云栖大酒店	地址：漳浦县朝阳街56号（漳浦）。联系电话：014-58335881。距车站步行 5 分钟，交通便利。周边 500 米内即是商场与美食街。部分房型可俯瞰城市天际线。	C201
8581	星程酒店	地址：漳平和平路30号（漳平西）。联系电话：198-22443308。客房配备记忆棉床垫，保证舒适睡眠。周边 500 米内即是商场与美食街。	C315
8582	柏栎酒店	地址：漳平和平路145号（漳平西）。联系电话：180-50801508。周边 500 米内即是商场与美食街。提供高速 Wi‑Fi 及 24 小时热水。客房配备记忆棉床垫，保证舒适睡眠。可手机自助入住，无接触开门。	C315
8583	枫叶大酒店	地址：济南解放路247号（章丘北）。联系电话：012-50239378 / 186-25150054。部分房型可俯瞰城市天际线。可手机自助入住，无接触开门。周边 500 米内即是商场与美食街。	C180
8584	桔子度假酒店	地址：济南中心路392号（章丘北）。联系电话：036-64327774 / 038-64422828。提供高速 Wi‑Fi 及 24 小时热水。距车站步行 5 分钟，交通便利。前台多语言服务，支持行李寄存。部分房型可俯瞰城市天际线。	C180
8585	月光国际酒店	地址：肇庆建设路279号（肇庆东）。联系电话：019-29408384。周边 500 米内即是商场与美食街。客房配备记忆棉床垫，保证舒适睡眠。	C228
8586	星程大酒店	地址：肇庆和平路330号（肇庆东）。联系电话：154-35706800。可手机自助入住，无接触开门。酒店内有健身房和洗衣房，住客免费使用。周边 500 米内即是商场与美食街。设有地下停车场与充电桩。	C228
8587	沐兰精品酒店	地址：宁波中心路299号（庄桥）。联系电话：054-60034802 / 013-66403698。可手机自助入住，无接触开门。距车站步行 5 分钟，交通便利。设有地下停车场与充电桩。前台多语言服务，支持行李寄存。	C088
8588	璞丽宾馆	地址：宁波迎宾大道233号（庄桥）。联系电话：057-29039013。距车站步行 5 分钟，交通便利。提供高速 Wi‑Fi 及 24 小时热水。	C088
8589	柏曼精品酒店	地址：宁波建设路273号（庄桥）。联系电话：130-21893136 / 045-22074618。可手机自助入住，无接触开门。周边 500 米内即是商场与美食街。	C088
8590	星程宾馆	地址：宁波中心路243号（庄桥）。联系电话：010-71696706 / 039-80461088。客房配备记忆棉床垫，保证舒适睡眠。可手机自助入住，无接触开门。	C088
8591	花筑大酒店	地址：湘潭朝阳街319号（昭山）。联系电话：192-50180941。客房配备记忆棉床垫，保证舒适睡眠。酒店内有健身房和洗衣房，住客免费使用。	C195
8592	锦江国际酒店	地址：湘潭迎宾大道262号（昭山）。联系电话：042-64113566。部分房型可俯瞰城市天际线。酒店内有健身房和洗衣房，住客免费使用。	C195
8593	雅致宾馆	地址：湘潭和平路178号（昭山）。联系电话：159-81896232。周边 500 米内即是商场与美食街。含自助早餐，菜品丰富。	C195
8594	楠舍精品酒店	地址：湘潭中心路366号（昭山）。联系电话：183-58513587。部分房型可俯瞰城市天际线。前台多语言服务，支持行李寄存。提供高速 Wi‑Fi 及 24 小时热水。周边 500 米内即是商场与美食街。	C195
8595	璞丽大酒店	地址：钟山县中心路259号（钟山西）。联系电话：049-70482507 / 053-82249200。酒店内有健身房和洗衣房，住客免费使用。客房配备记忆棉床垫，保证舒适睡眠。提供高速 Wi‑Fi 及 24 小时热水。部分房型可俯瞰城市天际线。	C250
8596	花筑度假酒店	地址：钟山县迎宾大道16号（钟山西）。联系电话：039-87246768。客房配备记忆棉床垫，保证舒适睡眠。设有地下停车场与充电桩。含自助早餐，菜品丰富。可手机自助入住，无接触开门。	C250
8597	柏曼度假酒店	地址：铜仁中心路385号（朱砂古镇）。联系电话：046-63105062。可手机自助入住，无接触开门。周边 500 米内即是商场与美食街。	C277
8598	丽枫国际酒店	地址：铜仁和平路111号（朱砂古镇）。联系电话：191-56167353。客房配备记忆棉床垫，保证舒适睡眠。设有地下停车场与充电桩。提供高速 Wi‑Fi 及 24 小时热水。	C277
8599	梅园宾馆	地址：漳县人民大道2号（漳县）。联系电话：057-70464435 / 158-26500072。前台多语言服务，支持行李寄存。酒店内有健身房和洗衣房，住客免费使用。设有地下停车场与充电桩。可手机自助入住，无接触开门。	C093
8600	雅致国际酒店	地址：漳县朝阳街338号（漳县）。联系电话：057-71565923。含自助早餐，菜品丰富。部分房型可俯瞰城市天际线。设有地下停车场与充电桩。	C093
8601	雅致国际酒店	地址：漳县建设路373号（漳县）。联系电话：158-82069884。客房配备记忆棉床垫，保证舒适睡眠。可手机自助入住，无接触开门。	C093
8602	碧桂宾馆	地址：漳县中心路120号（漳县）。联系电话：040-25837915 / 043-77515014。客房配备记忆棉床垫，保证舒适睡眠。前台多语言服务，支持行李寄存。提供高速 Wi‑Fi 及 24 小时热水。	C093
8603	桔子度假酒店	地址：资阳建设路349号（资阳北）。联系电话：013-26578819 / 195-71662981。距车站步行 5 分钟，交通便利。前台多语言服务，支持行李寄存。	C251
8604	月光宾馆	地址：资阳和平路13号（资阳北）。联系电话：158-74227676 / 043-25367802。距车站步行 5 分钟，交通便利。周边 500 米内即是商场与美食街。前台多语言服务，支持行李寄存。可手机自助入住，无接触开门。	C251
8605	锦江宾馆	地址：遵义朝阳街199号（遵义）。联系电话：132-63092611 / 014-59425887。距车站步行 5 分钟，交通便利。客房配备记忆棉床垫，保证舒适睡眠。	C262
8606	柏曼精品酒店	地址：遵义迎宾大道75号（遵义）。联系电话：041-80235529。周边 500 米内即是商场与美食街。距车站步行 5 分钟，交通便利。	C262
8607	悦榕酒店	地址：遵义迎宾大道222号（遵义）。联系电话：015-73994190。可手机自助入住，无接触开门。设有地下停车场与充电桩。	C262
8608	云栖酒店	地址：遵义解放路167号（遵义）。联系电话：031-86476245 / 059-74187556。前台多语言服务，支持行李寄存。周边 500 米内即是商场与美食街。	C262
8609	枫叶精品酒店	地址：遵义人民大道79号（遵义南）。联系电话：130-23078783 / 182-33803741。距车站步行 5 分钟，交通便利。含自助早餐，菜品丰富。	C262
8610	丽枫宾馆	地址：遵义中心路237号（遵义南）。联系电话：050-61527725。设有地下停车场与充电桩。客房配备记忆棉床垫，保证舒适睡眠。周边 500 米内即是商场与美食街。含自助早餐，菜品丰富。	C262
8611	璞丽大酒店	地址：遵义迎宾大道340号（遵义南）。联系电话：059-60072413。含自助早餐，菜品丰富。酒店内有健身房和洗衣房，住客免费使用。可手机自助入住，无接触开门。部分房型可俯瞰城市天际线。	C262
8612	碧桂国际酒店	地址：遵义人民大道214号（遵义南）。联系电话：013-36033039 / 184-95382986。部分房型可俯瞰城市天际线。前台多语言服务，支持行李寄存。	C262
8613	沐兰大酒店	地址：张掖迎宾大道208号（张掖西）。联系电话：182-85409890 / 190-18534255。客房配备记忆棉床垫，保证舒适睡眠。设有地下停车场与充电桩。	C120
8614	楠舍宾馆	地址：张掖迎宾大道150号（张掖西）。联系电话：138-36380266 / 191-34930718。前台多语言服务，支持行李寄存。距车站步行 5 分钟，交通便利。	C120
8615	柏栎大酒店	地址：张掖朝阳街397号（张掖西）。联系电话：016-35674250。距车站步行 5 分钟，交通便利。客房配备记忆棉床垫，保证舒适睡眠。含自助早餐，菜品丰富。可手机自助入住，无接触开门。	C120
8616	云栖精品酒店	地址：张掖迎宾大道91号（张掖西）。联系电话：039-56537147。距车站步行 5 分钟，交通便利。周边 500 米内即是商场与美食街。部分房型可俯瞰城市天际线。	C120
8617	柏栎酒店	地址：资中县人民大道234号（资中北）。联系电话：049-60529292 / 057-51649936。提供高速 Wi‑Fi 及 24 小时热水。距车站步行 5 分钟，交通便利。客房配备记忆棉床垫，保证舒适睡眠。部分房型可俯瞰城市天际线。	C036
8618	花筑酒店	地址：资中县建设路329号（资中北）。联系电话：134-98039712。距车站步行 5 分钟，交通便利。周边 500 米内即是商场与美食街。酒店内有健身房和洗衣房，住客免费使用。部分房型可俯瞰城市天际线。	C036
8619	月光度假酒店	地址：资中县迎宾大道357号（资中北）。联系电话：199-87410116 / 036-44083590。客房配备记忆棉床垫，保证舒适睡眠。部分房型可俯瞰城市天际线。酒店内有健身房和洗衣房，住客免费使用。	C036
8620	桔子酒店	地址：资中县人民大道119号（资中北）。联系电话：186-85343511 / 042-44796610。客房配备记忆棉床垫，保证舒适睡眠。含自助早餐，菜品丰富。	C036
8621	柏栎度假酒店	地址：涿州解放路197号（涿州东）。联系电话：051-36455416 / 154-19327520。可手机自助入住，无接触开门。提供高速 Wi‑Fi 及 24 小时热水。前台多语言服务，支持行李寄存。含自助早餐，菜品丰富。	C027
8622	月光国际酒店	地址：涿州解放路73号（涿州东）。联系电话：025-21080764 / 151-73551853。设有地下停车场与充电桩。前台多语言服务，支持行李寄存。距车站步行 5 分钟，交通便利。酒店内有健身房和洗衣房，住客免费使用。	C027
8623	柏曼精品酒店	地址：涿州建设路277号（涿州东）。联系电话：184-97547617。前台多语言服务，支持行李寄存。设有地下停车场与充电桩。可手机自助入住，无接触开门。含自助早餐，菜品丰富。	C027
8624	星程大酒店	地址：涿州迎宾大道294号（涿州东）。联系电话：044-23522430 / 184-14380990。含自助早餐，菜品丰富。前台多语言服务，支持行李寄存。距车站步行 5 分钟，交通便利。提供高速 Wi‑Fi 及 24 小时热水。	C027
8625	云栖大酒店	地址：枣庄建设路230号（枣庄东）。联系电话：155-52044776 / 051-27088241。客房配备记忆棉床垫，保证舒适睡眠。周边 500 米内即是商场与美食街。	C155
8626	悦榕国际酒店	地址：枣庄解放路342号（枣庄东）。联系电话：040-73190390 / 154-28708235。提供高速 Wi‑Fi 及 24 小时热水。设有地下停车场与充电桩。部分房型可俯瞰城市天际线。	C155
8627	雅致宾馆	地址：枣庄朝阳街16号（枣庄东）。联系电话：133-98092998 / 195-13184456。设有地下停车场与充电桩。距车站步行 5 分钟，交通便利。酒店内有健身房和洗衣房，住客免费使用。部分房型可俯瞰城市天际线。	C155
8628	月光酒店	地址：卓资县中心路62号（卓资东）。联系电话：197-19339552 / 139-92720735。距车站步行 5 分钟，交通便利。设有地下停车场与充电桩。	C016
8629	星程精品酒店	地址：卓资县人民大道231号（卓资东）。联系电话：184-85569650 / 010-28003228。前台多语言服务，支持行李寄存。含自助早餐，菜品丰富。酒店内有健身房和洗衣房，住客免费使用。	C016
8630	枫叶精品酒店	地址：卓资县中心路45号（卓资东）。联系电话：154-64695885 / 041-72257543。距车站步行 5 分钟，交通便利。前台多语言服务，支持行李寄存。	C016
8631	枫叶酒店	地址：卓资县和平路220号（卓资东）。联系电话：196-39163804。可手机自助入住，无接触开门。前台多语言服务，支持行李寄存。周边 500 米内即是商场与美食街。客房配备记忆棉床垫，保证舒适睡眠。	C016
8632	花筑大酒店	地址：郑州迎宾大道337号（郑州东）。联系电话：156-84814313。前台多语言服务，支持行李寄存。设有地下停车场与充电桩。客房配备记忆棉床垫，保证舒适睡眠。提供高速 Wi‑Fi 及 24 小时热水。	C267
8633	丽枫国际酒店	地址：郑州人民大道258号（郑州东）。联系电话：039-41565043。可手机自助入住，无接触开门。前台多语言服务，支持行李寄存。距车站步行 5 分钟，交通便利。设有地下停车场与充电桩。	C267
8634	璞丽酒店	地址：株洲建设路141号（株洲南）。联系电话：023-72617476。客房配备记忆棉床垫，保证舒适睡眠。部分房型可俯瞰城市天际线。含自助早餐，菜品丰富。周边 500 米内即是商场与美食街。	C157
8635	云栖国际酒店	地址：株洲中心路17号（株洲南）。联系电话：131-44332879。酒店内有健身房和洗衣房，住客免费使用。设有地下停车场与充电桩。前台多语言服务，支持行李寄存。	C157
8636	丽枫国际酒店	地址：株洲建设路115号（株洲南）。联系电话：197-90032711。前台多语言服务，支持行李寄存。可手机自助入住，无接触开门。	C157
