type	departureCityId	arrivalCityId	departureStationCode	departureTerminalName	arrivalStationCode	arrivalTerminalName	departureDateTime	arrivalDateTime	carrier	code	seatClass	price	remainingSeats	totalSeats
FLIGHT	C039	C005	PEK	T3	PVG	T2	2026-06-11T17:20:00	2026-06-11T19:45:00	中国国航	CA7000	经济舱	520	36	36
FLIGHT	C039	C005	PEK	T3	PVG	T2	2026-06-11T17:20:00	2026-06-11T19:45:00	中国国航	CA7000	公务舱	1350	8	8
FLIGHT	C039	C005	PKX	T2	SHA	T2	2026-06-11T18:45:00	2026-06-11T21:10:00	中国国航	CA7001	经济舱	520	35	36
FLIGHT	C039	C005	PKX	T2	SHA	T2	2026-06-11T18:45:00	2026-06-11T21:10:00	中国国航	CA7001	公务舱	1350	7	8
FLIGHT	C039	C005	PEK	T3	PVG	T2	2026-06-11T20:10:00	2026-06-11T22:35:00	中国国航	CA7002	经济舱	520	34	36
FLIGHT	C039	C005	PEK	T3	PVG	T2	2026-06-11T20:10:00	2026-06-11T22:35:00	中国国航	CA7002	公务舱	1350	6	8
FLIGHT	C039	C005	PKX	T2	SHA	T2	2026-06-11T21:35:00	2026-06-12T00:00:00	中国国航	CA7003	经济舱	520	33	36
FLIGHT	C039	C005	PKX	T2	SHA	T2	2026-06-11T21:35:00	2026-06-12T00:00:00	中国国航	CA7003	公务舱	1350	5	8
FLIGHT	C005	C039	SHA	T2	PKX	T2	2026-06-11T17:20:00	2026-06-11T19:45:00	东方航空	MU7010	经济舱	520	35	36
FLIGHT	C005	C039	SHA	T2	PKX	T2	2026-06-11T17:20:00	2026-06-11T19:45:00	东方航空	MU7010	公务舱	1350	7	8
FLIGHT	C005	C039	PVG	T2	PEK	T3	2026-06-11T18:45:00	2026-06-11T21:10:00	东方航空	MU7011	经济舱	520	34	36
FLIGHT	C005	C039	PVG	T2	PEK	T3	2026-06-11T18:45:00	2026-06-11T21:10:00	东方航空	MU7011	公务舱	1350	6	8
FLIGHT	C005	C039	SHA	T2	PKX	T2	2026-06-11T20:10:00	2026-06-11T22:35:00	东方航空	MU7012	经济舱	520	33	36
FLIGHT	C005	C039	SHA	T2	PKX	T2	2026-06-11T20:10:00	2026-06-11T22:35:00	东方航空	MU7012	公务舱	1350	5	8
FLIGHT	C005	C039	PVG	T2	PEK	T3	2026-06-11T21:35:00	2026-06-12T00:00:00	东方航空	MU7013	经济舱	520	32	36
FLIGHT	C005	C039	PVG	T2	PEK	T3	2026-06-11T21:35:00	2026-06-12T00:00:00	东方航空	MU7013	公务舱	1350	8	8
FLIGHT	C039	C112	PEK	T3	CAN	T2	2026-06-11T17:20:00	2026-06-11T20:35:00	中国国航	CA7020	经济舱	720	34	36
FLIGHT	C039	C112	PEK	T3	CAN	T2	2026-06-11T17:20:00	2026-06-11T20:35:00	中国国航	CA7020	公务舱	1870	6	8
FLIGHT	C039	C112	PKX	T2	CAN	T2	2026-06-11T18:45:00	2026-06-11T22:00:00	中国国航	CA7021	经济舱	720	33	36
FLIGHT	C039	C112	PKX	T2	CAN	T2	2026-06-11T18:45:00	2026-06-11T22:00:00	中国国航	CA7021	公务舱	1870	5	8
FLIGHT	C039	C112	PEK	T3	CAN	T2	2026-06-11T20:10:00	2026-06-11T23:25:00	中国国航	CA7022	经济舱	720	32	36
FLIGHT	C039	C112	PEK	T3	CAN	T2	2026-06-11T20:10:00	2026-06-11T23:25:00	中国国航	CA7022	公务舱	1870	8	8
FLIGHT	C039	C112	PKX	T2	CAN	T2	2026-06-11T21:35:00	2026-06-12T00:50:00	中国国航	CA7023	经济舱	720	31	36
FLIGHT	C039	C112	PKX	T2	CAN	T2	2026-06-11T21:35:00	2026-06-12T00:50:00	中国国航	CA7023	公务舱	1870	7	8
FLIGHT	C112	C039	CAN	T2	PKX	T2	2026-06-11T17:20:00	2026-06-11T20:35:00	南方航空	CZ7030	经济舱	720	33	36
FLIGHT	C112	C039	CAN	T2	PKX	T2	2026-06-11T17:20:00	2026-06-11T20:35:00	南方航空	CZ7030	公务舱	1870	5	8
FLIGHT	C112	C039	CAN	T2	PEK	T3	2026-06-11T18:45:00	2026-06-11T22:00:00	南方航空	CZ7031	经济舱	720	32	36
FLIGHT	C112	C039	CAN	T2	PEK	T3	2026-06-11T18:45:00	2026-06-11T22:00:00	南方航空	CZ7031	公务舱	1870	8	8
FLIGHT	C112	C039	CAN	T2	PKX	T2	2026-06-11T20:10:00	2026-06-11T23:25:00	南方航空	CZ7032	经济舱	720	31	36
FLIGHT	C112	C039	CAN	T2	PKX	T2	2026-06-11T20:10:00	2026-06-11T23:25:00	南方航空	CZ7032	公务舱	1870	7	8
FLIGHT	C112	C039	CAN	T2	PEK	T3	2026-06-11T21:35:00	2026-06-12T00:50:00	南方航空	CZ7033	经济舱	720	30	36
FLIGHT	C112	C039	CAN	T2	PEK	T3	2026-06-11T21:35:00	2026-06-12T00:50:00	南方航空	CZ7033	公务舱	1870	6	8
FLIGHT	C039	C190	PEK	T3	SZX	T3	2026-06-11T17:20:00	2026-06-11T20:45:00	中国国航	CA7040	经济舱	760	32	36
FLIGHT	C039	C190	PEK	T3	SZX	T3	2026-06-11T17:20:00	2026-06-11T20:45:00	中国国航	CA7040	公务舱	1980	8	8
FLIGHT	C039	C190	PKX	T2	SZX	T3	2026-06-11T18:45:00	2026-06-11T22:10:00	中国国航	CA7041	经济舱	760	31	36
FLIGHT	C039	C190	PKX	T2	SZX	T3	2026-06-11T18:45:00	2026-06-11T22:10:00	中国国航	CA7041	公务舱	1980	7	8
FLIGHT	C039	C190	PEK	T3	SZX	T3	2026-06-11T20:10:00	2026-06-11T23:35:00	中国国航	CA7042	经济舱	760	30	36
FLIGHT	C039	C190	PEK	T3	SZX	T3	2026-06-11T20:10:00	2026-06-11T23:35:00	中国国航	CA7042	公务舱	1980	6	8
FLIGHT	C039	C190	PKX	T2	SZX	T3	2026-06-11T21:35:00	2026-06-12T01:00:00	中国国航	CA7043	经济舱	760	29	36
FLIGHT	C039	C190	PKX	T2	SZX	T3	2026-06-11T21:35:00	2026-06-12T01:00:00	中国国航	CA7043	公务舱	1980	5	8
FLIGHT	C190	C039	SZX	T3	PKX	T2	2026-06-11T17:20:00	2026-06-11T20:45:00	深圳航空	ZH7050	经济舱	760	31	36
FLIGHT	C190	C039	SZX	T3	PKX	T2	2026-06-11T17:20:00	2026-06-11T20:45:00	深圳航空	ZH7050	公务舱	1980	7	8
FLIGHT	C190	C039	SZX	T3	PEK	T3	2026-06-11T18:45:00	2026-06-11T22:10:00	深圳航空	ZH7051	经济舱	760	30	36
FLIGHT	C190	C039	SZX	T3	PEK	T3	2026-06-11T18:45:00	2026-06-11T22:10:00	深圳航空	ZH7051	公务舱	1980	6	8
FLIGHT	C190	C039	SZX	T3	PKX	T2	2026-06-11T20:10:00	2026-06-11T23:35:00	深圳航空	ZH7052	经济舱	760	29	36
FLIGHT	C190	C039	SZX	T3	PKX	T2	2026-06-11T20:10:00	2026-06-11T23:35:00	深圳航空	ZH7052	公务舱	1980	5	8
FLIGHT	C190	C039	SZX	T3	PEK	T3	2026-06-11T21:35:00	2026-06-12T01:00:00	深圳航空	ZH7053	经济舱	760	28	36
FLIGHT	C190	C039	SZX	T3	PEK	T3	2026-06-11T21:35:00	2026-06-12T01:00:00	深圳航空	ZH7053	公务舱	1980	8	8
FLIGHT	C005	C112	SHA	T2	CAN	T2	2026-06-11T17:20:00	2026-06-11T19:55:00	东方航空	MU7060	经济舱	610	30	36
FLIGHT	C005	C112	SHA	T2	CAN	T2	2026-06-11T17:20:00	2026-06-11T19:55:00	东方航空	MU7060	公务舱	1590	6	8
FLIGHT	C005	C112	PVG	T2	CAN	T2	2026-06-11T18:45:00	2026-06-11T21:20:00	东方航空	MU7061	经济舱	610	29	36
FLIGHT	C005	C112	PVG	T2	CAN	T2	2026-06-11T18:45:00	2026-06-11T21:20:00	东方航空	MU7061	公务舱	1590	5	8
FLIGHT	C005	C112	SHA	T2	CAN	T2	2026-06-11T20:10:00	2026-06-11T22:45:00	东方航空	MU7062	经济舱	610	28	36
FLIGHT	C005	C112	SHA	T2	CAN	T2	2026-06-11T20:10:00	2026-06-11T22:45:00	东方航空	MU7062	公务舱	1590	8	8
FLIGHT	C005	C112	PVG	T2	CAN	T2	2026-06-11T21:35:00	2026-06-12T00:10:00	东方航空	MU7063	经济舱	610	27	36
FLIGHT	C005	C112	PVG	T2	CAN	T2	2026-06-11T21:35:00	2026-06-12T00:10:00	东方航空	MU7063	公务舱	1590	7	8
FLIGHT	C112	C005	CAN	T2	PVG	T2	2026-06-11T17:20:00	2026-06-11T19:55:00	南方航空	CZ7070	经济舱	610	29	36
FLIGHT	C112	C005	CAN	T2	PVG	T2	2026-06-11T17:20:00	2026-06-11T19:55:00	南方航空	CZ7070	公务舱	1590	5	8
FLIGHT	C112	C005	CAN	T2	SHA	T2	2026-06-11T18:45:00	2026-06-11T21:20:00	南方航空	CZ7071	经济舱	610	28	36
FLIGHT	C112	C005	CAN	T2	SHA	T2	2026-06-11T18:45:00	2026-06-11T21:20:00	南方航空	CZ7071	公务舱	1590	8	8
FLIGHT	C112	C005	CAN	T2	PVG	T2	2026-06-11T20:10:00	2026-06-11T22:45:00	南方航空	CZ7072	经济舱	610	27	36
FLIGHT	C112	C005	CAN	T2	PVG	T2	2026-06-11T20:10:00	2026-06-11T22:45:00	南方航空	CZ7072	公务舱	1590	7	8
FLIGHT	C112	C005	CAN	T2	SHA	T2	2026-06-11T21:35:00	2026-06-12T00:10:00	南方航空	CZ7073	经济舱	610	26	36
FLIGHT	C112	C005	CAN	T2	SHA	T2	2026-06-11T21:35:00	2026-06-12T00:10:00	南方航空	CZ7073	公务舱	1590	6	8
FLIGHT	C005	C190	SHA	T2	SZX	T3	2026-06-11T17:20:00	2026-06-11T19:55:00	东方航空	MU7080	经济舱	640	28	36
FLIGHT	C005	C190	SHA	T2	SZX	T3	2026-06-11T17:20:00	2026-06-11T19:55:00	东方航空	MU7080	公务舱	1660	8	8
FLIGHT	C005	C190	PVG	T2	SZX	T3	2026-06-11T18:45:00	2026-06-11T21:20:00	东方航空	MU7081	经济舱	640	27	36
FLIGHT	C005	C190	PVG	T2	SZX	T3	2026-06-11T18:45:00	2026-06-11T21:20:00	东方航空	MU7081	公务舱	1660	7	8
FLIGHT	C005	C190	SHA	T2	SZX	T3	2026-06-11T20:10:00	2026-06-11T22:45:00	东方航空	MU7082	经济舱	640	26	36
FLIGHT	C005	C190	SHA	T2	SZX	T3	2026-06-11T20:10:00	2026-06-11T22:45:00	东方航空	MU7082	公务舱	1660	6	8
FLIGHT	C005	C190	PVG	T2	SZX	T3	2026-06-11T21:35:00	2026-06-12T00:10:00	东方航空	MU7083	经济舱	640	25	36
FLIGHT	C005	C190	PVG	T2	SZX	T3	2026-06-11T21:35:00	2026-06-12T00:10:00	东方航空	MU7083	公务舱	1660	5	8
FLIGHT	C190	C005	SZX	T3	PVG	T2	2026-06-11T17:20:00	2026-06-11T19:55:00	深圳航空	ZH7090	经济舱	640	27	36
FLIGHT	C190	C005	SZX	T3	PVG	T2	2026-06-11T17:20:00	2026-06-11T19:55:00	深圳航空	ZH7090	公务舱	1660	7	8
FLIGHT	C190	C005	SZX	T3	SHA	T2	2026-06-11T18:45:00	2026-06-11T21:20:00	深圳航空	ZH7091	经济舱	640	26	36
FLIGHT	C190	C005	SZX	T3	SHA	T2	2026-06-11T18:45:00	2026-06-11T21:20:00	深圳航空	ZH7091	公务舱	1660	6	8
FLIGHT	C190	C005	SZX	T3	PVG	T2	2026-06-11T20:10:00	2026-06-11T22:45:00	深圳航空	ZH7092	经济舱	640	25	36
FLIGHT	C190	C005	SZX	T3	PVG	T2	2026-06-11T20:10:00	2026-06-11T22:45:00	深圳航空	ZH7092	公务舱	1660	5	8
FLIGHT	C190	C005	SZX	T3	SHA	T2	2026-06-11T21:35:00	2026-06-12T00:10:00	深圳航空	ZH7093	经济舱	640	24	36
FLIGHT	C190	C005	SZX	T3	SHA	T2	2026-06-11T21:35:00	2026-06-12T00:10:00	深圳航空	ZH7093	公务舱	1660	8	8
FLIGHT	C039	C128	PEK	T3	TFU	T2	2026-06-11T17:20:00	2026-06-11T20:20:00	中国国航	CA7100	经济舱	690	26	36
FLIGHT	C039	C128	PEK	T3	TFU	T2	2026-06-11T17:20:00	2026-06-11T20:20:00	中国国航	CA7100	公务舱	1790	6	8
FLIGHT	C039	C128	PKX	T2	CTU	T2	2026-06-11T18:45:00	2026-06-11T21:45:00	中国国航	CA7101	经济舱	690	25	36
FLIGHT	C039	C128	PKX	T2	CTU	T2	2026-06-11T18:45:00	2026-06-11T21:45:00	中国国航	CA7101	公务舱	1790	5	8
FLIGHT	C039	C128	PEK	T3	TFU	T2	2026-06-11T20:10:00	2026-06-11T23:10:00	中国国航	CA7102	经济舱	690	24	36
FLIGHT	C039	C128	PEK	T3	TFU	T2	2026-06-11T20:10:00	2026-06-11T23:10:00	中国国航	CA7102	公务舱	1790	8	8
FLIGHT	C039	C128	PKX	T2	CTU	T2	2026-06-11T21:35:00	2026-06-12T00:35:00	中国国航	CA7103	经济舱	690	23	36
FLIGHT	C039	C128	PKX	T2	CTU	T2	2026-06-11T21:35:00	2026-06-12T00:35:00	中国国航	CA7103	公务舱	1790	7	8
FLIGHT	C128	C039	CTU	T2	PKX	T2	2026-06-11T17:20:00	2026-06-11T20:20:00	四川航空	3U7110	经济舱	690	25	36
FLIGHT	C128	C039	CTU	T2	PKX	T2	2026-06-11T17:20:00	2026-06-11T20:20:00	四川航空	3U7110	公务舱	1790	5	8
FLIGHT	C128	C039	TFU	T2	PEK	T3	2026-06-11T18:45:00	2026-06-11T21:45:00	四川航空	3U7111	经济舱	690	24	36
FLIGHT	C128	C039	TFU	T2	PEK	T3	2026-06-11T18:45:00	2026-06-11T21:45:00	四川航空	3U7111	公务舱	1790	8	8
FLIGHT	C128	C039	CTU	T2	PKX	T2	2026-06-11T20:10:00	2026-06-11T23:10:00	四川航空	3U7112	经济舱	690	23	36
FLIGHT	C128	C039	CTU	T2	PKX	T2	2026-06-11T20:10:00	2026-06-11T23:10:00	四川航空	3U7112	公务舱	1790	7	8
FLIGHT	C128	C039	TFU	T2	PEK	T3	2026-06-11T21:35:00	2026-06-12T00:35:00	四川航空	3U7113	经济舱	690	22	36
FLIGHT	C128	C039	TFU	T2	PEK	T3	2026-06-11T21:35:00	2026-06-12T00:35:00	四川航空	3U7113	公务舱	1790	6	8
FLIGHT	C005	C128	SHA	T2	TFU	T2	2026-06-11T17:20:00	2026-06-11T20:30:00	东方航空	MU7120	经济舱	720	24	36
FLIGHT	C005	C128	SHA	T2	TFU	T2	2026-06-11T17:20:00	2026-06-11T20:30:00	东方航空	MU7120	公务舱	1870	8	8
FLIGHT	C005	C128	PVG	T2	CTU	T2	2026-06-11T18:45:00	2026-06-11T21:55:00	东方航空	MU7121	经济舱	720	23	36
FLIGHT	C005	C128	PVG	T2	CTU	T2	2026-06-11T18:45:00	2026-06-11T21:55:00	东方航空	MU7121	公务舱	1870	7	8
FLIGHT	C005	C128	SHA	T2	TFU	T2	2026-06-11T20:10:00	2026-06-11T23:20:00	东方航空	MU7122	经济舱	720	22	36
FLIGHT	C005	C128	SHA	T2	TFU	T2	2026-06-11T20:10:00	2026-06-11T23:20:00	东方航空	MU7122	公务舱	1870	6	8
FLIGHT	C005	C128	PVG	T2	CTU	T2	2026-06-11T21:35:00	2026-06-12T00:45:00	东方航空	MU7123	经济舱	720	21	36
FLIGHT	C005	C128	PVG	T2	CTU	T2	2026-06-11T21:35:00	2026-06-12T00:45:00	东方航空	MU7123	公务舱	1870	5	8
FLIGHT	C128	C005	CTU	T2	PVG	T2	2026-06-11T17:20:00	2026-06-11T20:30:00	四川航空	3U7130	经济舱	720	23	36
FLIGHT	C128	C005	CTU	T2	PVG	T2	2026-06-11T17:20:00	2026-06-11T20:30:00	四川航空	3U7130	公务舱	1870	7	8
FLIGHT	C128	C005	TFU	T2	SHA	T2	2026-06-11T18:45:00	2026-06-11T21:55:00	四川航空	3U7131	经济舱	720	22	36
FLIGHT	C128	C005	TFU	T2	SHA	T2	2026-06-11T18:45:00	2026-06-11T21:55:00	四川航空	3U7131	公务舱	1870	6	8
FLIGHT	C128	C005	CTU	T2	PVG	T2	2026-06-11T20:10:00	2026-06-11T23:20:00	四川航空	3U7132	经济舱	720	21	36
FLIGHT	C128	C005	CTU	T2	PVG	T2	2026-06-11T20:10:00	2026-06-11T23:20:00	四川航空	3U7132	公务舱	1870	5	8
FLIGHT	C128	C005	TFU	T2	SHA	T2	2026-06-11T21:35:00	2026-06-12T00:45:00	四川航空	3U7133	经济舱	720	20	36
FLIGHT	C128	C005	TFU	T2	SHA	T2	2026-06-11T21:35:00	2026-06-12T00:45:00	四川航空	3U7133	公务舱	1870	8	8
FLIGHT	C112	C128	CAN	T2	TFU	T2	2026-06-11T17:20:00	2026-06-11T19:40:00	南方航空	CZ7140	经济舱	560	22	36
FLIGHT	C112	C128	CAN	T2	TFU	T2	2026-06-11T17:20:00	2026-06-11T19:40:00	南方航空	CZ7140	公务舱	1460	6	8
FLIGHT	C112	C128	CAN	T2	CTU	T2	2026-06-11T18:45:00	2026-06-11T21:05:00	南方航空	CZ7141	经济舱	560	21	36
FLIGHT	C112	C128	CAN	T2	CTU	T2	2026-06-11T18:45:00	2026-06-11T21:05:00	南方航空	CZ7141	公务舱	1460	5	8
FLIGHT	C112	C128	CAN	T2	TFU	T2	2026-06-11T20:10:00	2026-06-11T22:30:00	南方航空	CZ7142	经济舱	560	20	36
FLIGHT	C112	C128	CAN	T2	TFU	T2	2026-06-11T20:10:00	2026-06-11T22:30:00	南方航空	CZ7142	公务舱	1460	8	8
FLIGHT	C112	C128	CAN	T2	CTU	T2	2026-06-11T21:35:00	2026-06-11T23:55:00	南方航空	CZ7143	经济舱	560	19	36
FLIGHT	C112	C128	CAN	T2	CTU	T2	2026-06-11T21:35:00	2026-06-11T23:55:00	南方航空	CZ7143	公务舱	1460	7	8
FLIGHT	C128	C112	CTU	T2	CAN	T2	2026-06-11T17:20:00	2026-06-11T19:40:00	四川航空	3U7150	经济舱	560	21	36
FLIGHT	C128	C112	CTU	T2	CAN	T2	2026-06-11T17:20:00	2026-06-11T19:40:00	四川航空	3U7150	公务舱	1460	5	8
FLIGHT	C128	C112	TFU	T2	CAN	T2	2026-06-11T18:45:00	2026-06-11T21:05:00	四川航空	3U7151	经济舱	560	20	36
FLIGHT	C128	C112	TFU	T2	CAN	T2	2026-06-11T18:45:00	2026-06-11T21:05:00	四川航空	3U7151	公务舱	1460	8	8
FLIGHT	C128	C112	CTU	T2	CAN	T2	2026-06-11T20:10:00	2026-06-11T22:30:00	四川航空	3U7152	经济舱	560	19	36
FLIGHT	C128	C112	CTU	T2	CAN	T2	2026-06-11T20:10:00	2026-06-11T22:30:00	四川航空	3U7152	公务舱	1460	7	8
FLIGHT	C128	C112	TFU	T2	CAN	T2	2026-06-11T21:35:00	2026-06-11T23:55:00	四川航空	3U7153	经济舱	560	36	36
FLIGHT	C128	C112	TFU	T2	CAN	T2	2026-06-11T21:35:00	2026-06-11T23:55:00	四川航空	3U7153	公务舱	1460	6	8
FLIGHT	C039	C153	PEK	T3	HGH	T4	2026-06-11T17:20:00	2026-06-11T19:30:00	中国国航	CA7160	经济舱	480	20	36
FLIGHT	C039	C153	PEK	T3	HGH	T4	2026-06-11T17:20:00	2026-06-11T19:30:00	中国国航	CA7160	公务舱	1250	8	8
FLIGHT	C039	C153	PKX	T2	HGH	T4	2026-06-11T18:45:00	2026-06-11T20:55:00	中国国航	CA7161	经济舱	480	19	36
FLIGHT	C039	C153	PKX	T2	HGH	T4	2026-06-11T18:45:00	2026-06-11T20:55:00	中国国航	CA7161	公务舱	1250	7	8
FLIGHT	C039	C153	PEK	T3	HGH	T4	2026-06-11T20:10:00	2026-06-11T22:20:00	中国国航	CA7162	经济舱	480	36	36
FLIGHT	C039	C153	PEK	T3	HGH	T4	2026-06-11T20:10:00	2026-06-11T22:20:00	中国国航	CA7162	公务舱	1250	6	8
FLIGHT	C039	C153	PKX	T2	HGH	T4	2026-06-11T21:35:00	2026-06-11T23:45:00	中国国航	CA7163	经济舱	480	35	36
FLIGHT	C039	C153	PKX	T2	HGH	T4	2026-06-11T21:35:00	2026-06-11T23:45:00	中国国航	CA7163	公务舱	1250	5	8
FLIGHT	C153	C039	HGH	T4	PKX	T2	2026-06-11T17:20:00	2026-06-11T19:30:00	海南航空	HU7170	经济舱	480	19	36
FLIGHT	C153	C039	HGH	T4	PKX	T2	2026-06-11T17:20:00	2026-06-11T19:30:00	海南航空	HU7170	公务舱	1250	7	8
FLIGHT	C153	C039	HGH	T4	PEK	T3	2026-06-11T18:45:00	2026-06-11T20:55:00	海南航空	HU7171	经济舱	480	36	36
FLIGHT	C153	C039	HGH	T4	PEK	T3	2026-06-11T18:45:00	2026-06-11T20:55:00	海南航空	HU7171	公务舱	1250	6	8
FLIGHT	C153	C039	HGH	T4	PKX	T2	2026-06-11T20:10:00	2026-06-11T22:20:00	海南航空	HU7172	经济舱	480	35	36
FLIGHT	C153	C039	HGH	T4	PKX	T2	2026-06-11T20:10:00	2026-06-11T22:20:00	海南航空	HU7172	公务舱	1250	5	8
FLIGHT	C153	C039	HGH	T4	PEK	T3	2026-06-11T21:35:00	2026-06-11T23:45:00	海南航空	HU7173	经济舱	480	34	36
FLIGHT	C153	C039	HGH	T4	PEK	T3	2026-06-11T21:35:00	2026-06-11T23:45:00	海南航空	HU7173	公务舱	1250	8	8
FLIGHT	C005	C246	SHA	T2	XIY	T3	2026-06-11T17:20:00	2026-06-11T20:00:00	东方航空	MU7180	经济舱	650	36	36
FLIGHT	C005	C246	SHA	T2	XIY	T3	2026-06-11T17:20:00	2026-06-11T20:00:00	东方航空	MU7180	公务舱	1690	6	8
FLIGHT	C005	C246	PVG	T2	XIY	T3	2026-06-11T18:45:00	2026-06-11T21:25:00	东方航空	MU7181	经济舱	650	35	36
FLIGHT	C005	C246	PVG	T2	XIY	T3	2026-06-11T18:45:00	2026-06-11T21:25:00	东方航空	MU7181	公务舱	1690	5	8
FLIGHT	C005	C246	SHA	T2	XIY	T3	2026-06-11T20:10:00	2026-06-11T22:50:00	东方航空	MU7182	经济舱	650	34	36
FLIGHT	C005	C246	SHA	T2	XIY	T3	2026-06-11T20:10:00	2026-06-11T22:50:00	东方航空	MU7182	公务舱	1690	8	8
FLIGHT	C005	C246	PVG	T2	XIY	T3	2026-06-11T21:35:00	2026-06-12T00:15:00	东方航空	MU7183	经济舱	650	33	36
FLIGHT	C005	C246	PVG	T2	XIY	T3	2026-06-11T21:35:00	2026-06-12T00:15:00	东方航空	MU7183	公务舱	1690	7	8
FLIGHT	C246	C005	XIY	T3	PVG	T2	2026-06-11T17:20:00	2026-06-11T20:00:00	海南航空	HU7190	经济舱	650	35	36
FLIGHT	C246	C005	XIY	T3	PVG	T2	2026-06-11T17:20:00	2026-06-11T20:00:00	海南航空	HU7190	公务舱	1690	5	8
FLIGHT	C246	C005	XIY	T3	SHA	T2	2026-06-11T18:45:00	2026-06-11T21:25:00	海南航空	HU7191	经济舱	650	34	36
FLIGHT	C246	C005	XIY	T3	SHA	T2	2026-06-11T18:45:00	2026-06-11T21:25:00	海南航空	HU7191	公务舱	1690	8	8
FLIGHT	C246	C005	XIY	T3	PVG	T2	2026-06-11T20:10:00	2026-06-11T22:50:00	海南航空	HU7192	经济舱	650	33	36
FLIGHT	C246	C005	XIY	T3	PVG	T2	2026-06-11T20:10:00	2026-06-11T22:50:00	海南航空	HU7192	公务舱	1690	7	8
FLIGHT	C246	C005	XIY	T3	SHA	T2	2026-06-11T21:35:00	2026-06-12T00:15:00	海南航空	HU7193	经济舱	650	32	36
FLIGHT	C246	C005	XIY	T3	SHA	T2	2026-06-11T21:35:00	2026-06-12T00:15:00	海南航空	HU7193	公务舱	1690	6	8
FLIGHT	C039	C272	PEK	T3	CKG	T3	2026-06-11T17:20:00	2026-06-11T20:10:00	中国国航	CA7200	经济舱	680	34	36
FLIGHT	C039	C272	PEK	T3	CKG	T3	2026-06-11T17:20:00	2026-06-11T20:10:00	中国国航	CA7200	公务舱	1770	8	8
FLIGHT	C039	C272	PKX	T2	CKG	T3	2026-06-11T18:45:00	2026-06-11T21:35:00	中国国航	CA7201	经济舱	680	33	36
FLIGHT	C039	C272	PKX	T2	CKG	T3	2026-06-11T18:45:00	2026-06-11T21:35:00	中国国航	CA7201	公务舱	1770	7	8
FLIGHT	C039	C272	PEK	T3	CKG	T3	2026-06-11T20:10:00	2026-06-11T23:00:00	中国国航	CA7202	经济舱	680	32	36
FLIGHT	C039	C272	PEK	T3	CKG	T3	2026-06-11T20:10:00	2026-06-11T23:00:00	中国国航	CA7202	公务舱	1770	6	8
FLIGHT	C039	C272	PKX	T2	CKG	T3	2026-06-11T21:35:00	2026-06-12T00:25:00	中国国航	CA7203	经济舱	680	31	36
FLIGHT	C039	C272	PKX	T2	CKG	T3	2026-06-11T21:35:00	2026-06-12T00:25:00	中国国航	CA7203	公务舱	1770	5	8
FLIGHT	C272	C039	CKG	T3	PKX	T2	2026-06-11T17:20:00	2026-06-11T20:10:00	四川航空	3U7210	经济舱	680	33	36
FLIGHT	C272	C039	CKG	T3	PKX	T2	2026-06-11T17:20:00	2026-06-11T20:10:00	四川航空	3U7210	公务舱	1770	7	8
FLIGHT	C272	C039	CKG	T3	PEK	T3	2026-06-11T18:45:00	2026-06-11T21:35:00	四川航空	3U7211	经济舱	680	32	36
FLIGHT	C272	C039	CKG	T3	PEK	T3	2026-06-11T18:45:00	2026-06-11T21:35:00	四川航空	3U7211	公务舱	1770	6	8
FLIGHT	C272	C039	CKG	T3	PKX	T2	2026-06-11T20:10:00	2026-06-11T23:00:00	四川航空	3U7212	经济舱	680	31	36
FLIGHT	C272	C039	CKG	T3	PKX	T2	2026-06-11T20:10:00	2026-06-11T23:00:00	四川航空	3U7212	公务舱	1770	5	8
FLIGHT	C272	C039	CKG	T3	PEK	T3	2026-06-11T21:35:00	2026-06-12T00:25:00	四川航空	3U7213	经济舱	680	30	36
FLIGHT	C272	C039	CKG	T3	PEK	T3	2026-06-11T21:35:00	2026-06-12T00:25:00	四川航空	3U7213	公务舱	1770	8	8
FLIGHT	C039	C005	PKX	T2	SHA	T2	2026-06-12T17:20:00	2026-06-12T19:45:00	中国国航	CA7000	经济舱	520	35	36
FLIGHT	C039	C005	PKX	T2	SHA	T2	2026-06-12T17:20:00	2026-06-12T19:45:00	中国国航	CA7000	公务舱	1350	7	8
FLIGHT	C039	C005	PEK	T3	PVG	T2	2026-06-12T18:45:00	2026-06-12T21:10:00	中国国航	CA7001	经济舱	520	34	36
FLIGHT	C039	C005	PEK	T3	PVG	T2	2026-06-12T18:45:00	2026-06-12T21:10:00	中国国航	CA7001	公务舱	1350	6	8
FLIGHT	C039	C005	PKX	T2	SHA	T2	2026-06-12T20:10:00	2026-06-12T22:35:00	中国国航	CA7002	经济舱	520	33	36
FLIGHT	C039	C005	PKX	T2	SHA	T2	2026-06-12T20:10:00	2026-06-12T22:35:00	中国国航	CA7002	公务舱	1350	5	8
FLIGHT	C039	C005	PEK	T3	PVG	T2	2026-06-12T21:35:00	2026-06-13T00:00:00	中国国航	CA7003	经济舱	520	32	36
FLIGHT	C039	C005	PEK	T3	PVG	T2	2026-06-12T21:35:00	2026-06-13T00:00:00	中国国航	CA7003	公务舱	1350	8	8
FLIGHT	C005	C039	PVG	T2	PEK	T3	2026-06-12T17:20:00	2026-06-12T19:45:00	东方航空	MU7010	经济舱	520	34	36
FLIGHT	C005	C039	PVG	T2	PEK	T3	2026-06-12T17:20:00	2026-06-12T19:45:00	东方航空	MU7010	公务舱	1350	6	8
FLIGHT	C005	C039	SHA	T2	PKX	T2	2026-06-12T18:45:00	2026-06-12T21:10:00	东方航空	MU7011	经济舱	520	33	36
FLIGHT	C005	C039	SHA	T2	PKX	T2	2026-06-12T18:45:00	2026-06-12T21:10:00	东方航空	MU7011	公务舱	1350	5	8
FLIGHT	C005	C039	PVG	T2	PEK	T3	2026-06-12T20:10:00	2026-06-12T22:35:00	东方航空	MU7012	经济舱	520	32	36
FLIGHT	C005	C039	PVG	T2	PEK	T3	2026-06-12T20:10:00	2026-06-12T22:35:00	东方航空	MU7012	公务舱	1350	8	8
FLIGHT	C005	C039	SHA	T2	PKX	T2	2026-06-12T21:35:00	2026-06-13T00:00:00	东方航空	MU7013	经济舱	520	31	36
FLIGHT	C005	C039	SHA	T2	PKX	T2	2026-06-12T21:35:00	2026-06-13T00:00:00	东方航空	MU7013	公务舱	1350	7	8
FLIGHT	C039	C112	PKX	T2	CAN	T2	2026-06-12T17:20:00	2026-06-12T20:35:00	中国国航	CA7020	经济舱	720	33	36
FLIGHT	C039	C112	PKX	T2	CAN	T2	2026-06-12T17:20:00	2026-06-12T20:35:00	中国国航	CA7020	公务舱	1870	5	8
FLIGHT	C039	C112	PEK	T3	CAN	T2	2026-06-12T18:45:00	2026-06-12T22:00:00	中国国航	CA7021	经济舱	720	32	36
FLIGHT	C039	C112	PEK	T3	CAN	T2	2026-06-12T18:45:00	2026-06-12T22:00:00	中国国航	CA7021	公务舱	1870	8	8
FLIGHT	C039	C112	PKX	T2	CAN	T2	2026-06-12T20:10:00	2026-06-12T23:25:00	中国国航	CA7022	经济舱	720	31	36
FLIGHT	C039	C112	PKX	T2	CAN	T2	2026-06-12T20:10:00	2026-06-12T23:25:00	中国国航	CA7022	公务舱	1870	7	8
FLIGHT	C039	C112	PEK	T3	CAN	T2	2026-06-12T21:35:00	2026-06-13T00:50:00	中国国航	CA7023	经济舱	720	30	36
FLIGHT	C039	C112	PEK	T3	CAN	T2	2026-06-12T21:35:00	2026-06-13T00:50:00	中国国航	CA7023	公务舱	1870	6	8
FLIGHT	C112	C039	CAN	T2	PEK	T3	2026-06-12T17:20:00	2026-06-12T20:35:00	南方航空	CZ7030	经济舱	720	32	36
FLIGHT	C112	C039	CAN	T2	PEK	T3	2026-06-12T17:20:00	2026-06-12T20:35:00	南方航空	CZ7030	公务舱	1870	8	8
FLIGHT	C112	C039	CAN	T2	PKX	T2	2026-06-12T18:45:00	2026-06-12T22:00:00	南方航空	CZ7031	经济舱	720	31	36
FLIGHT	C112	C039	CAN	T2	PKX	T2	2026-06-12T18:45:00	2026-06-12T22:00:00	南方航空	CZ7031	公务舱	1870	7	8
FLIGHT	C112	C039	CAN	T2	PEK	T3	2026-06-12T20:10:00	2026-06-12T23:25:00	南方航空	CZ7032	经济舱	720	30	36
FLIGHT	C112	C039	CAN	T2	PEK	T3	2026-06-12T20:10:00	2026-06-12T23:25:00	南方航空	CZ7032	公务舱	1870	6	8
FLIGHT	C112	C039	CAN	T2	PKX	T2	2026-06-12T21:35:00	2026-06-13T00:50:00	南方航空	CZ7033	经济舱	720	29	36
FLIGHT	C112	C039	CAN	T2	PKX	T2	2026-06-12T21:35:00	2026-06-13T00:50:00	南方航空	CZ7033	公务舱	1870	5	8
FLIGHT	C039	C190	PKX	T2	SZX	T3	2026-06-12T17:20:00	2026-06-12T20:45:00	中国国航	CA7040	经济舱	760	31	36
FLIGHT	C039	C190	PKX	T2	SZX	T3	2026-06-12T17:20:00	2026-06-12T20:45:00	中国国航	CA7040	公务舱	1980	7	8
FLIGHT	C039	C190	PEK	T3	SZX	T3	2026-06-12T18:45:00	2026-06-12T22:10:00	中国国航	CA7041	经济舱	760	30	36
FLIGHT	C039	C190	PEK	T3	SZX	T3	2026-06-12T18:45:00	2026-06-12T22:10:00	中国国航	CA7041	公务舱	1980	6	8
FLIGHT	C039	C190	PKX	T2	SZX	T3	2026-06-12T20:10:00	2026-06-12T23:35:00	中国国航	CA7042	经济舱	760	29	36
FLIGHT	C039	C190	PKX	T2	SZX	T3	2026-06-12T20:10:00	2026-06-12T23:35:00	中国国航	CA7042	公务舱	1980	5	8
FLIGHT	C039	C190	PEK	T3	SZX	T3	2026-06-12T21:35:00	2026-06-13T01:00:00	中国国航	CA7043	经济舱	760	28	36
FLIGHT	C039	C190	PEK	T3	SZX	T3	2026-06-12T21:35:00	2026-06-13T01:00:00	中国国航	CA7043	公务舱	1980	8	8
FLIGHT	C190	C039	SZX	T3	PEK	T3	2026-06-12T17:20:00	2026-06-12T20:45:00	深圳航空	ZH7050	经济舱	760	30	36
FLIGHT	C190	C039	SZX	T3	PEK	T3	2026-06-12T17:20:00	2026-06-12T20:45:00	深圳航空	ZH7050	公务舱	1980	6	8
FLIGHT	C190	C039	SZX	T3	PKX	T2	2026-06-12T18:45:00	2026-06-12T22:10:00	深圳航空	ZH7051	经济舱	760	29	36
FLIGHT	C190	C039	SZX	T3	PKX	T2	2026-06-12T18:45:00	2026-06-12T22:10:00	深圳航空	ZH7051	公务舱	1980	5	8
FLIGHT	C190	C039	SZX	T3	PEK	T3	2026-06-12T20:10:00	2026-06-12T23:35:00	深圳航空	ZH7052	经济舱	760	28	36
FLIGHT	C190	C039	SZX	T3	PEK	T3	2026-06-12T20:10:00	2026-06-12T23:35:00	深圳航空	ZH7052	公务舱	1980	8	8
FLIGHT	C190	C039	SZX	T3	PKX	T2	2026-06-12T21:35:00	2026-06-13T01:00:00	深圳航空	ZH7053	经济舱	760	27	36
FLIGHT	C190	C039	SZX	T3	PKX	T2	2026-06-12T21:35:00	2026-06-13T01:00:00	深圳航空	ZH7053	公务舱	1980	7	8
FLIGHT	C005	C112	PVG	T2	CAN	T2	2026-06-12T17:20:00	2026-06-12T19:55:00	东方航空	MU7060	经济舱	610	29	36
FLIGHT	C005	C112	PVG	T2	CAN	T2	2026-06-12T17:20:00	2026-06-12T19:55:00	东方航空	MU7060	公务舱	1590	5	8
FLIGHT	C005	C112	SHA	T2	CAN	T2	2026-06-12T18:45:00	2026-06-12T21:20:00	东方航空	MU7061	经济舱	610	28	36
FLIGHT	C005	C112	SHA	T2	CAN	T2	2026-06-12T18:45:00	2026-06-12T21:20:00	东方航空	MU7061	公务舱	1590	8	8
FLIGHT	C005	C112	PVG	T2	CAN	T2	2026-06-12T20:10:00	2026-06-12T22:45:00	东方航空	MU7062	经济舱	610	27	36
FLIGHT	C005	C112	PVG	T2	CAN	T2	2026-06-12T20:10:00	2026-06-12T22:45:00	东方航空	MU7062	公务舱	1590	7	8
FLIGHT	C005	C112	SHA	T2	CAN	T2	2026-06-12T21:35:00	2026-06-13T00:10:00	东方航空	MU7063	经济舱	610	26	36
FLIGHT	C005	C112	SHA	T2	CAN	T2	2026-06-12T21:35:00	2026-06-13T00:10:00	东方航空	MU7063	公务舱	1590	6	8
FLIGHT	C112	C005	CAN	T2	SHA	T2	2026-06-12T17:20:00	2026-06-12T19:55:00	南方航空	CZ7070	经济舱	610	28	36
FLIGHT	C112	C005	CAN	T2	SHA	T2	2026-06-12T17:20:00	2026-06-12T19:55:00	南方航空	CZ7070	公务舱	1590	8	8
FLIGHT	C112	C005	CAN	T2	PVG	T2	2026-06-12T18:45:00	2026-06-12T21:20:00	南方航空	CZ7071	经济舱	610	27	36
FLIGHT	C112	C005	CAN	T2	PVG	T2	2026-06-12T18:45:00	2026-06-12T21:20:00	南方航空	CZ7071	公务舱	1590	7	8
FLIGHT	C112	C005	CAN	T2	SHA	T2	2026-06-12T20:10:00	2026-06-12T22:45:00	南方航空	CZ7072	经济舱	610	26	36
FLIGHT	C112	C005	CAN	T2	SHA	T2	2026-06-12T20:10:00	2026-06-12T22:45:00	南方航空	CZ7072	公务舱	1590	6	8
FLIGHT	C112	C005	CAN	T2	PVG	T2	2026-06-12T21:35:00	2026-06-13T00:10:00	南方航空	CZ7073	经济舱	610	25	36
FLIGHT	C112	C005	CAN	T2	PVG	T2	2026-06-12T21:35:00	2026-06-13T00:10:00	南方航空	CZ7073	公务舱	1590	5	8
FLIGHT	C005	C190	PVG	T2	SZX	T3	2026-06-12T17:20:00	2026-06-12T19:55:00	东方航空	MU7080	经济舱	640	27	36
FLIGHT	C005	C190	PVG	T2	SZX	T3	2026-06-12T17:20:00	2026-06-12T19:55:00	东方航空	MU7080	公务舱	1660	7	8
FLIGHT	C005	C190	SHA	T2	SZX	T3	2026-06-12T18:45:00	2026-06-12T21:20:00	东方航空	MU7081	经济舱	640	26	36
FLIGHT	C005	C190	SHA	T2	SZX	T3	2026-06-12T18:45:00	2026-06-12T21:20:00	东方航空	MU7081	公务舱	1660	6	8
FLIGHT	C005	C190	PVG	T2	SZX	T3	2026-06-12T20:10:00	2026-06-12T22:45:00	东方航空	MU7082	经济舱	640	25	36
FLIGHT	C005	C190	PVG	T2	SZX	T3	2026-06-12T20:10:00	2026-06-12T22:45:00	东方航空	MU7082	公务舱	1660	5	8
FLIGHT	C005	C190	SHA	T2	SZX	T3	2026-06-12T21:35:00	2026-06-13T00:10:00	东方航空	MU7083	经济舱	640	24	36
FLIGHT	C005	C190	SHA	T2	SZX	T3	2026-06-12T21:35:00	2026-06-13T00:10:00	东方航空	MU7083	公务舱	1660	8	8
FLIGHT	C190	C005	SZX	T3	SHA	T2	2026-06-12T17:20:00	2026-06-12T19:55:00	深圳航空	ZH7090	经济舱	640	26	36
FLIGHT	C190	C005	SZX	T3	SHA	T2	2026-06-12T17:20:00	2026-06-12T19:55:00	深圳航空	ZH7090	公务舱	1660	6	8
FLIGHT	C190	C005	SZX	T3	PVG	T2	2026-06-12T18:45:00	2026-06-12T21:20:00	深圳航空	ZH7091	经济舱	640	25	36
FLIGHT	C190	C005	SZX	T3	PVG	T2	2026-06-12T18:45:00	2026-06-12T21:20:00	深圳航空	ZH7091	公务舱	1660	5	8
FLIGHT	C190	C005	SZX	T3	SHA	T2	2026-06-12T20:10:00	2026-06-12T22:45:00	深圳航空	ZH7092	经济舱	640	24	36
FLIGHT	C190	C005	SZX	T3	SHA	T2	2026-06-12T20:10:00	2026-06-12T22:45:00	深圳航空	ZH7092	公务舱	1660	8	8
FLIGHT	C190	C005	SZX	T3	PVG	T2	2026-06-12T21:35:00	2026-06-13T00:10:00	深圳航空	ZH7093	经济舱	640	23	36
FLIGHT	C190	C005	SZX	T3	PVG	T2	2026-06-12T21:35:00	2026-06-13T00:10:00	深圳航空	ZH7093	公务舱	1660	7	8
FLIGHT	C039	C128	PKX	T2	CTU	T2	2026-06-12T17:20:00	2026-06-12T20:20:00	中国国航	CA7100	经济舱	690	25	36
FLIGHT	C039	C128	PKX	T2	CTU	T2	2026-06-12T17:20:00	2026-06-12T20:20:00	中国国航	CA7100	公务舱	1790	5	8
FLIGHT	C039	C128	PEK	T3	TFU	T2	2026-06-12T18:45:00	2026-06-12T21:45:00	中国国航	CA7101	经济舱	690	24	36
FLIGHT	C039	C128	PEK	T3	TFU	T2	2026-06-12T18:45:00	2026-06-12T21:45:00	中国国航	CA7101	公务舱	1790	8	8
FLIGHT	C039	C128	PKX	T2	CTU	T2	2026-06-12T20:10:00	2026-06-12T23:10:00	中国国航	CA7102	经济舱	690	23	36
FLIGHT	C039	C128	PKX	T2	CTU	T2	2026-06-12T20:10:00	2026-06-12T23:10:00	中国国航	CA7102	公务舱	1790	7	8
FLIGHT	C039	C128	PEK	T3	TFU	T2	2026-06-12T21:35:00	2026-06-13T00:35:00	中国国航	CA7103	经济舱	690	22	36
FLIGHT	C039	C128	PEK	T3	TFU	T2	2026-06-12T21:35:00	2026-06-13T00:35:00	中国国航	CA7103	公务舱	1790	6	8
FLIGHT	C128	C039	TFU	T2	PEK	T3	2026-06-12T17:20:00	2026-06-12T20:20:00	四川航空	3U7110	经济舱	690	24	36
FLIGHT	C128	C039	TFU	T2	PEK	T3	2026-06-12T17:20:00	2026-06-12T20:20:00	四川航空	3U7110	公务舱	1790	8	8
FLIGHT	C128	C039	CTU	T2	PKX	T2	2026-06-12T18:45:00	2026-06-12T21:45:00	四川航空	3U7111	经济舱	690	23	36
FLIGHT	C128	C039	CTU	T2	PKX	T2	2026-06-12T18:45:00	2026-06-12T21:45:00	四川航空	3U7111	公务舱	1790	7	8
FLIGHT	C128	C039	TFU	T2	PEK	T3	2026-06-12T20:10:00	2026-06-12T23:10:00	四川航空	3U7112	经济舱	690	22	36
FLIGHT	C128	C039	TFU	T2	PEK	T3	2026-06-12T20:10:00	2026-06-12T23:10:00	四川航空	3U7112	公务舱	1790	6	8
FLIGHT	C128	C039	CTU	T2	PKX	T2	2026-06-12T21:35:00	2026-06-13T00:35:00	四川航空	3U7113	经济舱	690	21	36
FLIGHT	C128	C039	CTU	T2	PKX	T2	2026-06-12T21:35:00	2026-06-13T00:35:00	四川航空	3U7113	公务舱	1790	5	8
FLIGHT	C005	C128	PVG	T2	CTU	T2	2026-06-12T17:20:00	2026-06-12T20:30:00	东方航空	MU7120	经济舱	720	23	36
FLIGHT	C005	C128	PVG	T2	CTU	T2	2026-06-12T17:20:00	2026-06-12T20:30:00	东方航空	MU7120	公务舱	1870	7	8
FLIGHT	C005	C128	SHA	T2	TFU	T2	2026-06-12T18:45:00	2026-06-12T21:55:00	东方航空	MU7121	经济舱	720	22	36
FLIGHT	C005	C128	SHA	T2	TFU	T2	2026-06-12T18:45:00	2026-06-12T21:55:00	东方航空	MU7121	公务舱	1870	6	8
FLIGHT	C005	C128	PVG	T2	CTU	T2	2026-06-12T20:10:00	2026-06-12T23:20:00	东方航空	MU7122	经济舱	720	21	36
FLIGHT	C005	C128	PVG	T2	CTU	T2	2026-06-12T20:10:00	2026-06-12T23:20:00	东方航空	MU7122	公务舱	1870	5	8
FLIGHT	C005	C128	SHA	T2	TFU	T2	2026-06-12T21:35:00	2026-06-13T00:45:00	东方航空	MU7123	经济舱	720	20	36
FLIGHT	C005	C128	SHA	T2	TFU	T2	2026-06-12T21:35:00	2026-06-13T00:45:00	东方航空	MU7123	公务舱	1870	8	8
FLIGHT	C128	C005	TFU	T2	SHA	T2	2026-06-12T17:20:00	2026-06-12T20:30:00	四川航空	3U7130	经济舱	720	22	36
FLIGHT	C128	C005	TFU	T2	SHA	T2	2026-06-12T17:20:00	2026-06-12T20:30:00	四川航空	3U7130	公务舱	1870	6	8
FLIGHT	C128	C005	CTU	T2	PVG	T2	2026-06-12T18:45:00	2026-06-12T21:55:00	四川航空	3U7131	经济舱	720	21	36
FLIGHT	C128	C005	CTU	T2	PVG	T2	2026-06-12T18:45:00	2026-06-12T21:55:00	四川航空	3U7131	公务舱	1870	5	8
FLIGHT	C128	C005	TFU	T2	SHA	T2	2026-06-12T20:10:00	2026-06-12T23:20:00	四川航空	3U7132	经济舱	720	20	36
FLIGHT	C128	C005	TFU	T2	SHA	T2	2026-06-12T20:10:00	2026-06-12T23:20:00	四川航空	3U7132	公务舱	1870	8	8
FLIGHT	C128	C005	CTU	T2	PVG	T2	2026-06-12T21:35:00	2026-06-13T00:45:00	四川航空	3U7133	经济舱	720	19	36
FLIGHT	C128	C005	CTU	T2	PVG	T2	2026-06-12T21:35:00	2026-06-13T00:45:00	四川航空	3U7133	公务舱	1870	7	8
FLIGHT	C112	C128	CAN	T2	CTU	T2	2026-06-12T17:20:00	2026-06-12T19:40:00	南方航空	CZ7140	经济舱	560	21	36
FLIGHT	C112	C128	CAN	T2	CTU	T2	2026-06-12T17:20:00	2026-06-12T19:40:00	南方航空	CZ7140	公务舱	1460	5	8
FLIGHT	C112	C128	CAN	T2	TFU	T2	2026-06-12T18:45:00	2026-06-12T21:05:00	南方航空	CZ7141	经济舱	560	20	36
FLIGHT	C112	C128	CAN	T2	TFU	T2	2026-06-12T18:45:00	2026-06-12T21:05:00	南方航空	CZ7141	公务舱	1460	8	8
FLIGHT	C112	C128	CAN	T2	CTU	T2	2026-06-12T20:10:00	2026-06-12T22:30:00	南方航空	CZ7142	经济舱	560	19	36
FLIGHT	C112	C128	CAN	T2	CTU	T2	2026-06-12T20:10:00	2026-06-12T22:30:00	南方航空	CZ7142	公务舱	1460	7	8
FLIGHT	C112	C128	CAN	T2	TFU	T2	2026-06-12T21:35:00	2026-06-12T23:55:00	南方航空	CZ7143	经济舱	560	36	36
FLIGHT	C112	C128	CAN	T2	TFU	T2	2026-06-12T21:35:00	2026-06-12T23:55:00	南方航空	CZ7143	公务舱	1460	6	8
FLIGHT	C128	C112	TFU	T2	CAN	T2	2026-06-12T17:20:00	2026-06-12T19:40:00	四川航空	3U7150	经济舱	560	20	36
FLIGHT	C128	C112	TFU	T2	CAN	T2	2026-06-12T17:20:00	2026-06-12T19:40:00	四川航空	3U7150	公务舱	1460	8	8
FLIGHT	C128	C112	CTU	T2	CAN	T2	2026-06-12T18:45:00	2026-06-12T21:05:00	四川航空	3U7151	经济舱	560	19	36
FLIGHT	C128	C112	CTU	T2	CAN	T2	2026-06-12T18:45:00	2026-06-12T21:05:00	四川航空	3U7151	公务舱	1460	7	8
FLIGHT	C128	C112	TFU	T2	CAN	T2	2026-06-12T20:10:00	2026-06-12T22:30:00	四川航空	3U7152	经济舱	560	36	36
FLIGHT	C128	C112	TFU	T2	CAN	T2	2026-06-12T20:10:00	2026-06-12T22:30:00	四川航空	3U7152	公务舱	1460	6	8
FLIGHT	C128	C112	CTU	T2	CAN	T2	2026-06-12T21:35:00	2026-06-12T23:55:00	四川航空	3U7153	经济舱	560	35	36
FLIGHT	C128	C112	CTU	T2	CAN	T2	2026-06-12T21:35:00	2026-06-12T23:55:00	四川航空	3U7153	公务舱	1460	5	8
FLIGHT	C039	C153	PKX	T2	HGH	T4	2026-06-12T17:20:00	2026-06-12T19:30:00	中国国航	CA7160	经济舱	480	19	36
FLIGHT	C039	C153	PKX	T2	HGH	T4	2026-06-12T17:20:00	2026-06-12T19:30:00	中国国航	CA7160	公务舱	1250	7	8
FLIGHT	C039	C153	PEK	T3	HGH	T4	2026-06-12T18:45:00	2026-06-12T20:55:00	中国国航	CA7161	经济舱	480	36	36
FLIGHT	C039	C153	PEK	T3	HGH	T4	2026-06-12T18:45:00	2026-06-12T20:55:00	中国国航	CA7161	公务舱	1250	6	8
FLIGHT	C039	C153	PKX	T2	HGH	T4	2026-06-12T20:10:00	2026-06-12T22:20:00	中国国航	CA7162	经济舱	480	35	36
FLIGHT	C039	C153	PKX	T2	HGH	T4	2026-06-12T20:10:00	2026-06-12T22:20:00	中国国航	CA7162	公务舱	1250	5	8
FLIGHT	C039	C153	PEK	T3	HGH	T4	2026-06-12T21:35:00	2026-06-12T23:45:00	中国国航	CA7163	经济舱	480	34	36
FLIGHT	C039	C153	PEK	T3	HGH	T4	2026-06-12T21:35:00	2026-06-12T23:45:00	中国国航	CA7163	公务舱	1250	8	8
FLIGHT	C153	C039	HGH	T4	PEK	T3	2026-06-12T17:20:00	2026-06-12T19:30:00	海南航空	HU7170	经济舱	480	36	36
FLIGHT	C153	C039	HGH	T4	PEK	T3	2026-06-12T17:20:00	2026-06-12T19:30:00	海南航空	HU7170	公务舱	1250	6	8
FLIGHT	C153	C039	HGH	T4	PKX	T2	2026-06-12T18:45:00	2026-06-12T20:55:00	海南航空	HU7171	经济舱	480	35	36
FLIGHT	C153	C039	HGH	T4	PKX	T2	2026-06-12T18:45:00	2026-06-12T20:55:00	海南航空	HU7171	公务舱	1250	5	8
FLIGHT	C153	C039	HGH	T4	PEK	T3	2026-06-12T20:10:00	2026-06-12T22:20:00	海南航空	HU7172	经济舱	480	34	36
FLIGHT	C153	C039	HGH	T4	PEK	T3	2026-06-12T20:10:00	2026-06-12T22:20:00	海南航空	HU7172	公务舱	1250	8	8
FLIGHT	C153	C039	HGH	T4	PKX	T2	2026-06-12T21:35:00	2026-06-12T23:45:00	海南航空	HU7173	经济舱	480	33	36
FLIGHT	C153	C039	HGH	T4	PKX	T2	2026-06-12T21:35:00	2026-06-12T23:45:00	海南航空	HU7173	公务舱	1250	7	8
FLIGHT	C005	C246	PVG	T2	XIY	T3	2026-06-12T17:20:00	2026-06-12T20:00:00	东方航空	MU7180	经济舱	650	35	36
FLIGHT	C005	C246	PVG	T2	XIY	T3	2026-06-12T17:20:00	2026-06-12T20:00:00	东方航空	MU7180	公务舱	1690	5	8
FLIGHT	C005	C246	SHA	T2	XIY	T3	2026-06-12T18:45:00	2026-06-12T21:25:00	东方航空	MU7181	经济舱	650	34	36
FLIGHT	C005	C246	SHA	T2	XIY	T3	2026-06-12T18:45:00	2026-06-12T21:25:00	东方航空	MU7181	公务舱	1690	8	8
FLIGHT	C005	C246	PVG	T2	XIY	T3	2026-06-12T20:10:00	2026-06-12T22:50:00	东方航空	MU7182	经济舱	650	33	36
FLIGHT	C005	C246	PVG	T2	XIY	T3	2026-06-12T20:10:00	2026-06-12T22:50:00	东方航空	MU7182	公务舱	1690	7	8
FLIGHT	C005	C246	SHA	T2	XIY	T3	2026-06-12T21:35:00	2026-06-13T00:15:00	东方航空	MU7183	经济舱	650	32	36
FLIGHT	C005	C246	SHA	T2	XIY	T3	2026-06-12T21:35:00	2026-06-13T00:15:00	东方航空	MU7183	公务舱	1690	6	8
FLIGHT	C246	C005	XIY	T3	SHA	T2	2026-06-12T17:20:00	2026-06-12T20:00:00	海南航空	HU7190	经济舱	650	34	36
FLIGHT	C246	C005	XIY	T3	SHA	T2	2026-06-12T17:20:00	2026-06-12T20:00:00	海南航空	HU7190	公务舱	1690	8	8
FLIGHT	C246	C005	XIY	T3	PVG	T2	2026-06-12T18:45:00	2026-06-12T21:25:00	海南航空	HU7191	经济舱	650	33	36
FLIGHT	C246	C005	XIY	T3	PVG	T2	2026-06-12T18:45:00	2026-06-12T21:25:00	海南航空	HU7191	公务舱	1690	7	8
FLIGHT	C246	C005	XIY	T3	SHA	T2	2026-06-12T20:10:00	2026-06-12T22:50:00	海南航空	HU7192	经济舱	650	32	36
FLIGHT	C246	C005	XIY	T3	SHA	T2	2026-06-12T20:10:00	2026-06-12T22:50:00	海南航空	HU7192	公务舱	1690	6	8
FLIGHT	C246	C005	XIY	T3	PVG	T2	2026-06-12T21:35:00	2026-06-13T00:15:00	海南航空	HU7193	经济舱	650	31	36
FLIGHT	C246	C005	XIY	T3	PVG	T2	2026-06-12T21:35:00	2026-06-13T00:15:00	海南航空	HU7193	公务舱	1690	5	8
FLIGHT	C039	C272	PKX	T2	CKG	T3	2026-06-12T17:20:00	2026-06-12T20:10:00	中国国航	CA7200	经济舱	680	33	36
FLIGHT	C039	C272	PKX	T2	CKG	T3	2026-06-12T17:20:00	2026-06-12T20:10:00	中国国航	CA7200	公务舱	1770	7	8
FLIGHT	C039	C272	PEK	T3	CKG	T3	2026-06-12T18:45:00	2026-06-12T21:35:00	中国国航	CA7201	经济舱	680	32	36
FLIGHT	C039	C272	PEK	T3	CKG	T3	2026-06-12T18:45:00	2026-06-12T21:35:00	中国国航	CA7201	公务舱	1770	6	8
FLIGHT	C039	C272	PKX	T2	CKG	T3	2026-06-12T20:10:00	2026-06-12T23:00:00	中国国航	CA7202	经济舱	680	31	36
FLIGHT	C039	C272	PKX	T2	CKG	T3	2026-06-12T20:10:00	2026-06-12T23:00:00	中国国航	CA7202	公务舱	1770	5	8
FLIGHT	C039	C272	PEK	T3	CKG	T3	2026-06-12T21:35:00	2026-06-13T00:25:00	中国国航	CA7203	经济舱	680	30	36
FLIGHT	C039	C272	PEK	T3	CKG	T3	2026-06-12T21:35:00	2026-06-13T00:25:00	中国国航	CA7203	公务舱	1770	8	8
FLIGHT	C272	C039	CKG	T3	PEK	T3	2026-06-12T17:20:00	2026-06-12T20:10:00	四川航空	3U7210	经济舱	680	32	36
FLIGHT	C272	C039	CKG	T3	PEK	T3	2026-06-12T17:20:00	2026-06-12T20:10:00	四川航空	3U7210	公务舱	1770	6	8
FLIGHT	C272	C039	CKG	T3	PKX	T2	2026-06-12T18:45:00	2026-06-12T21:35:00	四川航空	3U7211	经济舱	680	31	36
FLIGHT	C272	C039	CKG	T3	PKX	T2	2026-06-12T18:45:00	2026-06-12T21:35:00	四川航空	3U7211	公务舱	1770	5	8
FLIGHT	C272	C039	CKG	T3	PEK	T3	2026-06-12T20:10:00	2026-06-12T23:00:00	四川航空	3U7212	经济舱	680	30	36
FLIGHT	C272	C039	CKG	T3	PEK	T3	2026-06-12T20:10:00	2026-06-12T23:00:00	四川航空	3U7212	公务舱	1770	8	8
FLIGHT	C272	C039	CKG	T3	PKX	T2	2026-06-12T21:35:00	2026-06-13T00:25:00	四川航空	3U7213	经济舱	680	29	36
FLIGHT	C272	C039	CKG	T3	PKX	T2	2026-06-12T21:35:00	2026-06-13T00:25:00	四川航空	3U7213	公务舱	1770	7	8
FLIGHT	C039	C005	PEK	T3	PVG	T2	2026-06-13T17:20:00	2026-06-13T19:45:00	中国国航	CA7000	经济舱	520	34	36
FLIGHT	C039	C005	PEK	T3	PVG	T2	2026-06-13T17:20:00	2026-06-13T19:45:00	中国国航	CA7000	公务舱	1350	6	8
FLIGHT	C039	C005	PKX	T2	SHA	T2	2026-06-13T18:45:00	2026-06-13T21:10:00	中国国航	CA7001	经济舱	520	33	36
FLIGHT	C039	C005	PKX	T2	SHA	T2	2026-06-13T18:45:00	2026-06-13T21:10:00	中国国航	CA7001	公务舱	1350	5	8
FLIGHT	C039	C005	PEK	T3	PVG	T2	2026-06-13T20:10:00	2026-06-13T22:35:00	中国国航	CA7002	经济舱	520	32	36
FLIGHT	C039	C005	PEK	T3	PVG	T2	2026-06-13T20:10:00	2026-06-13T22:35:00	中国国航	CA7002	公务舱	1350	8	8
FLIGHT	C039	C005	PKX	T2	SHA	T2	2026-06-13T21:35:00	2026-06-14T00:00:00	中国国航	CA7003	经济舱	520	31	36
FLIGHT	C039	C005	PKX	T2	SHA	T2	2026-06-13T21:35:00	2026-06-14T00:00:00	中国国航	CA7003	公务舱	1350	7	8
FLIGHT	C005	C039	SHA	T2	PKX	T2	2026-06-13T17:20:00	2026-06-13T19:45:00	东方航空	MU7010	经济舱	520	33	36
FLIGHT	C005	C039	SHA	T2	PKX	T2	2026-06-13T17:20:00	2026-06-13T19:45:00	东方航空	MU7010	公务舱	1350	5	8
FLIGHT	C005	C039	PVG	T2	PEK	T3	2026-06-13T18:45:00	2026-06-13T21:10:00	东方航空	MU7011	经济舱	520	32	36
FLIGHT	C005	C039	PVG	T2	PEK	T3	2026-06-13T18:45:00	2026-06-13T21:10:00	东方航空	MU7011	公务舱	1350	8	8
FLIGHT	C005	C039	SHA	T2	PKX	T2	2026-06-13T20:10:00	2026-06-13T22:35:00	东方航空	MU7012	经济舱	520	31	36
FLIGHT	C005	C039	SHA	T2	PKX	T2	2026-06-13T20:10:00	2026-06-13T22:35:00	东方航空	MU7012	公务舱	1350	7	8
FLIGHT	C005	C039	PVG	T2	PEK	T3	2026-06-13T21:35:00	2026-06-14T00:00:00	东方航空	MU7013	经济舱	520	30	36
FLIGHT	C005	C039	PVG	T2	PEK	T3	2026-06-13T21:35:00	2026-06-14T00:00:00	东方航空	MU7013	公务舱	1350	6	8
FLIGHT	C039	C112	PEK	T3	CAN	T2	2026-06-13T17:20:00	2026-06-13T20:35:00	中国国航	CA7020	经济舱	720	32	36
FLIGHT	C039	C112	PEK	T3	CAN	T2	2026-06-13T17:20:00	2026-06-13T20:35:00	中国国航	CA7020	公务舱	1870	8	8
FLIGHT	C039	C112	PKX	T2	CAN	T2	2026-06-13T18:45:00	2026-06-13T22:00:00	中国国航	CA7021	经济舱	720	31	36
FLIGHT	C039	C112	PKX	T2	CAN	T2	2026-06-13T18:45:00	2026-06-13T22:00:00	中国国航	CA7021	公务舱	1870	7	8
FLIGHT	C039	C112	PEK	T3	CAN	T2	2026-06-13T20:10:00	2026-06-13T23:25:00	中国国航	CA7022	经济舱	720	30	36
FLIGHT	C039	C112	PEK	T3	CAN	T2	2026-06-13T20:10:00	2026-06-13T23:25:00	中国国航	CA7022	公务舱	1870	6	8
FLIGHT	C039	C112	PKX	T2	CAN	T2	2026-06-13T21:35:00	2026-06-14T00:50:00	中国国航	CA7023	经济舱	720	29	36
FLIGHT	C039	C112	PKX	T2	CAN	T2	2026-06-13T21:35:00	2026-06-14T00:50:00	中国国航	CA7023	公务舱	1870	5	8
FLIGHT	C112	C039	CAN	T2	PKX	T2	2026-06-13T17:20:00	2026-06-13T20:35:00	南方航空	CZ7030	经济舱	720	31	36
FLIGHT	C112	C039	CAN	T2	PKX	T2	2026-06-13T17:20:00	2026-06-13T20:35:00	南方航空	CZ7030	公务舱	1870	7	8
FLIGHT	C112	C039	CAN	T2	PEK	T3	2026-06-13T18:45:00	2026-06-13T22:00:00	南方航空	CZ7031	经济舱	720	30	36
FLIGHT	C112	C039	CAN	T2	PEK	T3	2026-06-13T18:45:00	2026-06-13T22:00:00	南方航空	CZ7031	公务舱	1870	6	8
FLIGHT	C112	C039	CAN	T2	PKX	T2	2026-06-13T20:10:00	2026-06-13T23:25:00	南方航空	CZ7032	经济舱	720	29	36
FLIGHT	C112	C039	CAN	T2	PKX	T2	2026-06-13T20:10:00	2026-06-13T23:25:00	南方航空	CZ7032	公务舱	1870	5	8
FLIGHT	C112	C039	CAN	T2	PEK	T3	2026-06-13T21:35:00	2026-06-14T00:50:00	南方航空	CZ7033	经济舱	720	28	36
FLIGHT	C112	C039	CAN	T2	PEK	T3	2026-06-13T21:35:00	2026-06-14T00:50:00	南方航空	CZ7033	公务舱	1870	8	8
FLIGHT	C039	C190	PEK	T3	SZX	T3	2026-06-13T17:20:00	2026-06-13T20:45:00	中国国航	CA7040	经济舱	760	30	36
FLIGHT	C039	C190	PEK	T3	SZX	T3	2026-06-13T17:20:00	2026-06-13T20:45:00	中国国航	CA7040	公务舱	1980	6	8
FLIGHT	C039	C190	PKX	T2	SZX	T3	2026-06-13T18:45:00	2026-06-13T22:10:00	中国国航	CA7041	经济舱	760	29	36
FLIGHT	C039	C190	PKX	T2	SZX	T3	2026-06-13T18:45:00	2026-06-13T22:10:00	中国国航	CA7041	公务舱	1980	5	8
FLIGHT	C039	C190	PEK	T3	SZX	T3	2026-06-13T20:10:00	2026-06-13T23:35:00	中国国航	CA7042	经济舱	760	28	36
FLIGHT	C039	C190	PEK	T3	SZX	T3	2026-06-13T20:10:00	2026-06-13T23:35:00	中国国航	CA7042	公务舱	1980	8	8
FLIGHT	C039	C190	PKX	T2	SZX	T3	2026-06-13T21:35:00	2026-06-14T01:00:00	中国国航	CA7043	经济舱	760	27	36
FLIGHT	C039	C190	PKX	T2	SZX	T3	2026-06-13T21:35:00	2026-06-14T01:00:00	中国国航	CA7043	公务舱	1980	7	8
FLIGHT	C190	C039	SZX	T3	PKX	T2	2026-06-13T17:20:00	2026-06-13T20:45:00	深圳航空	ZH7050	经济舱	760	29	36
FLIGHT	C190	C039	SZX	T3	PKX	T2	2026-06-13T17:20:00	2026-06-13T20:45:00	深圳航空	ZH7050	公务舱	1980	5	8
FLIGHT	C190	C039	SZX	T3	PEK	T3	2026-06-13T18:45:00	2026-06-13T22:10:00	深圳航空	ZH7051	经济舱	760	28	36
FLIGHT	C190	C039	SZX	T3	PEK	T3	2026-06-13T18:45:00	2026-06-13T22:10:00	深圳航空	ZH7051	公务舱	1980	8	8
FLIGHT	C190	C039	SZX	T3	PKX	T2	2026-06-13T20:10:00	2026-06-13T23:35:00	深圳航空	ZH7052	经济舱	760	27	36
FLIGHT	C190	C039	SZX	T3	PKX	T2	2026-06-13T20:10:00	2026-06-13T23:35:00	深圳航空	ZH7052	公务舱	1980	7	8
FLIGHT	C190	C039	SZX	T3	PEK	T3	2026-06-13T21:35:00	2026-06-14T01:00:00	深圳航空	ZH7053	经济舱	760	26	36
FLIGHT	C190	C039	SZX	T3	PEK	T3	2026-06-13T21:35:00	2026-06-14T01:00:00	深圳航空	ZH7053	公务舱	1980	6	8
FLIGHT	C005	C112	SHA	T2	CAN	T2	2026-06-13T17:20:00	2026-06-13T19:55:00	东方航空	MU7060	经济舱	610	28	36
FLIGHT	C005	C112	SHA	T2	CAN	T2	2026-06-13T17:20:00	2026-06-13T19:55:00	东方航空	MU7060	公务舱	1590	8	8
FLIGHT	C005	C112	PVG	T2	CAN	T2	2026-06-13T18:45:00	2026-06-13T21:20:00	东方航空	MU7061	经济舱	610	27	36
FLIGHT	C005	C112	PVG	T2	CAN	T2	2026-06-13T18:45:00	2026-06-13T21:20:00	东方航空	MU7061	公务舱	1590	7	8
FLIGHT	C005	C112	SHA	T2	CAN	T2	2026-06-13T20:10:00	2026-06-13T22:45:00	东方航空	MU7062	经济舱	610	26	36
FLIGHT	C005	C112	SHA	T2	CAN	T2	2026-06-13T20:10:00	2026-06-13T22:45:00	东方航空	MU7062	公务舱	1590	6	8
FLIGHT	C005	C112	PVG	T2	CAN	T2	2026-06-13T21:35:00	2026-06-14T00:10:00	东方航空	MU7063	经济舱	610	25	36
FLIGHT	C005	C112	PVG	T2	CAN	T2	2026-06-13T21:35:00	2026-06-14T00:10:00	东方航空	MU7063	公务舱	1590	5	8
FLIGHT	C112	C005	CAN	T2	PVG	T2	2026-06-13T17:20:00	2026-06-13T19:55:00	南方航空	CZ7070	经济舱	610	27	36
FLIGHT	C112	C005	CAN	T2	PVG	T2	2026-06-13T17:20:00	2026-06-13T19:55:00	南方航空	CZ7070	公务舱	1590	7	8
FLIGHT	C112	C005	CAN	T2	SHA	T2	2026-06-13T18:45:00	2026-06-13T21:20:00	南方航空	CZ7071	经济舱	610	26	36
FLIGHT	C112	C005	CAN	T2	SHA	T2	2026-06-13T18:45:00	2026-06-13T21:20:00	南方航空	CZ7071	公务舱	1590	6	8
FLIGHT	C112	C005	CAN	T2	PVG	T2	2026-06-13T20:10:00	2026-06-13T22:45:00	南方航空	CZ7072	经济舱	610	25	36
FLIGHT	C112	C005	CAN	T2	PVG	T2	2026-06-13T20:10:00	2026-06-13T22:45:00	南方航空	CZ7072	公务舱	1590	5	8
FLIGHT	C112	C005	CAN	T2	SHA	T2	2026-06-13T21:35:00	2026-06-14T00:10:00	南方航空	CZ7073	经济舱	610	24	36
FLIGHT	C112	C005	CAN	T2	SHA	T2	2026-06-13T21:35:00	2026-06-14T00:10:00	南方航空	CZ7073	公务舱	1590	8	8
FLIGHT	C005	C190	SHA	T2	SZX	T3	2026-06-13T17:20:00	2026-06-13T19:55:00	东方航空	MU7080	经济舱	640	26	36
FLIGHT	C005	C190	SHA	T2	SZX	T3	2026-06-13T17:20:00	2026-06-13T19:55:00	东方航空	MU7080	公务舱	1660	6	8
FLIGHT	C005	C190	PVG	T2	SZX	T3	2026-06-13T18:45:00	2026-06-13T21:20:00	东方航空	MU7081	经济舱	640	25	36
FLIGHT	C005	C190	PVG	T2	SZX	T3	2026-06-13T18:45:00	2026-06-13T21:20:00	东方航空	MU7081	公务舱	1660	5	8
FLIGHT	C005	C190	SHA	T2	SZX	T3	2026-06-13T20:10:00	2026-06-13T22:45:00	东方航空	MU7082	经济舱	640	24	36
FLIGHT	C005	C190	SHA	T2	SZX	T3	2026-06-13T20:10:00	2026-06-13T22:45:00	东方航空	MU7082	公务舱	1660	8	8
FLIGHT	C005	C190	PVG	T2	SZX	T3	2026-06-13T21:35:00	2026-06-14T00:10:00	东方航空	MU7083	经济舱	640	23	36
FLIGHT	C005	C190	PVG	T2	SZX	T3	2026-06-13T21:35:00	2026-06-14T00:10:00	东方航空	MU7083	公务舱	1660	7	8
FLIGHT	C190	C005	SZX	T3	PVG	T2	2026-06-13T17:20:00	2026-06-13T19:55:00	深圳航空	ZH7090	经济舱	640	25	36
FLIGHT	C190	C005	SZX	T3	PVG	T2	2026-06-13T17:20:00	2026-06-13T19:55:00	深圳航空	ZH7090	公务舱	1660	5	8
FLIGHT	C190	C005	SZX	T3	SHA	T2	2026-06-13T18:45:00	2026-06-13T21:20:00	深圳航空	ZH7091	经济舱	640	24	36
FLIGHT	C190	C005	SZX	T3	SHA	T2	2026-06-13T18:45:00	2026-06-13T21:20:00	深圳航空	ZH7091	公务舱	1660	8	8
FLIGHT	C190	C005	SZX	T3	PVG	T2	2026-06-13T20:10:00	2026-06-13T22:45:00	深圳航空	ZH7092	经济舱	640	23	36
FLIGHT	C190	C005	SZX	T3	PVG	T2	2026-06-13T20:10:00	2026-06-13T22:45:00	深圳航空	ZH7092	公务舱	1660	7	8
FLIGHT	C190	C005	SZX	T3	SHA	T2	2026-06-13T21:35:00	2026-06-14T00:10:00	深圳航空	ZH7093	经济舱	640	22	36
FLIGHT	C190	C005	SZX	T3	SHA	T2	2026-06-13T21:35:00	2026-06-14T00:10:00	深圳航空	ZH7093	公务舱	1660	6	8
FLIGHT	C039	C128	PEK	T3	TFU	T2	2026-06-13T17:20:00	2026-06-13T20:20:00	中国国航	CA7100	经济舱	690	24	36
FLIGHT	C039	C128	PEK	T3	TFU	T2	2026-06-13T17:20:00	2026-06-13T20:20:00	中国国航	CA7100	公务舱	1790	8	8
FLIGHT	C039	C128	PKX	T2	CTU	T2	2026-06-13T18:45:00	2026-06-13T21:45:00	中国国航	CA7101	经济舱	690	23	36
FLIGHT	C039	C128	PKX	T2	CTU	T2	2026-06-13T18:45:00	2026-06-13T21:45:00	中国国航	CA7101	公务舱	1790	7	8
FLIGHT	C039	C128	PEK	T3	TFU	T2	2026-06-13T20:10:00	2026-06-13T23:10:00	中国国航	CA7102	经济舱	690	22	36
FLIGHT	C039	C128	PEK	T3	TFU	T2	2026-06-13T20:10:00	2026-06-13T23:10:00	中国国航	CA7102	公务舱	1790	6	8
FLIGHT	C039	C128	PKX	T2	CTU	T2	2026-06-13T21:35:00	2026-06-14T00:35:00	中国国航	CA7103	经济舱	690	21	36
FLIGHT	C039	C128	PKX	T2	CTU	T2	2026-06-13T21:35:00	2026-06-14T00:35:00	中国国航	CA7103	公务舱	1790	5	8
FLIGHT	C128	C039	CTU	T2	PKX	T2	2026-06-13T17:20:00	2026-06-13T20:20:00	四川航空	3U7110	经济舱	690	23	36
FLIGHT	C128	C039	CTU	T2	PKX	T2	2026-06-13T17:20:00	2026-06-13T20:20:00	四川航空	3U7110	公务舱	1790	7	8
FLIGHT	C128	C039	TFU	T2	PEK	T3	2026-06-13T18:45:00	2026-06-13T21:45:00	四川航空	3U7111	经济舱	690	22	36
FLIGHT	C128	C039	TFU	T2	PEK	T3	2026-06-13T18:45:00	2026-06-13T21:45:00	四川航空	3U7111	公务舱	1790	6	8
FLIGHT	C128	C039	CTU	T2	PKX	T2	2026-06-13T20:10:00	2026-06-13T23:10:00	四川航空	3U7112	经济舱	690	21	36
FLIGHT	C128	C039	CTU	T2	PKX	T2	2026-06-13T20:10:00	2026-06-13T23:10:00	四川航空	3U7112	公务舱	1790	5	8
FLIGHT	C128	C039	TFU	T2	PEK	T3	2026-06-13T21:35:00	2026-06-14T00:35:00	四川航空	3U7113	经济舱	690	20	36
FLIGHT	C128	C039	TFU	T2	PEK	T3	2026-06-13T21:35:00	2026-06-14T00:35:00	四川航空	3U7113	公务舱	1790	8	8
FLIGHT	C005	C128	SHA	T2	TFU	T2	2026-06-13T17:20:00	2026-06-13T20:30:00	东方航空	MU7120	经济舱	720	22	36
FLIGHT	C005	C128	SHA	T2	TFU	T2	2026-06-13T17:20:00	2026-06-13T20:30:00	东方航空	MU7120	公务舱	1870	6	8
FLIGHT	C005	C128	PVG	T2	CTU	T2	2026-06-13T18:45:00	2026-06-13T21:55:00	东方航空	MU7121	经济舱	720	21	36
FLIGHT	C005	C128	PVG	T2	CTU	T2	2026-06-13T18:45:00	2026-06-13T21:55:00	东方航空	MU7121	公务舱	1870	5	8
FLIGHT	C005	C128	SHA	T2	TFU	T2	2026-06-13T20:10:00	2026-06-13T23:20:00	东方航空	MU7122	经济舱	720	20	36
FLIGHT	C005	C128	SHA	T2	TFU	T2	2026-06-13T20:10:00	2026-06-13T23:20:00	东方航空	MU7122	公务舱	1870	8	8
FLIGHT	C005	C128	PVG	T2	CTU	T2	2026-06-13T21:35:00	2026-06-14T00:45:00	东方航空	MU7123	经济舱	720	19	36
FLIGHT	C005	C128	PVG	T2	CTU	T2	2026-06-13T21:35:00	2026-06-14T00:45:00	东方航空	MU7123	公务舱	1870	7	8
FLIGHT	C128	C005	CTU	T2	PVG	T2	2026-06-13T17:20:00	2026-06-13T20:30:00	四川航空	3U7130	经济舱	720	21	36
FLIGHT	C128	C005	CTU	T2	PVG	T2	2026-06-13T17:20:00	2026-06-13T20:30:00	四川航空	3U7130	公务舱	1870	5	8
FLIGHT	C128	C005	TFU	T2	SHA	T2	2026-06-13T18:45:00	2026-06-13T21:55:00	四川航空	3U7131	经济舱	720	20	36
FLIGHT	C128	C005	TFU	T2	SHA	T2	2026-06-13T18:45:00	2026-06-13T21:55:00	四川航空	3U7131	公务舱	1870	8	8
FLIGHT	C128	C005	CTU	T2	PVG	T2	2026-06-13T20:10:00	2026-06-13T23:20:00	四川航空	3U7132	经济舱	720	19	36
FLIGHT	C128	C005	CTU	T2	PVG	T2	2026-06-13T20:10:00	2026-06-13T23:20:00	四川航空	3U7132	公务舱	1870	7	8
FLIGHT	C128	C005	TFU	T2	SHA	T2	2026-06-13T21:35:00	2026-06-14T00:45:00	四川航空	3U7133	经济舱	720	36	36
FLIGHT	C128	C005	TFU	T2	SHA	T2	2026-06-13T21:35:00	2026-06-14T00:45:00	四川航空	3U7133	公务舱	1870	6	8
FLIGHT	C112	C128	CAN	T2	TFU	T2	2026-06-13T17:20:00	2026-06-13T19:40:00	南方航空	CZ7140	经济舱	560	20	36
FLIGHT	C112	C128	CAN	T2	TFU	T2	2026-06-13T17:20:00	2026-06-13T19:40:00	南方航空	CZ7140	公务舱	1460	8	8
FLIGHT	C112	C128	CAN	T2	CTU	T2	2026-06-13T18:45:00	2026-06-13T21:05:00	南方航空	CZ7141	经济舱	560	19	36
FLIGHT	C112	C128	CAN	T2	CTU	T2	2026-06-13T18:45:00	2026-06-13T21:05:00	南方航空	CZ7141	公务舱	1460	7	8
FLIGHT	C112	C128	CAN	T2	TFU	T2	2026-06-13T20:10:00	2026-06-13T22:30:00	南方航空	CZ7142	经济舱	560	36	36
FLIGHT	C112	C128	CAN	T2	TFU	T2	2026-06-13T20:10:00	2026-06-13T22:30:00	南方航空	CZ7142	公务舱	1460	6	8
FLIGHT	C112	C128	CAN	T2	CTU	T2	2026-06-13T21:35:00	2026-06-13T23:55:00	南方航空	CZ7143	经济舱	560	35	36
FLIGHT	C112	C128	CAN	T2	CTU	T2	2026-06-13T21:35:00	2026-06-13T23:55:00	南方航空	CZ7143	公务舱	1460	5	8
FLIGHT	C128	C112	CTU	T2	CAN	T2	2026-06-13T17:20:00	2026-06-13T19:40:00	四川航空	3U7150	经济舱	560	19	36
FLIGHT	C128	C112	CTU	T2	CAN	T2	2026-06-13T17:20:00	2026-06-13T19:40:00	四川航空	3U7150	公务舱	1460	7	8
FLIGHT	C128	C112	TFU	T2	CAN	T2	2026-06-13T18:45:00	2026-06-13T21:05:00	四川航空	3U7151	经济舱	560	36	36
FLIGHT	C128	C112	TFU	T2	CAN	T2	2026-06-13T18:45:00	2026-06-13T21:05:00	四川航空	3U7151	公务舱	1460	6	8
FLIGHT	C128	C112	CTU	T2	CAN	T2	2026-06-13T20:10:00	2026-06-13T22:30:00	四川航空	3U7152	经济舱	560	35	36
FLIGHT	C128	C112	CTU	T2	CAN	T2	2026-06-13T20:10:00	2026-06-13T22:30:00	四川航空	3U7152	公务舱	1460	5	8
FLIGHT	C128	C112	TFU	T2	CAN	T2	2026-06-13T21:35:00	2026-06-13T23:55:00	四川航空	3U7153	经济舱	560	34	36
FLIGHT	C128	C112	TFU	T2	CAN	T2	2026-06-13T21:35:00	2026-06-13T23:55:00	四川航空	3U7153	公务舱	1460	8	8
FLIGHT	C039	C153	PEK	T3	HGH	T4	2026-06-13T17:20:00	2026-06-13T19:30:00	中国国航	CA7160	经济舱	480	36	36
FLIGHT	C039	C153	PEK	T3	HGH	T4	2026-06-13T17:20:00	2026-06-13T19:30:00	中国国航	CA7160	公务舱	1250	6	8
FLIGHT	C039	C153	PKX	T2	HGH	T4	2026-06-13T18:45:00	2026-06-13T20:55:00	中国国航	CA7161	经济舱	480	35	36
FLIGHT	C039	C153	PKX	T2	HGH	T4	2026-06-13T18:45:00	2026-06-13T20:55:00	中国国航	CA7161	公务舱	1250	5	8
FLIGHT	C039	C153	PEK	T3	HGH	T4	2026-06-13T20:10:00	2026-06-13T22:20:00	中国国航	CA7162	经济舱	480	34	36
FLIGHT	C039	C153	PEK	T3	HGH	T4	2026-06-13T20:10:00	2026-06-13T22:20:00	中国国航	CA7162	公务舱	1250	8	8
FLIGHT	C039	C153	PKX	T2	HGH	T4	2026-06-13T21:35:00	2026-06-13T23:45:00	中国国航	CA7163	经济舱	480	33	36
FLIGHT	C039	C153	PKX	T2	HGH	T4	2026-06-13T21:35:00	2026-06-13T23:45:00	中国国航	CA7163	公务舱	1250	7	8
FLIGHT	C153	C039	HGH	T4	PKX	T2	2026-06-13T17:20:00	2026-06-13T19:30:00	海南航空	HU7170	经济舱	480	35	36
FLIGHT	C153	C039	HGH	T4	PKX	T2	2026-06-13T17:20:00	2026-06-13T19:30:00	海南航空	HU7170	公务舱	1250	5	8
FLIGHT	C153	C039	HGH	T4	PEK	T3	2026-06-13T18:45:00	2026-06-13T20:55:00	海南航空	HU7171	经济舱	480	34	36
FLIGHT	C153	C039	HGH	T4	PEK	T3	2026-06-13T18:45:00	2026-06-13T20:55:00	海南航空	HU7171	公务舱	1250	8	8
FLIGHT	C153	C039	HGH	T4	PKX	T2	2026-06-13T20:10:00	2026-06-13T22:20:00	海南航空	HU7172	经济舱	480	33	36
FLIGHT	C153	C039	HGH	T4	PKX	T2	2026-06-13T20:10:00	2026-06-13T22:20:00	海南航空	HU7172	公务舱	1250	7	8
FLIGHT	C153	C039	HGH	T4	PEK	T3	2026-06-13T21:35:00	2026-06-13T23:45:00	海南航空	HU7173	经济舱	480	32	36
FLIGHT	C153	C039	HGH	T4	PEK	T3	2026-06-13T21:35:00	2026-06-13T23:45:00	海南航空	HU7173	公务舱	1250	6	8
FLIGHT	C005	C246	SHA	T2	XIY	T3	2026-06-13T17:20:00	2026-06-13T20:00:00	东方航空	MU7180	经济舱	650	34	36
FLIGHT	C005	C246	SHA	T2	XIY	T3	2026-06-13T17:20:00	2026-06-13T20:00:00	东方航空	MU7180	公务舱	1690	8	8
FLIGHT	C005	C246	PVG	T2	XIY	T3	2026-06-13T18:45:00	2026-06-13T21:25:00	东方航空	MU7181	经济舱	650	33	36
FLIGHT	C005	C246	PVG	T2	XIY	T3	2026-06-13T18:45:00	2026-06-13T21:25:00	东方航空	MU7181	公务舱	1690	7	8
FLIGHT	C005	C246	SHA	T2	XIY	T3	2026-06-13T20:10:00	2026-06-13T22:50:00	东方航空	MU7182	经济舱	650	32	36
FLIGHT	C005	C246	SHA	T2	XIY	T3	2026-06-13T20:10:00	2026-06-13T22:50:00	东方航空	MU7182	公务舱	1690	6	8
FLIGHT	C005	C246	PVG	T2	XIY	T3	2026-06-13T21:35:00	2026-06-14T00:15:00	东方航空	MU7183	经济舱	650	31	36
FLIGHT	C005	C246	PVG	T2	XIY	T3	2026-06-13T21:35:00	2026-06-14T00:15:00	东方航空	MU7183	公务舱	1690	5	8
FLIGHT	C246	C005	XIY	T3	PVG	T2	2026-06-13T17:20:00	2026-06-13T20:00:00	海南航空	HU7190	经济舱	650	33	36
FLIGHT	C246	C005	XIY	T3	PVG	T2	2026-06-13T17:20:00	2026-06-13T20:00:00	海南航空	HU7190	公务舱	1690	7	8
FLIGHT	C246	C005	XIY	T3	SHA	T2	2026-06-13T18:45:00	2026-06-13T21:25:00	海南航空	HU7191	经济舱	650	32	36
FLIGHT	C246	C005	XIY	T3	SHA	T2	2026-06-13T18:45:00	2026-06-13T21:25:00	海南航空	HU7191	公务舱	1690	6	8
FLIGHT	C246	C005	XIY	T3	PVG	T2	2026-06-13T20:10:00	2026-06-13T22:50:00	海南航空	HU7192	经济舱	650	31	36
FLIGHT	C246	C005	XIY	T3	PVG	T2	2026-06-13T20:10:00	2026-06-13T22:50:00	海南航空	HU7192	公务舱	1690	5	8
FLIGHT	C246	C005	XIY	T3	SHA	T2	2026-06-13T21:35:00	2026-06-14T00:15:00	海南航空	HU7193	经济舱	650	30	36
FLIGHT	C246	C005	XIY	T3	SHA	T2	2026-06-13T21:35:00	2026-06-14T00:15:00	海南航空	HU7193	公务舱	1690	8	8
FLIGHT	C039	C272	PEK	T3	CKG	T3	2026-06-13T17:20:00	2026-06-13T20:10:00	中国国航	CA7200	经济舱	680	32	36
FLIGHT	C039	C272	PEK	T3	CKG	T3	2026-06-13T17:20:00	2026-06-13T20:10:00	中国国航	CA7200	公务舱	1770	6	8
FLIGHT	C039	C272	PKX	T2	CKG	T3	2026-06-13T18:45:00	2026-06-13T21:35:00	中国国航	CA7201	经济舱	680	31	36
FLIGHT	C039	C272	PKX	T2	CKG	T3	2026-06-13T18:45:00	2026-06-13T21:35:00	中国国航	CA7201	公务舱	1770	5	8
FLIGHT	C039	C272	PEK	T3	CKG	T3	2026-06-13T20:10:00	2026-06-13T23:00:00	中国国航	CA7202	经济舱	680	30	36
FLIGHT	C039	C272	PEK	T3	CKG	T3	2026-06-13T20:10:00	2026-06-13T23:00:00	中国国航	CA7202	公务舱	1770	8	8
FLIGHT	C039	C272	PKX	T2	CKG	T3	2026-06-13T21:35:00	2026-06-14T00:25:00	中国国航	CA7203	经济舱	680	29	36
FLIGHT	C039	C272	PKX	T2	CKG	T3	2026-06-13T21:35:00	2026-06-14T00:25:00	中国国航	CA7203	公务舱	1770	7	8
FLIGHT	C272	C039	CKG	T3	PKX	T2	2026-06-13T17:20:00	2026-06-13T20:10:00	四川航空	3U7210	经济舱	680	31	36
FLIGHT	C272	C039	CKG	T3	PKX	T2	2026-06-13T17:20:00	2026-06-13T20:10:00	四川航空	3U7210	公务舱	1770	5	8
FLIGHT	C272	C039	CKG	T3	PEK	T3	2026-06-13T18:45:00	2026-06-13T21:35:00	四川航空	3U7211	经济舱	680	30	36
FLIGHT	C272	C039	CKG	T3	PEK	T3	2026-06-13T18:45:00	2026-06-13T21:35:00	四川航空	3U7211	公务舱	1770	8	8
FLIGHT	C272	C039	CKG	T3	PKX	T2	2026-06-13T20:10:00	2026-06-13T23:00:00	四川航空	3U7212	经济舱	680	29	36
FLIGHT	C272	C039	CKG	T3	PKX	T2	2026-06-13T20:10:00	2026-06-13T23:00:00	四川航空	3U7212	公务舱	1770	7	8
FLIGHT	C272	C039	CKG	T3	PEK	T3	2026-06-13T21:35:00	2026-06-14T00:25:00	四川航空	3U7213	经济舱	680	28	36
FLIGHT	C272	C039	CKG	T3	PEK	T3	2026-06-13T21:35:00	2026-06-14T00:25:00	四川航空	3U7213	公务舱	1770	6	8
FLIGHT	C039	C005	PKX	T2	SHA	T2	2026-06-14T17:20:00	2026-06-14T19:45:00	中国国航	CA7000	经济舱	520	33	36
FLIGHT	C039	C005	PKX	T2	SHA	T2	2026-06-14T17:20:00	2026-06-14T19:45:00	中国国航	CA7000	公务舱	1350	5	8
FLIGHT	C039	C005	PEK	T3	PVG	T2	2026-06-14T18:45:00	2026-06-14T21:10:00	中国国航	CA7001	经济舱	520	32	36
FLIGHT	C039	C005	PEK	T3	PVG	T2	2026-06-14T18:45:00	2026-06-14T21:10:00	中国国航	CA7001	公务舱	1350	8	8
FLIGHT	C039	C005	PKX	T2	SHA	T2	2026-06-14T20:10:00	2026-06-14T22:35:00	中国国航	CA7002	经济舱	520	31	36
FLIGHT	C039	C005	PKX	T2	SHA	T2	2026-06-14T20:10:00	2026-06-14T22:35:00	中国国航	CA7002	公务舱	1350	7	8
FLIGHT	C039	C005	PEK	T3	PVG	T2	2026-06-14T21:35:00	2026-06-15T00:00:00	中国国航	CA7003	经济舱	520	30	36
FLIGHT	C039	C005	PEK	T3	PVG	T2	2026-06-14T21:35:00	2026-06-15T00:00:00	中国国航	CA7003	公务舱	1350	6	8
FLIGHT	C005	C039	PVG	T2	PEK	T3	2026-06-14T17:20:00	2026-06-14T19:45:00	东方航空	MU7010	经济舱	520	32	36
FLIGHT	C005	C039	PVG	T2	PEK	T3	2026-06-14T17:20:00	2026-06-14T19:45:00	东方航空	MU7010	公务舱	1350	8	8
FLIGHT	C005	C039	SHA	T2	PKX	T2	2026-06-14T18:45:00	2026-06-14T21:10:00	东方航空	MU7011	经济舱	520	31	36
FLIGHT	C005	C039	SHA	T2	PKX	T2	2026-06-14T18:45:00	2026-06-14T21:10:00	东方航空	MU7011	公务舱	1350	7	8
FLIGHT	C005	C039	PVG	T2	PEK	T3	2026-06-14T20:10:00	2026-06-14T22:35:00	东方航空	MU7012	经济舱	520	30	36
FLIGHT	C005	C039	PVG	T2	PEK	T3	2026-06-14T20:10:00	2026-06-14T22:35:00	东方航空	MU7012	公务舱	1350	6	8
FLIGHT	C005	C039	SHA	T2	PKX	T2	2026-06-14T21:35:00	2026-06-15T00:00:00	东方航空	MU7013	经济舱	520	29	36
FLIGHT	C005	C039	SHA	T2	PKX	T2	2026-06-14T21:35:00	2026-06-15T00:00:00	东方航空	MU7013	公务舱	1350	5	8
FLIGHT	C039	C112	PKX	T2	CAN	T2	2026-06-14T17:20:00	2026-06-14T20:35:00	中国国航	CA7020	经济舱	720	31	36
FLIGHT	C039	C112	PKX	T2	CAN	T2	2026-06-14T17:20:00	2026-06-14T20:35:00	中国国航	CA7020	公务舱	1870	7	8
FLIGHT	C039	C112	PEK	T3	CAN	T2	2026-06-14T18:45:00	2026-06-14T22:00:00	中国国航	CA7021	经济舱	720	30	36
FLIGHT	C039	C112	PEK	T3	CAN	T2	2026-06-14T18:45:00	2026-06-14T22:00:00	中国国航	CA7021	公务舱	1870	6	8
FLIGHT	C039	C112	PKX	T2	CAN	T2	2026-06-14T20:10:00	2026-06-14T23:25:00	中国国航	CA7022	经济舱	720	29	36
FLIGHT	C039	C112	PKX	T2	CAN	T2	2026-06-14T20:10:00	2026-06-14T23:25:00	中国国航	CA7022	公务舱	1870	5	8
FLIGHT	C039	C112	PEK	T3	CAN	T2	2026-06-14T21:35:00	2026-06-15T00:50:00	中国国航	CA7023	经济舱	720	28	36
FLIGHT	C039	C112	PEK	T3	CAN	T2	2026-06-14T21:35:00	2026-06-15T00:50:00	中国国航	CA7023	公务舱	1870	8	8
FLIGHT	C112	C039	CAN	T2	PEK	T3	2026-06-14T17:20:00	2026-06-14T20:35:00	南方航空	CZ7030	经济舱	720	30	36
FLIGHT	C112	C039	CAN	T2	PEK	T3	2026-06-14T17:20:00	2026-06-14T20:35:00	南方航空	CZ7030	公务舱	1870	6	8
FLIGHT	C112	C039	CAN	T2	PKX	T2	2026-06-14T18:45:00	2026-06-14T22:00:00	南方航空	CZ7031	经济舱	720	29	36
FLIGHT	C112	C039	CAN	T2	PKX	T2	2026-06-14T18:45:00	2026-06-14T22:00:00	南方航空	CZ7031	公务舱	1870	5	8
FLIGHT	C112	C039	CAN	T2	PEK	T3	2026-06-14T20:10:00	2026-06-14T23:25:00	南方航空	CZ7032	经济舱	720	28	36
FLIGHT	C112	C039	CAN	T2	PEK	T3	2026-06-14T20:10:00	2026-06-14T23:25:00	南方航空	CZ7032	公务舱	1870	8	8
FLIGHT	C112	C039	CAN	T2	PKX	T2	2026-06-14T21:35:00	2026-06-15T00:50:00	南方航空	CZ7033	经济舱	720	27	36
FLIGHT	C112	C039	CAN	T2	PKX	T2	2026-06-14T21:35:00	2026-06-15T00:50:00	南方航空	CZ7033	公务舱	1870	7	8
FLIGHT	C039	C190	PKX	T2	SZX	T3	2026-06-14T17:20:00	2026-06-14T20:45:00	中国国航	CA7040	经济舱	760	29	36
FLIGHT	C039	C190	PKX	T2	SZX	T3	2026-06-14T17:20:00	2026-06-14T20:45:00	中国国航	CA7040	公务舱	1980	5	8
FLIGHT	C039	C190	PEK	T3	SZX	T3	2026-06-14T18:45:00	2026-06-14T22:10:00	中国国航	CA7041	经济舱	760	28	36
FLIGHT	C039	C190	PEK	T3	SZX	T3	2026-06-14T18:45:00	2026-06-14T22:10:00	中国国航	CA7041	公务舱	1980	8	8
FLIGHT	C039	C190	PKX	T2	SZX	T3	2026-06-14T20:10:00	2026-06-14T23:35:00	中国国航	CA7042	经济舱	760	27	36
FLIGHT	C039	C190	PKX	T2	SZX	T3	2026-06-14T20:10:00	2026-06-14T23:35:00	中国国航	CA7042	公务舱	1980	7	8
FLIGHT	C039	C190	PEK	T3	SZX	T3	2026-06-14T21:35:00	2026-06-15T01:00:00	中国国航	CA7043	经济舱	760	26	36
FLIGHT	C039	C190	PEK	T3	SZX	T3	2026-06-14T21:35:00	2026-06-15T01:00:00	中国国航	CA7043	公务舱	1980	6	8
FLIGHT	C190	C039	SZX	T3	PEK	T3	2026-06-14T17:20:00	2026-06-14T20:45:00	深圳航空	ZH7050	经济舱	760	28	36
FLIGHT	C190	C039	SZX	T3	PEK	T3	2026-06-14T17:20:00	2026-06-14T20:45:00	深圳航空	ZH7050	公务舱	1980	8	8
FLIGHT	C190	C039	SZX	T3	PKX	T2	2026-06-14T18:45:00	2026-06-14T22:10:00	深圳航空	ZH7051	经济舱	760	27	36
FLIGHT	C190	C039	SZX	T3	PKX	T2	2026-06-14T18:45:00	2026-06-14T22:10:00	深圳航空	ZH7051	公务舱	1980	7	8
FLIGHT	C190	C039	SZX	T3	PEK	T3	2026-06-14T20:10:00	2026-06-14T23:35:00	深圳航空	ZH7052	经济舱	760	26	36
FLIGHT	C190	C039	SZX	T3	PEK	T3	2026-06-14T20:10:00	2026-06-14T23:35:00	深圳航空	ZH7052	公务舱	1980	6	8
FLIGHT	C190	C039	SZX	T3	PKX	T2	2026-06-14T21:35:00	2026-06-15T01:00:00	深圳航空	ZH7053	经济舱	760	25	36
FLIGHT	C190	C039	SZX	T3	PKX	T2	2026-06-14T21:35:00	2026-06-15T01:00:00	深圳航空	ZH7053	公务舱	1980	5	8
FLIGHT	C005	C112	PVG	T2	CAN	T2	2026-06-14T17:20:00	2026-06-14T19:55:00	东方航空	MU7060	经济舱	610	27	36
FLIGHT	C005	C112	PVG	T2	CAN	T2	2026-06-14T17:20:00	2026-06-14T19:55:00	东方航空	MU7060	公务舱	1590	7	8
FLIGHT	C005	C112	SHA	T2	CAN	T2	2026-06-14T18:45:00	2026-06-14T21:20:00	东方航空	MU7061	经济舱	610	26	36
FLIGHT	C005	C112	SHA	T2	CAN	T2	2026-06-14T18:45:00	2026-06-14T21:20:00	东方航空	MU7061	公务舱	1590	6	8
FLIGHT	C005	C112	PVG	T2	CAN	T2	2026-06-14T20:10:00	2026-06-14T22:45:00	东方航空	MU7062	经济舱	610	25	36
FLIGHT	C005	C112	PVG	T2	CAN	T2	2026-06-14T20:10:00	2026-06-14T22:45:00	东方航空	MU7062	公务舱	1590	5	8
FLIGHT	C005	C112	SHA	T2	CAN	T2	2026-06-14T21:35:00	2026-06-15T00:10:00	东方航空	MU7063	经济舱	610	24	36
FLIGHT	C005	C112	SHA	T2	CAN	T2	2026-06-14T21:35:00	2026-06-15T00:10:00	东方航空	MU7063	公务舱	1590	8	8
FLIGHT	C112	C005	CAN	T2	SHA	T2	2026-06-14T17:20:00	2026-06-14T19:55:00	南方航空	CZ7070	经济舱	610	26	36
FLIGHT	C112	C005	CAN	T2	SHA	T2	2026-06-14T17:20:00	2026-06-14T19:55:00	南方航空	CZ7070	公务舱	1590	6	8
FLIGHT	C112	C005	CAN	T2	PVG	T2	2026-06-14T18:45:00	2026-06-14T21:20:00	南方航空	CZ7071	经济舱	610	25	36
FLIGHT	C112	C005	CAN	T2	PVG	T2	2026-06-14T18:45:00	2026-06-14T21:20:00	南方航空	CZ7071	公务舱	1590	5	8
FLIGHT	C112	C005	CAN	T2	SHA	T2	2026-06-14T20:10:00	2026-06-14T22:45:00	南方航空	CZ7072	经济舱	610	24	36
FLIGHT	C112	C005	CAN	T2	SHA	T2	2026-06-14T20:10:00	2026-06-14T22:45:00	南方航空	CZ7072	公务舱	1590	8	8
FLIGHT	C112	C005	CAN	T2	PVG	T2	2026-06-14T21:35:00	2026-06-15T00:10:00	南方航空	CZ7073	经济舱	610	23	36
FLIGHT	C112	C005	CAN	T2	PVG	T2	2026-06-14T21:35:00	2026-06-15T00:10:00	南方航空	CZ7073	公务舱	1590	7	8
FLIGHT	C005	C190	PVG	T2	SZX	T3	2026-06-14T17:20:00	2026-06-14T19:55:00	东方航空	MU7080	经济舱	640	25	36
FLIGHT	C005	C190	PVG	T2	SZX	T3	2026-06-14T17:20:00	2026-06-14T19:55:00	东方航空	MU7080	公务舱	1660	5	8
FLIGHT	C005	C190	SHA	T2	SZX	T3	2026-06-14T18:45:00	2026-06-14T21:20:00	东方航空	MU7081	经济舱	640	24	36
FLIGHT	C005	C190	SHA	T2	SZX	T3	2026-06-14T18:45:00	2026-06-14T21:20:00	东方航空	MU7081	公务舱	1660	8	8
FLIGHT	C005	C190	PVG	T2	SZX	T3	2026-06-14T20:10:00	2026-06-14T22:45:00	东方航空	MU7082	经济舱	640	23	36
FLIGHT	C005	C190	PVG	T2	SZX	T3	2026-06-14T20:10:00	2026-06-14T22:45:00	东方航空	MU7082	公务舱	1660	7	8
FLIGHT	C005	C190	SHA	T2	SZX	T3	2026-06-14T21:35:00	2026-06-15T00:10:00	东方航空	MU7083	经济舱	640	22	36
FLIGHT	C005	C190	SHA	T2	SZX	T3	2026-06-14T21:35:00	2026-06-15T00:10:00	东方航空	MU7083	公务舱	1660	6	8
FLIGHT	C190	C005	SZX	T3	SHA	T2	2026-06-14T17:20:00	2026-06-14T19:55:00	深圳航空	ZH7090	经济舱	640	24	36
FLIGHT	C190	C005	SZX	T3	SHA	T2	2026-06-14T17:20:00	2026-06-14T19:55:00	深圳航空	ZH7090	公务舱	1660	8	8
FLIGHT	C190	C005	SZX	T3	PVG	T2	2026-06-14T18:45:00	2026-06-14T21:20:00	深圳航空	ZH7091	经济舱	640	23	36
FLIGHT	C190	C005	SZX	T3	PVG	T2	2026-06-14T18:45:00	2026-06-14T21:20:00	深圳航空	ZH7091	公务舱	1660	7	8
FLIGHT	C190	C005	SZX	T3	SHA	T2	2026-06-14T20:10:00	2026-06-14T22:45:00	深圳航空	ZH7092	经济舱	640	22	36
FLIGHT	C190	C005	SZX	T3	SHA	T2	2026-06-14T20:10:00	2026-06-14T22:45:00	深圳航空	ZH7092	公务舱	1660	6	8
FLIGHT	C190	C005	SZX	T3	PVG	T2	2026-06-14T21:35:00	2026-06-15T00:10:00	深圳航空	ZH7093	经济舱	640	21	36
FLIGHT	C190	C005	SZX	T3	PVG	T2	2026-06-14T21:35:00	2026-06-15T00:10:00	深圳航空	ZH7093	公务舱	1660	5	8
FLIGHT	C039	C128	PKX	T2	CTU	T2	2026-06-14T17:20:00	2026-06-14T20:20:00	中国国航	CA7100	经济舱	690	23	36
FLIGHT	C039	C128	PKX	T2	CTU	T2	2026-06-14T17:20:00	2026-06-14T20:20:00	中国国航	CA7100	公务舱	1790	7	8
FLIGHT	C039	C128	PEK	T3	TFU	T2	2026-06-14T18:45:00	2026-06-14T21:45:00	中国国航	CA7101	经济舱	690	22	36
FLIGHT	C039	C128	PEK	T3	TFU	T2	2026-06-14T18:45:00	2026-06-14T21:45:00	中国国航	CA7101	公务舱	1790	6	8
FLIGHT	C039	C128	PKX	T2	CTU	T2	2026-06-14T20:10:00	2026-06-14T23:10:00	中国国航	CA7102	经济舱	690	21	36
FLIGHT	C039	C128	PKX	T2	CTU	T2	2026-06-14T20:10:00	2026-06-14T23:10:00	中国国航	CA7102	公务舱	1790	5	8
FLIGHT	C039	C128	PEK	T3	TFU	T2	2026-06-14T21:35:00	2026-06-15T00:35:00	中国国航	CA7103	经济舱	690	20	36
FLIGHT	C039	C128	PEK	T3	TFU	T2	2026-06-14T21:35:00	2026-06-15T00:35:00	中国国航	CA7103	公务舱	1790	8	8
FLIGHT	C128	C039	TFU	T2	PEK	T3	2026-06-14T17:20:00	2026-06-14T20:20:00	四川航空	3U7110	经济舱	690	22	36
FLIGHT	C128	C039	TFU	T2	PEK	T3	2026-06-14T17:20:00	2026-06-14T20:20:00	四川航空	3U7110	公务舱	1790	6	8
FLIGHT	C128	C039	CTU	T2	PKX	T2	2026-06-14T18:45:00	2026-06-14T21:45:00	四川航空	3U7111	经济舱	690	21	36
FLIGHT	C128	C039	CTU	T2	PKX	T2	2026-06-14T18:45:00	2026-06-14T21:45:00	四川航空	3U7111	公务舱	1790	5	8
FLIGHT	C128	C039	TFU	T2	PEK	T3	2026-06-14T20:10:00	2026-06-14T23:10:00	四川航空	3U7112	经济舱	690	20	36
FLIGHT	C128	C039	TFU	T2	PEK	T3	2026-06-14T20:10:00	2026-06-14T23:10:00	四川航空	3U7112	公务舱	1790	8	8
FLIGHT	C128	C039	CTU	T2	PKX	T2	2026-06-14T21:35:00	2026-06-15T00:35:00	四川航空	3U7113	经济舱	690	19	36
FLIGHT	C128	C039	CTU	T2	PKX	T2	2026-06-14T21:35:00	2026-06-15T00:35:00	四川航空	3U7113	公务舱	1790	7	8
FLIGHT	C005	C128	PVG	T2	CTU	T2	2026-06-14T17:20:00	2026-06-14T20:30:00	东方航空	MU7120	经济舱	720	21	36
FLIGHT	C005	C128	PVG	T2	CTU	T2	2026-06-14T17:20:00	2026-06-14T20:30:00	东方航空	MU7120	公务舱	1870	5	8
FLIGHT	C005	C128	SHA	T2	TFU	T2	2026-06-14T18:45:00	2026-06-14T21:55:00	东方航空	MU7121	经济舱	720	20	36
FLIGHT	C005	C128	SHA	T2	TFU	T2	2026-06-14T18:45:00	2026-06-14T21:55:00	东方航空	MU7121	公务舱	1870	8	8
FLIGHT	C005	C128	PVG	T2	CTU	T2	2026-06-14T20:10:00	2026-06-14T23:20:00	东方航空	MU7122	经济舱	720	19	36
FLIGHT	C005	C128	PVG	T2	CTU	T2	2026-06-14T20:10:00	2026-06-14T23:20:00	东方航空	MU7122	公务舱	1870	7	8
FLIGHT	C005	C128	SHA	T2	TFU	T2	2026-06-14T21:35:00	2026-06-15T00:45:00	东方航空	MU7123	经济舱	720	36	36
FLIGHT	C005	C128	SHA	T2	TFU	T2	2026-06-14T21:35:00	2026-06-15T00:45:00	东方航空	MU7123	公务舱	1870	6	8
FLIGHT	C128	C005	TFU	T2	SHA	T2	2026-06-14T17:20:00	2026-06-14T20:30:00	四川航空	3U7130	经济舱	720	20	36
FLIGHT	C128	C005	TFU	T2	SHA	T2	2026-06-14T17:20:00	2026-06-14T20:30:00	四川航空	3U7130	公务舱	1870	8	8
FLIGHT	C128	C005	CTU	T2	PVG	T2	2026-06-14T18:45:00	2026-06-14T21:55:00	四川航空	3U7131	经济舱	720	19	36
FLIGHT	C128	C005	CTU	T2	PVG	T2	2026-06-14T18:45:00	2026-06-14T21:55:00	四川航空	3U7131	公务舱	1870	7	8
FLIGHT	C128	C005	TFU	T2	SHA	T2	2026-06-14T20:10:00	2026-06-14T23:20:00	四川航空	3U7132	经济舱	720	36	36
FLIGHT	C128	C005	TFU	T2	SHA	T2	2026-06-14T20:10:00	2026-06-14T23:20:00	四川航空	3U7132	公务舱	1870	6	8
FLIGHT	C128	C005	CTU	T2	PVG	T2	2026-06-14T21:35:00	2026-06-15T00:45:00	四川航空	3U7133	经济舱	720	35	36
FLIGHT	C128	C005	CTU	T2	PVG	T2	2026-06-14T21:35:00	2026-06-15T00:45:00	四川航空	3U7133	公务舱	1870	5	8
FLIGHT	C112	C128	CAN	T2	CTU	T2	2026-06-14T17:20:00	2026-06-14T19:40:00	南方航空	CZ7140	经济舱	560	19	36
FLIGHT	C112	C128	CAN	T2	CTU	T2	2026-06-14T17:20:00	2026-06-14T19:40:00	南方航空	CZ7140	公务舱	1460	7	8
FLIGHT	C112	C128	CAN	T2	TFU	T2	2026-06-14T18:45:00	2026-06-14T21:05:00	南方航空	CZ7141	经济舱	560	36	36
FLIGHT	C112	C128	CAN	T2	TFU	T2	2026-06-14T18:45:00	2026-06-14T21:05:00	南方航空	CZ7141	公务舱	1460	6	8
FLIGHT	C112	C128	CAN	T2	CTU	T2	2026-06-14T20:10:00	2026-06-14T22:30:00	南方航空	CZ7142	经济舱	560	35	36
FLIGHT	C112	C128	CAN	T2	CTU	T2	2026-06-14T20:10:00	2026-06-14T22:30:00	南方航空	CZ7142	公务舱	1460	5	8
FLIGHT	C112	C128	CAN	T2	TFU	T2	2026-06-14T21:35:00	2026-06-14T23:55:00	南方航空	CZ7143	经济舱	560	34	36
FLIGHT	C112	C128	CAN	T2	TFU	T2	2026-06-14T21:35:00	2026-06-14T23:55:00	南方航空	CZ7143	公务舱	1460	8	8
FLIGHT	C128	C112	TFU	T2	CAN	T2	2026-06-14T17:20:00	2026-06-14T19:40:00	四川航空	3U7150	经济舱	560	36	36
FLIGHT	C128	C112	TFU	T2	CAN	T2	2026-06-14T17:20:00	2026-06-14T19:40:00	四川航空	3U7150	公务舱	1460	6	8
FLIGHT	C128	C112	CTU	T2	CAN	T2	2026-06-14T18:45:00	2026-06-14T21:05:00	四川航空	3U7151	经济舱	560	35	36
FLIGHT	C128	C112	CTU	T2	CAN	T2	2026-06-14T18:45:00	2026-06-14T21:05:00	四川航空	3U7151	公务舱	1460	5	8
FLIGHT	C128	C112	TFU	T2	CAN	T2	2026-06-14T20:10:00	2026-06-14T22:30:00	四川航空	3U7152	经济舱	560	34	36
FLIGHT	C128	C112	TFU	T2	CAN	T2	2026-06-14T20:10:00	2026-06-14T22:30:00	四川航空	3U7152	公务舱	1460	8	8
FLIGHT	C128	C112	CTU	T2	CAN	T2	2026-06-14T21:35:00	2026-06-14T23:55:00	四川航空	3U7153	经济舱	560	33	36
FLIGHT	C128	C112	CTU	T2	CAN	T2	2026-06-14T21:35:00	2026-06-14T23:55:00	四川航空	3U7153	公务舱	1460	7	8
FLIGHT	C039	C153	PKX	T2	HGH	T4	2026-06-14T17:20:00	2026-06-14T19:30:00	中国国航	CA7160	经济舱	480	35	36
FLIGHT	C039	C153	PKX	T2	HGH	T4	2026-06-14T17:20:00	2026-06-14T19:30:00	中国国航	CA7160	公务舱	1250	5	8
FLIGHT	C039	C153	PEK	T3	HGH	T4	2026-06-14T18:45:00	2026-06-14T20:55:00	中国国航	CA7161	经济舱	480	34	36
FLIGHT	C039	C153	PEK	T3	HGH	T4	2026-06-14T18:45:00	2026-06-14T20:55:00	中国国航	CA7161	公务舱	1250	8	8
FLIGHT	C039	C153	PKX	T2	HGH	T4	2026-06-14T20:10:00	2026-06-14T22:20:00	中国国航	CA7162	经济舱	480	33	36
FLIGHT	C039	C153	PKX	T2	HGH	T4	2026-06-14T20:10:00	2026-06-14T22:20:00	中国国航	CA7162	公务舱	1250	7	8
FLIGHT	C039	C153	PEK	T3	HGH	T4	2026-06-14T21:35:00	2026-06-14T23:45:00	中国国航	CA7163	经济舱	480	32	36
FLIGHT	C039	C153	PEK	T3	HGH	T4	2026-06-14T21:35:00	2026-06-14T23:45:00	中国国航	CA7163	公务舱	1250	6	8
FLIGHT	C153	C039	HGH	T4	PEK	T3	2026-06-14T17:20:00	2026-06-14T19:30:00	海南航空	HU7170	经济舱	480	34	36
FLIGHT	C153	C039	HGH	T4	PEK	T3	2026-06-14T17:20:00	2026-06-14T19:30:00	海南航空	HU7170	公务舱	1250	8	8
FLIGHT	C153	C039	HGH	T4	PKX	T2	2026-06-14T18:45:00	2026-06-14T20:55:00	海南航空	HU7171	经济舱	480	33	36
FLIGHT	C153	C039	HGH	T4	PKX	T2	2026-06-14T18:45:00	2026-06-14T20:55:00	海南航空	HU7171	公务舱	1250	7	8
FLIGHT	C153	C039	HGH	T4	PEK	T3	2026-06-14T20:10:00	2026-06-14T22:20:00	海南航空	HU7172	经济舱	480	32	36
FLIGHT	C153	C039	HGH	T4	PEK	T3	2026-06-14T20:10:00	2026-06-14T22:20:00	海南航空	HU7172	公务舱	1250	6	8
FLIGHT	C153	C039	HGH	T4	PKX	T2	2026-06-14T21:35:00	2026-06-14T23:45:00	海南航空	HU7173	经济舱	480	31	36
FLIGHT	C153	C039	HGH	T4	PKX	T2	2026-06-14T21:35:00	2026-06-14T23:45:00	海南航空	HU7173	公务舱	1250	5	8
FLIGHT	C005	C246	PVG	T2	XIY	T3	2026-06-14T17:20:00	2026-06-14T20:00:00	东方航空	MU7180	经济舱	650	33	36
FLIGHT	C005	C246	PVG	T2	XIY	T3	2026-06-14T17:20:00	2026-06-14T20:00:00	东方航空	MU7180	公务舱	1690	7	8
FLIGHT	C005	C246	SHA	T2	XIY	T3	2026-06-14T18:45:00	2026-06-14T21:25:00	东方航空	MU7181	经济舱	650	32	36
FLIGHT	C005	C246	SHA	T2	XIY	T3	2026-06-14T18:45:00	2026-06-14T21:25:00	东方航空	MU7181	公务舱	1690	6	8
FLIGHT	C005	C246	PVG	T2	XIY	T3	2026-06-14T20:10:00	2026-06-14T22:50:00	东方航空	MU7182	经济舱	650	31	36
FLIGHT	C005	C246	PVG	T2	XIY	T3	2026-06-14T20:10:00	2026-06-14T22:50:00	东方航空	MU7182	公务舱	1690	5	8
FLIGHT	C005	C246	SHA	T2	XIY	T3	2026-06-14T21:35:00	2026-06-15T00:15:00	东方航空	MU7183	经济舱	650	30	36
FLIGHT	C005	C246	SHA	T2	XIY	T3	2026-06-14T21:35:00	2026-06-15T00:15:00	东方航空	MU7183	公务舱	1690	8	8
FLIGHT	C246	C005	XIY	T3	SHA	T2	2026-06-14T17:20:00	2026-06-14T20:00:00	海南航空	HU7190	经济舱	650	32	36
FLIGHT	C246	C005	XIY	T3	SHA	T2	2026-06-14T17:20:00	2026-06-14T20:00:00	海南航空	HU7190	公务舱	1690	6	8
FLIGHT	C246	C005	XIY	T3	PVG	T2	2026-06-14T18:45:00	2026-06-14T21:25:00	海南航空	HU7191	经济舱	650	31	36
FLIGHT	C246	C005	XIY	T3	PVG	T2	2026-06-14T18:45:00	2026-06-14T21:25:00	海南航空	HU7191	公务舱	1690	5	8
FLIGHT	C246	C005	XIY	T3	SHA	T2	2026-06-14T20:10:00	2026-06-14T22:50:00	海南航空	HU7192	经济舱	650	30	36
FLIGHT	C246	C005	XIY	T3	SHA	T2	2026-06-14T20:10:00	2026-06-14T22:50:00	海南航空	HU7192	公务舱	1690	8	8
FLIGHT	C246	C005	XIY	T3	PVG	T2	2026-06-14T21:35:00	2026-06-15T00:15:00	海南航空	HU7193	经济舱	650	29	36
FLIGHT	C246	C005	XIY	T3	PVG	T2	2026-06-14T21:35:00	2026-06-15T00:15:00	海南航空	HU7193	公务舱	1690	7	8
FLIGHT	C039	C272	PKX	T2	CKG	T3	2026-06-14T17:20:00	2026-06-14T20:10:00	中国国航	CA7200	经济舱	680	31	36
FLIGHT	C039	C272	PKX	T2	CKG	T3	2026-06-14T17:20:00	2026-06-14T20:10:00	中国国航	CA7200	公务舱	1770	5	8
FLIGHT	C039	C272	PEK	T3	CKG	T3	2026-06-14T18:45:00	2026-06-14T21:35:00	中国国航	CA7201	经济舱	680	30	36
FLIGHT	C039	C272	PEK	T3	CKG	T3	2026-06-14T18:45:00	2026-06-14T21:35:00	中国国航	CA7201	公务舱	1770	8	8
FLIGHT	C039	C272	PKX	T2	CKG	T3	2026-06-14T20:10:00	2026-06-14T23:00:00	中国国航	CA7202	经济舱	680	29	36
FLIGHT	C039	C272	PKX	T2	CKG	T3	2026-06-14T20:10:00	2026-06-14T23:00:00	中国国航	CA7202	公务舱	1770	7	8
FLIGHT	C039	C272	PEK	T3	CKG	T3	2026-06-14T21:35:00	2026-06-15T00:25:00	中国国航	CA7203	经济舱	680	28	36
FLIGHT	C039	C272	PEK	T3	CKG	T3	2026-06-14T21:35:00	2026-06-15T00:25:00	中国国航	CA7203	公务舱	1770	6	8
FLIGHT	C272	C039	CKG	T3	PEK	T3	2026-06-14T17:20:00	2026-06-14T20:10:00	四川航空	3U7210	经济舱	680	30	36
FLIGHT	C272	C039	CKG	T3	PEK	T3	2026-06-14T17:20:00	2026-06-14T20:10:00	四川航空	3U7210	公务舱	1770	8	8
FLIGHT	C272	C039	CKG	T3	PKX	T2	2026-06-14T18:45:00	2026-06-14T21:35:00	四川航空	3U7211	经济舱	680	29	36
FLIGHT	C272	C039	CKG	T3	PKX	T2	2026-06-14T18:45:00	2026-06-14T21:35:00	四川航空	3U7211	公务舱	1770	7	8
FLIGHT	C272	C039	CKG	T3	PEK	T3	2026-06-14T20:10:00	2026-06-14T23:00:00	四川航空	3U7212	经济舱	680	28	36
FLIGHT	C272	C039	CKG	T3	PEK	T3	2026-06-14T20:10:00	2026-06-14T23:00:00	四川航空	3U7212	公务舱	1770	6	8
FLIGHT	C272	C039	CKG	T3	PKX	T2	2026-06-14T21:35:00	2026-06-15T00:25:00	四川航空	3U7213	经济舱	680	27	36
FLIGHT	C272	C039	CKG	T3	PKX	T2	2026-06-14T21:35:00	2026-06-15T00:25:00	四川航空	3U7213	公务舱	1770	5	8
FLIGHT	C039	C005	PEK	T3	PVG	T2	2026-06-15T17:20:00	2026-06-15T19:45:00	中国国航	CA7000	经济舱	520	32	36
FLIGHT	C039	C005	PEK	T3	PVG	T2	2026-06-15T17:20:00	2026-06-15T19:45:00	中国国航	CA7000	公务舱	1350	8	8
FLIGHT	C039	C005	PKX	T2	SHA	T2	2026-06-15T18:45:00	2026-06-15T21:10:00	中国国航	CA7001	经济舱	520	31	36
FLIGHT	C039	C005	PKX	T2	SHA	T2	2026-06-15T18:45:00	2026-06-15T21:10:00	中国国航	CA7001	公务舱	1350	7	8
FLIGHT	C039	C005	PEK	T3	PVG	T2	2026-06-15T20:10:00	2026-06-15T22:35:00	中国国航	CA7002	经济舱	520	30	36
FLIGHT	C039	C005	PEK	T3	PVG	T2	2026-06-15T20:10:00	2026-06-15T22:35:00	中国国航	CA7002	公务舱	1350	6	8
FLIGHT	C039	C005	PKX	T2	SHA	T2	2026-06-15T21:35:00	2026-06-16T00:00:00	中国国航	CA7003	经济舱	520	29	36
FLIGHT	C039	C005	PKX	T2	SHA	T2	2026-06-15T21:35:00	2026-06-16T00:00:00	中国国航	CA7003	公务舱	1350	5	8
FLIGHT	C005	C039	SHA	T2	PKX	T2	2026-06-15T17:20:00	2026-06-15T19:45:00	东方航空	MU7010	经济舱	520	31	36
FLIGHT	C005	C039	SHA	T2	PKX	T2	2026-06-15T17:20:00	2026-06-15T19:45:00	东方航空	MU7010	公务舱	1350	7	8
FLIGHT	C005	C039	PVG	T2	PEK	T3	2026-06-15T18:45:00	2026-06-15T21:10:00	东方航空	MU7011	经济舱	520	30	36
FLIGHT	C005	C039	PVG	T2	PEK	T3	2026-06-15T18:45:00	2026-06-15T21:10:00	东方航空	MU7011	公务舱	1350	6	8
FLIGHT	C005	C039	SHA	T2	PKX	T2	2026-06-15T20:10:00	2026-06-15T22:35:00	东方航空	MU7012	经济舱	520	29	36
FLIGHT	C005	C039	SHA	T2	PKX	T2	2026-06-15T20:10:00	2026-06-15T22:35:00	东方航空	MU7012	公务舱	1350	5	8
FLIGHT	C005	C039	PVG	T2	PEK	T3	2026-06-15T21:35:00	2026-06-16T00:00:00	东方航空	MU7013	经济舱	520	28	36
FLIGHT	C005	C039	PVG	T2	PEK	T3	2026-06-15T21:35:00	2026-06-16T00:00:00	东方航空	MU7013	公务舱	1350	8	8
FLIGHT	C039	C112	PEK	T3	CAN	T2	2026-06-15T17:20:00	2026-06-15T20:35:00	中国国航	CA7020	经济舱	720	30	36
FLIGHT	C039	C112	PEK	T3	CAN	T2	2026-06-15T17:20:00	2026-06-15T20:35:00	中国国航	CA7020	公务舱	1870	6	8
FLIGHT	C039	C112	PKX	T2	CAN	T2	2026-06-15T18:45:00	2026-06-15T22:00:00	中国国航	CA7021	经济舱	720	29	36
FLIGHT	C039	C112	PKX	T2	CAN	T2	2026-06-15T18:45:00	2026-06-15T22:00:00	中国国航	CA7021	公务舱	1870	5	8
FLIGHT	C039	C112	PEK	T3	CAN	T2	2026-06-15T20:10:00	2026-06-15T23:25:00	中国国航	CA7022	经济舱	720	28	36
FLIGHT	C039	C112	PEK	T3	CAN	T2	2026-06-15T20:10:00	2026-06-15T23:25:00	中国国航	CA7022	公务舱	1870	8	8
FLIGHT	C039	C112	PKX	T2	CAN	T2	2026-06-15T21:35:00	2026-06-16T00:50:00	中国国航	CA7023	经济舱	720	27	36
FLIGHT	C039	C112	PKX	T2	CAN	T2	2026-06-15T21:35:00	2026-06-16T00:50:00	中国国航	CA7023	公务舱	1870	7	8
FLIGHT	C112	C039	CAN	T2	PKX	T2	2026-06-15T17:20:00	2026-06-15T20:35:00	南方航空	CZ7030	经济舱	720	29	36
FLIGHT	C112	C039	CAN	T2	PKX	T2	2026-06-15T17:20:00	2026-06-15T20:35:00	南方航空	CZ7030	公务舱	1870	5	8
FLIGHT	C112	C039	CAN	T2	PEK	T3	2026-06-15T18:45:00	2026-06-15T22:00:00	南方航空	CZ7031	经济舱	720	28	36
FLIGHT	C112	C039	CAN	T2	PEK	T3	2026-06-15T18:45:00	2026-06-15T22:00:00	南方航空	CZ7031	公务舱	1870	8	8
FLIGHT	C112	C039	CAN	T2	PKX	T2	2026-06-15T20:10:00	2026-06-15T23:25:00	南方航空	CZ7032	经济舱	720	27	36
FLIGHT	C112	C039	CAN	T2	PKX	T2	2026-06-15T20:10:00	2026-06-15T23:25:00	南方航空	CZ7032	公务舱	1870	7	8
FLIGHT	C112	C039	CAN	T2	PEK	T3	2026-06-15T21:35:00	2026-06-16T00:50:00	南方航空	CZ7033	经济舱	720	26	36
FLIGHT	C112	C039	CAN	T2	PEK	T3	2026-06-15T21:35:00	2026-06-16T00:50:00	南方航空	CZ7033	公务舱	1870	6	8
FLIGHT	C039	C190	PEK	T3	SZX	T3	2026-06-15T17:20:00	2026-06-15T20:45:00	中国国航	CA7040	经济舱	760	28	36
FLIGHT	C039	C190	PEK	T3	SZX	T3	2026-06-15T17:20:00	2026-06-15T20:45:00	中国国航	CA7040	公务舱	1980	8	8
FLIGHT	C039	C190	PKX	T2	SZX	T3	2026-06-15T18:45:00	2026-06-15T22:10:00	中国国航	CA7041	经济舱	760	27	36
FLIGHT	C039	C190	PKX	T2	SZX	T3	2026-06-15T18:45:00	2026-06-15T22:10:00	中国国航	CA7041	公务舱	1980	7	8
FLIGHT	C039	C190	PEK	T3	SZX	T3	2026-06-15T20:10:00	2026-06-15T23:35:00	中国国航	CA7042	经济舱	760	26	36
FLIGHT	C039	C190	PEK	T3	SZX	T3	2026-06-15T20:10:00	2026-06-15T23:35:00	中国国航	CA7042	公务舱	1980	6	8
FLIGHT	C039	C190	PKX	T2	SZX	T3	2026-06-15T21:35:00	2026-06-16T01:00:00	中国国航	CA7043	经济舱	760	25	36
FLIGHT	C039	C190	PKX	T2	SZX	T3	2026-06-15T21:35:00	2026-06-16T01:00:00	中国国航	CA7043	公务舱	1980	5	8
FLIGHT	C190	C039	SZX	T3	PKX	T2	2026-06-15T17:20:00	2026-06-15T20:45:00	深圳航空	ZH7050	经济舱	760	27	36
FLIGHT	C190	C039	SZX	T3	PKX	T2	2026-06-15T17:20:00	2026-06-15T20:45:00	深圳航空	ZH7050	公务舱	1980	7	8
FLIGHT	C190	C039	SZX	T3	PEK	T3	2026-06-15T18:45:00	2026-06-15T22:10:00	深圳航空	ZH7051	经济舱	760	26	36
FLIGHT	C190	C039	SZX	T3	PEK	T3	2026-06-15T18:45:00	2026-06-15T22:10:00	深圳航空	ZH7051	公务舱	1980	6	8
FLIGHT	C190	C039	SZX	T3	PKX	T2	2026-06-15T20:10:00	2026-06-15T23:35:00	深圳航空	ZH7052	经济舱	760	25	36
FLIGHT	C190	C039	SZX	T3	PKX	T2	2026-06-15T20:10:00	2026-06-15T23:35:00	深圳航空	ZH7052	公务舱	1980	5	8
FLIGHT	C190	C039	SZX	T3	PEK	T3	2026-06-15T21:35:00	2026-06-16T01:00:00	深圳航空	ZH7053	经济舱	760	24	36
FLIGHT	C190	C039	SZX	T3	PEK	T3	2026-06-15T21:35:00	2026-06-16T01:00:00	深圳航空	ZH7053	公务舱	1980	8	8
FLIGHT	C005	C112	SHA	T2	CAN	T2	2026-06-15T17:20:00	2026-06-15T19:55:00	东方航空	MU7060	经济舱	610	26	36
FLIGHT	C005	C112	SHA	T2	CAN	T2	2026-06-15T17:20:00	2026-06-15T19:55:00	东方航空	MU7060	公务舱	1590	6	8
FLIGHT	C005	C112	PVG	T2	CAN	T2	2026-06-15T18:45:00	2026-06-15T21:20:00	东方航空	MU7061	经济舱	610	25	36
FLIGHT	C005	C112	PVG	T2	CAN	T2	2026-06-15T18:45:00	2026-06-15T21:20:00	东方航空	MU7061	公务舱	1590	5	8
FLIGHT	C005	C112	SHA	T2	CAN	T2	2026-06-15T20:10:00	2026-06-15T22:45:00	东方航空	MU7062	经济舱	610	24	36
FLIGHT	C005	C112	SHA	T2	CAN	T2	2026-06-15T20:10:00	2026-06-15T22:45:00	东方航空	MU7062	公务舱	1590	8	8
FLIGHT	C005	C112	PVG	T2	CAN	T2	2026-06-15T21:35:00	2026-06-16T00:10:00	东方航空	MU7063	经济舱	610	23	36
FLIGHT	C005	C112	PVG	T2	CAN	T2	2026-06-15T21:35:00	2026-06-16T00:10:00	东方航空	MU7063	公务舱	1590	7	8
FLIGHT	C112	C005	CAN	T2	PVG	T2	2026-06-15T17:20:00	2026-06-15T19:55:00	南方航空	CZ7070	经济舱	610	25	36
FLIGHT	C112	C005	CAN	T2	PVG	T2	2026-06-15T17:20:00	2026-06-15T19:55:00	南方航空	CZ7070	公务舱	1590	5	8
FLIGHT	C112	C005	CAN	T2	SHA	T2	2026-06-15T18:45:00	2026-06-15T21:20:00	南方航空	CZ7071	经济舱	610	24	36
FLIGHT	C112	C005	CAN	T2	SHA	T2	2026-06-15T18:45:00	2026-06-15T21:20:00	南方航空	CZ7071	公务舱	1590	8	8
FLIGHT	C112	C005	CAN	T2	PVG	T2	2026-06-15T20:10:00	2026-06-15T22:45:00	南方航空	CZ7072	经济舱	610	23	36
FLIGHT	C112	C005	CAN	T2	PVG	T2	2026-06-15T20:10:00	2026-06-15T22:45:00	南方航空	CZ7072	公务舱	1590	7	8
FLIGHT	C112	C005	CAN	T2	SHA	T2	2026-06-15T21:35:00	2026-06-16T00:10:00	南方航空	CZ7073	经济舱	610	22	36
FLIGHT	C112	C005	CAN	T2	SHA	T2	2026-06-15T21:35:00	2026-06-16T00:10:00	南方航空	CZ7073	公务舱	1590	6	8
FLIGHT	C005	C190	SHA	T2	SZX	T3	2026-06-15T17:20:00	2026-06-15T19:55:00	东方航空	MU7080	经济舱	640	24	36
FLIGHT	C005	C190	SHA	T2	SZX	T3	2026-06-15T17:20:00	2026-06-15T19:55:00	东方航空	MU7080	公务舱	1660	8	8
FLIGHT	C005	C190	PVG	T2	SZX	T3	2026-06-15T18:45:00	2026-06-15T21:20:00	东方航空	MU7081	经济舱	640	23	36
FLIGHT	C005	C190	PVG	T2	SZX	T3	2026-06-15T18:45:00	2026-06-15T21:20:00	东方航空	MU7081	公务舱	1660	7	8
FLIGHT	C005	C190	SHA	T2	SZX	T3	2026-06-15T20:10:00	2026-06-15T22:45:00	东方航空	MU7082	经济舱	640	22	36
FLIGHT	C005	C190	SHA	T2	SZX	T3	2026-06-15T20:10:00	2026-06-15T22:45:00	东方航空	MU7082	公务舱	1660	6	8
FLIGHT	C005	C190	PVG	T2	SZX	T3	2026-06-15T21:35:00	2026-06-16T00:10:00	东方航空	MU7083	经济舱	640	21	36
FLIGHT	C005	C190	PVG	T2	SZX	T3	2026-06-15T21:35:00	2026-06-16T00:10:00	东方航空	MU7083	公务舱	1660	5	8
FLIGHT	C190	C005	SZX	T3	PVG	T2	2026-06-15T17:20:00	2026-06-15T19:55:00	深圳航空	ZH7090	经济舱	640	23	36
FLIGHT	C190	C005	SZX	T3	PVG	T2	2026-06-15T17:20:00	2026-06-15T19:55:00	深圳航空	ZH7090	公务舱	1660	7	8
FLIGHT	C190	C005	SZX	T3	SHA	T2	2026-06-15T18:45:00	2026-06-15T21:20:00	深圳航空	ZH7091	经济舱	640	22	36
FLIGHT	C190	C005	SZX	T3	SHA	T2	2026-06-15T18:45:00	2026-06-15T21:20:00	深圳航空	ZH7091	公务舱	1660	6	8
FLIGHT	C190	C005	SZX	T3	PVG	T2	2026-06-15T20:10:00	2026-06-15T22:45:00	深圳航空	ZH7092	经济舱	640	21	36
FLIGHT	C190	C005	SZX	T3	PVG	T2	2026-06-15T20:10:00	2026-06-15T22:45:00	深圳航空	ZH7092	公务舱	1660	5	8
FLIGHT	C190	C005	SZX	T3	SHA	T2	2026-06-15T21:35:00	2026-06-16T00:10:00	深圳航空	ZH7093	经济舱	640	20	36
FLIGHT	C190	C005	SZX	T3	SHA	T2	2026-06-15T21:35:00	2026-06-16T00:10:00	深圳航空	ZH7093	公务舱	1660	8	8
FLIGHT	C039	C128	PEK	T3	TFU	T2	2026-06-15T17:20:00	2026-06-15T20:20:00	中国国航	CA7100	经济舱	690	22	36
FLIGHT	C039	C128	PEK	T3	TFU	T2	2026-06-15T17:20:00	2026-06-15T20:20:00	中国国航	CA7100	公务舱	1790	6	8
FLIGHT	C039	C128	PKX	T2	CTU	T2	2026-06-15T18:45:00	2026-06-15T21:45:00	中国国航	CA7101	经济舱	690	21	36
FLIGHT	C039	C128	PKX	T2	CTU	T2	2026-06-15T18:45:00	2026-06-15T21:45:00	中国国航	CA7101	公务舱	1790	5	8
FLIGHT	C039	C128	PEK	T3	TFU	T2	2026-06-15T20:10:00	2026-06-15T23:10:00	中国国航	CA7102	经济舱	690	20	36
FLIGHT	C039	C128	PEK	T3	TFU	T2	2026-06-15T20:10:00	2026-06-15T23:10:00	中国国航	CA7102	公务舱	1790	8	8
FLIGHT	C039	C128	PKX	T2	CTU	T2	2026-06-15T21:35:00	2026-06-16T00:35:00	中国国航	CA7103	经济舱	690	19	36
FLIGHT	C039	C128	PKX	T2	CTU	T2	2026-06-15T21:35:00	2026-06-16T00:35:00	中国国航	CA7103	公务舱	1790	7	8
FLIGHT	C128	C039	CTU	T2	PKX	T2	2026-06-15T17:20:00	2026-06-15T20:20:00	四川航空	3U7110	经济舱	690	21	36
FLIGHT	C128	C039	CTU	T2	PKX	T2	2026-06-15T17:20:00	2026-06-15T20:20:00	四川航空	3U7110	公务舱	1790	5	8
FLIGHT	C128	C039	TFU	T2	PEK	T3	2026-06-15T18:45:00	2026-06-15T21:45:00	四川航空	3U7111	经济舱	690	20	36
FLIGHT	C128	C039	TFU	T2	PEK	T3	2026-06-15T18:45:00	2026-06-15T21:45:00	四川航空	3U7111	公务舱	1790	8	8
FLIGHT	C128	C039	CTU	T2	PKX	T2	2026-06-15T20:10:00	2026-06-15T23:10:00	四川航空	3U7112	经济舱	690	19	36
FLIGHT	C128	C039	CTU	T2	PKX	T2	2026-06-15T20:10:00	2026-06-15T23:10:00	四川航空	3U7112	公务舱	1790	7	8
FLIGHT	C128	C039	TFU	T2	PEK	T3	2026-06-15T21:35:00	2026-06-16T00:35:00	四川航空	3U7113	经济舱	690	36	36
FLIGHT	C128	C039	TFU	T2	PEK	T3	2026-06-15T21:35:00	2026-06-16T00:35:00	四川航空	3U7113	公务舱	1790	6	8
FLIGHT	C005	C128	SHA	T2	TFU	T2	2026-06-15T17:20:00	2026-06-15T20:30:00	东方航空	MU7120	经济舱	720	20	36
FLIGHT	C005	C128	SHA	T2	TFU	T2	2026-06-15T17:20:00	2026-06-15T20:30:00	东方航空	MU7120	公务舱	1870	8	8
FLIGHT	C005	C128	PVG	T2	CTU	T2	2026-06-15T18:45:00	2026-06-15T21:55:00	东方航空	MU7121	经济舱	720	19	36
FLIGHT	C005	C128	PVG	T2	CTU	T2	2026-06-15T18:45:00	2026-06-15T21:55:00	东方航空	MU7121	公务舱	1870	7	8
FLIGHT	C005	C128	SHA	T2	TFU	T2	2026-06-15T20:10:00	2026-06-15T23:20:00	东方航空	MU7122	经济舱	720	36	36
FLIGHT	C005	C128	SHA	T2	TFU	T2	2026-06-15T20:10:00	2026-06-15T23:20:00	东方航空	MU7122	公务舱	1870	6	8
FLIGHT	C005	C128	PVG	T2	CTU	T2	2026-06-15T21:35:00	2026-06-16T00:45:00	东方航空	MU7123	经济舱	720	35	36
FLIGHT	C005	C128	PVG	T2	CTU	T2	2026-06-15T21:35:00	2026-06-16T00:45:00	东方航空	MU7123	公务舱	1870	5	8
FLIGHT	C128	C005	CTU	T2	PVG	T2	2026-06-15T17:20:00	2026-06-15T20:30:00	四川航空	3U7130	经济舱	720	19	36
FLIGHT	C128	C005	CTU	T2	PVG	T2	2026-06-15T17:20:00	2026-06-15T20:30:00	四川航空	3U7130	公务舱	1870	7	8
FLIGHT	C128	C005	TFU	T2	SHA	T2	2026-06-15T18:45:00	2026-06-15T21:55:00	四川航空	3U7131	经济舱	720	36	36
FLIGHT	C128	C005	TFU	T2	SHA	T2	2026-06-15T18:45:00	2026-06-15T21:55:00	四川航空	3U7131	公务舱	1870	6	8
FLIGHT	C128	C005	CTU	T2	PVG	T2	2026-06-15T20:10:00	2026-06-15T23:20:00	四川航空	3U7132	经济舱	720	35	36
FLIGHT	C128	C005	CTU	T2	PVG	T2	2026-06-15T20:10:00	2026-06-15T23:20:00	四川航空	3U7132	公务舱	1870	5	8
FLIGHT	C128	C005	TFU	T2	SHA	T2	2026-06-15T21:35:00	2026-06-16T00:45:00	四川航空	3U7133	经济舱	720	34	36
FLIGHT	C128	C005	TFU	T2	SHA	T2	2026-06-15T21:35:00	2026-06-16T00:45:00	四川航空	3U7133	公务舱	1870	8	8
FLIGHT	C112	C128	CAN	T2	TFU	T2	2026-06-15T17:20:00	2026-06-15T19:40:00	南方航空	CZ7140	经济舱	560	36	36
FLIGHT	C112	C128	CAN	T2	TFU	T2	2026-06-15T17:20:00	2026-06-15T19:40:00	南方航空	CZ7140	公务舱	1460	6	8
FLIGHT	C112	C128	CAN	T2	CTU	T2	2026-06-15T18:45:00	2026-06-15T21:05:00	南方航空	CZ7141	经济舱	560	35	36
FLIGHT	C112	C128	CAN	T2	CTU	T2	2026-06-15T18:45:00	2026-06-15T21:05:00	南方航空	CZ7141	公务舱	1460	5	8
FLIGHT	C112	C128	CAN	T2	TFU	T2	2026-06-15T20:10:00	2026-06-15T22:30:00	南方航空	CZ7142	经济舱	560	34	36
FLIGHT	C112	C128	CAN	T2	TFU	T2	2026-06-15T20:10:00	2026-06-15T22:30:00	南方航空	CZ7142	公务舱	1460	8	8
FLIGHT	C112	C128	CAN	T2	CTU	T2	2026-06-15T21:35:00	2026-06-15T23:55:00	南方航空	CZ7143	经济舱	560	33	36
FLIGHT	C112	C128	CAN	T2	CTU	T2	2026-06-15T21:35:00	2026-06-15T23:55:00	南方航空	CZ7143	公务舱	1460	7	8
FLIGHT	C128	C112	CTU	T2	CAN	T2	2026-06-15T17:20:00	2026-06-15T19:40:00	四川航空	3U7150	经济舱	560	35	36
FLIGHT	C128	C112	CTU	T2	CAN	T2	2026-06-15T17:20:00	2026-06-15T19:40:00	四川航空	3U7150	公务舱	1460	5	8
FLIGHT	C128	C112	TFU	T2	CAN	T2	2026-06-15T18:45:00	2026-06-15T21:05:00	四川航空	3U7151	经济舱	560	34	36
FLIGHT	C128	C112	TFU	T2	CAN	T2	2026-06-15T18:45:00	2026-06-15T21:05:00	四川航空	3U7151	公务舱	1460	8	8
FLIGHT	C128	C112	CTU	T2	CAN	T2	2026-06-15T20:10:00	2026-06-15T22:30:00	四川航空	3U7152	经济舱	560	33	36
FLIGHT	C128	C112	CTU	T2	CAN	T2	2026-06-15T20:10:00	2026-06-15T22:30:00	四川航空	3U7152	公务舱	1460	7	8
FLIGHT	C128	C112	TFU	T2	CAN	T2	2026-06-15T21:35:00	2026-06-15T23:55:00	四川航空	3U7153	经济舱	560	32	36
FLIGHT	C128	C112	TFU	T2	CAN	T2	2026-06-15T21:35:00	2026-06-15T23:55:00	四川航空	3U7153	公务舱	1460	6	8
FLIGHT	C039	C153	PEK	T3	HGH	T4	2026-06-15T17:20:00	2026-06-15T19:30:00	中国国航	CA7160	经济舱	480	34	36
FLIGHT	C039	C153	PEK	T3	HGH	T4	2026-06-15T17:20:00	2026-06-15T19:30:00	中国国航	CA7160	公务舱	1250	8	8
FLIGHT	C039	C153	PKX	T2	HGH	T4	2026-06-15T18:45:00	2026-06-15T20:55:00	中国国航	CA7161	经济舱	480	33	36
FLIGHT	C039	C153	PKX	T2	HGH	T4	2026-06-15T18:45:00	2026-06-15T20:55:00	中国国航	CA7161	公务舱	1250	7	8
FLIGHT	C039	C153	PEK	T3	HGH	T4	2026-06-15T20:10:00	2026-06-15T22:20:00	中国国航	CA7162	经济舱	480	32	36
FLIGHT	C039	C153	PEK	T3	HGH	T4	2026-06-15T20:10:00	2026-06-15T22:20:00	中国国航	CA7162	公务舱	1250	6	8
FLIGHT	C039	C153	PKX	T2	HGH	T4	2026-06-15T21:35:00	2026-06-15T23:45:00	中国国航	CA7163	经济舱	480	31	36
FLIGHT	C039	C153	PKX	T2	HGH	T4	2026-06-15T21:35:00	2026-06-15T23:45:00	中国国航	CA7163	公务舱	1250	5	8
FLIGHT	C153	C039	HGH	T4	PKX	T2	2026-06-15T17:20:00	2026-06-15T19:30:00	海南航空	HU7170	经济舱	480	33	36
FLIGHT	C153	C039	HGH	T4	PKX	T2	2026-06-15T17:20:00	2026-06-15T19:30:00	海南航空	HU7170	公务舱	1250	7	8
FLIGHT	C153	C039	HGH	T4	PEK	T3	2026-06-15T18:45:00	2026-06-15T20:55:00	海南航空	HU7171	经济舱	480	32	36
FLIGHT	C153	C039	HGH	T4	PEK	T3	2026-06-15T18:45:00	2026-06-15T20:55:00	海南航空	HU7171	公务舱	1250	6	8
FLIGHT	C153	C039	HGH	T4	PKX	T2	2026-06-15T20:10:00	2026-06-15T22:20:00	海南航空	HU7172	经济舱	480	31	36
FLIGHT	C153	C039	HGH	T4	PKX	T2	2026-06-15T20:10:00	2026-06-15T22:20:00	海南航空	HU7172	公务舱	1250	5	8
FLIGHT	C153	C039	HGH	T4	PEK	T3	2026-06-15T21:35:00	2026-06-15T23:45:00	海南航空	HU7173	经济舱	480	30	36
FLIGHT	C153	C039	HGH	T4	PEK	T3	2026-06-15T21:35:00	2026-06-15T23:45:00	海南航空	HU7173	公务舱	1250	8	8
FLIGHT	C005	C246	SHA	T2	XIY	T3	2026-06-15T17:20:00	2026-06-15T20:00:00	东方航空	MU7180	经济舱	650	32	36
FLIGHT	C005	C246	SHA	T2	XIY	T3	2026-06-15T17:20:00	2026-06-15T20:00:00	东方航空	MU7180	公务舱	1690	6	8
FLIGHT	C005	C246	PVG	T2	XIY	T3	2026-06-15T18:45:00	2026-06-15T21:25:00	东方航空	MU7181	经济舱	650	31	36
FLIGHT	C005	C246	PVG	T2	XIY	T3	2026-06-15T18:45:00	2026-06-15T21:25:00	东方航空	MU7181	公务舱	1690	5	8
FLIGHT	C005	C246	SHA	T2	XIY	T3	2026-06-15T20:10:00	2026-06-15T22:50:00	东方航空	MU7182	经济舱	650	30	36
FLIGHT	C005	C246	SHA	T2	XIY	T3	2026-06-15T20:10:00	2026-06-15T22:50:00	东方航空	MU7182	公务舱	1690	8	8
FLIGHT	C005	C246	PVG	T2	XIY	T3	2026-06-15T21:35:00	2026-06-16T00:15:00	东方航空	MU7183	经济舱	650	29	36
FLIGHT	C005	C246	PVG	T2	XIY	T3	2026-06-15T21:35:00	2026-06-16T00:15:00	东方航空	MU7183	公务舱	1690	7	8
FLIGHT	C246	C005	XIY	T3	PVG	T2	2026-06-15T17:20:00	2026-06-15T20:00:00	海南航空	HU7190	经济舱	650	31	36
FLIGHT	C246	C005	XIY	T3	PVG	T2	2026-06-15T17:20:00	2026-06-15T20:00:00	海南航空	HU7190	公务舱	1690	5	8
FLIGHT	C246	C005	XIY	T3	SHA	T2	2026-06-15T18:45:00	2026-06-15T21:25:00	海南航空	HU7191	经济舱	650	30	36
FLIGHT	C246	C005	XIY	T3	SHA	T2	2026-06-15T18:45:00	2026-06-15T21:25:00	海南航空	HU7191	公务舱	1690	8	8
FLIGHT	C246	C005	XIY	T3	PVG	T2	2026-06-15T20:10:00	2026-06-15T22:50:00	海南航空	HU7192	经济舱	650	29	36
FLIGHT	C246	C005	XIY	T3	PVG	T2	2026-06-15T20:10:00	2026-06-15T22:50:00	海南航空	HU7192	公务舱	1690	7	8
FLIGHT	C246	C005	XIY	T3	SHA	T2	2026-06-15T21:35:00	2026-06-16T00:15:00	海南航空	HU7193	经济舱	650	28	36
FLIGHT	C246	C005	XIY	T3	SHA	T2	2026-06-15T21:35:00	2026-06-16T00:15:00	海南航空	HU7193	公务舱	1690	6	8
FLIGHT	C039	C272	PEK	T3	CKG	T3	2026-06-15T17:20:00	2026-06-15T20:10:00	中国国航	CA7200	经济舱	680	30	36
FLIGHT	C039	C272	PEK	T3	CKG	T3	2026-06-15T17:20:00	2026-06-15T20:10:00	中国国航	CA7200	公务舱	1770	8	8
FLIGHT	C039	C272	PKX	T2	CKG	T3	2026-06-15T18:45:00	2026-06-15T21:35:00	中国国航	CA7201	经济舱	680	29	36
FLIGHT	C039	C272	PKX	T2	CKG	T3	2026-06-15T18:45:00	2026-06-15T21:35:00	中国国航	CA7201	公务舱	1770	7	8
FLIGHT	C039	C272	PEK	T3	CKG	T3	2026-06-15T20:10:00	2026-06-15T23:00:00	中国国航	CA7202	经济舱	680	28	36
FLIGHT	C039	C272	PEK	T3	CKG	T3	2026-06-15T20:10:00	2026-06-15T23:00:00	中国国航	CA7202	公务舱	1770	6	8
FLIGHT	C039	C272	PKX	T2	CKG	T3	2026-06-15T21:35:00	2026-06-16T00:25:00	中国国航	CA7203	经济舱	680	27	36
FLIGHT	C039	C272	PKX	T2	CKG	T3	2026-06-15T21:35:00	2026-06-16T00:25:00	中国国航	CA7203	公务舱	1770	5	8
FLIGHT	C272	C039	CKG	T3	PKX	T2	2026-06-15T17:20:00	2026-06-15T20:10:00	四川航空	3U7210	经济舱	680	29	36
FLIGHT	C272	C039	CKG	T3	PKX	T2	2026-06-15T17:20:00	2026-06-15T20:10:00	四川航空	3U7210	公务舱	1770	7	8
FLIGHT	C272	C039	CKG	T3	PEK	T3	2026-06-15T18:45:00	2026-06-15T21:35:00	四川航空	3U7211	经济舱	680	28	36
FLIGHT	C272	C039	CKG	T3	PEK	T3	2026-06-15T18:45:00	2026-06-15T21:35:00	四川航空	3U7211	公务舱	1770	6	8
FLIGHT	C272	C039	CKG	T3	PKX	T2	2026-06-15T20:10:00	2026-06-15T23:00:00	四川航空	3U7212	经济舱	680	27	36
FLIGHT	C272	C039	CKG	T3	PKX	T2	2026-06-15T20:10:00	2026-06-15T23:00:00	四川航空	3U7212	公务舱	1770	5	8
FLIGHT	C272	C039	CKG	T3	PEK	T3	2026-06-15T21:35:00	2026-06-16T00:25:00	四川航空	3U7213	经济舱	680	26	36
FLIGHT	C272	C039	CKG	T3	PEK	T3	2026-06-15T21:35:00	2026-06-16T00:25:00	四川航空	3U7213	公务舱	1770	8	8
FLIGHT	C039	C005	PKX	T2	SHA	T2	2026-06-16T17:20:00	2026-06-16T19:45:00	中国国航	CA7000	经济舱	520	31	36
FLIGHT	C039	C005	PKX	T2	SHA	T2	2026-06-16T17:20:00	2026-06-16T19:45:00	中国国航	CA7000	公务舱	1350	7	8
FLIGHT	C039	C005	PEK	T3	PVG	T2	2026-06-16T18:45:00	2026-06-16T21:10:00	中国国航	CA7001	经济舱	520	30	36
FLIGHT	C039	C005	PEK	T3	PVG	T2	2026-06-16T18:45:00	2026-06-16T21:10:00	中国国航	CA7001	公务舱	1350	6	8
FLIGHT	C039	C005	PKX	T2	SHA	T2	2026-06-16T20:10:00	2026-06-16T22:35:00	中国国航	CA7002	经济舱	520	29	36
FLIGHT	C039	C005	PKX	T2	SHA	T2	2026-06-16T20:10:00	2026-06-16T22:35:00	中国国航	CA7002	公务舱	1350	5	8
FLIGHT	C039	C005	PEK	T3	PVG	T2	2026-06-16T21:35:00	2026-06-17T00:00:00	中国国航	CA7003	经济舱	520	28	36
FLIGHT	C039	C005	PEK	T3	PVG	T2	2026-06-16T21:35:00	2026-06-17T00:00:00	中国国航	CA7003	公务舱	1350	8	8
FLIGHT	C005	C039	PVG	T2	PEK	T3	2026-06-16T17:20:00	2026-06-16T19:45:00	东方航空	MU7010	经济舱	520	30	36
FLIGHT	C005	C039	PVG	T2	PEK	T3	2026-06-16T17:20:00	2026-06-16T19:45:00	东方航空	MU7010	公务舱	1350	6	8
FLIGHT	C005	C039	SHA	T2	PKX	T2	2026-06-16T18:45:00	2026-06-16T21:10:00	东方航空	MU7011	经济舱	520	29	36
FLIGHT	C005	C039	SHA	T2	PKX	T2	2026-06-16T18:45:00	2026-06-16T21:10:00	东方航空	MU7011	公务舱	1350	5	8
FLIGHT	C005	C039	PVG	T2	PEK	T3	2026-06-16T20:10:00	2026-06-16T22:35:00	东方航空	MU7012	经济舱	520	28	36
FLIGHT	C005	C039	PVG	T2	PEK	T3	2026-06-16T20:10:00	2026-06-16T22:35:00	东方航空	MU7012	公务舱	1350	8	8
FLIGHT	C005	C039	SHA	T2	PKX	T2	2026-06-16T21:35:00	2026-06-17T00:00:00	东方航空	MU7013	经济舱	520	27	36
FLIGHT	C005	C039	SHA	T2	PKX	T2	2026-06-16T21:35:00	2026-06-17T00:00:00	东方航空	MU7013	公务舱	1350	7	8
FLIGHT	C039	C112	PKX	T2	CAN	T2	2026-06-16T17:20:00	2026-06-16T20:35:00	中国国航	CA7020	经济舱	720	29	36
FLIGHT	C039	C112	PKX	T2	CAN	T2	2026-06-16T17:20:00	2026-06-16T20:35:00	中国国航	CA7020	公务舱	1870	5	8
FLIGHT	C039	C112	PEK	T3	CAN	T2	2026-06-16T18:45:00	2026-06-16T22:00:00	中国国航	CA7021	经济舱	720	28	36
FLIGHT	C039	C112	PEK	T3	CAN	T2	2026-06-16T18:45:00	2026-06-16T22:00:00	中国国航	CA7021	公务舱	1870	8	8
FLIGHT	C039	C112	PKX	T2	CAN	T2	2026-06-16T20:10:00	2026-06-16T23:25:00	中国国航	CA7022	经济舱	720	27	36
FLIGHT	C039	C112	PKX	T2	CAN	T2	2026-06-16T20:10:00	2026-06-16T23:25:00	中国国航	CA7022	公务舱	1870	7	8
FLIGHT	C039	C112	PEK	T3	CAN	T2	2026-06-16T21:35:00	2026-06-17T00:50:00	中国国航	CA7023	经济舱	720	26	36
FLIGHT	C039	C112	PEK	T3	CAN	T2	2026-06-16T21:35:00	2026-06-17T00:50:00	中国国航	CA7023	公务舱	1870	6	8
FLIGHT	C112	C039	CAN	T2	PEK	T3	2026-06-16T17:20:00	2026-06-16T20:35:00	南方航空	CZ7030	经济舱	720	28	36
FLIGHT	C112	C039	CAN	T2	PEK	T3	2026-06-16T17:20:00	2026-06-16T20:35:00	南方航空	CZ7030	公务舱	1870	8	8
FLIGHT	C112	C039	CAN	T2	PKX	T2	2026-06-16T18:45:00	2026-06-16T22:00:00	南方航空	CZ7031	经济舱	720	27	36
FLIGHT	C112	C039	CAN	T2	PKX	T2	2026-06-16T18:45:00	2026-06-16T22:00:00	南方航空	CZ7031	公务舱	1870	7	8
FLIGHT	C112	C039	CAN	T2	PEK	T3	2026-06-16T20:10:00	2026-06-16T23:25:00	南方航空	CZ7032	经济舱	720	26	36
FLIGHT	C112	C039	CAN	T2	PEK	T3	2026-06-16T20:10:00	2026-06-16T23:25:00	南方航空	CZ7032	公务舱	1870	6	8
FLIGHT	C112	C039	CAN	T2	PKX	T2	2026-06-16T21:35:00	2026-06-17T00:50:00	南方航空	CZ7033	经济舱	720	25	36
FLIGHT	C112	C039	CAN	T2	PKX	T2	2026-06-16T21:35:00	2026-06-17T00:50:00	南方航空	CZ7033	公务舱	1870	5	8
FLIGHT	C039	C190	PKX	T2	SZX	T3	2026-06-16T17:20:00	2026-06-16T20:45:00	中国国航	CA7040	经济舱	760	27	36
FLIGHT	C039	C190	PKX	T2	SZX	T3	2026-06-16T17:20:00	2026-06-16T20:45:00	中国国航	CA7040	公务舱	1980	7	8
FLIGHT	C039	C190	PEK	T3	SZX	T3	2026-06-16T18:45:00	2026-06-16T22:10:00	中国国航	CA7041	经济舱	760	26	36
FLIGHT	C039	C190	PEK	T3	SZX	T3	2026-06-16T18:45:00	2026-06-16T22:10:00	中国国航	CA7041	公务舱	1980	6	8
FLIGHT	C039	C190	PKX	T2	SZX	T3	2026-06-16T20:10:00	2026-06-16T23:35:00	中国国航	CA7042	经济舱	760	25	36
FLIGHT	C039	C190	PKX	T2	SZX	T3	2026-06-16T20:10:00	2026-06-16T23:35:00	中国国航	CA7042	公务舱	1980	5	8
FLIGHT	C039	C190	PEK	T3	SZX	T3	2026-06-16T21:35:00	2026-06-17T01:00:00	中国国航	CA7043	经济舱	760	24	36
FLIGHT	C039	C190	PEK	T3	SZX	T3	2026-06-16T21:35:00	2026-06-17T01:00:00	中国国航	CA7043	公务舱	1980	8	8
FLIGHT	C190	C039	SZX	T3	PEK	T3	2026-06-16T17:20:00	2026-06-16T20:45:00	深圳航空	ZH7050	经济舱	760	26	36
FLIGHT	C190	C039	SZX	T3	PEK	T3	2026-06-16T17:20:00	2026-06-16T20:45:00	深圳航空	ZH7050	公务舱	1980	6	8
FLIGHT	C190	C039	SZX	T3	PKX	T2	2026-06-16T18:45:00	2026-06-16T22:10:00	深圳航空	ZH7051	经济舱	760	25	36
FLIGHT	C190	C039	SZX	T3	PKX	T2	2026-06-16T18:45:00	2026-06-16T22:10:00	深圳航空	ZH7051	公务舱	1980	5	8
FLIGHT	C190	C039	SZX	T3	PEK	T3	2026-06-16T20:10:00	2026-06-16T23:35:00	深圳航空	ZH7052	经济舱	760	24	36
FLIGHT	C190	C039	SZX	T3	PEK	T3	2026-06-16T20:10:00	2026-06-16T23:35:00	深圳航空	ZH7052	公务舱	1980	8	8
FLIGHT	C190	C039	SZX	T3	PKX	T2	2026-06-16T21:35:00	2026-06-17T01:00:00	深圳航空	ZH7053	经济舱	760	23	36
FLIGHT	C190	C039	SZX	T3	PKX	T2	2026-06-16T21:35:00	2026-06-17T01:00:00	深圳航空	ZH7053	公务舱	1980	7	8
FLIGHT	C005	C112	PVG	T2	CAN	T2	2026-06-16T17:20:00	2026-06-16T19:55:00	东方航空	MU7060	经济舱	610	25	36
FLIGHT	C005	C112	PVG	T2	CAN	T2	2026-06-16T17:20:00	2026-06-16T19:55:00	东方航空	MU7060	公务舱	1590	5	8
FLIGHT	C005	C112	SHA	T2	CAN	T2	2026-06-16T18:45:00	2026-06-16T21:20:00	东方航空	MU7061	经济舱	610	24	36
FLIGHT	C005	C112	SHA	T2	CAN	T2	2026-06-16T18:45:00	2026-06-16T21:20:00	东方航空	MU7061	公务舱	1590	8	8
FLIGHT	C005	C112	PVG	T2	CAN	T2	2026-06-16T20:10:00	2026-06-16T22:45:00	东方航空	MU7062	经济舱	610	23	36
FLIGHT	C005	C112	PVG	T2	CAN	T2	2026-06-16T20:10:00	2026-06-16T22:45:00	东方航空	MU7062	公务舱	1590	7	8
FLIGHT	C005	C112	SHA	T2	CAN	T2	2026-06-16T21:35:00	2026-06-17T00:10:00	东方航空	MU7063	经济舱	610	22	36
FLIGHT	C005	C112	SHA	T2	CAN	T2	2026-06-16T21:35:00	2026-06-17T00:10:00	东方航空	MU7063	公务舱	1590	6	8
FLIGHT	C112	C005	CAN	T2	SHA	T2	2026-06-16T17:20:00	2026-06-16T19:55:00	南方航空	CZ7070	经济舱	610	24	36
FLIGHT	C112	C005	CAN	T2	SHA	T2	2026-06-16T17:20:00	2026-06-16T19:55:00	南方航空	CZ7070	公务舱	1590	8	8
FLIGHT	C112	C005	CAN	T2	PVG	T2	2026-06-16T18:45:00	2026-06-16T21:20:00	南方航空	CZ7071	经济舱	610	23	36
FLIGHT	C112	C005	CAN	T2	PVG	T2	2026-06-16T18:45:00	2026-06-16T21:20:00	南方航空	CZ7071	公务舱	1590	7	8
FLIGHT	C112	C005	CAN	T2	SHA	T2	2026-06-16T20:10:00	2026-06-16T22:45:00	南方航空	CZ7072	经济舱	610	22	36
FLIGHT	C112	C005	CAN	T2	SHA	T2	2026-06-16T20:10:00	2026-06-16T22:45:00	南方航空	CZ7072	公务舱	1590	6	8
FLIGHT	C112	C005	CAN	T2	PVG	T2	2026-06-16T21:35:00	2026-06-17T00:10:00	南方航空	CZ7073	经济舱	610	21	36
FLIGHT	C112	C005	CAN	T2	PVG	T2	2026-06-16T21:35:00	2026-06-17T00:10:00	南方航空	CZ7073	公务舱	1590	5	8
FLIGHT	C005	C190	PVG	T2	SZX	T3	2026-06-16T17:20:00	2026-06-16T19:55:00	东方航空	MU7080	经济舱	640	23	36
FLIGHT	C005	C190	PVG	T2	SZX	T3	2026-06-16T17:20:00	2026-06-16T19:55:00	东方航空	MU7080	公务舱	1660	7	8
FLIGHT	C005	C190	SHA	T2	SZX	T3	2026-06-16T18:45:00	2026-06-16T21:20:00	东方航空	MU7081	经济舱	640	22	36
FLIGHT	C005	C190	SHA	T2	SZX	T3	2026-06-16T18:45:00	2026-06-16T21:20:00	东方航空	MU7081	公务舱	1660	6	8
FLIGHT	C005	C190	PVG	T2	SZX	T3	2026-06-16T20:10:00	2026-06-16T22:45:00	东方航空	MU7082	经济舱	640	21	36
FLIGHT	C005	C190	PVG	T2	SZX	T3	2026-06-16T20:10:00	2026-06-16T22:45:00	东方航空	MU7082	公务舱	1660	5	8
FLIGHT	C005	C190	SHA	T2	SZX	T3	2026-06-16T21:35:00	2026-06-17T00:10:00	东方航空	MU7083	经济舱	640	20	36
FLIGHT	C005	C190	SHA	T2	SZX	T3	2026-06-16T21:35:00	2026-06-17T00:10:00	东方航空	MU7083	公务舱	1660	8	8
FLIGHT	C190	C005	SZX	T3	SHA	T2	2026-06-16T17:20:00	2026-06-16T19:55:00	深圳航空	ZH7090	经济舱	640	22	36
FLIGHT	C190	C005	SZX	T3	SHA	T2	2026-06-16T17:20:00	2026-06-16T19:55:00	深圳航空	ZH7090	公务舱	1660	6	8
FLIGHT	C190	C005	SZX	T3	PVG	T2	2026-06-16T18:45:00	2026-06-16T21:20:00	深圳航空	ZH7091	经济舱	640	21	36
FLIGHT	C190	C005	SZX	T3	PVG	T2	2026-06-16T18:45:00	2026-06-16T21:20:00	深圳航空	ZH7091	公务舱	1660	5	8
FLIGHT	C190	C005	SZX	T3	SHA	T2	2026-06-16T20:10:00	2026-06-16T22:45:00	深圳航空	ZH7092	经济舱	640	20	36
FLIGHT	C190	C005	SZX	T3	SHA	T2	2026-06-16T20:10:00	2026-06-16T22:45:00	深圳航空	ZH7092	公务舱	1660	8	8
FLIGHT	C190	C005	SZX	T3	PVG	T2	2026-06-16T21:35:00	2026-06-17T00:10:00	深圳航空	ZH7093	经济舱	640	19	36
FLIGHT	C190	C005	SZX	T3	PVG	T2	2026-06-16T21:35:00	2026-06-17T00:10:00	深圳航空	ZH7093	公务舱	1660	7	8
FLIGHT	C039	C128	PKX	T2	CTU	T2	2026-06-16T17:20:00	2026-06-16T20:20:00	中国国航	CA7100	经济舱	690	21	36
FLIGHT	C039	C128	PKX	T2	CTU	T2	2026-06-16T17:20:00	2026-06-16T20:20:00	中国国航	CA7100	公务舱	1790	5	8
FLIGHT	C039	C128	PEK	T3	TFU	T2	2026-06-16T18:45:00	2026-06-16T21:45:00	中国国航	CA7101	经济舱	690	20	36
FLIGHT	C039	C128	PEK	T3	TFU	T2	2026-06-16T18:45:00	2026-06-16T21:45:00	中国国航	CA7101	公务舱	1790	8	8
FLIGHT	C039	C128	PKX	T2	CTU	T2	2026-06-16T20:10:00	2026-06-16T23:10:00	中国国航	CA7102	经济舱	690	19	36
FLIGHT	C039	C128	PKX	T2	CTU	T2	2026-06-16T20:10:00	2026-06-16T23:10:00	中国国航	CA7102	公务舱	1790	7	8
FLIGHT	C039	C128	PEK	T3	TFU	T2	2026-06-16T21:35:00	2026-06-17T00:35:00	中国国航	CA7103	经济舱	690	36	36
FLIGHT	C039	C128	PEK	T3	TFU	T2	2026-06-16T21:35:00	2026-06-17T00:35:00	中国国航	CA7103	公务舱	1790	6	8
FLIGHT	C128	C039	TFU	T2	PEK	T3	2026-06-16T17:20:00	2026-06-16T20:20:00	四川航空	3U7110	经济舱	690	20	36
FLIGHT	C128	C039	TFU	T2	PEK	T3	2026-06-16T17:20:00	2026-06-16T20:20:00	四川航空	3U7110	公务舱	1790	8	8
FLIGHT	C128	C039	CTU	T2	PKX	T2	2026-06-16T18:45:00	2026-06-16T21:45:00	四川航空	3U7111	经济舱	690	19	36
FLIGHT	C128	C039	CTU	T2	PKX	T2	2026-06-16T18:45:00	2026-06-16T21:45:00	四川航空	3U7111	公务舱	1790	7	8
FLIGHT	C128	C039	TFU	T2	PEK	T3	2026-06-16T20:10:00	2026-06-16T23:10:00	四川航空	3U7112	经济舱	690	36	36
FLIGHT	C128	C039	TFU	T2	PEK	T3	2026-06-16T20:10:00	2026-06-16T23:10:00	四川航空	3U7112	公务舱	1790	6	8
FLIGHT	C128	C039	CTU	T2	PKX	T2	2026-06-16T21:35:00	2026-06-17T00:35:00	四川航空	3U7113	经济舱	690	35	36
FLIGHT	C128	C039	CTU	T2	PKX	T2	2026-06-16T21:35:00	2026-06-17T00:35:00	四川航空	3U7113	公务舱	1790	5	8
FLIGHT	C005	C128	PVG	T2	CTU	T2	2026-06-16T17:20:00	2026-06-16T20:30:00	东方航空	MU7120	经济舱	720	19	36
FLIGHT	C005	C128	PVG	T2	CTU	T2	2026-06-16T17:20:00	2026-06-16T20:30:00	东方航空	MU7120	公务舱	1870	7	8
FLIGHT	C005	C128	SHA	T2	TFU	T2	2026-06-16T18:45:00	2026-06-16T21:55:00	东方航空	MU7121	经济舱	720	36	36
FLIGHT	C005	C128	SHA	T2	TFU	T2	2026-06-16T18:45:00	2026-06-16T21:55:00	东方航空	MU7121	公务舱	1870	6	8
FLIGHT	C005	C128	PVG	T2	CTU	T2	2026-06-16T20:10:00	2026-06-16T23:20:00	东方航空	MU7122	经济舱	720	35	36
FLIGHT	C005	C128	PVG	T2	CTU	T2	2026-06-16T20:10:00	2026-06-16T23:20:00	东方航空	MU7122	公务舱	1870	5	8
FLIGHT	C005	C128	SHA	T2	TFU	T2	2026-06-16T21:35:00	2026-06-17T00:45:00	东方航空	MU7123	经济舱	720	34	36
FLIGHT	C005	C128	SHA	T2	TFU	T2	2026-06-16T21:35:00	2026-06-17T00:45:00	东方航空	MU7123	公务舱	1870	8	8
FLIGHT	C128	C005	TFU	T2	SHA	T2	2026-06-16T17:20:00	2026-06-16T20:30:00	四川航空	3U7130	经济舱	720	36	36
FLIGHT	C128	C005	TFU	T2	SHA	T2	2026-06-16T17:20:00	2026-06-16T20:30:00	四川航空	3U7130	公务舱	1870	6	8
FLIGHT	C128	C005	CTU	T2	PVG	T2	2026-06-16T18:45:00	2026-06-16T21:55:00	四川航空	3U7131	经济舱	720	35	36
FLIGHT	C128	C005	CTU	T2	PVG	T2	2026-06-16T18:45:00	2026-06-16T21:55:00	四川航空	3U7131	公务舱	1870	5	8
FLIGHT	C128	C005	TFU	T2	SHA	T2	2026-06-16T20:10:00	2026-06-16T23:20:00	四川航空	3U7132	经济舱	720	34	36
FLIGHT	C128	C005	TFU	T2	SHA	T2	2026-06-16T20:10:00	2026-06-16T23:20:00	四川航空	3U7132	公务舱	1870	8	8
FLIGHT	C128	C005	CTU	T2	PVG	T2	2026-06-16T21:35:00	2026-06-17T00:45:00	四川航空	3U7133	经济舱	720	33	36
FLIGHT	C128	C005	CTU	T2	PVG	T2	2026-06-16T21:35:00	2026-06-17T00:45:00	四川航空	3U7133	公务舱	1870	7	8
FLIGHT	C112	C128	CAN	T2	CTU	T2	2026-06-16T17:20:00	2026-06-16T19:40:00	南方航空	CZ7140	经济舱	560	35	36
FLIGHT	C112	C128	CAN	T2	CTU	T2	2026-06-16T17:20:00	2026-06-16T19:40:00	南方航空	CZ7140	公务舱	1460	5	8
FLIGHT	C112	C128	CAN	T2	TFU	T2	2026-06-16T18:45:00	2026-06-16T21:05:00	南方航空	CZ7141	经济舱	560	34	36
FLIGHT	C112	C128	CAN	T2	TFU	T2	2026-06-16T18:45:00	2026-06-16T21:05:00	南方航空	CZ7141	公务舱	1460	8	8
FLIGHT	C112	C128	CAN	T2	CTU	T2	2026-06-16T20:10:00	2026-06-16T22:30:00	南方航空	CZ7142	经济舱	560	33	36
FLIGHT	C112	C128	CAN	T2	CTU	T2	2026-06-16T20:10:00	2026-06-16T22:30:00	南方航空	CZ7142	公务舱	1460	7	8
FLIGHT	C112	C128	CAN	T2	TFU	T2	2026-06-16T21:35:00	2026-06-16T23:55:00	南方航空	CZ7143	经济舱	560	32	36
FLIGHT	C112	C128	CAN	T2	TFU	T2	2026-06-16T21:35:00	2026-06-16T23:55:00	南方航空	CZ7143	公务舱	1460	6	8
FLIGHT	C128	C112	TFU	T2	CAN	T2	2026-06-16T17:20:00	2026-06-16T19:40:00	四川航空	3U7150	经济舱	560	34	36
FLIGHT	C128	C112	TFU	T2	CAN	T2	2026-06-16T17:20:00	2026-06-16T19:40:00	四川航空	3U7150	公务舱	1460	8	8
FLIGHT	C128	C112	CTU	T2	CAN	T2	2026-06-16T18:45:00	2026-06-16T21:05:00	四川航空	3U7151	经济舱	560	33	36
FLIGHT	C128	C112	CTU	T2	CAN	T2	2026-06-16T18:45:00	2026-06-16T21:05:00	四川航空	3U7151	公务舱	1460	7	8
FLIGHT	C128	C112	TFU	T2	CAN	T2	2026-06-16T20:10:00	2026-06-16T22:30:00	四川航空	3U7152	经济舱	560	32	36
FLIGHT	C128	C112	TFU	T2	CAN	T2	2026-06-16T20:10:00	2026-06-16T22:30:00	四川航空	3U7152	公务舱	1460	6	8
FLIGHT	C128	C112	CTU	T2	CAN	T2	2026-06-16T21:35:00	2026-06-16T23:55:00	四川航空	3U7153	经济舱	560	31	36
FLIGHT	C128	C112	CTU	T2	CAN	T2	2026-06-16T21:35:00	2026-06-16T23:55:00	四川航空	3U7153	公务舱	1460	5	8
FLIGHT	C039	C153	PKX	T2	HGH	T4	2026-06-16T17:20:00	2026-06-16T19:30:00	中国国航	CA7160	经济舱	480	33	36
FLIGHT	C039	C153	PKX	T2	HGH	T4	2026-06-16T17:20:00	2026-06-16T19:30:00	中国国航	CA7160	公务舱	1250	7	8
FLIGHT	C039	C153	PEK	T3	HGH	T4	2026-06-16T18:45:00	2026-06-16T20:55:00	中国国航	CA7161	经济舱	480	32	36
FLIGHT	C039	C153	PEK	T3	HGH	T4	2026-06-16T18:45:00	2026-06-16T20:55:00	中国国航	CA7161	公务舱	1250	6	8
FLIGHT	C039	C153	PKX	T2	HGH	T4	2026-06-16T20:10:00	2026-06-16T22:20:00	中国国航	CA7162	经济舱	480	31	36
FLIGHT	C039	C153	PKX	T2	HGH	T4	2026-06-16T20:10:00	2026-06-16T22:20:00	中国国航	CA7162	公务舱	1250	5	8
FLIGHT	C039	C153	PEK	T3	HGH	T4	2026-06-16T21:35:00	2026-06-16T23:45:00	中国国航	CA7163	经济舱	480	30	36
FLIGHT	C039	C153	PEK	T3	HGH	T4	2026-06-16T21:35:00	2026-06-16T23:45:00	中国国航	CA7163	公务舱	1250	8	8
FLIGHT	C153	C039	HGH	T4	PEK	T3	2026-06-16T17:20:00	2026-06-16T19:30:00	海南航空	HU7170	经济舱	480	32	36
FLIGHT	C153	C039	HGH	T4	PEK	T3	2026-06-16T17:20:00	2026-06-16T19:30:00	海南航空	HU7170	公务舱	1250	6	8
FLIGHT	C153	C039	HGH	T4	PKX	T2	2026-06-16T18:45:00	2026-06-16T20:55:00	海南航空	HU7171	经济舱	480	31	36
FLIGHT	C153	C039	HGH	T4	PKX	T2	2026-06-16T18:45:00	2026-06-16T20:55:00	海南航空	HU7171	公务舱	1250	5	8
FLIGHT	C153	C039	HGH	T4	PEK	T3	2026-06-16T20:10:00	2026-06-16T22:20:00	海南航空	HU7172	经济舱	480	30	36
FLIGHT	C153	C039	HGH	T4	PEK	T3	2026-06-16T20:10:00	2026-06-16T22:20:00	海南航空	HU7172	公务舱	1250	8	8
FLIGHT	C153	C039	HGH	T4	PKX	T2	2026-06-16T21:35:00	2026-06-16T23:45:00	海南航空	HU7173	经济舱	480	29	36
FLIGHT	C153	C039	HGH	T4	PKX	T2	2026-06-16T21:35:00	2026-06-16T23:45:00	海南航空	HU7173	公务舱	1250	7	8
FLIGHT	C005	C246	PVG	T2	XIY	T3	2026-06-16T17:20:00	2026-06-16T20:00:00	东方航空	MU7180	经济舱	650	31	36
FLIGHT	C005	C246	PVG	T2	XIY	T3	2026-06-16T17:20:00	2026-06-16T20:00:00	东方航空	MU7180	公务舱	1690	5	8
FLIGHT	C005	C246	SHA	T2	XIY	T3	2026-06-16T18:45:00	2026-06-16T21:25:00	东方航空	MU7181	经济舱	650	30	36
FLIGHT	C005	C246	SHA	T2	XIY	T3	2026-06-16T18:45:00	2026-06-16T21:25:00	东方航空	MU7181	公务舱	1690	8	8
FLIGHT	C005	C246	PVG	T2	XIY	T3	2026-06-16T20:10:00	2026-06-16T22:50:00	东方航空	MU7182	经济舱	650	29	36
FLIGHT	C005	C246	PVG	T2	XIY	T3	2026-06-16T20:10:00	2026-06-16T22:50:00	东方航空	MU7182	公务舱	1690	7	8
FLIGHT	C005	C246	SHA	T2	XIY	T3	2026-06-16T21:35:00	2026-06-17T00:15:00	东方航空	MU7183	经济舱	650	28	36
FLIGHT	C005	C246	SHA	T2	XIY	T3	2026-06-16T21:35:00	2026-06-17T00:15:00	东方航空	MU7183	公务舱	1690	6	8
FLIGHT	C246	C005	XIY	T3	SHA	T2	2026-06-16T17:20:00	2026-06-16T20:00:00	海南航空	HU7190	经济舱	650	30	36
FLIGHT	C246	C005	XIY	T3	SHA	T2	2026-06-16T17:20:00	2026-06-16T20:00:00	海南航空	HU7190	公务舱	1690	8	8
FLIGHT	C246	C005	XIY	T3	PVG	T2	2026-06-16T18:45:00	2026-06-16T21:25:00	海南航空	HU7191	经济舱	650	29	36
FLIGHT	C246	C005	XIY	T3	PVG	T2	2026-06-16T18:45:00	2026-06-16T21:25:00	海南航空	HU7191	公务舱	1690	7	8
FLIGHT	C246	C005	XIY	T3	SHA	T2	2026-06-16T20:10:00	2026-06-16T22:50:00	海南航空	HU7192	经济舱	650	28	36
FLIGHT	C246	C005	XIY	T3	SHA	T2	2026-06-16T20:10:00	2026-06-16T22:50:00	海南航空	HU7192	公务舱	1690	6	8
FLIGHT	C246	C005	XIY	T3	PVG	T2	2026-06-16T21:35:00	2026-06-17T00:15:00	海南航空	HU7193	经济舱	650	27	36
FLIGHT	C246	C005	XIY	T3	PVG	T2	2026-06-16T21:35:00	2026-06-17T00:15:00	海南航空	HU7193	公务舱	1690	5	8
FLIGHT	C039	C272	PKX	T2	CKG	T3	2026-06-16T17:20:00	2026-06-16T20:10:00	中国国航	CA7200	经济舱	680	29	36
FLIGHT	C039	C272	PKX	T2	CKG	T3	2026-06-16T17:20:00	2026-06-16T20:10:00	中国国航	CA7200	公务舱	1770	7	8
FLIGHT	C039	C272	PEK	T3	CKG	T3	2026-06-16T18:45:00	2026-06-16T21:35:00	中国国航	CA7201	经济舱	680	28	36
FLIGHT	C039	C272	PEK	T3	CKG	T3	2026-06-16T18:45:00	2026-06-16T21:35:00	中国国航	CA7201	公务舱	1770	6	8
FLIGHT	C039	C272	PKX	T2	CKG	T3	2026-06-16T20:10:00	2026-06-16T23:00:00	中国国航	CA7202	经济舱	680	27	36
FLIGHT	C039	C272	PKX	T2	CKG	T3	2026-06-16T20:10:00	2026-06-16T23:00:00	中国国航	CA7202	公务舱	1770	5	8
FLIGHT	C039	C272	PEK	T3	CKG	T3	2026-06-16T21:35:00	2026-06-17T00:25:00	中国国航	CA7203	经济舱	680	26	36
FLIGHT	C039	C272	PEK	T3	CKG	T3	2026-06-16T21:35:00	2026-06-17T00:25:00	中国国航	CA7203	公务舱	1770	8	8
FLIGHT	C272	C039	CKG	T3	PEK	T3	2026-06-16T17:20:00	2026-06-16T20:10:00	四川航空	3U7210	经济舱	680	28	36
FLIGHT	C272	C039	CKG	T3	PEK	T3	2026-06-16T17:20:00	2026-06-16T20:10:00	四川航空	3U7210	公务舱	1770	6	8
FLIGHT	C272	C039	CKG	T3	PKX	T2	2026-06-16T18:45:00	2026-06-16T21:35:00	四川航空	3U7211	经济舱	680	27	36
FLIGHT	C272	C039	CKG	T3	PKX	T2	2026-06-16T18:45:00	2026-06-16T21:35:00	四川航空	3U7211	公务舱	1770	5	8
FLIGHT	C272	C039	CKG	T3	PEK	T3	2026-06-16T20:10:00	2026-06-16T23:00:00	四川航空	3U7212	经济舱	680	26	36
FLIGHT	C272	C039	CKG	T3	PEK	T3	2026-06-16T20:10:00	2026-06-16T23:00:00	四川航空	3U7212	公务舱	1770	8	8
FLIGHT	C272	C039	CKG	T3	PKX	T2	2026-06-16T21:35:00	2026-06-17T00:25:00	四川航空	3U7213	经济舱	680	25	36
FLIGHT	C272	C039	CKG	T3	PKX	T2	2026-06-16T21:35:00	2026-06-17T00:25:00	四川航空	3U7213	公务舱	1770	7	8
FLIGHT	C039	C005	PEK	T3	PVG	T2	2026-06-17T17:20:00	2026-06-17T19:45:00	中国国航	CA7000	经济舱	520	30	36
FLIGHT	C039	C005	PEK	T3	PVG	T2	2026-06-17T17:20:00	2026-06-17T19:45:00	中国国航	CA7000	公务舱	1350	6	8
FLIGHT	C039	C005	PKX	T2	SHA	T2	2026-06-17T18:45:00	2026-06-17T21:10:00	中国国航	CA7001	经济舱	520	29	36
FLIGHT	C039	C005	PKX	T2	SHA	T2	2026-06-17T18:45:00	2026-06-17T21:10:00	中国国航	CA7001	公务舱	1350	5	8
FLIGHT	C039	C005	PEK	T3	PVG	T2	2026-06-17T20:10:00	2026-06-17T22:35:00	中国国航	CA7002	经济舱	520	28	36
FLIGHT	C039	C005	PEK	T3	PVG	T2	2026-06-17T20:10:00	2026-06-17T22:35:00	中国国航	CA7002	公务舱	1350	8	8
FLIGHT	C039	C005	PKX	T2	SHA	T2	2026-06-17T21:35:00	2026-06-18T00:00:00	中国国航	CA7003	经济舱	520	27	36
FLIGHT	C039	C005	PKX	T2	SHA	T2	2026-06-17T21:35:00	2026-06-18T00:00:00	中国国航	CA7003	公务舱	1350	7	8
FLIGHT	C005	C039	SHA	T2	PKX	T2	2026-06-17T17:20:00	2026-06-17T19:45:00	东方航空	MU7010	经济舱	520	29	36
FLIGHT	C005	C039	SHA	T2	PKX	T2	2026-06-17T17:20:00	2026-06-17T19:45:00	东方航空	MU7010	公务舱	1350	5	8
FLIGHT	C005	C039	PVG	T2	PEK	T3	2026-06-17T18:45:00	2026-06-17T21:10:00	东方航空	MU7011	经济舱	520	28	36
FLIGHT	C005	C039	PVG	T2	PEK	T3	2026-06-17T18:45:00	2026-06-17T21:10:00	东方航空	MU7011	公务舱	1350	8	8
FLIGHT	C005	C039	SHA	T2	PKX	T2	2026-06-17T20:10:00	2026-06-17T22:35:00	东方航空	MU7012	经济舱	520	27	36
FLIGHT	C005	C039	SHA	T2	PKX	T2	2026-06-17T20:10:00	2026-06-17T22:35:00	东方航空	MU7012	公务舱	1350	7	8
FLIGHT	C005	C039	PVG	T2	PEK	T3	2026-06-17T21:35:00	2026-06-18T00:00:00	东方航空	MU7013	经济舱	520	26	36
FLIGHT	C005	C039	PVG	T2	PEK	T3	2026-06-17T21:35:00	2026-06-18T00:00:00	东方航空	MU7013	公务舱	1350	6	8
FLIGHT	C039	C112	PEK	T3	CAN	T2	2026-06-17T17:20:00	2026-06-17T20:35:00	中国国航	CA7020	经济舱	720	28	36
FLIGHT	C039	C112	PEK	T3	CAN	T2	2026-06-17T17:20:00	2026-06-17T20:35:00	中国国航	CA7020	公务舱	1870	8	8
FLIGHT	C039	C112	PKX	T2	CAN	T2	2026-06-17T18:45:00	2026-06-17T22:00:00	中国国航	CA7021	经济舱	720	27	36
FLIGHT	C039	C112	PKX	T2	CAN	T2	2026-06-17T18:45:00	2026-06-17T22:00:00	中国国航	CA7021	公务舱	1870	7	8
FLIGHT	C039	C112	PEK	T3	CAN	T2	2026-06-17T20:10:00	2026-06-17T23:25:00	中国国航	CA7022	经济舱	720	26	36
FLIGHT	C039	C112	PEK	T3	CAN	T2	2026-06-17T20:10:00	2026-06-17T23:25:00	中国国航	CA7022	公务舱	1870	6	8
FLIGHT	C039	C112	PKX	T2	CAN	T2	2026-06-17T21:35:00	2026-06-18T00:50:00	中国国航	CA7023	经济舱	720	25	36
FLIGHT	C039	C112	PKX	T2	CAN	T2	2026-06-17T21:35:00	2026-06-18T00:50:00	中国国航	CA7023	公务舱	1870	5	8
FLIGHT	C112	C039	CAN	T2	PKX	T2	2026-06-17T17:20:00	2026-06-17T20:35:00	南方航空	CZ7030	经济舱	720	27	36
FLIGHT	C112	C039	CAN	T2	PKX	T2	2026-06-17T17:20:00	2026-06-17T20:35:00	南方航空	CZ7030	公务舱	1870	7	8
FLIGHT	C112	C039	CAN	T2	PEK	T3	2026-06-17T18:45:00	2026-06-17T22:00:00	南方航空	CZ7031	经济舱	720	26	36
FLIGHT	C112	C039	CAN	T2	PEK	T3	2026-06-17T18:45:00	2026-06-17T22:00:00	南方航空	CZ7031	公务舱	1870	6	8
FLIGHT	C112	C039	CAN	T2	PKX	T2	2026-06-17T20:10:00	2026-06-17T23:25:00	南方航空	CZ7032	经济舱	720	25	36
FLIGHT	C112	C039	CAN	T2	PKX	T2	2026-06-17T20:10:00	2026-06-17T23:25:00	南方航空	CZ7032	公务舱	1870	5	8
FLIGHT	C112	C039	CAN	T2	PEK	T3	2026-06-17T21:35:00	2026-06-18T00:50:00	南方航空	CZ7033	经济舱	720	24	36
FLIGHT	C112	C039	CAN	T2	PEK	T3	2026-06-17T21:35:00	2026-06-18T00:50:00	南方航空	CZ7033	公务舱	1870	8	8
FLIGHT	C039	C190	PEK	T3	SZX	T3	2026-06-17T17:20:00	2026-06-17T20:45:00	中国国航	CA7040	经济舱	760	26	36
FLIGHT	C039	C190	PEK	T3	SZX	T3	2026-06-17T17:20:00	2026-06-17T20:45:00	中国国航	CA7040	公务舱	1980	6	8
FLIGHT	C039	C190	PKX	T2	SZX	T3	2026-06-17T18:45:00	2026-06-17T22:10:00	中国国航	CA7041	经济舱	760	25	36
FLIGHT	C039	C190	PKX	T2	SZX	T3	2026-06-17T18:45:00	2026-06-17T22:10:00	中国国航	CA7041	公务舱	1980	5	8
FLIGHT	C039	C190	PEK	T3	SZX	T3	2026-06-17T20:10:00	2026-06-17T23:35:00	中国国航	CA7042	经济舱	760	24	36
FLIGHT	C039	C190	PEK	T3	SZX	T3	2026-06-17T20:10:00	2026-06-17T23:35:00	中国国航	CA7042	公务舱	1980	8	8
FLIGHT	C039	C190	PKX	T2	SZX	T3	2026-06-17T21:35:00	2026-06-18T01:00:00	中国国航	CA7043	经济舱	760	23	36
FLIGHT	C039	C190	PKX	T2	SZX	T3	2026-06-17T21:35:00	2026-06-18T01:00:00	中国国航	CA7043	公务舱	1980	7	8
FLIGHT	C190	C039	SZX	T3	PKX	T2	2026-06-17T17:20:00	2026-06-17T20:45:00	深圳航空	ZH7050	经济舱	760	25	36
FLIGHT	C190	C039	SZX	T3	PKX	T2	2026-06-17T17:20:00	2026-06-17T20:45:00	深圳航空	ZH7050	公务舱	1980	5	8
FLIGHT	C190	C039	SZX	T3	PEK	T3	2026-06-17T18:45:00	2026-06-17T22:10:00	深圳航空	ZH7051	经济舱	760	24	36
FLIGHT	C190	C039	SZX	T3	PEK	T3	2026-06-17T18:45:00	2026-06-17T22:10:00	深圳航空	ZH7051	公务舱	1980	8	8
FLIGHT	C190	C039	SZX	T3	PKX	T2	2026-06-17T20:10:00	2026-06-17T23:35:00	深圳航空	ZH7052	经济舱	760	23	36
FLIGHT	C190	C039	SZX	T3	PKX	T2	2026-06-17T20:10:00	2026-06-17T23:35:00	深圳航空	ZH7052	公务舱	1980	7	8
FLIGHT	C190	C039	SZX	T3	PEK	T3	2026-06-17T21:35:00	2026-06-18T01:00:00	深圳航空	ZH7053	经济舱	760	22	36
FLIGHT	C190	C039	SZX	T3	PEK	T3	2026-06-17T21:35:00	2026-06-18T01:00:00	深圳航空	ZH7053	公务舱	1980	6	8
FLIGHT	C005	C112	SHA	T2	CAN	T2	2026-06-17T17:20:00	2026-06-17T19:55:00	东方航空	MU7060	经济舱	610	24	36
FLIGHT	C005	C112	SHA	T2	CAN	T2	2026-06-17T17:20:00	2026-06-17T19:55:00	东方航空	MU7060	公务舱	1590	8	8
FLIGHT	C005	C112	PVG	T2	CAN	T2	2026-06-17T18:45:00	2026-06-17T21:20:00	东方航空	MU7061	经济舱	610	23	36
FLIGHT	C005	C112	PVG	T2	CAN	T2	2026-06-17T18:45:00	2026-06-17T21:20:00	东方航空	MU7061	公务舱	1590	7	8
FLIGHT	C005	C112	SHA	T2	CAN	T2	2026-06-17T20:10:00	2026-06-17T22:45:00	东方航空	MU7062	经济舱	610	22	36
FLIGHT	C005	C112	SHA	T2	CAN	T2	2026-06-17T20:10:00	2026-06-17T22:45:00	东方航空	MU7062	公务舱	1590	6	8
FLIGHT	C005	C112	PVG	T2	CAN	T2	2026-06-17T21:35:00	2026-06-18T00:10:00	东方航空	MU7063	经济舱	610	21	36
FLIGHT	C005	C112	PVG	T2	CAN	T2	2026-06-17T21:35:00	2026-06-18T00:10:00	东方航空	MU7063	公务舱	1590	5	8
FLIGHT	C112	C005	CAN	T2	PVG	T2	2026-06-17T17:20:00	2026-06-17T19:55:00	南方航空	CZ7070	经济舱	610	23	36
FLIGHT	C112	C005	CAN	T2	PVG	T2	2026-06-17T17:20:00	2026-06-17T19:55:00	南方航空	CZ7070	公务舱	1590	7	8
FLIGHT	C112	C005	CAN	T2	SHA	T2	2026-06-17T18:45:00	2026-06-17T21:20:00	南方航空	CZ7071	经济舱	610	22	36
FLIGHT	C112	C005	CAN	T2	SHA	T2	2026-06-17T18:45:00	2026-06-17T21:20:00	南方航空	CZ7071	公务舱	1590	6	8
FLIGHT	C112	C005	CAN	T2	PVG	T2	2026-06-17T20:10:00	2026-06-17T22:45:00	南方航空	CZ7072	经济舱	610	21	36
FLIGHT	C112	C005	CAN	T2	PVG	T2	2026-06-17T20:10:00	2026-06-17T22:45:00	南方航空	CZ7072	公务舱	1590	5	8
FLIGHT	C112	C005	CAN	T2	SHA	T2	2026-06-17T21:35:00	2026-06-18T00:10:00	南方航空	CZ7073	经济舱	610	20	36
FLIGHT	C112	C005	CAN	T2	SHA	T2	2026-06-17T21:35:00	2026-06-18T00:10:00	南方航空	CZ7073	公务舱	1590	8	8
FLIGHT	C005	C190	SHA	T2	SZX	T3	2026-06-17T17:20:00	2026-06-17T19:55:00	东方航空	MU7080	经济舱	640	22	36
FLIGHT	C005	C190	SHA	T2	SZX	T3	2026-06-17T17:20:00	2026-06-17T19:55:00	东方航空	MU7080	公务舱	1660	6	8
FLIGHT	C005	C190	PVG	T2	SZX	T3	2026-06-17T18:45:00	2026-06-17T21:20:00	东方航空	MU7081	经济舱	640	21	36
FLIGHT	C005	C190	PVG	T2	SZX	T3	2026-06-17T18:45:00	2026-06-17T21:20:00	东方航空	MU7081	公务舱	1660	5	8
FLIGHT	C005	C190	SHA	T2	SZX	T3	2026-06-17T20:10:00	2026-06-17T22:45:00	东方航空	MU7082	经济舱	640	20	36
FLIGHT	C005	C190	SHA	T2	SZX	T3	2026-06-17T20:10:00	2026-06-17T22:45:00	东方航空	MU7082	公务舱	1660	8	8
FLIGHT	C005	C190	PVG	T2	SZX	T3	2026-06-17T21:35:00	2026-06-18T00:10:00	东方航空	MU7083	经济舱	640	19	36
FLIGHT	C005	C190	PVG	T2	SZX	T3	2026-06-17T21:35:00	2026-06-18T00:10:00	东方航空	MU7083	公务舱	1660	7	8
FLIGHT	C190	C005	SZX	T3	PVG	T2	2026-06-17T17:20:00	2026-06-17T19:55:00	深圳航空	ZH7090	经济舱	640	21	36
FLIGHT	C190	C005	SZX	T3	PVG	T2	2026-06-17T17:20:00	2026-06-17T19:55:00	深圳航空	ZH7090	公务舱	1660	5	8
FLIGHT	C190	C005	SZX	T3	SHA	T2	2026-06-17T18:45:00	2026-06-17T21:20:00	深圳航空	ZH7091	经济舱	640	20	36
FLIGHT	C190	C005	SZX	T3	SHA	T2	2026-06-17T18:45:00	2026-06-17T21:20:00	深圳航空	ZH7091	公务舱	1660	8	8
FLIGHT	C190	C005	SZX	T3	PVG	T2	2026-06-17T20:10:00	2026-06-17T22:45:00	深圳航空	ZH7092	经济舱	640	19	36
FLIGHT	C190	C005	SZX	T3	PVG	T2	2026-06-17T20:10:00	2026-06-17T22:45:00	深圳航空	ZH7092	公务舱	1660	7	8
FLIGHT	C190	C005	SZX	T3	SHA	T2	2026-06-17T21:35:00	2026-06-18T00:10:00	深圳航空	ZH7093	经济舱	640	36	36
FLIGHT	C190	C005	SZX	T3	SHA	T2	2026-06-17T21:35:00	2026-06-18T00:10:00	深圳航空	ZH7093	公务舱	1660	6	8
FLIGHT	C039	C128	PEK	T3	TFU	T2	2026-06-17T17:20:00	2026-06-17T20:20:00	中国国航	CA7100	经济舱	690	20	36
FLIGHT	C039	C128	PEK	T3	TFU	T2	2026-06-17T17:20:00	2026-06-17T20:20:00	中国国航	CA7100	公务舱	1790	8	8
FLIGHT	C039	C128	PKX	T2	CTU	T2	2026-06-17T18:45:00	2026-06-17T21:45:00	中国国航	CA7101	经济舱	690	19	36
FLIGHT	C039	C128	PKX	T2	CTU	T2	2026-06-17T18:45:00	2026-06-17T21:45:00	中国国航	CA7101	公务舱	1790	7	8
FLIGHT	C039	C128	PEK	T3	TFU	T2	2026-06-17T20:10:00	2026-06-17T23:10:00	中国国航	CA7102	经济舱	690	36	36
FLIGHT	C039	C128	PEK	T3	TFU	T2	2026-06-17T20:10:00	2026-06-17T23:10:00	中国国航	CA7102	公务舱	1790	6	8
FLIGHT	C039	C128	PKX	T2	CTU	T2	2026-06-17T21:35:00	2026-06-18T00:35:00	中国国航	CA7103	经济舱	690	35	36
FLIGHT	C039	C128	PKX	T2	CTU	T2	2026-06-17T21:35:00	2026-06-18T00:35:00	中国国航	CA7103	公务舱	1790	5	8
FLIGHT	C128	C039	CTU	T2	PKX	T2	2026-06-17T17:20:00	2026-06-17T20:20:00	四川航空	3U7110	经济舱	690	19	36
FLIGHT	C128	C039	CTU	T2	PKX	T2	2026-06-17T17:20:00	2026-06-17T20:20:00	四川航空	3U7110	公务舱	1790	7	8
FLIGHT	C128	C039	TFU	T2	PEK	T3	2026-06-17T18:45:00	2026-06-17T21:45:00	四川航空	3U7111	经济舱	690	36	36
FLIGHT	C128	C039	TFU	T2	PEK	T3	2026-06-17T18:45:00	2026-06-17T21:45:00	四川航空	3U7111	公务舱	1790	6	8
FLIGHT	C128	C039	CTU	T2	PKX	T2	2026-06-17T20:10:00	2026-06-17T23:10:00	四川航空	3U7112	经济舱	690	35	36
FLIGHT	C128	C039	CTU	T2	PKX	T2	2026-06-17T20:10:00	2026-06-17T23:10:00	四川航空	3U7112	公务舱	1790	5	8
FLIGHT	C128	C039	TFU	T2	PEK	T3	2026-06-17T21:35:00	2026-06-18T00:35:00	四川航空	3U7113	经济舱	690	34	36
FLIGHT	C128	C039	TFU	T2	PEK	T3	2026-06-17T21:35:00	2026-06-18T00:35:00	四川航空	3U7113	公务舱	1790	8	8
FLIGHT	C005	C128	SHA	T2	TFU	T2	2026-06-17T17:20:00	2026-06-17T20:30:00	东方航空	MU7120	经济舱	720	36	36
FLIGHT	C005	C128	SHA	T2	TFU	T2	2026-06-17T17:20:00	2026-06-17T20:30:00	东方航空	MU7120	公务舱	1870	6	8
FLIGHT	C005	C128	PVG	T2	CTU	T2	2026-06-17T18:45:00	2026-06-17T21:55:00	东方航空	MU7121	经济舱	720	35	36
FLIGHT	C005	C128	PVG	T2	CTU	T2	2026-06-17T18:45:00	2026-06-17T21:55:00	东方航空	MU7121	公务舱	1870	5	8
FLIGHT	C005	C128	SHA	T2	TFU	T2	2026-06-17T20:10:00	2026-06-17T23:20:00	东方航空	MU7122	经济舱	720	34	36
FLIGHT	C005	C128	SHA	T2	TFU	T2	2026-06-17T20:10:00	2026-06-17T23:20:00	东方航空	MU7122	公务舱	1870	8	8
FLIGHT	C005	C128	PVG	T2	CTU	T2	2026-06-17T21:35:00	2026-06-18T00:45:00	东方航空	MU7123	经济舱	720	33	36
FLIGHT	C005	C128	PVG	T2	CTU	T2	2026-06-17T21:35:00	2026-06-18T00:45:00	东方航空	MU7123	公务舱	1870	7	8
FLIGHT	C128	C005	CTU	T2	PVG	T2	2026-06-17T17:20:00	2026-06-17T20:30:00	四川航空	3U7130	经济舱	720	35	36
FLIGHT	C128	C005	CTU	T2	PVG	T2	2026-06-17T17:20:00	2026-06-17T20:30:00	四川航空	3U7130	公务舱	1870	5	8
FLIGHT	C128	C005	TFU	T2	SHA	T2	2026-06-17T18:45:00	2026-06-17T21:55:00	四川航空	3U7131	经济舱	720	34	36
FLIGHT	C128	C005	TFU	T2	SHA	T2	2026-06-17T18:45:00	2026-06-17T21:55:00	四川航空	3U7131	公务舱	1870	8	8
FLIGHT	C128	C005	CTU	T2	PVG	T2	2026-06-17T20:10:00	2026-06-17T23:20:00	四川航空	3U7132	经济舱	720	33	36
FLIGHT	C128	C005	CTU	T2	PVG	T2	2026-06-17T20:10:00	2026-06-17T23:20:00	四川航空	3U7132	公务舱	1870	7	8
FLIGHT	C128	C005	TFU	T2	SHA	T2	2026-06-17T21:35:00	2026-06-18T00:45:00	四川航空	3U7133	经济舱	720	32	36
FLIGHT	C128	C005	TFU	T2	SHA	T2	2026-06-17T21:35:00	2026-06-18T00:45:00	四川航空	3U7133	公务舱	1870	6	8
FLIGHT	C112	C128	CAN	T2	TFU	T2	2026-06-17T17:20:00	2026-06-17T19:40:00	南方航空	CZ7140	经济舱	560	34	36
FLIGHT	C112	C128	CAN	T2	TFU	T2	2026-06-17T17:20:00	2026-06-17T19:40:00	南方航空	CZ7140	公务舱	1460	8	8
FLIGHT	C112	C128	CAN	T2	CTU	T2	2026-06-17T18:45:00	2026-06-17T21:05:00	南方航空	CZ7141	经济舱	560	33	36
FLIGHT	C112	C128	CAN	T2	CTU	T2	2026-06-17T18:45:00	2026-06-17T21:05:00	南方航空	CZ7141	公务舱	1460	7	8
FLIGHT	C112	C128	CAN	T2	TFU	T2	2026-06-17T20:10:00	2026-06-17T22:30:00	南方航空	CZ7142	经济舱	560	32	36
FLIGHT	C112	C128	CAN	T2	TFU	T2	2026-06-17T20:10:00	2026-06-17T22:30:00	南方航空	CZ7142	公务舱	1460	6	8
FLIGHT	C112	C128	CAN	T2	CTU	T2	2026-06-17T21:35:00	2026-06-17T23:55:00	南方航空	CZ7143	经济舱	560	31	36
FLIGHT	C112	C128	CAN	T2	CTU	T2	2026-06-17T21:35:00	2026-06-17T23:55:00	南方航空	CZ7143	公务舱	1460	5	8
FLIGHT	C128	C112	CTU	T2	CAN	T2	2026-06-17T17:20:00	2026-06-17T19:40:00	四川航空	3U7150	经济舱	560	33	36
FLIGHT	C128	C112	CTU	T2	CAN	T2	2026-06-17T17:20:00	2026-06-17T19:40:00	四川航空	3U7150	公务舱	1460	7	8
FLIGHT	C128	C112	TFU	T2	CAN	T2	2026-06-17T18:45:00	2026-06-17T21:05:00	四川航空	3U7151	经济舱	560	32	36
FLIGHT	C128	C112	TFU	T2	CAN	T2	2026-06-17T18:45:00	2026-06-17T21:05:00	四川航空	3U7151	公务舱	1460	6	8
FLIGHT	C128	C112	CTU	T2	CAN	T2	2026-06-17T20:10:00	2026-06-17T22:30:00	四川航空	3U7152	经济舱	560	31	36
FLIGHT	C128	C112	CTU	T2	CAN	T2	2026-06-17T20:10:00	2026-06-17T22:30:00	四川航空	3U7152	公务舱	1460	5	8
FLIGHT	C128	C112	TFU	T2	CAN	T2	2026-06-17T21:35:00	2026-06-17T23:55:00	四川航空	3U7153	经济舱	560	30	36
FLIGHT	C128	C112	TFU	T2	CAN	T2	2026-06-17T21:35:00	2026-06-17T23:55:00	四川航空	3U7153	公务舱	1460	8	8
FLIGHT	C039	C153	PEK	T3	HGH	T4	2026-06-17T17:20:00	2026-06-17T19:30:00	中国国航	CA7160	经济舱	480	32	36
FLIGHT	C039	C153	PEK	T3	HGH	T4	2026-06-17T17:20:00	2026-06-17T19:30:00	中国国航	CA7160	公务舱	1250	6	8
FLIGHT	C039	C153	PKX	T2	HGH	T4	2026-06-17T18:45:00	2026-06-17T20:55:00	中国国航	CA7161	经济舱	480	31	36
FLIGHT	C039	C153	PKX	T2	HGH	T4	2026-06-17T18:45:00	2026-06-17T20:55:00	中国国航	CA7161	公务舱	1250	5	8
FLIGHT	C039	C153	PEK	T3	HGH	T4	2026-06-17T20:10:00	2026-06-17T22:20:00	中国国航	CA7162	经济舱	480	30	36
FLIGHT	C039	C153	PEK	T3	HGH	T4	2026-06-17T20:10:00	2026-06-17T22:20:00	中国国航	CA7162	公务舱	1250	8	8
FLIGHT	C039	C153	PKX	T2	HGH	T4	2026-06-17T21:35:00	2026-06-17T23:45:00	中国国航	CA7163	经济舱	480	29	36
FLIGHT	C039	C153	PKX	T2	HGH	T4	2026-06-17T21:35:00	2026-06-17T23:45:00	中国国航	CA7163	公务舱	1250	7	8
FLIGHT	C153	C039	HGH	T4	PKX	T2	2026-06-17T17:20:00	2026-06-17T19:30:00	海南航空	HU7170	经济舱	480	31	36
FLIGHT	C153	C039	HGH	T4	PKX	T2	2026-06-17T17:20:00	2026-06-17T19:30:00	海南航空	HU7170	公务舱	1250	5	8
FLIGHT	C153	C039	HGH	T4	PEK	T3	2026-06-17T18:45:00	2026-06-17T20:55:00	海南航空	HU7171	经济舱	480	30	36
FLIGHT	C153	C039	HGH	T4	PEK	T3	2026-06-17T18:45:00	2026-06-17T20:55:00	海南航空	HU7171	公务舱	1250	8	8
FLIGHT	C153	C039	HGH	T4	PKX	T2	2026-06-17T20:10:00	2026-06-17T22:20:00	海南航空	HU7172	经济舱	480	29	36
FLIGHT	C153	C039	HGH	T4	PKX	T2	2026-06-17T20:10:00	2026-06-17T22:20:00	海南航空	HU7172	公务舱	1250	7	8
FLIGHT	C153	C039	HGH	T4	PEK	T3	2026-06-17T21:35:00	2026-06-17T23:45:00	海南航空	HU7173	经济舱	480	28	36
FLIGHT	C153	C039	HGH	T4	PEK	T3	2026-06-17T21:35:00	2026-06-17T23:45:00	海南航空	HU7173	公务舱	1250	6	8
FLIGHT	C005	C246	SHA	T2	XIY	T3	2026-06-17T17:20:00	2026-06-17T20:00:00	东方航空	MU7180	经济舱	650	30	36
FLIGHT	C005	C246	SHA	T2	XIY	T3	2026-06-17T17:20:00	2026-06-17T20:00:00	东方航空	MU7180	公务舱	1690	8	8
FLIGHT	C005	C246	PVG	T2	XIY	T3	2026-06-17T18:45:00	2026-06-17T21:25:00	东方航空	MU7181	经济舱	650	29	36
FLIGHT	C005	C246	PVG	T2	XIY	T3	2026-06-17T18:45:00	2026-06-17T21:25:00	东方航空	MU7181	公务舱	1690	7	8
FLIGHT	C005	C246	SHA	T2	XIY	T3	2026-06-17T20:10:00	2026-06-17T22:50:00	东方航空	MU7182	经济舱	650	28	36
FLIGHT	C005	C246	SHA	T2	XIY	T3	2026-06-17T20:10:00	2026-06-17T22:50:00	东方航空	MU7182	公务舱	1690	6	8
FLIGHT	C005	C246	PVG	T2	XIY	T3	2026-06-17T21:35:00	2026-06-18T00:15:00	东方航空	MU7183	经济舱	650	27	36
FLIGHT	C005	C246	PVG	T2	XIY	T3	2026-06-17T21:35:00	2026-06-18T00:15:00	东方航空	MU7183	公务舱	1690	5	8
FLIGHT	C246	C005	XIY	T3	PVG	T2	2026-06-17T17:20:00	2026-06-17T20:00:00	海南航空	HU7190	经济舱	650	29	36
FLIGHT	C246	C005	XIY	T3	PVG	T2	2026-06-17T17:20:00	2026-06-17T20:00:00	海南航空	HU7190	公务舱	1690	7	8
FLIGHT	C246	C005	XIY	T3	SHA	T2	2026-06-17T18:45:00	2026-06-17T21:25:00	海南航空	HU7191	经济舱	650	28	36
FLIGHT	C246	C005	XIY	T3	SHA	T2	2026-06-17T18:45:00	2026-06-17T21:25:00	海南航空	HU7191	公务舱	1690	6	8
FLIGHT	C246	C005	XIY	T3	PVG	T2	2026-06-17T20:10:00	2026-06-17T22:50:00	海南航空	HU7192	经济舱	650	27	36
FLIGHT	C246	C005	XIY	T3	PVG	T2	2026-06-17T20:10:00	2026-06-17T22:50:00	海南航空	HU7192	公务舱	1690	5	8
FLIGHT	C246	C005	XIY	T3	SHA	T2	2026-06-17T21:35:00	2026-06-18T00:15:00	海南航空	HU7193	经济舱	650	26	36
FLIGHT	C246	C005	XIY	T3	SHA	T2	2026-06-17T21:35:00	2026-06-18T00:15:00	海南航空	HU7193	公务舱	1690	8	8
FLIGHT	C039	C272	PEK	T3	CKG	T3	2026-06-17T17:20:00	2026-06-17T20:10:00	中国国航	CA7200	经济舱	680	28	36
FLIGHT	C039	C272	PEK	T3	CKG	T3	2026-06-17T17:20:00	2026-06-17T20:10:00	中国国航	CA7200	公务舱	1770	6	8
FLIGHT	C039	C272	PKX	T2	CKG	T3	2026-06-17T18:45:00	2026-06-17T21:35:00	中国国航	CA7201	经济舱	680	27	36
FLIGHT	C039	C272	PKX	T2	CKG	T3	2026-06-17T18:45:00	2026-06-17T21:35:00	中国国航	CA7201	公务舱	1770	5	8
FLIGHT	C039	C272	PEK	T3	CKG	T3	2026-06-17T20:10:00	2026-06-17T23:00:00	中国国航	CA7202	经济舱	680	26	36
FLIGHT	C039	C272	PEK	T3	CKG	T3	2026-06-17T20:10:00	2026-06-17T23:00:00	中国国航	CA7202	公务舱	1770	8	8
FLIGHT	C039	C272	PKX	T2	CKG	T3	2026-06-17T21:35:00	2026-06-18T00:25:00	中国国航	CA7203	经济舱	680	25	36
FLIGHT	C039	C272	PKX	T2	CKG	T3	2026-06-17T21:35:00	2026-06-18T00:25:00	中国国航	CA7203	公务舱	1770	7	8
FLIGHT	C272	C039	CKG	T3	PKX	T2	2026-06-17T17:20:00	2026-06-17T20:10:00	四川航空	3U7210	经济舱	680	27	36
FLIGHT	C272	C039	CKG	T3	PKX	T2	2026-06-17T17:20:00	2026-06-17T20:10:00	四川航空	3U7210	公务舱	1770	5	8
FLIGHT	C272	C039	CKG	T3	PEK	T3	2026-06-17T18:45:00	2026-06-17T21:35:00	四川航空	3U7211	经济舱	680	26	36
FLIGHT	C272	C039	CKG	T3	PEK	T3	2026-06-17T18:45:00	2026-06-17T21:35:00	四川航空	3U7211	公务舱	1770	8	8
FLIGHT	C272	C039	CKG	T3	PKX	T2	2026-06-17T20:10:00	2026-06-17T23:00:00	四川航空	3U7212	经济舱	680	25	36
FLIGHT	C272	C039	CKG	T3	PKX	T2	2026-06-17T20:10:00	2026-06-17T23:00:00	四川航空	3U7212	公务舱	1770	7	8
FLIGHT	C272	C039	CKG	T3	PEK	T3	2026-06-17T21:35:00	2026-06-18T00:25:00	四川航空	3U7213	经济舱	680	24	36
FLIGHT	C272	C039	CKG	T3	PEK	T3	2026-06-17T21:35:00	2026-06-18T00:25:00	四川航空	3U7213	公务舱	1770	6	8
FLIGHT	C039	C005	PKX	T2	SHA	T2	2026-06-18T17:20:00	2026-06-18T19:45:00	中国国航	CA7000	经济舱	520	29	36
FLIGHT	C039	C005	PKX	T2	SHA	T2	2026-06-18T17:20:00	2026-06-18T19:45:00	中国国航	CA7000	公务舱	1350	5	8
FLIGHT	C039	C005	PEK	T3	PVG	T2	2026-06-18T18:45:00	2026-06-18T21:10:00	中国国航	CA7001	经济舱	520	28	36
FLIGHT	C039	C005	PEK	T3	PVG	T2	2026-06-18T18:45:00	2026-06-18T21:10:00	中国国航	CA7001	公务舱	1350	8	8
FLIGHT	C039	C005	PKX	T2	SHA	T2	2026-06-18T20:10:00	2026-06-18T22:35:00	中国国航	CA7002	经济舱	520	27	36
FLIGHT	C039	C005	PKX	T2	SHA	T2	2026-06-18T20:10:00	2026-06-18T22:35:00	中国国航	CA7002	公务舱	1350	7	8
FLIGHT	C039	C005	PEK	T3	PVG	T2	2026-06-18T21:35:00	2026-06-19T00:00:00	中国国航	CA7003	经济舱	520	26	36
FLIGHT	C039	C005	PEK	T3	PVG	T2	2026-06-18T21:35:00	2026-06-19T00:00:00	中国国航	CA7003	公务舱	1350	6	8
FLIGHT	C005	C039	PVG	T2	PEK	T3	2026-06-18T17:20:00	2026-06-18T19:45:00	东方航空	MU7010	经济舱	520	28	36
FLIGHT	C005	C039	PVG	T2	PEK	T3	2026-06-18T17:20:00	2026-06-18T19:45:00	东方航空	MU7010	公务舱	1350	8	8
FLIGHT	C005	C039	SHA	T2	PKX	T2	2026-06-18T18:45:00	2026-06-18T21:10:00	东方航空	MU7011	经济舱	520	27	36
FLIGHT	C005	C039	SHA	T2	PKX	T2	2026-06-18T18:45:00	2026-06-18T21:10:00	东方航空	MU7011	公务舱	1350	7	8
FLIGHT	C005	C039	PVG	T2	PEK	T3	2026-06-18T20:10:00	2026-06-18T22:35:00	东方航空	MU7012	经济舱	520	26	36
FLIGHT	C005	C039	PVG	T2	PEK	T3	2026-06-18T20:10:00	2026-06-18T22:35:00	东方航空	MU7012	公务舱	1350	6	8
FLIGHT	C005	C039	SHA	T2	PKX	T2	2026-06-18T21:35:00	2026-06-19T00:00:00	东方航空	MU7013	经济舱	520	25	36
FLIGHT	C005	C039	SHA	T2	PKX	T2	2026-06-18T21:35:00	2026-06-19T00:00:00	东方航空	MU7013	公务舱	1350	5	8
FLIGHT	C039	C112	PKX	T2	CAN	T2	2026-06-18T17:20:00	2026-06-18T20:35:00	中国国航	CA7020	经济舱	720	27	36
FLIGHT	C039	C112	PKX	T2	CAN	T2	2026-06-18T17:20:00	2026-06-18T20:35:00	中国国航	CA7020	公务舱	1870	7	8
FLIGHT	C039	C112	PEK	T3	CAN	T2	2026-06-18T18:45:00	2026-06-18T22:00:00	中国国航	CA7021	经济舱	720	26	36
FLIGHT	C039	C112	PEK	T3	CAN	T2	2026-06-18T18:45:00	2026-06-18T22:00:00	中国国航	CA7021	公务舱	1870	6	8
FLIGHT	C039	C112	PKX	T2	CAN	T2	2026-06-18T20:10:00	2026-06-18T23:25:00	中国国航	CA7022	经济舱	720	25	36
FLIGHT	C039	C112	PKX	T2	CAN	T2	2026-06-18T20:10:00	2026-06-18T23:25:00	中国国航	CA7022	公务舱	1870	5	8
FLIGHT	C039	C112	PEK	T3	CAN	T2	2026-06-18T21:35:00	2026-06-19T00:50:00	中国国航	CA7023	经济舱	720	24	36
FLIGHT	C039	C112	PEK	T3	CAN	T2	2026-06-18T21:35:00	2026-06-19T00:50:00	中国国航	CA7023	公务舱	1870	8	8
FLIGHT	C112	C039	CAN	T2	PEK	T3	2026-06-18T17:20:00	2026-06-18T20:35:00	南方航空	CZ7030	经济舱	720	26	36
FLIGHT	C112	C039	CAN	T2	PEK	T3	2026-06-18T17:20:00	2026-06-18T20:35:00	南方航空	CZ7030	公务舱	1870	6	8
FLIGHT	C112	C039	CAN	T2	PKX	T2	2026-06-18T18:45:00	2026-06-18T22:00:00	南方航空	CZ7031	经济舱	720	25	36
FLIGHT	C112	C039	CAN	T2	PKX	T2	2026-06-18T18:45:00	2026-06-18T22:00:00	南方航空	CZ7031	公务舱	1870	5	8
FLIGHT	C112	C039	CAN	T2	PEK	T3	2026-06-18T20:10:00	2026-06-18T23:25:00	南方航空	CZ7032	经济舱	720	24	36
FLIGHT	C112	C039	CAN	T2	PEK	T3	2026-06-18T20:10:00	2026-06-18T23:25:00	南方航空	CZ7032	公务舱	1870	8	8
FLIGHT	C112	C039	CAN	T2	PKX	T2	2026-06-18T21:35:00	2026-06-19T00:50:00	南方航空	CZ7033	经济舱	720	23	36
FLIGHT	C112	C039	CAN	T2	PKX	T2	2026-06-18T21:35:00	2026-06-19T00:50:00	南方航空	CZ7033	公务舱	1870	7	8
FLIGHT	C039	C190	PKX	T2	SZX	T3	2026-06-18T17:20:00	2026-06-18T20:45:00	中国国航	CA7040	经济舱	760	25	36
FLIGHT	C039	C190	PKX	T2	SZX	T3	2026-06-18T17:20:00	2026-06-18T20:45:00	中国国航	CA7040	公务舱	1980	5	8
FLIGHT	C039	C190	PEK	T3	SZX	T3	2026-06-18T18:45:00	2026-06-18T22:10:00	中国国航	CA7041	经济舱	760	24	36
FLIGHT	C039	C190	PEK	T3	SZX	T3	2026-06-18T18:45:00	2026-06-18T22:10:00	中国国航	CA7041	公务舱	1980	8	8
FLIGHT	C039	C190	PKX	T2	SZX	T3	2026-06-18T20:10:00	2026-06-18T23:35:00	中国国航	CA7042	经济舱	760	23	36
FLIGHT	C039	C190	PKX	T2	SZX	T3	2026-06-18T20:10:00	2026-06-18T23:35:00	中国国航	CA7042	公务舱	1980	7	8
FLIGHT	C039	C190	PEK	T3	SZX	T3	2026-06-18T21:35:00	2026-06-19T01:00:00	中国国航	CA7043	经济舱	760	22	36
FLIGHT	C039	C190	PEK	T3	SZX	T3	2026-06-18T21:35:00	2026-06-19T01:00:00	中国国航	CA7043	公务舱	1980	6	8
FLIGHT	C190	C039	SZX	T3	PEK	T3	2026-06-18T17:20:00	2026-06-18T20:45:00	深圳航空	ZH7050	经济舱	760	24	36
FLIGHT	C190	C039	SZX	T3	PEK	T3	2026-06-18T17:20:00	2026-06-18T20:45:00	深圳航空	ZH7050	公务舱	1980	8	8
FLIGHT	C190	C039	SZX	T3	PKX	T2	2026-06-18T18:45:00	2026-06-18T22:10:00	深圳航空	ZH7051	经济舱	760	23	36
FLIGHT	C190	C039	SZX	T3	PKX	T2	2026-06-18T18:45:00	2026-06-18T22:10:00	深圳航空	ZH7051	公务舱	1980	7	8
FLIGHT	C190	C039	SZX	T3	PEK	T3	2026-06-18T20:10:00	2026-06-18T23:35:00	深圳航空	ZH7052	经济舱	760	22	36
FLIGHT	C190	C039	SZX	T3	PEK	T3	2026-06-18T20:10:00	2026-06-18T23:35:00	深圳航空	ZH7052	公务舱	1980	6	8
FLIGHT	C190	C039	SZX	T3	PKX	T2	2026-06-18T21:35:00	2026-06-19T01:00:00	深圳航空	ZH7053	经济舱	760	21	36
FLIGHT	C190	C039	SZX	T3	PKX	T2	2026-06-18T21:35:00	2026-06-19T01:00:00	深圳航空	ZH7053	公务舱	1980	5	8
FLIGHT	C005	C112	PVG	T2	CAN	T2	2026-06-18T17:20:00	2026-06-18T19:55:00	东方航空	MU7060	经济舱	610	23	36
FLIGHT	C005	C112	PVG	T2	CAN	T2	2026-06-18T17:20:00	2026-06-18T19:55:00	东方航空	MU7060	公务舱	1590	7	8
FLIGHT	C005	C112	SHA	T2	CAN	T2	2026-06-18T18:45:00	2026-06-18T21:20:00	东方航空	MU7061	经济舱	610	22	36
FLIGHT	C005	C112	SHA	T2	CAN	T2	2026-06-18T18:45:00	2026-06-18T21:20:00	东方航空	MU7061	公务舱	1590	6	8
FLIGHT	C005	C112	PVG	T2	CAN	T2	2026-06-18T20:10:00	2026-06-18T22:45:00	东方航空	MU7062	经济舱	610	21	36
FLIGHT	C005	C112	PVG	T2	CAN	T2	2026-06-18T20:10:00	2026-06-18T22:45:00	东方航空	MU7062	公务舱	1590	5	8
FLIGHT	C005	C112	SHA	T2	CAN	T2	2026-06-18T21:35:00	2026-06-19T00:10:00	东方航空	MU7063	经济舱	610	20	36
FLIGHT	C005	C112	SHA	T2	CAN	T2	2026-06-18T21:35:00	2026-06-19T00:10:00	东方航空	MU7063	公务舱	1590	8	8
FLIGHT	C112	C005	CAN	T2	SHA	T2	2026-06-18T17:20:00	2026-06-18T19:55:00	南方航空	CZ7070	经济舱	610	22	36
FLIGHT	C112	C005	CAN	T2	SHA	T2	2026-06-18T17:20:00	2026-06-18T19:55:00	南方航空	CZ7070	公务舱	1590	6	8
FLIGHT	C112	C005	CAN	T2	PVG	T2	2026-06-18T18:45:00	2026-06-18T21:20:00	南方航空	CZ7071	经济舱	610	21	36
FLIGHT	C112	C005	CAN	T2	PVG	T2	2026-06-18T18:45:00	2026-06-18T21:20:00	南方航空	CZ7071	公务舱	1590	5	8
FLIGHT	C112	C005	CAN	T2	SHA	T2	2026-06-18T20:10:00	2026-06-18T22:45:00	南方航空	CZ7072	经济舱	610	20	36
FLIGHT	C112	C005	CAN	T2	SHA	T2	2026-06-18T20:10:00	2026-06-18T22:45:00	南方航空	CZ7072	公务舱	1590	8	8
FLIGHT	C112	C005	CAN	T2	PVG	T2	2026-06-18T21:35:00	2026-06-19T00:10:00	南方航空	CZ7073	经济舱	610	19	36
FLIGHT	C112	C005	CAN	T2	PVG	T2	2026-06-18T21:35:00	2026-06-19T00:10:00	南方航空	CZ7073	公务舱	1590	7	8
FLIGHT	C005	C190	PVG	T2	SZX	T3	2026-06-18T17:20:00	2026-06-18T19:55:00	东方航空	MU7080	经济舱	640	21	36
FLIGHT	C005	C190	PVG	T2	SZX	T3	2026-06-18T17:20:00	2026-06-18T19:55:00	东方航空	MU7080	公务舱	1660	5	8
FLIGHT	C005	C190	SHA	T2	SZX	T3	2026-06-18T18:45:00	2026-06-18T21:20:00	东方航空	MU7081	经济舱	640	20	36
FLIGHT	C005	C190	SHA	T2	SZX	T3	2026-06-18T18:45:00	2026-06-18T21:20:00	东方航空	MU7081	公务舱	1660	8	8
FLIGHT	C005	C190	PVG	T2	SZX	T3	2026-06-18T20:10:00	2026-06-18T22:45:00	东方航空	MU7082	经济舱	640	19	36
FLIGHT	C005	C190	PVG	T2	SZX	T3	2026-06-18T20:10:00	2026-06-18T22:45:00	东方航空	MU7082	公务舱	1660	7	8
FLIGHT	C005	C190	SHA	T2	SZX	T3	2026-06-18T21:35:00	2026-06-19T00:10:00	东方航空	MU7083	经济舱	640	36	36
FLIGHT	C005	C190	SHA	T2	SZX	T3	2026-06-18T21:35:00	2026-06-19T00:10:00	东方航空	MU7083	公务舱	1660	6	8
FLIGHT	C190	C005	SZX	T3	SHA	T2	2026-06-18T17:20:00	2026-06-18T19:55:00	深圳航空	ZH7090	经济舱	640	20	36
FLIGHT	C190	C005	SZX	T3	SHA	T2	2026-06-18T17:20:00	2026-06-18T19:55:00	深圳航空	ZH7090	公务舱	1660	8	8
FLIGHT	C190	C005	SZX	T3	PVG	T2	2026-06-18T18:45:00	2026-06-18T21:20:00	深圳航空	ZH7091	经济舱	640	19	36
FLIGHT	C190	C005	SZX	T3	PVG	T2	2026-06-18T18:45:00	2026-06-18T21:20:00	深圳航空	ZH7091	公务舱	1660	7	8
FLIGHT	C190	C005	SZX	T3	SHA	T2	2026-06-18T20:10:00	2026-06-18T22:45:00	深圳航空	ZH7092	经济舱	640	36	36
FLIGHT	C190	C005	SZX	T3	SHA	T2	2026-06-18T20:10:00	2026-06-18T22:45:00	深圳航空	ZH7092	公务舱	1660	6	8
FLIGHT	C190	C005	SZX	T3	PVG	T2	2026-06-18T21:35:00	2026-06-19T00:10:00	深圳航空	ZH7093	经济舱	640	35	36
FLIGHT	C190	C005	SZX	T3	PVG	T2	2026-06-18T21:35:00	2026-06-19T00:10:00	深圳航空	ZH7093	公务舱	1660	5	8
FLIGHT	C039	C128	PKX	T2	CTU	T2	2026-06-18T17:20:00	2026-06-18T20:20:00	中国国航	CA7100	经济舱	690	19	36
FLIGHT	C039	C128	PKX	T2	CTU	T2	2026-06-18T17:20:00	2026-06-18T20:20:00	中国国航	CA7100	公务舱	1790	7	8
FLIGHT	C039	C128	PEK	T3	TFU	T2	2026-06-18T18:45:00	2026-06-18T21:45:00	中国国航	CA7101	经济舱	690	36	36
FLIGHT	C039	C128	PEK	T3	TFU	T2	2026-06-18T18:45:00	2026-06-18T21:45:00	中国国航	CA7101	公务舱	1790	6	8
FLIGHT	C039	C128	PKX	T2	CTU	T2	2026-06-18T20:10:00	2026-06-18T23:10:00	中国国航	CA7102	经济舱	690	35	36
FLIGHT	C039	C128	PKX	T2	CTU	T2	2026-06-18T20:10:00	2026-06-18T23:10:00	中国国航	CA7102	公务舱	1790	5	8
FLIGHT	C039	C128	PEK	T3	TFU	T2	2026-06-18T21:35:00	2026-06-19T00:35:00	中国国航	CA7103	经济舱	690	34	36
FLIGHT	C039	C128	PEK	T3	TFU	T2	2026-06-18T21:35:00	2026-06-19T00:35:00	中国国航	CA7103	公务舱	1790	8	8
FLIGHT	C128	C039	TFU	T2	PEK	T3	2026-06-18T17:20:00	2026-06-18T20:20:00	四川航空	3U7110	经济舱	690	36	36
FLIGHT	C128	C039	TFU	T2	PEK	T3	2026-06-18T17:20:00	2026-06-18T20:20:00	四川航空	3U7110	公务舱	1790	6	8
FLIGHT	C128	C039	CTU	T2	PKX	T2	2026-06-18T18:45:00	2026-06-18T21:45:00	四川航空	3U7111	经济舱	690	35	36
FLIGHT	C128	C039	CTU	T2	PKX	T2	2026-06-18T18:45:00	2026-06-18T21:45:00	四川航空	3U7111	公务舱	1790	5	8
FLIGHT	C128	C039	TFU	T2	PEK	T3	2026-06-18T20:10:00	2026-06-18T23:10:00	四川航空	3U7112	经济舱	690	34	36
FLIGHT	C128	C039	TFU	T2	PEK	T3	2026-06-18T20:10:00	2026-06-18T23:10:00	四川航空	3U7112	公务舱	1790	8	8
FLIGHT	C128	C039	CTU	T2	PKX	T2	2026-06-18T21:35:00	2026-06-19T00:35:00	四川航空	3U7113	经济舱	690	33	36
FLIGHT	C128	C039	CTU	T2	PKX	T2	2026-06-18T21:35:00	2026-06-19T00:35:00	四川航空	3U7113	公务舱	1790	7	8
FLIGHT	C005	C128	PVG	T2	CTU	T2	2026-06-18T17:20:00	2026-06-18T20:30:00	东方航空	MU7120	经济舱	720	35	36
FLIGHT	C005	C128	PVG	T2	CTU	T2	2026-06-18T17:20:00	2026-06-18T20:30:00	东方航空	MU7120	公务舱	1870	5	8
FLIGHT	C005	C128	SHA	T2	TFU	T2	2026-06-18T18:45:00	2026-06-18T21:55:00	东方航空	MU7121	经济舱	720	34	36
FLIGHT	C005	C128	SHA	T2	TFU	T2	2026-06-18T18:45:00	2026-06-18T21:55:00	东方航空	MU7121	公务舱	1870	8	8
FLIGHT	C005	C128	PVG	T2	CTU	T2	2026-06-18T20:10:00	2026-06-18T23:20:00	东方航空	MU7122	经济舱	720	33	36
FLIGHT	C005	C128	PVG	T2	CTU	T2	2026-06-18T20:10:00	2026-06-18T23:20:00	东方航空	MU7122	公务舱	1870	7	8
FLIGHT	C005	C128	SHA	T2	TFU	T2	2026-06-18T21:35:00	2026-06-19T00:45:00	东方航空	MU7123	经济舱	720	32	36
FLIGHT	C005	C128	SHA	T2	TFU	T2	2026-06-18T21:35:00	2026-06-19T00:45:00	东方航空	MU7123	公务舱	1870	6	8
FLIGHT	C128	C005	TFU	T2	SHA	T2	2026-06-18T17:20:00	2026-06-18T20:30:00	四川航空	3U7130	经济舱	720	34	36
FLIGHT	C128	C005	TFU	T2	SHA	T2	2026-06-18T17:20:00	2026-06-18T20:30:00	四川航空	3U7130	公务舱	1870	8	8
FLIGHT	C128	C005	CTU	T2	PVG	T2	2026-06-18T18:45:00	2026-06-18T21:55:00	四川航空	3U7131	经济舱	720	33	36
FLIGHT	C128	C005	CTU	T2	PVG	T2	2026-06-18T18:45:00	2026-06-18T21:55:00	四川航空	3U7131	公务舱	1870	7	8
FLIGHT	C128	C005	TFU	T2	SHA	T2	2026-06-18T20:10:00	2026-06-18T23:20:00	四川航空	3U7132	经济舱	720	32	36
FLIGHT	C128	C005	TFU	T2	SHA	T2	2026-06-18T20:10:00	2026-06-18T23:20:00	四川航空	3U7132	公务舱	1870	6	8
FLIGHT	C128	C005	CTU	T2	PVG	T2	2026-06-18T21:35:00	2026-06-19T00:45:00	四川航空	3U7133	经济舱	720	31	36
FLIGHT	C128	C005	CTU	T2	PVG	T2	2026-06-18T21:35:00	2026-06-19T00:45:00	四川航空	3U7133	公务舱	1870	5	8
FLIGHT	C112	C128	CAN	T2	CTU	T2	2026-06-18T17:20:00	2026-06-18T19:40:00	南方航空	CZ7140	经济舱	560	33	36
FLIGHT	C112	C128	CAN	T2	CTU	T2	2026-06-18T17:20:00	2026-06-18T19:40:00	南方航空	CZ7140	公务舱	1460	7	8
FLIGHT	C112	C128	CAN	T2	TFU	T2	2026-06-18T18:45:00	2026-06-18T21:05:00	南方航空	CZ7141	经济舱	560	32	36
FLIGHT	C112	C128	CAN	T2	TFU	T2	2026-06-18T18:45:00	2026-06-18T21:05:00	南方航空	CZ7141	公务舱	1460	6	8
FLIGHT	C112	C128	CAN	T2	CTU	T2	2026-06-18T20:10:00	2026-06-18T22:30:00	南方航空	CZ7142	经济舱	560	31	36
FLIGHT	C112	C128	CAN	T2	CTU	T2	2026-06-18T20:10:00	2026-06-18T22:30:00	南方航空	CZ7142	公务舱	1460	5	8
FLIGHT	C112	C128	CAN	T2	TFU	T2	2026-06-18T21:35:00	2026-06-18T23:55:00	南方航空	CZ7143	经济舱	560	30	36
FLIGHT	C112	C128	CAN	T2	TFU	T2	2026-06-18T21:35:00	2026-06-18T23:55:00	南方航空	CZ7143	公务舱	1460	8	8
FLIGHT	C128	C112	TFU	T2	CAN	T2	2026-06-18T17:20:00	2026-06-18T19:40:00	四川航空	3U7150	经济舱	560	32	36
FLIGHT	C128	C112	TFU	T2	CAN	T2	2026-06-18T17:20:00	2026-06-18T19:40:00	四川航空	3U7150	公务舱	1460	6	8
FLIGHT	C128	C112	CTU	T2	CAN	T2	2026-06-18T18:45:00	2026-06-18T21:05:00	四川航空	3U7151	经济舱	560	31	36
FLIGHT	C128	C112	CTU	T2	CAN	T2	2026-06-18T18:45:00	2026-06-18T21:05:00	四川航空	3U7151	公务舱	1460	5	8
FLIGHT	C128	C112	TFU	T2	CAN	T2	2026-06-18T20:10:00	2026-06-18T22:30:00	四川航空	3U7152	经济舱	560	30	36
FLIGHT	C128	C112	TFU	T2	CAN	T2	2026-06-18T20:10:00	2026-06-18T22:30:00	四川航空	3U7152	公务舱	1460	8	8
FLIGHT	C128	C112	CTU	T2	CAN	T2	2026-06-18T21:35:00	2026-06-18T23:55:00	四川航空	3U7153	经济舱	560	29	36
FLIGHT	C128	C112	CTU	T2	CAN	T2	2026-06-18T21:35:00	2026-06-18T23:55:00	四川航空	3U7153	公务舱	1460	7	8
FLIGHT	C039	C153	PKX	T2	HGH	T4	2026-06-18T17:20:00	2026-06-18T19:30:00	中国国航	CA7160	经济舱	480	31	36
FLIGHT	C039	C153	PKX	T2	HGH	T4	2026-06-18T17:20:00	2026-06-18T19:30:00	中国国航	CA7160	公务舱	1250	5	8
FLIGHT	C039	C153	PEK	T3	HGH	T4	2026-06-18T18:45:00	2026-06-18T20:55:00	中国国航	CA7161	经济舱	480	30	36
FLIGHT	C039	C153	PEK	T3	HGH	T4	2026-06-18T18:45:00	2026-06-18T20:55:00	中国国航	CA7161	公务舱	1250	8	8
FLIGHT	C039	C153	PKX	T2	HGH	T4	2026-06-18T20:10:00	2026-06-18T22:20:00	中国国航	CA7162	经济舱	480	29	36
FLIGHT	C039	C153	PKX	T2	HGH	T4	2026-06-18T20:10:00	2026-06-18T22:20:00	中国国航	CA7162	公务舱	1250	7	8
FLIGHT	C039	C153	PEK	T3	HGH	T4	2026-06-18T21:35:00	2026-06-18T23:45:00	中国国航	CA7163	经济舱	480	28	36
FLIGHT	C039	C153	PEK	T3	HGH	T4	2026-06-18T21:35:00	2026-06-18T23:45:00	中国国航	CA7163	公务舱	1250	6	8
FLIGHT	C153	C039	HGH	T4	PEK	T3	2026-06-18T17:20:00	2026-06-18T19:30:00	海南航空	HU7170	经济舱	480	30	36
FLIGHT	C153	C039	HGH	T4	PEK	T3	2026-06-18T17:20:00	2026-06-18T19:30:00	海南航空	HU7170	公务舱	1250	8	8
FLIGHT	C153	C039	HGH	T4	PKX	T2	2026-06-18T18:45:00	2026-06-18T20:55:00	海南航空	HU7171	经济舱	480	29	36
FLIGHT	C153	C039	HGH	T4	PKX	T2	2026-06-18T18:45:00	2026-06-18T20:55:00	海南航空	HU7171	公务舱	1250	7	8
FLIGHT	C153	C039	HGH	T4	PEK	T3	2026-06-18T20:10:00	2026-06-18T22:20:00	海南航空	HU7172	经济舱	480	28	36
FLIGHT	C153	C039	HGH	T4	PEK	T3	2026-06-18T20:10:00	2026-06-18T22:20:00	海南航空	HU7172	公务舱	1250	6	8
FLIGHT	C153	C039	HGH	T4	PKX	T2	2026-06-18T21:35:00	2026-06-18T23:45:00	海南航空	HU7173	经济舱	480	27	36
FLIGHT	C153	C039	HGH	T4	PKX	T2	2026-06-18T21:35:00	2026-06-18T23:45:00	海南航空	HU7173	公务舱	1250	5	8
FLIGHT	C005	C246	PVG	T2	XIY	T3	2026-06-18T17:20:00	2026-06-18T20:00:00	东方航空	MU7180	经济舱	650	29	36
FLIGHT	C005	C246	PVG	T2	XIY	T3	2026-06-18T17:20:00	2026-06-18T20:00:00	东方航空	MU7180	公务舱	1690	7	8
FLIGHT	C005	C246	SHA	T2	XIY	T3	2026-06-18T18:45:00	2026-06-18T21:25:00	东方航空	MU7181	经济舱	650	28	36
FLIGHT	C005	C246	SHA	T2	XIY	T3	2026-06-18T18:45:00	2026-06-18T21:25:00	东方航空	MU7181	公务舱	1690	6	8
FLIGHT	C005	C246	PVG	T2	XIY	T3	2026-06-18T20:10:00	2026-06-18T22:50:00	东方航空	MU7182	经济舱	650	27	36
FLIGHT	C005	C246	PVG	T2	XIY	T3	2026-06-18T20:10:00	2026-06-18T22:50:00	东方航空	MU7182	公务舱	1690	5	8
FLIGHT	C005	C246	SHA	T2	XIY	T3	2026-06-18T21:35:00	2026-06-19T00:15:00	东方航空	MU7183	经济舱	650	26	36
FLIGHT	C005	C246	SHA	T2	XIY	T3	2026-06-18T21:35:00	2026-06-19T00:15:00	东方航空	MU7183	公务舱	1690	8	8
FLIGHT	C246	C005	XIY	T3	SHA	T2	2026-06-18T17:20:00	2026-06-18T20:00:00	海南航空	HU7190	经济舱	650	28	36
FLIGHT	C246	C005	XIY	T3	SHA	T2	2026-06-18T17:20:00	2026-06-18T20:00:00	海南航空	HU7190	公务舱	1690	6	8
FLIGHT	C246	C005	XIY	T3	PVG	T2	2026-06-18T18:45:00	2026-06-18T21:25:00	海南航空	HU7191	经济舱	650	27	36
FLIGHT	C246	C005	XIY	T3	PVG	T2	2026-06-18T18:45:00	2026-06-18T21:25:00	海南航空	HU7191	公务舱	1690	5	8
FLIGHT	C246	C005	XIY	T3	SHA	T2	2026-06-18T20:10:00	2026-06-18T22:50:00	海南航空	HU7192	经济舱	650	26	36
FLIGHT	C246	C005	XIY	T3	SHA	T2	2026-06-18T20:10:00	2026-06-18T22:50:00	海南航空	HU7192	公务舱	1690	8	8
FLIGHT	C246	C005	XIY	T3	PVG	T2	2026-06-18T21:35:00	2026-06-19T00:15:00	海南航空	HU7193	经济舱	650	25	36
FLIGHT	C246	C005	XIY	T3	PVG	T2	2026-06-18T21:35:00	2026-06-19T00:15:00	海南航空	HU7193	公务舱	1690	7	8
FLIGHT	C039	C272	PKX	T2	CKG	T3	2026-06-18T17:20:00	2026-06-18T20:10:00	中国国航	CA7200	经济舱	680	27	36
FLIGHT	C039	C272	PKX	T2	CKG	T3	2026-06-18T17:20:00	2026-06-18T20:10:00	中国国航	CA7200	公务舱	1770	5	8
FLIGHT	C039	C272	PEK	T3	CKG	T3	2026-06-18T18:45:00	2026-06-18T21:35:00	中国国航	CA7201	经济舱	680	26	36
FLIGHT	C039	C272	PEK	T3	CKG	T3	2026-06-18T18:45:00	2026-06-18T21:35:00	中国国航	CA7201	公务舱	1770	8	8
FLIGHT	C039	C272	PKX	T2	CKG	T3	2026-06-18T20:10:00	2026-06-18T23:00:00	中国国航	CA7202	经济舱	680	25	36
FLIGHT	C039	C272	PKX	T2	CKG	T3	2026-06-18T20:10:00	2026-06-18T23:00:00	中国国航	CA7202	公务舱	1770	7	8
FLIGHT	C039	C272	PEK	T3	CKG	T3	2026-06-18T21:35:00	2026-06-19T00:25:00	中国国航	CA7203	经济舱	680	24	36
FLIGHT	C039	C272	PEK	T3	CKG	T3	2026-06-18T21:35:00	2026-06-19T00:25:00	中国国航	CA7203	公务舱	1770	6	8
FLIGHT	C272	C039	CKG	T3	PEK	T3	2026-06-18T17:20:00	2026-06-18T20:10:00	四川航空	3U7210	经济舱	680	26	36
FLIGHT	C272	C039	CKG	T3	PEK	T3	2026-06-18T17:20:00	2026-06-18T20:10:00	四川航空	3U7210	公务舱	1770	8	8
FLIGHT	C272	C039	CKG	T3	PKX	T2	2026-06-18T18:45:00	2026-06-18T21:35:00	四川航空	3U7211	经济舱	680	25	36
FLIGHT	C272	C039	CKG	T3	PKX	T2	2026-06-18T18:45:00	2026-06-18T21:35:00	四川航空	3U7211	公务舱	1770	7	8
FLIGHT	C272	C039	CKG	T3	PEK	T3	2026-06-18T20:10:00	2026-06-18T23:00:00	四川航空	3U7212	经济舱	680	24	36
FLIGHT	C272	C039	CKG	T3	PEK	T3	2026-06-18T20:10:00	2026-06-18T23:00:00	四川航空	3U7212	公务舱	1770	6	8
FLIGHT	C272	C039	CKG	T3	PKX	T2	2026-06-18T21:35:00	2026-06-19T00:25:00	四川航空	3U7213	经济舱	680	23	36
FLIGHT	C272	C039	CKG	T3	PKX	T2	2026-06-18T21:35:00	2026-06-19T00:25:00	四川航空	3U7213	公务舱	1770	5	8
FLIGHT	C039	C005	PEK	T3	PVG	T2	2026-06-19T17:20:00	2026-06-19T19:45:00	中国国航	CA7000	经济舱	520	28	36
FLIGHT	C039	C005	PEK	T3	PVG	T2	2026-06-19T17:20:00	2026-06-19T19:45:00	中国国航	CA7000	公务舱	1350	8	8
FLIGHT	C039	C005	PKX	T2	SHA	T2	2026-06-19T18:45:00	2026-06-19T21:10:00	中国国航	CA7001	经济舱	520	27	36
FLIGHT	C039	C005	PKX	T2	SHA	T2	2026-06-19T18:45:00	2026-06-19T21:10:00	中国国航	CA7001	公务舱	1350	7	8
FLIGHT	C039	C005	PEK	T3	PVG	T2	2026-06-19T20:10:00	2026-06-19T22:35:00	中国国航	CA7002	经济舱	520	26	36
FLIGHT	C039	C005	PEK	T3	PVG	T2	2026-06-19T20:10:00	2026-06-19T22:35:00	中国国航	CA7002	公务舱	1350	6	8
FLIGHT	C039	C005	PKX	T2	SHA	T2	2026-06-19T21:35:00	2026-06-20T00:00:00	中国国航	CA7003	经济舱	520	25	36
FLIGHT	C039	C005	PKX	T2	SHA	T2	2026-06-19T21:35:00	2026-06-20T00:00:00	中国国航	CA7003	公务舱	1350	5	8
FLIGHT	C005	C039	SHA	T2	PKX	T2	2026-06-19T17:20:00	2026-06-19T19:45:00	东方航空	MU7010	经济舱	520	27	36
FLIGHT	C005	C039	SHA	T2	PKX	T2	2026-06-19T17:20:00	2026-06-19T19:45:00	东方航空	MU7010	公务舱	1350	7	8
FLIGHT	C005	C039	PVG	T2	PEK	T3	2026-06-19T18:45:00	2026-06-19T21:10:00	东方航空	MU7011	经济舱	520	26	36
FLIGHT	C005	C039	PVG	T2	PEK	T3	2026-06-19T18:45:00	2026-06-19T21:10:00	东方航空	MU7011	公务舱	1350	6	8
FLIGHT	C005	C039	SHA	T2	PKX	T2	2026-06-19T20:10:00	2026-06-19T22:35:00	东方航空	MU7012	经济舱	520	25	36
FLIGHT	C005	C039	SHA	T2	PKX	T2	2026-06-19T20:10:00	2026-06-19T22:35:00	东方航空	MU7012	公务舱	1350	5	8
FLIGHT	C005	C039	PVG	T2	PEK	T3	2026-06-19T21:35:00	2026-06-20T00:00:00	东方航空	MU7013	经济舱	520	24	36
FLIGHT	C005	C039	PVG	T2	PEK	T3	2026-06-19T21:35:00	2026-06-20T00:00:00	东方航空	MU7013	公务舱	1350	8	8
FLIGHT	C039	C112	PEK	T3	CAN	T2	2026-06-19T17:20:00	2026-06-19T20:35:00	中国国航	CA7020	经济舱	720	26	36
FLIGHT	C039	C112	PEK	T3	CAN	T2	2026-06-19T17:20:00	2026-06-19T20:35:00	中国国航	CA7020	公务舱	1870	6	8
FLIGHT	C039	C112	PKX	T2	CAN	T2	2026-06-19T18:45:00	2026-06-19T22:00:00	中国国航	CA7021	经济舱	720	25	36
FLIGHT	C039	C112	PKX	T2	CAN	T2	2026-06-19T18:45:00	2026-06-19T22:00:00	中国国航	CA7021	公务舱	1870	5	8
FLIGHT	C039	C112	PEK	T3	CAN	T2	2026-06-19T20:10:00	2026-06-19T23:25:00	中国国航	CA7022	经济舱	720	24	36
FLIGHT	C039	C112	PEK	T3	CAN	T2	2026-06-19T20:10:00	2026-06-19T23:25:00	中国国航	CA7022	公务舱	1870	8	8
FLIGHT	C039	C112	PKX	T2	CAN	T2	2026-06-19T21:35:00	2026-06-20T00:50:00	中国国航	CA7023	经济舱	720	23	36
FLIGHT	C039	C112	PKX	T2	CAN	T2	2026-06-19T21:35:00	2026-06-20T00:50:00	中国国航	CA7023	公务舱	1870	7	8
FLIGHT	C112	C039	CAN	T2	PKX	T2	2026-06-19T17:20:00	2026-06-19T20:35:00	南方航空	CZ7030	经济舱	720	25	36
FLIGHT	C112	C039	CAN	T2	PKX	T2	2026-06-19T17:20:00	2026-06-19T20:35:00	南方航空	CZ7030	公务舱	1870	5	8
FLIGHT	C112	C039	CAN	T2	PEK	T3	2026-06-19T18:45:00	2026-06-19T22:00:00	南方航空	CZ7031	经济舱	720	24	36
FLIGHT	C112	C039	CAN	T2	PEK	T3	2026-06-19T18:45:00	2026-06-19T22:00:00	南方航空	CZ7031	公务舱	1870	8	8
FLIGHT	C112	C039	CAN	T2	PKX	T2	2026-06-19T20:10:00	2026-06-19T23:25:00	南方航空	CZ7032	经济舱	720	23	36
FLIGHT	C112	C039	CAN	T2	PKX	T2	2026-06-19T20:10:00	2026-06-19T23:25:00	南方航空	CZ7032	公务舱	1870	7	8
FLIGHT	C112	C039	CAN	T2	PEK	T3	2026-06-19T21:35:00	2026-06-20T00:50:00	南方航空	CZ7033	经济舱	720	22	36
FLIGHT	C112	C039	CAN	T2	PEK	T3	2026-06-19T21:35:00	2026-06-20T00:50:00	南方航空	CZ7033	公务舱	1870	6	8
FLIGHT	C039	C190	PEK	T3	SZX	T3	2026-06-19T17:20:00	2026-06-19T20:45:00	中国国航	CA7040	经济舱	760	24	36
FLIGHT	C039	C190	PEK	T3	SZX	T3	2026-06-19T17:20:00	2026-06-19T20:45:00	中国国航	CA7040	公务舱	1980	8	8
FLIGHT	C039	C190	PKX	T2	SZX	T3	2026-06-19T18:45:00	2026-06-19T22:10:00	中国国航	CA7041	经济舱	760	23	36
FLIGHT	C039	C190	PKX	T2	SZX	T3	2026-06-19T18:45:00	2026-06-19T22:10:00	中国国航	CA7041	公务舱	1980	7	8
FLIGHT	C039	C190	PEK	T3	SZX	T3	2026-06-19T20:10:00	2026-06-19T23:35:00	中国国航	CA7042	经济舱	760	22	36
FLIGHT	C039	C190	PEK	T3	SZX	T3	2026-06-19T20:10:00	2026-06-19T23:35:00	中国国航	CA7042	公务舱	1980	6	8
FLIGHT	C039	C190	PKX	T2	SZX	T3	2026-06-19T21:35:00	2026-06-20T01:00:00	中国国航	CA7043	经济舱	760	21	36
FLIGHT	C039	C190	PKX	T2	SZX	T3	2026-06-19T21:35:00	2026-06-20T01:00:00	中国国航	CA7043	公务舱	1980	5	8
FLIGHT	C190	C039	SZX	T3	PKX	T2	2026-06-19T17:20:00	2026-06-19T20:45:00	深圳航空	ZH7050	经济舱	760	23	36
FLIGHT	C190	C039	SZX	T3	PKX	T2	2026-06-19T17:20:00	2026-06-19T20:45:00	深圳航空	ZH7050	公务舱	1980	7	8
FLIGHT	C190	C039	SZX	T3	PEK	T3	2026-06-19T18:45:00	2026-06-19T22:10:00	深圳航空	ZH7051	经济舱	760	22	36
FLIGHT	C190	C039	SZX	T3	PEK	T3	2026-06-19T18:45:00	2026-06-19T22:10:00	深圳航空	ZH7051	公务舱	1980	6	8
FLIGHT	C190	C039	SZX	T3	PKX	T2	2026-06-19T20:10:00	2026-06-19T23:35:00	深圳航空	ZH7052	经济舱	760	21	36
FLIGHT	C190	C039	SZX	T3	PKX	T2	2026-06-19T20:10:00	2026-06-19T23:35:00	深圳航空	ZH7052	公务舱	1980	5	8
FLIGHT	C190	C039	SZX	T3	PEK	T3	2026-06-19T21:35:00	2026-06-20T01:00:00	深圳航空	ZH7053	经济舱	760	20	36
FLIGHT	C190	C039	SZX	T3	PEK	T3	2026-06-19T21:35:00	2026-06-20T01:00:00	深圳航空	ZH7053	公务舱	1980	8	8
FLIGHT	C005	C112	SHA	T2	CAN	T2	2026-06-19T17:20:00	2026-06-19T19:55:00	东方航空	MU7060	经济舱	610	22	36
FLIGHT	C005	C112	SHA	T2	CAN	T2	2026-06-19T17:20:00	2026-06-19T19:55:00	东方航空	MU7060	公务舱	1590	6	8
FLIGHT	C005	C112	PVG	T2	CAN	T2	2026-06-19T18:45:00	2026-06-19T21:20:00	东方航空	MU7061	经济舱	610	21	36
FLIGHT	C005	C112	PVG	T2	CAN	T2	2026-06-19T18:45:00	2026-06-19T21:20:00	东方航空	MU7061	公务舱	1590	5	8
FLIGHT	C005	C112	SHA	T2	CAN	T2	2026-06-19T20:10:00	2026-06-19T22:45:00	东方航空	MU7062	经济舱	610	20	36
FLIGHT	C005	C112	SHA	T2	CAN	T2	2026-06-19T20:10:00	2026-06-19T22:45:00	东方航空	MU7062	公务舱	1590	8	8
FLIGHT	C005	C112	PVG	T2	CAN	T2	2026-06-19T21:35:00	2026-06-20T00:10:00	东方航空	MU7063	经济舱	610	19	36
FLIGHT	C005	C112	PVG	T2	CAN	T2	2026-06-19T21:35:00	2026-06-20T00:10:00	东方航空	MU7063	公务舱	1590	7	8
FLIGHT	C112	C005	CAN	T2	PVG	T2	2026-06-19T17:20:00	2026-06-19T19:55:00	南方航空	CZ7070	经济舱	610	21	36
FLIGHT	C112	C005	CAN	T2	PVG	T2	2026-06-19T17:20:00	2026-06-19T19:55:00	南方航空	CZ7070	公务舱	1590	5	8
FLIGHT	C112	C005	CAN	T2	SHA	T2	2026-06-19T18:45:00	2026-06-19T21:20:00	南方航空	CZ7071	经济舱	610	20	36
FLIGHT	C112	C005	CAN	T2	SHA	T2	2026-06-19T18:45:00	2026-06-19T21:20:00	南方航空	CZ7071	公务舱	1590	8	8
FLIGHT	C112	C005	CAN	T2	PVG	T2	2026-06-19T20:10:00	2026-06-19T22:45:00	南方航空	CZ7072	经济舱	610	19	36
FLIGHT	C112	C005	CAN	T2	PVG	T2	2026-06-19T20:10:00	2026-06-19T22:45:00	南方航空	CZ7072	公务舱	1590	7	8
FLIGHT	C112	C005	CAN	T2	SHA	T2	2026-06-19T21:35:00	2026-06-20T00:10:00	南方航空	CZ7073	经济舱	610	36	36
FLIGHT	C112	C005	CAN	T2	SHA	T2	2026-06-19T21:35:00	2026-06-20T00:10:00	南方航空	CZ7073	公务舱	1590	6	8
FLIGHT	C005	C190	SHA	T2	SZX	T3	2026-06-19T17:20:00	2026-06-19T19:55:00	东方航空	MU7080	经济舱	640	20	36
FLIGHT	C005	C190	SHA	T2	SZX	T3	2026-06-19T17:20:00	2026-06-19T19:55:00	东方航空	MU7080	公务舱	1660	8	8
FLIGHT	C005	C190	PVG	T2	SZX	T3	2026-06-19T18:45:00	2026-06-19T21:20:00	东方航空	MU7081	经济舱	640	19	36
FLIGHT	C005	C190	PVG	T2	SZX	T3	2026-06-19T18:45:00	2026-06-19T21:20:00	东方航空	MU7081	公务舱	1660	7	8
FLIGHT	C005	C190	SHA	T2	SZX	T3	2026-06-19T20:10:00	2026-06-19T22:45:00	东方航空	MU7082	经济舱	640	36	36
FLIGHT	C005	C190	SHA	T2	SZX	T3	2026-06-19T20:10:00	2026-06-19T22:45:00	东方航空	MU7082	公务舱	1660	6	8
FLIGHT	C005	C190	PVG	T2	SZX	T3	2026-06-19T21:35:00	2026-06-20T00:10:00	东方航空	MU7083	经济舱	640	35	36
FLIGHT	C005	C190	PVG	T2	SZX	T3	2026-06-19T21:35:00	2026-06-20T00:10:00	东方航空	MU7083	公务舱	1660	5	8
FLIGHT	C190	C005	SZX	T3	PVG	T2	2026-06-19T17:20:00	2026-06-19T19:55:00	深圳航空	ZH7090	经济舱	640	19	36
FLIGHT	C190	C005	SZX	T3	PVG	T2	2026-06-19T17:20:00	2026-06-19T19:55:00	深圳航空	ZH7090	公务舱	1660	7	8
FLIGHT	C190	C005	SZX	T3	SHA	T2	2026-06-19T18:45:00	2026-06-19T21:20:00	深圳航空	ZH7091	经济舱	640	36	36
FLIGHT	C190	C005	SZX	T3	SHA	T2	2026-06-19T18:45:00	2026-06-19T21:20:00	深圳航空	ZH7091	公务舱	1660	6	8
FLIGHT	C190	C005	SZX	T3	PVG	T2	2026-06-19T20:10:00	2026-06-19T22:45:00	深圳航空	ZH7092	经济舱	640	35	36
FLIGHT	C190	C005	SZX	T3	PVG	T2	2026-06-19T20:10:00	2026-06-19T22:45:00	深圳航空	ZH7092	公务舱	1660	5	8
FLIGHT	C190	C005	SZX	T3	SHA	T2	2026-06-19T21:35:00	2026-06-20T00:10:00	深圳航空	ZH7093	经济舱	640	34	36
FLIGHT	C190	C005	SZX	T3	SHA	T2	2026-06-19T21:35:00	2026-06-20T00:10:00	深圳航空	ZH7093	公务舱	1660	8	8
FLIGHT	C039	C128	PEK	T3	TFU	T2	2026-06-19T17:20:00	2026-06-19T20:20:00	中国国航	CA7100	经济舱	690	36	36
FLIGHT	C039	C128	PEK	T3	TFU	T2	2026-06-19T17:20:00	2026-06-19T20:20:00	中国国航	CA7100	公务舱	1790	6	8
FLIGHT	C039	C128	PKX	T2	CTU	T2	2026-06-19T18:45:00	2026-06-19T21:45:00	中国国航	CA7101	经济舱	690	35	36
FLIGHT	C039	C128	PKX	T2	CTU	T2	2026-06-19T18:45:00	2026-06-19T21:45:00	中国国航	CA7101	公务舱	1790	5	8
FLIGHT	C039	C128	PEK	T3	TFU	T2	2026-06-19T20:10:00	2026-06-19T23:10:00	中国国航	CA7102	经济舱	690	34	36
FLIGHT	C039	C128	PEK	T3	TFU	T2	2026-06-19T20:10:00	2026-06-19T23:10:00	中国国航	CA7102	公务舱	1790	8	8
FLIGHT	C039	C128	PKX	T2	CTU	T2	2026-06-19T21:35:00	2026-06-20T00:35:00	中国国航	CA7103	经济舱	690	33	36
FLIGHT	C039	C128	PKX	T2	CTU	T2	2026-06-19T21:35:00	2026-06-20T00:35:00	中国国航	CA7103	公务舱	1790	7	8
FLIGHT	C128	C039	CTU	T2	PKX	T2	2026-06-19T17:20:00	2026-06-19T20:20:00	四川航空	3U7110	经济舱	690	35	36
FLIGHT	C128	C039	CTU	T2	PKX	T2	2026-06-19T17:20:00	2026-06-19T20:20:00	四川航空	3U7110	公务舱	1790	5	8
FLIGHT	C128	C039	TFU	T2	PEK	T3	2026-06-19T18:45:00	2026-06-19T21:45:00	四川航空	3U7111	经济舱	690	34	36
FLIGHT	C128	C039	TFU	T2	PEK	T3	2026-06-19T18:45:00	2026-06-19T21:45:00	四川航空	3U7111	公务舱	1790	8	8
FLIGHT	C128	C039	CTU	T2	PKX	T2	2026-06-19T20:10:00	2026-06-19T23:10:00	四川航空	3U7112	经济舱	690	33	36
FLIGHT	C128	C039	CTU	T2	PKX	T2	2026-06-19T20:10:00	2026-06-19T23:10:00	四川航空	3U7112	公务舱	1790	7	8
FLIGHT	C128	C039	TFU	T2	PEK	T3	2026-06-19T21:35:00	2026-06-20T00:35:00	四川航空	3U7113	经济舱	690	32	36
FLIGHT	C128	C039	TFU	T2	PEK	T3	2026-06-19T21:35:00	2026-06-20T00:35:00	四川航空	3U7113	公务舱	1790	6	8
FLIGHT	C005	C128	SHA	T2	TFU	T2	2026-06-19T17:20:00	2026-06-19T20:30:00	东方航空	MU7120	经济舱	720	34	36
FLIGHT	C005	C128	SHA	T2	TFU	T2	2026-06-19T17:20:00	2026-06-19T20:30:00	东方航空	MU7120	公务舱	1870	8	8
FLIGHT	C005	C128	PVG	T2	CTU	T2	2026-06-19T18:45:00	2026-06-19T21:55:00	东方航空	MU7121	经济舱	720	33	36
FLIGHT	C005	C128	PVG	T2	CTU	T2	2026-06-19T18:45:00	2026-06-19T21:55:00	东方航空	MU7121	公务舱	1870	7	8
FLIGHT	C005	C128	SHA	T2	TFU	T2	2026-06-19T20:10:00	2026-06-19T23:20:00	东方航空	MU7122	经济舱	720	32	36
FLIGHT	C005	C128	SHA	T2	TFU	T2	2026-06-19T20:10:00	2026-06-19T23:20:00	东方航空	MU7122	公务舱	1870	6	8
FLIGHT	C005	C128	PVG	T2	CTU	T2	2026-06-19T21:35:00	2026-06-20T00:45:00	东方航空	MU7123	经济舱	720	31	36
FLIGHT	C005	C128	PVG	T2	CTU	T2	2026-06-19T21:35:00	2026-06-20T00:45:00	东方航空	MU7123	公务舱	1870	5	8
FLIGHT	C128	C005	CTU	T2	PVG	T2	2026-06-19T17:20:00	2026-06-19T20:30:00	四川航空	3U7130	经济舱	720	33	36
FLIGHT	C128	C005	CTU	T2	PVG	T2	2026-06-19T17:20:00	2026-06-19T20:30:00	四川航空	3U7130	公务舱	1870	7	8
FLIGHT	C128	C005	TFU	T2	SHA	T2	2026-06-19T18:45:00	2026-06-19T21:55:00	四川航空	3U7131	经济舱	720	32	36
FLIGHT	C128	C005	TFU	T2	SHA	T2	2026-06-19T18:45:00	2026-06-19T21:55:00	四川航空	3U7131	公务舱	1870	6	8
FLIGHT	C128	C005	CTU	T2	PVG	T2	2026-06-19T20:10:00	2026-06-19T23:20:00	四川航空	3U7132	经济舱	720	31	36
FLIGHT	C128	C005	CTU	T2	PVG	T2	2026-06-19T20:10:00	2026-06-19T23:20:00	四川航空	3U7132	公务舱	1870	5	8
FLIGHT	C128	C005	TFU	T2	SHA	T2	2026-06-19T21:35:00	2026-06-20T00:45:00	四川航空	3U7133	经济舱	720	30	36
FLIGHT	C128	C005	TFU	T2	SHA	T2	2026-06-19T21:35:00	2026-06-20T00:45:00	四川航空	3U7133	公务舱	1870	8	8
FLIGHT	C112	C128	CAN	T2	TFU	T2	2026-06-19T17:20:00	2026-06-19T19:40:00	南方航空	CZ7140	经济舱	560	32	36
FLIGHT	C112	C128	CAN	T2	TFU	T2	2026-06-19T17:20:00	2026-06-19T19:40:00	南方航空	CZ7140	公务舱	1460	6	8
FLIGHT	C112	C128	CAN	T2	CTU	T2	2026-06-19T18:45:00	2026-06-19T21:05:00	南方航空	CZ7141	经济舱	560	31	36
FLIGHT	C112	C128	CAN	T2	CTU	T2	2026-06-19T18:45:00	2026-06-19T21:05:00	南方航空	CZ7141	公务舱	1460	5	8
FLIGHT	C112	C128	CAN	T2	TFU	T2	2026-06-19T20:10:00	2026-06-19T22:30:00	南方航空	CZ7142	经济舱	560	30	36
FLIGHT	C112	C128	CAN	T2	TFU	T2	2026-06-19T20:10:00	2026-06-19T22:30:00	南方航空	CZ7142	公务舱	1460	8	8
FLIGHT	C112	C128	CAN	T2	CTU	T2	2026-06-19T21:35:00	2026-06-19T23:55:00	南方航空	CZ7143	经济舱	560	29	36
FLIGHT	C112	C128	CAN	T2	CTU	T2	2026-06-19T21:35:00	2026-06-19T23:55:00	南方航空	CZ7143	公务舱	1460	7	8
FLIGHT	C128	C112	CTU	T2	CAN	T2	2026-06-19T17:20:00	2026-06-19T19:40:00	四川航空	3U7150	经济舱	560	31	36
FLIGHT	C128	C112	CTU	T2	CAN	T2	2026-06-19T17:20:00	2026-06-19T19:40:00	四川航空	3U7150	公务舱	1460	5	8
FLIGHT	C128	C112	TFU	T2	CAN	T2	2026-06-19T18:45:00	2026-06-19T21:05:00	四川航空	3U7151	经济舱	560	30	36
FLIGHT	C128	C112	TFU	T2	CAN	T2	2026-06-19T18:45:00	2026-06-19T21:05:00	四川航空	3U7151	公务舱	1460	8	8
FLIGHT	C128	C112	CTU	T2	CAN	T2	2026-06-19T20:10:00	2026-06-19T22:30:00	四川航空	3U7152	经济舱	560	29	36
FLIGHT	C128	C112	CTU	T2	CAN	T2	2026-06-19T20:10:00	2026-06-19T22:30:00	四川航空	3U7152	公务舱	1460	7	8
FLIGHT	C128	C112	TFU	T2	CAN	T2	2026-06-19T21:35:00	2026-06-19T23:55:00	四川航空	3U7153	经济舱	560	28	36
FLIGHT	C128	C112	TFU	T2	CAN	T2	2026-06-19T21:35:00	2026-06-19T23:55:00	四川航空	3U7153	公务舱	1460	6	8
FLIGHT	C039	C153	PEK	T3	HGH	T4	2026-06-19T17:20:00	2026-06-19T19:30:00	中国国航	CA7160	经济舱	480	30	36
FLIGHT	C039	C153	PEK	T3	HGH	T4	2026-06-19T17:20:00	2026-06-19T19:30:00	中国国航	CA7160	公务舱	1250	8	8
FLIGHT	C039	C153	PKX	T2	HGH	T4	2026-06-19T18:45:00	2026-06-19T20:55:00	中国国航	CA7161	经济舱	480	29	36
FLIGHT	C039	C153	PKX	T2	HGH	T4	2026-06-19T18:45:00	2026-06-19T20:55:00	中国国航	CA7161	公务舱	1250	7	8
FLIGHT	C039	C153	PEK	T3	HGH	T4	2026-06-19T20:10:00	2026-06-19T22:20:00	中国国航	CA7162	经济舱	480	28	36
FLIGHT	C039	C153	PEK	T3	HGH	T4	2026-06-19T20:10:00	2026-06-19T22:20:00	中国国航	CA7162	公务舱	1250	6	8
FLIGHT	C039	C153	PKX	T2	HGH	T4	2026-06-19T21:35:00	2026-06-19T23:45:00	中国国航	CA7163	经济舱	480	27	36
FLIGHT	C039	C153	PKX	T2	HGH	T4	2026-06-19T21:35:00	2026-06-19T23:45:00	中国国航	CA7163	公务舱	1250	5	8
FLIGHT	C153	C039	HGH	T4	PKX	T2	2026-06-19T17:20:00	2026-06-19T19:30:00	海南航空	HU7170	经济舱	480	29	36
FLIGHT	C153	C039	HGH	T4	PKX	T2	2026-06-19T17:20:00	2026-06-19T19:30:00	海南航空	HU7170	公务舱	1250	7	8
FLIGHT	C153	C039	HGH	T4	PEK	T3	2026-06-19T18:45:00	2026-06-19T20:55:00	海南航空	HU7171	经济舱	480	28	36
FLIGHT	C153	C039	HGH	T4	PEK	T3	2026-06-19T18:45:00	2026-06-19T20:55:00	海南航空	HU7171	公务舱	1250	6	8
FLIGHT	C153	C039	HGH	T4	PKX	T2	2026-06-19T20:10:00	2026-06-19T22:20:00	海南航空	HU7172	经济舱	480	27	36
FLIGHT	C153	C039	HGH	T4	PKX	T2	2026-06-19T20:10:00	2026-06-19T22:20:00	海南航空	HU7172	公务舱	1250	5	8
FLIGHT	C153	C039	HGH	T4	PEK	T3	2026-06-19T21:35:00	2026-06-19T23:45:00	海南航空	HU7173	经济舱	480	26	36
FLIGHT	C153	C039	HGH	T4	PEK	T3	2026-06-19T21:35:00	2026-06-19T23:45:00	海南航空	HU7173	公务舱	1250	8	8
FLIGHT	C005	C246	SHA	T2	XIY	T3	2026-06-19T17:20:00	2026-06-19T20:00:00	东方航空	MU7180	经济舱	650	28	36
FLIGHT	C005	C246	SHA	T2	XIY	T3	2026-06-19T17:20:00	2026-06-19T20:00:00	东方航空	MU7180	公务舱	1690	6	8
FLIGHT	C005	C246	PVG	T2	XIY	T3	2026-06-19T18:45:00	2026-06-19T21:25:00	东方航空	MU7181	经济舱	650	27	36
FLIGHT	C005	C246	PVG	T2	XIY	T3	2026-06-19T18:45:00	2026-06-19T21:25:00	东方航空	MU7181	公务舱	1690	5	8
FLIGHT	C005	C246	SHA	T2	XIY	T3	2026-06-19T20:10:00	2026-06-19T22:50:00	东方航空	MU7182	经济舱	650	26	36
FLIGHT	C005	C246	SHA	T2	XIY	T3	2026-06-19T20:10:00	2026-06-19T22:50:00	东方航空	MU7182	公务舱	1690	8	8
FLIGHT	C005	C246	PVG	T2	XIY	T3	2026-06-19T21:35:00	2026-06-20T00:15:00	东方航空	MU7183	经济舱	650	25	36
FLIGHT	C005	C246	PVG	T2	XIY	T3	2026-06-19T21:35:00	2026-06-20T00:15:00	东方航空	MU7183	公务舱	1690	7	8
FLIGHT	C246	C005	XIY	T3	PVG	T2	2026-06-19T17:20:00	2026-06-19T20:00:00	海南航空	HU7190	经济舱	650	27	36
FLIGHT	C246	C005	XIY	T3	PVG	T2	2026-06-19T17:20:00	2026-06-19T20:00:00	海南航空	HU7190	公务舱	1690	5	8
FLIGHT	C246	C005	XIY	T3	SHA	T2	2026-06-19T18:45:00	2026-06-19T21:25:00	海南航空	HU7191	经济舱	650	26	36
FLIGHT	C246	C005	XIY	T3	SHA	T2	2026-06-19T18:45:00	2026-06-19T21:25:00	海南航空	HU7191	公务舱	1690	8	8
FLIGHT	C246	C005	XIY	T3	PVG	T2	2026-06-19T20:10:00	2026-06-19T22:50:00	海南航空	HU7192	经济舱	650	25	36
FLIGHT	C246	C005	XIY	T3	PVG	T2	2026-06-19T20:10:00	2026-06-19T22:50:00	海南航空	HU7192	公务舱	1690	7	8
FLIGHT	C246	C005	XIY	T3	SHA	T2	2026-06-19T21:35:00	2026-06-20T00:15:00	海南航空	HU7193	经济舱	650	24	36
FLIGHT	C246	C005	XIY	T3	SHA	T2	2026-06-19T21:35:00	2026-06-20T00:15:00	海南航空	HU7193	公务舱	1690	6	8
FLIGHT	C039	C272	PEK	T3	CKG	T3	2026-06-19T17:20:00	2026-06-19T20:10:00	中国国航	CA7200	经济舱	680	26	36
FLIGHT	C039	C272	PEK	T3	CKG	T3	2026-06-19T17:20:00	2026-06-19T20:10:00	中国国航	CA7200	公务舱	1770	8	8
FLIGHT	C039	C272	PKX	T2	CKG	T3	2026-06-19T18:45:00	2026-06-19T21:35:00	中国国航	CA7201	经济舱	680	25	36
FLIGHT	C039	C272	PKX	T2	CKG	T3	2026-06-19T18:45:00	2026-06-19T21:35:00	中国国航	CA7201	公务舱	1770	7	8
FLIGHT	C039	C272	PEK	T3	CKG	T3	2026-06-19T20:10:00	2026-06-19T23:00:00	中国国航	CA7202	经济舱	680	24	36
FLIGHT	C039	C272	PEK	T3	CKG	T3	2026-06-19T20:10:00	2026-06-19T23:00:00	中国国航	CA7202	公务舱	1770	6	8
FLIGHT	C039	C272	PKX	T2	CKG	T3	2026-06-19T21:35:00	2026-06-20T00:25:00	中国国航	CA7203	经济舱	680	23	36
FLIGHT	C039	C272	PKX	T2	CKG	T3	2026-06-19T21:35:00	2026-06-20T00:25:00	中国国航	CA7203	公务舱	1770	5	8
FLIGHT	C272	C039	CKG	T3	PKX	T2	2026-06-19T17:20:00	2026-06-19T20:10:00	四川航空	3U7210	经济舱	680	25	36
FLIGHT	C272	C039	CKG	T3	PKX	T2	2026-06-19T17:20:00	2026-06-19T20:10:00	四川航空	3U7210	公务舱	1770	7	8
FLIGHT	C272	C039	CKG	T3	PEK	T3	2026-06-19T18:45:00	2026-06-19T21:35:00	四川航空	3U7211	经济舱	680	24	36
FLIGHT	C272	C039	CKG	T3	PEK	T3	2026-06-19T18:45:00	2026-06-19T21:35:00	四川航空	3U7211	公务舱	1770	6	8
FLIGHT	C272	C039	CKG	T3	PKX	T2	2026-06-19T20:10:00	2026-06-19T23:00:00	四川航空	3U7212	经济舱	680	23	36
FLIGHT	C272	C039	CKG	T3	PKX	T2	2026-06-19T20:10:00	2026-06-19T23:00:00	四川航空	3U7212	公务舱	1770	5	8
FLIGHT	C272	C039	CKG	T3	PEK	T3	2026-06-19T21:35:00	2026-06-20T00:25:00	四川航空	3U7213	经济舱	680	22	36
FLIGHT	C272	C039	CKG	T3	PEK	T3	2026-06-19T21:35:00	2026-06-20T00:25:00	四川航空	3U7213	公务舱	1770	8	8
FLIGHT	C039	C005	PKX	T2	SHA	T2	2026-06-20T17:20:00	2026-06-20T19:45:00	中国国航	CA7000	经济舱	520	27	36
FLIGHT	C039	C005	PKX	T2	SHA	T2	2026-06-20T17:20:00	2026-06-20T19:45:00	中国国航	CA7000	公务舱	1350	7	8
FLIGHT	C039	C005	PEK	T3	PVG	T2	2026-06-20T18:45:00	2026-06-20T21:10:00	中国国航	CA7001	经济舱	520	26	36
FLIGHT	C039	C005	PEK	T3	PVG	T2	2026-06-20T18:45:00	2026-06-20T21:10:00	中国国航	CA7001	公务舱	1350	6	8
FLIGHT	C039	C005	PKX	T2	SHA	T2	2026-06-20T20:10:00	2026-06-20T22:35:00	中国国航	CA7002	经济舱	520	25	36
FLIGHT	C039	C005	PKX	T2	SHA	T2	2026-06-20T20:10:00	2026-06-20T22:35:00	中国国航	CA7002	公务舱	1350	5	8
FLIGHT	C039	C005	PEK	T3	PVG	T2	2026-06-20T21:35:00	2026-06-21T00:00:00	中国国航	CA7003	经济舱	520	24	36
FLIGHT	C039	C005	PEK	T3	PVG	T2	2026-06-20T21:35:00	2026-06-21T00:00:00	中国国航	CA7003	公务舱	1350	8	8
FLIGHT	C005	C039	PVG	T2	PEK	T3	2026-06-20T17:20:00	2026-06-20T19:45:00	东方航空	MU7010	经济舱	520	26	36
FLIGHT	C005	C039	PVG	T2	PEK	T3	2026-06-20T17:20:00	2026-06-20T19:45:00	东方航空	MU7010	公务舱	1350	6	8
FLIGHT	C005	C039	SHA	T2	PKX	T2	2026-06-20T18:45:00	2026-06-20T21:10:00	东方航空	MU7011	经济舱	520	25	36
FLIGHT	C005	C039	SHA	T2	PKX	T2	2026-06-20T18:45:00	2026-06-20T21:10:00	东方航空	MU7011	公务舱	1350	5	8
FLIGHT	C005	C039	PVG	T2	PEK	T3	2026-06-20T20:10:00	2026-06-20T22:35:00	东方航空	MU7012	经济舱	520	24	36
FLIGHT	C005	C039	PVG	T2	PEK	T3	2026-06-20T20:10:00	2026-06-20T22:35:00	东方航空	MU7012	公务舱	1350	8	8
FLIGHT	C005	C039	SHA	T2	PKX	T2	2026-06-20T21:35:00	2026-06-21T00:00:00	东方航空	MU7013	经济舱	520	23	36
FLIGHT	C005	C039	SHA	T2	PKX	T2	2026-06-20T21:35:00	2026-06-21T00:00:00	东方航空	MU7013	公务舱	1350	7	8
FLIGHT	C039	C112	PKX	T2	CAN	T2	2026-06-20T17:20:00	2026-06-20T20:35:00	中国国航	CA7020	经济舱	720	25	36
FLIGHT	C039	C112	PKX	T2	CAN	T2	2026-06-20T17:20:00	2026-06-20T20:35:00	中国国航	CA7020	公务舱	1870	5	8
FLIGHT	C039	C112	PEK	T3	CAN	T2	2026-06-20T18:45:00	2026-06-20T22:00:00	中国国航	CA7021	经济舱	720	24	36
FLIGHT	C039	C112	PEK	T3	CAN	T2	2026-06-20T18:45:00	2026-06-20T22:00:00	中国国航	CA7021	公务舱	1870	8	8
FLIGHT	C039	C112	PKX	T2	CAN	T2	2026-06-20T20:10:00	2026-06-20T23:25:00	中国国航	CA7022	经济舱	720	23	36
FLIGHT	C039	C112	PKX	T2	CAN	T2	2026-06-20T20:10:00	2026-06-20T23:25:00	中国国航	CA7022	公务舱	1870	7	8
FLIGHT	C039	C112	PEK	T3	CAN	T2	2026-06-20T21:35:00	2026-06-21T00:50:00	中国国航	CA7023	经济舱	720	22	36
FLIGHT	C039	C112	PEK	T3	CAN	T2	2026-06-20T21:35:00	2026-06-21T00:50:00	中国国航	CA7023	公务舱	1870	6	8
FLIGHT	C112	C039	CAN	T2	PEK	T3	2026-06-20T17:20:00	2026-06-20T20:35:00	南方航空	CZ7030	经济舱	720	24	36
FLIGHT	C112	C039	CAN	T2	PEK	T3	2026-06-20T17:20:00	2026-06-20T20:35:00	南方航空	CZ7030	公务舱	1870	8	8
FLIGHT	C112	C039	CAN	T2	PKX	T2	2026-06-20T18:45:00	2026-06-20T22:00:00	南方航空	CZ7031	经济舱	720	23	36
FLIGHT	C112	C039	CAN	T2	PKX	T2	2026-06-20T18:45:00	2026-06-20T22:00:00	南方航空	CZ7031	公务舱	1870	7	8
FLIGHT	C112	C039	CAN	T2	PEK	T3	2026-06-20T20:10:00	2026-06-20T23:25:00	南方航空	CZ7032	经济舱	720	22	36
FLIGHT	C112	C039	CAN	T2	PEK	T3	2026-06-20T20:10:00	2026-06-20T23:25:00	南方航空	CZ7032	公务舱	1870	6	8
FLIGHT	C112	C039	CAN	T2	PKX	T2	2026-06-20T21:35:00	2026-06-21T00:50:00	南方航空	CZ7033	经济舱	720	21	36
FLIGHT	C112	C039	CAN	T2	PKX	T2	2026-06-20T21:35:00	2026-06-21T00:50:00	南方航空	CZ7033	公务舱	1870	5	8
FLIGHT	C039	C190	PKX	T2	SZX	T3	2026-06-20T17:20:00	2026-06-20T20:45:00	中国国航	CA7040	经济舱	760	23	36
FLIGHT	C039	C190	PKX	T2	SZX	T3	2026-06-20T17:20:00	2026-06-20T20:45:00	中国国航	CA7040	公务舱	1980	7	8
FLIGHT	C039	C190	PEK	T3	SZX	T3	2026-06-20T18:45:00	2026-06-20T22:10:00	中国国航	CA7041	经济舱	760	22	36
FLIGHT	C039	C190	PEK	T3	SZX	T3	2026-06-20T18:45:00	2026-06-20T22:10:00	中国国航	CA7041	公务舱	1980	6	8
FLIGHT	C039	C190	PKX	T2	SZX	T3	2026-06-20T20:10:00	2026-06-20T23:35:00	中国国航	CA7042	经济舱	760	21	36
FLIGHT	C039	C190	PKX	T2	SZX	T3	2026-06-20T20:10:00	2026-06-20T23:35:00	中国国航	CA7042	公务舱	1980	5	8
FLIGHT	C039	C190	PEK	T3	SZX	T3	2026-06-20T21:35:00	2026-06-21T01:00:00	中国国航	CA7043	经济舱	760	20	36
FLIGHT	C039	C190	PEK	T3	SZX	T3	2026-06-20T21:35:00	2026-06-21T01:00:00	中国国航	CA7043	公务舱	1980	8	8
FLIGHT	C190	C039	SZX	T3	PEK	T3	2026-06-20T17:20:00	2026-06-20T20:45:00	深圳航空	ZH7050	经济舱	760	22	36
FLIGHT	C190	C039	SZX	T3	PEK	T3	2026-06-20T17:20:00	2026-06-20T20:45:00	深圳航空	ZH7050	公务舱	1980	6	8
FLIGHT	C190	C039	SZX	T3	PKX	T2	2026-06-20T18:45:00	2026-06-20T22:10:00	深圳航空	ZH7051	经济舱	760	21	36
FLIGHT	C190	C039	SZX	T3	PKX	T2	2026-06-20T18:45:00	2026-06-20T22:10:00	深圳航空	ZH7051	公务舱	1980	5	8
FLIGHT	C190	C039	SZX	T3	PEK	T3	2026-06-20T20:10:00	2026-06-20T23:35:00	深圳航空	ZH7052	经济舱	760	20	36
FLIGHT	C190	C039	SZX	T3	PEK	T3	2026-06-20T20:10:00	2026-06-20T23:35:00	深圳航空	ZH7052	公务舱	1980	8	8
FLIGHT	C190	C039	SZX	T3	PKX	T2	2026-06-20T21:35:00	2026-06-21T01:00:00	深圳航空	ZH7053	经济舱	760	19	36
FLIGHT	C190	C039	SZX	T3	PKX	T2	2026-06-20T21:35:00	2026-06-21T01:00:00	深圳航空	ZH7053	公务舱	1980	7	8
FLIGHT	C005	C112	PVG	T2	CAN	T2	2026-06-20T17:20:00	2026-06-20T19:55:00	东方航空	MU7060	经济舱	610	21	36
FLIGHT	C005	C112	PVG	T2	CAN	T2	2026-06-20T17:20:00	2026-06-20T19:55:00	东方航空	MU7060	公务舱	1590	5	8
FLIGHT	C005	C112	SHA	T2	CAN	T2	2026-06-20T18:45:00	2026-06-20T21:20:00	东方航空	MU7061	经济舱	610	20	36
FLIGHT	C005	C112	SHA	T2	CAN	T2	2026-06-20T18:45:00	2026-06-20T21:20:00	东方航空	MU7061	公务舱	1590	8	8
FLIGHT	C005	C112	PVG	T2	CAN	T2	2026-06-20T20:10:00	2026-06-20T22:45:00	东方航空	MU7062	经济舱	610	19	36
FLIGHT	C005	C112	PVG	T2	CAN	T2	2026-06-20T20:10:00	2026-06-20T22:45:00	东方航空	MU7062	公务舱	1590	7	8
FLIGHT	C005	C112	SHA	T2	CAN	T2	2026-06-20T21:35:00	2026-06-21T00:10:00	东方航空	MU7063	经济舱	610	36	36
FLIGHT	C005	C112	SHA	T2	CAN	T2	2026-06-20T21:35:00	2026-06-21T00:10:00	东方航空	MU7063	公务舱	1590	6	8
FLIGHT	C112	C005	CAN	T2	SHA	T2	2026-06-20T17:20:00	2026-06-20T19:55:00	南方航空	CZ7070	经济舱	610	20	36
FLIGHT	C112	C005	CAN	T2	SHA	T2	2026-06-20T17:20:00	2026-06-20T19:55:00	南方航空	CZ7070	公务舱	1590	8	8
FLIGHT	C112	C005	CAN	T2	PVG	T2	2026-06-20T18:45:00	2026-06-20T21:20:00	南方航空	CZ7071	经济舱	610	19	36
FLIGHT	C112	C005	CAN	T2	PVG	T2	2026-06-20T18:45:00	2026-06-20T21:20:00	南方航空	CZ7071	公务舱	1590	7	8
FLIGHT	C112	C005	CAN	T2	SHA	T2	2026-06-20T20:10:00	2026-06-20T22:45:00	南方航空	CZ7072	经济舱	610	36	36
FLIGHT	C112	C005	CAN	T2	SHA	T2	2026-06-20T20:10:00	2026-06-20T22:45:00	南方航空	CZ7072	公务舱	1590	6	8
FLIGHT	C112	C005	CAN	T2	PVG	T2	2026-06-20T21:35:00	2026-06-21T00:10:00	南方航空	CZ7073	经济舱	610	35	36
FLIGHT	C112	C005	CAN	T2	PVG	T2	2026-06-20T21:35:00	2026-06-21T00:10:00	南方航空	CZ7073	公务舱	1590	5	8
FLIGHT	C005	C190	PVG	T2	SZX	T3	2026-06-20T17:20:00	2026-06-20T19:55:00	东方航空	MU7080	经济舱	640	19	36
FLIGHT	C005	C190	PVG	T2	SZX	T3	2026-06-20T17:20:00	2026-06-20T19:55:00	东方航空	MU7080	公务舱	1660	7	8
FLIGHT	C005	C190	SHA	T2	SZX	T3	2026-06-20T18:45:00	2026-06-20T21:20:00	东方航空	MU7081	经济舱	640	36	36
FLIGHT	C005	C190	SHA	T2	SZX	T3	2026-06-20T18:45:00	2026-06-20T21:20:00	东方航空	MU7081	公务舱	1660	6	8
FLIGHT	C005	C190	PVG	T2	SZX	T3	2026-06-20T20:10:00	2026-06-20T22:45:00	东方航空	MU7082	经济舱	640	35	36
FLIGHT	C005	C190	PVG	T2	SZX	T3	2026-06-20T20:10:00	2026-06-20T22:45:00	东方航空	MU7082	公务舱	1660	5	8
FLIGHT	C005	C190	SHA	T2	SZX	T3	2026-06-20T21:35:00	2026-06-21T00:10:00	东方航空	MU7083	经济舱	640	34	36
FLIGHT	C005	C190	SHA	T2	SZX	T3	2026-06-20T21:35:00	2026-06-21T00:10:00	东方航空	MU7083	公务舱	1660	8	8
FLIGHT	C190	C005	SZX	T3	SHA	T2	2026-06-20T17:20:00	2026-06-20T19:55:00	深圳航空	ZH7090	经济舱	640	36	36
FLIGHT	C190	C005	SZX	T3	SHA	T2	2026-06-20T17:20:00	2026-06-20T19:55:00	深圳航空	ZH7090	公务舱	1660	6	8
FLIGHT	C190	C005	SZX	T3	PVG	T2	2026-06-20T18:45:00	2026-06-20T21:20:00	深圳航空	ZH7091	经济舱	640	35	36
FLIGHT	C190	C005	SZX	T3	PVG	T2	2026-06-20T18:45:00	2026-06-20T21:20:00	深圳航空	ZH7091	公务舱	1660	5	8
FLIGHT	C190	C005	SZX	T3	SHA	T2	2026-06-20T20:10:00	2026-06-20T22:45:00	深圳航空	ZH7092	经济舱	640	34	36
FLIGHT	C190	C005	SZX	T3	SHA	T2	2026-06-20T20:10:00	2026-06-20T22:45:00	深圳航空	ZH7092	公务舱	1660	8	8
FLIGHT	C190	C005	SZX	T3	PVG	T2	2026-06-20T21:35:00	2026-06-21T00:10:00	深圳航空	ZH7093	经济舱	640	33	36
FLIGHT	C190	C005	SZX	T3	PVG	T2	2026-06-20T21:35:00	2026-06-21T00:10:00	深圳航空	ZH7093	公务舱	1660	7	8
FLIGHT	C039	C128	PKX	T2	CTU	T2	2026-06-20T17:20:00	2026-06-20T20:20:00	中国国航	CA7100	经济舱	690	35	36
FLIGHT	C039	C128	PKX	T2	CTU	T2	2026-06-20T17:20:00	2026-06-20T20:20:00	中国国航	CA7100	公务舱	1790	5	8
FLIGHT	C039	C128	PEK	T3	TFU	T2	2026-06-20T18:45:00	2026-06-20T21:45:00	中国国航	CA7101	经济舱	690	34	36
FLIGHT	C039	C128	PEK	T3	TFU	T2	2026-06-20T18:45:00	2026-06-20T21:45:00	中国国航	CA7101	公务舱	1790	8	8
FLIGHT	C039	C128	PKX	T2	CTU	T2	2026-06-20T20:10:00	2026-06-20T23:10:00	中国国航	CA7102	经济舱	690	33	36
FLIGHT	C039	C128	PKX	T2	CTU	T2	2026-06-20T20:10:00	2026-06-20T23:10:00	中国国航	CA7102	公务舱	1790	7	8
FLIGHT	C039	C128	PEK	T3	TFU	T2	2026-06-20T21:35:00	2026-06-21T00:35:00	中国国航	CA7103	经济舱	690	32	36
FLIGHT	C039	C128	PEK	T3	TFU	T2	2026-06-20T21:35:00	2026-06-21T00:35:00	中国国航	CA7103	公务舱	1790	6	8
FLIGHT	C128	C039	TFU	T2	PEK	T3	2026-06-20T17:20:00	2026-06-20T20:20:00	四川航空	3U7110	经济舱	690	34	36
FLIGHT	C128	C039	TFU	T2	PEK	T3	2026-06-20T17:20:00	2026-06-20T20:20:00	四川航空	3U7110	公务舱	1790	8	8
FLIGHT	C128	C039	CTU	T2	PKX	T2	2026-06-20T18:45:00	2026-06-20T21:45:00	四川航空	3U7111	经济舱	690	33	36
FLIGHT	C128	C039	CTU	T2	PKX	T2	2026-06-20T18:45:00	2026-06-20T21:45:00	四川航空	3U7111	公务舱	1790	7	8
FLIGHT	C128	C039	TFU	T2	PEK	T3	2026-06-20T20:10:00	2026-06-20T23:10:00	四川航空	3U7112	经济舱	690	32	36
FLIGHT	C128	C039	TFU	T2	PEK	T3	2026-06-20T20:10:00	2026-06-20T23:10:00	四川航空	3U7112	公务舱	1790	6	8
FLIGHT	C128	C039	CTU	T2	PKX	T2	2026-06-20T21:35:00	2026-06-21T00:35:00	四川航空	3U7113	经济舱	690	31	36
FLIGHT	C128	C039	CTU	T2	PKX	T2	2026-06-20T21:35:00	2026-06-21T00:35:00	四川航空	3U7113	公务舱	1790	5	8
FLIGHT	C005	C128	PVG	T2	CTU	T2	2026-06-20T17:20:00	2026-06-20T20:30:00	东方航空	MU7120	经济舱	720	33	36
FLIGHT	C005	C128	PVG	T2	CTU	T2	2026-06-20T17:20:00	2026-06-20T20:30:00	东方航空	MU7120	公务舱	1870	7	8
FLIGHT	C005	C128	SHA	T2	TFU	T2	2026-06-20T18:45:00	2026-06-20T21:55:00	东方航空	MU7121	经济舱	720	32	36
FLIGHT	C005	C128	SHA	T2	TFU	T2	2026-06-20T18:45:00	2026-06-20T21:55:00	东方航空	MU7121	公务舱	1870	6	8
FLIGHT	C005	C128	PVG	T2	CTU	T2	2026-06-20T20:10:00	2026-06-20T23:20:00	东方航空	MU7122	经济舱	720	31	36
FLIGHT	C005	C128	PVG	T2	CTU	T2	2026-06-20T20:10:00	2026-06-20T23:20:00	东方航空	MU7122	公务舱	1870	5	8
FLIGHT	C005	C128	SHA	T2	TFU	T2	2026-06-20T21:35:00	2026-06-21T00:45:00	东方航空	MU7123	经济舱	720	30	36
FLIGHT	C005	C128	SHA	T2	TFU	T2	2026-06-20T21:35:00	2026-06-21T00:45:00	东方航空	MU7123	公务舱	1870	8	8
FLIGHT	C128	C005	TFU	T2	SHA	T2	2026-06-20T17:20:00	2026-06-20T20:30:00	四川航空	3U7130	经济舱	720	32	36
FLIGHT	C128	C005	TFU	T2	SHA	T2	2026-06-20T17:20:00	2026-06-20T20:30:00	四川航空	3U7130	公务舱	1870	6	8
FLIGHT	C128	C005	CTU	T2	PVG	T2	2026-06-20T18:45:00	2026-06-20T21:55:00	四川航空	3U7131	经济舱	720	31	36
FLIGHT	C128	C005	CTU	T2	PVG	T2	2026-06-20T18:45:00	2026-06-20T21:55:00	四川航空	3U7131	公务舱	1870	5	8
FLIGHT	C128	C005	TFU	T2	SHA	T2	2026-06-20T20:10:00	2026-06-20T23:20:00	四川航空	3U7132	经济舱	720	30	36
FLIGHT	C128	C005	TFU	T2	SHA	T2	2026-06-20T20:10:00	2026-06-20T23:20:00	四川航空	3U7132	公务舱	1870	8	8
FLIGHT	C128	C005	CTU	T2	PVG	T2	2026-06-20T21:35:00	2026-06-21T00:45:00	四川航空	3U7133	经济舱	720	29	36
FLIGHT	C128	C005	CTU	T2	PVG	T2	2026-06-20T21:35:00	2026-06-21T00:45:00	四川航空	3U7133	公务舱	1870	7	8
FLIGHT	C112	C128	CAN	T2	CTU	T2	2026-06-20T17:20:00	2026-06-20T19:40:00	南方航空	CZ7140	经济舱	560	31	36
FLIGHT	C112	C128	CAN	T2	CTU	T2	2026-06-20T17:20:00	2026-06-20T19:40:00	南方航空	CZ7140	公务舱	1460	5	8
FLIGHT	C112	C128	CAN	T2	TFU	T2	2026-06-20T18:45:00	2026-06-20T21:05:00	南方航空	CZ7141	经济舱	560	30	36
FLIGHT	C112	C128	CAN	T2	TFU	T2	2026-06-20T18:45:00	2026-06-20T21:05:00	南方航空	CZ7141	公务舱	1460	8	8
FLIGHT	C112	C128	CAN	T2	CTU	T2	2026-06-20T20:10:00	2026-06-20T22:30:00	南方航空	CZ7142	经济舱	560	29	36
FLIGHT	C112	C128	CAN	T2	CTU	T2	2026-06-20T20:10:00	2026-06-20T22:30:00	南方航空	CZ7142	公务舱	1460	7	8
FLIGHT	C112	C128	CAN	T2	TFU	T2	2026-06-20T21:35:00	2026-06-20T23:55:00	南方航空	CZ7143	经济舱	560	28	36
FLIGHT	C112	C128	CAN	T2	TFU	T2	2026-06-20T21:35:00	2026-06-20T23:55:00	南方航空	CZ7143	公务舱	1460	6	8
FLIGHT	C128	C112	TFU	T2	CAN	T2	2026-06-20T17:20:00	2026-06-20T19:40:00	四川航空	3U7150	经济舱	560	30	36
FLIGHT	C128	C112	TFU	T2	CAN	T2	2026-06-20T17:20:00	2026-06-20T19:40:00	四川航空	3U7150	公务舱	1460	8	8
FLIGHT	C128	C112	CTU	T2	CAN	T2	2026-06-20T18:45:00	2026-06-20T21:05:00	四川航空	3U7151	经济舱	560	29	36
FLIGHT	C128	C112	CTU	T2	CAN	T2	2026-06-20T18:45:00	2026-06-20T21:05:00	四川航空	3U7151	公务舱	1460	7	8
FLIGHT	C128	C112	TFU	T2	CAN	T2	2026-06-20T20:10:00	2026-06-20T22:30:00	四川航空	3U7152	经济舱	560	28	36
FLIGHT	C128	C112	TFU	T2	CAN	T2	2026-06-20T20:10:00	2026-06-20T22:30:00	四川航空	3U7152	公务舱	1460	6	8
FLIGHT	C128	C112	CTU	T2	CAN	T2	2026-06-20T21:35:00	2026-06-20T23:55:00	四川航空	3U7153	经济舱	560	27	36
FLIGHT	C128	C112	CTU	T2	CAN	T2	2026-06-20T21:35:00	2026-06-20T23:55:00	四川航空	3U7153	公务舱	1460	5	8
FLIGHT	C039	C153	PKX	T2	HGH	T4	2026-06-20T17:20:00	2026-06-20T19:30:00	中国国航	CA7160	经济舱	480	29	36
FLIGHT	C039	C153	PKX	T2	HGH	T4	2026-06-20T17:20:00	2026-06-20T19:30:00	中国国航	CA7160	公务舱	1250	7	8
FLIGHT	C039	C153	PEK	T3	HGH	T4	2026-06-20T18:45:00	2026-06-20T20:55:00	中国国航	CA7161	经济舱	480	28	36
FLIGHT	C039	C153	PEK	T3	HGH	T4	2026-06-20T18:45:00	2026-06-20T20:55:00	中国国航	CA7161	公务舱	1250	6	8
FLIGHT	C039	C153	PKX	T2	HGH	T4	2026-06-20T20:10:00	2026-06-20T22:20:00	中国国航	CA7162	经济舱	480	27	36
FLIGHT	C039	C153	PKX	T2	HGH	T4	2026-06-20T20:10:00	2026-06-20T22:20:00	中国国航	CA7162	公务舱	1250	5	8
FLIGHT	C039	C153	PEK	T3	HGH	T4	2026-06-20T21:35:00	2026-06-20T23:45:00	中国国航	CA7163	经济舱	480	26	36
FLIGHT	C039	C153	PEK	T3	HGH	T4	2026-06-20T21:35:00	2026-06-20T23:45:00	中国国航	CA7163	公务舱	1250	8	8
FLIGHT	C153	C039	HGH	T4	PEK	T3	2026-06-20T17:20:00	2026-06-20T19:30:00	海南航空	HU7170	经济舱	480	28	36
FLIGHT	C153	C039	HGH	T4	PEK	T3	2026-06-20T17:20:00	2026-06-20T19:30:00	海南航空	HU7170	公务舱	1250	6	8
FLIGHT	C153	C039	HGH	T4	PKX	T2	2026-06-20T18:45:00	2026-06-20T20:55:00	海南航空	HU7171	经济舱	480	27	36
FLIGHT	C153	C039	HGH	T4	PKX	T2	2026-06-20T18:45:00	2026-06-20T20:55:00	海南航空	HU7171	公务舱	1250	5	8
FLIGHT	C153	C039	HGH	T4	PEK	T3	2026-06-20T20:10:00	2026-06-20T22:20:00	海南航空	HU7172	经济舱	480	26	36
FLIGHT	C153	C039	HGH	T4	PEK	T3	2026-06-20T20:10:00	2026-06-20T22:20:00	海南航空	HU7172	公务舱	1250	8	8
FLIGHT	C153	C039	HGH	T4	PKX	T2	2026-06-20T21:35:00	2026-06-20T23:45:00	海南航空	HU7173	经济舱	480	25	36
FLIGHT	C153	C039	HGH	T4	PKX	T2	2026-06-20T21:35:00	2026-06-20T23:45:00	海南航空	HU7173	公务舱	1250	7	8
FLIGHT	C005	C246	PVG	T2	XIY	T3	2026-06-20T17:20:00	2026-06-20T20:00:00	东方航空	MU7180	经济舱	650	27	36
FLIGHT	C005	C246	PVG	T2	XIY	T3	2026-06-20T17:20:00	2026-06-20T20:00:00	东方航空	MU7180	公务舱	1690	5	8
FLIGHT	C005	C246	SHA	T2	XIY	T3	2026-06-20T18:45:00	2026-06-20T21:25:00	东方航空	MU7181	经济舱	650	26	36
FLIGHT	C005	C246	SHA	T2	XIY	T3	2026-06-20T18:45:00	2026-06-20T21:25:00	东方航空	MU7181	公务舱	1690	8	8
FLIGHT	C005	C246	PVG	T2	XIY	T3	2026-06-20T20:10:00	2026-06-20T22:50:00	东方航空	MU7182	经济舱	650	25	36
FLIGHT	C005	C246	PVG	T2	XIY	T3	2026-06-20T20:10:00	2026-06-20T22:50:00	东方航空	MU7182	公务舱	1690	7	8
FLIGHT	C005	C246	SHA	T2	XIY	T3	2026-06-20T21:35:00	2026-06-21T00:15:00	东方航空	MU7183	经济舱	650	24	36
FLIGHT	C005	C246	SHA	T2	XIY	T3	2026-06-20T21:35:00	2026-06-21T00:15:00	东方航空	MU7183	公务舱	1690	6	8
FLIGHT	C246	C005	XIY	T3	SHA	T2	2026-06-20T17:20:00	2026-06-20T20:00:00	海南航空	HU7190	经济舱	650	26	36
FLIGHT	C246	C005	XIY	T3	SHA	T2	2026-06-20T17:20:00	2026-06-20T20:00:00	海南航空	HU7190	公务舱	1690	8	8
FLIGHT	C246	C005	XIY	T3	PVG	T2	2026-06-20T18:45:00	2026-06-20T21:25:00	海南航空	HU7191	经济舱	650	25	36
FLIGHT	C246	C005	XIY	T3	PVG	T2	2026-06-20T18:45:00	2026-06-20T21:25:00	海南航空	HU7191	公务舱	1690	7	8
FLIGHT	C246	C005	XIY	T3	SHA	T2	2026-06-20T20:10:00	2026-06-20T22:50:00	海南航空	HU7192	经济舱	650	24	36
FLIGHT	C246	C005	XIY	T3	SHA	T2	2026-06-20T20:10:00	2026-06-20T22:50:00	海南航空	HU7192	公务舱	1690	6	8
FLIGHT	C246	C005	XIY	T3	PVG	T2	2026-06-20T21:35:00	2026-06-21T00:15:00	海南航空	HU7193	经济舱	650	23	36
FLIGHT	C246	C005	XIY	T3	PVG	T2	2026-06-20T21:35:00	2026-06-21T00:15:00	海南航空	HU7193	公务舱	1690	5	8
FLIGHT	C039	C272	PKX	T2	CKG	T3	2026-06-20T17:20:00	2026-06-20T20:10:00	中国国航	CA7200	经济舱	680	25	36
FLIGHT	C039	C272	PKX	T2	CKG	T3	2026-06-20T17:20:00	2026-06-20T20:10:00	中国国航	CA7200	公务舱	1770	7	8
FLIGHT	C039	C272	PEK	T3	CKG	T3	2026-06-20T18:45:00	2026-06-20T21:35:00	中国国航	CA7201	经济舱	680	24	36
FLIGHT	C039	C272	PEK	T3	CKG	T3	2026-06-20T18:45:00	2026-06-20T21:35:00	中国国航	CA7201	公务舱	1770	6	8
FLIGHT	C039	C272	PKX	T2	CKG	T3	2026-06-20T20:10:00	2026-06-20T23:00:00	中国国航	CA7202	经济舱	680	23	36
FLIGHT	C039	C272	PKX	T2	CKG	T3	2026-06-20T20:10:00	2026-06-20T23:00:00	中国国航	CA7202	公务舱	1770	5	8
FLIGHT	C039	C272	PEK	T3	CKG	T3	2026-06-20T21:35:00	2026-06-21T00:25:00	中国国航	CA7203	经济舱	680	22	36
FLIGHT	C039	C272	PEK	T3	CKG	T3	2026-06-20T21:35:00	2026-06-21T00:25:00	中国国航	CA7203	公务舱	1770	8	8
FLIGHT	C272	C039	CKG	T3	PEK	T3	2026-06-20T17:20:00	2026-06-20T20:10:00	四川航空	3U7210	经济舱	680	24	36
FLIGHT	C272	C039	CKG	T3	PEK	T3	2026-06-20T17:20:00	2026-06-20T20:10:00	四川航空	3U7210	公务舱	1770	6	8
FLIGHT	C272	C039	CKG	T3	PKX	T2	2026-06-20T18:45:00	2026-06-20T21:35:00	四川航空	3U7211	经济舱	680	23	36
FLIGHT	C272	C039	CKG	T3	PKX	T2	2026-06-20T18:45:00	2026-06-20T21:35:00	四川航空	3U7211	公务舱	1770	5	8
FLIGHT	C272	C039	CKG	T3	PEK	T3	2026-06-20T20:10:00	2026-06-20T23:00:00	四川航空	3U7212	经济舱	680	22	36
FLIGHT	C272	C039	CKG	T3	PEK	T3	2026-06-20T20:10:00	2026-06-20T23:00:00	四川航空	3U7212	公务舱	1770	8	8
FLIGHT	C272	C039	CKG	T3	PKX	T2	2026-06-20T21:35:00	2026-06-21T00:25:00	四川航空	3U7213	经济舱	680	21	36
FLIGHT	C272	C039	CKG	T3	PKX	T2	2026-06-20T21:35:00	2026-06-21T00:25:00	四川航空	3U7213	公务舱	1770	7	8
FLIGHT	C039	C005	PEK	T3	PVG	T2	2026-06-21T17:20:00	2026-06-21T19:45:00	中国国航	CA7000	经济舱	520	26	36
FLIGHT	C039	C005	PEK	T3	PVG	T2	2026-06-21T17:20:00	2026-06-21T19:45:00	中国国航	CA7000	公务舱	1350	6	8
FLIGHT	C039	C005	PKX	T2	SHA	T2	2026-06-21T18:45:00	2026-06-21T21:10:00	中国国航	CA7001	经济舱	520	25	36
FLIGHT	C039	C005	PKX	T2	SHA	T2	2026-06-21T18:45:00	2026-06-21T21:10:00	中国国航	CA7001	公务舱	1350	5	8
FLIGHT	C039	C005	PEK	T3	PVG	T2	2026-06-21T20:10:00	2026-06-21T22:35:00	中国国航	CA7002	经济舱	520	24	36
FLIGHT	C039	C005	PEK	T3	PVG	T2	2026-06-21T20:10:00	2026-06-21T22:35:00	中国国航	CA7002	公务舱	1350	8	8
FLIGHT	C039	C005	PKX	T2	SHA	T2	2026-06-21T21:35:00	2026-06-22T00:00:00	中国国航	CA7003	经济舱	520	23	36
FLIGHT	C039	C005	PKX	T2	SHA	T2	2026-06-21T21:35:00	2026-06-22T00:00:00	中国国航	CA7003	公务舱	1350	7	8
FLIGHT	C005	C039	SHA	T2	PKX	T2	2026-06-21T17:20:00	2026-06-21T19:45:00	东方航空	MU7010	经济舱	520	25	36
FLIGHT	C005	C039	SHA	T2	PKX	T2	2026-06-21T17:20:00	2026-06-21T19:45:00	东方航空	MU7010	公务舱	1350	5	8
FLIGHT	C005	C039	PVG	T2	PEK	T3	2026-06-21T18:45:00	2026-06-21T21:10:00	东方航空	MU7011	经济舱	520	24	36
FLIGHT	C005	C039	PVG	T2	PEK	T3	2026-06-21T18:45:00	2026-06-21T21:10:00	东方航空	MU7011	公务舱	1350	8	8
FLIGHT	C005	C039	SHA	T2	PKX	T2	2026-06-21T20:10:00	2026-06-21T22:35:00	东方航空	MU7012	经济舱	520	23	36
FLIGHT	C005	C039	SHA	T2	PKX	T2	2026-06-21T20:10:00	2026-06-21T22:35:00	东方航空	MU7012	公务舱	1350	7	8
FLIGHT	C005	C039	PVG	T2	PEK	T3	2026-06-21T21:35:00	2026-06-22T00:00:00	东方航空	MU7013	经济舱	520	22	36
FLIGHT	C005	C039	PVG	T2	PEK	T3	2026-06-21T21:35:00	2026-06-22T00:00:00	东方航空	MU7013	公务舱	1350	6	8
FLIGHT	C039	C112	PEK	T3	CAN	T2	2026-06-21T17:20:00	2026-06-21T20:35:00	中国国航	CA7020	经济舱	720	24	36
FLIGHT	C039	C112	PEK	T3	CAN	T2	2026-06-21T17:20:00	2026-06-21T20:35:00	中国国航	CA7020	公务舱	1870	8	8
FLIGHT	C039	C112	PKX	T2	CAN	T2	2026-06-21T18:45:00	2026-06-21T22:00:00	中国国航	CA7021	经济舱	720	23	36
FLIGHT	C039	C112	PKX	T2	CAN	T2	2026-06-21T18:45:00	2026-06-21T22:00:00	中国国航	CA7021	公务舱	1870	7	8
FLIGHT	C039	C112	PEK	T3	CAN	T2	2026-06-21T20:10:00	2026-06-21T23:25:00	中国国航	CA7022	经济舱	720	22	36
FLIGHT	C039	C112	PEK	T3	CAN	T2	2026-06-21T20:10:00	2026-06-21T23:25:00	中国国航	CA7022	公务舱	1870	6	8
FLIGHT	C039	C112	PKX	T2	CAN	T2	2026-06-21T21:35:00	2026-06-22T00:50:00	中国国航	CA7023	经济舱	720	21	36
FLIGHT	C039	C112	PKX	T2	CAN	T2	2026-06-21T21:35:00	2026-06-22T00:50:00	中国国航	CA7023	公务舱	1870	5	8
FLIGHT	C112	C039	CAN	T2	PKX	T2	2026-06-21T17:20:00	2026-06-21T20:35:00	南方航空	CZ7030	经济舱	720	23	36
FLIGHT	C112	C039	CAN	T2	PKX	T2	2026-06-21T17:20:00	2026-06-21T20:35:00	南方航空	CZ7030	公务舱	1870	7	8
FLIGHT	C112	C039	CAN	T2	PEK	T3	2026-06-21T18:45:00	2026-06-21T22:00:00	南方航空	CZ7031	经济舱	720	22	36
FLIGHT	C112	C039	CAN	T2	PEK	T3	2026-06-21T18:45:00	2026-06-21T22:00:00	南方航空	CZ7031	公务舱	1870	6	8
FLIGHT	C112	C039	CAN	T2	PKX	T2	2026-06-21T20:10:00	2026-06-21T23:25:00	南方航空	CZ7032	经济舱	720	21	36
FLIGHT	C112	C039	CAN	T2	PKX	T2	2026-06-21T20:10:00	2026-06-21T23:25:00	南方航空	CZ7032	公务舱	1870	5	8
FLIGHT	C112	C039	CAN	T2	PEK	T3	2026-06-21T21:35:00	2026-06-22T00:50:00	南方航空	CZ7033	经济舱	720	20	36
FLIGHT	C112	C039	CAN	T2	PEK	T3	2026-06-21T21:35:00	2026-06-22T00:50:00	南方航空	CZ7033	公务舱	1870	8	8
FLIGHT	C039	C190	PEK	T3	SZX	T3	2026-06-21T17:20:00	2026-06-21T20:45:00	中国国航	CA7040	经济舱	760	22	36
FLIGHT	C039	C190	PEK	T3	SZX	T3	2026-06-21T17:20:00	2026-06-21T20:45:00	中国国航	CA7040	公务舱	1980	6	8
FLIGHT	C039	C190	PKX	T2	SZX	T3	2026-06-21T18:45:00	2026-06-21T22:10:00	中国国航	CA7041	经济舱	760	21	36
FLIGHT	C039	C190	PKX	T2	SZX	T3	2026-06-21T18:45:00	2026-06-21T22:10:00	中国国航	CA7041	公务舱	1980	5	8
FLIGHT	C039	C190	PEK	T3	SZX	T3	2026-06-21T20:10:00	2026-06-21T23:35:00	中国国航	CA7042	经济舱	760	20	36
FLIGHT	C039	C190	PEK	T3	SZX	T3	2026-06-21T20:10:00	2026-06-21T23:35:00	中国国航	CA7042	公务舱	1980	8	8
FLIGHT	C039	C190	PKX	T2	SZX	T3	2026-06-21T21:35:00	2026-06-22T01:00:00	中国国航	CA7043	经济舱	760	19	36
FLIGHT	C039	C190	PKX	T2	SZX	T3	2026-06-21T21:35:00	2026-06-22T01:00:00	中国国航	CA7043	公务舱	1980	7	8
FLIGHT	C190	C039	SZX	T3	PKX	T2	2026-06-21T17:20:00	2026-06-21T20:45:00	深圳航空	ZH7050	经济舱	760	21	36
FLIGHT	C190	C039	SZX	T3	PKX	T2	2026-06-21T17:20:00	2026-06-21T20:45:00	深圳航空	ZH7050	公务舱	1980	5	8
FLIGHT	C190	C039	SZX	T3	PEK	T3	2026-06-21T18:45:00	2026-06-21T22:10:00	深圳航空	ZH7051	经济舱	760	20	36
FLIGHT	C190	C039	SZX	T3	PEK	T3	2026-06-21T18:45:00	2026-06-21T22:10:00	深圳航空	ZH7051	公务舱	1980	8	8
FLIGHT	C190	C039	SZX	T3	PKX	T2	2026-06-21T20:10:00	2026-06-21T23:35:00	深圳航空	ZH7052	经济舱	760	19	36
FLIGHT	C190	C039	SZX	T3	PKX	T2	2026-06-21T20:10:00	2026-06-21T23:35:00	深圳航空	ZH7052	公务舱	1980	7	8
FLIGHT	C190	C039	SZX	T3	PEK	T3	2026-06-21T21:35:00	2026-06-22T01:00:00	深圳航空	ZH7053	经济舱	760	36	36
FLIGHT	C190	C039	SZX	T3	PEK	T3	2026-06-21T21:35:00	2026-06-22T01:00:00	深圳航空	ZH7053	公务舱	1980	6	8
FLIGHT	C005	C112	SHA	T2	CAN	T2	2026-06-21T17:20:00	2026-06-21T19:55:00	东方航空	MU7060	经济舱	610	20	36
FLIGHT	C005	C112	SHA	T2	CAN	T2	2026-06-21T17:20:00	2026-06-21T19:55:00	东方航空	MU7060	公务舱	1590	8	8
FLIGHT	C005	C112	PVG	T2	CAN	T2	2026-06-21T18:45:00	2026-06-21T21:20:00	东方航空	MU7061	经济舱	610	19	36
FLIGHT	C005	C112	PVG	T2	CAN	T2	2026-06-21T18:45:00	2026-06-21T21:20:00	东方航空	MU7061	公务舱	1590	7	8
FLIGHT	C005	C112	SHA	T2	CAN	T2	2026-06-21T20:10:00	2026-06-21T22:45:00	东方航空	MU7062	经济舱	610	36	36
FLIGHT	C005	C112	SHA	T2	CAN	T2	2026-06-21T20:10:00	2026-06-21T22:45:00	东方航空	MU7062	公务舱	1590	6	8
FLIGHT	C005	C112	PVG	T2	CAN	T2	2026-06-21T21:35:00	2026-06-22T00:10:00	东方航空	MU7063	经济舱	610	35	36
FLIGHT	C005	C112	PVG	T2	CAN	T2	2026-06-21T21:35:00	2026-06-22T00:10:00	东方航空	MU7063	公务舱	1590	5	8
FLIGHT	C112	C005	CAN	T2	PVG	T2	2026-06-21T17:20:00	2026-06-21T19:55:00	南方航空	CZ7070	经济舱	610	19	36
FLIGHT	C112	C005	CAN	T2	PVG	T2	2026-06-21T17:20:00	2026-06-21T19:55:00	南方航空	CZ7070	公务舱	1590	7	8
FLIGHT	C112	C005	CAN	T2	SHA	T2	2026-06-21T18:45:00	2026-06-21T21:20:00	南方航空	CZ7071	经济舱	610	36	36
FLIGHT	C112	C005	CAN	T2	SHA	T2	2026-06-21T18:45:00	2026-06-21T21:20:00	南方航空	CZ7071	公务舱	1590	6	8
FLIGHT	C112	C005	CAN	T2	PVG	T2	2026-06-21T20:10:00	2026-06-21T22:45:00	南方航空	CZ7072	经济舱	610	35	36
FLIGHT	C112	C005	CAN	T2	PVG	T2	2026-06-21T20:10:00	2026-06-21T22:45:00	南方航空	CZ7072	公务舱	1590	5	8
FLIGHT	C112	C005	CAN	T2	SHA	T2	2026-06-21T21:35:00	2026-06-22T00:10:00	南方航空	CZ7073	经济舱	610	34	36
FLIGHT	C112	C005	CAN	T2	SHA	T2	2026-06-21T21:35:00	2026-06-22T00:10:00	南方航空	CZ7073	公务舱	1590	8	8
FLIGHT	C005	C190	SHA	T2	SZX	T3	2026-06-21T17:20:00	2026-06-21T19:55:00	东方航空	MU7080	经济舱	640	36	36
FLIGHT	C005	C190	SHA	T2	SZX	T3	2026-06-21T17:20:00	2026-06-21T19:55:00	东方航空	MU7080	公务舱	1660	6	8
FLIGHT	C005	C190	PVG	T2	SZX	T3	2026-06-21T18:45:00	2026-06-21T21:20:00	东方航空	MU7081	经济舱	640	35	36
FLIGHT	C005	C190	PVG	T2	SZX	T3	2026-06-21T18:45:00	2026-06-21T21:20:00	东方航空	MU7081	公务舱	1660	5	8
FLIGHT	C005	C190	SHA	T2	SZX	T3	2026-06-21T20:10:00	2026-06-21T22:45:00	东方航空	MU7082	经济舱	640	34	36
FLIGHT	C005	C190	SHA	T2	SZX	T3	2026-06-21T20:10:00	2026-06-21T22:45:00	东方航空	MU7082	公务舱	1660	8	8
FLIGHT	C005	C190	PVG	T2	SZX	T3	2026-06-21T21:35:00	2026-06-22T00:10:00	东方航空	MU7083	经济舱	640	33	36
FLIGHT	C005	C190	PVG	T2	SZX	T3	2026-06-21T21:35:00	2026-06-22T00:10:00	东方航空	MU7083	公务舱	1660	7	8
FLIGHT	C190	C005	SZX	T3	PVG	T2	2026-06-21T17:20:00	2026-06-21T19:55:00	深圳航空	ZH7090	经济舱	640	35	36
FLIGHT	C190	C005	SZX	T3	PVG	T2	2026-06-21T17:20:00	2026-06-21T19:55:00	深圳航空	ZH7090	公务舱	1660	5	8
FLIGHT	C190	C005	SZX	T3	SHA	T2	2026-06-21T18:45:00	2026-06-21T21:20:00	深圳航空	ZH7091	经济舱	640	34	36
FLIGHT	C190	C005	SZX	T3	SHA	T2	2026-06-21T18:45:00	2026-06-21T21:20:00	深圳航空	ZH7091	公务舱	1660	8	8
FLIGHT	C190	C005	SZX	T3	PVG	T2	2026-06-21T20:10:00	2026-06-21T22:45:00	深圳航空	ZH7092	经济舱	640	33	36
FLIGHT	C190	C005	SZX	T3	PVG	T2	2026-06-21T20:10:00	2026-06-21T22:45:00	深圳航空	ZH7092	公务舱	1660	7	8
FLIGHT	C190	C005	SZX	T3	SHA	T2	2026-06-21T21:35:00	2026-06-22T00:10:00	深圳航空	ZH7093	经济舱	640	32	36
FLIGHT	C190	C005	SZX	T3	SHA	T2	2026-06-21T21:35:00	2026-06-22T00:10:00	深圳航空	ZH7093	公务舱	1660	6	8
FLIGHT	C039	C128	PEK	T3	TFU	T2	2026-06-21T17:20:00	2026-06-21T20:20:00	中国国航	CA7100	经济舱	690	34	36
FLIGHT	C039	C128	PEK	T3	TFU	T2	2026-06-21T17:20:00	2026-06-21T20:20:00	中国国航	CA7100	公务舱	1790	8	8
FLIGHT	C039	C128	PKX	T2	CTU	T2	2026-06-21T18:45:00	2026-06-21T21:45:00	中国国航	CA7101	经济舱	690	33	36
FLIGHT	C039	C128	PKX	T2	CTU	T2	2026-06-21T18:45:00	2026-06-21T21:45:00	中国国航	CA7101	公务舱	1790	7	8
FLIGHT	C039	C128	PEK	T3	TFU	T2	2026-06-21T20:10:00	2026-06-21T23:10:00	中国国航	CA7102	经济舱	690	32	36
FLIGHT	C039	C128	PEK	T3	TFU	T2	2026-06-21T20:10:00	2026-06-21T23:10:00	中国国航	CA7102	公务舱	1790	6	8
FLIGHT	C039	C128	PKX	T2	CTU	T2	2026-06-21T21:35:00	2026-06-22T00:35:00	中国国航	CA7103	经济舱	690	31	36
FLIGHT	C039	C128	PKX	T2	CTU	T2	2026-06-21T21:35:00	2026-06-22T00:35:00	中国国航	CA7103	公务舱	1790	5	8
FLIGHT	C128	C039	CTU	T2	PKX	T2	2026-06-21T17:20:00	2026-06-21T20:20:00	四川航空	3U7110	经济舱	690	33	36
FLIGHT	C128	C039	CTU	T2	PKX	T2	2026-06-21T17:20:00	2026-06-21T20:20:00	四川航空	3U7110	公务舱	1790	7	8
FLIGHT	C128	C039	TFU	T2	PEK	T3	2026-06-21T18:45:00	2026-06-21T21:45:00	四川航空	3U7111	经济舱	690	32	36
FLIGHT	C128	C039	TFU	T2	PEK	T3	2026-06-21T18:45:00	2026-06-21T21:45:00	四川航空	3U7111	公务舱	1790	6	8
FLIGHT	C128	C039	CTU	T2	PKX	T2	2026-06-21T20:10:00	2026-06-21T23:10:00	四川航空	3U7112	经济舱	690	31	36
FLIGHT	C128	C039	CTU	T2	PKX	T2	2026-06-21T20:10:00	2026-06-21T23:10:00	四川航空	3U7112	公务舱	1790	5	8
FLIGHT	C128	C039	TFU	T2	PEK	T3	2026-06-21T21:35:00	2026-06-22T00:35:00	四川航空	3U7113	经济舱	690	30	36
FLIGHT	C128	C039	TFU	T2	PEK	T3	2026-06-21T21:35:00	2026-06-22T00:35:00	四川航空	3U7113	公务舱	1790	8	8
FLIGHT	C005	C128	SHA	T2	TFU	T2	2026-06-21T17:20:00	2026-06-21T20:30:00	东方航空	MU7120	经济舱	720	32	36
FLIGHT	C005	C128	SHA	T2	TFU	T2	2026-06-21T17:20:00	2026-06-21T20:30:00	东方航空	MU7120	公务舱	1870	6	8
FLIGHT	C005	C128	PVG	T2	CTU	T2	2026-06-21T18:45:00	2026-06-21T21:55:00	东方航空	MU7121	经济舱	720	31	36
FLIGHT	C005	C128	PVG	T2	CTU	T2	2026-06-21T18:45:00	2026-06-21T21:55:00	东方航空	MU7121	公务舱	1870	5	8
FLIGHT	C005	C128	SHA	T2	TFU	T2	2026-06-21T20:10:00	2026-06-21T23:20:00	东方航空	MU7122	经济舱	720	30	36
FLIGHT	C005	C128	SHA	T2	TFU	T2	2026-06-21T20:10:00	2026-06-21T23:20:00	东方航空	MU7122	公务舱	1870	8	8
FLIGHT	C005	C128	PVG	T2	CTU	T2	2026-06-21T21:35:00	2026-06-22T00:45:00	东方航空	MU7123	经济舱	720	29	36
FLIGHT	C005	C128	PVG	T2	CTU	T2	2026-06-21T21:35:00	2026-06-22T00:45:00	东方航空	MU7123	公务舱	1870	7	8
FLIGHT	C128	C005	CTU	T2	PVG	T2	2026-06-21T17:20:00	2026-06-21T20:30:00	四川航空	3U7130	经济舱	720	31	36
FLIGHT	C128	C005	CTU	T2	PVG	T2	2026-06-21T17:20:00	2026-06-21T20:30:00	四川航空	3U7130	公务舱	1870	5	8
FLIGHT	C128	C005	TFU	T2	SHA	T2	2026-06-21T18:45:00	2026-06-21T21:55:00	四川航空	3U7131	经济舱	720	30	36
FLIGHT	C128	C005	TFU	T2	SHA	T2	2026-06-21T18:45:00	2026-06-21T21:55:00	四川航空	3U7131	公务舱	1870	8	8
FLIGHT	C128	C005	CTU	T2	PVG	T2	2026-06-21T20:10:00	2026-06-21T23:20:00	四川航空	3U7132	经济舱	720	29	36
FLIGHT	C128	C005	CTU	T2	PVG	T2	2026-06-21T20:10:00	2026-06-21T23:20:00	四川航空	3U7132	公务舱	1870	7	8
FLIGHT	C128	C005	TFU	T2	SHA	T2	2026-06-21T21:35:00	2026-06-22T00:45:00	四川航空	3U7133	经济舱	720	28	36
FLIGHT	C128	C005	TFU	T2	SHA	T2	2026-06-21T21:35:00	2026-06-22T00:45:00	四川航空	3U7133	公务舱	1870	6	8
FLIGHT	C112	C128	CAN	T2	TFU	T2	2026-06-21T17:20:00	2026-06-21T19:40:00	南方航空	CZ7140	经济舱	560	30	36
FLIGHT	C112	C128	CAN	T2	TFU	T2	2026-06-21T17:20:00	2026-06-21T19:40:00	南方航空	CZ7140	公务舱	1460	8	8
FLIGHT	C112	C128	CAN	T2	CTU	T2	2026-06-21T18:45:00	2026-06-21T21:05:00	南方航空	CZ7141	经济舱	560	29	36
FLIGHT	C112	C128	CAN	T2	CTU	T2	2026-06-21T18:45:00	2026-06-21T21:05:00	南方航空	CZ7141	公务舱	1460	7	8
FLIGHT	C112	C128	CAN	T2	TFU	T2	2026-06-21T20:10:00	2026-06-21T22:30:00	南方航空	CZ7142	经济舱	560	28	36
FLIGHT	C112	C128	CAN	T2	TFU	T2	2026-06-21T20:10:00	2026-06-21T22:30:00	南方航空	CZ7142	公务舱	1460	6	8
FLIGHT	C112	C128	CAN	T2	CTU	T2	2026-06-21T21:35:00	2026-06-21T23:55:00	南方航空	CZ7143	经济舱	560	27	36
FLIGHT	C112	C128	CAN	T2	CTU	T2	2026-06-21T21:35:00	2026-06-21T23:55:00	南方航空	CZ7143	公务舱	1460	5	8
FLIGHT	C128	C112	CTU	T2	CAN	T2	2026-06-21T17:20:00	2026-06-21T19:40:00	四川航空	3U7150	经济舱	560	29	36
FLIGHT	C128	C112	CTU	T2	CAN	T2	2026-06-21T17:20:00	2026-06-21T19:40:00	四川航空	3U7150	公务舱	1460	7	8
FLIGHT	C128	C112	TFU	T2	CAN	T2	2026-06-21T18:45:00	2026-06-21T21:05:00	四川航空	3U7151	经济舱	560	28	36
FLIGHT	C128	C112	TFU	T2	CAN	T2	2026-06-21T18:45:00	2026-06-21T21:05:00	四川航空	3U7151	公务舱	1460	6	8
FLIGHT	C128	C112	CTU	T2	CAN	T2	2026-06-21T20:10:00	2026-06-21T22:30:00	四川航空	3U7152	经济舱	560	27	36
FLIGHT	C128	C112	CTU	T2	CAN	T2	2026-06-21T20:10:00	2026-06-21T22:30:00	四川航空	3U7152	公务舱	1460	5	8
FLIGHT	C128	C112	TFU	T2	CAN	T2	2026-06-21T21:35:00	2026-06-21T23:55:00	四川航空	3U7153	经济舱	560	26	36
FLIGHT	C128	C112	TFU	T2	CAN	T2	2026-06-21T21:35:00	2026-06-21T23:55:00	四川航空	3U7153	公务舱	1460	8	8
FLIGHT	C039	C153	PEK	T3	HGH	T4	2026-06-21T17:20:00	2026-06-21T19:30:00	中国国航	CA7160	经济舱	480	28	36
FLIGHT	C039	C153	PEK	T3	HGH	T4	2026-06-21T17:20:00	2026-06-21T19:30:00	中国国航	CA7160	公务舱	1250	6	8
FLIGHT	C039	C153	PKX	T2	HGH	T4	2026-06-21T18:45:00	2026-06-21T20:55:00	中国国航	CA7161	经济舱	480	27	36
FLIGHT	C039	C153	PKX	T2	HGH	T4	2026-06-21T18:45:00	2026-06-21T20:55:00	中国国航	CA7161	公务舱	1250	5	8
FLIGHT	C039	C153	PEK	T3	HGH	T4	2026-06-21T20:10:00	2026-06-21T22:20:00	中国国航	CA7162	经济舱	480	26	36
FLIGHT	C039	C153	PEK	T3	HGH	T4	2026-06-21T20:10:00	2026-06-21T22:20:00	中国国航	CA7162	公务舱	1250	8	8
FLIGHT	C039	C153	PKX	T2	HGH	T4	2026-06-21T21:35:00	2026-06-21T23:45:00	中国国航	CA7163	经济舱	480	25	36
FLIGHT	C039	C153	PKX	T2	HGH	T4	2026-06-21T21:35:00	2026-06-21T23:45:00	中国国航	CA7163	公务舱	1250	7	8
FLIGHT	C153	C039	HGH	T4	PKX	T2	2026-06-21T17:20:00	2026-06-21T19:30:00	海南航空	HU7170	经济舱	480	27	36
FLIGHT	C153	C039	HGH	T4	PKX	T2	2026-06-21T17:20:00	2026-06-21T19:30:00	海南航空	HU7170	公务舱	1250	5	8
FLIGHT	C153	C039	HGH	T4	PEK	T3	2026-06-21T18:45:00	2026-06-21T20:55:00	海南航空	HU7171	经济舱	480	26	36
FLIGHT	C153	C039	HGH	T4	PEK	T3	2026-06-21T18:45:00	2026-06-21T20:55:00	海南航空	HU7171	公务舱	1250	8	8
FLIGHT	C153	C039	HGH	T4	PKX	T2	2026-06-21T20:10:00	2026-06-21T22:20:00	海南航空	HU7172	经济舱	480	25	36
FLIGHT	C153	C039	HGH	T4	PKX	T2	2026-06-21T20:10:00	2026-06-21T22:20:00	海南航空	HU7172	公务舱	1250	7	8
FLIGHT	C153	C039	HGH	T4	PEK	T3	2026-06-21T21:35:00	2026-06-21T23:45:00	海南航空	HU7173	经济舱	480	24	36
FLIGHT	C153	C039	HGH	T4	PEK	T3	2026-06-21T21:35:00	2026-06-21T23:45:00	海南航空	HU7173	公务舱	1250	6	8
FLIGHT	C005	C246	SHA	T2	XIY	T3	2026-06-21T17:20:00	2026-06-21T20:00:00	东方航空	MU7180	经济舱	650	26	36
FLIGHT	C005	C246	SHA	T2	XIY	T3	2026-06-21T17:20:00	2026-06-21T20:00:00	东方航空	MU7180	公务舱	1690	8	8
FLIGHT	C005	C246	PVG	T2	XIY	T3	2026-06-21T18:45:00	2026-06-21T21:25:00	东方航空	MU7181	经济舱	650	25	36
FLIGHT	C005	C246	PVG	T2	XIY	T3	2026-06-21T18:45:00	2026-06-21T21:25:00	东方航空	MU7181	公务舱	1690	7	8
FLIGHT	C005	C246	SHA	T2	XIY	T3	2026-06-21T20:10:00	2026-06-21T22:50:00	东方航空	MU7182	经济舱	650	24	36
FLIGHT	C005	C246	SHA	T2	XIY	T3	2026-06-21T20:10:00	2026-06-21T22:50:00	东方航空	MU7182	公务舱	1690	6	8
FLIGHT	C005	C246	PVG	T2	XIY	T3	2026-06-21T21:35:00	2026-06-22T00:15:00	东方航空	MU7183	经济舱	650	23	36
FLIGHT	C005	C246	PVG	T2	XIY	T3	2026-06-21T21:35:00	2026-06-22T00:15:00	东方航空	MU7183	公务舱	1690	5	8
FLIGHT	C246	C005	XIY	T3	PVG	T2	2026-06-21T17:20:00	2026-06-21T20:00:00	海南航空	HU7190	经济舱	650	25	36
FLIGHT	C246	C005	XIY	T3	PVG	T2	2026-06-21T17:20:00	2026-06-21T20:00:00	海南航空	HU7190	公务舱	1690	7	8
FLIGHT	C246	C005	XIY	T3	SHA	T2	2026-06-21T18:45:00	2026-06-21T21:25:00	海南航空	HU7191	经济舱	650	24	36
FLIGHT	C246	C005	XIY	T3	SHA	T2	2026-06-21T18:45:00	2026-06-21T21:25:00	海南航空	HU7191	公务舱	1690	6	8
FLIGHT	C246	C005	XIY	T3	PVG	T2	2026-06-21T20:10:00	2026-06-21T22:50:00	海南航空	HU7192	经济舱	650	23	36
FLIGHT	C246	C005	XIY	T3	PVG	T2	2026-06-21T20:10:00	2026-06-21T22:50:00	海南航空	HU7192	公务舱	1690	5	8
FLIGHT	C246	C005	XIY	T3	SHA	T2	2026-06-21T21:35:00	2026-06-22T00:15:00	海南航空	HU7193	经济舱	650	22	36
FLIGHT	C246	C005	XIY	T3	SHA	T2	2026-06-21T21:35:00	2026-06-22T00:15:00	海南航空	HU7193	公务舱	1690	8	8
FLIGHT	C039	C272	PEK	T3	CKG	T3	2026-06-21T17:20:00	2026-06-21T20:10:00	中国国航	CA7200	经济舱	680	24	36
FLIGHT	C039	C272	PEK	T3	CKG	T3	2026-06-21T17:20:00	2026-06-21T20:10:00	中国国航	CA7200	公务舱	1770	6	8
FLIGHT	C039	C272	PKX	T2	CKG	T3	2026-06-21T18:45:00	2026-06-21T21:35:00	中国国航	CA7201	经济舱	680	23	36
FLIGHT	C039	C272	PKX	T2	CKG	T3	2026-06-21T18:45:00	2026-06-21T21:35:00	中国国航	CA7201	公务舱	1770	5	8
FLIGHT	C039	C272	PEK	T3	CKG	T3	2026-06-21T20:10:00	2026-06-21T23:00:00	中国国航	CA7202	经济舱	680	22	36
FLIGHT	C039	C272	PEK	T3	CKG	T3	2026-06-21T20:10:00	2026-06-21T23:00:00	中国国航	CA7202	公务舱	1770	8	8
FLIGHT	C039	C272	PKX	T2	CKG	T3	2026-06-21T21:35:00	2026-06-22T00:25:00	中国国航	CA7203	经济舱	680	21	36
FLIGHT	C039	C272	PKX	T2	CKG	T3	2026-06-21T21:35:00	2026-06-22T00:25:00	中国国航	CA7203	公务舱	1770	7	8
FLIGHT	C272	C039	CKG	T3	PKX	T2	2026-06-21T17:20:00	2026-06-21T20:10:00	四川航空	3U7210	经济舱	680	23	36
FLIGHT	C272	C039	CKG	T3	PKX	T2	2026-06-21T17:20:00	2026-06-21T20:10:00	四川航空	3U7210	公务舱	1770	5	8
FLIGHT	C272	C039	CKG	T3	PEK	T3	2026-06-21T18:45:00	2026-06-21T21:35:00	四川航空	3U7211	经济舱	680	22	36
FLIGHT	C272	C039	CKG	T3	PEK	T3	2026-06-21T18:45:00	2026-06-21T21:35:00	四川航空	3U7211	公务舱	1770	8	8
FLIGHT	C272	C039	CKG	T3	PKX	T2	2026-06-21T20:10:00	2026-06-21T23:00:00	四川航空	3U7212	经济舱	680	21	36
FLIGHT	C272	C039	CKG	T3	PKX	T2	2026-06-21T20:10:00	2026-06-21T23:00:00	四川航空	3U7212	公务舱	1770	7	8
FLIGHT	C272	C039	CKG	T3	PEK	T3	2026-06-21T21:35:00	2026-06-22T00:25:00	四川航空	3U7213	经济舱	680	20	36
FLIGHT	C272	C039	CKG	T3	PEK	T3	2026-06-21T21:35:00	2026-06-22T00:25:00	四川航空	3U7213	公务舱	1770	6	8
FLIGHT	C039	C005	PKX	T2	SHA	T2	2026-06-22T17:20:00	2026-06-22T19:45:00	中国国航	CA7000	经济舱	520	25	36
FLIGHT	C039	C005	PKX	T2	SHA	T2	2026-06-22T17:20:00	2026-06-22T19:45:00	中国国航	CA7000	公务舱	1350	5	8
FLIGHT	C039	C005	PEK	T3	PVG	T2	2026-06-22T18:45:00	2026-06-22T21:10:00	中国国航	CA7001	经济舱	520	24	36
FLIGHT	C039	C005	PEK	T3	PVG	T2	2026-06-22T18:45:00	2026-06-22T21:10:00	中国国航	CA7001	公务舱	1350	8	8
FLIGHT	C039	C005	PKX	T2	SHA	T2	2026-06-22T20:10:00	2026-06-22T22:35:00	中国国航	CA7002	经济舱	520	23	36
FLIGHT	C039	C005	PKX	T2	SHA	T2	2026-06-22T20:10:00	2026-06-22T22:35:00	中国国航	CA7002	公务舱	1350	7	8
FLIGHT	C039	C005	PEK	T3	PVG	T2	2026-06-22T21:35:00	2026-06-23T00:00:00	中国国航	CA7003	经济舱	520	22	36
FLIGHT	C039	C005	PEK	T3	PVG	T2	2026-06-22T21:35:00	2026-06-23T00:00:00	中国国航	CA7003	公务舱	1350	6	8
FLIGHT	C005	C039	PVG	T2	PEK	T3	2026-06-22T17:20:00	2026-06-22T19:45:00	东方航空	MU7010	经济舱	520	24	36
FLIGHT	C005	C039	PVG	T2	PEK	T3	2026-06-22T17:20:00	2026-06-22T19:45:00	东方航空	MU7010	公务舱	1350	8	8
FLIGHT	C005	C039	SHA	T2	PKX	T2	2026-06-22T18:45:00	2026-06-22T21:10:00	东方航空	MU7011	经济舱	520	23	36
FLIGHT	C005	C039	SHA	T2	PKX	T2	2026-06-22T18:45:00	2026-06-22T21:10:00	东方航空	MU7011	公务舱	1350	7	8
FLIGHT	C005	C039	PVG	T2	PEK	T3	2026-06-22T20:10:00	2026-06-22T22:35:00	东方航空	MU7012	经济舱	520	22	36
FLIGHT	C005	C039	PVG	T2	PEK	T3	2026-06-22T20:10:00	2026-06-22T22:35:00	东方航空	MU7012	公务舱	1350	6	8
FLIGHT	C005	C039	SHA	T2	PKX	T2	2026-06-22T21:35:00	2026-06-23T00:00:00	东方航空	MU7013	经济舱	520	21	36
FLIGHT	C005	C039	SHA	T2	PKX	T2	2026-06-22T21:35:00	2026-06-23T00:00:00	东方航空	MU7013	公务舱	1350	5	8
FLIGHT	C039	C112	PKX	T2	CAN	T2	2026-06-22T17:20:00	2026-06-22T20:35:00	中国国航	CA7020	经济舱	720	23	36
FLIGHT	C039	C112	PKX	T2	CAN	T2	2026-06-22T17:20:00	2026-06-22T20:35:00	中国国航	CA7020	公务舱	1870	7	8
FLIGHT	C039	C112	PEK	T3	CAN	T2	2026-06-22T18:45:00	2026-06-22T22:00:00	中国国航	CA7021	经济舱	720	22	36
FLIGHT	C039	C112	PEK	T3	CAN	T2	2026-06-22T18:45:00	2026-06-22T22:00:00	中国国航	CA7021	公务舱	1870	6	8
FLIGHT	C039	C112	PKX	T2	CAN	T2	2026-06-22T20:10:00	2026-06-22T23:25:00	中国国航	CA7022	经济舱	720	21	36
FLIGHT	C039	C112	PKX	T2	CAN	T2	2026-06-22T20:10:00	2026-06-22T23:25:00	中国国航	CA7022	公务舱	1870	5	8
FLIGHT	C039	C112	PEK	T3	CAN	T2	2026-06-22T21:35:00	2026-06-23T00:50:00	中国国航	CA7023	经济舱	720	20	36
FLIGHT	C039	C112	PEK	T3	CAN	T2	2026-06-22T21:35:00	2026-06-23T00:50:00	中国国航	CA7023	公务舱	1870	8	8
FLIGHT	C112	C039	CAN	T2	PEK	T3	2026-06-22T17:20:00	2026-06-22T20:35:00	南方航空	CZ7030	经济舱	720	22	36
FLIGHT	C112	C039	CAN	T2	PEK	T3	2026-06-22T17:20:00	2026-06-22T20:35:00	南方航空	CZ7030	公务舱	1870	6	8
FLIGHT	C112	C039	CAN	T2	PKX	T2	2026-06-22T18:45:00	2026-06-22T22:00:00	南方航空	CZ7031	经济舱	720	21	36
FLIGHT	C112	C039	CAN	T2	PKX	T2	2026-06-22T18:45:00	2026-06-22T22:00:00	南方航空	CZ7031	公务舱	1870	5	8
FLIGHT	C112	C039	CAN	T2	PEK	T3	2026-06-22T20:10:00	2026-06-22T23:25:00	南方航空	CZ7032	经济舱	720	20	36
FLIGHT	C112	C039	CAN	T2	PEK	T3	2026-06-22T20:10:00	2026-06-22T23:25:00	南方航空	CZ7032	公务舱	1870	8	8
FLIGHT	C112	C039	CAN	T2	PKX	T2	2026-06-22T21:35:00	2026-06-23T00:50:00	南方航空	CZ7033	经济舱	720	19	36
FLIGHT	C112	C039	CAN	T2	PKX	T2	2026-06-22T21:35:00	2026-06-23T00:50:00	南方航空	CZ7033	公务舱	1870	7	8
FLIGHT	C039	C190	PKX	T2	SZX	T3	2026-06-22T17:20:00	2026-06-22T20:45:00	中国国航	CA7040	经济舱	760	21	36
FLIGHT	C039	C190	PKX	T2	SZX	T3	2026-06-22T17:20:00	2026-06-22T20:45:00	中国国航	CA7040	公务舱	1980	5	8
FLIGHT	C039	C190	PEK	T3	SZX	T3	2026-06-22T18:45:00	2026-06-22T22:10:00	中国国航	CA7041	经济舱	760	20	36
FLIGHT	C039	C190	PEK	T3	SZX	T3	2026-06-22T18:45:00	2026-06-22T22:10:00	中国国航	CA7041	公务舱	1980	8	8
FLIGHT	C039	C190	PKX	T2	SZX	T3	2026-06-22T20:10:00	2026-06-22T23:35:00	中国国航	CA7042	经济舱	760	19	36
FLIGHT	C039	C190	PKX	T2	SZX	T3	2026-06-22T20:10:00	2026-06-22T23:35:00	中国国航	CA7042	公务舱	1980	7	8
FLIGHT	C039	C190	PEK	T3	SZX	T3	2026-06-22T21:35:00	2026-06-23T01:00:00	中国国航	CA7043	经济舱	760	36	36
FLIGHT	C039	C190	PEK	T3	SZX	T3	2026-06-22T21:35:00	2026-06-23T01:00:00	中国国航	CA7043	公务舱	1980	6	8
FLIGHT	C190	C039	SZX	T3	PEK	T3	2026-06-22T17:20:00	2026-06-22T20:45:00	深圳航空	ZH7050	经济舱	760	20	36
FLIGHT	C190	C039	SZX	T3	PEK	T3	2026-06-22T17:20:00	2026-06-22T20:45:00	深圳航空	ZH7050	公务舱	1980	8	8
FLIGHT	C190	C039	SZX	T3	PKX	T2	2026-06-22T18:45:00	2026-06-22T22:10:00	深圳航空	ZH7051	经济舱	760	19	36
FLIGHT	C190	C039	SZX	T3	PKX	T2	2026-06-22T18:45:00	2026-06-22T22:10:00	深圳航空	ZH7051	公务舱	1980	7	8
FLIGHT	C190	C039	SZX	T3	PEK	T3	2026-06-22T20:10:00	2026-06-22T23:35:00	深圳航空	ZH7052	经济舱	760	36	36
FLIGHT	C190	C039	SZX	T3	PEK	T3	2026-06-22T20:10:00	2026-06-22T23:35:00	深圳航空	ZH7052	公务舱	1980	6	8
FLIGHT	C190	C039	SZX	T3	PKX	T2	2026-06-22T21:35:00	2026-06-23T01:00:00	深圳航空	ZH7053	经济舱	760	35	36
FLIGHT	C190	C039	SZX	T3	PKX	T2	2026-06-22T21:35:00	2026-06-23T01:00:00	深圳航空	ZH7053	公务舱	1980	5	8
FLIGHT	C005	C112	PVG	T2	CAN	T2	2026-06-22T17:20:00	2026-06-22T19:55:00	东方航空	MU7060	经济舱	610	19	36
FLIGHT	C005	C112	PVG	T2	CAN	T2	2026-06-22T17:20:00	2026-06-22T19:55:00	东方航空	MU7060	公务舱	1590	7	8
FLIGHT	C005	C112	SHA	T2	CAN	T2	2026-06-22T18:45:00	2026-06-22T21:20:00	东方航空	MU7061	经济舱	610	36	36
FLIGHT	C005	C112	SHA	T2	CAN	T2	2026-06-22T18:45:00	2026-06-22T21:20:00	东方航空	MU7061	公务舱	1590	6	8
FLIGHT	C005	C112	PVG	T2	CAN	T2	2026-06-22T20:10:00	2026-06-22T22:45:00	东方航空	MU7062	经济舱	610	35	36
FLIGHT	C005	C112	PVG	T2	CAN	T2	2026-06-22T20:10:00	2026-06-22T22:45:00	东方航空	MU7062	公务舱	1590	5	8
FLIGHT	C005	C112	SHA	T2	CAN	T2	2026-06-22T21:35:00	2026-06-23T00:10:00	东方航空	MU7063	经济舱	610	34	36
FLIGHT	C005	C112	SHA	T2	CAN	T2	2026-06-22T21:35:00	2026-06-23T00:10:00	东方航空	MU7063	公务舱	1590	8	8
FLIGHT	C112	C005	CAN	T2	SHA	T2	2026-06-22T17:20:00	2026-06-22T19:55:00	南方航空	CZ7070	经济舱	610	36	36
FLIGHT	C112	C005	CAN	T2	SHA	T2	2026-06-22T17:20:00	2026-06-22T19:55:00	南方航空	CZ7070	公务舱	1590	6	8
FLIGHT	C112	C005	CAN	T2	PVG	T2	2026-06-22T18:45:00	2026-06-22T21:20:00	南方航空	CZ7071	经济舱	610	35	36
FLIGHT	C112	C005	CAN	T2	PVG	T2	2026-06-22T18:45:00	2026-06-22T21:20:00	南方航空	CZ7071	公务舱	1590	5	8
FLIGHT	C112	C005	CAN	T2	SHA	T2	2026-06-22T20:10:00	2026-06-22T22:45:00	南方航空	CZ7072	经济舱	610	34	36
FLIGHT	C112	C005	CAN	T2	SHA	T2	2026-06-22T20:10:00	2026-06-22T22:45:00	南方航空	CZ7072	公务舱	1590	8	8
FLIGHT	C112	C005	CAN	T2	PVG	T2	2026-06-22T21:35:00	2026-06-23T00:10:00	南方航空	CZ7073	经济舱	610	33	36
FLIGHT	C112	C005	CAN	T2	PVG	T2	2026-06-22T21:35:00	2026-06-23T00:10:00	南方航空	CZ7073	公务舱	1590	7	8
FLIGHT	C005	C190	PVG	T2	SZX	T3	2026-06-22T17:20:00	2026-06-22T19:55:00	东方航空	MU7080	经济舱	640	35	36
FLIGHT	C005	C190	PVG	T2	SZX	T3	2026-06-22T17:20:00	2026-06-22T19:55:00	东方航空	MU7080	公务舱	1660	5	8
FLIGHT	C005	C190	SHA	T2	SZX	T3	2026-06-22T18:45:00	2026-06-22T21:20:00	东方航空	MU7081	经济舱	640	34	36
FLIGHT	C005	C190	SHA	T2	SZX	T3	2026-06-22T18:45:00	2026-06-22T21:20:00	东方航空	MU7081	公务舱	1660	8	8
FLIGHT	C005	C190	PVG	T2	SZX	T3	2026-06-22T20:10:00	2026-06-22T22:45:00	东方航空	MU7082	经济舱	640	33	36
FLIGHT	C005	C190	PVG	T2	SZX	T3	2026-06-22T20:10:00	2026-06-22T22:45:00	东方航空	MU7082	公务舱	1660	7	8
FLIGHT	C005	C190	SHA	T2	SZX	T3	2026-06-22T21:35:00	2026-06-23T00:10:00	东方航空	MU7083	经济舱	640	32	36
FLIGHT	C005	C190	SHA	T2	SZX	T3	2026-06-22T21:35:00	2026-06-23T00:10:00	东方航空	MU7083	公务舱	1660	6	8
FLIGHT	C190	C005	SZX	T3	SHA	T2	2026-06-22T17:20:00	2026-06-22T19:55:00	深圳航空	ZH7090	经济舱	640	34	36
FLIGHT	C190	C005	SZX	T3	SHA	T2	2026-06-22T17:20:00	2026-06-22T19:55:00	深圳航空	ZH7090	公务舱	1660	8	8
FLIGHT	C190	C005	SZX	T3	PVG	T2	2026-06-22T18:45:00	2026-06-22T21:20:00	深圳航空	ZH7091	经济舱	640	33	36
FLIGHT	C190	C005	SZX	T3	PVG	T2	2026-06-22T18:45:00	2026-06-22T21:20:00	深圳航空	ZH7091	公务舱	1660	7	8
FLIGHT	C190	C005	SZX	T3	SHA	T2	2026-06-22T20:10:00	2026-06-22T22:45:00	深圳航空	ZH7092	经济舱	640	32	36
FLIGHT	C190	C005	SZX	T3	SHA	T2	2026-06-22T20:10:00	2026-06-22T22:45:00	深圳航空	ZH7092	公务舱	1660	6	8
FLIGHT	C190	C005	SZX	T3	PVG	T2	2026-06-22T21:35:00	2026-06-23T00:10:00	深圳航空	ZH7093	经济舱	640	31	36
FLIGHT	C190	C005	SZX	T3	PVG	T2	2026-06-22T21:35:00	2026-06-23T00:10:00	深圳航空	ZH7093	公务舱	1660	5	8
FLIGHT	C039	C128	PKX	T2	CTU	T2	2026-06-22T17:20:00	2026-06-22T20:20:00	中国国航	CA7100	经济舱	690	33	36
FLIGHT	C039	C128	PKX	T2	CTU	T2	2026-06-22T17:20:00	2026-06-22T20:20:00	中国国航	CA7100	公务舱	1790	7	8
FLIGHT	C039	C128	PEK	T3	TFU	T2	2026-06-22T18:45:00	2026-06-22T21:45:00	中国国航	CA7101	经济舱	690	32	36
FLIGHT	C039	C128	PEK	T3	TFU	T2	2026-06-22T18:45:00	2026-06-22T21:45:00	中国国航	CA7101	公务舱	1790	6	8
FLIGHT	C039	C128	PKX	T2	CTU	T2	2026-06-22T20:10:00	2026-06-22T23:10:00	中国国航	CA7102	经济舱	690	31	36
FLIGHT	C039	C128	PKX	T2	CTU	T2	2026-06-22T20:10:00	2026-06-22T23:10:00	中国国航	CA7102	公务舱	1790	5	8
FLIGHT	C039	C128	PEK	T3	TFU	T2	2026-06-22T21:35:00	2026-06-23T00:35:00	中国国航	CA7103	经济舱	690	30	36
FLIGHT	C039	C128	PEK	T3	TFU	T2	2026-06-22T21:35:00	2026-06-23T00:35:00	中国国航	CA7103	公务舱	1790	8	8
FLIGHT	C128	C039	TFU	T2	PEK	T3	2026-06-22T17:20:00	2026-06-22T20:20:00	四川航空	3U7110	经济舱	690	32	36
FLIGHT	C128	C039	TFU	T2	PEK	T3	2026-06-22T17:20:00	2026-06-22T20:20:00	四川航空	3U7110	公务舱	1790	6	8
FLIGHT	C128	C039	CTU	T2	PKX	T2	2026-06-22T18:45:00	2026-06-22T21:45:00	四川航空	3U7111	经济舱	690	31	36
FLIGHT	C128	C039	CTU	T2	PKX	T2	2026-06-22T18:45:00	2026-06-22T21:45:00	四川航空	3U7111	公务舱	1790	5	8
FLIGHT	C128	C039	TFU	T2	PEK	T3	2026-06-22T20:10:00	2026-06-22T23:10:00	四川航空	3U7112	经济舱	690	30	36
FLIGHT	C128	C039	TFU	T2	PEK	T3	2026-06-22T20:10:00	2026-06-22T23:10:00	四川航空	3U7112	公务舱	1790	8	8
FLIGHT	C128	C039	CTU	T2	PKX	T2	2026-06-22T21:35:00	2026-06-23T00:35:00	四川航空	3U7113	经济舱	690	29	36
FLIGHT	C128	C039	CTU	T2	PKX	T2	2026-06-22T21:35:00	2026-06-23T00:35:00	四川航空	3U7113	公务舱	1790	7	8
FLIGHT	C005	C128	PVG	T2	CTU	T2	2026-06-22T17:20:00	2026-06-22T20:30:00	东方航空	MU7120	经济舱	720	31	36
FLIGHT	C005	C128	PVG	T2	CTU	T2	2026-06-22T17:20:00	2026-06-22T20:30:00	东方航空	MU7120	公务舱	1870	5	8
FLIGHT	C005	C128	SHA	T2	TFU	T2	2026-06-22T18:45:00	2026-06-22T21:55:00	东方航空	MU7121	经济舱	720	30	36
FLIGHT	C005	C128	SHA	T2	TFU	T2	2026-06-22T18:45:00	2026-06-22T21:55:00	东方航空	MU7121	公务舱	1870	8	8
FLIGHT	C005	C128	PVG	T2	CTU	T2	2026-06-22T20:10:00	2026-06-22T23:20:00	东方航空	MU7122	经济舱	720	29	36
FLIGHT	C005	C128	PVG	T2	CTU	T2	2026-06-22T20:10:00	2026-06-22T23:20:00	东方航空	MU7122	公务舱	1870	7	8
FLIGHT	C005	C128	SHA	T2	TFU	T2	2026-06-22T21:35:00	2026-06-23T00:45:00	东方航空	MU7123	经济舱	720	28	36
FLIGHT	C005	C128	SHA	T2	TFU	T2	2026-06-22T21:35:00	2026-06-23T00:45:00	东方航空	MU7123	公务舱	1870	6	8
FLIGHT	C128	C005	TFU	T2	SHA	T2	2026-06-22T17:20:00	2026-06-22T20:30:00	四川航空	3U7130	经济舱	720	30	36
FLIGHT	C128	C005	TFU	T2	SHA	T2	2026-06-22T17:20:00	2026-06-22T20:30:00	四川航空	3U7130	公务舱	1870	8	8
FLIGHT	C128	C005	CTU	T2	PVG	T2	2026-06-22T18:45:00	2026-06-22T21:55:00	四川航空	3U7131	经济舱	720	29	36
FLIGHT	C128	C005	CTU	T2	PVG	T2	2026-06-22T18:45:00	2026-06-22T21:55:00	四川航空	3U7131	公务舱	1870	7	8
FLIGHT	C128	C005	TFU	T2	SHA	T2	2026-06-22T20:10:00	2026-06-22T23:20:00	四川航空	3U7132	经济舱	720	28	36
FLIGHT	C128	C005	TFU	T2	SHA	T2	2026-06-22T20:10:00	2026-06-22T23:20:00	四川航空	3U7132	公务舱	1870	6	8
FLIGHT	C128	C005	CTU	T2	PVG	T2	2026-06-22T21:35:00	2026-06-23T00:45:00	四川航空	3U7133	经济舱	720	27	36
FLIGHT	C128	C005	CTU	T2	PVG	T2	2026-06-22T21:35:00	2026-06-23T00:45:00	四川航空	3U7133	公务舱	1870	5	8
FLIGHT	C112	C128	CAN	T2	CTU	T2	2026-06-22T17:20:00	2026-06-22T19:40:00	南方航空	CZ7140	经济舱	560	29	36
FLIGHT	C112	C128	CAN	T2	CTU	T2	2026-06-22T17:20:00	2026-06-22T19:40:00	南方航空	CZ7140	公务舱	1460	7	8
FLIGHT	C112	C128	CAN	T2	TFU	T2	2026-06-22T18:45:00	2026-06-22T21:05:00	南方航空	CZ7141	经济舱	560	28	36
FLIGHT	C112	C128	CAN	T2	TFU	T2	2026-06-22T18:45:00	2026-06-22T21:05:00	南方航空	CZ7141	公务舱	1460	6	8
FLIGHT	C112	C128	CAN	T2	CTU	T2	2026-06-22T20:10:00	2026-06-22T22:30:00	南方航空	CZ7142	经济舱	560	27	36
FLIGHT	C112	C128	CAN	T2	CTU	T2	2026-06-22T20:10:00	2026-06-22T22:30:00	南方航空	CZ7142	公务舱	1460	5	8
FLIGHT	C112	C128	CAN	T2	TFU	T2	2026-06-22T21:35:00	2026-06-22T23:55:00	南方航空	CZ7143	经济舱	560	26	36
FLIGHT	C112	C128	CAN	T2	TFU	T2	2026-06-22T21:35:00	2026-06-22T23:55:00	南方航空	CZ7143	公务舱	1460	8	8
FLIGHT	C128	C112	TFU	T2	CAN	T2	2026-06-22T17:20:00	2026-06-22T19:40:00	四川航空	3U7150	经济舱	560	28	36
FLIGHT	C128	C112	TFU	T2	CAN	T2	2026-06-22T17:20:00	2026-06-22T19:40:00	四川航空	3U7150	公务舱	1460	6	8
FLIGHT	C128	C112	CTU	T2	CAN	T2	2026-06-22T18:45:00	2026-06-22T21:05:00	四川航空	3U7151	经济舱	560	27	36
FLIGHT	C128	C112	CTU	T2	CAN	T2	2026-06-22T18:45:00	2026-06-22T21:05:00	四川航空	3U7151	公务舱	1460	5	8
FLIGHT	C128	C112	TFU	T2	CAN	T2	2026-06-22T20:10:00	2026-06-22T22:30:00	四川航空	3U7152	经济舱	560	26	36
FLIGHT	C128	C112	TFU	T2	CAN	T2	2026-06-22T20:10:00	2026-06-22T22:30:00	四川航空	3U7152	公务舱	1460	8	8
FLIGHT	C128	C112	CTU	T2	CAN	T2	2026-06-22T21:35:00	2026-06-22T23:55:00	四川航空	3U7153	经济舱	560	25	36
FLIGHT	C128	C112	CTU	T2	CAN	T2	2026-06-22T21:35:00	2026-06-22T23:55:00	四川航空	3U7153	公务舱	1460	7	8
FLIGHT	C039	C153	PKX	T2	HGH	T4	2026-06-22T17:20:00	2026-06-22T19:30:00	中国国航	CA7160	经济舱	480	27	36
FLIGHT	C039	C153	PKX	T2	HGH	T4	2026-06-22T17:20:00	2026-06-22T19:30:00	中国国航	CA7160	公务舱	1250	5	8
FLIGHT	C039	C153	PEK	T3	HGH	T4	2026-06-22T18:45:00	2026-06-22T20:55:00	中国国航	CA7161	经济舱	480	26	36
FLIGHT	C039	C153	PEK	T3	HGH	T4	2026-06-22T18:45:00	2026-06-22T20:55:00	中国国航	CA7161	公务舱	1250	8	8
FLIGHT	C039	C153	PKX	T2	HGH	T4	2026-06-22T20:10:00	2026-06-22T22:20:00	中国国航	CA7162	经济舱	480	25	36
FLIGHT	C039	C153	PKX	T2	HGH	T4	2026-06-22T20:10:00	2026-06-22T22:20:00	中国国航	CA7162	公务舱	1250	7	8
FLIGHT	C039	C153	PEK	T3	HGH	T4	2026-06-22T21:35:00	2026-06-22T23:45:00	中国国航	CA7163	经济舱	480	24	36
FLIGHT	C039	C153	PEK	T3	HGH	T4	2026-06-22T21:35:00	2026-06-22T23:45:00	中国国航	CA7163	公务舱	1250	6	8
FLIGHT	C153	C039	HGH	T4	PEK	T3	2026-06-22T17:20:00	2026-06-22T19:30:00	海南航空	HU7170	经济舱	480	26	36
FLIGHT	C153	C039	HGH	T4	PEK	T3	2026-06-22T17:20:00	2026-06-22T19:30:00	海南航空	HU7170	公务舱	1250	8	8
FLIGHT	C153	C039	HGH	T4	PKX	T2	2026-06-22T18:45:00	2026-06-22T20:55:00	海南航空	HU7171	经济舱	480	25	36
FLIGHT	C153	C039	HGH	T4	PKX	T2	2026-06-22T18:45:00	2026-06-22T20:55:00	海南航空	HU7171	公务舱	1250	7	8
FLIGHT	C153	C039	HGH	T4	PEK	T3	2026-06-22T20:10:00	2026-06-22T22:20:00	海南航空	HU7172	经济舱	480	24	36
FLIGHT	C153	C039	HGH	T4	PEK	T3	2026-06-22T20:10:00	2026-06-22T22:20:00	海南航空	HU7172	公务舱	1250	6	8
FLIGHT	C153	C039	HGH	T4	PKX	T2	2026-06-22T21:35:00	2026-06-22T23:45:00	海南航空	HU7173	经济舱	480	23	36
FLIGHT	C153	C039	HGH	T4	PKX	T2	2026-06-22T21:35:00	2026-06-22T23:45:00	海南航空	HU7173	公务舱	1250	5	8
FLIGHT	C005	C246	PVG	T2	XIY	T3	2026-06-22T17:20:00	2026-06-22T20:00:00	东方航空	MU7180	经济舱	650	25	36
FLIGHT	C005	C246	PVG	T2	XIY	T3	2026-06-22T17:20:00	2026-06-22T20:00:00	东方航空	MU7180	公务舱	1690	7	8
FLIGHT	C005	C246	SHA	T2	XIY	T3	2026-06-22T18:45:00	2026-06-22T21:25:00	东方航空	MU7181	经济舱	650	24	36
FLIGHT	C005	C246	SHA	T2	XIY	T3	2026-06-22T18:45:00	2026-06-22T21:25:00	东方航空	MU7181	公务舱	1690	6	8
FLIGHT	C005	C246	PVG	T2	XIY	T3	2026-06-22T20:10:00	2026-06-22T22:50:00	东方航空	MU7182	经济舱	650	23	36
FLIGHT	C005	C246	PVG	T2	XIY	T3	2026-06-22T20:10:00	2026-06-22T22:50:00	东方航空	MU7182	公务舱	1690	5	8
FLIGHT	C005	C246	SHA	T2	XIY	T3	2026-06-22T21:35:00	2026-06-23T00:15:00	东方航空	MU7183	经济舱	650	22	36
FLIGHT	C005	C246	SHA	T2	XIY	T3	2026-06-22T21:35:00	2026-06-23T00:15:00	东方航空	MU7183	公务舱	1690	8	8
FLIGHT	C246	C005	XIY	T3	SHA	T2	2026-06-22T17:20:00	2026-06-22T20:00:00	海南航空	HU7190	经济舱	650	24	36
FLIGHT	C246	C005	XIY	T3	SHA	T2	2026-06-22T17:20:00	2026-06-22T20:00:00	海南航空	HU7190	公务舱	1690	6	8
FLIGHT	C246	C005	XIY	T3	PVG	T2	2026-06-22T18:45:00	2026-06-22T21:25:00	海南航空	HU7191	经济舱	650	23	36
FLIGHT	C246	C005	XIY	T3	PVG	T2	2026-06-22T18:45:00	2026-06-22T21:25:00	海南航空	HU7191	公务舱	1690	5	8
FLIGHT	C246	C005	XIY	T3	SHA	T2	2026-06-22T20:10:00	2026-06-22T22:50:00	海南航空	HU7192	经济舱	650	22	36
FLIGHT	C246	C005	XIY	T3	SHA	T2	2026-06-22T20:10:00	2026-06-22T22:50:00	海南航空	HU7192	公务舱	1690	8	8
FLIGHT	C246	C005	XIY	T3	PVG	T2	2026-06-22T21:35:00	2026-06-23T00:15:00	海南航空	HU7193	经济舱	650	21	36
FLIGHT	C246	C005	XIY	T3	PVG	T2	2026-06-22T21:35:00	2026-06-23T00:15:00	海南航空	HU7193	公务舱	1690	7	8
FLIGHT	C039	C272	PKX	T2	CKG	T3	2026-06-22T17:20:00	2026-06-22T20:10:00	中国国航	CA7200	经济舱	680	23	36
FLIGHT	C039	C272	PKX	T2	CKG	T3	2026-06-22T17:20:00	2026-06-22T20:10:00	中国国航	CA7200	公务舱	1770	5	8
FLIGHT	C039	C272	PEK	T3	CKG	T3	2026-06-22T18:45:00	2026-06-22T21:35:00	中国国航	CA7201	经济舱	680	22	36
FLIGHT	C039	C272	PEK	T3	CKG	T3	2026-06-22T18:45:00	2026-06-22T21:35:00	中国国航	CA7201	公务舱	1770	8	8
FLIGHT	C039	C272	PKX	T2	CKG	T3	2026-06-22T20:10:00	2026-06-22T23:00:00	中国国航	CA7202	经济舱	680	21	36
FLIGHT	C039	C272	PKX	T2	CKG	T3	2026-06-22T20:10:00	2026-06-22T23:00:00	中国国航	CA7202	公务舱	1770	7	8
FLIGHT	C039	C272	PEK	T3	CKG	T3	2026-06-22T21:35:00	2026-06-23T00:25:00	中国国航	CA7203	经济舱	680	20	36
FLIGHT	C039	C272	PEK	T3	CKG	T3	2026-06-22T21:35:00	2026-06-23T00:25:00	中国国航	CA7203	公务舱	1770	6	8
FLIGHT	C272	C039	CKG	T3	PEK	T3	2026-06-22T17:20:00	2026-06-22T20:10:00	四川航空	3U7210	经济舱	680	22	36
FLIGHT	C272	C039	CKG	T3	PEK	T3	2026-06-22T17:20:00	2026-06-22T20:10:00	四川航空	3U7210	公务舱	1770	8	8
FLIGHT	C272	C039	CKG	T3	PKX	T2	2026-06-22T18:45:00	2026-06-22T21:35:00	四川航空	3U7211	经济舱	680	21	36
FLIGHT	C272	C039	CKG	T3	PKX	T2	2026-06-22T18:45:00	2026-06-22T21:35:00	四川航空	3U7211	公务舱	1770	7	8
FLIGHT	C272	C039	CKG	T3	PEK	T3	2026-06-22T20:10:00	2026-06-22T23:00:00	四川航空	3U7212	经济舱	680	20	36
FLIGHT	C272	C039	CKG	T3	PEK	T3	2026-06-22T20:10:00	2026-06-22T23:00:00	四川航空	3U7212	公务舱	1770	6	8
FLIGHT	C272	C039	CKG	T3	PKX	T2	2026-06-22T21:35:00	2026-06-23T00:25:00	四川航空	3U7213	经济舱	680	19	36
FLIGHT	C272	C039	CKG	T3	PKX	T2	2026-06-22T21:35:00	2026-06-23T00:25:00	四川航空	3U7213	公务舱	1770	5	8
FLIGHT	C039	C005	PEK	T3	PVG	T2	2026-06-23T17:20:00	2026-06-23T19:45:00	中国国航	CA7000	经济舱	520	24	36
FLIGHT	C039	C005	PEK	T3	PVG	T2	2026-06-23T17:20:00	2026-06-23T19:45:00	中国国航	CA7000	公务舱	1350	8	8
FLIGHT	C039	C005	PKX	T2	SHA	T2	2026-06-23T18:45:00	2026-06-23T21:10:00	中国国航	CA7001	经济舱	520	23	36
FLIGHT	C039	C005	PKX	T2	SHA	T2	2026-06-23T18:45:00	2026-06-23T21:10:00	中国国航	CA7001	公务舱	1350	7	8
FLIGHT	C039	C005	PEK	T3	PVG	T2	2026-06-23T20:10:00	2026-06-23T22:35:00	中国国航	CA7002	经济舱	520	22	36
FLIGHT	C039	C005	PEK	T3	PVG	T2	2026-06-23T20:10:00	2026-06-23T22:35:00	中国国航	CA7002	公务舱	1350	6	8
FLIGHT	C039	C005	PKX	T2	SHA	T2	2026-06-23T21:35:00	2026-06-24T00:00:00	中国国航	CA7003	经济舱	520	21	36
FLIGHT	C039	C005	PKX	T2	SHA	T2	2026-06-23T21:35:00	2026-06-24T00:00:00	中国国航	CA7003	公务舱	1350	5	8
FLIGHT	C005	C039	SHA	T2	PKX	T2	2026-06-23T17:20:00	2026-06-23T19:45:00	东方航空	MU7010	经济舱	520	23	36
FLIGHT	C005	C039	SHA	T2	PKX	T2	2026-06-23T17:20:00	2026-06-23T19:45:00	东方航空	MU7010	公务舱	1350	7	8
FLIGHT	C005	C039	PVG	T2	PEK	T3	2026-06-23T18:45:00	2026-06-23T21:10:00	东方航空	MU7011	经济舱	520	22	36
FLIGHT	C005	C039	PVG	T2	PEK	T3	2026-06-23T18:45:00	2026-06-23T21:10:00	东方航空	MU7011	公务舱	1350	6	8
FLIGHT	C005	C039	SHA	T2	PKX	T2	2026-06-23T20:10:00	2026-06-23T22:35:00	东方航空	MU7012	经济舱	520	21	36
FLIGHT	C005	C039	SHA	T2	PKX	T2	2026-06-23T20:10:00	2026-06-23T22:35:00	东方航空	MU7012	公务舱	1350	5	8
FLIGHT	C005	C039	PVG	T2	PEK	T3	2026-06-23T21:35:00	2026-06-24T00:00:00	东方航空	MU7013	经济舱	520	20	36
FLIGHT	C005	C039	PVG	T2	PEK	T3	2026-06-23T21:35:00	2026-06-24T00:00:00	东方航空	MU7013	公务舱	1350	8	8
FLIGHT	C039	C112	PEK	T3	CAN	T2	2026-06-23T17:20:00	2026-06-23T20:35:00	中国国航	CA7020	经济舱	720	22	36
FLIGHT	C039	C112	PEK	T3	CAN	T2	2026-06-23T17:20:00	2026-06-23T20:35:00	中国国航	CA7020	公务舱	1870	6	8
FLIGHT	C039	C112	PKX	T2	CAN	T2	2026-06-23T18:45:00	2026-06-23T22:00:00	中国国航	CA7021	经济舱	720	21	36
FLIGHT	C039	C112	PKX	T2	CAN	T2	2026-06-23T18:45:00	2026-06-23T22:00:00	中国国航	CA7021	公务舱	1870	5	8
FLIGHT	C039	C112	PEK	T3	CAN	T2	2026-06-23T20:10:00	2026-06-23T23:25:00	中国国航	CA7022	经济舱	720	20	36
FLIGHT	C039	C112	PEK	T3	CAN	T2	2026-06-23T20:10:00	2026-06-23T23:25:00	中国国航	CA7022	公务舱	1870	8	8
FLIGHT	C039	C112	PKX	T2	CAN	T2	2026-06-23T21:35:00	2026-06-24T00:50:00	中国国航	CA7023	经济舱	720	19	36
FLIGHT	C039	C112	PKX	T2	CAN	T2	2026-06-23T21:35:00	2026-06-24T00:50:00	中国国航	CA7023	公务舱	1870	7	8
FLIGHT	C112	C039	CAN	T2	PKX	T2	2026-06-23T17:20:00	2026-06-23T20:35:00	南方航空	CZ7030	经济舱	720	21	36
FLIGHT	C112	C039	CAN	T2	PKX	T2	2026-06-23T17:20:00	2026-06-23T20:35:00	南方航空	CZ7030	公务舱	1870	5	8
FLIGHT	C112	C039	CAN	T2	PEK	T3	2026-06-23T18:45:00	2026-06-23T22:00:00	南方航空	CZ7031	经济舱	720	20	36
FLIGHT	C112	C039	CAN	T2	PEK	T3	2026-06-23T18:45:00	2026-06-23T22:00:00	南方航空	CZ7031	公务舱	1870	8	8
FLIGHT	C112	C039	CAN	T2	PKX	T2	2026-06-23T20:10:00	2026-06-23T23:25:00	南方航空	CZ7032	经济舱	720	19	36
FLIGHT	C112	C039	CAN	T2	PKX	T2	2026-06-23T20:10:00	2026-06-23T23:25:00	南方航空	CZ7032	公务舱	1870	7	8
FLIGHT	C112	C039	CAN	T2	PEK	T3	2026-06-23T21:35:00	2026-06-24T00:50:00	南方航空	CZ7033	经济舱	720	36	36
FLIGHT	C112	C039	CAN	T2	PEK	T3	2026-06-23T21:35:00	2026-06-24T00:50:00	南方航空	CZ7033	公务舱	1870	6	8
FLIGHT	C039	C190	PEK	T3	SZX	T3	2026-06-23T17:20:00	2026-06-23T20:45:00	中国国航	CA7040	经济舱	760	20	36
FLIGHT	C039	C190	PEK	T3	SZX	T3	2026-06-23T17:20:00	2026-06-23T20:45:00	中国国航	CA7040	公务舱	1980	8	8
FLIGHT	C039	C190	PKX	T2	SZX	T3	2026-06-23T18:45:00	2026-06-23T22:10:00	中国国航	CA7041	经济舱	760	19	36
FLIGHT	C039	C190	PKX	T2	SZX	T3	2026-06-23T18:45:00	2026-06-23T22:10:00	中国国航	CA7041	公务舱	1980	7	8
FLIGHT	C039	C190	PEK	T3	SZX	T3	2026-06-23T20:10:00	2026-06-23T23:35:00	中国国航	CA7042	经济舱	760	36	36
FLIGHT	C039	C190	PEK	T3	SZX	T3	2026-06-23T20:10:00	2026-06-23T23:35:00	中国国航	CA7042	公务舱	1980	6	8
FLIGHT	C039	C190	PKX	T2	SZX	T3	2026-06-23T21:35:00	2026-06-24T01:00:00	中国国航	CA7043	经济舱	760	35	36
FLIGHT	C039	C190	PKX	T2	SZX	T3	2026-06-23T21:35:00	2026-06-24T01:00:00	中国国航	CA7043	公务舱	1980	5	8
FLIGHT	C190	C039	SZX	T3	PKX	T2	2026-06-23T17:20:00	2026-06-23T20:45:00	深圳航空	ZH7050	经济舱	760	19	36
FLIGHT	C190	C039	SZX	T3	PKX	T2	2026-06-23T17:20:00	2026-06-23T20:45:00	深圳航空	ZH7050	公务舱	1980	7	8
FLIGHT	C190	C039	SZX	T3	PEK	T3	2026-06-23T18:45:00	2026-06-23T22:10:00	深圳航空	ZH7051	经济舱	760	36	36
FLIGHT	C190	C039	SZX	T3	PEK	T3	2026-06-23T18:45:00	2026-06-23T22:10:00	深圳航空	ZH7051	公务舱	1980	6	8
FLIGHT	C190	C039	SZX	T3	PKX	T2	2026-06-23T20:10:00	2026-06-23T23:35:00	深圳航空	ZH7052	经济舱	760	35	36
FLIGHT	C190	C039	SZX	T3	PKX	T2	2026-06-23T20:10:00	2026-06-23T23:35:00	深圳航空	ZH7052	公务舱	1980	5	8
FLIGHT	C190	C039	SZX	T3	PEK	T3	2026-06-23T21:35:00	2026-06-24T01:00:00	深圳航空	ZH7053	经济舱	760	34	36
FLIGHT	C190	C039	SZX	T3	PEK	T3	2026-06-23T21:35:00	2026-06-24T01:00:00	深圳航空	ZH7053	公务舱	1980	8	8
FLIGHT	C005	C112	SHA	T2	CAN	T2	2026-06-23T17:20:00	2026-06-23T19:55:00	东方航空	MU7060	经济舱	610	36	36
FLIGHT	C005	C112	SHA	T2	CAN	T2	2026-06-23T17:20:00	2026-06-23T19:55:00	东方航空	MU7060	公务舱	1590	6	8
FLIGHT	C005	C112	PVG	T2	CAN	T2	2026-06-23T18:45:00	2026-06-23T21:20:00	东方航空	MU7061	经济舱	610	35	36
FLIGHT	C005	C112	PVG	T2	CAN	T2	2026-06-23T18:45:00	2026-06-23T21:20:00	东方航空	MU7061	公务舱	1590	5	8
FLIGHT	C005	C112	SHA	T2	CAN	T2	2026-06-23T20:10:00	2026-06-23T22:45:00	东方航空	MU7062	经济舱	610	34	36
FLIGHT	C005	C112	SHA	T2	CAN	T2	2026-06-23T20:10:00	2026-06-23T22:45:00	东方航空	MU7062	公务舱	1590	8	8
FLIGHT	C005	C112	PVG	T2	CAN	T2	2026-06-23T21:35:00	2026-06-24T00:10:00	东方航空	MU7063	经济舱	610	33	36
FLIGHT	C005	C112	PVG	T2	CAN	T2	2026-06-23T21:35:00	2026-06-24T00:10:00	东方航空	MU7063	公务舱	1590	7	8
FLIGHT	C112	C005	CAN	T2	PVG	T2	2026-06-23T17:20:00	2026-06-23T19:55:00	南方航空	CZ7070	经济舱	610	35	36
FLIGHT	C112	C005	CAN	T2	PVG	T2	2026-06-23T17:20:00	2026-06-23T19:55:00	南方航空	CZ7070	公务舱	1590	5	8
FLIGHT	C112	C005	CAN	T2	SHA	T2	2026-06-23T18:45:00	2026-06-23T21:20:00	南方航空	CZ7071	经济舱	610	34	36
FLIGHT	C112	C005	CAN	T2	SHA	T2	2026-06-23T18:45:00	2026-06-23T21:20:00	南方航空	CZ7071	公务舱	1590	8	8
FLIGHT	C112	C005	CAN	T2	PVG	T2	2026-06-23T20:10:00	2026-06-23T22:45:00	南方航空	CZ7072	经济舱	610	33	36
FLIGHT	C112	C005	CAN	T2	PVG	T2	2026-06-23T20:10:00	2026-06-23T22:45:00	南方航空	CZ7072	公务舱	1590	7	8
FLIGHT	C112	C005	CAN	T2	SHA	T2	2026-06-23T21:35:00	2026-06-24T00:10:00	南方航空	CZ7073	经济舱	610	32	36
FLIGHT	C112	C005	CAN	T2	SHA	T2	2026-06-23T21:35:00	2026-06-24T00:10:00	南方航空	CZ7073	公务舱	1590	6	8
FLIGHT	C005	C190	SHA	T2	SZX	T3	2026-06-23T17:20:00	2026-06-23T19:55:00	东方航空	MU7080	经济舱	640	34	36
FLIGHT	C005	C190	SHA	T2	SZX	T3	2026-06-23T17:20:00	2026-06-23T19:55:00	东方航空	MU7080	公务舱	1660	8	8
FLIGHT	C005	C190	PVG	T2	SZX	T3	2026-06-23T18:45:00	2026-06-23T21:20:00	东方航空	MU7081	经济舱	640	33	36
FLIGHT	C005	C190	PVG	T2	SZX	T3	2026-06-23T18:45:00	2026-06-23T21:20:00	东方航空	MU7081	公务舱	1660	7	8
FLIGHT	C005	C190	SHA	T2	SZX	T3	2026-06-23T20:10:00	2026-06-23T22:45:00	东方航空	MU7082	经济舱	640	32	36
FLIGHT	C005	C190	SHA	T2	SZX	T3	2026-06-23T20:10:00	2026-06-23T22:45:00	东方航空	MU7082	公务舱	1660	6	8
FLIGHT	C005	C190	PVG	T2	SZX	T3	2026-06-23T21:35:00	2026-06-24T00:10:00	东方航空	MU7083	经济舱	640	31	36
FLIGHT	C005	C190	PVG	T2	SZX	T3	2026-06-23T21:35:00	2026-06-24T00:10:00	东方航空	MU7083	公务舱	1660	5	8
FLIGHT	C190	C005	SZX	T3	PVG	T2	2026-06-23T17:20:00	2026-06-23T19:55:00	深圳航空	ZH7090	经济舱	640	33	36
FLIGHT	C190	C005	SZX	T3	PVG	T2	2026-06-23T17:20:00	2026-06-23T19:55:00	深圳航空	ZH7090	公务舱	1660	7	8
FLIGHT	C190	C005	SZX	T3	SHA	T2	2026-06-23T18:45:00	2026-06-23T21:20:00	深圳航空	ZH7091	经济舱	640	32	36
FLIGHT	C190	C005	SZX	T3	SHA	T2	2026-06-23T18:45:00	2026-06-23T21:20:00	深圳航空	ZH7091	公务舱	1660	6	8
FLIGHT	C190	C005	SZX	T3	PVG	T2	2026-06-23T20:10:00	2026-06-23T22:45:00	深圳航空	ZH7092	经济舱	640	31	36
FLIGHT	C190	C005	SZX	T3	PVG	T2	2026-06-23T20:10:00	2026-06-23T22:45:00	深圳航空	ZH7092	公务舱	1660	5	8
FLIGHT	C190	C005	SZX	T3	SHA	T2	2026-06-23T21:35:00	2026-06-24T00:10:00	深圳航空	ZH7093	经济舱	640	30	36
FLIGHT	C190	C005	SZX	T3	SHA	T2	2026-06-23T21:35:00	2026-06-24T00:10:00	深圳航空	ZH7093	公务舱	1660	8	8
FLIGHT	C039	C128	PEK	T3	TFU	T2	2026-06-23T17:20:00	2026-06-23T20:20:00	中国国航	CA7100	经济舱	690	32	36
FLIGHT	C039	C128	PEK	T3	TFU	T2	2026-06-23T17:20:00	2026-06-23T20:20:00	中国国航	CA7100	公务舱	1790	6	8
FLIGHT	C039	C128	PKX	T2	CTU	T2	2026-06-23T18:45:00	2026-06-23T21:45:00	中国国航	CA7101	经济舱	690	31	36
FLIGHT	C039	C128	PKX	T2	CTU	T2	2026-06-23T18:45:00	2026-06-23T21:45:00	中国国航	CA7101	公务舱	1790	5	8
FLIGHT	C039	C128	PEK	T3	TFU	T2	2026-06-23T20:10:00	2026-06-23T23:10:00	中国国航	CA7102	经济舱	690	30	36
FLIGHT	C039	C128	PEK	T3	TFU	T2	2026-06-23T20:10:00	2026-06-23T23:10:00	中国国航	CA7102	公务舱	1790	8	8
FLIGHT	C039	C128	PKX	T2	CTU	T2	2026-06-23T21:35:00	2026-06-24T00:35:00	中国国航	CA7103	经济舱	690	29	36
FLIGHT	C039	C128	PKX	T2	CTU	T2	2026-06-23T21:35:00	2026-06-24T00:35:00	中国国航	CA7103	公务舱	1790	7	8
FLIGHT	C128	C039	CTU	T2	PKX	T2	2026-06-23T17:20:00	2026-06-23T20:20:00	四川航空	3U7110	经济舱	690	31	36
FLIGHT	C128	C039	CTU	T2	PKX	T2	2026-06-23T17:20:00	2026-06-23T20:20:00	四川航空	3U7110	公务舱	1790	5	8
FLIGHT	C128	C039	TFU	T2	PEK	T3	2026-06-23T18:45:00	2026-06-23T21:45:00	四川航空	3U7111	经济舱	690	30	36
FLIGHT	C128	C039	TFU	T2	PEK	T3	2026-06-23T18:45:00	2026-06-23T21:45:00	四川航空	3U7111	公务舱	1790	8	8
FLIGHT	C128	C039	CTU	T2	PKX	T2	2026-06-23T20:10:00	2026-06-23T23:10:00	四川航空	3U7112	经济舱	690	29	36
FLIGHT	C128	C039	CTU	T2	PKX	T2	2026-06-23T20:10:00	2026-06-23T23:10:00	四川航空	3U7112	公务舱	1790	7	8
FLIGHT	C128	C039	TFU	T2	PEK	T3	2026-06-23T21:35:00	2026-06-24T00:35:00	四川航空	3U7113	经济舱	690	28	36
FLIGHT	C128	C039	TFU	T2	PEK	T3	2026-06-23T21:35:00	2026-06-24T00:35:00	四川航空	3U7113	公务舱	1790	6	8
FLIGHT	C005	C128	SHA	T2	TFU	T2	2026-06-23T17:20:00	2026-06-23T20:30:00	东方航空	MU7120	经济舱	720	30	36
FLIGHT	C005	C128	SHA	T2	TFU	T2	2026-06-23T17:20:00	2026-06-23T20:30:00	东方航空	MU7120	公务舱	1870	8	8
FLIGHT	C005	C128	PVG	T2	CTU	T2	2026-06-23T18:45:00	2026-06-23T21:55:00	东方航空	MU7121	经济舱	720	29	36
FLIGHT	C005	C128	PVG	T2	CTU	T2	2026-06-23T18:45:00	2026-06-23T21:55:00	东方航空	MU7121	公务舱	1870	7	8
FLIGHT	C005	C128	SHA	T2	TFU	T2	2026-06-23T20:10:00	2026-06-23T23:20:00	东方航空	MU7122	经济舱	720	28	36
FLIGHT	C005	C128	SHA	T2	TFU	T2	2026-06-23T20:10:00	2026-06-23T23:20:00	东方航空	MU7122	公务舱	1870	6	8
FLIGHT	C005	C128	PVG	T2	CTU	T2	2026-06-23T21:35:00	2026-06-24T00:45:00	东方航空	MU7123	经济舱	720	27	36
FLIGHT	C005	C128	PVG	T2	CTU	T2	2026-06-23T21:35:00	2026-06-24T00:45:00	东方航空	MU7123	公务舱	1870	5	8
FLIGHT	C128	C005	CTU	T2	PVG	T2	2026-06-23T17:20:00	2026-06-23T20:30:00	四川航空	3U7130	经济舱	720	29	36
FLIGHT	C128	C005	CTU	T2	PVG	T2	2026-06-23T17:20:00	2026-06-23T20:30:00	四川航空	3U7130	公务舱	1870	7	8
FLIGHT	C128	C005	TFU	T2	SHA	T2	2026-06-23T18:45:00	2026-06-23T21:55:00	四川航空	3U7131	经济舱	720	28	36
FLIGHT	C128	C005	TFU	T2	SHA	T2	2026-06-23T18:45:00	2026-06-23T21:55:00	四川航空	3U7131	公务舱	1870	6	8
FLIGHT	C128	C005	CTU	T2	PVG	T2	2026-06-23T20:10:00	2026-06-23T23:20:00	四川航空	3U7132	经济舱	720	27	36
FLIGHT	C128	C005	CTU	T2	PVG	T2	2026-06-23T20:10:00	2026-06-23T23:20:00	四川航空	3U7132	公务舱	1870	5	8
FLIGHT	C128	C005	TFU	T2	SHA	T2	2026-06-23T21:35:00	2026-06-24T00:45:00	四川航空	3U7133	经济舱	720	26	36
FLIGHT	C128	C005	TFU	T2	SHA	T2	2026-06-23T21:35:00	2026-06-24T00:45:00	四川航空	3U7133	公务舱	1870	8	8
FLIGHT	C112	C128	CAN	T2	TFU	T2	2026-06-23T17:20:00	2026-06-23T19:40:00	南方航空	CZ7140	经济舱	560	28	36
FLIGHT	C112	C128	CAN	T2	TFU	T2	2026-06-23T17:20:00	2026-06-23T19:40:00	南方航空	CZ7140	公务舱	1460	6	8
FLIGHT	C112	C128	CAN	T2	CTU	T2	2026-06-23T18:45:00	2026-06-23T21:05:00	南方航空	CZ7141	经济舱	560	27	36
FLIGHT	C112	C128	CAN	T2	CTU	T2	2026-06-23T18:45:00	2026-06-23T21:05:00	南方航空	CZ7141	公务舱	1460	5	8
FLIGHT	C112	C128	CAN	T2	TFU	T2	2026-06-23T20:10:00	2026-06-23T22:30:00	南方航空	CZ7142	经济舱	560	26	36
FLIGHT	C112	C128	CAN	T2	TFU	T2	2026-06-23T20:10:00	2026-06-23T22:30:00	南方航空	CZ7142	公务舱	1460	8	8
FLIGHT	C112	C128	CAN	T2	CTU	T2	2026-06-23T21:35:00	2026-06-23T23:55:00	南方航空	CZ7143	经济舱	560	25	36
FLIGHT	C112	C128	CAN	T2	CTU	T2	2026-06-23T21:35:00	2026-06-23T23:55:00	南方航空	CZ7143	公务舱	1460	7	8
FLIGHT	C128	C112	CTU	T2	CAN	T2	2026-06-23T17:20:00	2026-06-23T19:40:00	四川航空	3U7150	经济舱	560	27	36
FLIGHT	C128	C112	CTU	T2	CAN	T2	2026-06-23T17:20:00	2026-06-23T19:40:00	四川航空	3U7150	公务舱	1460	5	8
FLIGHT	C128	C112	TFU	T2	CAN	T2	2026-06-23T18:45:00	2026-06-23T21:05:00	四川航空	3U7151	经济舱	560	26	36
FLIGHT	C128	C112	TFU	T2	CAN	T2	2026-06-23T18:45:00	2026-06-23T21:05:00	四川航空	3U7151	公务舱	1460	8	8
FLIGHT	C128	C112	CTU	T2	CAN	T2	2026-06-23T20:10:00	2026-06-23T22:30:00	四川航空	3U7152	经济舱	560	25	36
FLIGHT	C128	C112	CTU	T2	CAN	T2	2026-06-23T20:10:00	2026-06-23T22:30:00	四川航空	3U7152	公务舱	1460	7	8
FLIGHT	C128	C112	TFU	T2	CAN	T2	2026-06-23T21:35:00	2026-06-23T23:55:00	四川航空	3U7153	经济舱	560	24	36
FLIGHT	C128	C112	TFU	T2	CAN	T2	2026-06-23T21:35:00	2026-06-23T23:55:00	四川航空	3U7153	公务舱	1460	6	8
FLIGHT	C039	C153	PEK	T3	HGH	T4	2026-06-23T17:20:00	2026-06-23T19:30:00	中国国航	CA7160	经济舱	480	26	36
FLIGHT	C039	C153	PEK	T3	HGH	T4	2026-06-23T17:20:00	2026-06-23T19:30:00	中国国航	CA7160	公务舱	1250	8	8
FLIGHT	C039	C153	PKX	T2	HGH	T4	2026-06-23T18:45:00	2026-06-23T20:55:00	中国国航	CA7161	经济舱	480	25	36
FLIGHT	C039	C153	PKX	T2	HGH	T4	2026-06-23T18:45:00	2026-06-23T20:55:00	中国国航	CA7161	公务舱	1250	7	8
FLIGHT	C039	C153	PEK	T3	HGH	T4	2026-06-23T20:10:00	2026-06-23T22:20:00	中国国航	CA7162	经济舱	480	24	36
FLIGHT	C039	C153	PEK	T3	HGH	T4	2026-06-23T20:10:00	2026-06-23T22:20:00	中国国航	CA7162	公务舱	1250	6	8
FLIGHT	C039	C153	PKX	T2	HGH	T4	2026-06-23T21:35:00	2026-06-23T23:45:00	中国国航	CA7163	经济舱	480	23	36
FLIGHT	C039	C153	PKX	T2	HGH	T4	2026-06-23T21:35:00	2026-06-23T23:45:00	中国国航	CA7163	公务舱	1250	5	8
FLIGHT	C153	C039	HGH	T4	PKX	T2	2026-06-23T17:20:00	2026-06-23T19:30:00	海南航空	HU7170	经济舱	480	25	36
FLIGHT	C153	C039	HGH	T4	PKX	T2	2026-06-23T17:20:00	2026-06-23T19:30:00	海南航空	HU7170	公务舱	1250	7	8
FLIGHT	C153	C039	HGH	T4	PEK	T3	2026-06-23T18:45:00	2026-06-23T20:55:00	海南航空	HU7171	经济舱	480	24	36
FLIGHT	C153	C039	HGH	T4	PEK	T3	2026-06-23T18:45:00	2026-06-23T20:55:00	海南航空	HU7171	公务舱	1250	6	8
FLIGHT	C153	C039	HGH	T4	PKX	T2	2026-06-23T20:10:00	2026-06-23T22:20:00	海南航空	HU7172	经济舱	480	23	36
FLIGHT	C153	C039	HGH	T4	PKX	T2	2026-06-23T20:10:00	2026-06-23T22:20:00	海南航空	HU7172	公务舱	1250	5	8
FLIGHT	C153	C039	HGH	T4	PEK	T3	2026-06-23T21:35:00	2026-06-23T23:45:00	海南航空	HU7173	经济舱	480	22	36
FLIGHT	C153	C039	HGH	T4	PEK	T3	2026-06-23T21:35:00	2026-06-23T23:45:00	海南航空	HU7173	公务舱	1250	8	8
FLIGHT	C005	C246	SHA	T2	XIY	T3	2026-06-23T17:20:00	2026-06-23T20:00:00	东方航空	MU7180	经济舱	650	24	36
FLIGHT	C005	C246	SHA	T2	XIY	T3	2026-06-23T17:20:00	2026-06-23T20:00:00	东方航空	MU7180	公务舱	1690	6	8
FLIGHT	C005	C246	PVG	T2	XIY	T3	2026-06-23T18:45:00	2026-06-23T21:25:00	东方航空	MU7181	经济舱	650	23	36
FLIGHT	C005	C246	PVG	T2	XIY	T3	2026-06-23T18:45:00	2026-06-23T21:25:00	东方航空	MU7181	公务舱	1690	5	8
FLIGHT	C005	C246	SHA	T2	XIY	T3	2026-06-23T20:10:00	2026-06-23T22:50:00	东方航空	MU7182	经济舱	650	22	36
FLIGHT	C005	C246	SHA	T2	XIY	T3	2026-06-23T20:10:00	2026-06-23T22:50:00	东方航空	MU7182	公务舱	1690	8	8
FLIGHT	C005	C246	PVG	T2	XIY	T3	2026-06-23T21:35:00	2026-06-24T00:15:00	东方航空	MU7183	经济舱	650	21	36
FLIGHT	C005	C246	PVG	T2	XIY	T3	2026-06-23T21:35:00	2026-06-24T00:15:00	东方航空	MU7183	公务舱	1690	7	8
FLIGHT	C246	C005	XIY	T3	PVG	T2	2026-06-23T17:20:00	2026-06-23T20:00:00	海南航空	HU7190	经济舱	650	23	36
FLIGHT	C246	C005	XIY	T3	PVG	T2	2026-06-23T17:20:00	2026-06-23T20:00:00	海南航空	HU7190	公务舱	1690	5	8
FLIGHT	C246	C005	XIY	T3	SHA	T2	2026-06-23T18:45:00	2026-06-23T21:25:00	海南航空	HU7191	经济舱	650	22	36
FLIGHT	C246	C005	XIY	T3	SHA	T2	2026-06-23T18:45:00	2026-06-23T21:25:00	海南航空	HU7191	公务舱	1690	8	8
FLIGHT	C246	C005	XIY	T3	PVG	T2	2026-06-23T20:10:00	2026-06-23T22:50:00	海南航空	HU7192	经济舱	650	21	36
FLIGHT	C246	C005	XIY	T3	PVG	T2	2026-06-23T20:10:00	2026-06-23T22:50:00	海南航空	HU7192	公务舱	1690	7	8
FLIGHT	C246	C005	XIY	T3	SHA	T2	2026-06-23T21:35:00	2026-06-24T00:15:00	海南航空	HU7193	经济舱	650	20	36
FLIGHT	C246	C005	XIY	T3	SHA	T2	2026-06-23T21:35:00	2026-06-24T00:15:00	海南航空	HU7193	公务舱	1690	6	8
FLIGHT	C039	C272	PEK	T3	CKG	T3	2026-06-23T17:20:00	2026-06-23T20:10:00	中国国航	CA7200	经济舱	680	22	36
FLIGHT	C039	C272	PEK	T3	CKG	T3	2026-06-23T17:20:00	2026-06-23T20:10:00	中国国航	CA7200	公务舱	1770	8	8
FLIGHT	C039	C272	PKX	T2	CKG	T3	2026-06-23T18:45:00	2026-06-23T21:35:00	中国国航	CA7201	经济舱	680	21	36
FLIGHT	C039	C272	PKX	T2	CKG	T3	2026-06-23T18:45:00	2026-06-23T21:35:00	中国国航	CA7201	公务舱	1770	7	8
FLIGHT	C039	C272	PEK	T3	CKG	T3	2026-06-23T20:10:00	2026-06-23T23:00:00	中国国航	CA7202	经济舱	680	20	36
FLIGHT	C039	C272	PEK	T3	CKG	T3	2026-06-23T20:10:00	2026-06-23T23:00:00	中国国航	CA7202	公务舱	1770	6	8
FLIGHT	C039	C272	PKX	T2	CKG	T3	2026-06-23T21:35:00	2026-06-24T00:25:00	中国国航	CA7203	经济舱	680	19	36
FLIGHT	C039	C272	PKX	T2	CKG	T3	2026-06-23T21:35:00	2026-06-24T00:25:00	中国国航	CA7203	公务舱	1770	5	8
FLIGHT	C272	C039	CKG	T3	PKX	T2	2026-06-23T17:20:00	2026-06-23T20:10:00	四川航空	3U7210	经济舱	680	21	36
FLIGHT	C272	C039	CKG	T3	PKX	T2	2026-06-23T17:20:00	2026-06-23T20:10:00	四川航空	3U7210	公务舱	1770	7	8
FLIGHT	C272	C039	CKG	T3	PEK	T3	2026-06-23T18:45:00	2026-06-23T21:35:00	四川航空	3U7211	经济舱	680	20	36
FLIGHT	C272	C039	CKG	T3	PEK	T3	2026-06-23T18:45:00	2026-06-23T21:35:00	四川航空	3U7211	公务舱	1770	6	8
FLIGHT	C272	C039	CKG	T3	PKX	T2	2026-06-23T20:10:00	2026-06-23T23:00:00	四川航空	3U7212	经济舱	680	19	36
FLIGHT	C272	C039	CKG	T3	PKX	T2	2026-06-23T20:10:00	2026-06-23T23:00:00	四川航空	3U7212	公务舱	1770	5	8
FLIGHT	C272	C039	CKG	T3	PEK	T3	2026-06-23T21:35:00	2026-06-24T00:25:00	四川航空	3U7213	经济舱	680	36	36
FLIGHT	C272	C039	CKG	T3	PEK	T3	2026-06-23T21:35:00	2026-06-24T00:25:00	四川航空	3U7213	公务舱	1770	8	8
FLIGHT	C039	C005	PKX	T2	SHA	T2	2026-06-24T17:20:00	2026-06-24T19:45:00	中国国航	CA7000	经济舱	520	23	36
FLIGHT	C039	C005	PKX	T2	SHA	T2	2026-06-24T17:20:00	2026-06-24T19:45:00	中国国航	CA7000	公务舱	1350	7	8
FLIGHT	C039	C005	PEK	T3	PVG	T2	2026-06-24T18:45:00	2026-06-24T21:10:00	中国国航	CA7001	经济舱	520	22	36
FLIGHT	C039	C005	PEK	T3	PVG	T2	2026-06-24T18:45:00	2026-06-24T21:10:00	中国国航	CA7001	公务舱	1350	6	8
FLIGHT	C039	C005	PKX	T2	SHA	T2	2026-06-24T20:10:00	2026-06-24T22:35:00	中国国航	CA7002	经济舱	520	21	36
FLIGHT	C039	C005	PKX	T2	SHA	T2	2026-06-24T20:10:00	2026-06-24T22:35:00	中国国航	CA7002	公务舱	1350	5	8
FLIGHT	C039	C005	PEK	T3	PVG	T2	2026-06-24T21:35:00	2026-06-25T00:00:00	中国国航	CA7003	经济舱	520	20	36
FLIGHT	C039	C005	PEK	T3	PVG	T2	2026-06-24T21:35:00	2026-06-25T00:00:00	中国国航	CA7003	公务舱	1350	8	8
FLIGHT	C005	C039	PVG	T2	PEK	T3	2026-06-24T17:20:00	2026-06-24T19:45:00	东方航空	MU7010	经济舱	520	22	36
FLIGHT	C005	C039	PVG	T2	PEK	T3	2026-06-24T17:20:00	2026-06-24T19:45:00	东方航空	MU7010	公务舱	1350	6	8
FLIGHT	C005	C039	SHA	T2	PKX	T2	2026-06-24T18:45:00	2026-06-24T21:10:00	东方航空	MU7011	经济舱	520	21	36
FLIGHT	C005	C039	SHA	T2	PKX	T2	2026-06-24T18:45:00	2026-06-24T21:10:00	东方航空	MU7011	公务舱	1350	5	8
FLIGHT	C005	C039	PVG	T2	PEK	T3	2026-06-24T20:10:00	2026-06-24T22:35:00	东方航空	MU7012	经济舱	520	20	36
FLIGHT	C005	C039	PVG	T2	PEK	T3	2026-06-24T20:10:00	2026-06-24T22:35:00	东方航空	MU7012	公务舱	1350	8	8
FLIGHT	C005	C039	SHA	T2	PKX	T2	2026-06-24T21:35:00	2026-06-25T00:00:00	东方航空	MU7013	经济舱	520	19	36
FLIGHT	C005	C039	SHA	T2	PKX	T2	2026-06-24T21:35:00	2026-06-25T00:00:00	东方航空	MU7013	公务舱	1350	7	8
FLIGHT	C039	C112	PKX	T2	CAN	T2	2026-06-24T17:20:00	2026-06-24T20:35:00	中国国航	CA7020	经济舱	720	21	36
FLIGHT	C039	C112	PKX	T2	CAN	T2	2026-06-24T17:20:00	2026-06-24T20:35:00	中国国航	CA7020	公务舱	1870	5	8
FLIGHT	C039	C112	PEK	T3	CAN	T2	2026-06-24T18:45:00	2026-06-24T22:00:00	中国国航	CA7021	经济舱	720	20	36
FLIGHT	C039	C112	PEK	T3	CAN	T2	2026-06-24T18:45:00	2026-06-24T22:00:00	中国国航	CA7021	公务舱	1870	8	8
FLIGHT	C039	C112	PKX	T2	CAN	T2	2026-06-24T20:10:00	2026-06-24T23:25:00	中国国航	CA7022	经济舱	720	19	36
FLIGHT	C039	C112	PKX	T2	CAN	T2	2026-06-24T20:10:00	2026-06-24T23:25:00	中国国航	CA7022	公务舱	1870	7	8
FLIGHT	C039	C112	PEK	T3	CAN	T2	2026-06-24T21:35:00	2026-06-25T00:50:00	中国国航	CA7023	经济舱	720	36	36
FLIGHT	C039	C112	PEK	T3	CAN	T2	2026-06-24T21:35:00	2026-06-25T00:50:00	中国国航	CA7023	公务舱	1870	6	8
FLIGHT	C112	C039	CAN	T2	PEK	T3	2026-06-24T17:20:00	2026-06-24T20:35:00	南方航空	CZ7030	经济舱	720	20	36
FLIGHT	C112	C039	CAN	T2	PEK	T3	2026-06-24T17:20:00	2026-06-24T20:35:00	南方航空	CZ7030	公务舱	1870	8	8
FLIGHT	C112	C039	CAN	T2	PKX	T2	2026-06-24T18:45:00	2026-06-24T22:00:00	南方航空	CZ7031	经济舱	720	19	36
FLIGHT	C112	C039	CAN	T2	PKX	T2	2026-06-24T18:45:00	2026-06-24T22:00:00	南方航空	CZ7031	公务舱	1870	7	8
FLIGHT	C112	C039	CAN	T2	PEK	T3	2026-06-24T20:10:00	2026-06-24T23:25:00	南方航空	CZ7032	经济舱	720	36	36
FLIGHT	C112	C039	CAN	T2	PEK	T3	2026-06-24T20:10:00	2026-06-24T23:25:00	南方航空	CZ7032	公务舱	1870	6	8
FLIGHT	C112	C039	CAN	T2	PKX	T2	2026-06-24T21:35:00	2026-06-25T00:50:00	南方航空	CZ7033	经济舱	720	35	36
FLIGHT	C112	C039	CAN	T2	PKX	T2	2026-06-24T21:35:00	2026-06-25T00:50:00	南方航空	CZ7033	公务舱	1870	5	8
FLIGHT	C039	C190	PKX	T2	SZX	T3	2026-06-24T17:20:00	2026-06-24T20:45:00	中国国航	CA7040	经济舱	760	19	36
FLIGHT	C039	C190	PKX	T2	SZX	T3	2026-06-24T17:20:00	2026-06-24T20:45:00	中国国航	CA7040	公务舱	1980	7	8
FLIGHT	C039	C190	PEK	T3	SZX	T3	2026-06-24T18:45:00	2026-06-24T22:10:00	中国国航	CA7041	经济舱	760	36	36
FLIGHT	C039	C190	PEK	T3	SZX	T3	2026-06-24T18:45:00	2026-06-24T22:10:00	中国国航	CA7041	公务舱	1980	6	8
FLIGHT	C039	C190	PKX	T2	SZX	T3	2026-06-24T20:10:00	2026-06-24T23:35:00	中国国航	CA7042	经济舱	760	35	36
FLIGHT	C039	C190	PKX	T2	SZX	T3	2026-06-24T20:10:00	2026-06-24T23:35:00	中国国航	CA7042	公务舱	1980	5	8
FLIGHT	C039	C190	PEK	T3	SZX	T3	2026-06-24T21:35:00	2026-06-25T01:00:00	中国国航	CA7043	经济舱	760	34	36
FLIGHT	C039	C190	PEK	T3	SZX	T3	2026-06-24T21:35:00	2026-06-25T01:00:00	中国国航	CA7043	公务舱	1980	8	8
FLIGHT	C190	C039	SZX	T3	PEK	T3	2026-06-24T17:20:00	2026-06-24T20:45:00	深圳航空	ZH7050	经济舱	760	36	36
FLIGHT	C190	C039	SZX	T3	PEK	T3	2026-06-24T17:20:00	2026-06-24T20:45:00	深圳航空	ZH7050	公务舱	1980	6	8
FLIGHT	C190	C039	SZX	T3	PKX	T2	2026-06-24T18:45:00	2026-06-24T22:10:00	深圳航空	ZH7051	经济舱	760	35	36
FLIGHT	C190	C039	SZX	T3	PKX	T2	2026-06-24T18:45:00	2026-06-24T22:10:00	深圳航空	ZH7051	公务舱	1980	5	8
FLIGHT	C190	C039	SZX	T3	PEK	T3	2026-06-24T20:10:00	2026-06-24T23:35:00	深圳航空	ZH7052	经济舱	760	34	36
FLIGHT	C190	C039	SZX	T3	PEK	T3	2026-06-24T20:10:00	2026-06-24T23:35:00	深圳航空	ZH7052	公务舱	1980	8	8
FLIGHT	C190	C039	SZX	T3	PKX	T2	2026-06-24T21:35:00	2026-06-25T01:00:00	深圳航空	ZH7053	经济舱	760	33	36
FLIGHT	C190	C039	SZX	T3	PKX	T2	2026-06-24T21:35:00	2026-06-25T01:00:00	深圳航空	ZH7053	公务舱	1980	7	8
FLIGHT	C005	C112	PVG	T2	CAN	T2	2026-06-24T17:20:00	2026-06-24T19:55:00	东方航空	MU7060	经济舱	610	35	36
FLIGHT	C005	C112	PVG	T2	CAN	T2	2026-06-24T17:20:00	2026-06-24T19:55:00	东方航空	MU7060	公务舱	1590	5	8
FLIGHT	C005	C112	SHA	T2	CAN	T2	2026-06-24T18:45:00	2026-06-24T21:20:00	东方航空	MU7061	经济舱	610	34	36
FLIGHT	C005	C112	SHA	T2	CAN	T2	2026-06-24T18:45:00	2026-06-24T21:20:00	东方航空	MU7061	公务舱	1590	8	8
FLIGHT	C005	C112	PVG	T2	CAN	T2	2026-06-24T20:10:00	2026-06-24T22:45:00	东方航空	MU7062	经济舱	610	33	36
FLIGHT	C005	C112	PVG	T2	CAN	T2	2026-06-24T20:10:00	2026-06-24T22:45:00	东方航空	MU7062	公务舱	1590	7	8
FLIGHT	C005	C112	SHA	T2	CAN	T2	2026-06-24T21:35:00	2026-06-25T00:10:00	东方航空	MU7063	经济舱	610	32	36
FLIGHT	C005	C112	SHA	T2	CAN	T2	2026-06-24T21:35:00	2026-06-25T00:10:00	东方航空	MU7063	公务舱	1590	6	8
FLIGHT	C112	C005	CAN	T2	SHA	T2	2026-06-24T17:20:00	2026-06-24T19:55:00	南方航空	CZ7070	经济舱	610	34	36
FLIGHT	C112	C005	CAN	T2	SHA	T2	2026-06-24T17:20:00	2026-06-24T19:55:00	南方航空	CZ7070	公务舱	1590	8	8
FLIGHT	C112	C005	CAN	T2	PVG	T2	2026-06-24T18:45:00	2026-06-24T21:20:00	南方航空	CZ7071	经济舱	610	33	36
FLIGHT	C112	C005	CAN	T2	PVG	T2	2026-06-24T18:45:00	2026-06-24T21:20:00	南方航空	CZ7071	公务舱	1590	7	8
FLIGHT	C112	C005	CAN	T2	SHA	T2	2026-06-24T20:10:00	2026-06-24T22:45:00	南方航空	CZ7072	经济舱	610	32	36
FLIGHT	C112	C005	CAN	T2	SHA	T2	2026-06-24T20:10:00	2026-06-24T22:45:00	南方航空	CZ7072	公务舱	1590	6	8
FLIGHT	C112	C005	CAN	T2	PVG	T2	2026-06-24T21:35:00	2026-06-25T00:10:00	南方航空	CZ7073	经济舱	610	31	36
FLIGHT	C112	C005	CAN	T2	PVG	T2	2026-06-24T21:35:00	2026-06-25T00:10:00	南方航空	CZ7073	公务舱	1590	5	8
FLIGHT	C005	C190	PVG	T2	SZX	T3	2026-06-24T17:20:00	2026-06-24T19:55:00	东方航空	MU7080	经济舱	640	33	36
FLIGHT	C005	C190	PVG	T2	SZX	T3	2026-06-24T17:20:00	2026-06-24T19:55:00	东方航空	MU7080	公务舱	1660	7	8
FLIGHT	C005	C190	SHA	T2	SZX	T3	2026-06-24T18:45:00	2026-06-24T21:20:00	东方航空	MU7081	经济舱	640	32	36
FLIGHT	C005	C190	SHA	T2	SZX	T3	2026-06-24T18:45:00	2026-06-24T21:20:00	东方航空	MU7081	公务舱	1660	6	8
FLIGHT	C005	C190	PVG	T2	SZX	T3	2026-06-24T20:10:00	2026-06-24T22:45:00	东方航空	MU7082	经济舱	640	31	36
FLIGHT	C005	C190	PVG	T2	SZX	T3	2026-06-24T20:10:00	2026-06-24T22:45:00	东方航空	MU7082	公务舱	1660	5	8
FLIGHT	C005	C190	SHA	T2	SZX	T3	2026-06-24T21:35:00	2026-06-25T00:10:00	东方航空	MU7083	经济舱	640	30	36
FLIGHT	C005	C190	SHA	T2	SZX	T3	2026-06-24T21:35:00	2026-06-25T00:10:00	东方航空	MU7083	公务舱	1660	8	8
FLIGHT	C190	C005	SZX	T3	SHA	T2	2026-06-24T17:20:00	2026-06-24T19:55:00	深圳航空	ZH7090	经济舱	640	32	36
FLIGHT	C190	C005	SZX	T3	SHA	T2	2026-06-24T17:20:00	2026-06-24T19:55:00	深圳航空	ZH7090	公务舱	1660	6	8
FLIGHT	C190	C005	SZX	T3	PVG	T2	2026-06-24T18:45:00	2026-06-24T21:20:00	深圳航空	ZH7091	经济舱	640	31	36
FLIGHT	C190	C005	SZX	T3	PVG	T2	2026-06-24T18:45:00	2026-06-24T21:20:00	深圳航空	ZH7091	公务舱	1660	5	8
FLIGHT	C190	C005	SZX	T3	SHA	T2	2026-06-24T20:10:00	2026-06-24T22:45:00	深圳航空	ZH7092	经济舱	640	30	36
FLIGHT	C190	C005	SZX	T3	SHA	T2	2026-06-24T20:10:00	2026-06-24T22:45:00	深圳航空	ZH7092	公务舱	1660	8	8
FLIGHT	C190	C005	SZX	T3	PVG	T2	2026-06-24T21:35:00	2026-06-25T00:10:00	深圳航空	ZH7093	经济舱	640	29	36
FLIGHT	C190	C005	SZX	T3	PVG	T2	2026-06-24T21:35:00	2026-06-25T00:10:00	深圳航空	ZH7093	公务舱	1660	7	8
FLIGHT	C039	C128	PKX	T2	CTU	T2	2026-06-24T17:20:00	2026-06-24T20:20:00	中国国航	CA7100	经济舱	690	31	36
FLIGHT	C039	C128	PKX	T2	CTU	T2	2026-06-24T17:20:00	2026-06-24T20:20:00	中国国航	CA7100	公务舱	1790	5	8
FLIGHT	C039	C128	PEK	T3	TFU	T2	2026-06-24T18:45:00	2026-06-24T21:45:00	中国国航	CA7101	经济舱	690	30	36
FLIGHT	C039	C128	PEK	T3	TFU	T2	2026-06-24T18:45:00	2026-06-24T21:45:00	中国国航	CA7101	公务舱	1790	8	8
FLIGHT	C039	C128	PKX	T2	CTU	T2	2026-06-24T20:10:00	2026-06-24T23:10:00	中国国航	CA7102	经济舱	690	29	36
FLIGHT	C039	C128	PKX	T2	CTU	T2	2026-06-24T20:10:00	2026-06-24T23:10:00	中国国航	CA7102	公务舱	1790	7	8
FLIGHT	C039	C128	PEK	T3	TFU	T2	2026-06-24T21:35:00	2026-06-25T00:35:00	中国国航	CA7103	经济舱	690	28	36
FLIGHT	C039	C128	PEK	T3	TFU	T2	2026-06-24T21:35:00	2026-06-25T00:35:00	中国国航	CA7103	公务舱	1790	6	8
FLIGHT	C128	C039	TFU	T2	PEK	T3	2026-06-24T17:20:00	2026-06-24T20:20:00	四川航空	3U7110	经济舱	690	30	36
FLIGHT	C128	C039	TFU	T2	PEK	T3	2026-06-24T17:20:00	2026-06-24T20:20:00	四川航空	3U7110	公务舱	1790	8	8
FLIGHT	C128	C039	CTU	T2	PKX	T2	2026-06-24T18:45:00	2026-06-24T21:45:00	四川航空	3U7111	经济舱	690	29	36
FLIGHT	C128	C039	CTU	T2	PKX	T2	2026-06-24T18:45:00	2026-06-24T21:45:00	四川航空	3U7111	公务舱	1790	7	8
FLIGHT	C128	C039	TFU	T2	PEK	T3	2026-06-24T20:10:00	2026-06-24T23:10:00	四川航空	3U7112	经济舱	690	28	36
FLIGHT	C128	C039	TFU	T2	PEK	T3	2026-06-24T20:10:00	2026-06-24T23:10:00	四川航空	3U7112	公务舱	1790	6	8
FLIGHT	C128	C039	CTU	T2	PKX	T2	2026-06-24T21:35:00	2026-06-25T00:35:00	四川航空	3U7113	经济舱	690	27	36
FLIGHT	C128	C039	CTU	T2	PKX	T2	2026-06-24T21:35:00	2026-06-25T00:35:00	四川航空	3U7113	公务舱	1790	5	8
FLIGHT	C005	C128	PVG	T2	CTU	T2	2026-06-24T17:20:00	2026-06-24T20:30:00	东方航空	MU7120	经济舱	720	29	36
FLIGHT	C005	C128	PVG	T2	CTU	T2	2026-06-24T17:20:00	2026-06-24T20:30:00	东方航空	MU7120	公务舱	1870	7	8
FLIGHT	C005	C128	SHA	T2	TFU	T2	2026-06-24T18:45:00	2026-06-24T21:55:00	东方航空	MU7121	经济舱	720	28	36
FLIGHT	C005	C128	SHA	T2	TFU	T2	2026-06-24T18:45:00	2026-06-24T21:55:00	东方航空	MU7121	公务舱	1870	6	8
FLIGHT	C005	C128	PVG	T2	CTU	T2	2026-06-24T20:10:00	2026-06-24T23:20:00	东方航空	MU7122	经济舱	720	27	36
FLIGHT	C005	C128	PVG	T2	CTU	T2	2026-06-24T20:10:00	2026-06-24T23:20:00	东方航空	MU7122	公务舱	1870	5	8
FLIGHT	C005	C128	SHA	T2	TFU	T2	2026-06-24T21:35:00	2026-06-25T00:45:00	东方航空	MU7123	经济舱	720	26	36
FLIGHT	C005	C128	SHA	T2	TFU	T2	2026-06-24T21:35:00	2026-06-25T00:45:00	东方航空	MU7123	公务舱	1870	8	8
FLIGHT	C128	C005	TFU	T2	SHA	T2	2026-06-24T17:20:00	2026-06-24T20:30:00	四川航空	3U7130	经济舱	720	28	36
FLIGHT	C128	C005	TFU	T2	SHA	T2	2026-06-24T17:20:00	2026-06-24T20:30:00	四川航空	3U7130	公务舱	1870	6	8
FLIGHT	C128	C005	CTU	T2	PVG	T2	2026-06-24T18:45:00	2026-06-24T21:55:00	四川航空	3U7131	经济舱	720	27	36
FLIGHT	C128	C005	CTU	T2	PVG	T2	2026-06-24T18:45:00	2026-06-24T21:55:00	四川航空	3U7131	公务舱	1870	5	8
FLIGHT	C128	C005	TFU	T2	SHA	T2	2026-06-24T20:10:00	2026-06-24T23:20:00	四川航空	3U7132	经济舱	720	26	36
FLIGHT	C128	C005	TFU	T2	SHA	T2	2026-06-24T20:10:00	2026-06-24T23:20:00	四川航空	3U7132	公务舱	1870	8	8
FLIGHT	C128	C005	CTU	T2	PVG	T2	2026-06-24T21:35:00	2026-06-25T00:45:00	四川航空	3U7133	经济舱	720	25	36
FLIGHT	C128	C005	CTU	T2	PVG	T2	2026-06-24T21:35:00	2026-06-25T00:45:00	四川航空	3U7133	公务舱	1870	7	8
FLIGHT	C112	C128	CAN	T2	CTU	T2	2026-06-24T17:20:00	2026-06-24T19:40:00	南方航空	CZ7140	经济舱	560	27	36
FLIGHT	C112	C128	CAN	T2	CTU	T2	2026-06-24T17:20:00	2026-06-24T19:40:00	南方航空	CZ7140	公务舱	1460	5	8
FLIGHT	C112	C128	CAN	T2	TFU	T2	2026-06-24T18:45:00	2026-06-24T21:05:00	南方航空	CZ7141	经济舱	560	26	36
FLIGHT	C112	C128	CAN	T2	TFU	T2	2026-06-24T18:45:00	2026-06-24T21:05:00	南方航空	CZ7141	公务舱	1460	8	8
FLIGHT	C112	C128	CAN	T2	CTU	T2	2026-06-24T20:10:00	2026-06-24T22:30:00	南方航空	CZ7142	经济舱	560	25	36
FLIGHT	C112	C128	CAN	T2	CTU	T2	2026-06-24T20:10:00	2026-06-24T22:30:00	南方航空	CZ7142	公务舱	1460	7	8
FLIGHT	C112	C128	CAN	T2	TFU	T2	2026-06-24T21:35:00	2026-06-24T23:55:00	南方航空	CZ7143	经济舱	560	24	36
FLIGHT	C112	C128	CAN	T2	TFU	T2	2026-06-24T21:35:00	2026-06-24T23:55:00	南方航空	CZ7143	公务舱	1460	6	8
FLIGHT	C128	C112	TFU	T2	CAN	T2	2026-06-24T17:20:00	2026-06-24T19:40:00	四川航空	3U7150	经济舱	560	26	36
FLIGHT	C128	C112	TFU	T2	CAN	T2	2026-06-24T17:20:00	2026-06-24T19:40:00	四川航空	3U7150	公务舱	1460	8	8
FLIGHT	C128	C112	CTU	T2	CAN	T2	2026-06-24T18:45:00	2026-06-24T21:05:00	四川航空	3U7151	经济舱	560	25	36
FLIGHT	C128	C112	CTU	T2	CAN	T2	2026-06-24T18:45:00	2026-06-24T21:05:00	四川航空	3U7151	公务舱	1460	7	8
FLIGHT	C128	C112	TFU	T2	CAN	T2	2026-06-24T20:10:00	2026-06-24T22:30:00	四川航空	3U7152	经济舱	560	24	36
FLIGHT	C128	C112	TFU	T2	CAN	T2	2026-06-24T20:10:00	2026-06-24T22:30:00	四川航空	3U7152	公务舱	1460	6	8
FLIGHT	C128	C112	CTU	T2	CAN	T2	2026-06-24T21:35:00	2026-06-24T23:55:00	四川航空	3U7153	经济舱	560	23	36
FLIGHT	C128	C112	CTU	T2	CAN	T2	2026-06-24T21:35:00	2026-06-24T23:55:00	四川航空	3U7153	公务舱	1460	5	8
FLIGHT	C039	C153	PKX	T2	HGH	T4	2026-06-24T17:20:00	2026-06-24T19:30:00	中国国航	CA7160	经济舱	480	25	36
FLIGHT	C039	C153	PKX	T2	HGH	T4	2026-06-24T17:20:00	2026-06-24T19:30:00	中国国航	CA7160	公务舱	1250	7	8
FLIGHT	C039	C153	PEK	T3	HGH	T4	2026-06-24T18:45:00	2026-06-24T20:55:00	中国国航	CA7161	经济舱	480	24	36
FLIGHT	C039	C153	PEK	T3	HGH	T4	2026-06-24T18:45:00	2026-06-24T20:55:00	中国国航	CA7161	公务舱	1250	6	8
FLIGHT	C039	C153	PKX	T2	HGH	T4	2026-06-24T20:10:00	2026-06-24T22:20:00	中国国航	CA7162	经济舱	480	23	36
FLIGHT	C039	C153	PKX	T2	HGH	T4	2026-06-24T20:10:00	2026-06-24T22:20:00	中国国航	CA7162	公务舱	1250	5	8
FLIGHT	C039	C153	PEK	T3	HGH	T4	2026-06-24T21:35:00	2026-06-24T23:45:00	中国国航	CA7163	经济舱	480	22	36
FLIGHT	C039	C153	PEK	T3	HGH	T4	2026-06-24T21:35:00	2026-06-24T23:45:00	中国国航	CA7163	公务舱	1250	8	8
FLIGHT	C153	C039	HGH	T4	PEK	T3	2026-06-24T17:20:00	2026-06-24T19:30:00	海南航空	HU7170	经济舱	480	24	36
FLIGHT	C153	C039	HGH	T4	PEK	T3	2026-06-24T17:20:00	2026-06-24T19:30:00	海南航空	HU7170	公务舱	1250	6	8
FLIGHT	C153	C039	HGH	T4	PKX	T2	2026-06-24T18:45:00	2026-06-24T20:55:00	海南航空	HU7171	经济舱	480	23	36
FLIGHT	C153	C039	HGH	T4	PKX	T2	2026-06-24T18:45:00	2026-06-24T20:55:00	海南航空	HU7171	公务舱	1250	5	8
FLIGHT	C153	C039	HGH	T4	PEK	T3	2026-06-24T20:10:00	2026-06-24T22:20:00	海南航空	HU7172	经济舱	480	22	36
FLIGHT	C153	C039	HGH	T4	PEK	T3	2026-06-24T20:10:00	2026-06-24T22:20:00	海南航空	HU7172	公务舱	1250	8	8
FLIGHT	C153	C039	HGH	T4	PKX	T2	2026-06-24T21:35:00	2026-06-24T23:45:00	海南航空	HU7173	经济舱	480	21	36
FLIGHT	C153	C039	HGH	T4	PKX	T2	2026-06-24T21:35:00	2026-06-24T23:45:00	海南航空	HU7173	公务舱	1250	7	8
FLIGHT	C005	C246	PVG	T2	XIY	T3	2026-06-24T17:20:00	2026-06-24T20:00:00	东方航空	MU7180	经济舱	650	23	36
FLIGHT	C005	C246	PVG	T2	XIY	T3	2026-06-24T17:20:00	2026-06-24T20:00:00	东方航空	MU7180	公务舱	1690	5	8
FLIGHT	C005	C246	SHA	T2	XIY	T3	2026-06-24T18:45:00	2026-06-24T21:25:00	东方航空	MU7181	经济舱	650	22	36
FLIGHT	C005	C246	SHA	T2	XIY	T3	2026-06-24T18:45:00	2026-06-24T21:25:00	东方航空	MU7181	公务舱	1690	8	8
FLIGHT	C005	C246	PVG	T2	XIY	T3	2026-06-24T20:10:00	2026-06-24T22:50:00	东方航空	MU7182	经济舱	650	21	36
FLIGHT	C005	C246	PVG	T2	XIY	T3	2026-06-24T20:10:00	2026-06-24T22:50:00	东方航空	MU7182	公务舱	1690	7	8
FLIGHT	C005	C246	SHA	T2	XIY	T3	2026-06-24T21:35:00	2026-06-25T00:15:00	东方航空	MU7183	经济舱	650	20	36
FLIGHT	C005	C246	SHA	T2	XIY	T3	2026-06-24T21:35:00	2026-06-25T00:15:00	东方航空	MU7183	公务舱	1690	6	8
FLIGHT	C246	C005	XIY	T3	SHA	T2	2026-06-24T17:20:00	2026-06-24T20:00:00	海南航空	HU7190	经济舱	650	22	36
FLIGHT	C246	C005	XIY	T3	SHA	T2	2026-06-24T17:20:00	2026-06-24T20:00:00	海南航空	HU7190	公务舱	1690	8	8
FLIGHT	C246	C005	XIY	T3	PVG	T2	2026-06-24T18:45:00	2026-06-24T21:25:00	海南航空	HU7191	经济舱	650	21	36
FLIGHT	C246	C005	XIY	T3	PVG	T2	2026-06-24T18:45:00	2026-06-24T21:25:00	海南航空	HU7191	公务舱	1690	7	8
FLIGHT	C246	C005	XIY	T3	SHA	T2	2026-06-24T20:10:00	2026-06-24T22:50:00	海南航空	HU7192	经济舱	650	20	36
FLIGHT	C246	C005	XIY	T3	SHA	T2	2026-06-24T20:10:00	2026-06-24T22:50:00	海南航空	HU7192	公务舱	1690	6	8
FLIGHT	C246	C005	XIY	T3	PVG	T2	2026-06-24T21:35:00	2026-06-25T00:15:00	海南航空	HU7193	经济舱	650	19	36
FLIGHT	C246	C005	XIY	T3	PVG	T2	2026-06-24T21:35:00	2026-06-25T00:15:00	海南航空	HU7193	公务舱	1690	5	8
FLIGHT	C039	C272	PKX	T2	CKG	T3	2026-06-24T17:20:00	2026-06-24T20:10:00	中国国航	CA7200	经济舱	680	21	36
FLIGHT	C039	C272	PKX	T2	CKG	T3	2026-06-24T17:20:00	2026-06-24T20:10:00	中国国航	CA7200	公务舱	1770	7	8
FLIGHT	C039	C272	PEK	T3	CKG	T3	2026-06-24T18:45:00	2026-06-24T21:35:00	中国国航	CA7201	经济舱	680	20	36
FLIGHT	C039	C272	PEK	T3	CKG	T3	2026-06-24T18:45:00	2026-06-24T21:35:00	中国国航	CA7201	公务舱	1770	6	8
FLIGHT	C039	C272	PKX	T2	CKG	T3	2026-06-24T20:10:00	2026-06-24T23:00:00	中国国航	CA7202	经济舱	680	19	36
FLIGHT	C039	C272	PKX	T2	CKG	T3	2026-06-24T20:10:00	2026-06-24T23:00:00	中国国航	CA7202	公务舱	1770	5	8
FLIGHT	C039	C272	PEK	T3	CKG	T3	2026-06-24T21:35:00	2026-06-25T00:25:00	中国国航	CA7203	经济舱	680	36	36
FLIGHT	C039	C272	PEK	T3	CKG	T3	2026-06-24T21:35:00	2026-06-25T00:25:00	中国国航	CA7203	公务舱	1770	8	8
FLIGHT	C272	C039	CKG	T3	PEK	T3	2026-06-24T17:20:00	2026-06-24T20:10:00	四川航空	3U7210	经济舱	680	20	36
FLIGHT	C272	C039	CKG	T3	PEK	T3	2026-06-24T17:20:00	2026-06-24T20:10:00	四川航空	3U7210	公务舱	1770	6	8
FLIGHT	C272	C039	CKG	T3	PKX	T2	2026-06-24T18:45:00	2026-06-24T21:35:00	四川航空	3U7211	经济舱	680	19	36
FLIGHT	C272	C039	CKG	T3	PKX	T2	2026-06-24T18:45:00	2026-06-24T21:35:00	四川航空	3U7211	公务舱	1770	5	8
FLIGHT	C272	C039	CKG	T3	PEK	T3	2026-06-24T20:10:00	2026-06-24T23:00:00	四川航空	3U7212	经济舱	680	36	36
FLIGHT	C272	C039	CKG	T3	PEK	T3	2026-06-24T20:10:00	2026-06-24T23:00:00	四川航空	3U7212	公务舱	1770	8	8
FLIGHT	C272	C039	CKG	T3	PKX	T2	2026-06-24T21:35:00	2026-06-25T00:25:00	四川航空	3U7213	经济舱	680	35	36
FLIGHT	C272	C039	CKG	T3	PKX	T2	2026-06-24T21:35:00	2026-06-25T00:25:00	四川航空	3U7213	公务舱	1770	7	8
FLIGHT	C039	C005	PEK	T3	PVG	T2	2026-06-25T17:20:00	2026-06-25T19:45:00	中国国航	CA7000	经济舱	520	22	36
FLIGHT	C039	C005	PEK	T3	PVG	T2	2026-06-25T17:20:00	2026-06-25T19:45:00	中国国航	CA7000	公务舱	1350	6	8
FLIGHT	C039	C005	PKX	T2	SHA	T2	2026-06-25T18:45:00	2026-06-25T21:10:00	中国国航	CA7001	经济舱	520	21	36
FLIGHT	C039	C005	PKX	T2	SHA	T2	2026-06-25T18:45:00	2026-06-25T21:10:00	中国国航	CA7001	公务舱	1350	5	8
FLIGHT	C039	C005	PEK	T3	PVG	T2	2026-06-25T20:10:00	2026-06-25T22:35:00	中国国航	CA7002	经济舱	520	20	36
FLIGHT	C039	C005	PEK	T3	PVG	T2	2026-06-25T20:10:00	2026-06-25T22:35:00	中国国航	CA7002	公务舱	1350	8	8
FLIGHT	C039	C005	PKX	T2	SHA	T2	2026-06-25T21:35:00	2026-06-26T00:00:00	中国国航	CA7003	经济舱	520	19	36
FLIGHT	C039	C005	PKX	T2	SHA	T2	2026-06-25T21:35:00	2026-06-26T00:00:00	中国国航	CA7003	公务舱	1350	7	8
FLIGHT	C005	C039	SHA	T2	PKX	T2	2026-06-25T17:20:00	2026-06-25T19:45:00	东方航空	MU7010	经济舱	520	21	36
FLIGHT	C005	C039	SHA	T2	PKX	T2	2026-06-25T17:20:00	2026-06-25T19:45:00	东方航空	MU7010	公务舱	1350	5	8
FLIGHT	C005	C039	PVG	T2	PEK	T3	2026-06-25T18:45:00	2026-06-25T21:10:00	东方航空	MU7011	经济舱	520	20	36
FLIGHT	C005	C039	PVG	T2	PEK	T3	2026-06-25T18:45:00	2026-06-25T21:10:00	东方航空	MU7011	公务舱	1350	8	8
FLIGHT	C005	C039	SHA	T2	PKX	T2	2026-06-25T20:10:00	2026-06-25T22:35:00	东方航空	MU7012	经济舱	520	19	36
FLIGHT	C005	C039	SHA	T2	PKX	T2	2026-06-25T20:10:00	2026-06-25T22:35:00	东方航空	MU7012	公务舱	1350	7	8
FLIGHT	C005	C039	PVG	T2	PEK	T3	2026-06-25T21:35:00	2026-06-26T00:00:00	东方航空	MU7013	经济舱	520	36	36
FLIGHT	C005	C039	PVG	T2	PEK	T3	2026-06-25T21:35:00	2026-06-26T00:00:00	东方航空	MU7013	公务舱	1350	6	8
FLIGHT	C039	C112	PEK	T3	CAN	T2	2026-06-25T17:20:00	2026-06-25T20:35:00	中国国航	CA7020	经济舱	720	20	36
FLIGHT	C039	C112	PEK	T3	CAN	T2	2026-06-25T17:20:00	2026-06-25T20:35:00	中国国航	CA7020	公务舱	1870	8	8
FLIGHT	C039	C112	PKX	T2	CAN	T2	2026-06-25T18:45:00	2026-06-25T22:00:00	中国国航	CA7021	经济舱	720	19	36
FLIGHT	C039	C112	PKX	T2	CAN	T2	2026-06-25T18:45:00	2026-06-25T22:00:00	中国国航	CA7021	公务舱	1870	7	8
FLIGHT	C039	C112	PEK	T3	CAN	T2	2026-06-25T20:10:00	2026-06-25T23:25:00	中国国航	CA7022	经济舱	720	36	36
FLIGHT	C039	C112	PEK	T3	CAN	T2	2026-06-25T20:10:00	2026-06-25T23:25:00	中国国航	CA7022	公务舱	1870	6	8
FLIGHT	C039	C112	PKX	T2	CAN	T2	2026-06-25T21:35:00	2026-06-26T00:50:00	中国国航	CA7023	经济舱	720	35	36
FLIGHT	C039	C112	PKX	T2	CAN	T2	2026-06-25T21:35:00	2026-06-26T00:50:00	中国国航	CA7023	公务舱	1870	5	8
FLIGHT	C112	C039	CAN	T2	PKX	T2	2026-06-25T17:20:00	2026-06-25T20:35:00	南方航空	CZ7030	经济舱	720	19	36
FLIGHT	C112	C039	CAN	T2	PKX	T2	2026-06-25T17:20:00	2026-06-25T20:35:00	南方航空	CZ7030	公务舱	1870	7	8
FLIGHT	C112	C039	CAN	T2	PEK	T3	2026-06-25T18:45:00	2026-06-25T22:00:00	南方航空	CZ7031	经济舱	720	36	36
FLIGHT	C112	C039	CAN	T2	PEK	T3	2026-06-25T18:45:00	2026-06-25T22:00:00	南方航空	CZ7031	公务舱	1870	6	8
FLIGHT	C112	C039	CAN	T2	PKX	T2	2026-06-25T20:10:00	2026-06-25T23:25:00	南方航空	CZ7032	经济舱	720	35	36
FLIGHT	C112	C039	CAN	T2	PKX	T2	2026-06-25T20:10:00	2026-06-25T23:25:00	南方航空	CZ7032	公务舱	1870	5	8
FLIGHT	C112	C039	CAN	T2	PEK	T3	2026-06-25T21:35:00	2026-06-26T00:50:00	南方航空	CZ7033	经济舱	720	34	36
FLIGHT	C112	C039	CAN	T2	PEK	T3	2026-06-25T21:35:00	2026-06-26T00:50:00	南方航空	CZ7033	公务舱	1870	8	8
FLIGHT	C039	C190	PEK	T3	SZX	T3	2026-06-25T17:20:00	2026-06-25T20:45:00	中国国航	CA7040	经济舱	760	36	36
FLIGHT	C039	C190	PEK	T3	SZX	T3	2026-06-25T17:20:00	2026-06-25T20:45:00	中国国航	CA7040	公务舱	1980	6	8
FLIGHT	C039	C190	PKX	T2	SZX	T3	2026-06-25T18:45:00	2026-06-25T22:10:00	中国国航	CA7041	经济舱	760	35	36
FLIGHT	C039	C190	PKX	T2	SZX	T3	2026-06-25T18:45:00	2026-06-25T22:10:00	中国国航	CA7041	公务舱	1980	5	8
FLIGHT	C039	C190	PEK	T3	SZX	T3	2026-06-25T20:10:00	2026-06-25T23:35:00	中国国航	CA7042	经济舱	760	34	36
FLIGHT	C039	C190	PEK	T3	SZX	T3	2026-06-25T20:10:00	2026-06-25T23:35:00	中国国航	CA7042	公务舱	1980	8	8
FLIGHT	C039	C190	PKX	T2	SZX	T3	2026-06-25T21:35:00	2026-06-26T01:00:00	中国国航	CA7043	经济舱	760	33	36
FLIGHT	C039	C190	PKX	T2	SZX	T3	2026-06-25T21:35:00	2026-06-26T01:00:00	中国国航	CA7043	公务舱	1980	7	8
FLIGHT	C190	C039	SZX	T3	PKX	T2	2026-06-25T17:20:00	2026-06-25T20:45:00	深圳航空	ZH7050	经济舱	760	35	36
FLIGHT	C190	C039	SZX	T3	PKX	T2	2026-06-25T17:20:00	2026-06-25T20:45:00	深圳航空	ZH7050	公务舱	1980	5	8
FLIGHT	C190	C039	SZX	T3	PEK	T3	2026-06-25T18:45:00	2026-06-25T22:10:00	深圳航空	ZH7051	经济舱	760	34	36
FLIGHT	C190	C039	SZX	T3	PEK	T3	2026-06-25T18:45:00	2026-06-25T22:10:00	深圳航空	ZH7051	公务舱	1980	8	8
FLIGHT	C190	C039	SZX	T3	PKX	T2	2026-06-25T20:10:00	2026-06-25T23:35:00	深圳航空	ZH7052	经济舱	760	33	36
FLIGHT	C190	C039	SZX	T3	PKX	T2	2026-06-25T20:10:00	2026-06-25T23:35:00	深圳航空	ZH7052	公务舱	1980	7	8
FLIGHT	C190	C039	SZX	T3	PEK	T3	2026-06-25T21:35:00	2026-06-26T01:00:00	深圳航空	ZH7053	经济舱	760	32	36
FLIGHT	C190	C039	SZX	T3	PEK	T3	2026-06-25T21:35:00	2026-06-26T01:00:00	深圳航空	ZH7053	公务舱	1980	6	8
FLIGHT	C005	C112	SHA	T2	CAN	T2	2026-06-25T17:20:00	2026-06-25T19:55:00	东方航空	MU7060	经济舱	610	34	36
FLIGHT	C005	C112	SHA	T2	CAN	T2	2026-06-25T17:20:00	2026-06-25T19:55:00	东方航空	MU7060	公务舱	1590	8	8
FLIGHT	C005	C112	PVG	T2	CAN	T2	2026-06-25T18:45:00	2026-06-25T21:20:00	东方航空	MU7061	经济舱	610	33	36
FLIGHT	C005	C112	PVG	T2	CAN	T2	2026-06-25T18:45:00	2026-06-25T21:20:00	东方航空	MU7061	公务舱	1590	7	8
FLIGHT	C005	C112	SHA	T2	CAN	T2	2026-06-25T20:10:00	2026-06-25T22:45:00	东方航空	MU7062	经济舱	610	32	36
FLIGHT	C005	C112	SHA	T2	CAN	T2	2026-06-25T20:10:00	2026-06-25T22:45:00	东方航空	MU7062	公务舱	1590	6	8
FLIGHT	C005	C112	PVG	T2	CAN	T2	2026-06-25T21:35:00	2026-06-26T00:10:00	东方航空	MU7063	经济舱	610	31	36
FLIGHT	C005	C112	PVG	T2	CAN	T2	2026-06-25T21:35:00	2026-06-26T00:10:00	东方航空	MU7063	公务舱	1590	5	8
FLIGHT	C112	C005	CAN	T2	PVG	T2	2026-06-25T17:20:00	2026-06-25T19:55:00	南方航空	CZ7070	经济舱	610	33	36
FLIGHT	C112	C005	CAN	T2	PVG	T2	2026-06-25T17:20:00	2026-06-25T19:55:00	南方航空	CZ7070	公务舱	1590	7	8
FLIGHT	C112	C005	CAN	T2	SHA	T2	2026-06-25T18:45:00	2026-06-25T21:20:00	南方航空	CZ7071	经济舱	610	32	36
FLIGHT	C112	C005	CAN	T2	SHA	T2	2026-06-25T18:45:00	2026-06-25T21:20:00	南方航空	CZ7071	公务舱	1590	6	8
FLIGHT	C112	C005	CAN	T2	PVG	T2	2026-06-25T20:10:00	2026-06-25T22:45:00	南方航空	CZ7072	经济舱	610	31	36
FLIGHT	C112	C005	CAN	T2	PVG	T2	2026-06-25T20:10:00	2026-06-25T22:45:00	南方航空	CZ7072	公务舱	1590	5	8
FLIGHT	C112	C005	CAN	T2	SHA	T2	2026-06-25T21:35:00	2026-06-26T00:10:00	南方航空	CZ7073	经济舱	610	30	36
FLIGHT	C112	C005	CAN	T2	SHA	T2	2026-06-25T21:35:00	2026-06-26T00:10:00	南方航空	CZ7073	公务舱	1590	8	8
FLIGHT	C005	C190	SHA	T2	SZX	T3	2026-06-25T17:20:00	2026-06-25T19:55:00	东方航空	MU7080	经济舱	640	32	36
FLIGHT	C005	C190	SHA	T2	SZX	T3	2026-06-25T17:20:00	2026-06-25T19:55:00	东方航空	MU7080	公务舱	1660	6	8
FLIGHT	C005	C190	PVG	T2	SZX	T3	2026-06-25T18:45:00	2026-06-25T21:20:00	东方航空	MU7081	经济舱	640	31	36
FLIGHT	C005	C190	PVG	T2	SZX	T3	2026-06-25T18:45:00	2026-06-25T21:20:00	东方航空	MU7081	公务舱	1660	5	8
FLIGHT	C005	C190	SHA	T2	SZX	T3	2026-06-25T20:10:00	2026-06-25T22:45:00	东方航空	MU7082	经济舱	640	30	36
FLIGHT	C005	C190	SHA	T2	SZX	T3	2026-06-25T20:10:00	2026-06-25T22:45:00	东方航空	MU7082	公务舱	1660	8	8
FLIGHT	C005	C190	PVG	T2	SZX	T3	2026-06-25T21:35:00	2026-06-26T00:10:00	东方航空	MU7083	经济舱	640	29	36
FLIGHT	C005	C190	PVG	T2	SZX	T3	2026-06-25T21:35:00	2026-06-26T00:10:00	东方航空	MU7083	公务舱	1660	7	8
FLIGHT	C190	C005	SZX	T3	PVG	T2	2026-06-25T17:20:00	2026-06-25T19:55:00	深圳航空	ZH7090	经济舱	640	31	36
FLIGHT	C190	C005	SZX	T3	PVG	T2	2026-06-25T17:20:00	2026-06-25T19:55:00	深圳航空	ZH7090	公务舱	1660	5	8
FLIGHT	C190	C005	SZX	T3	SHA	T2	2026-06-25T18:45:00	2026-06-25T21:20:00	深圳航空	ZH7091	经济舱	640	30	36
FLIGHT	C190	C005	SZX	T3	SHA	T2	2026-06-25T18:45:00	2026-06-25T21:20:00	深圳航空	ZH7091	公务舱	1660	8	8
FLIGHT	C190	C005	SZX	T3	PVG	T2	2026-06-25T20:10:00	2026-06-25T22:45:00	深圳航空	ZH7092	经济舱	640	29	36
FLIGHT	C190	C005	SZX	T3	PVG	T2	2026-06-25T20:10:00	2026-06-25T22:45:00	深圳航空	ZH7092	公务舱	1660	7	8
FLIGHT	C190	C005	SZX	T3	SHA	T2	2026-06-25T21:35:00	2026-06-26T00:10:00	深圳航空	ZH7093	经济舱	640	28	36
FLIGHT	C190	C005	SZX	T3	SHA	T2	2026-06-25T21:35:00	2026-06-26T00:10:00	深圳航空	ZH7093	公务舱	1660	6	8
FLIGHT	C039	C128	PEK	T3	TFU	T2	2026-06-25T17:20:00	2026-06-25T20:20:00	中国国航	CA7100	经济舱	690	30	36
FLIGHT	C039	C128	PEK	T3	TFU	T2	2026-06-25T17:20:00	2026-06-25T20:20:00	中国国航	CA7100	公务舱	1790	8	8
FLIGHT	C039	C128	PKX	T2	CTU	T2	2026-06-25T18:45:00	2026-06-25T21:45:00	中国国航	CA7101	经济舱	690	29	36
FLIGHT	C039	C128	PKX	T2	CTU	T2	2026-06-25T18:45:00	2026-06-25T21:45:00	中国国航	CA7101	公务舱	1790	7	8
FLIGHT	C039	C128	PEK	T3	TFU	T2	2026-06-25T20:10:00	2026-06-25T23:10:00	中国国航	CA7102	经济舱	690	28	36
FLIGHT	C039	C128	PEK	T3	TFU	T2	2026-06-25T20:10:00	2026-06-25T23:10:00	中国国航	CA7102	公务舱	1790	6	8
FLIGHT	C039	C128	PKX	T2	CTU	T2	2026-06-25T21:35:00	2026-06-26T00:35:00	中国国航	CA7103	经济舱	690	27	36
FLIGHT	C039	C128	PKX	T2	CTU	T2	2026-06-25T21:35:00	2026-06-26T00:35:00	中国国航	CA7103	公务舱	1790	5	8
FLIGHT	C128	C039	CTU	T2	PKX	T2	2026-06-25T17:20:00	2026-06-25T20:20:00	四川航空	3U7110	经济舱	690	29	36
FLIGHT	C128	C039	CTU	T2	PKX	T2	2026-06-25T17:20:00	2026-06-25T20:20:00	四川航空	3U7110	公务舱	1790	7	8
FLIGHT	C128	C039	TFU	T2	PEK	T3	2026-06-25T18:45:00	2026-06-25T21:45:00	四川航空	3U7111	经济舱	690	28	36
FLIGHT	C128	C039	TFU	T2	PEK	T3	2026-06-25T18:45:00	2026-06-25T21:45:00	四川航空	3U7111	公务舱	1790	6	8
FLIGHT	C128	C039	CTU	T2	PKX	T2	2026-06-25T20:10:00	2026-06-25T23:10:00	四川航空	3U7112	经济舱	690	27	36
FLIGHT	C128	C039	CTU	T2	PKX	T2	2026-06-25T20:10:00	2026-06-25T23:10:00	四川航空	3U7112	公务舱	1790	5	8
FLIGHT	C128	C039	TFU	T2	PEK	T3	2026-06-25T21:35:00	2026-06-26T00:35:00	四川航空	3U7113	经济舱	690	26	36
FLIGHT	C128	C039	TFU	T2	PEK	T3	2026-06-25T21:35:00	2026-06-26T00:35:00	四川航空	3U7113	公务舱	1790	8	8
FLIGHT	C005	C128	SHA	T2	TFU	T2	2026-06-25T17:20:00	2026-06-25T20:30:00	东方航空	MU7120	经济舱	720	28	36
FLIGHT	C005	C128	SHA	T2	TFU	T2	2026-06-25T17:20:00	2026-06-25T20:30:00	东方航空	MU7120	公务舱	1870	6	8
FLIGHT	C005	C128	PVG	T2	CTU	T2	2026-06-25T18:45:00	2026-06-25T21:55:00	东方航空	MU7121	经济舱	720	27	36
FLIGHT	C005	C128	PVG	T2	CTU	T2	2026-06-25T18:45:00	2026-06-25T21:55:00	东方航空	MU7121	公务舱	1870	5	8
FLIGHT	C005	C128	SHA	T2	TFU	T2	2026-06-25T20:10:00	2026-06-25T23:20:00	东方航空	MU7122	经济舱	720	26	36
FLIGHT	C005	C128	SHA	T2	TFU	T2	2026-06-25T20:10:00	2026-06-25T23:20:00	东方航空	MU7122	公务舱	1870	8	8
FLIGHT	C005	C128	PVG	T2	CTU	T2	2026-06-25T21:35:00	2026-06-26T00:45:00	东方航空	MU7123	经济舱	720	25	36
FLIGHT	C005	C128	PVG	T2	CTU	T2	2026-06-25T21:35:00	2026-06-26T00:45:00	东方航空	MU7123	公务舱	1870	7	8
FLIGHT	C128	C005	CTU	T2	PVG	T2	2026-06-25T17:20:00	2026-06-25T20:30:00	四川航空	3U7130	经济舱	720	27	36
FLIGHT	C128	C005	CTU	T2	PVG	T2	2026-06-25T17:20:00	2026-06-25T20:30:00	四川航空	3U7130	公务舱	1870	5	8
FLIGHT	C128	C005	TFU	T2	SHA	T2	2026-06-25T18:45:00	2026-06-25T21:55:00	四川航空	3U7131	经济舱	720	26	36
FLIGHT	C128	C005	TFU	T2	SHA	T2	2026-06-25T18:45:00	2026-06-25T21:55:00	四川航空	3U7131	公务舱	1870	8	8
FLIGHT	C128	C005	CTU	T2	PVG	T2	2026-06-25T20:10:00	2026-06-25T23:20:00	四川航空	3U7132	经济舱	720	25	36
FLIGHT	C128	C005	CTU	T2	PVG	T2	2026-06-25T20:10:00	2026-06-25T23:20:00	四川航空	3U7132	公务舱	1870	7	8
FLIGHT	C128	C005	TFU	T2	SHA	T2	2026-06-25T21:35:00	2026-06-26T00:45:00	四川航空	3U7133	经济舱	720	24	36
FLIGHT	C128	C005	TFU	T2	SHA	T2	2026-06-25T21:35:00	2026-06-26T00:45:00	四川航空	3U7133	公务舱	1870	6	8
FLIGHT	C112	C128	CAN	T2	TFU	T2	2026-06-25T17:20:00	2026-06-25T19:40:00	南方航空	CZ7140	经济舱	560	26	36
FLIGHT	C112	C128	CAN	T2	TFU	T2	2026-06-25T17:20:00	2026-06-25T19:40:00	南方航空	CZ7140	公务舱	1460	8	8
FLIGHT	C112	C128	CAN	T2	CTU	T2	2026-06-25T18:45:00	2026-06-25T21:05:00	南方航空	CZ7141	经济舱	560	25	36
FLIGHT	C112	C128	CAN	T2	CTU	T2	2026-06-25T18:45:00	2026-06-25T21:05:00	南方航空	CZ7141	公务舱	1460	7	8
FLIGHT	C112	C128	CAN	T2	TFU	T2	2026-06-25T20:10:00	2026-06-25T22:30:00	南方航空	CZ7142	经济舱	560	24	36
FLIGHT	C112	C128	CAN	T2	TFU	T2	2026-06-25T20:10:00	2026-06-25T22:30:00	南方航空	CZ7142	公务舱	1460	6	8
FLIGHT	C112	C128	CAN	T2	CTU	T2	2026-06-25T21:35:00	2026-06-25T23:55:00	南方航空	CZ7143	经济舱	560	23	36
FLIGHT	C112	C128	CAN	T2	CTU	T2	2026-06-25T21:35:00	2026-06-25T23:55:00	南方航空	CZ7143	公务舱	1460	5	8
FLIGHT	C128	C112	CTU	T2	CAN	T2	2026-06-25T17:20:00	2026-06-25T19:40:00	四川航空	3U7150	经济舱	560	25	36
FLIGHT	C128	C112	CTU	T2	CAN	T2	2026-06-25T17:20:00	2026-06-25T19:40:00	四川航空	3U7150	公务舱	1460	7	8
FLIGHT	C128	C112	TFU	T2	CAN	T2	2026-06-25T18:45:00	2026-06-25T21:05:00	四川航空	3U7151	经济舱	560	24	36
FLIGHT	C128	C112	TFU	T2	CAN	T2	2026-06-25T18:45:00	2026-06-25T21:05:00	四川航空	3U7151	公务舱	1460	6	8
FLIGHT	C128	C112	CTU	T2	CAN	T2	2026-06-25T20:10:00	2026-06-25T22:30:00	四川航空	3U7152	经济舱	560	23	36
FLIGHT	C128	C112	CTU	T2	CAN	T2	2026-06-25T20:10:00	2026-06-25T22:30:00	四川航空	3U7152	公务舱	1460	5	8
FLIGHT	C128	C112	TFU	T2	CAN	T2	2026-06-25T21:35:00	2026-06-25T23:55:00	四川航空	3U7153	经济舱	560	22	36
FLIGHT	C128	C112	TFU	T2	CAN	T2	2026-06-25T21:35:00	2026-06-25T23:55:00	四川航空	3U7153	公务舱	1460	8	8
FLIGHT	C039	C153	PEK	T3	HGH	T4	2026-06-25T17:20:00	2026-06-25T19:30:00	中国国航	CA7160	经济舱	480	24	36
FLIGHT	C039	C153	PEK	T3	HGH	T4	2026-06-25T17:20:00	2026-06-25T19:30:00	中国国航	CA7160	公务舱	1250	6	8
FLIGHT	C039	C153	PKX	T2	HGH	T4	2026-06-25T18:45:00	2026-06-25T20:55:00	中国国航	CA7161	经济舱	480	23	36
FLIGHT	C039	C153	PKX	T2	HGH	T4	2026-06-25T18:45:00	2026-06-25T20:55:00	中国国航	CA7161	公务舱	1250	5	8
FLIGHT	C039	C153	PEK	T3	HGH	T4	2026-06-25T20:10:00	2026-06-25T22:20:00	中国国航	CA7162	经济舱	480	22	36
FLIGHT	C039	C153	PEK	T3	HGH	T4	2026-06-25T20:10:00	2026-06-25T22:20:00	中国国航	CA7162	公务舱	1250	8	8
FLIGHT	C039	C153	PKX	T2	HGH	T4	2026-06-25T21:35:00	2026-06-25T23:45:00	中国国航	CA7163	经济舱	480	21	36
FLIGHT	C039	C153	PKX	T2	HGH	T4	2026-06-25T21:35:00	2026-06-25T23:45:00	中国国航	CA7163	公务舱	1250	7	8
FLIGHT	C153	C039	HGH	T4	PKX	T2	2026-06-25T17:20:00	2026-06-25T19:30:00	海南航空	HU7170	经济舱	480	23	36
FLIGHT	C153	C039	HGH	T4	PKX	T2	2026-06-25T17:20:00	2026-06-25T19:30:00	海南航空	HU7170	公务舱	1250	5	8
FLIGHT	C153	C039	HGH	T4	PEK	T3	2026-06-25T18:45:00	2026-06-25T20:55:00	海南航空	HU7171	经济舱	480	22	36
FLIGHT	C153	C039	HGH	T4	PEK	T3	2026-06-25T18:45:00	2026-06-25T20:55:00	海南航空	HU7171	公务舱	1250	8	8
FLIGHT	C153	C039	HGH	T4	PKX	T2	2026-06-25T20:10:00	2026-06-25T22:20:00	海南航空	HU7172	经济舱	480	21	36
FLIGHT	C153	C039	HGH	T4	PKX	T2	2026-06-25T20:10:00	2026-06-25T22:20:00	海南航空	HU7172	公务舱	1250	7	8
FLIGHT	C153	C039	HGH	T4	PEK	T3	2026-06-25T21:35:00	2026-06-25T23:45:00	海南航空	HU7173	经济舱	480	20	36
FLIGHT	C153	C039	HGH	T4	PEK	T3	2026-06-25T21:35:00	2026-06-25T23:45:00	海南航空	HU7173	公务舱	1250	6	8
FLIGHT	C005	C246	SHA	T2	XIY	T3	2026-06-25T17:20:00	2026-06-25T20:00:00	东方航空	MU7180	经济舱	650	22	36
FLIGHT	C005	C246	SHA	T2	XIY	T3	2026-06-25T17:20:00	2026-06-25T20:00:00	东方航空	MU7180	公务舱	1690	8	8
FLIGHT	C005	C246	PVG	T2	XIY	T3	2026-06-25T18:45:00	2026-06-25T21:25:00	东方航空	MU7181	经济舱	650	21	36
FLIGHT	C005	C246	PVG	T2	XIY	T3	2026-06-25T18:45:00	2026-06-25T21:25:00	东方航空	MU7181	公务舱	1690	7	8
FLIGHT	C005	C246	SHA	T2	XIY	T3	2026-06-25T20:10:00	2026-06-25T22:50:00	东方航空	MU7182	经济舱	650	20	36
FLIGHT	C005	C246	SHA	T2	XIY	T3	2026-06-25T20:10:00	2026-06-25T22:50:00	东方航空	MU7182	公务舱	1690	6	8
FLIGHT	C005	C246	PVG	T2	XIY	T3	2026-06-25T21:35:00	2026-06-26T00:15:00	东方航空	MU7183	经济舱	650	19	36
FLIGHT	C005	C246	PVG	T2	XIY	T3	2026-06-25T21:35:00	2026-06-26T00:15:00	东方航空	MU7183	公务舱	1690	5	8
FLIGHT	C246	C005	XIY	T3	PVG	T2	2026-06-25T17:20:00	2026-06-25T20:00:00	海南航空	HU7190	经济舱	650	21	36
FLIGHT	C246	C005	XIY	T3	PVG	T2	2026-06-25T17:20:00	2026-06-25T20:00:00	海南航空	HU7190	公务舱	1690	7	8
FLIGHT	C246	C005	XIY	T3	SHA	T2	2026-06-25T18:45:00	2026-06-25T21:25:00	海南航空	HU7191	经济舱	650	20	36
FLIGHT	C246	C005	XIY	T3	SHA	T2	2026-06-25T18:45:00	2026-06-25T21:25:00	海南航空	HU7191	公务舱	1690	6	8
FLIGHT	C246	C005	XIY	T3	PVG	T2	2026-06-25T20:10:00	2026-06-25T22:50:00	海南航空	HU7192	经济舱	650	19	36
FLIGHT	C246	C005	XIY	T3	PVG	T2	2026-06-25T20:10:00	2026-06-25T22:50:00	海南航空	HU7192	公务舱	1690	5	8
FLIGHT	C246	C005	XIY	T3	SHA	T2	2026-06-25T21:35:00	2026-06-26T00:15:00	海南航空	HU7193	经济舱	650	36	36
FLIGHT	C246	C005	XIY	T3	SHA	T2	2026-06-25T21:35:00	2026-06-26T00:15:00	海南航空	HU7193	公务舱	1690	8	8
FLIGHT	C039	C272	PEK	T3	CKG	T3	2026-06-25T17:20:00	2026-06-25T20:10:00	中国国航	CA7200	经济舱	680	20	36
FLIGHT	C039	C272	PEK	T3	CKG	T3	2026-06-25T17:20:00	2026-06-25T20:10:00	中国国航	CA7200	公务舱	1770	6	8
FLIGHT	C039	C272	PKX	T2	CKG	T3	2026-06-25T18:45:00	2026-06-25T21:35:00	中国国航	CA7201	经济舱	680	19	36
FLIGHT	C039	C272	PKX	T2	CKG	T3	2026-06-25T18:45:00	2026-06-25T21:35:00	中国国航	CA7201	公务舱	1770	5	8
FLIGHT	C039	C272	PEK	T3	CKG	T3	2026-06-25T20:10:00	2026-06-25T23:00:00	中国国航	CA7202	经济舱	680	36	36
FLIGHT	C039	C272	PEK	T3	CKG	T3	2026-06-25T20:10:00	2026-06-25T23:00:00	中国国航	CA7202	公务舱	1770	8	8
FLIGHT	C039	C272	PKX	T2	CKG	T3	2026-06-25T21:35:00	2026-06-26T00:25:00	中国国航	CA7203	经济舱	680	35	36
FLIGHT	C039	C272	PKX	T2	CKG	T3	2026-06-25T21:35:00	2026-06-26T00:25:00	中国国航	CA7203	公务舱	1770	7	8
FLIGHT	C272	C039	CKG	T3	PKX	T2	2026-06-25T17:20:00	2026-06-25T20:10:00	四川航空	3U7210	经济舱	680	19	36
FLIGHT	C272	C039	CKG	T3	PKX	T2	2026-06-25T17:20:00	2026-06-25T20:10:00	四川航空	3U7210	公务舱	1770	5	8
FLIGHT	C272	C039	CKG	T3	PEK	T3	2026-06-25T18:45:00	2026-06-25T21:35:00	四川航空	3U7211	经济舱	680	36	36
FLIGHT	C272	C039	CKG	T3	PEK	T3	2026-06-25T18:45:00	2026-06-25T21:35:00	四川航空	3U7211	公务舱	1770	8	8
FLIGHT	C272	C039	CKG	T3	PKX	T2	2026-06-25T20:10:00	2026-06-25T23:00:00	四川航空	3U7212	经济舱	680	35	36
FLIGHT	C272	C039	CKG	T3	PKX	T2	2026-06-25T20:10:00	2026-06-25T23:00:00	四川航空	3U7212	公务舱	1770	7	8
FLIGHT	C272	C039	CKG	T3	PEK	T3	2026-06-25T21:35:00	2026-06-26T00:25:00	四川航空	3U7213	经济舱	680	34	36
FLIGHT	C272	C039	CKG	T3	PEK	T3	2026-06-25T21:35:00	2026-06-26T00:25:00	四川航空	3U7213	公务舱	1770	6	8
FLIGHT	C039	C005	PKX	T2	SHA	T2	2026-06-26T17:20:00	2026-06-26T19:45:00	中国国航	CA7000	经济舱	520	21	36
FLIGHT	C039	C005	PKX	T2	SHA	T2	2026-06-26T17:20:00	2026-06-26T19:45:00	中国国航	CA7000	公务舱	1350	5	8
FLIGHT	C039	C005	PEK	T3	PVG	T2	2026-06-26T18:45:00	2026-06-26T21:10:00	中国国航	CA7001	经济舱	520	20	36
FLIGHT	C039	C005	PEK	T3	PVG	T2	2026-06-26T18:45:00	2026-06-26T21:10:00	中国国航	CA7001	公务舱	1350	8	8
FLIGHT	C039	C005	PKX	T2	SHA	T2	2026-06-26T20:10:00	2026-06-26T22:35:00	中国国航	CA7002	经济舱	520	19	36
FLIGHT	C039	C005	PKX	T2	SHA	T2	2026-06-26T20:10:00	2026-06-26T22:35:00	中国国航	CA7002	公务舱	1350	7	8
FLIGHT	C039	C005	PEK	T3	PVG	T2	2026-06-26T21:35:00	2026-06-27T00:00:00	中国国航	CA7003	经济舱	520	36	36
FLIGHT	C039	C005	PEK	T3	PVG	T2	2026-06-26T21:35:00	2026-06-27T00:00:00	中国国航	CA7003	公务舱	1350	6	8
FLIGHT	C005	C039	PVG	T2	PEK	T3	2026-06-26T17:20:00	2026-06-26T19:45:00	东方航空	MU7010	经济舱	520	20	36
FLIGHT	C005	C039	PVG	T2	PEK	T3	2026-06-26T17:20:00	2026-06-26T19:45:00	东方航空	MU7010	公务舱	1350	8	8
FLIGHT	C005	C039	SHA	T2	PKX	T2	2026-06-26T18:45:00	2026-06-26T21:10:00	东方航空	MU7011	经济舱	520	19	36
FLIGHT	C005	C039	SHA	T2	PKX	T2	2026-06-26T18:45:00	2026-06-26T21:10:00	东方航空	MU7011	公务舱	1350	7	8
FLIGHT	C005	C039	PVG	T2	PEK	T3	2026-06-26T20:10:00	2026-06-26T22:35:00	东方航空	MU7012	经济舱	520	36	36
FLIGHT	C005	C039	PVG	T2	PEK	T3	2026-06-26T20:10:00	2026-06-26T22:35:00	东方航空	MU7012	公务舱	1350	6	8
FLIGHT	C005	C039	SHA	T2	PKX	T2	2026-06-26T21:35:00	2026-06-27T00:00:00	东方航空	MU7013	经济舱	520	35	36
FLIGHT	C005	C039	SHA	T2	PKX	T2	2026-06-26T21:35:00	2026-06-27T00:00:00	东方航空	MU7013	公务舱	1350	5	8
FLIGHT	C039	C112	PKX	T2	CAN	T2	2026-06-26T17:20:00	2026-06-26T20:35:00	中国国航	CA7020	经济舱	720	19	36
FLIGHT	C039	C112	PKX	T2	CAN	T2	2026-06-26T17:20:00	2026-06-26T20:35:00	中国国航	CA7020	公务舱	1870	7	8
FLIGHT	C039	C112	PEK	T3	CAN	T2	2026-06-26T18:45:00	2026-06-26T22:00:00	中国国航	CA7021	经济舱	720	36	36
FLIGHT	C039	C112	PEK	T3	CAN	T2	2026-06-26T18:45:00	2026-06-26T22:00:00	中国国航	CA7021	公务舱	1870	6	8
FLIGHT	C039	C112	PKX	T2	CAN	T2	2026-06-26T20:10:00	2026-06-26T23:25:00	中国国航	CA7022	经济舱	720	35	36
FLIGHT	C039	C112	PKX	T2	CAN	T2	2026-06-26T20:10:00	2026-06-26T23:25:00	中国国航	CA7022	公务舱	1870	5	8
FLIGHT	C039	C112	PEK	T3	CAN	T2	2026-06-26T21:35:00	2026-06-27T00:50:00	中国国航	CA7023	经济舱	720	34	36
FLIGHT	C039	C112	PEK	T3	CAN	T2	2026-06-26T21:35:00	2026-06-27T00:50:00	中国国航	CA7023	公务舱	1870	8	8
FLIGHT	C112	C039	CAN	T2	PEK	T3	2026-06-26T17:20:00	2026-06-26T20:35:00	南方航空	CZ7030	经济舱	720	36	36
FLIGHT	C112	C039	CAN	T2	PEK	T3	2026-06-26T17:20:00	2026-06-26T20:35:00	南方航空	CZ7030	公务舱	1870	6	8
FLIGHT	C112	C039	CAN	T2	PKX	T2	2026-06-26T18:45:00	2026-06-26T22:00:00	南方航空	CZ7031	经济舱	720	35	36
FLIGHT	C112	C039	CAN	T2	PKX	T2	2026-06-26T18:45:00	2026-06-26T22:00:00	南方航空	CZ7031	公务舱	1870	5	8
FLIGHT	C112	C039	CAN	T2	PEK	T3	2026-06-26T20:10:00	2026-06-26T23:25:00	南方航空	CZ7032	经济舱	720	34	36
FLIGHT	C112	C039	CAN	T2	PEK	T3	2026-06-26T20:10:00	2026-06-26T23:25:00	南方航空	CZ7032	公务舱	1870	8	8
FLIGHT	C112	C039	CAN	T2	PKX	T2	2026-06-26T21:35:00	2026-06-27T00:50:00	南方航空	CZ7033	经济舱	720	33	36
FLIGHT	C112	C039	CAN	T2	PKX	T2	2026-06-26T21:35:00	2026-06-27T00:50:00	南方航空	CZ7033	公务舱	1870	7	8
FLIGHT	C039	C190	PKX	T2	SZX	T3	2026-06-26T17:20:00	2026-06-26T20:45:00	中国国航	CA7040	经济舱	760	35	36
FLIGHT	C039	C190	PKX	T2	SZX	T3	2026-06-26T17:20:00	2026-06-26T20:45:00	中国国航	CA7040	公务舱	1980	5	8
FLIGHT	C039	C190	PEK	T3	SZX	T3	2026-06-26T18:45:00	2026-06-26T22:10:00	中国国航	CA7041	经济舱	760	34	36
FLIGHT	C039	C190	PEK	T3	SZX	T3	2026-06-26T18:45:00	2026-06-26T22:10:00	中国国航	CA7041	公务舱	1980	8	8
FLIGHT	C039	C190	PKX	T2	SZX	T3	2026-06-26T20:10:00	2026-06-26T23:35:00	中国国航	CA7042	经济舱	760	33	36
FLIGHT	C039	C190	PKX	T2	SZX	T3	2026-06-26T20:10:00	2026-06-26T23:35:00	中国国航	CA7042	公务舱	1980	7	8
FLIGHT	C039	C190	PEK	T3	SZX	T3	2026-06-26T21:35:00	2026-06-27T01:00:00	中国国航	CA7043	经济舱	760	32	36
FLIGHT	C039	C190	PEK	T3	SZX	T3	2026-06-26T21:35:00	2026-06-27T01:00:00	中国国航	CA7043	公务舱	1980	6	8
FLIGHT	C190	C039	SZX	T3	PEK	T3	2026-06-26T17:20:00	2026-06-26T20:45:00	深圳航空	ZH7050	经济舱	760	34	36
FLIGHT	C190	C039	SZX	T3	PEK	T3	2026-06-26T17:20:00	2026-06-26T20:45:00	深圳航空	ZH7050	公务舱	1980	8	8
FLIGHT	C190	C039	SZX	T3	PKX	T2	2026-06-26T18:45:00	2026-06-26T22:10:00	深圳航空	ZH7051	经济舱	760	33	36
FLIGHT	C190	C039	SZX	T3	PKX	T2	2026-06-26T18:45:00	2026-06-26T22:10:00	深圳航空	ZH7051	公务舱	1980	7	8
FLIGHT	C190	C039	SZX	T3	PEK	T3	2026-06-26T20:10:00	2026-06-26T23:35:00	深圳航空	ZH7052	经济舱	760	32	36
FLIGHT	C190	C039	SZX	T3	PEK	T3	2026-06-26T20:10:00	2026-06-26T23:35:00	深圳航空	ZH7052	公务舱	1980	6	8
FLIGHT	C190	C039	SZX	T3	PKX	T2	2026-06-26T21:35:00	2026-06-27T01:00:00	深圳航空	ZH7053	经济舱	760	31	36
FLIGHT	C190	C039	SZX	T3	PKX	T2	2026-06-26T21:35:00	2026-06-27T01:00:00	深圳航空	ZH7053	公务舱	1980	5	8
FLIGHT	C005	C112	PVG	T2	CAN	T2	2026-06-26T17:20:00	2026-06-26T19:55:00	东方航空	MU7060	经济舱	610	33	36
FLIGHT	C005	C112	PVG	T2	CAN	T2	2026-06-26T17:20:00	2026-06-26T19:55:00	东方航空	MU7060	公务舱	1590	7	8
FLIGHT	C005	C112	SHA	T2	CAN	T2	2026-06-26T18:45:00	2026-06-26T21:20:00	东方航空	MU7061	经济舱	610	32	36
FLIGHT	C005	C112	SHA	T2	CAN	T2	2026-06-26T18:45:00	2026-06-26T21:20:00	东方航空	MU7061	公务舱	1590	6	8
FLIGHT	C005	C112	PVG	T2	CAN	T2	2026-06-26T20:10:00	2026-06-26T22:45:00	东方航空	MU7062	经济舱	610	31	36
FLIGHT	C005	C112	PVG	T2	CAN	T2	2026-06-26T20:10:00	2026-06-26T22:45:00	东方航空	MU7062	公务舱	1590	5	8
FLIGHT	C005	C112	SHA	T2	CAN	T2	2026-06-26T21:35:00	2026-06-27T00:10:00	东方航空	MU7063	经济舱	610	30	36
FLIGHT	C005	C112	SHA	T2	CAN	T2	2026-06-26T21:35:00	2026-06-27T00:10:00	东方航空	MU7063	公务舱	1590	8	8
FLIGHT	C112	C005	CAN	T2	SHA	T2	2026-06-26T17:20:00	2026-06-26T19:55:00	南方航空	CZ7070	经济舱	610	32	36
FLIGHT	C112	C005	CAN	T2	SHA	T2	2026-06-26T17:20:00	2026-06-26T19:55:00	南方航空	CZ7070	公务舱	1590	6	8
FLIGHT	C112	C005	CAN	T2	PVG	T2	2026-06-26T18:45:00	2026-06-26T21:20:00	南方航空	CZ7071	经济舱	610	31	36
FLIGHT	C112	C005	CAN	T2	PVG	T2	2026-06-26T18:45:00	2026-06-26T21:20:00	南方航空	CZ7071	公务舱	1590	5	8
FLIGHT	C112	C005	CAN	T2	SHA	T2	2026-06-26T20:10:00	2026-06-26T22:45:00	南方航空	CZ7072	经济舱	610	30	36
FLIGHT	C112	C005	CAN	T2	SHA	T2	2026-06-26T20:10:00	2026-06-26T22:45:00	南方航空	CZ7072	公务舱	1590	8	8
FLIGHT	C112	C005	CAN	T2	PVG	T2	2026-06-26T21:35:00	2026-06-27T00:10:00	南方航空	CZ7073	经济舱	610	29	36
FLIGHT	C112	C005	CAN	T2	PVG	T2	2026-06-26T21:35:00	2026-06-27T00:10:00	南方航空	CZ7073	公务舱	1590	7	8
FLIGHT	C005	C190	PVG	T2	SZX	T3	2026-06-26T17:20:00	2026-06-26T19:55:00	东方航空	MU7080	经济舱	640	31	36
FLIGHT	C005	C190	PVG	T2	SZX	T3	2026-06-26T17:20:00	2026-06-26T19:55:00	东方航空	MU7080	公务舱	1660	5	8
FLIGHT	C005	C190	SHA	T2	SZX	T3	2026-06-26T18:45:00	2026-06-26T21:20:00	东方航空	MU7081	经济舱	640	30	36
FLIGHT	C005	C190	SHA	T2	SZX	T3	2026-06-26T18:45:00	2026-06-26T21:20:00	东方航空	MU7081	公务舱	1660	8	8
FLIGHT	C005	C190	PVG	T2	SZX	T3	2026-06-26T20:10:00	2026-06-26T22:45:00	东方航空	MU7082	经济舱	640	29	36
FLIGHT	C005	C190	PVG	T2	SZX	T3	2026-06-26T20:10:00	2026-06-26T22:45:00	东方航空	MU7082	公务舱	1660	7	8
FLIGHT	C005	C190	SHA	T2	SZX	T3	2026-06-26T21:35:00	2026-06-27T00:10:00	东方航空	MU7083	经济舱	640	28	36
FLIGHT	C005	C190	SHA	T2	SZX	T3	2026-06-26T21:35:00	2026-06-27T00:10:00	东方航空	MU7083	公务舱	1660	6	8
FLIGHT	C190	C005	SZX	T3	SHA	T2	2026-06-26T17:20:00	2026-06-26T19:55:00	深圳航空	ZH7090	经济舱	640	30	36
FLIGHT	C190	C005	SZX	T3	SHA	T2	2026-06-26T17:20:00	2026-06-26T19:55:00	深圳航空	ZH7090	公务舱	1660	8	8
FLIGHT	C190	C005	SZX	T3	PVG	T2	2026-06-26T18:45:00	2026-06-26T21:20:00	深圳航空	ZH7091	经济舱	640	29	36
FLIGHT	C190	C005	SZX	T3	PVG	T2	2026-06-26T18:45:00	2026-06-26T21:20:00	深圳航空	ZH7091	公务舱	1660	7	8
FLIGHT	C190	C005	SZX	T3	SHA	T2	2026-06-26T20:10:00	2026-06-26T22:45:00	深圳航空	ZH7092	经济舱	640	28	36
FLIGHT	C190	C005	SZX	T3	SHA	T2	2026-06-26T20:10:00	2026-06-26T22:45:00	深圳航空	ZH7092	公务舱	1660	6	8
FLIGHT	C190	C005	SZX	T3	PVG	T2	2026-06-26T21:35:00	2026-06-27T00:10:00	深圳航空	ZH7093	经济舱	640	27	36
FLIGHT	C190	C005	SZX	T3	PVG	T2	2026-06-26T21:35:00	2026-06-27T00:10:00	深圳航空	ZH7093	公务舱	1660	5	8
FLIGHT	C039	C128	PKX	T2	CTU	T2	2026-06-26T17:20:00	2026-06-26T20:20:00	中国国航	CA7100	经济舱	690	29	36
FLIGHT	C039	C128	PKX	T2	CTU	T2	2026-06-26T17:20:00	2026-06-26T20:20:00	中国国航	CA7100	公务舱	1790	7	8
FLIGHT	C039	C128	PEK	T3	TFU	T2	2026-06-26T18:45:00	2026-06-26T21:45:00	中国国航	CA7101	经济舱	690	28	36
FLIGHT	C039	C128	PEK	T3	TFU	T2	2026-06-26T18:45:00	2026-06-26T21:45:00	中国国航	CA7101	公务舱	1790	6	8
FLIGHT	C039	C128	PKX	T2	CTU	T2	2026-06-26T20:10:00	2026-06-26T23:10:00	中国国航	CA7102	经济舱	690	27	36
FLIGHT	C039	C128	PKX	T2	CTU	T2	2026-06-26T20:10:00	2026-06-26T23:10:00	中国国航	CA7102	公务舱	1790	5	8
FLIGHT	C039	C128	PEK	T3	TFU	T2	2026-06-26T21:35:00	2026-06-27T00:35:00	中国国航	CA7103	经济舱	690	26	36
FLIGHT	C039	C128	PEK	T3	TFU	T2	2026-06-26T21:35:00	2026-06-27T00:35:00	中国国航	CA7103	公务舱	1790	8	8
FLIGHT	C128	C039	TFU	T2	PEK	T3	2026-06-26T17:20:00	2026-06-26T20:20:00	四川航空	3U7110	经济舱	690	28	36
FLIGHT	C128	C039	TFU	T2	PEK	T3	2026-06-26T17:20:00	2026-06-26T20:20:00	四川航空	3U7110	公务舱	1790	6	8
FLIGHT	C128	C039	CTU	T2	PKX	T2	2026-06-26T18:45:00	2026-06-26T21:45:00	四川航空	3U7111	经济舱	690	27	36
FLIGHT	C128	C039	CTU	T2	PKX	T2	2026-06-26T18:45:00	2026-06-26T21:45:00	四川航空	3U7111	公务舱	1790	5	8
FLIGHT	C128	C039	TFU	T2	PEK	T3	2026-06-26T20:10:00	2026-06-26T23:10:00	四川航空	3U7112	经济舱	690	26	36
FLIGHT	C128	C039	TFU	T2	PEK	T3	2026-06-26T20:10:00	2026-06-26T23:10:00	四川航空	3U7112	公务舱	1790	8	8
FLIGHT	C128	C039	CTU	T2	PKX	T2	2026-06-26T21:35:00	2026-06-27T00:35:00	四川航空	3U7113	经济舱	690	25	36
FLIGHT	C128	C039	CTU	T2	PKX	T2	2026-06-26T21:35:00	2026-06-27T00:35:00	四川航空	3U7113	公务舱	1790	7	8
FLIGHT	C005	C128	PVG	T2	CTU	T2	2026-06-26T17:20:00	2026-06-26T20:30:00	东方航空	MU7120	经济舱	720	27	36
FLIGHT	C005	C128	PVG	T2	CTU	T2	2026-06-26T17:20:00	2026-06-26T20:30:00	东方航空	MU7120	公务舱	1870	5	8
FLIGHT	C005	C128	SHA	T2	TFU	T2	2026-06-26T18:45:00	2026-06-26T21:55:00	东方航空	MU7121	经济舱	720	26	36
FLIGHT	C005	C128	SHA	T2	TFU	T2	2026-06-26T18:45:00	2026-06-26T21:55:00	东方航空	MU7121	公务舱	1870	8	8
FLIGHT	C005	C128	PVG	T2	CTU	T2	2026-06-26T20:10:00	2026-06-26T23:20:00	东方航空	MU7122	经济舱	720	25	36
FLIGHT	C005	C128	PVG	T2	CTU	T2	2026-06-26T20:10:00	2026-06-26T23:20:00	东方航空	MU7122	公务舱	1870	7	8
FLIGHT	C005	C128	SHA	T2	TFU	T2	2026-06-26T21:35:00	2026-06-27T00:45:00	东方航空	MU7123	经济舱	720	24	36
FLIGHT	C005	C128	SHA	T2	TFU	T2	2026-06-26T21:35:00	2026-06-27T00:45:00	东方航空	MU7123	公务舱	1870	6	8
FLIGHT	C128	C005	TFU	T2	SHA	T2	2026-06-26T17:20:00	2026-06-26T20:30:00	四川航空	3U7130	经济舱	720	26	36
FLIGHT	C128	C005	TFU	T2	SHA	T2	2026-06-26T17:20:00	2026-06-26T20:30:00	四川航空	3U7130	公务舱	1870	8	8
FLIGHT	C128	C005	CTU	T2	PVG	T2	2026-06-26T18:45:00	2026-06-26T21:55:00	四川航空	3U7131	经济舱	720	25	36
FLIGHT	C128	C005	CTU	T2	PVG	T2	2026-06-26T18:45:00	2026-06-26T21:55:00	四川航空	3U7131	公务舱	1870	7	8
FLIGHT	C128	C005	TFU	T2	SHA	T2	2026-06-26T20:10:00	2026-06-26T23:20:00	四川航空	3U7132	经济舱	720	24	36
FLIGHT	C128	C005	TFU	T2	SHA	T2	2026-06-26T20:10:00	2026-06-26T23:20:00	四川航空	3U7132	公务舱	1870	6	8
FLIGHT	C128	C005	CTU	T2	PVG	T2	2026-06-26T21:35:00	2026-06-27T00:45:00	四川航空	3U7133	经济舱	720	23	36
FLIGHT	C128	C005	CTU	T2	PVG	T2	2026-06-26T21:35:00	2026-06-27T00:45:00	四川航空	3U7133	公务舱	1870	5	8
FLIGHT	C112	C128	CAN	T2	CTU	T2	2026-06-26T17:20:00	2026-06-26T19:40:00	南方航空	CZ7140	经济舱	560	25	36
FLIGHT	C112	C128	CAN	T2	CTU	T2	2026-06-26T17:20:00	2026-06-26T19:40:00	南方航空	CZ7140	公务舱	1460	7	8
FLIGHT	C112	C128	CAN	T2	TFU	T2	2026-06-26T18:45:00	2026-06-26T21:05:00	南方航空	CZ7141	经济舱	560	24	36
FLIGHT	C112	C128	CAN	T2	TFU	T2	2026-06-26T18:45:00	2026-06-26T21:05:00	南方航空	CZ7141	公务舱	1460	6	8
FLIGHT	C112	C128	CAN	T2	CTU	T2	2026-06-26T20:10:00	2026-06-26T22:30:00	南方航空	CZ7142	经济舱	560	23	36
FLIGHT	C112	C128	CAN	T2	CTU	T2	2026-06-26T20:10:00	2026-06-26T22:30:00	南方航空	CZ7142	公务舱	1460	5	8
FLIGHT	C112	C128	CAN	T2	TFU	T2	2026-06-26T21:35:00	2026-06-26T23:55:00	南方航空	CZ7143	经济舱	560	22	36
FLIGHT	C112	C128	CAN	T2	TFU	T2	2026-06-26T21:35:00	2026-06-26T23:55:00	南方航空	CZ7143	公务舱	1460	8	8
FLIGHT	C128	C112	TFU	T2	CAN	T2	2026-06-26T17:20:00	2026-06-26T19:40:00	四川航空	3U7150	经济舱	560	24	36
FLIGHT	C128	C112	TFU	T2	CAN	T2	2026-06-26T17:20:00	2026-06-26T19:40:00	四川航空	3U7150	公务舱	1460	6	8
FLIGHT	C128	C112	CTU	T2	CAN	T2	2026-06-26T18:45:00	2026-06-26T21:05:00	四川航空	3U7151	经济舱	560	23	36
FLIGHT	C128	C112	CTU	T2	CAN	T2	2026-06-26T18:45:00	2026-06-26T21:05:00	四川航空	3U7151	公务舱	1460	5	8
FLIGHT	C128	C112	TFU	T2	CAN	T2	2026-06-26T20:10:00	2026-06-26T22:30:00	四川航空	3U7152	经济舱	560	22	36
FLIGHT	C128	C112	TFU	T2	CAN	T2	2026-06-26T20:10:00	2026-06-26T22:30:00	四川航空	3U7152	公务舱	1460	8	8
FLIGHT	C128	C112	CTU	T2	CAN	T2	2026-06-26T21:35:00	2026-06-26T23:55:00	四川航空	3U7153	经济舱	560	21	36
FLIGHT	C128	C112	CTU	T2	CAN	T2	2026-06-26T21:35:00	2026-06-26T23:55:00	四川航空	3U7153	公务舱	1460	7	8
FLIGHT	C039	C153	PKX	T2	HGH	T4	2026-06-26T17:20:00	2026-06-26T19:30:00	中国国航	CA7160	经济舱	480	23	36
FLIGHT	C039	C153	PKX	T2	HGH	T4	2026-06-26T17:20:00	2026-06-26T19:30:00	中国国航	CA7160	公务舱	1250	5	8
FLIGHT	C039	C153	PEK	T3	HGH	T4	2026-06-26T18:45:00	2026-06-26T20:55:00	中国国航	CA7161	经济舱	480	22	36
FLIGHT	C039	C153	PEK	T3	HGH	T4	2026-06-26T18:45:00	2026-06-26T20:55:00	中国国航	CA7161	公务舱	1250	8	8
FLIGHT	C039	C153	PKX	T2	HGH	T4	2026-06-26T20:10:00	2026-06-26T22:20:00	中国国航	CA7162	经济舱	480	21	36
FLIGHT	C039	C153	PKX	T2	HGH	T4	2026-06-26T20:10:00	2026-06-26T22:20:00	中国国航	CA7162	公务舱	1250	7	8
FLIGHT	C039	C153	PEK	T3	HGH	T4	2026-06-26T21:35:00	2026-06-26T23:45:00	中国国航	CA7163	经济舱	480	20	36
FLIGHT	C039	C153	PEK	T3	HGH	T4	2026-06-26T21:35:00	2026-06-26T23:45:00	中国国航	CA7163	公务舱	1250	6	8
FLIGHT	C153	C039	HGH	T4	PEK	T3	2026-06-26T17:20:00	2026-06-26T19:30:00	海南航空	HU7170	经济舱	480	22	36
FLIGHT	C153	C039	HGH	T4	PEK	T3	2026-06-26T17:20:00	2026-06-26T19:30:00	海南航空	HU7170	公务舱	1250	8	8
FLIGHT	C153	C039	HGH	T4	PKX	T2	2026-06-26T18:45:00	2026-06-26T20:55:00	海南航空	HU7171	经济舱	480	21	36
FLIGHT	C153	C039	HGH	T4	PKX	T2	2026-06-26T18:45:00	2026-06-26T20:55:00	海南航空	HU7171	公务舱	1250	7	8
FLIGHT	C153	C039	HGH	T4	PEK	T3	2026-06-26T20:10:00	2026-06-26T22:20:00	海南航空	HU7172	经济舱	480	20	36
FLIGHT	C153	C039	HGH	T4	PEK	T3	2026-06-26T20:10:00	2026-06-26T22:20:00	海南航空	HU7172	公务舱	1250	6	8
FLIGHT	C153	C039	HGH	T4	PKX	T2	2026-06-26T21:35:00	2026-06-26T23:45:00	海南航空	HU7173	经济舱	480	19	36
FLIGHT	C153	C039	HGH	T4	PKX	T2	2026-06-26T21:35:00	2026-06-26T23:45:00	海南航空	HU7173	公务舱	1250	5	8
FLIGHT	C005	C246	PVG	T2	XIY	T3	2026-06-26T17:20:00	2026-06-26T20:00:00	东方航空	MU7180	经济舱	650	21	36
FLIGHT	C005	C246	PVG	T2	XIY	T3	2026-06-26T17:20:00	2026-06-26T20:00:00	东方航空	MU7180	公务舱	1690	7	8
FLIGHT	C005	C246	SHA	T2	XIY	T3	2026-06-26T18:45:00	2026-06-26T21:25:00	东方航空	MU7181	经济舱	650	20	36
FLIGHT	C005	C246	SHA	T2	XIY	T3	2026-06-26T18:45:00	2026-06-26T21:25:00	东方航空	MU7181	公务舱	1690	6	8
FLIGHT	C005	C246	PVG	T2	XIY	T3	2026-06-26T20:10:00	2026-06-26T22:50:00	东方航空	MU7182	经济舱	650	19	36
FLIGHT	C005	C246	PVG	T2	XIY	T3	2026-06-26T20:10:00	2026-06-26T22:50:00	东方航空	MU7182	公务舱	1690	5	8
FLIGHT	C005	C246	SHA	T2	XIY	T3	2026-06-26T21:35:00	2026-06-27T00:15:00	东方航空	MU7183	经济舱	650	36	36
FLIGHT	C005	C246	SHA	T2	XIY	T3	2026-06-26T21:35:00	2026-06-27T00:15:00	东方航空	MU7183	公务舱	1690	8	8
FLIGHT	C246	C005	XIY	T3	SHA	T2	2026-06-26T17:20:00	2026-06-26T20:00:00	海南航空	HU7190	经济舱	650	20	36
FLIGHT	C246	C005	XIY	T3	SHA	T2	2026-06-26T17:20:00	2026-06-26T20:00:00	海南航空	HU7190	公务舱	1690	6	8
FLIGHT	C246	C005	XIY	T3	PVG	T2	2026-06-26T18:45:00	2026-06-26T21:25:00	海南航空	HU7191	经济舱	650	19	36
FLIGHT	C246	C005	XIY	T3	PVG	T2	2026-06-26T18:45:00	2026-06-26T21:25:00	海南航空	HU7191	公务舱	1690	5	8
FLIGHT	C246	C005	XIY	T3	SHA	T2	2026-06-26T20:10:00	2026-06-26T22:50:00	海南航空	HU7192	经济舱	650	36	36
FLIGHT	C246	C005	XIY	T3	SHA	T2	2026-06-26T20:10:00	2026-06-26T22:50:00	海南航空	HU7192	公务舱	1690	8	8
FLIGHT	C246	C005	XIY	T3	PVG	T2	2026-06-26T21:35:00	2026-06-27T00:15:00	海南航空	HU7193	经济舱	650	35	36
FLIGHT	C246	C005	XIY	T3	PVG	T2	2026-06-26T21:35:00	2026-06-27T00:15:00	海南航空	HU7193	公务舱	1690	7	8
FLIGHT	C039	C272	PKX	T2	CKG	T3	2026-06-26T17:20:00	2026-06-26T20:10:00	中国国航	CA7200	经济舱	680	19	36
FLIGHT	C039	C272	PKX	T2	CKG	T3	2026-06-26T17:20:00	2026-06-26T20:10:00	中国国航	CA7200	公务舱	1770	5	8
FLIGHT	C039	C272	PEK	T3	CKG	T3	2026-06-26T18:45:00	2026-06-26T21:35:00	中国国航	CA7201	经济舱	680	36	36
FLIGHT	C039	C272	PEK	T3	CKG	T3	2026-06-26T18:45:00	2026-06-26T21:35:00	中国国航	CA7201	公务舱	1770	8	8
FLIGHT	C039	C272	PKX	T2	CKG	T3	2026-06-26T20:10:00	2026-06-26T23:00:00	中国国航	CA7202	经济舱	680	35	36
FLIGHT	C039	C272	PKX	T2	CKG	T3	2026-06-26T20:10:00	2026-06-26T23:00:00	中国国航	CA7202	公务舱	1770	7	8
FLIGHT	C039	C272	PEK	T3	CKG	T3	2026-06-26T21:35:00	2026-06-27T00:25:00	中国国航	CA7203	经济舱	680	34	36
FLIGHT	C039	C272	PEK	T3	CKG	T3	2026-06-26T21:35:00	2026-06-27T00:25:00	中国国航	CA7203	公务舱	1770	6	8
FLIGHT	C272	C039	CKG	T3	PEK	T3	2026-06-26T17:20:00	2026-06-26T20:10:00	四川航空	3U7210	经济舱	680	36	36
FLIGHT	C272	C039	CKG	T3	PEK	T3	2026-06-26T17:20:00	2026-06-26T20:10:00	四川航空	3U7210	公务舱	1770	8	8
FLIGHT	C272	C039	CKG	T3	PKX	T2	2026-06-26T18:45:00	2026-06-26T21:35:00	四川航空	3U7211	经济舱	680	35	36
FLIGHT	C272	C039	CKG	T3	PKX	T2	2026-06-26T18:45:00	2026-06-26T21:35:00	四川航空	3U7211	公务舱	1770	7	8
FLIGHT	C272	C039	CKG	T3	PEK	T3	2026-06-26T20:10:00	2026-06-26T23:00:00	四川航空	3U7212	经济舱	680	34	36
FLIGHT	C272	C039	CKG	T3	PEK	T3	2026-06-26T20:10:00	2026-06-26T23:00:00	四川航空	3U7212	公务舱	1770	6	8
FLIGHT	C272	C039	CKG	T3	PKX	T2	2026-06-26T21:35:00	2026-06-27T00:25:00	四川航空	3U7213	经济舱	680	33	36
FLIGHT	C272	C039	CKG	T3	PKX	T2	2026-06-26T21:35:00	2026-06-27T00:25:00	四川航空	3U7213	公务舱	1770	5	8
FLIGHT	C039	C005	PEK	T3	PVG	T2	2026-06-27T17:20:00	2026-06-27T19:45:00	中国国航	CA7000	经济舱	520	20	36
FLIGHT	C039	C005	PEK	T3	PVG	T2	2026-06-27T17:20:00	2026-06-27T19:45:00	中国国航	CA7000	公务舱	1350	8	8
FLIGHT	C039	C005	PKX	T2	SHA	T2	2026-06-27T18:45:00	2026-06-27T21:10:00	中国国航	CA7001	经济舱	520	19	36
FLIGHT	C039	C005	PKX	T2	SHA	T2	2026-06-27T18:45:00	2026-06-27T21:10:00	中国国航	CA7001	公务舱	1350	7	8
FLIGHT	C039	C005	PEK	T3	PVG	T2	2026-06-27T20:10:00	2026-06-27T22:35:00	中国国航	CA7002	经济舱	520	36	36
FLIGHT	C039	C005	PEK	T3	PVG	T2	2026-06-27T20:10:00	2026-06-27T22:35:00	中国国航	CA7002	公务舱	1350	6	8
FLIGHT	C039	C005	PKX	T2	SHA	T2	2026-06-27T21:35:00	2026-06-28T00:00:00	中国国航	CA7003	经济舱	520	35	36
FLIGHT	C039	C005	PKX	T2	SHA	T2	2026-06-27T21:35:00	2026-06-28T00:00:00	中国国航	CA7003	公务舱	1350	5	8
FLIGHT	C005	C039	SHA	T2	PKX	T2	2026-06-27T17:20:00	2026-06-27T19:45:00	东方航空	MU7010	经济舱	520	19	36
FLIGHT	C005	C039	SHA	T2	PKX	T2	2026-06-27T17:20:00	2026-06-27T19:45:00	东方航空	MU7010	公务舱	1350	7	8
FLIGHT	C005	C039	PVG	T2	PEK	T3	2026-06-27T18:45:00	2026-06-27T21:10:00	东方航空	MU7011	经济舱	520	36	36
FLIGHT	C005	C039	PVG	T2	PEK	T3	2026-06-27T18:45:00	2026-06-27T21:10:00	东方航空	MU7011	公务舱	1350	6	8
FLIGHT	C005	C039	SHA	T2	PKX	T2	2026-06-27T20:10:00	2026-06-27T22:35:00	东方航空	MU7012	经济舱	520	35	36
FLIGHT	C005	C039	SHA	T2	PKX	T2	2026-06-27T20:10:00	2026-06-27T22:35:00	东方航空	MU7012	公务舱	1350	5	8
FLIGHT	C005	C039	PVG	T2	PEK	T3	2026-06-27T21:35:00	2026-06-28T00:00:00	东方航空	MU7013	经济舱	520	34	36
FLIGHT	C005	C039	PVG	T2	PEK	T3	2026-06-27T21:35:00	2026-06-28T00:00:00	东方航空	MU7013	公务舱	1350	8	8
FLIGHT	C039	C112	PEK	T3	CAN	T2	2026-06-27T17:20:00	2026-06-27T20:35:00	中国国航	CA7020	经济舱	720	36	36
FLIGHT	C039	C112	PEK	T3	CAN	T2	2026-06-27T17:20:00	2026-06-27T20:35:00	中国国航	CA7020	公务舱	1870	6	8
FLIGHT	C039	C112	PKX	T2	CAN	T2	2026-06-27T18:45:00	2026-06-27T22:00:00	中国国航	CA7021	经济舱	720	35	36
FLIGHT	C039	C112	PKX	T2	CAN	T2	2026-06-27T18:45:00	2026-06-27T22:00:00	中国国航	CA7021	公务舱	1870	5	8
FLIGHT	C039	C112	PEK	T3	CAN	T2	2026-06-27T20:10:00	2026-06-27T23:25:00	中国国航	CA7022	经济舱	720	34	36
FLIGHT	C039	C112	PEK	T3	CAN	T2	2026-06-27T20:10:00	2026-06-27T23:25:00	中国国航	CA7022	公务舱	1870	8	8
FLIGHT	C039	C112	PKX	T2	CAN	T2	2026-06-27T21:35:00	2026-06-28T00:50:00	中国国航	CA7023	经济舱	720	33	36
FLIGHT	C039	C112	PKX	T2	CAN	T2	2026-06-27T21:35:00	2026-06-28T00:50:00	中国国航	CA7023	公务舱	1870	7	8
FLIGHT	C112	C039	CAN	T2	PKX	T2	2026-06-27T17:20:00	2026-06-27T20:35:00	南方航空	CZ7030	经济舱	720	35	36
FLIGHT	C112	C039	CAN	T2	PKX	T2	2026-06-27T17:20:00	2026-06-27T20:35:00	南方航空	CZ7030	公务舱	1870	5	8
FLIGHT	C112	C039	CAN	T2	PEK	T3	2026-06-27T18:45:00	2026-06-27T22:00:00	南方航空	CZ7031	经济舱	720	34	36
FLIGHT	C112	C039	CAN	T2	PEK	T3	2026-06-27T18:45:00	2026-06-27T22:00:00	南方航空	CZ7031	公务舱	1870	8	8
FLIGHT	C112	C039	CAN	T2	PKX	T2	2026-06-27T20:10:00	2026-06-27T23:25:00	南方航空	CZ7032	经济舱	720	33	36
FLIGHT	C112	C039	CAN	T2	PKX	T2	2026-06-27T20:10:00	2026-06-27T23:25:00	南方航空	CZ7032	公务舱	1870	7	8
FLIGHT	C112	C039	CAN	T2	PEK	T3	2026-06-27T21:35:00	2026-06-28T00:50:00	南方航空	CZ7033	经济舱	720	32	36
FLIGHT	C112	C039	CAN	T2	PEK	T3	2026-06-27T21:35:00	2026-06-28T00:50:00	南方航空	CZ7033	公务舱	1870	6	8
FLIGHT	C039	C190	PEK	T3	SZX	T3	2026-06-27T17:20:00	2026-06-27T20:45:00	中国国航	CA7040	经济舱	760	34	36
FLIGHT	C039	C190	PEK	T3	SZX	T3	2026-06-27T17:20:00	2026-06-27T20:45:00	中国国航	CA7040	公务舱	1980	8	8
FLIGHT	C039	C190	PKX	T2	SZX	T3	2026-06-27T18:45:00	2026-06-27T22:10:00	中国国航	CA7041	经济舱	760	33	36
FLIGHT	C039	C190	PKX	T2	SZX	T3	2026-06-27T18:45:00	2026-06-27T22:10:00	中国国航	CA7041	公务舱	1980	7	8
FLIGHT	C039	C190	PEK	T3	SZX	T3	2026-06-27T20:10:00	2026-06-27T23:35:00	中国国航	CA7042	经济舱	760	32	36
FLIGHT	C039	C190	PEK	T3	SZX	T3	2026-06-27T20:10:00	2026-06-27T23:35:00	中国国航	CA7042	公务舱	1980	6	8
FLIGHT	C039	C190	PKX	T2	SZX	T3	2026-06-27T21:35:00	2026-06-28T01:00:00	中国国航	CA7043	经济舱	760	31	36
FLIGHT	C039	C190	PKX	T2	SZX	T3	2026-06-27T21:35:00	2026-06-28T01:00:00	中国国航	CA7043	公务舱	1980	5	8
FLIGHT	C190	C039	SZX	T3	PKX	T2	2026-06-27T17:20:00	2026-06-27T20:45:00	深圳航空	ZH7050	经济舱	760	33	36
FLIGHT	C190	C039	SZX	T3	PKX	T2	2026-06-27T17:20:00	2026-06-27T20:45:00	深圳航空	ZH7050	公务舱	1980	7	8
FLIGHT	C190	C039	SZX	T3	PEK	T3	2026-06-27T18:45:00	2026-06-27T22:10:00	深圳航空	ZH7051	经济舱	760	32	36
FLIGHT	C190	C039	SZX	T3	PEK	T3	2026-06-27T18:45:00	2026-06-27T22:10:00	深圳航空	ZH7051	公务舱	1980	6	8
FLIGHT	C190	C039	SZX	T3	PKX	T2	2026-06-27T20:10:00	2026-06-27T23:35:00	深圳航空	ZH7052	经济舱	760	31	36
FLIGHT	C190	C039	SZX	T3	PKX	T2	2026-06-27T20:10:00	2026-06-27T23:35:00	深圳航空	ZH7052	公务舱	1980	5	8
FLIGHT	C190	C039	SZX	T3	PEK	T3	2026-06-27T21:35:00	2026-06-28T01:00:00	深圳航空	ZH7053	经济舱	760	30	36
FLIGHT	C190	C039	SZX	T3	PEK	T3	2026-06-27T21:35:00	2026-06-28T01:00:00	深圳航空	ZH7053	公务舱	1980	8	8
FLIGHT	C005	C112	SHA	T2	CAN	T2	2026-06-27T17:20:00	2026-06-27T19:55:00	东方航空	MU7060	经济舱	610	32	36
FLIGHT	C005	C112	SHA	T2	CAN	T2	2026-06-27T17:20:00	2026-06-27T19:55:00	东方航空	MU7060	公务舱	1590	6	8
FLIGHT	C005	C112	PVG	T2	CAN	T2	2026-06-27T18:45:00	2026-06-27T21:20:00	东方航空	MU7061	经济舱	610	31	36
FLIGHT	C005	C112	PVG	T2	CAN	T2	2026-06-27T18:45:00	2026-06-27T21:20:00	东方航空	MU7061	公务舱	1590	5	8
FLIGHT	C005	C112	SHA	T2	CAN	T2	2026-06-27T20:10:00	2026-06-27T22:45:00	东方航空	MU7062	经济舱	610	30	36
FLIGHT	C005	C112	SHA	T2	CAN	T2	2026-06-27T20:10:00	2026-06-27T22:45:00	东方航空	MU7062	公务舱	1590	8	8
FLIGHT	C005	C112	PVG	T2	CAN	T2	2026-06-27T21:35:00	2026-06-28T00:10:00	东方航空	MU7063	经济舱	610	29	36
FLIGHT	C005	C112	PVG	T2	CAN	T2	2026-06-27T21:35:00	2026-06-28T00:10:00	东方航空	MU7063	公务舱	1590	7	8
FLIGHT	C112	C005	CAN	T2	PVG	T2	2026-06-27T17:20:00	2026-06-27T19:55:00	南方航空	CZ7070	经济舱	610	31	36
FLIGHT	C112	C005	CAN	T2	PVG	T2	2026-06-27T17:20:00	2026-06-27T19:55:00	南方航空	CZ7070	公务舱	1590	5	8
FLIGHT	C112	C005	CAN	T2	SHA	T2	2026-06-27T18:45:00	2026-06-27T21:20:00	南方航空	CZ7071	经济舱	610	30	36
FLIGHT	C112	C005	CAN	T2	SHA	T2	2026-06-27T18:45:00	2026-06-27T21:20:00	南方航空	CZ7071	公务舱	1590	8	8
FLIGHT	C112	C005	CAN	T2	PVG	T2	2026-06-27T20:10:00	2026-06-27T22:45:00	南方航空	CZ7072	经济舱	610	29	36
FLIGHT	C112	C005	CAN	T2	PVG	T2	2026-06-27T20:10:00	2026-06-27T22:45:00	南方航空	CZ7072	公务舱	1590	7	8
FLIGHT	C112	C005	CAN	T2	SHA	T2	2026-06-27T21:35:00	2026-06-28T00:10:00	南方航空	CZ7073	经济舱	610	28	36
FLIGHT	C112	C005	CAN	T2	SHA	T2	2026-06-27T21:35:00	2026-06-28T00:10:00	南方航空	CZ7073	公务舱	1590	6	8
FLIGHT	C005	C190	SHA	T2	SZX	T3	2026-06-27T17:20:00	2026-06-27T19:55:00	东方航空	MU7080	经济舱	640	30	36
FLIGHT	C005	C190	SHA	T2	SZX	T3	2026-06-27T17:20:00	2026-06-27T19:55:00	东方航空	MU7080	公务舱	1660	8	8
FLIGHT	C005	C190	PVG	T2	SZX	T3	2026-06-27T18:45:00	2026-06-27T21:20:00	东方航空	MU7081	经济舱	640	29	36
FLIGHT	C005	C190	PVG	T2	SZX	T3	2026-06-27T18:45:00	2026-06-27T21:20:00	东方航空	MU7081	公务舱	1660	7	8
FLIGHT	C005	C190	SHA	T2	SZX	T3	2026-06-27T20:10:00	2026-06-27T22:45:00	东方航空	MU7082	经济舱	640	28	36
FLIGHT	C005	C190	SHA	T2	SZX	T3	2026-06-27T20:10:00	2026-06-27T22:45:00	东方航空	MU7082	公务舱	1660	6	8
FLIGHT	C005	C190	PVG	T2	SZX	T3	2026-06-27T21:35:00	2026-06-28T00:10:00	东方航空	MU7083	经济舱	640	27	36
FLIGHT	C005	C190	PVG	T2	SZX	T3	2026-06-27T21:35:00	2026-06-28T00:10:00	东方航空	MU7083	公务舱	1660	5	8
FLIGHT	C190	C005	SZX	T3	PVG	T2	2026-06-27T17:20:00	2026-06-27T19:55:00	深圳航空	ZH7090	经济舱	640	29	36
FLIGHT	C190	C005	SZX	T3	PVG	T2	2026-06-27T17:20:00	2026-06-27T19:55:00	深圳航空	ZH7090	公务舱	1660	7	8
FLIGHT	C190	C005	SZX	T3	SHA	T2	2026-06-27T18:45:00	2026-06-27T21:20:00	深圳航空	ZH7091	经济舱	640	28	36
FLIGHT	C190	C005	SZX	T3	SHA	T2	2026-06-27T18:45:00	2026-06-27T21:20:00	深圳航空	ZH7091	公务舱	1660	6	8
FLIGHT	C190	C005	SZX	T3	PVG	T2	2026-06-27T20:10:00	2026-06-27T22:45:00	深圳航空	ZH7092	经济舱	640	27	36
FLIGHT	C190	C005	SZX	T3	PVG	T2	2026-06-27T20:10:00	2026-06-27T22:45:00	深圳航空	ZH7092	公务舱	1660	5	8
FLIGHT	C190	C005	SZX	T3	SHA	T2	2026-06-27T21:35:00	2026-06-28T00:10:00	深圳航空	ZH7093	经济舱	640	26	36
FLIGHT	C190	C005	SZX	T3	SHA	T2	2026-06-27T21:35:00	2026-06-28T00:10:00	深圳航空	ZH7093	公务舱	1660	8	8
FLIGHT	C039	C128	PEK	T3	TFU	T2	2026-06-27T17:20:00	2026-06-27T20:20:00	中国国航	CA7100	经济舱	690	28	36
FLIGHT	C039	C128	PEK	T3	TFU	T2	2026-06-27T17:20:00	2026-06-27T20:20:00	中国国航	CA7100	公务舱	1790	6	8
FLIGHT	C039	C128	PKX	T2	CTU	T2	2026-06-27T18:45:00	2026-06-27T21:45:00	中国国航	CA7101	经济舱	690	27	36
FLIGHT	C039	C128	PKX	T2	CTU	T2	2026-06-27T18:45:00	2026-06-27T21:45:00	中国国航	CA7101	公务舱	1790	5	8
FLIGHT	C039	C128	PEK	T3	TFU	T2	2026-06-27T20:10:00	2026-06-27T23:10:00	中国国航	CA7102	经济舱	690	26	36
FLIGHT	C039	C128	PEK	T3	TFU	T2	2026-06-27T20:10:00	2026-06-27T23:10:00	中国国航	CA7102	公务舱	1790	8	8
FLIGHT	C039	C128	PKX	T2	CTU	T2	2026-06-27T21:35:00	2026-06-28T00:35:00	中国国航	CA7103	经济舱	690	25	36
FLIGHT	C039	C128	PKX	T2	CTU	T2	2026-06-27T21:35:00	2026-06-28T00:35:00	中国国航	CA7103	公务舱	1790	7	8
FLIGHT	C128	C039	CTU	T2	PKX	T2	2026-06-27T17:20:00	2026-06-27T20:20:00	四川航空	3U7110	经济舱	690	27	36
FLIGHT	C128	C039	CTU	T2	PKX	T2	2026-06-27T17:20:00	2026-06-27T20:20:00	四川航空	3U7110	公务舱	1790	5	8
FLIGHT	C128	C039	TFU	T2	PEK	T3	2026-06-27T18:45:00	2026-06-27T21:45:00	四川航空	3U7111	经济舱	690	26	36
FLIGHT	C128	C039	TFU	T2	PEK	T3	2026-06-27T18:45:00	2026-06-27T21:45:00	四川航空	3U7111	公务舱	1790	8	8
FLIGHT	C128	C039	CTU	T2	PKX	T2	2026-06-27T20:10:00	2026-06-27T23:10:00	四川航空	3U7112	经济舱	690	25	36
FLIGHT	C128	C039	CTU	T2	PKX	T2	2026-06-27T20:10:00	2026-06-27T23:10:00	四川航空	3U7112	公务舱	1790	7	8
FLIGHT	C128	C039	TFU	T2	PEK	T3	2026-06-27T21:35:00	2026-06-28T00:35:00	四川航空	3U7113	经济舱	690	24	36
FLIGHT	C128	C039	TFU	T2	PEK	T3	2026-06-27T21:35:00	2026-06-28T00:35:00	四川航空	3U7113	公务舱	1790	6	8
FLIGHT	C005	C128	SHA	T2	TFU	T2	2026-06-27T17:20:00	2026-06-27T20:30:00	东方航空	MU7120	经济舱	720	26	36
FLIGHT	C005	C128	SHA	T2	TFU	T2	2026-06-27T17:20:00	2026-06-27T20:30:00	东方航空	MU7120	公务舱	1870	8	8
FLIGHT	C005	C128	PVG	T2	CTU	T2	2026-06-27T18:45:00	2026-06-27T21:55:00	东方航空	MU7121	经济舱	720	25	36
FLIGHT	C005	C128	PVG	T2	CTU	T2	2026-06-27T18:45:00	2026-06-27T21:55:00	东方航空	MU7121	公务舱	1870	7	8
FLIGHT	C005	C128	SHA	T2	TFU	T2	2026-06-27T20:10:00	2026-06-27T23:20:00	东方航空	MU7122	经济舱	720	24	36
FLIGHT	C005	C128	SHA	T2	TFU	T2	2026-06-27T20:10:00	2026-06-27T23:20:00	东方航空	MU7122	公务舱	1870	6	8
FLIGHT	C005	C128	PVG	T2	CTU	T2	2026-06-27T21:35:00	2026-06-28T00:45:00	东方航空	MU7123	经济舱	720	23	36
FLIGHT	C005	C128	PVG	T2	CTU	T2	2026-06-27T21:35:00	2026-06-28T00:45:00	东方航空	MU7123	公务舱	1870	5	8
FLIGHT	C128	C005	CTU	T2	PVG	T2	2026-06-27T17:20:00	2026-06-27T20:30:00	四川航空	3U7130	经济舱	720	25	36
FLIGHT	C128	C005	CTU	T2	PVG	T2	2026-06-27T17:20:00	2026-06-27T20:30:00	四川航空	3U7130	公务舱	1870	7	8
FLIGHT	C128	C005	TFU	T2	SHA	T2	2026-06-27T18:45:00	2026-06-27T21:55:00	四川航空	3U7131	经济舱	720	24	36
FLIGHT	C128	C005	TFU	T2	SHA	T2	2026-06-27T18:45:00	2026-06-27T21:55:00	四川航空	3U7131	公务舱	1870	6	8
FLIGHT	C128	C005	CTU	T2	PVG	T2	2026-06-27T20:10:00	2026-06-27T23:20:00	四川航空	3U7132	经济舱	720	23	36
FLIGHT	C128	C005	CTU	T2	PVG	T2	2026-06-27T20:10:00	2026-06-27T23:20:00	四川航空	3U7132	公务舱	1870	5	8
FLIGHT	C128	C005	TFU	T2	SHA	T2	2026-06-27T21:35:00	2026-06-28T00:45:00	四川航空	3U7133	经济舱	720	22	36
FLIGHT	C128	C005	TFU	T2	SHA	T2	2026-06-27T21:35:00	2026-06-28T00:45:00	四川航空	3U7133	公务舱	1870	8	8
FLIGHT	C112	C128	CAN	T2	TFU	T2	2026-06-27T17:20:00	2026-06-27T19:40:00	南方航空	CZ7140	经济舱	560	24	36
FLIGHT	C112	C128	CAN	T2	TFU	T2	2026-06-27T17:20:00	2026-06-27T19:40:00	南方航空	CZ7140	公务舱	1460	6	8
FLIGHT	C112	C128	CAN	T2	CTU	T2	2026-06-27T18:45:00	2026-06-27T21:05:00	南方航空	CZ7141	经济舱	560	23	36
FLIGHT	C112	C128	CAN	T2	CTU	T2	2026-06-27T18:45:00	2026-06-27T21:05:00	南方航空	CZ7141	公务舱	1460	5	8
FLIGHT	C112	C128	CAN	T2	TFU	T2	2026-06-27T20:10:00	2026-06-27T22:30:00	南方航空	CZ7142	经济舱	560	22	36
FLIGHT	C112	C128	CAN	T2	TFU	T2	2026-06-27T20:10:00	2026-06-27T22:30:00	南方航空	CZ7142	公务舱	1460	8	8
FLIGHT	C112	C128	CAN	T2	CTU	T2	2026-06-27T21:35:00	2026-06-27T23:55:00	南方航空	CZ7143	经济舱	560	21	36
FLIGHT	C112	C128	CAN	T2	CTU	T2	2026-06-27T21:35:00	2026-06-27T23:55:00	南方航空	CZ7143	公务舱	1460	7	8
FLIGHT	C128	C112	CTU	T2	CAN	T2	2026-06-27T17:20:00	2026-06-27T19:40:00	四川航空	3U7150	经济舱	560	23	36
FLIGHT	C128	C112	CTU	T2	CAN	T2	2026-06-27T17:20:00	2026-06-27T19:40:00	四川航空	3U7150	公务舱	1460	5	8
FLIGHT	C128	C112	TFU	T2	CAN	T2	2026-06-27T18:45:00	2026-06-27T21:05:00	四川航空	3U7151	经济舱	560	22	36
FLIGHT	C128	C112	TFU	T2	CAN	T2	2026-06-27T18:45:00	2026-06-27T21:05:00	四川航空	3U7151	公务舱	1460	8	8
FLIGHT	C128	C112	CTU	T2	CAN	T2	2026-06-27T20:10:00	2026-06-27T22:30:00	四川航空	3U7152	经济舱	560	21	36
FLIGHT	C128	C112	CTU	T2	CAN	T2	2026-06-27T20:10:00	2026-06-27T22:30:00	四川航空	3U7152	公务舱	1460	7	8
FLIGHT	C128	C112	TFU	T2	CAN	T2	2026-06-27T21:35:00	2026-06-27T23:55:00	四川航空	3U7153	经济舱	560	20	36
FLIGHT	C128	C112	TFU	T2	CAN	T2	2026-06-27T21:35:00	2026-06-27T23:55:00	四川航空	3U7153	公务舱	1460	6	8
FLIGHT	C039	C153	PEK	T3	HGH	T4	2026-06-27T17:20:00	2026-06-27T19:30:00	中国国航	CA7160	经济舱	480	22	36
FLIGHT	C039	C153	PEK	T3	HGH	T4	2026-06-27T17:20:00	2026-06-27T19:30:00	中国国航	CA7160	公务舱	1250	8	8
FLIGHT	C039	C153	PKX	T2	HGH	T4	2026-06-27T18:45:00	2026-06-27T20:55:00	中国国航	CA7161	经济舱	480	21	36
FLIGHT	C039	C153	PKX	T2	HGH	T4	2026-06-27T18:45:00	2026-06-27T20:55:00	中国国航	CA7161	公务舱	1250	7	8
FLIGHT	C039	C153	PEK	T3	HGH	T4	2026-06-27T20:10:00	2026-06-27T22:20:00	中国国航	CA7162	经济舱	480	20	36
FLIGHT	C039	C153	PEK	T3	HGH	T4	2026-06-27T20:10:00	2026-06-27T22:20:00	中国国航	CA7162	公务舱	1250	6	8
FLIGHT	C039	C153	PKX	T2	HGH	T4	2026-06-27T21:35:00	2026-06-27T23:45:00	中国国航	CA7163	经济舱	480	19	36
FLIGHT	C039	C153	PKX	T2	HGH	T4	2026-06-27T21:35:00	2026-06-27T23:45:00	中国国航	CA7163	公务舱	1250	5	8
FLIGHT	C153	C039	HGH	T4	PKX	T2	2026-06-27T17:20:00	2026-06-27T19:30:00	海南航空	HU7170	经济舱	480	21	36
FLIGHT	C153	C039	HGH	T4	PKX	T2	2026-06-27T17:20:00	2026-06-27T19:30:00	海南航空	HU7170	公务舱	1250	7	8
FLIGHT	C153	C039	HGH	T4	PEK	T3	2026-06-27T18:45:00	2026-06-27T20:55:00	海南航空	HU7171	经济舱	480	20	36
FLIGHT	C153	C039	HGH	T4	PEK	T3	2026-06-27T18:45:00	2026-06-27T20:55:00	海南航空	HU7171	公务舱	1250	6	8
FLIGHT	C153	C039	HGH	T4	PKX	T2	2026-06-27T20:10:00	2026-06-27T22:20:00	海南航空	HU7172	经济舱	480	19	36
FLIGHT	C153	C039	HGH	T4	PKX	T2	2026-06-27T20:10:00	2026-06-27T22:20:00	海南航空	HU7172	公务舱	1250	5	8
FLIGHT	C153	C039	HGH	T4	PEK	T3	2026-06-27T21:35:00	2026-06-27T23:45:00	海南航空	HU7173	经济舱	480	36	36
FLIGHT	C153	C039	HGH	T4	PEK	T3	2026-06-27T21:35:00	2026-06-27T23:45:00	海南航空	HU7173	公务舱	1250	8	8
FLIGHT	C005	C246	SHA	T2	XIY	T3	2026-06-27T17:20:00	2026-06-27T20:00:00	东方航空	MU7180	经济舱	650	20	36
FLIGHT	C005	C246	SHA	T2	XIY	T3	2026-06-27T17:20:00	2026-06-27T20:00:00	东方航空	MU7180	公务舱	1690	6	8
FLIGHT	C005	C246	PVG	T2	XIY	T3	2026-06-27T18:45:00	2026-06-27T21:25:00	东方航空	MU7181	经济舱	650	19	36
FLIGHT	C005	C246	PVG	T2	XIY	T3	2026-06-27T18:45:00	2026-06-27T21:25:00	东方航空	MU7181	公务舱	1690	5	8
FLIGHT	C005	C246	SHA	T2	XIY	T3	2026-06-27T20:10:00	2026-06-27T22:50:00	东方航空	MU7182	经济舱	650	36	36
FLIGHT	C005	C246	SHA	T2	XIY	T3	2026-06-27T20:10:00	2026-06-27T22:50:00	东方航空	MU7182	公务舱	1690	8	8
FLIGHT	C005	C246	PVG	T2	XIY	T3	2026-06-27T21:35:00	2026-06-28T00:15:00	东方航空	MU7183	经济舱	650	35	36
FLIGHT	C005	C246	PVG	T2	XIY	T3	2026-06-27T21:35:00	2026-06-28T00:15:00	东方航空	MU7183	公务舱	1690	7	8
FLIGHT	C246	C005	XIY	T3	PVG	T2	2026-06-27T17:20:00	2026-06-27T20:00:00	海南航空	HU7190	经济舱	650	19	36
FLIGHT	C246	C005	XIY	T3	PVG	T2	2026-06-27T17:20:00	2026-06-27T20:00:00	海南航空	HU7190	公务舱	1690	5	8
FLIGHT	C246	C005	XIY	T3	SHA	T2	2026-06-27T18:45:00	2026-06-27T21:25:00	海南航空	HU7191	经济舱	650	36	36
FLIGHT	C246	C005	XIY	T3	SHA	T2	2026-06-27T18:45:00	2026-06-27T21:25:00	海南航空	HU7191	公务舱	1690	8	8
FLIGHT	C246	C005	XIY	T3	PVG	T2	2026-06-27T20:10:00	2026-06-27T22:50:00	海南航空	HU7192	经济舱	650	35	36
FLIGHT	C246	C005	XIY	T3	PVG	T2	2026-06-27T20:10:00	2026-06-27T22:50:00	海南航空	HU7192	公务舱	1690	7	8
FLIGHT	C246	C005	XIY	T3	SHA	T2	2026-06-27T21:35:00	2026-06-28T00:15:00	海南航空	HU7193	经济舱	650	34	36
FLIGHT	C246	C005	XIY	T3	SHA	T2	2026-06-27T21:35:00	2026-06-28T00:15:00	海南航空	HU7193	公务舱	1690	6	8
FLIGHT	C039	C272	PEK	T3	CKG	T3	2026-06-27T17:20:00	2026-06-27T20:10:00	中国国航	CA7200	经济舱	680	36	36
FLIGHT	C039	C272	PEK	T3	CKG	T3	2026-06-27T17:20:00	2026-06-27T20:10:00	中国国航	CA7200	公务舱	1770	8	8
FLIGHT	C039	C272	PKX	T2	CKG	T3	2026-06-27T18:45:00	2026-06-27T21:35:00	中国国航	CA7201	经济舱	680	35	36
FLIGHT	C039	C272	PKX	T2	CKG	T3	2026-06-27T18:45:00	2026-06-27T21:35:00	中国国航	CA7201	公务舱	1770	7	8
FLIGHT	C039	C272	PEK	T3	CKG	T3	2026-06-27T20:10:00	2026-06-27T23:00:00	中国国航	CA7202	经济舱	680	34	36
FLIGHT	C039	C272	PEK	T3	CKG	T3	2026-06-27T20:10:00	2026-06-27T23:00:00	中国国航	CA7202	公务舱	1770	6	8
FLIGHT	C039	C272	PKX	T2	CKG	T3	2026-06-27T21:35:00	2026-06-28T00:25:00	中国国航	CA7203	经济舱	680	33	36
FLIGHT	C039	C272	PKX	T2	CKG	T3	2026-06-27T21:35:00	2026-06-28T00:25:00	中国国航	CA7203	公务舱	1770	5	8
FLIGHT	C272	C039	CKG	T3	PKX	T2	2026-06-27T17:20:00	2026-06-27T20:10:00	四川航空	3U7210	经济舱	680	35	36
FLIGHT	C272	C039	CKG	T3	PKX	T2	2026-06-27T17:20:00	2026-06-27T20:10:00	四川航空	3U7210	公务舱	1770	7	8
FLIGHT	C272	C039	CKG	T3	PEK	T3	2026-06-27T18:45:00	2026-06-27T21:35:00	四川航空	3U7211	经济舱	680	34	36
FLIGHT	C272	C039	CKG	T3	PEK	T3	2026-06-27T18:45:00	2026-06-27T21:35:00	四川航空	3U7211	公务舱	1770	6	8
FLIGHT	C272	C039	CKG	T3	PKX	T2	2026-06-27T20:10:00	2026-06-27T23:00:00	四川航空	3U7212	经济舱	680	33	36
FLIGHT	C272	C039	CKG	T3	PKX	T2	2026-06-27T20:10:00	2026-06-27T23:00:00	四川航空	3U7212	公务舱	1770	5	8
FLIGHT	C272	C039	CKG	T3	PEK	T3	2026-06-27T21:35:00	2026-06-28T00:25:00	四川航空	3U7213	经济舱	680	32	36
FLIGHT	C272	C039	CKG	T3	PEK	T3	2026-06-27T21:35:00	2026-06-28T00:25:00	四川航空	3U7213	公务舱	1770	8	8
FLIGHT	C039	C005	PKX	T2	SHA	T2	2026-06-28T17:20:00	2026-06-28T19:45:00	中国国航	CA7000	经济舱	520	19	36
FLIGHT	C039	C005	PKX	T2	SHA	T2	2026-06-28T17:20:00	2026-06-28T19:45:00	中国国航	CA7000	公务舱	1350	7	8
FLIGHT	C039	C005	PEK	T3	PVG	T2	2026-06-28T18:45:00	2026-06-28T21:10:00	中国国航	CA7001	经济舱	520	36	36
FLIGHT	C039	C005	PEK	T3	PVG	T2	2026-06-28T18:45:00	2026-06-28T21:10:00	中国国航	CA7001	公务舱	1350	6	8
FLIGHT	C039	C005	PKX	T2	SHA	T2	2026-06-28T20:10:00	2026-06-28T22:35:00	中国国航	CA7002	经济舱	520	35	36
FLIGHT	C039	C005	PKX	T2	SHA	T2	2026-06-28T20:10:00	2026-06-28T22:35:00	中国国航	CA7002	公务舱	1350	5	8
FLIGHT	C039	C005	PEK	T3	PVG	T2	2026-06-28T21:35:00	2026-06-29T00:00:00	中国国航	CA7003	经济舱	520	34	36
FLIGHT	C039	C005	PEK	T3	PVG	T2	2026-06-28T21:35:00	2026-06-29T00:00:00	中国国航	CA7003	公务舱	1350	8	8
FLIGHT	C005	C039	PVG	T2	PEK	T3	2026-06-28T17:20:00	2026-06-28T19:45:00	东方航空	MU7010	经济舱	520	36	36
FLIGHT	C005	C039	PVG	T2	PEK	T3	2026-06-28T17:20:00	2026-06-28T19:45:00	东方航空	MU7010	公务舱	1350	6	8
FLIGHT	C005	C039	SHA	T2	PKX	T2	2026-06-28T18:45:00	2026-06-28T21:10:00	东方航空	MU7011	经济舱	520	35	36
FLIGHT	C005	C039	SHA	T2	PKX	T2	2026-06-28T18:45:00	2026-06-28T21:10:00	东方航空	MU7011	公务舱	1350	5	8
FLIGHT	C005	C039	PVG	T2	PEK	T3	2026-06-28T20:10:00	2026-06-28T22:35:00	东方航空	MU7012	经济舱	520	34	36
FLIGHT	C005	C039	PVG	T2	PEK	T3	2026-06-28T20:10:00	2026-06-28T22:35:00	东方航空	MU7012	公务舱	1350	8	8
FLIGHT	C005	C039	SHA	T2	PKX	T2	2026-06-28T21:35:00	2026-06-29T00:00:00	东方航空	MU7013	经济舱	520	33	36
FLIGHT	C005	C039	SHA	T2	PKX	T2	2026-06-28T21:35:00	2026-06-29T00:00:00	东方航空	MU7013	公务舱	1350	7	8
FLIGHT	C039	C112	PKX	T2	CAN	T2	2026-06-28T17:20:00	2026-06-28T20:35:00	中国国航	CA7020	经济舱	720	35	36
FLIGHT	C039	C112	PKX	T2	CAN	T2	2026-06-28T17:20:00	2026-06-28T20:35:00	中国国航	CA7020	公务舱	1870	5	8
FLIGHT	C039	C112	PEK	T3	CAN	T2	2026-06-28T18:45:00	2026-06-28T22:00:00	中国国航	CA7021	经济舱	720	34	36
FLIGHT	C039	C112	PEK	T3	CAN	T2	2026-06-28T18:45:00	2026-06-28T22:00:00	中国国航	CA7021	公务舱	1870	8	8
FLIGHT	C039	C112	PKX	T2	CAN	T2	2026-06-28T20:10:00	2026-06-28T23:25:00	中国国航	CA7022	经济舱	720	33	36
FLIGHT	C039	C112	PKX	T2	CAN	T2	2026-06-28T20:10:00	2026-06-28T23:25:00	中国国航	CA7022	公务舱	1870	7	8
FLIGHT	C039	C112	PEK	T3	CAN	T2	2026-06-28T21:35:00	2026-06-29T00:50:00	中国国航	CA7023	经济舱	720	32	36
FLIGHT	C039	C112	PEK	T3	CAN	T2	2026-06-28T21:35:00	2026-06-29T00:50:00	中国国航	CA7023	公务舱	1870	6	8
FLIGHT	C112	C039	CAN	T2	PEK	T3	2026-06-28T17:20:00	2026-06-28T20:35:00	南方航空	CZ7030	经济舱	720	34	36
FLIGHT	C112	C039	CAN	T2	PEK	T3	2026-06-28T17:20:00	2026-06-28T20:35:00	南方航空	CZ7030	公务舱	1870	8	8
FLIGHT	C112	C039	CAN	T2	PKX	T2	2026-06-28T18:45:00	2026-06-28T22:00:00	南方航空	CZ7031	经济舱	720	33	36
FLIGHT	C112	C039	CAN	T2	PKX	T2	2026-06-28T18:45:00	2026-06-28T22:00:00	南方航空	CZ7031	公务舱	1870	7	8
FLIGHT	C112	C039	CAN	T2	PEK	T3	2026-06-28T20:10:00	2026-06-28T23:25:00	南方航空	CZ7032	经济舱	720	32	36
FLIGHT	C112	C039	CAN	T2	PEK	T3	2026-06-28T20:10:00	2026-06-28T23:25:00	南方航空	CZ7032	公务舱	1870	6	8
FLIGHT	C112	C039	CAN	T2	PKX	T2	2026-06-28T21:35:00	2026-06-29T00:50:00	南方航空	CZ7033	经济舱	720	31	36
FLIGHT	C112	C039	CAN	T2	PKX	T2	2026-06-28T21:35:00	2026-06-29T00:50:00	南方航空	CZ7033	公务舱	1870	5	8
FLIGHT	C039	C190	PKX	T2	SZX	T3	2026-06-28T17:20:00	2026-06-28T20:45:00	中国国航	CA7040	经济舱	760	33	36
FLIGHT	C039	C190	PKX	T2	SZX	T3	2026-06-28T17:20:00	2026-06-28T20:45:00	中国国航	CA7040	公务舱	1980	7	8
FLIGHT	C039	C190	PEK	T3	SZX	T3	2026-06-28T18:45:00	2026-06-28T22:10:00	中国国航	CA7041	经济舱	760	32	36
FLIGHT	C039	C190	PEK	T3	SZX	T3	2026-06-28T18:45:00	2026-06-28T22:10:00	中国国航	CA7041	公务舱	1980	6	8
FLIGHT	C039	C190	PKX	T2	SZX	T3	2026-06-28T20:10:00	2026-06-28T23:35:00	中国国航	CA7042	经济舱	760	31	36
FLIGHT	C039	C190	PKX	T2	SZX	T3	2026-06-28T20:10:00	2026-06-28T23:35:00	中国国航	CA7042	公务舱	1980	5	8
FLIGHT	C039	C190	PEK	T3	SZX	T3	2026-06-28T21:35:00	2026-06-29T01:00:00	中国国航	CA7043	经济舱	760	30	36
FLIGHT	C039	C190	PEK	T3	SZX	T3	2026-06-28T21:35:00	2026-06-29T01:00:00	中国国航	CA7043	公务舱	1980	8	8
FLIGHT	C190	C039	SZX	T3	PEK	T3	2026-06-28T17:20:00	2026-06-28T20:45:00	深圳航空	ZH7050	经济舱	760	32	36
FLIGHT	C190	C039	SZX	T3	PEK	T3	2026-06-28T17:20:00	2026-06-28T20:45:00	深圳航空	ZH7050	公务舱	1980	6	8
FLIGHT	C190	C039	SZX	T3	PKX	T2	2026-06-28T18:45:00	2026-06-28T22:10:00	深圳航空	ZH7051	经济舱	760	31	36
FLIGHT	C190	C039	SZX	T3	PKX	T2	2026-06-28T18:45:00	2026-06-28T22:10:00	深圳航空	ZH7051	公务舱	1980	5	8
FLIGHT	C190	C039	SZX	T3	PEK	T3	2026-06-28T20:10:00	2026-06-28T23:35:00	深圳航空	ZH7052	经济舱	760	30	36
FLIGHT	C190	C039	SZX	T3	PEK	T3	2026-06-28T20:10:00	2026-06-28T23:35:00	深圳航空	ZH7052	公务舱	1980	8	8
FLIGHT	C190	C039	SZX	T3	PKX	T2	2026-06-28T21:35:00	2026-06-29T01:00:00	深圳航空	ZH7053	经济舱	760	29	36
FLIGHT	C190	C039	SZX	T3	PKX	T2	2026-06-28T21:35:00	2026-06-29T01:00:00	深圳航空	ZH7053	公务舱	1980	7	8
FLIGHT	C005	C112	PVG	T2	CAN	T2	2026-06-28T17:20:00	2026-06-28T19:55:00	东方航空	MU7060	经济舱	610	31	36
FLIGHT	C005	C112	PVG	T2	CAN	T2	2026-06-28T17:20:00	2026-06-28T19:55:00	东方航空	MU7060	公务舱	1590	5	8
FLIGHT	C005	C112	SHA	T2	CAN	T2	2026-06-28T18:45:00	2026-06-28T21:20:00	东方航空	MU7061	经济舱	610	30	36
FLIGHT	C005	C112	SHA	T2	CAN	T2	2026-06-28T18:45:00	2026-06-28T21:20:00	东方航空	MU7061	公务舱	1590	8	8
FLIGHT	C005	C112	PVG	T2	CAN	T2	2026-06-28T20:10:00	2026-06-28T22:45:00	东方航空	MU7062	经济舱	610	29	36
FLIGHT	C005	C112	PVG	T2	CAN	T2	2026-06-28T20:10:00	2026-06-28T22:45:00	东方航空	MU7062	公务舱	1590	7	8
FLIGHT	C005	C112	SHA	T2	CAN	T2	2026-06-28T21:35:00	2026-06-29T00:10:00	东方航空	MU7063	经济舱	610	28	36
FLIGHT	C005	C112	SHA	T2	CAN	T2	2026-06-28T21:35:00	2026-06-29T00:10:00	东方航空	MU7063	公务舱	1590	6	8
FLIGHT	C112	C005	CAN	T2	SHA	T2	2026-06-28T17:20:00	2026-06-28T19:55:00	南方航空	CZ7070	经济舱	610	30	36
FLIGHT	C112	C005	CAN	T2	SHA	T2	2026-06-28T17:20:00	2026-06-28T19:55:00	南方航空	CZ7070	公务舱	1590	8	8
FLIGHT	C112	C005	CAN	T2	PVG	T2	2026-06-28T18:45:00	2026-06-28T21:20:00	南方航空	CZ7071	经济舱	610	29	36
FLIGHT	C112	C005	CAN	T2	PVG	T2	2026-06-28T18:45:00	2026-06-28T21:20:00	南方航空	CZ7071	公务舱	1590	7	8
FLIGHT	C112	C005	CAN	T2	SHA	T2	2026-06-28T20:10:00	2026-06-28T22:45:00	南方航空	CZ7072	经济舱	610	28	36
FLIGHT	C112	C005	CAN	T2	SHA	T2	2026-06-28T20:10:00	2026-06-28T22:45:00	南方航空	CZ7072	公务舱	1590	6	8
FLIGHT	C112	C005	CAN	T2	PVG	T2	2026-06-28T21:35:00	2026-06-29T00:10:00	南方航空	CZ7073	经济舱	610	27	36
FLIGHT	C112	C005	CAN	T2	PVG	T2	2026-06-28T21:35:00	2026-06-29T00:10:00	南方航空	CZ7073	公务舱	1590	5	8
FLIGHT	C005	C190	PVG	T2	SZX	T3	2026-06-28T17:20:00	2026-06-28T19:55:00	东方航空	MU7080	经济舱	640	29	36
FLIGHT	C005	C190	PVG	T2	SZX	T3	2026-06-28T17:20:00	2026-06-28T19:55:00	东方航空	MU7080	公务舱	1660	7	8
FLIGHT	C005	C190	SHA	T2	SZX	T3	2026-06-28T18:45:00	2026-06-28T21:20:00	东方航空	MU7081	经济舱	640	28	36
FLIGHT	C005	C190	SHA	T2	SZX	T3	2026-06-28T18:45:00	2026-06-28T21:20:00	东方航空	MU7081	公务舱	1660	6	8
FLIGHT	C005	C190	PVG	T2	SZX	T3	2026-06-28T20:10:00	2026-06-28T22:45:00	东方航空	MU7082	经济舱	640	27	36
FLIGHT	C005	C190	PVG	T2	SZX	T3	2026-06-28T20:10:00	2026-06-28T22:45:00	东方航空	MU7082	公务舱	1660	5	8
FLIGHT	C005	C190	SHA	T2	SZX	T3	2026-06-28T21:35:00	2026-06-29T00:10:00	东方航空	MU7083	经济舱	640	26	36
FLIGHT	C005	C190	SHA	T2	SZX	T3	2026-06-28T21:35:00	2026-06-29T00:10:00	东方航空	MU7083	公务舱	1660	8	8
FLIGHT	C190	C005	SZX	T3	SHA	T2	2026-06-28T17:20:00	2026-06-28T19:55:00	深圳航空	ZH7090	经济舱	640	28	36
FLIGHT	C190	C005	SZX	T3	SHA	T2	2026-06-28T17:20:00	2026-06-28T19:55:00	深圳航空	ZH7090	公务舱	1660	6	8
FLIGHT	C190	C005	SZX	T3	PVG	T2	2026-06-28T18:45:00	2026-06-28T21:20:00	深圳航空	ZH7091	经济舱	640	27	36
FLIGHT	C190	C005	SZX	T3	PVG	T2	2026-06-28T18:45:00	2026-06-28T21:20:00	深圳航空	ZH7091	公务舱	1660	5	8
FLIGHT	C190	C005	SZX	T3	SHA	T2	2026-06-28T20:10:00	2026-06-28T22:45:00	深圳航空	ZH7092	经济舱	640	26	36
FLIGHT	C190	C005	SZX	T3	SHA	T2	2026-06-28T20:10:00	2026-06-28T22:45:00	深圳航空	ZH7092	公务舱	1660	8	8
FLIGHT	C190	C005	SZX	T3	PVG	T2	2026-06-28T21:35:00	2026-06-29T00:10:00	深圳航空	ZH7093	经济舱	640	25	36
FLIGHT	C190	C005	SZX	T3	PVG	T2	2026-06-28T21:35:00	2026-06-29T00:10:00	深圳航空	ZH7093	公务舱	1660	7	8
FLIGHT	C039	C128	PKX	T2	CTU	T2	2026-06-28T17:20:00	2026-06-28T20:20:00	中国国航	CA7100	经济舱	690	27	36
FLIGHT	C039	C128	PKX	T2	CTU	T2	2026-06-28T17:20:00	2026-06-28T20:20:00	中国国航	CA7100	公务舱	1790	5	8
FLIGHT	C039	C128	PEK	T3	TFU	T2	2026-06-28T18:45:00	2026-06-28T21:45:00	中国国航	CA7101	经济舱	690	26	36
FLIGHT	C039	C128	PEK	T3	TFU	T2	2026-06-28T18:45:00	2026-06-28T21:45:00	中国国航	CA7101	公务舱	1790	8	8
FLIGHT	C039	C128	PKX	T2	CTU	T2	2026-06-28T20:10:00	2026-06-28T23:10:00	中国国航	CA7102	经济舱	690	25	36
FLIGHT	C039	C128	PKX	T2	CTU	T2	2026-06-28T20:10:00	2026-06-28T23:10:00	中国国航	CA7102	公务舱	1790	7	8
FLIGHT	C039	C128	PEK	T3	TFU	T2	2026-06-28T21:35:00	2026-06-29T00:35:00	中国国航	CA7103	经济舱	690	24	36
FLIGHT	C039	C128	PEK	T3	TFU	T2	2026-06-28T21:35:00	2026-06-29T00:35:00	中国国航	CA7103	公务舱	1790	6	8
FLIGHT	C128	C039	TFU	T2	PEK	T3	2026-06-28T17:20:00	2026-06-28T20:20:00	四川航空	3U7110	经济舱	690	26	36
FLIGHT	C128	C039	TFU	T2	PEK	T3	2026-06-28T17:20:00	2026-06-28T20:20:00	四川航空	3U7110	公务舱	1790	8	8
FLIGHT	C128	C039	CTU	T2	PKX	T2	2026-06-28T18:45:00	2026-06-28T21:45:00	四川航空	3U7111	经济舱	690	25	36
FLIGHT	C128	C039	CTU	T2	PKX	T2	2026-06-28T18:45:00	2026-06-28T21:45:00	四川航空	3U7111	公务舱	1790	7	8
FLIGHT	C128	C039	TFU	T2	PEK	T3	2026-06-28T20:10:00	2026-06-28T23:10:00	四川航空	3U7112	经济舱	690	24	36
FLIGHT	C128	C039	TFU	T2	PEK	T3	2026-06-28T20:10:00	2026-06-28T23:10:00	四川航空	3U7112	公务舱	1790	6	8
FLIGHT	C128	C039	CTU	T2	PKX	T2	2026-06-28T21:35:00	2026-06-29T00:35:00	四川航空	3U7113	经济舱	690	23	36
FLIGHT	C128	C039	CTU	T2	PKX	T2	2026-06-28T21:35:00	2026-06-29T00:35:00	四川航空	3U7113	公务舱	1790	5	8
FLIGHT	C005	C128	PVG	T2	CTU	T2	2026-06-28T17:20:00	2026-06-28T20:30:00	东方航空	MU7120	经济舱	720	25	36
FLIGHT	C005	C128	PVG	T2	CTU	T2	2026-06-28T17:20:00	2026-06-28T20:30:00	东方航空	MU7120	公务舱	1870	7	8
FLIGHT	C005	C128	SHA	T2	TFU	T2	2026-06-28T18:45:00	2026-06-28T21:55:00	东方航空	MU7121	经济舱	720	24	36
FLIGHT	C005	C128	SHA	T2	TFU	T2	2026-06-28T18:45:00	2026-06-28T21:55:00	东方航空	MU7121	公务舱	1870	6	8
FLIGHT	C005	C128	PVG	T2	CTU	T2	2026-06-28T20:10:00	2026-06-28T23:20:00	东方航空	MU7122	经济舱	720	23	36
FLIGHT	C005	C128	PVG	T2	CTU	T2	2026-06-28T20:10:00	2026-06-28T23:20:00	东方航空	MU7122	公务舱	1870	5	8
FLIGHT	C005	C128	SHA	T2	TFU	T2	2026-06-28T21:35:00	2026-06-29T00:45:00	东方航空	MU7123	经济舱	720	22	36
FLIGHT	C005	C128	SHA	T2	TFU	T2	2026-06-28T21:35:00	2026-06-29T00:45:00	东方航空	MU7123	公务舱	1870	8	8
FLIGHT	C128	C005	TFU	T2	SHA	T2	2026-06-28T17:20:00	2026-06-28T20:30:00	四川航空	3U7130	经济舱	720	24	36
FLIGHT	C128	C005	TFU	T2	SHA	T2	2026-06-28T17:20:00	2026-06-28T20:30:00	四川航空	3U7130	公务舱	1870	6	8
FLIGHT	C128	C005	CTU	T2	PVG	T2	2026-06-28T18:45:00	2026-06-28T21:55:00	四川航空	3U7131	经济舱	720	23	36
FLIGHT	C128	C005	CTU	T2	PVG	T2	2026-06-28T18:45:00	2026-06-28T21:55:00	四川航空	3U7131	公务舱	1870	5	8
FLIGHT	C128	C005	TFU	T2	SHA	T2	2026-06-28T20:10:00	2026-06-28T23:20:00	四川航空	3U7132	经济舱	720	22	36
FLIGHT	C128	C005	TFU	T2	SHA	T2	2026-06-28T20:10:00	2026-06-28T23:20:00	四川航空	3U7132	公务舱	1870	8	8
FLIGHT	C128	C005	CTU	T2	PVG	T2	2026-06-28T21:35:00	2026-06-29T00:45:00	四川航空	3U7133	经济舱	720	21	36
FLIGHT	C128	C005	CTU	T2	PVG	T2	2026-06-28T21:35:00	2026-06-29T00:45:00	四川航空	3U7133	公务舱	1870	7	8
FLIGHT	C112	C128	CAN	T2	CTU	T2	2026-06-28T17:20:00	2026-06-28T19:40:00	南方航空	CZ7140	经济舱	560	23	36
FLIGHT	C112	C128	CAN	T2	CTU	T2	2026-06-28T17:20:00	2026-06-28T19:40:00	南方航空	CZ7140	公务舱	1460	5	8
FLIGHT	C112	C128	CAN	T2	TFU	T2	2026-06-28T18:45:00	2026-06-28T21:05:00	南方航空	CZ7141	经济舱	560	22	36
FLIGHT	C112	C128	CAN	T2	TFU	T2	2026-06-28T18:45:00	2026-06-28T21:05:00	南方航空	CZ7141	公务舱	1460	8	8
FLIGHT	C112	C128	CAN	T2	CTU	T2	2026-06-28T20:10:00	2026-06-28T22:30:00	南方航空	CZ7142	经济舱	560	21	36
FLIGHT	C112	C128	CAN	T2	CTU	T2	2026-06-28T20:10:00	2026-06-28T22:30:00	南方航空	CZ7142	公务舱	1460	7	8
FLIGHT	C112	C128	CAN	T2	TFU	T2	2026-06-28T21:35:00	2026-06-28T23:55:00	南方航空	CZ7143	经济舱	560	20	36
FLIGHT	C112	C128	CAN	T2	TFU	T2	2026-06-28T21:35:00	2026-06-28T23:55:00	南方航空	CZ7143	公务舱	1460	6	8
FLIGHT	C128	C112	TFU	T2	CAN	T2	2026-06-28T17:20:00	2026-06-28T19:40:00	四川航空	3U7150	经济舱	560	22	36
FLIGHT	C128	C112	TFU	T2	CAN	T2	2026-06-28T17:20:00	2026-06-28T19:40:00	四川航空	3U7150	公务舱	1460	8	8
FLIGHT	C128	C112	CTU	T2	CAN	T2	2026-06-28T18:45:00	2026-06-28T21:05:00	四川航空	3U7151	经济舱	560	21	36
FLIGHT	C128	C112	CTU	T2	CAN	T2	2026-06-28T18:45:00	2026-06-28T21:05:00	四川航空	3U7151	公务舱	1460	7	8
FLIGHT	C128	C112	TFU	T2	CAN	T2	2026-06-28T20:10:00	2026-06-28T22:30:00	四川航空	3U7152	经济舱	560	20	36
FLIGHT	C128	C112	TFU	T2	CAN	T2	2026-06-28T20:10:00	2026-06-28T22:30:00	四川航空	3U7152	公务舱	1460	6	8
FLIGHT	C128	C112	CTU	T2	CAN	T2	2026-06-28T21:35:00	2026-06-28T23:55:00	四川航空	3U7153	经济舱	560	19	36
FLIGHT	C128	C112	CTU	T2	CAN	T2	2026-06-28T21:35:00	2026-06-28T23:55:00	四川航空	3U7153	公务舱	1460	5	8
FLIGHT	C039	C153	PKX	T2	HGH	T4	2026-06-28T17:20:00	2026-06-28T19:30:00	中国国航	CA7160	经济舱	480	21	36
FLIGHT	C039	C153	PKX	T2	HGH	T4	2026-06-28T17:20:00	2026-06-28T19:30:00	中国国航	CA7160	公务舱	1250	7	8
FLIGHT	C039	C153	PEK	T3	HGH	T4	2026-06-28T18:45:00	2026-06-28T20:55:00	中国国航	CA7161	经济舱	480	20	36
FLIGHT	C039	C153	PEK	T3	HGH	T4	2026-06-28T18:45:00	2026-06-28T20:55:00	中国国航	CA7161	公务舱	1250	6	8
FLIGHT	C039	C153	PKX	T2	HGH	T4	2026-06-28T20:10:00	2026-06-28T22:20:00	中国国航	CA7162	经济舱	480	19	36
FLIGHT	C039	C153	PKX	T2	HGH	T4	2026-06-28T20:10:00	2026-06-28T22:20:00	中国国航	CA7162	公务舱	1250	5	8
FLIGHT	C039	C153	PEK	T3	HGH	T4	2026-06-28T21:35:00	2026-06-28T23:45:00	中国国航	CA7163	经济舱	480	36	36
FLIGHT	C039	C153	PEK	T3	HGH	T4	2026-06-28T21:35:00	2026-06-28T23:45:00	中国国航	CA7163	公务舱	1250	8	8
FLIGHT	C153	C039	HGH	T4	PEK	T3	2026-06-28T17:20:00	2026-06-28T19:30:00	海南航空	HU7170	经济舱	480	20	36
FLIGHT	C153	C039	HGH	T4	PEK	T3	2026-06-28T17:20:00	2026-06-28T19:30:00	海南航空	HU7170	公务舱	1250	6	8
FLIGHT	C153	C039	HGH	T4	PKX	T2	2026-06-28T18:45:00	2026-06-28T20:55:00	海南航空	HU7171	经济舱	480	19	36
FLIGHT	C153	C039	HGH	T4	PKX	T2	2026-06-28T18:45:00	2026-06-28T20:55:00	海南航空	HU7171	公务舱	1250	5	8
FLIGHT	C153	C039	HGH	T4	PEK	T3	2026-06-28T20:10:00	2026-06-28T22:20:00	海南航空	HU7172	经济舱	480	36	36
FLIGHT	C153	C039	HGH	T4	PEK	T3	2026-06-28T20:10:00	2026-06-28T22:20:00	海南航空	HU7172	公务舱	1250	8	8
FLIGHT	C153	C039	HGH	T4	PKX	T2	2026-06-28T21:35:00	2026-06-28T23:45:00	海南航空	HU7173	经济舱	480	35	36
FLIGHT	C153	C039	HGH	T4	PKX	T2	2026-06-28T21:35:00	2026-06-28T23:45:00	海南航空	HU7173	公务舱	1250	7	8
FLIGHT	C005	C246	PVG	T2	XIY	T3	2026-06-28T17:20:00	2026-06-28T20:00:00	东方航空	MU7180	经济舱	650	19	36
FLIGHT	C005	C246	PVG	T2	XIY	T3	2026-06-28T17:20:00	2026-06-28T20:00:00	东方航空	MU7180	公务舱	1690	5	8
FLIGHT	C005	C246	SHA	T2	XIY	T3	2026-06-28T18:45:00	2026-06-28T21:25:00	东方航空	MU7181	经济舱	650	36	36
FLIGHT	C005	C246	SHA	T2	XIY	T3	2026-06-28T18:45:00	2026-06-28T21:25:00	东方航空	MU7181	公务舱	1690	8	8
FLIGHT	C005	C246	PVG	T2	XIY	T3	2026-06-28T20:10:00	2026-06-28T22:50:00	东方航空	MU7182	经济舱	650	35	36
FLIGHT	C005	C246	PVG	T2	XIY	T3	2026-06-28T20:10:00	2026-06-28T22:50:00	东方航空	MU7182	公务舱	1690	7	8
FLIGHT	C005	C246	SHA	T2	XIY	T3	2026-06-28T21:35:00	2026-06-29T00:15:00	东方航空	MU7183	经济舱	650	34	36
FLIGHT	C005	C246	SHA	T2	XIY	T3	2026-06-28T21:35:00	2026-06-29T00:15:00	东方航空	MU7183	公务舱	1690	6	8
FLIGHT	C246	C005	XIY	T3	SHA	T2	2026-06-28T17:20:00	2026-06-28T20:00:00	海南航空	HU7190	经济舱	650	36	36
FLIGHT	C246	C005	XIY	T3	SHA	T2	2026-06-28T17:20:00	2026-06-28T20:00:00	海南航空	HU7190	公务舱	1690	8	8
FLIGHT	C246	C005	XIY	T3	PVG	T2	2026-06-28T18:45:00	2026-06-28T21:25:00	海南航空	HU7191	经济舱	650	35	36
FLIGHT	C246	C005	XIY	T3	PVG	T2	2026-06-28T18:45:00	2026-06-28T21:25:00	海南航空	HU7191	公务舱	1690	7	8
FLIGHT	C246	C005	XIY	T3	SHA	T2	2026-06-28T20:10:00	2026-06-28T22:50:00	海南航空	HU7192	经济舱	650	34	36
FLIGHT	C246	C005	XIY	T3	SHA	T2	2026-06-28T20:10:00	2026-06-28T22:50:00	海南航空	HU7192	公务舱	1690	6	8
FLIGHT	C246	C005	XIY	T3	PVG	T2	2026-06-28T21:35:00	2026-06-29T00:15:00	海南航空	HU7193	经济舱	650	33	36
FLIGHT	C246	C005	XIY	T3	PVG	T2	2026-06-28T21:35:00	2026-06-29T00:15:00	海南航空	HU7193	公务舱	1690	5	8
FLIGHT	C039	C272	PKX	T2	CKG	T3	2026-06-28T17:20:00	2026-06-28T20:10:00	中国国航	CA7200	经济舱	680	35	36
FLIGHT	C039	C272	PKX	T2	CKG	T3	2026-06-28T17:20:00	2026-06-28T20:10:00	中国国航	CA7200	公务舱	1770	7	8
FLIGHT	C039	C272	PEK	T3	CKG	T3	2026-06-28T18:45:00	2026-06-28T21:35:00	中国国航	CA7201	经济舱	680	34	36
FLIGHT	C039	C272	PEK	T3	CKG	T3	2026-06-28T18:45:00	2026-06-28T21:35:00	中国国航	CA7201	公务舱	1770	6	8
FLIGHT	C039	C272	PKX	T2	CKG	T3	2026-06-28T20:10:00	2026-06-28T23:00:00	中国国航	CA7202	经济舱	680	33	36
FLIGHT	C039	C272	PKX	T2	CKG	T3	2026-06-28T20:10:00	2026-06-28T23:00:00	中国国航	CA7202	公务舱	1770	5	8
FLIGHT	C039	C272	PEK	T3	CKG	T3	2026-06-28T21:35:00	2026-06-29T00:25:00	中国国航	CA7203	经济舱	680	32	36
FLIGHT	C039	C272	PEK	T3	CKG	T3	2026-06-28T21:35:00	2026-06-29T00:25:00	中国国航	CA7203	公务舱	1770	8	8
FLIGHT	C272	C039	CKG	T3	PEK	T3	2026-06-28T17:20:00	2026-06-28T20:10:00	四川航空	3U7210	经济舱	680	34	36
FLIGHT	C272	C039	CKG	T3	PEK	T3	2026-06-28T17:20:00	2026-06-28T20:10:00	四川航空	3U7210	公务舱	1770	6	8
FLIGHT	C272	C039	CKG	T3	PKX	T2	2026-06-28T18:45:00	2026-06-28T21:35:00	四川航空	3U7211	经济舱	680	33	36
FLIGHT	C272	C039	CKG	T3	PKX	T2	2026-06-28T18:45:00	2026-06-28T21:35:00	四川航空	3U7211	公务舱	1770	5	8
FLIGHT	C272	C039	CKG	T3	PEK	T3	2026-06-28T20:10:00	2026-06-28T23:00:00	四川航空	3U7212	经济舱	680	32	36
FLIGHT	C272	C039	CKG	T3	PEK	T3	2026-06-28T20:10:00	2026-06-28T23:00:00	四川航空	3U7212	公务舱	1770	8	8
FLIGHT	C272	C039	CKG	T3	PKX	T2	2026-06-28T21:35:00	2026-06-29T00:25:00	四川航空	3U7213	经济舱	680	31	36
FLIGHT	C272	C039	CKG	T3	PKX	T2	2026-06-28T21:35:00	2026-06-29T00:25:00	四川航空	3U7213	公务舱	1770	7	8
FLIGHT	C039	C005	PEK	T3	PVG	T2	2026-06-29T17:20:00	2026-06-29T19:45:00	中国国航	CA7000	经济舱	520	36	36
FLIGHT	C039	C005	PEK	T3	PVG	T2	2026-06-29T17:20:00	2026-06-29T19:45:00	中国国航	CA7000	公务舱	1350	6	8
FLIGHT	C039	C005	PKX	T2	SHA	T2	2026-06-29T18:45:00	2026-06-29T21:10:00	中国国航	CA7001	经济舱	520	35	36
FLIGHT	C039	C005	PKX	T2	SHA	T2	2026-06-29T18:45:00	2026-06-29T21:10:00	中国国航	CA7001	公务舱	1350	5	8
FLIGHT	C039	C005	PEK	T3	PVG	T2	2026-06-29T20:10:00	2026-06-29T22:35:00	中国国航	CA7002	经济舱	520	34	36
FLIGHT	C039	C005	PEK	T3	PVG	T2	2026-06-29T20:10:00	2026-06-29T22:35:00	中国国航	CA7002	公务舱	1350	8	8
FLIGHT	C039	C005	PKX	T2	SHA	T2	2026-06-29T21:35:00	2026-06-30T00:00:00	中国国航	CA7003	经济舱	520	33	36
FLIGHT	C039	C005	PKX	T2	SHA	T2	2026-06-29T21:35:00	2026-06-30T00:00:00	中国国航	CA7003	公务舱	1350	7	8
FLIGHT	C005	C039	SHA	T2	PKX	T2	2026-06-29T17:20:00	2026-06-29T19:45:00	东方航空	MU7010	经济舱	520	35	36
FLIGHT	C005	C039	SHA	T2	PKX	T2	2026-06-29T17:20:00	2026-06-29T19:45:00	东方航空	MU7010	公务舱	1350	5	8
FLIGHT	C005	C039	PVG	T2	PEK	T3	2026-06-29T18:45:00	2026-06-29T21:10:00	东方航空	MU7011	经济舱	520	34	36
FLIGHT	C005	C039	PVG	T2	PEK	T3	2026-06-29T18:45:00	2026-06-29T21:10:00	东方航空	MU7011	公务舱	1350	8	8
FLIGHT	C005	C039	SHA	T2	PKX	T2	2026-06-29T20:10:00	2026-06-29T22:35:00	东方航空	MU7012	经济舱	520	33	36
FLIGHT	C005	C039	SHA	T2	PKX	T2	2026-06-29T20:10:00	2026-06-29T22:35:00	东方航空	MU7012	公务舱	1350	7	8
FLIGHT	C005	C039	PVG	T2	PEK	T3	2026-06-29T21:35:00	2026-06-30T00:00:00	东方航空	MU7013	经济舱	520	32	36
FLIGHT	C005	C039	PVG	T2	PEK	T3	2026-06-29T21:35:00	2026-06-30T00:00:00	东方航空	MU7013	公务舱	1350	6	8
FLIGHT	C039	C112	PEK	T3	CAN	T2	2026-06-29T17:20:00	2026-06-29T20:35:00	中国国航	CA7020	经济舱	720	34	36
FLIGHT	C039	C112	PEK	T3	CAN	T2	2026-06-29T17:20:00	2026-06-29T20:35:00	中国国航	CA7020	公务舱	1870	8	8
FLIGHT	C039	C112	PKX	T2	CAN	T2	2026-06-29T18:45:00	2026-06-29T22:00:00	中国国航	CA7021	经济舱	720	33	36
FLIGHT	C039	C112	PKX	T2	CAN	T2	2026-06-29T18:45:00	2026-06-29T22:00:00	中国国航	CA7021	公务舱	1870	7	8
FLIGHT	C039	C112	PEK	T3	CAN	T2	2026-06-29T20:10:00	2026-06-29T23:25:00	中国国航	CA7022	经济舱	720	32	36
FLIGHT	C039	C112	PEK	T3	CAN	T2	2026-06-29T20:10:00	2026-06-29T23:25:00	中国国航	CA7022	公务舱	1870	6	8
FLIGHT	C039	C112	PKX	T2	CAN	T2	2026-06-29T21:35:00	2026-06-30T00:50:00	中国国航	CA7023	经济舱	720	31	36
FLIGHT	C039	C112	PKX	T2	CAN	T2	2026-06-29T21:35:00	2026-06-30T00:50:00	中国国航	CA7023	公务舱	1870	5	8
FLIGHT	C112	C039	CAN	T2	PKX	T2	2026-06-29T17:20:00	2026-06-29T20:35:00	南方航空	CZ7030	经济舱	720	33	36
FLIGHT	C112	C039	CAN	T2	PKX	T2	2026-06-29T17:20:00	2026-06-29T20:35:00	南方航空	CZ7030	公务舱	1870	7	8
FLIGHT	C112	C039	CAN	T2	PEK	T3	2026-06-29T18:45:00	2026-06-29T22:00:00	南方航空	CZ7031	经济舱	720	32	36
FLIGHT	C112	C039	CAN	T2	PEK	T3	2026-06-29T18:45:00	2026-06-29T22:00:00	南方航空	CZ7031	公务舱	1870	6	8
FLIGHT	C112	C039	CAN	T2	PKX	T2	2026-06-29T20:10:00	2026-06-29T23:25:00	南方航空	CZ7032	经济舱	720	31	36
FLIGHT	C112	C039	CAN	T2	PKX	T2	2026-06-29T20:10:00	2026-06-29T23:25:00	南方航空	CZ7032	公务舱	1870	5	8
FLIGHT	C112	C039	CAN	T2	PEK	T3	2026-06-29T21:35:00	2026-06-30T00:50:00	南方航空	CZ7033	经济舱	720	30	36
FLIGHT	C112	C039	CAN	T2	PEK	T3	2026-06-29T21:35:00	2026-06-30T00:50:00	南方航空	CZ7033	公务舱	1870	8	8
FLIGHT	C039	C190	PEK	T3	SZX	T3	2026-06-29T17:20:00	2026-06-29T20:45:00	中国国航	CA7040	经济舱	760	32	36
FLIGHT	C039	C190	PEK	T3	SZX	T3	2026-06-29T17:20:00	2026-06-29T20:45:00	中国国航	CA7040	公务舱	1980	6	8
FLIGHT	C039	C190	PKX	T2	SZX	T3	2026-06-29T18:45:00	2026-06-29T22:10:00	中国国航	CA7041	经济舱	760	31	36
FLIGHT	C039	C190	PKX	T2	SZX	T3	2026-06-29T18:45:00	2026-06-29T22:10:00	中国国航	CA7041	公务舱	1980	5	8
FLIGHT	C039	C190	PEK	T3	SZX	T3	2026-06-29T20:10:00	2026-06-29T23:35:00	中国国航	CA7042	经济舱	760	30	36
FLIGHT	C039	C190	PEK	T3	SZX	T3	2026-06-29T20:10:00	2026-06-29T23:35:00	中国国航	CA7042	公务舱	1980	8	8
FLIGHT	C039	C190	PKX	T2	SZX	T3	2026-06-29T21:35:00	2026-06-30T01:00:00	中国国航	CA7043	经济舱	760	29	36
FLIGHT	C039	C190	PKX	T2	SZX	T3	2026-06-29T21:35:00	2026-06-30T01:00:00	中国国航	CA7043	公务舱	1980	7	8
FLIGHT	C190	C039	SZX	T3	PKX	T2	2026-06-29T17:20:00	2026-06-29T20:45:00	深圳航空	ZH7050	经济舱	760	31	36
FLIGHT	C190	C039	SZX	T3	PKX	T2	2026-06-29T17:20:00	2026-06-29T20:45:00	深圳航空	ZH7050	公务舱	1980	5	8
FLIGHT	C190	C039	SZX	T3	PEK	T3	2026-06-29T18:45:00	2026-06-29T22:10:00	深圳航空	ZH7051	经济舱	760	30	36
FLIGHT	C190	C039	SZX	T3	PEK	T3	2026-06-29T18:45:00	2026-06-29T22:10:00	深圳航空	ZH7051	公务舱	1980	8	8
FLIGHT	C190	C039	SZX	T3	PKX	T2	2026-06-29T20:10:00	2026-06-29T23:35:00	深圳航空	ZH7052	经济舱	760	29	36
FLIGHT	C190	C039	SZX	T3	PKX	T2	2026-06-29T20:10:00	2026-06-29T23:35:00	深圳航空	ZH7052	公务舱	1980	7	8
FLIGHT	C190	C039	SZX	T3	PEK	T3	2026-06-29T21:35:00	2026-06-30T01:00:00	深圳航空	ZH7053	经济舱	760	28	36
FLIGHT	C190	C039	SZX	T3	PEK	T3	2026-06-29T21:35:00	2026-06-30T01:00:00	深圳航空	ZH7053	公务舱	1980	6	8
FLIGHT	C005	C112	SHA	T2	CAN	T2	2026-06-29T17:20:00	2026-06-29T19:55:00	东方航空	MU7060	经济舱	610	30	36
FLIGHT	C005	C112	SHA	T2	CAN	T2	2026-06-29T17:20:00	2026-06-29T19:55:00	东方航空	MU7060	公务舱	1590	8	8
FLIGHT	C005	C112	PVG	T2	CAN	T2	2026-06-29T18:45:00	2026-06-29T21:20:00	东方航空	MU7061	经济舱	610	29	36
FLIGHT	C005	C112	PVG	T2	CAN	T2	2026-06-29T18:45:00	2026-06-29T21:20:00	东方航空	MU7061	公务舱	1590	7	8
FLIGHT	C005	C112	SHA	T2	CAN	T2	2026-06-29T20:10:00	2026-06-29T22:45:00	东方航空	MU7062	经济舱	610	28	36
FLIGHT	C005	C112	SHA	T2	CAN	T2	2026-06-29T20:10:00	2026-06-29T22:45:00	东方航空	MU7062	公务舱	1590	6	8
FLIGHT	C005	C112	PVG	T2	CAN	T2	2026-06-29T21:35:00	2026-06-30T00:10:00	东方航空	MU7063	经济舱	610	27	36
FLIGHT	C005	C112	PVG	T2	CAN	T2	2026-06-29T21:35:00	2026-06-30T00:10:00	东方航空	MU7063	公务舱	1590	5	8
FLIGHT	C112	C005	CAN	T2	PVG	T2	2026-06-29T17:20:00	2026-06-29T19:55:00	南方航空	CZ7070	经济舱	610	29	36
FLIGHT	C112	C005	CAN	T2	PVG	T2	2026-06-29T17:20:00	2026-06-29T19:55:00	南方航空	CZ7070	公务舱	1590	7	8
FLIGHT	C112	C005	CAN	T2	SHA	T2	2026-06-29T18:45:00	2026-06-29T21:20:00	南方航空	CZ7071	经济舱	610	28	36
FLIGHT	C112	C005	CAN	T2	SHA	T2	2026-06-29T18:45:00	2026-06-29T21:20:00	南方航空	CZ7071	公务舱	1590	6	8
FLIGHT	C112	C005	CAN	T2	PVG	T2	2026-06-29T20:10:00	2026-06-29T22:45:00	南方航空	CZ7072	经济舱	610	27	36
FLIGHT	C112	C005	CAN	T2	PVG	T2	2026-06-29T20:10:00	2026-06-29T22:45:00	南方航空	CZ7072	公务舱	1590	5	8
FLIGHT	C112	C005	CAN	T2	SHA	T2	2026-06-29T21:35:00	2026-06-30T00:10:00	南方航空	CZ7073	经济舱	610	26	36
FLIGHT	C112	C005	CAN	T2	SHA	T2	2026-06-29T21:35:00	2026-06-30T00:10:00	南方航空	CZ7073	公务舱	1590	8	8
FLIGHT	C005	C190	SHA	T2	SZX	T3	2026-06-29T17:20:00	2026-06-29T19:55:00	东方航空	MU7080	经济舱	640	28	36
FLIGHT	C005	C190	SHA	T2	SZX	T3	2026-06-29T17:20:00	2026-06-29T19:55:00	东方航空	MU7080	公务舱	1660	6	8
FLIGHT	C005	C190	PVG	T2	SZX	T3	2026-06-29T18:45:00	2026-06-29T21:20:00	东方航空	MU7081	经济舱	640	27	36
FLIGHT	C005	C190	PVG	T2	SZX	T3	2026-06-29T18:45:00	2026-06-29T21:20:00	东方航空	MU7081	公务舱	1660	5	8
FLIGHT	C005	C190	SHA	T2	SZX	T3	2026-06-29T20:10:00	2026-06-29T22:45:00	东方航空	MU7082	经济舱	640	26	36
FLIGHT	C005	C190	SHA	T2	SZX	T3	2026-06-29T20:10:00	2026-06-29T22:45:00	东方航空	MU7082	公务舱	1660	8	8
FLIGHT	C005	C190	PVG	T2	SZX	T3	2026-06-29T21:35:00	2026-06-30T00:10:00	东方航空	MU7083	经济舱	640	25	36
FLIGHT	C005	C190	PVG	T2	SZX	T3	2026-06-29T21:35:00	2026-06-30T00:10:00	东方航空	MU7083	公务舱	1660	7	8
FLIGHT	C190	C005	SZX	T3	PVG	T2	2026-06-29T17:20:00	2026-06-29T19:55:00	深圳航空	ZH7090	经济舱	640	27	36
FLIGHT	C190	C005	SZX	T3	PVG	T2	2026-06-29T17:20:00	2026-06-29T19:55:00	深圳航空	ZH7090	公务舱	1660	5	8
FLIGHT	C190	C005	SZX	T3	SHA	T2	2026-06-29T18:45:00	2026-06-29T21:20:00	深圳航空	ZH7091	经济舱	640	26	36
FLIGHT	C190	C005	SZX	T3	SHA	T2	2026-06-29T18:45:00	2026-06-29T21:20:00	深圳航空	ZH7091	公务舱	1660	8	8
FLIGHT	C190	C005	SZX	T3	PVG	T2	2026-06-29T20:10:00	2026-06-29T22:45:00	深圳航空	ZH7092	经济舱	640	25	36
FLIGHT	C190	C005	SZX	T3	PVG	T2	2026-06-29T20:10:00	2026-06-29T22:45:00	深圳航空	ZH7092	公务舱	1660	7	8
FLIGHT	C190	C005	SZX	T3	SHA	T2	2026-06-29T21:35:00	2026-06-30T00:10:00	深圳航空	ZH7093	经济舱	640	24	36
FLIGHT	C190	C005	SZX	T3	SHA	T2	2026-06-29T21:35:00	2026-06-30T00:10:00	深圳航空	ZH7093	公务舱	1660	6	8
FLIGHT	C039	C128	PEK	T3	TFU	T2	2026-06-29T17:20:00	2026-06-29T20:20:00	中国国航	CA7100	经济舱	690	26	36
FLIGHT	C039	C128	PEK	T3	TFU	T2	2026-06-29T17:20:00	2026-06-29T20:20:00	中国国航	CA7100	公务舱	1790	8	8
FLIGHT	C039	C128	PKX	T2	CTU	T2	2026-06-29T18:45:00	2026-06-29T21:45:00	中国国航	CA7101	经济舱	690	25	36
FLIGHT	C039	C128	PKX	T2	CTU	T2	2026-06-29T18:45:00	2026-06-29T21:45:00	中国国航	CA7101	公务舱	1790	7	8
FLIGHT	C039	C128	PEK	T3	TFU	T2	2026-06-29T20:10:00	2026-06-29T23:10:00	中国国航	CA7102	经济舱	690	24	36
FLIGHT	C039	C128	PEK	T3	TFU	T2	2026-06-29T20:10:00	2026-06-29T23:10:00	中国国航	CA7102	公务舱	1790	6	8
FLIGHT	C039	C128	PKX	T2	CTU	T2	2026-06-29T21:35:00	2026-06-30T00:35:00	中国国航	CA7103	经济舱	690	23	36
FLIGHT	C039	C128	PKX	T2	CTU	T2	2026-06-29T21:35:00	2026-06-30T00:35:00	中国国航	CA7103	公务舱	1790	5	8
FLIGHT	C128	C039	CTU	T2	PKX	T2	2026-06-29T17:20:00	2026-06-29T20:20:00	四川航空	3U7110	经济舱	690	25	36
FLIGHT	C128	C039	CTU	T2	PKX	T2	2026-06-29T17:20:00	2026-06-29T20:20:00	四川航空	3U7110	公务舱	1790	7	8
FLIGHT	C128	C039	TFU	T2	PEK	T3	2026-06-29T18:45:00	2026-06-29T21:45:00	四川航空	3U7111	经济舱	690	24	36
FLIGHT	C128	C039	TFU	T2	PEK	T3	2026-06-29T18:45:00	2026-06-29T21:45:00	四川航空	3U7111	公务舱	1790	6	8
FLIGHT	C128	C039	CTU	T2	PKX	T2	2026-06-29T20:10:00	2026-06-29T23:10:00	四川航空	3U7112	经济舱	690	23	36
FLIGHT	C128	C039	CTU	T2	PKX	T2	2026-06-29T20:10:00	2026-06-29T23:10:00	四川航空	3U7112	公务舱	1790	5	8
FLIGHT	C128	C039	TFU	T2	PEK	T3	2026-06-29T21:35:00	2026-06-30T00:35:00	四川航空	3U7113	经济舱	690	22	36
FLIGHT	C128	C039	TFU	T2	PEK	T3	2026-06-29T21:35:00	2026-06-30T00:35:00	四川航空	3U7113	公务舱	1790	8	8
FLIGHT	C005	C128	SHA	T2	TFU	T2	2026-06-29T17:20:00	2026-06-29T20:30:00	东方航空	MU7120	经济舱	720	24	36
FLIGHT	C005	C128	SHA	T2	TFU	T2	2026-06-29T17:20:00	2026-06-29T20:30:00	东方航空	MU7120	公务舱	1870	6	8
FLIGHT	C005	C128	PVG	T2	CTU	T2	2026-06-29T18:45:00	2026-06-29T21:55:00	东方航空	MU7121	经济舱	720	23	36
FLIGHT	C005	C128	PVG	T2	CTU	T2	2026-06-29T18:45:00	2026-06-29T21:55:00	东方航空	MU7121	公务舱	1870	5	8
FLIGHT	C005	C128	SHA	T2	TFU	T2	2026-06-29T20:10:00	2026-06-29T23:20:00	东方航空	MU7122	经济舱	720	22	36
FLIGHT	C005	C128	SHA	T2	TFU	T2	2026-06-29T20:10:00	2026-06-29T23:20:00	东方航空	MU7122	公务舱	1870	8	8
FLIGHT	C005	C128	PVG	T2	CTU	T2	2026-06-29T21:35:00	2026-06-30T00:45:00	东方航空	MU7123	经济舱	720	21	36
FLIGHT	C005	C128	PVG	T2	CTU	T2	2026-06-29T21:35:00	2026-06-30T00:45:00	东方航空	MU7123	公务舱	1870	7	8
FLIGHT	C128	C005	CTU	T2	PVG	T2	2026-06-29T17:20:00	2026-06-29T20:30:00	四川航空	3U7130	经济舱	720	23	36
FLIGHT	C128	C005	CTU	T2	PVG	T2	2026-06-29T17:20:00	2026-06-29T20:30:00	四川航空	3U7130	公务舱	1870	5	8
FLIGHT	C128	C005	TFU	T2	SHA	T2	2026-06-29T18:45:00	2026-06-29T21:55:00	四川航空	3U7131	经济舱	720	22	36
FLIGHT	C128	C005	TFU	T2	SHA	T2	2026-06-29T18:45:00	2026-06-29T21:55:00	四川航空	3U7131	公务舱	1870	8	8
FLIGHT	C128	C005	CTU	T2	PVG	T2	2026-06-29T20:10:00	2026-06-29T23:20:00	四川航空	3U7132	经济舱	720	21	36
FLIGHT	C128	C005	CTU	T2	PVG	T2	2026-06-29T20:10:00	2026-06-29T23:20:00	四川航空	3U7132	公务舱	1870	7	8
FLIGHT	C128	C005	TFU	T2	SHA	T2	2026-06-29T21:35:00	2026-06-30T00:45:00	四川航空	3U7133	经济舱	720	20	36
FLIGHT	C128	C005	TFU	T2	SHA	T2	2026-06-29T21:35:00	2026-06-30T00:45:00	四川航空	3U7133	公务舱	1870	6	8
FLIGHT	C112	C128	CAN	T2	TFU	T2	2026-06-29T17:20:00	2026-06-29T19:40:00	南方航空	CZ7140	经济舱	560	22	36
FLIGHT	C112	C128	CAN	T2	TFU	T2	2026-06-29T17:20:00	2026-06-29T19:40:00	南方航空	CZ7140	公务舱	1460	8	8
FLIGHT	C112	C128	CAN	T2	CTU	T2	2026-06-29T18:45:00	2026-06-29T21:05:00	南方航空	CZ7141	经济舱	560	21	36
FLIGHT	C112	C128	CAN	T2	CTU	T2	2026-06-29T18:45:00	2026-06-29T21:05:00	南方航空	CZ7141	公务舱	1460	7	8
FLIGHT	C112	C128	CAN	T2	TFU	T2	2026-06-29T20:10:00	2026-06-29T22:30:00	南方航空	CZ7142	经济舱	560	20	36
FLIGHT	C112	C128	CAN	T2	TFU	T2	2026-06-29T20:10:00	2026-06-29T22:30:00	南方航空	CZ7142	公务舱	1460	6	8
FLIGHT	C112	C128	CAN	T2	CTU	T2	2026-06-29T21:35:00	2026-06-29T23:55:00	南方航空	CZ7143	经济舱	560	19	36
FLIGHT	C112	C128	CAN	T2	CTU	T2	2026-06-29T21:35:00	2026-06-29T23:55:00	南方航空	CZ7143	公务舱	1460	5	8
FLIGHT	C128	C112	CTU	T2	CAN	T2	2026-06-29T17:20:00	2026-06-29T19:40:00	四川航空	3U7150	经济舱	560	21	36
FLIGHT	C128	C112	CTU	T2	CAN	T2	2026-06-29T17:20:00	2026-06-29T19:40:00	四川航空	3U7150	公务舱	1460	7	8
FLIGHT	C128	C112	TFU	T2	CAN	T2	2026-06-29T18:45:00	2026-06-29T21:05:00	四川航空	3U7151	经济舱	560	20	36
FLIGHT	C128	C112	TFU	T2	CAN	T2	2026-06-29T18:45:00	2026-06-29T21:05:00	四川航空	3U7151	公务舱	1460	6	8
FLIGHT	C128	C112	CTU	T2	CAN	T2	2026-06-29T20:10:00	2026-06-29T22:30:00	四川航空	3U7152	经济舱	560	19	36
FLIGHT	C128	C112	CTU	T2	CAN	T2	2026-06-29T20:10:00	2026-06-29T22:30:00	四川航空	3U7152	公务舱	1460	5	8
FLIGHT	C128	C112	TFU	T2	CAN	T2	2026-06-29T21:35:00	2026-06-29T23:55:00	四川航空	3U7153	经济舱	560	36	36
FLIGHT	C128	C112	TFU	T2	CAN	T2	2026-06-29T21:35:00	2026-06-29T23:55:00	四川航空	3U7153	公务舱	1460	8	8
FLIGHT	C039	C153	PEK	T3	HGH	T4	2026-06-29T17:20:00	2026-06-29T19:30:00	中国国航	CA7160	经济舱	480	20	36
FLIGHT	C039	C153	PEK	T3	HGH	T4	2026-06-29T17:20:00	2026-06-29T19:30:00	中国国航	CA7160	公务舱	1250	6	8
FLIGHT	C039	C153	PKX	T2	HGH	T4	2026-06-29T18:45:00	2026-06-29T20:55:00	中国国航	CA7161	经济舱	480	19	36
FLIGHT	C039	C153	PKX	T2	HGH	T4	2026-06-29T18:45:00	2026-06-29T20:55:00	中国国航	CA7161	公务舱	1250	5	8
FLIGHT	C039	C153	PEK	T3	HGH	T4	2026-06-29T20:10:00	2026-06-29T22:20:00	中国国航	CA7162	经济舱	480	36	36
FLIGHT	C039	C153	PEK	T3	HGH	T4	2026-06-29T20:10:00	2026-06-29T22:20:00	中国国航	CA7162	公务舱	1250	8	8
FLIGHT	C039	C153	PKX	T2	HGH	T4	2026-06-29T21:35:00	2026-06-29T23:45:00	中国国航	CA7163	经济舱	480	35	36
FLIGHT	C039	C153	PKX	T2	HGH	T4	2026-06-29T21:35:00	2026-06-29T23:45:00	中国国航	CA7163	公务舱	1250	7	8
FLIGHT	C153	C039	HGH	T4	PKX	T2	2026-06-29T17:20:00	2026-06-29T19:30:00	海南航空	HU7170	经济舱	480	19	36
FLIGHT	C153	C039	HGH	T4	PKX	T2	2026-06-29T17:20:00	2026-06-29T19:30:00	海南航空	HU7170	公务舱	1250	5	8
FLIGHT	C153	C039	HGH	T4	PEK	T3	2026-06-29T18:45:00	2026-06-29T20:55:00	海南航空	HU7171	经济舱	480	36	36
FLIGHT	C153	C039	HGH	T4	PEK	T3	2026-06-29T18:45:00	2026-06-29T20:55:00	海南航空	HU7171	公务舱	1250	8	8
FLIGHT	C153	C039	HGH	T4	PKX	T2	2026-06-29T20:10:00	2026-06-29T22:20:00	海南航空	HU7172	经济舱	480	35	36
FLIGHT	C153	C039	HGH	T4	PKX	T2	2026-06-29T20:10:00	2026-06-29T22:20:00	海南航空	HU7172	公务舱	1250	7	8
FLIGHT	C153	C039	HGH	T4	PEK	T3	2026-06-29T21:35:00	2026-06-29T23:45:00	海南航空	HU7173	经济舱	480	34	36
FLIGHT	C153	C039	HGH	T4	PEK	T3	2026-06-29T21:35:00	2026-06-29T23:45:00	海南航空	HU7173	公务舱	1250	6	8
FLIGHT	C005	C246	SHA	T2	XIY	T3	2026-06-29T17:20:00	2026-06-29T20:00:00	东方航空	MU7180	经济舱	650	36	36
FLIGHT	C005	C246	SHA	T2	XIY	T3	2026-06-29T17:20:00	2026-06-29T20:00:00	东方航空	MU7180	公务舱	1690	8	8
FLIGHT	C005	C246	PVG	T2	XIY	T3	2026-06-29T18:45:00	2026-06-29T21:25:00	东方航空	MU7181	经济舱	650	35	36
FLIGHT	C005	C246	PVG	T2	XIY	T3	2026-06-29T18:45:00	2026-06-29T21:25:00	东方航空	MU7181	公务舱	1690	7	8
FLIGHT	C005	C246	SHA	T2	XIY	T3	2026-06-29T20:10:00	2026-06-29T22:50:00	东方航空	MU7182	经济舱	650	34	36
FLIGHT	C005	C246	SHA	T2	XIY	T3	2026-06-29T20:10:00	2026-06-29T22:50:00	东方航空	MU7182	公务舱	1690	6	8
FLIGHT	C005	C246	PVG	T2	XIY	T3	2026-06-29T21:35:00	2026-06-30T00:15:00	东方航空	MU7183	经济舱	650	33	36
FLIGHT	C005	C246	PVG	T2	XIY	T3	2026-06-29T21:35:00	2026-06-30T00:15:00	东方航空	MU7183	公务舱	1690	5	8
FLIGHT	C246	C005	XIY	T3	PVG	T2	2026-06-29T17:20:00	2026-06-29T20:00:00	海南航空	HU7190	经济舱	650	35	36
FLIGHT	C246	C005	XIY	T3	PVG	T2	2026-06-29T17:20:00	2026-06-29T20:00:00	海南航空	HU7190	公务舱	1690	7	8
FLIGHT	C246	C005	XIY	T3	SHA	T2	2026-06-29T18:45:00	2026-06-29T21:25:00	海南航空	HU7191	经济舱	650	34	36
FLIGHT	C246	C005	XIY	T3	SHA	T2	2026-06-29T18:45:00	2026-06-29T21:25:00	海南航空	HU7191	公务舱	1690	6	8
FLIGHT	C246	C005	XIY	T3	PVG	T2	2026-06-29T20:10:00	2026-06-29T22:50:00	海南航空	HU7192	经济舱	650	33	36
FLIGHT	C246	C005	XIY	T3	PVG	T2	2026-06-29T20:10:00	2026-06-29T22:50:00	海南航空	HU7192	公务舱	1690	5	8
FLIGHT	C246	C005	XIY	T3	SHA	T2	2026-06-29T21:35:00	2026-06-30T00:15:00	海南航空	HU7193	经济舱	650	32	36
FLIGHT	C246	C005	XIY	T3	SHA	T2	2026-06-29T21:35:00	2026-06-30T00:15:00	海南航空	HU7193	公务舱	1690	8	8
FLIGHT	C039	C272	PEK	T3	CKG	T3	2026-06-29T17:20:00	2026-06-29T20:10:00	中国国航	CA7200	经济舱	680	34	36
FLIGHT	C039	C272	PEK	T3	CKG	T3	2026-06-29T17:20:00	2026-06-29T20:10:00	中国国航	CA7200	公务舱	1770	6	8
FLIGHT	C039	C272	PKX	T2	CKG	T3	2026-06-29T18:45:00	2026-06-29T21:35:00	中国国航	CA7201	经济舱	680	33	36
FLIGHT	C039	C272	PKX	T2	CKG	T3	2026-06-29T18:45:00	2026-06-29T21:35:00	中国国航	CA7201	公务舱	1770	5	8
FLIGHT	C039	C272	PEK	T3	CKG	T3	2026-06-29T20:10:00	2026-06-29T23:00:00	中国国航	CA7202	经济舱	680	32	36
FLIGHT	C039	C272	PEK	T3	CKG	T3	2026-06-29T20:10:00	2026-06-29T23:00:00	中国国航	CA7202	公务舱	1770	8	8
FLIGHT	C039	C272	PKX	T2	CKG	T3	2026-06-29T21:35:00	2026-06-30T00:25:00	中国国航	CA7203	经济舱	680	31	36
FLIGHT	C039	C272	PKX	T2	CKG	T3	2026-06-29T21:35:00	2026-06-30T00:25:00	中国国航	CA7203	公务舱	1770	7	8
FLIGHT	C272	C039	CKG	T3	PKX	T2	2026-06-29T17:20:00	2026-06-29T20:10:00	四川航空	3U7210	经济舱	680	33	36
FLIGHT	C272	C039	CKG	T3	PKX	T2	2026-06-29T17:20:00	2026-06-29T20:10:00	四川航空	3U7210	公务舱	1770	5	8
FLIGHT	C272	C039	CKG	T3	PEK	T3	2026-06-29T18:45:00	2026-06-29T21:35:00	四川航空	3U7211	经济舱	680	32	36
FLIGHT	C272	C039	CKG	T3	PEK	T3	2026-06-29T18:45:00	2026-06-29T21:35:00	四川航空	3U7211	公务舱	1770	8	8
FLIGHT	C272	C039	CKG	T3	PKX	T2	2026-06-29T20:10:00	2026-06-29T23:00:00	四川航空	3U7212	经济舱	680	31	36
FLIGHT	C272	C039	CKG	T3	PKX	T2	2026-06-29T20:10:00	2026-06-29T23:00:00	四川航空	3U7212	公务舱	1770	7	8
FLIGHT	C272	C039	CKG	T3	PEK	T3	2026-06-29T21:35:00	2026-06-30T00:25:00	四川航空	3U7213	经济舱	680	30	36
FLIGHT	C272	C039	CKG	T3	PEK	T3	2026-06-29T21:35:00	2026-06-30T00:25:00	四川航空	3U7213	公务舱	1770	6	8
FLIGHT	C039	C005	PKX	T2	SHA	T2	2026-06-30T17:20:00	2026-06-30T19:45:00	中国国航	CA7000	经济舱	520	35	36
FLIGHT	C039	C005	PKX	T2	SHA	T2	2026-06-30T17:20:00	2026-06-30T19:45:00	中国国航	CA7000	公务舱	1350	5	8
FLIGHT	C039	C005	PEK	T3	PVG	T2	2026-06-30T18:45:00	2026-06-30T21:10:00	中国国航	CA7001	经济舱	520	34	36
FLIGHT	C039	C005	PEK	T3	PVG	T2	2026-06-30T18:45:00	2026-06-30T21:10:00	中国国航	CA7001	公务舱	1350	8	8
FLIGHT	C039	C005	PKX	T2	SHA	T2	2026-06-30T20:10:00	2026-06-30T22:35:00	中国国航	CA7002	经济舱	520	33	36
FLIGHT	C039	C005	PKX	T2	SHA	T2	2026-06-30T20:10:00	2026-06-30T22:35:00	中国国航	CA7002	公务舱	1350	7	8
FLIGHT	C039	C005	PEK	T3	PVG	T2	2026-06-30T21:35:00	2026-07-01T00:00:00	中国国航	CA7003	经济舱	520	32	36
FLIGHT	C039	C005	PEK	T3	PVG	T2	2026-06-30T21:35:00	2026-07-01T00:00:00	中国国航	CA7003	公务舱	1350	6	8
FLIGHT	C005	C039	PVG	T2	PEK	T3	2026-06-30T17:20:00	2026-06-30T19:45:00	东方航空	MU7010	经济舱	520	34	36
FLIGHT	C005	C039	PVG	T2	PEK	T3	2026-06-30T17:20:00	2026-06-30T19:45:00	东方航空	MU7010	公务舱	1350	8	8
FLIGHT	C005	C039	SHA	T2	PKX	T2	2026-06-30T18:45:00	2026-06-30T21:10:00	东方航空	MU7011	经济舱	520	33	36
FLIGHT	C005	C039	SHA	T2	PKX	T2	2026-06-30T18:45:00	2026-06-30T21:10:00	东方航空	MU7011	公务舱	1350	7	8
FLIGHT	C005	C039	PVG	T2	PEK	T3	2026-06-30T20:10:00	2026-06-30T22:35:00	东方航空	MU7012	经济舱	520	32	36
FLIGHT	C005	C039	PVG	T2	PEK	T3	2026-06-30T20:10:00	2026-06-30T22:35:00	东方航空	MU7012	公务舱	1350	6	8
FLIGHT	C005	C039	SHA	T2	PKX	T2	2026-06-30T21:35:00	2026-07-01T00:00:00	东方航空	MU7013	经济舱	520	31	36
FLIGHT	C005	C039	SHA	T2	PKX	T2	2026-06-30T21:35:00	2026-07-01T00:00:00	东方航空	MU7013	公务舱	1350	5	8
FLIGHT	C039	C112	PKX	T2	CAN	T2	2026-06-30T17:20:00	2026-06-30T20:35:00	中国国航	CA7020	经济舱	720	33	36
FLIGHT	C039	C112	PKX	T2	CAN	T2	2026-06-30T17:20:00	2026-06-30T20:35:00	中国国航	CA7020	公务舱	1870	7	8
FLIGHT	C039	C112	PEK	T3	CAN	T2	2026-06-30T18:45:00	2026-06-30T22:00:00	中国国航	CA7021	经济舱	720	32	36
FLIGHT	C039	C112	PEK	T3	CAN	T2	2026-06-30T18:45:00	2026-06-30T22:00:00	中国国航	CA7021	公务舱	1870	6	8
FLIGHT	C039	C112	PKX	T2	CAN	T2	2026-06-30T20:10:00	2026-06-30T23:25:00	中国国航	CA7022	经济舱	720	31	36
FLIGHT	C039	C112	PKX	T2	CAN	T2	2026-06-30T20:10:00	2026-06-30T23:25:00	中国国航	CA7022	公务舱	1870	5	8
FLIGHT	C039	C112	PEK	T3	CAN	T2	2026-06-30T21:35:00	2026-07-01T00:50:00	中国国航	CA7023	经济舱	720	30	36
FLIGHT	C039	C112	PEK	T3	CAN	T2	2026-06-30T21:35:00	2026-07-01T00:50:00	中国国航	CA7023	公务舱	1870	8	8
FLIGHT	C112	C039	CAN	T2	PEK	T3	2026-06-30T17:20:00	2026-06-30T20:35:00	南方航空	CZ7030	经济舱	720	32	36
FLIGHT	C112	C039	CAN	T2	PEK	T3	2026-06-30T17:20:00	2026-06-30T20:35:00	南方航空	CZ7030	公务舱	1870	6	8
FLIGHT	C112	C039	CAN	T2	PKX	T2	2026-06-30T18:45:00	2026-06-30T22:00:00	南方航空	CZ7031	经济舱	720	31	36
FLIGHT	C112	C039	CAN	T2	PKX	T2	2026-06-30T18:45:00	2026-06-30T22:00:00	南方航空	CZ7031	公务舱	1870	5	8
FLIGHT	C112	C039	CAN	T2	PEK	T3	2026-06-30T20:10:00	2026-06-30T23:25:00	南方航空	CZ7032	经济舱	720	30	36
FLIGHT	C112	C039	CAN	T2	PEK	T3	2026-06-30T20:10:00	2026-06-30T23:25:00	南方航空	CZ7032	公务舱	1870	8	8
FLIGHT	C112	C039	CAN	T2	PKX	T2	2026-06-30T21:35:00	2026-07-01T00:50:00	南方航空	CZ7033	经济舱	720	29	36
FLIGHT	C112	C039	CAN	T2	PKX	T2	2026-06-30T21:35:00	2026-07-01T00:50:00	南方航空	CZ7033	公务舱	1870	7	8
FLIGHT	C039	C190	PKX	T2	SZX	T3	2026-06-30T17:20:00	2026-06-30T20:45:00	中国国航	CA7040	经济舱	760	31	36
FLIGHT	C039	C190	PKX	T2	SZX	T3	2026-06-30T17:20:00	2026-06-30T20:45:00	中国国航	CA7040	公务舱	1980	5	8
FLIGHT	C039	C190	PEK	T3	SZX	T3	2026-06-30T18:45:00	2026-06-30T22:10:00	中国国航	CA7041	经济舱	760	30	36
FLIGHT	C039	C190	PEK	T3	SZX	T3	2026-06-30T18:45:00	2026-06-30T22:10:00	中国国航	CA7041	公务舱	1980	8	8
FLIGHT	C039	C190	PKX	T2	SZX	T3	2026-06-30T20:10:00	2026-06-30T23:35:00	中国国航	CA7042	经济舱	760	29	36
FLIGHT	C039	C190	PKX	T2	SZX	T3	2026-06-30T20:10:00	2026-06-30T23:35:00	中国国航	CA7042	公务舱	1980	7	8
FLIGHT	C039	C190	PEK	T3	SZX	T3	2026-06-30T21:35:00	2026-07-01T01:00:00	中国国航	CA7043	经济舱	760	28	36
FLIGHT	C039	C190	PEK	T3	SZX	T3	2026-06-30T21:35:00	2026-07-01T01:00:00	中国国航	CA7043	公务舱	1980	6	8
FLIGHT	C190	C039	SZX	T3	PEK	T3	2026-06-30T17:20:00	2026-06-30T20:45:00	深圳航空	ZH7050	经济舱	760	30	36
FLIGHT	C190	C039	SZX	T3	PEK	T3	2026-06-30T17:20:00	2026-06-30T20:45:00	深圳航空	ZH7050	公务舱	1980	8	8
FLIGHT	C190	C039	SZX	T3	PKX	T2	2026-06-30T18:45:00	2026-06-30T22:10:00	深圳航空	ZH7051	经济舱	760	29	36
FLIGHT	C190	C039	SZX	T3	PKX	T2	2026-06-30T18:45:00	2026-06-30T22:10:00	深圳航空	ZH7051	公务舱	1980	7	8
FLIGHT	C190	C039	SZX	T3	PEK	T3	2026-06-30T20:10:00	2026-06-30T23:35:00	深圳航空	ZH7052	经济舱	760	28	36
FLIGHT	C190	C039	SZX	T3	PEK	T3	2026-06-30T20:10:00	2026-06-30T23:35:00	深圳航空	ZH7052	公务舱	1980	6	8
FLIGHT	C190	C039	SZX	T3	PKX	T2	2026-06-30T21:35:00	2026-07-01T01:00:00	深圳航空	ZH7053	经济舱	760	27	36
FLIGHT	C190	C039	SZX	T3	PKX	T2	2026-06-30T21:35:00	2026-07-01T01:00:00	深圳航空	ZH7053	公务舱	1980	5	8
FLIGHT	C005	C112	PVG	T2	CAN	T2	2026-06-30T17:20:00	2026-06-30T19:55:00	东方航空	MU7060	经济舱	610	29	36
FLIGHT	C005	C112	PVG	T2	CAN	T2	2026-06-30T17:20:00	2026-06-30T19:55:00	东方航空	MU7060	公务舱	1590	7	8
FLIGHT	C005	C112	SHA	T2	CAN	T2	2026-06-30T18:45:00	2026-06-30T21:20:00	东方航空	MU7061	经济舱	610	28	36
FLIGHT	C005	C112	SHA	T2	CAN	T2	2026-06-30T18:45:00	2026-06-30T21:20:00	东方航空	MU7061	公务舱	1590	6	8
FLIGHT	C005	C112	PVG	T2	CAN	T2	2026-06-30T20:10:00	2026-06-30T22:45:00	东方航空	MU7062	经济舱	610	27	36
FLIGHT	C005	C112	PVG	T2	CAN	T2	2026-06-30T20:10:00	2026-06-30T22:45:00	东方航空	MU7062	公务舱	1590	5	8
FLIGHT	C005	C112	SHA	T2	CAN	T2	2026-06-30T21:35:00	2026-07-01T00:10:00	东方航空	MU7063	经济舱	610	26	36
FLIGHT	C005	C112	SHA	T2	CAN	T2	2026-06-30T21:35:00	2026-07-01T00:10:00	东方航空	MU7063	公务舱	1590	8	8
FLIGHT	C112	C005	CAN	T2	SHA	T2	2026-06-30T17:20:00	2026-06-30T19:55:00	南方航空	CZ7070	经济舱	610	28	36
FLIGHT	C112	C005	CAN	T2	SHA	T2	2026-06-30T17:20:00	2026-06-30T19:55:00	南方航空	CZ7070	公务舱	1590	6	8
FLIGHT	C112	C005	CAN	T2	PVG	T2	2026-06-30T18:45:00	2026-06-30T21:20:00	南方航空	CZ7071	经济舱	610	27	36
FLIGHT	C112	C005	CAN	T2	PVG	T2	2026-06-30T18:45:00	2026-06-30T21:20:00	南方航空	CZ7071	公务舱	1590	5	8
FLIGHT	C112	C005	CAN	T2	SHA	T2	2026-06-30T20:10:00	2026-06-30T22:45:00	南方航空	CZ7072	经济舱	610	26	36
FLIGHT	C112	C005	CAN	T2	SHA	T2	2026-06-30T20:10:00	2026-06-30T22:45:00	南方航空	CZ7072	公务舱	1590	8	8
FLIGHT	C112	C005	CAN	T2	PVG	T2	2026-06-30T21:35:00	2026-07-01T00:10:00	南方航空	CZ7073	经济舱	610	25	36
FLIGHT	C112	C005	CAN	T2	PVG	T2	2026-06-30T21:35:00	2026-07-01T00:10:00	南方航空	CZ7073	公务舱	1590	7	8
FLIGHT	C005	C190	PVG	T2	SZX	T3	2026-06-30T17:20:00	2026-06-30T19:55:00	东方航空	MU7080	经济舱	640	27	36
FLIGHT	C005	C190	PVG	T2	SZX	T3	2026-06-30T17:20:00	2026-06-30T19:55:00	东方航空	MU7080	公务舱	1660	5	8
FLIGHT	C005	C190	SHA	T2	SZX	T3	2026-06-30T18:45:00	2026-06-30T21:20:00	东方航空	MU7081	经济舱	640	26	36
FLIGHT	C005	C190	SHA	T2	SZX	T3	2026-06-30T18:45:00	2026-06-30T21:20:00	东方航空	MU7081	公务舱	1660	8	8
FLIGHT	C005	C190	PVG	T2	SZX	T3	2026-06-30T20:10:00	2026-06-30T22:45:00	东方航空	MU7082	经济舱	640	25	36
FLIGHT	C005	C190	PVG	T2	SZX	T3	2026-06-30T20:10:00	2026-06-30T22:45:00	东方航空	MU7082	公务舱	1660	7	8
FLIGHT	C005	C190	SHA	T2	SZX	T3	2026-06-30T21:35:00	2026-07-01T00:10:00	东方航空	MU7083	经济舱	640	24	36
FLIGHT	C005	C190	SHA	T2	SZX	T3	2026-06-30T21:35:00	2026-07-01T00:10:00	东方航空	MU7083	公务舱	1660	6	8
FLIGHT	C190	C005	SZX	T3	SHA	T2	2026-06-30T17:20:00	2026-06-30T19:55:00	深圳航空	ZH7090	经济舱	640	26	36
FLIGHT	C190	C005	SZX	T3	SHA	T2	2026-06-30T17:20:00	2026-06-30T19:55:00	深圳航空	ZH7090	公务舱	1660	8	8
FLIGHT	C190	C005	SZX	T3	PVG	T2	2026-06-30T18:45:00	2026-06-30T21:20:00	深圳航空	ZH7091	经济舱	640	25	36
FLIGHT	C190	C005	SZX	T3	PVG	T2	2026-06-30T18:45:00	2026-06-30T21:20:00	深圳航空	ZH7091	公务舱	1660	7	8
FLIGHT	C190	C005	SZX	T3	SHA	T2	2026-06-30T20:10:00	2026-06-30T22:45:00	深圳航空	ZH7092	经济舱	640	24	36
FLIGHT	C190	C005	SZX	T3	SHA	T2	2026-06-30T20:10:00	2026-06-30T22:45:00	深圳航空	ZH7092	公务舱	1660	6	8
FLIGHT	C190	C005	SZX	T3	PVG	T2	2026-06-30T21:35:00	2026-07-01T00:10:00	深圳航空	ZH7093	经济舱	640	23	36
FLIGHT	C190	C005	SZX	T3	PVG	T2	2026-06-30T21:35:00	2026-07-01T00:10:00	深圳航空	ZH7093	公务舱	1660	5	8
FLIGHT	C039	C128	PKX	T2	CTU	T2	2026-06-30T17:20:00	2026-06-30T20:20:00	中国国航	CA7100	经济舱	690	25	36
FLIGHT	C039	C128	PKX	T2	CTU	T2	2026-06-30T17:20:00	2026-06-30T20:20:00	中国国航	CA7100	公务舱	1790	7	8
FLIGHT	C039	C128	PEK	T3	TFU	T2	2026-06-30T18:45:00	2026-06-30T21:45:00	中国国航	CA7101	经济舱	690	24	36
FLIGHT	C039	C128	PEK	T3	TFU	T2	2026-06-30T18:45:00	2026-06-30T21:45:00	中国国航	CA7101	公务舱	1790	6	8
FLIGHT	C039	C128	PKX	T2	CTU	T2	2026-06-30T20:10:00	2026-06-30T23:10:00	中国国航	CA7102	经济舱	690	23	36
FLIGHT	C039	C128	PKX	T2	CTU	T2	2026-06-30T20:10:00	2026-06-30T23:10:00	中国国航	CA7102	公务舱	1790	5	8
FLIGHT	C039	C128	PEK	T3	TFU	T2	2026-06-30T21:35:00	2026-07-01T00:35:00	中国国航	CA7103	经济舱	690	22	36
FLIGHT	C039	C128	PEK	T3	TFU	T2	2026-06-30T21:35:00	2026-07-01T00:35:00	中国国航	CA7103	公务舱	1790	8	8
FLIGHT	C128	C039	TFU	T2	PEK	T3	2026-06-30T17:20:00	2026-06-30T20:20:00	四川航空	3U7110	经济舱	690	24	36
FLIGHT	C128	C039	TFU	T2	PEK	T3	2026-06-30T17:20:00	2026-06-30T20:20:00	四川航空	3U7110	公务舱	1790	6	8
FLIGHT	C128	C039	CTU	T2	PKX	T2	2026-06-30T18:45:00	2026-06-30T21:45:00	四川航空	3U7111	经济舱	690	23	36
FLIGHT	C128	C039	CTU	T2	PKX	T2	2026-06-30T18:45:00	2026-06-30T21:45:00	四川航空	3U7111	公务舱	1790	5	8
FLIGHT	C128	C039	TFU	T2	PEK	T3	2026-06-30T20:10:00	2026-06-30T23:10:00	四川航空	3U7112	经济舱	690	22	36
FLIGHT	C128	C039	TFU	T2	PEK	T3	2026-06-30T20:10:00	2026-06-30T23:10:00	四川航空	3U7112	公务舱	1790	8	8
FLIGHT	C128	C039	CTU	T2	PKX	T2	2026-06-30T21:35:00	2026-07-01T00:35:00	四川航空	3U7113	经济舱	690	21	36
FLIGHT	C128	C039	CTU	T2	PKX	T2	2026-06-30T21:35:00	2026-07-01T00:35:00	四川航空	3U7113	公务舱	1790	7	8
FLIGHT	C005	C128	PVG	T2	CTU	T2	2026-06-30T17:20:00	2026-06-30T20:30:00	东方航空	MU7120	经济舱	720	23	36
FLIGHT	C005	C128	PVG	T2	CTU	T2	2026-06-30T17:20:00	2026-06-30T20:30:00	东方航空	MU7120	公务舱	1870	5	8
FLIGHT	C005	C128	SHA	T2	TFU	T2	2026-06-30T18:45:00	2026-06-30T21:55:00	东方航空	MU7121	经济舱	720	22	36
FLIGHT	C005	C128	SHA	T2	TFU	T2	2026-06-30T18:45:00	2026-06-30T21:55:00	东方航空	MU7121	公务舱	1870	8	8
FLIGHT	C005	C128	PVG	T2	CTU	T2	2026-06-30T20:10:00	2026-06-30T23:20:00	东方航空	MU7122	经济舱	720	21	36
FLIGHT	C005	C128	PVG	T2	CTU	T2	2026-06-30T20:10:00	2026-06-30T23:20:00	东方航空	MU7122	公务舱	1870	7	8
FLIGHT	C005	C128	SHA	T2	TFU	T2	2026-06-30T21:35:00	2026-07-01T00:45:00	东方航空	MU7123	经济舱	720	20	36
FLIGHT	C005	C128	SHA	T2	TFU	T2	2026-06-30T21:35:00	2026-07-01T00:45:00	东方航空	MU7123	公务舱	1870	6	8
FLIGHT	C128	C005	TFU	T2	SHA	T2	2026-06-30T17:20:00	2026-06-30T20:30:00	四川航空	3U7130	经济舱	720	22	36
FLIGHT	C128	C005	TFU	T2	SHA	T2	2026-06-30T17:20:00	2026-06-30T20:30:00	四川航空	3U7130	公务舱	1870	8	8
FLIGHT	C128	C005	CTU	T2	PVG	T2	2026-06-30T18:45:00	2026-06-30T21:55:00	四川航空	3U7131	经济舱	720	21	36
FLIGHT	C128	C005	CTU	T2	PVG	T2	2026-06-30T18:45:00	2026-06-30T21:55:00	四川航空	3U7131	公务舱	1870	7	8
FLIGHT	C128	C005	TFU	T2	SHA	T2	2026-06-30T20:10:00	2026-06-30T23:20:00	四川航空	3U7132	经济舱	720	20	36
FLIGHT	C128	C005	TFU	T2	SHA	T2	2026-06-30T20:10:00	2026-06-30T23:20:00	四川航空	3U7132	公务舱	1870	6	8
FLIGHT	C128	C005	CTU	T2	PVG	T2	2026-06-30T21:35:00	2026-07-01T00:45:00	四川航空	3U7133	经济舱	720	19	36
FLIGHT	C128	C005	CTU	T2	PVG	T2	2026-06-30T21:35:00	2026-07-01T00:45:00	四川航空	3U7133	公务舱	1870	5	8
FLIGHT	C112	C128	CAN	T2	CTU	T2	2026-06-30T17:20:00	2026-06-30T19:40:00	南方航空	CZ7140	经济舱	560	21	36
FLIGHT	C112	C128	CAN	T2	CTU	T2	2026-06-30T17:20:00	2026-06-30T19:40:00	南方航空	CZ7140	公务舱	1460	7	8
FLIGHT	C112	C128	CAN	T2	TFU	T2	2026-06-30T18:45:00	2026-06-30T21:05:00	南方航空	CZ7141	经济舱	560	20	36
FLIGHT	C112	C128	CAN	T2	TFU	T2	2026-06-30T18:45:00	2026-06-30T21:05:00	南方航空	CZ7141	公务舱	1460	6	8
FLIGHT	C112	C128	CAN	T2	CTU	T2	2026-06-30T20:10:00	2026-06-30T22:30:00	南方航空	CZ7142	经济舱	560	19	36
FLIGHT	C112	C128	CAN	T2	CTU	T2	2026-06-30T20:10:00	2026-06-30T22:30:00	南方航空	CZ7142	公务舱	1460	5	8
FLIGHT	C112	C128	CAN	T2	TFU	T2	2026-06-30T21:35:00	2026-06-30T23:55:00	南方航空	CZ7143	经济舱	560	36	36
FLIGHT	C112	C128	CAN	T2	TFU	T2	2026-06-30T21:35:00	2026-06-30T23:55:00	南方航空	CZ7143	公务舱	1460	8	8
FLIGHT	C128	C112	TFU	T2	CAN	T2	2026-06-30T17:20:00	2026-06-30T19:40:00	四川航空	3U7150	经济舱	560	20	36
FLIGHT	C128	C112	TFU	T2	CAN	T2	2026-06-30T17:20:00	2026-06-30T19:40:00	四川航空	3U7150	公务舱	1460	6	8
FLIGHT	C128	C112	CTU	T2	CAN	T2	2026-06-30T18:45:00	2026-06-30T21:05:00	四川航空	3U7151	经济舱	560	19	36
FLIGHT	C128	C112	CTU	T2	CAN	T2	2026-06-30T18:45:00	2026-06-30T21:05:00	四川航空	3U7151	公务舱	1460	5	8
FLIGHT	C128	C112	TFU	T2	CAN	T2	2026-06-30T20:10:00	2026-06-30T22:30:00	四川航空	3U7152	经济舱	560	36	36
FLIGHT	C128	C112	TFU	T2	CAN	T2	2026-06-30T20:10:00	2026-06-30T22:30:00	四川航空	3U7152	公务舱	1460	8	8
FLIGHT	C128	C112	CTU	T2	CAN	T2	2026-06-30T21:35:00	2026-06-30T23:55:00	四川航空	3U7153	经济舱	560	35	36
FLIGHT	C128	C112	CTU	T2	CAN	T2	2026-06-30T21:35:00	2026-06-30T23:55:00	四川航空	3U7153	公务舱	1460	7	8
FLIGHT	C039	C153	PKX	T2	HGH	T4	2026-06-30T17:20:00	2026-06-30T19:30:00	中国国航	CA7160	经济舱	480	19	36
FLIGHT	C039	C153	PKX	T2	HGH	T4	2026-06-30T17:20:00	2026-06-30T19:30:00	中国国航	CA7160	公务舱	1250	5	8
FLIGHT	C039	C153	PEK	T3	HGH	T4	2026-06-30T18:45:00	2026-06-30T20:55:00	中国国航	CA7161	经济舱	480	36	36
FLIGHT	C039	C153	PEK	T3	HGH	T4	2026-06-30T18:45:00	2026-06-30T20:55:00	中国国航	CA7161	公务舱	1250	8	8
FLIGHT	C039	C153	PKX	T2	HGH	T4	2026-06-30T20:10:00	2026-06-30T22:20:00	中国国航	CA7162	经济舱	480	35	36
FLIGHT	C039	C153	PKX	T2	HGH	T4	2026-06-30T20:10:00	2026-06-30T22:20:00	中国国航	CA7162	公务舱	1250	7	8
FLIGHT	C039	C153	PEK	T3	HGH	T4	2026-06-30T21:35:00	2026-06-30T23:45:00	中国国航	CA7163	经济舱	480	34	36
FLIGHT	C039	C153	PEK	T3	HGH	T4	2026-06-30T21:35:00	2026-06-30T23:45:00	中国国航	CA7163	公务舱	1250	6	8
FLIGHT	C153	C039	HGH	T4	PEK	T3	2026-06-30T17:20:00	2026-06-30T19:30:00	海南航空	HU7170	经济舱	480	36	36
FLIGHT	C153	C039	HGH	T4	PEK	T3	2026-06-30T17:20:00	2026-06-30T19:30:00	海南航空	HU7170	公务舱	1250	8	8
FLIGHT	C153	C039	HGH	T4	PKX	T2	2026-06-30T18:45:00	2026-06-30T20:55:00	海南航空	HU7171	经济舱	480	35	36
FLIGHT	C153	C039	HGH	T4	PKX	T2	2026-06-30T18:45:00	2026-06-30T20:55:00	海南航空	HU7171	公务舱	1250	7	8
FLIGHT	C153	C039	HGH	T4	PEK	T3	2026-06-30T20:10:00	2026-06-30T22:20:00	海南航空	HU7172	经济舱	480	34	36
FLIGHT	C153	C039	HGH	T4	PEK	T3	2026-06-30T20:10:00	2026-06-30T22:20:00	海南航空	HU7172	公务舱	1250	6	8
FLIGHT	C153	C039	HGH	T4	PKX	T2	2026-06-30T21:35:00	2026-06-30T23:45:00	海南航空	HU7173	经济舱	480	33	36
FLIGHT	C153	C039	HGH	T4	PKX	T2	2026-06-30T21:35:00	2026-06-30T23:45:00	海南航空	HU7173	公务舱	1250	5	8
FLIGHT	C005	C246	PVG	T2	XIY	T3	2026-06-30T17:20:00	2026-06-30T20:00:00	东方航空	MU7180	经济舱	650	35	36
FLIGHT	C005	C246	PVG	T2	XIY	T3	2026-06-30T17:20:00	2026-06-30T20:00:00	东方航空	MU7180	公务舱	1690	7	8
FLIGHT	C005	C246	SHA	T2	XIY	T3	2026-06-30T18:45:00	2026-06-30T21:25:00	东方航空	MU7181	经济舱	650	34	36
FLIGHT	C005	C246	SHA	T2	XIY	T3	2026-06-30T18:45:00	2026-06-30T21:25:00	东方航空	MU7181	公务舱	1690	6	8
FLIGHT	C005	C246	PVG	T2	XIY	T3	2026-06-30T20:10:00	2026-06-30T22:50:00	东方航空	MU7182	经济舱	650	33	36
FLIGHT	C005	C246	PVG	T2	XIY	T3	2026-06-30T20:10:00	2026-06-30T22:50:00	东方航空	MU7182	公务舱	1690	5	8
FLIGHT	C005	C246	SHA	T2	XIY	T3	2026-06-30T21:35:00	2026-07-01T00:15:00	东方航空	MU7183	经济舱	650	32	36
FLIGHT	C005	C246	SHA	T2	XIY	T3	2026-06-30T21:35:00	2026-07-01T00:15:00	东方航空	MU7183	公务舱	1690	8	8
FLIGHT	C246	C005	XIY	T3	SHA	T2	2026-06-30T17:20:00	2026-06-30T20:00:00	海南航空	HU7190	经济舱	650	34	36
FLIGHT	C246	C005	XIY	T3	SHA	T2	2026-06-30T17:20:00	2026-06-30T20:00:00	海南航空	HU7190	公务舱	1690	6	8
FLIGHT	C246	C005	XIY	T3	PVG	T2	2026-06-30T18:45:00	2026-06-30T21:25:00	海南航空	HU7191	经济舱	650	33	36
FLIGHT	C246	C005	XIY	T3	PVG	T2	2026-06-30T18:45:00	2026-06-30T21:25:00	海南航空	HU7191	公务舱	1690	5	8
FLIGHT	C246	C005	XIY	T3	SHA	T2	2026-06-30T20:10:00	2026-06-30T22:50:00	海南航空	HU7192	经济舱	650	32	36
FLIGHT	C246	C005	XIY	T3	SHA	T2	2026-06-30T20:10:00	2026-06-30T22:50:00	海南航空	HU7192	公务舱	1690	8	8
FLIGHT	C246	C005	XIY	T3	PVG	T2	2026-06-30T21:35:00	2026-07-01T00:15:00	海南航空	HU7193	经济舱	650	31	36
FLIGHT	C246	C005	XIY	T3	PVG	T2	2026-06-30T21:35:00	2026-07-01T00:15:00	海南航空	HU7193	公务舱	1690	7	8
FLIGHT	C039	C272	PKX	T2	CKG	T3	2026-06-30T17:20:00	2026-06-30T20:10:00	中国国航	CA7200	经济舱	680	33	36
FLIGHT	C039	C272	PKX	T2	CKG	T3	2026-06-30T17:20:00	2026-06-30T20:10:00	中国国航	CA7200	公务舱	1770	5	8
FLIGHT	C039	C272	PEK	T3	CKG	T3	2026-06-30T18:45:00	2026-06-30T21:35:00	中国国航	CA7201	经济舱	680	32	36
FLIGHT	C039	C272	PEK	T3	CKG	T3	2026-06-30T18:45:00	2026-06-30T21:35:00	中国国航	CA7201	公务舱	1770	8	8
FLIGHT	C039	C272	PKX	T2	CKG	T3	2026-06-30T20:10:00	2026-06-30T23:00:00	中国国航	CA7202	经济舱	680	31	36
FLIGHT	C039	C272	PKX	T2	CKG	T3	2026-06-30T20:10:00	2026-06-30T23:00:00	中国国航	CA7202	公务舱	1770	7	8
FLIGHT	C039	C272	PEK	T3	CKG	T3	2026-06-30T21:35:00	2026-07-01T00:25:00	中国国航	CA7203	经济舱	680	30	36
FLIGHT	C039	C272	PEK	T3	CKG	T3	2026-06-30T21:35:00	2026-07-01T00:25:00	中国国航	CA7203	公务舱	1770	6	8
FLIGHT	C272	C039	CKG	T3	PEK	T3	2026-06-30T17:20:00	2026-06-30T20:10:00	四川航空	3U7210	经济舱	680	32	36
FLIGHT	C272	C039	CKG	T3	PEK	T3	2026-06-30T17:20:00	2026-06-30T20:10:00	四川航空	3U7210	公务舱	1770	8	8
FLIGHT	C272	C039	CKG	T3	PKX	T2	2026-06-30T18:45:00	2026-06-30T21:35:00	四川航空	3U7211	经济舱	680	31	36
FLIGHT	C272	C039	CKG	T3	PKX	T2	2026-06-30T18:45:00	2026-06-30T21:35:00	四川航空	3U7211	公务舱	1770	7	8
FLIGHT	C272	C039	CKG	T3	PEK	T3	2026-06-30T20:10:00	2026-06-30T23:00:00	四川航空	3U7212	经济舱	680	30	36
FLIGHT	C272	C039	CKG	T3	PEK	T3	2026-06-30T20:10:00	2026-06-30T23:00:00	四川航空	3U7212	公务舱	1770	6	8
FLIGHT	C272	C039	CKG	T3	PKX	T2	2026-06-30T21:35:00	2026-07-01T00:25:00	四川航空	3U7213	经济舱	680	29	36
FLIGHT	C272	C039	CKG	T3	PKX	T2	2026-06-30T21:35:00	2026-07-01T00:25:00	四川航空	3U7213	公务舱	1770	5	8
FLIGHT	C039	C005	PEK	T3	PVG	T2	2026-07-01T17:20:00	2026-07-01T19:45:00	中国国航	CA7000	经济舱	520	34	36
FLIGHT	C039	C005	PEK	T3	PVG	T2	2026-07-01T17:20:00	2026-07-01T19:45:00	中国国航	CA7000	公务舱	1350	8	8
FLIGHT	C039	C005	PKX	T2	SHA	T2	2026-07-01T18:45:00	2026-07-01T21:10:00	中国国航	CA7001	经济舱	520	33	36
FLIGHT	C039	C005	PKX	T2	SHA	T2	2026-07-01T18:45:00	2026-07-01T21:10:00	中国国航	CA7001	公务舱	1350	7	8
FLIGHT	C039	C005	PEK	T3	PVG	T2	2026-07-01T20:10:00	2026-07-01T22:35:00	中国国航	CA7002	经济舱	520	32	36
FLIGHT	C039	C005	PEK	T3	PVG	T2	2026-07-01T20:10:00	2026-07-01T22:35:00	中国国航	CA7002	公务舱	1350	6	8
FLIGHT	C039	C005	PKX	T2	SHA	T2	2026-07-01T21:35:00	2026-07-02T00:00:00	中国国航	CA7003	经济舱	520	31	36
FLIGHT	C039	C005	PKX	T2	SHA	T2	2026-07-01T21:35:00	2026-07-02T00:00:00	中国国航	CA7003	公务舱	1350	5	8
FLIGHT	C005	C039	SHA	T2	PKX	T2	2026-07-01T17:20:00	2026-07-01T19:45:00	东方航空	MU7010	经济舱	520	33	36
FLIGHT	C005	C039	SHA	T2	PKX	T2	2026-07-01T17:20:00	2026-07-01T19:45:00	东方航空	MU7010	公务舱	1350	7	8
FLIGHT	C005	C039	PVG	T2	PEK	T3	2026-07-01T18:45:00	2026-07-01T21:10:00	东方航空	MU7011	经济舱	520	32	36
FLIGHT	C005	C039	PVG	T2	PEK	T3	2026-07-01T18:45:00	2026-07-01T21:10:00	东方航空	MU7011	公务舱	1350	6	8
FLIGHT	C005	C039	SHA	T2	PKX	T2	2026-07-01T20:10:00	2026-07-01T22:35:00	东方航空	MU7012	经济舱	520	31	36
FLIGHT	C005	C039	SHA	T2	PKX	T2	2026-07-01T20:10:00	2026-07-01T22:35:00	东方航空	MU7012	公务舱	1350	5	8
FLIGHT	C005	C039	PVG	T2	PEK	T3	2026-07-01T21:35:00	2026-07-02T00:00:00	东方航空	MU7013	经济舱	520	30	36
FLIGHT	C005	C039	PVG	T2	PEK	T3	2026-07-01T21:35:00	2026-07-02T00:00:00	东方航空	MU7013	公务舱	1350	8	8
FLIGHT	C039	C112	PEK	T3	CAN	T2	2026-07-01T17:20:00	2026-07-01T20:35:00	中国国航	CA7020	经济舱	720	32	36
FLIGHT	C039	C112	PEK	T3	CAN	T2	2026-07-01T17:20:00	2026-07-01T20:35:00	中国国航	CA7020	公务舱	1870	6	8
FLIGHT	C039	C112	PKX	T2	CAN	T2	2026-07-01T18:45:00	2026-07-01T22:00:00	中国国航	CA7021	经济舱	720	31	36
FLIGHT	C039	C112	PKX	T2	CAN	T2	2026-07-01T18:45:00	2026-07-01T22:00:00	中国国航	CA7021	公务舱	1870	5	8
FLIGHT	C039	C112	PEK	T3	CAN	T2	2026-07-01T20:10:00	2026-07-01T23:25:00	中国国航	CA7022	经济舱	720	30	36
FLIGHT	C039	C112	PEK	T3	CAN	T2	2026-07-01T20:10:00	2026-07-01T23:25:00	中国国航	CA7022	公务舱	1870	8	8
FLIGHT	C039	C112	PKX	T2	CAN	T2	2026-07-01T21:35:00	2026-07-02T00:50:00	中国国航	CA7023	经济舱	720	29	36
FLIGHT	C039	C112	PKX	T2	CAN	T2	2026-07-01T21:35:00	2026-07-02T00:50:00	中国国航	CA7023	公务舱	1870	7	8
FLIGHT	C112	C039	CAN	T2	PKX	T2	2026-07-01T17:20:00	2026-07-01T20:35:00	南方航空	CZ7030	经济舱	720	31	36
FLIGHT	C112	C039	CAN	T2	PKX	T2	2026-07-01T17:20:00	2026-07-01T20:35:00	南方航空	CZ7030	公务舱	1870	5	8
FLIGHT	C112	C039	CAN	T2	PEK	T3	2026-07-01T18:45:00	2026-07-01T22:00:00	南方航空	CZ7031	经济舱	720	30	36
FLIGHT	C112	C039	CAN	T2	PEK	T3	2026-07-01T18:45:00	2026-07-01T22:00:00	南方航空	CZ7031	公务舱	1870	8	8
FLIGHT	C112	C039	CAN	T2	PKX	T2	2026-07-01T20:10:00	2026-07-01T23:25:00	南方航空	CZ7032	经济舱	720	29	36
FLIGHT	C112	C039	CAN	T2	PKX	T2	2026-07-01T20:10:00	2026-07-01T23:25:00	南方航空	CZ7032	公务舱	1870	7	8
FLIGHT	C112	C039	CAN	T2	PEK	T3	2026-07-01T21:35:00	2026-07-02T00:50:00	南方航空	CZ7033	经济舱	720	28	36
FLIGHT	C112	C039	CAN	T2	PEK	T3	2026-07-01T21:35:00	2026-07-02T00:50:00	南方航空	CZ7033	公务舱	1870	6	8
FLIGHT	C039	C190	PEK	T3	SZX	T3	2026-07-01T17:20:00	2026-07-01T20:45:00	中国国航	CA7040	经济舱	760	30	36
FLIGHT	C039	C190	PEK	T3	SZX	T3	2026-07-01T17:20:00	2026-07-01T20:45:00	中国国航	CA7040	公务舱	1980	8	8
FLIGHT	C039	C190	PKX	T2	SZX	T3	2026-07-01T18:45:00	2026-07-01T22:10:00	中国国航	CA7041	经济舱	760	29	36
FLIGHT	C039	C190	PKX	T2	SZX	T3	2026-07-01T18:45:00	2026-07-01T22:10:00	中国国航	CA7041	公务舱	1980	7	8
FLIGHT	C039	C190	PEK	T3	SZX	T3	2026-07-01T20:10:00	2026-07-01T23:35:00	中国国航	CA7042	经济舱	760	28	36
FLIGHT	C039	C190	PEK	T3	SZX	T3	2026-07-01T20:10:00	2026-07-01T23:35:00	中国国航	CA7042	公务舱	1980	6	8
FLIGHT	C039	C190	PKX	T2	SZX	T3	2026-07-01T21:35:00	2026-07-02T01:00:00	中国国航	CA7043	经济舱	760	27	36
FLIGHT	C039	C190	PKX	T2	SZX	T3	2026-07-01T21:35:00	2026-07-02T01:00:00	中国国航	CA7043	公务舱	1980	5	8
FLIGHT	C190	C039	SZX	T3	PKX	T2	2026-07-01T17:20:00	2026-07-01T20:45:00	深圳航空	ZH7050	经济舱	760	29	36
FLIGHT	C190	C039	SZX	T3	PKX	T2	2026-07-01T17:20:00	2026-07-01T20:45:00	深圳航空	ZH7050	公务舱	1980	7	8
FLIGHT	C190	C039	SZX	T3	PEK	T3	2026-07-01T18:45:00	2026-07-01T22:10:00	深圳航空	ZH7051	经济舱	760	28	36
FLIGHT	C190	C039	SZX	T3	PEK	T3	2026-07-01T18:45:00	2026-07-01T22:10:00	深圳航空	ZH7051	公务舱	1980	6	8
FLIGHT	C190	C039	SZX	T3	PKX	T2	2026-07-01T20:10:00	2026-07-01T23:35:00	深圳航空	ZH7052	经济舱	760	27	36
FLIGHT	C190	C039	SZX	T3	PKX	T2	2026-07-01T20:10:00	2026-07-01T23:35:00	深圳航空	ZH7052	公务舱	1980	5	8
FLIGHT	C190	C039	SZX	T3	PEK	T3	2026-07-01T21:35:00	2026-07-02T01:00:00	深圳航空	ZH7053	经济舱	760	26	36
FLIGHT	C190	C039	SZX	T3	PEK	T3	2026-07-01T21:35:00	2026-07-02T01:00:00	深圳航空	ZH7053	公务舱	1980	8	8
FLIGHT	C005	C112	SHA	T2	CAN	T2	2026-07-01T17:20:00	2026-07-01T19:55:00	东方航空	MU7060	经济舱	610	28	36
FLIGHT	C005	C112	SHA	T2	CAN	T2	2026-07-01T17:20:00	2026-07-01T19:55:00	东方航空	MU7060	公务舱	1590	6	8
FLIGHT	C005	C112	PVG	T2	CAN	T2	2026-07-01T18:45:00	2026-07-01T21:20:00	东方航空	MU7061	经济舱	610	27	36
FLIGHT	C005	C112	PVG	T2	CAN	T2	2026-07-01T18:45:00	2026-07-01T21:20:00	东方航空	MU7061	公务舱	1590	5	8
FLIGHT	C005	C112	SHA	T2	CAN	T2	2026-07-01T20:10:00	2026-07-01T22:45:00	东方航空	MU7062	经济舱	610	26	36
FLIGHT	C005	C112	SHA	T2	CAN	T2	2026-07-01T20:10:00	2026-07-01T22:45:00	东方航空	MU7062	公务舱	1590	8	8
FLIGHT	C005	C112	PVG	T2	CAN	T2	2026-07-01T21:35:00	2026-07-02T00:10:00	东方航空	MU7063	经济舱	610	25	36
FLIGHT	C005	C112	PVG	T2	CAN	T2	2026-07-01T21:35:00	2026-07-02T00:10:00	东方航空	MU7063	公务舱	1590	7	8
FLIGHT	C112	C005	CAN	T2	PVG	T2	2026-07-01T17:20:00	2026-07-01T19:55:00	南方航空	CZ7070	经济舱	610	27	36
FLIGHT	C112	C005	CAN	T2	PVG	T2	2026-07-01T17:20:00	2026-07-01T19:55:00	南方航空	CZ7070	公务舱	1590	5	8
FLIGHT	C112	C005	CAN	T2	SHA	T2	2026-07-01T18:45:00	2026-07-01T21:20:00	南方航空	CZ7071	经济舱	610	26	36
FLIGHT	C112	C005	CAN	T2	SHA	T2	2026-07-01T18:45:00	2026-07-01T21:20:00	南方航空	CZ7071	公务舱	1590	8	8
FLIGHT	C112	C005	CAN	T2	PVG	T2	2026-07-01T20:10:00	2026-07-01T22:45:00	南方航空	CZ7072	经济舱	610	25	36
FLIGHT	C112	C005	CAN	T2	PVG	T2	2026-07-01T20:10:00	2026-07-01T22:45:00	南方航空	CZ7072	公务舱	1590	7	8
FLIGHT	C112	C005	CAN	T2	SHA	T2	2026-07-01T21:35:00	2026-07-02T00:10:00	南方航空	CZ7073	经济舱	610	24	36
FLIGHT	C112	C005	CAN	T2	SHA	T2	2026-07-01T21:35:00	2026-07-02T00:10:00	南方航空	CZ7073	公务舱	1590	6	8
FLIGHT	C005	C190	SHA	T2	SZX	T3	2026-07-01T17:20:00	2026-07-01T19:55:00	东方航空	MU7080	经济舱	640	26	36
FLIGHT	C005	C190	SHA	T2	SZX	T3	2026-07-01T17:20:00	2026-07-01T19:55:00	东方航空	MU7080	公务舱	1660	8	8
FLIGHT	C005	C190	PVG	T2	SZX	T3	2026-07-01T18:45:00	2026-07-01T21:20:00	东方航空	MU7081	经济舱	640	25	36
FLIGHT	C005	C190	PVG	T2	SZX	T3	2026-07-01T18:45:00	2026-07-01T21:20:00	东方航空	MU7081	公务舱	1660	7	8
FLIGHT	C005	C190	SHA	T2	SZX	T3	2026-07-01T20:10:00	2026-07-01T22:45:00	东方航空	MU7082	经济舱	640	24	36
FLIGHT	C005	C190	SHA	T2	SZX	T3	2026-07-01T20:10:00	2026-07-01T22:45:00	东方航空	MU7082	公务舱	1660	6	8
FLIGHT	C005	C190	PVG	T2	SZX	T3	2026-07-01T21:35:00	2026-07-02T00:10:00	东方航空	MU7083	经济舱	640	23	36
FLIGHT	C005	C190	PVG	T2	SZX	T3	2026-07-01T21:35:00	2026-07-02T00:10:00	东方航空	MU7083	公务舱	1660	5	8
FLIGHT	C190	C005	SZX	T3	PVG	T2	2026-07-01T17:20:00	2026-07-01T19:55:00	深圳航空	ZH7090	经济舱	640	25	36
FLIGHT	C190	C005	SZX	T3	PVG	T2	2026-07-01T17:20:00	2026-07-01T19:55:00	深圳航空	ZH7090	公务舱	1660	7	8
FLIGHT	C190	C005	SZX	T3	SHA	T2	2026-07-01T18:45:00	2026-07-01T21:20:00	深圳航空	ZH7091	经济舱	640	24	36
FLIGHT	C190	C005	SZX	T3	SHA	T2	2026-07-01T18:45:00	2026-07-01T21:20:00	深圳航空	ZH7091	公务舱	1660	6	8
FLIGHT	C190	C005	SZX	T3	PVG	T2	2026-07-01T20:10:00	2026-07-01T22:45:00	深圳航空	ZH7092	经济舱	640	23	36
FLIGHT	C190	C005	SZX	T3	PVG	T2	2026-07-01T20:10:00	2026-07-01T22:45:00	深圳航空	ZH7092	公务舱	1660	5	8
FLIGHT	C190	C005	SZX	T3	SHA	T2	2026-07-01T21:35:00	2026-07-02T00:10:00	深圳航空	ZH7093	经济舱	640	22	36
FLIGHT	C190	C005	SZX	T3	SHA	T2	2026-07-01T21:35:00	2026-07-02T00:10:00	深圳航空	ZH7093	公务舱	1660	8	8
FLIGHT	C039	C128	PEK	T3	TFU	T2	2026-07-01T17:20:00	2026-07-01T20:20:00	中国国航	CA7100	经济舱	690	24	36
FLIGHT	C039	C128	PEK	T3	TFU	T2	2026-07-01T17:20:00	2026-07-01T20:20:00	中国国航	CA7100	公务舱	1790	6	8
FLIGHT	C039	C128	PKX	T2	CTU	T2	2026-07-01T18:45:00	2026-07-01T21:45:00	中国国航	CA7101	经济舱	690	23	36
FLIGHT	C039	C128	PKX	T2	CTU	T2	2026-07-01T18:45:00	2026-07-01T21:45:00	中国国航	CA7101	公务舱	1790	5	8
FLIGHT	C039	C128	PEK	T3	TFU	T2	2026-07-01T20:10:00	2026-07-01T23:10:00	中国国航	CA7102	经济舱	690	22	36
FLIGHT	C039	C128	PEK	T3	TFU	T2	2026-07-01T20:10:00	2026-07-01T23:10:00	中国国航	CA7102	公务舱	1790	8	8
FLIGHT	C039	C128	PKX	T2	CTU	T2	2026-07-01T21:35:00	2026-07-02T00:35:00	中国国航	CA7103	经济舱	690	21	36
FLIGHT	C039	C128	PKX	T2	CTU	T2	2026-07-01T21:35:00	2026-07-02T00:35:00	中国国航	CA7103	公务舱	1790	7	8
FLIGHT	C128	C039	CTU	T2	PKX	T2	2026-07-01T17:20:00	2026-07-01T20:20:00	四川航空	3U7110	经济舱	690	23	36
FLIGHT	C128	C039	CTU	T2	PKX	T2	2026-07-01T17:20:00	2026-07-01T20:20:00	四川航空	3U7110	公务舱	1790	5	8
FLIGHT	C128	C039	TFU	T2	PEK	T3	2026-07-01T18:45:00	2026-07-01T21:45:00	四川航空	3U7111	经济舱	690	22	36
FLIGHT	C128	C039	TFU	T2	PEK	T3	2026-07-01T18:45:00	2026-07-01T21:45:00	四川航空	3U7111	公务舱	1790	8	8
FLIGHT	C128	C039	CTU	T2	PKX	T2	2026-07-01T20:10:00	2026-07-01T23:10:00	四川航空	3U7112	经济舱	690	21	36
FLIGHT	C128	C039	CTU	T2	PKX	T2	2026-07-01T20:10:00	2026-07-01T23:10:00	四川航空	3U7112	公务舱	1790	7	8
FLIGHT	C128	C039	TFU	T2	PEK	T3	2026-07-01T21:35:00	2026-07-02T00:35:00	四川航空	3U7113	经济舱	690	20	36
FLIGHT	C128	C039	TFU	T2	PEK	T3	2026-07-01T21:35:00	2026-07-02T00:35:00	四川航空	3U7113	公务舱	1790	6	8
FLIGHT	C005	C128	SHA	T2	TFU	T2	2026-07-01T17:20:00	2026-07-01T20:30:00	东方航空	MU7120	经济舱	720	22	36
FLIGHT	C005	C128	SHA	T2	TFU	T2	2026-07-01T17:20:00	2026-07-01T20:30:00	东方航空	MU7120	公务舱	1870	8	8
FLIGHT	C005	C128	PVG	T2	CTU	T2	2026-07-01T18:45:00	2026-07-01T21:55:00	东方航空	MU7121	经济舱	720	21	36
FLIGHT	C005	C128	PVG	T2	CTU	T2	2026-07-01T18:45:00	2026-07-01T21:55:00	东方航空	MU7121	公务舱	1870	7	8
FLIGHT	C005	C128	SHA	T2	TFU	T2	2026-07-01T20:10:00	2026-07-01T23:20:00	东方航空	MU7122	经济舱	720	20	36
FLIGHT	C005	C128	SHA	T2	TFU	T2	2026-07-01T20:10:00	2026-07-01T23:20:00	东方航空	MU7122	公务舱	1870	6	8
FLIGHT	C005	C128	PVG	T2	CTU	T2	2026-07-01T21:35:00	2026-07-02T00:45:00	东方航空	MU7123	经济舱	720	19	36
FLIGHT	C005	C128	PVG	T2	CTU	T2	2026-07-01T21:35:00	2026-07-02T00:45:00	东方航空	MU7123	公务舱	1870	5	8
FLIGHT	C128	C005	CTU	T2	PVG	T2	2026-07-01T17:20:00	2026-07-01T20:30:00	四川航空	3U7130	经济舱	720	21	36
FLIGHT	C128	C005	CTU	T2	PVG	T2	2026-07-01T17:20:00	2026-07-01T20:30:00	四川航空	3U7130	公务舱	1870	7	8
FLIGHT	C128	C005	TFU	T2	SHA	T2	2026-07-01T18:45:00	2026-07-01T21:55:00	四川航空	3U7131	经济舱	720	20	36
FLIGHT	C128	C005	TFU	T2	SHA	T2	2026-07-01T18:45:00	2026-07-01T21:55:00	四川航空	3U7131	公务舱	1870	6	8
FLIGHT	C128	C005	CTU	T2	PVG	T2	2026-07-01T20:10:00	2026-07-01T23:20:00	四川航空	3U7132	经济舱	720	19	36
FLIGHT	C128	C005	CTU	T2	PVG	T2	2026-07-01T20:10:00	2026-07-01T23:20:00	四川航空	3U7132	公务舱	1870	5	8
FLIGHT	C128	C005	TFU	T2	SHA	T2	2026-07-01T21:35:00	2026-07-02T00:45:00	四川航空	3U7133	经济舱	720	36	36
FLIGHT	C128	C005	TFU	T2	SHA	T2	2026-07-01T21:35:00	2026-07-02T00:45:00	四川航空	3U7133	公务舱	1870	8	8
FLIGHT	C112	C128	CAN	T2	TFU	T2	2026-07-01T17:20:00	2026-07-01T19:40:00	南方航空	CZ7140	经济舱	560	20	36
FLIGHT	C112	C128	CAN	T2	TFU	T2	2026-07-01T17:20:00	2026-07-01T19:40:00	南方航空	CZ7140	公务舱	1460	6	8
FLIGHT	C112	C128	CAN	T2	CTU	T2	2026-07-01T18:45:00	2026-07-01T21:05:00	南方航空	CZ7141	经济舱	560	19	36
FLIGHT	C112	C128	CAN	T2	CTU	T2	2026-07-01T18:45:00	2026-07-01T21:05:00	南方航空	CZ7141	公务舱	1460	5	8
FLIGHT	C112	C128	CAN	T2	TFU	T2	2026-07-01T20:10:00	2026-07-01T22:30:00	南方航空	CZ7142	经济舱	560	36	36
FLIGHT	C112	C128	CAN	T2	TFU	T2	2026-07-01T20:10:00	2026-07-01T22:30:00	南方航空	CZ7142	公务舱	1460	8	8
FLIGHT	C112	C128	CAN	T2	CTU	T2	2026-07-01T21:35:00	2026-07-01T23:55:00	南方航空	CZ7143	经济舱	560	35	36
FLIGHT	C112	C128	CAN	T2	CTU	T2	2026-07-01T21:35:00	2026-07-01T23:55:00	南方航空	CZ7143	公务舱	1460	7	8
FLIGHT	C128	C112	CTU	T2	CAN	T2	2026-07-01T17:20:00	2026-07-01T19:40:00	四川航空	3U7150	经济舱	560	19	36
FLIGHT	C128	C112	CTU	T2	CAN	T2	2026-07-01T17:20:00	2026-07-01T19:40:00	四川航空	3U7150	公务舱	1460	5	8
FLIGHT	C128	C112	TFU	T2	CAN	T2	2026-07-01T18:45:00	2026-07-01T21:05:00	四川航空	3U7151	经济舱	560	36	36
FLIGHT	C128	C112	TFU	T2	CAN	T2	2026-07-01T18:45:00	2026-07-01T21:05:00	四川航空	3U7151	公务舱	1460	8	8
FLIGHT	C128	C112	CTU	T2	CAN	T2	2026-07-01T20:10:00	2026-07-01T22:30:00	四川航空	3U7152	经济舱	560	35	36
FLIGHT	C128	C112	CTU	T2	CAN	T2	2026-07-01T20:10:00	2026-07-01T22:30:00	四川航空	3U7152	公务舱	1460	7	8
FLIGHT	C128	C112	TFU	T2	CAN	T2	2026-07-01T21:35:00	2026-07-01T23:55:00	四川航空	3U7153	经济舱	560	34	36
FLIGHT	C128	C112	TFU	T2	CAN	T2	2026-07-01T21:35:00	2026-07-01T23:55:00	四川航空	3U7153	公务舱	1460	6	8
FLIGHT	C039	C153	PEK	T3	HGH	T4	2026-07-01T17:20:00	2026-07-01T19:30:00	中国国航	CA7160	经济舱	480	36	36
FLIGHT	C039	C153	PEK	T3	HGH	T4	2026-07-01T17:20:00	2026-07-01T19:30:00	中国国航	CA7160	公务舱	1250	8	8
FLIGHT	C039	C153	PKX	T2	HGH	T4	2026-07-01T18:45:00	2026-07-01T20:55:00	中国国航	CA7161	经济舱	480	35	36
FLIGHT	C039	C153	PKX	T2	HGH	T4	2026-07-01T18:45:00	2026-07-01T20:55:00	中国国航	CA7161	公务舱	1250	7	8
FLIGHT	C039	C153	PEK	T3	HGH	T4	2026-07-01T20:10:00	2026-07-01T22:20:00	中国国航	CA7162	经济舱	480	34	36
FLIGHT	C039	C153	PEK	T3	HGH	T4	2026-07-01T20:10:00	2026-07-01T22:20:00	中国国航	CA7162	公务舱	1250	6	8
FLIGHT	C039	C153	PKX	T2	HGH	T4	2026-07-01T21:35:00	2026-07-01T23:45:00	中国国航	CA7163	经济舱	480	33	36
FLIGHT	C039	C153	PKX	T2	HGH	T4	2026-07-01T21:35:00	2026-07-01T23:45:00	中国国航	CA7163	公务舱	1250	5	8
FLIGHT	C153	C039	HGH	T4	PKX	T2	2026-07-01T17:20:00	2026-07-01T19:30:00	海南航空	HU7170	经济舱	480	35	36
FLIGHT	C153	C039	HGH	T4	PKX	T2	2026-07-01T17:20:00	2026-07-01T19:30:00	海南航空	HU7170	公务舱	1250	7	8
FLIGHT	C153	C039	HGH	T4	PEK	T3	2026-07-01T18:45:00	2026-07-01T20:55:00	海南航空	HU7171	经济舱	480	34	36
FLIGHT	C153	C039	HGH	T4	PEK	T3	2026-07-01T18:45:00	2026-07-01T20:55:00	海南航空	HU7171	公务舱	1250	6	8
FLIGHT	C153	C039	HGH	T4	PKX	T2	2026-07-01T20:10:00	2026-07-01T22:20:00	海南航空	HU7172	经济舱	480	33	36
FLIGHT	C153	C039	HGH	T4	PKX	T2	2026-07-01T20:10:00	2026-07-01T22:20:00	海南航空	HU7172	公务舱	1250	5	8
FLIGHT	C153	C039	HGH	T4	PEK	T3	2026-07-01T21:35:00	2026-07-01T23:45:00	海南航空	HU7173	经济舱	480	32	36
FLIGHT	C153	C039	HGH	T4	PEK	T3	2026-07-01T21:35:00	2026-07-01T23:45:00	海南航空	HU7173	公务舱	1250	8	8
FLIGHT	C005	C246	SHA	T2	XIY	T3	2026-07-01T17:20:00	2026-07-01T20:00:00	东方航空	MU7180	经济舱	650	34	36
FLIGHT	C005	C246	SHA	T2	XIY	T3	2026-07-01T17:20:00	2026-07-01T20:00:00	东方航空	MU7180	公务舱	1690	6	8
FLIGHT	C005	C246	PVG	T2	XIY	T3	2026-07-01T18:45:00	2026-07-01T21:25:00	东方航空	MU7181	经济舱	650	33	36
FLIGHT	C005	C246	PVG	T2	XIY	T3	2026-07-01T18:45:00	2026-07-01T21:25:00	东方航空	MU7181	公务舱	1690	5	8
FLIGHT	C005	C246	SHA	T2	XIY	T3	2026-07-01T20:10:00	2026-07-01T22:50:00	东方航空	MU7182	经济舱	650	32	36
FLIGHT	C005	C246	SHA	T2	XIY	T3	2026-07-01T20:10:00	2026-07-01T22:50:00	东方航空	MU7182	公务舱	1690	8	8
FLIGHT	C005	C246	PVG	T2	XIY	T3	2026-07-01T21:35:00	2026-07-02T00:15:00	东方航空	MU7183	经济舱	650	31	36
FLIGHT	C005	C246	PVG	T2	XIY	T3	2026-07-01T21:35:00	2026-07-02T00:15:00	东方航空	MU7183	公务舱	1690	7	8
FLIGHT	C246	C005	XIY	T3	PVG	T2	2026-07-01T17:20:00	2026-07-01T20:00:00	海南航空	HU7190	经济舱	650	33	36
FLIGHT	C246	C005	XIY	T3	PVG	T2	2026-07-01T17:20:00	2026-07-01T20:00:00	海南航空	HU7190	公务舱	1690	5	8
FLIGHT	C246	C005	XIY	T3	SHA	T2	2026-07-01T18:45:00	2026-07-01T21:25:00	海南航空	HU7191	经济舱	650	32	36
FLIGHT	C246	C005	XIY	T3	SHA	T2	2026-07-01T18:45:00	2026-07-01T21:25:00	海南航空	HU7191	公务舱	1690	8	8
FLIGHT	C246	C005	XIY	T3	PVG	T2	2026-07-01T20:10:00	2026-07-01T22:50:00	海南航空	HU7192	经济舱	650	31	36
FLIGHT	C246	C005	XIY	T3	PVG	T2	2026-07-01T20:10:00	2026-07-01T22:50:00	海南航空	HU7192	公务舱	1690	7	8
FLIGHT	C246	C005	XIY	T3	SHA	T2	2026-07-01T21:35:00	2026-07-02T00:15:00	海南航空	HU7193	经济舱	650	30	36
FLIGHT	C246	C005	XIY	T3	SHA	T2	2026-07-01T21:35:00	2026-07-02T00:15:00	海南航空	HU7193	公务舱	1690	6	8
FLIGHT	C039	C272	PEK	T3	CKG	T3	2026-07-01T17:20:00	2026-07-01T20:10:00	中国国航	CA7200	经济舱	680	32	36
FLIGHT	C039	C272	PEK	T3	CKG	T3	2026-07-01T17:20:00	2026-07-01T20:10:00	中国国航	CA7200	公务舱	1770	8	8
FLIGHT	C039	C272	PKX	T2	CKG	T3	2026-07-01T18:45:00	2026-07-01T21:35:00	中国国航	CA7201	经济舱	680	31	36
FLIGHT	C039	C272	PKX	T2	CKG	T3	2026-07-01T18:45:00	2026-07-01T21:35:00	中国国航	CA7201	公务舱	1770	7	8
FLIGHT	C039	C272	PEK	T3	CKG	T3	2026-07-01T20:10:00	2026-07-01T23:00:00	中国国航	CA7202	经济舱	680	30	36
FLIGHT	C039	C272	PEK	T3	CKG	T3	2026-07-01T20:10:00	2026-07-01T23:00:00	中国国航	CA7202	公务舱	1770	6	8
FLIGHT	C039	C272	PKX	T2	CKG	T3	2026-07-01T21:35:00	2026-07-02T00:25:00	中国国航	CA7203	经济舱	680	29	36
FLIGHT	C039	C272	PKX	T2	CKG	T3	2026-07-01T21:35:00	2026-07-02T00:25:00	中国国航	CA7203	公务舱	1770	5	8
FLIGHT	C272	C039	CKG	T3	PKX	T2	2026-07-01T17:20:00	2026-07-01T20:10:00	四川航空	3U7210	经济舱	680	31	36
FLIGHT	C272	C039	CKG	T3	PKX	T2	2026-07-01T17:20:00	2026-07-01T20:10:00	四川航空	3U7210	公务舱	1770	7	8
FLIGHT	C272	C039	CKG	T3	PEK	T3	2026-07-01T18:45:00	2026-07-01T21:35:00	四川航空	3U7211	经济舱	680	30	36
FLIGHT	C272	C039	CKG	T3	PEK	T3	2026-07-01T18:45:00	2026-07-01T21:35:00	四川航空	3U7211	公务舱	1770	6	8
FLIGHT	C272	C039	CKG	T3	PKX	T2	2026-07-01T20:10:00	2026-07-01T23:00:00	四川航空	3U7212	经济舱	680	29	36
FLIGHT	C272	C039	CKG	T3	PKX	T2	2026-07-01T20:10:00	2026-07-01T23:00:00	四川航空	3U7212	公务舱	1770	5	8
FLIGHT	C272	C039	CKG	T3	PEK	T3	2026-07-01T21:35:00	2026-07-02T00:25:00	四川航空	3U7213	经济舱	680	28	36
FLIGHT	C272	C039	CKG	T3	PEK	T3	2026-07-01T21:35:00	2026-07-02T00:25:00	四川航空	3U7213	公务舱	1770	8	8
FLIGHT	C039	C005	PKX	T2	SHA	T2	2026-07-02T17:20:00	2026-07-02T19:45:00	中国国航	CA7000	经济舱	520	33	36
FLIGHT	C039	C005	PKX	T2	SHA	T2	2026-07-02T17:20:00	2026-07-02T19:45:00	中国国航	CA7000	公务舱	1350	7	8
FLIGHT	C039	C005	PEK	T3	PVG	T2	2026-07-02T18:45:00	2026-07-02T21:10:00	中国国航	CA7001	经济舱	520	32	36
FLIGHT	C039	C005	PEK	T3	PVG	T2	2026-07-02T18:45:00	2026-07-02T21:10:00	中国国航	CA7001	公务舱	1350	6	8
FLIGHT	C039	C005	PKX	T2	SHA	T2	2026-07-02T20:10:00	2026-07-02T22:35:00	中国国航	CA7002	经济舱	520	31	36
FLIGHT	C039	C005	PKX	T2	SHA	T2	2026-07-02T20:10:00	2026-07-02T22:35:00	中国国航	CA7002	公务舱	1350	5	8
FLIGHT	C039	C005	PEK	T3	PVG	T2	2026-07-02T21:35:00	2026-07-03T00:00:00	中国国航	CA7003	经济舱	520	30	36
FLIGHT	C039	C005	PEK	T3	PVG	T2	2026-07-02T21:35:00	2026-07-03T00:00:00	中国国航	CA7003	公务舱	1350	8	8
FLIGHT	C005	C039	PVG	T2	PEK	T3	2026-07-02T17:20:00	2026-07-02T19:45:00	东方航空	MU7010	经济舱	520	32	36
FLIGHT	C005	C039	PVG	T2	PEK	T3	2026-07-02T17:20:00	2026-07-02T19:45:00	东方航空	MU7010	公务舱	1350	6	8
FLIGHT	C005	C039	SHA	T2	PKX	T2	2026-07-02T18:45:00	2026-07-02T21:10:00	东方航空	MU7011	经济舱	520	31	36
FLIGHT	C005	C039	SHA	T2	PKX	T2	2026-07-02T18:45:00	2026-07-02T21:10:00	东方航空	MU7011	公务舱	1350	5	8
FLIGHT	C005	C039	PVG	T2	PEK	T3	2026-07-02T20:10:00	2026-07-02T22:35:00	东方航空	MU7012	经济舱	520	30	36
FLIGHT	C005	C039	PVG	T2	PEK	T3	2026-07-02T20:10:00	2026-07-02T22:35:00	东方航空	MU7012	公务舱	1350	8	8
FLIGHT	C005	C039	SHA	T2	PKX	T2	2026-07-02T21:35:00	2026-07-03T00:00:00	东方航空	MU7013	经济舱	520	29	36
FLIGHT	C005	C039	SHA	T2	PKX	T2	2026-07-02T21:35:00	2026-07-03T00:00:00	东方航空	MU7013	公务舱	1350	7	8
FLIGHT	C039	C112	PKX	T2	CAN	T2	2026-07-02T17:20:00	2026-07-02T20:35:00	中国国航	CA7020	经济舱	720	31	36
FLIGHT	C039	C112	PKX	T2	CAN	T2	2026-07-02T17:20:00	2026-07-02T20:35:00	中国国航	CA7020	公务舱	1870	5	8
FLIGHT	C039	C112	PEK	T3	CAN	T2	2026-07-02T18:45:00	2026-07-02T22:00:00	中国国航	CA7021	经济舱	720	30	36
FLIGHT	C039	C112	PEK	T3	CAN	T2	2026-07-02T18:45:00	2026-07-02T22:00:00	中国国航	CA7021	公务舱	1870	8	8
FLIGHT	C039	C112	PKX	T2	CAN	T2	2026-07-02T20:10:00	2026-07-02T23:25:00	中国国航	CA7022	经济舱	720	29	36
FLIGHT	C039	C112	PKX	T2	CAN	T2	2026-07-02T20:10:00	2026-07-02T23:25:00	中国国航	CA7022	公务舱	1870	7	8
FLIGHT	C039	C112	PEK	T3	CAN	T2	2026-07-02T21:35:00	2026-07-03T00:50:00	中国国航	CA7023	经济舱	720	28	36
FLIGHT	C039	C112	PEK	T3	CAN	T2	2026-07-02T21:35:00	2026-07-03T00:50:00	中国国航	CA7023	公务舱	1870	6	8
FLIGHT	C112	C039	CAN	T2	PEK	T3	2026-07-02T17:20:00	2026-07-02T20:35:00	南方航空	CZ7030	经济舱	720	30	36
FLIGHT	C112	C039	CAN	T2	PEK	T3	2026-07-02T17:20:00	2026-07-02T20:35:00	南方航空	CZ7030	公务舱	1870	8	8
FLIGHT	C112	C039	CAN	T2	PKX	T2	2026-07-02T18:45:00	2026-07-02T22:00:00	南方航空	CZ7031	经济舱	720	29	36
FLIGHT	C112	C039	CAN	T2	PKX	T2	2026-07-02T18:45:00	2026-07-02T22:00:00	南方航空	CZ7031	公务舱	1870	7	8
FLIGHT	C112	C039	CAN	T2	PEK	T3	2026-07-02T20:10:00	2026-07-02T23:25:00	南方航空	CZ7032	经济舱	720	28	36
FLIGHT	C112	C039	CAN	T2	PEK	T3	2026-07-02T20:10:00	2026-07-02T23:25:00	南方航空	CZ7032	公务舱	1870	6	8
FLIGHT	C112	C039	CAN	T2	PKX	T2	2026-07-02T21:35:00	2026-07-03T00:50:00	南方航空	CZ7033	经济舱	720	27	36
FLIGHT	C112	C039	CAN	T2	PKX	T2	2026-07-02T21:35:00	2026-07-03T00:50:00	南方航空	CZ7033	公务舱	1870	5	8
FLIGHT	C039	C190	PKX	T2	SZX	T3	2026-07-02T17:20:00	2026-07-02T20:45:00	中国国航	CA7040	经济舱	760	29	36
FLIGHT	C039	C190	PKX	T2	SZX	T3	2026-07-02T17:20:00	2026-07-02T20:45:00	中国国航	CA7040	公务舱	1980	7	8
FLIGHT	C039	C190	PEK	T3	SZX	T3	2026-07-02T18:45:00	2026-07-02T22:10:00	中国国航	CA7041	经济舱	760	28	36
FLIGHT	C039	C190	PEK	T3	SZX	T3	2026-07-02T18:45:00	2026-07-02T22:10:00	中国国航	CA7041	公务舱	1980	6	8
FLIGHT	C039	C190	PKX	T2	SZX	T3	2026-07-02T20:10:00	2026-07-02T23:35:00	中国国航	CA7042	经济舱	760	27	36
FLIGHT	C039	C190	PKX	T2	SZX	T3	2026-07-02T20:10:00	2026-07-02T23:35:00	中国国航	CA7042	公务舱	1980	5	8
FLIGHT	C039	C190	PEK	T3	SZX	T3	2026-07-02T21:35:00	2026-07-03T01:00:00	中国国航	CA7043	经济舱	760	26	36
FLIGHT	C039	C190	PEK	T3	SZX	T3	2026-07-02T21:35:00	2026-07-03T01:00:00	中国国航	CA7043	公务舱	1980	8	8
FLIGHT	C190	C039	SZX	T3	PEK	T3	2026-07-02T17:20:00	2026-07-02T20:45:00	深圳航空	ZH7050	经济舱	760	28	36
FLIGHT	C190	C039	SZX	T3	PEK	T3	2026-07-02T17:20:00	2026-07-02T20:45:00	深圳航空	ZH7050	公务舱	1980	6	8
FLIGHT	C190	C039	SZX	T3	PKX	T2	2026-07-02T18:45:00	2026-07-02T22:10:00	深圳航空	ZH7051	经济舱	760	27	36
FLIGHT	C190	C039	SZX	T3	PKX	T2	2026-07-02T18:45:00	2026-07-02T22:10:00	深圳航空	ZH7051	公务舱	1980	5	8
FLIGHT	C190	C039	SZX	T3	PEK	T3	2026-07-02T20:10:00	2026-07-02T23:35:00	深圳航空	ZH7052	经济舱	760	26	36
FLIGHT	C190	C039	SZX	T3	PEK	T3	2026-07-02T20:10:00	2026-07-02T23:35:00	深圳航空	ZH7052	公务舱	1980	8	8
FLIGHT	C190	C039	SZX	T3	PKX	T2	2026-07-02T21:35:00	2026-07-03T01:00:00	深圳航空	ZH7053	经济舱	760	25	36
FLIGHT	C190	C039	SZX	T3	PKX	T2	2026-07-02T21:35:00	2026-07-03T01:00:00	深圳航空	ZH7053	公务舱	1980	7	8
FLIGHT	C005	C112	PVG	T2	CAN	T2	2026-07-02T17:20:00	2026-07-02T19:55:00	东方航空	MU7060	经济舱	610	27	36
FLIGHT	C005	C112	PVG	T2	CAN	T2	2026-07-02T17:20:00	2026-07-02T19:55:00	东方航空	MU7060	公务舱	1590	5	8
FLIGHT	C005	C112	SHA	T2	CAN	T2	2026-07-02T18:45:00	2026-07-02T21:20:00	东方航空	MU7061	经济舱	610	26	36
FLIGHT	C005	C112	SHA	T2	CAN	T2	2026-07-02T18:45:00	2026-07-02T21:20:00	东方航空	MU7061	公务舱	1590	8	8
FLIGHT	C005	C112	PVG	T2	CAN	T2	2026-07-02T20:10:00	2026-07-02T22:45:00	东方航空	MU7062	经济舱	610	25	36
FLIGHT	C005	C112	PVG	T2	CAN	T2	2026-07-02T20:10:00	2026-07-02T22:45:00	东方航空	MU7062	公务舱	1590	7	8
FLIGHT	C005	C112	SHA	T2	CAN	T2	2026-07-02T21:35:00	2026-07-03T00:10:00	东方航空	MU7063	经济舱	610	24	36
FLIGHT	C005	C112	SHA	T2	CAN	T2	2026-07-02T21:35:00	2026-07-03T00:10:00	东方航空	MU7063	公务舱	1590	6	8
FLIGHT	C112	C005	CAN	T2	SHA	T2	2026-07-02T17:20:00	2026-07-02T19:55:00	南方航空	CZ7070	经济舱	610	26	36
FLIGHT	C112	C005	CAN	T2	SHA	T2	2026-07-02T17:20:00	2026-07-02T19:55:00	南方航空	CZ7070	公务舱	1590	8	8
FLIGHT	C112	C005	CAN	T2	PVG	T2	2026-07-02T18:45:00	2026-07-02T21:20:00	南方航空	CZ7071	经济舱	610	25	36
FLIGHT	C112	C005	CAN	T2	PVG	T2	2026-07-02T18:45:00	2026-07-02T21:20:00	南方航空	CZ7071	公务舱	1590	7	8
FLIGHT	C112	C005	CAN	T2	SHA	T2	2026-07-02T20:10:00	2026-07-02T22:45:00	南方航空	CZ7072	经济舱	610	24	36
FLIGHT	C112	C005	CAN	T2	SHA	T2	2026-07-02T20:10:00	2026-07-02T22:45:00	南方航空	CZ7072	公务舱	1590	6	8
FLIGHT	C112	C005	CAN	T2	PVG	T2	2026-07-02T21:35:00	2026-07-03T00:10:00	南方航空	CZ7073	经济舱	610	23	36
FLIGHT	C112	C005	CAN	T2	PVG	T2	2026-07-02T21:35:00	2026-07-03T00:10:00	南方航空	CZ7073	公务舱	1590	5	8
FLIGHT	C005	C190	PVG	T2	SZX	T3	2026-07-02T17:20:00	2026-07-02T19:55:00	东方航空	MU7080	经济舱	640	25	36
FLIGHT	C005	C190	PVG	T2	SZX	T3	2026-07-02T17:20:00	2026-07-02T19:55:00	东方航空	MU7080	公务舱	1660	7	8
FLIGHT	C005	C190	SHA	T2	SZX	T3	2026-07-02T18:45:00	2026-07-02T21:20:00	东方航空	MU7081	经济舱	640	24	36
FLIGHT	C005	C190	SHA	T2	SZX	T3	2026-07-02T18:45:00	2026-07-02T21:20:00	东方航空	MU7081	公务舱	1660	6	8
FLIGHT	C005	C190	PVG	T2	SZX	T3	2026-07-02T20:10:00	2026-07-02T22:45:00	东方航空	MU7082	经济舱	640	23	36
FLIGHT	C005	C190	PVG	T2	SZX	T3	2026-07-02T20:10:00	2026-07-02T22:45:00	东方航空	MU7082	公务舱	1660	5	8
FLIGHT	C005	C190	SHA	T2	SZX	T3	2026-07-02T21:35:00	2026-07-03T00:10:00	东方航空	MU7083	经济舱	640	22	36
FLIGHT	C005	C190	SHA	T2	SZX	T3	2026-07-02T21:35:00	2026-07-03T00:10:00	东方航空	MU7083	公务舱	1660	8	8
FLIGHT	C190	C005	SZX	T3	SHA	T2	2026-07-02T17:20:00	2026-07-02T19:55:00	深圳航空	ZH7090	经济舱	640	24	36
FLIGHT	C190	C005	SZX	T3	SHA	T2	2026-07-02T17:20:00	2026-07-02T19:55:00	深圳航空	ZH7090	公务舱	1660	6	8
FLIGHT	C190	C005	SZX	T3	PVG	T2	2026-07-02T18:45:00	2026-07-02T21:20:00	深圳航空	ZH7091	经济舱	640	23	36
FLIGHT	C190	C005	SZX	T3	PVG	T2	2026-07-02T18:45:00	2026-07-02T21:20:00	深圳航空	ZH7091	公务舱	1660	5	8
FLIGHT	C190	C005	SZX	T3	SHA	T2	2026-07-02T20:10:00	2026-07-02T22:45:00	深圳航空	ZH7092	经济舱	640	22	36
FLIGHT	C190	C005	SZX	T3	SHA	T2	2026-07-02T20:10:00	2026-07-02T22:45:00	深圳航空	ZH7092	公务舱	1660	8	8
FLIGHT	C190	C005	SZX	T3	PVG	T2	2026-07-02T21:35:00	2026-07-03T00:10:00	深圳航空	ZH7093	经济舱	640	21	36
FLIGHT	C190	C005	SZX	T3	PVG	T2	2026-07-02T21:35:00	2026-07-03T00:10:00	深圳航空	ZH7093	公务舱	1660	7	8
FLIGHT	C039	C128	PKX	T2	CTU	T2	2026-07-02T17:20:00	2026-07-02T20:20:00	中国国航	CA7100	经济舱	690	23	36
FLIGHT	C039	C128	PKX	T2	CTU	T2	2026-07-02T17:20:00	2026-07-02T20:20:00	中国国航	CA7100	公务舱	1790	5	8
FLIGHT	C039	C128	PEK	T3	TFU	T2	2026-07-02T18:45:00	2026-07-02T21:45:00	中国国航	CA7101	经济舱	690	22	36
FLIGHT	C039	C128	PEK	T3	TFU	T2	2026-07-02T18:45:00	2026-07-02T21:45:00	中国国航	CA7101	公务舱	1790	8	8
FLIGHT	C039	C128	PKX	T2	CTU	T2	2026-07-02T20:10:00	2026-07-02T23:10:00	中国国航	CA7102	经济舱	690	21	36
FLIGHT	C039	C128	PKX	T2	CTU	T2	2026-07-02T20:10:00	2026-07-02T23:10:00	中国国航	CA7102	公务舱	1790	7	8
FLIGHT	C039	C128	PEK	T3	TFU	T2	2026-07-02T21:35:00	2026-07-03T00:35:00	中国国航	CA7103	经济舱	690	20	36
FLIGHT	C039	C128	PEK	T3	TFU	T2	2026-07-02T21:35:00	2026-07-03T00:35:00	中国国航	CA7103	公务舱	1790	6	8
FLIGHT	C128	C039	TFU	T2	PEK	T3	2026-07-02T17:20:00	2026-07-02T20:20:00	四川航空	3U7110	经济舱	690	22	36
FLIGHT	C128	C039	TFU	T2	PEK	T3	2026-07-02T17:20:00	2026-07-02T20:20:00	四川航空	3U7110	公务舱	1790	8	8
FLIGHT	C128	C039	CTU	T2	PKX	T2	2026-07-02T18:45:00	2026-07-02T21:45:00	四川航空	3U7111	经济舱	690	21	36
FLIGHT	C128	C039	CTU	T2	PKX	T2	2026-07-02T18:45:00	2026-07-02T21:45:00	四川航空	3U7111	公务舱	1790	7	8
FLIGHT	C128	C039	TFU	T2	PEK	T3	2026-07-02T20:10:00	2026-07-02T23:10:00	四川航空	3U7112	经济舱	690	20	36
FLIGHT	C128	C039	TFU	T2	PEK	T3	2026-07-02T20:10:00	2026-07-02T23:10:00	四川航空	3U7112	公务舱	1790	6	8
FLIGHT	C128	C039	CTU	T2	PKX	T2	2026-07-02T21:35:00	2026-07-03T00:35:00	四川航空	3U7113	经济舱	690	19	36
FLIGHT	C128	C039	CTU	T2	PKX	T2	2026-07-02T21:35:00	2026-07-03T00:35:00	四川航空	3U7113	公务舱	1790	5	8
FLIGHT	C005	C128	PVG	T2	CTU	T2	2026-07-02T17:20:00	2026-07-02T20:30:00	东方航空	MU7120	经济舱	720	21	36
FLIGHT	C005	C128	PVG	T2	CTU	T2	2026-07-02T17:20:00	2026-07-02T20:30:00	东方航空	MU7120	公务舱	1870	7	8
FLIGHT	C005	C128	SHA	T2	TFU	T2	2026-07-02T18:45:00	2026-07-02T21:55:00	东方航空	MU7121	经济舱	720	20	36
FLIGHT	C005	C128	SHA	T2	TFU	T2	2026-07-02T18:45:00	2026-07-02T21:55:00	东方航空	MU7121	公务舱	1870	6	8
FLIGHT	C005	C128	PVG	T2	CTU	T2	2026-07-02T20:10:00	2026-07-02T23:20:00	东方航空	MU7122	经济舱	720	19	36
FLIGHT	C005	C128	PVG	T2	CTU	T2	2026-07-02T20:10:00	2026-07-02T23:20:00	东方航空	MU7122	公务舱	1870	5	8
FLIGHT	C005	C128	SHA	T2	TFU	T2	2026-07-02T21:35:00	2026-07-03T00:45:00	东方航空	MU7123	经济舱	720	36	36
FLIGHT	C005	C128	SHA	T2	TFU	T2	2026-07-02T21:35:00	2026-07-03T00:45:00	东方航空	MU7123	公务舱	1870	8	8
FLIGHT	C128	C005	TFU	T2	SHA	T2	2026-07-02T17:20:00	2026-07-02T20:30:00	四川航空	3U7130	经济舱	720	20	36
FLIGHT	C128	C005	TFU	T2	SHA	T2	2026-07-02T17:20:00	2026-07-02T20:30:00	四川航空	3U7130	公务舱	1870	6	8
FLIGHT	C128	C005	CTU	T2	PVG	T2	2026-07-02T18:45:00	2026-07-02T21:55:00	四川航空	3U7131	经济舱	720	19	36
FLIGHT	C128	C005	CTU	T2	PVG	T2	2026-07-02T18:45:00	2026-07-02T21:55:00	四川航空	3U7131	公务舱	1870	5	8
FLIGHT	C128	C005	TFU	T2	SHA	T2	2026-07-02T20:10:00	2026-07-02T23:20:00	四川航空	3U7132	经济舱	720	36	36
FLIGHT	C128	C005	TFU	T2	SHA	T2	2026-07-02T20:10:00	2026-07-02T23:20:00	四川航空	3U7132	公务舱	1870	8	8
FLIGHT	C128	C005	CTU	T2	PVG	T2	2026-07-02T21:35:00	2026-07-03T00:45:00	四川航空	3U7133	经济舱	720	35	36
FLIGHT	C128	C005	CTU	T2	PVG	T2	2026-07-02T21:35:00	2026-07-03T00:45:00	四川航空	3U7133	公务舱	1870	7	8
FLIGHT	C112	C128	CAN	T2	CTU	T2	2026-07-02T17:20:00	2026-07-02T19:40:00	南方航空	CZ7140	经济舱	560	19	36
FLIGHT	C112	C128	CAN	T2	CTU	T2	2026-07-02T17:20:00	2026-07-02T19:40:00	南方航空	CZ7140	公务舱	1460	5	8
FLIGHT	C112	C128	CAN	T2	TFU	T2	2026-07-02T18:45:00	2026-07-02T21:05:00	南方航空	CZ7141	经济舱	560	36	36
FLIGHT	C112	C128	CAN	T2	TFU	T2	2026-07-02T18:45:00	2026-07-02T21:05:00	南方航空	CZ7141	公务舱	1460	8	8
FLIGHT	C112	C128	CAN	T2	CTU	T2	2026-07-02T20:10:00	2026-07-02T22:30:00	南方航空	CZ7142	经济舱	560	35	36
FLIGHT	C112	C128	CAN	T2	CTU	T2	2026-07-02T20:10:00	2026-07-02T22:30:00	南方航空	CZ7142	公务舱	1460	7	8
FLIGHT	C112	C128	CAN	T2	TFU	T2	2026-07-02T21:35:00	2026-07-02T23:55:00	南方航空	CZ7143	经济舱	560	34	36
FLIGHT	C112	C128	CAN	T2	TFU	T2	2026-07-02T21:35:00	2026-07-02T23:55:00	南方航空	CZ7143	公务舱	1460	6	8
FLIGHT	C128	C112	TFU	T2	CAN	T2	2026-07-02T17:20:00	2026-07-02T19:40:00	四川航空	3U7150	经济舱	560	36	36
FLIGHT	C128	C112	TFU	T2	CAN	T2	2026-07-02T17:20:00	2026-07-02T19:40:00	四川航空	3U7150	公务舱	1460	8	8
FLIGHT	C128	C112	CTU	T2	CAN	T2	2026-07-02T18:45:00	2026-07-02T21:05:00	四川航空	3U7151	经济舱	560	35	36
FLIGHT	C128	C112	CTU	T2	CAN	T2	2026-07-02T18:45:00	2026-07-02T21:05:00	四川航空	3U7151	公务舱	1460	7	8
FLIGHT	C128	C112	TFU	T2	CAN	T2	2026-07-02T20:10:00	2026-07-02T22:30:00	四川航空	3U7152	经济舱	560	34	36
FLIGHT	C128	C112	TFU	T2	CAN	T2	2026-07-02T20:10:00	2026-07-02T22:30:00	四川航空	3U7152	公务舱	1460	6	8
FLIGHT	C128	C112	CTU	T2	CAN	T2	2026-07-02T21:35:00	2026-07-02T23:55:00	四川航空	3U7153	经济舱	560	33	36
FLIGHT	C128	C112	CTU	T2	CAN	T2	2026-07-02T21:35:00	2026-07-02T23:55:00	四川航空	3U7153	公务舱	1460	5	8
FLIGHT	C039	C153	PKX	T2	HGH	T4	2026-07-02T17:20:00	2026-07-02T19:30:00	中国国航	CA7160	经济舱	480	35	36
FLIGHT	C039	C153	PKX	T2	HGH	T4	2026-07-02T17:20:00	2026-07-02T19:30:00	中国国航	CA7160	公务舱	1250	7	8
FLIGHT	C039	C153	PEK	T3	HGH	T4	2026-07-02T18:45:00	2026-07-02T20:55:00	中国国航	CA7161	经济舱	480	34	36
FLIGHT	C039	C153	PEK	T3	HGH	T4	2026-07-02T18:45:00	2026-07-02T20:55:00	中国国航	CA7161	公务舱	1250	6	8
FLIGHT	C039	C153	PKX	T2	HGH	T4	2026-07-02T20:10:00	2026-07-02T22:20:00	中国国航	CA7162	经济舱	480	33	36
FLIGHT	C039	C153	PKX	T2	HGH	T4	2026-07-02T20:10:00	2026-07-02T22:20:00	中国国航	CA7162	公务舱	1250	5	8
FLIGHT	C039	C153	PEK	T3	HGH	T4	2026-07-02T21:35:00	2026-07-02T23:45:00	中国国航	CA7163	经济舱	480	32	36
FLIGHT	C039	C153	PEK	T3	HGH	T4	2026-07-02T21:35:00	2026-07-02T23:45:00	中国国航	CA7163	公务舱	1250	8	8
FLIGHT	C153	C039	HGH	T4	PEK	T3	2026-07-02T17:20:00	2026-07-02T19:30:00	海南航空	HU7170	经济舱	480	34	36
FLIGHT	C153	C039	HGH	T4	PEK	T3	2026-07-02T17:20:00	2026-07-02T19:30:00	海南航空	HU7170	公务舱	1250	6	8
FLIGHT	C153	C039	HGH	T4	PKX	T2	2026-07-02T18:45:00	2026-07-02T20:55:00	海南航空	HU7171	经济舱	480	33	36
FLIGHT	C153	C039	HGH	T4	PKX	T2	2026-07-02T18:45:00	2026-07-02T20:55:00	海南航空	HU7171	公务舱	1250	5	8
FLIGHT	C153	C039	HGH	T4	PEK	T3	2026-07-02T20:10:00	2026-07-02T22:20:00	海南航空	HU7172	经济舱	480	32	36
FLIGHT	C153	C039	HGH	T4	PEK	T3	2026-07-02T20:10:00	2026-07-02T22:20:00	海南航空	HU7172	公务舱	1250	8	8
FLIGHT	C153	C039	HGH	T4	PKX	T2	2026-07-02T21:35:00	2026-07-02T23:45:00	海南航空	HU7173	经济舱	480	31	36
FLIGHT	C153	C039	HGH	T4	PKX	T2	2026-07-02T21:35:00	2026-07-02T23:45:00	海南航空	HU7173	公务舱	1250	7	8
FLIGHT	C005	C246	PVG	T2	XIY	T3	2026-07-02T17:20:00	2026-07-02T20:00:00	东方航空	MU7180	经济舱	650	33	36
FLIGHT	C005	C246	PVG	T2	XIY	T3	2026-07-02T17:20:00	2026-07-02T20:00:00	东方航空	MU7180	公务舱	1690	5	8
FLIGHT	C005	C246	SHA	T2	XIY	T3	2026-07-02T18:45:00	2026-07-02T21:25:00	东方航空	MU7181	经济舱	650	32	36
FLIGHT	C005	C246	SHA	T2	XIY	T3	2026-07-02T18:45:00	2026-07-02T21:25:00	东方航空	MU7181	公务舱	1690	8	8
FLIGHT	C005	C246	PVG	T2	XIY	T3	2026-07-02T20:10:00	2026-07-02T22:50:00	东方航空	MU7182	经济舱	650	31	36
FLIGHT	C005	C246	PVG	T2	XIY	T3	2026-07-02T20:10:00	2026-07-02T22:50:00	东方航空	MU7182	公务舱	1690	7	8
FLIGHT	C005	C246	SHA	T2	XIY	T3	2026-07-02T21:35:00	2026-07-03T00:15:00	东方航空	MU7183	经济舱	650	30	36
FLIGHT	C005	C246	SHA	T2	XIY	T3	2026-07-02T21:35:00	2026-07-03T00:15:00	东方航空	MU7183	公务舱	1690	6	8
FLIGHT	C246	C005	XIY	T3	SHA	T2	2026-07-02T17:20:00	2026-07-02T20:00:00	海南航空	HU7190	经济舱	650	32	36
FLIGHT	C246	C005	XIY	T3	SHA	T2	2026-07-02T17:20:00	2026-07-02T20:00:00	海南航空	HU7190	公务舱	1690	8	8
FLIGHT	C246	C005	XIY	T3	PVG	T2	2026-07-02T18:45:00	2026-07-02T21:25:00	海南航空	HU7191	经济舱	650	31	36
FLIGHT	C246	C005	XIY	T3	PVG	T2	2026-07-02T18:45:00	2026-07-02T21:25:00	海南航空	HU7191	公务舱	1690	7	8
FLIGHT	C246	C005	XIY	T3	SHA	T2	2026-07-02T20:10:00	2026-07-02T22:50:00	海南航空	HU7192	经济舱	650	30	36
FLIGHT	C246	C005	XIY	T3	SHA	T2	2026-07-02T20:10:00	2026-07-02T22:50:00	海南航空	HU7192	公务舱	1690	6	8
FLIGHT	C246	C005	XIY	T3	PVG	T2	2026-07-02T21:35:00	2026-07-03T00:15:00	海南航空	HU7193	经济舱	650	29	36
FLIGHT	C246	C005	XIY	T3	PVG	T2	2026-07-02T21:35:00	2026-07-03T00:15:00	海南航空	HU7193	公务舱	1690	5	8
FLIGHT	C039	C272	PKX	T2	CKG	T3	2026-07-02T17:20:00	2026-07-02T20:10:00	中国国航	CA7200	经济舱	680	31	36
FLIGHT	C039	C272	PKX	T2	CKG	T3	2026-07-02T17:20:00	2026-07-02T20:10:00	中国国航	CA7200	公务舱	1770	7	8
FLIGHT	C039	C272	PEK	T3	CKG	T3	2026-07-02T18:45:00	2026-07-02T21:35:00	中国国航	CA7201	经济舱	680	30	36
FLIGHT	C039	C272	PEK	T3	CKG	T3	2026-07-02T18:45:00	2026-07-02T21:35:00	中国国航	CA7201	公务舱	1770	6	8
FLIGHT	C039	C272	PKX	T2	CKG	T3	2026-07-02T20:10:00	2026-07-02T23:00:00	中国国航	CA7202	经济舱	680	29	36
FLIGHT	C039	C272	PKX	T2	CKG	T3	2026-07-02T20:10:00	2026-07-02T23:00:00	中国国航	CA7202	公务舱	1770	5	8
FLIGHT	C039	C272	PEK	T3	CKG	T3	2026-07-02T21:35:00	2026-07-03T00:25:00	中国国航	CA7203	经济舱	680	28	36
FLIGHT	C039	C272	PEK	T3	CKG	T3	2026-07-02T21:35:00	2026-07-03T00:25:00	中国国航	CA7203	公务舱	1770	8	8
FLIGHT	C272	C039	CKG	T3	PEK	T3	2026-07-02T17:20:00	2026-07-02T20:10:00	四川航空	3U7210	经济舱	680	30	36
FLIGHT	C272	C039	CKG	T3	PEK	T3	2026-07-02T17:20:00	2026-07-02T20:10:00	四川航空	3U7210	公务舱	1770	6	8
FLIGHT	C272	C039	CKG	T3	PKX	T2	2026-07-02T18:45:00	2026-07-02T21:35:00	四川航空	3U7211	经济舱	680	29	36
FLIGHT	C272	C039	CKG	T3	PKX	T2	2026-07-02T18:45:00	2026-07-02T21:35:00	四川航空	3U7211	公务舱	1770	5	8
FLIGHT	C272	C039	CKG	T3	PEK	T3	2026-07-02T20:10:00	2026-07-02T23:00:00	四川航空	3U7212	经济舱	680	28	36
FLIGHT	C272	C039	CKG	T3	PEK	T3	2026-07-02T20:10:00	2026-07-02T23:00:00	四川航空	3U7212	公务舱	1770	8	8
FLIGHT	C272	C039	CKG	T3	PKX	T2	2026-07-02T21:35:00	2026-07-03T00:25:00	四川航空	3U7213	经济舱	680	27	36
FLIGHT	C272	C039	CKG	T3	PKX	T2	2026-07-02T21:35:00	2026-07-03T00:25:00	四川航空	3U7213	公务舱	1770	7	8
FLIGHT	C039	C005	PEK	T3	PVG	T2	2026-07-03T17:20:00	2026-07-03T19:45:00	中国国航	CA7000	经济舱	520	32	36
FLIGHT	C039	C005	PEK	T3	PVG	T2	2026-07-03T17:20:00	2026-07-03T19:45:00	中国国航	CA7000	公务舱	1350	6	8
FLIGHT	C039	C005	PKX	T2	SHA	T2	2026-07-03T18:45:00	2026-07-03T21:10:00	中国国航	CA7001	经济舱	520	31	36
FLIGHT	C039	C005	PKX	T2	SHA	T2	2026-07-03T18:45:00	2026-07-03T21:10:00	中国国航	CA7001	公务舱	1350	5	8
FLIGHT	C039	C005	PEK	T3	PVG	T2	2026-07-03T20:10:00	2026-07-03T22:35:00	中国国航	CA7002	经济舱	520	30	36
FLIGHT	C039	C005	PEK	T3	PVG	T2	2026-07-03T20:10:00	2026-07-03T22:35:00	中国国航	CA7002	公务舱	1350	8	8
FLIGHT	C039	C005	PKX	T2	SHA	T2	2026-07-03T21:35:00	2026-07-04T00:00:00	中国国航	CA7003	经济舱	520	29	36
FLIGHT	C039	C005	PKX	T2	SHA	T2	2026-07-03T21:35:00	2026-07-04T00:00:00	中国国航	CA7003	公务舱	1350	7	8
FLIGHT	C005	C039	SHA	T2	PKX	T2	2026-07-03T17:20:00	2026-07-03T19:45:00	东方航空	MU7010	经济舱	520	31	36
FLIGHT	C005	C039	SHA	T2	PKX	T2	2026-07-03T17:20:00	2026-07-03T19:45:00	东方航空	MU7010	公务舱	1350	5	8
FLIGHT	C005	C039	PVG	T2	PEK	T3	2026-07-03T18:45:00	2026-07-03T21:10:00	东方航空	MU7011	经济舱	520	30	36
FLIGHT	C005	C039	PVG	T2	PEK	T3	2026-07-03T18:45:00	2026-07-03T21:10:00	东方航空	MU7011	公务舱	1350	8	8
FLIGHT	C005	C039	SHA	T2	PKX	T2	2026-07-03T20:10:00	2026-07-03T22:35:00	东方航空	MU7012	经济舱	520	29	36
FLIGHT	C005	C039	SHA	T2	PKX	T2	2026-07-03T20:10:00	2026-07-03T22:35:00	东方航空	MU7012	公务舱	1350	7	8
FLIGHT	C005	C039	PVG	T2	PEK	T3	2026-07-03T21:35:00	2026-07-04T00:00:00	东方航空	MU7013	经济舱	520	28	36
FLIGHT	C005	C039	PVG	T2	PEK	T3	2026-07-03T21:35:00	2026-07-04T00:00:00	东方航空	MU7013	公务舱	1350	6	8
FLIGHT	C039	C112	PEK	T3	CAN	T2	2026-07-03T17:20:00	2026-07-03T20:35:00	中国国航	CA7020	经济舱	720	30	36
FLIGHT	C039	C112	PEK	T3	CAN	T2	2026-07-03T17:20:00	2026-07-03T20:35:00	中国国航	CA7020	公务舱	1870	8	8
FLIGHT	C039	C112	PKX	T2	CAN	T2	2026-07-03T18:45:00	2026-07-03T22:00:00	中国国航	CA7021	经济舱	720	29	36
FLIGHT	C039	C112	PKX	T2	CAN	T2	2026-07-03T18:45:00	2026-07-03T22:00:00	中国国航	CA7021	公务舱	1870	7	8
FLIGHT	C039	C112	PEK	T3	CAN	T2	2026-07-03T20:10:00	2026-07-03T23:25:00	中国国航	CA7022	经济舱	720	28	36
FLIGHT	C039	C112	PEK	T3	CAN	T2	2026-07-03T20:10:00	2026-07-03T23:25:00	中国国航	CA7022	公务舱	1870	6	8
FLIGHT	C039	C112	PKX	T2	CAN	T2	2026-07-03T21:35:00	2026-07-04T00:50:00	中国国航	CA7023	经济舱	720	27	36
FLIGHT	C039	C112	PKX	T2	CAN	T2	2026-07-03T21:35:00	2026-07-04T00:50:00	中国国航	CA7023	公务舱	1870	5	8
FLIGHT	C112	C039	CAN	T2	PKX	T2	2026-07-03T17:20:00	2026-07-03T20:35:00	南方航空	CZ7030	经济舱	720	29	36
FLIGHT	C112	C039	CAN	T2	PKX	T2	2026-07-03T17:20:00	2026-07-03T20:35:00	南方航空	CZ7030	公务舱	1870	7	8
FLIGHT	C112	C039	CAN	T2	PEK	T3	2026-07-03T18:45:00	2026-07-03T22:00:00	南方航空	CZ7031	经济舱	720	28	36
FLIGHT	C112	C039	CAN	T2	PEK	T3	2026-07-03T18:45:00	2026-07-03T22:00:00	南方航空	CZ7031	公务舱	1870	6	8
FLIGHT	C112	C039	CAN	T2	PKX	T2	2026-07-03T20:10:00	2026-07-03T23:25:00	南方航空	CZ7032	经济舱	720	27	36
FLIGHT	C112	C039	CAN	T2	PKX	T2	2026-07-03T20:10:00	2026-07-03T23:25:00	南方航空	CZ7032	公务舱	1870	5	8
FLIGHT	C112	C039	CAN	T2	PEK	T3	2026-07-03T21:35:00	2026-07-04T00:50:00	南方航空	CZ7033	经济舱	720	26	36
FLIGHT	C112	C039	CAN	T2	PEK	T3	2026-07-03T21:35:00	2026-07-04T00:50:00	南方航空	CZ7033	公务舱	1870	8	8
FLIGHT	C039	C190	PEK	T3	SZX	T3	2026-07-03T17:20:00	2026-07-03T20:45:00	中国国航	CA7040	经济舱	760	28	36
FLIGHT	C039	C190	PEK	T3	SZX	T3	2026-07-03T17:20:00	2026-07-03T20:45:00	中国国航	CA7040	公务舱	1980	6	8
FLIGHT	C039	C190	PKX	T2	SZX	T3	2026-07-03T18:45:00	2026-07-03T22:10:00	中国国航	CA7041	经济舱	760	27	36
FLIGHT	C039	C190	PKX	T2	SZX	T3	2026-07-03T18:45:00	2026-07-03T22:10:00	中国国航	CA7041	公务舱	1980	5	8
FLIGHT	C039	C190	PEK	T3	SZX	T3	2026-07-03T20:10:00	2026-07-03T23:35:00	中国国航	CA7042	经济舱	760	26	36
FLIGHT	C039	C190	PEK	T3	SZX	T3	2026-07-03T20:10:00	2026-07-03T23:35:00	中国国航	CA7042	公务舱	1980	8	8
FLIGHT	C039	C190	PKX	T2	SZX	T3	2026-07-03T21:35:00	2026-07-04T01:00:00	中国国航	CA7043	经济舱	760	25	36
FLIGHT	C039	C190	PKX	T2	SZX	T3	2026-07-03T21:35:00	2026-07-04T01:00:00	中国国航	CA7043	公务舱	1980	7	8
FLIGHT	C190	C039	SZX	T3	PKX	T2	2026-07-03T17:20:00	2026-07-03T20:45:00	深圳航空	ZH7050	经济舱	760	27	36
FLIGHT	C190	C039	SZX	T3	PKX	T2	2026-07-03T17:20:00	2026-07-03T20:45:00	深圳航空	ZH7050	公务舱	1980	5	8
FLIGHT	C190	C039	SZX	T3	PEK	T3	2026-07-03T18:45:00	2026-07-03T22:10:00	深圳航空	ZH7051	经济舱	760	26	36
FLIGHT	C190	C039	SZX	T3	PEK	T3	2026-07-03T18:45:00	2026-07-03T22:10:00	深圳航空	ZH7051	公务舱	1980	8	8
FLIGHT	C190	C039	SZX	T3	PKX	T2	2026-07-03T20:10:00	2026-07-03T23:35:00	深圳航空	ZH7052	经济舱	760	25	36
FLIGHT	C190	C039	SZX	T3	PKX	T2	2026-07-03T20:10:00	2026-07-03T23:35:00	深圳航空	ZH7052	公务舱	1980	7	8
FLIGHT	C190	C039	SZX	T3	PEK	T3	2026-07-03T21:35:00	2026-07-04T01:00:00	深圳航空	ZH7053	经济舱	760	24	36
FLIGHT	C190	C039	SZX	T3	PEK	T3	2026-07-03T21:35:00	2026-07-04T01:00:00	深圳航空	ZH7053	公务舱	1980	6	8
FLIGHT	C005	C112	SHA	T2	CAN	T2	2026-07-03T17:20:00	2026-07-03T19:55:00	东方航空	MU7060	经济舱	610	26	36
FLIGHT	C005	C112	SHA	T2	CAN	T2	2026-07-03T17:20:00	2026-07-03T19:55:00	东方航空	MU7060	公务舱	1590	8	8
FLIGHT	C005	C112	PVG	T2	CAN	T2	2026-07-03T18:45:00	2026-07-03T21:20:00	东方航空	MU7061	经济舱	610	25	36
FLIGHT	C005	C112	PVG	T2	CAN	T2	2026-07-03T18:45:00	2026-07-03T21:20:00	东方航空	MU7061	公务舱	1590	7	8
FLIGHT	C005	C112	SHA	T2	CAN	T2	2026-07-03T20:10:00	2026-07-03T22:45:00	东方航空	MU7062	经济舱	610	24	36
FLIGHT	C005	C112	SHA	T2	CAN	T2	2026-07-03T20:10:00	2026-07-03T22:45:00	东方航空	MU7062	公务舱	1590	6	8
FLIGHT	C005	C112	PVG	T2	CAN	T2	2026-07-03T21:35:00	2026-07-04T00:10:00	东方航空	MU7063	经济舱	610	23	36
FLIGHT	C005	C112	PVG	T2	CAN	T2	2026-07-03T21:35:00	2026-07-04T00:10:00	东方航空	MU7063	公务舱	1590	5	8
FLIGHT	C112	C005	CAN	T2	PVG	T2	2026-07-03T17:20:00	2026-07-03T19:55:00	南方航空	CZ7070	经济舱	610	25	36
FLIGHT	C112	C005	CAN	T2	PVG	T2	2026-07-03T17:20:00	2026-07-03T19:55:00	南方航空	CZ7070	公务舱	1590	7	8
FLIGHT	C112	C005	CAN	T2	SHA	T2	2026-07-03T18:45:00	2026-07-03T21:20:00	南方航空	CZ7071	经济舱	610	24	36
FLIGHT	C112	C005	CAN	T2	SHA	T2	2026-07-03T18:45:00	2026-07-03T21:20:00	南方航空	CZ7071	公务舱	1590	6	8
FLIGHT	C112	C005	CAN	T2	PVG	T2	2026-07-03T20:10:00	2026-07-03T22:45:00	南方航空	CZ7072	经济舱	610	23	36
FLIGHT	C112	C005	CAN	T2	PVG	T2	2026-07-03T20:10:00	2026-07-03T22:45:00	南方航空	CZ7072	公务舱	1590	5	8
FLIGHT	C112	C005	CAN	T2	SHA	T2	2026-07-03T21:35:00	2026-07-04T00:10:00	南方航空	CZ7073	经济舱	610	22	36
FLIGHT	C112	C005	CAN	T2	SHA	T2	2026-07-03T21:35:00	2026-07-04T00:10:00	南方航空	CZ7073	公务舱	1590	8	8
FLIGHT	C005	C190	SHA	T2	SZX	T3	2026-07-03T17:20:00	2026-07-03T19:55:00	东方航空	MU7080	经济舱	640	24	36
FLIGHT	C005	C190	SHA	T2	SZX	T3	2026-07-03T17:20:00	2026-07-03T19:55:00	东方航空	MU7080	公务舱	1660	6	8
FLIGHT	C005	C190	PVG	T2	SZX	T3	2026-07-03T18:45:00	2026-07-03T21:20:00	东方航空	MU7081	经济舱	640	23	36
FLIGHT	C005	C190	PVG	T2	SZX	T3	2026-07-03T18:45:00	2026-07-03T21:20:00	东方航空	MU7081	公务舱	1660	5	8
FLIGHT	C005	C190	SHA	T2	SZX	T3	2026-07-03T20:10:00	2026-07-03T22:45:00	东方航空	MU7082	经济舱	640	22	36
FLIGHT	C005	C190	SHA	T2	SZX	T3	2026-07-03T20:10:00	2026-07-03T22:45:00	东方航空	MU7082	公务舱	1660	8	8
FLIGHT	C005	C190	PVG	T2	SZX	T3	2026-07-03T21:35:00	2026-07-04T00:10:00	东方航空	MU7083	经济舱	640	21	36
FLIGHT	C005	C190	PVG	T2	SZX	T3	2026-07-03T21:35:00	2026-07-04T00:10:00	东方航空	MU7083	公务舱	1660	7	8
FLIGHT	C190	C005	SZX	T3	PVG	T2	2026-07-03T17:20:00	2026-07-03T19:55:00	深圳航空	ZH7090	经济舱	640	23	36
FLIGHT	C190	C005	SZX	T3	PVG	T2	2026-07-03T17:20:00	2026-07-03T19:55:00	深圳航空	ZH7090	公务舱	1660	5	8
FLIGHT	C190	C005	SZX	T3	SHA	T2	2026-07-03T18:45:00	2026-07-03T21:20:00	深圳航空	ZH7091	经济舱	640	22	36
FLIGHT	C190	C005	SZX	T3	SHA	T2	2026-07-03T18:45:00	2026-07-03T21:20:00	深圳航空	ZH7091	公务舱	1660	8	8
FLIGHT	C190	C005	SZX	T3	PVG	T2	2026-07-03T20:10:00	2026-07-03T22:45:00	深圳航空	ZH7092	经济舱	640	21	36
FLIGHT	C190	C005	SZX	T3	PVG	T2	2026-07-03T20:10:00	2026-07-03T22:45:00	深圳航空	ZH7092	公务舱	1660	7	8
FLIGHT	C190	C005	SZX	T3	SHA	T2	2026-07-03T21:35:00	2026-07-04T00:10:00	深圳航空	ZH7093	经济舱	640	20	36
FLIGHT	C190	C005	SZX	T3	SHA	T2	2026-07-03T21:35:00	2026-07-04T00:10:00	深圳航空	ZH7093	公务舱	1660	6	8
FLIGHT	C039	C128	PEK	T3	TFU	T2	2026-07-03T17:20:00	2026-07-03T20:20:00	中国国航	CA7100	经济舱	690	22	36
FLIGHT	C039	C128	PEK	T3	TFU	T2	2026-07-03T17:20:00	2026-07-03T20:20:00	中国国航	CA7100	公务舱	1790	8	8
FLIGHT	C039	C128	PKX	T2	CTU	T2	2026-07-03T18:45:00	2026-07-03T21:45:00	中国国航	CA7101	经济舱	690	21	36
FLIGHT	C039	C128	PKX	T2	CTU	T2	2026-07-03T18:45:00	2026-07-03T21:45:00	中国国航	CA7101	公务舱	1790	7	8
FLIGHT	C039	C128	PEK	T3	TFU	T2	2026-07-03T20:10:00	2026-07-03T23:10:00	中国国航	CA7102	经济舱	690	20	36
FLIGHT	C039	C128	PEK	T3	TFU	T2	2026-07-03T20:10:00	2026-07-03T23:10:00	中国国航	CA7102	公务舱	1790	6	8
FLIGHT	C039	C128	PKX	T2	CTU	T2	2026-07-03T21:35:00	2026-07-04T00:35:00	中国国航	CA7103	经济舱	690	19	36
FLIGHT	C039	C128	PKX	T2	CTU	T2	2026-07-03T21:35:00	2026-07-04T00:35:00	中国国航	CA7103	公务舱	1790	5	8
FLIGHT	C128	C039	CTU	T2	PKX	T2	2026-07-03T17:20:00	2026-07-03T20:20:00	四川航空	3U7110	经济舱	690	21	36
FLIGHT	C128	C039	CTU	T2	PKX	T2	2026-07-03T17:20:00	2026-07-03T20:20:00	四川航空	3U7110	公务舱	1790	7	8
FLIGHT	C128	C039	TFU	T2	PEK	T3	2026-07-03T18:45:00	2026-07-03T21:45:00	四川航空	3U7111	经济舱	690	20	36
FLIGHT	C128	C039	TFU	T2	PEK	T3	2026-07-03T18:45:00	2026-07-03T21:45:00	四川航空	3U7111	公务舱	1790	6	8
FLIGHT	C128	C039	CTU	T2	PKX	T2	2026-07-03T20:10:00	2026-07-03T23:10:00	四川航空	3U7112	经济舱	690	19	36
FLIGHT	C128	C039	CTU	T2	PKX	T2	2026-07-03T20:10:00	2026-07-03T23:10:00	四川航空	3U7112	公务舱	1790	5	8
FLIGHT	C128	C039	TFU	T2	PEK	T3	2026-07-03T21:35:00	2026-07-04T00:35:00	四川航空	3U7113	经济舱	690	36	36
FLIGHT	C128	C039	TFU	T2	PEK	T3	2026-07-03T21:35:00	2026-07-04T00:35:00	四川航空	3U7113	公务舱	1790	8	8
FLIGHT	C005	C128	SHA	T2	TFU	T2	2026-07-03T17:20:00	2026-07-03T20:30:00	东方航空	MU7120	经济舱	720	20	36
FLIGHT	C005	C128	SHA	T2	TFU	T2	2026-07-03T17:20:00	2026-07-03T20:30:00	东方航空	MU7120	公务舱	1870	6	8
FLIGHT	C005	C128	PVG	T2	CTU	T2	2026-07-03T18:45:00	2026-07-03T21:55:00	东方航空	MU7121	经济舱	720	19	36
FLIGHT	C005	C128	PVG	T2	CTU	T2	2026-07-03T18:45:00	2026-07-03T21:55:00	东方航空	MU7121	公务舱	1870	5	8
FLIGHT	C005	C128	SHA	T2	TFU	T2	2026-07-03T20:10:00	2026-07-03T23:20:00	东方航空	MU7122	经济舱	720	36	36
FLIGHT	C005	C128	SHA	T2	TFU	T2	2026-07-03T20:10:00	2026-07-03T23:20:00	东方航空	MU7122	公务舱	1870	8	8
FLIGHT	C005	C128	PVG	T2	CTU	T2	2026-07-03T21:35:00	2026-07-04T00:45:00	东方航空	MU7123	经济舱	720	35	36
FLIGHT	C005	C128	PVG	T2	CTU	T2	2026-07-03T21:35:00	2026-07-04T00:45:00	东方航空	MU7123	公务舱	1870	7	8
FLIGHT	C128	C005	CTU	T2	PVG	T2	2026-07-03T17:20:00	2026-07-03T20:30:00	四川航空	3U7130	经济舱	720	19	36
FLIGHT	C128	C005	CTU	T2	PVG	T2	2026-07-03T17:20:00	2026-07-03T20:30:00	四川航空	3U7130	公务舱	1870	5	8
FLIGHT	C128	C005	TFU	T2	SHA	T2	2026-07-03T18:45:00	2026-07-03T21:55:00	四川航空	3U7131	经济舱	720	36	36
FLIGHT	C128	C005	TFU	T2	SHA	T2	2026-07-03T18:45:00	2026-07-03T21:55:00	四川航空	3U7131	公务舱	1870	8	8
FLIGHT	C128	C005	CTU	T2	PVG	T2	2026-07-03T20:10:00	2026-07-03T23:20:00	四川航空	3U7132	经济舱	720	35	36
FLIGHT	C128	C005	CTU	T2	PVG	T2	2026-07-03T20:10:00	2026-07-03T23:20:00	四川航空	3U7132	公务舱	1870	7	8
FLIGHT	C128	C005	TFU	T2	SHA	T2	2026-07-03T21:35:00	2026-07-04T00:45:00	四川航空	3U7133	经济舱	720	34	36
FLIGHT	C128	C005	TFU	T2	SHA	T2	2026-07-03T21:35:00	2026-07-04T00:45:00	四川航空	3U7133	公务舱	1870	6	8
FLIGHT	C112	C128	CAN	T2	TFU	T2	2026-07-03T17:20:00	2026-07-03T19:40:00	南方航空	CZ7140	经济舱	560	36	36
FLIGHT	C112	C128	CAN	T2	TFU	T2	2026-07-03T17:20:00	2026-07-03T19:40:00	南方航空	CZ7140	公务舱	1460	8	8
FLIGHT	C112	C128	CAN	T2	CTU	T2	2026-07-03T18:45:00	2026-07-03T21:05:00	南方航空	CZ7141	经济舱	560	35	36
FLIGHT	C112	C128	CAN	T2	CTU	T2	2026-07-03T18:45:00	2026-07-03T21:05:00	南方航空	CZ7141	公务舱	1460	7	8
FLIGHT	C112	C128	CAN	T2	TFU	T2	2026-07-03T20:10:00	2026-07-03T22:30:00	南方航空	CZ7142	经济舱	560	34	36
FLIGHT	C112	C128	CAN	T2	TFU	T2	2026-07-03T20:10:00	2026-07-03T22:30:00	南方航空	CZ7142	公务舱	1460	6	8
FLIGHT	C112	C128	CAN	T2	CTU	T2	2026-07-03T21:35:00	2026-07-03T23:55:00	南方航空	CZ7143	经济舱	560	33	36
FLIGHT	C112	C128	CAN	T2	CTU	T2	2026-07-03T21:35:00	2026-07-03T23:55:00	南方航空	CZ7143	公务舱	1460	5	8
FLIGHT	C128	C112	CTU	T2	CAN	T2	2026-07-03T17:20:00	2026-07-03T19:40:00	四川航空	3U7150	经济舱	560	35	36
FLIGHT	C128	C112	CTU	T2	CAN	T2	2026-07-03T17:20:00	2026-07-03T19:40:00	四川航空	3U7150	公务舱	1460	7	8
FLIGHT	C128	C112	TFU	T2	CAN	T2	2026-07-03T18:45:00	2026-07-03T21:05:00	四川航空	3U7151	经济舱	560	34	36
FLIGHT	C128	C112	TFU	T2	CAN	T2	2026-07-03T18:45:00	2026-07-03T21:05:00	四川航空	3U7151	公务舱	1460	6	8
FLIGHT	C128	C112	CTU	T2	CAN	T2	2026-07-03T20:10:00	2026-07-03T22:30:00	四川航空	3U7152	经济舱	560	33	36
FLIGHT	C128	C112	CTU	T2	CAN	T2	2026-07-03T20:10:00	2026-07-03T22:30:00	四川航空	3U7152	公务舱	1460	5	8
FLIGHT	C128	C112	TFU	T2	CAN	T2	2026-07-03T21:35:00	2026-07-03T23:55:00	四川航空	3U7153	经济舱	560	32	36
FLIGHT	C128	C112	TFU	T2	CAN	T2	2026-07-03T21:35:00	2026-07-03T23:55:00	四川航空	3U7153	公务舱	1460	8	8
FLIGHT	C039	C153	PEK	T3	HGH	T4	2026-07-03T17:20:00	2026-07-03T19:30:00	中国国航	CA7160	经济舱	480	34	36
FLIGHT	C039	C153	PEK	T3	HGH	T4	2026-07-03T17:20:00	2026-07-03T19:30:00	中国国航	CA7160	公务舱	1250	6	8
FLIGHT	C039	C153	PKX	T2	HGH	T4	2026-07-03T18:45:00	2026-07-03T20:55:00	中国国航	CA7161	经济舱	480	33	36
FLIGHT	C039	C153	PKX	T2	HGH	T4	2026-07-03T18:45:00	2026-07-03T20:55:00	中国国航	CA7161	公务舱	1250	5	8
FLIGHT	C039	C153	PEK	T3	HGH	T4	2026-07-03T20:10:00	2026-07-03T22:20:00	中国国航	CA7162	经济舱	480	32	36
FLIGHT	C039	C153	PEK	T3	HGH	T4	2026-07-03T20:10:00	2026-07-03T22:20:00	中国国航	CA7162	公务舱	1250	8	8
FLIGHT	C039	C153	PKX	T2	HGH	T4	2026-07-03T21:35:00	2026-07-03T23:45:00	中国国航	CA7163	经济舱	480	31	36
FLIGHT	C039	C153	PKX	T2	HGH	T4	2026-07-03T21:35:00	2026-07-03T23:45:00	中国国航	CA7163	公务舱	1250	7	8
FLIGHT	C153	C039	HGH	T4	PKX	T2	2026-07-03T17:20:00	2026-07-03T19:30:00	海南航空	HU7170	经济舱	480	33	36
FLIGHT	C153	C039	HGH	T4	PKX	T2	2026-07-03T17:20:00	2026-07-03T19:30:00	海南航空	HU7170	公务舱	1250	5	8
FLIGHT	C153	C039	HGH	T4	PEK	T3	2026-07-03T18:45:00	2026-07-03T20:55:00	海南航空	HU7171	经济舱	480	32	36
FLIGHT	C153	C039	HGH	T4	PEK	T3	2026-07-03T18:45:00	2026-07-03T20:55:00	海南航空	HU7171	公务舱	1250	8	8
FLIGHT	C153	C039	HGH	T4	PKX	T2	2026-07-03T20:10:00	2026-07-03T22:20:00	海南航空	HU7172	经济舱	480	31	36
FLIGHT	C153	C039	HGH	T4	PKX	T2	2026-07-03T20:10:00	2026-07-03T22:20:00	海南航空	HU7172	公务舱	1250	7	8
FLIGHT	C153	C039	HGH	T4	PEK	T3	2026-07-03T21:35:00	2026-07-03T23:45:00	海南航空	HU7173	经济舱	480	30	36
FLIGHT	C153	C039	HGH	T4	PEK	T3	2026-07-03T21:35:00	2026-07-03T23:45:00	海南航空	HU7173	公务舱	1250	6	8
FLIGHT	C005	C246	SHA	T2	XIY	T3	2026-07-03T17:20:00	2026-07-03T20:00:00	东方航空	MU7180	经济舱	650	32	36
FLIGHT	C005	C246	SHA	T2	XIY	T3	2026-07-03T17:20:00	2026-07-03T20:00:00	东方航空	MU7180	公务舱	1690	8	8
FLIGHT	C005	C246	PVG	T2	XIY	T3	2026-07-03T18:45:00	2026-07-03T21:25:00	东方航空	MU7181	经济舱	650	31	36
FLIGHT	C005	C246	PVG	T2	XIY	T3	2026-07-03T18:45:00	2026-07-03T21:25:00	东方航空	MU7181	公务舱	1690	7	8
FLIGHT	C005	C246	SHA	T2	XIY	T3	2026-07-03T20:10:00	2026-07-03T22:50:00	东方航空	MU7182	经济舱	650	30	36
FLIGHT	C005	C246	SHA	T2	XIY	T3	2026-07-03T20:10:00	2026-07-03T22:50:00	东方航空	MU7182	公务舱	1690	6	8
FLIGHT	C005	C246	PVG	T2	XIY	T3	2026-07-03T21:35:00	2026-07-04T00:15:00	东方航空	MU7183	经济舱	650	29	36
FLIGHT	C005	C246	PVG	T2	XIY	T3	2026-07-03T21:35:00	2026-07-04T00:15:00	东方航空	MU7183	公务舱	1690	5	8
FLIGHT	C246	C005	XIY	T3	PVG	T2	2026-07-03T17:20:00	2026-07-03T20:00:00	海南航空	HU7190	经济舱	650	31	36
FLIGHT	C246	C005	XIY	T3	PVG	T2	2026-07-03T17:20:00	2026-07-03T20:00:00	海南航空	HU7190	公务舱	1690	7	8
FLIGHT	C246	C005	XIY	T3	SHA	T2	2026-07-03T18:45:00	2026-07-03T21:25:00	海南航空	HU7191	经济舱	650	30	36
FLIGHT	C246	C005	XIY	T3	SHA	T2	2026-07-03T18:45:00	2026-07-03T21:25:00	海南航空	HU7191	公务舱	1690	6	8
FLIGHT	C246	C005	XIY	T3	PVG	T2	2026-07-03T20:10:00	2026-07-03T22:50:00	海南航空	HU7192	经济舱	650	29	36
FLIGHT	C246	C005	XIY	T3	PVG	T2	2026-07-03T20:10:00	2026-07-03T22:50:00	海南航空	HU7192	公务舱	1690	5	8
FLIGHT	C246	C005	XIY	T3	SHA	T2	2026-07-03T21:35:00	2026-07-04T00:15:00	海南航空	HU7193	经济舱	650	28	36
FLIGHT	C246	C005	XIY	T3	SHA	T2	2026-07-03T21:35:00	2026-07-04T00:15:00	海南航空	HU7193	公务舱	1690	8	8
FLIGHT	C039	C272	PEK	T3	CKG	T3	2026-07-03T17:20:00	2026-07-03T20:10:00	中国国航	CA7200	经济舱	680	30	36
FLIGHT	C039	C272	PEK	T3	CKG	T3	2026-07-03T17:20:00	2026-07-03T20:10:00	中国国航	CA7200	公务舱	1770	6	8
FLIGHT	C039	C272	PKX	T2	CKG	T3	2026-07-03T18:45:00	2026-07-03T21:35:00	中国国航	CA7201	经济舱	680	29	36
FLIGHT	C039	C272	PKX	T2	CKG	T3	2026-07-03T18:45:00	2026-07-03T21:35:00	中国国航	CA7201	公务舱	1770	5	8
FLIGHT	C039	C272	PEK	T3	CKG	T3	2026-07-03T20:10:00	2026-07-03T23:00:00	中国国航	CA7202	经济舱	680	28	36
FLIGHT	C039	C272	PEK	T3	CKG	T3	2026-07-03T20:10:00	2026-07-03T23:00:00	中国国航	CA7202	公务舱	1770	8	8
FLIGHT	C039	C272	PKX	T2	CKG	T3	2026-07-03T21:35:00	2026-07-04T00:25:00	中国国航	CA7203	经济舱	680	27	36
FLIGHT	C039	C272	PKX	T2	CKG	T3	2026-07-03T21:35:00	2026-07-04T00:25:00	中国国航	CA7203	公务舱	1770	7	8
FLIGHT	C272	C039	CKG	T3	PKX	T2	2026-07-03T17:20:00	2026-07-03T20:10:00	四川航空	3U7210	经济舱	680	29	36
FLIGHT	C272	C039	CKG	T3	PKX	T2	2026-07-03T17:20:00	2026-07-03T20:10:00	四川航空	3U7210	公务舱	1770	5	8
FLIGHT	C272	C039	CKG	T3	PEK	T3	2026-07-03T18:45:00	2026-07-03T21:35:00	四川航空	3U7211	经济舱	680	28	36
FLIGHT	C272	C039	CKG	T3	PEK	T3	2026-07-03T18:45:00	2026-07-03T21:35:00	四川航空	3U7211	公务舱	1770	8	8
FLIGHT	C272	C039	CKG	T3	PKX	T2	2026-07-03T20:10:00	2026-07-03T23:00:00	四川航空	3U7212	经济舱	680	27	36
FLIGHT	C272	C039	CKG	T3	PKX	T2	2026-07-03T20:10:00	2026-07-03T23:00:00	四川航空	3U7212	公务舱	1770	7	8
FLIGHT	C272	C039	CKG	T3	PEK	T3	2026-07-03T21:35:00	2026-07-04T00:25:00	四川航空	3U7213	经济舱	680	26	36
FLIGHT	C272	C039	CKG	T3	PEK	T3	2026-07-03T21:35:00	2026-07-04T00:25:00	四川航空	3U7213	公务舱	1770	6	8
FLIGHT	C039	C005	PKX	T2	SHA	T2	2026-07-04T17:20:00	2026-07-04T19:45:00	中国国航	CA7000	经济舱	520	31	36
FLIGHT	C039	C005	PKX	T2	SHA	T2	2026-07-04T17:20:00	2026-07-04T19:45:00	中国国航	CA7000	公务舱	1350	5	8
FLIGHT	C039	C005	PEK	T3	PVG	T2	2026-07-04T18:45:00	2026-07-04T21:10:00	中国国航	CA7001	经济舱	520	30	36
FLIGHT	C039	C005	PEK	T3	PVG	T2	2026-07-04T18:45:00	2026-07-04T21:10:00	中国国航	CA7001	公务舱	1350	8	8
FLIGHT	C039	C005	PKX	T2	SHA	T2	2026-07-04T20:10:00	2026-07-04T22:35:00	中国国航	CA7002	经济舱	520	29	36
FLIGHT	C039	C005	PKX	T2	SHA	T2	2026-07-04T20:10:00	2026-07-04T22:35:00	中国国航	CA7002	公务舱	1350	7	8
FLIGHT	C039	C005	PEK	T3	PVG	T2	2026-07-04T21:35:00	2026-07-05T00:00:00	中国国航	CA7003	经济舱	520	28	36
FLIGHT	C039	C005	PEK	T3	PVG	T2	2026-07-04T21:35:00	2026-07-05T00:00:00	中国国航	CA7003	公务舱	1350	6	8
FLIGHT	C005	C039	PVG	T2	PEK	T3	2026-07-04T17:20:00	2026-07-04T19:45:00	东方航空	MU7010	经济舱	520	30	36
FLIGHT	C005	C039	PVG	T2	PEK	T3	2026-07-04T17:20:00	2026-07-04T19:45:00	东方航空	MU7010	公务舱	1350	8	8
FLIGHT	C005	C039	SHA	T2	PKX	T2	2026-07-04T18:45:00	2026-07-04T21:10:00	东方航空	MU7011	经济舱	520	29	36
FLIGHT	C005	C039	SHA	T2	PKX	T2	2026-07-04T18:45:00	2026-07-04T21:10:00	东方航空	MU7011	公务舱	1350	7	8
FLIGHT	C005	C039	PVG	T2	PEK	T3	2026-07-04T20:10:00	2026-07-04T22:35:00	东方航空	MU7012	经济舱	520	28	36
FLIGHT	C005	C039	PVG	T2	PEK	T3	2026-07-04T20:10:00	2026-07-04T22:35:00	东方航空	MU7012	公务舱	1350	6	8
FLIGHT	C005	C039	SHA	T2	PKX	T2	2026-07-04T21:35:00	2026-07-05T00:00:00	东方航空	MU7013	经济舱	520	27	36
FLIGHT	C005	C039	SHA	T2	PKX	T2	2026-07-04T21:35:00	2026-07-05T00:00:00	东方航空	MU7013	公务舱	1350	5	8
FLIGHT	C039	C112	PKX	T2	CAN	T2	2026-07-04T17:20:00	2026-07-04T20:35:00	中国国航	CA7020	经济舱	720	29	36
FLIGHT	C039	C112	PKX	T2	CAN	T2	2026-07-04T17:20:00	2026-07-04T20:35:00	中国国航	CA7020	公务舱	1870	7	8
FLIGHT	C039	C112	PEK	T3	CAN	T2	2026-07-04T18:45:00	2026-07-04T22:00:00	中国国航	CA7021	经济舱	720	28	36
FLIGHT	C039	C112	PEK	T3	CAN	T2	2026-07-04T18:45:00	2026-07-04T22:00:00	中国国航	CA7021	公务舱	1870	6	8
FLIGHT	C039	C112	PKX	T2	CAN	T2	2026-07-04T20:10:00	2026-07-04T23:25:00	中国国航	CA7022	经济舱	720	27	36
FLIGHT	C039	C112	PKX	T2	CAN	T2	2026-07-04T20:10:00	2026-07-04T23:25:00	中国国航	CA7022	公务舱	1870	5	8
FLIGHT	C039	C112	PEK	T3	CAN	T2	2026-07-04T21:35:00	2026-07-05T00:50:00	中国国航	CA7023	经济舱	720	26	36
FLIGHT	C039	C112	PEK	T3	CAN	T2	2026-07-04T21:35:00	2026-07-05T00:50:00	中国国航	CA7023	公务舱	1870	8	8
FLIGHT	C112	C039	CAN	T2	PEK	T3	2026-07-04T17:20:00	2026-07-04T20:35:00	南方航空	CZ7030	经济舱	720	28	36
FLIGHT	C112	C039	CAN	T2	PEK	T3	2026-07-04T17:20:00	2026-07-04T20:35:00	南方航空	CZ7030	公务舱	1870	6	8
FLIGHT	C112	C039	CAN	T2	PKX	T2	2026-07-04T18:45:00	2026-07-04T22:00:00	南方航空	CZ7031	经济舱	720	27	36
FLIGHT	C112	C039	CAN	T2	PKX	T2	2026-07-04T18:45:00	2026-07-04T22:00:00	南方航空	CZ7031	公务舱	1870	5	8
FLIGHT	C112	C039	CAN	T2	PEK	T3	2026-07-04T20:10:00	2026-07-04T23:25:00	南方航空	CZ7032	经济舱	720	26	36
FLIGHT	C112	C039	CAN	T2	PEK	T3	2026-07-04T20:10:00	2026-07-04T23:25:00	南方航空	CZ7032	公务舱	1870	8	8
FLIGHT	C112	C039	CAN	T2	PKX	T2	2026-07-04T21:35:00	2026-07-05T00:50:00	南方航空	CZ7033	经济舱	720	25	36
FLIGHT	C112	C039	CAN	T2	PKX	T2	2026-07-04T21:35:00	2026-07-05T00:50:00	南方航空	CZ7033	公务舱	1870	7	8
FLIGHT	C039	C190	PKX	T2	SZX	T3	2026-07-04T17:20:00	2026-07-04T20:45:00	中国国航	CA7040	经济舱	760	27	36
FLIGHT	C039	C190	PKX	T2	SZX	T3	2026-07-04T17:20:00	2026-07-04T20:45:00	中国国航	CA7040	公务舱	1980	5	8
FLIGHT	C039	C190	PEK	T3	SZX	T3	2026-07-04T18:45:00	2026-07-04T22:10:00	中国国航	CA7041	经济舱	760	26	36
FLIGHT	C039	C190	PEK	T3	SZX	T3	2026-07-04T18:45:00	2026-07-04T22:10:00	中国国航	CA7041	公务舱	1980	8	8
FLIGHT	C039	C190	PKX	T2	SZX	T3	2026-07-04T20:10:00	2026-07-04T23:35:00	中国国航	CA7042	经济舱	760	25	36
FLIGHT	C039	C190	PKX	T2	SZX	T3	2026-07-04T20:10:00	2026-07-04T23:35:00	中国国航	CA7042	公务舱	1980	7	8
FLIGHT	C039	C190	PEK	T3	SZX	T3	2026-07-04T21:35:00	2026-07-05T01:00:00	中国国航	CA7043	经济舱	760	24	36
FLIGHT	C039	C190	PEK	T3	SZX	T3	2026-07-04T21:35:00	2026-07-05T01:00:00	中国国航	CA7043	公务舱	1980	6	8
FLIGHT	C190	C039	SZX	T3	PEK	T3	2026-07-04T17:20:00	2026-07-04T20:45:00	深圳航空	ZH7050	经济舱	760	26	36
FLIGHT	C190	C039	SZX	T3	PEK	T3	2026-07-04T17:20:00	2026-07-04T20:45:00	深圳航空	ZH7050	公务舱	1980	8	8
FLIGHT	C190	C039	SZX	T3	PKX	T2	2026-07-04T18:45:00	2026-07-04T22:10:00	深圳航空	ZH7051	经济舱	760	25	36
FLIGHT	C190	C039	SZX	T3	PKX	T2	2026-07-04T18:45:00	2026-07-04T22:10:00	深圳航空	ZH7051	公务舱	1980	7	8
FLIGHT	C190	C039	SZX	T3	PEK	T3	2026-07-04T20:10:00	2026-07-04T23:35:00	深圳航空	ZH7052	经济舱	760	24	36
FLIGHT	C190	C039	SZX	T3	PEK	T3	2026-07-04T20:10:00	2026-07-04T23:35:00	深圳航空	ZH7052	公务舱	1980	6	8
FLIGHT	C190	C039	SZX	T3	PKX	T2	2026-07-04T21:35:00	2026-07-05T01:00:00	深圳航空	ZH7053	经济舱	760	23	36
FLIGHT	C190	C039	SZX	T3	PKX	T2	2026-07-04T21:35:00	2026-07-05T01:00:00	深圳航空	ZH7053	公务舱	1980	5	8
FLIGHT	C005	C112	PVG	T2	CAN	T2	2026-07-04T17:20:00	2026-07-04T19:55:00	东方航空	MU7060	经济舱	610	25	36
FLIGHT	C005	C112	PVG	T2	CAN	T2	2026-07-04T17:20:00	2026-07-04T19:55:00	东方航空	MU7060	公务舱	1590	7	8
FLIGHT	C005	C112	SHA	T2	CAN	T2	2026-07-04T18:45:00	2026-07-04T21:20:00	东方航空	MU7061	经济舱	610	24	36
FLIGHT	C005	C112	SHA	T2	CAN	T2	2026-07-04T18:45:00	2026-07-04T21:20:00	东方航空	MU7061	公务舱	1590	6	8
FLIGHT	C005	C112	PVG	T2	CAN	T2	2026-07-04T20:10:00	2026-07-04T22:45:00	东方航空	MU7062	经济舱	610	23	36
FLIGHT	C005	C112	PVG	T2	CAN	T2	2026-07-04T20:10:00	2026-07-04T22:45:00	东方航空	MU7062	公务舱	1590	5	8
FLIGHT	C005	C112	SHA	T2	CAN	T2	2026-07-04T21:35:00	2026-07-05T00:10:00	东方航空	MU7063	经济舱	610	22	36
FLIGHT	C005	C112	SHA	T2	CAN	T2	2026-07-04T21:35:00	2026-07-05T00:10:00	东方航空	MU7063	公务舱	1590	8	8
FLIGHT	C112	C005	CAN	T2	SHA	T2	2026-07-04T17:20:00	2026-07-04T19:55:00	南方航空	CZ7070	经济舱	610	24	36
FLIGHT	C112	C005	CAN	T2	SHA	T2	2026-07-04T17:20:00	2026-07-04T19:55:00	南方航空	CZ7070	公务舱	1590	6	8
FLIGHT	C112	C005	CAN	T2	PVG	T2	2026-07-04T18:45:00	2026-07-04T21:20:00	南方航空	CZ7071	经济舱	610	23	36
FLIGHT	C112	C005	CAN	T2	PVG	T2	2026-07-04T18:45:00	2026-07-04T21:20:00	南方航空	CZ7071	公务舱	1590	5	8
FLIGHT	C112	C005	CAN	T2	SHA	T2	2026-07-04T20:10:00	2026-07-04T22:45:00	南方航空	CZ7072	经济舱	610	22	36
FLIGHT	C112	C005	CAN	T2	SHA	T2	2026-07-04T20:10:00	2026-07-04T22:45:00	南方航空	CZ7072	公务舱	1590	8	8
FLIGHT	C112	C005	CAN	T2	PVG	T2	2026-07-04T21:35:00	2026-07-05T00:10:00	南方航空	CZ7073	经济舱	610	21	36
FLIGHT	C112	C005	CAN	T2	PVG	T2	2026-07-04T21:35:00	2026-07-05T00:10:00	南方航空	CZ7073	公务舱	1590	7	8
FLIGHT	C005	C190	PVG	T2	SZX	T3	2026-07-04T17:20:00	2026-07-04T19:55:00	东方航空	MU7080	经济舱	640	23	36
FLIGHT	C005	C190	PVG	T2	SZX	T3	2026-07-04T17:20:00	2026-07-04T19:55:00	东方航空	MU7080	公务舱	1660	5	8
FLIGHT	C005	C190	SHA	T2	SZX	T3	2026-07-04T18:45:00	2026-07-04T21:20:00	东方航空	MU7081	经济舱	640	22	36
FLIGHT	C005	C190	SHA	T2	SZX	T3	2026-07-04T18:45:00	2026-07-04T21:20:00	东方航空	MU7081	公务舱	1660	8	8
FLIGHT	C005	C190	PVG	T2	SZX	T3	2026-07-04T20:10:00	2026-07-04T22:45:00	东方航空	MU7082	经济舱	640	21	36
FLIGHT	C005	C190	PVG	T2	SZX	T3	2026-07-04T20:10:00	2026-07-04T22:45:00	东方航空	MU7082	公务舱	1660	7	8
FLIGHT	C005	C190	SHA	T2	SZX	T3	2026-07-04T21:35:00	2026-07-05T00:10:00	东方航空	MU7083	经济舱	640	20	36
FLIGHT	C005	C190	SHA	T2	SZX	T3	2026-07-04T21:35:00	2026-07-05T00:10:00	东方航空	MU7083	公务舱	1660	6	8
FLIGHT	C190	C005	SZX	T3	SHA	T2	2026-07-04T17:20:00	2026-07-04T19:55:00	深圳航空	ZH7090	经济舱	640	22	36
FLIGHT	C190	C005	SZX	T3	SHA	T2	2026-07-04T17:20:00	2026-07-04T19:55:00	深圳航空	ZH7090	公务舱	1660	8	8
FLIGHT	C190	C005	SZX	T3	PVG	T2	2026-07-04T18:45:00	2026-07-04T21:20:00	深圳航空	ZH7091	经济舱	640	21	36
FLIGHT	C190	C005	SZX	T3	PVG	T2	2026-07-04T18:45:00	2026-07-04T21:20:00	深圳航空	ZH7091	公务舱	1660	7	8
FLIGHT	C190	C005	SZX	T3	SHA	T2	2026-07-04T20:10:00	2026-07-04T22:45:00	深圳航空	ZH7092	经济舱	640	20	36
FLIGHT	C190	C005	SZX	T3	SHA	T2	2026-07-04T20:10:00	2026-07-04T22:45:00	深圳航空	ZH7092	公务舱	1660	6	8
FLIGHT	C190	C005	SZX	T3	PVG	T2	2026-07-04T21:35:00	2026-07-05T00:10:00	深圳航空	ZH7093	经济舱	640	19	36
FLIGHT	C190	C005	SZX	T3	PVG	T2	2026-07-04T21:35:00	2026-07-05T00:10:00	深圳航空	ZH7093	公务舱	1660	5	8
FLIGHT	C039	C128	PKX	T2	CTU	T2	2026-07-04T17:20:00	2026-07-04T20:20:00	中国国航	CA7100	经济舱	690	21	36
FLIGHT	C039	C128	PKX	T2	CTU	T2	2026-07-04T17:20:00	2026-07-04T20:20:00	中国国航	CA7100	公务舱	1790	7	8
FLIGHT	C039	C128	PEK	T3	TFU	T2	2026-07-04T18:45:00	2026-07-04T21:45:00	中国国航	CA7101	经济舱	690	20	36
FLIGHT	C039	C128	PEK	T3	TFU	T2	2026-07-04T18:45:00	2026-07-04T21:45:00	中国国航	CA7101	公务舱	1790	6	8
FLIGHT	C039	C128	PKX	T2	CTU	T2	2026-07-04T20:10:00	2026-07-04T23:10:00	中国国航	CA7102	经济舱	690	19	36
FLIGHT	C039	C128	PKX	T2	CTU	T2	2026-07-04T20:10:00	2026-07-04T23:10:00	中国国航	CA7102	公务舱	1790	5	8
FLIGHT	C039	C128	PEK	T3	TFU	T2	2026-07-04T21:35:00	2026-07-05T00:35:00	中国国航	CA7103	经济舱	690	36	36
FLIGHT	C039	C128	PEK	T3	TFU	T2	2026-07-04T21:35:00	2026-07-05T00:35:00	中国国航	CA7103	公务舱	1790	8	8
FLIGHT	C128	C039	TFU	T2	PEK	T3	2026-07-04T17:20:00	2026-07-04T20:20:00	四川航空	3U7110	经济舱	690	20	36
FLIGHT	C128	C039	TFU	T2	PEK	T3	2026-07-04T17:20:00	2026-07-04T20:20:00	四川航空	3U7110	公务舱	1790	6	8
FLIGHT	C128	C039	CTU	T2	PKX	T2	2026-07-04T18:45:00	2026-07-04T21:45:00	四川航空	3U7111	经济舱	690	19	36
FLIGHT	C128	C039	CTU	T2	PKX	T2	2026-07-04T18:45:00	2026-07-04T21:45:00	四川航空	3U7111	公务舱	1790	5	8
FLIGHT	C128	C039	TFU	T2	PEK	T3	2026-07-04T20:10:00	2026-07-04T23:10:00	四川航空	3U7112	经济舱	690	36	36
FLIGHT	C128	C039	TFU	T2	PEK	T3	2026-07-04T20:10:00	2026-07-04T23:10:00	四川航空	3U7112	公务舱	1790	8	8
FLIGHT	C128	C039	CTU	T2	PKX	T2	2026-07-04T21:35:00	2026-07-05T00:35:00	四川航空	3U7113	经济舱	690	35	36
FLIGHT	C128	C039	CTU	T2	PKX	T2	2026-07-04T21:35:00	2026-07-05T00:35:00	四川航空	3U7113	公务舱	1790	7	8
FLIGHT	C005	C128	PVG	T2	CTU	T2	2026-07-04T17:20:00	2026-07-04T20:30:00	东方航空	MU7120	经济舱	720	19	36
FLIGHT	C005	C128	PVG	T2	CTU	T2	2026-07-04T17:20:00	2026-07-04T20:30:00	东方航空	MU7120	公务舱	1870	5	8
FLIGHT	C005	C128	SHA	T2	TFU	T2	2026-07-04T18:45:00	2026-07-04T21:55:00	东方航空	MU7121	经济舱	720	36	36
FLIGHT	C005	C128	SHA	T2	TFU	T2	2026-07-04T18:45:00	2026-07-04T21:55:00	东方航空	MU7121	公务舱	1870	8	8
FLIGHT	C005	C128	PVG	T2	CTU	T2	2026-07-04T20:10:00	2026-07-04T23:20:00	东方航空	MU7122	经济舱	720	35	36
FLIGHT	C005	C128	PVG	T2	CTU	T2	2026-07-04T20:10:00	2026-07-04T23:20:00	东方航空	MU7122	公务舱	1870	7	8
FLIGHT	C005	C128	SHA	T2	TFU	T2	2026-07-04T21:35:00	2026-07-05T00:45:00	东方航空	MU7123	经济舱	720	34	36
FLIGHT	C005	C128	SHA	T2	TFU	T2	2026-07-04T21:35:00	2026-07-05T00:45:00	东方航空	MU7123	公务舱	1870	6	8
FLIGHT	C128	C005	TFU	T2	SHA	T2	2026-07-04T17:20:00	2026-07-04T20:30:00	四川航空	3U7130	经济舱	720	36	36
FLIGHT	C128	C005	TFU	T2	SHA	T2	2026-07-04T17:20:00	2026-07-04T20:30:00	四川航空	3U7130	公务舱	1870	8	8
FLIGHT	C128	C005	CTU	T2	PVG	T2	2026-07-04T18:45:00	2026-07-04T21:55:00	四川航空	3U7131	经济舱	720	35	36
FLIGHT	C128	C005	CTU	T2	PVG	T2	2026-07-04T18:45:00	2026-07-04T21:55:00	四川航空	3U7131	公务舱	1870	7	8
FLIGHT	C128	C005	TFU	T2	SHA	T2	2026-07-04T20:10:00	2026-07-04T23:20:00	四川航空	3U7132	经济舱	720	34	36
FLIGHT	C128	C005	TFU	T2	SHA	T2	2026-07-04T20:10:00	2026-07-04T23:20:00	四川航空	3U7132	公务舱	1870	6	8
FLIGHT	C128	C005	CTU	T2	PVG	T2	2026-07-04T21:35:00	2026-07-05T00:45:00	四川航空	3U7133	经济舱	720	33	36
FLIGHT	C128	C005	CTU	T2	PVG	T2	2026-07-04T21:35:00	2026-07-05T00:45:00	四川航空	3U7133	公务舱	1870	5	8
FLIGHT	C112	C128	CAN	T2	CTU	T2	2026-07-04T17:20:00	2026-07-04T19:40:00	南方航空	CZ7140	经济舱	560	35	36
FLIGHT	C112	C128	CAN	T2	CTU	T2	2026-07-04T17:20:00	2026-07-04T19:40:00	南方航空	CZ7140	公务舱	1460	7	8
FLIGHT	C112	C128	CAN	T2	TFU	T2	2026-07-04T18:45:00	2026-07-04T21:05:00	南方航空	CZ7141	经济舱	560	34	36
FLIGHT	C112	C128	CAN	T2	TFU	T2	2026-07-04T18:45:00	2026-07-04T21:05:00	南方航空	CZ7141	公务舱	1460	6	8
FLIGHT	C112	C128	CAN	T2	CTU	T2	2026-07-04T20:10:00	2026-07-04T22:30:00	南方航空	CZ7142	经济舱	560	33	36
FLIGHT	C112	C128	CAN	T2	CTU	T2	2026-07-04T20:10:00	2026-07-04T22:30:00	南方航空	CZ7142	公务舱	1460	5	8
FLIGHT	C112	C128	CAN	T2	TFU	T2	2026-07-04T21:35:00	2026-07-04T23:55:00	南方航空	CZ7143	经济舱	560	32	36
FLIGHT	C112	C128	CAN	T2	TFU	T2	2026-07-04T21:35:00	2026-07-04T23:55:00	南方航空	CZ7143	公务舱	1460	8	8
FLIGHT	C128	C112	TFU	T2	CAN	T2	2026-07-04T17:20:00	2026-07-04T19:40:00	四川航空	3U7150	经济舱	560	34	36
FLIGHT	C128	C112	TFU	T2	CAN	T2	2026-07-04T17:20:00	2026-07-04T19:40:00	四川航空	3U7150	公务舱	1460	6	8
FLIGHT	C128	C112	CTU	T2	CAN	T2	2026-07-04T18:45:00	2026-07-04T21:05:00	四川航空	3U7151	经济舱	560	33	36
FLIGHT	C128	C112	CTU	T2	CAN	T2	2026-07-04T18:45:00	2026-07-04T21:05:00	四川航空	3U7151	公务舱	1460	5	8
FLIGHT	C128	C112	TFU	T2	CAN	T2	2026-07-04T20:10:00	2026-07-04T22:30:00	四川航空	3U7152	经济舱	560	32	36
FLIGHT	C128	C112	TFU	T2	CAN	T2	2026-07-04T20:10:00	2026-07-04T22:30:00	四川航空	3U7152	公务舱	1460	8	8
FLIGHT	C128	C112	CTU	T2	CAN	T2	2026-07-04T21:35:00	2026-07-04T23:55:00	四川航空	3U7153	经济舱	560	31	36
FLIGHT	C128	C112	CTU	T2	CAN	T2	2026-07-04T21:35:00	2026-07-04T23:55:00	四川航空	3U7153	公务舱	1460	7	8
FLIGHT	C039	C153	PKX	T2	HGH	T4	2026-07-04T17:20:00	2026-07-04T19:30:00	中国国航	CA7160	经济舱	480	33	36
FLIGHT	C039	C153	PKX	T2	HGH	T4	2026-07-04T17:20:00	2026-07-04T19:30:00	中国国航	CA7160	公务舱	1250	5	8
FLIGHT	C039	C153	PEK	T3	HGH	T4	2026-07-04T18:45:00	2026-07-04T20:55:00	中国国航	CA7161	经济舱	480	32	36
FLIGHT	C039	C153	PEK	T3	HGH	T4	2026-07-04T18:45:00	2026-07-04T20:55:00	中国国航	CA7161	公务舱	1250	8	8
FLIGHT	C039	C153	PKX	T2	HGH	T4	2026-07-04T20:10:00	2026-07-04T22:20:00	中国国航	CA7162	经济舱	480	31	36
FLIGHT	C039	C153	PKX	T2	HGH	T4	2026-07-04T20:10:00	2026-07-04T22:20:00	中国国航	CA7162	公务舱	1250	7	8
FLIGHT	C039	C153	PEK	T3	HGH	T4	2026-07-04T21:35:00	2026-07-04T23:45:00	中国国航	CA7163	经济舱	480	30	36
FLIGHT	C039	C153	PEK	T3	HGH	T4	2026-07-04T21:35:00	2026-07-04T23:45:00	中国国航	CA7163	公务舱	1250	6	8
FLIGHT	C153	C039	HGH	T4	PEK	T3	2026-07-04T17:20:00	2026-07-04T19:30:00	海南航空	HU7170	经济舱	480	32	36
FLIGHT	C153	C039	HGH	T4	PEK	T3	2026-07-04T17:20:00	2026-07-04T19:30:00	海南航空	HU7170	公务舱	1250	8	8
FLIGHT	C153	C039	HGH	T4	PKX	T2	2026-07-04T18:45:00	2026-07-04T20:55:00	海南航空	HU7171	经济舱	480	31	36
FLIGHT	C153	C039	HGH	T4	PKX	T2	2026-07-04T18:45:00	2026-07-04T20:55:00	海南航空	HU7171	公务舱	1250	7	8
FLIGHT	C153	C039	HGH	T4	PEK	T3	2026-07-04T20:10:00	2026-07-04T22:20:00	海南航空	HU7172	经济舱	480	30	36
FLIGHT	C153	C039	HGH	T4	PEK	T3	2026-07-04T20:10:00	2026-07-04T22:20:00	海南航空	HU7172	公务舱	1250	6	8
FLIGHT	C153	C039	HGH	T4	PKX	T2	2026-07-04T21:35:00	2026-07-04T23:45:00	海南航空	HU7173	经济舱	480	29	36
FLIGHT	C153	C039	HGH	T4	PKX	T2	2026-07-04T21:35:00	2026-07-04T23:45:00	海南航空	HU7173	公务舱	1250	5	8
FLIGHT	C005	C246	PVG	T2	XIY	T3	2026-07-04T17:20:00	2026-07-04T20:00:00	东方航空	MU7180	经济舱	650	31	36
FLIGHT	C005	C246	PVG	T2	XIY	T3	2026-07-04T17:20:00	2026-07-04T20:00:00	东方航空	MU7180	公务舱	1690	7	8
FLIGHT	C005	C246	SHA	T2	XIY	T3	2026-07-04T18:45:00	2026-07-04T21:25:00	东方航空	MU7181	经济舱	650	30	36
FLIGHT	C005	C246	SHA	T2	XIY	T3	2026-07-04T18:45:00	2026-07-04T21:25:00	东方航空	MU7181	公务舱	1690	6	8
FLIGHT	C005	C246	PVG	T2	XIY	T3	2026-07-04T20:10:00	2026-07-04T22:50:00	东方航空	MU7182	经济舱	650	29	36
FLIGHT	C005	C246	PVG	T2	XIY	T3	2026-07-04T20:10:00	2026-07-04T22:50:00	东方航空	MU7182	公务舱	1690	5	8
FLIGHT	C005	C246	SHA	T2	XIY	T3	2026-07-04T21:35:00	2026-07-05T00:15:00	东方航空	MU7183	经济舱	650	28	36
FLIGHT	C005	C246	SHA	T2	XIY	T3	2026-07-04T21:35:00	2026-07-05T00:15:00	东方航空	MU7183	公务舱	1690	8	8
FLIGHT	C246	C005	XIY	T3	SHA	T2	2026-07-04T17:20:00	2026-07-04T20:00:00	海南航空	HU7190	经济舱	650	30	36
FLIGHT	C246	C005	XIY	T3	SHA	T2	2026-07-04T17:20:00	2026-07-04T20:00:00	海南航空	HU7190	公务舱	1690	6	8
FLIGHT	C246	C005	XIY	T3	PVG	T2	2026-07-04T18:45:00	2026-07-04T21:25:00	海南航空	HU7191	经济舱	650	29	36
FLIGHT	C246	C005	XIY	T3	PVG	T2	2026-07-04T18:45:00	2026-07-04T21:25:00	海南航空	HU7191	公务舱	1690	5	8
FLIGHT	C246	C005	XIY	T3	SHA	T2	2026-07-04T20:10:00	2026-07-04T22:50:00	海南航空	HU7192	经济舱	650	28	36
FLIGHT	C246	C005	XIY	T3	SHA	T2	2026-07-04T20:10:00	2026-07-04T22:50:00	海南航空	HU7192	公务舱	1690	8	8
FLIGHT	C246	C005	XIY	T3	PVG	T2	2026-07-04T21:35:00	2026-07-05T00:15:00	海南航空	HU7193	经济舱	650	27	36
FLIGHT	C246	C005	XIY	T3	PVG	T2	2026-07-04T21:35:00	2026-07-05T00:15:00	海南航空	HU7193	公务舱	1690	7	8
FLIGHT	C039	C272	PKX	T2	CKG	T3	2026-07-04T17:20:00	2026-07-04T20:10:00	中国国航	CA7200	经济舱	680	29	36
FLIGHT	C039	C272	PKX	T2	CKG	T3	2026-07-04T17:20:00	2026-07-04T20:10:00	中国国航	CA7200	公务舱	1770	5	8
FLIGHT	C039	C272	PEK	T3	CKG	T3	2026-07-04T18:45:00	2026-07-04T21:35:00	中国国航	CA7201	经济舱	680	28	36
FLIGHT	C039	C272	PEK	T3	CKG	T3	2026-07-04T18:45:00	2026-07-04T21:35:00	中国国航	CA7201	公务舱	1770	8	8
FLIGHT	C039	C272	PKX	T2	CKG	T3	2026-07-04T20:10:00	2026-07-04T23:00:00	中国国航	CA7202	经济舱	680	27	36
FLIGHT	C039	C272	PKX	T2	CKG	T3	2026-07-04T20:10:00	2026-07-04T23:00:00	中国国航	CA7202	公务舱	1770	7	8
FLIGHT	C039	C272	PEK	T3	CKG	T3	2026-07-04T21:35:00	2026-07-05T00:25:00	中国国航	CA7203	经济舱	680	26	36
FLIGHT	C039	C272	PEK	T3	CKG	T3	2026-07-04T21:35:00	2026-07-05T00:25:00	中国国航	CA7203	公务舱	1770	6	8
FLIGHT	C272	C039	CKG	T3	PEK	T3	2026-07-04T17:20:00	2026-07-04T20:10:00	四川航空	3U7210	经济舱	680	28	36
FLIGHT	C272	C039	CKG	T3	PEK	T3	2026-07-04T17:20:00	2026-07-04T20:10:00	四川航空	3U7210	公务舱	1770	8	8
FLIGHT	C272	C039	CKG	T3	PKX	T2	2026-07-04T18:45:00	2026-07-04T21:35:00	四川航空	3U7211	经济舱	680	27	36
FLIGHT	C272	C039	CKG	T3	PKX	T2	2026-07-04T18:45:00	2026-07-04T21:35:00	四川航空	3U7211	公务舱	1770	7	8
FLIGHT	C272	C039	CKG	T3	PEK	T3	2026-07-04T20:10:00	2026-07-04T23:00:00	四川航空	3U7212	经济舱	680	26	36
FLIGHT	C272	C039	CKG	T3	PEK	T3	2026-07-04T20:10:00	2026-07-04T23:00:00	四川航空	3U7212	公务舱	1770	6	8
FLIGHT	C272	C039	CKG	T3	PKX	T2	2026-07-04T21:35:00	2026-07-05T00:25:00	四川航空	3U7213	经济舱	680	25	36
FLIGHT	C272	C039	CKG	T3	PKX	T2	2026-07-04T21:35:00	2026-07-05T00:25:00	四川航空	3U7213	公务舱	1770	5	8
