type	departureCityId	arrivalCityId	departureStationCode	departureTerminalName	arrivalStationCode	arrivalTerminalName	departureDateTime	arrivalDateTime	carrier	code	seatClass	price	remainingSeats	totalSeats	departureStationName	arrivalStationName
FLIGHT	C039	C005	PEK	T3	SHA	T2	2026-05-30T08:30:00	2026-05-30T10:55:00	中国国航	CA1501	经济舱	370	18	18	北京首都国际机场	上海虹桥国际机场
FLIGHT	C039	C005	PEK	T2	SHA	T2	2026-02-25T08:25:00	2026-02-25T10:35:00	海南航空	HU7603	经济舱	520	9	9	北京首都国际机场	上海虹桥国际机场
FLIGHT	C039	C005	PEK	T2	PVG	T2	2026-03-29T07:30:00	2026-03-29T09:45:00	海南航空	HU7613	经济舱	460	4	4	北京首都国际机场	上海浦东国际机场
FLIGHT	C039	C005	PEK	T2	PVG	T1	2026-06-01T07:00:00	2026-06-01T08:55:00	东方航空	MU5100	经济舱	490	13	13	北京首都国际机场	上海浦东国际机场
FLIGHT	C005	C039	SHA	T2	PEK	T2	2026-05-11T11:15:00	2026-05-11T13:30:00	海南航空	HU7604	经济舱	520	16	16	上海虹桥国际机场	北京首都国际机场
FLIGHT	C039	C112	PKX		CAN	T2	2026-06-01T12:30:00	2026-06-01T15:40:00	南方航空	CZ3102	经济舱	850	20	20	北京大兴国际机场	广州白云国际机场
FLIGHT	C039	C190	PEK	T2	SZX		2026-05-11T20:30:00	2026-05-11T23:50:00	海南航空	HU7713	经济舱	900	7	7	北京首都国际机场	深圳宝安国际机场
FLIGHT	C005	C112	SHA		CAN		2026-03-01T07:30:00	2026-03-01T10:05:00	东方航空	MU5301	经济舱	680	14	14	上海虹桥国际机场	广州白云国际机场
FLIGHT	C005	C082	SHA	T2	TSN	T2	2026-06-01T18:25:00	2026-06-01T20:40:00	东方航空	MU5143	经济舱	480	6	6	上海虹桥国际机场	天津滨海国际机场
FLIGHT	C039	C082	PEK		TSN		2026-05-01T07:14:00	2026-05-01T08:24:00	南方航空	CZ1002	经济舱	280	5	5	北京首都国际机场	天津滨海国际机场
FLIGHT	C039	C272	PEK		CKG		2026-05-01T07:51:00	2026-05-01T11:12:00	海南航空	HU1003	经济舱	890	6	6	北京首都国际机场	重庆江北国际机场
FLIGHT	C039	C220	PEK		SJW		2026-05-01T08:28:00	2026-05-01T09:49:00	中国国航	CA1004	经济舱	350	7	7	北京首都国际机场	石家庄正定国际机场
FLIGHT	C039	C083	PEK		TYN		2026-05-01T09:05:00	2026-05-01T10:40:00	东方航空	MU1005	经济舱	420	8	8	北京首都国际机场	太原武宿国际机场
FLIGHT	C039	C061	PEK		HET		2026-05-01T09:42:00	2026-05-01T11:18:00	南方航空	CZ1006	经济舱	420	9	9	北京首都国际机场	呼和浩特白塔国际机场
FLIGHT	C039	C172	PEK		SHE		2026-05-01T10:19:00	2026-05-01T12:17:00	海南航空	HU1007	经济舱	520	10	10	北京首都国际机场	沈阳桃仙国际机场
FLIGHT	C039	C283	PEK		CGQ		2026-05-01T10:56:00	2026-05-01T13:17:00	中国国航	CA1008	经济舱	620	11	11	北京首都国际机场	长春龙嘉国际机场
FLIGHT	C039	C066	PEK		HRB		2026-05-01T11:33:00	2026-05-01T14:13:00	东方航空	MU1009	经济舱	710	12	12	北京首都国际机场	哈尔滨太平国际机场
FLIGHT	C039	C042	PEK		NKG		2026-05-01T12:10:00	2026-05-01T14:35:00	南方航空	CZ1010	经济舱	640	13	13	北京首都国际机场	南京禄口国际机场
FLIGHT	C039	C153	PEK		HGH		2026-05-01T12:47:00	2026-05-01T15:34:00	海南航空	HU1011	经济舱	750	14	14	北京首都国际机场	杭州萧山国际机场
FLIGHT	C039	C053	PEK		HFE		2026-05-01T13:24:00	2026-05-01T15:49:00	中国国航	CA1012	经济舱	650	15	15	北京首都国际机场	合肥新桥国际机场
FLIGHT	C039	C221	PEK		FOC		2026-05-01T14:01:00	2026-05-01T17:32:00	东方航空	MU1013	经济舱	950	16	16	北京首都国际机场	福州长乐国际机场
FLIGHT	C039	C046	PEK				2026-05-01T14:38:00	2026-05-01T17:38:00	南方航空	CZ1014	经济舱	810	17	17	北京首都国际机场	南昌昌北国际机场
FLIGHT	C039	C180	PEK		TNA		2026-05-01T15:15:00	2026-05-01T16:46:00	海南航空	HU1015	经济舱	410	18	18	北京首都国际机场	济南遥墙国际机场
FLIGHT	C039	C267	PEK		CGO		2026-05-01T15:52:00	2026-05-01T17:49:00	中国国航	CA1016	经济舱	530	19	19	北京首都国际机场	郑州新郑国际机场
FLIGHT	C039	C164	PEK		WUH		2026-05-01T16:29:00	2026-05-01T19:09:00	东方航空	MU1017	经济舱	720	20	20	北京首都国际机场	武汉天河国际机场
FLIGHT	C039	C284	PEK		CSX		2026-05-01T17:06:00	2026-05-01T20:15:00	南方航空	CZ1018	经济舱	850	21	21	北京首都国际机场	长沙黄花国际机场
FLIGHT	C039	C044	PEK		NNG		2026-05-01T18:20:00	2026-05-01T22:39:00	中国国航	CA1020	经济舱	1170	23	23	北京首都国际机场	南宁吴圩国际机场
FLIGHT	C039	C184	PEK		HAK		2026-05-01T18:57:00	2026-05-01T23:41:00	东方航空	MU1021	经济舱	1280	24	24	北京首都国际机场	海口美兰国际机场
FLIGHT	C039	C128	PEK		TFU		2026-05-01T19:34:00	2026-05-01T23:01:00	南方航空	CZ1022	经济舱	940	25	25	北京首都国际机场	成都天府国际机场
FLIGHT	C039	C249	PEK		KWE		2026-05-01T06:11:00	2026-05-01T09:59:00	海南航空	HU1023	经济舱	1030	26	26	北京首都国际机场	贵阳龙洞堡国际机场
FLIGHT	C039	C142	PEK		KMG		2026-05-01T06:48:00	2026-05-01T11:12:00	中国国航	CA1024	经济舱	1190	27	27	北京首都国际机场	昆明长水国际机场
FLIGHT	C039	C133	PEK		LXA		2026-05-01T07:25:00	2026-05-01T12:36:00	东方航空	MU1025	经济舱	1410	28	28	北京首都国际机场	拉萨贡嘎国际机场
FLIGHT	C039	C246	PEK		XIY		2026-05-01T08:02:00	2026-05-01T10:27:00	南方航空	CZ1026	经济舱	660	29	29	北京首都国际机场	西安咸阳国际机场
FLIGHT	C039	C034	PEK		LHW		2026-05-01T08:39:00	2026-05-01T11:32:00	海南航空	HU1027	经济舱	790	30	30	北京首都国际机场	兰州中川国际机场
FLIGHT	C039	C245	PEK		XNN		2026-05-01T09:16:00	2026-05-01T12:24:00	中国国航	CA1028	经济舱	850	31	31	北京首都国际机场	西宁曹家堡国际机场
FLIGHT	C039	C279	PEK		INC		2026-05-01T09:53:00	2026-05-01T12:17:00	东方航空	MU1029	经济舱	660	32	32	北京首都国际机场	银川河东国际机场
FLIGHT	C039	C018	PEK				2026-05-01T10:30:00	2026-05-01T15:26:00	南方航空	CZ1030	经济舱	1340	33	33	北京首都国际机场	乌鲁木齐天山国际机场
FLIGHT	C039	C300	PEK				2026-05-01T11:07:00	2026-05-01T15:19:00	海南航空	HU1031	经济舱	1150	34	34	北京首都国际机场	香港国际机场
FLIGHT	C039	C050	PEK		XMN		2026-05-01T13:35:00	2026-05-01T17:22:00	海南航空	HU1035	经济舱	1040	3	3	北京首都国际机场	厦门高崎国际机场
FLIGHT	C039	C297	PEK				2026-05-01T14:12:00	2026-05-01T16:02:00	中国国航	CA1036	经济舱	510	4	4	北京首都国际机场	青岛胶东国际机场
FLIGHT	C039	C080	PEK		DLC		2026-05-01T14:49:00	2026-05-01T16:30:00	东方航空	MU1037	经济舱	470	5	5	北京首都国际机场	大连周水子国际机场
FLIGHT	C039	C088	PEK		NGB		2026-05-01T15:26:00	2026-05-01T18:22:00	南方航空	CZ1038	经济舱	810	6	6	北京首都国际机场	宁波栎社国际机场
FLIGHT	C039	C231	PEK				2026-05-01T16:03:00	2026-05-01T18:41:00	海南航空	HU1039	经济舱	730	7	7	北京首都国际机场	苏州机场
FLIGHT	C039	C139	PEK				2026-05-01T16:40:00	2026-05-01T19:15:00	中国国航	CA1040	经济舱	720	8	8	北京首都国际机场	苏南硕放国际机场
FLIGHT	C039	C158	PEK		KWL		2026-05-01T17:17:00	2026-05-01T21:04:00	东方航空	MU1041	经济舱	1050	9	9	北京首都国际机场	桂林两江国际机场
FLIGHT	C039	C002	PEK		SYX		2026-05-01T17:54:00	2026-05-01T22:59:00	南方航空	CZ1042	经济舱	1400	10	10	北京首都国际机场	三亚凤凰国际机场
FLIGHT	C039	C119	PEK				2026-05-01T18:31:00	2026-05-01T21:37:00	海南航空	HU1043	经济舱	860	11	11	北京首都国际机场	张家界荷花国际机场
FLIGHT	C039	C015	PEK		LJG		2026-05-01T19:08:00	2026-05-01T23:31:00	中国国航	CA1044	经济舱	1210	12	12	北京首都国际机场	丽江三义国际机场
FLIGHT	C039	C308	PEK		TXN		2026-05-01T06:22:00	2026-05-01T09:12:00	南方航空	CZ1046	经济舱	790	14	14	北京首都国际机场	黄山屯溪国际机场
FLIGHT	C039	C210	PEK		ZZH		2026-05-01T07:36:00	2026-05-01T11:49:00	中国国航	CA1048	经济舱	1170	16	16	北京首都国际机场	珠海金湾机场
FLIGHT	C039	C179	PEK				2026-05-01T08:13:00	2026-05-01T10:16:00	东方航空	MU1049	经济舱	590	17	17	北京首都国际机场	洛阳北郊机场
FLIGHT	C039	C077	PEK				2026-05-01T08:50:00	2026-05-01T10:11:00	南方航空	CZ1050	经济舱	400	18	18	北京首都国际机场	大同云冈国际机场
FLIGHT	C039	C070	PEK		KHG		2026-05-01T10:04:00	2026-05-01T16:42:00	中国国航	CA1052	经济舱	1820	20	20	北京首都国际机场	喀什徕宁国际机场
FLIGHT	C039	C056	PEK				2026-05-01T10:41:00	2026-05-01T15:24:00	东方航空	MU1053	经济舱	1310	21	21	北京首都国际机场	吐鲁番交河机场
FLIGHT	C039	C292	PEK				2026-05-01T11:18:00	2026-05-01T16:14:00	南方航空	CZ1054	经济舱	1370	22	22	北京首都国际机场	阿勒泰雪都机场
FLIGHT	C039	C222	PEK		BPE		2026-05-01T11:55:00	2026-05-01T13:17:00	海南航空	HU1055	经济舱	410	23	23	北京首都国际机场	秦皇岛北戴河机场
FLIGHT	C039	C084	PEK		WEH		2026-05-01T12:32:00	2026-05-01T14:23:00	中国国航	CA1056	经济舱	540	24	24	北京首都国际机场	威海大水泊国际机场
FLIGHT	C039	C176	PEK		JJN		2026-05-01T13:09:00	2026-05-01T16:52:00	东方航空	MU1057	经济舱	1050	25	25	北京首都国际机场	泉州晋江国际机场
FLIGHT	C039	C129	PEK		YTY		2026-05-01T13:46:00	2026-05-01T16:09:00	南方航空	CZ1058	经济舱	680	26	26	北京首都国际机场	扬州泰州国际机场
FLIGHT	C039	C071	PEK				2026-05-01T14:23:00	2026-05-01T17:07:00	海南航空	HU1059	经济舱	780	27	27	北京首都国际机场	嘉兴机场
FLIGHT	C039	C040	PEK		BHY		2026-05-01T15:00:00	2026-05-01T19:31:00	中国国航	CA1060	经济舱	1260	28	28	北京首都国际机场	北海福成机场
FLIGHT	C039	C147	PEK				2026-05-01T15:37:00	2026-05-01T18:30:00	东方航空	MU1061	经济舱	820	29	29	北京首都国际机场	景德镇罗家机场
FLIGHT	C039	C127	PEK				2026-05-01T17:28:00	2026-05-01T21:31:00	中国国航	CA1064	经济舱	1140	32	32	北京首都国际机场	惠州平潭机场
FLIGHT	C039	C205	PEK		YNT		2026-05-01T18:42:00	2026-05-01T20:29:00	南方航空	CZ1066	经济舱	530	34	34	北京首都国际机场	烟台蓬莱国际机场
FLIGHT	C039	C025	PEK				2026-05-01T19:19:00	2026-05-01T23:24:00	海南航空	HU1067	经济舱	1150	35	35	北京首都国际机场	佛山沙堤机场
FLIGHT	C039	C192	PEK		WNZ		2026-05-01T06:33:00	2026-05-01T09:46:00	东方航空	MU1069	经济舱	920	37	37	北京首都国际机场	温州龙湾国际机场
FLIGHT	C005	C272	SHA		CKG		2026-05-01T09:01:00	2026-05-01T12:20:00	东方航空	MU1073	经济舱	950	6	6	上海虹桥国际机场	重庆江北国际机场
FLIGHT	C005	C220	SHA		SJW		2026-05-01T09:38:00	2026-05-01T12:12:00	南方航空	CZ1074	经济舱	750	7	7	上海虹桥国际机场	石家庄正定国际机场
FLIGHT	C005	C083	SHA		TYN		2026-05-01T10:15:00	2026-05-01T13:00:00	海南航空	HU1075	经济舱	800	8	8	上海虹桥国际机场	太原武宿国际机场
FLIGHT	C005	C061	SHA		HET		2026-05-01T10:52:00	2026-05-01T14:05:00	中国国航	CA1076	经济舱	930	9	9	上海虹桥国际机场	呼和浩特白塔国际机场
FLIGHT	C005	C172	SHA		SHE		2026-05-01T11:29:00	2026-05-01T14:23:00	东方航空	MU1077	经济舱	840	10	10	上海虹桥国际机场	沈阳桃仙国际机场
FLIGHT	C005	C283	SHA		CGQ		2026-05-01T12:06:00	2026-05-01T15:25:00	南方航空	CZ1078	经济舱	960	11	11	上海虹桥国际机场	长春龙嘉国际机场
FLIGHT	C005	C066	SHA		HRB		2026-05-01T12:43:00	2026-05-01T16:26:00	海南航空	HU1079	经济舱	1060	12	12	上海虹桥国际机场	哈尔滨太平国际机场
FLIGHT	C005	C042	SHA		NKG		2026-05-01T13:20:00	2026-05-01T14:42:00	中国国航	CA1080	经济舱	430	13	13	上海虹桥国际机场	南京禄口国际机场
FLIGHT	C005	C153	SHA		HGH		2026-05-01T13:57:00	2026-05-01T15:09:00	东方航空	MU1081	经济舱	390	14	14	上海虹桥国际机场	杭州萧山国际机场
FLIGHT	C005	C053	SHA		HFE		2026-05-01T14:34:00	2026-05-01T16:10:00	南方航空	CZ1082	经济舱	500	15	15	上海虹桥国际机场	合肥新桥国际机场
FLIGHT	C005	C221	SHA		FOC		2026-05-01T15:11:00	2026-05-01T17:07:00	海南航空	HU1083	经济舱	590	16	16	上海虹桥国际机场	福州长乐国际机场
FLIGHT	C005	C046	SHA				2026-05-01T15:48:00	2026-05-01T17:44:00	中国国航	CA1084	经济舱	590	17	17	上海虹桥国际机场	南昌昌北国际机场
FLIGHT	C005	C180	SHA		TNA		2026-05-01T16:25:00	2026-05-01T18:33:00	东方航空	MU1085	经济舱	640	18	18	上海虹桥国际机场	济南遥墙国际机场
FLIGHT	C005	C267	SHA		CGO		2026-05-01T17:02:00	2026-05-01T19:20:00	南方航空	CZ1086	经济舱	690	19	19	上海虹桥国际机场	郑州新郑国际机场
FLIGHT	C005	C164	SHA		WUH		2026-05-01T17:39:00	2026-05-01T19:43:00	海南航空	HU1087	经济舱	630	20	20	上海虹桥国际机场	武汉天河国际机场
FLIGHT	C005	C284	SHA		CSX		2026-05-01T18:16:00	2026-05-01T20:40:00	中国国航	CA1088	经济舱	720	21	21	上海虹桥国际机场	长沙黄花国际机场
FLIGHT	C005	C044	SHA		NNG		2026-05-01T19:30:00	2026-05-01T23:05:00	南方航空	CZ1090	经济舱	1040	23	23	上海虹桥国际机场	南宁吴圩国际机场
FLIGHT	C005	C184	SHA		HAK		2026-05-01T06:07:00	2026-05-01T09:50:00	海南航空	HU1091	经济舱	1080	24	24	上海虹桥国际机场	海口美兰国际机场
FLIGHT	C005	C128	SHA		TFU		2026-05-01T06:44:00	2026-05-01T10:25:00	中国国航	CA1092	经济舱	1070	25	25	上海虹桥国际机场	成都天府国际机场
FLIGHT	C005	C249	SHA		KWE		2026-05-01T07:21:00	2026-05-01T10:49:00	东方航空	MU1093	经济舱	1010	26	26	上海虹桥国际机场	贵阳龙洞堡国际机场
FLIGHT	C005	C142	SHA		KMG		2026-05-01T07:58:00	2026-05-01T12:09:00	南方航空	CZ1094	经济舱	1210	27	27	上海虹桥国际机场	昆明长水国际机场
FLIGHT	C005	C133	SHA		LXA		2026-05-01T08:35:00	2026-05-01T14:20:00	海南航空	HU1095	经济舱	1630	28	28	上海虹桥国际机场	拉萨贡嘎国际机场
FLIGHT	C005	C246	SHA		XIY		2026-05-01T09:12:00	2026-05-01T12:09:00	中国国航	CA1096	经济舱	880	29	29	上海虹桥国际机场	西安咸阳国际机场
FLIGHT	C005	C034	SHA		LHW		2026-05-01T09:49:00	2026-05-01T13:36:00	东方航空	MU1097	经济舱	1100	30	30	上海虹桥国际机场	兰州中川国际机场
FLIGHT	C005	C245	SHA		XNN		2026-05-01T10:26:00	2026-05-01T14:32:00	南方航空	CZ1098	经济舱	1190	31	31	上海虹桥国际机场	西宁曹家堡国际机场
FLIGHT	C005	C279	SHA		INC		2026-05-01T11:03:00	2026-05-01T14:38:00	海南航空	HU1099	经济舱	1050	32	32	上海虹桥国际机场	银川河东国际机场
FLIGHT	C005	C018	SHA				2026-05-01T11:40:00	2026-05-01T18:02:00	中国国航	CA1100	经济舱	1800	33	33	上海虹桥国际机场	乌鲁木齐天山国际机场
FLIGHT	C005	C300	SHA				2026-05-01T12:17:00	2026-05-01T15:15:00	东方航空	MU1101	经济舱	880	34	34	上海虹桥国际机场	香港国际机场
FLIGHT	C005	C190	SHA		SZX		2026-05-01T14:08:00	2026-05-01T17:04:00	中国国航	CA1104	经济舱	880	37	37	上海虹桥国际机场	深圳宝安国际机场
FLIGHT	C005	C050	SHA		XMN		2026-05-01T14:45:00	2026-05-01T17:02:00	东方航空	MU1105	经济舱	700	3	3	上海虹桥国际机场	厦门高崎国际机场
FLIGHT	C005	C297	SHA				2026-05-01T15:22:00	2026-05-01T17:12:00	南方航空	CZ1106	经济舱	580	4	4	上海虹桥国际机场	青岛胶东国际机场
FLIGHT	C005	C080	SHA		DLC		2026-05-01T15:59:00	2026-05-01T18:19:00	海南航空	HU1107	经济舱	720	5	5	上海虹桥国际机场	大连周水子国际机场
FLIGHT	C005	C088	SHA		NGB		2026-05-01T16:36:00	2026-05-01T17:46:00	中国国航	CA1108	经济舱	410	6	6	上海虹桥国际机场	宁波栎社国际机场
FLIGHT	C005	C231	SHA				2026-05-01T17:13:00	2026-05-01T18:23:00	东方航空	MU1109	经济舱	380	7	7	上海虹桥国际机场	苏州机场
FLIGHT	C005	C139	SHA				2026-05-01T17:50:00	2026-05-01T19:00:00	南方航空	CZ1110	经济舱	390	8	8	上海虹桥国际机场	苏南硕放国际机场
FLIGHT	C005	C158	SHA		KWL		2026-05-01T18:27:00	2026-05-01T21:30:00	海南航空	HU1111	经济舱	920	9	9	上海虹桥国际机场	桂林两江国际机场
FLIGHT	C005	C002	SHA		SYX		2026-05-01T19:04:00	2026-05-01T23:07:00	中国国航	CA1112	经济舱	1190	10	10	上海虹桥国际机场	三亚凤凰国际机场
FLIGHT	C005	C119	SHA				2026-05-01T19:41:00	2026-05-01T22:24:00	东方航空	MU1113	经济舱	830	11	11	上海虹桥国际机场	张家界荷花国际机场
FLIGHT	C005	C015	SHA		LJG		2026-05-01T06:18:00	2026-05-01T10:45:00	南方航空	CZ1114	经济舱	1300	12	12	上海虹桥国际机场	丽江三义国际机场
FLIGHT	C005	C308	SHA		TXN		2026-05-01T07:32:00	2026-05-01T09:01:00	中国国航	CA1116	经济舱	500	14	14	上海虹桥国际机场	黄山屯溪国际机场
FLIGHT	C005	C210	SHA		ZZH		2026-05-01T08:46:00	2026-05-01T11:48:00	南方航空	CZ1118	经济舱	920	16	16	上海虹桥国际机场	珠海金湾机场
FLIGHT	C005	C179	SHA				2026-05-01T09:23:00	2026-05-01T11:50:00	海南航空	HU1119	经济舱	760	17	17	上海虹桥国际机场	洛阳北郊机场
FLIGHT	C005	C077	SHA				2026-05-01T10:00:00	2026-05-01T12:58:00	中国国航	CA1120	经济舱	900	18	18	上海虹桥国际机场	大同云冈国际机场
FLIGHT	C005	C070	SHA		KHG		2026-05-01T11:14:00	2026-05-01T19:07:00	南方航空	CZ1122	经济舱	2230	20	20	上海虹桥国际机场	喀什徕宁国际机场
FLIGHT	C005	C056	SHA				2026-05-01T11:51:00	2026-05-01T17:58:00	海南航空	HU1123	经济舱	1760	21	21	上海虹桥国际机场	吐鲁番交河机场
FLIGHT	C005	C292	SHA				2026-05-01T12:28:00	2026-05-01T18:59:00	中国国航	CA1124	经济舱	1870	22	22	上海虹桥国际机场	阿勒泰雪都机场
FLIGHT	C005	C222	SHA		BPE		2026-05-01T13:05:00	2026-05-01T15:38:00	东方航空	MU1125	经济舱	800	23	23	上海虹桥国际机场	秦皇岛北戴河机场
FLIGHT	C005	C084	SHA		WEH		2026-05-01T13:42:00	2026-05-01T15:47:00	南方航空	CZ1126	经济舱	670	24	24	上海虹桥国际机场	威海大水泊国际机场
FLIGHT	C005	C176	SHA		JJN		2026-05-01T14:19:00	2026-05-01T16:30:00	海南航空	HU1127	经济舱	700	25	25	上海虹桥国际机场	泉州晋江国际机场
FLIGHT	C005	C129	SHA		YTY		2026-05-01T14:56:00	2026-05-01T16:14:00	中国国航	CA1128	经济舱	460	26	26	上海虹桥国际机场	扬州泰州国际机场
FLIGHT	C005	C071	SHA				2026-05-01T15:33:00	2026-05-01T16:43:00	东方航空	MU1129	经济舱	400	27	27	上海虹桥国际机场	嘉兴机场
FLIGHT	C005	C040	SHA		BHY		2026-05-01T16:10:00	2026-05-01T19:49:00	南方航空	CZ1130	经济舱	1100	28	28	上海虹桥国际机场	北海福成机场
FLIGHT	C005	C147	SHA				2026-05-01T16:47:00	2026-05-01T18:29:00	海南航空	HU1131	经济舱	570	29	29	上海虹桥国际机场	景德镇罗家机场
FLIGHT	C005	C127	SHA				2026-05-01T18:38:00	2026-05-01T21:27:00	南方航空	CZ1134	经济舱	880	32	32	上海虹桥国际机场	惠州平潭机场
FLIGHT	C005	C205	SHA		YNT		2026-05-01T19:52:00	2026-05-01T21:56:00	中国国航	CA1136	经济舱	680	34	34	上海虹桥国际机场	烟台蓬莱国际机场
FLIGHT	C005	C025	SHA				2026-05-01T06:29:00	2026-05-01T09:27:00	东方航空	MU1137	经济舱	920	35	35	上海虹桥国际机场	佛山沙堤机场
FLIGHT	C005	C192	SHA		WNZ		2026-05-01T07:43:00	2026-05-01T09:15:00	海南航空	HU1139	经济舱	530	37	37	上海虹桥国际机场	温州龙湾国际机场
FLIGHT	C082	C039	TSN		PEK		2026-05-01T08:20:00	2026-05-01T09:30:00	中国国航	CA1140	经济舱	420	3	3	天津滨海国际机场	北京首都国际机场
FLIGHT	C082	C005	TSN		SHA		2026-05-01T08:57:00	2026-05-01T11:27:00	东方航空	MU1141	经济舱	800	4	4	天津滨海国际机场	上海虹桥国际机场
FLIGHT	C082	C272	TSN		CKG		2026-05-01T10:11:00	2026-05-01T13:30:00	海南航空	HU1143	经济舱	1020	6	6	天津滨海国际机场	重庆江北国际机场
FLIGHT	C082	C220	TSN		SJW		2026-05-01T10:48:00	2026-05-01T12:09:00	中国国航	CA1144	经济舱	490	7	7	天津滨海国际机场	石家庄正定国际机场
FLIGHT	C082	C083	TSN		TYN		2026-05-01T11:25:00	2026-05-01T13:03:00	东方航空	MU1145	经济舱	570	8	8	天津滨海国际机场	太原武宿国际机场
FLIGHT	C082	C061	TSN		HET		2026-05-01T12:02:00	2026-05-01T13:47:00	南方航空	CZ1146	经济舱	600	9	9	天津滨海国际机场	呼和浩特白塔国际机场
FLIGHT	C082	C172	TSN		SHE		2026-05-01T12:39:00	2026-05-01T14:35:00	海南航空	HU1147	经济舱	650	10	10	天津滨海国际机场	沈阳桃仙国际机场
FLIGHT	C082	C283	TSN		CGQ		2026-05-01T13:16:00	2026-05-01T15:37:00	中国国航	CA1148	经济舱	760	11	11	天津滨海国际机场	长春龙嘉国际机场
FLIGHT	C082	C066	TSN		HRB		2026-05-01T13:53:00	2026-05-01T16:35:00	东方航空	MU1149	经济舱	860	12	12	天津滨海国际机场	哈尔滨太平国际机场
FLIGHT	C082	C042	TSN		NKG		2026-05-01T14:30:00	2026-05-01T16:44:00	南方航空	CZ1150	经济舱	740	13	13	天津滨海国际机场	南京禄口国际机场
FLIGHT	C082	C153	TSN		HGH		2026-05-01T15:07:00	2026-05-01T17:44:00	海南航空	HU1151	经济舱	840	14	14	天津滨海国际机场	杭州萧山国际机场
FLIGHT	C082	C053	TSN		HFE		2026-05-01T15:44:00	2026-05-01T18:00:00	中国国航	CA1152	经济舱	750	15	15	天津滨海国际机场	合肥新桥国际机场
FLIGHT	C082	C221	TSN		FOC		2026-05-01T16:21:00	2026-05-01T19:42:00	东方航空	MU1153	经济舱	1040	16	16	天津滨海国际机场	福州长乐国际机场
FLIGHT	C082	C046	TSN				2026-05-01T16:58:00	2026-05-01T19:49:00	南方航空	CZ1154	经济舱	910	17	17	天津滨海国际机场	南昌昌北国际机场
FLIGHT	C082	C180	TSN		TNA		2026-05-01T17:35:00	2026-05-01T18:57:00	海南航空	HU1155	经济舱	510	18	18	天津滨海国际机场	济南遥墙国际机场
FLIGHT	C082	C267	TSN		CGO		2026-05-01T18:12:00	2026-05-01T20:05:00	中国国航	CA1156	经济舱	650	19	19	天津滨海国际机场	郑州新郑国际机场
FLIGHT	C082	C164	TSN		WUH		2026-05-01T18:49:00	2026-05-01T21:22:00	东方航空	MU1157	经济舱	830	20	20	天津滨海国际机场	武汉天河国际机场
FLIGHT	C082	C284	TSN		CSX		2026-05-01T19:26:00	2026-05-01T22:28:00	南方航空	CZ1158	经济舱	960	21	21	天津滨海国际机场	长沙黄花国际机场
FLIGHT	C082	C112	TSN		CAN		2026-05-01T06:03:00	2026-05-01T09:59:00	海南航空	HU1159	经济舱	1200	22	22	天津滨海国际机场	广州白云国际机场
FLIGHT	C082	C044	TSN		NNG		2026-05-01T06:40:00	2026-05-01T10:54:00	中国国航	CA1160	经济舱	1290	23	23	天津滨海国际机场	南宁吴圩国际机场
FLIGHT	C082	C184	TSN		HAK		2026-05-01T07:17:00	2026-05-01T11:54:00	东方航空	MU1161	经济舱	1390	24	24	天津滨海国际机场	海口美兰国际机场
FLIGHT	C082	C128	TSN		TFU		2026-05-01T07:54:00	2026-05-01T11:21:00	南方航空	CZ1162	经济舱	1080	25	25	天津滨海国际机场	成都天府国际机场
FLIGHT	C082	C249	TSN		KWE		2026-05-01T08:31:00	2026-05-01T12:16:00	海南航空	HU1163	经济舱	1160	26	26	天津滨海国际机场	贵阳龙洞堡国际机场
FLIGHT	C082	C142	TSN		KMG		2026-05-01T09:08:00	2026-05-01T13:30:00	中国国航	CA1164	经济舱	1320	27	27	天津滨海国际机场	昆明长水国际机场
FLIGHT	C082	C133	TSN		LXA		2026-05-01T09:45:00	2026-05-01T15:00:00	东方航空	MU1165	经济舱	1560	28	28	天津滨海国际机场	拉萨贡嘎国际机场
FLIGHT	C082	C246	TSN		XIY		2026-05-01T10:22:00	2026-05-01T12:47:00	南方航空	CZ1166	经济舱	800	29	29	天津滨海国际机场	西安咸阳国际机场
FLIGHT	C082	C034	TSN		LHW		2026-05-01T10:59:00	2026-05-01T13:56:00	海南航空	HU1167	经济舱	950	30	30	天津滨海国际机场	兰州中川国际机场
FLIGHT	C082	C245	TSN		XNN		2026-05-01T11:36:00	2026-05-01T14:49:00	中国国航	CA1168	经济舱	1020	31	31	天津滨海国际机场	西宁曹家堡国际机场
FLIGHT	C082	C279	TSN		INC		2026-05-01T12:13:00	2026-05-01T14:43:00	东方航空	MU1169	经济舱	830	32	32	天津滨海国际机场	银川河东国际机场
FLIGHT	C082	C018	TSN				2026-05-01T12:50:00	2026-05-01T17:56:00	南方航空	CZ1170	经济舱	1360	33	33	天津滨海国际机场	乌鲁木齐天山国际机场
FLIGHT	C082	C300	TSN				2026-05-01T13:27:00	2026-05-01T17:31:00	海南航空	HU1171	经济舱	1080	34	34	天津滨海国际机场	香港国际机场
FLIGHT	C082	C190	TSN		SZX		2026-05-01T15:18:00	2026-05-01T19:19:00	南方航空	CZ1174	经济舱	1070	37	37	天津滨海国际机场	深圳宝安国际机场
FLIGHT	C082	C050	TSN		XMN		2026-05-01T15:55:00	2026-05-01T19:33:00	海南航空	HU1175	经济舱	970	3	3	天津滨海国际机场	厦门高崎国际机场
FLIGHT	C082	C297	TSN				2026-05-01T16:32:00	2026-05-01T18:11:00	中国国航	CA1176	经济舱	430	4	4	天津滨海国际机场	青岛胶东国际机场
FLIGHT	C082	C080	TSN		DLC		2026-05-01T17:09:00	2026-05-01T18:42:00	东方航空	MU1177	经济舱	410	5	5	天津滨海国际机场	大连周水子国际机场
FLIGHT	C082	C088	TSN		NGB		2026-05-01T17:46:00	2026-05-01T20:31:00	南方航空	CZ1178	经济舱	730	6	6	天津滨海国际机场	宁波栎社国际机场
FLIGHT	C082	C231	TSN				2026-05-01T18:23:00	2026-05-01T20:50:00	海南航空	HU1179	经济舱	650	7	7	天津滨海国际机场	苏州机场
FLIGHT	C082	C139	TSN				2026-05-01T19:00:00	2026-05-01T21:24:00	中国国航	CA1180	经济舱	640	8	8	天津滨海国际机场	苏南硕放国际机场
FLIGHT	C082	C158	TSN		KWL		2026-05-01T19:37:00	2026-05-01T23:19:00	东方航空	MU1181	经济舱	990	9	9	天津滨海国际机场	桂林两江国际机场
FLIGHT	C082	C002	TSN		SYX		2026-05-01T06:14:00	2026-05-01T11:12:00	南方航空	CZ1182	经济舱	1340	10	10	天津滨海国际机场	三亚凤凰国际机场
FLIGHT	C082	C119	TSN				2026-05-01T06:51:00	2026-05-01T09:53:00	海南航空	HU1183	经济舱	810	11	11	天津滨海国际机场	张家界荷花国际机场
FLIGHT	C082	C015	TSN		LJG		2026-05-01T07:28:00	2026-05-01T11:51:00	中国国航	CA1184	经济舱	1180	12	12	天津滨海国际机场	丽江三义国际机场
FLIGHT	C082	C308	TSN		TXN		2026-05-01T08:42:00	2026-05-01T11:22:00	南方航空	CZ1186	经济舱	720	14	14	天津滨海国际机场	黄山屯溪国际机场
FLIGHT	C082	C210	TSN		ZZH		2026-05-01T09:56:00	2026-05-01T14:01:00	中国国航	CA1188	经济舱	1100	16	16	天津滨海国际机场	珠海金湾机场
FLIGHT	C082	C179	TSN				2026-05-01T10:33:00	2026-05-01T12:33:00	东方航空	MU1189	经济舱	540	17	17	天津滨海国际机场	洛阳北郊机场
FLIGHT	C082	C077	TSN				2026-05-01T11:10:00	2026-05-01T12:40:00	南方航空	CZ1190	经济舱	410	18	18	天津滨海国际机场	大同云冈国际机场
FLIGHT	C082	C070	TSN		KHG		2026-05-01T12:24:00	2026-05-01T19:11:00	中国国航	CA1192	经济舱	1830	20	20	天津滨海国际机场	喀什徕宁国际机场
FLIGHT	C082	C056	TSN				2026-05-01T13:01:00	2026-05-01T17:54:00	东方航空	MU1193	经济舱	1320	21	21	天津滨海国际机场	吐鲁番交河机场
FLIGHT	C082	C292	TSN				2026-05-01T13:38:00	2026-05-01T18:45:00	南方航空	CZ1194	经济舱	1390	22	22	天津滨海国际机场	阿勒泰雪都机场
FLIGHT	C082	C222	TSN		BPE		2026-05-01T14:15:00	2026-05-01T15:33:00	海南航空	HU1195	经济舱	360	23	23	天津滨海国际机场	秦皇岛北戴河机场
FLIGHT	C082	C084	TSN		WEH		2026-05-01T14:52:00	2026-05-01T16:33:00	中国国航	CA1196	经济舱	460	24	24	天津滨海国际机场	威海大水泊国际机场
FLIGHT	C082	C176	TSN		JJN		2026-05-01T15:29:00	2026-05-01T19:03:00	东方航空	MU1197	经济舱	970	25	25	天津滨海国际机场	泉州晋江国际机场
FLIGHT	C082	C129	TSN		YTY		2026-05-01T16:06:00	2026-05-01T18:18:00	南方航空	CZ1198	经济舱	600	26	26	天津滨海国际机场	扬州泰州国际机场
FLIGHT	C082	C071	TSN				2026-05-01T16:43:00	2026-05-01T19:16:00	海南航空	HU1199	经济舱	700	27	27	天津滨海国际机场	嘉兴机场
FLIGHT	C082	C040	TSN		BHY		2026-05-01T17:20:00	2026-05-01T21:45:00	中国国航	CA1200	经济舱	1210	28	28	天津滨海国际机场	北海福成机场
FLIGHT	C082	C147	TSN				2026-05-01T17:57:00	2026-05-01T20:41:00	东方航空	MU1201	经济舱	750	29	29	天津滨海国际机场	景德镇罗家机场
FLIGHT	C082	C127	TSN				2026-05-01T19:48:00	2026-05-01T23:43:00	中国国航	CA1204	经济舱	1070	32	32	天津滨海国际机场	惠州平潭机场
FLIGHT	C082	C205	TSN		YNT		2026-05-01T07:02:00	2026-05-01T08:38:00	南方航空	CZ1206	经济舱	450	34	34	天津滨海国际机场	烟台蓬莱国际机场
FLIGHT	C082	C025	TSN				2026-05-01T07:39:00	2026-05-01T11:37:00	海南航空	HU1207	经济舱	1090	35	35	天津滨海国际机场	佛山沙堤机场
FLIGHT	C082	C192	TSN		WNZ		2026-05-01T08:53:00	2026-05-01T11:55:00	东方航空	MU1209	经济舱	840	37	37	天津滨海国际机场	温州龙湾国际机场
FLIGHT	C272	C039	CKG		PEK		2026-05-01T09:30:00	2026-05-01T12:51:00	南方航空	CZ1210	经济舱	930	3	3	重庆江北国际机场	北京首都国际机场
FLIGHT	C272	C005	CKG		SHA		2026-05-01T10:07:00	2026-05-01T13:26:00	海南航空	HU1211	经济舱	920	4	4	重庆江北国际机场	上海虹桥国际机场
FLIGHT	C272	C082	CKG		TSN		2026-05-01T10:44:00	2026-05-01T14:03:00	中国国航	CA1212	经济舱	920	5	5	重庆江北国际机场	天津滨海国际机场
FLIGHT	C272	C220	CKG		SJW		2026-05-01T11:58:00	2026-05-01T14:52:00	南方航空	CZ1214	经济舱	810	7	7	重庆江北国际机场	石家庄正定国际机场
FLIGHT	C272	C083	CKG		TYN		2026-05-01T12:35:00	2026-05-01T15:18:00	海南航空	HU1215	经济舱	760	8	8	重庆江北国际机场	太原武宿国际机场
FLIGHT	C272	C061	CKG		HET		2026-05-01T13:12:00	2026-05-01T16:21:00	中国国航	CA1216	经济舱	880	9	9	重庆江北国际机场	呼和浩特白塔国际机场
FLIGHT	C272	C172	CKG		SHE		2026-05-01T13:49:00	2026-05-01T18:08:00	东方航空	MU1217	经济舱	1190	10	10	重庆江北国际机场	沈阳桃仙国际机场
FLIGHT	C272	C283	CKG		CGQ		2026-05-01T14:26:00	2026-05-01T19:11:00	南方航空	CZ1218	经济舱	1310	11	11	重庆江北国际机场	长春龙嘉国际机场
FLIGHT	C272	C066	CKG		HRB		2026-05-01T15:03:00	2026-05-01T20:09:00	海南航空	HU1219	经济舱	1410	12	12	重庆江北国际机场	哈尔滨太平国际机场
FLIGHT	C272	C042	CKG		NKG		2026-05-01T15:40:00	2026-05-01T18:35:00	中国国航	CA1220	经济舱	820	13	13	重庆江北国际机场	南京禄口国际机场
FLIGHT	C272	C153	CKG		HGH		2026-05-01T16:17:00	2026-05-01T19:23:00	东方航空	MU1221	经济舱	870	14	14	重庆江北国际机场	杭州萧山国际机场
FLIGHT	C272	C053	CKG		HFE		2026-05-01T16:54:00	2026-05-01T19:34:00	南方航空	CZ1222	经济舱	760	15	15	重庆江北国际机场	合肥新桥国际机场
FLIGHT	C272	C221	CKG		FOC		2026-05-01T17:31:00	2026-05-01T20:37:00	海南航空	HU1223	经济舱	870	16	16	重庆江北国际机场	福州长乐国际机场
FLIGHT	C272	C046	CKG				2026-05-01T18:08:00	2026-05-01T20:34:00	中国国航	CA1224	经济舱	690	17	17	重庆江北国际机场	南昌昌北国际机场
FLIGHT	C272	C180	CKG		TNA		2026-05-01T18:45:00	2026-05-01T21:45:00	东方航空	MU1225	经济舱	850	18	18	重庆江北国际机场	济南遥墙国际机场
FLIGHT	C272	C267	CKG		CGO		2026-05-01T19:22:00	2026-05-01T21:45:00	南方航空	CZ1226	经济舱	680	19	19	重庆江北国际机场	郑州新郑国际机场
FLIGHT	C272	C164	CKG		WUH		2026-05-01T19:59:00	2026-05-01T22:09:00	海南航空	HU1227	经济舱	630	20	20	重庆江北国际机场	武汉天河国际机场
FLIGHT	C272	C284	CKG		CSX		2026-05-01T06:36:00	2026-05-01T08:35:00	中国国航	CA1228	经济舱	580	21	21	重庆江北国际机场	长沙黄花国际机场
FLIGHT	C272	C112	CKG		CAN		2026-05-01T07:13:00	2026-05-01T09:46:00	东方航空	MU1229	经济舱	730	22	22	重庆江北国际机场	广州白云国际机场
FLIGHT	C272	C044	CKG		NNG		2026-05-01T07:50:00	2026-05-01T10:02:00	南方航空	CZ1230	经济舱	640	23	23	重庆江北国际机场	南宁吴圩国际机场
FLIGHT	C272	C184	CKG		HAK		2026-05-01T08:27:00	2026-05-01T11:14:00	海南航空	HU1231	经济舱	800	24	24	重庆江北国际机场	海口美兰国际机场
FLIGHT	C272	C128	CKG		TFU		2026-05-01T09:04:00	2026-05-01T10:25:00	中国国航	CA1232	经济舱	410	25	25	重庆江北国际机场	成都天府国际机场
FLIGHT	C272	C249	CKG		KWE		2026-05-01T09:41:00	2026-05-01T11:08:00	东方航空	MU1233	经济舱	440	26	26	重庆江北国际机场	贵阳龙洞堡国际机场
FLIGHT	C272	C142	CKG		KMG		2026-05-01T10:18:00	2026-05-01T12:16:00	南方航空	CZ1234	经济舱	580	27	27	重庆江北国际机场	昆明长水国际机场
FLIGHT	C272	C133	CKG		LXA		2026-05-01T10:55:00	2026-05-01T14:19:00	海南航空	HU1235	经济舱	960	28	28	重庆江北国际机场	拉萨贡嘎国际机场
FLIGHT	C272	C246	CKG		XIY		2026-05-01T11:32:00	2026-05-01T13:25:00	中国国航	CA1236	经济舱	560	29	29	重庆江北国际机场	西安咸阳国际机场
FLIGHT	C272	C034	CKG		LHW		2026-05-01T12:09:00	2026-05-01T14:21:00	东方航空	MU1237	经济舱	640	30	30	重庆江北国际机场	兰州中川国际机场
FLIGHT	C272	C245	CKG		XNN		2026-05-01T12:46:00	2026-05-01T15:11:00	南方航空	CZ1238	经济舱	700	31	31	重庆江北国际机场	西宁曹家堡国际机场
FLIGHT	C272	C279	CKG		INC		2026-05-01T13:23:00	2026-05-01T15:57:00	海南航空	HU1239	经济舱	750	32	32	重庆江北国际机场	银川河东国际机场
FLIGHT	C272	C018	CKG				2026-05-01T14:00:00	2026-05-01T18:46:00	中国国航	CA1240	经济舱	1340	33	33	重庆江北国际机场	乌鲁木齐天山国际机场
FLIGHT	C272	C300	CKG				2026-05-01T14:37:00	2026-05-01T17:23:00	东方航空	MU1241	经济舱	800	34	34	重庆江北国际机场	香港国际机场
FLIGHT	C272	C190	CKG		SZX		2026-05-01T16:28:00	2026-05-01T19:11:00	中国国航	CA1244	经济舱	790	37	37	重庆江北国际机场	深圳宝安国际机场
FLIGHT	C272	C050	CKG		XMN		2026-05-01T17:05:00	2026-05-01T20:07:00	东方航空	MU1245	经济舱	880	3	3	重庆江北国际机场	厦门高崎国际机场
FLIGHT	C272	C297	CKG				2026-05-01T17:42:00	2026-05-01T21:05:00	南方航空	CZ1246	经济舱	970	4	4	重庆江北国际机场	青岛胶东国际机场
FLIGHT	C272	C080	CKG		DLC		2026-05-01T18:19:00	2026-05-01T22:07:00	海南航空	HU1247	经济舱	1080	5	5	重庆江北国际机场	大连周水子国际机场
FLIGHT	C272	C088	CKG		NGB		2026-05-01T18:56:00	2026-05-01T22:16:00	中国国航	CA1248	经济舱	960	6	6	重庆江北国际机场	宁波栎社国际机场
FLIGHT	C272	C231	CKG				2026-05-01T19:33:00	2026-05-01T22:44:00	东方航空	MU1249	经济舱	920	7	7	重庆江北国际机场	苏州机场
FLIGHT	C272	C139	CKG				2026-05-01T06:10:00	2026-05-01T09:18:00	南方航空	CZ1250	经济舱	910	8	8	重庆江北国际机场	苏南硕放国际机场
FLIGHT	C272	C158	CKG		KWL		2026-05-01T06:47:00	2026-05-01T08:42:00	海南航空	HU1251	经济舱	580	9	9	重庆江北国际机场	桂林两江国际机场
FLIGHT	C272	C002	CKG		SYX		2026-05-01T07:24:00	2026-05-01T10:28:00	中国国航	CA1252	经济舱	890	10	10	重庆江北国际机场	三亚凤凰国际机场
FLIGHT	C272	C119	CKG				2026-05-01T08:01:00	2026-05-01T09:34:00	东方航空	MU1253	经济舱	490	11	11	重庆江北国际机场	张家界荷花国际机场
FLIGHT	C272	C015	CKG		LJG		2026-05-01T08:38:00	2026-05-01T10:42:00	南方航空	CZ1254	经济舱	620	12	12	重庆江北国际机场	丽江三义国际机场
FLIGHT	C272	C308	CKG		TXN		2026-05-01T09:52:00	2026-05-01T12:41:00	中国国航	CA1256	经济舱	830	14	14	重庆江北国际机场	黄山屯溪国际机场
FLIGHT	C272	C210	CKG		ZZH		2026-05-01T11:06:00	2026-05-01T13:48:00	南方航空	CZ1258	经济舱	800	16	16	重庆江北国际机场	珠海金湾机场
FLIGHT	C272	C179	CKG				2026-05-01T11:43:00	2026-05-01T13:57:00	海南航空	HU1259	经济舱	670	17	17	重庆江北国际机场	洛阳北郊机场
FLIGHT	C272	C077	CKG				2026-05-01T12:20:00	2026-05-01T15:27:00	中国国航	CA1260	经济舱	910	18	18	重庆江北国际机场	大同云冈国际机场
FLIGHT	C272	C070	CKG		KHG		2026-05-01T13:34:00	2026-05-01T19:28:00	南方航空	CZ1262	经济舱	1670	20	20	重庆江北国际机场	喀什徕宁国际机场
FLIGHT	C272	C056	CKG				2026-05-01T14:11:00	2026-05-01T18:41:00	海南航空	HU1263	经济舱	1290	21	21	重庆江北国际机场	吐鲁番交河机场
FLIGHT	C272	C292	CKG				2026-05-01T14:48:00	2026-05-01T20:00:00	中国国航	CA1264	经济舱	1480	22	22	重庆江北国际机场	阿勒泰雪都机场
FLIGHT	C272	C222	CKG		BPE		2026-05-01T15:25:00	2026-05-01T19:06:00	东方航空	MU1265	经济舱	1070	23	23	重庆江北国际机场	秦皇岛北戴河机场
FLIGHT	C272	C084	CKG		WEH		2026-05-01T16:02:00	2026-05-01T19:46:00	南方航空	CZ1266	经济舱	1090	24	24	重庆江北国际机场	威海大水泊国际机场
FLIGHT	C272	C176	CKG		JJN		2026-05-01T16:39:00	2026-05-01T19:45:00	海南航空	HU1267	经济舱	910	25	25	重庆江北国际机场	泉州晋江国际机场
FLIGHT	C272	C129	CKG		YTY		2026-05-01T17:16:00	2026-05-01T20:18:00	中国国航	CA1268	经济舱	900	26	26	重庆江北国际机场	扬州泰州国际机场
FLIGHT	C272	C071	CKG				2026-05-01T17:53:00	2026-05-01T21:05:00	东方航空	MU1269	经济舱	950	27	27	重庆江北国际机场	嘉兴机场
FLIGHT	C272	C040	CKG		BHY		2026-05-01T18:30:00	2026-05-01T20:58:00	南方航空	CZ1270	经济舱	750	28	28	重庆江北国际机场	北海福成机场
FLIGHT	C272	C147	CKG				2026-05-01T19:07:00	2026-05-01T21:45:00	海南航空	HU1271	经济舱	790	29	29	重庆江北国际机场	景德镇罗家机场
FLIGHT	C272	C127	CKG				2026-05-01T06:58:00	2026-05-01T09:39:00	南方航空	CZ1274	经济舱	810	32	32	重庆江北国际机场	惠州平潭机场
FLIGHT	C272	C205	CKG		YNT		2026-05-01T08:12:00	2026-05-01T11:50:00	中国国航	CA1276	经济舱	1070	34	34	重庆江北国际机场	烟台蓬莱国际机场
FLIGHT	C272	C025	CKG				2026-05-01T08:49:00	2026-05-01T11:22:00	东方航空	MU1277	经济舱	780	35	35	重庆江北国际机场	佛山沙堤机场
FLIGHT	C272	C192	CKG		WNZ		2026-05-01T10:03:00	2026-05-01T13:17:00	海南航空	HU1279	经济舱	960	37	37	重庆江北国际机场	温州龙湾国际机场
FLIGHT	C220	C039	SJW		PEK		2026-05-01T10:40:00	2026-05-01T12:01:00	中国国航	CA1280	经济舱	460	3	3	石家庄正定国际机场	北京首都国际机场
FLIGHT	C220	C005	SJW		SHA		2026-05-01T11:17:00	2026-05-01T13:51:00	东方航空	MU1281	经济舱	790	4	4	石家庄正定国际机场	上海虹桥国际机场
FLIGHT	C220	C082	SJW		TSN		2026-05-01T11:54:00	2026-05-01T13:15:00	南方航空	CZ1282	经济舱	460	5	5	石家庄正定国际机场	天津滨海国际机场
FLIGHT	C220	C272	SJW		CKG		2026-05-01T12:31:00	2026-05-01T15:25:00	海南航空	HU1283	经济舱	880	6	6	石家庄正定国际机场	重庆江北国际机场
FLIGHT	C220	C083	SJW		TYN		2026-05-01T13:45:00	2026-05-01T14:57:00	东方航空	MU1285	经济舱	420	8	8	石家庄正定国际机场	太原武宿国际机场
FLIGHT	C220	C061	SJW		HET		2026-05-01T14:22:00	2026-05-01T15:56:00	南方航空	CZ1286	经济舱	520	9	9	石家庄正定国际机场	呼和浩特白塔国际机场
FLIGHT	C220	C172	SJW		SHE		2026-05-01T14:59:00	2026-05-01T17:21:00	海南航空	HU1287	经济舱	740	10	10	石家庄正定国际机场	沈阳桃仙国际机场
FLIGHT	C220	C283	SJW		CGQ		2026-05-01T15:36:00	2026-05-01T18:22:00	中国国航	CA1288	经济舱	850	11	11	石家庄正定国际机场	长春龙嘉国际机场
FLIGHT	C220	C066	SJW		HRB		2026-05-01T16:13:00	2026-05-01T19:19:00	东方航空	MU1289	经济舱	940	12	12	石家庄正定国际机场	哈尔滨太平国际机场
FLIGHT	C220	C042	SJW		NKG		2026-05-01T16:50:00	2026-05-01T19:02:00	南方航空	CZ1290	经济舱	700	13	13	石家庄正定国际机场	南京禄口国际机场
FLIGHT	C220	C153	SJW		HGH		2026-05-01T17:27:00	2026-05-01T20:03:00	海南航空	HU1291	经济舱	800	14	14	石家庄正定国际机场	杭州萧山国际机场
FLIGHT	C220	C053	SJW		HFE		2026-05-01T18:04:00	2026-05-01T20:12:00	中国国航	CA1292	经济舱	680	15	15	石家庄正定国际机场	合肥新桥国际机场
FLIGHT	C220	C221	SJW		FOC		2026-05-01T18:41:00	2026-05-01T21:56:00	东方航空	MU1293	经济舱	980	16	16	石家庄正定国际机场	福州长乐国际机场
FLIGHT	C220	C046	SJW				2026-05-01T19:18:00	2026-05-01T21:58:00	南方航空	CZ1294	经济舱	830	17	17	石家庄正定国际机场	南昌昌北国际机场
FLIGHT	C220	C180	SJW		TNA		2026-05-01T19:55:00	2026-05-01T21:17:00	海南航空	HU1295	经济舱	480	18	18	石家庄正定国际机场	济南遥墙国际机场
FLIGHT	C220	C267	SJW		CGO		2026-05-01T06:32:00	2026-05-01T08:04:00	中国国航	CA1296	经济舱	520	19	19	石家庄正定国际机场	郑州新郑国际机场
FLIGHT	C220	C164	SJW		WUH		2026-05-01T07:09:00	2026-05-01T09:27:00	东方航空	MU1297	经济舱	730	20	20	石家庄正定国际机场	武汉天河国际机场
FLIGHT	C220	C284	SJW		CSX		2026-05-01T07:46:00	2026-05-01T10:31:00	南方航空	CZ1298	经济舱	850	21	21	石家庄正定国际机场	长沙黄花国际机场
FLIGHT	C220	C112	SJW		CAN		2026-05-01T08:23:00	2026-05-01T12:04:00	海南航空	HU1299	经济舱	1110	22	22	石家庄正定国际机场	广州白云国际机场
FLIGHT	C220	C044	SJW		NNG		2026-05-01T09:00:00	2026-05-01T12:54:00	中国国航	CA1300	经济舱	1170	23	23	石家庄正定国际机场	南宁吴圩国际机场
FLIGHT	C220	C184	SJW		HAK		2026-05-01T09:37:00	2026-05-01T13:56:00	东方航空	MU1301	经济舱	1280	24	24	石家庄正定国际机场	海口美兰国际机场
FLIGHT	C220	C128	SJW		TFU		2026-05-01T10:14:00	2026-05-01T13:16:00	南方航空	CZ1302	经济舱	930	25	25	石家庄正定国际机场	成都天府国际机场
FLIGHT	C220	C249	SJW		KWE		2026-05-01T10:51:00	2026-05-01T14:13:00	海南航空	HU1303	经济舱	1020	26	26	石家庄正定国际机场	贵阳龙洞堡国际机场
FLIGHT	C220	C142	SJW		KMG		2026-05-01T11:28:00	2026-05-01T15:25:00	中国国航	CA1304	经济舱	1180	27	27	石家庄正定国际机场	昆明长水国际机场
FLIGHT	C220	C133	SJW		LXA		2026-05-01T12:05:00	2026-05-01T16:54:00	东方航空	MU1305	经济舱	1420	28	28	石家庄正定国际机场	拉萨贡嘎国际机场
FLIGHT	C220	C246	SJW		XIY		2026-05-01T12:42:00	2026-05-01T14:42:00	南方航空	CZ1306	经济舱	660	29	29	石家庄正定国际机场	西安咸阳国际机场
FLIGHT	C220	C034	SJW		LHW		2026-05-01T13:19:00	2026-05-01T15:51:00	海南航空	HU1307	经济舱	800	30	30	石家庄正定国际机场	兰州中川国际机场
FLIGHT	C220	C245	SJW		XNN		2026-05-01T13:56:00	2026-05-01T16:45:00	中国国航	CA1308	经济舱	880	31	31	石家庄正定国际机场	西宁曹家堡国际机场
FLIGHT	C220	C279	SJW		INC		2026-05-01T14:33:00	2026-05-01T16:40:00	东方航空	MU1309	经济舱	690	32	32	石家庄正定国际机场	银川河东国际机场
FLIGHT	C220	C018	SJW				2026-05-01T15:10:00	2026-05-01T19:59:00	南方航空	CZ1310	经济舱	1420	33	33	石家庄正定国际机场	乌鲁木齐天山国际机场
FLIGHT	C220	C300	SJW				2026-05-01T15:47:00	2026-05-01T19:37:00	海南航空	HU1311	经济舱	1160	34	34	石家庄正定国际机场	香港国际机场
FLIGHT	C220	C190	SJW		SZX		2026-05-01T17:38:00	2026-05-01T21:25:00	南方航空	CZ1314	经济舱	1150	37	37	石家庄正定国际机场	深圳宝安国际机场
FLIGHT	C220	C050	SJW		XMN		2026-05-01T18:15:00	2026-05-01T21:45:00	海南航空	HU1315	经济舱	1070	3	3	石家庄正定国际机场	厦门高崎国际机场
FLIGHT	C220	C297	SJW				2026-05-01T18:52:00	2026-05-01T20:43:00	中国国航	CA1316	经济舱	630	4	4	石家庄正定国际机场	青岛胶东国际机场
FLIGHT	C220	C080	SJW		DLC		2026-05-01T19:29:00	2026-05-01T21:27:00	东方航空	MU1317	经济舱	660	5	5	石家庄正定国际机场	大连周水子国际机场
FLIGHT	C220	C088	SJW		NGB		2026-05-01T06:06:00	2026-05-01T08:53:00	南方航空	CZ1318	经济舱	880	6	6	石家庄正定国际机场	宁波栎社国际机场
FLIGHT	C220	C231	SJW				2026-05-01T06:43:00	2026-05-01T09:11:00	海南航空	HU1319	经济舱	800	7	7	石家庄正定国际机场	苏州机场
FLIGHT	C220	C139	SJW				2026-05-01T07:20:00	2026-05-01T09:45:00	中国国航	CA1320	经济舱	790	8	8	石家庄正定国际机场	苏南硕放国际机场
FLIGHT	C220	C158	SJW		KWL		2026-05-01T07:57:00	2026-05-01T11:19:00	东方航空	MU1321	经济舱	1040	9	9	石家庄正定国际机场	桂林两江国际机场
FLIGHT	C220	C002	SJW		SYX		2026-05-01T08:34:00	2026-05-01T13:14:00	南方航空	CZ1322	经济舱	1400	10	10	石家庄正定国际机场	三亚凤凰国际机场
FLIGHT	C220	C119	SJW				2026-05-01T09:11:00	2026-05-01T11:52:00	海南航空	HU1323	经济舱	860	11	11	石家庄正定国际机场	张家界荷花国际机场
FLIGHT	C220	C015	SJW		LJG		2026-05-01T09:48:00	2026-05-01T13:45:00	中国国航	CA1324	经济舱	1200	12	12	石家庄正定国际机场	丽江三义国际机场
FLIGHT	C220	C308	SJW		TXN		2026-05-01T11:02:00	2026-05-01T13:36:00	南方航空	CZ1326	经济舱	830	14	14	石家庄正定国际机场	黄山屯溪国际机场
FLIGHT	C220	C210	SJW		ZZH		2026-05-01T12:16:00	2026-05-01T16:07:00	中国国航	CA1328	经济舱	1180	16	16	石家庄正定国际机场	珠海金湾机场
FLIGHT	C220	C179	SJW				2026-05-01T12:53:00	2026-05-01T14:30:00	东方航空	MU1329	经济舱	580	17	17	石家庄正定国际机场	洛阳北郊机场
FLIGHT	C220	C077	SJW				2026-05-01T13:30:00	2026-05-01T14:50:00	南方航空	CZ1330	经济舱	500	18	18	石家庄正定国际机场	大同云冈国际机场
FLIGHT	C220	C070	SJW		KHG		2026-05-01T14:44:00	2026-05-01T21:11:00	中国国航	CA1332	经济舱	1890	20	20	石家庄正定国际机场	喀什徕宁国际机场
FLIGHT	C220	C056	SJW				2026-05-01T15:21:00	2026-05-01T19:56:00	东方航空	MU1333	经济舱	1380	21	21	石家庄正定国际机场	吐鲁番交河机场
FLIGHT	C220	C292	SJW				2026-05-01T15:58:00	2026-05-01T20:52:00	南方航空	CZ1334	经济舱	1470	22	22	石家庄正定国际机场	阿勒泰雪都机场
FLIGHT	C220	C222	SJW		BPE		2026-05-01T16:35:00	2026-05-01T18:19:00	海南航空	HU1335	经济舱	610	23	23	石家庄正定国际机场	秦皇岛北戴河机场
FLIGHT	C220	C084	SJW		WEH		2026-05-01T17:12:00	2026-05-01T19:14:00	中国国航	CA1336	经济舱	700	24	24	石家庄正定国际机场	威海大水泊国际机场
FLIGHT	C220	C176	SJW		JJN		2026-05-01T17:49:00	2026-05-01T21:16:00	东方航空	MU1337	经济舱	1080	25	25	石家庄正定国际机场	泉州晋江国际机场
FLIGHT	C220	C129	SJW		YTY		2026-05-01T18:26:00	2026-05-01T20:38:00	南方航空	CZ1338	经济舱	740	26	26	石家庄正定国际机场	扬州泰州国际机场
FLIGHT	C220	C071	SJW				2026-05-01T19:03:00	2026-05-01T21:37:00	海南航空	HU1339	经济舱	850	27	27	石家庄正定国际机场	嘉兴机场
FLIGHT	C220	C040	SJW		BHY		2026-05-01T19:40:00	2026-05-01T23:46:00	中国国航	CA1340	经济舱	1090	28	28	石家庄正定国际机场	北海福成机场
FLIGHT	C220	C147	SJW				2026-05-01T06:17:00	2026-05-01T08:53:00	东方航空	MU1341	经济舱	680	29	29	石家庄正定国际机场	景德镇罗家机场
FLIGHT	C220	C127	SJW				2026-05-01T08:08:00	2026-05-01T11:49:00	中国国航	CA1344	经济舱	980	32	32	石家庄正定国际机场	惠州平潭机场
FLIGHT	C220	C205	SJW		YNT		2026-05-01T09:22:00	2026-05-01T11:18:00	南方航空	CZ1346	经济舱	510	34	34	石家庄正定国际机场	烟台蓬莱国际机场
FLIGHT	C220	C025	SJW				2026-05-01T09:59:00	2026-05-01T13:42:00	海南航空	HU1347	经济舱	990	35	35	石家庄正定国际机场	佛山沙堤机场
FLIGHT	C220	C192	SJW		WNZ		2026-05-01T11:13:00	2026-05-01T14:13:00	东方航空	MU1349	经济舱	800	37	37	石家庄正定国际机场	温州龙湾国际机场
FLIGHT	C083	C039	TYN		PEK		2026-05-01T11:50:00	2026-05-01T13:25:00	南方航空	CZ1350	经济舱	420	3	3	太原武宿国际机场	北京首都国际机场
FLIGHT	C083	C005	TYN		SHA		2026-05-01T12:27:00	2026-05-01T15:12:00	海南航空	HU1351	经济舱	740	4	4	太原武宿国际机场	上海虹桥国际机场
FLIGHT	C083	C082	TYN		TSN		2026-05-01T13:04:00	2026-05-01T14:42:00	中国国航	CA1352	经济舱	430	5	5	太原武宿国际机场	天津滨海国际机场
FLIGHT	C083	C272	TYN		CKG		2026-05-01T13:41:00	2026-05-01T16:24:00	东方航空	MU1353	经济舱	730	6	6	太原武宿国际机场	重庆江北国际机场
FLIGHT	C083	C220	TYN		SJW		2026-05-01T14:18:00	2026-05-01T15:30:00	南方航空	CZ1354	经济舱	320	7	7	太原武宿国际机场	石家庄正定国际机场
FLIGHT	C083	C061	TYN		HET		2026-05-01T15:32:00	2026-05-01T17:01:00	中国国航	CA1356	经济舱	400	9	9	太原武宿国际机场	呼和浩特白塔国际机场
FLIGHT	C083	C172	TYN		SHE		2026-05-01T16:09:00	2026-05-01T18:47:00	东方航空	MU1357	经济舱	710	10	10	太原武宿国际机场	沈阳桃仙国际机场
FLIGHT	C083	C283	TYN		CGQ		2026-05-01T16:46:00	2026-05-01T19:47:00	南方航空	CZ1358	经济舱	810	11	11	太原武宿国际机场	长春龙嘉国际机场
FLIGHT	C083	C066	TYN		HRB		2026-05-01T17:23:00	2026-05-01T20:43:00	海南航空	HU1359	经济舱	900	12	12	太原武宿国际机场	哈尔滨太平国际机场
FLIGHT	C083	C042	TYN		NKG		2026-05-01T18:00:00	2026-05-01T20:21:00	中国国航	CA1360	经济舱	640	13	13	太原武宿国际机场	南京禄口国际机场
FLIGHT	C083	C153	TYN		HGH		2026-05-01T18:37:00	2026-05-01T21:22:00	东方航空	MU1361	经济舱	740	14	14	太原武宿国际机场	杭州萧山国际机场
FLIGHT	C083	C053	TYN		HFE		2026-05-01T19:14:00	2026-05-01T21:29:00	南方航空	CZ1362	经济舱	610	15	15	太原武宿国际机场	合肥新桥国际机场
FLIGHT	C083	C221	TYN		FOC		2026-05-01T19:51:00	2026-05-01T23:12:00	海南航空	HU1363	经济舱	910	16	16	太原武宿国际机场	福州长乐国际机场
FLIGHT	C083	C046	TYN				2026-05-01T06:28:00	2026-05-01T09:10:00	中国国航	CA1364	经济舱	730	17	17	太原武宿国际机场	南昌昌北国际机场
FLIGHT	C083	C180	TYN		TNA		2026-05-01T07:05:00	2026-05-01T08:42:00	东方航空	MU1365	经济舱	440	18	18	太原武宿国际机场	济南遥墙国际机场
FLIGHT	C083	C267	TYN		CGO		2026-05-01T07:42:00	2026-05-01T09:13:00	南方航空	CZ1366	经济舱	420	19	19	太原武宿国际机场	郑州新郑国际机场
FLIGHT	C083	C164	TYN		WUH		2026-05-01T08:19:00	2026-05-01T10:37:00	海南航空	HU1367	经济舱	630	20	20	太原武宿国际机场	武汉天河国际机场
FLIGHT	C083	C284	TYN		CSX		2026-05-01T08:56:00	2026-05-01T11:38:00	中国国航	CA1368	经济舱	740	21	21	太原武宿国际机场	长沙黄花国际机场
FLIGHT	C083	C112	TYN		CAN		2026-05-01T09:33:00	2026-05-01T13:12:00	东方航空	MU1369	经济舱	1000	22	22	太原武宿国际机场	广州白云国际机场
FLIGHT	C083	C044	TYN		NNG		2026-05-01T10:10:00	2026-05-01T13:57:00	南方航空	CZ1370	经济舱	1030	23	23	太原武宿国际机场	南宁吴圩国际机场
FLIGHT	C083	C184	TYN		HAK		2026-05-01T10:47:00	2026-05-01T15:02:00	海南航空	HU1371	经济舱	1160	24	24	太原武宿国际机场	海口美兰国际机场
FLIGHT	C083	C128	TYN		TFU		2026-05-01T11:24:00	2026-05-01T14:11:00	中国国航	CA1372	经济舱	770	25	25	太原武宿国际机场	成都天府国际机场
FLIGHT	C083	C249	TYN		KWE		2026-05-01T12:01:00	2026-05-01T15:13:00	东方航空	MU1373	经济舱	880	26	26	太原武宿国际机场	贵阳龙洞堡国际机场
FLIGHT	C083	C142	TYN		KMG		2026-05-01T12:38:00	2026-05-01T16:23:00	南方航空	CZ1374	经济舱	1030	27	27	太原武宿国际机场	昆明长水国际机场
FLIGHT	C083	C133	TYN		LXA		2026-05-01T13:15:00	2026-05-01T17:47:00	海南航空	HU1375	经济舱	1240	28	28	太原武宿国际机场	拉萨贡嘎国际机场
FLIGHT	C083	C246	TYN		XIY		2026-05-01T13:52:00	2026-05-01T15:38:00	中国国航	CA1376	经济舱	500	29	29	太原武宿国际机场	西安咸阳国际机场
FLIGHT	C083	C034	TYN		LHW		2026-05-01T14:29:00	2026-05-01T16:44:00	东方航空	MU1377	经济舱	630	30	30	太原武宿国际机场	兰州中川国际机场
FLIGHT	C083	C245	TYN		XNN		2026-05-01T15:06:00	2026-05-01T17:37:00	南方航空	CZ1378	经济舱	700	31	31	太原武宿国际机场	西宁曹家堡国际机场
FLIGHT	C083	C279	TYN		INC		2026-05-01T15:43:00	2026-05-01T17:34:00	海南航空	HU1379	经济舱	520	32	32	太原武宿国际机场	银川河东国际机场
FLIGHT	C083	C018	TYN				2026-05-01T16:20:00	2026-05-01T20:54:00	中国国航	CA1380	经济舱	1260	33	33	太原武宿国际机场	乌鲁木齐天山国际机场
FLIGHT	C083	C300	TYN				2026-05-01T16:57:00	2026-05-01T20:46:00	东方航空	MU1381	经济舱	1050	34	34	太原武宿国际机场	香港国际机场
FLIGHT	C083	C190	TYN		SZX		2026-05-01T18:48:00	2026-05-01T22:34:00	中国国航	CA1384	经济舱	1040	37	37	太原武宿国际机场	深圳宝安国际机场
FLIGHT	C083	C050	TYN		XMN		2026-05-01T19:25:00	2026-05-01T22:58:00	东方航空	MU1385	经济舱	990	3	3	太原武宿国际机场	厦门高崎国际机场
FLIGHT	C083	C297	TYN				2026-05-01T06:02:00	2026-05-01T08:09:00	南方航空	CZ1386	经济舱	600	4	4	太原武宿国际机场	青岛胶东国际机场
FLIGHT	C083	C080	TYN		DLC		2026-05-01T06:39:00	2026-05-01T08:54:00	海南航空	HU1387	经济舱	640	5	5	太原武宿国际机场	大连周水子国际机场
FLIGHT	C083	C088	TYN		NGB		2026-05-01T07:16:00	2026-05-01T10:13:00	中国国航	CA1388	经济舱	830	6	6	太原武宿国际机场	宁波栎社国际机场
FLIGHT	C083	C231	TYN				2026-05-01T07:53:00	2026-05-01T10:32:00	东方航空	MU1389	经济舱	740	7	7	太原武宿国际机场	苏州机场
FLIGHT	C083	C139	TYN				2026-05-01T08:30:00	2026-05-01T11:05:00	南方航空	CZ1390	经济舱	730	8	8	太原武宿国际机场	苏南硕放国际机场
FLIGHT	C083	C158	TYN		KWL		2026-05-01T09:07:00	2026-05-01T12:24:00	海南航空	HU1391	经济舱	920	9	9	太原武宿国际机场	桂林两江国际机场
FLIGHT	C083	C002	TYN		SYX		2026-05-01T09:44:00	2026-05-01T14:19:00	中国国航	CA1392	经济舱	1270	10	10	太原武宿国际机场	三亚凤凰国际机场
FLIGHT	C083	C119	TYN				2026-05-01T10:21:00	2026-05-01T12:55:00	东方航空	MU1393	经济舱	730	11	11	太原武宿国际机场	张家界荷花国际机场
FLIGHT	C083	C015	TYN		LJG		2026-05-01T10:58:00	2026-05-01T14:41:00	南方航空	CZ1394	经济舱	1040	12	12	太原武宿国际机场	丽江三义国际机场
FLIGHT	C083	C308	TYN		TXN		2026-05-01T12:12:00	2026-05-01T14:52:00	中国国航	CA1396	经济舱	760	14	14	太原武宿国际机场	黄山屯溪国际机场
FLIGHT	C083	C210	TYN		ZZH		2026-05-01T13:26:00	2026-05-01T17:15:00	南方航空	CZ1398	经济舱	1070	16	16	太原武宿国际机场	珠海金湾机场
FLIGHT	C083	C179	TYN				2026-05-01T14:03:00	2026-05-01T15:34:00	海南航空	HU1399	经济舱	450	17	17	太原武宿国际机场	洛阳北郊机场
FLIGHT	C083	C077	TYN				2026-05-01T14:40:00	2026-05-01T16:00:00	中国国航	CA1400	经济舱	400	18	18	太原武宿国际机场	大同云冈国际机场
FLIGHT	C083	C070	TYN		KHG		2026-05-01T15:54:00	2026-05-01T22:05:00	南方航空	CZ1402	经济舱	1710	20	20	太原武宿国际机场	喀什徕宁国际机场
FLIGHT	C083	C056	TYN				2026-05-01T16:31:00	2026-05-01T20:51:00	海南航空	HU1403	经济舱	1220	21	21	太原武宿国际机场	吐鲁番交河机场
FLIGHT	C083	C292	TYN				2026-05-01T17:08:00	2026-05-01T21:49:00	中国国航	CA1404	经济舱	1310	22	22	太原武宿国际机场	阿勒泰雪都机场
FLIGHT	C083	C222	TYN		BPE		2026-05-01T17:45:00	2026-05-01T19:45:00	东方航空	MU1405	经济舱	590	23	23	太原武宿国际机场	秦皇岛北戴河机场
FLIGHT	C083	C084	TYN		WEH		2026-05-01T18:22:00	2026-05-01T20:41:00	南方航空	CZ1406	经济舱	680	24	24	太原武宿国际机场	威海大水泊国际机场
FLIGHT	C083	C176	TYN		JJN		2026-05-01T18:59:00	2026-05-01T22:30:00	海南航空	HU1407	经济舱	1000	25	25	太原武宿国际机场	泉州晋江国际机场
FLIGHT	C083	C129	TYN		YTY		2026-05-01T19:36:00	2026-05-01T21:58:00	中国国航	CA1408	经济舱	690	26	26	太原武宿国际机场	扬州泰州国际机场
FLIGHT	C083	C071	TYN				2026-05-01T06:13:00	2026-05-01T08:57:00	东方航空	MU1409	经济舱	790	27	27	太原武宿国际机场	嘉兴机场
FLIGHT	C083	C040	TYN		BHY		2026-05-01T06:50:00	2026-05-01T10:50:00	南方航空	CZ1410	经济舱	1130	28	28	太原武宿国际机场	北海福成机场
FLIGHT	C083	C147	TYN				2026-05-01T07:27:00	2026-05-01T10:07:00	海南航空	HU1411	经济舱	770	29	29	太原武宿国际机场	景德镇罗家机场
FLIGHT	C083	C127	TYN				2026-05-01T09:18:00	2026-05-01T12:58:00	南方航空	CZ1414	经济舱	1050	32	32	太原武宿国际机场	惠州平潭机场
FLIGHT	C083	C205	TYN		YNT		2026-05-01T10:32:00	2026-05-01T12:45:00	中国国航	CA1416	经济舱	660	34	34	太原武宿国际机场	烟台蓬莱国际机场
FLIGHT	C083	C025	TYN				2026-05-01T11:09:00	2026-05-01T14:49:00	东方航空	MU1417	经济舱	1050	35	35	太原武宿国际机场	佛山沙堤机场
FLIGHT	C083	C192	TYN		WNZ		2026-05-01T12:23:00	2026-05-01T15:31:00	海南航空	HU1419	经济舱	910	37	37	太原武宿国际机场	温州龙湾国际机场
FLIGHT	C061	C039	HET		PEK		2026-05-01T13:00:00	2026-05-01T14:36:00	中国国航	CA1420	经济舱	490	3	3	呼和浩特白塔国际机场	北京首都国际机场
FLIGHT	C061	C005	HET		SHA		2026-05-01T13:37:00	2026-05-01T16:50:00	东方航空	MU1421	经济舱	930	4	4	呼和浩特白塔国际机场	上海虹桥国际机场
FLIGHT	C061	C082	HET		TSN		2026-05-01T14:14:00	2026-05-01T15:59:00	南方航空	CZ1422	经济舱	540	5	5	呼和浩特白塔国际机场	天津滨海国际机场
FLIGHT	C061	C272	HET		CKG		2026-05-01T14:51:00	2026-05-01T18:00:00	海南航空	HU1423	经济舱	920	6	6	呼和浩特白塔国际机场	重庆江北国际机场
FLIGHT	C061	C220	HET		SJW		2026-05-01T15:28:00	2026-05-01T17:02:00	中国国航	CA1424	经济舱	490	7	7	呼和浩特白塔国际机场	石家庄正定国际机场
FLIGHT	C061	C083	HET		TYN		2026-05-01T16:05:00	2026-05-01T17:34:00	东方航空	MU1425	经济舱	470	8	8	呼和浩特白塔国际机场	太原武宿国际机场
FLIGHT	C061	C172	HET		SHE		2026-05-01T17:19:00	2026-05-01T19:52:00	海南航空	HU1427	经济舱	760	10	10	呼和浩特白塔国际机场	沈阳桃仙国际机场
FLIGHT	C061	C283	HET		CGQ		2026-05-01T17:56:00	2026-05-01T20:47:00	中国国航	CA1428	经济舱	840	11	11	呼和浩特白塔国际机场	长春龙嘉国际机场
FLIGHT	C061	C066	HET		HRB		2026-05-01T18:33:00	2026-05-01T21:39:00	东方航空	MU1429	经济舱	910	12	12	呼和浩特白塔国际机场	哈尔滨太平国际机场
FLIGHT	C061	C042	HET		NKG		2026-05-01T19:10:00	2026-05-01T22:01:00	南方航空	CZ1430	经济舱	840	13	13	呼和浩特白塔国际机场	南京禄口国际机场
FLIGHT	C061	C153	HET		HGH		2026-05-01T19:47:00	2026-05-01T23:02:00	海南航空	HU1431	经济舱	950	14	14	呼和浩特白塔国际机场	杭州萧山国际机场
FLIGHT	C061	C053	HET		HFE		2026-05-01T06:24:00	2026-05-01T09:11:00	中国国航	CA1432	经济舱	820	15	15	呼和浩特白塔国际机场	合肥新桥国际机场
FLIGHT	C061	C221	HET		FOC		2026-05-01T07:01:00	2026-05-01T10:54:00	东方航空	MU1433	经济舱	1130	16	16	呼和浩特白塔国际机场	福州长乐国际机场
FLIGHT	C061	C046	HET				2026-05-01T07:38:00	2026-05-01T10:53:00	南方航空	CZ1434	经济舱	960	17	17	呼和浩特白塔国际机场	南昌昌北国际机场
FLIGHT	C061	C180	HET		TNA		2026-05-01T08:15:00	2026-05-01T10:15:00	海南航空	HU1435	经济舱	620	18	18	呼和浩特白塔国际机场	济南遥墙国际机场
FLIGHT	C061	C267	HET		CGO		2026-05-01T08:52:00	2026-05-01T10:57:00	中国国航	CA1436	经济舱	640	19	19	呼和浩特白塔国际机场	郑州新郑国际机场
FLIGHT	C061	C164	HET		WUH		2026-05-01T09:29:00	2026-05-01T12:20:00	东方航空	MU1437	经济舱	850	20	20	呼和浩特白塔国际机场	武汉天河国际机场
FLIGHT	C061	C284	HET		CSX		2026-05-01T10:06:00	2026-05-01T13:22:00	南方航空	CZ1438	经济舱	960	21	21	呼和浩特白塔国际机场	长沙黄花国际机场
FLIGHT	C061	C112	HET		CAN		2026-05-01T10:43:00	2026-05-01T14:55:00	海南航空	HU1439	经济舱	1220	22	22	呼和浩特白塔国际机场	广州白云国际机场
FLIGHT	C061	C044	HET		NNG		2026-05-01T11:20:00	2026-05-01T15:38:00	中国国航	CA1440	经济舱	1240	23	23	呼和浩特白塔国际机场	南宁吴圩国际机场
FLIGHT	C061	C184	HET		HAK		2026-05-01T11:57:00	2026-05-01T16:44:00	东方航空	MU1441	经济舱	1370	24	24	呼和浩特白塔国际机场	海口美兰国际机场
FLIGHT	C061	C128	HET		TFU		2026-05-01T12:34:00	2026-05-01T15:42:00	南方航空	CZ1442	经济舱	930	25	25	呼和浩特白塔国际机场	成都天府国际机场
FLIGHT	C061	C249	HET		KWE		2026-05-01T13:11:00	2026-05-01T16:51:00	海南航空	HU1443	经济舱	1070	26	26	呼和浩特白塔国际机场	贵阳龙洞堡国际机场
FLIGHT	C061	C142	HET		KMG		2026-05-01T13:48:00	2026-05-01T17:58:00	中国国航	CA1444	经济舱	1210	27	27	呼和浩特白塔国际机场	昆明长水国际机场
FLIGHT	C061	C133	HET		LXA		2026-05-01T14:25:00	2026-05-01T19:04:00	东方航空	MU1445	经济舱	1340	28	28	呼和浩特白塔国际机场	拉萨贡嘎国际机场
FLIGHT	C061	C246	HET		XIY		2026-05-01T15:02:00	2026-05-01T17:13:00	南方航空	CZ1446	经济舱	680	29	29	呼和浩特白塔国际机场	西安咸阳国际机场
FLIGHT	C061	C034	HET		LHW		2026-05-01T15:39:00	2026-05-01T18:01:00	海南航空	HU1447	经济舱	730	30	30	呼和浩特白塔国际机场	兰州中川国际机场
FLIGHT	C061	C245	HET		XNN		2026-05-01T16:16:00	2026-05-01T18:49:00	中国国航	CA1448	经济舱	780	31	31	呼和浩特白塔国际机场	西宁曹家堡国际机场
FLIGHT	C061	C279	HET		INC		2026-05-01T16:53:00	2026-05-01T18:42:00	东方航空	MU1449	经济舱	580	32	32	呼和浩特白塔国际机场	银川河东国际机场
FLIGHT	C061	C018	HET				2026-05-01T17:30:00	2026-05-01T21:45:00	南方航空	CZ1450	经济舱	1240	33	33	呼和浩特白塔国际机场	乌鲁木齐天山国际机场
FLIGHT	C061	C300	HET				2026-05-01T18:07:00	2026-05-01T22:29:00	海南航空	HU1451	经济舱	1270	34	34	呼和浩特白塔国际机场	香港国际机场
FLIGHT	C061	C190	HET		SZX		2026-05-01T19:58:00	2026-05-02T00:18:00	南方航空	CZ1454	经济舱	1260	37	37	呼和浩特白塔国际机场	深圳宝安国际机场
FLIGHT	C061	C050	HET		XMN		2026-05-01T06:35:00	2026-05-01T10:41:00	海南航空	HU1455	经济舱	1210	3	3	呼和浩特白塔国际机场	厦门高崎国际机场
FLIGHT	C061	C297	HET				2026-05-01T07:12:00	2026-05-01T09:39:00	中国国航	CA1456	经济舱	760	4	4	呼和浩特白塔国际机场	青岛胶东国际机场
FLIGHT	C061	C080	HET		DLC		2026-05-01T07:49:00	2026-05-01T10:11:00	东方航空	MU1457	经济舱	740	5	5	呼和浩特白塔国际机场	大连周水子国际机场
FLIGHT	C061	C088	HET		NGB		2026-05-01T08:26:00	2026-05-01T11:52:00	南方航空	CZ1458	经济舱	1030	6	6	呼和浩特白塔国际机场	宁波栎社国际机场
FLIGHT	C061	C231	HET				2026-05-01T09:03:00	2026-05-01T12:10:00	海南航空	HU1459	经济舱	940	7	7	呼和浩特白塔国际机场	苏州机场
FLIGHT	C061	C139	HET				2026-05-01T09:40:00	2026-05-01T12:44:00	中国国航	CA1460	经济舱	930	8	8	呼和浩特白塔国际机场	苏南硕放国际机场
FLIGHT	C061	C158	HET		KWL		2026-05-01T10:17:00	2026-05-01T14:06:00	东方航空	MU1461	经济舱	1130	9	9	呼和浩特白塔国际机场	桂林两江国际机场
FLIGHT	C061	C002	HET		SYX		2026-05-01T10:54:00	2026-05-01T16:01:00	南方航空	CZ1462	经济舱	1490	10	10	呼和浩特白塔国际机场	三亚凤凰国际机场
FLIGHT	C061	C119	HET				2026-05-01T11:31:00	2026-05-01T14:37:00	海南航空	HU1463	经济舱	940	11	11	呼和浩特白塔国际机场	张家界荷花国际机场
FLIGHT	C061	C015	HET		LJG		2026-05-01T12:08:00	2026-05-01T16:11:00	中国国航	CA1464	经济舱	1200	12	12	呼和浩特白塔国际机场	丽江三义国际机场
FLIGHT	C061	C308	HET		TXN		2026-05-01T13:22:00	2026-05-01T16:34:00	南方航空	CZ1466	经济舱	970	14	14	呼和浩特白塔国际机场	黄山屯溪国际机场
FLIGHT	C061	C210	HET		ZZH		2026-05-01T14:36:00	2026-05-01T18:58:00	中国国航	CA1468	经济舱	1290	16	16	呼和浩特白塔国际机场	珠海金湾机场
FLIGHT	C061	C179	HET				2026-05-01T15:13:00	2026-05-01T17:17:00	东方航空	MU1469	经济舱	670	17	17	呼和浩特白塔国际机场	洛阳北郊机场
FLIGHT	C061	C077	HET				2026-05-01T15:50:00	2026-05-01T17:01:00	南方航空	CZ1470	经济舱	430	18	18	呼和浩特白塔国际机场	大同云冈国际机场
FLIGHT	C061	C070	HET		KHG		2026-05-01T17:04:00	2026-05-01T23:01:00	中国国航	CA1472	经济舱	1720	20	20	呼和浩特白塔国际机场	喀什徕宁国际机场
FLIGHT	C061	C056	HET				2026-05-01T17:41:00	2026-05-01T21:44:00	东方航空	MU1473	经济舱	1210	21	21	呼和浩特白塔国际机场	吐鲁番交河机场
FLIGHT	C061	C292	HET				2026-05-01T18:18:00	2026-05-01T22:35:00	南方航空	CZ1474	经济舱	1270	22	22	呼和浩特白塔国际机场	阿勒泰雪都机场
FLIGHT	C061	C222	HET		BPE		2026-05-01T18:55:00	2026-05-01T20:57:00	海南航空	HU1475	经济舱	670	23	23	呼和浩特白塔国际机场	秦皇岛北戴河机场
FLIGHT	C061	C084	HET		WEH		2026-05-01T19:32:00	2026-05-01T22:04:00	中国国航	CA1476	经济舱	800	24	24	呼和浩特白塔国际机场	威海大水泊国际机场
FLIGHT	C061	C176	HET		JJN		2026-05-01T06:09:00	2026-05-01T10:13:00	东方航空	MU1477	经济舱	1220	25	25	呼和浩特白塔国际机场	泉州晋江国际机场
FLIGHT	C061	C129	HET		YTY		2026-05-01T06:46:00	2026-05-01T09:37:00	南方航空	CZ1478	经济舱	890	26	26	呼和浩特白塔国际机场	扬州泰州国际机场
FLIGHT	C061	C071	HET				2026-05-01T07:23:00	2026-05-01T10:36:00	海南航空	HU1479	经济舱	990	27	27	呼和浩特白塔国际机场	嘉兴机场
FLIGHT	C061	C040	HET		BHY		2026-05-01T08:00:00	2026-05-01T12:32:00	中国国航	CA1480	经济舱	1350	28	28	呼和浩特白塔国际机场	北海福成机场
FLIGHT	C061	C147	HET				2026-05-01T08:37:00	2026-05-01T11:50:00	东方航空	MU1481	经济舱	990	29	29	呼和浩特白塔国际机场	景德镇罗家机场
FLIGHT	C061	C127	HET				2026-05-01T10:28:00	2026-05-01T14:42:00	中国国航	CA1484	经济舱	1270	32	32	呼和浩特白塔国际机场	惠州平潭机场
FLIGHT	C061	C205	HET		YNT		2026-05-01T11:42:00	2026-05-01T14:09:00	南方航空	CZ1486	经济舱	790	34	34	呼和浩特白塔国际机场	烟台蓬莱国际机场
FLIGHT	C061	C025	HET				2026-05-01T12:19:00	2026-05-01T16:33:00	海南航空	HU1487	经济舱	1270	35	35	呼和浩特白塔国际机场	佛山沙堤机场
FLIGHT	C061	C192	HET		WNZ		2026-05-01T13:33:00	2026-05-01T17:12:00	东方航空	MU1489	经济舱	1120	37	37	呼和浩特白塔国际机场	温州龙湾国际机场
FLIGHT	C172	C039	SHE		PEK		2026-05-01T14:10:00	2026-05-01T16:08:00	南方航空	CZ1490	经济舱	660	3	3	沈阳桃仙国际机场	北京首都国际机场
FLIGHT	C172	C005	SHE		SHA		2026-05-01T14:47:00	2026-05-01T17:41:00	海南航空	HU1491	经济舱	920	4	4	沈阳桃仙国际机场	上海虹桥国际机场
FLIGHT	C172	C082	SHE		TSN		2026-05-01T15:24:00	2026-05-01T17:20:00	中国国航	CA1492	经济舱	660	5	5	沈阳桃仙国际机场	天津滨海国际机场
FLIGHT	C172	C272	SHE		CKG		2026-05-01T16:01:00	2026-05-01T20:20:00	东方航空	MU1493	经济舱	1300	6	6	沈阳桃仙国际机场	重庆江北国际机场
FLIGHT	C172	C220	SHE		SJW		2026-05-01T16:38:00	2026-05-01T19:00:00	南方航空	CZ1494	经济舱	770	7	7	沈阳桃仙国际机场	石家庄正定国际机场
FLIGHT	C172	C083	SHE		TYN		2026-05-01T17:15:00	2026-05-01T19:53:00	海南航空	HU1495	经济舱	850	8	8	沈阳桃仙国际机场	太原武宿国际机场
FLIGHT	C172	C061	SHE		HET		2026-05-01T17:52:00	2026-05-01T20:25:00	中国国航	CA1496	经济舱	830	9	9	沈阳桃仙国际机场	呼和浩特白塔国际机场
FLIGHT	C172	C283	SHE		CGQ		2026-05-01T19:06:00	2026-05-01T20:28:00	南方航空	CZ1498	经济舱	510	11	11	沈阳桃仙国际机场	长春龙嘉国际机场
FLIGHT	C172	C066	SHE		HRB		2026-05-01T19:43:00	2026-05-01T21:29:00	海南航空	HU1499	经济舱	620	12	12	沈阳桃仙国际机场	哈尔滨太平国际机场
FLIGHT	C172	C042	SHE		NKG		2026-05-01T06:20:00	2026-05-01T09:11:00	中国国航	CA1500	经济舱	910	13	13	沈阳桃仙国际机场	南京禄口国际机场
FLIGHT	C172	C153	SHE		HGH		2026-05-01T06:57:00	2026-05-01T10:04:00	东方航空	MU1501	经济舱	980	14	14	沈阳桃仙国际机场	杭州萧山国际机场
FLIGHT	C172	C053	SHE		HFE		2026-05-01T07:34:00	2026-05-01T10:33:00	南方航空	CZ1502	经济舱	950	15	15	沈阳桃仙国际机场	合肥新桥国际机场
FLIGHT	C172	C221	SHE		FOC		2026-05-01T08:11:00	2026-05-01T12:05:00	海南航空	HU1503	经济舱	1200	16	16	沈阳桃仙国际机场	福州长乐国际机场
FLIGHT	C172	C046	SHE				2026-05-01T08:48:00	2026-05-01T12:24:00	中国国航	CA1504	经济舱	1120	17	17	沈阳桃仙国际机场	南昌昌北国际机场
FLIGHT	C172	C180	SHE		TNA		2026-05-01T09:25:00	2026-05-01T11:39:00	东方航空	MU1505	经济舱	750	18	18	沈阳桃仙国际机场	济南遥墙国际机场
FLIGHT	C172	C267	SHE		CGO		2026-05-01T10:02:00	2026-05-01T12:53:00	南方航空	CZ1506	经济舱	920	19	19	沈阳桃仙国际机场	郑州新郑国际机场
FLIGHT	C172	C164	SHE		WUH		2026-05-01T10:39:00	2026-05-01T14:03:00	海南航空	HU1507	经济舱	1070	20	20	沈阳桃仙国际机场	武汉天河国际机场
FLIGHT	C172	C284	SHE		CSX		2026-05-01T11:16:00	2026-05-01T15:09:00	中国国航	CA1508	经济舱	1200	21	21	沈阳桃仙国际机场	长沙黄花国际机场
FLIGHT	C172	C112	SHE		CAN		2026-05-01T11:53:00	2026-05-01T16:36:00	东方航空	MU1509	经济舱	1430	22	22	沈阳桃仙国际机场	广州白云国际机场
FLIGHT	C172	C044	SHE		NNG		2026-05-01T12:30:00	2026-05-01T17:38:00	南方航空	CZ1510	经济舱	1370	23	23	沈阳桃仙国际机场	南宁吴圩国际机场
FLIGHT	C172	C184	SHE		HAK		2026-05-01T13:07:00	2026-05-01T18:34:00	海南航空	HU1511	经济舱	1460	24	24	沈阳桃仙国际机场	海口美兰国际机场
FLIGHT	C172	C128	SHE		TFU		2026-05-01T13:44:00	2026-05-01T18:12:00	中国国航	CA1512	经济舱	1190	25	25	沈阳桃仙国际机场	成都天府国际机场
FLIGHT	C172	C249	SHE		KWE		2026-05-01T14:21:00	2026-05-01T19:04:00	东方航空	MU1513	经济舱	1260	26	26	沈阳桃仙国际机场	贵阳龙洞堡国际机场
FLIGHT	C172	C142	SHE		KMG		2026-05-01T14:58:00	2026-05-01T20:19:00	南方航空	CZ1514	经济舱	1430	27	27	沈阳桃仙国际机场	昆明长水国际机场
FLIGHT	C172	C133	SHE		LXA		2026-05-01T15:35:00	2026-05-01T21:49:00	海南航空	HU1515	经济舱	1670	28	28	沈阳桃仙国际机场	拉萨贡嘎国际机场
FLIGHT	C172	C246	SHE		XIY		2026-05-01T16:12:00	2026-05-01T19:38:00	中国国航	CA1516	经济舱	920	29	29	沈阳桃仙国际机场	西安咸阳国际机场
FLIGHT	C172	C034	SHE		LHW		2026-05-01T16:49:00	2026-05-01T20:45:00	东方航空	MU1517	经济舱	1050	30	30	沈阳桃仙国际机场	兰州中川国际机场
FLIGHT	C172	C245	SHE		XNN		2026-05-01T17:26:00	2026-05-01T21:36:00	南方航空	CZ1518	经济舱	1110	31	31	沈阳桃仙国际机场	西宁曹家堡国际机场
FLIGHT	C172	C279	SHE		INC		2026-05-01T18:03:00	2026-05-01T21:28:00	海南航空	HU1519	经济舱	920	32	32	沈阳桃仙国际机场	银川河东国际机场
FLIGHT	C172	C018	SHE				2026-05-01T18:40:00	2026-05-02T00:26:00	中国国航	CA1520	经济舱	1550	33	33	沈阳桃仙国际机场	乌鲁木齐天山国际机场
FLIGHT	C172	C300	SHE				2026-05-01T19:17:00	2026-05-02T00:05:00	东方航空	MU1521	经济舱	1290	34	34	沈阳桃仙国际机场	香港国际机场
FLIGHT	C172	C190	SHE		SZX		2026-05-01T07:08:00	2026-05-01T11:54:00	中国国航	CA1524	经济舱	1280	37	37	沈阳桃仙国际机场	深圳宝安国际机场
FLIGHT	C172	C050	SHE		XMN		2026-05-01T07:45:00	2026-05-01T11:59:00	东方航空	MU1525	经济舱	1140	3	3	沈阳桃仙国际机场	厦门高崎国际机场
FLIGHT	C172	C297	SHE				2026-05-01T08:22:00	2026-05-01T10:26:00	南方航空	CZ1526	经济舱	560	4	4	沈阳桃仙国际机场	青岛胶东国际机场
FLIGHT	C172	C080	SHE		DLC		2026-05-01T08:59:00	2026-05-01T10:30:00	海南航空	HU1527	经济舱	410	5	5	沈阳桃仙国际机场	大连周水子国际机场
FLIGHT	C172	C088	SHE		NGB		2026-05-01T09:36:00	2026-05-01T12:45:00	中国国航	CA1528	经济舱	850	6	6	沈阳桃仙国际机场	宁波栎社国际机场
FLIGHT	C172	C231	SHE				2026-05-01T10:13:00	2026-05-01T13:07:00	东方航空	MU1529	经济舱	790	7	7	沈阳桃仙国际机场	苏州机场
FLIGHT	C172	C139	SHE				2026-05-01T10:50:00	2026-05-01T13:43:00	南方航空	CZ1530	经济舱	780	8	8	沈阳桃仙国际机场	苏南硕放国际机场
FLIGHT	C172	C158	SHE		KWL		2026-05-01T11:27:00	2026-05-01T16:02:00	海南航空	HU1531	经济舱	1240	9	9	沈阳桃仙国际机场	桂林两江国际机场
FLIGHT	C172	C002	SHE		SYX		2026-05-01T12:04:00	2026-05-01T17:52:00	中国国航	CA1532	经济舱	1570	10	10	沈阳桃仙国际机场	三亚凤凰国际机场
FLIGHT	C172	C119	SHE				2026-05-01T12:41:00	2026-05-01T16:39:00	东方航空	MU1533	经济舱	1080	11	11	沈阳桃仙国际机场	张家界荷花国际机场
FLIGHT	C172	C015	SHE		LJG		2026-05-01T13:18:00	2026-05-01T18:42:00	南方航空	CZ1534	经济舱	1460	12	12	沈阳桃仙国际机场	丽江三义国际机场
FLIGHT	C172	C308	SHE		TXN		2026-05-01T14:32:00	2026-05-01T17:49:00	中国国航	CA1536	经济舱	890	14	14	沈阳桃仙国际机场	黄山屯溪国际机场
FLIGHT	C172	C210	SHE		ZZH		2026-05-01T15:46:00	2026-05-01T20:37:00	南方航空	CZ1538	经济舱	1320	16	16	沈阳桃仙国际机场	珠海金湾机场
FLIGHT	C172	C179	SHE				2026-05-01T16:23:00	2026-05-01T19:23:00	海南航空	HU1539	经济舱	820	17	17	沈阳桃仙国际机场	洛阳北郊机场
FLIGHT	C172	C077	SHE				2026-05-01T17:00:00	2026-05-01T19:22:00	中国国航	CA1540	经济舱	650	18	18	沈阳桃仙国际机场	大同云冈国际机场
FLIGHT	C172	C070	SHE		KHG		2026-05-01T18:14:00	2026-05-02T01:45:00	南方航空	CZ1542	经济舱	2040	20	20	沈阳桃仙国际机场	喀什徕宁国际机场
FLIGHT	C172	C056	SHE				2026-05-01T18:51:00	2026-05-02T00:26:00	海南航空	HU1543	经济舱	1520	21	21	沈阳桃仙国际机场	吐鲁番交河机场
FLIGHT	C172	C292	SHE				2026-05-01T19:28:00	2026-05-02T01:07:00	中国国航	CA1544	经济舱	1540	22	22	沈阳桃仙国际机场	阿勒泰雪都机场
FLIGHT	C172	C222	SHE		BPE		2026-05-01T06:05:00	2026-05-01T07:38:00	东方航空	MU1545	经济舱	440	23	23	沈阳桃仙国际机场	秦皇岛北戴河机场
FLIGHT	C172	C084	SHE		WEH		2026-05-01T06:42:00	2026-05-01T08:26:00	南方航空	CZ1546	经济舱	490	24	24	沈阳桃仙国际机场	威海大水泊国际机场
FLIGHT	C172	C176	SHE		JJN		2026-05-01T07:19:00	2026-05-01T11:27:00	海南航空	HU1547	经济舱	1140	25	25	沈阳桃仙国际机场	泉州晋江国际机场
FLIGHT	C172	C129	SHE		YTY		2026-05-01T07:56:00	2026-05-01T10:41:00	中国国航	CA1548	经济舱	770	26	26	沈阳桃仙国际机场	扬州泰州国际机场
FLIGHT	C172	C071	SHE				2026-05-01T08:33:00	2026-05-01T11:33:00	东方航空	MU1549	经济舱	830	27	27	沈阳桃仙国际机场	嘉兴机场
FLIGHT	C172	C040	SHE		BHY		2026-05-01T09:10:00	2026-05-01T14:28:00	南方航空	CZ1550	经济舱	1450	28	28	沈阳桃仙国际机场	北海福成机场
FLIGHT	C172	C147	SHE				2026-05-01T09:47:00	2026-05-01T13:12:00	海南航空	HU1551	经济舱	950	29	29	沈阳桃仙国际机场	景德镇罗家机场
FLIGHT	C172	C127	SHE				2026-05-01T11:38:00	2026-05-01T16:17:00	南方航空	CZ1554	经济舱	1280	32	32	沈阳桃仙国际机场	惠州平潭机场
FLIGHT	C172	C205	SHE		YNT		2026-05-01T12:52:00	2026-05-01T14:38:00	中国国航	CA1556	经济舱	510	34	34	沈阳桃仙国际机场	烟台蓬莱国际机场
FLIGHT	C172	C025	SHE				2026-05-01T13:29:00	2026-05-01T18:14:00	东方航空	MU1557	经济舱	1310	35	35	沈阳桃仙国际机场	佛山沙堤机场
FLIGHT	C172	C192	SHE		WNZ		2026-05-01T14:43:00	2026-05-01T18:13:00	海南航空	HU1559	经济舱	980	37	37	沈阳桃仙国际机场	温州龙湾国际机场
FLIGHT	C283	C039	CGQ		PEK		2026-05-01T15:20:00	2026-05-01T17:41:00	中国国航	CA1560	经济舱	670	3	3	长春龙嘉国际机场	北京首都国际机场
FLIGHT	C283	C005	CGQ		SHA		2026-05-01T15:57:00	2026-05-01T19:16:00	东方航空	MU1561	经济舱	930	4	4	长春龙嘉国际机场	上海虹桥国际机场
FLIGHT	C283	C082	CGQ		TSN		2026-05-01T16:34:00	2026-05-01T18:55:00	南方航空	CZ1562	经济舱	670	5	5	长春龙嘉国际机场	天津滨海国际机场
FLIGHT	C283	C272	CGQ		CKG		2026-05-01T17:11:00	2026-05-01T21:56:00	海南航空	HU1563	经济舱	1320	6	6	长春龙嘉国际机场	重庆江北国际机场
FLIGHT	C283	C220	CGQ		SJW		2026-05-01T17:48:00	2026-05-01T20:34:00	中国国航	CA1564	经济舱	780	7	7	长春龙嘉国际机场	石家庄正定国际机场
FLIGHT	C283	C083	CGQ		TYN		2026-05-01T18:25:00	2026-05-01T21:26:00	东方航空	MU1565	经济舱	850	8	8	长春龙嘉国际机场	太原武宿国际机场
FLIGHT	C283	C061	CGQ		HET		2026-05-01T19:02:00	2026-05-01T21:53:00	南方航空	CZ1566	经济舱	810	9	9	长春龙嘉国际机场	呼和浩特白塔国际机场
FLIGHT	C283	C172	CGQ		SHE		2026-05-01T19:39:00	2026-05-01T21:01:00	海南航空	HU1567	经济舱	410	10	10	长春龙嘉国际机场	沈阳桃仙国际机场
FLIGHT	C283	C066	CGQ		HRB		2026-05-01T06:53:00	2026-05-01T08:12:00	东方航空	MU1569	经济舱	400	12	12	长春龙嘉国际机场	哈尔滨太平国际机场
FLIGHT	C283	C042	CGQ		NKG		2026-05-01T07:30:00	2026-05-01T10:48:00	南方航空	CZ1570	经济舱	930	13	13	长春龙嘉国际机场	南京禄口国际机场
FLIGHT	C283	C153	CGQ		HGH		2026-05-01T08:07:00	2026-05-01T11:39:00	海南航空	HU1571	经济舱	1000	14	14	长春龙嘉国际机场	杭州萧山国际机场
FLIGHT	C283	C053	CGQ		HFE		2026-05-01T08:44:00	2026-05-01T12:10:00	中国国航	CA1572	经济舱	970	15	15	长春龙嘉国际机场	合肥新桥国际机场
FLIGHT	C283	C221	CGQ		FOC		2026-05-01T09:21:00	2026-05-01T13:41:00	东方航空	MU1573	经济舱	1210	16	16	长春龙嘉国际机场	福州长乐国际机场
FLIGHT	C283	C046	CGQ				2026-05-01T09:58:00	2026-05-01T14:01:00	南方航空	CZ1574	经济舱	1140	17	17	长春龙嘉国际机场	南昌昌北国际机场
FLIGHT	C283	C180	CGQ		TNA		2026-05-01T10:35:00	2026-05-01T13:16:00	海南航空	HU1575	经济舱	770	18	18	长春龙嘉国际机场	济南遥墙国际机场
FLIGHT	C283	C267	CGQ		CGO		2026-05-01T11:12:00	2026-05-01T14:29:00	中国国航	CA1576	经济舱	940	19	19	长春龙嘉国际机场	郑州新郑国际机场
FLIGHT	C283	C164	CGQ		WUH		2026-05-01T11:49:00	2026-05-01T15:40:00	东方航空	MU1577	经济舱	1090	20	20	长春龙嘉国际机场	武汉天河国际机场
FLIGHT	C283	C284	CGQ		CSX		2026-05-01T12:26:00	2026-05-01T16:47:00	南方航空	CZ1578	经济舱	1220	21	21	长春龙嘉国际机场	长沙黄花国际机场
FLIGHT	C283	C112	CGQ		CAN		2026-05-01T13:03:00	2026-05-01T18:13:00	海南航空	HU1579	经济舱	1450	22	22	长春龙嘉国际机场	广州白云国际机场
FLIGHT	C283	C044	CGQ		NNG		2026-05-01T13:40:00	2026-05-01T19:15:00	中国国航	CA1580	经济舱	1560	23	23	长春龙嘉国际机场	南宁吴圩国际机场
FLIGHT	C283	C184	CGQ		HAK		2026-05-01T14:17:00	2026-05-01T20:11:00	东方航空	MU1581	经济舱	1650	24	24	长春龙嘉国际机场	海口美兰国际机场
FLIGHT	C283	C128	CGQ		TFU		2026-05-01T14:54:00	2026-05-01T19:47:00	南方航空	CZ1582	经济舱	1370	25	25	长春龙嘉国际机场	成都天府国际机场
FLIGHT	C283	C249	CGQ		KWE		2026-05-01T15:31:00	2026-05-01T20:40:00	海南航空	HU1583	经济舱	1450	26	26	长春龙嘉国际机场	贵阳龙洞堡国际机场
FLIGHT	C283	C142	CGQ		KMG		2026-05-01T16:08:00	2026-05-01T21:55:00	中国国航	CA1584	经济舱	1620	27	27	长春龙嘉国际机场	昆明长水国际机场
FLIGHT	C283	C133	CGQ		LXA		2026-05-01T16:45:00	2026-05-01T23:19:00	东方航空	MU1585	经济舱	1830	28	28	长春龙嘉国际机场	拉萨贡嘎国际机场
FLIGHT	C283	C246	CGQ		XIY		2026-05-01T17:22:00	2026-05-01T21:13:00	南方航空	CZ1586	经济舱	1100	29	29	长春龙嘉国际机场	西安咸阳国际机场
FLIGHT	C283	C034	CGQ		LHW		2026-05-01T17:59:00	2026-05-01T22:16:00	海南航空	HU1587	经济舱	1210	30	30	长春龙嘉国际机场	兰州中川国际机场
FLIGHT	C283	C245	CGQ		XNN		2026-05-01T18:36:00	2026-05-01T23:05:00	中国国航	CA1588	经济舱	1270	31	31	长春龙嘉国际机场	西宁曹家堡国际机场
FLIGHT	C283	C279	CGQ		INC		2026-05-01T19:13:00	2026-05-01T22:58:00	东方航空	MU1589	经济舱	1070	32	32	长春龙嘉国际机场	银川河东国际机场
FLIGHT	C283	C018	CGQ				2026-05-01T19:50:00	2026-05-02T01:45:00	南方航空	CZ1590	经济舱	1660	33	33	长春龙嘉国际机场	乌鲁木齐天山国际机场
FLIGHT	C283	C300	CGQ				2026-05-01T06:27:00	2026-05-01T11:42:00	海南航空	HU1591	经济舱	1480	34	34	长春龙嘉国际机场	香港国际机场
FLIGHT	C283	C190	CGQ		SZX		2026-05-01T08:18:00	2026-05-01T13:31:00	南方航空	CZ1594	经济舱	1480	37	37	长春龙嘉国际机场	深圳宝安国际机场
FLIGHT	C283	C050	CGQ		XMN		2026-05-01T08:55:00	2026-05-01T13:35:00	海南航空	HU1595	经济舱	1330	3	3	长春龙嘉国际机场	厦门高崎国际机场
FLIGHT	C283	C297	CGQ				2026-05-01T09:32:00	2026-05-01T12:03:00	中国国航	CA1596	经济舱	750	4	4	长春龙嘉国际机场	青岛胶东国际机场
FLIGHT	C283	C080	CGQ		DLC		2026-05-01T10:09:00	2026-05-01T12:07:00	东方航空	MU1597	经济舱	600	5	5	长春龙嘉国际机场	大连周水子国际机场
FLIGHT	C283	C088	CGQ		NGB		2026-05-01T10:46:00	2026-05-01T14:20:00	南方航空	CZ1598	经济舱	1030	6	6	长春龙嘉国际机场	宁波栎社国际机场
FLIGHT	C283	C231	CGQ				2026-05-01T11:23:00	2026-05-01T14:43:00	海南航空	HU1599	经济舱	970	7	7	长春龙嘉国际机场	苏州机场
FLIGHT	C283	C139	CGQ				2026-05-01T12:00:00	2026-05-01T15:19:00	中国国航	CA1600	经济舱	970	8	8	长春龙嘉国际机场	苏南硕放国际机场
FLIGHT	C283	C158	CGQ		KWL		2026-05-01T12:37:00	2026-05-01T17:39:00	东方航空	MU1601	经济舱	1430	9	9	长春龙嘉国际机场	桂林两江国际机场
FLIGHT	C283	C002	CGQ		SYX		2026-05-01T13:14:00	2026-05-01T19:29:00	南方航空	CZ1602	经济舱	1760	10	10	长春龙嘉国际机场	三亚凤凰国际机场
FLIGHT	C283	C119	CGQ				2026-05-01T13:51:00	2026-05-01T18:16:00	海南航空	HU1603	经济舱	1270	11	11	长春龙嘉国际机场	张家界荷花国际机场
FLIGHT	C283	C015	CGQ		LJG		2026-05-01T14:28:00	2026-05-01T20:16:00	中国国航	CA1604	经济舱	1640	12	12	长春龙嘉国际机场	丽江三义国际机场
FLIGHT	C283	C308	CGQ		TXN		2026-05-01T15:42:00	2026-05-01T19:26:00	南方航空	CZ1606	经济舱	1080	14	14	长春龙嘉国际机场	黄山屯溪国际机场
FLIGHT	C283	C210	CGQ		ZZH		2026-05-01T16:56:00	2026-05-01T22:14:00	中国国航	CA1608	经济舱	1510	16	16	长春龙嘉国际机场	珠海金湾机场
FLIGHT	C283	C179	CGQ				2026-05-01T17:33:00	2026-05-01T20:59:00	东方航空	MU1609	经济舱	1010	17	17	长春龙嘉国际机场	洛阳北郊机场
FLIGHT	C283	C077	CGQ				2026-05-01T18:10:00	2026-05-01T20:53:00	南方航空	CZ1610	经济舱	810	18	18	长春龙嘉国际机场	大同云冈国际机场
FLIGHT	C283	C070	CGQ		KHG		2026-05-01T19:24:00	2026-05-02T03:06:00	中国国航	CA1612	经济舱	2160	20	20	长春龙嘉国际机场	喀什徕宁国际机场
FLIGHT	C283	C056	CGQ				2026-05-01T06:01:00	2026-05-01T11:46:00	东方航空	MU1613	经济舱	1640	21	21	长春龙嘉国际机场	吐鲁番交河机场
FLIGHT	C283	C292	CGQ				2026-05-01T06:38:00	2026-05-01T12:22:00	南方航空	CZ1614	经济舱	1630	22	22	长春龙嘉国际机场	阿勒泰雪都机场
FLIGHT	C283	C222	CGQ		BPE		2026-05-01T07:15:00	2026-05-01T09:14:00	海南航空	HU1615	经济舱	620	23	23	长春龙嘉国际机场	秦皇岛北戴河机场
FLIGHT	C283	C084	CGQ		WEH		2026-05-01T07:52:00	2026-05-01T10:02:00	中国国航	CA1616	经济舱	670	24	24	长春龙嘉国际机场	威海大水泊国际机场
FLIGHT	C283	C176	CGQ		JJN		2026-05-01T08:29:00	2026-05-01T13:03:00	东方航空	MU1617	经济舱	1320	25	25	长春龙嘉国际机场	泉州晋江国际机场
FLIGHT	C283	C129	CGQ		YTY		2026-05-01T09:06:00	2026-05-01T12:18:00	南方航空	CZ1618	经济舱	950	26	26	长春龙嘉国际机场	扬州泰州国际机场
FLIGHT	C283	C071	CGQ				2026-05-01T09:43:00	2026-05-01T13:09:00	海南航空	HU1619	经济舱	1020	27	27	长春龙嘉国际机场	嘉兴机场
FLIGHT	C283	C040	CGQ		BHY		2026-05-01T10:20:00	2026-05-01T16:05:00	中国国航	CA1620	经济舱	1640	28	28	长春龙嘉国际机场	北海福成机场
FLIGHT	C283	C147	CGQ				2026-05-01T10:57:00	2026-05-01T14:49:00	东方航空	MU1621	经济舱	1140	29	29	长春龙嘉国际机场	景德镇罗家机场
FLIGHT	C283	C127	CGQ				2026-05-01T12:48:00	2026-05-01T17:54:00	中国国航	CA1624	经济舱	1470	32	32	长春龙嘉国际机场	惠州平潭机场
FLIGHT	C283	C205	CGQ		YNT		2026-05-01T14:02:00	2026-05-01T16:15:00	南方航空	CZ1626	经济舱	700	34	34	长春龙嘉国际机场	烟台蓬莱国际机场
FLIGHT	C283	C025	CGQ				2026-05-01T14:39:00	2026-05-01T19:51:00	海南航空	HU1627	经济舱	1500	35	35	长春龙嘉国际机场	佛山沙堤机场
FLIGHT	C283	C192	CGQ		WNZ		2026-05-01T15:53:00	2026-05-01T19:49:00	东方航空	MU1629	经济舱	1160	37	37	长春龙嘉国际机场	温州龙湾国际机场
FLIGHT	C066	C039	HRB		PEK		2026-05-01T16:30:00	2026-05-01T19:10:00	南方航空	CZ1630	经济舱	820	3	3	哈尔滨太平国际机场	北京首都国际机场
FLIGHT	C066	C005	HRB		SHA		2026-05-01T17:07:00	2026-05-01T20:50:00	海南航空	HU1631	经济舱	1110	4	4	哈尔滨太平国际机场	上海虹桥国际机场
FLIGHT	C066	C082	HRB		TSN		2026-05-01T17:44:00	2026-05-01T20:26:00	中国国航	CA1632	经济舱	830	5	5	哈尔滨太平国际机场	天津滨海国际机场
FLIGHT	C066	C272	HRB		CKG		2026-05-01T18:21:00	2026-05-01T23:27:00	东方航空	MU1633	经济舱	1480	6	6	哈尔滨太平国际机场	重庆江北国际机场
FLIGHT	C066	C220	HRB		SJW		2026-05-01T18:58:00	2026-05-01T22:04:00	南方航空	CZ1634	经济舱	950	7	7	哈尔滨太平国际机场	石家庄正定国际机场
FLIGHT	C066	C083	HRB		TYN		2026-05-01T19:35:00	2026-05-01T22:55:00	海南航空	HU1635	经济舱	1010	8	8	哈尔滨太平国际机场	太原武宿国际机场
FLIGHT	C066	C061	HRB		HET		2026-05-01T06:12:00	2026-05-01T09:18:00	中国国航	CA1636	经济舱	950	9	9	哈尔滨太平国际机场	呼和浩特白塔国际机场
FLIGHT	C066	C172	HRB		SHE		2026-05-01T06:49:00	2026-05-01T08:35:00	东方航空	MU1637	经济舱	590	10	10	哈尔滨太平国际机场	沈阳桃仙国际机场
FLIGHT	C066	C283	HRB		CGQ		2026-05-01T07:26:00	2026-05-01T08:45:00	南方航空	CZ1638	经济舱	470	11	11	哈尔滨太平国际机场	长春龙嘉国际机场
FLIGHT	C066	C042	HRB		NKG		2026-05-01T08:40:00	2026-05-01T12:22:00	中国国航	CA1640	经济舱	1110	13	13	哈尔滨太平国际机场	南京禄口国际机场
FLIGHT	C066	C153	HRB		HGH		2026-05-01T09:17:00	2026-05-01T13:13:00	东方航空	MU1641	经济舱	1180	14	14	哈尔滨太平国际机场	杭州萧山国际机场
FLIGHT	C066	C053	HRB		HFE		2026-05-01T09:54:00	2026-05-01T13:44:00	南方航空	CZ1642	经济舱	1150	15	15	哈尔滨太平国际机场	合肥新桥国际机场
FLIGHT	C066	C221	HRB		FOC		2026-05-01T10:31:00	2026-05-01T15:14:00	海南航空	HU1643	经济舱	1390	16	16	哈尔滨太平国际机场	福州长乐国际机场
FLIGHT	C066	C046	HRB				2026-05-01T11:08:00	2026-05-01T15:35:00	中国国航	CA1644	经济舱	1320	17	17	哈尔滨太平国际机场	南昌昌北国际机场
FLIGHT	C066	C180	HRB		TNA		2026-05-01T11:45:00	2026-05-01T14:49:00	东方航空	MU1645	经济舱	940	18	18	哈尔滨太平国际机场	济南遥墙国际机场
FLIGHT	C066	C267	HRB		CGO		2026-05-01T12:22:00	2026-05-01T16:01:00	南方航空	CZ1646	经济舱	1100	19	19	哈尔滨太平国际机场	郑州新郑国际机场
FLIGHT	C066	C164	HRB		WUH		2026-05-01T12:59:00	2026-05-01T17:14:00	海南航空	HU1647	经济舱	1260	20	20	哈尔滨太平国际机场	武汉天河国际机场
FLIGHT	C066	C284	HRB		CSX		2026-05-01T13:36:00	2026-05-01T18:20:00	中国国航	CA1648	经济舱	1400	21	21	哈尔滨太平国际机场	长沙黄花国际机场
FLIGHT	C066	C112	HRB		CAN		2026-05-01T14:13:00	2026-05-01T19:47:00	东方航空	MU1649	经济舱	1620	22	22	哈尔滨太平国际机场	广州白云国际机场
FLIGHT	C066	C044	HRB		NNG		2026-05-01T14:50:00	2026-05-01T20:49:00	南方航空	CZ1650	经济舱	1740	23	23	哈尔滨太平国际机场	南宁吴圩国际机场
FLIGHT	C066	C184	HRB		HAK		2026-05-01T15:27:00	2026-05-01T21:45:00	海南航空	HU1651	经济舱	1820	24	24	哈尔滨太平国际机场	海口美兰国际机场
FLIGHT	C066	C128	HRB		TFU		2026-05-01T16:04:00	2026-05-01T21:17:00	中国国航	CA1652	经济舱	1530	25	25	哈尔滨太平国际机场	成都天府国际机场
FLIGHT	C066	C249	HRB		KWE		2026-05-01T16:41:00	2026-05-01T22:12:00	东方航空	MU1653	经济舱	1620	26	26	哈尔滨太平国际机场	贵阳龙洞堡国际机场
FLIGHT	C066	C142	HRB		KMG		2026-05-01T17:18:00	2026-05-01T23:27:00	南方航空	CZ1654	经济舱	1790	27	27	哈尔滨太平国际机场	昆明长水国际机场
FLIGHT	C066	C133	HRB		LXA		2026-05-01T17:55:00	2026-05-02T00:45:00	海南航空	HU1655	经济舱	1970	28	28	哈尔滨太平国际机场	拉萨贡嘎国际机场
FLIGHT	C066	C246	HRB		XIY		2026-05-01T18:32:00	2026-05-01T22:43:00	中国国航	CA1656	经济舱	1260	29	29	哈尔滨太平国际机场	西安咸阳国际机场
FLIGHT	C066	C034	HRB		LHW		2026-05-01T19:09:00	2026-05-01T23:42:00	东方航空	MU1657	经济舱	1360	30	30	哈尔滨太平国际机场	兰州中川国际机场
FLIGHT	C066	C245	HRB		XNN		2026-05-01T19:46:00	2026-05-02T00:31:00	南方航空	CZ1658	经济舱	1410	31	31	哈尔滨太平国际机场	西宁曹家堡国际机场
FLIGHT	C066	C279	HRB		INC		2026-05-01T06:23:00	2026-05-01T10:23:00	海南航空	HU1659	经济舱	1210	32	32	哈尔滨太平国际机场	银川河东国际机场
FLIGHT	C066	C018	HRB				2026-05-01T07:00:00	2026-05-01T13:00:00	中国国航	CA1660	经济舱	1750	33	33	哈尔滨太平国际机场	乌鲁木齐天山国际机场
FLIGHT	C066	C300	HRB				2026-05-01T07:37:00	2026-05-01T13:16:00	东方航空	MU1661	经济舱	1660	34	34	哈尔滨太平国际机场	香港国际机场
FLIGHT	C066	C190	HRB		SZX		2026-05-01T09:28:00	2026-05-01T15:05:00	中国国航	CA1664	经济舱	1650	37	37	哈尔滨太平国际机场	深圳宝安国际机场
FLIGHT	C066	C050	HRB		XMN		2026-05-01T10:05:00	2026-05-01T15:09:00	东方航空	MU1665	经济舱	1500	3	3	哈尔滨太平国际机场	厦门高崎国际机场
FLIGHT	C066	C297	HRB				2026-05-01T10:42:00	2026-05-01T13:37:00	南方航空	CZ1666	经济舱	930	4	4	哈尔滨太平国际机场	青岛胶东国际机场
FLIGHT	C066	C080	HRB		DLC		2026-05-01T11:19:00	2026-05-01T13:41:00	海南航空	HU1667	经济舱	780	5	5	哈尔滨太平国际机场	大连周水子国际机场
FLIGHT	C066	C088	HRB		NGB		2026-05-01T11:56:00	2026-05-01T15:53:00	中国国航	CA1668	经济舱	1210	6	6	哈尔滨太平国际机场	宁波栎社国际机场
FLIGHT	C066	C231	HRB				2026-05-01T12:33:00	2026-05-01T16:17:00	东方航空	MU1669	经济舱	1150	7	7	哈尔滨太平国际机场	苏州机场
FLIGHT	C066	C139	HRB				2026-05-01T13:10:00	2026-05-01T16:53:00	南方航空	CZ1670	经济舱	1150	8	8	哈尔滨太平国际机场	苏南硕放国际机场
FLIGHT	C066	C158	HRB		KWL		2026-05-01T13:47:00	2026-05-01T19:12:00	海南航空	HU1671	经济舱	1610	9	9	哈尔滨太平国际机场	桂林两江国际机场
FLIGHT	C066	C002	HRB		SYX		2026-05-01T14:24:00	2026-05-01T21:03:00	中国国航	CA1672	经济舱	1940	10	10	哈尔滨太平国际机场	三亚凤凰国际机场
FLIGHT	C066	C119	HRB				2026-05-01T15:01:00	2026-05-01T19:48:00	东方航空	MU1673	经济舱	1440	11	11	哈尔滨太平国际机场	张家界荷花国际机场
FLIGHT	C066	C015	HRB		LJG		2026-05-01T15:38:00	2026-05-01T21:46:00	南方航空	CZ1674	经济舱	1800	12	12	哈尔滨太平国际机场	丽江三义国际机场
FLIGHT	C066	C308	HRB		TXN		2026-05-01T16:52:00	2026-05-01T21:00:00	中国国航	CA1676	经济舱	1260	14	14	哈尔滨太平国际机场	黄山屯溪国际机场
FLIGHT	C066	C210	HRB		ZZH		2026-05-01T18:06:00	2026-05-01T23:48:00	南方航空	CZ1678	经济舱	1690	16	16	哈尔滨太平国际机场	珠海金湾机场
FLIGHT	C066	C179	HRB				2026-05-01T18:43:00	2026-05-01T22:30:00	海南航空	HU1679	经济舱	1170	17	17	哈尔滨太平国际机场	洛阳北郊机场
FLIGHT	C066	C077	HRB				2026-05-01T19:20:00	2026-05-01T22:20:00	中国国航	CA1680	经济舱	790	18	18	哈尔滨太平国际机场	大同云冈国际机场
FLIGHT	C066	C070	HRB		KHG		2026-05-01T06:34:00	2026-05-01T14:21:00	南方航空	CZ1682	经济舱	2090	20	20	哈尔滨太平国际机场	喀什徕宁国际机场
FLIGHT	C066	C056	HRB				2026-05-01T07:11:00	2026-05-01T13:02:00	海南航空	HU1683	经济舱	1560	21	21	哈尔滨太平国际机场	吐鲁番交河机场
FLIGHT	C066	C292	HRB				2026-05-01T07:48:00	2026-05-01T13:33:00	中国国航	CA1684	经济舱	1540	22	22	哈尔滨太平国际机场	阿勒泰雪都机场
FLIGHT	C066	C222	HRB		BPE		2026-05-01T08:25:00	2026-05-01T10:46:00	东方航空	MU1685	经济舱	620	23	23	哈尔滨太平国际机场	秦皇岛北戴河机场
FLIGHT	C066	C084	HRB		WEH		2026-05-01T09:02:00	2026-05-01T11:36:00	南方航空	CZ1686	经济舱	680	24	24	哈尔滨太平国际机场	威海大水泊国际机场
FLIGHT	C066	C176	HRB		JJN		2026-05-01T09:39:00	2026-05-01T14:37:00	海南航空	HU1687	经济舱	1330	25	25	哈尔滨太平国际机场	泉州晋江国际机场
FLIGHT	C066	C129	HRB		YTY		2026-05-01T10:16:00	2026-05-01T13:52:00	中国国航	CA1688	经济舱	960	26	26	哈尔滨太平国际机场	扬州泰州国际机场
FLIGHT	C066	C071	HRB				2026-05-01T10:53:00	2026-05-01T14:43:00	东方航空	MU1689	经济舱	1020	27	27	哈尔滨太平国际机场	嘉兴机场
FLIGHT	C066	C040	HRB		BHY		2026-05-01T11:30:00	2026-05-01T17:38:00	南方航空	CZ1690	经济舱	1650	28	28	哈尔滨太平国际机场	北海福成机场
FLIGHT	C066	C147	HRB				2026-05-01T12:07:00	2026-05-01T16:23:00	海南航空	HU1691	经济舱	1150	29	29	哈尔滨太平国际机场	景德镇罗家机场
FLIGHT	C066	C127	HRB				2026-05-01T13:58:00	2026-05-01T19:28:00	南方航空	CZ1694	经济舱	1480	32	32	哈尔滨太平国际机场	惠州平潭机场
FLIGHT	C066	C205	HRB		YNT		2026-05-01T15:12:00	2026-05-01T17:49:00	中国国航	CA1696	经济舱	700	34	34	哈尔滨太平国际机场	烟台蓬莱国际机场
FLIGHT	C066	C025	HRB				2026-05-01T15:49:00	2026-05-01T21:25:00	东方航空	MU1697	经济舱	1510	35	35	哈尔滨太平国际机场	佛山沙堤机场
FLIGHT	C066	C192	HRB		WNZ		2026-05-01T17:03:00	2026-05-01T21:23:00	海南航空	HU1699	经济舱	1170	37	37	哈尔滨太平国际机场	温州龙湾国际机场
FLIGHT	C042	C039	NKG		PEK		2026-05-01T17:40:00	2026-05-01T20:05:00	中国国航	CA1700	经济舱	650	3	3	南京禄口国际机场	北京首都国际机场
FLIGHT	C042	C005	NKG		SHA		2026-05-01T18:17:00	2026-05-01T19:39:00	东方航空	MU1701	经济舱	370	4	4	南京禄口国际机场	上海虹桥国际机场
FLIGHT	C042	C082	NKG		TSN		2026-05-01T18:54:00	2026-05-01T21:08:00	南方航空	CZ1702	经济舱	610	5	5	南京禄口国际机场	天津滨海国际机场
FLIGHT	C042	C272	NKG		CKG		2026-05-01T19:31:00	2026-05-01T22:26:00	海南航空	HU1703	经济舱	790	6	6	南京禄口国际机场	重庆江北国际机场
FLIGHT	C042	C220	NKG		SJW		2026-05-01T06:08:00	2026-05-01T08:20:00	中国国航	CA1704	经济舱	600	7	7	南京禄口国际机场	石家庄正定国际机场
FLIGHT	C042	C083	NKG		TYN		2026-05-01T06:45:00	2026-05-01T09:06:00	东方航空	MU1705	经济舱	640	8	8	南京禄口国际机场	太原武宿国际机场
FLIGHT	C042	C061	NKG		HET		2026-05-01T07:22:00	2026-05-01T10:13:00	南方航空	CZ1706	经济舱	780	9	9	南京禄口国际机场	呼和浩特白塔国际机场
FLIGHT	C042	C172	NKG		SHE		2026-05-01T07:59:00	2026-05-01T10:50:00	海南航空	HU1707	经济舱	780	10	10	南京禄口国际机场	沈阳桃仙国际机场
FLIGHT	C042	C283	NKG		CGQ		2026-05-01T08:36:00	2026-05-01T11:54:00	中国国航	CA1708	经济舱	900	11	11	南京禄口国际机场	长春龙嘉国际机场
FLIGHT	C042	C066	NKG		HRB		2026-05-01T09:13:00	2026-05-01T12:55:00	东方航空	MU1709	经济舱	1010	12	12	南京禄口国际机场	哈尔滨太平国际机场
FLIGHT	C042	C153	NKG		HGH		2026-05-01T10:27:00	2026-05-01T11:46:00	海南航空	HU1711	经济舱	370	14	14	南京禄口国际机场	杭州萧山国际机场
FLIGHT	C042	C053	NKG		HFE		2026-05-01T11:04:00	2026-05-01T12:14:00	中国国航	CA1712	经济舱	330	15	15	南京禄口国际机场	合肥新桥国际机场
FLIGHT	C042	C221	NKG		FOC		2026-05-01T11:41:00	2026-05-01T13:43:00	东方航空	MU1713	经济舱	560	16	16	南京禄口国际机场	福州长乐国际机场
FLIGHT	C042	C046	NKG				2026-05-01T12:18:00	2026-05-01T14:00:00	南方航空	CZ1714	经济舱	480	17	17	南京禄口国际机场	南昌昌北国际机场
FLIGHT	C042	C180	NKG		TNA		2026-05-01T12:55:00	2026-05-01T14:44:00	海南航空	HU1715	经济舱	510	18	18	南京禄口国际机场	济南遥墙国际机场
FLIGHT	C042	C267	NKG		CGO		2026-05-01T13:32:00	2026-05-01T15:24:00	中国国航	CA1716	经济舱	520	19	19	南京禄口国际机场	郑州新郑国际机场
FLIGHT	C042	C164	NKG		WUH		2026-05-01T14:09:00	2026-05-01T15:50:00	东方航空	MU1717	经济舱	470	20	20	南京禄口国际机场	武汉天河国际机场
FLIGHT	C042	C284	NKG		CSX		2026-05-01T14:46:00	2026-05-01T16:52:00	南方航空	CZ1718	经济舱	590	21	21	南京禄口国际机场	长沙黄花国际机场
FLIGHT	C042	C112	NKG		CAN		2026-05-01T15:23:00	2026-05-01T18:11:00	海南航空	HU1719	经济舱	780	22	22	南京禄口国际机场	广州白云国际机场
FLIGHT	C042	C044	NKG		NNG		2026-05-01T16:00:00	2026-05-01T19:20:00	中国国航	CA1720	经济舱	920	23	23	南京禄口国际机场	南宁吴圩国际机场
FLIGHT	C042	C184	NKG		HAK		2026-05-01T16:37:00	2026-05-01T20:11:00	东方航空	MU1721	经济舱	990	24	24	南京禄口国际机场	海口美兰国际机场
FLIGHT	C042	C128	NKG		TFU		2026-05-01T17:14:00	2026-05-01T20:30:00	南方航空	CZ1722	经济舱	910	25	25	南京禄口国际机场	成都天府国际机场
FLIGHT	C042	C249	NKG		KWE		2026-05-01T17:51:00	2026-05-01T20:58:00	海南航空	HU1723	经济舱	870	26	26	南京禄口国际机场	贵阳龙洞堡国际机场
FLIGHT	C042	C142	NKG		KMG		2026-05-01T18:28:00	2026-05-01T22:18:00	中国国航	CA1724	经济舱	1060	27	27	南京禄口国际机场	昆明长水国际机场
FLIGHT	C042	C133	NKG		LXA		2026-05-01T19:05:00	2026-05-02T00:24:00	东方航空	MU1725	经济舱	1460	28	28	南京禄口国际机场	拉萨贡嘎国际机场
FLIGHT	C042	C246	NKG		XIY		2026-05-01T19:42:00	2026-05-01T22:12:00	南方航空	CZ1726	经济舱	700	29	29	南京禄口国际机场	西安咸阳国际机场
FLIGHT	C042	C034	NKG		LHW		2026-05-01T06:19:00	2026-05-01T09:39:00	海南航空	HU1727	经济舱	930	30	30	南京禄口国际机场	兰州中川国际机场
FLIGHT	C042	C245	NKG		XNN		2026-05-01T06:56:00	2026-05-01T10:35:00	中国国航	CA1728	经济舱	1020	31	31	南京禄口国际机场	西宁曹家堡国际机场
FLIGHT	C042	C279	NKG		INC		2026-05-01T07:33:00	2026-05-01T10:42:00	东方航空	MU1729	经济舱	880	32	32	南京禄口国际机场	银川河东国际机场
FLIGHT	C042	C018	NKG				2026-05-01T08:10:00	2026-05-01T14:06:00	南方航空	CZ1730	经济舱	1630	33	33	南京禄口国际机场	乌鲁木齐天山国际机场
FLIGHT	C042	C300	NKG				2026-05-01T08:47:00	2026-05-01T11:40:00	海南航空	HU1731	经济舱	810	34	34	南京禄口国际机场	香港国际机场
FLIGHT	C042	C190	NKG		SZX		2026-05-01T10:38:00	2026-05-01T13:29:00	南方航空	CZ1734	经济舱	800	37	37	南京禄口国际机场	深圳宝安国际机场
FLIGHT	C042	C050	NKG		XMN		2026-05-01T11:15:00	2026-05-01T13:35:00	海南航空	HU1735	经济舱	670	3	3	南京禄口国际机场	厦门高崎国际机场
FLIGHT	C042	C297	NKG				2026-05-01T11:52:00	2026-05-01T13:34:00	中国国航	CA1736	经济舱	500	4	4	南京禄口国际机场	青岛胶东国际机场
FLIGHT	C042	C080	NKG		DLC		2026-05-01T12:29:00	2026-05-01T14:44:00	东方航空	MU1737	经济舱	650	5	5	南京禄口国际机场	大连周水子国际机场
FLIGHT	C042	C088	NKG		NGB		2026-05-01T13:06:00	2026-05-01T14:37:00	南方航空	CZ1738	经济舱	450	6	6	南京禄口国际机场	宁波栎社国际机场
FLIGHT	C042	C231	NKG				2026-05-01T13:43:00	2026-05-01T14:57:00	海南航空	HU1739	经济舱	370	7	7	南京禄口国际机场	苏州机场
FLIGHT	C042	C139	NKG				2026-05-01T14:20:00	2026-05-01T15:31:00	中国国航	CA1740	经济舱	360	8	8	南京禄口国际机场	苏南硕放国际机场
FLIGHT	C042	C158	NKG		KWL		2026-05-01T14:57:00	2026-05-01T17:44:00	东方航空	MU1741	经济舱	800	9	9	南京禄口国际机场	桂林两江国际机场
FLIGHT	C042	C002	NKG		SYX		2026-05-01T15:34:00	2026-05-01T19:29:00	南方航空	CZ1742	经济舱	1100	10	10	南京禄口国际机场	三亚凤凰国际机场
FLIGHT	C042	C119	NKG				2026-05-01T16:11:00	2026-05-01T18:32:00	海南航空	HU1743	经济舱	680	11	11	南京禄口国际机场	张家界荷花国际机场
FLIGHT	C042	C015	NKG		LJG		2026-05-01T16:48:00	2026-05-01T20:52:00	中国国航	CA1744	经济舱	1140	12	12	南京禄口国际机场	丽江三义国际机场
FLIGHT	C042	C308	NKG		TXN		2026-05-01T18:02:00	2026-05-01T19:23:00	南方航空	CZ1746	经济舱	420	14	14	南京禄口国际机场	黄山屯溪国际机场
FLIGHT	C042	C210	NKG		ZZH		2026-05-01T19:16:00	2026-05-01T22:11:00	中国国航	CA1748	经济舱	840	16	16	南京禄口国际机场	珠海金湾机场
FLIGHT	C042	C179	NKG				2026-05-01T19:53:00	2026-05-01T21:53:00	东方航空	MU1749	经济舱	590	17	17	南京禄口国际机场	洛阳北郊机场
FLIGHT	C042	C077	NKG				2026-05-01T06:30:00	2026-05-01T09:07:00	南方航空	CZ1750	经济舱	760	18	18	南京禄口国际机场	大同云冈国际机场
FLIGHT	C042	C070	NKG		KHG		2026-05-01T07:44:00	2026-05-01T15:10:00	中国国航	CA1752	经济舱	2060	20	20	南京禄口国际机场	喀什徕宁国际机场
FLIGHT	C042	C056	NKG				2026-05-01T08:21:00	2026-05-01T14:02:00	东方航空	MU1753	经济舱	1590	21	21	南京禄口国际机场	吐鲁番交河机场
FLIGHT	C042	C292	NKG				2026-05-01T08:58:00	2026-05-01T15:05:00	南方航空	CZ1754	经济舱	1710	22	22	南京禄口国际机场	阿勒泰雪都机场
FLIGHT	C042	C222	NKG		BPE		2026-05-01T09:35:00	2026-05-01T11:58:00	海南航空	HU1755	经济舱	700	23	23	南京禄口国际机场	秦皇岛北戴河机场
FLIGHT	C042	C084	NKG		WEH		2026-05-01T10:12:00	2026-05-01T12:15:00	中国国航	CA1756	经济舱	610	24	24	南京禄口国际机场	威海大水泊国际机场
FLIGHT	C042	C176	NKG		JJN		2026-05-01T10:49:00	2026-05-01T13:04:00	东方航空	MU1757	经济舱	670	25	25	南京禄口国际机场	泉州晋江国际机场
FLIGHT	C042	C129	NKG		YTY		2026-05-01T11:26:00	2026-05-01T12:36:00	南方航空	CZ1758	经济舱	340	26	26	南京禄口国际机场	扬州泰州国际机场
FLIGHT	C042	C071	NKG				2026-05-01T12:03:00	2026-05-01T13:22:00	海南航空	HU1759	经济舱	420	27	27	南京禄口国际机场	嘉兴机场
FLIGHT	C042	C040	NKG		BHY		2026-05-01T12:40:00	2026-05-01T16:07:00	中国国航	CA1760	经济舱	990	28	28	南京禄口国际机场	北海福成机场
FLIGHT	C042	C147	NKG				2026-05-01T13:17:00	2026-05-01T14:47:00	东方航空	MU1761	经济舱	470	29	29	南京禄口国际机场	景德镇罗家机场
FLIGHT	C042	C127	NKG				2026-05-01T15:08:00	2026-05-01T17:51:00	中国国航	CA1764	经济舱	800	32	32	南京禄口国际机场	惠州平潭机场
FLIGHT	C042	C205	NKG		YNT		2026-05-01T16:22:00	2026-05-01T18:22:00	南方航空	CZ1766	经济舱	610	34	34	南京禄口国际机场	烟台蓬莱国际机场
FLIGHT	C042	C025	NKG				2026-05-01T16:59:00	2026-05-01T19:49:00	海南航空	HU1767	经济舱	830	35	35	南京禄口国际机场	佛山沙堤机场
FLIGHT	C042	C192	NKG		WNZ		2026-05-01T18:13:00	2026-05-01T19:57:00	东方航空	MU1769	经济舱	540	37	37	南京禄口国际机场	温州龙湾国际机场
FLIGHT	C153	C039	HGH		PEK		2026-05-01T18:50:00	2026-05-01T21:37:00	南方航空	CZ1770	经济舱	830	3	3	杭州萧山国际机场	北京首都国际机场
FLIGHT	C153	C005	HGH		SHA		2026-05-01T19:27:00	2026-05-01T20:39:00	海南航空	HU1771	经济舱	400	4	4	杭州萧山国际机场	上海虹桥国际机场
FLIGHT	C153	C082	HGH		TSN		2026-05-01T06:04:00	2026-05-01T08:41:00	中国国航	CA1772	经济舱	780	5	5	杭州萧山国际机场	天津滨海国际机场
FLIGHT	C153	C272	HGH		CKG		2026-05-01T06:41:00	2026-05-01T09:47:00	东方航空	MU1773	经济舱	910	6	6	杭州萧山国际机场	重庆江北国际机场
FLIGHT	C153	C220	HGH		SJW		2026-05-01T07:18:00	2026-05-01T09:54:00	南方航空	CZ1774	经济舱	780	7	7	杭州萧山国际机场	石家庄正定国际机场
FLIGHT	C153	C083	HGH		TYN		2026-05-01T07:55:00	2026-05-01T10:40:00	海南航空	HU1775	经济舱	820	8	8	杭州萧山国际机场	太原武宿国际机场
FLIGHT	C153	C061	HGH		HET		2026-05-01T08:32:00	2026-05-01T11:47:00	中国国航	CA1776	经济舱	960	9	9	杭州萧山国际机场	呼和浩特白塔国际机场
FLIGHT	C153	C172	HGH		SHE		2026-05-01T09:09:00	2026-05-01T12:16:00	东方航空	MU1777	经济舱	920	10	10	杭州萧山国际机场	沈阳桃仙国际机场
FLIGHT	C153	C283	HGH		CGQ		2026-05-01T09:46:00	2026-05-01T13:18:00	南方航空	CZ1778	经济舱	1040	11	11	杭州萧山国际机场	长春龙嘉国际机场
FLIGHT	C153	C066	HGH		HRB		2026-05-01T10:23:00	2026-05-01T14:19:00	海南航空	HU1779	经济舱	1150	12	12	杭州萧山国际机场	哈尔滨太平国际机场
FLIGHT	C153	C042	HGH		NKG		2026-05-01T11:00:00	2026-05-01T12:19:00	中国国航	CA1780	经济舱	440	13	13	杭州萧山国际机场	南京禄口国际机场
FLIGHT	C153	C053	HGH		HFE		2026-05-01T12:14:00	2026-05-01T13:42:00	南方航空	CZ1782	经济舱	480	15	15	杭州萧山国际机场	合肥新桥国际机场
FLIGHT	C153	C221	HGH		FOC		2026-05-01T12:51:00	2026-05-01T14:33:00	海南航空	HU1783	经济舱	550	16	16	杭州萧山国际机场	福州长乐国际机场
FLIGHT	C153	C046	HGH				2026-05-01T13:28:00	2026-05-01T15:08:00	中国国航	CA1784	经济舱	540	17	17	杭州萧山国际机场	南昌昌北国际机场
FLIGHT	C153	C180	HGH		TNA		2026-05-01T14:05:00	2026-05-01T16:17:00	东方航空	MU1785	经济舱	680	18	18	杭州萧山国际机场	济南遥墙国际机场
FLIGHT	C153	C267	HGH		CGO		2026-05-01T14:42:00	2026-05-01T16:56:00	南方航空	CZ1786	经济舱	690	19	19	杭州萧山国际机场	郑州新郑国际机场
FLIGHT	C153	C164	HGH		WUH		2026-05-01T15:19:00	2026-05-01T17:10:00	海南航空	HU1787	经济舱	590	20	20	杭州萧山国际机场	武汉天河国际机场
FLIGHT	C153	C284	HGH		CSX		2026-05-01T15:56:00	2026-05-01T18:05:00	中国国航	CA1788	经济舱	670	21	21	杭州萧山国际机场	长沙黄花国际机场
FLIGHT	C153	C112	HGH		CAN		2026-05-01T16:33:00	2026-05-01T19:13:00	东方航空	MU1789	经济舱	810	22	22	杭州萧山国际机场	广州白云国际机场
FLIGHT	C153	C044	HGH		NNG		2026-05-01T17:10:00	2026-05-01T20:28:00	南方航空	CZ1790	经济舱	990	23	23	杭州萧山国际机场	南宁吴圩国际机场
FLIGHT	C153	C184	HGH		HAK		2026-05-01T17:47:00	2026-05-01T21:13:00	海南航空	HU1791	经济舱	1020	24	24	杭州萧山国际机场	海口美兰国际机场
FLIGHT	C153	C128	HGH		TFU		2026-05-01T18:24:00	2026-05-01T21:53:00	中国国航	CA1792	经济舱	1040	25	25	杭州萧山国际机场	成都天府国际机场
FLIGHT	C153	C249	HGH		KWE		2026-05-01T19:01:00	2026-05-01T22:14:00	东方航空	MU1793	经济舱	960	26	26	杭州萧山国际机场	贵阳龙洞堡国际机场
FLIGHT	C153	C142	HGH		KMG		2026-05-01T19:38:00	2026-05-01T23:34:00	南方航空	CZ1794	经济舱	1160	27	27	杭州萧山国际机场	昆明长水国际机场
FLIGHT	C153	C133	HGH		LXA		2026-05-01T06:15:00	2026-05-01T11:49:00	海南航空	HU1795	经济舱	1600	28	28	杭州萧山国际机场	拉萨贡嘎国际机场
FLIGHT	C153	C246	HGH		XIY		2026-05-01T06:52:00	2026-05-01T09:42:00	中国国航	CA1796	经济舱	860	29	29	杭州萧山国际机场	西安咸阳国际机场
FLIGHT	C153	C034	HGH		LHW		2026-05-01T07:29:00	2026-05-01T11:09:00	东方航空	MU1797	经济舱	1090	30	30	杭州萧山国际机场	兰州中川国际机场
FLIGHT	C153	C245	HGH		XNN		2026-05-01T08:06:00	2026-05-01T12:05:00	南方航空	CZ1798	经济舱	1180	31	31	杭州萧山国际机场	西宁曹家堡国际机场
FLIGHT	C153	C279	HGH		INC		2026-05-01T08:43:00	2026-05-01T12:15:00	海南航空	HU1799	经济舱	1050	32	32	杭州萧山国际机场	银川河东国际机场
FLIGHT	C153	C018	HGH				2026-05-01T09:20:00	2026-05-01T15:38:00	中国国航	CA1800	经济舱	1800	33	33	杭州萧山国际机场	乌鲁木齐天山国际机场
FLIGHT	C153	C300	HGH				2026-05-01T09:57:00	2026-05-01T12:39:00	东方航空	MU1801	经济舱	830	34	34	杭州萧山国际机场	香港国际机场
FLIGHT	C153	C190	HGH		SZX		2026-05-01T11:48:00	2026-05-01T14:28:00	中国国航	CA1804	经济舱	830	37	37	杭州萧山国际机场	深圳宝安国际机场
FLIGHT	C153	C050	HGH		XMN		2026-05-01T12:25:00	2026-05-01T14:28:00	东方航空	MU1805	经济舱	660	3	3	杭州萧山国际机场	厦门高崎国际机场
FLIGHT	C153	C297	HGH				2026-05-01T13:02:00	2026-05-01T15:02:00	南方航空	CZ1806	经济舱	650	4	4	杭州萧山国际机场	青岛胶东国际机场
FLIGHT	C153	C080	HGH		DLC		2026-05-01T13:39:00	2026-05-01T16:11:00	海南航空	HU1807	经济舱	790	5	5	杭州萧山国际机场	大连周水子国际机场
FLIGHT	C153	C088	HGH		NGB		2026-05-01T14:16:00	2026-05-01T15:26:00	中国国航	CA1808	经济舱	420	6	6	杭州萧山国际机场	宁波栎社国际机场
FLIGHT	C153	C231	HGH				2026-05-01T14:53:00	2026-05-01T16:03:00	东方航空	MU1809	经济舱	410	7	7	杭州萧山国际机场	苏州机场
FLIGHT	C153	C139	HGH				2026-05-01T15:30:00	2026-05-01T16:40:00	南方航空	CZ1810	经济舱	420	8	8	杭州萧山国际机场	苏南硕放国际机场
FLIGHT	C153	C158	HGH		KWL		2026-05-01T16:07:00	2026-05-01T18:54:00	海南航空	HU1811	经济舱	860	9	9	杭州萧山国际机场	桂林两江国际机场
FLIGHT	C153	C002	HGH		SYX		2026-05-01T16:44:00	2026-05-01T20:31:00	中国国航	CA1812	经济舱	1130	10	10	杭州萧山国际机场	三亚凤凰国际机场
FLIGHT	C153	C119	HGH				2026-05-01T17:21:00	2026-05-01T19:50:00	东方航空	MU1813	经济舱	790	11	11	杭州萧山国际机场	张家界荷花国际机场
FLIGHT	C153	C015	HGH		LJG		2026-05-01T17:58:00	2026-05-01T22:11:00	南方航空	CZ1814	经济舱	1250	12	12	杭州萧山国际机场	丽江三义国际机场
FLIGHT	C153	C308	HGH		TXN		2026-05-01T19:12:00	2026-05-01T20:26:00	中国国航	CA1816	经济舱	450	14	14	杭州萧山国际机场	黄山屯溪国际机场
FLIGHT	C153	C210	HGH		ZZH		2026-05-01T06:26:00	2026-05-01T09:11:00	南方航空	CZ1818	经济舱	860	16	16	杭州萧山国际机场	珠海金湾机场
FLIGHT	C153	C179	HGH				2026-05-01T07:03:00	2026-05-01T09:25:00	海南航空	HU1819	经济舱	760	17	17	杭州萧山国际机场	洛阳北郊机场
FLIGHT	C153	C077	HGH				2026-05-01T07:40:00	2026-05-01T10:40:00	中国国航	CA1820	经济舱	930	18	18	杭州萧山国际机场	大同云冈国际机场
FLIGHT	C153	C070	HGH		KHG		2026-05-01T08:54:00	2026-05-01T16:40:00	南方航空	CZ1822	经济舱	2220	20	20	杭州萧山国际机场	喀什徕宁国际机场
FLIGHT	C153	C056	HGH				2026-05-01T09:31:00	2026-05-01T15:34:00	海南航空	HU1823	经济舱	1760	21	21	杭州萧山国际机场	吐鲁番交河机场
FLIGHT	C153	C292	HGH				2026-05-01T10:08:00	2026-05-01T16:38:00	中国国航	CA1824	经济舱	1880	22	22	杭州萧山国际机场	阿勒泰雪都机场
FLIGHT	C153	C222	HGH		BPE		2026-05-01T10:45:00	2026-05-01T13:28:00	东方航空	MU1825	经济舱	860	23	23	杭州萧山国际机场	秦皇岛北戴河机场
FLIGHT	C153	C084	HGH		WEH		2026-05-01T11:22:00	2026-05-01T13:40:00	南方航空	CZ1826	经济舱	750	24	24	杭州萧山国际机场	威海大水泊国际机场
FLIGHT	C153	C176	HGH		JJN		2026-05-01T11:59:00	2026-05-01T13:56:00	海南航空	HU1827	经济舱	660	25	25	杭州萧山国际机场	泉州晋江国际机场
FLIGHT	C153	C129	HGH		YTY		2026-05-01T12:36:00	2026-05-01T13:56:00	中国国航	CA1828	经济舱	490	26	26	杭州萧山国际机场	扬州泰州国际机场
FLIGHT	C153	C071	HGH				2026-05-01T13:13:00	2026-05-01T14:23:00	东方航空	MU1829	经济舱	410	27	27	杭州萧山国际机场	嘉兴机场
FLIGHT	C153	C040	HGH		BHY		2026-05-01T13:50:00	2026-05-01T17:12:00	南方航空	CZ1830	经济舱	1040	28	28	杭州萧山国际机场	北海福成机场
FLIGHT	C153	C147	HGH				2026-05-01T14:27:00	2026-05-01T15:53:00	海南航空	HU1831	经济舱	520	29	29	杭州萧山国际机场	景德镇罗家机场
FLIGHT	C153	C127	HGH				2026-05-01T16:18:00	2026-05-01T18:51:00	南方航空	CZ1834	经济舱	820	32	32	杭州萧山国际机场	惠州平潭机场
FLIGHT	C153	C205	HGH		YNT		2026-05-01T17:32:00	2026-05-01T19:48:00	中国国航	CA1836	经济舱	750	34	34	杭州萧山国际机场	烟台蓬莱国际机场
FLIGHT	C153	C025	HGH				2026-05-01T18:09:00	2026-05-01T20:51:00	东方航空	MU1837	经济舱	870	35	35	杭州萧山国际机场	佛山沙堤机场
FLIGHT	C153	C192	HGH		WNZ		2026-05-01T19:23:00	2026-05-01T20:44:00	海南航空	HU1839	经济舱	500	37	37	杭州萧山国际机场	温州龙湾国际机场
FLIGHT	C053	C039	HFE		PEK		2026-05-01T06:00:00	2026-05-01T08:25:00	中国国航	CA1840	经济舱	800	3	3	合肥新桥国际机场	北京首都国际机场
FLIGHT	C053	C005	HFE		SHA		2026-05-01T06:37:00	2026-05-01T08:13:00	东方航空	MU1841	经济舱	570	4	4	合肥新桥国际机场	上海虹桥国际机场
FLIGHT	C053	C082	HFE		TSN		2026-05-01T07:14:00	2026-05-01T09:30:00	南方航空	CZ1842	经济舱	760	5	5	合肥新桥国际机场	天津滨海国际机场
FLIGHT	C053	C272	HFE		CKG		2026-05-01T07:51:00	2026-05-01T10:31:00	海南航空	HU1843	经济舱	870	6	6	合肥新桥国际机场	重庆江北国际机场
FLIGHT	C053	C220	HFE		SJW		2026-05-01T08:28:00	2026-05-01T10:36:00	中国国航	CA1844	经济舱	720	7	7	合肥新桥国际机场	石家庄正定国际机场
FLIGHT	C053	C083	HFE		TYN		2026-05-01T09:05:00	2026-05-01T11:20:00	东方航空	MU1845	经济舱	750	8	8	合肥新桥国际机场	太原武宿国际机场
FLIGHT	C053	C061	HFE		HET		2026-05-01T09:42:00	2026-05-01T12:29:00	南方航空	CZ1846	经济舱	900	9	9	合肥新桥国际机场	呼和浩特白塔国际机场
FLIGHT	C053	C172	HFE		SHE		2026-05-01T10:19:00	2026-05-01T13:18:00	海南航空	HU1847	经济舱	950	10	10	合肥新桥国际机场	沈阳桃仙国际机场
FLIGHT	C053	C283	HFE		CGQ		2026-05-01T10:56:00	2026-05-01T14:22:00	中国国航	CA1848	经济舱	1080	11	11	合肥新桥国际机场	长春龙嘉国际机场
FLIGHT	C053	C066	HFE		HRB		2026-05-01T11:33:00	2026-05-01T15:23:00	东方航空	MU1849	经济舱	1190	12	12	合肥新桥国际机场	哈尔滨太平国际机场
FLIGHT	C053	C042	HFE		NKG		2026-05-01T12:10:00	2026-05-01T13:20:00	南方航空	CZ1850	经济舱	300	13	13	合肥新桥国际机场	南京禄口国际机场
FLIGHT	C053	C153	HFE		HGH		2026-05-01T12:47:00	2026-05-01T14:15:00	海南航空	HU1851	经济舱	380	14	14	合肥新桥国际机场	杭州萧山国际机场
FLIGHT	C053	C221	HFE		FOC		2026-05-01T14:01:00	2026-05-01T16:03:00	东方航空	MU1853	经济舱	530	16	16	合肥新桥国际机场	福州长乐国际机场
FLIGHT	C053	C046	HFE				2026-05-01T14:38:00	2026-05-01T16:10:00	南方航空	CZ1854	经济舱	400	17	17	合肥新桥国际机场	南昌昌北国际机场
FLIGHT	C053	C180	HFE		TNA		2026-05-01T15:15:00	2026-05-01T17:04:00	海南航空	HU1855	经济舱	480	18	18	合肥新桥国际机场	济南遥墙国际机场
FLIGHT	C053	C267	HFE		CGO		2026-05-01T15:52:00	2026-05-01T17:34:00	中国国航	CA1856	经济舱	450	19	19	合肥新桥国际机场	郑州新郑国际机场
FLIGHT	C053	C164	HFE		WUH		2026-05-01T16:29:00	2026-05-01T17:55:00	东方航空	MU1857	经济舱	380	20	20	合肥新桥国际机场	武汉天河国际机场
FLIGHT	C053	C284	HFE		CSX		2026-05-01T17:06:00	2026-05-01T18:58:00	南方航空	CZ1858	经济舱	500	21	21	合肥新桥国际机场	长沙黄花国际机场
FLIGHT	C053	C112	HFE		CAN		2026-05-01T17:43:00	2026-05-01T20:22:00	海南航空	HU1859	经济舱	710	22	22	合肥新桥国际机场	广州白云国际机场
FLIGHT	C053	C044	HFE		NNG		2026-05-01T18:20:00	2026-05-01T21:28:00	中国国航	CA1860	经济舱	840	23	23	合肥新桥国际机场	南宁吴圩国际机场
FLIGHT	C053	C184	HFE		HAK		2026-05-01T18:57:00	2026-05-01T22:21:00	东方航空	MU1861	经济舱	910	24	24	合肥新桥国际机场	海口美兰国际机场
FLIGHT	C053	C128	HFE		TFU		2026-05-01T19:34:00	2026-05-01T22:35:00	南方航空	CZ1862	经济舱	810	25	25	合肥新桥国际机场	成都天府国际机场
FLIGHT	C053	C249	HFE		KWE		2026-05-01T06:11:00	2026-05-01T09:04:00	海南航空	HU1863	经济舱	770	26	26	合肥新桥国际机场	贵阳龙洞堡国际机场
FLIGHT	C053	C142	HFE		KMG		2026-05-01T06:48:00	2026-05-01T10:24:00	中国国航	CA1864	经济舱	970	27	27	合肥新桥国际机场	昆明长水国际机场
FLIGHT	C053	C133	HFE		LXA		2026-05-01T07:25:00	2026-05-01T12:30:00	东方航空	MU1865	经济舱	1370	28	28	合肥新桥国际机场	拉萨贡嘎国际机场
FLIGHT	C053	C246	HFE		XIY		2026-05-01T08:02:00	2026-05-01T10:19:00	南方航空	CZ1866	经济舱	620	29	29	合肥新桥国际机场	西安咸阳国际机场
FLIGHT	C053	C034	HFE		LHW		2026-05-01T08:39:00	2026-05-01T11:46:00	海南航空	HU1867	经济舱	840	30	30	合肥新桥国际机场	兰州中川国际机场
FLIGHT	C053	C245	HFE		XNN		2026-05-01T09:16:00	2026-05-01T12:43:00	中国国航	CA1868	经济舱	930	31	31	合肥新桥国际机场	西宁曹家堡国际机场
FLIGHT	C053	C279	HFE		INC		2026-05-01T09:53:00	2026-05-01T12:52:00	东方航空	MU1869	经济舱	810	32	32	合肥新桥国际机场	银川河东国际机场
FLIGHT	C053	C018	HFE				2026-05-01T10:30:00	2026-05-01T16:15:00	南方航空	CZ1870	经济舱	1560	33	33	合肥新桥国际机场	乌鲁木齐天山国际机场
FLIGHT	C053	C300	HFE				2026-05-01T11:07:00	2026-05-01T13:52:00	海南航空	HU1871	经济舱	750	34	34	合肥新桥国际机场	香港国际机场
FLIGHT	C053	C190	HFE		SZX		2026-05-01T12:58:00	2026-05-01T15:41:00	南方航空	CZ1874	经济舱	740	37	37	合肥新桥国际机场	深圳宝安国际机场
FLIGHT	C053	C050	HFE		XMN		2026-05-01T13:35:00	2026-05-01T15:52:00	海南航空	HU1875	经济舱	620	3	3	合肥新桥国际机场	厦门高崎国际机场
FLIGHT	C053	C297	HFE				2026-05-01T14:12:00	2026-05-01T16:02:00	中国国航	CA1876	经济舱	510	4	4	合肥新桥国际机场	青岛胶东国际机场
FLIGHT	C053	C080	HFE		DLC		2026-05-01T14:49:00	2026-05-01T17:12:00	东方航空	MU1877	经济舱	650	5	5	合肥新桥国际机场	大连周水子国际机场
FLIGHT	C053	C088	HFE		NGB		2026-05-01T15:26:00	2026-05-01T17:08:00	南方航空	CZ1878	经济舱	470	6	6	合肥新桥国际机场	宁波栎社国际机场
FLIGHT	C053	C231	HFE				2026-05-01T16:03:00	2026-05-01T17:30:00	海南航空	HU1879	经济舱	400	7	7	合肥新桥国际机场	苏州机场
FLIGHT	C053	C139	HFE				2026-05-01T16:40:00	2026-05-01T18:04:00	中国国航	CA1880	经济舱	390	8	8	合肥新桥国际机场	苏南硕放国际机场
FLIGHT	C053	C158	HFE		KWL		2026-05-01T17:17:00	2026-05-01T19:51:00	东方航空	MU1881	经济舱	710	9	9	合肥新桥国际机场	桂林两江国际机场
FLIGHT	C053	C002	HFE		SYX		2026-05-01T17:54:00	2026-05-01T21:39:00	南方航空	CZ1882	经济舱	1030	10	10	合肥新桥国际机场	三亚凤凰国际机场
FLIGHT	C053	C119	HFE				2026-05-01T18:31:00	2026-05-01T20:37:00	海南航空	HU1883	经济舱	580	11	11	合肥新桥国际机场	张家界荷花国际机场
FLIGHT	C053	C015	HFE		LJG		2026-05-01T19:08:00	2026-05-01T22:57:00	中国国航	CA1884	经济舱	1040	12	12	合肥新桥国际机场	丽江三义国际机场
FLIGHT	C053	C308	HFE		TXN		2026-05-01T06:22:00	2026-05-01T07:43:00	南方航空	CZ1886	经济舱	380	14	14	合肥新桥国际机场	黄山屯溪国际机场
FLIGHT	C053	C210	HFE		ZZH		2026-05-01T07:36:00	2026-05-01T10:23:00	中国国航	CA1888	经济舱	770	16	16	合肥新桥国际机场	珠海金湾机场
FLIGHT	C053	C179	HFE				2026-05-01T08:13:00	2026-05-01T10:02:00	东方航空	MU1889	经济舱	510	17	17	合肥新桥国际机场	洛阳北郊机场
FLIGHT	C053	C077	HFE				2026-05-01T08:50:00	2026-05-01T11:23:00	南方航空	CZ1890	经济舱	710	18	18	合肥新桥国际机场	大同云冈国际机场
FLIGHT	C053	C070	HFE		KHG		2026-05-01T10:04:00	2026-05-01T17:18:00	中国国航	CA1892	经济舱	1980	20	20	合肥新桥国际机场	喀什徕宁国际机场
FLIGHT	C053	C056	HFE				2026-05-01T10:41:00	2026-05-01T16:11:00	东方航空	MU1893	经济舱	1510	21	21	合肥新桥国际机场	吐鲁番交河机场
FLIGHT	C053	C292	HFE				2026-05-01T11:18:00	2026-05-01T17:16:00	南方航空	CZ1894	经济舱	1640	22	22	合肥新桥国际机场	阿勒泰雪都机场
FLIGHT	C053	C222	HFE		BPE		2026-05-01T11:55:00	2026-05-01T14:23:00	海南航空	HU1895	经济舱	690	23	23	合肥新桥国际机场	秦皇岛北戴河机场
FLIGHT	C053	C084	HFE		WEH		2026-05-01T12:32:00	2026-05-01T14:44:00	中国国航	CA1896	经济舱	620	24	24	合肥新桥国际机场	威海大水泊国际机场
FLIGHT	C053	C176	HFE		JJN		2026-05-01T13:09:00	2026-05-01T15:23:00	东方航空	MU1897	经济舱	630	25	25	合肥新桥国际机场	泉州晋江国际机场
FLIGHT	C053	C129	HFE		YTY		2026-05-01T13:46:00	2026-05-01T15:03:00	南方航空	CZ1898	经济舱	380	26	26	合肥新桥国际机场	扬州泰州国际机场
FLIGHT	C053	C071	HFE				2026-05-01T14:23:00	2026-05-01T15:54:00	海南航空	HU1899	经济舱	440	27	27	合肥新桥国际机场	嘉兴机场
FLIGHT	C053	C040	HFE		BHY		2026-05-01T15:00:00	2026-05-01T18:15:00	中国国航	CA1900	经济舱	910	28	28	合肥新桥国际机场	北海福成机场
FLIGHT	C053	C147	HFE				2026-05-01T15:37:00	2026-05-01T17:00:00	东方航空	MU1901	经济舱	410	29	29	合肥新桥国际机场	景德镇罗家机场
FLIGHT	C053	C127	HFE				2026-05-01T17:28:00	2026-05-01T20:04:00	中国国航	CA1904	经济舱	740	32	32	合肥新桥国际机场	惠州平潭机场
FLIGHT	C053	C205	HFE		YNT		2026-05-01T18:42:00	2026-05-01T20:51:00	南方航空	CZ1906	经济舱	620	34	34	合肥新桥国际机场	烟台蓬莱国际机场
FLIGHT	C053	C025	HFE				2026-05-01T19:19:00	2026-05-01T22:00:00	海南航空	HU1907	经济舱	760	35	35	合肥新桥国际机场	佛山沙堤机场
FLIGHT	C053	C192	HFE		WNZ		2026-05-01T06:33:00	2026-05-01T08:22:00	东方航空	MU1909	经济舱	530	37	37	合肥新桥国际机场	温州龙湾国际机场
FLIGHT	C221	C039	FOC		PEK		2026-05-01T07:10:00	2026-05-01T10:41:00	南方航空	CZ1910	经济舱	990	3	3	福州长乐国际机场	北京首都国际机场
FLIGHT	C221	C005	FOC		SHA		2026-05-01T07:47:00	2026-05-01T09:43:00	海南航空	HU1911	经济舱	570	4	4	福州长乐国际机场	上海虹桥国际机场
FLIGHT	C221	C082	FOC		TSN		2026-05-01T08:24:00	2026-05-01T11:45:00	中国国航	CA1912	经济舱	950	5	5	福州长乐国际机场	天津滨海国际机场
FLIGHT	C221	C272	FOC		CKG		2026-05-01T09:01:00	2026-05-01T12:07:00	东方航空	MU1913	经济舱	880	6	6	福州长乐国际机场	重庆江北国际机场
FLIGHT	C221	C220	FOC		SJW		2026-05-01T09:38:00	2026-05-01T12:53:00	南方航空	CZ1914	经济舱	930	7	7	福州长乐国际机场	石家庄正定国际机场
FLIGHT	C221	C083	FOC		TYN		2026-05-01T10:15:00	2026-05-01T13:36:00	海南航空	HU1915	经济舱	950	8	8	福州长乐国际机场	太原武宿国际机场
FLIGHT	C221	C061	FOC		HET		2026-05-01T10:52:00	2026-05-01T14:45:00	中国国航	CA1916	经济舱	1100	9	9	福州长乐国际机场	呼和浩特白塔国际机场
FLIGHT	C221	C172	FOC		SHE		2026-05-01T11:29:00	2026-05-01T15:23:00	东方航空	MU1917	经济舱	1100	10	10	福州长乐国际机场	沈阳桃仙国际机场
FLIGHT	C221	C283	FOC		CGQ		2026-05-01T12:06:00	2026-05-01T16:26:00	南方航空	CZ1918	经济舱	1220	11	11	福州长乐国际机场	长春龙嘉国际机场
FLIGHT	C221	C066	FOC		HRB		2026-05-01T12:43:00	2026-05-01T17:26:00	海南航空	HU1919	经济舱	1330	12	12	福州长乐国际机场	哈尔滨太平国际机场
FLIGHT	C221	C042	FOC		NKG		2026-05-01T13:20:00	2026-05-01T15:22:00	中国国航	CA1920	经济舱	600	13	13	福州长乐国际机场	南京禄口国际机场
FLIGHT	C221	C153	FOC		HGH		2026-05-01T13:57:00	2026-05-01T15:39:00	东方航空	MU1921	经济舱	510	14	14	福州长乐国际机场	杭州萧山国际机场
FLIGHT	C221	C053	FOC		HFE		2026-05-01T14:34:00	2026-05-01T16:36:00	南方航空	CZ1922	经济舱	600	15	15	福州长乐国际机场	合肥新桥国际机场
FLIGHT	C221	C046	FOC				2026-05-01T15:48:00	2026-05-01T17:28:00	中国国航	CA1924	经济舱	500	17	17	福州长乐国际机场	南昌昌北国际机场
FLIGHT	C221	C180	FOC		TNA		2026-05-01T16:25:00	2026-05-01T19:20:00	东方航空	MU1925	经济舱	840	18	18	福州长乐国际机场	济南遥墙国际机场
FLIGHT	C221	C267	FOC		CGO		2026-05-01T17:02:00	2026-05-01T19:48:00	南方航空	CZ1926	经济舱	800	19	19	福州长乐国际机场	郑州新郑国际机场
FLIGHT	C221	C164	FOC		WUH		2026-05-01T17:39:00	2026-05-01T19:44:00	海南航空	HU1927	经济舱	620	20	20	福州长乐国际机场	武汉天河国际机场
FLIGHT	C221	C284	FOC		CSX		2026-05-01T18:16:00	2026-05-01T20:18:00	中国国航	CA1928	经济舱	610	21	21	福州长乐国际机场	长沙黄花国际机场
FLIGHT	C221	C112	FOC		CAN		2026-05-01T18:53:00	2026-05-01T20:57:00	东方航空	MU1929	经济舱	620	22	22	福州长乐国际机场	广州白云国际机场
FLIGHT	C221	C044	FOC		NNG		2026-05-01T19:30:00	2026-05-01T22:21:00	南方航空	CZ1930	经济舱	830	23	23	福州长乐国际机场	南宁吴圩国际机场
FLIGHT	C221	C184	FOC		HAK		2026-05-01T06:07:00	2026-05-01T08:57:00	海南航空	HU1931	经济舱	830	24	24	福州长乐国际机场	海口美兰国际机场
FLIGHT	C221	C128	FOC		TFU		2026-05-01T06:44:00	2026-05-01T10:16:00	中国国航	CA1932	经济舱	1020	25	25	福州长乐国际机场	成都天府国际机场
FLIGHT	C221	C249	FOC		KWE		2026-05-01T07:21:00	2026-05-01T10:22:00	东方航空	MU1933	经济舱	880	26	26	福州长乐国际机场	贵阳龙洞堡国际机场
FLIGHT	C221	C142	FOC		KMG		2026-05-01T07:58:00	2026-05-01T11:40:00	南方航空	CZ1934	经济舱	1060	27	27	福州长乐国际机场	昆明长水国际机场
FLIGHT	C221	C133	FOC		LXA		2026-05-01T08:35:00	2026-05-01T14:09:00	海南航空	HU1935	经济舱	1570	28	28	福州长乐国际机场	拉萨贡嘎国际机场
FLIGHT	C221	C246	FOC		XIY		2026-05-01T09:12:00	2026-05-01T12:22:00	中国国航	CA1936	经济舱	920	29	29	福州长乐国际机场	西安咸阳国际机场
FLIGHT	C221	C034	FOC		LHW		2026-05-01T09:49:00	2026-05-01T13:48:00	东方航空	MU1937	经济舱	1150	30	30	福州长乐国际机场	兰州中川国际机场
FLIGHT	C221	C245	FOC		XNN		2026-05-01T10:26:00	2026-05-01T14:44:00	南方航空	CZ1938	经济舱	1230	31	31	福州长乐国际机场	西宁曹家堡国际机场
FLIGHT	C221	C279	FOC		INC		2026-05-01T11:03:00	2026-05-01T15:02:00	海南航空	HU1939	经济舱	1150	32	32	福州长乐国际机场	银川河东国际机场
FLIGHT	C221	C018	FOC				2026-05-01T11:40:00	2026-05-01T18:21:00	中国国航	CA1940	经济舱	1880	33	33	福州长乐国际机场	乌鲁木齐天山国际机场
FLIGHT	C221	C300	FOC				2026-05-01T12:17:00	2026-05-01T14:19:00	东方航空	MU1941	经济舱	620	34	34	福州长乐国际机场	香港国际机场
FLIGHT	C221	C190	FOC		SZX		2026-05-01T14:08:00	2026-05-01T16:09:00	中国国航	CA1944	经济舱	620	37	37	福州长乐国际机场	深圳宝安国际机场
FLIGHT	C221	C050	FOC		XMN		2026-05-01T14:45:00	2026-05-01T16:02:00	东方航空	MU1945	经济舱	420	3	3	福州长乐国际机场	厦门高崎国际机场
FLIGHT	C221	C297	FOC				2026-05-01T15:22:00	2026-05-01T18:09:00	南方航空	CZ1946	经济舱	830	4	4	福州长乐国际机场	青岛胶东国际机场
FLIGHT	C221	C080	FOC		DLC		2026-05-01T15:59:00	2026-05-01T19:18:00	海南航空	HU1947	经济舱	980	5	5	福州长乐国际机场	大连周水子国际机场
FLIGHT	C221	C088	FOC		NGB		2026-05-01T16:36:00	2026-05-01T18:19:00	中国国航	CA1948	经济舱	540	6	6	福州长乐国际机场	宁波栎社国际机场
FLIGHT	C221	C231	FOC				2026-05-01T17:13:00	2026-05-01T19:07:00	东方航空	MU1949	经济舱	600	7	7	福州长乐国际机场	苏州机场
FLIGHT	C221	C139	FOC				2026-05-01T17:50:00	2026-05-01T19:46:00	南方航空	CZ1950	经济舱	600	8	8	福州长乐国际机场	苏南硕放国际机场
FLIGHT	C221	C158	FOC		KWL		2026-05-01T18:27:00	2026-05-01T20:53:00	海南航空	HU1951	经济舱	740	9	9	福州长乐国际机场	桂林两江国际机场
FLIGHT	C221	C002	FOC		SYX		2026-05-01T19:04:00	2026-05-01T22:12:00	中国国航	CA1952	经济舱	930	10	10	福州长乐国际机场	三亚凤凰国际机场
FLIGHT	C221	C119	FOC				2026-05-01T19:41:00	2026-05-01T22:09:00	东方航空	MU1953	经济舱	750	11	11	福州长乐国际机场	张家界荷花国际机场
FLIGHT	C221	C015	FOC		LJG		2026-05-01T06:18:00	2026-05-01T10:23:00	南方航空	CZ1954	经济舱	1190	12	12	福州长乐国际机场	丽江三义国际机场
FLIGHT	C221	C308	FOC		TXN		2026-05-01T07:32:00	2026-05-01T09:08:00	中国国航	CA1956	经济舱	520	14	14	福州长乐国际机场	黄山屯溪国际机场
FLIGHT	C221	C210	FOC		ZZH		2026-05-01T08:46:00	2026-05-01T10:53:00	南方航空	CZ1958	经济舱	660	16	16	福州长乐国际机场	珠海金湾机场
FLIGHT	C221	C179	FOC				2026-05-01T09:23:00	2026-05-01T12:13:00	海南航空	HU1959	经济舱	860	17	17	福州长乐国际机场	洛阳北郊机场
FLIGHT	C221	C077	FOC				2026-05-01T10:00:00	2026-05-01T13:40:00	中国国航	CA1960	经济舱	1080	18	18	福州长乐国际机场	大同云冈国际机场
FLIGHT	C221	C070	FOC		KHG		2026-05-01T11:14:00	2026-05-01T19:16:00	南方航空	CZ1962	经济舱	2260	20	20	福州长乐国际机场	喀什徕宁国际机场
FLIGHT	C221	C056	FOC				2026-05-01T11:51:00	2026-05-01T18:17:00	海南航空	HU1963	经济舱	1830	21	21	福州长乐国际机场	吐鲁番交河机场
FLIGHT	C221	C292	FOC				2026-05-01T12:28:00	2026-05-01T19:26:00	中国国航	CA1964	经济舱	1980	22	22	福州长乐国际机场	阿勒泰雪都机场
FLIGHT	C221	C222	FOC		BPE		2026-05-01T13:05:00	2026-05-01T16:34:00	东方航空	MU1965	经济舱	1040	23	23	福州长乐国际机场	秦皇岛北戴河机场
FLIGHT	C221	C084	FOC		WEH		2026-05-01T13:42:00	2026-05-01T16:47:00	南方航空	CZ1966	经济舱	930	24	24	福州长乐国际机场	威海大水泊国际机场
FLIGHT	C221	C176	FOC		JJN		2026-05-01T14:19:00	2026-05-01T15:29:00	海南航空	HU1967	经济舱	410	25	25	福州长乐国际机场	泉州晋江国际机场
FLIGHT	C221	C129	FOC		YTY		2026-05-01T14:56:00	2026-05-01T17:01:00	中国国航	CA1968	经济舱	660	26	26	福州长乐国际机场	扬州泰州国际机场
FLIGHT	C221	C071	FOC				2026-05-01T15:33:00	2026-05-01T17:22:00	东方航空	MU1969	经济舱	590	27	27	福州长乐国际机场	嘉兴机场
FLIGHT	C221	C040	FOC		BHY		2026-05-01T16:10:00	2026-05-01T19:00:00	南方航空	CZ1970	经济舱	870	28	28	福州长乐国际机场	北海福成机场
FLIGHT	C221	C147	FOC				2026-05-01T16:47:00	2026-05-01T18:23:00	海南航空	HU1971	经济舱	540	29	29	福州长乐国际机场	景德镇罗家机场
FLIGHT	C221	C127	FOC				2026-05-01T18:38:00	2026-05-01T20:32:00	南方航空	CZ1974	经济舱	620	32	32	福州长乐国际机场	惠州平潭机场
FLIGHT	C221	C205	FOC		YNT		2026-05-01T19:52:00	2026-05-01T22:55:00	中国国航	CA1976	经济舱	930	34	34	福州长乐国际机场	烟台蓬莱国际机场
FLIGHT	C221	C025	FOC				2026-05-01T06:29:00	2026-05-01T08:35:00	东方航空	MU1977	经济舱	680	35	35	福州长乐国际机场	佛山沙堤机场
FLIGHT	C221	C192	FOC		WNZ		2026-05-01T07:43:00	2026-05-01T09:03:00	海南航空	HU1979	经济舱	470	37	37	福州长乐国际机场	温州龙湾国际机场
FLIGHT	C046	C039			PEK		2026-05-01T08:20:00	2026-05-01T11:20:00	中国国航	CA1980	经济舱	920	3	3	南昌昌北国际机场	北京首都国际机场
FLIGHT	C046	C005			SHA		2026-05-01T08:57:00	2026-05-01T10:53:00	东方航空	MU1981	经济舱	640	4	4	南昌昌北国际机场	上海虹桥国际机场
FLIGHT	C046	C082			TSN		2026-05-01T09:34:00	2026-05-01T12:25:00	南方航空	CZ1982	经济舱	890	5	5	南昌昌北国际机场	天津滨海国际机场
FLIGHT	C046	C272			CKG		2026-05-01T10:11:00	2026-05-01T12:37:00	海南航空	HU1983	经济舱	770	6	6	南昌昌北国际机场	重庆江北国际机场
FLIGHT	C046	C220			SJW		2026-05-01T10:48:00	2026-05-01T13:28:00	中国国航	CA1984	经济舱	840	7	7	南昌昌北国际机场	石家庄正定国际机场
FLIGHT	C046	C083			TYN		2026-05-01T11:25:00	2026-05-01T14:07:00	东方航空	MU1985	经济舱	850	8	8	南昌昌北国际机场	太原武宿国际机场
FLIGHT	C046	C061			HET		2026-05-01T12:02:00	2026-05-01T15:17:00	南方航空	CZ1986	经济舱	1000	9	9	南昌昌北国际机场	呼和浩特白塔国际机场
FLIGHT	C046	C172			SHE		2026-05-01T12:39:00	2026-05-01T16:15:00	海南航空	HU1987	经济舱	1090	10	10	南昌昌北国际机场	沈阳桃仙国际机场
FLIGHT	C046	C283			CGQ		2026-05-01T13:16:00	2026-05-01T17:19:00	中国国航	CA1988	经济舱	1210	11	11	南昌昌北国际机场	长春龙嘉国际机场
FLIGHT	C046	C066			HRB		2026-05-01T13:53:00	2026-05-01T18:20:00	东方航空	MU1989	经济舱	1320	12	12	南昌昌北国际机场	哈尔滨太平国际机场
FLIGHT	C046	C042			NKG		2026-05-01T14:30:00	2026-05-01T16:12:00	南方航空	CZ1990	经济舱	580	13	13	南昌昌北国际机场	南京禄口国际机场
FLIGHT	C046	C153			HGH		2026-05-01T15:07:00	2026-05-01T16:47:00	海南航空	HU1991	经济舱	570	14	14	南昌昌北国际机场	杭州萧山国际机场
FLIGHT	C046	C053			HFE		2026-05-01T15:44:00	2026-05-01T17:16:00	中国国航	CA1992	经济舱	540	15	15	南昌昌北国际机场	合肥新桥国际机场
FLIGHT	C046	C221			FOC		2026-05-01T16:21:00	2026-05-01T18:01:00	东方航空	MU1993	经济舱	570	16	16	南昌昌北国际机场	福州长乐国际机场
FLIGHT	C046	C180			TNA		2026-05-01T17:35:00	2026-05-01T20:00:00	海南航空	HU1995	经济舱	780	18	18	南昌昌北国际机场	济南遥墙国际机场
FLIGHT	C046	C267			CGO		2026-05-01T18:12:00	2026-05-01T20:18:00	中国国航	CA1996	经济舱	690	19	19	南昌昌北国际机场	郑州新郑国际机场
FLIGHT	C046	C164			WUH		2026-05-01T18:49:00	2026-05-01T20:10:00	东方航空	MU1997	经济舱	490	20	20	南昌昌北国际机场	武汉天河国际机场
FLIGHT	C046	C284			CSX		2026-05-01T19:26:00	2026-05-01T20:50:00	南方航空	CZ1998	经济舱	510	21	21	南昌昌北国际机场	长沙黄花国际机场
FLIGHT	C046	C112			CAN		2026-05-01T06:03:00	2026-05-01T08:05:00	海南航空	HU1999	经济舱	680	22	22	南昌昌北国际机场	广州白云国际机场
FLIGHT	C046	C044			NNG		2026-05-01T06:40:00	2026-05-01T09:14:00	中国国航	CA2000	经济舱	830	23	23	南昌昌北国际机场	南宁吴圩国际机场
FLIGHT	C046	C184			HAK		2026-05-01T07:17:00	2026-05-01T10:04:00	东方航空	MU2001	经济舱	880	24	24	南昌昌北国际机场	海口美兰国际机场
FLIGHT	C046	C128			TFU		2026-05-01T07:54:00	2026-05-01T10:45:00	南方航空	CZ2002	经济舱	900	25	25	南昌昌北国际机场	成都天府国际机场
FLIGHT	C046	C249			KWE		2026-05-01T08:31:00	2026-05-01T11:00:00	海南航空	HU2003	经济舱	800	26	26	南昌昌北国际机场	贵阳龙洞堡国际机场
FLIGHT	C046	C142			KMG		2026-05-01T09:08:00	2026-05-01T12:19:00	中国国航	CA2004	经济舱	1000	27	27	南昌昌北国际机场	昆明长水国际机场
FLIGHT	C046	C133			LXA		2026-05-01T09:45:00	2026-05-01T14:40:00	东方航空	MU2005	经济舱	1460	28	28	南昌昌北国际机场	拉萨贡嘎国际机场
FLIGHT	C046	C246			XIY		2026-05-01T10:22:00	2026-05-01T12:48:00	南方航空	CZ2006	经济舱	790	29	29	南昌昌北国际机场	西安咸阳国际机场
FLIGHT	C046	C034			LHW		2026-05-01T10:59:00	2026-05-01T14:13:00	海南航空	HU2007	经济舱	1010	30	30	南昌昌北国际机场	兰州中川国际机场
FLIGHT	C046	C245			XNN		2026-05-01T11:36:00	2026-05-01T15:09:00	中国国航	CA2008	经济舱	1100	31	31	南昌昌北国际机场	西宁曹家堡国际机场
FLIGHT	C046	C279			INC		2026-05-01T12:13:00	2026-05-01T15:29:00	东方航空	MU2009	经济舱	1020	32	32	南昌昌北国际机场	银川河东国际机场
FLIGHT	C046	C018					2026-05-01T12:50:00	2026-05-01T18:47:00	南方航空	CZ2010	经济舱	1750	33	33	南昌昌北国际机场	乌鲁木齐天山国际机场
FLIGHT	C046	C300					2026-05-01T13:27:00	2026-05-01T15:35:00	海南航空	HU2011	经济舱	720	34	34	南昌昌北国际机场	香港国际机场
FLIGHT	C046	C190			SZX		2026-05-01T15:18:00	2026-05-01T17:24:00	南方航空	CZ2014	经济舱	710	37	37	南昌昌北国际机场	深圳宝安国际机场
FLIGHT	C046	C050			XMN		2026-05-01T15:55:00	2026-05-01T17:42:00	海南航空	HU2015	经济舱	630	3	3	南昌昌北国际机场	厦门高崎国际机场
FLIGHT	C046	C297					2026-05-01T16:32:00	2026-05-01T18:59:00	中国国航	CA2016	经济舱	810	4	4	南昌昌北国际机场	青岛胶东国际机场
FLIGHT	C046	C080			DLC		2026-05-01T17:09:00	2026-05-01T20:09:00	东方航空	MU2017	经济舱	960	5	5	南昌昌北国际机场	大连周水子国际机场
FLIGHT	C046	C088			NGB		2026-05-01T17:46:00	2026-05-01T19:38:00	南方航空	CZ2018	经济舱	650	6	6	南昌昌北国际机场	宁波栎社国际机场
FLIGHT	C046	C231					2026-05-01T18:23:00	2026-05-01T20:12:00	海南航空	HU2019	经济舱	640	7	7	南昌昌北国际机场	苏州机场
FLIGHT	C046	C139					2026-05-01T19:00:00	2026-05-01T20:48:00	中国国航	CA2020	经济舱	470	8	8	南昌昌北国际机场	苏南硕放国际机场
FLIGHT	C046	C158			KWL		2026-05-01T19:37:00	2026-05-01T21:39:00	东方航空	MU2021	经济舱	530	9	9	南昌昌北国际机场	桂林两江国际机场
FLIGHT	C046	C002			SYX		2026-05-01T06:14:00	2026-05-01T09:22:00	南方航空	CZ2022	经济舱	830	10	10	南昌昌北国际机场	三亚凤凰国际机场
FLIGHT	C046	C119					2026-05-01T06:51:00	2026-05-01T08:39:00	海南航空	HU2023	经济舱	470	11	11	南昌昌北国际机场	张家界荷花国际机场
FLIGHT	C046	C015			LJG		2026-05-01T07:28:00	2026-05-01T10:58:00	中国国航	CA2024	经济舱	930	12	12	南昌昌北国际机场	丽江三义国际机场
FLIGHT	C046	C308			TXN		2026-05-01T08:42:00	2026-05-01T10:04:00	南方航空	CZ2026	经济舱	360	14	14	南昌昌北国际机场	黄山屯溪国际机场
FLIGHT	C046	C210			ZZH		2026-05-01T09:56:00	2026-05-01T12:06:00	中国国航	CA2028	经济舱	570	16	16	南昌昌北国际机场	珠海金湾机场
FLIGHT	C046	C179					2026-05-01T10:33:00	2026-05-01T12:42:00	东方航空	MU2029	经济舱	570	17	17	南昌昌北国际机场	洛阳北郊机场
FLIGHT	C046	C077					2026-05-01T11:10:00	2026-05-01T14:14:00	南方航空	CZ2030	经济舱	820	18	18	南昌昌北国际机场	大同云冈国际机场
FLIGHT	C046	C070			KHG		2026-05-01T12:24:00	2026-05-01T19:42:00	中国国航	CA2032	经济舱	1960	20	20	南昌昌北国际机场	喀什徕宁国际机场
FLIGHT	C046	C056					2026-05-01T13:01:00	2026-05-01T18:42:00	东方航空	MU2033	经济舱	1530	21	21	南昌昌北国际机场	吐鲁番交河机场
FLIGHT	C046	C292					2026-05-01T13:38:00	2026-05-01T19:52:00	南方航空	CZ2034	经济舱	1680	22	22	南昌昌北国际机场	阿勒泰雪都机场
FLIGHT	C046	C222			BPE		2026-05-01T14:15:00	2026-05-01T17:20:00	海南航空	HU2035	经济舱	830	23	23	南昌昌北国际机场	秦皇岛北戴河机场
FLIGHT	C046	C084			WEH		2026-05-01T14:52:00	2026-05-01T17:41:00	中国国航	CA2036	经济舱	760	24	24	南昌昌北国际机场	威海大水泊国际机场
FLIGHT	C046	C176			JJN		2026-05-01T15:29:00	2026-05-01T17:15:00	东方航空	MU2037	经济舱	480	25	25	南昌昌北国际机场	泉州晋江国际机场
FLIGHT	C046	C129			YTY		2026-05-01T16:06:00	2026-05-01T17:55:00	南方航空	CZ2038	经济舱	490	26	26	南昌昌北国际机场	扬州泰州国际机场
FLIGHT	C046	C071					2026-05-01T16:43:00	2026-05-01T18:31:00	海南航空	HU2039	经济舱	490	27	27	南昌昌北国际机场	嘉兴机场
FLIGHT	C046	C040			BHY		2026-05-01T17:20:00	2026-05-01T20:00:00	中国国航	CA2040	经济舱	720	28	28	南昌昌北国际机场	北海福成机场
FLIGHT	C046	C147					2026-05-01T17:57:00	2026-05-01T19:07:00	东方航空	MU2041	经济舱	320	29	29	南昌昌北国际机场	景德镇罗家机场
FLIGHT	C046	C127					2026-05-01T19:48:00	2026-05-01T21:47:00	中国国航	CA2044	经济舱	540	32	32	南昌昌北国际机场	惠州平潭机场
FLIGHT	C046	C205			YNT		2026-05-01T07:02:00	2026-05-01T09:48:00	南方航空	CZ2046	经济舱	750	34	34	南昌昌北国际机场	烟台蓬莱国际机场
FLIGHT	C046	C025					2026-05-01T07:39:00	2026-05-01T09:43:00	海南航空	HU2047	经济舱	570	35	35	南昌昌北国际机场	佛山沙堤机场
FLIGHT	C046	C192			WNZ		2026-05-01T08:53:00	2026-05-01T10:36:00	东方航空	MU2049	经济舱	470	37	37	南昌昌北国际机场	温州龙湾国际机场
FLIGHT	C180	C039	TNA		PEK		2026-05-01T09:30:00	2026-05-01T11:01:00	南方航空	CZ2050	经济舱	420	3	3	济南遥墙国际机场	北京首都国际机场
FLIGHT	C180	C005	TNA		SHA		2026-05-01T10:07:00	2026-05-01T12:15:00	海南航空	HU2051	经济舱	590	4	4	济南遥墙国际机场	上海虹桥国际机场
FLIGHT	C180	C082	TNA		TSN		2026-05-01T10:44:00	2026-05-01T12:06:00	中国国航	CA2052	经济舱	380	5	5	济南遥墙国际机场	天津滨海国际机场
FLIGHT	C180	C272	TNA		CKG		2026-05-01T11:21:00	2026-05-01T14:21:00	东方航空	MU2053	经济舱	830	6	6	济南遥墙国际机场	重庆江北国际机场
FLIGHT	C180	C220	TNA		SJW		2026-05-01T11:58:00	2026-05-01T13:20:00	南方航空	CZ2054	经济舱	390	7	7	济南遥墙国际机场	石家庄正定国际机场
FLIGHT	C180	C083	TNA		TYN		2026-05-01T12:35:00	2026-05-01T14:12:00	海南航空	HU2055	经济舱	450	8	8	济南遥墙国际机场	太原武宿国际机场
FLIGHT	C180	C061	TNA		HET		2026-05-01T13:12:00	2026-05-01T15:12:00	中国国航	CA2056	经济舱	560	9	9	济南遥墙国际机场	呼和浩特白塔国际机场
FLIGHT	C180	C172	TNA		SHE		2026-05-01T13:49:00	2026-05-01T16:03:00	东方航空	MU2057	经济舱	620	10	10	济南遥墙国际机场	沈阳桃仙国际机场
FLIGHT	C180	C283	TNA		CGQ		2026-05-01T14:26:00	2026-05-01T17:07:00	南方航空	CZ2058	经济舱	750	11	11	济南遥墙国际机场	长春龙嘉国际机场
FLIGHT	C180	C066	TNA		HRB		2026-05-01T15:03:00	2026-05-01T18:07:00	海南航空	HU2059	经济舱	850	12	12	济南遥墙国际机场	哈尔滨太平国际机场
FLIGHT	C180	C042	TNA		NKG		2026-05-01T15:40:00	2026-05-01T17:29:00	中国国航	CA2060	经济舱	510	13	13	济南遥墙国际机场	南京禄口国际机场
FLIGHT	C180	C153	TNA		HGH		2026-05-01T16:17:00	2026-05-01T18:29:00	东方航空	MU2061	经济舱	620	14	14	济南遥墙国际机场	杭州萧山国际机场
FLIGHT	C180	C053	TNA		HFE		2026-05-01T16:54:00	2026-05-01T18:43:00	南方航空	CZ2062	经济舱	510	15	15	济南遥墙国际机场	合肥新桥国际机场
FLIGHT	C180	C221	TNA		FOC		2026-05-01T17:31:00	2026-05-01T20:26:00	海南航空	HU2063	经济舱	810	16	16	济南遥墙国际机场	福州长乐国际机场
FLIGHT	C180	C046	TNA				2026-05-01T18:08:00	2026-05-01T20:33:00	中国国航	CA2064	经济舱	680	17	17	济南遥墙国际机场	南昌昌北国际机场
FLIGHT	C180	C267	TNA		CGO		2026-05-01T19:22:00	2026-05-01T20:54:00	南方航空	CZ2066	经济舱	440	19	19	济南遥墙国际机场	郑州新郑国际机场
FLIGHT	C180	C164	TNA		WUH		2026-05-01T19:59:00	2026-05-01T22:06:00	海南航空	HU2067	经济舱	600	20	20	济南遥墙国际机场	武汉天河国际机场
FLIGHT	C180	C284	TNA		CSX		2026-05-01T06:36:00	2026-05-01T09:12:00	中国国航	CA2068	经济舱	730	21	21	济南遥墙国际机场	长沙黄花国际机场
FLIGHT	C180	C112	TNA		CAN		2026-05-01T07:13:00	2026-05-01T10:43:00	东方航空	MU2069	经济舱	980	22	22	济南遥墙国际机场	广州白云国际机场
FLIGHT	C180	C044	TNA		NNG		2026-05-01T07:50:00	2026-05-01T11:40:00	南方航空	CZ2070	经济舱	1070	23	23	济南遥墙国际机场	南宁吴圩国际机场
FLIGHT	C180	C184	TNA		HAK		2026-05-01T08:27:00	2026-05-01T12:38:00	海南航空	HU2071	经济舱	1160	24	24	济南遥墙国际机场	海口美兰国际机场
FLIGHT	C180	C128	TNA		TFU		2026-05-01T09:04:00	2026-05-01T12:17:00	中国国航	CA2072	经济舱	900	25	25	济南遥墙国际机场	成都天府国际机场
FLIGHT	C180	C249	TNA		KWE		2026-05-01T09:41:00	2026-05-01T13:04:00	东方航空	MU2073	经济舱	950	26	26	济南遥墙国际机场	贵阳龙洞堡国际机场
FLIGHT	C180	C142	TNA		KMG		2026-05-01T10:18:00	2026-05-01T14:21:00	南方航空	CZ2074	经济舱	1130	27	27	济南遥墙国际机场	昆明长水国际机场
FLIGHT	C180	C133	TNA		LXA		2026-05-01T10:55:00	2026-05-01T16:02:00	海南航空	HU2075	经济舱	1420	28	28	济南遥墙国际机场	拉萨贡嘎国际机场
FLIGHT	C180	C246	TNA		XIY		2026-05-01T11:32:00	2026-05-01T13:45:00	中国国航	CA2076	经济舱	640	29	29	济南遥墙国际机场	西安咸阳国际机场
FLIGHT	C180	C034	TNA		LHW		2026-05-01T12:09:00	2026-05-01T15:02:00	东方航空	MU2077	经济舱	820	30	30	济南遥墙国际机场	兰州中川国际机场
FLIGHT	C180	C245	TNA		XNN		2026-05-01T12:46:00	2026-05-01T15:57:00	南方航空	CZ2078	经济舱	900	31	31	济南遥墙国际机场	西宁曹家堡国际机场
FLIGHT	C180	C279	TNA		INC		2026-05-01T13:23:00	2026-05-01T15:55:00	海南航空	HU2079	经济舱	730	32	32	济南遥墙国际机场	银川河东国际机场
FLIGHT	C180	C018	TNA				2026-05-01T14:00:00	2026-05-01T19:15:00	中国国航	CA2080	经济舱	1460	33	33	济南遥墙国际机场	乌鲁木齐天山国际机场
FLIGHT	C180	C300	TNA				2026-05-01T14:37:00	2026-05-01T18:14:00	东方航空	MU2081	经济舱	1020	34	34	济南遥墙国际机场	香港国际机场
FLIGHT	C180	C190	TNA		SZX		2026-05-01T16:28:00	2026-05-01T20:03:00	中国国航	CA2084	经济舱	1010	37	37	济南遥墙国际机场	深圳宝安国际机场
FLIGHT	C180	C050	TNA		XMN		2026-05-01T17:05:00	2026-05-01T20:16:00	东方航空	MU2085	经济舱	910	3	3	济南遥墙国际机场	厦门高崎国际机场
FLIGHT	C180	C297	TNA				2026-05-01T17:42:00	2026-05-01T19:08:00	南方航空	CZ2086	经济舱	430	4	4	济南遥墙国际机场	青岛胶东国际机场
FLIGHT	C180	C080	TNA		DLC		2026-05-01T18:19:00	2026-05-01T20:01:00	海南航空	HU2087	经济舱	510	5	5	济南遥墙国际机场	大连周水子国际机场
FLIGHT	C180	C088	TNA		NGB		2026-05-01T18:56:00	2026-05-01T21:18:00	中国国航	CA2088	经济舱	690	6	6	济南遥墙国际机场	宁波栎社国际机场
FLIGHT	C180	C231	TNA				2026-05-01T19:33:00	2026-05-01T21:36:00	东方航空	MU2089	经济舱	610	7	7	济南遥墙国际机场	苏州机场
FLIGHT	C180	C139	TNA				2026-05-01T06:10:00	2026-05-01T08:10:00	南方航空	CZ2090	经济舱	590	8	8	济南遥墙国际机场	苏南硕放国际机场
FLIGHT	C180	C158	TNA		KWL		2026-05-01T06:47:00	2026-05-01T10:04:00	海南航空	HU2091	经济舱	940	9	9	济南遥墙国际机场	桂林两江国际机场
FLIGHT	C180	C002	TNA		SYX		2026-05-01T07:24:00	2026-05-01T11:57:00	中国国航	CA2092	经济舱	1280	10	10	济南遥墙国际机场	三亚凤凰国际机场
FLIGHT	C180	C119	TNA				2026-05-01T08:01:00	2026-05-01T10:40:00	东方航空	MU2093	经济舱	770	11	11	济南遥墙国际机场	张家界荷花国际机场
FLIGHT	C180	C015	TNA		LJG		2026-05-01T08:38:00	2026-05-01T12:45:00	南方航空	CZ2094	经济舱	1170	12	12	济南遥墙国际机场	丽江三义国际机场
FLIGHT	C180	C308	TNA		TXN		2026-05-01T09:52:00	2026-05-01T12:05:00	中国国航	CA2096	经济舱	660	14	14	济南遥墙国际机场	黄山屯溪国际机场
FLIGHT	C180	C210	TNA		ZZH		2026-05-01T11:06:00	2026-05-01T14:45:00	南方航空	CZ2098	经济舱	1040	16	16	济南遥墙国际机场	珠海金湾机场
FLIGHT	C180	C179	TNA				2026-05-01T11:43:00	2026-05-01T13:25:00	海南航空	HU2099	经济舱	520	17	17	济南遥墙国际机场	洛阳北郊机场
FLIGHT	C180	C077	TNA				2026-05-01T12:20:00	2026-05-01T14:05:00	中国国航	CA2100	经济舱	530	18	18	济南遥墙国际机场	大同云冈国际机场
FLIGHT	C180	C070	TNA		KHG		2026-05-01T13:34:00	2026-05-01T20:26:00	南方航空	CZ2102	经济舱	1920	20	20	济南遥墙国际机场	喀什徕宁国际机场
FLIGHT	C180	C056	TNA				2026-05-01T14:11:00	2026-05-01T19:12:00	海南航空	HU2103	经济舱	1420	21	21	济南遥墙国际机场	吐鲁番交河机场
FLIGHT	C180	C292	TNA				2026-05-01T14:48:00	2026-05-01T20:09:00	中国国航	CA2104	经济舱	1510	22	22	济南遥墙国际机场	阿勒泰雪都机场
FLIGHT	C180	C222	TNA		BPE		2026-05-01T15:25:00	2026-05-01T17:03:00	东方航空	MU2105	经济舱	510	23	23	济南遥墙国际机场	秦皇岛北戴河机场
FLIGHT	C180	C084	TNA		WEH		2026-05-01T16:02:00	2026-05-01T17:43:00	南方航空	CZ2106	经济舱	520	24	24	济南遥墙国际机场	威海大水泊国际机场
FLIGHT	C180	C176	TNA		JJN		2026-05-01T16:39:00	2026-05-01T19:46:00	海南航空	HU2107	经济舱	910	25	25	济南遥墙国际机场	泉州晋江国际机场
FLIGHT	C180	C129	TNA		YTY		2026-05-01T17:16:00	2026-05-01T19:03:00	中国国航	CA2108	经济舱	550	26	26	济南遥墙国际机场	扬州泰州国际机场
FLIGHT	C180	C071	TNA				2026-05-01T17:53:00	2026-05-01T20:02:00	东方航空	MU2109	经济舱	650	27	27	济南遥墙国际机场	嘉兴机场
FLIGHT	C180	C040	TNA		BHY		2026-05-01T18:30:00	2026-05-01T22:30:00	南方航空	CZ2110	经济舱	1150	28	28	济南遥墙国际机场	北海福成机场
FLIGHT	C180	C147	TNA				2026-05-01T19:07:00	2026-05-01T21:24:00	海南航空	HU2111	经济舱	690	29	29	济南遥墙国际机场	景德镇罗家机场
FLIGHT	C180	C127	TNA				2026-05-01T06:58:00	2026-05-01T10:26:00	南方航空	CZ2114	经济舱	1010	32	32	济南遥墙国际机场	惠州平潭机场
FLIGHT	C180	C205	TNA		YNT		2026-05-01T08:12:00	2026-05-01T09:47:00	中国国航	CA2116	经济舱	510	34	34	济南遥墙国际机场	烟台蓬莱国际机场
FLIGHT	C180	C025	TNA				2026-05-01T08:49:00	2026-05-01T12:20:00	东方航空	MU2117	经济舱	1030	35	35	济南遥墙国际机场	佛山沙堤机场
FLIGHT	C180	C192	TNA		WNZ		2026-05-01T10:03:00	2026-05-01T12:40:00	海南航空	HU2119	经济舱	790	37	37	济南遥墙国际机场	温州龙湾国际机场
FLIGHT	C267	C039	CGO		PEK		2026-05-01T10:40:00	2026-05-01T12:37:00	中国国航	CA2120	经济舱	610	3	3	郑州新郑国际机场	北京首都国际机场
FLIGHT	C267	C005	CGO		SHA		2026-05-01T11:17:00	2026-05-01T13:35:00	东方航空	MU2121	经济舱	700	4	4	郑州新郑国际机场	上海虹桥国际机场
FLIGHT	C267	C082	CGO		TSN		2026-05-01T11:54:00	2026-05-01T13:47:00	南方航空	CZ2122	经济舱	590	5	5	郑州新郑国际机场	天津滨海国际机场
FLIGHT	C267	C272	CGO		CKG		2026-05-01T12:31:00	2026-05-01T14:54:00	海南航空	HU2123	经济舱	730	6	6	郑州新郑国际机场	重庆江北国际机场
FLIGHT	C267	C220	CGO		SJW		2026-05-01T13:08:00	2026-05-01T14:40:00	中国国航	CA2124	经济舱	500	7	7	郑州新郑国际机场	石家庄正定国际机场
FLIGHT	C267	C083	CGO		TYN		2026-05-01T13:45:00	2026-05-01T15:16:00	东方航空	MU2125	经济舱	500	8	8	郑州新郑国际机场	太原武宿国际机场
FLIGHT	C267	C061	CGO		HET		2026-05-01T14:22:00	2026-05-01T16:27:00	南方航空	CZ2126	经济舱	650	9	9	郑州新郑国际机场	呼和浩特白塔国际机场
FLIGHT	C267	C172	CGO		SHE		2026-05-01T14:59:00	2026-05-01T17:50:00	海南航空	HU2127	经济舱	860	10	10	郑州新郑国际机场	沈阳桃仙国际机场
FLIGHT	C267	C283	CGO		CGQ		2026-05-01T15:36:00	2026-05-01T18:53:00	中国国航	CA2128	经济舱	980	11	11	郑州新郑国际机场	长春龙嘉国际机场
FLIGHT	C267	C066	CGO		HRB		2026-05-01T16:13:00	2026-05-01T19:52:00	东方航空	MU2129	经济舱	1080	12	12	郑州新郑国际机场	哈尔滨太平国际机场
FLIGHT	C267	C042	CGO		NKG		2026-05-01T16:50:00	2026-05-01T18:42:00	南方航空	CZ2130	经济舱	590	13	13	郑州新郑国际机场	南京禄口国际机场
FLIGHT	C267	C153	CGO		HGH		2026-05-01T17:27:00	2026-05-01T19:41:00	海南航空	HU2131	经济舱	700	14	14	郑州新郑国际机场	杭州萧山国际机场
FLIGHT	C267	C053	CGO		HFE		2026-05-01T18:04:00	2026-05-01T19:46:00	中国国航	CA2132	经济舱	550	15	15	郑州新郑国际机场	合肥新桥国际机场
FLIGHT	C267	C221	CGO		FOC		2026-05-01T18:41:00	2026-05-01T21:27:00	东方航空	MU2133	经济舱	840	16	16	郑州新郑国际机场	福州长乐国际机场
FLIGHT	C267	C046	CGO				2026-05-01T19:18:00	2026-05-01T21:24:00	南方航空	CZ2134	经济舱	660	17	17	郑州新郑国际机场	南昌昌北国际机场
FLIGHT	C267	C180	CGO		TNA		2026-05-01T19:55:00	2026-05-01T21:27:00	海南航空	HU2135	经济舱	510	18	18	郑州新郑国际机场	济南遥墙国际机场
FLIGHT	C267	C164	CGO		WUH		2026-05-01T07:09:00	2026-05-01T08:51:00	东方航空	MU2137	经济舱	560	20	20	郑州新郑国际机场	武汉天河国际机场
FLIGHT	C267	C284	CGO		CSX		2026-05-01T07:46:00	2026-05-01T09:54:00	南方航空	CZ2138	经济舱	680	21	21	郑州新郑国际机场	长沙黄花国际机场
FLIGHT	C267	C112	CGO		CAN		2026-05-01T08:23:00	2026-05-01T11:27:00	海南航空	HU2139	经济舱	930	22	22	郑州新郑国际机场	广州白云国际机场
FLIGHT	C267	C044	CGO		NNG		2026-05-01T09:00:00	2026-05-01T12:17:00	中国国航	CA2140	经济舱	990	23	23	郑州新郑国际机场	南宁吴圩国际机场
FLIGHT	C267	C184	CGO		HAK		2026-05-01T09:37:00	2026-05-01T13:19:00	东方航空	MU2141	经济舱	1100	24	24	郑州新郑国际机场	海口美兰国际机场
FLIGHT	C267	C128	CGO		TFU		2026-05-01T10:14:00	2026-05-01T12:50:00	南方航空	CZ2142	经济舱	810	25	25	郑州新郑国际机场	成都天府国际机场
FLIGHT	C267	C249	CGO		KWE		2026-05-01T10:51:00	2026-05-01T13:38:00	海南航空	HU2143	经济舱	860	26	26	郑州新郑国际机场	贵阳龙洞堡国际机场
FLIGHT	C267	C142	CGO		KMG		2026-05-01T11:28:00	2026-05-01T14:54:00	中国国航	CA2144	经济舱	1030	27	27	郑州新郑国际机场	昆明长水国际机场
FLIGHT	C267	C133	CGO		LXA		2026-05-01T12:05:00	2026-05-01T16:38:00	东方航空	MU2145	经济舱	1340	28	28	郑州新郑国际机场	拉萨贡嘎国际机场
FLIGHT	C267	C246	CGO		XIY		2026-05-01T12:42:00	2026-05-01T14:20:00	南方航空	CZ2146	经济舱	550	29	29	郑州新郑国际机场	西安咸阳国际机场
FLIGHT	C267	C034	CGO		LHW		2026-05-01T13:19:00	2026-05-01T15:44:00	海南航空	HU2147	经济舱	760	30	30	郑州新郑国际机场	兰州中川国际机场
FLIGHT	C267	C245	CGO		XNN		2026-05-01T13:56:00	2026-05-01T16:40:00	中国国航	CA2148	经济舱	850	31	31	郑州新郑国际机场	西宁曹家堡国际机场
FLIGHT	C267	C279	CGO		INC		2026-05-01T14:33:00	2026-05-01T16:46:00	东方航空	MU2149	经济舱	710	32	32	郑州新郑国际机场	银川河东国际机场
FLIGHT	C267	C018	CGO				2026-05-01T15:10:00	2026-05-01T20:09:00	南方航空	CZ2150	经济舱	1460	33	33	郑州新郑国际机场	乌鲁木齐天山国际机场
FLIGHT	C267	C300	CGO				2026-05-01T15:47:00	2026-05-01T19:00:00	海南航空	HU2151	经济舱	980	34	34	郑州新郑国际机场	香港国际机场
FLIGHT	C267	C190	CGO		SZX		2026-05-01T17:38:00	2026-05-01T20:49:00	南方航空	CZ2154	经济舱	980	37	37	郑州新郑国际机场	深圳宝安国际机场
FLIGHT	C267	C050	CGO		XMN		2026-05-01T18:15:00	2026-05-01T21:12:00	海南航空	HU2155	经济舱	910	3	3	郑州新郑国际机场	厦门高崎国际机场
FLIGHT	C267	C297	CGO				2026-05-01T18:52:00	2026-05-01T20:50:00	中国国航	CA2156	经济舱	650	4	4	郑州新郑国际机场	青岛胶东国际机场
FLIGHT	C267	C080	CGO		DLC		2026-05-01T19:29:00	2026-05-01T21:49:00	东方航空	MU2157	经济舱	750	5	5	郑州新郑国际机场	大连周水子国际机场
FLIGHT	C267	C088	CGO		NGB		2026-05-01T06:06:00	2026-05-01T08:33:00	南方航空	CZ2158	经济舱	780	6	6	郑州新郑国际机场	宁波栎社国际机场
FLIGHT	C267	C231	CGO				2026-05-01T06:43:00	2026-05-01T08:53:00	海南航空	HU2159	经济舱	710	7	7	郑州新郑国际机场	苏州机场
FLIGHT	C267	C139	CGO				2026-05-01T07:20:00	2026-05-01T09:27:00	中国国航	CA2160	经济舱	690	8	8	郑州新郑国际机场	苏南硕放国际机场
FLIGHT	C267	C158	CGO		KWL		2026-05-01T07:57:00	2026-05-01T10:42:00	东方航空	MU2161	经济舱	870	9	9	郑州新郑国际机场	桂林两江国际机场
FLIGHT	C267	C002	CGO		SYX		2026-05-01T08:34:00	2026-05-01T12:37:00	南方航空	CZ2162	经济舱	1220	10	10	郑州新郑国际机场	三亚凤凰国际机场
FLIGHT	C267	C119	CGO				2026-05-01T09:11:00	2026-05-01T11:15:00	海南航空	HU2163	经济舱	680	11	11	郑州新郑国际机场	张家界荷花国际机场
FLIGHT	C267	C015	CGO		LJG		2026-05-01T09:48:00	2026-05-01T13:18:00	中国国航	CA2164	经济舱	1070	12	12	郑州新郑国际机场	丽江三义国际机场
FLIGHT	C267	C308	CGO		TXN		2026-05-01T11:02:00	2026-05-01T13:08:00	南方航空	CZ2166	经济舱	700	14	14	郑州新郑国际机场	黄山屯溪国际机场
FLIGHT	C267	C210	CGO		ZZH		2026-05-01T12:16:00	2026-05-01T15:30:00	中国国航	CA2168	经济舱	1000	16	16	郑州新郑国际机场	珠海金湾机场
FLIGHT	C267	C179	CGO				2026-05-01T12:53:00	2026-05-01T14:03:00	东方航空	MU2169	经济舱	430	17	17	郑州新郑国际机场	洛阳北郊机场
FLIGHT	C267	C077	CGO				2026-05-01T13:30:00	2026-05-01T15:24:00	南方航空	CZ2170	经济舱	650	18	18	郑州新郑国际机场	大同云冈国际机场
FLIGHT	C267	C070	CGO		KHG		2026-05-01T14:44:00	2026-05-01T21:14:00	中国国航	CA2172	经济舱	1890	20	20	郑州新郑国际机场	喀什徕宁国际机场
FLIGHT	C267	C056	CGO				2026-05-01T15:21:00	2026-05-01T20:05:00	东方航空	MU2173	经济舱	1420	21	21	郑州新郑国际机场	吐鲁番交河机场
FLIGHT	C267	C292	CGO				2026-05-01T15:58:00	2026-05-01T21:09:00	南方航空	CZ2174	经济舱	1540	22	22	郑州新郑国际机场	阿勒泰雪都机场
FLIGHT	C267	C222	CGO		BPE		2026-05-01T16:35:00	2026-05-01T18:48:00	海南航空	HU2175	经济舱	740	23	23	郑州新郑国际机场	秦皇岛北戴河机场
FLIGHT	C267	C084	CGO		WEH		2026-05-01T17:12:00	2026-05-01T19:29:00	中国国航	CA2176	经济舱	760	24	24	郑州新郑国际机场	威海大水泊国际机场
FLIGHT	C267	C176	CGO		JJN		2026-05-01T17:49:00	2026-05-01T20:44:00	东方航空	MU2177	经济舱	930	25	25	郑州新郑国际机场	泉州晋江国际机场
FLIGHT	C267	C129	CGO		YTY		2026-05-01T18:26:00	2026-05-01T20:21:00	南方航空	CZ2178	经济舱	660	26	26	郑州新郑国际机场	扬州泰州国际机场
FLIGHT	C267	C071	CGO				2026-05-01T19:03:00	2026-05-01T21:18:00	海南航空	HU2179	经济舱	750	27	27	郑州新郑国际机场	嘉兴机场
FLIGHT	C267	C040	CGO		BHY		2026-05-01T19:40:00	2026-05-01T23:09:00	中国国航	CA2180	经济舱	1080	28	28	郑州新郑国际机场	北海福成机场
FLIGHT	C267	C147	CGO				2026-05-01T06:17:00	2026-05-01T08:22:00	东方航空	MU2181	经济舱	700	29	29	郑州新郑国际机场	景德镇罗家机场
FLIGHT	C267	C127	CGO				2026-05-01T08:08:00	2026-05-01T11:13:00	中国国航	CA2184	经济舱	980	32	32	郑州新郑国际机场	惠州平潭机场
FLIGHT	C267	C205	CGO		YNT		2026-05-01T09:22:00	2026-05-01T11:33:00	南方航空	CZ2186	经济舱	740	34	34	郑州新郑国际机场	烟台蓬莱国际机场
FLIGHT	C267	C025	CGO				2026-05-01T09:59:00	2026-05-01T13:05:00	海南航空	HU2187	经济舱	980	35	35	郑州新郑国际机场	佛山沙堤机场
FLIGHT	C267	C192	CGO		WNZ		2026-05-01T11:13:00	2026-05-01T13:48:00	东方航空	MU2189	经济舱	850	37	37	郑州新郑国际机场	温州龙湾国际机场
FLIGHT	C164	C039	WUH		PEK		2026-05-01T11:50:00	2026-05-01T14:30:00	南方航空	CZ2190	经济舱	700	3	3	武汉天河国际机场	北京首都国际机场
FLIGHT	C164	C005	WUH		SHA		2026-05-01T12:27:00	2026-05-01T14:31:00	海南航空	HU2191	经济舱	540	4	4	武汉天河国际机场	上海虹桥国际机场
FLIGHT	C164	C082	WUH		TSN		2026-05-01T13:04:00	2026-05-01T15:37:00	中国国航	CA2192	经济舱	670	5	5	武汉天河国际机场	天津滨海国际机场
FLIGHT	C164	C272	WUH		CKG		2026-05-01T13:41:00	2026-05-01T15:51:00	东方航空	MU2193	经济舱	570	6	6	武汉天河国际机场	重庆江北国际机场
FLIGHT	C164	C220	WUH		SJW		2026-05-01T14:18:00	2026-05-01T16:36:00	南方航空	CZ2194	经济舱	610	7	7	武汉天河国际机场	石家庄正定国际机场
FLIGHT	C164	C083	WUH		TYN		2026-05-01T14:55:00	2026-05-01T17:13:00	海南航空	HU2195	经济舱	610	8	8	武汉天河国际机场	太原武宿国际机场
FLIGHT	C164	C061	WUH		HET		2026-05-01T15:32:00	2026-05-01T18:23:00	中国国航	CA2196	经济舱	760	9	9	武汉天河国际机场	呼和浩特白塔国际机场
FLIGHT	C164	C172	WUH		SHE		2026-05-01T16:09:00	2026-05-01T19:33:00	东方航空	MU2197	经济舱	910	10	10	武汉天河国际机场	沈阳桃仙国际机场
FLIGHT	C164	C283	WUH		CGQ		2026-05-01T16:46:00	2026-05-01T20:37:00	南方航空	CZ2198	经济舱	1030	11	11	武汉天河国际机场	长春龙嘉国际机场
FLIGHT	C164	C066	WUH		HRB		2026-05-01T17:23:00	2026-05-01T21:38:00	海南航空	HU2199	经济舱	1140	12	12	武汉天河国际机场	哈尔滨太平国际机场
FLIGHT	C164	C042	WUH		NKG		2026-05-01T18:00:00	2026-05-01T19:41:00	中国国航	CA2200	经济舱	450	13	13	武汉天河国际机场	南京禄口国际机场
FLIGHT	C164	C153	WUH		HGH		2026-05-01T18:37:00	2026-05-01T20:28:00	东方航空	MU2201	经济舱	490	14	14	武汉天河国际机场	杭州萧山国际机场
FLIGHT	C164	C053	WUH		HFE		2026-05-01T19:14:00	2026-05-01T20:40:00	南方航空	CZ2202	经济舱	380	15	15	武汉天河国际机场	合肥新桥国际机场
FLIGHT	C164	C221	WUH		FOC		2026-05-01T19:51:00	2026-05-01T21:56:00	海南航空	HU2203	经济舱	560	16	16	武汉天河国际机场	福州长乐国际机场
FLIGHT	C164	C046	WUH				2026-05-01T06:28:00	2026-05-01T07:49:00	中国国航	CA2204	经济舱	360	17	17	武汉天河国际机场	南昌昌北国际机场
FLIGHT	C164	C180	WUH		TNA		2026-05-01T07:05:00	2026-05-01T09:12:00	东方航空	MU2205	经济舱	570	18	18	武汉天河国际机场	济南遥墙国际机场
FLIGHT	C164	C267	WUH		CGO		2026-05-01T07:42:00	2026-05-01T09:24:00	南方航空	CZ2206	经济舱	460	19	19	武汉天河国际机场	郑州新郑国际机场
FLIGHT	C164	C284	WUH		CSX		2026-05-01T08:56:00	2026-05-01T10:20:00	中国国航	CA2208	经济舱	380	21	21	武汉天河国际机场	长沙黄花国际机场
FLIGHT	C164	C112	WUH		CAN		2026-05-01T09:33:00	2026-05-01T11:52:00	东方航空	MU2209	经济舱	630	22	22	武汉天河国际机场	广州白云国际机场
FLIGHT	C164	C044	WUH		NNG		2026-05-01T10:10:00	2026-05-01T12:50:00	南方航空	CZ2210	经济舱	720	23	23	武汉天河国际机场	南宁吴圩国际机场
FLIGHT	C164	C184	WUH		HAK		2026-05-01T10:47:00	2026-05-01T13:46:00	海南航空	HU2211	经济舱	810	24	24	武汉天河国际机场	海口美兰国际机场
FLIGHT	C164	C128	WUH		TFU		2026-05-01T11:24:00	2026-05-01T13:57:00	中国国航	CA2212	经济舱	690	25	25	武汉天河国际机场	成都天府国际机场
FLIGHT	C164	C249	WUH		KWE		2026-05-01T12:01:00	2026-05-01T14:23:00	东方航空	MU2213	经济舱	640	26	26	武汉天河国际机场	贵阳龙洞堡国际机场
FLIGHT	C164	C142	WUH		KMG		2026-05-01T12:38:00	2026-05-01T15:43:00	南方航空	CZ2214	经济舱	840	27	27	武汉天河国际机场	昆明长水国际机场
FLIGHT	C164	C133	WUH		LXA		2026-05-01T13:15:00	2026-05-01T17:52:00	海南航空	HU2215	经济舱	1260	28	28	武汉天河国际机场	拉萨贡嘎国际机场
FLIGHT	C164	C246	WUH		XIY		2026-05-01T13:52:00	2026-05-01T15:52:00	中国国航	CA2216	经济舱	550	29	29	武汉天河国际机场	西安咸阳国际机场
FLIGHT	C164	C034	WUH		LHW		2026-05-01T14:29:00	2026-05-01T17:19:00	东方航空	MU2217	经济舱	770	30	30	武汉天河国际机场	兰州中川国际机场
FLIGHT	C164	C245	WUH		XNN		2026-05-01T15:06:00	2026-05-01T18:15:00	南方航空	CZ2218	经济舱	860	31	31	武汉天河国际机场	西宁曹家堡国际机场
FLIGHT	C164	C279	WUH		INC		2026-05-01T15:43:00	2026-05-01T18:33:00	海南航空	HU2219	经济舱	780	32	32	武汉天河国际机场	银川河东国际机场
FLIGHT	C164	C018	WUH				2026-05-01T16:20:00	2026-05-01T21:51:00	中国国航	CA2220	经济舱	1500	33	33	武汉天河国际机场	乌鲁木齐天山国际机场
FLIGHT	C164	C300	WUH				2026-05-01T16:57:00	2026-05-01T19:24:00	东方航空	MU2221	经济舱	670	34	34	武汉天河国际机场	香港国际机场
FLIGHT	C164	C190	WUH		SZX		2026-05-01T18:48:00	2026-05-01T21:13:00	中国国航	CA2224	经济舱	670	37	37	武汉天河国际机场	深圳宝安国际机场
FLIGHT	C164	C050	WUH		XMN		2026-05-01T19:25:00	2026-05-01T21:38:00	东方航空	MU2225	经济舱	610	3	3	武汉天河国际机场	厦门高崎国际机场
FLIGHT	C164	C297	WUH				2026-05-01T06:02:00	2026-05-01T08:20:00	南方航空	CZ2226	经济舱	640	4	4	武汉天河国际机场	青岛胶东国际机场
FLIGHT	C164	C080	WUH		DLC		2026-05-01T06:39:00	2026-05-01T09:28:00	海南航空	HU2227	经济舱	780	5	5	武汉天河国际机场	大连周水子国际机场
FLIGHT	C164	C088	WUH		NGB		2026-05-01T07:16:00	2026-05-01T09:21:00	中国国航	CA2228	经济舱	580	6	6	武汉天河国际机场	宁波栎社国际机场
FLIGHT	C164	C231	WUH				2026-05-01T07:53:00	2026-05-01T09:48:00	东方航空	MU2229	经济舱	540	7	7	武汉天河国际机场	苏州机场
FLIGHT	C164	C139	WUH				2026-05-01T08:30:00	2026-05-01T10:23:00	南方航空	CZ2230	经济舱	530	8	8	武汉天河国际机场	苏南硕放国际机场
FLIGHT	C164	C158	WUH		KWL		2026-05-01T09:07:00	2026-05-01T11:13:00	海南航空	HU2231	经济舱	590	9	9	武汉天河国际机场	桂林两江国际机场
FLIGHT	C164	C002	WUH		SYX		2026-05-01T09:44:00	2026-05-01T13:04:00	中国国航	CA2232	经济舱	930	10	10	武汉天河国际机场	三亚凤凰国际机场
FLIGHT	C164	C119	WUH				2026-05-01T10:21:00	2026-05-01T11:56:00	东方航空	MU2233	经济舱	450	11	11	武汉天河国际机场	张家界荷花国际机场
FLIGHT	C164	C015	WUH		LJG		2026-05-01T10:58:00	2026-05-01T14:16:00	南方航空	CZ2234	经济舱	920	12	12	武汉天河国际机场	丽江三义国际机场
FLIGHT	C164	C308	WUH		TXN		2026-05-01T12:12:00	2026-05-01T13:47:00	中国国航	CA2236	经济舱	460	14	14	武汉天河国际机场	黄山屯溪国际机场
FLIGHT	C164	C210	WUH		ZZH		2026-05-01T13:26:00	2026-05-01T15:54:00	南方航空	CZ2238	经济舱	700	16	16	武汉天河国际机场	珠海金湾机场
FLIGHT	C164	C179	WUH				2026-05-01T14:03:00	2026-05-01T15:46:00	海南航空	HU2239	经济舱	500	17	17	武汉天河国际机场	洛阳北郊机场
FLIGHT	C164	C077	WUH				2026-05-01T14:40:00	2026-05-01T17:21:00	中国国航	CA2240	经济舱	760	18	18	武汉天河国际机场	大同云冈国际机场
FLIGHT	C164	C070	WUH		KHG		2026-05-01T15:54:00	2026-05-01T22:49:00	南方航空	CZ2242	经济舱	1900	20	20	武汉天河国际机场	喀什徕宁国际机场
FLIGHT	C164	C056	WUH				2026-05-01T16:31:00	2026-05-01T21:47:00	海南航空	HU2243	经济舱	1460	21	21	武汉天河国际机场	吐鲁番交河机场
FLIGHT	C164	C292	WUH				2026-05-01T17:08:00	2026-05-01T22:56:00	中国国航	CA2244	经济舱	1600	22	22	武汉天河国际机场	阿勒泰雪都机场
FLIGHT	C164	C222	WUH		BPE		2026-05-01T17:45:00	2026-05-01T20:35:00	东方航空	MU2245	经济舱	800	23	23	武汉天河国际机场	秦皇岛北戴河机场
FLIGHT	C164	C084	WUH		WEH		2026-05-01T18:22:00	2026-05-01T21:02:00	南方航空	CZ2246	经济舱	760	24	24	武汉天河国际机场	威海大水泊国际机场
FLIGHT	C164	C176	WUH		JJN		2026-05-01T18:59:00	2026-05-01T21:11:00	海南航空	HU2247	经济舱	630	25	25	武汉天河国际机场	泉州晋江国际机场
FLIGHT	C164	C129	WUH		YTY		2026-05-01T19:36:00	2026-05-01T21:24:00	中国国航	CA2248	经济舱	520	26	26	武汉天河国际机场	扬州泰州国际机场
FLIGHT	C164	C071	WUH				2026-05-01T06:13:00	2026-05-01T08:10:00	东方航空	MU2249	经济舱	570	27	27	武汉天河国际机场	嘉兴机场
FLIGHT	C164	C040	WUH		BHY		2026-05-01T06:50:00	2026-05-01T09:39:00	南方航空	CZ2250	经济舱	800	28	28	武汉天河国际机场	北海福成机场
FLIGHT	C164	C147	WUH				2026-05-01T07:27:00	2026-05-01T08:53:00	海南航空	HU2251	经济舱	430	29	29	武汉天河国际机场	景德镇罗家机场
FLIGHT	C164	C127	WUH				2026-05-01T09:18:00	2026-05-01T11:36:00	南方航空	CZ2254	经济舱	670	32	32	武汉天河国际机场	惠州平潭机场
FLIGHT	C164	C205	WUH		YNT		2026-05-01T10:32:00	2026-05-01T13:08:00	中国国航	CA2256	经济舱	750	34	34	武汉天河国际机场	烟台蓬莱国际机场
FLIGHT	C164	C025	WUH				2026-05-01T11:09:00	2026-05-01T13:29:00	东方航空	MU2257	经济舱	680	35	35	武汉天河国际机场	佛山沙堤机场
FLIGHT	C164	C192	WUH		WNZ		2026-05-01T12:23:00	2026-05-01T14:26:00	海南航空	HU2259	经济舱	610	37	37	武汉天河国际机场	温州龙湾国际机场
FLIGHT	C284	C039	CSX		PEK		2026-05-01T13:00:00	2026-05-01T16:09:00	中国国航	CA2260	经济舱	900	3	3	长沙黄花国际机场	北京首都国际机场
FLIGHT	C284	C005	CSX		SHA		2026-05-01T13:37:00	2026-05-01T16:01:00	东方航空	MU2261	经济舱	700	4	4	长沙黄花国际机场	上海虹桥国际机场
FLIGHT	C284	C082	CSX		TSN		2026-05-01T14:14:00	2026-05-01T17:16:00	南方航空	CZ2262	经济舱	870	5	5	长沙黄花国际机场	天津滨海国际机场
FLIGHT	C284	C272	CSX		CKG		2026-05-01T14:51:00	2026-05-01T16:50:00	海南航空	HU2263	经济舱	590	6	6	长沙黄花国际机场	重庆江北国际机场
FLIGHT	C284	C220	CSX		SJW		2026-05-01T15:28:00	2026-05-01T18:13:00	中国国航	CA2264	经济舱	800	7	7	长沙黄花国际机场	石家庄正定国际机场
FLIGHT	C284	C083	CSX		TYN		2026-05-01T16:05:00	2026-05-01T18:47:00	东方航空	MU2265	经济舱	790	8	8	长沙黄花国际机场	太原武宿国际机场
FLIGHT	C284	C061	CSX		HET		2026-05-01T16:42:00	2026-05-01T19:58:00	南方航空	CZ2266	经济舱	940	9	9	长沙黄花国际机场	呼和浩特白塔国际机场
FLIGHT	C284	C172	CSX		SHE		2026-05-01T17:19:00	2026-05-01T21:12:00	海南航空	HU2267	经济舱	1110	10	10	长沙黄花国际机场	沈阳桃仙国际机场
FLIGHT	C284	C283	CSX		CGQ		2026-05-01T17:56:00	2026-05-01T22:17:00	中国国航	CA2268	经济舱	1230	11	11	长沙黄花国际机场	长春龙嘉国际机场
FLIGHT	C284	C066	CSX		HRB		2026-05-01T18:33:00	2026-05-01T23:17:00	东方航空	MU2269	经济舱	1340	12	12	长沙黄花国际机场	哈尔滨太平国际机场
FLIGHT	C284	C042	CSX		NKG		2026-05-01T19:10:00	2026-05-01T21:16:00	南方航空	CZ2270	经济舱	630	13	13	长沙黄花国际机场	南京禄口国际机场
FLIGHT	C284	C153	CSX		HGH		2026-05-01T19:47:00	2026-05-01T21:56:00	海南航空	HU2271	经济舱	640	14	14	长沙黄花国际机场	杭州萧山国际机场
FLIGHT	C284	C053	CSX		HFE		2026-05-01T06:24:00	2026-05-01T08:16:00	中国国航	CA2272	经济舱	570	15	15	长沙黄花国际机场	合肥新桥国际机场
FLIGHT	C284	C221	CSX		FOC		2026-05-01T07:01:00	2026-05-01T09:03:00	东方航空	MU2273	经济舱	620	16	16	长沙黄花国际机场	福州长乐国际机场
FLIGHT	C284	C046	CSX				2026-05-01T07:38:00	2026-05-01T09:02:00	南方航空	CZ2274	经济舱	440	17	17	长沙黄花国际机场	南昌昌北国际机场
FLIGHT	C284	C180	CSX		TNA		2026-05-01T08:15:00	2026-05-01T10:51:00	海南航空	HU2275	经济舱	770	18	18	长沙黄花国际机场	济南遥墙国际机场
FLIGHT	C284	C267	CSX		CGO		2026-05-01T08:52:00	2026-05-01T11:00:00	中国国航	CA2276	经济舱	640	19	19	长沙黄花国际机场	郑州新郑国际机场
FLIGHT	C284	C164	CSX		WUH		2026-05-01T09:29:00	2026-05-01T10:53:00	东方航空	MU2277	经济舱	450	20	20	长沙黄花国际机场	武汉天河国际机场
FLIGHT	C284	C112	CSX		CAN		2026-05-01T10:43:00	2026-05-01T12:35:00	海南航空	HU2279	经济舱	570	22	22	长沙黄花国际机场	广州白云国际机场
FLIGHT	C284	C044	CSX		NNG		2026-05-01T11:20:00	2026-05-01T13:31:00	中国国航	CA2280	经济舱	660	23	23	长沙黄花国际机场	南宁吴圩国际机场
FLIGHT	C284	C184	CSX		HAK		2026-05-01T11:57:00	2026-05-01T14:27:00	东方航空	MU2281	经济舱	750	24	24	长沙黄花国际机场	海口美兰国际机场
FLIGHT	C284	C128	CSX		TFU		2026-05-01T12:34:00	2026-05-01T14:59:00	南方航空	CZ2282	经济舱	730	25	25	长沙黄花国际机场	成都天府国际机场
FLIGHT	C284	C249	CSX		KWE		2026-05-01T13:11:00	2026-05-01T15:11:00	海南航空	HU2283	经济舱	610	26	26	长沙黄花国际机场	贵阳龙洞堡国际机场
FLIGHT	C284	C142	CSX		KMG		2026-05-01T13:48:00	2026-05-01T16:31:00	中国国航	CA2284	经济舱	810	27	27	长沙黄花国际机场	昆明长水国际机场
FLIGHT	C284	C133	CSX		LXA		2026-05-01T14:25:00	2026-05-01T18:52:00	东方航空	MU2285	经济舱	1280	28	28	长沙黄花国际机场	拉萨贡嘎国际机场
FLIGHT	C284	C246	CSX		XIY		2026-05-01T15:02:00	2026-05-01T17:15:00	南方航空	CZ2286	经济舱	680	29	29	长沙黄花国际机场	西安咸阳国际机场
FLIGHT	C284	C034	CSX		LHW		2026-05-01T15:39:00	2026-05-01T18:36:00	海南航空	HU2287	经济舱	880	30	30	长沙黄花国际机场	兰州中川国际机场
FLIGHT	C284	C245	CSX		XNN		2026-05-01T16:16:00	2026-05-01T19:31:00	中国国航	CA2288	经济舱	960	31	31	长沙黄花国际机场	西宁曹家堡国际机场
FLIGHT	C284	C279	CSX		INC		2026-05-01T16:53:00	2026-05-01T19:58:00	东方航空	MU2289	经济舱	910	32	32	长沙黄花国际机场	银川河东国际机场
FLIGHT	C284	C018	CSX				2026-05-01T17:30:00	2026-05-01T23:09:00	南方航空	CZ2290	经济舱	1610	33	33	长沙黄花国际机场	乌鲁木齐天山国际机场
FLIGHT	C284	C300	CSX				2026-05-01T18:07:00	2026-05-01T20:09:00	海南航空	HU2291	经济舱	630	34	34	长沙黄花国际机场	香港国际机场
FLIGHT	C284	C190	CSX		SZX		2026-05-01T19:58:00	2026-05-01T21:57:00	南方航空	CZ2294	经济舱	620	37	37	长沙黄花国际机场	深圳宝安国际机场
FLIGHT	C284	C050	CSX		XMN		2026-05-01T06:35:00	2026-05-01T08:36:00	海南航空	HU2295	经济舱	630	3	3	长沙黄花国际机场	厦门高崎国际机场
FLIGHT	C284	C297	CSX				2026-05-01T07:12:00	2026-05-01T09:59:00	中国国航	CA2296	经济舱	840	4	4	长沙黄花国际机场	青岛胶东国际机场
FLIGHT	C284	C080	CSX		DLC		2026-05-01T07:49:00	2026-05-01T11:07:00	东方航空	MU2297	经济舱	980	5	5	长沙黄花国际机场	大连周水子国际机场
FLIGHT	C284	C088	CSX		NGB		2026-05-01T08:26:00	2026-05-01T10:47:00	南方航空	CZ2298	经济舱	720	6	6	长沙黄花国际机场	宁波栎社国际机场
FLIGHT	C284	C231	CSX				2026-05-01T09:03:00	2026-05-01T11:19:00	海南航空	HU2299	经济舱	700	7	7	长沙黄花国际机场	苏州机场
FLIGHT	C284	C139	CSX				2026-05-01T09:40:00	2026-05-01T11:55:00	中国国航	CA2300	经济舱	700	8	8	长沙黄花国际机场	苏南硕放国际机场
FLIGHT	C284	C158	CSX		KWL		2026-05-01T10:17:00	2026-05-01T11:54:00	东方航空	MU2301	经济舱	530	9	9	长沙黄花国际机场	桂林两江国际机场
FLIGHT	C284	C002	CSX		SYX		2026-05-01T10:54:00	2026-05-01T13:45:00	南方航空	CZ2302	经济舱	870	10	10	长沙黄花国际机场	三亚凤凰国际机场
FLIGHT	C284	C119	CSX				2026-05-01T11:31:00	2026-05-01T12:52:00	海南航空	HU2303	经济舱	460	11	11	长沙黄花国际机场	张家界荷花国际机场
FLIGHT	C284	C015	CSX		LJG		2026-05-01T12:08:00	2026-05-01T15:09:00	中国国航	CA2304	经济舱	910	12	12	长沙黄花国际机场	丽江三义国际机场
FLIGHT	C284	C308	CSX		TXN		2026-05-01T13:22:00	2026-05-01T15:12:00	南方航空	CZ2306	经济舱	590	14	14	长沙黄花国际机场	黄山屯溪国际机场
FLIGHT	C284	C210	CSX		ZZH		2026-05-01T14:36:00	2026-05-01T16:38:00	中国国航	CA2308	经济舱	650	16	16	长沙黄花国际机场	珠海金湾机场
FLIGHT	C284	C179	CSX				2026-05-01T15:13:00	2026-05-01T17:19:00	东方航空	MU2309	经济舱	670	17	17	长沙黄花国际机场	洛阳北郊机场
FLIGHT	C284	C077	CSX				2026-05-01T15:50:00	2026-05-01T18:57:00	南方航空	CZ2310	经济舱	940	18	18	长沙黄花国际机场	大同云冈国际机场
FLIGHT	C284	C070	CSX		KHG		2026-05-01T17:04:00	2026-05-01T23:59:00	中国国航	CA2312	经济舱	1970	20	20	长沙黄花国际机场	喀什徕宁国际机场
FLIGHT	C284	C056	CSX				2026-05-01T17:41:00	2026-05-01T23:04:00	东方航空	MU2313	经济舱	1560	21	21	长沙黄花国际机场	吐鲁番交河机场
FLIGHT	C284	C292	CSX				2026-05-01T18:18:00	2026-05-02T00:18:00	南方航空	CZ2314	经济舱	1730	22	22	长沙黄花国际机场	阿勒泰雪都机场
FLIGHT	C284	C222	CSX		BPE		2026-05-01T18:55:00	2026-05-01T22:14:00	海南航空	HU2315	经济舱	1000	23	23	长沙黄花国际机场	秦皇岛北戴河机场
FLIGHT	C284	C084	CSX		WEH		2026-05-01T19:32:00	2026-05-01T22:41:00	中国国航	CA2316	经济舱	960	24	24	长沙黄花国际机场	威海大水泊国际机场
FLIGHT	C284	C176	CSX		JJN		2026-05-01T06:09:00	2026-05-01T08:12:00	东方航空	MU2317	经济舱	660	25	25	长沙黄花国际机场	泉州晋江国际机场
FLIGHT	C284	C129	CSX		YTY		2026-05-01T06:46:00	2026-05-01T08:58:00	南方航空	CZ2318	经济舱	710	26	26	长沙黄花国际机场	扬州泰州国际机场
FLIGHT	C284	C071	CSX				2026-05-01T07:23:00	2026-05-01T09:39:00	海南航空	HU2319	经济舱	720	27	27	长沙黄花国际机场	嘉兴机场
FLIGHT	C284	C040	CSX		BHY		2026-05-01T08:00:00	2026-05-01T10:19:00	中国国航	CA2320	经济舱	740	28	28	长沙黄花国际机场	北海福成机场
FLIGHT	C284	C147	CSX				2026-05-01T08:37:00	2026-05-01T10:15:00	东方航空	MU2321	经济舱	550	29	29	长沙黄花国际机场	景德镇罗家机场
FLIGHT	C284	C127	CSX				2026-05-01T10:28:00	2026-05-01T12:22:00	中国国航	CA2324	经济舱	630	32	32	长沙黄花国际机场	惠州平潭机场
FLIGHT	C284	C205	CSX		YNT		2026-05-01T11:42:00	2026-05-01T14:47:00	南方航空	CZ2326	经济舱	950	34	34	长沙黄花国际机场	烟台蓬莱国际机场
FLIGHT	C284	C025	CSX				2026-05-01T12:19:00	2026-05-01T14:12:00	海南航空	HU2327	经济舱	630	35	35	长沙黄花国际机场	佛山沙堤机场
FLIGHT	C284	C192	CSX		WNZ		2026-05-01T13:33:00	2026-05-01T15:44:00	东方航空	MU2329	经济舱	710	37	37	长沙黄花国际机场	温州龙湾国际机场
FLIGHT	C112	C039	CAN		PEK		2026-05-01T14:10:00	2026-05-01T18:14:00	南方航空	CZ2330	经济舱	1220	3	3	广州白云国际机场	北京首都国际机场
FLIGHT	C112	C005	CAN		SHA		2026-05-01T14:47:00	2026-05-01T17:43:00	海南航空	HU2331	经济舱	920	4	4	广州白云国际机场	上海虹桥国际机场
FLIGHT	C112	C082	CAN		TSN		2026-05-01T15:24:00	2026-05-01T19:20:00	中国国航	CA2332	经济舱	1190	5	5	广州白云国际机场	天津滨海国际机场
FLIGHT	C112	C272	CAN		CKG		2026-05-01T16:01:00	2026-05-01T18:34:00	东方航空	MU2333	经济舱	810	6	6	广州白云国际机场	重庆江北国际机场
FLIGHT	C112	C220	CAN		SJW		2026-05-01T16:38:00	2026-05-01T20:19:00	南方航空	CZ2334	经济舱	1120	7	7	广州白云国际机场	石家庄正定国际机场
FLIGHT	C112	C083	CAN		TYN		2026-05-01T17:15:00	2026-05-01T20:54:00	海南航空	HU2335	经济舱	1110	8	8	广州白云国际机场	太原武宿国际机场
FLIGHT	C112	C061	CAN		HET		2026-05-01T17:52:00	2026-05-01T22:04:00	中国国航	CA2336	经济舱	1260	9	9	广州白云国际机场	呼和浩特白塔国际机场
FLIGHT	C112	C172	CAN		SHE		2026-05-01T18:29:00	2026-05-01T23:12:00	东方航空	MU2337	经济舱	1400	10	10	广州白云国际机场	沈阳桃仙国际机场
FLIGHT	C112	C283	CAN		CGQ		2026-05-01T19:06:00	2026-05-02T00:16:00	南方航空	CZ2338	经济舱	1530	11	11	广州白云国际机场	长春龙嘉国际机场
FLIGHT	C112	C066	CAN		HRB		2026-05-01T19:43:00	2026-05-02T01:17:00	海南航空	HU2339	经济舱	1630	12	12	广州白云国际机场	哈尔滨太平国际机场
FLIGHT	C112	C042	CAN		NKG		2026-05-01T06:20:00	2026-05-01T09:08:00	中国国航	CA2340	经济舱	890	13	13	广州白云国际机场	南京禄口国际机场
FLIGHT	C112	C153	CAN		HGH		2026-05-01T06:57:00	2026-05-01T09:37:00	东方航空	MU2341	经济舱	850	14	14	广州白云国际机场	杭州萧山国际机场
FLIGHT	C112	C053	CAN		HFE		2026-05-01T07:34:00	2026-05-01T10:13:00	南方航空	CZ2342	经济舱	850	15	15	广州白云国际机场	合肥新桥国际机场
FLIGHT	C112	C221	CAN		FOC		2026-05-01T08:11:00	2026-05-01T10:15:00	海南航空	HU2343	经济舱	690	16	16	广州白云国际机场	福州长乐国际机场
FLIGHT	C112	C046	CAN				2026-05-01T08:48:00	2026-05-01T10:50:00	中国国航	CA2344	经济舱	690	17	17	广州白云国际机场	南昌昌北国际机场
FLIGHT	C112	C180	CAN		TNA		2026-05-01T09:25:00	2026-05-01T12:55:00	东方航空	MU2345	经济舱	1080	18	18	广州白云国际机场	济南遥墙国际机场
FLIGHT	C112	C267	CAN		CGO		2026-05-01T10:02:00	2026-05-01T13:06:00	南方航空	CZ2346	经济舱	970	19	19	广州白云国际机场	郑州新郑国际机场
FLIGHT	C112	C164	CAN		WUH		2026-05-01T10:39:00	2026-05-01T12:58:00	海南航空	HU2347	经济舱	760	20	20	广州白云国际机场	武汉天河国际机场
FLIGHT	C112	C284	CAN		CSX		2026-05-01T11:16:00	2026-05-01T13:08:00	中国国航	CA2348	经济舱	640	21	21	广州白云国际机场	长沙黄花国际机场
FLIGHT	C112	C044	CAN		NNG		2026-05-01T12:30:00	2026-05-01T14:15:00	南方航空	CZ2350	经济舱	620	23	23	广州白云国际机场	南宁吴圩国际机场
FLIGHT	C112	C184	CAN		HAK		2026-05-01T13:07:00	2026-05-01T14:49:00	海南航空	HU2351	经济舱	600	24	24	广州白云国际机场	海口美兰国际机场
FLIGHT	C112	C128	CAN		TFU		2026-05-01T13:44:00	2026-05-01T16:42:00	中国国航	CA2352	经济舱	950	25	25	广州白云国际机场	成都天府国际机场
FLIGHT	C112	C249	CAN		KWE		2026-05-01T14:21:00	2026-05-01T16:33:00	东方航空	MU2353	经济舱	740	26	26	广州白云国际机场	贵阳龙洞堡国际机场
FLIGHT	C112	C142	CAN		KMG		2026-05-01T14:58:00	2026-05-01T17:42:00	南方航空	CZ2354	经济舱	890	27	27	广州白云国际机场	昆明长水国际机场
FLIGHT	C112	C133	CAN		LXA		2026-05-01T15:35:00	2026-05-01T20:21:00	海南航空	HU2355	经济舱	1440	28	28	广州白云国际机场	拉萨贡嘎国际机场
FLIGHT	C112	C246	CAN		XIY		2026-05-01T16:12:00	2026-05-01T19:19:00	中国国航	CA2356	经济舱	990	29	29	广州白云国际机场	西安咸阳国际机场
FLIGHT	C112	C034	CAN		LHW		2026-05-01T16:49:00	2026-05-01T20:34:00	东方航空	MU2357	经济舱	1160	30	30	广州白云国际机场	兰州中川国际机场
FLIGHT	C112	C245	CAN		XNN		2026-05-01T17:26:00	2026-05-01T21:27:00	南方航空	CZ2358	经济舱	1240	31	31	广州白云国际机场	西宁曹家堡国际机场
FLIGHT	C112	C279	CAN		INC		2026-05-01T18:03:00	2026-05-01T22:01:00	海南航空	HU2359	经济舱	1220	32	32	广州白云国际机场	银川河东国际机场
FLIGHT	C112	C018	CAN				2026-05-01T18:40:00	2026-05-02T01:03:00	中国国航	CA2360	经济舱	1710	33	33	广州白云国际机场	乌鲁木齐天山国际机场
FLIGHT	C112	C300	CAN				2026-05-01T19:17:00	2026-05-01T20:27:00	东方航空	MU2361	经济舱	290	34	34	广州白云国际机场	香港国际机场
FLIGHT	C112	C190	CAN		SZX		2026-05-01T07:08:00	2026-05-01T08:18:00	中国国航	CA2364	经济舱	280	37	37	广州白云国际机场	深圳宝安国际机场
FLIGHT	C112	C050	CAN		XMN		2026-05-01T07:45:00	2026-05-01T09:31:00	东方航空	MU2365	经济舱	470	3	3	广州白云国际机场	厦门高崎国际机场
FLIGHT	C112	C297	CAN				2026-05-01T08:22:00	2026-05-01T11:56:00	南方航空	CZ2366	经济舱	950	4	4	广州白云国际机场	青岛胶东国际机场
FLIGHT	C112	C080	CAN		DLC		2026-05-01T08:59:00	2026-05-01T13:06:00	海南航空	HU2367	经济舱	1100	5	5	广州白云国际机场	大连周水子国际机场
FLIGHT	C112	C088	CAN		NGB		2026-05-01T09:36:00	2026-05-01T12:22:00	中国国航	CA2368	经济舱	740	6	6	广州白云国际机场	宁波栎社国际机场
FLIGHT	C112	C231	CAN				2026-05-01T10:13:00	2026-05-01T13:04:00	东方航空	MU2369	经济舱	760	7	7	广州白云国际机场	苏州机场
FLIGHT	C112	C139	CAN				2026-05-01T10:50:00	2026-05-01T13:41:00	南方航空	CZ2370	经济舱	760	8	8	广州白云国际机场	苏南硕放国际机场
FLIGHT	C112	C158	CAN		KWL		2026-05-01T11:27:00	2026-05-01T13:00:00	海南航空	HU2371	经济舱	410	9	9	广州白云国际机场	桂林两江国际机场
FLIGHT	C112	C002	CAN		SYX		2026-05-01T12:04:00	2026-05-01T14:06:00	中国国航	CA2372	经济舱	540	10	10	广州白云国际机场	三亚凤凰国际机场
FLIGHT	C112	C119	CAN				2026-05-01T12:41:00	2026-05-01T14:48:00	东方航空	MU2373	经济舱	570	11	11	广州白云国际机场	张家界荷花国际机场
FLIGHT	C112	C015	CAN		LJG		2026-05-01T13:18:00	2026-05-01T16:31:00	南方航空	CZ2374	经济舱	860	12	12	广州白云国际机场	丽江三义国际机场
FLIGHT	C112	C308	CAN		TXN		2026-05-01T14:32:00	2026-05-01T16:56:00	中国国航	CA2376	经济舱	650	14	14	广州白云国际机场	黄山屯溪国际机场
FLIGHT	C112	C210	CAN		ZZH		2026-05-01T15:46:00	2026-05-01T16:56:00	南方航空	CZ2378	经济舱	290	16	16	广州白云国际机场	珠海金湾机场
FLIGHT	C112	C179	CAN				2026-05-01T16:23:00	2026-05-01T19:26:00	海南航空	HU2379	经济舱	830	17	17	广州白云国际机场	洛阳北郊机场
FLIGHT	C112	C077	CAN				2026-05-01T17:00:00	2026-05-01T21:03:00	中国国航	CA2380	经济舱	1100	18	18	广州白云国际机场	大同云冈国际机场
FLIGHT	C112	C070	CAN		KHG		2026-05-01T18:14:00	2026-05-02T01:43:00	南方航空	CZ2382	经济舱	2030	20	20	广州白云国际机场	喀什徕宁国际机场
FLIGHT	C112	C056	CAN				2026-05-01T18:51:00	2026-05-02T00:58:00	海南航空	HU2383	经济舱	1660	21	21	广州白云国际机场	吐鲁番交河机场
FLIGHT	C112	C292	CAN				2026-05-01T19:28:00	2026-05-02T02:16:00	中国国航	CA2384	经济舱	1840	22	22	广州白云国际机场	阿勒泰雪都机场
FLIGHT	C112	C222	CAN		BPE		2026-05-01T06:05:00	2026-05-01T10:16:00	东方航空	MU2385	经济舱	1140	23	23	广州白云国际机场	秦皇岛北戴河机场
FLIGHT	C112	C084	CAN		WEH		2026-05-01T06:42:00	2026-05-01T10:38:00	南方航空	CZ2386	经济舱	1070	24	24	广州白云国际机场	威海大水泊国际机场
FLIGHT	C112	C176	CAN		JJN		2026-05-01T07:19:00	2026-05-01T09:12:00	海南航空	HU2387	经济舱	520	25	25	广州白云国际机场	泉州晋江国际机场
FLIGHT	C112	C129	CAN		YTY		2026-05-01T07:56:00	2026-05-01T10:50:00	中国国航	CA2388	经济舱	800	26	26	广州白云国际机场	扬州泰州国际机场
FLIGHT	C112	C071	CAN				2026-05-01T08:33:00	2026-05-01T11:21:00	东方航空	MU2389	经济舱	770	27	27	广州白云国际机场	嘉兴机场
FLIGHT	C112	C040	CAN		BHY		2026-05-01T09:10:00	2026-05-01T10:51:00	南方航空	CZ2390	经济舱	470	28	28	广州白云国际机场	北海福成机场
FLIGHT	C112	C147	CAN				2026-05-01T09:47:00	2026-05-01T12:01:00	海南航空	HU2391	经济舱	610	29	29	广州白云国际机场	景德镇罗家机场
FLIGHT	C112	C127	CAN				2026-05-01T11:38:00	2026-05-01T12:48:00	南方航空	CZ2394	经济舱	320	32	32	广州白云国际机场	惠州平潭机场
FLIGHT	C112	C205	CAN		YNT		2026-05-01T12:52:00	2026-05-01T16:44:00	中国国航	CA2396	经济舱	1060	34	34	广州白云国际机场	烟台蓬莱国际机场
FLIGHT	C112	C025	CAN				2026-05-01T13:29:00	2026-05-01T14:39:00	东方航空	MU2397	经济舱	280	35	35	广州白云国际机场	佛山沙堤机场
FLIGHT	C112	C192	CAN		WNZ		2026-05-01T14:43:00	2026-05-01T17:10:00	海南航空	HU2399	经济舱	680	37	37	广州白云国际机场	温州龙湾国际机场
FLIGHT	C044	C039	NNG		PEK		2026-05-01T15:20:00	2026-05-01T19:39:00	中国国航	CA2400	经济舱	1190	3	3	南宁吴圩国际机场	北京首都国际机场
FLIGHT	C044	C005	NNG		SHA		2026-05-01T15:57:00	2026-05-01T19:32:00	东方航空	MU2401	经济舱	990	4	4	南宁吴圩国际机场	上海虹桥国际机场
FLIGHT	C044	C082	NNG		TSN		2026-05-01T16:34:00	2026-05-01T20:48:00	南方航空	CZ2402	经济舱	1170	5	5	南宁吴圩国际机场	天津滨海国际机场
FLIGHT	C044	C272	NNG		CKG		2026-05-01T17:11:00	2026-05-01T19:23:00	海南航空	HU2403	经济舱	620	6	6	南宁吴圩国际机场	重庆江北国际机场
FLIGHT	C044	C220	NNG		SJW		2026-05-01T17:48:00	2026-05-01T21:42:00	中国国航	CA2404	经济舱	1080	7	7	南宁吴圩国际机场	石家庄正定国际机场
FLIGHT	C044	C083	NNG		TYN		2026-05-01T18:25:00	2026-05-01T22:12:00	东方航空	MU2405	经济舱	1050	8	8	南宁吴圩国际机场	太原武宿国际机场
FLIGHT	C044	C061	NNG		HET		2026-05-01T19:02:00	2026-05-01T23:20:00	南方航空	CZ2406	经济舱	1190	9	9	南宁吴圩国际机场	呼和浩特白塔国际机场
FLIGHT	C044	C172	NNG		SHE		2026-05-01T19:39:00	2026-05-02T00:47:00	海南航空	HU2407	经济舱	1420	10	10	南宁吴圩国际机场	沈阳桃仙国际机场
FLIGHT	C044	C283	NNG		CGQ		2026-05-01T06:16:00	2026-05-01T11:51:00	中国国航	CA2408	经济舱	1540	11	11	南宁吴圩国际机场	长春龙嘉国际机场
FLIGHT	C044	C066	NNG		HRB		2026-05-01T06:53:00	2026-05-01T12:52:00	东方航空	MU2409	经济舱	1640	12	12	南宁吴圩国际机场	哈尔滨太平国际机场
FLIGHT	C044	C042	NNG		NKG		2026-05-01T07:30:00	2026-05-01T10:50:00	南方航空	CZ2410	经济舱	930	13	13	南宁吴圩国际机场	南京禄口国际机场
FLIGHT	C044	C153	NNG		HGH		2026-05-01T08:07:00	2026-05-01T11:25:00	海南航空	HU2411	经济舱	930	14	14	南宁吴圩国际机场	杭州萧山国际机场
FLIGHT	C044	C053	NNG		HFE		2026-05-01T08:44:00	2026-05-01T11:52:00	中国国航	CA2412	经济舱	880	15	15	南宁吴圩国际机场	合肥新桥国际机场
FLIGHT	C044	C221	NNG		FOC		2026-05-01T09:21:00	2026-05-01T12:12:00	东方航空	MU2413	经济舱	810	16	16	南宁吴圩国际机场	福州长乐国际机场
FLIGHT	C044	C046	NNG				2026-05-01T09:58:00	2026-05-01T12:32:00	南方航空	CZ2414	经济舱	730	17	17	南宁吴圩国际机场	南昌昌北国际机场
FLIGHT	C044	C180	NNG		TNA		2026-05-01T10:35:00	2026-05-01T14:25:00	海南航空	HU2415	经济舱	1070	18	18	南宁吴圩国际机场	济南遥墙国际机场
FLIGHT	C044	C267	NNG		CGO		2026-05-01T11:12:00	2026-05-01T14:29:00	中国国航	CA2416	经济舱	930	19	19	南宁吴圩国际机场	郑州新郑国际机场
FLIGHT	C044	C164	NNG		WUH		2026-05-01T11:49:00	2026-05-01T14:29:00	东方航空	MU2417	经济舱	760	20	20	南宁吴圩国际机场	武汉天河国际机场
FLIGHT	C044	C284	NNG		CSX		2026-05-01T12:26:00	2026-05-01T14:37:00	南方航空	CZ2418	经济舱	630	21	21	南宁吴圩国际机场	长沙黄花国际机场
FLIGHT	C044	C112	NNG		CAN		2026-05-01T13:03:00	2026-05-01T14:48:00	海南航空	HU2419	经济舱	510	22	22	南宁吴圩国际机场	广州白云国际机场
FLIGHT	C044	C184	NNG		HAK		2026-05-01T14:17:00	2026-05-01T15:48:00	东方航空	MU2421	经济舱	450	24	24	南宁吴圩国际机场	海口美兰国际机场
FLIGHT	C044	C128	NNG		TFU		2026-05-01T14:54:00	2026-05-01T17:25:00	南方航空	CZ2422	经济舱	720	25	25	南宁吴圩国际机场	成都天府国际机场
FLIGHT	C044	C249	NNG		KWE		2026-05-01T15:31:00	2026-05-01T17:12:00	海南航空	HU2423	经济舱	500	26	26	南宁吴圩国际机场	贵阳龙洞堡国际机场
FLIGHT	C044	C142	NNG		KMG		2026-05-01T16:08:00	2026-05-01T18:06:00	中国国航	CA2424	经济舱	580	27	27	南宁吴圩国际机场	昆明长水国际机场
FLIGHT	C044	C133	NNG		LXA		2026-05-01T16:45:00	2026-05-01T20:47:00	东方航空	MU2425	经济舱	1140	28	28	南宁吴圩国际机场	拉萨贡嘎国际机场
FLIGHT	C044	C246	NNG		XIY		2026-05-01T17:22:00	2026-05-01T20:25:00	南方航空	CZ2426	经济舱	870	29	29	南宁吴圩国际机场	西安咸阳国际机场
FLIGHT	C044	C034	NNG		LHW		2026-05-01T17:59:00	2026-05-01T21:28:00	海南航空	HU2427	经济舱	990	30	30	南宁吴圩国际机场	兰州中川国际机场
FLIGHT	C044	C245	NNG		XNN		2026-05-01T18:36:00	2026-05-01T22:17:00	中国国航	CA2428	经济舱	1050	31	31	南宁吴圩国际机场	西宁曹家堡国际机场
FLIGHT	C044	C279	NNG		INC		2026-05-01T19:13:00	2026-05-01T23:03:00	东方航空	MU2429	经济舱	1090	32	32	南宁吴圩国际机场	银川河东国际机场
FLIGHT	C044	C018	NNG				2026-05-01T19:50:00	2026-05-02T01:46:00	南方航空	CZ2430	经济舱	1650	33	33	南宁吴圩国际机场	乌鲁木齐天山国际机场
FLIGHT	C044	C300	NNG				2026-05-01T06:27:00	2026-05-01T08:22:00	海南航空	HU2431	经济舱	570	34	34	南宁吴圩国际机场	香港国际机场
FLIGHT	C044	C190	NNG		SZX		2026-05-01T08:18:00	2026-05-01T10:11:00	南方航空	CZ2434	经济舱	570	37	37	南宁吴圩国际机场	深圳宝安国际机场
FLIGHT	C044	C050	NNG		XMN		2026-05-01T08:55:00	2026-05-01T11:31:00	海南航空	HU2435	经济舱	760	3	3	南宁吴圩国际机场	厦门高崎国际机场
FLIGHT	C044	C297	NNG				2026-05-01T09:32:00	2026-05-01T13:34:00	中国国航	CA2436	经济舱	1150	4	4	南宁吴圩国际机场	青岛胶东国际机场
FLIGHT	C044	C080	NNG		DLC		2026-05-01T10:09:00	2026-05-01T14:43:00	东方航空	MU2437	经济舱	1290	5	5	南宁吴圩国际机场	大连周水子国际机场
FLIGHT	C044	C088	NNG		NGB		2026-05-01T10:46:00	2026-05-01T14:14:00	南方航空	CZ2438	经济舱	1000	6	6	南宁吴圩国际机场	宁波栎社国际机场
FLIGHT	C044	C231	NNG				2026-05-01T11:23:00	2026-05-01T14:51:00	海南航空	HU2439	经济舱	1000	7	7	南宁吴圩国际机场	苏州机场
FLIGHT	C044	C139	NNG				2026-05-01T12:00:00	2026-05-01T15:27:00	中国国航	CA2440	经济舱	1000	8	8	南宁吴圩国际机场	苏南硕放国际机场
FLIGHT	C044	C158	NNG		KWL		2026-05-01T12:37:00	2026-05-01T14:05:00	东方航空	MU2441	经济舱	460	9	9	南宁吴圩国际机场	桂林两江国际机场
FLIGHT	C044	C002	NNG		SYX		2026-05-01T13:14:00	2026-05-01T15:01:00	南方航空	CZ2442	经济舱	550	10	10	南宁吴圩国际机场	三亚凤凰国际机场
FLIGHT	C044	C119	NNG				2026-05-01T13:51:00	2026-05-01T15:59:00	海南航空	HU2443	经济舱	640	11	11	南宁吴圩国际机场	张家界荷花国际机场
FLIGHT	C044	C015	NNG		LJG		2026-05-01T14:28:00	2026-05-01T16:57:00	中国国航	CA2444	经济舱	740	12	12	南宁吴圩国际机场	丽江三义国际机场
FLIGHT	C044	C308	NNG		TXN		2026-05-01T15:42:00	2026-05-01T18:42:00	南方航空	CZ2446	经济舱	880	14	14	南宁吴圩国际机场	黄山屯溪国际机场
FLIGHT	C044	C210	NNG		ZZH		2026-05-01T16:56:00	2026-05-01T18:45:00	中国国航	CA2448	经济舱	560	16	16	南宁吴圩国际机场	珠海金湾机场
FLIGHT	C044	C179	NNG				2026-05-01T17:33:00	2026-05-01T20:45:00	东方航空	MU2449	经济舱	940	17	17	南宁吴圩国际机场	洛阳北郊机场
FLIGHT	C044	C077	NNG				2026-05-01T18:10:00	2026-05-01T22:22:00	南方航空	CZ2450	经济舱	1210	18	18	南宁吴圩国际机场	大同云冈国际机场
FLIGHT	C044	C070	NNG		KHG		2026-05-01T19:24:00	2026-05-02T02:16:00	中国国航	CA2452	经济舱	1930	20	20	南宁吴圩国际机场	喀什徕宁国际机场
FLIGHT	C044	C056	NNG				2026-05-01T06:01:00	2026-05-01T11:41:00	东方航空	MU2453	经济舱	1610	21	21	南宁吴圩国际机场	吐鲁番交河机场
FLIGHT	C044	C292	NNG				2026-05-01T06:38:00	2026-05-01T13:04:00	南方航空	CZ2454	经济舱	1810	22	22	南宁吴圩国际机场	阿勒泰雪都机场
FLIGHT	C044	C222	NNG		BPE		2026-05-01T07:15:00	2026-05-01T11:48:00	海南航空	HU2455	经济舱	1300	23	23	南宁吴圩国际机场	秦皇岛北戴河机场
FLIGHT	C044	C084	NNG		WEH		2026-05-01T07:52:00	2026-05-01T12:17:00	中国国航	CA2456	经济舱	1270	24	24	南宁吴圩国际机场	威海大水泊国际机场
FLIGHT	C044	C176	NNG		JJN		2026-05-01T08:29:00	2026-05-01T11:11:00	东方航空	MU2457	经济舱	810	25	25	南宁吴圩国际机场	泉州晋江国际机场
FLIGHT	C044	C129	NNG		YTY		2026-05-01T09:06:00	2026-05-01T12:33:00	南方航空	CZ2458	经济舱	1010	26	26	南宁吴圩国际机场	扬州泰州国际机场
FLIGHT	C044	C071	NNG				2026-05-01T09:43:00	2026-05-01T13:09:00	海南航空	HU2459	经济舱	1010	27	27	南宁吴圩国际机场	嘉兴机场
FLIGHT	C044	C040	NNG		BHY		2026-05-01T10:20:00	2026-05-01T11:32:00	中国国航	CA2460	经济舱	410	28	28	南宁吴圩国际机场	北海福成机场
FLIGHT	C044	C147	NNG				2026-05-01T10:57:00	2026-05-01T13:45:00	东方航空	MU2461	经济舱	840	29	29	南宁吴圩国际机场	景德镇罗家机场
FLIGHT	C044	C127	NNG				2026-05-01T12:48:00	2026-05-01T14:45:00	中国国航	CA2464	经济舱	610	32	32	南宁吴圩国际机场	惠州平潭机场
FLIGHT	C044	C205	NNG		YNT		2026-05-01T14:02:00	2026-05-01T18:22:00	南方航空	CZ2466	经济舱	1260	34	34	南宁吴圩国际机场	烟台蓬莱国际机场
FLIGHT	C044	C025	NNG				2026-05-01T14:39:00	2026-05-01T16:23:00	海南航空	HU2467	经济舱	560	35	35	南宁吴圩国际机场	佛山沙堤机场
FLIGHT	C044	C192	NNG		WNZ		2026-05-01T15:53:00	2026-05-01T19:04:00	东方航空	MU2469	经济舱	950	37	37	南宁吴圩国际机场	温州龙湾国际机场
FLIGHT	C184	C039	HAK		PEK		2026-05-01T16:30:00	2026-05-01T21:14:00	南方航空	CZ2470	经济舱	1370	3	3	海口美兰国际机场	北京首都国际机场
FLIGHT	C184	C005	HAK		SHA		2026-05-01T17:07:00	2026-05-01T20:50:00	海南航空	HU2471	经济舱	1100	4	4	海口美兰国际机场	上海虹桥国际机场
FLIGHT	C184	C082	HAK		TSN		2026-05-01T17:44:00	2026-05-01T22:21:00	中国国航	CA2472	经济舱	1340	5	5	海口美兰国际机场	天津滨海国际机场
FLIGHT	C184	C272	HAK		CKG		2026-05-01T18:21:00	2026-05-01T21:08:00	东方航空	MU2473	经济舱	850	6	6	海口美兰国际机场	重庆江北国际机场
FLIGHT	C184	C220	HAK		SJW		2026-05-01T18:58:00	2026-05-01T23:17:00	南方航空	CZ2474	经济舱	1260	7	7	海口美兰国际机场	石家庄正定国际机场
FLIGHT	C184	C083	HAK		TYN		2026-05-01T19:35:00	2026-05-01T23:50:00	海南航空	HU2475	经济舱	1240	8	8	海口美兰国际机场	太原武宿国际机场
FLIGHT	C184	C061	HAK		HET		2026-05-01T06:12:00	2026-05-01T10:59:00	中国国航	CA2476	经济舱	1390	9	9	海口美兰国际机场	呼和浩特白塔国际机场
FLIGHT	C184	C172	HAK		SHE		2026-05-01T06:49:00	2026-05-01T12:16:00	东方航空	MU2477	经济舱	1570	10	10	海口美兰国际机场	沈阳桃仙国际机场
FLIGHT	C184	C283	HAK		CGQ		2026-05-01T07:26:00	2026-05-01T13:20:00	南方航空	CZ2478	经济舱	1700	11	11	海口美兰国际机场	长春龙嘉国际机场
FLIGHT	C184	C066	HAK		HRB		2026-05-01T08:03:00	2026-05-01T14:21:00	海南航空	HU2479	经济舱	1800	12	12	海口美兰国际机场	哈尔滨太平国际机场
FLIGHT	C184	C042	HAK		NKG		2026-05-01T08:40:00	2026-05-01T12:14:00	中国国航	CA2480	经济舱	1060	13	13	海口美兰国际机场	南京禄口国际机场
FLIGHT	C184	C153	HAK		HGH		2026-05-01T09:17:00	2026-05-01T12:43:00	东方航空	MU2481	经济舱	1030	14	14	海口美兰国际机场	杭州萧山国际机场
FLIGHT	C184	C053	HAK		HFE		2026-05-01T09:54:00	2026-05-01T13:18:00	南方航空	CZ2482	经济舱	1020	15	15	海口美兰国际机场	合肥新桥国际机场
FLIGHT	C184	C221	HAK		FOC		2026-05-01T10:31:00	2026-05-01T13:21:00	海南航空	HU2483	经济舱	870	16	16	海口美兰国际机场	福州长乐国际机场
FLIGHT	C184	C046	HAK				2026-05-01T11:08:00	2026-05-01T13:55:00	中国国航	CA2484	经济舱	860	17	17	海口美兰国际机场	南昌昌北国际机场
FLIGHT	C184	C180	HAK		TNA		2026-05-01T11:45:00	2026-05-01T15:56:00	东方航空	MU2485	经济舱	1240	18	18	海口美兰国际机场	济南遥墙国际机场
FLIGHT	C184	C267	HAK		CGO		2026-05-01T12:22:00	2026-05-01T16:04:00	南方航空	CZ2486	经济舱	1110	19	19	海口美兰国际机场	郑州新郑国际机场
FLIGHT	C184	C164	HAK		WUH		2026-05-01T12:59:00	2026-05-01T15:58:00	海南航空	HU2487	经济舱	920	20	20	海口美兰国际机场	武汉天河国际机场
FLIGHT	C184	C284	HAK		CSX		2026-05-01T13:36:00	2026-05-01T16:06:00	中国国航	CA2488	经济舱	790	21	21	海口美兰国际机场	长沙黄花国际机场
FLIGHT	C184	C112	HAK		CAN		2026-05-01T14:13:00	2026-05-01T15:55:00	东方航空	MU2489	经济舱	570	22	22	海口美兰国际机场	广州白云国际机场
FLIGHT	C184	C044	HAK		NNG		2026-05-01T14:50:00	2026-05-01T16:21:00	南方航空	CZ2490	经济舱	520	23	23	海口美兰国际机场	南宁吴圩国际机场
FLIGHT	C184	C128	HAK		TFU		2026-05-01T16:04:00	2026-05-01T19:11:00	中国国航	CA2492	经济舱	960	25	25	海口美兰国际机场	成都天府国际机场
FLIGHT	C184	C249	HAK		KWE		2026-05-01T16:41:00	2026-05-01T18:58:00	东方航空	MU2493	经济舱	730	26	26	海口美兰国际机场	贵阳龙洞堡国际机场
FLIGHT	C184	C142	HAK		KMG		2026-05-01T17:18:00	2026-05-01T19:48:00	南方航空	CZ2494	经济舱	790	27	27	海口美兰国际机场	昆明长水国际机场
FLIGHT	C184	C133	HAK		LXA		2026-05-01T17:55:00	2026-05-01T22:29:00	海南航空	HU2495	经济舱	1350	28	28	海口美兰国际机场	拉萨贡嘎国际机场
FLIGHT	C184	C246	HAK		XIY		2026-05-01T18:32:00	2026-05-01T22:06:00	中国国航	CA2496	经济舱	1080	29	29	海口美兰国际机场	西安咸阳国际机场
FLIGHT	C184	C034	HAK		LHW		2026-05-01T19:09:00	2026-05-01T23:13:00	东方航空	MU2497	经济舱	1220	30	30	海口美兰国际机场	兰州中川国际机场
FLIGHT	C184	C245	HAK		XNN		2026-05-01T19:46:00	2026-05-02T00:03:00	南方航空	CZ2498	经济舱	1280	31	31	海口美兰国际机场	西宁曹家堡国际机场
FLIGHT	C184	C279	HAK		INC		2026-05-01T06:23:00	2026-05-01T10:47:00	海南航空	HU2499	经济舱	1310	32	32	海口美兰国际机场	银川河东国际机场
FLIGHT	C184	C018	HAK				2026-05-01T07:00:00	2026-05-01T13:32:00	中国国航	CA2500	经济舱	1890	33	33	海口美兰国际机场	乌鲁木齐天山国际机场
FLIGHT	C184	C300	HAK				2026-05-01T07:37:00	2026-05-01T09:20:00	东方航空	MU2501	经济舱	590	34	34	海口美兰国际机场	香港国际机场
FLIGHT	C184	C190	HAK		SZX		2026-05-01T09:28:00	2026-05-01T11:12:00	中国国航	CA2504	经济舱	590	37	37	海口美兰国际机场	深圳宝安国际机场
FLIGHT	C184	C050	HAK		XMN		2026-05-01T10:05:00	2026-05-01T12:35:00	东方航空	MU2505	经济舱	800	3	3	海口美兰国际机场	厦门高崎国际机场
FLIGHT	C184	C297	HAK				2026-05-01T10:42:00	2026-05-01T15:01:00	南方航空	CZ2506	经济舱	1290	4	4	海口美兰国际机场	青岛胶东国际机场
FLIGHT	C184	C080	HAK		DLC		2026-05-01T11:19:00	2026-05-01T16:11:00	海南航空	HU2507	经济舱	1440	5	5	海口美兰国际机场	大连周水子国际机场
FLIGHT	C184	C088	HAK		NGB		2026-05-01T11:56:00	2026-05-01T15:29:00	中国国航	CA2508	经济舱	1090	6	6	海口美兰国际机场	宁波栎社国际机场
FLIGHT	C184	C231	HAK				2026-05-01T12:33:00	2026-05-01T16:11:00	东方航空	MU2509	经济舱	1110	7	7	海口美兰国际机场	苏州机场
FLIGHT	C184	C139	HAK				2026-05-01T13:10:00	2026-05-01T16:47:00	南方航空	CZ2510	经济舱	1110	8	8	海口美兰国际机场	苏南硕放国际机场
FLIGHT	C184	C158	HAK		KWL		2026-05-01T13:47:00	2026-05-01T15:40:00	海南航空	HU2511	经济舱	640	9	9	海口美兰国际机场	桂林两江国际机场
FLIGHT	C184	C002	HAK		SYX		2026-05-01T14:24:00	2026-05-01T15:40:00	中国国航	CA2512	经济舱	480	10	10	海口美兰国际机场	三亚凤凰国际机场
FLIGHT	C184	C119	HAK				2026-05-01T15:01:00	2026-05-01T17:37:00	东方航空	MU2513	经济舱	840	11	11	海口美兰国际机场	张家界荷花国际机场
FLIGHT	C184	C015	HAK		LJG		2026-05-01T15:38:00	2026-05-01T18:40:00	南方航空	CZ2514	经济舱	950	12	12	海口美兰国际机场	丽江三义国际机场
FLIGHT	C184	C308	HAK		TXN		2026-05-01T16:52:00	2026-05-01T20:02:00	中国国航	CA2516	经济舱	990	14	14	海口美兰国际机场	黄山屯溪国际机场
FLIGHT	C184	C210	HAK		ZZH		2026-05-01T18:06:00	2026-05-01T19:44:00	南方航空	CZ2518	经济舱	580	16	16	海口美兰国际机场	珠海金湾机场
FLIGHT	C184	C179	HAK				2026-05-01T18:43:00	2026-05-01T22:22:00	海南航空	HU2519	经济舱	1130	17	17	海口美兰国际机场	洛阳北郊机场
FLIGHT	C184	C077	HAK				2026-05-01T19:20:00	2026-05-02T00:00:00	中国国航	CA2520	经济舱	1400	18	18	海口美兰国际机场	大同云冈国际机场
FLIGHT	C184	C070	HAK		KHG		2026-05-01T06:34:00	2026-05-01T14:00:00	南方航空	CZ2522	经济舱	2150	20	20	海口美兰国际机场	喀什徕宁国际机场
FLIGHT	C184	C056	HAK				2026-05-01T07:11:00	2026-05-01T13:27:00	海南航空	HU2523	经济舱	1840	21	21	海口美兰国际机场	吐鲁番交河机场
FLIGHT	C184	C292	HAK				2026-05-01T07:48:00	2026-05-01T14:50:00	中国国航	CA2524	经济舱	2050	22	22	海口美兰国际机场	阿勒泰雪都机场
FLIGHT	C184	C222	HAK		BPE		2026-05-01T08:25:00	2026-05-01T13:19:00	东方航空	MU2525	经济舱	1470	23	23	海口美兰国际机场	秦皇岛北戴河机场
FLIGHT	C184	C084	HAK		WEH		2026-05-01T09:02:00	2026-05-01T13:43:00	南方航空	CZ2526	经济舱	1410	24	24	海口美兰国际机场	威海大水泊国际机场
FLIGHT	C184	C176	HAK		JJN		2026-05-01T09:39:00	2026-05-01T12:16:00	海南航空	HU2527	经济舱	860	25	25	海口美兰国际机场	泉州晋江国际机场
FLIGHT	C184	C129	HAK		YTY		2026-05-01T10:16:00	2026-05-01T13:56:00	中国国航	CA2528	经济舱	1140	26	26	海口美兰国际机场	扬州泰州国际机场
FLIGHT	C184	C071	HAK				2026-05-01T10:53:00	2026-05-01T14:27:00	东方航空	MU2529	经济舱	1120	27	27	海口美兰国际机场	嘉兴机场
FLIGHT	C184	C040	HAK		BHY		2026-05-01T11:30:00	2026-05-01T12:45:00	南方航空	CZ2530	经济舱	320	28	28	海口美兰国际机场	北海福成机场
FLIGHT	C184	C147	HAK				2026-05-01T12:07:00	2026-05-01T15:06:00	海南航空	HU2531	经济舱	790	29	29	海口美兰国际机场	景德镇罗家机场
FLIGHT	C184	C127	HAK				2026-05-01T13:58:00	2026-05-01T15:48:00	南方航空	CZ2534	经济舱	480	32	32	海口美兰国际机场	惠州平潭机场
FLIGHT	C184	C205	HAK		YNT		2026-05-01T15:12:00	2026-05-01T19:49:00	中国国航	CA2536	经济舱	1240	34	34	海口美兰国际机场	烟台蓬莱国际机场
FLIGHT	C184	C025	HAK				2026-05-01T15:49:00	2026-05-01T17:29:00	东方航空	MU2537	经济舱	440	35	35	海口美兰国际机场	佛山沙堤机场
FLIGHT	C184	C192	HAK		WNZ		2026-05-01T17:03:00	2026-05-01T20:16:00	海南航空	HU2539	经济舱	860	37	37	海口美兰国际机场	温州龙湾国际机场
FLIGHT	C128	C039	TFU		PEK		2026-05-01T17:40:00	2026-05-01T21:07:00	中国国航	CA2540	经济舱	930	3	3	成都天府国际机场	北京首都国际机场
FLIGHT	C128	C005	TFU		SHA		2026-05-01T18:17:00	2026-05-01T21:58:00	东方航空	MU2541	经济舱	990	4	4	成都天府国际机场	上海虹桥国际机场
FLIGHT	C128	C082	TFU		TSN		2026-05-01T18:54:00	2026-05-01T22:21:00	南方航空	CZ2542	经济舱	930	5	5	成都天府国际机场	天津滨海国际机场
FLIGHT	C128	C272	TFU		CKG		2026-05-01T19:31:00	2026-05-01T20:52:00	海南航空	HU2543	经济舱	360	6	6	成都天府国际机场	重庆江北国际机场
FLIGHT	C128	C220	TFU		SJW		2026-05-01T06:08:00	2026-05-01T09:10:00	中国国航	CA2544	经济舱	810	7	7	成都天府国际机场	石家庄正定国际机场
FLIGHT	C128	C083	TFU		TYN		2026-05-01T06:45:00	2026-05-01T09:32:00	东方航空	MU2545	经济舱	750	8	8	成都天府国际机场	太原武宿国际机场
FLIGHT	C128	C061	TFU		HET		2026-05-01T07:22:00	2026-05-01T10:30:00	南方航空	CZ2546	经济舱	850	9	9	成都天府国际机场	呼和浩特白塔国际机场
FLIGHT	C128	C172	TFU		SHE		2026-05-01T07:59:00	2026-05-01T12:27:00	海南航空	HU2547	经济舱	1210	10	10	成都天府国际机场	沈阳桃仙国际机场
FLIGHT	C128	C283	TFU		CGQ		2026-05-01T08:36:00	2026-05-01T13:29:00	中国国航	CA2548	经济舱	1320	11	11	成都天府国际机场	长春龙嘉国际机场
FLIGHT	C128	C066	TFU		HRB		2026-05-01T09:13:00	2026-05-01T14:26:00	东方航空	MU2549	经济舱	1410	12	12	成都天府国际机场	哈尔滨太平国际机场
FLIGHT	C128	C042	TFU		NKG		2026-05-01T09:50:00	2026-05-01T13:06:00	南方航空	CZ2550	经济舱	880	13	13	成都天府国际机场	南京禄口国际机场
FLIGHT	C128	C153	TFU		HGH		2026-05-01T10:27:00	2026-05-01T13:56:00	海南航空	HU2551	经济舱	940	14	14	成都天府国际机场	杭州萧山国际机场
FLIGHT	C128	C053	TFU		HFE		2026-05-01T11:04:00	2026-05-01T14:05:00	中国国航	CA2552	经济舱	820	15	15	成都天府国际机场	合肥新桥国际机场
FLIGHT	C128	C221	TFU		FOC		2026-05-01T11:41:00	2026-05-01T15:13:00	东方航空	MU2553	经济舱	960	16	16	成都天府国际机场	福州长乐国际机场
FLIGHT	C128	C046	TFU				2026-05-01T12:18:00	2026-05-01T15:09:00	南方航空	CZ2554	经济舱	780	17	17	成都天府国际机场	南昌昌北国际机场
FLIGHT	C128	C180	TFU		TNA		2026-05-01T12:55:00	2026-05-01T16:08:00	海南航空	HU2555	经济舱	870	18	18	成都天府国际机场	济南遥墙国际机场
FLIGHT	C128	C267	TFU		CGO		2026-05-01T13:32:00	2026-05-01T16:08:00	中国国航	CA2556	经济舱	710	19	19	成都天府国际机场	郑州新郑国际机场
FLIGHT	C128	C164	TFU		WUH		2026-05-01T14:09:00	2026-05-01T16:42:00	东方航空	MU2557	经济舱	700	20	20	成都天府国际机场	武汉天河国际机场
FLIGHT	C128	C284	TFU		CSX		2026-05-01T14:46:00	2026-05-01T17:11:00	南方航空	CZ2558	经济舱	660	21	21	成都天府国际机场	长沙黄花国际机场
FLIGHT	C128	C112	TFU		CAN		2026-05-01T15:23:00	2026-05-01T18:21:00	海南航空	HU2559	经济舱	810	22	22	成都天府国际机场	广州白云国际机场
FLIGHT	C128	C044	TFU		NNG		2026-05-01T16:00:00	2026-05-01T18:31:00	中国国航	CA2560	经济舱	690	23	23	成都天府国际机场	南宁吴圩国际机场
FLIGHT	C128	C184	TFU		HAK		2026-05-01T16:37:00	2026-05-01T19:44:00	东方航空	MU2561	经济舱	860	24	24	成都天府国际机场	海口美兰国际机场
FLIGHT	C128	C249	TFU		KWE		2026-05-01T17:51:00	2026-05-01T19:36:00	海南航空	HU2563	经济舱	490	26	26	成都天府国际机场	贵阳龙洞堡国际机场
FLIGHT	C128	C142	TFU		KMG		2026-05-01T18:28:00	2026-05-01T20:26:00	中国国航	CA2564	经济舱	550	27	27	成都天府国际机场	昆明长水国际机场
FLIGHT	C128	C133	TFU		LXA		2026-05-01T19:05:00	2026-05-01T22:04:00	东方航空	MU2565	经济舱	820	28	28	成都天府国际机场	拉萨贡嘎国际机场
FLIGHT	C128	C246	TFU		XIY		2026-05-01T19:42:00	2026-05-01T21:39:00	南方航空	CZ2566	经济舱	540	29	29	成都天府国际机场	西安咸阳国际机场
FLIGHT	C128	C034	TFU		LHW		2026-05-01T06:19:00	2026-05-01T08:15:00	海南航空	HU2567	经济舱	540	30	30	成都天府国际机场	兰州中川国际机场
FLIGHT	C128	C245	TFU		XNN		2026-05-01T06:56:00	2026-05-01T09:02:00	中国国航	CA2568	经济舱	590	31	31	成都天府国际机场	西宁曹家堡国际机场
FLIGHT	C128	C279	TFU		INC		2026-05-01T07:33:00	2026-05-01T09:58:00	东方航空	MU2569	经济舱	680	32	32	成都天府国际机场	银川河东国际机场
FLIGHT	C128	C018	TFU				2026-05-01T08:10:00	2026-05-01T12:32:00	南方航空	CZ2570	经济舱	1200	33	33	成都天府国际机场	乌鲁木齐天山国际机场
FLIGHT	C128	C300	TFU				2026-05-01T08:47:00	2026-05-01T11:58:00	海南航空	HU2571	经济舱	880	34	34	成都天府国际机场	香港国际机场
FLIGHT	C128	C190	TFU		SZX		2026-05-01T10:38:00	2026-05-01T13:46:00	南方航空	CZ2574	经济舱	870	37	37	成都天府国际机场	深圳宝安国际机场
FLIGHT	C128	C050	TFU		XMN		2026-05-01T11:15:00	2026-05-01T14:44:00	海南航空	HU2575	经济舱	970	3	3	成都天府国际机场	厦门高崎国际机场
FLIGHT	C128	C297	TFU				2026-05-01T11:52:00	2026-05-01T15:30:00	中国国航	CA2576	经济舱	1010	4	4	成都天府国际机场	青岛胶东国际机场
FLIGHT	C128	C080	TFU		DLC		2026-05-01T12:29:00	2026-05-01T16:29:00	东方航空	MU2577	经济舱	1110	5	5	成都天府国际机场	大连周水子国际机场
FLIGHT	C128	C088	TFU		NGB		2026-05-01T13:06:00	2026-05-01T16:49:00	南方航空	CZ2578	经济舱	1030	6	6	成都天府国际机场	宁波栎社国际机场
FLIGHT	C128	C231	TFU				2026-05-01T13:43:00	2026-05-01T17:16:00	海南航空	HU2579	经济舱	990	7	7	成都天府国际机场	苏州机场
FLIGHT	C128	C139	TFU				2026-05-01T14:20:00	2026-05-01T17:50:00	中国国航	CA2580	经济舱	980	8	8	成都天府国际机场	苏南硕放国际机场
FLIGHT	C128	C158	TFU		KWL		2026-05-01T14:57:00	2026-05-01T17:17:00	东方航空	MU2581	经济舱	660	9	9	成都天府国际机场	桂林两江国际机场
FLIGHT	C128	C002	TFU		SYX		2026-05-01T15:34:00	2026-05-01T18:57:00	南方航空	CZ2582	经济舱	950	10	10	成都天府国际机场	三亚凤凰国际机场
FLIGHT	C128	C119	TFU				2026-05-01T16:11:00	2026-05-01T18:10:00	海南航空	HU2583	经济舱	570	11	11	成都天府国际机场	张家界荷花国际机场
FLIGHT	C128	C015	TFU		LJG		2026-05-01T16:48:00	2026-05-01T18:39:00	中国国航	CA2584	经济舱	530	12	12	成都天府国际机场	丽江三义国际机场
FLIGHT	C128	C308	TFU		TXN		2026-05-01T18:02:00	2026-05-01T21:14:00	南方航空	CZ2586	经济舱	900	14	14	成都天府国际机场	黄山屯溪国际机场
FLIGHT	C128	C210	TFU		ZZH		2026-05-01T19:16:00	2026-05-01T22:23:00	中国国航	CA2588	经济舱	880	16	16	成都天府国际机场	珠海金湾机场
FLIGHT	C128	C179	TFU				2026-05-01T19:53:00	2026-05-01T22:18:00	东方航空	MU2589	经济舱	700	17	17	成都天府国际机场	洛阳北郊机场
FLIGHT	C128	C077	TFU				2026-05-01T06:30:00	2026-05-01T09:40:00	南方航空	CZ2590	经济舱	900	18	18	成都天府国际机场	大同云冈国际机场
FLIGHT	C128	C070	TFU		KHG		2026-05-01T07:44:00	2026-05-01T13:12:00	中国国航	CA2592	经济舱	1520	20	20	成都天府国际机场	喀什徕宁国际机场
FLIGHT	C128	C056	TFU				2026-05-01T08:21:00	2026-05-01T12:27:00	东方航空	MU2593	经济舱	1150	21	21	成都天府国际机场	吐鲁番交河机场
FLIGHT	C128	C292	TFU				2026-05-01T08:58:00	2026-05-01T13:48:00	南方航空	CZ2594	经济舱	1350	22	22	成都天府国际机场	阿勒泰雪都机场
FLIGHT	C128	C222	TFU		BPE		2026-05-01T09:35:00	2026-05-01T13:25:00	海南航空	HU2595	经济舱	1080	23	23	成都天府国际机场	秦皇岛北戴河机场
FLIGHT	C128	C084	TFU		WEH		2026-05-01T10:12:00	2026-05-01T14:10:00	中国国航	CA2596	经济舱	1120	24	24	成都天府国际机场	威海大水泊国际机场
FLIGHT	C128	C176	TFU		JJN		2026-05-01T10:49:00	2026-05-01T14:21:00	东方航空	MU2597	经济舱	1000	25	25	成都天府国际机场	泉州晋江国际机场
FLIGHT	C128	C129	TFU		YTY		2026-05-01T11:26:00	2026-05-01T14:48:00	南方航空	CZ2598	经济舱	960	26	26	成都天府国际机场	扬州泰州国际机场
FLIGHT	C128	C071	TFU				2026-05-01T12:03:00	2026-05-01T15:38:00	海南航空	HU2599	经济舱	1020	27	27	成都天府国际机场	嘉兴机场
FLIGHT	C128	C040	TFU		BHY		2026-05-01T12:40:00	2026-05-01T15:28:00	中国国航	CA2600	经济舱	810	28	28	成都天府国际机场	北海福成机场
FLIGHT	C128	C147	TFU				2026-05-01T13:17:00	2026-05-01T16:19:00	东方航空	MU2601	经济舱	870	29	29	成都天府国际机场	景德镇罗家机场
FLIGHT	C128	C127	TFU				2026-05-01T15:08:00	2026-05-01T18:15:00	中国国航	CA2604	经济舱	900	32	32	成都天府国际机场	惠州平潭机场
FLIGHT	C128	C205	TFU		YNT		2026-05-01T16:22:00	2026-05-01T20:14:00	南方航空	CZ2606	经济舱	1100	34	34	成都天府国际机场	烟台蓬莱国际机场
FLIGHT	C128	C025	TFU				2026-05-01T16:59:00	2026-05-01T19:57:00	海南航空	HU2607	经济舱	860	35	35	成都天府国际机场	佛山沙堤机场
FLIGHT	C128	C192	TFU		WNZ		2026-05-01T18:13:00	2026-05-01T21:51:00	东方航空	MU2609	经济舱	1040	37	37	成都天府国际机场	温州龙湾国际机场
FLIGHT	C249	C039	KWE		PEK		2026-05-01T18:50:00	2026-05-01T22:38:00	南方航空	CZ2610	经济舱	1090	3	3	贵阳龙洞堡国际机场	北京首都国际机场
FLIGHT	C249	C005	KWE		SHA		2026-05-01T19:27:00	2026-05-01T22:55:00	海南航空	HU2611	经济舱	1000	4	4	贵阳龙洞堡国际机场	上海虹桥国际机场
FLIGHT	C249	C082	KWE		TSN		2026-05-01T06:04:00	2026-05-01T09:49:00	中国国航	CA2612	经济舱	1080	5	5	贵阳龙洞堡国际机场	天津滨海国际机场
FLIGHT	C249	C272	KWE		CKG		2026-05-01T06:41:00	2026-05-01T08:08:00	东方航空	MU2613	经济舱	460	6	6	贵阳龙洞堡国际机场	重庆江北国际机场
FLIGHT	C249	C220	KWE		SJW		2026-05-01T07:18:00	2026-05-01T10:40:00	南方航空	CZ2614	经济舱	970	7	7	贵阳龙洞堡国际机场	石家庄正定国际机场
FLIGHT	C249	C083	KWE		TYN		2026-05-01T07:55:00	2026-05-01T11:07:00	海南航空	HU2615	经济舱	930	8	8	贵阳龙洞堡国际机场	太原武宿国际机场
FLIGHT	C249	C061	KWE		HET		2026-05-01T08:32:00	2026-05-01T12:12:00	中国国航	CA2616	经济舱	1060	9	9	贵阳龙洞堡国际机场	呼和浩特白塔国际机场
FLIGHT	C249	C172	KWE		SHE		2026-05-01T09:09:00	2026-05-01T13:52:00	东方航空	MU2617	经济舱	1340	10	10	贵阳龙洞堡国际机场	沈阳桃仙国际机场
FLIGHT	C249	C283	KWE		CGQ		2026-05-01T09:46:00	2026-05-01T14:55:00	南方航空	CZ2618	经济舱	1460	11	11	贵阳龙洞堡国际机场	长春龙嘉国际机场
FLIGHT	C249	C066	KWE		HRB		2026-05-01T10:23:00	2026-05-01T15:54:00	海南航空	HU2619	经济舱	1560	12	12	贵阳龙洞堡国际机场	哈尔滨太平国际机场
FLIGHT	C249	C042	KWE		NKG		2026-05-01T11:00:00	2026-05-01T14:07:00	中国国航	CA2620	经济舱	920	13	13	贵阳龙洞堡国际机场	南京禄口国际机场
FLIGHT	C249	C153	KWE		HGH		2026-05-01T11:37:00	2026-05-01T14:50:00	东方航空	MU2621	经济舱	940	14	14	贵阳龙洞堡国际机场	杭州萧山国际机场
FLIGHT	C249	C053	KWE		HFE		2026-05-01T12:14:00	2026-05-01T15:07:00	南方航空	CZ2622	经济舱	850	15	15	贵阳龙洞堡国际机场	合肥新桥国际机场
FLIGHT	C249	C221	KWE		FOC		2026-05-01T12:51:00	2026-05-01T15:52:00	海南航空	HU2623	经济舱	890	16	16	贵阳龙洞堡国际机场	福州长乐国际机场
FLIGHT	C249	C046	KWE				2026-05-01T13:28:00	2026-05-01T15:57:00	中国国航	CA2624	经济舱	750	17	17	贵阳龙洞堡国际机场	南昌昌北国际机场
FLIGHT	C249	C180	KWE		TNA		2026-05-01T14:05:00	2026-05-01T17:28:00	东方航空	MU2625	经济舱	990	18	18	贵阳龙洞堡国际机场	济南遥墙国际机场
FLIGHT	C249	C267	KWE		CGO		2026-05-01T14:42:00	2026-05-01T17:29:00	南方航空	CZ2626	经济舱	830	19	19	贵阳龙洞堡国际机场	郑州新郑国际机场
FLIGHT	C249	C164	KWE		WUH		2026-05-01T15:19:00	2026-05-01T17:41:00	海南航空	HU2627	经济舱	720	20	20	贵阳龙洞堡国际机场	武汉天河国际机场
FLIGHT	C249	C284	KWE		CSX		2026-05-01T15:56:00	2026-05-01T17:56:00	中国国航	CA2628	经济舱	620	21	21	贵阳龙洞堡国际机场	长沙黄花国际机场
FLIGHT	C249	C112	KWE		CAN		2026-05-01T16:33:00	2026-05-01T18:45:00	东方航空	MU2629	经济舱	680	22	22	贵阳龙洞堡国际机场	广州白云国际机场
FLIGHT	C249	C044	KWE		NNG		2026-05-01T17:10:00	2026-05-01T18:51:00	南方航空	CZ2630	经济舱	540	23	23	贵阳龙洞堡国际机场	南宁吴圩国际机场
FLIGHT	C249	C184	KWE		HAK		2026-05-01T17:47:00	2026-05-01T20:04:00	海南航空	HU2631	经济舱	700	24	24	贵阳龙洞堡国际机场	海口美兰国际机场
FLIGHT	C249	C128	KWE		TFU		2026-05-01T18:24:00	2026-05-01T20:09:00	中国国航	CA2632	经济舱	560	25	25	贵阳龙洞堡国际机场	成都天府国际机场
FLIGHT	C249	C142	KWE		KMG		2026-05-01T19:38:00	2026-05-01T21:16:00	南方航空	CZ2634	经济舱	530	27	27	贵阳龙洞堡国际机场	昆明长水国际机场
FLIGHT	C249	C133	KWE		LXA		2026-05-01T06:15:00	2026-05-01T09:45:00	海南航空	HU2635	经济舱	1030	28	28	贵阳龙洞堡国际机场	拉萨贡嘎国际机场
FLIGHT	C249	C246	KWE		XIY		2026-05-01T06:52:00	2026-05-01T09:15:00	中国国航	CA2636	经济舱	730	29	29	贵阳龙洞堡国际机场	西安咸阳国际机场
FLIGHT	C249	C034	KWE		LHW		2026-05-01T07:29:00	2026-05-01T10:12:00	东方航空	MU2637	经济舱	820	30	30	贵阳龙洞堡国际机场	兰州中川国际机场
FLIGHT	C249	C245	KWE		XNN		2026-05-01T08:06:00	2026-05-01T11:01:00	南方航空	CZ2638	经济舱	880	31	31	贵阳龙洞堡国际机场	西宁曹家堡国际机场
FLIGHT	C249	C279	KWE		INC		2026-05-01T08:43:00	2026-05-01T11:50:00	海南航空	HU2639	经济舱	930	32	32	贵阳龙洞堡国际机场	银川河东国际机场
FLIGHT	C249	C018	KWE				2026-05-01T09:20:00	2026-05-01T14:31:00	中国国航	CA2640	经济舱	1490	33	33	贵阳龙洞堡国际机场	乌鲁木齐天山国际机场
FLIGHT	C249	C300	KWE				2026-05-01T09:57:00	2026-05-01T12:22:00	东方航空	MU2641	经济舱	750	34	34	贵阳龙洞堡国际机场	香港国际机场
FLIGHT	C249	C190	KWE		SZX		2026-05-01T11:48:00	2026-05-01T14:11:00	中国国航	CA2644	经济舱	740	37	37	贵阳龙洞堡国际机场	深圳宝安国际机场
FLIGHT	C249	C050	KWE		XMN		2026-05-01T12:25:00	2026-05-01T15:17:00	东方航空	MU2645	经济舱	870	3	3	贵阳龙洞堡国际机场	厦门高崎国际机场
FLIGHT	C249	C297	KWE				2026-05-01T13:02:00	2026-05-01T16:44:00	南方航空	CZ2646	经济舱	1100	4	4	贵阳龙洞堡国际机场	青岛胶东国际机场
FLIGHT	C249	C080	KWE		DLC		2026-05-01T13:39:00	2026-05-01T17:49:00	海南航空	HU2647	经济舱	1220	5	5	贵阳龙洞堡国际机场	大连周水子国际机场
FLIGHT	C249	C088	KWE		NGB		2026-05-01T14:16:00	2026-05-01T17:41:00	中国国航	CA2648	经济舱	1020	6	6	贵阳龙洞堡国际机场	宁波栎社国际机场
FLIGHT	C249	C231	KWE				2026-05-01T14:53:00	2026-05-01T18:13:00	东方航空	MU2649	经济舱	1000	7	7	贵阳龙洞堡国际机场	苏州机场
FLIGHT	C249	C139	KWE				2026-05-01T15:30:00	2026-05-01T18:48:00	南方航空	CZ2650	经济舱	990	8	8	贵阳龙洞堡国际机场	苏南硕放国际机场
FLIGHT	C249	C158	KWE		KWL		2026-05-01T16:07:00	2026-05-01T17:42:00	海南航空	HU2651	经济舱	530	9	9	贵阳龙洞堡国际机场	桂林两江国际机场
FLIGHT	C249	C002	KWE		SYX		2026-05-01T16:44:00	2026-05-01T19:17:00	中国国航	CA2652	经济舱	790	10	10	贵阳龙洞堡国际机场	三亚凤凰国际机场
FLIGHT	C249	C119	KWE				2026-05-01T17:21:00	2026-05-01T19:03:00	东方航空	MU2653	经济舱	560	11	11	贵阳龙洞堡国际机场	张家界荷花国际机场
FLIGHT	C249	C015	KWE		LJG		2026-05-01T17:58:00	2026-05-01T19:57:00	南方航空	CZ2654	经济舱	640	12	12	贵阳龙洞堡国际机场	丽江三义国际机场
FLIGHT	C249	C308	KWE		TXN		2026-05-01T19:12:00	2026-05-01T22:07:00	中国国航	CA2656	经济舱	890	14	14	贵阳龙洞堡国际机场	黄山屯溪国际机场
FLIGHT	C249	C210	KWE		ZZH		2026-05-01T06:26:00	2026-05-01T08:47:00	南方航空	CZ2658	经济舱	740	16	16	贵阳龙洞堡国际机场	珠海金湾机场
FLIGHT	C249	C179	KWE				2026-05-01T07:03:00	2026-05-01T09:43:00	海南航空	HU2659	经济舱	830	17	17	贵阳龙洞堡国际机场	洛阳北郊机场
FLIGHT	C249	C077	KWE				2026-05-01T07:40:00	2026-05-01T11:17:00	中国国航	CA2660	经济舱	1090	18	18	贵阳龙洞堡国际机场	大同云冈国际机场
FLIGHT	C249	C070	KWE		KHG		2026-05-01T08:54:00	2026-05-01T15:06:00	南方航空	CZ2662	经济舱	1790	20	20	贵阳龙洞堡国际机场	喀什徕宁国际机场
FLIGHT	C249	C056	KWE				2026-05-01T09:31:00	2026-05-01T14:26:00	海南航空	HU2663	经济舱	1440	21	21	贵阳龙洞堡国际机场	吐鲁番交河机场
FLIGHT	C249	C292	KWE				2026-05-01T10:08:00	2026-05-01T15:48:00	中国国航	CA2664	经济舱	1650	22	22	贵阳龙洞堡国际机场	阿勒泰雪都机场
FLIGHT	C249	C222	KWE		BPE		2026-05-01T10:45:00	2026-05-01T14:50:00	东方航空	MU2665	经济舱	1220	23	23	贵阳龙洞堡国际机场	秦皇岛北戴河机场
FLIGHT	C249	C084	KWE		WEH		2026-05-01T11:22:00	2026-05-01T15:26:00	南方航空	CZ2666	经济舱	1220	24	24	贵阳龙洞堡国际机场	威海大水泊国际机场
FLIGHT	C249	C176	KWE		JJN		2026-05-01T11:59:00	2026-05-01T14:56:00	海南航空	HU2667	经济舱	920	25	25	贵阳龙洞堡国际机场	泉州晋江国际机场
FLIGHT	C249	C129	KWE		YTY		2026-05-01T12:36:00	2026-05-01T15:50:00	中国国航	CA2668	经济舱	990	26	26	贵阳龙洞堡国际机场	扬州泰州国际机场
FLIGHT	C249	C071	KWE				2026-05-01T13:13:00	2026-05-01T16:33:00	东方航空	MU2669	经济舱	1020	27	27	贵阳龙洞堡国际机场	嘉兴机场
FLIGHT	C249	C040	KWE		BHY		2026-05-01T13:50:00	2026-05-01T15:48:00	南方航空	CZ2670	经济舱	650	28	28	贵阳龙洞堡国际机场	北海福成机场
FLIGHT	C249	C147	KWE				2026-05-01T14:27:00	2026-05-01T17:10:00	海南航空	HU2671	经济舱	860	29	29	贵阳龙洞堡国际机场	景德镇罗家机场
FLIGHT	C249	C127	KWE				2026-05-01T16:18:00	2026-05-01T18:41:00	南方航空	CZ2674	经济舱	770	32	32	贵阳龙洞堡国际机场	惠州平潭机场
FLIGHT	C249	C205	KWE		YNT		2026-05-01T17:32:00	2026-05-01T21:31:00	中国国航	CA2676	经济舱	1200	34	34	贵阳龙洞堡国际机场	烟台蓬莱国际机场
FLIGHT	C249	C025	KWE				2026-05-01T18:09:00	2026-05-01T20:21:00	东方航空	MU2677	经济舱	720	35	35	贵阳龙洞堡国际机场	佛山沙堤机场
FLIGHT	C249	C192	KWE		WNZ		2026-05-01T19:23:00	2026-05-01T22:37:00	海南航空	HU2679	经济舱	1010	37	37	贵阳龙洞堡国际机场	温州龙湾国际机场
FLIGHT	C142	C039	KMG		PEK		2026-05-01T06:00:00	2026-05-01T10:24:00	中国国航	CA2680	经济舱	1320	3	3	昆明长水国际机场	北京首都国际机场
FLIGHT	C142	C005	KMG		SHA		2026-05-01T06:37:00	2026-05-01T10:48:00	东方航空	MU2681	经济舱	1260	4	4	昆明长水国际机场	上海虹桥国际机场
FLIGHT	C142	C082	KMG		TSN		2026-05-01T07:14:00	2026-05-01T11:36:00	南方航空	CZ2682	经济舱	1310	5	5	昆明长水国际机场	天津滨海国际机场
FLIGHT	C142	C272	KMG		CKG		2026-05-01T07:51:00	2026-05-01T09:49:00	海南航空	HU2683	经济舱	670	6	6	昆明长水国际机场	重庆江北国际机场
FLIGHT	C142	C220	KMG		SJW		2026-05-01T08:28:00	2026-05-01T12:25:00	中国国航	CA2684	经济舱	1200	7	7	昆明长水国际机场	石家庄正定国际机场
FLIGHT	C142	C083	KMG		TYN		2026-05-01T09:05:00	2026-05-01T12:50:00	东方航空	MU2685	经济舱	1150	8	8	昆明长水国际机场	太原武宿国际机场
FLIGHT	C142	C061	KMG		HET		2026-05-01T09:42:00	2026-05-01T13:52:00	南方航空	CZ2686	经济舱	1260	9	9	昆明长水国际机场	呼和浩特白塔国际机场
FLIGHT	C142	C172	KMG		SHE		2026-05-01T10:19:00	2026-05-01T15:40:00	海南航空	HU2687	经济舱	1590	10	10	昆明长水国际机场	沈阳桃仙国际机场
FLIGHT	C142	C283	KMG		CGQ		2026-05-01T10:56:00	2026-05-01T16:43:00	中国国航	CA2688	经济舱	1700	11	11	昆明长水国际机场	长春龙嘉国际机场
FLIGHT	C142	C066	KMG		HRB		2026-05-01T11:33:00	2026-05-01T17:42:00	东方航空	MU2689	经济舱	1800	12	12	昆明长水国际机场	哈尔滨太平国际机场
FLIGHT	C142	C042	KMG		NKG		2026-05-01T12:10:00	2026-05-01T16:00:00	南方航空	CZ2690	经济舱	1180	13	13	昆明长水国际机场	南京禄口国际机场
FLIGHT	C142	C153	KMG		HGH		2026-05-01T12:47:00	2026-05-01T16:43:00	海南航空	HU2691	经济舱	1210	14	14	昆明长水国际机场	杭州萧山国际机场
FLIGHT	C142	C053	KMG		HFE		2026-05-01T13:24:00	2026-05-01T17:00:00	中国国航	CA2692	经济舱	1110	15	15	昆明长水国际机场	合肥新桥国际机场
FLIGHT	C142	C221	KMG		FOC		2026-05-01T14:01:00	2026-05-01T17:43:00	东方航空	MU2693	经济舱	1140	16	16	昆明长水国际机场	福州长乐国际机场
FLIGHT	C142	C046	KMG				2026-05-01T14:38:00	2026-05-01T17:49:00	南方航空	CZ2694	经济舱	1010	17	17	昆明长水国际机场	南昌昌北国际机场
FLIGHT	C142	C180	KMG		TNA		2026-05-01T15:15:00	2026-05-01T19:18:00	海南航空	HU2695	经济舱	1240	18	18	昆明长水国际机场	济南遥墙国际机场
FLIGHT	C142	C267	KMG		CGO		2026-05-01T15:52:00	2026-05-01T19:18:00	中国国航	CA2696	经济舱	1070	19	19	昆明长水国际机场	郑州新郑国际机场
FLIGHT	C142	C164	KMG		WUH		2026-05-01T16:29:00	2026-05-01T19:34:00	东方航空	MU2697	经济舱	980	20	20	昆明长水国际机场	武汉天河国际机场
FLIGHT	C142	C284	KMG		CSX		2026-05-01T17:06:00	2026-05-01T19:49:00	南方航空	CZ2698	经济舱	880	21	21	昆明长水国际机场	长沙黄花国际机场
FLIGHT	C142	C112	KMG		CAN		2026-05-01T17:43:00	2026-05-01T20:27:00	海南航空	HU2699	经济舱	890	22	22	昆明长水国际机场	广州白云国际机场
FLIGHT	C142	C044	KMG		NNG		2026-05-01T18:20:00	2026-05-01T20:18:00	中国国航	CA2700	经济舱	510	23	23	昆明长水国际机场	南宁吴圩国际机场
FLIGHT	C142	C184	KMG		HAK		2026-05-01T18:57:00	2026-05-01T21:27:00	东方航空	MU2701	经济舱	660	24	24	昆明长水国际机场	海口美兰国际机场
FLIGHT	C142	C128	KMG		TFU		2026-05-01T19:34:00	2026-05-01T21:32:00	南方航空	CZ2702	经济舱	520	25	25	昆明长水国际机场	成都天府国际机场
FLIGHT	C142	C249	KMG		KWE		2026-05-01T06:11:00	2026-05-01T07:49:00	海南航空	HU2703	经济舱	430	26	26	昆明长水国际机场	贵阳龙洞堡国际机场
FLIGHT	C142	C133	KMG		LXA		2026-05-01T07:25:00	2026-05-01T10:25:00	东方航空	MU2705	经济舱	800	28	28	昆明长水国际机场	拉萨贡嘎国际机场
FLIGHT	C142	C246	KMG		XIY		2026-05-01T08:02:00	2026-05-01T10:57:00	南方航空	CZ2706	经济舱	770	29	29	昆明长水国际机场	西安咸阳国际机场
FLIGHT	C142	C034	KMG		LHW		2026-05-01T08:39:00	2026-05-01T11:37:00	海南航空	HU2707	经济舱	790	30	30	昆明长水国际机场	兰州中川国际机场
FLIGHT	C142	C245	KMG		XNN		2026-05-01T09:16:00	2026-05-01T12:20:00	中国国航	CA2708	经济舱	820	31	31	昆明长水国际机场	西宁曹家堡国际机场
FLIGHT	C142	C279	KMG		INC		2026-05-01T09:53:00	2026-05-01T13:21:00	东方航空	MU2709	经济舱	930	32	32	昆明长水国际机场	银川河东国际机场
FLIGHT	C142	C018	KMG				2026-05-01T10:30:00	2026-05-01T15:35:00	南方航空	CZ2710	经济舱	1360	33	33	昆明长水国际机场	乌鲁木齐天山国际机场
FLIGHT	C142	C300	KMG				2026-05-01T11:07:00	2026-05-01T14:03:00	海南航空	HU2711	经济舱	780	34	34	昆明长水国际机场	香港国际机场
FLIGHT	C142	C190	KMG		SZX		2026-05-01T12:58:00	2026-05-01T15:52:00	南方航空	CZ2714	经济舱	780	37	37	昆明长水国际机场	深圳宝安国际机场
FLIGHT	C142	C050	KMG		XMN		2026-05-01T13:35:00	2026-05-01T17:05:00	海南航空	HU2715	经济舱	940	3	3	昆明长水国际机场	厦门高崎国际机场
FLIGHT	C142	C297	KMG				2026-05-01T14:12:00	2026-05-01T18:35:00	中国国航	CA2716	经济舱	1180	4	4	昆明长水国际机场	青岛胶东国际机场
FLIGHT	C142	C080	KMG		DLC		2026-05-01T14:49:00	2026-05-01T19:39:00	东方航空	MU2717	经济舱	1300	5	5	昆明长水国际机场	大连周水子国际机场
FLIGHT	C142	C088	KMG		NGB		2026-05-01T15:26:00	2026-05-01T19:34:00	南方航空	CZ2718	经济舱	1120	6	6	昆明长水国际机场	宁波栎社国际机场
FLIGHT	C142	C231	KMG				2026-05-01T16:03:00	2026-05-01T20:06:00	海南航空	HU2719	经济舱	1100	7	7	昆明长水国际机场	苏州机场
FLIGHT	C142	C139	KMG				2026-05-01T16:40:00	2026-05-01T20:41:00	中国国航	CA2720	经济舱	1090	8	8	昆明长水国际机场	苏南硕放国际机场
FLIGHT	C142	C158	KMG		KWL		2026-05-01T17:17:00	2026-05-01T19:28:00	东方航空	MU2721	经济舱	590	9	9	昆明长水国际机场	桂林两江国际机场
FLIGHT	C142	C002	KMG		SYX		2026-05-01T17:54:00	2026-05-01T20:32:00	南方航空	CZ2722	经济舱	720	10	10	昆明长水国际机场	三亚凤凰国际机场
FLIGHT	C142	C119	KMG				2026-05-01T18:31:00	2026-05-01T20:55:00	海南航空	HU2723	经济舱	650	11	11	昆明长水国际机场	张家界荷花国际机场
FLIGHT	C142	C015	KMG		LJG		2026-05-01T19:08:00	2026-05-01T20:35:00	中国国航	CA2724	经济舱	400	12	12	昆明长水国际机场	丽江三义国际机场
FLIGHT	C142	C308	KMG		TXN		2026-05-01T06:22:00	2026-05-01T10:00:00	南方航空	CZ2726	经济舱	990	14	14	昆明长水国际机场	黄山屯溪国际机场
FLIGHT	C142	C210	KMG		ZZH		2026-05-01T07:36:00	2026-05-01T10:26:00	中国国航	CA2728	经济舱	770	16	16	昆明长水国际机场	珠海金湾机场
FLIGHT	C142	C179	KMG				2026-05-01T08:13:00	2026-05-01T11:30:00	东方航空	MU2729	经济舱	900	17	17	昆明长水国际机场	洛阳北郊机场
FLIGHT	C142	C077	KMG				2026-05-01T08:50:00	2026-05-01T12:59:00	南方航空	CZ2730	经济舱	1130	18	18	昆明长水国际机场	大同云冈国际机场
FLIGHT	C142	C070	KMG		KHG		2026-05-01T10:04:00	2026-05-01T15:55:00	中国国航	CA2732	经济舱	1600	20	20	昆明长水国际机场	喀什徕宁国际机场
FLIGHT	C142	C056	KMG				2026-05-01T10:41:00	2026-05-01T15:30:00	东方航空	MU2733	经济舱	1320	21	21	昆明长水国际机场	吐鲁番交河机场
FLIGHT	C142	C292	KMG				2026-05-01T11:18:00	2026-05-01T16:57:00	南方航空	CZ2734	经济舱	1540	22	22	昆明长水国际机场	阿勒泰雪都机场
FLIGHT	C142	C222	KMG		BPE		2026-05-01T11:55:00	2026-05-01T16:38:00	海南航空	HU2735	经济舱	1290	23	23	昆明长水国际机场	秦皇岛北戴河机场
FLIGHT	C142	C084	KMG		WEH		2026-05-01T12:32:00	2026-05-01T17:17:00	中国国航	CA2736	经济舱	1300	24	24	昆明长水国际机场	威海大水泊国际机场
FLIGHT	C142	C176	KMG		JJN		2026-05-01T13:09:00	2026-05-01T16:45:00	东方航空	MU2737	经济舱	990	25	25	昆明长水国际机场	泉州晋江国际机场
FLIGHT	C142	C129	KMG		YTY		2026-05-01T13:46:00	2026-05-01T17:43:00	南方航空	CZ2738	经济舱	1090	26	26	昆明长水国际机场	扬州泰州国际机场
FLIGHT	C142	C071	KMG				2026-05-01T14:23:00	2026-05-01T18:26:00	海南航空	HU2739	经济舱	1120	27	27	昆明长水国际机场	嘉兴机场
FLIGHT	C142	C040	KMG		BHY		2026-05-01T15:00:00	2026-05-01T17:11:00	中国国航	CA2740	经济舱	610	28	28	昆明长水国际机场	北海福成机场
FLIGHT	C142	C147	KMG				2026-05-01T15:37:00	2026-05-01T19:03:00	东方航空	MU2741	经济舱	950	29	29	昆明长水国际机场	景德镇罗家机场
FLIGHT	C142	C127	KMG				2026-05-01T17:28:00	2026-05-01T20:24:00	中国国航	CA2744	经济舱	820	32	32	昆明长水国际机场	惠州平潭机场
FLIGHT	C142	C205	KMG		YNT		2026-05-01T18:42:00	2026-05-01T23:22:00	南方航空	CZ2746	经济舱	1290	34	34	昆明长水国际机场	烟台蓬莱国际机场
FLIGHT	C142	C025	KMG				2026-05-01T19:19:00	2026-05-01T22:02:00	海南航空	HU2747	经济舱	760	35	35	昆明长水国际机场	佛山沙堤机场
FLIGHT	C142	C192	KMG		WNZ		2026-05-01T06:33:00	2026-05-01T10:30:00	东方航空	MU2749	经济舱	1100	37	37	昆明长水国际机场	温州龙湾国际机场
FLIGHT	C133	C039	LXA		PEK		2026-05-01T07:10:00	2026-05-01T12:21:00	南方航空	CZ2750	经济舱	1430	3	3	拉萨贡嘎国际机场	北京首都国际机场
FLIGHT	C133	C005	LXA		SHA		2026-05-01T07:47:00	2026-05-01T13:32:00	海南航空	HU2751	经济舱	1590	4	4	拉萨贡嘎国际机场	上海虹桥国际机场
FLIGHT	C133	C082	LXA		TSN		2026-05-01T08:24:00	2026-05-01T13:39:00	中国国航	CA2752	经济舱	1450	5	5	拉萨贡嘎国际机场	天津滨海国际机场
FLIGHT	C133	C272	LXA		CKG		2026-05-01T09:01:00	2026-05-01T12:25:00	东方航空	MU2753	经济舱	950	6	6	拉萨贡嘎国际机场	重庆江北国际机场
FLIGHT	C133	C220	LXA		SJW		2026-05-01T09:38:00	2026-05-01T14:27:00	南方航空	CZ2754	经济舱	1340	7	7	拉萨贡嘎国际机场	石家庄正定国际机场
FLIGHT	C133	C083	LXA		TYN		2026-05-01T10:15:00	2026-05-01T14:47:00	海南航空	HU2755	经济舱	1260	8	8	拉萨贡嘎国际机场	太原武宿国际机场
FLIGHT	C133	C061	LXA		HET		2026-05-01T10:52:00	2026-05-01T15:31:00	中国国航	CA2756	经济舱	1290	9	9	拉萨贡嘎国际机场	呼和浩特白塔国际机场
FLIGHT	C133	C172	LXA		SHE		2026-05-01T11:29:00	2026-05-01T17:43:00	东方航空	MU2757	经济舱	1720	10	10	拉萨贡嘎国际机场	沈阳桃仙国际机场
FLIGHT	C133	C283	LXA		CGQ		2026-05-01T12:06:00	2026-05-01T18:40:00	南方航空	CZ2758	经济舱	1820	11	11	拉萨贡嘎国际机场	长春龙嘉国际机场
FLIGHT	C133	C066	LXA		HRB		2026-05-01T12:43:00	2026-05-01T19:33:00	海南航空	HU2759	经济舱	1890	12	12	拉萨贡嘎国际机场	哈尔滨太平国际机场
FLIGHT	C133	C042	LXA		NKG		2026-05-01T13:20:00	2026-05-01T18:39:00	中国国航	CA2760	经济舱	1480	13	13	拉萨贡嘎国际机场	南京禄口国际机场
FLIGHT	C133	C153	LXA		HGH		2026-05-01T13:57:00	2026-05-01T19:31:00	东方航空	MU2761	经济舱	1540	14	14	拉萨贡嘎国际机场	杭州萧山国际机场
FLIGHT	C133	C053	LXA		HFE		2026-05-01T14:34:00	2026-05-01T19:39:00	南方航空	CZ2762	经济舱	1420	15	15	拉萨贡嘎国际机场	合肥新桥国际机场
FLIGHT	C133	C221	LXA		FOC		2026-05-01T15:11:00	2026-05-01T20:45:00	海南航空	HU2763	经济舱	1550	16	16	拉萨贡嘎国际机场	福州长乐国际机场
FLIGHT	C133	C046	LXA				2026-05-01T15:48:00	2026-05-01T20:43:00	中国国航	CA2764	经济舱	1370	17	17	拉萨贡嘎国际机场	南昌昌北国际机场
FLIGHT	C133	C180	LXA		TNA		2026-05-01T16:25:00	2026-05-01T21:32:00	东方航空	MU2765	经济舱	1430	18	18	拉萨贡嘎国际机场	济南遥墙国际机场
FLIGHT	C133	C267	LXA		CGO		2026-05-01T17:02:00	2026-05-01T21:35:00	南方航空	CZ2766	经济舱	1280	19	19	拉萨贡嘎国际机场	郑州新郑国际机场
FLIGHT	C133	C164	LXA		WUH		2026-05-01T17:39:00	2026-05-01T22:16:00	海南航空	HU2767	经济舱	1300	20	20	拉萨贡嘎国际机场	武汉天河国际机场
FLIGHT	C133	C284	LXA		CSX		2026-05-01T18:16:00	2026-05-01T22:43:00	中国国航	CA2768	经济舱	1250	21	21	拉萨贡嘎国际机场	长沙黄花国际机场
FLIGHT	C133	C112	LXA		CAN		2026-05-01T18:53:00	2026-05-01T23:39:00	东方航空	MU2769	经济舱	1340	22	22	拉萨贡嘎国际机场	广州白云国际机场
FLIGHT	C133	C044	LXA		NNG		2026-05-01T19:30:00	2026-05-01T23:32:00	南方航空	CZ2770	经济舱	1140	23	23	拉萨贡嘎国际机场	南宁吴圩国际机场
FLIGHT	C133	C184	LXA		HAK		2026-05-01T06:07:00	2026-05-01T10:41:00	海南航空	HU2771	经济舱	1290	24	24	拉萨贡嘎国际机场	海口美兰国际机场
FLIGHT	C133	C128	LXA		TFU		2026-05-01T06:44:00	2026-05-01T09:43:00	中国国航	CA2772	经济舱	860	25	25	拉萨贡嘎国际机场	成都天府国际机场
FLIGHT	C133	C249	LXA		KWE		2026-05-01T07:21:00	2026-05-01T10:51:00	东方航空	MU2773	经济舱	1000	26	26	拉萨贡嘎国际机场	贵阳龙洞堡国际机场
FLIGHT	C133	C142	LXA		KMG		2026-05-01T07:58:00	2026-05-01T10:58:00	南方航空	CZ2774	经济舱	870	27	27	拉萨贡嘎国际机场	昆明长水国际机场
FLIGHT	C133	C246	LXA		XIY		2026-05-01T09:12:00	2026-05-01T13:02:00	中国国航	CA2776	经济舱	1090	29	29	拉萨贡嘎国际机场	西安咸阳国际机场
FLIGHT	C133	C034	LXA		LHW		2026-05-01T09:49:00	2026-05-01T13:02:00	东方航空	MU2777	经济舱	930	30	30	拉萨贡嘎国际机场	兰州中川国际机场
FLIGHT	C133	C245	LXA		XNN		2026-05-01T10:26:00	2026-05-01T13:26:00	南方航空	CZ2778	经济舱	870	31	31	拉萨贡嘎国际机场	西宁曹家堡国际机场
FLIGHT	C133	C279	LXA		INC		2026-05-01T11:03:00	2026-05-01T14:48:00	海南航空	HU2779	经济舱	1070	32	32	拉萨贡嘎国际机场	银川河东国际机场
FLIGHT	C133	C018	LXA				2026-05-01T11:40:00	2026-05-01T15:16:00	中国国航	CA2780	经济舱	1030	33	33	拉萨贡嘎国际机场	乌鲁木齐天山国际机场
FLIGHT	C133	C300	LXA				2026-05-01T12:17:00	2026-05-01T17:15:00	东方航空	MU2781	经济舱	1410	34	34	拉萨贡嘎国际机场	香港国际机场
FLIGHT	C133	C190	LXA		SZX		2026-05-01T14:08:00	2026-05-01T19:04:00	中国国航	CA2784	经济舱	1400	37	37	拉萨贡嘎国际机场	深圳宝安国际机场
FLIGHT	C133	C050	LXA		XMN		2026-05-01T14:45:00	2026-05-01T20:12:00	东方航空	MU2785	经济舱	1540	3	3	拉萨贡嘎国际机场	厦门高崎国际机场
FLIGHT	C133	C297	LXA				2026-05-01T15:22:00	2026-05-01T20:58:00	南方航空	CZ2786	经济舱	1580	4	4	拉萨贡嘎国际机场	青岛胶东国际机场
FLIGHT	C133	C080	LXA		DLC		2026-05-01T15:59:00	2026-05-01T21:50:00	海南航空	HU2787	经济舱	1650	5	5	拉萨贡嘎国际机场	大连周水子国际机场
FLIGHT	C133	C088	LXA		NGB		2026-05-01T16:36:00	2026-05-01T22:23:00	中国国航	CA2788	经济舱	1630	6	6	拉萨贡嘎国际机场	宁波栎社国际机场
FLIGHT	C133	C231	LXA				2026-05-01T17:13:00	2026-05-01T22:50:00	东方航空	MU2789	经济舱	1590	7	7	拉萨贡嘎国际机场	苏州机场
FLIGHT	C133	C139	LXA				2026-05-01T17:50:00	2026-05-01T23:24:00	南方航空	CZ2790	经济舱	1580	8	8	拉萨贡嘎国际机场	苏南硕放国际机场
FLIGHT	C133	C158	LXA		KWL		2026-05-01T18:27:00	2026-05-01T22:37:00	海南航空	HU2791	经济舱	1200	9	9	拉萨贡嘎国际机场	桂林两江国际机场
FLIGHT	C133	C002	LXA		SYX		2026-05-01T19:04:00	2026-05-01T23:44:00	中国国航	CA2792	经济舱	1330	10	10	拉萨贡嘎国际机场	三亚凤凰国际机场
FLIGHT	C133	C119	LXA				2026-05-01T19:41:00	2026-05-01T23:43:00	东方航空	MU2793	经济舱	1160	11	11	拉萨贡嘎国际机场	张家界荷花国际机场
FLIGHT	C133	C015	LXA		LJG		2026-05-01T06:18:00	2026-05-01T08:47:00	南方航空	CZ2794	经济舱	750	12	12	拉萨贡嘎国际机场	丽江三义国际机场
FLIGHT	C133	C308	LXA		TXN		2026-05-01T07:32:00	2026-05-01T12:49:00	中国国航	CA2796	经济舱	1500	14	14	拉萨贡嘎国际机场	黄山屯溪国际机场
FLIGHT	C133	C210	LXA		ZZH		2026-05-01T08:46:00	2026-05-01T13:39:00	南方航空	CZ2798	经济舱	1400	16	16	拉萨贡嘎国际机场	珠海金湾机场
FLIGHT	C133	C179	LXA				2026-05-01T09:23:00	2026-05-01T13:45:00	海南航空	HU2799	经济舱	1260	17	17	拉萨贡嘎国际机场	洛阳北郊机场
FLIGHT	C133	C077	LXA				2026-05-01T10:00:00	2026-05-01T14:47:00	中国国航	CA2800	经济舱	1370	18	18	拉萨贡嘎国际机场	大同云冈国际机场
FLIGHT	C133	C070	LXA		KHG		2026-05-01T11:14:00	2026-05-01T15:05:00	南方航空	CZ2802	经济舱	1130	20	20	拉萨贡嘎国际机场	喀什徕宁国际机场
FLIGHT	C133	C056	LXA				2026-05-01T11:51:00	2026-05-01T15:15:00	海南航空	HU2803	经济舱	1000	21	21	拉萨贡嘎国际机场	吐鲁番交河机场
FLIGHT	C133	C292	LXA				2026-05-01T12:28:00	2026-05-01T16:47:00	中国国航	CA2804	经济舱	1250	22	22	拉萨贡嘎国际机场	阿勒泰雪都机场
FLIGHT	C133	C222	LXA		BPE		2026-05-01T13:05:00	2026-05-01T18:42:00	东方航空	MU2805	经济舱	1600	23	23	拉萨贡嘎国际机场	秦皇岛北戴河机场
FLIGHT	C133	C084	LXA		WEH		2026-05-01T13:42:00	2026-05-01T19:35:00	南方航空	CZ2806	经济舱	1680	24	24	拉萨贡嘎国际机场	威海大水泊国际机场
FLIGHT	C133	C176	LXA		JJN		2026-05-01T14:19:00	2026-05-01T19:50:00	海南航空	HU2807	经济舱	1580	25	25	拉萨贡嘎国际机场	泉州晋江国际机场
FLIGHT	C133	C129	LXA		YTY		2026-05-01T14:56:00	2026-05-01T20:21:00	中国国航	CA2808	经济舱	1550	26	26	拉萨贡嘎国际机场	扬州泰州国际机场
FLIGHT	C133	C071	LXA				2026-05-01T15:33:00	2026-05-01T21:12:00	东方航空	MU2809	经济舱	1620	27	27	拉萨贡嘎国际机场	嘉兴机场
FLIGHT	C133	C040	LXA		BHY		2026-05-01T16:10:00	2026-05-01T20:26:00	南方航空	CZ2810	经济舱	1250	28	28	拉萨贡嘎国际机场	北海福成机场
FLIGHT	C133	C147	LXA				2026-05-01T16:47:00	2026-05-01T21:53:00	海南航空	HU2811	经济舱	1470	29	29	拉萨贡嘎国际机场	景德镇罗家机场
FLIGHT	C133	C127	LXA				2026-05-01T18:38:00	2026-05-01T23:35:00	南方航空	CZ2814	经济舱	1430	32	32	拉萨贡嘎国际机场	惠州平潭机场
FLIGHT	C133	C205	LXA		YNT		2026-05-01T19:52:00	2026-05-02T01:39:00	中国国航	CA2816	经济舱	1660	34	34	拉萨贡嘎国际机场	烟台蓬莱国际机场
FLIGHT	C133	C025	LXA				2026-05-01T06:29:00	2026-05-01T11:14:00	东方航空	MU2817	经济舱	1380	35	35	拉萨贡嘎国际机场	佛山沙堤机场
FLIGHT	C133	C192	LXA		WNZ		2026-05-01T07:43:00	2026-05-01T13:25:00	海南航空	HU2819	经济舱	1640	37	37	拉萨贡嘎国际机场	温州龙湾国际机场
FLIGHT	C246	C039	XIY		PEK		2026-05-01T08:20:00	2026-05-01T10:45:00	中国国航	CA2820	经济舱	760	3	3	西安咸阳国际机场	北京首都国际机场
FLIGHT	C246	C005	XIY		SHA		2026-05-01T08:57:00	2026-05-01T11:54:00	东方航空	MU2821	经济舱	900	4	4	西安咸阳国际机场	上海虹桥国际机场
FLIGHT	C246	C082	XIY		TSN		2026-05-01T09:34:00	2026-05-01T11:59:00	南方航空	CZ2822	经济舱	760	5	5	西安咸阳国际机场	天津滨海国际机场
FLIGHT	C246	C272	XIY		CKG		2026-05-01T10:11:00	2026-05-01T12:04:00	海南航空	HU2823	经济舱	610	6	6	西安咸阳国际机场	重庆江北国际机场
FLIGHT	C246	C220	XIY		SJW		2026-05-01T10:48:00	2026-05-01T12:48:00	中国国航	CA2824	经济舱	650	7	7	西安咸阳国际机场	石家庄正定国际机场
FLIGHT	C246	C083	XIY		TYN		2026-05-01T11:25:00	2026-05-01T13:11:00	东方航空	MU2825	经济舱	580	8	8	西安咸阳国际机场	太原武宿国际机场
FLIGHT	C246	C061	XIY		HET		2026-05-01T12:02:00	2026-05-01T14:13:00	南方航空	CZ2826	经济舱	700	9	9	西安咸阳国际机场	呼和浩特白塔国际机场
FLIGHT	C246	C172	XIY		SHE		2026-05-01T12:39:00	2026-05-01T16:05:00	海南航空	HU2827	经济舱	1040	10	10	西安咸阳国际机场	沈阳桃仙国际机场
FLIGHT	C246	C283	XIY		CGQ		2026-05-01T13:16:00	2026-05-01T17:07:00	中国国航	CA2828	经济舱	1150	11	11	西安咸阳国际机场	长春龙嘉国际机场
FLIGHT	C246	C066	XIY		HRB		2026-05-01T13:53:00	2026-05-01T18:04:00	东方航空	MU2829	经济舱	1240	12	12	西安咸阳国际机场	哈尔滨太平国际机场
FLIGHT	C246	C042	XIY		NKG		2026-05-01T14:30:00	2026-05-01T17:00:00	南方航空	CZ2830	经济舱	790	13	13	西安咸阳国际机场	南京禄口国际机场
FLIGHT	C246	C153	XIY		HGH		2026-05-01T15:07:00	2026-05-01T17:57:00	海南航空	HU2831	经济舱	880	14	14	西安咸阳国际机场	杭州萧山国际机场
FLIGHT	C246	C053	XIY		HFE		2026-05-01T15:44:00	2026-05-01T18:01:00	中国国航	CA2832	经济舱	730	15	15	西安咸阳国际机场	合肥新桥国际机场
FLIGHT	C246	C221	XIY		FOC		2026-05-01T16:21:00	2026-05-01T19:31:00	东方航空	MU2833	经济舱	970	16	16	西安咸阳国际机场	福州长乐国际机场
FLIGHT	C246	C046	XIY				2026-05-01T16:58:00	2026-05-01T19:24:00	南方航空	CZ2834	经济舱	770	17	17	西安咸阳国际机场	南昌昌北国际机场
FLIGHT	C246	C180	XIY		TNA		2026-05-01T17:35:00	2026-05-01T19:48:00	海南航空	HU2835	经济舱	710	18	18	西安咸阳国际机场	济南遥墙国际机场
FLIGHT	C246	C267	XIY		CGO		2026-05-01T18:12:00	2026-05-01T19:50:00	中国国航	CA2836	经济舱	560	19	19	西安咸阳国际机场	郑州新郑国际机场
FLIGHT	C246	C164	XIY		WUH		2026-05-01T18:49:00	2026-05-01T20:49:00	东方航空	MU2837	经济舱	660	20	20	西安咸阳国际机场	武汉天河国际机场
FLIGHT	C246	C284	XIY		CSX		2026-05-01T19:26:00	2026-05-01T21:39:00	南方航空	CZ2838	经济舱	720	21	21	西安咸阳国际机场	长沙黄花国际机场
FLIGHT	C246	C112	XIY		CAN		2026-05-01T06:03:00	2026-05-01T09:10:00	海南航空	HU2839	经济舱	960	22	22	西安咸阳国际机场	广州白云国际机场
FLIGHT	C246	C044	XIY		NNG		2026-05-01T06:40:00	2026-05-01T09:43:00	中国国航	CA2840	经济舱	950	23	23	西安咸阳国际机场	南宁吴圩国际机场
FLIGHT	C246	C184	XIY		HAK		2026-05-01T07:17:00	2026-05-01T10:51:00	东方航空	MU2841	经济舱	1090	24	24	西安咸阳国际机场	海口美兰国际机场
FLIGHT	C246	C128	XIY		TFU		2026-05-01T07:54:00	2026-05-01T09:51:00	南方航空	CZ2842	经济舱	650	25	25	西安咸阳国际机场	成都天府国际机场
FLIGHT	C246	C249	XIY		KWE		2026-05-01T08:31:00	2026-05-01T10:54:00	海南航空	HU2843	经济舱	770	26	26	西安咸阳国际机场	贵阳龙洞堡国际机场
FLIGHT	C246	C142	XIY		KMG		2026-05-01T09:08:00	2026-05-01T12:03:00	中国国航	CA2844	经济舱	910	27	27	西安咸阳国际机场	昆明长水国际机场
FLIGHT	C246	C133	XIY		LXA		2026-05-01T09:45:00	2026-05-01T13:35:00	东方航空	MU2845	经济舱	1160	28	28	西安咸阳国际机场	拉萨贡嘎国际机场
FLIGHT	C246	C034	XIY		LHW		2026-05-01T10:59:00	2026-05-01T12:44:00	海南航空	HU2847	经济舱	600	30	30	西安咸阳国际机场	兰州中川国际机场
FLIGHT	C246	C245	XIY		XNN		2026-05-01T11:36:00	2026-05-01T13:41:00	中国国航	CA2848	经济舱	690	31	31	西安咸阳国际机场	西宁曹家堡国际机场
FLIGHT	C246	C279	XIY		INC		2026-05-01T12:13:00	2026-05-01T14:00:00	东方航空	MU2849	经济舱	610	32	32	西安咸阳国际机场	银川河东国际机场
FLIGHT	C246	C018	XIY				2026-05-01T12:50:00	2026-05-01T17:16:00	南方航空	CZ2850	经济舱	1330	33	33	西安咸阳国际机场	乌鲁木齐天山国际机场
FLIGHT	C246	C300	XIY				2026-05-01T13:27:00	2026-05-01T16:45:00	海南航空	HU2851	经济舱	1020	34	34	西安咸阳国际机场	香港国际机场
FLIGHT	C246	C190	XIY		SZX		2026-05-01T15:18:00	2026-05-01T18:33:00	南方航空	CZ2854	经济舱	1020	37	37	西安咸阳国际机场	深圳宝安国际机场
FLIGHT	C246	C050	XIY		XMN		2026-05-01T15:55:00	2026-05-01T19:11:00	海南航空	HU2855	经济舱	1020	3	3	西安咸阳国际机场	厦门高崎国际机场
FLIGHT	C246	C297	XIY				2026-05-01T16:32:00	2026-05-01T19:13:00	中国国航	CA2856	经济舱	860	4	4	西安咸阳国际机场	青岛胶东国际机场
FLIGHT	C246	C080	XIY		DLC		2026-05-01T17:09:00	2026-05-01T20:08:00	东方航空	MU2857	经济舱	940	5	5	西安咸阳国际机场	大连周水子国际机场
FLIGHT	C246	C088	XIY		NGB		2026-05-01T17:46:00	2026-05-01T20:50:00	南方航空	CZ2858	经济舱	970	6	6	西安咸阳国际机场	宁波栎社国际机场
FLIGHT	C246	C231	XIY				2026-05-01T18:23:00	2026-05-01T21:12:00	海南航空	HU2859	经济舱	900	7	7	西安咸阳国际机场	苏州机场
FLIGHT	C246	C139	XIY				2026-05-01T19:00:00	2026-05-01T21:46:00	中国国航	CA2860	经济舱	890	8	8	西安咸阳国际机场	苏南硕放国际机场
FLIGHT	C246	C158	XIY		KWL		2026-05-01T19:37:00	2026-05-01T22:14:00	东方航空	MU2861	经济舱	850	9	9	西安咸阳国际机场	桂林两江国际机场
FLIGHT	C246	C002	XIY		SYX		2026-05-01T06:14:00	2026-05-01T10:08:00	南方航空	CZ2862	经济舱	1200	10	10	西安咸阳国际机场	三亚凤凰国际机场
FLIGHT	C246	C119	XIY				2026-05-01T06:51:00	2026-05-01T08:46:00	海南航空	HU2863	经济舱	660	11	11	西安咸阳国际机场	张家界荷花国际机场
FLIGHT	C246	C015	XIY		LJG		2026-05-01T07:28:00	2026-05-01T10:21:00	中国国航	CA2864	经济舱	920	12	12	西安咸阳国际机场	丽江三义国际机场
FLIGHT	C246	C308	XIY		TXN		2026-05-01T08:42:00	2026-05-01T11:19:00	南方航空	CZ2866	经济舱	860	14	14	西安咸阳国际机场	黄山屯溪国际机场
FLIGHT	C246	C210	XIY		ZZH		2026-05-01T09:56:00	2026-05-01T13:13:00	中国国航	CA2868	经济舱	1040	16	16	西安咸阳国际机场	珠海金湾机场
FLIGHT	C246	C179	XIY				2026-05-01T10:33:00	2026-05-01T12:00:00	东方航空	MU2869	经济舱	540	17	17	西安咸阳国际机场	洛阳北郊机场
FLIGHT	C246	C077	XIY				2026-05-01T11:10:00	2026-05-01T13:20:00	南方航空	CZ2870	经济舱	570	18	18	西安咸阳国际机场	大同云冈国际机场
FLIGHT	C246	C070	XIY		KHG		2026-05-01T12:24:00	2026-05-01T18:16:00	中国国航	CA2872	经济舱	1570	20	20	西安咸阳国际机场	喀什徕宁国际机场
FLIGHT	C246	C056	XIY				2026-05-01T13:01:00	2026-05-01T17:12:00	东方航空	MU2873	经济舱	1110	21	21	西安咸阳国际机场	吐鲁番交河机场
FLIGHT	C246	C292	XIY				2026-05-01T13:38:00	2026-05-01T18:22:00	南方航空	CZ2874	经济舱	1260	22	22	西安咸阳国际机场	阿勒泰雪都机场
FLIGHT	C246	C222	XIY		BPE		2026-05-01T14:15:00	2026-05-01T17:03:00	海南航空	HU2875	经济舱	740	23	23	西安咸阳国际机场	秦皇岛北戴河机场
FLIGHT	C246	C084	XIY		WEH		2026-05-01T14:52:00	2026-05-01T17:51:00	中国国航	CA2876	经济舱	790	24	24	西安咸阳国际机场	威海大水泊国际机场
FLIGHT	C246	C176	XIY		JJN		2026-05-01T15:29:00	2026-05-01T18:45:00	东方航空	MU2877	经济舱	870	25	25	西安咸阳国际机场	泉州晋江国际机场
FLIGHT	C246	C129	XIY		YTY		2026-05-01T16:06:00	2026-05-01T18:41:00	南方航空	CZ2878	经济舱	690	26	26	西安咸阳国际机场	扬州泰州国际机场
FLIGHT	C246	C071	XIY				2026-05-01T16:43:00	2026-05-01T19:36:00	海南航空	HU2879	经济舱	770	27	27	西安咸阳国际机场	嘉兴机场
FLIGHT	C246	C040	XIY		BHY		2026-05-01T17:20:00	2026-05-01T20:38:00	中国国航	CA2880	经济舱	880	28	28	西安咸阳国际机场	北海福成机场
FLIGHT	C246	C147	XIY				2026-05-01T17:57:00	2026-05-01T20:28:00	东方航空	MU2881	经济舱	670	29	29	西安咸阳国际机场	景德镇罗家机场
FLIGHT	C246	C127	XIY				2026-05-01T19:48:00	2026-05-01T22:59:00	中国国航	CA2884	经济舱	850	32	32	西安咸阳国际机场	惠州平潭机场
FLIGHT	C246	C205	XIY		YNT		2026-05-01T07:02:00	2026-05-01T09:55:00	南方航空	CZ2886	经济舱	780	34	34	西安咸阳国际机场	烟台蓬莱国际机场
FLIGHT	C246	C025	XIY				2026-05-01T07:39:00	2026-05-01T10:46:00	海南航空	HU2887	经济舱	840	35	35	西安咸阳国际机场	佛山沙堤机场
FLIGHT	C246	C192	XIY		WNZ		2026-05-01T08:53:00	2026-05-01T12:00:00	东方航空	MU2889	经济舱	840	37	37	西安咸阳国际机场	温州龙湾国际机场
FLIGHT	C034	C039	LHW		PEK		2026-05-01T09:30:00	2026-05-01T12:23:00	南方航空	CZ2890	经济舱	780	3	3	兰州中川国际机场	北京首都国际机场
FLIGHT	C034	C005	LHW		SHA		2026-05-01T10:07:00	2026-05-01T13:54:00	海南航空	HU2891	经济舱	1020	4	4	兰州中川国际机场	上海虹桥国际机场
FLIGHT	C034	C082	LHW		TSN		2026-05-01T10:44:00	2026-05-01T13:41:00	中国国航	CA2892	经济舱	800	5	5	兰州中川国际机场	天津滨海国际机场
FLIGHT	C034	C272	LHW		CKG		2026-05-01T11:21:00	2026-05-01T13:33:00	东方航空	MU2893	经济舱	600	6	6	兰州中川国际机场	重庆江北国际机场
FLIGHT	C034	C220	LHW		SJW		2026-05-01T11:58:00	2026-05-01T14:30:00	南方航空	CZ2894	经济舱	690	7	7	兰州中川国际机场	石家庄正定国际机场
FLIGHT	C034	C083	LHW		TYN		2026-05-01T12:35:00	2026-05-01T14:50:00	海南航空	HU2895	经济舱	620	8	8	兰州中川国际机场	太原武宿国际机场
FLIGHT	C034	C061	LHW		HET		2026-05-01T13:12:00	2026-05-01T15:34:00	中国国航	CA2896	经济舱	650	9	9	兰州中川国际机场	呼和浩特白塔国际机场
FLIGHT	C034	C172	LHW		SHE		2026-05-01T13:49:00	2026-05-01T17:45:00	东方航空	MU2897	经济舱	1070	10	10	兰州中川国际机场	沈阳桃仙国际机场
FLIGHT	C034	C283	LHW		CGQ		2026-05-01T14:26:00	2026-05-01T18:43:00	南方航空	CZ2898	经济舱	1170	11	11	兰州中川国际机场	长春龙嘉国际机场
FLIGHT	C034	C066	LHW		HRB		2026-05-01T15:03:00	2026-05-01T19:36:00	海南航空	HU2899	经济舱	1240	12	12	兰州中川国际机场	哈尔滨太平国际机场
FLIGHT	C034	C042	LHW		NKG		2026-05-01T15:40:00	2026-05-01T19:00:00	中国国航	CA2900	经济舱	910	13	13	兰州中川国际机场	南京禄口国际机场
FLIGHT	C034	C153	LHW		HGH		2026-05-01T16:17:00	2026-05-01T19:57:00	东方航空	MU2901	经济舱	1000	14	14	兰州中川国际机场	杭州萧山国际机场
FLIGHT	C034	C053	LHW		HFE		2026-05-01T16:54:00	2026-05-01T20:01:00	南方航空	CZ2902	经济舱	860	15	15	兰州中川国际机场	合肥新桥国际机场
FLIGHT	C034	C221	LHW		FOC		2026-05-01T17:31:00	2026-05-01T21:30:00	海南航空	HU2903	经济舱	1090	16	16	兰州中川国际机场	福州长乐国际机场
FLIGHT	C034	C046	LHW				2026-05-01T18:08:00	2026-05-01T21:22:00	中国国航	CA2904	经济舱	890	17	17	兰州中川国际机场	南昌昌北国际机场
FLIGHT	C034	C180	LHW		TNA		2026-05-01T18:45:00	2026-05-01T21:38:00	东方航空	MU2905	经济舱	800	18	18	兰州中川国际机场	济南遥墙国际机场
FLIGHT	C034	C267	LHW		CGO		2026-05-01T19:22:00	2026-05-01T21:47:00	南方航空	CZ2906	经济舱	670	19	19	兰州中川国际机场	郑州新郑国际机场
FLIGHT	C034	C164	LHW		WUH		2026-05-01T19:59:00	2026-05-01T22:49:00	海南航空	HU2907	经济舱	780	20	20	兰州中川国际机场	武汉天河国际机场
FLIGHT	C034	C284	LHW		CSX		2026-05-01T06:36:00	2026-05-01T09:33:00	中国国航	CA2908	经济舱	820	21	21	兰州中川国际机场	长沙黄花国际机场
FLIGHT	C034	C112	LHW		CAN		2026-05-01T07:13:00	2026-05-01T10:58:00	东方航空	MU2909	经济舱	1030	22	22	兰州中川国际机场	广州白云国际机场
FLIGHT	C034	C044	LHW		NNG		2026-05-01T07:50:00	2026-05-01T11:19:00	南方航空	CZ2910	经济舱	960	23	23	兰州中川国际机场	南宁吴圩国际机场
FLIGHT	C034	C184	LHW		HAK		2026-05-01T08:27:00	2026-05-01T12:31:00	海南航空	HU2911	经济舱	1120	24	24	兰州中川国际机场	海口美兰国际机场
FLIGHT	C034	C128	LHW		TFU		2026-05-01T09:04:00	2026-05-01T11:00:00	中国国航	CA2912	经济舱	550	25	25	兰州中川国际机场	成都天府国际机场
FLIGHT	C034	C249	LHW		KWE		2026-05-01T09:41:00	2026-05-01T12:24:00	东方航空	MU2913	经济舱	760	26	26	兰州中川国际机场	贵阳龙洞堡国际机场
FLIGHT	C034	C142	LHW		KMG		2026-05-01T10:18:00	2026-05-01T13:16:00	南方航空	CZ2914	经济舱	830	27	27	兰州中川国际机场	昆明长水国际机场
FLIGHT	C034	C133	LHW		LXA		2026-05-01T10:55:00	2026-05-01T14:08:00	海南航空	HU2915	经济舱	900	28	28	兰州中川国际机场	拉萨贡嘎国际机场
FLIGHT	C034	C246	LHW		XIY		2026-05-01T11:32:00	2026-05-01T13:17:00	中国国航	CA2916	经济舱	500	29	29	兰州中川国际机场	西安咸阳国际机场
FLIGHT	C034	C245	LHW		XNN		2026-05-01T12:46:00	2026-05-01T14:00:00	南方航空	CZ2918	经济舱	370	31	31	兰州中川国际机场	西宁曹家堡国际机场
FLIGHT	C034	C279	LHW		INC		2026-05-01T13:23:00	2026-05-01T14:52:00	海南航空	HU2919	经济舱	430	32	32	兰州中川国际机场	银川河东国际机场
FLIGHT	C034	C018	LHW				2026-05-01T14:00:00	2026-05-01T17:38:00	中国国航	CA2920	经济舱	1010	33	33	兰州中川国际机场	乌鲁木齐天山国际机场
FLIGHT	C034	C300	LHW				2026-05-01T14:37:00	2026-05-01T18:35:00	东方航空	MU2921	经济舱	1100	34	34	兰州中川国际机场	香港国际机场
FLIGHT	C034	C190	LHW		SZX		2026-05-01T16:28:00	2026-05-01T20:23:00	中国国航	CA2924	经济舱	1090	37	37	兰州中川国际机场	深圳宝安国际机场
FLIGHT	C034	C050	LHW		XMN		2026-05-01T17:05:00	2026-05-01T21:08:00	东方航空	MU2925	经济舱	1130	3	3	兰州中川国际机场	厦门高崎国际机场
FLIGHT	C034	C297	LHW				2026-05-01T17:42:00	2026-05-01T21:06:00	南方航空	CZ2926	经济舱	950	4	4	兰州中川国际机场	青岛胶东国际机场
FLIGHT	C034	C080	LHW		DLC		2026-05-01T18:19:00	2026-05-01T21:54:00	海南航空	HU2927	经济舱	1010	5	5	兰州中川国际机场	大连周水子国际机场
FLIGHT	C034	C088	LHW		NGB		2026-05-01T18:56:00	2026-05-01T22:50:00	中国国航	CA2928	经济舱	1090	6	6	兰州中川国际机场	宁波栎社国际机场
FLIGHT	C034	C231	LHW				2026-05-01T19:33:00	2026-05-01T23:12:00	东方航空	MU2929	经济舱	1020	7	7	兰州中川国际机场	苏州机场
FLIGHT	C034	C139	LHW				2026-05-01T06:10:00	2026-05-01T09:45:00	南方航空	CZ2930	经济舱	1010	8	8	兰州中川国际机场	苏南硕放国际机场
FLIGHT	C034	C158	LHW		KWL		2026-05-01T06:47:00	2026-05-01T09:57:00	海南航空	HU2931	经济舱	900	9	9	兰州中川国际机场	桂林两江国际机场
FLIGHT	C034	C002	LHW		SYX		2026-05-01T07:24:00	2026-05-01T11:45:00	中国国航	CA2932	经济舱	1220	10	10	兰州中川国际机场	三亚凤凰国际机场
FLIGHT	C034	C119	LHW				2026-05-01T08:01:00	2026-05-01T10:35:00	东方航空	MU2933	经济舱	740	11	11	兰州中川国际机场	张家界荷花国际机场
FLIGHT	C034	C015	LHW		LJG		2026-05-01T08:38:00	2026-05-01T11:21:00	南方航空	CZ2934	经济舱	780	12	12	兰州中川国际机场	丽江三义国际机场
FLIGHT	C034	C308	LHW		TXN		2026-05-01T09:52:00	2026-05-01T13:20:00	中国国航	CA2936	经济舱	980	14	14	兰州中川国际机场	黄山屯溪国际机场
FLIGHT	C034	C210	LHW		ZZH		2026-05-01T11:06:00	2026-05-01T15:01:00	南方航空	CZ2938	经济舱	1110	16	16	兰州中川国际机场	珠海金湾机场
FLIGHT	C034	C179	LHW				2026-05-01T11:43:00	2026-05-01T13:58:00	海南航空	HU2939	经济舱	660	17	17	兰州中川国际机场	洛阳北郊机场
FLIGHT	C034	C077	LHW				2026-05-01T12:20:00	2026-05-01T14:49:00	中国国航	CA2940	经济舱	720	18	18	兰州中川国际机场	大同云冈国际机场
FLIGHT	C034	C070	LHW		KHG		2026-05-01T13:34:00	2026-05-01T18:36:00	南方航空	CZ2942	经济舱	1410	20	20	兰州中川国际机场	喀什徕宁国际机场
FLIGHT	C034	C056	LHW				2026-05-01T14:11:00	2026-05-01T17:33:00	海南航空	HU2943	经济舱	960	21	21	兰州中川国际机场	吐鲁番交河机场
FLIGHT	C034	C292	LHW				2026-05-01T14:48:00	2026-05-01T18:47:00	中国国航	CA2944	经济舱	1130	22	22	兰州中川国际机场	阿勒泰雪都机场
FLIGHT	C034	C222	LHW		BPE		2026-05-01T15:25:00	2026-05-01T18:45:00	东方航空	MU2945	经济舱	960	23	23	兰州中川国际机场	秦皇岛北戴河机场
FLIGHT	C034	C084	LHW		WEH		2026-05-01T16:02:00	2026-05-01T19:40:00	南方航空	CZ2946	经济舱	1040	24	24	兰州中川国际机场	威海大水泊国际机场
FLIGHT	C034	C176	LHW		JJN		2026-05-01T16:39:00	2026-05-01T20:43:00	海南航空	HU2947	经济舱	1160	25	25	兰州中川国际机场	泉州晋江国际机场
FLIGHT	C034	C129	LHW		YTY		2026-05-01T17:16:00	2026-05-01T20:40:00	中国国航	CA2948	经济舱	980	26	26	兰州中川国际机场	扬州泰州国际机场
FLIGHT	C034	C071	LHW				2026-05-01T17:53:00	2026-05-01T21:36:00	东方航空	MU2949	经济舱	1060	27	27	兰州中川国际机场	嘉兴机场
FLIGHT	C034	C040	LHW		BHY		2026-05-01T18:30:00	2026-05-01T22:15:00	南方航空	CZ2950	经济舱	1080	28	28	兰州中川国际机场	北海福成机场
FLIGHT	C034	C147	LHW				2026-05-01T19:07:00	2026-05-01T22:28:00	海南航空	HU2951	经济舱	970	29	29	兰州中川国际机场	景德镇罗家机场
FLIGHT	C034	C127	LHW				2026-05-01T06:58:00	2026-05-01T10:49:00	南方航空	CZ2954	经济舱	1110	32	32	兰州中川国际机场	惠州平潭机场
FLIGHT	C034	C205	LHW		YNT		2026-05-01T08:12:00	2026-05-01T11:45:00	中国国航	CA2956	经济舱	1020	34	34	兰州中川国际机场	烟台蓬莱国际机场
FLIGHT	C034	C025	LHW				2026-05-01T08:49:00	2026-05-01T12:34:00	东方航空	MU2957	经济舱	1080	35	35	兰州中川国际机场	佛山沙堤机场
FLIGHT	C034	C192	LHW		WNZ		2026-05-01T10:03:00	2026-05-01T14:00:00	海南航空	HU2959	经济舱	1140	37	37	兰州中川国际机场	温州龙湾国际机场
FLIGHT	C245	C039	XNN		PEK		2026-05-01T10:40:00	2026-05-01T13:48:00	中国国航	CA2960	经济舱	920	3	3	西宁曹家堡国际机场	北京首都国际机场
FLIGHT	C245	C005	XNN		SHA		2026-05-01T11:17:00	2026-05-01T15:23:00	东方航空	MU2961	经济舱	1180	4	4	西宁曹家堡国际机场	上海虹桥国际机场
FLIGHT	C245	C082	XNN		TSN		2026-05-01T11:54:00	2026-05-01T15:07:00	南方航空	CZ2962	经济舱	940	5	5	西宁曹家堡国际机场	天津滨海国际机场
FLIGHT	C245	C272	XNN		CKG		2026-05-01T12:31:00	2026-05-01T14:56:00	海南航空	HU2963	经济舱	730	6	6	西宁曹家堡国际机场	重庆江北国际机场
FLIGHT	C245	C220	XNN		SJW		2026-05-01T13:08:00	2026-05-01T15:57:00	中国国航	CA2964	经济舱	840	7	7	西宁曹家堡国际机场	石家庄正定国际机场
FLIGHT	C245	C083	XNN		TYN		2026-05-01T13:45:00	2026-05-01T16:16:00	东方航空	MU2965	经济舱	760	8	8	西宁曹家堡国际机场	太原武宿国际机场
FLIGHT	C245	C061	XNN		HET		2026-05-01T14:22:00	2026-05-01T16:55:00	南方航空	CZ2966	经济舱	770	9	9	西宁曹家堡国际机场	呼和浩特白塔国际机场
FLIGHT	C245	C172	XNN		SHE		2026-05-01T14:59:00	2026-05-01T19:09:00	海南航空	HU2967	经济舱	1200	10	10	西宁曹家堡国际机场	沈阳桃仙国际机场
FLIGHT	C245	C283	XNN		CGQ		2026-05-01T15:36:00	2026-05-01T20:05:00	中国国航	CA2968	经济舱	1290	11	11	西宁曹家堡国际机场	长春龙嘉国际机场
FLIGHT	C245	C066	XNN		HRB		2026-05-01T16:13:00	2026-05-01T20:58:00	东方航空	MU2969	经济舱	1360	12	12	西宁曹家堡国际机场	哈尔滨太平国际机场
FLIGHT	C245	C042	XNN		NKG		2026-05-01T16:50:00	2026-05-01T20:29:00	南方航空	CZ2970	经济舱	1070	13	13	西宁曹家堡国际机场	南京禄口国际机场
FLIGHT	C245	C153	XNN		HGH		2026-05-01T17:27:00	2026-05-01T21:26:00	海南航空	HU2971	经济舱	1160	14	14	西宁曹家堡国际机场	杭州萧山国际机场
FLIGHT	C245	C053	XNN		HFE		2026-05-01T18:04:00	2026-05-01T21:31:00	中国国航	CA2972	经济舱	1010	15	15	西宁曹家堡国际机场	合肥新桥国际机场
FLIGHT	C245	C221	XNN		FOC		2026-05-01T18:41:00	2026-05-01T22:59:00	东方航空	MU2973	经济舱	1250	16	16	西宁曹家堡国际机场	福州长乐国际机场
FLIGHT	C245	C046	XNN				2026-05-01T19:18:00	2026-05-01T22:51:00	南方航空	CZ2974	经济舱	1050	17	17	西宁曹家堡国际机场	南昌昌北国际机场
FLIGHT	C245	C180	XNN		TNA		2026-05-01T19:55:00	2026-05-01T23:06:00	海南航空	HU2975	经济舱	950	18	18	西宁曹家堡国际机场	济南遥墙国际机场
FLIGHT	C245	C267	XNN		CGO		2026-05-01T06:32:00	2026-05-01T09:16:00	中国国航	CA2976	经济舱	830	19	19	西宁曹家堡国际机场	郑州新郑国际机场
FLIGHT	C245	C164	XNN		WUH		2026-05-01T07:09:00	2026-05-01T10:18:00	东方航空	MU2977	经济舱	940	20	20	西宁曹家堡国际机场	武汉天河国际机场
FLIGHT	C245	C284	XNN		CSX		2026-05-01T07:46:00	2026-05-01T11:01:00	南方航空	CZ2978	经济舱	970	21	21	西宁曹家堡国际机场	长沙黄花国际机场
FLIGHT	C245	C112	XNN		CAN		2026-05-01T08:23:00	2026-05-01T12:24:00	海南航空	HU2979	经济舱	1180	22	22	西宁曹家堡国际机场	广州白云国际机场
FLIGHT	C245	C044	XNN		NNG		2026-05-01T09:00:00	2026-05-01T12:41:00	中国国航	CA2980	经济舱	1090	23	23	西宁曹家堡国际机场	南宁吴圩国际机场
FLIGHT	C245	C184	XNN		HAK		2026-05-01T09:37:00	2026-05-01T13:54:00	东方航空	MU2981	经济舱	1250	24	24	西宁曹家堡国际机场	海口美兰国际机场
FLIGHT	C245	C128	XNN		TFU		2026-05-01T10:14:00	2026-05-01T12:20:00	南方航空	CZ2982	经济舱	660	25	25	西宁曹家堡国际机场	成都天府国际机场
FLIGHT	C245	C249	XNN		KWE		2026-05-01T10:51:00	2026-05-01T13:46:00	海南航空	HU2983	经济舱	880	26	26	西宁曹家堡国际机场	贵阳龙洞堡国际机场
FLIGHT	C245	C142	XNN		KMG		2026-05-01T11:28:00	2026-05-01T14:32:00	中国国航	CA2984	经济舱	920	27	27	西宁曹家堡国际机场	昆明长水国际机场
FLIGHT	C245	C133	XNN		LXA		2026-05-01T12:05:00	2026-05-01T15:05:00	东方航空	MU2985	经济舱	910	28	28	西宁曹家堡国际机场	拉萨贡嘎国际机场
FLIGHT	C245	C246	XNN		XIY		2026-05-01T12:42:00	2026-05-01T14:47:00	南方航空	CZ2986	经济舱	660	29	29	西宁曹家堡国际机场	西安咸阳国际机场
FLIGHT	C245	C034	XNN		LHW		2026-05-01T13:19:00	2026-05-01T14:33:00	海南航空	HU2987	经济舱	430	30	30	西宁曹家堡国际机场	兰州中川国际机场
FLIGHT	C245	C279	XNN		INC		2026-05-01T14:33:00	2026-05-01T16:12:00	东方航空	MU2989	经济舱	550	32	32	西宁曹家堡国际机场	银川河东国际机场
FLIGHT	C245	C018	XNN				2026-05-01T15:10:00	2026-05-01T18:29:00	南方航空	CZ2990	经济舱	1000	33	33	西宁曹家堡国际机场	乌鲁木齐天山国际机场
FLIGHT	C245	C300	XNN				2026-05-01T15:47:00	2026-05-01T20:01:00	海南航空	HU2991	经济舱	1250	34	34	西宁曹家堡国际机场	香港国际机场
FLIGHT	C245	C190	XNN		SZX		2026-05-01T17:38:00	2026-05-01T21:49:00	南方航空	CZ2994	经济舱	1240	37	37	西宁曹家堡国际机场	深圳宝安国际机场
FLIGHT	C245	C050	XNN		XMN		2026-05-01T18:15:00	2026-05-01T22:36:00	海南航空	HU2995	经济舱	1280	3	3	西宁曹家堡国际机场	厦门高崎国际机场
FLIGHT	C245	C297	XNN				2026-05-01T18:52:00	2026-05-01T22:33:00	中国国航	CA2996	经济舱	1100	4	4	西宁曹家堡国际机场	青岛胶东国际机场
FLIGHT	C245	C080	XNN		DLC		2026-05-01T19:29:00	2026-05-01T23:20:00	东方航空	MU2997	经济舱	1150	5	5	西宁曹家堡国际机场	大连周水子国际机场
FLIGHT	C245	C088	XNN		NGB		2026-05-01T06:06:00	2026-05-01T10:19:00	南方航空	CZ2998	经济舱	1250	6	6	西宁曹家堡国际机场	宁波栎社国际机场
FLIGHT	C245	C231	XNN				2026-05-01T06:43:00	2026-05-01T10:41:00	海南航空	HU2999	经济舱	1180	7	7	西宁曹家堡国际机场	苏州机场
FLIGHT	C245	C139	XNN				2026-05-01T07:20:00	2026-05-01T11:15:00	中国国航	CA3000	经济舱	1170	8	8	西宁曹家堡国际机场	苏南硕放国际机场
FLIGHT	C245	C158	XNN		KWL		2026-05-01T07:57:00	2026-05-01T11:22:00	东方航空	MU3001	经济舱	1040	9	9	西宁曹家堡国际机场	桂林两江国际机场
FLIGHT	C245	C002	XNN		SYX		2026-05-01T08:34:00	2026-05-01T13:07:00	南方航空	CZ3002	经济舱	1340	10	10	西宁曹家堡国际机场	三亚凤凰国际机场
FLIGHT	C245	C119	XNN				2026-05-01T09:11:00	2026-05-01T12:02:00	海南航空	HU3003	经济舱	890	11	11	西宁曹家堡国际机场	张家界荷花国际机场
FLIGHT	C245	C015	XNN		LJG		2026-05-01T09:48:00	2026-05-01T12:33:00	中国国航	CA3004	经济舱	860	12	12	西宁曹家堡国际机场	丽江三义国际机场
FLIGHT	C245	C308	XNN		TXN		2026-05-01T11:02:00	2026-05-01T14:49:00	南方航空	CZ3006	经济舱	1140	14	14	西宁曹家堡国际机场	黄山屯溪国际机场
FLIGHT	C245	C210	XNN		ZZH		2026-05-01T12:16:00	2026-05-01T16:27:00	中国国航	CA3008	经济舱	1250	16	16	西宁曹家堡国际机场	珠海金湾机场
FLIGHT	C245	C179	XNN				2026-05-01T12:53:00	2026-05-01T15:27:00	东方航空	MU3009	经济舱	810	17	17	西宁曹家堡国际机场	洛阳北郊机场
FLIGHT	C245	C077	XNN				2026-05-01T13:30:00	2026-05-01T16:12:00	南方航空	CZ3010	经济舱	850	18	18	西宁曹家堡国际机场	大同云冈国际机场
FLIGHT	C245	C070	XNN		KHG		2026-05-01T14:44:00	2026-05-01T19:26:00	中国国航	CA3012	经济舱	1390	20	20	西宁曹家堡国际机场	喀什徕宁国际机场
FLIGHT	C245	C056	XNN				2026-05-01T15:21:00	2026-05-01T18:24:00	东方航空	MU3013	经济舱	950	21	21	西宁曹家堡国际机场	吐鲁番交河机场
FLIGHT	C245	C292	XNN				2026-05-01T15:58:00	2026-05-01T19:40:00	南方航空	CZ3014	经济舱	1130	22	22	西宁曹家堡国际机场	阿勒泰雪都机场
FLIGHT	C245	C222	XNN		BPE		2026-05-01T16:35:00	2026-05-01T20:10:00	海南航空	HU3015	经济舱	1090	23	23	西宁曹家堡国际机场	秦皇岛北戴河机场
FLIGHT	C245	C084	XNN		WEH		2026-05-01T17:12:00	2026-05-01T21:07:00	中国国航	CA3016	经济舱	1190	24	24	西宁曹家堡国际机场	威海大水泊国际机场
FLIGHT	C245	C176	XNN		JJN		2026-05-01T17:49:00	2026-05-01T22:11:00	东方航空	MU3017	经济舱	1310	25	25	西宁曹家堡国际机场	泉州晋江国际机场
FLIGHT	C245	C129	XNN		YTY		2026-05-01T18:26:00	2026-05-01T22:09:00	南方航空	CZ3018	经济舱	1130	26	26	西宁曹家堡国际机场	扬州泰州国际机场
FLIGHT	C245	C071	XNN				2026-05-01T19:03:00	2026-05-01T23:05:00	海南航空	HU3019	经济舱	1220	27	27	西宁曹家堡国际机场	嘉兴机场
FLIGHT	C245	C040	XNN		BHY		2026-05-01T19:40:00	2026-05-01T23:38:00	中国国航	CA3020	经济舱	1200	28	28	西宁曹家堡国际机场	北海福成机场
FLIGHT	C245	C147	XNN				2026-05-01T06:17:00	2026-05-01T09:57:00	东方航空	MU3021	经济舱	1120	29	29	西宁曹家堡国际机场	景德镇罗家机场
FLIGHT	C245	C127	XNN				2026-05-01T08:08:00	2026-05-01T12:16:00	中国国航	CA3024	经济舱	1250	32	32	西宁曹家堡国际机场	惠州平潭机场
FLIGHT	C245	C205	XNN		YNT		2026-05-01T09:22:00	2026-05-01T13:12:00	南方航空	CZ3026	经济舱	1170	34	34	西宁曹家堡国际机场	烟台蓬莱国际机场
FLIGHT	C245	C025	XNN				2026-05-01T09:59:00	2026-05-01T14:00:00	海南航空	HU3027	经济舱	1230	35	35	西宁曹家堡国际机场	佛山沙堤机场
FLIGHT	C245	C192	XNN		WNZ		2026-05-01T11:13:00	2026-05-01T15:29:00	东方航空	MU3029	经济舱	1290	37	37	西宁曹家堡国际机场	温州龙湾国际机场
FLIGHT	C279	C039	INC		PEK		2026-05-01T11:50:00	2026-05-01T14:14:00	南方航空	CZ3030	经济舱	790	3	3	银川河东国际机场	北京首都国际机场
FLIGHT	C279	C005	INC		SHA		2026-05-01T12:27:00	2026-05-01T16:02:00	海南航空	HU3031	经济舱	1110	4	4	银川河东国际机场	上海虹桥国际机场
FLIGHT	C279	C082	INC		TSN		2026-05-01T13:04:00	2026-05-01T15:34:00	中国国航	CA3032	经济舱	820	5	5	银川河东国际机场	天津滨海国际机场
FLIGHT	C279	C272	INC		CKG		2026-05-01T13:41:00	2026-05-01T16:15:00	东方航空	MU3033	经济舱	840	6	6	银川河东国际机场	重庆江北国际机场
FLIGHT	C279	C220	INC		SJW		2026-05-01T14:18:00	2026-05-01T16:25:00	南方航空	CZ3034	经济舱	720	7	7	银川河东国际机场	石家庄正定国际机场
FLIGHT	C279	C083	INC		TYN		2026-05-01T14:55:00	2026-05-01T16:46:00	海南航空	HU3035	经济舱	650	8	8	银川河东国际机场	太原武宿国际机场
FLIGHT	C279	C061	INC		HET		2026-05-01T15:32:00	2026-05-01T17:21:00	中国国航	CA3036	经济舱	640	9	9	银川河东国际机场	呼和浩特白塔国际机场
FLIGHT	C279	C172	INC		SHE		2026-05-01T16:09:00	2026-05-01T19:34:00	东方航空	MU3037	经济舱	1070	10	10	银川河东国际机场	沈阳桃仙国际机场
FLIGHT	C279	C283	INC		CGQ		2026-05-01T16:46:00	2026-05-01T20:31:00	南方航空	CZ3038	经济舱	1160	11	11	银川河东国际机场	长春龙嘉国际机场
FLIGHT	C279	C066	INC		HRB		2026-05-01T17:23:00	2026-05-01T21:23:00	海南航空	HU3039	经济舱	1230	12	12	银川河东国际机场	哈尔滨太平国际机场
FLIGHT	C279	C042	INC		NKG		2026-05-01T18:00:00	2026-05-01T21:09:00	中国国航	CA3040	经济舱	840	13	13	银川河东国际机场	南京禄口国际机场
FLIGHT	C279	C153	INC		HGH		2026-05-01T18:37:00	2026-05-01T22:09:00	东方航空	MU3041	经济舱	940	14	14	银川河东国际机场	杭州萧山国际机场
FLIGHT	C279	C053	INC		HFE		2026-05-01T19:14:00	2026-05-01T22:13:00	南方航空	CZ3042	经济舱	790	15	15	银川河东国际机场	合肥新桥国际机场
FLIGHT	C279	C221	INC		FOC		2026-05-01T19:51:00	2026-05-01T23:50:00	海南航空	HU3043	经济舱	1060	16	16	银川河东国际机场	福州长乐国际机场
FLIGHT	C279	C046	INC				2026-05-01T06:28:00	2026-05-01T09:44:00	中国国航	CA3044	经济舱	870	17	17	银川河东国际机场	南昌昌北国际机场
FLIGHT	C279	C180	INC		TNA		2026-05-01T07:05:00	2026-05-01T09:37:00	东方航空	MU3045	经济舱	670	18	18	银川河东国际机场	济南遥墙国际机场
FLIGHT	C279	C267	INC		CGO		2026-05-01T07:42:00	2026-05-01T09:55:00	南方航空	CZ3046	经济舱	590	19	19	银川河东国际机场	郑州新郑国际机场
FLIGHT	C279	C164	INC		WUH		2026-05-01T08:19:00	2026-05-01T11:09:00	海南航空	HU3047	经济舱	750	20	20	银川河东国际机场	武汉天河国际机场
FLIGHT	C279	C284	INC		CSX		2026-05-01T08:56:00	2026-05-01T12:01:00	中国国航	CA3048	经济舱	820	21	21	银川河东国际机场	长沙黄花国际机场
FLIGHT	C279	C112	INC		CAN		2026-05-01T09:33:00	2026-05-01T13:31:00	东方航空	MU3049	经济舱	1060	22	22	银川河东国际机场	广州白云国际机场
FLIGHT	C279	C044	INC		NNG		2026-05-01T10:10:00	2026-05-01T14:00:00	南方航空	CZ3050	经济舱	1030	23	23	银川河东国际机场	南宁吴圩国际机场
FLIGHT	C279	C184	INC		HAK		2026-05-01T10:47:00	2026-05-01T15:11:00	海南航空	HU3051	经济舱	1180	24	24	银川河东国际机场	海口美兰国际机场
FLIGHT	C279	C128	INC		TFU		2026-05-01T11:24:00	2026-05-01T13:49:00	中国国航	CA3052	经济舱	650	25	25	银川河东国际机场	成都天府国际机场
FLIGHT	C279	C249	INC		KWE		2026-05-01T12:01:00	2026-05-01T15:08:00	东方航空	MU3053	经济舱	840	26	26	银川河东国际机场	贵阳龙洞堡国际机场
FLIGHT	C279	C142	INC		KMG		2026-05-01T12:38:00	2026-05-01T16:06:00	南方航空	CZ3054	经济舱	930	27	27	银川河东国际机场	昆明长水国际机场
FLIGHT	C279	C133	INC		LXA		2026-05-01T13:15:00	2026-05-01T17:00:00	海南航空	HU3055	经济舱	1010	28	28	银川河东国际机场	拉萨贡嘎国际机场
FLIGHT	C279	C246	INC		XIY		2026-05-01T13:52:00	2026-05-01T15:39:00	中国国航	CA3056	经济舱	480	29	29	银川河东国际机场	西安咸阳国际机场
FLIGHT	C279	C034	INC		LHW		2026-05-01T14:29:00	2026-05-01T15:58:00	东方航空	MU3057	经济舱	400	30	30	银川河东国际机场	兰州中川国际机场
FLIGHT	C279	C245	INC		XNN		2026-05-01T15:06:00	2026-05-01T16:45:00	南方航空	CZ3058	经济舱	450	31	31	银川河东国际机场	西宁曹家堡国际机场
FLIGHT	C279	C018	INC				2026-05-01T16:20:00	2026-05-01T20:01:00	中国国航	CA3060	经济舱	1000	33	33	银川河东国际机场	乌鲁木齐天山国际机场
FLIGHT	C279	C300	INC				2026-05-01T16:57:00	2026-05-01T21:07:00	东方航空	MU3061	经济舱	1130	34	34	银川河东国际机场	香港国际机场
FLIGHT	C279	C190	INC		SZX		2026-05-01T18:48:00	2026-05-01T22:55:00	中国国航	CA3064	经济舱	1120	37	37	银川河东国际机场	深圳宝安国际机场
FLIGHT	C279	C050	INC		XMN		2026-05-01T19:25:00	2026-05-01T23:32:00	东方航空	MU3065	经济舱	1120	3	3	银川河东国际机场	厦门高崎国际机场
FLIGHT	C279	C297	INC				2026-05-01T06:02:00	2026-05-01T09:05:00	南方航空	CZ3066	经济舱	830	4	4	银川河东国际机场	青岛胶东国际机场
FLIGHT	C279	C080	INC		DLC		2026-05-01T06:39:00	2026-05-01T09:47:00	海南航空	HU3067	经济舱	860	5	5	银川河东国际机场	大连周水子国际机场
FLIGHT	C279	C088	INC		NGB		2026-05-01T07:16:00	2026-05-01T11:01:00	中国国航	CA3068	经济舱	1020	6	6	银川河东国际机场	宁波栎社国际机场
FLIGHT	C279	C231	INC				2026-05-01T07:53:00	2026-05-01T11:21:00	东方航空	MU3069	经济舱	950	7	7	银川河东国际机场	苏州机场
FLIGHT	C279	C139	INC				2026-05-01T08:30:00	2026-05-01T11:55:00	南方航空	CZ3070	经济舱	930	8	8	银川河东国际机场	苏南硕放国际机场
FLIGHT	C279	C158	INC		KWL		2026-05-01T09:07:00	2026-05-01T12:34:00	海南航空	HU3071	经济舱	940	9	9	银川河东国际机场	桂林两江国际机场
FLIGHT	C279	C002	INC		SYX		2026-05-01T09:44:00	2026-05-01T14:26:00	中国国航	CA3072	经济舱	1280	10	10	银川河东国际机场	三亚凤凰国际机场
FLIGHT	C279	C119	INC				2026-05-01T10:21:00	2026-05-01T13:07:00	东方航空	MU3073	经济舱	760	11	11	银川河东国际机场	张家界荷花国际机场
FLIGHT	C279	C015	INC		LJG		2026-05-01T10:58:00	2026-05-01T14:14:00	南方航空	CZ3074	经济舱	900	12	12	银川河东国际机场	丽江三义国际机场
FLIGHT	C279	C308	INC		TXN		2026-05-01T12:12:00	2026-05-01T15:35:00	中国国航	CA3076	经济舱	930	14	14	银川河东国际机场	黄山屯溪国际机场
FLIGHT	C279	C210	INC		ZZH		2026-05-01T13:26:00	2026-05-01T17:34:00	南方航空	CZ3078	经济舱	1140	16	16	银川河东国际机场	珠海金湾机场
FLIGHT	C279	C179	INC				2026-05-01T14:03:00	2026-05-01T16:08:00	海南航空	HU3079	经济舱	590	17	17	银川河东国际机场	洛阳北郊机场
FLIGHT	C279	C077	INC				2026-05-01T14:40:00	2026-05-01T16:38:00	中国国航	CA3080	经济舱	560	18	18	银川河东国际机场	大同云冈国际机场
FLIGHT	C279	C070	INC		KHG		2026-05-01T15:54:00	2026-05-01T21:09:00	南方航空	CZ3082	经济舱	1440	20	20	银川河东国际机场	喀什徕宁国际机场
FLIGHT	C279	C056	INC				2026-05-01T16:31:00	2026-05-01T19:58:00	海南航空	HU3083	经济舱	960	21	21	银川河东国际机场	吐鲁番交河机场
FLIGHT	C279	C292	INC				2026-05-01T17:08:00	2026-05-01T21:02:00	中国国航	CA3084	经济舱	1080	22	22	银川河东国际机场	阿勒泰雪都机场
FLIGHT	C279	C222	INC		BPE		2026-05-01T17:45:00	2026-05-01T20:36:00	东方航空	MU3085	经济舱	800	23	23	银川河东国际机场	秦皇岛北戴河机场
FLIGHT	C279	C084	INC		WEH		2026-05-01T18:22:00	2026-05-01T21:36:00	南方航空	CZ3086	经济舱	900	24	24	银川河东国际机场	威海大水泊国际机场
FLIGHT	C279	C176	INC		JJN		2026-05-01T18:59:00	2026-05-01T23:05:00	海南航空	HU3087	经济舱	1140	25	25	银川河东国际机场	泉州晋江国际机场
FLIGHT	C279	C129	INC		YTY		2026-05-01T19:36:00	2026-05-01T22:48:00	中国国航	CA3088	经济舱	900	26	26	银川河东国际机场	扬州泰州国际机场
FLIGHT	C279	C071	INC				2026-05-01T06:13:00	2026-05-01T09:46:00	东方航空	MU3089	经济舱	990	27	27	银川河东国际机场	嘉兴机场
FLIGHT	C279	C040	INC		BHY		2026-05-01T06:50:00	2026-05-01T10:56:00	南方航空	CZ3090	经济舱	1140	28	28	银川河东国际机场	北海福成机场
FLIGHT	C279	C147	INC				2026-05-01T07:27:00	2026-05-01T10:46:00	海南航空	HU3091	经济舱	930	29	29	银川河东国际机场	景德镇罗家机场
FLIGHT	C279	C127	INC				2026-05-01T09:18:00	2026-05-01T13:21:00	南方航空	CZ3094	经济舱	1130	32	32	银川河东国际机场	惠州平潭机场
FLIGHT	C279	C205	INC		YNT		2026-05-01T10:32:00	2026-05-01T13:41:00	中国国航	CA3096	经济舱	890	34	34	银川河东国际机场	烟台蓬莱国际机场
FLIGHT	C279	C025	INC				2026-05-01T11:09:00	2026-05-01T15:08:00	东方航空	MU3097	经济舱	1120	35	35	银川河东国际机场	佛山沙堤机场
FLIGHT	C279	C192	INC		WNZ		2026-05-01T12:23:00	2026-05-01T16:15:00	海南航空	HU3099	经济舱	1090	37	37	银川河东国际机场	温州龙湾国际机场
FLIGHT	C018	C039			PEK		2026-05-01T13:00:00	2026-05-01T17:56:00	中国国航	CA3100	经济舱	1370	3	3	乌鲁木齐天山国际机场	北京首都国际机场
FLIGHT	C018	C005			SHA		2026-05-01T13:37:00	2026-05-01T19:59:00	东方航空	MU3101	经济舱	1760	4	4	乌鲁木齐天山国际机场	上海虹桥国际机场
FLIGHT	C018	C082			TSN		2026-05-01T14:14:00	2026-05-01T19:20:00	南方航空	CZ3102	经济舱	1420	5	5	乌鲁木齐天山国际机场	天津滨海国际机场
FLIGHT	C018	C272			CKG		2026-05-01T14:51:00	2026-05-01T19:37:00	海南航空	HU3103	经济舱	1330	6	6	乌鲁木齐天山国际机场	重庆江北国际机场
FLIGHT	C018	C220			SJW		2026-05-01T15:28:00	2026-05-01T20:17:00	中国国航	CA3104	经济舱	1350	7	7	乌鲁木齐天山国际机场	石家庄正定国际机场
FLIGHT	C018	C083			TYN		2026-05-01T16:05:00	2026-05-01T20:39:00	东方航空	MU3105	经济舱	1280	8	8	乌鲁木齐天山国际机场	太原武宿国际机场
FLIGHT	C018	C061			HET		2026-05-01T16:42:00	2026-05-01T20:57:00	南方航空	CZ3106	经济舱	1200	9	9	乌鲁木齐天山国际机场	呼和浩特白塔国际机场
FLIGHT	C018	C172			SHE		2026-05-01T17:19:00	2026-05-01T23:05:00	海南航空	HU3107	经济舱	1610	10	10	乌鲁木齐天山国际机场	沈阳桃仙国际机场
FLIGHT	C018	C283			CGQ		2026-05-01T17:56:00	2026-05-01T23:51:00	中国国航	CA3108	经济舱	1650	11	11	乌鲁木齐天山国际机场	长春龙嘉国际机场
FLIGHT	C018	C066			HRB		2026-05-01T18:33:00	2026-05-02T00:33:00	东方航空	MU3109	经济舱	1670	12	12	乌鲁木齐天山国际机场	哈尔滨太平国际机场
FLIGHT	C018	C042			NKG		2026-05-01T19:10:00	2026-05-02T01:06:00	南方航空	CZ3110	经济舱	1650	13	13	乌鲁木齐天山国际机场	南京禄口国际机场
FLIGHT	C018	C153			HGH		2026-05-01T19:47:00	2026-05-02T02:05:00	海南航空	HU3111	经济舱	1750	14	14	乌鲁木齐天山国际机场	杭州萧山国际机场
FLIGHT	C018	C053			HFE		2026-05-01T06:24:00	2026-05-01T12:09:00	中国国航	CA3112	经济舱	1610	15	15	乌鲁木齐天山国际机场	合肥新桥国际机场
FLIGHT	C018	C221			FOC		2026-05-01T07:01:00	2026-05-01T13:42:00	东方航空	MU3113	经济舱	1860	16	16	乌鲁木齐天山国际机场	福州长乐国际机场
FLIGHT	C018	C046					2026-05-01T07:38:00	2026-05-01T13:35:00	南方航空	CZ3114	经济舱	1660	17	17	乌鲁木齐天山国际机场	南昌昌北国际机场
FLIGHT	C018	C180			TNA		2026-05-01T08:15:00	2026-05-01T13:30:00	海南航空	HU3115	经济舱	1480	18	18	乌鲁木齐天山国际机场	济南遥墙国际机场
FLIGHT	C018	C267			CGO		2026-05-01T08:52:00	2026-05-01T13:51:00	中国国航	CA3116	经济舱	1400	19	19	乌鲁木齐天山国际机场	郑州新郑国际机场
FLIGHT	C018	C164			WUH		2026-05-01T09:29:00	2026-05-01T15:00:00	东方航空	MU3117	经济舱	1550	20	20	乌鲁木齐天山国际机场	武汉天河国际机场
FLIGHT	C018	C284			CSX		2026-05-01T10:06:00	2026-05-01T15:45:00	南方航空	CZ3118	经济舱	1590	21	21	乌鲁木齐天山国际机场	长沙黄花国际机场
FLIGHT	C018	C112			CAN		2026-05-01T10:43:00	2026-05-01T17:06:00	海南航空	HU3119	经济舱	1790	22	22	乌鲁木齐天山国际机场	广州白云国际机场
FLIGHT	C018	C044			NNG		2026-05-01T11:20:00	2026-05-01T17:16:00	中国国航	CA3120	经济舱	1660	23	23	乌鲁木齐天山国际机场	南宁吴圩国际机场
FLIGHT	C018	C184			HAK		2026-05-01T11:57:00	2026-05-01T18:29:00	东方航空	MU3121	经济舱	1830	24	24	乌鲁木齐天山国际机场	海口美兰国际机场
FLIGHT	C018	C128			TFU		2026-05-01T12:34:00	2026-05-01T16:56:00	南方航空	CZ3122	经济舱	1240	25	25	乌鲁木齐天山国际机场	成都天府国际机场
FLIGHT	C018	C249			KWE		2026-05-01T13:11:00	2026-05-01T18:22:00	海南航空	HU3123	经济舱	1470	26	26	乌鲁木齐天山国际机场	贵阳龙洞堡国际机场
FLIGHT	C018	C142			KMG		2026-05-01T13:48:00	2026-05-01T18:53:00	中国国航	CA3124	经济舱	1440	27	27	乌鲁木齐天山国际机场	昆明长水国际机场
FLIGHT	C018	C133			LXA		2026-05-01T14:25:00	2026-05-01T18:01:00	东方航空	MU3125	经济舱	1040	28	28	乌鲁木齐天山国际机场	拉萨贡嘎国际机场
FLIGHT	C018	C246			XIY		2026-05-01T15:02:00	2026-05-01T19:28:00	南方航空	CZ3126	经济舱	1270	29	29	乌鲁木齐天山国际机场	西安咸阳国际机场
FLIGHT	C018	C034			LHW		2026-05-01T15:39:00	2026-05-01T19:17:00	海南航空	HU3127	经济舱	1050	30	30	乌鲁木齐天山国际机场	兰州中川国际机场
FLIGHT	C018	C245			XNN		2026-05-01T16:16:00	2026-05-01T19:35:00	中国国航	CA3128	经济舱	970	31	31	乌鲁木齐天山国际机场	西宁曹家堡国际机场
FLIGHT	C018	C279			INC		2026-05-01T16:53:00	2026-05-01T20:34:00	东方航空	MU3129	经济舱	1070	32	32	乌鲁木齐天山国际机场	银川河东国际机场
FLIGHT	C018	C300					2026-05-01T18:07:00	2026-05-02T00:43:00	海南航空	HU3131	经济舱	1860	34	34	乌鲁木齐天山国际机场	香港国际机场
FLIGHT	C018	C190			SZX		2026-05-01T19:58:00	2026-05-02T02:32:00	南方航空	CZ3134	经济舱	1850	37	37	乌鲁木齐天山国际机场	深圳宝安国际机场
FLIGHT	C018	C050			XMN		2026-05-01T06:35:00	2026-05-01T13:20:00	海南航空	HU3135	经济舱	1900	3	3	乌鲁木齐天山国际机场	厦门高崎国际机场
FLIGHT	C018	C297					2026-05-01T07:12:00	2026-05-01T12:57:00	中国国航	CA3136	经济舱	1630	4	4	乌鲁木齐天山国际机场	青岛胶东国际机场
FLIGHT	C018	C080			DLC		2026-05-01T07:49:00	2026-05-01T13:31:00	东方航空	MU3137	经济舱	1620	5	5	乌鲁木齐天山国际机场	大连周水子国际机场
FLIGHT	C018	C088			NGB		2026-05-01T08:26:00	2026-05-01T14:57:00	南方航空	CZ3138	经济舱	1840	6	6	乌鲁木齐天山国际机场	宁波栎社国际机场
FLIGHT	C018	C231					2026-05-01T09:03:00	2026-05-01T15:17:00	海南航空	HU3139	经济舱	1770	7	7	乌鲁木齐天山国际机场	苏州机场
FLIGHT	C018	C139					2026-05-01T09:40:00	2026-05-01T15:51:00	中国国航	CA3140	经济舱	1750	8	8	乌鲁木齐天山国际机场	苏南硕放国际机场
FLIGHT	C018	C158			KWL		2026-05-01T10:17:00	2026-05-01T16:03:00	东方航空	MU3141	经济舱	1640	9	9	乌鲁木齐天山国际机场	桂林两江国际机场
FLIGHT	C018	C002			SYX		2026-05-01T10:54:00	2026-05-01T17:39:00	南方航空	CZ3142	经济舱	1910	10	10	乌鲁木齐天山国际机场	三亚凤凰国际机场
FLIGHT	C018	C119					2026-05-01T11:31:00	2026-05-01T16:46:00	海南航空	HU3143	经济舱	1500	11	11	乌鲁木齐天山国际机场	张家界荷花国际机场
FLIGHT	C018	C015			LJG		2026-05-01T12:08:00	2026-05-01T16:43:00	中国国航	CA3144	经济舱	1320	12	12	乌鲁木齐天山国际机场	丽江三义国际机场
FLIGHT	C018	C308			TXN		2026-05-01T13:22:00	2026-05-01T19:30:00	南方航空	CZ3146	经济舱	1740	14	14	乌鲁木齐天山国际机场	黄山屯溪国际机场
FLIGHT	C018	C210			ZZH		2026-05-01T14:36:00	2026-05-01T21:09:00	中国国航	CA3148	经济舱	1860	16	16	乌鲁木齐天山国际机场	珠海金湾机场
FLIGHT	C018	C179					2026-05-01T15:13:00	2026-05-01T20:04:00	东方航空	MU3149	经济舱	1400	17	17	乌鲁木齐天山国际机场	洛阳北郊机场
FLIGHT	C018	C077					2026-05-01T15:50:00	2026-05-01T20:20:00	南方航空	CZ3150	经济舱	1310	18	18	乌鲁木齐天山国际机场	大同云冈国际机场
FLIGHT	C018	C070			KHG		2026-05-01T17:04:00	2026-05-01T19:47:00	中国国航	CA3152	经济舱	830	20	20	乌鲁木齐天山国际机场	喀什徕宁国际机场
FLIGHT	C018	C056					2026-05-01T17:41:00	2026-05-01T18:52:00	东方航空	MU3153	经济舱	420	21	21	乌鲁木齐天山国际机场	吐鲁番交河机场
FLIGHT	C018	C292					2026-05-01T18:18:00	2026-05-01T19:58:00	南方航空	CZ3154	经济舱	550	22	22	乌鲁木齐天山国际机场	阿勒泰雪都机场
FLIGHT	C018	C222			BPE		2026-05-01T18:55:00	2026-05-02T00:17:00	海南航空	HU3155	经济舱	1540	23	23	乌鲁木齐天山国际机场	秦皇岛北戴河机场
FLIGHT	C018	C084			WEH		2026-05-01T19:32:00	2026-05-02T01:24:00	中国国航	CA3156	经济舱	1680	24	24	乌鲁木齐天山国际机场	威海大水泊国际机场
FLIGHT	C018	C176			JJN		2026-05-01T06:09:00	2026-05-01T12:55:00	东方航空	MU3157	经济舱	1930	25	25	乌鲁木齐天山国际机场	泉州晋江国际机场
FLIGHT	C018	C129			YTY		2026-05-01T06:46:00	2026-05-01T12:44:00	南方航空	CZ3158	经济舱	1710	26	26	乌鲁木齐天山国际机场	扬州泰州国际机场
FLIGHT	C018	C071					2026-05-01T07:23:00	2026-05-01T13:42:00	海南航空	HU3159	经济舱	1810	27	27	乌鲁木齐天山国际机场	嘉兴机场
FLIGHT	C018	C040			BHY		2026-05-01T08:00:00	2026-05-01T14:13:00	中国国航	CA3160	经济舱	1780	28	28	乌鲁木齐天山国际机场	北海福成机场
FLIGHT	C018	C147					2026-05-01T08:37:00	2026-05-01T14:39:00	东方航空	MU3161	经济舱	1730	29	29	乌鲁木齐天山国际机场	景德镇罗家机场
FLIGHT	C018	C127					2026-05-01T10:28:00	2026-05-01T16:59:00	中国国航	CA3164	经济舱	1870	32	32	乌鲁木齐天山国际机场	惠州平潭机场
FLIGHT	C018	C205			YNT		2026-05-01T11:42:00	2026-05-01T17:29:00	南方航空	CZ3166	经济舱	1670	34	34	乌鲁木齐天山国际机场	烟台蓬莱国际机场
FLIGHT	C018	C025					2026-05-01T12:19:00	2026-05-01T18:42:00	海南航空	HU3167	经济舱	1830	35	35	乌鲁木齐天山国际机场	佛山沙堤机场
FLIGHT	C018	C192			WNZ		2026-05-01T13:33:00	2026-05-01T20:10:00	东方航空	MU3169	经济舱	1900	37	37	乌鲁木齐天山国际机场	温州龙湾国际机场
FLIGHT	C300	C039			PEK		2026-05-01T14:10:00	2026-05-01T18:22:00	南方航空	CZ3170	经济舱	1240	3	3	香港国际机场	北京首都国际机场
FLIGHT	C300	C005			SHA		2026-05-01T14:47:00	2026-05-01T17:45:00	海南航空	HU3171	经济舱	910	4	4	香港国际机场	上海虹桥国际机场
FLIGHT	C300	C082			TSN		2026-05-01T15:24:00	2026-05-01T19:28:00	中国国航	CA3172	经济舱	1210	5	5	香港国际机场	天津滨海国际机场
FLIGHT	C300	C272			CKG		2026-05-01T16:01:00	2026-05-01T18:47:00	东方航空	MU3173	经济舱	860	6	6	香港国际机场	重庆江北国际机场
FLIGHT	C300	C220			SJW		2026-05-01T16:38:00	2026-05-01T20:28:00	南方航空	CZ3174	经济舱	1150	7	7	香港国际机场	石家庄正定国际机场
FLIGHT	C300	C083			TYN		2026-05-01T17:15:00	2026-05-01T21:04:00	海南航空	HU3175	经济舱	1150	8	8	香港国际机场	太原武宿国际机场
FLIGHT	C300	C061			HET		2026-05-01T17:52:00	2026-05-01T22:14:00	中国国航	CA3176	经济舱	1300	9	9	香港国际机场	呼和浩特白塔国际机场
FLIGHT	C300	C172			SHE		2026-05-01T18:29:00	2026-05-01T23:17:00	东方航空	MU3177	经济舱	1420	10	10	香港国际机场	沈阳桃仙国际机场
FLIGHT	C300	C283			CGQ		2026-05-01T19:06:00	2026-05-02T00:21:00	南方航空	CZ3178	经济舱	1540	11	11	香港国际机场	长春龙嘉国际机场
FLIGHT	C300	C066			HRB		2026-05-01T19:43:00	2026-05-02T01:22:00	海南航空	HU3179	经济舱	1650	12	12	香港国际机场	哈尔滨太平国际机场
FLIGHT	C300	C042			NKG		2026-05-01T06:20:00	2026-05-01T09:13:00	中国国航	CA3180	经济舱	900	13	13	香港国际机场	南京禄口国际机场
FLIGHT	C300	C153			HGH		2026-05-01T06:57:00	2026-05-01T09:39:00	东方航空	MU3181	经济舱	850	14	14	香港国际机场	杭州萧山国际机场
FLIGHT	C300	C053			HFE		2026-05-01T07:34:00	2026-05-01T10:19:00	南方航空	CZ3182	经济舱	870	15	15	香港国际机场	合肥新桥国际机场
FLIGHT	C300	C221			FOC		2026-05-01T08:11:00	2026-05-01T10:13:00	海南航空	HU3183	经济舱	670	16	16	香港国际机场	福州长乐国际机场
FLIGHT	C300	C046					2026-05-01T08:48:00	2026-05-01T10:56:00	中国国航	CA3184	经济舱	700	17	17	香港国际机场	南昌昌北国际机场
FLIGHT	C300	C180			TNA		2026-05-01T09:25:00	2026-05-01T13:02:00	东方航空	MU3185	经济舱	1100	18	18	香港国际机场	济南遥墙国际机场
FLIGHT	C300	C267			CGO		2026-05-01T10:02:00	2026-05-01T13:15:00	南方航空	CZ3186	经济舱	1000	19	19	香港国际机场	郑州新郑国际机场
FLIGHT	C300	C164			WUH		2026-05-01T10:39:00	2026-05-01T13:06:00	海南航空	HU3187	经济舱	790	20	20	香港国际机场	武汉天河国际机场
FLIGHT	C300	C284			CSX		2026-05-01T11:16:00	2026-05-01T13:18:00	中国国航	CA3188	经济舱	680	21	21	香港国际机场	长沙黄花国际机场
FLIGHT	C300	C112			CAN		2026-05-01T11:53:00	2026-05-01T13:03:00	东方航空	MU3189	经济舱	440	22	22	香港国际机场	广州白云国际机场
FLIGHT	C300	C044			NNG		2026-05-01T12:30:00	2026-05-01T14:25:00	南方航空	CZ3190	经济舱	650	23	23	香港国际机场	南宁吴圩国际机场
FLIGHT	C300	C184			HAK		2026-05-01T13:07:00	2026-05-01T14:50:00	海南航空	HU3191	经济舱	600	24	24	香港国际机场	海口美兰国际机场
FLIGHT	C300	C128			TFU		2026-05-01T13:44:00	2026-05-01T16:55:00	中国国航	CA3192	经济舱	990	25	25	香港国际机场	成都天府国际机场
FLIGHT	C300	C249			KWE		2026-05-01T14:21:00	2026-05-01T16:46:00	东方航空	MU3193	经济舱	790	26	26	香港国际机场	贵阳龙洞堡国际机场
FLIGHT	C300	C142			KMG		2026-05-01T14:58:00	2026-05-01T17:54:00	南方航空	CZ3194	经济舱	930	27	27	香港国际机场	昆明长水国际机场
FLIGHT	C300	C133			LXA		2026-05-01T15:35:00	2026-05-01T20:33:00	海南航空	HU3195	经济舱	1480	28	28	香港国际机场	拉萨贡嘎国际机场
FLIGHT	C300	C246			XIY		2026-05-01T16:12:00	2026-05-01T19:30:00	中国国航	CA3196	经济舱	1030	29	29	香港国际机场	西安咸阳国际机场
FLIGHT	C300	C034			LHW		2026-05-01T16:49:00	2026-05-01T20:47:00	东方航空	MU3197	经济舱	1210	30	30	香港国际机场	兰州中川国际机场
FLIGHT	C300	C245			XNN		2026-05-01T17:26:00	2026-05-01T21:40:00	南方航空	CZ3198	经济舱	1280	31	31	香港国际机场	西宁曹家堡国际机场
FLIGHT	C300	C279			INC		2026-05-01T18:03:00	2026-05-01T22:13:00	海南航空	HU3199	经济舱	1270	32	32	香港国际机场	银川河东国际机场
FLIGHT	C300	C018					2026-05-01T18:40:00	2026-05-02T01:16:00	中国国航	CA3200	经济舱	1930	33	33	香港国际机场	乌鲁木齐天山国际机场
FLIGHT	C300	C190			SZX		2026-05-01T07:08:00	2026-05-01T08:18:00	中国国航	CA3204	经济舱	410	37	37	香港国际机场	深圳宝安国际机场
FLIGHT	C300	C050			XMN		2026-05-01T07:45:00	2026-05-01T09:27:00	东方航空	MU3205	经济舱	600	3	3	香港国际机场	厦门高崎国际机场
FLIGHT	C300	C297					2026-05-01T08:22:00	2026-05-01T12:01:00	南方航空	CZ3206	经济舱	1140	4	4	香港国际机场	青岛胶东国际机场
FLIGHT	C300	C080			DLC		2026-05-01T08:59:00	2026-05-01T13:12:00	海南航空	HU3207	经济舱	1290	5	5	香港国际机场	大连周水子国际机场
FLIGHT	C300	C088			NGB		2026-05-01T09:36:00	2026-05-01T12:23:00	中国国航	CA3208	经济舱	900	6	6	香港国际机场	宁波栎社国际机场
FLIGHT	C300	C231					2026-05-01T10:13:00	2026-05-01T13:06:00	东方航空	MU3209	经济舱	930	7	7	香港国际机场	苏州机场
FLIGHT	C300	C139					2026-05-01T10:50:00	2026-05-01T13:44:00	南方航空	CZ3210	经济舱	760	8	8	香港国际机场	苏南硕放国际机场
FLIGHT	C300	C158			KWL		2026-05-01T11:27:00	2026-05-01T13:13:00	海南航空	HU3211	经济舱	460	9	9	香港国际机场	桂林两江国际机场
FLIGHT	C300	C002			SYX		2026-05-01T12:04:00	2026-05-01T14:05:00	中国国航	CA3212	经济舱	530	10	10	香港国际机场	三亚凤凰国际机场
FLIGHT	C300	C119					2026-05-01T12:41:00	2026-05-01T15:00:00	东方航空	MU3213	经济舱	610	11	11	香港国际机场	张家界荷花国际机场
FLIGHT	C300	C015			LJG		2026-05-01T13:18:00	2026-05-01T16:43:00	南方航空	CZ3214	经济舱	910	12	12	香港国际机场	丽江三义国际机场
FLIGHT	C300	C308			TXN		2026-05-01T14:32:00	2026-05-01T16:59:00	中国国航	CA3216	经济舱	650	14	14	香港国际机场	黄山屯溪国际机场
FLIGHT	C300	C210			ZZH		2026-05-01T15:46:00	2026-05-01T16:56:00	南方航空	CZ3218	经济舱	270	16	16	香港国际机场	珠海金湾机场
FLIGHT	C300	C179					2026-05-01T16:23:00	2026-05-01T19:36:00	海南航空	HU3219	经济舱	860	17	17	香港国际机场	洛阳北郊机场
FLIGHT	C300	C077					2026-05-01T17:00:00	2026-05-01T21:13:00	中国国航	CA3220	经济舱	1130	18	18	香港国际机场	大同云冈国际机场
FLIGHT	C300	C070			KHG		2026-05-01T18:14:00	2026-05-02T01:56:00	南方航空	CZ3222	经济舱	2070	20	20	香港国际机场	喀什徕宁国际机场
FLIGHT	C300	C056					2026-05-01T18:51:00	2026-05-02T01:11:00	海南航空	HU3223	经济舱	1710	21	21	香港国际机场	吐鲁番交河机场
FLIGHT	C300	C292					2026-05-01T19:28:00	2026-05-02T02:29:00	中国国航	CA3224	经济舱	1890	22	22	香港国际机场	阿勒泰雪都机场
FLIGHT	C300	C222			BPE		2026-05-01T06:05:00	2026-05-01T10:23:00	东方航空	MU3225	经济舱	1160	23	23	香港国际机场	秦皇岛北戴河机场
FLIGHT	C300	C084			WEH		2026-05-01T06:42:00	2026-05-01T10:42:00	南方航空	CZ3226	经济舱	1080	24	24	香港国际机场	威海大水泊国际机场
FLIGHT	C300	C176			JJN		2026-05-01T07:19:00	2026-05-01T09:08:00	海南航空	HU3227	经济舱	490	25	25	香港国际机场	泉州晋江国际机场
FLIGHT	C300	C129			YTY		2026-05-01T07:56:00	2026-05-01T10:54:00	中国国航	CA3228	经济舱	800	26	26	香港国际机场	扬州泰州国际机场
FLIGHT	C300	C071					2026-05-01T08:33:00	2026-05-01T11:22:00	东方航空	MU3229	经济舱	760	27	27	香港国际机场	嘉兴机场
FLIGHT	C300	C040			BHY		2026-05-01T09:10:00	2026-05-01T10:58:00	南方航空	CZ3230	经济舱	490	28	28	香港国际机场	北海福成机场
FLIGHT	C300	C147					2026-05-01T09:47:00	2026-05-01T12:05:00	海南航空	HU3231	经济舱	620	29	29	香港国际机场	景德镇罗家机场
FLIGHT	C300	C127					2026-05-01T11:38:00	2026-05-01T12:48:00	南方航空	CZ3234	经济舱	300	32	32	香港国际机场	惠州平潭机场
FLIGHT	C300	C205			YNT		2026-05-01T12:52:00	2026-05-01T16:49:00	中国国航	CA3236	经济舱	1080	34	34	香港国际机场	烟台蓬莱国际机场
FLIGHT	C300	C025					2026-05-01T13:29:00	2026-05-01T14:39:00	东方航空	MU3237	经济舱	320	35	35	香港国际机场	佛山沙堤机场
FLIGHT	C300	C192			WNZ		2026-05-01T14:43:00	2026-05-01T17:09:00	海南航空	HU3239	经济舱	670	37	37	香港国际机场	温州龙湾国际机场
FLIGHT	C190	C039	SZX		PEK		2026-05-01T17:40:00	2026-05-01T21:49:00	中国国航	CA3380	经济舱	1100	3	3	深圳宝安国际机场	北京首都国际机场
FLIGHT	C190	C005	SZX		SHA		2026-05-01T18:17:00	2026-05-01T21:13:00	东方航空	MU3381	经济舱	780	4	4	深圳宝安国际机场	上海虹桥国际机场
FLIGHT	C190	C082	SZX		TSN		2026-05-01T18:54:00	2026-05-01T22:55:00	南方航空	CZ3382	经济舱	1070	5	5	深圳宝安国际机场	天津滨海国际机场
FLIGHT	C190	C272	SZX		CKG		2026-05-01T19:31:00	2026-05-01T22:14:00	海南航空	HU3383	经济舱	720	6	6	深圳宝安国际机场	重庆江北国际机场
FLIGHT	C190	C220	SZX		SJW		2026-05-01T06:08:00	2026-05-01T09:55:00	中国国航	CA3384	经济舱	1010	7	7	深圳宝安国际机场	石家庄正定国际机场
FLIGHT	C190	C083	SZX		TYN		2026-05-01T06:45:00	2026-05-01T10:31:00	东方航空	MU3385	经济舱	1000	8	8	深圳宝安国际机场	太原武宿国际机场
FLIGHT	C190	C061	SZX		HET		2026-05-01T07:22:00	2026-05-01T11:42:00	南方航空	CZ3386	经济舱	1160	9	9	深圳宝安国际机场	呼和浩特白塔国际机场
FLIGHT	C190	C172	SZX		SHE		2026-05-01T07:59:00	2026-05-01T12:45:00	海南航空	HU3387	经济舱	1280	10	10	深圳宝安国际机场	沈阳桃仙国际机场
FLIGHT	C190	C283	SZX		CGQ		2026-05-01T08:36:00	2026-05-01T13:49:00	中国国航	CA3388	经济舱	1400	11	11	深圳宝安国际机场	长春龙嘉国际机场
FLIGHT	C190	C066	SZX		HRB		2026-05-01T09:13:00	2026-05-01T14:50:00	东方航空	MU3389	经济舱	1510	12	12	深圳宝安国际机场	哈尔滨太平国际机场
FLIGHT	C190	C042	SZX		NKG		2026-05-01T09:50:00	2026-05-01T12:41:00	南方航空	CZ3390	经济舱	760	13	13	深圳宝安国际机场	南京禄口国际机场
FLIGHT	C190	C153	SZX		HGH		2026-05-01T10:27:00	2026-05-01T13:07:00	海南航空	HU3391	经济舱	710	14	14	深圳宝安国际机场	杭州萧山国际机场
FLIGHT	C190	C053	SZX		HFE		2026-05-01T11:04:00	2026-05-01T13:47:00	中国国航	CA3392	经济舱	730	15	15	深圳宝安国际机场	合肥新桥国际机场
FLIGHT	C190	C221	SZX		FOC		2026-05-01T11:41:00	2026-05-01T13:42:00	东方航空	MU3393	经济舱	540	16	16	深圳宝安国际机场	福州长乐国际机场
FLIGHT	C190	C046	SZX				2026-05-01T12:18:00	2026-05-01T14:24:00	南方航空	CZ3394	经济舱	560	17	17	深圳宝安国际机场	南昌昌北国际机场
FLIGHT	C190	C180	SZX		TNA		2026-05-01T12:55:00	2026-05-01T16:30:00	海南航空	HU3395	经济舱	960	18	18	深圳宝安国际机场	济南遥墙国际机场
FLIGHT	C190	C267	SZX		CGO		2026-05-01T13:32:00	2026-05-01T16:43:00	中国国航	CA3396	经济舱	860	19	19	深圳宝安国际机场	郑州新郑国际机场
FLIGHT	C190	C164	SZX		WUH		2026-05-01T14:09:00	2026-05-01T16:34:00	东方航空	MU3397	经济舱	650	20	20	深圳宝安国际机场	武汉天河国际机场
FLIGHT	C190	C284	SZX		CSX		2026-05-01T14:46:00	2026-05-01T16:45:00	南方航空	CZ3398	经济舱	540	21	21	深圳宝安国际机场	长沙黄花国际机场
FLIGHT	C190	C112	SZX		CAN		2026-05-01T15:23:00	2026-05-01T16:33:00	海南航空	HU3399	经济舱	300	22	22	深圳宝安国际机场	广州白云国际机场
FLIGHT	C190	C044	SZX		NNG		2026-05-01T16:00:00	2026-05-01T17:53:00	中国国航	CA3400	经济舱	510	23	23	深圳宝安国际机场	南宁吴圩国际机场
FLIGHT	C190	C184	SZX		HAK		2026-05-01T16:37:00	2026-05-01T18:21:00	东方航空	MU3401	经济舱	470	24	24	深圳宝安国际机场	海口美兰国际机场
FLIGHT	C190	C128	SZX		TFU		2026-05-01T17:14:00	2026-05-01T20:22:00	南方航空	CZ3402	经济舱	850	25	25	深圳宝安国际机场	成都天府国际机场
FLIGHT	C190	C249	SZX		KWE		2026-05-01T17:51:00	2026-05-01T20:14:00	海南航空	HU3403	经济舱	650	26	26	深圳宝安国际机场	贵阳龙洞堡国际机场
FLIGHT	C190	C142	SZX		KMG		2026-05-01T18:28:00	2026-05-01T21:22:00	中国国航	CA3404	经济舱	790	27	27	深圳宝安国际机场	昆明长水国际机场
FLIGHT	C190	C133	SZX		LXA		2026-05-01T19:05:00	2026-05-02T00:01:00	东方航空	MU3405	经济舱	1340	28	28	深圳宝安国际机场	拉萨贡嘎国际机场
FLIGHT	C190	C246	SZX		XIY		2026-05-01T19:42:00	2026-05-01T22:57:00	南方航空	CZ3406	经济舱	890	29	29	深圳宝安国际机场	西安咸阳国际机场
FLIGHT	C190	C034	SZX		LHW		2026-05-01T06:19:00	2026-05-01T10:14:00	海南航空	HU3407	经济舱	1070	30	30	深圳宝安国际机场	兰州中川国际机场
FLIGHT	C190	C245	SZX		XNN		2026-05-01T06:56:00	2026-05-01T11:07:00	中国国航	CA3408	经济舱	1140	31	31	深圳宝安国际机场	西宁曹家堡国际机场
FLIGHT	C190	C279	SZX		INC		2026-05-01T07:33:00	2026-05-01T11:40:00	东方航空	MU3409	经济舱	1120	32	32	深圳宝安国际机场	银川河东国际机场
FLIGHT	C190	C018	SZX				2026-05-01T08:10:00	2026-05-01T14:44:00	南方航空	CZ3410	经济舱	1780	33	33	深圳宝安国际机场	乌鲁木齐天山国际机场
FLIGHT	C190	C300	SZX				2026-05-01T08:47:00	2026-05-01T09:57:00	海南航空	HU3411	经济舱	270	34	34	深圳宝安国际机场	香港国际机场
FLIGHT	C190	C050	SZX		XMN		2026-05-01T11:15:00	2026-05-01T12:56:00	海南航空	HU3415	经济舱	470	3	3	深圳宝安国际机场	厦门高崎国际机场
FLIGHT	C190	C297	SZX				2026-05-01T11:52:00	2026-05-01T15:29:00	中国国航	CA3416	经济舱	1000	4	4	深圳宝安国际机场	青岛胶东国际机场
FLIGHT	C190	C080	SZX		DLC		2026-05-01T12:29:00	2026-05-01T16:40:00	东方航空	MU3417	经济舱	1150	5	5	深圳宝安国际机场	大连周水子国际机场
FLIGHT	C190	C088	SZX		NGB		2026-05-01T13:06:00	2026-05-01T15:52:00	南方航空	CZ3418	经济舱	770	6	6	深圳宝安国际机场	宁波栎社国际机场
FLIGHT	C190	C231	SZX				2026-05-01T13:43:00	2026-05-01T16:35:00	海南航空	HU3419	经济舱	790	7	7	深圳宝安国际机场	苏州机场
FLIGHT	C190	C139	SZX				2026-05-01T14:20:00	2026-05-01T17:12:00	中国国航	CA3420	经济舱	800	8	8	深圳宝安国际机场	苏南硕放国际机场
FLIGHT	C190	C158	SZX		KWL		2026-05-01T14:57:00	2026-05-01T16:41:00	东方航空	MU3421	经济舱	490	9	9	深圳宝安国际机场	桂林两江国际机场
FLIGHT	C190	C002	SZX		SYX		2026-05-01T15:34:00	2026-05-01T17:36:00	南方航空	CZ3422	经济舱	570	10	10	深圳宝安国际机场	三亚凤凰国际机场
FLIGHT	C190	C119	SZX				2026-05-01T16:11:00	2026-05-01T18:27:00	海南航空	HU3423	经济舱	640	11	11	深圳宝安国际机场	张家界荷花国际机场
FLIGHT	C190	C015	SZX		LJG		2026-05-01T16:48:00	2026-05-01T20:11:00	中国国航	CA3424	经济舱	940	12	12	深圳宝安国际机场	丽江三义国际机场
FLIGHT	C190	C308	SZX		TXN		2026-05-01T18:02:00	2026-05-01T20:27:00	南方航空	CZ3426	经济舱	680	14	14	深圳宝安国际机场	黄山屯溪国际机场
FLIGHT	C190	C210	SZX		ZZH		2026-05-01T19:16:00	2026-05-01T20:26:00	中国国航	CA3428	经济舱	300	16	16	深圳宝安国际机场	珠海金湾机场
FLIGHT	C190	C179	SZX				2026-05-01T19:53:00	2026-05-01T23:03:00	东方航空	MU3429	经济舱	890	17	17	深圳宝安国际机场	洛阳北郊机场
FLIGHT	C190	C077	SZX				2026-05-01T06:30:00	2026-05-01T10:40:00	南方航空	CZ3430	经济舱	1160	18	18	深圳宝安国际机场	大同云冈国际机场
FLIGHT	C190	C070	SZX		KHG		2026-05-01T07:44:00	2026-05-01T15:24:00	中国国航	CA3432	经济舱	2100	20	20	深圳宝安国际机场	喀什徕宁国际机场
FLIGHT	C190	C056	SZX				2026-05-01T08:21:00	2026-05-01T14:39:00	东方航空	MU3433	经济舱	1730	21	21	深圳宝安国际机场	吐鲁番交河机场
FLIGHT	C190	C292	SZX				2026-05-01T08:58:00	2026-05-01T15:56:00	南方航空	CZ3434	经济舱	1920	22	22	深圳宝安国际机场	阿勒泰雪都机场
FLIGHT	C190	C222	SZX		BPE		2026-05-01T09:35:00	2026-05-01T13:50:00	海南航空	HU3435	经济舱	1190	23	23	深圳宝安国际机场	秦皇岛北戴河机场
FLIGHT	C190	C084	SZX		WEH		2026-05-01T10:12:00	2026-05-01T14:10:00	中国国航	CA3436	经济舱	1110	24	24	深圳宝安国际机场	威海大水泊国际机场
FLIGHT	C190	C176	SZX		JJN		2026-05-01T10:49:00	2026-05-01T12:38:00	东方航空	MU3437	经济舱	530	25	25	深圳宝安国际机场	泉州晋江国际机场
FLIGHT	C190	C129	SZX		YTY		2026-05-01T11:26:00	2026-05-01T14:23:00	南方航空	CZ3438	经济舱	840	26	26	深圳宝安国际机场	扬州泰州国际机场
FLIGHT	C190	C071	SZX				2026-05-01T12:03:00	2026-05-01T14:51:00	海南航空	HU3439	经济舱	800	27	27	深圳宝安国际机场	嘉兴机场
FLIGHT	C190	C040	SZX		BHY		2026-05-01T12:40:00	2026-05-01T14:27:00	中国国航	CA3440	经济舱	530	28	28	深圳宝安国际机场	北海福成机场
FLIGHT	C190	C147	SZX				2026-05-01T13:17:00	2026-05-01T15:33:00	东方航空	MU3441	经济舱	660	29	29	深圳宝安国际机场	景德镇罗家机场
FLIGHT	C190	C127	SZX				2026-05-01T15:08:00	2026-05-01T16:18:00	中国国航	CA3444	经济舱	330	32	32	深圳宝安国际机场	惠州平潭机场
FLIGHT	C190	C205	SZX		YNT		2026-05-01T16:22:00	2026-05-01T20:17:00	南方航空	CZ3446	经济舱	1110	34	34	深圳宝安国际机场	烟台蓬莱国际机场
FLIGHT	C190	C025	SZX				2026-05-01T16:59:00	2026-05-01T18:09:00	海南航空	HU3447	经济舱	350	35	35	深圳宝安国际机场	佛山沙堤机场
FLIGHT	C190	C192	SZX		WNZ		2026-05-01T18:13:00	2026-05-01T20:38:00	东方航空	MU3449	经济舱	700	37	37	深圳宝安国际机场	温州龙湾国际机场
FLIGHT	C050	C039	XMN		PEK		2026-05-01T18:50:00	2026-05-01T22:37:00	南方航空	CZ3450	经济舱	1070	3	3	厦门高崎国际机场	北京首都国际机场
FLIGHT	C050	C005	XMN		SHA		2026-05-01T19:27:00	2026-05-01T21:44:00	海南航空	HU3451	经济舱	670	4	4	厦门高崎国际机场	上海虹桥国际机场
FLIGHT	C050	C082	XMN		TSN		2026-05-01T06:04:00	2026-05-01T09:42:00	中国国航	CA3452	经济舱	1030	5	5	厦门高崎国际机场	天津滨海国际机场
FLIGHT	C050	C272	XMN		CKG		2026-05-01T06:41:00	2026-05-01T09:43:00	东方航空	MU3453	经济舱	880	6	6	厦门高崎国际机场	重庆江北国际机场
FLIGHT	C050	C220	XMN		SJW		2026-05-01T07:18:00	2026-05-01T10:48:00	南方航空	CZ3454	经济舱	1000	7	7	厦门高崎国际机场	石家庄正定国际机场
FLIGHT	C050	C083	XMN		TYN		2026-05-01T07:55:00	2026-05-01T11:28:00	海南航空	HU3455	经济舱	1020	8	8	厦门高崎国际机场	太原武宿国际机场
FLIGHT	C050	C061	XMN		HET		2026-05-01T08:32:00	2026-05-01T12:38:00	中国国航	CA3456	经济舱	1170	9	9	厦门高崎国际机场	呼和浩特白塔国际机场
FLIGHT	C050	C172	XMN		SHE		2026-05-01T09:09:00	2026-05-01T13:23:00	东方航空	MU3457	经济舱	1200	10	10	厦门高崎国际机场	沈阳桃仙国际机场
FLIGHT	C050	C283	XMN		CGQ		2026-05-01T09:46:00	2026-05-01T14:26:00	南方航空	CZ3458	经济舱	1320	11	11	厦门高崎国际机场	长春龙嘉国际机场
FLIGHT	C050	C066	XMN		HRB		2026-05-01T10:23:00	2026-05-01T15:27:00	海南航空	HU3459	经济舱	1430	12	12	厦门高崎国际机场	哈尔滨太平国际机场
FLIGHT	C050	C042	XMN		NKG		2026-05-01T11:00:00	2026-05-01T13:20:00	中国国航	CA3460	经济舱	690	13	13	厦门高崎国际机场	南京禄口国际机场
FLIGHT	C050	C153	XMN		HGH		2026-05-01T11:37:00	2026-05-01T13:40:00	东方航空	MU3461	经济舱	610	14	14	厦门高崎国际机场	杭州萧山国际机场
FLIGHT	C050	C053	XMN		HFE		2026-05-01T12:14:00	2026-05-01T14:31:00	南方航空	CZ3462	经济舱	680	15	15	厦门高崎国际机场	合肥新桥国际机场
FLIGHT	C050	C221	XMN		FOC		2026-05-01T12:51:00	2026-05-01T14:08:00	海南航空	HU3463	经济舱	410	16	16	厦门高崎国际机场	福州长乐国际机场
FLIGHT	C050	C046	XMN				2026-05-01T13:28:00	2026-05-01T15:15:00	中国国航	CA3464	经济舱	550	17	17	厦门高崎国际机场	南昌昌北国际机场
FLIGHT	C050	C180	XMN		TNA		2026-05-01T14:05:00	2026-05-01T17:16:00	东方航空	MU3465	经济舱	930	18	18	厦门高崎国际机场	济南遥墙国际机场
FLIGHT	C050	C267	XMN		CGO		2026-05-01T14:42:00	2026-05-01T17:39:00	南方航空	CZ3466	经济舱	870	19	19	厦门高崎国际机场	郑州新郑国际机场
FLIGHT	C050	C164	XMN		WUH		2026-05-01T15:19:00	2026-05-01T17:32:00	海南航空	HU3467	经济舱	670	20	20	厦门高崎国际机场	武汉天河国际机场
FLIGHT	C050	C284	XMN		CSX		2026-05-01T15:56:00	2026-05-01T17:57:00	中国国航	CA3468	经济舱	620	21	21	厦门高崎国际机场	长沙黄花国际机场
FLIGHT	C050	C112	XMN		CAN		2026-05-01T16:33:00	2026-05-01T18:19:00	东方航空	MU3469	经济舱	550	22	22	厦门高崎国际机场	广州白云国际机场
FLIGHT	C050	C044	XMN		NNG		2026-05-01T17:10:00	2026-05-01T19:46:00	南方航空	CZ3470	经济舱	770	23	23	厦门高崎国际机场	南宁吴圩国际机场
FLIGHT	C050	C184	XMN		HAK		2026-05-01T17:47:00	2026-05-01T20:17:00	海南航空	HU3471	经济舱	750	24	24	厦门高崎国际机场	海口美兰国际机场
FLIGHT	C050	C128	XMN		TFU		2026-05-01T18:24:00	2026-05-01T21:53:00	中国国航	CA3472	经济舱	1010	25	25	厦门高崎国际机场	成都天府国际机场
FLIGHT	C050	C249	XMN		KWE		2026-05-01T19:01:00	2026-05-01T21:53:00	东方航空	MU3473	经济舱	850	26	26	厦门高崎国际机场	贵阳龙洞堡国际机场
FLIGHT	C050	C142	XMN		KMG		2026-05-01T19:38:00	2026-05-01T23:08:00	南方航空	CZ3474	经济舱	1020	27	27	厦门高崎国际机场	昆明长水国际机场
FLIGHT	C050	C133	XMN		LXA		2026-05-01T06:15:00	2026-05-01T11:42:00	海南航空	HU3475	经济舱	1550	28	28	厦门高崎国际机场	拉萨贡嘎国际机场
FLIGHT	C050	C246	XMN		XIY		2026-05-01T06:52:00	2026-05-01T10:08:00	中国国航	CA3476	经济舱	960	29	29	厦门高崎国际机场	西安咸阳国际机场
FLIGHT	C050	C034	XMN		LHW		2026-05-01T07:29:00	2026-05-01T11:32:00	东方航空	MU3477	经济舱	1170	30	30	厦门高崎国际机场	兰州中川国际机场
FLIGHT	C050	C245	XMN		XNN		2026-05-01T08:06:00	2026-05-01T12:27:00	南方航空	CZ3478	经济舱	1250	31	31	厦门高崎国际机场	西宁曹家堡国际机场
FLIGHT	C050	C279	XMN		INC		2026-05-01T08:43:00	2026-05-01T12:50:00	海南航空	HU3479	经济舱	1190	32	32	厦门高崎国际机场	银川河东国际机场
FLIGHT	C050	C018	XMN				2026-05-01T09:20:00	2026-05-01T16:05:00	中国国航	CA3480	经济舱	1910	33	33	厦门高崎国际机场	乌鲁木齐天山国际机场
FLIGHT	C050	C300	XMN				2026-05-01T09:57:00	2026-05-01T11:39:00	东方航空	MU3481	经济舱	540	34	34	厦门高崎国际机场	香港国际机场
FLIGHT	C050	C190	XMN		SZX		2026-05-01T11:48:00	2026-05-01T13:29:00	中国国航	CA3484	经济舱	540	37	37	厦门高崎国际机场	深圳宝安国际机场
FLIGHT	C050	C297	XMN				2026-05-01T13:02:00	2026-05-01T16:08:00	南方航空	CZ3486	经济舱	920	4	4	厦门高崎国际机场	青岛胶东国际机场
FLIGHT	C050	C080	XMN		DLC		2026-05-01T13:39:00	2026-05-01T17:18:00	海南航空	HU3487	经济舱	1070	5	5	厦门高崎国际机场	大连周水子国际机场
FLIGHT	C050	C088	XMN		NGB		2026-05-01T14:16:00	2026-05-01T16:20:00	中国国航	CA3488	经济舱	650	6	6	厦门高崎国际机场	宁波栎社国际机场
FLIGHT	C050	C231	XMN				2026-05-01T14:53:00	2026-05-01T17:08:00	东方航空	MU3489	经济舱	700	7	7	厦门高崎国际机场	苏州机场
FLIGHT	C050	C139	XMN				2026-05-01T15:30:00	2026-05-01T17:46:00	南方航空	CZ3490	经济舱	700	8	8	厦门高崎国际机场	苏南硕放国际机场
FLIGHT	C050	C158	XMN		KWL		2026-05-01T16:07:00	2026-05-01T18:21:00	海南航空	HU3491	经济舱	700	9	9	厦门高崎国际机场	桂林两江国际机场
FLIGHT	C050	C002	XMN		SYX		2026-05-01T16:44:00	2026-05-01T19:32:00	中国国航	CA3492	经济舱	850	10	10	厦门高崎国际机场	三亚凤凰国际机场
FLIGHT	C050	C119	XMN				2026-05-01T17:21:00	2026-05-01T19:47:00	东方航空	MU3493	经济舱	750	11	11	厦门高崎国际机场	张家界荷花国际机场
FLIGHT	C050	C015	XMN		LJG		2026-05-01T17:58:00	2026-05-01T21:54:00	南方航空	CZ3494	经济舱	1160	12	12	厦门高崎国际机场	丽江三义国际机场
FLIGHT	C050	C308	XMN		TXN		2026-05-01T19:12:00	2026-05-01T21:05:00	中国国航	CA3496	经济舱	610	14	14	厦门高崎国际机场	黄山屯溪国际机场
FLIGHT	C050	C210	XMN		ZZH		2026-05-01T06:26:00	2026-05-01T08:13:00	南方航空	CZ3498	经济舱	580	16	16	厦门高崎国际机场	珠海金湾机场
FLIGHT	C050	C179	XMN				2026-05-01T07:03:00	2026-05-01T10:03:00	海南航空	HU3499	经济舱	910	17	17	厦门高崎国际机场	洛阳北郊机场
FLIGHT	C050	C077	XMN				2026-05-01T07:40:00	2026-05-01T11:34:00	中国国航	CA3500	经济舱	1160	18	18	厦门高崎国际机场	大同云冈国际机场
FLIGHT	C050	C070	XMN		KHG		2026-05-01T08:54:00	2026-05-01T16:55:00	南方航空	CZ3502	经济舱	2270	20	20	厦门高崎国际机场	喀什徕宁国际机场
FLIGHT	C050	C056	XMN				2026-05-01T09:31:00	2026-05-01T16:00:00	海南航空	HU3503	经济舱	1860	21	21	厦门高崎国际机场	吐鲁番交河机场
FLIGHT	C050	C292	XMN				2026-05-01T10:08:00	2026-05-01T17:13:00	中国国航	CA3504	经济舱	2020	22	22	厦门高崎国际机场	阿勒泰雪都机场
FLIGHT	C050	C222	XMN		BPE		2026-05-01T10:45:00	2026-05-01T14:32:00	东方航空	MU3505	经济舱	1130	23	23	厦门高崎国际机场	秦皇岛北戴河机场
FLIGHT	C050	C084	XMN		WEH		2026-05-01T11:22:00	2026-05-01T14:47:00	南方航空	CZ3506	经济舱	1030	24	24	厦门高崎国际机场	威海大水泊国际机场
FLIGHT	C050	C176	XMN		JJN		2026-05-01T11:59:00	2026-05-01T13:09:00	海南航空	HU3507	经济舱	390	25	25	厦门高崎国际机场	泉州晋江国际机场
FLIGHT	C050	C129	XMN		YTY		2026-05-01T12:36:00	2026-05-01T15:00:00	中国国航	CA3508	经济舱	760	26	26	厦门高崎国际机场	扬州泰州国际机场
FLIGHT	C050	C071	XMN				2026-05-01T13:13:00	2026-05-01T15:23:00	东方航空	MU3509	经济舱	690	27	27	厦门高崎国际机场	嘉兴机场
FLIGHT	C050	C040	XMN		BHY		2026-05-01T13:50:00	2026-05-01T16:23:00	南方航空	CZ3510	经济舱	800	28	28	厦门高崎国际机场	北海福成机场
FLIGHT	C050	C147	XMN				2026-05-01T14:27:00	2026-05-01T16:16:00	海南航空	HU3511	经济舱	600	29	29	厦门高崎国际机场	景德镇罗家机场
FLIGHT	C050	C127	XMN				2026-05-01T16:18:00	2026-05-01T17:53:00	南方航空	CZ3514	经济舱	550	32	32	厦门高崎国际机场	惠州平潭机场
FLIGHT	C050	C205	XMN		YNT		2026-05-01T17:32:00	2026-05-01T20:55:00	中国国航	CA3516	经济舱	1030	34	34	厦门高崎国际机场	烟台蓬莱国际机场
FLIGHT	C050	C025	XMN				2026-05-01T18:09:00	2026-05-01T19:57:00	东方航空	MU3517	经济舱	610	35	35	厦门高崎国际机场	佛山沙堤机场
FLIGHT	C050	C192	XMN		WNZ		2026-05-01T19:23:00	2026-05-01T21:05:00	海南航空	HU3519	经济舱	580	37	37	厦门高崎国际机场	温州龙湾国际机场
FLIGHT	C297	C039			PEK		2026-05-01T06:00:00	2026-05-01T07:50:00	中国国航	CA3520	经济舱	620	3	3	青岛胶东国际机场	北京首都国际机场
FLIGHT	C297	C005			SHA		2026-05-01T06:37:00	2026-05-01T08:27:00	东方航空	MU3521	经济舱	620	4	4	青岛胶东国际机场	上海虹桥国际机场
FLIGHT	C297	C082			TSN		2026-05-01T07:14:00	2026-05-01T08:53:00	南方航空	CZ3522	经济舱	570	5	5	青岛胶东国际机场	天津滨海国际机场
FLIGHT	C297	C272			CKG		2026-05-01T07:51:00	2026-05-01T11:14:00	海南航空	HU3523	经济舱	1040	6	6	青岛胶东国际机场	重庆江北国际机场
FLIGHT	C297	C220			SJW		2026-05-01T08:28:00	2026-05-01T10:19:00	中国国航	CA3524	经济舱	630	7	7	青岛胶东国际机场	石家庄正定国际机场
FLIGHT	C297	C083			TYN		2026-05-01T09:05:00	2026-05-01T11:12:00	东方航空	MU3525	经济舱	700	8	8	青岛胶东国际机场	太原武宿国际机场
FLIGHT	C297	C061			HET		2026-05-01T09:42:00	2026-05-01T12:09:00	南方航空	CZ3526	经济舱	790	9	9	青岛胶东国际机场	呼和浩特白塔国际机场
FLIGHT	C297	C172			SHE		2026-05-01T10:19:00	2026-05-01T12:23:00	海南航空	HU3527	经济舱	690	10	10	青岛胶东国际机场	沈阳桃仙国际机场
FLIGHT	C297	C283			CGQ		2026-05-01T10:56:00	2026-05-01T13:27:00	中国国航	CA3528	经济舱	810	11	11	青岛胶东国际机场	长春龙嘉国际机场
FLIGHT	C297	C066			HRB		2026-05-01T11:33:00	2026-05-01T14:28:00	东方航空	MU3529	经济舱	920	12	12	青岛胶东国际机场	哈尔滨太平国际机场
FLIGHT	C297	C042			NKG		2026-05-01T12:10:00	2026-05-01T13:52:00	南方航空	CZ3530	经济舱	590	13	13	青岛胶东国际机场	南京禄口国际机场
FLIGHT	C297	C153			HGH		2026-05-01T12:47:00	2026-05-01T14:47:00	海南航空	HU3531	经济舱	670	14	14	青岛胶东国际机场	杭州萧山国际机场
FLIGHT	C297	C053			HFE		2026-05-01T13:24:00	2026-05-01T15:14:00	中国国航	CA3532	经济舱	630	15	15	青岛胶东国际机场	合肥新桥国际机场
FLIGHT	C297	C221			FOC		2026-05-01T14:01:00	2026-05-01T16:48:00	东方航空	MU3533	经济舱	890	16	16	青岛胶东国际机场	福州长乐国际机场
FLIGHT	C297	C046					2026-05-01T14:38:00	2026-05-01T17:05:00	南方航空	CZ3534	经济舱	800	17	17	青岛胶东国际机场	南昌昌北国际机场
FLIGHT	C297	C180			TNA		2026-05-01T15:15:00	2026-05-01T16:41:00	海南航空	HU3535	经济舱	520	18	18	青岛胶东国际机场	济南遥墙国际机场
FLIGHT	C297	C267			CGO		2026-05-01T15:52:00	2026-05-01T17:50:00	中国国航	CA3536	经济舱	670	19	19	青岛胶东国际机场	郑州新郑国际机场
FLIGHT	C297	C164			WUH		2026-05-01T16:29:00	2026-05-01T18:47:00	东方航空	MU3537	经济舱	760	20	20	青岛胶东国际机场	武汉天河国际机场
FLIGHT	C297	C284			CSX		2026-05-01T17:06:00	2026-05-01T19:53:00	南方航空	CZ3538	经济舱	890	21	21	青岛胶东国际机场	长沙黄花国际机场
FLIGHT	C297	C112			CAN		2026-05-01T17:43:00	2026-05-01T21:17:00	海南航空	HU3539	经济舱	1110	22	22	青岛胶东国际机场	广州白云国际机场
FLIGHT	C297	C044			NNG		2026-05-01T18:20:00	2026-05-01T22:22:00	中国国航	CA3540	经济舱	1230	23	23	青岛胶东国际机场	南宁吴圩国际机场
FLIGHT	C297	C184			HAK		2026-05-01T18:57:00	2026-05-01T23:16:00	东方航空	MU3541	经济舱	1310	24	24	青岛胶东国际机场	海口美兰国际机场
FLIGHT	C297	C128			TFU		2026-05-01T19:34:00	2026-05-01T23:12:00	南方航空	CZ3542	经济舱	1130	25	25	青岛胶东国际机场	成都天府国际机场
FLIGHT	C297	C249			KWE		2026-05-01T06:11:00	2026-05-01T09:53:00	海南航空	HU3543	经济舱	1140	26	26	青岛胶东国际机场	贵阳龙洞堡国际机场
FLIGHT	C297	C142			KMG		2026-05-01T06:48:00	2026-05-01T11:11:00	中国国航	CA3544	经济舱	1330	27	27	青岛胶东国际机场	昆明长水国际机场
FLIGHT	C297	C133			LXA		2026-05-01T07:25:00	2026-05-01T13:01:00	东方航空	MU3545	经济舱	1660	28	28	青岛胶东国际机场	拉萨贡嘎国际机场
FLIGHT	C297	C246			XIY		2026-05-01T08:02:00	2026-05-01T10:43:00	南方航空	CZ3546	经济舱	870	29	29	青岛胶东国际机场	西安咸阳国际机场
FLIGHT	C297	C034			LHW		2026-05-01T08:39:00	2026-05-01T12:03:00	海南航空	HU3547	经济舱	1070	30	30	青岛胶东国际机场	兰州中川国际机场
FLIGHT	C297	C245			XNN		2026-05-01T09:16:00	2026-05-01T12:57:00	中国国航	CA3548	经济舱	1150	31	31	青岛胶东国际机场	西宁曹家堡国际机场
FLIGHT	C297	C279			INC		2026-05-01T09:53:00	2026-05-01T12:56:00	东方航空	MU3549	经济舱	970	32	32	青岛胶东国际机场	银川河东国际机场
FLIGHT	C297	C018					2026-05-01T10:30:00	2026-05-01T16:15:00	南方航空	CZ3550	经济舱	1540	33	33	青岛胶东国际机场	乌鲁木齐天山国际机场
FLIGHT	C297	C300					2026-05-01T11:07:00	2026-05-01T14:46:00	海南航空	HU3551	经济舱	970	34	34	青岛胶东国际机场	香港国际机场
FLIGHT	C297	C190			SZX		2026-05-01T12:58:00	2026-05-01T16:35:00	南方航空	CZ3554	经济舱	960	37	37	青岛胶东国际机场	深圳宝安国际机场
FLIGHT	C297	C050			XMN		2026-05-01T13:35:00	2026-05-01T16:41:00	海南航空	HU3555	经济舱	820	3	3	青岛胶东国际机场	厦门高崎国际机场
FLIGHT	C297	C080			DLC		2026-05-01T14:49:00	2026-05-01T16:17:00	东方航空	MU3557	经济舱	390	5	5	青岛胶东国际机场	大连周水子国际机场
FLIGHT	C297	C088			NGB		2026-05-01T15:26:00	2026-05-01T17:31:00	南方航空	CZ3558	经济舱	550	6	6	青岛胶东国际机场	宁波栎社国际机场
FLIGHT	C297	C231					2026-05-01T16:03:00	2026-05-01T17:51:00	海南航空	HU3559	经济舱	480	7	7	青岛胶东国际机场	苏州机场
FLIGHT	C297	C139					2026-05-01T16:40:00	2026-05-01T18:26:00	中国国航	CA3560	经济舱	470	8	8	青岛胶东国际机场	苏南硕放国际机场
FLIGHT	C297	C158			KWL		2026-05-01T17:17:00	2026-05-01T20:46:00	东方航空	MU3561	经济舱	930	9	9	青岛胶东国际机场	桂林两江国际机场
FLIGHT	C297	C002			SYX		2026-05-01T17:54:00	2026-05-01T22:34:00	南方航空	CZ3562	经济舱	1250	10	10	青岛胶东国际机场	三亚凤凰国际机场
FLIGHT	C297	C119					2026-05-01T18:31:00	2026-05-01T21:27:00	海南航空	HU3563	经济舱	790	11	11	青岛胶东国际机场	张家界荷花国际机场
FLIGHT	C297	C015			LJG		2026-05-01T19:08:00	2026-05-01T23:39:00	中国国航	CA3564	经济舱	1220	12	12	青岛胶东国际机场	丽江三义国际机场
FLIGHT	C297	C308			TXN		2026-05-01T06:22:00	2026-05-01T08:30:00	南方航空	CZ3566	经济舱	580	14	14	青岛胶东国际机场	黄山屯溪国际机场
FLIGHT	C297	C210			ZZH		2026-05-01T07:36:00	2026-05-01T11:18:00	中国国航	CA3568	经济舱	1000	16	16	青岛胶东国际机场	珠海金湾机场
FLIGHT	C297	C179					2026-05-01T08:13:00	2026-05-01T10:22:00	东方航空	MU3569	经济舱	580	17	17	青岛胶东国际机场	洛阳北郊机场
FLIGHT	C297	C077					2026-05-01T08:50:00	2026-05-01T11:01:00	南方航空	CZ3570	经济舱	590	18	18	青岛胶东国际机场	大同云冈国际机场
FLIGHT	C297	C070			KHG		2026-05-01T10:04:00	2026-05-01T17:27:00	中国国航	CA3572	经济舱	2000	20	20	青岛胶东国际机场	喀什徕宁国际机场
FLIGHT	C297	C056					2026-05-01T10:41:00	2026-05-01T16:13:00	东方航空	MU3573	经济舱	1500	21	21	青岛胶东国际机场	吐鲁番交河机场
FLIGHT	C297	C292					2026-05-01T11:18:00	2026-05-01T17:07:00	南方航空	CZ3574	经济舱	1580	22	22	青岛胶东国际机场	阿勒泰雪都机场
FLIGHT	C297	C222			BPE		2026-05-01T11:55:00	2026-05-01T13:34:00	海南航空	HU3575	经济舱	450	23	23	青岛胶东国际机场	秦皇岛北戴河机场
FLIGHT	C297	C084			WEH		2026-05-01T12:32:00	2026-05-01T13:49:00	中国国航	CA3576	经济舱	360	24	24	青岛胶东国际机场	威海大水泊国际机场
FLIGHT	C297	C176			JJN		2026-05-01T13:09:00	2026-05-01T16:10:00	东方航空	MU3577	经济舱	820	25	25	青岛胶东国际机场	泉州晋江国际机场
FLIGHT	C297	C129			YTY		2026-05-01T13:46:00	2026-05-01T15:23:00	南方航空	CZ3578	经济舱	450	26	26	青岛胶东国际机场	扬州泰州国际机场
FLIGHT	C297	C071					2026-05-01T14:23:00	2026-05-01T16:17:00	海南航空	HU3579	经济舱	530	27	27	青岛胶东国际机场	嘉兴机场
FLIGHT	C297	C040			BHY		2026-05-01T15:00:00	2026-05-01T19:11:00	中国国航	CA3580	经济舱	1140	28	28	青岛胶东国际机场	北海福成机场
FLIGHT	C297	C147					2026-05-01T15:37:00	2026-05-01T17:53:00	东方航空	MU3581	经济舱	630	29	29	青岛胶东国际机场	景德镇罗家机场
FLIGHT	C297	C127					2026-05-01T17:28:00	2026-05-01T20:58:00	中国国航	CA3584	经济舱	960	32	32	青岛胶东国际机场	惠州平潭机场
FLIGHT	C297	C205			YNT		2026-05-01T18:42:00	2026-05-01T19:55:00	南方航空	CZ3586	经济舱	350	34	34	青岛胶东国际机场	烟台蓬莱国际机场
FLIGHT	C297	C025					2026-05-01T19:19:00	2026-05-01T22:55:00	海南航空	HU3587	经济舱	990	35	35	青岛胶东国际机场	佛山沙堤机场
FLIGHT	C297	C192			WNZ		2026-05-01T06:33:00	2026-05-01T08:58:00	东方航空	MU3589	经济舱	670	37	37	青岛胶东国际机场	温州龙湾国际机场
FLIGHT	C080	C039	DLC		PEK		2026-05-01T07:10:00	2026-05-01T08:51:00	南方航空	CZ3590	经济舱	480	3	3	大连周水子国际机场	北京首都国际机场
FLIGHT	C080	C005	DLC		SHA		2026-05-01T07:47:00	2026-05-01T10:07:00	海南航空	HU3591	经济舱	660	4	4	大连周水子国际机场	上海虹桥国际机场
FLIGHT	C080	C082	DLC		TSN		2026-05-01T08:24:00	2026-05-01T09:57:00	中国国航	CA3592	经济舱	440	5	5	大连周水子国际机场	天津滨海国际机场
FLIGHT	C080	C272	DLC		CKG		2026-05-01T09:01:00	2026-05-01T12:49:00	东方航空	MU3593	经济舱	1050	6	6	大连周水子国际机场	重庆江北国际机场
FLIGHT	C080	C220	DLC		SJW		2026-05-01T09:38:00	2026-05-01T11:36:00	南方航空	CZ3594	经济舱	560	7	7	大连周水子国际机场	石家庄正定国际机场
FLIGHT	C080	C083	DLC		TYN		2026-05-01T10:15:00	2026-05-01T12:30:00	海南航空	HU3595	经济舱	630	8	8	大连周水子国际机场	太原武宿国际机场
FLIGHT	C080	C061	DLC		HET		2026-05-01T10:52:00	2026-05-01T13:14:00	中国国航	CA3596	经济舱	670	9	9	大连周水子国际机场	呼和浩特白塔国际机场
FLIGHT	C080	C172	DLC		SHE		2026-05-01T11:29:00	2026-05-01T13:00:00	东方航空	MU3597	经济舱	440	10	10	大连周水子国际机场	沈阳桃仙国际机场
FLIGHT	C080	C283	DLC		CGQ		2026-05-01T12:06:00	2026-05-01T14:04:00	南方航空	CZ3598	经济舱	560	11	11	大连周水子国际机场	长春龙嘉国际机场
FLIGHT	C080	C066	DLC		HRB		2026-05-01T12:43:00	2026-05-01T15:05:00	海南航空	HU3599	经济舱	670	12	12	大连周水子国际机场	哈尔滨太平国际机场
FLIGHT	C080	C042	DLC		NKG		2026-05-01T13:20:00	2026-05-01T15:35:00	中国国航	CA3600	经济舱	640	13	13	大连周水子国际机场	南京禄口国际机场
FLIGHT	C080	C153	DLC		HGH		2026-05-01T13:57:00	2026-05-01T16:29:00	东方航空	MU3601	经济舱	720	14	14	大连周水子国际机场	杭州萧山国际机场
FLIGHT	C080	C053	DLC		HFE		2026-05-01T14:34:00	2026-05-01T16:57:00	南方航空	CZ3602	经济舱	680	15	15	大连周水子国际机场	合肥新桥国际机场
FLIGHT	C080	C221	DLC		FOC		2026-05-01T15:11:00	2026-05-01T18:30:00	海南航空	HU3603	经济舱	930	16	16	大连周水子国际机场	福州长乐国际机场
FLIGHT	C080	C046	DLC				2026-05-01T15:48:00	2026-05-01T18:48:00	中国国航	CA3604	经济舱	850	17	17	大连周水子国际机场	南昌昌北国际机场
FLIGHT	C080	C180	DLC		TNA		2026-05-01T16:25:00	2026-05-01T18:07:00	东方航空	MU3605	经济舱	500	18	18	大连周水子国际机场	济南遥墙国际机场
FLIGHT	C080	C267	DLC		CGO		2026-05-01T17:02:00	2026-05-01T19:22:00	南方航空	CZ3606	经济舱	670	19	19	大连周水子国际机场	郑州新郑国际机场
FLIGHT	C080	C164	DLC		WUH		2026-05-01T17:39:00	2026-05-01T20:28:00	海南航空	HU3607	经济舱	800	20	20	大连周水子国际机场	武汉天河国际机场
FLIGHT	C080	C284	DLC		CSX		2026-05-01T18:16:00	2026-05-01T21:34:00	中国国航	CA3608	经济舱	930	21	21	大连周水子国际机场	长沙黄花国际机场
FLIGHT	C080	C112	DLC		CAN		2026-05-01T18:53:00	2026-05-01T23:00:00	东方航空	MU3609	经济舱	1150	22	22	大连周水子国际机场	广州白云国际机场
FLIGHT	C080	C044	DLC		NNG		2026-05-01T19:30:00	2026-05-02T00:04:00	南方航空	CZ3610	经济舱	1270	23	23	大连周水子国际机场	南宁吴圩国际机场
FLIGHT	C080	C184	DLC		HAK		2026-05-01T06:07:00	2026-05-01T10:59:00	海南航空	HU3611	经济舱	1360	24	24	大连周水子国际机场	海口美兰国际机场
FLIGHT	C080	C128	DLC		TFU		2026-05-01T06:44:00	2026-05-01T10:44:00	中国国航	CA3612	经济舱	1120	25	25	大连周水子国际机场	成都天府国际机场
FLIGHT	C080	C249	DLC		KWE		2026-05-01T07:21:00	2026-05-01T11:31:00	东方航空	MU3613	经济舱	1170	26	26	大连周水子国际机场	贵阳龙洞堡国际机场
FLIGHT	C080	C142	DLC		KMG		2026-05-01T07:58:00	2026-05-01T12:48:00	南方航空	CZ3614	经济舱	1350	27	27	大连周水子国际机场	昆明长水国际机场
FLIGHT	C080	C133	DLC		LXA		2026-05-01T08:35:00	2026-05-01T14:26:00	海南航空	HU3615	经济舱	1630	28	28	大连周水子国际机场	拉萨贡嘎国际机场
FLIGHT	C080	C246	DLC		XIY		2026-05-01T09:12:00	2026-05-01T12:11:00	中国国航	CA3616	经济舱	850	29	29	大连周水子国际机场	西安咸阳国际机场
FLIGHT	C080	C034	DLC		LHW		2026-05-01T09:49:00	2026-05-01T13:24:00	东方航空	MU3617	经济舱	1020	30	30	大连周水子国际机场	兰州中川国际机场
FLIGHT	C080	C245	DLC		XNN		2026-05-01T10:26:00	2026-05-01T14:17:00	南方航空	CZ3618	经济舱	1090	31	31	大连周水子国际机场	西宁曹家堡国际机场
FLIGHT	C080	C279	DLC		INC		2026-05-01T11:03:00	2026-05-01T14:11:00	海南航空	HU3619	经济舱	900	32	32	大连周水子国际机场	银川河东国际机场
FLIGHT	C080	C018	DLC				2026-05-01T11:40:00	2026-05-01T17:22:00	中国国航	CA3620	经济舱	1590	33	33	大连周水子国际机场	乌鲁木齐天山国际机场
FLIGHT	C080	C300	DLC				2026-05-01T12:17:00	2026-05-01T16:30:00	东方航空	MU3621	经济舱	1190	34	34	大连周水子国际机场	香港国际机场
FLIGHT	C080	C190	DLC		SZX		2026-05-01T14:08:00	2026-05-01T18:19:00	中国国航	CA3624	经济舱	1180	37	37	大连周水子国际机场	深圳宝安国际机场
FLIGHT	C080	C050	DLC		XMN		2026-05-01T14:45:00	2026-05-01T18:24:00	东方航空	MU3625	经济舱	1040	3	3	大连周水子国际机场	厦门高崎国际机场
FLIGHT	C080	C297	DLC				2026-05-01T15:22:00	2026-05-01T16:50:00	南方航空	CZ3626	经济舱	460	4	4	大连周水子国际机场	青岛胶东国际机场
FLIGHT	C080	C088	DLC		NGB		2026-05-01T16:36:00	2026-05-01T19:12:00	中国国航	CA3628	经济舱	760	6	6	大连周水子国际机场	宁波栎社国际机场
FLIGHT	C080	C231	DLC				2026-05-01T17:13:00	2026-05-01T19:33:00	东方航空	MU3629	经济舱	690	7	7	大连周水子国际机场	苏州机场
FLIGHT	C080	C139	DLC				2026-05-01T17:50:00	2026-05-01T20:08:00	南方航空	CZ3630	经济舱	690	8	8	大连周水子国际机场	苏南硕放国际机场
FLIGHT	C080	C158	DLC		KWL		2026-05-01T18:27:00	2026-05-01T22:27:00	海南航空	HU3631	经济舱	1140	9	9	大连周水子国际机场	桂林两江国际机场
FLIGHT	C080	C002	DLC		SYX		2026-05-01T19:04:00	2026-05-02T00:17:00	中国国航	CA3632	经济舱	1470	10	10	大连周水子国际机场	三亚凤凰国际机场
FLIGHT	C080	C119	DLC				2026-05-01T19:41:00	2026-05-01T23:05:00	东方航空	MU3633	经济舱	990	11	11	大连周水子国际机场	张家界荷花国际机场
FLIGHT	C080	C015	DLC		LJG		2026-05-01T06:18:00	2026-05-01T11:12:00	南方航空	CZ3634	经济舱	1390	12	12	大连周水子国际机场	丽江三义国际机场
FLIGHT	C080	C308	DLC		TXN		2026-05-01T07:32:00	2026-05-01T10:14:00	中国国航	CA3636	经济舱	800	14	14	大连周水子国际机场	黄山屯溪国际机场
FLIGHT	C080	C210	DLC		ZZH		2026-05-01T08:46:00	2026-05-01T13:01:00	南方航空	CZ3638	经济舱	1220	16	16	大连周水子国际机场	珠海金湾机场
FLIGHT	C080	C179	DLC				2026-05-01T09:23:00	2026-05-01T11:52:00	海南航空	HU3639	经济舱	740	17	17	大连周水子国际机场	洛阳北郊机场
FLIGHT	C080	C077	DLC				2026-05-01T10:00:00	2026-05-01T12:07:00	中国国航	CA3640	经济舱	650	18	18	大连周水子国际机场	大同云冈国际机场
FLIGHT	C080	C070	DLC		KHG		2026-05-01T11:14:00	2026-05-01T18:38:00	南方航空	CZ3642	经济舱	2070	20	20	大连周水子国际机场	喀什徕宁国际机场
FLIGHT	C080	C056	DLC				2026-05-01T11:51:00	2026-05-01T17:20:00	海南航空	HU3643	经济舱	1560	21	21	大连周水子国际机场	吐鲁番交河机场
FLIGHT	C080	C292	DLC				2026-05-01T12:28:00	2026-05-01T18:09:00	中国国航	CA3644	经济舱	1610	22	22	大连周水子国际机场	阿勒泰雪都机场
FLIGHT	C080	C222	DLC		BPE		2026-05-01T13:05:00	2026-05-01T14:21:00	东方航空	MU3645	经济舱	420	23	23	大连周水子国际机场	秦皇岛北戴河机场
FLIGHT	C080	C084	DLC		WEH		2026-05-01T13:42:00	2026-05-01T14:53:00	南方航空	CZ3646	经济舱	400	24	24	大连周水子国际机场	威海大水泊国际机场
FLIGHT	C080	C176	DLC		JJN		2026-05-01T14:19:00	2026-05-01T17:53:00	海南航空	HU3647	经济舱	1040	25	25	大连周水子国际机场	泉州晋江国际机场
FLIGHT	C080	C129	DLC		YTY		2026-05-01T14:56:00	2026-05-01T17:06:00	中国国航	CA3648	经济舱	670	26	26	大连周水子国际机场	扬州泰州国际机场
FLIGHT	C080	C071	DLC				2026-05-01T15:33:00	2026-05-01T17:59:00	东方航空	MU3649	经济舱	740	27	27	大连周水子国际机场	嘉兴机场
FLIGHT	C080	C040	DLC		BHY		2026-05-01T16:10:00	2026-05-01T20:52:00	南方航空	CZ3650	经济舱	1350	28	28	大连周水子国际机场	北海福成机场
FLIGHT	C080	C147	DLC				2026-05-01T16:47:00	2026-05-01T19:37:00	海南航空	HU3651	经济舱	850	29	29	大连周水子国际机场	景德镇罗家机场
FLIGHT	C080	C127	DLC				2026-05-01T18:38:00	2026-05-01T22:41:00	南方航空	CZ3654	经济舱	1180	32	32	大连周水子国际机场	惠州平潭机场
FLIGHT	C080	C205	DLC		YNT		2026-05-01T19:52:00	2026-05-01T21:03:00	中国国航	CA3656	经济舱	410	34	34	大连周水子国际机场	烟台蓬莱国际机场
FLIGHT	C080	C025	DLC				2026-05-01T06:29:00	2026-05-01T10:38:00	东方航空	MU3657	经济舱	1210	35	35	大连周水子国际机场	佛山沙堤机场
FLIGHT	C080	C192	DLC		WNZ		2026-05-01T07:43:00	2026-05-01T10:40:00	海南航空	HU3659	经济舱	890	37	37	大连周水子国际机场	温州龙湾国际机场
FLIGHT	C088	C039	NGB		PEK		2026-05-01T08:20:00	2026-05-01T11:16:00	中国国航	CA3660	经济舱	880	3	3	宁波栎社国际机场	北京首都国际机场
FLIGHT	C088	C005	NGB		SHA		2026-05-01T08:57:00	2026-05-01T10:07:00	东方航空	MU3661	经济舱	410	4	4	宁波栎社国际机场	上海虹桥国际机场
FLIGHT	C088	C082	NGB		TSN		2026-05-01T09:34:00	2026-05-01T12:19:00	南方航空	CZ3662	经济舱	840	5	5	宁波栎社国际机场	天津滨海国际机场
FLIGHT	C088	C272	NGB		CKG		2026-05-01T10:11:00	2026-05-01T13:31:00	海南航空	HU3663	经济舱	990	6	6	宁波栎社国际机场	重庆江北国际机场
FLIGHT	C088	C220	NGB		SJW		2026-05-01T10:48:00	2026-05-01T13:35:00	中国国航	CA3664	经济舱	850	7	7	宁波栎社国际机场	石家庄正定国际机场
FLIGHT	C088	C083	NGB		TYN		2026-05-01T11:25:00	2026-05-01T14:22:00	东方航空	MU3665	经济舱	890	8	8	宁波栎社国际机场	太原武宿国际机场
FLIGHT	C088	C061	NGB		HET		2026-05-01T12:02:00	2026-05-01T15:28:00	南方航空	CZ3666	经济舱	1020	9	9	宁波栎社国际机场	呼和浩特白塔国际机场
FLIGHT	C088	C172	NGB		SHE		2026-05-01T12:39:00	2026-05-01T15:48:00	海南航空	HU3667	经济舱	950	10	10	宁波栎社国际机场	沈阳桃仙国际机场
FLIGHT	C088	C283	NGB		CGQ		2026-05-01T13:16:00	2026-05-01T16:50:00	中国国航	CA3668	经济舱	1060	11	11	宁波栎社国际机场	长春龙嘉国际机场
FLIGHT	C088	C066	NGB		HRB		2026-05-01T13:53:00	2026-05-01T17:50:00	东方航空	MU3669	经济舱	1170	12	12	宁波栎社国际机场	哈尔滨太平国际机场
FLIGHT	C088	C042	NGB		NKG		2026-05-01T14:30:00	2026-05-01T16:01:00	南方航空	CZ3670	经济舱	510	13	13	宁波栎社国际机场	南京禄口国际机场
FLIGHT	C088	C153	NGB		HGH		2026-05-01T15:07:00	2026-05-01T16:17:00	海南航空	HU3671	经济舱	410	14	14	宁波栎社国际机场	杭州萧山国际机场
FLIGHT	C088	C053	NGB		HFE		2026-05-01T15:44:00	2026-05-01T17:26:00	中国国航	CA3672	经济舱	560	15	15	宁波栎社国际机场	合肥新桥国际机场
FLIGHT	C088	C221	NGB		FOC		2026-05-01T16:21:00	2026-05-01T18:04:00	东方航空	MU3673	经济舱	570	16	16	宁波栎社国际机场	福州长乐国际机场
FLIGHT	C088	C046	NGB				2026-05-01T16:58:00	2026-05-01T18:50:00	南方航空	CZ3674	经济舱	610	17	17	宁波栎社国际机场	南昌昌北国际机场
FLIGHT	C088	C180	NGB		TNA		2026-05-01T17:35:00	2026-05-01T19:57:00	海南航空	HU3675	经济舱	740	18	18	宁波栎社国际机场	济南遥墙国际机场
FLIGHT	C088	C267	NGB		CGO		2026-05-01T18:12:00	2026-05-01T20:39:00	中国国航	CA3676	经济舱	770	19	19	宁波栎社国际机场	郑州新郑国际机场
FLIGHT	C088	C164	NGB		WUH		2026-05-01T18:49:00	2026-05-01T20:54:00	东方航空	MU3677	经济舱	670	20	20	宁波栎社国际机场	武汉天河国际机场
FLIGHT	C088	C284	NGB		CSX		2026-05-01T19:26:00	2026-05-01T21:47:00	南方航空	CZ3678	经济舱	740	21	21	宁波栎社国际机场	长沙黄花国际机场
FLIGHT	C088	C112	NGB		CAN		2026-05-01T06:03:00	2026-05-01T08:49:00	海南航空	HU3679	经济舱	860	22	22	宁波栎社国际机场	广州白云国际机场
FLIGHT	C088	C044	NGB		NNG		2026-05-01T06:40:00	2026-05-01T10:08:00	中国国航	CA3680	经济舱	1050	23	23	宁波栎社国际机场	南宁吴圩国际机场
FLIGHT	C088	C184	NGB		HAK		2026-05-01T07:17:00	2026-05-01T10:50:00	东方航空	MU3681	经济舱	1070	24	24	宁波栎社国际机场	海口美兰国际机场
FLIGHT	C088	C128	NGB		TFU		2026-05-01T07:54:00	2026-05-01T11:37:00	南方航空	CZ3682	经济舱	1120	25	25	宁波栎社国际机场	成都天府国际机场
FLIGHT	C088	C249	NGB		KWE		2026-05-01T08:31:00	2026-05-01T11:56:00	海南航空	HU3683	经济舱	1040	26	26	宁波栎社国际机场	贵阳龙洞堡国际机场
FLIGHT	C088	C142	NGB		KMG		2026-05-01T09:08:00	2026-05-01T13:16:00	中国国航	CA3684	经济舱	1230	27	27	宁波栎社国际机场	昆明长水国际机场
FLIGHT	C088	C133	NGB		LXA		2026-05-01T09:45:00	2026-05-01T15:32:00	东方航空	MU3685	经济舱	1680	28	28	宁波栎社国际机场	拉萨贡嘎国际机场
FLIGHT	C088	C246	NGB		XIY		2026-05-01T10:22:00	2026-05-01T13:26:00	南方航空	CZ3686	经济舱	940	29	29	宁波栎社国际机场	西安咸阳国际机场
FLIGHT	C088	C034	NGB		LHW		2026-05-01T10:59:00	2026-05-01T14:53:00	海南航空	HU3687	经济舱	1170	30	30	宁波栎社国际机场	兰州中川国际机场
FLIGHT	C088	C245	NGB		XNN		2026-05-01T11:36:00	2026-05-01T15:49:00	中国国航	CA3688	经济舱	1260	31	31	宁波栎社国际机场	西宁曹家堡国际机场
FLIGHT	C088	C279	NGB		INC		2026-05-01T12:13:00	2026-05-01T15:58:00	东方航空	MU3689	经济舱	1130	32	32	宁波栎社国际机场	银川河东国际机场
FLIGHT	C088	C018	NGB				2026-05-01T12:50:00	2026-05-01T19:21:00	南方航空	CZ3690	经济舱	1880	33	33	宁波栎社国际机场	乌鲁木齐天山国际机场
FLIGHT	C088	C300	NGB				2026-05-01T13:27:00	2026-05-01T16:14:00	海南航空	HU3691	经济舱	870	34	34	宁波栎社国际机场	香港国际机场
FLIGHT	C088	C190	NGB		SZX		2026-05-01T15:18:00	2026-05-01T18:04:00	南方航空	CZ3694	经济舱	870	37	37	宁波栎社国际机场	深圳宝安国际机场
FLIGHT	C088	C050	NGB		XMN		2026-05-01T15:55:00	2026-05-01T17:59:00	海南航空	HU3695	经济舱	690	3	3	宁波栎社国际机场	厦门高崎国际机场
FLIGHT	C088	C297	NGB				2026-05-01T16:32:00	2026-05-01T18:37:00	中国国航	CA3696	经济舱	690	4	4	宁波栎社国际机场	青岛胶东国际机场
FLIGHT	C088	C080	NGB		DLC		2026-05-01T17:09:00	2026-05-01T19:45:00	东方航空	MU3697	经济舱	830	5	5	宁波栎社国际机场	大连周水子国际机场
FLIGHT	C088	C231	NGB				2026-05-01T18:23:00	2026-05-01T19:36:00	海南航空	HU3699	经济舱	460	7	7	宁波栎社国际机场	苏州机场
FLIGHT	C088	C139	NGB				2026-05-01T19:00:00	2026-05-01T20:17:00	中国国航	CA3700	经济舱	480	8	8	宁波栎社国际机场	苏南硕放国际机场
FLIGHT	C088	C158	NGB		KWL		2026-05-01T19:37:00	2026-05-01T22:34:00	东方航空	MU3701	经济舱	930	9	9	宁波栎社国际机场	桂林两江国际机场
FLIGHT	C088	C002	NGB		SYX		2026-05-01T06:14:00	2026-05-01T10:07:00	南方航空	CZ3702	经济舱	1180	10	10	宁波栎社国际机场	三亚凤凰国际机场
FLIGHT	C088	C119	NGB				2026-05-01T06:51:00	2026-05-01T09:33:00	海南航空	HU3703	经济舱	870	11	11	宁波栎社国际机场	张家界荷花国际机场
FLIGHT	C088	C015	NGB		LJG		2026-05-01T07:28:00	2026-05-01T11:54:00	中国国航	CA3704	经济舱	1330	12	12	宁波栎社国际机场	丽江三义国际机场
FLIGHT	C088	C308	NGB		TXN		2026-05-01T08:42:00	2026-05-01T10:08:00	南方航空	CZ3706	经济舱	530	14	14	宁波栎社国际机场	黄山屯溪国际机场
FLIGHT	C088	C210	NGB		ZZH		2026-05-01T09:56:00	2026-05-01T12:47:00	中国国航	CA3708	经济舱	910	16	16	宁波栎社国际机场	珠海金湾机场
FLIGHT	C088	C179	NGB				2026-05-01T10:33:00	2026-05-01T13:09:00	东方航空	MU3709	经济舱	840	17	17	宁波栎社国际机场	洛阳北郊机场
FLIGHT	C088	C077	NGB				2026-05-01T11:10:00	2026-05-01T14:21:00	南方航空	CZ3710	经济舱	1000	18	18	宁波栎社国际机场	大同云冈国际机场
FLIGHT	C088	C070	NGB		KHG		2026-05-01T12:24:00	2026-05-01T20:24:00	中国国航	CA3712	经济舱	2310	20	20	宁波栎社国际机场	喀什徕宁国际机场
FLIGHT	C088	C056	NGB				2026-05-01T13:01:00	2026-05-01T19:17:00	东方航空	MU3713	经济舱	1840	21	21	宁波栎社国际机场	吐鲁番交河机场
FLIGHT	C088	C292	NGB				2026-05-01T13:38:00	2026-05-01T20:20:00	南方航空	CZ3714	经济舱	1960	22	22	宁波栎社国际机场	阿勒泰雪都机场
FLIGHT	C088	C222	NGB		BPE		2026-05-01T14:15:00	2026-05-01T17:03:00	海南航空	HU3715	经济舱	910	23	23	宁波栎社国际机场	秦皇岛北戴河机场
FLIGHT	C088	C084	NGB		WEH		2026-05-01T14:52:00	2026-05-01T17:12:00	中国国航	CA3716	经济舱	780	24	24	宁波栎社国际机场	威海大水泊国际机场
FLIGHT	C088	C176	NGB		JJN		2026-05-01T15:29:00	2026-05-01T17:26:00	东方航空	MU3717	经济舱	680	25	25	宁波栎社国际机场	泉州晋江国际机场
FLIGHT	C088	C129	NGB		YTY		2026-05-01T16:06:00	2026-05-01T17:36:00	南方航空	CZ3718	经济舱	550	26	26	宁波栎社国际机场	扬州泰州国际机场
FLIGHT	C088	C071	NGB				2026-05-01T16:43:00	2026-05-01T17:53:00	海南航空	HU3719	经济舱	450	27	27	宁波栎社国际机场	嘉兴机场
FLIGHT	C088	C040	NGB		BHY		2026-05-01T17:20:00	2026-05-01T20:50:00	中国国航	CA3720	经济舱	930	28	28	宁波栎社国际机场	北海福成机场
FLIGHT	C088	C147	NGB				2026-05-01T17:57:00	2026-05-01T19:35:00	东方航空	MU3721	经济舱	420	29	29	宁波栎社国际机场	景德镇罗家机场
FLIGHT	C088	C127	NGB				2026-05-01T19:48:00	2026-05-01T22:26:00	中国国航	CA3724	经济舱	700	32	32	宁波栎社国际机场	惠州平潭机场
FLIGHT	C088	C205	NGB		YNT		2026-05-01T07:02:00	2026-05-01T09:21:00	南方航空	CZ3726	经济舱	620	34	34	宁波栎社国际机场	烟台蓬莱国际机场
FLIGHT	C088	C025	NGB				2026-05-01T07:39:00	2026-05-01T10:27:00	海南航空	HU3727	经济舱	750	35	35	宁波栎社国际机场	佛山沙堤机场
FLIGHT	C088	C192	NGB		WNZ		2026-05-01T08:53:00	2026-05-01T10:10:00	东方航空	MU3729	经济舱	340	37	37	宁波栎社国际机场	温州龙湾国际机场
FLIGHT	C231	C039			PEK		2026-05-01T09:30:00	2026-05-01T12:08:00	南方航空	CZ3730	经济舱	700	3	3	苏州机场	北京首都国际机场
FLIGHT	C231	C005			SHA		2026-05-01T10:07:00	2026-05-01T11:17:00	海南航空	HU3731	经济舱	280	4	4	苏州机场	上海虹桥国际机场
FLIGHT	C231	C082			TSN		2026-05-01T10:44:00	2026-05-01T13:11:00	中国国航	CA3732	经济舱	660	5	5	苏州机场	天津滨海国际机场
FLIGHT	C231	C272			CKG		2026-05-01T11:21:00	2026-05-01T14:32:00	东方航空	MU3733	经济舱	850	6	6	苏州机场	重庆江北国际机场
FLIGHT	C231	C220			SJW		2026-05-01T11:58:00	2026-05-01T14:26:00	南方航空	CZ3734	经济舱	660	7	7	苏州机场	石家庄正定国际机场
FLIGHT	C231	C083			TYN		2026-05-01T12:35:00	2026-05-01T15:14:00	海南航空	HU3735	经济舱	710	8	8	苏州机场	太原武宿国际机场
FLIGHT	C231	C061			HET		2026-05-01T13:12:00	2026-05-01T16:19:00	中国国航	CA3736	经济舱	840	9	9	苏州机场	呼和浩特白塔国际机场
FLIGHT	C231	C172			SHE		2026-05-01T13:49:00	2026-05-01T16:43:00	东方航空	MU3737	经济舱	780	10	10	苏州机场	沈阳桃仙国际机场
FLIGHT	C231	C283			CGQ		2026-05-01T14:26:00	2026-05-01T17:46:00	南方航空	CZ3738	经济舱	900	11	11	苏州机场	长春龙嘉国际机场
FLIGHT	C231	C066			HRB		2026-05-01T15:03:00	2026-05-01T18:47:00	海南航空	HU3739	经济舱	1010	12	12	苏州机场	哈尔滨太平国际机场
FLIGHT	C231	C042			NKG		2026-05-01T15:40:00	2026-05-01T16:54:00	中国国航	CA3740	经济舱	330	13	13	苏州机场	南京禄口国际机场
FLIGHT	C231	C153			HGH		2026-05-01T16:17:00	2026-05-01T17:27:00	东方航空	MU3741	经济舱	310	14	14	苏州机场	杭州萧山国际机场
FLIGHT	C231	C053			HFE		2026-05-01T16:54:00	2026-05-01T18:21:00	南方航空	CZ3742	经济舱	400	15	15	苏州机场	合肥新桥国际机场
FLIGHT	C231	C221			FOC		2026-05-01T17:31:00	2026-05-01T19:25:00	海南航空	HU3743	经济舱	520	16	16	苏州机场	福州长乐国际机场
FLIGHT	C231	C046					2026-05-01T18:08:00	2026-05-01T19:57:00	中国国航	CA3744	经济舱	500	17	17	苏州机场	南昌昌北国际机场
FLIGHT	C231	C180			TNA		2026-05-01T18:45:00	2026-05-01T20:48:00	东方航空	MU3745	经济舱	560	18	18	苏州机场	济南遥墙国际机场
FLIGHT	C231	C267			CGO		2026-05-01T19:22:00	2026-05-01T21:32:00	南方航空	CZ3746	经济舱	590	19	19	苏州机场	郑州新郑国际机场
FLIGHT	C231	C164			WUH		2026-05-01T19:59:00	2026-05-01T21:54:00	海南航空	HU3747	经济舱	530	20	20	苏州机场	武汉天河国际机场
FLIGHT	C231	C284			CSX		2026-05-01T06:36:00	2026-05-01T08:52:00	中国国航	CA3748	经济舱	620	21	21	苏州机场	长沙黄花国际机场
FLIGHT	C231	C112			CAN		2026-05-01T07:13:00	2026-05-01T10:04:00	东方航空	MU3749	经济舱	780	22	22	苏州机场	广州白云国际机场
FLIGHT	C231	C044			NNG		2026-05-01T07:50:00	2026-05-01T11:18:00	南方航空	CZ3750	经济舱	950	23	23	苏州机场	南宁吴圩国际机场
FLIGHT	C231	C184			HAK		2026-05-01T08:27:00	2026-05-01T12:05:00	海南航空	HU3751	经济舱	990	24	24	苏州机场	海口美兰国际机场
FLIGHT	C231	C128			TFU		2026-05-01T09:04:00	2026-05-01T12:37:00	中国国航	CA3752	经济舱	970	25	25	苏州机场	成都天府国际机场
FLIGHT	C231	C249			KWE		2026-05-01T09:41:00	2026-05-01T13:01:00	东方航空	MU3753	经济舱	920	26	26	苏州机场	贵阳龙洞堡国际机场
FLIGHT	C231	C142			KMG		2026-05-01T10:18:00	2026-05-01T14:21:00	南方航空	CZ3754	经济舱	1110	27	27	苏州机场	昆明长水国际机场
FLIGHT	C231	C133			LXA		2026-05-01T10:55:00	2026-05-01T16:32:00	海南航空	HU3755	经济舱	1530	28	28	苏州机场	拉萨贡嘎国际机场
FLIGHT	C231	C246			XIY		2026-05-01T11:32:00	2026-05-01T14:21:00	中国国航	CA3756	经济舱	780	29	29	苏州机场	西安咸阳国际机场
FLIGHT	C231	C034			LHW		2026-05-01T12:09:00	2026-05-01T15:48:00	东方航空	MU3757	经济舱	1000	30	30	苏州机场	兰州中川国际机场
FLIGHT	C231	C245			XNN		2026-05-01T12:46:00	2026-05-01T16:44:00	南方航空	CZ3758	经济舱	1090	31	31	苏州机场	西宁曹家堡国际机场
FLIGHT	C231	C279			INC		2026-05-01T13:23:00	2026-05-01T16:51:00	海南航空	HU3759	经济舱	960	32	32	苏州机场	银川河东国际机场
FLIGHT	C231	C018					2026-05-01T14:00:00	2026-05-01T20:14:00	中国国航	CA3760	经济舱	1710	33	33	苏州机场	乌鲁木齐天山国际机场
FLIGHT	C231	C300					2026-05-01T14:37:00	2026-05-01T17:30:00	东方航空	MU3761	经济舱	800	34	34	苏州机场	香港国际机场
FLIGHT	C231	C190			SZX		2026-05-01T16:28:00	2026-05-01T19:20:00	中国国航	CA3764	经济舱	800	37	37	苏州机场	深圳宝安国际机场
FLIGHT	C231	C050			XMN		2026-05-01T17:05:00	2026-05-01T19:20:00	东方航空	MU3765	经济舱	630	3	3	苏州机场	厦门高崎国际机场
FLIGHT	C231	C297					2026-05-01T17:42:00	2026-05-01T19:30:00	南方航空	CZ3766	经济舱	510	4	4	苏州机场	青岛胶东国际机场
FLIGHT	C231	C080			DLC		2026-05-01T18:19:00	2026-05-01T20:39:00	海南航空	HU3767	经济舱	660	5	5	苏州机场	大连周水子国际机场
FLIGHT	C231	C088			NGB		2026-05-01T18:56:00	2026-05-01T20:09:00	中国国航	CA3768	经济舱	360	6	6	苏州机场	宁波栎社国际机场
FLIGHT	C231	C139					2026-05-01T06:10:00	2026-05-01T07:20:00	南方航空	CZ3770	经济舱	290	8	8	苏州机场	苏南硕放国际机场
FLIGHT	C231	C158			KWL		2026-05-01T06:47:00	2026-05-01T09:43:00	海南航空	HU3771	经济舱	830	9	9	苏州机场	桂林两江国际机场
FLIGHT	C231	C002			SYX		2026-05-01T07:24:00	2026-05-01T11:22:00	中国国航	CA3772	经济舱	1110	10	10	苏州机场	三亚凤凰国际机场
FLIGHT	C231	C119					2026-05-01T08:01:00	2026-05-01T10:36:00	东方航空	MU3773	经济舱	730	11	11	苏州机场	张家界荷花国际机场
FLIGHT	C231	C015			LJG		2026-05-01T08:38:00	2026-05-01T12:56:00	南方航空	CZ3774	经济舱	1200	12	12	苏州机场	丽江三义国际机场
FLIGHT	C231	C308			TXN		2026-05-01T09:52:00	2026-05-01T11:15:00	中国国航	CA3776	经济舱	410	14	14	苏州机场	黄山屯溪国际机场
FLIGHT	C231	C210			ZZH		2026-05-01T11:06:00	2026-05-01T14:03:00	南方航空	CZ3778	经济舱	840	16	16	苏州机场	珠海金湾机场
FLIGHT	C231	C179					2026-05-01T11:43:00	2026-05-01T14:02:00	海南航空	HU3779	经济舱	670	17	17	苏州机场	洛阳北郊机场
FLIGHT	C231	C077					2026-05-01T12:20:00	2026-05-01T15:13:00	中国国航	CA3780	经济舱	820	18	18	苏州机场	大同云冈国际机场
FLIGHT	C231	C070			KHG		2026-05-01T13:34:00	2026-05-01T21:19:00	南方航空	CZ3782	经济舱	2140	20	20	苏州机场	喀什徕宁国际机场
FLIGHT	C231	C056					2026-05-01T14:11:00	2026-05-01T20:11:00	海南航空	HU3783	经济舱	1660	21	21	苏州机场	吐鲁番交河机场
FLIGHT	C231	C292					2026-05-01T14:48:00	2026-05-01T21:13:00	中国国航	CA3784	经济舱	1780	22	22	苏州机场	阿勒泰雪都机场
FLIGHT	C231	C222			BPE		2026-05-01T15:25:00	2026-05-01T17:56:00	东方航空	MU3785	经济舱	730	23	23	苏州机场	秦皇岛北戴河机场
FLIGHT	C231	C084			WEH		2026-05-01T16:02:00	2026-05-01T18:07:00	南方航空	CZ3786	经济舱	610	24	24	苏州机场	威海大水泊国际机场
FLIGHT	C231	C176			JJN		2026-05-01T16:39:00	2026-05-01T18:48:00	海南航空	HU3787	经济舱	630	25	25	苏州机场	泉州晋江国际机场
FLIGHT	C231	C129			YTY		2026-05-01T17:16:00	2026-05-01T18:27:00	中国国航	CA3788	经济舱	370	26	26	苏州机场	扬州泰州国际机场
FLIGHT	C231	C071					2026-05-01T17:53:00	2026-05-01T19:03:00	东方航空	MU3789	经济舱	330	27	27	苏州机场	嘉兴机场
FLIGHT	C231	C040			BHY		2026-05-01T18:30:00	2026-05-01T22:03:00	南方航空	CZ3790	经济舱	1010	28	28	苏州机场	北海福成机场
FLIGHT	C231	C147					2026-05-01T19:07:00	2026-05-01T20:42:00	海南航空	HU3791	经济舱	480	29	29	苏州机场	景德镇罗家机场
FLIGHT	C231	C127					2026-05-01T06:58:00	2026-05-01T09:43:00	南方航空	CZ3794	经济舱	800	32	32	苏州机场	惠州平潭机场
FLIGHT	C231	C205			YNT		2026-05-01T08:12:00	2026-05-01T10:16:00	中国国航	CA3796	经济舱	620	34	34	苏州机场	烟台蓬莱国际机场
FLIGHT	C231	C025					2026-05-01T08:49:00	2026-05-01T11:42:00	东方航空	MU3797	经济舱	840	35	35	苏州机场	佛山沙堤机场
FLIGHT	C231	C192			WNZ		2026-05-01T10:03:00	2026-05-01T11:35:00	海南航空	HU3799	经济舱	470	37	37	苏州机场	温州龙湾国际机场
FLIGHT	C139	C039			PEK		2026-05-01T10:40:00	2026-05-01T13:15:00	中国国航	CA3800	经济舱	760	3	3	苏南硕放国际机场	北京首都国际机场
FLIGHT	C139	C005			SHA		2026-05-01T11:17:00	2026-05-01T12:27:00	东方航空	MU3801	经济舱	360	4	4	苏南硕放国际机场	上海虹桥国际机场
FLIGHT	C139	C082			TSN		2026-05-01T11:54:00	2026-05-01T14:18:00	南方航空	CZ3802	经济舱	710	5	5	苏南硕放国际机场	天津滨海国际机场
FLIGHT	C139	C272			CKG		2026-05-01T12:31:00	2026-05-01T15:39:00	海南航空	HU3803	经济舱	910	6	6	苏南硕放国际机场	重庆江北国际机场
FLIGHT	C139	C220			SJW		2026-05-01T13:08:00	2026-05-01T15:33:00	中国国航	CA3804	经济舱	720	7	7	苏南硕放国际机场	石家庄正定国际机场
FLIGHT	C139	C083			TYN		2026-05-01T13:45:00	2026-05-01T16:20:00	东方航空	MU3805	经济舱	770	8	8	苏南硕放国际机场	太原武宿国际机场
FLIGHT	C139	C061			HET		2026-05-01T14:22:00	2026-05-01T17:26:00	南方航空	CZ3806	经济舱	900	9	9	苏南硕放国际机场	呼和浩特白塔国际机场
FLIGHT	C139	C172			SHE		2026-05-01T14:59:00	2026-05-01T17:52:00	海南航空	HU3807	经济舱	850	10	10	苏南硕放国际机场	沈阳桃仙国际机场
FLIGHT	C139	C283			CGQ		2026-05-01T15:36:00	2026-05-01T18:55:00	中国国航	CA3808	经济舱	970	11	11	苏南硕放国际机场	长春龙嘉国际机场
FLIGHT	C139	C066			HRB		2026-05-01T16:13:00	2026-05-01T19:56:00	东方航空	MU3809	经济舱	1070	12	12	苏南硕放国际机场	哈尔滨太平国际机场
FLIGHT	C139	C042			NKG		2026-05-01T16:50:00	2026-05-01T18:01:00	南方航空	CZ3810	经济舱	390	13	13	苏南硕放国际机场	南京禄口国际机场
FLIGHT	C139	C153			HGH		2026-05-01T17:27:00	2026-05-01T18:37:00	海南航空	HU3811	经济舱	380	14	14	苏南硕放国际机场	杭州萧山国际机场
FLIGHT	C139	C053			HFE		2026-05-01T18:04:00	2026-05-01T19:28:00	中国国航	CA3812	经济舱	450	15	15	苏南硕放国际机场	合肥新桥国际机场
FLIGHT	C139	C221			FOC		2026-05-01T18:41:00	2026-05-01T20:37:00	东方航空	MU3813	经济舱	600	16	16	苏南硕放国际机场	福州长乐国际机场
FLIGHT	C139	C046					2026-05-01T19:18:00	2026-05-01T21:06:00	南方航空	CZ3814	经济舱	560	17	17	苏南硕放国际机场	南昌昌北国际机场
FLIGHT	C139	C180			TNA		2026-05-01T19:55:00	2026-05-01T21:55:00	海南航空	HU3815	经济舱	620	18	18	苏南硕放国际机场	济南遥墙国际机场
FLIGHT	C139	C267			CGO		2026-05-01T06:32:00	2026-05-01T08:39:00	中国国航	CA3816	经济舱	650	19	19	苏南硕放国际机场	郑州新郑国际机场
FLIGHT	C139	C164			WUH		2026-05-01T07:09:00	2026-05-01T09:02:00	东方航空	MU3817	经济舱	590	20	20	苏南硕放国际机场	武汉天河国际机场
FLIGHT	C139	C284			CSX		2026-05-01T07:46:00	2026-05-01T10:01:00	南方航空	CZ3818	经济舱	690	21	21	苏南硕放国际机场	长沙黄花国际机场
FLIGHT	C139	C112			CAN		2026-05-01T08:23:00	2026-05-01T11:14:00	海南航空	HU3819	经济舱	850	22	22	苏南硕放国际机场	广州白云国际机场
FLIGHT	C139	C044			NNG		2026-05-01T09:00:00	2026-05-01T12:27:00	中国国航	CA3820	经济舱	1020	23	23	苏南硕放国际机场	南宁吴圩国际机场
FLIGHT	C139	C184			HAK		2026-05-01T09:37:00	2026-05-01T13:14:00	东方航空	MU3821	经济舱	1060	24	24	苏南硕放国际机场	海口美兰国际机场
FLIGHT	C139	C128			TFU		2026-05-01T10:14:00	2026-05-01T13:44:00	南方航空	CZ3822	经济舱	1030	25	25	苏南硕放国际机场	成都天府国际机场
FLIGHT	C139	C249			KWE		2026-05-01T10:51:00	2026-05-01T14:09:00	海南航空	HU3823	经济舱	980	26	26	苏南硕放国际机场	贵阳龙洞堡国际机场
FLIGHT	C139	C142			KMG		2026-05-01T11:28:00	2026-05-01T15:29:00	中国国航	CA3824	经济舱	1170	27	27	苏南硕放国际机场	昆明长水国际机场
FLIGHT	C139	C133			LXA		2026-05-01T12:05:00	2026-05-01T17:39:00	东方航空	MU3825	经济舱	1590	28	28	苏南硕放国际机场	拉萨贡嘎国际机场
FLIGHT	C139	C246			XIY		2026-05-01T12:42:00	2026-05-01T15:28:00	南方航空	CZ3826	经济舱	830	29	29	苏南硕放国际机场	西安咸阳国际机场
FLIGHT	C139	C034			LHW		2026-05-01T13:19:00	2026-05-01T16:54:00	海南航空	HU3827	经济舱	1060	30	30	苏南硕放国际机场	兰州中川国际机场
FLIGHT	C139	C245			XNN		2026-05-01T13:56:00	2026-05-01T17:51:00	中国国航	CA3828	经济舱	1150	31	31	苏南硕放国际机场	西宁曹家堡国际机场
FLIGHT	C139	C279			INC		2026-05-01T14:33:00	2026-05-01T17:58:00	东方航空	MU3829	经济舱	1010	32	32	苏南硕放国际机场	银川河东国际机场
FLIGHT	C139	C018					2026-05-01T15:10:00	2026-05-01T21:21:00	南方航空	CZ3830	经济舱	1760	33	33	苏南硕放国际机场	乌鲁木齐天山国际机场
FLIGHT	C139	C300					2026-05-01T15:47:00	2026-05-01T18:41:00	海南航空	HU3831	经济舱	880	34	34	苏南硕放国际机场	香港国际机场
FLIGHT	C139	C190			SZX		2026-05-01T17:38:00	2026-05-01T20:30:00	南方航空	CZ3834	经济舱	870	37	37	苏南硕放国际机场	深圳宝安国际机场
FLIGHT	C139	C050			XMN		2026-05-01T18:15:00	2026-05-01T20:31:00	海南航空	HU3835	经济舱	710	3	3	苏南硕放国际机场	厦门高崎国际机场
FLIGHT	C139	C297					2026-05-01T18:52:00	2026-05-01T20:38:00	中国国航	CA3836	经济舱	580	4	4	苏南硕放国际机场	青岛胶东国际机场
FLIGHT	C139	C080			DLC		2026-05-01T19:29:00	2026-05-01T21:47:00	东方航空	MU3837	经济舱	720	5	5	苏南硕放国际机场	大连周水子国际机场
FLIGHT	C139	C088			NGB		2026-05-01T06:06:00	2026-05-01T07:23:00	南方航空	CZ3838	经济舱	450	6	6	苏南硕放国际机场	宁波栎社国际机场
FLIGHT	C139	C231					2026-05-01T06:43:00	2026-05-01T07:53:00	海南航空	HU3839	经济舱	360	7	7	苏南硕放国际机场	苏州机场
FLIGHT	C139	C158			KWL		2026-05-01T07:57:00	2026-05-01T10:52:00	东方航空	MU3841	经济舱	890	9	9	苏南硕放国际机场	桂林两江国际机场
FLIGHT	C139	C002			SYX		2026-05-01T08:34:00	2026-05-01T12:32:00	南方航空	CZ3842	经济舱	1180	10	10	苏南硕放国际机场	三亚凤凰国际机场
FLIGHT	C139	C119					2026-05-01T09:11:00	2026-05-01T11:44:00	海南航空	HU3843	经济舱	790	11	11	苏南硕放国际机场	张家界荷花国际机场
FLIGHT	C139	C015			LJG		2026-05-01T09:48:00	2026-05-01T14:04:00	中国国航	CA3844	经济舱	1260	12	12	苏南硕放国际机场	丽江三义国际机场
FLIGHT	C139	C308			TXN		2026-05-01T11:02:00	2026-05-01T12:24:00	南方航空	CZ3846	经济舱	480	14	14	苏南硕放国际机场	黄山屯溪国际机场
FLIGHT	C139	C210			ZZH		2026-05-01T12:16:00	2026-05-01T15:13:00	中国国航	CA3848	经济舱	910	16	16	苏南硕放国际机场	珠海金湾机场
FLIGHT	C139	C179					2026-05-01T12:53:00	2026-05-01T15:09:00	东方航空	MU3849	经济舱	720	17	17	苏南硕放国际机场	洛阳北郊机场
FLIGHT	C139	C077					2026-05-01T13:30:00	2026-05-01T16:19:00	南方航空	CZ3850	经济舱	880	18	18	苏南硕放国际机场	大同云冈国际机场
FLIGHT	C139	C070			KHG		2026-05-01T14:44:00	2026-05-01T22:26:00	中国国航	CA3852	经济舱	2190	20	20	苏南硕放国际机场	喀什徕宁国际机场
FLIGHT	C139	C056					2026-05-01T15:21:00	2026-05-01T21:17:00	东方航空	MU3853	经济舱	1720	21	21	苏南硕放国际机场	吐鲁番交河机场
FLIGHT	C139	C292					2026-05-01T15:58:00	2026-05-01T22:19:00	南方航空	CZ3854	经济舱	1830	22	22	苏南硕放国际机场	阿勒泰雪都机场
FLIGHT	C139	C222			BPE		2026-05-01T16:35:00	2026-05-01T19:04:00	海南航空	HU3855	经济舱	790	23	23	苏南硕放国际机场	秦皇岛北戴河机场
FLIGHT	C139	C084			WEH		2026-05-01T17:12:00	2026-05-01T19:16:00	中国国航	CA3856	经济舱	680	24	24	苏南硕放国际机场	威海大水泊国际机场
FLIGHT	C139	C176			JJN		2026-05-01T17:49:00	2026-05-01T19:59:00	东方航空	MU3857	经济舱	710	25	25	苏南硕放国际机场	泉州晋江国际机场
FLIGHT	C139	C129			YTY		2026-05-01T18:26:00	2026-05-01T19:36:00	南方航空	CZ3858	经济舱	430	26	26	苏南硕放国际机场	扬州泰州国际机场
FLIGHT	C139	C071					2026-05-01T19:03:00	2026-05-01T20:13:00	海南航空	HU3859	经济舱	410	27	27	苏南硕放国际机场	嘉兴机场
FLIGHT	C139	C040			BHY		2026-05-01T19:40:00	2026-05-01T23:12:00	中国国航	CA3860	经济舱	1080	28	28	苏南硕放国际机场	北海福成机场
FLIGHT	C139	C147					2026-05-01T06:17:00	2026-05-01T07:51:00	东方航空	MU3861	经济舱	550	29	29	苏南硕放国际机场	景德镇罗家机场
FLIGHT	C139	C127					2026-05-01T08:08:00	2026-05-01T10:53:00	中国国航	CA3864	经济舱	870	32	32	苏南硕放国际机场	惠州平潭机场
FLIGHT	C139	C205			YNT		2026-05-01T09:22:00	2026-05-01T11:24:00	南方航空	CZ3866	经济舱	680	34	34	苏南硕放国际机场	烟台蓬莱国际机场
FLIGHT	C139	C025					2026-05-01T09:59:00	2026-05-01T12:52:00	海南航空	HU3867	经济舱	910	35	35	苏南硕放国际机场	佛山沙堤机场
FLIGHT	C139	C192			WNZ		2026-05-01T11:13:00	2026-05-01T12:47:00	东方航空	MU3869	经济舱	550	37	37	苏南硕放国际机场	温州龙湾国际机场
FLIGHT	C158	C039	KWL		PEK		2026-05-01T11:50:00	2026-05-01T15:37:00	南方航空	CZ3870	经济舱	1160	3	3	桂林两江国际机场	北京首都国际机场
FLIGHT	C158	C005	KWL		SHA		2026-05-01T12:27:00	2026-05-01T15:30:00	海南航空	HU3871	经济舱	960	4	4	桂林两江国际机场	上海虹桥国际机场
FLIGHT	C158	C082	KWL		TSN		2026-05-01T13:04:00	2026-05-01T16:46:00	中国国航	CA3872	经济舱	1130	5	5	桂林两江国际机场	天津滨海国际机场
FLIGHT	C158	C272	KWL		CKG		2026-05-01T13:41:00	2026-05-01T15:36:00	东方航空	MU3873	经济舱	650	6	6	桂林两江国际机场	重庆江北国际机场
FLIGHT	C158	C220	KWL		SJW		2026-05-01T14:18:00	2026-05-01T17:40:00	南方航空	CZ3874	经济舱	1050	7	7	桂林两江国际机场	石家庄正定国际机场
FLIGHT	C158	C083	KWL		TYN		2026-05-01T14:55:00	2026-05-01T18:12:00	海南航空	HU3875	经济舱	1020	8	8	桂林两江国际机场	太原武宿国际机场
FLIGHT	C158	C061	KWL		HET		2026-05-01T15:32:00	2026-05-01T19:21:00	中国国航	CA3876	经济舱	1170	9	9	桂林两江国际机场	呼和浩特白塔国际机场
FLIGHT	C158	C172	KWL		SHE		2026-05-01T16:09:00	2026-05-01T20:44:00	东方航空	MU3877	经济舱	1380	10	10	桂林两江国际机场	沈阳桃仙国际机场
FLIGHT	C158	C283	KWL		CGQ		2026-05-01T16:46:00	2026-05-01T21:48:00	南方航空	CZ3878	经济舱	1500	11	11	桂林两江国际机场	长春龙嘉国际机场
FLIGHT	C158	C066	KWL		HRB		2026-05-01T17:23:00	2026-05-01T22:48:00	海南航空	HU3879	经济舱	1610	12	12	桂林两江国际机场	哈尔滨太平国际机场
FLIGHT	C158	C042	KWL		NKG		2026-05-01T18:00:00	2026-05-01T20:47:00	中国国航	CA3880	经济舱	890	13	13	桂林两江国际机场	南京禄口国际机场
FLIGHT	C158	C153	KWL		HGH		2026-05-01T18:37:00	2026-05-01T21:24:00	东方航空	MU3881	经济舱	890	14	14	桂林两江国际机场	杭州萧山国际机场
FLIGHT	C158	C053	KWL		HFE		2026-05-01T19:14:00	2026-05-01T21:48:00	南方航空	CZ3882	经济舱	840	15	15	桂林两江国际机场	合肥新桥国际机场
FLIGHT	C158	C221	KWL		FOC		2026-05-01T19:51:00	2026-05-01T22:17:00	海南航空	HU3883	经济舱	800	16	16	桂林两江国际机场	福州长乐国际机场
FLIGHT	C158	C046	KWL				2026-05-01T06:28:00	2026-05-01T08:30:00	中国国航	CA3884	经济舱	700	17	17	桂林两江国际机场	南昌昌北国际机场
FLIGHT	C158	C180	KWL		TNA		2026-05-01T07:05:00	2026-05-01T10:22:00	东方航空	MU3885	经济舱	1030	18	18	桂林两江国际机场	济南遥墙国际机场
FLIGHT	C158	C267	KWL		CGO		2026-05-01T07:42:00	2026-05-01T10:27:00	南方航空	CZ3886	经济舱	890	19	19	桂林两江国际机场	郑州新郑国际机场
FLIGHT	C158	C164	KWL		WUH		2026-05-01T08:19:00	2026-05-01T10:25:00	海南航空	HU3887	经济舱	720	20	20	桂林两江国际机场	武汉天河国际机场
FLIGHT	C158	C284	KWL		CSX		2026-05-01T08:56:00	2026-05-01T10:33:00	中国国航	CA3888	经济舱	590	21	21	桂林两江国际机场	长沙黄花国际机场
FLIGHT	C158	C112	KWL		CAN		2026-05-01T09:33:00	2026-05-01T11:06:00	东方航空	MU3889	经济舱	570	22	22	桂林两江国际机场	广州白云国际机场
FLIGHT	C158	C044	KWL		NNG		2026-05-01T10:10:00	2026-05-01T11:38:00	南方航空	CZ3890	经济舱	380	23	23	桂林两江国际机场	南宁吴圩国际机场
FLIGHT	C158	C184	KWL		HAK		2026-05-01T10:47:00	2026-05-01T12:40:00	海南航空	HU3891	经济舱	490	24	24	桂林两江国际机场	海口美兰国际机场
FLIGHT	C158	C128	KWL		TFU		2026-05-01T11:24:00	2026-05-01T13:44:00	中国国航	CA3892	经济舱	610	25	25	桂林两江国际机场	成都天府国际机场
FLIGHT	C158	C249	KWL		KWE		2026-05-01T12:01:00	2026-05-01T13:36:00	东方航空	MU3893	经济舱	410	26	26	桂林两江国际机场	贵阳龙洞堡国际机场
FLIGHT	C158	C142	KWL		KMG		2026-05-01T12:38:00	2026-05-01T14:49:00	南方航空	CZ3894	经济舱	580	27	27	桂林两江国际机场	昆明长水国际机场
FLIGHT	C158	C133	KWL		LXA		2026-05-01T13:15:00	2026-05-01T17:25:00	海南航空	HU3895	经济舱	1110	28	28	桂林两江国际机场	拉萨贡嘎国际机场
FLIGHT	C158	C246	KWL		XIY		2026-05-01T13:52:00	2026-05-01T16:29:00	中国国航	CA3896	经济舱	690	29	29	桂林两江国际机场	西安咸阳国际机场
FLIGHT	C158	C034	KWL		LHW		2026-05-01T14:29:00	2026-05-01T17:39:00	东方航空	MU3897	经济舱	840	30	30	桂林两江国际机场	兰州中川国际机场
FLIGHT	C158	C245	KWL		XNN		2026-05-01T15:06:00	2026-05-01T18:31:00	南方航空	CZ3898	经济舱	910	31	31	桂林两江国际机场	西宁曹家堡国际机场
FLIGHT	C158	C279	KWL		INC		2026-05-01T15:43:00	2026-05-01T19:10:00	海南航空	HU3899	经济舱	920	32	32	桂林两江国际机场	银川河东国际机场
FLIGHT	C158	C018	KWL				2026-05-01T16:20:00	2026-05-01T22:06:00	中国国航	CA3900	经济舱	1550	33	33	桂林两江国际机场	乌鲁木齐天山国际机场
FLIGHT	C158	C300	KWL				2026-05-01T16:57:00	2026-05-01T18:43:00	东方航空	MU3901	经济舱	470	34	34	桂林两江国际机场	香港国际机场
FLIGHT	C158	C190	KWL		SZX		2026-05-01T18:48:00	2026-05-01T20:32:00	中国国航	CA3904	经济舱	460	37	37	桂林两江国际机场	深圳宝安国际机场
FLIGHT	C158	C050	KWL		XMN		2026-05-01T19:25:00	2026-05-01T21:39:00	东方航空	MU3905	经济舱	600	3	3	桂林两江国际机场	厦门高崎国际机场
FLIGHT	C158	C297	KWL				2026-05-01T06:02:00	2026-05-01T09:31:00	南方航空	CZ3906	经济舱	940	4	4	桂林两江国际机场	青岛胶东国际机场
FLIGHT	C158	C080	KWL		DLC		2026-05-01T06:39:00	2026-05-01T10:39:00	海南航空	HU3907	经济舱	1080	5	5	桂林两江国际机场	大连周水子国际机场
FLIGHT	C158	C088	KWL		NGB		2026-05-01T07:16:00	2026-05-01T10:13:00	中国国航	CA3908	经济舱	800	6	6	桂林两江国际机场	宁波栎社国际机场
FLIGHT	C158	C231	KWL				2026-05-01T07:53:00	2026-05-01T10:49:00	东方航空	MU3909	经济舱	790	7	7	桂林两江国际机场	苏州机场
FLIGHT	C158	C139	KWL				2026-05-01T08:30:00	2026-05-01T11:25:00	南方航空	CZ3910	经济舱	790	8	8	桂林两江国际机场	苏南硕放国际机场
FLIGHT	C158	C002	KWL		SYX		2026-05-01T09:44:00	2026-05-01T11:57:00	中国国航	CA3912	经济舱	610	10	10	桂林两江国际机场	三亚凤凰国际机场
FLIGHT	C158	C119	KWL				2026-05-01T10:21:00	2026-05-01T11:59:00	东方航空	MU3913	经济舱	450	11	11	桂林两江国际机场	张家界荷花国际机场
FLIGHT	C158	C015	KWL		LJG		2026-05-01T10:58:00	2026-05-01T13:35:00	南方航空	CZ3914	经济舱	710	12	12	桂林两江国际机场	丽江三义国际机场
FLIGHT	C158	C308	KWL		TXN		2026-05-01T12:12:00	2026-05-01T14:40:00	中国国航	CA3916	经济舱	680	14	14	桂林两江国际机场	黄山屯溪国际机场
FLIGHT	C158	C210	KWL		ZZH		2026-05-01T13:26:00	2026-05-01T15:08:00	南方航空	CZ3918	经济舱	470	16	16	桂林两江国际机场	珠海金湾机场
FLIGHT	C158	C179	KWL				2026-05-01T14:03:00	2026-05-01T16:44:00	海南航空	HU3919	经济舱	740	17	17	桂林两江国际机场	洛阳北郊机场
FLIGHT	C158	C077	KWL				2026-05-01T14:40:00	2026-05-01T18:22:00	中国国航	CA3920	经济舱	1010	18	18	桂林两江国际机场	大同云冈国际机场
FLIGHT	C158	C070	KWL		KHG		2026-05-01T15:54:00	2026-05-01T22:45:00	南方航空	CZ3922	经济舱	1860	20	20	桂林两江国际机场	喀什徕宁国际机场
FLIGHT	C158	C056	KWL				2026-05-01T16:31:00	2026-05-01T22:01:00	海南航空	HU3923	经济舱	1500	21	21	桂林两江国际机场	吐鲁番交河机场
FLIGHT	C158	C292	KWL				2026-05-01T17:08:00	2026-05-01T23:20:00	中国国航	CA3924	经济舱	1690	22	22	桂林两江国际机场	阿勒泰雪都机场
FLIGHT	C158	C222	KWL		BPE		2026-05-01T17:45:00	2026-05-01T21:45:00	东方航空	MU3925	经济舱	1100	23	23	桂林两江国际机场	秦皇岛北戴河机场
FLIGHT	C158	C084	KWL		WEH		2026-05-01T18:22:00	2026-05-01T22:13:00	南方航空	CZ3926	经济舱	1060	24	24	桂林两江国际机场	威海大水泊国际机场
FLIGHT	C158	C176	KWL		JJN		2026-05-01T18:59:00	2026-05-01T21:19:00	海南航空	HU3927	经济舱	650	25	25	桂林两江国际机场	泉州晋江国际机场
FLIGHT	C158	C129	KWL		YTY		2026-05-01T19:36:00	2026-05-01T22:30:00	中国国航	CA3928	经济舱	800	26	26	桂林两江国际机场	扬州泰州国际机场
FLIGHT	C158	C071	KWL				2026-05-01T06:13:00	2026-05-01T09:07:00	东方航空	MU3929	经济舱	810	27	27	桂林两江国际机场	嘉兴机场
FLIGHT	C158	C040	KWL		BHY		2026-05-01T06:50:00	2026-05-01T08:29:00	南方航空	CZ3930	经济舱	470	28	28	桂林两江国际机场	北海福成机场
FLIGHT	C158	C147	KWL				2026-05-01T07:27:00	2026-05-01T09:43:00	海南航空	HU3931	经济舱	640	29	29	桂林两江国际机场	景德镇罗家机场
FLIGHT	C158	C127	KWL				2026-05-01T09:18:00	2026-05-01T11:01:00	南方航空	CZ3934	经济舱	490	32	32	桂林两江国际机场	惠州平潭机场
FLIGHT	C158	C205	KWL		YNT		2026-05-01T10:32:00	2026-05-01T14:19:00	中国国航	CA3936	经济舱	1050	34	34	桂林两江国际机场	烟台蓬莱国际机场
FLIGHT	C158	C025	KWL				2026-05-01T11:09:00	2026-05-01T12:42:00	东方航空	MU3937	经济舱	450	35	35	桂林两江国际机场	佛山沙堤机场
FLIGHT	C158	C192	KWL		WNZ		2026-05-01T12:23:00	2026-05-01T15:06:00	海南航空	HU3939	经济舱	760	37	37	桂林两江国际机场	温州龙湾国际机场
FLIGHT	C002	C039	SYX		PEK		2026-05-01T13:00:00	2026-05-01T18:05:00	中国国航	CA3940	经济舱	1400	3	3	三亚凤凰国际机场	北京首都国际机场
FLIGHT	C002	C005	SYX		SHA		2026-05-01T13:37:00	2026-05-01T17:40:00	东方航空	MU3941	经济舱	1130	4	4	三亚凤凰国际机场	上海虹桥国际机场
FLIGHT	C002	C082	SYX		TSN		2026-05-01T14:14:00	2026-05-01T19:12:00	南方航空	CZ3942	经济舱	1380	5	5	三亚凤凰国际机场	天津滨海国际机场
FLIGHT	C002	C272	SYX		CKG		2026-05-01T14:51:00	2026-05-01T17:55:00	海南航空	HU3943	经济舱	860	6	6	三亚凤凰国际机场	重庆江北国际机场
FLIGHT	C002	C220	SYX		SJW		2026-05-01T15:28:00	2026-05-01T20:08:00	中国国航	CA3944	经济舱	1300	7	7	三亚凤凰国际机场	石家庄正定国际机场
FLIGHT	C002	C083	SYX		TYN		2026-05-01T16:05:00	2026-05-01T20:40:00	东方航空	MU3945	经济舱	1280	8	8	三亚凤凰国际机场	太原武宿国际机场
FLIGHT	C002	C061	SYX		HET		2026-05-01T16:42:00	2026-05-01T21:49:00	南方航空	CZ3946	经济舱	1420	9	9	三亚凤凰国际机场	呼和浩特白塔国际机场
FLIGHT	C002	C172	SYX		SHE		2026-05-01T17:19:00	2026-05-01T23:07:00	海南航空	HU3947	经济舱	1610	10	10	三亚凤凰国际机场	沈阳桃仙国际机场
FLIGHT	C002	C283	SYX		CGQ		2026-05-01T17:56:00	2026-05-02T00:11:00	中国国航	CA3948	经济舱	1730	11	11	三亚凤凰国际机场	长春龙嘉国际机场
FLIGHT	C002	C066	SYX		HRB		2026-05-01T18:33:00	2026-05-02T01:12:00	东方航空	MU3949	经济舱	1840	12	12	三亚凤凰国际机场	哈尔滨太平国际机场
FLIGHT	C002	C042	SYX		NKG		2026-05-01T19:10:00	2026-05-01T23:05:00	南方航空	CZ3950	经济舱	1100	13	13	三亚凤凰国际机场	南京禄口国际机场
FLIGHT	C002	C153	SYX		HGH		2026-05-01T19:47:00	2026-05-01T23:34:00	海南航空	HU3951	经济舱	1060	14	14	三亚凤凰国际机场	杭州萧山国际机场
FLIGHT	C002	C053	SYX		HFE		2026-05-01T06:24:00	2026-05-01T10:09:00	中国国航	CA3952	经济舱	1060	15	15	三亚凤凰国际机场	合肥新桥国际机场
FLIGHT	C002	C221	SYX		FOC		2026-05-01T07:01:00	2026-05-01T10:09:00	东方航空	MU3953	经济舱	890	16	16	三亚凤凰国际机场	福州长乐国际机场
FLIGHT	C002	C046	SYX				2026-05-01T07:38:00	2026-05-01T10:46:00	南方航空	CZ3954	经济舱	890	17	17	三亚凤凰国际机场	南昌昌北国际机场
FLIGHT	C002	C180	SYX		TNA		2026-05-01T08:15:00	2026-05-01T12:48:00	海南航空	HU3955	经济舱	1270	18	18	三亚凤凰国际机场	济南遥墙国际机场
FLIGHT	C002	C267	SYX		CGO		2026-05-01T08:52:00	2026-05-01T12:55:00	中国国航	CA3956	经济舱	1140	19	19	三亚凤凰国际机场	郑州新郑国际机场
FLIGHT	C002	C164	SYX		WUH		2026-05-01T09:29:00	2026-05-01T12:49:00	东方航空	MU3957	经济舱	950	20	20	三亚凤凰国际机场	武汉天河国际机场
FLIGHT	C002	C284	SYX		CSX		2026-05-01T10:06:00	2026-05-01T12:57:00	南方航空	CZ3958	经济舱	820	21	21	三亚凤凰国际机场	长沙黄花国际机场
FLIGHT	C002	C112	SYX		CAN		2026-05-01T10:43:00	2026-05-01T12:45:00	海南航空	HU3959	经济舱	600	22	22	三亚凤凰国际机场	广州白云国际机场
FLIGHT	C002	C044	SYX		NNG		2026-05-01T11:20:00	2026-05-01T13:07:00	中国国航	CA3960	经济舱	530	23	23	三亚凤凰国际机场	南宁吴圩国际机场
FLIGHT	C002	C184	SYX		HAK		2026-05-01T11:57:00	2026-05-01T13:13:00	东方航空	MU3961	经济舱	400	24	24	三亚凤凰国际机场	海口美兰国际机场
FLIGHT	C002	C128	SYX		TFU		2026-05-01T12:34:00	2026-05-01T15:57:00	南方航空	CZ3962	经济舱	970	25	25	三亚凤凰国际机场	成都天府国际机场
FLIGHT	C002	C249	SYX		KWE		2026-05-01T13:11:00	2026-05-01T15:44:00	海南航空	HU3963	经济舱	740	26	26	三亚凤凰国际机场	贵阳龙洞堡国际机场
FLIGHT	C002	C142	SYX		KMG		2026-05-01T13:48:00	2026-05-01T16:26:00	中国国航	CA3964	经济舱	770	27	27	三亚凤凰国际机场	昆明长水国际机场
FLIGHT	C002	C133	SYX		LXA		2026-05-01T14:25:00	2026-05-01T19:05:00	东方航空	MU3965	经济舱	1320	28	28	三亚凤凰国际机场	拉萨贡嘎国际机场
FLIGHT	C002	C246	SYX		XIY		2026-05-01T15:02:00	2026-05-01T18:56:00	南方航空	CZ3966	经济舱	1110	29	29	三亚凤凰国际机场	西安咸阳国际机场
FLIGHT	C002	C034	SYX		LHW		2026-05-01T15:39:00	2026-05-01T20:00:00	海南航空	HU3967	经济舱	1230	30	30	三亚凤凰国际机场	兰州中川国际机场
FLIGHT	C002	C245	SYX		XNN		2026-05-01T16:16:00	2026-05-01T20:49:00	中国国航	CA3968	经济舱	1290	31	31	三亚凤凰国际机场	西宁曹家堡国际机场
FLIGHT	C002	C279	SYX		INC		2026-05-01T16:53:00	2026-05-01T21:35:00	东方航空	MU3969	经济舱	1330	32	32	三亚凤凰国际机场	银川河东国际机场
FLIGHT	C002	C018	SYX				2026-05-01T17:30:00	2026-05-02T00:15:00	南方航空	CZ3970	经济舱	1890	33	33	三亚凤凰国际机场	乌鲁木齐天山国际机场
FLIGHT	C002	C300	SYX				2026-05-01T18:07:00	2026-05-01T20:08:00	海南航空	HU3971	经济舱	610	34	34	三亚凤凰国际机场	香港国际机场
FLIGHT	C002	C190	SYX		SZX		2026-05-01T19:58:00	2026-05-01T22:00:00	南方航空	CZ3974	经济舱	620	37	37	三亚凤凰国际机场	深圳宝安国际机场
FLIGHT	C002	C050	SYX		XMN		2026-05-01T06:35:00	2026-05-01T09:23:00	海南航空	HU3975	经济舱	820	3	3	三亚凤凰国际机场	厦门高崎国际机场
FLIGHT	C002	C297	SYX				2026-05-01T07:12:00	2026-05-01T11:52:00	中国国航	CA3976	经济舱	1330	4	4	三亚凤凰国际机场	青岛胶东国际机场
FLIGHT	C002	C080	SYX		DLC		2026-05-01T07:49:00	2026-05-01T13:02:00	东方航空	MU3977	经济舱	1480	5	5	三亚凤凰国际机场	大连周水子国际机场
FLIGHT	C002	C088	SYX		NGB		2026-05-01T08:26:00	2026-05-01T12:19:00	南方航空	CZ3978	经济舱	1120	6	6	三亚凤凰国际机场	宁波栎社国际机场
FLIGHT	C002	C231	SYX				2026-05-01T09:03:00	2026-05-01T13:01:00	海南航空	HU3979	经济舱	1140	7	7	三亚凤凰国际机场	苏州机场
FLIGHT	C002	C139	SYX				2026-05-01T09:40:00	2026-05-01T13:38:00	中国国航	CA3980	经济舱	1140	8	8	三亚凤凰国际机场	苏南硕放国际机场
FLIGHT	C002	C158	SYX		KWL		2026-05-01T10:17:00	2026-05-01T12:30:00	东方航空	MU3981	经济舱	670	9	9	三亚凤凰国际机场	桂林两江国际机场
FLIGHT	C002	C119	SYX				2026-05-01T11:31:00	2026-05-01T14:27:00	海南航空	HU3983	经济舱	870	11	11	三亚凤凰国际机场	张家界荷花国际机场
FLIGHT	C002	C015	SYX		LJG		2026-05-01T12:08:00	2026-05-01T15:18:00	中国国航	CA3984	经济舱	930	12	12	三亚凤凰国际机场	丽江三义国际机场
FLIGHT	C002	C308	SYX		TXN		2026-05-01T13:22:00	2026-05-01T16:53:00	南方航空	CZ3986	经济舱	1030	14	14	三亚凤凰国际机场	黄山屯溪国际机场
FLIGHT	C002	C210	SYX		ZZH		2026-05-01T14:36:00	2026-05-01T16:33:00	中国国航	CA3988	经济舱	610	16	16	三亚凤凰国际机场	珠海金湾机场
FLIGHT	C002	C179	SYX				2026-05-01T15:13:00	2026-05-01T19:12:00	东方航空	MU3989	经济舱	1160	17	17	三亚凤凰国际机场	洛阳北郊机场
FLIGHT	C002	C077	SYX				2026-05-01T15:50:00	2026-05-01T20:50:00	南方航空	CZ3990	经济舱	1430	18	18	三亚凤凰国际机场	大同云冈国际机场
FLIGHT	C002	C070	SYX		KHG		2026-05-01T17:04:00	2026-05-02T00:38:00	中国国航	CA3992	经济舱	2130	20	20	三亚凤凰国际机场	喀什徕宁国际机场
FLIGHT	C002	C056	SYX				2026-05-01T17:41:00	2026-05-02T00:11:00	东方航空	MU3993	经济舱	1840	21	21	三亚凤凰国际机场	吐鲁番交河机场
FLIGHT	C002	C292	SYX				2026-05-01T18:18:00	2026-05-02T01:35:00	南方航空	CZ3994	经济舱	2050	22	22	三亚凤凰国际机场	阿勒泰雪都机场
FLIGHT	C002	C222	SYX		BPE		2026-05-01T18:55:00	2026-05-02T00:10:00	海南航空	HU3995	经济舱	1500	23	23	三亚凤凰国际机场	秦皇岛北戴河机场
FLIGHT	C002	C084	SYX		WEH		2026-05-01T19:32:00	2026-05-02T00:34:00	中国国航	CA3996	经济舱	1450	24	24	三亚凤凰国际机场	威海大水泊国际机场
FLIGHT	C002	C176	SYX		JJN		2026-05-01T06:09:00	2026-05-01T09:04:00	东方航空	MU3997	经济舱	880	25	25	三亚凤凰国际机场	泉州晋江国际机场
FLIGHT	C002	C129	SYX		YTY		2026-05-01T06:46:00	2026-05-01T10:47:00	南方航空	CZ3998	经济舱	1170	26	26	三亚凤凰国际机场	扬州泰州国际机场
FLIGHT	C002	C071	SYX				2026-05-01T07:23:00	2026-05-01T11:17:00	海南航空	HU3999	经济舱	1150	27	27	三亚凤凰国际机场	嘉兴机场
FLIGHT	C002	C040	SYX		BHY		2026-05-01T08:00:00	2026-05-01T09:31:00	中国国航	CA4000	经济舱	500	28	28	三亚凤凰国际机场	北海福成机场
FLIGHT	C002	C147	SYX				2026-05-01T08:37:00	2026-05-01T11:57:00	东方航空	MU4001	经济舱	990	29	29	三亚凤凰国际机场	景德镇罗家机场
FLIGHT	C002	C127	SYX				2026-05-01T10:28:00	2026-05-01T12:37:00	中国国航	CA4004	经济舱	680	32	32	三亚凤凰国际机场	惠州平潭机场
FLIGHT	C002	C205	SYX		YNT		2026-05-01T11:42:00	2026-05-01T16:40:00	南方航空	CZ4006	经济舱	1440	34	34	三亚凤凰国际机场	烟台蓬莱国际机场
FLIGHT	C002	C025	SYX				2026-05-01T12:19:00	2026-05-01T14:19:00	海南航空	HU4007	经济舱	640	35	35	三亚凤凰国际机场	佛山沙堤机场
FLIGHT	C002	C192	SYX		WNZ		2026-05-01T13:33:00	2026-05-01T17:05:00	东方航空	MU4009	经济舱	1060	37	37	三亚凤凰国际机场	温州龙湾国际机场
FLIGHT	C119	C039			PEK		2026-05-01T14:10:00	2026-05-01T17:16:00	南方航空	CZ4010	经济舱	940	3	3	张家界荷花国际机场	北京首都国际机场
FLIGHT	C119	C005			SHA		2026-05-01T14:47:00	2026-05-01T17:30:00	海南航空	HU4011	经济舱	840	4	4	张家界荷花国际机场	上海虹桥国际机场
FLIGHT	C119	C082			TSN		2026-05-01T15:24:00	2026-05-01T18:26:00	中国国航	CA4012	经济舱	920	5	5	张家界荷花国际机场	天津滨海国际机场
FLIGHT	C119	C272			CKG		2026-05-01T16:01:00	2026-05-01T17:34:00	东方航空	MU4013	经济舱	530	6	6	张家界荷花国际机场	重庆江北国际机场
FLIGHT	C119	C220			SJW		2026-05-01T16:38:00	2026-05-01T19:19:00	南方航空	CZ4014	经济舱	830	7	7	张家界荷花国际机场	石家庄正定国际机场
FLIGHT	C119	C083			TYN		2026-05-01T17:15:00	2026-05-01T19:49:00	海南航空	HU4015	经济舱	800	8	8	张家界荷花国际机场	太原武宿国际机场
FLIGHT	C119	C061			HET		2026-05-01T17:52:00	2026-05-01T20:58:00	中国国航	CA4016	经济舱	940	9	9	张家界荷花国际机场	呼和浩特白塔国际机场
FLIGHT	C119	C172			SHE		2026-05-01T18:29:00	2026-05-01T22:27:00	东方航空	MU4017	经济舱	1180	10	10	张家界荷花国际机场	沈阳桃仙国际机场
FLIGHT	C119	C283			CGQ		2026-05-01T19:06:00	2026-05-01T23:31:00	南方航空	CZ4018	经济舱	1300	11	11	张家界荷花国际机场	长春龙嘉国际机场
FLIGHT	C119	C066			HRB		2026-05-01T19:43:00	2026-05-02T00:30:00	海南航空	HU4019	经济舱	1400	12	12	张家界荷花国际机场	哈尔滨太平国际机场
FLIGHT	C119	C042			NKG		2026-05-01T06:20:00	2026-05-01T08:41:00	中国国航	CA4020	经济舱	750	13	13	张家界荷花国际机场	南京禄口国际机场
FLIGHT	C119	C153			HGH		2026-05-01T06:57:00	2026-05-01T09:26:00	东方航空	MU4021	经济舱	790	14	14	张家界荷花国际机场	杭州萧山国际机场
FLIGHT	C119	C053			HFE		2026-05-01T07:34:00	2026-05-01T09:40:00	南方航空	CZ4022	经济舱	680	15	15	张家界荷花国际机场	合肥新桥国际机场
FLIGHT	C119	C221			FOC		2026-05-01T08:11:00	2026-05-01T10:39:00	海南航空	HU4023	经济舱	780	16	16	张家界荷花国际机场	福州长乐国际机场
FLIGHT	C119	C046					2026-05-01T08:48:00	2026-05-01T10:36:00	中国国航	CA4024	经济舱	600	17	17	张家界荷花国际机场	南昌昌北国际机场
FLIGHT	C119	C180			TNA		2026-05-01T09:25:00	2026-05-01T12:04:00	东方航空	MU4025	经济舱	830	18	18	张家界荷花国际机场	济南遥墙国际机场
FLIGHT	C119	C267			CGO		2026-05-01T10:02:00	2026-05-01T12:06:00	南方航空	CZ4026	经济舱	680	19	19	张家界荷花国际机场	郑州新郑国际机场
FLIGHT	C119	C164			WUH		2026-05-01T10:39:00	2026-05-01T12:14:00	海南航空	HU4027	经济舱	550	20	20	张家界荷花国际机场	武汉天河国际机场
FLIGHT	C119	C284			CSX		2026-05-01T11:16:00	2026-05-01T12:37:00	中国国航	CA4028	经济舱	480	21	21	张家界荷花国际机场	长沙黄花国际机场
FLIGHT	C119	C112			CAN		2026-05-01T11:53:00	2026-05-01T14:00:00	东方航空	MU4029	经济舱	690	22	22	张家界荷花国际机场	广州白云国际机场
FLIGHT	C119	C044			NNG		2026-05-01T12:30:00	2026-05-01T14:38:00	南方航空	CZ4030	经济舱	700	23	23	张家界荷花国际机场	南宁吴圩国际机场
FLIGHT	C119	C184			HAK		2026-05-01T13:07:00	2026-05-01T15:43:00	海南航空	HU4031	经济舱	830	24	24	张家界荷花国际机场	海口美兰国际机场
FLIGHT	C119	C128			TFU		2026-05-01T13:44:00	2026-05-01T15:43:00	中国国航	CA4032	经济舱	660	25	25	张家界荷花国际机场	成都天府国际机场
FLIGHT	C119	C249			KWE		2026-05-01T14:21:00	2026-05-01T16:03:00	东方航空	MU4033	经济舱	580	26	26	张家界荷花国际机场	贵阳龙洞堡国际机场
FLIGHT	C119	C142			KMG		2026-05-01T14:58:00	2026-05-01T17:22:00	南方航空	CZ4034	经济舱	780	27	27	张家界荷花国际机场	昆明长水国际机场
FLIGHT	C119	C133			LXA		2026-05-01T15:35:00	2026-05-01T19:37:00	海南航空	HU4035	经济舱	1220	28	28	张家界荷花国际机场	拉萨贡嘎国际机场
FLIGHT	C119	C246			XIY		2026-05-01T16:12:00	2026-05-01T18:07:00	中国国航	CA4036	经济舱	650	29	29	张家界荷花国际机场	西安咸阳国际机场
FLIGHT	C119	C034			LHW		2026-05-01T16:49:00	2026-05-01T19:23:00	东方航空	MU4037	经济舱	820	30	30	张家界荷花国际机场	兰州中川国际机场
FLIGHT	C119	C245			XNN		2026-05-01T17:26:00	2026-05-01T20:17:00	南方航空	CZ4038	经济舱	900	31	31	张家界荷花国际机场	西宁曹家堡国际机场
FLIGHT	C119	C279			INC		2026-05-01T18:03:00	2026-05-01T20:49:00	海南航空	HU4039	经济舱	880	32	32	张家界荷花国际机场	银川河东国际机场
FLIGHT	C119	C018					2026-05-01T18:40:00	2026-05-01T23:55:00	中国国航	CA4040	经济舱	1550	33	33	张家界荷花国际机场	乌鲁木齐天山国际机场
FLIGHT	C119	C300					2026-05-01T19:17:00	2026-05-01T21:36:00	东方航空	MU4041	经济舱	760	34	34	张家界荷花国际机场	香港国际机场
FLIGHT	C119	C190			SZX		2026-05-01T07:08:00	2026-05-01T09:24:00	中国国航	CA4044	经济舱	750	37	37	张家界荷花国际机场	深圳宝安国际机场
FLIGHT	C119	C050			XMN		2026-05-01T07:45:00	2026-05-01T10:11:00	东方航空	MU4045	经济舱	800	3	3	张家界荷花国际机场	厦门高崎国际机场
FLIGHT	C119	C297					2026-05-01T08:22:00	2026-05-01T11:18:00	南方航空	CZ4046	经济舱	930	4	4	张家界荷花国际机场	青岛胶东国际机场
FLIGHT	C119	C080			DLC		2026-05-01T08:59:00	2026-05-01T12:23:00	海南航空	HU4047	经济舱	1060	5	5	张家界荷花国际机场	大连周水子国际机场
FLIGHT	C119	C088			NGB		2026-05-01T09:36:00	2026-05-01T12:18:00	中国国航	CA4048	经济舱	870	6	6	张家界荷花国际机场	宁波栎社国际机场
FLIGHT	C119	C231					2026-05-01T10:13:00	2026-05-01T12:48:00	东方航空	MU4049	经济舱	840	7	7	张家界荷花国际机场	苏州机场
FLIGHT	C119	C139					2026-05-01T10:50:00	2026-05-01T13:23:00	南方航空	CZ4050	经济舱	830	8	8	张家界荷花国际机场	苏南硕放国际机场
FLIGHT	C119	C158			KWL		2026-05-01T11:27:00	2026-05-01T13:05:00	海南航空	HU4051	经济舱	580	9	9	张家界荷花国际机场	桂林两江国际机场
FLIGHT	C119	C002			SYX		2026-05-01T12:04:00	2026-05-01T15:00:00	中国国航	CA4052	经济舱	940	10	10	张家界荷花国际机场	三亚凤凰国际机场
FLIGHT	C119	C015			LJG		2026-05-01T13:18:00	2026-05-01T15:57:00	南方航空	CZ4054	经济舱	860	12	12	张家界荷花国际机场	丽江三义国际机场
FLIGHT	C119	C308			TXN		2026-05-01T14:32:00	2026-05-01T16:43:00	中国国航	CA4056	经济舱	740	14	14	张家界荷花国际机场	黄山屯溪国际机场
FLIGHT	C119	C210			ZZH		2026-05-01T15:46:00	2026-05-01T18:03:00	南方航空	CZ4058	经济舱	770	16	16	张家界荷花国际机场	珠海金湾机场
FLIGHT	C119	C179					2026-05-01T16:23:00	2026-05-01T18:22:00	海南航空	HU4059	经济舱	690	17	17	张家界荷花国际机场	洛阳北郊机场
FLIGHT	C119	C077					2026-05-01T17:00:00	2026-05-01T20:00:00	中国国航	CA4060	经济舱	790	18	18	张家界荷花国际机场	大同云冈国际机场
FLIGHT	C119	C070			KHG		2026-05-01T18:14:00	2026-05-02T00:44:00	南方航空	CZ4062	经济舱	1740	20	20	张家界荷花国际机场	喀什徕宁国际机场
FLIGHT	C119	C056					2026-05-01T18:51:00	2026-05-01T23:50:00	海南航空	HU4063	经济舱	1330	21	21	张家界荷花国际机场	吐鲁番交河机场
FLIGHT	C119	C292					2026-05-01T19:28:00	2026-05-02T01:06:00	中国国航	CA4064	经济舱	1510	22	22	张家界荷花国际机场	阿勒泰雪都机场
FLIGHT	C119	C222			BPE		2026-05-01T06:05:00	2026-05-01T09:26:00	东方航空	MU4065	经济舱	890	23	23	张家界荷花国际机场	秦皇岛北戴河机场
FLIGHT	C119	C084			WEH		2026-05-01T06:42:00	2026-05-01T10:00:00	南方航空	CZ4066	经济舱	880	24	24	张家界荷花国际机场	威海大水泊国际机场
FLIGHT	C119	C176			JJN		2026-05-01T07:19:00	2026-05-01T09:48:00	海南航空	HU4067	经济舱	660	25	25	张家界荷花国际机场	泉州晋江国际机场
FLIGHT	C119	C129			YTY		2026-05-01T07:56:00	2026-05-01T10:24:00	中国国航	CA4068	经济舱	660	26	26	张家界荷花国际机场	扬州泰州国际机场
FLIGHT	C119	C071					2026-05-01T08:33:00	2026-05-01T11:09:00	东方航空	MU4069	经济舱	690	27	27	张家界荷花国际机场	嘉兴机场
FLIGHT	C119	C040			BHY		2026-05-01T09:10:00	2026-05-01T11:31:00	南方航空	CZ4070	经济舱	630	28	28	张家界荷花国际机场	北海福成机场
FLIGHT	C119	C147					2026-05-01T09:47:00	2026-05-01T11:47:00	海南航空	HU4071	经济舱	530	29	29	张家界荷花国际机场	景德镇罗家机场
FLIGHT	C119	C127					2026-05-01T11:38:00	2026-05-01T13:51:00	南方航空	CZ4074	经济舱	590	32	32	张家界荷花国际机场	惠州平潭机场
FLIGHT	C119	C205			YNT		2026-05-01T12:52:00	2026-05-01T16:05:00	中国国航	CA4076	经济舱	870	34	34	张家界荷花国际机场	烟台蓬莱国际机场
FLIGHT	C119	C025					2026-05-01T13:29:00	2026-05-01T15:37:00	东方航空	MU4077	经济舱	570	35	35	张家界荷花国际机场	佛山沙堤机场
FLIGHT	C119	C192			WNZ		2026-05-01T14:43:00	2026-05-01T17:18:00	海南航空	HU4079	经济舱	700	37	37	张家界荷花国际机场	温州龙湾国际机场
FLIGHT	C015	C039	LJG		PEK		2026-05-01T15:20:00	2026-05-01T19:43:00	中国国航	CA4080	经济舱	1190	3	3	丽江三义国际机场	北京首都国际机场
FLIGHT	C015	C005	LJG		SHA		2026-05-01T15:57:00	2026-05-01T20:24:00	东方航空	MU4081	经济舱	1200	4	4	丽江三义国际机场	上海虹桥国际机场
FLIGHT	C015	C082	LJG		TSN		2026-05-01T16:34:00	2026-05-01T20:57:00	南方航空	CZ4082	经济舱	1190	5	5	丽江三义国际机场	天津滨海国际机场
FLIGHT	C015	C272	LJG		CKG		2026-05-01T17:11:00	2026-05-01T19:15:00	海南航空	HU4083	经济舱	560	6	6	丽江三义国际机场	重庆江北国际机场
FLIGHT	C015	C220	LJG		SJW		2026-05-01T17:48:00	2026-05-01T21:45:00	中国国航	CA4084	经济舱	1070	7	7	丽江三义国际机场	石家庄正定国际机场
FLIGHT	C015	C083	LJG		TYN		2026-05-01T18:25:00	2026-05-01T22:08:00	东方航空	MU4085	经济舱	1010	8	8	丽江三义国际机场	太原武宿国际机场
FLIGHT	C015	C061	LJG		HET		2026-05-01T19:02:00	2026-05-01T23:05:00	南方航空	CZ4086	经济舱	1100	9	9	丽江三义国际机场	呼和浩特白塔国际机场
FLIGHT	C015	C172	LJG		SHE		2026-05-01T19:39:00	2026-05-02T01:03:00	海南航空	HU4087	经济舱	1470	10	10	丽江三义国际机场	沈阳桃仙国际机场
FLIGHT	C015	C283	LJG		CGQ		2026-05-01T06:16:00	2026-05-01T12:04:00	中国国航	CA4088	经济舱	1580	11	11	丽江三义国际机场	长春龙嘉国际机场
FLIGHT	C015	C066	LJG		HRB		2026-05-01T06:53:00	2026-05-01T13:01:00	东方航空	MU4089	经济舱	1670	12	12	丽江三义国际机场	哈尔滨太平国际机场
FLIGHT	C015	C042	LJG		NKG		2026-05-01T07:30:00	2026-05-01T11:34:00	南方航空	CZ4090	经济舱	1110	13	13	丽江三义国际机场	南京禄口国际机场
FLIGHT	C015	C153	LJG		HGH		2026-05-01T08:07:00	2026-05-01T12:20:00	海南航空	HU4091	经济舱	1150	14	14	丽江三义国际机场	杭州萧山国际机场
FLIGHT	C015	C053	LJG		HFE		2026-05-01T08:44:00	2026-05-01T12:33:00	中国国航	CA4092	经济舱	1040	15	15	丽江三义国际机场	合肥新桥国际机场
FLIGHT	C015	C221	LJG		FOC		2026-05-01T09:21:00	2026-05-01T13:26:00	东方航空	MU4093	经济舱	1120	16	16	丽江三义国际机场	福州长乐国际机场
FLIGHT	C015	C046	LJG				2026-05-01T09:58:00	2026-05-01T13:28:00	南方航空	CZ4094	经济舱	960	17	17	丽江三义国际机场	南昌昌北国际机场
FLIGHT	C015	C180	LJG		TNA		2026-05-01T10:35:00	2026-05-01T14:42:00	海南航空	HU4095	经济舱	1130	18	18	丽江三义国际机场	济南遥墙国际机场
FLIGHT	C015	C267	LJG		CGO		2026-05-01T11:12:00	2026-05-01T14:42:00	中国国航	CA4096	经济舱	960	19	19	丽江三义国际机场	郑州新郑国际机场
FLIGHT	C015	C164	LJG		WUH		2026-05-01T11:49:00	2026-05-01T15:07:00	东方航空	MU4097	经济舱	910	20	20	丽江三义国际机场	武汉天河国际机场
FLIGHT	C015	C284	LJG		CSX		2026-05-01T12:26:00	2026-05-01T15:27:00	南方航空	CZ4098	经济舱	840	21	21	丽江三义国际机场	长沙黄花国际机场
FLIGHT	C015	C112	LJG		CAN		2026-05-01T13:03:00	2026-05-01T16:16:00	海南航空	HU4099	经济舱	890	22	22	丽江三义国际机场	广州白云国际机场
FLIGHT	C015	C044	LJG		NNG		2026-05-01T13:40:00	2026-05-01T16:09:00	中国国航	CA4100	经济舱	690	23	23	丽江三义国际机场	南宁吴圩国际机场
FLIGHT	C015	C184	LJG		HAK		2026-05-01T14:17:00	2026-05-01T17:19:00	东方航空	MU4101	经济舱	840	24	24	丽江三义国际机场	海口美兰国际机场
FLIGHT	C015	C128	LJG		TFU		2026-05-01T14:54:00	2026-05-01T16:45:00	南方航空	CZ4102	经济舱	520	25	25	丽江三义国际机场	成都天府国际机场
FLIGHT	C015	C249	LJG		KWE		2026-05-01T15:31:00	2026-05-01T17:30:00	海南航空	HU4103	经济舱	560	26	26	丽江三义国际机场	贵阳龙洞堡国际机场
FLIGHT	C015	C142	LJG		KMG		2026-05-01T16:08:00	2026-05-01T17:35:00	中国国航	CA4104	经济舱	420	27	27	丽江三义国际机场	昆明长水国际机场
FLIGHT	C015	C133	LJG		LXA		2026-05-01T16:45:00	2026-05-01T19:14:00	东方航空	MU4105	经济舱	700	28	28	丽江三义国际机场	拉萨贡嘎国际机场
FLIGHT	C015	C246	LJG		XIY		2026-05-01T17:22:00	2026-05-01T20:15:00	南方航空	CZ4106	经济舱	810	29	29	丽江三义国际机场	西安咸阳国际机场
FLIGHT	C015	C034	LJG		LHW		2026-05-01T17:59:00	2026-05-01T20:42:00	海南航空	HU4107	经济舱	760	30	30	丽江三义国际机场	兰州中川国际机场
FLIGHT	C015	C245	LJG		XNN		2026-05-01T18:36:00	2026-05-01T21:21:00	中国国航	CA4108	经济舱	770	31	31	丽江三义国际机场	西宁曹家堡国际机场
FLIGHT	C015	C279	LJG		INC		2026-05-01T19:13:00	2026-05-01T22:29:00	东方航空	MU4109	经济舱	910	32	32	丽江三义国际机场	银川河东国际机场
FLIGHT	C015	C018	LJG				2026-05-01T19:50:00	2026-05-02T00:25:00	南方航空	CZ4110	经济舱	1270	33	33	丽江三义国际机场	乌鲁木齐天山国际机场
FLIGHT	C015	C300	LJG				2026-05-01T06:27:00	2026-05-01T09:52:00	海南航空	HU4111	经济舱	950	34	34	丽江三义国际机场	香港国际机场
FLIGHT	C015	C190	LJG		SZX		2026-05-01T08:18:00	2026-05-01T11:41:00	南方航空	CZ4114	经济舱	950	37	37	丽江三义国际机场	深圳宝安国际机场
FLIGHT	C015	C050	LJG		XMN		2026-05-01T08:55:00	2026-05-01T12:51:00	海南航空	HU4115	经济舱	1100	3	3	丽江三义国际机场	厦门高崎国际机场
FLIGHT	C015	C297	LJG				2026-05-01T09:32:00	2026-05-01T14:03:00	中国国航	CA4116	经济舱	1260	4	4	丽江三义国际机场	青岛胶东国际机场
FLIGHT	C015	C080	LJG		DLC		2026-05-01T10:09:00	2026-05-01T15:03:00	东方航空	MU4117	经济舱	1360	5	5	丽江三义国际机场	大连周水子国际机场
FLIGHT	C015	C088	LJG		NGB		2026-05-01T10:46:00	2026-05-01T15:12:00	南方航空	CZ4118	经济舱	1240	6	6	丽江三义国际机场	宁波栎社国际机场
FLIGHT	C015	C231	LJG				2026-05-01T11:23:00	2026-05-01T15:41:00	海南航空	HU4119	经济舱	1200	7	7	丽江三义国际机场	苏州机场
FLIGHT	C015	C139	LJG				2026-05-01T12:00:00	2026-05-01T16:16:00	中国国航	CA4120	经济舱	1200	8	8	丽江三义国际机场	苏南硕放国际机场
FLIGHT	C015	C158	LJG		KWL		2026-05-01T12:37:00	2026-05-01T15:14:00	东方航空	MU4121	经济舱	750	9	9	丽江三义国际机场	桂林两江国际机场
FLIGHT	C015	C002	LJG		SYX		2026-05-01T13:14:00	2026-05-01T16:24:00	南方航空	CZ4122	经济舱	900	10	10	丽江三义国际机场	三亚凤凰国际机场
FLIGHT	C015	C119	LJG				2026-05-01T13:51:00	2026-05-01T16:30:00	海南航空	HU4123	经济舱	760	11	11	丽江三义国际机场	张家界荷花国际机场
FLIGHT	C015	C308	LJG		TXN		2026-05-01T15:42:00	2026-05-01T19:37:00	南方航空	CZ4126	经济舱	1110	14	14	丽江三义国际机场	黄山屯溪国际机场
FLIGHT	C015	C210	LJG		ZZH		2026-05-01T16:56:00	2026-05-01T20:15:00	中国国航	CA4128	经济舱	950	16	16	丽江三义国际机场	珠海金湾机场
FLIGHT	C015	C179	LJG				2026-05-01T17:33:00	2026-05-01T20:53:00	东方航空	MU4129	经济舱	950	17	17	丽江三义国际机场	洛阳北郊机场
FLIGHT	C015	C077	LJG				2026-05-01T18:10:00	2026-05-01T22:15:00	南方航空	CZ4130	经济舱	1160	18	18	丽江三义国际机场	大同云冈国际机场
FLIGHT	C015	C070	LJG		KHG		2026-05-01T19:24:00	2026-05-02T00:43:00	中国国航	CA4132	经济舱	1490	20	20	丽江三义国际机场	喀什徕宁国际机场
FLIGHT	C015	C056	LJG				2026-05-01T06:01:00	2026-05-01T10:21:00	东方航空	MU4133	经济舱	1220	21	21	丽江三义国际机场	吐鲁番交河机场
FLIGHT	C015	C292	LJG				2026-05-01T06:38:00	2026-05-01T11:49:00	南方航空	CZ4134	经济舱	1460	22	22	丽江三义国际机场	阿勒泰雪都机场
FLIGHT	C015	C222	LJG		BPE		2026-05-01T07:15:00	2026-05-01T12:00:00	海南航空	HU4135	经济舱	1340	23	23	丽江三义国际机场	秦皇岛北戴河机场
FLIGHT	C015	C084	LJG		WEH		2026-05-01T07:52:00	2026-05-01T12:44:00	中国国航	CA4136	经济舱	1370	24	24	丽江三义国际机场	威海大水泊国际机场
FLIGHT	C015	C176	LJG		JJN		2026-05-01T08:29:00	2026-05-01T12:30:00	东方航空	MU4137	经济舱	1140	25	25	丽江三义国际机场	泉州晋江国际机场
FLIGHT	C015	C129	LJG		YTY		2026-05-01T09:06:00	2026-05-01T13:16:00	南方航空	CZ4138	经济舱	1190	26	26	丽江三义国际机场	扬州泰州国际机场
FLIGHT	C015	C071	LJG				2026-05-01T09:43:00	2026-05-01T14:02:00	海南航空	HU4139	经济舱	1230	27	27	丽江三义国际机场	嘉兴机场
FLIGHT	C015	C040	LJG		BHY		2026-05-01T10:20:00	2026-05-01T13:03:00	中国国航	CA4140	经济舱	800	28	28	丽江三义国际机场	北海福成机场
FLIGHT	C015	C147	LJG				2026-05-01T10:57:00	2026-05-01T14:40:00	东方航空	MU4141	经济舱	1070	29	29	丽江三义国际机场	景德镇罗家机场
FLIGHT	C015	C127	LJG				2026-05-01T12:48:00	2026-05-01T16:12:00	中国国航	CA4144	经济舱	980	32	32	丽江三义国际机场	惠州平潭机场
FLIGHT	C015	C205	LJG		YNT		2026-05-01T14:02:00	2026-05-01T18:48:00	南方航空	CZ4146	经济舱	1360	34	34	丽江三义国际机场	烟台蓬莱国际机场
FLIGHT	C015	C025	LJG				2026-05-01T14:39:00	2026-05-01T17:51:00	海南航空	HU4147	经济舱	930	35	35	丽江三义国际机场	佛山沙堤机场
FLIGHT	C015	C192	LJG		WNZ		2026-05-01T15:53:00	2026-05-01T20:10:00	东方航空	MU4149	经济舱	1230	37	37	丽江三义国际机场	温州龙湾国际机场
FLIGHT	C308	C039	TXN		PEK		2026-05-01T17:40:00	2026-05-01T20:30:00	中国国航	CA4220	经济舱	910	3	3	黄山屯溪国际机场	北京首都国际机场
FLIGHT	C308	C005	TXN		SHA		2026-05-01T18:17:00	2026-05-01T19:46:00	东方航空	MU4221	经济舱	550	4	4	黄山屯溪国际机场	上海虹桥国际机场
FLIGHT	C308	C082	TXN		TSN		2026-05-01T18:54:00	2026-05-01T21:34:00	南方航空	CZ4222	经济舱	860	5	5	黄山屯溪国际机场	天津滨海国际机场
FLIGHT	C308	C272	TXN		CKG		2026-05-01T19:31:00	2026-05-01T22:20:00	海南航空	HU4223	经济舱	910	6	6	黄山屯溪国际机场	重庆江北国际机场
FLIGHT	C308	C220	TXN		SJW		2026-05-01T06:08:00	2026-05-01T08:42:00	中国国航	CA4224	经济舱	840	7	7	黄山屯溪国际机场	石家庄正定国际机场
FLIGHT	C308	C083	TXN		TYN		2026-05-01T06:45:00	2026-05-01T09:25:00	东方航空	MU4225	经济舱	870	8	8	黄山屯溪国际机场	太原武宿国际机场
FLIGHT	C308	C061	TXN		HET		2026-05-01T07:22:00	2026-05-01T10:34:00	南方航空	CZ4226	经济舱	1010	9	9	黄山屯溪国际机场	呼和浩特白塔国际机场
FLIGHT	C308	C172	TXN		SHE		2026-05-01T07:59:00	2026-05-01T11:16:00	海南航空	HU4227	经济舱	1040	10	10	黄山屯溪国际机场	沈阳桃仙国际机场
FLIGHT	C308	C283	TXN		CGQ		2026-05-01T08:36:00	2026-05-01T12:20:00	中国国航	CA4228	经济舱	1160	11	11	黄山屯溪国际机场	长春龙嘉国际机场
FLIGHT	C308	C066	TXN		HRB		2026-05-01T09:13:00	2026-05-01T13:21:00	东方航空	MU4229	经济舱	1270	12	12	黄山屯溪国际机场	哈尔滨太平国际机场
FLIGHT	C308	C042	TXN		NKG		2026-05-01T09:50:00	2026-05-01T11:11:00	南方航空	CZ4230	经济舱	350	13	13	黄山屯溪国际机场	南京禄口国际机场
FLIGHT	C308	C153	TXN		HGH		2026-05-01T10:27:00	2026-05-01T11:41:00	海南航空	HU4231	经济舱	310	14	14	黄山屯溪国际机场	杭州萧山国际机场
FLIGHT	C308	C053	TXN		HFE		2026-05-01T11:04:00	2026-05-01T12:25:00	中国国航	CA4232	经济舱	350	15	15	黄山屯溪国际机场	合肥新桥国际机场
FLIGHT	C308	C221	TXN		FOC		2026-05-01T11:41:00	2026-05-01T13:17:00	东方航空	MU4233	经济舱	420	16	16	黄山屯溪国际机场	福州长乐国际机场
FLIGHT	C308	C046	TXN				2026-05-01T12:18:00	2026-05-01T13:40:00	南方航空	CZ4234	经济舱	350	17	17	黄山屯溪国际机场	南昌昌北国际机场
FLIGHT	C308	C180	TXN		TNA		2026-05-01T12:55:00	2026-05-01T15:08:00	海南航空	HU4235	经济舱	590	18	18	黄山屯溪国际机场	济南遥墙国际机场
FLIGHT	C308	C267	TXN		CGO		2026-05-01T13:32:00	2026-05-01T15:38:00	中国国航	CA4236	经济舱	560	19	19	黄山屯溪国际机场	郑州新郑国际机场
FLIGHT	C308	C164	TXN		WUH		2026-05-01T14:09:00	2026-05-01T15:44:00	东方航空	MU4237	经济舱	420	20	20	黄山屯溪国际机场	武汉天河国际机场
FLIGHT	C308	C284	TXN		CSX		2026-05-01T14:46:00	2026-05-01T16:36:00	南方航空	CZ4238	经济舱	490	21	21	黄山屯溪国际机场	长沙黄花国际机场
FLIGHT	C308	C112	TXN		CAN		2026-05-01T15:23:00	2026-05-01T17:47:00	海南航空	HU4239	经济舱	640	22	22	黄山屯溪国际机场	广州白云国际机场
FLIGHT	C308	C044	TXN		NNG		2026-05-01T16:00:00	2026-05-01T19:00:00	中国国航	CA4240	经济舱	800	23	23	黄山屯溪国际机场	南宁吴圩国际机场
FLIGHT	C308	C184	TXN		HAK		2026-05-01T16:37:00	2026-05-01T19:47:00	东方航空	MU4241	经济舱	850	24	24	黄山屯溪国际机场	海口美兰国际机场
FLIGHT	C308	C128	TXN		TFU		2026-05-01T17:14:00	2026-05-01T20:26:00	南方航空	CZ4242	经济舱	860	25	25	黄山屯溪国际机场	成都天府国际机场
FLIGHT	C308	C249	TXN		KWE		2026-05-01T17:51:00	2026-05-01T20:46:00	海南航空	HU4243	经济舱	780	26	26	黄山屯溪国际机场	贵阳龙洞堡国际机场
FLIGHT	C308	C142	TXN		KMG		2026-05-01T18:28:00	2026-05-01T22:06:00	中国国航	CA4244	经济舱	980	27	27	黄山屯溪国际机场	昆明长水国际机场
FLIGHT	C308	C133	TXN		LXA		2026-05-01T19:05:00	2026-05-02T00:22:00	东方航空	MU4245	经济舱	1420	28	28	黄山屯溪国际机场	拉萨贡嘎国际机场
FLIGHT	C308	C246	TXN		XIY		2026-05-01T19:42:00	2026-05-01T22:19:00	南方航空	CZ4246	经济舱	710	29	29	黄山屯溪国际机场	西安咸阳国际机场
FLIGHT	C308	C034	TXN		LHW		2026-05-01T06:19:00	2026-05-01T09:47:00	海南航空	HU4247	经济舱	930	30	30	黄山屯溪国际机场	兰州中川国际机场
FLIGHT	C308	C245	TXN		XNN		2026-05-01T06:56:00	2026-05-01T10:43:00	中国国航	CA4248	经济舱	1020	31	31	黄山屯溪国际机场	西宁曹家堡国际机场
FLIGHT	C308	C279	TXN		INC		2026-05-01T07:33:00	2026-05-01T10:56:00	东方航空	MU4249	经济舱	910	32	32	黄山屯溪国际机场	银川河东国际机场
FLIGHT	C308	C018	TXN				2026-05-01T08:10:00	2026-05-01T14:18:00	南方航空	CZ4250	经济舱	1660	33	33	黄山屯溪国际机场	乌鲁木齐天山国际机场
FLIGHT	C308	C300	TXN				2026-05-01T08:47:00	2026-05-01T11:14:00	海南航空	HU4251	经济舱	670	34	34	黄山屯溪国际机场	香港国际机场
FLIGHT	C308	C190	TXN		SZX		2026-05-01T10:38:00	2026-05-01T13:03:00	南方航空	CZ4254	经济舱	660	37	37	黄山屯溪国际机场	深圳宝安国际机场
FLIGHT	C308	C050	TXN		XMN		2026-05-01T11:15:00	2026-05-01T13:08:00	海南航空	HU4255	经济舱	520	3	3	黄山屯溪国际机场	厦门高崎国际机场
FLIGHT	C308	C297	TXN				2026-05-01T11:52:00	2026-05-01T14:00:00	中国国航	CA4256	经济舱	590	4	4	黄山屯溪国际机场	青岛胶东国际机场
FLIGHT	C308	C080	TXN		DLC		2026-05-01T12:29:00	2026-05-01T15:11:00	东方航空	MU4257	经济舱	740	5	5	黄山屯溪国际机场	大连周水子国际机场
FLIGHT	C308	C088	TXN		NGB		2026-05-01T13:06:00	2026-05-01T14:32:00	南方航空	CZ4258	经济舱	400	6	6	黄山屯溪国际机场	宁波栎社国际机场
FLIGHT	C308	C231	TXN				2026-05-01T13:43:00	2026-05-01T15:06:00	海南航空	HU4259	经济舱	380	7	7	黄山屯溪国际机场	苏州机场
FLIGHT	C308	C139	TXN				2026-05-01T14:20:00	2026-05-01T15:42:00	中国国航	CA4260	经济舱	380	8	8	黄山屯溪国际机场	苏南硕放国际机场
FLIGHT	C308	C158	TXN		KWL		2026-05-01T14:57:00	2026-05-01T17:25:00	东方航空	MU4261	经济舱	680	9	9	黄山屯溪国际机场	桂林两江国际机场
FLIGHT	C308	C002	TXN		SYX		2026-05-01T15:34:00	2026-05-01T19:05:00	南方航空	CZ4262	经济舱	960	10	10	黄山屯溪国际机场	三亚凤凰国际机场
FLIGHT	C308	C119	TXN				2026-05-01T16:11:00	2026-05-01T18:22:00	海南航空	HU4263	经济舱	610	11	11	黄山屯溪国际机场	张家界荷花国际机场
FLIGHT	C308	C015	TXN		LJG		2026-05-01T16:48:00	2026-05-01T20:43:00	中国国航	CA4264	经济舱	1070	12	12	黄山屯溪国际机场	丽江三义国际机场
FLIGHT	C308	C210	TXN		ZZH		2026-05-01T19:16:00	2026-05-01T21:46:00	中国国航	CA4268	经济舱	700	16	16	黄山屯溪国际机场	珠海金湾机场
FLIGHT	C308	C179	TXN				2026-05-01T19:53:00	2026-05-01T22:06:00	东方航空	MU4269	经济舱	620	17	17	黄山屯溪国际机场	洛阳北郊机场
FLIGHT	C308	C077	TXN				2026-05-01T06:30:00	2026-05-01T09:29:00	南方航空	CZ4270	经济舱	830	18	18	黄山屯溪国际机场	大同云冈国际机场
FLIGHT	C308	C070	TXN		KHG		2026-05-01T07:44:00	2026-05-01T15:18:00	中国国航	CA4272	经济舱	2070	20	20	黄山屯溪国际机场	喀什徕宁国际机场
FLIGHT	C308	C056	TXN				2026-05-01T08:21:00	2026-05-01T14:14:00	东方航空	MU4273	经济舱	1610	21	21	黄山屯溪国际机场	吐鲁番交河机场
FLIGHT	C308	C292	TXN				2026-05-01T08:58:00	2026-05-01T15:20:00	南方航空	CZ4274	经济舱	1750	22	22	黄山屯溪国际机场	阿勒泰雪都机场
FLIGHT	C308	C222	TXN		BPE		2026-05-01T09:35:00	2026-05-01T12:24:00	海南航空	HU4275	经济舱	790	23	23	黄山屯溪国际机场	秦皇岛北戴河机场
FLIGHT	C308	C084	TXN		WEH		2026-05-01T10:12:00	2026-05-01T12:41:00	中国国航	CA4276	经济舱	700	24	24	黄山屯溪国际机场	威海大水泊国际机场
FLIGHT	C308	C176	TXN		JJN		2026-05-01T10:49:00	2026-05-01T12:38:00	东方航空	MU4277	经济舱	520	25	25	黄山屯溪国际机场	泉州晋江国际机场
FLIGHT	C308	C129	TXN		YTY		2026-05-01T11:26:00	2026-05-01T12:53:00	南方航空	CZ4278	经济舱	420	26	26	黄山屯溪国际机场	扬州泰州国际机场
FLIGHT	C308	C071	TXN				2026-05-01T12:03:00	2026-05-01T13:24:00	海南航空	HU4279	经济舱	400	27	27	黄山屯溪国际机场	嘉兴机场
FLIGHT	C308	C040	TXN		BHY		2026-05-01T12:40:00	2026-05-01T15:45:00	中国国航	CA4280	经济舱	860	28	28	黄山屯溪国际机场	北海福成机场
FLIGHT	C308	C147	TXN				2026-05-01T13:17:00	2026-05-01T14:27:00	东方航空	MU4281	经济舱	340	29	29	黄山屯溪国际机场	景德镇罗家机场
FLIGHT	C308	C127	TXN				2026-05-01T15:08:00	2026-05-01T17:26:00	中国国航	CA4284	经济舱	660	32	32	黄山屯溪国际机场	惠州平潭机场
FLIGHT	C308	C205	TXN		YNT		2026-05-01T16:22:00	2026-05-01T18:48:00	南方航空	CZ4286	经济舱	690	34	34	黄山屯溪国际机场	烟台蓬莱国际机场
FLIGHT	C308	C025	TXN				2026-05-01T16:59:00	2026-05-01T19:25:00	海南航空	HU4287	经济舱	700	35	35	黄山屯溪国际机场	佛山沙堤机场
FLIGHT	C308	C192	TXN		WNZ		2026-05-01T18:13:00	2026-05-01T19:38:00	东方航空	MU4289	经济舱	420	37	37	黄山屯溪国际机场	温州龙湾国际机场
FLIGHT	C210	C039	ZZH		PEK		2026-05-01T06:00:00	2026-05-01T10:13:00	中国国航	CA4360	经济舱	1250	3	3	珠海金湾机场	北京首都国际机场
FLIGHT	C210	C005	ZZH		SHA		2026-05-01T06:37:00	2026-05-01T09:39:00	东方航空	MU4361	经济舱	930	4	4	珠海金湾机场	上海虹桥国际机场
FLIGHT	C210	C082	ZZH		TSN		2026-05-01T07:14:00	2026-05-01T11:19:00	南方航空	CZ4362	经济舱	1220	5	5	珠海金湾机场	天津滨海国际机场
FLIGHT	C210	C272	ZZH		CKG		2026-05-01T07:51:00	2026-05-01T10:33:00	海南航空	HU4363	经济舱	850	6	6	珠海金湾机场	重庆江北国际机场
FLIGHT	C210	C220	ZZH		SJW		2026-05-01T08:28:00	2026-05-01T12:19:00	中国国航	CA4364	经济舱	1150	7	7	珠海金湾机场	石家庄正定国际机场
FLIGHT	C210	C083	ZZH		TYN		2026-05-01T09:05:00	2026-05-01T12:54:00	东方航空	MU4365	经济舱	1150	8	8	珠海金湾机场	太原武宿国际机场
FLIGHT	C210	C061	ZZH		HET		2026-05-01T09:42:00	2026-05-01T14:04:00	南方航空	CZ4366	经济舱	1300	9	9	珠海金湾机场	呼和浩特白塔国际机场
FLIGHT	C210	C172	ZZH		SHE		2026-05-01T10:19:00	2026-05-01T15:10:00	海南航空	HU4367	经济舱	1430	10	10	珠海金湾机场	沈阳桃仙国际机场
FLIGHT	C210	C283	ZZH		CGQ		2026-05-01T10:56:00	2026-05-01T16:14:00	中国国航	CA4368	经济舱	1550	11	11	珠海金湾机场	长春龙嘉国际机场
FLIGHT	C210	C066	ZZH		HRB		2026-05-01T11:33:00	2026-05-01T17:15:00	东方航空	MU4369	经济舱	1660	12	12	珠海金湾机场	哈尔滨太平国际机场
FLIGHT	C210	C042	ZZH		NKG		2026-05-01T12:10:00	2026-05-01T15:05:00	南方航空	CZ4370	经济舱	910	13	13	珠海金湾机场	南京禄口国际机场
FLIGHT	C210	C153	ZZH		HGH		2026-05-01T12:47:00	2026-05-01T15:32:00	海南航空	HU4371	经济舱	870	14	14	珠海金湾机场	杭州萧山国际机场
FLIGHT	C210	C053	ZZH		HFE		2026-05-01T13:24:00	2026-05-01T16:11:00	中国国航	CA4372	经济舱	880	15	15	珠海金湾机场	合肥新桥国际机场
FLIGHT	C210	C221	ZZH		FOC		2026-05-01T14:01:00	2026-05-01T16:08:00	东方航空	MU4373	经济舱	700	16	16	珠海金湾机场	福州长乐国际机场
FLIGHT	C210	C046	ZZH				2026-05-01T14:38:00	2026-05-01T16:48:00	南方航空	CZ4374	经济舱	710	17	17	珠海金湾机场	南昌昌北国际机场
FLIGHT	C210	C180	ZZH		TNA		2026-05-01T15:15:00	2026-05-01T18:54:00	海南航空	HU4375	经济舱	1110	18	18	珠海金湾机场	济南遥墙国际机场
FLIGHT	C210	C267	ZZH		CGO		2026-05-01T15:52:00	2026-05-01T19:06:00	中国国航	CA4376	经济舱	1000	19	19	珠海金湾机场	郑州新郑国际机场
FLIGHT	C210	C164	ZZH		WUH		2026-05-01T16:29:00	2026-05-01T18:57:00	东方航空	MU4377	经济舱	790	20	20	珠海金湾机场	武汉天河国际机场
FLIGHT	C210	C284	ZZH		CSX		2026-05-01T17:06:00	2026-05-01T19:08:00	南方航空	CZ4378	经济舱	680	21	21	珠海金湾机场	长沙黄花国际机场
FLIGHT	C210	C112	ZZH		CAN		2026-05-01T17:43:00	2026-05-01T18:53:00	海南航空	HU4379	经济舱	420	22	22	珠海金湾机场	广州白云国际机场
FLIGHT	C210	C044	ZZH		NNG		2026-05-01T18:20:00	2026-05-01T20:09:00	中国国航	CA4380	经济舱	620	23	23	珠海金湾机场	南宁吴圩国际机场
FLIGHT	C210	C184	ZZH		HAK		2026-05-01T18:57:00	2026-05-01T20:35:00	东方航空	MU4381	经济舱	570	24	24	珠海金湾机场	海口美兰国际机场
FLIGHT	C210	C128	ZZH		TFU		2026-05-01T19:34:00	2026-05-01T22:41:00	南方航空	CZ4382	经济舱	980	25	25	珠海金湾机场	成都天府国际机场
FLIGHT	C210	C249	ZZH		KWE		2026-05-01T06:11:00	2026-05-01T08:32:00	海南航空	HU4383	经济舱	770	26	26	珠海金湾机场	贵阳龙洞堡国际机场
FLIGHT	C210	C142	ZZH		KMG		2026-05-01T06:48:00	2026-05-01T09:38:00	中国国航	CA4384	经济舱	900	27	27	珠海金湾机场	昆明长水国际机场
FLIGHT	C210	C133	ZZH		LXA		2026-05-01T07:25:00	2026-05-01T12:18:00	东方航空	MU4385	经济舱	1460	28	28	珠海金湾机场	拉萨贡嘎国际机场
FLIGHT	C210	C246	ZZH		XIY		2026-05-01T08:02:00	2026-05-01T11:19:00	南方航空	CZ4386	经济舱	1020	29	29	珠海金湾机场	西安咸阳国际机场
FLIGHT	C210	C034	ZZH		LHW		2026-05-01T08:39:00	2026-05-01T12:34:00	海南航空	HU4387	经济舱	1200	30	30	珠海金湾机场	兰州中川国际机场
FLIGHT	C210	C245	ZZH		XNN		2026-05-01T09:16:00	2026-05-01T13:27:00	中国国航	CA4388	经济舱	1270	31	31	珠海金湾机场	西宁曹家堡国际机场
FLIGHT	C210	C279	ZZH		INC		2026-05-01T09:53:00	2026-05-01T14:01:00	东方航空	MU4389	经济舱	1260	32	32	珠海金湾机场	银川河东国际机场
FLIGHT	C210	C018	ZZH				2026-05-01T10:30:00	2026-05-01T17:03:00	南方航空	CZ4390	经济舱	1910	33	33	珠海金湾机场	乌鲁木齐天山国际机场
FLIGHT	C210	C300	ZZH				2026-05-01T11:07:00	2026-05-01T12:17:00	海南航空	HU4391	经济舱	420	34	34	珠海金湾机场	香港国际机场
FLIGHT	C210	C190	ZZH		SZX		2026-05-01T12:58:00	2026-05-01T14:08:00	南方航空	CZ4394	经济舱	420	37	37	珠海金湾机场	深圳宝安国际机场
FLIGHT	C210	C050	ZZH		XMN		2026-05-01T13:35:00	2026-05-01T15:22:00	海南航空	HU4395	经济舱	630	3	3	珠海金湾机场	厦门高崎国际机场
FLIGHT	C210	C297	ZZH				2026-05-01T14:12:00	2026-05-01T17:54:00	中国国航	CA4396	经济舱	1150	4	4	珠海金湾机场	青岛胶东国际机场
FLIGHT	C210	C080	ZZH		DLC		2026-05-01T14:49:00	2026-05-01T19:04:00	东方航空	MU4397	经济舱	1300	5	5	珠海金湾机场	大连周水子国际机场
FLIGHT	C210	C088	ZZH		NGB		2026-05-01T15:26:00	2026-05-01T18:17:00	南方航空	CZ4398	经济舱	920	6	6	珠海金湾机场	宁波栎社国际机场
FLIGHT	C210	C231	ZZH				2026-05-01T16:03:00	2026-05-01T19:00:00	海南航空	HU4399	经济舱	950	7	7	珠海金湾机场	苏州机场
FLIGHT	C210	C139	ZZH				2026-05-01T16:40:00	2026-05-01T19:37:00	中国国航	CA4400	经济舱	780	8	8	珠海金湾机场	苏南硕放国际机场
FLIGHT	C210	C158	ZZH		KWL		2026-05-01T17:17:00	2026-05-01T18:59:00	东方航空	MU4401	经济舱	440	9	9	珠海金湾机场	桂林两江国际机场
FLIGHT	C210	C002	ZZH		SYX		2026-05-01T17:54:00	2026-05-01T19:51:00	南方航空	CZ4402	经济舱	510	10	10	珠海金湾机场	三亚凤凰国际机场
FLIGHT	C210	C119	ZZH				2026-05-01T18:31:00	2026-05-01T20:48:00	海南航空	HU4403	经济舱	600	11	11	珠海金湾机场	张家界荷花国际机场
FLIGHT	C210	C015	ZZH		LJG		2026-05-01T19:08:00	2026-05-01T22:27:00	中国国航	CA4404	经济舱	880	12	12	珠海金湾机场	丽江三义国际机场
FLIGHT	C210	C308	ZZH		TXN		2026-05-01T06:22:00	2026-05-01T08:52:00	南方航空	CZ4406	经济舱	670	14	14	珠海金湾机场	黄山屯溪国际机场
FLIGHT	C210	C179	ZZH				2026-05-01T08:13:00	2026-05-01T11:26:00	东方航空	MU4409	经济舱	860	17	17	珠海金湾机场	洛阳北郊机场
FLIGHT	C210	C077	ZZH				2026-05-01T08:50:00	2026-05-01T13:03:00	南方航空	CZ4410	经济舱	1130	18	18	珠海金湾机场	大同云冈国际机场
FLIGHT	C210	C070	ZZH		KHG		2026-05-01T10:04:00	2026-05-01T17:42:00	中国国航	CA4412	经济舱	2050	20	20	珠海金湾机场	喀什徕宁国际机场
FLIGHT	C210	C056	ZZH				2026-05-01T10:41:00	2026-05-01T16:58:00	东方航空	MU4413	经济舱	1690	21	21	珠海金湾机场	吐鲁番交河机场
FLIGHT	C210	C292	ZZH				2026-05-01T11:18:00	2026-05-01T18:16:00	南方航空	CZ4414	经济舱	1880	22	22	珠海金湾机场	阿勒泰雪都机场
FLIGHT	C210	C222	ZZH		BPE		2026-05-01T11:55:00	2026-05-01T16:15:00	海南航空	HU4415	经济舱	1170	23	23	珠海金湾机场	秦皇岛北戴河机场
FLIGHT	C210	C084	ZZH		WEH		2026-05-01T12:32:00	2026-05-01T16:35:00	中国国航	CA4416	经济舱	1090	24	24	珠海金湾机场	威海大水泊国际机场
FLIGHT	C210	C176	ZZH		JJN		2026-05-01T13:09:00	2026-05-01T15:03:00	东方航空	MU4417	经济舱	510	25	25	珠海金湾机场	泉州晋江国际机场
FLIGHT	C210	C129	ZZH		YTY		2026-05-01T13:46:00	2026-05-01T16:47:00	南方航空	CZ4418	经济舱	820	26	26	珠海金湾机场	扬州泰州国际机场
FLIGHT	C210	C071	ZZH				2026-05-01T14:23:00	2026-05-01T17:16:00	海南航空	HU4419	经济舱	780	27	27	珠海金湾机场	嘉兴机场
FLIGHT	C210	C040	ZZH		BHY		2026-05-01T15:00:00	2026-05-01T16:42:00	中国国航	CA4420	经济舱	460	28	28	珠海金湾机场	北海福成机场
FLIGHT	C210	C147	ZZH				2026-05-01T15:37:00	2026-05-01T17:58:00	东方航空	MU4421	经济舱	640	29	29	珠海金湾机场	景德镇罗家机场
FLIGHT	C210	C127	ZZH				2026-05-01T17:28:00	2026-05-01T18:38:00	中国国航	CA4424	经济舱	310	32	32	珠海金湾机场	惠州平潭机场
FLIGHT	C210	C205	ZZH		YNT		2026-05-01T18:42:00	2026-05-01T22:42:00	南方航空	CZ4426	经济舱	1090	34	34	珠海金湾机场	烟台蓬莱国际机场
FLIGHT	C210	C025	ZZH				2026-05-01T19:19:00	2026-05-01T20:29:00	海南航空	HU4427	经济舱	300	35	35	珠海金湾机场	佛山沙堤机场
FLIGHT	C210	C192	ZZH		WNZ		2026-05-01T06:33:00	2026-05-01T09:04:00	东方航空	MU4429	经济舱	690	37	37	珠海金湾机场	温州龙湾国际机场
FLIGHT	C179	C039			PEK		2026-05-01T07:10:00	2026-05-01T09:13:00	南方航空	CZ4430	经济舱	570	3	3	洛阳北郊机场	北京首都国际机场
FLIGHT	C179	C005			SHA		2026-05-01T07:47:00	2026-05-01T10:14:00	海南航空	HU4431	经济舱	680	4	4	洛阳北郊机场	上海虹桥国际机场
FLIGHT	C179	C082			TSN		2026-05-01T08:24:00	2026-05-01T10:24:00	中国国航	CA4432	经济舱	560	5	5	洛阳北郊机场	天津滨海国际机场
FLIGHT	C179	C272			CKG		2026-05-01T09:01:00	2026-05-01T11:15:00	东方航空	MU4433	经济舱	620	6	6	洛阳北郊机场	重庆江北国际机场
FLIGHT	C179	C220			SJW		2026-05-01T09:38:00	2026-05-01T11:15:00	南方航空	CZ4434	经济舱	450	7	7	洛阳北郊机场	石家庄正定国际机场
FLIGHT	C179	C083			TYN		2026-05-01T10:15:00	2026-05-01T11:46:00	海南航空	HU4435	经济舱	430	8	8	洛阳北郊机场	太原武宿国际机场
FLIGHT	C179	C061			HET		2026-05-01T10:52:00	2026-05-01T12:56:00	中国国航	CA4436	经济舱	580	9	9	洛阳北郊机场	呼和浩特白塔国际机场
FLIGHT	C179	C172			SHE		2026-05-01T11:29:00	2026-05-01T14:29:00	东方航空	MU4437	经济舱	830	10	10	洛阳北郊机场	沈阳桃仙国际机场
FLIGHT	C179	C283			CGQ		2026-05-01T12:06:00	2026-05-01T15:32:00	南方航空	CZ4438	经济舱	950	11	11	洛阳北郊机场	长春龙嘉国际机场
FLIGHT	C179	C066			HRB		2026-05-01T12:43:00	2026-05-01T16:30:00	海南航空	HU4439	经济舱	1040	12	12	洛阳北郊机场	哈尔滨太平国际机场
FLIGHT	C179	C042			NKG		2026-05-01T13:20:00	2026-05-01T15:20:00	中国国航	CA4440	经济舱	560	13	13	洛阳北郊机场	南京禄口国际机场
FLIGHT	C179	C153			HGH		2026-05-01T13:57:00	2026-05-01T16:19:00	东方航空	MU4441	经济舱	660	14	14	洛阳北郊机场	杭州萧山国际机场
FLIGHT	C179	C053			HFE		2026-05-01T14:34:00	2026-05-01T16:23:00	南方航空	CZ4442	经济舱	520	15	15	洛阳北郊机场	合肥新桥国际机场
FLIGHT	C179	C221			FOC		2026-05-01T15:11:00	2026-05-01T18:01:00	海南航空	HU4443	经济舱	790	16	16	洛阳北郊机场	福州长乐国际机场
FLIGHT	C179	C046					2026-05-01T15:48:00	2026-05-01T17:57:00	中国国航	CA4444	经济舱	600	17	17	洛阳北郊机场	南昌昌北国际机场
FLIGHT	C179	C180			TNA		2026-05-01T16:25:00	2026-05-01T18:07:00	东方航空	MU4445	经济舱	490	18	18	洛阳北郊机场	济南遥墙国际机场
FLIGHT	C179	C267			CGO		2026-05-01T17:02:00	2026-05-01T18:12:00	南方航空	CZ4446	经济舱	320	19	19	洛阳北郊机场	郑州新郑国际机场
FLIGHT	C179	C164			WUH		2026-05-01T17:39:00	2026-05-01T19:22:00	海南航空	HU4447	经济舱	490	20	20	洛阳北郊机场	武汉天河国际机场
FLIGHT	C179	C284			CSX		2026-05-01T18:16:00	2026-05-01T20:22:00	中国国航	CA4448	经济舱	600	21	21	洛阳北郊机场	长沙黄花国际机场
FLIGHT	C179	C112			CAN		2026-05-01T18:53:00	2026-05-01T21:56:00	东方航空	MU4449	经济舱	860	22	22	洛阳北郊机场	广州白云国际机场
FLIGHT	C179	C044			NNG		2026-05-01T19:30:00	2026-05-01T22:42:00	南方航空	CZ4450	经济舱	900	23	23	洛阳北郊机场	南宁吴圩国际机场
FLIGHT	C179	C184			HAK		2026-05-01T06:07:00	2026-05-01T09:46:00	海南航空	HU4451	经济舱	1020	24	24	洛阳北郊机场	海口美兰国际机场
FLIGHT	C179	C128			TFU		2026-05-01T06:44:00	2026-05-01T09:09:00	中国国航	CA4452	经济舱	690	25	25	洛阳北郊机场	成都天府国际机场
FLIGHT	C179	C249			KWE		2026-05-01T07:21:00	2026-05-01T10:01:00	东方航空	MU4453	经济舱	750	26	26	洛阳北郊机场	贵阳龙洞堡国际机场
FLIGHT	C179	C142			KMG		2026-05-01T07:58:00	2026-05-01T11:15:00	南方航空	CZ4454	经济舱	920	27	27	洛阳北郊机场	昆明长水国际机场
FLIGHT	C179	C133			LXA		2026-05-01T08:35:00	2026-05-01T12:57:00	海南航空	HU4455	经济舱	1220	28	28	洛阳北郊机场	拉萨贡嘎国际机场
FLIGHT	C179	C246			XIY		2026-05-01T09:12:00	2026-05-01T10:39:00	中国国航	CA4456	经济舱	430	29	29	洛阳北郊机场	西安咸阳国际机场
FLIGHT	C179	C034			LHW		2026-05-01T09:49:00	2026-05-01T12:04:00	东方航空	MU4457	经济舱	650	30	30	洛阳北郊机场	兰州中川国际机场
FLIGHT	C179	C245			XNN		2026-05-01T10:26:00	2026-05-01T13:00:00	南方航空	CZ4458	经济舱	730	31	31	洛阳北郊机场	西宁曹家堡国际机场
FLIGHT	C179	C279			INC		2026-05-01T11:03:00	2026-05-01T13:08:00	海南航空	HU4459	经济舱	610	32	32	洛阳北郊机场	银川河东国际机场
FLIGHT	C179	C018					2026-05-01T11:40:00	2026-05-01T16:31:00	中国国航	CA4460	经济舱	1350	33	33	洛阳北郊机场	乌鲁木齐天山国际机场
FLIGHT	C179	C300					2026-05-01T12:17:00	2026-05-01T15:30:00	东方航空	MU4461	经济舱	910	34	34	洛阳北郊机场	香港国际机场
FLIGHT	C179	C190			SZX		2026-05-01T14:08:00	2026-05-01T17:18:00	中国国航	CA4464	经济舱	900	37	37	洛阳北郊机场	深圳宝安国际机场
FLIGHT	C179	C050			XMN		2026-05-01T14:45:00	2026-05-01T17:45:00	东方航空	MU4465	经济舱	860	3	3	洛阳北郊机场	厦门高崎国际机场
FLIGHT	C179	C297					2026-05-01T15:22:00	2026-05-01T17:31:00	南方航空	CZ4466	经济舱	630	4	4	洛阳北郊机场	青岛胶东国际机场
FLIGHT	C179	C080			DLC		2026-05-01T15:59:00	2026-05-01T18:28:00	海南航空	HU4467	经济舱	720	5	5	洛阳北郊机场	大连周水子国际机场
FLIGHT	C179	C088			NGB		2026-05-01T16:36:00	2026-05-01T19:12:00	中国国航	CA4468	经济舱	750	6	6	洛阳北郊机场	宁波栎社国际机场
FLIGHT	C179	C231					2026-05-01T17:13:00	2026-05-01T19:32:00	东方航空	MU4469	经济舱	680	7	7	洛阳北郊机场	苏州机场
FLIGHT	C179	C139					2026-05-01T17:50:00	2026-05-01T20:06:00	南方航空	CZ4470	经济舱	660	8	8	洛阳北郊机场	苏南硕放国际机场
FLIGHT	C179	C158			KWL		2026-05-01T18:27:00	2026-05-01T21:08:00	海南航空	HU4471	经济舱	780	9	9	洛阳北郊机场	桂林两江国际机场
FLIGHT	C179	C002			SYX		2026-05-01T19:04:00	2026-05-01T23:03:00	中国国航	CA4472	经济舱	1130	10	10	洛阳北郊机场	三亚凤凰国际机场
FLIGHT	C179	C119					2026-05-01T19:41:00	2026-05-01T21:40:00	东方航空	MU4473	经济舱	590	11	11	洛阳北郊机场	张家界荷花国际机场
FLIGHT	C179	C015			LJG		2026-05-01T06:18:00	2026-05-01T09:38:00	南方航空	CZ4474	经济舱	960	12	12	洛阳北郊机场	丽江三义国际机场
FLIGHT	C179	C308			TXN		2026-05-01T07:32:00	2026-05-01T09:45:00	中国国航	CA4476	经济舱	660	14	14	洛阳北郊机场	黄山屯溪国际机场
FLIGHT	C179	C210			ZZH		2026-05-01T08:46:00	2026-05-01T11:59:00	南方航空	CZ4478	经济舱	930	16	16	洛阳北郊机场	珠海金湾机场
FLIGHT	C179	C077					2026-05-01T10:00:00	2026-05-01T11:56:00	中国国航	CA4480	经济舱	590	18	18	洛阳北郊机场	大同云冈国际机场
FLIGHT	C179	C070			KHG		2026-05-01T11:14:00	2026-05-01T17:35:00	南方航空	CZ4482	经济舱	1780	20	20	洛阳北郊机场	喀什徕宁国际机场
FLIGHT	C179	C056					2026-05-01T11:51:00	2026-05-01T16:27:00	海南航空	HU4483	经济舱	1310	21	21	洛阳北郊机场	吐鲁番交河机场
FLIGHT	C179	C292					2026-05-01T12:28:00	2026-05-01T17:32:00	中国国航	CA4484	经济舱	1440	22	22	洛阳北郊机场	阿勒泰雪都机场
FLIGHT	C179	C222			BPE		2026-05-01T13:05:00	2026-05-01T15:27:00	东方航空	MU4485	经济舱	700	23	23	洛阳北郊机场	秦皇岛北戴河机场
FLIGHT	C179	C084			WEH		2026-05-01T13:42:00	2026-05-01T16:10:00	南方航空	CZ4486	经济舱	730	24	24	洛阳北郊机场	威海大水泊国际机场
FLIGHT	C179	C176			JJN		2026-05-01T14:19:00	2026-05-01T17:18:00	海南航空	HU4487	经济舱	870	25	25	洛阳北郊机场	泉州晋江国际机场
FLIGHT	C179	C129			YTY		2026-05-01T14:56:00	2026-05-01T17:00:00	中国国航	CA4488	经济舱	630	26	26	洛阳北郊机场	扬州泰州国际机场
FLIGHT	C179	C071					2026-05-01T15:33:00	2026-05-01T17:57:00	东方航空	MU4489	经济舱	720	27	27	洛阳北郊机场	嘉兴机场
FLIGHT	C179	C040			BHY		2026-05-01T16:10:00	2026-05-01T19:35:00	南方航空	CZ4490	经济舱	990	28	28	洛阳北郊机场	北海福成机场
FLIGHT	C179	C147					2026-05-01T16:47:00	2026-05-01T18:56:00	海南航空	HU4491	经济舱	660	29	29	洛阳北郊机场	景德镇罗家机场
FLIGHT	C179	C127					2026-05-01T18:38:00	2026-05-01T21:42:00	南方航空	CZ4494	经济舱	910	32	32	洛阳北郊机场	惠州平潭机场
FLIGHT	C179	C205			YNT		2026-05-01T19:52:00	2026-05-01T22:14:00	中国国航	CA4496	经济舱	720	34	34	洛阳北郊机场	烟台蓬莱国际机场
FLIGHT	C179	C025					2026-05-01T06:29:00	2026-05-01T09:33:00	东方航空	MU4497	经济舱	910	35	35	洛阳北郊机场	佛山沙堤机场
FLIGHT	C179	C192			WNZ		2026-05-01T07:43:00	2026-05-01T10:25:00	海南航空	HU4499	经济舱	810	37	37	洛阳北郊机场	温州龙湾国际机场
FLIGHT	C077	C039			PEK		2026-05-01T08:20:00	2026-05-01T09:41:00	中国国航	CA4500	经济舱	450	3	3	大同云冈国际机场	北京首都国际机场
FLIGHT	C077	C005			SHA		2026-05-01T08:57:00	2026-05-01T11:55:00	东方航空	MU4501	经济舱	880	4	4	大同云冈国际机场	上海虹桥国际机场
FLIGHT	C077	C082			TSN		2026-05-01T09:34:00	2026-05-01T11:04:00	南方航空	CZ4502	经济舱	490	5	5	大同云冈国际机场	天津滨海国际机场
FLIGHT	C077	C272			CKG		2026-05-01T10:11:00	2026-05-01T13:18:00	海南航空	HU4503	经济舱	930	6	6	大同云冈国际机场	重庆江北国际机场
FLIGHT	C077	C220			SJW		2026-05-01T10:48:00	2026-05-01T12:08:00	中国国航	CA4504	经济舱	450	7	7	大同云冈国际机场	石家庄正定国际机场
FLIGHT	C077	C083			TYN		2026-05-01T11:25:00	2026-05-01T12:45:00	东方航空	MU4505	经济舱	450	8	8	大同云冈国际机场	太原武宿国际机场
FLIGHT	C077	C061			HET		2026-05-01T12:02:00	2026-05-01T13:13:00	南方航空	CZ4506	经济舱	410	9	9	大同云冈国际机场	呼和浩特白塔国际机场
FLIGHT	C077	C172			SHE		2026-05-01T12:39:00	2026-05-01T15:01:00	海南航空	HU4507	经济舱	730	10	10	大同云冈国际机场	沈阳桃仙国际机场
FLIGHT	C077	C283			CGQ		2026-05-01T13:16:00	2026-05-01T15:59:00	中国国航	CA4508	经济舱	820	11	11	大同云冈国际机场	长春龙嘉国际机场
FLIGHT	C077	C066			HRB		2026-05-01T13:53:00	2026-05-01T16:53:00	东方航空	MU4509	经济舱	900	12	12	大同云冈国际机场	哈尔滨太平国际机场
FLIGHT	C077	C042			NKG		2026-05-01T14:30:00	2026-05-01T17:07:00	南方航空	CZ4510	经济舱	800	13	13	大同云冈国际机场	南京禄口国际机场
FLIGHT	C077	C153			HGH		2026-05-01T15:07:00	2026-05-01T18:07:00	海南航空	HU4511	经济舱	910	14	14	大同云冈国际机场	杭州萧山国际机场
FLIGHT	C077	C053			HFE		2026-05-01T15:44:00	2026-05-01T18:17:00	中国国航	CA4512	经济舱	780	15	15	大同云冈国际机场	合肥新桥国际机场
FLIGHT	C077	C221			FOC		2026-05-01T16:21:00	2026-05-01T20:01:00	东方航空	MU4513	经济舱	1090	16	16	大同云冈国际机场	福州长乐国际机场
FLIGHT	C077	C046					2026-05-01T16:58:00	2026-05-01T20:02:00	南方航空	CZ4514	经济舱	920	17	17	大同云冈国际机场	南昌昌北国际机场
FLIGHT	C077	C180			TNA		2026-05-01T17:35:00	2026-05-01T19:20:00	海南航空	HU4515	经济舱	570	18	18	大同云冈国际机场	济南遥墙国际机场
FLIGHT	C077	C267			CGO		2026-05-01T18:12:00	2026-05-01T20:06:00	中国国航	CA4516	经济舱	610	19	19	大同云冈国际机场	郑州新郑国际机场
FLIGHT	C077	C164			WUH		2026-05-01T18:49:00	2026-05-01T21:30:00	东方航空	MU4517	经济舱	820	20	20	大同云冈国际机场	武汉天河国际机场
FLIGHT	C077	C284			CSX		2026-05-01T19:26:00	2026-05-01T22:33:00	南方航空	CZ4518	经济舱	940	21	21	大同云冈国际机场	长沙黄花国际机场
FLIGHT	C077	C112			CAN		2026-05-01T06:03:00	2026-05-01T10:06:00	海南航空	HU4519	经济舱	1200	22	22	大同云冈国际机场	广州白云国际机场
FLIGHT	C077	C044			NNG		2026-05-01T06:40:00	2026-05-01T10:52:00	中国国航	CA4520	经济舱	1240	23	23	大同云冈国际机场	南宁吴圩国际机场
FLIGHT	C077	C184			HAK		2026-05-01T07:17:00	2026-05-01T11:57:00	东方航空	MU4521	经济舱	1360	24	24	大同云冈国际机场	海口美兰国际机场
FLIGHT	C077	C128			TFU		2026-05-01T07:54:00	2026-05-01T11:04:00	南方航空	CZ4522	经济舱	960	25	25	大同云冈国际机场	成都天府国际机场
FLIGHT	C077	C249			KWE		2026-05-01T08:31:00	2026-05-01T12:08:00	海南航空	HU4523	经济舱	1080	26	26	大同云冈国际机场	贵阳龙洞堡国际机场
FLIGHT	C077	C142			KMG		2026-05-01T09:08:00	2026-05-01T13:17:00	中国国航	CA4524	经济舱	1230	27	27	大同云冈国际机场	昆明长水国际机场
FLIGHT	C077	C133			LXA		2026-05-01T09:45:00	2026-05-01T14:32:00	东方航空	MU4525	经济舱	1400	28	28	大同云冈国际机场	拉萨贡嘎国际机场
FLIGHT	C077	C246			XIY		2026-05-01T10:22:00	2026-05-01T12:32:00	南方航空	CZ4526	经济舱	690	29	29	大同云冈国际机场	西安咸阳国际机场
FLIGHT	C077	C034			LHW		2026-05-01T10:59:00	2026-05-01T13:28:00	海南航空	HU4527	经济舱	780	30	30	大同云冈国际机场	兰州中川国际机场
FLIGHT	C077	C245			XNN		2026-05-01T11:36:00	2026-05-01T14:18:00	中国国航	CA4528	经济舱	840	31	31	大同云冈国际机场	西宁曹家堡国际机场
FLIGHT	C077	C279			INC		2026-05-01T12:13:00	2026-05-01T14:11:00	东方航空	MU4529	经济舱	640	32	32	大同云冈国际机场	银川河东国际机场
FLIGHT	C077	C018					2026-05-01T12:50:00	2026-05-01T17:20:00	南方航空	CZ4530	经济舱	1330	33	33	大同云冈国际机场	乌鲁木齐天山国际机场
FLIGHT	C077	C300					2026-05-01T13:27:00	2026-05-01T17:40:00	海南航空	HU4531	经济舱	1250	34	34	大同云冈国际机场	香港国际机场
FLIGHT	C077	C190			SZX		2026-05-01T15:18:00	2026-05-01T19:28:00	南方航空	CZ4534	经济舱	1240	37	37	大同云冈国际机场	深圳宝安国际机场
FLIGHT	C077	C050			XMN		2026-05-01T15:55:00	2026-05-01T19:49:00	海南航空	HU4535	经济舱	1170	3	3	大同云冈国际机场	厦门高崎国际机场
FLIGHT	C077	C297					2026-05-01T16:32:00	2026-05-01T18:43:00	中国国航	CA4536	经济舱	710	4	4	大同云冈国际机场	青岛胶东国际机场
FLIGHT	C077	C080			DLC		2026-05-01T17:09:00	2026-05-01T19:16:00	东方航空	MU4537	经济舱	690	5	5	大同云冈国际机场	大连周水子国际机场
FLIGHT	C077	C088			NGB		2026-05-01T17:46:00	2026-05-01T20:57:00	南方航空	CZ4538	经济舱	980	6	6	大同云冈国际机场	宁波栎社国际机场
FLIGHT	C077	C231					2026-05-01T18:23:00	2026-05-01T21:16:00	海南航空	HU4539	经济舱	900	7	7	大同云冈国际机场	苏州机场
FLIGHT	C077	C139					2026-05-01T19:00:00	2026-05-01T21:49:00	中国国航	CA4540	经济舱	890	8	8	大同云冈国际机场	苏南硕放国际机场
FLIGHT	C077	C158			KWL		2026-05-01T19:37:00	2026-05-01T23:19:00	东方航空	MU4541	经济舱	1120	9	9	大同云冈国际机场	桂林两江国际机场
FLIGHT	C077	C002			SYX		2026-05-01T06:14:00	2026-05-01T11:14:00	南方航空	CZ4542	经济舱	1480	10	10	大同云冈国际机场	三亚凤凰国际机场
FLIGHT	C077	C119					2026-05-01T06:51:00	2026-05-01T09:51:00	海南航空	HU4543	经济舱	930	11	11	大同云冈国际机场	张家界荷花国际机场
FLIGHT	C077	C015			LJG		2026-05-01T07:28:00	2026-05-01T11:33:00	中国国航	CA4544	经济舱	1230	12	12	大同云冈国际机场	丽江三义国际机场
FLIGHT	C077	C308			TXN		2026-05-01T08:42:00	2026-05-01T11:41:00	南方航空	CZ4546	经济舱	930	14	14	大同云冈国际机场	黄山屯溪国际机场
FLIGHT	C077	C210			ZZH		2026-05-01T09:56:00	2026-05-01T14:09:00	中国国航	CA4548	经济舱	1270	16	16	大同云冈国际机场	珠海金湾机场
FLIGHT	C077	C179					2026-05-01T10:33:00	2026-05-01T12:29:00	东方航空	MU4549	经济舱	650	17	17	大同云冈国际机场	洛阳北郊机场
FLIGHT	C077	C070			KHG		2026-05-01T12:24:00	2026-05-01T18:36:00	中国国航	CA4552	经济舱	1810	20	20	大同云冈国际机场	喀什徕宁国际机场
FLIGHT	C077	C056					2026-05-01T13:01:00	2026-05-01T17:19:00	东方航空	MU4553	经济舱	1290	21	21	大同云冈国际机场	吐鲁番交河机场
FLIGHT	C077	C292					2026-05-01T13:38:00	2026-05-01T18:11:00	南方航空	CZ4554	经济舱	1360	22	22	大同云冈国际机场	阿勒泰雪都机场
FLIGHT	C077	C222			BPE		2026-05-01T14:15:00	2026-05-01T16:04:00	海南航空	HU4555	经济舱	630	23	23	大同云冈国际机场	秦皇岛北戴河机场
FLIGHT	C077	C084			WEH		2026-05-01T14:52:00	2026-05-01T17:09:00	中国国航	CA4556	经济舱	750	24	24	大同云冈国际机场	威海大水泊国际机场
FLIGHT	C077	C176			JJN		2026-05-01T15:29:00	2026-05-01T19:20:00	东方航空	MU4557	经济舱	1180	25	25	大同云冈国际机场	泉州晋江国际机场
FLIGHT	C077	C129			YTY		2026-05-01T16:06:00	2026-05-01T18:43:00	南方航空	CZ4558	经济舱	840	26	26	大同云冈国际机场	扬州泰州国际机场
FLIGHT	C077	C071					2026-05-01T16:43:00	2026-05-01T19:42:00	海南航空	HU4559	经济舱	950	27	27	大同云冈国际机场	嘉兴机场
FLIGHT	C077	C040			BHY		2026-05-01T17:20:00	2026-05-01T21:46:00	中国国航	CA4560	经济舱	1340	28	28	大同云冈国际机场	北海福成机场
FLIGHT	C077	C147					2026-05-01T17:57:00	2026-05-01T20:57:00	东方航空	MU4561	经济舱	950	29	29	大同云冈国际机场	景德镇罗家机场
FLIGHT	C077	C127					2026-05-01T19:48:00	2026-05-01T23:52:00	中国国航	CA4564	经济舱	1240	32	32	大同云冈国际机场	惠州平潭机场
FLIGHT	C077	C205			YNT		2026-05-01T07:02:00	2026-05-01T09:13:00	南方航空	CZ4566	经济舱	740	34	34	大同云冈国际机场	烟台蓬莱国际机场
FLIGHT	C077	C025					2026-05-01T07:39:00	2026-05-01T11:44:00	海南航空	HU4567	经济舱	1250	35	35	大同云冈国际机场	佛山沙堤机场
FLIGHT	C077	C192			WNZ		2026-05-01T08:53:00	2026-05-01T12:18:00	东方航空	MU4569	经济舱	1080	37	37	大同云冈国际机场	温州龙湾国际机场
FLIGHT	C070	C039	KHG		PEK		2026-05-01T10:40:00	2026-05-01T17:18:00	中国国航	CA4640	经济舱	1840	3	3	喀什徕宁国际机场	北京首都国际机场
FLIGHT	C070	C005	KHG		SHA		2026-05-01T11:17:00	2026-05-01T19:10:00	东方航空	MU4641	经济舱	2180	4	4	喀什徕宁国际机场	上海虹桥国际机场
FLIGHT	C070	C082	KHG		TSN		2026-05-01T11:54:00	2026-05-01T18:41:00	南方航空	CZ4642	经济舱	1880	5	5	喀什徕宁国际机场	天津滨海国际机场
FLIGHT	C070	C272	KHG		CKG		2026-05-01T12:31:00	2026-05-01T18:25:00	海南航空	HU4643	经济舱	1650	6	6	喀什徕宁国际机场	重庆江北国际机场
FLIGHT	C070	C220	KHG		SJW		2026-05-01T13:08:00	2026-05-01T19:35:00	中国国航	CA4644	经济舱	1800	7	7	喀什徕宁国际机场	石家庄正定国际机场
FLIGHT	C070	C083	KHG		TYN		2026-05-01T13:45:00	2026-05-01T19:56:00	东方航空	MU4645	经济舱	1730	8	8	喀什徕宁国际机场	太原武宿国际机场
FLIGHT	C070	C061	KHG		HET		2026-05-01T14:22:00	2026-05-01T20:19:00	南方航空	CZ4646	经济舱	1670	9	9	喀什徕宁国际机场	呼和浩特白塔国际机场
FLIGHT	C070	C172	KHG		SHE		2026-05-01T14:59:00	2026-05-01T22:30:00	海南航空	HU4647	经济舱	2090	10	10	喀什徕宁国际机场	沈阳桃仙国际机场
FLIGHT	C070	C283	KHG		CGQ		2026-05-01T15:36:00	2026-05-01T23:18:00	中国国航	CA4648	经济舱	2140	11	11	喀什徕宁国际机场	长春龙嘉国际机场
FLIGHT	C070	C066	KHG		HRB		2026-05-01T16:13:00	2026-05-02T00:00:00	东方航空	MU4649	经济舱	2160	12	12	喀什徕宁国际机场	哈尔滨太平国际机场
FLIGHT	C070	C042	KHG		NKG		2026-05-01T16:50:00	2026-05-02T00:16:00	南方航空	CZ4650	经济舱	2070	13	13	喀什徕宁国际机场	南京禄口国际机场
FLIGHT	C070	C153	KHG		HGH		2026-05-01T17:27:00	2026-05-02T01:13:00	海南航空	HU4651	经济舱	2160	14	14	喀什徕宁国际机场	杭州萧山国际机场
FLIGHT	C070	C053	KHG		HFE		2026-05-01T18:04:00	2026-05-02T01:18:00	中国国航	CA4652	经济舱	2020	15	15	喀什徕宁国际机场	合肥新桥国际机场
FLIGHT	C070	C221	KHG		FOC		2026-05-01T18:41:00	2026-05-02T02:43:00	东方航空	MU4653	经济舱	2230	16	16	喀什徕宁国际机场	福州长乐国际机场
FLIGHT	C070	C046	KHG				2026-05-01T19:18:00	2026-05-02T02:36:00	南方航空	CZ4654	经济舱	2040	17	17	喀什徕宁国际机场	南昌昌北国际机场
FLIGHT	C070	C180	KHG		TNA		2026-05-01T19:55:00	2026-05-02T02:47:00	海南航空	HU4655	经济舱	1920	18	18	喀什徕宁国际机场	济南遥墙国际机场
FLIGHT	C070	C267	KHG		CGO		2026-05-01T06:32:00	2026-05-01T13:02:00	中国国航	CA4656	经济舱	1830	19	19	喀什徕宁国际机场	郑州新郑国际机场
FLIGHT	C070	C164	KHG		WUH		2026-05-01T07:09:00	2026-05-01T14:04:00	东方航空	MU4657	经济舱	1940	20	20	喀什徕宁国际机场	武汉天河国际机场
FLIGHT	C070	C284	KHG		CSX		2026-05-01T07:46:00	2026-05-01T14:41:00	南方航空	CZ4658	经济舱	1940	21	21	喀什徕宁国际机场	长沙黄花国际机场
FLIGHT	C070	C112	KHG		CAN		2026-05-01T08:23:00	2026-05-01T15:52:00	海南航空	HU4659	经济舱	2090	22	22	喀什徕宁国际机场	广州白云国际机场
FLIGHT	C070	C044	KHG		NNG		2026-05-01T09:00:00	2026-05-01T15:52:00	中国国航	CA4660	经济舱	1920	23	23	喀什徕宁国际机场	南宁吴圩国际机场
FLIGHT	C070	C184	KHG		HAK		2026-05-01T09:37:00	2026-05-01T17:03:00	东方航空	MU4661	经济舱	2080	24	24	喀什徕宁国际机场	海口美兰国际机场
FLIGHT	C070	C128	KHG		TFU		2026-05-01T10:14:00	2026-05-01T15:42:00	南方航空	CZ4662	经济舱	1550	25	25	喀什徕宁国际机场	成都天府国际机场
FLIGHT	C070	C249	KHG		KWE		2026-05-01T10:51:00	2026-05-01T17:03:00	海南航空	HU4663	经济舱	1750	26	26	喀什徕宁国际机场	贵阳龙洞堡国际机场
FLIGHT	C070	C142	KHG		KMG		2026-05-01T11:28:00	2026-05-01T17:19:00	中国国航	CA4664	经济舱	1660	27	27	喀什徕宁国际机场	昆明长水国际机场
FLIGHT	C070	C133	KHG		LXA		2026-05-01T12:05:00	2026-05-01T15:56:00	东方航空	MU4665	经济舱	1120	28	28	喀什徕宁国际机场	拉萨贡嘎国际机场
FLIGHT	C070	C246	KHG		XIY		2026-05-01T12:42:00	2026-05-01T18:34:00	南方航空	CZ4666	经济舱	1660	29	29	喀什徕宁国际机场	西安咸阳国际机场
FLIGHT	C070	C034	KHG		LHW		2026-05-01T13:19:00	2026-05-01T18:21:00	海南航空	HU4667	经济舱	1440	30	30	喀什徕宁国际机场	兰州中川国际机场
FLIGHT	C070	C245	KHG		XNN		2026-05-01T13:56:00	2026-05-01T18:38:00	中国国航	CA4668	经济舱	1350	31	31	喀什徕宁国际机场	西宁曹家堡国际机场
FLIGHT	C070	C279	KHG		INC		2026-05-01T14:33:00	2026-05-01T19:48:00	东方航空	MU4669	经济舱	1500	32	32	喀什徕宁国际机场	银川河东国际机场
FLIGHT	C070	C018	KHG				2026-05-01T15:10:00	2026-05-01T17:53:00	南方航空	CZ4670	经济舱	820	33	33	喀什徕宁国际机场	乌鲁木齐天山国际机场
FLIGHT	C070	C300	KHG				2026-05-01T15:47:00	2026-05-01T23:29:00	海南航空	HU4671	经济舱	2160	34	34	喀什徕宁国际机场	香港国际机场
FLIGHT	C070	C190	KHG		SZX		2026-05-01T17:38:00	2026-05-02T01:18:00	南方航空	CZ4674	经济舱	2150	37	37	喀什徕宁国际机场	深圳宝安国际机场
FLIGHT	C070	C050	KHG		XMN		2026-05-01T18:15:00	2026-05-02T02:16:00	海南航空	HU4675	经济舱	2250	3	3	喀什徕宁国际机场	厦门高崎国际机场
FLIGHT	C070	C297	KHG				2026-05-01T18:52:00	2026-05-02T02:15:00	中国国航	CA4676	经济舱	2080	4	4	喀什徕宁国际机场	青岛胶东国际机场
FLIGHT	C070	C080	KHG		DLC		2026-05-01T19:29:00	2026-05-02T02:53:00	东方航空	MU4677	经济舱	2090	5	5	喀什徕宁国际机场	大连周水子国际机场
FLIGHT	C070	C088	KHG		NGB		2026-05-01T06:06:00	2026-05-01T14:06:00	南方航空	CZ4678	经济舱	2250	6	6	喀什徕宁国际机场	宁波栎社国际机场
FLIGHT	C070	C231	KHG				2026-05-01T06:43:00	2026-05-01T14:28:00	海南航空	HU4679	经济舱	2180	7	7	喀什徕宁国际机场	苏州机场
FLIGHT	C070	C139	KHG				2026-05-01T07:20:00	2026-05-01T15:02:00	中国国航	CA4680	经济舱	2170	8	8	喀什徕宁国际机场	苏南硕放国际机场
FLIGHT	C070	C158	KHG		KWL		2026-05-01T07:57:00	2026-05-01T14:48:00	东方航空	MU4681	经济舱	1940	9	9	喀什徕宁国际机场	桂林两江国际机场
FLIGHT	C070	C002	KHG		SYX		2026-05-01T08:34:00	2026-05-01T16:08:00	南方航空	CZ4682	经济舱	2140	10	10	喀什徕宁国际机场	三亚凤凰国际机场
FLIGHT	C070	C119	KHG				2026-05-01T09:11:00	2026-05-01T15:41:00	海南航空	HU4683	经济舱	1850	11	11	喀什徕宁国际机场	张家界荷花国际机场
FLIGHT	C070	C015	KHG		LJG		2026-05-01T09:48:00	2026-05-01T15:07:00	中国国航	CA4684	经济舱	1530	12	12	喀什徕宁国际机场	丽江三义国际机场
FLIGHT	C070	C308	KHG		TXN		2026-05-01T11:02:00	2026-05-01T18:36:00	南方航空	CZ4686	经济舱	2140	14	14	喀什徕宁国际机场	黄山屯溪国际机场
FLIGHT	C070	C210	KHG		ZZH		2026-05-01T12:16:00	2026-05-01T19:54:00	中国国航	CA4688	经济舱	2160	16	16	喀什徕宁国际机场	珠海金湾机场
FLIGHT	C070	C179	KHG				2026-05-01T12:53:00	2026-05-01T19:14:00	东方航空	MU4689	经济舱	1820	17	17	喀什徕宁国际机场	洛阳北郊机场
FLIGHT	C070	C077	KHG				2026-05-01T13:30:00	2026-05-01T19:42:00	南方航空	CZ4690	经济舱	1770	18	18	喀什徕宁国际机场	大同云冈国际机场
FLIGHT	C070	C056	KHG				2026-05-01T15:21:00	2026-05-01T18:13:00	东方航空	MU4693	经济舱	880	21	21	喀什徕宁国际机场	吐鲁番交河机场
FLIGHT	C070	C292	KHG				2026-05-01T15:58:00	2026-05-01T19:08:00	南方航空	CZ4694	经济舱	960	22	22	喀什徕宁国际机场	阿勒泰雪都机场
FLIGHT	C070	C222	KHG		BPE		2026-05-01T16:35:00	2026-05-01T23:39:00	海南航空	HU4695	经济舱	2020	23	23	喀什徕宁国际机场	秦皇岛北戴河机场
FLIGHT	C070	C084	KHG		WEH		2026-05-01T17:12:00	2026-05-02T00:45:00	中国国航	CA4696	经济舱	2150	24	24	喀什徕宁国际机场	威海大水泊国际机场
FLIGHT	C070	C176	KHG		JJN		2026-05-01T17:49:00	2026-05-02T01:53:00	东方航空	MU4697	经济舱	2290	25	25	喀什徕宁国际机场	泉州晋江国际机场
FLIGHT	C070	C129	KHG		YTY		2026-05-01T18:26:00	2026-05-02T01:56:00	南方航空	CZ4698	经济舱	2140	26	26	喀什徕宁国际机场	扬州泰州国际机场
FLIGHT	C070	C071	KHG				2026-05-01T19:03:00	2026-05-02T02:52:00	海南航空	HU4699	经济舱	2220	27	27	喀什徕宁国际机场	嘉兴机场
FLIGHT	C070	C040	KHG		BHY		2026-05-01T19:40:00	2026-05-02T02:47:00	中国国航	CA4700	经济舱	2030	28	28	喀什徕宁国际机场	北海福成机场
FLIGHT	C070	C147	KHG				2026-05-01T06:17:00	2026-05-01T13:43:00	东方航空	MU4701	经济舱	2120	29	29	喀什徕宁国际机场	景德镇罗家机场
FLIGHT	C070	C127	KHG				2026-05-01T08:08:00	2026-05-01T15:47:00	中国国航	CA4704	经济舱	2180	32	32	喀什徕宁国际机场	惠州平潭机场
FLIGHT	C070	C205	KHG		YNT		2026-05-01T09:22:00	2026-05-01T16:49:00	南方航空	CZ4706	经济舱	2130	34	34	喀什徕宁国际机场	烟台蓬莱国际机场
FLIGHT	C070	C025	KHG				2026-05-01T09:59:00	2026-05-01T17:28:00	海南航空	HU4707	经济舱	2140	35	35	喀什徕宁国际机场	佛山沙堤机场
FLIGHT	C070	C192	KHG		WNZ		2026-05-01T11:13:00	2026-05-01T19:16:00	东方航空	MU4709	经济舱	2290	37	37	喀什徕宁国际机场	温州龙湾国际机场
FLIGHT	C056	C039			PEK		2026-05-01T11:50:00	2026-05-01T16:33:00	南方航空	CZ4710	经济舱	1400	3	3	吐鲁番交河机场	北京首都国际机场
FLIGHT	C056	C005			SHA		2026-05-01T12:27:00	2026-05-01T18:34:00	海南航空	HU4711	经济舱	1780	4	4	吐鲁番交河机场	上海虹桥国际机场
FLIGHT	C056	C082			TSN		2026-05-01T13:04:00	2026-05-01T17:57:00	中国国航	CA4712	经济舱	1440	5	5	吐鲁番交河机场	天津滨海国际机场
FLIGHT	C056	C272			CKG		2026-05-01T13:41:00	2026-05-01T18:11:00	东方航空	MU4713	经济舱	1340	6	6	吐鲁番交河机场	重庆江北国际机场
FLIGHT	C056	C220			SJW		2026-05-01T14:18:00	2026-05-01T18:53:00	南方航空	CZ4714	经济舱	1360	7	7	吐鲁番交河机场	石家庄正定国际机场
FLIGHT	C056	C083			TYN		2026-05-01T14:55:00	2026-05-01T19:15:00	海南航空	HU4715	经济舱	1300	8	8	吐鲁番交河机场	太原武宿国际机场
FLIGHT	C056	C061			HET		2026-05-01T15:32:00	2026-05-01T19:35:00	中国国航	CA4716	经济舱	1220	9	9	吐鲁番交河机场	呼和浩特白塔国际机场
FLIGHT	C056	C172			SHE		2026-05-01T16:09:00	2026-05-01T21:44:00	东方航空	MU4717	经济舱	1640	10	10	吐鲁番交河机场	沈阳桃仙国际机场
FLIGHT	C056	C283			CGQ		2026-05-01T16:46:00	2026-05-01T22:31:00	南方航空	CZ4718	经济舱	1680	11	11	吐鲁番交河机场	长春龙嘉国际机场
FLIGHT	C056	C066			HRB		2026-05-01T17:23:00	2026-05-01T23:14:00	海南航空	HU4719	经济舱	1710	12	12	吐鲁番交河机场	哈尔滨太平国际机场
FLIGHT	C056	C042			NKG		2026-05-01T18:00:00	2026-05-01T23:41:00	中国国航	CA4720	经济舱	1670	13	13	吐鲁番交河机场	南京禄口国际机场
FLIGHT	C056	C153			HGH		2026-05-01T18:37:00	2026-05-02T00:40:00	东方航空	MU4721	经济舱	1770	14	14	吐鲁番交河机场	杭州萧山国际机场
FLIGHT	C056	C053			HFE		2026-05-01T19:14:00	2026-05-02T00:44:00	南方航空	CZ4722	经济舱	1620	15	15	吐鲁番交河机场	合肥新桥国际机场
FLIGHT	C056	C221			FOC		2026-05-01T19:51:00	2026-05-02T02:17:00	海南航空	HU4723	经济舱	1870	16	16	吐鲁番交河机场	福州长乐国际机场
FLIGHT	C056	C046					2026-05-01T06:28:00	2026-05-01T12:09:00	中国国航	CA4724	经济舱	1670	17	17	吐鲁番交河机场	南昌昌北国际机场
FLIGHT	C056	C180			TNA		2026-05-01T07:05:00	2026-05-01T12:06:00	东方航空	MU4725	经济舱	1490	18	18	吐鲁番交河机场	济南遥墙国际机场
FLIGHT	C056	C267			CGO		2026-05-01T07:42:00	2026-05-01T12:26:00	南方航空	CZ4726	经济舱	1420	19	19	吐鲁番交河机场	郑州新郑国际机场
FLIGHT	C056	C164			WUH		2026-05-01T08:19:00	2026-05-01T13:35:00	海南航空	HU4727	经济舱	1560	20	20	吐鲁番交河机场	武汉天河国际机场
FLIGHT	C056	C284			CSX		2026-05-01T08:56:00	2026-05-01T14:19:00	中国国航	CA4728	经济舱	1600	21	21	吐鲁番交河机场	长沙黄花国际机场
FLIGHT	C056	C112			CAN		2026-05-01T09:33:00	2026-05-01T15:40:00	东方航空	MU4729	经济舱	1790	22	22	吐鲁番交河机场	广州白云国际机场
FLIGHT	C056	C044			NNG		2026-05-01T10:10:00	2026-05-01T15:50:00	南方航空	CZ4730	经济舱	1670	23	23	吐鲁番交河机场	南宁吴圩国际机场
FLIGHT	C056	C184			HAK		2026-05-01T10:47:00	2026-05-01T17:03:00	海南航空	HU4731	经济舱	1840	24	24	吐鲁番交河机场	海口美兰国际机场
FLIGHT	C056	C128			TFU		2026-05-01T11:24:00	2026-05-01T15:30:00	中国国航	CA4732	经济舱	1250	25	25	吐鲁番交河机场	成都天府国际机场
FLIGHT	C056	C249			KWE		2026-05-01T12:01:00	2026-05-01T16:56:00	东方航空	MU4733	经济舱	1470	26	26	吐鲁番交河机场	贵阳龙洞堡国际机场
FLIGHT	C056	C142			KMG		2026-05-01T12:38:00	2026-05-01T17:27:00	南方航空	CZ4734	经济舱	1450	27	27	吐鲁番交河机场	昆明长水国际机场
FLIGHT	C056	C133			LXA		2026-05-01T13:15:00	2026-05-01T16:39:00	海南航空	HU4735	经济舱	1070	28	28	吐鲁番交河机场	拉萨贡嘎国际机场
FLIGHT	C056	C246			XIY		2026-05-01T13:52:00	2026-05-01T18:03:00	中国国航	CA4736	经济舱	1280	29	29	吐鲁番交河机场	西安咸阳国际机场
FLIGHT	C056	C034			LHW		2026-05-01T14:29:00	2026-05-01T17:51:00	东方航空	MU4737	经济舱	1060	30	30	吐鲁番交河机场	兰州中川国际机场
FLIGHT	C056	C245			XNN		2026-05-01T15:06:00	2026-05-01T18:09:00	南方航空	CZ4738	经济舱	980	31	31	吐鲁番交河机场	西宁曹家堡国际机场
FLIGHT	C056	C279			INC		2026-05-01T15:43:00	2026-05-01T19:10:00	海南航空	HU4739	经济舱	1080	32	32	吐鲁番交河机场	银川河东国际机场
FLIGHT	C056	C018					2026-05-01T16:20:00	2026-05-01T17:31:00	中国国航	CA4740	经济舱	300	33	33	吐鲁番交河机场	乌鲁木齐天山国际机场
FLIGHT	C056	C300					2026-05-01T16:57:00	2026-05-01T23:17:00	东方航空	MU4741	经济舱	1690	34	34	吐鲁番交河机场	香港国际机场
FLIGHT	C056	C190			SZX		2026-05-01T18:48:00	2026-05-02T01:06:00	中国国航	CA4744	经济舱	1690	37	37	吐鲁番交河机场	深圳宝安国际机场
FLIGHT	C056	C050			XMN		2026-05-01T19:25:00	2026-05-02T01:54:00	东方航空	MU4745	经济舱	1740	3	3	吐鲁番交河机场	厦门高崎国际机场
FLIGHT	C056	C297					2026-05-01T06:02:00	2026-05-01T11:34:00	南方航空	CZ4746	经济舱	1480	4	4	吐鲁番交河机场	青岛胶东国际机场
FLIGHT	C056	C080			DLC		2026-05-01T06:39:00	2026-05-01T12:08:00	海南航空	HU4747	经济舱	1470	5	5	吐鲁番交河机场	大连周水子国际机场
FLIGHT	C056	C088			NGB		2026-05-01T07:16:00	2026-05-01T13:32:00	中国国航	CA4748	经济舱	1680	6	6	吐鲁番交河机场	宁波栎社国际机场
FLIGHT	C056	C231					2026-05-01T07:53:00	2026-05-01T13:53:00	东方航空	MU4749	经济舱	1610	7	7	吐鲁番交河机场	苏州机场
FLIGHT	C056	C139					2026-05-01T08:30:00	2026-05-01T14:26:00	南方航空	CZ4750	经济舱	1600	8	8	吐鲁番交河机场	苏南硕放国际机场
FLIGHT	C056	C158			KWL		2026-05-01T09:07:00	2026-05-01T14:37:00	海南航空	HU4751	经济舱	1480	9	9	吐鲁番交河机场	桂林两江国际机场
FLIGHT	C056	C002			SYX		2026-05-01T09:44:00	2026-05-01T16:14:00	中国国航	CA4752	经济舱	1750	10	10	吐鲁番交河机场	三亚凤凰国际机场
FLIGHT	C056	C119					2026-05-01T10:21:00	2026-05-01T15:20:00	东方航空	MU4753	经济舱	1340	11	11	吐鲁番交河机场	张家界荷花国际机场
FLIGHT	C056	C015			LJG		2026-05-01T10:58:00	2026-05-01T15:18:00	南方航空	CZ4754	经济舱	1170	12	12	吐鲁番交河机场	丽江三义国际机场
FLIGHT	C056	C308			TXN		2026-05-01T12:12:00	2026-05-01T18:05:00	中国国航	CA4756	经济舱	1580	14	14	吐鲁番交河机场	黄山屯溪国际机场
FLIGHT	C056	C210			ZZH		2026-05-01T13:26:00	2026-05-01T19:43:00	南方航空	CZ4758	经济舱	1700	16	16	吐鲁番交河机场	珠海金湾机场
FLIGHT	C056	C179					2026-05-01T14:03:00	2026-05-01T18:39:00	海南航空	HU4759	经济舱	1240	17	17	吐鲁番交河机场	洛阳北郊机场
FLIGHT	C056	C077					2026-05-01T14:40:00	2026-05-01T18:58:00	中国国航	CA4760	经济舱	1160	18	18	吐鲁番交河机场	大同云冈国际机场
FLIGHT	C056	C070			KHG		2026-05-01T15:54:00	2026-05-01T18:46:00	南方航空	CZ4762	经济舱	780	20	20	吐鲁番交河机场	喀什徕宁国际机场
FLIGHT	C056	C292					2026-05-01T17:08:00	2026-05-01T18:58:00	中国国航	CA4764	经济舱	500	22	22	吐鲁番交河机场	阿勒泰雪都机场
FLIGHT	C056	C222			BPE		2026-05-01T17:45:00	2026-05-01T22:54:00	东方航空	MU4765	经济舱	1400	23	23	吐鲁番交河机场	秦皇岛北戴河机场
FLIGHT	C056	C084			WEH		2026-05-01T18:22:00	2026-05-02T00:01:00	南方航空	CZ4766	经济舱	1530	24	24	吐鲁番交河机场	威海大水泊国际机场
FLIGHT	C056	C176			JJN		2026-05-01T18:59:00	2026-05-02T01:29:00	海南航空	HU4767	经济舱	1770	25	25	吐鲁番交河机场	泉州晋江国际机场
FLIGHT	C056	C129			YTY		2026-05-01T19:36:00	2026-05-02T01:20:00	中国国航	CA4768	经济舱	1560	26	26	吐鲁番交河机场	扬州泰州国际机场
FLIGHT	C056	C071					2026-05-01T06:13:00	2026-05-01T12:17:00	东方航空	MU4769	经济舱	1650	27	27	吐鲁番交河机场	嘉兴机场
FLIGHT	C056	C040			BHY		2026-05-01T06:50:00	2026-05-01T12:47:00	南方航空	CZ4770	经济舱	1620	28	28	吐鲁番交河机场	北海福成机场
FLIGHT	C056	C147					2026-05-01T07:27:00	2026-05-01T13:14:00	海南航空	HU4771	经济舱	1570	29	29	吐鲁番交河机场	景德镇罗家机场
FLIGHT	C056	C127					2026-05-01T09:18:00	2026-05-01T15:33:00	南方航空	CZ4774	经济舱	1700	32	32	吐鲁番交河机场	惠州平潭机场
FLIGHT	C056	C205			YNT		2026-05-01T10:32:00	2026-05-01T16:06:00	中国国航	CA4776	经济舱	1520	34	34	吐鲁番交河机场	烟台蓬莱国际机场
FLIGHT	C056	C025					2026-05-01T11:09:00	2026-05-01T17:16:00	东方航空	MU4777	经济舱	1670	35	35	吐鲁番交河机场	佛山沙堤机场
FLIGHT	C056	C192			WNZ		2026-05-01T12:23:00	2026-05-01T18:45:00	海南航空	HU4779	经济舱	1740	37	37	吐鲁番交河机场	温州龙湾国际机场
FLIGHT	C292	C039			PEK		2026-05-01T13:00:00	2026-05-01T17:56:00	中国国航	CA4780	经济舱	1360	3	3	阿勒泰雪都机场	北京首都国际机场
FLIGHT	C292	C005			SHA		2026-05-01T13:37:00	2026-05-01T20:08:00	东方航空	MU4781	经济舱	1780	4	4	阿勒泰雪都机场	上海虹桥国际机场
FLIGHT	C292	C082			TSN		2026-05-01T14:14:00	2026-05-01T19:21:00	南方航空	CZ4782	经济舱	1410	5	5	阿勒泰雪都机场	天津滨海国际机场
FLIGHT	C292	C272			CKG		2026-05-01T14:51:00	2026-05-01T20:03:00	海南航空	HU4783	经济舱	1430	6	6	阿勒泰雪都机场	重庆江北国际机场
FLIGHT	C292	C220			SJW		2026-05-01T15:28:00	2026-05-01T20:22:00	中国国航	CA4784	经济舱	1350	7	7	阿勒泰雪都机场	石家庄正定国际机场
FLIGHT	C292	C083			TYN		2026-05-01T16:05:00	2026-05-01T20:46:00	东方航空	MU4785	经济舱	1290	8	8	阿勒泰雪都机场	太原武宿国际机场
FLIGHT	C292	C061			HET		2026-05-01T16:42:00	2026-05-01T20:59:00	南方航空	CZ4786	经济舱	1190	9	9	阿勒泰雪都机场	呼和浩特白塔国际机场
FLIGHT	C292	C172			SHE		2026-05-01T17:19:00	2026-05-01T22:58:00	海南航空	HU4787	经济舱	1550	10	10	阿勒泰雪都机场	沈阳桃仙国际机场
FLIGHT	C292	C283			CGQ		2026-05-01T17:56:00	2026-05-01T23:40:00	中国国航	CA4788	经济舱	1580	11	11	阿勒泰雪都机场	长春龙嘉国际机场
FLIGHT	C292	C066			HRB		2026-05-01T18:33:00	2026-05-02T00:18:00	东方航空	MU4789	经济舱	1580	12	12	阿勒泰雪都机场	哈尔滨太平国际机场
FLIGHT	C292	C042			NKG		2026-05-01T19:10:00	2026-05-02T01:17:00	南方航空	CZ4790	经济舱	1680	13	13	阿勒泰雪都机场	南京禄口国际机场
FLIGHT	C292	C153			HGH		2026-05-01T19:47:00	2026-05-02T02:17:00	海南航空	HU4791	经济舱	1790	14	14	阿勒泰雪都机场	杭州萧山国际机场
FLIGHT	C292	C053			HFE		2026-05-01T06:24:00	2026-05-01T12:22:00	中国国航	CA4792	经济舱	1640	15	15	阿勒泰雪都机场	合肥新桥国际机场
FLIGHT	C292	C221			FOC		2026-05-01T07:01:00	2026-05-01T13:59:00	东方航空	MU4793	经济舱	1920	16	16	阿勒泰雪都机场	福州长乐国际机场
FLIGHT	C292	C046					2026-05-01T07:38:00	2026-05-01T13:52:00	南方航空	CZ4794	经济舱	1720	17	17	阿勒泰雪都机场	南昌昌北国际机场
FLIGHT	C292	C180			TNA		2026-05-01T08:15:00	2026-05-01T13:36:00	海南航空	HU4795	经济舱	1480	18	18	阿勒泰雪都机场	济南遥墙国际机场
FLIGHT	C292	C267			CGO		2026-05-01T08:52:00	2026-05-01T14:03:00	中国国航	CA4796	经济舱	1440	19	19	阿勒泰雪都机场	郑州新郑国际机场
FLIGHT	C292	C164			WUH		2026-05-01T09:29:00	2026-05-01T15:17:00	东方航空	MU4797	经济舱	1610	20	20	阿勒泰雪都机场	武汉天河国际机场
FLIGHT	C292	C284			CSX		2026-05-01T10:06:00	2026-05-01T16:06:00	南方航空	CZ4798	经济舱	1660	21	21	阿勒泰雪都机场	长沙黄花国际机场
FLIGHT	C292	C112			CAN		2026-05-01T10:43:00	2026-05-01T17:31:00	海南航空	HU4799	经济舱	1880	22	22	阿勒泰雪都机场	广州白云国际机场
FLIGHT	C292	C044			NNG		2026-05-01T11:20:00	2026-05-01T17:46:00	中国国航	CA4800	经济舱	1780	23	23	阿勒泰雪都机场	南宁吴圩国际机场
FLIGHT	C292	C184			HAK		2026-05-01T11:57:00	2026-05-01T18:59:00	东方航空	MU4801	经济舱	1940	24	24	阿勒泰雪都机场	海口美兰国际机场
FLIGHT	C292	C128			TFU		2026-05-01T12:34:00	2026-05-01T17:24:00	南方航空	CZ4802	经济舱	1350	25	25	阿勒泰雪都机场	成都天府国际机场
FLIGHT	C292	C249			KWE		2026-05-01T13:11:00	2026-05-01T18:51:00	海南航空	HU4803	经济舱	1580	26	26	阿勒泰雪都机场	贵阳龙洞堡国际机场
FLIGHT	C292	C142			KMG		2026-05-01T13:48:00	2026-05-01T19:27:00	中国国航	CA4804	经济舱	1570	27	27	阿勒泰雪都机场	昆明长水国际机场
FLIGHT	C292	C133			LXA		2026-05-01T14:25:00	2026-05-01T18:44:00	东方航空	MU4805	经济舱	1210	28	28	阿勒泰雪都机场	拉萨贡嘎国际机场
FLIGHT	C292	C246			XIY		2026-05-01T15:02:00	2026-05-01T19:46:00	南方航空	CZ4806	经济舱	1330	29	29	阿勒泰雪都机场	西安咸阳国际机场
FLIGHT	C292	C034			LHW		2026-05-01T15:39:00	2026-05-01T19:38:00	海南航空	HU4807	经济舱	1120	30	30	阿勒泰雪都机场	兰州中川国际机场
FLIGHT	C292	C245			XNN		2026-05-01T16:16:00	2026-05-01T19:58:00	中国国航	CA4808	经济舱	1050	31	31	阿勒泰雪都机场	西宁曹家堡国际机场
FLIGHT	C292	C279			INC		2026-05-01T16:53:00	2026-05-01T20:47:00	东方航空	MU4809	经济舱	1110	32	32	阿勒泰雪都机场	银川河东国际机场
FLIGHT	C292	C018					2026-05-01T17:30:00	2026-05-01T19:10:00	南方航空	CZ4810	经济舱	500	33	33	阿勒泰雪都机场	乌鲁木齐天山国际机场
FLIGHT	C292	C300					2026-05-01T18:07:00	2026-05-02T01:08:00	海南航空	HU4811	经济舱	1950	34	34	阿勒泰雪都机场	香港国际机场
FLIGHT	C292	C190			SZX		2026-05-01T19:58:00	2026-05-02T02:56:00	南方航空	CZ4814	经济舱	1940	37	37	阿勒泰雪都机场	深圳宝安国际机场
FLIGHT	C292	C050			XMN		2026-05-01T06:35:00	2026-05-01T13:40:00	海南航空	HU4815	经济舱	1970	3	3	阿勒泰雪都机场	厦门高崎国际机场
FLIGHT	C292	C297					2026-05-01T07:12:00	2026-05-01T13:01:00	中国国航	CA4816	经济舱	1630	4	4	阿勒泰雪都机场	青岛胶东国际机场
FLIGHT	C292	C080			DLC		2026-05-01T07:49:00	2026-05-01T13:30:00	东方航空	MU4817	经济舱	1590	5	5	阿勒泰雪都机场	大连周水子国际机场
FLIGHT	C292	C088			NGB		2026-05-01T08:26:00	2026-05-01T15:08:00	南方航空	CZ4818	经济舱	1870	6	6	阿勒泰雪都机场	宁波栎社国际机场
FLIGHT	C292	C231					2026-05-01T09:03:00	2026-05-01T15:28:00	海南航空	HU4819	经济舱	1790	7	7	阿勒泰雪都机场	苏州机场
FLIGHT	C292	C139					2026-05-01T09:40:00	2026-05-01T16:01:00	中国国航	CA4820	经济舱	1780	8	8	阿勒泰雪都机场	苏南硕放国际机场
FLIGHT	C292	C158			KWL		2026-05-01T10:17:00	2026-05-01T16:29:00	东方航空	MU4821	经济舱	1740	9	9	阿勒泰雪都机场	桂林两江国际机场
FLIGHT	C292	C002			SYX		2026-05-01T10:54:00	2026-05-01T18:11:00	南方航空	CZ4822	经济舱	2030	10	10	阿勒泰雪都机场	三亚凤凰国际机场
FLIGHT	C292	C119					2026-05-01T11:31:00	2026-05-01T17:09:00	海南航空	HU4823	经济舱	1590	11	11	阿勒泰雪都机场	张家界荷花国际机场
FLIGHT	C292	C015			LJG		2026-05-01T12:08:00	2026-05-01T17:19:00	中国国航	CA4824	经济舱	1470	12	12	阿勒泰雪都机场	丽江三义国际机场
FLIGHT	C292	C308			TXN		2026-05-01T13:22:00	2026-05-01T19:44:00	南方航空	CZ4826	经济舱	1790	14	14	阿勒泰雪都机场	黄山屯溪国际机场
FLIGHT	C292	C210			ZZH		2026-05-01T14:36:00	2026-05-01T21:34:00	中国国航	CA4828	经济舱	1950	16	16	阿勒泰雪都机场	珠海金湾机场
FLIGHT	C292	C179					2026-05-01T15:13:00	2026-05-01T20:17:00	东方航空	MU4829	经济舱	1440	17	17	阿勒泰雪都机场	洛阳北郊机场
FLIGHT	C292	C077					2026-05-01T15:50:00	2026-05-01T20:23:00	南方航空	CZ4830	经济舱	1300	18	18	阿勒泰雪都机场	大同云冈国际机场
FLIGHT	C292	C070			KHG		2026-05-01T17:04:00	2026-05-01T20:14:00	中国国航	CA4832	经济舱	930	20	20	阿勒泰雪都机场	喀什徕宁国际机场
FLIGHT	C292	C056					2026-05-01T17:41:00	2026-05-01T19:31:00	东方航空	MU4833	经济舱	570	21	21	阿勒泰雪都机场	吐鲁番交河机场
FLIGHT	C292	C222			BPE		2026-05-01T18:55:00	2026-05-02T00:15:00	海南航空	HU4835	经济舱	1520	23	23	阿勒泰雪都机场	秦皇岛北戴河机场
FLIGHT	C292	C084			WEH		2026-05-01T19:32:00	2026-05-02T01:25:00	中国国航	CA4836	经济舱	1670	24	24	阿勒泰雪都机场	威海大水泊国际机场
FLIGHT	C292	C176			JJN		2026-05-01T06:09:00	2026-05-01T13:14:00	东方航空	MU4837	经济舱	1990	25	25	阿勒泰雪都机场	泉州晋江国际机场
FLIGHT	C292	C129			YTY		2026-05-01T06:46:00	2026-05-01T12:54:00	南方航空	CZ4838	经济舱	1740	26	26	阿勒泰雪都机场	扬州泰州国际机场
FLIGHT	C292	C071					2026-05-01T07:23:00	2026-05-01T13:53:00	海南航空	HU4839	经济舱	1840	27	27	阿勒泰雪都机场	嘉兴机场
FLIGHT	C292	C040			BHY		2026-05-01T08:00:00	2026-05-01T14:43:00	中国国航	CA4840	经济舱	1900	28	28	阿勒泰雪都机场	北海福成机场
FLIGHT	C292	C147					2026-05-01T08:37:00	2026-05-01T14:55:00	东方航空	MU4841	经济舱	1780	29	29	阿勒泰雪都机场	景德镇罗家机场
FLIGHT	C292	C127					2026-05-01T10:28:00	2026-05-01T17:23:00	中国国航	CA4844	经济舱	1950	32	32	阿勒泰雪都机场	惠州平潭机场
FLIGHT	C292	C205			YNT		2026-05-01T11:42:00	2026-05-01T17:30:00	南方航空	CZ4846	经济舱	1650	34	34	阿勒泰雪都机场	烟台蓬莱国际机场
FLIGHT	C292	C025					2026-05-01T12:19:00	2026-05-01T19:08:00	海南航空	HU4847	经济舱	1930	35	35	阿勒泰雪都机场	佛山沙堤机场
FLIGHT	C292	C192			WNZ		2026-05-01T13:33:00	2026-05-01T20:24:00	东方航空	MU4849	经济舱	1940	37	37	阿勒泰雪都机场	温州龙湾国际机场
FLIGHT	C222	C039	BPE		PEK		2026-05-01T14:10:00	2026-05-01T15:32:00	南方航空	CZ4850	经济舱	460	3	3	秦皇岛北戴河机场	北京首都国际机场
FLIGHT	C222	C005	BPE		SHA		2026-05-01T14:47:00	2026-05-01T17:20:00	海南航空	HU4851	经济舱	780	4	4	秦皇岛北戴河机场	上海虹桥国际机场
FLIGHT	C222	C082	BPE		TSN		2026-05-01T15:24:00	2026-05-01T16:42:00	中国国航	CA4852	经济舱	440	5	5	秦皇岛北戴河机场	天津滨海国际机场
FLIGHT	C222	C272	BPE		CKG		2026-05-01T16:01:00	2026-05-01T19:42:00	东方航空	MU4853	经济舱	1090	6	6	秦皇岛北戴河机场	重庆江北国际机场
FLIGHT	C222	C220	BPE		SJW		2026-05-01T16:38:00	2026-05-01T18:22:00	南方航空	CZ4854	经济舱	560	7	7	秦皇岛北戴河机场	石家庄正定国际机场
FLIGHT	C222	C083	BPE		TYN		2026-05-01T17:15:00	2026-05-01T19:15:00	海南航空	HU4855	经济舱	640	8	8	秦皇岛北戴河机场	太原武宿国际机场
FLIGHT	C222	C061	BPE		HET		2026-05-01T17:52:00	2026-05-01T19:54:00	中国国航	CA4856	经济舱	650	9	9	秦皇岛北戴河机场	呼和浩特白塔国际机场
FLIGHT	C222	C172	BPE		SHE		2026-05-01T18:29:00	2026-05-01T20:02:00	东方航空	MU4857	经济舱	520	10	10	秦皇岛北戴河机场	沈阳桃仙国际机场
FLIGHT	C222	C283	BPE		CGQ		2026-05-01T19:06:00	2026-05-01T21:05:00	南方航空	CZ4858	经济舱	640	11	11	秦皇岛北戴河机场	长春龙嘉国际机场
FLIGHT	C222	C066	BPE		HRB		2026-05-01T19:43:00	2026-05-01T22:04:00	海南航空	HU4859	经济舱	740	12	12	秦皇岛北戴河机场	哈尔滨太平国际机场
FLIGHT	C222	C042	BPE		NKG		2026-05-01T06:20:00	2026-05-01T08:43:00	中国国航	CA4860	经济舱	750	13	13	秦皇岛北戴河机场	南京禄口国际机场
FLIGHT	C222	C153	BPE		HGH		2026-05-01T06:57:00	2026-05-01T09:40:00	东方航空	MU4861	经济舱	840	14	14	秦皇岛北戴河机场	杭州萧山国际机场
FLIGHT	C222	C053	BPE		HFE		2026-05-01T07:34:00	2026-05-01T10:02:00	南方航空	CZ4862	经济舱	770	15	15	秦皇岛北戴河机场	合肥新桥国际机场
FLIGHT	C222	C221	BPE		FOC		2026-05-01T08:11:00	2026-05-01T11:40:00	海南航空	HU4863	经济舱	1050	16	16	秦皇岛北戴河机场	福州长乐国际机场
FLIGHT	C222	C046	BPE				2026-05-01T08:48:00	2026-05-01T11:53:00	中国国航	CA4864	经济舱	940	17	17	秦皇岛北戴河机场	南昌昌北国际机场
FLIGHT	C222	C180	BPE		TNA		2026-05-01T09:25:00	2026-05-01T11:03:00	东方航空	MU4865	经济舱	550	18	18	秦皇岛北戴河机场	济南遥墙国际机场
FLIGHT	C222	C267	BPE		CGO		2026-05-01T10:02:00	2026-05-01T12:15:00	南方航空	CZ4866	经济舱	710	19	19	秦皇岛北戴河机场	郑州新郑国际机场
FLIGHT	C222	C164	BPE		WUH		2026-05-01T10:39:00	2026-05-01T13:29:00	海南航空	HU4867	经济舱	870	20	20	秦皇岛北戴河机场	武汉天河国际机场
FLIGHT	C222	C284	BPE		CSX		2026-05-01T11:16:00	2026-05-01T14:35:00	中国国航	CA4868	经济舱	1010	21	21	秦皇岛北戴河机场	长沙黄花国际机场
FLIGHT	C222	C112	BPE		CAN		2026-05-01T11:53:00	2026-05-01T16:04:00	东方航空	MU4869	经济舱	1240	22	22	秦皇岛北戴河机场	广州白云国际机场
FLIGHT	C222	C044	BPE		NNG		2026-05-01T12:30:00	2026-05-01T17:03:00	南方航空	CZ4870	经济舱	1340	23	23	秦皇岛北戴河机场	南宁吴圩国际机场
FLIGHT	C222	C184	BPE		HAK		2026-05-01T13:07:00	2026-05-01T18:01:00	海南航空	HU4871	经济舱	1440	24	24	秦皇岛北戴河机场	海口美兰国际机场
FLIGHT	C222	C128	BPE		TFU		2026-05-01T13:44:00	2026-05-01T17:34:00	中国国航	CA4872	经济舱	1150	25	25	秦皇岛北戴河机场	成都天府国际机场
FLIGHT	C222	C249	BPE		KWE		2026-05-01T14:21:00	2026-05-01T18:26:00	东方航空	MU4873	经济舱	1220	26	26	秦皇岛北戴河机场	贵阳龙洞堡国际机场
FLIGHT	C222	C142	BPE		KMG		2026-05-01T14:58:00	2026-05-01T19:41:00	南方航空	CZ4874	经济舱	1390	27	27	秦皇岛北戴河机场	昆明长水国际机场
FLIGHT	C222	C133	BPE		LXA		2026-05-01T15:35:00	2026-05-01T21:12:00	海南航空	HU4875	经济舱	1630	28	28	秦皇岛北戴河机场	拉萨贡嘎国际机场
FLIGHT	C222	C246	BPE		XIY		2026-05-01T16:12:00	2026-05-01T19:00:00	中国国航	CA4876	经济舱	870	29	29	秦皇岛北戴河机场	西安咸阳国际机场
FLIGHT	C222	C034	BPE		LHW		2026-05-01T16:49:00	2026-05-01T20:09:00	东方航空	MU4877	经济舱	1020	30	30	秦皇岛北戴河机场	兰州中川国际机场
FLIGHT	C222	C245	BPE		XNN		2026-05-01T17:26:00	2026-05-01T21:01:00	南方航空	CZ4878	经济舱	1090	31	31	秦皇岛北戴河机场	西宁曹家堡国际机场
FLIGHT	C222	C279	BPE		INC		2026-05-01T18:03:00	2026-05-01T20:54:00	海南航空	HU4879	经济舱	890	32	32	秦皇岛北戴河机场	银川河东国际机场
FLIGHT	C222	C018	BPE				2026-05-01T18:40:00	2026-05-02T00:02:00	中国国航	CA4880	经济舱	1570	33	33	秦皇岛北戴河机场	乌鲁木齐天山国际机场
FLIGHT	C222	C300	BPE				2026-05-01T19:17:00	2026-05-01T23:35:00	东方航空	MU4881	经济舱	1280	34	34	秦皇岛北戴河机场	香港国际机场
FLIGHT	C222	C190	BPE		SZX		2026-05-01T07:08:00	2026-05-01T11:23:00	中国国航	CA4884	经济舱	1280	37	37	秦皇岛北戴河机场	深圳宝安国际机场
FLIGHT	C222	C050	BPE		XMN		2026-05-01T07:45:00	2026-05-01T11:32:00	东方航空	MU4885	经济舱	1150	3	3	秦皇岛北戴河机场	厦门高崎国际机场
FLIGHT	C222	C297	BPE				2026-05-01T08:22:00	2026-05-01T10:01:00	南方航空	CZ4886	经济舱	570	4	4	秦皇岛北戴河机场	青岛胶东国际机场
FLIGHT	C222	C080	BPE		DLC		2026-05-01T08:59:00	2026-05-01T10:15:00	海南航空	HU4887	经济舱	470	5	5	秦皇岛北戴河机场	大连周水子国际机场
FLIGHT	C222	C088	BPE		NGB		2026-05-01T09:36:00	2026-05-01T12:24:00	中国国航	CA4888	经济舱	890	6	6	秦皇岛北戴河机场	宁波栎社国际机场
FLIGHT	C222	C231	BPE				2026-05-01T10:13:00	2026-05-01T12:44:00	东方航空	MU4889	经济舱	810	7	7	秦皇岛北戴河机场	苏州机场
FLIGHT	C222	C139	BPE				2026-05-01T10:50:00	2026-05-01T13:19:00	南方航空	CZ4890	经济舱	800	8	8	秦皇岛北戴河机场	苏南硕放国际机场
FLIGHT	C222	C158	BPE		KWL		2026-05-01T11:27:00	2026-05-01T15:27:00	海南航空	HU4891	经济舱	1210	9	9	秦皇岛北戴河机场	桂林两江国际机场
FLIGHT	C222	C002	BPE		SYX		2026-05-01T12:04:00	2026-05-01T17:19:00	中国国航	CA4892	经济舱	1550	10	10	秦皇岛北戴河机场	三亚凤凰国际机场
FLIGHT	C222	C119	BPE				2026-05-01T12:41:00	2026-05-01T16:02:00	东方航空	MU4893	经济舱	1040	11	11	秦皇岛北戴河机场	张家界荷花国际机场
FLIGHT	C222	C015	BPE		LJG		2026-05-01T13:18:00	2026-05-01T18:03:00	南方航空	CZ4894	经济舱	1420	12	12	秦皇岛北戴河机场	丽江三义国际机场
FLIGHT	C222	C308	BPE		TXN		2026-05-01T14:32:00	2026-05-01T17:21:00	中国国航	CA4896	经济舱	900	14	14	秦皇岛北戴河机场	黄山屯溪国际机场
FLIGHT	C222	C210	BPE		ZZH		2026-05-01T15:46:00	2026-05-01T20:06:00	南方航空	CZ4898	经济舱	1310	16	16	秦皇岛北戴河机场	珠海金湾机场
FLIGHT	C222	C179	BPE				2026-05-01T16:23:00	2026-05-01T18:45:00	海南航空	HU4899	经济舱	780	17	17	秦皇岛北戴河机场	洛阳北郊机场
FLIGHT	C222	C077	BPE				2026-05-01T17:00:00	2026-05-01T18:49:00	中国国航	CA4900	经济舱	630	18	18	秦皇岛北戴河机场	大同云冈国际机场
FLIGHT	C222	C070	BPE		KHG		2026-05-01T18:14:00	2026-05-02T01:18:00	南方航空	CZ4902	经济舱	2050	20	20	秦皇岛北戴河机场	喀什徕宁国际机场
FLIGHT	C222	C056	BPE				2026-05-01T18:51:00	2026-05-02T00:00:00	海南航空	HU4903	经济舱	1540	21	21	秦皇岛北戴河机场	吐鲁番交河机场
FLIGHT	C222	C292	BPE				2026-05-01T19:28:00	2026-05-02T00:48:00	中国国航	CA4904	经济舱	1590	22	22	秦皇岛北戴河机场	阿勒泰雪都机场
FLIGHT	C222	C084	BPE		WEH		2026-05-01T06:42:00	2026-05-01T08:12:00	南方航空	CZ4906	经济舱	550	24	24	秦皇岛北戴河机场	威海大水泊国际机场
FLIGHT	C222	C176	BPE		JJN		2026-05-01T07:19:00	2026-05-01T11:02:00	海南航空	HU4907	经济舱	1150	25	25	秦皇岛北戴河机场	泉州晋江国际机场
FLIGHT	C222	C129	BPE		YTY		2026-05-01T07:56:00	2026-05-01T10:15:00	中国国航	CA4908	经济舱	780	26	26	秦皇岛北戴河机场	扬州泰州国际机场
FLIGHT	C222	C071	BPE				2026-05-01T08:33:00	2026-05-01T11:11:00	东方航空	MU4909	经济舱	860	27	27	秦皇岛北戴河机场	嘉兴机场
FLIGHT	C222	C040	BPE		BHY		2026-05-01T09:10:00	2026-05-01T13:53:00	南方航空	CZ4910	经济舱	1260	28	28	秦皇岛北戴河机场	北海福成机场
FLIGHT	C222	C147	BPE				2026-05-01T09:47:00	2026-05-01T12:43:00	海南航空	HU4911	经济舱	770	29	29	秦皇岛北戴河机场	景德镇罗家机场
FLIGHT	C222	C127	BPE				2026-05-01T11:38:00	2026-05-01T15:46:00	南方航空	CZ4914	经济舱	1100	32	32	秦皇岛北戴河机场	惠州平潭机场
FLIGHT	C222	C205	BPE		YNT		2026-05-01T12:52:00	2026-05-01T14:19:00	中国国航	CA4916	经济舱	380	34	34	秦皇岛北戴河机场	烟台蓬莱国际机场
FLIGHT	C222	C025	BPE				2026-05-01T13:29:00	2026-05-01T17:42:00	东方航空	MU4917	经济舱	1130	35	35	秦皇岛北戴河机场	佛山沙堤机场
FLIGHT	C222	C192	BPE		WNZ		2026-05-01T14:43:00	2026-05-01T17:51:00	海南航空	HU4919	经济舱	840	37	37	秦皇岛北戴河机场	温州龙湾国际机场
FLIGHT	C084	C039	WEH		PEK		2026-05-01T15:20:00	2026-05-01T17:11:00	中国国航	CA4920	经济舱	490	3	3	威海大水泊国际机场	北京首都国际机场
FLIGHT	C084	C005	WEH		SHA		2026-05-01T15:57:00	2026-05-01T18:02:00	东方航空	MU4921	经济舱	560	4	4	威海大水泊国际机场	上海虹桥国际机场
FLIGHT	C084	C082	WEH		TSN		2026-05-01T16:34:00	2026-05-01T18:15:00	南方航空	CZ4922	经济舱	450	5	5	威海大水泊国际机场	天津滨海国际机场
FLIGHT	C084	C272	WEH		CKG		2026-05-01T17:11:00	2026-05-01T20:55:00	海南航空	HU4923	经济舱	1000	6	6	威海大水泊国际机场	重庆江北国际机场
FLIGHT	C084	C220	WEH		SJW		2026-05-01T17:48:00	2026-05-01T19:50:00	中国国航	CA4924	经济舱	550	7	7	威海大水泊国际机场	石家庄正定国际机场
FLIGHT	C084	C083	WEH		TYN		2026-05-01T18:25:00	2026-05-01T20:44:00	东方航空	MU4925	经济舱	620	8	8	威海大水泊国际机场	太原武宿国际机场
FLIGHT	C084	C061	WEH		HET		2026-05-01T19:02:00	2026-05-01T21:34:00	南方航空	CZ4926	经济舱	680	9	9	威海大水泊国际机场	呼和浩特白塔国际机场
FLIGHT	C084	C172	WEH		SHE		2026-05-01T19:39:00	2026-05-01T21:23:00	海南航空	HU4927	经济舱	470	10	10	威海大水泊国际机场	沈阳桃仙国际机场
FLIGHT	C084	C283	WEH		CGQ		2026-05-01T06:16:00	2026-05-01T08:26:00	中国国航	CA4928	经济舱	590	11	11	威海大水泊国际机场	长春龙嘉国际机场
FLIGHT	C084	C066	WEH		HRB		2026-05-01T06:53:00	2026-05-01T09:27:00	东方航空	MU4929	经济舱	700	12	12	威海大水泊国际机场	哈尔滨太平国际机场
FLIGHT	C084	C042	WEH		NKG		2026-05-01T07:30:00	2026-05-01T09:33:00	南方航空	CZ4930	经济舱	550	13	13	威海大水泊国际机场	南京禄口国际机场
FLIGHT	C084	C153	WEH		HGH		2026-05-01T08:07:00	2026-05-01T10:25:00	海南航空	HU4931	经济舱	620	14	14	威海大水泊国际机场	杭州萧山国际机场
FLIGHT	C084	C053	WEH		HFE		2026-05-01T08:44:00	2026-05-01T10:56:00	中国国航	CA4932	经济舱	600	15	15	威海大水泊国际机场	合肥新桥国际机场
FLIGHT	C084	C221	WEH		FOC		2026-05-01T09:21:00	2026-05-01T12:26:00	东方航空	MU4933	经济舱	840	16	16	威海大水泊国际机场	福州长乐国际机场
FLIGHT	C084	C046	WEH				2026-05-01T09:58:00	2026-05-01T12:47:00	南方航空	CZ4934	经济舱	770	17	17	威海大水泊国际机场	南昌昌北国际机场
FLIGHT	C084	C180	WEH		TNA		2026-05-01T10:35:00	2026-05-01T12:16:00	海南航空	HU4935	经济舱	460	18	18	威海大水泊国际机场	济南遥墙国际机场
FLIGHT	C084	C267	WEH		CGO		2026-05-01T11:12:00	2026-05-01T13:29:00	中国国航	CA4936	经济舱	630	19	19	威海大水泊国际机场	郑州新郑国际机场
FLIGHT	C084	C164	WEH		WUH		2026-05-01T11:49:00	2026-05-01T14:29:00	东方航空	MU4937	经济舱	730	20	20	威海大水泊国际机场	武汉天河国际机场
FLIGHT	C084	C284	WEH		CSX		2026-05-01T12:26:00	2026-05-01T15:35:00	南方航空	CZ4938	经济舱	860	21	21	威海大水泊国际机场	长沙黄花国际机场
FLIGHT	C084	C112	WEH		CAN		2026-05-01T13:03:00	2026-05-01T16:59:00	海南航空	HU4939	经济舱	1070	22	22	威海大水泊国际机场	广州白云国际机场
FLIGHT	C084	C044	WEH		NNG		2026-05-01T13:40:00	2026-05-01T18:05:00	中国国航	CA4940	经济舱	1200	23	23	威海大水泊国际机场	南宁吴圩国际机场
FLIGHT	C084	C184	WEH		HAK		2026-05-01T14:17:00	2026-05-01T18:58:00	东方航空	MU4941	经济舱	1280	24	24	威海大水泊国际机场	海口美兰国际机场
FLIGHT	C084	C128	WEH		TFU		2026-05-01T14:54:00	2026-05-01T18:52:00	南方航空	CZ4942	经济舱	1090	25	25	威海大水泊国际机场	成都天府国际机场
FLIGHT	C084	C249	WEH		KWE		2026-05-01T15:31:00	2026-05-01T19:35:00	海南航空	HU4943	经济舱	1110	26	26	威海大水泊国际机场	贵阳龙洞堡国际机场
FLIGHT	C084	C142	WEH		KMG		2026-05-01T16:08:00	2026-05-01T20:53:00	中国国航	CA4944	经济舱	1300	27	27	威海大水泊国际机场	昆明长水国际机场
FLIGHT	C084	C133	WEH		LXA		2026-05-01T16:45:00	2026-05-01T22:38:00	东方航空	MU4945	经济舱	1610	28	28	威海大水泊国际机场	拉萨贡嘎国际机场
FLIGHT	C084	C246	WEH		XIY		2026-05-01T17:22:00	2026-05-01T20:21:00	南方航空	CZ4946	经济舱	820	29	29	威海大水泊国际机场	西安咸阳国际机场
FLIGHT	C084	C034	WEH		LHW		2026-05-01T17:59:00	2026-05-01T21:37:00	海南航空	HU4947	经济舱	1000	30	30	威海大水泊国际机场	兰州中川国际机场
FLIGHT	C084	C245	WEH		XNN		2026-05-01T18:36:00	2026-05-01T22:31:00	中国国航	CA4948	经济舱	1080	31	31	威海大水泊国际机场	西宁曹家堡国际机场
FLIGHT	C084	C279	WEH		INC		2026-05-01T19:13:00	2026-05-01T22:27:00	东方航空	MU4949	经济舱	900	32	32	威海大水泊国际机场	银川河东国际机场
FLIGHT	C084	C018	WEH				2026-05-01T19:50:00	2026-05-02T01:42:00	南方航空	CZ4950	经济舱	1610	33	33	威海大水泊国际机场	乌鲁木齐天山国际机场
FLIGHT	C084	C300	WEH				2026-05-01T06:27:00	2026-05-01T10:27:00	海南航空	HU4951	经济舱	1100	34	34	威海大水泊国际机场	香港国际机场
FLIGHT	C084	C190	WEH		SZX		2026-05-01T08:18:00	2026-05-01T12:16:00	南方航空	CZ4954	经济舱	1100	37	37	威海大水泊国际机场	深圳宝安国际机场
FLIGHT	C084	C050	WEH		XMN		2026-05-01T08:55:00	2026-05-01T12:20:00	海南航空	HU4955	经济舱	950	3	3	威海大水泊国际机场	厦门高崎国际机场
FLIGHT	C084	C297	WEH				2026-05-01T09:32:00	2026-05-01T10:49:00	中国国航	CA4956	经济舱	380	4	4	威海大水泊国际机场	青岛胶东国际机场
FLIGHT	C084	C080	WEH		DLC		2026-05-01T10:09:00	2026-05-01T11:20:00	东方航空	MU4957	经济舱	350	5	5	威海大水泊国际机场	大连周水子国际机场
FLIGHT	C084	C088	WEH		NGB		2026-05-01T10:46:00	2026-05-01T13:06:00	南方航空	CZ4958	经济舱	660	6	6	威海大水泊国际机场	宁波栎社国际机场
FLIGHT	C084	C231	WEH				2026-05-01T11:23:00	2026-05-01T13:28:00	海南航空	HU4959	经济舱	600	7	7	威海大水泊国际机场	苏州机场
FLIGHT	C084	C139	WEH				2026-05-01T12:00:00	2026-05-01T14:04:00	中国国航	CA4960	经济舱	590	8	8	威海大水泊国际机场	苏南硕放国际机场
FLIGHT	C084	C158	WEH		KWL		2026-05-01T12:37:00	2026-05-01T16:28:00	东方航空	MU4961	经济舱	1070	9	9	威海大水泊国际机场	桂林两江国际机场
FLIGHT	C084	C002	WEH		SYX		2026-05-01T13:14:00	2026-05-01T18:16:00	南方航空	CZ4962	经济舱	1390	10	10	威海大水泊国际机场	三亚凤凰国际机场
FLIGHT	C084	C119	WEH				2026-05-01T13:51:00	2026-05-01T17:09:00	海南航空	HU4963	经济舱	920	11	11	威海大水泊国际机场	张家界荷花国际机场
FLIGHT	C084	C015	WEH		LJG		2026-05-01T14:28:00	2026-05-01T19:20:00	中国国航	CA4964	经济舱	1350	12	12	威海大水泊国际机场	丽江三义国际机场
FLIGHT	C084	C308	WEH		TXN		2026-05-01T15:42:00	2026-05-01T18:11:00	南方航空	CZ4966	经济舱	710	14	14	威海大水泊国际机场	黄山屯溪国际机场
FLIGHT	C084	C210	WEH		ZZH		2026-05-01T16:56:00	2026-05-01T20:59:00	中国国航	CA4968	经济舱	1130	16	16	威海大水泊国际机场	珠海金湾机场
FLIGHT	C084	C179	WEH				2026-05-01T17:33:00	2026-05-01T20:01:00	东方航空	MU4969	经济舱	710	17	17	威海大水泊国际机场	洛阳北郊机场
FLIGHT	C084	C077	WEH				2026-05-01T18:10:00	2026-05-01T20:27:00	南方航空	CZ4970	经济舱	660	18	18	威海大水泊国际机场	大同云冈国际机场
FLIGHT	C084	C070	WEH		KHG		2026-05-01T19:24:00	2026-05-02T02:57:00	中国国航	CA4972	经济舱	2080	20	20	威海大水泊国际机场	喀什徕宁国际机场
FLIGHT	C084	C056	WEH				2026-05-01T06:01:00	2026-05-01T11:40:00	东方航空	MU4973	经济舱	1570	21	21	威海大水泊国际机场	吐鲁番交河机场
FLIGHT	C084	C292	WEH				2026-05-01T06:38:00	2026-05-01T12:31:00	南方航空	CZ4974	经济舱	1630	22	22	威海大水泊国际机场	阿勒泰雪都机场
FLIGHT	C084	C222	WEH		BPE		2026-05-01T07:15:00	2026-05-01T08:45:00	海南航空	HU4975	经济舱	450	23	23	威海大水泊国际机场	秦皇岛北戴河机场
FLIGHT	C084	C176	WEH		JJN		2026-05-01T08:29:00	2026-05-01T11:48:00	东方航空	MU4977	经济舱	950	25	25	威海大水泊国际机场	泉州晋江国际机场
FLIGHT	C084	C129	WEH		YTY		2026-05-01T09:06:00	2026-05-01T11:03:00	南方航空	CZ4978	经济舱	580	26	26	威海大水泊国际机场	扬州泰州国际机场
FLIGHT	C084	C071	WEH				2026-05-01T09:43:00	2026-05-01T11:54:00	海南航空	HU4979	经济舱	640	27	27	威海大水泊国际机场	嘉兴机场
FLIGHT	C084	C040	WEH		BHY		2026-05-01T10:20:00	2026-05-01T14:53:00	中国国航	CA4980	经济舱	1280	28	28	威海大水泊国际机场	北海福成机场
FLIGHT	C084	C147	WEH				2026-05-01T10:57:00	2026-05-01T13:34:00	东方航空	MU4981	经济舱	760	29	29	威海大水泊国际机场	景德镇罗家机场
FLIGHT	C084	C127	WEH				2026-05-01T12:48:00	2026-05-01T16:39:00	中国国航	CA4984	经济舱	1100	32	32	威海大水泊国际机场	惠州平潭机场
FLIGHT	C084	C205	WEH		YNT		2026-05-01T14:02:00	2026-05-01T15:12:00	南方航空	CZ4986	经济舱	330	34	34	威海大水泊国际机场	烟台蓬莱国际机场
FLIGHT	C084	C025	WEH				2026-05-01T14:39:00	2026-05-01T18:37:00	海南航空	HU4987	经济舱	1130	35	35	威海大水泊国际机场	佛山沙堤机场
FLIGHT	C084	C192	WEH		WNZ		2026-05-01T15:53:00	2026-05-01T18:35:00	东方航空	MU4989	经济舱	790	37	37	威海大水泊国际机场	温州龙湾国际机场
FLIGHT	C176	C039	JJN		PEK		2026-05-01T16:30:00	2026-05-01T20:13:00	南方航空	CZ4990	经济舱	1070	3	3	泉州晋江国际机场	北京首都国际机场
FLIGHT	C176	C005	JJN		SHA		2026-05-01T17:07:00	2026-05-01T19:18:00	海南航空	HU4991	经济舱	650	4	4	泉州晋江国际机场	上海虹桥国际机场
FLIGHT	C176	C082	JJN		TSN		2026-05-01T17:44:00	2026-05-01T21:18:00	中国国航	CA4992	经济舱	1030	5	5	泉州晋江国际机场	天津滨海国际机场
FLIGHT	C176	C272	JJN		CKG		2026-05-01T18:21:00	2026-05-01T21:27:00	东方航空	MU4993	经济舱	900	6	6	泉州晋江国际机场	重庆江北国际机场
FLIGHT	C176	C220	JJN		SJW		2026-05-01T18:58:00	2026-05-01T22:25:00	南方航空	CZ4994	经济舱	1000	7	7	泉州晋江国际机场	石家庄正定国际机场
FLIGHT	C176	C083	JJN		TYN		2026-05-01T19:35:00	2026-05-01T23:06:00	海南航空	HU4995	经济舱	1020	8	8	泉州晋江国际机场	太原武宿国际机场
FLIGHT	C176	C061	JJN		HET		2026-05-01T06:12:00	2026-05-01T10:16:00	中国国航	CA4996	经济舱	1170	9	9	泉州晋江国际机场	呼和浩特白塔国际机场
FLIGHT	C176	C172	JJN		SHE		2026-05-01T06:49:00	2026-05-01T10:57:00	东方航空	MU4997	经济舱	1190	10	10	泉州晋江国际机场	沈阳桃仙国际机场
FLIGHT	C176	C283	JJN		CGQ		2026-05-01T07:26:00	2026-05-01T12:00:00	南方航空	CZ4998	经济舱	1300	11	11	泉州晋江国际机场	长春龙嘉国际机场
FLIGHT	C176	C066	JJN		HRB		2026-05-01T08:03:00	2026-05-01T13:01:00	海南航空	HU4999	经济舱	1410	12	12	泉州晋江国际机场	哈尔滨太平国际机场
FLIGHT	C176	C042	JJN		NKG		2026-05-01T08:40:00	2026-05-01T10:55:00	中国国航	CA5000	经济舱	680	13	13	泉州晋江国际机场	南京禄口国际机场
FLIGHT	C176	C153	JJN		HGH		2026-05-01T09:17:00	2026-05-01T11:14:00	东方航空	MU5001	经济舱	600	14	14	泉州晋江国际机场	杭州萧山国际机场
FLIGHT	C176	C053	JJN		HFE		2026-05-01T09:54:00	2026-05-01T12:08:00	南方航空	CZ5002	经济舱	680	15	15	泉州晋江国际机场	合肥新桥国际机场
FLIGHT	C176	C221	JJN		FOC		2026-05-01T10:31:00	2026-05-01T11:41:00	海南航空	HU5003	经济舱	390	16	16	泉州晋江国际机场	福州长乐国际机场
FLIGHT	C176	C046	JJN				2026-05-01T11:08:00	2026-05-01T12:54:00	中国国航	CA5004	经济舱	550	17	17	泉州晋江国际机场	南昌昌北国际机场
FLIGHT	C176	C180	JJN		TNA		2026-05-01T11:45:00	2026-05-01T14:52:00	东方航空	MU5005	经济舱	920	18	18	泉州晋江国际机场	济南遥墙国际机场
FLIGHT	C176	C267	JJN		CGO		2026-05-01T12:22:00	2026-05-01T15:17:00	南方航空	CZ5006	经济舱	870	19	19	泉州晋江国际机场	郑州新郑国际机场
FLIGHT	C176	C164	JJN		WUH		2026-05-01T12:59:00	2026-05-01T15:11:00	海南航空	HU5007	经济舱	670	20	20	泉州晋江国际机场	武汉天河国际机场
FLIGHT	C176	C284	JJN		CSX		2026-05-01T13:36:00	2026-05-01T15:39:00	中国国航	CA5008	经济舱	630	21	21	泉州晋江国际机场	长沙黄花国际机场
FLIGHT	C176	C112	JJN		CAN		2026-05-01T14:13:00	2026-05-01T16:06:00	东方航空	MU5009	经济舱	590	22	22	泉州晋江国际机场	广州白云国际机场
FLIGHT	C176	C044	JJN		NNG		2026-05-01T14:50:00	2026-05-01T17:32:00	南方航空	CZ5010	经济舱	810	23	23	泉州晋江国际机场	南宁吴圩国际机场
FLIGHT	C176	C184	JJN		HAK		2026-05-01T15:27:00	2026-05-01T18:04:00	海南航空	HU5011	经济舱	790	24	24	泉州晋江国际机场	海口美兰国际机场
FLIGHT	C176	C128	JJN		TFU		2026-05-01T16:04:00	2026-05-01T19:36:00	中国国航	CA5012	经济舱	1040	25	25	泉州晋江国际机场	成都天府国际机场
FLIGHT	C176	C249	JJN		KWE		2026-05-01T16:41:00	2026-05-01T19:38:00	东方航空	MU5013	经济舱	880	26	26	泉州晋江国际机场	贵阳龙洞堡国际机场
FLIGHT	C176	C142	JJN		KMG		2026-05-01T17:18:00	2026-05-01T20:54:00	南方航空	CZ5014	经济舱	1060	27	27	泉州晋江国际机场	昆明长水国际机场
FLIGHT	C176	C133	JJN		LXA		2026-05-01T17:55:00	2026-05-01T23:26:00	海南航空	HU5015	经济舱	1580	28	28	泉州晋江国际机场	拉萨贡嘎国际机场
FLIGHT	C176	C246	JJN		XIY		2026-05-01T18:32:00	2026-05-01T21:48:00	中国国航	CA5016	经济舱	970	29	29	泉州晋江国际机场	西安咸阳国际机场
FLIGHT	C176	C034	JJN		LHW		2026-05-01T19:09:00	2026-05-01T23:13:00	东方航空	MU5017	经济舱	1190	30	30	泉州晋江国际机场	兰州中川国际机场
FLIGHT	C176	C245	JJN		XNN		2026-05-01T19:46:00	2026-05-02T00:08:00	南方航空	CZ5018	经济舱	1270	31	31	泉州晋江国际机场	西宁曹家堡国际机场
FLIGHT	C176	C279	JJN		INC		2026-05-01T06:23:00	2026-05-01T10:29:00	海南航空	HU5019	经济舱	1200	32	32	泉州晋江国际机场	银川河东国际机场
FLIGHT	C176	C018	JJN				2026-05-01T07:00:00	2026-05-01T13:46:00	中国国航	CA5020	经济舱	1920	33	33	泉州晋江国际机场	乌鲁木齐天山国际机场
FLIGHT	C176	C300	JJN				2026-05-01T07:37:00	2026-05-01T09:26:00	东方航空	MU5021	经济舱	580	34	34	泉州晋江国际机场	香港国际机场
FLIGHT	C176	C190	JJN		SZX		2026-05-01T09:28:00	2026-05-01T11:17:00	中国国航	CA5024	经济舱	590	37	37	泉州晋江国际机场	深圳宝安国际机场
FLIGHT	C176	C050	JJN		XMN		2026-05-01T10:05:00	2026-05-01T11:15:00	东方航空	MU5025	经济舱	380	3	3	泉州晋江国际机场	厦门高崎国际机场
FLIGHT	C176	C297	JJN				2026-05-01T10:42:00	2026-05-01T13:43:00	南方航空	CZ5026	经济舱	910	4	4	泉州晋江国际机场	青岛胶东国际机场
FLIGHT	C176	C080	JJN		DLC		2026-05-01T11:19:00	2026-05-01T14:53:00	海南航空	HU5027	经济舱	1060	5	5	泉州晋江国际机场	大连周水子国际机场
FLIGHT	C176	C088	JJN		NGB		2026-05-01T11:56:00	2026-05-01T13:53:00	中国国航	CA5028	经济舱	630	6	6	泉州晋江国际机场	宁波栎社国际机场
FLIGHT	C176	C231	JJN				2026-05-01T12:33:00	2026-05-01T14:42:00	东方航空	MU5029	经济舱	680	7	7	泉州晋江国际机场	苏州机场
FLIGHT	C176	C139	JJN				2026-05-01T13:10:00	2026-05-01T15:20:00	南方航空	CZ5030	经济舱	690	8	8	泉州晋江国际机场	苏南硕放国际机场
FLIGHT	C176	C158	JJN		KWL		2026-05-01T13:47:00	2026-05-01T16:07:00	海南航空	HU5031	经济舱	730	9	9	泉州晋江国际机场	桂林两江国际机场
FLIGHT	C176	C002	JJN		SYX		2026-05-01T14:24:00	2026-05-01T17:19:00	中国国航	CA5032	经济舱	890	10	10	泉州晋江国际机场	三亚凤凰国际机场
FLIGHT	C176	C119	JJN				2026-05-01T15:01:00	2026-05-01T17:30:00	东方航空	MU5033	经济舱	780	11	11	泉州晋江国际机场	张家界荷花国际机场
FLIGHT	C176	C015	JJN		LJG		2026-05-01T15:38:00	2026-05-01T19:39:00	南方航空	CZ5034	经济舱	1190	12	12	泉州晋江国际机场	丽江三义国际机场
FLIGHT	C176	C308	JJN		TXN		2026-05-01T16:52:00	2026-05-01T18:41:00	中国国航	CA5036	经济舱	600	14	14	泉州晋江国际机场	黄山屯溪国际机场
FLIGHT	C176	C210	JJN		ZZH		2026-05-01T18:06:00	2026-05-01T20:00:00	南方航空	CZ5038	经济舱	630	16	16	泉州晋江国际机场	珠海金湾机场
FLIGHT	C176	C179	JJN				2026-05-01T18:43:00	2026-05-01T21:42:00	海南航空	HU5039	经济舱	920	17	17	泉州晋江国际机场	洛阳北郊机场
FLIGHT	C176	C077	JJN				2026-05-01T19:20:00	2026-05-01T23:11:00	中国国航	CA5040	经济舱	1150	18	18	泉州晋江国际机场	大同云冈国际机场
FLIGHT	C176	C070	JJN		KHG		2026-05-01T06:34:00	2026-05-01T14:38:00	南方航空	CZ5042	经济舱	2290	20	20	泉州晋江国际机场	喀什徕宁国际机场
FLIGHT	C176	C056	JJN				2026-05-01T07:11:00	2026-05-01T13:41:00	海南航空	HU5043	经济舱	1870	21	21	泉州晋江国际机场	吐鲁番交河机场
FLIGHT	C176	C292	JJN				2026-05-01T07:48:00	2026-05-01T14:53:00	中国国航	CA5044	经济舱	2030	22	22	泉州晋江国际机场	阿勒泰雪都机场
FLIGHT	C176	C222	JJN		BPE		2026-05-01T08:25:00	2026-05-01T12:08:00	东方航空	MU5045	经济舱	1120	23	23	泉州晋江国际机场	秦皇岛北戴河机场
FLIGHT	C176	C084	JJN		WEH		2026-05-01T09:02:00	2026-05-01T12:21:00	南方航空	CZ5046	经济舱	1020	24	24	泉州晋江国际机场	威海大水泊国际机场
FLIGHT	C176	C129	JJN		YTY		2026-05-01T10:16:00	2026-05-01T12:35:00	中国国航	CA5048	经济舱	750	26	26	泉州晋江国际机场	扬州泰州国际机场
FLIGHT	C176	C071	JJN				2026-05-01T10:53:00	2026-05-01T12:57:00	东方航空	MU5049	经济舱	680	27	27	泉州晋江国际机场	嘉兴机场
FLIGHT	C176	C040	JJN		BHY		2026-05-01T11:30:00	2026-05-01T14:10:00	南方航空	CZ5050	经济舱	840	28	28	泉州晋江国际机场	北海福成机场
FLIGHT	C176	C147	JJN				2026-05-01T12:07:00	2026-05-01T13:53:00	海南航空	HU5051	经济舱	600	29	29	泉州晋江国际机场	景德镇罗家机场
FLIGHT	C176	C127	JJN				2026-05-01T13:58:00	2026-05-01T15:40:00	南方航空	CZ5054	经济舱	590	32	32	泉州晋江国际机场	惠州平潭机场
FLIGHT	C176	C205	JJN		YNT		2026-05-01T15:12:00	2026-05-01T18:29:00	中国国航	CA5056	经济舱	1020	34	34	泉州晋江国际机场	烟台蓬莱国际机场
FLIGHT	C176	C025	JJN				2026-05-01T15:49:00	2026-05-01T17:44:00	东方航空	MU5057	经济舱	650	35	35	泉州晋江国际机场	佛山沙堤机场
FLIGHT	C176	C192	JJN		WNZ		2026-05-01T17:03:00	2026-05-01T18:38:00	海南航空	HU5059	经济舱	560	37	37	泉州晋江国际机场	温州龙湾国际机场
FLIGHT	C129	C039	YTY		PEK		2026-05-01T17:40:00	2026-05-01T20:03:00	中国国航	CA5060	经济舱	780	3	3	扬州泰州国际机场	北京首都国际机场
FLIGHT	C129	C005	YTY		SHA		2026-05-01T18:17:00	2026-05-01T19:35:00	东方航空	MU5061	经济舱	490	4	4	扬州泰州国际机场	上海虹桥国际机场
FLIGHT	C129	C082	YTY		TSN		2026-05-01T18:54:00	2026-05-01T21:06:00	南方航空	CZ5062	经济舱	730	5	5	扬州泰州国际机场	天津滨海国际机场
FLIGHT	C129	C272	YTY		CKG		2026-05-01T19:31:00	2026-05-01T22:33:00	海南航空	HU5063	经济舱	950	6	6	扬州泰州国际机场	重庆江北国际机场
FLIGHT	C129	C220	YTY		SJW		2026-05-01T06:08:00	2026-05-01T08:20:00	中国国航	CA5064	经济舱	730	7	7	扬州泰州国际机场	石家庄正定国际机场
FLIGHT	C129	C083	YTY		TYN		2026-05-01T06:45:00	2026-05-01T09:07:00	东方航空	MU5065	经济舱	780	8	8	扬州泰州国际机场	太原武宿国际机场
FLIGHT	C129	C061	YTY		HET		2026-05-01T07:22:00	2026-05-01T10:13:00	南方航空	CZ5066	经济舱	910	9	9	扬州泰州国际机场	呼和浩特白塔国际机场
FLIGHT	C129	C172	YTY		SHE		2026-05-01T07:59:00	2026-05-01T10:44:00	海南航空	HU5067	经济舱	880	10	10	扬州泰州国际机场	沈阳桃仙国际机场
FLIGHT	C129	C283	YTY		CGQ		2026-05-01T08:36:00	2026-05-01T11:48:00	中国国航	CA5068	经济舱	1000	11	11	扬州泰州国际机场	长春龙嘉国际机场
FLIGHT	C129	C066	YTY		HRB		2026-05-01T09:13:00	2026-05-01T12:49:00	东方航空	MU5069	经济舱	1110	12	12	扬州泰州国际机场	哈尔滨太平国际机场
FLIGHT	C129	C042	YTY		NKG		2026-05-01T09:50:00	2026-05-01T11:00:00	南方航空	CZ5070	经济舱	420	13	13	扬州泰州国际机场	南京禄口国际机场
FLIGHT	C129	C153	YTY		HGH		2026-05-01T10:27:00	2026-05-01T11:47:00	海南航空	HU5071	经济舱	500	14	14	扬州泰州国际机场	杭州萧山国际机场
FLIGHT	C129	C053	YTY		HFE		2026-05-01T11:04:00	2026-05-01T12:21:00	中国国航	CA5072	经济舱	490	15	15	扬州泰州国际机场	合肥新桥国际机场
FLIGHT	C129	C221	YTY		FOC		2026-05-01T11:41:00	2026-05-01T13:46:00	东方航空	MU5073	经济舱	710	16	16	扬州泰州国际机场	福州长乐国际机场
FLIGHT	C129	C046	YTY				2026-05-01T12:18:00	2026-05-01T14:07:00	南方航空	CZ5074	经济舱	630	17	17	扬州泰州国际机场	南昌昌北国际机场
FLIGHT	C129	C180	YTY		TNA		2026-05-01T12:55:00	2026-05-01T14:42:00	海南航空	HU5075	经济舱	630	18	18	扬州泰州国际机场	济南遥墙国际机场
FLIGHT	C129	C267	YTY		CGO		2026-05-01T13:32:00	2026-05-01T15:27:00	中国国航	CA5076	经济舱	660	19	19	扬州泰州国际机场	郑州新郑国际机场
FLIGHT	C129	C164	YTY		WUH		2026-05-01T14:09:00	2026-05-01T15:57:00	东方航空	MU5077	经济舱	630	20	20	扬州泰州国际机场	武汉天河国际机场
FLIGHT	C129	C284	YTY		CSX		2026-05-01T14:46:00	2026-05-01T16:58:00	南方航空	CZ5078	经济舱	750	21	21	扬州泰州国际机场	长沙黄花国际机场
FLIGHT	C129	C112	YTY		CAN		2026-05-01T15:23:00	2026-05-01T18:17:00	海南航空	HU5079	经济舱	940	22	22	扬州泰州国际机场	广州白云国际机场
FLIGHT	C129	C044	YTY		NNG		2026-05-01T16:00:00	2026-05-01T19:27:00	中国国航	CA5080	经济舱	910	23	23	扬州泰州国际机场	南宁吴圩国际机场
FLIGHT	C129	C184	YTY		HAK		2026-05-01T16:37:00	2026-05-01T20:17:00	东方航空	MU5081	经济舱	970	24	24	扬州泰州国际机场	海口美兰国际机场
FLIGHT	C129	C128	YTY		TFU		2026-05-01T17:14:00	2026-05-01T20:36:00	南方航空	CZ5082	经济舱	890	25	25	扬州泰州国际机场	成都天府国际机场
FLIGHT	C129	C249	YTY		KWE		2026-05-01T17:51:00	2026-05-01T21:05:00	海南航空	HU5083	经济舱	860	26	26	扬州泰州国际机场	贵阳龙洞堡国际机场
FLIGHT	C129	C142	YTY		KMG		2026-05-01T18:28:00	2026-05-01T22:25:00	中国国航	CA5084	经济舱	1050	27	27	扬州泰州国际机场	昆明长水国际机场
FLIGHT	C129	C133	YTY		LXA		2026-05-01T19:05:00	2026-05-02T00:30:00	东方航空	MU5085	经济舱	1450	28	28	扬州泰州国际机场	拉萨贡嘎国际机场
FLIGHT	C129	C246	YTY		XIY		2026-05-01T19:42:00	2026-05-01T22:17:00	南方航空	CZ5086	经济舱	680	29	29	扬州泰州国际机场	西安咸阳国际机场
FLIGHT	C129	C034	YTY		LHW		2026-05-01T06:19:00	2026-05-01T09:43:00	海南航空	HU5087	经济舱	910	30	30	扬州泰州国际机场	兰州中川国际机场
FLIGHT	C129	C245	YTY		XNN		2026-05-01T06:56:00	2026-05-01T10:39:00	中国国航	CA5088	经济舱	990	31	31	扬州泰州国际机场	西宁曹家堡国际机场
FLIGHT	C129	C279	YTY		INC		2026-05-01T07:33:00	2026-05-01T10:45:00	东方航空	MU5089	经济舱	860	32	32	扬州泰州国际机场	银川河东国际机场
FLIGHT	C129	C018	YTY				2026-05-01T08:10:00	2026-05-01T14:08:00	南方航空	CZ5090	经济舱	1610	33	33	扬州泰州国际机场	乌鲁木齐天山国际机场
FLIGHT	C129	C300	YTY				2026-05-01T08:47:00	2026-05-01T11:45:00	海南航空	HU5091	经济舱	800	34	34	扬州泰州国际机场	香港国际机场
FLIGHT	C129	C190	YTY		SZX		2026-05-01T10:38:00	2026-05-01T13:35:00	南方航空	CZ5094	经济舱	790	37	37	扬州泰州国际机场	深圳宝安国际机场
FLIGHT	C129	C050	YTY		XMN		2026-05-01T11:15:00	2026-05-01T13:39:00	海南航空	HU5095	经济舱	650	3	3	扬州泰州国际机场	厦门高崎国际机场
FLIGHT	C129	C297	YTY				2026-05-01T11:52:00	2026-05-01T13:29:00	中国国航	CA5096	经济舱	430	4	4	扬州泰州国际机场	青岛胶东国际机场
FLIGHT	C129	C080	YTY		DLC		2026-05-01T12:29:00	2026-05-01T14:39:00	东方航空	MU5097	经济舱	590	5	5	扬州泰州国际机场	大连周水子国际机场
FLIGHT	C129	C088	YTY		NGB		2026-05-01T13:06:00	2026-05-01T14:36:00	南方航空	CZ5098	经济舱	400	6	6	扬州泰州国际机场	宁波栎社国际机场
FLIGHT	C129	C231	YTY				2026-05-01T13:43:00	2026-05-01T14:54:00	海南航空	HU5099	经济舱	320	7	7	扬州泰州国际机场	苏州机场
FLIGHT	C129	C139	YTY				2026-05-01T14:20:00	2026-05-01T15:30:00	中国国航	CA5100	经济舱	310	8	8	扬州泰州国际机场	苏南硕放国际机场
FLIGHT	C129	C158	YTY		KWL		2026-05-01T14:57:00	2026-05-01T17:51:00	东方航空	MU5101	经济舱	790	9	9	扬州泰州国际机场	桂林两江国际机场
FLIGHT	C129	C002	YTY		SYX		2026-05-01T15:34:00	2026-05-01T19:35:00	南方航空	CZ5102	经济舱	1090	10	10	扬州泰州国际机场	三亚凤凰国际机场
FLIGHT	C129	C119	YTY				2026-05-01T16:11:00	2026-05-01T18:39:00	海南航空	HU5103	经济舱	670	11	11	扬州泰州国际机场	张家界荷花国际机场
FLIGHT	C129	C015	YTY		LJG		2026-05-01T16:48:00	2026-05-01T20:58:00	中国国航	CA5104	经济舱	1130	12	12	扬州泰州国际机场	丽江三义国际机场
FLIGHT	C129	C308	YTY		TXN		2026-05-01T18:02:00	2026-05-01T19:29:00	南方航空	CZ5106	经济舱	400	14	14	扬州泰州国际机场	黄山屯溪国际机场
FLIGHT	C129	C210	YTY		ZZH		2026-05-01T19:16:00	2026-05-01T22:17:00	中国国航	CA5108	经济舱	830	16	16	扬州泰州国际机场	珠海金湾机场
FLIGHT	C129	C179	YTY				2026-05-01T19:53:00	2026-05-01T21:57:00	东方航空	MU5109	经济舱	570	17	17	扬州泰州国际机场	洛阳北郊机场
FLIGHT	C129	C077	YTY				2026-05-01T06:30:00	2026-05-01T09:07:00	南方航空	CZ5110	经济舱	720	18	18	扬州泰州国际机场	大同云冈国际机场
FLIGHT	C129	C070	YTY		KHG		2026-05-01T07:44:00	2026-05-01T15:14:00	中国国航	CA5112	经济舱	2040	20	20	扬州泰州国际机场	喀什徕宁国际机场
FLIGHT	C129	C056	YTY				2026-05-01T08:21:00	2026-05-01T14:05:00	东方航空	MU5113	经济舱	1560	21	21	扬州泰州国际机场	吐鲁番交河机场
FLIGHT	C129	C292	YTY				2026-05-01T08:58:00	2026-05-01T15:06:00	南方航空	CZ5114	经济舱	1670	22	22	扬州泰州国际机场	阿勒泰雪都机场
FLIGHT	C129	C222	YTY		BPE		2026-05-01T09:35:00	2026-05-01T11:54:00	海南航空	HU5115	经济舱	640	23	23	扬州泰州国际机场	秦皇岛北戴河机场
FLIGHT	C129	C084	YTY		WEH		2026-05-01T10:12:00	2026-05-01T12:09:00	中国国航	CA5116	经济舱	550	24	24	扬州泰州国际机场	威海大水泊国际机场
FLIGHT	C129	C176	YTY		JJN		2026-05-01T10:49:00	2026-05-01T13:08:00	东方航空	MU5117	经济舱	640	25	25	扬州泰州国际机场	泉州晋江国际机场
FLIGHT	C129	C071	YTY				2026-05-01T12:03:00	2026-05-01T13:20:00	海南航空	HU5119	经济舱	370	27	27	扬州泰州国际机场	嘉兴机场
FLIGHT	C129	C040	YTY		BHY		2026-05-01T12:40:00	2026-05-01T16:13:00	中国国航	CA5120	经济舱	980	28	28	扬州泰州国际机场	北海福成机场
FLIGHT	C129	C147	YTY				2026-05-01T13:17:00	2026-05-01T14:53:00	东方航空	MU5121	经济舱	450	29	29	扬州泰州国际机场	景德镇罗家机场
FLIGHT	C129	C127	YTY				2026-05-01T15:08:00	2026-05-01T17:57:00	中国国航	CA5124	经济舱	790	32	32	扬州泰州国际机场	惠州平潭机场
FLIGHT	C129	C205	YTY		YNT		2026-05-01T16:22:00	2026-05-01T18:16:00	南方航空	CZ5126	经济舱	540	34	34	扬州泰州国际机场	烟台蓬莱国际机场
FLIGHT	C129	C025	YTY				2026-05-01T16:59:00	2026-05-01T19:55:00	海南航空	HU5127	经济舱	820	35	35	扬州泰州国际机场	佛山沙堤机场
FLIGHT	C129	C192	YTY		WNZ		2026-05-01T18:13:00	2026-05-01T19:58:00	东方航空	MU5129	经济舱	510	37	37	扬州泰州国际机场	温州龙湾国际机场
FLIGHT	C071	C039			PEK		2026-05-01T18:50:00	2026-05-01T21:34:00	南方航空	CZ5130	经济舱	770	3	3	嘉兴机场	北京首都国际机场
FLIGHT	C071	C005			SHA		2026-05-01T19:27:00	2026-05-01T20:37:00	海南航空	HU5131	经济舱	320	4	4	嘉兴机场	上海虹桥国际机场
FLIGHT	C071	C082			TSN		2026-05-01T06:04:00	2026-05-01T08:37:00	中国国航	CA5132	经济舱	720	5	5	嘉兴机场	天津滨海国际机场
FLIGHT	C071	C272			CKG		2026-05-01T06:41:00	2026-05-01T09:53:00	东方航空	MU5133	经济舱	900	6	6	嘉兴机场	重庆江北国际机场
FLIGHT	C071	C220			SJW		2026-05-01T07:18:00	2026-05-01T09:52:00	南方航空	CZ5134	经济舱	730	7	7	嘉兴机场	石家庄正定国际机场
FLIGHT	C071	C083			TYN		2026-05-01T07:55:00	2026-05-01T10:39:00	海南航空	HU5135	经济舱	780	8	8	嘉兴机场	太原武宿国际机场
FLIGHT	C071	C061			HET		2026-05-01T08:32:00	2026-05-01T11:45:00	中国国航	CA5136	经济舱	910	9	9	嘉兴机场	呼和浩特白塔国际机场
FLIGHT	C071	C172			SHE		2026-05-01T09:09:00	2026-05-01T12:09:00	东方航空	MU5137	经济舱	850	10	10	嘉兴机场	沈阳桃仙国际机场
FLIGHT	C071	C283			CGQ		2026-05-01T09:46:00	2026-05-01T13:12:00	南方航空	CZ5138	经济舱	970	11	11	嘉兴机场	长春龙嘉国际机场
FLIGHT	C071	C066			HRB		2026-05-01T10:23:00	2026-05-01T14:13:00	海南航空	HU5139	经济舱	1070	12	12	嘉兴机场	哈尔滨太平国际机场
FLIGHT	C071	C042			NKG		2026-05-01T11:00:00	2026-05-01T12:19:00	中国国航	CA5140	经济舱	400	13	13	嘉兴机场	南京禄口国际机场
FLIGHT	C071	C153			HGH		2026-05-01T11:37:00	2026-05-01T12:47:00	东方航空	MU5141	经济舱	330	14	14	嘉兴机场	杭州萧山国际机场
FLIGHT	C071	C053			HFE		2026-05-01T12:14:00	2026-05-01T13:45:00	南方航空	CZ5142	经济舱	450	15	15	嘉兴机场	合肥新桥国际机场
FLIGHT	C071	C221			FOC		2026-05-01T12:51:00	2026-05-01T14:40:00	海南航空	HU5143	经济舱	540	16	16	嘉兴机场	福州长乐国际机场
FLIGHT	C071	C046					2026-05-01T13:28:00	2026-05-01T15:16:00	中国国航	CA5144	经济舱	530	17	17	嘉兴机场	南昌昌北国际机场
FLIGHT	C071	C180			TNA		2026-05-01T14:05:00	2026-05-01T16:14:00	东方航空	MU5145	经济舱	630	18	18	嘉兴机场	济南遥墙国际机场
FLIGHT	C071	C267			CGO		2026-05-01T14:42:00	2026-05-01T16:57:00	南方航空	CZ5146	经济舱	660	19	19	嘉兴机场	郑州新郑国际机场
FLIGHT	C071	C164			WUH		2026-05-01T15:19:00	2026-05-01T17:16:00	海南航空	HU5147	经济舱	580	20	20	嘉兴机场	武汉天河国际机场
FLIGHT	C071	C284			CSX		2026-05-01T15:56:00	2026-05-01T18:12:00	中国国航	CA5148	经济舱	660	21	21	嘉兴机场	长沙黄花国际机场
FLIGHT	C071	C112			CAN		2026-05-01T16:33:00	2026-05-01T19:21:00	东方航空	MU5149	经济舱	810	22	22	嘉兴机场	广州白云国际机场
FLIGHT	C071	C044			NNG		2026-05-01T17:10:00	2026-05-01T20:36:00	南方航空	CZ5150	经济舱	980	23	23	嘉兴机场	南宁吴圩国际机场
FLIGHT	C071	C184			HAK		2026-05-01T17:47:00	2026-05-01T21:21:00	海南航空	HU5151	经济舱	1020	24	24	嘉兴机场	海口美兰国际机场
FLIGHT	C071	C128			TFU		2026-05-01T18:24:00	2026-05-01T21:59:00	中国国航	CA5152	经济舱	1020	25	25	嘉兴机场	成都天府国际机场
FLIGHT	C071	C249			KWE		2026-05-01T19:01:00	2026-05-01T22:21:00	东方航空	MU5153	经济舱	960	26	26	嘉兴机场	贵阳龙洞堡国际机场
FLIGHT	C071	C142			KMG		2026-05-01T19:38:00	2026-05-01T23:41:00	南方航空	CZ5154	经济舱	1150	27	27	嘉兴机场	昆明长水国际机场
FLIGHT	C071	C133			LXA		2026-05-01T06:15:00	2026-05-01T11:54:00	海南航空	HU5155	经济舱	1580	28	28	嘉兴机场	拉萨贡嘎国际机场
FLIGHT	C071	C246			XIY		2026-05-01T06:52:00	2026-05-01T09:45:00	中国国航	CA5156	经济舱	840	29	29	嘉兴机场	西安咸阳国际机场
FLIGHT	C071	C034			LHW		2026-05-01T07:29:00	2026-05-01T11:12:00	东方航空	MU5157	经济舱	1060	30	30	嘉兴机场	兰州中川国际机场
FLIGHT	C071	C245			XNN		2026-05-01T08:06:00	2026-05-01T12:08:00	南方航空	CZ5158	经济舱	1150	31	31	嘉兴机场	西宁曹家堡国际机场
FLIGHT	C071	C279			INC		2026-05-01T08:43:00	2026-05-01T12:16:00	海南航空	HU5159	经济舱	1020	32	32	嘉兴机场	银川河东国际机场
FLIGHT	C071	C018					2026-05-01T09:20:00	2026-05-01T15:39:00	中国国航	CA5160	经济舱	1770	33	33	嘉兴机场	乌鲁木齐天山国际机场
FLIGHT	C071	C300					2026-05-01T09:57:00	2026-05-01T12:46:00	东方航空	MU5161	经济舱	830	34	34	嘉兴机场	香港国际机场
FLIGHT	C071	C190			SZX		2026-05-01T11:48:00	2026-05-01T14:36:00	中国国航	CA5164	经济舱	820	37	37	嘉兴机场	深圳宝安国际机场
FLIGHT	C071	C050			XMN		2026-05-01T12:25:00	2026-05-01T14:35:00	东方航空	MU5165	经济舱	650	3	3	嘉兴机场	厦门高崎国际机场
FLIGHT	C071	C297					2026-05-01T13:02:00	2026-05-01T14:56:00	南方航空	CZ5166	经济舱	580	4	4	嘉兴机场	青岛胶东国际机场
FLIGHT	C071	C080			DLC		2026-05-01T13:39:00	2026-05-01T16:05:00	海南航空	HU5167	经济舱	730	5	5	嘉兴机场	大连周水子国际机场
FLIGHT	C071	C088			NGB		2026-05-01T14:16:00	2026-05-01T15:26:00	中国国航	CA5168	经济舱	370	6	6	嘉兴机场	宁波栎社国际机场
FLIGHT	C071	C231					2026-05-01T14:53:00	2026-05-01T16:03:00	东方航空	MU5169	经济舱	350	7	7	嘉兴机场	苏州机场
FLIGHT	C071	C139					2026-05-01T15:30:00	2026-05-01T16:40:00	南方航空	CZ5170	经济舱	360	8	8	嘉兴机场	苏南硕放国际机场
FLIGHT	C071	C158			KWL		2026-05-01T16:07:00	2026-05-01T19:01:00	海南航空	HU5171	经济舱	860	9	9	嘉兴机场	桂林两江国际机场
FLIGHT	C071	C002			SYX		2026-05-01T16:44:00	2026-05-01T20:38:00	中国国航	CA5172	经济舱	1130	10	10	嘉兴机场	三亚凤凰国际机场
FLIGHT	C071	C119					2026-05-01T17:21:00	2026-05-01T19:57:00	东方航空	MU5173	经济舱	780	11	11	嘉兴机场	张家界荷花国际机场
FLIGHT	C071	C015			LJG		2026-05-01T17:58:00	2026-05-01T22:17:00	南方航空	CZ5174	经济舱	1240	12	12	嘉兴机场	丽江三义国际机场
FLIGHT	C071	C308			TXN		2026-05-01T19:12:00	2026-05-01T20:33:00	中国国航	CA5176	经济舱	440	14	14	嘉兴机场	黄山屯溪国际机场
FLIGHT	C071	C210			ZZH		2026-05-01T06:26:00	2026-05-01T09:19:00	南方航空	CZ5178	经济舱	860	16	16	嘉兴机场	珠海金湾机场
FLIGHT	C071	C179					2026-05-01T07:03:00	2026-05-01T09:27:00	海南航空	HU5179	经济舱	730	17	17	嘉兴机场	洛阳北郊机场
FLIGHT	C071	C077					2026-05-01T07:40:00	2026-05-01T10:39:00	中国国航	CA5180	经济舱	890	18	18	嘉兴机场	大同云冈国际机场
FLIGHT	C071	C070			KHG		2026-05-01T08:54:00	2026-05-01T16:43:00	南方航空	CZ5182	经济舱	2200	20	20	嘉兴机场	喀什徕宁国际机场
FLIGHT	C071	C056					2026-05-01T09:31:00	2026-05-01T15:35:00	海南航空	HU5183	经济舱	1730	21	21	嘉兴机场	吐鲁番交河机场
FLIGHT	C071	C292					2026-05-01T10:08:00	2026-05-01T16:38:00	中国国航	CA5184	经济舱	1840	22	22	嘉兴机场	阿勒泰雪都机场
FLIGHT	C071	C222			BPE		2026-05-01T10:45:00	2026-05-01T13:23:00	东方航空	MU5185	经济舱	800	23	23	嘉兴机场	秦皇岛北戴河机场
FLIGHT	C071	C084			WEH		2026-05-01T11:22:00	2026-05-01T13:33:00	南方航空	CZ5186	经济舱	680	24	24	嘉兴机场	威海大水泊国际机场
FLIGHT	C071	C176			JJN		2026-05-01T11:59:00	2026-05-01T14:03:00	海南航空	HU5187	经济舱	650	25	25	嘉兴机场	泉州晋江国际机场
FLIGHT	C071	C129			YTY		2026-05-01T12:36:00	2026-05-01T13:53:00	中国国航	CA5188	经济舱	440	26	26	嘉兴机场	扬州泰州国际机场
FLIGHT	C071	C040			BHY		2026-05-01T13:50:00	2026-05-01T17:20:00	南方航空	CZ5190	经济舱	1040	28	28	嘉兴机场	北海福成机场
FLIGHT	C071	C147					2026-05-01T14:27:00	2026-05-01T16:00:00	海南航空	HU5191	经济舱	510	29	29	嘉兴机场	景德镇罗家机场
FLIGHT	C071	C127					2026-05-01T16:18:00	2026-05-01T18:59:00	南方航空	CZ5194	经济舱	820	32	32	嘉兴机场	惠州平潭机场
FLIGHT	C071	C205			YNT		2026-05-01T17:32:00	2026-05-01T19:42:00	中国国航	CA5196	经济舱	680	34	34	嘉兴机场	烟台蓬莱国际机场
FLIGHT	C071	C025					2026-05-01T18:09:00	2026-05-01T20:59:00	东方航空	MU5197	经济舱	860	35	35	嘉兴机场	佛山沙堤机场
FLIGHT	C071	C192			WNZ		2026-05-01T19:23:00	2026-05-01T20:49:00	海南航空	HU5199	经济舱	490	37	37	嘉兴机场	温州龙湾国际机场
FLIGHT	C040	C039	BHY		PEK		2026-05-01T06:00:00	2026-05-01T10:31:00	中国国航	CA5200	经济舱	1320	3	3	北海福成机场	北京首都国际机场
FLIGHT	C040	C005	BHY		SHA		2026-05-01T06:37:00	2026-05-01T10:16:00	东方航空	MU5201	经济舱	1090	4	4	北海福成机场	上海虹桥国际机场
FLIGHT	C040	C082	BHY		TSN		2026-05-01T07:14:00	2026-05-01T11:39:00	南方航空	CZ5202	经济舱	1300	5	5	北海福成机场	天津滨海国际机场
FLIGHT	C040	C272	BHY		CKG		2026-05-01T07:51:00	2026-05-01T10:19:00	海南航空	HU5203	经济舱	770	6	6	北海福成机场	重庆江北国际机场
FLIGHT	C040	C220	BHY		SJW		2026-05-01T08:28:00	2026-05-01T12:34:00	中国国航	CA5204	经济舱	1210	7	7	北海福成机场	石家庄正定国际机场
FLIGHT	C040	C083	BHY		TYN		2026-05-01T09:05:00	2026-05-01T13:05:00	东方航空	MU5205	经济舱	1190	8	8	北海福成机场	太原武宿国际机场
FLIGHT	C040	C061	BHY		HET		2026-05-01T09:42:00	2026-05-01T14:14:00	南方航空	CZ5206	经济舱	1330	9	9	北海福成机场	呼和浩特白塔国际机场
FLIGHT	C040	C172	BHY		SHE		2026-05-01T10:19:00	2026-05-01T15:37:00	海南航空	HU5207	经济舱	1540	10	10	北海福成机场	沈阳桃仙国际机场
FLIGHT	C040	C283	BHY		CGQ		2026-05-01T10:56:00	2026-05-01T16:41:00	中国国航	CA5208	经济舱	1660	11	11	北海福成机场	长春龙嘉国际机场
FLIGHT	C040	C066	BHY		HRB		2026-05-01T11:33:00	2026-05-01T17:41:00	东方航空	MU5209	经济舱	1770	12	12	北海福成机场	哈尔滨太平国际机场
FLIGHT	C040	C042	BHY		NKG		2026-05-01T12:10:00	2026-05-01T15:37:00	南方航空	CZ5210	经济舱	1040	13	13	北海福成机场	南京禄口国际机场
FLIGHT	C040	C153	BHY		HGH		2026-05-01T12:47:00	2026-05-01T16:09:00	海南航空	HU5211	经济舱	1020	14	14	北海福成机场	杭州萧山国际机场
FLIGHT	C040	C053	BHY		HFE		2026-05-01T13:24:00	2026-05-01T16:39:00	中国国航	CA5212	经济舱	990	15	15	北海福成机场	合肥新桥国际机场
FLIGHT	C040	C221	BHY		FOC		2026-05-01T14:01:00	2026-05-01T16:51:00	东方航空	MU5213	经济舱	880	16	16	北海福成机场	福州长乐国际机场
FLIGHT	C040	C046	BHY				2026-05-01T14:38:00	2026-05-01T17:18:00	南方航空	CZ5214	经济舱	840	17	17	北海福成机场	南昌昌北国际机场
FLIGHT	C040	C180	BHY		TNA		2026-05-01T15:15:00	2026-05-01T19:15:00	海南航空	HU5215	经济舱	1200	18	18	北海福成机场	济南遥墙国际机场
FLIGHT	C040	C267	BHY		CGO		2026-05-01T15:52:00	2026-05-01T19:21:00	中国国航	CA5216	经济舱	1060	19	19	北海福成机场	郑州新郑国际机场
FLIGHT	C040	C164	BHY		WUH		2026-05-01T16:29:00	2026-05-01T19:18:00	东方航空	MU5217	经济舱	880	20	20	北海福成机场	武汉天河国际机场
FLIGHT	C040	C284	BHY		CSX		2026-05-01T17:06:00	2026-05-01T19:25:00	南方航空	CZ5218	经济舱	750	21	21	北海福成机场	长沙黄花国际机场
FLIGHT	C040	C112	BHY		CAN		2026-05-01T17:43:00	2026-05-01T19:24:00	海南航空	HU5219	经济舱	580	22	22	北海福成机场	广州白云国际机场
FLIGHT	C040	C044	BHY		NNG		2026-05-01T18:20:00	2026-05-01T19:32:00	中国国航	CA5220	经济舱	450	23	23	北海福成机场	南宁吴圩国际机场
FLIGHT	C040	C184	BHY		HAK		2026-05-01T18:57:00	2026-05-01T20:12:00	东方航空	MU5221	经济舱	460	24	24	北海福成机场	海口美兰国际机场
FLIGHT	C040	C128	BHY		TFU		2026-05-01T19:34:00	2026-05-01T22:22:00	南方航空	CZ5222	经济舱	880	25	25	北海福成机场	成都天府国际机场
FLIGHT	C040	C249	BHY		KWE		2026-05-01T06:11:00	2026-05-01T08:09:00	海南航空	HU5223	经济舱	660	26	26	北海福成机场	贵阳龙洞堡国际机场
FLIGHT	C040	C142	BHY		KMG		2026-05-01T06:48:00	2026-05-01T08:59:00	中国国航	CA5224	经济舱	720	27	27	北海福成机场	昆明长水国际机场
FLIGHT	C040	C133	BHY		LXA		2026-05-01T07:25:00	2026-05-01T11:41:00	东方航空	MU5225	经济舱	1280	28	28	北海福成机场	拉萨贡嘎国际机场
FLIGHT	C040	C246	BHY		XIY		2026-05-01T08:02:00	2026-05-01T11:20:00	南方航空	CZ5226	经济舱	1020	29	29	北海福成机场	西安咸阳国际机场
FLIGHT	C040	C034	BHY		LHW		2026-05-01T08:39:00	2026-05-01T12:24:00	海南航空	HU5227	经济舱	1140	30	30	北海福成机场	兰州中川国际机场
FLIGHT	C040	C245	BHY		XNN		2026-05-01T09:16:00	2026-05-01T13:14:00	中国国航	CA5228	经济舱	1200	31	31	北海福成机场	西宁曹家堡国际机场
FLIGHT	C040	C279	BHY		INC		2026-05-01T09:53:00	2026-05-01T13:59:00	东方航空	MU5229	经济舱	1240	32	32	北海福成机场	银川河东国际机场
FLIGHT	C040	C018	BHY				2026-05-01T10:30:00	2026-05-01T16:43:00	南方航空	CZ5230	经济舱	1810	33	33	北海福成机场	乌鲁木齐天山国际机场
FLIGHT	C040	C300	BHY				2026-05-01T11:07:00	2026-05-01T12:55:00	海南航空	HU5231	经济舱	620	34	34	北海福成机场	香港国际机场
FLIGHT	C040	C190	BHY		SZX		2026-05-01T12:58:00	2026-05-01T14:45:00	南方航空	CZ5234	经济舱	620	37	37	北海福成机场	深圳宝安国际机场
FLIGHT	C040	C050	BHY		XMN		2026-05-01T13:35:00	2026-05-01T16:08:00	海南航空	HU5235	经济舱	820	3	3	北海福成机场	厦门高崎国际机场
FLIGHT	C040	C297	BHY				2026-05-01T14:12:00	2026-05-01T18:23:00	中国国航	CA5236	经济舱	1270	4	4	北海福成机场	青岛胶东国际机场
FLIGHT	C040	C080	BHY		DLC		2026-05-01T14:49:00	2026-05-01T19:31:00	东方航空	MU5237	经济舱	1410	5	5	北海福成机场	大连周水子国际机场
FLIGHT	C040	C088	BHY		NGB		2026-05-01T15:26:00	2026-05-01T18:56:00	南方航空	CZ5238	经济舱	1090	6	6	北海福成机场	宁波栎社国际机场
FLIGHT	C040	C231	BHY				2026-05-01T16:03:00	2026-05-01T19:36:00	海南航空	HU5239	经济舱	1100	7	7	北海福成机场	苏州机场
FLIGHT	C040	C139	BHY				2026-05-01T16:40:00	2026-05-01T20:12:00	中国国航	CA5240	经济舱	1100	8	8	北海福成机场	苏南硕放国际机场
FLIGHT	C040	C158	BHY		KWL		2026-05-01T17:17:00	2026-05-01T18:56:00	东方航空	MU5241	经济舱	590	9	9	北海福成机场	桂林两江国际机场
FLIGHT	C040	C002	BHY		SYX		2026-05-01T17:54:00	2026-05-01T19:25:00	南方航空	CZ5242	经济舱	550	10	10	北海福成机场	三亚凤凰国际机场
FLIGHT	C040	C119	BHY				2026-05-01T18:31:00	2026-05-01T20:52:00	海南航空	HU5243	经济舱	780	11	11	北海福成机场	张家界荷花国际机场
FLIGHT	C040	C015	BHY		LJG		2026-05-01T19:08:00	2026-05-01T21:51:00	中国国航	CA5244	经济舱	880	12	12	北海福成机场	丽江三义国际机场
FLIGHT	C040	C308	BHY		TXN		2026-05-01T06:22:00	2026-05-01T09:27:00	南方航空	CZ5246	经济舱	980	14	14	北海福成机场	黄山屯溪国际机场
FLIGHT	C040	C210	BHY		ZZH		2026-05-01T07:36:00	2026-05-01T09:18:00	中国国航	CA5248	经济舱	610	16	16	北海福成机场	珠海金湾机场
FLIGHT	C040	C179	BHY				2026-05-01T08:13:00	2026-05-01T11:38:00	东方航空	MU5249	经济舱	1070	17	17	北海福成机场	洛阳北郊机场
FLIGHT	C040	C077	BHY				2026-05-01T08:50:00	2026-05-01T13:16:00	南方航空	CZ5250	经济舱	1180	18	18	北海福成机场	大同云冈国际机场
FLIGHT	C040	C070	BHY		KHG		2026-05-01T10:04:00	2026-05-01T17:11:00	中国国航	CA5252	经济舱	1910	20	20	北海福成机场	喀什徕宁国际机场
FLIGHT	C040	C056	BHY				2026-05-01T10:41:00	2026-05-01T16:38:00	东方航空	MU5253	经济舱	1590	21	21	北海福成机场	吐鲁番交河机场
FLIGHT	C040	C292	BHY				2026-05-01T11:18:00	2026-05-01T18:01:00	南方航空	CZ5254	经济舱	1800	22	22	北海福成机场	阿勒泰雪都机场
FLIGHT	C040	C222	BHY		BPE		2026-05-01T11:55:00	2026-05-01T16:38:00	海南航空	HU5255	经济舱	1260	23	23	北海福成机场	秦皇岛北戴河机场
FLIGHT	C040	C084	BHY		WEH		2026-05-01T12:32:00	2026-05-01T17:05:00	中国国航	CA5256	经济舱	1220	24	24	北海福成机场	威海大水泊国际机场
FLIGHT	C040	C176	BHY		JJN		2026-05-01T13:09:00	2026-05-01T15:49:00	东方航空	MU5257	经济舱	710	25	25	北海福成机场	泉州晋江国际机场
FLIGHT	C040	C129	BHY		YTY		2026-05-01T13:46:00	2026-05-01T17:19:00	南方航空	CZ5258	经济舱	950	26	26	北海福成机场	扬州泰州国际机场
FLIGHT	C040	C071	BHY				2026-05-01T14:23:00	2026-05-01T17:53:00	海南航空	HU5259	经济舱	940	27	27	北海福成机场	嘉兴机场
FLIGHT	C040	C147	BHY				2026-05-01T15:37:00	2026-05-01T18:30:00	东方航空	MU5261	经济舱	770	29	29	北海福成机场	景德镇罗家机场
FLIGHT	C040	C127	BHY				2026-05-01T17:28:00	2026-05-01T19:20:00	中国国航	CA5264	经济舱	500	32	32	北海福成机场	惠州平潭机场
FLIGHT	C040	C205	BHY		YNT		2026-05-01T18:42:00	2026-05-01T23:11:00	南方航空	CZ5266	经济舱	1210	34	34	北海福成机场	烟台蓬莱国际机场
FLIGHT	C040	C025	BHY				2026-05-01T19:19:00	2026-05-01T20:59:00	海南航空	HU5267	经济舱	450	35	35	北海福成机场	佛山沙堤机场
FLIGHT	C040	C192	BHY		WNZ		2026-05-01T06:33:00	2026-05-01T09:45:00	东方航空	MU5269	经济舱	870	37	37	北海福成机场	温州龙湾国际机场
FLIGHT	C147	C039			PEK		2026-05-01T07:10:00	2026-05-01T10:03:00	南方航空	CZ5270	经济舱	780	3	3	景德镇罗家机场	北京首都国际机场
FLIGHT	C147	C005			SHA		2026-05-01T07:47:00	2026-05-01T09:29:00	海南航空	HU5271	经济舱	460	4	4	景德镇罗家机场	上海虹桥国际机场
FLIGHT	C147	C082			TSN		2026-05-01T08:24:00	2026-05-01T11:08:00	中国国航	CA5272	经济舱	740	5	5	景德镇罗家机场	天津滨海国际机场
FLIGHT	C147	C272			CKG		2026-05-01T09:01:00	2026-05-01T11:39:00	东方航空	MU5273	经济舱	720	6	6	景德镇罗家机场	重庆江北国际机场
FLIGHT	C147	C220			SJW		2026-05-01T09:38:00	2026-05-01T12:14:00	南方航空	CZ5274	经济舱	710	7	7	景德镇罗家机场	石家庄正定国际机场
FLIGHT	C147	C083			TYN		2026-05-01T10:15:00	2026-05-01T12:55:00	海南航空	HU5275	经济舱	730	8	8	景德镇罗家机场	太原武宿国际机场
FLIGHT	C147	C061			HET		2026-05-01T10:52:00	2026-05-01T14:05:00	中国国航	CA5276	经济舱	880	9	9	景德镇罗家机场	呼和浩特白塔国际机场
FLIGHT	C147	C172			SHE		2026-05-01T11:29:00	2026-05-01T14:54:00	东方航空	MU5277	经济舱	930	10	10	景德镇罗家机场	沈阳桃仙国际机场
FLIGHT	C147	C283			CGQ		2026-05-01T12:06:00	2026-05-01T15:58:00	南方航空	CZ5278	经济舱	1060	11	11	景德镇罗家机场	长春龙嘉国际机场
FLIGHT	C147	C066			HRB		2026-05-01T12:43:00	2026-05-01T16:59:00	海南航空	HU5279	经济舱	1160	12	12	景德镇罗家机场	哈尔滨太平国际机场
FLIGHT	C147	C042			NKG		2026-05-01T13:20:00	2026-05-01T14:50:00	中国国航	CA5280	经济舱	420	13	13	景德镇罗家机场	南京禄口国际机场
FLIGHT	C147	C153			HGH		2026-05-01T13:57:00	2026-05-01T15:23:00	东方航空	MU5281	经济舱	400	14	14	景德镇罗家机场	杭州萧山国际机场
FLIGHT	C147	C053			HFE		2026-05-01T14:34:00	2026-05-01T15:57:00	南方航空	CZ5282	经济舱	390	15	15	景德镇罗家机场	合肥新桥国际机场
FLIGHT	C147	C221			FOC		2026-05-01T15:11:00	2026-05-01T16:47:00	海南航空	HU5283	经济舱	450	16	16	景德镇罗家机场	福州长乐国际机场
FLIGHT	C147	C046					2026-05-01T15:48:00	2026-05-01T16:58:00	中国国航	CA5284	经济舱	330	17	17	景德镇罗家机场	南昌昌北国际机场
FLIGHT	C147	C180			TNA		2026-05-01T16:25:00	2026-05-01T18:42:00	东方航空	MU5285	经济舱	640	18	18	景德镇罗家机场	济南遥墙国际机场
FLIGHT	C147	C267			CGO		2026-05-01T17:02:00	2026-05-01T19:07:00	南方航空	CZ5286	经济舱	580	19	19	景德镇罗家机场	郑州新郑国际机场
FLIGHT	C147	C164			WUH		2026-05-01T17:39:00	2026-05-01T19:05:00	海南航空	HU5287	经济舱	410	20	20	景德镇罗家机场	武汉天河国际机场
FLIGHT	C147	C284			CSX		2026-05-01T18:16:00	2026-05-01T19:54:00	中国国航	CA5288	经济舱	460	21	21	景德镇罗家机场	长沙黄花国际机场
FLIGHT	C147	C112			CAN		2026-05-01T18:53:00	2026-05-01T21:07:00	东方航空	MU5289	经济舱	620	22	22	景德镇罗家机场	广州白云国际机场
FLIGHT	C147	C044			NNG		2026-05-01T19:30:00	2026-05-01T22:18:00	南方航空	CZ5290	经济舱	780	23	23	景德镇罗家机场	南宁吴圩国际机场
FLIGHT	C147	C184			HAK		2026-05-01T06:07:00	2026-05-01T09:06:00	海南航空	HU5291	经济舱	830	24	24	景德镇罗家机场	海口美兰国际机场
FLIGHT	C147	C128			TFU		2026-05-01T06:44:00	2026-05-01T09:46:00	中国国航	CA5292	经济舱	840	25	25	景德镇罗家机场	成都天府国际机场
FLIGHT	C147	C249			KWE		2026-05-01T07:21:00	2026-05-01T10:04:00	东方航空	MU5293	经济舱	760	26	26	景德镇罗家机场	贵阳龙洞堡国际机场
FLIGHT	C147	C142			KMG		2026-05-01T07:58:00	2026-05-01T11:24:00	南方航空	CZ5294	经济舱	950	27	27	景德镇罗家机场	昆明长水国际机场
FLIGHT	C147	C133			LXA		2026-05-01T08:35:00	2026-05-01T13:41:00	海南航空	HU5295	经济舱	1410	28	28	景德镇罗家机场	拉萨贡嘎国际机场
FLIGHT	C147	C246			XIY		2026-05-01T09:12:00	2026-05-01T11:43:00	中国国航	CA5296	经济舱	710	29	29	景德镇罗家机场	西安咸阳国际机场
FLIGHT	C147	C034			LHW		2026-05-01T09:49:00	2026-05-01T13:10:00	东方航空	MU5297	经济舱	930	30	30	景德镇罗家机场	兰州中川国际机场
FLIGHT	C147	C245			XNN		2026-05-01T10:26:00	2026-05-01T14:06:00	南方航空	CZ5298	经济舱	1020	31	31	景德镇罗家机场	西宁曹家堡国际机场
FLIGHT	C147	C279			INC		2026-05-01T11:03:00	2026-05-01T14:22:00	海南航空	HU5299	经济舱	930	32	32	景德镇罗家机场	银川河东国际机场
FLIGHT	C147	C018					2026-05-01T11:40:00	2026-05-01T17:42:00	中国国航	CA5300	经济舱	1660	33	33	景德镇罗家机场	乌鲁木齐天山国际机场
FLIGHT	C147	C300					2026-05-01T12:17:00	2026-05-01T14:35:00	东方航空	MU5301	经济舱	650	34	34	景德镇罗家机场	香港国际机场
FLIGHT	C147	C190			SZX		2026-05-01T14:08:00	2026-05-01T16:24:00	中国国航	CA5304	经济舱	650	37	37	景德镇罗家机场	深圳宝安国际机场
FLIGHT	C147	C050			XMN		2026-05-01T14:45:00	2026-05-01T16:34:00	东方航空	MU5305	经济舱	530	3	3	景德镇罗家机场	厦门高崎国际机场
FLIGHT	C147	C297					2026-05-01T15:22:00	2026-05-01T17:38:00	南方航空	CZ5306	经济舱	650	4	4	景德镇罗家机场	青岛胶东国际机场
FLIGHT	C147	C080			DLC		2026-05-01T15:59:00	2026-05-01T18:49:00	海南航空	HU5307	经济舱	800	5	5	景德镇罗家机场	大连周水子国际机场
FLIGHT	C147	C088			NGB		2026-05-01T16:36:00	2026-05-01T18:14:00	中国国航	CA5308	经济舱	480	6	6	景德镇罗家机场	宁波栎社国际机场
FLIGHT	C147	C231					2026-05-01T17:13:00	2026-05-01T18:48:00	东方航空	MU5309	经济舱	470	7	7	景德镇罗家机场	苏州机场
FLIGHT	C147	C139					2026-05-01T17:50:00	2026-05-01T19:24:00	南方航空	CZ5310	经济舱	460	8	8	景德镇罗家机场	苏南硕放国际机场
FLIGHT	C147	C158			KWL		2026-05-01T18:27:00	2026-05-01T20:43:00	海南航空	HU5311	经济舱	660	9	9	景德镇罗家机场	桂林两江国际机场
FLIGHT	C147	C002			SYX		2026-05-01T19:04:00	2026-05-01T22:24:00	中国国航	CA5312	经济舱	950	10	10	景德镇罗家机场	三亚凤凰国际机场
FLIGHT	C147	C119					2026-05-01T19:41:00	2026-05-01T21:41:00	东方航空	MU5313	经济舱	590	11	11	景德镇罗家机场	张家界荷花国际机场
FLIGHT	C147	C015			LJG		2026-05-01T06:18:00	2026-05-01T10:01:00	南方航空	CZ5314	经济舱	1050	12	12	景德镇罗家机场	丽江三义国际机场
FLIGHT	C147	C308			TXN		2026-05-01T07:32:00	2026-05-01T08:42:00	中国国航	CA5316	经济舱	350	14	14	景德镇罗家机场	黄山屯溪国际机场
FLIGHT	C147	C210			ZZH		2026-05-01T08:46:00	2026-05-01T11:07:00	南方航空	CZ5318	经济舱	680	16	16	景德镇罗家机场	珠海金湾机场
FLIGHT	C147	C179					2026-05-01T09:23:00	2026-05-01T11:32:00	海南航空	HU5319	经济舱	630	17	17	景德镇罗家机场	洛阳北郊机场
FLIGHT	C147	C077					2026-05-01T10:00:00	2026-05-01T13:00:00	中国国航	CA5320	经济舱	860	18	18	景德镇罗家机场	大同云冈国际机场
FLIGHT	C147	C070			KHG		2026-05-01T11:14:00	2026-05-01T18:40:00	南方航空	CZ5322	经济舱	2060	20	20	景德镇罗家机场	喀什徕宁国际机场
FLIGHT	C147	C056					2026-05-01T11:51:00	2026-05-01T17:38:00	海南航空	HU5323	经济舱	1620	21	21	景德镇罗家机场	吐鲁番交河机场
FLIGHT	C147	C292					2026-05-01T12:28:00	2026-05-01T18:46:00	中国国航	CA5324	经济舱	1760	22	22	景德镇罗家机场	阿勒泰雪都机场
FLIGHT	C147	C222			BPE		2026-05-01T13:05:00	2026-05-01T16:01:00	东方航空	MU5325	经济舱	850	23	23	景德镇罗家机场	秦皇岛北戴河机场
FLIGHT	C147	C084			WEH		2026-05-01T13:42:00	2026-05-01T16:19:00	南方航空	CZ5326	经济舱	770	24	24	景德镇罗家机场	威海大水泊国际机场
FLIGHT	C147	C176			JJN		2026-05-01T14:19:00	2026-05-01T16:05:00	海南航空	HU5327	经济舱	540	25	25	景德镇罗家机场	泉州晋江国际机场
FLIGHT	C147	C129			YTY		2026-05-01T14:56:00	2026-05-01T16:32:00	中国国航	CA5328	经济舱	490	26	26	景德镇罗家机场	扬州泰州国际机场
FLIGHT	C147	C071					2026-05-01T15:33:00	2026-05-01T17:06:00	东方航空	MU5329	经济舱	480	27	27	景德镇罗家机场	嘉兴机场
FLIGHT	C147	C040			BHY		2026-05-01T16:10:00	2026-05-01T19:03:00	南方航空	CZ5330	经济舱	840	28	28	景德镇罗家机场	北海福成机场
FLIGHT	C147	C127					2026-05-01T18:38:00	2026-05-01T20:47:00	南方航空	CZ5334	经济舱	650	32	32	景德镇罗家机场	惠州平潭机场
FLIGHT	C147	C205			YNT		2026-05-01T19:52:00	2026-05-01T22:26:00	中国国航	CA5336	经济舱	760	34	34	景德镇罗家机场	烟台蓬莱国际机场
FLIGHT	C147	C025					2026-05-01T06:29:00	2026-05-01T08:44:00	东方航空	MU5337	经济舱	680	35	35	景德镇罗家机场	佛山沙堤机场
FLIGHT	C147	C192			WNZ		2026-05-01T07:43:00	2026-05-01T09:15:00	海南航空	HU5339	经济舱	480	37	37	景德镇罗家机场	温州龙湾国际机场
FLIGHT	C127	C039			PEK		2026-05-01T10:40:00	2026-05-01T14:43:00	中国国航	CA5480	经济舱	1130	3	3	惠州平潭机场	北京首都国际机场
FLIGHT	C127	C005			SHA		2026-05-01T11:17:00	2026-05-01T14:06:00	东方航空	MU5481	经济舱	800	4	4	惠州平潭机场	上海虹桥国际机场
FLIGHT	C127	C082			TSN		2026-05-01T11:54:00	2026-05-01T15:49:00	南方航空	CZ5482	经济舱	1100	5	5	惠州平潭机场	天津滨海国际机场
FLIGHT	C127	C272			CKG		2026-05-01T12:31:00	2026-05-01T15:12:00	海南航空	HU5483	经济舱	770	6	6	惠州平潭机场	重庆江北国际机场
FLIGHT	C127	C220			SJW		2026-05-01T13:08:00	2026-05-01T16:49:00	中国国航	CA5484	经济舱	1040	7	7	惠州平潭机场	石家庄正定国际机场
FLIGHT	C127	C083			TYN		2026-05-01T13:45:00	2026-05-01T17:25:00	东方航空	MU5485	经济舱	1040	8	8	惠州平潭机场	太原武宿国际机场
FLIGHT	C127	C061			HET		2026-05-01T14:22:00	2026-05-01T18:36:00	南方航空	CZ5486	经济舱	1190	9	9	惠州平潭机场	呼和浩特白塔国际机场
FLIGHT	C127	C172			SHE		2026-05-01T14:59:00	2026-05-01T19:38:00	海南航空	HU5487	经济舱	1310	10	10	惠州平潭机场	沈阳桃仙国际机场
FLIGHT	C127	C283			CGQ		2026-05-01T15:36:00	2026-05-01T20:42:00	中国国航	CA5488	经济舱	1430	11	11	惠州平潭机场	长春龙嘉国际机场
FLIGHT	C127	C066			HRB		2026-05-01T16:13:00	2026-05-01T21:43:00	东方航空	MU5489	经济舱	1540	12	12	惠州平潭机场	哈尔滨太平国际机场
FLIGHT	C127	C042			NKG		2026-05-01T16:50:00	2026-05-01T19:33:00	南方航空	CZ5490	经济舱	790	13	13	惠州平潭机场	南京禄口国际机场
FLIGHT	C127	C153			HGH		2026-05-01T17:27:00	2026-05-01T20:00:00	海南航空	HU5491	经济舱	740	14	14	惠州平潭机场	杭州萧山国际机场
FLIGHT	C127	C053			HFE		2026-05-01T18:04:00	2026-05-01T20:40:00	中国国航	CA5492	经济舱	760	15	15	惠州平潭机场	合肥新桥国际机场
FLIGHT	C127	C221			FOC		2026-05-01T18:41:00	2026-05-01T20:35:00	东方航空	MU5493	经济舱	570	16	16	惠州平潭机场	福州长乐国际机场
FLIGHT	C127	C046					2026-05-01T19:18:00	2026-05-01T21:17:00	南方航空	CZ5494	经济舱	590	17	17	惠州平潭机场	南昌昌北国际机场
FLIGHT	C127	C180			TNA		2026-05-01T19:55:00	2026-05-01T23:23:00	海南航空	HU5495	经济舱	990	18	18	惠州平潭机场	济南遥墙国际机场
FLIGHT	C127	C267			CGO		2026-05-01T06:32:00	2026-05-01T09:37:00	中国国航	CA5496	经济舱	890	19	19	惠州平潭机场	郑州新郑国际机场
FLIGHT	C127	C164			WUH		2026-05-01T07:09:00	2026-05-01T09:27:00	东方航空	MU5497	经济舱	680	20	20	惠州平潭机场	武汉天河国际机场
FLIGHT	C127	C284			CSX		2026-05-01T07:46:00	2026-05-01T09:40:00	南方航空	CZ5498	经济舱	570	21	21	惠州平潭机场	长沙黄花国际机场
FLIGHT	C127	C112			CAN		2026-05-01T08:23:00	2026-05-01T09:33:00	海南航空	HU5499	经济舱	360	22	22	惠州平潭机场	广州白云国际机场
FLIGHT	C127	C044			NNG		2026-05-01T09:00:00	2026-05-01T10:57:00	中国国航	CA5500	经济舱	590	23	23	惠州平潭机场	南宁吴圩国际机场
FLIGHT	C127	C184			HAK		2026-05-01T09:37:00	2026-05-01T11:27:00	东方航空	MU5501	经济舱	560	24	24	惠州平潭机场	海口美兰国际机场
FLIGHT	C127	C128			TFU		2026-05-01T10:14:00	2026-05-01T13:21:00	南方航空	CZ5502	经济舱	910	25	25	惠州平潭机场	成都天府国际机场
FLIGHT	C127	C249			KWE		2026-05-01T10:51:00	2026-05-01T13:14:00	海南航空	HU5503	经济舱	710	26	26	惠州平潭机场	贵阳龙洞堡国际机场
FLIGHT	C127	C142			KMG		2026-05-01T11:28:00	2026-05-01T14:24:00	中国国航	CA5504	经济舱	860	27	27	惠州平潭机场	昆明长水国际机场
FLIGHT	C127	C133			LXA		2026-05-01T12:05:00	2026-05-01T17:02:00	东方航空	MU5505	经济舱	1410	28	28	惠州平潭机场	拉萨贡嘎国际机场
FLIGHT	C127	C246			XIY		2026-05-01T12:42:00	2026-05-01T15:53:00	南方航空	CZ5506	经济舱	930	29	29	惠州平潭机场	西安咸阳国际机场
FLIGHT	C127	C034			LHW		2026-05-01T13:19:00	2026-05-01T17:10:00	海南航空	HU5507	经济舱	1110	30	30	惠州平潭机场	兰州中川国际机场
FLIGHT	C127	C245			XNN		2026-05-01T13:56:00	2026-05-01T18:04:00	中国国航	CA5508	经济舱	1190	31	31	惠州平潭机场	西宁曹家堡国际机场
FLIGHT	C127	C279			INC		2026-05-01T14:33:00	2026-05-01T18:36:00	东方航空	MU5509	经济舱	1160	32	32	惠州平潭机场	银川河东国际机场
FLIGHT	C127	C018					2026-05-01T15:10:00	2026-05-01T21:41:00	南方航空	CZ5510	经济舱	1830	33	33	惠州平潭机场	乌鲁木齐天山国际机场
FLIGHT	C127	C300					2026-05-01T15:47:00	2026-05-01T16:57:00	海南航空	HU5511	经济舱	360	34	34	惠州平潭机场	香港国际机场
FLIGHT	C127	C190			SZX		2026-05-01T17:38:00	2026-05-01T18:48:00	南方航空	CZ5514	经济舱	360	37	37	惠州平潭机场	深圳宝安国际机场
FLIGHT	C127	C050			XMN		2026-05-01T18:15:00	2026-05-01T19:50:00	海南航空	HU5515	经济舱	510	3	3	惠州平潭机场	厦门高崎国际机场
FLIGHT	C127	C297					2026-05-01T18:52:00	2026-05-01T22:22:00	中国国航	CA5516	经济舱	1020	4	4	惠州平潭机场	青岛胶东国际机场
FLIGHT	C127	C080			DLC		2026-05-01T19:29:00	2026-05-01T23:32:00	东方航空	MU5517	经济舱	1170	5	5	惠州平潭机场	大连周水子国际机场
FLIGHT	C127	C088			NGB		2026-05-01T06:06:00	2026-05-01T08:44:00	南方航空	CZ5518	经济舱	790	6	6	惠州平潭机场	宁波栎社国际机场
FLIGHT	C127	C231					2026-05-01T06:43:00	2026-05-01T09:28:00	海南航空	HU5519	经济舱	820	7	7	惠州平潭机场	苏州机场
FLIGHT	C127	C139					2026-05-01T07:20:00	2026-05-01T10:05:00	中国国航	CA5520	经济舱	820	8	8	惠州平潭机场	苏南硕放国际机场
FLIGHT	C127	C158			KWL		2026-05-01T07:57:00	2026-05-01T09:40:00	东方航空	MU5521	经济舱	550	9	9	惠州平潭机场	桂林两江国际机场
FLIGHT	C127	C002			SYX		2026-05-01T08:34:00	2026-05-01T10:43:00	南方航空	CZ5522	经济舱	670	10	10	惠州平潭机场	三亚凤凰国际机场
FLIGHT	C127	C119					2026-05-01T09:11:00	2026-05-01T11:24:00	海南航空	HU5523	经济舱	680	11	11	惠州平潭机场	张家界荷花国际机场
FLIGHT	C127	C015			LJG		2026-05-01T09:48:00	2026-05-01T13:12:00	中国国航	CA5524	经济舱	1000	12	12	惠州平潭机场	丽江三义国际机场
FLIGHT	C127	C308			TXN		2026-05-01T11:02:00	2026-05-01T13:20:00	南方航空	CZ5526	经济舱	710	14	14	惠州平潭机场	黄山屯溪国际机场
FLIGHT	C127	C210			ZZH		2026-05-01T12:16:00	2026-05-01T13:26:00	中国国航	CA5528	经济舱	400	16	16	惠州平潭机场	珠海金湾机场
FLIGHT	C127	C179					2026-05-01T12:53:00	2026-05-01T15:57:00	东方航空	MU5529	经济舱	920	17	17	惠州平潭机场	洛阳北郊机场
FLIGHT	C127	C077					2026-05-01T13:30:00	2026-05-01T17:34:00	南方航空	CZ5530	经济舱	1190	18	18	惠州平潭机场	大同云冈国际机场
FLIGHT	C127	C070			KHG		2026-05-01T14:44:00	2026-05-01T22:23:00	中国国航	CA5532	经济舱	2160	20	20	惠州平潭机场	喀什徕宁国际机场
FLIGHT	C127	C056					2026-05-01T15:21:00	2026-05-01T21:36:00	东方航空	MU5533	经济舱	1780	21	21	惠州平潭机场	吐鲁番交河机场
FLIGHT	C127	C292					2026-05-01T15:58:00	2026-05-01T22:53:00	南方航空	CZ5534	经济舱	1960	22	22	惠州平潭机场	阿勒泰雪都机场
FLIGHT	C127	C222			BPE		2026-05-01T16:35:00	2026-05-01T20:43:00	海南航空	HU5535	经济舱	1220	23	23	惠州平潭机场	秦皇岛北戴河机场
FLIGHT	C127	C084			WEH		2026-05-01T17:12:00	2026-05-01T21:03:00	中国国航	CA5536	经济舱	1140	24	24	惠州平潭机场	威海大水泊国际机场
FLIGHT	C127	C176			JJN		2026-05-01T17:49:00	2026-05-01T19:31:00	东方航空	MU5537	经济舱	560	25	25	惠州平潭机场	泉州晋江国际机场
FLIGHT	C127	C129			YTY		2026-05-01T18:26:00	2026-05-01T21:15:00	南方航空	CZ5538	经济舱	860	26	26	惠州平潭机场	扬州泰州国际机场
FLIGHT	C127	C071					2026-05-01T19:03:00	2026-05-01T21:44:00	海南航空	HU5539	经济舱	820	27	27	惠州平潭机场	嘉兴机场
FLIGHT	C127	C040			BHY		2026-05-01T19:40:00	2026-05-01T21:32:00	中国国航	CA5540	经济舱	610	28	28	惠州平潭机场	北海福成机场
FLIGHT	C127	C147					2026-05-01T06:17:00	2026-05-01T08:26:00	东方航空	MU5541	经济舱	680	29	29	惠州平潭机场	景德镇罗家机场
FLIGHT	C127	C205			YNT		2026-05-01T09:22:00	2026-05-01T13:10:00	南方航空	CZ5546	经济舱	1140	34	34	惠州平潭机场	烟台蓬莱国际机场
FLIGHT	C127	C025					2026-05-01T09:59:00	2026-05-01T11:09:00	海南航空	HU5547	经济舱	420	35	35	惠州平潭机场	佛山沙堤机场
FLIGHT	C127	C192			WNZ		2026-05-01T11:13:00	2026-05-01T13:31:00	东方航空	MU5549	经济舱	730	37	37	惠州平潭机场	温州龙湾国际机场
FLIGHT	C205	C039	YNT		PEK		2026-05-01T13:00:00	2026-05-01T14:47:00	中国国航	CA5620	经济舱	490	3	3	烟台蓬莱国际机场	北京首都国际机场
FLIGHT	C205	C005	YNT		SHA		2026-05-01T13:37:00	2026-05-01T15:41:00	东方航空	MU5621	经济舱	570	4	4	烟台蓬莱国际机场	上海虹桥国际机场
FLIGHT	C205	C082	YNT		TSN		2026-05-01T14:14:00	2026-05-01T15:50:00	南方航空	CZ5622	经济舱	450	5	5	烟台蓬莱国际机场	天津滨海国际机场
FLIGHT	C205	C272	YNT		CKG		2026-05-01T14:51:00	2026-05-01T18:29:00	海南航空	HU5623	经济舱	1000	6	6	烟台蓬莱国际机场	重庆江北国际机场
FLIGHT	C205	C220	YNT		SJW		2026-05-01T15:28:00	2026-05-01T17:24:00	中国国航	CA5624	经济舱	540	7	7	烟台蓬莱国际机场	石家庄正定国际机场
FLIGHT	C205	C083	YNT		TYN		2026-05-01T16:05:00	2026-05-01T18:18:00	东方航空	MU5625	经济舱	620	8	8	烟台蓬莱国际机场	太原武宿国际机场
FLIGHT	C205	C061	YNT		HET		2026-05-01T16:42:00	2026-05-01T19:09:00	南方航空	CZ5626	经济舱	680	9	9	烟台蓬莱国际机场	呼和浩特白塔国际机场
FLIGHT	C205	C172	YNT		SHE		2026-05-01T17:19:00	2026-05-01T19:05:00	海南航空	HU5627	经济舱	500	10	10	烟台蓬莱国际机场	沈阳桃仙国际机场
FLIGHT	C205	C283	YNT		CGQ		2026-05-01T17:56:00	2026-05-01T20:09:00	中国国航	CA5628	经济舱	620	11	11	烟台蓬莱国际机场	长春龙嘉国际机场
FLIGHT	C205	C066	YNT		HRB		2026-05-01T18:33:00	2026-05-01T21:10:00	东方航空	MU5629	经济舱	730	12	12	烟台蓬莱国际机场	哈尔滨太平国际机场
FLIGHT	C205	C042	YNT		NKG		2026-05-01T19:10:00	2026-05-01T21:10:00	南方航空	CZ5630	经济舱	560	13	13	烟台蓬莱国际机场	南京禄口国际机场
FLIGHT	C205	C153	YNT		HGH		2026-05-01T19:47:00	2026-05-01T22:03:00	海南航空	HU5631	经济舱	630	14	14	烟台蓬莱国际机场	杭州萧山国际机场
FLIGHT	C205	C053	YNT		HFE		2026-05-01T06:24:00	2026-05-01T08:33:00	中国国航	CA5632	经济舱	600	15	15	烟台蓬莱国际机场	合肥新桥国际机场
FLIGHT	C205	C221	YNT		FOC		2026-05-01T07:01:00	2026-05-01T10:04:00	东方航空	MU5633	经济舱	850	16	16	烟台蓬莱国际机场	福州长乐国际机场
FLIGHT	C205	C046	YNT				2026-05-01T07:38:00	2026-05-01T10:24:00	南方航空	CZ5634	经济舱	770	17	17	烟台蓬莱国际机场	南昌昌北国际机场
FLIGHT	C205	C180	YNT		TNA		2026-05-01T08:15:00	2026-05-01T09:50:00	海南航空	HU5635	经济舱	460	18	18	烟台蓬莱国际机场	济南遥墙国际机场
FLIGHT	C205	C267	YNT		CGO		2026-05-01T08:52:00	2026-05-01T11:03:00	中国国航	CA5636	经济舱	620	19	19	烟台蓬莱国际机场	郑州新郑国际机场
FLIGHT	C205	C164	YNT		WUH		2026-05-01T09:29:00	2026-05-01T12:05:00	东方航空	MU5637	经济舱	730	20	20	烟台蓬莱国际机场	武汉天河国际机场
FLIGHT	C205	C284	YNT		CSX		2026-05-01T10:06:00	2026-05-01T13:11:00	南方航空	CZ5638	经济舱	860	21	21	烟台蓬莱国际机场	长沙黄花国际机场
FLIGHT	C205	C112	YNT		CAN		2026-05-01T10:43:00	2026-05-01T14:35:00	海南航空	HU5639	经济舱	1080	22	22	烟台蓬莱国际机场	广州白云国际机场
FLIGHT	C205	C044	YNT		NNG		2026-05-01T11:20:00	2026-05-01T15:40:00	中国国航	CA5640	经济舱	1200	23	23	烟台蓬莱国际机场	南宁吴圩国际机场
FLIGHT	C205	C184	YNT		HAK		2026-05-01T11:57:00	2026-05-01T16:34:00	东方航空	MU5641	经济舱	1280	24	24	烟台蓬莱国际机场	海口美兰国际机场
FLIGHT	C205	C128	YNT		TFU		2026-05-01T12:34:00	2026-05-01T16:26:00	南方航空	CZ5642	经济舱	1080	25	25	烟台蓬莱国际机场	成都天府国际机场
FLIGHT	C205	C249	YNT		KWE		2026-05-01T13:11:00	2026-05-01T17:10:00	海南航空	HU5643	经济舱	1110	26	26	烟台蓬莱国际机场	贵阳龙洞堡国际机场
FLIGHT	C205	C142	YNT		KMG		2026-05-01T13:48:00	2026-05-01T18:28:00	中国国航	CA5644	经济舱	1290	27	27	烟台蓬莱国际机场	昆明长水国际机场
FLIGHT	C205	C133	YNT		LXA		2026-05-01T14:25:00	2026-05-01T20:12:00	东方航空	MU5645	经济舱	1600	28	28	烟台蓬莱国际机场	拉萨贡嘎国际机场
FLIGHT	C205	C246	YNT		XIY		2026-05-01T15:02:00	2026-05-01T17:55:00	南方航空	CZ5646	经济舱	820	29	29	烟台蓬莱国际机场	西安咸阳国际机场
FLIGHT	C205	C034	YNT		LHW		2026-05-01T15:39:00	2026-05-01T19:12:00	海南航空	HU5647	经济舱	1000	30	30	烟台蓬莱国际机场	兰州中川国际机场
FLIGHT	C205	C245	YNT		XNN		2026-05-01T16:16:00	2026-05-01T20:06:00	中国国航	CA5648	经济舱	1070	31	31	烟台蓬莱国际机场	西宁曹家堡国际机场
FLIGHT	C205	C279	YNT		INC		2026-05-01T16:53:00	2026-05-01T20:02:00	东方航空	MU5649	经济舱	890	32	32	烟台蓬莱国际机场	银川河东国际机场
FLIGHT	C205	C018	YNT				2026-05-01T17:30:00	2026-05-01T23:17:00	南方航空	CZ5650	经济舱	1600	33	33	烟台蓬莱国际机场	乌鲁木齐天山国际机场
FLIGHT	C205	C300	YNT				2026-05-01T18:07:00	2026-05-01T22:04:00	海南航空	HU5651	经济舱	1110	34	34	烟台蓬莱国际机场	香港国际机场
FLIGHT	C205	C190	YNT		SZX		2026-05-01T19:58:00	2026-05-01T23:53:00	南方航空	CZ5654	经济舱	1110	37	37	烟台蓬莱国际机场	深圳宝安国际机场
FLIGHT	C205	C050	YNT		XMN		2026-05-01T06:35:00	2026-05-01T09:58:00	海南航空	HU5655	经济舱	960	3	3	烟台蓬莱国际机场	厦门高崎国际机场
FLIGHT	C205	C297	YNT				2026-05-01T07:12:00	2026-05-01T08:25:00	中国国航	CA5656	经济舱	380	4	4	烟台蓬莱国际机场	青岛胶东国际机场
FLIGHT	C205	C080	YNT		DLC		2026-05-01T07:49:00	2026-05-01T09:00:00	东方航空	MU5657	经济舱	370	5	5	烟台蓬莱国际机场	大连周水子国际机场
FLIGHT	C205	C088	YNT		NGB		2026-05-01T08:26:00	2026-05-01T10:45:00	南方航空	CZ5658	经济舱	680	6	6	烟台蓬莱国际机场	宁波栎社国际机场
FLIGHT	C205	C231	YNT				2026-05-01T09:03:00	2026-05-01T11:07:00	海南航空	HU5659	经济舱	610	7	7	烟台蓬莱国际机场	苏州机场
FLIGHT	C205	C139	YNT				2026-05-01T09:40:00	2026-05-01T11:42:00	中国国航	CA5660	经济舱	600	8	8	烟台蓬莱国际机场	苏南硕放国际机场
FLIGHT	C205	C158	YNT		KWL		2026-05-01T10:17:00	2026-05-01T14:04:00	东方航空	MU5661	经济舱	1070	9	9	烟台蓬莱国际机场	桂林两江国际机场
FLIGHT	C205	C002	YNT		SYX		2026-05-01T10:54:00	2026-05-01T15:52:00	南方航空	CZ5662	经济舱	1400	10	10	烟台蓬莱国际机场	三亚凤凰国际机场
FLIGHT	C205	C119	YNT				2026-05-01T11:31:00	2026-05-01T14:44:00	海南航空	HU5663	经济舱	920	11	11	烟台蓬莱国际机场	张家界荷花国际机场
FLIGHT	C205	C015	YNT		LJG		2026-05-01T12:08:00	2026-05-01T16:54:00	中国国航	CA5664	经济舱	1340	12	12	烟台蓬莱国际机场	丽江三义国际机场
FLIGHT	C205	C308	YNT		TXN		2026-05-01T13:22:00	2026-05-01T15:48:00	南方航空	CZ5666	经济舱	710	14	14	烟台蓬莱国际机场	黄山屯溪国际机场
FLIGHT	C205	C210	YNT		ZZH		2026-05-01T14:36:00	2026-05-01T18:36:00	中国国航	CA5668	经济舱	1140	16	16	烟台蓬莱国际机场	珠海金湾机场
FLIGHT	C205	C179	YNT				2026-05-01T15:13:00	2026-05-01T17:35:00	东方航空	MU5669	经济舱	700	17	17	烟台蓬莱国际机场	洛阳北郊机场
FLIGHT	C205	C077	YNT				2026-05-01T15:50:00	2026-05-01T18:01:00	南方航空	CZ5670	经济舱	650	18	18	烟台蓬莱国际机场	大同云冈国际机场
FLIGHT	C205	C070	YNT		KHG		2026-05-01T17:04:00	2026-05-02T00:31:00	中国国航	CA5672	经济舱	2080	20	20	烟台蓬莱国际机场	喀什徕宁国际机场
FLIGHT	C205	C056	YNT				2026-05-01T17:41:00	2026-05-01T23:15:00	东方航空	MU5673	经济舱	1570	21	21	烟台蓬莱国际机场	吐鲁番交河机场
FLIGHT	C205	C292	YNT				2026-05-01T18:18:00	2026-05-02T00:06:00	南方航空	CZ5674	经济舱	1630	22	22	烟台蓬莱国际机场	阿勒泰雪都机场
FLIGHT	C205	C222	YNT		BPE		2026-05-01T18:55:00	2026-05-01T20:22:00	海南航空	HU5675	经济舱	460	23	23	烟台蓬莱国际机场	秦皇岛北戴河机场
FLIGHT	C205	C084	YNT		WEH		2026-05-01T19:32:00	2026-05-01T20:42:00	中国国航	CA5676	经济舱	340	24	24	烟台蓬莱国际机场	威海大水泊国际机场
FLIGHT	C205	C176	YNT		JJN		2026-05-01T06:09:00	2026-05-01T09:26:00	东方航空	MU5677	经济舱	960	25	25	烟台蓬莱国际机场	泉州晋江国际机场
FLIGHT	C205	C129	YNT		YTY		2026-05-01T06:46:00	2026-05-01T08:40:00	南方航空	CZ5678	经济舱	580	26	26	烟台蓬莱国际机场	扬州泰州国际机场
FLIGHT	C205	C071	YNT				2026-05-01T07:23:00	2026-05-01T09:33:00	海南航空	HU5679	经济舱	660	27	27	烟台蓬莱国际机场	嘉兴机场
FLIGHT	C205	C040	YNT		BHY		2026-05-01T08:00:00	2026-05-01T12:29:00	中国国航	CA5680	经济舱	1280	28	28	烟台蓬莱国际机场	北海福成机场
FLIGHT	C205	C147	YNT				2026-05-01T08:37:00	2026-05-01T11:11:00	东方航空	MU5681	经济舱	770	29	29	烟台蓬莱国际机场	景德镇罗家机场
FLIGHT	C205	C127	YNT				2026-05-01T10:28:00	2026-05-01T14:16:00	中国国航	CA5684	经济舱	1100	32	32	烟台蓬莱国际机场	惠州平潭机场
FLIGHT	C205	C025	YNT				2026-05-01T12:19:00	2026-05-01T16:13:00	海南航空	HU5687	经济舱	1130	35	35	烟台蓬莱国际机场	佛山沙堤机场
FLIGHT	C205	C192	YNT		WNZ		2026-05-01T13:33:00	2026-05-01T16:13:00	东方航空	MU5689	经济舱	800	37	37	烟台蓬莱国际机场	温州龙湾国际机场
FLIGHT	C025	C039			PEK		2026-05-01T14:10:00	2026-05-01T18:15:00	南方航空	CZ5690	经济舱	1190	3	3	佛山沙堤机场	北京首都国际机场
FLIGHT	C025	C005			SHA		2026-05-01T14:47:00	2026-05-01T17:45:00	海南航空	HU5691	经济舱	880	4	4	佛山沙堤机场	上海虹桥国际机场
FLIGHT	C025	C082			TSN		2026-05-01T15:24:00	2026-05-01T19:22:00	中国国航	CA5692	经济舱	1150	5	5	佛山沙堤机场	天津滨海国际机场
FLIGHT	C025	C272			CKG		2026-05-01T16:01:00	2026-05-01T18:34:00	东方航空	MU5693	经济舱	770	6	6	佛山沙堤机场	重庆江北国际机场
FLIGHT	C025	C220			SJW		2026-05-01T16:38:00	2026-05-01T20:21:00	南方航空	CZ5694	经济舱	1090	7	7	佛山沙堤机场	石家庄正定国际机场
FLIGHT	C025	C083			TYN		2026-05-01T17:15:00	2026-05-01T20:55:00	海南航空	HU5695	经济舱	1080	8	8	佛山沙堤机场	太原武宿国际机场
FLIGHT	C025	C061			HET		2026-05-01T17:52:00	2026-05-01T22:06:00	中国国航	CA5696	经济舱	1230	9	9	佛山沙堤机场	呼和浩特白塔国际机场
FLIGHT	C025	C172			SHE		2026-05-01T18:29:00	2026-05-01T23:14:00	东方航空	MU5697	经济舱	1370	10	10	佛山沙堤机场	沈阳桃仙国际机场
FLIGHT	C025	C283			CGQ		2026-05-01T19:06:00	2026-05-02T00:18:00	南方航空	CZ5698	经济舱	1490	11	11	佛山沙堤机场	长春龙嘉国际机场
FLIGHT	C025	C066			HRB		2026-05-01T19:43:00	2026-05-02T01:19:00	海南航空	HU5699	经济舱	1600	12	12	佛山沙堤机场	哈尔滨太平国际机场
FLIGHT	C025	C042			NKG		2026-05-01T06:20:00	2026-05-01T09:10:00	中国国航	CA5700	经济舱	860	13	13	佛山沙堤机场	南京禄口国际机场
FLIGHT	C025	C153			HGH		2026-05-01T06:57:00	2026-05-01T09:39:00	东方航空	MU5701	经济舱	820	14	14	佛山沙堤机场	杭州萧山国际机场
FLIGHT	C025	C053			HFE		2026-05-01T07:34:00	2026-05-01T10:15:00	南方航空	CZ5702	经济舱	820	15	15	佛山沙堤机场	合肥新桥国际机场
FLIGHT	C025	C221			FOC		2026-05-01T08:11:00	2026-05-01T10:17:00	海南航空	HU5703	经济舱	660	16	16	佛山沙堤机场	福州长乐国际机场
FLIGHT	C025	C046					2026-05-01T08:48:00	2026-05-01T10:52:00	中国国航	CA5704	经济舱	650	17	17	佛山沙堤机场	南昌昌北国际机场
FLIGHT	C025	C180			TNA		2026-05-01T09:25:00	2026-05-01T12:56:00	东方航空	MU5705	经济舱	1050	18	18	佛山沙堤机场	济南遥墙国际机场
FLIGHT	C025	C267			CGO		2026-05-01T10:02:00	2026-05-01T13:08:00	南方航空	CZ5706	经济舱	930	19	19	佛山沙堤机场	郑州新郑国际机场
FLIGHT	C025	C164			WUH		2026-05-01T10:39:00	2026-05-01T12:59:00	海南航空	HU5707	经济舱	730	20	20	佛山沙堤机场	武汉天河国际机场
FLIGHT	C025	C284			CSX		2026-05-01T11:16:00	2026-05-01T13:09:00	中国国航	CA5708	经济舱	610	21	21	佛山沙堤机场	长沙黄花国际机场
FLIGHT	C025	C112			CAN		2026-05-01T11:53:00	2026-05-01T13:03:00	东方航空	MU5709	经济舱	360	22	22	佛山沙堤机场	广州白云国际机场
FLIGHT	C025	C044			NNG		2026-05-01T12:30:00	2026-05-01T14:14:00	南方航空	CZ5710	经济舱	570	23	23	佛山沙堤机场	南宁吴圩国际机场
FLIGHT	C025	C184			HAK		2026-05-01T13:07:00	2026-05-01T14:47:00	海南航空	HU5711	经济舱	550	24	24	佛山沙堤机场	海口美兰国际机场
FLIGHT	C025	C128			TFU		2026-05-01T13:44:00	2026-05-01T16:42:00	中国国航	CA5712	经济舱	900	25	25	佛山沙堤机场	成都天府国际机场
FLIGHT	C025	C249			KWE		2026-05-01T14:21:00	2026-05-01T16:33:00	东方航空	MU5713	经济舱	700	26	26	佛山沙堤机场	贵阳龙洞堡国际机场
FLIGHT	C025	C142			KMG		2026-05-01T14:58:00	2026-05-01T17:41:00	南方航空	CZ5714	经济舱	840	27	27	佛山沙堤机场	昆明长水国际机场
FLIGHT	C025	C133			LXA		2026-05-01T15:35:00	2026-05-01T20:20:00	海南航空	HU5715	经济舱	1390	28	28	佛山沙堤机场	拉萨贡嘎国际机场
FLIGHT	C025	C246			XIY		2026-05-01T16:12:00	2026-05-01T19:19:00	中国国航	CA5716	经济舱	950	29	29	佛山沙堤机场	西安咸阳国际机场
FLIGHT	C025	C034			LHW		2026-05-01T16:49:00	2026-05-01T20:34:00	东方航空	MU5717	经济舱	1120	30	30	佛山沙堤机场	兰州中川国际机场
FLIGHT	C025	C245			XNN		2026-05-01T17:26:00	2026-05-01T21:27:00	南方航空	CZ5718	经济舱	1200	31	31	佛山沙堤机场	西宁曹家堡国际机场
FLIGHT	C025	C279			INC		2026-05-01T18:03:00	2026-05-01T22:02:00	海南航空	HU5719	经济舱	1190	32	32	佛山沙堤机场	银川河东国际机场
FLIGHT	C025	C018					2026-05-01T18:40:00	2026-05-02T01:03:00	中国国航	CA5720	经济舱	1840	33	33	佛山沙堤机场	乌鲁木齐天山国际机场
FLIGHT	C025	C300					2026-05-01T19:17:00	2026-05-01T20:27:00	东方航空	MU5721	经济舱	420	34	34	佛山沙堤机场	香港国际机场
FLIGHT	C025	C190			SZX		2026-05-01T07:08:00	2026-05-01T08:18:00	中国国航	CA5724	经济舱	410	37	37	佛山沙堤机场	深圳宝安国际机场
FLIGHT	C025	C050			XMN		2026-05-01T07:45:00	2026-05-01T09:33:00	东方航空	MU5725	经济舱	600	3	3	佛山沙堤机场	厦门高崎国际机场
FLIGHT	C025	C297					2026-05-01T08:22:00	2026-05-01T11:58:00	南方航空	CZ5726	经济舱	1090	4	4	佛山沙堤机场	青岛胶东国际机场
FLIGHT	C025	C080			DLC		2026-05-01T08:59:00	2026-05-01T13:08:00	海南航空	HU5727	经济舱	1240	5	5	佛山沙堤机场	大连周水子国际机场
FLIGHT	C025	C088			NGB		2026-05-01T09:36:00	2026-05-01T12:24:00	中国国航	CA5728	经济舱	880	6	6	佛山沙堤机场	宁波栎社国际机场
FLIGHT	C025	C231					2026-05-01T10:13:00	2026-05-01T13:06:00	东方航空	MU5729	经济舱	900	7	7	佛山沙堤机场	苏州机场
FLIGHT	C025	C139					2026-05-01T10:50:00	2026-05-01T13:43:00	南方航空	CZ5730	经济舱	900	8	8	佛山沙堤机场	苏南硕放国际机场
FLIGHT	C025	C158			KWL		2026-05-01T11:27:00	2026-05-01T13:00:00	海南航空	HU5731	经济舱	540	9	9	佛山沙堤机场	桂林两江国际机场
FLIGHT	C025	C002			SYX		2026-05-01T12:04:00	2026-05-01T14:04:00	中国国航	CA5732	经济舱	660	10	10	佛山沙堤机场	三亚凤凰国际机场
FLIGHT	C025	C119					2026-05-01T12:41:00	2026-05-01T14:49:00	东方航空	MU5733	经济舱	700	11	11	佛山沙堤机场	张家界荷花国际机场
FLIGHT	C025	C015			LJG		2026-05-01T13:18:00	2026-05-01T16:30:00	南方航空	CZ5734	经济舱	990	12	12	佛山沙堤机场	丽江三义国际机场
FLIGHT	C025	C308			TXN		2026-05-01T14:32:00	2026-05-01T16:58:00	中国国航	CA5736	经济舱	780	14	14	佛山沙堤机场	黄山屯溪国际机场
FLIGHT	C025	C210			ZZH		2026-05-01T15:46:00	2026-05-01T16:56:00	南方航空	CZ5738	经济舱	420	16	16	佛山沙堤机场	珠海金湾机场
FLIGHT	C025	C179					2026-05-01T16:23:00	2026-05-01T19:27:00	海南航空	HU5739	经济舱	960	17	17	佛山沙堤机场	洛阳北郊机场
FLIGHT	C025	C077					2026-05-01T17:00:00	2026-05-01T21:05:00	中国国航	CA5740	经济舱	1230	18	18	佛山沙堤机场	大同云冈国际机场
FLIGHT	C025	C070			KHG		2026-05-01T18:14:00	2026-05-02T01:43:00	南方航空	CZ5742	经济舱	2150	20	20	佛山沙堤机场	喀什徕宁国际机场
FLIGHT	C025	C056					2026-05-01T18:51:00	2026-05-02T00:58:00	海南航空	HU5743	经济舱	1790	21	21	佛山沙堤机场	吐鲁番交河机场
FLIGHT	C025	C292					2026-05-01T19:28:00	2026-05-02T02:17:00	中国国航	CA5744	经济舱	1980	22	22	佛山沙堤机场	阿勒泰雪都机场
FLIGHT	C025	C222			BPE		2026-05-01T06:05:00	2026-05-01T10:18:00	东方航空	MU5745	经济舱	1270	23	23	佛山沙堤机场	秦皇岛北戴河机场
FLIGHT	C025	C084			WEH		2026-05-01T06:42:00	2026-05-01T10:40:00	南方航空	CZ5746	经济舱	1210	24	24	佛山沙堤机场	威海大水泊国际机场
FLIGHT	C025	C176			JJN		2026-05-01T07:19:00	2026-05-01T09:14:00	海南航空	HU5747	经济舱	660	25	25	佛山沙堤机场	泉州晋江国际机场
FLIGHT	C025	C129			YTY		2026-05-01T07:56:00	2026-05-01T10:52:00	中国国航	CA5748	经济舱	930	26	26	佛山沙堤机场	扬州泰州国际机场
FLIGHT	C025	C071					2026-05-01T08:33:00	2026-05-01T11:23:00	东方航空	MU5749	经济舱	900	27	27	佛山沙堤机场	嘉兴机场
FLIGHT	C025	C040			BHY		2026-05-01T09:10:00	2026-05-01T10:50:00	南方航空	CZ5750	经济舱	590	28	28	佛山沙堤机场	北海福成机场
FLIGHT	C025	C147					2026-05-01T09:47:00	2026-05-01T12:02:00	海南航空	HU5751	经济舱	750	29	29	佛山沙堤机场	景德镇罗家机场
FLIGHT	C025	C127					2026-05-01T11:38:00	2026-05-01T12:48:00	南方航空	CZ5754	经济舱	450	32	32	佛山沙堤机场	惠州平潭机场
FLIGHT	C025	C205			YNT		2026-05-01T12:52:00	2026-05-01T16:46:00	中国国航	CA5756	经济舱	1200	34	34	佛山沙堤机场	烟台蓬莱国际机场
FLIGHT	C025	C192			WNZ		2026-05-01T14:43:00	2026-05-01T17:12:00	海南航空	HU5759	经济舱	820	37	37	佛山沙堤机场	温州龙湾国际机场
FLIGHT	C192	C039	WNZ		PEK		2026-05-01T16:30:00	2026-05-01T19:43:00	南方航空	CZ5830	经济舱	920	3	3	温州龙湾国际机场	北京首都国际机场
FLIGHT	C192	C005	WNZ		SHA		2026-05-01T17:07:00	2026-05-01T18:39:00	海南航空	HU5831	经济舱	470	4	4	温州龙湾国际机场	上海虹桥国际机场
FLIGHT	C192	C082	WNZ		TSN		2026-05-01T17:44:00	2026-05-01T20:46:00	中国国航	CA5832	经济舱	870	5	5	温州龙湾国际机场	天津滨海国际机场
FLIGHT	C192	C272	WNZ		CKG		2026-05-01T18:21:00	2026-05-01T21:35:00	东方航空	MU5833	经济舱	930	6	6	温州龙湾国际机场	重庆江北国际机场
FLIGHT	C192	C220	WNZ		SJW		2026-05-01T18:58:00	2026-05-01T21:58:00	南方航空	CZ5834	经济舱	870	7	7	温州龙湾国际机场	石家庄正定国际机场
FLIGHT	C192	C083	WNZ		TYN		2026-05-01T19:35:00	2026-05-01T22:43:00	海南航空	HU5835	经济舱	900	8	8	温州龙湾国际机场	太原武宿国际机场
FLIGHT	C192	C061	WNZ		HET		2026-05-01T06:12:00	2026-05-01T09:51:00	中国国航	CA5836	经济舱	1050	9	9	温州龙湾国际机场	呼和浩特白塔国际机场
FLIGHT	C192	C172	WNZ		SHE		2026-05-01T06:49:00	2026-05-01T10:19:00	东方航空	MU5837	经济舱	1010	10	10	温州龙湾国际机场	沈阳桃仙国际机场
FLIGHT	C192	C283	WNZ		CGQ		2026-05-01T07:26:00	2026-05-01T11:22:00	南方航空	CZ5838	经济舱	1120	11	11	温州龙湾国际机场	长春龙嘉国际机场
FLIGHT	C192	C066	WNZ		HRB		2026-05-01T08:03:00	2026-05-01T12:23:00	海南航空	HU5839	经济舱	1230	12	12	温州龙湾国际机场	哈尔滨太平国际机场
FLIGHT	C192	C042	WNZ		NKG		2026-05-01T08:40:00	2026-05-01T10:24:00	中国国航	CA5840	经济舱	530	13	13	温州龙湾国际机场	南京禄口国际机场
FLIGHT	C192	C153	WNZ		HGH		2026-05-01T09:17:00	2026-05-01T10:38:00	东方航空	MU5841	经济舱	430	14	14	温州龙湾国际机场	杭州萧山国际机场
FLIGHT	C192	C053	WNZ		HFE		2026-05-01T09:54:00	2026-05-01T11:43:00	南方航空	CZ5842	经济舱	550	15	15	温州龙湾国际机场	合肥新桥国际机场
FLIGHT	C192	C221	WNZ		FOC		2026-05-01T10:31:00	2026-05-01T11:51:00	海南航空	HU5843	经济舱	430	16	16	温州龙湾国际机场	福州长乐国际机场
FLIGHT	C192	C046	WNZ				2026-05-01T11:08:00	2026-05-01T12:51:00	中国国航	CA5844	经济舱	530	17	17	温州龙湾国际机场	南昌昌北国际机场
FLIGHT	C192	C180	WNZ		TNA		2026-05-01T11:45:00	2026-05-01T14:22:00	东方航空	MU5845	经济舱	780	18	18	温州龙湾国际机场	济南遥墙国际机场
FLIGHT	C192	C267	WNZ		CGO		2026-05-01T12:22:00	2026-05-01T14:57:00	南方航空	CZ5846	经济舱	770	19	19	温州龙湾国际机场	郑州新郑国际机场
FLIGHT	C192	C164	WNZ		WUH		2026-05-01T12:59:00	2026-05-01T15:02:00	海南航空	HU5847	经济舱	620	20	20	温州龙湾国际机场	武汉天河国际机场
FLIGHT	C192	C284	WNZ		CSX		2026-05-01T13:36:00	2026-05-01T15:47:00	中国国航	CA5848	经济舱	660	21	21	温州龙湾国际机场	长沙黄花国际机场
FLIGHT	C192	C112	WNZ		CAN		2026-05-01T14:13:00	2026-05-01T16:40:00	东方航空	MU5849	经济舱	730	22	22	温州龙湾国际机场	广州白云国际机场
FLIGHT	C192	C044	WNZ		NNG		2026-05-01T14:50:00	2026-05-01T18:01:00	南方航空	CZ5850	经济舱	930	23	23	温州龙湾国际机场	南宁吴圩国际机场
FLIGHT	C192	C184	WNZ		HAK		2026-05-01T15:27:00	2026-05-01T18:40:00	海南航空	HU5851	经济舱	940	24	24	温州龙湾国际机场	海口美兰国际机场
FLIGHT	C192	C128	WNZ		TFU		2026-05-01T16:04:00	2026-05-01T19:42:00	中国国航	CA5852	经济舱	1060	25	25	温州龙湾国际机场	成都天府国际机场
FLIGHT	C192	C249	WNZ		KWE		2026-05-01T16:41:00	2026-05-01T19:55:00	东方航空	MU5853	经济舱	950	26	26	温州龙湾国际机场	贵阳龙洞堡国际机场
FLIGHT	C192	C142	WNZ		KMG		2026-05-01T17:18:00	2026-05-01T21:15:00	南方航空	CZ5854	经济舱	1140	27	27	温州龙湾国际机场	昆明长水国际机场
FLIGHT	C192	C133	WNZ		LXA		2026-05-01T17:55:00	2026-05-01T23:37:00	海南航空	HU5855	经济舱	1620	28	28	温州龙湾国际机场	拉萨贡嘎国际机场
FLIGHT	C192	C246	WNZ		XIY		2026-05-01T18:32:00	2026-05-01T21:39:00	中国国航	CA5856	经济舱	920	29	29	温州龙湾国际机场	西安咸阳国际机场
FLIGHT	C192	C034	WNZ		LHW		2026-05-01T19:09:00	2026-05-01T23:06:00	东方航空	MU5857	经济舱	1150	30	30	温州龙湾国际机场	兰州中川国际机场
FLIGHT	C192	C245	WNZ		XNN		2026-05-01T19:46:00	2026-05-02T00:02:00	南方航空	CZ5858	经济舱	1230	31	31	温州龙湾国际机场	西宁曹家堡国际机场
FLIGHT	C192	C279	WNZ		INC		2026-05-01T06:23:00	2026-05-01T10:15:00	海南航空	HU5859	经济舱	1130	32	32	温州龙湾国际机场	银川河东国际机场
FLIGHT	C192	C018	WNZ				2026-05-01T07:00:00	2026-05-01T13:37:00	中国国航	CA5860	经济舱	1870	33	33	温州龙湾国际机场	乌鲁木齐天山国际机场
FLIGHT	C192	C300	WNZ				2026-05-01T07:37:00	2026-05-01T10:03:00	东方航空	MU5861	经济舱	740	34	34	温州龙湾国际机场	香港国际机场
FLIGHT	C192	C190	WNZ		SZX		2026-05-01T09:28:00	2026-05-01T11:53:00	中国国航	CA5864	经济舱	740	37	37	温州龙湾国际机场	深圳宝安国际机场
FLIGHT	C192	C050	WNZ		XMN		2026-05-01T10:05:00	2026-05-01T11:47:00	东方航空	MU5865	经济舱	550	3	3	温州龙湾国际机场	厦门高崎国际机场
FLIGHT	C192	C297	WNZ				2026-05-01T10:42:00	2026-05-01T13:07:00	南方航空	CZ5866	经济舱	740	4	4	温州龙湾国际机场	青岛胶东国际机场
FLIGHT	C192	C080	WNZ		DLC		2026-05-01T11:19:00	2026-05-01T14:16:00	海南航空	HU5867	经济舱	880	5	5	温州龙湾国际机场	大连周水子国际机场
FLIGHT	C192	C088	WNZ		NGB		2026-05-01T11:56:00	2026-05-01T13:13:00	中国国航	CA5868	经济舱	440	6	6	温州龙湾国际机场	宁波栎社国际机场
FLIGHT	C192	C231	WNZ				2026-05-01T12:33:00	2026-05-01T14:05:00	东方航空	MU5869	经济舱	500	7	7	温州龙湾国际机场	苏州机场
FLIGHT	C192	C139	WNZ				2026-05-01T13:10:00	2026-05-01T14:44:00	南方航空	CZ5870	经济舱	520	8	8	温州龙湾国际机场	苏南硕放国际机场
FLIGHT	C192	C158	WNZ		KWL		2026-05-01T13:47:00	2026-05-01T16:30:00	海南航空	HU5871	经济舱	820	9	9	温州龙湾国际机场	桂林两江国际机场
FLIGHT	C192	C002	WNZ		SYX		2026-05-01T14:24:00	2026-05-01T17:56:00	中国国航	CA5872	经济舱	1050	10	10	温州龙湾国际机场	三亚凤凰国际机场
FLIGHT	C192	C119	WNZ				2026-05-01T15:01:00	2026-05-01T17:36:00	东方航空	MU5873	经济舱	790	11	11	温州龙湾国际机场	张家界荷花国际机场
FLIGHT	C192	C015	WNZ		LJG		2026-05-01T15:38:00	2026-05-01T19:55:00	南方航空	CZ5874	经济舱	1250	12	12	温州龙湾国际机场	丽江三义国际机场
FLIGHT	C192	C308	WNZ		TXN		2026-05-01T16:52:00	2026-05-01T18:17:00	中国国航	CA5876	经济舱	480	14	14	温州龙湾国际机场	黄山屯溪国际机场
FLIGHT	C192	C210	WNZ		ZZH		2026-05-01T18:06:00	2026-05-01T20:37:00	南方航空	CZ5878	经济舱	780	16	16	温州龙湾国际机场	珠海金湾机场
FLIGHT	C192	C179	WNZ				2026-05-01T18:43:00	2026-05-01T21:25:00	海南航空	HU5879	经济舱	830	17	17	温州龙湾国际机场	洛阳北郊机场
FLIGHT	C192	C077	WNZ				2026-05-01T19:20:00	2026-05-01T22:45:00	中国国航	CA5880	经济舱	1030	18	18	温州龙湾国际机场	大同云冈国际机场
FLIGHT	C192	C070	WNZ		KHG		2026-05-01T06:34:00	2026-05-01T14:37:00	南方航空	CZ5882	经济舱	2280	20	20	温州龙湾国际机场	喀什徕宁国际机场
FLIGHT	C192	C056	WNZ				2026-05-01T07:11:00	2026-05-01T13:33:00	海南航空	HU5883	经济舱	1830	21	21	温州龙湾国际机场	吐鲁番交河机场
FLIGHT	C192	C292	WNZ				2026-05-01T07:48:00	2026-05-01T14:39:00	中国国航	CA5884	经济舱	1960	22	22	温州龙湾国际机场	阿勒泰雪都机场
FLIGHT	C192	C222	WNZ		BPE		2026-05-01T08:25:00	2026-05-01T11:33:00	东方航空	MU5885	经济舱	950	23	23	温州龙湾国际机场	秦皇岛北戴河机场
FLIGHT	C192	C084	WNZ		WEH		2026-05-01T09:02:00	2026-05-01T11:44:00	南方航空	CZ5886	经济舱	840	24	24	温州龙湾国际机场	威海大水泊国际机场
FLIGHT	C192	C176	WNZ		JJN		2026-05-01T09:39:00	2026-05-01T11:14:00	海南航空	HU5887	经济舱	540	25	25	温州龙湾国际机场	泉州晋江国际机场
FLIGHT	C192	C129	WNZ		YTY		2026-05-01T10:16:00	2026-05-01T12:01:00	中国国航	CA5888	经济舱	580	26	26	温州龙湾国际机场	扬州泰州国际机场
FLIGHT	C192	C071	WNZ				2026-05-01T10:53:00	2026-05-01T12:19:00	东方航空	MU5889	经济舱	500	27	27	温州龙湾国际机场	嘉兴机场
FLIGHT	C192	C040	WNZ		BHY		2026-05-01T11:30:00	2026-05-01T14:42:00	南方航空	CZ5890	经济舱	980	28	28	温州龙湾国际机场	北海福成机场
FLIGHT	C192	C147	WNZ				2026-05-01T12:07:00	2026-05-01T13:39:00	海南航空	HU5891	经济舱	530	29	29	温州龙湾国际机场	景德镇罗家机场
FLIGHT	C192	C127	WNZ				2026-05-01T13:58:00	2026-05-01T16:16:00	南方航空	CZ5894	经济舱	740	32	32	温州龙湾国际机场	惠州平潭机场
FLIGHT	C192	C205	WNZ		YNT		2026-05-01T15:12:00	2026-05-01T17:52:00	中国国航	CA5896	经济舱	840	34	34	温州龙湾国际机场	烟台蓬莱国际机场
FLIGHT	C192	C025	WNZ				2026-05-01T15:49:00	2026-05-01T18:18:00	东方航空	MU5897	经济舱	790	35	35	温州龙湾国际机场	佛山沙堤机场
