trainNumber	trainType	originDepartureTime
D1	D	65220
D2	D	32040
D3	D	65760
D4	D	26940
D6	D	44160
D7	D	63780
D9	D	47940
D10	D	30780
D11	D	45780
D12	D	24120
D13	D	67980
D14	D	29940
D17	D	33300
D18	D	53640
D19	D	51480
D20	D	40380
D21	D	23940
D22	D	45840
D23	D	55980
D24	D	27960
D25	D	37680
D26	D	26220
D27	D	54900
D28	D	24960
D29	D	23640
D30	D	46440
D31/D34	D	33660
D32/D33	D	53160
D35/D38	D	38160
D36/D37	D	57060
D39/D42	D	60600
D40/D41	D	35400
D43/D46	D	52680
D44/D45	D	24900
D48/D49	D	48960
D50	D	24300
D51	D	61980
D52	D	34200
D55	D	30360
D56	D	30180
D73	D	52080
D74	D	37200
D101	D	49920
D102	D	38580
D111/D114	D	54180
D112/D113	D	27720
D115/D118	D	34380
D116/D117	D	50040
D119	D	27360
D120	D	38700
D121	D	53220
D122	D	67800
D123/D126	D	27000
D124/D125	D	36480
D127/D130	D	46620
D128/D129	D	63660
D131/D134	D	67440
D132/D133	D	24120
D135/D138	D	32940
D136/D137	D	49260
D201	D	32460
D202	D	32520
D203	D	44040
D204	D	43800
D205	D	55260
D206	D	55320
D207	D	66600
D208	D	66600
D211	D	28800
D212	D	50400
D213	D	49680
D214	D	32400
D295/D298	D	30240
D296	D	38760
D305/D308	D	70500
D306/D307	D	82200
D335	D	81720
D336	D	76800
D351/D354	D	29520
D352/D353	D	22380
D361	D	44700
D362	D	32160
D365/D368	D	39300
D366/D367	D	27480
D377	D	27960
D378	D	29880
D381	D	53100
D382	D	27420
D618/D619	D	32040
D623	D	28800
D624	D	57300
D625	D	30360
D626	D	46980
D629	D	34320
D630	D	59340
D631/D634	D	48780
D632/D633	D	23100
D635/D638	D	25620
D636/D637	D	23580
D655/D658	D	26760
D656/D657	D	24300
D671	D	65760
D672	D	58620
D673	D	43080
D674	D	27060
D675	D	22800
D676	D	67860
D678	D	69840
D682	D	24000
D683	D	49020
D684	D	44400
D685	D	38820
D687	D	50100
D688	D	34980
D689	D	30660
D690	D	66960
D691	D	63840
D692	D	47760
D701	D	69720
D702	D	68940
D704	D	77460
D705	D	76860
D706	D	76680
D709	D	71160
D710	D	77040
D711	D	76500
D712	D	72300
D715	D	81840
D716	D	77340
D717	D	69360
D718	D	63120
D751	D	23760
D752	D	54600
D753	D	58800
D754	D	33060
D761/D764	D	52860
D762/D763	D	25860
D951/D954	D	28800
D952/D953	D	30600
D955/D958	D	28740
D956/D957	D	34200
D959	D	48600
D960	D	32640
D1601	D	32340
D1603	D	51780
D1604	D	42480
D1606	D	62220
D1611	D	28800
D1612	D	48300
D1615	D	52620
D1616	D	33540
D1621	D	27120
D1622	D	54060
D1623	D	30120
D1624	D	56760
D1625	D	59700
D1626	D	25200
D1631/D1634	D	32280
D1632/D1633	D	57480
D1635/D1638	D	41880
D1636/D1637	D	26880
D1643/D1646	D	59760
D1644/D1645	D	32640
D1691	D	33000
D1692	D	58200
D1701/D1704	D	29580
D1702/D1703	D	28920
D1705/D1708	D	58200
D1706/D1707	D	58020
D1779	D	27480
D1780	D	30480
D1781	D	25920
D1782	D	25680
D1785	D	39660
D1786	D	33900
D1791	D	29280
D1792	D	28500
D1793	D	28080
D1794	D	49020
D1795	D	57840
D1796	D	57060
D1797	D	27000
D1801	D	30000
D1806/D1807	D	29520
D1809/D1812	D	28380
D1810	D	33600
D1817/D1820	D	36900
D1818/D1819	D	37920
D1821/D1824	D	38340
D1822	D	39600
D1825	D	45480
D1826	D	45000
D1833	D	51180
D1834/D1835	D	47880
D1837	D	56520
D1838	D	30480
D1841	D	24000
D1842	D	27780
D1849/D1852	D	26580
D1850/D1851	D	40320
D1853/D1856	D	35040
D1854/D1855	D	26280
D1857/D1860	D	46200
D1858/D1859	D	33480
D1861	D	26340
D1862	D	25200
D1864	D	28920
D1865	D	32040
D1867	D	36300
D1868	D	42600
D1869	D	37560
D1870	D	43320
D1871	D	50880
D1872	D	51960
D1874	D	54600
D1875	D	53280
D1877	D	58200
D1878	D	58260
D1881/D1884	D	43980
D1882/D1883	D	32760
D1901	D	26340
D1905	D	58800
D1906	D	55380
D1911	D	25800
D1912	D	26880
D1913	D	28200
D1914	D	27960
D1915	D	30300
D1917	D	32400
D1918	D	32400
D1919	D	33720
D1920	D	33540
D1921	D	34080
D1922	D	36780
D1923	D	36000
D1924	D	41880
D1925	D	37980
D1926	D	43680
D1927	D	41700
D1928	D	45900
D1929	D	42000
D1930	D	46800
D1931	D	44460
D1932	D	49860
D1933	D	46620
D1934	D	50400
D1935	D	47760
D1936	D	52200
D1937	D	50400
D1938	D	54420
D1939	D	52380
D1940	D	56340
D1941	D	54900
D1942	D	59940
D1943	D	58560
D1944	D	61740
D1946	D	62820
D1947	D	64800
D1948	D	64680
D1949	D	65880
D1950	D	65220
D1951	D	67380
D1952	D	68580
D1953/D1956	D	28080
D1954/D1955	D	29640
D1957/D1960	D	36420
D1958/D1959	D	37020
D1961/D1964	D	44100
D1962/D1963	D	42840
D1965/D1968	D	31140
D1969/D1972	D	32580
D1970/D1971	D	30720
D1977/D1980	D	51360
D1978/D1979	D	43380
D1982/D1983	D	46320
D1985/D1988	D	65040
D1986/D1987	D	53700
D1989/D1992	D	66720
D1990/D1991	D	64020
D2002	D	27600
D2003	D	47760
D2004	D	29400
D2005	D	55740
D2105	D	59640
D2106	D	42360
D2175/D2178	D	29400
D2176/D2177	D	49860
D2187/D2190	D	34560
D2188/D2189	D	54960
D2191/D2194	D	31980
D2192/D2193	D	58560
D2195/D2198	D	24300
D2196/D2197	D	45600
D2205/D2208	D	29640
D2206/D2207	D	25080
D2211/D2214	D	26040
D2212/D2213	D	24420
D2215/D2218	D	31080
D2216/D2217	D	31320
D2221/D2224	D	27300
D2222/D2223	D	27720
D2225/D2228	D	32160
D2226/D2227	D	31680
D2231/D2234	D	27780
D2232/D2233	D	27540
D2235/D2238	D	33060
D2236/D2237	D	31200
D2241/D2244	D	24180
D2242/D2243	D	24360
D2245/D2248	D	31740
D2246/D2247	D	36300
D2251	D	27720
D2252	D	55140
D2253/D2256	D	30300
D2254/D2255	D	26280
D2259	D	38160
D2260	D	37320
D2261/D2264	D	32700
D2262/D2263	D	31440
D2265	D	51720
D2266	D	25680
D2267/D2270	D	27120
D2268/D2269	D	31980
D2271	D	41520
D2272	D	30480
D2275/D2278	D	48120
D2276/D2277	D	29220
D2281	D	27960
D2284	D	31680
D2287	D	25320
D2288	D	38760
D2293	D	38280
D2294	D	28920
D2297	D	27360
D2298	D	53280
D2302	D	30180
D2303	D	36900
D2304	D	53580
D2305	D	45840
D2306	D	43380
D2307	D	53760
D2308	D	31080
D2309	D	56760
D2310	D	35280
D2311	D	28620
D2312	D	60240
D2313	D	28920
D2314	D	61920
D2315	D	25980
D2316	D	37680
D2317	D	52980
D2318	D	42540
D2319	D	57480
D2320	D	68580
D2322	D	47460
D2323	D	34560
D2324	D	50580
D2325	D	28440
D2326	D	59280
D2327	D	25800
D2328	D	55800
D2329	D	40860
D2330	D	61140
D2331	D	44700
D2332	D	66480
D2333	D	70200
D2334	D	37140
D2335	D	65820
D2336	D	55500
D2339	D	27300
D2340	D	58020
D2341	D	42540
D2342	D	28620
D2345	D	47040
D2346	D	31380
D2349	D	43740
D2350	D	27960
D2351	D	44280
D2352	D	26400
D2353	D	55740
D2354	D	49920
D2355	D	28740
D2356	D	51120
D2357	D	25980
D2358	D	46860
D2359	D	21600
D2360	D	67260
D2361	D	26340
D2362	D	47160
D2363	D	47820
D2364	D	33600
D2367	D	49380
D2368	D	33000
D2373	D	26160
D2374	D	34080
D2375/D2378	D	21540
D2376/D2377	D	29520
D2381/D2384	D	45600
D2382/D2383	D	25560
D2501	D	25200
D2502	D	27660
D2504	D	29280
D2505	D	28800
D2506	D	33000
D2507	D	30300
D2508	D	33360
D2510	D	35100
D2511	D	38100
D2512	D	40020
D2513	D	34080
D2515	D	45900
D2516	D	43800
D2517	D	39900
D2518	D	46500
D2519	D	46380
D2520	D	48300
D2521	D	55260
D2524	D	54000
D2525	D	59220
D2527	D	62820
D2528	D	62580
D2529	D	63780
D2530	D	63780
D2531	D	67500
D2533	D	68940
D2534	D	68700
D2537	D	23280
D2538	D	38460
D2540	D	61620
D2541	D	25200
D2561	D	34500
D2562	D	54000
D2563	D	45000
D2564	D	63000
D2565	D	54060
D2566	D	31320
D2567	D	28200
D2568	D	54120
D2569	D	49260
D2571	D	65220
D2572	D	27600
D2651	D	28800
D2652	D	28140
D2653	D	30720
D2654	D	30240
D2655	D	41100
D2656	D	32460
D2657	D	43380
D2659	D	45900
D2660	D	41700
D2661	D	56400
D2662	D	44280
D2663	D	67200
D2664	D	54420
D2665	D	72420
D2666	D	55680
D2667	D	70920
D2668	D	57480
D2670	D	68700
D2671	D	27360
D2672	D	30480
D2673	D	49140
D2674	D	44100
D2675	D	73200
D2676	D	60000
D2677	D	65820
D2678	D	51300
D2679	D	37200
D2680	D	24960
D2681	D	67800
D2682	D	38160
D2683	D	28200
D2684	D	71400
D2685	D	32400
D2687	D	36660
D2688	D	27120
D2689	D	46920
D2690	D	42420
D2692	D	37440
D2693	D	54000
D2695	D	57300
D2697	D	61260
D2699	D	58680
D2701	D	29220
D2706	D	36600
D2708	D	39600
D2711	D	40380
D2712	D	42960
D2741	D	51480
D2742	D	29220
D2743	D	24000
D2746	D	58980
D2749/D2752	D	43080
D2750	D	61200
D2751/D2754	D	23580
D2757	D	58800
D2803	D	29400
D2804	D	25560
D2806	D	31320
D2807	D	30720
D2809	D	32400
D2811	D	33000
D2812	D	36300
D2815	D	39120
D2818	D	40680
D2823	D	37200
D2825	D	52440
D2830	D	54000
D2831	D	57420
D2834	D	54900
D2837	D	62580
D2838	D	60240
D2840	D	60720
D2841	D	64500
D2842	D	65400
D2844	D	57300
D2877/D2880	D	41220
D2878/D2879	D	47400
D2943/D2946	D	49440
D2944/D2945	D	33060
D2947/D2950	D	54060
D2948/D2949	D	41640
D2951/D2954	D	29820
D2952/D2953	D	47580
D2955/D2958	D	45720
D2956/D2957	D	63060
D2959	D	28920
D2960	D	49320
D2961	D	36600
D2962	D	34500
D2963	D	30240
D2965	D	45900
D2969	D	62400
D2970	D	70920
D2972	D	48960
D2975	D	63060
D2976	D	56400
D2979	D	69060
D2980	D	62340
D2982	D	72960
D2984	D	67680
D2985	D	27300
D2986/D2987	D	43800
D2991/D2994	D	42960
D2992/D2993	D	26280
D2995/D2998	D	70080
D2996/D2997	D	29700
D3001/D3004	D	54000
D3002/D3003	D	23880
D3005/D3008	D	24900
D3006/D3007	D	49980
D3009/D3012	D	30600
D3010/D3011	D	52860
D3013/D3016	D	28740
D3014/D3015	D	58020
D3021/D3024	D	56580
D3022/D3023	D	33300
D3025/D3028	D	27060
D3026/D3027	D	48420
D3031/D3034	D	23580
D3032/D3033	D	54960
D3041/D3044	D	34800
D3042/D3043	D	60420
D3045/D3048	D	41100
D3046/D3047	D	64380
D3055/D3058	D	25500
D3056/D3057	D	26340
D3059/D3062	D	58800
D3060/D3061	D	32760
D3063/D3066	D	59760
D3064/D3065	D	27060
D3067/D3070	D	57000
D3068/D3069	D	34320
D3071/D3074	D	24060
D3072/D3073	D	22440
D3081	D	53040
D3082	D	32580
D3083	D	57120
D3084	D	33900
D3089/D3092	D	56160
D3090/D3091	D	36900
D3101	D	54480
D3102	D	27600
D3104	D	28200
D3107	D	34800
D3109	D	26280
D3110	D	74160
D3111	D	27180
D3112	D	40380
D3125	D	23820
D3126	D	24600
D3131/D3134	D	27420
D3132/D3133	D	39480
D3135/D3138	D	29340
D3136/D3137	D	22800
D3141/D3144	D	40320
D3142/D3143	D	25140
D3145/D3148	D	24000
D3146/D3147	D	39240
D3151/D3154	D	51960
D3152/D3153	D	38580
D3155/D3158	D	37740
D3156/D3157	D	59700
D3165/D3168	D	43740
D3166/D3167	D	27180
D3169	D	59040
D3170	D	24120
D3171	D	54720
D3172	D	34200
D3201	D	30000
D3202	D	48480
D3205	D	34500
D3206	D	46440
D3211	D	23700
D3212	D	62040
D3213	D	57060
D3214	D	34740
D3215	D	51240
D3216	D	28800
D3217	D	57240
D3218	D	29880
D3219	D	25140
D3220	D	63780
D3222	D	29280
D3223	D	39660
D3226	D	50700
D3227	D	63000
D3229	D	41880
D3230	D	60180
D3231	D	26160
D3232	D	56100
D3233	D	52020
D3234	D	24720
D3235	D	54480
D3236	D	30240
D3237/D3240	D	42840
D3238/D3239	D	22440
D3261/D3264	D	56160
D3262/D3263	D	29280
D3265	D	53700
D3266	D	29280
D3271/D3274	D	29820
D3272/D3273	D	45120
D3275/D3278	D	53100
D3276/D3277	D	29760
D3281/D3284	D	74100
D3282/D3283	D	38340
D3285/D3288	D	37680
D3286/D3287	D	36840
D3289	D	50400
D3290	D	45300
D3291/D3294	D	44100
D3292/D3293	D	31740
D3295/D3298	D	27900
D3296/D3297	D	30960
D3301/D3304	D	55080
D3302/D3303	D	25620
D3305	D	61560
D3306	D	40620
D3307	D	29940
D3308	D	42240
D3323	D	68760
D3324	D	26700
D3332	D	29580
D3333	D	24300
D3334	D	60540
D3335	D	29100
D3336	D	51960
D3337	D	35700
D3338	D	57360
D3339	D	38820
D3340	D	63420
D3395/D3398	D	33120
D3396/D3397	D	58740
D3561	D	26280
D3563	D	29760
D3564	D	31800
D3567	D	57780
D3568	D	47880
D3570	D	53340
D3571	D	52800
D3572	D	29100
D3601	D	30600
D3602	D	27360
D3603	D	26880
D3604	D	28440
D3605	D	27480
D3606	D	29160
D3607	D	27780
D3608	D	29460
D3609	D	28500
D3610	D	39240
D3611	D	29220
D3612	D	44160
D3613	D	30060
D3614	D	47280
D3616	D	49680
D3618	D	55680
D3619	D	33540
D3620	D	55980
D3621	D	34140
D3623	D	41280
D3624	D	59340
D3625	D	41940
D3627	D	42240
D3628	D	64680
D3629	D	46320
D3630	D	65040
D3631	D	47100
D3632	D	66900
D3633	D	52920
D3634	D	67320
D3635	D	57960
D3636	D	68040
D3638	D	68460
D3639	D	64140
D3640	D	70500
D3641	D	67200
D3642	D	71700
D3643	D	69660
D3644	D	71340
D3645	D	71460
D3677/D3680	D	50400
D3678/D3679	D	34560
D3701/D3704	D	32640
D3702/D3703	D	29880
D3705/D3708	D	29400
D3706/D3707	D	30600
D3709/D3712	D	33720
D3710/D3711	D	32160
D3713/D3716	D	49740
D3714/D3715	D	36360
D3717/D3720	D	50520
D3718/D3719	D	36720
D3721/D3724	D	52800
D3722/D3723	D	42000
D3725/D3728	D	56040
D3726/D3727	D	42960
D3729/D3732	D	57000
D3730/D3731	D	45480
D3733/D3736	D	61500
D3734/D3735	D	52320
D3737/D3740	D	63840
D3742/D3743	D	57600
D3751	D	29160
D3752	D	29400
D3753	D	30360
D3754	D	34200
D3755	D	45420
D3756	D	41040
D3757	D	49500
D3758	D	45840
D3759	D	54600
D3760	D	46860
D3761	D	61860
D3762	D	58980
D3763	D	63780
D3764	D	61980
D3781/D3784	D	28800
D3782/D3783	D	34860
D3785/D3788	D	30360
D3786/D3787	D	50700
D3789/D3792	D	34080
D3790/D3791	D	54300
D3793/D3796	D	54480
D3801/D3804	D	27600
D3802/D3803	D	24840
D3806/D3807	D	27060
D3809/D3812	D	32100
D3810/D3811	D	27780
D3813/D3816	D	33780
D3814/D3815	D	30180
D3817/D3820	D	36540
D3818/D3819	D	31800
D3821/D3824	D	38520
D3822/D3823	D	34920
D3825/D3828	D	39720
D3826/D3827	D	35640
D3829/D3832	D	41460
D3830/D3831	D	38160
D3837/D3840	D	44100
D3838/D3839	D	39960
D3841/D3844	D	37080
D3842/D3843	D	37440
D3845/D3848	D	49020
D3846/D3847	D	42360
D3849/D3852	D	41760
D3850/D3851	D	45120
D3853/D3856	D	42840
D3857/D3860	D	55860
D3858/D3859	D	51060
D3862/D3863	D	56880
D3902	D	29940
D3903	D	26160
D3904	D	35820
D3905	D	44640
D3906	D	54240
D3907	D	53880
D3910	D	66600
D3921/D3924	D	28920
D3922/D3923	D	28080
D3925/D3928	D	57180
D3926/D3927	D	51960
D3931	D	30720
D3932/D3933	D	25800
D3934	D	32700
D3935/D3938	D	35280
D3936/D3937	D	23700
D3943/D3946	D	40380
D3944/D3945	D	31680
D3947/D3950	D	43680
D3948/D3949	D	30780
D3951/D3954	D	46860
D3952/D3953	D	32460
D3956/D3957	D	39000
D3958	D	51480
D3960/D3961	D	25200
D3962	D	56160
D4061	D	35940
D4063	D	64080
D5081	D	27900
D5082	D	30000
D5083	D	39900
D5086	D	50100
D5087	D	60120
D5092	D	73800
D5102	D	66960
D5103	D	27600
D5104	D	67920
D5105	D	28620
D5113/D5116	D	56520
D5114/D5115	D	67740
D5117	D	31920
D5118	D	38400
D5121/D5124	D	28020
D5122/D5123	D	43620
D5125/D5128	D	48600
D5126/D5127	D	60300
D5134/D5135	D	30720
D5137/D5140	D	68640
D5138/D5139	D	53340
D5141	D	26220
D5142	D	28740
D5143	D	76980
D5144	D	79560
D5145	D	44640
D5146	D	48420
D5147	D	56400
D5148	D	61200
D5150/D5151	D	77160
D5152	D	26760
D5153	D	70920
D5154	D	60780
D5156	D	67320
D5158/D5159	D	52080
D5160	D	42180
D5161	D	51240
D5162	D	44340
D5171	D	27000
D5172	D	26880
D5173	D	39360
D5174	D	45000
D5175	D	57540
D5176	D	49620
D5177	D	58440
D5178	D	63600
D5179	D	72840
D5180	D	75660
D5181	D	29940
D5182	D	29160
D5184	D	34500
D5185	D	40860
D5187	D	46080
D5188	D	52500
D5190	D	58140
D5191	D	63120
D5192	D	60960
D5193	D	70260
D5194	D	72180
D5195	D	73140
D5196	D	37620
D5197	D	48960
D5199	D	32880
D5206/D5207	D	44040
D5211/D5214	D	46800
D5212/D5213	D	31020
D5215/D5218	D	29760
D5221/D5224/D5253	D	40800
D5222/D5223	D	61200
D5225/D5228	D	70500
D5226/D5227	D	61800
D5233	D	56400
D5234	D	44100
D5235	D	25200
D5241	D	28800
D5242	D	25200
D5243	D	52860
D5244	D	67140
D5246	D	63300
D5250	D	29280
D5251	D	28200
D5252	D	37800
D5254	D	71520
D5271/D5274	D	36000
D5272/D5273	D	33000
D5276/D5277	D	61200
D5282/D5283	D	45360
D5291/D5294	D	26280
D5303	D	56700
D5305	D	65040
D5306	D	27300
D5307	D	76740
D5308	D	50520
D5312	D	23700
D5314	D	25680
D5317	D	27480
D5318	D	41460
D5319	D	31200
D5320	D	45780
D5321	D	31680
D5322	D	56040
D5323	D	33000
D5324	D	61560
D5325	D	35040
D5326	D	61320
D5327	D	45480
D5328	D	66540
D5329	D	50640
D5330	D	65580
D5331	D	56880
D5332	D	66540
D5333	D	58200
D5334	D	73380
D5335	D	65640
D5336	D	71580
D5337	D	73680
D5342	D	33180
D5343	D	38640
D5347	D	26940
D5348	D	74520
D5351	D	31980
D5352	D	23640
D5355	D	63120
D5356	D	48540
D5381/D5384	D	28020
D5382/D5383	D	46440
D5385/D5388	D	30240
D5386/D5387	D	48840
D5495	D	26400
D5497	D	28800
D5499	D	78120
D5500	D	27180
D5501/D5504	D	23040
D5502/D5503	D	25440
D5505/D5508	D	27600
D5506/D5507	D	28800
D5511/D5514	D	36120
D5512/D5513	D	33300
D5516/D5517	D	46380
D5518	D	39300
D5522/D5523	D	48000
D5524	D	42840
D5526/D5527	D	50160
D5528	D	55860
D5531/D5534	D	60420
D5532/D5533	D	53220
D5535/D5538	D	63300
D5536/D5537	D	65580
D5541/D5544	D	66000
D5542/D5543	D	71760
D5545/D5548	D	75660
D5546/D5547	D	73800
D5549/D5552	D	27000
D5550/D5551	D	70200
D5562/D5563	D	19860
D5564	D	24300
D5577	D	32400
D5578	D	40500
D5579	D	58020
D5580	D	65700
D5581	D	48120
D5582	D	46620
D5585	D	69840
D5586	D	21120
D5587	D	78720
D5588	D	23100
D5589	D	75240
D5590	D	32400
D5595	D	64500
D5596	D	30000
D5597	D	38400
D5601	D	32700
D5602	D	34560
D5603	D	42900
D5604	D	41280
D5605	D	49680
D5606	D	51600
D5607	D	60600
D5608	D	58440
D5609	D	66720
D5610	D	66780
D5622	D	57000
D5641	D	25200
D5642	D	28920
D5644	D	65820
D5646	D	25980
D5651	D	24660
D5652	D	24660
D5653	D	26280
D5654	D	32220
D5655	D	32520
D5656	D	40200
D5657	D	40800
D5658	D	48660
D5659	D	48060
D5660	D	56160
D5661	D	56160
D5662	D	64800
D5663	D	63600
D5664	D	71700
D5665	D	73500
D5666	D	75120
D5752/D5753	D	26700
D5756/D5757	D	37200
D5760/D5761	D	44400
D5763/D5766	D	26700
D5764/D5765	D	58980
D5767/D5770	D	44400
D5768/D5769	D	64140
D5801/D5804	D	30360
D5802/D5803	D	19980
D5805/D5808	D	41040
D5806/D5807	D	34380
D5809/D5812	D	45000
D5810/D5811	D	56580
D5814/D5815	D	29700
D5817/D5820	D	24960
D5821/D5824	D	68880
D5822/D5823	D	58860
D5825/D5828	D	64800
D5861/D5864	D	57900
D5862/D5863	D	27300
D5866/D5867	D	29100
D5881/D5884	D	52500
D5882/D5883	D	28320
D5941	D	25860
D5942	D	34320
D5943	D	26160
D5945	D	63000
D5946	D	54480
D5947	D	28380
D5948	D	38280
D5949	D	32580
D5950	D	40860
D5951	D	51360
D5952	D	27420
D5953	D	71400
D5954	D	69600
D5957	D	49260
D5958	D	40560
D5961	D	68940
D5962	D	57660
D5965	D	41040
D5966	D	57780
D5968	D	23160
D5970	D	28800
D5991/D5994	D	55740
D5992/D5993	D	31500
D6003	D	25620
D6004	D	31740
D6007	D	41160
D6011	D	67980
D6012	D	70980
D6016/D6017	D	55560
D6019/D6022	D	70980
D6020	D	22800
D6023	D	60720
D6024	D	45300
D6025	D	55260
D6026	D	44220
D6028	D	72960
D6035	D	66300
D6051	D	24720
D6053	D	47940
D6066	D	21000
D6078	D	52620
D6079	D	43860
D6080	D	42120
D6101	D	30240
D6102	D	23100
D6103	D	39600
D6104	D	33600
D6105	D	74460
D6106	D	68700
D6111	D	42600
D6113	D	70380
D6114	D	37020
D6115	D	79800
D6116	D	65460
D6117	D	53640
D6118	D	48660
D6131	D	29220
D6132	D	26340
D6133	D	64800
D6134	D	61080
D6141	D	26700
D6142	D	29460
D6151	D	37680
D6152	D	34620
D6153	D	43680
D6154	D	40740
D6155	D	48360
D6156	D	46080
D6157	D	53640
D6158	D	51180
D6159	D	58440
D6160	D	56100
D6161	D	64320
D6162	D	61440
D6163	D	69180
D6164	D	66600
D6165	D	74820
D6166	D	71520
D6167	D	80460
D6168	D	77580
D6181	D	22980
D6185/D6188	D	70620
D6186/D6187	D	29880
D6192	D	25740
D6201	D	22860
D6204	D	28800
D6206	D	32760
D6207	D	25800
D6208	D	36120
D6210	D	41580
D6212	D	46500
D6213	D	32520
D6214	D	47400
D6216	D	54000
D6217	D	31860
D6218	D	51240
D6219	D	36780
D6220	D	59400
D6221	D	39660
D6223	D	43440
D6224	D	65460
D6225	D	45600
D6226	D	62100
D6227	D	51480
D6228	D	70800
D6229	D	56820
D6231	D	53040
D6233	D	55680
D6237	D	70140
D6238	D	56220
D6241	D	53220
D6242	D	40980
D6251	D	29940
D6254	D	36780
D6255	D	48000
D6256	D	46500
D6257	D	57720
D6258	D	58020
D6259	D	67560
D6260	D	68820
D6261	D	36120
D6262	D	24960
D6263	D	62940
D6264	D	51300
D6265/D6268	D	57540
D6271/D6274	D	45180
D6272/D6273	D	44460
D6312/D6313	D	34920
D6315/D6318	D	33780
D6321/D6324	D	24480
D6322/D6323	D	64080
D6329	D	30240
D6330	D	69120
D6332	D	32040
D6333	D	57000
D6335	D	37740
D6336	D	30840
D6339	D	60420
D6340	D	53460
D6341	D	23280
D6342	D	25500
D6343	D	31260
D6344	D	30000
D6345	D	35580
D6348	D	40380
D6349	D	45960
D6352	D	57000
D6353	D	63780
D6360	D	76740
D6374	D	28200
D6381/D6384	D	42840
D6382/D6383	D	25680
D6405/D6408	D	40560
D6407/D6410	D	33900
D6409/D6412	D	28800
D6415/D6418	D	59100
D6417/D6420	D	66540
D6419/D6422	D	72300
D6425	D	27840
D6426	D	34620
D6427	D	51780
D6428	D	59520
D6434/D6435	D	27120
D6436/D6437	D	46920
D6438/D6439	D	46320
D6440/D6441	D	53400
D6442/D6443	D	61140
D6444/D6445	D	67920
D6448/D6449	D	71640
D6471	D	27480
D6472	D	34140
D6473	D	41400
D6474	D	48060
D6475	D	63960
D6476	D	36720
D6501	D	28020
D6502	D	30540
D6503	D	35160
D6505	D	33480
D6506	D	50820
D6507	D	49980
D6508	D	52800
D6509	D	53280
D6510	D	64020
D6511	D	69420
D6512	D	69000
D6513	D	33540
D6514	D	52020
D6521	D	26040
D6522	D	30300
D6523	D	31980
D6524	D	26640
D6525	D	28860
D6526	D	50400
D6527	D	35400
D6528	D	56640
D6529	D	45720
D6530	D	60360
D6531	D	62940
D6532	D	64200
D6533	D	64980
D6534	D	66300
D6542	D	67380
D6543	D	54660
D6544	D	48840
D6548	D	29280
D6561	D	41100
D6562	D	61320
D6571/D6574	D	59160
D6572/D6573	D	24000
D6575/D6578	D	51840
D6576/D6577	D	28800
D6579	D	69000
D6580	D	30780
D6581	D	26640
D6582	D	42420
D6583	D	43260
D6584	D	60960
D6591/D6594	D	36120
D6592/D6593	D	51840
D6595/D6598	D	34380
D6596/D6597	D	43680
D6635	D	39420
D6636	D	60840
D6655	D	29040
D6656	D	37740
D6657	D	46800
D6658	D	58500
D6671/D6674	D	73800
D6677	D	66000
D6678	D	25500
D6731/D6734	D	44640
D6732/D6733	D	25500
D6735/D6738	D	62100
D6736/D6737	D	42000
D6739	D	22380
D6740	D	25920
D6751	D	22560
D6752	D	28800
D6753	D	29100
D6754	D	35220
D6755	D	30420
D6756	D	42600
D6757	D	35880
D6758	D	45600
D6759	D	50700
D6760	D	50400
D6761	D	53400
D6762	D	56100
D6763	D	57720
D6764	D	59700
D6765	D	63180
D6766	D	69600
D6767	D	65880
D6768	D	72420
D6769	D	33600
D6770	D	23400
D6771	D	40740
D6772	D	37800
D6773	D	46680
D6774	D	57000
D6775	D	66600
D6776	D	64800
D6777	D	54000
D6778	D	25200
D6779	D	73440
D6780	D	58800
D6801	D	26700
D6802	D	32100
D6809	D	37800
D6812	D	43200
D6817	D	50400
D6818	D	55860
D6821	D	60960
D6822	D	66720
D6839	D	32100
D6840	D	28740
D6851	D	24600
D6852	D	28200
D6853	D	27000
D6854	D	27600
D6855	D	31620
D6856	D	32400
D6857	D	34800
D6858	D	34620
D6859	D	40200
D6860	D	35100
D6861	D	45600
D6862	D	39600
D6863	D	51420
D6864	D	42540
D6865	D	59400
D6866	D	48960
D6867	D	68400
D6868	D	52920
D6869	D	71700
D6870	D	59520
D6871	D	74700
D6872	D	68100
D6873	D	77100
D6874	D	76140
D6901	D	19980
D6902	D	20820
D6903	D	20520
D6904	D	21600
D6905	D	22320
D6906	D	24060
D6907	D	24600
D6908	D	28920
D6909	D	25500
D6910	D	31500
D6911	D	29280
D6912	D	37800
D6913	D	32160
D6914	D	40200
D6915	D	36060
D6916	D	42480
D6917	D	39720
D6918	D	50580
D6919	D	44520
D6920	D	54720
D6921	D	45180
D6922	D	55560
D6923	D	46560
D6924	D	60120
D6925	D	51600
D6926	D	62160
D6927	D	58200
D6929	D	60960
D6930	D	68520
D6931	D	63000
D6932	D	70980
D6933	D	66660
D6934	D	77400
D6936	D	80340
D6961	D	41760
D6962	D	51420
D6963	D	62040
D6964	D	71160
D6965	D	28800
D6966	D	28800
D6967	D	64200
D6968	D	41520
D7003	D	24360
D7005	D	25980
D7007	D	28860
D7008	D	78900
D7009	D	36900
D7010	D	42720
D7031	D	24120
D7032	D	72000
D7033	D	23940
D7101/D7102	D	26100
D7103/D7104	D	40500
D7105/D7106	D	51000
D7107/D7108	D	57300
D7109/D7110	D	67200
D7111/D7112	D	24780
D7113/D7114	D	37800
D7115/D7116	D	51720
D7119/D7120	D	67200
D7121	D	38760
D7122	D	27900
D7123	D	62040
D7124	D	51600
D7132	D	33660
D7133	D	25440
D7134	D	80160
D7135	D	37320
D7136	D	75600
D7137	D	30360
D7138	D	72600
D7139	D	22620
D7140	D	61920
D7151/D7152	D	24300
D7153/D7154	D	33540
D7155/D7156	D	49800
D7157/D7158	D	62700
D7159/D7160	D	69600
D7161/D7162	D	31920
D7163/D7164	D	36600
D7165	D	31560
D7166	D	78540
D7167/D7168	D	69960
D7171	D	74820
D7172	D	73860
D7185	D	23520
D7186	D	34920
D7187	D	45660
D7188	D	55620
D7189	D	65520
D7190	D	76860
D7191	D	31800
D7193	D	60300
D7194	D	46620
D7195	D	63720
D7196	D	73560
D7205/D7206	D	37200
D7301	D	25200
D7303	D	25740
D7304	D	26700
D7305	D	28680
D7306	D	27900
D7308	D	28800
D7310	D	31500
D7311	D	32400
D7312	D	32700
D7313	D	35760
D7314	D	34500
D7315	D	38700
D7316	D	34560
D7319	D	42240
D7322	D	46500
D7324	D	47460
D7325	D	50160
D7326	D	49800
D7327	D	53100
D7328	D	53700
D7329	D	54900
D7330	D	56700
D7331	D	57300
D7332	D	57900
D7333	D	61020
D7335	D	64200
D7337	D	66060
D7338	D	65100
D7339	D	69300
D7340	D	68400
D7341	D	72600
D7342	D	59400
D7343	D	74580
D7344	D	72780
D7345	D	75540
D7346	D	74100
D7347	D	78000
D7348	D	68820
D7349	D	75960
D7352	D	78600
D7354	D	76020
D7401/D7404	D	26100
D7402/D7403	D	71760
D7405/D7408	D	45780
D7407	D	77880
D7409	D	54180
D7410	D	64020
D7411	D	74220
D7413	D	79080
D7414	D	40680
D7415	D	49920
D7416	D	58320
D7417	D	67260
D7418	D	76980
D7419	D	26400
D7420	D	39720
D7421	D	41940
D7422	D	32340
D7423	D	63000
D7424	D	52920
D7425	D	55440
D7427	D	76920
D7428	D	65820
D7429/D7432	D	24300
D7430/D7431	D	35040
D7433/D7436	D	46080
D7435	D	57540
D7437/D7440	D	69180
D7439	D	28800
D7441/D7444	D	35580
D7443	D	46680
D7445/D7448	D	57060
D7447	D	68700
D7451	D	24060
D7453	D	25980
D7454	D	28800
D7456	D	31620
D7459	D	33300
D7460	D	35220
D7461	D	36840
D7462	D	39360
D7464	D	41880
D7467	D	41640
D7469	D	44340
D7470	D	48720
D7472	D	50100
D7473	D	48360
D7475	D	52200
D7477	D	54600
D7478	D	55200
D7480	D	58440
D7483	D	62100
D7484	D	64080
D7486	D	66600
D7487	D	72000
D7488	D	72420
D7489	D	29280
D7490	D	42960
D7491	D	55680
D7492	D	69000
D7493	D	29580
D7494	D	45540
D7495	D	58200
D7496	D	75420
D7497	D	69480
D7498	D	57360
D7499	D	43500
D7500	D	29460
D7501/D7504	D	33720
D7502/D7503	D	47040
D7505/D7508	D	60000
D7506/D7507	D	72900
D7509/D7512	D	52800
D7510/D7511	D	37620
D7513/D7516	D	41280
D7514/D7515	D	50340
D7517/D7520	D	57240
D7518/D7519	D	41640
D7521/D7524	D	71340
D7522/D7523	D	56100
D7525/D7528	D	26700
D7526/D7527	D	66720
D7529/D7532	D	64980
D7530/D7531	D	27000
D7533/D7536	D	44220
D7534/D7535	D	59220
D7537/D7540	D	37500
D7538/D7539	D	52080
D7542/D7543	D	30660
D7545/D7548	D	67500
D7551/D7554	D	28800
D7553	D	58020
D7556	D	61380
D7557	D	40560
D7558	D	60300
D7561	D	36120
D7562	D	25080
D7563	D	59280
D7564	D	47640
D7565	D	35880
D7566	D	70200
D7567	D	55080
D7568	D	27480
D7569	D	74160
D7570	D	43920
D7571	D	29760
D7572	D	65580
D7573	D	52560
D7574	D	40620
D7575	D	71820
D7576	D	64080
D7601	D	19320
D7603	D	23280
D7604	D	23580
D7606	D	30540
D7607	D	26760
D7610	D	34500
D7611	D	31560
D7613	D	32820
D7614	D	38100
D7615	D	37860
D7616	D	44760
D7619	D	41220
D7620	D	48480
D7623	D	46200
D7624	D	52560
D7625	D	53340
D7629	D	54960
D7633	D	59760
D7635	D	62520
D7636	D	69120
D7638	D	71340
D7640	D	74400
D7641	D	22560
D7642	D	28800
D7664	D	42900
D7665	D	49500
D7666	D	55980
D7671	D	21300
D7672	D	24660
D7690	D	69000
D7711	D	26880
D7712	D	36780
D7713	D	47460
D7714	D	65040
D7715	D	55680
D7716	D	45840
D7717	D	35400
D7718	D	24000
D7719	D	66840
D7720	D	57660
D7723	D	71640
D7724	D	24000
D7731/D7734	D	28500
D7732/D7733	D	45000
D7736/D7737	D	30600
D7740/D7741	D	23400
D7742	D	28560
D7743/D7746	D	42900
D7747/D7750	D	60840
D7748/D7749	D	59460
D7751/D7754	D	46800
D7753	D	64680
D7755/D7758	D	57540
D7756/D7757	D	39480
D7801	D	22800
D7802	D	19620
D7803	D	24780
D7804	D	21600
D7805	D	26520
D7806	D	23040
D7807	D	29280
D7808	D	25020
D7809	D	32820
D7810	D	30600
D7811	D	33060
D7812	D	32400
D7813	D	35700
D7814	D	37860
D7815	D	39000
D7816	D	43920
D7817	D	44100
D7818	D	45000
D7819	D	47460
D7820	D	48180
D7821	D	52200
D7822	D	55080
D7823	D	56220
D7824	D	58380
D7825	D	57120
D7826	D	61920
D7827	D	59580
D7828	D	71100
D7829	D	60840
D7830	D	73380
D7831	D	69600
D7832	D	75240
D7834	D	79200
D7901	D	29280
D7902	D	33720
D7903	D	32340
D7904	D	39000
D7905	D	39000
D7906	D	44640
D7907	D	49200
D7908	D	54600
D7961	D	19200
D7962	D	70200
D7963	D	23220
D7964	D	73380
D8075	D	25920
D8076	D	61920
D8131	D	54600
D8132	D	26880
D8133	D	73800
D8134	D	46800
D8181	D	34920
D8182	D	25380
D8183	D	36000
D8184	D	45420
D8186	D	46140
D8201	D	29700
D8202	D	26700
D8203	D	37560
D8204	D	32340
D8205	D	50100
D8206	D	42840
D8207	D	57300
D8208	D	62580
D8210	D	68940
D8212	D	74400
D8251	D	26760
D8253	D	28800
D8255	D	62340
D8257	D	63480
D8259	D	79200
D8262/D8263	D	29100
D8265/D8268	D	34320
D8266/D8267	D	50520
D8269/D8272	D	47400
D8270/D8271	D	64200
D8277/D8280	D	66000
D8301	D	24720
D8302	D	51240
D8303	D	25560
D8304	D	58980
D8305	D	27300
D8306	D	60420
D8308	D	68100
D8309	D	32520
D8310	D	72480
D8311	D	31080
D8312	D	69720
D8313	D	58860
D8314	D	73380
D8315	D	65340
D8316	D	75600
D8341	D	29580
D8342	D	28200
D8343	D	33360
D8344	D	35700
D8345	D	40740
D8346	D	38160
D8347	D	53160
D8348	D	41760
D8349	D	55800
D8350	D	46920
D8351	D	63660
D8352	D	48600
D8354	D	58680
D8361	D	27000
D8362	D	66840
D8363	D	62700
D8364	D	71400
D8365/D8368	D	43800
D8366	D	72240
D8380	D	72780
D8381	D	36780
D8382	D	31800
D8383	D	39360
D8384	D	44160
D8386	D	49620
D8387	D	51600
D8388	D	61320
D8389	D	57600
D8390	D	70020
D8391/D8394	D	40560
D8392/D8393	D	26400
D8395/D8398	D	55800
D8399	D	69300
D8401	D	27360
D8402	D	30960
D8403	D	28740
D8405	D	42720
D8406	D	37800
D8408	D	41520
D8409	D	56340
D8410	D	58380
D8411	D	61020
D8412	D	64380
D8414	D	65880
D8416	D	66780
D8420	D	76020
D8431/D8434	D	71640
D8432/D8433	D	29280
D8451	D	25680
D8452	D	62340
D8453	D	29880
D8454	D	64980
D8461	D	28320
D8462	D	31680
D8463	D	64080
D8464	D	46620
D8466	D	57900
D8481	D	26700
D8483	D	55560
D8484	D	41880
D8486	D	69360
D8491	D	30600
D8492	D	29940
D8493	D	44040
D8494	D	44760
D8495	D	67320
D8501	D	18900
D8502	D	20400
D8503	D	23700
D8504	D	24360
D8505	D	26580
D8506	D	23880
D8507	D	27240
D8508	D	32400
D8509	D	28320
D8510	D	41760
D8511	D	34200
D8512	D	38880
D8513	D	37200
D8514	D	45900
D8515	D	42420
D8516	D	44340
D8517	D	49680
D8518	D	57720
D8519	D	51960
D8520	D	54720
D8521	D	54600
D8522	D	63360
D8523	D	64200
D8524	D	62400
D8525	D	68760
D8526	D	75180
D8554	D	27840
D8555	D	70560
D8557	D	71640
D8558	D	40260
D8559	D	72900
D8560	D	76740
D8561	D	75600
D8581	D	30180
D8582	D	25200
D8583	D	67800
D8584	D	63540
D8585	D	73740
D8586	D	69600
D8588	D	29280
D8601	D	22680
D8602	D	25200
D8607	D	73080
D8636/D8637	D	70500
D8641	D	29400
D8642	D	32700
D8645	D	35820
D8646	D	72300
D8649	D	36480
D8650	D	71820
D8651/D8654	D	26160
D8652/D8653	D	25380
D8655/D8658	D	28440
D8656/D8657	D	26040
D8659/D8662	D	30120
D8661	D	27480
D8664/D8665	D	27960
D8666	D	39120
D8668/D8669	D	30960
D8671/D8674	D	49380
D8672/D8673	D	32520
D8675/D8678	D	44940
D8676/D8677	D	33000
D8679/D8682	D	48000
D8683/D8686	D	53280
D8684/D8685	D	37080
D8687/D8690	D	54600
D8688/D8689	D	37500
D8691/D8694	D	67440
D8692/D8693	D	34800
D8696/D8697	D	35760
D8698	D	58980
D8701/D8704	D	63240
D8702/D8703	D	42720
D8705/D8708	D	66720
D8706/D8707	D	35400
D8709/D8712	D	66180
D8710/D8711	D	48780
D8713/D8716	D	70500
D8714/D8715	D	55920
D8718/D8719	D	61200
D8724	D	69960
D8726/D8727	D	56100
D8728	D	65640
D8729/D8732	D	71880
D8734/D8735	D	65940
D8736	D	72480
D8738/D8739	D	69720
D8740	D	74280
D8742/D8743	D	76860
D8748	D	76440
D8772/D8773	D	30300
D8774	D	30180
D8776/D8777	D	35880
D8778	D	31980
D8780/D8781	D	43440
D8782	D	46860
D8784/D8785	D	49680
D8788/D8789	D	61200
D8790	D	60000
D8794	D	63000
D8801	D	30600
D8802	D	31200
D8803	D	33300
D8804	D	34800
D8805	D	37800
D8806	D	42000
D8807	D	42480
D8808	D	45960
D8809	D	44940
D8810	D	48240
D8811	D	54300
D8812	D	54600
D8813	D	58800
D8814	D	60180
D8815	D	61200
D8816	D	69420
D8817	D	70200
D8851	D	45000
D8852	D	37620
D8861	D	34800
D8862	D	29340
D8865	D	60480
D8866	D	52200
D8867	D	75000
D8868	D	70200
D8869	D	78120
D8870	D	72900
D8881	D	39840
D8882	D	28200
D8883	D	66420
D8884	D	50220
D8901	D	28800
D8902	D	33300
D8903	D	37500
D8904	D	42000
D8905	D	65700
D8906	D	70800
D8911	D	29220
D8912	D	22740
D8913	D	44040
D8914	D	35880
D8915	D	67320
D8916	D	54600
D8917	D	80040
D8918	D	73500
D8919	D	33060
D8920	D	25920
D8921	D	48900
D8922	D	40020
D8923	D	35580
D8924	D	25260
D8931	D	24300
D8933	D	75600
D8935	D	72600
D8938	D	27660
D9342/D9343	D	43380
D9690	D	70200
D9691	D	70560
D9692/D9693	D	51300
D9695	D	43140
D9697	D	63540
D9698	D	34080
T7	T	60000
T8	T	31200
T9	T	54300
T10	T	37260
T17	T	60000
T18	T	59580
T25	T	64140
T26	T	53760
T39	T	49320
T40	T	66960
T41	T	51720
T42	T	70740
T47	T	68340
T48	T	67980
T49	T	54660
T50	T	69300
T55/T58	T	50640
T56/T57	T	65820
T63	T	71820
T64	T	65700
T77	T	41220
T78	T	35880
T79/T82	T	39480
T80/T81	T	57960
T95	T	67080
T96	T	59100
T101	T	48000
T102	T	57600
T109	T	72300
T110	T	64620
T111/T114	T	50700
T112/T113	T	37380
T115/T118	T	41100
T116/T117	T	55980
T121/T124	T	63420
T122/T123	T	77280
T125/T128	T	42000
T126/T127	T	81900
T129	T	73200
T130	T	64080
T131/T134	T	42060
T132/T133	T	51780
T135	T	63300
T136	T	64320
T145/T148	T	45420
T146/T147	T	43800
T151/T154	T	56100
T152/T153	T	32400
T155/T158	T	56700
T156/T157	T	70560
T167	T	51360
T168	T	69600
T169	T	39000
T170	T	53700
T171	T	66540
T172	T	67920
T175	T	47100
T176	T	43800
T179	T	62340
T180	T	72720
T181/T184	T	27000
T182/T183	T	54180
T197	T	75240
T198	T	67560
T203/T206	T	47340
T204/T205	T	43440
T211	T	42060
T212	T	47280
T215	T	70800
T216/T217	T	71880
T219/T222	T	39180
T220/T221	T	49020
T231	T	67800
T232	T	63480
T235/T238	T	25380
T236/T237	T	40500
T241/T244	T	27300
T242/T243	T	62760
T245/T248	T	45900
T246/T247	T	69900
T251/T254	T	70200
T252/T253	T	45180
T261	T	58440
T262	T	49740
T281/T284	T	70860
T282/T283	T	72000
T287/T290	T	43680
T288/T289	T	79200
T295	T	63900
T296	T	53640
T297	T	44580
T298	T	57900
T301/T304	T	31800
T302/T303	T	37800
T305/T308	T	65400
T306/T307	T	30960
T325/T328	T	67260
T326/T327	T	51000
T367/T370	T	48300
T368/T369	T	55860
T381	T	60900
T382	T	76440
T390	T	29400
T395/T398	T	27300
T396/T397	T	61080
T5101	T	50880
T5315/T5318	T	20700
T5316/T5317	T	53760
T5325	T	26760
T5326	T	46980
T5327	T	47700
T5328	T	59220
T5329	T	62760
T5330	T	21720
T5685	T	22680
T5686	T	37500
T5687	T	34560
T5688	T	59100
T6307	T	43140
T6308	T	40980
T6551	T	34560
T6552	T	61920
T6601	T	78600
T6602	T	81000
T6605	T	57600
T6606	T	25200
T6607	T	42720
T6608	T	28800
T6611	T	32400
T6612	T	47580
T6613	T	63180
T6614	T	28800
T6615	T	44280
T6616	T	63300
T7565	T	27600
T7566	T	40020
T7567	T	56400
T7575/T7578	T	26520
T7576/T7577	T	66900
T7771/T7774	T	54480
T7772/T7773	T	29160
T7775	T	28800
T7776/T7777	T	70560
T7781/T7784	T	68100
T7782	T	48840
T7785	T	58080
T7786	T	25680
T7787	T	54960
T7788	T	28500
T8001	T	28380
T8002	T	48240
T8309	T	76200
T8310	T	81300
T8321/T8324	T	29700
T8322/T8323	T	67080
T8365/T8368	T	41100
T8366/T8367	T	37800
T8369	T	29760
T8370	T	52260
T8379/T8382	T	26040
T8380/T8381	T	37200
T8701	T	65100
T8702	T	21900
T8711/T8714	T	42120
T8712/T8713	T	34080
T8715/T8718	T	61200
T8716/T8717	T	53700
T8865	T	28260
T8866	T	33660
T8869	T	34020
T8870	T	29280
T9021	T	32400
T9024	T	31500
T9501	T	80460
T9502	T	80400
T9503	T	31440
T9504	T	56760
T9515/T9518	T	54900
T9516/T9517	T	61080
T9525/T9528	T	51600
T9526/T9527	T	38880
T9575	T	48600
T9576	T	60960
T9581	T	30900
T9582	T	47280
T9583	T	61080
T9584	T	34020
T9585	T	49260
T9586	T	63180
G1	G	32400
G2	G	32400
G3	G	50400
G4	G	50400
G5	G	25200
G6	G	25200
G7	G	36000
G8	G	28800
G9	G	43200
G10	G	36000
G11	G	54000
G12	G	43200
G13	G	61200
G14	G	54000
G15	G	64800
G16	G	61200
G17	G	68400
G18	G	64500
G19	G	28800
G20	G	28080
G21	G	68880
G22	G	68400
G23	G	46800
G24	G	42120
G25	G	68100
G26	G	33480
G27	G	35100
G28	G	35520
G29	G	57600
G30	G	71760
G31	G	39600
G32	G	46800
G33	G	34800
G34	G	24900
G35	G	54600
G36	G	30480
G37	G	57900
G38	G	31020
G39	G	68640
G40	G	63720
G41	G	33300
G42	G	33840
G43	G	50700
G44	G	58500
G45	G	55500
G46	G	28980
G47	G	30600
G48	G	30600
G49	G	48600
G50	G	48060
G51	G	24720
G52	G	49800
G53	G	56940
G54	G	33480
G55	G	29400
G56	G	28380
G57	G	26100
G58	G	23820
G59	G	49200
G60	G	52680
G61	G	25560
G62	G	52560
G63	G	26580
G64	G	54600
G65	G	37980
G66	G	36000
G67	G	43980
G68	G	36660
G69	G	47220
G70	G	46200
G71	G	26760
G72	G	25200
G73	G	35820
G74	G	31320
G75	G	48600
G76	G	56820
G77	G	32400
G78	G	49920
G79	G	36000
G80	G	29100
G81	G	32400
G82	G	31020
G83	G	32100
G84	G	27480
G85	G	28800
G86	G	28800
G87	G	50400
G88	G	48600
G89	G	24780
G90	G	54120
G91	G	31200
G92	G	30780
G93	G	28560
G94	G	27540
G95/G98	G	35820
G96/G97	G	32100
G99	G	51000
G100	G	40200
G101	G	23760
G102	G	23160
G103	G	24240
G104	G	23880
G105	G	26400
G106	G	25920
G107	G	29100
G108	G	26520
G109	G	29700
G110	G	24840
G111	G	30900
G112	G	29100
G113	G	31800
G114	G	29700
G115	G	33600
G116	G	34440
G117	G	33900
G118	G	35520
G119	G	36300
G120	G	28260
G121	G	37200
G122	G	38460
G123	G	39900
G124	G	39480
G125	G	40200
G126	G	39900
G127	G	41400
G128	G	40500
G129	G	43800
G130	G	40500
G131	G	44400
G132	G	44220
G133	G	46200
G134	G	46800
G135	G	47100
G136	G	47760
G137	G	48900
G138	G	48540
G139	G	49500
G140	G	48840
G141	G	51000
G142	G	51000
G143	G	28200
G144	G	52920
G145	G	52500
G146	G	53400
G147	G	57000
G148	G	55440
G149	G	59100
G150	G	57900
G151	G	60300
G152	G	58680
G153	G	62160
G154	G	61980
G155	G	56700
G156	G	62280
G157	G	63360
G158	G	63240
G159	G	63960
G160	G	63960
G161	G	54900
G162	G	36240
G163	G	38700
G164	G	36840
G165	G	30600
G166	G	53280
G167	G	45900
G168	G	30780
G169	G	60000
G170	G	57120
G171	G	38820
G172	G	32280
G173	G	49620
G174	G	57840
G176	G	25680
G177	G	27000
G178	G	24900
G179	G	34500
G180	G	30600
G181	G	38400
G182	G	29700
G183	G	42480
G184	G	33960
G185	G	44700
G186	G	37200
G187	G	45600
G188	G	41280
G189	G	48000
G190	G	43500
G191	G	51600
G192	G	46500
G193	G	52800
G194	G	52380
G195	G	58200
G196	G	57420
G197	G	60600
G198	G	61560
G199	G	62460
G201	G	65100
G202	G	26760
G203	G	66900
G204	G	26160
G205	G	64500
G206	G	69600
G207	G	70200
G208	G	26100
G209	G	24900
G210	G	28380
G211	G	34260
G212	G	31320
G213	G	38520
G214	G	54300
G215	G	53160
G216	G	59820
G217	G	48600
G218	G	29460
G219	G	28800
G220	G	47220
G221/G224	G	25200
G222/G223	G	25500
G225/G228	G	50220
G226/G227	G	51600
G229/G232	G	32820
G230/G231	G	31920
G233/G236	G	58920
G234/G235	G	59520
G237	G	52200
G238	G	34620
G239	G	61200
G240	G	38820
G241/G244	G	27540
G242/G243	G	26280
G245/G248	G	48060
G246/G247	G	24000
G253/G256	G	51960
G254/G255	G	23400
G257/G260	G	54900
G258/G259	G	25860
G261	G	25680
G262	G	25380
G263	G	31500
G264	G	49080
G265	G	27900
G266	G	29400
G267	G	63060
G268	G	40800
G269	G	69300
G270	G	52380
G271	G	67200
G272	G	59880
G275/G278	G	22620
G276/G277	G	23880
G279	G	27300
G280	G	27780
G281/G284	G	23100
G282/G283	G	50520
G285	G	29220
G286	G	26220
G287/G290	G	34320
G288/G289	G	28800
G291/G294	G	31620
G292/G293	G	39480
G297/G300	G	24600
G298/G299	G	65340
G301	G	37800
G302	G	25260
G303	G	45000
G304	G	44100
G305	G	39480
G306	G	35280
G307	G	34680
G308	G	38520
G309	G	29880
G310	G	29100
G311/G314	G	33660
G312/G313	G	43500
G315/G318	G	26520
G316/G317	G	24420
G319	G	30000
G320	G	53580
G322	G	24960
G323	G	36600
G324	G	31920
G325	G	43500
G329	G	37920
G330	G	35100
G331	G	66600
G333	G	71700
G334	G	25980
G336	G	27900
G337	G	75600
G338	G	29100
G341	G	73200
G345	G	24900
G349	G	54780
G350	G	25200
G351	G	55800
G352	G	28800
G355	G	31200
G356	G	39240
G359/G362	G	31740
G360/G361	G	30960
G363	G	28440
G366	G	52200
G367/G370	G	27180
G368/G369	G	69480
G373	G	28320
G374	G	61380
G377/G380	G	36360
G378/G379	G	56400
G381	G	28500
G382	G	58140
G383	G	27300
G384	G	57720
G385/G388	G	61620
G386/G387	G	30300
G389/G392	G	54180
G390/G391	G	30000
G393	G	39000
G394	G	39900
G395	G	32700
G396	G	58020
G397	G	49800
G398	G	25260
G399	G	55200
G400	G	31320
G401	G	42180
G402	G	39600
G403	G	28800
G404	G	28800
G405	G	36300
G406	G	39480
G411	G	40800
G412	G	44880
G417	G	40440
G418	G	55980
G421	G	32700
G422	G	30300
G423	G	28380
G424	G	32700
G425	G	28200
G426	G	56640
G427	G	23220
G428	G	51960
G429	G	38700
G430	G	35340
G431	G	25560
G432	G	54180
G435	G	48540
G436	G	25080
G451/G454	G	67140
G452/G453	G	23700
G455/G458	G	47700
G456/G457	G	21900
G459/G462	G	33000
G460/G461	G	44520
G469	G	30000
G470	G	53520
G471	G	25440
G472	G	24180
G473	G	41700
G474	G	51480
G475	G	56100
G476	G	31320
G478	G	43500
G481	G	26700
G482	G	54000
G483/G486	G	41400
G484/G485	G	25380
G487	G	39120
G488	G	38940
G491	G	45180
G492	G	53100
G495/G498	G	25980
G496/G497	G	44100
G502	G	27360
G503	G	52860
G505	G	56400
G506	G	54300
G507	G	24120
G508	G	25800
G509	G	68400
G510	G	29400
G511	G	34020
G512	G	33660
G516	G	48600
G517	G	43080
G518	G	45900
G519	G	50700
G520	G	25200
G521	G	55380
G524	G	55200
G525	G	62040
G527	G	65640
G528	G	64740
G530	G	35400
G531	G	33240
G532	G	35100
G533	G	46920
G534	G	25800
G535	G	25500
G536	G	38580
G537	G	52380
G538	G	65220
G539	G	24840
G540	G	46740
G541	G	30300
G542	G	31500
G544	G	50160
G545	G	50640
G546	G	51180
G547	G	60240
G548	G	58980
G551	G	28800
G552	G	34320
G553	G	55260
G554	G	48480
G555	G	46560
G556	G	29880
G561	G	60780
G562	G	31980
G563	G	62340
G564	G	31980
G565	G	66480
G567	G	69360
G571	G	33720
G572	G	35580
G573	G	58680
G574	G	30420
G575/G578	G	53460
G576/G577	G	30240
G579	G	34020
G580	G	57180
G581/G584	G	33720
G582/G583	G	56280
G585	G	58980
G586	G	38520
G587	G	53280
G588	G	30600
G589/G592	G	44040
G590/G591	G	22440
G593/G596	G	51600
G594/G595	G	29760
G597/G600	G	54000
G598/G599	G	27960
G601	G	26460
G602	G	24480
G603	G	36600
G604	G	25200
G605	G	37680
G606	G	28920
G607	G	40440
G609	G	41580
G610	G	39600
G611	G	44340
G612	G	42000
G613	G	51000
G614	G	48720
G615	G	54180
G616	G	41340
G618	G	53880
G619	G	64920
G620	G	55440
G621	G	65220
G622	G	60600
G623	G	67260
G624	G	65220
G625	G	72300
G626	G	67800
G627	G	29100
G628	G	51900
G629	G	69780
G630	G	30240
G631	G	28800
G632	G	47580
G633	G	34140
G634	G	59400
G635	G	50580
G636	G	30300
G637	G	27480
G638	G	65640
G639/G642	G	31680
G640/G641	G	29700
G645	G	31620
G646	G	49200
G649	G	32880
G650	G	58080
G651	G	25080
G652	G	28320
G653	G	27780
G655	G	34980
G656	G	36120
G658	G	45840
G659	G	42780
G660	G	40380
G661	G	49800
G663	G	56700
G664	G	52680
G665	G	57600
G666	G	57720
G667	G	40740
G668	G	63300
G670	G	64740
G671	G	28140
G672	G	28800
G673	G	52080
G674	G	57600
G675/G678	G	48900
G676/G677	G	30600
G681/G684	G	25800
G682/G683	G	61080
G685/G688	G	63480
G686/G687	G	47820
G691/G694	G	59820
G692/G693	G	35280
G695/G698	G	38760
G696/G697	G	33780
G701	G	20940
G702	G	22560
G703	G	24300
G704	G	26340
G705	G	26880
G706	G	28440
G707	G	28920
G708	G	32640
G709	G	33360
G710	G	38100
G711	G	34680
G712	G	43200
G713	G	40020
G714	G	32160
G716	G	54960
G717	G	44520
G718	G	40200
G719	G	45720
G720	G	52140
G722	G	59220
G723	G	51180
G724	G	56520
G725	G	56100
G727	G	59640
G728	G	66720
G729	G	64320
G730	G	64140
G731	G	68580
G752	G	37080
G753	G	56760
G754	G	41520
G755	G	62160
G763	G	33660
G764	G	48540
G765	G	56820
G766	G	26640
G767	G	60180
G768	G	36120
G769	G	63900
G770	G	44520
G771	G	24600
G772	G	51600
G781/G784	G	52260
G782/G783	G	31680
G785/G788	G	33120
G786/G787	G	54300
G801/G804	G	33300
G802	G	27540
G805	G	48600
G806	G	49140
G807	G	72000
G808	G	66060
G817/G820	G	34500
G818/G819	G	34500
G821/G824	G	39780
G822/G823	G	35700
G825/G828	G	45240
G826/G827	G	46140
G831/G834	G	28980
G832/G833	G	25440
G835/G838	G	44940
G836/G837	G	41160
G839/G842	G	48000
G840/G841	G	46800
G843/G846	G	37920
G844/G845	G	44580
G847/G850	G	28380
G851/G854	G	38940
G852/G853	G	44100
G855/G858	G	55080
G856/G857	G	33420
G859/G862	G	37680
G860/G861	G	41400
G863/G866	G	26340
G864/G865	G	32700
G867/G870	G	25380
G868/G869	G	33660
G1001	G	26700
G1002	G	25200
G1003	G	28500
G1004	G	30720
G1005	G	29520
G1006	G	34200
G1007	G	34200
G1008	G	37560
G1009	G	34860
G1010	G	41100
G1012	G	47400
G1013	G	43620
G1014	G	55260
G1015	G	49200
G1017	G	52740
G1019	G	56700
G1020	G	59100
G1021	G	61080
G1031/G1034	G	31020
G1032/G1033	G	45540
G1035/G1038	G	27180
G1036/G1037	G	54600
G1102	G	24780
G1103	G	24780
G1105	G	27420
G1108	G	33360
G1109	G	32700
G1110	G	37860
G1112	G	38640
G1113	G	26520
G1114	G	40320
G1117	G	42300
G1122	G	46500
G1123	G	50340
G1125	G	53820
G1127	G	55740
G1128	G	54780
G1129	G	57000
G1130	G	55560
G1133	G	64680
G1134	G	62400
G1135	G	65280
G1136	G	63600
G1138	G	63000
G1140	G	67380
G1143	G	33360
G1145/G1148	G	35100
G1146/G1147	G	54060
G1151/G1154	G	61800
G1152/G1153	G	41760
G1155/G1158	G	29880
G1156/G1157	G	51480
G1161	G	42600
G1162	G	60420
G1165/G1168	G	33360
G1201/G1204	G	34740
G1205/G1208	G	22200
G1206/G1207	G	29160
G1211/G1214	G	37200
G1212/G1213	G	32820
G1215/G1218	G	33120
G1216/G1217	G	27000
G1221/G1224	G	27240
G1222/G1223	G	28740
G1225/G1228	G	24840
G1226/G1227	G	29040
G1229/G1232	G	27240
G1230/G1231	G	40260
G1233/G1236	G	38160
G1234/G1235	G	38220
G1237/G1240	G	31860
G1238/G1239	G	34200
G1241/G1244	G	27720
G1242/G1243	G	56400
G1245/G1248	G	29520
G1246/G1247	G	34680
G1251/G1254	G	31980
G1252/G1253	G	40200
G1255/G1258	G	32880
G1256/G1257	G	42780
G1261/G1264	G	29460
G1262/G1263	G	33900
G1265/G1268	G	21720
G1266/G1267	G	37740
G1271/G1274	G	26460
G1272/G1273	G	25920
G1275/G1278	G	28500
G1281/G1284	G	25200
G1282/G1283	G	26340
G1285/G1288	G	53160
G1286/G1287	G	25740
G1289/G1292	G	32340
G1290/G1291	G	26460
G1293/G1296	G	37020
G1294/G1295	G	40680
G1297/G1300	G	48000
G1298/G1299	G	25800
G1301	G	37440
G1304	G	48240
G1305	G	55500
G1306	G	56280
G1311/G1314	G	28200
G1312/G1313	G	27480
G1322	G	32820
G1328	G	42840
G1329	G	49200
G1331	G	54420
G1332	G	24720
G1333/G1336	G	41940
G1334/G1335	G	31680
G1337/G1340	G	30300
G1338/G1339	G	41700
G1341	G	27120
G1342	G	25860
G1344	G	27000
G1346	G	28800
G1347	G	35460
G1348	G	32400
G1349	G	38880
G1350	G	34020
G1352	G	37800
G1353	G	48300
G1355	G	49620
G1356	G	48900
G1357	G	54060
G1359	G	56220
G1361	G	59880
G1362	G	48300
G1363	G	61740
G1364	G	60000
G1365	G	63480
G1369	G	45600
G1370	G	33420
G1371	G	26520
G1372	G	29640
G1373	G	32100
G1374	G	36480
G1375	G	40500
G1376	G	38220
G1377	G	27540
G1378	G	27360
G1379	G	27480
G1380	G	26640
G1382	G	26520
G1383	G	24300
G1384	G	29700
G1387	G	44400
G1388	G	57180
G1389	G	47400
G1390	G	49260
G1391	G	42180
G1392	G	32880
G1393	G	63900
G1394	G	64020
G1395	G	66480
G1397	G	30480
G1398	G	35400
G1401	G	26400
G1402	G	46800
G1403	G	28380
G1404	G	57360
G1405	G	39660
G1406	G	65160
G1407	G	61080
G1408	G	22980
G1415/G1418	G	56220
G1416/G1417	G	25200
G1421	G	24120
G1422	G	39600
G1431/G1434	G	35400
G1432/G1433	G	59160
G1451	G	45000
G1452	G	29520
G1457/G1460	G	25080
G1458	G	63840
G1461	G	57540
G1462	G	45180
G1479	G	54900
G1480	G	42600
G1481	G	41520
G1482	G	31200
G1483	G	54900
G1484	G	28680
G1492	G	28860
G1493	G	46800
G1495	G	50280
G1496	G	32640
G1501	G	36180
G1502	G	33300
G1503	G	30660
G1504	G	36600
G1506	G	39780
G1509	G	25200
G1510	G	50220
G1511	G	30300
G1514	G	57600
G1521	G	28860
G1524	G	51780
G1525	G	31260
G1526	G	56400
G1532	G	44940
G1533	G	32520
G1535	G	30600
G1536	G	39000
G1537	G	38280
G1538	G	31560
G1539	G	32700
G1540	G	37200
G1545	G	31380
G1546	G	27900
G1558/G1559	G	54960
G1560/G1561	G	25980
G1563	G	63360
G1564	G	24120
G1567	G	65700
G1568	G	23820
G1571	G	63660
G1572	G	26760
G1581/G1584	G	32040
G1582/G1583	G	56040
G1601	G	33900
G1602	G	32040
G1603	G	31200
G1604	G	39420
G1607/G1610	G	53700
G1608/G1609	G	29760
G1611	G	30000
G1612	G	53880
G1613/G1616	G	31260
G1614/G1615	G	50400
G1619	G	32880
G1620	G	51120
G1625/G1628	G	28680
G1626/G1627	G	58680
G1631	G	28440
G1632	G	28740
G1633	G	44700
G1634	G	32460
G1635	G	52500
G1636	G	45180
G1637	G	54780
G1638	G	46680
G1639	G	62520
G1640	G	64500
G1641	G	68100
G1642	G	53820
G1643/G1646	G	32820
G1644/G1645	G	58320
G1647/G1650	G	52020
G1648/G1649	G	28620
G1651	G	24900
G1652	G	32400
G1653	G	29700
G1654	G	47460
G1655	G	33780
G1656	G	51000
G1657	G	37140
G1658	G	58620
G1659	G	46620
G1660	G	61620
G1661/G1664	G	27000
G1662/G1663	G	43320
G1665	G	26400
G1666	G	50460
G1667	G	25020
G1668	G	56160
G1669	G	25080
G1670	G	53460
G1672	G	24900
G1673	G	42960
G1674	G	36660
G1675	G	47640
G1676	G	28200
G1677	G	59340
G1679	G	51540
G1680	G	26940
G1681/G1684	G	34620
G1682/G1683	G	31260
G1685/G1688	G	32940
G1686/G1687	G	34380
G1689	G	67260
G1690	G	27840
G1691/G1694	G	56760
G1692/G1693	G	29880
G1695/G1698	G	31260
G1696/G1697	G	40260
G1701/G1704	G	27720
G1702/G1703	G	37800
G1709	G	29100
G1711	G	57900
G1712	G	29700
G1713	G	34500
G1714	G	29580
G1715/G1718	G	28440
G1716/G1717	G	47100
G1719/G1722	G	28800
G1720/G1721	G	49860
G1723/G1726	G	58500
G1724/G1725	G	42360
G1727/G1730	G	35280
G1728/G1729	G	60660
G1731/G1734	G	27300
G1732/G1733	G	58500
G1735/G1738	G	30300
G1736/G1737	G	55740
G1741	G	23880
G1742	G	45600
G1743	G	56820
G1744	G	24480
G1745	G	69720
G1746	G	28500
G1747	G	56400
G1748	G	26520
G1751/G1754	G	29640
G1752/G1753	G	36780
G1755/G1758	G	27000
G1756/G1757	G	25620
G1759/G1762	G	25680
G1760/G1761	G	54720
G1763/G1766	G	26820
G1764/G1765	G	67260
G1767/G1770	G	37140
G1768/G1769	G	57480
G1771/G1774	G	48720
G1772/G1773	G	24420
G1775/G1778	G	26100
G1776/G1777	G	55020
G1802/G1803	G	22500
G1805/G1808	G	28380
G1806/G1807	G	33180
G1809/G1812	G	30060
G1810/G1811	G	45180
G1813/G1816	G	32700
G1814/G1815	G	51300
G1817/G1820	G	48300
G1818/G1819	G	52320
G1821/G1824	G	46200
G1822/G1823	G	56400
G1825/G1828	G	51300
G1826/G1827	G	66000
G1831	G	25260
G1832	G	36780
G1833	G	24180
G1834	G	46500
G1835/G1838	G	28620
G1836/G1837	G	28500
G1839/G1842	G	23340
G1840/G1841	G	31980
G1843/G1846	G	35880
G1844/G1845	G	27720
G1847/G1850	G	36600
G1848/G1849	G	30600
G1851/G1854	G	58200
G1852/G1853	G	30780
G1855/G1858	G	50580
G1856/G1857	G	46560
G1861/G1864	G	46200
G1862/G1863	G	26040
G1865/G1868	G	52140
G1866/G1867	G	23100
G1869/G1872	G	39360
G1870/G1871	G	49860
G1873/G1876	G	43140
G1874/G1875	G	25680
G1877/G1880	G	59160
G1878/G1879	G	24840
G1881/G1884	G	49200
G1882/G1883	G	26280
G1885/G1888	G	35700
G1886/G1887	G	29220
G1889/G1892	G	28740
G1890/G1891	G	60780
G1893/G1896	G	31200
G1894/G1895	G	30120
G1897/G1900	G	27000
G1898/G1899	G	57120
G1901/G1904	G	27000
G1902/G1903	G	29580
G1905/G1908	G	23400
G1906/G1907	G	55140
G1911/G1914	G	23160
G1915/G1918	G	33780
G1919/G1922	G	37380
G1920/G1921	G	33840
G1923/G1926	G	44640
G1924/G1925	G	42000
G1928/G1929	G	46500
G1932/G1933	G	49440
G1935/G1938	G	54780
G1936/G1937	G	58320
G1939/G1942	G	57000
G1940/G1941	G	61560
G1951/G1954	G	37380
G1952/G1953	G	26040
G1955/G1958	G	31740
G1956/G1957	G	43080
G1961/G1964	G	25860
G1962/G1963	G	50460
G1965/G1968	G	27480
G1966/G1967	G	55920
G1969/G1972	G	38280
G1970/G1971	G	22200
G1973/G1976	G	33120
G1974/G1975	G	26220
G1981/G1984	G	32940
G1982/G1983	G	29700
G1991/G1994	G	27900
G1992/G1993	G	43080
G2001	G	28320
G2002	G	29400
G2003	G	29700
G2004	G	73020
G2021	G	30720
G2022	G	52920
G2023	G	30420
G2024	G	56460
G2025	G	24600
G2026	G	58860
G2031	G	29940
G2032	G	55140
G2035/G2038	G	27000
G2036/G2037	G	50160
G2039/G2042	G	33780
G2040/G2041	G	47520
G2045/G2048	G	29640
G2046/G2047	G	25620
G2051/G2054	G	43260
G2052/G2053	G	30900
G2055/G2058	G	36840
G2056/G2057	G	29100
G2059	G	26400
G2060	G	52320
G2065/G2068	G	27660
G2066/G2067	G	27240
G2069/G2072	G	54000
G2070/G2071	G	29100
G2073/G2076	G	57960
G2074/G2075	G	27240
G2077/G2080	G	27780
G2078/G2079	G	40020
G2081/G2084	G	39000
G2082/G2083	G	31800
G2087/G2090	G	26700
G2088/G2089	G	35340
G2093/G2096	G	37320
G2094/G2095	G	38100
G2105	G	47820
G2108	G	63600
G2111	G	26940
G2115	G	30180
G2116	G	29460
G2117	G	30840
G2118	G	50700
G2122	G	50100
G2151/G2154	G	39000
G2152/G2153	G	62400
G2161/G2164	G	28620
G2162/G2163	G	57540
G2201	G	25800
G2203	G	30060
G2204	G	29280
G2205	G	31020
G2206	G	41880
G2207	G	28620
G2208	G	49200
G2210	G	55680
G2211	G	58560
G2212	G	61020
G2213	G	33960
G2214	G	57600
G2215	G	39060
G2216	G	40020
G2217	G	32880
G2218	G	58260
G2231	G	61560
G2232	G	25500
G2301/G2304	G	30600
G2302/G2303	G	37200
G2305/G2308	G	33420
G2306/G2307	G	29100
G2311/G2314	G	48600
G2312/G2313	G	26340
G2315/G2318	G	31920
G2316/G2317	G	52200
G2321/G2324	G	35700
G2322/G2323	G	51300
G2331/G2334	G	32100
G2332/G2333	G	25680
G2335	G	43560
G2336	G	38220
G2337/G2340	G	21960
G2338/G2339	G	43320
G2341/G2344	G	31200
G2342/G2343	G	26880
G2345/G2348	G	34920
G2346/G2347	G	61740
G2355/G2358	G	33780
G2356/G2357	G	57360
G2361/G2364	G	27420
G2362/G2363	G	33660
G2365	G	25920
G2366	G	55380
G2369/G2372	G	24240
G2370/G2371	G	25380
G2379	G	45300
G2380	G	21960
G2381	G	60420
G2382	G	38220
G2385	G	28800
G2386	G	55920
G2387/G2390	G	26160
G2391/G2394	G	56040
G2392/G2393	G	26400
G2395/G2398	G	30240
G2396/G2397	G	45540
G2601/G2604	G	56040
G2602/G2603	G	27840
G2605/G2608	G	50520
G2606/G2607	G	29700
G2609	G	38460
G2610	G	52980
G2621/G2624	G	38220
G2622/G2623	G	40200
G2625/G2628	G	29580
G2626/G2627	G	27180
G2629/G2632	G	32400
G2630/G2631	G	36780
G2633	G	46800
G2634	G	62940
G2635	G	36900
G2636	G	48360
G2651/G2654	G	38460
G2652/G2653	G	26400
G2811/G2814	G	31080
G2812/G2813	G	59160
G2851/G2854	G	40980
G2852/G2853	G	35100
G2855	G	29220
G2856	G	31500
G2867	G	54420
G2868	G	35880
G2869	G	27780
G2870	G	53520
G2871	G	28800
G2872	G	30900
G2873	G	32700
G2874	G	34920
G2875	G	37260
G2876	G	37800
G2877	G	50520
G2878	G	52020
G2879	G	55500
G2880	G	56760
G2881	G	57180
G2882	G	59580
G2883	G	31800
G2884	G	44160
G2885	G	35340
G2886	G	29280
G2887	G	54480
G2888	G	32340
G2889	G	57840
G2890	G	48120
G2891	G	50640
G2892	G	25920
G2901	G	39060
G2902	G	26460
G2903	G	55500
G2904	G	42300
G2905	G	64200
G2906	G	51840
G2907/G2910	G	28800
G2908/G2909	G	47100
G2911	G	30780
G2912	G	25500
G2913	G	42720
G2914	G	44520
G2915	G	62580
G2916	G	58380
G2921/G2924	G	28380
G2922/G2923	G	55560
G2925/G2928	G	55380
G2926/G2927	G	28680
G2929	G	31440
G2930	G	53340
G2931/G2934	G	53100
G2932/G2933	G	28200
G2935/G2938	G	27000
G2936/G2937	G	53400
G2958/G2959	G	50580
G2967	G	26940
G2969	G	27960
G2978	G	54780
G2981	G	25920
G2982	G	74160
G2984	G	70800
G2989	G	32700
G2990	G	64800
G2991	G	48180
G2992	G	40020
G2993	G	62700
G2994	G	55500
G2995	G	65400
G2996	G	57900
G2997	G	73200
G3001	G	30300
G3002	G	52380
G3003	G	36900
G3004	G	55500
G3005	G	61740
G3006	G	31500
G3007	G	53580
G3008	G	71340
G3701	G	35280
G3702	G	22740
G3703	G	64140
G3704	G	52740
G3721/G3724	G	32400
G3722/G3723	G	49980
G3725/G3728	G	22620
G3726/G3727	G	43140
G3801	G	41340
G3802	G	23220
G4325	G	52500
G4326	G	26340
G4369	G	66960
G4370	G	51360
G4566	G	57000
G5003	G	31200
G5004	G	69720
G5005	G	64080
G5006	G	36000
G5105	G	26580
G5106	G	71280
G5251	G	42000
G5254	G	61740
G5255	G	22980
G5256	G	72000
G5257	G	23520
G5258	G	74400
G5261/G5264	G	62400
G5262/G5263	G	31620
G5265/G5268	G	26220
G5266/G5267	G	39600
G5302	G	25140
G5303	G	68100
G5305/G5308	G	28320
G5306/G5307	G	50520
G5311/G5314	G	29580
G5312/G5313	G	66600
G5387	G	26400
G5388	G	79500
G5393	G	33300
G5394	G	39480
G5395	G	78300
G5396	G	74400
G5397	G	30300
G5398	G	26100
G5399	G	31560
G5400	G	25740
G5601	G	67500
G5602	G	64500
G5603	G	72180
G5604	G	69900
G5605	G	58860
G5606	G	56340
G5607	G	70500
G5608	G	68040
G5609	G	28800
G5610	G	26400
G5611	G	24300
G5612	G	79320
G5613	G	30540
G5614	G	77520
G5620	G	49020
G5621	G	51240
G5622	G	54240
G5623	G	56700
G5624	G	25380
G5625	G	27540
G5626	G	30000
G5627	G	32340
G5628	G	34980
G5629	G	37380
G5630	G	39720
G5631	G	42000
G5632	G	44100
G5633	G	46260
G5634	G	57480
G5635	G	60180
G5636	G	27420
G5637	G	30240
G5638	G	32460
G5639	G	34740
G5640	G	36900
G5641	G	39300
G5642	G	41400
G5643	G	43500
G5644	G	45660
G5645	G	48000
G5646	G	50340
G5647	G	52500
G5648	G	59340
G5649	G	61560
G5650	G	64020
G5651	G	66360
G5652	G	69000
G5653	G	71520
G5654	G	73980
G5655	G	76200
G5801	G	48540
G5802	G	46560
G5803	G	52440
G5804	G	50640
G5805	G	57240
G5806	G	55140
G5807	G	50700
G5808	G	48600
G5809	G	54540
G5810	G	52740
G5813	G	64560
G5814	G	62760
G5815	G	39000
G5816	G	37200
G5817	G	42540
G5818	G	40800
G5819	G	27660
G5820	G	25800
G5821	G	31560
G5822	G	29700
G5823	G	74160
G5824	G	72420
G5825	G	78540
G5826	G	76800
G5827	G	62160
G5828	G	60420
G5829	G	66540
G5830	G	64800
G5831	G	70380
G5832	G	68700
G6001	G	53580
G6002	G	53880
G6011	G	25200
G6012	G	26100
G6013	G	26880
G6014	G	63780
G6015	G	28500
G6016	G	39780
G6017	G	36480
G6018	G	43500
G6019	G	39300
G6020	G	50640
G6021	G	38340
G6022	G	51240
G6024	G	62700
G6025	G	66480
G6026	G	66000
G6027	G	67800
G6029	G	29280
G6030	G	33900
G6031	G	57300
G6032	G	32520
G6033	G	60420
G6034	G	42900
G6035	G	24900
G6036	G	74460
G6037/G6040	G	48600
G6038/G6039	G	65820
G6071/G6074	G	47820
G6072/G6073	G	28320
G6075/G6078	G	38880
G6076/G6077	G	55860
G6101	G	26160
G6103	G	27180
G6105	G	25800
G6107	G	30120
G6108	G	75300
G6110	G	55200
G6111	G	49320
G6112	G	63300
G6113	G	27480
G6114	G	62220
G6116	G	71340
G6117	G	64020
G6118	G	72000
G6119	G	67440
G6120	G	74460
G6122	G	75600
G6123	G	30960
G6124	G	72240
G6125	G	72660
G6126	G	30180
G6129	G	75480
G6130	G	64200
G6131	G	40080
G6132	G	25080
G6134	G	72660
G6141	G	66300
G6142	G	30060
G6145/G6148	G	31920
G6146/G6147	G	50940
G6151	G	40680
G6152	G	58680
G6153	G	33600
G6154	G	49620
G6155/G6158	G	27600
G6156/G6157	G	49200
G6159/G6162	G	37080
G6160/G6161	G	58800
G6163/G6166	G	48240
G6164/G6165	G	25440
G6169	G	45180
G6170	G	26220
G6171	G	25200
G6172	G	42420
G6173	G	60480
G6174	G	32280
G6175	G	52200
G6181/G6184	G	53700
G6182/G6183	G	31620
G6185/G6188	G	26400
G6186/G6187	G	43800
G6201	G	71640
G6202	G	31020
G6203	G	25860
G6204	G	40080
G6205	G	26880
G6206	G	43200
G6207	G	27300
G6208	G	33540
G6209	G	28800
G6210	G	81480
G6211	G	29580
G6212	G	45180
G6213	G	39720
G6214	G	37860
G6215	G	40740
G6216	G	76500
G6217	G	51840
G6219	G	45120
G6222	G	52140
G6223	G	38760
G6224	G	38580
G6225	G	42000
G6229	G	42600
G6230	G	52740
G6231	G	33300
G6232	G	79920
G6234	G	39180
G6236	G	66240
G6237	G	65580
G6238	G	82200
G6241	G	56760
G6242	G	68100
G6243	G	71340
G6244	G	65100
G6246	G	72600
G6248	G	60660
G6250	G	74760
G6251	G	56460
G6253	G	26580
G6258	G	68400
G6260	G	80700
G6262	G	76020
G6263	G	79740
G6264	G	72840
G6265	G	68700
G6266	G	69540
G6270	G	72300
G6271	G	24000
G6272/G6273	G	35700
G6274/G6275	G	54180
G6276	G	73500
G6284/G6285	G	29640
G6286/G6287	G	49920
G6288	G	66480
G6289	G	22200
G6290/G6291	G	28440
G6292	G	46020
G6293	G	58680
G6301/G6304	G	27900
G6302/G6303	G	39900
G6305/G6308	G	32700
G6306/G6307	G	44400
G6309/G6312	G	57060
G6310/G6311	G	69180
G6313/G6316	G	52800
G6314/G6315	G	65280
G6317/G6320	G	25440
G6318/G6319	G	37320
G6321/G6324	G	50040
G6322/G6323	G	61200
G6325/G6328	G	36660
G6326/G6327	G	49260
G6329/G6332	G	61500
G6330/G6331	G	74820
G6337/G6340	G	42000
G6338/G6339	G	58560
G6341/G6344	G	76800
G6342/G6343	G	22080
G6345/G6348	G	74280
G6346/G6347	G	24900
G6381	G	38520
G6382	G	26760
G6383	G	31620
G6384	G	42480
G6385	G	45780
G6386	G	33720
G6387	G	71460
G6388	G	60000
G6389	G	31140
G6390	G	42840
G6391	G	64740
G6392	G	51240
G6401	G	26280
G6402	G	33900
G6403	G	40500
G6404	G	49380
G6405	G	56220
G6406	G	63720
G6407	G	70140
G6408	G	77100
G6410	G	73500
G6411	G	27660
G6412	G	65280
G6414	G	62520
G6415	G	69000
G6416	G	75300
G6417	G	72780
G6419	G	25920
G6420	G	32400
G6451/G6454	G	46800
G6452/G6453	G	35580
G6455/G6458	G	68220
G6456/G6457	G	57420
G6459/G6462	G	37920
G6460/G6461	G	26280
G6463/G6466	G	61320
G6464/G6465	G	49920
G6467/G6470	G	44460
G6468/G6469	G	33600
G6471	G	25560
G6472	G	40740
G6473	G	75900
G6474	G	51180
G6475	G	32820
G6476	G	78300
G6477	G	26640
G6478	G	72600
G6479	G	58440
G6480	G	74880
G6481	G	29400
G6482	G	71400
G6483/G6486	G	25020
G6484/G6485	G	73080
G6487/G6490	G	29100
G6488/G6489	G	77100
G6491/G6494	G	66420
G6492/G6493	G	55320
G6501	G	24480
G6502	G	70200
G6503	G	36000
G6504	G	82200
G6505	G	30660
G6506	G	80400
G6507	G	47640
G6508	G	58680
G6509	G	26580
G6510	G	33000
G6511	G	38460
G6512	G	42780
G6513	G	63720
G6514	G	68400
G6515	G	37620
G6516	G	44760
G6517	G	49740
G6518	G	54540
G6519	G	59580
G6520	G	75240
G6521	G	29280
G6522	G	34680
G6523	G	40440
G6524	G	46260
G6525	G	51000
G6526	G	61740
G6527	G	30960
G6528	G	38160
G6529	G	42900
G6530	G	48300
G6531	G	54000
G6532	G	58380
G6533	G	63300
G6534	G	39120
G6535	G	44100
G6536	G	50040
G6537	G	55500
G6538	G	63300
G6539	G	29940
G6540	G	36300
G6541	G	41040
G6542	G	54840
G6543	G	60720
G6544	G	67140
G6579	G	29640
G6580	G	73260
G6581	G	35340
G6582	G	30300
G6583	G	44760
G6584	G	40500
G6585	G	66660
G6586	G	61020
G6587	G	77520
G6588	G	72120
G6602	G	27840
G6606	G	76260
G6607	G	25860
G6609	G	29220
G6611	G	50280
G6613	G	62640
G6619	G	27720
G6620	G	78180
G6681	G	28440
G6682	G	34440
G6683/G6686	G	58020
G6684/G6685	G	44280
G6687	G	69720
G6695	G	35160
G6696	G	41100
G6697	G	51960
G6698	G	60600
G6699	G	64740
G6700	G	68040
G6701	G	38280
G6702	G	22920
G6703	G	45840
G6704	G	22140
G6705	G	66780
G6706	G	27000
G6708	G	21780
G6709	G	79560
G6712	G	44640
G6713	G	78000
G6714	G	75900
G6715	G	76860
G6716	G	26400
G6717	G	75540
G6718	G	24780
G6719	G	37440
G6720/G6721	G	50100
G6722	G	68160
G6723	G	68760
G6724	G	61980
G6726	G	79140
G6731	G	23520
G6732	G	29340
G6733	G	51780
G6734	G	34140
G6735	G	74700
G6736	G	61380
G6737	G	20040
G6741	G	36900
G6742	G	48720
G6743	G	59700
G6744	G	69060
G6745	G	75840
G6746	G	28320
G6752	G	83520
G6753	G	20520
G6755	G	25380
G6902	G	24720
G6904	G	35580
G6906	G	47700
G6909	G	30900
G6910	G	52500
G6912	G	56880
G6913	G	40380
G6916	G	70020
G6917	G	56340
G6918	G	75600
G6919	G	60000
G6920	G	78840
G6922/G6923	G	32280
G6931	G	23700
G6933	G	27480
G6936	G	69300
G6939	G	64800
G6962	G	61860
G6963	G	67140
G6964	G	63600
G6965	G	33600
G6966	G	28800
G6967	G	47820
G6968	G	50700
G6980	G	23940
G7001	G	25200
G7002	G	24480
G7003	G	28800
G7004	G	28800
G7005	G	32400
G7006	G	32400
G7007	G	36000
G7008	G	36000
G7009	G	39600
G7010	G	39600
G7011	G	43200
G7012	G	43500
G7013	G	46800
G7014	G	46800
G7015	G	50400
G7016	G	50400
G7017	G	54000
G7018	G	54000
G7019	G	57600
G7020	G	57600
G7021	G	61200
G7022	G	61200
G7023	G	64800
G7024	G	64800
G7025	G	68400
G7026	G	68400
G7027	G	72000
G7028	G	72000
G7029	G	20160
G7030	G	75600
G7031	G	21240
G7032	G	21180
G7033	G	25200
G7034	G	25800
G7035	G	23400
G7036	G	29400
G7037	G	24000
G7038	G	32880
G7039	G	26100
G7040	G	35640
G7041	G	56820
G7042	G	36300
G7043	G	25920
G7044	G	38760
G7045	G	34080
G7046	G	44400
G7047	G	36600
G7048	G	44880
G7049	G	42060
G7050	G	52200
G7051	G	43680
G7052	G	56340
G7053	G	47280
G7054	G	58800
G7055	G	50040
G7056	G	62760
G7057	G	52020
G7058	G	65640
G7059	G	54300
G7060/G7061	G	38400
G7062	G	70140
G7063	G	58380
G7064	G	72480
G7065	G	65340
G7066	G	72900
G7067	G	70980
G7068	G	78600
G7069	G	74340
G7070	G	74400
G7071/G7074	G	30120
G7072/G7073	G	20880
G7075/G7078	G	32880
G7076/G7077	G	22800
G7079/G7082	G	39600
G7080/G7081	G	27840
G7083/G7086	G	55260
G7084/G7085	G	31020
G7087/G7090	G	61860
G7088/G7089	G	46440
G7091/G7094	G	67680
G7092/G7093	G	49260
G7099	G	68040
G7100	G	53100
G7101	G	22320
G7102	G	26700
G7103	G	26340
G7104	G	31680
G7105	G	31200
G7106	G	39900
G7107	G	33000
G7108	G	42000
G7109	G	35700
G7110	G	45960
G7111	G	37740
G7112	G	47580
G7113	G	39300
G7114	G	50820
G7115	G	48780
G7116	G	58440
G7117	G	52860
G7119	G	58680
G7120	G	65340
G7121	G	61500
G7122	G	68640
G7123	G	66780
G7124	G	70440
G7126	G	73800
G7127	G	48240
G7128	G	76200
G7130	G	63000
G7131/G7134	G	37800
G7132/G7133	G	34860
G7135/G7138	G	44580
G7136/G7137	G	37740
G7139/G7142	G	47280
G7140/G7141	G	54240
G7143/G7146	G	49920
G7144/G7145	G	61500
G7147/G7150	G	25380
G7148/G7149	G	48900
G7152/G7153	G	56880
G7155/G7158	G	58560
G7156/G7157	G	66360
G7159/G7162	G	32100
G7163/G7166	G	62040
G7164/G7165	G	47280
G7167/G7170	G	27300
G7168/G7169	G	56580
G7171/G7174	G	50460
G7180	G	36300
G7185/G7188	G	30960
G7186/G7187	G	54720
G7190	G	71400
G7191	G	36180
G7192	G	54240
G7193	G	42300
G7194	G	26640
G7195/G7198	G	47220
G7196/G7197	G	60240
G7199	G	53100
G7200	G	48900
G7201	G	37620
G7202	G	33420
G7203	G	24780
G7205	G	33840
G7206	G	30300
G7207	G	66360
G7208	G	62460
G7209	G	26760
G7210	G	79980
G7211	G	23700
G7212	G	80700
G7213	G	24000
G7214	G	76800
G7215	G	24600
G7217/G7220	G	69120
G7218/G7219	G	55740
G7221/G7224	G	29160
G7222/G7223	G	60720
G7225/G7228	G	26880
G7226/G7227	G	70620
G7229	G	46740
G7231/G7234	G	44940
G7232/G7233	G	29700
G7236/G7237	G	37680
G7239/G7242	G	55320
G7240/G7241	G	39240
G7243/G7246	G	55800
G7244/G7245	G	42780
G7247/G7250	G	60240
G7248/G7249	G	47640
G7251/G7254	G	67020
G7252/G7253	G	56640
G7255/G7258	G	27780
G7256/G7257	G	63180
G7259/G7262	G	28560
G7260/G7261	G	69120
G7263/G7266	G	52620
G7264/G7265	G	40800
G7267/G7270	G	55800
G7268/G7269	G	29100
G7271/G7274	G	24120
G7272/G7273	G	67320
G7275/G7278	G	66720
G7276/G7277	G	51480
G7281/G7284	G	55920
G7282/G7283	G	41580
G7285/G7288	G	60960
G7286/G7287	G	74100
G7289	G	26880
G7290	G	66660
G7291/G7294	G	25320
G7292/G7293	G	63780
G7295/G7298	G	57240
G7296/G7297	G	45600
G7299	G	32820
G7300	G	71460
G7301	G	48600
G7303	G	58920
G7304	G	33720
G7305	G	62820
G7306	G	34320
G7307	G	65220
G7308	G	46980
G7310	G	57540
G7311	G	39180
G7312	G	59100
G7313	G	24420
G7314	G	62880
G7315	G	46260
G7316	G	29820
G7317	G	29100
G7318	G	49680
G7319	G	34680
G7320	G	42120
G7321	G	58620
G7322	G	43680
G7323	G	47700
G7324	G	32100
G7325	G	30600
G7326	G	46980
G7328	G	25320
G7329	G	61200
G7330	G	23880
G7331	G	22500
G7332	G	28500
G7333	G	23280
G7334	G	41040
G7335	G	45000
G7336	G	50280
G7337	G	55920
G7338	G	62700
G7339	G	66900
G7340	G	66840
G7341	G	21600
G7342	G	74880
G7343	G	67680
G7344	G	23640
G7345	G	46800
G7346	G	31320
G7347	G	51900
G7348	G	40740
G7349	G	27000
G7350	G	63000
G7351/G7354	G	41640
G7352/G7353	G	51780
G7355	G	77400
G7356/G7357	G	25500
G7358	G	22200
G7359	G	64260
G7360	G	72000
G7361	G	21000
G7362	G	69780
G7364	G	27540
G7365	G	58020
G7366	G	67560
G7367/G7370	G	64380
G7368/G7369	G	28680
G7371/G7374	G	51000
G7372/G7373	G	23220
G7375/G7378	G	34020
G7376/G7377	G	51060
G7381	G	69060
G7382	G	26100
G7383	G	74700
G7385/G7388	G	51360
G7386/G7387	G	29460
G7389	G	27180
G7390	G	44160
G7391/G7394	G	65880
G7392/G7393	G	27180
G7395/G7398	G	26820
G7396/G7397	G	65820
G7402	G	25800
G7403	G	38460
G7409/G7412	G	24840
G7410/G7411	G	73800
G7413	G	27600
G7416	G	50100
G7417	G	47400
G7419	G	59400
G7427/G7430	G	61200
G7428/G7429	G	42720
G7431/G7434	G	24780
G7432/G7433	G	54120
G7451	G	59040
G7452	G	27180
G7453	G	43260
G7454	G	47340
G7455/G7458	G	30000
G7456/G7457	G	58320
G7461	G	39840
G7462	G	71340
G7463	G	64140
G7464	G	54240
G7465	G	61080
G7466	G	74280
G7467	G	35460
G7468	G	47580
G7472	G	30180
G7473/G7476	G	63360
G7474/G7475	G	31260
G7477/G7480	G	30660
G7478/G7479	G	47940
G7481/G7484	G	55260
G7482/G7483	G	23820
G7485/G7488	G	54840
G7486/G7487	G	32820
G7491/G7494	G	54600
G7492/G7493	G	24120
G7495/G7498	G	44340
G7496/G7497	G	65220
G7501	G	24600
G7502	G	25560
G7503	G	26040
G7504	G	23340
G7505	G	25980
G7506	G	27360
G7507	G	29760
G7508	G	33900
G7509	G	39480
G7510	G	41040
G7511	G	43680
G7512	G	44880
G7514	G	47640
G7515	G	50400
G7516	G	42360
G7517	G	53760
G7518	G	55680
G7520	G	58500
G7521	G	60180
G7522	G	63600
G7525	G	64680
G7527	G	73200
G7528	G	67080
G7529	G	74100
G7530	G	25020
G7532	G	27900
G7533	G	60780
G7534	G	24780
G7535	G	68460
G7536	G	69720
G7537	G	41340
G7538	G	60240
G7539	G	49980
G7540	G	30360
G7541	G	21600
G7542	G	42480
G7543	G	25620
G7545	G	56820
G7546	G	40800
G7549	G	29400
G7550	G	50700
G7551	G	70860
G7552	G	22260
G7553	G	76260
G7554	G	24180
G7555	G	75900
G7556	G	24480
G7557	G	70080
G7558	G	25140
G7559	G	48900
G7560	G	55740
G7561	G	69360
G7562	G	32100
G7563/G7566	G	49800
G7564/G7565	G	30840
G7567	G	48660
G7568	G	28800
G7569	G	70980
G7570	G	27000
G7571/G7574	G	43920
G7572/G7573	G	22920
G7575/G7578	G	38160
G7576/G7577	G	25560
G7581	G	31920
G7582	G	56640
G7583	G	48240
G7584	G	60780
G7585	G	57960
G7586	G	27720
G7589	G	24780
G7590	G	60120
G7591/G7594	G	27120
G7592/G7593	G	45780
G7595/G7598	G	37560
G7596/G7597	G	58380
G7599	G	27780
G7600	G	50520
G7603	G	67800
G7604	G	43620
G7605	G	29820
G7608	G	46680
G7609	G	49980
G7610	G	62700
G7611	G	25500
G7613	G	58740
G7615/G7618	G	56100
G7616/G7617	G	35880
G7619	G	31140
G7620	G	61740
G7621	G	49440
G7622	G	53640
G7625	G	24600
G7626	G	56700
G7627	G	26100
G7628	G	69900
G7629	G	66840
G7630	G	68880
G7631/G7634	G	45900
G7632/G7633	G	29280
G7635/G7638	G	27480
G7636/G7637	G	59580
G7641	G	25980
G7642	G	59100
G7643	G	25620
G7644	G	60780
G7645/G7648	G	28200
G7646/G7647	G	52380
G7649	G	64380
G7650	G	26160
G7652/G7653	G	67260
G7655/G7658	G	65160
G7656/G7657	G	56040
G7659	G	23580
G7660	G	47280
G7661/G7664	G	58920
G7662/G7663	G	36960
G7665	G	24180
G7666	G	60960
G7669	G	38100
G7670/G7671	G	27480
G7673/G7676	G	47820
G7674/G7675	G	26100
G7677/G7680	G	57300
G7678/G7679	G	43200
G7681/G7684	G	33000
G7682/G7683	G	55320
G7685/G7688	G	54000
G7686/G7687	G	24600
G7689	G	28800
G7690	G	46020
G7691/G7694	G	31260
G7692/G7693	G	47940
G7695/G7698	G	28920
G7696/G7697	G	56640
G8001	G	23040
G8002	G	21900
G8003	G	25200
G8004	G	22200
G8005	G	30960
G8006	G	26880
G8007	G	33420
G8008	G	31680
G8009	G	37440
G8010	G	38160
G8011	G	40260
G8012	G	43920
G8013	G	42480
G8014	G	45360
G8015	G	49080
G8016	G	50760
G8017	G	53040
G8018	G	53880
G8019	G	57900
G8020	G	56700
G8023	G	67440
G8024	G	61980
G8032	G	70860
G8033	G	21780
G8034	G	70860
G8035	G	25080
G8041	G	20280
G8042	G	26700
G8043	G	74100
G8044	G	69900
G8045	G	30780
G8046	G	30060
G8047	G	35340
G8048	G	33180
G8049	G	38400
G8050	G	40920
G8051	G	43320
G8052	G	45540
G8053	G	49980
G8054	G	47460
G8055	G	54840
G8056	G	52560
G8057	G	56700
G8058	G	59640
G8059	G	60420
G8060	G	63900
G8061	G	71760
G8062	G	65400
G8065	G	66600
G8067	G	65100
G8068	G	25320
G8069	G	69900
G8070	G	23700
G8071	G	24780
G8072	G	25260
G8075/G8078	G	29940
G8076/G8077	G	51660
G8081	G	64200
G8082	G	28140
G8085/G8088	G	40800
G8086/G8087	G	52980
G8092	G	23100
G8101/G8104	G	20880
G8102/G8103	G	24480
G8105/G8108	G	44040
G8106/G8107	G	59520
G8125	G	27180
G8126	G	56520
G8127	G	51360
G8128	G	23760
G8130	G	42720
G8131/G8134	G	32160
G8132/G8133	G	26040
G8146/G8147	G	63300
G8148	G	23040
G8151	G	26220
G8152	G	32400
G8153	G	44340
G8154	G	59520
G8155	G	69000
G8161	G	34440
G8162	G	24720
G8163	G	42360
G8164	G	30120
G8165	G	51300
G8166	G	36300
G8167	G	56160
G8168	G	42300
G8169	G	62940
G8170	G	48300
G8172	G	63660
G8181	G	37260
G8182	G	49800
G8183/G8186	G	40440
G8184/G8185	G	56340
G8187/G8190	G	68940
G8188/G8189	G	27420
G8191	G	55860
G8192	G	49740
G8193	G	67800
G8194	G	62580
G8195	G	25200
G8196	G	19620
G8501	G	36060
G8502	G	34140
G8504	G	35880
G8506	G	42360
G8507	G	44880
G8508	G	43980
G8509	G	40920
G8511	G	52320
G8513	G	58860
G8516	G	55200
G8518	G	48300
G8520	G	66180
G8527	G	69540
G8528	G	79140
G8529	G	43140
G8530	G	50820
G8541	G	27780
G8542	G	27480
G8543	G	26700
G8544	G	32040
G8545	G	37920
G8546	G	36360
G8548	G	33840
G8549	G	49860
G8550	G	45480
G8551	G	55200
G8553	G	59580
G8554	G	57600
G8555	G	55560
G8556	G	64560
G8557	G	64500
G8558	G	69300
G8559	G	76140
G8560	G	62760
G8561	G	77400
G8562	G	72900
G8564	G	26160
G8565	G	41820
G8566	G	49500
G8567	G	42780
G8568	G	51240
G8581	G	73020
G8583	G	66480
G8593	G	62100
G8594	G	24600
G8595	G	71400
G8596	G	45900
G8597	G	78000
G8599	G	80100
G8601	G	29580
G8613	G	32460
G8614	G	38820
G8615	G	36900
G8616	G	42120
G8622	G	23760
G8624	G	25080
G8631	G	27840
G8635	G	30540
G8636	G	27420
G8652	G	29700
G8653	G	28920
G8655	G	43920
G8656	G	30960
G8657	G	50340
G8658	G	45420
G8659	G	61800
G8660	G	50340
G8663	G	68100
G8664	G	69300
G8681/G8684	G	60060
G8682/G8683	G	24120
G8691	G	40260
G8692	G	27000
G8693	G	67320
G8694	G	53400
G8701/G8704	G	30900
G8702/G8703	G	24480
G8705/G8708	G	39180
G8706/G8707	G	47280
G8709/G8712	G	47220
G8710/G8711	G	56400
G8713/G8716	G	53460
G8714/G8715	G	63480
G8717/G8720	G	57120
G8718/G8719	G	68880
G8721/G8724	G	61440
G8751	G	32580
G8752	G	60600
G8901	G	79800
G8902	G	33600
G8905	G	23580
G8906	G	70800
G8907	G	79860
G8909	G	31260
G8910	G	75360
G8911	G	35400
G8912	G	26340
G8917	G	66000
G8918	G	28680
G8919	G	76800
G8920	G	32520
G8923	G	73860
G8924	G	27120
G8928	G	68880
G8935	G	78000
G8936	G	26100
G8953	G	76560
G8954	G	24360
G9001	G	74400
G9002	G	26520
G9003	G	77580
G9004	G	26520
G9164	G	36720
G9202	G	30360
G9882/G9883	G	25680
C1001	C	20280
C1002	C	21660
C1003	C	22860
C1004	C	26760
C1005	C	23400
C1006	C	35640
C1007	C	24540
C1008	C	35940
C1009	C	27000
C1010	C	45420
C1011	C	32400
C1012	C	41580
C1013	C	34200
C1014	C	49800
C1015	C	37200
C1016	C	55980
C1017	C	46080
C1018	C	60180
C1019	C	49140
C1020	C	70440
C1021	C	57420
C1022	C	63780
C1023	C	53880
C1024	C	66900
C1025	C	63060
C1026	C	66720
C1027	C	70200
C1028	C	73680
C1037	C	24180
C1041	C	64200
C1042	C	30960
C1043	C	43980
C1044	C	58440
C1045	C	34200
C1046	C	49380
C1047	C	60420
C1048	C	71220
C1101/C1104	C	27120
C1102/C1103	C	25500
C1105/C1108	C	33660
C1106/C1107	C	34260
C1109/C1112	C	42300
C1110/C1111	C	41220
C1114/C1115	C	51000
C1118/C1119	C	56940
C1121/C1124	C	65880
C1122/C1123	C	66900
C1137/C1140	C	77400
C1138/C1139	C	62640
C1201	C	24420
C1202	C	23160
C1203	C	24780
C1204	C	29100
C1205	C	27480
C1206	C	29880
C1207	C	33780
C1208	C	33180
C1209	C	35520
C1210	C	37980
C1211	C	39600
C1212	C	39600
C1213	C	42300
C1214	C	43260
C1215	C	45000
C1216	C	47940
C1217	C	47880
C1218	C	49500
C1219	C	51720
C1220	C	52020
C1221	C	53400
C1222	C	57780
C1223	C	56940
C1224	C	58560
C1226	C	61380
C1227	C	63540
C1229	C	65760
C1230	C	68340
C1232	C	70260
C1233	C	72480
C1239	C	24000
C1240	C	26700
C1241	C	33420
C1243	C	26520
C1244	C	74940
C1245	C	22500
C1246	C	80100
C1248	C	74580
C1249	C	33840
C1250	C	71520
C1279	C	21780
C1280	C	77400
C1301	C	22800
C1302	C	27900
C1303	C	25560
C1305	C	42060
C1306	C	45360
C1308	C	59340
C1309	C	60900
C1310	C	66000
C1311	C	75480
C1312	C	26880
C1321	C	57960
C1322	C	64860
C1329	C	66660
C1330	C	73260
C1331/C1334	C	31200
C1332/C1333	C	46980
C1335/C1338	C	36480
C1336/C1337	C	53100
C1351	C	20520
C1352	C	26460
C2002	C	21900
C2003	C	24780
C2004	C	23880
C2005	C	25080
C2008	C	28080
C2009	C	26820
C2010	C	29100
C2013	C	30300
C2014	C	31620
C2015	C	31620
C2017	C	33780
C2018	C	33240
C2019	C	34080
C2020	C	34560
C2022	C	35160
C2023	C	36780
C2024	C	37800
C2025	C	37080
C2026	C	39000
C2027	C	40080
C2029	C	40860
C2030	C	40080
C2031	C	42300
C2032	C	43080
C2033	C	43320
C2034	C	43380
C2035	C	45600
C2036	C	43680
C2037	C	45900
C2038	C	45180
C2039	C	47820
C2040	C	49500
C2041	C	48120
C2042	C	50940
C2043	C	50520
C2044	C	51240
C2045	C	51420
C2046	C	53460
C2047	C	52920
C2048	C	54780
C2049	C	53760
C2050	C	56700
C2051	C	54180
C2052	C	58020
C2053	C	54480
C2054	C	58320
C2055	C	55500
C2056	C	58620
C2057	C	57600
C2058	C	58920
C2059	C	61800
C2060	C	59880
C2061	C	62400
C2062	C	66720
C2063	C	64800
C2064	C	68100
C2065	C	65820
C2066	C	68940
C2067	C	66120
C2068	C	69360
C2071	C	70620
C2073	C	71760
C2074	C	73080
C2075	C	72360
C2076	C	73980
C2077	C	75000
C2078	C	75600
C2080	C	75900
C2083	C	78240
C2085	C	78540
C2086	C	80940
C2087	C	78840
C2088	C	81240
C2089	C	80400
C2090	C	81540
C2091	C	80760
C2093	C	81060
C2201	C	22920
C2202	C	22560
C2203	C	27780
C2204	C	24180
C2205	C	31920
C2206	C	26400
C2207	C	35460
C2208	C	30180
C2209	C	39360
C2210	C	36720
C2211	C	43800
C2212	C	40380
C2213	C	54780
C2214	C	46140
C2215	C	56580
C2216	C	47220
C2217	C	63420
C2218	C	49860
C2220	C	55980
C2221	C	69720
C2222	C	61800
C2223	C	72660
C2224	C	64740
C2226	C	65400
C2228	C	74580
C2230	C	77760
C2301	C	46800
C2302	C	42000
C2305	C	58200
C2306	C	55260
C2307	C	66480
C2308	C	62880
C2551	C	21720
C2552	C	23880
C2553	C	22020
C2554	C	26400
C2555	C	24480
C2556	C	29340
C2557	C	25800
C2558	C	30240
C2559	C	29400
C2560	C	33720
C2561	C	31320
C2562	C	36120
C2563	C	32640
C2564	C	37380
C2565	C	34560
C2566	C	40080
C2567	C	35160
C2568	C	43920
C2569	C	37740
C2570	C	45360
C2571	C	38340
C2572	C	46380
C2573	C	42000
C2574	C	49560
C2576	C	50280
C2577	C	46200
C2578	C	53700
C2579	C	49620
C2581	C	53460
C2582	C	61320
C2583	C	58620
C2584	C	65400
C2585	C	59520
C2586	C	66420
C2587	C	62100
C2588	C	68820
C2589	C	65100
C2590	C	70140
C2591	C	68820
C2592	C	72720
C2593	C	71460
C2594	C	74220
C2595	C	77220
C2596	C	77100
C2597	C	77940
C2605	C	27420
C2608	C	21000
C2610	C	22140
C2613	C	37380
C2614	C	23460
C2615	C	39060
C2616	C	24720
C2617	C	41160
C2619	C	44760
C2621	C	47400
C2622	C	28680
C2623	C	49260
C2624	C	30840
C2625	C	50820
C2626	C	33540
C2627	C	51720
C2628	C	34020
C2629	C	56100
C2630	C	36300
C2631	C	55800
C2632	C	41700
C2633	C	57900
C2634	C	42660
C2635	C	58200
C2637	C	60540
C2638	C	44340
C2639	C	63060
C2640	C	49080
C2641	C	64140
C2642	C	50520
C2643	C	66420
C2644	C	52500
C2646	C	53940
C2647	C	67740
C2648	C	55140
C2649	C	68040
C2650	C	59160
C2651	C	73380
C2652	C	60360
C2653	C	73680
C2654	C	61380
C2655	C	73980
C2657	C	76200
C2660	C	63660
C2661	C	79440
C2664	C	69720
C2666	C	70320
C2668	C	72000
C2669	C	81960
C2671	C	76920
C2674	C	77100
C2678	C	77400
C2801	C	23160
C2802	C	25200
C2803	C	30600
C2804	C	36000
C2805	C	41400
C2806	C	46800
C2807	C	52200
C2808	C	57600
C2809	C	63000
C2810	C	68400
C2811	C	73800
C2812	C	78240
C2822	C	22320
C2823	C	25200
C2824	C	30600
C2825	C	36000
C2826	C	41400
C2827	C	46800
C2828	C	52200
C2829	C	57600
C2830	C	63600
C2831	C	68400
C2832	C	73800
C2833	C	78660
C2841	C	32700
C2848	C	37800
C2849	C	40200
C2850	C	43200
C2851	C	45600
C2852	C	48600
C2853	C	51000
C2854	C	54000
C2855	C	56400
C2856	C	59400
C2857	C	61800
C2858	C	64800
C2859	C	67200
C2860	C	70200
C2861	C	78000
C2862	C	81000
C2873	C	22920
C2874	C	28800
C2875	C	31200
C2876	C	33600
C2877	C	30720
C2878	C	39600
C2879	C	42000
C2880	C	45000
C2881	C	47400
C2882	C	50400
C2883	C	52800
C2884	C	55740
C2885	C	55860
C2886	C	61800
C2887	C	64200
C2888	C	66600
C2889	C	74400
C2890	C	77400
C2891	C	79800
C2892	C	82200
C2899	C	41100
C2900	C	43560
C2901	C	32880
C2902	C	22920
C2903	C	40320
C2904	C	37200
C2905	C	46620
C2906	C	43260
C2907	C	52800
C2908	C	49860
C2909	C	60540
C2910	C	56460
C2911	C	70080
C2912	C	64800
C2913	C	79740
C2914	C	74100
C2921	C	40800
C2922	C	25560
C2923	C	48180
C2924	C	44100
C2925	C	62280
C2926	C	52320
C2951	C	38040
C2952	C	34560
C2953	C	45000
C2954	C	41820
C2961	C	36180
C2962	C	33000
C2963	C	44220
C2964	C	38880
C2965	C	50280
C2966	C	47280
C2967	C	58560
C2968	C	53280
C2969	C	71940
C2970	C	62280
C2971	C	81000
C2972	C	75600
C2991/C2994	C	73440
C2992/C2993	C	34620
C5001	C	25740
C5002	C	32460
C5003	C	36660
C5004	C	41220
C5005	C	45420
C5006	C	51960
C5007	C	57000
C5009	C	65700
C5010	C	70500
C5020	C	24420
C5021	C	29220
C5022	C	34980
C5023	C	41400
C5024	C	48300
C5025	C	55080
C5028	C	68520
C5301	C	22440
C5302	C	25020
C5303	C	27900
C5304	C	30480
C5305	C	33480
C5306	C	36480
C5307	C	39900
C5308	C	43260
C5309	C	46740
C5310	C	50340
C5311	C	54060
C5312	C	58800
C5313	C	62100
C5314	C	65880
C5315	C	68880
C5316	C	72000
C5317	C	75000
C5318	C	77640
C5341	C	52440
C5342	C	49140
C5521	C	23580
C5522	C	73020
C5601	C	23160
C5602	C	26280
C5603	C	29700
C5604	C	33360
C5605	C	48900
C5606	C	52500
C5607	C	55980
C5608	C	62580
C5609	C	65940
C5610	C	69300
C5611	C	27780
C5612	C	31800
C5613	C	35400
C5614	C	39780
C5615	C	45060
C5616	C	49740
C5617	C	54000
C5618	C	58380
C5619	C	62700
C5620	C	66060
C5631	C	24780
C5632	C	75000
C5633	C	25560
C5634	C	76620
C5635	C	30240
C6001	C	71040
C6002	C	29340
C6003	C	79020
C6004	C	40380
C6051	C	23880
C6052	C	24900
C6053	C	29040
C6054	C	27780
C6055	C	31980
C6056	C	32400
C6057	C	38100
C6058	C	34500
C6059	C	45060
C6060	C	41700
C6061	C	51660
C6062	C	47760
C6063	C	56820
C6064	C	53760
C6065	C	62880
C6066	C	59280
C6067	C	70020
C6068	C	66180
C6069	C	76680
C6070	C	72720
C6071	C	83520
C6081	C	22500
C6082	C	25740
C6083	C	30060
C6084	C	33060
C6085	C	36420
C6086	C	39540
C6087	C	43560
C6088	C	46080
C6089	C	49920
C6090	C	52800
C6091	C	55740
C6092	C	59040
C6093	C	62760
C6094	C	65340
C6095	C	69180
C6096	C	71580
C6101	C	21900
C6102	C	23400
C6103	C	21600
C6104	C	23940
C6105	C	26940
C6106	C	24840
C6107	C	27780
C6108	C	26160
C6109	C	28440
C6110	C	29820
C6111	C	33180
C6112	C	30240
C6113	C	33240
C6114	C	31740
C6115	C	34380
C6116	C	35460
C6117	C	35580
C6118	C	36540
C6119	C	39240
C6120	C	37320
C6121	C	39960
C6122	C	38040
C6123	C	40380
C6124	C	41700
C6125	C	42300
C6126	C	42660
C6127	C	44340
C6128	C	43620
C6129	C	45120
C6130	C	44700
C6131	C	46260
C6132	C	47040
C6133	C	47700
C6134	C	48420
C6135	C	48540
C6136	C	49020
C6137	C	51000
C6138	C	50460
C6139	C	52260
C6140	C	51240
C6141	C	52320
C6142	C	53460
C6143	C	54000
C6144	C	55020
C6145	C	55140
C6146	C	55680
C6147	C	57540
C6148	C	56700
C6149	C	58740
C6150	C	57900
C6151	C	59520
C6152	C	60300
C6153	C	60120
C6154	C	61500
C6155	C	61620
C6156	C	62220
C6157	C	64200
C6158	C	63480
C6159	C	65520
C6160	C	64320
C6161	C	66180
C6162	C	66960
C6163	C	67260
C6164	C	68280
C6165	C	67860
C6166	C	69000
C6167	C	70680
C6168	C	70080
C6169	C	72540
C6170	C	70620
C6171	C	74040
C6172	C	73440
C6173	C	74700
C6174	C	75300
C6175	C	77400
C6176	C	76860
C6177	C	81060
C6178	C	77640
C6179	C	81720
C6180	C	80160
C6202	C	21900
C6203	C	35340
C6204	C	28920
C6206	C	31080
C6208	C	39000
C6213	C	60180
C6214	C	63960
C6215	C	68280
C6217	C	70980
C6218	C	70680
C6219	C	75960
C6220	C	74400
C6221	C	78360
C6224	C	83220
C6225	C	25080
C6226	C	21600
C6228	C	72600
C6234	C	24000
C6240	C	24480
C6241	C	79320
C6253	C	22680
C6254	C	27240
C6255	C	23700
C6257	C	25620
C6258	C	32700
C6260	C	39840
C6263	C	31080
C6264	C	47160
C6267	C	41040
C6270	C	60720
C6271	C	53700
C6278	C	69600
C6281	C	68940
C6282	C	75240
C6291	C	50280
C6292	C	54600
C6293	C	65280
C6294	C	69960
C6297	C	65340
C6298	C	69420
C6301	C	28200
C6302	C	27900
C6303	C	29400
C6305	C	40020
C6306	C	41820
C6308	C	45360
C6309	C	57120
C6310	C	51120
C6313	C	53760
C6314	C	65040
C6325	C	44040
C6326	C	51600
C6351	C	28200
C6352	C	47880
C6353	C	56340
C6354	C	66060
C6355	C	62940
C6361	C	29100
C6362	C	35400
C6363	C	40500
C6364	C	45300
C6365	C	49320
C6366	C	53880
C6367	C	58860
C6368	C	63600
C6401	C	27000
C6402	C	25980
C6403	C	30600
C6404	C	28800
C6405	C	33000
C6406	C	32280
C6407	C	35820
C6408	C	34440
C6409	C	39780
C6410	C	38520
C6411	C	42180
C6412	C	40380
C6413	C	44760
C6414	C	42960
C6415	C	48240
C6416	C	47280
C6417	C	50460
C6418	C	49140
C6419	C	55200
C6420	C	52500
C6421	C	57300
C6422	C	55560
C6423	C	60300
C6424	C	57600
C6425	C	64020
C6426	C	61500
C6427	C	62760
C6428	C	65100
C6429	C	71820
C6430	C	71040
C6431	C	72660
C6502/C6503	C	28980
C6506/C6507	C	47160
C6556	C	31200
C6559	C	27300
C6560	C	39120
C6561	C	32400
C6562	C	46200
C6567	C	42300
C6572	C	64320
C6575	C	55320
C6601	C	26100
C6602	C	25080
C6603	C	28140
C6604	C	29580
C6605	C	29040
C6606	C	33660
C6607	C	31080
C6608	C	34440
C6609	C	32880
C6610	C	34920
C6611	C	37080
C6612	C	40080
C6613	C	38400
C6614	C	40020
C6615	C	40080
C6616	C	42540
C6617	C	43800
C6618	C	45780
C6619	C	45180
C6620	C	48960
C6621	C	47640
C6622	C	48900
C6623	C	50400
C6624	C	52620
C6625	C	52560
C6626	C	55020
C6627	C	53820
C6628	C	57840
C6629	C	56580
C6630	C	58200
C6631	C	59700
C6632	C	61560
C6633	C	60840
C6634	C	64200
C6635	C	63660
C6636	C	64380
C6637	C	66300
C6638	C	68160
C6639	C	67560
C6640	C	70740
C6641	C	69420
C6642	C	71820
C6643	C	73860
C6644	C	72420
C6645	C	76860
C6646	C	77580
C6661	C	24000
C6662	C	24120
C6663	C	27720
C6664	C	27600
C6665	C	31200
C6666	C	30960
C6667	C	33840
C6668	C	33900
C6669	C	38280
C6670	C	39060
C6671	C	40560
C6672	C	40440
C6673	C	46500
C6674	C	42540
C6675	C	47760
C6676	C	45420
C6677	C	52740
C6678	C	54240
C6679	C	63300
C6680	C	57120
C6681	C	72960
C6682	C	59460
C6683	C	77280
C6684	C	70380
C6686	C	75060
C6801	C	25560
C6802	C	22980
C6803	C	35100
C6804	C	33000
C6805	C	40020
C6806	C	38040
C6807	C	46680
C6808	C	43980
C6809	C	51180
C6810	C	49020
C6811	C	56700
C6812	C	54180
C6813	C	62700
C6814	C	58980
C6815	C	69420
C6816	C	65520
C6817	C	76320
C6818	C	74160
C6820	C	25500
C6821	C	31500
C6822	C	35700
C6823	C	40800
C6824	C	45600
C6825	C	50400
C6826	C	55500
C6827	C	60000
C6828	C	64800
C6829	C	68700
C6830	C	71700
C6831	C	27600
C6834	C	43800
C6835	C	48000
C6836	C	52500
C6837	C	57600
C6838	C	28320
C6839	C	30420
C6840	C	74400
C6871	C	28260
C6872	C	34500
C6873	C	40200
C6874	C	46500
C6875	C	52920
C6876	C	59100
C6877	C	65760
C6878	C	73080
C6879	C	78480
C6880	C	27000
C6881	C	32760
C6882	C	40200
C6883	C	47820
C6884	C	54780
C6885	C	60900
C6886	C	66900
C6887	C	73200
C6889	C	38100
C6890	C	31740
C6891	C	69180
C6892	C	62700
C6901	C	24300
C6902	C	25200
C6903	C	27600
C6904	C	27000
C6905	C	29340
C6906	C	28320
C6907	C	30840
C6908	C	31560
C6909	C	32400
C6910	C	33120
C6911	C	35340
C6912	C	34980
C6913	C	36960
C6914	C	36180
C6915	C	40200
C6916	C	40320
C6917	C	43980
C6918	C	44100
C6919	C	45600
C6920	C	47700
C6921	C	47100
C6922	C	49500
C6923	C	51660
C6924	C	51300
C6925	C	55140
C6926	C	55500
C6927	C	59100
C6928	C	58860
C6929	C	60600
C6930	C	63120
C6931	C	63060
C6932	C	65160
C6933	C	66420
C6934	C	66600
C6935	C	68880
C6936	C	70680
C6937	C	70380
C6938	C	72600
C6939	C	72000
C6940	C	74160
C6941	C	74580
C6942	C	77100
C6944	C	78780
C6946	C	75600
C6951/C6954	C	24000
C6952/C6953	C	23700
C6955/C6958	C	31200
C6956/C6957	C	30060
C6959/C6962	C	36000
C6960/C6961	C	37800
C6963/C6966	C	39000
C6964/C6965	C	39360
C6967/C6970	C	46080
C6968/C6969	C	42060
C6971/C6974	C	47700
C6972/C6973	C	45180
C6975/C6978	C	49800
C6976/C6977	C	52500
C6979/C6982	C	51300
C6980/C6981	C	54000
C6983/C6986	C	54900
C6984/C6985	C	56460
C6987/C6990	C	62700
C6988/C6989	C	57300
C6991/C6994	C	70800
C6992/C6993	C	61080
C6995/C6998	C	74700
C6996/C6997	C	68700
C7003	C	32760
C7004	C	38340
C7005	C	44700
C7006	C	50100
C7007	C	56160
C7008	C	62220
C7009	C	68400
C7010	C	73920
C7011	C	80520
C7012	C	22320
C7013	C	28080
C7014	C	33840
C7015	C	39720
C7016	C	45420
C7017	C	52200
C7018	C	58800
C7019	C	65400
C7020	C	71880
C7021	C	22080
C7022	C	27720
C7023	C	34560
C7024	C	39960
C7025	C	46200
C7026	C	51480
C7027	C	57840
C7028	C	63600
C7029	C	69660
C7030	C	76560
C7031	C	22860
C7032	C	29340
C7033	C	35520
C7034	C	41100
C7035	C	47880
C7036	C	53220
C7037	C	58740
C7038	C	64920
C7039	C	70860
C7043	C	24480
C7044	C	30060
C7045	C	36540
C7046	C	42120
C7047	C	48840
C7048	C	54420
C7049	C	60900
C7050	C	66420
C7051	C	72360
C7052	C	78120
C7063	C	25500
C7064	C	31200
C7065	C	37920
C7066	C	44280
C7067	C	51000
C7068	C	56400
C7069	C	63240
C7070	C	69900
C7071	C	77160
C7073	C	26340
C7074	C	32580
C7075	C	38460
C7076	C	43860
C7077	C	49980
C7078	C	55380
C7079	C	62100
C7080	C	67560
C7081	C	74760
C7082	C	81420
C7092	C	24420
C7093	C	30120
C7094	C	35700
C7095	C	41820
C7096	C	47280
C7097	C	54240
C7098	C	59880
C7099	C	65940
C7100	C	71400
C7101	C	40800
C7102	C	46500
C7103	C	53760
C7104	C	59160
C7105	C	65400
C7106	C	70800
C7107	C	77400
C7108	C	26400
C7109	C	31980
C7110	C	37380
C7111	C	43740
C7112	C	49260
C7113	C	55200
C7114	C	60960
C7115	C	67980
C7116	C	73380
C7117	C	27720
C7118	C	33300
C7119	C	39300
C7120	C	44940
C7121	C	51480
C7122	C	57120
C7123	C	63300
C7124	C	68760
C7125	C	76560
C7126	C	25320
C7127	C	30780
C7128	C	36420
C7129	C	42300
C7130	C	47760
C7131	C	54780
C7132	C	60240
C7133	C	67020
C7134	C	72600
C7135	C	80100
C7136	C	24000
C7137	C	30360
C7138	C	36840
C7139	C	43260
C7140	C	48780
C7141	C	55080
C7142	C	61440
C7143	C	68100
C7144	C	74460
C7146	C	25800
C7147	C	32400
C7148	C	39480
C7149	C	45120
C7150	C	50880
C7151	C	56760
C7152	C	62760
C7153	C	69420
C7154	C	75240
C7155	C	23220
C7156	C	52200
C7157	C	58320
C7158	C	64140
C7159	C	69900
C7160	C	75780
C7161	C	81840
C7173	C	26100
C7174	C	32040
C7175	C	37980
C7176	C	43320
C7177	C	49620
C7178	C	55860
C7179	C	62580
C7180	C	68280
C7181	C	73800
C7182	C	79380
C7188	C	23280
C7189	C	28800
C7190	C	34380
C7191	C	40200
C7192	C	45900
C7193	C	52140
C7194	C	57720
C7195	C	63780
C7196	C	69480
C7197	C	75000
C7198	C	80820
C7220	C	23820
C7221	C	22500
C7222	C	28500
C7223	C	33000
C7224	C	37620
C7225	C	41940
C7226	C	45900
C7227	C	49980
C7228	C	54780
C7229	C	59400
C7230	C	64020
C7231	C	68100
C7232	C	72720
C7233	C	76980
C7234	C	81180
C7235	C	24420
C7236	C	30300
C7237	C	35400
C7238	C	39600
C7239	C	43800
C7240	C	49080
C7241	C	53220
C7242	C	57300
C7243	C	61800
C7244	C	65700
C7245	C	69780
C7246	C	74940
C7259	C	78900
C7260	C	82440
C7281	C	30360
C7282	C	25200
C7283	C	42780
C7284	C	36540
C7285	C	54060
C7286	C	48420
C7287	C	64440
C7288	C	59640
C7289	C	78120
C7290	C	70560
C7291	C	28800
C7292	C	26700
C7501	C	25200
C7502	C	25200
C7503	C	27000
C7504	C	27000
C7505	C	28800
C7506	C	28800
C7507	C	30900
C7508	C	30600
C7509	C	33000
C7510	C	32100
C7511	C	34800
C7512	C	33900
C7513	C	36600
C7514	C	35700
C7515	C	38400
C7516	C	37800
C7517	C	39900
C7518	C	39900
C7519	C	41700
C7520	C	41700
C7521	C	43500
C7522	C	43500
C7523	C	45600
C7524	C	45300
C7525	C	47700
C7526	C	46800
C7527	C	49500
C7528	C	48600
C7529	C	51300
C7530	C	50400
C7531	C	53100
C7532	C	52500
C7533	C	54600
C7534	C	54600
C7535	C	56400
C7536	C	56400
C7537	C	58200
C7538	C	58200
C7539	C	60300
C7540	C	60000
C7541	C	62400
C7542	C	61500
C7543	C	64200
C7544	C	63300
C7545	C	66000
C7546	C	65100
C7547	C	67800
C7548	C	67200
C7549	C	69300
C7550	C	69300
C7551	C	71100
C7552	C	71100
C7553	C	72900
C7554	C	72900
C7555	C	75000
C7556	C	74700
C7557	C	77400
C7559	C	79200
C7601	C	21600
C7602	C	26700
C7603	C	33900
C7604	C	38700
C7605	C	45000
C7606	C	49800
C7607	C	54900
C7608	C	59640
C7609	C	64440
C7610	C	70200
C7611	C	75960
C7612	C	81000
C7613	C	21900
C7614	C	28380
C7615	C	34800
C7616	C	40200
C7617	C	45960
C7618	C	51060
C7619	C	56100
C7620	C	60960
C7621	C	66000
C7622	C	71400
C7623	C	77280
C7624	C	82500
C7625	C	26700
C7626	C	31980
C7627	C	37800
C7628	C	43680
C7629	C	48900
C7630	C	53700
C7631	C	58740
C7632	C	63540
C7633	C	68520
C7634	C	73920
C7635	C	79200
C7636	C	23400
C7637	C	28860
C7638	C	34560
C7639	C	40020
C7640	C	45720
C7641	C	51300
C7642	C	56400
C7643	C	61200
C7644	C	66900
C7645	C	72300
C7646	C	77400
C7647	C	24120
C7648	C	30000
C7649	C	36000
C7650	C	41100
C7651	C	47160
C7652	C	51900
C7653	C	57120
C7654	C	62340
C7655	C	66900
C7656	C	72900
C7659	C	26400
C7660	C	30900
C7661	C	37200
C7662	C	42720
C7663	C	47940
C7664	C	52800
C7665	C	57660
C7666	C	62640
C7667	C	67500
C7668	C	73200
C7669	C	78600
C7670	C	24300
C7671	C	29760
C7672	C	35460
C7673	C	40740
C7674	C	47400
C7675	C	52500
C7676	C	57600
C7677	C	62400
C7678	C	67800
C7679	C	72780
C7680	C	77880
C7681	C	27000
C7682	C	33300
C7683	C	38400
C7684	C	44520
C7685	C	49260
C7686	C	54900
C7687	C	59700
C7688	C	64740
C7689	C	70500
C7690	C	75900
C7691	C	81240
C7692	C	25200
C7693	C	31440
C7694	C	37800
C7695	C	42780
C7696	C	48000
C7697	C	52860
C7698	C	58140
C7699	C	63000
C7700	C	68580
C7701	C	74340
C7702	C	79260
C7703	C	28200
C7704	C	33960
C7705	C	39720
C7706	C	45300
C7707	C	50760
C7708	C	55800
C7709	C	60600
C7710	C	66300
C7711	C	71340
C7712	C	76500
C7801	C	24900
C7802	C	25800
C7803	C	26280
C7804	C	29220
C7805	C	30000
C7806	C	30900
C7807	C	32940
C7808	C	33900
C7809	C	34800
C7810	C	36900
C7811	C	37800
C7812	C	38520
C7813	C	39300
C7814	C	41580
C7815	C	40800
C7816	C	43260
C7817	C	42600
C7818	C	45300
C7819	C	48000
C7820	C	46680
C7821	C	49500
C7822	C	51720
C7823	C	51000
C7824	C	53220
C7825	C	53040
C7826	C	54660
C7827	C	55680
C7828	C	56700
C7830	C	59400
C7831	C	58380
C7832	C	60600
C7833	C	62400
C7834	C	62100
C7835	C	64260
C7836	C	66660
C7837	C	67500
C7838	C	68100
C7839	C	71040
C7840	C	69000
C7841	C	72660
C7842	C	71400
C7843	C	75600
C7844	C	75000
C7845/C7848	C	62520
C7846/C7847	C	76320
C7850	C	78600
C7851/C7854	C	26100
C7852/C7853	C	24480
C7855/C7858	C	29100
C7856/C7857	C	27120
C7859/C7862	C	33720
C7860/C7861	C	32460
C7863/C7866	C	42000
C7864/C7865	C	35460
C7867/C7870	C	44100
C7868/C7869	C	40380
C7871/C7874	C	57300
C7872/C7873	C	48600
C7875/C7878	C	58800
C7876/C7877	C	50400
C7879/C7882	C	61320
C7880/C7881	C	64140
C7883/C7886	C	63480
C7884/C7885	C	65520
C7887/C7890	C	67320
C7888/C7889	C	70020
C7891/C7894	C	71880
C7892/C7893	C	73500
C7895/C7898	C	70260
C7896/C7897	C	77100
C8091	C	24960
C8301/C8304	C	32400
C8302/C8303	C	29580
C8306/C8307	C	44100
C8309/C8312	C	55500
C8313/C8316	C	27300
C8314/C8315	C	38100
C8317/C8320	C	50580
C8318/C8319	C	65700
C8501	C	19200
C8505	C	42180
C8506	C	47400
C8507	C	52380
C8508	C	57420
C8509	C	61560
C8510	C	67380
C8516	C	40440
C8521	C	69000
C8522	C	73320
C8523	C	76980
C8524	C	81300
C8525	C	25320
C8571	C	74280
C8572	C	28080
C8574	C	21660
C8576	C	38520
C8578	C	23820
C8661	C	66540
C8662	C	70260
S101	S	25200
S102	S	25620
S103	S	26280
S104	S	64680
S105	S	28080
S106	S	66540
S107	S	66420
S108	S	68100
Y501	Y	28260
S501	S	26460
Y502	Y	64200
S502	S	40140
Y503	Y	45120
S503	S	51240
Y504	Y	55320
S504	S	62340
Y509	Y	28200
Y510	Y	47700
Y511/Y514	Y	47580
Y512/Y513	Y	24900
Y531/Y534	Y	36960
Y532/Y533	Y	22560
Y535	Y	26040
Y536	Y	40920
Y667/Y670	Y	64800
Y668/Y669	Y	74700
S903	S	38520
S905	S	38580
S906	S	33240
S910	S	44580
S912	S	51780
S913	S	58080
S916	S	65400
S917	S	77520
S918	S	68880
Y951	Y	77160
Y952	Y	82800
Y953	Y	76320
Y954	Y	83160
Y955/Y958	Y	76560
Y956/Y957	Y	69240
1133	P	55800
1134	P	62700
1147/1150	P	58500
1148/1149	P	58080
1227/1230	P	60480
1228/1229	P	73320
1303	P	81120
1304	P	28200
1461	P	42900
1462	P	44280
1551/1554	P	69000
1552/1553	P	56760
1818/1819	P	67260
2051	P	44280
2065/2068	P	25320
2066/2067	P	29940
2083	P	30240
2095	P	70080
2096	P	68400
2149/2152	P	69180
2150/2151	P	77520
2209	P	52200
2255/2258	P	47040
2256/2257	P	42060
2461/2464	P	67200
2462/2463	P	60240
2549	P	81900
2550	P	82680
2589/2592	P	45780
2590/2591	P	21720
2601/2604	P	71160
2602/2603	P	62400
2621	P	35700
2624	P	78000
2635	P	58560
2636	P	38940
2673	P	25200
2674	P	53400
2701	P	73560
2702	P	24300
2727	P	35880
2728	P	58260
4043	P	49380
4082	P	19680
4086	P	53400
4095	P	25800
4185	P	36420
4191	P	45540
4192	P	35400
4215	P	27600
4216	P	75480
4247	P	62760
4249	P	56580
4305	P	24600
4309	P	86340
4310	P	44880
4322	P	21600
4601	P	60000
4602	P	21900
4606	P	45900
4607	P	31080
4608	P	50700
4611	P	25740
4612	P	55380
4615	P	63480
4616	P	30600
4621/4624	P	28500
4622/4623	P	59400
4627	P	34920
4628	P	38700
4629	P	24360
4630	P	64200
4635	P	28980
4636	P	60780
4641	P	61200
4643	P	62760
4644	P	25500
4705/4708	P	39720
4706/4707	P	35160
4731/4734	P	26340
4732/4733	P	40620
4741	P	24420
5002/5003	P	51900
5005	P	27720
5006	P	36600
5007	P	45180
5008	P	60120
5017/5020	P	73380
5018/5019	P	30480
5035/5038	P	70200
5039/5042	P	70980
5040/5041	P	33480
5046/5047	P	63000
5511	P	55560
5512	P	36600
5517	P	28380
5518	P	50400
5533/5536	P	39600
5534/5535	P	23400
5537/5540	P	29100
5538/5539	P	47100
5801	P	81960
5802	P	83520
5809	P	58800
5810	P	39600
5813	P	36060
5814	P	45360
5831	P	33600
5832	P	38580
5833	P	49500
5834	P	54480
5835	P	59460
5836	P	64500
6025	P	30600
6032	P	52680
6034	P	23700
6045	P	32400
6061	P	22020
6062	P	26820
6063	P	27000
6064	P	24600
6066	P	58380
6067	P	47220
6068	P	22800
6072/6073	P	24600
6161	P	57600
6162	P	24840
6216	P	17280
6218	P	25200
6231	P	34200
6232	P	29820
6233	P	49860
6234	P	62520
6253	P	63840
6254/6255	P	22320
6259	P	17460
6260	P	27180
6261	P	30900
6262	P	36720
6263	P	59340
6264	P	63960
6265	P	70020
6266	P	77580
6277	P	54000
6278	P	35280
6279	P	69960
6335	P	23340
6336	P	65280
6337	P	64080
6338	P	16680
6419	P	29220
6420	P	38580
6433	P	26160
6434	P	63840
6437	P	63900
6438	P	20340
6967	P	50400
6968	P	37320
7005/7008	P	24420
7006/7007	P	28200
7053	P	24720
7054	P	47700
7265	P	30600
7266	P	25200
7267	P	61680
7269	P	26100
7270	P	47280
7273	P	26100
7274	P	34080
7275	P	26460
7501	P	54660
7502	P	35820
7503	P	50040
7504	P	23280
7505	P	62520
7506	P	40020
7507	P	37200
7508	P	40080
7509	P	54780
7510	P	26400
7512/7513	P	32520
7515	P	40200
7516	P	64800
7519	P	58680
7520	P	33780
7521	P	50220
7522	P	35700
7529	P	23100
7530	P	61200
7535	P	29700
7553	P	60660
7554	P	35040
8161	P	70560
8162	P	63780
8163	P	28620
8164	P	23400
8165	P	23400
8166	P	48600
8171	P	33900
8172	P	59880
8187	P	57000
8188	P	22800
8323	P	49080
8324	P	28800
8331	P	37200
8332	P	25500
8351	P	32160
8352	P	23400
8353	P	72000
8354	P	64200
8355/8358	P	43980
8356/8357	P	36360
8361	P	22800
8362	P	38820
8375	P	33480
8376	P	61200
8815	P	37920
8816	P	50400
8817	P	33000
8818	P	25680
8819	P	45480
8820	P	55020
8821	P	68520
8822	P	25500
8823	P	46920
8824	P	53160
8833	P	59880
8834	P	44280
8845	P	25680
8849	P	64200
8850	P	30600
K15	K	27600
K16	K	43500
K21	K	29880
K22	K	45840
K23	K	26820
K27	K	62820
K28	K	66660
K30/K31	K	54840
K32	K	47880
K33/K36	K	64920
K34/K35	K	44400
K39	K	82800
K40	K	63180
K41/K44	K	74700
K42/K43	K	27000
K48/K49	K	49020
K53	K	81180
K54	K	77100
K55/K58	K	42600
K56/K57	K	61200
K59/K62	K	60900
K60/K61	K	51360
K67/K70	K	21660
K68/K69	K	57000
K71/K74	K	52440
K72/K73	K	25020
K75/K78	K	61320
K76/K77	K	56580
K79	K	66360
K80	K	69000
K81/K84	K	36240
K82/K83	K	61680
K85/K88	K	66900
K86/K87	K	53940
K89	K	80220
K90	K	78120
K91/K94	K	47700
K92/K93	K	64980
K95	K	82980
K96	K	79500
K101	K	84000
K102	K	43200
K105	K	83760
K106	K	37800
K111	K	54300
K112	K	34320
K113	K	46800
K114	K	30300
K115	K	53940
K116	K	63240
K117	K	41760
K118	K	42840
K121/K124	K	41580
K122/K123	K	49200
K126/K127	K	80100
K131/K134	K	40560
K132/K133	K	47520
K141/K144	K	49860
K142/K143	K	65640
K146	K	61440
K147	K	34980
K148	K	75960
K149	K	30960
K150	K	81900
K151/K154	K	65580
K152/K153	K	59460
K155	K	58980
K156	K	69420
K157	K	65520
K158	K	66300
K169	K	83400
K170	K	66000
K171/K174	K	64200
K172/K173	K	48120
K175	K	62400
K176	K	81840
K177	K	55800
K178	K	40200
K179	K	80400
K180	K	79920
K183	K	47760
K184	K	70740
K188/K189	K	65340
K191/K194	K	33000
K192/K193	K	50820
K195/K198	K	79260
K196/K197	K	25200
K201/K204	K	38280
K202/K203	K	80100
K205/K208	K	59820
K206/K207	K	58800
K210/K211	K	74700
K213	K	52380
K214	K	41580
K215	K	47100
K216	K	40920
K217/K220	K	67320
K218/K219	K	31200
K225/K228	K	77760
K226/K227	K	73200
K229/K232	K	60720
K230/K231	K	62760
K233/K236	K	46800
K234/K235	K	40140
K237/K240	K	66300
K238/K239	K	55140
K241/K244	K	67620
K242/K243	K	78060
K245/K248	K	37800
K246/K247	K	76800
K251/K254	K	54000
K252/K253	K	56220
K255	K	66120
K256	K	59760
K257	K	58980
K258	K	49980
K261	K	62400
K262	K	46980
K263	K	33900
K266	K	46800
K267	K	48120
K268	K	32880
K269	K	25200
K270	K	69600
K271	K	61260
K272	K	65580
K274/K275	K	84300
K279	K	35520
K280	K	40800
K281/K284	K	66120
K282/K283	K	73680
K285	K	60300
K286	K	81180
K287	K	73440
K288	K	75720
K289/K292	K	77460
K290/K291	K	31860
K293/K296	K	60540
K294/K295	K	69600
K297/K300	K	73560
K298/K299	K	66600
K301/K304	K	40620
K302	K	75900
K305/K308	K	67800
K306/K307	K	74820
K315/K318	K	68820
K316/K317	K	40920
K321/K324	K	25200
K322/K323	K	38280
K325/K328	K	62100
K326/K327	K	36900
K329/K332	K	71520
K330/K331	K	61200
K339	K	39780
K340	K	37380
K341/K344	K	47340
K342/K343	K	51960
K345/K348	K	66000
K346/K347	K	70560
K349	K	50880
K350	K	35400
K351/K354	K	56580
K352/K353	K	85860
K355/K358	K	84180
K356/K357	K	33120
K359/K362	K	74040
K360/K361	K	33780
K363/K366	K	28200
K364/K365	K	35520
K367/K370	K	37620
K368/K369	K	31200
K371/K374	K	58380
K372/K373	K	57780
K375/K378	K	75600
K376/K377	K	32220
K385/K388	K	58680
K386/K387	K	46380
K389/K392	K	61380
K390/K391	K	34200
K395	K	39060
K396	K	61080
K401	K	67200
K402	K	72300
K403/K406	K	39360
K404/K405	K	67920
K411	K	85740
K412	K	74760
K417/K420	K	31500
K418/K419	K	58380
K421/K424	K	40020
K422/K423	K	27540
K425/K428	K	59820
K426/K427	K	64980
K429	K	41220
K430	K	62820
K435/K438	K	54720
K436/K437	K	71700
K441	K	54060
K442	K	63120
K445/K448	K	83880
K446/K447	K	27780
K451/K454	K	36000
K452/K453	K	57300
K457	K	39000
K458	K	50160
K461/K464	K	42480
K462/K463	K	61800
K465/K468	K	53160
K466/K467	K	48660
K469	K	53460
K470	K	62940
K473	K	58560
K474	K	70560
K475/K478	K	36900
K476/K477	K	54300
K485/K488	K	45420
K486/K487	K	39900
K489	K	73680
K490	K	68820
K491	K	39600
K492	K	44880
K495	K	68580
K496	K	38820
K498	K	43740
K501/K504	K	43260
K502/K503	K	61320
K507	K	25920
K508	K	53220
K511	K	69660
K512	K	70200
K515/K518	K	35160
K516/K517	K	33360
K519/K522	K	65580
K520/K521	K	66300
K525	K	47820
K526	K	43680
K527	K	52680
K528	K	27900
K529/K532	K	44820
K530/K531	K	81780
K535/K538	K	60720
K536/K537	K	50160
K543	K	61920
K544	K	51600
K545/K548	K	70620
K546/K547	K	27540
K549	K	61260
K550	K	56760
K552/K553	K	45960
K554	K	33660
K557/K560	K	53280
K558/K559	K	48300
K563/K566	K	57300
K564/K565	K	43380
K567/K570	K	30600
K568/K569	K	61740
K571	K	60780
K572	K	31860
K573	K	74100
K574	K	66960
K575	K	51480
K576	K	55920
K577/K580	K	50400
K578/K579	K	68400
K581/K584	K	29760
K582/K583	K	80760
K585/K588	K	64320
K586/K587	K	31500
K589	K	37800
K590	K	79200
K593/K596	K	41880
K594/K595	K	45780
K597/K600	K	54120
K598/K599	K	62100
K601	K	80460
K602	K	78900
K603	K	61920
K604	K	44400
K605/K608	K	48180
K606/K607	K	45300
K609	K	86100
K610	K	51600
K611/K614	K	63780
K612/K613	K	55560
K615	K	54000
K616	K	26160
K617	K	37440
K618	K	31080
K625/K628	K	70800
K626/K627	K	30780
K635/K638	K	31320
K636/K637	K	78000
K641/K644	K	58320
K642/K643	K	58320
K645/K648	K	38280
K646	K	65760
K651/K654	K	42000
K652/K653	K	25620
K655/K658	K	39600
K656/K657	K	78420
K675/K678	K	27840
K676/K677	K	66300
K679	K	73680
K680	K	82800
K682/K683	K	72120
K685/K688	K	28080
K686/K687	K	53400
K691	K	64920
K692	K	74940
K695	K	84720
K696	K	59400
K701/K704	K	47580
K702/K703	K	66600
K709/K712	K	77760
K710/K711	K	38880
K715/K718	K	48960
K716/K717	K	52860
K721/K724	K	68100
K722/K723	K	67200
K725/K728	K	80700
K726/K727	K	70980
K729/K732	K	53400
K730/K731	K	51600
K735/K738	K	50640
K736/K737	K	70440
K739	K	70560
K740	K	84900
K741/K744	K	70680
K742/K743	K	45900
K747	K	61800
K748	K	62280
K751/K754	K	27540
K752/K753	K	48600
K755/K758	K	54720
K756/K757	K	67500
K759	K	43260
K760	K	70260
K761/K764	K	82080
K762/K763	K	71940
K767/K770	K	36060
K768/K769	K	50040
K771	K	26640
K772	K	25200
K775/K778	K	27600
K776/K777	K	33780
K781/K784	K	61200
K782/K783	K	48480
K785/K788	K	54660
K786/K787	K	44220
K793/K796	K	59700
K794/K795	K	59400
K797/K800	K	61080
K798/K799	K	42720
K803/K806	K	29280
K804/K805	K	59880
K807/K810	K	59280
K808/K809	K	43200
K811/K814	K	53280
K812/K813	K	62280
K815	K	81600
K816	K	67500
K817	K	28860
K818	K	69000
K819	K	76980
K820	K	33240
K821/K824	K	60600
K822/K823	K	69960
K827/K830	K	51120
K828/K829	K	36600
K833	K	25620
K834	K	75000
K835/K838	K	73320
K836/K837	K	35400
K841/K844	K	47280
K842/K843	K	59160
K845/K848	K	40320
K846/K847	K	79200
K849/K852	K	52500
K850	K	44640
K853	K	32280
K854	K	36840
K855/K858	K	83280
K856/K857	K	43800
K865/K868	K	71100
K866/K867	K	48960
K871/K874	K	51720
K872/K873	K	53700
K875/K878	K	64980
K876/K877	K	25620
K881/K884	K	77880
K882/K883	K	69900
K885/K888	K	77880
K886/K887	K	30840
K889	K	36000
K891/K894	K	43200
K892/K893	K	74520
K895/K898	K	26400
K896/K897	K	54120
K901/K904	K	26520
K902/K903	K	40800
K911/K914	K	39660
K912/K913	K	43920
K915	K	74100
K916	K	81240
K925/K928	K	77640
K926/K927	K	55440
K930	K	36720
K931/K934	K	42900
K932	K	54480
K935	K	70200
K936	K	48480
K937/K940	K	37800
K938/K939	K	56880
K941/K944	K	27000
K942/K943	K	39180
K945/K948	K	39900
K946/K947	K	50820
K949/K952	K	60360
K950/K951	K	56880
K955/K958	K	47280
K956/K957	K	65220
K959/K962	K	45300
K960/K961	K	61080
K965/K968	K	48120
K966/K967	K	31020
K969/K972	K	55740
K970/K971	K	37140
K973/K976	K	52740
K974/K975	K	45900
K981/K984	K	39300
K982/K983	K	49500
K986/K987	K	67800
K995/K998	K	80160
K1001/K1004	K	76920
K1002/K1003	K	68100
K1005/K1008	K	51240
K1006/K1007	K	43920
K1010	K	53700
K1011/K1014	K	55800
K1012/K1013	K	54300
K1015	K	65880
K1016	K	65400
K1017	K	77100
K1018	K	62820
K1019	K	57000
K1020	K	69000
K1021	K	45720
K1022	K	60000
K1023	K	58980
K1024	K	75900
K1025/K1028	K	85500
K1026/K1027	K	38820
K1029	K	41100
K1030	K	54480
K1032/K1033	K	65520
K1039/K1042	K	79500
K1040/K1041	K	46320
K1046/K1047	K	52800
K1048	K	79440
K1049/K1052	K	39600
K1050/K1051	K	82800
K1053/K1056	K	23820
K1054/K1055	K	67260
K1057/K1060	K	79800
K1058/K1059	K	78420
K1062/K1063	K	54180
K1065/K1068	K	40800
K1066/K1067	K	34680
K1071	K	43800
K1072	K	64800
K1073	K	65880
K1074	K	54000
K1076/K1077	K	84000
K1079	K	60300
K1080	K	75180
K1082/K1083	K	83760
K1085/K1088	K	63480
K1086/K1087	K	64800
K1091/K1094	K	39720
K1092/K1093	K	62760
K1095/K1098	K	53760
K1096/K1097	K	31620
K1101/K1104	K	58440
K1102/K1103	K	49440
K1105/K1108	K	67200
K1106/K1107	K	51120
K1109	K	48900
K1110	K	61560
K1115/K1118	K	46320
K1116/K1117	K	69060
K1125/K1128	K	47700
K1126/K1127	K	63780
K1129/K1132	K	36300
K1130/K1131	K	55920
K1135/K1138	K	44760
K1141/K1144	K	52500
K1142/K1143	K	29580
K1147/K1150	K	36420
K1148/K1149	K	63000
K1153	K	43800
K1154	K	51240
K1155/K1158	K	30600
K1159/K1162	K	33780
K1160/K1161	K	29520
K1163/K1166	K	25560
K1164/K1165	K	63600
K1171/K1174	K	40320
K1172/K1173	K	28800
K1181/K1184	K	34200
K1182/K1183	K	59460
K1185/K1188	K	31860
K1186/K1187	K	63720
K1190	K	73500
K1191	K	70860
K1192	K	51960
K1195/K1198	K	40800
K1196/K1197	K	72600
K1206/K1207	K	31980
K1209	K	40380
K1210	K	44580
K1216	K	36720
K1217/K1220	K	50100
K1218/K1219	K	74880
K1228	K	66600
K1229	K	54300
K1230	K	45900
K1231/K1234	K	79500
K1232/K1233	K	72600
K1235	K	58980
K1236	K	45300
K1237/K1240	K	52200
K1238/K1239	K	54600
K1244	K	28800
K1255/K1258	K	35340
K1259	K	45600
K1263	K	52680
K1264	K	42180
K1267/K1270	K	64800
K1268/K1269	K	38220
K1271/K1274	K	42600
K1272/K1273	K	39000
K1275/K1278	K	29340
K1276/K1277	K	38700
K1281/K1284	K	37440
K1282/K1283	K	56400
K1285/K1288	K	66480
K1286/K1287	K	43080
K1291/K1294	K	63480
K1292/K1293	K	62700
K1296/K1297	K	65160
K1298	K	77280
K1303	K	79980
K1304	K	85560
K1305/K1308	K	66900
K1306/K1307	K	60960
K1315/K1318	K	70740
K1316/K1317	K	42420
K1325/K1328	K	61080
K1326/K1327	K	77940
K1331/K1334	K	44400
K1332/K1333	K	65820
K1335/K1338	K	40860
K1336/K1337	K	58200
K1347/K1350	K	52620
K1348/K1349	K	28980
K1351/K1354	K	57780
K1352/K1353	K	79560
K1363	K	79560
K1365/K1368	K	28080
K1366/K1367	K	35100
K1371	K	42540
K1372	K	71520
K1373/K1376	K	60540
K1374/K1375	K	54480
K1381/K1384	K	60000
K1382/K1383	K	46140
K1387	K	48060
K1388	K	38880
K1391/K1394	K	69900
K1392/K1393	K	59580
K1395/K1398	K	76440
K1396/K1397	K	53400
K1437	K	58800
K1438	K	71280
K1439	K	71280
K1440	K	54000
K1449/K1452	K	74100
K1450/K1451	K	45000
K1453	K	44460
K1455/K1458	K	68400
K1456/K1457	K	62340
K1473	K	34560
K1474	K	51600
K1485/K1488	K	82680
K1486/K1487	K	84600
K1501/K1504	K	84180
K1502/K1503	K	72420
K1505	K	33960
K1506/K1507	K	85260
K1509/K1512	K	39000
K1510/K1511	K	46680
K1517/K1520	K	45900
K1518/K1519	K	46200
K1523	K	49980
K1524	K	49680
K1525/K1528	K	34680
K1526/K1527	K	36720
K1531/K1534	K	71340
K1532/K1533	K	66900
K1555/K1558	K	78000
K1556/K1557	K	37260
K1561/K1564	K	77460
K1562/K1563	K	80040
K1565/K1568	K	75960
K1566/K1567	K	49200
K1571/K1574	K	53400
K1572/K1573	K	36180
K1583	K	31320
K1584	K	40860
K1585/K1588	K	57900
K1586/K1587	K	49620
K1595/K1598	K	49980
K1596/K1597	K	60960
K1609	K	76500
K1610	K	36000
K1611/K1614	K	64500
K1612/K1613	K	39660
K1615/K1618	K	43080
K1616/K1617	K	54180
K1619/K1622	K	80400
K1620/K1621	K	30720
K1623/K1626	K	59760
K1624/K1625	K	67440
K1627	K	60360
K1628	K	54480
K1633/K1636	K	75300
K1634/K1635	K	61620
K1655/K1658	K	26160
K1656/K1657	K	51480
K1665	K	33900
K1666	K	83520
K1669/K1672	K	68160
K1670/K1671	K	64200
K1673	K	78300
K1674	K	65100
K1685/K1688	K	44160
K1686/K1687	K	61560
K1785	K	51900
K1786	K	28980
K1803	K	34800
K1804	K	32880
K1805/K1808	K	63240
K1806/K1807	K	41640
K1901/K1904	K	84360
K1902/K1903	K	29700
K1983/K1986	K	49200
K1984/K1985	K	39900
K2036/K2037	K	75060
K2038	K	68700
K2045/K2048	K	28800
K2046/K2047	K	57960
K2057/K2060	K	80880
K2058/K2059	K	72720
K2121	K	22140
K2185/K2188	K	31200
K2186/K2187	K	39780
K2275/K2278	K	68400
K2276/K2277	K	56640
K2285/K2288	K	68940
K2286/K2287	K	66480
K2385/K2388	K	42360
K2559	K	74400
K2560	K	73380
K2611	K	29820
K2612	K	79860
K2615/K2618	K	29340
K2616/K2617	K	73560
K2631/K2634	K	69300
K2632/K2633	K	67200
K2637	K	55800
K2638	K	56400
K2905/K2908	K	76860
K2906/K2907	K	25200
K5148	K	53520
K5181	K	25500
K5182	K	38340
K5203	K	25260
K5204	K	32940
K5205/K5208	K	37620
K5206/K5207	K	50880
K5217	K	78600
K5218	K	43200
K5221	K	24720
K5222	K	50880
K5223	K	35160
K5224	K	55920
K5237/K5240	K	81360
K5238/K5239	K	39300
K5275	K	29400
K5276	K	40500
K5277	K	51000
K5278	K	61920
K5281/K5282	K	27000
K5285/K5286	K	59100
K5287/K5288	K	65280
K6217	K	49380
K6218	K	27000
K7011	K	19680
K7012	K	51000
K7015	K	73260
K7016	K	20700
K7017	K	79080
K7018	K	79680
K7020	K	73320
K7026	K	73200
K7030	K	22200
K7032	K	65880
K7033	K	74100
K7034	K	72600
K7035	K	74400
K7039	K	62100
K7040	K	53760
K7047	K	25020
K7048	K	57780
K7049	K	19920
K7050	K	28080
K7057	K	68760
K7058	K	73500
K7066	K	61380
K7068/K7069	K	64620
K7071	K	60360
K7072	K	22680
K7081	K	48600
K7082	K	56700
K7083	K	68400
K7084	K	76740
K7087	K	20280
K7088	K	30480
K7089	K	60960
K7090	K	75480
K7091	K	73200
K7106/K7107	K	25620
K7109/K7112	K	43740
K7113	K	19200
K7114	K	19980
K7117	K	55200
K7120	K	25560
K7121	K	41100
K7122	K	49800
K7127	K	32280
K7128	K	28500
K7130	K	54000
K7131	K	26700
K7137	K	66900
K7138	K	66180
K7139	K	50220
K7151	K	45900
K7152	K	23580
K7153/K7156	K	58320
K7173	K	61500
K7183/K7186	K	66120
K7184/K7185	K	62580
K7201	K	58860
K7202	K	70800
K7209	K	41820
K7210	K	44340
K7211	K	22620
K7212	K	27180
K7213	K	24840
K7214	K	42180
K7215	K	39180
K7216	K	46500
K7217	K	59820
K7218	K	68640
K7221	K	29760
K7222	K	43560
K7223	K	24360
K7224	K	58920
K7229	K	21900
K7230	K	54780
K7231	K	56340
K7232	K	21600
K7233	K	34800
K7234	K	16920
K7237	K	59760
K7238	K	53460
K7239	K	21900
K7240	K	37080
K7241	K	20820
K7242	K	66300
K7246	K	30300
K7248	K	50520
K7251	K	23700
K7252	K	56220
K7253	K	16800
K7254	K	23880
K7256	K	34800
K7257	K	68280
K7259	K	67200
K7260	K	60000
K7261	K	30600
K7262	K	38700
K7264	K	53820
K7271	K	24060
K7272	K	30780
K7273	K	37080
K7276	K	57960
K7277	K	64080
K7285/K7288	K	74100
K7291	K	31740
K7292	K	25500
K7293	K	44700
K7294	K	38280
K7295	K	58380
K7296	K	51720
K7297	K	72120
K7298	K	65460
K7305	K	69000
K7306	K	54120
K7307	K	30600
K7308	K	64560
K7325	K	72060
K7326	K	44100
K7328/K7329	K	41580
K7333	K	67800
K7334	K	46260
K7339	K	53580
K7340	K	25200
K7351/K7354	K	67260
K7352/K7353	K	68460
K7361/K7364	K	72420
K7362/K7363	K	69960
K7369	K	45720
K7370	K	61200
K7375	K	62340
K7376	K	56700
K7381	K	47820
K7382	K	24720
K7383	K	25800
K7384	K	27480
K7385	K	64080
K7386	K	67800
K7391/K7394	K	77460
K7392/K7393	K	72120
K7416	K	24420
K7421	K	60000
K7422	K	25500
K7425	K	28080
K7426	K	30960
K7430	K	56280
K7459/K7462	K	56040
K7460/K7461	K	32400
K7501	K	68460
K7502	K	32100
K7505	K	56880
K7517/K7520	K	74520
K7518/K7519	K	58920
K7521	K	51120
K7522	K	24060
K7525	K	47760
K7527/K7530	K	70800
K7528	K	55560
K7535	K	44100
K7536	K	62100
K7537	K	63600
K7538	K	24900
K7541	K	56520
K7542	K	27000
K7553	K	30660
K7554	K	35280
K7555	K	42960
K7556	K	48420
K7557	K	23400
K7561/K7564	K	36120
K7562/K7563	K	37020
K7565	K	69900
K7566	K	66000
K7571	K	21240
K7572	K	18120
K7573	K	34620
K7574	K	32100
K7577	K	52800
K7578	K	50940
K7579	K	62700
K7580	K	61740
K7581	K	22500
K7582	K	54600
K7584	K	46500
K7585	K	25200
K7586	K	34320
K7589	K	51000
K7590	K	43560
K7593	K	50400
K7594	K	33900
K7595	K	24900
K7597	K	61140
K7598	K	66360
K7705	K	21780
K7706	K	50520
K7707	K	62280
K7708	K	37200
K7709	K	22800
K7710	K	49140
K7711	K	28560
K7712	K	69480
K7713/K7716	K	43140
K7714/K7715	K	38640
K7725/K7728	K	76380
K7726/K7727	K	64200
K7729	K	33180
K7730	K	58920
K7751/K7754	K	28140
K7752/K7753	K	70800
K7755/K7758	K	75720
K7756/K7757	K	69660
K7759	K	20280
K7760	K	34860
K7761/K7764	K	72240
K7762/K7763	K	29820
K7765/K7768	K	23100
K7766/K7767	K	26700
K7782	K	24240
K7783	K	28140
K7784	K	35160
K7787	K	69660
K7788	K	75660
K7801	K	30600
K7802	K	42000
K7803	K	52560
K7804	K	32400
K7807	K	22800
K7808	K	28800
K7821/K7824	K	58500
K7822/K7823	K	26400
K7831	K	27180
K7832	K	41700
K7833	K	55080
K7834	K	68520
K7901	K	42480
K7902	K	30360
K7903	K	29460
K7904	K	43740
K7905	K	86160
K7906	K	84540
K7909	K	33000
K7910	K	53400
K7911	K	67800
K7912	K	68400
K7915/K7918	K	28080
K7916/K7917	K	68820
K7919/K7922	K	79800
K7920/K7921	K	46380
K7959	K	31380
K7960	K	43620
K7965/K7968	K	36120
K7966/K7967	K	56880
K7971	K	71580
K7978	K	60840
K7993	K	46200
K7994	K	50700
K8002	K	47280
K8003	K	71520
K8004	K	30600
K8005	K	40860
K8006	K	34560
K8035	K	69300
K8051	K	48780
K8053/K8056	K	22200
K8068	K	27000
K8069	K	30000
K8091/K8094	K	46500
K8092/K8093	K	36480
K8102	K	33300
K8103	K	62400
K8114/K8115	K	54300
K8157	K	70800
K8158	K	28200
K8161	K	57600
K8162	K	30300
K8165	K	84000
K8168	K	42060
K8169	K	29400
K8170	K	82800
K8175/K8178	K	34260
K8176/K8177	K	52200
K8186/K8187	K	40260
K8197	K	77400
K8198	K	38820
K8202/K8203	K	70680
K8204	K	67980
K8216/K8217	K	45780
K8219	K	24840
K8221	K	27180
K8222	K	51120
K8223	K	32100
K8231	K	30480
K8232	K	54900
K8241	K	41040
K8242	K	27720
K8261	K	3000
K8262	K	80280
K8271	K	31680
K8272	K	61680
K8281	K	29100
K8282	K	56400
K8283	K	54360
K8284	K	49620
K8285	K	33000
K8286	K	32100
K8287	K	59280
K8288	K	17400
K8321/K8324	K	30600
K8322/K8323	K	36300
K8351/K8354	K	59100
K8352/K8353	K	64320
K8355/K8358	K	70200
K8356/K8357	K	71220
K8360	K	31680
K8361/K8364	K	66600
K8362/K8363	K	84240
K8365	K	46500
K8366/K8367	K	84780
K8371	K	67320
K8372	K	55920
K8373	K	51540
K8379	K	55200
K8380	K	31440
K8381	K	27600
K8382	K	46140
K8385	K	35940
K8386/K8387	K	83520
K8392/K8393	K	30180
K8399	K	24240
K8401	K	39300
K8402/K8403	K	40800
K8409	K	34920
K8410	K	28920
K8411/K8414	K	22680
K8412/K8413	K	28200
K8415	K	27900
K8416	K	48060
K8421	K	53700
K8422	K	30840
K8424	K	69120
K8425	K	36000
K8426	K	49500
K8427	K	52800
K8428	K	85740
K8431	K	77880
K8432	K	83880
K8451	K	47100
K8452	K	28500
K8481/K8484	K	73800
K8482/K8483	K	79080
K8499	K	66000
K8500	K	70200
K8501	K	29580
K8502	K	35400
K8503	K	43380
K8504	K	50940
K8505	K	58320
K8506	K	70800
K8521/K8524	K	33300
K8522/K8523	K	51000
K8525/K8528	K	58560
K8526/K8527	K	22020
K8553	K	30000
K8554	K	49320
K8563	K	69180
K8564	K	67920
K8573	K	42180
K8585	K	34320
K8586	K	55200
K8591	K	64680
K8592	K	25200
K8593	K	43200
K8594	K	55320
K8599	K	40200
K8600	K	37200
K8703	K	47520
K8704	K	29400
K8707	K	39900
K8708	K	39900
K8710	K	54600
K8713	K	29820
K8714	K	58980
K8715	K	27360
K8716	K	61200
K8717	K	39480
K8718	K	56940
K8720	K	51600
K8721	K	44340
K8722	K	27000
K8723	K	48600
K8724	K	27420
K8725	K	39900
K8726	K	28800
K8729	K	50400
K8730	K	30780
K8731	K	47160
K8732	K	24900
K9001	K	36960
K9002	K	45180
K9003	K	79500
K9004	K	71160
K9005/K9008	K	55500
K9006/K9007	K	55380
K9011/K9014	K	70980
K9012/K9013	K	48120
K9017	K	83100
K9018	K	75600
K9021/K9024	K	76200
K9022/K9023	K	81300
K9025/K9028	K	54360
K9026/K9027	K	26160
K9035/K9038	K	60300
K9036/K9037	K	72240
K9045	K	49680
K9046	K	29700
K9049/K9140	K	29220
K9050/K9139	K	48120
K9059/K9062	K	47820
K9060/K9061	K	62280
K9063/K9066	K	43200
K9064/K9065	K	37200
K9075	K	77880
K9076	K	70200
K9077	K	71160
K9078	K	71880
K9083	K	74700
K9084	K	70200
K9091	K	33660
K9092	K	64800
K9093	K	78360
K9094	K	77400
K9121	K	50400
K9122	K	78000
K9125/K9128	K	75540
K9126/K9127	K	73800
K9131	K	25560
K9132	K	25860
K9133	K	30960
K9134	K	31200
K9135	K	36360
K9136	K	36660
K9137	K	42300
K9138	K	42600
K9141	K	51300
K9142	K	48960
K9143	K	51000
K9144	K	56280
K9145	K	61200
K9146	K	61200
K9147	K	66540
K9148	K	37920
K9149	K	72000
K9150	K	72300
K9303	K	30240
K9304	K	30300
K9305	K	47820
K9306	K	47400
K9307	K	66000
K9308	K	66300
K9311/K9314	K	28800
K9312/K9313	K	59040
K9321/K9324	K	54900
K9322/K9323	K	28860
K9351	K	30600
K9352	K	27300
K9355/K9358	K	27600
K9356/K9357	K	45240
K9362/K9363	K	30300
K9365/K9368	K	60300
K9366/K9367	K	39600
K9369	K	21600
K9385	K	45120
K9386	K	62160
K9387	K	60000
K9388	K	28200
K9415	K	24960
K9416/K9417	K	53700
K9433/K9436	K	57840
K9434/K9435	K	30900
K9491	K	23160
K9492	K	81120
K9575/K9578	K	62880
K9576/K9577	K	30780
K9581/K9584	K	25500
K9582/K9583	K	47760
K9585/K9588	K	42000
K9586/K9587	K	62400
K9589	K	67080
K9590	K	27000
K9610	K	37380
K9631	K	33720
K9632	K	49500
K9633	K	64980
K9634	K	31740
K9635	K	47520
K9636	K	65700
K9640	K	32400
K9651	K	49200
K9652	K	59880
K9656/K9657	K	33600
K9661	K	77400
K9662	K	75060
K9663	K	72000
K9664	K	72000
K9665	K	43860
K9666	K	62400
K9667/K9670	K	60720
K9668/K9669	K	66900
K9671/K9674	K	26280
K9672/K9673	K	57360
K9681/K9684	K	73200
K9682/K9683	K	55800
K9713	K	56520
K9714	K	63420
K9715	K	53460
K9716	K	36000
K9717/K9720	K	57000
K9721/K9724	K	66420
K9722/K9723	K	74100
K9728	K	33600
K9729	K	34200
K9730	K	64920
K9731	K	26820
K9732	K	44340
K9733	K	61800
K9734	K	79320
K9741	K	38820
K9742	K	32760
K9743	K	66000
K9744	K	58080
K9749	K	72480
K9750	K	67020
K9751	K	41040
K9752	K	54600
K9753	K	45900
K9754	K	35580
K9755/K9758	K	85800
K9756/K9757	K	86340
K9759	K	38100
K9760	K	48060
K9763	K	54660
K9764	K	31800
K9769	K	67440
K9770	K	52020
K9771/K9774	K	82200
K9772/K9773	K	65700
K9775/K9778	K	85200
K9779	K	34920
K9780	K	42000
K9781/K9784	K	72600
K9782/K9783	K	84600
K9785/K9788	K	50400
K9786/K9787	K	83220
K9789	K	70080
K9790	K	71520
K9791	K	83280
K9792	K	76140
K9793	K	61680
K9794	K	42840
K9843	K	39720
K9844	K	52800
K9855	K	79200
K9856	K	82200
K9857	K	36600
K9858	K	36960
K9859	K	59340
K9860	K	33900
K9862	K	44100
K9865/K9868	K	62400
K9871	K	56400
K9872	K	36240
K9875	K	71700
K9876	K	59400
K9877	K	32040
K9878	K	72000
K9897	K	81900
Z1	Z	64800
Z2	Z	63720
Z3	Z	64080
Z4	Z	55680
Z5	Z	58140
Z6	Z	39120
Z11/Z14	Z	61800
Z12/Z13	Z	23880
Z15	Z	76860
Z16	Z	76800
Z17	Z	76500
Z18	Z	77580
Z19	Z	74400
Z20	Z	69660
Z21	Z	72000
Z22	Z	57000
Z23	Z	70200
Z24	Z	64800
Z25/Z28	Z	78720
Z26/Z27	Z	75720
Z29	Z	77580
Z30	Z	76920
Z31/Z34	Z	79920
Z32/Z33	Z	75480
Z35	Z	42540
Z36	Z	58800
Z37	Z	74760
Z38	Z	71880
Z39/Z42	Z	70680
Z40/Z41	Z	70860
Z43	Z	72720
Z44	Z	70020
Z45/Z48	Z	81300
Z46/Z47	Z	82020
Z49	Z	41280
Z50	Z	42120
Z51	Z	68220
Z52	Z	66600
Z53	Z	76440
Z54	Z	29280
Z55	Z	53880
Z56	Z	76200
Z57/Z60	Z	61020
Z58/Z59	Z	51360
Z61	Z	79800
Z62	Z	79080
Z63	Z	75000
Z64	Z	81180
Z65	Z	71220
Z66	Z	70500
Z67	Z	71940
Z68	Z	70920
Z69	Z	36000
Z70	Z	50340
Z71	Z	66180
Z72	Z	53400
Z75	Z	57420
Z76	Z	63000
Z77	Z	58500
Z78	Z	33600
Z79/Z82	Z	73500
Z80/Z81	Z	69480
Z83	Z	78900
Z84	Z	66180
Z85/Z88	Z	69180
Z86/Z87	Z	60420
Z89	Z	60360
Z90	Z	49800
Z91/Z94	Z	60360
Z92/Z93	Z	64980
Z95	Z	65160
Z96	Z	42840
Z97	Z	45600
Z98	Z	65160
Z100	Z	65520
Z101/Z104	Z	25800
Z102/Z103	Z	58380
Z105	Z	79320
Z106	Z	63900
Z107	Z	71580
Z108	Z	53280
Z111/Z114	Z	40200
Z112/Z113	Z	63000
Z117	Z	76140
Z118	Z	77700
Z121/Z124	Z	62040
Z122/Z123	Z	79320
Z125/Z128	Z	55140
Z126/Z127	Z	26940
Z133	Z	68880
Z134	Z	59460
Z135/Z138	Z	30120
Z136/Z137	Z	72000
Z139	Z	67740
Z140	Z	65400
Z145/Z148	Z	65700
Z146/Z147	Z	72780
Z149	Z	30960
Z150	Z	66660
Z151	Z	57780
Z152	Z	51900
Z155/Z158	Z	39060
Z156/Z157	Z	61320
Z159	Z	81000
Z160	Z	66300
Z161	Z	45240
Z162	Z	76080
Z163/Z166	Z	41400
Z164/Z165	Z	72480
Z167/Z170	Z	50580
Z168/Z169	Z	82320
Z171/Z174	Z	46320
Z172/Z173	Z	68160
Z175/Z178	Z	81600
Z176/Z177	Z	48600
Z180	Z	71280
Z181/Z184	Z	49620
Z182/Z183	Z	40080
Z185/Z188	Z	63960
Z186/Z187	Z	71400
Z189	Z	60000
Z190	Z	56460
Z191/Z194	Z	64320
Z192/Z193	Z	75480
Z195/Z198	Z	72000
Z196/Z197	Z	66240
Z202	Z	63300
Z203	Z	73260
Z204	Z	65280
Z205/Z208	Z	66720
Z206/Z207	Z	67320
Z215/Z218	Z	52800
Z216/Z217	Z	66960
Z223	Z	79920
Z224	Z	67200
Z225/Z228	Z	78600
Z226/Z227	Z	78000
Z229/Z232	Z	64800
Z230/Z231	Z	34200
Z235/Z238	Z	77940
Z236/Z237	Z	71400
Z245/Z248	Z	72480
Z246/Z247	Z	74520
Z251/Z254	Z	77700
Z252/Z253	Z	57120
Z255/Z258	Z	52320
Z256/Z257	Z	68940
Z263/Z266	Z	46500
Z264/Z265	Z	42300
Z267/Z270	Z	37680
Z268/Z269	Z	53640
Z271/Z274	Z	82200
Z272/Z273	Z	49440
Z275/Z278	Z	75120
Z276/Z277	Z	72360
Z281/Z284	Z	26100
Z282/Z283	Z	61440
Z285	Z	76080
Z286	Z	62820
Z287/Z290	Z	75900
Z288/Z289	Z	38280
Z291/Z294	Z	73500
Z292/Z293	Z	63240
Z307	Z	57600
Z308	Z	64080
Z311	Z	63180
Z312	Z	59700
Z317	Z	82200
Z318	Z	38400
Z319	Z	57300
Z320	Z	36120
Z335/Z338	Z	31620
Z336/Z337	Z	31620
Z365/Z368	Z	47100
Z366/Z367	Z	59940
Z383/Z386	Z	25800
Z384/Z385	Z	61500
Z601	Z	31920
Z602	Z	53400
Z917	Z	40560
Z5001	Z	25980
Z5002	Z	19680
Z5003	Z	39600
Z5004	Z	43260
Z5005	Z	61560
Z5006	Z	55080
Z6205	Z	27960
Z6206	Z	57300
Z6207	Z	36780
Z6208	Z	60840
Z6501/Z6504	Z	30120
Z6502/Z6503	Z	32400
Z6505/Z6508	Z	48600
Z6506/Z6507	Z	48600
Z6509/Z6512	Z	66000
Z6510/Z6511	Z	66600
Z6519	Z	64560
Z6520	Z	36840
Z6521	Z	62640
Z6522	Z	71040
Z6523	Z	62100
Z6524	Z	67920
Z6525	Z	59460
Z6526	Z	65220
Z6541	Z	39300
Z7805	Z	51000
Z7806	Z	64680
Z7835	Z	26280
Z7836	Z	39360
Z7837	Z	49500
Z7838	Z	63180
Z8001/Z8004	Z	34560
Z8005	Z	45600
Z8006	Z	56700
Z8305	Z	68100
Z8308	Z	64200
Z8321	Z	42600
Z8322	Z	29700
Z8323	Z	62400
Z8324	Z	42360
Z8801	Z	30600
Z8802	Z	43500
Z8803	Z	55200
Z8804	Z	67200
Z9813	Z	60000
Z9814	Z	29400
Z9815	Z	82920
Z9816	Z	70800
