name	city	cityId
一间堡	长春	b31467e8-ee25-5af4-b3cb-eb05045f8386
一面坡	哈尔滨	bf1d85eb-9c0b-5b3f-93c3-8fe4cbe5d4f5
一面坡北	哈尔滨	bf1d85eb-9c0b-5b3f-93c3-8fe4cbe5d4f5
一面山	丹东	6bd1b27d-1504-544e-bfc1-00cdb64f2464
七台河	七台河	0c2c9673-b879-5503-8052-7042d2aada05
七甸	昆明	6a6a2f3a-a93b-5d79-8740-0f5b6971afed
七营	中卫	53a49e05-84a2-5b55-a0e8-04fc4f1e06a0
七里河	锦州	84ff6cdd-4123-5bf5-ac05-bede887d8968
万乐	哈尔滨	bf1d85eb-9c0b-5b3f-93c3-8fe4cbe5d4f5
万发屯	绥化	0e7d75da-cbab-57de-836f-26fa268a6aa0
万宁	海南省-自治区直辖县级行政区划	80f8a3af-31a2-5797-89f4-0ca9906b3527
万州	重庆	d88ce193-ca3a-5770-913b-13a872ece3fb
万州北	重庆	d88ce193-ca3a-5770-913b-13a872ece3fb
万年	上饶	be78b24d-5f03-54e8-ba02-a40bac892ba8
万源	达州	a8ca845b-0c63-506b-b1a2-59b834eba679
三义井	赤峰	bacdb061-dc48-5d6d-b61e-552c16634b7b
三井子	松原	68f42d61-6c23-57d6-8f79-7724e284450d
三亚	三亚	06efca87-4a90-5ff3-ad74-4b233093f3b5
三元区	三明	d5cfa439-c621-57a7-b029-4752fdb5ef07
三关口	固原	74e54c34-05fe-5fb4-b2ee-e0ca5e02a125
三十家	朝阳	11b88395-569a-5731-9cbb-52e13af3e45d
三十里堡	大连	675e944d-5945-56d5-bb53-8fc64015687c
三原	咸阳	74af60de-943f-5954-b526-a489f74e16e2
三合庄	北京	d721db6a-e56d-58fa-b283-2556241b5b2e
三堂集	阜阳	9cc5d6fd-f065-52da-bf72-9a046c4b31d0
三家寨	六盘水	56052d4c-5b32-550a-a748-dec9d9e30fba
三家店	北京	d721db6a-e56d-58fa-b283-2556241b5b2e
三明	三明	d5cfa439-c621-57a7-b029-4752fdb5ef07
三明北	三明	d5cfa439-c621-57a7-b029-4752fdb5ef07
三水	佛山	d2e9a26d-707e-56db-ade0-f21d0bfed603
三水北	佛山	d2e9a26d-707e-56db-ade0-f21d0bfed603
三水南	佛山	d2e9a26d-707e-56db-ade0-f21d0bfed603
三汇镇	达州	a8ca845b-0c63-506b-b1a2-59b834eba679
三江南	柳州	c0f75662-9ff3-554e-8917-d1045405985e
三江县	柳州	c0f75662-9ff3-554e-8917-d1045405985e
三江口	铁岭	a999ec8e-ed73-57b8-bdd6-1aa03ab6879d
三河县	廊坊	06acfd4b-2491-5f63-b36d-5441f6e3e442
三源浦	通化	1a094200-342b-5cd5-98f5-263d29ae8a7a
三穗	黔东南苗族侗族	b1dbde35-9276-5fe4-aeae-0447d47d8882
三营	固原	74e54c34-05fe-5fb4-b2ee-e0ca5e02a125
三道湖	白山	10c1360c-3b27-5353-80e9-1168e448f76b
三都县	黔南布依族苗族	e1d64b9d-2ef0-5bad-a504-6480cab5b7e9
三门县	台州	e23ecf48-5dc8-5392-b5b7-53638dcc662b
三门峡	三门峡	8fde4cf4-09c0-5d8c-8835-89ab2a3c44e4
三门峡南	三门峡	8fde4cf4-09c0-5d8c-8835-89ab2a3c44e4
三门峡西	三门峡	8fde4cf4-09c0-5d8c-8835-89ab2a3c44e4
三间房	齐齐哈尔	6f43cba3-ae73-5f62-a850-6f09c5a9cbed
三阳	黄山	4f944b8f-cd24-548b-aaed-fb9fe88f6834
三阳川	天水	15a5dff1-a212-5487-9091-e846753493b2
上万	北京	d721db6a-e56d-58fa-b283-2556241b5b2e
上园	朝阳	11b88395-569a-5731-9cbb-52e13af3e45d
上杭	龙岩	f2f26070-7585-572a-9a77-bc3a820bf840
上板城	承德	1373316a-cb1a-509b-a6cb-e5f1a2a6ecf8
上板城南	承德	1373316a-cb1a-509b-a6cb-e5f1a2a6ecf8
上海	上海	b4466602-0f7c-59cb-bf36-8083959fd32d
上海南	上海	b4466602-0f7c-59cb-bf36-8083959fd32d
上海虹桥	上海	b4466602-0f7c-59cb-bf36-8083959fd32d
上海西	上海	b4466602-0f7c-59cb-bf36-8083959fd32d
上腰墩	武威	e469de7d-a826-51c2-8769-1a68ea64f4ac
上虞	绍兴	d5ccf20a-f0f4-5ef0-8abd-8e31e45f6191
上西铺	六盘水	56052d4c-5b32-550a-a748-dec9d9e30fba
上饶	上饶	be78b24d-5f03-54e8-ba02-a40bac892ba8
上高镇	泰安	1d29fc17-ed46-56a4-8da0-fbb2295ee668
下台子	承德	1373316a-cb1a-509b-a6cb-e5f1a2a6ecf8
下城子	牡丹江	07e0ad42-924a-5614-9eb8-00237a1bde8b
下板城	承德	1373316a-cb1a-509b-a6cb-e5f1a2a6ecf8
下社	忻州	ed61505e-53e3-5987-9c3c-ff6c115c5dfe
下花园	张家口	b2c73ed7-ab7b-5d95-bb93-df84147aa52a
下马塘	本溪	55e49af1-7f97-5557-8cc5-457c319f926d
世博园	沈阳	5153e8e7-7633-5762-b223-e3e7f0e482fc
东丰	辽源	3953465f-af90-5a91-9e75-ab60b6e9bd39
东乡	抚州	9c042cb6-f769-522c-8a7f-c7fcf217a16a
东二道河	佳木斯	c6f2638c-2ad9-5c3b-a5c1-db1124e559f3
东京城	牡丹江	07e0ad42-924a-5614-9eb8-00237a1bde8b
东光	沧州	22edba49-72d1-55ee-b30d-bb49f3bfea5e
东升	中山	53490542-fe11-5f25-b1d5-999d3cb6ab20
东台	盐城	1d08f703-cd90-57a3-ba30-bd54afea000a
东城南	东莞	99c9e005-5dce-5d85-b5bb-e7c2d4172798
东安东	永州	ab95f380-674c-5a94-8dde-587f8f3dae3c
东岔	天水	15a5dff1-a212-5487-9091-e846753493b2
东庄	忻州	ed61505e-53e3-5987-9c3c-ff6c115c5dfe
东戌	邯郸	48e79958-bc92-5ac6-a68e-30f76c7ba4ff
东戴河	葫芦岛	479a31e5-8200-512a-bb35-6a18eb5d3381
东方	海南省-自治区直辖县级行政区划	80f8a3af-31a2-5797-89f4-0ca9906b3527
东方红	鸡西	bbdd346f-d678-5a67-ac64-d7c2bdbf458c
东明县	菏泽	0a628620-619e-543e-a2a5-5de8e87f9fab
东明村	通辽	4d1c7278-9dea-5a9e-b107-4929104685c0
东来	通辽	4d1c7278-9dea-5a9e-b107-4929104685c0
东津	绥化	0e7d75da-cbab-57de-836f-26fa268a6aa0
东海	鸡西	bbdd346f-d678-5a67-ac64-d7c2bdbf458c
东海县	连云港	4522ba10-70dc-51de-9b32-2ceca1534aab
东淤地	忻州	ed61505e-53e3-5987-9c3c-ff6c115c5dfe
东港北	丹东	6bd1b27d-1504-544e-bfc1-00cdb64f2464
东湾	白银	5ae360de-1ce6-5f71-b372-2a5bb6dfa7d0
东胜	鄂尔多斯	25c70ce5-5401-569e-b63e-b2ae7dcda1e6
东胜东	鄂尔多斯	25c70ce5-5401-569e-b63e-b2ae7dcda1e6
东胜西	鄂尔多斯	25c70ce5-5401-569e-b63e-b2ae7dcda1e6
东至	池州	4afffc95-f576-5afb-8283-83c4b8e46c0f
东莞	东莞	99c9e005-5dce-5d85-b5bb-e7c2d4172798
东莞东	东莞	99c9e005-5dce-5d85-b5bb-e7c2d4172798
东营	东营	dcb13d7a-4242-512d-a8fc-fd542639f42c
东营南	东营	dcb13d7a-4242-512d-a8fc-fd542639f42c
东辛庄	葫芦岛	479a31e5-8200-512a-bb35-6a18eb5d3381
东边井	绥化	0e7d75da-cbab-57de-836f-26fa268a6aa0
东通化	通化	1a094200-342b-5cd5-98f5-263d29ae8a7a
东镇	运城	b09b5fe3-da91-53b2-8d52-0c068d311f1a
两家	白城	e14d63c8-cbb6-5e52-a095-a4ef127366ce
两当	陇南	83b9aea0-ef17-5ba9-aa2d-7ccbb5056653
中华门	南京	1428577a-a311-5d57-ad3f-bafb7795b063
中卫	中卫	53a49e05-84a2-5b55-a0e8-04fc4f1e06a0
中和	齐齐哈尔	6f43cba3-ae73-5f62-a850-6f09c5a9cbed
中宁	中卫	53a49e05-84a2-5b55-a0e8-04fc4f1e06a0
中宁东	中卫	53a49e05-84a2-5b55-a0e8-04fc4f1e06a0
中宁南	中卫	53a49e05-84a2-5b55-a0e8-04fc4f1e06a0
中寨	曲靖	4cb0d11a-5a5c-58ea-ac8b-48c704fe9165
中山	中山	53490542-fe11-5f25-b1d5-999d3cb6ab20
中山北	中山	53490542-fe11-5f25-b1d5-999d3cb6ab20
中川机场	兰州	bd27f707-3a10-57bb-9faa-65fe4925eae9
中牟	郑州	da3a0933-16eb-56a0-9911-eefa6edad967
丰乐镇	双鸭山	ee666d59-ca38-57dd-847c-b8b34211c9d2
丰城	宜春	ea93c114-b902-53e5-b7e6-42a0562b1615
丰城南	宜春	ea93c114-b902-53e5-b7e6-42a0562b1615
丰水村	兰州	bd27f707-3a10-57bb-9faa-65fe4925eae9
丰都	重庆	d88ce193-ca3a-5770-913b-13a872ece3fb
丰镇	乌兰察布	538e3cf0-c4bd-52b4-8098-ff9f454cd73b
丰顺	梅州	c60b2d82-6f6e-524c-9f58-d45d0898bdbc
临城	邢台	cbe71193-b198-54a7-b4fe-cedc434074c9
临川	抚州	9c042cb6-f769-522c-8a7f-c7fcf217a16a
临江	白山	10c1360c-3b27-5353-80e9-1168e448f76b
临汾	临汾	89d8ba5f-38cb-517d-9fac-8130b0cc5132
临汾西	临汾	89d8ba5f-38cb-517d-9fac-8130b0cc5132
临沂	临沂	8dbbad97-ddec-5fb6-b999-86fdcda31e8c
临沂东	临沂	8dbbad97-ddec-5fb6-b999-86fdcda31e8c
临河	巴彦淖尔	8cc2d64c-8db5-52e8-89a9-3deb446183e7
临泽	张掖	b8a283bc-8782-595d-99b6-96d732092f17
临泽南	张掖	b8a283bc-8782-595d-99b6-96d732092f17
临海	台州	e23ecf48-5dc8-5392-b5b7-53638dcc662b
临淄北	淄博	81d21174-d65d-5029-ac11-a6ec748bcb56
临清	聊城	7e856ec4-4cb9-539e-9ddc-81a65ae2528f
临湘	岳阳	696dc68f-8057-5a31-9cf4-db3345101dcc
临澧	常德	748efe7a-f040-522b-84b1-d604c711c862
临西	邢台	cbe71193-b198-54a7-b4fe-cedc434074c9
临邑	德州	8d09dcad-9ad8-5b36-8182-040ed9695486
临颍	漯河	730680c4-fe64-51fa-8fe1-8cf743ce213b
临高南	海南省-自治区直辖县级行政区划	80f8a3af-31a2-5797-89f4-0ca9906b3527
丹东	丹东	6bd1b27d-1504-544e-bfc1-00cdb64f2464
丹东西	丹东	6bd1b27d-1504-544e-bfc1-00cdb64f2464
丹凤	商洛	d3216e21-c962-55ac-86e7-05bbae9e0bbf
丹徒	镇江	26ea3dd0-d711-52cd-b1ec-d178fc866159
丹阳	镇江	26ea3dd0-d711-52cd-b1ec-d178fc866159
丹阳北	镇江	26ea3dd0-d711-52cd-b1ec-d178fc866159
丹霞山	韶关	8b822d5c-80f4-5912-977c-1259b6b2148f
丽水	丽水	77fb924d-9f21-519c-9e09-09e045fcb6fd
丽江	丽江	572d76a9-ea01-5bdb-8cf8-82dcb8a11941
乃林	赤峰	bacdb061-dc48-5d6d-b61e-552c16634b7b
义乌	金华	23083b61-2f71-536c-89df-96669e9b211c
义县	锦州	84ff6cdd-4123-5bf5-ac05-bede887d8968
义县西	锦州	84ff6cdd-4123-5bf5-ac05-bede887d8968
义马	三门峡	8fde4cf4-09c0-5d8c-8835-89ab2a3c44e4
乌伊岭	伊春	bb3a809d-181e-5668-b712-26a387ae2710
乌兰哈达	乌兰察布	538e3cf0-c4bd-52b4-8098-ff9f454cd73b
乌兰察布	乌兰察布	538e3cf0-c4bd-52b4-8098-ff9f454cd73b
乌兰木图	阜新	5fc0ce43-f93e-5d25-b09d-050770717a8b
乌兰浩特	兴安	bfa75c64-1f96-5d86-93d7-116cc73b9794
乌奴耳	呼伦贝尔	b226141a-f415-5c10-906b-92f634623aef
乌尔旗汗	呼伦贝尔	b226141a-f415-5c10-906b-92f634623aef
乌拉山	巴彦淖尔	8cc2d64c-8db5-52e8-89a9-3deb446183e7
乌拉特前旗	巴彦淖尔	8cc2d64c-8db5-52e8-89a9-3deb446183e7
乌海	乌海	643b9750-37f4-5e47-aded-99d4da10a395
乌海西	乌海	643b9750-37f4-5e47-aded-99d4da10a395
乌苏	塔城	b316bc3a-fb03-51a3-bcfe-58323b930029
乌西	乌鲁木齐	8c34a550-4813-51ce-aaef-8fd3b49fc457
乌鲁木齐	乌鲁木齐	8c34a550-4813-51ce-aaef-8fd3b49fc457
乌鲁木齐南	乌鲁木齐	8c34a550-4813-51ce-aaef-8fd3b49fc457
乌龙泉南	武汉	39d1951e-19c0-579d-b912-a178b69ae641
乐东	海南省-自治区直辖县级行政区划	80f8a3af-31a2-5797-89f4-0ca9906b3527
乐善村	昆明	6a6a2f3a-a93b-5d79-8740-0f5b6971afed
乐山	乐山	13109359-3236-52fd-9a9f-9e76690620ed
乐山北	乐山	13109359-3236-52fd-9a9f-9e76690620ed
乐平市	景德镇	b4711d9f-7abd-5995-b64a-8a90de869b08
乐昌	韶关	8b822d5c-80f4-5912-977c-1259b6b2148f
乐昌东	韶关	8b822d5c-80f4-5912-977c-1259b6b2148f
乐清	温州	50b0f1f1-ae3c-50d8-b828-6ea31fcb7b2c
乐都	海东	6733da34-7435-51a3-a1c9-8fa96045f477
乐都南	海东	6733da34-7435-51a3-a1c9-8fa96045f477
乔庄东	北京	d721db6a-e56d-58fa-b283-2556241b5b2e
九三	黑河	0dcb0dd2-fed6-5479-bc94-1ae2885648e0
九台	长春	b31467e8-ee25-5af4-b3cb-eb05045f8386
九台南	长春	b31467e8-ee25-5af4-b3cb-eb05045f8386
九江	九江	85b0a9b1-7dfe-51b9-93f4-9ab616e19c78
九郎山	株洲	30094f44-11f9-56d8-a8e5-d963c4f22c59
乳山	威海	7c6ca8a3-1b6e-53b3-9593-e023e406b521
乾县	咸阳	74af60de-943f-5954-b526-a489f74e16e2
乾安	松原	68f42d61-6c23-57d6-8f79-7724e284450d
二密河	通化	1a094200-342b-5cd5-98f5-263d29ae8a7a
二营	固原	74e54c34-05fe-5fb4-b2ee-e0ca5e02a125
二连	锡林郭勒	e1b9383b-d814-555e-ad9e-6cfa39d13f57
二道沟门	承德	1373316a-cb1a-509b-a6cb-e5f1a2a6ecf8
二道湾	齐齐哈尔	6f43cba3-ae73-5f62-a850-6f09c5a9cbed
二龙	赤峰	bacdb061-dc48-5d6d-b61e-552c16634b7b
二龙山屯	黑河	0dcb0dd2-fed6-5479-bc94-1ae2885648e0
于都	赣州	d21587d9-79eb-57ea-b106-4e13c3e3af01
云东海	佛山	d2e9a26d-707e-56db-ade0-f21d0bfed603
云南驿	大理白族	e2af5f9e-677d-5526-9b77-277a62e93ef6
云居寺	北京	d721db6a-e56d-58fa-b283-2556241b5b2e
云山	惠州	ae2a75aa-b0aa-505b-8a7c-0f96deec2b94
云彩岭	大同	424cbf4a-06ec-5433-81aa-98da238c1bd6
云梦	孝感	93f810f1-261b-5437-bae7-2dd3b8334c1f
云浮东	云浮	a2915f8f-7ec5-55a8-8f05-7a0a0c854eb3
云霄	漳州	9b9ffe33-2ce6-5729-aa92-bc1ed783a1b0
五五	克拉玛依	f722dc4d-0c83-5ec4-a398-c5258651a6c2
五原	巴彦淖尔	8cc2d64c-8db5-52e8-89a9-3deb446183e7
五叉沟	兴安	bfa75c64-1f96-5d86-93d7-116cc73b9794
五台山	忻州	ed61505e-53e3-5987-9c3c-ff6c115c5dfe
五大连池	黑河	0dcb0dd2-fed6-5479-bc94-1ae2885648e0
五女山	本溪	55e49af1-7f97-5557-8cc5-457c319f926d
五家	哈尔滨	bf1d85eb-9c0b-5b3f-93c3-8fe4cbe5d4f5
五寨	忻州	ed61505e-53e3-5987-9c3c-ff6c115c5dfe
五常	哈尔滨	bf1d85eb-9c0b-5b3f-93c3-8fe4cbe5d4f5
五府山	上饶	be78b24d-5f03-54e8-ba02-a40bac892ba8
五棵树	长春	b31467e8-ee25-5af4-b3cb-eb05045f8386
五莲	日照	bf8c5a46-a1fd-5bcd-a014-e39bbf83b452
五营	伊春	bb3a809d-181e-5668-b712-26a387ae2710
五通	桂林	fae9a80c-663e-5b46-97df-edfaeec36405
五道沟	通化	1a094200-342b-5cd5-98f5-263d29ae8a7a
五道河	承德	1373316a-cb1a-509b-a6cb-e5f1a2a6ecf8
五龙背	丹东	6bd1b27d-1504-544e-bfc1-00cdb64f2464
五龙背东	丹东	6bd1b27d-1504-544e-bfc1-00cdb64f2464
井冈山	吉安	de510646-1a63-526b-b027-ec0baff08e1e
井南	石家庄	a140ced1-fdf8-5d24-90ce-ed8e98801e07
井店	邯郸	48e79958-bc92-5ac6-a68e-30f76c7ba4ff
井陉	石家庄	a140ced1-fdf8-5d24-90ce-ed8e98801e07
亚布力	哈尔滨	bf1d85eb-9c0b-5b3f-93c3-8fe4cbe5d4f5
亚布力南	哈尔滨	bf1d85eb-9c0b-5b3f-93c3-8fe4cbe5d4f5
亚布力西	哈尔滨	bf1d85eb-9c0b-5b3f-93c3-8fe4cbe5d4f5
亚龙湾	三亚	06efca87-4a90-5ff3-ad74-4b233093f3b5
交城	吕梁	31702d3b-f41d-56da-8798-56c96ad5564b
京山	荆门	ae491ecf-3ce4-5303-a846-e15c8c1ffd56
亭亮	崇左	39df15f2-48dc-5feb-95fe-5e7ee7de8557
亮甲店	大连	675e944d-5945-56d5-bb53-8fc64015687c
亳州	亳州	97c20aa6-46ff-563c-814b-f065f38448af
什里店	邯郸	48e79958-bc92-5ac6-a68e-30f76c7ba4ff
仁布	日喀则	c7aed649-1164-5046-93e0-ddf7b78094db
介休	晋中	d1770fa1-ddfb-5a11-b443-0aa2d0735ac7
介休东	晋中	d1770fa1-ddfb-5a11-b443-0aa2d0735ac7
从江	黔东南苗族侗族	b1dbde35-9276-5fe4-aeae-0447d47d8882
仙人桥	白山	10c1360c-3b27-5353-80e9-1168e448f76b
仙林	南京	1428577a-a311-5d57-ad3f-bafb7795b063
仙桃西	湖北省-自治区直辖县级行政区划	9351d7fb-08f0-5364-8d20-02c17b66bafd
仙游	莆田	9e05412b-919d-5fdc-9d5f-05615ef6c782
代县	忻州	ed61505e-53e3-5987-9c3c-ff6c115c5dfe
仪征	扬州	4ed456e6-c468-59f4-a0f9-b8714127ce37
仲恺	惠州	ae2a75aa-b0aa-505b-8a7c-0f96deec2b94
任丘	沧州	22edba49-72d1-55ee-b30d-bb49f3bfea5e
伊图里河	呼伦贝尔	b226141a-f415-5c10-906b-92f634623aef
伊宁	伊犁哈萨克	51830e2b-c121-52be-9aec-a5fb2338e485
伊宁东	伊犁哈萨克	51830e2b-c121-52be-9aec-a5fb2338e485
伊尔施	兴安	bfa75c64-1f96-5d86-93d7-116cc73b9794
伊拉哈	黑河	0dcb0dd2-fed6-5479-bc94-1ae2885648e0
伊敏	呼伦贝尔	b226141a-f415-5c10-906b-92f634623aef
伊春	伊春	bb3a809d-181e-5668-b712-26a387ae2710
伊林	牡丹江	07e0ad42-924a-5614-9eb8-00237a1bde8b
伊通	四平	17007ac4-741f-5ccc-bd0f-9be21362b267
会同	怀化	20d49eef-b4ae-585a-b42e-e2e3ce505f96
会昌北	赣州	d21587d9-79eb-57ea-b106-4e13c3e3af01
低庄	怀化	20d49eef-b4ae-585a-b42e-e2e3ce505f96
低窝铺	酒泉	09f47d2e-f25b-5142-95c8-2eadf706ef10
余姚	宁波	bd7fdf9a-5054-50f0-af3c-5b61adf62845
余姚北	宁波	bd7fdf9a-5054-50f0-af3c-5b61adf62845
余杭	杭州	38c8d0a9-f57b-57ea-852e-914ec59023b6
余江	鹰潭	031ffa08-1085-59c7-94a4-2270e930a71b
余粮堡	通辽	4d1c7278-9dea-5a9e-b107-4929104685c0
佛坪	汉中	60336a4c-c384-5380-83d0-05e687856f4e
佛山	佛山	d2e9a26d-707e-56db-ade0-f21d0bfed603
佛山西	佛山	d2e9a26d-707e-56db-ade0-f21d0bfed603
佳木斯	佳木斯	c6f2638c-2ad9-5c3b-a5c1-db1124e559f3
佳木斯西	佳木斯	c6f2638c-2ad9-5c3b-a5c1-db1124e559f3
依兰	哈尔滨	bf1d85eb-9c0b-5b3f-93c3-8fe4cbe5d4f5
依安	齐齐哈尔	6f43cba3-ae73-5f62-a850-6f09c5a9cbed
侯马	临汾	89d8ba5f-38cb-517d-9fac-8130b0cc5132
侯马西	临汾	89d8ba5f-38cb-517d-9fac-8130b0cc5132
保定	保定	2accd732-552a-52e1-9da1-53ba89f40290
保定东	保定	2accd732-552a-52e1-9da1-53ba89f40290
保康	通辽	4d1c7278-9dea-5a9e-b107-4929104685c0
信丰	赣州	d21587d9-79eb-57ea-b106-4e13c3e3af01
信宜	茂名	5dbb2857-7e2d-5fc1-a5a3-a15fc3139d0e
信阳	信阳	605c11d4-ccde-5cdc-82df-473f8da9ba08
信阳东	信阳	605c11d4-ccde-5cdc-82df-473f8da9ba08
修文县	贵阳	d5a3678d-33a9-5da5-bfe0-3e343eeb24ab
修武	焦作	08847375-9e81-5b8a-8d49-1a91aa7f8189
修武西	焦作	08847375-9e81-5b8a-8d49-1a91aa7f8189
倭肯	七台河	0c2c9673-b879-5503-8052-7042d2aada05
偃师	洛阳	a6320a2f-3417-5a73-871d-5ac5cddd2e04
偏岭	本溪	55e49af1-7f97-5557-8cc5-457c319f926d
偏店	邯郸	48e79958-bc92-5ac6-a68e-30f76c7ba4ff
元宝山	赤峰	bacdb061-dc48-5d6d-b61e-552c16634b7b
元氏	石家庄	a140ced1-fdf8-5d24-90ce-ed8e98801e07
元谋	楚雄彝族	d0a2377f-5995-58b0-9203-16a1f7f250e4
先锋	长沙	1ea20e7e-6a17-5531-93e3-302245162382
光山	信阳	605c11d4-ccde-5cdc-82df-473f8da9ba08
光明城	深圳	17c7f7c5-7904-527a-9a7a-b0edf2ffd375
光泽	南平	255dd78d-c678-5b33-bc96-e3e2a3b84ce8
克一河	呼伦贝尔	b226141a-f415-5c10-906b-92f634623aef
克东	齐齐哈尔	6f43cba3-ae73-5f62-a850-6f09c5a9cbed
克山	齐齐哈尔	6f43cba3-ae73-5f62-a850-6f09c5a9cbed
克拉玛依	克拉玛依	f722dc4d-0c83-5ec4-a398-c5258651a6c2
免渡河	呼伦贝尔	b226141a-f415-5c10-906b-92f634623aef
兑镇	吕梁	31702d3b-f41d-56da-8798-56c96ad5564b
兖州	济宁	c1239aa9-60e9-5d8e-a9ed-9224397b450b
全州南	桂林	fae9a80c-663e-5b46-97df-edfaeec36405
全椒	滁州	3f171fe4-2435-50d2-8f74-1a2c87bd5be1
八仙筒	通辽	4d1c7278-9dea-5a9e-b107-4929104685c0
八方山	长沙	1ea20e7e-6a17-5531-93e3-302245162382
八步	毕节	1ec19191-4fe4-5a4a-8aa9-8af814791c94
八角台	锦州	84ff6cdd-4123-5bf5-ac05-bede887d8968
八达岭	北京	d721db6a-e56d-58fa-b283-2556241b5b2e
八里甸子	本溪	55e49af1-7f97-5557-8cc5-457c319f926d
八面城	铁岭	a999ec8e-ed73-57b8-bdd6-1aa03ab6879d
八面通	牡丹江	07e0ad42-924a-5614-9eb8-00237a1bde8b
公主岭	长春	b31467e8-ee25-5af4-b3cb-eb05045f8386
公主岭南	长春	b31467e8-ee25-5af4-b3cb-eb05045f8386
公庙子	巴彦淖尔	8cc2d64c-8db5-52e8-89a9-3deb446183e7
公营子	朝阳	11b88395-569a-5731-9cbb-52e13af3e45d
六合	南京	1428577a-a311-5d57-ad3f-bafb7795b063
六合镇	齐齐哈尔	6f43cba3-ae73-5f62-a850-6f09c5a9cbed
六安	六安	0f3a207e-f721-503a-8b48-0efbf75fd429
六枝	六盘水	56052d4c-5b32-550a-a748-dec9d9e30fba
六盘山	固原	74e54c34-05fe-5fb4-b2ee-e0ca5e02a125
六盘水	六盘水	56052d4c-5b32-550a-a748-dec9d9e30fba
六道河子	承德	1373316a-cb1a-509b-a6cb-e5f1a2a6ecf8
兰岗	牡丹江	07e0ad42-924a-5614-9eb8-00237a1bde8b
兰州	兰州	bd27f707-3a10-57bb-9faa-65fe4925eae9
兰州东	兰州	bd27f707-3a10-57bb-9faa-65fe4925eae9
兰州新区	兰州	bd27f707-3a10-57bb-9faa-65fe4925eae9
兰州西	兰州	bd27f707-3a10-57bb-9faa-65fe4925eae9
兰棱	哈尔滨	bf1d85eb-9c0b-5b3f-93c3-8fe4cbe5d4f5
兰溪	金华	23083b61-2f71-536c-89df-96669e9b211c
兰考	开封	2a141a53-d5b6-5b31-9b2e-5bcc8f28935d
兰考南	开封	2a141a53-d5b6-5b31-9b2e-5bcc8f28935d
兰陵北	临沂	8dbbad97-ddec-5fb6-b999-86fdcda31e8c
共青城	九江	85b0a9b1-7dfe-51b9-93f4-9ab616e19c78
关岭	安顺	1cd98665-5b4a-53d8-8dbc-93edd79eaf73
关林	洛阳	a6320a2f-3417-5a73-871d-5ac5cddd2e04
兴业	玉林	f64b82d9-0165-57dc-b94d-c9023840f415
兴义	黔西南布依族苗族	fb086de2-8860-55bb-b6bf-97a132475801
兴凯	鸡西	bbdd346f-d678-5a67-ac64-d7c2bdbf458c
兴和西	乌兰察布	538e3cf0-c4bd-52b4-8098-ff9f454cd73b
兴国	赣州	d21587d9-79eb-57ea-b106-4e13c3e3af01
兴城	葫芦岛	479a31e5-8200-512a-bb35-6a18eb5d3381
兴宁	梅州	c60b2d82-6f6e-524c-9f58-d45d0898bdbc
兴安	桂林	fae9a80c-663e-5b46-97df-edfaeec36405
兴安北	桂林	fae9a80c-663e-5b46-97df-edfaeec36405
兴平	咸阳	74af60de-943f-5954-b526-a489f74e16e2
兴泉堡	白银	5ae360de-1ce6-5f71-b372-2a5bb6dfa7d0
兴隆县	承德	1373316a-cb1a-509b-a6cb-e5f1a2a6ecf8
兴隆店	沈阳	5153e8e7-7633-5762-b223-e3e7f0e482fc
兴隆镇	哈尔滨	bf1d85eb-9c0b-5b3f-93c3-8fe4cbe5d4f5
内乡	南阳	197af260-ee95-5f62-9f8f-5e44b4799635
内江	内江	d6acbe2b-b25e-5d1c-b0db-a0e879de2cb2
内江北	内江	d6acbe2b-b25e-5d1c-b0db-a0e879de2cb2
册亨	黔西南布依族苗族	fb086de2-8860-55bb-b6bf-97a132475801
冕宁	凉山彝族	316c65a2-f1b8-5f10-b44a-2508e62c5550
军粮城北	天津	cf07e639-6495-564c-b025-0860e87656b8
农安	长春	b31467e8-ee25-5af4-b3cb-eb05045f8386
冠豸山	龙岩	f2f26070-7585-572a-9a77-bc3a820bf840
冯屯	齐齐哈尔	6f43cba3-ae73-5f62-a850-6f09c5a9cbed
冷水江东	娄底	33921910-b5d7-5981-989d-a02a31832746
准东	昌吉回族	f5ae0f07-c8d5-5dbb-b319-96988fd28d98
准格尔	鄂尔多斯	25c70ce5-5401-569e-b63e-b2ae7dcda1e6
凌海	锦州	84ff6cdd-4123-5bf5-ac05-bede887d8968
凌源	朝阳	11b88395-569a-5731-9cbb-52e13af3e45d
凌源东	朝阳	11b88395-569a-5731-9cbb-52e13af3e45d
凤凰城	丹东	6bd1b27d-1504-544e-bfc1-00cdb64f2464
凤凰机场	三亚	06efca87-4a90-5ff3-ad74-4b233093f3b5
凤县	宝鸡	c6afff40-c575-544b-979b-b9293bd5db9e
凤城东	丹东	6bd1b27d-1504-544e-bfc1-00cdb64f2464
凤州	宝鸡	c6afff40-c575-544b-979b-b9293bd5db9e
凤阳	滁州	3f171fe4-2435-50d2-8f74-1a2c87bd5be1
凭祥	崇左	39df15f2-48dc-5feb-95fe-5e7ee7de8557
凯里	黔东南苗族侗族	b1dbde35-9276-5fe4-aeae-0447d47d8882
凯里南	黔东南苗族侗族	b1dbde35-9276-5fe4-aeae-0447d47d8882
刀尔登	朝阳	11b88395-569a-5731-9cbb-52e13af3e45d
分宜	新余	ce329062-bc2e-56be-aa5b-741c56366caf
刘家店	长春	b31467e8-ee25-5af4-b3cb-eb05045f8386
刘家河	丹东	6bd1b27d-1504-544e-bfc1-00cdb64f2464
创业村	大庆	d3dc72db-afa9-531b-b6b4-ccf73f514483
利川	恩施土家族苗族	e54c51fb-9044-52e0-82bb-e7ff70ae2f09
利津南	东营	dcb13d7a-4242-512d-a8fc-fd542639f42c
到保	白城	e14d63c8-cbb6-5e52-a095-a4ef127366ce
前卫	葫芦岛	479a31e5-8200-512a-bb35-6a18eb5d3381
前山	珠海	04f1cc69-232c-5997-bc69-d476160bd74d
前磨头	衡水	5e4f063a-c014-5298-b2fa-d9f24cdff5c3
前苇塘	承德	1373316a-cb1a-509b-a6cb-e5f1a2a6ecf8
前进镇	佳木斯	c6f2638c-2ad9-5c3b-a5c1-db1124e559f3
前锋	佳木斯	c6f2638c-2ad9-5c3b-a5c1-db1124e559f3
剑门关	广元	1db6b4a4-d194-5a15-93a9-f7974de0bce2
加格达奇	大兴安岭	3dc98a11-7110-50a4-9446-19664a5c69a8
勃利	七台河	0c2c9673-b879-5503-8052-7042d2aada05
勉县	汉中	60336a4c-c384-5380-83d0-05e687856f4e
包头	包头	17d0b82f-eb76-5664-8a1e-7e241ef3f7ec
包头东	包头	17d0b82f-eb76-5664-8a1e-7e241ef3f7ec
化州	茂名	5dbb2857-7e2d-5fc1-a5a3-a15fc3139d0e
化德	乌兰察布	538e3cf0-c4bd-52b4-8098-ff9f454cd73b
北井子	赤峰	bacdb061-dc48-5d6d-b61e-552c16634b7b
北京	北京	d721db6a-e56d-58fa-b283-2556241b5b2e
北京东	北京	d721db6a-e56d-58fa-b283-2556241b5b2e
北京北	北京	d721db6a-e56d-58fa-b283-2556241b5b2e
北京南	北京	d721db6a-e56d-58fa-b283-2556241b5b2e
北京西	北京	d721db6a-e56d-58fa-b283-2556241b5b2e
北台	本溪	55e49af1-7f97-5557-8cc5-457c319f926d
北宅	北京	d721db6a-e56d-58fa-b283-2556241b5b2e
北安	黑河	0dcb0dd2-fed6-5479-bc94-1ae2885648e0
北屯	保定	2accd732-552a-52e1-9da1-53ba89f40290
北屯市	阿勒泰	9608805b-bc2c-5f85-a991-08b51546f20a
北戴河	秦皇岛	9d95ca32-b387-594a-b3f5-a5655f0c9462
北流	玉林	f64b82d9-0165-57dc-b94d-c9023840f415
北海	北海	d575e970-a892-551d-80b7-da636bf286d1
北滘	佛山	d2e9a26d-707e-56db-ade0-f21d0bfed603
北碚	重庆	d88ce193-ca3a-5770-913b-13a872ece3fb
北票	朝阳	11b88395-569a-5731-9cbb-52e13af3e45d
北票南	朝阳	11b88395-569a-5731-9cbb-52e13af3e45d
北营	太原	b74c7958-de20-5b29-bb4f-9d20543442f7
北马圈子	承德	1373316a-cb1a-509b-a6cb-e5f1a2a6ecf8
十堰	十堰	a4a479ad-27e1-534d-8ac8-08ad76211dac
十家子	阜新	5fc0ce43-f93e-5d25-b09d-050770717a8b
十渡	北京	d721db6a-e56d-58fa-b283-2556241b5b2e
千岛湖	杭州	38c8d0a9-f57b-57ea-852e-914ec59023b6
千河	宝鸡	c6afff40-c575-544b-979b-b9293bd5db9e
千阳	宝鸡	c6afff40-c575-544b-979b-b9293bd5db9e
午汲	邯郸	48e79958-bc92-5ac6-a68e-30f76c7ba4ff
华城	梅州	c60b2d82-6f6e-524c-9f58-d45d0898bdbc
华家	长春	b31467e8-ee25-5af4-b3cb-eb05045f8386
华容	鄂州	e0b4399d-3bca-5960-84d4-d85a8ae42fc9
华容东	鄂州	e0b4399d-3bca-5960-84d4-d85a8ae42fc9
华容南	鄂州	e0b4399d-3bca-5960-84d4-d85a8ae42fc9
华山	渭南	b439fae3-78f7-5c2b-90c5-a652441c11bc
华山北	渭南	b439fae3-78f7-5c2b-90c5-a652441c11bc
华蓥	广安	5e20a069-e4c0-5602-8bb5-c5f82ddc1790
卓资东	乌兰察布	538e3cf0-c4bd-52b4-8098-ff9f454cd73b
卓资山	乌兰察布	538e3cf0-c4bd-52b4-8098-ff9f454cd73b
南丰	抚州	9c042cb6-f769-522c-8a7f-c7fcf217a16a
南丹	河池	60d88a2b-c2ff-5751-ab1c-ebf50e034ff4
南京	南京	1428577a-a311-5d57-ad3f-bafb7795b063
南京南	南京	1428577a-a311-5d57-ad3f-bafb7795b063
南仇	淄博	81d21174-d65d-5029-ac11-a6ec748bcb56
南充	南充	8658fcca-9f2f-5a46-b459-e525e6fdb50d
南充北	南充	8658fcca-9f2f-5a46-b459-e525e6fdb50d
南关岭	大连	675e944d-5945-56d5-bb53-8fc64015687c
南华	楚雄彝族	d0a2377f-5995-58b0-9203-16a1f7f250e4
南华北	楚雄彝族	d0a2377f-5995-58b0-9203-16a1f7f250e4
南博山	淄博	81d21174-d65d-5029-ac11-a6ec748bcb56
南口	北京	d721db6a-e56d-58fa-b283-2556241b5b2e
南口前	抚顺	9e54e965-d891-53c5-b2ea-cf1514ef40d4
南召	南阳	197af260-ee95-5f62-9f8f-5e44b4799635
南台	鞍山	8d0e39c3-4fc1-5846-b8e4-2e547e27168d
南城	抚州	9c042cb6-f769-522c-8a7f-c7fcf217a16a
南城司	保定	2accd732-552a-52e1-9da1-53ba89f40290
南堡北	唐山	18ee9859-42de-5a7b-b3a7-40f711828e07
南大庙	承德	1373316a-cb1a-509b-a6cb-e5f1a2a6ecf8
南头	中山	53490542-fe11-5f25-b1d5-999d3cb6ab20
南宁	南宁	5d3775ba-2be7-55aa-a326-b791148f625d
南宁东	南宁	5d3775ba-2be7-55aa-a326-b791148f625d
南宁西	南宁	5d3775ba-2be7-55aa-a326-b791148f625d
南宫东	邢台	cbe71193-b198-54a7-b4fe-cedc434074c9
南岔	伊春	bb3a809d-181e-5668-b712-26a387ae2710
南峪	石家庄	a140ced1-fdf8-5d24-90ce-ed8e98801e07
南平	南平	255dd78d-c678-5b33-bc96-e3e2a3b84ce8
南平北	南平	255dd78d-c678-5b33-bc96-e3e2a3b84ce8
南平南	南平	255dd78d-c678-5b33-bc96-e3e2a3b84ce8
南昌	南昌	da5d49e2-4d02-58b2-b0e7-2f7658928f6f
南昌西	南昌	da5d49e2-4d02-58b2-b0e7-2f7658928f6f
南曹	郑州	da3a0933-16eb-56a0-9911-eefa6edad967
南朗	中山	53490542-fe11-5f25-b1d5-999d3cb6ab20
南木	呼伦贝尔	b226141a-f415-5c10-906b-92f634623aef
南杂木	抚顺	9e54e965-d891-53c5-b2ea-cf1514ef40d4
南桥	葫芦岛	479a31e5-8200-512a-bb35-6a18eb5d3381
南江	巴中	63205425-3cd6-5211-a0b2-a5dbe5e5c15f
南江口	云浮	a2915f8f-7ec5-55a8-8f05-7a0a0c854eb3
南河川	天水	15a5dff1-a212-5487-9091-e846753493b2
南湖东	武汉	39d1951e-19c0-579d-b912-a178b69ae641
南湾子	承德	1373316a-cb1a-509b-a6cb-e5f1a2a6ecf8
南翔北	上海	b4466602-0f7c-59cb-bf36-8083959fd32d
南芬	本溪	55e49af1-7f97-5557-8cc5-457c319f926d
南芬北	本溪	55e49af1-7f97-5557-8cc5-457c319f926d
南观村	北京	d721db6a-e56d-58fa-b283-2556241b5b2e
南通	南通	d24e0a6d-f031-5d4d-99b4-7fcd9564972b
南部	南充	8658fcca-9f2f-5a46-b459-e525e6fdb50d
南阳	南阳	197af260-ee95-5f62-9f8f-5e44b4799635
南阳寨	郑州	da3a0933-16eb-56a0-9911-eefa6edad967
南陵	芜湖	4d31e856-0a40-5eca-a1ba-9ba515e37008
南雄	韶关	8b822d5c-80f4-5912-977c-1259b6b2148f
南靖	漳州	9b9ffe33-2ce6-5729-aa92-bc1ed783a1b0
博乐	博尔塔拉蒙古	1bda238c-ecb4-56db-840e-9b35cfdf3254
博克图	呼伦贝尔	b226141a-f415-5c10-906b-92f634623aef
博兴	滨州	8996f9cd-4df5-5277-af68-d7e67c9a7d59
博白	玉林	f64b82d9-0165-57dc-b94d-c9023840f415
博鳌	海南省-自治区直辖县级行政区划	80f8a3af-31a2-5797-89f4-0ca9906b3527
卢龙	秦皇岛	9d95ca32-b387-594a-b3f5-a5655f0c9462
卧里屯	大庆	d3dc72db-afa9-531b-b6b4-ccf73f514483
卫东	兴安	bfa75c64-1f96-5d86-93d7-116cc73b9794
卫星	鸡西	bbdd346f-d678-5a67-ac64-d7c2bdbf458c
卫辉	新乡	a7b5cb21-a0a5-538e-b173-971eae64725f
即墨北	青岛	4799b170-1b20-5f64-a80c-cd7600ddfcdc
原平	忻州	ed61505e-53e3-5987-9c3c-ff6c115c5dfe
原平西	忻州	ed61505e-53e3-5987-9c3c-ff6c115c5dfe
厦  门	厦门	5b8798fc-f35e-5050-bd0a-daa340d842d5
厦门	厦门	5b8798fc-f35e-5050-bd0a-daa340d842d5
厦门北	厦门	5b8798fc-f35e-5050-bd0a-daa340d842d5
厦门高崎	厦门	5b8798fc-f35e-5050-bd0a-daa340d842d5
友好	伊春	bb3a809d-181e-5668-b712-26a387ae2710
双丰	伊春	bb3a809d-181e-5668-b712-26a387ae2710
双吉	吉林省	507958ca-44af-5c16-904b-f858f4c0f8da
双城北	哈尔滨	bf1d85eb-9c0b-5b3f-93c3-8fe4cbe5d4f5
双城堡	哈尔滨	bf1d85eb-9c0b-5b3f-93c3-8fe4cbe5d4f5
双峰北	娄底	33921910-b5d7-5981-989d-a02a31832746
双水镇	江门	e347fd94-59ed-55df-b915-629fdaafb24a
双河镇	吉林	f039f35d-a552-5a7b-8815-fee7bdaf6693
双洋	龙岩	f2f26070-7585-572a-9a77-bc3a820bf840
双流机场	成都	03c69062-0880-5837-bae9-fe487784fe4e
双流西	成都	03c69062-0880-5837-bae9-fe487784fe4e
双牌	永州	ab95f380-674c-5a94-8dde-587f8f3dae3c
双辽	四平	17007ac4-741f-5ccc-bd0f-9be21362b267
双阳	长春	b31467e8-ee25-5af4-b3cb-eb05045f8386
双鸭山	双鸭山	ee666d59-ca38-57dd-847c-b8b34211c9d2
双龙湖	哈尔滨	bf1d85eb-9c0b-5b3f-93c3-8fe4cbe5d4f5
发耳	六盘水	56052d4c-5b32-550a-a748-dec9d9e30fba
口前	吉林	f039f35d-a552-5a7b-8815-fee7bdaf6693
古东	太原	b74c7958-de20-5b29-bb4f-9d20543442f7
古交	太原	b74c7958-de20-5b29-bb4f-9d20543442f7
古北口	北京	d721db6a-e56d-58fa-b283-2556241b5b2e
古城镇	牡丹江	07e0ad42-924a-5614-9eb8-00237a1bde8b
古浪	武威	e469de7d-a826-51c2-8769-1a68ea64f4ac
古田	宁德	11642571-2e1a-520b-9871-c701c6a769ac
古田会址	龙岩	f2f26070-7585-572a-9a77-bc3a820bf840
古田北	宁德	11642571-2e1a-520b-9871-c701c6a769ac
古莲	大兴安岭	3dc98a11-7110-50a4-9446-19664a5c69a8
古镇	中山	53490542-fe11-5f25-b1d5-999d3cb6ab20
句容西	镇江	26ea3dd0-d711-52cd-b1ec-d178fc866159
台前	濮阳	6b1e34b9-6646-5ca0-bcad-ce1db2a4a7b1
台安	鞍山	8d0e39c3-4fc1-5846-b8e4-2e547e27168d
台安南	鞍山	8d0e39c3-4fc1-5846-b8e4-2e547e27168d
台山	江门	e347fd94-59ed-55df-b915-629fdaafb24a
台州	台州	e23ecf48-5dc8-5392-b5b7-53638dcc662b
叶城	喀什	17da38e9-ad6d-5efc-a47e-1b4a421e9a22
叶柏寿	朝阳	11b88395-569a-5731-9cbb-52e13af3e45d
司家岭	济南	1f48df29-20c5-56d2-9337-1332b1647122
合川	重庆	d88ce193-ca3a-5770-913b-13a872ece3fb
合浦	北海	d575e970-a892-551d-80b7-da636bf286d1
合肥	合肥	ea43a508-4567-5bf0-87da-549899c824fc
合肥北城	合肥	ea43a508-4567-5bf0-87da-549899c824fc
合肥南	合肥	ea43a508-4567-5bf0-87da-549899c824fc
合肥西	合肥	ea43a508-4567-5bf0-87da-549899c824fc
合阳	渭南	b439fae3-78f7-5c2b-90c5-a652441c11bc
合阳北	渭南	b439fae3-78f7-5c2b-90c5-a652441c11bc
吉安	吉安	de510646-1a63-526b-b027-ec0baff08e1e
吉文	呼伦贝尔	b226141a-f415-5c10-906b-92f634623aef
吉林	吉林省	507958ca-44af-5c16-904b-f858f4c0f8da
吉舒	吉林	f039f35d-a552-5a7b-8815-fee7bdaf6693
吉首	湘西土家族苗族	0acf2686-d324-5b50-9353-61e07db23020
同心	吴忠	8a0d4aca-a56d-5bce-aee0-b4b5f0e75c6a
同江	佳木斯	c6f2638c-2ad9-5c3b-a5c1-db1124e559f3
名山	雅安	04c895c3-b9a1-5b9e-b43c-ec74e09f2f16
后湖	武汉	39d1951e-19c0-579d-b912-a178b69ae641
吐列毛杜	兴安	bfa75c64-1f96-5d86-93d7-116cc73b9794
吐哈	吐鲁番	15b9f816-2d64-557c-b130-b4e398ca84ca
吐鲁番	吐鲁番	15b9f816-2d64-557c-b130-b4e398ca84ca
吐鲁番北	吐鲁番	15b9f816-2d64-557c-b130-b4e398ca84ca
向塘	南昌	da5d49e2-4d02-58b2-b0e7-2f7658928f6f
向阳	牡丹江	07e0ad42-924a-5614-9eb8-00237a1bde8b
吕梁	吕梁	31702d3b-f41d-56da-8798-56c96ad5564b
启东	南通	d24e0a6d-f031-5d4d-99b4-7fcd9564972b
吴圩	南宁	5d3775ba-2be7-55aa-a326-b791148f625d
吴堡	榆林	85d348c8-4bad-5208-9814-b0963d2321ef
吴官田	曲靖	4cb0d11a-5a5c-58ea-ac8b-48c704fe9165
吴家屯	沈阳	5153e8e7-7633-5762-b223-e3e7f0e482fc
吴家川	白银	5ae360de-1ce6-5f71-b372-2a5bb6dfa7d0
吴川	湛江	71601399-91c9-5889-aec4-fc901845333c
吴桥	沧州	22edba49-72d1-55ee-b30d-bb49f3bfea5e
周口	周口	1260de33-9f77-5c15-8bbd-a424102ed94b
周家	哈尔滨	bf1d85eb-9c0b-5b3f-93c3-8fe4cbe5d4f5
周家屯	锦州	84ff6cdd-4123-5bf5-ac05-bede887d8968
周水子	大连	675e944d-5945-56d5-bb53-8fc64015687c
呼兰	哈尔滨	bf1d85eb-9c0b-5b3f-93c3-8fe4cbe5d4f5
呼和浩特	呼和浩特	d7f80da7-a85c-5724-ad60-f47cf3f9ea07
呼和浩特东	呼和浩特	d7f80da7-a85c-5724-ad60-f47cf3f9ea07
呼鲁斯太	阿拉善	ad002fdf-f610-5839-b724-922ca4111605
咋子	白山	10c1360c-3b27-5353-80e9-1168e448f76b
和什托洛盖	塔城	b316bc3a-fb03-51a3-bcfe-58323b930029
和平	河源	5c882c65-7f22-5e96-8abe-af63b0245434
和田	和田	21e19a7e-ebd1-50c9-ae13-18ac262fa31e
和硕	巴音郭楞蒙古	b137577a-4d75-5d61-af4f-57010f0daecb
和静	巴音郭楞蒙古	b137577a-4d75-5d61-af4f-57010f0daecb
和龙	延边朝鲜族	651323bf-e6f3-5967-bf79-025c56e51f1d
咸宁	咸宁	d318f2ce-a120-5bee-8dc6-17728d1b45c2
咸宁东	咸宁	d318f2ce-a120-5bee-8dc6-17728d1b45c2
咸宁北	咸宁	d318f2ce-a120-5bee-8dc6-17728d1b45c2
咸宁南	咸宁	d318f2ce-a120-5bee-8dc6-17728d1b45c2
咸阳	咸阳	74af60de-943f-5954-b526-a489f74e16e2
咸阳秦都	咸阳	74af60de-943f-5954-b526-a489f74e16e2
哈密	哈密	721faa63-a56d-5ab5-8b2e-e78a5dbd051a
哈尔滨	哈尔滨	bf1d85eb-9c0b-5b3f-93c3-8fe4cbe5d4f5
哈尔滨东	哈尔滨	bf1d85eb-9c0b-5b3f-93c3-8fe4cbe5d4f5
哈尔滨北	哈尔滨	bf1d85eb-9c0b-5b3f-93c3-8fe4cbe5d4f5
哈尔滨西	哈尔滨	bf1d85eb-9c0b-5b3f-93c3-8fe4cbe5d4f5
哈拉海	长春	b31467e8-ee25-5af4-b3cb-eb05045f8386
哈拉苏	呼伦贝尔	b226141a-f415-5c10-906b-92f634623aef
哈达铺	陇南	83b9aea0-ef17-5ba9-aa2d-7ccbb5056653
响水县	盐城	1d08f703-cd90-57a3-ba30-bd54afea000a
哲里木	通辽	4d1c7278-9dea-5a9e-b107-4929104685c0
唐家湾	珠海	04f1cc69-232c-5997-bc69-d476160bd74d
唐山	唐山	18ee9859-42de-5a7b-b3a7-40f711828e07
唐山北	唐山	18ee9859-42de-5a7b-b3a7-40f711828e07
唐河	南阳	197af260-ee95-5f62-9f8f-5e44b4799635
唐海南	唐山	18ee9859-42de-5a7b-b3a7-40f711828e07
商丘	商丘	98b20cb1-fcb7-5d7d-b88e-63112f019bd8
商丘南	商丘	98b20cb1-fcb7-5d7d-b88e-63112f019bd8
商南	商洛	d3216e21-c962-55ac-86e7-05bbae9e0bbf
商城	信阳	605c11d4-ccde-5cdc-82df-473f8da9ba08
商河	济南	1f48df29-20c5-56d2-9337-1332b1647122
商洛	商洛	d3216e21-c962-55ac-86e7-05bbae9e0bbf
商都	乌兰察布	538e3cf0-c4bd-52b4-8098-ff9f454cd73b
喀什	喀什	17da38e9-ad6d-5efc-a47e-1b4a421e9a22
喀喇其	呼伦贝尔	b226141a-f415-5c10-906b-92f634623aef
喀左	朝阳	11b88395-569a-5731-9cbb-52e13af3e45d
喇嘛甸	大庆	d3dc72db-afa9-531b-b6b4-ccf73f514483
喜德	凉山彝族	316c65a2-f1b8-5f10-b44a-2508e62c5550
嘉兴	嘉兴	988df8c6-59d9-528e-9b71-9013be93df79
嘉兴南	嘉兴	988df8c6-59d9-528e-9b71-9013be93df79
嘉善	嘉兴	988df8c6-59d9-528e-9b71-9013be93df79
嘉善南	嘉兴	988df8c6-59d9-528e-9b71-9013be93df79
嘉峪关	嘉峪关	4b014536-c5ca-5d2a-a123-cb7057700574
嘉峪关南	嘉峪关	4b014536-c5ca-5d2a-a123-cb7057700574
嘉峰	晋城	74fbc8ef-bbaf-5587-918f-771ed7945889
嘉祥	济宁	c1239aa9-60e9-5d8e-a9ed-9224397b450b
嘎什甸子	通辽	4d1c7278-9dea-5a9e-b107-4929104685c0
四会	肇庆	3bada160-0010-5397-af5a-6339fbe7f8e5
四合永	承德	1373316a-cb1a-509b-a6cb-e5f1a2a6ecf8
四平	四平	17007ac4-741f-5ccc-bd0f-9be21362b267
四平东	四平	17007ac4-741f-5ccc-bd0f-9be21362b267
四方台	绥化	0e7d75da-cbab-57de-836f-26fa268a6aa0
四棵树	塔城	b316bc3a-fb03-51a3-bcfe-58323b930029
四道湾	赤峰	bacdb061-dc48-5d6d-b61e-552c16634b7b
团结	齐齐哈尔	6f43cba3-ae73-5f62-a850-6f09c5a9cbed
园墩	武威	e469de7d-a826-51c2-8769-1a68ea64f4ac
固原	固原	74e54c34-05fe-5fb4-b2ee-e0ca5e02a125
固始	信阳	605c11d4-ccde-5cdc-82df-473f8da9ba08
固安	廊坊	06acfd4b-2491-5f63-b36d-5441f6e3e442
固镇	蚌埠	f36d4e09-0260-5ecb-b650-39b3ca8e0160
图们	延边朝鲜族	651323bf-e6f3-5967-bf79-025c56e51f1d
图们北	延边朝鲜族	651323bf-e6f3-5967-bf79-025c56e51f1d
图强	大兴安岭	3dc98a11-7110-50a4-9446-19664a5c69a8
图里河	呼伦贝尔	b226141a-f415-5c10-906b-92f634623aef
土地堂东	咸宁	d318f2ce-a120-5bee-8dc6-17728d1b45c2
土桥子	中卫	53a49e05-84a2-5b55-a0e8-04fc4f1e06a0
土溪	达州	a8ca845b-0c63-506b-b1a2-59b834eba679
土牧尔台	乌兰察布	538e3cf0-c4bd-52b4-8098-ff9f454cd73b
土贵乌拉	乌兰察布	538e3cf0-c4bd-52b4-8098-ff9f454cd73b
土门子	武威	e469de7d-a826-51c2-8769-1a68ea64f4ac
坂田	深圳	17c7f7c5-7904-527a-9a7a-b0edf2ffd375
坡底下	兰州	bd27f707-3a10-57bb-9faa-65fe4925eae9
坪上	临沂	8dbbad97-ddec-5fb6-b999-86fdcda31e8c
坪石	韶关	8b822d5c-80f4-5912-977c-1259b6b2148f
垫江	重庆	d88ce193-ca3a-5770-913b-13a872ece3fb
城固	汉中	60336a4c-c384-5380-83d0-05e687856f4e
城固北	汉中	60336a4c-c384-5380-83d0-05e687856f4e
城子坦	大连	675e944d-5945-56d5-bb53-8fc64015687c
城西	海口	ce0f2728-81eb-5bd8-8424-c6e38d4eadcd
城阳	青岛	4799b170-1b20-5f64-a80c-cd7600ddfcdc
塔哈	齐齐哈尔	6f43cba3-ae73-5f62-a850-6f09c5a9cbed
塔城	塔城	b316bc3a-fb03-51a3-bcfe-58323b930029
塔尔气	呼伦贝尔	b226141a-f415-5c10-906b-92f634623aef
塔崖驿	保定	2accd732-552a-52e1-9da1-53ba89f40290
塔河	大兴安岭	3dc98a11-7110-50a4-9446-19664a5c69a8
塔石嘴	楚雄彝族	d0a2377f-5995-58b0-9203-16a1f7f250e4
塘沽	天津	cf07e639-6495-564c-b025-0860e87656b8
塘豹	怀化	20d49eef-b4ae-585a-b42e-e2e3ce505f96
墨玉	和田	21e19a7e-ebd1-50c9-ae13-18ac262fa31e
壮志	大庆	d3dc72db-afa9-531b-b6b4-ccf73f514483
复盛	重庆	d88ce193-ca3a-5770-913b-13a872ece3fb
夏官营	兰州	bd27f707-3a10-57bb-9faa-65fe4925eae9
夏格庄	青岛	4799b170-1b20-5f64-a80c-cd7600ddfcdc
夏石	崇左	39df15f2-48dc-5feb-95fe-5e7ee7de8557
夏邑县	商丘	98b20cb1-fcb7-5d7d-b88e-63112f019bd8
大丰	株洲	30094f44-11f9-56d8-a8e5-d963c4f22c59
大余	赣州	d21587d9-79eb-57ea-b106-4e13c3e3af01
大元	南宁	5d3775ba-2be7-55aa-a326-b791148f625d
大关	昭通	64581ab4-c223-53d6-8e0f-b165d978889d
大兴	齐齐哈尔	6f43cba3-ae73-5f62-a850-6f09c5a9cbed
大兴沟	延边朝鲜族	651323bf-e6f3-5967-bf79-025c56e51f1d
大其拉哈	呼伦贝尔	b226141a-f415-5c10-906b-92f634623aef
大冶北	黄石	505e0c18-36b0-592a-b198-901c9caf3cfd
大口屯	天津	cf07e639-6495-564c-b025-0860e87656b8
大同	大同	424cbf4a-06ec-5433-81aa-98da238c1bd6
大坝	吴忠	8a0d4aca-a56d-5bce-aee0-b4b5f0e75c6a
大埔	梅州	c60b2d82-6f6e-524c-9f58-d45d0898bdbc
大堡	丹东	6bd1b27d-1504-544e-bfc1-00cdb64f2464
大孤山	丹东	6bd1b27d-1504-544e-bfc1-00cdb64f2464
大安	白城	e14d63c8-cbb6-5e52-a095-a4ef127366ce
大安北	白城	e14d63c8-cbb6-5e52-a095-a4ef127366ce
大官屯	抚顺	9e54e965-d891-53c5-b2ea-cf1514ef40d4
大屯	长春	b31467e8-ee25-5af4-b3cb-eb05045f8386
大巴	阜新	5fc0ce43-f93e-5d25-b09d-050770717a8b
大平房	朝阳	11b88395-569a-5731-9cbb-52e13af3e45d
大庆	大庆	d3dc72db-afa9-531b-b6b4-ccf73f514483
大庆东	大庆	d3dc72db-afa9-531b-b6b4-ccf73f514483
大庆西	大庆	d3dc72db-afa9-531b-b6b4-ccf73f514483
大成	沈阳	5153e8e7-7633-5762-b223-e3e7f0e482fc
大战场	中卫	53a49e05-84a2-5b55-a0e8-04fc4f1e06a0
大拟	钦州	c7792f0b-210e-5dc3-a877-a238341ecd69
大方南	毕节	1ec19191-4fe4-5a4a-8aa9-8af814791c94
大旺	肇庆	3bada160-0010-5397-af5a-6339fbe7f8e5
大明湖	济南	1f48df29-20c5-56d2-9337-1332b1647122
大朗镇	东莞	99c9e005-5dce-5d85-b5bb-e7c2d4172798
大杖子	承德	1373316a-cb1a-509b-a6cb-e5f1a2a6ecf8
大杨树	呼伦贝尔	b226141a-f415-5c10-906b-92f634623aef
大板	赤峰	bacdb061-dc48-5d6d-b61e-552c16634b7b
大林	通辽	4d1c7278-9dea-5a9e-b107-4929104685c0
大武口	石嘴山	8cab18d9-b68d-5fae-a52f-fb58bbba4e7d
大涧	大同	424cbf4a-06ec-5433-81aa-98da238c1bd6
大湾子	楚雄彝族	d0a2377f-5995-58b0-9203-16a1f7f250e4
大灰厂	北京	d721db6a-e56d-58fa-b283-2556241b5b2e
大王滩	南宁	5d3775ba-2be7-55aa-a326-b791148f625d
大理	大理白族	e2af5f9e-677d-5526-9b77-277a62e93ef6
大田边	曲靖	4cb0d11a-5a5c-58ea-ac8b-48c704fe9165
大盘石	保定	2accd732-552a-52e1-9da1-53ba89f40290
大石头	延边朝鲜族	651323bf-e6f3-5967-bf79-025c56e51f1d
大石头南	延边朝鲜族	651323bf-e6f3-5967-bf79-025c56e51f1d
大石寨	兴安	bfa75c64-1f96-5d86-93d7-116cc73b9794
大石桥	营口	b8afc62b-f362-5aaf-91d5-0375c0bc6856
大磴沟	石嘴山	8cab18d9-b68d-5fae-a52f-fb58bbba4e7d
大禾塘	邵阳	a8e58ec8-b92f-5890-bb56-75e9bb1d15c3
大竹园	安康	6205e86d-f35d-55f2-9609-cc0be0e224ba
大红旗	沈阳	5153e8e7-7633-5762-b223-e3e7f0e482fc
大英东	遂宁	da76e70a-774c-580c-93f9-62e23d69f42d
大苴	楚雄彝族	d0a2377f-5995-58b0-9203-16a1f7f250e4
大荔	渭南	b439fae3-78f7-5c2b-90c5-a652441c11bc
大营	忻州	ed61505e-53e3-5987-9c3c-ff6c115c5dfe
大营子	朝阳	11b88395-569a-5731-9cbb-52e13af3e45d
大营镇	衡水	5e4f063a-c014-5298-b2fa-d9f24cdff5c3
大虎山	锦州	84ff6cdd-4123-5bf5-ac05-bede887d8968
大足南	重庆	d88ce193-ca3a-5770-913b-13a872ece3fb
大连	大连	675e944d-5945-56d5-bb53-8fc64015687c
大连北	大连	675e944d-5945-56d5-bb53-8fc64015687c
大连西	大连	675e944d-5945-56d5-bb53-8fc64015687c
大通西	西宁	ff053601-69ed-5cd4-b02d-b98086727747
大邑	成都	03c69062-0880-5837-bae9-fe487784fe4e
大阳	本溪	55e49af1-7f97-5557-8cc5-457c319f926d
大陆号	乌兰察布	538e3cf0-c4bd-52b4-8098-ff9f454cd73b
大雁	呼伦贝尔	b226141a-f415-5c10-906b-92f634623aef
大青沟	通辽	4d1c7278-9dea-5a9e-b107-4929104685c0
天义	赤峰	bacdb061-dc48-5d6d-b61e-552c16634b7b
天岗	吉林	f039f35d-a552-5a7b-8815-fee7bdaf6693
天柱山	安庆	fcfe36f1-aaf0-5bc4-ba3e-e27a1c4295a4
天桥岭	延边朝鲜族	651323bf-e6f3-5967-bf79-025c56e51f1d
天水	天水	15a5dff1-a212-5487-9091-e846753493b2
天水南	天水	15a5dff1-a212-5487-9091-e846753493b2
天河机场	武汉	39d1951e-19c0-579d-b912-a178b69ae641
天河街	武汉	39d1951e-19c0-579d-b912-a178b69ae641
天津	天津	cf07e639-6495-564c-b025-0860e87656b8
天津北	天津	cf07e639-6495-564c-b025-0860e87656b8
天津南	天津	cf07e639-6495-564c-b025-0860e87656b8
天津西	天津	cf07e639-6495-564c-b025-0860e87656b8
天祝	武威	e469de7d-a826-51c2-8769-1a68ea64f4ac
天镇	大同	424cbf4a-06ec-5433-81aa-98da238c1bd6
天门	湖北省-自治区直辖县级行政区划	9351d7fb-08f0-5364-8d20-02c17b66bafd
天门南	湖北省-自治区直辖县级行政区划	9351d7fb-08f0-5364-8d20-02c17b66bafd
太原	太原	b74c7958-de20-5b29-bb4f-9d20543442f7
太原东	太原	b74c7958-de20-5b29-bb4f-9d20543442f7
太原北	太原	b74c7958-de20-5b29-bb4f-9d20543442f7
太原南	太原	b74c7958-de20-5b29-bb4f-9d20543442f7
太和北	阜阳	9cc5d6fd-f065-52da-bf72-9a046c4b31d0
太姥山	宁德	11642571-2e1a-520b-9871-c701c6a769ac
太平川	松原	68f42d61-6c23-57d6-8f79-7724e284450d
太平镇	双鸭山	ee666d59-ca38-57dd-847c-b8b34211c9d2
太湖	安庆	fcfe36f1-aaf0-5bc4-ba3e-e27a1c4295a4
太谷	晋中	d1770fa1-ddfb-5a11-b443-0aa2d0735ac7
太谷西	晋中	d1770fa1-ddfb-5a11-b443-0aa2d0735ac7
太阳升	大庆	d3dc72db-afa9-531b-b6b4-ccf73f514483
太阳山	吴忠	8a0d4aca-a56d-5bce-aee0-b4b5f0e75c6a
夹心子	大连	675e944d-5945-56d5-bb53-8fc64015687c
奇峰塔	保定	2accd732-552a-52e1-9da1-53ba89f40290
奈曼	通辽	4d1c7278-9dea-5a9e-b107-4929104685c0
奈林皋	朝阳	11b88395-569a-5731-9cbb-52e13af3e45d
奉化	宁波	bd7fdf9a-5054-50f0-af3c-5b61adf62845
奎屯	伊犁哈萨克	51830e2b-c121-52be-9aec-a5fb2338e485
奎山	牡丹江	07e0ad42-924a-5614-9eb8-00237a1bde8b
如东	南通	d24e0a6d-f031-5d4d-99b4-7fcd9564972b
如皋	南通	d24e0a6d-f031-5d4d-99b4-7fcd9564972b
始兴	韶关	8b822d5c-80f4-5912-977c-1259b6b2148f
姚千户屯	沈阳	5153e8e7-7633-5762-b223-e3e7f0e482fc
姚安	楚雄彝族	d0a2377f-5995-58b0-9203-16a1f7f250e4
姚家	长春	b31467e8-ee25-5af4-b3cb-eb05045f8386
姚渡	广元	1db6b4a4-d194-5a15-93a9-f7974de0bce2
姜堰	泰州	7912e12f-541b-5b5e-b03a-f50f4d6097db
姜家	绥化	0e7d75da-cbab-57de-836f-26fa268a6aa0
威海	威海	7c6ca8a3-1b6e-53b3-9593-e023e406b521
威海北	威海	7c6ca8a3-1b6e-53b3-9593-e023e406b521
威箐	六盘水	56052d4c-5b32-550a-a748-dec9d9e30fba
威舍	黔西南布依族苗族	fb086de2-8860-55bb-b6bf-97a132475801
威虎岭北	延边朝鲜族	651323bf-e6f3-5967-bf79-025c56e51f1d
娄山关南	遵义	4ceec173-afbb-56c5-8a7c-6a1d0a6710ba
娄底	娄底	33921910-b5d7-5981-989d-a02a31832746
娄底南	娄底	33921910-b5d7-5981-989d-a02a31832746
娄烦	太原	b74c7958-de20-5b29-bb4f-9d20543442f7
娘子关	阳泉	43da6d42-7edf-5cae-b4f9-1b6d5f50ca45
婺源	上饶	be78b24d-5f03-54e8-ba02-a40bac892ba8
嫩江	黑河	0dcb0dd2-fed6-5479-bc94-1ae2885648e0
子洲	榆林	85d348c8-4bad-5208-9814-b0963d2321ef
子长	延安	6b8ab92e-bbe9-582e-8677-dde1f0a74838
孙吴	黑河	0dcb0dd2-fed6-5479-bc94-1ae2885648e0
孙家	哈尔滨	bf1d85eb-9c0b-5b3f-93c3-8fe4cbe5d4f5
孙镇	渭南	b439fae3-78f7-5c2b-90c5-a652441c11bc
孝南	吕梁	31702d3b-f41d-56da-8798-56c96ad5564b
孝感	孝感	93f810f1-261b-5437-bae7-2dd3b8334c1f
孝感东	孝感	93f810f1-261b-5437-bae7-2dd3b8334c1f
孝感北	孝感	93f810f1-261b-5437-bae7-2dd3b8334c1f
孝西	吕梁	31702d3b-f41d-56da-8798-56c96ad5564b
孟家岗	佳木斯	c6f2638c-2ad9-5c3b-a5c1-db1124e559f3
孟庄	保定	2accd732-552a-52e1-9da1-53ba89f40290
孤家子	沈阳	5153e8e7-7633-5762-b223-e3e7f0e482fc
孤山口	北京	d721db6a-e56d-58fa-b283-2556241b5b2e
宁东	银川	fe934c10-9946-5b8e-b2ea-038bbe3b011e
宁东南	银川	fe934c10-9946-5b8e-b2ea-038bbe3b011e
宁乡	长沙	1ea20e7e-6a17-5531-93e3-302245162382
宁国	宣城	1ed1529b-7b44-587e-ab3e-0d18e443a50f
宁安	牡丹江	07e0ad42-924a-5614-9eb8-00237a1bde8b
宁家	兴安	bfa75c64-1f96-5d86-93d7-116cc73b9794
宁强南	汉中	60336a4c-c384-5380-83d0-05e687856f4e
宁德	宁德	11642571-2e1a-520b-9871-c701c6a769ac
宁明	崇左	39df15f2-48dc-5feb-95fe-5e7ee7de8557
宁村	南宁	5d3775ba-2be7-55aa-a326-b791148f625d
宁武	忻州	ed61505e-53e3-5987-9c3c-ff6c115c5dfe
宁波	宁波	bd7fdf9a-5054-50f0-af3c-5b61adf62845
宁波东	宁波	bd7fdf9a-5054-50f0-af3c-5b61adf62845
宁海	宁波	bd7fdf9a-5054-50f0-af3c-5b61adf62845
宁陵县	商丘	98b20cb1-fcb7-5d7d-b88e-63112f019bd8
安亭北	上海	b4466602-0f7c-59cb-bf36-8083959fd32d
安仁	郴州	4dbe56e9-4530-59b4-8f91-80b4fb17434f
安化	益阳	c1d04aee-9d48-5be8-955a-3a511127fc61
安口窑	平凉	859709fd-6334-5a96-b423-f84d63721684
安图	延边朝鲜族	651323bf-e6f3-5967-bf79-025c56e51f1d
安图西	延边朝鲜族	651323bf-e6f3-5967-bf79-025c56e51f1d
安塘	忻州	ed61505e-53e3-5987-9c3c-ff6c115c5dfe
安多	那曲	befcb9ff-a75e-5963-a177-21803aa99a1e
安定	北京	d721db6a-e56d-58fa-b283-2556241b5b2e
安家	哈尔滨	bf1d85eb-9c0b-5b3f-93c3-8fe4cbe5d4f5
安平	辽阳	9977307d-2307-58bf-82a8-2a685099a8c1
安广	白城	e14d63c8-cbb6-5e52-a095-a4ef127366ce
安庆	安庆	fcfe36f1-aaf0-5bc4-ba3e-e27a1c4295a4
安庆西	安庆	fcfe36f1-aaf0-5bc4-ba3e-e27a1c4295a4
安康	安康	6205e86d-f35d-55f2-9609-cc0be0e224ba
安德	成都	03c69062-0880-5837-bae9-fe487784fe4e
安江东	怀化	20d49eef-b4ae-585a-b42e-e2e3ce505f96
安溪	泉州	efda4ae6-2d2c-5ec3-9a08-c968f29c6768
安达	绥化	0e7d75da-cbab-57de-836f-26fa268a6aa0
安阳	安阳	3e357c50-25a1-5521-9d26-15108262e7db
安阳东	安阳	3e357c50-25a1-5521-9d26-15108262e7db
安陆	孝感	93f810f1-261b-5437-bae7-2dd3b8334c1f
安靖	成都	03c69062-0880-5837-bae9-fe487784fe4e
安顺	安顺	1cd98665-5b4a-53d8-8dbc-93edd79eaf73
安顺西	安顺	1cd98665-5b4a-53d8-8dbc-93edd79eaf73
安龙	黔西南布依族苗族	fb086de2-8860-55bb-b6bf-97a132475801
宋	绥化	0e7d75da-cbab-57de-836f-26fa268a6aa0
宋城路	开封	2a141a53-d5b6-5b31-9b2e-5bcc8f28935d
宏克力	哈尔滨	bf1d85eb-9c0b-5b3f-93c3-8fe4cbe5d4f5
宏庆	陇南	83b9aea0-ef17-5ba9-aa2d-7ccbb5056653
官厅	张家口	b2c73ed7-ab7b-5d95-bb93-df84147aa52a
官厅西	张家口	b2c73ed7-ab7b-5d95-bb93-df84147aa52a
官字井	松原	68f42d61-6c23-57d6-8f79-7724e284450d
官高	北京	d721db6a-e56d-58fa-b283-2556241b5b2e
定南	赣州	d21587d9-79eb-57ea-b106-4e13c3e3af01
定州	保定	2accd732-552a-52e1-9da1-53ba89f40290
定州东	保定	2accd732-552a-52e1-9da1-53ba89f40290
定襄	忻州	ed61505e-53e3-5987-9c3c-ff6c115c5dfe
定西	定西	bf5ef2d2-1f79-5d24-b3f8-989a9921d836
定西北	定西	bf5ef2d2-1f79-5d24-b3f8-989a9921d836
定边	榆林	85d348c8-4bad-5208-9814-b0963d2321ef
定远	滁州	3f171fe4-2435-50d2-8f74-1a2c87bd5be1
定陶	菏泽	0a628620-619e-543e-a2a5-5de8e87f9fab
宜兴	无锡	b101a8b7-1a91-5f39-b908-c133efd9a6c7
宜城	襄阳	be829ddc-0d87-5037-af3a-8808ddc336e9
宜宾	宜宾	66001c0e-b76f-55a9-b8ac-a099a2dd7a5d
宜宾西	宜宾	66001c0e-b76f-55a9-b8ac-a099a2dd7a5d
宜州	河池	60d88a2b-c2ff-5751-ab1c-ebf50e034ff4
宜昌	宜昌	5010267a-bb6f-58cf-9cdd-f89db4be85de
宜昌东	宜昌	5010267a-bb6f-58cf-9cdd-f89db4be85de
宜春	宜春	ea93c114-b902-53e5-b7e6-42a0562b1615
宜春西	宜春	ea93c114-b902-53e5-b7e6-42a0562b1615
宜耐	昆明	6a6a2f3a-a93b-5d79-8740-0f5b6971afed
宜良北	昆明	6a6a2f3a-a93b-5d79-8740-0f5b6971afed
宝丰	平顶山	19f21017-cf44-513a-bd55-05f8f89e36f0
宝华山	镇江	26ea3dd0-d711-52cd-b1ec-d178fc866159
宝坻	天津	cf07e639-6495-564c-b025-0860e87656b8
宝拉格	乌兰察布	538e3cf0-c4bd-52b4-8098-ff9f454cd73b
宝林	牡丹江	07e0ad42-924a-5614-9eb8-00237a1bde8b
宝泉岭	鹤岗	d9cc8b7d-a1b1-512a-8881-3de9c72815b3
宝清	双鸭山	ee666d59-ca38-57dd-847c-b8b34211c9d2
宝鸡	宝鸡	c6afff40-c575-544b-979b-b9293bd5db9e
宝鸡南	宝鸡	c6afff40-c575-544b-979b-b9293bd5db9e
宝龙山	通辽	4d1c7278-9dea-5a9e-b107-4929104685c0
宣化	张家口	b2c73ed7-ab7b-5d95-bb93-df84147aa52a
宣和	中卫	53a49e05-84a2-5b55-a0e8-04fc4f1e06a0
宣城	宣城	1ed1529b-7b44-587e-ab3e-0d18e443a50f
宣威	曲靖	4cb0d11a-5a5c-58ea-ac8b-48c704fe9165
宣汉	达州	a8ca845b-0c63-506b-b1a2-59b834eba679
容县	玉林	f64b82d9-0165-57dc-b94d-c9023840f415
容桂	佛山	d2e9a26d-707e-56db-ade0-f21d0bfed603
宽甸	丹东	6bd1b27d-1504-544e-bfc1-00cdb64f2464
宾州	哈尔滨	bf1d85eb-9c0b-5b3f-93c3-8fe4cbe5d4f5
宾西北	哈尔滨	bf1d85eb-9c0b-5b3f-93c3-8fe4cbe5d4f5
宾阳	南宁	5d3775ba-2be7-55aa-a326-b791148f625d
宿州	宿州	4198e0cb-6093-5cb9-855d-e10f9251606d
宿州东	宿州	4198e0cb-6093-5cb9-855d-e10f9251606d
宿松	安庆	fcfe36f1-aaf0-5bc4-ba3e-e27a1c4295a4
密云北	北京	d721db6a-e56d-58fa-b283-2556241b5b2e
密山	鸡西	bbdd346f-d678-5a67-ac64-d7c2bdbf458c
富县	延安	6b8ab92e-bbe9-582e-8677-dde1f0a74838
富县东	渭南	b439fae3-78f7-5c2b-90c5-a652441c11bc
富宁	文山壮族苗族	f973505f-c85d-5558-874c-acf361124656
富川	贺州	a4090fb8-59a6-5735-972f-45a175e29b7d
富拉尔基	齐齐哈尔	6f43cba3-ae73-5f62-a850-6f09c5a9cbed
富海	齐齐哈尔	6f43cba3-ae73-5f62-a850-6f09c5a9cbed
富源	曲靖	4cb0d11a-5a5c-58ea-ac8b-48c704fe9165
富源北	曲靖	4cb0d11a-5a5c-58ea-ac8b-48c704fe9165
富裕	齐齐哈尔	6f43cba3-ae73-5f62-a850-6f09c5a9cbed
富锦	佳木斯	c6f2638c-2ad9-5c3b-a5c1-db1124e559f3
富阳	杭州	38c8d0a9-f57b-57ea-852e-914ec59023b6
寒岭	辽阳	9977307d-2307-58bf-82a8-2a685099a8c1
寒葱沟	佳木斯	c6f2638c-2ad9-5c3b-a5c1-db1124e559f3
察素齐	呼和浩特	d7f80da7-a85c-5724-ad60-f47cf3f9ea07
寮步	东莞	99c9e005-5dce-5d85-b5bb-e7c2d4172798
对青山	哈尔滨	bf1d85eb-9c0b-5b3f-93c3-8fe4cbe5d4f5
寿阳	晋中	d1770fa1-ddfb-5a11-b443-0aa2d0735ac7
射阳	盐城	1d08f703-cd90-57a3-ba30-bd54afea000a
将乐	三明	d5cfa439-c621-57a7-b029-4752fdb5ef07
小东	锦州	84ff6cdd-4123-5bf5-ac05-bede887d8968
小哨	昆明	6a6a2f3a-a93b-5d79-8740-0f5b6971afed
小寺沟	承德	1373316a-cb1a-509b-a6cb-e5f1a2a6ecf8
小岭	哈尔滨	bf1d85eb-9c0b-5b3f-93c3-8fe4cbe5d4f5
小市	本溪	55e49af1-7f97-5557-8cc5-457c319f926d
小得江	曲靖	4cb0d11a-5a5c-58ea-ac8b-48c704fe9165
小扬气	大兴安岭	3dc98a11-7110-50a4-9446-19664a5c69a8
小新街	昆明	6a6a2f3a-a93b-5d79-8740-0f5b6971afed
小月旧	楚雄彝族	d0a2377f-5995-58b0-9203-16a1f7f250e4
小村	楚雄彝族	d0a2377f-5995-58b0-9203-16a1f7f250e4
小榄	中山	53490542-fe11-5f25-b1d5-999d3cb6ab20
小河沿	赤峰	bacdb061-dc48-5d6d-b61e-552c16634b7b
小河镇	安康	6205e86d-f35d-55f2-9609-cc0be0e224ba
小董	钦州	c7792f0b-210e-5dc3-a877-a238341ecd69
小西庄	保定	2accd732-552a-52e1-9da1-53ba89f40290
小金口	惠州	ae2a75aa-b0aa-505b-8a7c-0f96deec2b94
小雨谷	六盘水	56052d4c-5b32-550a-a748-dec9d9e30fba
尖山	长沙	1ea20e7e-6a17-5531-93e3-302245162382
尖峰	海南省-自治区直辖县级行政区划	80f8a3af-31a2-5797-89f4-0ca9906b3527
尚家	绥化	0e7d75da-cbab-57de-836f-26fa268a6aa0
尚志	哈尔滨	bf1d85eb-9c0b-5b3f-93c3-8fe4cbe5d4f5
尚志南	哈尔滨	bf1d85eb-9c0b-5b3f-93c3-8fe4cbe5d4f5
尤溪	三明	d5cfa439-c621-57a7-b029-4752fdb5ef07
尹地	楚雄彝族	d0a2377f-5995-58b0-9203-16a1f7f250e4
尼勒克	伊犁哈萨克	51830e2b-c121-52be-9aec-a5fb2338e485
尼木	拉萨	c060d494-6f54-546a-87dd-e48dd2b0b8d8
屏山	宜宾	66001c0e-b76f-55a9-b8ac-a099a2dd7a5d
屏边	红河哈尼族彝族	41aa8864-6744-55bb-a717-6e0896a515a9
山丹	张掖	b8a283bc-8782-595d-99b6-96d732092f17
山坡东	咸宁	d318f2ce-a120-5bee-8dc6-17728d1b45c2
山城镇	通化	1a094200-342b-5cd5-98f5-263d29ae8a7a
山市	牡丹江	07e0ad42-924a-5614-9eb8-00237a1bde8b
山河屯	哈尔滨	bf1d85eb-9c0b-5b3f-93c3-8fe4cbe5d4f5
山海关	秦皇岛	9d95ca32-b387-594a-b3f5-a5655f0c9462
山阴	朔州	f2b2245b-cb14-588c-841a-2954c0efc354
岐山	宝鸡	c6afff40-c575-544b-979b-b9293bd5db9e
岑溪	梧州	ac63a623-a533-53c9-922f-e4c1c509af52
岔江	黔西南布依族苗族	fb086de2-8860-55bb-b6bf-97a132475801
岚县	吕梁	31702d3b-f41d-56da-8798-56c96ad5564b
岚山西	日照	bf8c5a46-a1fd-5bcd-a014-e39bbf83b452
岢岚	忻州	ed61505e-53e3-5987-9c3c-ff6c115c5dfe
岩会	阳泉	43da6d42-7edf-5cae-b4f9-1b6d5f50ca45
岱岳	朔州	f2b2245b-cb14-588c-841a-2954c0efc354
岳家井	阿拉善	ad002fdf-f610-5839-b724-922ca4111605
岳池	广安	5e20a069-e4c0-5602-8bb5-c5f82ddc1790
岳阳	岳阳	696dc68f-8057-5a31-9cf4-db3345101dcc
岳阳东	岳阳	696dc68f-8057-5a31-9cf4-db3345101dcc
岷县	定西	bf5ef2d2-1f79-5d24-b3f8-989a9921d836
峡江	吉安	de510646-1a63-526b-b027-ec0baff08e1e
峨眉	乐山	13109359-3236-52fd-9a9f-9e76690620ed
峨眉山	乐山	13109359-3236-52fd-9a9f-9e76690620ed
峨边	乐山	13109359-3236-52fd-9a9f-9e76690620ed
峻德	鹤岗	d9cc8b7d-a1b1-512a-8881-3de9c72815b3
崇仁	抚州	9c042cb6-f769-522c-8a7f-c7fcf217a16a
崇州	成都	03c69062-0880-5837-bae9-fe487784fe4e
崇左	崇左	39df15f2-48dc-5feb-95fe-5e7ee7de8557
崔黄口	天津	cf07e639-6495-564c-b025-0860e87656b8
崖州	三亚	06efca87-4a90-5ff3-ad74-4b233093f3b5
嵩明	昆明	6a6a2f3a-a93b-5d79-8740-0f5b6971afed
嵯岗	呼伦贝尔	b226141a-f415-5c10-906b-92f634623aef
巢湖	合肥	ea43a508-4567-5bf0-87da-549899c824fc
巢湖东	合肥	ea43a508-4567-5bf0-87da-549899c824fc
工农湖	松原	68f42d61-6c23-57d6-8f79-7724e284450d
左岭	武汉	39d1951e-19c0-579d-b912-a178b69ae641
巨宝	松原	68f42d61-6c23-57d6-8f79-7724e284450d
巨野	菏泽	0a628620-619e-543e-a2a5-5de8e87f9fab
巩义	郑州	da3a0933-16eb-56a0-9911-eefa6edad967
巩义南	郑州	da3a0933-16eb-56a0-9911-eefa6edad967
巴东	恩施土家族苗族	e54c51fb-9044-52e0-82bb-e7ff70ae2f09
巴中	巴中	63205425-3cd6-5211-a0b2-a5dbe5e5c15f
巴中东	巴中	63205425-3cd6-5211-a0b2-a5dbe5e5c15f
巴山	汉中	60336a4c-c384-5380-83d0-05e687856f4e
巴彦高勒	巴彦淖尔	8cc2d64c-8db5-52e8-89a9-3deb446183e7
巴林	呼伦贝尔	b226141a-f415-5c10-906b-92f634623aef
巴楚	喀什	17da38e9-ad6d-5efc-a47e-1b4a421e9a22
布列开	伊犁哈萨克	51830e2b-c121-52be-9aec-a5fb2338e485
布海	长春	b31467e8-ee25-5af4-b3cb-eb05045f8386
师宗	曲靖	4cb0d11a-5a5c-58ea-ac8b-48c704fe9165
师庄	攀枝花	45fe30b4-5fc6-50a8-b2a2-901457374b56
带岭	伊春	bb3a809d-181e-5668-b712-26a387ae2710
常山	衢州	3b7d081d-2591-541f-b06d-8c5fca7ce5bb
常州	常州	1b88cc81-d4d4-505c-8251-394788ee2a72
常州北	常州	1b88cc81-d4d4-505c-8251-394788ee2a72
常平	东莞	99c9e005-5dce-5d85-b5bb-e7c2d4172798
常平东	东莞	99c9e005-5dce-5d85-b5bb-e7c2d4172798
常平南	东莞	99c9e005-5dce-5d85-b5bb-e7c2d4172798
常庄	济南	1f48df29-20c5-56d2-9337-1332b1647122
常德	常德	748efe7a-f040-522b-84b1-d604c711c862
帽儿山	哈尔滨	bf1d85eb-9c0b-5b3f-93c3-8fe4cbe5d4f5
帽儿山西	哈尔滨	bf1d85eb-9c0b-5b3f-93c3-8fe4cbe5d4f5
干塘	中卫	53a49e05-84a2-5b55-a0e8-04fc4f1e06a0
干沟	通化	1a094200-342b-5cd5-98f5-263d29ae8a7a
平关	六盘水	56052d4c-5b32-550a-a748-dec9d9e30fba
平凉	平凉	859709fd-6334-5a96-b423-f84d63721684
平凉南	平凉	859709fd-6334-5a96-b423-f84d63721684
平南南	贵港	1987e54e-8dfb-57d8-90a8-c09689661b7c
平原	德州	8d09dcad-9ad8-5b36-8182-040ed9695486
平原东	德州	8d09dcad-9ad8-5b36-8182-040ed9695486
平原堡	张掖	b8a283bc-8782-595d-99b6-96d732092f17
平台	白城	e14d63c8-cbb6-5e52-a095-a4ef127366ce
平坝南	安顺	1cd98665-5b4a-53d8-8dbc-93edd79eaf73
平型关	大同	424cbf4a-06ec-5433-81aa-98da238c1bd6
平安	吉林	f039f35d-a552-5a7b-8815-fee7bdaf6693
平安镇	白城	e14d63c8-cbb6-5e52-a095-a4ef127366ce
平安驿	海东	6733da34-7435-51a3-a1c9-8fa96045f477
平山	哈尔滨	bf1d85eb-9c0b-5b3f-93c3-8fe4cbe5d4f5
平岗	辽源	3953465f-af90-5a91-9e75-ab60b6e9bd39
平峪	北京	d721db6a-e56d-58fa-b283-2556241b5b2e
平庄	赤峰	bacdb061-dc48-5d6d-b61e-552c16634b7b
平庄南	赤峰	bacdb061-dc48-5d6d-b61e-552c16634b7b
平度	青岛	4799b170-1b20-5f64-a80c-cd7600ddfcdc
平房	哈尔滨	bf1d85eb-9c0b-5b3f-93c3-8fe4cbe5d4f5
平旺	大同	424cbf4a-06ec-5433-81aa-98da238c1bd6
平昌	巴中	63205425-3cd6-5211-a0b2-a5dbe5e5c15f
平果	百色	b19a352d-6e8d-5aeb-9eff-0be42b91dd27
平河口	曲靖	4cb0d11a-5a5c-58ea-ac8b-48c704fe9165
平泉	承德	1373316a-cb1a-509b-a6cb-e5f1a2a6ecf8
平泉北	承德	1373316a-cb1a-509b-a6cb-e5f1a2a6ecf8
平洋	齐齐哈尔	6f43cba3-ae73-5f62-a850-6f09c5a9cbed
平湖	深圳	17c7f7c5-7904-527a-9a7a-b0edf2ffd375
平田	六盘水	56052d4c-5b32-550a-a748-dec9d9e30fba
平社	忻州	ed61505e-53e3-5987-9c3c-ff6c115c5dfe
平遥	晋中	d1770fa1-ddfb-5a11-b443-0aa2d0735ac7
平遥古城	晋中	d1770fa1-ddfb-5a11-b443-0aa2d0735ac7
平邑	临沂	8dbbad97-ddec-5fb6-b999-86fdcda31e8c
平阳	温州	50b0f1f1-ae3c-50d8-b828-6ea31fcb7b2c
平顶山	平顶山	19f21017-cf44-513a-bd55-05f8f89e36f0
平顶山西	平顶山	19f21017-cf44-513a-bd55-05f8f89e36f0
广元	广元	1db6b4a4-d194-5a15-93a9-f7974de0bce2
广元南	广元	1db6b4a4-d194-5a15-93a9-f7974de0bce2
广南卫	昆明	6a6a2f3a-a93b-5d79-8740-0f5b6971afed
广南县	文山壮族苗族	f973505f-c85d-5558-874c-acf361124656
广宁	肇庆	3bada160-0010-5397-af5a-6339fbe7f8e5
广宁寺	大连	675e944d-5945-56d5-bb53-8fc64015687c
广宁寺南	大连	675e944d-5945-56d5-bb53-8fc64015687c
广安	广安	5e20a069-e4c0-5602-8bb5-c5f82ddc1790
广安南	广安	5e20a069-e4c0-5602-8bb5-c5f82ddc1790
广州	广州	2bd99adc-e4d4-57a9-9027-f594f6acf0a2
广州东	广州	2bd99adc-e4d4-57a9-9027-f594f6acf0a2
广州北	广州	2bd99adc-e4d4-57a9-9027-f594f6acf0a2
广州南	广州	2bd99adc-e4d4-57a9-9027-f594f6acf0a2
广州西	广州	2bd99adc-e4d4-57a9-9027-f594f6acf0a2
广德	宣城	1ed1529b-7b44-587e-ab3e-0d18e443a50f
广水	随州	b554f0ad-a9ca-5bcf-ac5b-01cede42e37f
广汉	德阳	0bf060eb-8e06-5552-874d-cdee916fd732
广汉北	德阳	0bf060eb-8e06-5552-874d-cdee916fd732
广通北	楚雄彝族	d0a2377f-5995-58b0-9203-16a1f7f250e4
庄桥	宁波	bd7fdf9a-5054-50f0-af3c-5b61adf62845
庄河北	大连	675e944d-5945-56d5-bb53-8fc64015687c
庆丰	松原	68f42d61-6c23-57d6-8f79-7724e284450d
庆安	绥化	0e7d75da-cbab-57de-836f-26fa268a6aa0
庆盛	广州	2bd99adc-e4d4-57a9-9027-f594f6acf0a2
庆阳山	阿拉善	ad002fdf-f610-5839-b724-922ca4111605
庐山	九江	85b0a9b1-7dfe-51b9-93f4-9ab616e19c78
庐江	合肥	ea43a508-4567-5bf0-87da-549899c824fc
库伦	通辽	4d1c7278-9dea-5a9e-b107-4929104685c0
库尔勒	巴音郭楞蒙古	b137577a-4d75-5d61-af4f-57010f0daecb
库车	阿克苏	1b9c196b-3d6e-5e40-b099-2bc0857cd653
库都尔	呼伦贝尔	b226141a-f415-5c10-906b-92f634623aef
应县	朔州	f2b2245b-cb14-588c-841a-2954c0efc354
应城	孝感	93f810f1-261b-5437-bae7-2dd3b8334c1f
庙城	北京	d721db6a-e56d-58fa-b283-2556241b5b2e
庙山	武汉	39d1951e-19c0-579d-b912-a178b69ae641
庙岭	延边朝鲜族	651323bf-e6f3-5967-bf79-025c56e51f1d
庙庄	平凉	859709fd-6334-5a96-b423-f84d63721684
康城	邯郸	48e79958-bc92-5ac6-a68e-30f76c7ba4ff
康庄	北京	d721db6a-e56d-58fa-b283-2556241b5b2e
康熙岭	钦州	c7792f0b-210e-5dc3-a877-a238341ecd69
康金井	哈尔滨	bf1d85eb-9c0b-5b3f-93c3-8fe4cbe5d4f5
廉江	湛江	71601399-91c9-5889-aec4-fc901845333c
廊坊	廊坊	06acfd4b-2491-5f63-b36d-5441f6e3e442
廊坊北	廊坊	06acfd4b-2491-5f63-b36d-5441f6e3e442
延吉	延边朝鲜族	651323bf-e6f3-5967-bf79-025c56e51f1d
延吉西	延边朝鲜族	651323bf-e6f3-5967-bf79-025c56e51f1d
延安	延安	6b8ab92e-bbe9-582e-8677-dde1f0a74838
延平西	南平	255dd78d-c678-5b33-bc96-e3e2a3b84ce8
延庆	北京	d721db6a-e56d-58fa-b283-2556241b5b2e
建三江	佳木斯	c6f2638c-2ad9-5c3b-a5c1-db1124e559f3
建始	恩施土家族苗族	e54c51fb-9044-52e0-82bb-e7ff70ae2f09
建宁县北	三明	d5cfa439-c621-57a7-b029-4752fdb5ef07
建安	辽源	3953465f-af90-5a91-9e75-ab60b6e9bd39
建德	杭州	38c8d0a9-f57b-57ea-852e-914ec59023b6
建昌	葫芦岛	479a31e5-8200-512a-bb35-6a18eb5d3381
建水	红河哈尼族彝族	41aa8864-6744-55bb-a717-6e0896a515a9
建湖	盐城	1d08f703-cd90-57a3-ba30-bd54afea000a
建瓯	南平	255dd78d-c678-5b33-bc96-e3e2a3b84ce8
建瓯西	南平	255dd78d-c678-5b33-bc96-e3e2a3b84ce8
建设	白城	e14d63c8-cbb6-5e52-a095-a4ef127366ce
建阳	南平	255dd78d-c678-5b33-bc96-e3e2a3b84ce8
开化	衢州	3b7d081d-2591-541f-b06d-8c5fca7ce5bb
开原	铁岭	a999ec8e-ed73-57b8-bdd6-1aa03ab6879d
开原西	铁岭	a999ec8e-ed73-57b8-bdd6-1aa03ab6879d
开安	长春	b31467e8-ee25-5af4-b3cb-eb05045f8386
开封	开封	2a141a53-d5b6-5b31-9b2e-5bcc8f28935d
开封北	开封	2a141a53-d5b6-5b31-9b2e-5bcc8f28935d
开平南	江门	e347fd94-59ed-55df-b915-629fdaafb24a
开江	达州	a8ca845b-0c63-506b-b1a2-59b834eba679
开福寺	长沙	1ea20e7e-6a17-5531-93e3-302245162382
开阳	贵阳	d5a3678d-33a9-5da5-bfe0-3e343eeb24ab
开鲁	通辽	4d1c7278-9dea-5a9e-b107-4929104685c0
弋江	芜湖	4d31e856-0a40-5eca-a1ba-9ba515e37008
弋阳	上饶	be78b24d-5f03-54e8-ba02-a40bac892ba8
弓棚子	松原	68f42d61-6c23-57d6-8f79-7724e284450d
张兰	晋中	d1770fa1-ddfb-5a11-b443-0aa2d0735ac7
张家口	张家口	b2c73ed7-ab7b-5d95-bb93-df84147aa52a
张家口南	张家口	b2c73ed7-ab7b-5d95-bb93-df84147aa52a
张家川	天水	15a5dff1-a212-5487-9091-e846753493b2
张家界	张家界	b286e260-edb9-54df-a6e6-6ad92b8157c6
张掖	张掖	b8a283bc-8782-595d-99b6-96d732092f17
张掖西	张掖	b8a283bc-8782-595d-99b6-96d732092f17
张桥	渭南	b439fae3-78f7-5c2b-90c5-a652441c11bc
张百湾	承德	1373316a-cb1a-509b-a6cb-e5f1a2a6ecf8
张维屯	绥化	0e7d75da-cbab-57de-836f-26fa268a6aa0
张辛	北京	d721db6a-e56d-58fa-b283-2556241b5b2e
弥勒	红河哈尼族彝族	41aa8864-6744-55bb-a717-6e0896a515a9
弥渡	大理白族	e2af5f9e-677d-5526-9b77-277a62e93ef6
归流河	兴安	bfa75c64-1f96-5d86-93d7-116cc73b9794
当涂东	马鞍山	18c490cc-fa5d-5e67-b601-45a165485245
当阳	宜昌	5010267a-bb6f-58cf-9cdd-f89db4be85de
彝良	昭通	64581ab4-c223-53d6-8e0f-b165d978889d
彬州	咸阳	74af60de-943f-5954-b526-a489f74e16e2
彭山	眉山	d8b556a2-2593-559f-aaaf-982f2d3e7938
彭山北	眉山	d8b556a2-2593-559f-aaaf-982f2d3e7938
彭州	成都	03c69062-0880-5837-bae9-fe487784fe4e
彭州南	成都	03c69062-0880-5837-bae9-fe487784fe4e
彭水	重庆	d88ce193-ca3a-5770-913b-13a872ece3fb
彭泽	九江	85b0a9b1-7dfe-51b9-93f4-9ab616e19c78
彭阳	固原	74e54c34-05fe-5fb4-b2ee-e0ca5e02a125
彰武	阜新	5fc0ce43-f93e-5d25-b09d-050770717a8b
徐家	哈尔滨	bf1d85eb-9c0b-5b3f-93c3-8fe4cbe5d4f5
徐家店	烟台	46d24d3a-9a88-541d-a1ca-fe10b2206a3e
徐州	徐州	391cd36e-0e1a-572a-8710-bf155ad89179
徐州东	徐州	391cd36e-0e1a-572a-8710-bf155ad89179
徐水	保定	2accd732-552a-52e1-9da1-53ba89f40290
徐闻	湛江	71601399-91c9-5889-aec4-fc901845333c
得耳布尔	呼伦贝尔	b226141a-f415-5c10-906b-92f634623aef
得莫利	哈尔滨	bf1d85eb-9c0b-5b3f-93c3-8fe4cbe5d4f5
徘徊北	邯郸	48e79958-bc92-5ac6-a68e-30f76c7ba4ff
微子镇	长治	90500a96-3f31-5d31-9a96-5faa885ef329
德令哈	海西蒙古族藏族	9c2295d9-cc03-556b-8da7-040464bd510c
德伯斯	兴安	bfa75c64-1f96-5d86-93d7-116cc73b9794
德保	百色	b19a352d-6e8d-5aeb-9eff-0be42b91dd27
德兴	上饶	be78b24d-5f03-54e8-ba02-a40bac892ba8
德兴东	上饶	be78b24d-5f03-54e8-ba02-a40bac892ba8
德安	九江	85b0a9b1-7dfe-51b9-93f4-9ab616e19c78
德州	德州	8d09dcad-9ad8-5b36-8182-040ed9695486
德州东	德州	8d09dcad-9ad8-5b36-8182-040ed9695486
德惠	长春	b31467e8-ee25-5af4-b3cb-eb05045f8386
德惠西	长春	b31467e8-ee25-5af4-b3cb-eb05045f8386
德昌	凉山彝族	316c65a2-f1b8-5f10-b44a-2508e62c5550
德清	湖州	d9904ec4-2bac-59ce-9630-4b548039d662
德清西	湖州	d9904ec4-2bac-59ce-9630-4b548039d662
德阳	德阳	0bf060eb-8e06-5552-874d-cdee916fd732
徽县	陇南	83b9aea0-ef17-5ba9-aa2d-7ccbb5056653
忻州	忻州	ed61505e-53e3-5987-9c3c-ff6c115c5dfe
忻州西	忻州	ed61505e-53e3-5987-9c3c-ff6c115c5dfe
怀仁	朔州	f2b2245b-cb14-588c-841a-2954c0efc354
怀仁东	朔州	f2b2245b-cb14-588c-841a-2954c0efc354
怀化	怀化	20d49eef-b4ae-585a-b42e-e2e3ce505f96
怀化南	怀化	20d49eef-b4ae-585a-b42e-e2e3ce505f96
怀柔	北京	d721db6a-e56d-58fa-b283-2556241b5b2e
怀柔北	北京	d721db6a-e56d-58fa-b283-2556241b5b2e
怀集	肇庆	3bada160-0010-5397-af5a-6339fbe7f8e5
恩平	江门	e347fd94-59ed-55df-b915-629fdaafb24a
恩施	恩施土家族苗族	e54c51fb-9044-52e0-82bb-e7ff70ae2f09
恭城	桂林	fae9a80c-663e-5b46-97df-edfaeec36405
息县	信阳	605c11d4-ccde-5cdc-82df-473f8da9ba08
息烽	贵阳	d5a3678d-33a9-5da5-bfe0-3e343eeb24ab
悬钟	邯郸	48e79958-bc92-5ac6-a68e-30f76c7ba4ff
惠东	惠州	ae2a75aa-b0aa-505b-8a7c-0f96deec2b94
惠农	石嘴山	8cab18d9-b68d-5fae-a52f-fb58bbba4e7d
惠安	泉州	efda4ae6-2d2c-5ec3-9a08-c968f29c6768
惠山	无锡	b101a8b7-1a91-5f39-b908-c133efd9a6c7
惠州	惠州	ae2a75aa-b0aa-505b-8a7c-0f96deec2b94
惠州南	惠州	ae2a75aa-b0aa-505b-8a7c-0f96deec2b94
惠州西	惠州	ae2a75aa-b0aa-505b-8a7c-0f96deec2b94
惠环	惠州	ae2a75aa-b0aa-505b-8a7c-0f96deec2b94
慈利	张家界	b286e260-edb9-54df-a6e6-6ad92b8157c6
成吉思汗	呼伦贝尔	b226141a-f415-5c10-906b-92f634623aef
成都	成都	03c69062-0880-5837-bae9-fe487784fe4e
成都东	成都	03c69062-0880-5837-bae9-fe487784fe4e
成都南	成都	03c69062-0880-5837-bae9-fe487784fe4e
成都西	成都	03c69062-0880-5837-bae9-fe487784fe4e
成高子	哈尔滨	bf1d85eb-9c0b-5b3f-93c3-8fe4cbe5d4f5
戚墅堰	常州	1b88cc81-d4d4-505c-8251-394788ee2a72
扎兰屯	呼伦贝尔	b226141a-f415-5c10-906b-92f634623aef
扎赉诺尔西	呼伦贝尔	b226141a-f415-5c10-906b-92f634623aef
扎鲁特	通辽	4d1c7278-9dea-5a9e-b107-4929104685c0
打柴沟	武威	e469de7d-a826-51c2-8769-1a68ea64f4ac
托克托东	呼和浩特	d7f80da7-a85c-5724-ad60-f47cf3f9ea07
扬州	扬州	4ed456e6-c468-59f4-a0f9-b8714127ce37
扶余	松原	68f42d61-6c23-57d6-8f79-7724e284450d
扶余北	松原	68f42d61-6c23-57d6-8f79-7724e284450d
扶绥	崇左	39df15f2-48dc-5feb-95fe-5e7ee7de8557
承德	承德	1373316a-cb1a-509b-a6cb-e5f1a2a6ecf8
承德东	承德	1373316a-cb1a-509b-a6cb-e5f1a2a6ecf8
承德南	承德	1373316a-cb1a-509b-a6cb-e5f1a2a6ecf8
承德县北	承德	1373316a-cb1a-509b-a6cb-e5f1a2a6ecf8
抚宁	秦皇岛	9d95ca32-b387-594a-b3f5-a5655f0c9462
抚州	抚州	9c042cb6-f769-522c-8a7f-c7fcf217a16a
抚州东	抚州	9c042cb6-f769-522c-8a7f-c7fcf217a16a
抚州北	抚州	9c042cb6-f769-522c-8a7f-c7fcf217a16a
抚松	白山	10c1360c-3b27-5353-80e9-1168e448f76b
抚远	佳木斯	c6f2638c-2ad9-5c3b-a5c1-db1124e559f3
抚顺	抚顺	9e54e965-d891-53c5-b2ea-cf1514ef40d4
抚顺北	抚顺	9e54e965-d891-53c5-b2ea-cf1514ef40d4
拉古	牡丹江	07e0ad42-924a-5614-9eb8-00237a1bde8b
拉哈	齐齐哈尔	6f43cba3-ae73-5f62-a850-6f09c5a9cbed
拉林	哈尔滨	bf1d85eb-9c0b-5b3f-93c3-8fe4cbe5d4f5
拉萨	拉萨	c060d494-6f54-546a-87dd-e48dd2b0b8d8
拉鲊	攀枝花	45fe30b4-5fc6-50a8-b2a2-901457374b56
招柏	大同	424cbf4a-06ec-5433-81aa-98da238c1bd6
换新天	佳木斯	c6f2638c-2ad9-5c3b-a5c1-db1124e559f3
揭阳	揭阳	cbd95c51-5441-5651-9760-30ea2636557c
攀枝花	攀枝花	45fe30b4-5fc6-50a8-b2a2-901457374b56
攸县	株洲	30094f44-11f9-56d8-a8e5-d963c4f22c59
攸县南	株洲	30094f44-11f9-56d8-a8e5-d963c4f22c59
敖力布告	通辽	4d1c7278-9dea-5a9e-b107-4929104685c0
敖汉	赤峰	bacdb061-dc48-5d6d-b61e-552c16634b7b
敦化	延边朝鲜族	651323bf-e6f3-5967-bf79-025c56e51f1d
敦煌	酒泉	09f47d2e-f25b-5142-95c8-2eadf706ef10
文地	玉林	f64b82d9-0165-57dc-b94d-c9023840f415
文安	廊坊	06acfd4b-2491-5f63-b36d-5441f6e3e442
文昌	海南省-自治区直辖县级行政区划	80f8a3af-31a2-5797-89f4-0ca9906b3527
文水	吕梁	31702d3b-f41d-56da-8798-56c96ad5564b
文登	威海	7c6ca8a3-1b6e-53b3-9593-e023e406b521
文登东	威海	7c6ca8a3-1b6e-53b3-9593-e023e406b521
斜河涧	北京	d721db6a-e56d-58fa-b283-2556241b5b2e
新乐	石家庄	a140ced1-fdf8-5d24-90ce-ed8e98801e07
新乡	新乡	a7b5cb21-a0a5-538e-b173-971eae64725f
新乡东	新乡	a7b5cb21-a0a5-538e-b173-971eae64725f
新会	江门	e347fd94-59ed-55df-b915-629fdaafb24a
新余	新余	ce329062-bc2e-56be-aa5b-741c56366caf
新余北	新余	ce329062-bc2e-56be-aa5b-741c56366caf
新保安	张家口	b2c73ed7-ab7b-5d95-bb93-df84147aa52a
新兴县	云浮	a2915f8f-7ec5-55a8-8f05-7a0a0c854eb3
新化	娄底	33921910-b5d7-5981-989d-a02a31832746
新化南	娄底	33921910-b5d7-5981-989d-a02a31832746
新华	鹤岗	d9cc8b7d-a1b1-512a-8881-3de9c72815b3
新华屯	大庆	d3dc72db-afa9-531b-b6b4-ccf73f514483
新县	信阳	605c11d4-ccde-5cdc-82df-473f8da9ba08
新友谊	双鸭山	ee666d59-ca38-57dd-847c-b8b34211c9d2
新和	阿克苏	1b9c196b-3d6e-5e40-b099-2bc0857cd653
新坪田	黔西南布依族苗族	fb086de2-8860-55bb-b6bf-97a132475801
新城子	沈阳	5153e8e7-7633-5762-b223-e3e7f0e482fc
新安	曲靖	4cb0d11a-5a5c-58ea-ac8b-48c704fe9165
新安县	洛阳	a6320a2f-3417-5a73-871d-5ac5cddd2e04
新帐房	呼伦贝尔	b226141a-f415-5c10-906b-92f634623aef
新干	吉安	de510646-1a63-526b-b027-ec0baff08e1e
新晃	怀化	20d49eef-b4ae-585a-b42e-e2e3ce505f96
新晃西	怀化	20d49eef-b4ae-585a-b42e-e2e3ce505f96
新李	平凉	859709fd-6334-5a96-b423-f84d63721684
新杖子	承德	1373316a-cb1a-509b-a6cb-e5f1a2a6ecf8
新松浦	哈尔滨	bf1d85eb-9c0b-5b3f-93c3-8fe4cbe5d4f5
新林	大兴安岭	3dc98a11-7110-50a4-9446-19664a5c69a8
新民	沈阳	5153e8e7-7633-5762-b223-e3e7f0e482fc
新民北	沈阳	5153e8e7-7633-5762-b223-e3e7f0e482fc
新江	攀枝花	45fe30b4-5fc6-50a8-b2a2-901457374b56
新沂	徐州	391cd36e-0e1a-572a-8710-bf155ad89179
新津	成都	03c69062-0880-5837-bae9-fe487784fe4e
新津南	成都	03c69062-0880-5837-bae9-fe487784fe4e
新窝铺	赤峰	bacdb061-dc48-5d6d-b61e-552c16634b7b
新立屯	锦州	84ff6cdd-4123-5bf5-ac05-bede887d8968
新立镇	长春	b31467e8-ee25-5af4-b3cb-eb05045f8386
新绛	运城	b09b5fe3-da91-53b2-8d52-0c068d311f1a
新绰源	呼伦贝尔	b226141a-f415-5c10-906b-92f634623aef
新肇	大庆	d3dc72db-afa9-531b-b6b4-ccf73f514483
新邱	阜新	5fc0ce43-f93e-5d25-b09d-050770717a8b
新郑机场	郑州	da3a0933-16eb-56a0-9911-eefa6edad967
新都东	成都	03c69062-0880-5837-bae9-fe487784fe4e
新阳镇	天水	15a5dff1-a212-5487-9091-e846753493b2
新青	伊春	bb3a809d-181e-5668-b712-26a387ae2710
新香坊北	哈尔滨	bf1d85eb-9c0b-5b3f-93c3-8fe4cbe5d4f5
方正	哈尔滨	bf1d85eb-9c0b-5b3f-93c3-8fe4cbe5d4f5
施家嘴	昆明	6a6a2f3a-a93b-5d79-8740-0f5b6971afed
施秉	黔东南苗族侗族	b1dbde35-9276-5fe4-aeae-0447d47d8882
旅顺	大连	675e944d-5945-56d5-bb53-8fc64015687c
旌德	宣城	1ed1529b-7b44-587e-ab3e-0d18e443a50f
旗下营	乌兰察布	538e3cf0-c4bd-52b4-8098-ff9f454cd73b
旗下营南	乌兰察布	538e3cf0-c4bd-52b4-8098-ff9f454cd73b
无为	芜湖	4d31e856-0a40-5eca-a1ba-9ba515e37008
无为南	芜湖	4d31e856-0a40-5eca-a1ba-9ba515e37008
无锡	无锡	b101a8b7-1a91-5f39-b908-c133efd9a6c7
无锡东	无锡	b101a8b7-1a91-5f39-b908-c133efd9a6c7
无锡新区	无锡	b101a8b7-1a91-5f39-b908-c133efd9a6c7
日喀则	日喀则	c7aed649-1164-5046-93e0-ddf7b78094db
日照	日照	bf8c5a46-a1fd-5bcd-a014-e39bbf83b452
日照西	日照	bf8c5a46-a1fd-5bcd-a014-e39bbf83b452
旧庄窝	张家口	b2c73ed7-ab7b-5d95-bb93-df84147aa52a
旬阳	安康	6205e86d-f35d-55f2-9609-cc0be0e224ba
旬阳北	安康	6205e86d-f35d-55f2-9609-cc0be0e224ba
旺苍	广元	1db6b4a4-d194-5a15-93a9-f7974de0bce2
昂昂溪	齐齐哈尔	6f43cba3-ae73-5f62-a850-6f09c5a9cbed
昆山	苏州	9c722789-c612-5e9d-b091-e1f83c16f0c1
昆山南	苏州	9c722789-c612-5e9d-b091-e1f83c16f0c1
昆明	昆明	6a6a2f3a-a93b-5d79-8740-0f5b6971afed
昆明南	昆明	6a6a2f3a-a93b-5d79-8740-0f5b6971afed
昆明西	昆明	6a6a2f3a-a93b-5d79-8740-0f5b6971afed
昆玉	新疆维吾尔自治区-自治区直辖县级行政区划	f6f0df05-9064-5699-a491-e9e6bd1af588
昆都仑召	包头	17d0b82f-eb76-5664-8a1e-7e241ef3f7ec
昆阳	昆明	6a6a2f3a-a93b-5d79-8740-0f5b6971afed
昌乐	潍坊	caa74358-1304-541c-b9cf-b6b07d1c9ace
昌图	铁岭	a999ec8e-ed73-57b8-bdd6-1aa03ab6879d
昌图西	铁岭	a999ec8e-ed73-57b8-bdd6-1aa03ab6879d
昌平	北京	d721db6a-e56d-58fa-b283-2556241b5b2e
昌平北	北京	d721db6a-e56d-58fa-b283-2556241b5b2e
昌黎	秦皇岛	9d95ca32-b387-594a-b3f5-a5655f0c9462
明光	滁州	3f171fe4-2435-50d2-8f74-1a2c87bd5be1
明城	吉林	f039f35d-a552-5a7b-8815-fee7bdaf6693
明水河	兴安	bfa75c64-1f96-5d86-93d7-116cc73b9794
明港	信阳	605c11d4-ccde-5cdc-82df-473f8da9ba08
明港东	信阳	605c11d4-ccde-5cdc-82df-473f8da9ba08
明珠	珠海	04f1cc69-232c-5997-bc69-d476160bd74d
春湾	阳江	3053187e-d7c1-59f5-9683-848fead7186b
春阳	延边朝鲜族	651323bf-e6f3-5967-bf79-025c56e51f1d
昭化	广元	1db6b4a4-d194-5a15-93a9-f7974de0bce2
昭山	湘潭	6c36bcad-d2e3-530d-8daf-aa9c7d03c9a6
昭通	昭通	64581ab4-c223-53d6-8e0f-b165d978889d
晋中	晋中	d1770fa1-ddfb-5a11-b443-0aa2d0735ac7
晋城	晋城	74fbc8ef-bbaf-5587-918f-771ed7945889
晋城北	晋城	74fbc8ef-bbaf-5587-918f-771ed7945889
晋州	石家庄	a140ced1-fdf8-5d24-90ce-ed8e98801e07
晋江	泉州	efda4ae6-2d2c-5ec3-9a08-c968f29c6768
晏城	德州	8d09dcad-9ad8-5b36-8182-040ed9695486
晨明	伊春	bb3a809d-181e-5668-b712-26a387ae2710
普兰店	大连	675e944d-5945-56d5-bb53-8fc64015687c
普宁	揭阳	cbd95c51-5441-5651-9760-30ea2636557c
普安	武汉	39d1951e-19c0-579d-b912-a178b69ae641
普安县	黔西南布依族苗族	fb086de2-8860-55bb-b6bf-97a132475801
普定	安顺	1cd98665-5b4a-53d8-8dbc-93edd79eaf73
普湾	大连	675e944d-5945-56d5-bb53-8fc64015687c
普者黑	文山壮族苗族	f973505f-c85d-5558-874c-acf361124656
普雄	凉山彝族	316c65a2-f1b8-5f10-b44a-2508e62c5550
景州	衡水	5e4f063a-c014-5298-b2fa-d9f24cdff5c3
景德镇	景德镇	b4711d9f-7abd-5995-b64a-8a90de869b08
景德镇北	景德镇	b4711d9f-7abd-5995-b64a-8a90de869b08
景泰	白银	5ae360de-1ce6-5f71-b372-2a5bb6dfa7d0
暖泉	银川	fe934c10-9946-5b8e-b2ea-038bbe3b011e
暮云	长沙	1ea20e7e-6a17-5531-93e3-302245162382
曲水县	拉萨	c060d494-6f54-546a-87dd-e48dd2b0b8d8
曲江	红河哈尼族彝族	41aa8864-6744-55bb-a717-6e0896a515a9
曲阜	济宁	c1239aa9-60e9-5d8e-a9ed-9224397b450b
曲阜东	济宁	c1239aa9-60e9-5d8e-a9ed-9224397b450b
曲靖	曲靖	4cb0d11a-5a5c-58ea-ac8b-48c704fe9165
曲靖北	曲靖	4cb0d11a-5a5c-58ea-ac8b-48c704fe9165
曹县	菏泽	0a628620-619e-543e-a2a5-5de8e87f9fab
曹妃甸东	唐山	18ee9859-42de-5a7b-b3a7-40f711828e07
曹妃甸港	唐山	18ee9859-42de-5a7b-b3a7-40f711828e07
曹子里	天津	cf07e639-6495-564c-b025-0860e87656b8
曾口	巴中	63205425-3cd6-5211-a0b2-a5dbe5e5c15f
曾家坪子	昭通	64581ab4-c223-53d6-8e0f-b165d978889d
月亮田	六盘水	56052d4c-5b32-550a-a748-dec9d9e30fba
月山	焦作	08847375-9e81-5b8a-8d49-1a91aa7f8189
朔州	朔州	f2b2245b-cb14-588c-841a-2954c0efc354
朗乡	伊春	bb3a809d-181e-5668-b712-26a387ae2710
望都	保定	2accd732-552a-52e1-9da1-53ba89f40290
朝天	广元	1db6b4a4-d194-5a15-93a9-f7974de0bce2
朝天南	广元	1db6b4a4-d194-5a15-93a9-f7974de0bce2
朝阳	朝阳	11b88395-569a-5731-9cbb-52e13af3e45d
朝阳南	朝阳	11b88395-569a-5731-9cbb-52e13af3e45d
朝阳地	承德	1373316a-cb1a-509b-a6cb-e5f1a2a6ecf8
朝阳川	延边朝鲜族	651323bf-e6f3-5967-bf79-025c56e51f1d
朝阳湖	成都	03c69062-0880-5837-bae9-fe487784fe4e
朝阳镇	通化	1a094200-342b-5cd5-98f5-263d29ae8a7a
木里图	通辽	4d1c7278-9dea-5a9e-b107-4929104685c0
本溪	本溪	55e49af1-7f97-5557-8cc5-457c319f926d
本溪新城	本溪	55e49af1-7f97-5557-8cc5-457c319f926d
本溪湖	本溪	55e49af1-7f97-5557-8cc5-457c319f926d
朱家沟	牡丹江	07e0ad42-924a-5614-9eb8-00237a1bde8b
朱家窑	兰州	bd27f707-3a10-57bb-9faa-65fe4925eae9
朱日和	锡林郭勒	e1b9383b-d814-555e-ad9e-6cfa39d13f57
朱砂古镇	铜仁	53acf8c0-2833-5ead-aa78-bbb8ae3f6e0e
李家	黑河	0dcb0dd2-fed6-5479-bc94-1ae2885648e0
李家坪	兰州	bd27f707-3a10-57bb-9faa-65fe4925eae9
李旺	中卫	53a49e05-84a2-5b55-a0e8-04fc4f1e06a0
李石寨	抚顺	9e54e965-d891-53c5-b2ea-cf1514ef40d4
杏树	七台河	0c2c9673-b879-5503-8052-7042d2aada05
杏树屯	大连	675e944d-5945-56d5-bb53-8fc64015687c
杜家	哈尔滨	bf1d85eb-9c0b-5b3f-93c3-8fe4cbe5d4f5
杜尔伯特	大庆	d3dc72db-afa9-531b-b6b4-ccf73f514483
来宾	来宾	90e8bc8c-8f3a-579b-8eef-373a44e4f260
来宾北	来宾	90e8bc8c-8f3a-579b-8eef-373a44e4f260
来舟	南平	255dd78d-c678-5b33-bc96-e3e2a3b84ce8
杨岗	鸡西	bbdd346f-d678-5a67-ac64-d7c2bdbf458c
杨村	天津	cf07e639-6495-564c-b025-0860e87656b8
杨杖子	朝阳	11b88395-569a-5731-9cbb-52e13af3e45d
杨林	昆明	6a6a2f3a-a93b-5d79-8740-0f5b6971afed
杨柳青	天津	cf07e639-6495-564c-b025-0860e87656b8
杨树岭	承德	1373316a-cb1a-509b-a6cb-e5f1a2a6ecf8
杨桥	邵阳	a8e58ec8-b92f-5890-bb56-75e9bb1d15c3
杨陵	西安	ddb54c72-1527-53f0-ba7c-02548ddf2f8c
杨陵南	咸阳	74af60de-943f-5954-b526-a489f74e16e2
杭州	杭州	38c8d0a9-f57b-57ea-852e-914ec59023b6
杭州东	杭州	38c8d0a9-f57b-57ea-852e-914ec59023b6
杭州南	杭州	38c8d0a9-f57b-57ea-852e-914ec59023b6
杭锦后旗	巴彦淖尔	8cc2d64c-8db5-52e8-89a9-3deb446183e7
松原	松原	68f42d61-6c23-57d6-8f79-7724e284450d
松原北	松原	68f42d61-6c23-57d6-8f79-7724e284450d
松山湖北	东莞	99c9e005-5dce-5d85-b5bb-e7c2d4172798
松树	大连	675e944d-5945-56d5-bb53-8fc64015687c
松树镇	白山	10c1360c-3b27-5353-80e9-1168e448f76b
松桃	铜仁	53acf8c0-2833-5ead-aa78-bbb8ae3f6e0e
松江	上海	b4466602-0f7c-59cb-bf36-8083959fd32d
松江南	上海	b4466602-0f7c-59cb-bf36-8083959fd32d
松江河	白山	10c1360c-3b27-5353-80e9-1168e448f76b
松江镇	延边朝鲜族	651323bf-e6f3-5967-bf79-025c56e51f1d
松河	六盘水	56052d4c-5b32-550a-a748-dec9d9e30fba
松滋	荆州	ab1e9b94-f945-5f5d-be66-13fe080cbdc0
板城	保定	2accd732-552a-52e1-9da1-53ba89f40290
板塘	湘潭	6c36bcad-d2e3-530d-8daf-aa9c7d03c9a6
林东	赤峰	bacdb061-dc48-5d6d-b61e-552c16634b7b
林口	牡丹江	07e0ad42-924a-5614-9eb8-00237a1bde8b
林海	大兴安岭	3dc98a11-7110-50a4-9446-19664a5c69a8
林源	大庆	d3dc72db-afa9-531b-b6b4-ccf73f514483
林盛堡	沈阳	5153e8e7-7633-5762-b223-e3e7f0e482fc
林西	赤峰	bacdb061-dc48-5d6d-b61e-552c16634b7b
果松	通化	1a094200-342b-5cd5-98f5-263d29ae8a7a
枝城	宜昌	5010267a-bb6f-58cf-9cdd-f89db4be85de
枝江北	宜昌	5010267a-bb6f-58cf-9cdd-f89db4be85de
枣庄	枣庄	14782c22-fef4-5854-84c9-083e0831be14
枣庄东	枣庄	14782c22-fef4-5854-84c9-083e0831be14
枣庄西	枣庄	14782c22-fef4-5854-84c9-083e0831be14
枣强	衡水	5e4f063a-c014-5298-b2fa-d9f24cdff5c3
枣林	忻州	ed61505e-53e3-5987-9c3c-ff6c115c5dfe
枣阳	襄阳	be829ddc-0d87-5037-af3a-8808ddc336e9
枫林	黄石	505e0c18-36b0-592a-b198-901c9caf3cfd
柏果	六盘水	56052d4c-5b32-550a-a748-dec9d9e30fba
柞水	商洛	d3216e21-c962-55ac-86e7-05bbae9e0bbf
查布嘎	赤峰	bacdb061-dc48-5d6d-b61e-552c16634b7b
查干湖	松原	68f42d61-6c23-57d6-8f79-7724e284450d
柳园	酒泉	09f47d2e-f25b-5142-95c8-2eadf706ef10
柳园南	酒泉	09f47d2e-f25b-5142-95c8-2eadf706ef10
柳州	柳州	c0f75662-9ff3-554e-8917-d1045405985e
柳林南	吕梁	31702d3b-f41d-56da-8798-56c96ad5564b
柳树屯	葫芦岛	479a31e5-8200-512a-bb35-6a18eb5d3381
柳江	柳州	c0f75662-9ff3-554e-8917-d1045405985e
柳河	通化	1a094200-342b-5cd5-98f5-263d29ae8a7a
柴岗	长春	b31467e8-ee25-5af4-b3cb-eb05045f8386
柴沟堡	张家口	b2c73ed7-ab7b-5d95-bb93-df84147aa52a
柴河	牡丹江	07e0ad42-924a-5614-9eb8-00237a1bde8b
树木岭	长沙	1ea20e7e-6a17-5531-93e3-302245162382
栟茶	南通	d24e0a6d-f031-5d4d-99b4-7fcd9564972b
株洲	株洲	30094f44-11f9-56d8-a8e5-d963c4f22c59
株洲南	株洲	30094f44-11f9-56d8-a8e5-d963c4f22c59
株洲西	株洲	30094f44-11f9-56d8-a8e5-d963c4f22c59
根河	呼伦贝尔	b226141a-f415-5c10-906b-92f634623aef
格尔木	海西蒙古族藏族	9c2295d9-cc03-556b-8da7-040464bd510c
桂平	贵港	1987e54e-8dfb-57d8-90a8-c09689661b7c
桂林	桂林	fae9a80c-663e-5b46-97df-edfaeec36405
桂林北	桂林	fae9a80c-663e-5b46-97df-edfaeec36405
桂林西	桂林	fae9a80c-663e-5b46-97df-edfaeec36405
桃山	伊春	bb3a809d-181e-5668-b712-26a387ae2710
桃村	烟台	46d24d3a-9a88-541d-a1ca-fe10b2206a3e
桃村北	烟台	46d24d3a-9a88-541d-a1ca-fe10b2206a3e
桐乡	嘉兴	988df8c6-59d9-528e-9b71-9013be93df79
桐城	安庆	fcfe36f1-aaf0-5bc4-ba3e-e27a1c4295a4
桐子林	攀枝花	45fe30b4-5fc6-50a8-b2a2-901457374b56
桐庐	杭州	38c8d0a9-f57b-57ea-852e-914ec59023b6
桐柏	南阳	197af260-ee95-5f62-9f8f-5e44b4799635
桐梓	遵义	4ceec173-afbb-56c5-8a7c-6a1d0a6710ba
桐梓东	遵义	4ceec173-afbb-56c5-8a7c-6a1d0a6710ba
桐梓北	遵义	4ceec173-afbb-56c5-8a7c-6a1d0a6710ba
桑园子	兰州	bd27f707-3a10-57bb-9faa-65fe4925eae9
桑根达来	锡林郭勒	e1b9383b-d814-555e-ad9e-6cfa39d13f57
桓台	淄博	81d21174-d65d-5029-ac11-a6ec748bcb56
桥头	本溪	55e49af1-7f97-5557-8cc5-457c319f926d
桥西	嘉峪关	4b014536-c5ca-5d2a-a123-cb7057700574
桦南	佳木斯	c6f2638c-2ad9-5c3b-a5c1-db1124e559f3
桦林	牡丹江	07e0ad42-924a-5614-9eb8-00237a1bde8b
梁山	济宁	c1239aa9-60e9-5d8e-a9ed-9224397b450b
梁平	重庆	d88ce193-ca3a-5770-913b-13a872ece3fb
梁平南	重庆	d88ce193-ca3a-5770-913b-13a872ece3fb
梁底下	承德	1373316a-cb1a-509b-a6cb-e5f1a2a6ecf8
梅州	梅州	c60b2d82-6f6e-524c-9f58-d45d0898bdbc
梅河口	通化	1a094200-342b-5cd5-98f5-263d29ae8a7a
梧州	梧州	ac63a623-a533-53c9-922f-e4c1c509af52
梧州南	梧州	ac63a623-a533-53c9-922f-e4c1c509af52
梨树镇	鸡西	bbdd346f-d678-5a67-ac64-d7c2bdbf458c
棋子湾	海南省-自治区直辖县级行政区划	80f8a3af-31a2-5797-89f4-0ca9906b3527
棕溪	安康	6205e86d-f35d-55f2-9609-cc0be0e224ba
棠海	楚雄彝族	d0a2377f-5995-58b0-9203-16a1f7f250e4
楚山	牡丹江	07e0ad42-924a-5614-9eb8-00237a1bde8b
楚雄	楚雄彝族	d0a2377f-5995-58b0-9203-16a1f7f250e4
楚雄南	楚雄彝族	d0a2377f-5995-58b0-9203-16a1f7f250e4
榆中	兰州	bd27f707-3a10-57bb-9faa-65fe4925eae9
榆林	榆林	85d348c8-4bad-5208-9814-b0963d2321ef
榆树	长春	b31467e8-ee25-5af4-b3cb-eb05045f8386
榆树台	沈阳	5153e8e7-7633-5762-b223-e3e7f0e482fc
榆树屯	齐齐哈尔	6f43cba3-ae73-5f62-a850-6f09c5a9cbed
榆树沟	承德	1373316a-cb1a-509b-a6cb-e5f1a2a6ecf8
榆次	晋中	d1770fa1-ddfb-5a11-b443-0aa2d0735ac7
榆社	晋中	d1770fa1-ddfb-5a11-b443-0aa2d0735ac7
榕江	黔东南苗族侗族	b1dbde35-9276-5fe4-aeae-0447d47d8882
槐荫	孝感	93f810f1-261b-5437-bae7-2dd3b8334c1f
樟木头	东莞	99c9e005-5dce-5d85-b5bb-e7c2d4172798
樟木头东	东莞	99c9e005-5dce-5d85-b5bb-e7c2d4172798
樟树	宜春	ea93c114-b902-53e5-b7e6-42a0562b1615
樟树东	宜春	ea93c114-b902-53e5-b7e6-42a0562b1615
横峰	上饶	be78b24d-5f03-54e8-ba02-a40bac892ba8
横沟桥东	咸宁	d318f2ce-a120-5bee-8dc6-17728d1b45c2
横道河子	牡丹江	07e0ad42-924a-5614-9eb8-00237a1bde8b
横道河子东	牡丹江	07e0ad42-924a-5614-9eb8-00237a1bde8b
歙县	黄山	4f944b8f-cd24-548b-aaed-fb9fe88f6834
歙县北	黄山	4f944b8f-cd24-548b-aaed-fb9fe88f6834
正定	石家庄	a140ced1-fdf8-5d24-90ce-ed8e98801e07
正定机场	石家庄	a140ced1-fdf8-5d24-90ce-ed8e98801e07
正镶白旗	锡林郭勒	e1b9383b-d814-555e-ad9e-6cfa39d13f57
步行街	成都	03c69062-0880-5837-bae9-fe487784fe4e
武义	金华	23083b61-2f71-536c-89df-96669e9b211c
武义北	金华	23083b61-2f71-536c-89df-96669e9b211c
武乡	长治	90500a96-3f31-5d31-9a96-5faa885ef329
武功	咸阳	74af60de-943f-5954-b526-a489f74e16e2
武夷山	南平	255dd78d-c678-5b33-bc96-e3e2a3b84ce8
武夷山东	南平	255dd78d-c678-5b33-bc96-e3e2a3b84ce8
武夷山北	南平	255dd78d-c678-5b33-bc96-e3e2a3b84ce8
武威	武威	e469de7d-a826-51c2-8769-1a68ea64f4ac
武威南	武威	e469de7d-a826-51c2-8769-1a68ea64f4ac
武安	邯郸	48e79958-bc92-5ac6-a68e-30f76c7ba4ff
武山	天水	15a5dff1-a212-5487-9091-e846753493b2
武当山	十堰	a4a479ad-27e1-534d-8ac8-08ad76211dac
武昌	武汉	39d1951e-19c0-579d-b912-a178b69ae641
武汉	武汉	39d1951e-19c0-579d-b912-a178b69ae641
武清	天津	cf07e639-6495-564c-b025-0860e87656b8
武穴	黄冈	5d2b0437-28f8-5a8a-afb3-46a8057eec84
武胜	广安	5e20a069-e4c0-5602-8bb5-c5f82ddc1790
武陟	焦作	08847375-9e81-5b8a-8d49-1a91aa7f8189
武隆	重庆	d88ce193-ca3a-5770-913b-13a872ece3fb
歪头山	本溪	55e49af1-7f97-5557-8cc5-457c319f926d
毛坝	达州	a8ca845b-0c63-506b-b1a2-59b834eba679
毛坝关	安康	6205e86d-f35d-55f2-9609-cc0be0e224ba
毛陈	孝感	93f810f1-261b-5437-bae7-2dd3b8334c1f
民乐	张掖	b8a283bc-8782-595d-99b6-96d732092f17
民和南	海东	6733da34-7435-51a3-a1c9-8fa96045f477
民权	商丘	98b20cb1-fcb7-5d7d-b88e-63112f019bd8
民权北	商丘	98b20cb1-fcb7-5d7d-b88e-63112f019bd8
水家湖	合肥	ea43a508-4567-5bf0-87da-549899c824fc
水富	昭通	64581ab4-c223-53d6-8e0f-b165d978889d
水泉	朝阳	11b88395-569a-5731-9cbb-52e13af3e45d
水洋	长治	90500a96-3f31-5d31-9a96-5faa885ef329
水洞	通化	1a094200-342b-5cd5-98f5-263d29ae8a7a
水源	兰州	bd27f707-3a10-57bb-9faa-65fe4925eae9
永丰营	昆明	6a6a2f3a-a93b-5d79-8740-0f5b6971afed
永乐店	咸阳	74af60de-943f-5954-b526-a489f74e16e2
永修	九江	85b0a9b1-7dfe-51b9-93f4-9ab616e19c78
永嘉	温州	50b0f1f1-ae3c-50d8-b828-6ea31fcb7b2c
永城北	商丘	98b20cb1-fcb7-5d7d-b88e-63112f019bd8
永安	三明	d5cfa439-c621-57a7-b029-4752fdb5ef07
永安乡	鸡西	bbdd346f-d678-5a67-ac64-d7c2bdbf458c
永安南	三明	d5cfa439-c621-57a7-b029-4752fdb5ef07
永定	龙岩	f2f26070-7585-572a-9a77-bc3a820bf840
永寿	咸阳	74af60de-943f-5954-b526-a489f74e16e2
永川	重庆	d88ce193-ca3a-5770-913b-13a872ece3fb
永川东	重庆	d88ce193-ca3a-5770-913b-13a872ece3fb
永州	永州	ab95f380-674c-5a94-8dde-587f8f3dae3c
永康	金华	23083b61-2f71-536c-89df-96669e9b211c
永康南	金华	23083b61-2f71-536c-89df-96669e9b211c
永泰	福州	55314457-35c8-59fd-963d-39c5029fa3ed
永济	运城	b09b5fe3-da91-53b2-8d52-0c068d311f1a
永济北	运城	b09b5fe3-da91-53b2-8d52-0c068d311f1a
永登	兰州	bd27f707-3a10-57bb-9faa-65fe4925eae9
永福南	桂林	fae9a80c-663e-5b46-97df-edfaeec36405
永郎	凉山彝族	316c65a2-f1b8-5f10-b44a-2508e62c5550
汉中	汉中	60336a4c-c384-5380-83d0-05e687856f4e
汉口	武汉	39d1951e-19c0-579d-b912-a178b69ae641
汉寿	常德	748efe7a-f040-522b-84b1-d604c711c862
汉川	孝感	93f810f1-261b-5437-bae7-2dd3b8334c1f
汉沽	唐山	18ee9859-42de-5a7b-b3a7-40f711828e07
汉源	雅安	04c895c3-b9a1-5b9e-b43c-ec74e09f2f16
汉阴	安康	6205e86d-f35d-55f2-9609-cc0be0e224ba
汐子	赤峰	bacdb061-dc48-5d6d-b61e-552c16634b7b
汕头	汕头	854222f7-2d03-506b-92c8-bce3e7da70f5
汕尾	汕尾	363c5eb8-7413-5bd4-966d-4c03077bd15b
汝州	平顶山	19f21017-cf44-513a-bd55-05f8f89e36f0
汝箕沟	石嘴山	8cab18d9-b68d-5fae-a52f-fb58bbba4e7d
汝阳	洛阳	a6320a2f-3417-5a73-871d-5ac5cddd2e04
江华	永州	ab95f380-674c-5a94-8dde-587f8f3dae3c
江宁	南京	1428577a-a311-5d57-ad3f-bafb7795b063
江宁西	南京	1428577a-a311-5d57-ad3f-bafb7795b063
江山	衢州	3b7d081d-2591-541f-b06d-8c5fca7ce5bb
江所田	曲靖	4cb0d11a-5a5c-58ea-ac8b-48c704fe9165
江桥	齐齐哈尔	6f43cba3-ae73-5f62-a850-6f09c5a9cbed
江永	永州	ab95f380-674c-5a94-8dde-587f8f3dae3c
江油	绵阳	c580730a-d66a-5c68-986f-f38f69976be8
江油北	绵阳	c580730a-d66a-5c68-986f-f38f69976be8
江津	重庆	d88ce193-ca3a-5770-913b-13a872ece3fb
江源	白山	10c1360c-3b27-5353-80e9-1168e448f76b
江边村	抚州	9c042cb6-f769-522c-8a7f-c7fcf217a16a
江都	扬州	4ed456e6-c468-59f4-a0f9-b8714127ce37
江门东	江门	e347fd94-59ed-55df-b915-629fdaafb24a
池州	池州	4afffc95-f576-5afb-8283-83c4b8e46c0f
汤原	佳木斯	c6f2638c-2ad9-5c3b-a5c1-db1124e559f3
汤山城	丹东	6bd1b27d-1504-544e-bfc1-00cdb64f2464
汤旺河	伊春	bb3a809d-181e-5668-b712-26a387ae2710
汤池	齐齐哈尔	6f43cba3-ae73-5f62-a850-6f09c5a9cbed
汤逊湖	武汉	39d1951e-19c0-579d-b912-a178b69ae641
汤阴	安阳	3e357c50-25a1-5521-9d26-15108262e7db
汨罗	岳阳	696dc68f-8057-5a31-9cf4-db3345101dcc
汨罗东	岳阳	696dc68f-8057-5a31-9cf4-db3345101dcc
汪清	延边朝鲜族	651323bf-e6f3-5967-bf79-025c56e51f1d
汾河	太原	b74c7958-de20-5b29-bb4f-9d20543442f7
汾阳	吕梁	31702d3b-f41d-56da-8798-56c96ad5564b
沁县	长治	90500a96-3f31-5d31-9a96-5faa885ef329
沁阳	焦作	08847375-9e81-5b8a-8d49-1a91aa7f8189
沂南	临沂	8dbbad97-ddec-5fb6-b999-86fdcda31e8c
沂水	临沂	8dbbad97-ddec-5fb6-b999-86fdcda31e8c
沃皮	长春	b31467e8-ee25-5af4-b3cb-eb05045f8386
沈丘	周口	1260de33-9f77-5c15-8bbd-a424102ed94b
沈家	哈尔滨	bf1d85eb-9c0b-5b3f-93c3-8fe4cbe5d4f5
沈家河	固原	74e54c34-05fe-5fb4-b2ee-e0ca5e02a125
沈阳	沈阳	5153e8e7-7633-5762-b223-e3e7f0e482fc
沈阳东	沈阳	5153e8e7-7633-5762-b223-e3e7f0e482fc
沈阳北	沈阳	5153e8e7-7633-5762-b223-e3e7f0e482fc
沈阳南	沈阳	5153e8e7-7633-5762-b223-e3e7f0e482fc
沈阳西	沈阳	5153e8e7-7633-5762-b223-e3e7f0e482fc
沐滂	大理白族	e2af5f9e-677d-5526-9b77-277a62e93ef6
沙县	三明	d5cfa439-c621-57a7-b029-4752fdb5ef07
沙后所	葫芦岛	479a31e5-8200-512a-bb35-6a18eb5d3381
沙坡头	中卫	53a49e05-84a2-5b55-a0e8-04fc4f1e06a0
沙坪坝	重庆	d88ce193-ca3a-5770-913b-13a872ece3fb
沙城	张家口	b2c73ed7-ab7b-5d95-bb93-df84147aa52a
沙岭子	张家口	b2c73ed7-ab7b-5d95-bb93-df84147aa52a
沙桥	楚雄彝族	d0a2377f-5995-58b0-9203-16a1f7f250e4
沙沱	六盘水	56052d4c-5b32-550a-a748-dec9d9e30fba
沙河	邢台	cbe71193-b198-54a7-b4fe-cedc434074c9
沙河口	大连	675e944d-5945-56d5-bb53-8fc64015687c
沙河市	邢台	cbe71193-b198-54a7-b4fe-cedc434074c9
沙海	朝阳	11b88395-569a-5731-9cbb-52e13af3e45d
沙湾县	塔城	b316bc3a-fb03-51a3-bcfe-58323b930029
沟帮子	锦州	84ff6cdd-4123-5bf5-ac05-bede887d8968
沥林北	惠州	ae2a75aa-b0aa-505b-8a7c-0f96deec2b94
沧州	沧州	22edba49-72d1-55ee-b30d-bb49f3bfea5e
沧州西	沧州	22edba49-72d1-55ee-b30d-bb49f3bfea5e
沭阳	宿迁	12b469f3-0393-5eb8-bb01-60c93a3dcf7b
河口北	红河哈尼族彝族	41aa8864-6744-55bb-a717-6e0896a515a9
河口南	兰州	bd27f707-3a10-57bb-9faa-65fe4925eae9
河唇	湛江	71601399-91c9-5889-aec4-fc901845333c
河津	运城	b09b5fe3-da91-53b2-8d52-0c068d311f1a
河源	河源	5c882c65-7f22-5e96-8abe-af63b0245434
河边	忻州	ed61505e-53e3-5987-9c3c-ff6c115c5dfe
河间西	沧州	22edba49-72d1-55ee-b30d-bb49f3bfea5e
治安	通辽	4d1c7278-9dea-5a9e-b107-4929104685c0
沿河城	北京	d721db6a-e56d-58fa-b283-2556241b5b2e
泉州	泉州	efda4ae6-2d2c-5ec3-9a08-c968f29c6768
泉州东	泉州	efda4ae6-2d2c-5ec3-9a08-c968f29c6768
泉阳	白山	10c1360c-3b27-5353-80e9-1168e448f76b
泊头	沧州	22edba49-72d1-55ee-b30d-bb49f3bfea5e
法启	毕节	1ec19191-4fe4-5a4a-8aa9-8af814791c94
泗县	宿州	4198e0cb-6093-5cb9-855d-e10f9251606d
泗水	济宁	c1239aa9-60e9-5d8e-a9ed-9224397b450b
泗洪	宿迁	12b469f3-0393-5eb8-bb01-60c93a3dcf7b
泗阳	宿迁	12b469f3-0393-5eb8-bb01-60c93a3dcf7b
泡子	阜新	5fc0ce43-f93e-5d25-b09d-050770717a8b
泥河子	锦州	84ff6cdd-4123-5bf5-ac05-bede887d8968
泥溪	宜宾	66001c0e-b76f-55a9-b8ac-a099a2dd7a5d
泰和	吉安	de510646-1a63-526b-b027-ec0baff08e1e
泰宁	三明	d5cfa439-c621-57a7-b029-4752fdb5ef07
泰安	泰安	1d29fc17-ed46-56a4-8da0-fbb2295ee668
泰山	泰安	1d29fc17-ed46-56a4-8da0-fbb2295ee668
泰州	泰州	7912e12f-541b-5b5e-b03a-f50f4d6097db
泰来	齐齐哈尔	6f43cba3-ae73-5f62-a850-6f09c5a9cbed
泽普	喀什	17da38e9-ad6d-5efc-a47e-1b4a421e9a22
泽润里	楚雄彝族	d0a2377f-5995-58b0-9203-16a1f7f250e4
泾县	宣城	1ed1529b-7b44-587e-ab3e-0d18e443a50f
泾川	平凉	859709fd-6334-5a96-b423-f84d63721684
洋县西	汉中	60336a4c-c384-5380-83d0-05e687856f4e
洋河	宿迁	12b469f3-0393-5eb8-bb01-60c93a3dcf7b
洛湾三江	贵阳	d5a3678d-33a9-5da5-bfe0-3e343eeb24ab
洛门	天水	15a5dff1-a212-5487-9091-e846753493b2
洛阳	洛阳	a6320a2f-3417-5a73-871d-5ac5cddd2e04
洛阳东	洛阳	a6320a2f-3417-5a73-871d-5ac5cddd2e04
洛阳龙门	洛阳	a6320a2f-3417-5a73-871d-5ac5cddd2e04
洞井	长沙	1ea20e7e-6a17-5531-93e3-302245162382
洞口	邵阳	a8e58ec8-b92f-5890-bb56-75e9bb1d15c3
洞庙河	承德	1373316a-cb1a-509b-a6cb-e5f1a2a6ecf8
洪河	佳木斯	c6f2638c-2ad9-5c3b-a5c1-db1124e559f3
洪洞	临汾	89d8ba5f-38cb-517d-9fac-8130b0cc5132
洪洞西	临汾	89d8ba5f-38cb-517d-9fac-8130b0cc5132
洮南	白城	e14d63c8-cbb6-5e52-a095-a4ef127366ce
流水沟	承德	1373316a-cb1a-509b-a6cb-e5f1a2a6ecf8
济南	济南	1f48df29-20c5-56d2-9337-1332b1647122
济南东	济南	1f48df29-20c5-56d2-9337-1332b1647122
济南西	济南	1f48df29-20c5-56d2-9337-1332b1647122
济宁	济宁	c1239aa9-60e9-5d8e-a9ed-9224397b450b
济源	河南省-省直辖县级行政区划	86162405-373c-5f61-8a5a-8ea30b7867e1
浑河	沈阳	5153e8e7-7633-5762-b223-e3e7f0e482fc
浠水	黄冈	5d2b0437-28f8-5a8a-afb3-46a8057eec84
浩良河	伊春	bb3a809d-181e-5668-b712-26a387ae2710
浮图峪	保定	2accd732-552a-52e1-9da1-53ba89f40290
海  口东	海口	ce0f2728-81eb-5bd8-8424-c6e38d4eadcd
海东西	海东	6733da34-7435-51a3-a1c9-8fa96045f477
海伦	绥化	0e7d75da-cbab-57de-836f-26fa268a6aa0
海北	绥化	0e7d75da-cbab-57de-836f-26fa268a6aa0
海口	海口	ce0f2728-81eb-5bd8-8424-c6e38d4eadcd
海口东	海口	ce0f2728-81eb-5bd8-8424-c6e38d4eadcd
海坨子	白城	e14d63c8-cbb6-5e52-a095-a4ef127366ce
海城	鞍山	8d0e39c3-4fc1-5846-b8e4-2e547e27168d
海城西	鞍山	8d0e39c3-4fc1-5846-b8e4-2e547e27168d
海宁	嘉兴	988df8c6-59d9-528e-9b71-9013be93df79
海宁西	嘉兴	988df8c6-59d9-528e-9b71-9013be93df79
海安	南通	d24e0a6d-f031-5d4d-99b4-7fcd9564972b
海拉尔	呼伦贝尔	b226141a-f415-5c10-906b-92f634623aef
海晏	海北藏族	2fe83883-6719-5444-95af-9eb2562a11a0
海林	牡丹江	07e0ad42-924a-5614-9eb8-00237a1bde8b
海林北	牡丹江	07e0ad42-924a-5614-9eb8-00237a1bde8b
海湾	上海	b4466602-0f7c-59cb-bf36-8083959fd32d
海石湾	兰州	bd27f707-3a10-57bb-9faa-65fe4925eae9
海门	南通	d24e0a6d-f031-5d4d-99b4-7fcd9564972b
海阳北	烟台	46d24d3a-9a88-541d-a1ca-fe10b2206a3e
海龙	通化	1a094200-342b-5cd5-98f5-263d29ae8a7a
涉县	邯郸	48e79958-bc92-5ac6-a68e-30f76c7ba4ff
涞源	保定	2accd732-552a-52e1-9da1-53ba89f40290
涟源	娄底	33921910-b5d7-5981-989d-a02a31832746
涡阳	亳州	97c20aa6-46ff-563c-814b-f065f38448af
涪陵	重庆	d88ce193-ca3a-5770-913b-13a872ece3fb
涪陵北	重庆	d88ce193-ca3a-5770-913b-13a872ece3fb
涵江	莆田	9e05412b-919d-5fdc-9d5f-05615ef6c782
涿州	保定	2accd732-552a-52e1-9da1-53ba89f40290
涿州东	保定	2accd732-552a-52e1-9da1-53ba89f40290
淄博	淄博	81d21174-d65d-5029-ac11-a6ec748bcb56
淄博北	淄博	81d21174-d65d-5029-ac11-a6ec748bcb56
淮北	淮北	ff088193-465a-595a-afda-8f97aec05e5b
淮北北	淮北	ff088193-465a-595a-afda-8f97aec05e5b
淮南	淮南	01d504b2-c6bc-5424-b5af-5be31fe86e89
淮南东	淮南	01d504b2-c6bc-5424-b5af-5be31fe86e89
淮安	淮安	fe0b4820-af7a-59a1-bf65-560ff5f67170
淮安南	淮安	fe0b4820-af7a-59a1-bf65-560ff5f67170
淮滨	信阳	605c11d4-ccde-5cdc-82df-473f8da9ba08
深井子	沈阳	5153e8e7-7633-5762-b223-e3e7f0e482fc
深圳	深圳	17c7f7c5-7904-527a-9a7a-b0edf2ffd375
深圳东	深圳	17c7f7c5-7904-527a-9a7a-b0edf2ffd375
深圳北	深圳	17c7f7c5-7904-527a-9a7a-b0edf2ffd375
深圳坪山	深圳	17c7f7c5-7904-527a-9a7a-b0edf2ffd375
深圳西	深圳	17c7f7c5-7904-527a-9a7a-b0edf2ffd375
深州	衡水	5e4f063a-c014-5298-b2fa-d9f24cdff5c3
清华园	北京	d721db6a-e56d-58fa-b283-2556241b5b2e
清原	抚顺	9e54e965-d891-53c5-b2ea-cf1514ef40d4
清徐	太原	b74c7958-de20-5b29-bb4f-9d20543442f7
清水	酒泉	09f47d2e-f25b-5142-95c8-2eadf706ef10
清水北	酒泉	09f47d2e-f25b-5142-95c8-2eadf706ef10
清水县	天水	15a5dff1-a212-5487-9091-e846753493b2
清河	北京	d721db6a-e56d-58fa-b283-2556241b5b2e
清河城	邢台	cbe71193-b198-54a7-b4fe-cedc434074c9
清河门	阜新	5fc0ce43-f93e-5d25-b09d-050770717a8b
清河门北	阜新	5fc0ce43-f93e-5d25-b09d-050770717a8b
清涧县	榆林	85d348c8-4bad-5208-9814-b0963d2321ef
清远	清远	fafb7735-9f05-5951-b6ea-6b1692ff2e39
渑池	三门峡	8fde4cf4-09c0-5d8c-8835-89ab2a3c44e4
渑池南	三门峡	8fde4cf4-09c0-5d8c-8835-89ab2a3c44e4
渠县	达州	a8ca845b-0c63-506b-b1a2-59b834eba679
渠旧	崇左	39df15f2-48dc-5feb-95fe-5e7ee7de8557
渠黎	崇左	39df15f2-48dc-5feb-95fe-5e7ee7de8557
温岭	台州	e23ecf48-5dc8-5392-b5b7-53638dcc662b
温州	温州	50b0f1f1-ae3c-50d8-b828-6ea31fcb7b2c
温州南	温州	50b0f1f1-ae3c-50d8-b828-6ea31fcb7b2c
温春	牡丹江	07e0ad42-924a-5614-9eb8-00237a1bde8b
温江	成都	03c69062-0880-5837-bae9-fe487784fe4e
渭南	渭南	b439fae3-78f7-5c2b-90c5-a652441c11bc
渭南北	渭南	b439fae3-78f7-5c2b-90c5-a652441c11bc
渭南南	渭南	b439fae3-78f7-5c2b-90c5-a652441c11bc
渭南镇	天水	15a5dff1-a212-5487-9091-e846753493b2
渭津	辽源	3953465f-af90-5a91-9e75-ab60b6e9bd39
渭源	定西	bf5ef2d2-1f79-5d24-b3f8-989a9921d836
湖口	九江	85b0a9b1-7dfe-51b9-93f4-9ab616e19c78
湖州	湖州	d9904ec4-2bac-59ce-9630-4b548039d662
湘乡	湘潭	6c36bcad-d2e3-530d-8daf-aa9c7d03c9a6
湘府路	长沙	1ea20e7e-6a17-5531-93e3-302245162382
湘潭	湘潭	6c36bcad-d2e3-530d-8daf-aa9c7d03c9a6
湘潭北	湘潭	6c36bcad-d2e3-530d-8daf-aa9c7d03c9a6
湛江	湛江	71601399-91c9-5889-aec4-fc901845333c
湛江西	湛江	71601399-91c9-5889-aec4-fc901845333c
湟源	西宁	ff053601-69ed-5cd4-b02d-b98086727747
湾沟	白山	10c1360c-3b27-5353-80e9-1168e448f76b
溆浦	怀化	20d49eef-b4ae-585a-b42e-e2e3ce505f96
溆浦南	怀化	20d49eef-b4ae-585a-b42e-e2e3ce505f96
源潭	清远	fafb7735-9f05-5951-b6ea-6b1692ff2e39
源迁	淄博	81d21174-d65d-5029-ac11-a6ec748bcb56
溧水	南京	1428577a-a311-5d57-ad3f-bafb7795b063
溧阳	常州	1b88cc81-d4d4-505c-8251-394788ee2a72
滁州	滁州	3f171fe4-2435-50d2-8f74-1a2c87bd5be1
滁州北	滁州	3f171fe4-2435-50d2-8f74-1a2c87bd5be1
滕州	枣庄	14782c22-fef4-5854-84c9-083e0831be14
滕州东	枣庄	14782c22-fef4-5854-84c9-083e0831be14
满归	呼伦贝尔	b226141a-f415-5c10-906b-92f634623aef
满洲里	呼伦贝尔	b226141a-f415-5c10-906b-92f634623aef
滦县	唐山	18ee9859-42de-5a7b-b3a7-40f711828e07
滦平	承德	1373316a-cb1a-509b-a6cb-e5f1a2a6ecf8
滦河	唐山	18ee9859-42de-5a7b-b3a7-40f711828e07
滦河沿	承德	1373316a-cb1a-509b-a6cb-e5f1a2a6ecf8
滨州	滨州	8996f9cd-4df5-5277-af68-d7e67c9a7d59
滨江	哈尔滨	bf1d85eb-9c0b-5b3f-93c3-8fe4cbe5d4f5
滨海	天津	cf07e639-6495-564c-b025-0860e87656b8
滨海北	天津	cf07e639-6495-564c-b025-0860e87656b8
滨海港	盐城	1d08f703-cd90-57a3-ba30-bd54afea000a
滨海西	天津	cf07e639-6495-564c-b025-0860e87656b8
滴道	鸡西	bbdd346f-d678-5a67-ac64-d7c2bdbf458c
漠河	大兴安岭	3dc98a11-7110-50a4-9446-19664a5c69a8
漫水湾	凉山彝族	316c65a2-f1b8-5f10-b44a-2508e62c5550
漯河	漯河	730680c4-fe64-51fa-8fe1-8cf743ce213b
漯河西	漯河	730680c4-fe64-51fa-8fe1-8cf743ce213b
漳县	定西	bf5ef2d2-1f79-5d24-b3f8-989a9921d836
漳州	漳州	9b9ffe33-2ce6-5729-aa92-bc1ed783a1b0
漳州东	漳州	9b9ffe33-2ce6-5729-aa92-bc1ed783a1b0
漳平	龙岩	f2f26070-7585-572a-9a77-bc3a820bf840
漳平西	龙岩	f2f26070-7585-572a-9a77-bc3a820bf840
漳浦	漳州	9b9ffe33-2ce6-5729-aa92-bc1ed783a1b0
潍坊	潍坊	caa74358-1304-541c-b9cf-b6b07d1c9ace
潍坊北	潍坊	caa74358-1304-541c-b9cf-b6b07d1c9ace
潘家店	承德	1373316a-cb1a-509b-a6cb-e5f1a2a6ecf8
潜江	湖北省-自治区直辖县级行政区划	9351d7fb-08f0-5364-8d20-02c17b66bafd
潞城	长治	90500a96-3f31-5d31-9a96-5faa885ef329
潢川	信阳	605c11d4-ccde-5cdc-82df-473f8da9ba08
潮州	潮州	a38c522d-464d-5fd1-b102-b4aafb13e985
潮汕	潮州	a38c522d-464d-5fd1-b102-b4aafb13e985
潮阳	汕头	854222f7-2d03-506b-92c8-bce3e7da70f5
潼关	渭南	b439fae3-78f7-5c2b-90c5-a652441c11bc
潼南	重庆	d88ce193-ca3a-5770-913b-13a872ece3fb
澄城	渭南	b439fae3-78f7-5c2b-90c5-a652441c11bc
澧县	常德	748efe7a-f040-522b-84b1-d604c711c862
濑湍	崇左	39df15f2-48dc-5feb-95fe-5e7ee7de8557
濮阳	濮阳	6b1e34b9-6646-5ca0-bcad-ce1db2a4a7b1
灌水	丹东	6bd1b27d-1504-544e-bfc1-00cdb64f2464
火连寨	本溪	55e49af1-7f97-5557-8cc5-457c319f926d
灯塔	辽阳	9977307d-2307-58bf-82a8-2a685099a8c1
灵丘	大同	424cbf4a-06ec-5433-81aa-98da238c1bd6
灵宝	三门峡	8fde4cf4-09c0-5d8c-8835-89ab2a3c44e4
灵宝西	三门峡	8fde4cf4-09c0-5d8c-8835-89ab2a3c44e4
灵武	银川	fe934c10-9946-5b8e-b2ea-038bbe3b011e
灵璧	宿州	4198e0cb-6093-5cb9-855d-e10f9251606d
灵石	晋中	d1770fa1-ddfb-5a11-b443-0aa2d0735ac7
灵石东	晋中	d1770fa1-ddfb-5a11-b443-0aa2d0735ac7
炎陵	株洲	30094f44-11f9-56d8-a8e5-d963c4f22c59
烟台	烟台	46d24d3a-9a88-541d-a1ca-fe10b2206a3e
烟台南	烟台	46d24d3a-9a88-541d-a1ca-fe10b2206a3e
烟台西	烟台	46d24d3a-9a88-541d-a1ca-fe10b2206a3e
烟筒屯	大庆	d3dc72db-afa9-531b-b6b4-ccf73f514483
烟筒山	吉林	f039f35d-a552-5a7b-8815-fee7bdaf6693
热水	赤峰	bacdb061-dc48-5d6d-b61e-552c16634b7b
焉耆	巴音郭楞蒙古	b137577a-4d75-5d61-af4f-57010f0daecb
焦作	焦作	08847375-9e81-5b8a-8d49-1a91aa7f8189
焦作东	焦作	08847375-9e81-5b8a-8d49-1a91aa7f8189
照福铺	曲靖	4cb0d11a-5a5c-58ea-ac8b-48c704fe9165
熊岳城	营口	b8afc62b-f362-5aaf-91d5-0375c0bc6856
燕子砭	汉中	60336a4c-c384-5380-83d0-05e687856f4e
燕家庄	泰安	1d29fc17-ed46-56a4-8da0-fbb2295ee668
燕山	北京	d721db6a-e56d-58fa-b283-2556241b5b2e
燕岗	乐山	13109359-3236-52fd-9a9f-9e76690620ed
燕郊	廊坊	06acfd4b-2491-5f63-b36d-5441f6e3e442
牙克石	呼伦贝尔	b226141a-f415-5c10-906b-92f634623aef
牙屯堡	怀化	20d49eef-b4ae-585a-b42e-e2e3ce505f96
牛家	哈尔滨	bf1d85eb-9c0b-5b3f-93c3-8fe4cbe5d4f5
牛心台	本溪	55e49af1-7f97-5557-8cc5-457c319f926d
牛河梁	朝阳	11b88395-569a-5731-9cbb-52e13af3e45d
牟平	烟台	46d24d3a-9a88-541d-a1ca-fe10b2206a3e
牡丹江	牡丹江	07e0ad42-924a-5614-9eb8-00237a1bde8b
犀浦	成都	03c69062-0880-5837-bae9-fe487784fe4e
犀浦东	成都	03c69062-0880-5837-bae9-fe487784fe4e
犍为	乐山	13109359-3236-52fd-9a9f-9e76690620ed
独山	黔南布依族苗族	e1d64b9d-2ef0-5bad-a504-6480cab5b7e9
独立屯	大庆	d3dc72db-afa9-531b-b6b4-ccf73f514483
狮山	佛山	d2e9a26d-707e-56db-ade0-f21d0bfed603
狮山北	佛山	d2e9a26d-707e-56db-ade0-f21d0bfed603
狼尾山	张掖	b8a283bc-8782-595d-99b6-96d732092f17
猛洞河	湘西土家族苗族	0acf2686-d324-5b50-9353-61e07db23020
玉屏	铜仁	53acf8c0-2833-5ead-aa78-bbb8ae3f6e0e
玉山	上饶	be78b24d-5f03-54e8-ba02-a40bac892ba8
玉山南	上饶	be78b24d-5f03-54e8-ba02-a40bac892ba8
玉林	玉林	f64b82d9-0165-57dc-b94d-c9023840f415
玉泉	哈尔滨	bf1d85eb-9c0b-5b3f-93c3-8fe4cbe5d4f5
玉溪	玉溪	61f02651-99a8-546d-8e0e-5e4872420d57
玉溪西	玉溪	61f02651-99a8-546d-8e0e-5e4872420d57
玉田县	唐山	18ee9859-42de-5a7b-b3a7-40f711828e07
玉石	金昌	63143b34-f2f4-568d-b502-d563032b92bf
玉舍	六盘水	56052d4c-5b32-550a-a748-dec9d9e30fba
玉门	酒泉	09f47d2e-f25b-5142-95c8-2eadf706ef10
王兆屯	哈尔滨	bf1d85eb-9c0b-5b3f-93c3-8fe4cbe5d4f5
王团庄	吴忠	8a0d4aca-a56d-5bce-aee0-b4b5f0e75c6a
王安镇	保定	2accd732-552a-52e1-9da1-53ba89f40290
王家湾	兰州	bd27f707-3a10-57bb-9faa-65fe4925eae9
王家营西	昆明	6a6a2f3a-a93b-5d79-8740-0f5b6971afed
王岗	哈尔滨	bf1d85eb-9c0b-5b3f-93c3-8fe4cbe5d4f5
王府	松原	68f42d61-6c23-57d6-8f79-7724e284450d
王杨	伊春	bb3a809d-181e-5668-b712-26a387ae2710
王瞳	衡水	5e4f063a-c014-5298-b2fa-d9f24cdff5c3
玛纳斯	昌吉回族	f5ae0f07-c8d5-5dbb-b319-96988fd28d98
玛纳斯湖	克拉玛依	f722dc4d-0c83-5ec4-a398-c5258651a6c2
珞璜南	重庆	d88ce193-ca3a-5770-913b-13a872ece3fb
珠斯花	通辽	4d1c7278-9dea-5a9e-b107-4929104685c0
珠海	珠海	04f1cc69-232c-5997-bc69-d476160bd74d
珠海北	珠海	04f1cc69-232c-5997-bc69-d476160bd74d
珠琳	文山壮族苗族	f973505f-c85d-5558-874c-acf361124656
珠窝	北京	d721db6a-e56d-58fa-b283-2556241b5b2e
班猫箐	昆明	6a6a2f3a-a93b-5d79-8740-0f5b6971afed
珲春	延边朝鲜族	651323bf-e6f3-5967-bf79-025c56e51f1d
琼海	海南省-自治区直辖县级行政区划	80f8a3af-31a2-5797-89f4-0ca9906b3527
瑞安	温州	50b0f1f1-ae3c-50d8-b828-6ea31fcb7b2c
瑞昌	九江	85b0a9b1-7dfe-51b9-93f4-9ab616e19c78
瑞昌西	九江	85b0a9b1-7dfe-51b9-93f4-9ab616e19c78
瑞金	赣州	d21587d9-79eb-57ea-b106-4e13c3e3af01
璧山	重庆	d88ce193-ca3a-5770-913b-13a872ece3fb
瓜州	酒泉	09f47d2e-f25b-5142-95c8-2eadf706ef10
瓢儿屯	抚顺	9e54e965-d891-53c5-b2ea-cf1514ef40d4
瓦屋山	常州	1b88cc81-d4d4-505c-8251-394788ee2a72
瓦房店	大连	675e944d-5945-56d5-bb53-8fc64015687c
瓦房店西	大连	675e944d-5945-56d5-bb53-8fc64015687c
瓦拉干	大兴安岭	3dc98a11-7110-50a4-9446-19664a5c69a8
瓦窑田	六盘水	56052d4c-5b32-550a-a748-dec9d9e30fba
甘旗卡	通辽	4d1c7278-9dea-5a9e-b107-4929104685c0
甘河	呼伦贝尔	b226141a-f415-5c10-906b-92f634623aef
甘泉	延安	6b8ab92e-bbe9-582e-8677-dde1f0a74838
甘泉北	延安	6b8ab92e-bbe9-582e-8677-dde1f0a74838
甘洛	凉山彝族	316c65a2-f1b8-5f10-b44a-2508e62c5550
甘草店	兰州	bd27f707-3a10-57bb-9faa-65fe4925eae9
甘谷	天水	15a5dff1-a212-5487-9091-e846753493b2
田东	百色	b19a352d-6e8d-5aeb-9eff-0be42b91dd27
田东北	百色	b19a352d-6e8d-5aeb-9eff-0be42b91dd27
田师府	本溪	55e49af1-7f97-5557-8cc5-457c319f926d
田心东	株洲	30094f44-11f9-56d8-a8e5-d963c4f22c59
田林	百色	b19a352d-6e8d-5aeb-9eff-0be42b91dd27
田阳	百色	b19a352d-6e8d-5aeb-9eff-0be42b91dd27
甲山	承德	1373316a-cb1a-509b-a6cb-e5f1a2a6ecf8
电白	茂名	5dbb2857-7e2d-5fc1-a5a3-a15fc3139d0e
甸心	楚雄彝族	d0a2377f-5995-58b0-9203-16a1f7f250e4
界首市	阜阳	9cc5d6fd-f065-52da-bf72-9a046c4b31d0
略阳	汉中	60336a4c-c384-5380-83d0-05e687856f4e
疏勒	喀什	17da38e9-ad6d-5efc-a47e-1b4a421e9a22
疏勒河	酒泉	09f47d2e-f25b-5142-95c8-2eadf706ef10
登沙河	大连	675e944d-5945-56d5-bb53-8fc64015687c
白云鄂博	包头	17d0b82f-eb76-5664-8a1e-7e241ef3f7ec
白城	白城	e14d63c8-cbb6-5e52-a095-a4ef127366ce
白壁关	吕梁	31702d3b-f41d-56da-8798-56c96ad5564b
白奎堡	哈尔滨	bf1d85eb-9c0b-5b3f-93c3-8fe4cbe5d4f5
白山市	白山	10c1360c-3b27-5353-80e9-1168e448f76b
白文东	吕梁	31702d3b-f41d-56da-8798-56c96ad5564b
白旗	承德	1373316a-cb1a-509b-a6cb-e5f1a2a6ecf8
白水县	渭南	b439fae3-78f7-5c2b-90c5-a652441c11bc
白水江	汉中	60336a4c-c384-5380-83d0-05e687856f4e
白水镇	曲靖	4cb0d11a-5a5c-58ea-ac8b-48c704fe9165
白沙坡	曲靖	4cb0d11a-5a5c-58ea-ac8b-48c704fe9165
白沙铺	黄石	505e0c18-36b0-592a-b198-901c9caf3cfd
白沟	保定	2accd732-552a-52e1-9da1-53ba89f40290
白河	延边朝鲜族	651323bf-e6f3-5967-bf79-025c56e51f1d
白河东	安康	6205e86d-f35d-55f2-9609-cc0be0e224ba
白河县	安康	6205e86d-f35d-55f2-9609-cc0be0e224ba
白泉	辽源	3953465f-af90-5a91-9e75-ab60b6e9bd39
白洋淀	保定	2accd732-552a-52e1-9da1-53ba89f40290
白涧	保定	2accd732-552a-52e1-9da1-53ba89f40290
白狼	兴安	bfa75c64-1f96-5d86-93d7-116cc73b9794
白石山	吉林	f039f35d-a552-5a7b-8815-fee7bdaf6693
白芨沟	石嘴山	8cab18d9-b68d-5fae-a52f-fb58bbba4e7d
白银市	白银	5ae360de-1ce6-5f71-b372-2a5bb6dfa7d0
白银西	白银	5ae360de-1ce6-5f71-b372-2a5bb6dfa7d0
白音他拉	通辽	4d1c7278-9dea-5a9e-b107-4929104685c0
白音华南	锡林郭勒	e1b9383b-d814-555e-ad9e-6cfa39d13f57
白音察干	乌兰察布	538e3cf0-c4bd-52b4-8098-ff9f454cd73b
白音胡硕	兴安	bfa75c64-1f96-5d86-93d7-116cc73b9794
白马井	儋州	c882ad16-11db-5d4c-b399-5c2e63935378
白鸡坡	六盘水	56052d4c-5b32-550a-a748-dec9d9e30fba
百宜	贵阳	d5a3678d-33a9-5da5-bfe0-3e343eeb24ab
百浪	南宁	5d3775ba-2be7-55aa-a326-b791148f625d
百色	百色	b19a352d-6e8d-5aeb-9eff-0be42b91dd27
百里峡	保定	2accd732-552a-52e1-9da1-53ba89f40290
皇姑屯	沈阳	5153e8e7-7633-5762-b223-e3e7f0e482fc
皋兰	兰州	bd27f707-3a10-57bb-9faa-65fe4925eae9
皮口	大连	675e944d-5945-56d5-bb53-8fc64015687c
皮口南	大连	675e944d-5945-56d5-bb53-8fc64015687c
皮山	和田	21e19a7e-ebd1-50c9-ae13-18ac262fa31e
益阳	益阳	c1d04aee-9d48-5be8-955a-3a511127fc61
盐城	盐城	1d08f703-cd90-57a3-ba30-bd54afea000a
盐城北	盐城	1d08f703-cd90-57a3-ba30-bd54afea000a
盐池	吴忠	8a0d4aca-a56d-5bce-aee0-b4b5f0e75c6a
盐津	昭通	64581ab4-c223-53d6-8e0f-b165d978889d
盖州	营口	b8afc62b-f362-5aaf-91d5-0375c0bc6856
盖州西	营口	b8afc62b-f362-5aaf-91d5-0375c0bc6856
盘关	六盘水	56052d4c-5b32-550a-a748-dec9d9e30fba
盘山	盘锦	82eabc31-2c44-5973-9502-94b0a1a7d309
盘州	六盘水	56052d4c-5b32-550a-a748-dec9d9e30fba
盘锦	盘锦	82eabc31-2c44-5973-9502-94b0a1a7d309
盘锦北	盘锦	82eabc31-2c44-5973-9502-94b0a1a7d309
盘龙城	武汉	39d1951e-19c0-579d-b912-a178b69ae641
眉山	眉山	d8b556a2-2593-559f-aaaf-982f2d3e7938
眉山东	眉山	d8b556a2-2593-559f-aaaf-982f2d3e7938
石人	白山	10c1360c-3b27-5353-80e9-1168e448f76b
石人城	哈尔滨	bf1d85eb-9c0b-5b3f-93c3-8fe4cbe5d4f5
石嘴山	石嘴山	8cab18d9-b68d-5fae-a52f-fb58bbba4e7d
石坝	吴忠	8a0d4aca-a56d-5bce-aee0-b4b5f0e75c6a
石城	丹东	6bd1b27d-1504-544e-bfc1-00cdb64f2464
石头	牡丹江	07e0ad42-924a-5614-9eb8-00237a1bde8b
石家庄	石家庄	a140ced1-fdf8-5d24-90ce-ed8e98801e07
石家庄东	石家庄	a140ced1-fdf8-5d24-90ce-ed8e98801e07
石家庄北	石家庄	a140ced1-fdf8-5d24-90ce-ed8e98801e07
石山	锦州	84ff6cdd-4123-5bf5-ac05-bede887d8968
石岘	延边朝鲜族	651323bf-e6f3-5967-bf79-025c56e51f1d
石岭	四平	17007ac4-741f-5ccc-bd0f-9be21362b267
石峡子	武威	e469de7d-a826-51c2-8769-1a68ea64f4ac
石景山南	北京	d721db6a-e56d-58fa-b283-2556241b5b2e
石林	昆明	6a6a2f3a-a93b-5d79-8740-0f5b6971afed
石林南	昆明	6a6a2f3a-a93b-5d79-8740-0f5b6971afed
石林西	昆明	6a6a2f3a-a93b-5d79-8740-0f5b6971afed
石柱县	重庆	d88ce193-ca3a-5770-913b-13a872ece3fb
石桥	漯河	730680c4-fe64-51fa-8fe1-8cf743ce213b
石桥子	本溪	55e49af1-7f97-5557-8cc5-457c319f926d
石梯	达州	a8ca845b-0c63-506b-b1a2-59b834eba679
石河子	新疆维吾尔自治区-自治区直辖县级行政区划	f6f0df05-9064-5699-a491-e9e6bd1af588
石泉县	安康	6205e86d-f35d-55f2-9609-cc0be0e224ba
石磷	鸡西	bbdd346f-d678-5a67-ac64-d7c2bdbf458c
石门县	邵阳	a8e58ec8-b92f-5890-bb56-75e9bb1d15c3
石门县北	常德	748efe7a-f040-522b-84b1-d604c711c862
石龙	东莞	99c9e005-5dce-5d85-b5bb-e7c2d4172798
砀山	宿州	4198e0cb-6093-5cb9-855d-e10f9251606d
砀山南	宿州	4198e0cb-6093-5cb9-855d-e10f9251606d
砚川	商洛	d3216e21-c962-55ac-86e7-05bbae9e0bbf
确山	驻马店	eb780850-c2d0-56fd-951c-295e5251e635
碧江	佛山	d2e9a26d-707e-56db-ade0-f21d0bfed603
碧鸡关	昆明	6a6a2f3a-a93b-5d79-8740-0f5b6971afed
碱厂	本溪	55e49af1-7f97-5557-8cc5-457c319f926d
碾子山	齐齐哈尔	6f43cba3-ae73-5f62-a850-6f09c5a9cbed
磁县	邯郸	48e79958-bc92-5ac6-a68e-30f76c7ba4ff
磁山	邯郸	48e79958-bc92-5ac6-a68e-30f76c7ba4ff
磁窑	泰安	1d29fc17-ed46-56a4-8da0-fbb2295ee668
磁西	邯郸	48e79958-bc92-5ac6-a68e-30f76c7ba4ff
磐安镇	天水	15a5dff1-a212-5487-9091-e846753493b2
磐石	吉林	f039f35d-a552-5a7b-8815-fee7bdaf6693
磨刀石	牡丹江	07e0ad42-924a-5614-9eb8-00237a1bde8b
礼泉	咸阳	74af60de-943f-5954-b526-a489f74e16e2
祁东	衡阳	299edbd5-3dce-57a9-a438-086c4edd6bda
祁东北	衡阳	299edbd5-3dce-57a9-a438-086c4edd6bda
祁县	晋中	d1770fa1-ddfb-5a11-b443-0aa2d0735ac7
祁县东	晋中	d1770fa1-ddfb-5a11-b443-0aa2d0735ac7
祁家堡	本溪	55e49af1-7f97-5557-8cc5-457c319f926d
祁门	黄山	4f944b8f-cd24-548b-aaed-fb9fe88f6834
祁阳	永州	ab95f380-674c-5a94-8dde-587f8f3dae3c
祁阳北	永州	ab95f380-674c-5a94-8dde-587f8f3dae3c
神头	朔州	f2b2245b-cb14-588c-841a-2954c0efc354
神州	海南省-自治区直辖县级行政区划	80f8a3af-31a2-5797-89f4-0ca9906b3527
神木	榆林	85d348c8-4bad-5208-9814-b0963d2321ef
神木南	榆林	85d348c8-4bad-5208-9814-b0963d2321ef
神树	伊春	bb3a809d-181e-5668-b712-26a387ae2710
神池	忻州	ed61505e-53e3-5987-9c3c-ff6c115c5dfe
祥云	大理白族	e2af5f9e-677d-5526-9b77-277a62e93ef6
祥云西	大理白族	e2af5f9e-677d-5526-9b77-277a62e93ef6
禄丰南	楚雄彝族	d0a2377f-5995-58b0-9203-16a1f7f250e4
福利区	兰州	bd27f707-3a10-57bb-9faa-65fe4925eae9
福利屯	双鸭山	ee666d59-ca38-57dd-847c-b8b34211c9d2
福安	宁德	11642571-2e1a-520b-9871-c701c6a769ac
福山口	保定	2accd732-552a-52e1-9da1-53ba89f40290
福山镇	海南省-自治区直辖县级行政区划	80f8a3af-31a2-5797-89f4-0ca9906b3527
福州	福州	55314457-35c8-59fd-963d-39c5029fa3ed
福州  南	福州	55314457-35c8-59fd-963d-39c5029fa3ed
福州南	福州	55314457-35c8-59fd-963d-39c5029fa3ed
福泉	黔南布依族苗族	e1d64b9d-2ef0-5bad-a504-6480cab5b7e9
福海	阿勒泰	9608805b-bc2c-5f85-a991-08b51546f20a
福清	福州	55314457-35c8-59fd-963d-39c5029fa3ed
福田	深圳	17c7f7c5-7904-527a-9a7a-b0edf2ffd375
福鼎	宁德	11642571-2e1a-520b-9871-c701c6a769ac
禹城	德州	8d09dcad-9ad8-5b36-8182-040ed9695486
禹城东	德州	8d09dcad-9ad8-5b36-8182-040ed9695486
离堆公园	成都	03c69062-0880-5837-bae9-fe487784fe4e
秀山	重庆	d88ce193-ca3a-5770-913b-13a872ece3fb
秀英	海口	ce0f2728-81eb-5bd8-8424-c6e38d4eadcd
秦安	天水	15a5dff1-a212-5487-9091-e846753493b2
秦家	绥化	0e7d75da-cbab-57de-836f-26fa268a6aa0
秦家庄	忻州	ed61505e-53e3-5987-9c3c-ff6c115c5dfe
秦岭	宝鸡	c6afff40-c575-544b-979b-b9293bd5db9e
秦皇岛	秦皇岛	9d95ca32-b387-594a-b3f5-a5655f0c9462
秧草地	曲靖	4cb0d11a-5a5c-58ea-ac8b-48c704fe9165
稷山	运城	b09b5fe3-da91-53b2-8d52-0c068d311f1a
穆棱	牡丹江	07e0ad42-924a-5614-9eb8-00237a1bde8b
窑上	承德	1373316a-cb1a-509b-a6cb-e5f1a2a6ecf8
立志	大庆	d3dc72db-afa9-531b-b6b4-ccf73f514483
章丘	济南	1f48df29-20c5-56d2-9337-1332b1647122
章丘北	济南	1f48df29-20c5-56d2-9337-1332b1647122
章党	抚顺	9e54e965-d891-53c5-b2ea-cf1514ef40d4
章古台	阜新	5fc0ce43-f93e-5d25-b09d-050770717a8b
端州	肇庆	3bada160-0010-5397-af5a-6339fbe7f8e5
竹园坝	广元	1db6b4a4-d194-5a15-93a9-f7974de0bce2
笔架山	双鸭山	ee666d59-ca38-57dd-847c-b8b34211c9d2
简阳	成都	03c69062-0880-5837-bae9-fe487784fe4e
简阳南	成都	03c69062-0880-5837-bae9-fe487784fe4e
米易	攀枝花	45fe30b4-5fc6-50a8-b2a2-901457374b56
米沙子	长春	b31467e8-ee25-5af4-b3cb-eb05045f8386
米脂	榆林	85d348c8-4bad-5208-9814-b0963d2321ef
精河	博尔塔拉蒙古	1bda238c-ecb4-56db-840e-9b35cfdf3254
精河南	博尔塔拉蒙古	1bda238c-ecb4-56db-840e-9b35cfdf3254
索伦	兴安	bfa75c64-1f96-5d86-93d7-116cc73b9794
索图罕	呼伦贝尔	b226141a-f415-5c10-906b-92f634623aef
紫荆关	保定	2accd732-552a-52e1-9da1-53ba89f40290
紫阳	安康	6205e86d-f35d-55f2-9609-cc0be0e224ba
綦江	重庆	d88ce193-ca3a-5770-913b-13a872ece3fb
綦江东	重庆	d88ce193-ca3a-5770-913b-13a872ece3fb
繁峙	忻州	ed61505e-53e3-5987-9c3c-ff6c115c5dfe
繁昌西	芜湖	4d31e856-0a40-5eca-a1ba-9ba515e37008
红光镇	成都	03c69062-0880-5837-bae9-fe487784fe4e
红兴隆	双鸭山	ee666d59-ca38-57dd-847c-b8b34211c9d2
红安	黄冈	5d2b0437-28f8-5a8a-afb3-46a8057eec84
红安西	黄冈	5d2b0437-28f8-5a8a-afb3-46a8057eec84
红寺堡	吴忠	8a0d4aca-a56d-5bce-aee0-b4b5f0e75c6a
红山	伊春	bb3a809d-181e-5668-b712-26a387ae2710
红岘台	白银	5ae360de-1ce6-5f71-b372-2a5bb6dfa7d0
红彦	呼伦贝尔	b226141a-f415-5c10-906b-92f634623aef
红星	伊春	bb3a809d-181e-5668-b712-26a387ae2710
红果	六盘水	56052d4c-5b32-550a-a748-dec9d9e30fba
红江	楚雄彝族	d0a2377f-5995-58b0-9203-16a1f7f250e4
红砂岘	白银	5ae360de-1ce6-5f71-b372-2a5bb6dfa7d0
红花沟	赤峰	bacdb061-dc48-5d6d-b61e-552c16634b7b
纪家沟	承德	1373316a-cb1a-509b-a6cb-e5f1a2a6ecf8
纳雍	毕节	1ec19191-4fe4-5a4a-8aa9-8af814791c94
纸坊东	武汉	39d1951e-19c0-579d-b912-a178b69ae641
绅坊	温州	50b0f1f1-ae3c-50d8-b828-6ea31fcb7b2c
织金	毕节	1ec19191-4fe4-5a4a-8aa9-8af814791c94
织金北	毕节	1ec19191-4fe4-5a4a-8aa9-8af814791c94
绍兴	绍兴	d5ccf20a-f0f4-5ef0-8abd-8e31e45f6191
绍兴东	绍兴	d5ccf20a-f0f4-5ef0-8abd-8e31e45f6191
绍兴北	绍兴	d5ccf20a-f0f4-5ef0-8abd-8e31e45f6191
经棚	赤峰	bacdb061-dc48-5d6d-b61e-552c16634b7b
绕阳河	锦州	84ff6cdd-4123-5bf5-ac05-bede887d8968
统军庄	北京	d721db6a-e56d-58fa-b283-2556241b5b2e
绥中	葫芦岛	479a31e5-8200-512a-bb35-6a18eb5d3381
绥中北	葫芦岛	479a31e5-8200-512a-bb35-6a18eb5d3381
绥化	绥化	0e7d75da-cbab-57de-836f-26fa268a6aa0
绥德	榆林	85d348c8-4bad-5208-9814-b0963d2321ef
绥棱	绥化	0e7d75da-cbab-57de-836f-26fa268a6aa0
绥芬河	牡丹江	07e0ad42-924a-5614-9eb8-00237a1bde8b
绥阳	牡丹江	07e0ad42-924a-5614-9eb8-00237a1bde8b
绩溪北	宣城	1ed1529b-7b44-587e-ab3e-0d18e443a50f
绩溪县	宣城	1ed1529b-7b44-587e-ab3e-0d18e443a50f
绵阳	绵阳	c580730a-d66a-5c68-986f-f38f69976be8
绿化	嘉峪关	4b014536-c5ca-5d2a-a123-cb7057700574
绿博园	郑州	da3a0933-16eb-56a0-9911-eefa6edad967
缙云	丽水	77fb924d-9f21-519c-9e09-09e045fcb6fd
缙云西	丽水	77fb924d-9f21-519c-9e09-09e045fcb6fd
罗城	河池	60d88a2b-c2ff-5751-ab1c-ebf50e034ff4
罗山	信阳	605c11d4-ccde-5cdc-82df-473f8da9ba08
罗平	曲靖	4cb0d11a-5a5c-58ea-ac8b-48c704fe9165
罗江	德阳	0bf060eb-8e06-5552-874d-cdee916fd732
罗江东	德阳	0bf060eb-8e06-5552-874d-cdee916fd732
罗源	福州	55314457-35c8-59fd-963d-39c5029fa3ed
羊堡	昆明	6a6a2f3a-a93b-5d79-8740-0f5b6971afed
羊尾哨	曲靖	4cb0d11a-5a5c-58ea-ac8b-48c704fe9165
羊者窝	曲靖	4cb0d11a-5a5c-58ea-ac8b-48c704fe9165
羊臼河	楚雄彝族	d0a2377f-5995-58b0-9203-16a1f7f250e4
羊草	绥化	0e7d75da-cbab-57de-836f-26fa268a6aa0
羊马	成都	03c69062-0880-5837-bae9-fe487784fe4e
美兰	海口	ce0f2728-81eb-5bd8-8424-c6e38d4eadcd
美溪	伊春	bb3a809d-181e-5668-b712-26a387ae2710
老城镇	海南省-自治区直辖县级行政区划	80f8a3af-31a2-5797-89f4-0ca9906b3527
老府	赤峰	bacdb061-dc48-5d6d-b61e-552c16634b7b
老莱	齐齐哈尔	6f43cba3-ae73-5f62-a850-6f09c5a9cbed
老营	白山	10c1360c-3b27-5353-80e9-1168e448f76b
老边	营口	b8afc62b-f362-5aaf-91d5-0375c0bc6856
耒阳	衡阳	299edbd5-3dce-57a9-a438-086c4edd6bda
耒阳西	衡阳	299edbd5-3dce-57a9-a438-086c4edd6bda
聊城	聊城	7e856ec4-4cb9-539e-9ddc-81a65ae2528f
肃宁	沧州	22edba49-72d1-55ee-b30d-bb49f3bfea5e
肇东	绥化	0e7d75da-cbab-57de-836f-26fa268a6aa0
肇庆	肇庆	3bada160-0010-5397-af5a-6339fbe7f8e5
肇庆东	肇庆	3bada160-0010-5397-af5a-6339fbe7f8e5
肥东	合肥	ea43a508-4567-5bf0-87da-549899c824fc
背荫河	哈尔滨	bf1d85eb-9c0b-5b3f-93c3-8fe4cbe5d4f5
胜利镇	哈尔滨	bf1d85eb-9c0b-5b3f-93c3-8fe4cbe5d4f5
胜芳	廊坊	06acfd4b-2491-5f63-b36d-5441f6e3e442
胶州	青岛	4799b170-1b20-5f64-a80c-cd7600ddfcdc
胶州北	青岛	4799b170-1b20-5f64-a80c-cd7600ddfcdc
能家	朝阳	11b88395-569a-5731-9cbb-52e13af3e45d
自贡	自贡	5e885d2e-93ac-5dee-b6c9-5a494acf39d6
舍力虎	通辽	4d1c7278-9dea-5a9e-b107-4929104685c0
舒兰	吉林	f039f35d-a552-5a7b-8815-fee7bdaf6693
舒城	六安	0f3a207e-f721-503a-8b48-0efbf75fd429
良各庄	北京	d721db6a-e56d-58fa-b283-2556241b5b2e
艾家村	吴忠	8a0d4aca-a56d-5bce-aee0-b4b5f0e75c6a
艾河	保定	2accd732-552a-52e1-9da1-53ba89f40290
芙蓉南	长沙	1ea20e7e-6a17-5531-93e3-302245162382
芜湖	芜湖	4d31e856-0a40-5eca-a1ba-9ba515e37008
芦台	天津	cf07e639-6495-564c-b025-0860e87656b8
芦沟	曲靖	4cb0d11a-5a5c-58ea-ac8b-48c704fe9165
芦溪	萍乡	847b71fa-ee22-5e0b-900c-f7d5fc406ba6
芦潮港	上海	b4466602-0f7c-59cb-bf36-8083959fd32d
芨岭	金昌	63143b34-f2f4-568d-b502-d563032b92bf
花博山	淄博	81d21174-d65d-5029-ac11-a6ec748bcb56
花园	孝感	93f810f1-261b-5437-bae7-2dd3b8334c1f
花园口	大连	675e944d-5945-56d5-bb53-8fc64015687c
花家庄	六盘水	56052d4c-5b32-550a-a748-dec9d9e30fba
花山南	武汉	39d1951e-19c0-579d-b912-a178b69ae641
花桥	苏州	9c722789-c612-5e9d-b091-e1f83c16f0c1
花棚子	攀枝花	45fe30b4-5fc6-50a8-b2a2-901457374b56
花湖	鄂州	e0b4399d-3bca-5960-84d4-d85a8ae42fc9
芷江	怀化	20d49eef-b4ae-585a-b42e-e2e3ce505f96
苇子沟	延边朝鲜族	651323bf-e6f3-5967-bf79-025c56e51f1d
苇河	哈尔滨	bf1d85eb-9c0b-5b3f-93c3-8fe4cbe5d4f5
苇河西	哈尔滨	bf1d85eb-9c0b-5b3f-93c3-8fe4cbe5d4f5
苍南	温州	50b0f1f1-ae3c-50d8-b828-6ea31fcb7b2c
苍溪	广元	1db6b4a4-d194-5a15-93a9-f7974de0bce2
苍石	抚顺	9e54e965-d891-53c5-b2ea-cf1514ef40d4
苏家屯	沈阳	5153e8e7-7633-5762-b223-e3e7f0e482fc
苏尼特左旗	锡林郭勒	e1b9383b-d814-555e-ad9e-6cfa39d13f57
苏州	苏州	9c722789-c612-5e9d-b091-e1f83c16f0c1
苏州北	苏州	9c722789-c612-5e9d-b091-e1f83c16f0c1
苏州园区	苏州	9c722789-c612-5e9d-b091-e1f83c16f0c1
苏州新区	苏州	9c722789-c612-5e9d-b091-e1f83c16f0c1
英吉沙	喀什	17da38e9-ad6d-5efc-a47e-1b4a421e9a22
英德	清远	fafb7735-9f05-5951-b6ea-6b1692ff2e39
英德西	清远	fafb7735-9f05-5951-b6ea-6b1692ff2e39
茂名	茂名	5dbb2857-7e2d-5fc1-a5a3-a15fc3139d0e
茂名西	茂名	5dbb2857-7e2d-5fc1-a5a3-a15fc3139d0e
茂林	四平	17007ac4-741f-5ccc-bd0f-9be21362b267
茂舍祖	昆明	6a6a2f3a-a93b-5d79-8740-0f5b6971afed
范各庄	唐山	18ee9859-42de-5a7b-b3a7-40f711828e07
范家屯	长春	b31467e8-ee25-5af4-b3cb-eb05045f8386
范镇	泰安	1d29fc17-ed46-56a4-8da0-fbb2295ee668
茅岭	防城港	fed5afc7-5e90-5041-82f8-6d34f84a2152
茅草坪	六盘水	56052d4c-5b32-550a-a748-dec9d9e30fba
茶卡	海西蒙古族藏族	9c2295d9-cc03-556b-8da7-040464bd510c
茶陵	株洲	30094f44-11f9-56d8-a8e5-d963c4f22c59
茶陵南	株洲	30094f44-11f9-56d8-a8e5-d963c4f22c59
荆州	荆州	ab1e9b94-f945-5f5d-be66-13fe080cbdc0
荆门	荆门	ae491ecf-3ce4-5303-a846-e15c8c1ffd56
草市	抚顺	9e54e965-d891-53c5-b2ea-cf1514ef40d4
草河口	本溪	55e49af1-7f97-5557-8cc5-457c319f926d
草海	毕节	1ec19191-4fe4-5a4a-8aa9-8af814791c94
荣成	威海	7c6ca8a3-1b6e-53b3-9593-e023e406b521
荣昌	重庆	d88ce193-ca3a-5770-913b-13a872ece3fb
荣昌北	重庆	d88ce193-ca3a-5770-913b-13a872ece3fb
荷塘	湘潭	6c36bcad-d2e3-530d-8daf-aa9c7d03c9a6
莆田	莆田	9e05412b-919d-5fdc-9d5f-05615ef6c782
莎车	喀什	17da38e9-ad6d-5efc-a47e-1b4a421e9a22
莒南	临沂	8dbbad97-ddec-5fb6-b999-86fdcda31e8c
莒县	日照	bf8c5a46-a1fd-5bcd-a014-e39bbf83b452
莫尔道嘎	呼伦贝尔	b226141a-f415-5c10-906b-92f634623aef
莱芜东	济南	1f48df29-20c5-56d2-9337-1332b1647122
莱芜西	济南	1f48df29-20c5-56d2-9337-1332b1647122
莱西	青岛	4799b170-1b20-5f64-a80c-cd7600ddfcdc
莱西北	青岛	4799b170-1b20-5f64-a80c-cd7600ddfcdc
莱阳	烟台	46d24d3a-9a88-541d-a1ca-fe10b2206a3e
莲江口	佳木斯	c6f2638c-2ad9-5c3b-a5c1-db1124e559f3
获嘉	新乡	a7b5cb21-a0a5-538e-b173-971eae64725f
菇园	通化	1a094200-342b-5cd5-98f5-263d29ae8a7a
菏泽	菏泽	0a628620-619e-543e-a2a5-5de8e87f9fab
萍乡	萍乡	847b71fa-ee22-5e0b-900c-f7d5fc406ba6
萍乡北	萍乡	847b71fa-ee22-5e0b-900c-f7d5fc406ba6
营口	营口	b8afc62b-f362-5aaf-91d5-0375c0bc6856
营口东	营口	b8afc62b-f362-5aaf-91d5-0375c0bc6856
营城子	大连	675e944d-5945-56d5-bb53-8fc64015687c
营山	南充	8658fcca-9f2f-5a46-b459-e525e6fdb50d
营盘水	中卫	53a49e05-84a2-5b55-a0e8-04fc4f1e06a0
营街	六盘水	56052d4c-5b32-550a-a748-dec9d9e30fba
萧县北	宿州	4198e0cb-6093-5cb9-855d-e10f9251606d
萨拉齐	包头	17d0b82f-eb76-5664-8a1e-7e241ef3f7ec
落坡岭	北京	d721db6a-e56d-58fa-b283-2556241b5b2e
落垡	廊坊	06acfd4b-2491-5f63-b36d-5441f6e3e442
葛店南	鄂州	e0b4399d-3bca-5960-84d4-d85a8ae42fc9
葛根庙	兴安	bfa75c64-1f96-5d86-93d7-116cc73b9794
葡萄菁	毕节	1ec19191-4fe4-5a4a-8aa9-8af814791c94
董家口	青岛	4799b170-1b20-5f64-a80c-cd7600ddfcdc
葫芦岛	葫芦岛	479a31e5-8200-512a-bb35-6a18eb5d3381
葫芦岛北	葫芦岛	479a31e5-8200-512a-bb35-6a18eb5d3381
葵潭	揭阳	cbd95c51-5441-5651-9760-30ea2636557c
蒙自	红河哈尼族彝族	41aa8864-6744-55bb-a717-6e0896a515a9
蒙自北	红河哈尼族彝族	41aa8864-6744-55bb-a717-6e0896a515a9
蒲城	渭南	b439fae3-78f7-5c2b-90c5-a652441c11bc
蒲城东	渭南	b439fae3-78f7-5c2b-90c5-a652441c11bc
蒲江	金华	23083b61-2f71-536c-89df-96669e9b211c
蓝村	青岛	4799b170-1b20-5f64-a80c-cd7600ddfcdc
蓟州	天津	cf07e639-6495-564c-b025-0860e87656b8
蓟州北	天津	cf07e639-6495-564c-b025-0860e87656b8
蓬安	南充	8658fcca-9f2f-5a46-b459-e525e6fdb50d
蓬溪	遂宁	da76e70a-774c-580c-93f9-62e23d69f42d
蓬莱市	烟台	46d24d3a-9a88-541d-a1ca-fe10b2206a3e
蔡家坡	宝鸡	c6afff40-c575-544b-979b-b9293bd5db9e
蔡家崖	吕梁	31702d3b-f41d-56da-8798-56c96ad5564b
蔡家沟	松原	68f42d61-6c23-57d6-8f79-7724e284450d
蔡山	黄冈	5d2b0437-28f8-5a8a-afb3-46a8057eec84
蔺家楼	济南	1f48df29-20c5-56d2-9337-1332b1647122
蕲春	黄冈	5d2b0437-28f8-5a8a-afb3-46a8057eec84
藁城	石家庄	a140ced1-fdf8-5d24-90ce-ed8e98801e07
藁城南	石家庄	a140ced1-fdf8-5d24-90ce-ed8e98801e07
藤县	梧州	ac63a623-a533-53c9-922f-e4c1c509af52
虎什哈	承德	1373316a-cb1a-509b-a6cb-e5f1a2a6ecf8
虎林	鸡西	bbdd346f-d678-5a67-ac64-d7c2bdbf458c
虎石台	沈阳	5153e8e7-7633-5762-b223-e3e7f0e482fc
虎门	东莞	99c9e005-5dce-5d85-b5bb-e7c2d4172798
虞城县	商丘	98b20cb1-fcb7-5d7d-b88e-63112f019bd8
虢镇	宝鸡	c6afff40-c575-544b-979b-b9293bd5db9e
蚌埠	蚌埠	f36d4e09-0260-5ecb-b650-39b3ca8e0160
蚌埠南	蚌埠	f36d4e09-0260-5ecb-b650-39b3ca8e0160
蛟河	吉林	f039f35d-a552-5a7b-8815-fee7bdaf6693
蛟河西	吉林	f039f35d-a552-5a7b-8815-fee7bdaf6693
蜀河	安康	6205e86d-f35d-55f2-9609-cc0be0e224ba
融安	柳州	c0f75662-9ff3-554e-8917-d1045405985e
融水	柳州	c0f75662-9ff3-554e-8917-d1045405985e
衡南	衡阳	299edbd5-3dce-57a9-a438-086c4edd6bda
衡山	衡阳	299edbd5-3dce-57a9-a438-086c4edd6bda
衡山西	衡阳	299edbd5-3dce-57a9-a438-086c4edd6bda
衡水	衡水	5e4f063a-c014-5298-b2fa-d9f24cdff5c3
衡水北	衡水	5e4f063a-c014-5298-b2fa-d9f24cdff5c3
衡阳	衡阳	299edbd5-3dce-57a9-a438-086c4edd6bda
衡阳东	衡阳	299edbd5-3dce-57a9-a438-086c4edd6bda
衢州	衢州	3b7d081d-2591-541f-b06d-8c5fca7ce5bb
裴德	鸡西	bbdd346f-d678-5a67-ac64-d7c2bdbf458c
褚家湾	中卫	53a49e05-84a2-5b55-a0e8-04fc4f1e06a0
襄垣	长治	90500a96-3f31-5d31-9a96-5faa885ef329
襄汾	临汾	89d8ba5f-38cb-517d-9fac-8130b0cc5132
襄汾西	临汾	89d8ba5f-38cb-517d-9fac-8130b0cc5132
襄河	黑河	0dcb0dd2-fed6-5479-bc94-1ae2885648e0
襄阳	襄阳	be829ddc-0d87-5037-af3a-8808ddc336e9
襄阳东	襄阳	be829ddc-0d87-5037-af3a-8808ddc336e9
西丰	铁岭	a999ec8e-ed73-57b8-bdd6-1aa03ab6879d
西乌旗	锡林郭勒	e1b9383b-d814-555e-ad9e-6cfa39d13f57
西乡	汉中	60336a4c-c384-5380-83d0-05e687856f4e
西八里	张家口	b2c73ed7-ab7b-5d95-bb93-df84147aa52a
西哲里木	兴安	bfa75c64-1f96-5d86-93d7-116cc73b9794
西固	兰州	bd27f707-3a10-57bb-9faa-65fe4925eae9
西固城	兰州	bd27f707-3a10-57bb-9faa-65fe4925eae9
西大庙	承德	1373316a-cb1a-509b-a6cb-e5f1a2a6ecf8
西宁	西宁	ff053601-69ed-5cd4-b02d-b98086727747
西安	西安	ddb54c72-1527-53f0-ba7c-02548ddf2f8c
西安北	西安	ddb54c72-1527-53f0-ba7c-02548ddf2f8c
西安南	西安	ddb54c72-1527-53f0-ba7c-02548ddf2f8c
西小召	巴彦淖尔	8cc2d64c-8db5-52e8-89a9-3deb446183e7
西岗子	黑河	0dcb0dd2-fed6-5479-bc94-1ae2885648e0
西峡	南阳	197af260-ee95-5f62-9f8f-5e44b4799635
西平	驻马店	eb780850-c2d0-56fd-951c-295e5251e635
西平西	东莞	99c9e005-5dce-5d85-b5bb-e7c2d4172798
西昌	凉山彝族	316c65a2-f1b8-5f10-b44a-2508e62c5550
西昌南	凉山彝族	316c65a2-f1b8-5f10-b44a-2508e62c5550
西来	成都	03c69062-0880-5837-bae9-fe487784fe4e
西林	伊春	bb3a809d-181e-5668-b712-26a387ae2710
西柳	鞍山	8d0e39c3-4fc1-5846-b8e4-2e547e27168d
西渡	衡阳	299edbd5-3dce-57a9-a438-086c4edd6bda
西湖东	惠州	ae2a75aa-b0aa-505b-8a7c-0f96deec2b94
西街口	昆明	6a6a2f3a-a93b-5d79-8740-0f5b6971afed
西阳村	晋城	74fbc8ef-bbaf-5587-918f-771ed7945889
西麻山	鸡西	bbdd346f-d678-5a67-ac64-d7c2bdbf458c
观沙岭	长沙	1ea20e7e-6a17-5531-93e3-302245162382
角美	漳州	9b9ffe33-2ce6-5729-aa92-bc1ed783a1b0
讷河	齐齐哈尔	6f43cba3-ae73-5f62-a850-6f09c5a9cbed
许三湾	张掖	b8a283bc-8782-595d-99b6-96d732092f17
许家台	兰州	bd27f707-3a10-57bb-9faa-65fe4925eae9
许家屯	大连	675e944d-5945-56d5-bb53-8fc64015687c
许昌	许昌	06347124-dcdd-5d26-b64f-7f9b033ae674
许昌东	许昌	06347124-dcdd-5d26-b64f-7f9b033ae674
诏安	漳州	9b9ffe33-2ce6-5729-aa92-bc1ed783a1b0
诸城	潍坊	caa74358-1304-541c-b9cf-b6b07d1c9ace
诸暨	绍兴	d5ccf20a-f0f4-5ef0-8abd-8e31e45f6191
读书铺	昆明	6a6a2f3a-a93b-5d79-8740-0f5b6971afed
谢家镇	长春	b31467e8-ee25-5af4-b3cb-eb05045f8386
谭家井	武威	e469de7d-a826-51c2-8769-1a68ea64f4ac
谷城	襄阳	be829ddc-0d87-5037-af3a-8808ddc336e9
谷山	长沙	1ea20e7e-6a17-5531-93e3-302245162382
豆庄	邯郸	48e79958-bc92-5ac6-a68e-30f76c7ba4ff
豆张庄	天津	cf07e639-6495-564c-b025-0860e87656b8
豆罗	忻州	ed61505e-53e3-5987-9c3c-ff6c115c5dfe
贲红	乌兰察布	538e3cf0-c4bd-52b4-8098-ff9f454cd73b
贵安	贵阳	d5a3678d-33a9-5da5-bfe0-3e343eeb24ab
贵定	黔南布依族苗族	e1d64b9d-2ef0-5bad-a504-6480cab5b7e9
贵定北	黔南布依族苗族	e1d64b9d-2ef0-5bad-a504-6480cab5b7e9
贵定南	黔南布依族苗族	e1d64b9d-2ef0-5bad-a504-6480cab5b7e9
贵定县	黔南布依族苗族	e1d64b9d-2ef0-5bad-a504-6480cab5b7e9
贵港	贵港	1987e54e-8dfb-57d8-90a8-c09689661b7c
贵溪	鹰潭	031ffa08-1085-59c7-94a4-2270e930a71b
贵阳	贵阳	d5a3678d-33a9-5da5-bfe0-3e343eeb24ab
贵阳东	贵阳	d5a3678d-33a9-5da5-bfe0-3e343eeb24ab
贵阳北	贵阳	d5a3678d-33a9-5da5-bfe0-3e343eeb24ab
费县	临沂	8dbbad97-ddec-5fb6-b999-86fdcda31e8c
贺家店	天水	15a5dff1-a212-5487-9091-e846753493b2
贺州	贺州	a4090fb8-59a6-5735-972f-45a175e29b7d
贺胜桥东	咸宁	d318f2ce-a120-5bee-8dc6-17728d1b45c2
贾鲁河	郑州	da3a0933-16eb-56a0-9911-eefa6edad967
资中	内江	d6acbe2b-b25e-5d1c-b0db-a0e879de2cb2
资中北	内江	d6acbe2b-b25e-5d1c-b0db-a0e879de2cb2
资溪	抚州	9c042cb6-f769-522c-8a7f-c7fcf217a16a
资阳	资阳	9b765c4c-f1b1-5e4c-b3df-0ecc5f5f0d29
资阳北	资阳	9b765c4c-f1b1-5e4c-b3df-0ecc5f5f0d29
赛汗塔拉	锡林郭勒	e1b9383b-d814-555e-ad9e-6cfa39d13f57
赣州	赣州	d21587d9-79eb-57ea-b106-4e13c3e3af01
赣榆	连云港	4522ba10-70dc-51de-9b32-2ceca1534aab
赤壁	咸宁	d318f2ce-a120-5bee-8dc6-17728d1b45c2
赤壁北	咸宁	d318f2ce-a120-5bee-8dc6-17728d1b45c2
赤峰	赤峰	bacdb061-dc48-5d6d-b61e-552c16634b7b
赤峰西	赤峰	bacdb061-dc48-5d6d-b61e-552c16634b7b
赵光	黑河	0dcb0dd2-fed6-5479-bc94-1ae2885648e0
赵城	临汾	89d8ba5f-38cb-517d-9fac-8130b0cc5132
赶水	重庆	d88ce193-ca3a-5770-913b-13a872ece3fb
赶水东	重庆	d88ce193-ca3a-5770-913b-13a872ece3fb
超梁沟	承德	1373316a-cb1a-509b-a6cb-e5f1a2a6ecf8
越西	凉山彝族	316c65a2-f1b8-5f10-b44a-2508e62c5550
路口铺	岳阳	696dc68f-8057-5a31-9cf4-db3345101dcc
车转湾	曲靖	4cb0d11a-5a5c-58ea-ac8b-48c704fe9165
轩岗	忻州	ed61505e-53e3-5987-9c3c-ff6c115c5dfe
轮台	巴音郭楞蒙古	b137577a-4d75-5d61-af4f-57010f0daecb
辛集	石家庄	a140ced1-fdf8-5d24-90ce-ed8e98801e07
辛集南	石家庄	a140ced1-fdf8-5d24-90ce-ed8e98801e07
辰清	黑河	0dcb0dd2-fed6-5479-bc94-1ae2885648e0
辰溪	怀化	20d49eef-b4ae-585a-b42e-e2e3ce505f96
辽中	沈阳	5153e8e7-7633-5762-b223-e3e7f0e482fc
辽源	辽源	3953465f-af90-5a91-9e75-ab60b6e9bd39
辽阳	辽阳	9977307d-2307-58bf-82a8-2a685099a8c1
达坂城	乌鲁木齐	8c34a550-4813-51ce-aaef-8fd3b49fc457
达家沟	长春	b31467e8-ee25-5af4-b3cb-eb05045f8386
达州	达州	a8ca845b-0c63-506b-b1a2-59b834eba679
达拉特旗	鄂尔多斯	25c70ce5-5401-569e-b63e-b2ae7dcda1e6
达拉特西	鄂尔多斯	25c70ce5-5401-569e-b63e-b2ae7dcda1e6
达连河	哈尔滨	bf1d85eb-9c0b-5b3f-93c3-8fe4cbe5d4f5
迁安	唐山	18ee9859-42de-5a7b-b3a7-40f711828e07
迎宾路	成都	03c69062-0880-5837-bae9-fe487784fe4e
迎春	鸡西	bbdd346f-d678-5a67-ac64-d7c2bdbf458c
运城	运城	b09b5fe3-da91-53b2-8d52-0c068d311f1a
运城北	运城	b09b5fe3-da91-53b2-8d52-0c068d311f1a
运粮河	开封	2a141a53-d5b6-5b31-9b2e-5bcc8f28935d
近海	沈阳	5153e8e7-7633-5762-b223-e3e7f0e482fc
进贤	南昌	da5d49e2-4d02-58b2-b0e7-2f7658928f6f
进贤南	南昌	da5d49e2-4d02-58b2-b0e7-2f7658928f6f
连云港	连云港	4522ba10-70dc-51de-9b32-2ceca1534aab
连云港东	连云港	4522ba10-70dc-51de-9b32-2ceca1534aab
连山关	本溪	55e49af1-7f97-5557-8cc5-457c319f926d
连江	福州	55314457-35c8-59fd-963d-39c5029fa3ed
迤资	攀枝花	45fe30b4-5fc6-50a8-b2a2-901457374b56
通化	通化	1a094200-342b-5cd5-98f5-263d29ae8a7a
通化县	通化	1a094200-342b-5cd5-98f5-263d29ae8a7a
通北	黑河	0dcb0dd2-fed6-5479-bc94-1ae2885648e0
通安驿	定西	bf5ef2d2-1f79-5d24-b3f8-989a9921d836
通州	北京	d721db6a-e56d-58fa-b283-2556241b5b2e
通州西	北京	d721db6a-e56d-58fa-b283-2556241b5b2e
通榆	白城	e14d63c8-cbb6-5e52-a095-a4ef127366ce
通沟	通化	1a094200-342b-5cd5-98f5-263d29ae8a7a
通海	玉溪	61f02651-99a8-546d-8e0e-5e4872420d57
通渭	定西	bf5ef2d2-1f79-5d24-b3f8-989a9921d836
通辽	通辽	4d1c7278-9dea-5a9e-b107-4929104685c0
通远堡	丹东	6bd1b27d-1504-544e-bfc1-00cdb64f2464
通远堡西	丹东	6bd1b27d-1504-544e-bfc1-00cdb64f2464
通途	松原	68f42d61-6c23-57d6-8f79-7724e284450d
通道	怀化	20d49eef-b4ae-585a-b42e-e2e3ce505f96
遂宁	遂宁	da76e70a-774c-580c-93f9-62e23d69f42d
遂平	驻马店	eb780850-c2d0-56fd-951c-295e5251e635
遂溪	湛江	71601399-91c9-5889-aec4-fc901845333c
道州	永州	ab95f380-674c-5a94-8dde-587f8f3dae3c
道清	白山	10c1360c-3b27-5353-80e9-1168e448f76b
道滘	东莞	99c9e005-5dce-5d85-b5bb-e7c2d4172798
遵义	遵义	4ceec173-afbb-56c5-8a7c-6a1d0a6710ba
遵义南	遵义	4ceec173-afbb-56c5-8a7c-6a1d0a6710ba
遵义西	遵义	4ceec173-afbb-56c5-8a7c-6a1d0a6710ba
邓州	南阳	197af260-ee95-5f62-9f8f-5e44b4799635
邛崃	成都	03c69062-0880-5837-bae9-fe487784fe4e
邢台	邢台	cbe71193-b198-54a7-b4fe-cedc434074c9
邢台东	邢台	cbe71193-b198-54a7-b4fe-cedc434074c9
那曲	那曲	befcb9ff-a75e-5963-a177-21803aa99a1e
那罗	南宁	5d3775ba-2be7-55aa-a326-b791148f625d
那铺	南宁	5d3775ba-2be7-55aa-a326-b791148f625d
邯郸	邯郸	48e79958-bc92-5ac6-a68e-30f76c7ba4ff
邯郸东	邯郸	48e79958-bc92-5ac6-a68e-30f76c7ba4ff
邳州	徐州	391cd36e-0e1a-572a-8710-bf155ad89179
邵东	邵阳	a8e58ec8-b92f-5890-bb56-75e9bb1d15c3
邵家堂	兰州	bd27f707-3a10-57bb-9faa-65fe4925eae9
邵武	南平	255dd78d-c678-5b33-bc96-e3e2a3b84ce8
邵阳	邵阳	a8e58ec8-b92f-5890-bb56-75e9bb1d15c3
邵阳北	邵阳	a8e58ec8-b92f-5890-bb56-75e9bb1d15c3
邵阳西	邵阳	a8e58ec8-b92f-5890-bb56-75e9bb1d15c3
邹城	济宁	c1239aa9-60e9-5d8e-a9ed-9224397b450b
邹平	滨州	8996f9cd-4df5-5277-af68-d7e67c9a7d59
郁南	云浮	a2915f8f-7ec5-55a8-8f05-7a0a0c854eb3
郑州	郑州	da3a0933-16eb-56a0-9911-eefa6edad967
郑州东	郑州	da3a0933-16eb-56a0-9911-eefa6edad967
郑州西	郑州	da3a0933-16eb-56a0-9911-eefa6edad967
郓城	菏泽	0a628620-619e-543e-a2a5-5de8e87f9fab
郫县	成都	03c69062-0880-5837-bae9-fe487784fe4e
郫县西	成都	03c69062-0880-5837-bae9-fe487784fe4e
郭家店	四平	17007ac4-741f-5ccc-bd0f-9be21362b267
郭磊庄	张家口	b2c73ed7-ab7b-5d95-bb93-df84147aa52a
郯城	临沂	8dbbad97-ddec-5fb6-b999-86fdcda31e8c
郴州	郴州	4dbe56e9-4530-59b4-8f91-80b4fb17434f
郴州西	郴州	4dbe56e9-4530-59b4-8f91-80b4fb17434f
都匀	黔南布依族苗族	e1d64b9d-2ef0-5bad-a504-6480cab5b7e9
都匀东	黔南布依族苗族	e1d64b9d-2ef0-5bad-a504-6480cab5b7e9
都昌	九江	85b0a9b1-7dfe-51b9-93f4-9ab616e19c78
都格	六盘水	56052d4c-5b32-550a-a748-dec9d9e30fba
都江堰	成都	03c69062-0880-5837-bae9-fe487784fe4e
鄂尔多斯	鄂尔多斯	25c70ce5-5401-569e-b63e-b2ae7dcda1e6
鄂州	鄂州	e0b4399d-3bca-5960-84d4-d85a8ae42fc9
鄂州东	鄂州	e0b4399d-3bca-5960-84d4-d85a8ae42fc9
鄄城	菏泽	0a628620-619e-543e-a2a5-5de8e87f9fab
鄠邑	西安	ddb54c72-1527-53f0-ba7c-02548ddf2f8c
鄯善	吐鲁番	15b9f816-2d64-557c-b130-b4e398ca84ca
鄯善北	吐鲁番	15b9f816-2d64-557c-b130-b4e398ca84ca
鄱阳	上饶	be78b24d-5f03-54e8-ba02-a40bac892ba8
酉阳	重庆	d88ce193-ca3a-5770-913b-13a872ece3fb
酒泉	酒泉	09f47d2e-f25b-5142-95c8-2eadf706ef10
酒泉南	酒泉	09f47d2e-f25b-5142-95c8-2eadf706ef10
醴陵	株洲	30094f44-11f9-56d8-a8e5-d963c4f22c59
醴陵东	株洲	30094f44-11f9-56d8-a8e5-d963c4f22c59
里木店	绥化	0e7d75da-cbab-57de-836f-26fa268a6aa0
重庆	重庆	d88ce193-ca3a-5770-913b-13a872ece3fb
重庆北	重庆	d88ce193-ca3a-5770-913b-13a872ece3fb
重庆南	重庆	d88ce193-ca3a-5770-913b-13a872ece3fb
重庆西	重庆	d88ce193-ca3a-5770-913b-13a872ece3fb
野三坡	保定	2accd732-552a-52e1-9da1-53ba89f40290
金华	金华	23083b61-2f71-536c-89df-96669e9b211c
金华南	金华	23083b61-2f71-536c-89df-96669e9b211c
金坑	本溪	55e49af1-7f97-5557-8cc5-457c319f926d
金城江	河池	60d88a2b-c2ff-5751-ab1c-ebf50e034ff4
金宝屯	通辽	4d1c7278-9dea-5a9e-b107-4929104685c0
金寨	六安	0f3a207e-f721-503a-8b48-0efbf75fd429
金山北	上海	b4466602-0f7c-59cb-bf36-8083959fd32d
金山屯	伊春	bb3a809d-181e-5668-b712-26a387ae2710
金州	大连	675e944d-5945-56d5-bb53-8fc64015687c
金昌	金昌	63143b34-f2f4-568d-b502-d563032b92bf
金月湾	海南省-自治区直辖县级行政区划	80f8a3af-31a2-5797-89f4-0ca9906b3527
金杖子	朝阳	11b88395-569a-5731-9cbb-52e13af3e45d
金沟屯	承德	1373316a-cb1a-509b-a6cb-e5f1a2a6ecf8
金河	呼伦贝尔	b226141a-f415-5c10-906b-92f634623aef
金银潭	武汉	39d1951e-19c0-579d-b912-a178b69ae641
金马村	昆明	6a6a2f3a-a93b-5d79-8740-0f5b6971afed
钟家村	渭南	b439fae3-78f7-5c2b-90c5-a652441c11bc
钟山	贺州	a4090fb8-59a6-5735-972f-45a175e29b7d
钟山西	贺州	a4090fb8-59a6-5735-972f-45a175e29b7d
钟祥	荆门	ae491ecf-3ce4-5303-a846-e15c8c1ffd56
钦州	钦州	c7792f0b-210e-5dc3-a877-a238341ecd69
钦州东	钦州	c7792f0b-210e-5dc3-a877-a238341ecd69
铁刹山	本溪	55e49af1-7f97-5557-8cc5-457c319f926d
铁力	伊春	bb3a809d-181e-5668-b712-26a387ae2710
铁厂	通化	1a094200-342b-5cd5-98f5-263d29ae8a7a
铁厂沟	塔城	b316bc3a-fb03-51a3-bcfe-58323b930029
铁岭	铁岭	a999ec8e-ed73-57b8-bdd6-1aa03ab6879d
铁岭西	铁岭	a999ec8e-ed73-57b8-bdd6-1aa03ab6879d
铜仁	铜仁	53acf8c0-2833-5ead-aa78-bbb8ae3f6e0e
铜仁南	铜仁	53acf8c0-2833-5ead-aa78-bbb8ae3f6e0e
铜陵	铜陵	ec5235c6-ec1e-5bed-95c9-0884d332043e
铜陵北	铜陵	ec5235c6-ec1e-5bed-95c9-0884d332043e
银川	银川	fe934c10-9946-5b8e-b2ea-038bbe3b011e
银浪	大庆	d3dc72db-afa9-531b-b6b4-ccf73f514483
银滩	儋州	c882ad16-11db-5d4c-b399-5c2e63935378
银瓶	东莞	99c9e005-5dce-5d85-b5bb-e7c2d4172798
锡林浩特	锡林郭勒	e1b9383b-d814-555e-ad9e-6cfa39d13f57
锦州	锦州	84ff6cdd-4123-5bf5-ac05-bede887d8968
锦州南	铁岭	a999ec8e-ed73-57b8-bdd6-1aa03ab6879d
锦河	黑河	0dcb0dd2-fed6-5479-bc94-1ae2885648e0
锦界	榆林	85d348c8-4bad-5208-9814-b0963d2321ef
镇城底	太原	b74c7958-de20-5b29-bb4f-9d20543442f7
镇安	商洛	d3216e21-c962-55ac-86e7-05bbae9e0bbf
镇平	南阳	197af260-ee95-5f62-9f8f-5e44b4799635
镇江	镇江	26ea3dd0-d711-52cd-b1ec-d178fc866159
镇江南	镇江	26ea3dd0-d711-52cd-b1ec-d178fc866159
镇西	白城	e14d63c8-cbb6-5e52-a095-a4ef127366ce
镇赉	白城	e14d63c8-cbb6-5e52-a095-a4ef127366ce
镇远	黔东南苗族侗族	b1dbde35-9276-5fe4-aeae-0447d47d8882
镜铁山	张掖	b8a283bc-8782-595d-99b6-96d732092f17
长临河	合肥	ea43a508-4567-5bf0-87da-549899c824fc
长兴	湖州	d9904ec4-2bac-59ce-9630-4b548039d662
长兴南	湖州	d9904ec4-2bac-59ce-9630-4b548039d662
长农	中卫	53a49e05-84a2-5b55-a0e8-04fc4f1e06a0
长冲	大理白族	e2af5f9e-677d-5526-9b77-277a62e93ef6
长坡岭	曲靖	4cb0d11a-5a5c-58ea-ac8b-48c704fe9165
长垣	新乡	a7b5cb21-a0a5-538e-b173-971eae64725f
长城	白银	5ae360de-1ce6-5f71-b372-2a5bb6dfa7d0
长寿	重庆	d88ce193-ca3a-5770-913b-13a872ece3fb
长寿北	重庆	d88ce193-ca3a-5770-913b-13a872ece3fb
长寿湖	重庆	d88ce193-ca3a-5770-913b-13a872ece3fb
长山屯	松原	68f42d61-6c23-57d6-8f79-7724e284450d
长岭子	大连	675e944d-5945-56d5-bb53-8fc64015687c
长庆桥	庆阳	4d00df28-ec75-58b2-ba0a-7141874841c0
长征	白银	5ae360de-1ce6-5f71-b372-2a5bb6dfa7d0
长春	长春	b31467e8-ee25-5af4-b3cb-eb05045f8386
长春南	长春	b31467e8-ee25-5af4-b3cb-eb05045f8386
长春西	长春	b31467e8-ee25-5af4-b3cb-eb05045f8386
长武	咸阳	74af60de-943f-5954-b526-a489f74e16e2
长汀	龙岩	f2f26070-7585-572a-9a77-bc3a820bf840
长汀南	龙岩	f2f26070-7585-572a-9a77-bc3a820bf840
长汀镇	牡丹江	07e0ad42-924a-5614-9eb8-00237a1bde8b
长沙	长沙	1ea20e7e-6a17-5531-93e3-302245162382
长沙南	长沙	1ea20e7e-6a17-5531-93e3-302245162382
长沙西	长沙	1ea20e7e-6a17-5531-93e3-302245162382
长治	长治	90500a96-3f31-5d31-9a96-5faa885ef329
长治北	长治	90500a96-3f31-5d31-9a96-5faa885ef329
长流	海口	ce0f2728-81eb-5bd8-8424-c6e38d4eadcd
长甸	丹东	6bd1b27d-1504-544e-bfc1-00cdb64f2464
长葛	许昌	06347124-dcdd-5d26-b64f-7f9b033ae674
长阳	宜昌	5010267a-bb6f-58cf-9cdd-f89db4be85de
门源	海北藏族	2fe83883-6719-5444-95af-9eb2562a11a0
闵集	孝感	93f810f1-261b-5437-bae7-2dd3b8334c1f
闻喜	运城	b09b5fe3-da91-53b2-8d52-0c068d311f1a
闻喜西	运城	b09b5fe3-da91-53b2-8d52-0c068d311f1a
闽清	福州	55314457-35c8-59fd-963d-39c5029fa3ed
闽清北	福州	55314457-35c8-59fd-963d-39c5029fa3ed
阆中	南充	8658fcca-9f2f-5a46-b459-e525e6fdb50d
阎良	西安	ddb54c72-1527-53f0-ba7c-02548ddf2f8c
阜南	阜阳	9cc5d6fd-f065-52da-bf72-9a046c4b31d0
阜宁	盐城	1d08f703-cd90-57a3-ba30-bd54afea000a
阜宁东	盐城	1d08f703-cd90-57a3-ba30-bd54afea000a
阜新	阜新	5fc0ce43-f93e-5d25-b09d-050770717a8b
阜新南	阜新	5fc0ce43-f93e-5d25-b09d-050770717a8b
阜阳	阜阳	9cc5d6fd-f065-52da-bf72-9a046c4b31d0
防城港北	防城港	fed5afc7-5e90-5041-82f8-6d34f84a2152
阳东	阳江	3053187e-d7c1-59f5-9683-848fead7186b
阳信	滨州	8996f9cd-4df5-5277-af68-d7e67c9a7d59
阳城	晋城	74fbc8ef-bbaf-5587-918f-771ed7945889
阳岔	通化	1a094200-342b-5cd5-98f5-263d29ae8a7a
阳平关	汉中	60336a4c-c384-5380-83d0-05e687856f4e
阳新	黄石	505e0c18-36b0-592a-b198-901c9caf3cfd
阳明堡	忻州	ed61505e-53e3-5987-9c3c-ff6c115c5dfe
阳春	阳江	3053187e-d7c1-59f5-9683-848fead7186b
阳曲	太原	b74c7958-de20-5b29-bb4f-9d20543442f7
阳曲西	太原	b74c7958-de20-5b29-bb4f-9d20543442f7
阳朔	桂林	fae9a80c-663e-5b46-97df-edfaeec36405
阳江	阳江	3053187e-d7c1-59f5-9683-848fead7186b
阳泉	阳泉	43da6d42-7edf-5cae-b4f9-1b6d5f50ca45
阳泉北	阳泉	43da6d42-7edf-5cae-b4f9-1b6d5f50ca45
阳泉曲	吕梁	31702d3b-f41d-56da-8798-56c96ad5564b
阳澄湖	苏州	9c722789-c612-5e9d-b091-e1f83c16f0c1
阳西	阳江	3053187e-d7c1-59f5-9683-848fead7186b
阳谷	聊城	7e856ec4-4cb9-539e-9ddc-81a65ae2528f
阳邑	邯郸	48e79958-bc92-5ac6-a68e-30f76c7ba4ff
阳高	大同	424cbf4a-06ec-5433-81aa-98da238c1bd6
阿克苏	阿克苏	1b9c196b-3d6e-5e40-b099-2bc0857cd653
阿克陶	克孜勒苏柯尔克孜	c6ae09d8-4702-5be3-abbd-20c220e08d6b
阿勒泰	阿勒泰	9608805b-bc2c-5f85-a991-08b51546f20a
阿南庄	楚雄彝族	d0a2377f-5995-58b0-9203-16a1f7f250e4
阿图什	克孜勒苏柯尔克孜	c6ae09d8-4702-5be3-abbd-20c220e08d6b
阿城	哈尔滨	bf1d85eb-9c0b-5b3f-93c3-8fe4cbe5d4f5
阿城北	哈尔滨	bf1d85eb-9c0b-5b3f-93c3-8fe4cbe5d4f5
阿尔山	兴安	bfa75c64-1f96-5d86-93d7-116cc73b9794
阿尔山北	兴安	bfa75c64-1f96-5d86-93d7-116cc73b9794
阿巴嘎旗	锡林郭勒	e1b9383b-d814-555e-ad9e-6cfa39d13f57
阿房宫	西安	ddb54c72-1527-53f0-ba7c-02548ddf2f8c
阿拉山口	博尔塔拉蒙古	1bda238c-ecb4-56db-840e-9b35cfdf3254
阿木尔	大兴安岭	3dc98a11-7110-50a4-9446-19664a5c69a8
阿里河	呼伦贝尔	b226141a-f415-5c10-906b-92f634623aef
阿金	阜新	5fc0ce43-f93e-5d25-b09d-050770717a8b
阿龙山	呼伦贝尔	b226141a-f415-5c10-906b-92f634623aef
陆丰	汕尾	363c5eb8-7413-5bd4-966d-4c03077bd15b
陆川	玉林	f64b82d9-0165-57dc-b94d-c9023840f415
陆良	曲靖	4cb0d11a-5a5c-58ea-ac8b-48c704fe9165
陇南	陇南	83b9aea0-ef17-5ba9-aa2d-7ccbb5056653
陇县	宝鸡	c6afff40-c575-544b-979b-b9293bd5db9e
陇西	定西	bf5ef2d2-1f79-5d24-b3f8-989a9921d836
陈官营	兰州	bd27f707-3a10-57bb-9faa-65fe4925eae9
陈相屯	沈阳	5153e8e7-7633-5762-b223-e3e7f0e482fc
陵城	德州	8d09dcad-9ad8-5b36-8182-040ed9695486
陵水	海南省-自治区直辖县级行政区划	80f8a3af-31a2-5797-89f4-0ca9906b3527
陶家屯	长春	b31467e8-ee25-5af4-b3cb-eb05045f8386
陶赖昭	松原	68f42d61-6c23-57d6-8f79-7724e284450d
隆化	承德	1373316a-cb1a-509b-a6cb-e5f1a2a6ecf8
隆回	邵阳	a8e58ec8-b92f-5890-bb56-75e9bb1d15c3
隆安东	南宁	5d3775ba-2be7-55aa-a326-b791148f625d
隆昌	内江	d6acbe2b-b25e-5d1c-b0db-a0e879de2cb2
隆昌北	内江	d6acbe2b-b25e-5d1c-b0db-a0e879de2cb2
随州	随州	b554f0ad-a9ca-5bcf-ac5b-01cede42e37f
雁栖湖	北京	d721db6a-e56d-58fa-b283-2556241b5b2e
雁石南	龙岩	f2f26070-7585-572a-9a77-bc3a820bf840
雁翅	北京	d721db6a-e56d-58fa-b283-2556241b5b2e
雁荡山	温州	50b0f1f1-ae3c-50d8-b828-6ea31fcb7b2c
雅安	雅安	04c895c3-b9a1-5b9e-b43c-ec74e09f2f16
集宁南	乌兰察布	538e3cf0-c4bd-52b4-8098-ff9f454cd73b
集安	通化	1a094200-342b-5cd5-98f5-263d29ae8a7a
雨格	六盘水	56052d4c-5b32-550a-a748-dec9d9e30fba
零陵	永州	ab95f380-674c-5a94-8dde-587f8f3dae3c
雷州	湛江	71601399-91c9-5889-aec4-fc901845333c
霍城	伊犁哈萨克	51830e2b-c121-52be-9aec-a5fb2338e485
霍尔果斯	伊犁哈萨克	51830e2b-c121-52be-9aec-a5fb2338e485
霍州	临汾	89d8ba5f-38cb-517d-9fac-8130b0cc5132
霍州东	临汾	89d8ba5f-38cb-517d-9fac-8130b0cc5132
霍林郭勒	通辽	4d1c7278-9dea-5a9e-b107-4929104685c0
霍邱	六安	0f3a207e-f721-503a-8b48-0efbf75fd429
霞浦	宁德	11642571-2e1a-520b-9871-c701c6a769ac
露水河	白山	10c1360c-3b27-5353-80e9-1168e448f76b
霸州	廊坊	06acfd4b-2491-5f63-b36d-5441f6e3e442
霸州西	廊坊	06acfd4b-2491-5f63-b36d-5441f6e3e442
青县	沧州	22edba49-72d1-55ee-b30d-bb49f3bfea5e
青城山	成都	03c69062-0880-5837-bae9-fe487784fe4e
青堆	大连	675e944d-5945-56d5-bb53-8fc64015687c
青山	牡丹江	07e0ad42-924a-5614-9eb8-00237a1bde8b
青岛	青岛	4799b170-1b20-5f64-a80c-cd7600ddfcdc
青岛北	青岛	4799b170-1b20-5f64-a80c-cd7600ddfcdc
青岛西	青岛	4799b170-1b20-5f64-a80c-cd7600ddfcdc
青川	广元	1db6b4a4-d194-5a15-93a9-f7974de0bce2
青州市	潍坊	caa74358-1304-541c-b9cf-b6b07d1c9ace
青州市北	潍坊	caa74358-1304-541c-b9cf-b6b07d1c9ace
青田	丽水	77fb924d-9f21-519c-9e09-09e045fcb6fd
青白江东	成都	03c69062-0880-5837-bae9-fe487784fe4e
青神	眉山	d8b556a2-2593-559f-aaaf-982f2d3e7938
青莲	绵阳	c580730a-d66a-5c68-986f-f38f69976be8
青铜峡	吴忠	8a0d4aca-a56d-5bce-aee0-b4b5f0e75c6a
青龙	鸡西	bbdd346f-d678-5a67-ac64-d7c2bdbf458c
青龙山	淮北	ff088193-465a-595a-afda-8f97aec05e5b
靖宇	白山	10c1360c-3b27-5353-80e9-1168e448f76b
靖州	怀化	20d49eef-b4ae-585a-b42e-e2e3ce505f96
靖西	百色	b19a352d-6e8d-5aeb-9eff-0be42b91dd27
靖边	榆林	85d348c8-4bad-5208-9814-b0963d2321ef
靖远	白银	5ae360de-1ce6-5f71-b372-2a5bb6dfa7d0
靖远西	白银	5ae360de-1ce6-5f71-b372-2a5bb6dfa7d0
静海	天津	cf07e639-6495-564c-b025-0860e87656b8
革居	黔西南布依族苗族	fb086de2-8860-55bb-b6bf-97a132475801
鞍山	鞍山	8d0e39c3-4fc1-5846-b8e4-2e547e27168d
鞍山西	鞍山	8d0e39c3-4fc1-5846-b8e4-2e547e27168d
韦庄	渭南	b439fae3-78f7-5c2b-90c5-a652441c11bc
韩城	渭南	b439fae3-78f7-5c2b-90c5-a652441c11bc
韩府湾	中卫	53a49e05-84a2-5b55-a0e8-04fc4f1e06a0
韩麻营	承德	1373316a-cb1a-509b-a6cb-e5f1a2a6ecf8
韶关	韶关	8b822d5c-80f4-5912-977c-1259b6b2148f
韶关东	韶关	8b822d5c-80f4-5912-977c-1259b6b2148f
韶山	湘潭	6c36bcad-d2e3-530d-8daf-aa9c7d03c9a6
韶山南	湘潭	6c36bcad-d2e3-530d-8daf-aa9c7d03c9a6
项城	周口	1260de33-9f77-5c15-8bbd-a424102ed94b
顺义	北京	d721db6a-e56d-58fa-b283-2556241b5b2e
顺德	佛山	d2e9a26d-707e-56db-ade0-f21d0bfed603
顺德学院	佛山	d2e9a26d-707e-56db-ade0-f21d0bfed603
顺昌	南平	255dd78d-c678-5b33-bc96-e3e2a3b84ce8
颍上	阜阳	9cc5d6fd-f065-52da-bf72-9a046c4b31d0
额敏	塔城	b316bc3a-fb03-51a3-bcfe-58323b930029
额济纳	阿拉善	ad002fdf-f610-5839-b724-922ca4111605
风陵渡	运城	b09b5fe3-da91-53b2-8d52-0c068d311f1a
饶平	潮州	a38c522d-464d-5fd1-b102-b4aafb13e985
饶阳	衡水	5e4f063a-c014-5298-b2fa-d9f24cdff5c3
首山	辽阳	9977307d-2307-58bf-82a8-2a685099a8c1
香兰	佳木斯	c6f2638c-2ad9-5c3b-a5c1-db1124e559f3
香坊	哈尔滨	bf1d85eb-9c0b-5b3f-93c3-8fe4cbe5d4f5
香樟路	长沙	1ea20e7e-6a17-5531-93e3-302245162382
香港西九龙	香港	5dfb8f9c-8997-5c78-8980-30a069f90513
马三家	沈阳	5153e8e7-7633-5762-b223-e3e7f0e482fc
马兰	昌吉回族	f5ae0f07-c8d5-5dbb-b319-96988fd28d98
马林	赤峰	bacdb061-dc48-5d6d-b61e-552c16634b7b
马桥河	牡丹江	07e0ad42-924a-5614-9eb8-00237a1bde8b
马皇	钦州	c7792f0b-210e-5dc3-a877-a238341ecd69
马莲河	牡丹江	07e0ad42-924a-5614-9eb8-00237a1bde8b
马踏	茂名	5dbb2857-7e2d-5fc1-a5a3-a15fc3139d0e
马鞍山	马鞍山	18c490cc-fa5d-5e67-b601-45a165485245
马鞍山东	马鞍山	18c490cc-fa5d-5e67-b601-45a165485245
马龙	曲靖	4cb0d11a-5a5c-58ea-ac8b-48c704fe9165
驻马店	驻马店	eb780850-c2d0-56fd-951c-295e5251e635
驻马店西	驻马店	eb780850-c2d0-56fd-951c-295e5251e635
驼腰岭	通化	1a094200-342b-5cd5-98f5-263d29ae8a7a
骆驼巷	兰州	bd27f707-3a10-57bb-9faa-65fe4925eae9
高台	张掖	b8a283bc-8782-595d-99b6-96d732092f17
高台南	张掖	b8a283bc-8782-595d-99b6-96d732092f17
高各庄	北京	d721db6a-e56d-58fa-b283-2556241b5b2e
高安	宜春	ea93c114-b902-53e5-b7e6-42a0562b1615
高密	潍坊	caa74358-1304-541c-b9cf-b6b07d1c9ace
高密北	潍坊	caa74358-1304-541c-b9cf-b6b07d1c9ace
高山子	锦州	84ff6cdd-4123-5bf5-ac05-bede887d8968
高州	茂名	5dbb2857-7e2d-5fc1-a5a3-a15fc3139d0e
高平	晋城	74fbc8ef-bbaf-5587-918f-771ed7945889
高村	太原	b74c7958-de20-5b29-bb4f-9d20543442f7
高桥镇	葫芦岛	479a31e5-8200-512a-bb35-6a18eb5d3381
高楞	哈尔滨	bf1d85eb-9c0b-5b3f-93c3-8fe4cbe5d4f5
高楼房	昆明	6a6a2f3a-a93b-5d79-8740-0f5b6971afed
高滩	安康	6205e86d-f35d-55f2-9609-cc0be0e224ba
高碑店	保定	2accd732-552a-52e1-9da1-53ba89f40290
高碑店东	保定	2accd732-552a-52e1-9da1-53ba89f40290
高花	沈阳	5153e8e7-7633-5762-b223-e3e7f0e482fc
高邑	石家庄	a140ced1-fdf8-5d24-90ce-ed8e98801e07
高邑西	石家庄	a140ced1-fdf8-5d24-90ce-ed8e98801e07
魏善庄	北京	d721db6a-e56d-58fa-b283-2556241b5b2e
魏家泉	乌鲁木齐	8c34a550-4813-51ce-aaef-8fd3b49fc457
魏杖子	朝阳	11b88395-569a-5731-9cbb-52e13af3e45d
鲁山	平顶山	19f21017-cf44-513a-bd55-05f8f89e36f0
鲁番	六盘水	56052d4c-5b32-550a-a748-dec9d9e30fba
鲅鱼圈	营口	b8afc62b-f362-5aaf-91d5-0375c0bc6856
鲘门	汕尾	363c5eb8-7413-5bd4-966d-4c03077bd15b
鸡东	鸡西	bbdd346f-d678-5a67-ac64-d7c2bdbf458c
鸡冠山	丹东	6bd1b27d-1504-544e-bfc1-00cdb64f2464
鸡西	鸡西	bbdd346f-d678-5a67-ac64-d7c2bdbf458c
鸭园	通化	1a094200-342b-5cd5-98f5-263d29ae8a7a
鸳鸯镇	天水	15a5dff1-a212-5487-9091-e846753493b2
鹤北	鹤岗	d9cc8b7d-a1b1-512a-8881-3de9c72815b3
鹤壁	鹤壁	82e3b031-42af-5edb-9906-feae3883f6ca
鹤壁东	鹤壁	82e3b031-42af-5edb-9906-feae3883f6ca
鹤岗	鹤岗	d9cc8b7d-a1b1-512a-8881-3de9c72815b3
鹤庆	大理白族	e2af5f9e-677d-5526-9b77-277a62e93ef6
鹤立	佳木斯	c6f2638c-2ad9-5c3b-a5c1-db1124e559f3
鹰手营子	承德	1373316a-cb1a-509b-a6cb-e5f1a2a6ecf8
鹰潭	鹰潭	031ffa08-1085-59c7-94a4-2270e930a71b
鹰潭北	鹰潭	031ffa08-1085-59c7-94a4-2270e930a71b
鹿寨	柳州	c0f75662-9ff3-554e-8917-d1045405985e
鹿寨北	柳州	c0f75662-9ff3-554e-8917-d1045405985e
鹿道	牡丹江	07e0ad42-924a-5614-9eb8-00237a1bde8b
麓谷	长沙	1ea20e7e-6a17-5531-93e3-302245162382
麦园	龙岩	f2f26070-7585-572a-9a77-bc3a820bf840
麻城	黄冈	5d2b0437-28f8-5a8a-afb3-46a8057eec84
麻城北	黄冈	5d2b0437-28f8-5a8a-afb3-46a8057eec84
麻尾	黔南布依族苗族	e1d64b9d-2ef0-5bad-a504-6480cab5b7e9
麻山	鸡西	bbdd346f-d678-5a67-ac64-d7c2bdbf458c
麻阳	怀化	20d49eef-b4ae-585a-b42e-e2e3ce505f96
黄冈	黄冈	5d2b0437-28f8-5a8a-afb3-46a8057eec84
黄冈东	黄冈	5d2b0437-28f8-5a8a-afb3-46a8057eec84
黄冈西	黄冈	5d2b0437-28f8-5a8a-afb3-46a8057eec84
黄口	宿州	4198e0cb-6093-5cb9-855d-e10f9251606d
黄土店	北京	d721db6a-e56d-58fa-b283-2556241b5b2e
黄山	黄山	4f944b8f-cd24-548b-aaed-fb9fe88f6834
黄山北	黄山	4f944b8f-cd24-548b-aaed-fb9fe88f6834
黄州	黄冈	5d2b0437-28f8-5a8a-afb3-46a8057eec84
黄村	北京	d721db6a-e56d-58fa-b283-2556241b5b2e
黄松甸	吉林	f039f35d-a552-5a7b-8815-fee7bdaf6693
黄柏	通化	1a094200-342b-5cd5-98f5-263d29ae8a7a
黄梅	黄冈	5d2b0437-28f8-5a8a-afb3-46a8057eec84
黄河景区	郑州	da3a0933-16eb-56a0-9911-eefa6edad967
黄泥河	延边朝鲜族	651323bf-e6f3-5967-bf79-025c56e51f1d
黄流	海南省-自治区直辖县级行政区划	80f8a3af-31a2-5797-89f4-0ca9906b3527
黄瓜园	楚雄彝族	d0a2377f-5995-58b0-9203-16a1f7f250e4
黄石	黄石	505e0c18-36b0-592a-b198-901c9caf3cfd
黄石东	黄石	505e0c18-36b0-592a-b198-901c9caf3cfd
黄石北	黄石	505e0c18-36b0-592a-b198-901c9caf3cfd
黄羊滩	银川	fe934c10-9946-5b8e-b2ea-038bbe3b011e
黄羊镇	武威	e469de7d-a826-51c2-8769-1a68ea64f4ac
黄花筒	通辽	4d1c7278-9dea-5a9e-b107-4929104685c0
黄陵	延安	6b8ab92e-bbe9-582e-8677-dde1f0a74838
黄陵南	延安	6b8ab92e-bbe9-582e-8677-dde1f0a74838
黎城	长治	90500a96-3f31-5d31-9a96-5faa885ef329
黎塘	南宁	5d3775ba-2be7-55aa-a326-b791148f625d
黑井	楚雄彝族	d0a2377f-5995-58b0-9203-16a1f7f250e4
黑冲滩	武威	e469de7d-a826-51c2-8769-1a68ea64f4ac
黑台	鸡西	bbdd346f-d678-5a67-ac64-d7c2bdbf458c
黑山北	锦州	84ff6cdd-4123-5bf5-ac05-bede887d8968
黑山寺	北京	d721db6a-e56d-58fa-b283-2556241b5b2e
黑旺	淄博	81d21174-d65d-5029-ac11-a6ec748bcb56
黑水	白城	e14d63c8-cbb6-5e52-a095-a4ef127366ce
黑河	黑河	0dcb0dd2-fed6-5479-bc94-1ae2885648e0
黔江	重庆	d88ce193-ca3a-5770-913b-13a872ece3fb
鼎湖东	肇庆	3bada160-0010-5397-af5a-6339fbe7f8e5
鼎湖山	肇庆	3bada160-0010-5397-af5a-6339fbe7f8e5
齐河	德州	8d09dcad-9ad8-5b36-8182-040ed9695486
齐齐哈尔	齐齐哈尔	6f43cba3-ae73-5f62-a850-6f09c5a9cbed
齐齐哈尔南	齐齐哈尔	6f43cba3-ae73-5f62-a850-6f09c5a9cbed
龙丰	惠州	ae2a75aa-b0aa-505b-8a7c-0f96deec2b94
龙井	延边朝鲜族	651323bf-e6f3-5967-bf79-025c56e51f1d
龙华	衡水	5e4f063a-c014-5298-b2fa-d9f24cdff5c3
龙南	赣州	d21587d9-79eb-57ea-b106-4e13c3e3af01
龙口市	烟台	46d24d3a-9a88-541d-a1ca-fe10b2206a3e
龙嘉	长春	b31467e8-ee25-5af4-b3cb-eb05045f8386
龙塘坝	楚雄彝族	d0a2377f-5995-58b0-9203-16a1f7f250e4
龙山镇	漳州	9b9ffe33-2ce6-5729-aa92-bc1ed783a1b0
龙岩	龙岩	f2f26070-7585-572a-9a77-bc3a820bf840
龙川	河源	5c882c65-7f22-5e96-8abe-af63b0245434
龙市	吉安	de510646-1a63-526b-b027-ec0baff08e1e
龙桥	合肥	ea43a508-4567-5bf0-87da-549899c824fc
龙江	齐齐哈尔	6f43cba3-ae73-5f62-a850-6f09c5a9cbed
龙沟	武威	e469de7d-a826-51c2-8769-1a68ea64f4ac
龙泉寺	兰州	bd27f707-3a10-57bb-9faa-65fe4925eae9
龙洞堡	贵阳	d5a3678d-33a9-5da5-bfe0-3e343eeb24ab
龙游	衢州	3b7d081d-2591-541f-b06d-8c5fca7ce5bb
龙爪沟	丹东	6bd1b27d-1504-544e-bfc1-00cdb64f2464
龙里	黔南布依族苗族	e1d64b9d-2ef0-5bad-a504-6480cab5b7e9
龙里北	黔南布依族苗族	e1d64b9d-2ef0-5bad-a504-6480cab5b7e9
龙镇	黑河	0dcb0dd2-fed6-5479-bc94-1ae2885648e0
龙骨甸	楚雄彝族	d0a2377f-5995-58b0-9203-16a1f7f250e4
