type	departureCityId	arrivalCityId	departureStationCode	departureTerminalName	arrivalStationCode	arrivalTerminalName	departureDateTime	arrivalDateTime	carrier	code	seatClass	price	remainingSeats	totalSeats	departureStationName	arrivalStationName
TRAIN	C039	C005					2025-11-01T09:00:00	2025-11-01T13:28:00	中国铁路	G1	二等座	553	28	28	北京南站	上海虹桥站
TRAIN	C039	C005					2025-11-01T09:00:00	2025-11-01T13:28:00	中国铁路	G1	一等座	933	12	12	北京南站	上海虹桥站
TRAIN	C039	C005					2025-11-01T09:00:00	2025-11-01T13:28:00	中国铁路	G1	商务座	1748	5	5	北京南站	上海虹桥站
TRAIN	C039	C005					2025-11-01T07:00:00	2025-11-01T11:29:00	中国铁路	G101	二等座	553	32	32	北京南站	上海虹桥站
TRAIN	C039	C005					2025-11-01T07:00:00	2025-11-01T11:29:00	中国铁路	G101	一等座	933	10	10	北京南站	上海虹桥站
TRAIN	C039	C005					2025-11-01T07:00:00	2025-11-01T11:29:00	中国铁路	G101	商务座	1748	4	4	北京南站	上海虹桥站
TRAIN	C039	C005					2025-11-01T08:00:00	2025-11-01T12:24:00	中国铁路	G103	二等座	553	26	26	北京南站	上海虹桥站
TRAIN	C039	C005					2025-11-01T08:00:00	2025-11-01T12:24:00	中国铁路	G103	一等座	933	8	8	北京南站	上海虹桥站
TRAIN	C039	C005					2025-11-01T08:00:00	2025-11-01T12:24:00	中国铁路	G103	商务座	1748	3	3	北京南站	上海虹桥站
TRAIN	C039	C005					2025-11-01T10:00:00	2025-11-01T14:29:00	中国铁路	G105	二等座	553	21	21	北京南站	上海虹桥站
TRAIN	C039	C005					2025-11-01T10:00:00	2025-11-01T14:29:00	中国铁路	G105	一等座	933	7	7	北京南站	上海虹桥站
TRAIN	C039	C005					2025-11-01T10:00:00	2025-11-01T14:29:00	中国铁路	G105	商务座	1748	2	2	北京南站	上海虹桥站
TRAIN	C039	C005					2025-11-01T12:00:00	2025-11-01T16:32:00	中国铁路	G107	二等座	553	18	18	北京南站	上海虹桥站
TRAIN	C039	C005					2025-11-01T12:00:00	2025-11-01T16:32:00	中国铁路	G107	一等座	933	6	6	北京南站	上海虹桥站
TRAIN	C039	C005					2025-11-01T14:00:00	2025-11-01T18:26:00	中国铁路	G109	二等座	553	24	24	北京南站	上海虹桥站
TRAIN	C039	C005					2025-11-01T14:00:00	2025-11-01T18:26:00	中国铁路	G109	一等座	933	9	9	北京南站	上海虹桥站
TRAIN	C039	C005					2025-11-01T14:00:00	2025-11-01T18:26:00	中国铁路	G109	商务座	1748	3	3	北京南站	上海虹桥站
TRAIN	C039	C005					2025-11-01T19:16:00	2025-11-02T07:25:00	中国铁路	D701	二等卧	410	20	20	北京南站	上海虹桥站
TRAIN	C039	C005					2025-11-01T19:16:00	2025-11-02T07:25:00	中国铁路	D701	一等卧	650	8	8	北京南站	上海虹桥站
TRAIN	C005	C039					2025-11-01T09:00:00	2025-11-01T13:49:00	中国铁路	G2	二等座	553	22	22	上海虹桥站	北京南站
TRAIN	C039	C112					2026-05-01T10:00:00	2026-05-01T17:59:00	中国铁路	G79	二等座	862	19	19	北京西站	广州南站
TRAIN	C039	C112					2026-05-01T10:00:00	2026-05-01T17:59:00	中国铁路	G79	一等座	1380	8	8	北京西站	广州南站
TRAIN	C039	C112					2026-05-01T10:00:00	2026-05-01T17:59:00	中国铁路	G79	商务座	2724	2	2	北京西站	广州南站
TRAIN	C039	C153					2025-10-22T07:56:00	2025-10-22T12:33:00	中国铁路	G31	二等座	674	17	17	北京南站	杭州东站
TRAIN	C005	C231					2025-01-01T11:11:00	2025-01-01T11:42:00	中国铁路	G7384	二等座	40	26	26	上海虹桥站	苏州站
TRAIN	C005	C192					2026-05-01T06:15:00	2026-05-01T09:40:00	中国铁路	G7331	二等座	215	11	11	上海虹桥站	温州南站
TRAIN	C039	C082					2026-05-01T06:28:00	2026-05-01T07:30:00	中国铁路	G1002	二等座	60	7	7	北京南站	天津西站
TRAIN	C039	C272					2026-05-01T06:57:00	2026-05-01T15:12:00	中国铁路	G1003	二等座	545	8	8	北京南站	重庆北站
TRAIN	C039	C220					2026-05-01T07:26:00	2026-05-01T09:16:00	中国铁路	G1004	二等座	115	9	9	北京南站	石家庄站
TRAIN	C039	C083					2026-05-01T07:55:00	2026-05-01T10:30:00	中国铁路	G1005	二等座	170	10	10	北京南站	太原南站
TRAIN	C039	C061					2026-05-01T08:24:00	2026-05-01T11:00:00	中国铁路	G1006	二等座	170	11	11	北京南站	呼和浩特东站
TRAIN	C039	C172					2026-05-01T08:53:00	2026-05-01T12:40:00	中国铁路	G1007	二等座	250	12	12	北京南站	沈阳北站
TRAIN	C039	C283					2026-05-01T09:22:00	2026-05-01T14:23:00	中国铁路	G1008	二等座	335	13	13	北京南站	长春西站
TRAIN	C039	C066					2026-05-01T09:51:00	2026-05-01T15:56:00	中国铁路	G1009	二等座	405	14	14	北京南站	哈尔滨西站
TRAIN	C039	C042					2026-05-01T10:20:00	2026-05-01T15:35:00	中国铁路	G1010	二等座	350	15	15	北京南站	南京南站
TRAIN	C039	C053					2026-05-01T11:18:00	2026-05-01T16:34:00	中国铁路	G1012	二等座	355	17	17	北京南站	合肥南站
TRAIN	C039	C221					2026-05-01T11:47:00	2026-05-01T20:35:00	中国铁路	G1013	二等座	595	18	18	北京南站	福州南站
TRAIN	C039	C046					2026-05-01T12:16:00	2026-05-01T19:24:00	中国铁路	G1014	二等座	480	19	19	北京南站	南昌西站
TRAIN	C039	C180					2026-05-01T12:45:00	2026-05-01T15:07:00	中国铁路	G1015	二等座	165	20	20	北京南站	济南西站
TRAIN	C039	C267					2026-05-01T13:14:00	2026-05-01T17:00:00	中国铁路	G1016	二等座	260	21	21	北京南站	郑州东站
TRAIN	C039	C164					2026-05-01T13:43:00	2026-05-01T19:48:00	中国铁路	G1017	二等座	415	22	22	北京南站	武汉站
TRAIN	C039	C284					2026-05-01T14:12:00	2026-05-01T21:48:00	中国铁路	G1018	二等座	515	23	23	北京南站	长沙南站
TRAIN	C039	C044					2026-05-01T15:10:00	2026-05-02T02:34:00	中国铁路	G1020	二等座	775	25	25	北京南站	南宁东站
TRAIN	C039	C184					2026-05-01T15:39:00	2026-05-02T04:21:00	中国铁路	G1021	二等座	860	26	26	北京南站	海口东站
TRAIN	C039	C128					2026-05-01T16:08:00	2026-05-02T00:45:00	中国铁路	G1022	二等座	590	27	27	北京南站	成都东站
TRAIN	C039	C249					2026-05-01T16:37:00	2026-05-02T02:19:00	中国铁路	G1023	二等座	665	28	28	北京南站	贵阳北站
TRAIN	C039	C142					2026-05-01T17:06:00	2026-05-02T04:44:00	中国铁路	G1024	二等座	795	29	29	北京南站	昆明南站
TRAIN	C039	C133					2026-05-01T17:35:00	2026-05-02T07:45:00	中国铁路	G1025	二等座	965	30	30	北京南站	拉萨站
TRAIN	C039	C246					2026-05-01T18:04:00	2026-05-01T23:21:00	中国铁路	G1026	二等座	370	31	31	北京南站	西安北站
TRAIN	C039	C034					2026-05-01T18:33:00	2026-05-02T01:19:00	中国铁路	G1027	二等座	470	32	32	北京南站	兰州西站
TRAIN	C039	C245					2026-05-01T19:02:00	2026-05-02T02:35:00	中国铁路	G1028	二等座	525	33	33	北京南站	西宁站
TRAIN	C039	C279					2026-05-01T19:31:00	2026-05-02T00:43:00	中国铁路	G1029	二等座	365	34	34	北京南站	银川站
TRAIN	C039	C018					2026-05-01T20:00:00	2026-05-02T09:23:00	中国铁路	G1030	二等座	915	35	35	北京南站	乌鲁木齐站
TRAIN	C039	C300					2026-05-01T20:29:00	2026-05-02T07:28:00	中国铁路	G1031	二等座	755	5	5	北京南站	香港西九龙站
TRAIN	C039	C190					2026-05-01T06:56:00	2026-05-01T17:48:00	中国铁路	G1034	二等座	750	8	8	北京南站	深圳北站
TRAIN	C039	C050					2026-05-01T07:25:00	2026-05-01T17:05:00	中国铁路	G1035	二等座	675	9	9	北京南站	厦门北站
TRAIN	C039	C297					2026-05-01T07:54:00	2026-05-01T11:17:00	中国铁路	G1036	二等座	250	10	10	北京南站	青岛北站
TRAIN	C039	C080					2026-05-01T08:23:00	2026-05-01T11:17:00	中国铁路	G1037	二等座	220	11	11	北京南站	大连北站
TRAIN	C039	C088					2026-05-01T08:52:00	2026-05-01T15:47:00	中国铁路	G1038	二等座	490	12	12	北京南站	宁波站
TRAIN	C039	C231					2026-05-01T09:21:00	2026-05-01T15:18:00	中国铁路	G1039	二等座	425	13	13	北京南站	苏州站
TRAIN	C039	C139					2026-05-01T09:50:00	2026-05-01T15:37:00	中国铁路	G1040	二等座	420	14	14	北京南站	无锡站
TRAIN	C039	C158					2026-05-01T10:19:00	2026-05-01T20:00:00	中国铁路	G1041	二等座	680	15	15	北京南站	桂林北站
TRAIN	C039	C002					2026-05-01T10:48:00	2026-05-02T00:38:00	中国铁路	G1042	二等座	960	16	16	北京南站	三亚站
TRAIN	C039	C119					2026-05-01T11:17:00	2026-05-01T18:46:00	中国铁路	G1043	二等座	535	17	17	北京南站	张家界西站
TRAIN	C039	C015					2026-05-01T11:46:00	2026-05-01T23:22:00	中国铁路	G1044	二等座	810	18	18	北京南站	丽江站
TRAIN	C039	C308					2026-05-01T12:44:00	2026-05-01T19:19:00	中国铁路	G1046	二等座	475	20	20	北京南站	黄山北站
TRAIN	C039	C210					2026-05-01T13:42:00	2026-05-02T00:45:00	中国铁路	G1048	二等座	780	22	22	北京南站	珠海站
TRAIN	C039	C179					2026-05-01T14:11:00	2026-05-01T18:16:00	中国铁路	G1049	二等座	315	23	23	北京南站	洛阳龙门站
TRAIN	C039	C077					2026-05-01T14:40:00	2026-05-01T16:30:00	中国铁路	G1050	二等座	165	24	24	北京南站	大同南站
TRAIN	C039	C070					2026-05-01T15:38:00	2026-05-02T10:29:00	中国铁路	G1052	二等座	1305	26	26	北京南站	喀什站
TRAIN	C039	C056					2026-05-01T16:07:00	2026-05-02T04:49:00	中国铁路	G1053	二等座	895	27	27	北京南站	吐鲁番北站
TRAIN	C039	C292					2026-05-01T16:36:00	2026-05-02T06:00:00	中国铁路	G1054	二等座	940	28	28	北京南站	阿勒泰站
TRAIN	C039	C222					2026-05-01T17:05:00	2026-05-01T18:58:00	中国铁路	G1055	二等座	115	29	29	北京南站	秦皇岛站
TRAIN	C039	C084					2026-05-01T17:34:00	2026-05-01T21:01:00	中国铁路	G1056	二等座	220	30	30	北京南站	威海站
TRAIN	C039	C176					2026-05-01T18:03:00	2026-05-02T03:31:00	中国铁路	G1057	二等座	625	31	31	北京南站	泉州站
TRAIN	C039	C129					2026-05-01T18:32:00	2026-05-01T23:40:00	中国铁路	G1058	二等座	335	32	32	北京南站	扬州东站
TRAIN	C039	C071					2026-05-01T19:01:00	2026-05-02T01:18:00	中国铁路	G1059	二等座	415	33	33	北京南站	嘉兴南站
TRAIN	C039	C040					2026-05-01T19:30:00	2026-05-02T07:32:00	中国铁路	G1060	二等座	800	34	34	北京南站	北海站
TRAIN	C039	C147					2026-05-01T19:59:00	2026-05-02T02:46:00	中国铁路	G1061	二等座	450	35	35	北京南站	景德镇北站
TRAIN	C039	C127					2026-05-01T06:26:00	2026-05-01T16:56:00	中国铁路	G1064	二等座	700	7	7	北京南站	惠州北站
TRAIN	C039	C205					2026-05-01T07:24:00	2026-05-01T10:35:00	中国铁路	G1066	二等座	215	9	9	北京南站	烟台站
TRAIN	C039	C025					2026-05-01T07:53:00	2026-05-01T18:32:00	中国铁路	G1067	二等座	715	10	10	北京南站	佛山西站
TRAIN	C039	C192					2026-05-01T08:51:00	2026-05-01T16:41:00	中国铁路	G1069	二等座	530	12	12	北京南站	温州南站
TRAIN	C005	C082					2026-05-01T10:18:00	2026-05-01T15:51:00	中国铁路	G1072	二等座	380	15	15	上海虹桥站	天津西站
TRAIN	C005	C272					2026-05-01T10:47:00	2026-05-01T18:57:00	中国铁路	G1073	二等座	555	16	16	上海虹桥站	重庆北站
TRAIN	C005	C220					2026-05-01T11:16:00	2026-05-01T17:00:00	中国铁路	G1074	二等座	395	17	17	上海虹桥站	石家庄站
TRAIN	C005	C083					2026-05-01T11:45:00	2026-05-01T18:05:00	中国铁路	G1075	二等座	435	18	18	上海虹桥站	太原南站
TRAIN	C005	C061					2026-05-01T12:14:00	2026-05-01T20:04:00	中国铁路	G1076	二等座	535	19	19	上海虹桥站	呼和浩特东站
TRAIN	C005	C172					2026-05-01T12:43:00	2026-05-01T19:31:00	中国铁路	G1077	二等座	470	20	20	上海虹桥站	沈阳北站
TRAIN	C005	C283					2026-05-01T13:12:00	2026-05-01T21:22:00	中国铁路	G1078	二等座	560	21	21	上海虹桥站	长春西站
TRAIN	C005	C066					2026-05-01T13:41:00	2026-05-01T23:07:00	中国铁路	G1079	二等座	645	22	22	上海虹桥站	哈尔滨西站
TRAIN	C005	C042					2026-05-01T14:10:00	2026-05-01T16:02:00	中国铁路	G1080	二等座	140	23	23	上海虹桥站	南京南站
TRAIN	C005	C153					2026-05-01T14:39:00	2026-05-01T15:57:00	中国铁路	G1081	二等座	105	24	24	上海虹桥站	杭州东站
TRAIN	C005	C053					2026-05-01T15:08:00	2026-05-01T17:44:00	中国铁路	G1082	二等座	190	25	25	上海虹桥站	合肥南站
TRAIN	C005	C221					2026-05-01T15:37:00	2026-05-01T19:19:00	中国铁路	G1083	二等座	265	26	26	上海虹桥站	福州南站
TRAIN	C005	C046					2026-05-01T16:06:00	2026-05-01T19:48:00	中国铁路	G1084	二等座	265	27	27	上海虹桥站	南昌西站
TRAIN	C005	C180					2026-05-01T16:35:00	2026-05-01T20:56:00	中国铁路	G1085	二等座	310	28	28	上海虹桥站	济南西站
TRAIN	C005	C267					2026-05-01T17:04:00	2026-05-01T21:56:00	中国铁路	G1086	二等座	345	29	29	上海虹桥站	郑州东站
TRAIN	C005	C164					2026-05-01T17:33:00	2026-05-01T21:40:00	中国铁路	G1087	二等座	300	30	30	上海虹桥站	武汉站
TRAIN	C005	C284					2026-05-01T18:02:00	2026-05-01T23:14:00	中国铁路	G1088	二等座	370	31	31	上海虹桥站	长沙南站
TRAIN	C005	C112					2026-05-01T18:31:00	2026-05-02T01:27:00	中国铁路	G1089	二等座	490	32	32	上海虹桥站	广州南站
TRAIN	C005	C044					2026-05-01T19:00:00	2026-05-02T04:00:00	中国铁路	G1090	二等座	630	33	33	上海虹桥站	南宁东站
TRAIN	C005	C184					2026-05-01T19:29:00	2026-05-02T04:55:00	中国铁路	G1091	二等座	660	34	34	上海虹桥站	海口东站
TRAIN	C005	C128					2026-05-01T19:58:00	2026-05-02T05:19:00	中国铁路	G1092	二等座	655	35	35	上海虹桥站	成都东站
TRAIN	C005	C249					2026-05-01T20:27:00	2026-05-02T05:05:00	中国铁路	G1093	二等座	605	5	5	上海虹桥站	贵阳北站
TRAIN	C005	C142					2026-05-01T05:56:00	2026-05-01T16:54:00	中国铁路	G1094	二等座	765	6	6	上海虹桥站	昆明南站
TRAIN	C005	C133					2026-05-01T06:25:00	2026-05-01T22:26:00	中国铁路	G1095	二等座	1100	7	7	上海虹桥站	拉萨站
TRAIN	C005	C246					2026-05-01T06:54:00	2026-05-01T13:53:00	中国铁路	G1096	二等座	500	8	8	上海虹桥站	西安北站
TRAIN	C005	C034					2026-05-01T07:23:00	2026-05-01T17:02:00	中国铁路	G1097	二等座	680	9	9	上海虹桥站	兰州西站
TRAIN	C005	C245					2026-05-01T07:52:00	2026-05-01T18:33:00	中国铁路	G1098	二等座	750	10	10	上海虹桥站	西宁站
TRAIN	C005	C279					2026-05-01T08:21:00	2026-05-01T17:24:00	中国铁路	G1099	二等座	640	11	11	上海虹桥站	银川站
TRAIN	C005	C018					2026-05-01T08:50:00	2026-05-02T02:49:00	中国铁路	G1100	二等座	1240	12	12	上海虹桥站	乌鲁木齐站
TRAIN	C005	C300					2026-05-01T09:19:00	2026-05-01T16:20:00	中国铁路	G1101	二等座	505	13	13	上海虹桥站	香港西九龙站
TRAIN	C005	C190					2026-05-01T10:46:00	2026-05-01T17:42:00	中国铁路	G1104	二等座	505	16	16	上海虹桥站	深圳北站
TRAIN	C005	C050					2026-05-01T11:15:00	2026-05-01T16:05:00	中国铁路	G1105	二等座	365	17	17	上海虹桥站	厦门北站
TRAIN	C005	C297					2026-05-01T11:44:00	2026-05-01T15:06:00	中国铁路	G1106	二等座	265	18	18	上海虹桥站	青岛北站
TRAIN	C005	C080					2026-05-01T12:13:00	2026-05-01T17:14:00	中国铁路	G1107	二等座	375	19	19	上海虹桥站	大连北站
TRAIN	C005	C088					2026-05-01T12:42:00	2026-05-01T13:56:00	中国铁路	G1108	二等座	125	20	20	上海虹桥站	宁波站
TRAIN	C005	C139					2026-05-01T13:40:00	2026-05-01T14:42:00	中国铁路	G1110	二等座	60	22	22	上海虹桥站	无锡站
TRAIN	C005	C158					2026-05-01T14:09:00	2026-05-01T21:27:00	中国铁路	G1111	二等座	480	23	23	上海虹桥站	桂林北站
TRAIN	C005	C002					2026-05-01T14:38:00	2026-05-02T01:09:00	中国铁路	G1112	二等座	695	24	24	上海虹桥站	三亚站
TRAIN	C005	C119					2026-05-01T15:07:00	2026-05-01T21:21:00	中国铁路	G1113	二等座	410	25	25	上海虹桥站	张家界西站
TRAIN	C005	C015					2026-05-01T15:36:00	2026-05-02T03:24:00	中国铁路	G1114	二等座	785	26	26	上海虹桥站	丽江站
TRAIN	C005	C308					2026-05-01T16:34:00	2026-05-01T18:50:00	中国铁路	G1116	二等座	150	28	28	上海虹桥站	黄山北站
TRAIN	C005	C210					2026-05-01T17:32:00	2026-05-02T00:46:00	中国铁路	G1118	二等座	480	30	30	上海虹桥站	珠海站
TRAIN	C005	C179					2026-05-01T18:01:00	2026-05-01T23:23:00	中国铁路	G1119	二等座	360	31	31	上海虹桥站	洛阳龙门站
TRAIN	C005	C077					2026-05-01T18:30:00	2026-05-02T01:31:00	中国铁路	G1120	二等座	470	32	32	上海虹桥站	大同南站
TRAIN	C005	C070					2026-05-01T19:28:00	2026-05-02T18:21:00	中国铁路	G1122	二等座	1535	34	34	上海虹桥站	喀什站
TRAIN	C005	C056					2026-05-01T19:57:00	2026-05-02T13:09:00	中国铁路	G1123	二等座	1155	35	35	上海虹桥站	吐鲁番北站
TRAIN	C005	C292					2026-05-01T20:26:00	2026-05-02T14:56:00	中国铁路	G1124	二等座	1245	5	5	上海虹桥站	阿勒泰站
TRAIN	C005	C222					2026-05-01T05:55:00	2026-05-01T11:37:00	中国铁路	G1125	二等座	385	6	6	上海虹桥站	秦皇岛站
TRAIN	C005	C084					2026-05-01T06:24:00	2026-05-01T10:35:00	中国铁路	G1126	二等座	285	7	7	上海虹桥站	威海站
TRAIN	C005	C176					2026-05-01T06:53:00	2026-05-01T11:23:00	中国铁路	G1127	二等座	310	8	8	上海虹桥站	泉州站
TRAIN	C005	C129					2026-05-01T07:22:00	2026-05-01T09:02:00	中国铁路	G1128	二等座	120	9	9	上海虹桥站	扬州东站
TRAIN	C005	C071					2026-05-01T07:51:00	2026-05-01T08:44:00	中国铁路	G1129	二等座	70	10	10	上海虹桥站	嘉兴南站
TRAIN	C005	C040					2026-05-01T08:20:00	2026-05-01T17:33:00	中国铁路	G1130	二等座	630	11	11	上海虹桥站	北海站
TRAIN	C005	C147					2026-05-01T08:49:00	2026-05-01T11:44:00	中国铁路	G1131	二等座	205	12	12	上海虹桥站	景德镇北站
TRAIN	C005	C127					2026-05-01T10:16:00	2026-05-01T16:49:00	中国铁路	G1134	二等座	450	15	15	上海虹桥站	惠州北站
TRAIN	C005	C205					2026-05-01T11:14:00	2026-05-01T15:22:00	中国铁路	G1136	二等座	295	17	17	上海虹桥站	烟台站
TRAIN	C005	C025					2026-05-01T11:43:00	2026-05-01T18:45:00	中国铁路	G1137	二等座	490	18	18	上海虹桥站	佛山西站
TRAIN	C082	C039					2026-05-01T13:10:00	2026-05-01T14:12:00	中国铁路	G1140	二等座	90	21	21	天津西站	北京南站
TRAIN	C082	C005					2026-05-01T13:39:00	2026-05-01T19:12:00	中国铁路	G1141	二等座	395	22	22	天津西站	上海虹桥站
TRAIN	C082	C272					2026-05-01T14:37:00	2026-05-01T22:46:00	中国铁路	G1143	二等座	570	24	24	天津西站	重庆北站
TRAIN	C082	C220					2026-05-01T15:06:00	2026-05-01T16:55:00	中国铁路	G1144	二等座	145	25	25	天津西站	石家庄站
TRAIN	C082	C083					2026-05-01T15:35:00	2026-05-01T18:18:00	中国铁路	G1145	二等座	205	26	26	天津西站	太原南站
TRAIN	C082	C061					2026-05-01T16:04:00	2026-05-01T19:12:00	中国铁路	G1146	二等座	235	27	27	天津西站	呼和浩特东站
TRAIN	C082	C172					2026-05-01T16:33:00	2026-05-01T20:14:00	中国铁路	G1147	二等座	275	28	28	天津西站	沈阳北站
TRAIN	C082	C283					2026-05-01T17:02:00	2026-05-01T22:03:00	中国铁路	G1148	二等座	365	29	29	天津西站	长春西站
TRAIN	C082	C066					2026-05-01T17:31:00	2026-05-01T23:41:00	中国铁路	G1149	二等座	440	30	30	天津西站	哈尔滨西站
TRAIN	C082	C042					2026-05-01T18:00:00	2026-05-01T22:41:00	中国铁路	G1150	二等座	345	31	31	天津西站	南京南站
TRAIN	C082	C153					2026-05-01T18:29:00	2026-05-02T00:22:00	中国铁路	G1151	二等座	425	32	32	天津西站	杭州东站
TRAIN	C082	C053					2026-05-01T18:58:00	2026-05-01T23:43:00	中国铁路	G1152	二等座	350	33	33	天津西站	合肥南站
TRAIN	C082	C221					2026-05-01T19:27:00	2026-05-02T03:43:00	中国铁路	G1153	二等座	585	34	34	天津西站	福州南站
TRAIN	C082	C046					2026-05-01T19:56:00	2026-05-02T02:36:00	中国铁路	G1154	二等座	480	35	35	天津西站	南昌西站
TRAIN	C082	C180					2026-05-01T20:25:00	2026-05-01T22:17:00	中国铁路	G1155	二等座	160	5	5	天津西站	济南西站
TRAIN	C082	C267					2026-05-01T05:54:00	2026-05-01T09:25:00	中国铁路	G1156	二等座	270	6	6	天津西站	郑州东站
TRAIN	C082	C164					2026-05-01T06:23:00	2026-05-01T12:04:00	中国铁路	G1157	二等座	420	7	7	天津西站	武汉站
TRAIN	C082	C284					2026-05-01T06:52:00	2026-05-01T14:06:00	中国铁路	G1158	二等座	525	8	8	天津西站	长沙南站
TRAIN	C082	C112					2026-05-01T07:21:00	2026-05-01T17:31:00	中国铁路	G1159	二等座	720	9	9	天津西站	广州南站
TRAIN	C082	C044					2026-05-01T07:50:00	2026-05-01T18:58:00	中国铁路	G1160	二等座	785	10	10	天津西站	南宁东站
TRAIN	C082	C184					2026-05-01T08:19:00	2026-05-01T20:40:00	中国铁路	G1161	二等座	870	11	11	天津西站	海口东站
TRAIN	C082	C128					2026-05-01T08:48:00	2026-05-01T17:25:00	中国铁路	G1162	二等座	620	12	12	天津西站	成都东站
TRAIN	C082	C249					2026-05-01T09:17:00	2026-05-01T18:49:00	中国铁路	G1163	二等座	680	13	13	天津西站	贵阳北站
TRAIN	C082	C142					2026-05-01T09:46:00	2026-05-01T21:18:00	中国铁路	G1164	二等座	815	14	14	天津西站	昆明南站
TRAIN	C082	C133					2026-05-01T10:15:00	2026-05-02T00:38:00	中国铁路	G1165	二等座	955	15	15	天津西站	拉萨站
TRAIN	C082	C246					2026-05-01T10:44:00	2026-05-01T16:01:00	中国铁路	G1166	二等座	345	16	16	天津西站	西安北站
TRAIN	C082	C034					2026-05-01T11:13:00	2026-05-01T18:13:00	中国铁路	G1167	二等座	460	17	17	天津西站	兰州西站
TRAIN	C082	C245					2026-05-01T11:42:00	2026-05-01T19:32:00	中国铁路	G1168	二等座	520	18	18	天津西站	西宁站
TRAIN	C082	C279					2026-05-01T12:11:00	2026-05-01T17:43:00	中国铁路	G1169	二等座	365	19	19	天津西站	银川站
TRAIN	C082	C018					2026-05-01T12:40:00	2026-05-02T02:34:00	中国铁路	G1170	二等座	925	20	20	天津西站	乌鲁木齐站
TRAIN	C082	C300					2026-05-01T13:09:00	2026-05-01T23:42:00	中国铁路	G1171	二等座	705	21	21	天津西站	香港西九龙站
TRAIN	C082	C190					2026-05-01T14:36:00	2026-05-02T01:02:00	中国铁路	G1174	二等座	700	24	24	天津西站	深圳北站
TRAIN	C082	C050					2026-05-01T15:05:00	2026-05-02T00:14:00	中国铁路	G1175	二等座	615	25	25	天津西站	厦门北站
TRAIN	C082	C297					2026-05-01T15:34:00	2026-05-01T18:20:00	中国铁路	G1176	二等座	185	26	26	天津西站	青岛北站
TRAIN	C082	C080					2026-05-01T16:03:00	2026-05-01T18:31:00	中国铁路	G1177	二等座	165	27	27	天津西站	大连北站
TRAIN	C082	C088					2026-05-01T16:32:00	2026-05-01T22:51:00	中国铁路	G1178	二等座	425	28	28	天津西站	宁波站
TRAIN	C082	C231					2026-05-01T17:01:00	2026-05-01T22:22:00	中国铁路	G1179	二等座	360	29	29	天津西站	苏州站
TRAIN	C082	C139					2026-05-01T17:30:00	2026-05-01T22:42:00	中国铁路	G1180	二等座	355	30	30	天津西站	无锡站
TRAIN	C082	C158					2026-05-01T17:59:00	2026-05-02T03:22:00	中国铁路	G1181	二等座	635	31	31	天津西站	桂林北站
TRAIN	C082	C002					2026-05-01T18:28:00	2026-05-02T07:58:00	中国铁路	G1182	二等座	910	32	32	天津西站	三亚站
TRAIN	C082	C119					2026-05-01T18:57:00	2026-05-02T02:11:00	中国铁路	G1183	二等座	490	33	33	天津西站	张家界西站
TRAIN	C082	C015					2026-05-01T19:26:00	2026-05-02T07:02:00	中国铁路	G1184	二等座	785	34	34	天津西站	丽江站
TRAIN	C082	C308					2026-05-01T20:24:00	2026-05-02T02:27:00	中国铁路	G1186	二等座	415	5	5	天津西站	黄山北站
TRAIN	C082	C210					2026-05-01T06:22:00	2026-05-01T17:00:00	中国铁路	G1188	二等座	725	7	7	天津西站	珠海站
TRAIN	C082	C179					2026-05-01T06:51:00	2026-05-01T10:46:00	中国铁路	G1189	二等座	275	8	8	天津西站	洛阳龙门站
TRAIN	C082	C077					2026-05-01T07:20:00	2026-05-01T09:39:00	中国铁路	G1190	二等座	170	9	9	天津西站	大同南站
TRAIN	C082	C070					2026-05-01T08:18:00	2026-05-02T03:37:00	中国铁路	G1192	二等座	1310	11	11	天津西站	喀什站
TRAIN	C082	C056					2026-05-01T08:47:00	2026-05-01T21:59:00	中国铁路	G1193	二等座	900	12	12	天津西站	吐鲁番北站
TRAIN	C082	C292					2026-05-01T09:16:00	2026-05-01T23:14:00	中国铁路	G1194	二等座	955	13	13	天津西站	阿勒泰站
TRAIN	C082	C222					2026-05-01T09:45:00	2026-05-01T11:23:00	中国铁路	G1195	二等座	130	14	14	天津西站	秦皇岛站
TRAIN	C082	C084					2026-05-01T10:14:00	2026-05-01T13:08:00	中国铁路	G1196	二等座	215	15	15	天津西站	威海站
TRAIN	C082	C176					2026-05-01T10:43:00	2026-05-01T19:40:00	中国铁路	G1197	二等座	620	16	16	天津西站	泉州站
TRAIN	C082	C129					2026-05-01T11:12:00	2026-05-01T15:45:00	中国铁路	G1198	二等座	330	17	17	天津西站	扬州东站
TRAIN	C082	C071					2026-05-01T11:41:00	2026-05-01T17:23:00	中国铁路	G1199	二等座	405	18	18	天津西站	嘉兴南站
TRAIN	C082	C040					2026-05-01T12:10:00	2026-05-01T23:53:00	中国铁路	G1200	二等座	810	19	19	天津西站	北海站
TRAIN	C082	C147					2026-05-01T12:39:00	2026-05-01T18:56:00	中国铁路	G1201	二等座	445	20	20	天津西站	景德镇北站
TRAIN	C082	C127					2026-05-01T14:06:00	2026-05-02T00:10:00	中国铁路	G1204	二等座	705	23	23	天津西站	惠州北站
TRAIN	C082	C205					2026-05-01T15:04:00	2026-05-01T17:42:00	中国铁路	G1206	二等座	205	25	25	天津西站	烟台站
TRAIN	C082	C025					2026-05-01T15:33:00	2026-05-02T01:47:00	中国铁路	G1207	二等座	720	26	26	天津西站	佛山西站
TRAIN	C082	C192					2026-05-01T16:31:00	2026-05-01T23:47:00	中国铁路	G1209	二等座	520	28	28	天津西站	温州南站
TRAIN	C272	C039					2026-05-01T17:00:00	2026-05-02T01:15:00	中国铁路	G1210	二等座	590	29	29	重庆北站	北京南站
TRAIN	C272	C005					2026-05-01T17:29:00	2026-05-02T01:39:00	中国铁路	G1211	二等座	585	30	30	重庆北站	上海虹桥站
TRAIN	C272	C082					2026-05-01T17:58:00	2026-05-02T02:07:00	中国铁路	G1212	二等座	585	31	31	重庆北站	天津西站
TRAIN	C272	C220					2026-05-01T18:56:00	2026-05-02T01:46:00	中国铁路	G1214	二等座	495	33	33	重庆北站	石家庄站
TRAIN	C272	C083					2026-05-01T19:25:00	2026-05-02T01:37:00	中国铁路	G1215	二等座	455	34	34	重庆北站	太原南站
TRAIN	C272	C061					2026-05-01T19:54:00	2026-05-02T03:31:00	中国铁路	G1216	二等座	550	35	35	重庆北站	呼和浩特东站
TRAIN	C272	C172					2026-05-01T20:23:00	2026-05-02T07:45:00	中国铁路	G1217	二等座	805	5	5	重庆北站	沈阳北站
TRAIN	C272	C283					2026-05-01T05:52:00	2026-05-01T18:37:00	中国铁路	G1218	二等座	895	6	6	重庆北站	长春西站
TRAIN	C272	C066					2026-05-01T06:21:00	2026-05-01T20:15:00	中国铁路	G1219	二等座	975	7	7	重庆北站	哈尔滨西站
TRAIN	C272	C042					2026-05-01T06:50:00	2026-05-01T13:43:00	中国铁路	G1220	二等座	450	8	8	重庆北站	南京南站
TRAIN	C272	C153					2026-05-01T07:19:00	2026-05-01T14:47:00	中国铁路	G1221	二等座	490	9	9	重庆北站	杭州东站
TRAIN	C272	C053					2026-05-01T07:48:00	2026-05-01T13:52:00	中国铁路	G1222	二等座	400	10	10	重庆北站	合肥南站
TRAIN	C272	C221					2026-05-01T08:17:00	2026-05-01T15:45:00	中国铁路	G1223	二等座	495	11	11	重庆北站	福州南站
TRAIN	C272	C046					2026-05-01T08:46:00	2026-05-01T14:04:00	中国铁路	G1224	二等座	350	12	12	重庆北站	南昌西站
TRAIN	C272	C180					2026-05-01T09:15:00	2026-05-01T16:24:00	中国铁路	G1225	二等座	475	13	13	重庆北站	济南西站
TRAIN	C272	C267					2026-05-01T09:44:00	2026-05-01T14:53:00	中国铁路	G1226	二等座	340	14	14	重庆北站	郑州东站
TRAIN	C272	C164					2026-05-01T10:13:00	2026-05-01T14:41:00	中国铁路	G1227	二等座	295	15	15	重庆北站	武汉站
TRAIN	C272	C284					2026-05-01T10:42:00	2026-05-01T14:33:00	中国铁路	G1228	二等座	255	16	16	重庆北站	长沙南站
TRAIN	C272	C112					2026-05-01T11:11:00	2026-05-01T16:52:00	中国铁路	G1229	二等座	380	17	17	重庆北站	广州南站
TRAIN	C272	C044					2026-05-01T11:40:00	2026-05-01T16:14:00	中国铁路	G1230	二等座	305	18	18	重庆北站	南宁东站
TRAIN	C272	C184					2026-05-01T12:09:00	2026-05-01T18:35:00	中国铁路	G1231	二等座	430	19	19	重庆北站	海口东站
TRAIN	C272	C128					2026-05-01T12:38:00	2026-05-01T14:28:00	中国铁路	G1232	二等座	125	20	20	重庆北站	成都东站
TRAIN	C272	C249					2026-05-01T13:07:00	2026-05-01T15:16:00	中国铁路	G1233	二等座	150	21	21	重庆北站	贵阳北站
TRAIN	C272	C142					2026-05-01T13:36:00	2026-05-01T17:24:00	中国铁路	G1234	二等座	260	22	22	重庆北站	昆明南站
TRAIN	C272	C133					2026-05-01T14:05:00	2026-05-01T22:29:00	中国铁路	G1235	二等座	570	23	23	重庆北站	拉萨站
TRAIN	C272	C246					2026-05-01T14:34:00	2026-05-01T18:05:00	中国铁路	G1236	二等座	240	24	24	重庆北站	西安北站
TRAIN	C272	C034					2026-05-01T15:03:00	2026-05-01T19:35:00	中国铁路	G1237	二等座	310	25	25	重庆北站	兰州西站
TRAIN	C272	C245					2026-05-01T15:32:00	2026-05-01T20:48:00	中国铁路	G1238	二等座	360	26	26	重庆北站	西宁站
TRAIN	C272	C279					2026-05-01T16:01:00	2026-05-01T21:46:00	中国铁路	G1239	二等座	395	27	27	重庆北站	银川站
TRAIN	C272	C018					2026-05-01T16:30:00	2026-05-02T05:19:00	中国铁路	G1240	二等座	870	28	28	重庆北站	乌鲁木齐站
TRAIN	C272	C300					2026-05-01T16:59:00	2026-05-01T23:21:00	中国铁路	G1241	二等座	440	29	29	重庆北站	香港西九龙站
TRAIN	C272	C190					2026-05-01T18:26:00	2026-05-02T00:40:00	中国铁路	G1244	二等座	430	32	32	重庆北站	深圳北站
TRAIN	C272	C050					2026-05-01T18:55:00	2026-05-02T02:11:00	中国铁路	G1245	二等座	500	33	33	重庆北站	厦门北站
TRAIN	C272	C297					2026-05-01T19:24:00	2026-05-02T03:46:00	中国铁路	G1246	二等座	575	34	34	重庆北站	青岛北站
TRAIN	C272	C080					2026-05-01T19:53:00	2026-05-02T05:35:00	中国铁路	G1247	二等座	665	35	35	重庆北站	大连北站
TRAIN	C272	C088					2026-05-01T20:22:00	2026-05-02T04:34:00	中国铁路	G1248	二等座	565	5	5	重庆北站	宁波站
TRAIN	C272	C231					2026-05-01T05:51:00	2026-05-01T13:34:00	中国铁路	G1249	二等座	535	6	6	重庆北站	苏州站
TRAIN	C272	C139					2026-05-01T06:20:00	2026-05-01T13:55:00	中国铁路	G1250	二等座	530	7	7	重庆北站	无锡站
TRAIN	C272	C158					2026-05-01T06:49:00	2026-05-01T10:29:00	中国铁路	G1251	二等座	265	8	8	重庆北站	桂林北站
TRAIN	C272	C002					2026-05-01T07:18:00	2026-05-01T14:40:00	中国铁路	G1252	二等座	515	9	9	重庆北站	三亚站
TRAIN	C272	C119					2026-05-01T07:47:00	2026-05-01T10:16:00	中国铁路	G1253	二等座	190	10	10	重庆北站	张家界西站
TRAIN	C272	C015					2026-05-01T08:16:00	2026-05-01T12:23:00	中国铁路	G1254	二等座	300	11	11	重庆北站	丽江站
TRAIN	C272	C308					2026-05-01T09:14:00	2026-05-01T15:46:00	中国铁路	G1256	二等座	465	13	13	重庆北站	黄山北站
TRAIN	C272	C210					2026-05-01T10:12:00	2026-05-01T16:23:00	中国铁路	G1258	二等座	440	15	15	重庆北站	珠海站
TRAIN	C272	C179					2026-05-01T10:41:00	2026-05-01T15:21:00	中国铁路	G1259	二等座	340	16	16	重庆北站	洛阳龙门站
TRAIN	C272	C077					2026-05-01T11:10:00	2026-05-01T18:41:00	中国铁路	G1260	二等座	535	17	17	重庆北站	大同南站
TRAIN	C272	C070					2026-05-01T12:08:00	2026-05-02T04:38:00	中国铁路	G1262	二等座	1135	19	19	重庆北站	喀什站
TRAIN	C272	C056					2026-05-01T12:37:00	2026-05-02T00:34:00	中国铁路	G1263	二等座	835	20	20	重庆北站	吐鲁番北站
TRAIN	C272	C292					2026-05-01T13:06:00	2026-05-02T03:21:00	中国铁路	G1264	二等座	990	21	21	重庆北站	阿勒泰站
TRAIN	C272	C222					2026-05-01T13:35:00	2026-05-01T22:54:00	中国铁路	G1265	二等座	660	22	22	重庆北站	秦皇岛站
TRAIN	C272	C084					2026-05-01T14:04:00	2026-05-01T23:34:00	中国铁路	G1266	二等座	670	23	23	重庆北站	威海站
TRAIN	C272	C176					2026-05-01T14:33:00	2026-05-01T21:59:00	中国铁路	G1267	二等座	535	24	24	重庆北站	泉州站
TRAIN	C272	C129					2026-05-01T15:02:00	2026-05-01T22:15:00	中国铁路	G1268	二等座	520	25	25	重庆北站	扬州东站
TRAIN	C272	C071					2026-05-01T15:31:00	2026-05-01T23:18:00	中国铁路	G1269	二等座	560	26	26	重庆北站	嘉兴南站
TRAIN	C272	C040					2026-05-01T16:00:00	2026-05-01T21:26:00	中国铁路	G1270	二等座	405	27	27	重庆北站	北海站
TRAIN	C272	C147					2026-05-01T16:29:00	2026-05-01T22:26:00	中国铁路	G1271	二等座	440	28	28	重庆北站	景德镇北站
TRAIN	C272	C127					2026-05-01T17:56:00	2026-05-02T00:04:00	中国铁路	G1274	二等座	455	31	31	重庆北站	惠州北站
TRAIN	C272	C205					2026-05-01T18:54:00	2026-05-02T04:06:00	中国铁路	G1276	二等座	605	33	33	重庆北站	烟台站
TRAIN	C272	C025					2026-05-01T19:23:00	2026-05-02T01:04:00	中国铁路	G1277	二等座	370	34	34	重庆北站	佛山西站
TRAIN	C272	C192					2026-05-01T20:21:00	2026-05-02T04:13:00	中国铁路	G1279	二等座	520	5	5	重庆北站	温州南站
TRAIN	C220	C039					2026-05-01T05:50:00	2026-05-01T07:40:00	中国铁路	G1280	二等座	120	6	6	石家庄站	北京南站
TRAIN	C220	C005					2026-05-01T06:19:00	2026-05-01T12:03:00	中国铁路	G1281	二等座	380	7	7	石家庄站	上海虹桥站
TRAIN	C220	C082					2026-05-01T06:48:00	2026-05-01T08:37:00	中国铁路	G1282	二等座	120	8	8	石家庄站	天津西站
TRAIN	C220	C272					2026-05-01T07:17:00	2026-05-01T14:07:00	中国铁路	G1283	二等座	455	9	9	石家庄站	重庆北站
TRAIN	C220	C083					2026-05-01T08:15:00	2026-05-01T09:36:00	中国铁路	G1285	二等座	90	11	11	石家庄站	太原南站
TRAIN	C220	C061					2026-05-01T08:44:00	2026-05-01T11:15:00	中国铁路	G1286	二等座	170	12	12	石家庄站	呼和浩特东站
TRAIN	C220	C172					2026-05-01T09:13:00	2026-05-01T14:18:00	中国铁路	G1287	二等座	340	13	13	石家庄站	沈阳北站
TRAIN	C220	C283					2026-05-01T09:42:00	2026-05-01T16:05:00	中国铁路	G1288	二等座	430	14	14	石家庄站	长春西站
TRAIN	C220	C066					2026-05-01T10:11:00	2026-05-01T17:40:00	中国铁路	G1289	二等座	505	15	15	石家庄站	哈尔滨西站
TRAIN	C220	C042					2026-05-01T10:40:00	2026-05-01T15:14:00	中国铁路	G1290	二等座	310	16	16	石家庄站	南京南站
TRAIN	C220	C153					2026-05-01T11:09:00	2026-05-01T16:59:00	中国铁路	G1291	二等座	395	17	17	石家庄站	杭州东站
TRAIN	C220	C053					2026-05-01T11:38:00	2026-05-01T16:00:00	中国铁路	G1292	二等座	300	18	18	石家庄站	合肥南站
TRAIN	C220	C221					2026-05-01T12:07:00	2026-05-01T20:05:00	中国铁路	G1293	二等座	540	19	19	石家庄站	福州南站
TRAIN	C220	C046					2026-05-01T12:36:00	2026-05-01T18:39:00	中国铁路	G1294	二等座	415	20	20	石家庄站	南昌西站
TRAIN	C220	C180					2026-05-01T13:05:00	2026-05-01T14:57:00	中国铁路	G1295	二等座	135	21	21	石家庄站	济南西站
TRAIN	C220	C267					2026-05-01T13:34:00	2026-05-01T16:00:00	中国铁路	G1296	二等座	175	22	22	石家庄站	郑州东站
TRAIN	C220	C164					2026-05-01T14:03:00	2026-05-01T18:55:00	中国铁路	G1297	二等座	340	23	23	石家庄站	武汉站
TRAIN	C220	C284					2026-05-01T14:32:00	2026-05-01T20:52:00	中国铁路	G1298	二等座	435	24	24	石家庄站	长沙南站
TRAIN	C220	C112					2026-05-01T15:01:00	2026-05-02T00:22:00	中国铁路	G1299	二等座	640	25	25	石家庄站	广州南站
TRAIN	C220	C044					2026-05-01T15:30:00	2026-05-02T01:33:00	中国铁路	G1300	二等座	690	26	26	石家庄站	南宁东站
TRAIN	C220	C184					2026-05-01T15:59:00	2026-05-02T03:23:00	中国铁路	G1301	二等座	780	27	27	石家庄站	海口东站
TRAIN	C220	C128					2026-05-01T16:28:00	2026-05-01T23:42:00	中国铁路	G1302	二等座	500	28	28	石家庄站	成都东站
TRAIN	C220	C249					2026-05-01T16:57:00	2026-05-02T01:15:00	中国铁路	G1303	二等座	575	29	29	石家庄站	贵阳北站
TRAIN	C220	C142					2026-05-01T17:26:00	2026-05-02T03:39:00	中国铁路	G1304	二等座	705	30	30	石家庄站	昆明南站
TRAIN	C220	C133					2026-05-01T17:55:00	2026-05-02T06:55:00	中国铁路	G1305	二等座	890	31	31	石家庄站	拉萨站
TRAIN	C220	C246					2026-05-01T18:24:00	2026-05-01T22:18:00	中国铁路	G1306	二等座	280	32	32	石家庄站	西安北站
TRAIN	C220	C034					2026-05-01T18:53:00	2026-05-02T00:32:00	中国铁路	G1307	二等座	400	33	33	石家庄站	兰州西站
TRAIN	C220	C245					2026-05-01T19:22:00	2026-05-02T01:53:00	中国铁路	G1308	二等座	460	34	34	石家庄站	西宁站
TRAIN	C220	C279					2026-05-01T19:51:00	2026-05-02T00:10:00	中国铁路	G1309	二等座	315	35	35	石家庄站	银川站
TRAIN	C220	C018					2026-05-01T20:20:00	2026-05-02T09:19:00	中国铁路	G1310	二等座	895	5	5	石家庄站	乌鲁木齐站
TRAIN	C220	C300					2026-05-01T05:49:00	2026-05-01T15:38:00	中国铁路	G1311	二等座	685	6	6	石家庄站	香港西九龙站
TRAIN	C220	C190					2026-05-01T07:16:00	2026-05-01T16:57:00	中国铁路	G1314	二等座	680	9	9	石家庄站	深圳北站
TRAIN	C220	C050					2026-05-01T07:45:00	2026-05-01T16:29:00	中国铁路	G1315	二等座	615	10	10	石家庄站	厦门北站
TRAIN	C220	C297					2026-05-01T08:14:00	2026-05-01T11:41:00	中国铁路	G1316	二等座	260	11	11	石家庄站	青岛北站
TRAIN	C220	C080					2026-05-01T08:43:00	2026-05-01T12:30:00	中国铁路	G1317	二等座	285	12	12	石家庄站	大连北站
TRAIN	C220	C088					2026-05-01T09:12:00	2026-05-01T15:37:00	中国铁路	G1318	二等座	465	13	13	石家庄站	宁波站
TRAIN	C220	C231					2026-05-01T09:41:00	2026-05-01T15:07:00	中国铁路	G1319	二等座	400	14	14	石家庄站	苏州站
TRAIN	C220	C139					2026-05-01T10:10:00	2026-05-01T15:25:00	中国铁路	G1320	二等座	385	15	15	石家庄站	无锡站
TRAIN	C220	C158					2026-05-01T10:39:00	2026-05-01T19:00:00	中国铁路	G1321	二等座	595	16	16	石家庄站	桂林北站
TRAIN	C220	C002					2026-05-01T11:08:00	2026-05-01T23:40:00	中国铁路	G1322	二等座	875	17	17	石家庄站	三亚站
TRAIN	C220	C119					2026-05-01T11:37:00	2026-05-01T17:44:00	中国铁路	G1323	二等座	445	18	18	石家庄站	张家界西站
TRAIN	C220	C015					2026-05-01T12:06:00	2026-05-01T22:19:00	中国铁路	G1324	二等座	725	19	19	石家庄站	丽江站
TRAIN	C220	C308					2026-05-01T13:04:00	2026-05-01T18:49:00	中国铁路	G1326	二等座	425	21	21	石家庄站	黄山北站
TRAIN	C220	C210					2026-05-01T14:02:00	2026-05-01T23:53:00	中国铁路	G1328	二等座	705	23	23	石家庄站	珠海站
TRAIN	C220	C179					2026-05-01T14:31:00	2026-05-01T17:12:00	中国铁路	G1329	二等座	225	24	24	石家庄站	洛阳龙门站
TRAIN	C220	C077					2026-05-01T15:00:00	2026-05-01T16:46:00	中国铁路	G1330	二等座	110	25	25	石家庄站	大同南站
TRAIN	C220	C070					2026-05-01T15:58:00	2026-05-02T10:13:00	中国铁路	G1332	二等座	1215	27	27	石家庄站	喀什站
TRAIN	C220	C056					2026-05-01T16:27:00	2026-05-02T04:42:00	中国铁路	G1333	二等座	815	28	28	石家庄站	吐鲁番北站
TRAIN	C220	C292					2026-05-01T16:56:00	2026-05-02T06:12:00	中国铁路	G1334	二等座	885	29	29	石家庄站	阿勒泰站
TRAIN	C220	C222					2026-05-01T17:25:00	2026-05-01T20:27:00	中国铁路	G1335	二等座	200	30	30	石家庄站	秦皇岛站
TRAIN	C220	C084					2026-05-01T17:54:00	2026-05-01T21:56:00	中国铁路	G1336	二等座	265	31	31	石家庄站	威海站
TRAIN	C220	C176					2026-05-01T18:23:00	2026-05-02T02:57:00	中国铁路	G1337	二等座	570	32	32	石家庄站	泉州站
TRAIN	C220	C129					2026-05-01T18:52:00	2026-05-01T23:25:00	中国铁路	G1338	二等座	305	33	33	石家庄站	扬州东站
TRAIN	C220	C071					2026-05-01T19:21:00	2026-05-02T01:06:00	中国铁路	G1339	二等座	385	34	34	石家庄站	嘉兴南站
TRAIN	C220	C040					2026-05-01T19:50:00	2026-05-02T06:32:00	中国铁路	G1340	二等座	715	35	35	石家庄站	北海站
TRAIN	C220	C147					2026-05-01T20:19:00	2026-05-02T02:08:00	中国铁路	G1341	二等座	390	5	5	石家庄站	景德镇北站
TRAIN	C220	C127					2026-05-01T06:46:00	2026-05-01T16:07:00	中国铁路	G1344	二等座	630	8	8	石家庄站	惠州北站
TRAIN	C220	C205					2026-05-01T07:44:00	2026-05-01T11:27:00	中国铁路	G1346	二等座	255	10	10	石家庄站	烟台站
TRAIN	C220	C025					2026-05-01T08:13:00	2026-05-01T17:38:00	中国铁路	G1347	二等座	640	11	11	石家庄站	佛山西站
TRAIN	C220	C192					2026-05-01T09:11:00	2026-05-01T16:21:00	中国铁路	G1349	二等座	490	13	13	石家庄站	温州南站
TRAIN	C083	C039					2026-05-01T09:40:00	2026-05-01T12:15:00	中国铁路	G1350	二等座	185	14	14	太原南站	北京南站
TRAIN	C083	C005					2026-05-01T10:09:00	2026-05-01T16:29:00	中国铁路	G1351	二等座	435	15	15	太原南站	上海虹桥站
TRAIN	C083	C082					2026-05-01T10:38:00	2026-05-01T13:21:00	中国铁路	G1352	二等座	195	16	16	太原南站	天津西站
TRAIN	C083	C272					2026-05-01T11:07:00	2026-05-01T17:19:00	中国铁路	G1353	二等座	430	17	17	太原南站	重庆北站
TRAIN	C083	C220					2026-05-01T11:36:00	2026-05-01T12:57:00	中国铁路	G1354	二等座	105	18	18	太原南站	石家庄站
TRAIN	C083	C061					2026-05-01T12:34:00	2026-05-01T14:48:00	中国铁路	G1356	二等座	165	20	20	太原南站	呼和浩特东站
TRAIN	C083	C172					2026-05-01T13:03:00	2026-05-01T18:59:00	中国铁路	G1357	二等座	415	21	21	太原南站	沈阳北站
TRAIN	C083	C283					2026-05-01T13:32:00	2026-05-01T20:43:00	中国铁路	G1358	二等座	500	22	22	太原南站	长春西站
TRAIN	C083	C066					2026-05-01T14:01:00	2026-05-01T22:14:00	中国铁路	G1359	二等座	570	23	23	太原南站	哈尔滨西站
TRAIN	C083	C042					2026-05-01T14:30:00	2026-05-01T19:33:00	中国铁路	G1360	二等座	360	24	24	太原南站	南京南站
TRAIN	C083	C153					2026-05-01T14:59:00	2026-05-01T21:18:00	中国铁路	G1361	二等座	445	25	25	太原南站	杭州东站
TRAIN	C083	C053					2026-05-01T15:28:00	2026-05-01T20:10:00	中国铁路	G1362	二等座	335	26	26	太原南站	合肥南站
TRAIN	C083	C221					2026-05-01T15:57:00	2026-05-02T00:12:00	中国铁路	G1363	二等座	575	27	27	太原南站	福州南站
TRAIN	C083	C046					2026-05-01T16:26:00	2026-05-01T22:35:00	中国铁路	G1364	二等座	435	28	28	太原南站	南昌西站
TRAIN	C083	C180					2026-05-01T16:55:00	2026-05-01T19:35:00	中国铁路	G1365	二等座	205	29	29	太原南站	济南西站
TRAIN	C083	C267					2026-05-01T17:24:00	2026-05-01T19:45:00	中国铁路	G1366	二等座	185	30	30	太原南站	郑州东站
TRAIN	C083	C164					2026-05-01T17:53:00	2026-05-01T22:44:00	中国铁路	G1367	二等座	350	31	31	太原南站	武汉站
TRAIN	C083	C284					2026-05-01T18:22:00	2026-05-02T00:33:00	中国铁路	G1368	二等座	440	32	32	太原南站	长沙南站
TRAIN	C083	C112					2026-05-01T18:51:00	2026-05-02T04:05:00	中国铁路	G1369	二等座	650	33	33	太原南站	广州南站
TRAIN	C083	C044					2026-05-01T19:20:00	2026-05-02T05:00:00	中国铁路	G1370	二等座	675	34	34	太原南站	南宁东站
TRAIN	C083	C184					2026-05-01T19:49:00	2026-05-02T06:58:00	中国铁路	G1371	二等座	775	35	35	太原南站	海口东站
TRAIN	C083	C128					2026-05-01T20:18:00	2026-05-02T02:46:00	中国铁路	G1372	二等座	465	5	5	太原南站	成都东站
TRAIN	C083	C249					2026-05-01T05:47:00	2026-05-01T13:32:00	中国铁路	G1373	二等座	555	6	6	太原南站	贵阳北站
TRAIN	C083	C142					2026-05-01T06:16:00	2026-05-01T15:50:00	中国铁路	G1374	二等座	675	7	7	太原南站	昆明南站
TRAIN	C083	C133					2026-05-01T06:45:00	2026-05-01T18:50:00	中国铁路	G1375	二等座	845	8	8	太原南站	拉萨站
TRAIN	C083	C246					2026-05-01T07:14:00	2026-05-01T10:23:00	中国铁路	G1376	二等座	245	9	9	太原南站	西安北站
TRAIN	C083	C034					2026-05-01T07:43:00	2026-05-01T12:26:00	中国铁路	G1377	二等座	355	10	10	太原南站	兰州西站
TRAIN	C083	C245					2026-05-01T08:12:00	2026-05-01T13:48:00	中国铁路	G1378	二等座	415	11	11	太原南站	西宁站
TRAIN	C083	C279					2026-05-01T08:41:00	2026-05-01T12:06:00	中国铁路	G1379	二等座	265	12	12	太原南站	银川站
TRAIN	C083	C018					2026-05-01T09:10:00	2026-05-01T21:21:00	中国铁路	G1380	二等座	855	13	13	太原南站	乌鲁木齐站
TRAIN	C083	C300					2026-05-01T09:39:00	2026-05-01T19:24:00	中国铁路	G1381	二等座	695	14	14	太原南站	香港西九龙站
TRAIN	C083	C190					2026-05-01T11:06:00	2026-05-01T20:43:00	中国铁路	G1384	二等座	690	17	17	太原南站	深圳北站
TRAIN	C083	C050					2026-05-01T11:35:00	2026-05-01T20:29:00	中国铁路	G1385	二等座	585	18	18	太原南站	厦门北站
TRAIN	C083	C297					2026-05-01T12:04:00	2026-05-01T16:22:00	中国铁路	G1386	二等座	280	19	19	太原南站	青岛北站
TRAIN	C083	C080					2026-05-01T12:33:00	2026-05-01T17:15:00	中国铁路	G1387	二等座	305	20	20	太原南站	大连北站
TRAIN	C083	C088					2026-05-01T13:02:00	2026-05-01T19:59:00	中国铁路	G1388	二等座	460	21	21	太原南站	宁波站
TRAIN	C083	C231					2026-05-01T13:31:00	2026-05-01T19:30:00	中国铁路	G1389	二等座	395	22	22	太原南站	苏州站
TRAIN	C083	C139					2026-05-01T14:00:00	2026-05-01T19:48:00	中国铁路	G1390	二等座	385	23	23	太原南站	无锡站
TRAIN	C083	C158					2026-05-01T14:29:00	2026-05-01T22:31:00	中国铁路	G1391	二等座	535	24	24	太原南站	桂林北站
TRAIN	C083	C002					2026-05-01T14:58:00	2026-05-02T03:13:00	中国铁路	G1392	二等座	820	25	25	太原南站	三亚站
TRAIN	C083	C119					2026-05-01T15:27:00	2026-05-01T21:12:00	中国铁路	G1393	二等座	385	26	26	太原南站	张家界西站
TRAIN	C083	C015					2026-05-01T15:56:00	2026-05-02T01:23:00	中国铁路	G1394	二等座	630	27	27	太原南站	丽江站
TRAIN	C083	C308					2026-05-01T16:54:00	2026-05-01T22:59:00	中国铁路	G1396	二等座	410	29	29	太原南站	黄山北站
TRAIN	C083	C210					2026-05-01T17:52:00	2026-05-02T03:37:00	中国铁路	G1398	二等座	655	31	31	太原南站	珠海站
TRAIN	C083	C179					2026-05-01T18:21:00	2026-05-01T20:43:00	中国铁路	G1399	二等座	160	32	32	太原南站	洛阳龙门站
TRAIN	C083	C077					2026-05-01T18:50:00	2026-05-01T20:37:00	中国铁路	G1400	二等座	125	33	33	太原南站	大同南站
TRAIN	C083	C070					2026-05-01T19:48:00	2026-05-02T13:11:00	中国铁路	G1402	二等座	1170	35	35	太原南站	喀什站
TRAIN	C083	C056					2026-05-01T20:17:00	2026-05-02T07:43:00	中国铁路	G1403	二等座	775	5	5	太原南站	吐鲁番北站
TRAIN	C083	C292					2026-05-01T05:46:00	2026-05-01T18:21:00	中国铁路	G1404	二等座	850	6	6	太原南站	阿勒泰站
TRAIN	C083	C222					2026-05-01T06:15:00	2026-05-01T10:10:00	中国铁路	G1405	二等座	275	7	7	太原南站	秦皇岛站
TRAIN	C083	C084					2026-05-01T06:44:00	2026-05-01T11:41:00	中国铁路	G1406	二等座	340	8	8	太原南站	威海站
TRAIN	C083	C176					2026-05-01T07:13:00	2026-05-01T16:00:00	中国铁路	G1407	二等座	600	9	9	太原南站	泉州站
TRAIN	C083	C129					2026-05-01T07:42:00	2026-05-01T12:48:00	中国铁路	G1408	二等座	355	10	10	太原南站	扬州东站
TRAIN	C083	C071					2026-05-01T08:11:00	2026-05-01T14:28:00	中国铁路	G1409	二等座	435	11	11	太原南站	嘉兴南站
TRAIN	C083	C040					2026-05-01T08:40:00	2026-05-01T19:02:00	中国铁路	G1410	二等座	710	12	12	太原南站	北海站
TRAIN	C083	C147					2026-05-01T09:09:00	2026-05-01T15:12:00	中国铁路	G1411	二等座	420	13	13	太原南站	景德镇北站
TRAIN	C083	C127					2026-05-01T10:36:00	2026-05-01T19:54:00	中国铁路	G1414	二等座	640	16	16	太原南站	惠州北站
TRAIN	C083	C205					2026-05-01T11:34:00	2026-05-01T16:12:00	中国铁路	G1416	二等座	330	18	18	太原南站	烟台站
TRAIN	C083	C025					2026-05-01T12:03:00	2026-05-01T21:21:00	中国铁路	G1417	二等座	645	19	19	太原南站	佛山西站
TRAIN	C083	C192					2026-05-01T13:01:00	2026-05-01T20:36:00	中国铁路	G1419	二等座	530	21	21	太原南站	温州南站
TRAIN	C061	C039					2026-05-01T13:30:00	2026-05-01T16:06:00	中国铁路	G1420	二等座	200	22	22	呼和浩特东站	北京南站
TRAIN	C061	C005					2026-05-01T13:59:00	2026-05-01T21:49:00	中国铁路	G1421	二等座	550	23	23	呼和浩特东站	上海虹桥站
TRAIN	C061	C082					2026-05-01T14:28:00	2026-05-01T17:36:00	中国铁路	G1422	二等座	235	24	24	呼和浩特东站	天津西站
TRAIN	C061	C272					2026-05-01T14:57:00	2026-05-01T22:34:00	中国铁路	G1423	二等座	540	25	25	呼和浩特东站	重庆北站
TRAIN	C061	C220					2026-05-01T15:26:00	2026-05-01T17:57:00	中国铁路	G1424	二等座	200	26	26	呼和浩特东站	石家庄站
TRAIN	C061	C083					2026-05-01T15:55:00	2026-05-01T18:09:00	中国铁路	G1425	二等座	180	27	27	呼和浩特东站	太原南站
TRAIN	C061	C172					2026-05-01T16:53:00	2026-05-01T22:34:00	中国铁路	G1427	二等座	415	29	29	呼和浩特东站	沈阳北站
TRAIN	C061	C283					2026-05-01T17:22:00	2026-05-02T00:02:00	中国铁路	G1428	二等座	480	30	30	呼和浩特东站	长春西站
TRAIN	C061	C066					2026-05-01T17:51:00	2026-05-02T01:20:00	中国铁路	G1429	二等座	535	31	31	呼和浩特东站	哈尔滨西站
TRAIN	C061	C042					2026-05-01T18:20:00	2026-05-02T01:00:00	中国铁路	G1430	二等座	480	32	32	呼和浩特东站	南京南站
TRAIN	C061	C153					2026-05-01T18:49:00	2026-05-02T02:45:00	中国铁路	G1431	二等座	565	33	33	呼和浩特东站	杭州东站
TRAIN	C061	C053					2026-05-01T19:18:00	2026-05-02T01:43:00	中国铁路	G1432	二等座	465	34	34	呼和浩特东站	合肥南站
TRAIN	C061	C221					2026-05-01T19:47:00	2026-05-02T05:47:00	中国铁路	G1433	二等座	710	35	35	呼和浩特东站	福州南站
TRAIN	C061	C046					2026-05-01T20:16:00	2026-05-02T04:14:00	中国铁路	G1434	二等座	570	5	5	呼和浩特东站	南昌西站
TRAIN	C061	C180					2026-05-01T05:45:00	2026-05-01T09:40:00	中国铁路	G1435	二等座	300	6	6	呼和浩特东站	济南西站
TRAIN	C061	C267					2026-05-01T06:14:00	2026-05-01T10:24:00	中国铁路	G1436	二等座	320	7	7	呼和浩特东站	郑州东站
TRAIN	C061	C164					2026-05-01T06:43:00	2026-05-01T13:23:00	中国铁路	G1437	二等座	490	8	8	呼和浩特东站	武汉站
TRAIN	C061	C284					2026-05-01T07:12:00	2026-05-01T15:11:00	中国铁路	G1438	二等座	575	9	9	呼和浩特东站	长沙南站
TRAIN	C061	C112					2026-05-01T07:41:00	2026-05-01T18:43:00	中国铁路	G1439	二等座	785	10	10	呼和浩特东站	广州南站
TRAIN	C061	C044					2026-05-01T08:10:00	2026-05-01T19:29:00	中国铁路	G1440	二等座	750	11	11	呼和浩特东站	南宁东站
TRAIN	C061	C184					2026-05-01T08:39:00	2026-05-01T21:32:00	中国铁路	G1441	二等座	855	12	12	呼和浩特东站	海口东站
TRAIN	C061	C128					2026-05-01T09:08:00	2026-05-01T16:44:00	中国铁路	G1442	二等座	500	13	13	呼和浩特东站	成都东站
TRAIN	C061	C249					2026-05-01T09:37:00	2026-05-01T18:53:00	中国铁路	G1443	二等座	615	14	14	呼和浩特东站	贵阳北站
TRAIN	C061	C142					2026-05-01T10:06:00	2026-05-01T20:59:00	中国铁路	G1444	二等座	725	15	15	呼和浩特东站	昆明南站
TRAIN	C061	C133					2026-05-01T10:35:00	2026-05-01T23:01:00	中国铁路	G1445	二等座	830	16	16	呼和浩特东站	拉萨站
TRAIN	C061	C246					2026-05-01T11:04:00	2026-05-01T15:35:00	中国铁路	G1446	二等座	300	17	17	呼和浩特东站	西安北站
TRAIN	C061	C034					2026-05-01T11:33:00	2026-05-01T16:39:00	中国铁路	G1447	二等座	340	18	18	呼和浩特东站	兰州西站
TRAIN	C061	C245					2026-05-01T12:02:00	2026-05-01T17:44:00	中国铁路	G1448	二等座	380	19	19	呼和浩特东站	西宁站
TRAIN	C061	C279					2026-05-01T12:31:00	2026-05-01T15:50:00	中国铁路	G1449	二等座	220	20	20	呼和浩特东站	银川站
TRAIN	C061	C018					2026-05-01T13:00:00	2026-05-02T00:11:00	中国铁路	G1450	二等座	750	21	21	呼和浩特东站	乌鲁木齐站
TRAIN	C061	C300					2026-05-01T13:29:00	2026-05-02T01:02:00	中国铁路	G1451	二等座	775	22	22	呼和浩特东站	香港西九龙站
TRAIN	C061	C190					2026-05-01T14:56:00	2026-05-02T02:21:00	中国铁路	G1454	二等座	770	25	25	呼和浩特东站	深圳北站
TRAIN	C061	C050					2026-05-01T15:25:00	2026-05-02T02:07:00	中国铁路	G1455	二等座	720	26	26	呼和浩特东站	厦门北站
TRAIN	C061	C297					2026-05-01T15:54:00	2026-05-01T21:15:00	中国铁路	G1456	二等座	365	27	27	呼和浩特东站	青岛北站
TRAIN	C061	C080					2026-05-01T16:23:00	2026-05-01T21:28:00	中国铁路	G1457	二等座	345	28	28	呼和浩特东站	大连北站
TRAIN	C061	C088					2026-05-01T16:52:00	2026-05-02T01:23:00	中国铁路	G1458	二等座	580	29	29	呼和浩特东站	宁波站
TRAIN	C061	C231					2026-05-01T17:21:00	2026-05-02T00:53:00	中国铁路	G1459	二等座	515	30	30	呼和浩特东站	苏州站
TRAIN	C061	C139					2026-05-01T17:50:00	2026-05-02T01:12:00	中国铁路	G1460	二等座	505	31	31	呼和浩特东站	无锡站
TRAIN	C061	C158					2026-05-01T18:19:00	2026-05-02T04:04:00	中国铁路	G1461	二等座	665	32	32	呼和浩特东站	桂林北站
TRAIN	C061	C002					2026-05-01T18:48:00	2026-05-02T08:46:00	中国铁路	G1462	二等座	950	33	33	呼和浩特东站	三亚站
TRAIN	C061	C119					2026-05-01T19:17:00	2026-05-02T02:44:00	中国铁路	G1463	二等座	510	34	34	呼和浩特东站	张家界西站
TRAIN	C061	C015					2026-05-01T19:46:00	2026-05-02T06:17:00	中国铁路	G1464	二等座	720	35	35	呼和浩特东站	丽江站
TRAIN	C061	C308					2026-05-01T05:44:00	2026-05-01T13:32:00	中国铁路	G1466	二等座	540	6	6	呼和浩特东站	黄山北站
TRAIN	C061	C210					2026-05-01T06:42:00	2026-05-01T18:15:00	中国铁路	G1468	二等座	790	8	8	呼和浩特东站	珠海站
TRAIN	C061	C179					2026-05-01T07:11:00	2026-05-01T11:20:00	中国铁路	G1469	二等座	295	9	9	呼和浩特东站	洛阳龙门站
TRAIN	C061	C077					2026-05-01T07:40:00	2026-05-01T08:55:00	中国铁路	G1470	二等座	105	10	10	呼和浩特东站	大同南站
TRAIN	C061	C070					2026-05-01T08:38:00	2026-05-02T01:18:00	中国铁路	G1472	二等座	1140	12	12	呼和浩特东站	喀什站
TRAIN	C061	C056					2026-05-01T09:07:00	2026-05-01T19:37:00	中国铁路	G1473	二等座	725	13	13	呼和浩特东站	吐鲁番北站
TRAIN	C061	C292					2026-05-01T09:36:00	2026-05-01T20:53:00	中国铁路	G1474	二等座	780	14	14	呼和浩特东站	阿勒泰站
TRAIN	C061	C222					2026-05-01T10:05:00	2026-05-01T14:07:00	中国铁路	G1475	二等座	295	15	15	呼和浩特东站	秦皇岛站
TRAIN	C061	C084					2026-05-01T10:34:00	2026-05-01T16:11:00	中国铁路	G1476	二等座	400	16	16	呼和浩特东站	威海站
TRAIN	C061	C176					2026-05-01T11:03:00	2026-05-01T21:37:00	中国铁路	G1477	二等座	735	17	17	呼和浩特东站	泉州站
TRAIN	C061	C129					2026-05-01T11:32:00	2026-05-01T18:12:00	中国铁路	G1478	二等座	475	18	18	呼和浩特东站	扬州东站
TRAIN	C061	C071					2026-05-01T12:01:00	2026-05-01T19:52:00	中国铁路	G1479	二等座	555	19	19	呼和浩特东站	嘉兴南站
TRAIN	C061	C040					2026-05-01T12:30:00	2026-05-02T00:34:00	中国铁路	G1480	二等座	840	20	20	呼和浩特东站	北海站
TRAIN	C061	C147					2026-05-01T12:59:00	2026-05-01T20:48:00	中国铁路	G1481	二等座	555	21	21	呼和浩特东站	景德镇北站
TRAIN	C061	C127					2026-05-01T14:26:00	2026-05-02T01:32:00	中国铁路	G1484	二等座	775	24	24	呼和浩特东站	惠州北站
TRAIN	C061	C205					2026-05-01T15:24:00	2026-05-01T20:45:00	中国铁路	G1486	二等座	395	26	26	呼和浩特东站	烟台站
TRAIN	C061	C025					2026-05-01T15:53:00	2026-05-02T02:59:00	中国铁路	G1487	二等座	780	27	27	呼和浩特东站	佛山西站
TRAIN	C061	C192					2026-05-01T16:51:00	2026-05-02T02:06:00	中国铁路	G1489	二等座	660	29	29	呼和浩特东站	温州南站
TRAIN	C172	C039					2026-05-01T17:20:00	2026-05-01T21:07:00	中国铁路	G1490	二等座	295	30	30	沈阳北站	北京南站
TRAIN	C172	C005					2026-05-01T17:49:00	2026-05-02T00:37:00	中国铁路	G1491	二等座	495	31	31	沈阳北站	上海虹桥站
TRAIN	C172	C082					2026-05-01T18:18:00	2026-05-01T21:59:00	中国铁路	G1492	二等座	290	32	32	沈阳北站	天津西站
TRAIN	C172	C272					2026-05-01T18:47:00	2026-05-02T06:09:00	中国铁路	G1493	二等座	805	33	33	沈阳北站	重庆北站
TRAIN	C172	C220					2026-05-01T19:16:00	2026-05-02T00:21:00	中国铁路	G1494	二等座	385	34	34	沈阳北站	石家庄站
TRAIN	C172	C083					2026-05-01T19:45:00	2026-05-02T01:41:00	中国铁路	G1495	二等座	385	35	35	沈阳北站	太原南站
TRAIN	C172	C061					2026-05-01T20:14:00	2026-05-02T01:55:00	中国铁路	G1496	二等座	370	5	5	沈阳北站	呼和浩特东站
TRAIN	C172	C283					2026-05-01T06:12:00	2026-05-01T08:05:00	中国铁路	G1498	二等座	120	7	7	沈阳北站	长春西站
TRAIN	C172	C066					2026-05-01T06:41:00	2026-05-01T09:50:00	中国铁路	G1499	二等座	205	8	8	沈阳北站	哈尔滨西站
TRAIN	C172	C042					2026-05-01T07:10:00	2026-05-01T13:49:00	中国铁路	G1500	二等座	440	9	9	沈阳北站	南京南站
TRAIN	C172	C153					2026-05-01T07:39:00	2026-05-01T15:08:00	中国铁路	G1501	二等座	495	10	10	沈阳北站	杭州东站
TRAIN	C172	C053					2026-05-01T08:08:00	2026-05-01T15:13:00	中国铁路	G1502	二等座	470	11	11	沈阳北站	合肥南站
TRAIN	C172	C221					2026-05-01T08:37:00	2026-05-01T18:39:00	中国铁路	G1503	二等座	670	12	12	沈阳北站	福州南站
TRAIN	C172	C046					2026-05-01T09:06:00	2026-05-01T18:11:00	中国铁路	G1504	二等座	605	13	13	沈阳北站	南昌西站
TRAIN	C172	C180					2026-05-01T09:35:00	2026-05-01T14:16:00	中国铁路	G1505	二等座	315	14	14	沈阳北站	济南西站
TRAIN	C172	C267					2026-05-01T10:04:00	2026-05-01T16:43:00	中国铁路	G1506	二等座	445	15	15	沈阳北站	郑州东站
TRAIN	C172	C164					2026-05-01T10:33:00	2026-05-01T18:59:00	中国铁路	G1507	二等座	565	16	16	沈阳北站	武汉站
TRAIN	C172	C284					2026-05-01T11:02:00	2026-05-01T21:02:00	中国铁路	G1508	二等座	675	17	17	沈阳北站	长沙南站
TRAIN	C172	C112					2026-05-01T11:31:00	2026-05-02T00:12:00	中国铁路	G1509	二等座	855	18	18	沈阳北站	广州南站
TRAIN	C172	C044					2026-05-01T12:00:00	2026-05-02T02:02:00	中国铁路	G1510	二等座	945	19	19	沈阳北站	南宁东站
TRAIN	C172	C184					2026-05-01T12:29:00	2026-05-02T03:32:00	中国铁路	G1511	二等座	1015	20	20	沈阳北站	海口东站
TRAIN	C172	C128					2026-05-01T12:58:00	2026-05-02T00:51:00	中国铁路	G1512	二等座	800	21	21	沈阳北站	成都东站
TRAIN	C172	C249					2026-05-01T13:27:00	2026-05-02T02:07:00	中国铁路	G1513	二等座	855	22	22	沈阳北站	贵阳北站
TRAIN	C172	C142					2026-05-01T13:56:00	2026-05-02T04:40:00	中国铁路	G1514	二等座	995	23	23	沈阳北站	昆明南站
TRAIN	C172	C133					2026-05-01T14:25:00	2026-05-02T07:58:00	中国铁路	G1515	二等座	1185	24	24	沈阳北站	拉萨站
TRAIN	C172	C246					2026-05-01T14:54:00	2026-05-01T23:27:00	中国铁路	G1516	二等座	585	25	25	沈阳北站	西安北站
TRAIN	C172	C034					2026-05-01T15:23:00	2026-05-02T01:31:00	中国铁路	G1517	二等座	690	26	26	沈阳北站	兰州西站
TRAIN	C172	C245					2026-05-01T15:52:00	2026-05-02T02:45:00	中国铁路	G1518	二等座	740	27	27	沈阳北站	西宁站
TRAIN	C172	C279					2026-05-01T16:21:00	2026-05-02T00:51:00	中国铁路	G1519	二等座	585	28	28	沈阳北站	银川站
TRAIN	C172	C018					2026-05-01T16:50:00	2026-05-02T08:53:00	中国铁路	G1520	二等座	1090	29	29	沈阳北站	乌鲁木齐站
TRAIN	C172	C300					2026-05-01T17:19:00	2026-05-02T06:16:00	中国铁路	G1521	二等座	885	30	30	沈阳北站	香港西九龙站
TRAIN	C172	C190					2026-05-01T18:46:00	2026-05-02T07:37:00	中国铁路	G1524	二等座	880	33	33	沈阳北站	深圳北站
TRAIN	C172	C050					2026-05-01T19:15:00	2026-05-02T06:21:00	中国铁路	G1525	二等座	765	34	34	沈阳北站	厦门北站
TRAIN	C172	C297					2026-05-01T19:44:00	2026-05-01T23:51:00	中国铁路	G1526	二等座	295	35	35	沈阳北站	青岛北站
TRAIN	C172	C080					2026-05-01T20:13:00	2026-05-01T22:33:00	中国铁路	G1527	二等座	180	5	5	沈阳北站	大连北站
TRAIN	C172	C088					2026-05-01T05:42:00	2026-05-01T13:18:00	中国铁路	G1528	二等座	530	6	6	沈阳北站	宁波站
TRAIN	C172	C231					2026-05-01T06:11:00	2026-05-01T13:01:00	中国铁路	G1529	二等座	480	7	7	沈阳北站	苏州站
TRAIN	C172	C139					2026-05-01T06:40:00	2026-05-01T13:25:00	中国铁路	G1530	二等座	480	8	8	沈阳北站	无锡站
TRAIN	C172	C158					2026-05-01T07:09:00	2026-05-01T19:23:00	中国铁路	G1531	二等座	845	9	9	沈阳北站	桂林北站
TRAIN	C172	C002					2026-05-01T07:38:00	2026-05-01T23:49:00	中国铁路	G1532	二等座	1110	10	10	沈阳北站	三亚站
TRAIN	C172	C119					2026-05-01T08:07:00	2026-05-01T18:22:00	中国铁路	G1533	二等座	715	11	11	沈阳北站	张家界西站
TRAIN	C172	C015					2026-05-01T08:36:00	2026-05-01T23:28:00	中国铁路	G1534	二等座	1025	12	12	沈阳北站	丽江站
TRAIN	C172	C308					2026-05-01T09:34:00	2026-05-01T17:37:00	中国铁路	G1536	二等座	570	14	14	沈阳北站	黄山北站
TRAIN	C172	C210					2026-05-01T10:32:00	2026-05-01T23:38:00	中国铁路	G1538	二等座	910	16	16	沈阳北站	珠海站
TRAIN	C172	C179					2026-05-01T11:01:00	2026-05-01T18:08:00	中国铁路	G1539	二等座	510	17	17	沈阳北站	洛阳龙门站
TRAIN	C172	C077					2026-05-01T11:30:00	2026-05-01T16:36:00	中国铁路	G1540	二等座	375	18	18	沈阳北站	大同南站
TRAIN	C172	C070					2026-05-01T12:28:00	2026-05-02T10:11:00	中国铁路	G1542	二等座	1490	20	20	沈阳北站	喀什站
TRAIN	C172	C056					2026-05-01T12:57:00	2026-05-02T04:24:00	中国铁路	G1543	二等座	1075	21	21	沈阳北站	吐鲁番北站
TRAIN	C172	C292					2026-05-01T13:26:00	2026-05-02T05:06:00	中国铁路	G1544	二等座	1090	22	22	沈阳北站	阿勒泰站
TRAIN	C172	C222					2026-05-01T13:55:00	2026-05-01T16:23:00	中国铁路	G1545	二等座	205	23	23	沈阳北站	秦皇岛站
TRAIN	C172	C084					2026-05-01T14:24:00	2026-05-01T17:27:00	中国铁路	G1546	二等座	245	24	24	沈阳北站	威海站
TRAIN	C172	C176					2026-05-01T14:53:00	2026-05-02T01:42:00	中国铁路	G1547	二等座	765	25	25	沈阳北站	泉州站
TRAIN	C172	C129					2026-05-01T15:22:00	2026-05-01T21:43:00	中国铁路	G1548	二等座	470	26	26	沈阳北站	扬州东站
TRAIN	C172	C071					2026-05-01T15:51:00	2026-05-01T23:00:00	中国铁路	G1549	二等座	525	27	27	沈阳北站	嘉兴南站
TRAIN	C172	C040					2026-05-01T16:20:00	2026-05-02T06:52:00	中国铁路	G1550	二等座	965	28	28	沈阳北站	北海站
TRAIN	C172	C147					2026-05-01T16:49:00	2026-05-02T01:19:00	中国铁路	G1551	二等座	560	29	29	沈阳北站	景德镇北站
TRAIN	C172	C127					2026-05-01T18:16:00	2026-05-02T06:44:00	中国铁路	G1554	二等座	830	32	32	沈阳北站	惠州北站
TRAIN	C172	C205					2026-05-01T19:14:00	2026-05-01T22:24:00	中国铁路	G1556	二等座	210	34	34	沈阳北站	烟台站
TRAIN	C172	C025					2026-05-01T19:43:00	2026-05-02T08:29:00	中国铁路	G1557	二等座	850	35	35	沈阳北站	佛山西站
TRAIN	C172	C192					2026-05-01T05:41:00	2026-05-01T14:28:00	中国铁路	G1559	二等座	585	6	6	沈阳北站	温州南站
TRAIN	C283	C039					2026-05-01T06:10:00	2026-05-01T11:11:00	中国铁路	G1560	二等座	335	7	7	长春西站	北京南站
TRAIN	C283	C005					2026-05-01T06:39:00	2026-05-01T14:49:00	中国铁路	G1561	二等座	545	8	8	长春西站	上海虹桥站
TRAIN	C283	C082					2026-05-01T07:08:00	2026-05-01T12:09:00	中国铁路	G1562	二等座	340	9	9	长春西站	天津西站
TRAIN	C283	C272					2026-05-01T07:37:00	2026-05-01T20:22:00	中国铁路	G1563	二等座	855	10	10	长春西站	重庆北站
TRAIN	C283	C220					2026-05-01T08:06:00	2026-05-01T14:29:00	中国铁路	G1564	二等座	430	11	11	长春西站	石家庄站
TRAIN	C283	C083					2026-05-01T08:35:00	2026-05-01T15:46:00	中国铁路	G1565	二等座	485	12	12	长春西站	太原南站
TRAIN	C283	C061					2026-05-01T09:04:00	2026-05-01T15:44:00	中国铁路	G1566	二等座	450	13	13	长春西站	呼和浩特东站
TRAIN	C283	C172					2026-05-01T09:33:00	2026-05-01T11:26:00	中国铁路	G1567	二等座	135	14	14	长春西站	沈阳北站
TRAIN	C283	C066					2026-05-01T10:31:00	2026-05-01T12:13:00	中国铁路	G1569	二等座	125	16	16	长春西站	哈尔滨西站
TRAIN	C283	C042					2026-05-01T11:00:00	2026-05-01T19:05:00	中国铁路	G1570	二等座	550	17	17	长春西站	南京南站
TRAIN	C283	C153					2026-05-01T11:29:00	2026-05-01T20:22:00	中国铁路	G1571	二等座	605	18	18	长春西站	杭州东站
TRAIN	C283	C053					2026-05-01T11:58:00	2026-05-01T20:30:00	中国铁路	G1572	二等座	585	19	19	长春西站	合肥南站
TRAIN	C283	C221					2026-05-01T12:27:00	2026-05-01T23:52:00	中国铁路	G1573	二等座	780	20	20	长春西站	福州南站
TRAIN	C283	C046					2026-05-01T12:56:00	2026-05-01T23:28:00	中国铁路	G1574	二等座	720	21	21	长春西站	南昌西站
TRAIN	C283	C180					2026-05-01T13:25:00	2026-05-01T19:32:00	中国铁路	G1575	二等座	425	22	22	长春西站	济南西站
TRAIN	C283	C267					2026-05-01T13:54:00	2026-05-01T21:58:00	中国铁路	G1576	二等座	555	23	23	长春西站	郑州东站
TRAIN	C283	C164					2026-05-01T14:23:00	2026-05-02T00:16:00	中国铁路	G1577	二等座	680	24	24	长春西站	武汉站
TRAIN	C283	C284					2026-05-01T14:52:00	2026-05-02T02:20:00	中国铁路	G1578	二等座	785	25	25	长春西站	长沙南站
TRAIN	C283	C112					2026-05-01T15:21:00	2026-05-02T05:29:00	中国铁路	G1579	二等座	965	26	26	长春西站	广州南站
TRAIN	C283	C044					2026-05-01T15:50:00	2026-05-02T07:20:00	中国铁路	G1580	二等座	1055	27	27	长春西站	南宁东站
TRAIN	C283	C184					2026-05-01T16:19:00	2026-05-02T08:50:00	中国铁路	G1581	二等座	1125	28	28	长春西站	海口东站
TRAIN	C283	C128					2026-05-01T16:48:00	2026-05-02T06:00:00	中国铁路	G1582	二等座	905	29	29	长春西站	成都东站
TRAIN	C283	C249					2026-05-01T17:17:00	2026-05-02T07:22:00	中国铁路	G1583	二等座	965	30	30	长春西站	贵阳北站
TRAIN	C283	C142					2026-05-01T17:46:00	2026-05-02T09:54:00	中国铁路	G1584	二等座	1105	31	31	长春西站	昆明南站
TRAIN	C283	C133					2026-05-01T18:15:00	2026-05-02T12:55:00	中国铁路	G1585	二等座	1275	32	32	长春西站	拉萨站
TRAIN	C283	C246					2026-05-01T18:44:00	2026-05-02T04:36:00	中国铁路	G1586	二等座	685	33	33	长春西站	西安北站
TRAIN	C283	C034					2026-05-01T19:13:00	2026-05-02T06:29:00	中国铁路	G1587	二等座	780	34	34	长春西站	兰州西站
TRAIN	C283	C245					2026-05-01T19:42:00	2026-05-02T07:39:00	中国铁路	G1588	二等座	830	35	35	长春西站	西宁站
TRAIN	C283	C279					2026-05-01T20:11:00	2026-05-02T05:44:00	中国铁路	G1589	二等座	670	5	5	长春西站	银川站
TRAIN	C283	C018					2026-05-01T05:40:00	2026-05-01T22:12:00	中国铁路	G1590	二等座	1135	6	6	长春西站	乌鲁木齐站
TRAIN	C283	C300					2026-05-01T06:09:00	2026-05-01T20:33:00	中国铁路	G1591	二等座	995	7	7	长春西站	香港西九龙站
TRAIN	C283	C190					2026-05-01T07:36:00	2026-05-01T21:54:00	中国铁路	G1594	二等座	990	10	10	长春西站	深圳北站
TRAIN	C283	C050					2026-05-01T08:05:00	2026-05-01T20:35:00	中国铁路	G1595	二等座	875	11	11	长春西站	厦门北站
TRAIN	C283	C297					2026-05-01T08:34:00	2026-05-01T14:08:00	中国铁路	G1596	二等座	410	12	12	长春西站	青岛北站
TRAIN	C283	C080					2026-05-01T09:03:00	2026-05-01T12:50:00	中国铁路	G1597	二等座	290	13	13	长春西站	大连北站
TRAIN	C283	C088					2026-05-01T09:32:00	2026-05-01T18:29:00	中国铁路	G1598	二等座	635	14	14	长春西站	宁波站
TRAIN	C283	C231					2026-05-01T10:01:00	2026-05-01T18:15:00	中国铁路	G1599	二等座	590	15	15	长春西站	苏州站
TRAIN	C283	C139					2026-05-01T10:30:00	2026-05-01T18:39:00	中国铁路	G1600	二等座	585	16	16	长春西站	无锡站
TRAIN	C283	C158					2026-05-01T10:59:00	2026-05-02T00:41:00	中国铁路	G1601	二等座	960	17	17	长春西站	桂林北站
TRAIN	C283	C002					2026-05-01T11:28:00	2026-05-02T05:07:00	中国铁路	G1602	二等座	1225	18	18	长春西站	三亚站
TRAIN	C283	C119					2026-05-01T11:57:00	2026-05-01T23:39:00	中国铁路	G1603	二等座	825	19	19	长春西站	张家界西站
TRAIN	C283	C015					2026-05-01T12:26:00	2026-05-02T04:38:00	中国铁路	G1604	二等座	1130	20	20	长春西站	丽江站
TRAIN	C283	C308					2026-05-01T13:24:00	2026-05-01T22:53:00	中国铁路	G1606	二等座	625	22	22	长春西站	黄山北站
TRAIN	C283	C210					2026-05-01T14:22:00	2026-05-02T04:55:00	中国铁路	G1608	二等座	965	24	24	长春西站	珠海站
TRAIN	C283	C179					2026-05-01T14:51:00	2026-05-01T23:22:00	中国铁路	G1609	二等座	565	25	25	长春西站	洛阳龙门站
TRAIN	C283	C077					2026-05-01T15:20:00	2026-05-01T21:32:00	中国铁路	G1610	二等座	410	26	26	长春西站	大同南站
TRAIN	C283	C070					2026-05-01T16:18:00	2026-05-02T14:35:00	中国铁路	G1612	二等座	1490	28	28	长春西站	喀什站
TRAIN	C283	C056					2026-05-01T16:47:00	2026-05-02T08:47:00	中国铁路	G1613	二等座	1070	29	29	长春西站	吐鲁番北站
TRAIN	C283	C292					2026-05-01T17:16:00	2026-05-02T09:12:00	中国铁路	G1614	二等座	1065	30	30	长春西站	阿勒泰站
TRAIN	C283	C222					2026-05-01T17:45:00	2026-05-01T21:37:00	中国铁路	G1615	二等座	260	31	31	长春西站	秦皇岛站
TRAIN	C283	C084					2026-05-01T18:14:00	2026-05-01T22:41:00	中国铁路	G1616	二等座	300	32	32	长春西站	威海站
TRAIN	C283	C176					2026-05-01T18:43:00	2026-05-02T06:55:00	中国铁路	G1617	二等座	820	33	33	长春西站	泉州站
TRAIN	C283	C129					2026-05-01T19:12:00	2026-05-02T02:59:00	中国铁路	G1618	二等座	525	34	34	长春西站	扬州东站
TRAIN	C283	C071					2026-05-01T19:41:00	2026-05-02T04:12:00	中国铁路	G1619	二等座	575	35	35	长春西站	嘉兴南站
TRAIN	C283	C040					2026-05-01T20:10:00	2026-05-02T12:10:00	中国铁路	G1620	二等座	1075	5	5	长春西站	北海站
TRAIN	C283	C147					2026-05-01T05:39:00	2026-05-01T15:35:00	中国铁路	G1621	二等座	670	6	6	长春西站	景德镇北站
TRAIN	C283	C127					2026-05-01T07:06:00	2026-05-01T21:01:00	中国铁路	G1624	二等座	940	9	9	长春西站	惠州北站
TRAIN	C283	C205					2026-05-01T08:04:00	2026-05-01T12:40:00	中国铁路	G1626	二等座	320	11	11	长春西站	烟台站
TRAIN	C283	C025					2026-05-01T08:33:00	2026-05-01T22:47:00	中国铁路	G1627	二等座	965	12	12	长春西站	佛山西站
TRAIN	C283	C192					2026-05-01T09:31:00	2026-05-01T19:39:00	中国铁路	G1629	二等座	695	14	14	长春西站	温州南站
TRAIN	C066	C039					2026-05-01T10:00:00	2026-05-01T16:05:00	中国铁路	G1630	二等座	420	15	15	哈尔滨西站	北京南站
TRAIN	C066	C005					2026-05-01T10:29:00	2026-05-01T19:55:00	中国铁路	G1631	二等座	650	16	16	哈尔滨西站	上海虹桥站
TRAIN	C066	C082					2026-05-01T10:58:00	2026-05-01T17:08:00	中国铁路	G1632	二等座	430	17	17	哈尔滨西站	天津西站
TRAIN	C066	C272					2026-05-01T11:27:00	2026-05-02T01:21:00	中国铁路	G1633	二等座	950	18	18	哈尔滨西站	重庆北站
TRAIN	C066	C220					2026-05-01T11:56:00	2026-05-01T19:25:00	中国铁路	G1634	二等座	520	19	19	哈尔滨西站	石家庄站
TRAIN	C066	C083					2026-05-01T12:25:00	2026-05-01T20:38:00	中国铁路	G1635	二等座	570	20	20	哈尔滨西站	太原南站
TRAIN	C066	C061					2026-05-01T12:54:00	2026-05-01T20:23:00	中国铁路	G1636	二等座	520	21	21	哈尔滨西站	呼和浩特东站
TRAIN	C066	C172					2026-05-01T13:23:00	2026-05-01T16:32:00	中国铁路	G1637	二等座	235	22	22	哈尔滨西站	沈阳北站
TRAIN	C066	C283					2026-05-01T13:52:00	2026-05-01T15:34:00	中国铁路	G1638	二等座	135	23	23	哈尔滨西站	长春西站
TRAIN	C066	C042					2026-05-01T14:50:00	2026-05-02T00:12:00	中国铁路	G1640	二等座	655	25	25	哈尔滨西站	南京南站
TRAIN	C066	C153					2026-05-01T15:19:00	2026-05-02T01:29:00	中国铁路	G1641	二等座	705	26	26	哈尔滨西站	杭州东站
TRAIN	C066	C053					2026-05-01T15:48:00	2026-05-02T01:37:00	中国铁路	G1642	二等座	685	27	27	哈尔滨西站	合肥南站
TRAIN	C066	C221					2026-05-01T16:17:00	2026-05-02T04:59:00	中国铁路	G1643	二等座	880	28	28	哈尔滨西站	福州南站
TRAIN	C066	C046					2026-05-01T16:46:00	2026-05-02T04:35:00	中国铁路	G1644	二等座	820	29	29	哈尔滨西站	南昌西站
TRAIN	C066	C180					2026-05-01T17:15:00	2026-05-02T00:35:00	中国铁路	G1645	二等座	520	30	30	哈尔滨西站	济南西站
TRAIN	C066	C267					2026-05-01T17:44:00	2026-05-02T02:58:00	中国铁路	G1646	二等座	650	31	31	哈尔滨西站	郑州东站
TRAIN	C066	C164					2026-05-01T18:13:00	2026-05-02T05:22:00	中国铁路	G1647	二等座	780	32	32	哈尔滨西站	武汉站
TRAIN	C066	C284					2026-05-01T18:42:00	2026-05-02T07:25:00	中国铁路	G1648	二等座	885	33	33	哈尔滨西站	长沙南站
TRAIN	C066	C112					2026-05-01T19:11:00	2026-05-02T10:36:00	中国铁路	G1649	二等座	1065	34	34	哈尔滨西站	广州南站
TRAIN	C066	C044					2026-05-01T19:40:00	2026-05-02T12:24:00	中国铁路	G1650	二等座	1155	35	35	哈尔滨西站	南宁东站
TRAIN	C066	C184					2026-05-01T20:09:00	2026-05-02T13:56:00	中国铁路	G1651	二等座	1225	5	5	哈尔滨西站	海口东站
TRAIN	C066	C128					2026-05-01T05:38:00	2026-05-01T19:54:00	中国铁路	G1652	二等座	990	6	6	哈尔滨西站	成都东站
TRAIN	C066	C249					2026-05-01T06:07:00	2026-05-01T21:23:00	中国铁路	G1653	二等座	1060	7	7	哈尔滨西站	贵阳北站
TRAIN	C066	C142					2026-05-01T06:36:00	2026-05-01T23:53:00	中国铁路	G1654	二等座	1195	8	8	哈尔滨西站	昆明南站
TRAIN	C066	C133					2026-05-01T07:05:00	2026-05-02T02:35:00	中国铁路	G1655	二等座	1345	9	9	哈尔滨西站	拉萨站
TRAIN	C066	C246					2026-05-01T07:34:00	2026-05-01T18:31:00	中国铁路	G1656	二等座	775	10	10	哈尔滨西站	西安北站
TRAIN	C066	C034					2026-05-01T08:03:00	2026-05-01T20:12:00	中国铁路	G1657	二等座	855	11	11	哈尔滨西站	兰州西站
TRAIN	C066	C245					2026-05-01T08:32:00	2026-05-01T21:17:00	中国铁路	G1658	二等座	895	12	12	哈尔滨西站	西宁站
TRAIN	C066	C279					2026-05-01T09:01:00	2026-05-01T19:24:00	中国铁路	G1659	二等座	740	13	13	哈尔滨西站	银川站
TRAIN	C066	C018					2026-05-01T09:30:00	2026-05-02T02:18:00	中国铁路	G1660	二等座	1115	14	14	哈尔滨西站	乌鲁木齐站
TRAIN	C066	C300					2026-05-01T09:59:00	2026-05-02T01:40:00	中国铁路	G1661	二等座	1040	15	15	哈尔滨西站	香港西九龙站
TRAIN	C066	C190					2026-05-01T11:26:00	2026-05-02T03:01:00	中国铁路	G1664	二等座	1040	18	18	哈尔滨西站	深圳北站
TRAIN	C066	C050					2026-05-01T11:55:00	2026-05-02T01:43:00	中国铁路	G1665	二等座	920	19	19	哈尔滨西站	厦门北站
TRAIN	C066	C297					2026-05-01T12:24:00	2026-05-01T19:15:00	中国铁路	G1666	二等座	455	20	20	哈尔滨西站	青岛北站
TRAIN	C066	C080					2026-05-01T12:53:00	2026-05-01T17:57:00	中国铁路	G1667	二等座	335	21	21	哈尔滨西站	大连北站
TRAIN	C066	C088					2026-05-01T13:22:00	2026-05-01T23:35:00	中国铁路	G1668	二等座	680	22	22	哈尔滨西站	宁波站
TRAIN	C066	C231					2026-05-01T13:51:00	2026-05-01T23:22:00	中国铁路	G1669	二等座	635	23	23	哈尔滨西站	苏州站
TRAIN	C066	C139					2026-05-01T14:20:00	2026-05-01T23:47:00	中国铁路	G1670	二等座	630	24	24	哈尔滨西站	无锡站
TRAIN	C066	C158					2026-05-01T14:49:00	2026-05-02T05:46:00	中国铁路	G1671	二等座	1000	25	25	哈尔滨西站	桂林北站
TRAIN	C066	C002					2026-05-01T15:18:00	2026-05-02T10:13:00	中国铁路	G1672	二等座	1270	26	26	哈尔滨西站	三亚站
TRAIN	C066	C119					2026-05-01T15:47:00	2026-05-02T04:42:00	中国铁路	G1673	二等座	870	27	27	哈尔滨西站	张家界西站
TRAIN	C066	C015					2026-05-01T16:16:00	2026-05-02T09:32:00	中国铁路	G1674	二等座	1160	28	28	哈尔滨西站	丽江站
TRAIN	C066	C308					2026-05-01T17:14:00	2026-05-02T04:00:00	中国铁路	G1676	二等座	725	30	30	哈尔滨西站	黄山北站
TRAIN	C066	C210					2026-05-01T18:12:00	2026-05-02T10:02:00	中国铁路	G1678	二等座	1070	32	32	哈尔滨西站	珠海站
TRAIN	C066	C179					2026-05-01T18:41:00	2026-05-02T04:21:00	中国铁路	G1679	二等座	655	33	33	哈尔滨西站	洛阳龙门站
TRAIN	C066	C077					2026-05-01T19:10:00	2026-05-02T02:18:00	中国铁路	G1680	二等座	485	34	34	哈尔滨西站	大同南站
TRAIN	C066	C070					2026-05-01T20:08:00	2026-05-02T18:43:00	中国铁路	G1682	二等座	1525	5	5	哈尔滨西站	喀什站
TRAIN	C066	C056					2026-05-01T05:37:00	2026-05-01T21:56:00	中国铁路	G1683	二等座	1105	6	6	哈尔滨西站	吐鲁番北站
TRAIN	C066	C292					2026-05-01T06:06:00	2026-05-01T22:06:00	中国铁路	G1684	二等座	1085	7	7	哈尔滨西站	阿勒泰站
TRAIN	C066	C222					2026-05-01T06:35:00	2026-05-01T11:38:00	中国铁路	G1685	二等座	355	8	8	哈尔滨西站	秦皇岛站
TRAIN	C066	C084					2026-05-01T07:04:00	2026-05-01T12:49:00	中国铁路	G1686	二等座	400	9	9	哈尔滨西站	威海站
TRAIN	C066	C176					2026-05-01T07:33:00	2026-05-01T21:02:00	中国铁路	G1687	二等座	920	10	10	哈尔滨西站	泉州站
TRAIN	C066	C129					2026-05-01T08:02:00	2026-05-01T17:07:00	中国铁路	G1688	二等座	625	11	11	哈尔滨西站	扬州东站
TRAIN	C066	C071					2026-05-01T08:31:00	2026-05-01T18:19:00	中国铁路	G1689	二等座	675	12	12	哈尔滨西站	嘉兴南站
TRAIN	C066	C040					2026-05-01T09:00:00	2026-05-02T02:15:00	中国铁路	G1690	二等座	1175	13	13	哈尔滨西站	北海站
TRAIN	C066	C147					2026-05-01T09:29:00	2026-05-01T20:43:00	中国铁路	G1691	二等座	775	14	14	哈尔滨西站	景德镇北站
TRAIN	C066	C127					2026-05-01T10:56:00	2026-05-02T02:08:00	中国铁路	G1694	二等座	1040	17	17	哈尔滨西站	惠州北站
TRAIN	C066	C205					2026-05-01T11:54:00	2026-05-01T17:48:00	中国铁路	G1696	二等座	420	19	19	哈尔滨西站	烟台站
TRAIN	C066	C025					2026-05-01T12:23:00	2026-05-02T03:53:00	中国铁路	G1697	二等座	1065	20	20	哈尔滨西站	佛山西站
TRAIN	C066	C192					2026-05-01T13:21:00	2026-05-02T00:46:00	中国铁路	G1699	二等座	795	22	22	哈尔滨西站	温州南站
TRAIN	C042	C039					2026-05-01T13:50:00	2026-05-01T19:05:00	中国铁路	G1700	二等座	380	23	23	南京南站	北京南站
TRAIN	C042	C005					2026-05-01T14:19:00	2026-05-01T16:11:00	中国铁路	G1701	二等座	155	24	24	南京南站	上海虹桥站
TRAIN	C042	C082					2026-05-01T14:48:00	2026-05-01T19:29:00	中国铁路	G1702	二等座	345	25	25	南京南站	天津西站
TRAIN	C042	C272					2026-05-01T15:17:00	2026-05-01T22:10:00	中国铁路	G1703	二等座	495	26	26	南京南站	重庆北站
TRAIN	C042	C220					2026-05-01T15:46:00	2026-05-01T20:20:00	中国铁路	G1704	二等座	340	27	27	南京南站	石家庄站
TRAIN	C042	C083					2026-05-01T16:15:00	2026-05-01T21:18:00	中国铁路	G1705	二等座	375	28	28	南京南站	太原南站
TRAIN	C042	C061					2026-05-01T16:44:00	2026-05-01T23:24:00	中国铁路	G1706	二等座	480	29	29	南京南站	呼和浩特东站
TRAIN	C042	C172					2026-05-01T17:13:00	2026-05-01T23:52:00	中国铁路	G1707	二等座	480	30	30	南京南站	沈阳北站
TRAIN	C042	C283					2026-05-01T17:42:00	2026-05-02T01:47:00	中国铁路	G1708	二等座	580	31	31	南京南站	长春西站
TRAIN	C042	C066					2026-05-01T18:11:00	2026-05-02T03:33:00	中国铁路	G1709	二等座	665	32	32	南京南站	哈尔滨西站
TRAIN	C042	C153					2026-05-01T19:09:00	2026-05-01T20:50:00	中国铁路	G1711	二等座	155	34	34	南京南站	杭州东站
TRAIN	C042	C053					2026-05-01T19:38:00	2026-05-01T20:52:00	中国铁路	G1712	二等座	125	35	35	南京南站	合肥南站
TRAIN	C042	C221					2026-05-01T20:07:00	2026-05-02T00:07:00	中国铁路	G1713	二等座	310	5	5	南京南站	福州南站
TRAIN	C042	C046					2026-05-01T05:36:00	2026-05-01T08:33:00	中国铁路	G1714	二等座	240	6	6	南京南站	南昌西站
TRAIN	C042	C180					2026-05-01T06:05:00	2026-05-01T09:24:00	中国铁路	G1715	二等座	210	7	7	南京南站	济南西站
TRAIN	C042	C267					2026-05-01T06:34:00	2026-05-01T10:01:00	中国铁路	G1716	二等座	225	8	8	南京南站	郑州东站
TRAIN	C042	C164					2026-05-01T07:03:00	2026-05-01T09:56:00	中国铁路	G1717	二等座	185	9	9	南京南站	武汉站
TRAIN	C042	C284					2026-05-01T07:32:00	2026-05-01T11:45:00	中国铁路	G1718	二等座	275	10	10	南京南站	长沙南站
TRAIN	C042	C112					2026-05-01T08:01:00	2026-05-01T14:31:00	中国铁路	G1719	二等座	430	11	11	南京南站	广州南站
TRAIN	C042	C044					2026-05-01T08:30:00	2026-05-01T16:44:00	中国铁路	G1720	二等座	545	12	12	南京南站	南宁东站
TRAIN	C042	C184					2026-05-01T08:59:00	2026-05-01T17:56:00	中国铁路	G1721	二等座	595	13	13	南京南站	海口东站
TRAIN	C042	C128					2026-05-01T09:28:00	2026-05-01T17:27:00	中国铁路	G1722	二等座	530	14	14	南京南站	成都东站
TRAIN	C042	C249					2026-05-01T09:57:00	2026-05-01T17:29:00	中国铁路	G1723	二等座	500	15	15	南京南站	贵阳北站
TRAIN	C042	C142					2026-05-01T10:26:00	2026-05-01T20:16:00	中国铁路	G1724	二等座	660	16	16	南京南站	昆明南站
TRAIN	C042	C133					2026-05-01T10:55:00	2026-05-02T01:33:00	中国铁路	G1725	二等座	980	17	17	南京南站	拉萨站
TRAIN	C042	C246					2026-05-01T11:24:00	2026-05-01T16:56:00	中国铁路	G1726	二等座	370	18	18	南京南站	西安北站
TRAIN	C042	C034					2026-05-01T11:53:00	2026-05-01T20:05:00	中国铁路	G1727	二等座	550	19	19	南京南站	兰州西站
TRAIN	C042	C245					2026-05-01T12:22:00	2026-05-01T21:36:00	中国铁路	G1728	二等座	620	20	20	南京南站	西宁站
TRAIN	C042	C279					2026-05-01T12:51:00	2026-05-01T20:30:00	中国铁路	G1729	二等座	515	21	21	南京南站	银川站
TRAIN	C042	C018					2026-05-01T13:20:00	2026-05-02T05:55:00	中国铁路	G1730	二等座	1115	22	22	南京南站	乌鲁木齐站
TRAIN	C042	C300					2026-05-01T13:49:00	2026-05-01T20:33:00	中国铁路	G1731	二等座	455	23	23	南京南站	香港西九龙站
TRAIN	C042	C190					2026-05-01T15:16:00	2026-05-01T21:54:00	中国铁路	G1734	二等座	455	26	26	南京南站	深圳北站
TRAIN	C042	C050					2026-05-01T15:45:00	2026-05-01T20:43:00	中国铁路	G1735	二等座	340	27	27	南京南站	厦门北站
TRAIN	C042	C297					2026-05-01T16:14:00	2026-05-01T19:10:00	中国铁路	G1736	二等座	210	28	28	南京南站	青岛北站
TRAIN	C042	C080					2026-05-01T16:43:00	2026-05-01T21:27:00	中国铁路	G1737	二等座	330	29	29	南京南站	大连北站
TRAIN	C042	C088					2026-05-01T17:12:00	2026-05-01T19:32:00	中国铁路	G1738	二等座	170	30	30	南京南站	宁波站
TRAIN	C042	C231					2026-05-01T17:41:00	2026-05-01T19:07:00	中国铁路	G1739	二等座	110	31	31	南京南站	苏州站
TRAIN	C042	C139					2026-05-01T18:10:00	2026-05-01T19:25:00	中国铁路	G1740	二等座	100	32	32	南京南站	无锡站
TRAIN	C042	C158					2026-05-01T18:39:00	2026-05-02T01:06:00	中国铁路	G1741	二等座	450	33	33	南京南站	桂林北站
TRAIN	C042	C002					2026-05-01T19:08:00	2026-05-02T05:12:00	中国铁路	G1742	二等座	690	34	34	南京南站	三亚站
TRAIN	C042	C119					2026-05-01T19:37:00	2026-05-02T00:40:00	中国铁路	G1743	二等座	355	35	35	南京南站	张家界西站
TRAIN	C042	C015					2026-05-01T20:06:00	2026-05-02T06:39:00	中国铁路	G1744	二等座	725	5	5	南京南站	丽江站
TRAIN	C042	C308					2026-05-01T06:04:00	2026-05-01T07:54:00	中国铁路	G1746	二等座	145	7	7	南京南站	黄山北站
TRAIN	C042	C210					2026-05-01T07:02:00	2026-05-01T13:56:00	中国铁路	G1748	二等座	485	9	9	南京南站	珠海站
TRAIN	C042	C179					2026-05-01T07:31:00	2026-05-01T11:27:00	中国铁路	G1749	二等座	290	10	10	南京南站	洛阳龙门站
TRAIN	C042	C077					2026-05-01T08:00:00	2026-05-01T13:54:00	中国铁路	G1750	二等座	420	11	11	南京南站	大同南站
TRAIN	C042	C070					2026-05-01T08:58:00	2026-05-02T06:25:00	中国铁路	G1752	二等座	1465	13	13	南京南站	喀什站
TRAIN	C042	C056					2026-05-01T09:27:00	2026-05-02T01:14:00	中国铁路	G1753	二等座	1085	14	14	南京南站	吐鲁番北站
TRAIN	C042	C292					2026-05-01T09:56:00	2026-05-02T03:06:00	中国铁路	G1754	二等座	1180	15	15	南京南站	阿勒泰站
TRAIN	C042	C222					2026-05-01T10:25:00	2026-05-01T15:34:00	中国铁路	G1755	二等座	375	16	16	南京南站	秦皇岛站
TRAIN	C042	C084					2026-05-01T10:54:00	2026-05-01T14:58:00	中国铁路	G1756	二等座	305	17	17	南京南站	威海站
TRAIN	C042	C176					2026-05-01T11:23:00	2026-05-01T16:06:00	中国铁路	G1757	二等座	350	18	18	南京南站	泉州站
TRAIN	C042	C129					2026-05-01T11:52:00	2026-05-01T12:39:00	中国铁路	G1758	二等座	85	19	19	南京南站	扬州东站
TRAIN	C042	C071					2026-05-01T12:21:00	2026-05-01T14:02:00	中国铁路	G1759	二等座	145	20	20	南京南站	嘉兴南站
TRAIN	C042	C040					2026-05-01T12:50:00	2026-05-01T21:24:00	中国铁路	G1760	二等座	610	21	21	南京南站	北海站
TRAIN	C042	C147					2026-05-01T13:19:00	2026-05-01T15:36:00	中国铁路	G1761	二等座	190	22	22	南京南站	景德镇北站
TRAIN	C042	C127					2026-05-01T14:46:00	2026-05-01T21:01:00	中国铁路	G1764	二等座	455	25	25	南京南站	惠州北站
TRAIN	C042	C205					2026-05-01T15:44:00	2026-05-01T19:38:00	中国铁路	G1766	二等座	300	27	27	南京南站	烟台站
TRAIN	C042	C025					2026-05-01T16:13:00	2026-05-01T22:49:00	中国铁路	G1767	二等座	485	28	28	南京南站	佛山西站
TRAIN	C042	C192					2026-05-01T17:11:00	2026-05-01T20:13:00	中国铁路	G1769	二等座	245	30	30	南京南站	温州南站
TRAIN	C153	C039					2026-05-01T17:40:00	2026-05-02T00:07:00	中国铁路	G1770	二等座	420	31	31	杭州东站	北京南站
TRAIN	C153	C005					2026-05-01T18:09:00	2026-05-01T19:27:00	中国铁路	G1771	二等座	80	32	32	杭州东站	上海虹桥站
TRAIN	C153	C082					2026-05-01T18:38:00	2026-05-02T00:31:00	中国铁路	G1772	二等座	385	33	33	杭州东站	天津西站
TRAIN	C153	C272					2026-05-01T19:07:00	2026-05-02T02:35:00	中国铁路	G1773	二等座	495	34	34	杭州东站	重庆北站
TRAIN	C153	C220					2026-05-01T19:36:00	2026-05-02T01:26:00	中国铁路	G1774	二等座	385	35	35	杭州东站	石家庄站
TRAIN	C153	C083					2026-05-01T20:05:00	2026-05-02T02:24:00	中国铁路	G1775	二等座	420	5	5	杭州东站	太原南站
TRAIN	C153	C061					2026-05-01T05:34:00	2026-05-01T13:30:00	中国铁路	G1776	二等座	525	6	6	杭州东站	呼和浩特东站
TRAIN	C153	C172					2026-05-01T06:03:00	2026-05-01T13:32:00	中国铁路	G1777	二等座	500	7	7	杭州东站	沈阳北站
TRAIN	C153	C283					2026-05-01T06:32:00	2026-05-01T15:25:00	中国铁路	G1778	二等座	595	8	8	杭州东站	长春西站
TRAIN	C153	C066					2026-05-01T07:01:00	2026-05-01T17:11:00	中国铁路	G1779	二等座	680	9	9	杭州东站	哈尔滨西站
TRAIN	C153	C042					2026-05-01T07:30:00	2026-05-01T09:11:00	中国铁路	G1780	二等座	115	10	10	杭州东站	南京南站
TRAIN	C153	C053					2026-05-01T08:28:00	2026-05-01T10:39:00	中国铁路	G1782	二等座	150	12	12	杭州东站	合肥南站
TRAIN	C153	C221					2026-05-01T08:57:00	2026-05-01T11:55:00	中国铁路	G1783	二等座	200	13	13	杭州东站	福州南站
TRAIN	C153	C046					2026-05-01T09:26:00	2026-05-01T12:17:00	中国铁路	G1784	二等座	195	14	14	杭州东站	南昌西站
TRAIN	C153	C180					2026-05-01T09:55:00	2026-05-01T14:28:00	中国铁路	G1785	二等座	310	15	15	杭州东站	济南西站
TRAIN	C153	C267					2026-05-01T10:24:00	2026-05-01T15:03:00	中国铁路	G1786	二等座	320	16	16	杭州东站	郑州东站
TRAIN	C153	C164					2026-05-01T10:53:00	2026-05-01T14:19:00	中国铁路	G1787	二等座	235	17	17	杭州东站	武汉站
TRAIN	C153	C284					2026-05-01T11:22:00	2026-05-01T15:44:00	中国铁路	G1788	二等座	300	18	18	杭州东站	长沙南站
TRAIN	C153	C112					2026-05-01T11:51:00	2026-05-01T17:54:00	中国铁路	G1789	二等座	415	19	19	杭州东站	广州南站
TRAIN	C153	C044					2026-05-01T12:20:00	2026-05-01T20:27:00	中国铁路	G1790	二等座	555	20	20	杭州东站	南宁东站
TRAIN	C153	C184					2026-05-01T12:49:00	2026-05-01T21:22:00	中国铁路	G1791	二等座	585	21	21	杭州东站	海口东站
TRAIN	C153	C128					2026-05-01T13:18:00	2026-05-01T22:00:00	中国铁路	G1792	二等座	595	22	22	杭州东站	成都东站
TRAIN	C153	C249					2026-05-01T13:47:00	2026-05-01T21:37:00	中国铁路	G1793	二等座	540	23	23	杭州东站	贵阳北站
TRAIN	C153	C142					2026-05-01T14:16:00	2026-05-02T00:25:00	中国铁路	G1794	二等座	695	24	24	杭州东站	昆明南站
TRAIN	C153	C133					2026-05-01T14:45:00	2026-05-02T06:08:00	中国铁路	G1795	二等座	1045	25	25	杭州东站	拉萨站
TRAIN	C153	C246					2026-05-01T15:14:00	2026-05-01T21:49:00	中国铁路	G1796	二等座	455	26	26	杭州东站	西安北站
TRAIN	C153	C034					2026-05-01T15:43:00	2026-05-02T00:59:00	中国铁路	G1797	二等座	640	27	27	杭州东站	兰州西站
TRAIN	C153	C245					2026-05-01T16:12:00	2026-05-02T02:31:00	中国铁路	G1798	二等座	710	28	28	杭州东站	西宁站
TRAIN	C153	C279					2026-05-01T16:41:00	2026-05-02T01:32:00	中国铁路	G1799	二等座	610	29	29	杭州东站	银川站
TRAIN	C153	C018					2026-05-01T17:10:00	2026-05-02T10:56:00	中国铁路	G1800	二等座	1210	30	30	杭州东站	乌鲁木齐站
TRAIN	C153	C300					2026-05-01T17:39:00	2026-05-01T23:48:00	中国铁路	G1801	二等座	435	31	31	杭州东站	香港西九龙站
TRAIN	C153	C190					2026-05-01T19:06:00	2026-05-02T01:10:00	中国铁路	G1804	二等座	430	34	34	杭州东站	深圳北站
TRAIN	C153	C050					2026-05-01T19:35:00	2026-05-01T23:38:00	中国铁路	G1805	二等座	295	35	35	杭州东站	厦门北站
TRAIN	C153	C297					2026-05-01T20:04:00	2026-05-01T23:57:00	中国铁路	G1806	二等座	285	5	5	杭州东站	青岛北站
TRAIN	C153	C080					2026-05-01T05:33:00	2026-05-01T11:11:00	中国铁路	G1807	二等座	405	6	6	杭州东站	大连北站
TRAIN	C153	C088					2026-05-01T06:02:00	2026-05-01T07:13:00	中国铁路	G1808	二等座	105	7	7	杭州东站	宁波站
TRAIN	C153	C231					2026-05-01T06:31:00	2026-05-01T07:35:00	中国铁路	G1809	二等座	100	8	8	杭州东站	苏州站
TRAIN	C153	C139					2026-05-01T07:00:00	2026-05-01T08:09:00	中国铁路	G1810	二等座	105	9	9	杭州东站	无锡站
TRAIN	C153	C158					2026-05-01T07:29:00	2026-05-01T13:54:00	中国铁路	G1811	二等座	460	10	10	杭州东站	桂林北站
TRAIN	C153	C002					2026-05-01T07:58:00	2026-05-01T17:36:00	中国铁路	G1812	二等座	680	11	11	杭州东站	三亚站
TRAIN	C153	C119					2026-05-01T08:27:00	2026-05-01T13:56:00	中国铁路	G1813	二等座	400	12	12	杭州东站	张家界西站
TRAIN	C153	C015					2026-05-01T08:56:00	2026-05-01T19:59:00	中国铁路	G1814	二等座	775	13	13	杭州东站	丽江站
TRAIN	C153	C308					2026-05-01T09:54:00	2026-05-01T11:19:00	中国铁路	G1816	二等座	130	15	15	杭州东站	黄山北站
TRAIN	C153	C210					2026-05-01T10:52:00	2026-05-01T17:13:00	中国铁路	G1818	二等座	465	17	17	杭州东站	珠海站
TRAIN	C153	C179					2026-05-01T11:21:00	2026-05-01T16:26:00	中国铁路	G1819	二等座	380	18	18	杭州东站	洛阳龙门站
TRAIN	C153	C077					2026-05-01T11:50:00	2026-05-01T19:00:00	中国铁路	G1820	二等座	520	19	19	杭州东站	大同南站
TRAIN	C153	C070					2026-05-01T12:48:00	2026-05-02T11:20:00	中国铁路	G1822	二等座	1550	21	21	杭州东站	喀什站
TRAIN	C153	C056					2026-05-01T13:17:00	2026-05-02T06:15:00	中国铁路	G1823	二等座	1180	22	22	杭州东站	吐鲁番北站
TRAIN	C153	C292					2026-05-01T13:46:00	2026-05-02T08:11:00	中国铁路	G1824	二等座	1275	23	23	杭州东站	阿勒泰站
TRAIN	C153	C222					2026-05-01T14:15:00	2026-05-01T20:27:00	中国铁路	G1825	二等座	405	24	24	杭州东站	秦皇岛站
TRAIN	C153	C084					2026-05-01T14:44:00	2026-05-01T19:35:00	中国铁路	G1826	二等座	315	25	25	杭州东站	威海站
TRAIN	C153	C176					2026-05-01T15:13:00	2026-05-01T18:57:00	中国铁路	G1827	二等座	240	26	26	杭州东站	泉州站
TRAIN	C153	C129					2026-05-01T15:42:00	2026-05-01T17:26:00	中国铁路	G1828	二等座	110	27	27	杭州东站	扬州东站
TRAIN	C153	C071					2026-05-01T16:11:00	2026-05-01T17:02:00	中国铁路	G1829	二等座	50	28	28	杭州东站	嘉兴南站
TRAIN	C153	C040					2026-05-01T16:40:00	2026-05-02T01:00:00	中国铁路	G1830	二等座	555	29	29	杭州东站	北海站
TRAIN	C153	C147					2026-05-01T17:09:00	2026-05-01T19:13:00	中国铁路	G1831	二等座	135	30	30	杭州东站	景德镇北站
TRAIN	C153	C127					2026-05-01T18:36:00	2026-05-02T00:17:00	中国铁路	G1834	二等座	380	33	33	杭州东站	惠州北站
TRAIN	C153	C205					2026-05-01T19:34:00	2026-05-02T00:20:00	中国铁路	G1836	二等座	320	35	35	杭州东站	烟台站
TRAIN	C153	C025					2026-05-01T20:03:00	2026-05-02T02:12:00	中国铁路	G1837	二等座	415	5	5	杭州东站	佛山西站
TRAIN	C153	C192					2026-05-01T06:01:00	2026-05-01T07:49:00	中国铁路	G1839	二等座	125	7	7	杭州东站	温州南站
TRAIN	C053	C039					2026-05-01T06:30:00	2026-05-01T11:46:00	中国铁路	G1840	二等座	360	8	8	合肥南站	北京南站
TRAIN	C053	C005					2026-05-01T06:59:00	2026-05-01T09:35:00	中国铁路	G1841	二等座	180	9	9	合肥南站	上海虹桥站
TRAIN	C053	C082					2026-05-01T07:28:00	2026-05-01T12:13:00	中国铁路	G1842	二等座	325	10	10	合肥南站	天津西站
TRAIN	C053	C272					2026-05-01T07:57:00	2026-05-01T14:01:00	中国铁路	G1843	二等座	415	11	11	合肥南站	重庆北站
TRAIN	C053	C220					2026-05-01T08:26:00	2026-05-01T12:48:00	中国铁路	G1844	二等座	300	12	12	合肥南站	石家庄站
TRAIN	C053	C083					2026-05-01T08:55:00	2026-05-01T13:37:00	中国铁路	G1845	二等座	325	13	13	合肥南站	太原南站
TRAIN	C053	C061					2026-05-01T09:24:00	2026-05-01T15:49:00	中国铁路	G1846	二等座	440	14	14	合肥南站	呼和浩特东站
TRAIN	C053	C172					2026-05-01T09:53:00	2026-05-01T16:58:00	中国铁路	G1847	二等座	485	15	15	合肥南站	沈阳北站
TRAIN	C053	C283					2026-05-01T10:22:00	2026-05-01T18:54:00	中国铁路	G1848	二等座	585	16	16	合肥南站	长春西站
TRAIN	C053	C066					2026-05-01T10:51:00	2026-05-01T20:40:00	中国铁路	G1849	二等座	670	17	17	合肥南站	哈尔滨西站
TRAIN	C053	C042					2026-05-01T11:20:00	2026-05-01T12:34:00	中国铁路	G1850	二等座	95	18	18	合肥南站	南京南站
TRAIN	C053	C153					2026-05-01T11:49:00	2026-05-01T14:00:00	中国铁路	G1851	二等座	160	19	19	合肥南站	杭州东站
TRAIN	C053	C221					2026-05-01T12:47:00	2026-05-01T16:48:00	中国铁路	G1853	二等座	285	21	21	合肥南站	福州南站
TRAIN	C053	C046					2026-05-01T13:16:00	2026-05-01T15:41:00	中国铁路	G1854	二等座	180	22	22	合肥南站	南昌西站
TRAIN	C053	C180					2026-05-01T13:45:00	2026-05-01T17:04:00	中国铁路	G1855	二等座	240	23	23	合肥南站	济南西站
TRAIN	C053	C267					2026-05-01T14:14:00	2026-05-01T17:10:00	中国铁路	G1856	二等座	215	24	24	合肥南站	郑州东站
TRAIN	C053	C164					2026-05-01T14:43:00	2026-05-01T16:48:00	中国铁路	G1857	二等座	160	25	25	合肥南站	武汉站
TRAIN	C053	C284					2026-05-01T15:12:00	2026-05-01T18:42:00	中国铁路	G1858	二等座	260	26	26	合肥南站	长沙南站
TRAIN	C053	C112					2026-05-01T15:41:00	2026-05-01T21:42:00	中国铁路	G1859	二等座	425	27	27	合肥南站	广州南站
TRAIN	C053	C044					2026-05-01T16:10:00	2026-05-01T23:43:00	中国铁路	G1860	二等座	530	28	28	合肥南站	南宁东站
TRAIN	C053	C184					2026-05-01T16:39:00	2026-05-02T01:03:00	中国铁路	G1861	二等座	590	29	29	合肥南站	海口东站
TRAIN	C053	C128					2026-05-01T17:08:00	2026-05-02T00:19:00	中国铁路	G1862	二等座	510	30	30	合肥南站	成都东站
TRAIN	C053	C249					2026-05-01T17:37:00	2026-05-02T00:22:00	中国铁路	G1863	二等座	480	31	31	合肥南站	贵阳北站
TRAIN	C053	C142					2026-05-01T18:06:00	2026-05-02T03:09:00	中国铁路	G1864	二等座	635	32	32	合肥南站	昆明南站
TRAIN	C053	C133					2026-05-01T18:35:00	2026-05-02T08:25:00	中国铁路	G1865	二等座	955	33	33	合肥南站	拉萨站
TRAIN	C053	C246					2026-05-01T19:04:00	2026-05-01T23:54:00	中国铁路	G1866	二等座	355	34	34	合肥南站	西安北站
TRAIN	C053	C034					2026-05-01T19:33:00	2026-05-02T03:04:00	中国铁路	G1867	二等座	535	35	35	合肥南站	兰州西站
TRAIN	C053	C245					2026-05-01T20:02:00	2026-05-02T04:36:00	中国铁路	G1868	二等座	605	5	5	合肥南站	西宁站
TRAIN	C053	C279					2026-05-01T05:31:00	2026-05-01T12:37:00	中国铁路	G1869	二等座	510	6	6	合肥南站	银川站
TRAIN	C053	C018					2026-05-01T06:00:00	2026-05-01T22:01:00	中国铁路	G1870	二等座	1110	7	7	合肥南站	乌鲁木齐站
TRAIN	C053	C300					2026-05-01T06:29:00	2026-05-01T12:48:00	中国铁路	G1871	二等座	460	8	8	合肥南站	香港西九龙站
TRAIN	C053	C190					2026-05-01T07:56:00	2026-05-01T14:09:00	中国铁路	G1874	二等座	455	11	11	合肥南站	深圳北站
TRAIN	C053	C050					2026-05-01T08:25:00	2026-05-01T13:15:00	中国铁路	G1875	二等座	365	12	12	合肥南站	厦门北站
TRAIN	C053	C297					2026-05-01T08:54:00	2026-05-01T12:18:00	中国铁路	G1876	二等座	270	13	13	合肥南站	青岛北站
TRAIN	C053	C080					2026-05-01T09:23:00	2026-05-01T14:33:00	中国铁路	G1877	二等座	390	14	14	合肥南站	大连北站
TRAIN	C053	C088					2026-05-01T09:52:00	2026-05-01T12:47:00	中国铁路	G1878	二等座	240	15	15	合肥南站	宁波站
TRAIN	C053	C231					2026-05-01T10:21:00	2026-05-01T12:30:00	中国铁路	G1879	二等座	190	16	16	合肥南站	苏州站
TRAIN	C053	C139					2026-05-01T10:50:00	2026-05-01T12:50:00	中国铁路	G1880	二等座	125	17	17	合肥南站	无锡站
TRAIN	C053	C158					2026-05-01T11:19:00	2026-05-01T17:05:00	中国铁路	G1881	二等座	375	18	18	合肥南站	桂林北站
TRAIN	C053	C002					2026-05-01T11:48:00	2026-05-01T21:20:00	中国铁路	G1882	二等座	630	19	19	合肥南站	三亚站
TRAIN	C053	C119					2026-05-01T12:17:00	2026-05-01T16:32:00	中国铁路	G1883	二等座	280	20	20	合肥南站	张家界西站
TRAIN	C053	C015					2026-05-01T12:46:00	2026-05-01T22:31:00	中国铁路	G1884	二等座	645	21	21	合肥南站	丽江站
TRAIN	C053	C308					2026-05-01T13:44:00	2026-05-01T15:32:00	中国铁路	G1886	二等座	115	23	23	合肥南站	黄山北站
TRAIN	C053	C210					2026-05-01T14:42:00	2026-05-01T21:09:00	中国铁路	G1888	二等座	430	25	25	合肥南站	珠海站
TRAIN	C053	C179					2026-05-01T15:11:00	2026-05-01T18:31:00	中国铁路	G1889	二等座	220	26	26	合肥南站	洛阳龙门站
TRAIN	C053	C077					2026-05-01T15:40:00	2026-05-01T21:22:00	中国铁路	G1890	二等座	380	27	27	合肥南站	大同南站
TRAIN	C053	C070					2026-05-01T16:38:00	2026-05-02T13:25:00	中国铁路	G1892	二等座	1395	29	29	合肥南站	喀什站
TRAIN	C053	C056					2026-05-01T17:07:00	2026-05-02T08:20:00	中国铁路	G1893	二等座	1020	30	30	合肥南站	吐鲁番北站
TRAIN	C053	C292					2026-05-01T17:36:00	2026-05-02T10:18:00	中国铁路	G1894	二等座	1120	31	31	合肥南站	阿勒泰站
TRAIN	C053	C222					2026-05-01T18:05:00	2026-05-01T23:29:00	中国铁路	G1895	二等座	365	32	32	合肥南站	秦皇岛站
TRAIN	C053	C084					2026-05-01T18:34:00	2026-05-01T23:09:00	中国铁路	G1896	二等座	315	33	33	合肥南站	威海站
TRAIN	C053	C176					2026-05-01T19:03:00	2026-05-01T23:41:00	中国铁路	G1897	二等座	320	34	34	合肥南站	泉州站
TRAIN	C053	C129					2026-05-01T19:32:00	2026-05-01T21:07:00	中国铁路	G1898	二等座	115	35	35	合肥南站	扬州东站
TRAIN	C053	C071					2026-05-01T20:01:00	2026-05-01T22:21:00	中国铁路	G1899	二等座	165	5	5	合肥南站	嘉兴南站
TRAIN	C053	C040					2026-05-01T05:30:00	2026-05-01T13:28:00	中国铁路	G1900	二等座	545	6	6	合肥南站	北海站
TRAIN	C053	C147					2026-05-01T05:59:00	2026-05-01T07:55:00	中国铁路	G1901	二等座	140	7	7	合肥南站	景德镇北站
TRAIN	C053	C127					2026-05-01T07:26:00	2026-05-01T13:16:00	中国铁路	G1904	二等座	405	10	10	合肥南站	惠州北站
TRAIN	C053	C205					2026-05-01T08:24:00	2026-05-01T12:46:00	中国铁路	G1906	二等座	310	12	12	合肥南站	烟台站
TRAIN	C053	C025					2026-05-01T08:53:00	2026-05-01T15:00:00	中国铁路	G1907	二等座	425	13	13	合肥南站	佛山西站
TRAIN	C053	C192					2026-05-01T09:51:00	2026-05-01T13:10:00	中国铁路	G1909	二等座	240	15	15	合肥南站	温州南站
TRAIN	C221	C039					2026-05-01T10:20:00	2026-05-01T19:08:00	中国铁路	G1910	二等座	610	16	16	福州南站	北京南站
TRAIN	C221	C005					2026-05-01T10:49:00	2026-05-01T14:31:00	中国铁路	G1911	二等座	270	17	17	福州南站	上海虹桥站
TRAIN	C221	C082					2026-05-01T11:18:00	2026-05-01T19:34:00	中国铁路	G1912	二等座	575	18	18	福州南站	天津西站
TRAIN	C221	C272					2026-05-01T11:47:00	2026-05-01T19:15:00	中国铁路	G1913	二等座	525	19	19	福州南站	重庆北站
TRAIN	C221	C220					2026-05-01T12:16:00	2026-05-01T20:14:00	中国铁路	G1914	二等座	555	20	20	福州南站	石家庄站
TRAIN	C221	C083					2026-05-01T12:45:00	2026-05-01T21:00:00	中国铁路	G1915	二等座	575	21	21	福州南站	太原南站
TRAIN	C221	C061					2026-05-01T13:14:00	2026-05-01T23:14:00	中国铁路	G1916	二等座	695	22	22	福州南站	呼和浩特东站
TRAIN	C221	C172					2026-05-01T13:43:00	2026-05-01T23:45:00	中国铁路	G1917	二等座	700	23	23	福州南站	沈阳北站
TRAIN	C221	C283					2026-05-01T14:12:00	2026-05-02T01:37:00	中国铁路	G1918	二等座	795	24	24	福州南站	长春西站
TRAIN	C221	C066					2026-05-01T14:41:00	2026-05-02T03:23:00	中国铁路	G1919	二等座	880	25	25	福州南站	哈尔滨西站
TRAIN	C221	C042					2026-05-01T15:10:00	2026-05-01T19:10:00	中国铁路	G1920	二等座	300	26	26	福州南站	南京南站
TRAIN	C221	C153					2026-05-01T15:39:00	2026-05-01T18:37:00	中国铁路	G1921	二等座	230	27	27	福州南站	杭州东站
TRAIN	C221	C053					2026-05-01T16:08:00	2026-05-01T20:09:00	中国铁路	G1922	二等座	300	28	28	福州南站	合肥南站
TRAIN	C221	C046					2026-05-01T17:06:00	2026-05-01T19:55:00	中国铁路	G1924	二等座	225	30	30	福州南站	南昌西站
TRAIN	C221	C180					2026-05-01T17:35:00	2026-05-02T00:26:00	中国铁路	G1925	二等座	495	31	31	福州南站	济南西站
TRAIN	C221	C267					2026-05-01T18:04:00	2026-05-02T00:26:00	中国铁路	G1926	二等座	460	32	32	福州南站	郑州东站
TRAIN	C221	C164					2026-05-01T18:33:00	2026-05-01T22:44:00	中国铁路	G1927	二等座	315	33	33	福州南站	武汉站
TRAIN	C221	C284					2026-05-01T19:02:00	2026-05-01T23:04:00	中国铁路	G1928	二等座	310	34	34	福州南站	长沙南站
TRAIN	C221	C112					2026-05-01T19:31:00	2026-05-01T23:40:00	中国铁路	G1929	二等座	315	35	35	福州南站	广州南站
TRAIN	C221	C044					2026-05-01T20:00:00	2026-05-02T02:40:00	中国铁路	G1930	二等座	485	5	5	福州南站	南宁东站
TRAIN	C221	C184					2026-05-01T20:29:00	2026-05-02T03:04:00	中国铁路	G1931	二等座	480	6	6	福州南站	海口东站
TRAIN	C221	C128					2026-05-01T05:58:00	2026-05-01T14:50:00	中国铁路	G1932	二等座	635	7	7	福州南站	成都东站
TRAIN	C221	C249					2026-05-01T06:27:00	2026-05-01T13:40:00	中国铁路	G1933	二等座	525	8	8	福州南站	贵阳北站
TRAIN	C221	C142					2026-05-01T06:56:00	2026-05-01T16:19:00	中国铁路	G1934	二等座	670	9	9	福州南站	昆明南站
TRAIN	C221	C133					2026-05-01T07:25:00	2026-05-01T22:49:00	中国铁路	G1935	二等座	1020	10	10	福州南站	拉萨站
TRAIN	C221	C246					2026-05-01T07:54:00	2026-05-01T15:35:00	中国铁路	G1936	二等座	505	11	11	福州南站	西安北站
TRAIN	C221	C034					2026-05-01T08:23:00	2026-05-01T18:42:00	中国铁路	G1937	二等座	685	12	12	福州南站	兰州西站
TRAIN	C221	C245					2026-05-01T08:52:00	2026-05-01T20:12:00	中国铁路	G1938	二等座	750	13	13	福州南站	西宁站
TRAIN	C221	C279					2026-05-01T09:21:00	2026-05-01T19:41:00	中国铁路	G1939	二等座	685	14	14	福州南站	银川站
TRAIN	C221	C018					2026-05-01T09:50:00	2026-05-02T04:52:00	中国铁路	G1940	二等座	1270	15	15	福州南站	乌鲁木齐站
TRAIN	C221	C300					2026-05-01T10:19:00	2026-05-01T14:19:00	中国铁路	G1941	二等座	265	16	16	福州南站	香港西九龙站
TRAIN	C221	C190					2026-05-01T11:46:00	2026-05-01T15:44:00	中国铁路	G1944	二等座	265	19	19	福州南站	深圳北站
TRAIN	C221	C050					2026-05-01T12:15:00	2026-05-01T13:50:00	中国铁路	G1945	二等座	105	20	20	福州南站	厦门北站
TRAIN	C221	C297					2026-05-01T12:44:00	2026-05-01T19:09:00	中国铁路	G1946	二等座	430	21	21	福州南站	青岛北站
TRAIN	C221	C080					2026-05-01T13:13:00	2026-05-01T21:23:00	中国铁路	G1947	二等座	550	22	22	福州南站	大连北站
TRAIN	C221	C088					2026-05-01T13:42:00	2026-05-01T16:40:00	中国铁路	G1948	二等座	200	23	23	福州南站	宁波站
TRAIN	C221	C231					2026-05-01T14:11:00	2026-05-01T17:48:00	中国铁路	G1949	二等座	245	24	24	福州南站	苏州站
TRAIN	C221	C139					2026-05-01T14:40:00	2026-05-01T18:22:00	中国铁路	G1950	二等座	250	25	25	福州南站	无锡站
TRAIN	C221	C158					2026-05-01T15:09:00	2026-05-01T20:27:00	中国铁路	G1951	二等座	360	26	26	福州南站	桂林北站
TRAIN	C221	C002					2026-05-01T15:38:00	2026-05-01T23:12:00	中国铁路	G1952	二等座	515	27	27	福州南站	三亚站
TRAIN	C221	C119					2026-05-01T16:07:00	2026-05-01T21:33:00	中国铁路	G1953	二等座	370	28	28	福州南站	张家界西站
TRAIN	C221	C015					2026-05-01T16:36:00	2026-05-02T03:13:00	中国铁路	G1954	二等座	720	29	29	福州南站	丽江站
TRAIN	C221	C308					2026-05-01T17:34:00	2026-05-01T20:13:00	中国铁路	G1956	二等座	190	31	31	福州南站	黄山北站
TRAIN	C221	C210					2026-05-01T18:32:00	2026-05-01T22:49:00	中国铁路	G1958	二等座	300	33	33	福州南站	珠海站
TRAIN	C221	C179					2026-05-01T19:01:00	2026-05-02T01:38:00	中国铁路	G1959	二等座	455	34	34	福州南站	洛阳龙门站
TRAIN	C221	C077					2026-05-01T19:30:00	2026-05-02T04:48:00	中国铁路	G1960	二等座	640	35	35	福州南站	大同南站
TRAIN	C221	C070					2026-05-01T20:28:00	2026-05-02T19:49:00	中国铁路	G1962	二等座	1580	6	6	福州南站	喀什站
TRAIN	C221	C056					2026-05-01T05:57:00	2026-05-02T00:09:00	中国铁路	G1963	二等座	1235	7	7	福州南站	吐鲁番北站
TRAIN	C221	C292					2026-05-01T06:26:00	2026-05-02T02:23:00	中国铁路	G1964	二等座	1355	8	8	福州南站	阿勒泰站
TRAIN	C221	C222					2026-05-01T06:55:00	2026-05-01T15:37:00	中国铁路	G1965	二等座	605	9	9	福州南站	秦皇岛站
TRAIN	C221	C084					2026-05-01T07:24:00	2026-05-01T14:48:00	中国铁路	G1966	二等座	515	10	10	福州南站	威海站
TRAIN	C221	C176					2026-05-01T07:53:00	2026-05-01T09:06:00	中国铁路	G1967	二等座	105	11	11	福州南站	泉州站
TRAIN	C221	C129					2026-05-01T08:22:00	2026-05-01T12:33:00	中国铁路	G1968	二等座	305	12	12	福州南站	扬州东站
TRAIN	C221	C071					2026-05-01T08:51:00	2026-05-01T12:10:00	中国铁路	G1969	二等座	245	13	13	福州南站	嘉兴南站
TRAIN	C221	C040					2026-05-01T09:20:00	2026-05-01T15:57:00	中国铁路	G1970	二等座	470	14	14	福州南站	北海站
TRAIN	C221	C147					2026-05-01T09:49:00	2026-05-01T12:27:00	中国铁路	G1971	二等座	200	15	15	福州南站	景德镇北站
TRAIN	C221	C127					2026-05-01T11:16:00	2026-05-01T14:52:00	中国铁路	G1974	二等座	270	18	18	福州南站	惠州北站
TRAIN	C221	C205					2026-05-01T12:14:00	2026-05-01T19:32:00	中国铁路	G1976	二等座	520	20	20	福州南站	烟台站
TRAIN	C221	C025					2026-05-01T12:43:00	2026-05-01T16:58:00	中国铁路	G1977	二等座	315	21	21	福州南站	佛山西站
TRAIN	C221	C192					2026-05-01T13:41:00	2026-05-01T15:28:00	中国铁路	G1979	二等座	155	23	23	福州南站	温州南站
TRAIN	C046	C039					2026-05-01T14:10:00	2026-05-01T21:18:00	中国铁路	G1980	二等座	510	24	24	南昌西站	北京南站
TRAIN	C046	C005					2026-05-01T14:39:00	2026-05-01T18:21:00	中国铁路	G1981	二等座	285	25	25	南昌西站	上海虹桥站
TRAIN	C046	C082					2026-05-01T15:08:00	2026-05-01T21:48:00	中国铁路	G1982	二等座	485	26	26	南昌西站	天津西站
TRAIN	C046	C272					2026-05-01T15:37:00	2026-05-01T20:55:00	中国铁路	G1983	二等座	395	27	27	南昌西站	重庆北站
TRAIN	C046	C220					2026-05-01T16:06:00	2026-05-01T22:09:00	中国铁路	G1984	二等座	445	28	28	南昌西站	石家庄站
TRAIN	C046	C083					2026-05-01T16:35:00	2026-05-01T22:44:00	中国铁路	G1985	二等座	450	29	29	南昌西站	太原南站
TRAIN	C046	C061					2026-05-01T17:04:00	2026-05-02T01:02:00	中国铁路	G1986	二等座	575	30	30	南昌西站	呼和浩特东站
TRAIN	C046	C172					2026-05-01T17:33:00	2026-05-02T02:38:00	中国铁路	G1987	二等座	650	31	31	南昌西站	沈阳北站
TRAIN	C046	C283					2026-05-01T18:02:00	2026-05-02T04:34:00	中国铁路	G1988	二等座	750	32	32	南昌西站	长春西站
TRAIN	C046	C066					2026-05-01T18:31:00	2026-05-02T06:20:00	中国铁路	G1989	二等座	835	33	33	南昌西站	哈尔滨西站
TRAIN	C046	C042					2026-05-01T19:00:00	2026-05-01T21:57:00	中国铁路	G1990	二等座	185	34	34	南昌西站	南京南站
TRAIN	C046	C153					2026-05-01T19:29:00	2026-05-01T22:20:00	中国铁路	G1991	二等座	180	35	35	南昌西站	杭州东站
TRAIN	C046	C053					2026-05-01T19:58:00	2026-05-01T22:23:00	中国铁路	G1992	二等座	155	5	5	南昌西站	合肥南站
TRAIN	C046	C221					2026-05-01T20:27:00	2026-05-01T23:16:00	中国铁路	G1993	二等座	180	6	6	南昌西站	福州南站
TRAIN	C046	C180					2026-05-01T06:25:00	2026-05-01T11:39:00	中国铁路	G1995	二等座	345	8	8	南昌西站	济南西站
TRAIN	C046	C267					2026-05-01T06:54:00	2026-05-01T11:07:00	中国铁路	G1996	二等座	280	9	9	南昌西站	郑州东站
TRAIN	C046	C164					2026-05-01T07:23:00	2026-05-01T09:12:00	中国铁路	G1997	二等座	120	10	10	南昌西站	武汉站
TRAIN	C046	C284					2026-05-01T07:52:00	2026-05-01T09:50:00	中国铁路	G1998	二等座	130	11	11	南昌西站	长沙南站
TRAIN	C046	C112					2026-05-01T08:21:00	2026-05-01T12:22:00	中国铁路	G1999	二等座	270	12	12	南昌西站	广州南站
TRAIN	C046	C044					2026-05-01T08:50:00	2026-05-01T14:35:00	中国铁路	G2000	二等座	385	13	13	南昌西站	南宁东站
TRAIN	C046	C184					2026-05-01T09:19:00	2026-05-01T15:45:00	中国铁路	G2001	二等座	430	14	14	南昌西站	海口东站
TRAIN	C046	C128					2026-05-01T09:48:00	2026-05-01T16:27:00	中国铁路	G2002	二等座	445	15	15	南昌西站	成都东站
TRAIN	C046	C249					2026-05-01T10:17:00	2026-05-01T15:44:00	中国铁路	G2003	二等座	370	16	16	南昌西站	贵阳北站
TRAIN	C046	C142					2026-05-01T10:46:00	2026-05-01T18:31:00	中国铁路	G2004	二等座	525	17	17	南昌西站	昆明南站
TRAIN	C046	C133					2026-05-01T11:15:00	2026-05-02T00:33:00	中国铁路	G2005	二等座	895	18	18	南昌西站	拉萨站
TRAIN	C046	C246					2026-05-01T11:44:00	2026-05-01T17:02:00	中国铁路	G2006	二等座	360	19	19	南昌西站	西安北站
TRAIN	C046	C034					2026-05-01T12:13:00	2026-05-01T20:08:00	中国铁路	G2007	二等座	535	20	20	南昌西站	兰州西站
TRAIN	C046	C245					2026-05-01T12:42:00	2026-05-01T21:38:00	中国铁路	G2008	二等座	605	21	21	南昌西站	西宁站
TRAIN	C046	C279					2026-05-01T13:11:00	2026-05-01T21:10:00	中国铁路	G2009	二等座	545	22	22	南昌西站	银川站
TRAIN	C046	C018					2026-05-01T13:40:00	2026-05-02T06:18:00	中国铁路	G2010	二等座	1125	23	23	南昌西站	乌鲁木齐站
TRAIN	C046	C300					2026-05-01T14:09:00	2026-05-01T18:29:00	中国铁路	G2011	二等座	300	24	24	南昌西站	香港西九龙站
TRAIN	C046	C190					2026-05-01T15:36:00	2026-05-01T19:49:00	中国铁路	G2014	二等座	295	27	27	南昌西站	深圳北站
TRAIN	C046	C050					2026-05-01T16:05:00	2026-05-01T19:17:00	中国铁路	G2015	二等座	230	28	28	南昌西站	厦门北站
TRAIN	C046	C297					2026-05-01T16:34:00	2026-05-01T21:57:00	中国铁路	G2016	二等座	375	29	29	南昌西站	青岛北站
TRAIN	C046	C080					2026-05-01T17:03:00	2026-05-02T00:13:00	中国铁路	G2017	二等座	495	30	30	南昌西站	大连北站
TRAIN	C046	C088					2026-05-01T17:32:00	2026-05-01T21:00:00	中国铁路	G2018	二等座	250	31	31	南昌西站	宁波站
TRAIN	C046	C231					2026-05-01T18:01:00	2026-05-01T21:20:00	中国铁路	G2019	二等座	240	32	32	南昌西站	苏州站
TRAIN	C046	C139					2026-05-01T18:30:00	2026-05-01T21:46:00	中国铁路	G2020	二等座	240	33	33	南昌西站	无锡站
TRAIN	C046	C158					2026-05-01T18:59:00	2026-05-01T23:00:00	中国铁路	G2021	二等座	290	34	34	南昌西站	桂林北站
TRAIN	C046	C002					2026-05-01T19:28:00	2026-05-02T03:01:00	中国铁路	G2022	二等座	530	35	35	南昌西站	三亚站
TRAIN	C046	C119					2026-05-01T19:57:00	2026-05-01T23:12:00	中国铁路	G2023	二等座	240	5	5	南昌西站	张家界西站
TRAIN	C046	C015					2026-05-01T20:26:00	2026-05-02T05:11:00	中国铁路	G2024	二等座	610	6	6	南昌西站	丽江站
TRAIN	C046	C308					2026-05-01T06:24:00	2026-05-01T08:15:00	中国铁路	G2026	二等座	150	8	8	南昌西站	黄山北站
TRAIN	C046	C210					2026-05-01T07:22:00	2026-05-01T11:48:00	中国铁路	G2028	二等座	325	10	10	南昌西站	珠海站
TRAIN	C046	C179					2026-05-01T07:51:00	2026-05-01T12:13:00	中国铁路	G2029	二等座	320	11	11	南昌西站	洛阳龙门站
TRAIN	C046	C077					2026-05-01T08:20:00	2026-05-01T15:41:00	中国铁路	G2030	二等座	520	12	12	南昌西站	大同南站
TRAIN	C046	C070					2026-05-01T09:18:00	2026-05-02T06:18:00	中国铁路	G2032	二等座	1440	14	14	南昌西站	喀什站
TRAIN	C046	C056					2026-05-01T09:47:00	2026-05-02T01:35:00	中国铁路	G2033	二等座	1090	15	15	南昌西站	吐鲁番北站
TRAIN	C046	C292					2026-05-01T10:16:00	2026-05-02T03:51:00	中国铁路	G2034	二等座	1210	16	16	南昌西站	阿勒泰站
TRAIN	C046	C222					2026-05-01T10:45:00	2026-05-01T18:09:00	中国铁路	G2035	二等座	530	17	17	南昌西站	秦皇岛站
TRAIN	C046	C084					2026-05-01T11:14:00	2026-05-01T17:47:00	中国铁路	G2036	二等座	475	18	18	南昌西站	威海站
TRAIN	C046	C176					2026-05-01T11:43:00	2026-05-01T14:52:00	中国铁路	G2037	二等座	250	19	19	南昌西站	泉州站
TRAIN	C046	C129					2026-05-01T12:12:00	2026-05-01T15:30:00	中国铁路	G2038	二等座	260	20	20	南昌西站	扬州东站
TRAIN	C046	C071					2026-05-01T12:41:00	2026-05-01T15:56:00	中国铁路	G2039	二等座	255	21	21	南昌西站	嘉兴南站
TRAIN	C046	C040					2026-05-01T13:10:00	2026-05-01T19:13:00	中国铁路	G2040	二等座	445	22	22	南昌西站	北海站
TRAIN	C046	C147					2026-05-01T13:39:00	2026-05-01T14:51:00	中国铁路	G2041	二等座	120	23	23	南昌西站	景德镇北站
TRAIN	C046	C127					2026-05-01T15:06:00	2026-05-01T18:56:00	中国铁路	G2044	二等座	300	26	26	南昌西站	惠州北站
TRAIN	C046	C205					2026-05-01T16:04:00	2026-05-01T22:26:00	中国铁路	G2046	二等座	415	28	28	南昌西站	烟台站
TRAIN	C046	C025					2026-05-01T16:33:00	2026-05-01T20:39:00	中国铁路	G2047	二等座	265	29	29	南昌西站	佛山西站
TRAIN	C046	C192					2026-05-01T17:31:00	2026-05-01T20:30:00	中国铁路	G2049	二等座	195	31	31	南昌西站	温州南站
TRAIN	C180	C039					2026-05-01T18:00:00	2026-05-01T20:22:00	中国铁路	G2050	二等座	155	32	32	济南西站	北京南站
TRAIN	C180	C005					2026-05-01T18:29:00	2026-05-01T22:50:00	中国铁路	G2051	二等座	285	33	33	济南西站	上海虹桥站
TRAIN	C180	C082					2026-05-01T18:58:00	2026-05-01T20:50:00	中国铁路	G2052	二等座	120	34	34	济南西站	天津西站
TRAIN	C180	C272					2026-05-01T19:27:00	2026-05-02T02:36:00	中国铁路	G2053	二等座	475	35	35	济南西站	重庆北站
TRAIN	C180	C220					2026-05-01T19:56:00	2026-05-01T21:48:00	中国铁路	G2054	二等座	125	5	5	济南西站	石家庄站
TRAIN	C180	C083					2026-05-01T20:25:00	2026-05-01T23:05:00	中国铁路	G2055	二等座	180	6	6	济南西站	太原南站
TRAIN	C180	C061					2026-05-01T05:54:00	2026-05-01T09:49:00	中国铁路	G2056	二等座	265	7	7	济南西站	呼和浩特东站
TRAIN	C180	C172					2026-05-01T06:23:00	2026-05-01T11:04:00	中国铁路	G2057	二等座	315	8	8	济南西站	沈阳北站
TRAIN	C180	C283					2026-05-01T06:52:00	2026-05-01T12:59:00	中国铁路	G2058	二等座	415	9	9	济南西站	长春西站
TRAIN	C180	C066					2026-05-01T07:21:00	2026-05-01T14:41:00	中国铁路	G2059	二等座	495	10	10	济南西站	哈尔滨西站
TRAIN	C180	C042					2026-05-01T07:50:00	2026-05-01T11:09:00	中国铁路	G2060	二等座	225	11	11	济南西站	南京南站
TRAIN	C180	C153					2026-05-01T08:19:00	2026-05-01T12:52:00	中国铁路	G2061	二等座	310	12	12	济南西站	杭州东站
TRAIN	C180	C053					2026-05-01T08:48:00	2026-05-01T12:07:00	中国铁路	G2062	二等座	230	13	13	济南西站	合肥南站
TRAIN	C180	C221					2026-05-01T09:17:00	2026-05-01T16:08:00	中国铁路	G2063	二等座	465	14	14	济南西站	福州南站
TRAIN	C180	C046					2026-05-01T09:46:00	2026-05-01T15:00:00	中国铁路	G2064	二等座	360	15	15	济南西站	南昌西站
TRAIN	C180	C267					2026-05-01T10:44:00	2026-05-01T13:09:00	中国铁路	G2066	二等座	175	17	17	济南西站	郑州东站
TRAIN	C180	C164					2026-05-01T11:13:00	2026-05-01T15:31:00	中国铁路	G2067	二等座	300	18	18	济南西站	武汉站
TRAIN	C180	C284					2026-05-01T11:42:00	2026-05-01T17:34:00	中国铁路	G2068	二等座	405	19	19	济南西站	长沙南站
TRAIN	C180	C112					2026-05-01T12:11:00	2026-05-01T20:55:00	中国铁路	G2069	二等座	600	20	20	济南西站	广州南站
TRAIN	C180	C044					2026-05-01T12:40:00	2026-05-01T22:29:00	中国铁路	G2070	二等座	675	21	21	济南西站	南宁东站
TRAIN	C180	C184					2026-05-01T13:09:00	2026-05-02T00:08:00	中国铁路	G2071	二等座	750	22	22	济南西站	海口东站
TRAIN	C180	C128					2026-05-01T13:38:00	2026-05-01T21:27:00	中国铁路	G2072	二等座	540	23	23	济南西站	成都东站
TRAIN	C180	C249					2026-05-01T14:07:00	2026-05-01T22:31:00	中国铁路	G2073	二等座	580	24	24	济南西站	贵阳北站
TRAIN	C180	C142					2026-05-01T14:36:00	2026-05-02T01:06:00	中国铁路	G2074	二等座	725	25	25	济南西站	昆明南站
TRAIN	C180	C133					2026-05-01T15:05:00	2026-05-02T05:03:00	中国铁路	G2075	二等座	955	26	26	济南西站	拉萨站
TRAIN	C180	C246					2026-05-01T15:34:00	2026-05-01T20:09:00	中国铁路	G2076	二等座	330	27	27	济南西站	西安北站
TRAIN	C180	C034					2026-05-01T16:03:00	2026-05-01T22:49:00	中国铁路	G2077	二等座	475	28	28	济南西站	兰州西站
TRAIN	C180	C245					2026-05-01T16:32:00	2026-05-02T00:15:00	中国铁路	G2078	二等座	540	29	29	济南西站	西宁站
TRAIN	C180	C279					2026-05-01T17:01:00	2026-05-01T22:39:00	中国铁路	G2079	二等座	400	30	30	济南西站	银川站
TRAIN	C180	C018					2026-05-01T17:30:00	2026-05-02T07:55:00	中国铁路	G2080	二等座	990	31	31	济南西站	乌鲁木齐站
TRAIN	C180	C300					2026-05-01T17:59:00	2026-05-02T03:06:00	中国铁路	G2081	二等座	635	32	32	济南西站	香港西九龙站
TRAIN	C180	C190					2026-05-01T19:26:00	2026-05-02T04:26:00	中国铁路	G2084	二等座	630	35	35	济南西站	深圳北站
TRAIN	C180	C050					2026-05-01T19:55:00	2026-05-02T03:38:00	中国铁路	G2085	二等座	545	5	5	济南西站	厦门北站
TRAIN	C180	C297					2026-05-01T20:24:00	2026-05-01T22:28:00	中国铁路	G2086	二等座	170	6	6	济南西站	青岛北站
TRAIN	C180	C080					2026-05-01T05:53:00	2026-05-01T08:51:00	中国铁路	G2087	二等座	230	7	7	济南西站	大连北站
TRAIN	C180	C088					2026-05-01T06:22:00	2026-05-01T11:26:00	中国铁路	G2088	二等座	370	8	8	济南西站	宁波站
TRAIN	C180	C231					2026-05-01T06:51:00	2026-05-01T10:56:00	中国铁路	G2089	二等座	305	9	9	济南西站	苏州站
TRAIN	C180	C139					2026-05-01T07:20:00	2026-05-01T11:15:00	中国铁路	G2090	二等座	295	10	10	济南西站	无锡站
TRAIN	C180	C158					2026-05-01T07:49:00	2026-05-01T15:52:00	中国铁路	G2091	二等座	575	11	11	济南西站	桂林北站
TRAIN	C180	C002					2026-05-01T08:18:00	2026-05-01T20:25:00	中国铁路	G2092	二等座	850	12	12	济南西站	三亚站
TRAIN	C180	C119					2026-05-01T08:47:00	2026-05-01T14:47:00	中国铁路	G2093	二等座	440	13	13	济南西站	张家界西站
TRAIN	C180	C015					2026-05-01T09:16:00	2026-05-01T20:01:00	中国铁路	G2094	二等座	760	14	14	济南西站	丽江站
TRAIN	C180	C308					2026-05-01T10:14:00	2026-05-01T14:52:00	中国铁路	G2096	二等座	350	16	16	济南西站	黄山北站
TRAIN	C180	C210					2026-05-01T11:12:00	2026-05-01T20:24:00	中国铁路	G2098	二等座	660	18	18	济南西站	珠海站
TRAIN	C180	C179					2026-05-01T11:41:00	2026-05-01T14:38:00	中国铁路	G2099	二等座	240	19	19	济南西站	洛阳龙门站
TRAIN	C180	C077					2026-05-01T12:10:00	2026-05-01T15:16:00	中国铁路	G2100	二等座	200	20	20	济南西站	大同南站
TRAIN	C180	C070					2026-05-01T13:08:00	2026-05-02T08:46:00	中国铁路	G2102	二等座	1305	22	22	济南西站	喀什站
TRAIN	C180	C056					2026-05-01T13:37:00	2026-05-02T03:17:00	中国铁路	G2103	二等座	910	23	23	济南西站	吐鲁番北站
TRAIN	C180	C292					2026-05-01T14:06:00	2026-05-02T04:49:00	中国铁路	G2104	二等座	980	24	24	济南西站	阿勒泰站
TRAIN	C180	C222					2026-05-01T14:35:00	2026-05-01T17:18:00	中国铁路	G2105	二等座	175	25	25	济南西站	秦皇岛站
TRAIN	C180	C084					2026-05-01T15:04:00	2026-05-01T17:58:00	中国铁路	G2106	二等座	190	26	26	济南西站	威海站
TRAIN	C180	C176					2026-05-01T15:33:00	2026-05-01T23:04:00	中国铁路	G2107	二等座	500	27	27	济南西站	泉州站
TRAIN	C180	C129					2026-05-01T16:02:00	2026-05-01T19:16:00	中国铁路	G2108	二等座	215	28	28	济南西站	扬州东站
TRAIN	C180	C071					2026-05-01T16:31:00	2026-05-01T20:56:00	中国铁路	G2109	二等座	295	29	29	济南西站	嘉兴南站
TRAIN	C180	C040					2026-05-01T17:00:00	2026-05-02T03:23:00	中国铁路	G2110	二等座	695	30	30	济南西站	北海站
TRAIN	C180	C147					2026-05-01T17:29:00	2026-05-01T22:19:00	中国铁路	G2111	二等座	325	31	31	济南西站	景德镇北站
TRAIN	C180	C127					2026-05-01T18:56:00	2026-05-02T03:34:00	中国铁路	G2114	二等座	580	34	34	济南西站	惠州北站
TRAIN	C180	C205					2026-05-01T19:54:00	2026-05-01T22:29:00	中国铁路	G2116	二等座	180	5	5	济南西站	烟台站
TRAIN	C180	C025					2026-05-01T20:23:00	2026-05-02T05:12:00	中国铁路	G2117	二等座	600	6	6	济南西站	佛山西站
TRAIN	C180	C192					2026-05-01T06:21:00	2026-05-01T12:16:00	中国铁路	G2119	二等座	405	8	8	济南西站	温州南站
TRAIN	C267	C039					2026-05-01T06:50:00	2026-05-01T10:36:00	中国铁路	G2120	二等座	260	9	9	郑州东站	北京南站
TRAIN	C267	C005					2026-05-01T07:19:00	2026-05-01T12:11:00	中国铁路	G2121	二等座	335	10	10	郑州东站	上海虹桥站
TRAIN	C267	C082					2026-05-01T07:48:00	2026-05-01T11:19:00	中国铁路	G2122	二等座	250	11	11	郑州东站	天津西站
TRAIN	C267	C272					2026-05-01T08:17:00	2026-05-01T13:26:00	中国铁路	G2123	二等座	360	12	12	郑州东站	重庆北站
TRAIN	C267	C220					2026-05-01T08:46:00	2026-05-01T11:12:00	中国铁路	G2124	二等座	175	13	13	郑州东站	石家庄站
TRAIN	C267	C083					2026-05-01T09:15:00	2026-05-01T11:36:00	中国铁路	G2125	二等座	175	14	14	郑州东站	太原南站
TRAIN	C267	C061					2026-05-01T09:44:00	2026-05-01T13:54:00	中国铁路	G2126	二等座	295	15	15	郑州东站	呼和浩特东站
TRAIN	C267	C172					2026-05-01T10:13:00	2026-05-01T16:52:00	中国铁路	G2127	二等座	460	16	16	郑州东站	沈阳北站
TRAIN	C267	C283					2026-05-01T10:42:00	2026-05-01T18:46:00	中国铁路	G2128	二等座	560	17	17	郑州东站	长春西站
TRAIN	C267	C066					2026-05-01T11:11:00	2026-05-01T20:25:00	中国铁路	G2129	二等座	640	18	18	郑州东站	哈尔滨西站
TRAIN	C267	C042					2026-05-01T11:40:00	2026-05-01T15:07:00	中国铁路	G2130	二等座	250	19	19	郑州东站	南京南站
TRAIN	C267	C153					2026-05-01T12:09:00	2026-05-01T16:48:00	中国铁路	G2131	二等座	335	20	20	郑州东站	杭州东站
TRAIN	C267	C053					2026-05-01T12:38:00	2026-05-01T15:34:00	中国铁路	G2132	二等座	220	21	21	郑州东站	合肥南站
TRAIN	C267	C221					2026-05-01T13:07:00	2026-05-01T19:29:00	中国铁路	G2133	二等座	450	22	22	郑州东站	福州南站
TRAIN	C267	C046					2026-05-01T13:36:00	2026-05-01T17:49:00	中国铁路	G2134	二等座	305	23	23	郑州东站	南昌西站
TRAIN	C267	C180					2026-05-01T14:05:00	2026-05-01T16:30:00	中国铁路	G2135	二等座	185	24	24	郑州东站	济南西站
TRAIN	C267	C164					2026-05-01T15:03:00	2026-05-01T17:59:00	中国铁路	G2137	二等座	225	26	26	郑州东站	武汉站
TRAIN	C267	C284					2026-05-01T15:32:00	2026-05-01T19:52:00	中国铁路	G2138	二等座	320	27	27	郑州东站	长沙南站
TRAIN	C267	C112					2026-05-01T16:01:00	2026-05-01T23:23:00	中国铁路	G2139	二等座	520	28	28	郑州东站	广州南站
TRAIN	C267	C044					2026-05-01T16:30:00	2026-05-02T00:34:00	中国铁路	G2140	二等座	570	29	29	郑州东站	南宁东站
TRAIN	C267	C184					2026-05-01T16:59:00	2026-05-02T02:23:00	中国铁路	G2141	二等座	660	30	30	郑州东站	海口东站
TRAIN	C267	C128					2026-05-01T17:28:00	2026-05-01T23:18:00	中国铁路	G2142	二等座	425	31	31	郑州东站	成都东站
TRAIN	C267	C249					2026-05-01T17:57:00	2026-05-02T00:24:00	中国铁路	G2143	二等座	465	32	32	郑州东站	贵阳北站
TRAIN	C267	C142					2026-05-01T18:26:00	2026-05-02T02:57:00	中国铁路	G2144	二等座	605	33	33	郑州东站	昆明南站
TRAIN	C267	C133					2026-05-01T18:55:00	2026-05-02T07:04:00	中国铁路	G2145	二等座	850	34	34	郑州东站	拉萨站
TRAIN	C267	C246					2026-05-01T19:24:00	2026-05-01T22:08:00	中国铁路	G2146	二等座	220	35	35	郑州东站	西安北站
TRAIN	C267	C034					2026-05-01T19:53:00	2026-05-02T01:08:00	中国铁路	G2147	二等座	390	5	5	郑州东站	兰州西站
TRAIN	C267	C245					2026-05-01T20:22:00	2026-05-02T02:38:00	中国铁路	G2148	二等座	460	6	6	郑州东站	西宁站
TRAIN	C267	C279					2026-05-01T05:51:00	2026-05-01T10:28:00	中国铁路	G2149	二等座	350	7	7	郑州东站	银川站
TRAIN	C267	C018					2026-05-01T06:20:00	2026-05-01T19:53:00	中国铁路	G2150	二等座	945	8	8	郑州东站	乌鲁木齐站
TRAIN	C267	C300					2026-05-01T06:49:00	2026-05-01T14:40:00	中国铁路	G2151	二等座	565	9	9	郑州东站	香港西九龙站
TRAIN	C267	C190					2026-05-01T08:16:00	2026-05-01T15:59:00	中国铁路	G2154	二等座	560	12	12	郑州东站	深圳北站
TRAIN	C267	C050					2026-05-01T08:45:00	2026-05-01T15:44:00	中国铁路	G2155	二等座	455	13	13	郑州东站	厦门北站
TRAIN	C267	C297					2026-05-01T09:14:00	2026-05-01T13:02:00	中国铁路	G2156	二等座	245	14	14	郑州东站	青岛北站
TRAIN	C267	C080					2026-05-01T09:43:00	2026-05-01T14:41:00	中国铁路	G2157	二等座	325	15	15	郑州东站	大连北站
TRAIN	C267	C088					2026-05-01T10:12:00	2026-05-01T15:34:00	中国铁路	G2158	二等座	350	16	16	郑州东站	宁波站
TRAIN	C267	C231					2026-05-01T10:41:00	2026-05-01T15:09:00	中国铁路	G2159	二等座	295	17	17	郑州东站	苏州站
TRAIN	C267	C139					2026-05-01T11:10:00	2026-05-01T15:27:00	中国铁路	G2160	二等座	280	18	18	郑州东站	无锡站
TRAIN	C267	C158					2026-05-01T11:39:00	2026-05-01T17:59:00	中国铁路	G2161	二等座	420	19	19	郑州东站	桂林北站
TRAIN	C267	C002					2026-05-01T12:08:00	2026-05-01T22:39:00	中国铁路	G2162	二等座	700	20	20	郑州东站	三亚站
TRAIN	C267	C119					2026-05-01T12:37:00	2026-05-01T16:46:00	中国铁路	G2163	二等座	275	21	21	郑州东站	张家界西站
TRAIN	C267	C015					2026-05-01T13:06:00	2026-05-01T21:51:00	中国铁路	G2164	二等座	585	22	22	郑州东站	丽江站
TRAIN	C267	C308					2026-05-01T14:04:00	2026-05-01T18:19:00	中国铁路	G2166	二等座	285	24	24	郑州东站	黄山北站
TRAIN	C267	C210					2026-05-01T15:02:00	2026-05-01T22:55:00	中国铁路	G2168	二等座	530	26	26	郑州东站	珠海站
TRAIN	C267	C179					2026-05-01T15:31:00	2026-05-01T16:31:00	中国铁路	G2169	二等座	70	27	27	郑州东站	洛阳龙门站
TRAIN	C267	C077					2026-05-01T16:00:00	2026-05-01T19:36:00	中国铁路	G2170	二等座	245	28	28	郑州东站	大同南站
TRAIN	C267	C070					2026-05-01T16:58:00	2026-05-02T11:25:00	中国铁路	G2172	二等座	1240	30	30	郑州东站	喀什站
TRAIN	C267	C056					2026-05-01T17:27:00	2026-05-02T06:12:00	中国铁路	G2173	二等座	860	31	31	郑州东站	吐鲁番北站
TRAIN	C267	C292					2026-05-01T17:56:00	2026-05-02T08:07:00	中国铁路	G2174	二等座	960	32	32	郑州东站	阿勒泰站
TRAIN	C267	C222					2026-05-01T18:25:00	2026-05-01T23:02:00	中国铁路	G2175	二等座	320	33	33	郑州东站	秦皇岛站
TRAIN	C267	C084					2026-05-01T18:54:00	2026-05-01T23:44:00	中国铁路	G2176	二等座	335	34	34	郑州东站	威海站
TRAIN	C267	C176					2026-05-01T19:23:00	2026-05-02T02:15:00	中国铁路	G2177	二等座	470	35	35	郑州东站	泉州站
TRAIN	C267	C129					2026-05-01T19:52:00	2026-05-01T23:30:00	中国铁路	G2178	二等座	255	5	5	郑州东站	扬州东站
TRAIN	C267	C071					2026-05-01T20:21:00	2026-05-02T01:04:00	中国铁路	G2179	二等座	330	6	6	郑州东站	嘉兴南站
TRAIN	C267	C040					2026-05-01T05:50:00	2026-05-01T14:32:00	中国铁路	G2180	二等座	595	7	7	郑州东站	北海站
TRAIN	C267	C147					2026-05-01T06:19:00	2026-05-01T10:28:00	中国铁路	G2181	二等座	295	8	8	郑州东站	景德镇北站
TRAIN	C267	C127					2026-05-01T07:46:00	2026-05-01T15:09:00	中国铁路	G2184	二等座	515	11	11	郑州东站	惠州北站
TRAIN	C267	C205					2026-05-01T08:44:00	2026-05-01T13:15:00	中国铁路	G2186	二等座	325	13	13	郑州东站	烟台站
TRAIN	C267	C025					2026-05-01T09:13:00	2026-05-01T16:39:00	中国铁路	G2187	二等座	520	14	14	郑州东站	佛山西站
TRAIN	C267	C192					2026-05-01T10:11:00	2026-05-01T16:00:00	中国铁路	G2189	二等座	415	16	16	郑州东站	温州南站
TRAIN	C164	C039					2026-05-01T10:40:00	2026-05-01T16:45:00	中国铁路	G2190	二等座	430	17	17	武汉站	北京南站
TRAIN	C164	C005					2026-05-01T11:09:00	2026-05-01T15:16:00	中国铁路	G2191	二等座	300	18	18	武汉站	上海虹桥站
TRAIN	C164	C082					2026-05-01T11:38:00	2026-05-01T17:19:00	中国铁路	G2192	二等座	410	19	19	武汉站	天津西站
TRAIN	C164	C272					2026-05-01T12:07:00	2026-05-01T16:35:00	中国铁路	G2193	二等座	330	20	20	武汉站	重庆北站
TRAIN	C164	C220					2026-05-01T12:36:00	2026-05-01T17:28:00	中国铁路	G2194	二等座	355	21	21	武汉站	石家庄站
TRAIN	C164	C083					2026-05-01T13:05:00	2026-05-01T17:56:00	中国铁路	G2195	二等座	355	22	22	武汉站	太原南站
TRAIN	C164	C061					2026-05-01T13:34:00	2026-05-01T20:14:00	中国铁路	G2196	二等座	480	23	23	武汉站	呼和浩特东站
TRAIN	C164	C172					2026-05-01T14:03:00	2026-05-01T22:29:00	中国铁路	G2197	二等座	595	24	24	武汉站	沈阳北站
TRAIN	C164	C283					2026-05-01T14:32:00	2026-05-02T00:25:00	中国铁路	G2198	二等座	695	25	25	武汉站	长春西站
TRAIN	C164	C066					2026-05-01T15:01:00	2026-05-02T02:10:00	中国铁路	G2199	二等座	780	26	26	武汉站	哈尔滨西站
TRAIN	C164	C042					2026-05-01T15:30:00	2026-05-01T18:23:00	中国铁路	G2200	二等座	230	27	27	武汉站	南京南站
TRAIN	C164	C153					2026-05-01T15:59:00	2026-05-01T19:25:00	中国铁路	G2201	二等座	265	28	28	武汉站	杭州东站
TRAIN	C164	C053					2026-05-01T16:28:00	2026-05-01T18:33:00	中国铁路	G2202	二等座	175	29	29	武汉站	合肥南站
TRAIN	C164	C221					2026-05-01T16:57:00	2026-05-01T21:08:00	中国铁路	G2203	二等座	320	30	30	武汉站	福州南站
TRAIN	C164	C046					2026-05-01T17:26:00	2026-05-01T19:15:00	中国铁路	G2204	二等座	160	31	31	武汉站	南昌西站
TRAIN	C164	C180					2026-05-01T17:55:00	2026-05-01T22:13:00	中国铁路	G2205	二等座	330	32	32	武汉站	济南西站
TRAIN	C164	C267					2026-05-01T18:24:00	2026-05-01T21:20:00	中国铁路	G2206	二等座	235	33	33	武汉站	郑州东站
TRAIN	C164	C284					2026-05-01T19:22:00	2026-05-01T21:22:00	中国铁路	G2208	二等座	175	35	35	武汉站	长沙南站
TRAIN	C164	C112					2026-05-01T19:51:00	2026-05-02T00:46:00	中国铁路	G2209	二等座	375	5	5	武汉站	广州南站
TRAIN	C164	C044					2026-05-01T20:20:00	2026-05-02T02:22:00	中国铁路	G2210	二等座	395	6	6	武汉站	南宁东站
TRAIN	C164	C184					2026-05-01T05:49:00	2026-05-01T12:55:00	中国铁路	G2211	二等座	465	7	7	武汉站	海口东站
TRAIN	C164	C128					2026-05-01T06:18:00	2026-05-01T11:59:00	中国铁路	G2212	二等座	370	8	8	武汉站	成都东站
TRAIN	C164	C249					2026-05-01T06:47:00	2026-05-01T11:52:00	中国铁路	G2213	二等座	335	9	9	武汉站	贵阳北站
TRAIN	C164	C142					2026-05-01T07:16:00	2026-05-01T14:39:00	中国铁路	G2214	二等座	490	10	10	武汉站	昆明南站
TRAIN	C164	C133					2026-05-01T07:45:00	2026-05-01T20:07:00	中国铁路	G2215	二等座	825	11	11	武汉站	拉萨站
TRAIN	C164	C246					2026-05-01T08:14:00	2026-05-01T12:10:00	中国铁路	G2216	二等座	260	12	12	武汉站	西安北站
TRAIN	C164	C034					2026-05-01T08:43:00	2026-05-01T15:18:00	中国铁路	G2217	二等座	440	13	13	武汉站	兰州西站
TRAIN	C164	C245					2026-05-01T09:12:00	2026-05-01T16:49:00	中国铁路	G2218	二等座	510	14	14	武汉站	西宁站
TRAIN	C164	C279					2026-05-01T09:41:00	2026-05-01T16:16:00	中国铁路	G2219	二等座	440	15	15	武汉站	银川站
TRAIN	C164	C018					2026-05-01T10:10:00	2026-05-02T01:27:00	中国铁路	G2220	二等座	1025	16	16	武汉站	乌鲁木齐站
TRAIN	C164	C300					2026-05-01T10:39:00	2026-05-01T16:01:00	中国铁路	G2221	二等座	360	17	17	武汉站	香港西九龙站
TRAIN	C164	C190					2026-05-01T12:06:00	2026-05-01T17:20:00	中国铁路	G2224	二等座	355	20	20	武汉站	深圳北站
TRAIN	C164	C050					2026-05-01T12:35:00	2026-05-01T17:10:00	中国铁路	G2225	二等座	310	21	21	武汉站	厦门北站
TRAIN	C164	C297					2026-05-01T13:04:00	2026-05-01T17:57:00	中国铁路	G2226	二等座	335	22	22	武汉站	青岛北站
TRAIN	C164	C080					2026-05-01T13:33:00	2026-05-01T20:06:00	中国铁路	G2227	二等座	445	23	23	武汉站	大连北站
TRAIN	C164	C088					2026-05-01T14:02:00	2026-05-01T18:13:00	中国铁路	G2228	二等座	290	24	24	武汉站	宁波站
TRAIN	C164	C231					2026-05-01T14:31:00	2026-05-01T18:11:00	中国铁路	G2229	二等座	255	25	25	武汉站	苏州站
TRAIN	C164	C139					2026-05-01T15:00:00	2026-05-01T18:32:00	中国铁路	G2230	二等座	245	26	26	武汉站	无锡站
TRAIN	C164	C158					2026-05-01T15:29:00	2026-05-01T19:43:00	中国铁路	G2231	二等座	295	27	27	武汉站	桂林北站
TRAIN	C164	C002					2026-05-01T15:58:00	2026-05-02T00:12:00	中国铁路	G2232	二等座	565	28	28	武汉站	三亚站
TRAIN	C164	C119					2026-05-01T16:27:00	2026-05-01T19:02:00	中国铁路	G2233	二等座	185	29	29	武汉站	张家界西站
TRAIN	C164	C015					2026-05-01T16:56:00	2026-05-02T01:03:00	中国铁路	G2234	二等座	560	30	30	武汉站	丽江站
TRAIN	C164	C308					2026-05-01T17:54:00	2026-05-01T20:28:00	中国铁路	G2236	二等座	190	32	32	武汉站	黄山北站
TRAIN	C164	C210					2026-05-01T18:52:00	2026-05-02T00:16:00	中国铁路	G2238	二等座	380	34	34	武汉站	珠海站
TRAIN	C164	C179					2026-05-01T19:21:00	2026-05-01T22:21:00	中国铁路	G2239	二等座	220	35	35	武汉站	洛阳龙门站
TRAIN	C164	C077					2026-05-01T19:50:00	2026-05-02T01:57:00	中国铁路	G2240	二等座	430	5	5	武汉站	大同南站
TRAIN	C164	C070					2026-05-01T05:48:00	2026-05-02T01:33:00	中国铁路	G2242	二等座	1345	7	7	武汉站	喀什站
TRAIN	C164	C056					2026-05-01T06:17:00	2026-05-01T20:44:00	中国铁路	G2243	二等座	990	8	8	武汉站	吐鲁番北站
TRAIN	C164	C292					2026-05-01T06:46:00	2026-05-01T22:58:00	中国铁路	G2244	二等座	1110	9	9	武汉站	阿勒泰站
TRAIN	C164	C222					2026-05-01T07:15:00	2026-05-01T13:49:00	中国铁路	G2245	二等座	465	10	10	武汉站	秦皇岛站
TRAIN	C164	C084					2026-05-01T07:44:00	2026-05-01T13:49:00	中国铁路	G2246	二等座	435	11	11	武汉站	威海站
TRAIN	C164	C176					2026-05-01T08:13:00	2026-05-01T12:46:00	中国铁路	G2247	二等座	330	12	12	武汉站	泉州站
TRAIN	C164	C129					2026-05-01T08:42:00	2026-05-01T11:56:00	中国铁路	G2248	二等座	245	13	13	武汉站	扬州东站
TRAIN	C164	C071					2026-05-01T09:11:00	2026-05-01T12:55:00	中国铁路	G2249	二等座	280	14	14	武汉站	嘉兴南站
TRAIN	C164	C040					2026-05-01T09:40:00	2026-05-01T16:12:00	中国铁路	G2250	二等座	465	15	15	武汉站	北海站
TRAIN	C164	C147					2026-05-01T10:09:00	2026-05-01T12:15:00	中国铁路	G2251	二等座	170	16	16	武汉站	景德镇北站
TRAIN	C164	C127					2026-05-01T11:36:00	2026-05-01T16:29:00	中国铁路	G2254	二等座	360	19	19	武汉站	惠州北站
TRAIN	C164	C205					2026-05-01T12:34:00	2026-05-01T18:24:00	中国铁路	G2256	二等座	425	21	21	武汉站	烟台站
TRAIN	C164	C025					2026-05-01T13:03:00	2026-05-01T18:02:00	中国铁路	G2257	二等座	370	22	22	武汉站	佛山西站
TRAIN	C164	C192					2026-05-01T14:01:00	2026-05-01T18:06:00	中国铁路	G2259	二等座	310	24	24	武汉站	温州南站
TRAIN	C284	C039					2026-05-01T14:30:00	2026-05-01T22:06:00	中国铁路	G2260	二等座	550	25	25	长沙南站	北京南站
TRAIN	C284	C005					2026-05-01T14:59:00	2026-05-01T20:11:00	中国铁路	G2261	二等座	390	26	26	长沙南站	上海虹桥站
TRAIN	C284	C082					2026-05-01T15:28:00	2026-05-01T22:42:00	中国铁路	G2262	二等座	525	27	27	长沙南站	天津西站
TRAIN	C284	C272					2026-05-01T15:57:00	2026-05-01T19:48:00	中国铁路	G2263	二等座	300	28	28	长沙南站	重庆北站
TRAIN	C284	C220					2026-05-01T16:26:00	2026-05-01T22:46:00	中国铁路	G2264	二等座	470	29	29	长沙南站	石家庄站
TRAIN	C284	C083					2026-05-01T16:55:00	2026-05-01T23:06:00	中国铁路	G2265	二等座	405	30	30	长沙南站	太原南站
TRAIN	C284	C061					2026-05-01T17:24:00	2026-05-02T01:23:00	中国铁路	G2266	二等座	525	31	31	长沙南站	呼和浩特东站
TRAIN	C284	C172					2026-05-01T17:53:00	2026-05-02T03:53:00	中国铁路	G2267	二等座	660	32	32	长沙南站	沈阳北站
TRAIN	C284	C283					2026-05-01T18:22:00	2026-05-02T05:50:00	中国铁路	G2268	二等座	760	33	33	长沙南站	长春西站
TRAIN	C284	C066					2026-05-01T18:51:00	2026-05-02T07:34:00	中国铁路	G2269	二等座	845	34	34	长沙南站	哈尔滨西站
TRAIN	C284	C042					2026-05-01T19:20:00	2026-05-01T23:33:00	中国铁路	G2270	二等座	275	35	35	长沙南站	南京南站
TRAIN	C284	C153					2026-05-01T19:49:00	2026-05-02T00:11:00	中国铁路	G2271	二等座	290	5	5	长沙南站	杭州东站
TRAIN	C284	C053					2026-05-01T20:18:00	2026-05-01T23:48:00	中国铁路	G2272	二等座	230	6	6	长沙南站	合肥南站
TRAIN	C284	C221					2026-05-01T05:47:00	2026-05-01T09:49:00	中国铁路	G2273	二等座	270	7	7	长沙南站	福州南站
TRAIN	C284	C046					2026-05-01T06:16:00	2026-05-01T08:14:00	中国铁路	G2274	二等座	130	8	8	长沙南站	南昌西站
TRAIN	C284	C180					2026-05-01T06:45:00	2026-05-01T12:37:00	中国铁路	G2275	二等座	395	9	9	长沙南站	济南西站
TRAIN	C284	C267					2026-05-01T07:14:00	2026-05-01T11:34:00	中国铁路	G2276	二等座	290	10	10	长沙南站	郑州东站
TRAIN	C284	C164					2026-05-01T07:43:00	2026-05-01T09:43:00	中国铁路	G2277	二等座	135	11	11	长沙南站	武汉站
TRAIN	C284	C112					2026-05-01T08:41:00	2026-05-01T12:09:00	中国铁路	G2279	二等座	235	13	13	长沙南站	广州南站
TRAIN	C284	C044					2026-05-01T09:10:00	2026-05-01T13:39:00	中国铁路	G2280	二等座	305	14	14	长沙南站	南宁东站
TRAIN	C284	C184					2026-05-01T09:39:00	2026-05-01T15:11:00	中国铁路	G2281	二等座	375	15	15	长沙南站	海口东站
TRAIN	C284	C128					2026-05-01T10:08:00	2026-05-01T15:23:00	中国铁路	G2282	二等座	360	16	16	长沙南站	成都东站
TRAIN	C284	C249					2026-05-01T10:37:00	2026-05-01T14:31:00	中国铁路	G2283	二等座	270	17	17	长沙南站	贵阳北站
TRAIN	C284	C142					2026-05-01T11:06:00	2026-05-01T17:18:00	中国铁路	G2284	二等座	425	18	18	长沙南站	昆明南站
TRAIN	C284	C133					2026-05-01T11:35:00	2026-05-01T23:24:00	中国铁路	G2285	二等座	800	19	19	长沙南站	拉萨站
TRAIN	C284	C246					2026-05-01T12:04:00	2026-05-01T16:40:00	中国铁路	G2286	二等座	320	20	20	长沙南站	西安北站
TRAIN	C284	C034					2026-05-01T12:33:00	2026-05-01T19:32:00	中国铁路	G2287	二等座	480	21	21	长沙南站	兰州西站
TRAIN	C284	C245					2026-05-01T13:02:00	2026-05-01T20:59:00	中国铁路	G2288	二等座	545	22	22	长沙南站	西宁站
TRAIN	C284	C279					2026-05-01T13:31:00	2026-05-01T20:55:00	中国铁路	G2289	二等座	510	23	23	长沙南站	银川站
TRAIN	C284	C018					2026-05-01T14:00:00	2026-05-02T05:42:00	中国铁路	G2290	二等座	1065	24	24	长沙南站	乌鲁木齐站
TRAIN	C284	C300					2026-05-01T14:29:00	2026-05-01T18:30:00	中国铁路	G2291	二等座	285	25	25	长沙南站	香港西九龙站
TRAIN	C284	C190					2026-05-01T15:56:00	2026-05-01T19:48:00	中国铁路	G2294	二等座	280	28	28	长沙南站	深圳北站
TRAIN	C284	C050					2026-05-01T16:25:00	2026-05-01T20:23:00	中国铁路	G2295	二等座	285	29	29	长沙南站	厦门北站
TRAIN	C284	C297					2026-05-01T16:54:00	2026-05-01T23:19:00	中国铁路	G2296	二等座	450	30	30	长沙南站	青岛北站
TRAIN	C284	C080					2026-05-01T17:23:00	2026-05-02T01:30:00	中国铁路	G2297	二等座	565	31	31	长沙南站	大连北站
TRAIN	C284	C088					2026-05-01T17:52:00	2026-05-01T22:53:00	中国铁路	G2298	二等座	360	32	32	长沙南站	宁波站
TRAIN	C284	C231					2026-05-01T18:21:00	2026-05-01T23:08:00	中国铁路	G2299	二等座	345	33	33	长沙南站	苏州站
TRAIN	C284	C139					2026-05-01T18:50:00	2026-05-01T23:32:00	中国铁路	G2300	二等座	340	34	34	长沙南站	无锡站
TRAIN	C284	C158					2026-05-01T19:19:00	2026-05-01T22:00:00	中国铁路	G2301	二等座	205	35	35	长沙南站	桂林北站
TRAIN	C284	C002					2026-05-01T19:48:00	2026-05-02T02:28:00	中国铁路	G2302	二等座	475	5	5	长沙南站	三亚站
TRAIN	C284	C119					2026-05-01T20:17:00	2026-05-01T22:06:00	中国铁路	G2303	二等座	150	6	6	长沙南站	张家界西站
TRAIN	C284	C015					2026-05-01T05:46:00	2026-05-01T12:58:00	中国铁路	G2304	二等座	510	7	7	长沙南站	丽江站
TRAIN	C284	C308					2026-05-01T06:44:00	2026-05-01T10:07:00	中国铁路	G2306	二等座	255	9	9	长沙南站	黄山北站
TRAIN	C284	C210					2026-05-01T07:42:00	2026-05-01T11:42:00	中国铁路	G2308	二等座	300	11	11	长沙南站	珠海站
TRAIN	C284	C179					2026-05-01T08:11:00	2026-05-01T12:26:00	中国铁路	G2309	二等座	320	12	12	长沙南站	洛阳龙门站
TRAIN	C284	C077					2026-05-01T08:40:00	2026-05-01T16:10:00	中国铁路	G2310	二等座	540	13	13	长沙南站	大同南站
TRAIN	C284	C070					2026-05-01T09:38:00	2026-05-02T05:26:00	中国铁路	G2312	二等座	1360	15	15	长沙南站	喀什站
TRAIN	C284	C056					2026-05-01T10:07:00	2026-05-02T00:58:00	中国铁路	G2313	二等座	1030	16	16	长沙南站	吐鲁番北站
TRAIN	C284	C292					2026-05-01T10:36:00	2026-05-02T03:26:00	中国铁路	G2314	二等座	1165	17	17	长沙南站	阿勒泰站
TRAIN	C284	C222					2026-05-01T11:05:00	2026-05-01T19:14:00	中国铁路	G2315	二等座	585	18	18	长沙南站	秦皇岛站
TRAIN	C284	C084					2026-05-01T11:34:00	2026-05-01T19:11:00	中国铁路	G2316	二等座	550	19	19	长沙南站	威海站
TRAIN	C284	C176					2026-05-01T12:03:00	2026-05-01T16:08:00	中国铁路	G2317	二等座	315	20	20	长沙南站	泉州站
TRAIN	C284	C129					2026-05-01T12:32:00	2026-05-01T17:07:00	中国铁路	G2318	二等座	350	21	21	长沙南站	扬州东站
TRAIN	C284	C071					2026-05-01T13:01:00	2026-05-01T17:46:00	中国铁路	G2319	二等座	360	22	22	长沙南站	嘉兴南站
TRAIN	C284	C040					2026-05-01T13:30:00	2026-05-01T18:27:00	中国铁路	G2320	二等座	320	23	23	长沙南站	北海站
TRAIN	C284	C147					2026-05-01T13:59:00	2026-05-01T16:42:00	中国铁路	G2321	二等座	175	24	24	长沙南站	景德镇北站
TRAIN	C284	C127					2026-05-01T15:26:00	2026-05-01T19:01:00	中国铁路	G2324	二等座	235	27	27	长沙南站	惠州北站
TRAIN	C284	C205					2026-05-01T16:24:00	2026-05-01T23:47:00	中国铁路	G2326	二等座	490	29	29	长沙南站	烟台站
TRAIN	C284	C025					2026-05-01T16:53:00	2026-05-01T20:25:00	中国铁路	G2327	二等座	235	30	30	长沙南站	佛山西站
TRAIN	C284	C192					2026-05-01T17:51:00	2026-05-01T22:21:00	中国铁路	G2329	二等座	300	32	32	长沙南站	温州南站
TRAIN	C112	C039					2026-05-01T18:20:00	2026-05-02T04:54:00	中国铁路	G2330	二等座	710	33	33	广州南站	北京南站
TRAIN	C112	C005					2026-05-01T18:49:00	2026-05-02T01:45:00	中国铁路	G2331	二等座	465	34	34	广州南站	上海虹桥站
TRAIN	C112	C082					2026-05-01T19:18:00	2026-05-02T05:28:00	中国铁路	G2332	二等座	680	35	35	广州南站	天津西站
TRAIN	C112	C272					2026-05-01T19:47:00	2026-05-02T01:28:00	中国铁路	G2333	二等座	385	5	5	广州南站	重庆北站
TRAIN	C112	C220					2026-05-01T20:16:00	2026-05-02T05:37:00	中国铁路	G2334	二等座	630	6	6	广州南站	石家庄站
TRAIN	C112	C083					2026-05-01T05:45:00	2026-05-01T14:59:00	中国铁路	G2335	二等座	625	7	7	广州南站	太原南站
TRAIN	C112	C061					2026-05-01T06:14:00	2026-05-01T17:16:00	中国铁路	G2336	二等座	745	8	8	广州南站	呼和浩特东站
TRAIN	C112	C172					2026-05-01T06:43:00	2026-05-01T19:24:00	中国铁路	G2337	二等座	855	9	9	广州南站	沈阳北站
TRAIN	C112	C283					2026-05-01T07:12:00	2026-05-01T21:20:00	中国铁路	G2338	二等座	955	10	10	广州南站	长春西站
TRAIN	C112	C066					2026-05-01T07:41:00	2026-05-01T23:06:00	中国铁路	G2339	二等座	1040	11	11	广州南站	哈尔滨西站
TRAIN	C112	C042					2026-05-01T08:10:00	2026-05-01T14:40:00	中国铁路	G2340	二等座	445	12	12	广州南站	南京南站
TRAIN	C112	C153					2026-05-01T08:39:00	2026-05-01T14:42:00	中国铁路	G2341	二等座	415	13	13	广州南站	杭州东站
TRAIN	C112	C053					2026-05-01T09:08:00	2026-05-01T15:09:00	中国铁路	G2342	二等座	415	14	14	广州南站	合肥南站
TRAIN	C112	C221					2026-05-01T09:37:00	2026-05-01T13:46:00	中国铁路	G2343	二等座	290	15	15	广州南站	福州南站
TRAIN	C112	C046					2026-05-01T10:06:00	2026-05-01T14:07:00	中国铁路	G2344	二等座	285	16	16	广州南站	南昌西站
TRAIN	C112	C180					2026-05-01T10:35:00	2026-05-01T19:19:00	中国铁路	G2345	二等座	600	17	17	广州南站	济南西站
TRAIN	C112	C267					2026-05-01T11:04:00	2026-05-01T18:26:00	中国铁路	G2346	二等座	510	18	18	广州南站	郑州东站
TRAIN	C112	C164					2026-05-01T11:33:00	2026-05-01T16:28:00	中国铁路	G2347	二等座	345	19	19	广州南站	武汉站
TRAIN	C112	C284					2026-05-01T12:02:00	2026-05-01T15:30:00	中国铁路	G2348	二等座	250	20	20	广州南站	长沙南站
TRAIN	C112	C044					2026-05-01T13:00:00	2026-05-01T16:07:00	中国铁路	G2350	二等座	230	22	22	广州南站	南宁东站
TRAIN	C112	C184					2026-05-01T13:29:00	2026-05-01T16:25:00	中国铁路	G2351	二等座	215	23	23	广州南站	海口东站
TRAIN	C112	C128					2026-05-01T13:58:00	2026-05-01T21:00:00	中国铁路	G2352	二等座	495	24	24	广州南站	成都东站
TRAIN	C112	C249					2026-05-01T14:27:00	2026-05-01T19:02:00	中国铁路	G2353	二等座	330	25	25	广州南站	贵阳北站
TRAIN	C112	C142					2026-05-01T14:56:00	2026-05-01T21:13:00	中国铁路	G2354	二等座	445	26	26	广州南站	昆明南站
TRAIN	C112	C133					2026-05-01T15:25:00	2026-05-02T04:16:00	中国铁路	G2355	二等座	885	27	27	广州南站	拉萨站
TRAIN	C112	C246					2026-05-01T15:54:00	2026-05-01T23:23:00	中国铁路	G2356	二等座	530	28	28	广州南站	西安北站
TRAIN	C112	C034					2026-05-01T16:23:00	2026-05-02T01:56:00	中国铁路	G2357	二等座	665	29	29	广州南站	兰州西站
TRAIN	C112	C245					2026-05-01T16:52:00	2026-05-02T03:17:00	中国铁路	G2358	二等座	725	30	30	广州南站	西宁站
TRAIN	C112	C279					2026-05-01T17:21:00	2026-05-02T03:37:00	中国铁路	G2359	二等座	715	31	31	广州南站	银川站
TRAIN	C112	C018					2026-05-01T17:50:00	2026-05-02T11:54:00	中国铁路	G2360	二等座	1240	32	32	广州南站	乌鲁木齐站
TRAIN	C112	C300					2026-05-01T18:19:00	2026-05-01T19:26:00	中国铁路	G2361	二等座	105	33	33	广州南站	香港西九龙站
TRAIN	C112	C190					2026-05-01T19:46:00	2026-05-01T20:45:00	中国铁路	G2364	二等座	100	5	5	广州南站	深圳北站
TRAIN	C112	C050					2026-05-01T20:15:00	2026-05-01T23:26:00	中国铁路	G2365	二等座	250	6	6	广州南站	厦门北站
TRAIN	C112	C297					2026-05-01T05:44:00	2026-05-01T14:43:00	中国铁路	G2366	二等座	640	7	7	广州南站	青岛北站
TRAIN	C112	C080					2026-05-01T06:13:00	2026-05-01T16:59:00	中国铁路	G2367	二等座	760	8	8	广州南站	大连北站
TRAIN	C112	C088					2026-05-01T06:42:00	2026-05-01T13:06:00	中国铁路	G2368	二等座	465	9	9	广州南站	宁波站
TRAIN	C112	C231					2026-05-01T07:11:00	2026-05-01T13:50:00	中国铁路	G2369	二等座	485	10	10	广州南站	苏州站
TRAIN	C112	C139					2026-05-01T07:40:00	2026-05-01T14:19:00	中国铁路	G2370	二等座	485	11	11	广州南站	无锡站
TRAIN	C112	C158					2026-05-01T08:09:00	2026-05-01T10:38:00	中国铁路	G2371	二等座	205	12	12	广州南站	桂林北站
TRAIN	C112	C002					2026-05-01T08:38:00	2026-05-01T12:39:00	中国铁路	G2372	二等座	310	13	13	广州南站	三亚站
TRAIN	C112	C119					2026-05-01T09:07:00	2026-05-01T13:25:00	中国铁路	G2373	二等座	330	14	14	广州南站	张家界西站
TRAIN	C112	C015					2026-05-01T09:36:00	2026-05-01T17:25:00	中国铁路	G2374	二等座	565	15	15	广州南站	丽江站
TRAIN	C112	C308					2026-05-01T10:34:00	2026-05-01T15:46:00	中国铁路	G2376	二等座	340	17	17	广州南站	黄山北站
TRAIN	C112	C210					2026-05-01T11:32:00	2026-05-01T12:30:00	中国铁路	G2378	二等座	55	19	19	广州南站	珠海站
TRAIN	C112	C179					2026-05-01T12:01:00	2026-05-01T19:19:00	中国铁路	G2379	二等座	485	20	20	广州南站	洛阳龙门站
TRAIN	C112	C077					2026-05-01T12:30:00	2026-05-01T23:03:00	中国铁路	G2380	二等座	700	21	21	广州南站	大同南站
TRAIN	C112	C070					2026-05-01T13:28:00	2026-05-02T11:05:00	中国铁路	G2382	二等座	1445	23	23	广州南站	喀什站
TRAIN	C112	C056					2026-05-01T13:57:00	2026-05-02T07:09:00	中国铁路	G2383	二等座	1150	24	24	广州南站	吐鲁番北站
TRAIN	C112	C292					2026-05-01T14:26:00	2026-05-02T09:51:00	中国铁路	G2384	二等座	1300	25	25	广州南站	阿勒泰站
TRAIN	C112	C222					2026-05-01T14:55:00	2026-05-02T01:53:00	中国铁路	G2385	二等座	735	26	26	广州南站	秦皇岛站
TRAIN	C112	C084					2026-05-01T15:24:00	2026-05-02T01:32:00	中国铁路	G2386	二等座	680	27	27	广州南站	威海站
TRAIN	C112	C176					2026-05-01T15:53:00	2026-05-01T19:26:00	中国铁路	G2387	二等座	240	28	28	广州南站	泉州站
TRAIN	C112	C129					2026-05-01T16:22:00	2026-05-01T23:12:00	中国铁路	G2388	二等座	460	29	29	广州南站	扬州东站
TRAIN	C112	C071					2026-05-01T16:51:00	2026-05-01T23:19:00	中国铁路	G2389	二等座	440	30	30	广州南站	嘉兴南站
TRAIN	C112	C040					2026-05-01T17:20:00	2026-05-01T20:15:00	中国铁路	G2390	二等座	200	31	31	广州南站	北海站
TRAIN	C112	C147					2026-05-01T17:49:00	2026-05-01T22:28:00	中国铁路	G2391	二等座	315	32	32	广州南站	景德镇北站
TRAIN	C112	C127					2026-05-01T19:16:00	2026-05-01T20:19:00	中国铁路	G2394	二等座	80	35	35	广州南站	惠州北站
TRAIN	C112	C205					2026-05-01T20:14:00	2026-05-02T06:12:00	中国铁路	G2396	二等座	680	6	6	广州南站	烟台站
TRAIN	C112	C025					2026-05-01T05:43:00	2026-05-01T06:18:00	中国铁路	G2397	二等座	45	7	7	广州南站	佛山西站
TRAIN	C112	C192					2026-05-01T06:41:00	2026-05-01T12:03:00	中国铁路	G2399	二等座	375	9	9	广州南站	温州南站
TRAIN	C044	C039					2026-05-01T07:10:00	2026-05-01T18:34:00	中国铁路	G2400	二等座	780	10	10	南宁东站	北京南站
TRAIN	C044	C005					2026-05-01T07:39:00	2026-05-01T16:39:00	中国铁路	G2401	二等座	620	11	11	南宁东站	上海虹桥站
TRAIN	C044	C082					2026-05-01T08:08:00	2026-05-01T19:16:00	中国铁路	G2402	二等座	760	12	12	南宁东站	天津西站
TRAIN	C044	C272					2026-05-01T08:37:00	2026-05-01T13:11:00	中国铁路	G2403	二等座	325	13	13	南宁东站	重庆北站
TRAIN	C044	C220					2026-05-01T09:06:00	2026-05-01T19:09:00	中国铁路	G2404	二等座	690	14	14	南宁东站	石家庄站
TRAIN	C044	C083					2026-05-01T09:35:00	2026-05-01T19:15:00	中国铁路	G2405	二等座	665	15	15	南宁东站	太原南站
TRAIN	C044	C061					2026-05-01T10:04:00	2026-05-01T21:23:00	中国铁路	G2406	二等座	780	16	16	南宁东站	呼和浩特东站
TRAIN	C044	C172					2026-05-01T10:33:00	2026-05-02T00:35:00	中国铁路	G2407	二等座	960	17	17	南宁东站	沈阳北站
TRAIN	C044	C283					2026-05-01T11:02:00	2026-05-02T02:32:00	中国铁路	G2408	二等座	1060	18	18	南宁东站	长春西站
TRAIN	C044	C066					2026-05-01T11:31:00	2026-05-02T04:15:00	中国铁路	G2409	二等座	1145	19	19	南宁东站	哈尔滨西站
TRAIN	C044	C042					2026-05-01T12:00:00	2026-05-01T20:14:00	中国铁路	G2410	二等座	575	20	20	南宁东站	南京南站
TRAIN	C044	C153					2026-05-01T12:29:00	2026-05-01T20:36:00	中国铁路	G2411	二等座	570	21	21	南宁东站	杭州东站
TRAIN	C044	C053					2026-05-01T12:58:00	2026-05-01T20:31:00	中国铁路	G2412	二等座	535	22	22	南宁东站	合肥南站
TRAIN	C044	C221					2026-05-01T13:27:00	2026-05-01T20:07:00	中国铁路	G2413	二等座	475	23	23	南宁东站	福州南站
TRAIN	C044	C046					2026-05-01T13:56:00	2026-05-01T19:41:00	中国铁路	G2414	二等座	415	24	24	南宁东站	南昌西站
TRAIN	C044	C180					2026-05-01T14:25:00	2026-05-02T00:14:00	中国铁路	G2415	二等座	690	25	25	南宁东站	济南西站
TRAIN	C044	C267					2026-05-01T14:54:00	2026-05-01T22:58:00	中国铁路	G2416	二等座	570	26	26	南宁东站	郑州东站
TRAIN	C044	C164					2026-05-01T15:23:00	2026-05-01T21:25:00	中国铁路	G2417	二等座	435	27	27	南宁东站	武汉站
TRAIN	C044	C284					2026-05-01T15:52:00	2026-05-01T20:21:00	中国铁路	G2418	二等座	335	28	28	南宁东站	长沙南站
TRAIN	C044	C112					2026-05-01T16:21:00	2026-05-01T19:28:00	中国铁路	G2419	二等座	245	29	29	南宁东站	广州南站
TRAIN	C044	C184					2026-05-01T17:19:00	2026-05-01T19:41:00	中国铁路	G2421	二等座	195	31	31	南宁东站	海口东站
TRAIN	C044	C128					2026-05-01T17:48:00	2026-05-01T23:23:00	中国铁路	G2422	二等座	410	32	32	南宁东站	成都东站
TRAIN	C044	C249					2026-05-01T18:17:00	2026-05-01T21:11:00	中国铁路	G2423	二等座	230	33	33	南宁东站	贵阳北站
TRAIN	C044	C142					2026-05-01T18:46:00	2026-05-01T22:33:00	中国铁路	G2424	二等座	290	34	34	南宁东站	昆明南站
TRAIN	C044	C133					2026-05-01T19:15:00	2026-05-02T05:44:00	中国铁路	G2425	二等座	740	35	35	南宁东站	拉萨站
TRAIN	C044	C246					2026-05-01T19:44:00	2026-05-02T03:03:00	中国铁路	G2426	二等座	530	5	5	南宁东站	西安北站
TRAIN	C044	C034					2026-05-01T20:13:00	2026-05-02T04:53:00	中国铁路	G2427	二等座	625	6	6	南宁东站	兰州西站
TRAIN	C044	C245					2026-05-01T05:42:00	2026-05-01T15:02:00	中国铁路	G2428	二等座	670	7	7	南宁东站	西宁站
TRAIN	C044	C279					2026-05-01T06:11:00	2026-05-01T16:02:00	中国铁路	G2429	二等座	705	8	8	南宁东站	银川站
TRAIN	C044	C018					2026-05-01T06:40:00	2026-05-01T23:16:00	中国铁路	G2430	二等座	1100	9	9	南宁东站	乌鲁木齐站
TRAIN	C044	C300					2026-05-01T07:09:00	2026-05-01T10:47:00	中国铁路	G2431	二等座	235	10	10	南宁东站	香港西九龙站
TRAIN	C044	C190					2026-05-01T08:36:00	2026-05-01T12:10:00	中国铁路	G2434	二等座	230	13	13	南宁东站	深圳北站
TRAIN	C044	C050					2026-05-01T09:05:00	2026-05-01T14:55:00	中国铁路	G2435	二等座	385	14	14	南宁东站	厦门北站
TRAIN	C044	C297					2026-05-01T09:34:00	2026-05-01T20:03:00	中国铁路	G2436	二等座	700	15	15	南宁东站	青岛北站
TRAIN	C044	C080					2026-05-01T10:03:00	2026-05-01T22:13:00	中国铁路	G2437	二等座	810	16	16	南宁东站	大连北站
TRAIN	C044	C088					2026-05-01T10:32:00	2026-05-01T19:10:00	中国铁路	G2438	二等座	575	17	17	南宁东站	宁波站
TRAIN	C044	C231					2026-05-01T11:01:00	2026-05-01T19:40:00	中国铁路	G2439	二等座	580	18	18	南宁东站	苏州站
TRAIN	C044	C139					2026-05-01T11:30:00	2026-05-01T20:06:00	中国铁路	G2440	二等座	575	19	19	南宁东站	无锡站
TRAIN	C044	C158					2026-05-01T11:59:00	2026-05-01T14:12:00	中国铁路	G2441	二等座	150	20	20	南宁东站	桂林北站
TRAIN	C044	C002					2026-05-01T12:28:00	2026-05-01T15:41:00	中国铁路	G2442	二等座	220	21	21	南宁东站	三亚站
TRAIN	C044	C119					2026-05-01T12:57:00	2026-05-01T17:18:00	中国铁路	G2443	二等座	295	22	22	南宁东站	张家界西站
TRAIN	C044	C015					2026-05-01T13:26:00	2026-05-01T18:53:00	中国铁路	G2444	二等座	370	23	23	南宁东站	丽江站
TRAIN	C044	C308					2026-05-01T14:24:00	2026-05-01T21:34:00	中国铁路	G2446	二等座	485	25	25	南宁东站	黄山北站
TRAIN	C044	C210					2026-05-01T15:22:00	2026-05-01T18:41:00	中国铁路	G2448	二等座	230	27	27	南宁东站	珠海站
TRAIN	C044	C179					2026-05-01T15:51:00	2026-05-01T23:38:00	中国铁路	G2449	二等座	530	28	28	南宁东站	洛阳龙门站
TRAIN	C044	C077					2026-05-01T16:20:00	2026-05-02T03:22:00	中国铁路	G2450	二等座	750	29	29	南宁东站	大同南站
TRAIN	C044	C070					2026-05-01T17:18:00	2026-05-02T12:53:00	中国铁路	G2452	二等座	1325	31	31	南宁东站	喀什站
TRAIN	C044	C056					2026-05-01T17:47:00	2026-05-02T09:32:00	中国铁路	G2453	二等座	1070	32	32	南宁东站	吐鲁番北站
TRAIN	C044	C292					2026-05-01T18:16:00	2026-05-02T12:29:00	中国铁路	G2454	二等座	1235	33	33	南宁东站	阿勒泰站
TRAIN	C044	C222					2026-05-01T18:45:00	2026-05-02T06:52:00	中国铁路	G2455	二等座	825	34	34	南宁东站	秦皇岛站
TRAIN	C044	C084					2026-05-01T19:14:00	2026-05-02T06:55:00	中国铁路	G2456	二等座	800	35	35	南宁东站	威海站
TRAIN	C044	C176					2026-05-01T19:43:00	2026-05-02T01:54:00	中国铁路	G2457	二等座	430	5	5	南宁东站	泉州站
TRAIN	C044	C129					2026-05-01T20:12:00	2026-05-02T04:48:00	中国铁路	G2458	二等座	595	6	6	南宁东站	扬州东站
TRAIN	C044	C071					2026-05-01T05:41:00	2026-05-01T14:14:00	中国铁路	G2459	二等座	590	7	7	南宁东站	嘉兴南站
TRAIN	C044	C040					2026-05-01T06:10:00	2026-05-01T07:29:00	中国铁路	G2460	二等座	110	8	8	南宁东站	北海站
TRAIN	C044	C147					2026-05-01T06:39:00	2026-05-01T13:10:00	中国铁路	G2461	二等座	455	9	9	南宁东站	景德镇北站
TRAIN	C044	C127					2026-05-01T08:06:00	2026-05-01T11:51:00	中国铁路	G2464	二等座	275	12	12	南宁东站	惠州北站
TRAIN	C044	C205					2026-05-01T09:04:00	2026-05-01T20:31:00	中国铁路	G2466	二等座	795	14	14	南宁东站	烟台站
TRAIN	C044	C025					2026-05-01T09:33:00	2026-05-01T12:35:00	中国铁路	G2467	二等座	230	15	15	南宁东站	佛山西站
TRAIN	C044	C192					2026-05-01T10:31:00	2026-05-01T18:15:00	中国铁路	G2469	二等座	545	17	17	南宁东站	温州南站
TRAIN	C184	C039					2026-05-01T11:00:00	2026-05-01T23:42:00	中国铁路	G2470	二等座	880	18	18	海口东站	北京南站
TRAIN	C184	C005					2026-05-01T11:29:00	2026-05-01T20:55:00	中国铁路	G2471	二等座	665	19	19	海口东站	上海虹桥站
TRAIN	C184	C082					2026-05-01T11:58:00	2026-05-02T00:19:00	中国铁路	G2472	二等座	860	20	20	海口东站	天津西站
TRAIN	C184	C272					2026-05-01T12:27:00	2026-05-01T18:53:00	中国铁路	G2473	二等座	465	21	21	海口东站	重庆北站
TRAIN	C184	C220					2026-05-01T12:56:00	2026-05-02T00:20:00	中国铁路	G2474	二等座	800	22	22	海口东站	石家庄站
TRAIN	C184	C083					2026-05-01T13:25:00	2026-05-02T00:34:00	中国铁路	G2475	二等座	780	23	23	海口东站	太原南站
TRAIN	C184	C061					2026-05-01T13:54:00	2026-05-02T02:47:00	中国铁路	G2476	二等座	900	24	24	海口东站	呼和浩特东站
TRAIN	C184	C172					2026-05-01T14:23:00	2026-05-02T05:26:00	中国铁路	G2477	二等座	1045	25	25	海口东站	沈阳北站
TRAIN	C184	C283					2026-05-01T14:52:00	2026-05-02T07:23:00	中国铁路	G2478	二等座	1145	26	26	海口东站	长春西站
TRAIN	C184	C066					2026-05-01T15:21:00	2026-05-02T09:08:00	中国铁路	G2479	二等座	1230	27	27	海口东站	哈尔滨西站
TRAIN	C184	C042					2026-05-01T15:50:00	2026-05-02T00:47:00	中国铁路	G2480	二等座	640	28	28	海口东站	南京南站
TRAIN	C184	C153					2026-05-01T16:19:00	2026-05-02T00:52:00	中国铁路	G2481	二等座	615	29	29	海口东站	杭州东站
TRAIN	C184	C053					2026-05-01T16:48:00	2026-05-02T01:12:00	中国铁路	G2482	二等座	605	30	30	海口东站	合肥南站
TRAIN	C184	C221					2026-05-01T17:17:00	2026-05-01T23:52:00	中国铁路	G2483	二等座	485	31	31	海口东站	福州南站
TRAIN	C184	C046					2026-05-01T17:46:00	2026-05-02T00:12:00	中国铁路	G2484	二等座	475	32	32	海口东站	南昌西站
TRAIN	C184	C180					2026-05-01T18:15:00	2026-05-02T05:14:00	中国铁路	G2485	二等座	725	33	33	海口东站	济南西站
TRAIN	C184	C267					2026-05-01T18:44:00	2026-05-02T04:08:00	中国铁路	G2486	二等座	620	34	34	海口东站	郑州东站
TRAIN	C184	C164					2026-05-01T19:13:00	2026-05-02T02:19:00	中国铁路	G2487	二等座	470	35	35	海口东站	武汉站
TRAIN	C184	C284					2026-05-01T19:42:00	2026-05-02T01:14:00	中国铁路	G2488	二等座	365	5	5	海口东站	长沙南站
TRAIN	C184	C112					2026-05-01T20:11:00	2026-05-01T23:07:00	中国铁路	G2489	二等座	190	6	6	海口东站	广州南站
TRAIN	C184	C044					2026-05-01T05:40:00	2026-05-01T08:02:00	中国铁路	G2490	二等座	155	7	7	海口东站	南宁东站
TRAIN	C184	C128					2026-05-01T06:38:00	2026-05-01T14:10:00	中国铁路	G2492	二等座	500	9	9	海口东站	成都东站
TRAIN	C184	C249					2026-05-01T07:07:00	2026-05-01T11:57:00	中国铁路	G2493	二等座	320	10	10	海口东站	贵阳北站
TRAIN	C184	C142					2026-05-01T07:36:00	2026-05-01T13:07:00	中国铁路	G2494	二等座	370	11	11	海口东站	昆明南站
TRAIN	C184	C133					2026-05-01T08:05:00	2026-05-01T20:17:00	中国铁路	G2495	二等座	815	12	12	海口东站	拉萨站
TRAIN	C184	C246					2026-05-01T08:34:00	2026-05-01T17:33:00	中国铁路	G2496	二等座	605	13	13	海口东站	西安北站
TRAIN	C184	C034					2026-05-01T09:03:00	2026-05-01T19:37:00	中国铁路	G2497	二等座	710	14	14	海口东站	兰州西站
TRAIN	C184	C245					2026-05-01T09:32:00	2026-05-01T20:48:00	中国铁路	G2498	二等座	755	15	15	海口东站	西宁站
TRAIN	C184	C279					2026-05-01T10:01:00	2026-05-01T21:39:00	中国铁路	G2499	二等座	785	16	16	海口东站	银川站
TRAIN	C184	C018					2026-05-01T10:30:00	2026-05-02T05:03:00	中国铁路	G2500	二等座	1245	17	17	海口东站	乌鲁木齐站
TRAIN	C184	C300					2026-05-01T10:59:00	2026-05-01T14:00:00	中国铁路	G2501	二等座	210	18	18	海口东站	香港西九龙站
TRAIN	C184	C190					2026-05-01T12:26:00	2026-05-01T15:28:00	中国铁路	G2504	二等座	210	21	21	海口东站	深圳北站
TRAIN	C184	C050					2026-05-01T12:55:00	2026-05-01T18:26:00	中国铁路	G2505	二等座	380	22	22	海口东站	厦门北站
TRAIN	C184	C297					2026-05-01T13:24:00	2026-05-02T00:47:00	中国铁路	G2506	二等座	775	23	23	海口东站	青岛北站
TRAIN	C184	C080					2026-05-01T13:53:00	2026-05-02T03:01:00	中国铁路	G2507	二等座	890	24	24	海口东站	大连北站
TRAIN	C184	C088					2026-05-01T14:22:00	2026-05-01T23:17:00	中国铁路	G2508	二等座	610	25	25	海口东站	宁波站
TRAIN	C184	C231					2026-05-01T14:51:00	2026-05-02T00:00:00	中国铁路	G2509	二等座	625	26	26	海口东站	苏州站
TRAIN	C184	C139					2026-05-01T15:20:00	2026-05-02T00:29:00	中国铁路	G2510	二等座	630	27	27	海口东站	无锡站
TRAIN	C184	C158					2026-05-01T15:49:00	2026-05-01T19:22:00	中国铁路	G2511	二等座	255	28	28	海口东站	桂林北站
TRAIN	C184	C002					2026-05-01T16:18:00	2026-05-01T17:51:00	中国铁路	G2512	二等座	120	29	29	海口东站	三亚站
TRAIN	C184	C119					2026-05-01T16:47:00	2026-05-01T22:38:00	中国铁路	G2513	二等座	410	30	30	海口东站	张家界西站
TRAIN	C184	C015					2026-05-01T17:16:00	2026-05-02T00:30:00	中国铁路	G2514	二等座	505	31	31	海口东站	丽江站
TRAIN	C184	C308					2026-05-01T18:14:00	2026-05-02T01:55:00	中国铁路	G2516	二等座	535	33	33	海口东站	黄山北站
TRAIN	C184	C210					2026-05-01T19:12:00	2026-05-01T21:55:00	中国铁路	G2518	二等座	205	35	35	海口东站	珠海站
TRAIN	C184	C179					2026-05-01T19:41:00	2026-05-02T04:54:00	中国铁路	G2519	二等座	640	5	5	海口东站	洛阳龙门站
TRAIN	C184	C077					2026-05-01T20:10:00	2026-05-02T08:40:00	中国铁路	G2520	二等座	860	6	6	海口东站	大同南站
TRAIN	C184	C070					2026-05-01T06:08:00	2026-05-02T03:34:00	中国铁路	G2522	二等座	1460	8	8	海口东站	喀什站
TRAIN	C184	C056					2026-05-01T06:37:00	2026-05-02T00:19:00	中国铁路	G2523	二等座	1215	9	9	海口东站	吐鲁番北站
TRAIN	C184	C292					2026-05-01T07:06:00	2026-05-02T03:16:00	中国铁路	G2524	二等座	1380	10	10	海口东站	阿勒泰站
TRAIN	C184	C222					2026-05-01T07:35:00	2026-05-01T20:50:00	中国铁路	G2525	二等座	915	11	11	海口东站	秦皇岛站
TRAIN	C184	C084					2026-05-01T08:04:00	2026-05-01T20:38:00	中国铁路	G2526	二等座	870	12	12	海口东站	威海站
TRAIN	C184	C176					2026-05-01T08:33:00	2026-05-01T14:28:00	中国铁路	G2527	二等座	430	13	13	海口东站	泉州站
TRAIN	C184	C129					2026-05-01T09:02:00	2026-05-01T18:20:00	中国铁路	G2528	二等座	655	14	14	海口东站	扬州东站
TRAIN	C184	C071					2026-05-01T09:31:00	2026-05-01T18:30:00	中国铁路	G2529	二等座	635	15	15	海口东站	嘉兴南站
TRAIN	C184	C040					2026-05-01T10:00:00	2026-05-01T11:28:00	中国铁路	G2530	二等座	135	16	16	海口东站	北海站
TRAIN	C184	C147					2026-05-01T10:29:00	2026-05-01T17:35:00	中国铁路	G2531	二等座	510	17	17	海口东站	景德镇北站
TRAIN	C184	C127					2026-05-01T11:56:00	2026-05-01T15:20:00	中国铁路	G2534	二等座	265	20	20	海口东站	惠州北站
TRAIN	C184	C205					2026-05-01T12:54:00	2026-05-02T01:16:00	中国铁路	G2536	二等座	870	22	22	海口东站	烟台站
TRAIN	C184	C025					2026-05-01T13:23:00	2026-05-01T16:13:00	中国铁路	G2537	二等座	230	23	23	海口东站	佛山西站
TRAIN	C184	C192					2026-05-01T14:21:00	2026-05-01T22:12:00	中国铁路	G2539	二等座	570	25	25	海口东站	温州南站
TRAIN	C128	C039					2026-05-01T14:50:00	2026-05-01T23:27:00	中国铁路	G2540	二等座	565	26	26	成都东站	北京南站
TRAIN	C128	C005					2026-05-01T15:19:00	2026-05-02T00:40:00	中国铁路	G2541	二等座	615	27	27	成都东站	上海虹桥站
TRAIN	C128	C082					2026-05-01T15:48:00	2026-05-02T00:25:00	中国铁路	G2542	二等座	570	28	28	成都东站	天津西站
TRAIN	C128	C272					2026-05-01T16:17:00	2026-05-01T18:07:00	中国铁路	G2543	二等座	115	29	29	成都东站	重庆北站
TRAIN	C128	C220					2026-05-01T16:46:00	2026-05-02T00:00:00	中国铁路	G2544	二等座	480	30	30	成都东站	石家庄站
TRAIN	C128	C083					2026-05-01T17:15:00	2026-05-01T23:43:00	中国铁路	G2545	二等座	430	31	31	成都东站	太原南站
TRAIN	C128	C061					2026-05-01T17:44:00	2026-05-02T01:20:00	中国铁路	G2546	二等座	505	32	32	成都东站	呼和浩特东站
TRAIN	C128	C172					2026-05-01T18:13:00	2026-05-02T06:06:00	中国铁路	G2547	二等座	790	33	33	成都东站	沈阳北站
TRAIN	C128	C283					2026-05-01T18:42:00	2026-05-02T07:54:00	中国铁路	G2548	二等座	880	34	34	成都东站	长春西站
TRAIN	C128	C066					2026-05-01T19:11:00	2026-05-02T09:27:00	中国铁路	G2549	二等座	955	35	35	成都东站	哈尔滨西站
TRAIN	C128	C042					2026-05-01T19:40:00	2026-05-02T03:39:00	中国铁路	G2550	二等座	535	5	5	成都东站	南京南站
TRAIN	C128	C153					2026-05-01T20:09:00	2026-05-02T04:51:00	中国铁路	G2551	二等座	585	6	6	成都东站	杭州东站
TRAIN	C128	C053					2026-05-01T05:38:00	2026-05-01T12:49:00	中国铁路	G2552	二等座	485	7	7	成都东站	合肥南站
TRAIN	C128	C221					2026-05-01T06:07:00	2026-05-01T14:59:00	中国铁路	G2553	二等座	595	8	8	成都东站	福州南站
TRAIN	C128	C046					2026-05-01T06:36:00	2026-05-01T13:15:00	中国铁路	G2554	二等座	450	9	9	成都东站	南昌西站
TRAIN	C128	C180					2026-05-01T07:05:00	2026-05-01T14:54:00	中国铁路	G2555	二等座	530	10	10	成都东站	济南西站
TRAIN	C128	C267					2026-05-01T07:34:00	2026-05-01T13:24:00	中国铁路	G2556	二等座	395	11	11	成都东站	郑州东站
TRAIN	C128	C164					2026-05-01T08:03:00	2026-05-01T13:44:00	中国铁路	G2557	二等座	385	12	12	成都东站	武汉站
TRAIN	C128	C284					2026-05-01T08:32:00	2026-05-01T13:47:00	中国铁路	G2558	二等座	360	13	13	成都东站	长沙南站
TRAIN	C128	C112					2026-05-01T09:01:00	2026-05-01T16:03:00	中国铁路	G2559	二等座	480	14	14	成都东站	广州南站
TRAIN	C128	C044					2026-05-01T09:30:00	2026-05-01T15:05:00	中国铁路	G2560	二等座	385	15	15	成都东站	南宁东站
TRAIN	C128	C184					2026-05-01T09:59:00	2026-05-01T17:31:00	中国铁路	G2561	二等座	515	16	16	成都东站	海口东站
TRAIN	C128	C249					2026-05-01T10:57:00	2026-05-01T14:04:00	中国铁路	G2563	二等座	220	18	18	成都东站	贵阳北站
TRAIN	C128	C142					2026-05-01T11:26:00	2026-05-01T15:14:00	中国铁路	G2564	二等座	270	19	19	成都东站	昆明南站
TRAIN	C128	C133					2026-05-01T11:55:00	2026-05-01T19:01:00	中国铁路	G2565	二等座	490	20	20	成都东站	拉萨站
TRAIN	C128	C246					2026-05-01T12:24:00	2026-05-01T16:09:00	中国铁路	G2566	二等座	265	21	21	成都东站	西安北站
TRAIN	C128	C034					2026-05-01T12:53:00	2026-05-01T16:35:00	中国铁路	G2567	二等座	265	22	22	成都东站	兰州西站
TRAIN	C128	C245					2026-05-01T13:22:00	2026-05-01T17:35:00	中国铁路	G2568	二等座	300	23	23	成都东站	西宁站
TRAIN	C128	C279					2026-05-01T13:51:00	2026-05-01T19:07:00	中国铁路	G2569	二等座	370	24	24	成都东站	银川站
TRAIN	C128	C018					2026-05-01T14:20:00	2026-05-02T01:51:00	中国铁路	G2570	二等座	790	25	25	成都东站	乌鲁木齐站
TRAIN	C128	C300					2026-05-01T14:49:00	2026-05-01T22:33:00	中国铁路	G2571	二等座	540	26	26	成都东站	香港西九龙站
TRAIN	C128	C190					2026-05-01T16:16:00	2026-05-01T23:52:00	中国铁路	G2574	二等座	530	29	29	成都东站	深圳北站
TRAIN	C128	C050					2026-05-01T16:45:00	2026-05-02T01:26:00	中国铁路	G2575	二等座	605	30	30	成都东站	厦门北站
TRAIN	C128	C297					2026-05-01T17:14:00	2026-05-02T02:25:00	中国铁路	G2576	二等座	640	31	31	成都东站	青岛北站
TRAIN	C128	C080					2026-05-01T17:43:00	2026-05-02T04:04:00	中国铁路	G2577	二等座	720	32	32	成都东站	大连北站
TRAIN	C128	C088					2026-05-01T18:12:00	2026-05-02T03:39:00	中国铁路	G2578	二等座	660	33	33	成都东站	宁波站
TRAIN	C128	C231					2026-05-01T18:41:00	2026-05-02T03:34:00	中国铁路	G2579	二等座	625	34	34	成都东站	苏州站
TRAIN	C128	C139					2026-05-01T19:10:00	2026-05-02T03:55:00	中国铁路	G2580	二等座	615	35	35	成都东站	无锡站
TRAIN	C128	C158					2026-05-01T19:39:00	2026-05-02T00:38:00	中国铁路	G2581	二等座	365	5	5	成都东站	桂林北站
TRAIN	C128	C002					2026-05-01T20:08:00	2026-05-02T04:29:00	中国铁路	G2582	二等座	590	6	6	成都东站	三亚站
TRAIN	C128	C119					2026-05-01T05:37:00	2026-05-01T09:28:00	中国铁路	G2583	二等座	290	7	7	成都东站	张家界西站
TRAIN	C128	C015					2026-05-01T06:06:00	2026-05-01T09:31:00	中国铁路	G2584	二等座	265	8	8	成都东站	丽江站
TRAIN	C128	C308					2026-05-01T07:04:00	2026-05-01T14:52:00	中国铁路	G2586	二等座	560	10	10	成都东站	黄山北站
TRAIN	C128	C210					2026-05-01T08:02:00	2026-05-01T15:33:00	中国铁路	G2588	二等座	540	12	12	成都东站	珠海站
TRAIN	C128	C179					2026-05-01T08:31:00	2026-05-01T13:48:00	中国铁路	G2589	二等座	395	13	13	成都东站	洛阳龙门站
TRAIN	C128	C077					2026-05-01T09:00:00	2026-05-01T16:40:00	中国铁路	G2590	二等座	555	14	14	成都东站	大同南站
TRAIN	C128	C070					2026-05-01T09:58:00	2026-05-02T01:03:00	中国铁路	G2592	二等座	1050	16	16	成都东站	喀什站
TRAIN	C128	C056					2026-05-01T10:27:00	2026-05-01T21:07:00	中国铁路	G2593	二等座	755	17	17	成都东站	吐鲁番北站
TRAIN	C128	C292					2026-05-01T10:56:00	2026-05-01T23:59:00	中国铁路	G2594	二等座	920	18	18	成都东站	阿勒泰站
TRAIN	C128	C222					2026-05-01T11:25:00	2026-05-01T21:14:00	中国铁路	G2595	二等座	650	19	19	成都东站	秦皇岛站
TRAIN	C128	C084					2026-05-01T11:54:00	2026-05-01T22:09:00	中国铁路	G2596	二等座	680	20	20	成都东站	威海站
TRAIN	C128	C176					2026-05-01T12:23:00	2026-05-01T21:14:00	中国铁路	G2597	二等座	585	21	21	成都东站	泉州站
TRAIN	C128	C129					2026-05-01T12:52:00	2026-05-01T21:11:00	中国铁路	G2598	二等座	550	22	22	成都东站	扬州东站
TRAIN	C128	C071					2026-05-01T13:21:00	2026-05-01T22:21:00	中国铁路	G2599	二等座	595	23	23	成都东站	嘉兴南站
TRAIN	C128	C040					2026-05-01T13:50:00	2026-05-01T20:19:00	中国铁路	G2600	二等座	430	24	24	成都东站	北海站
TRAIN	C128	C147					2026-05-01T14:19:00	2026-05-01T21:34:00	中国铁路	G2601	二等座	480	25	25	成都东站	景德镇北站
TRAIN	C128	C127					2026-05-01T15:46:00	2026-05-01T23:16:00	中国铁路	G2604	二等座	500	28	28	成都东站	惠州北站
TRAIN	C128	C205					2026-05-01T16:44:00	2026-05-02T02:41:00	中国铁路	G2606	二等座	665	30	30	成都东站	烟台站
TRAIN	C128	C025					2026-05-01T17:13:00	2026-05-02T00:14:00	中国铁路	G2607	二等座	470	31	31	成都东站	佛山西站
TRAIN	C128	C192					2026-05-01T18:11:00	2026-05-02T03:23:00	中国铁路	G2609	二等座	620	33	33	成都东站	温州南站
TRAIN	C249	C039					2026-05-01T18:40:00	2026-05-02T04:22:00	中国铁路	G2610	二等座	655	34	34	贵阳北站	北京南站
TRAIN	C249	C005					2026-05-01T19:09:00	2026-05-02T03:47:00	中国铁路	G2611	二等座	585	35	35	贵阳北站	上海虹桥站
TRAIN	C249	C082					2026-05-01T19:38:00	2026-05-02T05:10:00	中国铁路	G2612	二等座	645	5	5	贵阳北站	天津西站
TRAIN	C249	C272					2026-05-01T20:07:00	2026-05-01T22:16:00	中国铁路	G2613	二等座	155	6	6	贵阳北站	重庆北站
TRAIN	C249	C220					2026-05-01T05:36:00	2026-05-01T13:54:00	中国铁路	G2614	二等座	565	7	7	贵阳北站	石家庄站
TRAIN	C249	C083					2026-05-01T06:05:00	2026-05-01T13:50:00	中国铁路	G2615	二等座	530	8	8	贵阳北站	太原南站
TRAIN	C249	C061					2026-05-01T06:34:00	2026-05-01T15:50:00	中国铁路	G2616	二等座	630	9	9	贵阳北站	呼和浩特东站
TRAIN	C249	C172					2026-05-01T07:03:00	2026-05-01T19:43:00	中国铁路	G2617	二等座	860	10	10	贵阳北站	沈阳北站
TRAIN	C249	C283					2026-05-01T07:32:00	2026-05-01T21:37:00	中国铁路	G2618	二等座	955	11	11	贵阳北站	长春西站
TRAIN	C249	C066					2026-05-01T08:01:00	2026-05-01T23:17:00	中国铁路	G2619	二等座	1035	12	12	贵阳北站	哈尔滨西站
TRAIN	C249	C042					2026-05-01T08:30:00	2026-05-01T16:02:00	中国铁路	G2620	二等座	520	13	13	贵阳北站	南京南站
TRAIN	C249	C153					2026-05-01T08:59:00	2026-05-01T16:49:00	中国铁路	G2621	二等座	540	14	14	贵阳北站	杭州东站
TRAIN	C249	C053					2026-05-01T09:28:00	2026-05-01T16:13:00	中国铁路	G2622	二等座	470	15	15	贵阳北站	合肥南站
TRAIN	C249	C221					2026-05-01T09:57:00	2026-05-01T17:10:00	中国铁路	G2623	二等座	500	16	16	贵阳北站	福州南站
TRAIN	C249	C046					2026-05-01T10:26:00	2026-05-01T15:53:00	中国铁路	G2624	二等座	385	17	17	贵阳北站	南昌西站
TRAIN	C249	C180					2026-05-01T10:55:00	2026-05-01T19:19:00	中国铁路	G2625	二等座	580	18	18	贵阳北站	济南西站
TRAIN	C249	C267					2026-05-01T11:24:00	2026-05-01T17:51:00	中国铁路	G2626	二等座	455	19	19	贵阳北站	郑州东站
TRAIN	C249	C164					2026-05-01T11:53:00	2026-05-01T16:58:00	中国铁路	G2627	二等座	360	20	20	贵阳北站	武汉站
TRAIN	C249	C284					2026-05-01T12:22:00	2026-05-01T16:16:00	中国铁路	G2628	二等座	285	21	21	贵阳北站	长沙南站
TRAIN	C249	C112					2026-05-01T12:51:00	2026-05-01T17:26:00	中国铁路	G2629	二等座	330	22	22	贵阳北站	广州南站
TRAIN	C249	C044					2026-05-01T13:20:00	2026-05-01T16:14:00	中国铁路	G2630	二等座	220	23	23	贵阳北站	南宁东站
TRAIN	C249	C184					2026-05-01T13:49:00	2026-05-01T18:39:00	中国铁路	G2631	二等座	350	24	24	贵阳北站	海口东站
TRAIN	C249	C128					2026-05-01T14:18:00	2026-05-01T17:25:00	中国铁路	G2632	二等座	235	25	25	贵阳北站	成都东站
TRAIN	C249	C142					2026-05-01T15:16:00	2026-05-01T18:00:00	中国铁路	G2634	二等座	210	27	27	贵阳北站	昆明南站
TRAIN	C249	C133					2026-05-01T15:45:00	2026-05-02T00:30:00	中国铁路	G2635	二等座	615	28	28	贵阳北站	拉萨站
TRAIN	C249	C246					2026-05-01T16:14:00	2026-05-01T21:24:00	中国铁路	G2636	二等座	375	29	29	贵阳北站	西安北站
TRAIN	C249	C034					2026-05-01T16:43:00	2026-05-01T22:56:00	中国铁路	G2637	二等座	450	30	30	贵阳北站	兰州西站
TRAIN	C249	C245					2026-05-01T17:12:00	2026-05-02T00:04:00	中国铁路	G2638	二等座	495	31	31	贵阳北站	西宁站
TRAIN	C249	C279					2026-05-01T17:41:00	2026-05-02T01:11:00	中国铁路	G2639	二等座	535	32	32	贵阳北站	银川站
TRAIN	C249	C018					2026-05-01T18:10:00	2026-05-02T08:22:00	中国铁路	G2640	二等座	985	33	33	贵阳北站	乌鲁木齐站
TRAIN	C249	C300					2026-05-01T18:39:00	2026-05-01T23:55:00	中国铁路	G2641	二等座	390	34	34	贵阳北站	香港西九龙站
TRAIN	C249	C190					2026-05-01T20:06:00	2026-05-02T01:15:00	中国铁路	G2644	二等座	385	6	6	贵阳北站	深圳北站
TRAIN	C249	C050					2026-05-01T05:35:00	2026-05-01T12:19:00	中国铁路	G2645	二等座	490	7	7	贵阳北站	厦门北站
TRAIN	C249	C297					2026-05-01T06:04:00	2026-05-01T15:28:00	中国铁路	G2646	二等座	670	8	8	贵阳北站	青岛北站
TRAIN	C249	C080					2026-05-01T06:33:00	2026-05-01T17:27:00	中国铁路	G2647	二等座	770	9	9	贵阳北站	大连北站
TRAIN	C249	C088					2026-05-01T07:02:00	2026-05-01T15:32:00	中国铁路	G2648	二等座	610	10	10	贵阳北站	宁波站
TRAIN	C249	C231					2026-05-01T07:31:00	2026-05-01T15:44:00	中国铁路	G2649	二等座	595	11	11	贵阳北站	苏州站
TRAIN	C249	C139					2026-05-01T08:00:00	2026-05-01T16:07:00	中国铁路	G2650	二等座	535	12	12	贵阳北站	无锡站
TRAIN	C249	C158					2026-05-01T08:29:00	2026-05-01T11:02:00	中国铁路	G2651	二等座	160	13	13	贵阳北站	桂林北站
TRAIN	C249	C002					2026-05-01T08:58:00	2026-05-01T14:39:00	中国铁路	G2652	二等座	375	14	14	贵阳北站	三亚站
TRAIN	C249	C119					2026-05-01T09:27:00	2026-05-01T12:23:00	中国铁路	G2653	二等座	190	15	15	贵阳北站	张家界西站
TRAIN	C249	C015					2026-05-01T09:56:00	2026-05-01T13:46:00	中国铁路	G2654	二等座	250	16	16	贵阳北站	丽江站
TRAIN	C249	C308					2026-05-01T10:54:00	2026-05-01T17:45:00	中国铁路	G2656	二等座	455	18	18	贵阳北站	黄山北站
TRAIN	C249	C210					2026-05-01T11:52:00	2026-05-01T16:53:00	中国铁路	G2658	二等座	335	20	20	贵阳北站	珠海站
TRAIN	C249	C179					2026-05-01T12:21:00	2026-05-01T18:23:00	中国铁路	G2659	二等座	405	21	21	贵阳北站	洛阳龙门站
TRAIN	C249	C077					2026-05-01T12:50:00	2026-05-01T21:56:00	中国铁路	G2660	二等座	610	22	22	贵阳北站	大同南站
TRAIN	C249	C070					2026-05-01T13:48:00	2026-05-02T07:16:00	中国铁路	G2662	二等座	1170	24	24	贵阳北站	喀什站
TRAIN	C249	C056					2026-05-01T14:17:00	2026-05-02T03:37:00	中国铁路	G2663	二等座	895	25	25	贵阳北站	吐鲁番北站
TRAIN	C249	C292					2026-05-01T14:46:00	2026-05-02T06:31:00	中国铁路	G2664	二等座	1060	26	26	贵阳北站	阿勒泰站
TRAIN	C249	C222					2026-05-01T15:15:00	2026-05-02T01:54:00	中国铁路	G2665	二等座	720	27	27	贵阳北站	秦皇岛站
TRAIN	C249	C084					2026-05-01T15:44:00	2026-05-02T02:19:00	中国铁路	G2666	二等座	715	28	28	贵阳北站	威海站
TRAIN	C249	C176					2026-05-01T16:13:00	2026-05-01T23:12:00	中国铁路	G2667	二等座	475	29	29	贵阳北站	泉州站
TRAIN	C249	C129					2026-05-01T16:42:00	2026-05-02T00:36:00	中国铁路	G2668	二等座	535	30	30	贵阳北站	扬州东站
TRAIN	C249	C071					2026-05-01T17:11:00	2026-05-02T01:24:00	中国铁路	G2669	二等座	560	31	31	贵阳北站	嘉兴南站
TRAIN	C249	C040					2026-05-01T17:40:00	2026-05-01T21:28:00	中国铁路	G2670	二等座	265	32	32	贵阳北站	北海站
TRAIN	C249	C147					2026-05-01T18:09:00	2026-05-02T00:21:00	中国铁路	G2671	二等座	425	33	33	贵阳北站	景德镇北站
TRAIN	C249	C127					2026-05-01T19:36:00	2026-05-02T00:44:00	中国铁路	G2674	二等座	360	5	5	贵阳北站	惠州北站
TRAIN	C249	C205					2026-05-01T05:34:00	2026-05-01T15:52:00	中国铁路	G2676	二等座	705	7	7	贵阳北站	烟台站
TRAIN	C249	C025					2026-05-01T06:03:00	2026-05-01T10:36:00	中国铁路	G2677	二等座	320	8	8	贵阳北站	佛山西站
TRAIN	C249	C192					2026-05-01T07:01:00	2026-05-01T14:56:00	中国铁路	G2679	二等座	550	10	10	贵阳北站	温州南站
TRAIN	C142	C039					2026-05-01T07:30:00	2026-05-01T19:08:00	中国铁路	G2680	二等座	800	11	11	昆明南站	北京南站
TRAIN	C142	C005					2026-05-01T07:59:00	2026-05-01T18:57:00	中国铁路	G2681	二等座	755	12	12	昆明南站	上海虹桥站
TRAIN	C142	C082					2026-05-01T08:28:00	2026-05-01T20:00:00	中国铁路	G2682	二等座	795	13	13	昆明南站	天津西站
TRAIN	C142	C272					2026-05-01T08:57:00	2026-05-01T12:45:00	中国铁路	G2683	二等座	280	14	14	昆明南站	重庆北站
TRAIN	C142	C220					2026-05-01T09:26:00	2026-05-01T19:39:00	中国铁路	G2684	二等座	710	15	15	昆明南站	石家庄站
TRAIN	C142	C083					2026-05-01T09:55:00	2026-05-01T19:29:00	中国铁路	G2685	二等座	665	16	16	昆明南站	太原南站
TRAIN	C142	C061					2026-05-01T10:24:00	2026-05-01T21:17:00	中国铁路	G2686	二等座	755	17	17	昆明南站	呼和浩特东站
TRAIN	C142	C172					2026-05-01T10:53:00	2026-05-02T01:37:00	中国铁路	G2687	二等座	1015	18	18	昆明南站	沈阳北站
TRAIN	C142	C283					2026-05-01T11:22:00	2026-05-02T03:30:00	中国铁路	G2688	二等座	1110	19	19	昆明南站	长春西站
TRAIN	C142	C066					2026-05-01T11:51:00	2026-05-02T05:08:00	中国铁路	G2689	二等座	1185	20	20	昆明南站	哈尔滨西站
TRAIN	C142	C042					2026-05-01T12:20:00	2026-05-01T22:10:00	中国铁路	G2690	二等座	690	21	21	昆明南站	南京南站
TRAIN	C142	C153					2026-05-01T12:49:00	2026-05-01T22:58:00	中国铁路	G2691	二等座	710	22	22	昆明南站	杭州东站
TRAIN	C142	C053					2026-05-01T13:18:00	2026-05-01T22:21:00	中国铁路	G2692	二等座	640	23	23	昆明南站	合肥南站
TRAIN	C142	C221					2026-05-01T13:47:00	2026-05-01T23:10:00	中国铁路	G2693	二等座	660	24	24	昆明南站	福州南站
TRAIN	C142	C046					2026-05-01T14:16:00	2026-05-01T22:01:00	中国铁路	G2694	二等座	555	25	25	昆明南站	南昌西站
TRAIN	C142	C180					2026-05-01T14:45:00	2026-05-02T01:15:00	中国铁路	G2695	二等座	740	26	26	昆明南站	济南西站
TRAIN	C142	C267					2026-05-01T15:14:00	2026-05-01T23:45:00	中国铁路	G2696	二等座	605	27	27	昆明南站	郑州东站
TRAIN	C142	C164					2026-05-01T15:43:00	2026-05-01T23:06:00	中国铁路	G2697	二等座	530	28	28	昆明南站	武汉站
TRAIN	C142	C284					2026-05-01T16:12:00	2026-05-01T22:24:00	中国铁路	G2698	二等座	455	29	29	昆明南站	长沙南站
TRAIN	C142	C112					2026-05-01T16:41:00	2026-05-01T22:58:00	中国铁路	G2699	二等座	460	30	30	昆明南站	广州南站
TRAIN	C142	C044					2026-05-01T17:10:00	2026-05-01T20:57:00	中国铁路	G2700	二等座	295	31	31	昆明南站	南宁东站
TRAIN	C142	C184					2026-05-01T17:39:00	2026-05-01T23:10:00	中国铁路	G2701	二等座	410	32	32	昆明南站	海口东站
TRAIN	C142	C128					2026-05-01T18:08:00	2026-05-01T21:56:00	中国铁路	G2702	二等座	295	33	33	昆明南站	成都东站
TRAIN	C142	C249					2026-05-01T18:37:00	2026-05-01T21:21:00	中国铁路	G2703	二等座	225	34	34	昆明南站	贵阳北站
TRAIN	C142	C133					2026-05-01T19:35:00	2026-05-02T02:43:00	中国铁路	G2705	二等座	470	5	5	昆明南站	拉萨站
TRAIN	C142	C246					2026-05-01T20:04:00	2026-05-02T02:55:00	中国铁路	G2706	二等座	450	6	6	昆明南站	西安北站
TRAIN	C142	C034					2026-05-01T05:33:00	2026-05-01T12:35:00	中国铁路	G2707	二等座	465	7	7	昆明南站	兰州西站
TRAIN	C142	C245					2026-05-01T06:02:00	2026-05-01T13:23:00	中国铁路	G2708	二等座	485	8	8	昆明南站	西宁站
TRAIN	C142	C279					2026-05-01T06:31:00	2026-05-01T15:10:00	中国铁路	G2709	二等座	575	9	9	昆明南站	银川站
TRAIN	C142	C018					2026-05-01T07:00:00	2026-05-01T20:51:00	中国铁路	G2710	二等座	920	10	10	昆明南站	乌鲁木齐站
TRAIN	C142	C300					2026-05-01T07:29:00	2026-05-01T14:23:00	中国铁路	G2711	二等座	460	11	11	昆明南站	香港西九龙站
TRAIN	C142	C190					2026-05-01T08:56:00	2026-05-01T15:44:00	中国铁路	G2714	二等座	455	14	14	昆明南站	深圳北站
TRAIN	C142	C050					2026-05-01T09:25:00	2026-05-01T18:11:00	中国铁路	G2715	二等座	585	15	15	昆明南站	厦门北站
TRAIN	C142	C297					2026-05-01T09:54:00	2026-05-01T21:31:00	中国铁路	G2716	二等座	780	16	16	昆明南站	青岛北站
TRAIN	C142	C080					2026-05-01T10:23:00	2026-05-01T23:26:00	中国铁路	G2717	二等座	875	17	17	昆明南站	大连北站
TRAIN	C142	C088					2026-05-01T10:52:00	2026-05-01T21:40:00	中国铁路	G2718	二等座	725	18	18	昆明南站	宁波站
TRAIN	C142	C231					2026-05-01T11:21:00	2026-05-01T21:53:00	中国铁路	G2719	二等座	710	19	19	昆明南站	苏州站
TRAIN	C142	C139					2026-05-01T11:50:00	2026-05-01T22:16:00	中国铁路	G2720	二等座	705	20	20	昆明南站	无锡站
TRAIN	C142	C158					2026-05-01T12:19:00	2026-05-01T16:50:00	中国铁路	G2721	二等座	310	21	21	昆明南站	桂林北站
TRAIN	C142	C002					2026-05-01T12:48:00	2026-05-01T18:46:00	中国铁路	G2722	二等座	405	22	22	昆明南站	三亚站
TRAIN	C142	C119					2026-05-01T13:17:00	2026-05-01T18:30:00	中国铁路	G2723	二等座	355	23	23	昆明南站	张家界西站
TRAIN	C142	C015					2026-05-01T13:46:00	2026-05-01T15:54:00	中国铁路	G2724	二等座	150	24	24	昆明南站	丽江站
TRAIN	C142	C308					2026-05-01T14:44:00	2026-05-01T23:54:00	中国铁路	G2726	二等座	625	26	26	昆明南站	黄山北站
TRAIN	C142	C210					2026-05-01T15:42:00	2026-05-01T22:18:00	中国铁路	G2728	二等座	455	28	28	昆明南站	珠海站
TRAIN	C142	C179					2026-05-01T16:11:00	2026-05-02T00:14:00	中国铁路	G2729	二等座	555	29	29	昆明南站	洛阳龙门站
TRAIN	C142	C077					2026-05-01T16:40:00	2026-05-02T03:31:00	中国铁路	G2730	二等座	740	30	30	昆明南站	大同南站
TRAIN	C142	C070					2026-05-01T17:38:00	2026-05-02T09:59:00	中国铁路	G2732	二等座	1110	32	32	昆明南站	喀什站
TRAIN	C142	C056					2026-05-01T18:07:00	2026-05-02T07:08:00	中国铁路	G2733	二等座	890	33	33	昆明南站	吐鲁番北站
TRAIN	C142	C292					2026-05-01T18:36:00	2026-05-02T10:17:00	中国铁路	G2734	二等座	1070	34	34	昆明南站	阿勒泰站
TRAIN	C142	C222					2026-05-01T19:05:00	2026-05-02T07:47:00	中国铁路	G2735	二等座	870	35	35	昆明南站	秦皇岛站
TRAIN	C142	C084					2026-05-01T19:34:00	2026-05-02T08:21:00	中国铁路	G2736	二等座	875	5	5	昆明南站	威海站
TRAIN	C142	C176					2026-05-01T20:03:00	2026-05-02T05:07:00	中国铁路	G2737	二等座	630	6	6	昆明南站	泉州站
TRAIN	C142	C129					2026-05-01T05:32:00	2026-05-01T15:44:00	中国铁路	G2738	二等座	705	7	7	昆明南站	扬州东站
TRAIN	C142	C071					2026-05-01T06:01:00	2026-05-01T16:33:00	中国铁路	G2739	二等座	730	8	8	昆明南站	嘉兴南站
TRAIN	C142	C040					2026-05-01T06:30:00	2026-05-01T11:02:00	中国铁路	G2740	二等座	330	9	9	昆明南站	北海站
TRAIN	C142	C147					2026-05-01T06:59:00	2026-05-01T15:30:00	中国铁路	G2741	二等座	595	10	10	昆明南站	景德镇北站
TRAIN	C142	C127					2026-05-01T08:26:00	2026-05-01T15:21:00	中国铁路	G2744	二等座	490	13	13	昆明南站	惠州北站
TRAIN	C142	C205					2026-05-01T09:24:00	2026-05-01T21:54:00	中国铁路	G2746	二等座	870	15	15	昆明南站	烟台站
TRAIN	C142	C025					2026-05-01T09:53:00	2026-05-01T16:07:00	中国铁路	G2747	二等座	450	16	16	昆明南站	佛山西站
TRAIN	C142	C192					2026-05-01T10:51:00	2026-05-01T21:02:00	中国铁路	G2749	二等座	715	18	18	昆明南站	温州南站
TRAIN	C133	C039					2026-05-01T11:20:00	2026-05-02T01:30:00	中国铁路	G2750	二等座	985	19	19	拉萨站	北京南站
TRAIN	C133	C005					2026-05-01T11:49:00	2026-05-02T03:50:00	中国铁路	G2751	二等座	1110	20	20	拉萨站	上海虹桥站
TRAIN	C133	C082					2026-05-01T12:18:00	2026-05-02T02:41:00	中国铁路	G2752	二等座	1000	21	21	拉萨站	天津西站
TRAIN	C133	C272					2026-05-01T12:47:00	2026-05-01T21:11:00	中国铁路	G2753	二等座	600	22	22	拉萨站	重庆北站
TRAIN	C133	C220					2026-05-01T13:16:00	2026-05-02T02:16:00	中国铁路	G2754	二等座	910	23	23	拉萨站	石家庄站
TRAIN	C133	C083					2026-05-01T13:45:00	2026-05-02T01:50:00	中国铁路	G2755	二等座	850	24	24	拉萨站	太原南站
TRAIN	C133	C061					2026-05-01T14:14:00	2026-05-02T02:40:00	中国铁路	G2756	二等座	875	25	25	拉萨站	呼和浩特东站
TRAIN	C133	C172					2026-05-01T14:43:00	2026-05-02T08:16:00	中国铁路	G2757	二等座	1215	26	26	拉萨站	沈阳北站
TRAIN	C133	C283					2026-05-01T15:12:00	2026-05-02T09:52:00	中国铁路	G2758	二等座	1295	27	27	拉萨站	长春西站
TRAIN	C133	C066					2026-05-01T15:41:00	2026-05-02T11:11:00	中国铁路	G2759	二等座	1350	28	28	拉萨站	哈尔滨西站
TRAIN	C133	C042					2026-05-01T16:10:00	2026-05-02T06:48:00	中国铁路	G2760	二等座	970	29	29	拉萨站	南京南站
TRAIN	C133	C153					2026-05-01T16:39:00	2026-05-02T08:02:00	中国铁路	G2761	二等座	1020	30	30	拉萨站	杭州东站
TRAIN	C133	C053					2026-05-01T17:08:00	2026-05-02T06:58:00	中国铁路	G2762	二等座	920	31	31	拉萨站	合肥南站
TRAIN	C133	C221					2026-05-01T17:37:00	2026-05-02T09:01:00	中国铁路	G2763	二等座	1025	32	32	拉萨站	福州南站
TRAIN	C133	C046					2026-05-01T18:06:00	2026-05-02T07:24:00	中国铁路	G2764	二等座	885	33	33	拉萨站	南昌西站
TRAIN	C133	C180					2026-05-01T18:35:00	2026-05-02T08:33:00	中国铁路	G2765	二等座	930	34	34	拉萨站	济南西站
TRAIN	C133	C267					2026-05-01T19:04:00	2026-05-02T07:13:00	中国铁路	G2766	二等座	810	35	35	拉萨站	郑州东站
TRAIN	C133	C164					2026-05-01T19:33:00	2026-05-02T07:55:00	中国铁路	G2767	二等座	825	5	5	拉萨站	武汉站
TRAIN	C133	C284					2026-05-01T20:02:00	2026-05-02T07:51:00	中国铁路	G2768	二等座	790	6	6	拉萨站	长沙南站
TRAIN	C133	C112					2026-05-01T05:31:00	2026-05-01T18:22:00	中国铁路	G2769	二等座	860	7	7	拉萨站	广州南站
TRAIN	C133	C044					2026-05-01T06:00:00	2026-05-01T16:29:00	中国铁路	G2770	二等座	700	8	8	拉萨站	南宁东站
TRAIN	C133	C184					2026-05-01T06:29:00	2026-05-01T18:41:00	中国铁路	G2771	二等座	820	9	9	拉萨站	海口东站
TRAIN	C133	C128					2026-05-01T06:58:00	2026-05-01T14:04:00	中国铁路	G2772	二等座	480	10	10	拉萨站	成都东站
TRAIN	C133	C249					2026-05-01T07:27:00	2026-05-01T16:12:00	中国铁路	G2773	二等座	590	11	11	拉萨站	贵阳北站
TRAIN	C133	C142					2026-05-01T07:56:00	2026-05-01T15:04:00	中国铁路	G2774	二等座	480	12	12	拉萨站	昆明南站
TRAIN	C133	C246					2026-05-01T08:54:00	2026-05-01T18:44:00	中国铁路	G2776	二等座	665	14	14	拉萨站	西安北站
TRAIN	C133	C034					2026-05-01T09:23:00	2026-05-01T17:13:00	中国铁路	G2777	二等座	530	15	15	拉萨站	兰州西站
TRAIN	C133	C245					2026-05-01T09:52:00	2026-05-01T17:02:00	中国铁路	G2778	二等座	490	16	16	拉萨站	西宁站
TRAIN	C133	C279					2026-05-01T10:21:00	2026-05-01T19:53:00	中国铁路	G2779	二等座	650	17	17	拉萨站	银川站
TRAIN	C133	C018					2026-05-01T10:50:00	2026-05-01T19:54:00	中国铁路	G2780	二等座	615	18	18	拉萨站	乌鲁木齐站
TRAIN	C133	C300					2026-05-01T11:19:00	2026-05-02T00:49:00	中国铁路	G2781	二等座	915	19	19	拉萨站	香港西九龙站
TRAIN	C133	C190					2026-05-01T12:46:00	2026-05-02T02:10:00	中国铁路	G2784	二等座	910	22	22	拉萨站	深圳北站
TRAIN	C133	C050					2026-05-01T13:15:00	2026-05-02T04:17:00	中国铁路	G2785	二等座	1020	23	23	拉萨站	厦门北站
TRAIN	C133	C297					2026-05-01T13:44:00	2026-05-02T05:15:00	中国铁路	G2786	二等座	1055	24	24	拉萨站	青岛北站
TRAIN	C133	C080					2026-05-01T14:13:00	2026-05-02T06:34:00	中国铁路	G2787	二等座	1110	25	25	拉萨站	大连北站
TRAIN	C133	C088					2026-05-01T14:42:00	2026-05-02T06:50:00	中国铁路	G2788	二等座	1100	26	26	拉萨站	宁波站
TRAIN	C133	C231					2026-05-01T15:11:00	2026-05-02T06:44:00	中国铁路	G2789	二等座	1060	27	27	拉萨站	苏州站
TRAIN	C133	C139					2026-05-01T15:40:00	2026-05-02T07:05:00	中国铁路	G2790	二等座	1050	28	28	拉萨站	无锡站
TRAIN	C133	C158					2026-05-01T16:09:00	2026-05-02T03:02:00	中国铁路	G2791	二等座	750	29	29	拉萨站	桂林北站
TRAIN	C133	C002					2026-05-01T16:38:00	2026-05-02T05:08:00	中国铁路	G2792	二等座	860	30	30	拉萨站	三亚站
TRAIN	C133	C119					2026-05-01T17:07:00	2026-05-02T03:35:00	中国铁路	G2793	二等座	725	31	31	拉萨站	张家界西站
TRAIN	C133	C015					2026-05-01T17:36:00	2026-05-01T23:04:00	中国铁路	G2794	二等座	390	32	32	拉萨站	丽江站
TRAIN	C133	C308					2026-05-01T18:34:00	2026-05-02T09:04:00	中国铁路	G2796	二等座	995	34	34	拉萨站	黄山北站
TRAIN	C133	C210					2026-05-01T19:32:00	2026-05-02T08:45:00	中国铁路	G2798	二等座	915	5	5	拉萨站	珠海站
TRAIN	C133	C179					2026-05-01T20:01:00	2026-05-02T07:35:00	中国铁路	G2799	二等座	805	6	6	拉萨站	洛阳龙门站
TRAIN	C133	C077					2026-05-01T05:30:00	2026-05-01T18:23:00	中国铁路	G2800	二等座	895	7	7	拉萨站	大同南站
TRAIN	C133	C070					2026-05-01T06:28:00	2026-05-01T16:22:00	中国铁路	G2802	二等座	695	9	9	拉萨站	喀什站
TRAIN	C133	C056					2026-05-01T06:57:00	2026-05-01T15:22:00	中国铁路	G2803	二等座	595	10	10	拉萨站	吐鲁番北站
TRAIN	C133	C292					2026-05-01T07:26:00	2026-05-01T18:49:00	中国铁路	G2804	二等座	795	11	11	拉萨站	阿勒泰站
TRAIN	C133	C222					2026-05-01T07:55:00	2026-05-01T23:30:00	中国铁路	G2805	二等座	1080	12	12	拉萨站	秦皇岛站
TRAIN	C133	C084					2026-05-01T08:24:00	2026-05-02T00:51:00	中国铁路	G2806	二等座	1140	13	13	拉萨站	威海站
TRAIN	C133	C176					2026-05-01T08:53:00	2026-05-02T00:09:00	中国铁路	G2807	二等座	1060	14	14	拉萨站	泉州站
TRAIN	C133	C129					2026-05-01T09:22:00	2026-05-02T00:18:00	中国铁路	G2808	二等座	1040	15	15	拉萨站	扬州东站
TRAIN	C133	C071					2026-05-01T09:51:00	2026-05-02T01:32:00	中国铁路	G2809	二等座	1090	16	16	拉萨站	嘉兴南站
TRAIN	C133	C040					2026-05-01T10:20:00	2026-05-01T21:34:00	中国铁路	G2810	二等座	795	17	17	拉萨站	北海站
TRAIN	C133	C147					2026-05-01T10:49:00	2026-05-02T00:45:00	中国铁路	G2811	二等座	975	18	18	拉萨站	景德镇北站
TRAIN	C133	C127					2026-05-01T12:16:00	2026-05-02T01:42:00	中国铁路	G2814	二等座	945	21	21	拉萨站	惠州北站
TRAIN	C133	C205					2026-05-01T13:14:00	2026-05-02T05:22:00	中国铁路	G2816	二等座	1070	23	23	拉萨站	烟台站
TRAIN	C133	C025					2026-05-01T13:43:00	2026-05-02T02:31:00	中国铁路	G2817	二等座	850	24	24	拉萨站	佛山西站
TRAIN	C133	C192					2026-05-01T14:41:00	2026-05-02T06:32:00	中国铁路	G2819	二等座	1055	26	26	拉萨站	温州南站
TRAIN	C246	C039					2026-05-01T15:10:00	2026-05-01T20:27:00	中国铁路	G2820	二等座	350	27	27	西安北站	北京南站
TRAIN	C246	C005					2026-05-01T15:39:00	2026-05-01T22:38:00	中国铁路	G2821	二等座	465	28	28	西安北站	上海虹桥站
TRAIN	C246	C082					2026-05-01T16:08:00	2026-05-01T21:25:00	中国铁路	G2822	二等座	350	29	29	西安北站	天津西站
TRAIN	C246	C272					2026-05-01T16:37:00	2026-05-01T20:08:00	中国铁路	G2823	二等座	235	30	30	西安北站	重庆北站
TRAIN	C246	C220					2026-05-01T17:06:00	2026-05-01T21:00:00	中国铁路	G2824	二等座	260	31	31	西安北站	石家庄站
TRAIN	C246	C083					2026-05-01T17:35:00	2026-05-01T20:44:00	中国铁路	G2825	二等座	210	32	32	西安北站	太原南站
TRAIN	C246	C061					2026-05-01T18:04:00	2026-05-01T22:35:00	中国铁路	G2826	二等座	305	33	33	西安北站	呼和浩特东站
TRAIN	C246	C172					2026-05-01T18:33:00	2026-05-02T03:06:00	中国铁路	G2827	二等座	575	34	34	西安北站	沈阳北站
TRAIN	C246	C283					2026-05-01T19:02:00	2026-05-02T04:54:00	中国铁路	G2828	二等座	665	35	35	西安北站	长春西站
TRAIN	C246	C066					2026-05-01T19:31:00	2026-05-02T06:28:00	中国铁路	G2829	二等座	735	5	5	西安北站	哈尔滨西站
TRAIN	C246	C042					2026-05-01T20:00:00	2026-05-02T01:32:00	中国铁路	G2830	二等座	375	6	6	西安北站	南京南站
TRAIN	C246	C153					2026-05-01T20:29:00	2026-05-02T03:04:00	中国铁路	G2831	二等座	445	7	7	西安北站	杭州东站
TRAIN	C246	C053					2026-05-01T05:58:00	2026-05-01T10:48:00	中国铁路	G2832	二等座	330	8	8	西安北站	合肥南站
TRAIN	C246	C221					2026-05-01T06:27:00	2026-05-01T14:08:00	中国铁路	G2833	二等座	525	9	9	西安北站	福州南站
TRAIN	C246	C046					2026-05-01T06:56:00	2026-05-01T12:14:00	中国铁路	G2834	二等座	365	10	10	西安北站	南昌西站
TRAIN	C246	C180					2026-05-01T07:25:00	2026-05-01T12:00:00	中国铁路	G2835	二等座	315	11	11	西安北站	济南西站
TRAIN	C246	C267					2026-05-01T07:54:00	2026-05-01T10:38:00	中国铁路	G2836	二等座	195	12	12	西安北站	郑州东站
TRAIN	C246	C164					2026-05-01T08:23:00	2026-05-01T12:19:00	中国铁路	G2837	二等座	275	13	13	西安北站	武汉站
TRAIN	C246	C284					2026-05-01T08:52:00	2026-05-01T13:28:00	中国铁路	G2838	二等座	320	14	14	西安北站	长沙南站
TRAIN	C246	C112					2026-05-01T09:21:00	2026-05-01T16:50:00	中国铁路	G2839	二等座	515	15	15	西安北站	广州南站
TRAIN	C246	C044					2026-05-01T09:50:00	2026-05-01T17:09:00	中国铁路	G2840	二等座	505	16	16	西安北站	南宁东站
TRAIN	C246	C184					2026-05-01T10:19:00	2026-05-01T19:18:00	中国铁路	G2841	二等座	620	17	17	西安北站	海口东站
TRAIN	C246	C128					2026-05-01T10:48:00	2026-05-01T14:33:00	中国铁路	G2842	二等座	270	18	18	西安北站	成都东站
TRAIN	C246	C249					2026-05-01T11:17:00	2026-05-01T16:27:00	中国铁路	G2843	二等座	365	19	19	西安北站	贵阳北站
TRAIN	C246	C142					2026-05-01T11:46:00	2026-05-01T18:37:00	中国铁路	G2844	二等座	475	20	20	西安北站	昆明南站
TRAIN	C246	C133					2026-05-01T12:15:00	2026-05-01T22:05:00	中国铁路	G2845	二等座	680	21	21	西安北站	拉萨站
TRAIN	C246	C034					2026-05-01T13:13:00	2026-05-01T16:20:00	中国铁路	G2847	二等座	230	23	23	西安北站	兰州西站
TRAIN	C246	C245					2026-05-01T13:42:00	2026-05-01T17:51:00	中国铁路	G2848	二等座	300	24	24	西安北站	西宁站
TRAIN	C246	C279					2026-05-01T14:11:00	2026-05-01T17:24:00	中国铁路	G2849	二等座	240	25	25	西安北站	银川站
TRAIN	C246	C018					2026-05-01T14:40:00	2026-05-02T02:26:00	中国铁路	G2850	二等座	815	26	26	西安北站	乌鲁木齐站
TRAIN	C246	C300					2026-05-01T15:09:00	2026-05-01T23:15:00	中国铁路	G2851	二等座	570	27	27	西安北站	香港西九龙站
TRAIN	C246	C190					2026-05-01T16:36:00	2026-05-02T00:34:00	中国铁路	G2854	二等座	560	30	30	西安北站	深圳北站
TRAIN	C246	C050					2026-05-01T17:05:00	2026-05-02T01:04:00	中国铁路	G2855	二等座	565	31	31	西安北站	厦门北站
TRAIN	C246	C297					2026-05-01T17:34:00	2026-05-01T23:40:00	中国铁路	G2856	二等座	440	32	32	西安北站	青岛北站
TRAIN	C246	C080					2026-05-01T18:03:00	2026-05-02T01:07:00	中国铁路	G2857	二等座	505	33	33	西安北站	大连北站
TRAIN	C246	C088					2026-05-01T18:32:00	2026-05-02T01:52:00	中国铁路	G2858	二等座	525	34	34	西安北站	宁波站
TRAIN	C246	C231					2026-05-01T19:01:00	2026-05-02T01:33:00	中国铁路	G2859	二等座	470	35	35	西安北站	苏州站
TRAIN	C246	C139					2026-05-01T19:30:00	2026-05-02T01:52:00	中国铁路	G2860	二等座	460	5	5	西安北站	无锡站
TRAIN	C246	C158					2026-05-01T19:59:00	2026-05-02T01:52:00	中国铁路	G2861	二等座	430	6	6	西安北站	桂林北站
TRAIN	C246	C002					2026-05-01T20:28:00	2026-05-02T06:30:00	中国铁路	G2862	二等座	710	7	7	西安北站	三亚站
TRAIN	C246	C119					2026-05-01T05:57:00	2026-05-01T09:35:00	中国铁路	G2863	二等座	280	8	8	西安北站	张家界西站
TRAIN	C246	C015					2026-05-01T06:26:00	2026-05-01T13:11:00	中国铁路	G2864	二等座	490	9	9	西安北站	丽江站
TRAIN	C246	C308					2026-05-01T07:24:00	2026-05-01T13:19:00	中国铁路	G2866	二等座	440	11	11	西安北站	黄山北站
TRAIN	C246	C210					2026-05-01T08:22:00	2026-05-01T16:24:00	中国铁路	G2868	二等座	580	13	13	西安北站	珠海站
TRAIN	C246	C179					2026-05-01T08:51:00	2026-05-01T11:00:00	中国铁路	G2869	二等座	190	14	14	西安北站	洛阳龙门站
TRAIN	C246	C077					2026-05-01T09:20:00	2026-05-01T13:46:00	中国铁路	G2870	二等座	285	15	15	西安北站	大同南站
TRAIN	C246	C070					2026-05-01T10:18:00	2026-05-02T02:40:00	中国铁路	G2872	二等座	1090	17	17	西安北站	喀什站
TRAIN	C246	C056					2026-05-01T10:47:00	2026-05-01T21:43:00	中国铁路	G2873	二等座	725	18	18	西安北站	吐鲁番北站
TRAIN	C246	C292					2026-05-01T11:16:00	2026-05-01T23:59:00	中国铁路	G2874	二等座	845	19	19	西安北站	阿勒泰站
TRAIN	C246	C222					2026-05-01T11:45:00	2026-05-01T18:15:00	中国铁路	G2875	二等座	430	20	20	西安北站	秦皇岛站
TRAIN	C246	C084					2026-05-01T12:14:00	2026-05-01T19:18:00	中国铁路	G2876	二等座	470	21	21	西安北站	威海站
TRAIN	C246	C176					2026-05-01T12:43:00	2026-05-01T20:43:00	中国铁路	G2877	二等座	535	22	22	西安北站	泉州站
TRAIN	C246	C129					2026-05-01T13:12:00	2026-05-01T18:58:00	中国铁路	G2878	二等座	385	23	23	西安北站	扬州东站
TRAIN	C246	C071					2026-05-01T13:41:00	2026-05-01T20:26:00	中国铁路	G2879	二等座	450	24	24	西安北站	嘉兴南站
TRAIN	C246	C040					2026-05-01T14:10:00	2026-05-01T22:16:00	中国铁路	G2880	二等座	545	25	25	西安北站	北海站
TRAIN	C246	C147					2026-05-01T14:39:00	2026-05-01T20:14:00	中国铁路	G2881	二等座	375	26	26	西安北站	景德镇北站
TRAIN	C246	C127					2026-05-01T16:06:00	2026-05-01T23:49:00	中国铁路	G2884	二等座	520	29	29	西安北站	惠州北站
TRAIN	C246	C205					2026-05-01T17:04:00	2026-05-01T23:49:00	中国铁路	G2886	二等座	460	31	31	西安北站	烟台站
TRAIN	C246	C025					2026-05-01T17:33:00	2026-05-02T01:05:00	中国铁路	G2887	二等座	510	32	32	西安北站	佛山西站
TRAIN	C246	C192					2026-05-01T18:31:00	2026-05-02T02:01:00	中国铁路	G2889	二等座	510	34	34	西安北站	温州南站
TRAIN	C034	C039					2026-05-01T19:00:00	2026-05-02T01:46:00	中国铁路	G2890	二等座	465	35	35	兰州西站	北京南站
TRAIN	C034	C005					2026-05-01T19:29:00	2026-05-02T05:08:00	中国铁路	G2891	二等座	655	5	5	兰州西站	上海虹桥站
TRAIN	C034	C082					2026-05-01T19:58:00	2026-05-02T02:58:00	中国铁路	G2892	二等座	480	6	6	兰州西站	天津西站
TRAIN	C034	C272					2026-05-01T20:27:00	2026-05-02T00:59:00	中国铁路	G2893	二等座	315	7	7	兰州西站	重庆北站
TRAIN	C034	C220					2026-05-01T05:56:00	2026-05-01T11:35:00	中国铁路	G2894	二等座	390	8	8	兰州西站	石家庄站
TRAIN	C034	C083					2026-05-01T06:25:00	2026-05-01T11:08:00	中国铁路	G2895	二等座	330	9	9	兰州西站	太原南站
TRAIN	C034	C061					2026-05-01T06:54:00	2026-05-01T12:00:00	中国铁路	G2896	二等座	355	10	10	兰州西站	呼和浩特东站
TRAIN	C034	C172					2026-05-01T07:23:00	2026-05-01T17:31:00	中国铁路	G2897	二等座	695	11	11	兰州西站	沈阳北站
TRAIN	C034	C283					2026-05-01T07:52:00	2026-05-01T19:08:00	中国铁路	G2898	二等座	770	12	12	兰州西站	长春西站
TRAIN	C034	C066					2026-05-01T08:21:00	2026-05-01T20:30:00	中国铁路	G2899	二等座	830	13	13	兰州西站	哈尔滨西站
TRAIN	C034	C042					2026-05-01T08:50:00	2026-05-01T17:02:00	中国铁路	G2900	二等座	570	14	14	兰州西站	南京南站
TRAIN	C034	C153					2026-05-01T09:19:00	2026-05-01T18:35:00	中国铁路	G2901	二等座	640	15	15	兰州西站	杭州东站
TRAIN	C034	C053					2026-05-01T09:48:00	2026-05-01T17:19:00	中国铁路	G2902	二等座	525	16	16	兰州西站	合肥南站
TRAIN	C034	C221					2026-05-01T10:17:00	2026-05-01T20:36:00	中国铁路	G2903	二等座	715	17	17	兰州西站	福州南站
TRAIN	C034	C046					2026-05-01T10:46:00	2026-05-01T18:41:00	中国铁路	G2904	二等座	555	18	18	兰州西站	南昌西站
TRAIN	C034	C180					2026-05-01T11:15:00	2026-05-01T18:01:00	中国铁路	G2905	二等座	480	19	19	兰州西站	济南西站
TRAIN	C034	C267					2026-05-01T11:44:00	2026-05-01T16:59:00	中国铁路	G2906	二等座	380	20	20	兰州西站	郑州东站
TRAIN	C034	C164					2026-05-01T12:13:00	2026-05-01T18:48:00	中国铁路	G2907	二等座	470	21	21	兰州西站	武汉站
TRAIN	C034	C284					2026-05-01T12:42:00	2026-05-01T19:41:00	中国铁路	G2908	二等座	495	22	22	兰州西站	长沙南站
TRAIN	C034	C112					2026-05-01T13:11:00	2026-05-01T22:44:00	中国铁路	G2909	二等座	670	23	23	兰州西站	广州南站
TRAIN	C034	C044					2026-05-01T13:40:00	2026-05-01T22:20:00	中国铁路	G2910	二等座	610	24	24	兰州西站	南宁东站
TRAIN	C034	C184					2026-05-01T14:09:00	2026-05-02T00:43:00	中国铁路	G2911	二等座	740	25	25	兰州西站	海口东站
TRAIN	C034	C128					2026-05-01T14:38:00	2026-05-01T18:20:00	中国铁路	G2912	二等座	280	26	26	兰州西站	成都东站
TRAIN	C034	C249					2026-05-01T15:07:00	2026-05-01T21:20:00	中国铁路	G2913	二等座	450	27	27	兰州西站	贵阳北站
TRAIN	C034	C142					2026-05-01T15:36:00	2026-05-01T22:38:00	中国铁路	G2914	二等座	505	28	28	兰州西站	昆明南站
TRAIN	C034	C133					2026-05-01T16:05:00	2026-05-01T23:55:00	中国铁路	G2915	二等座	560	29	29	兰州西站	拉萨站
TRAIN	C034	C246					2026-05-01T16:34:00	2026-05-01T19:41:00	中国铁路	G2916	二等座	245	30	30	兰州西站	西安北站
TRAIN	C034	C245					2026-05-01T17:32:00	2026-05-01T19:00:00	中国铁路	G2918	二等座	135	32	32	兰州西站	西宁站
TRAIN	C034	C279					2026-05-01T18:01:00	2026-05-01T20:17:00	中国铁路	G2919	二等座	190	33	33	兰州西站	银川站
TRAIN	C034	C018					2026-05-01T18:30:00	2026-05-02T03:39:00	中国铁路	G2920	二等座	655	34	34	兰州西站	乌鲁木齐站
TRAIN	C034	C300					2026-05-01T18:59:00	2026-05-02T05:13:00	中国铁路	G2921	二等座	725	35	35	兰州西站	香港西九龙站
TRAIN	C034	C190					2026-05-01T20:26:00	2026-05-02T06:31:00	中国铁路	G2924	二等座	720	7	7	兰州西站	深圳北站
TRAIN	C034	C050					2026-05-01T05:55:00	2026-05-01T16:25:00	中国铁路	G2925	二等座	695	8	8	兰州西站	厦门北站
TRAIN	C034	C297					2026-05-01T06:24:00	2026-05-01T14:48:00	中国铁路	G2926	二等座	555	9	9	兰州西站	青岛北站
TRAIN	C034	C080					2026-05-01T06:53:00	2026-05-01T15:53:00	中国铁路	G2927	二等座	595	10	10	兰州西站	大连北站
TRAIN	C034	C088					2026-05-01T07:22:00	2026-05-01T17:24:00	中国铁路	G2928	二等座	665	11	11	兰州西站	宁波站
TRAIN	C034	C231					2026-05-01T07:51:00	2026-05-01T17:03:00	中国铁路	G2929	二等座	610	12	12	兰州西站	苏州站
TRAIN	C034	C139					2026-05-01T08:20:00	2026-05-01T17:22:00	中国铁路	G2930	二等座	600	13	13	兰州西站	无锡站
TRAIN	C034	C158					2026-05-01T08:49:00	2026-05-01T16:29:00	中国铁路	G2931	二等座	510	14	14	兰州西站	桂林北站
TRAIN	C034	C002					2026-05-01T09:18:00	2026-05-01T20:47:00	中国铁路	G2932	二等座	765	15	15	兰州西站	三亚站
TRAIN	C034	C119					2026-05-01T09:47:00	2026-05-01T15:32:00	中国铁路	G2933	二等座	385	16	16	兰州西站	张家界西站
TRAIN	C034	C015					2026-05-01T10:16:00	2026-05-01T16:29:00	中国铁路	G2934	二等座	415	17	17	兰州西站	丽江站
TRAIN	C034	C308					2026-05-01T11:14:00	2026-05-01T19:51:00	中国铁路	G2936	二等座	580	19	19	兰州西站	黄山北站
TRAIN	C034	C210					2026-05-01T12:12:00	2026-05-01T22:18:00	中国铁路	G2938	二等座	680	21	21	兰州西站	珠海站
TRAIN	C034	C179					2026-05-01T12:41:00	2026-05-01T17:23:00	中国铁路	G2939	二等座	320	22	22	兰州西站	洛阳龙门站
TRAIN	C034	C077					2026-05-01T13:10:00	2026-05-01T18:39:00	中国铁路	G2940	二等座	370	23	23	兰州西站	大同南站
TRAIN	C034	C070					2026-05-01T14:08:00	2026-05-02T03:49:00	中国铁路	G2942	二等座	925	25	25	兰州西站	喀什站
TRAIN	C034	C056					2026-05-01T14:37:00	2026-05-01T22:56:00	中国铁路	G2943	二等座	565	26	26	兰州西站	吐鲁番北站
TRAIN	C034	C292					2026-05-01T15:06:00	2026-05-02T01:24:00	中国铁路	G2944	二等座	700	27	27	兰州西站	阿勒泰站
TRAIN	C034	C222					2026-05-01T15:35:00	2026-05-01T23:46:00	中国铁路	G2945	二等座	560	28	28	兰州西站	秦皇岛站
TRAIN	C034	C084					2026-05-01T16:04:00	2026-05-02T01:16:00	中国铁路	G2946	二等座	625	29	29	兰州西站	威海站
TRAIN	C034	C176					2026-05-01T16:33:00	2026-05-02T03:06:00	中国铁路	G2947	二等座	720	30	30	兰州西站	泉州站
TRAIN	C034	C129					2026-05-01T17:02:00	2026-05-02T01:27:00	中国铁路	G2948	二等座	575	31	31	兰州西站	扬州东站
TRAIN	C034	C071					2026-05-01T17:31:00	2026-05-02T02:57:00	中国铁路	G2949	二等座	645	32	32	兰州西站	嘉兴南站
TRAIN	C034	C040					2026-05-01T18:00:00	2026-05-02T03:34:00	中国铁路	G2950	二等座	655	33	33	兰州西站	北海站
TRAIN	C034	C147					2026-05-01T18:29:00	2026-05-02T02:44:00	中国铁路	G2951	二等座	570	34	34	兰州西站	景德镇北站
TRAIN	C034	C127					2026-05-01T19:56:00	2026-05-02T05:50:00	中国铁路	G2954	二等座	680	6	6	兰州西站	惠州北站
TRAIN	C034	C205					2026-05-01T05:54:00	2026-05-01T14:47:00	中国铁路	G2956	二等座	615	8	8	兰州西站	烟台站
TRAIN	C034	C025					2026-05-01T06:23:00	2026-05-01T15:58:00	中国铁路	G2957	二等座	665	9	9	兰州西站	佛山西站
TRAIN	C034	C192					2026-05-01T07:21:00	2026-05-01T17:33:00	中国铁路	G2959	二等座	705	11	11	兰州西站	温州南站
TRAIN	C245	C039					2026-05-01T07:50:00	2026-05-01T15:23:00	中国铁路	G2960	二等座	530	12	12	西宁站	北京南站
TRAIN	C245	C005					2026-05-01T08:19:00	2026-05-01T19:00:00	中国铁路	G2961	二等座	740	13	13	西宁站	上海虹桥站
TRAIN	C245	C082					2026-05-01T08:48:00	2026-05-01T16:38:00	中国铁路	G2962	二等座	550	14	14	西宁站	天津西站
TRAIN	C245	C272					2026-05-01T09:17:00	2026-05-01T14:33:00	中国铁路	G2963	二等座	380	15	15	西宁站	重庆北站
TRAIN	C245	C220					2026-05-01T09:46:00	2026-05-01T16:17:00	中国铁路	G2964	二等座	465	16	16	西宁站	石家庄站
TRAIN	C245	C083					2026-05-01T10:15:00	2026-05-01T15:51:00	中国铁路	G2965	二等座	405	17	17	西宁站	太原南站
TRAIN	C245	C061					2026-05-01T10:44:00	2026-05-01T16:26:00	中国铁路	G2966	二等座	415	18	18	西宁站	呼和浩特东站
TRAIN	C245	C172					2026-05-01T11:13:00	2026-05-01T22:06:00	中国铁路	G2967	二等座	760	19	19	西宁站	沈阳北站
TRAIN	C245	C283					2026-05-01T11:42:00	2026-05-01T23:39:00	中国铁路	G2968	二等座	835	20	20	西宁站	长春西站
TRAIN	C245	C066					2026-05-01T12:11:00	2026-05-02T00:56:00	中国铁路	G2969	二等座	890	21	21	西宁站	哈尔滨西站
TRAIN	C245	C042					2026-05-01T12:40:00	2026-05-01T21:54:00	中国铁路	G2970	二等座	655	22	22	西宁站	南京南站
TRAIN	C245	C153					2026-05-01T13:09:00	2026-05-01T23:28:00	中国铁路	G2971	二等座	725	23	23	西宁站	杭州东站
TRAIN	C245	C053					2026-05-01T13:38:00	2026-05-01T22:12:00	中国铁路	G2972	二等座	610	24	24	西宁站	合肥南站
TRAIN	C245	C221					2026-05-01T14:07:00	2026-05-02T01:27:00	中国铁路	G2973	二等座	795	25	25	西宁站	福州南站
TRAIN	C245	C046					2026-05-01T14:36:00	2026-05-01T23:32:00	中国铁路	G2974	二等座	635	26	26	西宁站	南昌西站
TRAIN	C245	C180					2026-05-01T15:05:00	2026-05-01T22:48:00	中国铁路	G2975	二等座	555	27	27	西宁站	济南西站
TRAIN	C245	C267					2026-05-01T15:34:00	2026-05-01T21:50:00	中国铁路	G2976	二等座	460	28	28	西宁站	郑州东站
TRAIN	C245	C164					2026-05-01T16:03:00	2026-05-01T23:40:00	中国铁路	G2977	二等座	550	29	29	西宁站	武汉站
TRAIN	C245	C284					2026-05-01T16:32:00	2026-05-02T00:29:00	中国铁路	G2978	二等座	575	30	30	西宁站	长沙南站
TRAIN	C245	C112					2026-05-01T17:01:00	2026-05-02T03:26:00	中国铁路	G2979	二等座	740	31	31	西宁站	广州南站
TRAIN	C245	C044					2026-05-01T17:30:00	2026-05-02T02:50:00	中国铁路	G2980	二等座	615	32	32	西宁站	南宁东站
TRAIN	C245	C184					2026-05-01T17:59:00	2026-05-02T05:15:00	中国铁路	G2981	二等座	745	33	33	西宁站	海口东站
TRAIN	C245	C128					2026-05-01T18:28:00	2026-05-01T22:41:00	中国铁路	G2982	二等座	275	34	34	西宁站	成都东站
TRAIN	C245	C249					2026-05-01T18:57:00	2026-05-02T01:49:00	中国铁路	G2983	二等座	455	35	35	西宁站	贵阳北站
TRAIN	C245	C142					2026-05-01T19:26:00	2026-05-02T02:47:00	中国铁路	G2984	二等座	485	5	5	西宁站	昆明南站
TRAIN	C245	C133					2026-05-01T19:55:00	2026-05-02T03:05:00	中国铁路	G2985	二等座	475	6	6	西宁站	拉萨站
TRAIN	C245	C246					2026-05-01T20:24:00	2026-05-02T00:33:00	中国铁路	G2986	二等座	275	7	7	西宁站	西安北站
TRAIN	C245	C034					2026-05-01T05:53:00	2026-05-01T07:21:00	中国铁路	G2987	二等座	95	8	8	西宁站	兰州西站
TRAIN	C245	C279					2026-05-01T06:51:00	2026-05-01T09:39:00	中国铁路	G2989	二等座	185	10	10	西宁站	银川站
TRAIN	C245	C018					2026-05-01T07:20:00	2026-05-01T15:30:00	中国铁路	G2990	二等座	545	11	11	西宁站	乌鲁木齐站
TRAIN	C245	C300					2026-05-01T07:49:00	2026-05-01T18:55:00	中国铁路	G2991	二等座	745	12	12	西宁站	香港西九龙站
TRAIN	C245	C190					2026-05-01T09:16:00	2026-05-01T20:14:00	中国铁路	G2994	二等座	740	15	15	西宁站	深圳北站
TRAIN	C245	C050					2026-05-01T09:45:00	2026-05-01T21:14:00	中国铁路	G2995	二等座	775	16	16	西宁站	厦门北站
TRAIN	C245	C297					2026-05-01T10:14:00	2026-05-01T19:36:00	中国铁路	G2996	二等座	635	17	17	西宁站	青岛北站
TRAIN	C245	C080					2026-05-01T10:43:00	2026-05-01T20:35:00	中国铁路	G2997	二等座	670	18	18	西宁站	大连北站
TRAIN	C245	C088					2026-05-01T11:12:00	2026-05-01T22:16:00	中国铁路	G2998	二等座	750	19	19	西宁站	宁波站
TRAIN	C245	C231					2026-05-01T11:41:00	2026-05-01T21:56:00	中国铁路	G2999	二等座	695	20	20	西宁站	苏州站
TRAIN	C245	C139					2026-05-01T12:10:00	2026-05-01T22:14:00	中国铁路	G3000	二等座	685	21	21	西宁站	无锡站
TRAIN	C245	C158					2026-05-01T12:39:00	2026-05-01T21:08:00	中国铁路	G3001	二等座	580	22	22	西宁站	桂林北站
TRAIN	C245	C002					2026-05-01T13:08:00	2026-05-02T01:16:00	中国铁路	G3002	二等座	825	23	23	西宁站	三亚站
TRAIN	C245	C119					2026-05-01T13:37:00	2026-05-01T20:17:00	中国铁路	G3003	二等座	460	24	24	西宁站	张家界西站
TRAIN	C245	C015					2026-05-01T14:06:00	2026-05-01T20:24:00	中国铁路	G3004	二等座	435	25	25	西宁站	丽江站
TRAIN	C245	C308					2026-05-01T15:04:00	2026-05-02T00:44:00	中国铁路	G3006	二等座	665	27	27	西宁站	黄山北站
TRAIN	C245	C210					2026-05-01T16:02:00	2026-05-02T02:59:00	中国铁路	G3008	二等座	750	29	29	西宁站	珠海站
TRAIN	C245	C179					2026-05-01T16:31:00	2026-05-01T22:15:00	中国铁路	G3009	二等座	405	30	30	西宁站	洛阳龙门站
TRAIN	C245	C077					2026-05-01T17:00:00	2026-05-01T23:12:00	中国铁路	G3010	二等座	435	31	31	西宁站	大同南站
TRAIN	C245	C070					2026-05-01T17:58:00	2026-05-02T06:36:00	中国铁路	G3012	二等座	870	33	33	西宁站	喀什站
TRAIN	C245	C056					2026-05-01T18:27:00	2026-05-02T01:46:00	中国铁路	G3013	二等座	515	34	34	西宁站	吐鲁番北站
TRAIN	C245	C292					2026-05-01T18:56:00	2026-05-02T04:21:00	中国铁路	G3014	二等座	655	35	35	西宁站	阿勒泰站
TRAIN	C245	C222					2026-05-01T19:25:00	2026-05-02T04:25:00	中国铁路	G3015	二等座	625	5	5	西宁站	秦皇岛站
TRAIN	C245	C084					2026-05-01T19:54:00	2026-05-02T06:01:00	中国铁路	G3016	二等座	705	6	6	西宁站	威海站
TRAIN	C245	C176					2026-05-01T20:23:00	2026-05-02T07:56:00	中国铁路	G3017	二等座	800	7	7	西宁站	泉州站
TRAIN	C245	C129					2026-05-01T05:52:00	2026-05-01T15:19:00	中国铁路	G3018	二等座	660	8	8	西宁站	扬州东站
TRAIN	C245	C071					2026-05-01T06:21:00	2026-05-01T16:49:00	中国铁路	G3019	二等座	730	9	9	西宁站	嘉兴南站
TRAIN	C245	C040					2026-05-01T06:50:00	2026-05-01T17:04:00	中国铁路	G3020	二等座	715	10	10	西宁站	北海站
TRAIN	C245	C147					2026-05-01T07:19:00	2026-05-01T16:36:00	中国铁路	G3021	二等座	655	11	11	西宁站	景德镇北站
TRAIN	C245	C127					2026-05-01T08:46:00	2026-05-01T19:34:00	中国铁路	G3024	二等座	755	14	14	西宁站	惠州北站
TRAIN	C245	C205					2026-05-01T09:44:00	2026-05-01T19:32:00	中国铁路	G3026	二等座	690	16	16	西宁站	烟台站
TRAIN	C245	C025					2026-05-01T10:13:00	2026-05-01T20:39:00	中国铁路	G3027	二等座	735	17	17	西宁站	佛山西站
TRAIN	C245	C192					2026-05-01T11:11:00	2026-05-01T22:25:00	中国铁路	G3029	二等座	790	19	19	西宁站	温州南站
TRAIN	C279	C039					2026-05-01T11:40:00	2026-05-01T16:52:00	中国铁路	G3030	二等座	390	20	20	银川站	北京南站
TRAIN	C279	C005					2026-05-01T12:09:00	2026-05-01T21:12:00	中国铁路	G3031	二等座	645	21	21	银川站	上海虹桥站
TRAIN	C279	C082					2026-05-01T12:38:00	2026-05-01T18:10:00	中国铁路	G3032	二等座	415	22	22	银川站	天津西站
TRAIN	C279	C272					2026-05-01T13:07:00	2026-05-01T18:52:00	中国铁路	G3033	二等座	430	23	23	银川站	重庆北站
TRAIN	C279	C220					2026-05-01T13:36:00	2026-05-01T17:55:00	中国铁路	G3034	二等座	335	24	24	银川站	石家庄站
TRAIN	C279	C083					2026-05-01T14:05:00	2026-05-01T17:30:00	中国铁路	G3035	二等座	220	25	25	银川站	太原南站
TRAIN	C279	C061					2026-05-01T14:34:00	2026-05-01T17:53:00	中国铁路	G3036	二等座	215	26	26	银川站	呼和浩特东站
TRAIN	C279	C172					2026-05-01T15:03:00	2026-05-01T23:33:00	中国铁路	G3037	二等座	560	27	27	银川站	沈阳北站
TRAIN	C279	C283					2026-05-01T15:32:00	2026-05-02T01:05:00	中国铁路	G3038	二等座	635	28	28	银川站	长春西站
TRAIN	C279	C066					2026-05-01T16:01:00	2026-05-02T02:24:00	中国铁路	G3039	二等座	690	29	29	银川站	哈尔滨西站
TRAIN	C279	C042					2026-05-01T16:30:00	2026-05-02T00:09:00	中国铁路	G3040	二等座	505	30	30	银川站	南京南站
TRAIN	C279	C153					2026-05-01T16:59:00	2026-05-02T01:50:00	中国铁路	G3041	二等座	590	31	31	银川站	杭州东站
TRAIN	C279	C053					2026-05-01T17:28:00	2026-05-02T00:34:00	中国铁路	G3042	二等座	475	32	32	银川站	合肥南站
TRAIN	C279	C221					2026-05-01T17:57:00	2026-05-02T04:17:00	中国铁路	G3043	二等座	690	33	33	银川站	福州南站
TRAIN	C279	C046					2026-05-01T18:26:00	2026-05-02T02:25:00	中国铁路	G3044	二等座	535	34	34	银川站	南昌西站
TRAIN	C279	C180					2026-05-01T18:55:00	2026-05-02T00:33:00	中国铁路	G3045	二等座	380	35	35	银川站	济南西站
TRAIN	C279	C267					2026-05-01T19:24:00	2026-05-02T00:01:00	中国铁路	G3046	二等座	310	5	5	银川站	郑州东站
TRAIN	C279	C164					2026-05-01T19:53:00	2026-05-02T02:28:00	中国铁路	G3047	二等座	445	6	6	银川站	武汉站
TRAIN	C279	C284					2026-05-01T20:22:00	2026-05-02T03:46:00	中国铁路	G3048	二等座	500	7	7	银川站	长沙南站
TRAIN	C279	C112					2026-05-01T05:51:00	2026-05-01T16:07:00	中国铁路	G3049	二等座	690	8	8	银川站	广州南站
TRAIN	C279	C044					2026-05-01T06:20:00	2026-05-01T16:11:00	中国铁路	G3050	二等座	665	9	9	银川站	南宁东站
TRAIN	C279	C184					2026-05-01T06:49:00	2026-05-01T18:27:00	中国铁路	G3051	二等座	785	10	10	银川站	海口东站
TRAIN	C279	C128					2026-05-01T07:18:00	2026-05-01T12:34:00	中国铁路	G3052	二等座	360	11	11	银川站	成都东站
TRAIN	C279	C249					2026-05-01T07:47:00	2026-05-01T15:17:00	中国铁路	G3053	二等座	510	12	12	银川站	贵阳北站
TRAIN	C279	C142					2026-05-01T08:16:00	2026-05-01T16:55:00	中国铁路	G3054	二等座	590	13	13	银川站	昆明南站
TRAIN	C279	C133					2026-05-01T08:45:00	2026-05-01T18:17:00	中国铁路	G3055	二等座	650	14	14	银川站	拉萨站
TRAIN	C279	C246					2026-05-01T09:14:00	2026-05-01T12:27:00	中国铁路	G3056	二等座	225	15	15	银川站	西安北站
TRAIN	C279	C034					2026-05-01T09:43:00	2026-05-01T11:59:00	中国铁路	G3057	二等座	165	16	16	银川站	兰州西站
TRAIN	C279	C245					2026-05-01T10:12:00	2026-05-01T13:00:00	中国铁路	G3058	二等座	200	17	17	银川站	西宁站
TRAIN	C279	C018					2026-05-01T11:10:00	2026-05-01T20:31:00	中国铁路	G3060	二等座	640	19	19	银川站	乌鲁木齐站
TRAIN	C279	C300					2026-05-01T11:39:00	2026-05-01T22:33:00	中国铁路	G3061	二等座	745	20	20	银川站	香港西九龙站
TRAIN	C279	C190					2026-05-01T13:06:00	2026-05-01T23:52:00	中国铁路	G3064	二等座	740	23	23	银川站	深圳北站
TRAIN	C279	C050					2026-05-01T13:35:00	2026-05-02T00:19:00	中国铁路	G3065	二等座	740	24	24	银川站	厦门北站
TRAIN	C279	C297					2026-05-01T14:04:00	2026-05-01T21:22:00	中国铁路	G3066	二等座	510	25	25	银川站	青岛北站
TRAIN	C279	C080					2026-05-01T14:33:00	2026-05-01T22:08:00	中国铁路	G3067	二等座	530	26	26	银川站	大连北站
TRAIN	C279	C088					2026-05-01T15:02:00	2026-05-02T00:36:00	中国铁路	G3068	二等座	665	27	27	银川站	宁波站
TRAIN	C279	C231					2026-05-01T15:31:00	2026-05-02T00:10:00	中国铁路	G3069	二等座	605	28	28	银川站	苏州站
TRAIN	C279	C139					2026-05-01T16:00:00	2026-05-02T00:28:00	中国铁路	G3070	二等座	590	29	29	银川站	无锡站
TRAIN	C279	C158					2026-05-01T16:29:00	2026-05-02T01:04:00	中国铁路	G3071	二等座	600	30	30	银川站	桂林北站
TRAIN	C279	C002					2026-05-01T16:58:00	2026-05-02T05:36:00	中国铁路	G3072	二等座	875	31	31	银川站	三亚站
TRAIN	C279	C119					2026-05-01T17:27:00	2026-05-01T23:51:00	中国铁路	G3073	二等座	455	32	32	银川站	张家界西站
TRAIN	C279	C015					2026-05-01T17:56:00	2026-05-02T01:56:00	中国铁路	G3074	二等座	565	33	33	银川站	丽江站
TRAIN	C279	C308					2026-05-01T18:54:00	2026-05-02T03:16:00	中国铁路	G3076	二等座	590	35	35	银川站	黄山北站
TRAIN	C279	C210					2026-05-01T19:52:00	2026-05-02T06:41:00	中国铁路	G3078	二等座	755	6	6	银川站	珠海站
TRAIN	C279	C179					2026-05-01T20:21:00	2026-05-02T00:33:00	中国铁路	G3079	二等座	315	7	7	银川站	洛阳龙门站
TRAIN	C279	C077					2026-05-01T05:50:00	2026-05-01T09:39:00	中国铁路	G3080	二等座	290	8	8	银川站	大同南站
TRAIN	C279	C070					2026-05-01T06:48:00	2026-05-01T21:13:00	中国铁路	G3082	二等座	1000	10	10	银川站	喀什站
TRAIN	C279	C056					2026-05-01T07:17:00	2026-05-01T15:51:00	中国铁路	G3083	二等座	610	11	11	银川站	吐鲁番北站
TRAIN	C279	C292					2026-05-01T07:46:00	2026-05-01T17:49:00	中国铁路	G3084	二等座	710	12	12	银川站	阿勒泰站
TRAIN	C279	C222					2026-05-01T08:15:00	2026-05-01T14:55:00	中国铁路	G3085	二等座	485	13	13	银川站	秦皇岛站
TRAIN	C279	C084					2026-05-01T08:44:00	2026-05-01T16:39:00	中国铁路	G3086	二等座	570	14	14	银川站	威海站
TRAIN	C279	C176					2026-05-01T09:13:00	2026-05-01T19:55:00	中国铁路	G3087	二等座	760	15	15	银川站	泉州站
TRAIN	C279	C129					2026-05-01T09:42:00	2026-05-01T17:30:00	中国铁路	G3088	二等座	565	16	16	银川站	扬州东站
TRAIN	C279	C071					2026-05-01T10:11:00	2026-05-01T19:06:00	中国铁路	G3089	二等座	640	17	17	银川站	嘉兴南站
TRAIN	C279	C040					2026-05-01T10:40:00	2026-05-01T21:22:00	中国铁路	G3090	二等座	705	18	18	银川站	北海站
TRAIN	C279	C147					2026-05-01T11:09:00	2026-05-01T19:18:00	中国铁路	G3091	二等座	535	19	19	银川站	景德镇北站
TRAIN	C279	C127					2026-05-01T12:36:00	2026-05-01T23:07:00	中国铁路	G3094	二等座	700	22	22	银川站	惠州北站
TRAIN	C279	C205					2026-05-01T13:34:00	2026-05-01T21:10:00	中国铁路	G3096	二等座	505	24	24	银川站	烟台站
TRAIN	C279	C025					2026-05-01T14:03:00	2026-05-02T00:22:00	中国铁路	G3097	二等座	690	25	25	银川站	佛山西站
TRAIN	C279	C192					2026-05-01T15:01:00	2026-05-02T00:58:00	中国铁路	G3099	二等座	665	27	27	银川站	温州南站
TRAIN	C018	C039					2026-05-01T15:30:00	2026-05-02T04:53:00	中国铁路	G3100	二等座	895	28	28	乌鲁木齐站	北京南站
TRAIN	C018	C005					2026-05-01T15:59:00	2026-05-02T09:58:00	中国铁路	G3101	二等座	1205	29	29	乌鲁木齐站	上海虹桥站
TRAIN	C018	C082					2026-05-01T16:28:00	2026-05-02T06:22:00	中国铁路	G3102	二等座	930	30	30	乌鲁木齐站	天津西站
TRAIN	C018	C272					2026-05-01T16:57:00	2026-05-02T05:46:00	中国铁路	G3103	二等座	860	31	31	乌鲁木齐站	重庆北站
TRAIN	C018	C220					2026-05-01T17:26:00	2026-05-02T06:25:00	中国铁路	G3104	二等座	875	32	32	乌鲁木齐站	石家庄站
TRAIN	C018	C083					2026-05-01T17:55:00	2026-05-02T06:06:00	中国铁路	G3105	二等座	820	33	33	乌鲁木齐站	太原南站
TRAIN	C018	C061					2026-05-01T18:24:00	2026-05-02T05:35:00	中国铁路	G3106	二等座	755	34	34	乌鲁木齐站	呼和浩特东站
TRAIN	C018	C172					2026-05-01T18:53:00	2026-05-02T10:56:00	中国铁路	G3107	二等座	1080	35	35	乌鲁木齐站	沈阳北站
TRAIN	C018	C283					2026-05-01T19:22:00	2026-05-02T11:54:00	中国铁路	G3108	二等座	1115	5	5	乌鲁木齐站	长春西站
TRAIN	C018	C066					2026-05-01T19:51:00	2026-05-02T12:39:00	中国铁路	G3109	二等座	1135	6	6	乌鲁木齐站	哈尔滨西站
TRAIN	C018	C042					2026-05-01T20:20:00	2026-05-02T12:55:00	中国铁路	G3110	二等座	1120	7	7	乌鲁木齐站	南京南站
TRAIN	C018	C153					2026-05-01T05:49:00	2026-05-01T23:35:00	中国铁路	G3111	二等座	1200	8	8	乌鲁木齐站	杭州东站
TRAIN	C018	C053					2026-05-01T06:18:00	2026-05-01T22:19:00	中国铁路	G3112	二等座	1085	9	9	乌鲁木齐站	合肥南站
TRAIN	C018	C221					2026-05-01T06:47:00	2026-05-02T01:49:00	中国铁路	G3113	二等座	1290	10	10	乌鲁木齐站	福州南站
TRAIN	C018	C046					2026-05-01T07:16:00	2026-05-01T23:54:00	中国铁路	G3114	二等座	1130	11	11	乌鲁木齐站	南昌西站
TRAIN	C018	C180					2026-05-01T07:45:00	2026-05-01T22:10:00	中国铁路	G3115	二等座	980	12	12	乌鲁木齐站	济南西站
TRAIN	C018	C267					2026-05-01T08:14:00	2026-05-01T21:47:00	中国铁路	G3116	二等座	925	13	13	乌鲁木齐站	郑州东站
TRAIN	C018	C164					2026-05-01T08:43:00	2026-05-02T00:00:00	中国铁路	G3117	二等座	1040	14	14	乌鲁木齐站	武汉站
TRAIN	C018	C284					2026-05-01T09:12:00	2026-05-02T00:54:00	中国铁路	G3118	二等座	1070	15	15	乌鲁木齐站	长沙南站
TRAIN	C018	C112					2026-05-01T09:41:00	2026-05-02T03:45:00	中国铁路	G3119	二等座	1230	16	16	乌鲁木齐站	广州南站
TRAIN	C018	C044					2026-05-01T10:10:00	2026-05-02T02:46:00	中国铁路	G3120	二等座	1130	17	17	乌鲁木齐站	南宁东站
TRAIN	C018	C184					2026-05-01T10:39:00	2026-05-02T05:12:00	中国铁路	G3121	二等座	1265	18	18	乌鲁木齐站	海口东站
TRAIN	C018	C128					2026-05-01T11:08:00	2026-05-01T22:39:00	中国铁路	G3122	二等座	795	19	19	乌鲁木齐站	成都东站
TRAIN	C018	C249					2026-05-01T11:37:00	2026-05-02T01:49:00	中国铁路	G3123	二等座	975	20	20	乌鲁木齐站	贵阳北站
TRAIN	C018	C142					2026-05-01T12:06:00	2026-05-02T01:57:00	中国铁路	G3124	二等座	950	21	21	乌鲁木齐站	昆明南站
TRAIN	C018	C133					2026-05-01T12:35:00	2026-05-01T21:39:00	中国铁路	G3125	二等座	630	22	22	乌鲁木齐站	拉萨站
TRAIN	C018	C246					2026-05-01T13:04:00	2026-05-02T00:50:00	中国铁路	G3126	二等座	815	23	23	乌鲁木齐站	西安北站
TRAIN	C018	C034					2026-05-01T13:33:00	2026-05-01T22:42:00	中国铁路	G3127	二等座	640	24	24	乌鲁木齐站	兰州西站
TRAIN	C018	C245					2026-05-01T14:02:00	2026-05-01T22:12:00	中国铁路	G3128	二等座	575	25	25	乌鲁木齐站	西宁站
TRAIN	C018	C279					2026-05-01T14:31:00	2026-05-01T23:52:00	中国铁路	G3129	二等座	655	26	26	乌鲁木齐站	银川站
TRAIN	C018	C300					2026-05-01T15:29:00	2026-05-02T10:15:00	中国铁路	G3131	二等座	1285	28	28	乌鲁木齐站	香港西九龙站
TRAIN	C018	C190					2026-05-01T16:56:00	2026-05-02T11:33:00	中国铁路	G3134	二等座	1280	31	31	乌鲁木齐站	深圳北站
TRAIN	C018	C050					2026-05-01T17:25:00	2026-05-02T12:39:00	中国铁路	G3135	二等座	1325	32	32	乌鲁木齐站	厦门北站
TRAIN	C018	C297					2026-05-01T17:54:00	2026-05-02T09:55:00	中国铁路	G3136	二等座	1110	33	33	乌鲁木齐站	青岛北站
TRAIN	C018	C080					2026-05-01T18:23:00	2026-05-02T10:13:00	中国铁路	G3137	二等座	1095	34	34	乌鲁木齐站	大连北站
TRAIN	C018	C088					2026-05-01T18:52:00	2026-05-02T13:22:00	中国铁路	G3138	二等座	1275	35	35	乌鲁木齐站	宁波站
TRAIN	C018	C231					2026-05-01T19:21:00	2026-05-02T12:56:00	中国铁路	G3139	二等座	1215	5	5	乌鲁木齐站	苏州站
TRAIN	C018	C139					2026-05-01T19:50:00	2026-05-02T13:15:00	中国铁路	G3140	二等座	1205	6	6	乌鲁木齐站	无锡站
TRAIN	C018	C158					2026-05-01T20:19:00	2026-05-02T12:22:00	中国铁路	G3141	二等座	1115	7	7	乌鲁木齐站	桂林北站
TRAIN	C018	C002					2026-05-01T05:48:00	2026-05-02T01:03:00	中国铁路	G3142	二等座	1330	8	8	乌鲁木齐站	三亚站
TRAIN	C018	C119					2026-05-01T06:17:00	2026-05-01T20:41:00	中国铁路	G3143	二等座	1010	9	9	乌鲁木齐站	张家界西站
TRAIN	C018	C015					2026-05-01T06:46:00	2026-05-01T19:01:00	中国铁路	G3144	二等座	865	10	10	乌鲁木齐站	丽江站
TRAIN	C018	C308					2026-05-01T07:44:00	2026-05-02T00:58:00	中国铁路	G3146	二等座	1145	12	12	乌鲁木齐站	黄山北站
TRAIN	C018	C210					2026-05-01T08:42:00	2026-05-02T03:17:00	中国铁路	G3148	二等座	1235	14	14	乌鲁木齐站	珠海站
TRAIN	C018	C179					2026-05-01T09:11:00	2026-05-01T22:17:00	中国铁路	G3149	二等座	870	15	15	乌鲁木齐站	洛阳龙门站
TRAIN	C018	C077					2026-05-01T09:40:00	2026-05-01T21:40:00	中国铁路	G3150	二等座	800	16	16	乌鲁木齐站	大同南站
TRAIN	C018	C070					2026-05-01T10:38:00	2026-05-01T16:51:00	中国铁路	G3152	二等座	415	18	18	乌鲁木齐站	喀什站
TRAIN	C018	C056					2026-05-01T11:07:00	2026-05-01T12:24:00	中国铁路	G3153	二等座	85	19	19	乌鲁木齐站	吐鲁番北站
TRAIN	C018	C292					2026-05-01T11:36:00	2026-05-01T14:26:00	中国铁路	G3154	二等座	190	20	20	乌鲁木齐站	阿勒泰站
TRAIN	C018	C222					2026-05-01T12:05:00	2026-05-02T02:50:00	中国铁路	G3155	二等座	990	21	21	乌鲁木齐站	秦皇岛站
TRAIN	C018	C084					2026-05-01T12:34:00	2026-05-02T04:57:00	中国铁路	G3156	二等座	1100	22	22	乌鲁木齐站	威海站
TRAIN	C018	C176					2026-05-01T13:03:00	2026-05-02T08:21:00	中国铁路	G3157	二等座	1295	23	23	乌鲁木齐站	泉州站
TRAIN	C018	C129					2026-05-01T13:32:00	2026-05-02T06:16:00	中国铁路	G3158	二等座	1125	24	24	乌鲁木齐站	扬州东站
TRAIN	C018	C071					2026-05-01T14:01:00	2026-05-02T07:52:00	中国铁路	G3159	二等座	1200	25	25	乌鲁木齐站	嘉兴南站
TRAIN	C018	C040					2026-05-01T14:30:00	2026-05-02T08:00:00	中国铁路	G3160	二等座	1175	26	26	乌鲁木齐站	北海站
TRAIN	C018	C147					2026-05-01T14:59:00	2026-05-02T07:55:00	中国铁路	G3161	二等座	1140	27	27	乌鲁木齐站	景德镇北站
TRAIN	C018	C127					2026-05-01T16:26:00	2026-05-02T10:55:00	中国铁路	G3164	二等座	1245	30	30	乌鲁木齐站	惠州北站
TRAIN	C018	C205					2026-05-01T17:24:00	2026-05-02T09:31:00	中国铁路	G3166	二等座	1090	32	32	乌鲁木齐站	烟台站
TRAIN	C018	C025					2026-05-01T17:53:00	2026-05-02T11:57:00	中国铁路	G3167	二等座	1220	33	33	乌鲁木齐站	佛山西站
TRAIN	C018	C192					2026-05-01T18:51:00	2026-05-02T13:41:00	中国铁路	G3169	二等座	1275	35	35	乌鲁木齐站	温州南站
TRAIN	C300	C039					2026-05-01T19:20:00	2026-05-02T06:19:00	中国铁路	G3170	二等座	750	5	5	香港西九龙站	北京南站
TRAIN	C300	C005					2026-05-01T19:49:00	2026-05-02T02:50:00	中国铁路	G3171	二等座	485	6	6	香港西九龙站	上海虹桥站
TRAIN	C300	C082					2026-05-01T20:18:00	2026-05-02T06:51:00	中国铁路	G3172	二等座	725	7	7	香港西九龙站	天津西站
TRAIN	C300	C272					2026-05-01T05:47:00	2026-05-01T12:09:00	中国铁路	G3173	二等座	445	8	8	香港西九龙站	重庆北站
TRAIN	C300	C220					2026-05-01T06:16:00	2026-05-01T16:05:00	中国铁路	G3174	二等座	675	9	9	香港西九龙站	石家庄站
TRAIN	C300	C083					2026-05-01T06:45:00	2026-05-01T16:30:00	中国铁路	G3175	二等座	675	10	10	香港西九龙站	太原南站
TRAIN	C300	C061					2026-05-01T07:14:00	2026-05-01T18:47:00	中国铁路	G3176	二等座	795	11	11	香港西九龙站	呼和浩特东站
TRAIN	C300	C172					2026-05-01T07:43:00	2026-05-01T20:40:00	中国铁路	G3177	二等座	890	12	12	香港西九龙站	沈阳北站
TRAIN	C300	C283					2026-05-01T08:12:00	2026-05-01T22:36:00	中国铁路	G3178	二等座	985	13	13	香港西九龙站	长春西站
TRAIN	C300	C066					2026-05-01T08:41:00	2026-05-02T00:22:00	中国铁路	G3179	二等座	1075	14	14	香港西九龙站	哈尔滨西站
TRAIN	C300	C042					2026-05-01T09:10:00	2026-05-01T15:54:00	中国铁路	G3180	二等座	475	15	15	香港西九龙站	南京南站
TRAIN	C300	C153					2026-05-01T09:39:00	2026-05-01T15:48:00	中国铁路	G3181	二等座	440	16	16	香港西九龙站	杭州东站
TRAIN	C300	C053					2026-05-01T10:08:00	2026-05-01T16:27:00	中国铁路	G3182	二等座	450	17	17	香港西九龙站	合肥南站
TRAIN	C300	C221					2026-05-01T10:37:00	2026-05-01T14:37:00	中国铁路	G3183	二等座	295	18	18	香港西九龙站	福州南站
TRAIN	C300	C046					2026-05-01T11:06:00	2026-05-01T15:26:00	中国铁路	G3184	二等座	320	19	19	香港西九龙站	南昌西站
TRAIN	C300	C180					2026-05-01T11:35:00	2026-05-01T20:42:00	中国铁路	G3185	二等座	640	20	20	香港西九龙站	济南西站
TRAIN	C300	C267					2026-05-01T12:04:00	2026-05-01T19:55:00	中国铁路	G3186	二等座	555	21	21	香港西九龙站	郑州东站
TRAIN	C300	C164					2026-05-01T12:33:00	2026-05-01T17:55:00	中国铁路	G3187	二等座	390	22	22	香港西九龙站	武汉站
TRAIN	C300	C284					2026-05-01T13:02:00	2026-05-01T17:03:00	中国铁路	G3188	二等座	300	23	23	香港西九龙站	长沙南站
TRAIN	C300	C112					2026-05-01T13:31:00	2026-05-01T14:38:00	中国铁路	G3189	二等座	110	24	24	香港西九龙站	广州南站
TRAIN	C300	C044					2026-05-01T14:00:00	2026-05-01T17:38:00	中国铁路	G3190	二等座	280	25	25	香港西九龙站	南宁东站
TRAIN	C300	C184					2026-05-01T14:29:00	2026-05-01T17:30:00	中国铁路	G3191	二等座	240	26	26	香港西九龙站	海口东站
TRAIN	C300	C128					2026-05-01T14:58:00	2026-05-01T22:42:00	中国铁路	G3192	二等座	555	27	27	香港西九龙站	成都东站
TRAIN	C300	C249					2026-05-01T15:27:00	2026-05-01T20:43:00	中国铁路	G3193	二等座	390	28	28	香港西九龙站	贵阳北站
TRAIN	C300	C142					2026-05-01T15:56:00	2026-05-01T22:50:00	中国铁路	G3194	二等座	500	29	29	香港西九龙站	昆明南站
TRAIN	C300	C133					2026-05-01T16:25:00	2026-05-02T05:55:00	中国铁路	G3195	二等座	945	30	30	香港西九龙站	拉萨站
TRAIN	C300	C246					2026-05-01T16:54:00	2026-05-02T01:00:00	中国铁路	G3196	二等座	585	31	31	香港西九龙站	西安北站
TRAIN	C300	C034					2026-05-01T17:23:00	2026-05-02T03:37:00	中国铁路	G3197	二等座	725	32	32	香港西九龙站	兰州西站
TRAIN	C300	C245					2026-05-01T17:52:00	2026-05-02T04:58:00	中国铁路	G3198	二等座	785	33	33	香港西九龙站	西宁站
TRAIN	C300	C279					2026-05-01T18:21:00	2026-05-02T05:15:00	中国铁路	G3199	二等座	775	34	34	香港西九龙站	银川站
TRAIN	C300	C018					2026-05-01T18:50:00	2026-05-02T13:36:00	中国铁路	G3200	二等座	1245	35	35	香港西九龙站	乌鲁木齐站
TRAIN	C300	C190					2026-05-01T05:46:00	2026-05-01T06:21:00	中国铁路	G3204	二等座	30	8	8	香港西九龙站	深圳北站
TRAIN	C300	C050					2026-05-01T06:15:00	2026-05-01T09:11:00	中国铁路	G3205	二等座	190	9	9	香港西九龙站	厦门北站
TRAIN	C300	C297					2026-05-01T06:44:00	2026-05-01T15:59:00	中国铁路	G3206	二等座	615	10	10	香港西九龙站	青岛北站
TRAIN	C300	C080					2026-05-01T07:13:00	2026-05-01T18:15:00	中国铁路	G3207	二等座	735	11	11	香港西九龙站	大连北站
TRAIN	C300	C088					2026-05-01T07:42:00	2026-05-01T14:07:00	中国铁路	G3208	二等座	430	12	12	香港西九龙站	宁波站
TRAIN	C300	C231					2026-05-01T08:11:00	2026-05-01T14:58:00	中国铁路	G3209	二等座	455	13	13	香港西九龙站	苏州站
TRAIN	C300	C139					2026-05-01T08:40:00	2026-05-01T15:28:00	中国铁路	G3210	二等座	455	14	14	香港西九龙站	无锡站
TRAIN	C300	C158					2026-05-01T09:09:00	2026-05-01T12:20:00	中国铁路	G3211	二等座	215	15	15	香港西九龙站	桂林北站
TRAIN	C300	C002					2026-05-01T09:38:00	2026-05-01T13:37:00	中国铁路	G3212	二等座	270	16	16	香港西九龙站	三亚站
TRAIN	C300	C119					2026-05-01T10:07:00	2026-05-01T15:03:00	中国铁路	G3213	二等座	335	17	17	香港西九龙站	张家界西站
TRAIN	C300	C015					2026-05-01T10:36:00	2026-05-01T19:04:00	中国铁路	G3214	二等座	570	18	18	香港西九龙站	丽江站
TRAIN	C300	C308					2026-05-01T11:34:00	2026-05-01T16:56:00	中国铁路	G3216	二等座	365	20	20	香港西九龙站	黄山北站
TRAIN	C300	C210					2026-05-01T12:32:00	2026-05-01T13:17:00	中国铁路	G3218	二等座	60	22	22	香港西九龙站	珠海站
TRAIN	C300	C179					2026-05-01T13:01:00	2026-05-01T20:50:00	中国铁路	G3219	二等座	535	23	23	香港西九龙站	洛阳龙门站
TRAIN	C300	C077					2026-05-01T13:30:00	2026-05-02T00:33:00	中国铁路	G3220	二等座	750	24	24	香港西九龙站	大同南站
TRAIN	C300	C070					2026-05-01T14:28:00	2026-05-02T12:46:00	中国铁路	G3222	二等座	1505	26	26	香港西九龙站	喀什站
TRAIN	C300	C056					2026-05-01T14:57:00	2026-05-02T08:51:00	中国铁路	G3223	二等座	1210	27	27	香港西九龙站	吐鲁番北站
TRAIN	C300	C292					2026-05-01T15:26:00	2026-05-02T11:32:00	中国铁路	G3224	二等座	1360	28	28	香港西九龙站	阿勒泰站
TRAIN	C300	C222					2026-05-01T15:55:00	2026-05-02T03:13:00	中国铁路	G3225	二等座	770	29	29	香港西九龙站	秦皇岛站
TRAIN	C300	C084					2026-05-01T16:24:00	2026-05-02T02:47:00	中国铁路	G3226	二等座	710	30	30	香港西九龙站	威海站
TRAIN	C300	C176					2026-05-01T16:53:00	2026-05-01T20:12:00	中国铁路	G3227	二等座	240	31	31	香港西九龙站	泉州站
TRAIN	C300	C129					2026-05-01T17:22:00	2026-05-02T00:25:00	中国铁路	G3228	二等座	490	32	32	香港西九龙站	扬州东站
TRAIN	C300	C071					2026-05-01T17:51:00	2026-05-02T00:25:00	中国铁路	G3229	二等座	460	33	33	香港西九龙站	嘉兴南站
TRAIN	C300	C040					2026-05-01T18:20:00	2026-05-01T21:36:00	中国铁路	G3230	二等座	240	34	34	香港西九龙站	北海站
TRAIN	C300	C147					2026-05-01T18:49:00	2026-05-01T23:42:00	中国铁路	G3231	二等座	350	35	35	香港西九龙站	景德镇北站
TRAIN	C300	C127					2026-05-01T20:16:00	2026-05-01T21:11:00	中国铁路	G3234	二等座	85	7	7	香港西九龙站	惠州北站
TRAIN	C300	C205					2026-05-01T06:14:00	2026-05-01T16:27:00	中国铁路	G3236	二等座	710	9	9	香港西九龙站	烟台站
TRAIN	C300	C025					2026-05-01T06:43:00	2026-05-01T07:51:00	中国铁路	G3237	二等座	105	10	10	香港西九龙站	佛山西站
TRAIN	C300	C192					2026-05-01T07:41:00	2026-05-01T12:59:00	中国铁路	G3239	二等座	385	12	12	香港西九龙站	温州南站
TRAIN	C190	C039					2026-05-01T15:50:00	2026-05-02T02:42:00	中国铁路	G3380	二等座	730	29	29	深圳北站	北京南站
TRAIN	C190	C005					2026-05-01T16:19:00	2026-05-01T23:15:00	中国铁路	G3381	二等座	470	30	30	深圳北站	上海虹桥站
TRAIN	C190	C082					2026-05-01T16:48:00	2026-05-02T03:14:00	中国铁路	G3382	二等座	705	31	31	深圳北站	天津西站
TRAIN	C190	C272					2026-05-01T17:17:00	2026-05-01T23:31:00	中国铁路	G3383	二等座	425	32	32	深圳北站	重庆北站
TRAIN	C190	C220					2026-05-01T17:46:00	2026-05-02T03:27:00	中国铁路	G3384	二等座	660	33	33	深圳北站	石家庄站
TRAIN	C190	C083					2026-05-01T18:15:00	2026-05-02T03:52:00	中国铁路	G3385	二等座	655	34	34	深圳北站	太原南站
TRAIN	C190	C061					2026-05-01T18:44:00	2026-05-02T06:09:00	中国铁路	G3386	二等座	775	35	35	深圳北站	呼和浩特东站
TRAIN	C190	C172					2026-05-01T19:13:00	2026-05-02T08:04:00	中国铁路	G3387	二等座	875	5	5	深圳北站	沈阳北站
TRAIN	C190	C283					2026-05-01T19:42:00	2026-05-02T10:00:00	中国铁路	G3388	二等座	970	6	6	深圳北站	长春西站
TRAIN	C190	C066					2026-05-01T20:11:00	2026-05-02T11:46:00	中国铁路	G3389	二等座	1060	7	7	深圳北站	哈尔滨西站
TRAIN	C190	C042					2026-05-01T05:40:00	2026-05-01T12:18:00	中国铁路	G3390	二等座	460	8	8	深圳北站	南京南站
TRAIN	C190	C153					2026-05-01T06:09:00	2026-05-01T12:13:00	中国铁路	G3391	二等座	425	9	9	深圳北站	杭州东站
TRAIN	C190	C053					2026-05-01T06:38:00	2026-05-01T12:51:00	中国铁路	G3392	二等座	435	10	10	深圳北站	合肥南站
TRAIN	C190	C221					2026-05-01T07:07:00	2026-05-01T11:05:00	中国铁路	G3393	二等座	285	11	11	深圳北站	福州南站
TRAIN	C190	C046					2026-05-01T07:36:00	2026-05-01T11:49:00	中国铁路	G3394	二等座	300	12	12	深圳北站	南昌西站
TRAIN	C190	C180					2026-05-01T08:05:00	2026-05-01T17:05:00	中国铁路	G3395	二等座	625	13	13	深圳北站	济南西站
TRAIN	C190	C267					2026-05-01T08:34:00	2026-05-01T16:17:00	中国铁路	G3396	二等座	540	14	14	深圳北站	郑州东站
TRAIN	C190	C164					2026-05-01T09:03:00	2026-05-01T14:17:00	中国铁路	G3397	二等座	370	15	15	深圳北站	武汉站
TRAIN	C190	C284					2026-05-01T09:32:00	2026-05-01T13:24:00	中国铁路	G3398	二等座	280	16	16	深圳北站	长沙南站
TRAIN	C190	C112					2026-05-01T10:01:00	2026-05-01T11:00:00	中国铁路	G3399	二等座	90	17	17	深圳北站	广州南站
TRAIN	C190	C044					2026-05-01T10:30:00	2026-05-01T14:04:00	中国铁路	G3400	二等座	265	18	18	深圳北站	南宁东站
TRAIN	C190	C184					2026-05-01T10:59:00	2026-05-01T14:01:00	中国铁路	G3401	二等座	230	19	19	深圳北站	海口东站
TRAIN	C190	C128					2026-05-01T11:28:00	2026-05-01T19:04:00	中国铁路	G3402	二等座	535	20	20	深圳北站	成都东站
TRAIN	C190	C249					2026-05-01T11:57:00	2026-05-01T17:06:00	中国铁路	G3403	二等座	370	21	21	深圳北站	贵阳北站
TRAIN	C190	C142					2026-05-01T12:26:00	2026-05-01T19:14:00	中国铁路	G3404	二等座	485	22	22	深圳北站	昆明南站
TRAIN	C190	C133					2026-05-01T12:55:00	2026-05-02T02:19:00	中国铁路	G3405	二等座	925	23	23	深圳北站	拉萨站
TRAIN	C190	C246					2026-05-01T13:24:00	2026-05-01T21:22:00	中国铁路	G3406	二等座	565	24	24	深圳北站	西安北站
TRAIN	C190	C034					2026-05-01T13:53:00	2026-05-01T23:58:00	中国铁路	G3407	二等座	705	25	25	深圳北站	兰州西站
TRAIN	C190	C245					2026-05-01T14:22:00	2026-05-02T01:20:00	中国铁路	G3408	二等座	765	26	26	深圳北站	西宁站
TRAIN	C190	C279					2026-05-01T14:51:00	2026-05-02T01:37:00	中国铁路	G3409	二等座	755	27	27	深圳北站	银川站
TRAIN	C190	C018					2026-05-01T15:20:00	2026-05-02T09:57:00	中国铁路	G3410	二等座	1280	28	28	深圳北站	乌鲁木齐站
TRAIN	C190	C300					2026-05-01T15:49:00	2026-05-01T16:24:00	中国铁路	G3411	二等座	75	29	29	深圳北站	香港西九龙站
TRAIN	C190	C050					2026-05-01T17:45:00	2026-05-01T20:40:00	中国铁路	G3415	二等座	235	33	33	深圳北站	厦门北站
TRAIN	C190	C297					2026-05-01T18:14:00	2026-05-02T03:23:00	中国铁路	G3416	二等座	655	34	34	深圳北站	青岛北站
TRAIN	C190	C080					2026-05-01T18:43:00	2026-05-02T05:39:00	中国铁路	G3417	二等座	775	35	35	深圳北站	大连北站
TRAIN	C190	C088					2026-05-01T19:12:00	2026-05-02T01:33:00	中国铁路	G3418	二等座	470	5	5	深圳北站	宁波站
TRAIN	C190	C231					2026-05-01T19:41:00	2026-05-02T02:23:00	中国铁路	G3419	二等座	495	6	6	深圳北站	苏州站
TRAIN	C190	C139					2026-05-01T20:10:00	2026-05-02T02:53:00	中国铁路	G3420	二等座	440	7	7	深圳北站	无锡站
TRAIN	C190	C158					2026-05-01T05:39:00	2026-05-01T08:42:00	中国铁路	G3421	二等座	195	8	8	深圳北站	桂林北站
TRAIN	C190	C002					2026-05-01T06:08:00	2026-05-01T10:10:00	中国铁路	G3422	二等座	260	9	9	深圳北站	三亚站
TRAIN	C190	C119					2026-05-01T06:37:00	2026-05-01T11:25:00	中国铁路	G3423	二等座	315	10	10	深圳北站	张家界西站
TRAIN	C190	C015					2026-05-01T07:06:00	2026-05-01T15:27:00	中国铁路	G3424	二等座	555	11	11	深圳北站	丽江站
TRAIN	C190	C308					2026-05-01T08:04:00	2026-05-01T13:21:00	中国铁路	G3426	二等座	350	13	13	深圳北站	黄山北站
TRAIN	C190	C210					2026-05-01T09:02:00	2026-05-01T09:46:00	中国铁路	G3428	二等座	45	15	15	深圳北站	珠海站
TRAIN	C190	C179					2026-05-01T09:31:00	2026-05-01T17:12:00	中国铁路	G3429	二等座	515	16	16	深圳北站	洛阳龙门站
TRAIN	C190	C077					2026-05-01T10:00:00	2026-05-01T20:55:00	中国铁路	G3430	二等座	730	17	17	深圳北站	大同南站
TRAIN	C190	C070					2026-05-01T10:58:00	2026-05-02T09:08:00	中国铁路	G3432	二等座	1485	19	19	深圳北站	喀什站
TRAIN	C190	C056					2026-05-01T11:27:00	2026-05-02T05:13:00	中国铁路	G3433	二等座	1190	20	20	深圳北站	吐鲁番北站
TRAIN	C190	C292					2026-05-01T11:56:00	2026-05-02T07:53:00	中国铁路	G3434	二等座	1340	21	21	深圳北站	阿勒泰站
TRAIN	C190	C222					2026-05-01T12:25:00	2026-05-01T23:36:00	中国铁路	G3435	二等座	755	22	22	深圳北站	秦皇岛站
TRAIN	C190	C084					2026-05-01T12:54:00	2026-05-01T23:11:00	中国铁路	G3436	二等座	695	23	23	深圳北站	威海站
TRAIN	C190	C176					2026-05-01T13:23:00	2026-05-01T16:41:00	中国铁路	G3437	二等座	230	24	24	深圳北站	泉州站
TRAIN	C190	C129					2026-05-01T13:52:00	2026-05-01T20:49:00	中国铁路	G3438	二等座	475	25	25	深圳北站	扬州东站
TRAIN	C190	C071					2026-05-01T14:21:00	2026-05-01T20:50:00	中国铁路	G3439	二等座	445	26	26	深圳北站	嘉兴南站
TRAIN	C190	C040					2026-05-01T14:50:00	2026-05-01T18:04:00	中国铁路	G3440	二等座	225	27	27	深圳北站	北海站
TRAIN	C190	C147					2026-05-01T15:19:00	2026-05-01T20:06:00	中国铁路	G3441	二等座	330	28	28	深圳北站	景德镇北站
TRAIN	C190	C127					2026-05-01T16:46:00	2026-05-01T17:35:00	中国铁路	G3444	二等座	70	31	31	深圳北站	惠州北站
TRAIN	C190	C205					2026-05-01T17:44:00	2026-05-02T03:51:00	中国铁路	G3446	二等座	695	33	33	深圳北站	烟台站
TRAIN	C190	C025					2026-05-01T18:13:00	2026-05-01T19:14:00	中国铁路	G3447	二等座	85	34	34	深圳北站	佛山西站
TRAIN	C190	C192					2026-05-01T19:11:00	2026-05-02T00:26:00	中国铁路	G3449	二等座	370	5	5	深圳北站	温州南站
TRAIN	C050	C039					2026-05-01T19:40:00	2026-05-02T05:20:00	中国铁路	G3450	二等座	670	6	6	厦门北站	北京南站
TRAIN	C050	C005					2026-05-01T20:09:00	2026-05-02T00:59:00	中国铁路	G3451	二等座	345	7	7	厦门北站	上海虹桥站
TRAIN	C050	C082					2026-05-01T05:38:00	2026-05-01T14:47:00	中国铁路	G3452	二等座	635	8	8	厦门北站	天津西站
TRAIN	C050	C272					2026-05-01T06:07:00	2026-05-01T13:23:00	中国铁路	G3453	二等座	510	9	9	厦门北站	重庆北站
TRAIN	C050	C220					2026-05-01T06:36:00	2026-05-01T15:20:00	中国铁路	G3454	二等座	610	10	10	厦门北站	石家庄站
TRAIN	C050	C083					2026-05-01T07:05:00	2026-05-01T15:59:00	中国铁路	G3455	二等座	620	11	11	厦门北站	太原南站
TRAIN	C050	C061					2026-05-01T07:34:00	2026-05-01T18:16:00	中国铁路	G3456	二等座	740	12	12	厦门北站	呼和浩特东站
TRAIN	C050	C172					2026-05-01T08:03:00	2026-05-01T19:09:00	中国铁路	G3457	二等座	770	13	13	厦门北站	沈阳北站
TRAIN	C050	C283					2026-05-01T08:32:00	2026-05-01T21:02:00	中国铁路	G3458	二等座	865	14	14	厦门北站	长春西站
TRAIN	C050	C066					2026-05-01T09:01:00	2026-05-01T22:49:00	中国铁路	G3459	二等座	955	15	15	厦门北站	哈尔滨西站
TRAIN	C050	C042					2026-05-01T09:30:00	2026-05-01T14:28:00	中国铁路	G3460	二等座	360	16	16	厦门北站	南京南站
TRAIN	C050	C153					2026-05-01T09:59:00	2026-05-01T14:02:00	中国铁路	G3461	二等座	300	17	17	厦门北站	杭州东站
TRAIN	C050	C053					2026-05-01T10:28:00	2026-05-01T15:18:00	中国铁路	G3462	二等座	355	18	18	厦门北站	合肥南站
TRAIN	C050	C221					2026-05-01T10:57:00	2026-05-01T12:32:00	中国铁路	G3463	二等座	140	19	19	厦门北站	福州南站
TRAIN	C050	C046					2026-05-01T11:26:00	2026-05-01T14:38:00	中国铁路	G3464	二等座	250	20	20	厦门北站	南昌西站
TRAIN	C050	C180					2026-05-01T11:55:00	2026-05-01T19:38:00	中国铁路	G3465	二等座	550	21	21	厦门北站	济南西站
TRAIN	C050	C267					2026-05-01T12:24:00	2026-05-01T19:23:00	中国铁路	G3466	二等座	505	22	22	厦门北站	郑州东站
TRAIN	C050	C164					2026-05-01T12:53:00	2026-05-01T17:28:00	中国铁路	G3467	二等座	345	23	23	厦门北站	武汉站
TRAIN	C050	C284					2026-05-01T13:22:00	2026-05-01T17:20:00	中国铁路	G3468	二等座	305	24	24	厦门北站	长沙南站
TRAIN	C050	C112					2026-05-01T13:51:00	2026-05-01T17:02:00	中国铁路	G3469	二等座	250	25	25	厦门北站	广州南站
TRAIN	C050	C044					2026-05-01T14:20:00	2026-05-01T20:10:00	中国铁路	G3470	二等座	430	26	26	厦门北站	南宁东站
TRAIN	C050	C184					2026-05-01T14:49:00	2026-05-01T20:20:00	中国铁路	G3471	二等座	410	27	27	厦门北站	海口东站
TRAIN	C050	C128					2026-05-01T15:18:00	2026-05-01T23:59:00	中国铁路	G3472	二等座	625	28	28	厦门北站	成都东站
TRAIN	C050	C249					2026-05-01T15:47:00	2026-05-01T22:31:00	中国铁路	G3473	二等座	495	29	29	厦门北站	贵阳北站
TRAIN	C050	C142					2026-05-01T16:16:00	2026-05-02T01:02:00	中国铁路	G3474	二等座	630	30	30	厦门北站	昆明南站
TRAIN	C050	C133					2026-05-01T16:45:00	2026-05-02T07:47:00	中国铁路	G3475	二等座	995	31	31	厦门北站	拉萨站
TRAIN	C050	C246					2026-05-01T17:14:00	2026-05-02T01:13:00	中国铁路	G3476	二等座	525	32	32	厦门北站	西安北站
TRAIN	C050	C034					2026-05-01T17:43:00	2026-05-02T04:13:00	中国铁路	G3477	二等座	695	33	33	厦门北站	兰州西站
TRAIN	C050	C245					2026-05-01T18:12:00	2026-05-02T05:41:00	中国铁路	G3478	二等座	760	34	34	厦门北站	西宁站
TRAIN	C050	C279					2026-05-01T18:41:00	2026-05-02T05:25:00	中国铁路	G3479	二等座	710	35	35	厦门北站	银川站
TRAIN	C050	C018					2026-05-01T19:10:00	2026-05-02T14:24:00	中国铁路	G3480	二等座	1285	5	5	厦门北站	乌鲁木齐站
TRAIN	C050	C300					2026-05-01T19:39:00	2026-05-01T22:35:00	中国铁路	G3481	二等座	190	6	6	厦门北站	香港西九龙站
TRAIN	C050	C190					2026-05-01T06:06:00	2026-05-01T09:01:00	中国铁路	G3484	二等座	195	9	9	厦门北站	深圳北站
TRAIN	C050	C297					2026-05-01T07:04:00	2026-05-01T14:31:00	中国铁路	G3486	二等座	500	11	11	厦门北站	青岛北站
TRAIN	C050	C080					2026-05-01T07:33:00	2026-05-01T16:47:00	中国铁路	G3487	二等座	620	12	12	厦门北站	大连北站
TRAIN	C050	C088					2026-05-01T08:02:00	2026-05-01T12:10:00	中国铁路	G3488	二等座	280	13	13	厦门北站	宁波站
TRAIN	C050	C231					2026-05-01T08:31:00	2026-05-01T13:13:00	中国铁路	G3489	二等座	320	14	14	厦门北站	苏州站
TRAIN	C050	C139					2026-05-01T09:00:00	2026-05-01T13:46:00	中国铁路	G3490	二等座	325	15	15	厦门北站	无锡站
TRAIN	C050	C158					2026-05-01T09:29:00	2026-05-01T14:09:00	中国铁路	G3491	二等座	320	16	16	厦门北站	桂林北站
TRAIN	C050	C002					2026-05-01T09:58:00	2026-05-01T16:26:00	中国铁路	G3492	二等座	440	17	17	厦门北站	三亚站
TRAIN	C050	C119					2026-05-01T10:27:00	2026-05-01T15:47:00	中国铁路	G3493	二等座	365	18	18	厦门北站	张家界西站
TRAIN	C050	C015					2026-05-01T10:56:00	2026-05-01T21:04:00	中国铁路	G3494	二等座	690	19	19	厦门北站	丽江站
TRAIN	C050	C308					2026-05-01T11:54:00	2026-05-01T15:27:00	中国铁路	G3496	二等座	250	21	21	厦门北站	黄山北站
TRAIN	C050	C210					2026-05-01T12:52:00	2026-05-01T16:05:00	中国铁路	G3498	二等座	230	23	23	厦门北站	珠海站
TRAIN	C050	C179					2026-05-01T13:21:00	2026-05-01T20:30:00	中国铁路	G3499	二等座	495	24	24	厦门北站	洛阳龙门站
TRAIN	C050	C077					2026-05-01T13:50:00	2026-05-01T23:53:00	中国铁路	G3500	二等座	690	25	25	厦门北站	大同南站
TRAIN	C050	C070					2026-05-01T14:48:00	2026-05-02T14:07:00	中国铁路	G3502	二等座	1580	27	27	厦门北站	喀什站
TRAIN	C050	C056					2026-05-01T15:17:00	2026-05-02T09:40:00	中国铁路	G3503	二等座	1250	28	28	厦门北站	吐鲁番北站
TRAIN	C050	C292					2026-05-01T15:46:00	2026-05-02T12:03:00	中国铁路	G3504	二等座	1380	29	29	厦门北站	阿勒泰站
TRAIN	C050	C222					2026-05-01T16:15:00	2026-05-02T01:56:00	中国铁路	G3505	二等座	670	30	30	厦门北站	秦皇岛站
TRAIN	C050	C084					2026-05-01T16:44:00	2026-05-02T01:12:00	中国铁路	G3506	二等座	590	31	31	厦门北站	威海站
TRAIN	C050	C176					2026-05-01T17:13:00	2026-05-01T18:02:00	中国铁路	G3507	二等座	75	32	32	厦门北站	泉州站
TRAIN	C050	C129					2026-05-01T17:42:00	2026-05-01T22:54:00	中国铁路	G3508	二等座	370	33	33	厦门北站	扬州东站
TRAIN	C050	C071					2026-05-01T18:11:00	2026-05-01T22:36:00	中国铁路	G3509	二等座	320	34	34	厦门北站	嘉兴南站
TRAIN	C050	C040					2026-05-01T18:40:00	2026-05-02T00:20:00	中国铁路	G3510	二等座	405	35	35	厦门北站	北海站
TRAIN	C050	C147					2026-05-01T19:09:00	2026-05-01T22:28:00	中国铁路	G3511	二等座	250	5	5	厦门北站	景德镇北站
TRAIN	C050	C127					2026-05-01T05:36:00	2026-05-01T08:11:00	中国铁路	G3514	二等座	200	8	8	厦门北站	惠州北站
TRAIN	C050	C205					2026-05-01T06:34:00	2026-05-01T14:56:00	中国铁路	G3516	二等座	590	10	10	厦门北站	烟台站
TRAIN	C050	C025					2026-05-01T07:03:00	2026-05-01T10:19:00	中国铁路	G3517	二等座	250	11	11	厦门北站	佛山西站
TRAIN	C050	C192					2026-05-01T08:01:00	2026-05-01T10:57:00	中国铁路	G3519	二等座	230	13	13	厦门北站	温州南站
TRAIN	C297	C039					2026-05-01T08:30:00	2026-05-01T11:53:00	中国铁路	G3520	二等座	260	14	14	青岛北站	北京南站
TRAIN	C297	C005					2026-05-01T08:59:00	2026-05-01T12:21:00	中国铁路	G3521	二等座	260	15	15	青岛北站	上海虹桥站
TRAIN	C297	C082					2026-05-01T09:28:00	2026-05-01T12:14:00	中国铁路	G3522	二等座	220	16	16	青岛北站	天津西站
TRAIN	C297	C272					2026-05-01T09:57:00	2026-05-01T18:19:00	中国铁路	G3523	二等座	600	17	17	青岛北站	重庆北站
TRAIN	C297	C220					2026-05-01T10:26:00	2026-05-01T13:53:00	中国铁路	G3524	二等座	270	18	18	青岛北站	石家庄站
TRAIN	C297	C083					2026-05-01T10:55:00	2026-05-01T15:13:00	中国铁路	G3525	二等座	330	19	19	青岛北站	太原南站
TRAIN	C297	C061					2026-05-01T11:24:00	2026-05-01T16:45:00	中国铁路	G3526	二等座	400	20	20	青岛北站	呼和浩特东站
TRAIN	C297	C172					2026-05-01T11:53:00	2026-05-01T16:00:00	中国铁路	G3527	二等座	320	21	21	青岛北站	沈阳北站
TRAIN	C297	C283					2026-05-01T12:22:00	2026-05-01T17:56:00	中国铁路	G3528	二等座	415	22	22	青岛北站	长春西站
TRAIN	C297	C066					2026-05-01T12:51:00	2026-05-01T19:42:00	中国铁路	G3529	二等座	505	23	23	青岛北站	哈尔滨西站
TRAIN	C297	C042					2026-05-01T13:20:00	2026-05-01T16:16:00	中国铁路	G3530	二等座	185	24	24	青岛北站	南京南站
TRAIN	C297	C153					2026-05-01T13:49:00	2026-05-01T17:42:00	中国铁路	G3531	二等座	250	25	25	青岛北站	杭州东站
TRAIN	C297	C053					2026-05-01T14:18:00	2026-05-01T17:42:00	中国铁路	G3532	二等座	220	26	26	青岛北站	合肥南站
TRAIN	C297	C221					2026-05-01T14:47:00	2026-05-01T21:12:00	中国铁路	G3533	二等座	425	27	27	青岛北站	福州南站
TRAIN	C297	C046					2026-05-01T15:16:00	2026-05-01T20:39:00	中国铁路	G3534	二等座	355	28	28	青岛北站	南昌西站
TRAIN	C297	C180					2026-05-01T15:45:00	2026-05-01T17:49:00	中国铁路	G3535	二等座	135	29	29	青岛北站	济南西站
TRAIN	C297	C267					2026-05-01T16:14:00	2026-05-01T20:02:00	中国铁路	G3536	二等座	250	30	30	青岛北站	郑州东站
TRAIN	C297	C164					2026-05-01T16:43:00	2026-05-01T21:36:00	中国铁路	G3537	二等座	325	31	31	青岛北站	武汉站
TRAIN	C297	C284					2026-05-01T17:12:00	2026-05-01T23:37:00	中国铁路	G3538	二等座	430	32	32	青岛北站	长沙南站
TRAIN	C297	C112					2026-05-01T17:41:00	2026-05-02T02:40:00	中国铁路	G3539	二等座	600	33	33	青岛北站	广州南站
TRAIN	C297	C044					2026-05-01T18:10:00	2026-05-02T04:39:00	中国铁路	G3540	二等座	700	34	34	青岛北站	南宁东站
TRAIN	C297	C184					2026-05-01T18:39:00	2026-05-02T06:02:00	中国铁路	G3541	二等座	765	35	35	青岛北站	海口东站
TRAIN	C297	C128					2026-05-01T19:08:00	2026-05-02T04:19:00	中国铁路	G3542	二等座	615	5	5	青岛北站	成都东站
TRAIN	C297	C249					2026-05-01T19:37:00	2026-05-02T05:01:00	中国铁路	G3543	二等座	630	6	6	青岛北站	贵阳北站
TRAIN	C297	C142					2026-05-01T20:06:00	2026-05-02T07:43:00	中国铁路	G3544	二等座	780	7	7	青岛北站	昆明南站
TRAIN	C297	C133					2026-05-01T05:35:00	2026-05-01T21:06:00	中国铁路	G3545	二等座	1045	8	8	青岛北站	拉萨站
TRAIN	C297	C246					2026-05-01T06:04:00	2026-05-01T12:10:00	中国铁路	G3546	二等座	415	9	9	青岛北站	西安北站
TRAIN	C297	C034					2026-05-01T06:33:00	2026-05-01T14:57:00	中国铁路	G3547	二等座	570	10	10	青岛北站	兰州西站
TRAIN	C297	C245					2026-05-01T07:02:00	2026-05-01T16:24:00	中国铁路	G3548	二等座	635	11	11	青岛北站	西宁站
TRAIN	C297	C279					2026-05-01T07:31:00	2026-05-01T14:49:00	中国铁路	G3549	二等座	495	12	12	青岛北站	银川站
TRAIN	C297	C018					2026-05-01T08:00:00	2026-05-02T00:01:00	中国铁路	G3550	二等座	1080	13	13	青岛北站	乌鲁木齐站
TRAIN	C297	C300					2026-05-01T08:29:00	2026-05-01T17:44:00	中国铁路	G3551	二等座	630	14	14	青岛北站	香港西九龙站
TRAIN	C297	C190					2026-05-01T09:56:00	2026-05-01T19:05:00	中国铁路	G3554	二等座	625	17	17	青岛北站	深圳北站
TRAIN	C297	C050					2026-05-01T10:25:00	2026-05-01T17:52:00	中国铁路	G3555	二等座	515	18	18	青岛北站	厦门北站
TRAIN	C297	C080					2026-05-01T11:23:00	2026-05-01T13:36:00	中国铁路	G3557	二等座	165	20	20	青岛北站	大连北站
TRAIN	C297	C088					2026-05-01T11:52:00	2026-05-01T16:02:00	中国铁路	G3558	二等座	295	21	21	青岛北站	宁波站
TRAIN	C297	C231					2026-05-01T12:21:00	2026-05-01T15:37:00	中国铁路	G3559	二等座	240	22	22	青岛北站	苏州站
TRAIN	C297	C139					2026-05-01T12:50:00	2026-05-01T15:59:00	中国铁路	G3560	二等座	230	23	23	青岛北站	无锡站
TRAIN	C297	C158					2026-05-01T13:19:00	2026-05-01T22:00:00	中国铁路	G3561	二等座	605	24	24	青岛北站	桂林北站
TRAIN	C297	C002					2026-05-01T13:48:00	2026-05-02T02:19:00	中国铁路	G3562	二等座	860	25	25	青岛北站	三亚站
TRAIN	C297	C119					2026-05-01T14:17:00	2026-05-01T21:11:00	中国铁路	G3563	二等座	485	26	26	青岛北站	张家界西站
TRAIN	C297	C015					2026-05-01T14:46:00	2026-05-02T02:48:00	中国铁路	G3564	二等座	830	27	27	青岛北站	丽江站
TRAIN	C297	C308					2026-05-01T15:44:00	2026-05-01T20:05:00	中国铁路	G3566	二等座	320	29	29	青岛北站	黄山北站
TRAIN	C297	C210					2026-05-01T16:42:00	2026-05-02T02:05:00	中国铁路	G3568	二等座	655	31	31	青岛北站	珠海站
TRAIN	C297	C179					2026-05-01T17:11:00	2026-05-01T21:34:00	中国铁路	G3569	二等座	320	32	32	青岛北站	洛阳龙门站
TRAIN	C297	C077					2026-05-01T17:40:00	2026-05-01T22:11:00	中国铁路	G3570	二等座	335	33	33	青岛北站	大同南站
TRAIN	C297	C070					2026-05-01T18:38:00	2026-05-02T15:55:00	中国铁路	G3572	二等座	1455	35	35	青岛北站	喀什站
TRAIN	C297	C056					2026-05-01T19:07:00	2026-05-02T10:24:00	中国铁路	G3573	二等座	1055	5	5	青岛北站	吐鲁番北站
TRAIN	C297	C292					2026-05-01T19:36:00	2026-05-02T11:50:00	中国铁路	G3574	二等座	1120	6	6	青岛北站	阿勒泰站
TRAIN	C297	C222					2026-05-01T20:05:00	2026-05-01T22:51:00	中国铁路	G3575	二等座	220	7	7	青岛北站	秦皇岛站
TRAIN	C297	C084					2026-05-01T05:34:00	2026-05-01T07:11:00	中国铁路	G3576	二等座	145	8	8	青岛北站	威海站
TRAIN	C297	C176					2026-05-01T06:03:00	2026-05-01T13:13:00	中国铁路	G3577	二等座	515	9	9	青岛北站	泉州站
TRAIN	C297	C129					2026-05-01T06:32:00	2026-05-01T09:12:00	中国铁路	G3578	二等座	215	10	10	青岛北站	扬州东站
TRAIN	C297	C071					2026-05-01T07:01:00	2026-05-01T10:37:00	中国铁路	G3579	二等座	280	11	11	青岛北站	嘉兴南站
TRAIN	C297	C040					2026-05-01T07:30:00	2026-05-01T18:26:00	中国铁路	G3580	二等座	770	12	12	青岛北站	北海站
TRAIN	C297	C147					2026-05-01T07:59:00	2026-05-01T12:46:00	中国铁路	G3581	二等座	360	13	13	青岛北站	景德镇北站
TRAIN	C297	C127					2026-05-01T09:26:00	2026-05-01T18:11:00	中国铁路	G3584	二等座	630	16	16	青岛北站	惠州北站
TRAIN	C297	C205					2026-05-01T10:24:00	2026-05-01T11:48:00	中国铁路	G3586	二等座	85	18	18	青岛北站	烟台站
TRAIN	C297	C025					2026-05-01T10:53:00	2026-05-01T19:58:00	中国铁路	G3587	二等座	600	19	19	青岛北站	佛山西站
TRAIN	C297	C192					2026-05-01T11:51:00	2026-05-01T17:06:00	中国铁路	G3589	二等座	345	21	21	青岛北站	温州南站
TRAIN	C080	C039					2026-05-01T12:20:00	2026-05-01T15:14:00	中国铁路	G3590	二等座	190	22	22	大连北站	北京南站
TRAIN	C080	C005					2026-05-01T12:49:00	2026-05-01T17:50:00	中国铁路	G3591	二等座	330	23	23	大连北站	上海虹桥站
TRAIN	C080	C082					2026-05-01T13:18:00	2026-05-01T15:46:00	中国铁路	G3592	二等座	160	24	24	大连北站	天津西站
TRAIN	C080	C272					2026-05-01T13:47:00	2026-05-01T23:29:00	中国铁路	G3593	二等座	650	25	25	大连北站	重庆北站
TRAIN	C080	C220					2026-05-01T14:16:00	2026-05-01T18:03:00	中国铁路	G3594	二等座	250	26	26	大连北站	石家庄站
TRAIN	C080	C083					2026-05-01T14:45:00	2026-05-01T19:27:00	中国铁路	G3595	二等座	315	27	27	大连北站	太原南站
TRAIN	C080	C061					2026-05-01T15:14:00	2026-05-01T20:19:00	中国铁路	G3596	二等座	340	28	28	大连北站	呼和浩特东站
TRAIN	C080	C172					2026-05-01T15:43:00	2026-05-01T18:03:00	中国铁路	G3597	二等座	160	29	29	大连北站	沈阳北站
TRAIN	C080	C283					2026-05-01T16:12:00	2026-05-01T19:59:00	中国铁路	G3598	二等座	255	30	30	大连北站	长春西站
TRAIN	C080	C066					2026-05-01T16:41:00	2026-05-01T21:45:00	中国铁路	G3599	二等座	345	31	31	大连北站	哈尔滨西站
TRAIN	C080	C042					2026-05-01T17:10:00	2026-05-01T21:54:00	中国铁路	G3600	二等座	320	32	32	大连北站	南京南站
TRAIN	C080	C153					2026-05-01T17:39:00	2026-05-01T23:17:00	中国铁路	G3601	二等座	385	33	33	大连北站	杭州东站
TRAIN	C080	C053					2026-05-01T18:08:00	2026-05-01T23:18:00	中国铁路	G3602	二等座	355	34	34	大连北站	合肥南站
TRAIN	C080	C221					2026-05-01T18:37:00	2026-05-02T02:47:00	中国铁路	G3603	二等座	555	35	35	大连北站	福州南站
TRAIN	C080	C046					2026-05-01T19:06:00	2026-05-02T02:16:00	中国铁路	G3604	二等座	490	5	5	大连北站	南昌西站
TRAIN	C080	C180					2026-05-01T19:35:00	2026-05-01T22:33:00	中国铁路	G3605	二等座	210	6	6	大连北站	济南西站
TRAIN	C080	C267					2026-05-01T20:04:00	2026-05-02T01:02:00	中国铁路	G3606	二等座	345	7	7	大连北站	郑州东站
TRAIN	C080	C164					2026-05-01T05:33:00	2026-05-01T12:06:00	中国铁路	G3607	二等座	450	8	8	大连北站	武汉站
TRAIN	C080	C284					2026-05-01T06:02:00	2026-05-01T14:09:00	中国铁路	G3608	二等座	555	9	9	大连北站	长沙南站
TRAIN	C080	C112					2026-05-01T06:31:00	2026-05-01T17:17:00	中国铁路	G3609	二等座	735	10	10	大连北站	广州南站
TRAIN	C080	C044					2026-05-01T07:00:00	2026-05-01T19:10:00	中国铁路	G3610	二等座	830	11	11	大连北站	南宁东站
TRAIN	C080	C184					2026-05-01T07:29:00	2026-05-01T20:37:00	中国铁路	G3611	二等座	895	12	12	大连北站	海口东站
TRAIN	C080	C128					2026-05-01T07:58:00	2026-05-01T18:19:00	中国铁路	G3612	二等座	710	13	13	大连北站	成都东站
TRAIN	C080	C249					2026-05-01T08:27:00	2026-05-01T19:21:00	中国铁路	G3613	二等座	750	14	14	大连北站	贵阳北站
TRAIN	C080	C142					2026-05-01T08:56:00	2026-05-01T21:59:00	中国铁路	G3614	二等座	890	15	15	大连北站	昆明南站
TRAIN	C080	C133					2026-05-01T09:25:00	2026-05-02T01:46:00	中国铁路	G3615	二等座	1115	16	16	大连北站	拉萨站
TRAIN	C080	C246					2026-05-01T09:54:00	2026-05-01T16:58:00	中国铁路	G3616	二等座	495	17	17	大连北站	西安北站
TRAIN	C080	C034					2026-05-01T10:23:00	2026-05-01T19:23:00	中国铁路	G3617	二等座	625	18	18	大连北站	兰州西站
TRAIN	C080	C245					2026-05-01T10:52:00	2026-05-01T20:44:00	中国铁路	G3618	二等座	685	19	19	大连北站	西宁站
TRAIN	C080	C279					2026-05-01T11:21:00	2026-05-01T18:56:00	中国铁路	G3619	二等座	530	20	20	大连北站	银川站
TRAIN	C080	C018					2026-05-01T11:50:00	2026-05-02T03:40:00	中国铁路	G3620	二等座	1085	21	21	大连北站	乌鲁木齐站
TRAIN	C080	C300					2026-05-01T12:19:00	2026-05-01T23:21:00	中国铁路	G3621	二等座	765	22	22	大连北站	香港西九龙站
TRAIN	C080	C190					2026-05-01T13:46:00	2026-05-02T00:42:00	中国铁路	G3624	二等座	760	25	25	大连北站	深圳北站
TRAIN	C080	C050					2026-05-01T14:15:00	2026-05-01T23:29:00	中国铁路	G3625	二等座	650	26	26	大连北站	厦门北站
TRAIN	C080	C297					2026-05-01T14:44:00	2026-05-01T16:57:00	中国铁路	G3626	二等座	180	27	27	大连北站	青岛北站
TRAIN	C080	C088					2026-05-01T15:42:00	2026-05-01T21:31:00	中国铁路	G3628	二等座	425	29	29	大连北站	宁波站
TRAIN	C080	C231					2026-05-01T16:11:00	2026-05-01T21:11:00	中国铁路	G3629	二等座	370	30	30	大连北站	苏州站
TRAIN	C080	C139					2026-05-01T16:40:00	2026-05-01T21:34:00	中国铁路	G3630	二等座	365	31	31	大连北站	无锡站
TRAIN	C080	C158					2026-05-01T17:09:00	2026-05-02T03:31:00	中国铁路	G3631	二等座	730	32	32	大连北站	桂林北站
TRAIN	C080	C002					2026-05-01T17:38:00	2026-05-02T07:54:00	中国铁路	G3632	二等座	995	33	33	大连北站	三亚站
TRAIN	C080	C119					2026-05-01T18:07:00	2026-05-02T02:34:00	中国铁路	G3633	二等座	605	34	34	大连北站	张家界西站
TRAIN	C080	C015					2026-05-01T18:36:00	2026-05-02T07:53:00	中国铁路	G3634	二等座	930	35	35	大连北站	丽江站
TRAIN	C080	C308					2026-05-01T19:34:00	2026-05-02T01:43:00	中国铁路	G3636	二等座	455	6	6	大连北站	黄山北站
TRAIN	C080	C210					2026-05-01T05:32:00	2026-05-01T16:43:00	中国铁路	G3638	二等座	790	8	8	大连北站	珠海站
TRAIN	C080	C179					2026-05-01T06:01:00	2026-05-01T11:31:00	中国铁路	G3639	二等座	410	9	9	大连北站	洛阳龙门站
TRAIN	C080	C077					2026-05-01T06:30:00	2026-05-01T10:49:00	中国铁路	G3640	二等座	280	10	10	大连北站	大同南站
TRAIN	C080	C070					2026-05-01T07:28:00	2026-05-02T04:48:00	中国铁路	G3642	二等座	1420	12	12	大连北站	喀什站
TRAIN	C080	C056					2026-05-01T07:57:00	2026-05-01T23:07:00	中国铁路	G3643	二等座	1010	13	13	大连北站	吐鲁番北站
TRAIN	C080	C292					2026-05-01T08:26:00	2026-05-02T00:12:00	中国铁路	G3644	二等座	1050	14	14	大连北站	阿勒泰站
TRAIN	C080	C222					2026-05-01T08:55:00	2026-05-01T10:27:00	中国铁路	G3645	二等座	100	15	15	大连北站	秦皇岛站
TRAIN	C080	C084					2026-05-01T09:24:00	2026-05-01T10:41:00	中国铁路	G3646	二等座	80	16	16	大连北站	威海站
TRAIN	C080	C176					2026-05-01T09:53:00	2026-05-01T18:49:00	中国铁路	G3647	二等座	595	17	17	大连北站	泉州站
TRAIN	C080	C129					2026-05-01T10:22:00	2026-05-01T14:49:00	中国铁路	G3648	二等座	295	18	18	大连北站	扬州东站
TRAIN	C080	C071					2026-05-01T10:51:00	2026-05-01T16:10:00	中国铁路	G3649	二等座	355	19	19	大连北站	嘉兴南站
TRAIN	C080	C040					2026-05-01T11:20:00	2026-05-01T23:59:00	中国铁路	G3650	二等座	845	20	20	大连北站	北海站
TRAIN	C080	C147					2026-05-01T11:49:00	2026-05-01T18:24:00	中国铁路	G3651	二等座	440	21	21	大连北站	景德镇北站
TRAIN	C080	C127					2026-05-01T13:16:00	2026-05-01T23:49:00	中国铁路	G3654	二等座	710	24	24	大连北站	惠州北站
TRAIN	C080	C205					2026-05-01T14:14:00	2026-05-01T15:31:00	中国铁路	G3656	二等座	90	26	26	大连北站	烟台站
TRAIN	C080	C025					2026-05-01T14:43:00	2026-05-02T01:34:00	中国铁路	G3657	二等座	735	27	27	大连北站	佛山西站
TRAIN	C080	C192					2026-05-01T15:41:00	2026-05-01T22:38:00	中国铁路	G3659	二等座	475	29	29	大连北站	温州南站
TRAIN	C088	C039					2026-05-01T16:10:00	2026-05-01T23:05:00	中国铁路	G3660	二等座	475	30	30	宁波站	北京南站
TRAIN	C088	C005					2026-05-01T16:39:00	2026-05-01T17:53:00	中国铁路	G3661	二等座	95	31	31	宁波站	上海虹桥站
TRAIN	C088	C082					2026-05-01T17:08:00	2026-05-01T23:27:00	中国铁路	G3662	二等座	435	32	32	宁波站	天津西站
TRAIN	C088	C272					2026-05-01T17:37:00	2026-05-02T01:49:00	中国铁路	G3663	二等座	560	33	33	宁波站	重庆北站
TRAIN	C088	C220					2026-05-01T18:06:00	2026-05-02T00:31:00	中国铁路	G3664	二等座	445	34	34	宁波站	石家庄站
TRAIN	C088	C083					2026-05-01T18:35:00	2026-05-02T01:32:00	中国铁路	G3665	二等座	480	35	35	宁波站	太原南站
TRAIN	C088	C061					2026-05-01T19:04:00	2026-05-02T03:35:00	中国铁路	G3666	二等座	585	5	5	宁波站	呼和浩特东站
TRAIN	C088	C172					2026-05-01T19:33:00	2026-05-02T03:09:00	中国铁路	G3667	二等座	525	6	6	宁波站	沈阳北站
TRAIN	C088	C283					2026-05-01T20:02:00	2026-05-02T04:59:00	中国铁路	G3668	二等座	615	7	7	宁波站	长春西站
TRAIN	C088	C066					2026-05-01T05:31:00	2026-05-01T15:44:00	中国铁路	G3669	二等座	705	8	8	宁波站	哈尔滨西站
TRAIN	C088	C042					2026-05-01T06:00:00	2026-05-01T08:20:00	中国铁路	G3670	二等座	175	9	9	宁波站	南京南站
TRAIN	C088	C153					2026-05-01T06:29:00	2026-05-01T07:40:00	中国铁路	G3671	二等座	100	10	10	宁波站	杭州东站
TRAIN	C088	C053					2026-05-01T06:58:00	2026-05-01T09:53:00	中国铁路	G3672	二等座	220	11	11	宁波站	合肥南站
TRAIN	C088	C221					2026-05-01T07:27:00	2026-05-01T10:25:00	中国铁路	G3673	二等座	220	12	12	宁波站	福州南站
TRAIN	C088	C046					2026-05-01T07:56:00	2026-05-01T11:24:00	中国铁路	G3674	二等座	255	13	13	宁波站	南昌西站
TRAIN	C088	C180					2026-05-01T08:25:00	2026-05-01T13:29:00	中国铁路	G3675	二等座	365	14	14	宁波站	济南西站
TRAIN	C088	C267					2026-05-01T08:54:00	2026-05-01T14:16:00	中国铁路	G3676	二等座	385	15	15	宁波站	郑州东站
TRAIN	C088	C164					2026-05-01T09:23:00	2026-05-01T13:34:00	中国铁路	G3677	二等座	305	16	16	宁波站	武汉站
TRAIN	C088	C284					2026-05-01T09:52:00	2026-05-01T14:53:00	中国铁路	G3678	二等座	365	17	17	宁波站	长沙南站
TRAIN	C088	C112					2026-05-01T10:21:00	2026-05-01T16:45:00	中国铁路	G3679	二等座	460	18	18	宁波站	广州南站
TRAIN	C088	C044					2026-05-01T10:50:00	2026-05-01T19:28:00	中国铁路	G3680	二等座	610	19	19	宁波站	南宁东站
TRAIN	C088	C184					2026-05-01T11:19:00	2026-05-01T20:14:00	中国铁路	G3681	二等座	630	20	20	宁波站	海口东站
TRAIN	C088	C128					2026-05-01T11:48:00	2026-05-01T21:15:00	中国铁路	G3682	二等座	665	21	21	宁波站	成都东站
TRAIN	C088	C249					2026-05-01T12:17:00	2026-05-01T20:47:00	中国铁路	G3683	二等座	600	22	22	宁波站	贵阳北站
TRAIN	C088	C142					2026-05-01T12:46:00	2026-05-01T23:34:00	中国铁路	G3684	二等座	760	23	23	宁波站	昆明南站
TRAIN	C088	C133					2026-05-01T13:15:00	2026-05-02T05:23:00	中国铁路	G3685	二等座	1115	24	24	宁波站	拉萨站
TRAIN	C088	C246					2026-05-01T13:44:00	2026-05-01T21:04:00	中国铁路	G3686	二等座	525	25	25	宁波站	西安北站
TRAIN	C088	C034					2026-05-01T14:13:00	2026-05-02T00:15:00	中国铁路	G3687	二等座	710	26	26	宁波站	兰州西站
TRAIN	C088	C245					2026-05-01T14:42:00	2026-05-02T01:46:00	中国铁路	G3688	二等座	780	27	27	宁波站	西宁站
TRAIN	C088	C279					2026-05-01T15:11:00	2026-05-02T00:45:00	中国铁路	G3689	二等座	680	28	28	宁波站	银川站
TRAIN	C088	C018					2026-05-01T15:40:00	2026-05-02T10:10:00	中国铁路	G3690	二等座	1280	29	29	宁波站	乌鲁木齐站
TRAIN	C088	C300					2026-05-01T16:09:00	2026-05-01T22:34:00	中国铁路	G3691	二等座	470	30	30	宁波站	香港西九龙站
TRAIN	C088	C190					2026-05-01T17:36:00	2026-05-01T23:57:00	中国铁路	G3694	二等座	470	33	33	宁波站	深圳北站
TRAIN	C088	C050					2026-05-01T18:05:00	2026-05-01T22:13:00	中国铁路	G3695	二等座	265	34	34	宁波站	厦门北站
TRAIN	C088	C297					2026-05-01T18:34:00	2026-05-01T22:44:00	中国铁路	G3696	二等座	270	35	35	宁波站	青岛北站
TRAIN	C088	C080					2026-05-01T19:03:00	2026-05-02T00:52:00	中国铁路	G3697	二等座	380	5	5	宁波站	大连北站
TRAIN	C088	C231					2026-05-01T20:01:00	2026-05-01T21:25:00	中国铁路	G3699	二等座	90	7	7	宁波站	苏州站
TRAIN	C088	C139					2026-05-01T05:30:00	2026-05-01T07:05:00	中国铁路	G3700	二等座	100	8	8	宁波站	无锡站
TRAIN	C088	C158					2026-05-01T05:59:00	2026-05-01T12:58:00	中国铁路	G3701	二等座	465	9	9	宁波站	桂林北站
TRAIN	C088	C002					2026-05-01T06:28:00	2026-05-01T16:26:00	中国铁路	G3702	二等座	665	10	10	宁波站	三亚站
TRAIN	C088	C119					2026-05-01T06:57:00	2026-05-01T13:09:00	中国铁路	G3703	二等座	415	11	11	宁波站	张家界西站
TRAIN	C088	C015					2026-05-01T07:26:00	2026-05-01T19:12:00	中国铁路	G3704	二等座	785	12	12	宁波站	丽江站
TRAIN	C088	C308					2026-05-01T08:24:00	2026-05-01T10:29:00	中国铁路	G3706	二等座	140	14	14	宁波站	黄山北站
TRAIN	C088	C210					2026-05-01T09:22:00	2026-05-01T16:01:00	中国铁路	G3708	二等座	450	16	16	宁波站	珠海站
TRAIN	C088	C179					2026-05-01T09:51:00	2026-05-01T15:40:00	中国铁路	G3709	二等座	395	17	17	宁波站	洛阳龙门站
TRAIN	C088	C077					2026-05-01T10:20:00	2026-05-01T18:04:00	中国铁路	G3710	二等座	525	18	18	宁波站	大同南站
TRAIN	C088	C070					2026-05-01T11:18:00	2026-05-02T10:35:00	中国铁路	G3712	二等座	1565	20	20	宁波站	喀什站
TRAIN	C088	C056					2026-05-01T11:47:00	2026-05-02T05:29:00	中国铁路	G3713	二等座	1195	21	21	宁波站	吐鲁番北站
TRAIN	C088	C292					2026-05-01T12:16:00	2026-05-02T07:22:00	中国铁路	G3714	二等座	1290	22	22	宁波站	阿勒泰站
TRAIN	C088	C222					2026-05-01T12:45:00	2026-05-01T19:16:00	中国铁路	G3715	二等座	445	23	23	宁波站	秦皇岛站
TRAIN	C088	C084					2026-05-01T13:14:00	2026-05-01T18:14:00	中国铁路	G3716	二等座	345	24	24	宁波站	威海站
TRAIN	C088	C176					2026-05-01T13:43:00	2026-05-01T17:29:00	中国铁路	G3717	二等座	265	25	25	宁波站	泉州站
TRAIN	C088	C129					2026-05-01T14:12:00	2026-05-01T16:29:00	中国铁路	G3718	二等座	165	26	26	宁波站	扬州东站
TRAIN	C088	C071					2026-05-01T14:41:00	2026-05-01T15:46:00	中国铁路	G3719	二等座	85	27	27	宁波站	嘉兴南站
TRAIN	C088	C040					2026-05-01T15:10:00	2026-05-01T23:56:00	中国铁路	G3720	二等座	605	28	28	宁波站	北海站
TRAIN	C088	C147					2026-05-01T15:39:00	2026-05-01T18:22:00	中国铁路	G3721	二等座	200	29	29	宁波站	景德镇北站
TRAIN	C088	C127					2026-05-01T17:06:00	2026-05-01T23:04:00	中国铁路	G3724	二等座	420	32	32	宁波站	惠州北站
TRAIN	C088	C205					2026-05-01T18:04:00	2026-05-01T23:01:00	中国铁路	G3726	二等座	355	34	34	宁波站	烟台站
TRAIN	C088	C025					2026-05-01T18:33:00	2026-05-02T01:03:00	中国铁路	G3727	二等座	460	35	35	宁波站	佛山西站
TRAIN	C088	C192					2026-05-01T19:31:00	2026-05-01T21:09:00	中国铁路	G3729	二等座	135	6	6	宁波站	温州南站
TRAIN	C231	C039					2026-05-01T20:00:00	2026-05-02T01:57:00	中国铁路	G3730	二等座	425	7	7	苏州站	北京南站
TRAIN	C231	C005					2026-05-01T20:29:00	2026-05-01T21:21:00	中国铁路	G3731	二等座	85	8	8	苏州站	上海虹桥站
TRAIN	C231	C082					2026-05-01T05:58:00	2026-05-01T11:19:00	中国铁路	G3732	二等座	385	9	9	苏州站	天津西站
TRAIN	C231	C272					2026-05-01T06:27:00	2026-05-01T14:10:00	中国铁路	G3733	二等座	545	10	10	苏州站	重庆北站
TRAIN	C231	C220					2026-05-01T06:56:00	2026-05-01T12:22:00	中国铁路	G3734	二等座	395	11	11	苏州站	石家庄站
TRAIN	C231	C083					2026-05-01T07:25:00	2026-05-01T13:24:00	中国铁路	G3735	二等座	430	12	12	苏州站	太原南站
TRAIN	C231	C061					2026-05-01T07:54:00	2026-05-01T15:26:00	中国铁路	G3736	二等座	535	13	13	苏州站	呼和浩特东站
TRAIN	C231	C172					2026-05-01T08:23:00	2026-05-01T15:13:00	中国铁路	G3737	二等座	490	14	14	苏州站	沈阳北站
TRAIN	C231	C283					2026-05-01T08:52:00	2026-05-01T17:06:00	中国铁路	G3738	二等座	585	15	15	苏州站	长春西站
TRAIN	C231	C066					2026-05-01T09:21:00	2026-05-01T18:52:00	中国铁路	G3739	二等座	670	16	16	苏州站	哈尔滨西站
TRAIN	C231	C042					2026-05-01T09:50:00	2026-05-01T11:16:00	中国铁路	G3740	二等座	130	17	17	苏州站	南京南站
TRAIN	C231	C153					2026-05-01T10:19:00	2026-05-01T11:23:00	中国铁路	G3741	二等座	110	18	18	苏州站	杭州东站
TRAIN	C231	C053					2026-05-01T10:48:00	2026-05-01T12:57:00	中国铁路	G3742	二等座	180	19	19	苏州站	合肥南站
TRAIN	C231	C221					2026-05-01T11:17:00	2026-05-01T14:54:00	中国铁路	G3743	二等座	280	20	20	苏州站	福州南站
TRAIN	C231	C046					2026-05-01T11:46:00	2026-05-01T15:05:00	中国铁路	G3744	二等座	260	21	21	苏州站	南昌西站
TRAIN	C231	C180					2026-05-01T12:15:00	2026-05-01T16:20:00	中国铁路	G3745	二等座	315	22	22	苏州站	济南西站
TRAIN	C231	C267					2026-05-01T12:44:00	2026-05-01T17:12:00	中国铁路	G3746	二等座	340	23	23	苏州站	郑州东站
TRAIN	C231	C164					2026-05-01T13:13:00	2026-05-01T16:53:00	中国铁路	G3747	二等座	285	24	24	苏州站	武汉站
TRAIN	C231	C284					2026-05-01T13:42:00	2026-05-01T18:29:00	中国铁路	G3748	二等座	365	25	25	苏州站	长沙南站
TRAIN	C231	C112					2026-05-01T14:11:00	2026-05-01T20:50:00	中国铁路	G3749	二等座	490	26	26	苏州站	广州南站
TRAIN	C231	C044					2026-05-01T14:40:00	2026-05-01T23:19:00	中国铁路	G3750	二等座	570	27	27	苏州站	南宁东站
TRAIN	C231	C184					2026-05-01T15:09:00	2026-05-02T00:18:00	中国铁路	G3751	二等座	605	28	28	苏州站	海口东站
TRAIN	C231	C128					2026-05-01T15:38:00	2026-05-02T00:31:00	中国铁路	G3752	二等座	585	29	29	苏州站	成都东站
TRAIN	C231	C249					2026-05-01T16:07:00	2026-05-02T00:20:00	中国铁路	G3753	二等座	545	30	30	苏州站	贵阳北站
TRAIN	C231	C142					2026-05-01T16:36:00	2026-05-02T03:08:00	中国铁路	G3754	二等座	700	31	31	苏州站	昆明南站
TRAIN	C231	C133					2026-05-01T17:05:00	2026-05-02T08:38:00	中国铁路	G3755	二等座	1035	32	32	苏州站	拉萨站
TRAIN	C231	C246					2026-05-01T17:34:00	2026-05-02T00:06:00	中国铁路	G3756	二等座	435	33	33	苏州站	西安北站
TRAIN	C231	C034					2026-05-01T18:03:00	2026-05-02T03:15:00	中国铁路	G3757	二等座	615	34	34	苏州站	兰州西站
TRAIN	C231	C245					2026-05-01T18:32:00	2026-05-02T04:47:00	中国铁路	G3758	二等座	685	35	35	苏州站	西宁站
TRAIN	C231	C279					2026-05-01T19:01:00	2026-05-02T03:40:00	中国铁路	G3759	二等座	580	5	5	苏州站	银川站
TRAIN	C231	C018					2026-05-01T19:30:00	2026-05-02T13:05:00	中国铁路	G3760	二等座	1180	6	6	苏州站	乌鲁木齐站
TRAIN	C231	C300					2026-05-01T19:59:00	2026-05-02T02:46:00	中国铁路	G3761	二等座	455	7	7	苏州站	香港西九龙站
TRAIN	C231	C190					2026-05-01T06:26:00	2026-05-01T13:08:00	中国铁路	G3764	二等座	455	10	10	苏州站	深圳北站
TRAIN	C231	C050					2026-05-01T06:55:00	2026-05-01T11:37:00	中国铁路	G3765	二等座	320	11	11	苏州站	厦门北站
TRAIN	C231	C297					2026-05-01T07:24:00	2026-05-01T10:40:00	中国铁路	G3766	二等座	225	12	12	苏州站	青岛北站
TRAIN	C231	C080					2026-05-01T07:53:00	2026-05-01T12:53:00	中国铁路	G3767	二等座	340	13	13	苏州站	大连北站
TRAIN	C231	C088					2026-05-01T08:22:00	2026-05-01T09:46:00	中国铁路	G3768	二等座	100	14	14	苏州站	宁波站
TRAIN	C231	C139					2026-05-01T09:20:00	2026-05-01T09:56:00	中国铁路	G3770	二等座	50	16	16	苏州站	无锡站
TRAIN	C231	C158					2026-05-01T09:49:00	2026-05-01T16:44:00	中国铁路	G3771	二等座	475	17	17	苏州站	桂林北站
TRAIN	C231	C002					2026-05-01T10:18:00	2026-05-01T20:33:00	中国铁路	G3772	二等座	700	18	18	苏州站	三亚站
TRAIN	C231	C119					2026-05-01T10:47:00	2026-05-01T16:35:00	中国铁路	G3773	二等座	400	19	19	苏州站	张家界西站
TRAIN	C231	C015					2026-05-01T11:16:00	2026-05-01T22:37:00	中国铁路	G3774	二等座	775	20	20	苏州站	丽江站
TRAIN	C231	C308					2026-05-01T12:14:00	2026-05-01T14:09:00	中国铁路	G3776	二等座	145	22	22	苏州站	黄山北站
TRAIN	C231	C210					2026-05-01T13:12:00	2026-05-01T20:11:00	中国铁路	G3778	二等座	485	24	24	苏州站	珠海站
TRAIN	C231	C179					2026-05-01T13:41:00	2026-05-01T18:38:00	中国铁路	G3779	二等座	350	25	25	苏州站	洛阳龙门站
TRAIN	C231	C077					2026-05-01T14:10:00	2026-05-01T20:54:00	中国铁路	G3780	二等座	470	26	26	苏州站	大同南站
TRAIN	C231	C070					2026-05-01T15:08:00	2026-05-02T13:36:00	中国铁路	G3782	二等座	1525	28	28	苏州站	喀什站
TRAIN	C231	C056					2026-05-01T15:37:00	2026-05-02T08:25:00	中国铁路	G3783	二等座	1150	29	29	苏州站	吐鲁番北站
TRAIN	C231	C292					2026-05-01T16:06:00	2026-05-02T10:14:00	中国铁路	G3784	二等座	1240	30	30	苏州站	阿勒泰站
TRAIN	C231	C222					2026-05-01T16:35:00	2026-05-01T22:11:00	中国铁路	G3785	二等座	400	31	31	苏州站	秦皇岛站
TRAIN	C231	C084					2026-05-01T17:04:00	2026-05-01T21:16:00	中国铁路	G3786	二等座	310	32	32	苏州站	威海站
TRAIN	C231	C176					2026-05-01T17:33:00	2026-05-01T21:56:00	中国铁路	G3787	二等座	320	33	33	苏州站	泉州站
TRAIN	C231	C129					2026-05-01T18:02:00	2026-05-01T19:20:00	中国铁路	G3788	二等座	115	34	34	苏州站	扬州东站
TRAIN	C231	C071					2026-05-01T18:31:00	2026-05-01T19:16:00	中国铁路	G3789	二等座	80	35	35	苏州站	嘉兴南站
TRAIN	C231	C040					2026-05-01T19:00:00	2026-05-02T03:54:00	中国铁路	G3790	二等座	625	5	5	苏州站	北海站
TRAIN	C231	C147					2026-05-01T19:29:00	2026-05-01T22:02:00	中国铁路	G3791	二等座	200	6	6	苏州站	景德镇北站
TRAIN	C231	C127					2026-05-01T05:56:00	2026-05-01T12:14:00	中国铁路	G3794	二等座	455	9	9	苏州站	惠州北站
TRAIN	C231	C205					2026-05-01T06:54:00	2026-05-01T11:01:00	中国铁路	G3796	二等座	310	11	11	苏州站	烟台站
TRAIN	C231	C025					2026-05-01T07:23:00	2026-05-01T14:08:00	中国铁路	G3797	二等座	490	12	12	苏州站	佛山西站
TRAIN	C231	C192					2026-05-01T08:21:00	2026-05-01T10:44:00	中国铁路	G3799	二等座	200	14	14	苏州站	温州南站
TRAIN	C139	C039					2026-05-01T08:50:00	2026-05-01T14:37:00	中国铁路	G3800	二等座	430	15	15	无锡站	北京南站
TRAIN	C139	C005					2026-05-01T09:19:00	2026-05-01T10:21:00	中国铁路	G3801	二等座	110	16	16	无锡站	上海虹桥站
TRAIN	C139	C082					2026-05-01T09:48:00	2026-05-01T15:00:00	中国铁路	G3802	二等座	390	17	17	无锡站	天津西站
TRAIN	C139	C272					2026-05-01T10:17:00	2026-05-01T17:52:00	中国铁路	G3803	二等座	550	18	18	无锡站	重庆北站
TRAIN	C139	C220					2026-05-01T10:46:00	2026-05-01T16:01:00	中国铁路	G3804	二等座	395	19	19	无锡站	石家庄站
TRAIN	C139	C083					2026-05-01T11:15:00	2026-05-01T17:03:00	中国铁路	G3805	二等座	380	20	20	无锡站	太原南站
TRAIN	C139	C061					2026-05-01T11:44:00	2026-05-01T19:06:00	中国铁路	G3806	二等座	485	21	21	无锡站	呼和浩特东站
TRAIN	C139	C172					2026-05-01T12:13:00	2026-05-01T18:58:00	中国铁路	G3807	二等座	445	22	22	无锡站	沈阳北站
TRAIN	C139	C283					2026-05-01T12:42:00	2026-05-01T20:51:00	中国铁路	G3808	二等座	540	23	23	无锡站	长春西站
TRAIN	C139	C066					2026-05-01T13:11:00	2026-05-01T22:38:00	中国铁路	G3809	二等座	625	24	24	无锡站	哈尔滨西站
TRAIN	C139	C042					2026-05-01T13:40:00	2026-05-01T14:55:00	中国铁路	G3810	二等座	80	25	25	无锡站	南京南站
TRAIN	C139	C153					2026-05-01T14:09:00	2026-05-01T15:18:00	中国铁路	G3811	二等座	75	26	26	无锡站	杭州东站
TRAIN	C139	C053					2026-05-01T14:38:00	2026-05-01T16:38:00	中国铁路	G3812	二等座	130	27	27	无锡站	合肥南站
TRAIN	C139	C221					2026-05-01T15:07:00	2026-05-01T18:49:00	中国铁路	G3813	二等座	245	28	28	无锡站	福州南站
TRAIN	C139	C046					2026-05-01T15:36:00	2026-05-01T18:52:00	中国铁路	G3814	二等座	220	29	29	无锡站	南昌西站
TRAIN	C139	C180					2026-05-01T16:05:00	2026-05-01T20:00:00	中国铁路	G3815	二等座	260	30	30	无锡站	济南西站
TRAIN	C139	C267					2026-05-01T16:34:00	2026-05-01T20:51:00	中国铁路	G3816	二等座	290	31	31	无锡站	郑州东站
TRAIN	C139	C164					2026-05-01T17:03:00	2026-05-01T20:35:00	中国铁路	G3817	二等座	240	32	32	无锡站	武汉站
TRAIN	C139	C284					2026-05-01T17:32:00	2026-05-01T22:14:00	中国铁路	G3818	二等座	320	33	33	无锡站	长沙南站
TRAIN	C139	C112					2026-05-01T18:01:00	2026-05-02T00:40:00	中国铁路	G3819	二等座	450	34	34	无锡站	广州南站
TRAIN	C139	C044					2026-05-01T18:30:00	2026-05-02T03:06:00	中国铁路	G3820	二等座	580	35	35	无锡站	南宁东站
TRAIN	C139	C184					2026-05-01T18:59:00	2026-05-02T04:08:00	中国铁路	G3821	二等座	620	5	5	无锡站	海口东站
TRAIN	C139	C128					2026-05-01T19:28:00	2026-05-02T04:13:00	中国铁路	G3822	二等座	595	6	6	无锡站	成都东站
TRAIN	C139	C249					2026-05-01T19:57:00	2026-05-02T04:04:00	中国铁路	G3823	二等座	550	7	7	无锡站	贵阳北站
TRAIN	C139	C142					2026-05-01T20:26:00	2026-05-02T06:52:00	中国铁路	G3824	二等座	710	8	8	无锡站	昆明南站
TRAIN	C139	C133					2026-05-01T05:55:00	2026-05-01T21:20:00	中国铁路	G3825	二等座	1040	9	9	无锡站	拉萨站
TRAIN	C139	C246					2026-05-01T06:24:00	2026-05-01T12:46:00	中国铁路	G3826	二等座	435	10	10	无锡站	西安北站
TRAIN	C139	C034					2026-05-01T06:53:00	2026-05-01T15:55:00	中国铁路	G3827	二等座	615	11	11	无锡站	兰州西站
TRAIN	C139	C245					2026-05-01T07:22:00	2026-05-01T17:26:00	中国铁路	G3828	二等座	690	12	12	无锡站	西宁站
TRAIN	C139	C279					2026-05-01T07:51:00	2026-05-01T16:19:00	中国铁路	G3829	二等座	580	13	13	无锡站	银川站
TRAIN	C139	C018					2026-05-01T08:20:00	2026-05-02T01:45:00	中国铁路	G3830	二等座	1180	14	14	无锡站	乌鲁木齐站
TRAIN	C139	C300					2026-05-01T08:49:00	2026-05-01T15:37:00	中国铁路	G3831	二等座	470	15	15	无锡站	香港西九龙站
TRAIN	C139	C190					2026-05-01T10:16:00	2026-05-01T16:59:00	中国铁路	G3834	二等座	470	18	18	无锡站	深圳北站
TRAIN	C139	C050					2026-05-01T10:45:00	2026-05-01T15:31:00	中国铁路	G3835	二等座	340	19	19	无锡站	厦门北站
TRAIN	C139	C297					2026-05-01T11:14:00	2026-05-01T14:23:00	中国铁路	G3836	二等座	230	20	20	无锡站	青岛北站
TRAIN	C139	C080					2026-05-01T11:43:00	2026-05-01T16:37:00	中国铁路	G3837	二等座	350	21	21	无锡站	大连北站
TRAIN	C139	C088					2026-05-01T12:12:00	2026-05-01T13:47:00	中国铁路	G3838	二等座	130	22	22	无锡站	宁波站
TRAIN	C139	C231					2026-05-01T12:41:00	2026-05-01T13:17:00	中国铁路	G3839	二等座	65	23	23	无锡站	苏州站
TRAIN	C139	C158					2026-05-01T13:39:00	2026-05-01T20:31:00	中国铁路	G3841	二等座	485	25	25	无锡站	桂林北站
TRAIN	C139	C002					2026-05-01T14:08:00	2026-05-02T00:23:00	中国铁路	G3842	二等座	715	26	26	无锡站	三亚站
TRAIN	C139	C119					2026-05-01T14:37:00	2026-05-01T20:18:00	中国铁路	G3843	二等座	410	27	27	无锡站	张家界西站
TRAIN	C139	C015					2026-05-01T15:06:00	2026-05-02T02:20:00	中国铁路	G3844	二等座	780	28	28	无锡站	丽江站
TRAIN	C139	C308					2026-05-01T16:04:00	2026-05-01T17:57:00	中国铁路	G3846	二等座	155	30	30	无锡站	黄山北站
TRAIN	C139	C210					2026-05-01T17:02:00	2026-05-02T00:01:00	中国铁路	G3848	二等座	500	32	32	无锡站	珠海站
TRAIN	C139	C179					2026-05-01T17:31:00	2026-05-01T22:18:00	中国铁路	G3849	二等座	355	33	33	无锡站	洛阳龙门站
TRAIN	C139	C077					2026-05-01T18:00:00	2026-05-02T00:34:00	中国铁路	G3850	二等座	475	34	34	无锡站	大同南站
TRAIN	C139	C070					2026-05-01T18:58:00	2026-05-02T17:15:00	中国铁路	G3852	二等座	1530	5	5	无锡站	喀什站
TRAIN	C139	C056					2026-05-01T19:27:00	2026-05-02T12:04:00	中国铁路	G3853	二等座	1150	6	6	无锡站	吐鲁番北站
TRAIN	C139	C292					2026-05-01T19:56:00	2026-05-02T13:54:00	中国铁路	G3854	二等座	1240	7	7	无锡站	阿勒泰站
TRAIN	C139	C222					2026-05-01T20:25:00	2026-05-02T01:54:00	中国铁路	G3855	二等座	405	8	8	无锡站	秦皇岛站
TRAIN	C139	C084					2026-05-01T05:54:00	2026-05-01T10:01:00	中国铁路	G3856	二等座	315	9	9	无锡站	威海站
TRAIN	C139	C176					2026-05-01T06:23:00	2026-05-01T10:51:00	中国铁路	G3857	二等座	340	10	10	无锡站	泉州站
TRAIN	C139	C129					2026-05-01T06:52:00	2026-05-01T07:59:00	中国铁路	G3858	二等座	120	11	11	无锡站	扬州东站
TRAIN	C139	C071					2026-05-01T07:21:00	2026-05-01T08:16:00	中国铁路	G3859	二等座	105	12	12	无锡站	嘉兴南站
TRAIN	C139	C040					2026-05-01T07:50:00	2026-05-01T16:42:00	中国铁路	G3860	二等座	585	13	13	无锡站	北海站
TRAIN	C139	C147					2026-05-01T08:19:00	2026-05-01T10:49:00	中国铁路	G3861	二等座	160	14	14	无锡站	景德镇北站
TRAIN	C139	C127					2026-05-01T09:46:00	2026-05-01T16:05:00	中国铁路	G3864	二等座	415	17	17	无锡站	惠州北站
TRAIN	C139	C205					2026-05-01T10:44:00	2026-05-01T14:46:00	中国铁路	G3866	二等座	265	19	19	无锡站	烟台站
TRAIN	C139	C025					2026-05-01T11:13:00	2026-05-01T17:58:00	中国铁路	G3867	二等座	450	20	20	无锡站	佛山西站
TRAIN	C139	C192					2026-05-01T12:11:00	2026-05-01T14:42:00	中国铁路	G3869	二等座	165	22	22	无锡站	温州南站
TRAIN	C158	C039					2026-05-01T12:40:00	2026-05-01T22:21:00	中国铁路	G3870	二等座	650	23	23	桂林北站	北京南站
TRAIN	C158	C005					2026-05-01T13:09:00	2026-05-01T20:27:00	中国铁路	G3871	二等座	490	24	24	桂林北站	上海虹桥站
TRAIN	C158	C082					2026-05-01T13:38:00	2026-05-01T23:01:00	中国铁路	G3872	二等座	630	25	25	桂林北站	天津西站
TRAIN	C158	C272					2026-05-01T14:07:00	2026-05-01T17:47:00	中国铁路	G3873	二等座	250	26	26	桂林北站	重庆北站
TRAIN	C158	C220					2026-05-01T14:36:00	2026-05-01T22:57:00	中国铁路	G3874	二等座	565	27	27	桂林北站	石家庄站
TRAIN	C158	C083					2026-05-01T15:05:00	2026-05-01T23:07:00	中国铁路	G3875	二等座	545	28	28	桂林北站	太原南站
TRAIN	C158	C061					2026-05-01T15:34:00	2026-05-02T01:19:00	中国铁路	G3876	二等座	660	29	29	桂林北站	呼和浩特东站
TRAIN	C158	C172					2026-05-01T16:03:00	2026-05-02T04:17:00	中国铁路	G3877	二等座	825	30	30	桂林北站	沈阳北站
TRAIN	C158	C283					2026-05-01T16:32:00	2026-05-02T06:14:00	中国铁路	G3878	二等座	925	31	31	桂林北站	长春西站
TRAIN	C158	C066					2026-05-01T17:01:00	2026-05-02T07:58:00	中国铁路	G3879	二等座	1010	32	32	桂林北站	哈尔滨西站
TRAIN	C158	C042					2026-05-01T17:30:00	2026-05-01T23:57:00	中国铁路	G3880	二等座	440	33	33	桂林北站	南京南站
TRAIN	C158	C153					2026-05-01T17:59:00	2026-05-02T00:24:00	中国铁路	G3881	二等座	440	34	34	桂林北站	杭州东站
TRAIN	C158	C053					2026-05-01T18:28:00	2026-05-02T00:14:00	中国铁路	G3882	二等座	400	35	35	桂林北站	合肥南站
TRAIN	C158	C221					2026-05-01T18:57:00	2026-05-02T00:15:00	中国铁路	G3883	二等座	370	5	5	桂林北站	福州南站
TRAIN	C158	C046					2026-05-01T19:26:00	2026-05-01T23:27:00	中国铁路	G3884	二等座	285	6	6	桂林北站	南昌西站
TRAIN	C158	C180					2026-05-01T19:55:00	2026-05-02T03:58:00	中国铁路	G3885	二等座	555	7	7	桂林北站	济南西站
TRAIN	C158	C267					2026-05-01T20:24:00	2026-05-02T02:44:00	中国铁路	G3886	二等座	440	8	8	桂林北站	郑州东站
TRAIN	C158	C164					2026-05-01T05:53:00	2026-05-01T10:07:00	中国铁路	G3887	二等座	300	9	9	桂林北站	武汉站
TRAIN	C158	C284					2026-05-01T06:22:00	2026-05-01T09:03:00	中国铁路	G3888	二等座	200	10	10	桂林北站	长沙南站
TRAIN	C158	C112					2026-05-01T06:51:00	2026-05-01T09:20:00	中国铁路	G3889	二等座	185	11	11	桂林北站	广州南站
TRAIN	C158	C044					2026-05-01T07:20:00	2026-05-01T09:33:00	中国铁路	G3890	二等座	170	12	12	桂林北站	南宁东站
TRAIN	C158	C184					2026-05-01T07:49:00	2026-05-01T11:22:00	中国铁路	G3891	二等座	260	13	13	桂林北站	海口东站
TRAIN	C158	C128					2026-05-01T08:18:00	2026-05-01T13:17:00	中国铁路	G3892	二等座	355	14	14	桂林北站	成都东站
TRAIN	C158	C249					2026-05-01T08:47:00	2026-05-01T11:20:00	中国铁路	G3893	二等座	195	15	15	桂林北站	贵阳北站
TRAIN	C158	C142					2026-05-01T09:16:00	2026-05-01T13:47:00	中国铁路	G3894	二等座	325	16	16	桂林北站	昆明南站
TRAIN	C158	C133					2026-05-01T09:45:00	2026-05-01T20:38:00	中国铁路	G3895	二等座	755	17	17	桂林北站	拉萨站
TRAIN	C158	C246					2026-05-01T10:14:00	2026-05-01T16:07:00	中国铁路	G3896	二等座	420	18	18	桂林北站	西安北站
TRAIN	C158	C034					2026-05-01T10:43:00	2026-05-01T18:23:00	中国铁路	G3897	二等座	540	19	19	桂林北站	兰州西站
TRAIN	C158	C245					2026-05-01T11:12:00	2026-05-01T19:41:00	中国铁路	G3898	二等座	595	20	20	桂林北站	西宁站
TRAIN	C158	C279					2026-05-01T11:41:00	2026-05-01T20:16:00	中国铁路	G3899	二等座	605	21	21	桂林北站	银川站
TRAIN	C158	C018					2026-05-01T12:10:00	2026-05-02T04:13:00	中国铁路	G3900	二等座	1105	22	22	桂林北站	乌鲁木齐站
TRAIN	C158	C300					2026-05-01T12:39:00	2026-05-01T15:50:00	中国铁路	G3901	二等座	245	23	23	桂林北站	香港西九龙站
TRAIN	C158	C190					2026-05-01T14:06:00	2026-05-01T17:09:00	中国铁路	G3904	二等座	240	26	26	桂林北站	深圳北站
TRAIN	C158	C050					2026-05-01T14:35:00	2026-05-01T19:15:00	中国铁路	G3905	二等座	350	27	27	桂林北站	厦门北站
TRAIN	C158	C297					2026-05-01T15:04:00	2026-05-01T23:45:00	中国铁路	G3906	二等座	620	28	28	桂林北站	青岛北站
TRAIN	C158	C080					2026-05-01T15:33:00	2026-05-02T01:55:00	中国铁路	G3907	二等座	730	29	29	桂林北站	大连北站
TRAIN	C158	C088					2026-05-01T16:02:00	2026-05-01T23:01:00	中国铁路	G3908	二等座	505	30	30	桂林北站	宁波站
TRAIN	C158	C231					2026-05-01T16:31:00	2026-05-01T23:26:00	中国铁路	G3909	二等座	500	31	31	桂林北站	苏州站
TRAIN	C158	C139					2026-05-01T17:00:00	2026-05-01T23:52:00	中国铁路	G3910	二等座	500	32	32	桂林北站	无锡站
TRAIN	C158	C002					2026-05-01T17:58:00	2026-05-01T22:36:00	中国铁路	G3912	二等座	355	34	34	桂林北站	三亚站
TRAIN	C158	C119					2026-05-01T18:27:00	2026-05-01T21:10:00	中国铁路	G3913	二等座	225	35	35	桂林北站	张家界西站
TRAIN	C158	C015					2026-05-01T18:56:00	2026-05-02T00:50:00	中国铁路	G3914	二等座	440	5	5	桂林北站	丽江站
TRAIN	C158	C308					2026-05-01T19:54:00	2026-05-02T01:20:00	中国铁路	G3916	二等座	355	7	7	桂林北站	黄山北站
TRAIN	C158	C210					2026-05-01T05:52:00	2026-05-01T08:49:00	中国铁路	G3918	二等座	190	9	9	桂林北站	珠海站
TRAIN	C158	C179					2026-05-01T06:21:00	2026-05-01T12:28:00	中国铁路	G3919	二等座	405	10	10	桂林北站	洛阳龙门站
TRAIN	C158	C077					2026-05-01T06:50:00	2026-05-01T16:14:00	中国铁路	G3920	二等座	625	11	11	桂林北站	大同南站
TRAIN	C158	C070					2026-05-01T07:48:00	2026-05-02T03:21:00	中国铁路	G3922	二等座	1305	13	13	桂林北站	喀什站
TRAIN	C158	C056					2026-05-01T08:17:00	2026-05-01T23:29:00	中国铁路	G3923	二等座	1015	14	14	桂林北站	吐鲁番北站
TRAIN	C158	C292					2026-05-01T08:46:00	2026-05-02T02:14:00	中国铁路	G3924	二等座	1170	15	15	桂林北站	阿勒泰站
TRAIN	C158	C222					2026-05-01T09:15:00	2026-05-01T19:36:00	中国铁路	G3925	二等座	695	16	16	桂林北站	秦皇岛站
TRAIN	C158	C084					2026-05-01T09:44:00	2026-05-01T19:37:00	中国铁路	G3926	二等座	665	17	17	桂林北站	威海站
TRAIN	C158	C176					2026-05-01T10:13:00	2026-05-01T15:11:00	中国铁路	G3927	二等座	335	18	18	桂林北站	泉州站
TRAIN	C158	C129					2026-05-01T10:42:00	2026-05-01T17:31:00	中国铁路	G3928	二等座	460	19	19	桂林北站	扬州东站
TRAIN	C158	C071					2026-05-01T11:11:00	2026-05-01T18:01:00	中国铁路	G3929	二等座	460	20	20	桂林北站	嘉兴南站
TRAIN	C158	C040					2026-05-01T11:40:00	2026-05-01T14:26:00	中国铁路	G3930	二等座	190	21	21	桂林北站	北海站
TRAIN	C158	C147					2026-05-01T12:09:00	2026-05-01T16:56:00	中国铁路	G3931	二等座	325	22	22	桂林北站	景德镇北站
TRAIN	C158	C127					2026-05-01T13:36:00	2026-05-01T16:37:00	中国铁路	G3934	二等座	210	25	25	桂林北站	惠州北站
TRAIN	C158	C205					2026-05-01T14:34:00	2026-05-02T00:13:00	中国铁路	G3936	二等座	655	27	27	桂林北站	烟台站
TRAIN	C158	C025					2026-05-01T15:03:00	2026-05-01T17:31:00	中国铁路	G3937	二等座	175	28	28	桂林北站	佛山西站
TRAIN	C158	C192					2026-05-01T16:01:00	2026-05-01T22:13:00	中国铁路	G3939	二等座	430	30	30	桂林北站	温州南站
TRAIN	C002	C039					2026-05-01T16:30:00	2026-05-02T06:20:00	中国铁路	G3940	二等座	940	31	31	三亚站	北京南站
TRAIN	C002	C005					2026-05-01T16:59:00	2026-05-02T03:30:00	中国铁路	G3941	二等座	720	32	32	三亚站	上海虹桥站
TRAIN	C002	C082					2026-05-01T17:28:00	2026-05-02T06:58:00	中国铁路	G3942	二等座	920	33	33	三亚站	天津西站
TRAIN	C002	C272					2026-05-01T17:57:00	2026-05-02T01:19:00	中国铁路	G3943	二等座	510	34	34	三亚站	重庆北站
TRAIN	C002	C220					2026-05-01T18:26:00	2026-05-02T06:58:00	中国铁路	G3944	二等座	860	35	35	三亚站	石家庄站
TRAIN	C002	C083					2026-05-01T18:55:00	2026-05-02T07:10:00	中国铁路	G3945	二等座	840	5	5	三亚站	太原南站
TRAIN	C002	C061					2026-05-01T19:24:00	2026-05-02T09:22:00	中国铁路	G3946	二等座	955	6	6	三亚站	呼和浩特东站
TRAIN	C002	C172					2026-05-01T19:53:00	2026-05-02T12:04:00	中国铁路	G3947	二等座	1105	7	7	三亚站	沈阳北站
TRAIN	C002	C283					2026-05-01T20:22:00	2026-05-02T14:01:00	中国铁路	G3948	二等座	1205	8	8	三亚站	长春西站
TRAIN	C002	C066					2026-05-01T05:51:00	2026-05-02T00:46:00	中国铁路	G3949	二等座	1290	9	9	三亚站	哈尔滨西站
TRAIN	C002	C042					2026-05-01T06:20:00	2026-05-01T16:24:00	中国铁路	G3950	二等座	700	10	10	三亚站	南京南站
TRAIN	C002	C153					2026-05-01T06:49:00	2026-05-01T16:27:00	中国铁路	G3951	二等座	670	11	11	三亚站	杭州东站
TRAIN	C002	C053					2026-05-01T07:18:00	2026-05-01T16:50:00	中国铁路	G3952	二等座	665	12	12	三亚站	合肥南站
TRAIN	C002	C221					2026-05-01T07:47:00	2026-05-01T15:21:00	中国铁路	G3953	二等座	535	13	13	三亚站	福州南站
TRAIN	C002	C046					2026-05-01T08:16:00	2026-05-01T15:49:00	中国铁路	G3954	二等座	535	14	14	三亚站	南昌西站
TRAIN	C002	C180					2026-05-01T08:45:00	2026-05-01T20:52:00	中国铁路	G3955	二等座	840	15	15	三亚站	济南西站
TRAIN	C002	C267					2026-05-01T09:14:00	2026-05-01T19:45:00	中国铁路	G3956	二等座	735	16	16	三亚站	郑州东站
TRAIN	C002	C164					2026-05-01T09:43:00	2026-05-01T17:57:00	中国铁路	G3957	二等座	585	17	17	三亚站	武汉站
TRAIN	C002	C284					2026-05-01T10:12:00	2026-05-01T16:52:00	中国铁路	G3958	二等座	480	18	18	三亚站	长沙南站
TRAIN	C002	C112					2026-05-01T10:41:00	2026-05-01T14:42:00	中国铁路	G3959	二等座	305	19	19	三亚站	广州南站
TRAIN	C002	C044					2026-05-01T11:10:00	2026-05-01T14:23:00	中国铁路	G3960	二等座	250	20	20	三亚站	南宁东站
TRAIN	C002	C184					2026-05-01T11:39:00	2026-05-01T13:12:00	中国铁路	G3961	二等座	140	21	21	三亚站	海口东站
TRAIN	C002	C128					2026-05-01T12:08:00	2026-05-01T20:29:00	中国铁路	G3962	二等座	595	22	22	三亚站	成都东站
TRAIN	C002	C249					2026-05-01T12:37:00	2026-05-01T18:18:00	中国铁路	G3963	二等座	420	23	23	三亚站	贵阳北站
TRAIN	C002	C142					2026-05-01T13:06:00	2026-05-01T19:04:00	中国铁路	G3964	二等座	440	24	24	三亚站	昆明南站
TRAIN	C002	C133					2026-05-01T13:35:00	2026-05-02T02:05:00	中国铁路	G3965	二等座	880	25	25	三亚站	拉萨站
TRAIN	C002	C246					2026-05-01T14:04:00	2026-05-02T00:06:00	中国铁路	G3966	二等座	715	26	26	三亚站	西安北站
TRAIN	C002	C034					2026-05-01T14:33:00	2026-05-02T02:02:00	中国铁路	G3967	二等座	810	27	27	三亚站	兰州西站
TRAIN	C002	C245					2026-05-01T15:02:00	2026-05-02T03:10:00	中国铁路	G3968	二等座	855	28	28	三亚站	西宁站
TRAIN	C002	C279					2026-05-01T15:31:00	2026-05-02T04:09:00	中国铁路	G3969	二等座	890	29	29	三亚站	银川站
TRAIN	C002	C018					2026-05-01T16:00:00	2026-05-02T11:15:00	中国铁路	G3970	二等座	1280	30	30	三亚站	乌鲁木齐站
TRAIN	C002	C300					2026-05-01T16:29:00	2026-05-01T20:28:00	中国铁路	G3971	二等座	260	31	31	三亚站	香港西九龙站
TRAIN	C002	C190					2026-05-01T17:56:00	2026-05-01T21:58:00	中国铁路	G3974	二等座	265	34	34	三亚站	深圳北站
TRAIN	C002	C050					2026-05-01T18:25:00	2026-05-02T00:53:00	中国铁路	G3975	二等座	430	35	35	三亚站	厦门北站
TRAIN	C002	C297					2026-05-01T18:54:00	2026-05-02T07:25:00	中国铁路	G3976	二等座	835	5	5	三亚站	青岛北站
TRAIN	C002	C080					2026-05-01T19:23:00	2026-05-02T09:39:00	中国铁路	G3977	二等座	955	6	6	三亚站	大连北站
TRAIN	C002	C088					2026-05-01T19:52:00	2026-05-02T05:50:00	中国铁路	G3978	二等座	665	7	7	三亚站	宁波站
TRAIN	C002	C231					2026-05-01T20:21:00	2026-05-02T06:36:00	中国铁路	G3979	二等座	685	8	8	三亚站	苏州站
TRAIN	C002	C139					2026-05-01T05:50:00	2026-05-01T16:05:00	中国铁路	G3980	二等座	685	9	9	三亚站	无锡站
TRAIN	C002	C158					2026-05-01T06:19:00	2026-05-01T10:57:00	中国铁路	G3981	二等座	310	10	10	三亚站	桂林北站
TRAIN	C002	C119					2026-05-01T07:17:00	2026-05-01T14:13:00	中国铁路	G3983	二等座	470	12	12	三亚站	张家界西站
TRAIN	C002	C015					2026-05-01T07:46:00	2026-05-01T15:26:00	中国铁路	G3984	二等座	520	13	13	三亚站	丽江站
TRAIN	C002	C308					2026-05-01T08:44:00	2026-05-01T17:31:00	中国铁路	G3986	二等座	595	15	15	三亚站	黄山北站
TRAIN	C002	C210					2026-05-01T09:42:00	2026-05-01T13:26:00	中国铁路	G3988	二等座	260	17	17	三亚站	珠海站
TRAIN	C002	C179					2026-05-01T10:11:00	2026-05-01T20:31:00	中国铁路	G3989	二等座	700	18	18	三亚站	洛阳龙门站
TRAIN	C002	C077					2026-05-01T10:40:00	2026-05-02T00:17:00	中国铁路	G3990	二等座	920	19	19	三亚站	大同南站
TRAIN	C002	C070					2026-05-01T11:38:00	2026-05-02T09:30:00	中国铁路	G3992	二等座	1475	21	21	三亚站	喀什站
TRAIN	C002	C056					2026-05-01T12:07:00	2026-05-02T06:31:00	中国铁路	G3993	二等座	1245	22	22	三亚站	吐鲁番北站
TRAIN	C002	C292					2026-05-01T12:36:00	2026-05-02T09:33:00	中国铁路	G3994	二等座	1415	23	23	三亚站	阿勒泰站
TRAIN	C002	C222					2026-05-01T13:05:00	2026-05-02T03:28:00	中国铁路	G3995	二等座	980	24	24	三亚站	秦皇岛站
TRAIN	C002	C084					2026-05-01T13:34:00	2026-05-02T03:15:00	中国铁路	G3996	二等座	935	25	25	三亚站	威海站
TRAIN	C002	C176					2026-05-01T14:03:00	2026-05-01T20:55:00	中国铁路	G3997	二等座	475	26	26	三亚站	泉州站
TRAIN	C002	C129					2026-05-01T14:32:00	2026-05-02T00:57:00	中国铁路	G3998	二等座	715	27	27	三亚站	扬州东站
TRAIN	C002	C071					2026-05-01T15:01:00	2026-05-02T01:05:00	中国铁路	G3999	二等座	695	28	28	三亚站	嘉兴南站
TRAIN	C002	C040					2026-05-01T15:30:00	2026-05-01T17:52:00	中国铁路	G4000	二等座	180	29	29	三亚站	北海站
TRAIN	C002	C147					2026-05-01T15:59:00	2026-05-02T00:12:00	中国铁路	G4001	二等座	570	30	30	三亚站	景德镇北站
TRAIN	C002	C127					2026-05-01T17:26:00	2026-05-01T21:51:00	中国铁路	G4004	二等座	320	33	33	三亚站	惠州北站
TRAIN	C002	C205					2026-05-01T18:24:00	2026-05-02T07:54:00	中国铁路	G4006	二等座	930	35	35	三亚站	烟台站
TRAIN	C002	C025					2026-05-01T18:53:00	2026-05-01T22:48:00	中国铁路	G4007	二等座	290	5	5	三亚站	佛山西站
TRAIN	C002	C192					2026-05-01T19:51:00	2026-05-02T04:43:00	中国铁路	G4009	二等座	625	7	7	三亚站	温州南站
TRAIN	C119	C039					2026-05-01T20:20:00	2026-05-02T03:49:00	中国铁路	G4010	二等座	530	8	8	张家界西站	北京南站
TRAIN	C119	C005					2026-05-01T05:49:00	2026-05-01T12:03:00	中国铁路	G4011	二等座	450	9	9	张家界西站	上海虹桥站
TRAIN	C119	C082					2026-05-01T06:18:00	2026-05-01T13:32:00	中国铁路	G4012	二等座	515	10	10	张家界西站	天津西站
TRAIN	C119	C272					2026-05-01T06:47:00	2026-05-01T09:16:00	中国铁路	G4013	二等座	200	11	11	张家界西站	重庆北站
TRAIN	C119	C220					2026-05-01T07:16:00	2026-05-01T13:23:00	中国铁路	G4014	二等座	445	12	12	张家界西站	石家庄站
TRAIN	C119	C083					2026-05-01T07:45:00	2026-05-01T13:30:00	中国铁路	G4015	二等座	420	13	13	张家界西站	太原南站
TRAIN	C119	C061					2026-05-01T08:14:00	2026-05-01T15:41:00	中国铁路	G4016	二等座	535	14	14	张家界西站	呼和浩特东站
TRAIN	C119	C172					2026-05-01T08:43:00	2026-05-01T18:58:00	中国铁路	G4017	二等座	725	15	15	张家界西站	沈阳北站
TRAIN	C119	C283					2026-05-01T09:12:00	2026-05-01T20:54:00	中国铁路	G4018	二等座	820	16	16	张家界西站	长春西站
TRAIN	C119	C066					2026-05-01T09:41:00	2026-05-01T22:36:00	中国铁路	G4019	二等座	905	17	17	张家界西站	哈尔滨西站
TRAIN	C119	C042					2026-05-01T10:10:00	2026-05-01T15:13:00	中国铁路	G4020	二等座	380	18	18	张家界西站	南京南站
TRAIN	C119	C153					2026-05-01T10:39:00	2026-05-01T16:08:00	中国铁路	G4021	二等座	410	19	19	张家界西站	杭州东站
TRAIN	C119	C053					2026-05-01T11:08:00	2026-05-01T15:23:00	中国铁路	G4022	二等座	325	20	20	张家界西站	合肥南站
TRAIN	C119	C221					2026-05-01T11:37:00	2026-05-01T17:03:00	中国铁路	G4023	二等座	405	21	21	张家界西站	福州南站
TRAIN	C119	C046					2026-05-01T12:06:00	2026-05-01T15:21:00	中国铁路	G4024	二等座	260	22	22	张家界西站	南昌西站
TRAIN	C119	C180					2026-05-01T12:35:00	2026-05-01T18:35:00	中国铁路	G4025	二等座	390	23	23	张家界西站	济南西站
TRAIN	C119	C267					2026-05-01T13:04:00	2026-05-01T17:13:00	中国铁路	G4026	二等座	270	24	24	张家界西站	郑州东站
TRAIN	C119	C164					2026-05-01T13:33:00	2026-05-01T16:08:00	中国铁路	G4027	二等座	165	25	25	张家界西站	武汉站
TRAIN	C119	C284					2026-05-01T14:02:00	2026-05-01T15:51:00	中国铁路	G4028	二等座	115	26	26	张家界西站	长沙南站
TRAIN	C119	C112					2026-05-01T14:31:00	2026-05-01T18:49:00	中国铁路	G4029	二等座	280	27	27	张家界西站	广州南站
TRAIN	C119	C044					2026-05-01T15:00:00	2026-05-01T19:21:00	中国铁路	G4030	二等座	285	28	28	张家界西站	南宁东站
TRAIN	C119	C184					2026-05-01T15:29:00	2026-05-01T21:20:00	中国铁路	G4031	二等座	390	29	29	张家界西站	海口东站
TRAIN	C119	C128					2026-05-01T15:58:00	2026-05-01T19:49:00	中国铁路	G4032	二等座	255	30	30	张家界西站	成都东站
TRAIN	C119	C249					2026-05-01T16:27:00	2026-05-01T19:23:00	中国铁路	G4033	二等座	195	31	31	张家界西站	贵阳北站
TRAIN	C119	C142					2026-05-01T16:56:00	2026-05-01T22:09:00	中国铁路	G4034	二等座	350	32	32	张家界西站	昆明南站
TRAIN	C119	C133					2026-05-01T17:25:00	2026-05-02T03:53:00	中国铁路	G4035	二等座	700	33	33	张家界西站	拉萨站
TRAIN	C119	C246					2026-05-01T17:54:00	2026-05-01T21:32:00	中国铁路	G4036	二等座	245	34	34	张家界西站	西安北站
TRAIN	C119	C034					2026-05-01T18:23:00	2026-05-02T00:08:00	中国铁路	G4037	二等座	385	35	35	张家界西站	兰州西站
TRAIN	C119	C245					2026-05-01T18:52:00	2026-05-02T01:32:00	中国铁路	G4038	二等座	450	5	5	张家界西站	西宁站
TRAIN	C119	C279					2026-05-01T19:21:00	2026-05-02T01:45:00	中国铁路	G4039	二等座	435	6	6	张家界西站	银川站
TRAIN	C119	C018					2026-05-01T19:50:00	2026-05-02T10:14:00	中国铁路	G4040	二等座	970	7	7	张家界西站	乌鲁木齐站
TRAIN	C119	C300					2026-05-01T20:19:00	2026-05-02T01:15:00	中国铁路	G4041	二等座	335	8	8	张家界西站	香港西九龙站
TRAIN	C119	C190					2026-05-01T06:46:00	2026-05-01T11:34:00	中国铁路	G4044	二等座	330	11	11	张家界西站	深圳北站
TRAIN	C119	C050					2026-05-01T07:15:00	2026-05-01T12:35:00	中国铁路	G4045	二等座	365	12	12	张家界西站	厦门北站
TRAIN	C119	C297					2026-05-01T07:44:00	2026-05-01T14:38:00	中国铁路	G4046	二等座	475	13	13	张家界西站	青岛北站
TRAIN	C119	C080					2026-05-01T08:13:00	2026-05-01T16:40:00	中国铁路	G4047	二等座	580	14	14	张家界西站	大连北站
TRAIN	C119	C088					2026-05-01T08:42:00	2026-05-01T14:54:00	中国铁路	G4048	二等座	430	15	15	张家界西站	宁波站
TRAIN	C119	C231					2026-05-01T09:11:00	2026-05-01T14:59:00	中国铁路	G4049	二等座	400	16	16	张家界西站	苏州站
TRAIN	C119	C139					2026-05-01T09:40:00	2026-05-01T15:21:00	中国铁路	G4050	二等座	395	17	17	张家界西站	无锡站
TRAIN	C119	C158					2026-05-01T10:09:00	2026-05-01T12:52:00	中国铁路	G4051	二等座	200	18	18	张家界西站	桂林北站
TRAIN	C119	C002					2026-05-01T10:38:00	2026-05-01T17:34:00	中国铁路	G4052	二等座	480	19	19	张家界西站	三亚站
TRAIN	C119	C015					2026-05-01T11:36:00	2026-05-01T17:35:00	中国铁路	G4054	二等座	420	21	21	张家界西站	丽江站
TRAIN	C119	C308					2026-05-01T12:34:00	2026-05-01T17:05:00	中国铁路	G4056	二等座	325	23	23	张家界西站	黄山北站
TRAIN	C119	C210					2026-05-01T13:32:00	2026-05-01T18:22:00	中国铁路	G4058	二等座	345	25	25	张家界西站	珠海站
TRAIN	C119	C179					2026-05-01T14:01:00	2026-05-01T17:52:00	中国铁路	G4059	二等座	280	26	26	张家界西站	洛阳龙门站
TRAIN	C119	C077					2026-05-01T14:30:00	2026-05-01T21:37:00	中国铁路	G4060	二等座	500	27	27	张家界西站	大同南站
TRAIN	C119	C070					2026-05-01T15:28:00	2026-05-02T09:53:00	中国铁路	G4062	二等座	1260	29	29	张家界西站	喀什站
TRAIN	C119	C056					2026-05-01T15:57:00	2026-05-02T05:30:00	中国铁路	G4063	二等座	935	30	30	张家界西站	吐鲁番北站
TRAIN	C119	C292					2026-05-01T16:26:00	2026-05-02T08:03:00	中国铁路	G4064	二等座	1075	31	31	张家界西站	阿勒泰站
TRAIN	C119	C222					2026-05-01T16:55:00	2026-05-02T01:12:00	中国铁路	G4065	二等座	585	32	32	张家界西站	秦皇岛站
TRAIN	C119	C084					2026-05-01T17:24:00	2026-05-02T01:29:00	中国铁路	G4066	二等座	570	33	33	张家界西站	威海站
TRAIN	C119	C176					2026-05-01T17:53:00	2026-05-01T23:21:00	中国铁路	G4067	二等座	400	34	34	张家界西站	泉州站
TRAIN	C119	C129					2026-05-01T18:22:00	2026-05-01T23:46:00	中国铁路	G4068	二等座	395	35	35	张家界西站	扬州东站
TRAIN	C119	C071					2026-05-01T18:51:00	2026-05-02T00:41:00	中国铁路	G4069	二等座	425	5	5	张家界西站	嘉兴南站
TRAIN	C119	C040					2026-05-01T19:20:00	2026-05-02T00:23:00	中国铁路	G4070	二等座	375	6	6	张家界西站	北海站
TRAIN	C119	C147					2026-05-01T19:49:00	2026-05-01T23:44:00	中国铁路	G4071	二等座	300	7	7	张家界西站	景德镇北站
TRAIN	C119	C127					2026-05-01T06:16:00	2026-05-01T10:51:00	中国铁路	G4074	二等座	345	10	10	张家界西站	惠州北站
TRAIN	C119	C205					2026-05-01T07:14:00	2026-05-01T15:03:00	中国铁路	G4076	二等座	565	12	12	张家界西站	烟台站
TRAIN	C119	C025					2026-05-01T07:43:00	2026-05-01T12:03:00	中国铁路	G4077	二等座	330	13	13	张家界西站	佛山西站
TRAIN	C119	C192					2026-05-01T08:41:00	2026-05-01T14:29:00	中国铁路	G4079	二等座	435	15	15	张家界西站	温州南站
TRAIN	C015	C039					2026-05-01T09:10:00	2026-05-01T20:46:00	中国铁路	G4080	二等座	765	16	16	丽江站	北京南站
TRAIN	C015	C005					2026-05-01T09:39:00	2026-05-01T21:27:00	中国铁路	G4081	二等座	780	17	17	丽江站	上海虹桥站
TRAIN	C015	C082					2026-05-01T10:08:00	2026-05-01T21:44:00	中国铁路	G4082	二等座	770	18	18	丽江站	天津西站
TRAIN	C015	C272					2026-05-01T10:37:00	2026-05-01T14:44:00	中国铁路	G4083	二等座	270	19	19	丽江站	重庆北站
TRAIN	C015	C220					2026-05-01T11:06:00	2026-05-01T21:19:00	中国铁路	G4084	二等座	680	20	20	丽江站	石家庄站
TRAIN	C015	C083					2026-05-01T11:35:00	2026-05-01T21:02:00	中国铁路	G4085	二等座	630	21	21	丽江站	太原南站
TRAIN	C015	C061					2026-05-01T12:04:00	2026-05-01T22:35:00	中国铁路	G4086	二等座	700	22	22	丽江站	呼和浩特东站
TRAIN	C015	C172					2026-05-01T12:33:00	2026-05-02T03:25:00	中国铁路	G4087	二等座	990	23	23	丽江站	沈阳北站
TRAIN	C015	C283					2026-05-01T13:02:00	2026-05-02T05:14:00	中国铁路	G4088	二等座	1080	24	24	丽江站	长春西站
TRAIN	C015	C066					2026-05-01T13:31:00	2026-05-02T06:47:00	中国铁路	G4089	二等座	1155	25	25	丽江站	哈尔滨西站
TRAIN	C015	C042					2026-05-01T14:00:00	2026-05-02T00:33:00	中国铁路	G4090	二等座	705	26	26	丽江站	南京南站
TRAIN	C015	C153					2026-05-01T14:29:00	2026-05-02T01:32:00	中国铁路	G4091	二等座	740	27	27	丽江站	杭州东站
TRAIN	C015	C053					2026-05-01T14:58:00	2026-05-02T00:43:00	中国铁路	G4092	二等座	655	28	28	丽江站	合肥南站
TRAIN	C015	C221					2026-05-01T15:27:00	2026-05-02T02:04:00	中国铁路	G4093	二等座	715	29	29	丽江站	福州南站
TRAIN	C015	C046					2026-05-01T15:56:00	2026-05-02T00:41:00	中国铁路	G4094	二等座	590	30	30	丽江站	南昌西站
TRAIN	C015	C180					2026-05-01T16:25:00	2026-05-02T03:10:00	中国铁路	G4095	二等座	725	31	31	丽江站	济南西站
TRAIN	C015	C267					2026-05-01T16:54:00	2026-05-02T01:39:00	中国铁路	G4096	二等座	590	32	32	丽江站	郑州东站
TRAIN	C015	C164					2026-05-01T17:23:00	2026-05-02T01:30:00	中国铁路	G4097	二等座	550	33	33	丽江站	武汉站
TRAIN	C015	C284					2026-05-01T17:52:00	2026-05-02T01:04:00	中国铁路	G4098	二等座	490	34	34	丽江站	长沙南站
TRAIN	C015	C112					2026-05-01T18:21:00	2026-05-02T02:10:00	中国铁路	G4099	二等座	530	35	35	丽江站	广州南站
TRAIN	C015	C044					2026-05-01T18:50:00	2026-05-02T00:17:00	中国铁路	G4100	二等座	375	5	5	丽江站	南宁东站
TRAIN	C015	C184					2026-05-01T19:19:00	2026-05-02T02:33:00	中国铁路	G4101	二等座	495	6	6	丽江站	海口东站
TRAIN	C015	C128					2026-05-01T19:48:00	2026-05-01T23:13:00	中国铁路	G4102	二等座	240	7	7	丽江站	成都东站
TRAIN	C015	C249					2026-05-01T20:17:00	2026-05-02T00:07:00	中国铁路	G4103	二等座	270	8	8	丽江站	贵阳北站
TRAIN	C015	C142					2026-05-01T05:46:00	2026-05-01T07:54:00	中国铁路	G4104	二等座	155	9	9	丽江站	昆明南站
TRAIN	C015	C133					2026-05-01T06:15:00	2026-05-01T11:43:00	中国铁路	G4105	二等座	380	10	10	丽江站	拉萨站
TRAIN	C015	C246					2026-05-01T06:44:00	2026-05-01T13:29:00	中国铁路	G4106	二等座	470	11	11	丽江站	西安北站
TRAIN	C015	C034					2026-05-01T07:13:00	2026-05-01T13:26:00	中国铁路	G4107	二等座	435	12	12	丽江站	兰州西站
TRAIN	C015	C245					2026-05-01T07:42:00	2026-05-01T14:00:00	中国铁路	G4108	二等座	440	13	13	丽江站	西宁站
TRAIN	C015	C279					2026-05-01T08:11:00	2026-05-01T16:11:00	中国铁路	G4109	二等座	555	14	14	丽江站	银川站
TRAIN	C015	C018					2026-05-01T08:40:00	2026-05-01T20:55:00	中国铁路	G4110	二等座	840	15	15	丽江站	乌鲁木齐站
TRAIN	C015	C300					2026-05-01T09:09:00	2026-05-01T17:37:00	中国铁路	G4111	二等座	590	16	16	丽江站	香港西九龙站
TRAIN	C015	C190					2026-05-01T10:36:00	2026-05-01T18:57:00	中国铁路	G4114	二等座	585	19	19	丽江站	深圳北站
TRAIN	C015	C050					2026-05-01T11:05:00	2026-05-01T21:13:00	中国铁路	G4115	二等座	705	20	20	丽江站	厦门北站
TRAIN	C015	C297					2026-05-01T11:34:00	2026-05-01T23:36:00	中国铁路	G4116	二等座	830	21	21	丽江站	青岛北站
TRAIN	C015	C080					2026-05-01T12:03:00	2026-05-02T01:20:00	中国铁路	G4117	二等座	915	22	22	丽江站	大连北站
TRAIN	C015	C088					2026-05-01T12:32:00	2026-05-02T00:18:00	中国铁路	G4118	二等座	815	23	23	丽江站	宁波站
TRAIN	C015	C231					2026-05-01T13:01:00	2026-05-02T00:22:00	中国铁路	G4119	二等座	790	24	24	丽江站	苏州站
TRAIN	C015	C139					2026-05-01T13:30:00	2026-05-02T00:44:00	中国铁路	G4120	二等座	785	25	25	丽江站	无锡站
TRAIN	C015	C158					2026-05-01T13:59:00	2026-05-01T19:53:00	中国铁路	G4121	二等座	425	26	26	丽江站	桂林北站
TRAIN	C015	C002					2026-05-01T14:28:00	2026-05-01T22:08:00	中国铁路	G4122	二等座	545	27	27	丽江站	三亚站
TRAIN	C015	C119					2026-05-01T14:57:00	2026-05-01T20:56:00	中国铁路	G4123	二等座	435	28	28	丽江站	张家界西站
TRAIN	C015	C308					2026-05-01T16:24:00	2026-05-02T02:29:00	中国铁路	G4126	二等座	710	31	31	丽江站	黄山北站
TRAIN	C015	C210					2026-05-01T17:22:00	2026-05-02T01:32:00	中国铁路	G4128	二等座	585	33	33	丽江站	珠海站
TRAIN	C015	C179					2026-05-01T17:51:00	2026-05-02T02:04:00	中国铁路	G4129	二等座	590	34	34	丽江站	洛阳龙门站
TRAIN	C015	C077					2026-05-01T18:20:00	2026-05-02T04:58:00	中国铁路	G4130	二等座	750	35	35	丽江站	大同南站
TRAIN	C015	C070					2026-05-01T19:18:00	2026-05-02T09:56:00	中国铁路	G4132	二等座	1020	6	6	丽江站	喀什站
TRAIN	C015	C056					2026-05-01T19:47:00	2026-05-02T07:13:00	中国铁路	G4133	二等座	810	7	7	丽江站	吐鲁番北站
TRAIN	C015	C292					2026-05-01T20:16:00	2026-05-02T10:27:00	中国铁路	G4134	二等座	995	8	8	丽江站	阿勒泰站
TRAIN	C015	C222					2026-05-01T05:45:00	2026-05-01T18:33:00	中国铁路	G4135	二等座	845	9	9	丽江站	秦皇岛站
TRAIN	C015	C084					2026-05-01T06:14:00	2026-05-01T19:23:00	中国铁路	G4136	二等座	870	10	10	丽江站	威海站
TRAIN	C015	C176					2026-05-01T06:43:00	2026-05-01T17:07:00	中国铁路	G4137	二等座	690	11	11	丽江站	泉州站
TRAIN	C015	C129					2026-05-01T07:12:00	2026-05-01T18:06:00	中国铁路	G4138	二等座	725	12	12	丽江站	扬州东站
TRAIN	C015	C071					2026-05-01T07:41:00	2026-05-01T19:05:00	中国铁路	G4139	二等座	760	13	13	丽江站	嘉兴南站
TRAIN	C015	C040					2026-05-01T08:10:00	2026-05-01T14:24:00	中国铁路	G4140	二等座	410	14	14	丽江站	北海站
TRAIN	C015	C147					2026-05-01T08:39:00	2026-05-01T18:07:00	中国铁路	G4141	二等座	630	15	15	丽江站	景德镇北站
TRAIN	C015	C127					2026-05-01T10:06:00	2026-05-01T18:31:00	中国铁路	G4144	二等座	565	18	18	丽江站	惠州北站
TRAIN	C015	C205					2026-05-01T11:04:00	2026-05-01T23:55:00	中国铁路	G4146	二等座	860	20	20	丽江站	烟台站
TRAIN	C015	C025					2026-05-01T11:33:00	2026-05-01T19:19:00	中国铁路	G4147	二等座	520	21	21	丽江站	佛山西站
TRAIN	C015	C192					2026-05-01T12:31:00	2026-05-01T23:47:00	中国铁路	G4149	二等座	760	23	23	丽江站	温州南站
TRAIN	C308	C039					2026-05-01T16:50:00	2026-05-01T23:25:00	中国铁路	G4220	二等座	460	32	32	黄山北站	北京南站
TRAIN	C308	C005					2026-05-01T17:19:00	2026-05-01T19:35:00	中国铁路	G4221	二等座	175	33	33	黄山北站	上海虹桥站
TRAIN	C308	C082					2026-05-01T17:48:00	2026-05-01T23:51:00	中国铁路	G4222	二等座	425	34	34	黄山北站	天津西站
TRAIN	C308	C272					2026-05-01T18:17:00	2026-05-02T00:49:00	中国铁路	G4223	二等座	460	35	35	黄山北站	重庆北站
TRAIN	C308	C220					2026-05-01T18:46:00	2026-05-02T00:31:00	中国铁路	G4224	二等座	410	5	5	黄山北站	石家庄站
TRAIN	C308	C083					2026-05-01T19:15:00	2026-05-02T01:20:00	中国铁路	G4225	二等座	430	6	6	黄山北站	太原南站
TRAIN	C308	C061					2026-05-01T19:44:00	2026-05-02T03:32:00	中国铁路	G4226	二等座	550	7	7	黄山北站	呼和浩特东站
TRAIN	C308	C172					2026-05-01T20:13:00	2026-05-02T04:16:00	中国铁路	G4227	二等座	565	8	8	黄山北站	沈阳北站
TRAIN	C308	C283					2026-05-01T05:42:00	2026-05-01T15:11:00	中国铁路	G4228	二等座	665	9	9	黄山北站	长春西站
TRAIN	C308	C066					2026-05-01T06:11:00	2026-05-01T16:57:00	中国铁路	G4229	二等座	750	10	10	黄山北站	哈尔滨西站
TRAIN	C308	C042					2026-05-01T06:40:00	2026-05-01T08:30:00	中国铁路	G4230	二等座	155	11	11	黄山北站	南京南站
TRAIN	C308	C153					2026-05-01T07:09:00	2026-05-01T08:34:00	中国铁路	G4231	二等座	125	12	12	黄山北站	杭州东站
TRAIN	C308	C053					2026-05-01T07:38:00	2026-05-01T09:26:00	中国铁路	G4232	二等座	155	13	13	黄山北站	合肥南站
TRAIN	C308	C221					2026-05-01T08:07:00	2026-05-01T10:46:00	中国铁路	G4233	二等座	210	14	14	黄山北站	福州南站
TRAIN	C308	C046					2026-05-01T08:36:00	2026-05-01T10:27:00	中国铁路	G4234	二等座	160	15	15	黄山北站	南昌西站
TRAIN	C308	C180					2026-05-01T09:05:00	2026-05-01T13:43:00	中国铁路	G4235	二等座	345	16	16	黄山北站	济南西站
TRAIN	C308	C267					2026-05-01T09:34:00	2026-05-01T13:49:00	中国铁路	G4236	二等座	320	17	17	黄山北站	郑州东站
TRAIN	C308	C164					2026-05-01T10:03:00	2026-05-01T12:37:00	中国铁路	G4237	二等座	210	18	18	黄山北站	武汉站
TRAIN	C308	C284					2026-05-01T10:32:00	2026-05-01T13:55:00	中国铁路	G4238	二等座	265	19	19	黄山北站	长沙南站
TRAIN	C308	C112					2026-05-01T11:01:00	2026-05-01T16:13:00	中国铁路	G4239	二等座	385	20	20	黄山北站	广州南站
TRAIN	C308	C044					2026-05-01T11:30:00	2026-05-01T18:40:00	中国铁路	G4240	二等座	520	21	21	黄山北站	南宁东站
TRAIN	C308	C184					2026-05-01T11:59:00	2026-05-01T19:40:00	中国铁路	G4241	二等座	555	22	22	黄山北站	海口东站
TRAIN	C308	C128					2026-05-01T12:28:00	2026-05-01T20:16:00	中国铁路	G4242	二等座	565	23	23	黄山北站	成都东站
TRAIN	C308	C249					2026-05-01T12:57:00	2026-05-01T19:48:00	中国铁路	G4243	二等座	500	24	24	黄山北站	贵阳北站
TRAIN	C308	C142					2026-05-01T13:26:00	2026-05-01T22:36:00	中国铁路	G4244	二等座	660	25	25	黄山北站	昆明南站
TRAIN	C308	C133					2026-05-01T13:55:00	2026-05-02T04:25:00	中国铁路	G4245	二等座	960	26	26	黄山北站	拉萨站
TRAIN	C308	C246					2026-05-01T14:24:00	2026-05-01T20:19:00	中国铁路	G4246	二等座	390	27	27	黄山北站	西安北站
TRAIN	C308	C034					2026-05-01T14:53:00	2026-05-01T23:30:00	中国铁路	G4247	二等座	570	28	28	黄山北站	兰州西站
TRAIN	C308	C245					2026-05-01T15:22:00	2026-05-02T01:02:00	中国铁路	G4248	二等座	640	29	29	黄山北站	西宁站
TRAIN	C308	C279					2026-05-01T15:51:00	2026-05-02T00:13:00	中国铁路	G4249	二等座	555	30	30	黄山北站	银川站
TRAIN	C308	C018					2026-05-01T16:20:00	2026-05-02T09:34:00	中国铁路	G4250	二等座	1150	31	31	黄山北站	乌鲁木齐站
TRAIN	C308	C300					2026-05-01T16:49:00	2026-05-01T22:11:00	中国铁路	G4251	二等座	355	32	32	黄山北站	香港西九龙站
TRAIN	C308	C190					2026-05-01T18:16:00	2026-05-01T23:33:00	中国铁路	G4254	二等座	355	35	35	黄山北站	深圳北站
TRAIN	C308	C050					2026-05-01T18:45:00	2026-05-01T22:18:00	中国铁路	G4255	二等座	240	5	5	黄山北站	厦门北站
TRAIN	C308	C297					2026-05-01T19:14:00	2026-05-01T23:35:00	中国铁路	G4256	二等座	295	6	6	黄山北站	青岛北站
TRAIN	C308	C080					2026-05-01T19:43:00	2026-05-02T01:52:00	中国铁路	G4257	二等座	415	7	7	黄山北站	大连北站
TRAIN	C308	C088					2026-05-01T20:12:00	2026-05-01T22:17:00	中国铁路	G4258	二等座	145	8	8	黄山北站	宁波站
TRAIN	C308	C231					2026-05-01T05:41:00	2026-05-01T07:36:00	中国铁路	G4259	二等座	130	9	9	黄山北站	苏州站
TRAIN	C308	C139					2026-05-01T06:10:00	2026-05-01T08:03:00	中国铁路	G4260	二等座	130	10	10	黄山北站	无锡站
TRAIN	C308	C158					2026-05-01T06:39:00	2026-05-01T12:05:00	中国铁路	G4261	二等座	370	11	11	黄山北站	桂林北站
TRAIN	C308	C002					2026-05-01T07:08:00	2026-05-01T15:55:00	中国铁路	G4262	二等座	595	12	12	黄山北站	三亚站
TRAIN	C308	C119					2026-05-01T07:37:00	2026-05-01T12:08:00	中国铁路	G4263	二等座	310	13	13	黄山北站	张家界西站
TRAIN	C308	C015					2026-05-01T08:06:00	2026-05-01T18:11:00	中国铁路	G4264	二等座	685	14	14	黄山北站	丽江站
TRAIN	C308	C210					2026-05-01T10:02:00	2026-05-01T15:35:00	中国铁路	G4268	二等座	385	18	18	黄山北站	珠海站
TRAIN	C308	C179					2026-05-01T10:31:00	2026-05-01T15:07:00	中国铁路	G4269	二等座	320	19	19	黄山北站	洛阳龙门站
TRAIN	C308	C077					2026-05-01T11:00:00	2026-05-01T18:05:00	中国铁路	G4270	二等座	490	20	20	黄山北站	大同南站
TRAIN	C308	C070					2026-05-01T11:58:00	2026-05-02T09:49:00	中国铁路	G4272	二等座	1480	22	22	黄山北站	喀什站
TRAIN	C308	C056					2026-05-01T12:27:00	2026-05-02T04:52:00	中国铁路	G4273	二等座	1115	23	23	黄山北站	吐鲁番北站
TRAIN	C308	C292					2026-05-01T12:56:00	2026-05-02T06:56:00	中国铁路	G4274	二等座	1225	24	24	黄山北站	阿勒泰站
TRAIN	C308	C222					2026-05-01T13:25:00	2026-05-01T19:59:00	中国铁路	G4275	二等座	460	25	25	黄山北站	秦皇岛站
TRAIN	C308	C084					2026-05-01T13:54:00	2026-05-01T19:21:00	中国铁路	G4276	二等座	385	26	26	黄山北站	威海站
TRAIN	C308	C176					2026-05-01T14:23:00	2026-05-01T17:42:00	中国铁路	G4277	二等座	245	27	27	黄山北站	泉州站
TRAIN	C308	C129					2026-05-01T14:52:00	2026-05-01T16:59:00	中国铁路	G4278	二等座	165	28	28	黄山北站	扬州东站
TRAIN	C308	C071					2026-05-01T15:21:00	2026-05-01T17:10:00	中国铁路	G4279	二等座	145	29	29	黄山北站	嘉兴南站
TRAIN	C308	C040					2026-05-01T15:50:00	2026-05-01T23:14:00	中国铁路	G4280	二等座	520	30	30	黄山北站	北海站
TRAIN	C308	C147					2026-05-01T16:19:00	2026-05-01T17:24:00	中国铁路	G4281	二等座	100	31	31	黄山北站	景德镇北站
TRAIN	C308	C127					2026-05-01T17:46:00	2026-05-01T22:39:00	中国铁路	G4284	二等座	355	34	34	黄山北站	惠州北站
TRAIN	C308	C205					2026-05-01T18:44:00	2026-05-02T00:02:00	中国铁路	G4286	二等座	385	5	5	黄山北站	烟台站
TRAIN	C308	C025					2026-05-01T19:13:00	2026-05-02T00:31:00	中国铁路	G4287	二等座	385	6	6	黄山北站	佛山西站
TRAIN	C308	C192					2026-05-01T20:11:00	2026-05-01T22:11:00	中国铁路	G4289	二等座	170	8	8	黄山北站	温州南站
TRAIN	C210	C039					2026-05-01T09:30:00	2026-05-01T20:33:00	中国铁路	G4360	二等座	735	17	17	珠海站	北京南站
TRAIN	C210	C005					2026-05-01T09:59:00	2026-05-01T17:13:00	中国铁路	G4361	二等座	480	18	18	珠海站	上海虹桥站
TRAIN	C210	C082					2026-05-01T10:28:00	2026-05-01T21:06:00	中国铁路	G4362	二等座	710	19	19	珠海站	天津西站
TRAIN	C210	C272					2026-05-01T10:57:00	2026-05-01T17:08:00	中国铁路	G4363	二等座	410	20	20	珠海站	重庆北站
TRAIN	C210	C220					2026-05-01T11:26:00	2026-05-01T21:17:00	中国铁路	G4364	二等座	660	21	21	珠海站	石家庄站
TRAIN	C210	C083					2026-05-01T11:55:00	2026-05-01T21:40:00	中国铁路	G4365	二等座	655	22	22	珠海站	太原南站
TRAIN	C210	C061					2026-05-01T12:24:00	2026-05-01T23:57:00	中国铁路	G4366	二等座	775	23	23	珠海站	呼和浩特东站
TRAIN	C210	C172					2026-05-01T12:53:00	2026-05-02T01:59:00	中国铁路	G4367	二等座	880	24	24	珠海站	沈阳北站
TRAIN	C210	C283					2026-05-01T13:22:00	2026-05-02T03:55:00	中国铁路	G4368	二等座	975	25	25	珠海站	长春西站
TRAIN	C210	C066					2026-05-01T13:51:00	2026-05-02T05:41:00	中国铁路	G4369	二等座	1065	26	26	珠海站	哈尔滨西站
TRAIN	C210	C042					2026-05-01T14:20:00	2026-05-01T21:14:00	中国铁路	G4370	二等座	465	27	27	珠海站	南京南站
TRAIN	C210	C153					2026-05-01T14:49:00	2026-05-01T21:10:00	中国铁路	G4371	二等座	430	28	28	珠海站	杭州东站
TRAIN	C210	C053					2026-05-01T15:18:00	2026-05-01T21:45:00	中国铁路	G4372	二等座	440	29	29	珠海站	合肥南站
TRAIN	C210	C221					2026-05-01T15:47:00	2026-05-01T20:04:00	中国铁路	G4373	二等座	295	30	30	珠海站	福州南站
TRAIN	C210	C046					2026-05-01T16:16:00	2026-05-01T20:42:00	中国铁路	G4374	二等座	305	31	31	珠海站	南昌西站
TRAIN	C210	C180					2026-05-01T16:45:00	2026-05-02T01:57:00	中国铁路	G4375	二等座	625	32	32	珠海站	济南西站
TRAIN	C210	C267					2026-05-01T17:14:00	2026-05-02T01:07:00	中国铁路	G4376	二等座	540	33	33	珠海站	郑州东站
TRAIN	C210	C164					2026-05-01T17:43:00	2026-05-01T23:07:00	中国铁路	G4377	二等座	375	34	34	珠海站	武汉站
TRAIN	C210	C284					2026-05-01T18:12:00	2026-05-01T22:12:00	中国铁路	G4378	二等座	280	35	35	珠海站	长沙南站
TRAIN	C210	C112					2026-05-01T18:41:00	2026-05-01T19:39:00	中国铁路	G4379	二等座	80	5	5	珠海站	广州南站
TRAIN	C210	C044					2026-05-01T19:10:00	2026-05-01T22:29:00	中国铁路	G4380	二等座	235	6	6	珠海站	南宁东站
TRAIN	C210	C184					2026-05-01T19:39:00	2026-05-01T22:22:00	中国铁路	G4381	二等座	200	7	7	珠海站	海口东站
TRAIN	C210	C128					2026-05-01T20:08:00	2026-05-02T03:39:00	中国铁路	G4382	二等座	520	8	8	珠海站	成都东站
TRAIN	C210	C249					2026-05-01T05:37:00	2026-05-01T10:38:00	中国铁路	G4383	二等座	355	9	9	珠海站	贵阳北站
TRAIN	C210	C142					2026-05-01T06:06:00	2026-05-01T12:42:00	中国铁路	G4384	二等座	460	10	10	珠海站	昆明南站
TRAIN	C210	C133					2026-05-01T06:35:00	2026-05-01T19:48:00	中国铁路	G4385	二等座	905	11	11	珠海站	拉萨站
TRAIN	C210	C246					2026-05-01T07:04:00	2026-05-01T15:06:00	中国铁路	G4386	二等座	560	12	12	珠海站	西安北站
TRAIN	C210	C034					2026-05-01T07:33:00	2026-05-01T17:39:00	中国铁路	G4387	二等座	700	13	13	珠海站	兰州西站
TRAIN	C210	C245					2026-05-01T08:02:00	2026-05-01T18:59:00	中国铁路	G4388	二等座	755	14	14	珠海站	西宁站
TRAIN	C210	C279					2026-05-01T08:31:00	2026-05-01T19:20:00	中国铁路	G4389	二等座	750	15	15	珠海站	银川站
TRAIN	C210	C018					2026-05-01T09:00:00	2026-05-02T03:35:00	中国铁路	G4390	二等座	1270	16	16	珠海站	乌鲁木齐站
TRAIN	C210	C300					2026-05-01T09:29:00	2026-05-01T10:14:00	中国铁路	G4391	二等座	75	17	17	珠海站	香港西九龙站
TRAIN	C210	C190					2026-05-01T10:56:00	2026-05-01T11:40:00	中国铁路	G4394	二等座	80	20	20	珠海站	深圳北站
TRAIN	C210	C050					2026-05-01T11:25:00	2026-05-01T14:38:00	中国铁路	G4395	二等座	245	21	21	珠海站	厦门北站
TRAIN	C210	C297					2026-05-01T11:54:00	2026-05-01T21:17:00	中国铁路	G4396	二等座	660	22	22	珠海站	青岛北站
TRAIN	C210	C080					2026-05-01T12:23:00	2026-05-01T23:34:00	中国铁路	G4397	二等座	780	23	23	珠海站	大连北站
TRAIN	C210	C088					2026-05-01T12:52:00	2026-05-01T19:31:00	中国铁路	G4398	二等座	480	24	24	珠海站	宁波站
TRAIN	C210	C231					2026-05-01T13:21:00	2026-05-01T20:20:00	中国铁路	G4399	二等座	500	25	25	珠海站	苏州站
TRAIN	C210	C139					2026-05-01T13:50:00	2026-05-01T20:49:00	中国铁路	G4400	二等座	505	26	26	珠海站	无锡站
TRAIN	C210	C158					2026-05-01T14:19:00	2026-05-01T17:16:00	中国铁路	G4401	二等座	235	27	27	珠海站	桂林北站
TRAIN	C210	C002					2026-05-01T14:48:00	2026-05-01T18:32:00	中国铁路	G4402	二等座	285	28	28	珠海站	三亚站
TRAIN	C210	C119					2026-05-01T15:17:00	2026-05-01T20:07:00	中国铁路	G4403	二等座	360	29	29	珠海站	张家界西站
TRAIN	C210	C015					2026-05-01T15:46:00	2026-05-01T23:56:00	中国铁路	G4404	二等座	585	30	30	珠海站	丽江站
TRAIN	C210	C308					2026-05-01T16:44:00	2026-05-01T22:17:00	中国铁路	G4406	二等座	410	32	32	珠海站	黄山北站
TRAIN	C210	C179					2026-05-01T18:11:00	2026-05-02T02:00:00	中国铁路	G4409	二等座	570	35	35	珠海站	洛阳龙门站
TRAIN	C210	C077					2026-05-01T18:40:00	2026-05-02T05:44:00	中国铁路	G4410	二等座	730	5	5	珠海站	大同南站
TRAIN	C210	C070					2026-05-01T19:38:00	2026-05-02T17:41:00	中国铁路	G4412	二等座	1470	7	7	珠海站	喀什站
TRAIN	C210	C056					2026-05-01T20:07:00	2026-05-02T13:50:00	中国铁路	G4413	二等座	1180	8	8	珠海站	吐鲁番北站
TRAIN	C210	C292					2026-05-01T05:36:00	2026-05-02T01:33:00	中国铁路	G4414	二等座	1330	9	9	珠海站	阿勒泰站
TRAIN	C210	C222					2026-05-01T06:05:00	2026-05-01T17:30:00	中国铁路	G4415	二等座	760	10	10	珠海站	秦皇岛站
TRAIN	C210	C084					2026-05-01T06:34:00	2026-05-01T17:06:00	中国铁路	G4416	二等座	700	11	11	珠海站	威海站
TRAIN	C210	C176					2026-05-01T07:03:00	2026-05-01T10:40:00	中国铁路	G4417	二等座	240	12	12	珠海站	泉州站
TRAIN	C210	C129					2026-05-01T07:32:00	2026-05-01T14:45:00	中国铁路	G4418	二等座	480	13	13	珠海站	扬州东站
TRAIN	C210	C071					2026-05-01T08:01:00	2026-05-01T14:47:00	中国铁路	G4419	二等座	455	14	14	珠海站	嘉兴南站
TRAIN	C210	C040					2026-05-01T08:30:00	2026-05-01T11:26:00	中国铁路	G4420	二等座	195	15	15	珠海站	北海站
TRAIN	C210	C147					2026-05-01T08:59:00	2026-05-01T14:01:00	中国铁路	G4421	二等座	340	16	16	珠海站	景德镇北站
TRAIN	C210	C127					2026-05-01T10:26:00	2026-05-01T11:32:00	中国铁路	G4424	二等座	80	19	19	珠海站	惠州北站
TRAIN	C210	C205					2026-05-01T11:24:00	2026-05-01T21:46:00	中国铁路	G4426	二等座	700	21	21	珠海站	烟台站
TRAIN	C210	C025					2026-05-01T11:53:00	2026-05-01T12:49:00	中国铁路	G4427	二等座	70	22	22	珠海站	佛山西站
TRAIN	C210	C192					2026-05-01T12:51:00	2026-05-01T18:24:00	中国铁路	G4429	二等座	380	24	24	珠海站	温州南站
TRAIN	C179	C039					2026-05-01T13:20:00	2026-05-01T17:25:00	中国铁路	G4430	二等座	285	25	25	洛阳龙门站	北京南站
TRAIN	C179	C005					2026-05-01T13:49:00	2026-05-01T19:11:00	中国铁路	G4431	二等座	370	26	26	洛阳龙门站	上海虹桥站
TRAIN	C179	C082					2026-05-01T14:18:00	2026-05-01T18:13:00	中国铁路	G4432	二等座	275	27	27	洛阳龙门站	天津西站
TRAIN	C179	C272					2026-05-01T14:47:00	2026-05-01T19:27:00	中国铁路	G4433	二等座	325	28	28	洛阳龙门站	重庆北站
TRAIN	C179	C220					2026-05-01T15:16:00	2026-05-01T17:57:00	中国铁路	G4434	二等座	195	29	29	洛阳龙门站	石家庄站
TRAIN	C179	C083					2026-05-01T15:45:00	2026-05-01T18:07:00	中国铁路	G4435	二等座	175	30	30	洛阳龙门站	太原南站
TRAIN	C179	C061					2026-05-01T16:14:00	2026-05-01T20:23:00	中国铁路	G4436	二等座	295	31	31	洛阳龙门站	呼和浩特东站
TRAIN	C179	C172					2026-05-01T16:43:00	2026-05-01T23:50:00	中国铁路	G4437	二等座	495	32	32	洛阳龙门站	沈阳北站
TRAIN	C179	C283					2026-05-01T17:12:00	2026-05-02T01:43:00	中国铁路	G4438	二等座	590	33	33	洛阳龙门站	长春西站
TRAIN	C179	C066					2026-05-01T17:41:00	2026-05-02T03:21:00	中国铁路	G4439	二等座	665	34	34	洛阳龙门站	哈尔滨西站
TRAIN	C179	C042					2026-05-01T18:10:00	2026-05-01T22:06:00	中国铁路	G4440	二等座	285	35	35	洛阳龙门站	南京南站
TRAIN	C179	C153					2026-05-01T18:39:00	2026-05-01T23:44:00	中国铁路	G4441	二等座	360	5	5	洛阳龙门站	杭州东站
TRAIN	C179	C053					2026-05-01T19:08:00	2026-05-01T22:28:00	中国铁路	G4442	二等座	245	6	6	洛阳龙门站	合肥南站
TRAIN	C179	C221					2026-05-01T19:37:00	2026-05-02T02:14:00	中国铁路	G4443	二等座	465	7	7	洛阳龙门站	福州南站
TRAIN	C179	C046					2026-05-01T20:06:00	2026-05-02T00:28:00	中国铁路	G4444	二等座	315	8	8	洛阳龙门站	南昌西站
TRAIN	C179	C180					2026-05-01T05:35:00	2026-05-01T08:32:00	中国铁路	G4445	二等座	225	9	9	洛阳龙门站	济南西站
TRAIN	C179	C267					2026-05-01T06:04:00	2026-05-01T07:04:00	中国铁路	G4446	二等座	95	10	10	洛阳龙门站	郑州东站
TRAIN	C179	C164					2026-05-01T06:33:00	2026-05-01T09:33:00	中国铁路	G4447	二等座	230	11	11	洛阳龙门站	武汉站
TRAIN	C179	C284					2026-05-01T07:02:00	2026-05-01T11:17:00	中国铁路	G4448	二等座	310	12	12	洛阳龙门站	长沙南站
TRAIN	C179	C112					2026-05-01T07:31:00	2026-05-01T14:49:00	中国铁路	G4449	二等座	520	13	13	洛阳龙门站	广州南站
TRAIN	C179	C044					2026-05-01T08:00:00	2026-05-01T15:47:00	中国铁路	G4450	二等座	550	14	14	洛阳龙门站	南宁东站
TRAIN	C179	C184					2026-05-01T08:29:00	2026-05-01T17:42:00	中国铁路	G4451	二等座	650	15	15	洛阳龙门站	海口东站
TRAIN	C179	C128					2026-05-01T08:58:00	2026-05-01T14:15:00	中国铁路	G4452	二等座	385	16	16	洛阳龙门站	成都东站
TRAIN	C179	C249					2026-05-01T09:27:00	2026-05-01T15:29:00	中国铁路	G4453	二等座	440	17	17	洛阳龙门站	贵阳北站
TRAIN	C179	C142					2026-05-01T09:56:00	2026-05-01T17:59:00	中国铁路	G4454	二等座	575	18	18	洛阳龙门站	昆明南站
TRAIN	C179	C133					2026-05-01T10:25:00	2026-05-01T21:59:00	中国铁路	G4455	二等座	810	19	19	洛阳龙门站	拉萨站
TRAIN	C179	C246					2026-05-01T10:54:00	2026-05-01T13:03:00	中国铁路	G4456	二等座	180	20	20	洛阳龙门站	西安北站
TRAIN	C179	C034					2026-05-01T11:23:00	2026-05-01T16:05:00	中国铁路	G4457	二等座	350	21	21	洛阳龙门站	兰州西站
TRAIN	C179	C245					2026-05-01T11:52:00	2026-05-01T17:36:00	中国铁路	G4458	二等座	420	22	22	洛阳龙门站	西宁站
TRAIN	C179	C279					2026-05-01T12:21:00	2026-05-01T16:33:00	中国铁路	G4459	二等座	320	23	23	洛阳龙门站	银川站
TRAIN	C179	C018					2026-05-01T12:50:00	2026-05-02T01:56:00	中国铁路	G4460	二等座	915	24	24	洛阳龙门站	乌鲁木齐站
TRAIN	C179	C300					2026-05-01T13:19:00	2026-05-01T21:08:00	中国铁路	G4461	二等座	565	25	25	洛阳龙门站	香港西九龙站
TRAIN	C179	C190					2026-05-01T14:46:00	2026-05-01T22:27:00	中国铁路	G4464	二等座	560	28	28	洛阳龙门站	深圳北站
TRAIN	C179	C050					2026-05-01T15:15:00	2026-05-01T22:24:00	中国铁路	G4465	二等座	470	29	29	洛阳龙门站	厦门北站
TRAIN	C179	C297					2026-05-01T15:44:00	2026-05-01T20:07:00	中国铁路	G4466	二等座	285	30	30	洛阳龙门站	青岛北站
TRAIN	C179	C080					2026-05-01T16:13:00	2026-05-01T21:43:00	中国铁路	G4467	二等座	360	31	31	洛阳龙门站	大连北站
TRAIN	C179	C088					2026-05-01T16:42:00	2026-05-01T22:31:00	中国铁路	G4468	二等座	385	32	32	洛阳龙门站	宁波站
TRAIN	C179	C231					2026-05-01T17:11:00	2026-05-01T22:08:00	中国铁路	G4469	二等座	325	33	33	洛阳龙门站	苏州站
TRAIN	C179	C139					2026-05-01T17:40:00	2026-05-01T22:27:00	中国铁路	G4470	二等座	315	34	34	洛阳龙门站	无锡站
TRAIN	C179	C158					2026-05-01T18:09:00	2026-05-02T00:16:00	中国铁路	G4471	二等座	405	35	35	洛阳龙门站	桂林北站
TRAIN	C179	C002					2026-05-01T18:38:00	2026-05-02T04:58:00	中国铁路	G4472	二等座	690	5	5	洛阳龙门站	三亚站
TRAIN	C179	C119					2026-05-01T19:07:00	2026-05-01T22:58:00	中国铁路	G4473	二等座	255	6	6	洛阳龙门站	张家界西站
TRAIN	C179	C015					2026-05-01T19:36:00	2026-05-02T03:49:00	中国铁路	G4474	二等座	550	7	7	洛阳龙门站	丽江站
TRAIN	C179	C308					2026-05-01T05:34:00	2026-05-01T10:10:00	中国铁路	G4476	二等座	310	9	9	洛阳龙门站	黄山北站
TRAIN	C179	C210					2026-05-01T06:32:00	2026-05-01T14:21:00	中国铁路	G4478	二等座	525	11	11	洛阳龙门站	珠海站
TRAIN	C179	C077					2026-05-01T07:30:00	2026-05-01T11:12:00	中国铁路	G4480	二等座	255	13	13	洛阳龙门站	大同南站
TRAIN	C179	C070					2026-05-01T08:28:00	2026-05-02T02:24:00	中国铁路	G4482	二等座	1210	15	15	洛阳龙门站	喀什站
TRAIN	C179	C056					2026-05-01T08:57:00	2026-05-01T21:15:00	中国铁路	G4483	二等座	830	16	16	洛阳龙门站	吐鲁番北站
TRAIN	C179	C292					2026-05-01T09:26:00	2026-05-01T23:15:00	中国铁路	G4484	二等座	935	17	17	洛阳龙门站	阿勒泰站
TRAIN	C179	C222					2026-05-01T09:55:00	2026-05-01T14:59:00	中国铁路	G4485	二等座	350	18	18	洛阳龙门站	秦皇岛站
TRAIN	C179	C084					2026-05-01T10:24:00	2026-05-01T15:48:00	中国铁路	G4486	二等座	370	19	19	洛阳龙门站	威海站
TRAIN	C179	C176					2026-05-01T10:53:00	2026-05-01T17:58:00	中国铁路	G4487	二等座	485	20	20	洛阳龙门站	泉州站
TRAIN	C179	C129					2026-05-01T11:22:00	2026-05-01T15:30:00	中国铁路	G4488	二等座	290	21	21	洛阳龙门站	扬州东站
TRAIN	C179	C071					2026-05-01T11:51:00	2026-05-01T17:03:00	中国铁路	G4489	二等座	360	22	22	洛阳龙门站	嘉兴南站
TRAIN	C179	C040					2026-05-01T12:20:00	2026-05-01T20:48:00	中国铁路	G4490	二等座	580	23	23	洛阳龙门站	北海站
TRAIN	C179	C147					2026-05-01T12:49:00	2026-05-01T17:14:00	中国铁路	G4491	二等座	310	24	24	洛阳龙门站	景德镇北站
TRAIN	C179	C127					2026-05-01T14:16:00	2026-05-01T21:38:00	中国铁路	G4494	二等座	515	27	27	洛阳龙门站	惠州北站
TRAIN	C179	C205					2026-05-01T15:14:00	2026-05-01T20:19:00	中国铁路	G4496	二等座	360	29	29	洛阳龙门站	烟台站
TRAIN	C179	C025					2026-05-01T15:43:00	2026-05-01T23:05:00	中国铁路	G4497	二等座	515	30	30	洛阳龙门站	佛山西站
TRAIN	C179	C192					2026-05-01T16:41:00	2026-05-01T22:52:00	中国铁路	G4499	二等座	440	32	32	洛阳龙门站	温州南站
TRAIN	C077	C039					2026-05-01T17:10:00	2026-05-01T19:00:00	中国铁路	G4500	二等座	150	33	33	大同南站	北京南站
TRAIN	C077	C005					2026-05-01T17:39:00	2026-05-02T00:40:00	中国铁路	G4501	二等座	495	34	34	大同南站	上海虹桥站
TRAIN	C077	C082					2026-05-01T18:08:00	2026-05-01T20:27:00	中国铁路	G4502	二等座	180	35	35	大同南站	天津西站
TRAIN	C077	C272					2026-05-01T18:37:00	2026-05-02T02:08:00	中国铁路	G4503	二等座	530	5	5	大同南站	重庆北站
TRAIN	C077	C220					2026-05-01T19:06:00	2026-05-01T20:52:00	中国铁路	G4504	二等座	145	6	6	大同南站	石家庄站
TRAIN	C077	C083					2026-05-01T19:35:00	2026-05-01T21:22:00	中国铁路	G4505	二等座	150	7	7	大同南站	太原南站
TRAIN	C077	C061					2026-05-01T20:04:00	2026-05-01T21:19:00	中国铁路	G4506	二等座	115	8	8	大同南站	呼和浩特东站
TRAIN	C077	C172					2026-05-01T05:33:00	2026-05-01T10:39:00	中国铁路	G4507	二等座	375	9	9	大同南站	沈阳北站
TRAIN	C077	C283					2026-05-01T06:02:00	2026-05-01T12:14:00	中国铁路	G4508	二等座	450	10	10	大同南站	长春西站
TRAIN	C077	C066					2026-05-01T06:31:00	2026-05-01T13:39:00	中国铁路	G4509	二等座	510	11	11	大同南站	哈尔滨西站
TRAIN	C077	C042					2026-05-01T07:00:00	2026-05-01T12:54:00	中国铁路	G4510	二等座	430	12	12	大同南站	南京南站
TRAIN	C077	C153					2026-05-01T07:29:00	2026-05-01T14:39:00	中国铁路	G4511	二等座	515	13	13	大同南站	杭州东站
TRAIN	C077	C053					2026-05-01T07:58:00	2026-05-01T13:40:00	中国铁路	G4512	二等座	420	14	14	大同南站	合肥南站
TRAIN	C077	C221					2026-05-01T08:27:00	2026-05-01T17:45:00	中国铁路	G4513	二等座	660	15	15	大同南站	福州南站
TRAIN	C077	C046					2026-05-01T08:56:00	2026-05-01T16:17:00	中国铁路	G4514	二等座	530	16	16	大同南站	南昌西站
TRAIN	C077	C180					2026-05-01T09:25:00	2026-05-01T12:31:00	中国铁路	G4515	二等座	250	17	17	大同南站	济南西站
TRAIN	C077	C267					2026-05-01T09:54:00	2026-05-01T13:30:00	中国铁路	G4516	二等座	285	18	18	大同南站	郑州东站
TRAIN	C077	C164					2026-05-01T10:23:00	2026-05-01T16:30:00	中国铁路	G4517	二等座	450	19	19	大同南站	武汉站
TRAIN	C077	C284					2026-05-01T10:52:00	2026-05-01T18:22:00	中国铁路	G4518	二等座	545	20	20	大同南站	长沙南站
TRAIN	C077	C112					2026-05-01T11:21:00	2026-05-01T21:54:00	中国铁路	G4519	二等座	750	21	21	大同南站	广州南站
TRAIN	C077	C044					2026-05-01T11:50:00	2026-05-01T22:52:00	中国铁路	G4520	二等座	730	22	22	大同南站	南宁东站
TRAIN	C077	C184					2026-05-01T12:19:00	2026-05-02T00:49:00	中国铁路	G4521	二等座	830	23	23	大同南站	海口东站
TRAIN	C077	C128					2026-05-01T12:48:00	2026-05-01T20:28:00	中国铁路	G4522	二等座	505	24	24	大同南站	成都东站
TRAIN	C077	C249					2026-05-01T13:17:00	2026-05-01T22:23:00	中国铁路	G4523	二等座	605	25	25	大同南站	贵阳北站
TRAIN	C077	C142					2026-05-01T13:46:00	2026-05-02T00:37:00	中国铁路	G4524	二等座	720	26	26	大同南站	昆明南站
TRAIN	C077	C133					2026-05-01T14:15:00	2026-05-02T03:08:00	中国铁路	G4525	二等座	860	27	27	大同南站	拉萨站
TRAIN	C077	C246					2026-05-01T14:44:00	2026-05-01T19:10:00	中国铁路	G4526	二等座	290	28	28	大同南站	西安北站
TRAIN	C077	C034					2026-05-01T15:13:00	2026-05-01T20:42:00	中国铁路	G4527	二等座	365	29	29	大同南站	兰州西站
TRAIN	C077	C245					2026-05-01T15:42:00	2026-05-01T21:54:00	中国铁路	G4528	二等座	415	30	30	大同南站	西宁站
TRAIN	C077	C279					2026-05-01T16:11:00	2026-05-01T20:00:00	中国铁路	G4529	二等座	255	31	31	大同南站	银川站
TRAIN	C077	C018					2026-05-01T16:40:00	2026-05-02T04:40:00	中国铁路	G4530	二等座	805	32	32	大同南站	乌鲁木齐站
TRAIN	C077	C300					2026-05-01T17:09:00	2026-05-02T04:12:00	中国铁路	G4531	二等座	740	33	33	大同南站	香港西九龙站
TRAIN	C077	C190					2026-05-01T18:36:00	2026-05-02T05:31:00	中国铁路	G4534	二等座	735	5	5	大同南站	深圳北站
TRAIN	C077	C050					2026-05-01T19:05:00	2026-05-02T05:08:00	中国铁路	G4535	二等座	680	6	6	大同南站	厦门北站
TRAIN	C077	C297					2026-05-01T19:34:00	2026-05-02T00:05:00	中国铁路	G4536	二等座	310	7	7	大同南站	青岛北站
TRAIN	C077	C080					2026-05-01T20:03:00	2026-05-02T00:22:00	中国铁路	G4537	二等座	295	8	8	大同南站	大连北站
TRAIN	C077	C088					2026-05-01T05:32:00	2026-05-01T13:16:00	中国铁路	G4538	二等座	525	9	9	大同南站	宁波站
TRAIN	C077	C231					2026-05-01T06:01:00	2026-05-01T12:45:00	中国铁路	G4539	二等座	460	10	10	大同南站	苏州站
TRAIN	C077	C139					2026-05-01T06:30:00	2026-05-01T13:04:00	中国铁路	G4540	二等座	450	11	11	大同南站	无锡站
TRAIN	C077	C158					2026-05-01T06:59:00	2026-05-01T16:23:00	中国铁路	G4541	二等座	640	12	12	大同南站	桂林北站
TRAIN	C077	C002					2026-05-01T07:28:00	2026-05-01T21:05:00	中国铁路	G4542	二等座	925	13	13	大同南站	三亚站
TRAIN	C077	C119					2026-05-01T07:57:00	2026-05-01T15:04:00	中国铁路	G4543	二等座	490	14	14	大同南站	张家界西站
TRAIN	C077	C015					2026-05-01T08:26:00	2026-05-01T19:04:00	中国铁路	G4544	二等座	725	15	15	大同南站	丽江站
TRAIN	C077	C308					2026-05-01T09:24:00	2026-05-01T16:29:00	中国铁路	G4546	二等座	490	17	17	大同南站	黄山北站
TRAIN	C077	C210					2026-05-01T10:22:00	2026-05-01T21:26:00	中国铁路	G4548	二等座	760	19	19	大同南站	珠海站
TRAIN	C077	C179					2026-05-01T10:51:00	2026-05-01T14:33:00	中国铁路	G4549	二等座	265	20	20	大同南站	洛阳龙门站
TRAIN	C077	C070					2026-05-01T12:18:00	2026-05-02T05:44:00	中国铁路	G4552	二等座	1190	23	23	大同南站	喀什站
TRAIN	C077	C056					2026-05-01T12:47:00	2026-05-02T00:05:00	中国铁路	G4553	二等座	780	24	24	大同南站	吐鲁番北站
TRAIN	C077	C292					2026-05-01T13:16:00	2026-05-02T01:24:00	中国铁路	G4554	二等座	835	25	25	大同南站	阿勒泰站
TRAIN	C077	C222					2026-05-01T13:45:00	2026-05-01T17:03:00	中国铁路	G4555	二等座	245	26	26	大同南站	秦皇岛站
TRAIN	C077	C084					2026-05-01T14:14:00	2026-05-01T19:02:00	中国铁路	G4556	二等座	350	27	27	大同南站	威海站
TRAIN	C077	C176					2026-05-01T14:43:00	2026-05-02T00:37:00	中国铁路	G4557	二等座	690	28	28	大同南站	泉州站
TRAIN	C077	C129					2026-05-01T15:12:00	2026-05-01T21:05:00	中国铁路	G4558	二等座	420	29	29	大同南站	扬州东站
TRAIN	C077	C071					2026-05-01T15:41:00	2026-05-01T22:45:00	中国铁路	G4559	二等座	500	30	30	大同南站	嘉兴南站
TRAIN	C077	C040					2026-05-01T16:10:00	2026-05-02T03:54:00	中国铁路	G4560	二等座	815	31	31	大同南站	北海站
TRAIN	C077	C147					2026-05-01T16:39:00	2026-05-01T23:48:00	中国铁路	G4561	二等座	510	32	32	大同南站	景德镇北站
TRAIN	C077	C127					2026-05-01T18:06:00	2026-05-02T04:41:00	中国铁路	G4564	二等座	740	35	35	大同南站	惠州北站
TRAIN	C077	C205					2026-05-01T19:04:00	2026-05-01T23:35:00	中国铁路	G4566	二等座	340	6	6	大同南站	烟台站
TRAIN	C077	C025					2026-05-01T19:33:00	2026-05-02T06:10:00	中国铁路	G4567	二等座	750	7	7	大同南站	佛山西站
TRAIN	C077	C192					2026-05-01T05:31:00	2026-05-01T14:01:00	中国铁路	G4569	二等座	610	9	9	大同南站	温州南站
TRAIN	C070	C039					2026-05-01T09:50:00	2026-05-02T04:41:00	中国铁路	G4640	二等座	1260	18	18	喀什站	北京南站
TRAIN	C070	C005					2026-05-01T10:19:00	2026-05-02T09:12:00	中国铁路	G4641	二等座	1535	19	19	喀什站	上海虹桥站
TRAIN	C070	C082					2026-05-01T10:48:00	2026-05-02T06:07:00	中国铁路	G4642	二等座	1295	20	20	喀什站	天津西站
TRAIN	C070	C272					2026-05-01T11:17:00	2026-05-02T03:47:00	中国铁路	G4643	二等座	1110	21	21	喀什站	重庆北站
TRAIN	C070	C220					2026-05-01T11:46:00	2026-05-02T06:01:00	中国铁路	G4644	二等座	1225	22	22	喀什站	石家庄站
TRAIN	C070	C083					2026-05-01T12:15:00	2026-05-02T05:38:00	中国铁路	G4645	二等座	1170	23	23	喀什站	太原南站
TRAIN	C070	C061					2026-05-01T12:44:00	2026-05-02T05:24:00	中国铁路	G4646	二等座	1120	24	24	喀什站	呼和浩特东站
TRAIN	C070	C172					2026-05-01T13:13:00	2026-05-02T10:56:00	中国铁路	G4647	二等座	1460	25	25	喀什站	沈阳北站
TRAIN	C070	C283					2026-05-01T13:42:00	2026-05-02T11:59:00	中国铁路	G4648	二等座	1500	26	26	喀什站	长春西站
TRAIN	C070	C066					2026-05-01T14:11:00	2026-05-02T12:46:00	中国铁路	G4649	二等座	1520	27	27	喀什站	哈尔滨西站
TRAIN	C070	C042					2026-05-01T14:40:00	2026-05-02T12:07:00	中国铁路	G4650	二等座	1445	28	28	喀什站	南京南站
TRAIN	C070	C153					2026-05-01T15:09:00	2026-05-02T13:41:00	中国铁路	G4651	二等座	1520	29	29	喀什站	杭州东站
TRAIN	C070	C053					2026-05-01T15:38:00	2026-05-02T12:25:00	中国铁路	G4652	二等座	1405	30	30	喀什站	合肥南站
TRAIN	C070	C221					2026-05-01T16:07:00	2026-05-02T15:28:00	中国铁路	G4653	二等座	1575	31	31	喀什站	福州南站
TRAIN	C070	C046					2026-05-01T16:36:00	2026-05-02T13:36:00	中国铁路	G4654	二等座	1420	32	32	喀什站	南昌西站
TRAIN	C070	C180					2026-05-01T17:05:00	2026-05-02T12:43:00	中国铁路	G4655	二等座	1330	33	33	喀什站	济南西站
TRAIN	C070	C267					2026-05-01T17:34:00	2026-05-02T12:01:00	中国铁路	G4656	二等座	1250	34	34	喀什站	郑州东站
TRAIN	C070	C164					2026-05-01T18:03:00	2026-05-02T13:48:00	中国铁路	G4657	二等座	1340	35	35	喀什站	武汉站
TRAIN	C070	C284					2026-05-01T18:32:00	2026-05-02T14:20:00	中国铁路	G4658	二等座	1345	5	5	喀什站	长沙南站
TRAIN	C070	C112					2026-05-01T19:01:00	2026-05-02T16:38:00	中国铁路	G4659	二等座	1465	6	6	喀什站	广州南站
TRAIN	C070	C044					2026-05-01T19:30:00	2026-05-02T15:05:00	中国铁路	G4660	二等座	1330	7	7	喀什站	南宁东站
TRAIN	C070	C184					2026-05-01T19:59:00	2026-05-02T17:25:00	中国铁路	G4661	二等座	1455	8	8	喀什站	海口东站
TRAIN	C070	C128					2026-05-01T20:28:00	2026-05-02T11:33:00	中国铁路	G4662	二等座	1030	9	9	喀什站	成都东站
TRAIN	C070	C249					2026-05-01T05:57:00	2026-05-01T23:25:00	中国铁路	G4663	二等座	1190	10	10	喀什站	贵阳北站
TRAIN	C070	C142					2026-05-01T06:26:00	2026-05-01T22:47:00	中国铁路	G4664	二等座	1120	11	11	喀什站	昆明南站
TRAIN	C070	C133					2026-05-01T06:55:00	2026-05-01T16:49:00	中国铁路	G4665	二等座	690	12	12	喀什站	拉萨站
TRAIN	C070	C246					2026-05-01T07:24:00	2026-05-01T23:46:00	中国铁路	G4666	二等座	1120	13	13	喀什站	西安北站
TRAIN	C070	C034					2026-05-01T07:53:00	2026-05-01T21:34:00	中国铁路	G4667	二等座	945	14	14	喀什站	兰州西站
TRAIN	C070	C245					2026-05-01T08:22:00	2026-05-01T21:00:00	中国铁路	G4668	二等座	875	15	15	喀什站	西宁站
TRAIN	C070	C279					2026-05-01T08:51:00	2026-05-01T23:16:00	中国铁路	G4669	二等座	995	16	16	喀什站	银川站
TRAIN	C070	C018					2026-05-01T09:20:00	2026-05-01T15:33:00	中国铁路	G4670	二等座	445	17	17	喀什站	乌鲁木齐站
TRAIN	C070	C300					2026-05-01T09:49:00	2026-05-02T08:07:00	中国铁路	G4671	二等座	1525	18	18	喀什站	香港西九龙站
TRAIN	C070	C190					2026-05-01T11:16:00	2026-05-02T09:26:00	中国铁路	G4674	二等座	1520	21	21	喀什站	深圳北站
TRAIN	C070	C050					2026-05-01T11:45:00	2026-05-02T11:04:00	中国铁路	G4675	二等座	1595	22	22	喀什站	厦门北站
TRAIN	C070	C297					2026-05-01T12:14:00	2026-05-02T09:31:00	中国铁路	G4676	二等座	1460	23	23	喀什站	青岛北站
TRAIN	C070	C080					2026-05-01T12:43:00	2026-05-02T10:03:00	中国铁路	G4677	二等座	1465	24	24	喀什站	大连北站
TRAIN	C070	C088					2026-05-01T13:12:00	2026-05-02T12:29:00	中国铁路	G4678	二等座	1595	25	25	喀什站	宁波站
TRAIN	C070	C231					2026-05-01T13:41:00	2026-05-02T12:09:00	中国铁路	G4679	二等座	1545	26	26	喀什站	苏州站
TRAIN	C070	C139					2026-05-01T14:10:00	2026-05-02T12:27:00	中国铁路	G4680	二等座	1530	27	27	喀什站	无锡站
TRAIN	C070	C158					2026-05-01T14:39:00	2026-05-02T10:12:00	中国铁路	G4681	二等座	1350	28	28	喀什站	桂林北站
TRAIN	C070	C002					2026-05-01T15:08:00	2026-05-02T13:00:00	中国铁路	G4682	二等座	1505	29	29	喀什站	三亚站
TRAIN	C070	C119					2026-05-01T15:37:00	2026-05-02T10:02:00	中国铁路	G4683	二等座	1275	30	30	喀什站	张家界西站
TRAIN	C070	C015					2026-05-01T16:06:00	2026-05-02T06:44:00	中国铁路	G4684	二等座	1025	31	31	喀什站	丽江站
TRAIN	C070	C308					2026-05-01T17:04:00	2026-05-02T14:55:00	中国铁路	G4686	二等座	1455	33	33	喀什站	黄山北站
TRAIN	C070	C210					2026-05-01T18:02:00	2026-05-02T16:05:00	中国铁路	G4688	二等座	1470	35	35	喀什站	珠海站
TRAIN	C070	C179					2026-05-01T18:31:00	2026-05-02T12:27:00	中国铁路	G4689	二等座	1195	5	5	喀什站	洛阳龙门站
TRAIN	C070	C077					2026-05-01T19:00:00	2026-05-02T12:26:00	中国铁路	G4690	二等座	1165	6	6	喀什站	大同南站
TRAIN	C070	C056					2026-05-01T20:27:00	2026-05-02T03:09:00	中国铁路	G4693	二等座	445	9	9	喀什站	吐鲁番北站
TRAIN	C070	C292					2026-05-01T05:56:00	2026-05-01T13:36:00	中国铁路	G4694	二等座	510	10	10	喀什站	阿勒泰站
TRAIN	C070	C222					2026-05-01T06:25:00	2026-05-02T02:41:00	中国铁路	G4695	二等座	1360	11	11	喀什站	秦皇岛站
TRAIN	C070	C084					2026-05-01T06:54:00	2026-05-02T04:42:00	中国铁路	G4696	二等座	1460	12	12	喀什站	威海站
TRAIN	C070	C176					2026-05-01T07:23:00	2026-05-02T06:50:00	中国铁路	G4697	二等座	1575	13	13	喀什站	泉州站
TRAIN	C070	C129					2026-05-01T07:52:00	2026-05-02T05:31:00	中国铁路	G4698	二等座	1455	14	14	喀什站	扬州东站
TRAIN	C070	C071					2026-05-01T08:21:00	2026-05-02T07:02:00	中国铁路	G4699	二等座	1525	15	15	喀什站	嘉兴南站
TRAIN	C070	C040					2026-05-01T08:50:00	2026-05-02T05:15:00	中国铁路	G4700	二等座	1370	16	16	喀什站	北海站
TRAIN	C070	C147					2026-05-01T09:19:00	2026-05-02T06:45:00	中国铁路	G4701	二等座	1440	17	17	喀什站	景德镇北站
TRAIN	C070	C127					2026-05-01T10:46:00	2026-05-02T08:54:00	中国铁路	G4704	二等座	1490	20	20	喀什站	惠州北站
TRAIN	C070	C205					2026-05-01T11:44:00	2026-05-02T09:14:00	中国铁路	G4706	二等座	1450	22	22	喀什站	烟台站
TRAIN	C070	C025					2026-05-01T12:13:00	2026-05-02T09:48:00	中国铁路	G4707	二等座	1455	23	23	喀什站	佛山西站
TRAIN	C070	C192					2026-05-01T13:11:00	2026-05-02T12:35:00	中国铁路	G4709	二等座	1580	25	25	喀什站	温州南站
TRAIN	C056	C039					2026-05-01T13:40:00	2026-05-02T02:22:00	中国铁路	G4710	二等座	865	26	26	吐鲁番北站	北京南站
TRAIN	C056	C005					2026-05-01T14:09:00	2026-05-02T07:21:00	中国铁路	G4711	二等座	1165	27	27	吐鲁番北站	上海虹桥站
TRAIN	C056	C082					2026-05-01T14:38:00	2026-05-02T03:50:00	中国铁路	G4712	二等座	900	28	28	吐鲁番北站	天津西站
TRAIN	C056	C272					2026-05-01T15:07:00	2026-05-02T03:04:00	中国铁路	G4713	二等座	820	29	29	吐鲁番北站	重庆北站
TRAIN	C056	C220					2026-05-01T15:36:00	2026-05-02T03:51:00	中国铁路	G4714	二等座	840	30	30	吐鲁番北站	石家庄站
TRAIN	C056	C083					2026-05-01T16:05:00	2026-05-02T03:31:00	中国铁路	G4715	二等座	785	31	31	吐鲁番北站	太原南站
TRAIN	C056	C061					2026-05-01T16:34:00	2026-05-02T03:04:00	中国铁路	G4716	二等座	725	32	32	吐鲁番北站	呼和浩特东站
TRAIN	C056	C172					2026-05-01T17:03:00	2026-05-02T08:30:00	中国铁路	G4717	二等座	1055	33	33	吐鲁番北站	沈阳北站
TRAIN	C056	C283					2026-05-01T17:32:00	2026-05-02T09:32:00	中国铁路	G4718	二等座	1095	34	34	吐鲁番北站	长春西站
TRAIN	C056	C066					2026-05-01T18:01:00	2026-05-02T10:20:00	中国铁路	G4719	二等座	1115	35	35	吐鲁番北站	哈尔滨西站
TRAIN	C056	C042					2026-05-01T18:30:00	2026-05-02T10:17:00	中国铁路	G4720	二等座	1080	5	5	吐鲁番北站	南京南站
TRAIN	C056	C153					2026-05-01T18:59:00	2026-05-02T11:57:00	中国铁路	G4721	二等座	1160	6	6	吐鲁番北站	杭州东站
TRAIN	C056	C053					2026-05-01T19:28:00	2026-05-02T10:41:00	中国铁路	G4722	二等座	1045	7	7	吐鲁番北站	合肥南站
TRAIN	C056	C221					2026-05-01T19:57:00	2026-05-02T14:09:00	中国铁路	G4723	二等座	1245	8	8	吐鲁番北站	福州南站
TRAIN	C056	C046					2026-05-01T20:26:00	2026-05-02T12:14:00	中国铁路	G4724	二等座	1085	9	9	吐鲁番北站	南昌西站
TRAIN	C056	C180					2026-05-01T05:55:00	2026-05-01T19:35:00	中国铁路	G4725	二等座	945	10	10	吐鲁番北站	济南西站
TRAIN	C056	C267					2026-05-01T06:24:00	2026-05-01T19:09:00	中国铁路	G4726	二等座	885	11	11	吐鲁番北站	郑州东站
TRAIN	C056	C164					2026-05-01T06:53:00	2026-05-01T21:20:00	中国铁路	G4727	二等座	1000	12	12	吐鲁番北站	武汉站
TRAIN	C056	C284					2026-05-01T07:22:00	2026-05-01T22:13:00	中国铁路	G4728	二等座	1025	13	13	吐鲁番北站	长沙南站
TRAIN	C056	C112					2026-05-01T07:51:00	2026-05-02T01:03:00	中国铁路	G4729	二等座	1185	14	14	吐鲁番北站	广州南站
TRAIN	C056	C044					2026-05-01T08:20:00	2026-05-02T00:05:00	中国铁路	G4730	二等座	1090	15	15	吐鲁番北站	南宁东站
TRAIN	C056	C184					2026-05-01T08:49:00	2026-05-02T02:31:00	中国铁路	G4731	二等座	1220	16	16	吐鲁番北站	海口东站
TRAIN	C056	C128					2026-05-01T09:18:00	2026-05-01T19:58:00	中国铁路	G4732	二等座	750	17	17	吐鲁番北站	成都东站
TRAIN	C056	C249					2026-05-01T09:47:00	2026-05-01T23:07:00	中国铁路	G4733	二等座	930	18	18	吐鲁番北站	贵阳北站
TRAIN	C056	C142					2026-05-01T10:16:00	2026-05-01T23:17:00	中国铁路	G4734	二等座	910	19	19	吐鲁番北站	昆明南站
TRAIN	C056	C133					2026-05-01T10:45:00	2026-05-01T19:10:00	中国铁路	G4735	二等座	605	20	20	吐鲁番北站	拉萨站
TRAIN	C056	C246					2026-05-01T11:14:00	2026-05-01T22:10:00	中国铁路	G4736	二等座	775	21	21	吐鲁番北站	西安北站
TRAIN	C056	C034					2026-05-01T11:43:00	2026-05-01T20:02:00	中国铁路	G4737	二等座	600	22	22	吐鲁番北站	兰州西站
TRAIN	C056	C245					2026-05-01T12:12:00	2026-05-01T19:31:00	中国铁路	G4738	二等座	535	23	23	吐鲁番北站	西宁站
TRAIN	C056	C279					2026-05-01T12:41:00	2026-05-01T21:15:00	中国铁路	G4739	二等座	620	24	24	吐鲁番北站	银川站
TRAIN	C056	C018					2026-05-01T13:10:00	2026-05-01T14:27:00	中国铁路	G4740	二等座	75	25	25	吐鲁番北站	乌鲁木齐站
TRAIN	C056	C300					2026-05-01T13:39:00	2026-05-02T07:33:00	中国铁路	G4741	二等座	1190	26	26	吐鲁番北站	香港西九龙站
TRAIN	C056	C190					2026-05-01T15:06:00	2026-05-02T08:52:00	中国铁路	G4744	二等座	1185	29	29	吐鲁番北站	深圳北站
TRAIN	C056	C050					2026-05-01T15:35:00	2026-05-02T09:58:00	中国铁路	G4745	二等座	1225	30	30	吐鲁番北站	厦门北站
TRAIN	C056	C297					2026-05-01T16:04:00	2026-05-02T07:21:00	中国铁路	G4746	二等座	1020	31	31	吐鲁番北站	青岛北站
TRAIN	C056	C080					2026-05-01T16:33:00	2026-05-02T07:43:00	中国铁路	G4747	二等座	1010	32	32	吐鲁番北站	大连北站
TRAIN	C056	C088					2026-05-01T17:02:00	2026-05-02T10:44:00	中国铁路	G4748	二等座	1185	33	33	吐鲁番北站	宁波站
TRAIN	C056	C231					2026-05-01T17:31:00	2026-05-02T10:19:00	中国铁路	G4749	二等座	1125	34	34	吐鲁番北站	苏州站
TRAIN	C056	C139					2026-05-01T18:00:00	2026-05-02T10:37:00	中国铁路	G4750	二等座	1115	35	35	吐鲁番北站	无锡站
TRAIN	C056	C158					2026-05-01T18:29:00	2026-05-02T09:41:00	中国铁路	G4751	二等座	1020	5	5	吐鲁番北站	桂林北站
TRAIN	C056	C002					2026-05-01T18:58:00	2026-05-02T13:22:00	中国铁路	G4752	二等座	1235	6	6	吐鲁番北站	三亚站
TRAIN	C056	C119					2026-05-01T19:27:00	2026-05-02T09:00:00	中国铁路	G4753	二等座	910	7	7	吐鲁番北站	张家界西站
TRAIN	C056	C015					2026-05-01T19:56:00	2026-05-02T07:22:00	中国铁路	G4754	二等座	770	8	8	吐鲁番北站	丽江站
TRAIN	C056	C308					2026-05-01T05:54:00	2026-05-01T22:19:00	中国铁路	G4756	二等座	1105	10	10	吐鲁番北站	黄山北站
TRAIN	C056	C210					2026-05-01T06:52:00	2026-05-02T00:35:00	中国铁路	G4758	二等座	1195	12	12	吐鲁番北站	珠海站
TRAIN	C056	C179					2026-05-01T07:21:00	2026-05-01T19:39:00	中国铁路	G4759	二等座	830	13	13	吐鲁番北站	洛阳龙门站
TRAIN	C056	C077					2026-05-01T07:50:00	2026-05-01T19:08:00	中国铁路	G4760	二等座	765	14	14	吐鲁番北站	大同南站
TRAIN	C056	C070					2026-05-01T08:48:00	2026-05-01T15:30:00	中国铁路	G4762	二等座	460	16	16	吐鲁番北站	喀什站
TRAIN	C056	C292					2026-05-01T09:46:00	2026-05-01T13:09:00	中国铁路	G4764	二等座	240	18	18	吐鲁番北站	阿勒泰站
TRAIN	C056	C222					2026-05-01T10:15:00	2026-05-02T00:20:00	中国铁路	G4765	二等座	960	19	19	吐鲁番北站	秦皇岛站
TRAIN	C056	C084					2026-05-01T10:44:00	2026-05-02T02:25:00	中国铁路	G4766	二等座	1065	20	20	吐鲁番北站	威海站
TRAIN	C056	C176					2026-05-01T11:13:00	2026-05-02T05:40:00	中国铁路	G4767	二等座	1250	21	21	吐鲁番北站	泉州站
TRAIN	C056	C129					2026-05-01T11:42:00	2026-05-02T03:39:00	中国铁路	G4768	二等座	1085	22	22	吐鲁番北站	扬州东站
TRAIN	C056	C071					2026-05-01T12:11:00	2026-05-02T05:14:00	中国铁路	G4769	二等座	1160	23	23	吐鲁番北站	嘉兴南站
TRAIN	C056	C040					2026-05-01T12:40:00	2026-05-02T05:19:00	中国铁路	G4770	二等座	1135	24	24	吐鲁番北站	北海站
TRAIN	C056	C147					2026-05-01T13:09:00	2026-05-02T05:15:00	中国铁路	G4771	二等座	1100	25	25	吐鲁番北站	景德镇北站
TRAIN	C056	C127					2026-05-01T14:36:00	2026-05-02T08:14:00	中国铁路	G4774	二等座	1205	28	28	吐鲁番北站	惠州北站
TRAIN	C056	C205					2026-05-01T15:34:00	2026-05-02T06:59:00	中国铁路	G4776	二等座	1060	30	30	吐鲁番北站	烟台站
TRAIN	C056	C025					2026-05-01T16:03:00	2026-05-02T09:16:00	中国铁路	G4777	二等座	1180	31	31	吐鲁番北站	佛山西站
TRAIN	C056	C192					2026-05-01T17:01:00	2026-05-02T11:01:00	中国铁路	G4779	二等座	1235	33	33	吐鲁番北站	温州南站
TRAIN	C292	C039					2026-05-01T17:30:00	2026-05-02T06:54:00	中国铁路	G4780	二等座	925	34	34	阿勒泰站	北京南站
TRAIN	C292	C005					2026-05-01T17:59:00	2026-05-02T12:29:00	中国铁路	G4781	二等座	1270	35	35	阿勒泰站	上海虹桥站
TRAIN	C292	C082					2026-05-01T18:28:00	2026-05-02T08:26:00	中国铁路	G4782	二等座	970	5	5	阿勒泰站	天津西站
TRAIN	C292	C272					2026-05-01T18:57:00	2026-05-02T09:12:00	中国铁路	G4783	二等座	985	6	6	阿勒泰站	重庆北站
TRAIN	C292	C220					2026-05-01T19:26:00	2026-05-02T08:42:00	中国铁路	G4784	二等座	925	7	7	阿勒泰站	石家庄站
TRAIN	C292	C083					2026-05-01T19:55:00	2026-05-02T08:30:00	中国铁路	G4785	二等座	880	8	8	阿勒泰站	太原南站
TRAIN	C292	C061					2026-05-01T20:24:00	2026-05-02T07:41:00	中国铁路	G4786	二等座	790	9	9	阿勒泰站	呼和浩特东站
TRAIN	C292	C172					2026-05-01T05:53:00	2026-05-01T21:33:00	中国铁路	G4787	二等座	1085	10	10	阿勒泰站	沈阳北站
TRAIN	C292	C283					2026-05-01T06:22:00	2026-05-01T22:18:00	中国铁路	G4788	二等座	1105	11	11	阿勒泰站	长春西站
TRAIN	C292	C066					2026-05-01T06:51:00	2026-05-01T22:51:00	中国铁路	G4789	二等座	1110	12	12	阿勒泰站	哈尔滨西站
TRAIN	C292	C042					2026-05-01T07:20:00	2026-05-02T00:30:00	中国铁路	G4790	二等座	1190	13	13	阿勒泰站	南京南站
TRAIN	C292	C153					2026-05-01T07:49:00	2026-05-02T02:14:00	中国铁路	G4791	二等座	1275	14	14	阿勒泰站	杭州东站
TRAIN	C292	C053					2026-05-01T08:18:00	2026-05-02T01:00:00	中国铁路	G4792	二等座	1160	15	15	阿勒泰站	合肥南站
TRAIN	C292	C221					2026-05-01T08:47:00	2026-05-02T04:44:00	中国铁路	G4793	二等座	1380	16	16	阿勒泰站	福州南站
TRAIN	C292	C046					2026-05-01T09:16:00	2026-05-02T02:51:00	中国铁路	G4794	二等座	1220	17	17	阿勒泰站	南昌西站
TRAIN	C292	C180					2026-05-01T09:45:00	2026-05-02T00:28:00	中国铁路	G4795	二等座	975	18	18	阿勒泰站	济南西站
TRAIN	C292	C267					2026-05-01T10:14:00	2026-05-02T00:25:00	中国铁路	G4796	二等座	940	19	19	阿勒泰站	郑州东站
TRAIN	C292	C164					2026-05-01T10:43:00	2026-05-02T02:55:00	中国铁路	G4797	二等座	1075	20	20	阿勒泰站	武汉站
TRAIN	C292	C284					2026-05-01T11:12:00	2026-05-02T04:02:00	中国铁路	G4798	二等座	1120	21	21	阿勒泰站	长沙南站
TRAIN	C292	C112					2026-05-01T11:41:00	2026-05-02T07:06:00	中国铁路	G4799	二等座	1295	22	22	阿勒泰站	广州南站
TRAIN	C292	C044					2026-05-01T12:10:00	2026-05-02T06:23:00	中国铁路	G4800	二等座	1215	23	23	阿勒泰站	南宁东站
TRAIN	C292	C184					2026-05-01T12:39:00	2026-05-02T08:49:00	中国铁路	G4801	二等座	1345	24	24	阿勒泰站	海口东站
TRAIN	C292	C128					2026-05-01T13:08:00	2026-05-02T02:11:00	中国铁路	G4802	二等座	870	25	25	阿勒泰站	成都东站
TRAIN	C292	C249					2026-05-01T13:37:00	2026-05-02T05:22:00	中国铁路	G4803	二等座	1055	26	26	阿勒泰站	贵阳北站
TRAIN	C292	C142					2026-05-01T14:06:00	2026-05-02T05:47:00	中国铁路	G4804	二等座	1050	27	27	阿勒泰站	昆明南站
TRAIN	C292	C133					2026-05-01T14:35:00	2026-05-02T01:58:00	中国铁路	G4805	二等座	765	28	28	阿勒泰站	拉萨站
TRAIN	C292	C246					2026-05-01T15:04:00	2026-05-02T03:47:00	中国铁路	G4806	二等座	855	29	29	阿勒泰站	西安北站
TRAIN	C292	C034					2026-05-01T15:33:00	2026-05-02T01:51:00	中国铁路	G4807	二等座	690	30	30	阿勒泰站	兰州西站
TRAIN	C292	C245					2026-05-01T16:02:00	2026-05-02T01:27:00	中国铁路	G4808	二等座	635	31	31	阿勒泰站	西宁站
TRAIN	C292	C279					2026-05-01T16:31:00	2026-05-02T02:34:00	中国铁路	G4809	二等座	675	32	32	阿勒泰站	银川站
TRAIN	C292	C018					2026-05-01T17:00:00	2026-05-01T19:50:00	中国铁路	G4810	二等座	195	33	33	阿勒泰站	乌鲁木齐站
TRAIN	C292	C300					2026-05-01T17:29:00	2026-05-02T13:35:00	中国铁路	G4811	二等座	1350	34	34	阿勒泰站	香港西九龙站
TRAIN	C292	C190					2026-05-01T18:56:00	2026-05-02T14:53:00	中国铁路	G4814	二等座	1345	6	6	阿勒泰站	深圳北站
TRAIN	C292	C050					2026-05-01T19:25:00	2026-05-02T15:42:00	中国铁路	G4815	二等座	1370	7	7	阿勒泰站	厦门北站
TRAIN	C292	C297					2026-05-01T19:54:00	2026-05-02T12:08:00	中国铁路	G4816	二等座	1100	8	8	阿勒泰站	青岛北站
TRAIN	C292	C080					2026-05-01T20:23:00	2026-05-02T12:09:00	中国铁路	G4817	二等座	1070	9	9	阿勒泰站	大连北站
TRAIN	C292	C088					2026-05-01T05:52:00	2026-05-02T00:58:00	中国铁路	G4818	二等座	1290	10	10	阿勒泰站	宁波站
TRAIN	C292	C231					2026-05-01T06:21:00	2026-05-02T00:29:00	中国铁路	G4819	二等座	1230	11	11	阿勒泰站	苏州站
TRAIN	C292	C139					2026-05-01T06:50:00	2026-05-02T00:48:00	中国铁路	G4820	二等座	1220	12	12	阿勒泰站	无锡站
TRAIN	C292	C158					2026-05-01T07:19:00	2026-05-02T00:47:00	中国铁路	G4821	二等座	1185	13	13	阿勒泰站	桂林北站
TRAIN	C292	C002					2026-05-01T07:48:00	2026-05-02T04:45:00	中国铁路	G4822	二等座	1420	14	14	阿勒泰站	三亚站
TRAIN	C292	C119					2026-05-01T08:17:00	2026-05-01T23:54:00	中国铁路	G4823	二等座	1065	15	15	阿勒泰站	张家界西站
TRAIN	C292	C015					2026-05-01T08:46:00	2026-05-01T22:57:00	中国铁路	G4824	二等座	970	16	16	阿勒泰站	丽江站
TRAIN	C292	C308					2026-05-01T09:44:00	2026-05-02T03:44:00	中国铁路	G4826	二等座	1225	18	18	阿勒泰站	黄山北站
TRAIN	C292	C210					2026-05-01T10:42:00	2026-05-02T06:39:00	中国铁路	G4828	二等座	1360	20	20	阿勒泰站	珠海站
TRAIN	C292	C179					2026-05-01T11:11:00	2026-05-02T01:00:00	中国铁路	G4829	二等座	950	21	21	阿勒泰站	洛阳龙门站
TRAIN	C292	C077					2026-05-01T11:40:00	2026-05-01T23:48:00	中国铁路	G4830	二等座	835	22	22	阿勒泰站	大同南站
TRAIN	C292	C070					2026-05-01T12:38:00	2026-05-01T20:18:00	中国铁路	G4832	二等座	540	24	24	阿勒泰站	喀什站
TRAIN	C292	C056					2026-05-01T13:07:00	2026-05-01T16:30:00	中国铁路	G4833	二等座	255	25	25	阿勒泰站	吐鲁番北站
TRAIN	C292	C222					2026-05-01T14:05:00	2026-05-02T04:44:00	中国铁路	G4835	二等座	1010	27	27	阿勒泰站	秦皇岛站
TRAIN	C292	C084					2026-05-01T14:34:00	2026-05-02T06:59:00	中国铁路	G4836	二等座	1130	28	28	阿勒泰站	威海站
TRAIN	C292	C176					2026-05-01T15:03:00	2026-05-02T11:21:00	中国铁路	G4837	二等座	1390	29	29	阿勒泰站	泉州站
TRAIN	C292	C129					2026-05-01T15:32:00	2026-05-02T08:48:00	中国铁路	G4838	二等座	1190	30	30	阿勒泰站	扬州东站
TRAIN	C292	C071					2026-05-01T16:01:00	2026-05-02T10:27:00	中国铁路	G4839	二等座	1270	31	31	阿勒泰站	嘉兴南站
TRAIN	C292	C040					2026-05-01T16:30:00	2026-05-02T11:37:00	中国铁路	G4840	二等座	1315	32	32	阿勒泰站	北海站
TRAIN	C292	C147					2026-05-01T16:59:00	2026-05-02T10:46:00	中国铁路	G4841	二等座	1225	33	33	阿勒泰站	景德镇北站
TRAIN	C292	C127					2026-05-01T18:26:00	2026-05-02T14:13:00	中国铁路	G4844	二等座	1365	5	5	阿勒泰站	惠州北站
TRAIN	C292	C205					2026-05-01T19:24:00	2026-05-02T11:34:00	中国铁路	G4846	二等座	1125	7	7	阿勒泰站	烟台站
TRAIN	C292	C025					2026-05-01T19:53:00	2026-05-02T15:19:00	中国铁路	G4847	二等座	1345	8	8	阿勒泰站	佛山西站
TRAIN	C292	C192					2026-05-01T05:51:00	2026-05-02T01:25:00	中国铁路	G4849	二等座	1355	10	10	阿勒泰站	温州南站
TRAIN	C222	C039					2026-05-01T06:20:00	2026-05-01T08:13:00	中国铁路	G4850	二等座	115	11	11	秦皇岛站	北京南站
TRAIN	C222	C005					2026-05-01T06:49:00	2026-05-01T12:31:00	中国铁路	G4851	二等座	375	12	12	秦皇岛站	上海虹桥站
TRAIN	C222	C082					2026-05-01T07:18:00	2026-05-01T08:56:00	中国铁路	G4852	二等座	100	13	13	秦皇岛站	天津西站
TRAIN	C222	C272					2026-05-01T07:47:00	2026-05-01T17:06:00	中国铁路	G4853	二等座	615	14	14	秦皇岛站	重庆北站
TRAIN	C222	C220					2026-05-01T08:16:00	2026-05-01T11:18:00	中国铁路	G4854	二等座	200	15	15	秦皇岛站	石家庄站
TRAIN	C222	C083					2026-05-01T08:45:00	2026-05-01T12:40:00	中国铁路	G4855	二等座	260	16	16	秦皇岛站	太原南站
TRAIN	C222	C061					2026-05-01T09:14:00	2026-05-01T13:16:00	中国铁路	G4856	二等座	265	17	17	秦皇岛站	呼和浩特东站
TRAIN	C222	C172					2026-05-01T09:43:00	2026-05-01T12:11:00	中国铁路	G4857	二等座	165	18	18	秦皇岛站	沈阳北站
TRAIN	C222	C283					2026-05-01T10:12:00	2026-05-01T14:04:00	中国铁路	G4858	二等座	255	19	19	秦皇岛站	长春西站
TRAIN	C222	C066					2026-05-01T10:41:00	2026-05-01T15:44:00	中国铁路	G4859	二等座	335	20	20	秦皇岛站	哈尔滨西站
TRAIN	C222	C042					2026-05-01T11:10:00	2026-05-01T16:19:00	中国铁路	G4860	二等座	345	21	21	秦皇岛站	南京南站
TRAIN	C222	C153					2026-05-01T11:39:00	2026-05-01T17:51:00	中国铁路	G4861	二等座	415	22	22	秦皇岛站	杭州东站
TRAIN	C222	C053					2026-05-01T12:08:00	2026-05-01T17:32:00	中国铁路	G4862	二等座	365	23	23	秦皇岛站	合肥南站
TRAIN	C222	C221					2026-05-01T12:37:00	2026-05-01T21:19:00	中国铁路	G4863	二等座	585	24	24	秦皇岛站	福州南站
TRAIN	C222	C046					2026-05-01T13:06:00	2026-05-01T20:30:00	中国铁路	G4864	二等座	500	25	25	秦皇岛站	南昌西站
TRAIN	C222	C180					2026-05-01T13:35:00	2026-05-01T16:18:00	中国铁路	G4865	二等座	185	26	26	秦皇岛站	济南西站
TRAIN	C222	C267					2026-05-01T14:04:00	2026-05-01T18:41:00	中国铁路	G4866	二等座	315	27	27	秦皇岛站	郑州东站
TRAIN	C222	C164					2026-05-01T14:33:00	2026-05-01T21:07:00	中国铁路	G4867	二等座	445	28	28	秦皇岛站	武汉站
TRAIN	C222	C284					2026-05-01T15:02:00	2026-05-01T23:11:00	中国铁路	G4868	二等座	555	29	29	秦皇岛站	长沙南站
TRAIN	C222	C112					2026-05-01T15:31:00	2026-05-02T02:29:00	中国铁路	G4869	二等座	745	30	30	秦皇岛站	广州南站
TRAIN	C222	C044					2026-05-01T16:00:00	2026-05-02T04:07:00	中国铁路	G4870	二等座	820	31	31	秦皇岛站	南宁东站
TRAIN	C222	C184					2026-05-01T16:29:00	2026-05-02T05:44:00	中国铁路	G4871	二等座	900	32	32	秦皇岛站	海口东站
TRAIN	C222	C128					2026-05-01T16:58:00	2026-05-02T02:47:00	中国铁路	G4872	二等座	670	33	33	秦皇岛站	成都东站
TRAIN	C222	C249					2026-05-01T17:27:00	2026-05-02T04:06:00	中国铁路	G4873	二等座	725	34	34	秦皇岛站	贵阳北站
TRAIN	C222	C142					2026-05-01T17:56:00	2026-05-02T06:38:00	中国铁路	G4874	二等座	865	35	35	秦皇岛站	昆明南站
TRAIN	C222	C133					2026-05-01T18:25:00	2026-05-02T10:00:00	中国铁路	G4875	二等座	1060	5	5	秦皇岛站	拉萨站
TRAIN	C222	C246					2026-05-01T18:54:00	2026-05-02T01:24:00	中国铁路	G4876	二等座	450	6	6	秦皇岛站	西安北站
TRAIN	C222	C034					2026-05-01T19:23:00	2026-05-02T03:34:00	中国铁路	G4877	二等座	565	7	7	秦皇岛站	兰州西站
TRAIN	C222	C245					2026-05-01T19:52:00	2026-05-02T04:52:00	中国铁路	G4878	二等座	620	8	8	秦皇岛站	西宁站
TRAIN	C222	C279					2026-05-01T20:21:00	2026-05-02T03:01:00	中国铁路	G4879	二等座	465	9	9	秦皇岛站	银川站
TRAIN	C222	C018					2026-05-01T05:50:00	2026-05-01T20:35:00	中国铁路	G4880	二等座	1010	10	10	秦皇岛站	乌鲁木齐站
TRAIN	C222	C300					2026-05-01T06:19:00	2026-05-01T17:37:00	中国铁路	G4881	二等座	780	11	11	秦皇岛站	香港西九龙站
TRAIN	C222	C190					2026-05-01T07:46:00	2026-05-01T18:57:00	中国铁路	G4884	二等座	775	14	14	秦皇岛站	深圳北站
TRAIN	C222	C050					2026-05-01T08:15:00	2026-05-01T17:56:00	中国铁路	G4885	二等座	675	15	15	秦皇岛站	厦门北站
TRAIN	C222	C297					2026-05-01T08:44:00	2026-05-01T11:30:00	中国铁路	G4886	二等座	210	16	16	秦皇岛站	青岛北站
TRAIN	C222	C080					2026-05-01T09:13:00	2026-05-01T10:45:00	中国铁路	G4887	二等座	130	17	17	秦皇岛站	大连北站
TRAIN	C222	C088					2026-05-01T09:42:00	2026-05-01T16:13:00	中国铁路	G4888	二等座	465	18	18	秦皇岛站	宁波站
TRAIN	C222	C231					2026-05-01T10:11:00	2026-05-01T15:47:00	中国铁路	G4889	二等座	405	19	19	秦皇岛站	苏州站
TRAIN	C222	C139					2026-05-01T10:40:00	2026-05-01T16:09:00	中国铁路	G4890	二等座	395	20	20	秦皇岛站	无锡站
TRAIN	C222	C158					2026-05-01T11:09:00	2026-05-01T21:30:00	中国铁路	G4891	二等座	725	21	21	秦皇岛站	桂林北站
TRAIN	C222	C002					2026-05-01T11:38:00	2026-05-02T02:01:00	中国铁路	G4892	二等座	995	22	22	秦皇岛站	三亚站
TRAIN	C222	C119					2026-05-01T12:07:00	2026-05-01T20:24:00	中国铁路	G4893	二等座	590	23	23	秦皇岛站	张家界西站
TRAIN	C222	C015					2026-05-01T12:36:00	2026-05-02T01:24:00	中国铁路	G4894	二等座	890	24	24	秦皇岛站	丽江站
TRAIN	C222	C308					2026-05-01T13:34:00	2026-05-01T20:08:00	中国铁路	G4896	二等座	475	26	26	秦皇岛站	黄山北站
TRAIN	C222	C210					2026-05-01T14:32:00	2026-05-02T01:57:00	中国铁路	G4898	二等座	800	28	28	秦皇岛站	珠海站
TRAIN	C222	C179					2026-05-01T15:01:00	2026-05-01T20:05:00	中国铁路	G4899	二等座	380	29	29	秦皇岛站	洛阳龙门站
TRAIN	C222	C077					2026-05-01T15:30:00	2026-05-01T18:48:00	中国铁路	G4900	二等座	260	30	30	秦皇岛站	大同南站
TRAIN	C222	C070					2026-05-01T16:28:00	2026-05-02T12:44:00	中国铁路	G4902	二等座	1400	32	32	秦皇岛站	喀什站
TRAIN	C222	C056					2026-05-01T16:57:00	2026-05-02T07:02:00	中国铁路	G4903	二等座	985	33	33	秦皇岛站	吐鲁番北站
TRAIN	C222	C292					2026-05-01T17:26:00	2026-05-02T08:05:00	中国铁路	G4904	二等座	1025	34	34	秦皇岛站	阿勒泰站
TRAIN	C222	C084					2026-05-01T18:24:00	2026-05-01T20:41:00	中国铁路	G4906	二等座	145	5	5	秦皇岛站	威海站
TRAIN	C222	C176					2026-05-01T18:53:00	2026-05-02T04:19:00	中国铁路	G4907	二等座	625	6	6	秦皇岛站	泉州站
TRAIN	C222	C129					2026-05-01T19:22:00	2026-05-02T00:18:00	中国铁路	G4908	二等座	325	7	7	秦皇岛站	扬州东站
TRAIN	C222	C071					2026-05-01T19:51:00	2026-05-02T01:47:00	中国铁路	G4909	二等座	390	8	8	秦皇岛站	嘉兴南站
TRAIN	C222	C040					2026-05-01T20:20:00	2026-05-02T09:00:00	中国铁路	G4910	二等座	845	9	9	秦皇岛站	北海站
TRAIN	C222	C147					2026-05-01T05:49:00	2026-05-01T12:43:00	中国铁路	G4911	二等座	460	10	10	秦皇岛站	景德镇北站
TRAIN	C222	C127					2026-05-01T07:16:00	2026-05-01T18:05:00	中国铁路	G4914	二等座	725	13	13	秦皇岛站	惠州北站
TRAIN	C222	C205					2026-05-01T08:14:00	2026-05-01T10:22:00	中国铁路	G4916	二等座	145	15	15	秦皇岛站	烟台站
TRAIN	C222	C025					2026-05-01T08:43:00	2026-05-01T19:46:00	中国铁路	G4917	二等座	740	16	16	秦皇岛站	佛山西站
TRAIN	C222	C192					2026-05-01T09:41:00	2026-05-01T17:15:00	中国铁路	G4919	二等座	510	18	18	秦皇岛站	温州南站
TRAIN	C084	C039					2026-05-01T10:10:00	2026-05-01T13:37:00	中国铁路	G4920	二等座	235	19	19	威海站	北京南站
TRAIN	C084	C005					2026-05-01T10:39:00	2026-05-01T14:50:00	中国铁路	G4921	二等座	285	20	20	威海站	上海虹桥站
TRAIN	C084	C082					2026-05-01T11:08:00	2026-05-01T14:02:00	中国铁路	G4922	二等座	200	21	21	威海站	天津西站
TRAIN	C084	C272					2026-05-01T11:37:00	2026-05-01T21:07:00	中国铁路	G4923	二等座	645	22	22	威海站	重庆北站
TRAIN	C084	C220					2026-05-01T12:06:00	2026-05-01T16:08:00	中国铁路	G4924	二等座	280	23	23	威海站	石家庄站
TRAIN	C084	C083					2026-05-01T12:35:00	2026-05-01T17:32:00	中国铁路	G4925	二等座	340	24	24	威海站	太原南站
TRAIN	C084	C061					2026-05-01T13:04:00	2026-05-01T18:41:00	中国铁路	G4926	二等座	385	25	25	威海站	呼和浩特东站
TRAIN	C084	C172					2026-05-01T13:33:00	2026-05-01T16:36:00	中国铁路	G4927	二等座	215	26	26	威海站	沈阳北站
TRAIN	C084	C283					2026-05-01T14:02:00	2026-05-01T18:29:00	中国铁路	G4928	二等座	310	27	27	威海站	长春西站
TRAIN	C084	C066					2026-05-01T14:31:00	2026-05-01T20:16:00	中国铁路	G4929	二等座	400	28	28	威海站	哈尔滨西站
TRAIN	C084	C042					2026-05-01T15:00:00	2026-05-01T19:04:00	中国铁路	G4930	二等座	285	29	29	威海站	南京南站
TRAIN	C084	C153					2026-05-01T15:29:00	2026-05-01T20:20:00	中国铁路	G4931	二等座	340	30	30	威海站	杭州东站
TRAIN	C084	C053					2026-05-01T15:58:00	2026-05-01T20:33:00	中国铁路	G4932	二等座	325	31	31	威海站	合肥南站
TRAIN	C084	C221					2026-05-01T16:27:00	2026-05-01T23:51:00	中国铁路	G4933	二等座	515	32	32	威海站	福州南站
TRAIN	C084	C046					2026-05-01T16:56:00	2026-05-01T23:29:00	中国铁路	G4934	二等座	460	33	33	威海站	南昌西站
TRAIN	C084	C180					2026-05-01T17:25:00	2026-05-01T20:19:00	中国铁路	G4935	二等座	215	34	34	威海站	济南西站
TRAIN	C084	C267					2026-05-01T17:54:00	2026-05-01T22:44:00	中国铁路	G4936	二等座	345	35	35	威海站	郑州东站
TRAIN	C084	C164					2026-05-01T18:23:00	2026-05-02T00:28:00	中国铁路	G4937	二等座	430	5	5	威海站	武汉站
TRAIN	C084	C284					2026-05-01T18:52:00	2026-05-02T02:29:00	中国铁路	G4938	二等座	535	6	6	威海站	长沙南站
TRAIN	C084	C112					2026-05-01T19:21:00	2026-05-02T05:29:00	中国铁路	G4939	二等座	705	7	7	威海站	广州南站
TRAIN	C084	C044					2026-05-01T19:50:00	2026-05-02T07:31:00	中国铁路	G4940	二等座	810	8	8	威海站	南宁东站
TRAIN	C084	C184					2026-05-01T20:19:00	2026-05-02T08:53:00	中国铁路	G4941	二等座	865	9	9	威海站	海口东站
TRAIN	C084	C128					2026-05-01T05:48:00	2026-05-01T16:03:00	中国铁路	G4942	二等座	715	10	10	威海站	成都东站
TRAIN	C084	C249					2026-05-01T06:17:00	2026-05-01T16:52:00	中国铁路	G4943	二等座	735	11	11	威海站	贵阳北站
TRAIN	C084	C142					2026-05-01T06:46:00	2026-05-01T19:33:00	中国铁路	G4944	二等座	885	12	12	威海站	昆明南站
TRAIN	C084	C133					2026-05-01T07:15:00	2026-05-01T23:42:00	中国铁路	G4945	二等座	1130	13	13	威海站	拉萨站
TRAIN	C084	C246					2026-05-01T07:44:00	2026-05-01T14:48:00	中国铁路	G4946	二等座	505	14	14	威海站	西安北站
TRAIN	C084	C034					2026-05-01T08:13:00	2026-05-01T17:25:00	中国铁路	G4947	二等座	650	15	15	威海站	兰州西站
TRAIN	C084	C245					2026-05-01T08:42:00	2026-05-01T18:49:00	中国铁路	G4948	二等座	710	16	16	威海站	西宁站
TRAIN	C084	C279					2026-05-01T09:11:00	2026-05-01T17:06:00	中国铁路	G4949	二等座	565	17	17	威海站	银川站
TRAIN	C084	C018					2026-05-01T09:40:00	2026-05-02T02:03:00	中国铁路	G4950	二等座	1130	18	18	威海站	乌鲁木齐站
TRAIN	C084	C300					2026-05-01T10:09:00	2026-05-01T20:32:00	中国铁路	G4951	二等座	730	19	19	威海站	香港西九龙站
TRAIN	C084	C190					2026-05-01T11:36:00	2026-05-01T21:53:00	中国铁路	G4954	二等座	725	22	22	威海站	深圳北站
TRAIN	C084	C050					2026-05-01T12:05:00	2026-05-01T20:33:00	中国铁路	G4955	二等座	605	23	23	威海站	厦门北站
TRAIN	C084	C297					2026-05-01T12:34:00	2026-05-01T14:11:00	中国铁路	G4956	二等座	150	24	24	威海站	青岛北站
TRAIN	C084	C080					2026-05-01T13:03:00	2026-05-01T14:20:00	中国铁路	G4957	二等座	130	25	25	威海站	大连北站
TRAIN	C084	C088					2026-05-01T13:32:00	2026-05-01T18:32:00	中国铁路	G4958	二等座	375	26	26	威海站	宁波站
TRAIN	C084	C231					2026-05-01T14:01:00	2026-05-01T18:13:00	中国铁路	G4959	二等座	325	27	27	威海站	苏州站
TRAIN	C084	C139					2026-05-01T14:30:00	2026-05-01T18:37:00	中国铁路	G4960	二等座	265	28	28	威海站	无锡站
TRAIN	C084	C158					2026-05-01T14:59:00	2026-05-02T00:52:00	中国铁路	G4961	二等座	655	29	29	威海站	桂林北站
TRAIN	C084	C002					2026-05-01T15:28:00	2026-05-02T05:09:00	中国铁路	G4962	二等座	910	30	30	威海站	三亚站
TRAIN	C084	C119					2026-05-01T15:57:00	2026-05-02T00:02:00	中国铁路	G4963	二等座	535	31	31	威海站	张家界西站
TRAIN	C084	C015					2026-05-01T16:26:00	2026-05-02T05:35:00	中国铁路	G4964	二等座	875	32	32	威海站	丽江站
TRAIN	C084	C308					2026-05-01T17:24:00	2026-05-01T22:51:00	中国铁路	G4966	二等座	360	34	34	威海站	黄山北站
TRAIN	C084	C210					2026-05-01T18:22:00	2026-05-02T04:54:00	中国铁路	G4968	二等座	705	5	5	威海站	珠海站
TRAIN	C084	C179					2026-05-01T18:51:00	2026-05-02T00:15:00	中国铁路	G4969	二等座	360	6	6	威海站	洛阳龙门站
TRAIN	C084	C077					2026-05-01T19:20:00	2026-05-02T00:08:00	中国铁路	G4970	二等座	320	7	7	威海站	大同南站
TRAIN	C084	C070					2026-05-01T20:18:00	2026-05-02T18:06:00	中国铁路	G4972	二等座	1460	9	9	威海站	喀什站
TRAIN	C084	C056					2026-05-01T05:47:00	2026-05-01T21:28:00	中国铁路	G4973	二等座	1055	10	10	威海站	吐鲁番北站
TRAIN	C084	C292					2026-05-01T06:16:00	2026-05-01T22:41:00	中国铁路	G4974	二等座	1105	11	11	威海站	阿勒泰站
TRAIN	C084	C222					2026-05-01T06:45:00	2026-05-01T09:02:00	中国铁路	G4975	二等座	160	12	12	威海站	秦皇岛站
TRAIN	C084	C176					2026-05-01T07:43:00	2026-05-01T15:53:00	中国铁路	G4977	二等座	555	14	14	威海站	泉州站
TRAIN	C084	C129					2026-05-01T08:12:00	2026-05-01T11:57:00	中国铁路	G4978	二等座	260	15	15	威海站	扬州东站
TRAIN	C084	C071					2026-05-01T08:41:00	2026-05-01T13:12:00	中国铁路	G4979	二等座	310	16	16	威海站	嘉兴南站
TRAIN	C084	C040					2026-05-01T09:10:00	2026-05-01T21:17:00	中国铁路	G4980	二等座	820	17	17	威海站	北海站
TRAIN	C084	C147					2026-05-01T09:39:00	2026-05-01T15:34:00	中国铁路	G4981	二等座	410	18	18	威海站	景德镇北站
TRAIN	C084	C127					2026-05-01T11:06:00	2026-05-01T20:59:00	中国铁路	G4984	二等座	675	21	21	威海站	惠州北站
TRAIN	C084	C205					2026-05-01T12:04:00	2026-05-01T12:48:00	中国铁路	G4986	二等座	65	23	23	威海站	烟台站
TRAIN	C084	C025					2026-05-01T12:33:00	2026-05-01T22:47:00	中国铁路	G4987	二等座	700	24	24	威海站	佛山西站
TRAIN	C084	C192					2026-05-01T13:31:00	2026-05-01T19:40:00	中国铁路	G4989	二等座	430	26	26	威海站	温州南站
TRAIN	C176	C039					2026-05-01T14:00:00	2026-05-01T23:28:00	中国铁路	G4990	二等座	655	27	27	泉州站	北京南站
TRAIN	C176	C005					2026-05-01T14:29:00	2026-05-01T18:59:00	中国铁路	G4991	二等座	320	28	28	泉州站	上海虹桥站
TRAIN	C176	C082					2026-05-01T14:58:00	2026-05-01T23:55:00	中国铁路	G4992	二等座	620	29	29	泉州站	天津西站
TRAIN	C176	C272					2026-05-01T15:27:00	2026-05-01T22:53:00	中国铁路	G4993	二等座	520	30	30	泉州站	重庆北站
TRAIN	C176	C220					2026-05-01T15:56:00	2026-05-02T00:30:00	中国铁路	G4994	二等座	600	31	31	泉州站	石家庄站
TRAIN	C176	C083					2026-05-01T16:25:00	2026-05-02T01:12:00	中国铁路	G4995	二等座	615	32	32	泉州站	太原南站
TRAIN	C176	C061					2026-05-01T16:54:00	2026-05-02T03:28:00	中国铁路	G4996	二等座	735	33	33	泉州站	呼和浩特东站
TRAIN	C176	C172					2026-05-01T17:23:00	2026-05-02T04:12:00	中国铁路	G4997	二等座	750	34	34	泉州站	沈阳北站
TRAIN	C176	C283					2026-05-01T17:52:00	2026-05-02T06:04:00	中国铁路	G4998	二等座	845	35	35	泉州站	长春西站
TRAIN	C176	C066					2026-05-01T18:21:00	2026-05-02T07:50:00	中国铁路	G4999	二等座	930	5	5	泉州站	哈尔滨西站
TRAIN	C176	C042					2026-05-01T18:50:00	2026-05-01T23:33:00	中国铁路	G5000	二等座	345	6	6	泉州站	南京南站
TRAIN	C176	C153					2026-05-01T19:19:00	2026-05-01T23:03:00	中国铁路	G5001	二等座	280	7	7	泉州站	杭州东站
TRAIN	C176	C053					2026-05-01T19:48:00	2026-05-02T00:26:00	中国铁路	G5002	二等座	345	8	8	泉州站	合肥南站
TRAIN	C176	C221					2026-05-01T20:17:00	2026-05-01T21:30:00	中国铁路	G5003	二等座	115	9	9	泉州站	福州南站
TRAIN	C176	C046					2026-05-01T05:46:00	2026-05-01T08:55:00	中国铁路	G5004	二等座	245	10	10	泉州站	南昌西站
TRAIN	C176	C180					2026-05-01T06:15:00	2026-05-01T13:46:00	中国铁路	G5005	二等座	540	11	11	泉州站	济南西站
TRAIN	C176	C267					2026-05-01T06:44:00	2026-05-01T13:36:00	中国铁路	G5006	二等座	495	12	12	泉州站	郑州东站
TRAIN	C176	C164					2026-05-01T07:13:00	2026-05-01T11:46:00	中国铁路	G5007	二等座	340	13	13	泉州站	武汉站
TRAIN	C176	C284					2026-05-01T07:42:00	2026-05-01T11:47:00	中国铁路	G5008	二等座	310	14	14	泉州站	长沙南站
TRAIN	C176	C112					2026-05-01T08:11:00	2026-05-01T11:44:00	中国铁路	G5009	二等座	275	15	15	泉州站	广州南站
TRAIN	C176	C044					2026-05-01T08:40:00	2026-05-01T14:51:00	中国铁路	G5010	二等座	455	16	16	泉州站	南宁东站
TRAIN	C176	C184					2026-05-01T09:09:00	2026-05-01T15:04:00	中国铁路	G5011	二等座	435	17	17	泉州站	海口东站
TRAIN	C176	C128					2026-05-01T09:38:00	2026-05-01T18:29:00	中国铁路	G5012	二等座	635	18	18	泉州站	成都东站
TRAIN	C176	C249					2026-05-01T10:07:00	2026-05-01T17:06:00	中国铁路	G5013	二等座	510	19	19	泉州站	贵阳北站
TRAIN	C176	C142					2026-05-01T10:36:00	2026-05-01T19:40:00	中国铁路	G5014	二等座	650	20	20	泉州站	昆明南站
TRAIN	C176	C133					2026-05-01T11:05:00	2026-05-02T02:21:00	中国铁路	G5015	二等座	1015	21	21	泉州站	拉萨站
TRAIN	C176	C246					2026-05-01T11:34:00	2026-05-01T19:34:00	中国铁路	G5016	二等座	525	22	22	泉州站	西安北站
TRAIN	C176	C034					2026-05-01T12:03:00	2026-05-01T22:36:00	中国铁路	G5017	二等座	700	23	23	泉州站	兰州西站
TRAIN	C176	C245					2026-05-01T12:32:00	2026-05-02T00:05:00	中国铁路	G5018	二等座	765	24	24	泉州站	西宁站
TRAIN	C176	C279					2026-05-01T13:01:00	2026-05-01T23:43:00	中国铁路	G5019	二等座	710	25	25	泉州站	银川站
TRAIN	C176	C018					2026-05-01T13:30:00	2026-05-02T08:48:00	中国铁路	G5020	二等座	1285	26	26	泉州站	乌鲁木齐站
TRAIN	C176	C300					2026-05-01T13:59:00	2026-05-01T17:18:00	中国铁路	G5021	二等座	220	27	27	泉州站	香港西九龙站
TRAIN	C176	C190					2026-05-01T15:26:00	2026-05-01T18:44:00	中国铁路	G5024	二等座	220	30	30	泉州站	深圳北站
TRAIN	C176	C050					2026-05-01T15:55:00	2026-05-01T16:44:00	中国铁路	G5025	二等座	55	31	31	泉州站	厦门北站
TRAIN	C176	C297					2026-05-01T16:24:00	2026-05-01T23:34:00	中国铁路	G5026	二等座	480	32	32	泉州站	青岛北站
TRAIN	C176	C080					2026-05-01T16:53:00	2026-05-02T01:49:00	中国铁路	G5027	二等座	600	33	33	泉州站	大连北站
TRAIN	C176	C088					2026-05-01T17:22:00	2026-05-01T21:08:00	中国铁路	G5028	二等座	255	34	34	泉州站	宁波站
TRAIN	C176	C231					2026-05-01T17:51:00	2026-05-01T22:14:00	中国铁路	G5029	二等座	300	35	35	泉州站	苏州站
TRAIN	C176	C139					2026-05-01T18:20:00	2026-05-01T22:48:00	中国铁路	G5030	二等座	305	5	5	泉州站	无锡站
TRAIN	C176	C158					2026-05-01T18:49:00	2026-05-01T23:47:00	中国铁路	G5031	二等座	340	6	6	泉州站	桂林北站
TRAIN	C176	C002					2026-05-01T19:18:00	2026-05-02T02:10:00	中国铁路	G5032	二等座	465	7	7	泉州站	三亚站
TRAIN	C176	C119					2026-05-01T19:47:00	2026-05-02T01:15:00	中国铁路	G5033	二等座	375	8	8	泉州站	张家界西站
TRAIN	C176	C015					2026-05-01T20:16:00	2026-05-02T06:40:00	中国铁路	G5034	二等座	705	9	9	泉州站	丽江站
TRAIN	C176	C308					2026-05-01T06:14:00	2026-05-01T09:33:00	中国铁路	G5036	二等座	235	11	11	泉州站	黄山北站
TRAIN	C176	C210					2026-05-01T07:12:00	2026-05-01T10:49:00	中国铁路	G5038	二等座	255	13	13	泉州站	珠海站
TRAIN	C176	C179					2026-05-01T07:41:00	2026-05-01T14:46:00	中国铁路	G5039	二等座	490	14	14	泉州站	洛阳龙门站
TRAIN	C176	C077					2026-05-01T08:10:00	2026-05-01T18:04:00	中国铁路	G5040	二等座	680	15	15	泉州站	大同南站
TRAIN	C176	C070					2026-05-01T09:08:00	2026-05-02T08:35:00	中国铁路	G5042	二等座	1590	17	17	泉州站	喀什站
TRAIN	C176	C056					2026-05-01T09:37:00	2026-05-02T04:04:00	中国铁路	G5043	二等座	1255	18	18	泉州站	吐鲁番北站
TRAIN	C176	C292					2026-05-01T10:06:00	2026-05-02T06:24:00	中国铁路	G5044	二等座	1380	19	19	泉州站	阿勒泰站
TRAIN	C176	C222					2026-05-01T10:35:00	2026-05-01T20:01:00	中国铁路	G5045	二等座	650	20	20	泉州站	秦皇岛站
TRAIN	C176	C084					2026-05-01T11:04:00	2026-05-01T19:14:00	中国铁路	G5046	二等座	570	21	21	泉州站	威海站
TRAIN	C176	C129					2026-05-01T12:02:00	2026-05-01T16:58:00	中国铁路	G5048	二等座	355	23	23	泉州站	扬州东站
TRAIN	C176	C071					2026-05-01T12:31:00	2026-05-01T16:37:00	中国铁路	G5049	二等座	300	24	24	泉州站	嘉兴南站
TRAIN	C176	C040					2026-05-01T13:00:00	2026-05-01T19:02:00	中国铁路	G5050	二等座	430	25	25	泉州站	北海站
TRAIN	C176	C147					2026-05-01T13:29:00	2026-05-01T16:39:00	中国铁路	G5051	二等座	240	26	26	泉州站	景德镇北站
TRAIN	C176	C127					2026-05-01T14:56:00	2026-05-01T17:54:00	中国铁路	G5054	二等座	230	29	29	泉州站	惠州北站
TRAIN	C176	C205					2026-05-01T15:54:00	2026-05-01T23:59:00	中国铁路	G5056	二等座	570	31	31	泉州站	烟台站
TRAIN	C176	C025					2026-05-01T16:23:00	2026-05-01T20:02:00	中国铁路	G5057	二等座	275	32	32	泉州站	佛山西站
TRAIN	C176	C192					2026-05-01T17:21:00	2026-05-01T19:55:00	中国铁路	G5059	二等座	205	34	34	泉州站	温州南站
TRAIN	C129	C039					2026-05-01T17:50:00	2026-05-01T22:58:00	中国铁路	G5060	二等座	380	35	35	扬州东站	北京南站
TRAIN	C129	C005					2026-05-01T18:19:00	2026-05-01T19:59:00	中国铁路	G5061	二等座	150	5	5	扬州东站	上海虹桥站
TRAIN	C129	C082					2026-05-01T18:48:00	2026-05-01T23:21:00	中国铁路	G5062	二等座	340	6	6	扬州东站	天津西站
TRAIN	C129	C272					2026-05-01T19:17:00	2026-05-02T02:30:00	中国铁路	G5063	二等座	520	7	7	扬州东站	重庆北站
TRAIN	C129	C220					2026-05-01T19:46:00	2026-05-02T00:19:00	中国铁路	G5064	二等座	345	8	8	扬州东站	石家庄站
TRAIN	C129	C083					2026-05-01T20:15:00	2026-05-02T01:21:00	中国铁路	G5065	二等座	380	9	9	扬州东站	太原南站
TRAIN	C129	C061					2026-05-01T05:44:00	2026-05-01T12:24:00	中国铁路	G5066	二等座	485	10	10	扬州东站	呼和浩特东站
TRAIN	C129	C172					2026-05-01T06:13:00	2026-05-01T12:34:00	中国铁路	G5067	二等座	470	11	11	扬州东站	沈阳北站
TRAIN	C129	C283					2026-05-01T06:42:00	2026-05-01T14:29:00	中国铁路	G5068	二等座	565	12	12	扬州东站	长春西站
TRAIN	C129	C066					2026-05-01T07:11:00	2026-05-01T16:16:00	中国铁路	G5069	二等座	650	13	13	扬州东站	哈尔滨西站
TRAIN	C129	C042					2026-05-01T07:40:00	2026-05-01T08:27:00	中国铁路	G5070	二等座	45	14	14	扬州东站	南京南站
TRAIN	C129	C153					2026-05-01T08:09:00	2026-05-01T09:53:00	中国铁路	G5071	二等座	105	15	15	扬州东站	杭州东站
TRAIN	C129	C053					2026-05-01T08:38:00	2026-05-01T10:13:00	中国铁路	G5072	二等座	100	16	16	扬州东站	合肥南站
TRAIN	C129	C221					2026-05-01T09:07:00	2026-05-01T13:18:00	中国铁路	G5073	二等座	275	17	17	扬州东站	福州南站
TRAIN	C129	C046					2026-05-01T09:36:00	2026-05-01T12:54:00	中国铁路	G5074	二等座	215	18	18	扬州东站	南昌西站
TRAIN	C129	C180					2026-05-01T10:05:00	2026-05-01T13:19:00	中国铁路	G5075	二等座	210	19	19	扬州东站	济南西站
TRAIN	C129	C267					2026-05-01T10:34:00	2026-05-01T14:12:00	中国铁路	G5076	二等座	240	20	20	扬州东站	郑州东站
TRAIN	C129	C164					2026-05-01T11:03:00	2026-05-01T14:17:00	中国铁路	G5077	二等座	215	21	21	扬州东站	武汉站
TRAIN	C129	C284					2026-05-01T11:32:00	2026-05-01T16:07:00	中国铁路	G5078	二等座	305	22	22	扬州东站	长沙南站
TRAIN	C129	C112					2026-05-01T12:01:00	2026-05-01T18:51:00	中国铁路	G5079	二等座	455	23	23	扬州东站	广州南站
TRAIN	C129	C044					2026-05-01T12:30:00	2026-05-01T21:06:00	中国铁路	G5080	二等座	575	24	24	扬州东站	南宁东站
TRAIN	C129	C184					2026-05-01T12:59:00	2026-05-01T22:17:00	中国铁路	G5081	二等座	625	25	25	扬州东站	海口东站
TRAIN	C129	C128					2026-05-01T13:28:00	2026-05-01T21:47:00	中国铁路	G5082	二等座	560	26	26	扬州东站	成都东站
TRAIN	C129	C249					2026-05-01T13:57:00	2026-05-01T21:51:00	中国铁路	G5083	二等座	530	27	27	扬州东站	贵阳北站
TRAIN	C129	C142					2026-05-01T14:26:00	2026-05-02T00:38:00	中国铁路	G5084	二等座	685	28	28	扬州东站	昆明南站
TRAIN	C129	C133					2026-05-01T14:55:00	2026-05-02T05:51:00	中国铁路	G5085	二等座	1005	29	29	扬州东站	拉萨站
TRAIN	C129	C246					2026-05-01T15:24:00	2026-05-01T21:10:00	中国铁路	G5086	二等座	395	30	30	扬州东站	西安北站
TRAIN	C129	C034					2026-05-01T15:53:00	2026-05-02T00:18:00	中国铁路	G5087	二等座	570	31	31	扬州东站	兰州西站
TRAIN	C129	C245					2026-05-01T16:22:00	2026-05-02T01:49:00	中国铁路	G5088	二等座	640	32	32	扬州东站	西宁站
TRAIN	C129	C279					2026-05-01T16:51:00	2026-05-02T00:39:00	中国铁路	G5089	二等座	530	33	33	扬州东站	银川站
TRAIN	C129	C018					2026-05-01T17:20:00	2026-05-02T10:04:00	中国铁路	G5090	二等座	1130	34	34	扬州东站	乌鲁木齐站
TRAIN	C129	C300					2026-05-01T17:49:00	2026-05-02T00:52:00	中国铁路	G5091	二等座	485	35	35	扬州东站	香港西九龙站
TRAIN	C129	C190					2026-05-01T19:16:00	2026-05-02T02:13:00	中国铁路	G5094	二等座	480	7	7	扬州东站	深圳北站
TRAIN	C129	C050					2026-05-01T19:45:00	2026-05-02T00:57:00	中国铁路	G5095	二等座	365	8	8	扬州东站	厦门北站
TRAIN	C129	C297					2026-05-01T20:14:00	2026-05-01T22:54:00	中国铁路	G5096	二等座	195	9	9	扬州东站	青岛北站
TRAIN	C129	C080					2026-05-01T05:43:00	2026-05-01T10:10:00	中国铁路	G5097	二等座	315	10	10	扬州东站	大连北站
TRAIN	C129	C088					2026-05-01T06:12:00	2026-05-01T08:29:00	中国铁路	G5098	二等座	170	11	11	扬州东站	宁波站
TRAIN	C129	C231					2026-05-01T06:41:00	2026-05-01T07:59:00	中国铁路	G5099	二等座	105	12	12	扬州东站	苏州站
TRAIN	C129	C139					2026-05-01T07:10:00	2026-05-01T08:17:00	中国铁路	G5100	二等座	95	13	13	扬州东站	无锡站
TRAIN	C129	C158					2026-05-01T07:39:00	2026-05-01T14:28:00	中国铁路	G5101	二等座	475	14	14	扬州东站	桂林北站
TRAIN	C129	C002					2026-05-01T08:08:00	2026-05-01T18:33:00	中国铁路	G5102	二等座	720	15	15	扬州东站	三亚站
TRAIN	C129	C119					2026-05-01T08:37:00	2026-05-01T14:01:00	中国铁路	G5103	二等座	385	16	16	扬州东站	张家界西站
TRAIN	C129	C015					2026-05-01T09:06:00	2026-05-01T20:00:00	中国铁路	G5104	二等座	755	17	17	扬州东站	丽江站
TRAIN	C129	C308					2026-05-01T10:04:00	2026-05-01T12:11:00	中国铁路	G5106	二等座	165	19	19	扬州东站	黄山北站
TRAIN	C129	C210					2026-05-01T11:02:00	2026-05-01T18:15:00	中国铁路	G5108	二等座	510	21	21	扬州东站	珠海站
TRAIN	C129	C179					2026-05-01T11:31:00	2026-05-01T15:39:00	中国铁路	G5109	二等座	305	22	22	扬州东站	洛阳龙门站
TRAIN	C129	C077					2026-05-01T12:00:00	2026-05-01T17:53:00	中国铁路	G5110	二等座	425	23	23	扬州东站	大同南站
TRAIN	C129	C070					2026-05-01T12:58:00	2026-05-02T10:37:00	中国铁路	G5112	二等座	1480	25	25	扬州东站	喀什站
TRAIN	C129	C056					2026-05-01T13:27:00	2026-05-02T05:24:00	中国铁路	G5113	二等座	1100	26	26	扬州东站	吐鲁番北站
TRAIN	C129	C292					2026-05-01T13:56:00	2026-05-02T07:12:00	中国铁路	G5114	二等座	1190	27	27	扬州东站	阿勒泰站
TRAIN	C129	C222					2026-05-01T14:25:00	2026-05-01T19:21:00	中国铁路	G5115	二等座	365	28	28	扬州东站	秦皇岛站
TRAIN	C129	C084					2026-05-01T14:54:00	2026-05-01T18:39:00	中国铁路	G5116	二等座	285	29	29	扬州东站	威海站
TRAIN	C129	C176					2026-05-01T15:23:00	2026-05-01T20:19:00	中国铁路	G5117	二等座	365	30	30	扬州东站	泉州站
TRAIN	C129	C071					2026-05-01T16:21:00	2026-05-01T17:58:00	中国铁路	G5119	二等座	145	32	32	扬州东站	嘉兴南站
TRAIN	C129	C040					2026-05-01T16:50:00	2026-05-02T01:46:00	中国铁路	G5120	二等座	640	33	33	扬州东站	北海站
TRAIN	C129	C147					2026-05-01T17:19:00	2026-05-01T19:55:00	中国铁路	G5121	二等座	215	34	34	扬州东站	景德镇北站
TRAIN	C129	C127					2026-05-01T18:46:00	2026-05-02T01:20:00	中国铁路	G5124	二等座	485	6	6	扬州东站	惠州北站
TRAIN	C129	C205					2026-05-01T19:44:00	2026-05-01T23:20:00	中国铁路	G5126	二等座	235	8	8	扬州东站	烟台站
TRAIN	C129	C025					2026-05-01T20:13:00	2026-05-02T03:09:00	中国铁路	G5127	二等座	455	9	9	扬州东站	佛山西站
TRAIN	C129	C192					2026-05-01T06:11:00	2026-05-01T09:18:00	中国铁路	G5129	二等座	205	11	11	扬州东站	温州南站
TRAIN	C071	C039					2026-05-01T06:40:00	2026-05-01T12:57:00	中国铁路	G5130	二等座	415	12	12	嘉兴南站	北京南站
TRAIN	C071	C005					2026-05-01T07:09:00	2026-05-01T08:02:00	中国铁路	G5131	二等座	55	13	13	嘉兴南站	上海虹桥站
TRAIN	C071	C082					2026-05-01T07:38:00	2026-05-01T13:20:00	中国铁路	G5132	二等座	380	14	14	嘉兴南站	天津西站
TRAIN	C071	C272					2026-05-01T08:07:00	2026-05-01T15:54:00	中国铁路	G5133	二等座	520	15	15	嘉兴南站	重庆北站
TRAIN	C071	C220					2026-05-01T08:36:00	2026-05-01T14:21:00	中国铁路	G5134	二等座	385	16	16	嘉兴南站	石家庄站
TRAIN	C071	C083					2026-05-01T09:05:00	2026-05-01T15:22:00	中国铁路	G5135	二等座	420	17	17	嘉兴南站	太原南站
TRAIN	C071	C061					2026-05-01T09:34:00	2026-05-01T17:25:00	中国铁路	G5136	二等座	525	18	18	嘉兴南站	呼和浩特东站
TRAIN	C071	C172					2026-05-01T10:03:00	2026-05-01T17:12:00	中国铁路	G5137	二等座	480	19	19	嘉兴南站	沈阳北站
TRAIN	C071	C283					2026-05-01T10:32:00	2026-05-01T19:03:00	中国铁路	G5138	二等座	575	20	20	嘉兴南站	长春西站
TRAIN	C071	C066					2026-05-01T11:01:00	2026-05-01T20:49:00	中国铁路	G5139	二等座	660	21	21	嘉兴南站	哈尔滨西站
TRAIN	C071	C042					2026-05-01T11:30:00	2026-05-01T13:11:00	中国铁路	G5140	二等座	120	22	22	嘉兴南站	南京南站
TRAIN	C071	C153					2026-05-01T11:59:00	2026-05-01T12:50:00	中国铁路	G5141	二等座	60	23	23	嘉兴南站	杭州东站
TRAIN	C071	C053					2026-05-01T12:28:00	2026-05-01T14:48:00	中国铁路	G5142	二等座	165	24	24	嘉兴南站	合肥南站
TRAIN	C071	C221					2026-05-01T12:57:00	2026-05-01T16:16:00	中国铁路	G5143	二等座	230	25	25	嘉兴南站	福州南站
TRAIN	C071	C046					2026-05-01T13:26:00	2026-05-01T16:41:00	中国铁路	G5144	二等座	225	26	26	嘉兴南站	南昌西站
TRAIN	C071	C180					2026-05-01T13:55:00	2026-05-01T18:20:00	中国铁路	G5145	二等座	305	27	27	嘉兴南站	济南西站
TRAIN	C071	C267					2026-05-01T14:24:00	2026-05-01T19:07:00	中国铁路	G5146	二等座	325	28	28	嘉兴南站	郑州东站
TRAIN	C071	C164					2026-05-01T14:53:00	2026-05-01T18:37:00	中国铁路	G5147	二等座	260	29	29	嘉兴南站	武汉站
TRAIN	C071	C284					2026-05-01T15:22:00	2026-05-01T20:07:00	中国铁路	G5148	二等座	330	30	30	嘉兴南站	长沙南站
TRAIN	C071	C112					2026-05-01T15:51:00	2026-05-01T22:19:00	中国铁路	G5149	二等座	450	31	31	嘉兴南站	广州南站
TRAIN	C071	C044					2026-05-01T16:20:00	2026-05-02T00:53:00	中国铁路	G5150	二等座	585	32	32	嘉兴南站	南宁东站
TRAIN	C071	C184					2026-05-01T16:49:00	2026-05-02T01:48:00	中国铁路	G5151	二等座	615	33	33	嘉兴南站	海口东站
TRAIN	C071	C128					2026-05-01T17:18:00	2026-05-02T02:18:00	中国铁路	G5152	二等座	620	34	34	嘉兴南站	成都东站
TRAIN	C071	C249					2026-05-01T17:47:00	2026-05-02T02:00:00	中国铁路	G5153	二等座	570	35	35	嘉兴南站	贵阳北站
TRAIN	C071	C142					2026-05-01T18:16:00	2026-05-02T04:48:00	中国铁路	G5154	二等座	725	5	5	嘉兴南站	昆明南站
TRAIN	C071	C133					2026-05-01T18:45:00	2026-05-02T10:26:00	中国铁路	G5155	二等座	1070	6	6	嘉兴南站	拉萨站
TRAIN	C071	C246					2026-05-01T19:14:00	2026-05-02T01:59:00	中国铁路	G5156	二等座	475	7	7	嘉兴南站	西安北站
TRAIN	C071	C034					2026-05-01T19:43:00	2026-05-02T05:09:00	中国铁路	G5157	二等座	655	8	8	嘉兴南站	兰州西站
TRAIN	C071	C245					2026-05-01T20:12:00	2026-05-02T06:40:00	中国铁路	G5158	二等座	725	9	9	嘉兴南站	西宁站
TRAIN	C071	C279					2026-05-01T05:41:00	2026-05-01T14:36:00	中国铁路	G5159	二等座	620	10	10	嘉兴南站	银川站
TRAIN	C071	C018					2026-05-01T06:10:00	2026-05-02T00:01:00	中国铁路	G5160	二等座	1220	11	11	嘉兴南站	乌鲁木齐站
TRAIN	C071	C300					2026-05-01T06:39:00	2026-05-01T13:13:00	中国铁路	G5161	二等座	465	12	12	嘉兴南站	香港西九龙站
TRAIN	C071	C190					2026-05-01T08:06:00	2026-05-01T14:35:00	中国铁路	G5164	二等座	465	15	15	嘉兴南站	深圳北站
TRAIN	C071	C050					2026-05-01T08:35:00	2026-05-01T13:00:00	中国铁路	G5165	二等座	325	16	16	嘉兴南站	厦门北站
TRAIN	C071	C297					2026-05-01T09:04:00	2026-05-01T12:40:00	中国铁路	G5166	二等座	270	17	17	嘉兴南站	青岛北站
TRAIN	C071	C080					2026-05-01T09:33:00	2026-05-01T14:52:00	中国铁路	G5167	二等座	390	18	18	嘉兴南站	大连北站
TRAIN	C071	C088					2026-05-01T10:02:00	2026-05-01T11:07:00	中国铁路	G5168	二等座	105	19	19	嘉兴南站	宁波站
TRAIN	C071	C231					2026-05-01T10:31:00	2026-05-01T11:16:00	中国铁路	G5169	二等座	85	20	20	嘉兴南站	苏州站
TRAIN	C071	C139					2026-05-01T11:00:00	2026-05-01T11:55:00	中国铁路	G5170	二等座	95	21	21	嘉兴南站	无锡站
TRAIN	C071	C158					2026-05-01T11:29:00	2026-05-01T18:19:00	中国铁路	G5171	二等座	495	22	22	嘉兴南站	桂林北站
TRAIN	C071	C002					2026-05-01T11:58:00	2026-05-01T22:02:00	中国铁路	G5172	二等座	710	23	23	嘉兴南站	三亚站
TRAIN	C071	C119					2026-05-01T12:27:00	2026-05-01T18:17:00	中国铁路	G5173	二等座	430	24	24	嘉兴南站	张家界西站
TRAIN	C071	C015					2026-05-01T12:56:00	2026-05-02T00:20:00	中国铁路	G5174	二等座	805	25	25	嘉兴南站	丽江站
TRAIN	C071	C308					2026-05-01T13:54:00	2026-05-01T15:43:00	中国铁路	G5176	二等座	160	27	27	嘉兴南站	黄山北站
TRAIN	C071	C210					2026-05-01T14:52:00	2026-05-01T21:38:00	中国铁路	G5178	二等座	495	29	29	嘉兴南站	珠海站
TRAIN	C071	C179					2026-05-01T15:21:00	2026-05-01T20:33:00	中国铁路	G5179	二等座	390	30	30	嘉兴南站	洛阳龙门站
TRAIN	C071	C077					2026-05-01T15:50:00	2026-05-01T22:54:00	中国铁路	G5180	二等座	465	31	31	嘉兴南站	大同南站
TRAIN	C071	C070					2026-05-01T16:48:00	2026-05-02T15:29:00	中国铁路	G5182	二等座	1510	33	33	嘉兴南站	喀什站
TRAIN	C071	C056					2026-05-01T17:17:00	2026-05-02T10:20:00	中国铁路	G5183	二等座	1135	34	34	嘉兴南站	吐鲁番北站
TRAIN	C071	C292					2026-05-01T17:46:00	2026-05-02T12:12:00	中国铁路	G5184	二等座	1230	35	35	嘉兴南站	阿勒泰站
TRAIN	C071	C222					2026-05-01T18:15:00	2026-05-02T00:11:00	中国铁路	G5185	二等座	395	5	5	嘉兴南站	秦皇岛站
TRAIN	C071	C084					2026-05-01T18:44:00	2026-05-01T23:15:00	中国铁路	G5186	二等座	300	6	6	嘉兴南站	威海站
TRAIN	C071	C176					2026-05-01T19:13:00	2026-05-01T23:19:00	中国铁路	G5187	二等座	270	7	7	嘉兴南站	泉州站
TRAIN	C071	C129					2026-05-01T19:42:00	2026-05-01T21:19:00	中国铁路	G5188	二等座	105	8	8	嘉兴南站	扬州东站
TRAIN	C071	C040					2026-05-01T05:40:00	2026-05-01T14:25:00	中国铁路	G5190	二等座	585	10	10	嘉兴南站	北海站
TRAIN	C071	C147					2026-05-01T06:09:00	2026-05-01T08:37:00	中国铁路	G5191	二等座	165	11	11	嘉兴南站	景德镇北站
TRAIN	C071	C127					2026-05-01T07:36:00	2026-05-01T13:42:00	中国铁路	G5194	二等座	410	14	14	嘉兴南站	惠州北站
TRAIN	C071	C205					2026-05-01T08:34:00	2026-05-01T13:01:00	中国铁路	G5196	二等座	305	16	16	嘉兴南站	烟台站
TRAIN	C071	C025					2026-05-01T09:03:00	2026-05-01T15:37:00	中国铁路	G5197	二等座	445	17	17	嘉兴南站	佛山西站
TRAIN	C071	C192					2026-05-01T10:01:00	2026-05-01T12:05:00	中国铁路	G5199	二等座	145	19	19	嘉兴南站	温州南站
TRAIN	C040	C039					2026-05-01T10:30:00	2026-05-01T22:32:00	中国铁路	G5200	二等座	815	20	20	北海站	北京南站
TRAIN	C040	C005					2026-05-01T10:59:00	2026-05-01T20:12:00	中国铁路	G5201	二等座	630	21	21	北海站	上海虹桥站
TRAIN	C040	C082					2026-05-01T11:28:00	2026-05-01T23:11:00	中国铁路	G5202	二等座	795	22	22	北海站	天津西站
TRAIN	C040	C272					2026-05-01T11:57:00	2026-05-01T17:23:00	中国铁路	G5203	二等座	375	23	23	北海站	重庆北站
TRAIN	C040	C220					2026-05-01T12:26:00	2026-05-01T23:08:00	中国铁路	G5204	二等座	730	24	24	北海站	石家庄站
TRAIN	C040	C083					2026-05-01T12:55:00	2026-05-01T23:17:00	中国铁路	G5205	二等座	710	25	25	北海站	太原南站
TRAIN	C040	C061					2026-05-01T13:24:00	2026-05-02T01:28:00	中国铁路	G5206	二等座	825	26	26	北海站	呼和浩特东站
TRAIN	C040	C172					2026-05-01T13:53:00	2026-05-02T04:25:00	中国铁路	G5207	二等座	990	27	27	北海站	沈阳北站
TRAIN	C040	C283					2026-05-01T14:22:00	2026-05-02T06:22:00	中国铁路	G5208	二等座	1090	28	28	北海站	长春西站
TRAIN	C040	C066					2026-05-01T14:51:00	2026-05-02T08:06:00	中国铁路	G5209	二等座	1175	29	29	北海站	哈尔滨西站
TRAIN	C040	C042					2026-05-01T15:20:00	2026-05-01T23:54:00	中国铁路	G5210	二等座	595	30	30	北海站	南京南站
TRAIN	C040	C153					2026-05-01T15:49:00	2026-05-02T00:09:00	中国铁路	G5211	二等座	580	31	31	北海站	杭州东站
TRAIN	C040	C053					2026-05-01T16:18:00	2026-05-02T00:16:00	中国铁路	G5212	二等座	555	32	32	北海站	合肥南站
TRAIN	C040	C221					2026-05-01T16:47:00	2026-05-01T23:24:00	中国铁路	G5213	二等座	465	33	33	北海站	福州南站
TRAIN	C040	C046					2026-05-01T17:16:00	2026-05-01T23:19:00	中国铁路	G5214	二等座	430	34	34	北海站	南昌西站
TRAIN	C040	C180					2026-05-01T17:45:00	2026-05-02T04:08:00	中国铁路	G5215	二等座	720	35	35	北海站	济南西站
TRAIN	C040	C267					2026-05-01T18:14:00	2026-05-02T02:56:00	中国铁路	G5216	二等座	610	5	5	北海站	郑州东站
TRAIN	C040	C164					2026-05-01T18:43:00	2026-05-02T01:15:00	中国铁路	G5217	二等座	465	6	6	北海站	武汉站
TRAIN	C040	C284					2026-05-01T19:12:00	2026-05-02T00:09:00	中国铁路	G5218	二等座	360	7	7	北海站	长沙南站
TRAIN	C040	C112					2026-05-01T19:41:00	2026-05-01T22:36:00	中国铁路	G5219	二等座	225	8	8	北海站	广州南站
TRAIN	C040	C044					2026-05-01T20:10:00	2026-05-01T21:29:00	中国铁路	G5220	二等座	120	9	9	北海站	南宁东站
TRAIN	C040	C184					2026-05-01T05:39:00	2026-05-01T07:07:00	中国铁路	G5221	二等座	130	10	10	北海站	海口东站
TRAIN	C040	C128					2026-05-01T06:08:00	2026-05-01T12:37:00	中国铁路	G5222	二等座	465	11	11	北海站	成都东站
TRAIN	C040	C249					2026-05-01T06:37:00	2026-05-01T10:25:00	中国铁路	G5223	二等座	285	12	12	北海站	贵阳北站
TRAIN	C040	C142					2026-05-01T07:06:00	2026-05-01T11:38:00	中国铁路	G5224	二等座	335	13	13	北海站	昆明南站
TRAIN	C040	C133					2026-05-01T07:35:00	2026-05-01T18:49:00	中国铁路	G5225	二等座	790	14	14	北海站	拉萨站
TRAIN	C040	C246					2026-05-01T08:04:00	2026-05-01T16:10:00	中国铁路	G5226	二等座	580	15	15	北海站	西安北站
TRAIN	C040	C034					2026-05-01T08:33:00	2026-05-01T18:07:00	中国铁路	G5227	二等座	675	16	16	北海站	兰州西站
TRAIN	C040	C245					2026-05-01T09:02:00	2026-05-01T19:16:00	中国铁路	G5228	二等座	725	17	17	北海站	西宁站
TRAIN	C040	C279					2026-05-01T09:31:00	2026-05-01T20:13:00	中国铁路	G5229	二等座	755	18	18	北海站	银川站
TRAIN	C040	C018					2026-05-01T10:00:00	2026-05-02T03:30:00	中国铁路	G5230	二等座	1210	19	19	北海站	乌鲁木齐站
TRAIN	C040	C300					2026-05-01T10:29:00	2026-05-01T13:45:00	中国铁路	G5231	二等座	260	20	20	北海站	香港西九龙站
TRAIN	C040	C190					2026-05-01T11:56:00	2026-05-01T15:10:00	中国铁路	G5234	二等座	260	23	23	北海站	深圳北站
TRAIN	C040	C050					2026-05-01T12:25:00	2026-05-01T18:05:00	中国铁路	G5235	二等座	370	24	24	北海站	厦门北站
TRAIN	C040	C297					2026-05-01T12:54:00	2026-05-01T23:50:00	中国铁路	G5236	二等座	725	25	25	北海站	青岛北站
TRAIN	C040	C080					2026-05-01T13:23:00	2026-05-02T02:02:00	中国铁路	G5237	二等座	840	26	26	北海站	大连北站
TRAIN	C040	C088					2026-05-01T13:52:00	2026-05-01T22:38:00	中国铁路	G5238	二等座	580	27	27	北海站	宁波站
TRAIN	C040	C231					2026-05-01T14:21:00	2026-05-01T23:15:00	中国铁路	G5239	二等座	590	28	28	北海站	苏州站
TRAIN	C040	C139					2026-05-01T14:50:00	2026-05-01T23:42:00	中国铁路	G5240	二等座	590	29	29	北海站	无锡站
TRAIN	C040	C158					2026-05-01T15:19:00	2026-05-01T18:05:00	中国铁路	G5241	二等座	180	30	30	北海站	桂林北站
TRAIN	C040	C002					2026-05-01T15:48:00	2026-05-01T18:10:00	中国铁路	G5242	二等座	155	31	31	北海站	三亚站
TRAIN	C040	C119					2026-05-01T16:17:00	2026-05-01T21:20:00	中国铁路	G5243	二等座	335	32	32	北海站	张家界西站
TRAIN	C040	C015					2026-05-01T16:46:00	2026-05-01T23:00:00	中国铁路	G5244	二等座	415	33	33	北海站	丽江站
TRAIN	C040	C308					2026-05-01T17:44:00	2026-05-02T01:08:00	中国铁路	G5246	二等座	495	35	35	北海站	黄山北站
TRAIN	C040	C210					2026-05-01T18:42:00	2026-05-01T21:38:00	中国铁路	G5248	二等座	200	6	6	北海站	珠海站
TRAIN	C040	C179					2026-05-01T19:11:00	2026-05-02T03:39:00	中国铁路	G5249	二等座	570	7	7	北海站	洛阳龙门站
TRAIN	C040	C077					2026-05-01T19:40:00	2026-05-02T07:24:00	中国铁路	G5250	二等座	790	8	8	北海站	大同南站
TRAIN	C040	C070					2026-05-01T05:38:00	2026-05-02T02:03:00	中国铁路	G5252	二等座	1375	10	10	北海站	喀什站
TRAIN	C040	C056					2026-05-01T06:07:00	2026-05-01T22:46:00	中国铁路	G5253	二等座	1125	11	11	北海站	吐鲁番北站
TRAIN	C040	C292					2026-05-01T06:36:00	2026-05-02T01:43:00	中国铁路	G5254	二等座	1290	12	12	北海站	阿勒泰站
TRAIN	C040	C222					2026-05-01T07:05:00	2026-05-01T19:45:00	中国铁路	G5255	二等座	860	13	13	北海站	秦皇岛站
TRAIN	C040	C084					2026-05-01T07:34:00	2026-05-01T19:41:00	中国铁路	G5256	二等座	825	14	14	北海站	威海站
TRAIN	C040	C176					2026-05-01T08:03:00	2026-05-01T14:05:00	中国铁路	G5257	二等座	415	15	15	北海站	泉州站
TRAIN	C040	C129					2026-05-01T08:32:00	2026-05-01T17:28:00	中国铁路	G5258	二等座	610	16	16	北海站	扬州东站
TRAIN	C040	C071					2026-05-01T09:01:00	2026-05-01T17:46:00	中国铁路	G5259	二等座	600	17	17	北海站	嘉兴南站
TRAIN	C040	C147					2026-05-01T09:59:00	2026-05-01T16:46:00	中国铁路	G5261	二等座	470	19	19	北海站	景德镇北站
TRAIN	C040	C127					2026-05-01T11:26:00	2026-05-01T14:56:00	中国铁路	G5264	二等座	255	22	22	北海站	惠州北站
TRAIN	C040	C205					2026-05-01T12:24:00	2026-05-02T00:18:00	中国铁路	G5266	二等座	820	24	24	北海站	烟台站
TRAIN	C040	C025					2026-05-01T12:53:00	2026-05-01T15:42:00	中国铁路	G5267	二等座	210	25	25	北海站	佛山西站
TRAIN	C040	C192					2026-05-01T13:51:00	2026-05-01T21:39:00	中国铁路	G5269	二等座	545	27	27	北海站	温州南站
TRAIN	C147	C039					2026-05-01T14:20:00	2026-05-01T21:07:00	中国铁路	G5270	二等座	480	28	28	景德镇北站	北京南站
TRAIN	C147	C005					2026-05-01T14:49:00	2026-05-01T17:44:00	中国铁路	G5271	二等座	220	29	29	景德镇北站	上海虹桥站
TRAIN	C147	C082					2026-05-01T15:18:00	2026-05-01T21:35:00	中国铁路	G5272	二等座	450	30	30	景德镇北站	天津西站
TRAIN	C147	C272					2026-05-01T15:47:00	2026-05-01T21:44:00	中国铁路	G5273	二等座	425	31	31	景德镇北站	重庆北站
TRAIN	C147	C220					2026-05-01T16:16:00	2026-05-01T22:05:00	中国铁路	G5274	二等座	420	32	32	景德镇北站	石家庄站
TRAIN	C147	C083					2026-05-01T16:45:00	2026-05-01T22:48:00	中国铁路	G5275	二等座	435	33	33	景德镇北站	太原南站
TRAIN	C147	C061					2026-05-01T17:14:00	2026-05-02T01:03:00	中国铁路	G5276	二等座	555	34	34	景德镇北站	呼和浩特东站
TRAIN	C147	C172					2026-05-01T17:43:00	2026-05-02T02:13:00	中国铁路	G5277	二等座	600	35	35	景德镇北站	沈阳北站
TRAIN	C147	C283					2026-05-01T18:12:00	2026-05-02T04:08:00	中国铁路	G5278	二等座	700	5	5	景德镇北站	长春西站
TRAIN	C147	C066					2026-05-01T18:41:00	2026-05-02T05:55:00	中国铁路	G5279	二等座	785	6	6	景德镇北站	哈尔滨西站
TRAIN	C147	C042					2026-05-01T19:10:00	2026-05-01T21:27:00	中国铁路	G5280	二等座	190	7	7	景德镇北站	南京南站
TRAIN	C147	C153					2026-05-01T19:39:00	2026-05-01T21:43:00	中国铁路	G5281	二等座	175	8	8	景德镇北站	杭州东站
TRAIN	C147	C053					2026-05-01T20:08:00	2026-05-01T22:04:00	中国铁路	G5282	二等座	165	9	9	景德镇北站	合肥南站
TRAIN	C147	C221					2026-05-01T05:37:00	2026-05-01T08:15:00	中国铁路	G5283	二等座	215	10	10	景德镇北站	福州南站
TRAIN	C147	C046					2026-05-01T06:06:00	2026-05-01T07:18:00	中国铁路	G5284	二等座	120	11	11	景德镇北站	南昌西站
TRAIN	C147	C180					2026-05-01T06:35:00	2026-05-01T11:25:00	中国铁路	G5285	二等座	365	12	12	景德镇北站	济南西站
TRAIN	C147	C267					2026-05-01T07:04:00	2026-05-01T11:13:00	中国铁路	G5286	二等座	320	13	13	景德镇北站	郑州东站
TRAIN	C147	C164					2026-05-01T07:33:00	2026-05-01T09:39:00	中国铁路	G5287	二等座	185	14	14	景德镇北站	武汉站
TRAIN	C147	C284					2026-05-01T08:02:00	2026-05-01T10:45:00	中国铁路	G5288	二等座	225	15	15	景德镇北站	长沙南站
TRAIN	C147	C112					2026-05-01T08:31:00	2026-05-01T13:10:00	中国铁路	G5289	二等座	355	16	16	景德镇北站	广州南站
TRAIN	C147	C044					2026-05-01T09:00:00	2026-05-01T15:31:00	中国铁路	G5290	二等座	425	17	17	景德镇北站	南宁东站
TRAIN	C147	C184					2026-05-01T09:29:00	2026-05-01T16:35:00	中国铁路	G5291	二等座	465	18	18	景德镇北站	海口东站
TRAIN	C147	C128					2026-05-01T09:58:00	2026-05-01T17:13:00	中国铁路	G5292	二等座	480	19	19	景德镇北站	成都东站
TRAIN	C147	C249					2026-05-01T10:27:00	2026-05-01T16:39:00	中国铁路	G5293	二等座	410	20	20	景德镇北站	贵阳北站
TRAIN	C147	C142					2026-05-01T10:56:00	2026-05-01T19:27:00	中国铁路	G5294	二等座	565	21	21	景德镇北站	昆明南站
TRAIN	C147	C133					2026-05-01T11:25:00	2026-05-02T01:21:00	中国铁路	G5295	二等座	930	22	22	景德镇北站	拉萨站
TRAIN	C147	C246					2026-05-01T11:54:00	2026-05-01T17:29:00	中国铁路	G5296	二等座	370	23	23	景德镇北站	西安北站
TRAIN	C147	C034					2026-05-01T12:23:00	2026-05-01T20:38:00	中国铁路	G5297	二等座	550	24	24	景德镇北站	兰州西站
TRAIN	C147	C245					2026-05-01T12:52:00	2026-05-01T22:09:00	中国铁路	G5298	二等座	620	25	25	景德镇北站	西宁站
TRAIN	C147	C279					2026-05-01T13:21:00	2026-05-01T21:30:00	中国铁路	G5299	二等座	545	26	26	景德镇北站	银川站
TRAIN	C147	C018					2026-05-01T13:50:00	2026-05-02T06:46:00	中国铁路	G5300	二等座	1135	27	27	景德镇北站	乌鲁木齐站
TRAIN	C147	C300					2026-05-01T14:19:00	2026-05-01T19:12:00	中国铁路	G5301	二等座	330	28	28	景德镇北站	香港西九龙站
TRAIN	C147	C190					2026-05-01T15:46:00	2026-05-01T20:33:00	中国铁路	G5304	二等座	325	31	31	景德镇北站	深圳北站
TRAIN	C147	C050					2026-05-01T16:15:00	2026-05-01T19:34:00	中国铁路	G5305	二等座	225	32	32	景德镇北站	厦门北站
TRAIN	C147	C297					2026-05-01T16:44:00	2026-05-01T21:31:00	中国铁路	G5306	二等座	325	33	33	景德镇北站	青岛北站
TRAIN	C147	C080					2026-05-01T17:13:00	2026-05-01T23:48:00	中国铁路	G5307	二等座	450	34	34	景德镇北站	大连北站
TRAIN	C147	C088					2026-05-01T17:42:00	2026-05-01T20:25:00	中国铁路	G5308	二等座	190	35	35	景德镇北站	宁波站
TRAIN	C147	C231					2026-05-01T18:11:00	2026-05-01T20:44:00	中国铁路	G5309	二等座	180	5	5	景德镇北站	苏州站
TRAIN	C147	C139					2026-05-01T18:40:00	2026-05-01T21:10:00	中国铁路	G5310	二等座	180	6	6	景德镇北站	无锡站
TRAIN	C147	C158					2026-05-01T19:09:00	2026-05-01T23:56:00	中国铁路	G5311	二等座	330	7	7	景德镇北站	桂林北站
TRAIN	C147	C002					2026-05-01T19:38:00	2026-05-02T03:51:00	中国铁路	G5312	二等座	565	8	8	景德镇北站	三亚站
TRAIN	C147	C119					2026-05-01T20:07:00	2026-05-02T00:02:00	中国铁路	G5313	二等座	275	9	9	景德镇北站	张家界西站
TRAIN	C147	C015					2026-05-01T05:36:00	2026-05-01T15:04:00	中国铁路	G5314	二等座	650	10	10	景德镇北站	丽江站
TRAIN	C147	C308					2026-05-01T06:34:00	2026-05-01T07:39:00	中国铁路	G5316	二等座	90	12	12	景德镇北站	黄山北站
TRAIN	C147	C210					2026-05-01T07:32:00	2026-05-01T12:34:00	中国铁路	G5318	二等座	355	14	14	景德镇北站	珠海站
TRAIN	C147	C179					2026-05-01T08:01:00	2026-05-01T12:26:00	中国铁路	G5319	二等座	315	15	15	景德镇北站	洛阳龙门站
TRAIN	C147	C077					2026-05-01T08:30:00	2026-05-01T15:39:00	中国铁路	G5320	二等座	500	16	16	景德镇北站	大同南站
TRAIN	C147	C070					2026-05-01T09:28:00	2026-05-02T06:54:00	中国铁路	G5322	二等座	1455	18	18	景德镇北站	喀什站
TRAIN	C147	C056					2026-05-01T09:57:00	2026-05-02T02:03:00	中国铁路	G5323	二等座	1100	19	19	景德镇北站	吐鲁番北站
TRAIN	C147	C292					2026-05-01T10:26:00	2026-05-02T04:13:00	中国铁路	G5324	二等座	1215	20	20	景德镇北站	阿勒泰站
TRAIN	C147	C222					2026-05-01T10:55:00	2026-05-01T17:49:00	中国铁路	G5325	二等座	485	21	21	景德镇北站	秦皇岛站
TRAIN	C147	C084					2026-05-01T11:24:00	2026-05-01T17:19:00	中国铁路	G5326	二等座	425	22	22	景德镇北站	威海站
TRAIN	C147	C176					2026-05-01T11:53:00	2026-05-01T15:03:00	中国铁路	G5327	二等座	240	23	23	景德镇北站	泉州站
TRAIN	C147	C129					2026-05-01T12:22:00	2026-05-01T14:58:00	中国铁路	G5328	二等座	205	24	24	景德镇北站	扬州东站
TRAIN	C147	C071					2026-05-01T12:51:00	2026-05-01T15:19:00	中国铁路	G5329	二等座	195	25	25	景德镇北站	嘉兴南站
TRAIN	C147	C040					2026-05-01T13:20:00	2026-05-01T20:07:00	中国铁路	G5330	二等座	485	26	26	景德镇北站	北海站
TRAIN	C147	C127					2026-05-01T15:16:00	2026-05-01T19:39:00	中国铁路	G5334	二等座	330	30	30	景德镇北站	惠州北站
TRAIN	C147	C205					2026-05-01T16:14:00	2026-05-01T21:59:00	中国铁路	G5336	二等座	420	32	32	景德镇北站	烟台站
TRAIN	C147	C025					2026-05-01T16:43:00	2026-05-01T21:27:00	中国铁路	G5337	二等座	355	33	33	景德镇北站	佛山西站
TRAIN	C147	C192					2026-05-01T17:41:00	2026-05-01T20:05:00	中国铁路	G5339	二等座	200	35	35	景德镇北站	温州南站
TRAIN	C127	C039					2026-05-01T10:50:00	2026-05-01T21:20:00	中国铁路	G5480	二等座	720	21	21	惠州北站	北京南站
TRAIN	C127	C005					2026-05-01T11:19:00	2026-05-01T17:52:00	中国铁路	G5481	二等座	455	22	22	惠州北站	上海虹桥站
TRAIN	C127	C082					2026-05-01T11:48:00	2026-05-01T21:52:00	中国铁路	G5482	二等座	690	23	23	惠州北站	天津西站
TRAIN	C127	C272					2026-05-01T12:17:00	2026-05-01T18:25:00	中国铁路	G5483	二等座	430	24	24	惠州北站	重庆北站
TRAIN	C127	C220					2026-05-01T12:46:00	2026-05-01T22:07:00	中国铁路	G5484	二等座	645	25	25	惠州北站	石家庄站
TRAIN	C127	C083					2026-05-01T13:15:00	2026-05-01T22:33:00	中国铁路	G5485	二等座	640	26	26	惠州北站	太原南站
TRAIN	C127	C061					2026-05-01T13:44:00	2026-05-02T00:50:00	中国铁路	G5486	二等座	765	27	27	惠州北站	呼和浩特东站
TRAIN	C127	C172					2026-05-01T14:13:00	2026-05-02T02:41:00	中国铁路	G5487	二等座	855	28	28	惠州北站	沈阳北站
TRAIN	C127	C283					2026-05-01T14:42:00	2026-05-02T04:37:00	中国铁路	G5488	二等座	955	29	29	惠州北站	长春西站
TRAIN	C127	C066					2026-05-01T15:11:00	2026-05-02T06:23:00	中国铁路	G5489	二等座	1040	30	30	惠州北站	哈尔滨西站
TRAIN	C127	C042					2026-05-01T15:40:00	2026-05-01T21:55:00	中国铁路	G5490	二等座	445	31	31	惠州北站	南京南站
TRAIN	C127	C153					2026-05-01T16:09:00	2026-05-01T21:50:00	中国铁路	G5491	二等座	405	32	32	惠州北站	杭州东站
TRAIN	C127	C053					2026-05-01T16:38:00	2026-05-01T22:28:00	中国铁路	G5492	二等座	420	33	33	惠州北站	合肥南站
TRAIN	C127	C221					2026-05-01T17:07:00	2026-05-01T20:43:00	中国铁路	G5493	二等座	270	34	34	惠州北站	福州南站
TRAIN	C127	C046					2026-05-01T17:36:00	2026-05-01T21:26:00	中国铁路	G5494	二等座	285	35	35	惠州北站	南昌西站
TRAIN	C127	C180					2026-05-01T18:05:00	2026-05-02T02:43:00	中国铁路	G5495	二等座	610	5	5	惠州北站	济南西站
TRAIN	C127	C267					2026-05-01T18:34:00	2026-05-02T01:57:00	中国铁路	G5496	二等座	525	6	6	惠州北站	郑州东站
TRAIN	C127	C164					2026-05-01T19:03:00	2026-05-01T23:56:00	中国铁路	G5497	二等座	360	7	7	惠州北站	武汉站
TRAIN	C127	C284					2026-05-01T19:32:00	2026-05-01T23:07:00	中国铁路	G5498	二等座	275	8	8	惠州北站	长沙南站
TRAIN	C127	C112					2026-05-01T20:01:00	2026-05-01T21:04:00	中国铁路	G5499	二等座	105	9	9	惠州北站	广州南站
TRAIN	C127	C044					2026-05-01T05:30:00	2026-05-01T09:15:00	中国铁路	G5500	二等座	285	10	10	惠州北站	南宁东站
TRAIN	C127	C184					2026-05-01T05:59:00	2026-05-01T09:23:00	中国铁路	G5501	二等座	265	11	11	惠州北站	海口东站
TRAIN	C127	C128					2026-05-01T06:28:00	2026-05-01T13:58:00	中国铁路	G5502	二等座	540	12	12	惠州北站	成都东站
TRAIN	C127	C249					2026-05-01T06:57:00	2026-05-01T12:05:00	中国铁路	G5503	二等座	380	13	13	惠州北站	贵阳北站
TRAIN	C127	C142					2026-05-01T07:26:00	2026-05-01T14:21:00	中国铁路	G5504	二等座	500	14	14	惠州北站	昆明南站
TRAIN	C127	C133					2026-05-01T07:55:00	2026-05-01T21:21:00	中国铁路	G5505	二等座	940	15	15	惠州北站	拉萨站
TRAIN	C127	C246					2026-05-01T08:24:00	2026-05-01T16:07:00	中国铁路	G5506	二等座	560	16	16	惠州北站	西安北站
TRAIN	C127	C034					2026-05-01T08:53:00	2026-05-01T18:47:00	中国铁路	G5507	二等座	705	17	17	惠州北站	兰州西站
TRAIN	C127	C245					2026-05-01T09:22:00	2026-05-01T20:10:00	中国铁路	G5508	二等座	765	18	18	惠州北站	西宁站
TRAIN	C127	C279					2026-05-01T09:51:00	2026-05-01T20:22:00	中国铁路	G5509	二等座	750	19	19	惠州北站	银川站
TRAIN	C127	C018					2026-05-01T10:20:00	2026-05-02T04:49:00	中国铁路	G5510	二等座	1230	20	20	惠州北站	乌鲁木齐站
TRAIN	C127	C300					2026-05-01T10:49:00	2026-05-01T11:44:00	中国铁路	G5511	二等座	50	21	21	惠州北站	香港西九龙站
TRAIN	C127	C190					2026-05-01T12:16:00	2026-05-01T13:05:00	中国铁路	G5514	二等座	50	24	24	惠州北站	深圳北站
TRAIN	C127	C050					2026-05-01T12:45:00	2026-05-01T15:20:00	中国铁路	G5515	二等座	170	25	25	惠州北站	厦门北站
TRAIN	C127	C297					2026-05-01T13:14:00	2026-05-01T21:59:00	中国铁路	G5516	二等座	580	26	26	惠州北站	青岛北站
TRAIN	C127	C080					2026-05-01T13:43:00	2026-05-02T00:16:00	中国铁路	G5517	二等座	705	27	27	惠州北站	大连北站
TRAIN	C127	C088					2026-05-01T14:12:00	2026-05-01T20:10:00	中国铁路	G5518	二等座	400	28	28	惠州北站	宁波站
TRAIN	C127	C231					2026-05-01T14:41:00	2026-05-01T20:59:00	中国铁路	G5519	二等座	420	29	29	惠州北站	苏州站
TRAIN	C127	C139					2026-05-01T15:10:00	2026-05-01T21:29:00	中国铁路	G5520	二等座	425	30	30	惠州北站	无锡站
TRAIN	C127	C158					2026-05-01T15:39:00	2026-05-01T18:40:00	中国铁路	G5521	二等座	205	31	31	惠州北站	桂林北站
TRAIN	C127	C002					2026-05-01T16:08:00	2026-05-01T20:33:00	中国铁路	G5522	二等座	300	32	32	惠州北站	三亚站
TRAIN	C127	C119					2026-05-01T16:37:00	2026-05-01T21:12:00	中国铁路	G5523	二等座	310	33	33	惠州北站	张家界西站
TRAIN	C127	C015					2026-05-01T17:06:00	2026-05-02T01:31:00	中国铁路	G5524	二等座	570	34	34	惠州北站	丽江站
TRAIN	C127	C308					2026-05-01T18:04:00	2026-05-01T22:57:00	中国铁路	G5526	二等座	335	5	5	惠州北站	黄山北站
TRAIN	C127	C210					2026-05-01T19:02:00	2026-05-01T20:08:00	中国铁路	G5528	二等座	80	7	7	惠州北站	珠海站
TRAIN	C127	C179					2026-05-01T19:31:00	2026-05-02T02:53:00	中国铁路	G5529	二等座	505	8	8	惠州北站	洛阳龙门站
TRAIN	C127	C077					2026-05-01T20:00:00	2026-05-02T06:35:00	中国铁路	G5530	二等座	720	9	9	惠州北站	大同南站
TRAIN	C127	C070					2026-05-01T05:58:00	2026-05-02T04:06:00	中国铁路	G5532	二等座	1495	11	11	惠州北站	喀什站
TRAIN	C127	C056					2026-05-01T06:27:00	2026-05-02T00:05:00	中国铁路	G5533	二等座	1195	12	12	惠州北站	吐鲁番北站
TRAIN	C127	C292					2026-05-01T06:56:00	2026-05-02T02:43:00	中国铁路	G5534	二等座	1340	13	13	惠州北站	阿勒泰站
TRAIN	C127	C222					2026-05-01T07:25:00	2026-05-01T18:14:00	中国铁路	G5535	二等座	740	14	14	惠州北站	秦皇岛站
TRAIN	C127	C084					2026-05-01T07:54:00	2026-05-01T17:47:00	中国铁路	G5536	二等座	680	15	15	惠州北站	威海站
TRAIN	C127	C176					2026-05-01T08:23:00	2026-05-01T11:21:00	中国铁路	G5537	二等座	215	16	16	惠州北站	泉州站
TRAIN	C127	C129					2026-05-01T08:52:00	2026-05-01T15:26:00	中国铁路	G5538	二等座	455	17	17	惠州北站	扬州东站
TRAIN	C127	C071					2026-05-01T09:21:00	2026-05-01T15:27:00	中国铁路	G5539	二等座	425	18	18	惠州北站	嘉兴南站
TRAIN	C127	C040					2026-05-01T09:50:00	2026-05-01T13:20:00	中国铁路	G5540	二等座	255	19	19	惠州北站	北海站
TRAIN	C127	C147					2026-05-01T10:19:00	2026-05-01T14:42:00	中国铁路	G5541	二等座	315	20	20	惠州北站	景德镇北站
TRAIN	C127	C205					2026-05-01T12:44:00	2026-05-01T22:27:00	中国铁路	G5546	二等座	675	25	25	惠州北站	烟台站
TRAIN	C127	C025					2026-05-01T13:13:00	2026-05-01T14:21:00	中国铁路	G5547	二等座	105	26	26	惠州北站	佛山西站
TRAIN	C127	C192					2026-05-01T14:11:00	2026-05-01T19:04:00	中国铁路	G5549	二等座	355	28	28	惠州北站	温州南站
TRAIN	C205	C039					2026-05-01T18:30:00	2026-05-01T21:41:00	中国铁路	G5620	二等座	205	6	6	烟台站	北京南站
TRAIN	C205	C005					2026-05-01T18:59:00	2026-05-01T23:07:00	中国铁路	G5621	二等座	270	7	7	烟台站	上海虹桥站
TRAIN	C205	C082					2026-05-01T19:28:00	2026-05-01T22:06:00	中国铁路	G5622	二等座	170	8	8	烟台站	天津西站
TRAIN	C205	C272					2026-05-01T19:57:00	2026-05-02T05:09:00	中国铁路	G5623	二等座	610	9	9	烟台站	重庆北站
TRAIN	C205	C220					2026-05-01T20:26:00	2026-05-02T00:09:00	中国铁路	G5624	二等座	245	10	10	烟台站	石家庄站
TRAIN	C205	C083					2026-05-01T05:55:00	2026-05-01T10:33:00	中国铁路	G5625	二等座	305	11	11	烟台站	太原南站
TRAIN	C205	C061					2026-05-01T06:24:00	2026-05-01T11:45:00	中国铁路	G5626	二等座	355	12	12	烟台站	呼和浩特东站
TRAIN	C205	C172					2026-05-01T06:53:00	2026-05-01T10:03:00	中国铁路	G5627	二等座	210	13	13	烟台站	沈阳北站
TRAIN	C205	C283					2026-05-01T07:22:00	2026-05-01T11:58:00	中国铁路	G5628	二等座	305	14	14	烟台站	长春西站
TRAIN	C205	C066					2026-05-01T07:51:00	2026-05-01T13:45:00	中国铁路	G5629	二等座	395	15	15	烟台站	哈尔滨西站
TRAIN	C205	C042					2026-05-01T08:20:00	2026-05-01T12:14:00	中国铁路	G5630	二等座	260	16	16	烟台站	南京南站
TRAIN	C205	C153					2026-05-01T08:49:00	2026-05-01T13:35:00	中国铁路	G5631	二等座	320	17	17	烟台站	杭州东站
TRAIN	C205	C053					2026-05-01T09:18:00	2026-05-01T13:40:00	中国铁路	G5632	二等座	295	18	18	烟台站	合肥南站
TRAIN	C205	C221					2026-05-01T09:47:00	2026-05-01T17:05:00	中国铁路	G5633	二等座	490	19	19	烟台站	福州南站
TRAIN	C205	C046					2026-05-01T10:16:00	2026-05-01T16:38:00	中国铁路	G5634	二等座	430	20	20	烟台站	南昌西站
TRAIN	C205	C180					2026-05-01T10:45:00	2026-05-01T13:20:00	中国铁路	G5635	二等座	180	21	21	烟台站	济南西站
TRAIN	C205	C267					2026-05-01T11:14:00	2026-05-01T15:45:00	中国铁路	G5636	二等座	310	22	22	烟台站	郑州东站
TRAIN	C205	C164					2026-05-01T11:43:00	2026-05-01T17:33:00	中国铁路	G5637	二等座	400	23	23	烟台站	武汉站
TRAIN	C205	C284					2026-05-01T12:12:00	2026-05-01T19:35:00	中国铁路	G5638	二等座	505	24	24	烟台站	长沙南站
TRAIN	C205	C112					2026-05-01T12:41:00	2026-05-01T22:39:00	中国铁路	G5639	二等座	675	25	25	烟台站	广州南站
TRAIN	C205	C044					2026-05-01T13:10:00	2026-05-02T00:37:00	中国铁路	G5640	二等座	775	26	26	烟台站	南宁东站
TRAIN	C205	C184					2026-05-01T13:39:00	2026-05-02T02:01:00	中国铁路	G5641	二等座	840	27	27	烟台站	海口东站
TRAIN	C205	C128					2026-05-01T14:08:00	2026-05-02T00:05:00	中国铁路	G5642	二等座	680	28	28	烟台站	成都东站
TRAIN	C205	C249					2026-05-01T14:37:00	2026-05-02T00:55:00	中国铁路	G5643	二等座	705	29	29	烟台站	贵阳北站
TRAIN	C205	C142					2026-05-01T15:06:00	2026-05-02T03:36:00	中国铁路	G5644	二等座	850	30	30	烟台站	昆明南站
TRAIN	C205	C133					2026-05-01T15:35:00	2026-05-02T07:43:00	中国铁路	G5645	二等座	1095	31	31	烟台站	拉萨站
TRAIN	C205	C246					2026-05-01T16:04:00	2026-05-01T22:49:00	中国铁路	G5646	二等座	470	32	32	烟台站	西安北站
TRAIN	C205	C034					2026-05-01T16:33:00	2026-05-02T01:26:00	中国铁路	G5647	二等座	610	33	33	烟台站	兰州西站
TRAIN	C205	C245					2026-05-01T17:02:00	2026-05-02T02:50:00	中国铁路	G5648	二等座	675	34	34	烟台站	西宁站
TRAIN	C205	C279					2026-05-01T17:31:00	2026-05-02T01:07:00	中国铁路	G5649	二等座	530	35	35	烟台站	银川站
TRAIN	C205	C018					2026-05-01T18:00:00	2026-05-02T10:07:00	中国铁路	G5650	二等座	1100	5	5	烟台站	乌鲁木齐站
TRAIN	C205	C300					2026-05-01T18:29:00	2026-05-02T04:42:00	中国铁路	G5651	二等座	705	6	6	烟台站	香港西九龙站
TRAIN	C205	C190					2026-05-01T19:56:00	2026-05-02T06:03:00	中国铁路	G5654	二等座	700	9	9	烟台站	深圳北站
TRAIN	C205	C050					2026-05-01T20:25:00	2026-05-02T04:47:00	中国铁路	G5655	二等座	585	10	10	烟台站	厦门北站
TRAIN	C205	C297					2026-05-01T05:54:00	2026-05-01T07:18:00	中国铁路	G5656	二等座	120	11	11	烟台站	青岛北站
TRAIN	C205	C080					2026-05-01T06:23:00	2026-05-01T07:40:00	中国铁路	G5657	二等座	115	12	12	烟台站	大连北站
TRAIN	C205	C088					2026-05-01T06:52:00	2026-05-01T11:49:00	中国铁路	G5658	二等座	360	13	13	烟台站	宁波站
TRAIN	C205	C231					2026-05-01T07:21:00	2026-05-01T11:28:00	中国铁路	G5659	二等座	305	14	14	烟台站	苏州站
TRAIN	C205	C139					2026-05-01T07:50:00	2026-05-01T11:52:00	中国铁路	G5660	二等座	300	15	15	烟台站	无锡站
TRAIN	C205	C158					2026-05-01T08:19:00	2026-05-01T17:58:00	中国铁路	G5661	二等座	675	16	16	烟台站	桂林北站
TRAIN	C205	C002					2026-05-01T08:48:00	2026-05-01T22:18:00	中国铁路	G5662	二等座	935	17	17	烟台站	三亚站
TRAIN	C205	C119					2026-05-01T09:17:00	2026-05-01T17:06:00	中国铁路	G5663	二等座	555	18	18	烟台站	张家界西站
TRAIN	C205	C015					2026-05-01T09:46:00	2026-05-01T22:37:00	中国铁路	G5664	二等座	895	19	19	烟台站	丽江站
TRAIN	C205	C308					2026-05-01T10:44:00	2026-05-01T16:02:00	中国铁路	G5666	二等座	390	21	21	烟台站	黄山北站
TRAIN	C205	C210					2026-05-01T11:42:00	2026-05-01T22:04:00	中国铁路	G5668	二等座	730	23	23	烟台站	珠海站
TRAIN	C205	C179					2026-05-01T12:11:00	2026-05-01T17:16:00	中国铁路	G5669	二等座	380	24	24	烟台站	洛阳龙门站
TRAIN	C205	C077					2026-05-01T12:40:00	2026-05-01T17:11:00	中国铁路	G5670	二等座	345	25	25	烟台站	大同南站
TRAIN	C205	C070					2026-05-01T13:38:00	2026-05-02T11:08:00	中国铁路	G5672	二等座	1480	27	27	烟台站	喀什站
TRAIN	C205	C056					2026-05-01T14:07:00	2026-05-02T05:32:00	中国铁路	G5673	二等座	1075	28	28	烟台站	吐鲁番北站
TRAIN	C205	C292					2026-05-01T14:36:00	2026-05-02T06:46:00	中国铁路	G5674	二等座	1125	29	29	烟台站	阿勒泰站
TRAIN	C205	C222					2026-05-01T15:05:00	2026-05-01T17:13:00	中国铁路	G5675	二等座	135	30	30	烟台站	秦皇岛站
TRAIN	C205	C084					2026-05-01T15:34:00	2026-05-01T16:18:00	中国铁路	G5676	二等座	40	31	31	烟台站	威海站
TRAIN	C205	C176					2026-05-01T16:03:00	2026-05-02T00:08:00	中国铁路	G5677	二等座	535	32	32	烟台站	泉州站
TRAIN	C205	C129					2026-05-01T16:32:00	2026-05-01T20:08:00	中国铁路	G5678	二等座	235	33	33	烟台站	扬州东站
TRAIN	C205	C071					2026-05-01T17:01:00	2026-05-01T21:28:00	中国铁路	G5679	二等座	290	34	34	烟台站	嘉兴南站
TRAIN	C205	C040					2026-05-01T17:30:00	2026-05-02T05:24:00	中国铁路	G5680	二等座	790	35	35	烟台站	北海站
TRAIN	C205	C147					2026-05-01T17:59:00	2026-05-01T23:44:00	中国铁路	G5681	二等座	380	5	5	烟台站	景德镇北站
TRAIN	C205	C127					2026-05-01T19:26:00	2026-05-02T05:09:00	中国铁路	G5684	二等座	650	8	8	烟台站	惠州北站
TRAIN	C205	C025					2026-05-01T05:53:00	2026-05-01T15:56:00	中国铁路	G5687	二等座	675	11	11	烟台站	佛山西站
TRAIN	C205	C192					2026-05-01T06:51:00	2026-05-01T12:56:00	中国铁路	G5689	二等座	410	13	13	烟台站	温州南站
TRAIN	C025	C039					2026-05-01T07:20:00	2026-05-01T17:59:00	中国铁路	G5690	二等座	720	14	14	佛山西站	北京南站
TRAIN	C025	C005					2026-05-01T07:49:00	2026-05-01T14:51:00	中国铁路	G5691	二等座	475	15	15	佛山西站	上海虹桥站
TRAIN	C025	C082					2026-05-01T08:18:00	2026-05-01T18:32:00	中国铁路	G5692	二等座	695	16	16	佛山西站	天津西站
TRAIN	C025	C272					2026-05-01T08:47:00	2026-05-01T14:28:00	中国铁路	G5693	二等座	390	17	17	佛山西站	重庆北站
TRAIN	C025	C220					2026-05-01T09:16:00	2026-05-01T18:41:00	中国铁路	G5694	二等座	640	18	18	佛山西站	石家庄站
TRAIN	C025	C083					2026-05-01T09:45:00	2026-05-01T19:03:00	中国铁路	G5695	二等座	635	19	19	佛山西站	太原南站
TRAIN	C025	C061					2026-05-01T10:14:00	2026-05-01T21:20:00	中国铁路	G5696	二等座	755	20	20	佛山西站	呼和浩特东站
TRAIN	C025	C172					2026-05-01T10:43:00	2026-05-01T23:29:00	中国铁路	G5697	二等座	865	21	21	佛山西站	沈阳北站
TRAIN	C025	C283					2026-05-01T11:12:00	2026-05-02T01:26:00	中国铁路	G5698	二等座	965	22	22	佛山西站	长春西站
TRAIN	C025	C066					2026-05-01T11:41:00	2026-05-02T03:11:00	中国铁路	G5699	二等座	1050	23	23	佛山西站	哈尔滨西站
TRAIN	C025	C042					2026-05-01T12:10:00	2026-05-01T18:46:00	中国铁路	G5700	二等座	455	24	24	佛山西站	南京南站
TRAIN	C025	C153					2026-05-01T12:39:00	2026-05-01T18:48:00	中国铁路	G5701	二等座	430	25	25	佛山西站	杭州东站
TRAIN	C025	C053					2026-05-01T13:08:00	2026-05-01T19:15:00	中国铁路	G5702	二等座	425	26	26	佛山西站	合肥南站
TRAIN	C025	C221					2026-05-01T13:37:00	2026-05-01T17:52:00	中国铁路	G5703	二等座	300	27	27	佛山西站	福州南站
TRAIN	C025	C046					2026-05-01T14:06:00	2026-05-01T18:12:00	中国铁路	G5704	二等座	295	28	28	佛山西站	南昌西站
TRAIN	C025	C180					2026-05-01T14:35:00	2026-05-01T23:24:00	中国铁路	G5705	二等座	610	29	29	佛山西站	济南西站
TRAIN	C025	C267					2026-05-01T15:04:00	2026-05-01T22:30:00	中国铁路	G5706	二等座	520	30	30	佛山西站	郑州东站
TRAIN	C025	C164					2026-05-01T15:33:00	2026-05-01T20:32:00	中国铁路	G5707	二等座	355	31	31	佛山西站	武汉站
TRAIN	C025	C284					2026-05-01T16:02:00	2026-05-01T19:34:00	中国铁路	G5708	二等座	260	32	32	佛山西站	长沙南站
TRAIN	C025	C112					2026-05-01T16:31:00	2026-05-01T17:06:00	中国铁路	G5709	二等座	60	33	33	佛山西站	广州南站
TRAIN	C025	C044					2026-05-01T17:00:00	2026-05-01T20:02:00	中国铁路	G5710	二等座	230	34	34	佛山西站	南宁东站
TRAIN	C025	C184					2026-05-01T17:29:00	2026-05-01T20:19:00	中国铁路	G5711	二等座	215	35	35	佛山西站	海口东站
TRAIN	C025	C128					2026-05-01T17:58:00	2026-05-02T00:59:00	中国铁路	G5712	二等座	495	5	5	佛山西站	成都东站
TRAIN	C025	C249					2026-05-01T18:27:00	2026-05-01T23:00:00	中国铁路	G5713	二等座	335	6	6	佛山西站	贵阳北站
TRAIN	C025	C142					2026-05-01T18:56:00	2026-05-02T01:10:00	中国铁路	G5714	二等座	445	7	7	佛山西站	昆明南站
TRAIN	C025	C133					2026-05-01T19:25:00	2026-05-02T08:13:00	中国铁路	G5715	二等座	885	8	8	佛山西站	拉萨站
TRAIN	C025	C246					2026-05-01T19:54:00	2026-05-02T03:26:00	中国铁路	G5716	二等座	535	9	9	佛山西站	西安北站
TRAIN	C025	C034					2026-05-01T20:23:00	2026-05-02T05:58:00	中国铁路	G5717	二等座	675	10	10	佛山西站	兰州西站
TRAIN	C025	C245					2026-05-01T05:52:00	2026-05-01T16:18:00	中国铁路	G5718	二等座	730	11	11	佛山西站	西宁站
TRAIN	C025	C279					2026-05-01T06:21:00	2026-05-01T16:40:00	中国铁路	G5719	二等座	725	12	12	佛山西站	银川站
TRAIN	C025	C018					2026-05-01T06:50:00	2026-05-02T00:54:00	中国铁路	G5720	二等座	1245	13	13	佛山西站	乌鲁木齐站
TRAIN	C025	C300					2026-05-01T07:19:00	2026-05-01T08:27:00	中国铁路	G5721	二等座	110	14	14	佛山西站	香港西九龙站
TRAIN	C025	C190					2026-05-01T08:46:00	2026-05-01T09:47:00	中国铁路	G5724	二等座	105	17	17	佛山西站	深圳北站
TRAIN	C025	C050					2026-05-01T09:15:00	2026-05-01T12:31:00	中国铁路	G5725	二等座	260	18	18	佛山西站	厦门北站
TRAIN	C025	C297					2026-05-01T09:44:00	2026-05-01T18:49:00	中国铁路	G5726	二等座	650	19	19	佛山西站	青岛北站
TRAIN	C025	C080					2026-05-01T10:13:00	2026-05-01T21:04:00	中国铁路	G5727	二等座	770	20	20	佛山西站	大连北站
TRAIN	C025	C088					2026-05-01T10:42:00	2026-05-01T17:12:00	中国铁路	G5728	二等座	480	21	21	佛山西站	宁波站
TRAIN	C025	C231					2026-05-01T11:11:00	2026-05-01T17:56:00	中国铁路	G5729	二等座	495	22	22	佛山西站	苏州站
TRAIN	C025	C139					2026-05-01T11:40:00	2026-05-01T18:25:00	中国铁路	G5730	二等座	440	23	23	佛山西站	无锡站
TRAIN	C025	C158					2026-05-01T12:09:00	2026-05-01T14:37:00	中国铁路	G5731	二等座	155	24	24	佛山西站	桂林北站
TRAIN	C025	C002					2026-05-01T12:38:00	2026-05-01T16:33:00	中国铁路	G5732	二等座	255	25	25	佛山西站	三亚站
TRAIN	C025	C119					2026-05-01T13:07:00	2026-05-01T17:27:00	中国铁路	G5733	二等座	285	26	26	佛山西站	张家界西站
TRAIN	C025	C015					2026-05-01T13:36:00	2026-05-01T21:22:00	中国铁路	G5734	二等座	515	27	27	佛山西站	丽江站
TRAIN	C025	C308					2026-05-01T14:34:00	2026-05-01T19:52:00	中国铁路	G5736	二等座	350	29	29	佛山西站	黄山北站
TRAIN	C025	C210					2026-05-01T15:32:00	2026-05-01T16:28:00	中国铁路	G5738	二等座	60	31	31	佛山西站	珠海站
TRAIN	C025	C179					2026-05-01T16:01:00	2026-05-01T23:23:00	中国铁路	G5739	二等座	490	32	32	佛山西站	洛阳龙门站
TRAIN	C025	C077					2026-05-01T16:30:00	2026-05-02T03:07:00	中国铁路	G5740	二等座	710	33	33	佛山西站	大同南站
TRAIN	C025	C070					2026-05-01T17:28:00	2026-05-02T15:03:00	中国铁路	G5742	二等座	1445	35	35	佛山西站	喀什站
TRAIN	C025	C056					2026-05-01T17:57:00	2026-05-02T11:10:00	中国铁路	G5743	二等座	1155	5	5	佛山西站	吐鲁番北站
TRAIN	C025	C292					2026-05-01T18:26:00	2026-05-02T13:52:00	中国铁路	G5744	二等座	1305	6	6	佛山西站	阿勒泰站
TRAIN	C025	C222					2026-05-01T18:55:00	2026-05-02T05:58:00	中国铁路	G5745	二等座	745	7	7	佛山西站	秦皇岛站
TRAIN	C025	C084					2026-05-01T19:24:00	2026-05-02T05:38:00	中国铁路	G5746	二等座	690	8	8	佛山西站	威海站
TRAIN	C025	C176					2026-05-01T19:53:00	2026-05-01T23:32:00	中国铁路	G5747	二等座	250	9	9	佛山西站	泉州站
TRAIN	C025	C129					2026-05-01T20:22:00	2026-05-02T03:18:00	中国铁路	G5748	二等座	470	10	10	佛山西站	扬州东站
TRAIN	C025	C071					2026-05-01T05:51:00	2026-05-01T12:25:00	中国铁路	G5749	二等座	450	11	11	佛山西站	嘉兴南站
TRAIN	C025	C040					2026-05-01T06:20:00	2026-05-01T09:09:00	中国铁路	G5750	二等座	200	12	12	佛山西站	北海站
TRAIN	C025	C147					2026-05-01T06:49:00	2026-05-01T11:33:00	中国铁路	G5751	二等座	330	13	13	佛山西站	景德镇北站
TRAIN	C025	C127					2026-05-01T08:16:00	2026-05-01T09:24:00	中国铁路	G5754	二等座	90	16	16	佛山西站	惠州北站
TRAIN	C025	C205					2026-05-01T09:14:00	2026-05-01T19:17:00	中国铁路	G5756	二等座	690	18	18	佛山西站	烟台站
TRAIN	C025	C192					2026-05-01T10:41:00	2026-05-01T16:09:00	中国铁路	G5759	二等座	385	21	21	佛山西站	温州南站
TRAIN	C192	C039					2026-05-01T15:00:00	2026-05-01T22:50:00	中国铁路	G5830	二等座	560	30	30	温州南站	北京南站
TRAIN	C192	C005					2026-05-01T15:29:00	2026-05-01T17:53:00	中国铁路	G5831	二等座	195	31	31	温州南站	上海虹桥站
TRAIN	C192	C082					2026-05-01T15:58:00	2026-05-01T23:14:00	中国铁路	G5832	二等座	525	32	32	温州南站	天津西站
TRAIN	C192	C272					2026-05-01T16:27:00	2026-05-02T00:19:00	中国铁路	G5833	二等座	565	33	33	温州南站	重庆北站
TRAIN	C192	C220					2026-05-01T16:56:00	2026-05-02T00:06:00	中国铁路	G5834	二等座	520	34	34	温州南站	石家庄站
TRAIN	C192	C083					2026-05-01T17:25:00	2026-05-02T01:00:00	中国铁路	G5835	二等座	550	35	35	温州南站	太原南站
TRAIN	C192	C061					2026-05-01T17:54:00	2026-05-02T03:09:00	中国铁路	G5836	二等座	660	5	5	温州南站	呼和浩特东站
TRAIN	C192	C172					2026-05-01T18:23:00	2026-05-02T03:10:00	中国铁路	G5837	二等座	630	6	6	温州南站	沈阳北站
TRAIN	C192	C283					2026-05-01T18:52:00	2026-05-02T05:00:00	中国铁路	G5838	二等座	720	7	7	温州南站	长春西站
TRAIN	C192	C066					2026-05-01T19:21:00	2026-05-02T06:46:00	中国铁路	G5839	二等座	810	8	8	温州南站	哈尔滨西站
TRAIN	C192	C042					2026-05-01T19:50:00	2026-05-01T22:52:00	中国铁路	G5840	二等座	195	9	9	温州南站	南京南站
TRAIN	C192	C153					2026-05-01T20:19:00	2026-05-01T22:07:00	中国铁路	G5841	二等座	110	10	10	温州南站	杭州东站
TRAIN	C192	C053					2026-05-01T05:48:00	2026-05-01T09:07:00	中国铁路	G5842	二等座	215	11	11	温州南站	合肥南站
TRAIN	C192	C221					2026-05-01T06:17:00	2026-05-01T08:04:00	中国铁路	G5843	二等座	110	12	12	温州南站	福州南站
TRAIN	C192	C046					2026-05-01T06:46:00	2026-05-01T09:45:00	中国铁路	G5844	二等座	195	13	13	温州南站	南昌西站
TRAIN	C192	C180					2026-05-01T07:15:00	2026-05-01T13:10:00	中国铁路	G5845	二等座	390	14	14	温州南站	济南西站
TRAIN	C192	C267					2026-05-01T07:44:00	2026-05-01T13:33:00	中国铁路	G5846	二等座	385	15	15	温州南站	郑州东站
TRAIN	C192	C164					2026-05-01T08:13:00	2026-05-01T12:18:00	中国铁路	G5847	二等座	270	16	16	温州南站	武汉站
TRAIN	C192	C284					2026-05-01T08:42:00	2026-05-01T13:12:00	中国铁路	G5848	二等座	300	17	17	温州南站	长沙南站
TRAIN	C192	C112					2026-05-01T09:11:00	2026-05-01T14:33:00	中国铁路	G5849	二等座	360	18	18	温州南站	广州南站
TRAIN	C192	C044					2026-05-01T09:40:00	2026-05-01T17:24:00	中国铁路	G5850	二等座	520	19	19	温州南站	南宁东站
TRAIN	C192	C184					2026-05-01T10:09:00	2026-05-01T18:00:00	中国铁路	G5851	二等座	525	20	20	温州南站	海口东站
TRAIN	C192	C128					2026-05-01T10:38:00	2026-05-01T19:50:00	中国铁路	G5852	二等座	620	21	21	温州南站	成都东站
TRAIN	C192	C249					2026-05-01T11:07:00	2026-05-01T19:02:00	中国铁路	G5853	二等座	535	22	22	温州南站	贵阳北站
TRAIN	C192	C142					2026-05-01T11:36:00	2026-05-01T21:47:00	中国铁路	G5854	二等座	685	23	23	温州南站	昆明南站
TRAIN	C192	C133					2026-05-01T12:05:00	2026-05-02T03:56:00	中国铁路	G5855	二等座	1065	24	24	温州南站	拉萨站
TRAIN	C192	C246					2026-05-01T12:34:00	2026-05-01T20:04:00	中国铁路	G5856	二等座	510	25	25	温州南站	西安北站
TRAIN	C192	C034					2026-05-01T13:03:00	2026-05-01T23:15:00	中国铁路	G5857	二等座	690	26	26	温州南站	兰州西站
TRAIN	C192	C245					2026-05-01T13:32:00	2026-05-02T00:46:00	中国铁路	G5858	二等座	760	27	27	温州南站	西宁站
TRAIN	C192	C279					2026-05-01T14:01:00	2026-05-01T23:58:00	中国铁路	G5859	二等座	675	28	28	温州南站	银川站
TRAIN	C192	C018					2026-05-01T14:30:00	2026-05-02T09:20:00	中国铁路	G5860	二等座	1270	29	29	温州南站	乌鲁木齐站
TRAIN	C192	C300					2026-05-01T14:59:00	2026-05-01T20:17:00	中国铁路	G5861	二等座	365	30	30	温州南站	香港西九龙站
TRAIN	C192	C190					2026-05-01T16:26:00	2026-05-01T21:41:00	中国铁路	G5864	二等座	365	33	33	温州南站	深圳北站
TRAIN	C192	C050					2026-05-01T16:55:00	2026-05-01T19:51:00	中国铁路	G5865	二等座	210	34	34	温州南站	厦门北站
TRAIN	C192	C297					2026-05-01T17:24:00	2026-05-01T22:39:00	中国铁路	G5866	二等座	365	35	35	温州南站	青岛北站
TRAIN	C192	C080					2026-05-01T17:53:00	2026-05-02T00:50:00	中国铁路	G5867	二等座	485	5	5	温州南站	大连北站
TRAIN	C192	C088					2026-05-01T18:22:00	2026-05-01T20:00:00	中国铁路	G5868	二等座	125	6	6	温州南站	宁波站
TRAIN	C192	C231					2026-05-01T18:51:00	2026-05-01T21:14:00	中国铁路	G5869	二等座	180	7	7	温州南站	苏州站
TRAIN	C192	C139					2026-05-01T19:20:00	2026-05-01T21:51:00	中国铁路	G5870	二等座	190	8	8	温州南站	无锡站
TRAIN	C192	C158					2026-05-01T19:49:00	2026-05-02T02:01:00	中国铁路	G5871	二等座	435	9	9	温州南站	桂林北站
TRAIN	C192	C002					2026-05-01T20:18:00	2026-05-02T05:10:00	中国铁路	G5872	二等座	615	10	10	温州南站	三亚站
TRAIN	C192	C119					2026-05-01T05:47:00	2026-05-01T11:35:00	中国铁路	G5873	二等座	410	11	11	温州南站	张家界西站
TRAIN	C192	C015					2026-05-01T06:16:00	2026-05-01T17:32:00	中国铁路	G5874	二等座	780	12	12	温州南站	丽江站
TRAIN	C192	C308					2026-05-01T07:14:00	2026-05-01T09:14:00	中国铁路	G5876	二等座	160	14	14	温州南站	黄山北站
TRAIN	C192	C210					2026-05-01T08:12:00	2026-05-01T13:45:00	中国铁路	G5878	二等座	400	16	16	温州南站	珠海站
TRAIN	C192	C179					2026-05-01T08:41:00	2026-05-01T14:52:00	中国铁路	G5879	二等座	445	17	17	温州南站	洛阳龙门站
TRAIN	C192	C077					2026-05-01T09:10:00	2026-05-01T17:40:00	中国铁路	G5880	二等座	600	18	18	温州南站	大同南站
TRAIN	C192	C070					2026-05-01T10:08:00	2026-05-02T09:32:00	中国铁路	G5882	二等座	1600	20	20	温州南站	喀什站
TRAIN	C192	C056					2026-05-01T10:37:00	2026-05-02T04:37:00	中国铁路	G5883	二等座	1240	21	21	温州南站	吐鲁番北站
TRAIN	C192	C292					2026-05-01T11:06:00	2026-05-02T06:40:00	中国铁路	G5884	二等座	1345	22	22	温州南站	阿勒泰站
TRAIN	C192	C222					2026-05-01T11:35:00	2026-05-01T19:09:00	中国铁路	G5885	二等座	540	23	23	温州南站	秦皇岛站
TRAIN	C192	C084					2026-05-01T12:04:00	2026-05-01T18:13:00	中国铁路	G5886	二等座	450	24	24	温州南站	威海站
TRAIN	C192	C176					2026-05-01T12:33:00	2026-05-01T15:07:00	中国铁路	G5887	二等座	210	25	25	温州南站	泉州站
TRAIN	C192	C129					2026-05-01T13:02:00	2026-05-01T16:09:00	中国铁路	G5888	二等座	245	26	26	温州南站	扬州东站
TRAIN	C192	C071					2026-05-01T13:31:00	2026-05-01T15:35:00	中国铁路	G5889	二等座	175	27	27	温州南站	嘉兴南站
TRAIN	C192	C040					2026-05-01T14:00:00	2026-05-01T21:48:00	中国铁路	G5890	二等座	560	28	28	温州南站	北海站
TRAIN	C192	C147					2026-05-01T14:29:00	2026-05-01T16:53:00	中国铁路	G5891	二等座	200	29	29	温州南站	景德镇北站
TRAIN	C192	C127					2026-05-01T15:56:00	2026-05-01T20:49:00	中国铁路	G5894	二等座	370	32	32	温州南站	惠州北站
TRAIN	C192	C205					2026-05-01T16:54:00	2026-05-01T22:59:00	中国铁路	G5896	二等座	400	34	34	温州南站	烟台站
TRAIN	C192	C025					2026-05-01T17:23:00	2026-05-01T22:51:00	中国铁路	G5897	二等座	360	35	35	温州南站	佛山西站
